time,altitude,airspeed,pitch,altitudeError,airspeedError,elevatorCmd,throttleCmd,stability
0,35000.00112,466.715984,0,0.0011200000008102506,6.715983999999992,-0.1,0.8,0
0.5,35004.40618032998,467.14324189940794,-0.24436793704337365,4.40618032997736,7.14324189940794,-0.1,0.8,0
1.5000000000000002,35032.16270655776,468.81161516669005,-1.9066186950886697,32.16270655776316,8.811615166690046,-0.1,0.8,0
2.0000000000000004,35054.52384120168,470.26183577044054,-3.2963948164839687,54.52384120167699,10.261835770440541,-0.001,0.804,1.577421989060824
2.500000000000001,35082.88573217525,472.2157838590649,-4.799674856191825,82.88573217525118,12.215783859064913,-0.006,0.809088865700929,2.063601525552109
3.0000000000000013,35120.07863630274,475.13022022408626,-6.267178962087404,120.07863630273641,15.130220224086258,-0.008445818939772035,0.8163992898997467,2.732386171741566
3.5000000000000018,35170.01651992269,479.5186082343824,-7.712551491968161,170.01651992269035,19.518608234382384,-0.011386109591073166,0.8270380707823495,3.6772618983706113
4.000000000000002,35237.217034923575,486.08843204609343,-9.149844425031175,237.21703492357483,26.08843204609343,-0.015285743523891863,0.8426031530757441,5.015174600248126
4.5,35324.93583572043,495.17526696311046,-10.597372498153412,324.9358357204328,35.17526696311046,-0.01953069815890513,0.8640114469815519,6.810692082254542