time_s,phase,airspeed_kts,groundSpeed_kts,altitude_ft,verticalSpeed_fpm,pitch_deg,roll_deg,yaw_deg,alpha_deg,stallAlpha_deg,stallSpeed_kts,stallWarning,stall,pitchRate_deg_s,rollRate_deg_s,yawRate_deg_s,ctrlElevator,ctrlAileron,ctrlRudder,ctrlThrottle,effElevator,effAileron,effRudder,motionEnabled,eng1_n1,eng2_n1,eng1_egt,eng2_egt,eng1_failed,eng2_failed,eng1_fire,eng2_fire,hydPressA_psi,hydPressB_psi,elecVolts,onGround
-0.02,climb_cruise,449.9,449.9,34999.9,-42,0.20,-0.00,360.00,0.17,15.0,125.0,0,0,3.56,-0.00,-0.00,0.000,0.000,0.000,1.000,1.000,1.000,1.000,1,84.4,84.4,763,763,0,0,0,0,3000,3000,114,0
0.00,climb_cruise,449.9,449.9,34999.9,-49,0.26,-0.00,359.97,0.31,15.0,125.0,0,0,3.29,-0.34,-3.22,-0.005,0.000,0.000,1.000,1.000,1.000,1.000,1,54.9,84.3,763,763,1,0,1,0,1816,2216,115,0
0.02,climb_cruise,449.9,449.9,34999.9,-56,0.33,-0.01,359.89,0.39,15.0,125.0,0,0,3.27,-0.99,-5.84,-0.010,0.001,0.000,1.000,1.000,1.000,1.000,1,54.8,84.3,763,764,1,0,1,0,1816,2216,115,0
0.04,climb_cruise,449.9,449.9,34999.8,-62,0.40,-0.03,359.75,0.46,15.0,125.0,0,0,3.55,-1.25,-7.89,-0.015,0.005,0.001,1.000,1.000,1.000,1.000,1,54.7,84.2,763,764,1,0,1,0,1816,2216,115,0
0.06,climb_cruise,449.9,449.9,34999.8,-68,0.47,-0.06,359.58,0.54,15.0,125.0,0,0,3.92,-0.95,-9.38,-0.019,0.011,0.001,1.000,1.000,1.000,1.000,1,54.6,84.2,763,765,1,0,1,0,1816,2216,114,0
0.08,climb_cruise,449.8,449.8,34999.8,-74,0.55,-0.07,359.39,0.63,15.0,125.0,0,0,4.26,-0.12,-10.34,-0.022,0.019,0.003,1.000,1.000,1.000,1.000,1,54.5,84.1,763,765,1,0,1,0,1816,2216,116,0
0.10,climb_cruise,449.8,449.8,34999.8,-79,0.64,-0.06,359.18,0.72,15.0,125.0,0,0,4.47,1.07,-10.81,-0.024,0.027,0.005,1.000,1.000,1.000,1.000,1,54.3,84.1,763,766,1,0,1,0,1816,2216,115,0
0.12,climb_cruise,449.8,449.8,34999.7,-84,0.73,-0.03,358.96,0.82,15.0,125.0,0,0,4.47,2.50,-10.84,-0.024,0.036,0.007,1.000,1.000,1.000,1.000,1,54.2,84.1,763,766,1,0,1,0,1816,2216,115,0
0.14,climb_cruise,449.8,449.8,34999.7,-87,0.82,0.04,358.74,0.91,15.0,125.0,0,0,4.22,4.01,-10.46,-0.023,0.044,0.010,1.000,1.000,1.000,1.000,1,54.1,84.1,763,767,1,0,1,0,1816,2216,115,0
0.16,climb_cruise,449.7,449.7,34999.7,-91,0.90,0.13,358.54,0.99,15.0,125.0,0,0,3.73,5.51,-9.74,-0.021,0.051,0.013,1.000,1.000,1.000,1.000,1,54.0,84.1,763,767,1,0,1,0,1816,2216,115,0
0.18,climb_cruise,449.7,449.7,34999.6,-94,0.97,0.25,358.35,1.07,15.0,125.0,0,0,3.01,6.91,-8.75,-0.019,0.058,0.016,1.000,1.000,1.000,1.000,1,53.9,84.1,763,768,1,0,1,0,1816,2216,115,0
0.20,climb_cruise,449.7,449.7,34999.6,-96,1.02,0.40,358.19,1.12,15.0,125.0,0,0,2.10,8.12,-7.53,-0.017,0.062,0.019,1.000,1.000,1.000,1.000,1,53.8,84.1,763,768,1,0,1,0,1816,2216,116,0
0.22,climb_cruise,449.7,449.7,34999.6,-98,1.06,0.57,358.05,1.16,15.0,125.0,0,0,1.06,9.11,-6.17,-0.014,0.066,0.022,1.000,1.000,1.000,1.000,1,53.7,84.1,763,768,1,0,1,0,1816,2216,114,0
0.24,climb_cruise,449.6,449.6,34999.5,-100,1.07,0.75,357.94,1.17,15.0,125.0,0,0,-0.02,9.82,-4.71,-0.011,0.067,0.025,1.000,1.000,1.000,1.000,1,53.6,84.2,763,769,1,0,1,0,1816,2216,115,0
0.26,climb_cruise,449.6,449.6,34999.5,-102,1.06,0.95,357.86,1.16,15.0,125.0,0,0,-1.08,10.24,-3.23,-0.009,0.068,0.028,1.000,1.000,1.000,1.000,1,53.5,84.2,763,769,1,0,1,0,1816,2216,114,0
0.28,climb_cruise,449.6,449.6,34999.5,-104,1.03,1.16,357.80,1.13,15.0,125.0,0,0,-2.01,10.35,-1.78,-0.007,0.066,0.030,1.000,1.000,1.000,1.000,1,53.4,84.3,763,770,1,0,1,0,1816,2216,115,0
0.30,climb_cruise,449.6,449.6,34999.4,-106,0.99,1.36,357.78,1.08,15.0,125.0,0,0,-2.77,10.15,-0.42,-0.006,0.064,0.032,1.000,1.000,1.000,1.000,1,53.3,84.3,763,770,1,0,1,0,1816,2216,116,0
0.32,climb_cruise,449.5,449.5,34999.4,-108,0.93,1.56,357.78,1.02,15.0,125.0,0,0,-3.27,9.66,0.83,-0.006,0.060,0.033,1.000,1.000,1.000,1.000,1,53.2,84.4,763,771,1,0,1,0,1816,2216,114,0
0.34,climb_cruise,449.5,449.5,34999.4,-111,0.86,1.74,357.80,0.95,15.0,125.0,0,0,-3.48,8.90,1.91,-0.007,0.055,0.034,1.000,1.000,1.000,1.000,1,53.1,84.4,763,771,1,0,1,0,1816,2216,115,0
0.36,climb_cruise,449.5,449.5,34999.3,-115,0.79,1.91,357.84,0.88,15.0,125.0,0,0,-3.37,7.92,2.81,-0.009,0.049,0.035,1.000,1.000,1.000,1.000,1,52.9,84.5,763,771,1,0,1,0,1816,2216,115,0
0.38,climb_cruise,449.5,449.5,34999.3,-119,0.72,2.06,357.90,0.81,15.0,125.0,0,0,-2.94,6.74,3.50,-0.011,0.043,0.035,1.000,1.000,1.000,1.000,1,52.8,84.6,763,772,1,0,1,0,1816,2216,114,0
0.40,climb_cruise,449.4,449.4,34999.3,-123,0.67,2.18,357.98,0.75,15.0,125.0,0,0,-2.23,5.42,3.98,-0.014,0.037,0.035,1.000,1.000,1.000,1.000,1,52.7,84.6,763,772,1,0,1,0,1816,2216,116,0
0.42,climb_cruise,449.4,449.4,34999.2,-128,0.63,2.28,358.06,0.72,15.0,125.0,0,0,-1.27,4.01,4.26,-0.018,0.030,0.034,1.000,1.000,1.000,1.000,1,52.6,84.7,763,773,1,0,1,0,1816,2216,115,0
0.44,climb_cruise,449.4,449.4,34999.2,-133,0.61,2.34,358.14,0.70,15.0,125.0,0,0,-0.13,2.56,4.33,-0.022,0.024,0.033,1.000,1.000,1.000,1.000,1,52.5,84.8,763,773,1,0,1,0,1816,2216,115,0
0.46,climb_cruise,449.4,449.4,34999.1,-138,0.61,2.38,358.23,0.71,15.0,125.0,0,0,1.09,1.13,4.21,-0.026,0.018,0.032,1.000,1.000,1.000,1.000,1,52.4,84.9,763,773,1,0,1,0,1816,2216,114,0
0.48,climb_cruise,449.3,449.3,34999.1,-143,0.64,2.39,358.31,0.74,15.0,125.0,0,0,2.31,-0.25,3.93,-0.030,0.012,0.030,1.000,1.000,1.000,1.000,1,52.3,85.0,763,774,1,0,1,0,1816,2216,116,0
0.50,climb_cruise,449.3,449.3,34999.0,-147,0.69,2.37,358.39,0.80,15.0,125.0,0,0,3.43,-1.53,3.51,-0.033,0.007,0.029,1.000,1.000,1.000,1.000,1,52.2,85.1,763,774,1,0,1,0,1816,2216,115,0
0.52,climb_cruise,449.3,449.3,34999.0,-152,0.77,2.33,358.46,0.88,15.0,125.0,0,0,4.37,-2.69,2.97,-0.035,0.003,0.027,1.000,1.000,1.000,1.000,1,52.1,85.2,763,775,1,0,1,0,1816,2216,115,0
0.54,climb_cruise,449.3,449.3,34998.9,-155,0.86,2.27,358.52,0.97,15.0,125.0,0,0,5.04,-3.69,2.35,-0.036,-0.001,0.025,1.000,1.000,1.000,1.000,1,52.0,85.3,763,775,1,0,1,0,1816,2216,114,0
0.56,climb_cruise,449.2,449.2,34998.9,-159,0.96,2.19,358.56,1.08,15.0,125.0,0,0,5.38,-4.53,1.67,-0.036,-0.003,0.024,1.000,1.000,1.000,1.000,1,51.9,85.4,763,775,1,0,1,0,1816,2216,114,0
0.58,climb_cruise,449.2,449.2,34998.8,-161,1.07,2.09,358.59,1.20,15.0,125.0,0,0,5.36,-5.18,0.97,-0.035,-0.005,0.022,1.000,1.000,1.000,1.000,1,51.8,85.5,763,776,1,0,1,0,1816,2216,116,0
0.60,climb_cruise,449.2,449.2,34998.7,-163,1.17,1.99,358.61,1.31,15.0,125.0,0,0,4.96,-5.64,0.26,-0.033,-0.005,0.021,1.000,1.000,1.000,1.000,1,51.7,85.6,763,776,1,0,1,0,1816,2216,116,0
0.62,climb_cruise,449.2,449.2,34998.7,-164,1.26,1.87,358.61,1.41,15.0,125.0,0,0,4.20,-5.91,-0.41,-0.030,-0.005,0.020,1.000,1.000,1.000,1.000,1,51.6,85.7,763,776,1,0,1,0,1816,2216,115,0
0.64,climb_cruise,449.1,449.1,34998.6,-164,1.34,1.75,358.60,1.49,15.0,125.0,0,0,3.13,-5.99,-1.04,-0.026,-0.004,0.019,1.000,1.000,1.000,1.000,1,51.5,85.9,763,777,1,0,1,0,1816,2216,114,0
0.66,climb_cruise,449.1,449.1,34998.6,-164,1.39,1.63,358.58,1.55,15.0,125.0,0,0,1.82,-5.90,-1.60,-0.022,-0.002,0.018,1.000,1.000,1.000,1.000,1,51.4,86.0,763,777,1,0,1,0,1816,2216,115,0
0.68,climb_cruise,449.1,449.1,34998.5,-164,1.42,1.52,358.54,1.58,15.0,125.0,0,0,0.36,-5.64,-2.09,-0.018,0.000,0.018,1.000,1.000,1.000,1.000,1,51.3,86.1,763,777,1,0,1,0,1816,2216,115,0
0.70,climb_cruise,449.1,449.1,34998.5,-163,1.41,1.41,358.50,1.59,15.0,125.0,0,0,-1.13,-5.24,-2.48,-0.014,0.003,0.018,1.000,1.000,1.000,1.000,1,51.2,86.2,763,778,1,0,1,0,1816,2216,115,0
0.72,climb_cruise,449.0,449.0,34998.4,-163,1.38,1.31,358.45,1.56,15.0,125.0,0,0,-2.56,-4.70,-2.77,-0.011,0.006,0.018,1.000,1.000,1.000,1.000,1,51.1,86.3,763,778,1,0,1,0,1816,2216,116,0
0.74,climb_cruise,449.0,449.0,34998.4,-162,1.32,1.22,358.39,1.50,15.0,125.0,0,0,-3.80,-4.07,-2.97,-0.008,0.010,0.018,1.000,1.000,1.000,1.000,1,51.0,86.5,763,778,1,0,1,0,1816,2216,114,0
0.76,climb_cruise,449.0,449.0,34998.3,-162,1.24,1.14,358.32,1.43,15.0,125.0,0,0,-4.76,-3.36,-3.06,-0.007,0.013,0.018,1.000,1.000,1.000,1.000,1,50.9,86.6,763,779,1,0,1,0,1816,2216,115,0
0.78,climb_cruise,449.0,449.0,34998.3,-163,1.14,1.08,358.26,1.33,15.0,125.0,0,0,-5.35,-2.61,-3.06,-0.007,0.017,0.019,1.000,1.000,1.000,1.000,1,50.8,86.7,763,779,1,0,1,0,1816,2216,114,0
0.80,climb_cruise,448.9,448.9,34998.2,-164,1.03,1.04,358.20,1.23,15.0,125.0,0,0,-5.52,-1.84,-2.98,-0.009,0.020,0.019,1.000,1.000,1.000,1.000,1,50.7,86.8,763,779,1,0,1,0,1816,2216,115,0
0.82,climb_cruise,448.9,448.9,34998.2,-166,0.92,1.01,358.14,1.12,15.0,125.0,0,0,-5.24,-1.08,-2.81,-0.012,0.023,0.020,1.000,1.000,1.000,1.000,1,50.6,87.0,763,780,1,0,1,0,1816,2216,115,0
0.84,climb_cruise,448.9,448.9,34998.1,-169,0.82,0.99,358.08,1.02,15.0,125.0,0,0,-4.51,-0.36,-2.58,-0.016,0.026,0.021,1.000,1.000,1.000,1.000,1,50.5,87.1,763,780,1,0,1,0,1816,2216,114,0
0.86,climb_cruise,448.9,448.9,34998.0,-172,0.74,0.99,358.03,0.94,15.0,125.0,0,0,-3.39,0.30,-2.30,-0.020,0.029,0.022,1.000,1.000,1.000,1.000,1,50.4,87.2,763,780,1,0,1,0,1816,2216,115,0
0.88,climb_cruise,448.8,448.8,34998.0,-176,0.69,1.00,357.99,0.88,15.0,125.0,0,0,-1.94,0.88,-1.98,-0.026,0.031,0.022,1.000,1.000,1.000,1.000,1,50.3,87.3,763,781,1,0,1,0,1816,2216,115,0
0.90,climb_cruise,448.8,448.8,34997.9,-180,0.67,1.02,357.95,0.86,15.0,125.0,0,0,-0.26,1.37,-1.63,-0.031,0.032,0.023,1.000,1.000,1.000,1.000,1,50.2,87.5,763,781,1,0,1,0,1816,2216,116,0
0.92,climb_cruise,448.8,448.8,34997.9,-184,0.68,1.05,357.92,0.86,15.0,125.0,0,0,1.53,1.76,-1.28,-0.037,0.033,0.024,1.000,1.000,1.000,1.000,1,50.1,87.6,763,781,1,0,1,0,1816,2216,115,0
0.94,climb_cruise,448.8,448.8,34997.8,-189,0.72,1.09,357.90,0.91,15.0,125.0,0,0,3.28,2.04,-0.93,-0.041,0.034,0.024,1.000,1.000,1.000,1.000,1,50.0,87.7,763,781,1,0,1,0,1816,2216,115,0
0.96,climb_cruise,448.8,448.8,34997.7,-193,0.80,1.13,357.88,0.98,15.0,125.0,0,0,4.87,2.23,-0.60,-0.045,0.034,0.025,1.000,1.000,1.000,1.000,1,49.9,87.9,763,782,1,0,1,0,1816,2216,114,0
0.98,climb_cruise,448.7,448.7,34997.7,-196,0.91,1.18,357.88,1.09,15.0,125.0,0,0,6.17,2.32,-0.30,-0.048,0.034,0.025,1.000,1.000,1.000,1.000,1,49.8,88.0,763,782,1,0,1,0,1816,2216,114,0
1.00,climb_cruise,448.7,448.7,34997.6,-199,1.04,1.23,357.88,1.22,15.0,125.0,0,0,7.08,2.33,-0.03,-0.049,0.034,0.026,1.000,1.000,1.000,1.000,1,49.7,88.1,763,782,1,0,1,0,1816,2216,115,0
1.02,climb_cruise,448.7,448.7,34997.5,-201,1.19,1.27,357.88,1.36,15.0,125.0,0,0,7.50,2.27,0.20,-0.048,0.033,0.026,1.000,1.000,1.000,1.000,1,49.6,88.2,763,783,1,0,1,0,1816,2216,115,0
1.04,climb_cruise,448.7,448.7,34997.4,-201,1.34,1.32,357.89,1.51,15.0,125.0,0,0,7.40,2.14,0.39,-0.046,0.032,0.026,1.000,1.000,1.000,1.000,1,49.5,88.4,763,783,1,0,1,0,1816,2216,115,0
1.06,climb_cruise,448.6,448.6,34997.4,-201,1.48,1.36,357.90,1.66,15.0,125.0,0,0,6.77,1.96,0.53,-0.042,0.031,0.026,1.000,1.000,1.000,1.000,1,49.4,88.5,763,783,1,0,1,0,1816,2216,115,0
1.08,climb_cruise,448.6,448.6,34997.3,-200,1.60,1.39,357.92,1.78,15.0,125.0,0,0,5.63,1.74,0.62,-0.037,0.030,0.026,1.000,1.000,1.000,1.000,1,49.3,88.6,763,783,1,0,1,0,1816,2216,116,0
1.10,climb_cruise,448.6,448.6,34997.2,-199,1.70,1.43,357.93,1.89,15.0,125.0,0,0,4.07,1.51,0.66,-0.032,0.029,0.026,1.000,1.000,1.000,1.000,1,49.2,88.8,763,784,1,0,1,0,1816,2216,115,0
1.12,climb_cruise,448.6,448.6,34997.2,-196,1.77,1.46,357.95,1.96,15.0,125.0,0,0,2.18,1.26,0.66,-0.026,0.028,0.026,1.000,1.000,1.000,1.000,1,49.1,88.9,763,784,1,0,1,0,1816,2216,115,0
1.14,climb_cruise,448.5,448.5,34997.1,-193,1.80,1.48,357.96,1.99,15.0,125.0,0,0,0.11,1.02,0.62,-0.020,0.027,0.026,1.000,1.000,1.000,1.000,1,49.0,89.0,763,784,1,0,1,0,1816,2216,114,0
1.16,climb_cruise,448.5,448.5,34997.0,-190,1.78,1.50,357.97,1.97,15.0,125.0,0,0,-1.99,0.79,0.54,-0.014,0.026,0.026,1.000,1.000,1.000,1.000,1,48.9,89.1,763,784,1,0,1,0,1816,2216,116,0
1.18,climb_cruise,448.5,448.5,34997.0,-187,1.72,1.51,357.98,1.92,15.0,125.0,0,0,-3.97,0.58,0.44,-0.010,0.025,0.025,1.000,1.000,1.000,1.000,1,48.8,89.3,763,785,1,0,1,0,1816,2216,114,0
1.20,climb_cruise,448.5,448.5,34996.9,-185,1.63,1.52,357.98,1.83,15.0,125.0,0,0,-5.67,0.40,0.31,-0.007,0.025,0.025,1.000,1.000,1.000,1.000,1,48.7,89.4,763,785,1,0,1,0,1816,2216,115,0
1.22,climb_cruise,448.4,448.4,34996.9,-183,1.51,1.53,357.99,1.71,15.0,125.0,0,0,-6.95,0.26,0.17,-0.005,0.024,0.025,1.000,1.000,1.000,1.000,1,48.6,89.5,763,785,1,0,1,0,1816,2216,114,0
1.24,climb_cruise,448.4,448.4,34996.8,-182,1.36,1.53,357.98,1.57,15.0,125.0,0,0,-7.70,0.15,0.01,-0.005,0.024,0.024,1.000,1.000,1.000,1.000,1,48.5,89.7,763,785,1,0,1,0,1816,2216,114,0
1.26,climb_cruise,448.4,448.4,34996.8,-183,1.20,1.53,357.98,1.41,15.0,125.0,0,0,-7.84,0.10,-0.14,-0.008,0.024,0.024,1.000,1.000,1.000,1.000,1,48.4,89.8,763,786,1,0,1,0,1816,2216,116,0
1.28,climb_cruise,448.4,448.4,34996.7,-184,1.05,1.54,357.97,1.26,15.0,125.0,0,0,-7.36,0.07,-0.30,-0.012,0.025,0.024,1.000,1.000,1.000,1.000,1,48.3,89.9,763,786,1,0,1,0,1816,2216,116,0
1.30,climb_cruise,448.3,448.3,34996.6,-186,0.91,1.54,357.96,1.12,15.0,125.0,0,0,-6.27,0.07,-0.45,-0.017,0.025,0.024,1.000,1.000,1.000,1.000,1,48.2,90.0,763,786,1,0,1,0,1816,2216,115,0
1.32,climb_cruise,448.3,448.3,34996.6,-189,0.80,1.54,357.95,1.00,15.0,125.0,0,0,-4.64,0.10,-0.58,-0.024,0.025,0.024,1.000,1.000,1.000,1.000,1,48.1,90.2,763,786,1,0,1,0,1816,2216,115,0
1.34,climb_cruise,448.3,448.3,34996.5,-193,0.72,1.54,357.93,0.92,15.0,125.0,0,0,-2.57,0.15,-0.69,-0.031,0.026,0.024,1.000,1.000,1.000,1.000,1,48.0,90.3,763,786,1,0,1,0,1816,2216,116,0
1.36,climb_cruise,448.3,448.3,34996.5,-197,0.69,1.55,357.92,0.89,15.0,125.0,0,0,-0.21,0.22,-0.79,-0.039,0.026,0.024,1.000,1.000,1.000,1.000,1,47.9,90.4,763,787,1,0,1,0,1816,2216,115,0
1.38,climb_cruise,448.3,448.3,34996.4,-201,0.71,1.55,357.90,0.90,15.0,125.0,0,0,2.26,0.28,-0.87,-0.046,0.027,0.024,1.000,1.000,1.000,1.000,1,47.8,90.5,763,787,1,0,1,0,1816,2216,116,0
1.40,climb_cruise,448.2,448.2,34996.3,-205,0.78,1.56,357.89,0.96,15.0,125.0,0,0,4.66,0.35,-0.92,-0.052,0.028,0.024,1.000,1.000,1.000,1.000,1,47.7,90.6,763,787,1,0,1,0,1816,2216,114,0
1.42,climb_cruise,448.2,448.2,34996.3,-209,0.89,1.56,357.87,1.07,15.0,125.0,0,0,6.80,0.40,-0.95,-0.057,0.028,0.024,1.000,1.000,1.000,1.000,1,47.6,90.8,763,787,1,0,1,0,1816,2216,115,0
1.44,climb_cruise,448.2,448.2,34996.2,-212,1.04,1.57,357.86,1.21,15.0,125.0,0,0,8.51,0.44,-0.95,-0.060,0.028,0.024,1.000,1.000,1.000,1.000,1,47.5,90.9,763,788,1,0,1,0,1816,2216,115,0
1.46,climb_cruise,448.2,448.2,34996.1,-214,1.22,1.58,357.84,1.39,15.0,125.0,0,0,9.65,0.48,-0.94,-0.060,0.029,0.025,1.000,1.000,1.000,1.000,1,47.4,91.0,763,788,1,0,1,0,1816,2216,114,0
1.48,climb_cruise,448.2,448.2,34996.0,-215,1.42,1.59,357.83,1.59,15.0,125.0,0,0,10.11,0.49,-0.91,-0.059,0.029,0.025,1.000,1.000,1.000,1.000,1,47.3,91.1,763,788,1,0,1,0,1816,2216,115,0
1.50,climb_cruise,448.1,448.1,34995.9,-215,1.62,1.60,357.82,1.79,15.0,125.0,0,0,9.84,0.50,-0.86,-0.056,0.029,0.025,1.000,1.000,1.000,1.000,1,47.2,91.2,763,788,1,0,1,0,1816,2216,114,0
1.52,climb_cruise,448.1,448.1,34995.8,-213,1.81,1.61,357.80,1.98,15.0,125.0,0,0,8.84,0.51,-0.79,-0.050,0.029,0.025,1.000,1.000,1.000,1.000,1,47.1,91.4,763,788,1,0,1,0,1816,2216,116,0
1.54,climb_cruise,448.1,448.1,34995.8,-210,1.97,1.62,357.79,2.14,15.0,125.0,0,0,7.16,0.51,-0.72,-0.043,0.030,0.026,1.000,1.000,1.000,1.000,1,47.1,91.5,763,789,1,0,1,0,1816,2216,115,0
1.56,climb_cruise,448.1,448.1,34995.7,-206,2.10,1.63,357.78,2.27,15.0,125.0,0,0,4.91,0.51,-0.64,-0.035,0.030,0.026,1.000,1.000,1.000,1.000,1,47.0,91.6,763,789,1,0,1,0,1816,2216,114,0
1.58,climb_cruise,448.0,448.0,34995.6,-201,2.17,1.64,357.77,2.35,15.0,125.0,0,0,2.24,0.52,-0.56,-0.027,0.030,0.026,1.000,1.000,1.000,1.000,1,46.9,91.7,763,789,1,0,1,0,1816,2216,116,0
1.60,climb_cruise,448.0,448.0,34995.6,-196,2.20,1.65,357.76,2.38,15.0,125.0,0,0,-0.64,0.54,-0.47,-0.018,0.030,0.026,1.000,1.000,1.000,1.000,1,46.8,91.8,763,789,1,0,1,0,1816,2216,114,0
1.62,climb_cruise,448.0,448.0,34995.5,-191,2.16,1.66,357.75,2.35,15.0,125.0,0,0,-3.53,0.56,-0.39,-0.011,0.030,0.027,1.000,1.000,1.000,1.000,1,46.7,91.9,763,789,1,0,1,0,1816,2216,114,0
1.64,climb_cruise,448.0,448.0,34995.4,-186,2.07,1.67,357.74,2.26,15.0,125.0,0,0,-6.21,0.59,-0.32,-0.005,0.030,0.027,1.000,1.000,1.000,1.000,1,46.6,92.0,763,789,1,0,1,0,1816,2216,115,0
1.66,climb_cruise,447.9,447.9,34995.4,-181,1.92,1.68,357.73,2.12,15.0,125.0,0,0,-8.46,0.63,-0.25,-0.000,0.030,0.027,1.000,1.000,1.000,1.000,1,46.5,92.2,763,790,1,0,1,0,1816,2216,114,0
1.68,climb_cruise,447.9,447.9,34995.3,-178,1.74,1.70,357.72,1.94,15.0,125.0,0,0,-10.10,0.67,-0.19,0.001,0.030,0.027,1.000,1.000,1.000,1.000,1,46.4,92.3,763,790,1,0,1,0,1816,2216,115,0
1.70,climb_cruise,447.9,447.9,34995.3,-176,1.53,1.71,357.71,1.73,15.0,125.0,0,0,-10.99,0.71,-0.14,0.001,0.030,0.027,1.000,1.000,1.000,1.000,1,46.3,92.4,763,790,1,0,1,0,1816,2216,116,0
1.72,climb_cruise,447.9,447.9,34995.2,-175,1.31,1.72,357.71,1.50,15.0,125.0,0,0,-11.04,0.74,-0.10,-0.003,0.030,0.027,1.000,1.000,1.000,1.000,1,46.2,92.5,763,790,1,0,1,0,1816,2216,115,0
1.74,climb_cruise,447.8,447.8,34995.2,-176,1.09,1.74,357.70,1.29,15.0,125.0,0,0,-10.21,0.77,-0.07,-0.009,0.030,0.027,1.000,1.000,1.000,1.000,1,46.1,92.6,763,790,1,0,1,0,1816,2216,116,0
1.76,climb_cruise,447.8,447.8,34995.1,-178,0.90,1.75,357.69,1.09,15.0,125.0,0,0,-8.56,0.78,-0.06,-0.016,0.030,0.028,1.000,1.000,1.000,1.000,1,46.0,92.7,763,791,1,0,1,0,1816,2216,115,0
1.78,climb_cruise,447.8,447.8,34995.1,-181,0.74,1.72,357.67,0.93,15.0,125.0,0,0,-7.89,-4.29,-1.54,-0.026,0.030,0.028,1.000,0.100,0.100,0.100,1,45.9,92.8,763,791,1,0,1,0,632,1432,115,0
1.80,climb_cruise,447.8,447.8,34995.0,-185,0.59,1.62,357.63,0.78,15.0,125.0,0,0,-6.96,-6.44,-2.78,-0.035,0.031,0.028,1.000,0.100,0.100,0.100,1,45.8,92.9,763,791,1,0,1,0,16,648,116,0
1.82,climb_cruise,447.8,447.8,34995.0,-190,0.46,1.48,357.56,0.66,15.0,125.0,0,0,-5.86,-7.51,-3.77,-0.046,0.033,0.028,1.000,0.100,0.100,0.100,1,45.8,93.0,763,791,1,0,1,0,16,16,116,0
1.84,climb_cruise,447.7,447.7,34994.9,-196,0.35,1.32,357.47,0.56,15.0,125.0,0,0,-4.67,-8.15,-4.53,-0.056,0.037,0.028,1.000,0.100,0.100,0.100,1,45.7,93.1,763,791,1,0,1,0,16,16,115,0
1.86,climb_cruise,447.7,447.7,34994.9,-202,0.27,1.15,357.38,0.49,15.0,125.0,0,0,-3.45,-8.60,-5.09,-0.066,0.042,0.029,1.000,0.100,0.100,0.100,1,45.6,93.2,763,791,1,0,1,0,16,16,114,0
1.88,climb_cruise,447.7,447.7,34994.8,-208,0.21,0.98,357.27,0.44,15.0,125.0,0,0,-2.26,-8.95,-5.46,-0.076,0.047,0.030,1.000,0.100,0.100,0.100,1,45.5,93.3,763,792,1,0,1,0,16,16,116,0
1.90,climb_cruise,447.7,447.7,34994.7,-215,0.18,0.80,357.16,0.41,15.0,125.0,0,0,-1.15,-9.24,-5.67,-0.086,0.053,0.031,1.000,0.100,0.100,0.100,1,45.4,93.4,763,792,1,0,1,0,16,16,115,0
1.92,climb_cruise,447.7,447.7,34994.7,-221,0.17,0.61,357.05,0.41,15.0,125.0,0,0,-0.16,-9.48,-5.73,-0.094,0.059,0.032,1.000,0.100,0.100,0.100,1,45.3,93.5,763,792,1,0,1,0,16,16,115,0
1.94,climb_cruise,447.7,447.7,34994.6,-228,0.17,0.42,356.93,0.43,15.0,125.0,0,0,0.70,-9.68,-5.66,-0.102,0.066,0.034,1.000,0.100,0.100,0.100,1,45.2,93.6,763,792,1,0,1,0,16,16,115,0
1.96,climb_cruise,447.6,447.6,34994.5,-235,0.19,0.22,356.82,0.47,15.0,125.0,0,0,1.39,-9.85,-5.49,-0.108,0.072,0.035,1.000,0.100,0.100,0.100,1,45.1,93.7,763,792,1,0,1,0,16,16,115,0
1.98,climb_cruise,447.6,447.6,34994.4,-241,0.23,0.03,356.71,0.52,15.0,125.0,0,0,1.92,-9.98,-5.24,-0.114,0.079,0.037,1.000,0.100,0.100,0.100,1,45.0,93.8,763,792,1,0,1,0,16,16,115,0
2.00,climb_cruise,447.6,447.6,34994.3,-247,0.27,-0.17,356.61,0.58,15.0,125.0,0,0,2.28,-10.07,-4.92,-0.118,0.085,0.039,1.000,0.100,0.100,0.100,1,44.9,93.9,763,792,1,0,1,0,16,16,115,0
2.02,climb_cruise,447.6,447.6,34994.2,-252,0.31,-0.38,356.51,0.64,15.0,125.0,0,0,2.49,-10.13,-4.56,-0.122,0.092,0.040,1.000,0.100,0.100,0.100,1,44.8,94.0,763,793,1,0,1,0,16,16,116,0
2.04,climb_cruise,447.6,447.6,34994.2,-257,0.36,-0.58,356.42,0.71,15.0,125.0,0,0,2.55,-10.15,-4.17,-0.125,0.098,0.042,1.000,0.100,0.100,0.100,1,44.8,94.1,763,793,1,0,1,0,16,16,116,0
2.06,climb_cruise,447.5,447.5,34994.1,-262,0.41,-0.78,356.34,0.78,15.0,125.0,0,0,2.48,-10.13,-3.75,-0.127,0.104,0.043,1.000,0.100,0.100,0.100,1,44.7,94.2,763,793,1,0,1,0,16,16,115,0
2.08,climb_cruise,447.5,447.5,34994.0,-266,0.46,-0.99,356.27,0.85,15.0,125.0,0,0,2.31,-10.09,-3.34,-0.128,0.110,0.045,1.000,0.100,0.100,0.100,1,44.6,94.3,763,793,1,0,1,0,16,16,115,0
2.10,climb_cruise,447.5,447.5,34993.9,-270,0.50,-1.19,356.21,0.91,15.0,125.0,0,0,2.06,-10.01,-2.93,-0.129,0.115,0.046,1.000,0.100,0.100,0.100,1,44.5,94.4,763,793,1,0,1,0,16,16,115,0
2.12,climb_cruise,447.5,447.5,34993.8,-274,0.54,-1.39,356.15,0.97,15.0,125.0,0,0,1.74,-9.91,-2.53,-0.130,0.121,0.047,1.000,0.100,0.100,0.100,1,44.4,94.5,763,793,1,0,1,0,16,16,115,0
2.14,climb_cruise,447.5,447.5,34993.7,-277,0.57,-1.58,356.10,1.02,15.0,125.0,0,0,1.39,-9.79,-2.16,-0.130,0.126,0.049,1.000,0.100,0.100,0.100,1,44.3,94.5,763,793,1,0,1,0,16,16,116,0
2.16,climb_cruise,447.4,447.4,34993.6,-280,0.60,-1.78,356.06,1.07,15.0,125.0,0,0,1.02,-9.65,-1.82,-0.130,0.131,0.049,1.000,0.100,0.100,0.100,1,44.2,94.6,763,794,1,0,1,0,16,16,114,0
2.18,climb_cruise,447.4,447.4,34993.5,-283,0.61,-1.97,356.03,1.10,15.0,125.0,0,0,0.65,-9.49,-1.50,-0.130,0.137,0.050,1.000,0.100,0.100,0.100,1,44.1,94.7,763,794,1,0,1,0,16,16,116,0
2.20,climb_cruise,447.4,447.4,34993.4,-286,0.62,-2.16,356.00,1.13,15.0,125.0,0,0,0.29,-9.33,-1.22,-0.130,0.142,0.051,1.000,0.100,0.100,0.100,1,44.0,94.8,763,794,1,0,1,0,16,16,115,0
2.22,climb_cruise,447.4,447.4,34993.3,-288,0.62,-2.35,355.98,1.15,15.0,125.0,0,0,-0.04,-9.15,-0.98,-0.131,0.147,0.051,1.000,0.100,0.100,0.100,1,44.0,94.9,763,794,1,0,1,0,16,16,116,0
2.24,climb_cruise,447.4,447.4,34993.2,-291,0.62,-2.53,355.96,1.16,15.0,125.0,0,0,-0.32,-8.97,-0.77,-0.131,0.152,0.052,1.000,0.100,0.100,0.100,1,43.9,95.0,763,794,1,0,1,0,16,16,116,0
2.26,climb_cruise,447.3,447.3,34993.1,-293,0.61,-2.70,355.95,1.17,15.0,125.0,0,0,-0.57,-8.79,-0.60,-0.132,0.157,0.052,1.000,0.100,0.100,0.100,1,43.8,95.1,763,794,1,0,1,0,16,16,115,0
2.28,climb_cruise,447.3,447.3,34993.0,-295,0.60,-2.88,355.94,1.17,15.0,125.0,0,0,-0.76,-8.61,-0.46,-0.133,0.162,0.052,1.000,0.100,0.100,0.100,1,43.7,95.1,763,794,1,0,1,0,16,16,114,0
2.30,climb_cruise,447.3,447.3,34992.9,-298,0.58,-3.05,355.93,1.17,15.0,125.0,0,0,-0.90,-8.43,-0.35,-0.135,0.167,0.052,1.000,0.100,0.100,0.100,1,43.6,95.2,763,794,1,0,1,0,16,16,114,0
2.32,climb_cruise,447.3,447.3,34992.8,-300,0.56,-3.22,355.92,1.17,15.0,125.0,0,0,-0.99,-8.25,-0.27,-0.136,0.172,0.052,1.000,0.100,0.100,0.100,1,43.5,95.3,763,795,1,0,1,0,16,16,115,0
2.34,climb_cruise,447.3,447.3,34992.7,-302,0.54,-3.38,355.92,1.16,15.0,125.0,0,0,-1.03,-8.08,-0.22,-0.138,0.177,0.052,1.000,0.100,0.100,0.100,1,43.4,95.4,763,795,1,0,1,0,16,16,115,0
2.36,climb_cruise,447.2,447.2,34992.6,-305,0.52,-3.54,355.92,1.16,15.0,125.0,0,0,-1.03,-7.91,-0.19,-0.140,0.182,0.052,1.000,0.100,0.100,0.100,1,43.3,95.5,763,795,1,0,1,0,16,16,115,0
2.38,climb_cruise,447.2,447.2,34992.5,-307,0.50,-3.70,355.91,1.15,15.0,125.0,0,0,-0.99,-7.74,-0.19,-0.143,0.187,0.051,1.000,0.100,0.100,0.100,1,43.3,95.5,763,795,1,0,1,0,16,16,116,0
2.40,climb_cruise,447.2,447.2,34992.4,-310,0.48,-3.85,355.91,1.14,15.0,125.0,0,0,-0.91,-7.58,-0.20,-0.145,0.192,0.051,1.000,0.100,0.100,0.100,1,43.2,95.6,763,795,1,0,1,0,16,16,115,0
2.42,climb_cruise,447.2,447.2,34992.3,-313,0.46,-4.00,355.91,1.14,15.0,125.0,0,0,-0.82,-7.43,-0.23,-0.148,0.197,0.051,1.000,0.100,0.100,0.100,1,43.1,95.7,763,795,1,0,1,0,16,16,116,0
2.44,climb_cruise,447.2,447.2,34992.2,-315,0.45,-4.15,355.90,1.14,15.0,125.0,0,0,-0.70,-7.28,-0.26,-0.151,0.202,0.050,1.000,0.100,0.100,0.100,1,43.0,95.8,763,795,1,0,1,0,16,16,115,0
2.46,climb_cruise,447.1,447.1,34992.1,-318,0.43,-4.29,355.90,1.14,15.0,125.0,0,0,-0.58,-7.14,-0.31,-0.154,0.207,0.050,1.000,0.100,0.100,0.100,1,42.9,95.8,763,795,1,0,1,0,16,16,115,0
2.48,climb_cruise,447.1,447.1,34992.0,-321,0.42,-4.43,355.89,1.14,15.0,125.0,0,0,-0.45,-7.00,-0.36,-0.157,0.213,0.050,1.000,0.100,0.100,0.100,1,42.8,95.9,763,795,1,0,1,0,16,16,116,0
2.50,climb_cruise,447.1,447.1,34991.9,-324,0.41,-4.57,355.89,1.14,15.0,125.0,0,0,-0.32,-6.86,-0.42,-0.160,0.218,0.050,1.000,0.100,0.100,0.100,1,42.7,96.0,763,796,1,0,1,0,16,16,115,0
2.52,climb_cruise,447.1,447.1,34991.8,-326,0.41,-4.71,355.88,1.15,15.0,125.0,0,0,-0.19,-6.73,-0.48,-0.163,0.224,0.049,1.000,0.100,0.100,0.100,1,42.7,96.1,763,796,1,0,1,0,16,16,115,0
2.54,climb_cruise,447.1,447.1,34991.7,-329,0.40,-4.84,355.87,1.16,15.0,125.0,0,0,-0.08,-6.60,-0.54,-0.166,0.229,0.049,1.000,0.100,0.100,0.100,1,42.6,96.1,763,796,1,0,1,0,16,16,115,0
2.56,climb_cruise,447.0,447.0,34991.6,-332,0.40,-4.97,355.86,1.17,15.0,125.0,0,0,0.03,-6.47,-0.61,-0.169,0.235,0.049,1.000,0.100,0.100,0.100,1,42.5,96.2,763,796,1,0,1,0,16,16,116,0
2.58,climb_cruise,447.0,447.0,34991.4,-334,0.40,-5.10,355.84,1.18,15.0,125.0,0,0,0.12,-6.35,-0.66,-0.171,0.240,0.049,1.000,0.100,0.100,0.100,1,42.4,96.3,763,796,1,0,1,0,16,16,115,0
2.60,climb_cruise,447.0,447.0,34991.3,-337,0.41,-5.23,355.83,1.19,15.0,125.0,0,0,0.20,-6.22,-0.72,-0.174,0.246,0.049,1.000,0.100,0.100,0.100,1,42.3,96.3,763,796,1,0,1,0,16,16,116,0
2.62,climb_cruise,447.0,447.0,34991.2,-339,0.41,-5.35,355.81,1.21,15.0,125.0,0,0,0.26,-6.10,-0.77,-0.176,0.251,0.048,1.000,0.100,0.100,0.100,1,42.2,96.4,763,796,1,0,1,0,16,16,115,0
2.64,climb_cruise,447.0,447.0,34991.1,-342,0.41,-5.47,355.80,1.23,15.0,125.0,0,0,0.30,-5.99,-0.82,-0.179,0.257,0.048,1.000,0.100,0.100,0.100,1,42.2,96.5,763,796,1,0,1,0,16,16,115,0
2.66,climb_cruise,447.0,447.0,34991.0,-344,0.42,-5.59,355.78,1.24,15.0,125.0,0,0,0.33,-5.87,-0.86,-0.181,0.263,0.048,1.000,0.100,0.100,0.100,1,42.1,96.5,763,796,1,0,1,0,16,16,115,0
2.68,climb_cruise,446.9,446.9,34990.9,-346,0.42,-5.70,355.76,1.26,15.0,125.0,0,0,0.35,-5.75,-0.89,-0.184,0.268,0.048,1.000,0.100,0.100,0.100,1,42.0,96.6,763,796,1,0,1,0,16,16,114,0
2.70,climb_cruise,446.9,446.9,34990.8,-348,0.43,-5.82,355.74,1.28,15.0,125.0,0,0,0.36,-5.64,-0.92,-0.186,0.274,0.048,1.000,0.100,0.100,0.100,1,41.9,96.7,763,797,1,0,1,0,16,16,115,0
2.72,climb_cruise,446.9,446.9,34990.6,-350,0.43,-5.93,355.73,1.29,15.0,125.0,0,0,0.36,-5.52,-0.95,-0.188,0.279,0.048,1.000,0.100,0.100,0.100,1,41.8,96.7,763,797,1,0,1,0,16,16,115,0
2.74,climb_cruise,446.9,446.9,34990.5,-352,0.44,-6.04,355.71,1.31,15.0,125.0,0,0,0.35,-5.41,-0.97,-0.190,0.285,0.048,1.000,0.100,0.100,0.100,1,41.7,96.8,763,797,1,0,1,0,16,16,116,0
2.76,climb_cruise,446.9,446.9,34990.4,-354,0.44,-6.15,355.69,1.33,15.0,125.0,0,0,0.33,-5.29,-0.98,-0.192,0.290,0.048,1.000,0.100,0.100,0.100,1,41.6,96.9,763,797,1,0,1,0,16,16,114,0
2.78,climb_cruise,446.8,446.8,34990.3,-356,0.45,-6.25,355.67,1.34,15.0,125.0,0,0,0.31,-5.18,-1.00,-0.194,0.296,0.048,1.000,0.100,0.100,0.100,1,41.6,96.9,763,797,1,0,1,0,16,16,116,0
2.80,climb_cruise,446.8,446.8,34990.2,-358,0.45,-6.35,355.64,1.36,15.0,125.0,0,0,0.29,-5.06,-1.00,-0.196,0.301,0.048,1.000,0.100,0.100,0.100,1,41.5,97.0,763,797,1,0,1,0,16,16,114,0
2.82,climb_cruise,446.8,446.8,34990.0,-360,0.45,-6.45,355.62,1.37,15.0,125.0,0,0,0.27,-4.94,-1.01,-0.198,0.307,0.048,1.000,0.100,0.100,0.100,1,41.4,97.0,763,797,1,0,1,0,16,16,114,0
2.84,climb_cruise,446.8,446.8,34989.9,-361,0.46,-6.55,355.60,1.38,15.0,125.0,0,0,0.25,-4.83,-1.01,-0.200,0.312,0.049,1.000,0.100,0.100,0.100,1,41.3,97.1,763,797,1,0,1,0,16,16,115,0
2.86,climb_cruise,446.8,446.8,34989.8,-363,0.46,-6.65,355.58,1.40,15.0,125.0,0,0,0.23,-4.71,-1.00,-0.202,0.317,0.049,1.000,0.100,0.100,0.100,1,41.2,97.2,763,797,1,0,1,0,16,16,114,0
2.88,climb_cruise,446.7,446.7,34989.7,-364,0.46,-6.74,355.56,1.41,15.0,125.0,0,0,0.22,-4.60,-1.00,-0.204,0.323,0.049,1.000,0.100,0.100,0.100,1,41.2,97.2,763,797,1,0,1,0,16,16,116,0
2.90,climb_cruise,446.7,446.7,34989.6,-366,0.46,-6.83,355.54,1.42,15.0,125.0,0,0,0.21,-4.48,-0.99,-0.206,0.328,0.049,1.000,0.100,0.100,0.100,1,41.1,97.3,763,797,1,0,1,0,16,16,115,0
2.92,climb_cruise,446.7,446.7,34989.4,-367,0.47,-6.92,355.52,1.43,15.0,125.0,0,0,0.20,-4.37,-0.98,-0.209,0.333,0.049,1.000,0.100,0.100,0.100,1,41.0,97.3,763,798,1,0,1,0,16,16,115,0
2.94,climb_cruise,446.7,446.7,34989.3,-368,0.47,-7.01,355.50,1.44,15.0,125.0,0,0,0.20,-4.25,-0.97,-0.211,0.338,0.049,1.000,0.100,0.100,0.100,1,40.9,97.4,763,798,1,0,1,0,16,16,115,0
2.96,climb_cruise,446.7,446.7,34989.2,-369,0.47,-7.09,355.48,1.45,15.0,125.0,0,0,0.21,-4.13,-0.96,-0.213,0.343,0.049,1.000,0.100,0.100,0.100,1,40.8,97.5,763,798,1,0,1,0,16,16,116,0
2.98,climb_cruise,446.7,446.7,34989.1,-371,0.47,-7.19,355.46,1.46,15.0,125.0,0,0,-0.18,-5.57,-1.02,-0.161,0.261,0.037,1.000,0.100,0.100,0.100,1,40.7,97.5,763,798,1,0,1,0,16,16,115,0
3.00,climb_cruise,446.6,446.6,34988.9,-372,0.46,-7.31,355.44,1.47,15.0,125.0,0,0,-0.73,-6.87,-1.12,-0.130,0.219,0.030,1.000,0.100,0.100,0.100,1,40.7,97.6,763,798,1,0,1,0,16,16,116,0
3.02,climb_cruise,446.6,446.6,34988.8,-373,0.43,-7.46,355.42,1.46,15.0,125.0,0,0,-1.29,-7.75,-1.22,-0.112,0.199,0.025,1.000,0.100,0.100,0.100,1,40.6,97.6,763,798,1,0,1,0,16,16,115,0
3.04,climb_cruise,446.6,446.6,34988.7,-374,0.40,-7.62,355.40,1.44,15.0,125.0,0,0,-1.79,-8.28,-1.32,-0.102,0.189,0.023,1.000,0.100,0.100,0.100,1,40.5,97.7,763,798,1,0,1,0,16,16,115,0
3.06,climb_cruise,446.6,446.6,34988.6,-375,0.36,-7.79,355.38,1.42,15.0,125.0,0,0,-2.19,-8.58,-1.40,-0.096,0.185,0.021,1.000,0.100,0.100,0.100,1,40.4,97.7,763,798,1,0,1,0,16,16,116,0
3.08,climb_cruise,446.6,446.6,34988.4,-377,0.31,-7.96,355.36,1.39,15.0,125.0,0,0,-2.47,-8.75,-1.47,-0.094,0.185,0.021,1.000,0.100,0.100,0.100,1,40.3,97.8,763,798,1,0,1,0,16,16,114,0
3.10,climb_cruise,446.5,446.5,34988.3,-378,0.25,-8.14,355.33,1.35,15.0,125.0,0,0,-2.62,-8.83,-1.52,-0.093,0.186,0.020,1.000,0.100,0.100,0.100,1,40.3,97.8,763,798,1,0,1,0,16,16,114,0
3.12,climb_cruise,446.5,446.5,34988.2,-380,0.20,-8.31,355.31,1.31,15.0,125.0,0,0,-2.66,-8.87,-1.56,-0.093,0.188,0.020,1.000,0.100,0.100,0.100,1,40.2,97.9,763,798,1,0,1,0,16,16,115,0
3.14,climb_cruise,446.5,446.5,34988.1,-383,0.14,-8.49,355.29,1.27,15.0,125.0,0,0,-2.59,-8.88,-1.58,-0.095,0.190,0.020,1.000,0.100,0.100,0.100,1,40.1,97.9,763,798,1,0,1,0,16,16,115,0
3.16,climb_cruise,446.5,446.5,34988.0,-385,0.09,-8.67,355.26,1.24,15.0,125.0,0,0,-2.45,-8.87,-1.58,-0.096,0.193,0.020,1.000,0.100,0.100,0.100,1,40.0,98.0,763,798,1,0,1,0,16,16,115,0
3.18,climb_cruise,446.5,446.5,34987.8,-388,0.03,-8.84,355.24,1.20,15.0,125.0,0,0,-2.23,-8.84,-1.57,-0.098,0.196,0.020,1.000,0.100,0.100,0.100,1,39.9,98.0,763,798,1,0,1,0,16,16,115,0
3.20,climb_cruise,446.4,446.4,34987.7,-391,-0.01,-9.02,355.22,1.18,15.0,125.0,0,0,-1.97,-8.81,-1.55,-0.100,0.199,0.020,1.000,0.100,0.100,0.100,1,39.9,98.1,763,799,1,0,1,0,16,16,115,0
3.22,climb_cruise,446.4,446.4,34987.6,-394,-0.05,-9.20,355.19,1.15,15.0,125.0,0,0,-1.69,-8.77,-1.52,-0.103,0.202,0.020,1.000,0.100,0.100,0.100,1,39.8,98.1,763,799,1,0,1,0,16,16,116,0
3.24,climb_cruise,446.4,446.4,34987.4,-397,-0.09,-9.37,355.17,1.14,15.0,125.0,0,0,-1.39,-8.73,-1.49,-0.105,0.205,0.020,1.000,0.100,0.100,0.100,1,39.7,98.2,763,799,1,0,1,0,16,16,115,0
3.26,climb_cruise,446.4,446.4,34987.3,-401,-0.12,-9.55,355.14,1.13,15.0,125.0,0,0,-1.09,-8.68,-1.45,-0.107,0.209,0.020,1.000,0.100,0.100,0.100,1,39.6,98.2,763,799,1,0,1,0,16,16,115,0
3.28,climb_cruise,446.4,446.4,34987.2,-404,-0.14,-9.72,355.12,1.12,15.0,125.0,0,0,-0.81,-8.62,-1.40,-0.109,0.212,0.020,1.000,0.100,0.100,0.100,1,39.5,98.3,763,799,1,0,1,0,16,16,115,0
3.30,climb_cruise,446.4,446.4,34987.0,-408,-0.16,-9.89,355.09,1.12,15.0,125.0,0,0,-0.55,-8.56,-1.36,-0.111,0.215,0.020,1.000,0.100,0.100,0.100,1,39.5,98.3,763,799,1,0,1,0,16,16,114,0
3.32,climb_cruise,446.3,446.3,34986.9,-411,-0.18,-10.06,355.07,1.13,15.0,125.0,0,0,-0.31,-8.50,-1.31,-0.113,0.218,0.020,1.000,0.100,0.100,0.100,1,39.4,98.4,763,799,1,0,1,0,16,16,115,0
3.34,climb_cruise,446.3,446.3,34986.8,-415,-0.18,-10.23,355.04,1.14,15.0,125.0,0,0,-0.12,-8.43,-1.27,-0.114,0.222,0.021,1.000,0.100,0.100,0.100,1,39.3,98.4,763,799,1,0,1,0,16,16,114,0
3.36,climb_cruise,446.3,446.3,34986.6,-418,-0.19,-10.40,355.02,1.15,15.0,125.0,0,0,0.05,-8.36,-1.22,-0.116,0.225,0.021,1.000,0.100,0.100,0.100,1,39.2,98.4,763,799,1,0,1,0,16,16,115,0
3.38,climb_cruise,446.3,446.3,34986.5,-421,-0.19,-10.56,354.99,1.17,15.0,125.0,0,0,0.17,-8.28,-1.18,-0.118,0.228,0.021,1.000,0.100,0.100,0.100,1,39.1,98.5,763,799,1,0,1,0,16,16,116,0
3.40,climb_cruise,446.3,446.3,34986.3,-425,-0.19,-10.73,354.97,1.19,15.0,125.0,0,0,0.26,-8.21,-1.14,-0.119,0.232,0.021,1.000,0.100,0.100,0.100,1,39.1,98.5,763,799,1,0,1,0,16,16,115,0
3.42,climb_cruise,446.3,446.3,34986.2,-428,-0.19,-10.89,354.95,1.21,15.0,125.0,0,0,0.32,-8.13,-1.11,-0.120,0.235,0.021,1.000,0.100,0.100,0.100,1,39.0,98.6,763,799,1,0,1,0,16,16,114,0
3.44,climb_cruise,446.2,446.2,34986.1,-431,-0.19,-11.05,354.92,1.23,15.0,125.0,0,0,0.36,-8.05,-1.08,-0.122,0.238,0.021,1.000,0.100,0.100,0.100,1,38.9,98.6,763,799,1,0,1,0,16,16,115,0
3.46,climb_cruise,446.2,446.2,34985.9,-434,-0.19,-11.21,354.90,1.25,15.0,125.0,0,0,0.36,-7.97,-1.05,-0.123,0.241,0.021,1.000,0.100,0.100,0.100,1,38.8,98.7,763,799,1,0,1,0,16,16,114,0
3.48,climb_cruise,446.2,446.2,34985.8,-437,-0.18,-11.37,354.88,1.27,15.0,125.0,0,0,0.35,-7.89,-1.03,-0.124,0.245,0.021,1.000,0.100,0.100,0.100,1,38.8,98.7,763,799,1,0,1,0,16,16,116,0
3.50,climb_cruise,446.2,446.2,34985.6,-440,-0.18,-11.53,354.86,1.29,15.0,125.0,0,0,0.32,-7.81,-1.01,-0.125,0.248,0.021,1.000,0.100,0.100,0.100,1,38.7,98.7,763,799,1,0,1,0,16,16,115,0
3.52,climb_cruise,446.2,446.2,34985.5,-443,-0.18,-11.68,354.84,1.31,15.0,125.0,0,0,0.28,-7.73,-1.00,-0.127,0.251,0.021,1.000,0.100,0.100,0.100,1,38.6,98.8,763,800,1,0,1,0,16,16,114,0
3.54,climb_cruise,446.2,446.2,34985.3,-445,-0.18,-11.84,354.82,1.33,15.0,125.0,0,0,0.24,-7.64,-0.99,-0.128,0.255,0.021,1.000,0.100,0.100,0.100,1,38.5,98.8,763,800,1,0,1,0,16,16,114,0
3.56,climb_cruise,446.1,446.1,34985.2,-448,-0.18,-11.99,354.80,1.35,15.0,125.0,0,0,0.19,-7.56,-0.98,-0.129,0.258,0.021,1.000,0.100,0.100,0.100,1,38.4,98.9,763,800,1,0,1,0,16,16,115,0
3.58,climb_cruise,446.1,446.1,34985.0,-451,-0.18,-12.14,354.78,1.36,15.0,125.0,0,0,0.14,-7.48,-0.98,-0.130,0.261,0.021,1.000,0.100,0.100,0.100,1,38.4,98.9,763,800,1,0,1,0,16,16,115,0
3.60,climb_cruise,446.1,446.1,34984.9,-453,-0.18,-12.29,354.76,1.38,15.0,125.0,0,0,0.10,-7.40,-0.98,-0.132,0.264,0.021,1.000,0.100,0.100,0.100,1,38.3,98.9,763,800,1,0,1,0,16,16,115,0
3.62,climb_cruise,446.1,446.1,34984.7,-456,-0.18,-12.44,354.74,1.39,15.0,125.0,0,0,0.06,-7.32,-0.98,-0.133,0.268,0.021,1.000,0.100,0.100,0.100,1,38.2,99.0,763,800,1,0,1,0,16,16,116,0
3.64,climb_cruise,446.1,446.1,34984.6,-458,-0.18,-12.58,354.72,1.40,15.0,125.0,0,0,0.02,-7.24,-0.98,-0.134,0.271,0.021,1.000,0.100,0.100,0.100,1,38.1,99.0,763,800,1,0,1,0,16,16,115,0
3.66,climb_cruise,446.0,446.0,34984.4,-460,-0.19,-12.73,354.70,1.41,15.0,125.0,0,0,-0.01,-7.16,-0.99,-0.135,0.274,0.021,1.000,0.100,0.100,0.100,1,38.1,99.0,763,800,1,0,1,0,16,16,115,0
3.68,climb_cruise,446.0,446.0,34984.3,-463,-0.19,-12.87,354.68,1.42,15.0,125.0,0,0,-0.03,-7.08,-1.00,-0.137,0.278,0.021,1.000,0.100,0.100,0.100,1,38.0,99.1,763,800,1,0,1,0,16,16,116,0
3.70,climb_cruise,446.0,446.0,34984.1,-465,-0.20,-13.01,354.66,1.43,15.0,125.0,0,0,-0.04,-7.00,-1.00,-0.138,0.281,0.021,1.000,0.100,0.100,0.100,1,37.9,99.1,763,800,1,0,1,0,16,16,116,0
3.72,climb_cruise,446.0,446.0,34983.9,-467,-0.20,-13.15,354.64,1.44,15.0,125.0,0,0,-0.04,-6.92,-1.01,-0.139,0.284,0.021,1.000,0.100,0.100,0.100,1,37.8,99.2,763,800,1,0,1,0,16,16,115,0
3.74,climb_cruise,446.0,446.0,34983.8,-469,-0.21,-13.29,354.62,1.45,15.0,125.0,0,0,-0.04,-6.84,-1.02,-0.141,0.287,0.022,1.000,0.100,0.100,0.100,1,37.8,99.2,763,800,1,0,1,0,16,16,114,0
3.76,climb_cruise,446.0,446.0,34983.6,-472,-0.21,-13.42,354.60,1.46,15.0,125.0,0,0,-0.03,-6.76,-1.03,-0.142,0.291,0.022,1.000,0.100,0.100,0.100,1,37.7,99.2,763,800,1,0,1,0,16,16,115,0
3.78,climb_cruise,445.9,445.9,34983.5,-474,-0.22,-13.56,354.58,1.47,15.0,125.0,0,0,-0.01,-6.69,-1.04,-0.144,0.294,0.022,1.000,0.100,0.100,0.100,1,37.6,99.3,763,800,1,0,1,0,16,16,115,0
3.80,climb_cruise,445.9,445.9,34983.3,-476,-0.22,-13.69,354.56,1.48,15.0,125.0,0,0,0.01,-6.61,-1.05,-0.145,0.297,0.022,1.000,0.100,0.100,0.100,1,37.5,99.3,763,800,1,0,1,0,16,16,115,0
3.82,climb_cruise,445.9,445.9,34983.2,-478,-0.23,-13.82,354.54,1.49,15.0,125.0,0,0,0.03,-6.53,-1.06,-0.147,0.301,0.022,1.000,0.100,0.100,0.100,1,37.5,99.3,763,800,1,0,1,0,16,16,115,0
3.84,climb_cruise,445.9,445.9,34983.0,-480,-0.23,-13.95,354.52,1.50,15.0,125.0,0,0,0.06,-6.46,-1.07,-0.148,0.304,0.022,1.000,0.100,0.100,0.100,1,37.4,99.4,763,800,1,0,1,0,16,16,116,0
3.86,climb_cruise,445.9,445.9,34982.8,-482,-0.24,-14.08,354.50,1.51,15.0,125.0,0,0,0.09,-6.38,-1.08,-0.150,0.307,0.022,1.000,0.100,0.100,0.100,1,37.3,99.4,763,800,1,0,1,0,16,16,115,0
3.88,climb_cruise,445.9,445.9,34982.7,-484,-0.24,-14.21,354.48,1.52,15.0,125.0,0,0,0.11,-6.31,-1.09,-0.151,0.310,0.022,1.000,0.100,0.100,0.100,1,37.2,99.4,763,800,1,0,1,0,16,16,115,0
3.90,climb_cruise,445.8,445.8,34982.5,-486,-0.24,-14.33,354.46,1.54,15.0,125.0,0,0,0.14,-6.23,-1.09,-0.152,0.314,0.022,1.000,0.100,0.100,0.100,1,37.2,99.5,763,800,1,0,1,0,16,16,114,0
3.92,climb_cruise,445.8,445.8,34982.3,-488,-0.25,-14.45,354.43,1.55,15.0,125.0,0,0,0.17,-6.16,-1.10,-0.154,0.317,0.022,1.000,0.100,0.100,0.100,1,37.1,99.5,763,801,1,0,1,0,16,16,114,0
3.94,climb_cruise,445.8,445.8,34982.2,-490,-0.25,-14.58,354.41,1.56,15.0,125.0,0,0,0.20,-6.08,-1.11,-0.155,0.320,0.022,1.000,0.100,0.100,0.100,1,37.0,99.5,763,801,1,0,1,0,16,16,116,0
3.96,climb_cruise,445.8,445.8,34982.0,-492,-0.25,-14.70,354.39,1.57,15.0,125.0,0,0,0.22,-6.01,-1.11,-0.157,0.323,0.022,1.000,0.100,0.100,0.100,1,36.9,99.6,763,801,1,0,1,0,16,16,116,0
3.98,climb_cruise,445.8,445.8,34981.9,-494,-0.25,-14.82,354.37,1.58,15.0,125.0,0,0,0.25,-5.93,-1.12,-0.158,0.327,0.022,1.000,0.100,0.100,0.100,1,36.9,99.6,763,801,1,0,1,0,16,16,116,0
4.00,climb_cruise,445.8,445.8,34981.7,-496,-0.25,-14.93,354.34,1.60,15.0,125.0,0,0,0.27,-5.85,-1.12,-0.160,0.330,0.022,1.000,0.100,0.100,0.100,1,36.8,99.6,763,801,1,0,1,0,16,16,114,0
4.02,climb_cruise,445.7,445.7,34981.5,-497,-0.25,-15.05,354.32,1.61,15.0,125.0,0,0,0.29,-5.78,-1.13,-0.161,0.333,0.022,1.000,0.100,0.100,0.100,1,36.7,99.6,763,801,1,0,1,0,16,16,114,0
4.04,climb_cruise,445.7,445.7,34981.4,-499,-0.25,-15.17,354.30,1.62,15.0,125.0,0,0,0.31,-5.70,-1.13,-0.162,0.336,0.022,1.000,0.100,0.100,0.100,1,36.6,99.7,763,801,1,0,1,0,16,16,116,0
4.06,climb_cruise,445.7,445.7,34981.2,-501,-0.25,-15.28,354.27,1.64,15.0,125.0,0,0,0.33,-5.63,-1.13,-0.164,0.340,0.022,1.000,0.100,0.100,0.100,1,36.6,99.7,763,801,1,0,1,0,16,16,115,0
4.08,climb_cruise,445.7,445.7,34981.0,-502,-0.25,-15.39,354.25,1.65,15.0,125.0,0,0,0.34,-5.55,-1.13,-0.165,0.343,0.022,1.000,0.100,0.100,0.100,1,36.5,99.7,763,801,1,0,1,0,16,16,114,0
4.10,climb_cruise,445.7,445.7,34980.9,-504,-0.25,-15.50,354.23,1.66,15.0,125.0,0,0,0.36,-5.48,-1.14,-0.167,0.346,0.022,1.000,0.100,0.100,0.100,1,36.4,99.8,763,801,1,0,1,0,16,16,115,0
4.12,climb_cruise,445.6,445.6,34980.7,-505,-0.25,-15.61,354.20,1.68,15.0,125.0,0,0,0.37,-5.40,-1.14,-0.168,0.349,0.023,1.000,0.100,0.100,0.100,1,36.4,99.8,763,801,1,0,1,0,16,16,116,0
4.14,climb_cruise,445.6,445.6,34980.5,-507,-0.25,-15.72,354.18,1.69,15.0,125.0,0,0,0.38,-5.33,-1.14,-0.169,0.352,0.023,1.000,0.100,0.100,0.100,1,36.3,99.8,763,801,1,0,1,0,16,16,115,0
4.16,climb_cruise,445.6,445.6,34980.3,-508,-0.25,-15.82,354.15,1.70,15.0,125.0,0,0,0.40,-5.25,-1.14,-0.171,0.356,0.023,1.000,0.100,0.100,0.100,1,36.2,99.8,763,801,1,0,1,0,16,16,114,0
4.18,climb_cruise,445.6,445.6,34980.2,-510,-0.25,-15.93,354.13,1.72,15.0,125.0,0,0,0.41,-5.18,-1.14,-0.172,0.359,0.023,1.000,0.100,0.100,0.100,1,36.1,99.9,763,801,1,0,1,0,16,16,116,0
4.20,climb_cruise,445.6,445.6,34980.0,-511,-0.24,-16.03,354.11,1.73,15.0,125.0,0,0,0.42,-5.11,-1.14,-0.174,0.362,0.023,1.000,0.100,0.100,0.100,1,36.1,99.9,763,801,1,0,1,0,16,16,115,0
4.22,climb_cruise,445.6,445.6,34979.8,-512,-0.24,-16.13,354.08,1.74,15.0,125.0,0,0,0.43,-5.03,-1.15,-0.175,0.365,0.023,1.000,0.100,0.100,0.100,1,36.0,99.9,763,801,1,0,1,0,16,16,115,0
4.24,climb_cruise,445.5,445.5,34979.7,-513,-0.24,-16.23,354.06,1.76,15.0,125.0,0,0,0.44,-4.96,-1.15,-0.176,0.368,0.023,1.000,0.100,0.100,0.100,1,35.9,99.9,763,801,1,0,1,0,16,16,114,0
4.26,climb_cruise,445.5,445.5,34979.5,-515,-0.24,-16.33,354.03,1.77,15.0,125.0,0,0,0.46,-4.88,-1.15,-0.178,0.371,0.023,1.000,0.100,0.100,0.100,1,35.8,100.0,763,801,1,0,1,0,16,16,114,0
4.28,climb_cruise,445.5,445.5,34979.3,-516,-0.24,-16.43,354.01,1.79,15.0,125.0,0,0,0.47,-4.81,-1.15,-0.179,0.374,0.023,1.000,0.100,0.100,0.100,1,35.8,100.0,763,801,1,0,1,0,16,16,115,0
4.30,climb_cruise,445.5,445.5,34979.1,-517,-0.23,-16.52,353.98,1.80,15.0,125.0,0,0,0.48,-4.73,-1.15,-0.180,0.377,0.023,1.000,0.100,0.100,0.100,1,35.7,100.0,763,801,1,0,1,0,16,16,114,0
4.32,climb_cruise,445.5,445.5,34979.0,-518,-0.23,-16.61,353.96,1.81,15.0,125.0,0,0,0.49,-4.66,-1.15,-0.182,0.381,0.023,1.000,0.100,0.100,0.100,1,35.6,100.0,763,801,1,0,1,0,16,16,115,0
4.34,climb_cruise,445.5,445.5,34978.8,-519,-0.23,-16.71,353.93,1.83,15.0,125.0,0,0,0.51,-4.59,-1.15,-0.183,0.384,0.023,1.000,0.100,0.100,0.100,1,35.6,100.1,763,801,1,0,1,0,16,16,116,0
4.36,climb_cruise,445.4,445.4,34978.6,-520,-0.22,-16.80,353.91,1.84,15.0,125.0,0,0,0.52,-4.51,-1.15,-0.185,0.387,0.023,1.000,0.100,0.100,0.100,1,35.5,100.1,763,801,1,0,1,0,16,16,116,0
4.38,climb_cruise,445.4,445.4,34978.4,-520,-0.22,-16.89,353.88,1.85,15.0,125.0,0,0,0.53,-4.44,-1.15,-0.186,0.390,0.023,1.000,0.100,0.100,0.100,1,35.4,100.1,763,801,1,0,1,0,16,16,115,0
4.40,climb_cruise,445.4,445.4,34978.3,-521,-0.22,-16.98,353.86,1.87,15.0,125.0,0,0,0.55,-4.37,-1.15,-0.187,0.393,0.023,1.000,0.100,0.100,0.100,1,35.3,100.1,763,801,1,0,1,0,16,16,115,0
4.42,climb_cruise,445.4,445.4,34978.1,-522,-0.21,-17.06,353.83,1.88,15.0,125.0,0,0,0.56,-4.29,-1.15,-0.189,0.396,0.023,1.000,0.100,0.100,0.100,1,35.3,100.2,763,801,1,0,1,0,16,16,115,0
4.44,climb_cruise,445.4,445.4,34977.9,-523,-0.21,-17.15,353.81,1.89,15.0,125.0,0,0,0.58,-4.22,-1.15,-0.190,0.399,0.023,1.000,0.100,0.100,0.100,1,35.2,100.2,763,801,1,0,1,0,16,16,115,0
4.46,climb_cruise,445.4,445.4,34977.7,-523,-0.20,-17.23,353.78,1.91,15.0,125.0,0,0,0.59,-4.15,-1.15,-0.191,0.402,0.024,1.000,0.100,0.100,0.100,1,35.1,100.2,763,802,1,0,1,0,16,16,115,0
4.48,climb_cruise,445.3,445.3,34977.6,-524,-0.20,-17.31,353.76,1.92,15.0,125.0,0,0,0.61,-4.07,-1.15,-0.193,0.405,0.024,1.000,0.100,0.100,0.100,1,35.1,100.2,763,802,1,0,1,0,16,16,115,0
4.50,climb_cruise,445.3,445.3,34977.4,-524,-0.19,-17.39,353.73,1.94,15.0,125.0,0,0,0.62,-4.00,-1.15,-0.194,0.408,0.024,1.000,0.100,0.100,0.100,1,35.0,100.3,763,802,1,0,1,0,16,16,115,0
4.52,climb_cruise,445.3,445.3,34977.2,-525,-0.19,-17.47,353.70,1.95,15.0,125.0,0,0,0.64,-3.93,-1.16,-0.195,0.411,0.024,1.000,0.100,0.100,0.100,1,34.9,100.3,763,802,1,0,1,0,16,16,116,0
4.54,climb_cruise,445.3,445.3,34977.0,-525,-0.18,-17.55,353.68,1.96,15.0,125.0,0,0,0.65,-3.86,-1.16,-0.197,0.414,0.024,1.000,0.100,0.100,0.100,1,34.9,100.3,763,802,1,0,1,0,16,16,115,0
4.56,climb_cruise,445.3,445.3,34976.9,-526,-0.18,-17.63,353.65,1.98,15.0,125.0,0,0,0.67,-3.79,-1.16,-0.198,0.417,0.024,1.000,0.100,0.100,0.100,1,34.8,100.3,763,802,1,0,1,0,16,16,115,0
4.58,climb_cruise,445.2,445.2,34976.7,-526,-0.17,-17.70,353.63,1.99,15.0,125.0,0,0,0.68,-3.72,-1.16,-0.199,0.420,0.024,1.000,0.100,0.100,0.100,1,34.7,100.3,763,802,1,0,1,0,16,16,115,0
4.60,climb_cruise,445.2,445.2,34976.5,-526,-0.17,-17.78,353.60,2.01,15.0,125.0,0,0,0.69,-3.65,-1.16,-0.201,0.423,0.024,1.000,0.100,0.100,0.100,1,34.6,100.4,763,802,1,0,1,0,16,16,114,0
4.62,climb_cruise,445.2,445.2,34976.3,-526,-0.16,-17.85,353.57,2.02,15.0,125.0,0,0,0.71,-3.58,-1.16,-0.202,0.425,0.024,1.000,0.100,0.100,0.100,1,34.6,100.4,763,802,1,0,1,0,16,16,115,0
4.64,climb_cruise,445.2,445.2,34976.2,-526,-0.15,-17.92,353.55,2.04,15.0,125.0,0,0,0.72,-3.50,-1.16,-0.203,0.428,0.024,1.000,0.100,0.100,0.100,1,34.5,100.4,763,802,1,0,1,0,16,16,114,0
4.66,climb_cruise,445.2,445.2,34976.0,-527,-0.15,-17.99,353.52,2.05,15.0,125.0,0,0,0.74,-3.43,-1.16,-0.205,0.431,0.024,1.000,0.100,0.100,0.100,1,34.4,100.4,763,802,1,0,1,0,16,16,116,0
4.68,climb_cruise,445.2,445.2,34975.8,-527,-0.14,-18.06,353.49,2.07,15.0,125.0,0,0,0.75,-3.36,-1.16,-0.206,0.434,0.024,1.000,0.100,0.100,0.100,1,34.4,100.4,763,802,1,0,1,0,16,16,116,0
4.70,climb_cruise,445.1,445.1,34975.6,-526,-0.13,-18.12,353.47,2.08,15.0,125.0,0,0,0.77,-3.30,-1.16,-0.207,0.437,0.024,1.000,0.100,0.100,0.100,1,34.3,100.5,763,802,1,0,1,0,16,16,114,0
4.72,climb_cruise,445.1,445.1,34975.5,-526,-0.13,-18.19,353.44,2.09,15.0,125.0,0,0,0.78,-3.23,-1.16,-0.209,0.440,0.024,1.000,0.100,0.100,0.100,1,34.2,100.5,763,802,1,0,1,0,16,16,114,0
4.74,climb_cruise,445.1,445.1,34975.3,-526,-0.12,-18.25,353.41,2.11,15.0,125.0,0,0,0.79,-3.16,-1.16,-0.210,0.443,0.024,1.000,0.100,0.100,0.100,1,34.2,100.5,763,802,1,0,1,0,16,16,114,0
4.76,climb_cruise,445.1,445.1,34975.1,-526,-0.11,-18.31,353.39,2.12,15.0,125.0,0,0,0.81,-3.09,-1.16,-0.211,0.445,0.025,1.000,0.100,0.100,0.100,1,34.1,100.5,763,802,1,0,1,0,16,16,116,0
4.78,climb_cruise,445.1,445.1,34974.9,-526,-0.10,-18.37,353.36,2.14,15.0,125.0,0,0,0.82,-3.02,-1.16,-0.212,0.448,0.025,1.000,0.100,0.100,0.100,1,34.0,100.5,763,802,1,0,1,0,16,16,115,0
4.80,climb_cruise,445.0,445.0,34974.8,-525,-0.09,-18.43,353.33,2.15,15.0,125.0,0,0,0.83,-2.95,-1.16,-0.214,0.451,0.025,1.000,0.100,0.100,0.100,1,34.0,100.6,763,802,1,0,1,0,16,16,116,0
4.82,climb_cruise,445.0,445.0,34974.6,-525,-0.08,-18.49,353.31,2.17,15.0,125.0,0,0,0.85,-2.88,-1.16,-0.215,0.454,0.025,1.000,0.100,0.100,0.100,1,33.9,100.6,763,802,1,0,1,0,16,16,115,0
4.84,climb_cruise,445.0,445.0,34974.4,-524,-0.08,-18.55,353.28,2.18,15.0,125.0,0,0,0.86,-2.82,-1.16,-0.216,0.457,0.025,1.000,0.100,0.100,0.100,1,33.8,100.6,763,802,1,0,1,0,16,16,115,0
4.86,climb_cruise,445.0,445.0,34974.2,-524,-0.07,-18.61,353.25,2.20,15.0,125.0,0,0,0.87,-2.75,-1.16,-0.217,0.459,0.025,1.000,0.100,0.100,0.100,1,33.8,100.6,763,802,1,0,1,0,16,16,115,0
4.88,climb_cruise,445.0,445.0,34974.1,-523,-0.06,-18.66,353.22,2.21,15.0,125.0,0,0,0.89,-2.68,-1.16,-0.219,0.462,0.025,1.000,0.100,0.100,0.100,1,33.7,100.6,763,802,1,0,1,0,16,16,116,0
4.90,climb_cruise,445.0,445.0,34973.9,-522,-0.05,-18.71,353.19,2.23,15.0,125.0,0,0,0.90,-2.62,-1.16,-0.220,0.465,0.025,1.000,0.100,0.100,0.100,1,33.6,100.6,763,802,1,0,1,0,16,16,115,0
4.92,climb_cruise,444.9,444.9,34973.7,-522,-0.04,-18.76,353.17,2.24,15.0,125.0,0,0,0.91,-2.55,-1.16,-0.221,0.468,0.025,1.000,0.100,0.100,0.100,1,33.6,100.7,763,802,1,0,1,0,16,16,116,0
4.94,climb_cruise,444.9,444.9,34973.5,-521,-0.03,-18.81,353.14,2.26,15.0,125.0,0,0,0.93,-2.48,-1.16,-0.222,0.470,0.025,1.000,0.100,0.100,0.100,1,33.5,100.7,763,802,1,0,1,0,16,16,115,0
4.96,climb_cruise,444.9,444.9,34973.4,-520,-0.02,-18.86,353.11,2.27,15.0,125.0,0,0,0.94,-2.44,-1.16,-0.223,0.472,0.025,1.000,0.100,0.100,0.100,1,33.4,100.7,763,802,1,0,1,0,16,16,114,0
4.98,climb_cruise,444.9,444.9,34973.2,-519,-0.01,-18.91,353.08,2.29,15.0,125.0,0,0,0.95,-2.41,-1.16,-0.225,0.473,0.025,1.000,0.100,0.100,0.100,1,33.4,100.7,763,802,1,0,1,0,16,16,115,0
5.00,climb_cruise,444.9,444.9,34973.0,-518,0.00,-18.96,353.06,2.30,15.0,125.0,0,0,0.96,-2.40,-1.16,-0.226,0.473,0.025,1.000,0.100,0.100,0.100,1,33.3,100.7,763,802,1,0,1,0,16,16,116,0
5.02,climb_cruise,444.8,444.8,34972.8,-517,0.01,-19.01,353.03,2.32,15.0,125.0,0,0,0.98,-2.39,-1.15,-0.227,0.473,0.025,1.000,0.100,0.100,0.100,1,33.2,100.7,763,802,1,0,1,0,16,16,114,0
5.04,climb_cruise,444.8,444.8,34972.7,-516,0.03,-19.06,353.00,2.33,15.0,125.0,0,0,0.99,-2.40,-1.15,-0.228,0.474,0.025,1.000,0.100,0.100,0.100,1,33.2,100.8,763,802,1,0,1,0,16,16,115,0
5.06,climb_cruise,444.8,444.8,34972.5,-514,0.04,-19.10,352.97,2.35,15.0,125.0,0,0,1.00,-2.40,-1.15,-0.229,0.474,0.025,1.000,0.100,0.100,0.100,1,33.1,100.8,763,802,1,0,1,0,16,16,115,0
5.08,climb_cruise,444.8,444.8,34972.3,-513,0.05,-19.15,352.94,2.37,15.0,125.0,0,0,1.01,-2.41,-1.15,-0.230,0.474,0.026,1.000,0.100,0.100,0.100,1,33.0,100.8,763,802,1,0,1,0,16,16,115,0
5.10,climb_cruise,444.8,444.8,34972.2,-512,0.06,-19.20,352.91,2.38,15.0,125.0,0,0,1.02,-2.41,-1.15,-0.232,0.474,0.026,1.000,0.100,0.100,0.100,1,33.0,100.8,763,802,1,0,1,0,16,16,116,0
5.12,climb_cruise,444.7,444.7,34972.0,-510,0.07,-19.25,352.89,2.40,15.0,125.0,0,0,1.03,-2.42,-1.15,-0.233,0.474,0.026,1.000,0.100,0.100,0.100,1,32.9,100.8,763,802,1,0,1,0,16,16,114,0
5.14,climb_cruise,444.7,444.7,34971.8,-509,0.08,-19.30,352.86,2.41,15.0,125.0,0,0,1.04,-2.43,-1.15,-0.234,0.474,0.026,1.000,0.100,0.100,0.100,1,32.8,100.8,763,802,1,0,1,0,16,16,116,0
5.16,climb_cruise,444.7,444.7,34971.6,-507,0.10,-19.35,352.83,2.43,15.0,125.0,0,0,1.05,-2.43,-1.15,-0.235,0.474,0.026,1.000,0.100,0.100,0.100,1,32.8,100.8,763,802,1,0,1,0,16,16,116,0
5.18,climb_cruise,444.7,444.7,34971.5,-505,0.11,-19.39,352.80,2.45,15.0,125.0,0,0,1.05,-2.44,-1.15,-0.236,0.474,0.026,1.000,0.100,0.100,0.100,1,32.7,100.9,763,802,1,0,1,0,16,16,115,0
5.20,climb_cruise,444.7,444.7,34971.3,-504,0.12,-19.44,352.77,2.46,15.0,125.0,0,0,1.06,-2.45,-1.15,-0.237,0.474,0.026,1.000,0.100,0.100,0.100,1,32.6,100.9,763,802,1,0,1,0,16,16,115,0
5.22,climb_cruise,444.7,444.7,34971.1,-502,0.13,-19.49,352.74,2.48,15.0,125.0,0,0,1.07,-2.45,-1.16,-0.238,0.474,0.026,1.000,0.100,0.100,0.100,1,32.6,100.9,763,802,1,0,1,0,16,16,115,0
5.24,climb_cruise,444.6,444.6,34971.0,-500,0.15,-19.54,352.71,2.49,15.0,125.0,0,0,1.07,-2.46,-1.16,-0.239,0.474,0.026,1.000,0.100,0.100,0.100,1,32.5,100.9,763,802,1,0,1,0,16,16,115,0
5.26,climb_cruise,444.6,444.6,34970.8,-498,0.16,-19.59,352.68,2.51,15.0,125.0,0,0,1.08,-2.47,-1.16,-0.240,0.474,0.026,1.000,0.100,0.100,0.100,1,32.4,100.9,763,802,1,0,1,0,16,16,114,0
5.28,climb_cruise,444.6,444.6,34970.6,-496,0.17,-19.64,352.65,2.53,15.0,125.0,0,0,1.09,-2.47,-1.16,-0.241,0.474,0.026,1.000,0.100,0.100,0.100,1,32.4,100.9,763,803,1,0,1,0,16,16,114,0
5.30,climb_cruise,444.6,444.6,34970.5,-494,0.18,-19.69,352.63,2.54,15.0,125.0,0,0,1.09,-2.48,-1.16,-0.242,0.474,0.026,1.000,0.100,0.100,0.100,1,32.3,100.9,763,803,1,0,1,0,16,16,115,0
5.32,climb_cruise,444.6,444.6,34970.3,-492,0.20,-19.74,352.60,2.56,15.0,125.0,0,0,1.10,-2.49,-1.16,-0.243,0.474,0.026,1.000,0.100,0.100,0.100,1,32.2,101.0,763,803,1,0,1,0,16,16,116,0
5.34,climb_cruise,444.5,444.5,34970.1,-489,0.21,-19.79,352.57,2.57,15.0,125.0,0,0,1.10,-2.49,-1.16,-0.244,0.474,0.026,1.000,0.100,0.100,0.100,1,32.2,101.0,763,803,1,0,1,0,16,16,115,0
5.36,climb_cruise,444.5,444.5,34970.0,-487,0.22,-19.84,352.54,2.59,15.0,125.0,0,0,1.11,-2.50,-1.17,-0.245,0.474,0.026,1.000,0.100,0.100,0.100,1,32.1,101.0,763,803,1,0,1,0,16,16,115,0
5.38,climb_cruise,444.5,444.5,34969.8,-485,0.23,-19.89,352.51,2.61,15.0,125.0,0,0,1.12,-2.50,-1.17,-0.246,0.474,0.026,1.000,0.100,0.100,0.100,1,32.0,101.0,763,803,1,0,1,0,16,16,114,0
5.40,climb_cruise,444.5,444.5,34969.6,-482,0.25,-19.94,352.48,2.62,15.0,125.0,0,0,1.12,-2.51,-1.17,-0.247,0.474,0.027,1.000,0.100,0.100,0.100,1,32.0,101.0,763,803,1,0,1,0,16,16,114,0
5.42,climb_cruise,444.5,444.5,34969.5,-480,0.26,-19.99,352.45,2.64,15.0,125.0,0,0,1.13,-2.52,-1.17,-0.248,0.474,0.027,1.000,0.100,0.100,0.100,1,31.9,101.0,763,803,1,0,1,0,16,16,115,0
5.44,climb_cruise,444.4,444.4,34969.3,-477,0.27,-20.04,352.42,2.65,15.0,125.0,0,0,1.13,-2.52,-1.17,-0.249,0.474,0.027,1.000,0.100,0.100,0.100,1,31.9,101.0,763,803,1,0,1,0,16,16,114,0
5.46,climb_cruise,444.4,444.4,34969.2,-474,0.29,-20.09,352.39,2.67,15.0,125.0,0,0,1.14,-2.53,-1.18,-0.250,0.474,0.027,1.000,0.100,0.100,0.100,1,31.8,101.0,763,803,1,0,1,0,16,16,114,0
5.48,climb_cruise,444.4,444.4,34969.0,-471,0.30,-20.14,352.36,2.69,15.0,125.0,0,0,1.15,-2.54,-1.18,-0.251,0.474,0.027,1.000,0.100,0.100,0.100,1,31.7,101.1,763,803,1,0,1,0,16,16,116,0
5.50,climb_cruise,444.4,444.4,34968.8,-469,0.31,-20.19,352.33,2.70,15.0,125.0,0,0,1.15,-2.54,-1.18,-0.252,0.474,0.027,1.000,0.100,0.100,0.100,1,31.7,101.1,763,803,1,0,1,0,16,16,115,0
5.52,climb_cruise,444.4,444.4,34968.7,-466,0.33,-20.24,352.30,2.72,15.0,125.0,0,0,1.16,-2.55,-1.18,-0.253,0.474,0.027,1.000,0.100,0.100,0.100,1,31.6,101.1,763,803,1,0,1,0,16,16,115,0
5.54,climb_cruise,444.3,444.3,34968.5,-463,0.34,-20.30,352.27,2.73,15.0,125.0,0,0,1.17,-2.55,-1.19,-0.254,0.474,0.027,1.000,0.100,0.100,0.100,1,31.5,101.1,763,803,1,0,1,0,16,16,115,0
5.56,climb_cruise,444.3,444.3,34968.4,-460,0.36,-20.35,352.24,2.75,15.0,125.0,0,0,1.17,-2.56,-1.19,-0.255,0.474,0.027,1.000,0.100,0.100,0.100,1,31.5,101.1,763,803,1,0,1,0,16,16,115,0
5.58,climb_cruise,444.3,444.3,34968.2,-457,0.37,-20.40,352.21,2.77,15.0,125.0,0,0,1.18,-2.57,-1.19,-0.256,0.474,0.027,1.000,0.100,0.100,0.100,1,31.4,101.1,763,803,1,0,1,0,16,16,115,0
5.60,climb_cruise,444.3,444.3,34968.1,-453,0.38,-20.45,352.18,2.78,15.0,125.0,0,0,1.19,-2.57,-1.19,-0.257,0.474,0.027,1.000,0.100,0.100,0.100,1,31.4,101.1,763,803,1,0,1,0,16,16,116,0
5.62,climb_cruise,444.3,444.3,34967.9,-450,0.40,-20.50,352.15,2.80,15.0,125.0,0,0,1.19,-2.58,-1.20,-0.258,0.474,0.027,1.000,0.100,0.100,0.100,1,31.3,101.1,763,803,1,0,1,0,16,16,116,0
5.64,climb_cruise,444.2,444.2,34967.8,-447,0.41,-20.55,352.11,2.82,15.0,125.0,0,0,1.20,-2.59,-1.20,-0.259,0.474,0.027,1.000,0.100,0.100,0.100,1,31.2,101.1,763,803,1,0,1,0,16,16,114,0
5.66,climb_cruise,444.2,444.2,34967.6,-444,0.43,-20.61,352.08,2.83,15.0,125.0,0,0,1.21,-2.59,-1.20,-0.259,0.474,0.027,1.000,0.100,0.100,0.100,1,31.2,101.2,763,803,1,0,1,0,16,16,115,0
5.68,climb_cruise,444.2,444.2,34967.5,-440,0.44,-20.66,352.05,2.85,15.0,125.0,0,0,1.21,-2.60,-1.20,-0.260,0.474,0.027,1.000,0.100,0.100,0.100,1,31.1,101.2,763,803,1,0,1,0,16,16,115,0
5.70,climb_cruise,444.2,444.2,34967.3,-437,0.45,-20.71,352.02,2.86,15.0,125.0,0,0,1.22,-2.60,-1.21,-0.261,0.474,0.027,1.000,0.100,0.100,0.100,1,31.0,101.2,763,803,1,0,1,0,16,16,115,0
5.72,climb_cruise,444.1,444.1,34967.2,-433,0.47,-20.76,351.99,2.88,15.0,125.0,0,0,1.23,-2.61,-1.21,-0.262,0.474,0.028,1.000,0.100,0.100,0.100,1,31.0,101.2,763,803,1,0,1,0,16,16,116,0
5.74,climb_cruise,444.1,444.1,34967.0,-429,0.48,-20.81,351.96,2.90,15.0,125.0,0,0,1.23,-2.62,-1.21,-0.263,0.474,0.028,1.000,0.100,0.100,0.100,1,30.9,101.2,763,803,1,0,1,0,16,16,115,0
5.76,climb_cruise,444.1,444.1,34966.9,-426,0.50,-20.87,351.93,2.91,15.0,125.0,0,0,1.24,-2.62,-1.21,-0.264,0.474,0.028,1.000,0.100,0.100,0.100,1,30.9,101.2,763,803,1,0,1,0,16,16,116,0
5.78,climb_cruise,444.1,444.1,34966.8,-422,0.51,-20.92,351.90,2.93,15.0,125.0,0,0,1.24,-2.63,-1.22,-0.264,0.474,0.028,1.000,0.100,0.100,0.100,1,30.8,101.2,763,803,1,0,1,0,16,16,115,0
5.80,climb_cruise,444.1,444.1,34966.6,-418,0.53,-20.97,351.86,2.94,15.0,125.0,0,0,1.25,-2.63,-1.22,-0.265,0.474,0.028,1.000,0.100,0.100,0.100,1,30.7,101.2,763,803,1,0,1,0,16,16,114,0
5.82,climb_cruise,444.0,444.0,34966.5,-414,0.54,-21.03,351.83,2.96,15.0,125.0,0,0,1.26,-2.64,-1.22,-0.266,0.474,0.028,1.000,0.100,0.100,0.100,1,30.7,101.2,763,803,1,0,1,0,16,16,114,0
5.84,climb_cruise,444.0,444.0,34966.3,-410,0.56,-21.08,351.80,2.98,15.0,125.0,0,0,1.26,-2.64,-1.22,-0.267,0.474,0.028,1.000,0.100,0.100,0.100,1,30.6,101.2,763,803,1,0,1,0,16,16,114,0
5.86,climb_cruise,444.0,444.0,34966.2,-406,0.57,-21.13,351.77,2.99,15.0,125.0,0,0,1.27,-2.65,-1.23,-0.268,0.474,0.028,1.000,0.100,0.100,0.100,1,30.5,101.3,763,803,1,0,1,0,16,16,114,0
5.88,climb_cruise,444.0,444.0,34966.1,-402,0.59,-21.19,351.74,3.01,15.0,125.0,0,0,1.27,-2.65,-1.23,-0.268,0.474,0.028,1.000,0.100,0.100,0.100,1,30.5,101.3,763,803,1,0,1,0,16,16,115,0
5.90,climb_cruise,444.0,444.0,34965.9,-397,0.60,-21.24,351.70,3.03,15.0,125.0,0,0,1.28,-2.66,-1.23,-0.269,0.474,0.028,1.000,0.100,0.100,0.100,1,30.4,101.3,763,803,1,0,1,0,16,16,115,0
5.92,climb_cruise,443.9,443.9,34965.8,-393,0.62,-21.29,351.67,3.04,15.0,125.0,0,0,1.29,-2.67,-1.23,-0.270,0.474,0.028,1.000,0.100,0.100,0.100,1,30.4,101.3,763,803,1,0,1,0,16,16,114,0
5.94,climb_cruise,443.9,443.9,34965.7,-389,0.63,-21.35,351.64,3.06,15.0,125.0,0,0,1.29,-2.67,-1.24,-0.270,0.474,0.028,1.000,0.100,0.100,0.100,1,30.3,101.3,763,803,1,0,1,0,16,16,116,0
5.96,climb_cruise,443.9,443.9,34965.5,-384,0.65,-21.40,351.61,3.07,15.0,125.0,0,0,1.30,-2.68,-1.24,-0.271,0.474,0.028,1.000,0.100,0.100,0.100,1,30.2,101.3,763,803,1,0,1,0,16,16,115,0
5.98,climb_cruise,443.9,443.9,34965.4,-380,0.66,-21.45,351.57,3.09,15.0,125.0,0,0,1.30,-2.68,-1.24,-0.272,0.474,0.028,1.000,0.100,0.100,0.100,1,30.2,101.3,763,803,1,0,1,0,16,16,116,0
6.00,climb_cruise,443.8,443.8,34965.3,-375,0.68,-21.51,351.54,3.11,15.0,125.0,0,0,1.31,-2.69,-1.24,-0.273,0.474,0.028,1.000,0.100,0.100,0.100,1,30.1,101.3,763,803,1,0,1,0,16,16,115,0
6.02,climb_cruise,443.8,443.8,34965.2,-371,0.69,-21.56,351.51,3.12,15.0,125.0,0,0,1.31,-2.69,-1.25,-0.273,0.474,0.028,1.000,0.100,0.100,0.100,1,30.1,101.3,763,803,1,0,1,0,16,16,115,0
6.04,climb_cruise,443.8,443.8,34965.0,-366,0.71,-21.62,351.48,3.14,15.0,125.0,0,0,1.32,-2.70,-1.25,-0.274,0.474,0.029,1.000,0.100,0.100,0.100,1,30.0,101.3,763,803,1,0,1,0,16,16,114,0
6.06,climb_cruise,443.8,443.8,34964.9,-361,0.72,-21.67,351.44,3.16,15.0,125.0,0,0,1.33,-2.70,-1.25,-0.274,0.474,0.029,1.000,0.100,0.100,0.100,1,29.9,101.3,763,803,1,0,1,0,16,16,114,0
6.08,climb_cruise,443.8,443.8,34964.8,-356,0.74,-21.73,351.41,3.17,15.0,125.0,0,0,1.33,-2.71,-1.25,-0.275,0.474,0.029,1.000,0.100,0.100,0.100,1,29.9,101.4,763,803,1,0,1,0,16,16,115,0
6.10,climb_cruise,443.7,443.7,34964.7,-352,0.75,-21.78,351.38,3.19,15.0,125.0,0,0,1.34,-2.71,-1.26,-0.276,0.474,0.029,1.000,0.100,0.100,0.100,1,29.8,101.4,763,803,1,0,1,0,16,16,115,0
6.12,climb_cruise,443.7,443.7,34964.6,-347,0.77,-21.83,351.34,3.20,15.0,125.0,0,0,1.34,-2.72,-1.26,-0.276,0.474,0.029,1.000,0.100,0.100,0.100,1,29.8,101.4,763,803,1,0,1,0,16,16,116,0
6.14,climb_cruise,443.7,443.7,34964.4,-342,0.78,-21.89,351.31,3.22,15.0,125.0,0,0,1.35,-2.72,-1.26,-0.277,0.474,0.029,1.000,0.100,0.100,0.100,1,29.7,101.4,763,803,1,0,1,0,16,16,115,0
6.16,climb_cruise,443.7,443.7,34964.3,-337,0.80,-21.94,351.28,3.24,15.0,125.0,0,0,1.35,-2.73,-1.26,-0.277,0.474,0.029,1.000,0.100,0.100,0.100,1,29.6,101.4,763,803,1,0,1,0,16,16,116,0
6.18,climb_cruise,443.6,443.6,34964.2,-331,0.82,-22.00,351.24,3.25,15.0,125.0,0,0,1.36,-2.73,-1.27,-0.278,0.474,0.029,1.000,0.100,0.100,0.100,1,29.6,101.4,763,803,1,0,1,0,16,16,115,0
6.20,climb_cruise,443.6,443.6,34964.1,-326,0.83,-22.05,351.21,3.27,15.0,125.0,0,0,1.36,-2.74,-1.27,-0.279,0.474,0.029,1.000,0.100,0.100,0.100,1,29.5,101.4,763,803,1,0,1,0,16,16,115,0
6.22,climb_cruise,443.6,443.6,34964.0,-321,0.85,-22.11,351.18,3.28,15.0,125.0,0,0,1.37,-2.74,-1.27,-0.279,0.474,0.029,1.000,0.100,0.100,0.100,1,29.5,101.4,763,803,1,0,1,0,16,16,115,0
6.24,climb_cruise,443.6,443.6,34963.9,-316,0.86,-22.17,351.14,3.30,15.0,125.0,0,0,1.37,-2.75,-1.27,-0.280,0.474,0.029,1.000,0.100,0.100,0.100,1,29.4,101.4,763,803,1,0,1,0,16,16,115,0
6.26,climb_cruise,443.5,443.5,34963.8,-310,0.88,-22.22,351.11,3.31,15.0,125.0,0,0,1.38,-2.75,-1.28,-0.280,0.474,0.029,1.000,0.100,0.100,0.100,1,29.3,101.4,763,803,1,0,1,0,16,16,115,0
6.28,climb_cruise,443.5,443.5,34963.7,-305,0.90,-22.28,351.07,3.33,15.0,125.0,0,0,1.38,-2.76,-1.28,-0.281,0.474,0.029,1.000,0.100,0.100,0.100,1,29.3,101.4,763,803,1,0,1,0,16,16,115,0
6.30,climb_cruise,443.5,443.5,34963.6,-299,0.91,-22.33,351.04,3.35,15.0,125.0,0,0,1.39,-2.76,-1.28,-0.281,0.474,0.029,1.000,0.100,0.100,0.100,1,29.2,101.4,763,803,1,0,1,0,16,16,115,0
6.32,climb_cruise,443.5,443.5,34963.5,-294,0.93,-22.39,351.01,3.36,15.0,125.0,0,0,1.39,-2.77,-1.29,-0.281,0.474,0.029,1.000,0.100,0.100,0.100,1,29.2,101.4,763,803,1,0,1,0,16,16,115,0
6.34,climb_cruise,443.4,443.4,34963.4,-288,0.94,-22.44,350.97,3.38,15.0,125.0,0,0,1.40,-2.77,-1.29,-0.282,0.474,0.029,1.000,0.100,0.100,0.100,1,29.1,101.4,763,803,1,0,1,0,16,16,115,0
6.36,climb_cruise,443.4,443.4,34963.3,-282,0.96,-22.50,350.94,3.39,15.0,125.0,0,0,1.40,-2.78,-1.29,-0.282,0.474,0.030,1.000,0.100,0.100,0.100,1,29.1,101.5,763,803,1,0,1,0,16,16,115,0
6.38,climb_cruise,443.4,443.4,34963.2,-276,0.98,-22.56,350.90,3.41,15.0,125.0,0,0,1.41,-2.78,-1.29,-0.283,0.474,0.030,1.000,0.100,0.100,0.100,1,29.0,101.5,763,803,1,0,1,0,16,16,116,0
6.40,climb_cruise,443.4,443.4,34963.1,-270,0.99,-22.61,350.87,3.43,15.0,125.0,0,0,1.41,-2.79,-1.30,-0.283,0.474,0.030,1.000,0.100,0.100,0.100,1,28.9,101.5,763,803,1,0,1,0,16,16,116,0
6.42,climb_cruise,443.4,443.4,34963.0,-265,1.01,-22.67,350.83,3.44,15.0,125.0,0,0,1.42,-2.79,-1.30,-0.284,0.474,0.030,1.000,0.100,0.100,0.100,1,28.9,101.5,763,803,1,0,1,0,16,16,114,0
6.44,climb_cruise,443.3,443.3,34962.9,-259,1.02,-22.73,350.80,3.46,15.0,125.0,0,0,1.42,-2.80,-1.30,-0.284,0.474,0.030,1.000,0.100,0.100,0.100,1,28.8,101.5,763,803,1,0,1,0,16,16,115,0
6.46,climb_cruise,443.3,443.3,34962.8,-253,1.04,-22.78,350.76,3.47,15.0,125.0,0,0,1.42,-2.80,-1.31,-0.284,0.474,0.030,1.000,0.100,0.100,0.100,1,28.8,101.5,763,803,1,0,1,0,16,16,115,0
6.48,climb_cruise,443.3,443.3,34962.7,-246,1.06,-22.84,350.73,3.49,15.0,125.0,0,0,1.43,-2.80,-1.31,-0.285,0.474,0.030,1.000,0.100,0.100,0.100,1,28.7,101.5,763,803,1,0,1,0,16,16,116,0
6.50,climb_cruise,443.3,443.3,34962.7,-240,1.07,-22.90,350.69,3.50,15.0,125.0,0,0,1.43,-2.81,-1.31,-0.285,0.474,0.030,1.000,0.100,0.100,0.100,1,28.7,101.5,763,803,1,0,1,0,16,16,114,0
6.52,climb_cruise,443.2,443.2,34962.6,-234,1.09,-22.95,350.66,3.52,15.0,125.0,0,0,1.44,-2.81,-1.31,-0.285,0.474,0.030,1.000,0.100,0.100,0.100,1,28.6,101.5,763,803,1,0,1,0,16,16,116,0
6.54,climb_cruise,443.2,443.2,34962.5,-228,1.11,-23.01,350.62,3.53,15.0,125.0,0,0,1.44,-2.82,-1.32,-0.286,0.474,0.030,1.000,0.100,0.100,0.100,1,28.5,101.5,763,803,1,0,1,0,16,16,116,0
6.56,climb_cruise,443.2,443.2,34962.4,-222,1.12,-23.07,350.58,3.55,15.0,125.0,0,0,1.45,-2.82,-1.32,-0.286,0.474,0.030,1.000,0.100,0.100,0.100,1,28.5,101.5,763,803,1,0,1,0,16,16,115,0
6.58,climb_cruise,443.2,443.2,34962.4,-215,1.14,-23.12,350.55,3.56,15.0,125.0,0,0,1.45,-2.83,-1.32,-0.286,0.474,0.030,1.000,0.100,0.100,0.100,1,28.4,101.5,763,803,1,0,1,0,16,16,115,0
6.60,climb_cruise,443.1,443.1,34962.3,-209,1.15,-23.18,350.51,3.58,15.0,125.0,0,0,1.45,-2.83,-1.33,-0.286,0.474,0.030,1.000,0.100,0.100,0.100,1,28.4,101.5,763,803,1,0,1,0,16,16,114,0
6.62,climb_cruise,443.1,443.1,34962.2,-202,1.17,-23.24,350.48,3.60,15.0,125.0,0,0,1.46,-2.84,-1.33,-0.287,0.474,0.030,1.000,0.100,0.100,0.100,1,28.3,101.5,763,803,1,0,1,0,16,16,114,0
6.64,climb_cruise,443.1,443.1,34962.1,-196,1.19,-23.30,350.44,3.61,15.0,125.0,0,0,1.46,-2.84,-1.33,-0.287,0.474,0.030,1.000,0.100,0.100,0.100,1,28.3,101.5,763,803,1,0,1,0,16,16,114,0
6.66,climb_cruise,443.1,443.1,34962.1,-189,1.20,-23.35,350.41,3.63,15.0,125.0,0,0,1.47,-2.85,-1.33,-0.287,0.474,0.030,1.000,0.100,0.100,0.100,1,28.2,101.6,763,803,1,0,1,0,16,16,114,0
6.68,climb_cruise,443.0,443.0,34962.0,-182,1.22,-23.41,350.37,3.64,15.0,125.0,0,0,1.47,-2.85,-1.34,-0.287,0.474,0.031,1.000,0.100,0.100,0.100,1,28.1,101.6,763,803,1,0,1,0,16,16,115,0
6.70,climb_cruise,443.0,443.0,34962.0,-176,1.24,-23.47,350.33,3.66,15.0,125.0,0,0,1.47,-2.85,-1.34,-0.287,0.474,0.031,1.000,0.100,0.100,0.100,1,28.1,101.6,763,803,1,0,1,0,16,16,115,0
6.72,climb_cruise,443.0,443.0,34961.9,-169,1.25,-23.53,350.30,3.67,15.0,125.0,0,0,1.48,-2.86,-1.34,-0.288,0.474,0.031,1.000,0.100,0.100,0.100,1,28.0,101.6,763,803,1,0,1,0,16,16,115,0
6.74,climb_cruise,443.0,443.0,34961.8,-162,1.27,-23.58,350.26,3.69,15.0,125.0,0,0,1.48,-2.86,-1.35,-0.288,0.474,0.031,1.000,0.100,0.100,0.100,1,28.0,101.6,763,803,1,0,1,0,16,16,114,0
6.76,climb_cruise,442.9,442.9,34961.8,-155,1.28,-23.64,350.22,3.70,15.0,125.0,0,0,1.48,-2.87,-1.35,-0.288,0.474,0.031,1.000,0.100,0.100,0.100,1,27.9,101.6,763,803,1,0,1,0,16,16,114,0
6.78,climb_cruise,442.9,442.9,34961.7,-148,1.30,-23.70,350.19,3.72,15.0,125.0,0,0,1.49,-2.87,-1.35,-0.288,0.474,0.031,1.000,0.100,0.100,0.100,1,27.9,101.6,763,803,1,0,1,0,16,16,115,0
6.80,climb_cruise,442.9,442.9,34961.7,-141,1.32,-23.76,350.15,3.73,15.0,125.0,0,0,1.49,-2.88,-1.36,-0.288,0.474,0.031,1.000,0.100,0.100,0.100,1,27.8,101.6,763,803,1,0,1,0,16,16,115,0
6.82,climb_cruise,442.8,442.8,34961.6,-134,1.33,-23.82,350.11,3.75,15.0,125.0,0,0,1.49,-2.88,-1.36,-0.288,0.474,0.031,1.000,0.100,0.100,0.100,1,27.7,101.6,763,803,1,0,1,0,16,16,114,0
6.84,climb_cruise,442.8,442.8,34961.6,-127,1.35,-23.88,350.08,3.76,15.0,125.0,0,0,1.50,-2.88,-1.36,-0.288,0.474,0.031,1.000,0.100,0.100,0.100,1,27.7,101.6,763,803,1,0,1,0,16,16,116,0
6.86,climb_cruise,442.8,442.8,34961.6,-120,1.37,-23.94,350.04,3.78,15.0,125.0,0,0,1.50,-2.89,-1.36,-0.288,0.474,0.031,1.000,0.100,0.100,0.100,1,27.6,101.6,763,803,1,0,1,0,16,16,115,0
6.88,climb_cruise,442.8,442.8,34961.5,-113,1.38,-23.99,350.00,3.79,15.0,125.0,0,0,1.50,-2.89,-1.37,-0.288,0.474,0.031,1.000,0.100,0.100,0.100,1,27.6,101.6,763,803,1,0,1,0,16,16,115,0
6.90,climb_cruise,442.7,442.7,34961.5,-105,1.40,-24.05,349.96,3.80,15.0,125.0,0,0,1.51,-2.90,-1.37,-0.288,0.474,0.031,1.000,0.100,0.100,0.100,1,27.5,101.6,763,803,1,0,1,0,16,16,115,0
6.92,climb_cruise,442.7,442.7,34961.4,-98,1.42,-24.11,349.93,3.82,15.0,125.0,0,0,1.51,-2.90,-1.37,-0.288,0.474,0.031,1.000,0.100,0.100,0.100,1,27.5,101.6,763,803,1,0,1,0,16,16,114,0
6.94,climb_cruise,442.7,442.7,34961.4,-91,1.43,-24.17,349.89,3.83,15.0,125.0,0,0,1.51,-2.91,-1.38,-0.288,0.474,0.031,1.000,0.100,0.100,0.100,1,27.4,101.6,763,803,1,0,1,0,16,16,114,0
6.96,climb_cruise,442.7,442.7,34961.4,-83,1.45,-24.23,349.85,3.85,15.0,125.0,0,0,1.51,-2.91,-1.38,-0.288,0.474,0.031,1.000,0.100,0.100,0.100,1,27.4,101.6,763,803,1,0,1,0,16,16,114,0
6.98,climb_cruise,442.6,442.6,34961.4,-76,1.47,-24.29,349.81,3.86,15.0,125.0,0,0,1.52,-2.91,-1.38,-0.288,0.474,0.032,1.000,0.100,0.100,0.100,1,27.3,101.6,763,803,1,0,1,0,16,16,115,0
7.00,climb_cruise,442.6,442.6,34961.3,-68,1.48,-24.35,349.78,3.88,15.0,125.0,0,0,1.52,-2.92,-1.39,-0.288,0.474,0.032,1.000,0.100,0.100,0.100,1,27.3,101.6,763,803,1,0,1,0,16,16,114,0
7.02,climb_cruise,442.6,442.6,34961.3,-61,1.50,-24.41,349.74,3.89,15.0,125.0,0,0,1.52,-2.92,-1.39,-0.288,0.474,0.032,1.000,0.100,0.100,0.100,1,27.2,101.6,763,803,1,0,1,0,16,16,115,0
7.04,climb_cruise,442.5,442.5,34961.3,-53,1.51,-24.47,349.70,3.90,15.0,125.0,0,0,1.53,-2.93,-1.39,-0.288,0.474,0.032,1.000,0.100,0.100,0.100,1,27.1,101.6,763,803,1,0,1,0,16,16,116,0
7.06,climb_cruise,442.5,442.5,34961.3,-46,1.53,-24.53,349.66,3.92,15.0,125.0,0,0,1.53,-2.93,-1.40,-0.288,0.474,0.032,1.000,0.100,0.100,0.100,1,27.1,101.7,763,804,1,0,1,0,16,16,116,0
7.08,climb_cruise,442.5,442.5,34961.3,-38,1.55,-24.59,349.62,3.93,15.0,125.0,0,0,1.53,-2.93,-1.40,-0.288,0.474,0.032,1.000,0.100,0.100,0.100,1,27.0,101.7,763,804,1,0,1,0,16,16,115,0
7.10,climb_cruise,442.5,442.5,34961.2,-30,1.56,-24.65,349.59,3.95,15.0,125.0,0,0,1.53,-2.94,-1.40,-0.287,0.474,0.032,1.000,0.100,0.100,0.100,1,27.0,101.7,763,804,1,0,1,0,16,16,115,0
7.12,climb_cruise,442.4,442.4,34961.2,-22,1.58,-24.71,349.55,3.96,15.0,125.0,0,0,1.53,-2.94,-1.40,-0.287,0.474,0.032,1.000,0.100,0.100,0.100,1,26.9,101.7,763,804,1,0,1,0,16,16,116,0
7.14,climb_cruise,442.4,442.4,34961.2,-14,1.60,-24.77,349.51,3.97,15.0,125.0,0,0,1.54,-2.95,-1.41,-0.287,0.474,0.032,1.000,0.100,0.100,0.100,1,26.9,101.7,763,804,1,0,1,0,16,16,115,0
7.16,climb_cruise,442.4,442.4,34961.2,-7,1.61,-24.83,349.47,3.99,15.0,125.0,0,0,1.54,-2.95,-1.41,-0.287,0.474,0.032,1.000,0.100,0.100,0.100,1,26.8,101.7,763,804,1,0,1,0,16,16,115,0
7.18,climb_cruise,442.4,442.4,34961.2,1,1.63,-24.89,349.43,4.00,15.0,125.0,0,0,1.54,-2.95,-1.41,-0.287,0.474,0.032,1.000,0.100,0.100,0.100,1,26.8,101.7,763,804,1,0,1,0,16,16,115,0
7.20,climb_cruise,442.3,442.3,34961.2,9,1.64,-24.95,349.39,4.02,15.0,125.0,0,0,1.54,-2.96,-1.42,-0.286,0.474,0.032,1.000,0.100,0.100,0.100,1,26.7,101.7,763,804,1,0,1,0,16,16,115,0
7.22,climb_cruise,442.3,442.3,34961.2,17,1.66,-25.01,349.36,4.03,15.0,125.0,0,0,1.54,-2.96,-1.42,-0.286,0.474,0.032,1.000,0.100,0.100,0.100,1,26.7,101.7,763,804,1,0,1,0,16,16,116,0
7.24,climb_cruise,442.3,442.3,34961.2,25,1.68,-25.07,349.32,4.04,15.0,125.0,0,0,1.55,-2.97,-1.42,-0.286,0.474,0.032,1.000,0.100,0.100,0.100,1,26.6,101.7,763,804,1,0,1,0,16,16,114,0
7.26,climb_cruise,442.2,442.2,34961.2,34,1.69,-25.13,349.28,4.06,15.0,125.0,0,0,1.55,-2.97,-1.43,-0.286,0.474,0.032,1.000,0.100,0.100,0.100,1,26.6,101.7,763,804,1,0,1,0,16,16,115,0
7.28,climb_cruise,442.2,442.2,34961.3,42,1.71,-25.19,349.24,4.07,15.0,125.0,0,0,1.55,-2.97,-1.43,-0.285,0.474,0.032,1.000,0.100,0.100,0.100,1,26.5,101.7,763,804,1,0,1,0,16,16,115,0
7.30,climb_cruise,442.2,442.2,34961.3,50,1.72,-25.25,349.20,4.08,15.0,125.0,0,0,1.55,-2.98,-1.43,-0.285,0.474,0.033,1.000,0.100,0.100,0.100,1,26.4,101.7,763,804,1,0,1,0,16,16,115,0
7.32,climb_cruise,442.1,442.1,34961.3,58,1.74,-25.31,349.16,4.10,15.0,125.0,0,0,1.55,-2.98,-1.44,-0.285,0.474,0.033,1.000,0.100,0.100,0.100,1,26.4,101.7,763,804,1,0,1,0,16,16,116,0
7.34,climb_cruise,442.1,442.1,34961.3,66,1.76,-25.37,349.12,4.11,15.0,125.0,0,0,1.55,-2.99,-1.44,-0.284,0.474,0.033,1.000,0.100,0.100,0.100,1,26.3,101.7,763,804,1,0,1,0,16,16,115,0
7.36,climb_cruise,442.1,442.1,34961.3,75,1.77,-25.43,349.08,4.12,15.0,125.0,0,0,1.56,-2.99,-1.44,-0.284,0.474,0.033,1.000,0.100,0.100,0.100,1,26.3,101.7,763,804,1,0,1,0,16,16,116,0
7.38,climb_cruise,442.1,442.1,34961.4,83,1.79,-25.49,349.04,4.13,15.0,125.0,0,0,1.56,-2.99,-1.45,-0.284,0.474,0.033,1.000,0.100,0.100,0.100,1,26.2,101.7,763,804,1,0,1,0,16,16,116,0
7.40,climb_cruise,442.0,442.0,34961.4,91,1.80,-25.55,349.00,4.15,15.0,125.0,0,0,1.56,-3.00,-1.45,-0.283,0.474,0.033,1.000,0.100,0.100,0.100,1,26.2,101.7,763,804,1,0,1,0,16,16,115,0
7.42,climb_cruise,442.0,442.0,34961.4,100,1.82,-25.61,348.96,4.16,15.0,125.0,0,0,1.56,-3.00,-1.45,-0.283,0.474,0.033,1.000,0.100,0.100,0.100,1,26.1,101.7,763,804,1,0,1,0,16,16,115,0
7.44,climb_cruise,442.0,442.0,34961.4,108,1.83,-25.68,348.92,4.17,15.0,125.0,0,0,1.56,-3.01,-1.46,-0.282,0.474,0.033,1.000,0.100,0.100,0.100,1,26.1,101.7,763,804,1,0,1,0,16,16,114,0
7.46,climb_cruise,441.9,441.9,34961.5,117,1.85,-25.74,348.88,4.19,15.0,125.0,0,0,1.56,-3.01,-1.46,-0.282,0.474,0.033,1.000,0.100,0.100,0.100,1,26.0,101.7,763,804,1,0,1,0,16,16,116,0
7.48,climb_cruise,441.9,441.9,34961.5,125,1.86,-25.80,348.84,4.20,15.0,125.0,0,0,1.56,-3.01,-1.46,-0.281,0.474,0.033,1.000,0.100,0.100,0.100,1,26.0,101.7,763,804,1,0,1,0,16,16,114,0
7.50,climb_cruise,441.9,441.9,34961.6,134,1.88,-25.86,348.80,4.21,15.0,125.0,0,0,1.56,-3.02,-1.46,-0.281,0.474,0.033,1.000,0.100,0.100,0.100,1,25.9,101.7,763,804,1,0,1,0,16,16,115,0
7.52,climb_cruise,441.8,441.8,34961.6,142,1.90,-25.92,348.76,4.22,15.0,125.0,0,0,1.56,-3.02,-1.47,-0.280,0.474,0.033,1.000,0.100,0.100,0.100,1,25.9,101.7,763,804,1,0,1,0,16,16,115,0
7.54,climb_cruise,441.8,441.8,34961.7,151,1.91,-25.98,348.72,4.23,15.0,125.0,0,0,1.56,-3.03,-1.47,-0.280,0.474,0.033,1.000,0.100,0.100,0.100,1,25.8,101.7,763,804,1,0,1,0,16,16,115,0
7.56,climb_cruise,441.8,441.8,34961.7,160,1.93,-26.05,348.68,4.25,15.0,125.0,0,0,1.56,-3.03,-1.47,-0.279,0.474,0.033,1.000,0.100,0.100,0.100,1,25.8,101.7,763,804,1,0,1,0,16,16,116,0
7.58,climb_cruise,441.8,441.8,34961.8,168,1.94,-26.11,348.64,4.26,15.0,125.0,0,0,1.57,-3.03,-1.48,-0.279,0.474,0.033,1.000,0.100,0.100,0.100,1,25.7,101.7,763,804,1,0,1,0,16,16,115,0
7.60,climb_cruise,441.7,441.7,34961.8,177,1.96,-26.17,348.60,4.27,15.0,125.0,0,0,1.57,-3.04,-1.48,-0.278,0.474,0.033,1.000,0.100,0.100,0.100,1,25.7,101.8,763,804,1,0,1,0,16,16,115,0
7.62,climb_cruise,441.7,441.7,34961.9,186,1.97,-26.23,348.56,4.28,15.0,125.0,0,0,1.57,-3.04,-1.48,-0.277,0.474,0.034,1.000,0.100,0.100,0.100,1,25.6,101.8,763,804,1,0,1,0,16,16,115,0
7.64,climb_cruise,441.7,441.7,34961.9,194,1.99,-26.29,348.52,4.29,15.0,125.0,0,0,1.57,-3.04,-1.49,-0.277,0.474,0.034,1.000,0.100,0.100,0.100,1,25.6,101.8,763,804,1,0,1,0,16,16,116,0
7.66,climb_cruise,441.6,441.6,34962.0,203,2.00,-26.36,348.48,4.31,15.0,125.0,0,0,1.57,-3.05,-1.49,-0.276,0.474,0.034,1.000,0.100,0.100,0.100,1,25.5,101.8,763,804,1,0,1,0,16,16,116,0
7.68,climb_cruise,441.6,441.6,34962.1,212,2.02,-26.42,348.44,4.32,15.0,125.0,0,0,1.57,-3.05,-1.49,-0.276,0.474,0.034,1.000,0.100,0.100,0.100,1,25.5,101.8,763,804,1,0,1,0,16,16,114,0
7.70,climb_cruise,441.6,441.6,34962.1,221,2.03,-26.48,348.40,4.33,15.0,125.0,0,0,1.57,-3.06,-1.50,-0.275,0.474,0.034,1.000,0.100,0.100,0.100,1,25.4,101.8,763,804,1,0,1,0,16,16,115,0
7.72,climb_cruise,441.5,441.5,34962.2,230,2.05,-26.54,348.36,4.34,15.0,125.0,0,0,1.57,-3.06,-1.50,-0.274,0.474,0.034,1.000,0.100,0.100,0.100,1,25.4,101.8,763,804,1,0,1,0,16,16,114,0
7.74,climb_cruise,441.5,441.5,34962.3,239,2.06,-26.61,348.32,4.35,15.0,125.0,0,0,1.57,-3.06,-1.50,-0.273,0.474,0.034,1.000,0.100,0.100,0.100,1,25.3,101.8,763,804,1,0,1,0,16,16,116,0
7.76,climb_cruise,441.5,441.5,34962.4,248,2.07,-26.67,348.28,4.36,15.0,125.0,0,0,1.57,-3.07,-1.51,-0.273,0.474,0.034,1.000,0.100,0.100,0.100,1,25.3,101.8,763,804,1,0,1,0,16,16,114,0
7.78,climb_cruise,441.4,441.4,34962.5,257,2.09,-26.73,348.23,4.37,15.0,125.0,0,0,1.57,-3.07,-1.51,-0.272,0.474,0.034,1.000,0.100,0.100,0.100,1,25.2,101.8,763,804,1,0,1,0,16,16,115,0
7.80,climb_cruise,441.4,441.4,34962.5,266,2.10,-26.80,348.19,4.38,15.0,125.0,0,0,1.57,-3.07,-1.51,-0.271,0.474,0.034,1.000,0.100,0.100,0.100,1,25.2,101.8,763,804,1,0,1,0,16,16,115,0
7.82,climb_cruise,441.4,441.4,34962.6,275,2.12,-26.86,348.15,4.40,15.0,125.0,0,0,1.57,-3.08,-1.52,-0.270,0.474,0.034,1.000,0.100,0.100,0.100,1,25.1,101.8,763,804,1,0,1,0,16,16,116,0
7.84,climb_cruise,441.3,441.3,34962.7,284,2.13,-26.92,348.11,4.41,15.0,125.0,0,0,1.56,-3.08,-1.52,-0.270,0.474,0.034,1.000,0.100,0.100,0.100,1,25.1,101.8,763,804,1,0,1,0,16,16,115,0
7.86,climb_cruise,441.3,441.3,34962.8,293,2.15,-26.99,348.07,4.42,15.0,125.0,0,0,1.56,-3.09,-1.52,-0.269,0.474,0.034,1.000,0.100,0.100,0.100,1,25.0,101.8,763,804,1,0,1,0,16,16,116,0
7.88,climb_cruise,441.3,441.3,34962.9,302,2.16,-27.05,348.03,4.43,15.0,125.0,0,0,1.56,-3.09,-1.53,-0.268,0.474,0.034,1.000,0.100,0.100,0.100,1,25.0,101.8,763,804,1,0,1,0,16,16,114,0
7.90,climb_cruise,441.2,441.2,34963.0,311,2.17,-27.11,347.99,4.44,15.0,125.0,0,0,1.56,-3.09,-1.53,-0.267,0.474,0.034,1.000,0.100,0.100,0.100,1,24.9,101.8,763,804,1,0,1,0,16,16,116,0
7.92,climb_cruise,441.2,441.2,34963.1,320,2.19,-27.18,347.95,4.45,15.0,125.0,0,0,1.56,-3.10,-1.53,-0.266,0.474,0.034,1.000,0.100,0.100,0.100,1,24.9,101.8,763,804,1,0,1,0,16,16,115,0
7.94,climb_cruise,441.2,441.2,34963.2,329,2.20,-27.24,347.90,4.46,15.0,125.0,0,0,1.56,-3.10,-1.54,-0.265,0.474,0.035,1.000,0.100,0.100,0.100,1,24.8,101.8,763,804,1,0,1,0,16,16,115,0
7.96,climb_cruise,441.2,441.2,34963.3,338,2.22,-27.30,347.86,4.47,15.0,125.0,0,0,1.56,-3.10,-1.54,-0.264,0.474,0.035,1.000,0.100,0.100,0.100,1,24.8,101.8,763,804,1,0,1,0,16,16,115,0
7.98,climb_cruise,441.1,441.1,34963.5,347,2.23,-27.37,347.82,4.48,15.0,125.0,0,0,1.56,-3.11,-1.54,-0.263,0.474,0.035,1.000,0.100,0.100,0.100,1,24.7,101.8,763,804,1,0,1,0,16,16,115,0
8.00,climb_cruise,441.1,441.1,34963.6,356,2.24,-27.43,347.78,4.49,15.0,125.0,0,0,1.56,-3.11,-1.55,-0.263,0.474,0.035,1.000,0.100,0.100,0.100,1,24.7,101.8,763,804,1,0,1,0,16,16,114,0
8.02,climb_cruise,441.1,441.1,34963.7,366,2.26,-27.49,347.74,4.50,15.0,125.0,0,0,1.56,-3.12,-1.55,-0.262,0.474,0.035,1.000,0.100,0.100,0.100,1,24.6,101.8,763,804,1,0,1,0,16,16,115,0
8.04,climb_cruise,441.0,441.0,34963.8,375,2.27,-27.56,347.69,4.51,15.0,125.0,0,0,1.55,-3.12,-1.55,-0.261,0.474,0.035,1.000,0.100,0.100,0.100,1,24.6,101.8,763,804,1,0,1,0,16,16,115,0
8.06,climb_cruise,441.0,441.0,34963.9,384,2.28,-27.62,347.65,4.52,15.0,125.0,0,0,1.55,-3.12,-1.56,-0.260,0.474,0.035,1.000,0.100,0.100,0.100,1,24.5,101.8,763,804,1,0,1,0,16,16,114,0
8.08,climb_cruise,441.0,441.0,34964.1,393,2.30,-27.69,347.61,4.53,15.0,125.0,0,0,1.55,-3.13,-1.56,-0.259,0.474,0.035,1.000,0.100,0.100,0.100,1,24.5,101.8,763,804,1,0,1,0,16,16,116,0
8.10,climb_cruise,440.9,440.9,34964.2,403,2.31,-27.75,347.57,4.54,15.0,125.0,0,0,1.55,-3.13,-1.56,-0.258,0.474,0.035,1.000,0.100,0.100,0.100,1,24.4,101.8,763,804,1,0,1,0,16,16,115,0
8.12,climb_cruise,440.9,440.9,34964.3,412,2.32,-27.81,347.53,4.55,15.0,125.0,0,0,1.55,-3.13,-1.57,-0.256,0.474,0.035,1.000,0.100,0.100,0.100,1,24.4,101.8,763,804,1,0,1,0,16,16,116,0
8.14,climb_cruise,440.8,440.8,34964.5,421,2.33,-27.88,347.48,4.55,15.0,125.0,0,0,1.55,-3.14,-1.57,-0.255,0.474,0.035,1.000,0.100,0.100,0.100,1,24.3,101.8,763,804,1,0,1,0,16,16,116,0
8.16,climb_cruise,440.8,440.8,34964.6,430,2.35,-27.94,347.44,4.56,15.0,125.0,0,0,1.55,-3.14,-1.57,-0.254,0.474,0.035,1.000,0.100,0.100,0.100,1,24.3,101.8,763,804,1,0,1,0,16,16,114,0
8.18,climb_cruise,440.8,440.8,34964.8,440,2.36,-28.01,347.40,4.57,15.0,125.0,0,0,1.54,-3.14,-1.58,-0.253,0.474,0.035,1.000,0.100,0.100,0.100,1,24.2,101.8,763,804,1,0,1,0,16,16,115,0
8.20,climb_cruise,440.7,440.7,34964.9,449,2.37,-28.07,347.36,4.58,15.0,125.0,0,0,1.54,-3.15,-1.58,-0.252,0.474,0.035,1.000,0.100,0.100,0.100,1,24.2,101.8,763,804,1,0,1,0,16,16,114,0
8.22,climb_cruise,440.7,440.7,34965.1,458,2.38,-28.14,347.31,4.59,15.0,125.0,0,0,1.54,-3.15,-1.58,-0.251,0.474,0.035,1.000,0.100,0.100,0.100,1,24.1,101.8,763,804,1,0,1,0,16,16,115,0
8.24,climb_cruise,440.7,440.7,34965.2,468,2.40,-28.20,347.27,4.60,15.0,125.0,0,0,1.54,-3.15,-1.59,-0.250,0.474,0.035,1.000,0.100,0.100,0.100,1,24.1,101.8,763,804,1,0,1,0,16,16,114,0
8.26,climb_cruise,440.6,440.6,34965.4,477,2.41,-28.27,347.23,4.61,15.0,125.0,0,0,1.53,-3.16,-1.59,-0.249,0.474,0.036,1.000,0.100,0.100,0.100,1,24.0,101.8,763,804,1,0,1,0,16,16,116,0
8.28,climb_cruise,440.6,440.6,34965.5,486,2.42,-28.33,347.19,4.61,15.0,125.0,0,0,1.53,-3.16,-1.59,-0.247,0.474,0.036,1.000,0.100,0.100,0.100,1,24.0,101.8,763,804,1,0,1,0,16,16,115,0
8.30,climb_cruise,440.6,440.6,34965.7,496,2.43,-28.40,347.14,4.62,15.0,125.0,0,0,1.53,-3.16,-1.60,-0.246,0.474,0.036,1.000,0.100,0.100,0.100,1,23.9,101.8,763,804,1,0,1,0,16,16,115,0
8.32,climb_cruise,440.5,440.5,34965.9,505,2.44,-28.46,347.10,4.63,15.0,125.0,0,0,1.53,-3.17,-1.60,-0.245,0.474,0.036,1.000,0.100,0.100,0.100,1,23.9,101.8,763,804,1,0,1,0,16,16,115,0
8.34,climb_cruise,440.5,440.5,34966.0,514,2.46,-28.53,347.06,4.64,15.0,125.0,0,0,1.53,-3.17,-1.60,-0.244,0.474,0.036,1.000,0.100,0.100,0.100,1,23.8,101.8,763,804,1,0,1,0,16,16,114,0
8.36,climb_cruise,440.5,440.5,34966.2,524,2.47,-28.59,347.02,4.65,15.0,125.0,0,0,1.52,-3.18,-1.60,-0.242,0.474,0.036,1.000,0.100,0.100,0.100,1,23.8,101.8,763,804,1,0,1,0,16,16,115,0
8.38,climb_cruise,440.4,440.4,34966.4,533,2.48,-28.66,346.97,4.65,15.0,125.0,0,0,1.52,-3.18,-1.61,-0.241,0.474,0.036,1.000,0.100,0.100,0.100,1,23.7,101.8,763,804,1,0,1,0,16,16,115,0
8.40,climb_cruise,440.4,440.4,34966.6,542,2.49,-28.72,346.93,4.66,15.0,125.0,0,0,1.52,-3.18,-1.61,-0.240,0.474,0.036,1.000,0.100,0.100,0.100,1,23.7,101.8,763,804,1,0,1,0,16,16,115,0
8.42,climb_cruise,440.4,440.4,34966.7,552,2.49,-28.84,346.89,4.67,15.0,125.0,0,0,0.48,-8.14,-1.74,-0.095,0.189,0.014,1.000,0.100,0.100,0.100,1,23.6,101.9,763,804,1,0,1,0,16,32,114,0
8.44,climb_cruise,440.3,440.3,34966.9,561,2.48,-29.03,346.86,4.66,15.0,125.0,0,0,-0.58,-11.02,-1.89,-0.060,0.130,0.009,1.000,0.100,0.100,0.100,1,23.6,101.9,763,804,1,0,1,0,16,48,115,0
8.46,climb_cruise,440.3,440.3,34967.1,571,2.44,-29.26,346.83,4.63,15.0,125.0,0,0,-1.45,-12.31,-2.03,-0.052,0.117,0.008,1.000,0.100,0.100,0.100,1,23.6,101.9,763,804,1,0,1,0,16,64,115,0
8.48,climb_cruise,440.3,440.3,34967.3,580,2.39,-29.51,346.82,4.59,15.0,125.0,0,0,-2.09,-12.86,-2.15,-0.050,0.115,0.008,1.000,0.100,0.100,0.100,1,23.5,101.9,763,804,1,0,1,0,16,80,114,0
8.50,climb_cruise,440.2,440.2,34967.5,588,2.33,-29.77,346.80,4.54,15.0,125.0,0,0,-2.51,-13.10,-2.27,-0.049,0.114,0.008,1.000,0.100,0.100,0.100,1,23.5,101.9,763,804,1,0,1,0,16,96,114,0
8.52,climb_cruise,440.2,440.2,34967.7,596,2.26,-30.04,346.79,4.48,15.0,125.0,0,0,-2.72,-13.22,-2.37,-0.049,0.114,0.008,1.000,0.100,0.100,0.100,1,23.4,101.9,763,804,1,0,1,0,16,112,114,0
8.54,climb_cruise,440.2,440.2,34967.9,604,2.19,-30.30,346.77,4.42,15.0,125.0,0,0,-2.76,-13.28,-2.45,-0.049,0.114,0.008,1.000,0.100,0.100,0.100,1,23.4,101.9,763,804,1,0,1,0,16,128,115,0
8.56,climb_cruise,440.1,440.1,34968.1,611,2.12,-30.57,346.76,4.36,15.0,125.0,0,0,-2.65,-13.33,-2.53,-0.049,0.114,0.008,1.000,0.100,0.100,0.100,1,23.3,101.9,763,804,1,0,1,0,16,144,114,0
8.58,climb_cruise,440.1,440.1,34968.3,618,2.05,-30.84,346.74,4.31,15.0,125.0,0,0,-2.43,-13.37,-2.59,-0.050,0.114,0.008,1.000,0.100,0.100,0.100,1,23.3,101.9,763,804,1,0,1,0,16,160,115,0
8.60,climb_cruise,440.0,440.0,34968.5,624,1.98,-31.11,346.72,4.26,15.0,125.0,0,0,-2.13,-13.41,-2.64,-0.050,0.114,0.008,1.000,0.100,0.100,0.100,1,23.2,101.9,763,804,1,0,1,0,16,176,114,0
8.62,climb_cruise,440.0,440.0,34968.7,630,1.92,-31.38,346.69,4.21,15.0,125.0,0,0,-1.76,-13.44,-2.68,-0.050,0.114,0.008,1.000,0.100,0.100,0.100,1,23.2,101.9,763,804,1,0,1,0,16,192,114,0
8.64,climb_cruise,440.0,440.0,34968.9,636,1.86,-31.65,346.66,4.17,15.0,125.0,0,0,-1.36,-13.47,-2.70,-0.050,0.114,0.008,1.000,0.100,0.100,0.100,1,23.1,101.9,763,804,1,0,1,0,16,208,115,0
8.66,climb_cruise,439.9,439.9,34969.2,641,1.81,-31.92,346.63,4.14,15.0,125.0,0,0,-0.95,-13.49,-2.72,-0.050,0.114,0.008,1.000,0.100,0.100,0.100,1,23.1,101.9,763,804,1,0,1,0,16,224,115,0
8.68,climb_cruise,439.9,439.9,34969.4,647,1.77,-32.19,346.59,4.12,15.0,125.0,0,0,-0.54,-13.51,-2.73,-0.050,0.114,0.008,1.000,0.100,0.100,0.100,1,23.0,101.9,763,804,1,0,1,0,16,240,114,0
8.70,climb_cruise,439.9,439.9,34969.6,651,1.74,-32.46,346.55,4.11,15.0,125.0,0,0,-0.16,-13.53,-2.73,-0.050,0.114,0.008,1.000,0.100,0.100,0.100,1,23.0,101.9,763,804,1,0,1,0,16,256,114,0
8.72,climb_cruise,439.8,439.8,34969.8,656,1.71,-32.73,346.50,4.11,15.0,125.0,0,0,0.19,-13.55,-2.73,-0.050,0.114,0.008,1.000,0.100,0.100,0.100,1,22.9,101.9,763,804,1,0,1,0,16,272,115,0
8.74,climb_cruise,439.8,439.8,34970.0,660,1.68,-33.00,346.45,4.11,15.0,125.0,0,0,0.51,-13.56,-2.72,-0.050,0.114,0.008,1.000,0.100,0.100,0.100,1,22.9,101.9,763,804,1,0,1,0,16,288,115,0
8.76,climb_cruise,439.8,439.8,34970.3,665,1.66,-33.28,346.40,4.12,15.0,125.0,0,0,0.78,-13.57,-2.71,-0.050,0.114,0.008,1.000,0.100,0.100,0.100,1,22.9,101.9,763,804,1,0,1,0,16,304,115,0
8.78,climb_cruise,439.7,439.7,34970.5,669,1.65,-33.55,346.35,4.13,15.0,125.0,0,0,1.00,-13.58,-2.70,-0.050,0.114,0.008,1.000,0.100,0.100,0.100,1,22.8,101.9,763,804,1,0,1,0,16,320,114,0
8.80,climb_cruise,439.7,439.7,34970.7,673,1.64,-33.82,346.29,4.15,15.0,125.0,0,0,1.17,-13.59,-2.69,-0.050,0.114,0.008,1.000,0.100,0.100,0.100,1,22.8,101.9,763,804,1,0,1,0,16,336,116,0
8.82,climb_cruise,439.7,439.7,34970.9,677,1.63,-34.10,346.23,4.17,15.0,125.0,0,0,1.30,-13.60,-2.67,-0.050,0.114,0.008,1.000,0.100,0.100,0.100,1,22.7,101.9,763,804,1,0,1,0,16,352,114,0
8.84,climb_cruise,439.6,439.6,34971.1,681,1.62,-34.37,346.17,4.19,15.0,125.0,0,0,1.39,-13.60,-2.66,-0.050,0.114,0.008,1.000,0.100,0.100,0.100,1,22.7,101.9,763,804,1,0,1,0,16,368,115,0
8.86,climb_cruise,439.6,439.6,34971.4,685,1.61,-34.64,346.11,4.21,15.0,125.0,0,0,1.44,-13.60,-2.65,-0.050,0.114,0.008,1.000,0.100,0.100,0.100,1,22.6,101.9,763,804,1,0,1,0,16,384,115,0
8.88,climb_cruise,439.6,439.6,34971.6,689,1.60,-34.92,346.05,4.24,15.0,125.0,0,0,1.45,-13.61,-2.63,-0.050,0.114,0.008,1.000,0.100,0.100,0.100,1,22.6,101.9,763,804,1,0,1,0,16,400,114,0
8.90,climb_cruise,439.5,439.5,34971.8,693,1.60,-35.19,345.99,4.26,15.0,125.0,0,0,1.45,-13.61,-2.62,-0.049,0.114,0.008,1.000,0.100,0.100,0.100,1,22.5,101.9,763,804,1,0,1,0,16,416,116,0
8.92,climb_cruise,439.5,439.5,34972.1,697,1.59,-35.47,345.93,4.28,15.0,125.0,0,0,1.41,-13.61,-2.61,-0.049,0.114,0.008,1.000,0.100,0.100,0.100,1,22.5,101.9,763,804,1,0,1,0,16,416,115,0
8.94,climb_cruise,439.5,439.5,34972.3,701,1.58,-35.74,345.88,4.31,15.0,125.0,0,0,1.37,-13.61,-2.61,-0.049,0.114,0.008,1.000,0.100,0.100,0.100,1,22.4,101.9,763,804,1,0,1,0,16,416,115,0
8.96,climb_cruise,439.4,439.4,34972.5,705,1.57,-36.01,345.82,4.33,15.0,125.0,0,0,1.31,-13.61,-2.61,-0.049,0.114,0.008,1.000,0.100,0.100,0.100,1,22.4,101.9,763,804,1,0,1,0,16,416,116,0
8.98,climb_cruise,439.4,439.4,34972.8,708,1.57,-36.29,345.76,4.35,15.0,125.0,0,0,1.25,-13.60,-2.60,-0.049,0.114,0.008,1.000,0.100,0.100,0.100,1,22.4,101.9,763,804,1,0,1,0,16,416,115,0
9.00,climb_cruise,439.4,439.4,34973.0,712,1.55,-36.56,345.70,4.36,15.0,125.0,0,0,1.18,-13.60,-2.61,-0.049,0.114,0.008,1.000,0.100,0.100,0.100,1,22.3,101.9,763,804,1,0,1,0,16,416,115,0
9.02,climb_cruise,439.3,439.3,34973.2,715,1.54,-36.83,345.65,4.38,15.0,125.0,0,0,1.12,-13.60,-2.61,-0.049,0.114,0.008,1.000,0.100,0.100,0.100,1,22.3,101.9,763,804,1,0,1,0,16,416,115,0
9.04,climb_cruise,439.3,439.3,34973.5,719,1.53,-37.11,345.59,4.40,15.0,125.0,0,0,1.06,-13.60,-2.61,-0.048,0.114,0.008,1.000,0.100,0.100,0.100,1,22.2,101.9,763,804,1,0,1,0,16,416,114,0
9.06,climb_cruise,439.3,439.3,34973.7,722,1.51,-37.38,345.54,4.41,15.0,125.0,0,0,1.00,-13.60,-2.62,-0.048,0.114,0.008,1.000,0.100,0.100,0.100,1,22.2,101.9,763,804,1,0,1,0,16,416,115,0
9.08,climb_cruise,439.2,439.2,34974.0,725,1.50,-37.65,345.49,4.42,15.0,125.0,0,0,0.95,-13.60,-2.63,-0.048,0.114,0.008,1.000,0.100,0.100,0.100,1,22.1,101.9,763,804,1,0,1,0,16,416,115,0
9.10,climb_cruise,439.2,439.2,34974.2,728,1.48,-37.93,345.43,4.43,15.0,125.0,0,0,0.92,-13.60,-2.64,-0.048,0.114,0.008,1.000,0.100,0.100,0.100,1,22.1,101.9,763,804,1,0,1,0,16,416,116,0
9.12,climb_cruise,439.1,439.1,34974.4,731,1.46,-38.20,345.38,4.44,15.0,125.0,0,0,0.88,-13.60,-2.65,-0.048,0.114,0.008,1.000,0.100,0.100,0.100,1,22.0,101.9,763,804,1,0,1,0,16,416,115,0
9.14,climb_cruise,439.1,439.1,34974.7,734,1.44,-38.47,345.33,4.45,15.0,125.0,0,0,0.86,-13.60,-2.66,-0.048,0.114,0.008,1.000,0.100,0.100,0.100,1,22.0,101.9,763,804,1,0,1,0,16,416,115,0
9.16,climb_cruise,439.1,439.1,34974.9,737,1.42,-38.75,345.27,4.46,15.0,125.0,0,0,0.85,-13.61,-2.68,-0.048,0.114,0.008,1.000,0.100,0.100,0.100,1,22.0,101.9,763,804,1,0,1,0,16,416,115,0
9.18,climb_cruise,439.0,439.0,34975.2,739,1.40,-39.02,345.22,4.47,15.0,125.0,0,0,0.85,-13.61,-2.69,-0.048,0.114,0.008,1.000,0.100,0.100,0.100,1,21.9,101.9,763,804,1,0,1,0,16,416,116,0
9.20,climb_cruise,439.0,439.0,34975.4,742,1.38,-39.29,345.17,4.48,15.0,125.0,0,0,0.85,-13.61,-2.71,-0.048,0.114,0.008,1.000,0.100,0.100,0.100,1,21.9,101.9,763,804,1,0,1,0,16,416,116,0
9.22,climb_cruise,439.0,439.0,34975.7,744,1.36,-39.57,345.12,4.48,15.0,125.0,0,0,0.86,-13.62,-2.72,-0.048,0.114,0.008,1.000,0.100,0.100,0.100,1,21.8,101.9,763,804,1,0,1,0,16,416,115,0
9.24,climb_cruise,438.9,438.9,34975.9,746,1.34,-39.84,345.06,4.49,15.0,125.0,0,0,0.87,-13.62,-2.74,-0.048,0.114,0.008,1.000,0.100,0.100,0.100,1,21.8,101.9,763,804,1,0,1,0,16,416,114,0
9.26,climb_cruise,438.9,438.9,34976.2,748,1.31,-40.12,345.01,4.50,15.0,125.0,0,0,0.89,-13.62,-2.75,-0.048,0.114,0.008,1.000,0.100,0.100,0.100,1,21.7,101.9,763,804,1,0,1,0,16,416,115,0
9.28,climb_cruise,438.9,438.9,34976.4,750,1.29,-40.39,344.96,4.51,15.0,125.0,0,0,0.91,-13.63,-2.77,-0.047,0.114,0.008,1.000,0.100,0.100,0.100,1,21.7,101.9,763,804,1,0,1,0,16,416,115,0
9.30,climb_cruise,438.8,438.8,34976.7,751,1.27,-40.66,344.90,4.52,15.0,125.0,0,0,0.93,-13.63,-2.78,-0.047,0.114,0.008,1.000,0.100,0.100,0.100,1,21.7,101.9,763,804,1,0,1,0,16,416,116,0
9.32,climb_cruise,438.8,438.8,34976.9,753,1.25,-40.94,344.85,4.53,15.0,125.0,0,0,0.96,-13.64,-2.80,-0.047,0.114,0.008,1.000,0.100,0.100,0.100,1,21.6,101.9,763,804,1,0,1,0,16,416,114,0
9.34,climb_cruise,438.7,438.7,34977.2,754,1.23,-41.21,344.79,4.53,15.0,125.0,0,0,0.98,-13.64,-2.81,-0.047,0.114,0.008,1.000,0.100,0.100,0.100,1,21.6,101.9,763,804,1,0,1,0,16,416,115,0
9.36,climb_cruise,438.7,438.7,34977.4,755,1.20,-41.48,344.74,4.54,15.0,125.0,0,0,1.01,-13.65,-2.83,-0.047,0.114,0.008,1.000,0.100,0.100,0.100,1,21.5,101.9,763,804,1,0,1,0,16,416,114,0
9.38,climb_cruise,438.7,438.7,34977.7,756,1.18,-41.76,344.68,4.55,15.0,125.0,0,0,1.03,-13.65,-2.84,-0.047,0.114,0.008,1.000,0.100,0.100,0.100,1,21.5,101.9,763,804,1,0,1,0,16,416,115,0
9.40,climb_cruise,438.6,438.6,34977.9,757,1.16,-42.03,344.62,4.56,15.0,125.0,0,0,1.05,-13.66,-2.86,-0.047,0.114,0.008,1.000,0.100,0.100,0.100,1,21.4,101.9,763,804,1,0,1,0,16,416,115,0
9.42,climb_cruise,438.6,438.6,34978.2,758,1.14,-42.31,344.57,4.57,15.0,125.0,0,0,1.07,-13.67,-2.87,-0.047,0.114,0.008,1.000,0.100,0.100,0.100,1,21.4,101.9,763,804,1,0,1,0,16,416,116,0
9.44,climb_cruise,438.6,438.6,34978.4,759,1.11,-42.58,344.51,4.58,15.0,125.0,0,0,1.10,-13.67,-2.89,-0.047,0.114,0.008,1.000,0.100,0.100,0.100,1,21.4,101.9,763,804,1,0,1,0,16,416,115,0
9.46,climb_cruise,438.5,438.5,34978.7,759,1.09,-42.86,344.45,4.59,15.0,125.0,0,0,1.11,-13.68,-2.90,-0.047,0.114,0.008,1.000,0.100,0.100,0.100,1,21.3,101.9,763,804,1,0,1,0,16,416,115,0
9.48,climb_cruise,438.5,438.5,34978.9,759,1.07,-43.13,344.40,4.60,15.0,125.0,0,0,1.13,-13.68,-2.91,-0.047,0.114,0.008,1.000,0.100,0.100,0.100,1,21.3,101.9,763,804,1,0,1,0,16,416,115,0
9.50,climb_cruise,438.5,438.5,34979.2,760,1.04,-43.41,344.34,4.61,15.0,125.0,0,0,1.15,-13.69,-2.93,-0.047,0.114,0.008,1.000,0.100,0.100,0.100,1,21.2,101.9,763,804,1,0,1,0,16,416,114,0
9.52,climb_cruise,438.4,438.4,34979.4,760,1.02,-43.68,344.28,4.62,15.0,125.0,0,0,1.16,-13.70,-2.94,-0.047,0.114,0.008,1.000,0.100,0.100,0.100,1,21.2,101.9,763,804,1,0,1,0,16,416,115,0
9.54,climb_cruise,438.4,438.4,34979.7,759,1.00,-43.96,344.22,4.63,15.0,125.0,0,0,1.17,-13.70,-2.95,-0.047,0.114,0.008,1.000,0.100,0.100,0.100,1,21.1,101.9,763,804,1,0,1,0,16,416,115,0
9.56,climb_cruise,438.3,438.3,34979.9,759,0.97,-44.23,344.16,4.65,15.0,125.0,0,0,1.19,-13.71,-2.96,-0.047,0.114,0.008,1.000,0.100,0.100,0.100,1,21.1,101.9,763,804,1,0,1,0,16,416,116,0
9.58,climb_cruise,438.3,438.3,34980.2,759,0.95,-44.51,344.10,4.66,15.0,125.0,0,0,1.20,-13.71,-2.97,-0.047,0.114,0.008,1.000,0.100,0.100,0.100,1,21.1,101.9,763,804,1,0,1,0,16,416,116,0
9.60,climb_cruise,438.3,438.3,34980.4,758,0.92,-44.78,344.04,4.67,15.0,125.0,0,0,1.21,-13.72,-2.99,-0.047,0.114,0.008,1.000,0.100,0.100,0.100,1,21.0,101.9,763,804,1,0,1,0,16,416,114,0
9.62,climb_cruise,438.2,438.2,34980.7,757,0.90,-45.06,343.98,4.68,15.0,125.0,0,0,1.22,-13.72,-3.00,-0.047,0.114,0.008,1.000,0.100,0.100,0.100,1,21.0,101.9,763,804,1,0,1,0,16,416,115,0
9.64,climb_cruise,438.2,438.2,34980.9,756,0.87,-45.33,343.92,4.69,15.0,125.0,0,0,1.23,-13.73,-3.01,-0.047,0.114,0.008,1.000,0.100,0.100,0.100,1,20.9,101.9,763,804,1,0,1,0,16,416,115,0
9.66,climb_cruise,438.2,438.2,34981.2,755,0.85,-45.61,343.86,4.70,15.0,125.0,0,0,1.24,-13.73,-3.02,-0.047,0.114,0.008,1.000,0.100,0.100,0.100,1,20.9,101.9,763,804,1,0,1,0,16,416,114,0
9.68,climb_cruise,438.1,438.1,34981.4,754,0.82,-45.88,343.80,4.71,15.0,125.0,0,0,1.25,-13.74,-3.03,-0.047,0.114,0.008,1.000,0.100,0.100,0.100,1,20.8,101.9,763,804,1,0,1,0,16,416,116,0
9.70,climb_cruise,438.1,438.1,34981.7,752,0.79,-46.16,343.74,4.72,15.0,125.0,0,0,1.26,-13.74,-3.04,-0.047,0.114,0.008,1.000,0.100,0.100,0.100,1,20.8,101.9,763,804,1,0,1,0,16,416,115,0
9.72,climb_cruise,438.1,438.1,34981.9,751,0.77,-46.43,343.68,4.73,15.0,125.0,0,0,1.27,-13.75,-3.06,-0.047,0.114,0.008,1.000,0.100,0.100,0.100,1,20.8,101.9,763,804,1,0,1,0,16,416,114,0
9.74,climb_cruise,438.0,438.0,34982.2,749,0.74,-46.71,343.62,4.74,15.0,125.0,0,0,1.28,-13.76,-3.07,-0.047,0.114,0.008,1.000,0.100,0.100,0.100,1,20.7,101.9,763,804,1,0,1,0,16,416,116,0
9.76,climb_cruise,438.0,438.0,34982.4,747,0.71,-46.99,343.56,4.75,15.0,125.0,0,0,1.29,-13.76,-3.08,-0.047,0.114,0.008,1.000,0.100,0.100,0.100,1,20.7,101.9,763,804,1,0,1,0,16,416,114,0
9.78,climb_cruise,437.9,437.9,34982.7,745,0.69,-47.26,343.50,4.76,15.0,125.0,0,0,1.30,-13.77,-3.09,-0.047,0.114,0.008,1.000,0.100,0.100,0.100,1,20.6,101.9,763,804,1,0,1,0,16,416,114,0
9.80,climb_cruise,437.9,437.9,34982.9,743,0.66,-47.54,343.44,4.77,15.0,125.0,0,0,1.31,-13.77,-3.10,-0.047,0.114,0.008,1.000,0.100,0.100,0.100,1,20.6,101.9,763,804,1,0,1,0,16,416,115,0
9.82,climb_cruise,437.9,437.9,34983.2,740,0.63,-47.81,343.38,4.78,15.0,125.0,0,0,1.32,-13.78,-3.11,-0.047,0.114,0.009,1.000,0.100,0.100,0.100,1,20.6,101.9,763,804,1,0,1,0,16,416,116,0
9.84,climb_cruise,437.8,437.8,34983.4,738,0.60,-48.09,343.32,4.79,15.0,125.0,0,0,1.33,-13.78,-3.12,-0.047,0.114,0.009,1.000,0.100,0.100,0.100,1,20.5,101.9,763,804,1,0,1,0,16,416,115,0
9.86,climb_cruise,437.8,437.8,34983.7,735,0.57,-48.37,343.26,4.80,15.0,125.0,0,0,1.35,-13.79,-3.14,-0.047,0.114,0.009,1.000,0.100,0.100,0.100,1,20.5,101.9,763,804,1,0,1,0,16,416,116,0
9.88,climb_cruise,437.8,437.8,34983.9,732,0.54,-48.64,343.19,4.81,15.0,125.0,0,0,1.36,-13.79,-3.15,-0.047,0.114,0.009,1.000,0.100,0.100,0.100,1,20.4,101.9,763,804,1,0,1,0,16,416,115,0
9.90,climb_cruise,437.7,437.7,34984.2,729,0.51,-48.92,343.13,4.82,15.0,125.0,0,0,1.37,-13.80,-3.16,-0.047,0.114,0.009,1.000,0.100,0.100,0.100,1,20.4,101.9,763,804,1,0,1,0,16,416,115,0
9.92,climb_cruise,437.7,437.7,34984.4,725,0.48,-49.20,343.07,4.83,15.0,125.0,0,0,1.39,-13.80,-3.17,-0.047,0.114,0.009,1.000,0.100,0.100,0.100,1,20.4,101.9,763,804,1,0,1,0,16,416,115,0
9.94,climb_cruise,437.6,437.6,34984.7,722,0.45,-49.47,343.01,4.84,15.0,125.0,0,0,1.40,-13.81,-3.18,-0.047,0.114,0.009,1.000,0.100,0.100,0.100,1,20.3,101.9,763,804,1,0,1,0,16,416,114,0
9.96,climb_cruise,437.6,437.6,34984.9,718,0.42,-49.75,342.94,4.85,15.0,125.0,0,0,1.41,-13.81,-3.19,-0.047,0.114,0.009,1.000,0.100,0.100,0.100,1,20.3,101.9,763,804,1,0,1,0,16,416,115,0
9.98,climb_cruise,437.6,437.6,34985.1,714,0.39,-50.03,342.88,4.87,15.0,125.0,0,0,1.43,-13.82,-3.20,-0.048,0.114,0.009,1.000,0.100,0.100,0.100,1,20.2,101.9,763,804,1,0,1,0,16,416,115,0
10.00,climb_cruise,437.5,437.5,34985.4,710,0.36,-50.30,342.82,4.88,15.0,125.0,0,0,1.44,-13.82,-3.21,-0.048,0.114,0.009,1.000,0.100,0.100,0.100,1,20.2,101.9,763,804,1,0,1,0,16,416,116,0
10.02,climb_cruise,437.5,437.5,34985.6,706,0.33,-50.58,342.75,4.89,15.0,125.0,0,0,1.46,-13.83,-3.22,-0.048,0.114,0.009,1.000,0.100,0.100,0.100,1,20.1,101.9,763,804,1,0,1,0,16,416,116,0
10.04,climb_cruise,437.5,437.5,34985.8,701,0.30,-50.86,342.69,4.90,15.0,125.0,0,0,1.47,-13.83,-3.23,-0.048,0.114,0.009,1.000,0.100,0.100,0.100,1,20.1,101.9,763,804,1,0,1,0,16,416,114,0
10.06,climb_cruise,437.4,437.4,34986.1,697,0.27,-51.13,342.63,4.91,15.0,125.0,0,0,1.49,-13.84,-3.25,-0.048,0.114,0.009,1.000,0.100,0.100,0.100,1,20.1,101.9,763,804,1,0,1,0,16,416,114,0
10.08,climb_cruise,437.4,437.4,34986.3,692,0.24,-51.41,342.56,4.92,15.0,125.0,0,0,1.50,-13.84,-3.26,-0.048,0.114,0.009,1.000,0.100,0.100,0.100,1,20.0,101.9,763,804,1,0,1,0,16,416,116,0
10.10,climb_cruise,437.3,437.3,34986.5,687,0.20,-51.69,342.50,4.93,15.0,125.0,0,0,1.52,-13.85,-3.27,-0.048,0.114,0.009,1.000,0.100,0.100,0.100,1,20.0,101.9,763,804,1,0,1,0,16,416,116,0
10.12,climb_cruise,437.3,437.3,34986.8,682,0.17,-51.97,342.43,4.94,15.0,125.0,0,0,1.53,-13.85,-3.28,-0.048,0.114,0.009,1.000,0.100,0.100,0.100,1,19.9,101.9,763,804,1,0,1,0,16,416,115,0
10.14,climb_cruise,437.3,437.3,34987.0,676,0.14,-52.24,342.37,4.95,15.0,125.0,0,0,1.55,-13.86,-3.29,-0.048,0.114,0.009,1.000,0.100,0.100,0.100,1,19.9,101.9,763,804,1,0,1,0,16,416,116,0
10.16,climb_cruise,437.2,437.2,34987.2,671,0.11,-52.52,342.31,4.96,15.0,125.0,0,0,1.57,-13.87,-3.30,-0.049,0.114,0.009,1.000,0.100,0.100,0.100,1,19.9,102.0,763,804,1,0,1,0,16,416,114,0
10.18,climb_cruise,437.2,437.2,34987.4,665,0.07,-52.80,342.24,4.97,15.0,125.0,0,0,1.58,-13.87,-3.31,-0.049,0.114,0.009,1.000,0.100,0.100,0.100,1,19.8,102.0,763,804,1,0,1,0,16,416,114,0
10.20,climb_cruise,437.2,437.2,34987.7,659,0.04,-53.08,342.17,4.98,15.0,125.0,0,0,1.60,-13.88,-3.32,-0.049,0.114,0.009,1.000,0.100,0.100,0.100,1,19.8,102.0,763,804,1,0,1,0,16,416,116,0
10.22,climb_cruise,437.1,437.1,34987.9,653,0.00,-53.35,342.11,4.99,15.0,125.0,0,0,1.61,-13.88,-3.33,-0.049,0.114,0.009,1.000,0.100,0.100,0.100,1,19.7,102.0,763,804,1,0,1,0,16,416,115,0
10.24,climb_cruise,437.1,437.1,34988.1,646,-0.03,-53.63,342.04,5.01,15.0,125.0,0,0,1.63,-13.89,-3.34,-0.049,0.114,0.009,1.000,0.100,0.100,0.100,1,19.7,102.0,763,804,1,0,1,0,16,416,114,0
10.26,climb_cruise,437.1,437.1,34988.3,640,-0.06,-53.91,341.98,5.02,15.0,125.0,0,0,1.65,-13.89,-3.35,-0.049,0.114,0.009,1.000,0.100,0.100,0.100,1,19.7,102.0,763,804,1,0,1,0,16,416,116,0
10.28,climb_cruise,437.0,437.0,34988.5,633,-0.10,-54.19,341.91,5.03,15.0,125.0,0,0,1.66,-13.90,-3.37,-0.050,0.114,0.009,1.000,0.100,0.100,0.100,1,19.6,102.0,763,804,1,0,1,0,16,416,116,0
10.30,climb_cruise,437.0,437.0,34988.7,626,-0.13,-54.46,341.84,5.04,15.0,125.0,0,0,1.68,-13.90,-3.38,-0.050,0.114,0.009,1.000,0.100,0.100,0.100,1,19.6,102.0,763,804,1,0,1,0,16,416,115,0
10.32,climb_cruise,436.9,436.9,34988.9,619,-0.17,-54.74,341.78,5.05,15.0,125.0,0,0,1.70,-13.91,-3.39,-0.050,0.114,0.009,1.000,0.100,0.100,0.100,1,19.6,102.0,763,804,1,0,1,0,16,416,115,0
10.34,climb_cruise,436.9,436.9,34989.1,611,-0.21,-55.02,341.71,5.06,15.0,125.0,0,0,1.71,-13.92,-3.40,-0.050,0.114,0.009,1.000,0.100,0.100,0.100,1,19.5,102.0,763,804,1,0,1,0,16,416,114,0
10.36,climb_cruise,436.9,436.9,34989.3,604,-0.24,-55.30,341.64,5.07,15.0,125.0,0,0,1.73,-13.92,-3.41,-0.050,0.114,0.009,1.000,0.100,0.100,0.100,1,19.5,102.0,763,804,1,0,1,0,16,416,114,0
10.38,climb_cruise,436.8,436.8,34989.5,596,-0.28,-55.58,341.58,5.09,15.0,125.0,0,0,1.75,-13.93,-3.42,-0.051,0.114,0.009,1.000,0.100,0.100,0.100,1,19.4,102.0,763,804,1,0,1,0,16,416,114,0
10.40,climb_cruise,436.8,436.8,34989.7,588,-0.32,-55.85,341.51,5.10,15.0,125.0,0,0,1.76,-13.93,-3.43,-0.051,0.114,0.009,1.000,0.100,0.100,0.100,1,19.4,102.0,763,804,1,0,1,0,16,416,116,0
10.42,climb_cruise,436.8,436.8,34989.9,580,-0.35,-56.13,341.44,5.11,15.0,125.0,0,0,1.78,-13.94,-3.44,-0.051,0.114,0.009,1.000,0.100,0.100,0.100,1,19.4,102.0,763,804,1,0,1,0,16,416,114,0
10.44,climb_cruise,436.7,436.7,34990.1,571,-0.39,-56.41,341.37,5.12,15.0,125.0,0,0,1.80,-13.94,-3.45,-0.051,0.114,0.009,1.000,0.100,0.100,0.100,1,19.3,102.0,763,804,1,0,1,0,16,416,116,0
10.46,climb_cruise,436.7,436.7,34990.3,563,-0.43,-56.69,341.30,5.13,15.0,125.0,0,0,1.82,-13.95,-3.46,-0.052,0.114,0.009,1.000,0.100,0.100,0.100,1,19.3,102.0,763,804,1,0,1,0,16,416,115,0
10.48,climb_cruise,436.6,436.6,34990.5,554,-0.47,-56.97,341.24,5.14,15.0,125.0,0,0,1.83,-13.95,-3.47,-0.052,0.114,0.009,1.000,0.100,0.100,0.100,1,19.2,102.0,763,804,1,0,1,0,16,416,115,0
10.50,climb_cruise,436.6,436.6,34990.7,545,-0.50,-57.25,341.17,5.16,15.0,125.0,0,0,1.85,-13.96,-3.48,-0.052,0.114,0.009,1.000,0.100,0.100,0.100,1,19.2,102.0,763,804,1,0,1,0,16,416,116,0
10.52,climb_cruise,436.6,436.6,34990.9,535,-0.54,-57.53,341.10,5.17,15.0,125.0,0,0,1.87,-13.97,-3.49,-0.053,0.114,0.009,1.000,0.100,0.100,0.100,1,19.2,102.0,763,804,1,0,1,0,16,416,116,0
10.54,climb_cruise,436.5,436.5,34991.0,526,-0.58,-57.80,341.03,5.18,15.0,125.0,0,0,1.89,-13.97,-3.50,-0.053,0.114,0.009,1.000,0.100,0.100,0.100,1,19.1,102.0,763,804,1,0,1,0,16,416,115,0
10.56,climb_cruise,436.5,436.5,34991.2,516,-0.62,-58.08,340.96,5.19,15.0,125.0,0,0,1.91,-13.98,-3.51,-0.053,0.114,0.009,1.000,0.100,0.100,0.100,1,19.1,102.0,763,804,1,0,1,0,16,416,116,0
10.58,climb_cruise,436.5,436.5,34991.4,506,-0.66,-58.36,340.89,5.20,15.0,125.0,0,0,1.93,-13.98,-3.52,-0.053,0.114,0.009,1.000,0.100,0.100,0.100,1,19.1,102.0,763,804,1,0,1,0,16,416,115,0
10.60,climb_cruise,436.4,436.4,34991.5,496,-0.70,-58.64,340.82,5.22,15.0,125.0,0,0,1.95,-13.99,-3.53,-0.054,0.114,0.009,1.000,0.100,0.100,0.100,1,19.0,102.0,763,804,1,0,1,0,16,416,116,0
10.62,climb_cruise,436.4,436.4,34991.7,486,-0.74,-58.92,340.75,5.23,15.0,125.0,0,0,1.97,-14.00,-3.54,-0.054,0.114,0.009,1.000,0.100,0.100,0.100,1,19.0,102.0,763,804,1,0,1,0,16,416,114,0
10.64,climb_cruise,436.4,436.4,34991.9,475,-0.78,-59.20,340.68,5.24,15.0,125.0,0,0,1.99,-14.00,-3.55,-0.054,0.114,0.009,1.000,0.100,0.100,0.100,1,18.9,102.0,763,804,1,0,1,0,16,416,116,0
10.66,climb_cruise,436.3,436.3,34992.0,464,-0.82,-59.48,340.61,5.26,15.0,125.0,0,0,2.01,-14.01,-3.56,-0.055,0.114,0.009,1.000,0.100,0.100,0.100,1,18.9,102.0,763,804,1,0,1,0,16,416,115,0
10.68,climb_cruise,436.3,436.3,34992.2,453,-0.86,-59.76,340.54,5.27,15.0,125.0,0,0,2.03,-14.01,-3.57,-0.055,0.114,0.009,1.000,0.100,0.100,0.100,1,18.9,102.0,763,804,1,0,1,0,16,416,115,0
10.70,climb_cruise,436.2,436.2,34992.3,442,-0.90,-60.04,340.47,5.28,15.0,125.0,0,0,2.05,-14.02,-3.58,-0.055,0.114,0.009,1.000,0.100,0.100,0.100,1,18.8,102.0,763,804,1,0,1,0,16,416,116,0
10.72,climb_cruise,436.2,436.2,34992.5,431,-0.95,-60.32,340.40,5.29,15.0,125.0,0,0,2.07,-14.03,-3.59,-0.056,0.114,0.009,1.000,0.100,0.100,0.100,1,18.8,102.0,763,804,1,0,1,0,16,416,116,0
10.74,climb_cruise,436.2,436.2,34992.6,419,-0.99,-60.59,340.32,5.31,15.0,125.0,0,0,2.09,-14.03,-3.60,-0.056,0.114,0.009,1.000,0.100,0.100,0.100,1,18.7,102.0,763,804,1,0,1,0,16,416,116,0
10.76,climb_cruise,436.1,436.1,34992.8,407,-1.03,-60.87,340.25,5.32,15.0,125.0,0,0,2.11,-14.04,-3.61,-0.057,0.114,0.009,1.000,0.100,0.100,0.100,1,18.7,102.0,763,804,1,0,1,0,16,416,114,0
10.78,climb_cruise,436.1,436.1,34992.9,395,-1.07,-61.15,340.18,5.33,15.0,125.0,0,0,2.13,-14.04,-3.62,-0.057,0.114,0.009,1.000,0.100,0.100,0.100,1,18.7,102.0,763,804,1,0,1,0,16,416,115,0
10.80,climb_cruise,436.1,436.1,34993.0,383,-1.12,-61.43,340.11,5.35,15.0,125.0,0,0,2.15,-14.05,-3.63,-0.058,0.114,0.009,1.000,0.100,0.100,0.100,1,18.6,102.0,763,804,1,0,1,0,16,416,114,0
10.82,climb_cruise,436.0,436.0,34993.1,370,-1.16,-61.71,340.04,5.36,15.0,125.0,0,0,2.17,-14.06,-3.64,-0.058,0.114,0.009,1.000,0.100,0.100,0.100,1,18.6,102.0,763,804,1,0,1,0,16,416,115,0
10.84,climb_cruise,436.0,436.0,34993.3,357,-1.20,-61.99,339.96,5.38,15.0,125.0,0,0,2.19,-14.06,-3.65,-0.058,0.114,0.009,1.000,0.100,0.100,0.100,1,18.6,102.0,763,804,1,0,1,0,16,416,116,0
10.86,climb_cruise,436.0,436.0,34993.4,344,-1.25,-62.27,339.89,5.39,15.0,125.0,0,0,2.22,-14.07,-3.66,-0.059,0.114,0.009,1.000,0.100,0.100,0.100,1,18.5,102.0,763,804,1,0,1,0,16,416,116,0
10.88,climb_cruise,435.9,435.9,34993.5,331,-1.29,-62.55,339.82,5.40,15.0,125.0,0,0,2.24,-14.07,-3.67,-0.059,0.114,0.009,1.000,0.100,0.100,0.100,1,18.5,102.0,763,804,1,0,1,0,16,416,115,0
10.90,climb_cruise,435.9,435.9,34993.6,317,-1.34,-62.83,339.74,5.42,15.0,125.0,0,0,2.26,-14.08,-3.68,-0.060,0.114,0.009,1.000,0.100,0.100,0.100,1,18.5,102.0,763,804,1,0,1,0,16,416,116,0
10.92,climb_cruise,435.9,435.9,34993.7,304,-1.38,-63.11,339.67,5.43,15.0,125.0,0,0,2.28,-14.09,-3.69,-0.060,0.114,0.009,1.000,0.100,0.100,0.100,1,18.4,102.0,763,804,1,0,1,0,16,416,116,0
10.94,climb_cruise,435.8,435.8,34993.8,290,-1.43,-63.39,339.59,5.45,15.0,125.0,0,0,2.31,-14.09,-3.70,-0.061,0.114,0.009,1.000,0.100,0.100,0.100,1,18.4,102.0,763,804,1,0,1,0,16,416,115,0
10.96,climb_cruise,435.8,435.8,34993.9,275,-1.47,-63.67,339.52,5.46,15.0,125.0,0,0,2.33,-14.10,-3.71,-0.061,0.114,0.009,1.000,0.100,0.100,0.100,1,18.3,102.0,763,804,1,0,1,0,16,416,115,0
10.98,climb_cruise,435.7,435.7,34994.0,261,-1.52,-63.95,339.44,5.48,15.0,125.0,0,0,2.35,-14.11,-3.72,-0.062,0.114,0.009,1.000,0.100,0.100,0.100,1,18.3,102.0,763,804,1,0,1,0,16,416,114,0
11.00,climb_cruise,435.7,435.7,34994.1,246,-1.57,-64.23,339.37,5.49,15.0,125.0,0,0,2.38,-14.11,-3.73,-0.062,0.114,0.009,1.000,0.100,0.100,0.100,1,18.3,102.0,763,804,1,0,1,0,16,416,115,0
11.02,climb_cruise,435.7,435.7,34994.2,231,-1.61,-64.51,339.29,5.51,15.0,125.0,0,0,2.40,-14.12,-3.74,-0.063,0.114,0.009,1.000,0.100,0.100,0.100,1,18.2,102.0,763,804,1,0,1,0,16,416,115,0
11.04,climb_cruise,435.6,435.6,34994.2,216,-1.66,-64.79,339.22,5.52,15.0,125.0,0,0,2.42,-14.13,-3.75,-0.063,0.114,0.009,1.000,0.100,0.100,0.100,1,18.2,102.0,763,804,1,0,1,0,16,416,115,0
11.06,climb_cruise,435.6,435.6,34994.3,201,-1.71,-65.07,339.14,5.54,15.0,125.0,0,0,2.45,-14.13,-3.76,-0.064,0.114,0.009,1.000,0.100,0.100,0.100,1,18.2,102.0,763,804,1,0,1,0,16,416,114,0
11.08,climb_cruise,435.6,435.6,34994.4,185,-1.75,-65.35,339.07,5.55,15.0,125.0,0,0,2.47,-14.14,-3.77,-0.065,0.114,0.009,1.000,0.100,0.100,0.100,1,18.1,102.0,763,804,1,0,1,0,16,416,114,0
11.10,climb_cruise,435.5,435.5,34994.4,169,-1.80,-65.63,338.99,5.57,15.0,125.0,0,0,2.50,-14.15,-3.78,-0.065,0.114,0.009,1.000,0.100,0.100,0.100,1,18.1,102.0,763,804,1,0,1,0,16,416,116,0
11.12,climb_cruise,435.5,435.5,34994.5,153,-1.85,-65.91,338.91,5.58,15.0,125.0,0,0,2.52,-14.15,-3.79,-0.066,0.114,0.009,1.000,0.100,0.100,0.100,1,18.0,102.0,763,804,1,0,1,0,16,416,115,0
11.14,climb_cruise,435.5,435.5,34994.5,137,-1.90,-66.19,338.83,5.60,15.0,125.0,0,0,2.55,-14.16,-3.80,-0.066,0.114,0.009,1.000,0.100,0.100,0.100,1,18.0,102.0,763,804,1,0,1,0,16,416,114,0
11.16,climb_cruise,435.4,435.4,34994.6,120,-1.95,-66.48,338.76,5.62,15.0,125.0,0,0,2.57,-14.17,-3.81,-0.067,0.114,0.009,1.000,0.100,0.100,0.100,1,18.0,102.0,763,804,1,0,1,0,16,416,115,0
11.18,climb_cruise,435.4,435.4,34994.6,103,-2.00,-66.76,338.68,5.63,15.0,125.0,0,0,2.60,-14.17,-3.82,-0.068,0.114,0.009,1.000,0.100,0.100,0.100,1,17.9,102.0,763,804,1,0,1,0,16,416,115,0
11.20,climb_cruise,435.4,435.4,34994.6,86,-2.05,-67.04,338.60,5.65,15.0,125.0,0,0,2.63,-14.18,-3.83,-0.068,0.114,0.009,1.000,0.100,0.100,0.100,1,17.9,102.0,763,804,1,0,1,0,16,416,114,0
11.22,climb_cruise,435.3,435.3,34994.7,69,-2.10,-67.32,338.52,5.67,15.0,125.0,0,0,2.65,-14.19,-3.84,-0.069,0.114,0.009,1.000,0.100,0.100,0.100,1,17.9,102.0,763,804,1,0,1,0,16,416,114,0
11.24,climb_cruise,435.3,435.3,34994.7,51,-2.15,-67.60,338.44,5.68,15.0,125.0,0,0,2.68,-14.19,-3.85,-0.070,0.114,0.009,1.000,0.100,0.100,0.100,1,17.8,102.0,763,804,1,0,1,0,16,416,115,0
11.26,climb_cruise,435.3,435.3,34994.7,33,-2.20,-67.88,338.36,5.70,15.0,125.0,0,0,2.71,-14.20,-3.86,-0.070,0.114,0.009,1.000,0.100,0.100,0.100,1,17.8,102.0,763,804,1,0,1,0,16,416,115,0
11.28,climb_cruise,435.2,435.2,34994.7,15,-2.25,-68.16,338.29,5.72,15.0,125.0,0,0,2.73,-14.21,-3.87,-0.071,0.114,0.009,1.000,0.100,0.100,0.100,1,17.8,102.0,763,804,1,0,1,0,16,416,115,0
11.30,climb_cruise,435.2,435.2,34994.7,-3,-2.30,-68.44,338.21,5.73,15.0,125.0,0,0,2.76,-14.22,-3.88,-0.072,0.114,0.009,1.000,0.100,0.100,0.100,1,17.7,102.0,763,804,1,0,1,0,16,416,114,0
11.32,climb_cruise,435.2,435.2,34994.7,-22,-2.36,-68.72,338.13,5.75,15.0,125.0,0,0,2.79,-14.22,-3.89,-0.073,0.114,0.009,1.000,0.100,0.100,0.100,1,17.7,102.0,763,804,1,0,1,0,16,416,115,0
11.34,climb_cruise,435.1,435.1,34994.7,-41,-2.41,-69.00,338.04,5.77,15.0,125.0,0,0,2.82,-14.23,-3.90,-0.073,0.114,0.009,1.000,0.100,0.100,0.100,1,17.7,102.0,763,804,1,0,1,0,16,416,115,0
11.36,climb_cruise,435.1,435.1,34994.7,-60,-2.46,-69.29,337.96,5.79,15.0,125.0,0,0,2.85,-14.24,-3.91,-0.074,0.114,0.009,1.000,0.100,0.100,0.100,1,17.6,102.0,763,804,1,0,1,0,16,416,116,0
11.38,climb_cruise,435.0,435.0,34994.7,-79,-2.51,-69.57,337.88,5.81,15.0,125.0,0,0,2.88,-14.25,-3.92,-0.075,0.114,0.009,1.000,0.100,0.100,0.100,1,17.6,102.0,763,804,1,0,1,0,16,416,115,0
11.40,climb_cruise,435.0,435.0,34994.6,-99,-2.57,-69.85,337.80,5.83,15.0,125.0,0,0,2.91,-14.25,-3.93,-0.076,0.114,0.010,1.000,0.100,0.100,0.100,1,17.6,102.0,763,804,1,0,1,0,16,416,115,0
11.42,climb_cruise,435.0,435.0,34994.6,-119,-2.62,-70.13,337.72,5.84,15.0,125.0,0,0,2.93,-14.26,-3.94,-0.077,0.114,0.010,1.000,0.100,0.100,0.100,1,17.5,102.0,763,804,1,0,1,0,16,416,115,0
11.44,climb_cruise,434.9,434.9,34994.5,-139,-2.68,-70.41,337.64,5.86,15.0,125.0,0,0,2.96,-14.27,-3.95,-0.077,0.114,0.010,1.000,0.100,0.100,0.100,1,17.5,102.0,763,804,1,0,1,0,16,416,114,0
11.46,climb_cruise,434.9,434.9,34994.5,-159,-2.73,-70.69,337.55,5.88,15.0,125.0,0,0,2.99,-14.28,-3.96,-0.078,0.114,0.010,1.000,0.100,0.100,0.100,1,17.4,102.0,763,804,1,0,1,0,16,416,116,0
11.48,climb_cruise,434.9,434.9,34994.4,-180,-2.79,-70.97,337.47,5.90,15.0,125.0,0,0,3.02,-14.28,-3.97,-0.079,0.114,0.010,1.000,0.100,0.100,0.100,1,17.4,102.0,763,804,1,0,1,0,16,416,116,0
11.50,climb_cruise,434.8,434.8,34994.4,-201,-2.84,-71.26,337.39,5.92,15.0,125.0,0,0,3.05,-14.29,-3.98,-0.079,0.114,0.010,1.000,0.100,0.100,0.100,1,17.4,102.0,763,804,1,0,1,0,16,416,116,0
11.52,climb_cruise,434.8,434.8,34994.3,-222,-2.90,-71.54,337.31,5.94,15.0,125.0,0,0,3.06,-14.30,-3.99,-0.079,0.114,0.010,1.000,0.100,0.100,0.100,1,17.3,102.0,763,804,1,0,1,0,16,416,115,0
11.54,climb_cruise,434.8,434.8,34994.2,-243,-2.95,-71.82,337.22,5.96,15.0,125.0,0,0,3.08,-14.31,-4.00,-0.079,0.114,0.010,1.000,0.100,0.100,0.100,1,17.3,102.0,763,804,1,0,1,0,16,416,115,0
11.56,climb_cruise,434.7,434.7,34994.1,-265,-3.01,-72.10,337.14,5.98,15.0,125.0,0,0,3.09,-14.32,-4.01,-0.079,0.114,0.010,1.000,0.100,0.100,0.100,1,17.3,102.0,763,804,1,0,1,0,16,416,115,0
11.58,climb_cruise,434.7,434.7,34994.1,-287,-3.07,-72.38,337.05,6.00,15.0,125.0,0,0,3.09,-14.32,-4.02,-0.079,0.114,0.010,1.000,0.100,0.100,0.100,1,17.2,102.0,763,804,1,0,1,0,16,416,115,0
11.60,climb_cruise,434.7,434.7,34994.0,-309,-3.13,-72.66,336.97,6.02,15.0,125.0,0,0,3.10,-14.33,-4.03,-0.079,0.114,0.010,1.000,0.100,0.100,0.100,1,17.2,102.0,763,804,1,0,1,0,16,416,116,0
11.62,climb_cruise,434.6,434.6,34993.8,-332,-3.18,-72.95,336.89,6.04,15.0,125.0,0,0,3.11,-14.34,-4.04,-0.079,0.114,0.010,1.000,0.100,0.100,0.100,1,17.2,102.0,763,804,1,0,1,0,16,416,115,0
11.64,climb_cruise,434.6,434.6,34993.7,-355,-3.24,-73.23,336.80,6.06,15.0,125.0,0,0,3.11,-14.35,-4.05,-0.079,0.114,0.010,1.000,0.100,0.100,0.100,1,17.1,102.0,763,804,1,0,1,0,16,416,114,0
11.66,climb_cruise,434.6,434.6,34993.6,-378,-3.30,-73.51,336.72,6.08,15.0,125.0,0,0,3.11,-14.36,-4.06,-0.079,0.114,0.010,1.000,0.100,0.100,0.100,1,17.1,102.0,763,804,1,0,1,0,16,416,114,0
11.68,climb_cruise,434.6,434.6,34993.5,-401,-3.36,-73.79,336.64,6.09,15.0,125.0,0,0,3.12,-14.36,-4.07,-0.079,0.114,0.010,1.000,0.100,0.100,0.100,1,17.1,102.0,763,804,1,0,1,0,16,416,114,0
11.70,climb_cruise,434.5,434.5,34993.3,-425,-3.43,-74.08,336.56,6.11,15.0,125.0,0,0,3.13,-14.37,-4.08,-0.079,0.114,0.010,1.000,0.100,0.100,0.100,1,17.0,102.0,763,804,1,0,1,0,16,416,115,0
11.72,climb_cruise,434.5,434.5,34993.2,-449,-3.49,-74.36,336.47,6.13,15.0,125.0,0,0,3.14,-14.38,-4.09,-0.079,0.114,0.010,1.000,0.100,0.100,0.100,1,17.0,102.0,763,804,1,0,1,0,16,416,114,0
11.74,climb_cruise,434.5,434.5,34993.0,-473,-3.55,-74.64,336.39,6.15,15.0,125.0,0,0,3.15,-14.39,-4.10,-0.079,0.114,0.010,1.000,0.100,0.100,0.100,1,17.0,102.0,763,804,1,0,1,0,16,416,115,0
11.76,climb_cruise,434.4,434.4,34992.9,-497,-3.61,-74.92,336.31,6.17,15.0,125.0,0,0,3.16,-14.40,-4.10,-0.079,0.114,0.010,1.000,0.100,0.100,0.100,1,16.9,102.0,763,804,1,0,1,0,16,416,115,0
11.78,climb_cruise,434.4,434.4,34992.7,-522,-3.67,-75.21,336.23,6.18,15.0,125.0,0,0,3.17,-14.40,-4.11,-0.079,0.114,0.010,1.000,0.100,0.100,0.100,1,16.9,102.0,763,804,1,0,1,0,16,416,115,0
11.80,climb_cruise,434.4,434.4,34992.5,-547,-3.74,-75.49,336.14,6.20,15.0,125.0,0,0,3.18,-14.41,-4.12,-0.079,0.114,0.010,1.000,0.100,0.100,0.100,1,16.9,102.0,763,804,1,0,1,0,16,416,114,0
11.82,climb_cruise,434.3,434.3,34992.4,-573,-3.80,-75.77,336.06,6.22,15.0,125.0,0,0,3.20,-14.42,-4.13,-0.079,0.114,0.010,1.000,0.100,0.100,0.100,1,16.8,102.0,763,804,1,0,1,0,16,416,114,0
11.84,climb_cruise,434.3,434.3,34992.2,-598,-3.87,-76.06,335.98,6.23,15.0,125.0,0,0,3.21,-14.43,-4.14,-0.079,0.114,0.010,1.000,0.100,0.100,0.100,1,16.8,102.0,763,804,1,0,1,0,16,416,114,0
11.86,climb_cruise,434.3,434.3,34992.0,-624,-3.93,-76.34,335.90,6.25,15.0,125.0,0,0,3.23,-14.43,-4.15,-0.079,0.114,0.010,1.000,0.100,0.100,0.100,1,16.8,102.0,763,804,1,0,1,0,16,416,115,0
11.88,climb_cruise,434.2,434.2,34991.7,-650,-4.00,-76.62,335.81,6.27,15.0,125.0,0,0,3.25,-14.44,-4.16,-0.079,0.114,0.010,1.000,0.100,0.100,0.100,1,16.7,102.0,763,804,1,0,1,0,16,416,116,0
11.90,climb_cruise,434.2,434.2,34991.5,-677,-4.06,-76.90,335.73,6.29,15.0,125.0,0,0,3.27,-14.45,-4.17,-0.079,0.114,0.010,1.000,0.100,0.100,0.100,1,16.7,102.0,763,804,1,0,1,0,16,416,114,0
11.92,climb_cruise,434.2,434.2,34991.3,-704,-4.13,-77.19,335.65,6.30,15.0,125.0,0,0,3.29,-14.46,-4.18,-0.079,0.114,0.010,1.000,0.100,0.100,0.100,1,16.7,102.0,763,804,1,0,1,0,16,416,115,0
11.94,climb_cruise,434.1,434.1,34991.1,-731,-4.20,-77.47,335.56,6.32,15.0,125.0,0,0,3.31,-14.47,-4.19,-0.079,0.114,0.010,1.000,0.100,0.100,0.100,1,16.6,102.0,763,804,1,0,1,0,16,416,114,0
11.96,climb_cruise,434.1,434.1,34990.8,-758,-4.26,-77.75,335.48,6.34,15.0,125.0,0,0,3.33,-14.47,-4.19,-0.079,0.114,0.010,1.000,0.100,0.100,0.100,1,16.6,102.0,763,804,1,0,1,0,16,416,114,0
11.98,climb_cruise,434.1,434.1,34990.6,-786,-4.33,-78.04,335.40,6.35,15.0,125.0,0,0,3.35,-14.48,-4.20,-0.079,0.114,0.010,1.000,0.100,0.100,0.100,1,16.6,102.0,763,804,1,0,1,0,16,416,114,0
12.00,climb_cruise,434.1,434.1,34990.3,-814,-4.40,-78.32,335.31,6.37,15.0,125.0,0,0,3.37,-14.49,-4.21,-0.079,0.114,0.010,1.000,0.100,0.100,0.100,1,16.5,102.0,763,804,1,0,1,0,16,416,115,0
12.02,climb_cruise,434.0,434.0,34990.0,-842,-4.47,-78.60,335.23,6.39,15.0,125.0,0,0,3.39,-14.50,-4.22,-0.079,0.114,0.010,1.000,0.100,0.100,0.100,1,16.5,102.0,763,804,1,0,1,0,16,416,115,0
12.04,climb_cruise,434.0,434.0,34989.7,-871,-4.54,-78.89,335.15,6.41,15.0,125.0,0,0,3.41,-14.50,-4.23,-0.079,0.114,0.010,1.000,0.100,0.100,0.100,1,16.5,102.0,763,804,1,0,1,0,16,416,115,0
12.06,climb_cruise,434.0,434.0,34989.4,-900,-4.61,-79.17,335.06,6.42,15.0,125.0,0,0,3.43,-14.51,-4.23,-0.079,0.114,0.010,1.000,0.100,0.100,0.100,1,16.4,102.0,763,804,1,0,1,0,16,416,116,0
12.08,climb_cruise,433.9,433.9,34989.1,-929,-4.68,-79.45,334.98,6.44,15.0,125.0,0,0,3.45,-14.52,-4.24,-0.079,0.114,0.010,1.000,0.100,0.100,0.100,1,16.4,102.0,763,804,1,0,1,0,16,416,114,0
12.10,climb_cruise,433.9,433.9,34988.8,-959,-4.75,-79.74,334.90,6.46,15.0,125.0,0,0,3.47,-14.53,-4.25,-0.079,0.114,0.010,1.000,0.100,0.100,0.100,1,16.4,102.0,763,804,1,0,1,0,16,416,115,0
12.12,climb_cruise,433.9,433.9,34988.5,-989,-4.82,-80.02,334.81,6.47,15.0,125.0,0,0,3.49,-14.53,-4.26,-0.079,0.114,0.010,1.000,0.100,0.100,0.100,1,16.3,102.0,763,804,1,0,1,0,16,416,114,0
12.14,climb_cruise,433.8,433.8,34988.2,-1019,-4.89,-80.31,334.73,6.49,15.0,125.0,0,0,3.51,-14.54,-4.27,-0.079,0.114,0.010,1.000,0.100,0.100,0.100,1,16.3,102.0,763,804,1,0,1,0,16,416,115,0
12.16,climb_cruise,433.8,433.8,34987.8,-1049,-4.97,-80.59,334.65,6.51,15.0,125.0,0,0,3.53,-14.55,-4.27,-0.079,0.114,0.010,1.000,0.100,0.100,0.100,1,16.3,102.0,763,804,1,0,1,0,16,416,116,0
12.18,climb_cruise,433.8,433.8,34987.5,-1080,-5.04,-80.87,334.56,6.53,15.0,125.0,0,0,3.55,-14.56,-4.28,-0.079,0.114,0.010,1.000,0.100,0.100,0.100,1,16.2,102.0,763,804,1,0,1,0,16,416,115,0
12.20,climb_cruise,433.8,433.8,34987.1,-1111,-5.11,-81.16,334.48,6.54,15.0,125.0,0,0,3.56,-14.57,-4.29,-0.079,0.114,0.010,1.000,0.100,0.100,0.100,1,16.2,102.0,763,804,1,0,1,0,16,416,115,0
12.22,climb_cruise,433.7,433.7,34986.7,-1142,-5.19,-81.44,334.39,6.56,15.0,125.0,0,0,3.58,-14.57,-4.30,-0.079,0.114,0.010,1.000,0.100,0.100,0.100,1,16.2,102.0,763,804,1,0,1,0,16,416,115,0
12.24,climb_cruise,433.7,433.7,34986.3,-1174,-5.26,-81.72,334.31,6.58,15.0,125.0,0,0,3.60,-14.58,-4.30,-0.079,0.114,0.010,1.000,0.100,0.100,0.100,1,16.1,102.0,763,804,1,0,1,0,16,416,116,0
12.26,climb_cruise,433.7,433.7,34985.9,-1206,-5.34,-82.01,334.23,6.60,15.0,125.0,0,0,3.62,-14.59,-4.31,-0.079,0.114,0.010,1.000,0.100,0.100,0.100,1,16.1,102.0,763,804,1,0,1,0,16,416,115,0
12.28,climb_cruise,433.6,433.6,34985.5,-1238,-5.41,-82.29,334.14,6.61,15.0,125.0,0,0,3.64,-14.60,-4.32,-0.079,0.114,0.010,1.000,0.100,0.100,0.100,1,16.1,102.0,763,804,1,0,1,0,16,416,114,0
12.30,climb_cruise,433.6,433.6,34985.1,-1271,-5.49,-82.58,334.06,6.63,15.0,125.0,0,0,3.66,-14.60,-4.32,-0.079,0.114,0.010,1.000,0.100,0.100,0.100,1,16.0,102.0,763,804,1,0,1,0,16,416,116,0
12.32,climb_cruise,433.6,433.6,34984.7,-1304,-5.57,-82.86,333.97,6.65,15.0,125.0,0,0,3.67,-14.61,-4.33,-0.079,0.114,0.010,1.000,0.100,0.100,0.100,1,16.0,102.0,763,804,1,0,1,0,16,416,116,0
12.34,climb_cruise,433.6,433.6,34984.2,-1337,-5.64,-83.14,333.89,6.67,15.0,125.0,0,0,3.69,-14.62,-4.34,-0.079,0.114,0.010,1.000,0.100,0.100,0.100,1,16.0,102.0,763,804,1,0,1,0,16,416,115,0
12.36,climb_cruise,433.5,433.5,34983.8,-1371,-5.72,-83.43,333.81,6.68,15.0,125.0,0,0,3.71,-14.63,-4.35,-0.079,0.114,0.010,1.000,0.100,0.100,0.100,1,15.9,102.0,763,804,1,0,1,0,16,416,115,0
12.38,climb_cruise,433.5,433.5,34983.3,-1405,-5.80,-83.71,333.72,6.70,15.0,125.0,0,0,3.73,-14.63,-4.35,-0.079,0.114,0.010,1.000,0.100,0.100,0.100,1,15.9,102.0,763,804,1,0,1,0,16,416,115,0
12.40,climb_cruise,433.5,433.5,34982.9,-1439,-5.88,-84.00,333.64,6.72,15.0,125.0,0,0,3.75,-14.64,-4.36,-0.079,0.114,0.010,1.000,0.100,0.100,0.100,1,15.9,102.0,763,804,1,0,1,0,16,416,114,0
12.42,climb_cruise,433.5,433.5,34982.4,-1474,-5.96,-84.28,333.55,6.74,15.0,125.0,0,0,3.76,-14.65,-4.37,-0.079,0.114,0.010,1.000,0.100,0.100,0.100,1,15.8,102.0,763,804,1,0,1,0,16,416,114,0
12.44,climb_cruise,433.4,433.4,34981.9,-1509,-6.04,-84.57,333.47,6.75,15.0,125.0,0,0,3.78,-14.65,-4.37,-0.079,0.114,0.010,1.000,0.100,0.100,0.100,1,15.8,102.0,763,804,1,0,1,0,16,416,115,0
12.46,climb_cruise,433.4,433.4,34981.4,-1544,-6.12,-84.85,333.38,6.77,15.0,125.0,0,0,3.80,-14.66,-4.38,-0.079,0.114,0.010,1.000,0.100,0.100,0.100,1,15.8,102.0,763,804,1,0,1,0,16,416,115,0
12.48,climb_cruise,433.4,433.4,34980.9,-1580,-6.20,-85.13,333.30,6.79,15.0,125.0,0,0,3.82,-14.67,-4.39,-0.079,0.114,0.010,1.000,0.100,0.100,0.100,1,15.8,102.0,763,804,1,0,1,0,16,416,115,0
12.50,climb_cruise,433.4,433.4,34980.3,-1616,-6.28,-85.42,333.22,6.81,15.0,125.0,0,0,3.84,-14.68,-4.39,-0.079,0.114,0.010,1.000,0.100,0.100,0.100,1,15.7,102.0,763,804,1,0,1,0,16,416,116,0
12.52,climb_cruise,433.3,433.3,34979.8,-1652,-6.36,-85.70,333.13,6.82,15.0,125.0,0,0,3.86,-14.68,-4.40,-0.079,0.114,0.010,1.000,0.100,0.100,0.100,1,15.7,102.0,763,804,1,0,1,0,16,416,114,0
12.54,climb_cruise,433.3,433.3,34979.2,-1688,-6.44,-85.99,333.05,6.84,15.0,125.0,0,0,3.87,-14.69,-4.41,-0.079,0.114,0.010,1.000,0.100,0.100,0.100,1,15.7,102.0,763,804,1,0,1,0,16,416,115,0
12.56,climb_cruise,433.3,433.3,34978.7,-1725,-6.52,-86.27,332.96,6.86,15.0,125.0,0,0,3.89,-14.70,-4.41,-0.079,0.114,0.010,1.000,0.100,0.100,0.100,1,15.6,102.0,763,804,1,0,1,0,16,416,115,0
12.58,climb_cruise,433.3,433.3,34978.1,-1762,-6.61,-86.56,332.88,6.87,15.0,125.0,0,0,3.91,-14.71,-4.42,-0.079,0.114,0.010,1.000,0.100,0.100,0.100,1,15.6,102.0,763,804,1,0,1,0,16,416,114,0
12.60,climb_cruise,433.2,433.2,34977.5,-1800,-6.69,-86.84,332.80,6.89,15.0,125.0,0,0,3.93,-14.71,-4.43,-0.079,0.114,0.010,1.000,0.100,0.100,0.100,1,15.6,102.0,763,804,1,0,1,0,16,416,116,0
12.62,climb_cruise,433.2,433.2,34976.9,-1838,-6.78,-87.12,332.71,6.91,15.0,125.0,0,0,3.95,-14.72,-4.43,-0.079,0.114,0.010,1.000,0.100,0.100,0.100,1,15.5,102.0,763,804,1,0,1,0,16,416,115,0
12.64,climb_cruise,433.2,433.2,34976.3,-1876,-6.86,-87.41,332.63,6.93,15.0,125.0,0,0,3.97,-14.73,-4.44,-0.079,0.114,0.010,1.000,0.100,0.100,0.100,1,15.5,102.0,763,804,1,0,1,0,16,416,116,0
12.66,climb_cruise,433.2,433.2,34975.6,-1915,-6.95,-87.69,332.55,6.94,15.0,125.0,0,0,3.99,-14.74,-4.44,-0.079,0.114,0.010,1.000,0.100,0.100,0.100,1,15.5,102.0,763,804,1,0,1,0,16,416,114,0
12.68,climb_cruise,433.1,433.1,34975.0,-1954,-7.03,-87.98,332.46,6.96,15.0,125.0,0,0,4.00,-14.74,-4.45,-0.079,0.114,0.010,1.000,0.100,0.100,0.100,1,15.4,102.0,763,804,1,0,1,0,16,416,114,0
12.70,climb_cruise,433.1,433.1,34974.3,-1993,-7.12,-88.26,332.38,6.98,15.0,125.0,0,0,4.02,-14.75,-4.46,-0.079,0.114,0.010,1.000,0.100,0.100,0.100,1,15.4,102.0,763,804,1,0,1,0,16,416,114,0
12.72,climb_cruise,433.1,433.1,34973.7,-2033,-7.21,-88.55,332.29,7.00,15.0,125.0,0,0,4.04,-14.76,-4.46,-0.079,0.114,0.010,1.000,0.100,0.100,0.100,1,15.4,102.0,763,804,1,0,1,0,16,416,114,0
12.74,climb_cruise,433.1,433.1,34973.0,-2072,-7.29,-88.83,332.21,7.01,15.0,125.0,0,0,4.06,-14.76,-4.47,-0.079,0.114,0.010,1.000,0.100,0.100,0.100,1,15.3,102.0,763,804,1,0,1,0,16,416,116,0
12.76,climb_cruise,433.1,433.1,34972.3,-2113,-7.38,-89.12,332.13,7.03,15.0,125.0,0,0,4.08,-14.77,-4.47,-0.079,0.114,0.010,1.000,0.100,0.100,0.100,1,15.3,102.0,763,804,1,0,1,0,16,416,115,0
12.78,climb_cruise,433.0,433.0,34971.6,-2153,-7.47,-89.40,332.04,7.05,15.0,125.0,0,0,4.10,-14.78,-4.48,-0.079,0.114,0.010,1.000,0.100,0.100,0.100,1,15.3,102.0,763,804,1,0,1,0,16,416,115,0
12.80,climb_cruise,433.0,433.0,34970.8,-2194,-7.56,-89.69,331.96,7.07,15.0,125.0,0,0,4.12,-14.79,-4.48,-0.079,0.114,0.010,1.000,0.100,0.100,0.100,1,15.3,102.0,763,804,1,0,1,0,16,416,115,0
12.82,climb_cruise,433.0,433.0,34970.1,-2236,-7.65,-89.97,331.88,7.08,15.0,125.0,0,0,4.14,-14.79,-4.49,-0.079,0.114,0.010,1.000,0.100,0.100,0.100,1,15.2,102.0,763,804,1,0,1,0,16,416,115,0
12.84,climb_cruise,433.0,433.0,34969.4,-2277,-7.74,-90.26,331.79,7.10,15.0,125.0,0,0,4.15,-14.80,-4.50,-0.079,0.114,0.010,1.000,0.100,0.100,0.100,1,15.2,102.0,763,804,1,0,1,0,16,416,115,0
12.86,climb_cruise,432.9,432.9,34968.6,-2319,-7.83,-90.54,331.71,7.12,15.0,125.0,0,0,4.17,-14.81,-4.50,-0.079,0.114,0.010,1.000,0.100,0.100,0.100,1,15.2,102.0,763,804,1,0,1,0,16,416,116,0
12.88,climb_cruise,432.9,432.9,34967.8,-2362,-7.92,-90.82,331.62,7.13,15.0,125.0,0,0,4.19,-14.81,-4.51,-0.079,0.114,0.010,1.000,0.100,0.100,0.100,1,15.1,102.0,763,804,1,0,1,0,16,416,116,0
12.90,climb_cruise,432.9,432.9,34967.0,-2404,-8.01,-91.11,331.54,7.15,15.0,125.0,0,0,4.21,-14.82,-4.51,-0.079,0.114,0.010,1.000,0.100,0.100,0.100,1,15.1,102.0,763,804,1,0,1,0,16,416,114,0
12.92,climb_cruise,432.9,432.9,34966.2,-2447,-8.10,-91.39,331.46,7.17,15.0,125.0,0,0,4.23,-14.83,-4.52,-0.079,0.114,0.010,1.000,0.100,0.100,0.100,1,15.1,102.0,763,804,1,0,1,0,16,416,116,0
12.94,climb_cruise,432.9,432.9,34965.4,-2491,-8.20,-91.68,331.38,7.19,15.0,125.0,0,0,4.25,-14.83,-4.52,-0.079,0.114,0.011,1.000,0.100,0.100,0.100,1,15.0,102.0,763,804,1,0,1,0,16,416,114,0
12.96,climb_cruise,432.8,432.8,34964.6,-2535,-8.29,-91.96,331.29,7.20,15.0,125.0,0,0,4.27,-14.84,-4.53,-0.079,0.114,0.011,1.000,0.100,0.100,0.100,1,15.0,102.0,763,804,1,0,1,0,16,416,114,0
12.98,climb_cruise,432.8,432.8,34963.7,-2579,-8.38,-92.25,331.21,7.22,15.0,125.0,0,0,4.29,-14.85,-4.53,-0.079,0.114,0.011,1.000,0.100,0.100,0.100,1,15.0,102.0,763,804,1,0,1,0,16,416,114,0
13.00,climb_cruise,432.8,432.8,34962.8,-2623,-8.48,-92.53,331.13,7.24,15.0,125.0,0,0,4.31,-14.86,-4.54,-0.079,0.114,0.011,1.000,0.100,0.100,0.100,1,15.0,102.0,763,804,1,0,1,0,16,416,115,0
13.02,climb_cruise,432.8,432.8,34962.0,-2668,-8.57,-92.82,331.04,7.26,15.0,125.0,0,0,4.32,-14.86,-4.54,-0.079,0.114,0.011,1.000,0.100,0.100,0.100,1,14.9,102.0,763,804,1,0,1,0,16,416,115,0
13.04,climb_cruise,432.8,432.8,34961.1,-2713,-8.67,-93.10,330.96,7.27,15.0,125.0,0,0,4.34,-14.87,-4.55,-0.079,0.114,0.011,1.000,0.100,0.100,0.100,1,14.9,102.0,763,804,1,0,1,0,16,416,116,0
13.06,climb_cruise,432.8,432.8,34960.2,-2759,-8.76,-93.39,330.88,7.29,15.0,125.0,0,0,4.36,-14.88,-4.55,-0.079,0.114,0.011,1.000,0.100,0.100,0.100,1,14.9,102.0,763,804,1,0,1,0,16,416,115,0
13.08,climb_cruise,432.7,432.7,34959.2,-2804,-8.86,-93.67,330.79,7.31,15.0,125.0,0,0,4.38,-14.88,-4.55,-0.079,0.114,0.011,1.000,0.100,0.100,0.100,1,14.8,102.0,763,804,1,0,1,0,16,416,115,0
13.10,climb_cruise,432.7,432.7,34958.3,-2851,-8.95,-93.96,330.71,7.32,15.0,125.0,0,0,4.40,-14.89,-4.56,-0.079,0.114,0.011,1.000,0.100,0.100,0.100,1,14.8,102.0,763,804,1,0,1,0,16,416,115,0
13.12,climb_cruise,432.7,432.7,34957.3,-2897,-9.05,-94.24,330.63,7.34,15.0,125.0,0,0,4.42,-14.90,-4.56,-0.079,0.114,0.011,1.000,0.100,0.100,0.100,1,14.8,102.0,763,804,1,0,1,0,16,416,114,0
13.14,climb_cruise,432.7,432.7,34956.4,-2944,-9.15,-94.53,330.55,7.36,15.0,125.0,0,0,4.44,-14.90,-4.57,-0.079,0.114,0.011,1.000,0.100,0.100,0.100,1,14.7,102.0,763,804,1,0,1,0,16,416,116,0
13.16,climb_cruise,432.7,432.7,34955.4,-2991,-9.25,-94.81,330.47,7.38,15.0,125.0,0,0,4.46,-14.91,-4.57,-0.079,0.114,0.011,1.000,0.100,0.100,0.100,1,14.7,102.0,763,804,1,0,1,0,16,416,114,0
13.18,climb_cruise,432.7,432.7,34954.4,-3039,-9.35,-95.10,330.38,7.39,15.0,125.0,0,0,4.47,-14.92,-4.58,-0.079,0.114,0.011,1.000,0.100,0.100,0.100,1,14.7,102.0,763,804,1,0,1,0,16,416,116,0
13.20,climb_cruise,432.6,432.6,34953.4,-3087,-9.45,-95.38,330.30,7.41,15.0,125.0,0,0,4.49,-14.92,-4.58,-0.079,0.114,0.011,1.000,0.100,0.100,0.100,1,14.7,102.0,763,804,1,0,1,0,16,416,115,0
13.22,climb_cruise,432.6,432.6,34952.3,-3135,-9.55,-95.67,330.22,7.43,15.0,125.0,0,0,4.51,-14.93,-4.58,-0.079,0.114,0.011,1.000,0.100,0.100,0.100,1,14.6,102.0,763,804,1,0,1,0,16,416,116,0
13.24,climb_cruise,432.6,432.6,34951.3,-3184,-9.65,-95.95,330.14,7.45,15.0,125.0,0,0,4.53,-14.94,-4.59,-0.079,0.114,0.011,1.000,0.100,0.100,0.100,1,14.6,102.0,763,804,1,0,1,0,16,416,115,0
13.26,climb_cruise,432.6,432.6,34950.2,-3233,-9.75,-96.24,330.06,7.46,15.0,125.0,0,0,4.55,-14.94,-4.59,-0.079,0.114,0.011,1.000,0.100,0.100,0.100,1,14.6,102.0,763,804,1,0,1,0,16,416,116,0
13.28,climb_cruise,432.6,432.6,34949.1,-3283,-9.85,-96.52,329.97,7.48,15.0,125.0,0,0,4.57,-14.95,-4.60,-0.079,0.114,0.011,1.000,0.100,0.100,0.100,1,14.5,102.0,763,804,1,0,1,0,16,416,114,0
13.30,climb_cruise,432.6,432.6,34948.0,-3333,-9.95,-96.81,329.89,7.50,15.0,125.0,0,0,4.59,-14.95,-4.60,-0.079,0.114,0.011,1.000,0.100,0.100,0.100,1,14.5,102.0,763,804,1,0,1,0,16,416,114,0
13.32,climb_cruise,432.6,432.6,34946.9,-3383,-10.05,-97.09,329.81,7.51,15.0,125.0,0,0,4.61,-14.96,-4.60,-0.079,0.114,0.011,1.000,0.100,0.100,0.100,1,14.5,102.0,763,804,1,0,1,0,16,416,114,0
13.34,climb_cruise,432.5,432.5,34945.8,-3433,-10.16,-97.38,329.73,7.53,15.0,125.0,0,0,4.63,-14.97,-4.61,-0.079,0.114,0.011,1.000,0.100,0.100,0.100,1,14.5,102.0,763,804,1,0,1,0,16,416,116,0
13.36,climb_cruise,432.5,432.5,34944.6,-3484,-10.26,-97.66,329.65,7.55,15.0,125.0,0,0,4.64,-14.97,-4.61,-0.079,0.114,0.011,1.000,0.100,0.100,0.100,1,14.4,102.0,763,804,1,0,1,0,16,416,116,0
13.38,climb_cruise,432.5,432.5,34943.4,-3535,-10.36,-97.95,329.57,7.57,15.0,125.0,0,0,4.66,-14.98,-4.61,-0.079,0.114,0.011,1.000,0.100,0.100,0.100,1,14.4,102.0,763,804,1,0,1,0,16,416,115,0
13.40,climb_cruise,432.5,432.5,34942.3,-3587,-10.47,-98.23,329.49,7.58,15.0,125.0,0,0,4.68,-14.99,-4.62,-0.079,0.114,0.011,1.000,0.100,0.100,0.100,1,14.4,102.0,763,804,1,0,1,0,16,416,114,0
13.42,climb_cruise,432.5,432.5,34941.1,-3639,-10.57,-98.52,329.41,7.60,15.0,125.0,0,0,4.70,-14.99,-4.62,-0.079,0.114,0.011,1.000,0.100,0.100,0.100,1,14.3,102.0,763,804,1,0,1,0,16,416,115,0
13.44,climb_cruise,432.5,432.5,34939.8,-3691,-10.68,-98.80,329.33,7.62,15.0,125.0,0,0,4.72,-15.00,-4.62,-0.079,0.114,0.011,1.000,0.100,0.100,0.100,1,14.3,102.0,763,804,1,0,1,0,16,416,115,0
13.46,climb_cruise,432.5,432.5,34938.6,-3744,-10.78,-99.09,329.24,7.64,15.0,125.0,0,0,4.74,-15.00,-4.63,-0.079,0.114,0.011,1.000,0.100,0.100,0.100,1,14.3,102.0,763,804,1,0,1,0,16,416,115,0
13.48,climb_cruise,432.5,432.5,34937.3,-3797,-10.89,-99.37,329.16,7.65,15.0,125.0,0,0,4.76,-15.01,-4.63,-0.079,0.114,0.011,1.000,0.100,0.100,0.100,1,14.3,102.0,763,804,1,0,1,0,16,416,115,0
13.50,climb_cruise,432.4,432.4,34936.1,-3851,-11.00,-99.66,329.08,7.67,15.0,125.0,0,0,4.78,-15.02,-4.63,-0.079,0.114,0.011,1.000,0.100,0.100,0.100,1,14.2,102.0,763,804,1,0,1,0,16,416,114,0
13.52,climb_cruise,432.4,432.4,34934.8,-3905,-11.11,-99.94,329.00,7.69,15.0,125.0,0,0,4.79,-15.02,-4.63,-0.079,0.114,0.011,1.000,0.100,0.100,0.100,1,14.2,102.0,763,804,1,0,1,0,16,416,116,0
13.54,climb_cruise,432.4,432.4,34933.5,-3959,-11.21,-100.23,328.92,7.70,15.0,125.0,0,0,4.81,-15.03,-4.64,-0.079,0.114,0.011,1.000,0.100,0.100,0.100,1,14.2,102.0,763,804,1,0,1,0,16,416,115,0
13.56,climb_cruise,432.4,432.4,34932.1,-4013,-11.32,-100.51,328.84,7.72,15.0,125.0,0,0,4.83,-15.04,-4.64,-0.079,0.114,0.011,1.000,0.100,0.100,0.100,1,14.1,102.0,763,804,1,0,1,0,16,416,114,0
13.58,climb_cruise,432.4,432.4,34930.8,-4068,-11.43,-100.80,328.76,7.74,15.0,125.0,0,0,4.85,-15.04,-4.64,-0.079,0.114,0.011,1.000,0.100,0.100,0.100,1,14.1,102.0,763,804,1,0,1,0,16,416,115,0
13.60,climb_cruise,432.4,432.4,34929.4,-4124,-11.54,-101.08,328.69,7.76,15.0,125.0,0,0,4.87,-15.05,-4.64,-0.079,0.114,0.011,1.000,0.100,0.100,0.100,1,14.1,102.0,763,804,1,0,1,0,16,416,116,0
13.62,climb_cruise,432.4,432.4,34928.1,-4179,-11.65,-101.37,328.61,7.77,15.0,125.0,0,0,4.89,-15.05,-4.65,-0.079,0.114,0.011,1.000,0.100,0.100,0.100,1,14.1,102.0,763,804,1,0,1,0,16,416,115,0
13.64,climb_cruise,432.4,432.4,34926.7,-4235,-11.76,-101.65,328.53,7.79,15.0,125.0,0,0,4.91,-15.06,-4.65,-0.079,0.114,0.011,1.000,0.100,0.100,0.100,1,14.0,102.0,763,804,1,0,1,0,16,416,116,0
13.66,climb_cruise,432.4,432.4,34925.2,-4292,-11.87,-101.94,328.45,7.81,15.0,125.0,0,0,4.93,-15.06,-4.65,-0.079,0.114,0.011,1.000,0.100,0.100,0.100,1,14.0,102.0,763,804,1,0,1,0,16,416,115,0
13.68,climb_cruise,432.4,432.4,34923.8,-4349,-11.99,-102.22,328.37,7.83,15.0,125.0,0,0,4.95,-15.07,-4.65,-0.079,0.114,0.011,1.000,0.100,0.100,0.100,1,14.0,102.0,763,804,1,0,1,0,16,416,115,0
13.70,climb_cruise,432.4,432.4,34922.3,-4406,-12.10,-102.51,328.29,7.84,15.0,125.0,0,0,4.96,-15.08,-4.66,-0.079,0.114,0.011,1.000,0.100,0.100,0.100,1,13.9,102.0,763,804,1,0,1,0,16,416,115,0
13.72,climb_cruise,432.4,432.4,34920.9,-4463,-12.21,-102.79,328.21,7.86,15.0,125.0,0,0,4.98,-15.08,-4.66,-0.079,0.114,0.011,1.000,0.100,0.100,0.100,1,13.9,102.0,763,804,1,0,1,0,16,416,114,0
13.74,climb_cruise,432.4,432.4,34919.4,-4521,-12.32,-103.08,328.13,7.88,15.0,125.0,0,0,5.00,-15.09,-4.66,-0.079,0.114,0.011,1.000,0.100,0.100,0.100,1,13.9,102.0,763,804,1,0,1,0,16,416,116,0
13.76,climb_cruise,432.3,432.3,34917.9,-4579,-12.44,-103.36,328.06,7.89,15.0,125.0,0,0,5.02,-15.09,-4.66,-0.079,0.114,0.011,1.000,0.100,0.100,0.100,1,13.9,102.0,763,804,1,0,1,0,16,416,115,0
13.78,climb_cruise,432.3,432.3,34916.3,-4638,-12.55,-103.65,327.98,7.91,15.0,125.0,0,0,5.04,-15.10,-4.66,-0.079,0.114,0.011,1.000,0.100,0.100,0.100,1,13.8,102.0,763,804,1,0,1,0,16,416,115,0
13.80,climb_cruise,432.3,432.3,34914.8,-4697,-12.67,-103.93,327.90,7.93,15.0,125.0,0,0,5.06,-15.10,-4.67,-0.079,0.114,0.011,1.000,0.100,0.100,0.100,1,13.8,102.0,763,804,1,0,1,0,16,416,116,0
13.82,climb_cruise,432.3,432.3,34913.2,-4757,-12.78,-104.22,327.82,7.95,15.0,125.0,0,0,5.08,-15.11,-4.67,-0.079,0.114,0.011,1.000,0.100,0.100,0.100,1,13.8,102.0,763,804,1,0,1,0,16,416,115,0
13.84,climb_cruise,432.3,432.3,34911.6,-4816,-12.90,-104.50,327.75,7.96,15.0,125.0,0,0,5.09,-15.11,-4.67,-0.079,0.114,0.011,1.000,0.100,0.100,0.100,1,13.8,102.0,763,804,1,0,1,0,16,416,115,0
13.86,climb_cruise,432.3,432.3,34910.0,-4876,-13.01,-104.79,327.67,7.98,15.0,125.0,0,0,5.11,-15.12,-4.67,-0.079,0.114,0.011,1.000,0.100,0.100,0.100,1,13.7,102.0,763,804,1,0,1,0,16,416,115,0
13.88,climb_cruise,432.3,432.3,34908.4,-4937,-13.13,-105.07,327.59,8.00,15.0,125.0,0,0,5.13,-15.12,-4.67,-0.079,0.114,0.011,1.000,0.100,0.100,0.100,1,13.7,102.0,763,804,1,0,1,0,16,416,115,0
13.90,climb_cruise,432.3,432.3,34906.7,-4998,-13.25,-105.36,327.51,8.02,15.0,125.0,0,0,5.15,-15.13,-4.67,-0.079,0.114,0.011,1.000,0.100,0.100,0.100,1,13.7,102.0,763,804,1,0,1,0,16,416,114,0
13.92,climb_cruise,432.3,432.3,34905.0,-5059,-13.36,-105.64,327.44,8.03,15.0,125.0,0,0,5.17,-15.13,-4.67,-0.079,0.114,0.011,1.000,0.100,0.100,0.100,1,13.6,102.0,763,804,1,0,1,0,16,416,114,0
13.94,climb_cruise,432.3,432.3,34903.3,-5121,-13.48,-105.93,327.36,8.05,15.0,125.0,0,0,5.19,-15.14,-4.68,-0.079,0.114,0.011,1.000,0.100,0.100,0.100,1,13.6,102.0,763,804,1,0,1,0,16,416,116,0
13.96,climb_cruise,432.3,432.3,34901.6,-5183,-13.60,-106.21,327.29,8.07,15.0,125.0,0,0,5.21,-15.15,-4.68,-0.079,0.114,0.011,1.000,0.100,0.100,0.100,1,13.6,102.0,763,804,1,0,1,0,16,416,114,0
13.98,climb_cruise,432.3,432.3,34899.9,-5245,-13.72,-106.50,327.21,8.08,15.0,125.0,0,0,5.23,-15.15,-4.68,-0.079,0.114,0.011,1.000,0.100,0.100,0.100,1,13.6,102.0,763,804,1,0,1,0,16,416,115,0
14.00,climb_cruise,432.3,432.3,34898.1,-5308,-13.84,-106.78,327.13,8.10,15.0,125.0,0,0,5.24,-15.16,-4.68,-0.079,0.114,0.011,1.000,0.100,0.100,0.100,1,13.5,102.0,763,804,1,0,1,0,16,416,115,0
14.02,climb_cruise,432.3,432.3,34896.3,-5371,-13.96,-107.07,327.06,8.12,15.0,125.0,0,0,5.26,-15.16,-4.68,-0.079,0.114,0.011,1.000,0.100,0.100,0.100,1,13.5,102.0,763,804,1,0,1,0,16,416,116,0
14.04,climb_cruise,432.3,432.3,34894.5,-5435,-14.08,-107.35,326.98,8.14,15.0,125.0,0,0,5.28,-15.16,-4.68,-0.079,0.114,0.011,1.000,0.100,0.100,0.100,1,13.5,102.0,763,804,1,0,1,0,16,416,115,0
14.06,climb_cruise,432.3,432.3,34892.7,-5499,-14.20,-107.64,326.91,8.15,15.0,125.0,0,0,5.30,-15.17,-4.68,-0.079,0.114,0.011,1.000,0.100,0.100,0.100,1,13.5,102.0,763,804,1,0,1,0,16,416,115,0
14.08,climb_cruise,432.3,432.3,34890.9,-5563,-14.32,-107.92,326.83,8.17,15.0,125.0,0,0,5.32,-15.17,-4.68,-0.079,0.114,0.011,1.000,0.100,0.100,0.100,1,13.4,102.0,763,804,1,0,1,0,16,416,116,0
14.10,climb_cruise,432.3,432.3,34889.0,-5627,-14.45,-108.21,326.76,8.19,15.0,125.0,0,0,5.34,-15.18,-4.68,-0.079,0.114,0.011,1.000,0.100,0.100,0.100,1,13.4,102.0,763,804,1,0,1,0,16,416,115,0
14.12,climb_cruise,432.3,432.3,34887.1,-5692,-14.57,-108.49,326.68,8.21,15.0,125.0,0,0,5.36,-15.18,-4.68,-0.079,0.114,0.011,1.000,0.100,0.100,0.100,1,13.4,102.0,763,804,1,0,1,0,16,416,114,0
14.14,climb_cruise,432.3,432.3,34885.2,-5758,-14.69,-108.78,326.61,8.22,15.0,125.0,0,0,5.37,-15.19,-4.68,-0.079,0.114,0.011,1.000,0.100,0.100,0.100,1,13.3,102.0,763,804,1,0,1,0,16,416,114,0
14.16,climb_cruise,432.3,432.3,34883.3,-5824,-14.81,-109.06,326.54,8.24,15.0,125.0,0,0,5.39,-15.19,-4.68,-0.079,0.114,0.011,1.000,0.100,0.100,0.100,1,13.3,102.0,763,804,1,0,1,0,16,416,115,0
14.18,climb_cruise,432.3,432.3,34881.4,-5890,-14.94,-109.35,326.46,8.26,15.0,125.0,0,0,5.41,-15.20,-4.68,-0.079,0.114,0.011,1.000,0.100,0.100,0.100,1,13.3,102.0,763,804,1,0,1,0,16,416,116,0
14.20,climb_cruise,432.3,432.3,34879.4,-5956,-15.06,-109.63,326.39,8.28,15.0,125.0,0,0,5.43,-15.20,-4.68,-0.079,0.114,0.011,1.000,0.100,0.100,0.100,1,13.3,102.0,763,804,1,0,1,0,16,416,115,0
14.22,climb_cruise,432.3,432.3,34877.4,-6023,-15.19,-109.92,326.32,8.29,15.0,125.0,0,0,5.45,-15.21,-4.68,-0.079,0.114,0.011,1.000,0.100,0.100,0.100,1,13.2,102.0,763,804,1,0,1,0,16,416,116,0
14.24,climb_cruise,432.3,432.3,34875.4,-6090,-15.31,-110.20,326.24,8.31,15.0,125.0,0,0,5.47,-15.21,-4.68,-0.079,0.114,0.011,1.000,0.100,0.100,0.100,1,13.2,102.0,763,804,1,0,1,0,16,416,114,0
14.26,climb_cruise,432.4,432.4,34873.3,-6158,-15.44,-110.49,326.17,8.33,15.0,125.0,0,0,5.48,-15.22,-4.68,-0.079,0.114,0.011,1.000,0.100,0.100,0.100,1,13.2,102.0,763,804,1,0,1,0,16,416,115,0
14.28,climb_cruise,432.4,432.4,34871.3,-6226,-15.57,-110.77,326.10,8.34,15.0,125.0,0,0,5.50,-15.22,-4.68,-0.079,0.114,0.011,1.000,0.100,0.100,0.100,1,13.2,102.0,763,804,1,0,1,0,16,416,115,0
14.30,climb_cruise,432.4,432.4,34869.2,-6295,-15.69,-111.06,326.03,8.36,15.0,125.0,0,0,5.52,-15.22,-4.68,-0.079,0.114,0.011,1.000,0.100,0.100,0.100,1,13.1,102.0,763,804,1,0,1,0,16,416,116,0
14.32,climb_cruise,432.4,432.4,34867.1,-6363,-15.82,-111.34,325.95,8.38,15.0,125.0,0,0,5.54,-15.23,-4.68,-0.079,0.114,0.011,1.000,0.100,0.100,0.100,1,13.1,102.0,763,804,1,0,1,0,16,416,114,0
14.34,climb_cruise,432.4,432.4,34865.0,-6432,-15.95,-111.63,325.88,8.40,15.0,125.0,0,0,5.56,-15.23,-4.68,-0.079,0.114,0.011,1.000,0.100,0.100,0.100,1,13.1,102.0,763,804,1,0,1,0,16,416,116,0
14.36,climb_cruise,432.4,432.4,34862.8,-6502,-16.08,-111.91,325.81,8.41,15.0,125.0,0,0,5.58,-15.24,-4.68,-0.079,0.114,0.011,1.000,0.100,0.100,0.100,1,13.1,102.0,763,804,1,0,1,0,16,416,115,0
14.38,climb_cruise,432.4,432.4,34860.6,-6572,-16.20,-112.20,325.74,8.43,15.0,125.0,0,0,5.59,-15.24,-4.68,-0.079,0.114,0.011,1.000,0.100,0.100,0.100,1,13.0,102.0,763,804,1,0,1,0,16,416,115,0
14.40,climb_cruise,432.4,432.4,34858.4,-6642,-16.33,-112.48,325.67,8.45,15.0,125.0,0,0,5.61,-15.24,-4.68,-0.079,0.114,0.011,1.000,0.100,0.100,0.100,1,13.0,102.0,763,804,1,0,1,0,16,416,114,0
14.42,climb_cruise,432.4,432.4,34856.2,-6713,-16.46,-112.77,325.60,8.47,15.0,125.0,0,0,5.63,-15.25,-4.68,-0.079,0.114,0.011,1.000,0.100,0.100,0.100,1,13.0,102.0,763,804,1,0,1,0,16,416,116,0
14.44,climb_cruise,432.4,432.4,34854.0,-6784,-16.59,-113.07,325.53,8.48,15.0,125.0,0,0,5.29,-16.51,-4.72,-0.028,0.040,0.005,1.000,0.100,0.100,0.100,1,12.9,102.0,763,804,1,0,1,0,16,416,114,0
14.46,climb_cruise,432.4,432.4,34851.7,-6855,-16.72,-113.39,325.47,8.49,15.0,125.0,0,0,5.00,-17.09,-4.76,-0.023,0.034,0.004,1.000,0.100,0.100,0.100,1,12.9,102.0,763,804,1,0,1,0,16,416,115,0
14.48,climb_cruise,432.5,432.5,34849.4,-6927,-16.85,-113.71,325.42,8.50,15.0,125.0,0,0,4.77,-17.32,-4.79,-0.023,0.034,0.004,1.000,0.100,0.100,0.100,1,12.9,102.0,763,804,1,0,1,0,16,416,115,0
14.50,climb_cruise,432.5,432.5,34847.1,-6999,-16.97,-114.05,325.37,8.50,15.0,125.0,0,0,4.62,-17.42,-4.83,-0.023,0.034,0.004,1.000,0.100,0.100,0.100,1,12.9,102.0,763,804,1,0,1,0,16,416,116,0
14.52,climb_cruise,432.5,432.5,34844.7,-7072,-17.10,-114.38,325.32,8.50,15.0,125.0,0,0,4.53,-17.47,-4.86,-0.023,0.034,0.004,1.000,0.100,0.100,0.100,1,12.8,102.0,763,804,1,0,1,0,16,416,116,0
14.54,climb_cruise,432.5,432.5,34842.4,-7145,-17.23,-114.72,325.28,8.50,15.0,125.0,0,0,4.50,-17.49,-4.89,-0.023,0.034,0.004,1.000,0.100,0.100,0.100,1,12.8,102.0,763,804,1,0,1,0,16,416,116,0
14.56,climb_cruise,432.5,432.5,34840.0,-7218,-17.35,-115.06,325.23,8.49,15.0,125.0,0,0,4.51,-17.51,-4.92,-0.023,0.034,0.004,1.000,0.100,0.100,0.100,1,12.8,102.0,763,804,1,0,1,0,16,416,114,0
14.58,climb_cruise,432.5,432.5,34837.6,-7292,-17.48,-115.39,325.19,8.49,15.0,125.0,0,0,4.56,-17.53,-4.94,-0.023,0.034,0.004,1.000,0.100,0.100,0.100,1,12.8,102.0,763,804,1,0,1,0,16,416,115,0
14.60,climb_cruise,432.5,432.5,34835.1,-7366,-17.61,-115.73,325.15,8.49,15.0,125.0,0,0,4.65,-17.55,-4.96,-0.023,0.034,0.004,1.000,0.100,0.100,0.100,1,12.7,102.0,763,804,1,0,1,0,16,416,115,0
14.62,climb_cruise,432.5,432.5,34832.6,-7441,-17.74,-116.07,325.11,8.48,15.0,125.0,0,0,4.75,-17.56,-4.98,-0.023,0.034,0.004,1.000,0.100,0.100,0.100,1,12.7,102.0,763,804,1,0,1,0,16,416,115,0
14.64,climb_cruise,432.6,432.6,34830.2,-7515,-17.87,-116.41,325.06,8.48,15.0,125.0,0,0,4.88,-17.57,-4.99,-0.023,0.034,0.004,1.000,0.100,0.100,0.100,1,12.7,102.0,763,804,1,0,1,0,16,416,116,0
14.66,climb_cruise,432.6,432.6,34827.6,-7591,-18.00,-116.74,325.02,8.49,15.0,125.0,0,0,5.01,-17.58,-5.00,-0.023,0.034,0.004,1.000,0.100,0.100,0.100,1,12.7,102.0,763,804,1,0,1,0,16,416,115,0
14.68,climb_cruise,432.6,432.6,34825.1,-7666,-18.14,-117.08,324.97,8.49,15.0,125.0,0,0,5.14,-17.60,-5.01,-0.023,0.034,0.004,1.000,0.100,0.100,0.100,1,12.6,102.0,763,804,1,0,1,0,16,416,115,0
14.70,climb_cruise,432.6,432.6,34822.5,-7742,-18.28,-117.42,324.92,8.50,15.0,125.0,0,0,5.27,-17.61,-5.01,-0.023,0.034,0.004,1.000,0.100,0.100,0.100,1,12.6,102.0,763,804,1,0,1,0,16,416,114,0
14.72,climb_cruise,432.6,432.6,34819.9,-7819,-18.41,-117.75,324.87,8.51,15.0,125.0,0,0,5.40,-17.62,-5.01,-0.023,0.034,0.004,1.000,0.100,0.100,0.100,1,12.6,102.0,763,804,1,0,1,0,16,416,116,0
14.74,climb_cruise,432.7,432.7,34817.3,-7896,-18.55,-118.09,324.82,8.52,15.0,125.0,0,0,5.52,-17.63,-5.01,-0.023,0.034,0.004,1.000,0.100,0.100,0.100,1,12.6,102.0,763,804,1,0,1,0,16,416,114,0
14.76,climb_cruise,432.7,432.7,34814.7,-7973,-18.70,-118.43,324.77,8.54,15.0,125.0,0,0,5.62,-17.63,-5.01,-0.023,0.034,0.004,1.000,0.100,0.100,0.100,1,12.5,102.0,763,804,1,0,1,0,16,416,115,0
14.78,climb_cruise,432.7,432.7,34812.0,-8050,-18.84,-118.76,324.71,8.55,15.0,125.0,0,0,5.72,-17.64,-5.00,-0.023,0.034,0.004,1.000,0.100,0.100,0.100,1,12.5,102.0,763,804,1,0,1,0,16,416,115,0
14.80,climb_cruise,432.7,432.7,34809.3,-8128,-18.98,-119.10,324.66,8.57,15.0,125.0,0,0,5.80,-17.65,-5.00,-0.023,0.034,0.004,1.000,0.100,0.100,0.100,1,12.5,102.0,763,804,1,0,1,0,16,416,114,0
14.82,climb_cruise,432.7,432.7,34806.6,-8207,-19.12,-119.43,324.60,8.59,15.0,125.0,0,0,5.87,-17.65,-4.99,-0.023,0.034,0.004,1.000,0.100,0.100,0.100,1,12.5,102.0,763,804,1,0,1,0,16,416,115,0
14.84,climb_cruise,432.8,432.8,34803.9,-8286,-19.27,-119.77,324.54,8.61,15.0,125.0,0,0,5.92,-17.66,-4.99,-0.023,0.034,0.004,1.000,0.100,0.100,0.100,1,12.4,102.0,763,804,1,0,1,0,16,416,115,0
14.86,climb_cruise,432.8,432.8,34801.1,-8365,-19.42,-120.10,324.49,8.63,15.0,125.0,0,0,5.96,-17.66,-4.98,-0.023,0.034,0.004,1.000,0.100,0.100,0.100,1,12.4,102.0,763,804,1,0,1,0,16,416,115,0
14.88,climb_cruise,432.8,432.8,34798.3,-8445,-19.56,-120.43,324.43,8.65,15.0,125.0,0,0,6.00,-17.66,-4.97,-0.023,0.034,0.004,1.000,0.100,0.100,0.100,1,12.4,102.0,763,804,1,0,1,0,16,416,114,0
14.90,climb_cruise,432.8,432.8,34795.5,-8525,-19.71,-120.77,324.37,8.67,15.0,125.0,0,0,6.02,-17.66,-4.96,-0.023,0.034,0.004,1.000,0.100,0.100,0.100,1,12.4,102.0,763,804,1,0,1,0,16,416,115,0
14.92,climb_cruise,432.9,432.9,34792.6,-8605,-19.86,-121.10,324.32,8.69,15.0,125.0,0,0,6.04,-17.67,-4.95,-0.023,0.034,0.004,1.000,0.100,0.100,0.100,1,12.3,102.0,763,804,1,0,1,0,16,416,115,0
14.94,climb_cruise,432.9,432.9,34789.7,-8686,-20.00,-121.44,324.26,8.71,15.0,125.0,0,0,6.04,-17.67,-4.94,-0.023,0.034,0.004,1.000,0.100,0.100,0.100,1,12.3,102.0,763,804,1,0,1,0,16,416,115,0
14.96,climb_cruise,432.9,432.9,34786.8,-8768,-20.15,-121.77,324.21,8.74,15.0,125.0,0,0,6.05,-17.67,-4.94,-0.023,0.034,0.004,1.000,0.100,0.100,0.100,1,12.3,102.0,763,804,1,0,1,0,16,416,116,0
14.98,climb_cruise,432.9,432.9,34783.9,-8850,-20.30,-122.11,324.15,8.76,15.0,125.0,0,0,6.05,-17.67,-4.93,-0.023,0.034,0.004,1.000,0.100,0.100,0.100,1,12.3,102.0,763,804,1,0,1,0,16,416,115,0
15.00,climb_cruise,433.0,433.0,34780.9,-8932,-20.45,-122.44,324.10,8.78,15.0,125.0,0,0,6.05,-17.67,-4.92,-0.023,0.034,0.004,1.000,0.100,0.100,0.100,1,12.2,102.0,763,804,1,0,1,0,16,416,115,0
15.02,climb_cruise,433.0,433.0,34777.9,-9014,-20.59,-122.78,324.05,8.79,15.0,125.0,0,0,6.05,-17.67,-4.91,-0.023,0.034,0.004,1.000,0.100,0.100,0.100,1,12.2,102.0,763,804,1,0,1,0,16,416,115,0
15.04,climb_cruise,433.0,433.0,34774.9,-9097,-20.74,-123.11,324.00,8.81,15.0,125.0,0,0,6.05,-17.67,-4.91,-0.023,0.034,0.004,1.000,0.100,0.100,0.100,1,12.2,102.0,763,804,1,0,1,0,16,416,116,0
15.06,climb_cruise,433.0,433.0,34771.9,-9181,-20.89,-123.45,323.95,8.83,15.0,125.0,0,0,6.05,-17.67,-4.90,-0.023,0.034,0.004,1.000,0.100,0.100,0.100,1,12.2,102.0,763,804,1,0,1,0,16,416,116,0
15.08,climb_cruise,433.1,433.1,34768.8,-9265,-21.04,-123.78,323.90,8.85,15.0,125.0,0,0,6.05,-17.67,-4.89,-0.023,0.034,0.004,1.000,0.100,0.100,0.100,1,12.1,102.0,763,804,1,0,1,0,16,416,115,0
15.10,climb_cruise,433.1,433.1,34765.7,-9349,-21.19,-124.12,323.85,8.87,15.0,125.0,0,0,6.05,-17.67,-4.89,-0.023,0.034,0.004,1.000,0.100,0.100,0.100,1,12.1,102.0,763,804,1,0,1,0,16,416,115,0
15.12,climb_cruise,433.1,433.1,34762.6,-9434,-21.34,-124.46,323.80,8.89,15.0,125.0,0,0,6.05,-17.67,-4.88,-0.023,0.034,0.004,1.000,0.100,0.100,0.100,1,12.1,102.0,763,804,1,0,1,0,16,416,115,0
15.14,climb_cruise,433.2,433.2,34759.4,-9519,-21.49,-124.79,323.75,8.90,15.0,125.0,0,0,6.06,-17.67,-4.88,-0.023,0.034,0.004,1.000,0.100,0.100,0.100,1,12.1,102.0,763,804,1,0,1,0,16,416,116,0
15.16,climb_cruise,433.2,433.2,34756.3,-9604,-21.64,-125.13,323.71,8.92,15.0,125.0,0,0,6.07,-17.67,-4.87,-0.023,0.034,0.004,1.000,0.100,0.100,0.100,1,12.0,102.0,763,804,1,0,1,0,16,416,115,0
15.18,climb_cruise,433.2,433.2,34753.0,-9690,-21.79,-125.46,323.66,8.94,15.0,125.0,0,0,6.08,-17.68,-4.87,-0.023,0.034,0.004,1.000,0.100,0.100,0.100,1,12.0,102.0,763,804,1,0,1,0,16,416,116,0
15.20,climb_cruise,433.3,433.3,34749.8,-9776,-21.94,-125.80,323.61,8.95,15.0,125.0,0,0,6.09,-17.68,-4.86,-0.023,0.034,0.004,1.000,0.100,0.100,0.100,1,12.0,102.0,763,804,1,0,1,0,16,416,114,0
15.22,climb_cruise,433.3,433.3,34746.5,-9863,-22.09,-126.14,323.57,8.97,15.0,125.0,0,0,6.11,-17.68,-4.86,-0.023,0.034,0.004,1.000,0.100,0.100,0.100,1,12.0,102.0,763,804,1,0,1,0,16,416,116,0
15.24,climb_cruise,433.3,433.3,34743.2,-9950,-22.24,-126.47,323.52,8.99,15.0,125.0,0,0,6.13,-17.68,-4.85,-0.023,0.034,0.004,1.000,0.100,0.100,0.100,1,12.0,102.0,763,804,1,0,1,0,16,416,115,0
15.26,climb_cruise,433.4,433.4,34739.9,-10037,-22.39,-126.81,323.48,9.00,15.0,125.0,0,0,6.14,-17.68,-4.85,-0.023,0.034,0.004,1.000,0.100,0.100,0.100,1,11.9,102.0,763,804,1,0,1,0,16,416,114,0
15.28,climb_cruise,433.4,433.4,34736.5,-10125,-22.54,-127.15,323.44,9.02,15.0,125.0,0,0,6.16,-17.68,-4.85,-0.023,0.034,0.004,1.000,0.100,0.100,0.100,1,11.9,102.0,763,804,1,0,1,0,16,416,115,0
15.30,climb_cruise,433.4,433.4,34733.2,-10213,-22.69,-127.49,323.39,9.04,15.0,125.0,0,0,6.18,-17.68,-4.84,-0.023,0.034,0.004,1.000,0.100,0.100,0.100,1,11.9,102.0,763,804,1,0,1,0,16,416,116,0
15.32,climb_cruise,433.5,433.5,34729.7,-10302,-22.84,-127.82,323.35,9.05,15.0,125.0,0,0,6.21,-17.68,-4.84,-0.023,0.034,0.004,1.000,0.100,0.100,0.100,1,11.9,102.0,763,804,1,0,1,0,16,416,114,0
15.34,climb_cruise,433.5,433.5,34726.3,-10391,-23.00,-128.16,323.31,9.07,15.0,125.0,0,0,6.23,-17.68,-4.83,-0.023,0.034,0.004,1.000,0.100,0.100,0.100,1,11.8,102.0,763,804,1,0,1,0,16,416,116,0
15.36,climb_cruise,433.6,433.6,34722.8,-10480,-23.15,-128.50,323.27,9.09,15.0,125.0,0,0,6.25,-17.68,-4.83,-0.023,0.034,0.004,1.000,0.100,0.100,0.100,1,11.8,102.0,763,804,1,0,1,0,16,416,114,0
15.38,climb_cruise,433.6,433.6,34719.3,-10570,-23.30,-128.83,323.23,9.10,15.0,125.0,0,0,6.27,-17.68,-4.82,-0.023,0.034,0.004,1.000,0.100,0.100,0.100,1,11.8,102.0,763,804,1,0,1,0,16,416,114,0
15.40,climb_cruise,433.6,433.6,34715.8,-10660,-23.46,-129.17,323.19,9.12,15.0,125.0,0,0,6.29,-17.68,-4.82,-0.023,0.034,0.004,1.000,0.100,0.100,0.100,1,11.8,102.0,763,804,1,0,1,0,16,416,115,0
15.42,climb_cruise,433.7,433.7,34712.2,-10751,-23.61,-129.51,323.15,9.14,15.0,125.0,0,0,6.31,-17.69,-4.81,-0.023,0.034,0.004,1.000,0.100,0.100,0.100,1,11.7,102.0,763,804,1,0,1,0,16,416,114,0
15.44,climb_cruise,433.7,433.7,34708.6,-10842,-23.77,-129.85,323.11,9.15,15.0,125.0,0,0,6.34,-17.69,-4.81,-0.023,0.034,0.004,1.000,0.100,0.100,0.100,1,11.7,102.0,763,804,1,0,1,0,16,416,115,0
15.46,climb_cruise,433.8,433.8,34705.0,-10933,-23.92,-130.19,323.07,9.17,15.0,125.0,0,0,6.36,-17.69,-4.80,-0.023,0.034,0.004,1.000,0.100,0.100,0.100,1,11.7,102.0,763,804,1,0,1,0,16,416,115,0
15.48,climb_cruise,433.8,433.8,34701.3,-11025,-24.08,-130.52,323.03,9.19,15.0,125.0,0,0,6.38,-17.69,-4.80,-0.023,0.034,0.004,1.000,0.100,0.100,0.100,1,11.7,102.0,763,804,1,0,1,0,16,416,115,0
15.50,climb_cruise,433.9,433.9,34697.7,-11117,-24.23,-130.86,322.99,9.21,15.0,125.0,0,0,6.40,-17.69,-4.79,-0.023,0.034,0.004,1.000,0.100,0.100,0.100,1,11.6,102.0,763,804,1,0,1,0,16,416,115,0
15.52,climb_cruise,433.9,433.9,34693.9,-11209,-24.39,-131.20,322.96,9.22,15.0,125.0,0,0,6.41,-17.69,-4.79,-0.023,0.034,0.004,1.000,0.100,0.100,0.100,1,11.6,102.0,763,804,1,0,1,0,16,416,114,0
15.54,climb_cruise,434.0,434.0,34690.2,-11302,-24.55,-131.54,322.92,9.24,15.0,125.0,0,0,6.43,-17.69,-4.78,-0.023,0.034,0.004,1.000,0.100,0.100,0.100,1,11.6,102.0,763,804,1,0,1,0,16,416,116,0
15.56,climb_cruise,434.0,434.0,34686.4,-11395,-24.70,-131.88,322.89,9.26,15.0,125.0,0,0,6.45,-17.69,-4.77,-0.023,0.034,0.004,1.000,0.100,0.100,0.100,1,11.6,102.0,763,804,1,0,1,0,16,416,115,0
15.58,climb_cruise,434.0,434.0,34682.6,-11489,-24.86,-132.22,322.85,9.28,15.0,125.0,0,0,6.47,-17.69,-4.77,-0.023,0.034,0.004,1.000,0.100,0.100,0.100,1,11.6,102.0,763,804,1,0,1,0,16,416,115,0
15.60,climb_cruise,434.1,434.1,34678.8,-11583,-25.02,-132.56,322.82,9.29,15.0,125.0,0,0,6.49,-17.69,-4.76,-0.023,0.034,0.004,1.000,0.100,0.100,0.100,1,11.5,102.0,763,804,1,0,1,0,16,416,115,0
15.62,climb_cruise,434.1,434.1,34674.9,-11677,-25.18,-132.90,322.78,9.31,15.0,125.0,0,0,6.50,-17.69,-4.76,-0.023,0.034,0.004,1.000,0.100,0.100,0.100,1,11.5,102.0,763,804,1,0,1,0,16,416,116,0
15.64,climb_cruise,434.2,434.2,34671.0,-11772,-25.33,-133.24,322.75,9.33,15.0,125.0,0,0,6.52,-17.69,-4.75,-0.023,0.034,0.004,1.000,0.100,0.100,0.100,1,11.5,102.0,763,804,1,0,1,0,16,416,115,0
15.66,climb_cruise,434.2,434.2,34667.0,-11867,-25.49,-133.58,322.72,9.35,15.0,125.0,0,0,6.54,-17.69,-4.74,-0.023,0.034,0.004,1.000,0.100,0.100,0.100,1,11.5,102.0,763,804,1,0,1,0,16,416,114,0
15.68,climb_cruise,434.3,434.3,34663.1,-11962,-25.65,-133.92,322.68,9.36,15.0,125.0,0,0,6.55,-17.69,-4.74,-0.023,0.034,0.004,1.000,0.100,0.100,0.100,1,11.4,102.0,763,804,1,0,1,0,16,416,114,0
15.70,climb_cruise,434.4,434.4,34659.1,-12058,-25.81,-134.26,322.65,9.38,15.0,125.0,0,0,6.57,-17.69,-4.73,-0.023,0.034,0.004,1.000,0.100,0.100,0.100,1,11.4,102.0,763,804,1,0,1,0,16,416,115,0
15.72,climb_cruise,434.4,434.4,34655.0,-12154,-25.97,-134.60,322.62,9.40,15.0,125.0,0,0,6.59,-17.69,-4.72,-0.023,0.034,0.004,1.000,0.100,0.100,0.100,1,11.4,102.0,763,804,1,0,1,0,16,416,114,0
15.74,climb_cruise,434.5,434.5,34651.0,-12250,-26.13,-134.94,322.59,9.42,15.0,125.0,0,0,6.60,-17.69,-4.72,-0.023,0.034,0.004,1.000,0.100,0.100,0.100,1,11.4,102.0,763,804,1,0,1,0,16,416,116,0
15.76,climb_cruise,434.5,434.5,34646.9,-12347,-26.29,-135.28,322.56,9.43,15.0,125.0,0,0,6.62,-17.69,-4.71,-0.023,0.034,0.004,1.000,0.100,0.100,0.100,1,11.3,102.0,763,804,1,0,1,0,16,416,116,0
15.78,climb_cruise,434.6,434.6,34642.8,-12444,-26.45,-135.62,322.53,9.45,15.0,125.0,0,0,6.64,-17.69,-4.70,-0.023,0.034,0.004,1.000,0.100,0.100,0.100,1,11.3,102.0,763,804,1,0,1,0,16,416,115,0
15.80,climb_cruise,434.6,434.6,34638.6,-12542,-26.61,-135.96,322.50,9.47,15.0,125.0,0,0,6.65,-17.68,-4.70,-0.023,0.034,0.004,1.000,0.100,0.100,0.100,1,11.3,102.0,763,804,1,0,1,0,16,416,114,0
15.82,climb_cruise,434.7,434.7,34634.4,-12640,-26.77,-136.30,322.48,9.49,15.0,125.0,0,0,6.67,-17.68,-4.69,-0.023,0.034,0.004,1.000,0.100,0.100,0.100,1,11.3,102.0,763,804,1,0,1,0,16,416,116,0
15.84,climb_cruise,434.7,434.7,34630.2,-12738,-26.94,-136.64,322.45,9.50,15.0,125.0,0,0,6.69,-17.68,-4.68,-0.023,0.034,0.004,1.000,0.100,0.100,0.100,1,11.3,102.0,763,804,1,0,1,0,16,416,115,0
15.86,climb_cruise,434.8,434.8,34625.9,-12836,-27.10,-136.98,322.42,9.52,15.0,125.0,0,0,6.70,-17.68,-4.68,-0.023,0.034,0.004,1.000,0.100,0.100,0.100,1,11.2,102.0,763,804,1,0,1,0,16,416,114,0
15.88,climb_cruise,434.9,434.9,34621.6,-12935,-27.26,-137.33,322.40,9.54,15.0,125.0,0,0,6.72,-17.68,-4.67,-0.023,0.034,0.004,1.000,0.100,0.100,0.100,1,11.2,102.0,763,804,1,0,1,0,16,416,116,0
15.90,climb_cruise,434.9,434.9,34617.3,-13035,-27.42,-137.67,322.37,9.56,15.0,125.0,0,0,6.73,-17.68,-4.66,-0.023,0.034,0.004,1.000,0.100,0.100,0.100,1,11.2,102.0,763,804,1,0,1,0,16,416,114,0
15.92,climb_cruise,435.0,435.0,34612.9,-13134,-27.58,-138.01,322.35,9.57,15.0,125.0,0,0,6.75,-17.68,-4.66,-0.023,0.034,0.004,1.000,0.100,0.100,0.100,1,11.2,102.0,763,804,1,0,1,0,16,416,116,0
15.94,climb_cruise,435.0,435.0,34608.6,-13234,-27.75,-138.35,322.32,9.59,15.0,125.0,0,0,6.77,-17.68,-4.65,-0.023,0.034,0.004,1.000,0.100,0.100,0.100,1,11.1,102.0,763,804,1,0,1,0,16,416,115,0
15.96,climb_cruise,435.1,435.1,34604.1,-13334,-27.91,-138.70,322.30,9.61,15.0,125.0,0,0,6.78,-17.67,-4.64,-0.023,0.034,0.004,1.000,0.100,0.100,0.100,1,11.1,102.0,763,804,1,0,1,0,16,416,116,0
15.98,climb_cruise,435.2,435.2,34599.7,-13435,-28.07,-139.04,322.28,9.62,15.0,125.0,0,0,6.80,-17.67,-4.63,-0.023,0.034,0.004,1.000,0.100,0.100,0.100,1,11.1,102.0,763,804,1,0,1,0,16,416,114,0
16.00,climb_cruise,435.2,435.2,34595.2,-13536,-28.24,-139.38,322.26,9.64,15.0,125.0,0,0,6.82,-17.67,-4.63,-0.023,0.034,0.004,1.000,0.100,0.100,0.100,1,11.1,102.0,763,804,1,0,1,0,16,416,116,0
16.02,climb_cruise,435.3,435.3,34590.7,-13637,-28.40,-139.73,322.24,9.66,15.0,125.0,0,0,6.83,-17.67,-4.62,-0.023,0.034,0.004,1.000,0.100,0.100,0.100,1,11.1,102.0,763,804,1,0,1,0,16,416,115,0
16.04,climb_cruise,435.4,435.4,34586.1,-13739,-28.57,-140.07,322.22,9.68,15.0,125.0,0,0,6.85,-17.67,-4.61,-0.023,0.034,0.004,1.000,0.100,0.100,0.100,1,11.0,102.0,763,804,1,0,1,0,16,416,115,0
16.06,climb_cruise,435.4,435.4,34581.5,-13841,-28.73,-140.41,322.20,9.69,15.0,125.0,0,0,6.87,-17.67,-4.60,-0.023,0.034,0.004,1.000,0.100,0.100,0.100,1,11.0,102.0,763,804,1,0,1,0,16,416,115,0
16.08,climb_cruise,435.5,435.5,34576.9,-13943,-28.89,-140.76,322.18,9.71,15.0,125.0,0,0,6.88,-17.66,-4.59,-0.023,0.034,0.004,1.000,0.100,0.100,0.100,1,11.0,102.0,763,804,1,0,1,0,16,416,114,0
16.10,climb_cruise,435.6,435.6,34572.2,-14046,-29.06,-141.10,322.16,9.73,15.0,125.0,0,0,6.90,-17.66,-4.59,-0.023,0.034,0.004,1.000,0.100,0.100,0.100,1,11.0,102.0,763,804,1,0,1,0,16,416,116,0
16.12,climb_cruise,435.6,435.6,34567.5,-14148,-29.22,-141.45,322.14,9.75,15.0,125.0,0,0,6.91,-17.66,-4.58,-0.023,0.034,0.004,1.000,0.100,0.100,0.100,1,10.9,102.0,763,804,1,0,1,0,16,416,114,0
16.14,climb_cruise,435.7,435.7,34562.8,-14252,-29.39,-141.79,322.13,9.76,15.0,125.0,0,0,6.93,-17.66,-4.57,-0.023,0.034,0.004,1.000,0.100,0.100,0.100,1,10.9,102.0,763,804,1,0,1,0,16,416,116,0
16.16,climb_cruise,435.8,435.8,34558.0,-14355,-29.56,-142.14,322.11,9.78,15.0,125.0,0,0,6.95,-17.65,-4.56,-0.023,0.034,0.004,1.000,0.100,0.100,0.100,1,10.9,102.0,763,804,1,0,1,0,16,416,115,0
16.18,climb_cruise,435.9,435.9,34553.2,-14459,-29.72,-142.48,322.10,9.80,15.0,125.0,0,0,6.96,-17.65,-4.55,-0.023,0.034,0.004,1.000,0.100,0.100,0.100,1,10.9,102.0,763,804,1,0,1,0,16,416,115,0
16.20,climb_cruise,435.9,435.9,34548.4,-14563,-29.89,-142.83,322.08,9.82,15.0,125.0,0,0,6.98,-17.65,-4.55,-0.023,0.034,0.004,1.000,0.100,0.100,0.100,1,10.9,102.0,763,804,1,0,1,0,16,416,115,0
16.22,climb_cruise,436.0,436.0,34543.5,-14668,-30.05,-143.18,322.07,9.83,15.0,125.0,0,0,6.99,-17.65,-4.54,-0.023,0.034,0.004,1.000,0.100,0.100,0.100,1,10.8,102.0,763,804,1,0,1,0,16,416,114,0
16.24,climb_cruise,436.1,436.1,34538.6,-14773,-30.22,-143.52,322.06,9.85,15.0,125.0,0,0,7.01,-17.64,-4.53,-0.023,0.034,0.004,1.000,0.100,0.100,0.100,1,10.8,102.0,763,804,1,0,1,0,16,416,115,0
16.26,climb_cruise,436.2,436.2,34533.7,-14878,-30.39,-143.87,322.05,9.87,15.0,125.0,0,0,7.02,-17.64,-4.52,-0.023,0.034,0.004,1.000,0.100,0.100,0.100,1,10.8,102.0,763,804,1,0,1,0,16,416,114,0
16.28,climb_cruise,436.2,436.2,34528.7,-14983,-30.55,-144.22,322.04,9.89,15.0,125.0,0,0,7.04,-17.64,-4.51,-0.023,0.034,0.004,1.000,0.100,0.100,0.100,1,10.8,102.0,763,804,1,0,1,0,16,416,116,0
16.30,climb_cruise,436.3,436.3,34523.7,-15089,-30.72,-144.56,322.03,9.90,15.0,125.0,0,0,7.05,-17.63,-4.51,-0.023,0.034,0.004,1.000,0.100,0.100,0.100,1,10.8,102.0,763,804,1,0,1,0,16,416,115,0
16.32,climb_cruise,436.4,436.4,34518.7,-15195,-30.89,-144.91,322.02,9.92,15.0,125.0,0,0,7.07,-17.63,-4.50,-0.023,0.034,0.004,1.000,0.100,0.100,0.100,1,10.7,102.0,763,804,1,0,1,0,16,416,115,0
16.34,climb_cruise,436.5,436.5,34513.6,-15301,-31.06,-145.26,322.01,9.94,15.0,125.0,0,0,7.08,-17.63,-4.49,-0.023,0.034,0.004,1.000,0.100,0.100,0.100,1,10.7,102.0,763,804,1,0,1,0,16,416,115,0
16.36,climb_cruise,436.5,436.5,34508.5,-15408,-31.22,-145.61,322.00,9.96,15.0,125.0,0,0,7.10,-17.62,-4.48,-0.023,0.034,0.004,1.000,0.100,0.100,0.100,1,10.7,102.0,763,804,1,0,1,0,16,416,114,0
16.38,climb_cruise,436.6,436.6,34503.3,-15514,-31.39,-145.96,321.99,9.97,15.0,125.0,0,0,7.11,-17.62,-4.47,-0.023,0.034,0.004,1.000,0.100,0.100,0.100,1,10.7,102.0,763,804,1,0,1,0,16,416,114,0
16.40,climb_cruise,436.7,436.7,34498.1,-15622,-31.56,-146.31,321.99,9.99,15.0,125.0,0,0,7.13,-17.62,-4.46,-0.023,0.034,0.004,1.000,0.100,0.100,0.100,1,10.6,102.0,763,804,1,0,1,0,16,416,116,0
16.42,climb_cruise,436.8,436.8,34492.9,-15729,-31.73,-146.66,321.98,10.01,15.0,125.0,0,0,7.14,-17.61,-4.45,-0.023,0.034,0.004,1.000,0.100,0.100,0.100,1,10.6,102.0,763,804,1,0,1,0,16,416,114,0
16.44,climb_cruise,436.9,436.9,34487.7,-15837,-31.90,-147.01,321.98,10.03,15.0,125.0,0,0,7.16,-17.61,-4.44,-0.023,0.034,0.004,1.000,0.100,0.100,0.100,1,10.6,102.0,763,804,1,0,1,0,16,416,115,0
16.46,climb_cruise,437.0,437.0,34482.4,-15945,-32.06,-147.36,321.97,10.04,15.0,125.0,0,0,7.17,-17.61,-4.44,-0.023,0.034,0.004,1.000,0.100,0.100,0.100,1,10.6,102.0,763,804,1,0,1,0,16,416,116,0
16.48,climb_cruise,437.0,437.0,34477.0,-16053,-32.23,-147.71,321.97,10.06,15.0,125.0,0,0,7.19,-17.60,-4.43,-0.023,0.034,0.004,1.000,0.100,0.100,0.100,1,10.6,102.0,763,804,1,0,1,0,16,416,115,0
16.50,climb_cruise,437.1,437.1,34471.7,-16162,-32.40,-148.06,321.97,10.08,15.0,125.0,0,0,7.20,-17.60,-4.42,-0.023,0.034,0.004,1.000,0.100,0.100,0.100,1,10.5,102.0,763,804,1,0,1,0,16,416,114,0
16.52,climb_cruise,437.2,437.2,34466.3,-16271,-32.57,-148.41,321.97,10.10,15.0,125.0,0,0,7.22,-17.59,-4.41,-0.023,0.034,0.004,1.000,0.100,0.100,0.100,1,10.5,102.0,763,804,1,0,1,0,16,416,115,0
16.54,climb_cruise,437.3,437.3,34460.8,-16380,-32.74,-148.76,321.97,10.11,15.0,125.0,0,0,7.23,-17.59,-4.40,-0.023,0.034,0.004,1.000,0.100,0.100,0.100,1,10.5,102.0,763,804,1,0,1,0,16,416,115,0
16.56,climb_cruise,437.4,437.4,34455.4,-16489,-32.91,-149.11,321.97,10.13,15.0,125.0,0,0,7.25,-17.59,-4.39,-0.023,0.034,0.004,1.000,0.100,0.100,0.100,1,10.5,102.0,763,804,1,0,1,0,16,416,115,0
16.58,climb_cruise,437.5,437.5,34449.8,-16599,-33.08,-149.47,321.97,10.15,15.0,125.0,0,0,7.26,-17.58,-4.38,-0.023,0.034,0.004,1.000,0.100,0.100,0.100,1,10.5,102.0,763,804,1,0,1,0,16,416,116,0
16.60,climb_cruise,437.6,437.6,34444.3,-16709,-33.25,-149.82,321.97,10.17,15.0,125.0,0,0,7.28,-17.58,-4.37,-0.023,0.034,0.004,1.000,0.100,0.100,0.100,1,10.4,102.0,763,804,1,0,1,0,16,416,115,0
16.62,climb_cruise,437.7,437.7,34438.7,-16819,-33.42,-150.17,321.98,10.18,15.0,125.0,0,0,7.29,-17.57,-4.36,-0.023,0.034,0.004,1.000,0.100,0.100,0.100,1,10.4,102.0,763,804,1,0,1,0,16,416,116,0
16.64,climb_cruise,437.8,437.8,34433.1,-16929,-33.59,-150.53,321.98,10.20,15.0,125.0,0,0,7.30,-17.57,-4.35,-0.023,0.034,0.004,1.000,0.100,0.100,0.100,1,10.4,102.0,763,804,1,0,1,0,16,416,115,0
16.66,climb_cruise,437.9,437.9,34427.4,-17040,-33.76,-150.88,321.99,10.22,15.0,125.0,0,0,7.32,-17.56,-4.35,-0.023,0.034,0.004,1.000,0.100,0.100,0.100,1,10.4,102.0,763,804,1,0,1,0,16,416,115,0
16.68,climb_cruise,437.9,437.9,34421.7,-17151,-33.93,-151.24,321.99,10.24,15.0,125.0,0,0,7.33,-17.56,-4.34,-0.023,0.034,0.004,1.000,0.100,0.100,0.100,1,10.4,102.0,763,804,1,0,1,0,16,416,115,0
16.70,climb_cruise,438.0,438.0,34416.0,-17262,-34.10,-151.59,322.00,10.26,15.0,125.0,0,0,7.35,-17.56,-4.33,-0.023,0.034,0.004,1.000,0.100,0.100,0.100,1,10.3,102.0,763,804,1,0,1,0,16,416,115,0
16.72,climb_cruise,438.1,438.1,34410.2,-17374,-34.27,-151.95,322.01,10.27,15.0,125.0,0,0,7.36,-17.55,-4.32,-0.023,0.034,0.004,1.000,0.100,0.100,0.100,1,10.3,102.0,763,804,1,0,1,0,16,416,114,0
16.74,climb_cruise,438.2,438.2,34404.4,-17485,-34.44,-152.30,322.02,10.29,15.0,125.0,0,0,7.37,-17.55,-4.31,-0.023,0.034,0.004,1.000,0.100,0.100,0.100,1,10.3,102.0,763,804,1,0,1,0,16,416,115,0
16.76,climb_cruise,438.3,438.3,34398.6,-17597,-34.61,-152.66,322.03,10.31,15.0,125.0,0,0,7.39,-17.54,-4.30,-0.023,0.034,0.004,1.000,0.100,0.100,0.100,1,10.3,102.0,763,804,1,0,1,0,16,416,115,0
16.78,climb_cruise,438.4,438.4,34392.7,-17710,-34.78,-153.02,322.04,10.33,15.0,125.0,0,0,7.40,-17.54,-4.29,-0.023,0.034,0.004,1.000,0.100,0.100,0.100,1,10.2,102.0,763,804,1,0,1,0,16,416,114,0
16.80,climb_cruise,438.5,438.5,34386.8,-17822,-34.95,-153.37,322.05,10.34,15.0,125.0,0,0,7.41,-17.53,-4.28,-0.023,0.034,0.004,1.000,0.100,0.100,0.100,1,10.2,102.0,763,804,1,0,1,0,16,416,114,0
16.82,climb_cruise,438.6,438.6,34380.8,-17935,-35.12,-153.73,322.06,10.36,15.0,125.0,0,0,7.43,-17.53,-4.27,-0.023,0.034,0.004,1.000,0.100,0.100,0.100,1,10.2,102.0,763,804,1,0,1,0,16,416,115,0
16.84,climb_cruise,438.7,438.7,34374.9,-18048,-35.30,-154.09,322.07,10.38,15.0,125.0,0,0,7.44,-17.52,-4.26,-0.023,0.034,0.004,1.000,0.100,0.100,0.100,1,10.2,102.0,763,804,1,0,1,0,16,416,115,0
16.86,climb_cruise,438.8,438.8,34368.8,-18161,-35.47,-154.45,322.09,10.40,15.0,125.0,0,0,7.46,-17.51,-4.25,-0.023,0.034,0.004,1.000,0.100,0.100,0.100,1,10.2,102.0,763,804,1,0,1,0,16,416,116,0
16.88,climb_cruise,438.9,438.9,34362.8,-18274,-35.64,-154.81,322.10,10.41,15.0,125.0,0,0,7.47,-17.51,-4.24,-0.023,0.034,0.004,1.000,0.100,0.100,0.100,1,10.1,102.0,763,804,1,0,1,0,16,416,116,0
16.90,climb_cruise,439.0,439.0,34356.6,-18388,-35.81,-155.17,322.12,10.43,15.0,125.0,0,0,7.48,-17.50,-4.23,-0.023,0.034,0.004,1.000,0.100,0.100,0.100,1,10.1,102.0,763,804,1,0,1,0,16,416,115,0
16.92,climb_cruise,439.1,439.1,34350.5,-18501,-35.98,-155.53,322.14,10.45,15.0,125.0,0,0,7.50,-17.50,-4.22,-0.023,0.034,0.004,1.000,0.100,0.100,0.100,1,10.1,102.0,763,804,1,0,1,0,16,416,114,0
16.94,climb_cruise,439.2,439.2,34344.3,-18615,-36.15,-155.89,322.16,10.47,15.0,125.0,0,0,7.51,-17.49,-4.21,-0.023,0.034,0.004,1.000,0.100,0.100,0.100,1,10.1,102.0,763,804,1,0,1,0,16,416,115,0
16.96,climb_cruise,439.3,439.3,34338.1,-18730,-36.32,-156.25,322.18,10.49,15.0,125.0,0,0,7.52,-17.49,-4.20,-0.023,0.034,0.004,1.000,0.100,0.100,0.100,1,10.1,102.0,763,804,1,0,1,0,16,416,116,0
16.98,climb_cruise,439.5,439.5,34331.8,-18844,-36.50,-156.61,322.20,10.50,15.0,125.0,0,0,7.54,-17.48,-4.19,-0.023,0.034,0.004,1.000,0.100,0.100,0.100,1,10.0,102.0,763,804,1,0,1,0,16,416,116,0
17.00,climb_cruise,439.6,439.6,34325.5,-18959,-36.67,-156.97,322.22,10.52,15.0,125.0,0,0,7.55,-17.47,-4.18,-0.023,0.034,0.004,1.000,0.100,0.100,0.100,1,10.0,102.0,763,804,1,0,1,0,16,416,115,0
17.02,climb_cruise,439.7,439.7,34319.2,-19074,-36.84,-157.34,322.24,10.54,15.0,125.0,0,0,7.56,-17.47,-4.17,-0.023,0.034,0.004,1.000,0.100,0.100,0.100,1,10.0,102.0,763,804,1,0,1,0,16,416,115,0
17.04,climb_cruise,439.8,439.8,34312.8,-19189,-37.01,-157.70,322.27,10.56,15.0,125.0,0,0,7.57,-17.46,-4.16,-0.023,0.034,0.004,1.000,0.100,0.100,0.100,1,10.0,102.0,763,804,1,0,1,0,16,416,114,0
17.06,climb_cruise,439.9,439.9,34306.4,-19304,-37.18,-158.07,322.29,10.57,15.0,125.0,0,0,7.59,-17.46,-4.15,-0.023,0.034,0.004,1.000,0.100,0.100,0.100,1,10.0,102.0,763,804,1,0,1,0,16,416,115,0
17.08,climb_cruise,440.0,440.0,34300.0,-19419,-37.35,-158.43,322.32,10.59,15.0,125.0,0,0,7.60,-17.45,-4.14,-0.023,0.034,0.004,1.000,0.100,0.100,0.100,1,9.9,102.0,763,804,1,0,1,0,16,416,115,0
17.10,climb_cruise,440.1,440.1,34293.5,-19535,-37.53,-158.80,322.35,10.61,15.0,125.0,0,0,7.61,-17.44,-4.13,-0.023,0.034,0.004,1.000,0.100,0.100,0.100,1,9.9,102.0,763,804,1,0,1,0,16,416,115,0
17.12,climb_cruise,440.2,440.2,34287.0,-19651,-37.70,-159.16,322.37,10.63,15.0,125.0,0,0,7.62,-17.44,-4.12,-0.023,0.034,0.004,1.000,0.100,0.100,0.100,1,9.9,102.0,763,804,1,0,1,0,16,416,114,0
17.14,climb_cruise,440.3,440.3,34280.4,-19767,-37.87,-159.53,322.40,10.64,15.0,125.0,0,0,7.64,-17.43,-4.11,-0.023,0.034,0.004,1.000,0.100,0.100,0.100,1,9.9,102.0,763,804,1,0,1,0,16,416,115,0
17.16,climb_cruise,440.5,440.5,34273.8,-19883,-38.04,-159.90,322.43,10.66,15.0,125.0,0,0,7.65,-17.42,-4.10,-0.023,0.034,0.004,1.000,0.100,0.100,0.100,1,9.9,102.0,763,804,1,0,1,0,16,416,116,0
17.18,climb_cruise,440.6,440.6,34267.2,-19999,-38.21,-160.26,322.47,10.68,15.0,125.0,0,0,7.66,-17.42,-4.09,-0.023,0.034,0.004,1.000,0.100,0.100,0.100,1,9.8,102.0,763,804,1,0,1,0,16,416,115,0
17.20,climb_cruise,440.7,440.7,34260.5,-20116,-38.39,-160.63,322.50,10.70,15.0,125.0,0,0,7.67,-17.41,-4.08,-0.023,0.034,0.004,1.000,0.100,0.100,0.100,1,9.8,102.0,763,804,1,0,1,0,16,416,115,0
17.22,climb_cruise,440.8,440.8,34253.7,-20233,-38.56,-161.00,322.53,10.72,15.0,125.0,0,0,7.69,-17.40,-4.07,-0.023,0.034,0.004,1.000,0.100,0.100,0.100,1,9.8,102.0,763,804,1,0,1,0,16,416,116,0
17.24,climb_cruise,440.9,440.9,34247.0,-20350,-38.73,-161.37,322.57,10.73,15.0,125.0,0,0,7.70,-17.40,-4.06,-0.023,0.034,0.004,1.000,0.100,0.100,0.100,1,9.8,102.0,763,804,1,0,1,0,16,416,115,0
17.26,climb_cruise,441.0,441.0,34240.2,-20467,-38.90,-161.74,322.60,10.75,15.0,125.0,0,0,7.71,-17.39,-4.05,-0.023,0.034,0.004,1.000,0.100,0.100,0.100,1,9.8,102.0,763,804,1,0,1,0,16,416,116,0
17.28,climb_cruise,441.2,441.2,34233.4,-20584,-39.07,-162.11,322.64,10.77,15.0,125.0,0,0,7.72,-17.38,-4.04,-0.023,0.034,0.004,1.000,0.100,0.100,0.100,1,9.7,102.0,763,804,1,0,1,0,16,416,115,0
17.30,climb_cruise,441.3,441.3,34226.5,-20702,-39.25,-162.49,322.68,10.79,15.0,125.0,0,0,7.74,-17.38,-4.03,-0.023,0.034,0.004,1.000,0.100,0.100,0.100,1,9.7,102.0,763,804,1,0,1,0,16,416,115,0
17.32,climb_cruise,441.4,441.4,34219.6,-20819,-39.42,-162.86,322.72,10.80,15.0,125.0,0,0,7.75,-17.37,-4.02,-0.023,0.034,0.004,1.000,0.100,0.100,0.100,1,9.7,102.0,763,804,1,0,1,0,16,416,114,0
17.34,climb_cruise,441.5,441.5,34212.6,-20937,-39.59,-163.23,322.76,10.82,15.0,125.0,0,0,7.76,-17.36,-4.01,-0.023,0.034,0.004,1.000,0.100,0.100,0.100,1,9.7,102.0,763,804,1,0,1,0,16,416,114,0
17.36,climb_cruise,441.7,441.7,34205.6,-21055,-39.76,-163.61,322.80,10.84,15.0,125.0,0,0,7.77,-17.35,-4.00,-0.023,0.034,0.004,1.000,0.100,0.100,0.100,1,9.7,102.0,763,804,1,0,1,0,16,416,115,0
17.38,climb_cruise,441.8,441.8,34198.6,-21173,-39.93,-163.98,322.85,10.86,15.0,125.0,0,0,7.78,-17.35,-3.99,-0.023,0.034,0.004,1.000,0.100,0.100,0.100,1,9.7,102.0,763,804,1,0,1,0,16,416,114,0
17.40,climb_cruise,441.9,441.9,34191.5,-21291,-40.10,-164.36,322.89,10.88,15.0,125.0,0,0,7.79,-17.34,-3.98,-0.023,0.034,0.004,1.000,0.100,0.100,0.100,1,9.6,102.0,763,804,1,0,1,0,16,416,115,0
17.42,climb_cruise,442.0,442.0,34184.4,-21409,-40.28,-164.73,322.94,10.89,15.0,125.0,0,0,7.81,-17.33,-3.97,-0.023,0.034,0.004,1.000,0.100,0.100,0.100,1,9.6,102.0,763,804,1,0,1,0,16,416,114,0
17.44,climb_cruise,442.2,442.2,34177.2,-21528,-40.45,-165.11,322.98,10.91,15.0,125.0,0,0,7.82,-17.32,-3.96,-0.023,0.034,0.004,1.000,0.100,0.100,0.100,1,9.6,102.0,763,804,1,0,1,0,16,416,115,0
17.46,climb_cruise,442.3,442.3,34170.0,-21646,-40.62,-165.49,323.03,10.93,15.0,125.0,0,0,7.83,-17.32,-3.95,-0.023,0.034,0.004,1.000,0.100,0.100,0.100,1,9.6,102.0,763,804,1,0,1,0,16,416,115,0
17.48,climb_cruise,442.4,442.4,34162.8,-21765,-40.79,-165.87,323.08,10.95,15.0,125.0,0,0,7.84,-17.31,-3.94,-0.023,0.034,0.004,1.000,0.100,0.100,0.100,1,9.6,102.0,763,804,1,0,1,0,16,416,116,0
17.50,climb_cruise,442.6,442.6,34155.5,-21884,-40.96,-166.25,323.13,10.97,15.0,125.0,0,0,7.85,-17.30,-3.93,-0.023,0.034,0.004,1.000,0.100,0.100,0.100,1,9.5,102.0,763,804,1,0,1,0,16,416,116,0
17.52,climb_cruise,442.7,442.7,34148.2,-22003,-41.13,-166.63,323.19,10.98,15.0,125.0,0,0,7.86,-17.29,-3.92,-0.023,0.034,0.004,1.000,0.100,0.100,0.100,1,9.5,102.0,763,804,1,0,1,0,16,416,114,0
17.54,climb_cruise,442.8,442.8,34140.9,-22122,-41.30,-167.01,323.24,11.00,15.0,125.0,0,0,7.88,-17.29,-3.91,-0.023,0.034,0.004,1.000,0.100,0.100,0.100,1,9.5,102.0,763,804,1,0,1,0,16,416,115,0
17.56,climb_cruise,442.9,442.9,34133.5,-22241,-41.47,-167.39,323.29,11.02,15.0,125.0,0,0,7.89,-17.28,-3.90,-0.023,0.034,0.005,1.000,0.100,0.100,0.100,1,9.5,102.0,763,804,1,0,1,0,16,416,115,0
17.58,climb_cruise,443.1,443.1,34126.1,-22361,-41.65,-167.77,323.35,11.04,15.0,125.0,0,0,7.90,-17.27,-3.89,-0.023,0.034,0.005,1.000,0.100,0.100,0.100,1,9.5,102.0,763,804,1,0,1,0,16,416,115,0
17.60,climb_cruise,443.2,443.2,34118.6,-22480,-41.82,-168.16,323.41,11.05,15.0,125.0,0,0,7.91,-17.26,-3.88,-0.023,0.034,0.005,1.000,0.100,0.100,0.100,1,9.4,102.0,763,804,1,0,1,0,16,416,116,0
17.62,climb_cruise,443.4,443.4,34111.1,-22600,-41.99,-168.54,323.47,11.07,15.0,125.0,0,0,7.92,-17.25,-3.87,-0.023,0.034,0.005,1.000,0.100,0.100,0.100,1,9.4,102.0,763,804,1,0,1,0,16,416,115,0
17.64,climb_cruise,443.5,443.5,34103.5,-22720,-42.16,-168.93,323.53,11.09,15.0,125.0,0,0,7.93,-17.24,-3.86,-0.023,0.034,0.005,1.000,0.100,0.100,0.100,1,9.4,102.0,763,804,1,0,1,0,16,416,115,0
17.66,climb_cruise,443.6,443.6,34096.0,-22839,-42.33,-169.31,323.59,11.11,15.0,125.0,0,0,7.94,-17.24,-3.85,-0.023,0.034,0.005,1.000,0.100,0.100,0.100,1,9.4,102.0,763,804,1,0,1,0,16,416,115,0
17.68,climb_cruise,443.8,443.8,34088.3,-22959,-42.50,-169.70,323.65,11.13,15.0,125.0,0,0,7.95,-17.23,-3.84,-0.023,0.034,0.005,1.000,0.100,0.100,0.100,1,9.4,102.0,763,804,1,0,1,0,16,416,115,0
17.70,climb_cruise,443.9,443.9,34080.7,-23079,-42.67,-170.09,323.72,11.14,15.0,125.0,0,0,7.96,-17.22,-3.83,-0.023,0.034,0.005,1.000,0.100,0.100,0.100,1,9.3,102.0,763,804,1,0,1,0,16,416,115,0
17.72,climb_cruise,444.0,444.0,34072.9,-23199,-42.84,-170.48,323.78,11.16,15.0,125.0,0,0,7.97,-17.21,-3.82,-0.023,0.034,0.005,1.000,0.100,0.100,0.100,1,9.3,102.0,763,804,1,0,1,0,16,416,115,0
17.74,climb_cruise,444.2,444.2,34065.2,-23319,-43.01,-170.87,323.85,11.18,15.0,125.0,0,0,7.99,-17.20,-3.81,-0.023,0.034,0.005,1.000,0.100,0.100,0.100,1,9.3,102.0,763,804,1,0,1,0,16,416,116,0
17.76,climb_cruise,444.3,444.3,34057.4,-23440,-43.18,-171.26,323.92,11.20,15.0,125.0,0,0,8.00,-17.19,-3.80,-0.023,0.034,0.005,1.000,0.100,0.100,0.100,1,9.3,102.0,763,804,1,0,1,0,16,416,114,0
17.78,climb_cruise,444.5,444.5,34049.6,-23560,-43.35,-171.65,323.99,11.22,15.0,125.0,0,0,8.01,-17.19,-3.79,-0.023,0.034,0.005,1.000,0.100,0.100,0.100,1,9.3,102.0,763,804,1,0,1,0,16,416,115,0
17.80,climb_cruise,444.6,444.6,34041.7,-23680,-43.52,-172.04,324.06,11.23,15.0,125.0,0,0,8.02,-17.18,-3.78,-0.023,0.034,0.005,1.000,0.100,0.100,0.100,1,9.3,102.0,763,804,1,0,1,0,16,416,114,0
17.82,climb_cruise,444.8,444.8,34033.8,-23801,-43.69,-172.44,324.14,11.25,15.0,125.0,0,0,8.03,-17.17,-3.77,-0.023,0.034,0.005,1.000,0.100,0.100,0.100,1,9.2,102.0,763,804,1,0,1,0,16,416,115,0
17.84,climb_cruise,444.9,444.9,34025.9,-23921,-43.86,-172.83,324.21,11.27,15.0,125.0,0,0,8.04,-17.16,-3.76,-0.023,0.034,0.005,1.000,0.100,0.100,0.100,1,9.2,102.0,763,804,1,0,1,0,16,416,115,0
17.86,climb_cruise,445.1,445.1,34017.9,-24042,-44.02,-173.23,324.29,11.29,15.0,125.0,0,0,8.05,-17.15,-3.75,-0.023,0.034,0.005,1.000,0.100,0.100,0.100,1,9.2,102.0,763,804,1,0,1,0,16,416,114,0
17.88,climb_cruise,445.2,445.2,34009.8,-24163,-44.19,-173.63,324.37,11.31,15.0,125.0,0,0,8.06,-17.14,-3.74,-0.023,0.034,0.005,1.000,0.100,0.100,0.100,1,9.2,102.0,763,804,1,0,1,0,16,416,114,0
17.90,climb_cruise,445.3,445.3,34001.8,-24284,-44.36,-174.03,324.45,11.32,15.0,125.0,0,0,8.07,-17.13,-3.73,-0.023,0.034,0.005,1.000,0.100,0.100,0.100,1,9.2,102.0,763,804,1,0,1,0,16,416,114,0
17.92,climb_cruise,445.5,445.5,33993.7,-24404,-44.53,-174.42,324.53,11.34,15.0,125.0,0,0,8.08,-17.12,-3.72,-0.023,0.034,0.005,1.000,0.100,0.100,0.100,1,9.1,102.0,763,804,1,0,1,0,16,416,115,0
17.94,climb_cruise,445.6,445.6,33985.5,-24525,-44.70,-174.83,324.61,11.36,15.0,125.0,0,0,8.09,-17.11,-3.71,-0.023,0.034,0.005,1.000,0.100,0.100,0.100,1,9.1,102.0,763,804,1,0,1,0,16,416,114,0
17.96,climb_cruise,445.8,445.8,33977.3,-24646,-44.87,-175.23,324.69,11.38,15.0,125.0,0,0,8.10,-17.10,-3.70,-0.023,0.034,0.005,1.000,0.100,0.100,0.100,1,9.1,102.0,763,804,1,0,1,0,16,416,115,0
17.98,climb_cruise,445.9,445.9,33969.1,-24767,-45.03,-175.63,324.78,11.40,15.0,125.0,0,0,8.11,-17.10,-3.69,-0.023,0.034,0.005,1.000,0.100,0.100,0.100,1,9.1,102.0,763,804,1,0,1,0,16,416,115,0
18.00,climb_cruise,446.1,446.1,33960.8,-24888,-45.20,-176.03,324.87,11.41,15.0,125.0,0,0,8.12,-17.09,-3.68,-0.023,0.034,0.005,1.000,0.100,0.100,0.100,1,9.1,102.0,763,804,1,0,1,0,16,416,115,0
18.02,climb_cruise,446.3,446.3,33952.5,-25009,-45.37,-176.44,324.96,11.43,15.0,125.0,0,0,8.13,-17.08,-3.67,-0.023,0.034,0.005,1.000,0.100,0.100,0.100,1,9.1,102.0,763,804,1,0,1,0,16,416,116,0
18.04,climb_cruise,446.4,446.4,33944.1,-25130,-45.53,-176.84,325.05,11.45,15.0,125.0,0,0,8.14,-17.07,-3.66,-0.023,0.034,0.005,1.000,0.100,0.100,0.100,1,9.0,102.0,763,804,1,0,1,0,16,416,116,0
18.06,climb_cruise,446.6,446.6,33935.8,-25251,-45.70,-177.25,325.14,11.47,15.0,125.0,0,0,8.15,-17.06,-3.65,-0.023,0.034,0.005,1.000,0.100,0.100,0.100,1,9.0,102.0,763,804,1,0,1,0,16,416,116,0
18.08,climb_cruise,446.7,446.7,33927.3,-25372,-45.87,-177.66,325.23,11.49,15.0,125.0,0,0,8.16,-17.05,-3.64,-0.023,0.034,0.005,1.000,0.100,0.100,0.100,1,9.0,102.0,763,804,1,0,1,0,16,416,116,0
18.10,climb_cruise,446.9,446.9,33918.8,-25494,-46.03,-178.07,325.33,11.50,15.0,125.0,0,0,8.17,-17.04,-3.63,-0.023,0.034,0.005,1.000,0.100,0.100,0.100,1,9.0,102.0,763,804,1,0,1,0,16,416,116,0
18.12,climb_cruise,447.0,447.0,33910.3,-25615,-46.20,-178.48,325.43,11.52,15.0,125.0,0,0,8.18,-17.03,-3.62,-0.023,0.034,0.005,1.000,0.100,0.100,0.100,1,9.0,102.0,763,804,1,0,1,0,16,416,115,0
18.14,climb_cruise,447.2,447.2,33901.8,-25736,-46.36,-178.89,325.53,11.54,15.0,125.0,0,0,8.19,-17.02,-3.61,-0.023,0.034,0.005,1.000,0.100,0.100,0.100,1,8.9,102.0,763,804,1,0,1,0,16,416,115,0
18.16,climb_cruise,447.4,447.4,33893.2,-25857,-46.53,-179.31,325.63,11.56,15.0,125.0,0,0,8.20,-17.01,-3.60,-0.023,0.034,0.005,1.000,0.100,0.100,0.100,1,8.9,102.0,763,804,1,0,1,0,16,416,115,0
18.18,climb_cruise,447.5,447.5,33884.5,-25978,-46.69,-179.72,325.73,11.58,15.0,125.0,0,0,8.21,-17.00,-3.59,-0.023,0.034,0.005,1.000,0.100,0.100,0.100,1,8.9,102.0,763,804,1,0,1,0,16,416,116,0
18.20,climb_cruise,447.7,447.7,33875.9,-26100,-46.86,179.86,325.83,11.59,15.0,125.0,0,0,8.22,-16.99,-3.58,-0.023,0.034,0.005,1.000,0.100,0.100,0.100,1,8.9,102.0,763,804,1,0,1,0,16,416,115,0
18.22,climb_cruise,447.8,447.8,33867.2,-26221,-47.02,179.44,325.94,11.61,15.0,125.0,0,0,8.23,-16.98,-3.57,-0.023,0.034,0.005,1.000,0.100,0.100,0.100,1,8.9,102.0,763,804,1,0,1,0,16,416,114,0
18.24,climb_cruise,448.0,448.0,33858.4,-26342,-47.19,179.03,326.05,11.63,15.0,125.0,0,0,8.24,-16.97,-3.56,-0.023,0.034,0.005,1.000,0.100,0.100,0.100,1,8.9,102.0,763,804,1,0,1,0,16,416,114,0
18.26,climb_cruise,448.2,448.2,33849.6,-26463,-47.35,178.61,326.16,11.65,15.0,125.0,0,0,8.25,-16.96,-3.55,-0.023,0.034,0.005,1.000,0.100,0.100,0.100,1,8.8,102.0,763,804,1,0,1,0,16,416,115,0
18.28,climb_cruise,448.3,448.3,33840.8,-26584,-47.51,178.18,326.27,11.67,15.0,125.0,0,0,8.26,-16.95,-3.55,-0.023,0.034,0.005,1.000,0.100,0.100,0.100,1,8.8,102.0,763,804,1,0,1,0,16,416,116,0
18.30,climb_cruise,448.5,448.5,33831.9,-26705,-47.67,177.76,326.38,11.68,15.0,125.0,0,0,8.26,-16.94,-3.54,-0.023,0.034,0.005,1.000,0.100,0.100,0.100,1,8.8,102.0,763,804,1,0,1,0,16,416,114,0
18.32,climb_cruise,448.7,448.7,33823.0,-26827,-47.84,177.34,326.50,11.70,15.0,125.0,0,0,8.27,-16.93,-3.53,-0.023,0.034,0.005,1.000,0.100,0.100,0.100,1,8.8,102.0,763,804,1,0,1,0,16,416,115,0
18.34,climb_cruise,448.8,448.8,33814.0,-26948,-48.00,176.91,326.62,11.72,15.0,125.0,0,0,8.28,-16.92,-3.52,-0.023,0.034,0.005,1.000,0.100,0.100,0.100,1,8.8,102.0,763,804,1,0,1,0,16,416,116,0
18.36,climb_cruise,449.0,449.0,33805.0,-27069,-48.16,176.48,326.74,11.74,15.0,125.0,0,0,8.29,-16.91,-3.51,-0.023,0.034,0.005,1.000,0.100,0.100,0.100,1,8.7,102.0,763,804,1,0,1,0,16,416,116,0
18.38,climb_cruise,449.2,449.2,33796.0,-27190,-48.32,176.06,326.86,11.76,15.0,125.0,0,0,8.30,-16.91,-3.50,-0.023,0.033,0.005,1.000,0.100,0.100,0.100,1,8.7,102.0,763,804,1,0,1,0,16,416,115,0
18.40,climb_cruise,449.3,449.3,33786.9,-27311,-48.48,175.63,326.98,11.77,15.0,125.0,0,0,8.31,-16.93,-3.49,-0.023,0.032,0.005,1.000,0.100,0.100,0.100,1,8.7,102.0,763,804,1,0,1,0,16,416,115,0
18.42,climb_cruise,449.5,449.5,33777.8,-27432,-48.64,175.19,327.11,11.79,15.0,125.0,0,0,8.32,-16.94,-3.48,-0.023,0.031,0.005,1.000,0.100,0.100,0.100,1,8.7,102.0,763,804,1,0,1,0,16,416,115,0
18.44,climb_cruise,449.7,449.7,33768.6,-27553,-48.80,174.76,327.23,11.81,15.0,125.0,0,0,8.33,-16.96,-3.47,-0.023,0.030,0.005,1.000,0.100,0.100,0.100,1,8.7,102.0,763,804,1,0,1,0,16,416,114,0
18.46,climb_cruise,449.8,449.8,33759.4,-27674,-48.96,174.32,327.36,11.83,15.0,125.0,0,0,8.34,-16.98,-3.46,-0.023,0.029,0.005,1.000,0.100,0.100,0.100,1,8.7,102.0,763,804,1,0,1,0,16,416,114,0
18.48,climb_cruise,450.0,450.0,33750.2,-27795,-49.12,173.88,327.49,11.85,15.0,125.0,0,0,8.34,-16.99,-3.45,-0.023,0.028,0.005,1.000,0.100,0.100,0.100,1,8.6,102.0,763,804,1,0,1,0,16,416,115,0
18.50,climb_cruise,450.2,450.2,33740.9,-27915,-49.28,173.44,327.63,11.87,15.0,125.0,0,0,8.35,-17.01,-3.45,-0.023,0.027,0.005,1.000,0.100,0.100,0.100,1,8.6,102.0,763,804,1,0,1,0,16,416,116,0
18.52,climb_cruise,450.4,450.4,33731.6,-28036,-49.44,173.00,327.76,11.88,15.0,125.0,0,0,8.36,-17.03,-3.44,-0.023,0.026,0.005,1.000,0.100,0.100,0.100,1,8.6,102.0,763,804,1,0,1,0,16,416,116,0
18.54,climb_cruise,450.5,450.5,33722.2,-28157,-49.59,172.55,327.90,11.90,15.0,125.0,0,0,8.37,-17.05,-3.43,-0.023,0.025,0.005,1.000,0.100,0.100,0.100,1,8.6,102.0,763,804,1,0,1,0,16,416,114,0
18.56,climb_cruise,450.7,450.7,33712.8,-28277,-49.75,172.11,328.04,11.92,15.0,125.0,0,0,8.38,-17.06,-3.43,-0.023,0.024,0.005,1.000,0.100,0.100,0.100,1,8.6,102.0,763,804,1,0,1,0,16,416,115,0
18.58,climb_cruise,450.9,450.9,33703.4,-28398,-49.91,171.66,328.18,11.94,15.0,125.0,0,0,8.38,-17.08,-3.42,-0.023,0.023,0.005,1.000,0.100,0.100,0.100,1,8.6,102.0,763,804,1,0,1,0,16,416,115,0
18.60,climb_cruise,451.1,451.1,33693.9,-28518,-50.06,171.21,328.32,11.96,15.0,125.0,0,0,8.39,-17.10,-3.41,-0.023,0.022,0.005,1.000,0.100,0.100,0.100,1,8.5,102.0,763,804,1,0,1,0,16,416,114,0
18.62,climb_cruise,451.3,451.3,33684.4,-28639,-50.22,170.75,328.47,11.98,15.0,125.0,0,0,8.40,-17.12,-3.41,-0.023,0.021,0.005,1.000,0.100,0.100,0.100,1,8.5,102.0,763,804,1,0,1,0,16,416,115,0
18.64,climb_cruise,451.4,451.4,33674.8,-28759,-50.37,170.29,328.62,11.99,15.0,125.0,0,0,8.40,-17.14,-3.41,-0.023,0.020,0.005,1.000,0.100,0.100,0.100,1,8.5,102.0,763,804,1,0,1,0,16,416,116,0
18.66,climb_cruise,451.6,451.6,33665.2,-28879,-50.53,169.83,328.77,12.01,15.0,125.0,0,0,8.41,-17.16,-3.40,-0.023,0.019,0.005,1.000,0.100,0.100,0.100,1,8.5,102.0,763,804,1,0,1,0,16,416,116,0
18.68,climb_cruise,451.8,451.8,33655.6,-28999,-50.68,169.37,328.92,12.03,15.0,125.0,0,0,8.42,-17.18,-3.40,-0.023,0.018,0.005,1.000,0.100,0.100,0.100,1,8.5,102.0,763,804,1,0,1,0,16,416,114,0
18.70,climb_cruise,452.0,452.0,33645.9,-29119,-50.83,168.91,329.08,12.05,15.0,125.0,0,0,8.42,-17.20,-3.39,-0.023,0.017,0.005,1.000,0.100,0.100,0.100,1,8.5,102.0,763,804,1,0,1,0,16,416,116,0
18.72,climb_cruise,452.2,452.2,33636.1,-29239,-50.98,168.44,329.24,12.07,15.0,125.0,0,0,8.43,-17.22,-3.39,-0.023,0.016,0.005,1.000,0.100,0.100,0.100,1,8.4,102.0,763,804,1,0,1,0,16,416,114,0
18.74,climb_cruise,452.3,452.3,33626.4,-29359,-51.14,167.97,329.40,12.09,15.0,125.0,0,0,8.43,-17.24,-3.39,-0.023,0.015,0.005,1.000,0.100,0.100,0.100,1,8.4,102.0,763,804,1,0,1,0,16,416,114,0
18.76,climb_cruise,452.5,452.5,33616.6,-29479,-51.29,167.50,329.56,12.10,15.0,125.0,0,0,8.44,-17.26,-3.39,-0.023,0.014,0.005,1.000,0.100,0.100,0.100,1,8.4,102.0,763,804,1,0,1,0,16,416,116,0
18.78,climb_cruise,452.7,452.7,33606.7,-29598,-51.44,167.03,329.73,12.12,15.0,125.0,0,0,8.45,-17.28,-3.38,-0.023,0.013,0.005,1.000,0.100,0.100,0.100,1,8.4,102.0,763,804,1,0,1,0,16,416,115,0
18.80,climb_cruise,452.9,452.9,33596.9,-29718,-51.59,166.55,329.89,12.14,15.0,125.0,0,0,8.45,-17.30,-3.38,-0.023,0.012,0.005,1.000,0.100,0.100,0.100,1,8.4,102.0,763,804,1,0,1,0,16,416,115,0
18.82,climb_cruise,453.1,453.1,33586.9,-29837,-51.73,166.07,330.06,12.16,15.0,125.0,0,0,8.46,-17.32,-3.38,-0.023,0.011,0.005,1.000,0.100,0.100,0.100,1,8.4,102.0,763,804,1,0,1,0,16,416,116,0
18.84,climb_cruise,453.3,453.3,33577.0,-29956,-51.88,165.59,330.24,12.18,15.0,125.0,0,0,8.47,-17.34,-3.38,-0.023,0.010,0.005,1.000,0.100,0.100,0.100,1,8.3,102.0,763,804,1,0,1,0,16,416,115,0
18.86,climb_cruise,453.5,453.5,33567.0,-30075,-52.03,165.10,330.41,12.20,15.0,125.0,0,0,8.47,-17.36,-3.38,-0.023,0.009,0.005,1.000,0.100,0.100,0.100,1,8.3,102.0,763,804,1,0,1,0,16,416,115,0
18.88,climb_cruise,453.7,453.7,33556.9,-30194,-52.17,164.61,330.59,12.21,15.0,125.0,0,0,8.48,-17.38,-3.38,-0.023,0.008,0.005,1.000,0.100,0.100,0.100,1,8.3,102.0,763,804,1,0,1,0,16,416,115,0
18.90,climb_cruise,453.8,453.8,33546.9,-30313,-52.32,164.12,330.77,12.23,15.0,125.0,0,0,8.48,-17.41,-3.38,-0.023,0.007,0.005,1.000,0.100,0.100,0.100,1,8.3,102.0,763,804,1,0,1,0,16,416,116,0
18.92,climb_cruise,454.0,454.0,33536.7,-30432,-52.46,163.63,330.96,12.25,15.0,125.0,0,0,8.49,-17.43,-3.37,-0.023,0.006,0.005,1.000,0.100,0.100,0.100,1,8.3,102.0,763,804,1,0,1,0,16,416,115,0
18.94,climb_cruise,454.2,454.2,33526.6,-30550,-52.61,163.13,331.14,12.27,15.0,125.0,0,0,8.50,-17.45,-3.37,-0.023,0.005,0.005,1.000,0.100,0.100,0.100,1,8.3,102.0,763,804,1,0,1,0,16,416,115,0
18.96,climb_cruise,454.4,454.4,33516.4,-30669,-52.75,162.63,331.33,12.29,15.0,125.0,0,0,8.50,-17.47,-3.37,-0.023,0.004,0.005,1.000,0.100,0.100,0.100,1,8.2,102.0,763,804,1,0,1,0,16,416,116,0
18.98,climb_cruise,454.6,454.6,33506.1,-30787,-52.89,162.13,331.52,12.31,15.0,125.0,0,0,8.51,-17.49,-3.37,-0.023,0.003,0.005,1.000,0.100,0.100,0.100,1,8.2,102.0,763,804,1,0,1,0,16,416,115,0
19.00,climb_cruise,454.8,454.8,33495.9,-30905,-53.03,161.62,331.72,12.32,15.0,125.0,0,0,8.51,-17.52,-3.37,-0.023,0.002,0.005,1.000,0.100,0.100,0.100,1,8.2,102.0,763,804,1,0,1,0,16,416,115,0
19.02,climb_cruise,455.0,455.0,33485.5,-31023,-53.17,161.12,331.91,12.34,15.0,125.0,0,0,8.52,-17.54,-3.37,-0.023,0.001,0.005,1.000,0.100,0.100,0.100,1,8.2,102.0,763,804,1,0,1,0,16,416,116,0
19.04,climb_cruise,455.2,455.2,33475.2,-31140,-53.31,160.60,332.11,12.36,15.0,125.0,0,0,8.53,-17.56,-3.37,-0.023,-0.000,0.005,1.000,0.100,0.100,0.100,1,8.2,102.0,763,804,1,0,1,0,16,416,115,0
19.06,climb_cruise,455.4,455.4,33464.8,-31258,-53.45,160.09,332.32,12.38,15.0,125.0,0,0,8.53,-17.58,-3.37,-0.023,-0.001,0.005,1.000,0.100,0.100,0.100,1,8.2,102.0,763,804,1,0,1,0,16,416,116,0
19.08,climb_cruise,455.6,455.6,33454.4,-31375,-53.59,159.57,332.52,12.40,15.0,125.0,0,0,8.54,-17.60,-3.37,-0.023,-0.002,0.005,1.000,0.100,0.100,0.100,1,8.1,102.0,763,804,1,0,1,0,16,416,115,0
19.10,climb_cruise,455.8,455.8,33443.9,-31492,-53.72,159.05,332.73,12.42,15.0,125.0,0,0,8.54,-17.63,-3.37,-0.023,-0.003,0.005,1.000,0.100,0.100,0.100,1,8.1,102.0,763,804,1,0,1,0,16,416,116,0
19.12,climb_cruise,456.0,456.0,33433.4,-31609,-53.86,158.53,332.94,12.44,15.0,125.0,0,0,8.55,-17.65,-3.37,-0.023,-0.004,0.005,1.000,0.100,0.100,0.100,1,8.1,102.0,763,804,1,0,1,0,16,416,116,0
19.14,climb_cruise,456.2,456.2,33422.8,-31726,-53.99,158.00,333.15,12.45,15.0,125.0,0,0,8.55,-17.67,-3.37,-0.023,-0.005,0.005,1.000,0.100,0.100,0.100,1,8.1,102.0,763,804,1,0,1,0,16,416,115,0
19.16,climb_cruise,456.4,456.4,33412.2,-31842,-54.12,157.48,333.37,12.47,15.0,125.0,0,0,8.56,-17.69,-3.37,-0.023,-0.006,0.005,1.000,0.100,0.100,0.100,1,8.1,102.0,763,804,1,0,1,0,16,416,115,0
19.18,climb_cruise,456.6,456.6,33401.6,-31958,-54.26,156.94,333.59,12.49,15.0,125.0,0,0,8.56,-17.72,-3.37,-0.023,-0.008,0.005,1.000,0.100,0.100,0.100,1,8.1,102.0,763,804,1,0,1,0,16,416,114,0
19.20,climb_cruise,456.8,456.8,33390.9,-32074,-54.39,156.41,333.81,12.51,15.0,125.0,0,0,8.57,-17.74,-3.37,-0.023,-0.009,0.005,1.000,0.100,0.100,0.100,1,8.0,102.0,763,804,1,0,1,0,16,416,116,0
19.22,climb_cruise,457.0,457.0,33380.2,-32190,-54.52,155.87,334.04,12.53,15.0,125.0,0,0,8.58,-17.76,-3.37,-0.023,-0.010,0.005,1.000,0.100,0.100,0.100,1,8.0,102.0,763,804,1,0,1,0,16,416,116,0
19.24,climb_cruise,457.2,457.2,33369.5,-32306,-54.65,155.33,334.27,12.55,15.0,125.0,0,0,8.58,-17.78,-3.37,-0.023,-0.011,0.005,1.000,0.100,0.100,0.100,1,8.0,102.0,763,804,1,0,1,0,16,416,115,0
19.26,climb_cruise,457.4,457.4,33358.7,-32421,-54.77,154.78,334.50,12.56,15.0,125.0,0,0,8.59,-17.81,-3.37,-0.023,-0.012,0.005,1.000,0.100,0.100,0.100,1,8.0,102.0,763,804,1,0,1,0,16,416,115,0
19.28,climb_cruise,457.6,457.6,33347.9,-32536,-54.90,154.24,334.73,12.58,15.0,125.0,0,0,8.59,-17.83,-3.37,-0.023,-0.013,0.005,1.000,0.100,0.100,0.100,1,8.0,102.0,763,804,1,0,1,0,16,416,114,0
19.30,climb_cruise,457.8,457.8,33337.0,-32651,-55.02,153.69,334.97,12.60,15.0,125.0,0,0,8.60,-17.85,-3.37,-0.023,-0.014,0.005,1.000,0.100,0.100,0.100,1,8.0,102.0,763,804,1,0,1,0,16,416,115,0
19.32,climb_cruise,458.0,458.0,33326.1,-32766,-55.15,153.13,335.21,12.62,15.0,125.0,0,0,8.60,-17.87,-3.37,-0.023,-0.015,0.005,1.000,0.100,0.100,0.100,1,7.9,102.0,763,804,1,0,1,0,16,416,115,0
19.34,climb_cruise,458.2,458.2,33315.2,-32880,-55.27,152.58,335.45,12.64,15.0,125.0,0,0,8.61,-17.90,-3.37,-0.023,-0.016,0.005,1.000,0.100,0.100,0.100,1,7.9,102.0,763,804,1,0,1,0,16,416,115,0
19.36,climb_cruise,458.4,458.4,33304.2,-32994,-55.39,152.02,335.70,12.66,15.0,125.0,0,0,8.61,-17.92,-3.37,-0.023,-0.017,0.005,1.000,0.100,0.100,0.100,1,7.9,102.0,763,804,1,0,1,0,16,416,115,0
19.38,climb_cruise,458.6,458.6,33293.2,-33108,-55.51,151.45,335.94,12.68,15.0,125.0,0,0,8.62,-17.94,-3.37,-0.023,-0.018,0.005,1.000,0.100,0.100,0.100,1,7.9,102.0,763,804,1,0,1,0,16,416,115,0
19.40,climb_cruise,458.8,458.8,33282.1,-33222,-55.63,150.89,336.20,12.69,15.0,125.0,0,0,8.62,-17.96,-3.37,-0.023,-0.019,0.005,1.000,0.100,0.100,0.100,1,7.9,102.0,763,804,1,0,1,0,16,416,115,0
19.42,climb_cruise,459.0,459.0,33271.0,-33335,-55.75,150.32,336.45,12.71,15.0,125.0,0,0,8.63,-17.99,-3.37,-0.023,-0.020,0.005,1.000,0.100,0.100,0.100,1,7.9,102.0,763,804,1,0,1,0,16,416,115,0
19.44,climb_cruise,459.3,459.3,33259.9,-33448,-55.86,149.74,336.71,12.73,15.0,125.0,0,0,8.63,-18.01,-3.37,-0.023,-0.021,0.005,1.000,0.100,0.100,0.100,1,7.9,102.0,763,804,1,0,1,0,16,416,115,0
19.46,climb_cruise,459.5,459.5,33248.7,-33561,-55.98,149.17,336.97,12.75,15.0,125.0,0,0,8.64,-18.03,-3.37,-0.023,-0.022,0.005,1.000,0.100,0.100,0.100,1,7.8,102.0,763,804,1,0,1,0,16,416,115,0
19.48,climb_cruise,459.7,459.7,33237.5,-33673,-56.09,148.59,337.23,12.77,15.0,125.0,0,0,8.45,-17.63,-3.40,0.000,0.000,0.000,1.000,0.100,0.100,0.100,1,7.8,102.0,763,804,1,0,1,0,16,416,115,0
19.50,climb_cruise,459.9,459.9,33226.3,-33786,-56.20,148.02,337.49,12.78,15.0,125.0,0,0,8.31,-17.52,-3.43,0.000,0.000,0.000,1.000,0.100,0.100,0.100,1,7.8,102.0,763,804,1,0,1,0,16,416,116,0
19.52,climb_cruise,460.1,460.1,33215.0,-33897,-56.30,147.45,337.76,12.79,15.0,125.0,0,0,8.22,-17.50,-3.44,0.000,0.000,0.000,1.000,0.100,0.100,0.100,1,7.8,102.0,763,804,1,0,1,0,16,416,116,0
19.54,climb_cruise,460.3,460.3,33203.7,-34009,-56.40,146.88,338.02,12.80,15.0,125.0,0,0,8.16,-17.51,-3.45,0.000,0.000,0.000,1.000,0.100,0.100,0.100,1,7.8,102.0,763,804,1,0,1,0,16,416,114,0
19.56,climb_cruise,460.5,460.5,33192.4,-34120,-56.50,146.31,338.29,12.81,15.0,125.0,0,0,8.14,-17.52,-3.46,0.000,0.000,0.000,1.000,0.100,0.100,0.100,1,7.8,102.0,763,804,1,0,1,0,16,416,116,0
19.58,climb_cruise,460.8,460.8,33181.0,-34231,-56.59,145.74,338.56,12.82,15.0,125.0,0,0,8.15,-17.53,-3.46,0.000,0.000,0.000,1.000,0.100,0.100,0.100,1,7.7,102.0,763,804,1,0,1,0,16,416,115,0
19.60,climb_cruise,461.0,461.0,33169.5,-34341,-56.69,145.16,338.83,12.82,15.0,125.0,0,0,8.18,-17.53,-3.45,0.000,0.000,0.000,1.000,0.100,0.100,0.100,1,7.7,102.0,763,804,1,0,1,0,16,416,115,0
19.62,climb_cruise,461.2,461.2,33158.1,-34451,-56.78,144.58,339.10,12.83,15.0,125.0,0,0,8.23,-17.53,-3.44,0.000,0.000,0.000,1.000,0.100,0.100,0.100,1,7.7,102.0,763,804,1,0,1,0,16,416,114,0
19.64,climb_cruise,461.4,461.4,33146.6,-34561,-56.88,143.99,339.38,12.84,15.0,125.0,0,0,8.29,-17.52,-3.42,0.000,0.000,0.000,1.000,0.100,0.100,0.100,1,7.7,102.0,763,804,1,0,1,0,16,416,115,0
19.66,climb_cruise,461.6,461.6,33135.0,-34670,-56.97,143.41,339.66,12.85,15.0,125.0,0,0,8.36,-17.51,-3.41,0.000,0.000,0.000,1.000,0.100,0.100,0.100,1,7.7,102.0,763,804,1,0,1,0,16,416,115,0
19.68,climb_cruise,461.8,461.8,33123.5,-34779,-57.07,142.82,339.95,12.86,15.0,125.0,0,0,8.43,-17.50,-3.39,0.000,0.000,0.000,1.000,0.100,0.100,0.100,1,7.7,102.0,763,804,1,0,1,0,16,416,116,0
19.70,climb_cruise,462.1,462.1,33111.9,-34888,-57.16,142.23,340.24,12.88,15.0,125.0,0,0,8.50,-17.49,-3.37,0.000,0.000,0.000,1.000,0.100,0.100,0.100,1,7.7,102.0,763,804,1,0,1,0,16,416,116,0
19.72,climb_cruise,462.3,462.3,33100.2,-34996,-57.25,141.63,340.53,12.89,15.0,125.0,0,0,8.56,-17.47,-3.35,0.000,0.000,0.000,1.000,0.100,0.100,0.100,1,7.6,102.0,763,804,1,0,1,0,16,416,115,0
19.74,climb_cruise,462.5,462.5,33088.5,-35104,-57.34,141.03,340.82,12.91,15.0,125.0,0,0,8.62,-17.45,-3.33,0.000,0.000,0.000,1.000,0.100,0.100,0.100,1,7.6,102.0,763,804,1,0,1,0,16,416,116,0
19.76,climb_cruise,462.7,462.7,33076.8,-35211,-57.44,140.43,341.12,12.92,15.0,125.0,0,0,8.67,-17.43,-3.31,0.000,0.000,0.000,1.000,0.100,0.100,0.100,1,7.6,102.0,763,804,1,0,1,0,16,416,115,0
19.78,climb_cruise,462.9,462.9,33065.1,-35319,-57.53,139.83,341.42,12.94,15.0,125.0,0,0,8.72,-17.41,-3.28,0.000,0.000,0.000,1.000,0.100,0.100,0.100,1,7.6,102.0,763,804,1,0,1,0,16,416,115,0
19.80,climb_cruise,463.2,463.2,33053.3,-35425,-57.62,139.23,341.73,12.96,15.0,125.0,0,0,8.76,-17.39,-3.26,0.000,0.000,0.000,1.000,0.100,0.100,0.100,1,7.6,102.0,763,804,1,0,1,0,16,416,115,0
19.82,climb_cruise,463.4,463.4,33041.5,-35532,-57.71,138.62,342.03,12.98,15.0,125.0,0,0,8.79,-17.37,-3.25,0.000,0.000,0.000,1.000,0.100,0.100,0.100,1,7.6,102.0,763,804,1,0,1,0,16,416,114,0
19.84,climb_cruise,463.6,463.6,33029.6,-35638,-57.80,138.01,342.34,13.00,15.0,125.0,0,0,8.81,-17.35,-3.23,0.000,0.000,0.000,1.000,0.100,0.100,0.100,1,7.5,102.0,763,804,1,0,1,0,16,416,115,0
19.86,climb_cruise,463.8,463.8,33017.7,-35743,-57.88,137.40,342.66,13.02,15.0,125.0,0,0,8.83,-17.33,-3.21,0.000,0.000,0.000,1.000,0.100,0.100,0.100,1,7.5,102.0,763,804,1,0,1,0,16,416,114,0
19.88,climb_cruise,464.1,464.1,33005.8,-35849,-57.97,136.79,342.97,13.04,15.0,125.0,0,0,8.84,-17.31,-3.19,0.000,0.000,0.000,1.000,0.100,0.100,0.100,1,7.5,102.0,763,804,1,0,1,0,16,416,115,0
19.90,climb_cruise,464.3,464.3,32993.8,-35953,-58.05,136.17,343.29,13.06,15.0,125.0,0,0,8.85,-17.29,-3.18,0.000,0.000,0.000,1.000,0.100,0.100,0.100,1,7.5,102.0,763,804,1,0,1,0,16,416,116,0
19.92,climb_cruise,464.5,464.5,32981.8,-36058,-58.14,135.55,343.61,13.08,15.0,125.0,0,0,8.85,-17.27,-3.17,0.000,0.000,0.000,1.000,0.100,0.100,0.100,1,7.5,102.0,763,804,1,0,1,0,16,416,115,0
19.94,climb_cruise,464.7,464.7,32969.8,-36162,-58.22,134.93,343.93,13.10,15.0,125.0,0,0,8.85,-17.25,-3.15,0.000,0.000,0.000,1.000,0.100,0.100,0.100,1,7.5,102.0,763,804,1,0,1,0,16,416,115,0
19.96,climb_cruise,465.0,465.0,32957.7,-36266,-58.30,134.31,344.25,13.12,15.0,125.0,0,0,8.85,-17.23,-3.14,0.000,0.000,0.000,1.000,0.100,0.100,0.100,1,7.5,102.0,763,804,1,0,1,0,16,416,115,0
19.98,climb_cruise,465.2,465.2,32945.6,-36369,-58.37,133.69,344.58,13.14,15.0,125.0,0,0,8.85,-17.22,-3.13,0.000,0.000,0.000,1.000,0.100,0.100,0.100,1,7.4,102.0,763,804,1,0,1,0,16,416,116,0
20.00,climb_cruise,465.4,465.4,32933.5,-36472,-58.45,133.07,344.91,13.16,15.0,125.0,0,0,8.84,-17.20,-3.12,0.000,0.000,0.000,1.000,0.100,0.100,0.100,1,7.4,102.0,763,804,1,0,1,0,16,416,114,0
20.02,climb_cruise,465.6,465.6,32921.3,-36574,-58.52,132.45,345.24,13.18,15.0,125.0,0,0,8.84,-17.19,-3.12,0.000,0.000,0.000,1.000,0.100,0.100,0.100,1,7.4,102.0,763,804,1,0,1,0,16,416,114,0
20.04,climb_cruise,465.9,465.9,32909.1,-36676,-58.60,131.82,345.57,13.20,15.0,125.0,0,0,8.84,-17.17,-3.11,0.000,0.000,0.000,1.000,0.100,0.100,0.100,1,7.4,102.0,763,804,1,0,1,0,16,416,115,0
20.06,climb_cruise,466.1,466.1,32896.9,-36778,-58.67,131.19,345.90,13.21,15.0,125.0,0,0,8.84,-17.16,-3.10,0.000,0.000,0.000,1.000,0.100,0.100,0.100,1,7.4,102.0,763,804,1,0,1,0,16,416,115,0
20.08,climb_cruise,466.3,466.3,32884.6,-36879,-58.74,130.56,346.24,13.23,15.0,125.0,0,0,8.84,-17.14,-3.10,0.000,0.000,0.000,1.000,0.100,0.100,0.100,1,7.4,102.0,763,804,1,0,1,0,16,416,115,0
20.10,climb_cruise,466.6,466.6,32872.3,-36980,-58.80,129.93,346.57,13.25,15.0,125.0,0,0,8.84,-17.13,-3.09,0.000,0.000,0.000,1.000,0.100,0.100,0.100,1,7.4,102.0,763,804,1,0,1,0,16,416,115,0
20.12,climb_cruise,466.8,466.8,32859.9,-37080,-58.87,129.30,346.91,13.27,15.0,125.0,0,0,8.84,-17.12,-3.09,0.000,0.000,0.000,1.000,0.100,0.100,0.100,1,7.3,102.0,763,804,1,0,1,0,16,416,116,0
20.14,climb_cruise,467.0,467.0,32847.6,-37180,-58.93,128.66,347.26,13.29,15.0,125.0,0,0,8.84,-17.11,-3.08,0.000,0.000,0.000,1.000,0.100,0.100,0.100,1,7.3,102.0,763,804,1,0,1,0,16,416,114,0
20.16,climb_cruise,467.3,467.3,32835.2,-37279,-58.99,128.03,347.60,13.31,15.0,125.0,0,0,8.85,-17.10,-3.08,0.000,0.000,0.000,1.000,0.100,0.100,0.100,1,7.3,102.0,763,804,1,0,1,0,16,416,116,0
20.18,climb_cruise,467.5,467.5,32822.7,-37378,-59.05,127.39,347.94,13.32,15.0,125.0,0,0,8.85,-17.09,-3.07,0.000,0.000,0.000,1.000,0.100,0.100,0.100,1,7.3,102.0,763,804,1,0,1,0,16,416,115,0
20.20,climb_cruise,467.7,467.7,32810.2,-37476,-59.11,126.75,348.29,13.34,15.0,125.0,0,0,8.86,-17.08,-3.07,0.000,0.000,0.000,1.000,0.100,0.100,0.100,1,7.3,102.0,763,804,1,0,1,0,16,416,115,0
20.22,climb_cruise,468.0,468.0,32797.7,-37574,-59.17,126.11,348.64,13.36,15.0,125.0,0,0,8.87,-17.07,-3.07,0.000,0.000,0.000,1.000,0.100,0.100,0.100,1,7.3,102.0,763,804,1,0,1,0,16,416,115,0
20.24,climb_cruise,468.2,468.2,32785.2,-37672,-59.22,125.46,348.99,13.38,15.0,125.0,0,0,8.87,-17.06,-3.06,0.000,0.000,0.000,1.000,0.100,0.100,0.100,1,7.2,102.0,763,804,1,0,1,0,16,416,115,0
20.26,climb_cruise,468.4,468.4,32772.6,-37768,-59.27,124.82,349.34,13.40,15.0,125.0,0,0,8.88,-17.05,-3.06,0.000,0.000,0.000,1.000,0.100,0.100,0.100,1,7.2,102.0,763,804,1,0,1,0,16,416,114,0
20.28,climb_cruise,468.7,468.7,32760.0,-37865,-59.32,124.17,349.70,13.41,15.0,125.0,0,0,8.89,-17.04,-3.06,0.000,0.000,0.000,1.000,0.100,0.100,0.100,1,7.2,102.0,763,804,1,0,1,0,16,416,114,0
20.30,climb_cruise,468.9,468.9,32747.4,-37961,-59.37,123.53,350.06,13.43,15.0,125.0,0,0,8.90,-17.03,-3.06,0.000,0.000,0.000,1.000,0.100,0.100,0.100,1,7.2,102.0,763,804,1,0,1,0,16,416,115,0
20.32,climb_cruise,469.1,469.1,32734.7,-38056,-59.42,122.88,350.41,13.45,15.0,125.0,0,0,8.91,-17.02,-3.05,0.000,0.000,0.000,1.000,0.100,0.100,0.100,1,7.2,102.0,763,804,1,0,1,0,16,416,115,0
20.34,climb_cruise,469.4,469.4,32722.0,-38151,-59.46,122.23,350.77,13.47,15.0,125.0,0,0,8.92,-17.01,-3.05,0.000,0.000,0.000,1.000,0.100,0.100,0.100,1,7.2,102.0,763,804,1,0,1,0,16,416,115,0
20.36,climb_cruise,469.6,469.6,32709.3,-38246,-59.50,121.58,351.14,13.49,15.0,125.0,0,0,8.92,-17.00,-3.05,0.000,0.000,0.000,1.000,0.100,0.100,0.100,1,7.2,102.0,763,804,1,0,1,0,16,416,116,0
20.38,climb_cruise,469.8,469.8,32696.5,-38340,-59.55,120.92,351.50,13.50,15.0,125.0,0,0,8.93,-16.99,-3.05,0.000,0.000,0.000,1.000,0.100,0.100,0.100,1,7.1,102.0,763,804,1,0,1,0,16,416,116,0
20.40,climb_cruise,470.1,470.1,32683.7,-38433,-59.58,120.27,351.87,13.52,15.0,125.0,0,0,8.94,-16.98,-3.04,0.000,0.000,0.000,1.000,0.100,0.100,0.100,1,7.1,102.0,763,804,1,0,1,0,16,416,114,0
20.42,climb_cruise,470.3,470.3,32670.9,-38526,-59.62,119.61,352.23,13.54,15.0,125.0,0,0,8.95,-16.97,-3.04,0.000,0.000,0.000,1.000,0.100,0.100,0.100,1,7.1,102.0,763,804,1,0,1,0,16,416,115,0
20.44,climb_cruise,470.6,470.6,32658.1,-38618,-59.66,118.96,352.60,13.56,15.0,125.0,0,0,8.96,-16.96,-3.04,0.000,0.000,0.000,1.000,0.100,0.100,0.100,1,7.1,102.0,763,804,1,0,1,0,16,416,116,0
20.46,climb_cruise,470.8,470.8,32645.2,-38710,-59.69,118.30,352.97,13.58,15.0,125.0,0,0,8.96,-16.95,-3.04,0.000,0.000,0.000,1.000,0.100,0.100,0.100,1,7.1,102.0,763,804,1,0,1,0,16,416,116,0
20.48,climb_cruise,471.0,471.0,32632.3,-38801,-59.72,117.64,353.34,13.60,15.0,125.0,0,0,8.97,-16.94,-3.04,0.000,0.000,0.000,1.000,0.100,0.100,0.100,1,7.1,102.0,763,804,1,0,1,0,16,416,115,0
20.50,climb_cruise,471.3,471.3,32619.3,-38892,-59.75,116.98,353.71,13.62,15.0,125.0,0,0,8.98,-16.93,-3.03,0.000,0.000,0.000,1.000,0.100,0.100,0.100,1,7.1,102.0,763,804,1,0,1,0,16,416,116,0
20.52,climb_cruise,471.5,471.5,32606.3,-38982,-59.77,116.32,354.08,13.63,15.0,125.0,0,0,8.98,-16.92,-3.03,0.000,0.000,0.000,1.000,0.100,0.100,0.100,1,7.0,102.0,763,804,1,0,1,0,16,416,115,0
20.54,climb_cruise,471.8,471.8,32593.3,-39072,-59.80,115.66,354.46,13.65,15.0,125.0,0,0,8.99,-16.92,-3.03,0.000,0.000,0.000,1.000,0.100,0.100,0.100,1,7.0,102.0,763,804,1,0,1,0,16,416,114,0
20.56,climb_cruise,472.0,472.0,32580.3,-39161,-59.82,114.99,354.83,13.67,15.0,125.0,0,0,9.00,-16.91,-3.03,0.000,0.000,0.000,1.000,0.100,0.100,0.100,1,7.0,102.0,763,804,1,0,1,0,16,416,116,0
20.58,climb_cruise,472.2,472.2,32567.2,-39249,-59.84,114.33,355.21,13.69,15.0,125.0,0,0,9.00,-16.90,-3.03,0.000,0.000,0.000,1.000,0.100,0.100,0.100,1,7.0,102.0,763,804,1,0,1,0,16,416,115,0
20.60,climb_cruise,472.5,472.5,32554.1,-39337,-59.86,113.67,355.59,13.71,15.0,125.0,0,0,9.01,-16.89,-3.02,0.000,0.000,0.000,1.000,0.100,0.100,0.100,1,7.0,102.0,763,804,1,0,1,0,16,416,116,0
20.62,climb_cruise,472.7,472.7,32541.0,-39425,-59.87,113.00,355.96,13.73,15.0,125.0,0,0,9.02,-16.88,-3.02,0.000,0.000,0.000,1.000,0.100,0.100,0.100,1,7.0,102.0,763,804,1,0,1,0,16,416,115,0
20.64,climb_cruise,473.0,473.0,32527.8,-39511,-59.89,112.34,356.34,13.74,15.0,125.0,0,0,9.02,-16.87,-3.02,0.000,0.000,0.000,1.000,0.100,0.100,0.100,1,7.0,102.0,763,804,1,0,1,0,16,416,115,0
20.66,climb_cruise,473.2,473.2,32514.7,-39598,-59.90,111.67,356.72,13.76,15.0,125.0,0,0,9.03,-16.86,-3.02,0.000,0.000,0.000,1.000,0.100,0.100,0.100,1,7.0,102.0,763,804,1,0,1,0,16,416,115,0
20.68,climb_cruise,473.5,473.5,32501.5,-39683,-59.91,111.01,357.10,13.78,15.0,125.0,0,0,9.04,-16.85,-3.02,0.000,0.000,0.000,1.000,0.100,0.100,0.100,1,6.9,102.0,763,804,1,0,1,0,16,416,115,0
20.70,climb_cruise,473.7,473.7,32488.2,-39768,-59.92,110.34,357.48,13.80,15.0,125.0,0,0,9.04,-16.84,-3.02,0.000,0.000,0.000,1.000,0.100,0.100,0.100,1,6.9,102.0,763,804,1,0,1,0,16,416,115,0
20.72,climb_cruise,473.9,473.9,32474.9,-39852,-59.92,109.68,357.86,13.82,15.0,125.0,0,0,9.05,-16.83,-3.02,0.000,0.000,0.000,1.000,0.100,0.100,0.100,1,6.9,102.0,763,804,1,0,1,0,16,416,116,0
20.74,climb_cruise,474.2,474.2,32461.6,-39936,-59.92,109.01,358.24,13.84,15.0,125.0,0,0,9.06,-16.83,-3.01,0.000,0.000,0.000,1.000,0.100,0.100,0.100,1,6.9,102.0,763,804,1,0,1,0,16,416,114,0
20.76,climb_cruise,474.4,474.4,32448.3,-40019,-59.93,108.34,358.62,13.85,15.0,125.0,0,0,9.06,-16.82,-3.01,0.000,0.000,0.000,1.000,0.100,0.100,0.100,1,6.9,102.0,763,804,1,0,1,0,16,416,115,0
20.78,climb_cruise,474.7,474.7,32435.0,-40102,-59.92,107.68,359.00,13.87,15.0,125.0,0,0,9.07,-16.81,-3.01,0.000,0.000,0.000,1.000,0.100,0.100,0.100,1,6.9,102.0,763,804,1,0,1,0,16,416,115,0
20.80,climb_cruise,474.9,474.9,32421.6,-40184,-59.92,107.01,359.38,13.89,15.0,125.0,0,0,9.08,-16.80,-3.01,0.000,0.000,0.000,1.000,0.100,0.100,0.100,1,6.9,102.0,763,804,1,0,1,0,16,416,115,0
20.82,climb_cruise,475.2,475.2,32408.2,-40265,-59.92,106.35,359.77,13.91,15.0,125.0,0,0,9.08,-16.79,-3.01,0.000,0.000,0.000,1.000,0.100,0.100,0.100,1,6.8,102.0,763,804,1,0,1,0,16,416,116,0
20.84,climb_cruise,475.4,475.4,32394.8,-40346,-59.91,105.68,0.15,13.93,15.0,125.0,0,0,9.09,-16.78,-3.01,0.000,0.000,0.000,0.999,0.100,0.100,0.100,1,6.8,102.0,763,804,1,0,1,0,16,416,114,0
20.86,climb_cruise,475.7,475.7,32381.3,-40425,-59.90,105.01,0.53,13.95,15.0,125.0,0,0,9.10,-16.77,-3.01,0.000,0.000,0.000,0.997,0.100,0.100,0.100,1,6.8,102.0,763,804,1,0,1,0,16,416,116,0
20.88,climb_cruise,475.9,475.9,32367.8,-40505,-59.89,104.35,0.91,13.96,15.0,125.0,0,0,9.10,-16.77,-3.01,0.000,0.000,0.000,0.993,0.100,0.100,0.100,1,6.8,102.0,763,804,1,0,1,0,16,416,116,0
20.90,climb_cruise,476.2,476.2,32354.3,-40583,-59.87,103.68,1.29,13.98,15.0,125.0,0,0,9.11,-16.76,-3.01,0.000,0.000,0.000,0.989,0.100,0.100,0.100,1,6.8,102.0,763,804,1,0,1,0,16,416,115,0
20.92,climb_cruise,476.4,476.4,32340.8,-40661,-59.85,103.02,1.67,14.00,15.0,125.0,0,0,9.12,-16.75,-3.01,0.000,0.000,0.000,0.984,0.100,0.100,0.100,1,6.8,102.0,763,804,1,0,1,0,16,416,115,0
20.94,climb_cruise,476.7,476.7,32327.2,-40739,-59.84,102.35,2.05,14.02,15.0,125.0,0,0,9.12,-16.74,-3.01,0.000,0.000,0.000,0.979,0.100,0.100,0.100,1,6.8,102.0,763,804,1,0,1,0,16,416,115,0
20.96,climb_cruise,476.9,476.9,32313.6,-40815,-59.82,101.69,2.43,14.04,15.0,125.0,0,0,9.13,-16.73,-3.00,0.000,0.000,0.000,0.972,0.100,0.100,0.100,1,6.7,102.0,763,804,1,0,1,0,16,416,116,0
20.98,climb_cruise,477.2,477.2,32300.0,-40891,-59.79,101.03,2.81,14.06,15.0,125.0,0,0,9.14,-16.72,-3.00,0.000,0.000,0.000,0.966,0.100,0.100,0.100,1,6.7,102.0,763,804,1,0,1,0,16,416,116,0
21.00,climb_cruise,477.4,477.4,32286.3,-40967,-59.77,100.37,3.19,14.07,15.0,125.0,0,0,9.14,-16.71,-3.00,0.000,0.000,0.000,0.958,0.100,0.100,0.100,1,6.7,102.0,763,804,1,0,1,0,16,416,114,0
21.02,climb_cruise,477.7,477.7,32272.7,-41041,-59.74,99.71,3.57,14.09,15.0,125.0,0,0,9.15,-16.70,-3.00,0.000,0.000,0.000,0.950,0.100,0.100,0.100,1,6.7,102.0,763,803,1,0,1,0,16,416,115,0
21.04,climb_cruise,477.9,477.9,32259.0,-41115,-59.71,99.04,3.95,14.11,15.0,125.0,0,0,9.16,-16.69,-3.00,0.000,0.000,0.000,0.942,0.100,0.100,0.100,1,6.7,102.0,763,803,1,0,1,0,16,416,115,0
21.06,climb_cruise,478.2,478.2,32245.3,-41189,-59.68,98.39,4.33,14.13,15.0,125.0,0,0,9.16,-16.68,-2.99,0.000,0.000,0.000,0.933,0.100,0.100,0.100,1,6.7,101.9,763,803,1,0,1,0,16,416,116,0
21.08,climb_cruise,478.4,478.4,32231.5,-41261,-59.65,97.73,4.70,14.15,15.0,125.0,0,0,9.17,-16.66,-2.99,0.000,0.000,0.000,0.925,0.100,0.100,0.100,1,6.7,101.9,763,803,1,0,1,0,16,416,115,0
21.10,climb_cruise,478.7,478.7,32217.8,-41333,-59.61,97.07,5.08,14.17,15.0,125.0,0,0,9.18,-16.65,-2.98,0.000,0.000,0.000,0.915,0.100,0.100,0.100,1,6.7,101.9,763,803,1,0,1,0,16,416,116,0
21.12,climb_cruise,478.9,478.9,32204.0,-41404,-59.57,96.42,5.45,14.18,15.0,125.0,0,0,9.18,-16.63,-2.97,0.000,0.000,0.000,0.906,0.100,0.100,0.100,1,6.6,101.9,763,802,1,0,1,0,16,416,115,0
21.14,climb_cruise,479.2,479.2,32190.2,-41475,-59.53,95.76,5.83,14.20,15.0,125.0,0,0,9.19,-16.61,-2.96,0.000,0.000,0.000,0.896,0.100,0.100,0.100,1,6.6,101.9,763,802,1,0,1,0,16,416,116,0
21.16,climb_cruise,479.4,479.4,32176.3,-41544,-59.49,95.11,6.20,14.22,15.0,125.0,0,0,9.19,-16.59,-2.95,0.000,0.000,0.000,0.886,0.100,0.100,0.100,1,6.6,101.8,763,802,1,0,1,0,16,416,115,0
21.18,climb_cruise,479.7,479.7,32162.5,-41613,-59.45,94.46,6.57,14.24,15.0,125.0,0,0,9.20,-16.56,-2.94,0.000,0.000,0.000,0.876,0.100,0.100,0.100,1,6.6,101.8,763,802,1,0,1,0,16,416,115,0
21.20,climb_cruise,479.9,479.9,32148.6,-41681,-59.40,93.81,6.94,14.26,15.0,125.0,0,0,9.21,-16.53,-2.92,0.000,0.000,0.000,0.865,0.100,0.100,0.100,1,6.6,101.7,763,801,1,0,1,0,16,416,115,0
21.22,climb_cruise,480.2,480.2,32134.7,-41749,-59.36,93.16,7.31,14.27,15.0,125.0,0,0,9.21,-16.50,-2.91,0.000,0.000,0.000,0.855,0.100,0.100,0.100,1,6.6,101.7,763,801,1,0,1,0,16,416,115,0
21.24,climb_cruise,480.4,480.4,32120.8,-41816,-59.31,92.52,7.67,14.29,15.0,125.0,0,0,9.22,-16.47,-2.89,0.000,0.000,0.000,0.844,0.100,0.100,0.100,1,6.6,101.6,763,801,1,0,1,0,16,416,114,0
21.26,climb_cruise,480.7,480.7,32106.8,-41882,-59.26,91.87,8.04,14.31,15.0,125.0,0,0,9.22,-16.43,-2.87,0.000,0.000,0.000,0.833,0.100,0.100,0.100,1,6.5,101.6,763,800,1,0,1,0,16,416,115,0
21.28,climb_cruise,480.9,480.9,32092.8,-41947,-59.20,91.23,8.40,14.33,15.0,125.0,0,0,9.23,-16.39,-2.85,0.000,0.000,0.000,0.822,0.100,0.100,0.100,1,6.5,101.5,763,800,1,0,1,0,16,416,116,0
21.30,climb_cruise,481.2,481.2,32078.8,-42011,-59.15,90.59,8.76,14.35,15.0,125.0,0,0,9.24,-16.35,-2.82,0.000,0.000,0.000,0.811,0.100,0.100,0.100,1,6.5,101.4,763,799,1,0,1,0,16,416,115,0
21.32,climb_cruise,481.4,481.4,32064.8,-42075,-59.10,89.96,9.12,14.36,15.0,125.0,0,0,9.24,-16.30,-2.79,0.000,0.000,0.000,0.800,0.100,0.100,0.100,1,6.5,101.4,763,799,1,0,1,0,16,416,115,0
21.34,climb_cruise,481.7,481.7,32050.8,-42138,-59.04,89.32,9.48,14.38,15.0,125.0,0,0,9.25,-16.25,-2.76,0.000,0.000,0.000,0.789,0.100,0.100,0.100,1,6.5,101.3,763,798,1,0,1,0,16,416,115,0
21.36,climb_cruise,481.9,481.9,32036.7,-42200,-58.98,88.69,9.84,14.40,15.0,125.0,0,0,9.25,-16.20,-2.73,0.000,0.000,0.000,0.778,0.100,0.100,0.100,1,6.5,101.2,763,798,1,0,1,0,16,416,115,0
21.38,climb_cruise,482.2,482.2,32022.7,-42262,-58.92,88.06,10.20,14.42,15.0,125.0,0,0,9.26,-16.14,-2.70,0.000,0.000,0.000,0.766,0.100,0.100,0.100,1,6.5,101.1,763,797,1,0,1,0,16,416,115,0
21.40,climb_cruise,482.5,482.5,32008.6,-42322,-58.86,87.44,10.55,14.43,15.0,125.0,0,0,9.27,-16.07,-2.66,0.000,0.000,0.000,0.755,0.100,0.100,0.100,1,6.5,101.0,763,797,1,0,1,0,16,416,114,0
21.42,climb_cruise,482.7,482.7,31994.5,-42382,-58.80,86.82,10.90,14.45,15.0,125.0,0,0,9.27,-16.01,-2.62,0.000,0.000,0.000,0.743,0.100,0.100,0.100,1,6.4,100.9,763,796,1,0,1,0,16,416,114,0
21.44,climb_cruise,483.0,483.0,31980.3,-42441,-58.73,86.20,11.25,14.47,15.0,125.0,0,0,9.28,-15.93,-2.58,0.000,0.000,0.000,0.732,0.100,0.100,0.100,1,6.4,100.7,763,795,1,0,1,0,16,416,115,0
21.46,climb_cruise,483.2,483.2,31966.2,-42500,-58.67,85.58,11.60,14.48,15.0,125.0,0,0,9.29,-15.86,-2.54,0.000,0.000,0.000,0.720,0.100,0.100,0.100,1,6.4,100.6,763,795,1,0,1,0,16,416,115,0
21.48,climb_cruise,483.5,483.5,31952.0,-42557,-58.60,84.97,11.95,14.50,15.0,125.0,0,0,9.30,-15.77,-2.50,0.000,0.000,0.000,0.709,0.100,0.100,0.100,1,6.4,100.5,763,794,1,0,1,0,16,416,115,0
21.50,climb_cruise,483.7,483.7,31937.8,-42614,-58.54,84.36,12.30,14.52,15.0,125.0,0,0,9.31,-15.69,-2.45,0.000,0.000,0.000,0.697,0.100,0.100,0.100,1,6.4,100.3,763,793,1,0,1,0,16,416,115,0
21.52,climb_cruise,484.0,484.0,31923.6,-42670,-58.47,83.75,12.64,14.53,15.0,125.0,0,0,9.31,-15.60,-2.40,0.000,0.000,0.000,0.685,0.100,0.100,0.100,1,6.4,100.2,763,792,1,0,1,0,16,416,115,0
21.54,climb_cruise,484.2,484.2,31909.3,-42725,-58.40,83.14,12.99,14.55,15.0,125.0,0,0,9.32,-15.50,-2.35,0.000,0.000,0.000,0.674,0.100,0.100,0.100,1,6.4,100.0,763,792,1,0,1,0,16,416,114,0
21.56,climb_cruise,484.5,484.5,31895.1,-42779,-58.33,82.54,13.33,14.57,15.0,125.0,0,0,9.33,-15.41,-2.30,0.000,0.000,0.000,0.662,0.100,0.100,0.100,1,6.4,99.8,763,791,1,0,1,0,16,416,115,0
21.58,climb_cruise,484.7,484.7,31880.8,-42833,-58.26,81.95,13.67,14.58,15.0,125.0,0,0,9.34,-15.30,-2.25,0.000,0.000,0.000,0.650,0.100,0.100,0.100,1,6.3,99.7,763,790,1,0,1,0,16,416,115,0
21.60,climb_cruise,485.0,485.0,31866.5,-42886,-58.19,81.35,14.01,14.60,15.0,125.0,0,0,9.35,-15.20,-2.19,0.000,0.000,0.000,0.638,0.100,0.100,0.100,1,6.3,99.5,763,789,1,0,1,0,16,416,116,0
21.62,climb_cruise,485.2,485.2,31852.2,-42938,-58.12,80.76,14.35,14.61,15.0,125.0,0,0,9.37,-15.08,-2.13,0.000,0.000,0.000,0.626,0.100,0.100,0.100,1,6.3,99.3,763,788,1,0,1,0,16,416,116,0
21.64,climb_cruise,485.5,485.5,31837.9,-42989,-58.05,80.18,14.68,14.63,15.0,125.0,0,0,9.38,-14.97,-2.07,0.000,0.000,0.000,0.615,0.100,0.100,0.100,1,6.3,99.1,763,788,1,0,1,0,16,416,114,0
21.66,climb_cruise,485.8,485.8,31823.6,-43039,-57.97,79.59,15.02,14.64,15.0,125.0,0,0,9.39,-14.85,-2.01,0.000,0.000,0.000,0.603,0.100,0.100,0.100,1,6.3,98.9,763,787,1,0,1,0,16,416,116,0
21.68,climb_cruise,486.0,486.0,31809.2,-43089,-57.90,79.01,15.35,14.66,15.0,125.0,0,0,9.40,-14.72,-1.95,0.000,0.000,0.000,0.591,0.100,0.100,0.100,1,6.3,98.6,763,786,1,0,1,0,16,416,115,0
21.70,climb_cruise,486.3,486.3,31794.9,-43137,-57.82,78.44,15.69,14.68,15.0,125.0,0,0,9.41,-14.59,-1.89,0.000,0.000,0.000,0.579,0.100,0.100,0.100,1,6.3,98.4,763,785,1,0,1,0,16,416,115,0
21.72,climb_cruise,486.5,486.5,31780.5,-43185,-57.75,77.87,16.02,14.69,15.0,125.0,0,0,9.43,-14.46,-1.82,0.000,0.000,0.000,0.567,0.100,0.100,0.100,1,6.3,98.2,763,784,1,0,1,0,16,416,116,0
21.74,climb_cruise,486.8,486.8,31766.1,-43232,-57.67,77.30,16.35,14.71,15.0,125.0,0,0,9.44,-14.32,-1.76,0.000,0.000,0.000,0.555,0.100,0.100,0.100,1,6.2,97.9,763,783,1,0,1,0,16,416,116,0
21.76,climb_cruise,487.0,487.0,31751.7,-43278,-57.60,76.74,16.68,14.72,15.0,125.0,0,0,9.45,-14.18,-1.69,0.000,0.000,0.000,0.543,0.100,0.100,0.100,1,6.2,97.7,763,782,1,0,1,0,16,416,114,0
21.78,climb_cruise,487.3,487.3,31737.2,-43324,-57.52,76.18,17.01,14.74,15.0,125.0,0,0,9.47,-14.04,-1.62,0.000,0.000,0.000,0.531,0.100,0.100,0.100,1,6.2,97.4,763,781,1,0,1,0,16,416,116,0
21.80,climb_cruise,487.5,487.5,31722.8,-43368,-57.44,75.62,17.33,14.75,15.0,125.0,0,0,9.48,-13.89,-1.56,0.000,0.000,0.000,0.519,0.100,0.100,0.100,1,6.2,97.1,763,780,1,0,1,0,16,416,115,0
21.82,climb_cruise,487.8,487.8,31708.3,-43412,-57.37,75.07,17.66,14.77,15.0,125.0,0,0,9.50,-13.74,-1.49,0.000,0.000,0.000,0.507,0.100,0.100,0.100,1,6.2,96.8,763,779,1,0,1,0,16,416,115,0
21.84,climb_cruise,488.0,488.0,31693.8,-43455,-57.29,74.52,17.99,14.78,15.0,125.0,0,0,9.51,-13.59,-1.42,0.000,0.000,0.000,0.495,0.100,0.100,0.100,1,6.2,96.5,763,777,1,0,1,0,16,416,114,0
21.86,climb_cruise,488.3,488.3,31679.3,-43497,-57.21,73.98,18.31,14.80,15.0,125.0,0,0,9.53,-13.43,-1.35,0.000,0.000,0.000,0.484,0.100,0.100,0.100,1,6.2,96.2,763,776,1,0,1,0,16,416,116,0
21.88,climb_cruise,488.5,488.5,31664.8,-43539,-57.13,73.44,18.64,14.81,15.0,125.0,0,0,9.55,-13.27,-1.27,0.000,0.000,0.000,0.472,0.100,0.100,0.100,1,6.2,95.9,763,775,1,0,1,0,16,416,115,0
21.90,climb_cruise,488.8,488.8,31650.3,-43579,-57.05,72.90,18.96,14.82,15.0,125.0,0,0,9.56,-13.10,-1.20,0.000,0.000,0.000,0.460,0.100,0.100,0.100,1,6.1,95.6,763,774,1,0,1,0,16,416,114,0
21.92,climb_cruise,489.0,489.0,31635.8,-43619,-56.97,72.37,19.28,14.84,15.0,125.0,0,0,9.58,-12.93,-1.13,0.000,0.000,0.000,0.448,0.100,0.100,0.100,1,6.1,95.2,763,773,1,0,1,0,16,416,115,0
21.94,climb_cruise,489.3,489.3,31621.2,-43658,-56.89,71.84,19.60,14.85,15.0,125.0,0,0,9.60,-12.76,-1.06,0.000,0.000,0.000,0.436,0.100,0.100,0.100,1,6.1,94.9,763,772,1,0,1,0,16,416,115,0
21.96,climb_cruise,489.5,489.5,31606.7,-43696,-56.81,71.32,19.93,14.87,15.0,125.0,0,0,9.62,-12.59,-0.98,0.000,0.000,0.000,0.424,0.100,0.100,0.100,1,6.1,94.5,763,770,1,0,1,0,16,416,116,0
21.98,climb_cruise,489.8,489.8,31592.1,-43733,-56.73,70.80,20.25,14.88,15.0,125.0,0,0,9.63,-12.41,-0.91,0.000,0.000,0.000,0.412,0.100,0.100,0.100,1,6.1,94.2,763,769,1,0,1,0,16,416,116,0
22.00,climb_cruise,490.0,490.0,31577.5,-43770,-56.65,70.29,20.57,14.90,15.0,125.0,0,0,9.65,-12.24,-0.84,0.000,0.000,0.000,0.400,0.100,0.100,0.100,1,6.1,93.8,763,768,1,0,1,0,16,416,114,0
22.02,climb_cruise,490.3,490.3,31562.9,-43805,-56.57,69.78,20.89,14.91,15.0,125.0,0,0,9.67,-12.05,-0.76,0.000,0.000,0.000,0.388,0.100,0.100,0.100,1,6.1,93.4,763,766,1,0,1,0,16,416,115,0
22.04,climb_cruise,490.6,490.6,31548.3,-43840,-56.49,69.27,21.21,14.92,15.0,125.0,0,0,9.69,-11.87,-0.69,0.000,0.000,0.000,0.376,0.100,0.100,0.100,1,6.1,93.0,763,765,1,0,1,0,16,416,115,0
22.06,climb_cruise,490.8,490.8,31533.7,-43874,-56.41,68.77,21.53,14.94,15.0,125.0,0,0,9.71,-11.69,-0.62,0.000,0.000,0.000,0.364,0.100,0.100,0.100,1,6.0,92.6,763,764,1,0,1,0,16,416,115,0
22.08,climb_cruise,491.1,491.1,31519.1,-43907,-56.32,68.27,21.85,14.95,15.0,125.0,0,0,9.73,-11.50,-0.54,0.000,0.000,0.000,0.352,0.100,0.100,0.100,1,6.0,92.2,763,762,1,0,1,0,16,416,115,0
22.10,climb_cruise,491.3,491.3,31504.4,-43940,-56.24,67.78,22.16,14.97,15.0,125.0,0,0,9.75,-11.31,-0.47,0.000,0.000,0.000,0.340,0.100,0.100,0.100,1,6.0,91.8,763,761,1,0,1,0,16,416,114,0
22.12,climb_cruise,491.6,491.6,31489.8,-43971,-56.16,67.29,22.48,14.98,15.0,125.0,0,0,9.77,-11.12,-0.40,0.000,0.000,0.000,0.328,0.100,0.100,0.100,1,6.0,91.4,763,759,1,0,1,0,16,416,115,0
22.14,climb_cruise,491.8,491.8,31475.1,-44002,-56.08,66.80,22.80,14.99,15.0,125.0,0,0,9.79,-10.92,-0.32,0.000,0.000,0.000,0.316,0.100,0.100,0.100,1,6.0,90.9,763,758,1,0,1,0,16,416,114,0
22.16,climb_cruise,492.1,492.1,31460.4,-44032,-55.99,66.32,23.12,15.01,15.0,125.0,1,1,9.81,-10.73,-0.25,0.000,0.000,0.000,0.304,0.100,0.100,0.100,1,6.0,90.5,763,756,1,0,1,0,16,416,115,0
22.18,climb_cruise,492.3,492.3,31445.8,-44061,-55.91,65.85,23.44,15.02,15.0,125.0,1,1,9.83,-10.53,-0.18,0.000,0.000,0.000,0.292,0.100,0.100,0.100,1,6.0,90.0,763,755,1,0,1,0,16,416,116,0
22.20,climb_cruise,492.5,492.5,31431.1,-44090,-55.82,65.37,23.75,15.03,15.0,125.0,1,1,9.85,-10.34,-0.11,0.000,0.000,0.000,0.280,0.100,0.100,0.100,1,6.0,89.6,763,753,1,0,1,0,16,416,115,0
22.22,climb_cruise,492.8,492.8,31416.4,-44117,-55.74,64.91,24.07,15.05,15.0,125.0,1,1,9.87,-10.12,-0.04,0.000,0.000,0.000,0.268,0.100,0.100,0.100,1,5.9,89.1,763,752,1,0,1,0,16,416,114,0
22.24,climb_cruise,493.0,493.0,31401.7,-44144,-55.66,64.44,24.39,15.06,15.0,125.0,1,1,9.89,-9.93,0.04,0.000,0.000,0.000,0.256,0.100,0.100,0.100,1,5.9,88.6,763,750,1,0,1,0,16,416,116,0
22.26,climb_cruise,493.3,493.3,31386.9,-44170,-55.57,63.99,24.70,15.07,15.0,125.0,1,1,9.91,-9.75,0.11,0.000,0.000,0.000,0.244,0.100,0.100,0.100,1,5.9,88.1,763,749,1,0,1,0,16,416,114,0
22.28,climb_cruise,493.5,493.5,31372.2,-44195,-55.48,63.53,25.02,15.09,15.0,125.0,1,1,9.94,-9.54,0.18,0.000,0.000,0.000,0.232,0.100,0.100,0.100,1,5.9,87.6,763,747,1,0,1,0,16,416,116,0
22.30,climb_cruise,493.8,493.8,31357.5,-44220,-55.40,63.08,25.34,15.10,15.0,125.0,1,1,9.96,-9.33,0.24,0.000,0.000,0.000,0.220,0.100,0.100,0.100,1,5.9,87.1,763,745,1,0,1,0,16,416,115,0
22.32,climb_cruise,494.0,494.0,31342.7,-44243,-55.31,62.64,25.65,15.11,15.0,125.0,1,1,9.98,-9.13,0.31,0.000,0.000,0.000,0.208,0.100,0.100,0.100,1,5.9,86.6,763,743,1,0,1,0,16,416,115,0
22.34,climb_cruise,494.3,494.3,31328.0,-44266,-55.23,62.20,25.97,15.13,15.0,125.0,1,1,10.00,-8.93,0.38,0.000,0.000,0.000,0.196,0.100,0.100,0.100,1,5.9,86.1,763,742,1,0,1,0,16,416,114,0
22.36,climb_cruise,494.5,494.5,31313.2,-44288,-55.14,61.76,26.29,15.14,15.0,125.0,1,1,10.02,-8.72,0.45,0.000,0.000,0.000,0.184,0.100,0.100,0.100,1,5.9,85.6,763,740,1,0,1,0,16,416,115,0
22.38,climb_cruise,494.8,494.8,31298.5,-44310,-55.05,61.33,26.60,15.15,15.0,125.0,1,1,10.04,-8.52,0.51,0.000,0.000,0.000,0.172,0.100,0.100,0.100,1,5.9,85.0,763,738,1,0,1,0,16,416,116,0
22.40,climb_cruise,495.0,495.0,31283.7,-44330,-54.96,60.90,26.92,15.17,15.0,125.0,1,1,10.06,-8.31,0.58,0.000,0.000,0.000,0.160,0.100,0.100,0.100,1,5.8,84.5,763,736,1,0,1,0,16,416,115,0
22.42,climb_cruise,495.3,495.3,31268.9,-44350,-54.88,60.48,27.23,15.18,15.0,125.0,1,1,10.08,-8.11,0.64,0.000,0.000,0.000,0.148,0.100,0.100,0.100,1,5.8,83.9,763,735,1,0,1,0,16,416,115,0
22.44,climb_cruise,495.5,495.5,31254.1,-44369,-54.79,60.06,27.55,15.19,15.0,125.0,1,1,10.11,-7.91,0.71,0.000,0.000,0.000,0.136,0.100,0.100,0.100,1,5.8,83.3,763,733,1,0,1,0,16,416,115,0
22.46,climb_cruise,495.8,495.8,31239.3,-44387,-54.70,59.64,27.87,15.21,15.0,125.0,1,1,10.13,-7.70,0.77,0.000,0.000,0.000,0.124,0.100,0.100,0.100,1,5.8,82.8,763,731,1,0,1,0,16,416,116,0
22.48,climb_cruise,496.0,496.0,31224.5,-44405,-54.61,59.23,28.18,15.22,15.0,125.0,1,1,10.15,-7.50,0.83,0.000,0.000,0.000,0.112,0.100,0.100,0.100,1,5.8,82.2,763,729,1,0,1,0,16,416,115,0
22.50,climb_cruise,496.2,496.2,31209.7,-44422,-54.52,58.83,28.50,15.24,15.0,125.0,1,1,10.17,-7.29,0.89,0.000,0.000,0.000,0.101,0.100,0.100,0.100,1,5.8,81.6,763,727,1,0,1,0,16,416,114,0
22.52,climb_cruise,496.5,496.5,31194.9,-44438,-54.43,58.43,28.81,15.25,15.0,125.0,1,1,10.19,-7.09,0.95,0.000,0.000,0.000,0.091,0.100,0.100,0.100,1,5.8,81.0,763,725,1,0,1,0,16,416,114,0
22.54,climb_cruise,496.7,496.7,31180.1,-44453,-54.34,58.03,29.13,15.26,15.0,125.0,1,1,10.21,-6.89,1.01,0.000,0.000,0.000,0.082,0.100,0.100,0.100,1,5.8,80.4,763,723,1,0,1,0,16,416,115,0
22.56,climb_cruise,497.0,497.0,31165.3,-44467,-54.25,57.64,29.44,15.28,15.0,125.0,1,1,10.23,-6.68,1.07,0.000,0.000,0.000,0.073,0.100,0.100,0.100,1,5.7,79.8,763,721,1,0,1,0,16,416,115,0
22.58,climb_cruise,497.2,497.2,31150.5,-44481,-54.16,57.25,29.76,15.29,15.0,125.0,1,1,10.25,-6.48,1.13,0.000,0.000,0.000,0.066,0.100,0.100,0.100,1,5.7,79.1,763,719,1,0,1,0,16,416,115,0
22.60,climb_cruise,497.5,497.5,31135.6,-44494,-54.06,56.86,30.08,15.30,15.0,125.0,1,1,10.28,-6.28,1.18,0.000,0.000,0.000,0.060,0.100,0.100,0.100,1,5.7,78.5,763,717,1,0,1,0,16,416,114,0
22.62,climb_cruise,497.7,497.7,31120.8,-44506,-53.97,56.49,30.39,15.32,15.0,125.0,1,1,10.30,-6.08,1.23,0.000,0.000,0.000,0.054,0.100,0.100,0.100,1,5.7,77.9,763,715,1,0,1,0,16,416,115,0
22.64,climb_cruise,497.9,497.9,31106.0,-44518,-53.88,56.11,30.71,15.33,15.0,125.0,1,1,10.32,-5.89,1.29,0.000,0.000,0.000,0.048,0.100,0.100,0.100,1,5.7,77.2,763,713,1,0,1,0,16,416,116,0
22.66,climb_cruise,498.2,498.2,31091.1,-44529,-53.78,55.74,31.02,15.34,15.0,125.0,1,1,10.34,-5.69,1.34,0.000,0.000,0.000,0.043,0.100,0.100,0.100,1,5.7,76.6,763,711,1,0,1,0,16,416,116,0
22.68,climb_cruise,498.4,498.4,31076.3,-44539,-53.69,55.38,31.33,15.36,15.0,125.0,1,1,10.36,-5.50,1.39,0.000,0.000,0.000,0.039,0.100,0.100,0.100,1,5.7,75.9,763,709,1,0,1,0,16,416,116,0
22.70,climb_cruise,498.7,498.7,31061.4,-44548,-53.59,55.01,31.65,15.37,15.0,125.0,1,1,10.38,-5.30,1.43,0.000,0.000,0.000,0.035,0.100,0.100,0.100,1,5.7,75.3,763,707,1,0,1,0,16,416,115,0
22.72,climb_cruise,498.9,498.9,31046.6,-44556,-53.50,54.66,31.96,15.38,15.0,125.0,1,1,10.40,-5.11,1.48,0.000,0.000,0.000,0.032,0.100,0.100,0.100,1,5.7,74.6,763,705,1,0,1,0,16,416,114,0
22.74,climb_cruise,499.1,499.1,31031.7,-44564,-53.40,54.30,32.28,15.40,15.0,125.0,1,1,10.42,-4.93,1.52,0.000,0.000,0.000,0.028,0.100,0.100,0.100,1,5.6,74.0,763,703,1,0,1,0,16,416,114,0
22.76,climb_cruise,499.4,499.4,31016.9,-44571,-53.30,53.95,32.59,15.41,15.0,125.0,1,1,10.44,-4.74,1.56,0.000,0.000,0.000,0.026,0.100,0.100,0.100,1,5.6,73.3,763,701,1,0,1,0,16,416,114,0
22.78,climb_cruise,499.6,499.6,31002.0,-44578,-53.20,53.61,32.90,15.43,15.0,125.0,1,1,10.46,-4.56,1.60,0.000,0.000,0.000,0.023,0.100,0.100,0.100,1,5.6,72.6,763,699,1,0,1,0,16,416,116,0
22.80,climb_cruise,499.8,499.8,30987.1,-44583,-53.11,53.27,33.22,15.44,15.0,125.0,1,1,10.48,-4.39,1.64,0.000,0.000,0.000,0.021,0.100,0.100,0.100,1,5.6,72.0,763,698,1,0,1,0,16,416,115,0
22.82,climb_cruise,500.1,500.1,30972.3,-44588,-53.01,52.93,33.53,15.45,15.0,125.0,1,1,10.50,-4.21,1.67,0.000,0.000,0.000,0.019,0.100,0.100,0.100,1,5.6,71.3,763,696,1,0,1,0,16,416,114,0
22.84,climb_cruise,500.3,500.3,30957.4,-44592,-52.90,52.60,33.84,15.47,15.0,125.0,1,1,10.52,-4.04,1.70,0.000,0.000,0.000,0.017,0.100,0.100,0.100,1,5.6,70.6,763,694,1,0,1,0,16,416,115,0
22.86,climb_cruise,500.5,500.5,30942.5,-44596,-52.80,52.28,34.15,15.48,15.0,125.0,1,1,10.54,-3.88,1.73,0.000,0.000,0.000,0.015,0.100,0.100,0.100,1,5.6,70.0,763,692,1,0,1,0,16,416,115,0
22.88,climb_cruise,500.8,500.8,30927.7,-44599,-52.70,51.95,34.46,15.50,15.0,125.0,1,1,10.56,-3.71,1.76,0.000,0.000,0.000,0.014,0.100,0.100,0.100,1,5.6,69.3,763,690,1,0,1,0,16,416,116,0
22.90,climb_cruise,501.0,501.0,30912.8,-44601,-52.60,51.63,34.77,15.51,15.0,125.0,1,1,10.59,-3.56,1.78,0.000,0.000,0.000,0.012,0.100,0.100,0.100,1,5.6,68.6,763,688,1,0,1,0,16,416,115,0
22.92,climb_cruise,501.2,501.2,30897.9,-44602,-52.49,51.32,35.08,15.53,15.0,125.0,1,1,10.61,-3.40,1.80,0.000,0.000,0.000,0.011,0.100,0.100,0.100,1,5.5,67.9,763,687,1,0,1,0,16,416,115,0
22.94,climb_cruise,501.5,501.5,30883.1,-44603,-52.39,51.01,35.39,15.54,15.0,125.0,1,1,10.63,-3.25,1.82,0.000,0.000,0.000,0.010,0.100,0.100,0.100,1,5.5,67.3,763,685,1,0,1,0,16,416,114,0
22.96,climb_cruise,501.7,501.7,30868.2,-44603,-52.28,50.70,35.70,15.55,15.0,125.0,1,1,10.64,-3.11,1.84,0.000,0.000,0.000,0.009,0.100,0.100,0.100,1,5.5,66.6,763,683,1,0,1,0,16,416,115,0
22.98,climb_cruise,501.9,501.9,30853.3,-44602,-52.18,50.39,36.00,15.57,15.0,125.0,1,1,10.66,-2.97,1.85,0.000,0.000,0.000,0.008,0.100,0.100,0.100,1,5.5,65.9,763,682,1,0,1,0,16,416,114,0
23.00,climb_cruise,502.2,502.2,30838.5,-44601,-52.07,50.09,36.31,15.58,15.0,125.0,1,1,10.68,-2.83,1.86,0.000,0.000,0.000,0.007,0.100,0.100,0.100,1,5.5,65.3,763,680,1,0,1,0,16,416,115,0
23.02,climb_cruise,502.4,502.4,30823.6,-44598,-51.96,49.80,36.62,15.60,15.0,125.0,1,1,10.70,-2.70,1.87,0.000,0.000,0.000,0.007,0.100,0.100,0.100,1,5.5,64.6,763,678,1,0,1,0,16,416,115,0
23.04,climb_cruise,502.6,502.6,30808.7,-44596,-51.85,49.51,36.92,15.61,15.0,125.0,1,1,10.72,-2.57,1.88,0.000,0.000,0.000,0.006,0.100,0.100,0.100,1,5.5,64.0,763,677,1,0,1,0,16,416,115,0
23.06,climb_cruise,502.9,502.9,30793.9,-44592,-51.74,49.22,37.22,15.63,15.0,125.0,1,1,10.74,-2.45,1.88,0.000,0.000,0.000,0.005,0.100,0.100,0.100,1,5.5,63.3,763,675,1,0,1,0,16,416,115,0
23.08,climb_cruise,503.1,503.1,30779.0,-44588,-51.63,48.93,37.53,15.64,15.0,125.0,1,1,10.76,-2.33,1.89,0.000,0.000,0.000,0.005,0.100,0.100,0.100,1,5.5,62.7,763,673,1,0,1,0,16,416,114,0
23.10,climb_cruise,503.3,503.3,30764.1,-44583,-51.51,48.65,37.83,15.66,15.0,125.0,1,1,10.78,-2.22,1.89,0.000,0.000,0.000,0.004,0.100,0.100,0.100,1,5.4,62.0,763,672,1,0,1,0,16,416,114,0
23.12,climb_cruise,503.6,503.6,30749.3,-44577,-51.40,48.37,38.13,15.67,15.0,125.0,1,1,10.80,-2.11,1.89,0.000,0.000,0.000,0.004,0.100,0.100,0.100,1,5.4,61.4,763,670,1,0,1,0,16,416,114,0
23.14,climb_cruise,503.8,503.8,30734.4,-44571,-51.28,48.10,38.42,15.69,15.0,125.0,1,1,10.81,-2.00,1.89,0.000,0.000,0.000,0.003,0.100,0.100,0.100,1,5.4,60.8,763,669,1,0,1,0,16,416,115,0
23.16,climb_cruise,504.0,504.0,30719.6,-44564,-51.16,47.83,38.72,15.71,15.0,125.0,1,1,10.83,-1.90,1.88,0.000,0.000,0.000,0.003,0.100,0.100,0.100,1,5.4,60.2,763,667,1,0,1,0,16,416,116,0
23.18,climb_cruise,504.2,504.2,30704.7,-44556,-51.05,47.56,39.02,15.72,15.0,125.0,1,1,10.85,-1.80,1.88,0.000,0.000,0.000,0.003,0.100,0.100,0.100,1,5.4,59.5,763,666,1,0,1,0,16,416,115,0
23.20,climb_cruise,504.5,504.5,30689.9,-44547,-50.93,47.30,39.31,15.74,15.0,125.0,1,1,10.87,-1.71,1.87,0.000,0.000,0.000,0.003,0.100,0.100,0.100,1,5.4,58.9,763,665,1,0,1,0,16,416,115,0
23.22,climb_cruise,504.7,504.7,30675.0,-44538,-50.81,47.04,39.60,15.75,15.0,125.0,1,1,10.89,-1.62,1.87,0.000,0.000,0.000,0.002,0.100,0.100,0.100,1,5.4,58.3,763,663,1,0,1,0,16,416,115,0
23.24,climb_cruise,504.9,504.9,30660.2,-44528,-50.68,46.78,39.90,15.77,15.0,125.0,1,1,10.90,-1.53,1.86,0.000,0.000,0.000,0.002,0.100,0.100,0.100,1,5.4,57.7,763,662,1,0,1,0,16,416,115,0
23.26,climb_cruise,505.1,505.1,30645.3,-44518,-50.56,46.52,40.19,15.78,15.0,125.0,1,1,10.92,-1.44,1.85,0.000,0.000,0.000,0.002,0.100,0.100,0.100,1,5.4,57.1,763,660,1,0,1,0,16,416,114,0
23.28,climb_cruise,505.4,505.4,30630.5,-44506,-50.44,46.27,40.48,15.80,15.0,125.0,1,1,10.94,-1.36,1.84,0.000,0.000,0.000,0.002,0.100,0.100,0.100,1,5.3,56.5,763,659,1,0,1,0,16,416,116,0
23.30,climb_cruise,505.6,505.6,30615.7,-44494,-50.31,46.02,40.76,15.82,15.0,125.0,1,1,10.95,-1.29,1.83,0.000,0.000,0.000,0.001,0.100,0.100,0.100,1,5.3,55.9,763,658,1,0,1,0,16,416,114,0
23.32,climb_cruise,505.8,505.8,30600.8,-44482,-50.19,45.78,41.05,15.83,15.0,125.0,1,1,10.97,-1.21,1.82,0.000,0.000,0.000,0.001,0.100,0.100,0.100,1,5.3,55.4,763,656,1,0,1,0,16,416,115,0
23.34,climb_cruise,506.0,506.0,30586.0,-44468,-50.06,45.54,41.33,15.85,15.0,125.0,1,1,10.99,-1.14,1.81,0.000,0.000,0.000,0.001,0.100,0.100,0.100,1,5.3,54.8,763,655,1,0,1,0,16,416,114,0
23.36,climb_cruise,506.3,506.3,30571.2,-44454,-49.93,45.30,41.62,15.86,15.0,125.0,1,1,11.00,-1.07,1.80,0.000,0.000,0.000,0.001,0.100,0.100,0.100,1,5.3,54.2,763,654,1,0,1,0,16,416,115,0
23.38,climb_cruise,506.5,506.5,30556.4,-44439,-49.80,45.06,41.90,15.88,15.0,125.0,1,1,11.02,-1.01,1.79,0.000,0.000,0.000,0.001,0.100,0.100,0.100,1,5.3,53.7,763,653,1,0,1,0,16,416,116,0
23.40,climb_cruise,506.7,506.7,30541.5,-44424,-49.67,44.83,42.18,15.90,15.0,125.0,1,1,11.04,-0.94,1.77,0.000,0.000,0.000,0.001,0.100,0.100,0.100,1,5.3,53.1,763,651,1,0,1,0,16,416,115,0
23.42,climb_cruise,506.9,506.9,30526.7,-44407,-49.54,44.60,42.46,15.91,15.0,125.0,1,1,11.05,-0.88,1.76,0.000,0.000,0.000,0.001,0.100,0.100,0.100,1,5.3,52.6,763,650,1,0,1,0,16,416,114,0
23.44,climb_cruise,507.1,507.1,30511.9,-44391,-49.40,44.37,42.73,15.93,15.0,125.0,1,1,11.07,-0.82,1.75,0.000,0.000,0.000,0.001,0.100,0.100,0.100,1,5.3,52.0,763,649,1,0,1,0,16,416,115,0
23.46,climb_cruise,507.4,507.4,30497.1,-44373,-49.27,44.15,43.01,15.95,15.0,125.0,1,1,11.09,-0.77,1.73,0.000,0.000,0.000,0.001,0.100,0.100,0.100,1,5.3,51.5,763,648,1,0,1,0,16,416,114,0
23.48,climb_cruise,507.6,507.6,30482.4,-44354,-49.13,43.92,43.28,15.96,15.0,125.0,1,1,11.10,-0.72,1.72,0.000,0.000,0.000,0.001,0.100,0.100,0.100,1,5.2,51.0,763,647,1,0,1,0,16,416,115,0
23.50,climb_cruise,507.8,507.8,30467.6,-44335,-49.00,43.70,43.56,15.98,15.0,125.0,1,1,11.12,-0.66,1.71,0.000,0.000,0.000,0.001,0.100,0.100,0.100,1,5.2,50.4,763,646,1,0,1,0,16,416,115,0
23.52,climb_cruise,508.0,508.0,30452.8,-44316,-48.86,43.49,43.83,16.00,15.0,125.0,1,1,11.13,-0.61,1.69,0.000,0.000,0.000,0.000,0.100,0.100,0.100,1,5.2,49.9,763,644,1,0,1,0,16,416,115,0
23.54,climb_cruise,508.2,508.2,30438.0,-44295,-48.72,43.27,44.10,16.01,15.0,125.0,1,1,11.15,-0.57,1.68,0.000,0.000,0.000,0.000,0.100,0.100,0.100,1,5.2,49.4,763,643,1,0,1,0,16,416,115,0
23.56,climb_cruise,508.4,508.4,30423.3,-44274,-48.58,43.06,44.37,16.03,15.0,125.0,1,1,11.16,-0.52,1.67,0.000,0.000,0.000,0.000,0.100,0.100,0.100,1,5.2,48.9,763,642,1,0,1,0,16,416,114,0
23.58,climb_cruise,508.7,508.7,30408.5,-44252,-48.44,42.85,44.63,16.05,15.0,125.0,1,1,11.18,-0.48,1.65,0.000,0.000,0.000,0.000,0.100,0.100,0.100,1,5.2,48.4,763,641,1,0,1,0,16,416,116,0
23.60,climb_cruise,508.9,508.9,30393.8,-44229,-48.30,42.64,44.90,16.06,15.0,125.0,1,1,11.20,-0.43,1.64,0.000,0.000,0.000,0.000,0.100,0.100,0.100,1,5.2,48.0,763,640,1,0,1,0,16,416,115,0
23.62,climb_cruise,509.1,509.1,30379.0,-44206,-48.15,42.44,45.16,16.08,15.0,125.0,1,1,11.21,-0.39,1.63,0.000,0.000,0.000,0.000,0.100,0.100,0.100,1,5.2,47.5,763,639,1,0,1,0,16,416,115,0
23.64,climb_cruise,509.3,509.3,30364.3,-44182,-48.01,42.23,45.42,16.10,15.0,125.0,1,1,11.23,-0.35,1.61,0.000,0.000,0.000,0.000,0.100,0.100,0.100,1,5.2,47.0,763,638,1,0,1,0,16,416,115,0
23.66,climb_cruise,509.5,509.5,30349.6,-44157,-47.87,42.03,45.68,16.11,15.0,125.0,1,1,11.24,-0.32,1.60,0.000,0.000,0.000,0.000,0.100,0.100,0.100,1,5.1,46.6,763,637,1,0,1,0,16,416,115,0
23.68,climb_cruise,509.7,509.7,30334.8,-44131,-47.72,41.84,45.94,16.13,15.0,125.0,1,1,11.26,-0.28,1.59,0.000,0.000,0.000,0.000,0.100,0.100,0.100,1,5.1,46.1,763,636,1,0,1,0,16,416,116,0
23.70,climb_cruise,510.0,510.0,30320.1,-44105,-47.57,41.64,46.20,16.15,15.0,125.0,1,1,11.27,-0.24,1.58,0.000,0.000,0.000,0.000,0.100,0.100,0.100,1,5.1,45.6,763,635,1,0,1,0,16,416,115,0
23.72,climb_cruise,510.2,510.2,30305.4,-44078,-47.42,41.45,46.46,16.17,15.0,125.0,1,1,11.29,-0.21,1.56,0.000,0.000,0.000,0.000,0.100,0.100,0.100,1,5.1,45.2,763,634,1,0,1,0,16,416,116,0
23.74,climb_cruise,510.4,510.4,30290.7,-44050,-47.28,41.26,46.71,16.18,15.0,125.0,1,1,11.30,-0.18,1.55,0.000,0.000,0.000,0.000,0.100,0.100,0.100,1,5.1,44.8,763,633,1,0,1,0,16,416,115,0
23.76,climb_cruise,510.6,510.6,30276.1,-44021,-47.13,41.07,46.97,16.20,15.0,125.0,1,1,11.32,-0.15,1.54,0.000,0.000,0.000,0.000,0.100,0.100,0.100,1,5.1,44.3,763,632,1,0,1,0,16,416,114,0
23.78,climb_cruise,510.8,510.8,30261.4,-43992,-46.97,40.88,47.22,16.22,15.0,125.0,1,1,11.33,-0.12,1.53,0.000,0.000,0.000,0.000,0.100,0.100,0.100,1,5.1,43.9,763,632,1,0,1,0,16,416,116,0
23.80,climb_cruise,511.0,511.0,30246.7,-43962,-46.82,40.69,47.47,16.24,15.0,125.0,1,1,11.35,-0.09,1.52,0.000,0.000,0.000,0.000,0.100,0.100,0.100,1,5.1,43.5,763,631,1,0,1,0,16,416,115,0
23.82,climb_cruise,511.2,511.2,30232.1,-43931,-46.67,40.51,47.72,16.25,15.0,125.0,1,1,11.36,-0.06,1.51,0.000,0.000,0.000,0.000,0.100,0.100,0.100,1,5.1,43.1,763,630,1,0,1,0,16,416,115,0
23.84,climb_cruise,511.4,511.4,30217.4,-43900,-46.52,40.33,47.97,16.27,15.0,125.0,1,1,11.38,-0.03,1.50,0.000,0.000,0.000,0.000,0.100,0.100,0.100,1,5.1,42.7,763,629,1,0,1,0,16,416,115,0
23.86,climb_cruise,511.6,511.6,30202.8,-43867,-46.36,40.15,48.21,16.29,15.0,125.0,1,1,11.39,-0.00,1.49,0.000,0.000,0.000,0.000,0.100,0.100,0.100,1,5.0,42.3,763,628,1,0,1,0,16,416,115,0
23.88,climb_cruise,511.8,511.8,30188.2,-43834,-46.21,39.97,48.46,16.30,15.0,125.0,1,1,11.41,0.02,1.48,0.000,0.000,0.000,0.000,0.100,0.100,0.100,1,5.0,41.9,763,627,1,0,1,0,16,416,115,0
23.90,climb_cruise,512.1,512.1,30173.6,-43801,-46.05,39.80,48.70,16.32,15.0,125.0,1,1,11.42,0.05,1.47,0.000,0.000,0.000,0.000,0.100,0.100,0.100,1,5.0,41.5,763,627,1,0,1,0,16,416,115,0
23.92,climb_cruise,512.3,512.3,30159.0,-43766,-45.89,39.62,48.94,16.34,15.0,125.0,1,1,11.44,0.07,1.46,0.000,0.000,0.000,0.000,0.100,0.100,0.100,1,5.0,41.1,763,626,1,0,1,0,16,416,114,0
23.94,climb_cruise,512.5,512.5,30144.4,-43731,-45.73,39.45,49.19,16.36,15.0,125.0,1,1,11.45,0.09,1.45,0.000,0.000,0.000,0.000,0.100,0.100,0.100,1,5.0,40.8,763,625,1,0,1,0,16,416,115,0
23.96,climb_cruise,512.7,512.7,30129.8,-43695,-45.57,39.28,49.43,16.37,15.0,125.0,1,1,11.47,0.12,1.44,0.000,0.000,0.000,0.000,0.100,0.100,0.100,1,5.0,40.4,763,624,1,0,1,0,16,416,115,0
23.98,climb_cruise,512.9,512.9,30115.3,-43658,-45.42,39.12,49.66,16.39,15.0,125.0,1,1,11.48,0.14,1.43,0.000,0.000,0.000,0.000,0.100,0.100,0.100,1,5.0,40.0,763,623,1,0,1,0,16,416,116,0
24.00,climb_cruise,513.1,513.1,30100.7,-43620,-45.25,38.95,49.90,16.41,15.0,125.0,1,1,11.50,0.16,1.42,0.000,0.000,0.000,0.000,0.100,0.100,0.100,1,5.0,39.7,763,623,1,0,1,0,16,416,115,0
24.02,climb_cruise,513.3,513.3,30086.2,-43582,-45.09,38.79,50.14,16.43,15.0,125.0,1,1,11.51,0.18,1.41,0.000,0.000,0.000,0.000,0.100,0.100,0.100,1,5.0,39.3,763,622,1,0,1,0,16,416,114,0
24.04,climb_cruise,513.5,513.5,30071.7,-43543,-44.93,38.62,50.37,16.44,15.0,125.0,1,1,11.53,0.20,1.41,0.000,0.000,0.000,0.000,0.100,0.100,0.100,1,5.0,39.0,763,621,1,0,1,0,16,416,114,0
24.06,climb_cruise,513.7,513.7,30057.1,-43503,-44.77,38.46,50.61,16.46,15.0,125.0,1,1,11.54,0.22,1.40,0.000,0.000,0.000,0.000,0.100,0.100,0.100,1,4.9,38.7,763,621,1,0,1,0,16,416,115,0
24.08,climb_cruise,513.9,513.9,30042.6,-43462,-44.60,38.30,50.84,16.48,15.0,125.0,1,1,11.56,0.24,1.39,0.000,0.000,0.000,0.000,0.100,0.100,0.100,1,4.9,38.3,763,620,1,0,1,0,16,416,115,0
24.10,climb_cruise,514.1,514.1,30028.2,-43421,-44.44,38.15,51.07,16.50,15.0,125.0,1,1,11.57,0.25,1.38,0.000,0.000,0.000,0.000,0.100,0.100,0.100,1,4.9,38.0,763,619,1,0,1,0,16,416,116,0
24.12,climb_cruise,514.3,514.3,30013.7,-43379,-44.27,37.99,51.30,16.52,15.0,125.0,1,1,11.59,0.27,1.38,0.000,0.000,0.000,0.000,0.100,0.100,0.100,1,4.9,37.7,763,618,1,0,1,0,16,416,114,0
24.14,climb_cruise,514.5,514.5,29999.2,-43336,-44.11,37.84,51.53,16.53,15.0,125.0,1,1,11.60,0.29,1.37,0.000,0.000,0.000,0.000,0.100,0.100,0.100,1,4.9,37.4,763,618,1,0,1,0,16,416,115,0
24.16,climb_cruise,514.7,514.7,29984.8,-43292,-43.94,37.68,51.76,16.55,15.0,125.0,1,1,11.62,0.31,1.36,0.000,0.000,0.000,0.000,0.100,0.100,0.100,1,4.9,37.1,763,617,1,0,1,0,16,416,115,0
24.18,climb_cruise,514.9,514.9,29970.4,-43248,-43.77,37.53,51.98,16.57,15.0,125.0,1,1,11.63,0.32,1.36,0.000,0.000,0.000,0.000,0.100,0.100,0.100,1,4.9,36.8,763,617,1,0,1,0,16,416,114,0
24.20,climb_cruise,515.1,515.1,29956.0,-43202,-43.61,37.38,52.21,16.59,15.0,125.0,1,1,11.65,0.34,1.35,0.000,0.000,0.000,0.000,0.100,0.100,0.100,1,4.9,36.5,763,616,1,0,1,0,16,416,114,0
24.22,climb_cruise,515.3,515.3,29941.6,-43156,-43.44,37.24,52.43,16.60,15.0,125.0,1,1,11.66,0.35,1.35,0.000,0.000,0.000,0.000,0.100,0.100,0.100,1,4.9,36.2,763,615,1,0,1,0,16,416,116,0
24.24,climb_cruise,515.5,515.5,29927.2,-43109,-43.27,37.09,52.66,16.62,15.0,125.0,1,1,11.68,0.37,1.34,0.000,0.000,0.000,0.000,0.100,0.100,0.100,1,4.9,35.9,763,615,1,0,1,0,16,416,115,0
24.26,climb_cruise,515.7,515.7,29912.8,-43062,-43.10,36.94,52.88,16.64,15.0,125.0,1,1,11.69,0.38,1.34,0.000,0.000,0.000,0.000,0.100,0.100,0.100,1,4.8,35.6,763,614,1,0,1,0,16,416,115,0
24.28,climb_cruise,515.9,515.9,29898.5,-43013,-42.92,36.80,53.10,16.66,15.0,125.0,1,1,11.71,0.40,1.33,0.000,0.000,0.000,0.000,0.100,0.100,0.100,1,4.8,35.3,763,613,1,0,1,0,16,416,116,0
24.30,climb_cruise,516.1,516.1,29884.1,-42964,-42.75,36.66,53.32,16.68,15.0,125.0,1,1,11.72,0.41,1.33,0.000,0.000,0.000,0.000,0.100,0.100,0.100,1,4.8,35.1,763,613,1,0,1,0,16,416,115,0
24.32,climb_cruise,516.3,516.3,29869.8,-42914,-42.58,36.52,53.54,16.69,15.0,125.0,1,1,11.74,0.42,1.32,0.000,0.000,0.000,0.000,0.100,0.100,0.100,1,4.8,34.8,763,612,1,0,1,0,16,416,114,0
24.34,climb_cruise,516.5,516.5,29855.5,-42863,-42.41,36.38,53.76,16.71,15.0,125.0,1,1,11.75,0.44,1.32,0.000,0.000,0.000,0.000,0.100,0.100,0.100,1,4.8,34.5,763,612,1,0,1,0,16,416,115,0
24.36,climb_cruise,516.6,516.6,29841.2,-42812,-42.23,36.24,53.98,16.73,15.0,125.0,1,1,11.77,0.45,1.31,0.000,0.000,0.000,0.000,0.100,0.100,0.100,1,4.8,34.3,763,611,1,0,1,0,16,416,116,0
24.38,climb_cruise,516.8,516.8,29827.0,-42759,-42.06,36.11,54.19,16.75,15.0,125.0,1,1,11.78,0.46,1.31,0.000,0.000,0.000,0.000,0.100,0.100,0.100,1,4.8,34.0,763,611,1,0,1,0,16,416,116,0
24.40,climb_cruise,517.0,517.0,29812.7,-42706,-41.88,35.97,54.41,16.76,15.0,125.0,1,1,11.79,0.47,1.30,0.000,0.000,0.000,0.000,0.100,0.100,0.100,1,4.8,33.8,763,610,1,0,1,0,16,416,116,0
24.42,climb_cruise,517.2,517.2,29798.5,-42652,-41.71,35.84,54.62,16.78,15.0,125.0,1,1,11.81,0.48,1.30,0.000,0.000,0.000,0.000,0.100,0.100,0.100,1,4.8,33.5,763,610,1,0,1,0,16,416,115,0
24.44,climb_cruise,517.4,517.4,29784.3,-42597,-41.53,35.71,54.83,16.80,15.0,125.0,1,1,11.82,0.50,1.30,0.000,0.000,0.000,0.000,0.100,0.100,0.100,1,4.8,33.3,763,609,1,0,1,0,16,416,114,0
24.46,climb_cruise,517.6,517.6,29770.1,-42542,-41.35,35.58,55.05,16.82,15.0,125.0,1,1,11.84,0.51,1.29,0.000,0.000,0.000,0.000,0.100,0.100,0.100,1,4.8,33.0,763,609,1,0,1,0,16,416,115,0
24.48,climb_cruise,517.8,517.8,29755.9,-42485,-41.17,35.45,55.26,16.84,15.0,125.0,1,1,11.85,0.52,1.29,0.000,0.000,0.000,0.000,0.100,0.100,0.100,1,4.7,32.8,763,608,1,0,1,0,16,416,115,0
24.50,climb_cruise,518.0,518.0,29741.8,-42428,-41.00,35.32,55.47,16.85,15.0,125.0,1,1,11.87,0.53,1.29,0.000,0.000,0.000,0.000,0.100,0.100,0.100,1,4.7,32.6,763,608,1,0,1,0,16,416,115,0
24.52,climb_cruise,518.2,518.2,29727.6,-42370,-40.82,35.19,55.68,16.87,15.0,125.0,1,1,11.88,0.54,1.28,0.000,0.000,0.000,0.000,0.100,0.100,0.100,1,4.7,32.4,763,607,1,0,1,0,16,416,115,0
24.54,climb_cruise,518.4,518.4,29713.5,-42311,-40.64,35.07,55.89,16.89,15.0,125.0,1,1,11.90,0.55,1.28,0.000,0.000,0.000,0.000,0.100,0.100,0.100,1,4.7,32.1,763,607,1,0,1,0,16,416,114,0
24.56,climb_cruise,518.5,518.5,29699.4,-42251,-40.46,34.95,56.09,16.91,15.0,125.0,1,1,11.91,0.56,1.28,0.000,0.000,0.000,0.000,0.100,0.100,0.100,1,4.7,31.9,763,606,1,0,1,0,16,416,115,0
24.58,climb_cruise,518.7,518.7,29685.3,-42191,-40.28,34.82,56.30,16.93,15.0,125.0,1,1,11.93,0.57,1.28,0.000,0.000,0.000,0.000,0.100,0.100,0.100,1,4.7,31.7,763,606,1,0,1,0,16,416,116,0
24.60,climb_cruise,518.9,518.9,29671.3,-42129,-40.09,34.70,56.50,16.94,15.0,125.0,1,1,11.94,0.58,1.27,0.000,0.000,0.000,0.000,0.100,0.100,0.100,1,4.7,31.5,763,605,1,0,1,0,16,416,115,0
24.62,climb_cruise,519.1,519.1,29657.2,-42067,-39.91,34.58,56.71,16.96,15.0,125.0,1,1,11.96,0.59,1.27,0.000,0.000,0.000,0.000,0.100,0.100,0.100,1,4.7,31.3,763,605,1,0,1,0,16,416,115,0
24.64,climb_cruise,519.3,519.3,29643.2,-42004,-39.73,34.46,56.91,16.98,15.0,125.0,1,1,11.97,0.60,1.27,0.000,0.000,0.000,0.000,0.100,0.100,0.100,1,4.7,31.1,763,604,1,0,1,0,16,416,115,0
24.66,climb_cruise,519.5,519.5,29629.2,-41940,-39.55,34.35,57.12,17.00,15.0,125.0,1,1,11.99,0.60,1.27,0.000,0.000,0.000,0.000,0.100,0.100,0.100,1,4.7,30.9,763,604,1,0,1,0,16,416,116,0
24.68,climb_cruise,519.6,519.6,29615.3,-41876,-39.36,34.23,57.32,17.02,15.0,125.0,1,1,12.00,0.61,1.26,0.000,0.000,0.000,0.000,0.100,0.100,0.100,1,4.6,30.7,763,604,1,0,1,0,16,416,115,0
24.70,climb_cruise,519.8,519.8,29601.3,-41810,-39.18,34.11,57.52,17.03,15.0,125.0,1,1,12.01,0.62,1.26,0.000,0.000,0.000,0.000,0.100,0.100,0.100,1,4.6,30.5,763,603,1,0,1,0,16,416,114,0
24.72,climb_cruise,520.0,520.0,29587.4,-41744,-38.99,34.00,57.72,17.05,15.0,125.0,1,1,12.03,0.63,1.26,0.000,0.000,0.000,0.000,0.100,0.100,0.100,1,4.6,30.3,763,603,1,0,1,0,16,416,115,0
24.74,climb_cruise,520.2,520.2,29573.5,-41677,-38.81,33.89,57.92,17.07,15.0,125.0,1,1,12.04,0.64,1.26,0.000,0.000,0.000,0.000,0.100,0.100,0.100,1,4.6,30.1,763,602,1,0,1,0,16,416,115,0
24.76,climb_cruise,520.4,520.4,29559.6,-41609,-38.62,33.78,58.12,17.09,15.0,125.0,1,1,12.06,0.65,1.26,0.000,0.000,0.000,0.000,0.100,0.100,0.100,1,4.6,30.0,763,602,1,0,1,0,16,416,115,0
24.78,climb_cruise,520.5,520.5,29545.7,-41540,-38.43,33.67,58.32,17.11,15.0,125.0,1,1,12.07,0.65,1.26,0.000,0.000,0.000,0.000,0.100,0.100,0.100,1,4.6,29.8,763,602,1,0,1,0,16,416,115,0
24.80,climb_cruise,520.7,520.7,29531.9,-41470,-38.25,33.56,58.51,17.12,15.0,125.0,1,1,12.09,0.66,1.25,0.000,0.000,0.000,0.000,0.100,0.100,0.100,1,4.6,29.6,763,601,1,0,1,0,16,416,116,0
24.82,climb_cruise,520.9,520.9,29518.1,-41400,-38.06,33.45,58.71,17.14,15.0,125.0,1,1,12.10,0.67,1.25,0.000,0.000,0.000,0.000,0.100,0.100,0.100,1,4.6,29.4,763,601,1,0,1,0,16,416,116,0
24.84,climb_cruise,521.1,521.1,29504.3,-41328,-37.87,33.34,58.91,17.16,15.0,125.0,1,1,12.12,0.68,1.25,0.000,0.000,0.000,0.000,0.100,0.100,0.100,1,4.6,29.3,763,600,1,0,1,0,16,416,116,0
24.86,climb_cruise,521.2,521.2,29490.5,-41256,-37.68,33.24,59.10,17.18,15.0,125.0,1,1,12.13,0.68,1.25,0.000,0.000,0.000,0.000,0.100,0.100,0.100,1,4.6,29.1,763,600,1,0,1,0,16,416,115,0
24.88,climb_cruise,521.4,521.4,29476.8,-41183,-37.49,33.13,59.30,17.20,15.0,125.0,1,1,12.15,0.69,1.25,0.000,0.000,0.000,0.000,0.100,0.100,0.100,1,4.6,28.9,763,600,1,0,1,0,16,416,116,0
24.90,climb_cruise,521.6,521.6,29463.1,-41109,-37.30,33.03,59.49,17.21,15.0,125.0,1,1,12.16,0.70,1.25,0.000,0.000,0.000,0.000,0.100,0.100,0.100,1,4.5,28.8,763,599,1,0,1,0,16,416,114,0
24.92,climb_cruise,521.8,521.8,29449.4,-41034,-37.11,32.93,59.68,17.23,15.0,125.0,1,1,12.18,0.70,1.25,0.000,0.000,0.000,0.000,0.100,0.100,0.100,1,4.5,28.6,763,599,1,0,1,0,16,416,115,0
24.94,climb_cruise,521.9,521.9,29435.7,-40959,-36.92,32.82,59.87,17.25,15.0,125.0,1,1,12.19,0.71,1.25,0.000,0.000,0.000,0.000,0.100,0.100,0.100,1,4.5,28.5,763,599,1,0,1,0,16,416,115,0
24.96,climb_cruise,522.1,522.1,29422.0,-40883,-36.73,32.72,60.06,17.27,15.0,125.0,1,1,12.20,0.72,1.25,0.000,0.000,0.000,0.000,0.100,0.100,0.100,1,4.5,28.3,763,598,1,0,1,0,16,416,115,0
24.98,climb_cruise,522.3,522.3,29408.4,-40806,-36.54,32.62,60.25,17.29,15.0,125.0,1,1,12.21,0.72,1.24,0.000,0.000,0.000,0.000,0.100,0.100,0.100,1,4.5,28.2,763,598,1,0,1,0,16,416,114,0
25.00,climb_cruise,522.4,522.4,29394.8,-40728,-36.34,32.53,60.44,17.31,15.0,125.0,1,1,12.23,0.73,1.24,0.000,0.000,0.000,0.000,0.100,0.100,0.100,1,4.5,28.0,763,598,1,0,1,0,16,416,115,0
25.02,climb_cruise,522.6,522.6,29381.3,-40649,-36.15,32.43,60.63,17.32,15.0,125.0,1,1,12.24,0.73,1.24,0.000,0.000,0.000,0.000,0.100,0.100,0.100,1,4.5,27.9,763,597,1,0,1,0,16,416,114,0
25.04,climb_cruise,522.8,522.8,29367.7,-40570,-35.96,32.33,60.82,17.34,15.0,125.0,1,1,12.25,0.74,1.24,0.000,0.000,0.000,0.000,0.100,0.100,0.100,1,4.5,27.7,763,597,1,0,1,0,16,416,116,0
25.06,climb_cruise,522.9,522.9,29354.2,-40489,-35.76,32.24,61.01,17.36,15.0,125.0,1,1,12.26,0.74,1.24,0.000,0.000,0.000,0.000,0.100,0.100,0.100,1,4.5,27.6,763,597,1,0,1,0,16,416,114,0
25.08,climb_cruise,523.1,523.1,29340.7,-40408,-35.57,32.14,61.20,17.38,15.0,125.0,1,1,12.27,0.75,1.24,0.000,0.000,0.000,0.000,0.100,0.100,0.100,1,4.5,27.5,763,597,1,0,1,0,16,416,114,0
25.10,climb_cruise,523.3,523.3,29327.3,-40326,-35.37,32.05,61.38,17.40,15.0,125.0,1,1,12.28,0.76,1.24,0.000,0.000,0.000,0.000,0.100,0.100,0.100,1,4.5,27.3,763,596,1,0,1,0,16,416,114,0
25.12,climb_cruise,523.4,523.4,29313.8,-40243,-35.18,31.96,61.57,17.42,15.0,125.0,1,1,12.29,0.76,1.24,0.000,0.000,0.000,0.000,0.100,0.100,0.100,1,4.4,27.2,763,596,1,0,1,0,16,416,115,0
25.14,climb_cruise,523.6,523.6,29300.4,-40160,-34.98,31.87,61.75,17.44,15.0,125.0,1,1,12.30,0.77,1.24,0.000,0.000,0.000,0.000,0.100,0.100,0.100,1,4.4,27.1,763,596,1,0,1,0,16,416,115,0
25.16,climb_cruise,523.8,523.8,29287.0,-40075,-34.79,31.78,61.94,17.45,15.0,125.0,1,1,12.31,0.77,1.24,0.000,0.000,0.000,0.000,0.100,0.100,0.100,1,4.4,27.0,763,595,1,0,1,0,16,416,114,0
25.18,climb_cruise,523.9,523.9,29273.7,-39990,-34.59,31.69,62.12,17.47,15.0,125.0,1,1,12.32,0.78,1.24,0.000,0.000,0.000,0.000,0.100,0.100,0.100,1,4.4,26.8,763,595,1,0,1,0,16,416,115,0
25.20,climb_cruise,524.1,524.1,29260.4,-39904,-34.39,31.60,62.30,17.49,15.0,125.0,1,1,12.33,0.78,1.24,0.000,0.000,0.000,0.000,0.100,0.100,0.100,1,4.4,26.7,763,595,1,0,1,0,16,416,114,0
25.22,climb_cruise,524.3,524.3,29247.1,-39817,-34.20,31.52,62.48,17.51,15.0,125.0,1,1,12.34,0.79,1.24,0.000,0.000,0.000,0.000,0.100,0.100,0.100,1,4.4,26.6,763,595,1,0,1,0,16,416,114,0
25.24,climb_cruise,524.4,524.4,29233.8,-39729,-34.00,31.43,62.66,17.53,15.0,125.0,1,1,12.35,0.79,1.24,0.000,0.000,0.000,0.000,0.100,0.100,0.100,1,4.4,26.5,763,594,1,0,1,0,16,416,115,0
25.26,climb_cruise,524.6,524.6,29220.6,-39641,-33.80,31.34,62.85,17.55,15.0,125.0,1,1,12.36,0.79,1.24,0.000,0.000,0.000,0.000,0.100,0.100,0.100,1,4.4,26.4,763,594,1,0,1,0,16,416,114,0
25.28,climb_cruise,524.7,524.7,29207.4,-39552,-33.60,31.26,63.03,17.57,15.0,125.0,1,1,12.37,0.80,1.24,0.000,0.000,0.000,0.000,0.100,0.100,0.100,1,4.4,26.2,763,594,1,0,1,0,16,416,115,0
25.30,climb_cruise,524.9,524.9,29194.2,-39461,-33.40,31.18,63.20,17.58,15.0,125.0,1,1,12.38,0.80,1.24,0.000,0.000,0.000,0.000,0.100,0.100,0.100,1,4.4,26.1,763,594,1,0,1,0,16,416,115,0
25.32,climb_cruise,525.0,525.0,29181.1,-39370,-33.20,31.10,63.38,17.60,15.0,125.0,1,1,12.39,0.81,1.24,0.000,0.000,0.000,0.000,0.100,0.100,0.100,1,4.4,26.0,763,593,1,0,1,0,16,416,115,0
25.34,climb_cruise,525.2,525.2,29168.0,-39279,-33.00,31.01,63.56,17.62,15.0,125.0,1,1,12.40,0.81,1.24,0.000,0.000,0.000,0.000,0.100,0.100,0.100,1,4.4,25.9,763,593,1,0,1,0,16,416,116,0
25.36,climb_cruise,525.3,525.3,29154.9,-39186,-32.80,30.93,63.74,17.64,15.0,125.0,1,1,12.41,0.82,1.24,0.000,0.000,0.000,0.000,0.100,0.100,0.100,1,4.3,25.8,763,593,1,0,1,0,16,416,116,0
25.38,climb_cruise,525.5,525.5,29141.8,-39093,-32.60,30.86,63.92,17.66,15.0,125.0,1,1,12.42,0.82,1.24,0.000,0.000,0.000,0.000,0.100,0.100,0.100,1,4.3,25.7,763,593,1,0,1,0,16,416,115,0
25.40,climb_cruise,525.7,525.7,29128.8,-38998,-32.40,30.78,64.09,17.68,15.0,125.0,1,1,12.43,0.82,1.24,0.000,0.000,0.000,0.000,0.100,0.100,0.100,1,4.3,25.6,763,592,1,0,1,0,16,416,115,0
25.42,climb_cruise,525.8,525.8,29115.8,-38903,-32.20,30.70,64.27,17.69,15.0,125.0,1,1,12.44,0.83,1.24,0.000,0.000,0.000,0.000,0.100,0.100,0.100,1,4.3,25.5,763,592,1,0,1,0,16,416,115,0
25.44,climb_cruise,526.0,526.0,29102.9,-38807,-32.00,30.62,64.44,17.71,15.0,125.0,1,1,12.45,0.83,1.24,0.000,0.000,0.000,0.000,0.100,0.100,0.100,1,4.3,25.4,763,592,1,0,1,0,16,416,114,0
25.46,climb_cruise,526.1,526.1,29089.9,-38711,-31.80,30.55,64.62,17.73,15.0,125.0,1,1,12.46,0.84,1.24,0.000,0.000,0.000,0.000,0.100,0.100,0.100,1,4.3,25.3,763,592,1,0,1,0,16,416,115,0
25.48,climb_cruise,526.3,526.3,29077.0,-38613,-31.60,30.47,64.79,17.75,15.0,125.0,1,1,12.47,0.84,1.24,0.000,0.000,0.000,0.000,0.100,0.100,0.100,1,4.3,25.2,763,592,1,0,1,0,16,416,116,0
25.50,climb_cruise,526.4,526.4,29064.2,-38515,-31.39,30.40,64.96,17.77,15.0,125.0,1,1,12.48,0.84,1.24,0.000,0.000,0.000,0.000,0.100,0.100,0.100,1,4.3,25.1,763,591,1,0,1,0,16,416,115,0
25.52,climb_cruise,526.5,526.5,29051.4,-38416,-31.19,30.33,65.14,17.79,15.0,125.0,1,1,12.49,0.85,1.24,0.000,0.000,0.000,0.000,0.100,0.100,0.100,1,4.3,25.0,763,591,1,0,1,0,16,416,114,0
25.54,climb_cruise,526.7,526.7,29038.6,-38316,-30.99,30.26,65.31,17.81,15.0,125.0,1,1,12.50,0.85,1.24,0.000,0.000,0.000,0.000,0.100,0.100,0.100,1,4.3,25.0,763,591,1,0,1,0,16,416,115,0
25.56,climb_cruise,526.8,526.8,29025.8,-38215,-30.78,30.18,65.48,17.82,15.0,125.0,1,1,12.51,0.86,1.24,0.000,0.000,0.000,0.000,0.100,0.100,0.100,1,4.3,24.9,763,591,1,0,1,0,16,416,115,0
25.58,climb_cruise,527.0,527.0,29013.1,-38113,-30.58,30.11,65.65,17.84,15.0,125.0,1,1,12.52,0.86,1.24,0.000,0.000,0.000,0.000,0.100,0.100,0.100,1,4.2,24.8,763,590,1,0,1,0,16,416,115,0
25.60,climb_cruise,527.1,527.1,29000.4,-38011,-30.37,30.04,65.82,17.86,15.0,125.0,1,1,12.53,0.86,1.24,0.000,0.000,0.000,0.000,0.100,0.100,0.100,1,4.2,24.7,763,590,1,0,1,0,16,416,114,0
25.62,climb_cruise,527.3,527.3,28987.7,-37908,-30.17,29.98,65.99,17.88,15.0,125.0,1,1,12.54,0.87,1.24,0.000,0.000,0.000,0.000,0.100,0.100,0.100,1,4.2,24.6,763,590,1,0,1,0,16,416,115,0
25.64,climb_cruise,527.4,527.4,28975.1,-37804,-29.96,29.91,66.16,17.90,15.0,125.0,1,1,12.55,0.87,1.24,0.000,0.000,0.000,0.000,0.100,0.100,0.100,1,4.2,24.5,763,590,1,0,1,0,16,416,115,0
25.66,climb_cruise,527.5,527.5,28962.5,-37699,-29.76,29.84,66.33,17.92,15.0,125.0,1,1,12.56,0.87,1.24,0.000,0.000,0.000,0.000,0.100,0.100,0.100,1,4.2,24.5,763,590,1,0,1,0,16,416,115,0
25.68,climb_cruise,527.7,527.7,28950.0,-37593,-29.55,29.78,66.50,17.94,15.0,125.0,1,1,12.57,0.88,1.24,0.000,0.000,0.000,0.000,0.100,0.100,0.100,1,4.2,24.4,763,590,1,0,1,0,16,416,115,0
25.70,climb_cruise,527.8,527.8,28937.5,-37487,-29.35,29.71,66.67,17.95,15.0,125.0,1,1,12.58,0.88,1.24,0.000,0.000,0.000,0.000,0.100,0.100,0.100,1,4.2,24.3,763,589,1,0,1,0,16,416,114,0
25.72,climb_cruise,528.0,528.0,28925.0,-37379,-29.14,29.65,66.83,17.97,15.0,125.0,1,1,12.59,0.88,1.24,0.000,0.000,0.000,0.000,0.100,0.100,0.100,1,4.2,24.2,763,589,1,0,1,0,16,416,116,0
25.74,climb_cruise,528.1,528.1,28912.5,-37271,-28.93,29.58,67.00,17.99,15.0,125.0,1,1,12.60,0.89,1.24,0.000,0.000,0.000,0.000,0.100,0.100,0.100,1,4.2,24.2,763,589,1,0,1,0,16,416,116,0
25.76,climb_cruise,528.2,528.2,28900.1,-37162,-28.73,29.52,67.17,18.01,15.0,125.0,1,1,12.61,0.89,1.24,0.000,0.000,0.000,0.000,0.100,0.100,0.100,1,4.2,24.1,763,589,1,0,1,0,16,416,115,0
25.78,climb_cruise,528.4,528.4,28887.7,-37052,-28.52,29.46,67.33,18.03,15.0,125.0,1,1,12.62,0.89,1.24,0.000,0.000,0.000,0.000,0.100,0.100,0.100,1,4.2,24.0,763,589,1,0,1,0,16,416,115,0
25.80,climb_cruise,528.5,528.5,28875.4,-36942,-28.31,29.40,67.50,18.05,15.0,125.0,1,1,12.63,0.90,1.24,0.000,0.000,0.000,0.000,0.100,0.100,0.100,1,4.2,23.9,763,589,1,0,1,0,16,416,115,0
25.82,climb_cruise,528.6,528.6,28863.1,-36831,-28.10,29.34,67.67,18.06,15.0,125.0,1,1,12.64,0.90,1.24,0.000,0.000,0.000,0.000,0.100,0.100,0.100,1,4.1,23.9,763,588,1,0,1,0,16,416,115,0
25.84,climb_cruise,528.8,528.8,28850.8,-36718,-27.89,29.28,67.83,18.08,15.0,125.0,1,1,12.65,0.90,1.24,0.000,0.000,0.000,0.000,0.100,0.100,0.100,1,4.1,23.8,763,588,1,0,1,0,16,416,116,0
25.86,climb_cruise,528.9,528.9,28838.6,-36605,-27.69,29.22,67.99,18.10,15.0,125.0,1,1,12.66,0.91,1.25,0.000,0.000,0.000,0.000,0.100,0.100,0.100,1,4.1,23.7,763,588,1,0,1,0,16,416,116,0
25.88,climb_cruise,529.0,529.0,28826.4,-36492,-27.48,29.16,68.16,18.12,15.0,125.0,1,1,12.67,0.91,1.25,0.000,0.000,0.000,0.000,0.100,0.100,0.100,1,4.1,23.7,763,588,1,0,1,0,16,416,116,0
25.90,climb_cruise,529.2,529.2,28814.3,-36377,-27.27,29.11,68.32,18.14,15.0,125.0,1,1,12.68,0.91,1.25,0.000,0.000,0.000,0.000,0.100,0.100,0.100,1,4.1,23.6,763,588,1,0,1,0,16,416,115,0
25.92,climb_cruise,529.3,529.3,28802.2,-36261,-27.06,29.05,68.49,18.16,15.0,125.0,1,1,12.69,0.92,1.25,0.000,0.000,0.000,0.000,0.100,0.100,0.100,1,4.1,23.5,763,588,1,0,1,0,16,416,116,0
25.94,climb_cruise,529.4,529.4,28790.1,-36145,-26.85,28.99,68.65,18.18,15.0,125.0,1,1,12.70,0.92,1.25,0.000,0.000,0.000,0.000,0.100,0.100,0.100,1,4.1,23.5,763,587,1,0,1,0,16,416,114,0
25.96,climb_cruise,529.5,529.5,28778.1,-36028,-26.64,28.94,68.81,18.19,15.0,125.0,1,1,12.71,0.92,1.25,0.000,0.000,0.000,0.000,0.100,0.100,0.100,1,4.1,23.4,763,587,1,0,1,0,16,416,114,0
25.98,climb_cruise,529.7,529.7,28766.1,-35910,-26.43,28.89,68.97,18.21,15.0,125.0,1,1,12.72,0.93,1.25,0.000,0.000,0.000,0.000,0.100,0.100,0.100,1,4.1,23.4,763,587,1,0,1,0,16,416,115,0
26.00,climb_cruise,529.8,529.8,28754.1,-35792,-26.22,28.83,69.13,18.23,15.0,125.0,1,1,12.73,0.93,1.25,0.000,0.000,0.000,0.000,0.100,0.100,0.100,1,4.1,23.3,763,587,1,0,1,0,16,416,115,0
26.02,climb_cruise,529.9,529.9,28742.2,-35672,-26.01,28.78,69.29,18.25,15.0,125.0,1,1,12.74,0.93,1.25,0.000,0.000,0.000,0.000,0.100,0.100,0.100,1,4.1,23.2,763,587,1,0,1,0,16,416,115,0
26.04,climb_cruise,530.0,530.0,28730.3,-35552,-25.79,28.73,69.46,18.27,15.0,125.0,1,1,12.75,0.94,1.25,0.000,0.000,0.000,0.000,0.100,0.100,0.100,1,4.1,23.2,763,587,1,0,1,0,16,416,115,0
26.06,climb_cruise,530.1,530.1,28718.5,-35431,-25.58,28.68,69.62,18.29,15.0,125.0,1,1,12.76,0.94,1.25,0.000,0.000,0.000,0.000,0.100,0.100,0.100,1,4.1,23.1,763,587,1,0,1,0,16,416,114,0
26.08,climb_cruise,530.3,530.3,28706.7,-35309,-25.37,28.63,69.78,18.31,15.0,125.0,1,1,12.77,0.94,1.25,0.000,0.000,0.000,0.000,0.100,0.100,0.100,1,4.0,23.1,763,587,1,0,1,0,16,416,114,0
26.10,climb_cruise,530.4,530.4,28694.9,-35186,-25.16,28.58,69.94,18.32,15.0,125.0,1,1,12.78,0.94,1.25,0.000,0.000,0.000,0.000,0.100,0.100,0.100,1,4.0,23.0,763,586,1,0,1,0,16,416,114,0
26.12,climb_cruise,530.5,530.5,28683.2,-35063,-24.95,28.53,70.09,18.34,15.0,125.0,1,1,12.79,0.95,1.26,0.000,0.000,0.000,0.000,0.100,0.100,0.100,1,4.0,23.0,763,586,1,0,1,0,16,416,115,0
26.14,climb_cruise,530.6,530.6,28671.5,-34939,-24.73,28.48,70.25,18.36,15.0,125.0,1,1,12.80,0.95,1.26,0.000,0.000,0.000,0.000,0.100,0.100,0.100,1,4.0,22.9,763,586,1,0,1,0,16,416,116,0
26.16,climb_cruise,530.7,530.7,28659.9,-34814,-24.52,28.44,70.41,18.38,15.0,125.0,1,1,12.81,0.95,1.26,0.000,0.000,0.000,0.000,0.100,0.100,0.100,1,4.0,22.9,763,586,1,0,1,0,16,416,114,0
26.18,climb_cruise,530.8,530.8,28648.3,-34688,-24.31,28.39,70.57,18.40,15.0,125.0,1,1,12.81,0.96,1.26,0.000,0.000,0.000,0.000,0.100,0.100,0.100,1,4.0,22.8,763,586,1,0,1,0,16,416,116,0
26.20,climb_cruise,531.0,531.0,28636.8,-34561,-24.09,28.34,70.73,18.42,15.0,125.0,1,1,12.82,0.96,1.26,0.000,0.000,0.000,0.000,0.100,0.100,0.100,1,4.0,22.8,763,586,1,0,1,0,16,416,116,0
26.22,climb_cruise,531.1,531.1,28625.3,-34434,-23.88,28.30,70.89,18.44,15.0,125.0,1,1,12.83,0.96,1.26,0.000,0.000,0.000,0.000,0.100,0.100,0.100,1,4.0,22.7,763,586,1,0,1,0,16,416,115,0
26.24,climb_cruise,531.2,531.2,28613.8,-34306,-23.66,28.25,71.04,18.45,15.0,125.0,1,1,12.84,0.97,1.26,0.000,0.000,0.000,0.000,0.100,0.100,0.100,1,4.0,22.7,763,586,1,0,1,0,16,416,115,0
26.26,climb_cruise,531.3,531.3,28602.4,-34177,-23.45,28.21,71.20,18.47,15.0,125.0,1,1,12.85,0.97,1.26,0.000,0.000,0.000,0.000,0.100,0.100,0.100,1,4.0,22.6,763,585,1,0,1,0,16,416,114,0
26.28,climb_cruise,531.4,531.4,28591.0,-34047,-23.23,28.17,71.36,18.49,15.0,125.0,1,1,12.86,0.97,1.26,0.000,0.000,0.000,0.000,0.100,0.100,0.100,1,4.0,22.6,763,585,1,0,1,0,16,416,116,0
26.30,climb_cruise,531.5,531.5,28579.7,-33916,-23.02,28.13,71.51,18.51,15.0,125.0,1,1,12.87,0.97,1.26,0.000,0.000,0.000,0.000,0.100,0.100,0.100,1,4.0,22.5,763,585,1,0,1,0,16,416,115,0
26.32,climb_cruise,531.6,531.6,28568.4,-33785,-22.80,28.09,71.67,18.53,15.0,125.0,1,1,12.88,0.98,1.26,0.000,0.000,0.000,0.000,0.100,0.100,0.100,1,3.9,22.5,763,585,1,0,1,0,16,416,116,0
26.34,climb_cruise,531.7,531.7,28557.1,-33653,-22.59,28.04,71.82,18.55,15.0,125.0,1,1,12.89,0.98,1.27,0.000,0.000,0.000,0.000,0.100,0.100,0.100,1,3.9,22.5,763,585,1,0,1,0,16,416,116,0
26.36,climb_cruise,531.8,531.8,28545.9,-33520,-22.37,28.00,71.98,18.56,15.0,125.0,1,1,12.90,0.98,1.27,0.000,0.000,0.000,0.000,0.100,0.100,0.100,1,3.9,22.4,763,585,1,0,1,0,16,416,114,0
26.38,climb_cruise,531.9,531.9,28534.8,-33386,-22.16,27.97,72.13,18.58,15.0,125.0,1,1,12.91,0.99,1.27,0.000,0.000,0.000,0.000,0.100,0.100,0.100,1,3.9,22.4,763,585,1,0,1,0,16,416,115,0
26.40,climb_cruise,532.0,532.0,28523.7,-33252,-21.94,27.93,72.29,18.60,15.0,125.0,1,1,12.92,0.99,1.27,0.000,0.000,0.000,0.000,0.100,0.100,0.100,1,3.9,22.3,763,585,1,0,1,0,16,416,114,0
26.42,climb_cruise,532.1,532.1,28512.6,-33117,-21.72,27.89,72.44,18.62,15.0,125.0,1,1,12.93,0.99,1.27,0.000,0.000,0.000,0.000,0.100,0.100,0.100,1,3.9,22.3,763,585,1,0,1,0,16,416,115,0
26.44,climb_cruise,532.2,532.2,28501.6,-32981,-21.51,27.85,72.60,18.64,15.0,125.0,1,1,12.94,0.99,1.27,0.000,0.000,0.000,0.000,0.100,0.100,0.100,1,3.9,22.2,763,585,1,0,1,0,16,416,116,0
26.46,climb_cruise,532.3,532.3,28490.6,-32844,-21.29,27.82,72.75,18.66,15.0,125.0,1,1,12.95,1.00,1.27,0.000,0.000,0.000,0.000,0.100,0.100,0.100,1,3.9,22.2,763,584,1,0,1,0,16,416,115,0
26.48,climb_cruise,532.4,532.4,28479.7,-32707,-21.07,27.78,72.91,18.68,15.0,125.0,1,1,12.96,1.00,1.27,0.000,0.000,0.000,0.000,0.100,0.100,0.100,1,3.9,22.2,763,584,1,0,1,0,16,416,116,0
26.50,climb_cruise,532.5,532.5,28468.8,-32568,-20.85,27.75,73.06,18.69,15.0,125.0,1,1,12.97,1.00,1.27,0.000,0.000,0.000,0.000,0.100,0.100,0.100,1,3.9,22.1,763,584,1,0,1,0,16,416,116,0
26.52,climb_cruise,532.6,532.6,28458.0,-32429,-20.64,27.71,73.21,18.71,15.0,125.0,1,1,12.98,1.00,1.28,0.000,0.000,0.000,0.000,0.100,0.100,0.100,1,3.9,22.1,763,584,1,0,1,0,16,416,116,0
26.54,climb_cruise,532.7,532.7,28447.2,-32290,-20.42,27.68,73.37,18.73,15.0,125.0,1,1,12.99,1.01,1.28,0.000,0.000,0.000,0.000,0.100,0.100,0.100,1,3.9,22.1,763,584,1,0,1,0,16,416,114,0
26.56,climb_cruise,532.8,532.8,28436.4,-32149,-20.20,27.65,73.52,18.75,15.0,125.0,1,1,12.99,1.01,1.28,0.000,0.000,0.000,0.000,0.100,0.100,0.100,1,3.9,22.0,763,584,1,0,1,0,16,416,115,0
26.58,climb_cruise,532.9,532.9,28425.7,-32008,-19.98,27.61,73.67,18.77,15.0,125.0,1,1,13.00,1.01,1.28,0.000,0.000,0.000,0.000,0.100,0.100,0.100,1,3.8,22.0,763,584,1,0,1,0,16,416,116,0
26.60,climb_cruise,533.0,533.0,28415.1,-31866,-19.76,27.58,73.82,18.79,15.0,125.0,1,1,13.01,1.02,1.28,0.000,0.000,0.000,0.000,0.100,0.100,0.100,1,3.8,22.0,763,584,1,0,1,0,16,416,116,0
26.62,climb_cruise,533.1,533.1,28404.5,-31723,-19.54,27.55,73.98,18.81,15.0,125.0,1,1,13.02,1.02,1.28,0.000,0.000,0.000,0.000,0.100,0.100,0.100,1,3.8,21.9,763,584,1,0,1,0,16,416,114,0
26.64,climb_cruise,533.2,533.2,28393.9,-31579,-19.32,27.52,74.13,18.82,15.0,125.0,1,1,13.03,1.02,1.28,0.000,0.000,0.000,0.000,0.100,0.100,0.100,1,3.8,21.9,763,584,1,0,1,0,16,416,115,0
26.66,climb_cruise,533.3,533.3,28383.4,-31435,-19.10,27.49,74.28,18.84,15.0,125.0,1,1,13.04,1.02,1.28,0.000,0.000,0.000,0.000,0.100,0.100,0.100,1,3.8,21.9,763,584,1,0,1,0,16,416,114,0
26.68,climb_cruise,533.3,533.3,28372.9,-31290,-18.88,27.46,74.43,18.86,15.0,125.0,1,1,13.05,1.03,1.29,0.000,0.000,0.000,0.000,0.100,0.100,0.100,1,3.8,21.8,763,583,1,0,1,0,16,416,116,0
26.70,climb_cruise,533.4,533.4,28362.5,-31144,-18.66,27.43,74.58,18.88,15.0,125.0,1,1,13.06,1.03,1.29,0.000,0.000,0.000,0.000,0.100,0.100,0.100,1,3.8,21.8,763,583,1,0,1,0,16,416,114,0
26.72,climb_cruise,533.5,533.5,28352.2,-30997,-18.44,27.41,74.73,18.90,15.0,125.0,1,1,13.07,1.03,1.29,0.000,0.000,0.000,0.000,0.100,0.100,0.100,1,3.8,21.8,763,583,1,0,1,0,16,416,115,0
26.74,climb_cruise,533.6,533.6,28341.8,-30850,-18.22,27.38,74.88,18.92,15.0,125.0,1,1,13.08,1.04,1.29,0.000,0.000,0.000,0.000,0.100,0.100,0.100,1,3.8,21.7,763,583,1,0,1,0,16,416,114,0
26.76,climb_cruise,533.7,533.7,28331.6,-30702,-18.00,27.35,75.03,18.94,15.0,125.0,1,1,13.09,1.04,1.29,0.000,0.000,0.000,0.000,0.100,0.100,0.100,1,3.8,21.7,763,583,1,0,1,0,16,416,115,0
26.78,climb_cruise,533.8,533.8,28321.4,-30553,-17.78,27.33,75.19,18.95,15.0,125.0,1,1,13.10,1.04,1.29,0.000,0.000,0.000,0.000,0.100,0.100,0.100,1,3.8,21.7,763,583,1,0,1,0,16,416,115,0
26.80,climb_cruise,533.8,533.8,28311.2,-30404,-17.56,27.30,75.34,18.97,15.0,125.0,1,1,13.10,1.04,1.29,0.000,0.000,0.000,0.000,0.100,0.100,0.100,1,3.8,21.6,763,583,1,0,1,0,16,416,115,0
26.82,climb_cruise,533.9,533.9,28301.1,-30254,-17.34,27.28,75.49,18.99,15.0,125.0,1,1,13.11,1.05,1.29,0.000,0.000,0.000,0.000,0.100,0.100,0.100,1,3.8,21.6,763,583,1,0,1,0,16,416,115,0
26.84,climb_cruise,534.0,534.0,28291.0,-30103,-17.12,27.26,75.64,19.01,15.0,125.0,1,1,13.12,1.05,1.30,0.000,0.000,0.000,0.000,0.100,0.100,0.100,1,3.7,21.6,763,583,1,0,1,0,16,416,115,0
26.86,climb_cruise,534.1,534.1,28281.0,-29951,-16.90,27.23,75.79,19.03,15.0,125.0,1,1,13.13,1.05,1.30,0.000,0.000,0.000,0.000,0.100,0.100,0.100,1,3.7,21.6,763,583,1,0,1,0,16,416,115,0
26.88,climb_cruise,534.1,534.1,28271.0,-29799,-16.68,27.21,75.94,19.05,15.0,125.0,1,1,13.14,1.05,1.30,0.000,0.000,0.000,0.000,0.100,0.100,0.100,1,3.7,21.5,763,583,1,0,1,0,16,416,115,0
26.90,climb_cruise,534.2,534.2,28261.1,-29646,-16.45,27.19,76.08,19.07,15.0,125.0,1,1,13.15,1.06,1.30,0.000,0.000,0.000,0.000,0.100,0.100,0.100,1,3.7,21.5,763,583,1,0,1,0,16,416,115,0
26.92,climb_cruise,534.3,534.3,28251.3,-29492,-16.23,27.17,76.23,19.08,15.0,125.0,1,1,13.16,1.06,1.30,0.000,0.000,0.000,0.000,0.100,0.100,0.100,1,3.7,21.5,763,583,1,0,1,0,16,416,114,0
26.94,climb_cruise,534.4,534.4,28241.5,-29338,-16.01,27.15,76.38,19.10,15.0,125.0,1,1,13.17,1.06,1.30,0.000,0.000,0.000,0.000,0.100,0.100,0.100,1,3.7,21.5,763,583,1,0,1,0,16,416,115,0
26.96,climb_cruise,534.4,534.4,28231.7,-29182,-15.79,27.13,76.53,19.12,15.0,125.0,1,1,13.18,1.07,1.30,0.000,0.000,0.000,0.000,0.100,0.100,0.100,1,3.7,21.4,763,583,1,0,1,0,16,416,116,0
26.98,climb_cruise,534.5,534.5,28222.0,-29026,-15.56,27.11,76.68,19.14,15.0,125.0,1,1,13.18,1.07,1.31,0.000,0.000,0.000,0.000,0.100,0.100,0.100,1,3.7,21.4,763,582,1,0,1,0,16,416,116,0
27.00,climb_cruise,534.6,534.6,28212.3,-28870,-15.34,27.09,76.83,19.16,15.0,125.0,1,1,13.19,1.07,1.31,0.000,0.000,0.000,0.000,0.100,0.100,0.100,1,3.7,21.4,763,582,1,0,1,0,16,416,115,0
27.02,climb_cruise,534.6,534.6,28202.7,-28713,-15.12,27.07,76.98,19.18,15.0,125.0,1,1,13.20,1.07,1.31,0.000,0.000,0.000,0.000,0.100,0.100,0.100,1,3.7,21.4,763,582,1,0,1,0,16,416,116,0
27.04,climb_cruise,534.7,534.7,28193.2,-28555,-14.89,27.06,77.13,19.19,15.0,125.0,1,1,13.21,1.08,1.31,0.000,0.000,0.000,0.000,0.100,0.100,0.100,1,3.7,21.3,763,582,1,0,1,0,16,416,115,0
27.06,climb_cruise,534.8,534.8,28183.7,-28396,-14.67,27.04,77.28,19.21,15.0,125.0,1,1,13.22,1.08,1.31,0.000,0.000,0.000,0.000,0.100,0.100,0.100,1,3.7,21.3,763,582,1,0,1,0,16,416,115,0
27.08,climb_cruise,534.8,534.8,28174.2,-28237,-14.45,27.02,77.42,19.23,15.0,125.0,1,1,13.23,1.08,1.31,0.000,0.000,0.000,0.000,0.100,0.100,0.100,1,3.7,21.3,763,582,1,0,1,0,16,416,116,0
27.10,climb_cruise,534.9,534.9,28164.8,-28076,-14.22,27.01,77.57,19.25,15.0,125.0,1,1,13.24,1.09,1.32,0.000,0.000,0.000,0.000,0.100,0.100,0.100,1,3.7,21.3,763,582,1,0,1,0,16,416,114,0
27.12,climb_cruise,534.9,534.9,28155.5,-27916,-14.00,27.00,77.72,19.27,15.0,125.0,1,1,13.25,1.09,1.32,0.000,0.000,0.000,0.000,0.100,0.100,0.100,1,3.6,21.3,763,582,1,0,1,0,16,416,115,0
27.14,climb_cruise,535.0,535.0,28146.2,-27754,-13.77,26.98,77.87,19.29,15.0,125.0,1,1,13.25,1.09,1.32,0.000,0.000,0.000,0.000,0.100,0.100,0.100,1,3.6,21.2,763,582,1,0,1,0,16,416,115,0
27.16,climb_cruise,535.1,535.1,28137.0,-27592,-13.55,26.97,78.02,19.31,15.0,125.0,1,1,13.26,1.09,1.32,0.000,0.000,0.000,0.000,0.100,0.100,0.100,1,3.6,21.2,763,582,1,0,1,0,16,416,115,0
27.18,climb_cruise,535.1,535.1,28127.8,-27430,-13.33,26.96,78.17,19.32,15.0,125.0,1,1,13.27,1.10,1.32,0.000,0.000,0.000,0.000,0.100,0.100,0.100,1,3.6,21.2,763,582,1,0,1,0,16,416,115,0
27.20,climb_cruise,535.2,535.2,28118.7,-27266,-13.10,26.94,78.31,19.34,15.0,125.0,1,1,13.28,1.10,1.32,0.000,0.000,0.000,0.000,0.100,0.100,0.100,1,3.6,21.2,763,582,1,0,1,0,16,416,115,0
27.22,climb_cruise,535.2,535.2,28109.6,-27102,-12.88,26.93,78.46,19.36,15.0,125.0,1,1,13.29,1.10,1.33,0.000,0.000,0.000,0.000,0.100,0.100,0.100,1,3.6,21.1,763,582,1,0,1,0,16,416,115,0
27.24,climb_cruise,535.3,535.3,28100.6,-26937,-12.65,26.92,78.61,19.38,15.0,125.0,1,1,13.30,1.11,1.33,0.000,0.000,0.000,0.000,0.100,0.100,0.100,1,3.6,21.1,763,582,1,0,1,0,16,416,115,0
27.26,climb_cruise,535.3,535.3,28091.6,-26772,-12.43,26.91,78.76,19.40,15.0,125.0,1,1,13.31,1.11,1.33,0.000,0.000,0.000,0.000,0.100,0.100,0.100,1,3.6,21.1,763,582,1,0,1,0,16,416,116,0
27.28,climb_cruise,535.4,535.4,28082.7,-26606,-12.20,26.90,78.90,19.42,15.0,125.0,1,1,13.31,1.11,1.33,0.000,0.000,0.000,0.000,0.100,0.100,0.100,1,3.6,21.1,763,582,1,0,1,0,16,416,115,0
27.30,climb_cruise,535.4,535.4,28073.9,-26439,-11.97,26.89,79.05,19.44,15.0,125.0,1,1,13.32,1.11,1.33,0.000,0.000,0.000,0.000,0.100,0.100,0.100,1,3.6,21.1,763,582,1,0,1,0,16,416,116,0
27.32,climb_cruise,535.5,535.5,28065.1,-26272,-11.75,26.89,79.20,19.45,15.0,125.0,1,1,13.33,1.12,1.33,0.000,0.000,0.000,0.000,0.100,0.100,0.100,1,3.6,21.1,763,582,1,0,1,0,16,416,116,0
27.34,climb_cruise,535.5,535.5,28056.4,-26104,-11.52,26.88,79.35,19.47,15.0,125.0,1,1,13.34,1.12,1.34,0.000,0.000,0.000,0.000,0.100,0.100,0.100,1,3.6,21.0,763,582,1,0,1,0,16,416,114,0
27.36,climb_cruise,535.6,535.6,28047.7,-25935,-11.30,26.87,79.49,19.49,15.0,125.0,1,1,13.35,1.12,1.34,0.000,0.000,0.000,0.000,0.100,0.100,0.100,1,3.6,21.0,763,581,1,0,1,0,16,416,116,0
27.38,climb_cruise,535.6,535.6,28039.1,-25766,-11.07,26.87,79.64,19.51,15.0,125.0,1,1,13.36,1.13,1.34,0.000,0.000,0.000,0.000,0.100,0.100,0.100,1,3.5,21.0,763,581,1,0,1,0,16,416,115,0
27.40,climb_cruise,535.6,535.6,28030.5,-25596,-10.84,26.86,79.79,19.53,15.0,125.0,1,1,13.36,1.13,1.34,0.000,0.000,0.000,0.000,0.100,0.100,0.100,1,3.5,21.0,763,581,1,0,1,0,16,416,115,0
27.42,climb_cruise,535.7,535.7,28022.0,-25426,-10.62,26.86,79.94,19.55,15.0,125.0,1,1,13.37,1.13,1.34,0.000,0.000,0.000,0.000,0.100,0.100,0.100,1,3.5,21.0,763,581,1,0,1,0,16,416,115,0
27.44,climb_cruise,535.7,535.7,28013.5,-25255,-10.39,26.85,80.08,19.57,15.0,125.0,1,1,13.38,1.13,1.34,0.000,0.000,0.000,0.000,0.100,0.100,0.100,1,3.5,21.0,763,581,1,0,1,0,16,416,115,0
27.46,climb_cruise,535.8,535.8,28005.1,-25083,-10.16,26.85,80.23,19.58,15.0,125.0,1,1,13.39,1.14,1.35,0.000,0.000,0.000,0.000,0.100,0.100,0.100,1,3.5,20.9,763,581,1,0,1,0,16,416,114,0
27.48,climb_cruise,535.8,535.8,27996.8,-24911,-9.94,26.85,80.38,19.60,15.0,125.0,1,1,13.40,1.14,1.35,0.000,0.000,0.000,0.000,0.100,0.100,0.100,1,3.5,20.9,763,581,1,0,1,0,16,416,114,0
27.50,climb_cruise,535.8,535.8,27988.5,-24738,-9.71,26.84,80.53,19.62,15.0,125.0,1,1,13.40,1.14,1.35,0.000,0.000,0.000,0.000,0.100,0.100,0.100,1,3.5,20.9,763,581,1,0,1,0,16,416,115,0
27.52,climb_cruise,535.9,535.9,27980.3,-24564,-9.48,26.84,80.67,19.64,15.0,125.0,1,1,13.41,1.15,1.35,0.000,0.000,0.000,0.000,0.100,0.100,0.100,1,3.5,20.9,763,581,1,0,1,0,16,416,115,0
27.54,climb_cruise,535.9,535.9,27972.1,-24390,-9.26,26.84,80.82,19.66,15.0,125.0,1,1,13.42,1.15,1.35,0.000,0.000,0.000,0.000,0.100,0.100,0.100,1,3.5,20.9,763,581,1,0,1,0,16,416,114,0
27.56,climb_cruise,535.9,535.9,27964.0,-24215,-9.03,26.84,80.97,19.68,15.0,125.0,1,1,13.43,1.15,1.36,0.000,0.000,0.000,0.000,0.100,0.100,0.100,1,3.5,20.9,763,581,1,0,1,0,16,416,115,0
27.58,climb_cruise,536.0,536.0,27956.0,-24040,-8.80,26.84,81.11,19.69,15.0,125.0,1,1,13.44,1.16,1.36,0.000,0.000,0.000,0.000,0.100,0.100,0.100,1,3.5,20.8,763,581,1,0,1,0,16,416,115,0
27.60,climb_cruise,536.0,536.0,27948.0,-23864,-8.57,26.84,81.26,19.71,15.0,125.0,1,1,13.44,1.16,1.36,0.000,0.000,0.000,0.000,0.100,0.100,0.100,1,3.5,20.8,763,581,1,0,1,0,16,416,114,0
27.62,climb_cruise,536.0,536.0,27940.0,-23688,-8.35,26.84,81.41,19.73,15.0,125.0,1,1,13.45,1.16,1.36,0.000,0.000,0.000,0.000,0.100,0.100,0.100,1,3.5,20.8,763,581,1,0,1,0,16,416,115,0
27.64,climb_cruise,536.1,536.1,27932.2,-23511,-8.12,26.84,81.56,19.75,15.0,125.0,1,1,13.46,1.16,1.36,0.000,0.000,0.000,0.000,0.100,0.100,0.100,1,3.5,20.8,763,581,1,0,1,0,16,416,116,0
27.66,climb_cruise,536.1,536.1,27924.4,-23333,-7.89,26.85,81.70,19.77,15.0,125.0,1,1,13.47,1.17,1.37,0.000,0.000,0.000,0.000,0.100,0.100,0.100,1,3.5,20.8,763,581,1,0,1,0,16,416,114,0
27.68,climb_cruise,536.1,536.1,27916.6,-23155,-7.66,26.85,81.85,19.79,15.0,125.0,1,1,13.48,1.17,1.37,0.000,0.000,0.000,0.000,0.100,0.100,0.100,1,3.4,20.8,763,581,1,0,1,0,16,416,115,0
27.70,climb_cruise,536.1,536.1,27908.9,-22976,-7.43,26.86,82.00,19.81,15.0,125.0,1,1,13.48,1.17,1.37,0.000,0.000,0.000,0.000,0.100,0.100,0.100,1,3.4,20.8,763,581,1,0,1,0,16,416,115,0
27.72,climb_cruise,536.1,536.1,27901.3,-22797,-7.20,26.86,82.15,19.82,15.0,125.0,1,1,13.49,1.18,1.37,0.000,0.000,0.000,0.000,0.100,0.100,0.100,1,3.4,20.7,763,581,1,0,1,0,16,416,114,0
27.74,climb_cruise,536.2,536.2,27893.7,-22617,-6.98,26.87,82.29,19.84,15.0,125.0,1,1,13.50,1.18,1.37,0.000,0.000,0.000,0.000,0.100,0.100,0.100,1,3.4,20.7,763,581,1,0,1,0,16,416,116,0
27.76,climb_cruise,536.2,536.2,27886.2,-22436,-6.75,26.87,82.44,19.86,15.0,125.0,1,1,13.51,1.18,1.38,0.000,0.000,0.000,0.000,0.100,0.100,0.100,1,3.4,20.7,763,581,1,0,1,0,16,416,115,0
27.78,climb_cruise,536.2,536.2,27878.7,-22255,-6.52,26.88,82.59,19.88,15.0,125.0,1,1,13.51,1.19,1.38,0.000,0.000,0.000,0.000,0.100,0.100,0.100,1,3.4,20.7,763,581,1,0,1,0,16,416,114,0
27.80,climb_cruise,536.2,536.2,27871.3,-22074,-6.29,26.88,82.74,19.90,15.0,125.0,1,1,13.52,1.19,1.38,0.000,0.000,0.000,0.000,0.100,0.100,0.100,1,3.4,20.7,763,581,1,0,1,0,16,416,114,0
27.82,climb_cruise,536.2,536.2,27864.0,-21892,-6.06,26.89,82.89,19.92,15.0,125.0,1,1,13.53,1.19,1.38,0.000,0.000,0.000,0.000,0.100,0.100,0.100,1,3.4,20.7,763,581,1,0,1,0,16,416,114,0
27.84,climb_cruise,536.3,536.3,27856.7,-21709,-5.83,26.90,83.03,19.94,15.0,125.0,1,1,13.54,1.20,1.38,0.000,0.000,0.000,0.000,0.100,0.100,0.100,1,3.4,20.7,763,581,1,0,1,0,16,416,114,0
27.86,climb_cruise,536.3,536.3,27849.5,-21526,-5.60,26.91,83.18,19.95,15.0,125.0,1,1,13.54,1.20,1.39,0.000,0.000,0.000,0.000,0.100,0.100,0.100,1,3.4,20.7,763,581,1,0,1,0,16,416,115,0
27.88,climb_cruise,536.3,536.3,27842.4,-21342,-5.37,26.92,83.33,19.97,15.0,125.0,1,1,13.55,1.20,1.39,0.000,0.000,0.000,0.000,0.100,0.100,0.100,1,3.4,20.7,763,581,1,0,1,0,16,416,115,0
27.90,climb_cruise,536.3,536.3,27835.3,-21158,-5.14,26.93,83.48,19.99,15.0,125.0,1,1,13.56,1.21,1.39,0.000,0.000,0.000,0.000,0.100,0.100,0.100,1,3.4,20.6,763,581,1,0,1,0,16,416,115,0
27.92,climb_cruise,536.3,536.3,27828.2,-20974,-4.92,26.94,83.63,20.01,15.0,125.0,1,1,13.57,1.21,1.39,0.000,0.000,0.000,0.000,0.100,0.100,0.100,1,3.4,20.6,763,581,1,0,1,0,16,416,114,0
27.94,climb_cruise,536.3,536.3,27821.3,-20789,-4.69,26.95,83.77,20.03,15.0,125.0,1,1,13.57,1.21,1.40,0.000,0.000,0.000,0.000,0.100,0.100,0.100,1,3.4,20.6,763,580,1,0,1,0,16,416,115,0
27.96,climb_cruise,536.3,536.3,27814.4,-20603,-4.46,26.97,83.92,20.05,15.0,125.0,1,1,13.58,1.22,1.40,0.000,0.000,0.000,0.000,0.100,0.100,0.100,1,3.3,20.6,763,580,1,0,1,0,16,416,114,0
27.98,climb_cruise,536.3,536.3,27807.5,-20417,-4.23,26.98,84.07,20.07,15.0,125.0,1,1,13.59,1.22,1.40,0.000,0.000,0.000,0.000,0.100,0.100,0.100,1,3.3,20.6,763,580,1,0,1,0,16,416,114,0
28.00,climb_cruise,536.3,536.3,27800.7,-20230,-4.00,26.99,84.22,20.08,15.0,125.0,1,1,13.60,1.22,1.40,0.000,0.000,0.000,0.000,0.100,0.100,0.100,1,3.3,20.6,763,580,1,0,1,0,16,416,115,0
28.02,climb_cruise,536.3,536.3,27794.0,-20043,-3.77,27.01,84.37,20.10,15.0,125.0,1,1,13.60,1.23,1.41,0.000,0.000,0.000,0.000,0.100,0.100,0.100,1,3.3,20.6,763,580,1,0,1,0,16,416,114,0
28.04,climb_cruise,536.3,536.3,27787.4,-19855,-3.54,27.02,84.52,20.12,15.0,125.0,1,1,13.61,1.23,1.41,0.000,0.000,0.000,0.000,0.100,0.100,0.100,1,3.3,20.6,763,580,1,0,1,0,16,416,116,0
28.06,climb_cruise,536.3,536.3,27780.8,-19667,-3.31,27.04,84.67,20.14,15.0,125.0,1,1,13.62,1.23,1.41,0.000,0.000,0.000,0.000,0.100,0.100,0.100,1,3.3,20.6,763,580,1,0,1,0,16,416,115,0
28.08,climb_cruise,536.3,536.3,27774.2,-19479,-3.08,27.05,84.82,20.16,15.0,125.0,1,1,13.62,1.24,1.41,0.000,0.000,0.000,0.000,0.100,0.100,0.100,1,3.3,20.6,763,580,1,0,1,0,16,416,116,0
28.10,climb_cruise,536.3,536.3,27767.8,-19290,-2.85,27.07,84.97,20.18,15.0,125.0,1,1,13.63,1.24,1.41,0.000,0.000,0.000,0.000,0.100,0.100,0.100,1,3.3,20.5,763,580,1,0,1,0,16,416,116,0
28.12,climb_cruise,536.3,536.3,27761.4,-19100,-2.62,27.09,85.12,20.20,15.0,125.0,1,1,13.64,1.24,1.42,0.000,0.000,0.000,0.000,0.100,0.100,0.100,1,3.3,20.5,763,580,1,0,1,0,16,416,116,0
28.14,climb_cruise,536.3,536.3,27755.0,-18911,-2.39,27.11,85.27,20.21,15.0,125.0,1,1,13.65,1.25,1.42,0.000,0.000,0.000,0.000,0.100,0.100,0.100,1,3.3,20.5,763,580,1,0,1,0,16,416,116,0
28.16,climb_cruise,536.3,536.3,27748.7,-18720,-2.16,27.13,85.42,20.23,15.0,125.0,1,1,13.65,1.25,1.42,0.000,0.000,0.000,0.000,0.100,0.100,0.100,1,3.3,20.5,763,580,1,0,1,0,16,416,115,0
28.18,climb_cruise,536.3,536.3,27742.5,-18529,-1.93,27.15,85.57,20.25,15.0,125.0,1,1,13.66,1.25,1.42,0.000,0.000,0.000,0.000,0.100,0.100,0.100,1,3.3,20.5,763,580,1,0,1,0,16,416,114,0
28.20,climb_cruise,536.3,536.3,27736.4,-18338,-1.70,27.17,85.72,20.27,15.0,125.0,1,1,13.67,1.26,1.43,0.000,0.000,0.000,0.000,0.100,0.100,0.100,1,3.3,20.5,763,580,1,0,1,0,16,416,115,0
28.22,climb_cruise,536.3,536.3,27730.3,-18147,-1.47,27.19,85.87,20.29,15.0,125.0,1,1,13.67,1.26,1.43,0.000,0.000,0.000,0.000,0.100,0.100,0.100,1,3.3,20.5,763,580,1,0,1,0,16,416,115,0
28.24,climb_cruise,536.2,536.2,27724.3,-17955,-1.24,27.21,86.02,20.31,15.0,125.0,1,1,13.68,1.26,1.43,0.000,0.000,0.000,0.000,0.100,0.100,0.100,1,3.3,20.5,763,580,1,0,1,0,16,416,115,0
28.26,climb_cruise,536.2,536.2,27718.3,-17762,-1.01,27.23,86.17,20.33,15.0,125.0,1,1,13.69,1.27,1.43,0.000,0.000,0.000,0.000,0.100,0.100,0.100,1,3.3,20.5,763,580,1,0,1,0,16,416,115,0
28.28,climb_cruise,536.2,536.2,27712.4,-17569,-0.78,27.25,86.32,20.34,15.0,125.0,1,1,13.69,1.27,1.44,0.000,0.000,0.000,0.000,0.100,0.100,0.100,1,3.2,20.5,763,580,1,0,1,0,16,416,116,0
28.30,climb_cruise,536.2,536.2,27706.6,-17376,-0.55,27.28,86.47,20.36,15.0,125.0,1,1,13.70,1.27,1.44,0.000,0.000,0.000,0.000,0.100,0.100,0.100,1,3.2,20.5,763,580,1,0,1,0,16,416,115,0
28.32,climb_cruise,536.2,536.2,27700.8,-17182,-0.32,27.30,86.62,20.38,15.0,125.0,1,1,13.71,1.28,1.44,0.000,0.000,0.000,0.000,0.100,0.100,0.100,1,3.2,20.4,763,580,1,0,1,0,16,416,115,0
28.34,climb_cruise,536.2,536.2,27695.1,-16988,-0.09,27.33,86.77,20.40,15.0,125.0,1,1,13.71,1.28,1.45,0.000,0.000,0.000,0.000,0.100,0.100,0.100,1,3.2,20.4,763,580,1,0,1,0,16,416,114,0
28.36,climb_cruise,536.1,536.1,27689.5,-16794,0.15,27.35,86.92,20.42,15.0,125.0,1,1,13.72,1.29,1.45,0.000,0.000,0.000,0.000,0.100,0.100,0.100,1,3.2,20.4,763,580,1,0,1,0,16,416,115,0
28.38,climb_cruise,536.1,536.1,27683.9,-16599,0.38,27.38,87.08,20.44,15.0,125.0,1,1,13.73,1.29,1.45,0.000,0.000,0.000,0.000,0.100,0.100,0.100,1,3.2,20.4,763,580,1,0,1,0,16,416,116,0
28.40,climb_cruise,536.1,536.1,27678.4,-16403,0.61,27.41,87.23,20.45,15.0,125.0,1,1,13.73,1.29,1.45,0.000,0.000,0.000,0.000,0.100,0.100,0.100,1,3.2,20.4,763,580,1,0,1,0,16,416,114,0
28.42,climb_cruise,536.1,536.1,27672.9,-16208,0.84,27.44,87.38,20.47,15.0,125.0,1,1,13.74,1.30,1.46,0.000,0.000,0.000,0.000,0.100,0.100,0.100,1,3.2,20.4,763,580,1,0,1,0,16,416,115,0
28.44,climb_cruise,536.0,536.0,27667.6,-16012,1.07,27.46,87.53,20.49,15.0,125.0,1,1,13.75,1.30,1.46,0.000,0.000,0.000,0.000,0.100,0.100,0.100,1,3.2,20.4,763,580,1,0,1,0,16,416,115,0
28.46,climb_cruise,536.0,536.0,27662.3,-15816,1.30,27.49,87.69,20.51,15.0,125.0,1,1,13.75,1.30,1.46,0.000,0.000,0.000,0.000,0.100,0.100,0.100,1,3.2,20.4,763,580,1,0,1,0,16,416,115,0
28.48,climb_cruise,536.0,536.0,27657.0,-15619,1.53,27.52,87.84,20.53,15.0,125.0,1,1,13.76,1.31,1.46,0.000,0.000,0.000,0.000,0.100,0.100,0.100,1,3.2,20.4,763,580,1,0,1,0,16,416,116,0
28.50,climb_cruise,535.9,535.9,27651.8,-15422,1.76,27.55,87.99,20.55,15.0,125.0,1,1,13.77,1.31,1.47,0.000,0.000,0.000,0.000,0.100,0.100,0.100,1,3.2,20.4,763,580,1,0,1,0,16,416,115,0
28.52,climb_cruise,535.9,535.9,27646.7,-15224,1.99,27.58,88.15,20.57,15.0,125.0,1,1,13.77,1.32,1.47,0.000,0.000,0.000,0.000,0.100,0.100,0.100,1,3.2,20.4,763,580,1,0,1,0,16,416,115,0
28.54,climb_cruise,535.9,535.9,27641.7,-15027,2.22,27.62,88.30,20.58,15.0,125.0,1,1,13.78,1.32,1.47,0.000,0.000,0.000,0.000,0.100,0.100,0.100,1,3.2,20.4,763,580,1,0,1,0,16,416,116,0
28.56,climb_cruise,535.8,535.8,27636.7,-14829,2.45,27.65,88.45,20.60,15.0,125.0,1,1,13.78,1.32,1.48,0.000,0.000,0.000,0.000,0.100,0.100,0.100,1,3.2,20.4,763,580,1,0,1,0,16,416,115,0
28.58,climb_cruise,535.8,535.8,27631.8,-14630,2.68,27.68,88.61,20.62,15.0,125.0,1,1,13.79,1.33,1.48,0.000,0.000,0.000,0.000,0.100,0.100,0.100,1,3.1,20.4,763,580,1,0,1,0,16,416,116,0
28.60,climb_cruise,535.8,535.8,27626.9,-14432,2.91,27.72,88.76,20.64,15.0,125.0,1,1,13.80,1.33,1.48,0.000,0.000,0.000,0.000,0.100,0.100,0.100,1,3.1,20.4,763,580,1,0,1,0,16,416,114,0
28.62,climb_cruise,535.7,535.7,27622.1,-14233,3.14,27.75,88.92,20.66,15.0,125.0,1,1,13.80,1.33,1.48,0.000,0.000,0.000,0.000,0.100,0.100,0.100,1,3.1,20.3,763,580,1,0,1,0,16,416,116,0
28.64,climb_cruise,535.7,535.7,27617.4,-14033,3.37,27.79,89.07,20.68,15.0,125.0,1,1,13.81,1.34,1.49,0.000,0.000,0.000,0.000,0.100,0.100,0.100,1,3.1,20.3,763,580,1,0,1,0,16,416,116,0
28.66,climb_cruise,535.6,535.6,27612.8,-13834,3.60,27.82,89.23,20.70,15.0,125.0,1,1,13.81,1.34,1.49,0.000,0.000,0.000,0.000,0.100,0.100,0.100,1,3.1,20.3,763,580,1,0,1,0,16,416,115,0
28.68,climb_cruise,535.6,535.6,27608.2,-13634,3.83,27.86,89.38,20.71,15.0,125.0,1,1,13.82,1.35,1.49,0.000,0.000,0.000,0.000,0.100,0.100,0.100,1,3.1,20.3,763,580,1,0,1,0,16,416,116,0
28.70,climb_cruise,535.6,535.6,27603.6,-13434,4.07,27.90,89.54,20.73,15.0,125.0,1,1,13.83,1.35,1.50,0.000,0.000,0.000,0.000,0.100,0.100,0.100,1,3.1,20.3,763,580,1,0,1,0,16,416,115,0
28.72,climb_cruise,535.5,535.5,27599.2,-13233,4.30,27.94,89.70,20.75,15.0,125.0,1,1,13.83,1.35,1.50,0.000,0.000,0.000,0.000,0.100,0.100,0.100,1,3.1,20.3,763,580,1,0,1,0,16,416,114,0
28.74,climb_cruise,535.5,535.5,27594.8,-13033,4.53,27.98,89.85,20.77,15.0,125.0,1,1,13.84,1.36,1.50,0.000,0.000,0.000,0.000,0.100,0.100,0.100,1,3.1,20.3,763,580,1,0,1,0,16,416,115,0
28.76,climb_cruise,535.4,535.4,27590.5,-12832,4.76,28.02,90.01,20.79,15.0,125.0,1,1,13.84,1.36,1.51,0.000,0.000,0.000,0.000,0.100,0.100,0.100,1,3.1,20.3,763,580,1,0,1,0,16,416,115,0
28.78,climb_cruise,535.4,535.4,27586.2,-12630,4.99,28.06,90.17,20.81,15.0,125.0,1,1,13.85,1.37,1.51,0.000,0.000,0.000,0.000,0.100,0.100,0.100,1,3.1,20.3,763,580,1,0,1,0,16,416,115,0
28.80,climb_cruise,535.3,535.3,27582.1,-12429,5.22,28.10,90.33,20.83,15.0,125.0,1,1,13.86,1.37,1.51,0.000,0.000,0.000,0.000,0.100,0.100,0.100,1,3.1,20.3,763,580,1,0,1,0,16,416,114,0
28.82,climb_cruise,535.3,535.3,27577.9,-12227,5.45,28.14,90.48,20.84,15.0,125.0,1,1,13.86,1.38,1.51,0.000,0.000,0.000,0.000,0.100,0.100,0.100,1,3.1,20.3,763,580,1,0,1,0,16,416,115,0
28.84,climb_cruise,535.2,535.2,27573.9,-12025,5.68,28.18,90.64,20.86,15.0,125.0,1,1,13.87,1.38,1.52,0.000,0.000,0.000,0.000,0.100,0.100,0.100,1,3.1,20.3,763,580,1,0,1,0,16,416,114,0
28.86,climb_cruise,535.1,535.1,27569.9,-11823,5.91,28.23,90.80,20.88,15.0,125.0,1,1,13.87,1.38,1.52,0.000,0.000,0.000,0.000,0.100,0.100,0.100,1,3.1,20.3,763,580,1,0,1,0,16,416,115,0
28.88,climb_cruise,535.1,535.1,27566.0,-11621,6.14,28.27,90.96,20.90,15.0,125.0,1,1,13.88,1.39,1.52,0.000,0.000,0.000,0.000,0.100,0.100,0.100,1,3.1,20.3,763,580,1,0,1,0,16,416,115,0
28.90,climb_cruise,535.0,535.0,27562.1,-11418,6.37,28.32,91.12,20.92,15.0,125.0,1,1,13.88,1.39,1.53,0.000,0.000,0.000,0.000,0.100,0.100,0.100,1,3.0,20.3,763,580,1,0,1,0,16,416,115,0
28.92,climb_cruise,535.0,535.0,27558.4,-11215,6.60,28.36,91.28,20.94,15.0,125.0,1,1,13.89,1.40,1.53,0.000,0.000,0.000,0.000,0.100,0.100,0.100,1,3.0,20.3,763,580,1,0,1,0,16,416,114,0
28.94,climb_cruise,534.9,534.9,27554.7,-11012,6.83,28.41,91.44,20.96,15.0,125.0,1,1,13.89,1.40,1.53,0.000,0.000,0.000,0.000,0.100,0.100,0.100,1,3.0,20.3,763,580,1,0,1,0,16,416,114,0
28.96,climb_cruise,534.8,534.8,27551.0,-10809,7.06,28.46,91.60,20.97,15.0,125.0,1,1,13.90,1.41,1.54,0.000,0.000,0.000,0.000,0.100,0.100,0.100,1,3.0,20.3,763,580,1,0,1,0,16,416,115,0
28.98,climb_cruise,534.8,534.8,27547.4,-10605,7.29,28.50,91.76,20.99,15.0,125.0,1,1,13.91,1.41,1.54,0.000,0.000,0.000,0.000,0.100,0.100,0.100,1,3.0,20.3,763,580,1,0,1,0,16,416,114,0
29.00,climb_cruise,534.7,534.7,27543.9,-10402,7.52,28.55,91.92,21.01,15.0,125.0,1,1,13.91,1.41,1.54,0.000,0.000,0.000,0.000,0.100,0.100,0.100,1,3.0,20.3,763,580,1,0,1,0,16,416,114,0
29.02,climb_cruise,534.6,534.6,27540.5,-10198,7.75,28.60,92.08,21.03,15.0,125.0,1,1,13.92,1.42,1.55,0.000,0.000,0.000,0.000,0.100,0.100,0.100,1,3.0,20.2,763,580,1,0,1,0,16,416,115,0
29.04,climb_cruise,534.6,534.6,27537.1,-9994,7.98,28.65,92.25,21.05,15.0,125.0,1,1,13.92,1.42,1.55,0.000,0.000,0.000,0.000,0.100,0.100,0.100,1,3.0,20.2,763,580,1,0,1,0,16,416,114,0
29.06,climb_cruise,534.5,534.5,27533.8,-9790,8.21,28.71,92.41,21.07,15.0,125.0,1,1,13.93,1.43,1.55,0.000,0.000,0.000,0.000,0.100,0.100,0.100,1,3.0,20.2,763,580,1,0,1,0,16,416,115,0
29.08,climb_cruise,534.4,534.4,27530.6,-9586,8.44,28.76,92.57,21.09,15.0,125.0,1,1,13.93,1.43,1.56,0.000,0.000,0.000,0.000,0.100,0.100,0.100,1,3.0,20.2,763,579,1,0,1,0,16,416,115,0
29.10,climb_cruise,534.4,534.4,27527.4,-9381,8.67,28.81,92.74,21.10,15.0,125.0,1,1,13.94,1.44,1.56,0.000,0.000,0.000,0.000,0.100,0.100,0.100,1,3.0,20.2,763,579,1,0,1,0,16,416,115,0
29.12,climb_cruise,534.3,534.3,27524.3,-9176,8.89,28.86,92.90,21.12,15.0,125.0,1,1,13.94,1.44,1.56,0.000,0.000,0.000,0.000,0.100,0.100,0.100,1,3.0,20.2,763,579,1,0,1,0,16,416,114,0
29.14,climb_cruise,534.2,534.2,27521.3,-8972,9.12,28.92,93.06,21.14,15.0,125.0,1,1,13.95,1.45,1.57,0.000,0.000,0.000,0.000,0.100,0.100,0.100,1,3.0,20.2,763,579,1,0,1,0,16,416,116,0
29.16,climb_cruise,534.1,534.1,27518.3,-8767,9.35,28.97,93.23,21.16,15.0,125.0,1,1,13.95,1.45,1.57,0.000,0.000,0.000,0.000,0.100,0.100,0.100,1,3.0,20.2,763,579,1,0,1,0,16,416,115,0
29.18,climb_cruise,534.1,534.1,27515.4,-8562,9.58,29.03,93.39,21.18,15.0,125.0,1,1,13.96,1.45,1.57,0.000,0.000,0.000,0.000,0.100,0.100,0.100,1,3.0,20.2,763,579,1,0,1,0,16,416,114,0
29.20,climb_cruise,534.0,534.0,27512.6,-8357,9.81,29.09,93.56,21.20,15.0,125.0,1,1,13.96,1.46,1.58,0.000,0.000,0.000,0.000,0.100,0.100,0.100,1,3.0,20.2,763,579,1,0,1,0,16,416,114,0
29.22,climb_cruise,533.9,533.9,27509.8,-8152,10.04,29.14,93.73,21.22,15.0,125.0,1,1,13.97,1.46,1.58,0.000,0.000,0.000,0.000,0.100,0.100,0.100,1,3.0,20.2,763,579,1,0,1,0,16,416,115,0
29.24,climb_cruise,533.8,533.8,27507.1,-7946,10.27,29.20,93.89,21.23,15.0,125.0,1,1,13.97,1.47,1.59,0.000,0.000,0.000,0.000,0.100,0.100,0.100,1,2.9,20.2,763,579,1,0,1,0,16,416,114,0
29.26,climb_cruise,533.7,533.7,27504.5,-7741,10.50,29.26,94.06,21.25,15.0,125.0,1,1,13.98,1.47,1.59,0.000,0.000,0.000,0.000,0.100,0.100,0.100,1,2.9,20.2,763,579,1,0,1,0,16,416,114,0
29.28,climb_cruise,533.6,533.6,27501.9,-7535,10.72,29.32,94.23,21.27,15.0,125.0,1,1,13.98,1.48,1.59,0.000,0.000,0.000,0.000,0.100,0.100,0.100,1,2.9,20.2,763,579,1,0,1,0,16,416,116,0
29.30,climb_cruise,533.6,533.6,27499.5,-7330,10.95,29.38,94.39,21.29,15.0,125.0,1,1,13.99,1.48,1.60,0.000,0.000,0.000,0.000,0.100,0.100,0.100,1,2.9,20.2,763,579,1,0,1,0,16,416,115,0
29.32,climb_cruise,533.5,533.5,27497.0,-7124,11.18,29.45,94.56,21.31,15.0,125.0,1,1,13.99,1.49,1.60,0.000,0.000,0.000,0.000,0.100,0.100,0.100,1,2.9,20.2,763,579,1,0,1,0,16,416,114,0
29.34,climb_cruise,533.4,533.4,27494.7,-6918,11.41,29.51,94.73,21.33,15.0,125.0,1,1,14.00,1.49,1.60,0.000,0.000,0.000,0.000,0.100,0.100,0.100,1,2.9,20.2,763,579,1,0,1,0,16,416,116,0
29.36,climb_cruise,533.3,533.3,27492.4,-6713,11.64,29.57,94.90,21.35,15.0,125.0,1,1,14.00,1.50,1.61,0.000,0.000,0.000,0.000,0.100,0.100,0.100,1,2.9,20.2,763,579,1,0,1,0,16,416,115,0
29.38,climb_cruise,533.2,533.2,27490.2,-6507,11.86,29.64,95.07,21.36,15.0,125.0,1,1,14.00,1.50,1.61,0.000,0.000,0.000,0.000,0.100,0.100,0.100,1,2.9,20.2,763,579,1,0,1,0,16,416,114,0
29.40,climb_cruise,533.1,533.1,27488.1,-6301,12.09,29.70,95.24,21.38,15.0,125.0,1,1,14.01,1.51,1.62,0.000,0.000,0.000,0.000,0.100,0.100,0.100,1,2.9,20.2,763,579,1,0,1,0,16,416,115,0
29.42,climb_cruise,533.0,533.0,27486.0,-6095,12.32,29.77,95.41,21.40,15.0,125.0,1,1,14.01,1.51,1.62,0.000,0.000,0.000,0.000,0.100,0.100,0.100,1,2.9,20.2,763,579,1,0,1,0,16,416,114,0
29.44,climb_cruise,532.9,532.9,27484.0,-5889,12.55,29.84,95.58,21.42,15.0,125.0,1,1,14.02,1.52,1.62,0.000,0.000,0.000,0.000,0.100,0.100,0.100,1,2.9,20.2,763,579,1,0,1,0,16,416,116,0
29.46,climb_cruise,532.8,532.8,27482.1,-5683,12.77,29.90,95.76,21.44,15.0,125.0,1,1,14.02,1.52,1.63,0.000,0.000,0.000,0.000,0.100,0.100,0.100,1,2.9,20.2,763,579,1,0,1,0,16,416,115,0
29.48,climb_cruise,532.7,532.7,27480.2,-5477,13.00,29.97,95.93,21.46,15.0,125.0,1,1,14.03,1.53,1.63,0.000,0.000,0.000,0.000,0.100,0.100,0.100,1,2.9,20.2,763,579,1,0,1,0,16,416,115,0
29.50,climb_cruise,532.6,532.6,27478.4,-5271,13.23,30.04,96.10,21.48,15.0,125.0,1,1,14.03,1.53,1.63,0.000,0.000,0.000,0.000,0.100,0.100,0.100,1,2.9,20.2,763,579,1,0,1,0,16,416,115,0
29.52,climb_cruise,532.5,532.5,27476.7,-5065,13.45,30.11,96.28,21.49,15.0,125.0,1,1,14.04,1.54,1.64,0.000,0.000,0.000,0.000,0.100,0.100,0.100,1,2.9,20.2,763,579,1,0,1,0,16,416,115,0
29.54,climb_cruise,532.4,532.4,27475.0,-4859,13.68,30.19,96.45,21.51,15.0,125.0,1,1,14.04,1.54,1.64,0.000,0.000,0.000,0.000,0.100,0.100,0.100,1,2.9,20.2,763,579,1,0,1,0,16,416,116,0
29.56,climb_cruise,532.3,532.3,27473.4,-4653,13.91,30.26,96.62,21.53,15.0,125.0,1,1,14.04,1.55,1.65,0.000,0.000,0.000,0.000,0.100,0.100,0.100,1,2.9,20.2,763,579,1,0,1,0,16,416,116,0
29.58,climb_cruise,532.2,532.2,27471.9,-4447,14.13,30.33,96.80,21.55,15.0,125.0,1,1,14.05,1.55,1.65,0.000,0.000,0.000,0.000,0.100,0.100,0.100,1,2.8,20.2,763,579,1,0,1,0,16,416,115,0
29.60,climb_cruise,532.1,532.1,27470.4,-4241,14.36,30.41,96.98,21.57,15.0,125.0,1,1,14.05,1.56,1.65,0.000,0.000,0.000,0.000,0.100,0.100,0.100,1,2.8,20.2,763,579,1,0,1,0,16,416,114,0
29.62,climb_cruise,532.0,532.0,27469.0,-4035,14.58,30.48,97.15,21.59,15.0,125.0,1,1,14.06,1.56,1.66,0.000,0.000,0.000,0.000,0.100,0.100,0.100,1,2.8,20.1,763,579,1,0,1,0,16,416,115,0
29.64,climb_cruise,531.9,531.9,27467.7,-3829,14.81,30.56,97.33,21.60,15.0,125.0,1,1,14.06,1.57,1.66,0.000,0.000,0.000,0.000,0.100,0.100,0.100,1,2.8,20.1,763,579,1,0,1,0,16,416,115,0
29.66,climb_cruise,531.7,531.7,27466.5,-3623,15.04,30.64,97.51,21.62,15.0,125.0,1,1,14.06,1.57,1.67,0.000,0.000,0.000,0.000,0.100,0.100,0.100,1,2.8,20.1,763,579,1,0,1,0,16,416,115,0
29.68,climb_cruise,531.6,531.6,27465.3,-3417,15.26,30.71,97.69,21.64,15.0,125.0,1,1,14.07,1.58,1.67,0.000,0.000,0.000,0.000,0.100,0.100,0.100,1,2.8,20.1,763,579,1,0,1,0,16,416,115,0
29.70,climb_cruise,531.5,531.5,27464.2,-3212,15.48,30.79,97.87,21.66,15.0,125.0,1,1,14.07,1.58,1.68,0.000,0.000,0.000,0.000,0.100,0.100,0.100,1,2.8,20.1,763,579,1,0,1,0,16,416,115,0
29.72,climb_cruise,531.4,531.4,27463.1,-3006,15.71,30.87,98.05,21.68,15.0,125.0,1,1,14.08,1.59,1.68,0.000,0.000,0.000,0.000,0.100,0.100,0.100,1,2.8,20.1,763,579,1,0,1,0,16,416,115,0
29.74,climb_cruise,531.3,531.3,27462.1,-2800,15.93,30.95,98.23,21.70,15.0,125.0,1,1,14.08,1.60,1.68,0.000,0.000,0.000,0.000,0.100,0.100,0.100,1,2.8,20.1,763,579,1,0,1,0,16,416,115,0
29.76,climb_cruise,531.2,531.2,27461.2,-2595,16.16,31.04,98.41,21.72,15.0,125.0,1,1,14.08,1.60,1.69,0.000,0.000,0.000,0.000,0.100,0.100,0.100,1,2.8,20.1,763,579,1,0,1,0,16,416,115,0
29.78,climb_cruise,531.0,531.0,27460.4,-2389,16.38,31.12,98.59,21.73,15.0,125.0,1,1,14.09,1.61,1.69,0.000,0.000,0.000,0.000,0.100,0.100,0.100,1,2.8,20.1,763,579,1,0,1,0,16,416,115,0
29.80,climb_cruise,530.9,530.9,27459.6,-2184,16.61,31.20,98.77,21.75,15.0,125.0,1,1,14.09,1.61,1.70,0.000,0.000,0.000,0.000,0.100,0.100,0.100,1,2.8,20.1,763,579,1,0,1,0,16,416,114,0
29.82,climb_cruise,530.8,530.8,27458.9,-1979,16.83,31.29,98.95,21.77,15.0,125.0,1,1,14.09,1.62,1.70,0.000,0.000,0.000,0.000,0.100,0.100,0.100,1,2.8,20.1,763,579,1,0,1,0,16,416,116,0
29.84,climb_cruise,530.7,530.7,27458.3,-1774,17.05,31.37,99.14,21.79,15.0,125.0,1,1,14.10,1.62,1.71,0.000,0.000,0.000,0.000,0.100,0.100,0.100,1,2.8,20.1,763,579,1,0,1,0,16,416,115,0
29.86,climb_cruise,530.5,530.5,27457.7,-1569,17.28,31.46,99.32,21.81,15.0,125.0,1,1,14.10,1.63,1.71,0.000,0.000,0.000,0.000,0.100,0.100,0.100,1,2.8,20.1,763,579,1,0,1,0,16,416,114,0
29.88,climb_cruise,530.4,530.4,27457.2,-1364,17.50,31.55,99.51,21.83,15.0,125.0,1,1,14.11,1.63,1.71,0.000,0.000,0.000,0.000,0.100,0.100,0.100,1,2.8,20.1,763,579,1,0,1,0,16,416,116,0
29.90,climb_cruise,530.3,530.3,27456.8,-1159,17.72,31.64,99.69,21.85,15.0,125.0,1,1,14.11,1.64,1.72,0.000,0.000,0.000,0.000,0.100,0.100,0.100,1,2.8,20.1,763,579,1,0,1,0,16,416,115,0
29.92,climb_cruise,530.1,530.1,27456.4,-955,17.94,31.73,99.88,21.86,15.0,125.0,1,1,14.11,1.65,1.72,0.000,0.000,0.000,0.000,0.100,0.100,0.100,1,2.8,20.1,763,579,1,0,1,0,16,416,116,0
29.94,climb_cruise,530.0,530.0,27456.2,-750,18.16,31.82,100.07,21.88,15.0,125.0,1,1,14.12,1.65,1.73,0.000,0.000,0.000,0.000,0.100,0.100,0.100,1,2.7,20.1,763,579,1,0,1,0,16,416,115,0
29.96,climb_cruise,529.9,529.9,27455.9,-546,18.39,31.91,100.25,21.90,15.0,125.0,1,1,14.07,1.66,1.73,0.000,0.000,0.000,0.000,0.100,0.100,0.100,1,2.7,20.1,763,579,1,0,1,0,16,416,115,0
29.98,climb_cruise,529.7,529.7,27455.8,-342,18.61,32.00,100.44,21.92,15.0,125.0,1,1,13.99,1.66,1.74,0.000,0.000,0.000,0.000,0.100,0.100,0.100,1,2.7,20.1,763,579,1,0,1,0,16,416,115,0