time_s,phase,airspeed_kts,groundSpeed_kts,altitude_ft,verticalSpeed_fpm,pitch_deg,roll_deg,yaw_deg,alpha_deg,stallAlpha_deg,stallSpeed_kts,stallWarning,stall,pitchRate_deg_s,rollRate_deg_s,yawRate_deg_s,ctrlElevator,ctrlAileron,ctrlRudder,ctrlThrottle,effElevator,effAileron,effRudder,motionEnabled,eng1_n1,eng2_n1,eng1_egt,eng2_egt,hydPress_psi,elecVolts,onGround
0.00,climb_cruise,454.1,454.1,34992.7,-376,6.51,-0.02,359.98,6.77,15.0,125.0,0,0,48.20,-0.90,-4.19,-0.198,-0.000,-0.000,1.000,0.100,0.100,0.100,1,93.2,93.2,792,791,316,114,0
0.02,climb_cruise,454.1,454.1,34992.5,-338,7.30,-0.07,359.87,7.61,15.0,125.0,0,0,27.95,-3.28,-7.63,-0.197,0.001,-0.000,1.000,0.100,0.100,0.100,1,93.0,93.3,792,791,316,116,0
0.04,climb_cruise,454.0,454.0,34992.4,-297,7.72,-0.18,359.69,8.04,15.0,125.0,0,0,10.27,-6.03,-10.37,-0.191,0.007,0.000,1.000,0.100,0.100,0.100,1,92.8,93.4,792,791,316,115,0
0.06,climb_cruise,454.0,454.0,34992.3,-254,7.80,-0.36,359.46,8.14,15.0,125.0,0,0,-4.60,-8.59,-12.47,-0.182,0.015,0.002,1.000,0.100,0.100,0.100,1,92.6,93.5,792,791,316,115,0
0.08,climb_cruise,453.9,453.9,34992.2,-212,7.60,-0.58,359.20,7.94,15.0,125.0,0,0,-16.61,-10.68,-14.00,-0.170,0.026,0.003,1.000,0.100,0.100,0.100,1,92.5,93.6,792,792,316,114,0
0.10,climb_cruise,453.9,453.9,34992.2,-172,7.19,-0.84,358.91,7.52,15.0,125.0,0,0,-25.81,-12.20,-15.02,-0.155,0.039,0.006,1.000,0.100,0.100,0.100,1,92.3,93.6,792,792,316,115,0
0.12,climb_cruise,453.8,453.8,34992.2,-135,6.61,-1.13,358.62,6.94,15.0,125.0,0,0,-32.36,-13.14,-15.60,-0.139,0.053,0.009,1.000,0.100,0.100,0.100,1,92.1,93.7,792,792,316,116,0
0.14,climb_cruise,453.8,453.8,34992.2,-102,5.92,-1.43,358.32,6.24,15.0,125.0,0,0,-36.51,-13.59,-15.78,-0.121,0.067,0.012,1.000,0.100,0.100,0.100,1,91.9,93.8,792,792,316,114,0
0.16,climb_cruise,453.7,453.7,34992.2,-74,5.16,-1.73,358.02,5.47,15.0,125.0,0,0,-38.54,-13.63,-15.63,-0.102,0.081,0.016,1.000,0.100,0.100,0.100,1,91.7,93.9,792,792,316,115,0
0.18,climb_cruise,453.7,453.7,34992.2,-51,4.38,-2.03,357.74,4.67,15.0,125.0,0,0,-38.79,-13.38,-15.18,-0.082,0.095,0.020,1.000,0.100,0.100,0.100,1,91.5,94.0,792,792,316,115,0
0.20,climb_cruise,453.7,453.7,34992.2,-33,3.60,-2.31,357.47,3.89,15.0,125.0,0,0,-37.58,-12.94,-14.48,-0.061,0.108,0.024,1.000,0.100,0.100,0.100,1,91.4,94.1,792,792,316,114,0
0.22,climb_cruise,453.7,453.7,34992.3,-20,2.85,-2.58,357.21,3.14,15.0,125.0,0,0,-35.24,-12.41,-13.59,-0.039,0.120,0.028,1.000,0.100,0.100,0.100,1,91.2,94.2,792,793,316,115,0
0.24,climb_cruise,453.6,453.6,34992.3,-11,2.16,-2.83,356.98,2.45,15.0,125.0,0,0,-32.08,-11.84,-12.55,-0.017,0.132,0.032,1.000,0.100,0.100,0.100,1,91.0,94.3,792,793,316,115,0
0.26,climb_cruise,453.6,453.6,34992.3,-6,1.53,-3.07,356.77,1.83,15.0,125.0,0,0,-28.35,-11.29,-11.41,-0.000,0.143,0.037,1.000,0.100,0.100,0.100,1,90.8,94.4,792,793,316,114,0
0.28,climb_cruise,453.6,453.6,34992.4,-5,0.99,-3.29,356.58,1.28,15.0,125.0,0,0,-24.25,-10.79,-10.19,0.009,0.153,0.041,1.000,0.100,0.100,0.100,1,90.6,94.4,792,793,316,114,0
0.30,climb_cruise,453.6,453.6,34992.4,-7,0.53,-3.51,356.42,0.83,15.0,125.0,0,0,-19.96,-10.34,-8.95,0.011,0.162,0.045,1.000,0.100,0.100,0.100,1,90.5,94.5,792,793,316,114,0
0.32,climb_cruise,453.6,453.6,34992.4,-12,0.15,-3.71,356.27,0.47,15.0,125.0,0,0,-15.66,-9.95,-7.70,0.008,0.171,0.048,1.000,0.100,0.100,0.100,1,90.3,94.6,792,793,316,115,0
0.34,climb_cruise,453.5,453.5,34992.4,-19,-0.14,-3.91,356.15,0.19,15.0,125.0,0,0,-11.49,-9.62,-6.48,0.001,0.178,0.052,1.000,0.100,0.100,0.100,1,90.1,94.7,792,793,316,114,0
0.36,climb_cruise,453.5,453.5,34992.4,-27,-0.34,-4.10,356.04,-0.00,15.0,125.0,0,0,-7.57,-9.33,-5.32,-0.009,0.186,0.055,1.000,0.100,0.100,0.100,1,89.9,94.8,792,794,316,114,0
0.38,climb_cruise,453.5,453.5,34992.4,-36,-0.47,-4.28,355.95,-0.11,15.0,125.0,0,0,-3.99,-9.07,-4.23,-0.023,0.193,0.057,1.000,0.100,0.100,0.100,1,89.7,94.8,792,794,316,115,0
0.40,climb_cruise,453.5,453.5,34992.4,-45,-0.53,-4.46,355.88,-0.16,15.0,125.0,0,0,-0.83,-8.81,-3.22,-0.038,0.199,0.059,1.000,0.100,0.100,0.100,1,89.6,94.9,792,794,316,114,0
0.42,climb_cruise,453.5,453.5,34992.4,-55,-0.53,-4.63,355.82,-0.14,15.0,125.0,0,0,1.89,-8.56,-2.31,-0.055,0.205,0.061,1.000,0.100,0.100,0.100,1,89.4,95.0,792,794,316,115,0
0.44,climb_cruise,453.4,453.4,34992.4,-64,-0.48,-4.80,355.78,-0.07,15.0,125.0,0,0,4.13,-8.30,-1.50,-0.071,0.211,0.062,1.000,0.100,0.100,0.100,1,89.2,95.1,792,794,316,115,0
0.46,climb_cruise,453.4,453.4,34992.3,-73,-0.38,-4.96,355.75,0.05,15.0,125.0,0,0,5.85,-8.02,-0.81,-0.084,0.216,0.063,1.000,0.100,0.100,0.100,1,89.0,95.2,792,794,316,114,0
0.48,climb_cruise,453.4,453.4,34992.3,-81,-0.25,-5.12,355.72,0.19,15.0,125.0,0,0,7.07,-7.73,-0.22,-0.094,0.222,0.063,1.000,0.100,0.100,0.100,1,88.8,95.2,792,794,316,116,0
0.50,climb_cruise,453.4,453.4,34992.3,-88,-0.11,-5.27,355.71,0.35,15.0,125.0,0,0,7.81,-7.42,0.27,-0.101,0.227,0.064,1.000,0.100,0.100,0.100,1,88.7,95.3,792,794,316,115,0
0.52,climb_cruise,453.4,453.4,34992.2,-94,0.05,-5.42,355.70,0.53,15.0,125.0,0,0,8.10,-7.10,0.65,-0.105,0.232,0.063,1.000,0.100,0.100,0.100,1,88.5,95.4,792,794,316,114,0
0.54,climb_cruise,453.3,453.3,34992.2,-99,0.22,-5.56,355.70,0.71,15.0,125.0,0,0,8.00,-6.79,0.93,-0.107,0.237,0.063,1.000,0.100,0.100,0.100,1,88.3,95.5,792,795,316,114,0
0.56,climb_cruise,453.3,453.3,34992.1,-103,0.37,-5.69,355.71,0.88,15.0,125.0,0,0,7.57,-6.47,1.12,-0.106,0.241,0.062,1.000,0.100,0.100,0.100,1,88.1,95.5,792,795,316,115,0
0.58,climb_cruise,453.3,453.3,34992.1,-106,0.52,-5.82,355.72,1.04,15.0,125.0,0,0,6.88,-6.16,1.24,-0.104,0.246,0.062,1.000,0.100,0.100,0.100,1,88.0,95.6,792,795,316,116,0
0.60,climb_cruise,453.3,453.3,34992.0,-107,0.65,-5.94,355.73,1.19,15.0,125.0,0,0,5.99,-5.87,1.28,-0.100,0.251,0.061,1.000,0.100,0.100,0.100,1,87.8,95.7,792,795,316,115,0
0.62,climb_cruise,453.3,453.3,34992.0,-108,0.77,-6.05,355.74,1.31,15.0,125.0,0,0,4.98,-5.60,1.26,-0.096,0.255,0.059,1.000,0.100,0.100,0.100,1,87.6,95.8,792,795,316,116,0
0.64,climb_cruise,453.2,453.2,34992.0,-109,0.86,-6.16,355.76,1.41,15.0,125.0,0,0,3.89,-5.35,1.19,-0.091,0.260,0.058,1.000,0.100,0.100,0.100,1,87.4,95.8,792,795,316,115,0
0.66,climb_cruise,453.2,453.2,34991.9,-109,0.93,-6.27,355.77,1.49,15.0,125.0,0,0,2.80,-5.13,1.07,-0.086,0.265,0.057,1.000,0.100,0.100,0.100,1,87.3,95.9,792,795,316,114,0
0.68,climb_cruise,453.2,453.2,34991.9,-108,0.98,-6.37,355.79,1.55,15.0,125.0,0,0,1.75,-4.93,0.93,-0.080,0.269,0.056,1.000,0.100,0.100,0.100,1,87.1,96.0,792,795,316,116,0
0.70,climb_cruise,453.2,453.2,34991.8,-107,1.01,-6.46,355.80,1.59,15.0,125.0,0,0,0.77,-4.75,0.75,-0.076,0.274,0.054,1.000,0.100,0.100,0.100,1,86.9,96.0,792,795,316,114,0
0.72,climb_cruise,453.1,453.1,34991.8,-106,1.02,-6.56,355.81,1.60,15.0,125.0,0,0,-0.10,-4.60,0.57,-0.071,0.278,0.053,1.000,0.100,0.100,0.100,1,86.7,96.1,792,796,316,114,0
0.74,climb_cruise,453.1,453.1,34991.8,-105,1.01,-6.65,355.82,1.60,15.0,125.0,0,0,-0.84,-4.46,0.37,-0.068,0.283,0.052,1.000,0.100,0.100,0.100,1,86.6,96.2,792,796,316,115,0
0.76,climb_cruise,453.1,453.1,34991.7,-104,0.99,-6.74,355.83,1.58,15.0,125.0,0,0,-1.44,-4.34,0.16,-0.065,0.288,0.051,1.000,0.100,0.100,0.100,1,86.4,96.2,792,796,316,114,0
0.78,climb_cruise,453.1,453.1,34991.7,-103,0.96,-6.82,355.84,1.56,15.0,125.0,0,0,-1.89,-4.24,-0.04,-0.063,0.293,0.050,1.000,0.100,0.100,0.100,1,86.2,96.3,792,796,316,114,0
0.80,climb_cruise,453.0,453.0,34991.7,-102,0.92,-6.91,355.84,1.52,15.0,125.0,0,0,-2.20,-4.14,-0.23,-0.062,0.297,0.049,1.000,0.100,0.100,0.100,1,86.0,96.4,792,796,316,115,0
0.82,climb_cruise,453.0,453.0,34991.6,-102,0.87,-6.99,355.84,1.48,15.0,125.0,0,0,-2.37,-4.05,-0.41,-0.062,0.302,0.048,1.000,0.100,0.100,0.100,1,85.9,96.4,792,796,316,115,0
0.84,climb_cruise,453.0,453.0,34991.6,-102,0.82,-7.07,355.84,1.44,15.0,125.0,0,0,-2.42,-3.97,-0.58,-0.062,0.307,0.047,1.000,0.100,0.100,0.100,1,85.7,96.5,792,796,316,115,0
0.86,climb_cruise,453.0,453.0,34991.6,-102,0.78,-7.15,355.83,1.39,15.0,125.0,0,0,-2.35,-3.90,-0.73,-0.063,0.312,0.046,1.000,0.100,0.100,0.100,1,85.5,96.6,792,796,316,116,0
0.88,climb_cruise,453.0,453.0,34991.5,-102,0.73,-7.22,355.82,1.35,15.0,125.0,0,0,-2.20,-3.82,-0.87,-0.065,0.317,0.046,1.000,0.100,0.100,0.100,1,85.4,96.6,792,796,316,114,0
0.90,climb_cruise,452.9,452.9,34991.5,-103,0.68,-7.30,355.81,1.31,15.0,125.0,0,0,-1.98,-3.75,-0.98,-0.067,0.322,0.045,1.000,0.100,0.100,0.100,1,85.2,96.7,792,796,316,116,0
0.92,climb_cruise,452.9,452.9,34991.5,-104,0.64,-7.37,355.79,1.28,15.0,125.0,0,0,-1.70,-3.68,-1.08,-0.070,0.327,0.045,1.000,0.100,0.100,0.100,1,85.0,96.8,792,797,316,115,0
0.94,climb_cruise,452.9,452.9,34991.5,-105,0.61,-7.45,355.77,1.25,15.0,125.0,0,0,-1.39,-3.60,-1.16,-0.072,0.332,0.045,1.000,0.100,0.100,0.100,1,84.8,96.8,792,797,316,116,0
0.96,climb_cruise,452.9,452.9,34991.4,-107,0.58,-7.52,355.75,1.23,15.0,125.0,0,0,-1.06,-3.53,-1.23,-0.075,0.337,0.044,1.000,0.100,0.100,0.100,1,84.7,96.9,792,797,316,116,0
0.98,climb_cruise,452.8,452.8,34991.4,-108,0.56,-7.59,355.73,1.22,15.0,125.0,0,0,-0.74,-3.45,-1.27,-0.078,0.342,0.044,1.000,0.100,0.100,0.100,1,84.5,96.9,792,797,316,116,0
1.00,climb_cruise,452.8,452.8,34991.3,-110,0.54,-7.66,355.71,1.21,15.0,125.0,0,0,-0.43,-3.37,-1.31,-0.081,0.347,0.044,1.000,0.100,0.100,0.100,1,84.3,97.0,792,797,316,114,0
1.02,climb_cruise,452.8,452.8,34991.3,-111,0.53,-7.72,355.68,1.21,15.0,125.0,0,0,-0.14,-3.29,-1.32,-0.083,0.353,0.044,1.000,0.100,0.100,0.100,1,84.2,97.0,792,797,316,115,0
1.04,climb_cruise,452.8,452.8,34991.3,-113,0.53,-7.79,355.66,1.21,15.0,125.0,0,0,0.11,-3.21,-1.33,-0.086,0.358,0.044,1.000,0.100,0.100,0.100,1,84.0,97.1,792,797,316,115,0
1.06,climb_cruise,452.8,452.8,34991.2,-114,0.53,-7.85,355.63,1.22,15.0,125.0,0,0,0.33,-3.12,-1.32,-0.088,0.363,0.044,1.000,0.100,0.100,0.100,1,83.8,97.2,792,797,316,114,0
1.08,climb_cruise,452.7,452.7,34991.2,-116,0.54,-7.91,355.60,1.23,15.0,125.0,0,0,0.51,-3.03,-1.31,-0.090,0.368,0.044,1.000,0.100,0.100,0.100,1,83.7,97.2,792,797,316,116,0
1.10,climb_cruise,452.7,452.7,34991.2,-117,0.54,-7.97,355.57,1.25,15.0,125.0,0,0,0.64,-2.94,-1.29,-0.092,0.372,0.044,1.000,0.100,0.100,0.100,1,83.5,97.3,792,797,316,116,0
1.12,climb_cruise,452.7,452.7,34991.1,-119,0.55,-8.03,355.55,1.26,15.0,125.0,0,0,0.73,-2.85,-1.26,-0.094,0.377,0.044,1.000,0.100,0.100,0.100,1,83.3,97.3,792,797,316,115,0
1.14,climb_cruise,452.7,452.7,34991.1,-120,0.56,-8.09,355.52,1.28,15.0,125.0,0,0,0.78,-2.76,-1.23,-0.095,0.382,0.044,1.000,0.100,0.100,0.100,1,83.2,97.4,792,797,316,114,0
1.16,climb_cruise,452.7,452.7,34991.0,-121,0.58,-8.14,355.49,1.30,15.0,125.0,0,0,0.80,-2.66,-1.19,-0.096,0.387,0.044,1.000,0.100,0.100,0.100,1,83.0,97.4,792,798,316,116,0
1.18,climb_cruise,452.6,452.6,34991.0,-122,0.59,-8.20,355.47,1.32,15.0,125.0,0,0,0.79,-2.57,-1.15,-0.097,0.391,0.044,1.000,0.100,0.100,0.100,1,82.8,97.5,792,798,316,114,0
1.20,climb_cruise,452.6,452.6,34991.0,-123,0.60,-8.25,355.44,1.34,15.0,125.0,0,0,0.75,-2.47,-1.12,-0.098,0.396,0.044,1.000,0.100,0.100,0.100,1,82.7,97.5,792,798,316,114,0
1.22,climb_cruise,452.6,452.6,34990.9,-124,0.61,-8.29,355.42,1.36,15.0,125.0,0,0,0.69,-2.37,-1.08,-0.098,0.400,0.045,1.000,0.100,0.100,0.100,1,82.5,97.6,792,798,316,114,0
1.24,climb_cruise,452.6,452.6,34990.9,-125,0.62,-8.34,355.40,1.38,15.0,125.0,0,0,0.62,-2.27,-1.04,-0.099,0.405,0.045,1.000,0.100,0.100,0.100,1,82.3,97.6,792,798,316,116,0
1.26,climb_cruise,452.5,452.5,34990.8,-125,0.63,-8.39,355.37,1.39,15.0,125.0,0,0,0.54,-2.17,-1.00,-0.099,0.409,0.045,1.000,0.100,0.100,0.100,1,82.2,97.7,792,798,316,115,0
1.28,climb_cruise,452.5,452.5,34990.8,-126,0.64,-8.43,355.35,1.40,15.0,125.0,0,0,0.46,-2.08,-0.97,-0.100,0.413,0.045,1.000,0.100,0.100,0.100,1,82.0,97.7,792,798,316,115,0
1.30,climb_cruise,452.5,452.5,34990.7,-126,0.64,-8.47,355.33,1.42,15.0,125.0,0,0,0.37,-1.98,-0.94,-0.100,0.417,0.045,1.000,0.100,0.100,0.100,1,81.8,97.8,792,798,316,115,0
1.32,climb_cruise,452.5,452.5,34990.7,-127,0.65,-8.51,355.31,1.42,15.0,125.0,0,0,0.29,-1.88,-0.91,-0.101,0.421,0.045,1.000,0.100,0.100,0.100,1,81.7,97.8,792,798,316,114,0
1.34,climb_cruise,452.5,452.5,34990.7,-127,0.65,-8.54,355.30,1.43,15.0,125.0,0,0,0.22,-1.79,-0.88,-0.101,0.425,0.045,1.000,0.100,0.100,0.100,1,81.5,97.9,792,798,316,114,0
1.36,climb_cruise,452.4,452.4,34990.6,-128,0.65,-8.58,355.28,1.44,15.0,125.0,0,0,0.16,-1.69,-0.86,-0.102,0.429,0.045,1.000,0.100,0.100,0.100,1,81.4,97.9,792,798,316,116,0
1.38,climb_cruise,452.4,452.4,34990.6,-128,0.65,-8.61,355.26,1.44,15.0,125.0,0,0,0.11,-1.60,-0.84,-0.102,0.433,0.045,1.000,0.100,0.100,0.100,1,81.2,98.0,792,798,316,114,0
1.40,climb_cruise,452.4,452.4,34990.5,-128,0.65,-8.64,355.24,1.45,15.0,125.0,0,0,0.07,-1.50,-0.82,-0.103,0.436,0.045,1.000,0.100,0.100,0.100,1,81.0,98.0,792,798,316,114,0
1.42,climb_cruise,452.4,452.4,34990.5,-129,0.65,-8.67,355.23,1.45,15.0,125.0,0,0,0.05,-1.41,-0.81,-0.104,0.440,0.046,1.000,0.100,0.100,0.100,1,80.9,98.1,792,798,316,114,0
1.44,climb_cruise,452.4,452.4,34990.4,-129,0.65,-8.70,355.21,1.45,15.0,125.0,0,0,0.03,-1.32,-0.79,-0.105,0.444,0.046,1.000,0.100,0.100,0.100,1,80.7,98.1,792,799,316,114,0
1.46,climb_cruise,452.3,452.3,34990.4,-129,0.65,-8.73,355.20,1.45,15.0,125.0,0,0,0.03,-1.24,-0.78,-0.105,0.447,0.046,1.000,0.100,0.100,0.100,1,80.5,98.2,792,799,316,116,0
1.48,climb_cruise,452.3,452.3,34990.4,-130,0.65,-8.75,355.18,1.45,15.0,125.0,0,0,0.03,-1.15,-0.77,-0.106,0.451,0.046,1.000,0.100,0.100,0.100,1,80.4,98.2,792,799,316,116,0
1.50,climb_cruise,452.3,452.3,34990.3,-130,0.64,-8.77,355.16,1.45,15.0,125.0,0,0,0.05,-1.07,-0.77,-0.107,0.454,0.046,1.000,0.100,0.100,0.100,1,80.2,98.3,792,799,316,115,0
1.52,climb_cruise,452.3,452.3,34990.3,-130,0.64,-8.79,355.15,1.46,15.0,125.0,0,0,0.07,-0.98,-0.76,-0.108,0.458,0.046,1.000,0.100,0.100,0.100,1,80.1,98.3,792,799,316,115,0
1.54,climb_cruise,452.2,452.2,34990.2,-131,0.64,-8.81,355.13,1.46,15.0,125.0,0,0,0.10,-0.90,-0.76,-0.109,0.461,0.046,1.000,0.100,0.100,0.100,1,79.9,98.3,792,799,316,114,0
1.56,climb_cruise,452.2,452.2,34990.2,-131,0.64,-8.83,355.12,1.46,15.0,125.0,0,0,0.13,-0.82,-0.76,-0.110,0.464,0.046,1.000,0.100,0.100,0.100,1,79.7,98.4,792,799,316,115,0
1.58,climb_cruise,452.2,452.2,34990.1,-131,0.64,-8.85,355.10,1.46,15.0,125.0,0,0,0.16,-0.75,-0.76,-0.111,0.468,0.046,1.000,0.100,0.100,0.100,1,79.6,98.4,792,799,316,114,0
1.60,climb_cruise,452.2,452.2,34990.1,-132,0.64,-8.86,355.09,1.47,15.0,125.0,0,0,0.19,-0.67,-0.76,-0.112,0.471,0.046,1.000,0.100,0.100,0.100,1,79.4,98.5,792,799,316,114,0
1.62,climb_cruise,452.2,452.2,34990.0,-132,0.64,-8.87,355.07,1.47,15.0,125.0,0,0,0.23,-0.59,-0.76,-0.113,0.474,0.046,1.000,0.100,0.100,0.100,1,79.3,98.5,792,799,316,114,0
1.64,climb_cruise,452.1,452.1,34990.0,-132,0.65,-8.89,355.06,1.47,15.0,125.0,0,0,0.26,-0.52,-0.76,-0.114,0.477,0.046,1.000,0.100,0.100,0.100,1,79.1,98.6,792,799,316,116,0
1.66,climb_cruise,452.1,452.1,34990.0,-133,0.65,-8.89,355.04,1.48,15.0,125.0,0,0,0.29,-0.45,-0.76,-0.115,0.480,0.046,1.000,0.100,0.100,0.100,1,78.9,98.6,792,799,316,116,0
1.68,climb_cruise,452.1,452.1,34989.9,-133,0.65,-8.90,355.02,1.48,15.0,125.0,0,0,0.31,-0.38,-0.76,-0.116,0.483,0.046,1.000,0.100,0.100,0.100,1,78.8,98.6,792,799,316,115,0
1.70,climb_cruise,452.1,452.1,34989.9,-133,0.66,-8.91,355.01,1.49,15.0,125.0,0,0,0.33,-0.31,-0.76,-0.117,0.486,0.047,1.000,0.100,0.100,0.100,1,78.6,98.7,792,799,316,114,0
1.72,climb_cruise,452.0,452.0,34989.8,-133,0.66,-8.92,354.99,1.50,15.0,125.0,0,0,0.35,-0.24,-0.76,-0.117,0.489,0.047,1.000,0.100,0.100,0.100,1,78.5,98.7,792,799,316,114,0
1.74,climb_cruise,452.0,452.0,34989.8,-133,0.67,-8.92,354.98,1.50,15.0,125.0,0,0,0.37,-0.17,-0.76,-0.118,0.492,0.047,1.000,0.100,0.100,0.100,1,78.3,98.8,792,799,316,115,0
1.76,climb_cruise,452.0,452.0,34989.7,-133,0.67,-8.92,354.96,1.51,15.0,125.0,0,0,0.38,-0.11,-0.76,-0.119,0.495,0.047,1.000,0.100,0.100,0.100,1,78.2,98.8,792,799,316,116,0
1.78,climb_cruise,452.0,452.0,34989.7,-134,0.68,-8.93,354.94,1.51,15.0,125.0,0,0,0.39,-0.04,-0.75,-0.120,0.498,0.047,1.000,0.100,0.100,0.100,1,78.0,98.8,792,800,316,115,0
1.80,climb_cruise,452.0,452.0,34989.6,-134,0.68,-8.93,354.93,1.52,15.0,125.0,0,0,0.39,0.02,-0.75,-0.121,0.501,0.047,1.000,0.100,0.100,0.100,1,77.9,98.9,792,800,316,116,0
1.82,climb_cruise,451.9,451.9,34989.6,-134,0.69,-8.92,354.91,1.53,15.0,125.0,0,0,0.40,0.08,-0.75,-0.121,0.504,0.047,1.000,0.100,0.100,0.100,1,77.7,98.9,792,800,316,115,0
1.84,climb_cruise,451.9,451.9,34989.6,-134,0.69,-8.92,354.90,1.53,15.0,125.0,0,0,0.40,0.14,-0.75,-0.122,0.506,0.047,1.000,0.100,0.100,0.100,1,77.5,98.9,792,800,316,116,0
1.86,climb_cruise,451.9,451.9,34989.5,-134,0.70,-8.92,354.88,1.54,15.0,125.0,0,0,0.40,0.20,-0.75,-0.123,0.509,0.047,1.000,0.100,0.100,0.100,1,77.4,99.0,792,800,316,115,0
1.88,climb_cruise,451.9,451.9,34989.5,-133,0.70,-8.91,354.86,1.54,15.0,125.0,0,0,0.39,0.26,-0.74,-0.123,0.512,0.048,1.000,0.100,0.100,0.100,1,77.2,99.0,792,800,316,115,0
1.90,climb_cruise,451.9,451.9,34989.4,-133,0.71,-8.91,354.85,1.55,15.0,125.0,0,0,0.39,0.32,-0.74,-0.124,0.514,0.048,1.000,0.100,0.100,0.100,1,77.1,99.0,792,800,316,115,0
1.92,climb_cruise,451.8,451.8,34989.4,-133,0.72,-8.90,354.83,1.56,15.0,125.0,0,0,0.39,0.38,-0.74,-0.125,0.517,0.048,1.000,0.100,0.100,0.100,1,76.9,99.1,792,800,316,115,0
1.94,climb_cruise,451.8,451.8,34989.3,-133,0.72,-8.89,354.82,1.56,15.0,125.0,0,0,0.39,0.43,-0.73,-0.125,0.519,0.048,1.000,0.100,0.100,0.100,1,76.8,99.1,792,800,316,115,0
1.96,climb_cruise,451.8,451.8,34989.3,-133,0.73,-8.89,354.80,1.57,15.0,125.0,0,0,0.38,0.49,-0.73,-0.126,0.522,0.048,1.000,0.100,0.100,0.100,1,76.6,99.2,792,800,316,114,0
1.98,climb_cruise,451.8,451.8,34989.2,-133,0.73,-8.88,354.79,1.57,15.0,125.0,0,0,0.38,0.54,-0.72,-0.126,0.524,0.048,1.000,0.100,0.100,0.100,1,76.5,99.2,792,800,316,115,0
2.00,climb_cruise,451.7,451.7,34989.2,-132,0.74,-8.86,354.77,1.58,15.0,125.0,0,0,0.38,0.59,-0.72,-0.127,0.527,0.048,1.000,0.100,0.100,0.100,1,76.3,99.2,792,800,316,115,0
2.02,climb_cruise,451.7,451.7,34989.2,-132,0.74,-8.85,354.76,1.58,15.0,125.0,0,0,0.38,0.65,-0.71,-0.128,0.529,0.049,1.000,0.100,0.100,0.100,1,76.2,99.3,792,800,316,116,0
2.04,climb_cruise,451.7,451.7,34989.1,-132,0.75,-8.84,354.74,1.59,15.0,125.0,0,0,0.38,0.70,-0.71,-0.128,0.531,0.049,1.000,0.100,0.100,0.100,1,76.0,99.3,792,800,316,116,0
2.06,climb_cruise,451.7,451.7,34989.1,-131,0.75,-8.82,354.72,1.59,15.0,125.0,0,0,0.38,0.75,-0.70,-0.129,0.533,0.049,1.000,0.100,0.100,0.100,1,75.9,99.3,792,800,316,115,0
2.08,climb_cruise,451.7,451.7,34989.0,-131,0.76,-8.81,354.71,1.60,15.0,125.0,0,0,0.38,0.80,-0.70,-0.129,0.536,0.049,1.000,0.100,0.100,0.100,1,75.7,99.3,792,800,316,114,0
2.10,climb_cruise,451.6,451.6,34989.0,-131,0.76,-8.79,354.69,1.60,15.0,125.0,0,0,0.39,0.85,-0.69,-0.130,0.538,0.049,1.000,0.100,0.100,0.100,1,75.5,99.4,792,800,316,115,0
2.12,climb_cruise,451.6,451.6,34988.9,-130,0.77,-8.78,354.68,1.60,15.0,125.0,0,0,0.39,0.89,-0.69,-0.130,0.540,0.049,1.000,0.100,0.100,0.100,1,75.4,99.4,792,800,316,116,0
2.14,climb_cruise,451.6,451.6,34988.9,-130,0.78,-8.76,354.67,1.61,15.0,125.0,0,0,0.40,0.94,-0.68,-0.131,0.542,0.049,1.000,0.100,0.100,0.100,1,75.2,99.4,792,800,316,115,0
2.16,climb_cruise,451.6,451.6,34988.8,-129,0.78,-8.74,354.65,1.61,15.0,125.0,0,0,0.40,0.99,-0.68,-0.132,0.544,0.050,1.000,0.100,0.100,0.100,1,75.1,99.5,792,800,316,116,0
2.18,climb_cruise,451.6,451.6,34988.8,-129,0.79,-8.72,354.64,1.62,15.0,125.0,0,0,0.41,1.03,-0.67,-0.132,0.546,0.050,1.000,0.100,0.100,0.100,1,74.9,99.5,792,800,316,115,0
2.20,climb_cruise,451.5,451.5,34988.8,-128,0.79,-8.70,354.62,1.62,15.0,125.0,0,0,0.41,1.08,-0.67,-0.133,0.548,0.050,1.000,0.100,0.100,0.100,1,74.8,99.5,792,801,316,116,0
2.22,climb_cruise,451.5,451.5,34988.7,-128,0.80,-8.68,354.61,1.63,15.0,125.0,0,0,0.42,1.12,-0.66,-0.133,0.550,0.050,1.000,0.100,0.100,0.100,1,74.6,99.6,792,801,316,115,0
2.24,climb_cruise,451.5,451.5,34988.7,-127,0.81,-8.65,354.59,1.63,15.0,125.0,0,0,0.42,1.16,-0.66,-0.134,0.552,0.050,1.000,0.100,0.100,0.100,1,74.5,99.6,792,801,316,116,0
2.26,climb_cruise,451.5,451.5,34988.6,-127,0.81,-8.63,354.58,1.64,15.0,125.0,0,0,0.43,1.20,-0.65,-0.134,0.554,0.050,1.000,0.100,0.100,0.100,1,74.3,99.6,792,801,316,114,0
2.28,climb_cruise,451.4,451.4,34988.6,-126,0.82,-8.61,354.56,1.64,15.0,125.0,0,0,0.43,1.24,-0.65,-0.135,0.556,0.050,1.000,0.100,0.100,0.100,1,74.2,99.6,792,801,316,116,0
2.30,climb_cruise,451.4,451.4,34988.5,-125,0.83,-8.58,354.55,1.64,15.0,125.0,0,0,0.44,1.28,-0.64,-0.135,0.557,0.051,1.000,0.100,0.100,0.100,1,74.1,99.7,792,801,316,115,0
2.32,climb_cruise,451.4,451.4,34988.5,-125,0.83,-8.55,354.54,1.65,15.0,125.0,0,0,0.44,1.32,-0.64,-0.136,0.559,0.051,1.000,0.100,0.100,0.100,1,73.9,99.7,792,801,316,116,0
2.34,climb_cruise,451.4,451.4,34988.5,-124,0.84,-8.53,354.52,1.65,15.0,125.0,0,0,0.45,1.36,-0.63,-0.136,0.561,0.051,1.000,0.100,0.100,0.100,1,73.8,99.7,792,801,316,114,0
2.36,climb_cruise,451.4,451.4,34988.4,-123,0.85,-8.50,354.51,1.66,15.0,125.0,0,0,0.45,1.40,-0.63,-0.137,0.563,0.051,1.000,0.100,0.100,0.100,1,73.6,99.8,792,801,316,115,0
2.38,climb_cruise,451.3,451.3,34988.4,-123,0.85,-8.47,354.49,1.66,15.0,125.0,0,0,0.45,1.44,-0.63,-0.137,0.564,0.051,1.000,0.100,0.100,0.100,1,73.5,99.8,792,801,316,114,0
2.40,climb_cruise,451.3,451.3,34988.3,-122,0.86,-8.44,354.48,1.67,15.0,125.0,0,0,0.46,1.47,-0.62,-0.137,0.566,0.051,1.000,0.100,0.100,0.100,1,73.3,99.8,792,801,316,114,0
2.42,climb_cruise,451.3,451.3,34988.3,-121,0.87,-8.41,354.47,1.67,15.0,125.0,0,0,0.46,1.51,-0.62,-0.138,0.567,0.051,1.000,0.100,0.100,0.100,1,73.2,99.8,792,801,316,116,0
2.44,climb_cruise,451.3,451.3,34988.3,-120,0.87,-8.38,354.45,1.68,15.0,125.0,0,0,0.46,1.54,-0.61,-0.138,0.569,0.052,1.000,0.100,0.100,0.100,1,73.0,99.9,792,801,316,115,0
2.46,climb_cruise,451.3,451.3,34988.2,-119,0.88,-8.35,354.44,1.68,15.0,125.0,0,0,0.46,1.57,-0.61,-0.139,0.571,0.052,1.000,0.100,0.100,0.100,1,72.9,99.9,792,801,316,116,0
2.48,climb_cruise,451.2,451.2,34988.2,-118,0.89,-8.32,354.43,1.68,15.0,125.0,0,0,0.46,1.61,-0.60,-0.139,0.572,0.052,1.000,0.100,0.100,0.100,1,72.7,99.9,792,801,316,116,0
2.50,climb_cruise,451.2,451.2,34988.1,-118,0.90,-8.29,354.41,1.69,15.0,125.0,0,0,0.46,1.64,-0.60,-0.139,0.573,0.052,1.000,0.100,0.100,0.100,1,72.6,99.9,792,801,316,115,0
2.52,climb_cruise,451.2,451.2,34988.1,-117,0.90,-8.26,354.40,1.69,15.0,125.0,0,0,0.47,1.67,-0.60,-0.140,0.575,0.052,1.000,0.100,0.100,0.100,1,72.4,100.0,792,801,316,115,0
2.54,climb_cruise,451.2,451.2,34988.1,-116,0.91,-8.22,354.39,1.70,15.0,125.0,0,0,0.47,1.70,-0.59,-0.140,0.576,0.052,1.000,0.100,0.100,0.100,1,72.3,100.0,792,801,316,115,0
2.56,climb_cruise,451.1,451.1,34988.0,-115,0.92,-8.19,354.37,1.70,15.0,125.0,0,0,0.47,1.73,-0.59,-0.140,0.578,0.053,1.000,0.100,0.100,0.100,1,72.2,100.0,792,801,316,115,0
2.58,climb_cruise,451.1,451.1,34988.0,-114,0.93,-8.15,354.36,1.71,15.0,125.0,0,0,0.47,1.76,-0.58,-0.141,0.579,0.053,1.000,0.100,0.100,0.100,1,72.0,100.0,792,801,316,115,0
2.60,climb_cruise,451.1,451.1,34987.9,-113,0.93,-8.12,354.35,1.71,15.0,125.0,0,0,0.47,1.79,-0.58,-0.141,0.580,0.053,1.000,0.100,0.100,0.100,1,71.9,100.1,792,801,316,115,0
2.62,climb_cruise,451.1,451.1,34987.9,-112,0.94,-8.08,354.34,1.71,15.0,125.0,0,0,0.47,1.82,-0.58,-0.141,0.582,0.053,1.000,0.100,0.100,0.100,1,71.7,100.1,792,801,316,115,0
2.64,climb_cruise,451.1,451.1,34987.9,-110,0.95,-8.05,354.32,1.72,15.0,125.0,0,0,0.47,1.84,-0.57,-0.141,0.583,0.053,1.000,0.100,0.100,0.100,1,71.6,100.1,792,801,316,115,0
2.66,climb_cruise,451.0,451.0,34987.8,-109,0.96,-8.01,354.31,1.72,15.0,125.0,0,0,0.47,1.87,-0.57,-0.142,0.584,0.053,1.000,0.100,0.100,0.100,1,71.4,100.1,792,801,316,115,0
2.68,climb_cruise,451.0,451.0,34987.8,-108,0.97,-7.97,354.30,1.73,15.0,125.0,0,0,0.47,1.89,-0.56,-0.142,0.585,0.054,1.000,0.100,0.100,0.100,1,71.3,100.1,792,801,316,114,0
2.70,climb_cruise,451.0,451.0,34987.8,-107,0.97,-7.93,354.29,1.73,15.0,125.0,0,0,0.47,1.92,-0.56,-0.142,0.587,0.054,1.000,0.100,0.100,0.100,1,71.1,100.2,792,801,316,116,0
2.72,climb_cruise,451.0,451.0,34987.7,-106,0.98,-7.90,354.27,1.73,15.0,125.0,0,0,0.48,1.94,-0.56,-0.142,0.588,0.054,1.000,0.100,0.100,0.100,1,71.0,100.2,792,801,316,114,0
2.74,climb_cruise,451.0,451.0,34987.7,-105,0.99,-7.86,354.26,1.74,15.0,125.0,0,0,0.48,1.97,-0.55,-0.143,0.589,0.054,1.000,0.100,0.100,0.100,1,70.9,100.2,792,801,316,115,0
2.76,climb_cruise,450.9,450.9,34987.7,-103,1.00,-7.82,354.25,1.74,15.0,125.0,0,0,0.48,1.99,-0.55,-0.143,0.590,0.054,1.000,0.100,0.100,0.100,1,70.7,100.2,792,802,316,115,0
2.78,climb_cruise,450.9,450.9,34987.6,-102,1.01,-7.78,354.24,1.74,15.0,125.0,0,0,0.48,2.01,-0.54,-0.143,0.591,0.054,1.000,0.100,0.100,0.100,1,70.6,100.3,792,802,316,115,0
2.80,climb_cruise,450.9,450.9,34987.6,-101,1.01,-7.74,354.23,1.75,15.0,125.0,0,0,0.48,2.03,-0.54,-0.143,0.592,0.054,1.000,0.100,0.100,0.100,1,70.4,100.3,792,802,316,115,0
2.82,climb_cruise,450.9,450.9,34987.6,-100,1.02,-7.70,354.21,1.75,15.0,125.0,0,0,0.48,2.06,-0.54,-0.143,0.593,0.055,1.000,0.100,0.100,0.100,1,70.3,100.3,792,802,316,116,0
2.84,climb_cruise,450.8,450.8,34987.5,-98,1.03,-7.66,354.20,1.75,15.0,125.0,0,0,0.48,2.08,-0.53,-0.143,0.594,0.055,1.000,0.100,0.100,0.100,1,70.2,100.3,792,802,316,114,0
2.86,climb_cruise,450.8,450.8,34987.5,-97,1.04,-7.61,354.19,1.76,15.0,125.0,0,0,0.48,2.10,-0.53,-0.144,0.595,0.055,1.000,0.100,0.100,0.100,1,70.0,100.3,792,802,316,114,0
2.88,climb_cruise,450.8,450.8,34987.5,-95,1.05,-7.57,354.18,1.76,15.0,125.0,0,0,0.48,2.12,-0.52,-0.144,0.596,0.055,1.000,0.100,0.100,0.100,1,69.9,100.4,792,802,316,114,0
2.90,climb_cruise,450.8,450.8,34987.4,-94,1.05,-7.53,354.17,1.77,15.0,125.0,0,0,0.48,2.14,-0.52,-0.144,0.597,0.055,1.000,0.100,0.100,0.100,1,69.7,100.4,792,802,316,115,0
2.92,climb_cruise,450.8,450.8,34987.4,-93,1.06,-7.49,354.15,1.77,15.0,125.0,0,0,0.48,2.15,-0.52,-0.144,0.598,0.055,1.000,0.100,0.100,0.100,1,69.6,100.4,792,802,316,115,0
2.94,climb_cruise,450.7,450.7,34987.4,-91,1.07,-7.44,354.14,1.77,15.0,125.0,0,0,0.48,2.17,-0.51,-0.144,0.599,0.056,1.000,0.100,0.100,0.100,1,69.5,100.4,792,802,316,114,0
2.96,climb_cruise,450.7,450.7,34987.3,-90,1.08,-7.40,354.13,1.78,15.0,125.0,0,0,0.48,2.19,-0.51,-0.144,0.600,0.056,1.000,0.100,0.100,0.100,1,69.3,100.4,792,802,316,116,0
2.98,climb_cruise,450.7,450.7,34987.3,-88,1.09,-7.36,354.12,1.78,15.0,125.0,0,0,0.48,2.21,-0.50,-0.144,0.600,0.056,1.000,0.100,0.100,0.100,1,69.2,100.4,792,802,316,115,0
3.00,climb_cruise,450.7,450.7,34987.3,-87,1.10,-7.31,354.11,1.78,15.0,125.0,0,0,0.48,2.22,-0.50,-0.144,0.601,0.056,1.000,0.100,0.100,0.100,1,69.0,100.5,792,802,16,114,0
3.02,climb_cruise,450.6,450.6,34987.2,-85,1.10,-7.27,354.10,1.78,15.0,125.0,0,0,0.48,2.24,-0.50,-0.144,0.602,0.056,1.000,0.100,0.100,0.100,1,68.9,100.5,792,802,16,116,0
3.04,climb_cruise,450.6,450.6,34987.2,-84,1.11,-7.22,354.09,1.79,15.0,125.0,0,0,0.48,2.25,-0.49,-0.144,0.603,0.056,1.000,0.100,0.100,0.100,1,68.8,100.5,792,802,16,115,0
3.06,climb_cruise,450.6,450.6,34987.2,-82,1.12,-7.18,354.08,1.79,15.0,125.0,0,0,0.48,2.27,-0.49,-0.144,0.604,0.057,1.000,0.100,0.100,0.100,1,68.6,100.5,792,802,16,115,0
3.08,climb_cruise,450.6,450.6,34987.2,-80,1.13,-7.13,354.07,1.79,15.0,125.0,0,0,0.48,2.28,-0.48,-0.144,0.604,0.057,1.000,0.100,0.100,0.100,1,68.5,100.5,792,802,16,115,0
3.10,climb_cruise,450.6,450.6,34987.1,-79,1.14,-7.09,354.05,1.80,15.0,125.0,0,0,0.48,2.30,-0.48,-0.144,0.605,0.057,1.000,0.100,0.100,0.100,1,68.4,100.6,792,802,16,114,0
3.12,climb_cruise,450.5,450.5,34987.1,-77,1.15,-7.04,354.04,1.80,15.0,125.0,0,0,0.48,2.31,-0.48,-0.144,0.606,0.057,1.000,0.100,0.100,0.100,1,68.2,100.6,792,802,16,114,0
3.14,climb_cruise,450.5,450.5,34987.1,-76,1.15,-7.00,354.03,1.80,15.0,125.0,0,0,0.48,2.32,-0.47,-0.144,0.606,0.057,1.000,0.100,0.100,0.100,1,68.1,100.6,792,802,16,115,0
3.16,climb_cruise,450.5,450.5,34987.1,-74,1.16,-6.95,354.02,1.81,15.0,125.0,0,0,0.48,2.34,-0.47,-0.144,0.607,0.057,1.000,0.100,0.100,0.100,1,67.9,100.6,792,802,16,116,0
3.18,climb_cruise,450.5,450.5,34987.0,-72,1.17,-6.90,354.01,1.81,15.0,125.0,0,0,0.48,2.35,-0.47,-0.144,0.608,0.058,1.000,0.100,0.100,0.100,1,67.8,100.6,792,802,16,114,0
3.20,climb_cruise,450.5,450.5,34987.0,-70,1.18,-6.86,354.00,1.81,15.0,125.0,0,0,0.48,2.36,-0.46,-0.144,0.608,0.058,1.000,0.100,0.100,0.100,1,67.7,100.6,792,802,16,116,0
3.22,climb_cruise,450.4,450.4,34987.0,-69,1.19,-6.81,353.99,1.81,15.0,125.0,0,0,0.48,2.37,-0.46,-0.144,0.609,0.058,1.000,0.100,0.100,0.100,1,67.5,100.7,792,802,16,114,0
3.24,climb_cruise,450.4,450.4,34987.0,-67,1.20,-6.76,353.98,1.82,15.0,125.0,0,0,0.48,2.38,-0.45,-0.144,0.609,0.058,1.000,0.100,0.100,0.100,1,67.4,100.7,792,802,16,115,0
3.26,climb_cruise,450.4,450.4,34986.9,-65,1.20,-6.71,353.97,1.82,15.0,125.0,0,0,0.48,2.39,-0.45,-0.144,0.610,0.058,1.000,0.100,0.100,0.100,1,67.3,100.7,792,802,16,114,0
3.28,climb_cruise,450.4,450.4,34986.9,-63,1.21,-6.67,353.96,1.82,15.0,125.0,0,0,0.48,2.40,-0.45,-0.144,0.611,0.058,1.000,0.100,0.100,0.100,1,67.1,100.7,792,802,16,115,0
3.30,climb_cruise,450.3,450.3,34986.9,-62,1.22,-6.62,353.95,1.82,15.0,125.0,0,0,0.48,2.41,-0.44,-0.143,0.611,0.059,1.000,0.100,0.100,0.100,1,67.0,100.7,792,802,16,116,0
3.32,climb_cruise,450.3,450.3,34986.9,-60,1.23,-6.57,353.94,1.83,15.0,125.0,0,0,0.47,2.42,-0.44,-0.143,0.612,0.059,1.000,0.100,0.100,0.100,1,66.9,100.7,792,802,16,115,0
3.34,climb_cruise,450.3,450.3,34986.9,-58,1.24,-6.52,353.93,1.83,15.0,125.0,0,0,0.47,2.43,-0.44,-0.143,0.612,0.059,1.000,0.100,0.100,0.100,1,66.7,100.7,792,802,16,114,0
3.36,climb_cruise,450.3,450.3,34986.8,-56,1.25,-6.47,353.92,1.83,15.0,125.0,0,0,0.47,2.44,-0.43,-0.143,0.613,0.059,1.000,0.100,0.100,0.100,1,66.6,100.8,792,802,16,116,0
3.38,climb_cruise,450.3,450.3,34986.8,-54,1.26,-6.42,353.91,1.83,15.0,125.0,0,0,0.47,2.45,-0.43,-0.143,0.613,0.059,1.000,0.100,0.100,0.100,1,66.5,100.8,792,802,16,114,0
3.40,climb_cruise,450.2,450.2,34986.8,-52,1.26,-6.38,353.90,1.84,15.0,125.0,0,0,0.47,2.45,-0.43,-0.143,0.614,0.059,1.000,0.100,0.100,0.100,1,66.3,100.8,792,802,16,116,0
3.42,climb_cruise,450.2,450.2,34986.8,-50,1.27,-6.33,353.89,1.84,15.0,125.0,0,0,0.47,2.46,-0.42,-0.142,0.614,0.059,1.000,0.100,0.100,0.100,1,66.2,100.8,792,802,16,115,0
3.44,climb_cruise,450.2,450.2,34986.8,-49,1.28,-6.28,353.88,1.84,15.0,125.0,0,0,0.47,2.47,-0.42,-0.142,0.614,0.060,1.000,0.100,0.100,0.100,1,66.1,100.8,792,802,16,115,0
3.46,climb_cruise,450.2,450.2,34986.8,-47,1.29,-6.23,353.87,1.84,15.0,125.0,0,0,0.47,2.48,-0.42,-0.142,0.615,0.060,1.000,0.100,0.100,0.100,1,65.9,100.8,792,802,16,115,0
3.48,climb_cruise,450.1,450.1,34986.7,-45,1.30,-6.18,353.87,1.85,15.0,125.0,0,0,0.46,2.48,-0.41,-0.142,0.615,0.060,1.000,0.100,0.100,0.100,1,65.8,100.8,792,802,16,116,0
3.50,climb_cruise,450.1,450.1,34986.7,-43,1.31,-6.13,353.86,1.85,15.0,125.0,0,0,0.46,2.49,-0.41,-0.141,0.616,0.060,1.000,0.100,0.100,0.100,1,65.7,100.9,792,802,16,116,0
3.52,climb_cruise,450.1,450.1,34986.7,-41,1.31,-6.08,353.85,1.85,15.0,125.0,0,0,0.46,2.49,-0.40,-0.141,0.616,0.060,1.000,0.100,0.100,0.100,1,65.5,100.9,792,802,16,116,0
3.54,climb_cruise,450.1,450.1,34986.7,-39,1.32,-6.03,353.84,1.85,15.0,125.0,0,0,0.46,2.50,-0.40,-0.141,0.616,0.060,1.000,0.100,0.100,0.100,1,65.4,100.9,792,802,16,114,0
3.56,climb_cruise,450.1,450.1,34986.7,-37,1.33,-5.98,353.83,1.85,15.0,125.0,0,0,0.46,2.50,-0.40,-0.141,0.617,0.061,1.000,0.100,0.100,0.100,1,65.3,100.9,792,802,16,115,0
3.58,climb_cruise,450.0,450.0,34986.7,-35,1.34,-5.93,353.82,1.86,15.0,125.0,0,0,0.46,2.51,-0.39,-0.140,0.617,0.061,1.000,0.100,0.100,0.100,1,65.2,100.9,792,802,16,115,0
3.60,climb_cruise,450.0,450.0,34986.7,-33,1.35,-5.88,353.81,1.86,15.0,125.0,0,0,0.45,2.51,-0.39,-0.140,0.617,0.061,1.000,0.100,0.100,0.100,1,65.0,100.9,792,802,16,114,0
3.62,climb_cruise,450.0,450.0,34986.6,-31,1.36,-5.83,353.80,1.86,15.0,125.0,0,0,0.45,2.52,-0.39,-0.140,0.618,0.061,1.000,0.100,0.100,0.100,1,64.9,100.9,792,803,16,115,0
3.64,climb_cruise,450.0,450.0,34986.6,-28,1.36,-5.78,353.79,1.86,15.0,125.0,0,0,0.45,2.52,-0.38,-0.139,0.618,0.061,1.000,0.100,0.100,0.100,1,64.8,101.0,792,803,16,115,0
3.66,climb_cruise,449.9,449.9,34986.6,-26,1.37,-5.73,353.79,1.86,15.0,125.0,0,0,0.45,2.52,-0.38,-0.139,0.618,0.061,1.000,0.100,0.100,0.100,1,64.6,101.0,792,803,16,115,0
3.68,climb_cruise,449.9,449.9,34986.6,-24,1.38,-5.68,353.78,1.86,15.0,125.0,0,0,0.45,2.53,-0.38,-0.138,0.618,0.062,1.000,0.100,0.100,0.100,1,64.5,101.0,792,803,16,116,0
3.70,climb_cruise,449.9,449.9,34986.6,-22,1.39,-5.63,353.77,1.87,15.0,125.0,0,0,0.44,2.53,-0.37,-0.138,0.619,0.062,1.000,0.100,0.100,0.100,1,64.4,101.0,792,803,16,115,0
3.72,climb_cruise,449.9,449.9,34986.6,-20,1.40,-5.58,353.76,1.87,15.0,125.0,0,0,0.44,2.53,-0.37,-0.138,0.619,0.062,1.000,0.100,0.100,0.100,1,64.2,101.0,792,803,16,116,0
3.74,climb_cruise,449.9,449.9,34986.6,-18,1.40,-5.53,353.75,1.87,15.0,125.0,0,0,0.44,2.54,-0.37,-0.137,0.619,0.062,1.000,0.100,0.100,0.100,1,64.1,101.0,792,803,16,116,0
3.76,climb_cruise,449.8,449.8,34986.6,-16,1.41,-5.48,353.74,1.87,15.0,125.0,0,0,0.44,2.54,-0.37,-0.137,0.619,0.062,1.000,0.100,0.100,0.100,1,64.0,101.0,792,803,16,115,0
3.78,climb_cruise,449.8,449.8,34986.6,-14,1.42,-5.43,353.74,1.87,15.0,125.0,0,0,0.44,2.54,-0.36,-0.137,0.620,0.062,1.000,0.100,0.100,0.100,1,63.9,101.0,792,803,16,115,0
3.80,climb_cruise,449.8,449.8,34986.6,-12,1.43,-5.38,353.73,1.87,15.0,125.0,0,0,0.43,2.54,-0.36,-0.136,0.620,0.063,1.000,0.100,0.100,0.100,1,63.7,101.0,792,803,16,114,0
3.82,climb_cruise,449.8,449.8,34986.6,-9,1.44,-5.33,353.72,1.87,15.0,125.0,0,0,0.43,2.54,-0.36,-0.136,0.620,0.063,1.000,0.100,0.100,0.100,1,63.6,101.1,792,803,16,115,0
3.84,climb_cruise,449.7,449.7,34986.6,-7,1.44,-5.27,353.71,1.87,15.0,125.0,0,0,0.43,2.54,-0.35,-0.135,0.620,0.063,1.000,0.100,0.100,0.100,1,63.5,101.1,792,803,16,115,0
3.86,climb_cruise,449.7,449.7,34986.6,-5,1.45,-5.22,353.70,1.88,15.0,125.0,0,0,0.43,2.55,-0.35,-0.135,0.620,0.063,1.000,0.100,0.100,0.100,1,63.4,101.1,792,803,16,116,0
3.88,climb_cruise,449.7,449.7,34986.6,-3,1.46,-5.17,353.70,1.88,15.0,125.0,0,0,0.42,2.55,-0.35,-0.134,0.620,0.063,1.000,0.100,0.100,0.100,1,63.2,101.1,792,803,16,115,0
3.90,climb_cruise,449.7,449.7,34986.6,-1,1.47,-5.12,353.69,1.88,15.0,125.0,0,0,0.42,2.55,-0.34,-0.134,0.621,0.063,1.000,0.100,0.100,0.100,1,63.1,101.1,792,803,16,116,0
3.92,climb_cruise,449.7,449.7,34986.6,2,1.48,-5.07,353.68,1.88,15.0,125.0,0,0,0.42,2.55,-0.34,-0.133,0.621,0.064,1.000,0.100,0.100,0.100,1,63.0,101.1,792,803,16,116,0
3.94,climb_cruise,449.6,449.6,34986.6,4,1.48,-5.02,353.67,1.88,15.0,125.0,0,0,0.42,2.55,-0.34,-0.133,0.621,0.064,1.000,0.100,0.100,0.100,1,62.8,101.1,792,803,16,115,0
3.96,climb_cruise,449.6,449.6,34986.6,6,1.49,-4.97,353.67,1.88,15.0,125.0,0,0,0.41,2.55,-0.33,-0.132,0.621,0.064,1.000,0.100,0.100,0.100,1,62.7,101.1,792,803,16,115,0
3.98,climb_cruise,449.6,449.6,34986.6,8,1.50,-4.92,353.66,1.88,15.0,125.0,0,0,0.41,2.55,-0.33,-0.132,0.621,0.064,1.000,0.100,0.100,0.100,1,62.6,101.1,792,803,16,115,0
4.00,climb_cruise,449.6,449.6,34986.6,11,1.51,-4.87,353.65,1.88,15.0,125.0,0,0,0.41,2.55,-0.33,-0.131,0.621,0.064,1.000,0.100,0.100,0.100,1,62.5,101.2,792,803,16,115,0
4.02,climb_cruise,449.5,449.5,34986.6,13,1.51,-4.82,353.65,1.88,15.0,125.0,0,0,0.41,2.55,-0.33,-0.131,0.621,0.064,1.000,0.100,0.100,0.100,1,62.3,101.2,792,803,16,114,0
4.04,climb_cruise,449.5,449.5,34986.6,15,1.52,-4.77,353.64,1.88,15.0,125.0,0,0,0.40,2.54,-0.32,-0.130,0.621,0.065,1.000,0.100,0.100,0.100,1,62.2,101.2,792,803,16,115,0
4.06,climb_cruise,449.5,449.5,34986.6,17,1.53,-4.72,353.63,1.88,15.0,125.0,0,0,0.40,2.54,-0.32,-0.129,0.621,0.065,1.000,0.100,0.100,0.100,1,62.1,101.2,792,803,16,116,0
4.08,climb_cruise,449.5,449.5,34986.6,20,1.54,-4.67,353.62,1.89,15.0,125.0,0,0,0.40,2.54,-0.32,-0.129,0.621,0.065,1.000,0.100,0.100,0.100,1,62.0,101.2,792,803,16,115,0
4.10,climb_cruise,449.5,449.5,34986.6,22,1.54,-4.62,353.62,1.89,15.0,125.0,0,0,0.40,2.54,-0.31,-0.128,0.622,0.065,1.000,0.100,0.100,0.100,1,61.9,101.2,792,803,16,115,0
4.12,climb_cruise,449.4,449.4,34986.6,24,1.55,-4.56,353.61,1.89,15.0,125.0,0,0,0.39,2.54,-0.31,-0.128,0.622,0.065,1.000,0.100,0.100,0.100,1,61.7,101.2,792,803,16,115,0
4.14,climb_cruise,449.4,449.4,34986.6,26,1.56,-4.51,353.60,1.89,15.0,125.0,0,0,0.39,2.54,-0.31,-0.127,0.622,0.065,1.000,0.100,0.100,0.100,1,61.6,101.2,792,803,16,115,0
4.16,climb_cruise,449.4,449.4,34986.6,29,1.57,-4.46,353.60,1.89,15.0,125.0,0,0,0.39,2.54,-0.30,-0.126,0.622,0.065,1.000,0.100,0.100,0.100,1,61.5,101.2,792,803,16,115,0
4.18,climb_cruise,449.4,449.4,34986.6,31,1.57,-4.41,353.59,1.89,15.0,125.0,0,0,0.38,2.53,-0.30,-0.126,0.622,0.066,1.000,0.100,0.100,0.100,1,61.4,101.2,792,803,16,114,0
4.20,climb_cruise,449.3,449.3,34986.7,33,1.58,-4.36,353.58,1.89,15.0,125.0,0,0,0.38,2.53,-0.30,-0.125,0.622,0.066,1.000,0.100,0.100,0.100,1,61.2,101.3,792,803,16,115,0
4.22,climb_cruise,449.3,449.3,34986.7,36,1.59,-4.31,353.58,1.89,15.0,125.0,0,0,0.38,2.53,-0.30,-0.124,0.622,0.066,1.000,0.100,0.100,0.100,1,61.1,101.3,792,803,16,115,0
4.24,climb_cruise,449.3,449.3,34986.7,38,1.59,-4.26,353.57,1.89,15.0,125.0,0,0,0.38,2.53,-0.29,-0.124,0.622,0.066,1.000,0.100,0.100,0.100,1,61.0,101.3,792,803,16,116,0
4.26,climb_cruise,449.3,449.3,34986.7,40,1.60,-4.21,353.56,1.89,15.0,125.0,0,0,0.37,2.52,-0.29,-0.123,0.622,0.066,1.000,0.100,0.100,0.100,1,60.9,101.3,792,803,16,115,0
4.28,climb_cruise,449.3,449.3,34986.7,42,1.61,-4.16,353.56,1.89,15.0,125.0,0,0,0.37,2.52,-0.29,-0.122,0.622,0.066,1.000,0.100,0.100,0.100,1,60.7,101.3,792,803,16,115,0
4.30,climb_cruise,449.2,449.2,34986.7,45,1.62,-4.11,353.55,1.89,15.0,125.0,0,0,0.37,2.52,-0.29,-0.122,0.622,0.067,1.000,0.100,0.100,0.100,1,60.6,101.3,792,803,16,114,0
4.32,climb_cruise,449.2,449.2,34986.7,47,1.62,-4.06,353.55,1.89,15.0,125.0,0,0,0.36,2.51,-0.28,-0.121,0.622,0.067,1.000,0.100,0.100,0.100,1,60.5,101.3,792,803,16,114,0
4.34,climb_cruise,449.2,449.2,34986.7,49,1.63,-4.01,353.54,1.89,15.0,125.0,0,0,0.36,2.51,-0.28,-0.120,0.622,0.067,1.000,0.100,0.100,0.100,1,60.4,101.3,792,803,16,115,0
4.36,climb_cruise,449.2,449.2,34986.8,52,1.64,-3.96,353.53,1.89,15.0,125.0,0,0,0.36,2.51,-0.28,-0.119,0.622,0.067,1.000,0.100,0.100,0.100,1,60.3,101.3,792,803,16,114,0
4.38,climb_cruise,449.1,449.1,34986.8,54,1.64,-3.91,353.53,1.89,15.0,125.0,0,0,0.35,2.50,-0.27,-0.119,0.621,0.067,1.000,0.100,0.100,0.100,1,60.1,101.3,792,803,16,115,0
4.40,climb_cruise,449.1,449.1,34986.8,56,1.65,-3.86,353.52,1.89,15.0,125.0,0,0,0.35,2.50,-0.27,-0.118,0.621,0.067,1.000,0.100,0.100,0.100,1,60.0,101.3,792,803,16,114,0
4.42,climb_cruise,449.1,449.1,34986.8,59,1.66,-3.81,353.52,1.89,15.0,125.0,0,0,0.35,2.50,-0.27,-0.117,0.621,0.068,1.000,0.100,0.100,0.100,1,59.9,101.3,792,803,16,115,0
4.44,climb_cruise,449.1,449.1,34986.8,61,1.66,-3.76,353.51,1.89,15.0,125.0,0,0,0.34,2.49,-0.27,-0.116,0.621,0.068,1.000,0.100,0.100,0.100,1,59.8,101.4,792,803,16,115,0
4.46,climb_cruise,449.1,449.1,34986.9,63,1.67,-3.71,353.50,1.89,15.0,125.0,0,0,0.34,2.49,-0.26,-0.116,0.621,0.068,1.000,0.100,0.100,0.100,1,59.7,101.4,792,803,16,115,0
4.48,climb_cruise,449.0,449.0,34986.9,66,1.68,-3.66,353.50,1.89,15.0,125.0,0,0,0.34,2.48,-0.26,-0.115,0.621,0.068,1.000,0.100,0.100,0.100,1,59.5,101.4,792,803,16,116,0
4.50,climb_cruise,449.0,449.0,34986.9,68,1.68,-3.61,353.49,1.89,15.0,125.0,0,0,0.33,2.48,-0.26,-0.114,0.621,0.068,1.000,0.100,0.100,0.100,1,59.4,101.4,792,803,16,115,0
4.52,climb_cruise,449.0,449.0,34986.9,70,1.69,-3.56,353.49,1.89,15.0,125.0,0,0,0.33,2.47,-0.26,-0.113,0.621,0.068,1.000,0.100,0.100,0.100,1,59.3,101.4,792,803,16,115,0
4.54,climb_cruise,449.0,449.0,34987.0,72,1.69,-3.51,353.48,1.88,15.0,125.0,0,0,0.33,2.47,-0.25,-0.112,0.621,0.069,1.000,0.100,0.100,0.100,1,59.2,101.4,792,803,16,115,0
4.56,climb_cruise,448.9,448.9,34987.0,75,1.70,-3.47,353.48,1.88,15.0,125.0,0,0,0.32,2.46,-0.25,-0.112,0.621,0.069,1.000,0.100,0.100,0.100,1,59.1,101.4,792,803,16,116,0
4.58,climb_cruise,448.9,448.9,34987.0,77,1.71,-3.42,353.47,1.88,15.0,125.0,0,0,0.32,2.46,-0.25,-0.111,0.621,0.069,1.000,0.100,0.100,0.100,1,59.0,101.4,792,803,16,116,0
4.60,climb_cruise,448.9,448.9,34987.0,79,1.71,-3.37,353.47,1.88,15.0,125.0,0,0,0.32,2.45,-0.25,-0.110,0.621,0.069,1.000,0.100,0.100,0.100,1,58.8,101.4,792,803,16,116,0
4.62,climb_cruise,448.9,448.9,34987.1,82,1.72,-3.32,353.46,1.88,15.0,125.0,0,0,0.31,2.45,-0.24,-0.109,0.620,0.069,1.000,0.100,0.100,0.100,1,58.7,101.4,792,803,16,116,0
4.64,climb_cruise,448.8,448.8,34987.1,84,1.72,-3.27,353.45,1.88,15.0,125.0,0,0,0.31,2.44,-0.24,-0.108,0.620,0.069,1.000,0.100,0.100,0.100,1,58.6,101.4,792,803,16,115,0
4.66,climb_cruise,448.8,448.8,34987.1,86,1.73,-3.22,353.45,1.88,15.0,125.0,0,0,0.31,2.44,-0.24,-0.107,0.620,0.070,1.000,0.100,0.100,0.100,1,58.5,101.4,792,803,16,115,0
4.68,climb_cruise,448.8,448.8,34987.1,88,1.74,-3.17,353.44,1.88,15.0,125.0,0,0,0.30,2.43,-0.24,-0.106,0.620,0.070,1.000,0.100,0.100,0.100,1,58.4,101.4,792,803,16,115,0
4.70,climb_cruise,448.8,448.8,34987.2,91,1.74,-3.12,353.44,1.88,15.0,125.0,0,0,0.30,2.43,-0.23,-0.106,0.620,0.070,1.000,0.100,0.100,0.100,1,58.2,101.4,792,803,16,114,0
4.72,climb_cruise,448.8,448.8,34987.2,93,1.75,-3.08,353.43,1.88,15.0,125.0,0,0,0.30,2.42,-0.23,-0.105,0.620,0.070,1.000,0.100,0.100,0.100,1,58.1,101.5,792,803,16,114,0
4.74,climb_cruise,448.7,448.7,34987.2,95,1.75,-3.03,353.43,1.88,15.0,125.0,0,0,0.29,2.42,-0.23,-0.104,0.620,0.070,1.000,0.100,0.100,0.100,1,58.0,101.5,792,803,16,115,0
4.76,climb_cruise,448.7,448.7,34987.3,98,1.76,-2.98,353.42,1.87,15.0,125.0,0,0,0.29,2.41,-0.23,-0.103,0.620,0.070,1.000,0.100,0.100,0.100,1,57.9,101.5,792,803,16,115,0
4.78,climb_cruise,448.7,448.7,34987.3,100,1.76,-2.93,353.42,1.87,15.0,125.0,0,0,0.29,2.41,-0.22,-0.102,0.619,0.070,1.000,0.100,0.100,0.100,1,57.8,101.5,792,803,16,114,0
4.80,climb_cruise,448.7,448.7,34987.3,102,1.77,-2.88,353.42,1.87,15.0,125.0,0,0,0.28,2.40,-0.22,-0.101,0.619,0.071,1.000,0.100,0.100,0.100,1,57.7,101.5,792,803,16,114,0
4.82,climb_cruise,448.6,448.6,34987.4,104,1.78,-2.84,353.41,1.87,15.0,125.0,0,0,0.28,2.39,-0.22,-0.100,0.619,0.071,1.000,0.100,0.100,0.100,1,57.6,101.5,792,803,16,114,0
4.84,climb_cruise,448.6,448.6,34987.4,106,1.78,-2.79,353.41,1.87,15.0,125.0,0,0,0.27,2.39,-0.22,-0.099,0.619,0.071,1.000,0.100,0.100,0.100,1,57.4,101.5,792,803,16,114,0
4.86,climb_cruise,448.6,448.6,34987.4,109,1.79,-2.74,353.40,1.87,15.0,125.0,0,0,0.27,2.38,-0.21,-0.098,0.619,0.071,1.000,0.100,0.100,0.100,1,57.3,101.5,792,803,16,116,0
4.88,climb_cruise,448.6,448.6,34987.5,111,1.79,-2.69,353.40,1.87,15.0,125.0,0,0,0.27,2.38,-0.21,-0.097,0.619,0.071,1.000,0.100,0.100,0.100,1,57.2,101.5,792,803,16,115,0
4.90,climb_cruise,448.6,448.6,34987.5,113,1.80,-2.65,353.39,1.87,15.0,125.0,0,0,0.26,2.37,-0.21,-0.096,0.618,0.071,1.000,0.100,0.100,0.100,1,57.1,101.5,792,803,16,114,0
4.92,climb_cruise,448.5,448.5,34987.5,115,1.80,-2.60,353.39,1.86,15.0,125.0,0,0,0.26,2.36,-0.21,-0.095,0.618,0.072,1.000,0.100,0.100,0.100,1,57.0,101.5,792,803,16,115,0
4.94,climb_cruise,448.5,448.5,34987.6,118,1.81,-2.55,353.38,1.86,15.0,125.0,0,0,0.26,2.36,-0.21,-0.094,0.618,0.072,1.000,0.100,0.100,0.100,1,56.9,101.5,792,803,16,116,0
4.96,climb_cruise,448.5,448.5,34987.6,120,1.81,-2.50,353.38,1.86,15.0,125.0,0,0,0.25,2.35,-0.20,-0.093,0.618,0.072,1.000,0.100,0.100,0.100,1,56.8,101.5,792,803,16,115,0
4.98,climb_cruise,448.5,448.5,34987.7,122,1.82,-2.46,353.38,1.86,15.0,125.0,0,0,0.25,2.34,-0.20,-0.092,0.618,0.072,1.000,0.100,0.100,0.100,1,56.6,101.5,792,803,16,116,0
5.00,climb_cruise,448.4,448.4,34987.7,124,1.82,-2.41,353.37,1.86,15.0,125.0,0,0,0.25,2.34,-0.20,-0.091,0.618,0.072,1.000,0.100,0.100,0.100,1,56.5,101.5,792,803,16,116,0
5.02,climb_cruise,448.4,448.4,34987.7,126,1.83,-2.36,353.37,1.86,15.0,125.0,0,0,0.24,2.33,-0.20,-0.090,0.617,0.072,1.000,0.100,0.100,0.100,1,56.4,101.5,792,803,16,115,0
5.04,climb_cruise,448.4,448.4,34987.8,128,1.83,-2.32,353.36,1.85,15.0,125.0,0,0,0.24,2.33,-0.19,-0.089,0.617,0.073,1.000,0.100,0.100,0.100,1,56.3,101.5,792,803,16,115,0
5.06,climb_cruise,448.4,448.4,34987.8,130,1.83,-2.27,353.36,1.85,15.0,125.0,0,0,0.23,2.32,-0.19,-0.088,0.617,0.073,1.000,0.100,0.100,0.100,1,56.2,101.6,792,803,16,116,0
5.08,climb_cruise,448.3,448.3,34987.9,133,1.84,-2.22,353.35,1.85,15.0,125.0,0,0,0.23,2.31,-0.19,-0.087,0.617,0.073,1.000,0.100,0.100,0.100,1,56.1,101.6,792,803,16,115,0
5.10,climb_cruise,448.3,448.3,34987.9,135,1.84,-2.18,353.35,1.85,15.0,125.0,0,0,0.23,2.31,-0.19,-0.086,0.617,0.073,1.000,0.100,0.100,0.100,1,56.0,101.6,792,803,16,116,0
5.12,climb_cruise,448.3,448.3,34988.0,137,1.85,-2.13,353.35,1.85,15.0,125.0,0,0,0.22,2.30,-0.19,-0.085,0.616,0.073,1.000,0.100,0.100,0.100,1,55.9,101.6,792,803,16,115,0
5.14,climb_cruise,448.3,448.3,34988.0,139,1.85,-2.09,353.34,1.84,15.0,125.0,0,0,0.22,2.29,-0.18,-0.084,0.616,0.073,1.000,0.100,0.100,0.100,1,55.7,101.6,792,803,16,116,0
5.16,climb_cruise,448.3,448.3,34988.1,141,1.86,-2.04,353.34,1.84,15.0,125.0,0,0,0.22,2.28,-0.18,-0.083,0.616,0.074,1.000,0.100,0.100,0.100,1,55.6,101.6,792,803,16,114,0
5.18,climb_cruise,448.2,448.2,34988.1,143,1.86,-2.00,353.34,1.84,15.0,125.0,0,0,0.21,2.28,-0.18,-0.082,0.616,0.074,1.000,0.100,0.100,0.100,1,55.5,101.6,792,803,16,114,0
5.20,climb_cruise,448.2,448.2,34988.2,145,1.86,-1.95,353.33,1.84,15.0,125.0,0,0,0.21,2.27,-0.18,-0.081,0.616,0.074,1.000,0.100,0.100,0.100,1,55.4,101.6,792,803,16,114,0
5.22,climb_cruise,448.2,448.2,34988.2,147,1.87,-1.91,353.33,1.84,15.0,125.0,0,0,0.20,2.26,-0.18,-0.080,0.615,0.074,1.000,0.100,0.100,0.100,1,55.3,101.6,792,803,16,114,0
5.24,climb_cruise,448.2,448.2,34988.3,149,1.87,-1.86,353.32,1.83,15.0,125.0,0,0,0.20,2.26,-0.17,-0.079,0.615,0.074,1.000,0.100,0.100,0.100,1,55.2,101.6,792,803,16,115,0
5.26,climb_cruise,448.1,448.1,34988.3,151,1.88,-1.82,353.32,1.83,15.0,125.0,0,0,0.20,2.25,-0.17,-0.078,0.615,0.074,1.000,0.100,0.100,0.100,1,55.1,101.6,792,803,16,114,0
5.28,climb_cruise,448.1,448.1,34988.4,153,1.88,-1.77,353.32,1.83,15.0,125.0,0,0,0.19,2.24,-0.17,-0.077,0.615,0.075,1.000,0.100,0.100,0.100,1,55.0,101.6,792,803,16,115,0
5.30,climb_cruise,448.1,448.1,34988.4,155,1.88,-1.73,353.31,1.83,15.0,125.0,0,0,0.19,2.24,-0.17,-0.075,0.615,0.075,1.000,0.100,0.100,0.100,1,54.9,101.6,792,803,16,114,0
5.32,climb_cruise,448.1,448.1,34988.5,157,1.89,-1.68,353.31,1.82,15.0,125.0,0,0,0.19,2.23,-0.17,-0.074,0.614,0.075,1.000,0.100,0.100,0.100,1,54.7,101.6,792,803,16,116,0
5.34,climb_cruise,448.0,448.0,34988.5,159,1.89,-1.64,353.31,1.82,15.0,125.0,0,0,0.18,2.22,-0.16,-0.073,0.614,0.075,1.000,0.100,0.100,0.100,1,54.6,101.6,792,803,16,115,0
5.36,climb_cruise,448.0,448.0,34988.6,161,1.89,-1.59,353.30,1.82,15.0,125.0,0,0,0.18,2.21,-0.16,-0.072,0.614,0.075,1.000,0.100,0.100,0.100,1,54.5,101.6,792,803,16,115,0
5.38,climb_cruise,448.0,448.0,34988.6,163,1.90,-1.55,353.30,1.82,15.0,125.0,0,0,0.17,2.21,-0.16,-0.071,0.614,0.075,1.000,0.100,0.100,0.100,1,54.4,101.6,792,803,16,115,0
5.40,climb_cruise,448.0,448.0,34988.7,165,1.90,-1.50,353.30,1.81,15.0,125.0,0,0,0.17,2.20,-0.16,-0.070,0.613,0.075,1.000,0.100,0.100,0.100,1,54.3,101.6,792,803,16,114,0
5.42,climb_cruise,448.0,448.0,34988.7,167,1.90,-1.46,353.29,1.81,15.0,125.0,0,0,0.17,2.19,-0.16,-0.069,0.613,0.076,1.000,0.100,0.100,0.100,1,54.2,101.6,792,803,16,115,0
5.44,climb_cruise,447.9,447.9,34988.8,168,1.91,-1.42,353.29,1.81,15.0,125.0,0,0,0.16,2.19,-0.15,-0.068,0.613,0.076,1.000,0.100,0.100,0.100,1,54.1,101.6,792,803,16,115,0
5.46,climb_cruise,447.9,447.9,34988.8,170,1.91,-1.37,353.29,1.81,15.0,125.0,0,0,0.16,2.18,-0.15,-0.066,0.613,0.076,1.000,0.100,0.100,0.100,1,54.0,101.6,792,803,16,115,0
5.48,climb_cruise,447.9,447.9,34988.9,172,1.91,-1.33,353.28,1.80,15.0,125.0,0,0,0.15,2.17,-0.15,-0.065,0.612,0.076,1.000,0.100,0.100,0.100,1,53.9,101.7,792,803,16,115,0
5.50,climb_cruise,447.9,447.9,34989.0,174,1.92,-1.29,353.28,1.80,15.0,125.0,0,0,0.15,2.16,-0.15,-0.064,0.612,0.076,1.000,0.100,0.100,0.100,1,53.8,101.7,792,804,16,114,0
5.52,climb_cruise,447.8,447.8,34989.0,176,1.92,-1.24,353.28,1.80,15.0,125.0,0,0,0.15,2.16,-0.15,-0.063,0.612,0.076,1.000,0.100,0.100,0.100,1,53.7,101.7,792,804,16,114,0
5.54,climb_cruise,447.8,447.8,34989.1,178,1.92,-1.20,353.28,1.79,15.0,125.0,0,0,0.14,2.15,-0.14,-0.062,0.612,0.077,1.000,0.100,0.100,0.100,1,53.6,101.7,792,804,16,116,0
5.56,climb_cruise,447.8,447.8,34989.1,179,1.93,-1.16,353.27,1.79,15.0,125.0,0,0,0.14,2.14,-0.14,-0.061,0.611,0.077,1.000,0.100,0.100,0.100,1,53.4,101.7,792,804,16,115,0
5.58,climb_cruise,447.8,447.8,34989.2,181,1.93,-1.12,353.27,1.79,15.0,125.0,0,0,0.14,2.13,-0.14,-0.060,0.611,0.077,1.000,0.100,0.100,0.100,1,53.3,101.7,792,804,16,116,0
5.60,climb_cruise,447.8,447.8,34989.3,183,1.93,-1.07,353.27,1.79,15.0,125.0,0,0,0.13,2.13,-0.14,-0.058,0.611,0.077,1.000,0.100,0.100,0.100,1,53.2,101.7,792,804,16,114,0
5.62,climb_cruise,447.7,447.7,34989.3,185,1.93,-1.03,353.26,1.78,15.0,125.0,0,0,0.13,2.12,-0.14,-0.057,0.611,0.077,1.000,0.100,0.100,0.100,1,53.1,101.7,792,804,16,114,0
5.64,climb_cruise,447.7,447.7,34989.4,186,1.94,-0.99,353.26,1.78,15.0,125.0,0,0,0.12,2.11,-0.14,-0.056,0.611,0.077,1.000,0.100,0.100,0.100,1,53.0,101.7,792,804,16,115,0
5.66,climb_cruise,447.7,447.7,34989.4,188,1.94,-0.95,353.26,1.78,15.0,125.0,0,0,0.12,2.10,-0.13,-0.055,0.610,0.078,1.000,0.100,0.100,0.100,1,52.9,101.7,792,804,16,114,0
5.68,climb_cruise,447.7,447.7,34989.5,190,1.94,-0.90,353.26,1.77,15.0,125.0,0,0,0.12,2.10,-0.13,-0.054,0.610,0.078,1.000,0.100,0.100,0.100,1,52.8,101.7,792,804,16,114,0
5.70,climb_cruise,447.6,447.6,34989.6,191,1.94,-0.86,353.25,1.77,15.0,125.0,0,0,0.11,2.09,-0.13,-0.052,0.610,0.078,1.000,0.100,0.100,0.100,1,52.7,101.7,792,804,16,116,0
5.72,climb_cruise,447.6,447.6,34989.6,193,1.94,-0.82,353.25,1.77,15.0,125.0,0,0,0.11,2.08,-0.13,-0.051,0.610,0.078,1.000,0.100,0.100,0.100,1,52.6,101.7,792,804,16,115,0
5.74,climb_cruise,447.6,447.6,34989.7,194,1.95,-0.78,353.25,1.76,15.0,125.0,0,0,0.11,2.07,-0.13,-0.050,0.609,0.078,1.000,0.100,0.100,0.100,1,52.5,101.7,792,804,16,115,0
5.76,climb_cruise,447.6,447.6,34989.8,196,1.95,-0.74,353.25,1.76,15.0,125.0,0,0,0.10,2.07,-0.12,-0.049,0.609,0.078,1.000,0.100,0.100,0.100,1,52.4,101.7,792,804,16,114,0
5.78,climb_cruise,447.5,447.5,34989.8,198,1.95,-0.70,353.24,1.76,15.0,125.0,0,0,0.10,2.06,-0.12,-0.048,0.609,0.079,1.000,0.100,0.100,0.100,1,52.3,101.7,792,804,16,115,0
5.80,climb_cruise,447.5,447.5,34989.9,199,1.95,-0.66,353.24,1.75,15.0,125.0,0,0,0.09,2.05,-0.12,-0.046,0.609,0.079,1.000,0.100,0.100,0.100,1,52.2,101.7,792,804,16,114,0
5.82,climb_cruise,447.5,447.5,34990.0,201,1.95,-0.62,353.24,1.75,15.0,125.0,0,0,0.09,2.04,-0.12,-0.045,0.608,0.079,1.000,0.100,0.100,0.100,1,52.1,101.7,792,804,16,114,0
5.84,climb_cruise,447.5,447.5,34990.0,202,1.96,-0.57,353.24,1.75,15.0,125.0,0,0,0.09,2.04,-0.12,-0.044,0.608,0.079,1.000,0.100,0.100,0.100,1,52.0,101.7,792,804,16,114,0
5.86,climb_cruise,447.5,447.5,34990.1,204,1.96,-0.53,353.23,1.74,15.0,125.0,0,0,0.08,2.03,-0.12,-0.043,0.608,0.079,1.000,0.100,0.100,0.100,1,51.9,101.7,792,804,16,115,0
5.88,climb_cruise,447.4,447.4,34990.2,205,1.96,-0.49,353.23,1.74,15.0,125.0,0,0,0.08,2.02,-0.11,-0.042,0.607,0.079,1.000,0.100,0.100,0.100,1,51.8,101.7,792,804,16,114,0
5.90,climb_cruise,447.4,447.4,34990.2,206,1.96,-0.45,353.23,1.74,15.0,125.0,0,0,0.08,2.01,-0.11,-0.040,0.607,0.080,1.000,0.100,0.100,0.100,1,51.7,101.7,792,804,16,116,0
5.92,climb_cruise,447.4,447.4,34990.3,208,1.96,-0.41,353.23,1.73,15.0,125.0,0,0,0.07,2.01,-0.11,-0.039,0.607,0.080,1.000,0.100,0.100,0.100,1,51.6,101.7,792,804,16,115,0
5.94,climb_cruise,447.4,447.4,34990.4,209,1.96,-0.37,353.22,1.73,15.0,125.0,0,0,0.07,2.00,-0.11,-0.038,0.607,0.080,1.000,0.100,0.100,0.100,1,51.5,101.7,792,804,16,115,0
5.96,climb_cruise,447.3,447.3,34990.4,211,1.97,-0.33,353.22,1.73,15.0,125.0,0,0,0.06,1.99,-0.11,-0.037,0.606,0.080,1.000,0.100,0.100,0.100,1,51.4,101.7,792,804,16,114,0
5.98,climb_cruise,447.3,447.3,34990.5,212,1.97,-0.29,353.22,1.72,15.0,125.0,0,0,0.06,1.98,-0.11,-0.036,0.606,0.080,1.000,0.100,0.100,0.100,1,51.2,101.7,792,804,16,114,0
6.00,climb_cruise,447.3,447.3,34990.6,213,1.97,-0.25,353.22,1.72,15.0,125.0,0,0,0.06,1.98,-0.10,-0.034,0.606,0.080,1.000,0.100,0.100,0.100,1,51.1,101.7,792,804,16,114,0
6.02,climb_cruise,447.3,447.3,34990.7,215,1.97,-0.21,353.22,1.71,15.0,125.0,0,0,0.05,1.97,-0.10,-0.033,0.606,0.080,1.000,0.100,0.100,0.100,1,51.0,101.7,792,804,16,114,0
6.04,climb_cruise,447.2,447.2,34990.7,216,1.97,-0.18,353.21,1.71,15.0,125.0,0,0,0.05,1.96,-0.10,-0.032,0.605,0.081,1.000,0.100,0.100,0.100,1,50.9,101.8,792,804,16,115,0
6.06,climb_cruise,447.2,447.2,34990.8,217,1.97,-0.14,353.21,1.71,15.0,125.0,0,0,0.05,1.95,-0.10,-0.031,0.605,0.081,1.000,0.100,0.100,0.100,1,50.8,101.8,792,804,16,116,0
6.08,climb_cruise,447.2,447.2,34990.9,218,1.97,-0.10,353.21,1.70,15.0,125.0,0,0,0.04,1.94,-0.10,-0.029,0.605,0.081,1.000,0.100,0.100,0.100,1,50.7,101.8,792,804,16,115,0
6.10,climb_cruise,447.2,447.2,34990.9,220,1.97,-0.06,353.21,1.70,15.0,125.0,0,0,0.04,1.94,-0.10,-0.028,0.605,0.081,1.000,0.100,0.100,0.100,1,50.6,101.8,792,804,16,114,0
6.12,climb_cruise,447.2,447.2,34991.0,221,1.97,-0.02,353.21,1.70,15.0,125.0,0,0,0.04,1.93,-0.09,-0.027,0.604,0.081,1.000,0.100,0.100,0.100,1,50.5,101.8,792,804,16,115,0
6.14,climb_cruise,447.1,447.1,34991.1,222,1.97,0.02,353.20,1.69,15.0,125.0,0,0,0.03,1.92,-0.09,-0.026,0.604,0.081,1.000,0.100,0.100,0.100,1,50.4,101.8,792,804,16,115,0
6.16,climb_cruise,447.1,447.1,34991.2,223,1.97,0.06,353.20,1.69,15.0,125.0,0,0,0.03,1.91,-0.09,-0.025,0.604,0.082,1.000,0.100,0.100,0.100,1,50.3,101.8,792,804,16,115,0
6.18,climb_cruise,447.1,447.1,34991.2,224,1.98,0.09,353.20,1.68,15.0,125.0,0,0,0.03,1.91,-0.09,-0.023,0.604,0.082,1.000,0.100,0.100,0.100,1,50.2,101.8,792,804,16,115,0
6.20,climb_cruise,447.1,447.1,34991.3,225,1.98,0.13,353.20,1.68,15.0,125.0,0,0,0.02,1.90,-0.09,-0.022,0.603,0.082,1.000,0.100,0.100,0.100,1,50.1,101.8,792,804,16,115,0
6.22,climb_cruise,447.0,447.0,34991.4,226,1.98,0.17,353.20,1.68,15.0,125.0,0,0,0.02,1.89,-0.09,-0.021,0.603,0.082,1.000,0.100,0.100,0.100,1,50.0,101.8,792,804,16,114,0
6.24,climb_cruise,447.0,447.0,34991.5,227,1.98,0.21,353.19,1.67,15.0,125.0,0,0,0.01,1.88,-0.08,-0.020,0.603,0.082,1.000,0.100,0.100,0.100,1,49.9,101.8,792,804,16,115,0
6.26,climb_cruise,447.0,447.0,34991.5,228,1.98,0.25,353.19,1.67,15.0,125.0,0,0,0.01,1.88,-0.08,-0.018,0.603,0.082,1.000,0.100,0.100,0.100,1,49.8,101.8,792,804,16,115,0
6.28,climb_cruise,447.0,447.0,34991.6,229,1.98,0.28,353.19,1.66,15.0,125.0,0,0,0.01,1.87,-0.08,-0.017,0.602,0.083,1.000,0.100,0.100,0.100,1,49.7,101.8,792,804,16,115,0
6.30,climb_cruise,447.0,447.0,34991.7,230,1.98,0.32,353.19,1.66,15.0,125.0,0,0,0.00,1.86,-0.08,-0.016,0.602,0.083,1.000,0.100,0.100,0.100,1,49.6,101.8,792,804,16,114,0
6.32,climb_cruise,446.9,446.9,34991.8,231,1.98,0.36,353.19,1.66,15.0,125.0,0,0,0.00,1.85,-0.08,-0.015,0.602,0.083,1.000,0.100,0.100,0.100,1,49.5,101.8,792,804,16,115,0
6.34,climb_cruise,446.9,446.9,34991.9,232,1.98,0.39,353.19,1.65,15.0,125.0,0,0,-0.00,1.85,-0.08,-0.013,0.601,0.083,1.000,0.100,0.100,0.100,1,49.4,101.8,792,804,16,115,0
6.36,climb_cruise,446.9,446.9,34991.9,233,1.98,0.43,353.19,1.65,15.0,125.0,0,0,-0.01,1.84,-0.08,-0.012,0.601,0.083,1.000,0.100,0.100,0.100,1,49.3,101.8,792,804,16,115,0
6.38,climb_cruise,446.9,446.9,34992.0,234,1.98,0.47,353.18,1.64,15.0,125.0,0,0,-0.01,1.83,-0.07,-0.011,0.601,0.083,1.000,0.100,0.100,0.100,1,49.2,101.8,792,804,16,115,0
6.40,climb_cruise,446.8,446.8,34992.1,235,1.98,0.50,353.18,1.64,15.0,125.0,0,0,-0.01,1.83,-0.07,-0.010,0.601,0.084,1.000,0.100,0.100,0.100,1,49.1,101.8,792,804,16,115,0
6.42,climb_cruise,446.8,446.8,34992.2,235,1.98,0.54,353.18,1.63,15.0,125.0,0,0,-0.02,1.82,-0.07,-0.009,0.600,0.084,1.000,0.100,0.100,0.100,1,49.0,101.8,792,804,16,114,0
6.44,climb_cruise,446.8,446.8,34992.2,236,1.98,0.58,353.18,1.63,15.0,125.0,0,0,-0.02,1.81,-0.07,-0.007,0.600,0.084,1.000,0.100,0.100,0.100,1,48.9,101.8,792,804,16,114,0
6.46,climb_cruise,446.8,446.8,34992.3,237,1.98,0.61,353.18,1.63,15.0,125.0,0,0,-0.02,1.80,-0.07,-0.006,0.600,0.084,1.000,0.100,0.100,0.100,1,48.8,101.8,792,804,16,115,0
6.48,climb_cruise,446.8,446.8,34992.4,238,1.97,0.65,353.18,1.62,15.0,125.0,0,0,-0.03,1.80,-0.07,-0.005,0.600,0.084,1.000,0.100,0.100,0.100,1,48.7,101.8,792,804,16,115,0
6.50,climb_cruise,446.7,446.7,34992.5,238,1.97,0.69,353.18,1.62,15.0,125.0,0,0,-0.03,1.79,-0.07,-0.004,0.599,0.084,1.000,0.100,0.100,0.100,1,48.7,101.8,792,804,16,116,0
6.52,climb_cruise,446.7,446.7,34992.6,239,1.97,0.72,353.17,1.61,15.0,125.0,0,0,-0.03,1.78,-0.06,-0.002,0.599,0.084,1.000,0.100,0.100,0.100,1,48.6,101.8,792,804,16,116,0
6.54,climb_cruise,446.7,446.7,34992.6,240,1.97,0.76,353.17,1.61,15.0,125.0,0,0,-0.04,1.77,-0.06,-0.001,0.599,0.085,1.000,0.100,0.100,0.100,1,48.5,101.8,792,804,16,115,0
6.56,climb_cruise,446.7,446.7,34992.7,240,1.97,0.79,353.17,1.60,15.0,125.0,0,0,-0.04,1.77,-0.06,-0.000,0.599,0.085,1.000,0.100,0.100,0.100,1,48.4,101.8,792,804,16,115,0
6.58,climb_cruise,446.6,446.6,34992.8,241,1.97,0.83,353.17,1.60,15.0,125.0,0,0,-0.04,1.76,-0.06,0.001,0.598,0.085,1.000,0.100,0.100,0.100,1,48.3,101.8,792,804,16,115,0
6.60,climb_cruise,446.6,446.6,34992.9,241,1.97,0.86,353.17,1.60,15.0,125.0,0,0,-0.05,1.75,-0.06,0.002,0.598,0.085,1.000,0.100,0.100,0.100,1,48.2,101.8,792,804,16,115,0
6.62,climb_cruise,446.6,446.6,34993.0,242,1.97,0.90,353.17,1.59,15.0,125.0,0,0,-0.05,1.74,-0.06,0.004,0.598,0.085,1.000,0.100,0.100,0.100,1,48.1,101.8,792,804,16,115,0
6.64,climb_cruise,446.6,446.6,34993.0,242,1.97,0.93,353.17,1.59,15.0,125.0,0,0,-0.05,1.75,-0.06,0.005,0.597,0.085,1.000,0.100,0.100,0.100,1,48.0,101.8,792,804,16,115,0
6.66,climb_cruise,446.5,446.5,34993.1,243,1.97,0.97,353.17,1.58,15.0,125.0,0,0,-0.05,1.75,-0.05,0.006,0.597,0.086,1.000,0.100,0.100,0.100,1,47.9,101.8,792,804,16,115,0
6.68,climb_cruise,446.5,446.5,34993.2,243,1.97,1.00,353.16,1.58,15.0,125.0,0,0,-0.06,1.74,-0.05,0.007,0.597,0.086,1.000,0.100,0.100,0.100,1,47.8,101.8,792,804,16,114,0
6.70,climb_cruise,446.5,446.5,34993.3,244,1.97,1.04,353.16,1.57,15.0,125.0,0,0,-0.06,1.74,-0.05,0.008,0.597,0.086,1.000,0.100,0.100,0.100,1,47.7,101.8,792,804,16,116,0
6.72,climb_cruise,446.5,446.5,34993.4,244,1.96,1.07,353.16,1.57,15.0,125.0,0,0,-0.06,1.73,-0.05,0.010,0.596,0.086,1.000,0.100,0.100,0.100,1,47.6,101.8,792,804,16,115,0
6.74,climb_cruise,446.5,446.5,34993.4,244,1.96,1.11,353.16,1.56,15.0,125.0,0,0,-0.07,1.72,-0.05,0.011,0.596,0.086,1.000,0.100,0.100,0.100,1,47.5,101.8,792,804,16,114,0
6.76,climb_cruise,446.4,446.4,34993.5,245,1.96,1.14,353.16,1.56,15.0,125.0,0,0,-0.07,1.71,-0.05,0.012,0.596,0.086,1.000,0.100,0.100,0.100,1,47.4,101.8,792,804,16,116,0
6.78,climb_cruise,446.4,446.4,34993.6,245,1.96,1.17,353.16,1.56,15.0,125.0,0,0,-0.07,1.71,-0.05,0.013,0.596,0.087,1.000,0.100,0.100,0.100,1,47.3,101.8,792,804,16,116,0
6.80,climb_cruise,446.4,446.4,34993.7,245,1.96,1.21,353.16,1.55,15.0,125.0,0,0,-0.07,1.70,-0.04,0.014,0.595,0.087,1.000,0.100,0.100,0.100,1,47.2,101.8,792,804,16,116,0
6.82,climb_cruise,446.4,446.4,34993.8,246,1.96,1.24,353.16,1.55,15.0,125.0,0,0,-0.08,1.69,-0.04,0.015,0.595,0.087,1.000,0.100,0.100,0.100,1,47.1,101.8,792,804,16,114,0
6.84,climb_cruise,446.3,446.3,34993.9,246,1.96,1.28,353.16,1.54,15.0,125.0,0,0,-0.08,1.68,-0.04,0.017,0.595,0.087,1.000,0.100,0.100,0.100,1,47.0,101.8,792,804,16,116,0
6.86,climb_cruise,446.3,446.3,34993.9,246,1.95,1.31,353.16,1.54,15.0,125.0,0,0,-0.08,1.67,-0.04,0.018,0.595,0.087,1.000,0.100,0.100,0.100,1,46.9,101.8,792,804,16,115,0
6.88,climb_cruise,446.3,446.3,34994.0,246,1.95,1.34,353.15,1.53,15.0,125.0,0,0,-0.09,1.67,-0.04,0.019,0.594,0.087,1.000,0.100,0.100,0.100,1,46.8,101.9,792,804,16,114,0
6.90,climb_cruise,446.3,446.3,34994.1,246,1.95,1.38,353.15,1.53,15.0,125.0,0,0,-0.09,1.66,-0.04,0.020,0.594,0.088,1.000,0.100,0.100,0.100,1,46.7,101.9,792,804,16,115,0
6.92,climb_cruise,446.3,446.3,34994.2,246,1.95,1.41,353.15,1.52,15.0,125.0,0,0,-0.09,1.65,-0.04,0.021,0.594,0.088,1.000,0.100,0.100,0.100,1,46.7,101.9,792,804,16,115,0
6.94,climb_cruise,446.2,446.2,34994.3,246,1.95,1.44,353.15,1.52,15.0,125.0,0,0,-0.09,1.64,-0.04,0.022,0.593,0.088,1.000,0.100,0.100,0.100,1,46.6,101.9,792,804,16,114,0
6.96,climb_cruise,446.2,446.2,34994.4,246,1.95,1.47,353.15,1.51,15.0,125.0,0,0,-0.10,1.64,-0.03,0.024,0.593,0.088,1.000,0.100,0.100,0.100,1,46.5,101.9,792,804,16,115,0
6.98,climb_cruise,446.2,446.2,34994.4,246,1.94,1.51,353.15,1.51,15.0,125.0,0,0,-0.10,1.63,-0.03,0.025,0.593,0.088,1.000,0.100,0.100,0.100,1,46.4,101.9,792,804,16,114,0
7.00,climb_cruise,446.2,446.2,34994.5,246,1.94,1.54,353.15,1.51,15.0,125.0,0,0,-0.10,1.62,-0.03,0.026,0.593,0.088,1.000,0.100,0.100,0.100,1,46.3,101.9,792,804,16,114,0
7.02,climb_cruise,446.1,446.1,34994.6,246,1.94,1.57,353.15,1.50,15.0,125.0,0,0,-0.10,1.61,-0.03,0.027,0.592,0.088,1.000,0.100,0.100,0.100,1,46.2,101.9,792,804,16,115,0
7.04,climb_cruise,446.1,446.1,34994.7,246,1.94,1.60,353.15,1.50,15.0,125.0,0,0,-0.11,1.61,-0.03,0.028,0.592,0.089,1.000,0.100,0.100,0.100,1,46.1,101.9,792,804,16,116,0
7.06,climb_cruise,446.1,446.1,34994.8,246,1.93,1.64,353.15,1.49,15.0,125.0,0,0,-0.11,1.60,-0.03,0.029,0.592,0.089,1.000,0.100,0.100,0.100,1,46.0,101.9,792,804,16,115,0
7.08,climb_cruise,446.1,446.1,34994.8,246,1.93,1.67,353.15,1.49,15.0,125.0,0,0,-0.11,1.59,-0.03,0.030,0.592,0.089,1.000,0.100,0.100,0.100,1,45.9,101.9,792,804,16,115,0
7.10,climb_cruise,446.1,446.1,34994.9,246,1.93,1.70,353.15,1.48,15.0,125.0,0,0,-0.12,1.58,-0.03,0.031,0.591,0.089,1.000,0.100,0.100,0.100,1,45.8,101.9,792,804,16,114,0
7.12,climb_cruise,446.0,446.0,34995.0,246,1.93,1.73,353.15,1.48,15.0,125.0,0,0,-0.12,1.58,-0.02,0.032,0.591,0.089,1.000,0.100,0.100,0.100,1,45.7,101.9,792,804,16,115,0
7.14,climb_cruise,446.0,446.0,34995.1,245,1.93,1.76,353.15,1.47,15.0,125.0,0,0,-0.12,1.57,-0.02,0.034,0.591,0.089,1.000,0.100,0.100,0.100,1,45.6,101.9,792,804,16,116,0
7.16,climb_cruise,446.0,446.0,34995.2,245,1.92,1.79,353.15,1.47,15.0,125.0,0,0,-0.12,1.56,-0.02,0.035,0.591,0.090,1.000,0.100,0.100,0.100,1,45.5,101.9,792,804,16,115,0
7.18,climb_cruise,446.0,446.0,34995.3,245,1.92,1.83,353.15,1.46,15.0,125.0,0,0,-0.13,1.55,-0.02,0.036,0.590,0.090,1.000,0.100,0.100,0.100,1,45.5,101.9,792,804,16,114,0
7.20,climb_cruise,445.9,445.9,34995.3,245,1.92,1.86,353.14,1.46,15.0,125.0,0,0,-0.13,1.55,-0.02,0.037,0.590,0.090,1.000,0.100,0.100,0.100,1,45.4,101.9,792,804,16,116,0
7.22,climb_cruise,445.9,445.9,34995.4,244,1.92,1.89,353.14,1.46,15.0,125.0,0,0,-0.13,1.54,-0.02,0.038,0.590,0.090,1.000,0.100,0.100,0.100,1,45.3,101.9,792,804,16,115,0
7.24,climb_cruise,445.9,445.9,34995.5,244,1.91,1.92,353.14,1.45,15.0,125.0,0,0,-0.13,1.53,-0.02,0.039,0.590,0.090,1.000,0.100,0.100,0.100,1,45.2,101.9,792,804,16,115,0
7.26,climb_cruise,445.9,445.9,34995.6,243,1.91,1.95,353.14,1.45,15.0,125.0,0,0,-0.14,1.52,-0.02,0.040,0.589,0.090,1.000,0.100,0.100,0.100,1,45.1,101.9,792,804,16,116,0
7.28,climb_cruise,445.9,445.9,34995.7,243,1.91,1.98,353.14,1.44,15.0,125.0,0,0,-0.14,1.52,-0.01,0.041,0.589,0.091,1.000,0.100,0.100,0.100,1,45.0,101.9,792,804,16,116,0
7.30,climb_cruise,445.8,445.8,34995.7,243,1.90,2.01,353.14,1.44,15.0,125.0,0,0,-0.14,1.51,-0.01,0.042,0.589,0.091,1.000,0.100,0.100,0.100,1,44.9,101.9,792,804,16,115,0
7.32,climb_cruise,445.8,445.8,34995.8,242,1.90,2.04,353.14,1.43,15.0,125.0,0,0,-0.14,1.50,-0.01,0.043,0.589,0.091,1.000,0.100,0.100,0.100,1,44.8,101.9,792,804,16,115,0
7.34,climb_cruise,445.8,445.8,34995.9,242,1.90,2.07,353.14,1.43,15.0,125.0,0,0,-0.14,1.50,-0.01,0.044,0.588,0.091,1.000,0.100,0.100,0.100,1,44.7,101.9,792,804,16,114,0
7.36,climb_cruise,445.8,445.8,34996.0,241,1.90,2.10,353.14,1.42,15.0,125.0,0,0,-0.15,1.49,-0.01,0.045,0.588,0.091,1.000,0.100,0.100,0.100,1,44.6,101.9,792,804,16,114,0
7.38,climb_cruise,445.8,445.8,34996.1,240,1.89,2.13,353.14,1.42,15.0,125.0,0,0,-0.15,1.48,-0.01,0.046,0.588,0.091,1.000,0.100,0.100,0.100,1,44.6,101.9,792,804,16,115,0
7.40,climb_cruise,445.7,445.7,34996.1,240,1.89,2.16,353.14,1.41,15.0,125.0,0,0,-0.15,1.48,-0.01,0.047,0.588,0.091,1.000,0.100,0.100,0.100,1,44.5,101.9,792,804,16,116,0
7.42,climb_cruise,445.7,445.7,34996.2,239,1.89,2.19,353.14,1.41,15.0,125.0,0,0,-0.15,1.47,-0.01,0.048,0.587,0.092,1.000,0.100,0.100,0.100,1,44.4,101.9,792,804,16,114,0
7.44,climb_cruise,445.7,445.7,34996.3,239,1.88,2.22,353.14,1.40,15.0,125.0,0,0,-0.15,1.46,-0.01,0.049,0.587,0.092,1.000,0.100,0.100,0.100,1,44.3,101.9,792,804,16,114,0
7.46,climb_cruise,445.7,445.7,34996.4,238,1.88,2.25,353.14,1.40,15.0,125.0,0,0,-0.16,1.45,-0.00,0.050,0.587,0.092,1.000,0.100,0.100,0.100,1,44.2,101.9,792,804,16,116,0
7.48,climb_cruise,445.6,445.6,34996.5,237,1.88,2.28,353.14,1.40,15.0,125.0,0,0,-0.16,1.45,-0.00,0.051,0.587,0.092,1.000,0.100,0.100,0.100,1,44.1,101.9,792,804,16,115,0
7.50,climb_cruise,445.6,445.6,34996.5,236,1.87,2.30,353.14,1.39,15.0,125.0,0,0,-0.16,1.44,-0.00,0.052,0.586,0.092,1.000,0.100,0.100,0.100,1,44.0,101.9,792,804,16,115,0
7.52,climb_cruise,445.6,445.6,34996.6,236,1.87,2.33,353.14,1.39,15.0,125.0,0,0,-0.16,1.43,-0.00,0.053,0.586,0.092,1.000,0.100,0.100,0.100,1,43.9,101.9,792,804,16,116,0
7.54,climb_cruise,445.6,445.6,34996.7,235,1.87,2.36,353.14,1.38,15.0,125.0,0,0,-0.16,1.43,0.00,0.054,0.586,0.093,1.000,0.100,0.100,0.100,1,43.8,101.9,792,804,16,114,0
7.56,climb_cruise,445.6,445.6,34996.8,234,1.86,2.39,353.14,1.38,15.0,125.0,0,0,-0.17,1.42,0.00,0.055,0.586,0.093,1.000,0.100,0.100,0.100,1,43.8,101.9,792,804,16,116,0
7.58,climb_cruise,445.5,445.5,34996.9,233,1.86,2.42,353.14,1.37,15.0,125.0,0,0,-0.17,1.41,0.00,0.056,0.585,0.093,1.000,0.100,0.100,0.100,1,43.7,101.9,792,804,16,116,0
7.60,climb_cruise,445.5,445.5,34996.9,232,1.86,2.45,353.14,1.37,15.0,125.0,0,0,-0.17,1.41,0.00,0.057,0.585,0.093,1.000,0.100,0.100,0.100,1,43.6,101.9,792,804,16,114,0
7.62,climb_cruise,445.5,445.5,34997.0,231,1.85,2.47,353.14,1.36,15.0,125.0,0,0,-0.17,1.40,0.00,0.058,0.585,0.093,1.000,0.100,0.100,0.100,1,43.5,101.9,792,804,16,114,0
7.64,climb_cruise,445.5,445.5,34997.1,230,1.85,2.50,353.14,1.36,15.0,125.0,0,0,-0.17,1.39,0.01,0.059,0.585,0.093,1.000,0.100,0.100,0.100,1,43.4,101.9,792,804,16,114,0
7.66,climb_cruise,445.4,445.4,34997.2,229,1.85,2.53,353.14,1.35,15.0,125.0,0,0,-0.18,1.39,0.01,0.060,0.584,0.094,1.000,0.100,0.100,0.100,1,43.3,101.9,792,804,16,114,0
7.68,climb_cruise,445.4,445.4,34997.2,228,1.84,2.56,353.14,1.35,15.0,125.0,0,0,-0.18,1.38,0.01,0.061,0.584,0.094,1.000,0.100,0.100,0.100,1,43.2,101.9,792,804,16,115,0
7.70,climb_cruise,445.4,445.4,34997.3,227,1.84,2.59,353.14,1.35,15.0,125.0,0,0,-0.18,1.37,0.01,0.061,0.584,0.094,1.000,0.100,0.100,0.100,1,43.1,101.9,792,804,16,114,0
7.72,climb_cruise,445.4,445.4,34997.4,226,1.84,2.61,353.14,1.34,15.0,125.0,0,0,-0.18,1.37,0.01,0.062,0.584,0.094,1.000,0.100,0.100,0.100,1,43.1,101.9,792,804,16,115,0
7.74,climb_cruise,445.4,445.4,34997.5,225,1.83,2.64,353.14,1.34,15.0,125.0,0,0,-0.18,1.36,0.01,0.063,0.583,0.094,1.000,0.100,0.100,0.100,1,43.0,101.9,792,804,16,114,0
7.76,climb_cruise,445.3,445.3,34997.5,224,1.83,2.67,353.14,1.33,15.0,125.0,0,0,-0.18,1.35,0.01,0.064,0.583,0.094,1.000,0.100,0.100,0.100,1,42.9,101.9,792,804,16,114,0
7.78,climb_cruise,445.3,445.3,34997.6,223,1.83,2.69,353.14,1.33,15.0,125.0,0,0,-0.18,1.35,0.01,0.065,0.583,0.095,1.000,0.100,0.100,0.100,1,42.8,101.9,792,804,16,115,0
7.80,climb_cruise,445.3,445.3,34997.7,222,1.82,2.72,353.14,1.32,15.0,125.0,0,0,-0.19,1.34,0.01,0.066,0.583,0.095,1.000,0.100,0.100,0.100,1,42.7,101.9,792,804,16,114,0
7.82,climb_cruise,445.3,445.3,34997.8,220,1.82,2.75,353.14,1.32,15.0,125.0,0,0,-0.19,1.34,0.02,0.067,0.582,0.095,1.000,0.100,0.100,0.100,1,42.6,101.9,792,804,16,116,0
7.84,climb_cruise,445.3,445.3,34997.8,219,1.81,2.77,353.14,1.32,15.0,125.0,0,0,-0.19,1.33,0.02,0.067,0.582,0.095,1.000,0.100,0.100,0.100,1,42.5,101.9,792,804,16,116,0
7.86,climb_cruise,445.2,445.2,34997.9,218,1.81,2.80,353.14,1.31,15.0,125.0,0,0,-0.19,1.32,0.02,0.068,0.582,0.095,1.000,0.100,0.100,0.100,1,42.5,101.9,792,804,16,114,0
7.88,climb_cruise,445.2,445.2,34998.0,216,1.81,2.83,353.14,1.31,15.0,125.0,0,0,-0.19,1.32,0.02,0.069,0.582,0.095,1.000,0.100,0.100,0.100,1,42.4,101.9,792,804,16,115,0
7.90,climb_cruise,445.2,445.2,34998.1,215,1.80,2.85,353.14,1.30,15.0,125.0,0,0,-0.19,1.31,0.02,0.070,0.581,0.095,1.000,0.100,0.100,0.100,1,42.3,101.9,792,804,16,115,0
7.92,climb_cruise,445.2,445.2,34998.1,214,1.80,2.88,353.14,1.30,15.0,125.0,0,0,-0.19,1.30,0.02,0.071,0.581,0.096,1.000,0.100,0.100,0.100,1,42.2,101.9,792,804,16,116,0
7.94,climb_cruise,445.1,445.1,34998.2,212,1.80,2.91,353.14,1.29,15.0,125.0,0,0,-0.20,1.30,0.02,0.071,0.581,0.096,1.000,0.100,0.100,0.100,1,42.1,101.9,792,804,16,116,0
7.96,climb_cruise,445.1,445.1,34998.3,211,1.79,2.93,353.14,1.29,15.0,125.0,0,0,-0.20,1.29,0.02,0.072,0.581,0.096,1.000,0.100,0.100,0.100,1,42.0,101.9,792,804,16,116,0
7.98,climb_cruise,445.1,445.1,34998.3,210,1.79,2.96,353.14,1.29,15.0,125.0,0,0,-0.20,1.29,0.02,0.073,0.581,0.096,1.000,0.100,0.100,0.100,1,42.0,101.9,792,804,16,115,0
8.00,climb_cruise,445.1,445.1,34998.4,208,1.78,2.98,353.14,1.28,15.0,125.0,0,0,-0.20,1.28,0.02,0.074,0.580,0.096,1.000,0.100,0.100,0.100,1,41.9,101.9,792,804,16,116,0
8.02,climb_cruise,445.1,445.1,34998.5,207,1.78,3.01,353.14,1.28,15.0,125.0,0,0,-0.20,1.27,0.03,0.074,0.580,0.096,1.000,0.100,0.100,0.100,1,41.8,101.9,792,804,16,115,0
8.04,climb_cruise,445.0,445.0,34998.6,205,1.78,3.03,353.14,1.27,15.0,125.0,0,0,-0.20,1.27,0.03,0.075,0.580,0.097,1.000,0.100,0.100,0.100,1,41.7,101.9,792,804,16,114,0
8.06,climb_cruise,445.0,445.0,34998.6,204,1.77,3.06,353.14,1.27,15.0,125.0,0,0,-0.20,1.26,0.03,0.076,0.580,0.097,1.000,0.100,0.100,0.100,1,41.6,101.9,792,804,16,115,0
8.08,climb_cruise,445.0,445.0,34998.7,202,1.77,3.08,353.14,1.27,15.0,125.0,0,0,-0.20,1.26,0.03,0.077,0.579,0.097,1.000,0.100,0.100,0.100,1,41.5,101.9,792,804,16,115,0
8.10,climb_cruise,445.0,445.0,34998.8,200,1.76,3.11,353.14,1.26,15.0,125.0,0,0,-0.20,1.25,0.03,0.077,0.579,0.097,1.000,0.100,0.100,0.100,1,41.5,101.9,792,804,16,116,0
8.12,climb_cruise,445.0,445.0,34998.8,199,1.76,3.13,353.14,1.26,15.0,125.0,0,0,-0.20,1.24,0.03,0.078,0.579,0.097,1.000,0.100,0.100,0.100,1,41.4,101.9,792,804,16,116,0
8.14,climb_cruise,444.9,444.9,34998.9,197,1.75,3.16,353.14,1.25,15.0,125.0,0,0,-0.21,1.24,0.03,0.079,0.579,0.097,1.000,0.100,0.100,0.100,1,41.3,101.9,792,804,16,115,0
8.16,climb_cruise,444.9,444.9,34999.0,195,1.75,3.18,353.14,1.25,15.0,125.0,0,0,-0.21,1.23,0.03,0.079,0.579,0.098,1.000,0.100,0.100,0.100,1,41.2,101.9,792,804,16,115,0
8.18,climb_cruise,444.9,444.9,34999.0,194,1.75,3.21,353.14,1.25,15.0,125.0,0,0,-0.21,1.23,0.03,0.080,0.578,0.098,1.000,0.100,0.100,0.100,1,41.1,101.9,792,804,16,115,0
8.20,climb_cruise,444.9,444.9,34999.1,192,1.74,3.23,353.15,1.24,15.0,125.0,0,0,-0.21,1.22,0.03,0.081,0.578,0.098,1.000,0.100,0.100,0.100,1,41.0,101.9,792,804,16,115,0
8.22,climb_cruise,444.9,444.9,34999.2,190,1.74,3.26,353.15,1.24,15.0,125.0,0,0,-0.21,1.22,0.04,0.081,0.578,0.098,1.000,0.100,0.100,0.100,1,41.0,101.9,792,804,16,115,0
8.24,climb_cruise,444.8,444.8,34999.2,188,1.73,3.28,353.15,1.23,15.0,125.0,0,0,-0.21,1.21,0.04,0.082,0.578,0.098,1.000,0.100,0.100,0.100,1,40.9,101.9,792,804,16,115,0
8.26,climb_cruise,444.8,444.8,34999.3,187,1.73,3.31,353.15,1.23,15.0,125.0,0,0,-0.21,1.20,0.04,0.082,0.577,0.098,1.000,0.100,0.100,0.100,1,40.8,101.9,792,804,16,114,0
8.28,climb_cruise,444.8,444.8,34999.3,185,1.73,3.33,353.15,1.23,15.0,125.0,0,0,-0.21,1.20,0.04,0.083,0.577,0.098,1.000,0.100,0.100,0.100,1,40.7,101.9,792,804,16,116,0
8.30,climb_cruise,444.8,444.8,34999.4,183,1.72,3.35,353.15,1.22,15.0,125.0,0,0,-0.21,1.19,0.04,0.084,0.577,0.099,1.000,0.100,0.100,0.100,1,40.6,101.9,792,804,16,114,0
8.32,climb_cruise,444.8,444.8,34999.5,181,1.72,3.38,353.15,1.22,15.0,125.0,0,0,-0.21,1.19,0.04,0.084,0.577,0.099,1.000,0.100,0.100,0.100,1,40.6,101.9,792,804,16,115,0
8.34,climb_cruise,444.7,444.7,34999.5,179,1.71,3.40,353.15,1.21,15.0,125.0,0,0,-0.21,1.18,0.04,0.085,0.577,0.099,1.000,0.100,0.100,0.100,1,40.5,101.9,792,804,16,114,0
8.36,climb_cruise,444.7,444.7,34999.6,177,1.71,3.43,353.15,1.21,15.0,125.0,0,0,-0.21,1.18,0.04,0.085,0.576,0.099,1.000,0.100,0.100,0.100,1,40.4,101.9,792,804,16,114,0
8.38,climb_cruise,444.7,444.7,34999.6,175,1.70,3.45,353.15,1.21,15.0,125.0,0,0,-0.21,1.17,0.04,0.086,0.576,0.099,1.000,0.100,0.100,0.100,1,40.3,101.9,792,804,16,115,0
8.40,climb_cruise,444.7,444.7,34999.7,173,1.70,3.47,353.15,1.20,15.0,125.0,0,0,-0.21,1.16,0.04,0.086,0.576,0.099,1.000,0.100,0.100,0.100,1,40.2,101.9,792,804,16,115,0
8.42,climb_cruise,444.7,444.7,34999.8,171,1.70,3.50,353.15,1.20,15.0,125.0,0,0,-0.21,1.16,0.05,0.087,0.576,0.100,1.000,0.100,0.100,0.100,1,40.2,101.9,792,804,16,114,0
8.44,climb_cruise,444.6,444.6,34999.8,169,1.69,3.52,353.15,1.20,15.0,125.0,0,0,-0.21,1.15,0.05,0.087,0.575,0.100,1.000,0.100,0.100,0.100,1,40.1,101.9,792,804,16,115,0
8.46,climb_cruise,444.6,444.6,34999.9,167,1.69,3.54,353.15,1.19,15.0,125.0,0,0,-0.21,1.15,0.05,0.088,0.575,0.100,1.000,0.100,0.100,0.100,1,40.0,101.9,792,804,16,116,0
8.48,climb_cruise,444.6,444.6,34999.9,165,1.68,3.56,353.15,1.19,15.0,125.0,0,0,-0.21,1.14,0.05,0.088,0.575,0.100,1.000,0.100,0.100,0.100,1,39.9,101.9,792,804,16,116,0
8.50,climb_cruise,444.6,444.6,35000.0,163,1.68,3.59,353.15,1.19,15.0,125.0,0,0,-0.21,1.14,0.05,0.089,0.575,0.100,1.000,0.100,0.100,0.100,1,39.8,101.9,792,804,16,114,0
8.52,climb_cruise,444.5,444.5,35000.0,161,1.67,3.61,353.15,1.18,15.0,125.0,0,0,-0.21,1.13,0.05,0.089,0.575,0.100,1.000,0.100,0.100,0.100,1,39.8,101.9,792,804,16,115,0
8.54,climb_cruise,444.5,444.5,35000.1,159,1.67,3.63,353.16,1.18,15.0,125.0,0,0,-0.21,1.13,0.05,0.090,0.574,0.101,1.000,0.100,0.100,0.100,1,39.7,101.9,792,804,16,115,0
8.56,climb_cruise,444.5,444.5,35000.1,156,1.67,3.66,353.16,1.18,15.0,125.0,0,0,-0.21,1.12,0.05,0.090,0.574,0.101,1.000,0.100,0.100,0.100,1,39.6,101.9,792,804,16,114,0
8.58,climb_cruise,444.5,444.5,35000.2,154,1.66,3.68,353.16,1.17,15.0,125.0,0,0,-0.21,1.12,0.05,0.091,0.574,0.101,1.000,0.100,0.100,0.100,1,39.5,101.9,792,804,16,114,0
8.60,climb_cruise,444.5,444.5,35000.2,152,1.66,3.70,353.16,1.17,15.0,125.0,0,0,-0.21,1.11,0.05,0.091,0.574,0.101,1.000,0.100,0.100,0.100,1,39.4,101.9,792,804,16,114,0
8.62,climb_cruise,444.4,444.4,35000.3,150,1.65,3.72,353.16,1.17,15.0,125.0,0,0,-0.21,1.11,0.05,0.091,0.574,0.101,1.000,0.100,0.100,0.100,1,39.4,101.9,792,804,16,115,0
8.64,climb_cruise,444.4,444.4,35000.3,147,1.65,3.74,353.16,1.16,15.0,125.0,0,0,-0.21,1.10,0.06,0.092,0.573,0.101,1.000,0.100,0.100,0.100,1,39.3,101.9,792,804,16,114,0
8.66,climb_cruise,444.4,444.4,35000.4,145,1.64,3.77,353.16,1.16,15.0,125.0,0,0,-0.21,1.10,0.06,0.092,0.573,0.101,1.000,0.100,0.100,0.100,1,39.2,101.9,792,804,16,115,0
8.68,climb_cruise,444.4,444.4,35000.4,143,1.64,3.79,353.16,1.16,15.0,125.0,0,0,-0.21,1.09,0.06,0.093,0.573,0.102,1.000,0.100,0.100,0.100,1,39.1,101.9,792,804,16,116,0
8.70,climb_cruise,444.4,444.4,35000.5,141,1.63,3.81,353.16,1.15,15.0,125.0,0,0,-0.21,1.10,0.06,0.093,0.573,0.102,1.000,0.100,0.100,0.100,1,39.0,101.9,792,804,16,115,0
8.72,climb_cruise,444.3,444.3,35000.5,138,1.63,3.83,353.16,1.15,15.0,125.0,0,0,-0.21,1.10,0.06,0.093,0.573,0.102,1.000,0.100,0.100,0.100,1,39.0,102.0,792,804,16,116,0
8.74,climb_cruise,444.3,444.3,35000.6,136,1.63,3.85,353.16,1.15,15.0,125.0,0,0,-0.21,1.10,0.06,0.094,0.572,0.102,1.000,0.100,0.100,0.100,1,38.9,102.0,792,804,16,115,0
8.76,climb_cruise,444.3,444.3,35000.6,133,1.62,3.88,353.16,1.14,15.0,125.0,0,0,-0.21,1.09,0.06,0.094,0.572,0.102,1.000,0.100,0.100,0.100,1,38.8,102.0,792,804,16,116,0
8.78,climb_cruise,444.3,444.3,35000.7,131,1.62,3.90,353.17,1.14,15.0,125.0,0,0,-0.21,1.09,0.06,0.094,0.572,0.102,1.000,0.100,0.100,0.100,1,38.7,102.0,792,804,16,116,0
8.80,climb_cruise,444.3,444.3,35000.7,129,1.61,3.92,353.17,1.14,15.0,125.0,0,0,-0.21,1.08,0.06,0.094,0.572,0.103,1.000,0.100,0.100,0.100,1,38.7,102.0,792,804,16,115,0
8.82,climb_cruise,444.2,444.2,35000.8,126,1.61,3.94,353.17,1.14,15.0,125.0,0,0,-0.21,1.08,0.06,0.095,0.572,0.103,1.000,0.100,0.100,0.100,1,38.6,102.0,792,804,16,115,0
8.84,climb_cruise,444.2,444.2,35000.8,124,1.60,3.96,353.17,1.13,15.0,125.0,0,0,-0.21,1.07,0.06,0.095,0.571,0.103,1.000,0.100,0.100,0.100,1,38.5,102.0,792,804,16,115,0
8.86,climb_cruise,444.2,444.2,35000.8,121,1.60,3.98,353.17,1.13,15.0,125.0,0,0,-0.21,1.07,0.07,0.095,0.571,0.103,1.000,0.100,0.100,0.100,1,38.4,102.0,792,804,16,116,0
8.88,climb_cruise,444.2,444.2,35000.9,119,1.60,4.01,353.17,1.13,15.0,125.0,0,0,-0.21,1.06,0.07,0.095,0.571,0.103,1.000,0.100,0.100,0.100,1,38.3,102.0,792,804,16,115,0
8.90,climb_cruise,444.2,444.2,35000.9,116,1.59,4.03,353.17,1.12,15.0,125.0,0,0,-0.21,1.06,0.07,0.096,0.571,0.103,1.000,0.100,0.100,0.100,1,38.3,102.0,792,804,16,115,0
8.92,climb_cruise,444.2,444.2,35001.0,114,1.59,4.05,353.17,1.12,15.0,125.0,0,0,-0.21,1.05,0.07,0.096,0.570,0.104,1.000,0.100,0.100,0.100,1,38.2,102.0,792,804,16,115,0
8.94,climb_cruise,444.1,444.1,35001.0,111,1.58,4.07,353.17,1.12,15.0,125.0,0,0,-0.21,1.05,0.07,0.096,0.570,0.104,1.000,0.100,0.100,0.100,1,38.1,102.0,792,804,16,114,0
8.96,climb_cruise,444.1,444.1,35001.0,108,1.58,4.09,353.17,1.12,15.0,125.0,0,0,-0.20,1.04,0.07,0.096,0.570,0.104,1.000,0.100,0.100,0.100,1,38.0,102.0,792,804,16,116,0
8.98,climb_cruise,444.1,444.1,35001.1,106,1.58,4.11,353.18,1.11,15.0,125.0,0,0,-0.20,1.04,0.07,0.096,0.570,0.104,1.000,0.100,0.100,0.100,1,38.0,102.0,792,804,16,115,0
9.00,climb_cruise,444.1,444.1,35001.1,103,1.57,4.13,353.18,1.11,15.0,125.0,0,0,-0.20,1.04,0.07,0.097,0.570,0.104,1.000,0.100,0.100,0.100,1,37.9,102.0,792,804,16,115,0
9.02,climb_cruise,444.1,444.1,35001.1,100,1.57,4.06,353.17,1.12,15.0,125.0,0,0,0.50,-9.05,-0.54,0.000,0.000,0.000,1.000,0.100,0.100,0.100,1,37.8,102.0,792,804,16,115,0
9.04,climb_cruise,444.0,444.0,35001.2,98,1.59,3.84,353.16,1.15,15.0,125.0,0,0,1.03,-12.83,-1.05,0.000,0.000,0.000,1.000,0.100,0.100,0.100,1,37.7,102.0,792,804,16,115,0
9.06,climb_cruise,444.0,444.0,35001.2,95,1.61,3.57,353.14,1.20,15.0,125.0,0,0,1.38,-14.32,-1.47,0.000,0.000,0.000,1.000,0.100,0.100,0.100,1,37.7,102.0,792,804,16,116,0
9.08,climb_cruise,444.0,444.0,35001.2,93,1.64,3.27,353.11,1.25,15.0,125.0,0,0,1.57,-15.00,-1.79,0.000,0.000,0.000,1.000,0.100,0.100,0.100,1,37.6,102.0,792,804,16,114,0
9.10,climb_cruise,444.0,444.0,35001.3,91,1.68,2.97,353.07,1.31,15.0,125.0,0,0,1.61,-15.37,-2.03,0.000,0.000,0.000,1.000,0.100,0.100,0.100,1,37.5,102.0,792,804,16,114,0
9.12,climb_cruise,444.0,444.0,35001.3,90,1.71,2.66,353.03,1.37,15.0,125.0,0,0,1.53,-15.63,-2.20,0.000,0.000,0.000,1.000,0.100,0.100,0.100,1,37.4,102.0,792,804,16,114,0
9.14,climb_cruise,443.9,443.9,35001.3,89,1.74,2.34,352.99,1.43,15.0,125.0,0,0,1.35,-15.83,-2.31,0.000,0.000,0.000,1.000,0.100,0.100,0.100,1,37.4,102.0,792,804,16,115,0
9.16,climb_cruise,443.9,443.9,35001.3,88,1.77,2.02,352.94,1.48,15.0,125.0,0,0,1.09,-16.00,-2.36,0.000,0.000,0.000,1.000,0.100,0.100,0.100,1,37.3,102.0,792,804,16,115,0
9.18,climb_cruise,443.9,443.9,35001.4,88,1.79,1.70,352.89,1.53,15.0,125.0,0,0,0.78,-16.15,-2.36,0.000,0.000,0.000,1.000,0.100,0.100,0.100,1,37.2,102.0,792,804,16,115,0
9.20,climb_cruise,443.9,443.9,35001.4,88,1.81,1.38,352.85,1.57,15.0,125.0,0,0,0.43,-16.28,-2.33,0.000,0.000,0.000,1.000,0.100,0.100,0.100,1,37.1,102.0,792,804,16,115,0
9.22,climb_cruise,443.9,443.9,35001.4,88,1.81,1.05,352.80,1.60,15.0,125.0,0,0,0.08,-16.40,-2.27,0.000,0.000,0.000,1.000,0.100,0.100,0.100,1,37.1,102.0,792,804,16,116,0
9.24,climb_cruise,443.8,443.8,35001.4,88,1.81,0.72,352.76,1.63,15.0,125.0,0,0,-0.28,-16.49,-2.18,0.000,0.000,0.000,1.000,0.100,0.100,0.100,1,37.0,102.0,792,804,16,114,0
9.26,climb_cruise,443.8,443.8,35001.5,88,1.80,0.39,352.71,1.65,15.0,125.0,0,0,-0.62,-16.56,-2.07,0.000,0.000,0.000,1.000,0.100,0.100,0.100,1,36.9,102.0,792,804,16,114,0
9.28,climb_cruise,443.8,443.8,35001.5,89,1.79,0.05,352.67,1.67,15.0,125.0,0,0,-0.94,-16.62,-1.96,0.000,0.000,0.000,1.000,0.100,0.100,0.100,1,36.8,102.0,792,804,16,115,0
9.30,climb_cruise,443.8,443.8,35001.5,89,1.77,-0.28,352.63,1.68,15.0,125.0,0,0,-1.22,-16.67,-1.83,0.000,0.000,0.000,1.000,0.100,0.100,0.100,1,36.8,102.0,792,804,16,116,0
9.32,climb_cruise,443.7,443.7,35001.6,90,1.74,-0.62,352.60,1.68,15.0,125.0,0,0,-1.47,-16.70,-1.70,0.000,0.000,0.000,1.000,0.100,0.100,0.100,1,36.7,102.0,792,804,16,115,0
9.34,climb_cruise,443.7,443.7,35001.6,90,1.71,-0.95,352.57,1.68,15.0,125.0,0,0,-1.68,-16.72,-1.57,0.000,0.000,0.000,1.000,0.100,0.100,0.100,1,36.6,102.0,792,804,16,116,0
9.36,climb_cruise,443.7,443.7,35001.6,91,1.67,-1.29,352.54,1.67,15.0,125.0,0,0,-1.85,-16.73,-1.45,0.000,0.000,0.000,1.000,0.100,0.100,0.100,1,36.5,102.0,792,804,16,115,0
9.38,climb_cruise,443.7,443.7,35001.7,91,1.64,-1.62,352.51,1.67,15.0,125.0,0,0,-1.98,-16.73,-1.33,0.000,0.000,0.000,1.000,0.100,0.100,0.100,1,36.5,102.0,792,804,16,114,0
9.40,climb_cruise,443.7,443.7,35001.7,91,1.59,-1.96,352.49,1.65,15.0,125.0,0,0,-2.07,-16.73,-1.21,0.000,0.000,0.000,1.000,0.100,0.100,0.100,1,36.4,102.0,792,804,16,114,0
9.42,climb_cruise,443.6,443.6,35001.7,91,1.55,-2.29,352.46,1.64,15.0,125.0,0,0,-2.13,-16.72,-1.11,0.000,0.000,0.000,1.000,0.100,0.100,0.100,1,36.3,102.0,792,804,16,114,0
9.44,climb_cruise,443.6,443.6,35001.7,92,1.51,-2.63,352.44,1.63,15.0,125.0,0,0,-2.15,-16.70,-1.01,0.000,0.000,0.000,1.000,0.100,0.100,0.100,1,36.3,102.0,792,804,16,115,0
9.46,climb_cruise,443.6,443.6,35001.8,92,1.46,-2.96,352.43,1.62,15.0,125.0,0,0,-2.16,-16.68,-0.93,0.000,0.000,0.000,1.000,0.100,0.100,0.100,1,36.2,102.0,792,804,16,115,0
9.48,climb_cruise,443.6,443.6,35001.8,91,1.42,-3.30,352.41,1.60,15.0,125.0,0,0,-2.14,-16.66,-0.85,0.000,0.000,0.000,1.000,0.100,0.100,0.100,1,36.1,102.0,792,804,16,115,0
9.50,climb_cruise,443.6,443.6,35001.8,91,1.38,-3.63,352.40,1.59,15.0,125.0,0,0,-2.10,-16.64,-0.79,0.000,0.000,0.000,1.000,0.100,0.100,0.100,1,36.0,102.0,792,804,16,114,0
9.52,climb_cruise,443.5,443.5,35001.9,91,1.33,-3.96,352.38,1.58,15.0,125.0,0,0,-2.05,-16.62,-0.73,0.000,0.000,0.000,1.000,0.100,0.100,0.100,1,36.0,102.0,792,804,16,115,0
9.54,climb_cruise,443.5,443.5,35001.9,90,1.29,-4.29,352.37,1.57,15.0,125.0,0,0,-2.00,-16.59,-0.69,0.000,0.000,0.000,1.000,0.100,0.100,0.100,1,35.9,102.0,792,804,16,116,0
9.56,climb_cruise,443.5,443.5,35001.9,90,1.25,-4.63,352.36,1.56,15.0,125.0,0,0,-1.94,-16.57,-0.66,0.000,0.000,0.000,1.000,0.100,0.100,0.100,1,35.8,102.0,792,804,16,115,0
9.58,climb_cruise,443.5,443.5,35002.0,89,1.21,-4.96,352.35,1.55,15.0,125.0,0,0,-1.87,-16.55,-0.63,0.000,0.000,0.000,1.000,0.100,0.100,0.100,1,35.8,102.0,792,804,16,115,0
9.60,climb_cruise,443.5,443.5,35002.0,88,1.17,-5.29,352.34,1.54,15.0,125.0,0,0,-1.81,-16.52,-0.62,0.000,0.000,0.000,1.000,0.100,0.100,0.100,1,35.7,102.0,792,804,16,114,0
9.62,climb_cruise,443.4,443.4,35002.0,87,1.14,-5.62,352.34,1.53,15.0,125.0,0,0,-1.75,-16.50,-0.61,0.000,0.000,0.000,1.000,0.100,0.100,0.100,1,35.6,102.0,792,804,16,115,0
9.64,climb_cruise,443.4,443.4,35002.1,87,1.10,-5.95,352.33,1.53,15.0,125.0,0,0,-1.70,-16.48,-0.60,0.000,0.000,0.000,1.000,0.100,0.100,0.100,1,35.5,102.0,792,804,16,116,0
9.66,climb_cruise,443.4,443.4,35002.1,86,1.07,-6.28,352.32,1.53,15.0,125.0,0,0,-1.65,-16.47,-0.61,0.000,0.000,0.000,1.000,0.100,0.100,0.100,1,35.5,102.0,792,804,16,116,0
9.68,climb_cruise,443.4,443.4,35002.1,85,1.03,-6.61,352.31,1.52,15.0,125.0,0,0,-1.61,-16.45,-0.62,0.000,0.000,0.000,1.000,0.100,0.100,0.100,1,35.4,102.0,792,804,16,115,0
9.70,climb_cruise,443.3,443.3,35002.1,83,1.00,-6.94,352.30,1.52,15.0,125.0,0,0,-1.57,-16.44,-0.63,0.000,0.000,0.000,1.000,0.100,0.100,0.100,1,35.3,102.0,792,804,16,115,0
9.72,climb_cruise,443.3,443.3,35002.2,82,0.97,-7.27,352.29,1.52,15.0,125.0,0,0,-1.54,-16.42,-0.65,0.000,0.000,0.000,1.000,0.100,0.100,0.100,1,35.3,102.0,792,804,16,116,0
9.74,climb_cruise,443.3,443.3,35002.2,81,0.94,-7.59,352.28,1.52,15.0,125.0,0,0,-1.52,-16.41,-0.67,0.000,0.000,0.000,1.000,0.100,0.100,0.100,1,35.2,102.0,792,804,16,116,0
9.76,climb_cruise,443.3,443.3,35002.2,80,0.90,-7.92,352.27,1.52,15.0,125.0,0,0,-1.50,-16.40,-0.69,0.000,0.000,0.000,1.000,0.100,0.100,0.100,1,35.1,102.0,792,804,16,115,0
9.78,climb_cruise,443.3,443.3,35002.2,79,0.87,-8.25,352.26,1.52,15.0,125.0,0,0,-1.49,-16.40,-0.72,0.000,0.000,0.000,1.000,0.100,0.100,0.100,1,35.0,102.0,792,804,16,115,0
9.80,climb_cruise,443.2,443.2,35002.3,77,0.84,-8.58,352.25,1.51,15.0,125.0,0,0,-1.48,-16.39,-0.74,0.000,0.000,0.000,1.000,0.100,0.100,0.100,1,35.0,102.0,792,804,16,116,0
9.82,climb_cruise,443.2,443.2,35002.3,76,0.81,-8.91,352.24,1.51,15.0,125.0,0,0,-1.48,-16.39,-0.77,0.000,0.000,0.000,1.000,0.100,0.100,0.100,1,34.9,102.0,792,804,16,115,0
9.84,climb_cruise,443.2,443.2,35002.3,74,0.78,-9.23,352.23,1.51,15.0,125.0,0,0,-1.48,-16.38,-0.80,0.000,0.000,0.000,1.000,0.100,0.100,0.100,1,34.8,102.0,792,804,16,114,0
9.86,climb_cruise,443.2,443.2,35002.3,73,0.75,-9.56,352.22,1.51,15.0,125.0,0,0,-1.48,-16.38,-0.82,0.000,0.000,0.000,1.000,0.100,0.100,0.100,1,34.8,102.0,792,804,16,114,0
9.88,climb_cruise,443.2,443.2,35002.4,71,0.71,-9.89,352.21,1.51,15.0,125.0,0,0,-1.49,-16.38,-0.85,0.000,0.000,0.000,1.000,0.100,0.100,0.100,1,34.7,102.0,792,804,16,114,0
9.90,climb_cruise,443.1,443.1,35002.4,70,0.68,-10.22,352.20,1.51,15.0,125.0,0,0,-1.49,-16.38,-0.88,0.000,0.000,0.000,1.000,0.100,0.100,0.100,1,34.6,102.0,792,804,16,116,0
9.92,climb_cruise,443.1,443.1,35002.4,68,0.65,-10.55,352.19,1.51,15.0,125.0,0,0,-1.50,-16.38,-0.90,0.000,0.000,0.000,1.000,0.100,0.100,0.100,1,34.6,102.0,792,804,16,114,0
9.94,climb_cruise,443.1,443.1,35002.4,66,0.62,-10.87,352.17,1.51,15.0,125.0,0,0,-1.51,-16.38,-0.93,0.000,0.000,0.000,1.000,0.100,0.100,0.100,1,34.5,102.0,792,804,16,116,0
9.96,climb_cruise,443.1,443.1,35002.5,64,0.58,-11.20,352.16,1.51,15.0,125.0,0,0,-1.51,-16.38,-0.96,0.000,0.000,0.000,1.000,0.100,0.100,0.100,1,34.4,102.0,792,804,16,116,0
9.98,climb_cruise,443.1,443.1,35002.5,63,0.55,-11.53,352.15,1.51,15.0,125.0,0,0,-1.52,-16.38,-0.98,0.000,0.000,0.000,1.000,0.100,0.100,0.100,1,34.4,102.0,792,804,16,115,0
10.00,climb_cruise,443.0,443.0,35002.5,61,0.52,-11.86,352.14,1.50,15.0,125.0,0,0,-1.52,-16.38,-1.00,0.000,0.000,0.000,1.000,0.100,0.100,0.100,1,34.3,102.0,792,804,16,116,0
10.02,climb_cruise,443.0,443.0,35002.5,59,0.48,-12.18,352.12,1.50,15.0,125.0,0,0,-1.53,-16.38,-1.02,0.000,0.000,0.000,1.000,0.100,0.100,0.100,1,34.2,102.0,792,804,16,116,0
10.04,climb_cruise,443.0,443.0,35002.5,56,0.45,-12.51,352.11,1.50,15.0,125.0,0,0,-1.53,-16.38,-1.04,0.000,0.000,0.000,1.000,0.100,0.100,0.100,1,34.1,102.0,792,804,16,114,0
10.06,climb_cruise,443.0,443.0,35002.6,54,0.41,-12.84,352.09,1.50,15.0,125.0,0,0,-1.53,-16.38,-1.06,0.000,0.000,0.000,1.000,0.100,0.100,0.100,1,34.1,102.0,792,804,16,116,0
10.08,climb_cruise,443.0,443.0,35002.6,52,0.38,-13.17,352.08,1.50,15.0,125.0,0,0,-1.53,-16.39,-1.08,0.000,0.000,0.000,1.000,0.100,0.100,0.100,1,34.0,102.0,792,804,16,115,0
10.10,climb_cruise,442.9,442.9,35002.6,50,0.34,-13.50,352.07,1.49,15.0,125.0,0,0,-1.53,-16.39,-1.10,0.000,0.000,0.000,1.000,0.100,0.100,0.100,1,33.9,102.0,792,804,16,115,0
10.12,climb_cruise,442.9,442.9,35002.6,47,0.31,-13.82,352.05,1.49,15.0,125.0,0,0,-1.53,-16.39,-1.11,0.000,0.000,0.000,1.000,0.100,0.100,0.100,1,33.9,102.0,792,804,16,114,0
10.14,climb_cruise,442.9,442.9,35002.6,45,0.27,-14.15,352.04,1.49,15.0,125.0,0,0,-1.52,-16.39,-1.13,0.000,0.000,0.000,1.000,0.100,0.100,0.100,1,33.8,102.0,792,804,16,114,0
10.16,climb_cruise,442.9,442.9,35002.6,42,0.24,-14.48,352.02,1.49,15.0,125.0,0,0,-1.52,-16.39,-1.15,0.000,0.000,0.000,1.000,0.100,0.100,0.100,1,33.7,102.0,792,804,16,114,0
10.18,climb_cruise,442.9,442.9,35002.7,39,0.20,-14.81,352.01,1.48,15.0,125.0,0,0,-1.52,-16.39,-1.16,0.000,0.000,0.000,1.000,0.100,0.100,0.100,1,33.7,102.0,792,804,16,116,0
10.20,climb_cruise,442.8,442.8,35002.7,37,0.17,-15.13,351.99,1.48,15.0,125.0,0,0,-1.51,-16.40,-1.17,0.000,0.000,0.000,1.000,0.100,0.100,0.100,1,33.6,102.0,792,804,16,115,0
10.22,climb_cruise,442.8,442.8,35002.7,34,0.13,-15.46,351.98,1.48,15.0,125.0,0,0,-1.51,-16.40,-1.19,0.000,0.000,0.000,1.000,0.100,0.100,0.100,1,33.5,102.0,792,804,16,115,0
10.24,climb_cruise,442.8,442.8,35002.7,31,0.10,-15.79,351.96,1.48,15.0,125.0,0,0,-1.50,-16.40,-1.20,0.000,0.000,0.000,1.000,0.100,0.100,0.100,1,33.5,102.0,792,804,16,116,0
10.26,climb_cruise,442.8,442.8,35002.7,28,0.06,-16.12,351.95,1.48,15.0,125.0,0,0,-1.49,-16.40,-1.21,0.000,0.000,0.000,1.000,0.100,0.100,0.100,1,33.4,102.0,792,804,16,115,0
10.28,climb_cruise,442.8,442.8,35002.7,25,0.03,-16.45,351.93,1.47,15.0,125.0,0,0,-1.49,-16.40,-1.22,0.000,0.000,0.000,1.000,0.100,0.100,0.100,1,33.3,102.0,792,804,16,114,0
10.30,climb_cruise,442.7,442.7,35002.7,22,-0.01,-16.77,351.92,1.47,15.0,125.0,0,0,-1.48,-16.40,-1.23,0.000,0.000,0.000,1.000,0.100,0.100,0.100,1,33.3,102.0,792,804,16,115,0
10.32,climb_cruise,442.7,442.7,35002.7,18,-0.05,-17.10,351.90,1.47,15.0,125.0,0,0,-1.47,-16.40,-1.25,0.000,0.000,0.000,1.000,0.100,0.100,0.100,1,33.2,102.0,792,804,16,115,0
10.34,climb_cruise,442.7,442.7,35002.7,15,-0.08,-17.43,351.89,1.47,15.0,125.0,0,0,-1.47,-16.40,-1.26,0.000,0.000,0.000,1.000,0.100,0.100,0.100,1,33.1,102.0,792,804,16,114,0
10.36,climb_cruise,442.7,442.7,35002.7,11,-0.12,-17.76,351.87,1.47,15.0,125.0,0,0,-1.46,-16.40,-1.27,0.000,0.000,0.000,1.000,0.100,0.100,0.100,1,33.1,102.0,792,804,16,115,0
10.38,climb_cruise,442.7,442.7,35002.7,8,-0.15,-18.09,351.86,1.47,15.0,125.0,0,0,-1.45,-16.40,-1.28,0.000,0.000,0.000,1.000,0.100,0.100,0.100,1,33.0,102.0,792,804,16,115,0
10.40,climb_cruise,442.6,442.6,35002.7,4,-0.19,-18.41,351.84,1.46,15.0,125.0,0,0,-1.45,-16.40,-1.29,0.000,0.000,0.000,1.000,0.100,0.100,0.100,1,32.9,102.0,792,804,16,115,0
10.42,climb_cruise,442.6,442.6,35002.7,0,-0.22,-18.74,351.83,1.46,15.0,125.0,0,0,-1.44,-16.40,-1.30,0.000,0.000,0.000,1.000,0.100,0.100,0.100,1,32.9,102.0,792,804,16,116,0
10.44,climb_cruise,442.6,442.6,35002.7,-3,-0.26,-19.07,351.81,1.46,15.0,125.0,0,0,-1.43,-16.40,-1.31,0.000,0.000,0.000,1.000,0.100,0.100,0.100,1,32.8,102.0,792,804,16,115,0
10.46,climb_cruise,442.6,442.6,35002.7,-7,-0.29,-19.40,351.80,1.46,15.0,125.0,0,0,-1.43,-16.40,-1.33,0.000,0.000,0.000,1.000,0.100,0.100,0.100,1,32.7,102.0,792,804,16,115,0
10.48,climb_cruise,442.6,442.6,35002.7,-11,-0.33,-19.73,351.78,1.46,15.0,125.0,0,0,-1.42,-16.39,-1.34,0.000,0.000,0.000,1.000,0.100,0.100,0.100,1,32.7,102.0,792,804,16,115,0
10.50,climb_cruise,442.5,442.5,35002.7,-16,-0.37,-20.05,351.77,1.46,15.0,125.0,0,0,-1.42,-16.39,-1.35,0.000,0.000,0.000,1.000,0.100,0.100,0.100,1,32.6,102.0,792,804,16,115,0
10.52,climb_cruise,442.5,442.5,35002.7,-20,-0.40,-20.38,351.75,1.46,15.0,125.0,0,0,-1.41,-16.39,-1.36,0.000,0.000,0.000,1.000,0.100,0.100,0.100,1,32.5,102.0,792,804,16,114,0
10.54,climb_cruise,442.5,442.5,35002.7,-24,-0.44,-20.71,351.74,1.45,15.0,125.0,0,0,-1.40,-16.39,-1.37,0.000,0.000,0.000,1.000,0.100,0.100,0.100,1,32.5,102.0,792,804,16,115,0
10.56,climb_cruise,442.5,442.5,35002.7,-28,-0.47,-21.04,351.72,1.45,15.0,125.0,0,0,-1.40,-16.39,-1.39,0.000,0.000,0.000,1.000,0.100,0.100,0.100,1,32.4,102.0,792,804,16,114,0
10.58,climb_cruise,442.5,442.5,35002.7,-33,-0.51,-21.36,351.70,1.45,15.0,125.0,0,0,-1.39,-16.39,-1.40,0.000,0.000,0.000,1.000,0.100,0.100,0.100,1,32.4,102.0,792,804,16,115,0
10.60,climb_cruise,442.4,442.4,35002.7,-38,-0.55,-21.69,351.69,1.45,15.0,125.0,0,0,-1.38,-16.39,-1.41,0.000,0.000,0.000,1.000,0.100,0.100,0.100,1,32.3,102.0,792,804,16,115,0
10.62,climb_cruise,442.4,442.4,35002.7,-42,-0.58,-22.02,351.67,1.45,15.0,125.0,0,0,-1.37,-16.39,-1.42,0.000,0.000,0.000,1.000,0.100,0.100,0.100,1,32.2,102.0,792,804,16,116,0
10.64,climb_cruise,442.4,442.4,35002.7,-47,-0.62,-22.35,351.66,1.45,15.0,125.0,0,0,-1.37,-16.39,-1.44,0.000,0.000,0.000,1.000,0.100,0.100,0.100,1,32.2,102.0,792,804,16,116,0
10.66,climb_cruise,442.4,442.4,35002.6,-52,-0.65,-22.67,351.64,1.45,15.0,125.0,0,0,-1.36,-16.39,-1.45,0.000,0.000,0.000,1.000,0.100,0.100,0.100,1,32.1,102.0,792,804,16,116,0
10.68,climb_cruise,442.4,442.4,35002.6,-57,-0.69,-23.00,351.62,1.45,15.0,125.0,0,0,-1.35,-16.39,-1.46,0.000,0.000,0.000,1.000,0.100,0.100,0.100,1,32.0,102.0,792,804,16,116,0
10.70,climb_cruise,442.4,442.4,35002.6,-62,-0.73,-23.33,351.61,1.45,15.0,125.0,0,0,-1.34,-16.39,-1.47,0.000,0.000,0.000,1.000,0.100,0.100,0.100,1,32.0,102.0,792,804,16,116,0
10.72,climb_cruise,442.3,442.3,35002.6,-68,-0.76,-23.66,351.59,1.44,15.0,125.0,0,0,-1.33,-16.39,-1.49,0.000,0.000,0.000,1.000,0.100,0.100,0.100,1,31.9,102.0,792,804,16,115,0
10.74,climb_cruise,442.3,442.3,35002.6,-73,-0.80,-23.98,351.57,1.44,15.0,125.0,0,0,-1.33,-16.38,-1.50,0.000,0.000,0.000,1.000,0.100,0.100,0.100,1,31.8,102.0,792,804,16,115,0
10.76,climb_cruise,442.3,442.3,35002.5,-78,-0.84,-24.31,351.56,1.44,15.0,125.0,0,0,-1.32,-16.38,-1.51,0.000,0.000,0.000,1.000,0.100,0.100,0.100,1,31.8,102.0,792,804,16,115,0
10.78,climb_cruise,442.3,442.3,35002.5,-84,-0.87,-24.64,351.54,1.44,15.0,125.0,0,0,-1.31,-16.38,-1.53,0.000,0.000,0.000,1.000,0.100,0.100,0.100,1,31.7,102.0,792,804,16,115,0
10.80,climb_cruise,442.3,442.3,35002.5,-90,-0.91,-24.97,351.52,1.44,15.0,125.0,0,0,-1.30,-16.38,-1.54,0.000,0.000,0.000,1.000,0.100,0.100,0.100,1,31.6,102.0,792,804,16,116,0
10.82,climb_cruise,442.2,442.2,35002.5,-95,-0.95,-25.29,351.51,1.44,15.0,125.0,0,0,-1.29,-16.38,-1.55,0.000,0.000,0.000,1.000,0.100,0.100,0.100,1,31.6,102.0,792,804,16,116,0
10.84,climb_cruise,442.2,442.2,35002.4,-101,-0.98,-25.62,351.49,1.44,15.0,125.0,0,0,-1.28,-16.38,-1.56,0.000,0.000,0.000,1.000,0.100,0.100,0.100,1,31.5,102.0,792,804,16,115,0
10.86,climb_cruise,442.2,442.2,35002.4,-107,-1.02,-25.95,351.47,1.44,15.0,125.0,0,0,-1.27,-16.38,-1.58,0.000,0.000,0.000,1.000,0.100,0.100,0.100,1,31.5,102.0,792,804,16,114,0
10.88,climb_cruise,442.2,442.2,35002.3,-113,-1.06,-26.28,351.45,1.44,15.0,125.0,0,0,-1.26,-16.38,-1.59,0.000,0.000,0.000,1.000,0.100,0.100,0.100,1,31.4,102.0,792,804,16,115,0
10.90,climb_cruise,442.2,442.2,35002.3,-120,-1.09,-26.60,351.44,1.44,15.0,125.0,0,0,-1.25,-16.38,-1.60,0.000,0.000,0.000,1.000,0.100,0.100,0.100,1,31.3,102.0,792,804,16,114,0
10.92,climb_cruise,442.1,442.1,35002.3,-126,-1.13,-26.93,351.42,1.44,15.0,125.0,0,0,-1.24,-16.38,-1.61,0.000,0.000,0.000,1.000,0.100,0.100,0.100,1,31.3,102.0,792,804,16,115,0
10.94,climb_cruise,442.1,442.1,35002.2,-133,-1.17,-27.26,351.40,1.44,15.0,125.0,0,0,-1.23,-16.38,-1.63,0.000,0.000,0.000,1.000,0.100,0.100,0.100,1,31.2,102.0,792,804,16,115,0
10.96,climb_cruise,442.1,442.1,35002.2,-139,-1.20,-27.59,351.38,1.44,15.0,125.0,0,0,-1.22,-16.38,-1.64,0.000,0.000,0.000,1.000,0.100,0.100,0.100,1,31.1,102.0,792,804,16,114,0
10.98,climb_cruise,442.1,442.1,35002.1,-146,-1.24,-27.91,351.37,1.44,15.0,125.0,0,0,-1.21,-16.38,-1.65,0.000,0.000,0.000,1.000,0.100,0.100,0.100,1,31.1,102.0,792,804,16,115,0
11.00,climb_cruise,442.1,442.1,35002.1,-153,-1.28,-28.24,351.35,1.44,15.0,125.0,0,0,-1.20,-16.38,-1.67,0.000,0.000,0.000,1.000,0.100,0.100,0.100,1,31.0,102.0,792,804,16,115,0
11.02,climb_cruise,442.1,442.1,35002.0,-160,-1.31,-28.57,351.33,1.44,15.0,125.0,0,0,-1.19,-16.38,-1.68,0.000,0.000,0.000,1.000,0.100,0.100,0.100,1,31.0,102.0,792,804,16,114,0
11.04,climb_cruise,442.0,442.0,35002.0,-167,-1.35,-28.89,351.31,1.44,15.0,125.0,0,0,-1.18,-16.38,-1.69,0.000,0.000,0.000,1.000,0.100,0.100,0.100,1,30.9,102.0,792,804,16,115,0
11.06,climb_cruise,442.0,442.0,35001.9,-174,-1.39,-29.22,351.29,1.44,15.0,125.0,0,0,-1.17,-16.38,-1.70,0.000,0.000,0.000,1.000,0.100,0.100,0.100,1,30.8,102.0,792,804,16,115,0
11.08,climb_cruise,442.0,442.0,35001.9,-181,-1.42,-29.55,351.28,1.44,15.0,125.0,0,0,-1.16,-16.37,-1.72,0.000,0.000,0.000,1.000,0.100,0.100,0.100,1,30.8,102.0,792,804,16,116,0
11.10,climb_cruise,442.0,442.0,35001.8,-188,-1.46,-29.87,351.26,1.44,15.0,125.0,0,0,-1.14,-16.37,-1.73,0.000,0.000,0.000,1.000,0.100,0.100,0.100,1,30.7,102.0,792,804,16,115,0
11.12,climb_cruise,442.0,442.0,35001.7,-196,-1.50,-30.20,351.24,1.44,15.0,125.0,0,0,-1.13,-16.37,-1.74,0.000,0.000,0.000,1.000,0.100,0.100,0.100,1,30.6,102.0,792,804,16,116,0
11.14,climb_cruise,442.0,442.0,35001.7,-204,-1.54,-30.53,351.22,1.44,15.0,125.0,0,0,-1.12,-16.37,-1.75,0.000,0.000,0.000,1.000,0.100,0.100,0.100,1,30.6,102.0,792,804,16,116,0
11.16,climb_cruise,441.9,441.9,35001.6,-211,-1.57,-30.86,351.20,1.44,15.0,125.0,0,0,-1.11,-16.37,-1.77,0.000,0.000,0.000,1.000,0.100,0.100,0.100,1,30.5,102.0,792,804,16,114,0
11.18,climb_cruise,441.9,441.9,35001.5,-219,-1.61,-31.18,351.18,1.44,15.0,125.0,0,0,-1.10,-16.37,-1.78,0.000,0.000,0.000,1.000,0.100,0.100,0.100,1,30.5,102.0,792,804,16,114,0
11.20,climb_cruise,441.9,441.9,35001.5,-227,-1.65,-31.51,351.16,1.44,15.0,125.0,0,0,-1.08,-16.37,-1.79,0.000,0.000,0.000,1.000,0.100,0.100,0.100,1,30.4,102.0,792,804,16,115,0
11.22,climb_cruise,441.9,441.9,35001.4,-235,-1.68,-31.84,351.14,1.44,15.0,125.0,0,0,-1.07,-16.37,-1.80,0.000,0.000,0.000,1.000,0.100,0.100,0.100,1,30.3,102.0,792,804,16,114,0
11.24,climb_cruise,441.9,441.9,35001.3,-243,-1.72,-32.16,351.12,1.44,15.0,125.0,0,0,-1.06,-16.37,-1.82,0.000,0.000,0.000,1.000,0.100,0.100,0.100,1,30.3,102.0,792,804,16,115,0
11.26,climb_cruise,441.8,441.8,35001.2,-252,-1.76,-32.49,351.11,1.45,15.0,125.0,0,0,-1.05,-16.37,-1.83,0.000,0.000,0.000,1.000,0.100,0.100,0.100,1,30.2,102.0,792,804,16,114,0
11.28,climb_cruise,441.8,441.8,35001.1,-260,-1.80,-32.82,351.09,1.45,15.0,125.0,0,0,-1.03,-16.37,-1.84,0.000,0.000,0.000,1.000,0.100,0.100,0.100,1,30.2,102.0,792,804,16,115,0
11.30,climb_cruise,441.8,441.8,35001.0,-269,-1.83,-33.14,351.07,1.45,15.0,125.0,0,0,-1.02,-16.37,-1.85,0.000,0.000,0.000,1.000,0.100,0.100,0.100,1,30.1,102.0,792,804,16,115,0
11.32,climb_cruise,441.8,441.8,35001.0,-278,-1.87,-33.47,351.05,1.45,15.0,125.0,0,0,-1.01,-16.37,-1.86,0.000,0.000,0.000,1.000,0.100,0.100,0.100,1,30.0,102.0,792,804,16,114,0
11.34,climb_cruise,441.8,441.8,35000.9,-287,-1.91,-33.80,351.03,1.45,15.0,125.0,0,0,-0.99,-16.37,-1.88,0.000,0.000,0.000,1.000,0.100,0.100,0.100,1,30.0,102.0,792,804,16,116,0
11.36,climb_cruise,441.8,441.8,35000.8,-296,-1.95,-34.12,351.01,1.45,15.0,125.0,0,0,-0.98,-16.37,-1.89,0.000,0.000,0.000,1.000,0.100,0.100,0.100,1,29.9,102.0,792,804,16,115,0
11.38,climb_cruise,441.7,441.7,35000.7,-305,-1.98,-34.45,350.99,1.45,15.0,125.0,0,0,-0.96,-16.37,-1.90,0.000,0.000,0.000,1.000,0.100,0.100,0.100,1,29.9,102.0,792,804,16,116,0
11.40,climb_cruise,441.7,441.7,35000.6,-314,-2.02,-34.78,350.96,1.46,15.0,125.0,0,0,-0.95,-16.37,-1.91,0.000,0.000,0.000,1.000,0.100,0.100,0.100,1,29.8,102.0,792,804,16,115,0
11.42,climb_cruise,441.7,441.7,35000.5,-323,-2.06,-35.10,350.94,1.46,15.0,125.0,0,0,-0.94,-16.37,-1.92,0.000,0.000,0.000,1.000,0.100,0.100,0.100,1,29.7,102.0,792,804,16,115,0
11.44,climb_cruise,441.7,441.7,35000.3,-333,-2.10,-35.43,350.92,1.46,15.0,125.0,0,0,-0.92,-16.37,-1.94,0.000,0.000,0.000,1.000,0.100,0.100,0.100,1,29.7,102.0,792,804,16,115,0
11.46,climb_cruise,441.7,441.7,35000.2,-342,-2.13,-35.76,350.90,1.46,15.0,125.0,0,0,-0.91,-16.37,-1.95,0.000,0.000,0.000,1.000,0.100,0.100,0.100,1,29.6,102.0,792,804,16,115,0
11.48,climb_cruise,441.7,441.7,35000.1,-352,-2.17,-36.08,350.88,1.46,15.0,125.0,0,0,-0.89,-16.37,-1.96,0.000,0.000,0.000,1.000,0.100,0.100,0.100,1,29.6,102.0,792,804,16,114,0
11.50,climb_cruise,441.6,441.6,35000.0,-362,-2.21,-36.41,350.86,1.47,15.0,125.0,0,0,-0.88,-16.37,-1.97,0.000,0.000,0.000,1.000,0.100,0.100,0.100,1,29.5,102.0,792,804,16,115,0
11.52,climb_cruise,441.6,441.6,34999.9,-372,-2.25,-36.74,350.84,1.47,15.0,125.0,0,0,-0.86,-16.37,-1.99,0.000,0.000,0.000,1.000,0.100,0.100,0.100,1,29.4,102.0,792,804,16,115,0
11.54,climb_cruise,441.6,441.6,34999.8,-382,-2.28,-37.06,350.82,1.47,15.0,125.0,0,0,-0.84,-16.37,-2.00,0.000,0.000,0.000,1.000,0.100,0.100,0.100,1,29.4,102.0,792,804,16,116,0
11.56,climb_cruise,441.6,441.6,34999.6,-392,-2.32,-37.39,350.80,1.47,15.0,125.0,0,0,-0.83,-16.37,-2.01,0.000,0.000,0.000,1.000,0.100,0.100,0.100,1,29.3,102.0,792,804,16,115,0
11.58,climb_cruise,441.6,441.6,34999.5,-403,-2.36,-37.72,350.77,1.48,15.0,125.0,0,0,-0.81,-16.37,-2.02,0.000,0.000,0.000,1.000,0.100,0.100,0.100,1,29.3,102.0,792,804,16,116,0
11.60,climb_cruise,441.6,441.6,34999.4,-413,-2.40,-38.04,350.75,1.48,15.0,125.0,0,0,-0.80,-16.36,-2.03,0.000,0.000,0.000,1.000,0.100,0.100,0.100,1,29.2,102.0,792,804,16,114,0
11.62,climb_cruise,441.5,441.5,34999.2,-424,-2.43,-38.37,350.73,1.48,15.0,125.0,0,0,-0.78,-16.36,-2.05,0.000,0.000,0.000,1.000,0.100,0.100,0.100,1,29.2,102.0,792,804,16,114,0
11.64,climb_cruise,441.5,441.5,34999.1,-435,-2.47,-38.70,350.71,1.49,15.0,125.0,0,0,-0.76,-16.36,-2.06,0.000,0.000,0.000,1.000,0.100,0.100,0.100,1,29.1,102.0,792,804,16,114,0
11.66,climb_cruise,441.5,441.5,34998.9,-446,-2.51,-39.02,350.68,1.49,15.0,125.0,0,0,-0.75,-16.36,-2.07,0.000,0.000,0.000,1.000,0.100,0.100,0.100,1,29.0,102.0,792,804,16,115,0
11.68,climb_cruise,441.5,441.5,34998.8,-457,-2.55,-39.35,350.66,1.49,15.0,125.0,0,0,-0.73,-16.36,-2.08,0.000,0.000,0.000,1.000,0.100,0.100,0.100,1,29.0,102.0,792,804,16,116,0
11.70,climb_cruise,441.5,441.5,34998.6,-468,-2.58,-39.67,350.64,1.50,15.0,125.0,0,0,-0.71,-16.36,-2.09,0.000,0.000,0.000,1.000,0.100,0.100,0.100,1,28.9,102.0,792,804,16,115,0
11.72,climb_cruise,441.5,441.5,34998.5,-479,-2.62,-40.00,350.61,1.50,15.0,125.0,0,0,-0.69,-16.36,-2.10,0.000,0.000,0.000,1.000,0.100,0.100,0.100,1,28.9,102.0,792,804,16,115,0
11.74,climb_cruise,441.5,441.5,34998.3,-491,-2.66,-40.33,350.59,1.50,15.0,125.0,0,0,-0.68,-16.36,-2.12,0.000,0.000,0.000,1.000,0.100,0.100,0.100,1,28.8,102.0,792,804,16,116,0
11.76,climb_cruise,441.4,441.4,34998.1,-502,-2.70,-40.65,350.57,1.51,15.0,125.0,0,0,-0.66,-16.36,-2.13,0.000,0.000,0.000,1.000,0.100,0.100,0.100,1,28.7,102.0,792,804,16,114,0
11.78,climb_cruise,441.4,441.4,34998.0,-514,-2.73,-40.98,350.54,1.51,15.0,125.0,0,0,-0.64,-16.36,-2.14,0.000,0.000,0.000,1.000,0.100,0.100,0.100,1,28.7,102.0,792,804,16,115,0
11.80,climb_cruise,441.4,441.4,34997.8,-526,-2.77,-41.30,350.52,1.52,15.0,125.0,0,0,-0.62,-16.36,-2.15,0.000,0.000,0.000,1.000,0.100,0.100,0.100,1,28.6,102.0,792,804,16,114,0
11.82,climb_cruise,441.4,441.4,34997.6,-538,-2.81,-41.63,350.50,1.52,15.0,125.0,0,0,-0.60,-16.36,-2.16,0.000,0.000,0.000,1.000,0.100,0.100,0.100,1,28.6,102.0,792,804,16,115,0
11.84,climb_cruise,441.4,441.4,34997.4,-550,-2.85,-41.96,350.47,1.52,15.0,125.0,0,0,-0.58,-16.36,-2.18,0.000,0.000,0.000,1.000,0.100,0.100,0.100,1,28.5,102.0,792,804,16,115,0
11.86,climb_cruise,441.4,441.4,34997.3,-562,-2.89,-42.28,350.45,1.53,15.0,125.0,0,0,-0.57,-16.36,-2.19,0.000,0.000,0.000,1.000,0.100,0.100,0.100,1,28.5,102.0,792,804,16,114,0
11.88,climb_cruise,441.4,441.4,34997.1,-574,-2.92,-42.61,350.42,1.53,15.0,125.0,0,0,-0.55,-16.36,-2.20,0.000,0.000,0.000,1.000,0.100,0.100,0.100,1,28.4,102.0,792,804,16,115,0
11.90,climb_cruise,441.3,441.3,34996.9,-587,-2.96,-42.93,350.40,1.54,15.0,125.0,0,0,-0.53,-16.36,-2.21,0.000,0.000,0.000,1.000,0.100,0.100,0.100,1,28.3,102.0,792,804,16,114,0
11.92,climb_cruise,441.3,441.3,34996.7,-600,-3.00,-43.26,350.37,1.54,15.0,125.0,0,0,-0.51,-16.36,-2.22,0.000,0.000,0.000,1.000,0.100,0.100,0.100,1,28.3,102.0,792,804,16,116,0
11.94,climb_cruise,441.3,441.3,34996.5,-612,-3.04,-43.59,350.35,1.55,15.0,125.0,0,0,-0.49,-16.36,-2.23,0.000,0.000,0.000,1.000,0.100,0.100,0.100,1,28.2,102.0,792,804,16,115,0
11.96,climb_cruise,441.3,441.3,34996.3,-625,-3.07,-43.91,350.32,1.55,15.0,125.0,0,0,-0.47,-16.36,-2.25,0.000,0.000,0.000,1.000,0.100,0.100,0.100,1,28.2,102.0,792,804,16,114,0
11.98,climb_cruise,441.3,441.3,34996.1,-638,-3.11,-44.24,350.29,1.56,15.0,125.0,0,0,-0.45,-16.36,-2.26,0.000,0.000,0.000,1.000,0.100,0.100,0.100,1,28.1,102.0,792,804,16,116,0
12.00,climb_cruise,441.3,441.3,34995.8,-652,-3.15,-44.56,350.27,1.57,15.0,125.0,0,0,-0.43,-16.36,-2.27,0.000,0.000,0.000,1.000,0.100,0.100,0.100,1,28.1,102.0,792,804,16,116,0
12.02,climb_cruise,441.3,441.3,34995.6,-665,-3.19,-44.89,350.24,1.57,15.0,125.0,0,0,-0.40,-16.36,-2.28,0.000,0.000,0.000,1.000,0.100,0.100,0.100,1,28.0,102.0,792,804,16,116,0
12.04,climb_cruise,441.2,441.2,34995.4,-678,-3.23,-45.22,350.21,1.58,15.0,125.0,0,0,-0.38,-16.36,-2.29,0.000,0.000,0.000,1.000,0.100,0.100,0.100,1,28.0,102.0,792,804,16,114,0
12.06,climb_cruise,441.2,441.2,34995.2,-692,-3.26,-45.54,350.19,1.58,15.0,125.0,0,0,-0.36,-16.36,-2.30,0.000,0.000,0.000,1.000,0.100,0.100,0.100,1,27.9,102.0,792,804,16,114,0
12.08,climb_cruise,441.2,441.2,34994.9,-706,-3.30,-45.87,350.16,1.59,15.0,125.0,0,0,-0.34,-16.36,-2.32,0.000,0.000,0.000,1.000,0.100,0.100,0.100,1,27.8,102.0,792,804,16,114,0
12.10,climb_cruise,441.2,441.2,34994.7,-720,-3.34,-46.19,350.13,1.60,15.0,125.0,0,0,-0.32,-16.36,-2.33,0.000,0.000,0.000,1.000,0.100,0.100,0.100,1,27.8,102.0,792,804,16,116,0
12.12,climb_cruise,441.2,441.2,34994.5,-734,-3.38,-46.52,350.10,1.60,15.0,125.0,0,0,-0.30,-16.37,-2.34,0.000,0.000,0.000,1.000,0.100,0.100,0.100,1,27.7,102.0,792,804,16,115,0
12.14,climb_cruise,441.2,441.2,34994.2,-748,-3.42,-46.84,350.08,1.61,15.0,125.0,0,0,-0.27,-16.37,-2.35,0.000,0.000,0.000,1.000,0.100,0.100,0.100,1,27.7,102.0,792,804,16,116,0
12.16,climb_cruise,441.2,441.2,34994.0,-762,-3.45,-47.17,350.05,1.62,15.0,125.0,0,0,-0.25,-16.37,-2.36,0.000,0.000,0.000,1.000,0.100,0.100,0.100,1,27.6,102.0,792,804,16,114,0
12.18,climb_cruise,441.1,441.1,34993.7,-777,-3.49,-47.50,350.02,1.62,15.0,125.0,0,0,-0.23,-16.37,-2.37,0.000,0.000,0.000,1.000,0.100,0.100,0.100,1,27.6,102.0,792,804,16,114,0
12.20,climb_cruise,441.1,441.1,34993.4,-791,-3.53,-47.82,349.99,1.63,15.0,125.0,0,0,-0.21,-16.37,-2.39,0.000,0.000,0.000,1.000,0.100,0.100,0.100,1,27.5,102.0,792,804,16,116,0
12.22,climb_cruise,441.1,441.1,34993.2,-806,-3.57,-48.15,349.96,1.64,15.0,125.0,0,0,-0.18,-16.37,-2.40,0.000,0.000,0.000,1.000,0.100,0.100,0.100,1,27.5,102.0,792,804,16,114,0
12.24,climb_cruise,441.1,441.1,34992.9,-821,-3.61,-48.47,349.93,1.65,15.0,125.0,0,0,-0.16,-16.37,-2.41,0.000,0.000,0.000,1.000,0.100,0.100,0.100,1,27.4,102.0,792,804,16,114,0
12.26,climb_cruise,441.1,441.1,34992.6,-836,-3.64,-48.80,349.90,1.66,15.0,125.0,0,0,-0.14,-16.37,-2.42,0.000,0.000,0.000,1.000,0.100,0.100,0.100,1,27.3,102.0,792,804,16,115,0
12.28,climb_cruise,441.1,441.1,34992.3,-851,-3.68,-49.12,349.87,1.66,15.0,125.0,0,0,-0.11,-16.37,-2.43,0.000,0.000,0.000,1.000,0.100,0.100,0.100,1,27.3,102.0,792,804,16,114,0
12.30,climb_cruise,441.1,441.1,34992.1,-867,-3.72,-49.45,349.84,1.67,15.0,125.0,0,0,-0.09,-16.37,-2.44,0.000,0.000,0.000,1.000,0.100,0.100,0.100,1,27.2,102.0,792,804,16,115,0
12.32,climb_cruise,441.1,441.1,34991.8,-882,-3.76,-49.77,349.81,1.68,15.0,125.0,0,0,-0.06,-16.37,-2.45,0.000,0.000,0.000,1.000,0.100,0.100,0.100,1,27.2,102.0,792,804,16,114,0
12.34,climb_cruise,441.0,441.0,34991.5,-898,-3.80,-50.10,349.78,1.69,15.0,125.0,0,0,-0.04,-16.37,-2.47,0.000,0.000,0.000,1.000,0.100,0.100,0.100,1,27.1,102.0,792,804,16,115,0
12.36,climb_cruise,441.0,441.0,34991.2,-913,-3.84,-50.42,349.75,1.70,15.0,125.0,0,0,-0.01,-16.37,-2.48,0.000,0.000,0.000,1.000,0.100,0.100,0.100,1,27.1,102.0,792,804,16,116,0
12.38,climb_cruise,441.0,441.0,34990.9,-929,-3.87,-50.75,349.72,1.71,15.0,125.0,0,0,0.01,-16.37,-2.49,0.000,0.000,0.000,1.000,0.100,0.100,0.100,1,27.0,102.0,792,804,16,115,0
12.40,climb_cruise,441.0,441.0,34990.5,-945,-3.91,-51.08,349.69,1.72,15.0,125.0,0,0,0.04,-16.37,-2.50,0.000,0.000,0.000,1.000,0.100,0.100,0.100,1,27.0,102.0,792,804,16,115,0
12.42,climb_cruise,441.0,441.0,34990.2,-962,-3.95,-51.40,349.65,1.73,15.0,125.0,0,0,0.06,-16.37,-2.51,0.000,0.000,0.000,1.000,0.100,0.100,0.100,1,26.9,102.0,792,804,16,115,0
12.44,climb_cruise,441.0,441.0,34989.9,-978,-3.99,-51.73,349.62,1.74,15.0,125.0,0,0,0.09,-16.37,-2.52,0.000,0.000,0.000,1.000,0.100,0.100,0.100,1,26.9,102.0,792,804,16,114,0
12.46,climb_cruise,441.0,441.0,34989.6,-994,-4.03,-52.05,349.59,1.75,15.0,125.0,0,0,0.12,-16.38,-2.53,0.000,0.000,0.000,1.000,0.100,0.100,0.100,1,26.8,102.0,792,804,16,114,0
12.48,climb_cruise,441.0,441.0,34989.2,-1011,-4.07,-52.38,349.56,1.76,15.0,125.0,0,0,0.14,-16.38,-2.55,0.000,0.000,0.000,1.000,0.100,0.100,0.100,1,26.8,102.0,792,804,16,115,0
12.50,climb_cruise,441.0,441.0,34988.9,-1028,-4.11,-52.70,349.52,1.77,15.0,125.0,0,0,0.17,-16.38,-2.56,0.000,0.000,0.000,1.000,0.100,0.100,0.100,1,26.7,102.0,792,804,16,115,0
12.52,climb_cruise,440.9,440.9,34988.6,-1045,-4.14,-53.03,349.49,1.78,15.0,125.0,0,0,0.20,-16.38,-2.57,0.000,0.000,0.000,1.000,0.100,0.100,0.100,1,26.6,102.0,792,804,16,115,0
12.54,climb_cruise,440.9,440.9,34988.2,-1062,-4.18,-53.35,349.45,1.79,15.0,125.0,0,0,0.22,-16.38,-2.58,0.000,0.000,0.000,1.000,0.100,0.100,0.100,1,26.6,102.0,792,804,16,115,0
12.56,climb_cruise,440.9,440.9,34987.9,-1079,-4.22,-53.68,349.42,1.80,15.0,125.0,0,0,0.25,-16.38,-2.59,0.000,0.000,0.000,1.000,0.100,0.100,0.100,1,26.5,102.0,792,804,16,115,0
12.58,climb_cruise,440.9,440.9,34987.5,-1096,-4.26,-54.00,349.38,1.81,15.0,125.0,0,0,0.28,-16.38,-2.60,0.000,0.000,0.000,1.000,0.100,0.100,0.100,1,26.5,102.0,792,804,16,114,0
12.60,climb_cruise,440.9,440.9,34987.1,-1114,-4.30,-54.33,349.35,1.82,15.0,125.0,0,0,0.31,-16.38,-2.61,0.000,0.000,0.000,1.000,0.100,0.100,0.100,1,26.4,102.0,792,804,16,114,0
12.62,climb_cruise,440.9,440.9,34986.7,-1132,-4.34,-54.65,349.31,1.84,15.0,125.0,0,0,0.34,-16.38,-2.63,0.000,0.000,0.000,1.000,0.100,0.100,0.100,1,26.4,102.0,792,804,16,115,0
12.64,climb_cruise,440.9,440.9,34986.4,-1149,-4.38,-54.98,349.28,1.85,15.0,125.0,0,0,0.37,-16.38,-2.64,0.000,0.000,0.000,1.000,0.100,0.100,0.100,1,26.3,102.0,792,804,16,115,0
12.66,climb_cruise,440.9,440.9,34986.0,-1167,-4.42,-55.30,349.24,1.86,15.0,125.0,0,0,0.39,-16.39,-2.65,0.000,0.000,0.000,1.000,0.100,0.100,0.100,1,26.3,102.0,792,804,16,115,0
12.68,climb_cruise,440.9,440.9,34985.6,-1185,-4.46,-55.63,349.20,1.87,15.0,125.0,0,0,0.42,-16.39,-2.66,0.000,0.000,0.000,1.000,0.100,0.100,0.100,1,26.2,102.0,792,804,16,114,0
12.70,climb_cruise,440.8,440.8,34985.2,-1204,-4.49,-55.95,349.17,1.89,15.0,125.0,0,0,0.45,-16.39,-2.67,0.000,0.000,0.000,1.000,0.100,0.100,0.100,1,26.2,102.0,792,804,16,114,0
12.72,climb_cruise,440.8,440.8,34984.8,-1222,-4.53,-56.28,349.13,1.90,15.0,125.0,0,0,0.48,-16.39,-2.68,0.000,0.000,0.000,1.000,0.100,0.100,0.100,1,26.1,102.0,792,804,16,116,0
12.74,climb_cruise,440.8,440.8,34984.4,-1241,-4.57,-56.60,349.09,1.91,15.0,125.0,0,0,0.51,-16.39,-2.69,0.000,0.000,0.000,1.000,0.100,0.100,0.100,1,26.1,102.0,792,804,16,116,0
12.76,climb_cruise,440.8,440.8,34984.0,-1259,-4.61,-56.93,349.05,1.93,15.0,125.0,0,0,0.54,-16.39,-2.71,0.000,0.000,0.000,1.000,0.100,0.100,0.100,1,26.0,102.0,792,804,16,115,0
12.78,climb_cruise,440.8,440.8,34983.5,-1278,-4.65,-57.25,349.01,1.94,15.0,125.0,0,0,0.57,-16.40,-2.72,0.000,0.000,0.000,1.000,0.100,0.100,0.100,1,26.0,102.0,792,804,16,114,0
12.80,climb_cruise,440.8,440.8,34983.1,-1297,-4.69,-57.57,348.97,1.95,15.0,125.0,0,0,0.61,-16.40,-2.73,0.000,0.000,0.000,1.000,0.100,0.100,0.100,1,25.9,102.0,792,804,16,115,0
12.82,climb_cruise,440.8,440.8,34982.7,-1317,-4.73,-57.90,348.93,1.97,15.0,125.0,0,0,0.64,-16.40,-2.74,0.000,0.000,0.000,1.000,0.100,0.100,0.100,1,25.9,102.0,792,804,16,116,0
12.84,climb_cruise,440.8,440.8,34982.2,-1336,-4.77,-58.22,348.89,1.98,15.0,125.0,0,0,0.67,-16.40,-2.75,0.000,0.000,0.000,1.000,0.100,0.100,0.100,1,25.8,102.0,792,804,16,115,0
12.86,climb_cruise,440.8,440.8,34981.8,-1355,-4.81,-58.55,348.85,2.00,15.0,125.0,0,0,0.70,-16.40,-2.76,0.000,0.000,0.000,1.000,0.100,0.100,0.100,1,25.8,102.0,792,804,16,114,0
12.88,climb_cruise,440.8,440.8,34981.3,-1375,-4.85,-58.87,348.81,2.01,15.0,125.0,0,0,0.73,-16.40,-2.77,0.000,0.000,0.000,1.000,0.100,0.100,0.100,1,25.7,102.0,792,804,16,114,0
12.90,climb_cruise,440.7,440.7,34980.9,-1395,-4.89,-59.20,348.77,2.03,15.0,125.0,0,0,0.77,-16.41,-2.79,0.000,0.000,0.000,1.000,0.100,0.100,0.100,1,25.7,102.0,792,804,16,114,0
12.92,climb_cruise,440.7,440.7,34980.4,-1415,-4.93,-59.52,348.73,2.05,15.0,125.0,0,0,0.80,-16.41,-2.80,0.000,0.000,0.000,1.000,0.100,0.100,0.100,1,25.6,102.0,792,804,16,114,0
12.94,climb_cruise,440.7,440.7,34979.9,-1435,-4.97,-59.85,348.69,2.06,15.0,125.0,0,0,0.83,-16.41,-2.81,0.000,0.000,0.000,1.000,0.100,0.100,0.100,1,25.5,102.0,792,804,16,116,0
12.96,climb_cruise,440.7,440.7,34979.4,-1455,-5.01,-60.17,348.64,2.08,15.0,125.0,0,0,0.86,-16.41,-2.82,0.000,0.000,0.000,1.000,0.100,0.100,0.100,1,25.5,102.0,792,804,16,115,0
12.98,climb_cruise,440.7,440.7,34979.0,-1476,-5.05,-60.50,348.60,2.10,15.0,125.0,0,0,0.89,-16.41,-2.83,0.000,0.000,0.000,1.000,0.100,0.100,0.100,1,25.4,102.0,792,804,16,116,0
13.00,climb_cruise,440.7,440.7,34978.5,-1496,-5.09,-60.82,348.55,2.11,15.0,125.0,0,0,0.92,-16.42,-2.84,0.000,0.000,0.000,1.000,0.100,0.100,0.100,1,25.4,102.0,792,804,16,116,0
13.02,climb_cruise,440.7,440.7,34978.0,-1517,-5.13,-61.14,348.51,2.13,15.0,125.0,0,0,0.95,-16.42,-2.85,0.000,0.000,0.000,1.000,0.100,0.100,0.100,1,25.3,102.0,792,804,16,116,0
13.04,climb_cruise,440.7,440.7,34977.4,-1538,-5.17,-61.47,348.47,2.15,15.0,125.0,0,0,0.98,-16.42,-2.87,0.000,0.000,0.000,1.000,0.100,0.100,0.100,1,25.3,102.0,792,804,16,115,0
13.06,climb_cruise,440.7,440.7,34976.9,-1559,-5.21,-61.79,348.42,2.16,15.0,125.0,0,0,1.00,-16.42,-2.88,0.000,0.000,0.000,1.000,0.100,0.100,0.100,1,25.2,102.0,792,804,16,115,0
13.08,climb_cruise,440.7,440.7,34976.4,-1581,-5.26,-62.12,348.38,2.18,15.0,125.0,0,0,1.03,-16.43,-2.89,0.000,0.000,0.000,1.000,0.100,0.100,0.100,1,25.2,102.0,792,804,16,115,0
13.10,climb_cruise,440.7,440.7,34975.9,-1602,-5.30,-62.44,348.33,2.20,15.0,125.0,0,0,1.05,-16.43,-2.90,0.000,0.000,0.000,1.000,0.100,0.100,0.100,1,25.1,102.0,792,804,16,115,0
13.12,climb_cruise,440.7,440.7,34975.3,-1624,-5.34,-62.77,348.28,2.22,15.0,125.0,0,0,1.07,-16.43,-2.91,0.000,0.000,0.000,1.000,0.100,0.100,0.100,1,25.1,102.0,792,804,16,116,0
13.14,climb_cruise,440.7,440.7,34974.8,-1645,-5.38,-63.09,348.24,2.23,15.0,125.0,0,0,1.09,-16.43,-2.92,0.000,0.000,0.000,1.000,0.100,0.100,0.100,1,25.0,102.0,792,804,16,115,0
13.16,climb_cruise,440.6,440.6,34974.2,-1667,-5.42,-63.42,348.19,2.25,15.0,125.0,0,0,1.11,-16.44,-2.94,0.000,0.000,0.000,1.000,0.100,0.100,0.100,1,25.0,102.0,792,804,16,115,0
13.18,climb_cruise,440.6,440.6,34973.7,-1689,-5.47,-63.74,348.15,2.27,15.0,125.0,0,0,1.13,-16.44,-2.95,0.000,0.000,0.000,1.000,0.100,0.100,0.100,1,24.9,102.0,792,804,16,115,0
13.20,climb_cruise,440.6,440.6,34973.1,-1712,-5.51,-64.06,348.10,2.29,15.0,125.0,0,0,1.15,-16.44,-2.96,0.000,0.000,0.000,1.000,0.100,0.100,0.100,1,24.9,102.0,792,804,16,115,0
13.22,climb_cruise,440.6,440.6,34972.5,-1734,-5.55,-64.39,348.05,2.31,15.0,125.0,0,0,1.16,-16.44,-2.97,0.000,0.000,0.000,1.000,0.100,0.100,0.100,1,24.8,102.0,792,804,16,114,0
13.24,climb_cruise,440.6,440.6,34972.0,-1757,-5.60,-64.71,348.01,2.32,15.0,125.0,0,0,1.18,-16.45,-2.98,0.000,0.000,0.000,1.000,0.100,0.100,0.100,1,24.8,102.0,792,804,16,115,0
13.26,climb_cruise,440.6,440.6,34971.4,-1780,-5.64,-65.04,347.96,2.34,15.0,125.0,0,0,1.20,-16.45,-2.99,0.000,0.000,0.000,1.000,0.100,0.100,0.100,1,24.7,102.0,792,804,16,115,0
13.28,climb_cruise,440.6,440.6,34970.8,-1803,-5.68,-65.36,347.91,2.36,15.0,125.0,0,0,1.21,-16.45,-3.00,0.000,0.000,0.000,1.000,0.100,0.100,0.100,1,24.7,102.0,792,804,16,116,0
13.30,climb_cruise,440.6,440.6,34970.2,-1826,-5.73,-65.69,347.86,2.38,15.0,125.0,0,0,1.23,-16.46,-3.02,0.000,0.000,0.000,1.000,0.100,0.100,0.100,1,24.6,102.0,792,804,16,114,0
13.32,climb_cruise,440.6,440.6,34969.6,-1849,-5.77,-66.01,347.82,2.39,15.0,125.0,0,0,1.25,-16.46,-3.03,0.000,0.000,0.000,1.000,0.100,0.100,0.100,1,24.6,102.0,792,804,16,114,0
13.34,climb_cruise,440.6,440.6,34968.9,-1873,-5.82,-66.33,347.77,2.41,15.0,125.0,0,0,1.27,-16.46,-3.04,0.000,0.000,0.000,1.000,0.100,0.100,0.100,1,24.5,102.0,792,804,16,114,0
13.36,climb_cruise,440.6,440.6,34968.3,-1897,-5.86,-66.66,347.72,2.43,15.0,125.0,0,0,1.28,-16.46,-3.05,0.000,0.000,0.000,1.000,0.100,0.100,0.100,1,24.5,102.0,792,804,16,115,0
13.38,climb_cruise,440.6,440.6,34967.7,-1920,-5.91,-66.98,347.67,2.44,15.0,125.0,0,0,1.30,-16.47,-3.06,0.000,0.000,0.000,1.000,0.100,0.100,0.100,1,24.4,102.0,792,804,16,114,0
13.40,climb_cruise,440.6,440.6,34967.0,-1945,-5.96,-67.31,347.62,2.46,15.0,125.0,0,0,1.32,-16.47,-3.07,0.000,0.000,0.000,1.000,0.100,0.100,0.100,1,24.4,102.0,792,804,16,115,0
13.42,climb_cruise,440.6,440.6,34966.4,-1969,-6.00,-67.63,347.58,2.48,15.0,125.0,0,0,1.34,-16.47,-3.08,0.000,0.000,0.000,1.000,0.100,0.100,0.100,1,24.4,102.0,792,804,16,116,0
13.44,climb_cruise,440.6,440.6,34965.7,-1993,-6.05,-67.96,347.53,2.50,15.0,125.0,0,0,1.36,-16.48,-3.09,0.000,0.000,0.000,1.000,0.100,0.100,0.100,1,24.3,102.0,792,804,16,114,0
13.46,climb_cruise,440.6,440.6,34965.1,-2018,-6.10,-68.28,347.48,2.51,15.0,125.0,0,0,1.38,-16.48,-3.10,0.000,0.000,0.000,1.000,0.100,0.100,0.100,1,24.3,102.0,792,804,16,116,0
13.48,climb_cruise,440.5,440.5,34964.4,-2043,-6.15,-68.61,347.43,2.53,15.0,125.0,0,0,1.40,-16.48,-3.12,0.000,0.000,0.000,1.000,0.100,0.100,0.100,1,24.2,102.0,792,804,16,114,0
13.50,climb_cruise,440.5,440.5,34963.7,-2068,-6.19,-68.93,347.38,2.55,15.0,125.0,0,0,1.42,-16.49,-3.13,0.000,0.000,0.000,1.000,0.100,0.100,0.100,1,24.2,102.0,792,804,16,114,0
13.52,climb_cruise,440.5,440.5,34963.0,-2094,-6.24,-69.25,347.33,2.56,15.0,125.0,0,0,1.44,-16.49,-3.14,0.000,0.000,0.000,1.000,0.100,0.100,0.100,1,24.1,102.0,792,804,16,116,0
13.54,climb_cruise,440.5,440.5,34962.3,-2119,-6.29,-69.58,347.28,2.58,15.0,125.0,0,0,1.46,-16.49,-3.15,0.000,0.000,0.000,1.000,0.100,0.100,0.100,1,24.1,102.0,792,804,16,114,0
13.56,climb_cruise,440.5,440.5,34961.6,-2145,-6.34,-69.90,347.23,2.60,15.0,125.0,0,0,1.48,-16.50,-3.16,0.000,0.000,0.000,1.000,0.100,0.100,0.100,1,24.0,102.0,792,804,16,115,0
13.58,climb_cruise,440.5,440.5,34960.9,-2171,-6.39,-70.23,347.18,2.62,15.0,125.0,0,0,1.50,-16.50,-3.17,0.000,0.000,0.000,1.000,0.100,0.100,0.100,1,24.0,102.0,792,804,16,115,0
13.60,climb_cruise,440.5,440.5,34960.1,-2197,-6.44,-70.55,347.13,2.63,15.0,125.0,0,0,1.52,-16.50,-3.18,0.000,0.000,0.000,1.000,0.100,0.100,0.100,1,23.9,102.0,792,804,16,115,0
13.62,climb_cruise,440.5,440.5,34959.4,-2223,-6.49,-70.88,347.08,2.65,15.0,125.0,0,0,1.54,-16.51,-3.19,0.000,0.000,0.000,1.000,0.100,0.100,0.100,1,23.9,102.0,792,804,16,115,0
13.64,climb_cruise,440.5,440.5,34958.7,-2250,-6.54,-71.20,347.03,2.67,15.0,125.0,0,0,1.56,-16.51,-3.20,0.000,0.000,0.000,1.000,0.100,0.100,0.100,1,23.8,102.0,792,804,16,115,0
13.66,climb_cruise,440.5,440.5,34957.9,-2276,-6.59,-71.53,346.98,2.68,15.0,125.0,0,0,1.58,-16.51,-3.21,0.000,0.000,0.000,1.000,0.100,0.100,0.100,1,23.8,102.0,792,804,16,116,0
13.68,climb_cruise,440.5,440.5,34957.1,-2303,-6.64,-71.85,346.93,2.70,15.0,125.0,0,0,1.60,-16.52,-3.22,0.000,0.000,0.000,1.000,0.100,0.100,0.100,1,23.7,102.0,792,804,16,115,0
13.70,climb_cruise,440.5,440.5,34956.4,-2331,-6.69,-72.17,346.88,2.72,15.0,125.0,0,0,1.62,-16.52,-3.23,0.000,0.000,0.000,1.000,0.100,0.100,0.100,1,23.7,102.0,792,804,16,116,0
13.72,climb_cruise,440.5,440.5,34955.6,-2358,-6.74,-72.50,346.83,2.74,15.0,125.0,0,0,1.64,-16.52,-3.24,0.000,0.000,0.000,1.000,0.100,0.100,0.100,1,23.6,102.0,792,804,16,114,0
13.74,climb_cruise,440.5,440.5,34954.8,-2386,-6.79,-72.82,346.78,2.75,15.0,125.0,0,0,1.66,-16.53,-3.25,0.000,0.000,0.000,1.000,0.100,0.100,0.100,1,23.6,102.0,792,804,16,114,0
13.76,climb_cruise,440.5,440.5,34954.0,-2413,-6.85,-73.15,346.72,2.77,15.0,125.0,0,0,1.68,-16.53,-3.25,0.000,0.000,0.000,1.000,0.100,0.100,0.100,1,23.5,102.0,792,804,16,116,0
13.78,climb_cruise,440.5,440.5,34953.2,-2441,-6.90,-73.47,346.67,2.79,15.0,125.0,0,0,1.70,-16.53,-3.26,0.000,0.000,0.000,1.000,0.100,0.100,0.100,1,23.5,102.0,792,804,16,116,0
13.80,climb_cruise,440.5,440.5,34952.4,-2470,-6.95,-73.80,346.62,2.81,15.0,125.0,0,0,1.72,-16.53,-3.27,0.000,0.000,0.000,1.000,0.100,0.100,0.100,1,23.4,102.0,792,804,16,115,0
13.82,climb_cruise,440.5,440.5,34951.5,-2498,-7.01,-74.12,346.57,2.82,15.0,125.0,0,0,1.74,-16.54,-3.28,0.000,0.000,0.000,1.000,0.100,0.100,0.100,1,23.4,102.0,792,804,16,115,0
13.84,climb_cruise,440.5,440.5,34950.7,-2527,-7.06,-74.44,346.52,2.84,15.0,125.0,0,0,1.76,-16.54,-3.29,0.000,0.000,0.000,1.000,0.100,0.100,0.100,1,23.3,102.0,792,804,16,115,0
13.86,climb_cruise,440.5,440.5,34949.9,-2556,-7.11,-74.77,346.47,2.86,15.0,125.0,0,0,1.79,-16.55,-3.30,0.000,0.000,0.000,1.000,0.100,0.100,0.100,1,23.3,102.0,792,804,16,114,0
13.88,climb_cruise,440.5,440.5,34949.0,-2585,-7.17,-75.09,346.41,2.87,15.0,125.0,0,0,1.81,-16.55,-3.31,0.000,0.000,0.000,1.000,0.100,0.100,0.100,1,23.3,102.0,792,804,16,115,0
13.90,climb_cruise,440.5,440.5,34948.1,-2614,-7.22,-75.42,346.36,2.89,15.0,125.0,0,0,1.83,-16.55,-3.32,0.000,0.000,0.000,1.000,0.100,0.100,0.100,1,23.2,102.0,792,804,16,115,0
13.92,climb_cruise,440.5,440.5,34947.3,-2644,-7.28,-75.74,346.31,2.91,15.0,125.0,0,0,1.85,-16.56,-3.33,0.000,0.000,0.000,1.000,0.100,0.100,0.100,1,23.2,102.0,792,804,16,114,0
13.94,climb_cruise,440.5,440.5,34946.4,-2674,-7.33,-76.07,346.26,2.93,15.0,125.0,0,0,1.87,-16.56,-3.34,0.000,0.000,0.000,1.000,0.100,0.100,0.100,1,23.1,102.0,792,804,16,115,0
13.96,climb_cruise,440.5,440.5,34945.5,-2704,-7.39,-76.39,346.20,2.94,15.0,125.0,0,0,1.89,-16.56,-3.34,0.000,0.000,0.000,1.000,0.100,0.100,0.100,1,23.1,102.0,792,804,16,114,0
13.98,climb_cruise,440.5,440.5,34944.6,-2734,-7.45,-76.72,346.15,2.96,15.0,125.0,0,0,1.91,-16.57,-3.35,0.000,0.000,0.000,1.000,0.100,0.100,0.100,1,23.0,102.0,792,804,16,116,0
14.00,climb_cruise,440.5,440.5,34943.7,-2765,-7.50,-77.04,346.10,2.98,15.0,125.0,0,0,1.93,-16.57,-3.36,0.000,0.000,0.000,1.000,0.100,0.100,0.100,1,23.0,102.0,792,804,16,115,0
14.02,climb_cruise,440.5,440.5,34942.7,-2796,-7.56,-77.36,346.04,2.99,15.0,125.0,0,0,1.95,-16.57,-3.37,0.000,0.000,0.000,1.000,0.100,0.100,0.100,1,22.9,102.0,792,804,16,116,0
14.04,climb_cruise,440.5,440.5,34941.8,-2827,-7.62,-77.69,345.99,3.01,15.0,125.0,0,0,1.97,-16.58,-3.38,0.000,0.000,0.000,1.000,0.100,0.100,0.100,1,22.9,102.0,792,804,16,114,0
14.06,climb_cruise,440.5,440.5,34940.9,-2858,-7.68,-78.01,345.94,3.03,15.0,125.0,0,0,1.99,-16.58,-3.39,0.000,0.000,0.000,1.000,0.100,0.100,0.100,1,22.8,102.0,792,804,16,115,0
14.08,climb_cruise,440.5,440.5,34939.9,-2889,-7.73,-78.34,345.88,3.05,15.0,125.0,0,0,2.01,-16.58,-3.39,0.000,0.000,0.000,1.000,0.100,0.100,0.100,1,22.8,102.0,792,804,16,114,0
14.10,climb_cruise,440.5,440.5,34938.9,-2921,-7.79,-78.66,345.83,3.06,15.0,125.0,0,0,2.03,-16.59,-3.40,0.000,0.000,0.000,1.000,0.100,0.100,0.100,1,22.7,102.0,792,804,16,116,0
14.12,climb_cruise,440.5,440.5,34938.0,-2953,-7.85,-78.99,345.78,3.08,15.0,125.0,0,0,2.05,-16.59,-3.41,0.000,0.000,0.000,1.000,0.100,0.100,0.100,1,22.7,102.0,792,804,16,114,0
14.14,climb_cruise,440.5,440.5,34937.0,-2985,-7.91,-79.31,345.72,3.10,15.0,125.0,0,0,2.07,-16.59,-3.42,0.000,0.000,0.000,1.000,0.100,0.100,0.100,1,22.7,102.0,792,804,16,115,0
14.16,climb_cruise,440.5,440.5,34936.0,-3018,-7.97,-79.64,345.67,3.11,15.0,125.0,0,0,2.09,-16.60,-3.43,0.000,0.000,0.000,1.000,0.100,0.100,0.100,1,22.6,102.0,792,804,16,114,0
14.18,climb_cruise,440.5,440.5,34935.0,-3051,-8.03,-79.96,345.61,3.13,15.0,125.0,0,0,2.11,-16.60,-3.43,0.000,0.000,0.000,1.000,0.100,0.100,0.100,1,22.6,102.0,792,804,16,116,0
14.20,climb_cruise,440.5,440.5,34933.9,-3084,-8.09,-80.28,345.56,3.15,15.0,125.0,0,0,2.13,-16.60,-3.44,0.000,0.000,0.000,1.000,0.100,0.100,0.100,1,22.5,102.0,792,804,16,115,0
14.22,climb_cruise,440.5,440.5,34932.9,-3117,-8.15,-80.61,345.51,3.17,15.0,125.0,0,0,2.15,-16.61,-3.45,0.000,0.000,0.000,1.000,0.100,0.100,0.100,1,22.5,102.0,792,804,16,114,0
14.24,climb_cruise,440.5,440.5,34931.9,-3150,-8.21,-80.93,345.45,3.18,15.0,125.0,0,0,2.17,-16.61,-3.46,0.000,0.000,0.000,1.000,0.100,0.100,0.100,1,22.4,102.0,792,804,16,115,0
14.26,climb_cruise,440.5,440.5,34930.8,-3184,-8.27,-81.26,345.40,3.20,15.0,125.0,0,0,2.20,-16.61,-3.46,0.000,0.000,0.000,1.000,0.100,0.100,0.100,1,22.4,102.0,792,804,16,116,0
14.28,climb_cruise,440.5,440.5,34929.7,-3218,-8.34,-81.58,345.34,3.22,15.0,125.0,0,0,2.22,-16.62,-3.47,0.000,0.000,0.000,1.000,0.100,0.100,0.100,1,22.3,102.0,792,804,16,115,0
14.30,climb_cruise,440.5,440.5,34928.7,-3252,-8.40,-81.91,345.29,3.23,15.0,125.0,0,0,2.24,-16.62,-3.48,0.000,0.000,0.000,1.000,0.100,0.100,0.100,1,22.3,102.0,792,804,16,115,0
14.32,climb_cruise,440.5,440.5,34927.6,-3287,-8.46,-82.23,345.23,3.25,15.0,125.0,0,0,2.26,-16.62,-3.49,0.000,0.000,0.000,1.000,0.100,0.100,0.100,1,22.3,102.0,792,804,16,114,0
14.34,climb_cruise,440.5,440.5,34926.5,-3321,-8.52,-82.56,345.18,3.27,15.0,125.0,0,0,2.28,-16.63,-3.49,0.000,0.000,0.000,1.000,0.100,0.100,0.100,1,22.2,102.0,792,804,16,115,0
14.36,climb_cruise,440.5,440.5,34925.4,-3357,-8.59,-82.88,345.12,3.28,15.0,125.0,0,0,2.30,-16.63,-3.50,0.000,0.000,0.000,1.000,0.100,0.100,0.100,1,22.2,102.0,792,804,16,116,0
14.38,climb_cruise,440.5,440.5,34924.2,-3392,-8.65,-83.20,345.07,3.30,15.0,125.0,0,0,2.32,-16.64,-3.51,0.000,0.000,0.000,1.000,0.100,0.100,0.100,1,22.1,102.0,792,804,16,114,0
14.40,climb_cruise,440.5,440.5,34923.1,-3427,-8.72,-83.53,345.01,3.32,15.0,125.0,0,0,2.34,-16.64,-3.51,0.000,0.000,0.000,1.000,0.100,0.100,0.100,1,22.1,102.0,792,804,16,115,0
14.42,climb_cruise,440.5,440.5,34922.0,-3463,-8.78,-83.85,344.96,3.34,15.0,125.0,0,0,2.36,-16.64,-3.52,0.000,0.000,0.000,1.000,0.100,0.100,0.100,1,22.0,102.0,792,804,16,116,0
14.44,climb_cruise,440.5,440.5,34920.8,-3499,-8.85,-84.18,344.90,3.35,15.0,125.0,0,0,2.38,-16.65,-3.53,0.000,0.000,0.000,1.000,0.100,0.100,0.100,1,22.0,102.0,792,804,16,116,0
14.46,climb_cruise,440.5,440.5,34919.6,-3535,-8.91,-84.50,344.85,3.37,15.0,125.0,0,0,2.40,-16.65,-3.53,0.000,0.000,0.000,1.000,0.100,0.100,0.100,1,21.9,102.0,792,804,16,116,0
14.48,climb_cruise,440.5,440.5,34918.4,-3572,-8.98,-84.83,344.79,3.39,15.0,125.0,0,0,2.42,-16.65,-3.54,0.000,0.000,0.000,1.000,0.100,0.100,0.100,1,21.9,102.0,792,804,16,114,0
14.50,climb_cruise,440.5,440.5,34917.2,-3609,-9.04,-85.15,344.74,3.40,15.0,125.0,0,0,2.44,-16.66,-3.55,0.000,0.000,0.000,1.000,0.100,0.100,0.100,1,21.9,102.0,792,804,16,115,0
14.52,climb_cruise,440.5,440.5,34916.0,-3646,-9.11,-85.48,344.68,3.42,15.0,125.0,0,0,2.47,-16.66,-3.55,0.000,0.000,0.000,1.000,0.100,0.100,0.100,1,21.8,102.0,792,804,16,116,0
14.54,climb_cruise,440.5,440.5,34914.8,-3683,-9.18,-85.80,344.63,3.44,15.0,125.0,0,0,2.49,-16.66,-3.56,0.000,0.000,0.000,1.000,0.100,0.100,0.100,1,21.8,102.0,792,804,16,114,0
14.56,climb_cruise,440.5,440.5,34913.6,-3721,-9.25,-86.12,344.57,3.46,15.0,125.0,0,0,2.51,-16.67,-3.57,0.000,0.000,0.000,1.000,0.100,0.100,0.100,1,21.7,102.0,792,804,16,115,0
14.58,climb_cruise,440.6,440.6,34912.3,-3759,-9.31,-86.45,344.51,3.47,15.0,125.0,0,0,2.53,-16.67,-3.57,0.000,0.000,0.000,1.000,0.100,0.100,0.100,1,21.7,102.0,792,804,16,115,0
14.60,climb_cruise,440.6,440.6,34911.1,-3797,-9.38,-86.77,344.46,3.49,15.0,125.0,0,0,2.55,-16.67,-3.58,0.000,0.000,0.000,1.000,0.100,0.100,0.100,1,21.6,102.0,792,804,16,115,0
14.62,climb_cruise,440.6,440.6,34909.8,-3836,-9.45,-87.10,344.40,3.51,15.0,125.0,0,0,2.57,-16.68,-3.58,0.000,0.000,0.000,1.000,0.100,0.100,0.100,1,21.6,102.0,792,804,16,115,0
14.64,climb_cruise,440.6,440.6,34908.5,-3875,-9.52,-87.42,344.35,3.52,15.0,125.0,0,0,2.59,-16.68,-3.59,0.000,0.000,0.000,1.000,0.100,0.100,0.100,1,21.6,102.0,792,804,16,115,0
14.66,climb_cruise,440.6,440.6,34907.2,-3914,-9.59,-87.75,344.29,3.54,15.0,125.0,0,0,2.61,-16.68,-3.60,0.000,0.000,0.000,1.000,0.100,0.100,0.100,1,21.5,102.0,792,804,16,114,0
14.68,climb_cruise,440.6,440.6,34905.9,-3953,-9.66,-88.07,344.24,3.56,15.0,125.0,0,0,2.63,-16.69,-3.60,0.000,0.000,0.000,1.000,0.100,0.100,0.100,1,21.5,102.0,792,804,16,115,0
14.70,climb_cruise,440.6,440.6,34904.6,-3992,-9.73,-88.39,344.18,3.58,15.0,125.0,0,0,2.65,-16.69,-3.61,0.000,0.000,0.000,1.000,0.100,0.100,0.100,1,21.4,102.0,792,804,16,115,0
14.72,climb_cruise,440.6,440.6,34903.3,-4032,-9.80,-88.72,344.12,3.59,15.0,125.0,0,0,2.67,-16.69,-3.61,0.000,0.000,0.000,1.000,0.100,0.100,0.100,1,21.4,102.0,792,804,16,116,0
14.74,climb_cruise,440.6,440.6,34901.9,-4072,-9.87,-89.04,344.07,3.61,15.0,125.0,0,0,2.69,-16.70,-3.62,0.000,0.000,0.000,1.000,0.100,0.100,0.100,1,21.3,102.0,792,804,16,115,0
14.76,climb_cruise,440.6,440.6,34900.5,-4113,-9.94,-89.37,344.01,3.63,15.0,125.0,0,0,2.72,-16.70,-3.62,0.000,0.000,0.000,1.000,0.100,0.100,0.100,1,21.3,102.0,792,804,16,115,0
14.78,climb_cruise,440.6,440.6,34899.2,-4154,-10.01,-89.69,343.96,3.64,15.0,125.0,0,0,2.74,-16.71,-3.63,0.000,0.000,0.000,1.000,0.100,0.100,0.100,1,21.3,102.0,792,804,16,115,0
14.80,climb_cruise,440.6,440.6,34897.8,-4195,-10.09,-90.02,343.90,3.66,15.0,125.0,0,0,2.76,-16.71,-3.63,0.000,0.000,0.000,1.000,0.100,0.100,0.100,1,21.2,102.0,792,804,16,115,0
14.82,climb_cruise,440.6,440.6,34896.4,-4236,-10.16,-90.34,343.84,3.68,15.0,125.0,0,0,2.78,-16.71,-3.64,0.000,0.000,0.000,1.000,0.100,0.100,0.100,1,21.2,102.0,792,804,16,115,0
14.84,climb_cruise,440.7,440.7,34895.0,-4277,-10.23,-90.67,343.79,3.70,15.0,125.0,0,0,2.80,-16.72,-3.64,0.000,0.000,0.000,1.000,0.100,0.100,0.100,1,21.1,102.0,792,804,16,114,0
14.86,climb_cruise,440.7,440.7,34893.5,-4319,-10.31,-90.99,343.73,3.71,15.0,125.0,0,0,2.82,-16.72,-3.65,0.000,0.000,0.000,1.000,0.100,0.100,0.100,1,21.1,102.0,792,804,16,114,0
14.88,climb_cruise,440.7,440.7,34892.1,-4361,-10.38,-91.31,343.68,3.73,15.0,125.0,0,0,2.84,-16.72,-3.65,0.000,0.000,0.000,1.000,0.100,0.100,0.100,1,21.0,102.0,792,804,16,114,0
14.90,climb_cruise,440.7,440.7,34890.6,-4404,-10.46,-91.64,343.62,3.75,15.0,125.0,0,0,2.86,-16.73,-3.66,0.000,0.000,0.000,1.000,0.100,0.100,0.100,1,21.0,102.0,792,804,16,116,0
14.92,climb_cruise,440.7,440.7,34889.1,-4447,-10.53,-91.96,343.56,3.76,15.0,125.0,0,0,2.88,-16.73,-3.66,0.000,0.000,0.000,1.000,0.100,0.100,0.100,1,21.0,102.0,792,804,16,115,0
14.94,climb_cruise,440.7,440.7,34887.7,-4490,-10.61,-92.29,343.51,3.78,15.0,125.0,0,0,2.90,-16.73,-3.67,0.000,0.000,0.000,1.000,0.100,0.100,0.100,1,20.9,102.0,792,804,16,115,0
14.96,climb_cruise,440.7,440.7,34886.2,-4533,-10.68,-92.61,343.45,3.80,15.0,125.0,0,0,2.92,-16.74,-3.67,0.000,0.000,0.000,1.000,0.100,0.100,0.100,1,20.9,102.0,792,804,16,115,0
14.98,climb_cruise,440.7,440.7,34884.6,-4577,-10.76,-92.94,343.40,3.81,15.0,125.0,0,0,2.95,-16.74,-3.68,0.000,0.000,0.000,1.000,0.100,0.100,0.100,1,20.8,102.0,792,804,16,115,0
15.00,climb_cruise,440.7,440.7,34883.1,-4620,-10.83,-93.26,343.34,3.83,15.0,125.0,0,0,2.97,-16.74,-3.68,0.000,0.000,0.000,1.000,0.100,0.100,0.100,1,20.8,102.0,792,804,16,115,0
15.02,climb_cruise,440.8,440.8,34881.6,-4665,-10.91,-93.58,343.28,3.85,15.0,125.0,0,0,2.99,-16.75,-3.68,0.000,0.000,0.000,1.000,0.100,0.100,0.100,1,20.7,102.0,792,804,16,115,0
15.04,climb_cruise,440.8,440.8,34880.0,-4709,-10.99,-93.91,343.23,3.87,15.0,125.0,0,0,3.01,-16.75,-3.69,0.000,0.000,0.000,1.000,0.100,0.100,0.100,1,20.7,102.0,792,804,16,114,0
15.06,climb_cruise,440.8,440.8,34878.4,-4754,-11.07,-94.23,343.17,3.88,15.0,125.0,0,0,3.03,-16.75,-3.69,0.000,0.000,0.000,1.000,0.100,0.100,0.100,1,20.7,102.0,792,804,16,114,0
15.08,climb_cruise,440.8,440.8,34876.8,-4799,-11.15,-94.56,343.12,3.90,15.0,125.0,0,0,3.05,-16.76,-3.70,0.000,0.000,0.000,1.000,0.100,0.100,0.100,1,20.6,102.0,792,804,16,114,0
15.10,climb_cruise,440.8,440.8,34875.2,-4844,-11.22,-94.88,343.06,3.92,15.0,125.0,0,0,3.07,-16.76,-3.70,0.000,0.000,0.000,1.000,0.100,0.100,0.100,1,20.6,102.0,792,804,16,115,0
15.12,climb_cruise,440.8,440.8,34873.6,-4890,-11.30,-95.21,343.00,3.93,15.0,125.0,0,0,3.09,-16.76,-3.70,0.000,0.000,0.000,1.000,0.100,0.100,0.100,1,20.5,102.0,792,804,16,115,0
15.14,climb_cruise,440.8,440.8,34872.0,-4936,-11.38,-95.53,342.95,3.95,15.0,125.0,0,0,3.11,-16.77,-3.71,0.000,0.000,0.000,1.000,0.100,0.100,0.100,1,20.5,102.0,792,804,16,115,0
15.16,climb_cruise,440.9,440.9,34870.3,-4982,-11.46,-95.85,342.89,3.97,15.0,125.0,0,0,3.13,-16.77,-3.71,0.000,0.000,0.000,1.000,0.100,0.100,0.100,1,20.5,102.0,792,804,16,114,0
15.18,climb_cruise,440.9,440.9,34868.7,-5029,-11.54,-96.18,342.84,3.99,15.0,125.0,0,0,3.15,-16.77,-3.71,0.000,0.000,0.000,1.000,0.100,0.100,0.100,1,20.4,102.0,792,804,16,115,0
15.20,climb_cruise,440.9,440.9,34867.0,-5076,-11.62,-96.50,342.78,4.00,15.0,125.0,0,0,3.17,-16.78,-3.72,0.000,0.000,0.000,1.000,0.100,0.100,0.100,1,20.4,102.0,792,804,16,116,0
15.22,climb_cruise,440.9,440.9,34865.3,-5123,-11.71,-96.83,342.72,4.02,15.0,125.0,0,0,3.20,-16.78,-3.72,0.000,0.000,0.000,1.000,0.100,0.100,0.100,1,20.3,102.0,792,804,16,115,0
15.24,climb_cruise,440.9,440.9,34863.6,-5170,-11.79,-97.15,342.67,4.04,15.0,125.0,0,0,3.22,-16.78,-3.72,0.000,0.000,0.000,1.000,0.100,0.100,0.100,1,20.3,102.0,792,804,16,115,0
15.26,climb_cruise,440.9,440.9,34861.8,-5218,-11.87,-97.48,342.61,4.05,15.0,125.0,0,0,3.24,-16.79,-3.73,0.000,0.000,0.000,1.000,0.100,0.100,0.100,1,20.3,102.0,792,804,16,115,0
15.28,climb_cruise,440.9,440.9,34860.1,-5266,-11.95,-97.80,342.56,4.07,15.0,125.0,0,0,3.26,-16.79,-3.73,0.000,0.000,0.000,1.000,0.100,0.100,0.100,1,20.2,102.0,792,804,16,115,0
15.30,climb_cruise,441.0,441.0,34858.3,-5315,-12.03,-98.12,342.50,4.09,15.0,125.0,0,0,3.28,-16.79,-3.73,0.000,0.000,0.000,1.000,0.100,0.100,0.100,1,20.2,102.0,792,804,16,114,0
15.32,climb_cruise,441.0,441.0,34856.5,-5363,-12.12,-98.45,342.45,4.10,15.0,125.0,0,0,3.30,-16.80,-3.74,0.000,0.000,0.000,1.000,0.100,0.100,0.100,1,20.1,102.0,792,804,16,116,0
15.34,climb_cruise,441.0,441.0,34854.7,-5413,-12.20,-98.77,342.39,4.12,15.0,125.0,0,0,3.32,-16.80,-3.74,0.000,0.000,0.000,1.000,0.100,0.100,0.100,1,20.1,102.0,792,804,16,115,0
15.36,climb_cruise,441.0,441.0,34852.9,-5462,-12.29,-99.10,342.33,4.14,15.0,125.0,0,0,3.34,-16.80,-3.74,0.000,0.000,0.000,1.000,0.100,0.100,0.100,1,20.1,102.0,792,804,16,115,0
15.38,climb_cruise,441.0,441.0,34851.1,-5511,-12.37,-99.42,342.28,4.16,15.0,125.0,0,0,3.36,-16.81,-3.74,0.000,0.000,0.000,1.000,0.100,0.100,0.100,1,20.0,102.0,792,804,16,115,0
15.40,climb_cruise,441.1,441.1,34849.3,-5561,-12.46,-99.75,342.22,4.17,15.0,125.0,0,0,3.38,-16.81,-3.75,0.000,0.000,0.000,1.000,0.100,0.100,0.100,1,20.0,102.0,792,804,16,114,0
15.42,climb_cruise,441.1,441.1,34847.4,-5612,-12.54,-100.07,342.17,4.19,15.0,125.0,0,0,3.40,-16.81,-3.75,0.000,0.000,0.000,1.000,0.100,0.100,0.100,1,19.9,102.0,792,804,16,116,0
15.44,climb_cruise,441.1,441.1,34845.5,-5662,-12.63,-100.39,342.11,4.21,15.0,125.0,0,0,3.42,-16.82,-3.75,0.000,0.000,0.000,1.000,0.100,0.100,0.100,1,19.9,102.0,792,804,16,115,0
15.46,climb_cruise,441.1,441.1,34843.6,-5713,-12.71,-100.72,342.06,4.22,15.0,125.0,0,0,3.44,-16.82,-3.75,0.000,0.000,0.000,1.000,0.100,0.100,0.100,1,19.9,102.0,792,804,16,115,0
15.48,climb_cruise,441.1,441.1,34841.7,-5764,-12.80,-101.04,342.00,4.24,15.0,125.0,0,0,3.47,-16.82,-3.76,0.000,0.000,0.000,1.000,0.100,0.100,0.100,1,19.8,102.0,792,804,16,115,0
15.50,climb_cruise,441.1,441.1,34839.8,-5816,-12.89,-101.37,341.95,4.26,15.0,125.0,0,0,3.49,-16.82,-3.76,0.000,0.000,0.000,1.000,0.100,0.100,0.100,1,19.8,102.0,792,804,16,114,0
15.52,climb_cruise,441.2,441.2,34837.9,-5868,-12.98,-101.69,341.89,4.28,15.0,125.0,0,0,3.51,-16.83,-3.76,0.000,0.000,0.000,1.000,0.100,0.100,0.100,1,19.7,102.0,792,804,16,115,0
15.54,climb_cruise,441.2,441.2,34835.9,-5920,-13.06,-102.02,341.84,4.29,15.0,125.0,0,0,3.53,-16.83,-3.76,0.000,0.000,0.000,1.000,0.100,0.100,0.100,1,19.7,102.0,792,804,16,116,0
15.56,climb_cruise,441.2,441.2,34833.9,-5972,-13.15,-102.34,341.78,4.31,15.0,125.0,0,0,3.55,-16.83,-3.76,0.000,0.000,0.000,1.000,0.100,0.100,0.100,1,19.7,102.0,792,804,16,116,0
15.58,climb_cruise,441.2,441.2,34831.9,-6025,-13.24,-102.66,341.73,4.33,15.0,125.0,0,0,3.57,-16.84,-3.77,0.000,0.000,0.000,1.000,0.100,0.100,0.100,1,19.6,102.0,792,804,16,115,0
15.60,climb_cruise,441.3,441.3,34829.9,-6078,-13.33,-102.99,341.67,4.34,15.0,125.0,0,0,3.59,-16.84,-3.77,0.000,0.000,0.000,1.000,0.100,0.100,0.100,1,19.6,102.0,792,804,16,114,0
15.62,climb_cruise,441.3,441.3,34827.9,-6132,-13.42,-103.31,341.62,4.36,15.0,125.0,0,0,3.61,-16.84,-3.77,0.000,0.000,0.000,1.000,0.100,0.100,0.100,1,19.5,102.0,792,804,16,114,0
15.64,climb_cruise,441.3,441.3,34825.8,-6185,-13.51,-103.64,341.57,4.38,15.0,125.0,0,0,3.63,-16.85,-3.77,0.000,0.000,0.000,1.000,0.100,0.100,0.100,1,19.5,102.0,792,804,16,115,0
15.66,climb_cruise,441.3,441.3,34823.7,-6239,-13.60,-103.96,341.51,4.40,15.0,125.0,0,0,3.65,-16.85,-3.77,0.000,0.000,0.000,1.000,0.100,0.100,0.100,1,19.5,102.0,792,804,16,114,0
15.68,climb_cruise,441.3,441.3,34821.7,-6294,-13.69,-104.28,341.46,4.41,15.0,125.0,0,0,3.67,-16.85,-3.77,0.000,0.000,0.000,1.000,0.100,0.100,0.100,1,19.4,102.0,792,804,16,114,0
15.70,climb_cruise,441.4,441.4,34819.5,-6348,-13.78,-104.61,341.40,4.43,15.0,125.0,0,0,3.69,-16.85,-3.77,0.000,0.000,0.000,1.000,0.100,0.100,0.100,1,19.4,102.0,792,804,16,115,0
15.72,climb_cruise,441.4,441.4,34817.4,-6403,-13.88,-104.93,341.35,4.45,15.0,125.0,0,0,3.71,-16.86,-3.78,0.000,0.000,0.000,1.000,0.100,0.100,0.100,1,19.3,102.0,792,804,16,116,0
15.74,climb_cruise,441.4,441.4,34815.3,-6459,-13.97,-105.26,341.30,4.46,15.0,125.0,0,0,3.73,-16.86,-3.78,0.000,0.000,0.000,1.000,0.100,0.100,0.100,1,19.3,102.0,792,804,16,116,0
15.76,climb_cruise,441.4,441.4,34813.1,-6514,-14.06,-105.58,341.24,4.48,15.0,125.0,0,0,3.75,-16.86,-3.78,0.000,0.000,0.000,1.000,0.100,0.100,0.100,1,19.3,102.0,792,804,16,115,0
15.78,climb_cruise,441.5,441.5,34810.9,-6570,-14.15,-105.91,341.19,4.50,15.0,125.0,0,0,3.77,-16.86,-3.78,0.000,0.000,0.000,1.000,0.100,0.100,0.100,1,19.2,102.0,792,804,16,114,0
15.80,climb_cruise,441.5,441.5,34808.7,-6627,-14.25,-106.23,341.13,4.51,15.0,125.0,0,0,3.79,-16.87,-3.78,0.000,0.000,0.000,1.000,0.100,0.100,0.100,1,19.2,102.0,792,804,16,114,0
15.82,climb_cruise,441.5,441.5,34806.5,-6683,-14.34,-106.55,341.08,4.53,15.0,125.0,0,0,3.81,-16.87,-3.78,0.000,0.000,0.000,1.000,0.100,0.100,0.100,1,19.2,102.0,792,804,16,115,0
15.84,climb_cruise,441.5,441.5,34804.3,-6740,-14.44,-106.88,341.03,4.55,15.0,125.0,0,0,3.83,-16.87,-3.78,0.000,0.000,0.000,1.000,0.100,0.100,0.100,1,19.1,102.0,792,804,16,115,0
15.86,climb_cruise,441.6,441.6,34802.0,-6798,-14.53,-107.20,340.98,4.57,15.0,125.0,0,0,3.85,-16.88,-3.78,0.000,0.000,0.000,1.000,0.100,0.100,0.100,1,19.1,102.0,792,804,16,115,0
15.88,climb_cruise,441.6,441.6,34799.8,-6855,-14.63,-107.53,340.92,4.58,15.0,125.0,0,0,3.87,-16.88,-3.78,0.000,0.000,0.000,1.000,0.100,0.100,0.100,1,19.0,102.0,792,804,16,115,0
15.90,climb_cruise,441.6,441.6,34797.5,-6913,-14.72,-107.85,340.87,4.60,15.0,125.0,0,0,3.90,-16.88,-3.78,0.000,0.000,0.000,1.000,0.100,0.100,0.100,1,19.0,102.0,792,804,16,115,0
15.92,climb_cruise,441.7,441.7,34795.2,-6971,-14.82,-108.18,340.82,4.62,15.0,125.0,0,0,3.92,-16.88,-3.78,0.000,0.000,0.000,1.000,0.100,0.100,0.100,1,19.0,102.0,792,804,16,115,0
15.94,climb_cruise,441.7,441.7,34792.8,-7030,-14.91,-108.50,340.76,4.63,15.0,125.0,0,0,3.94,-16.89,-3.78,0.000,0.000,0.000,1.000,0.100,0.100,0.100,1,18.9,102.0,792,804,16,114,0
15.96,climb_cruise,441.7,441.7,34790.5,-7089,-15.01,-108.82,340.71,4.65,15.0,125.0,0,0,3.96,-16.89,-3.78,0.000,0.000,0.000,1.000,0.100,0.100,0.100,1,18.9,102.0,792,804,16,116,0
15.98,climb_cruise,441.7,441.7,34788.1,-7148,-15.11,-109.15,340.66,4.67,15.0,125.0,0,0,3.98,-16.89,-3.78,0.000,0.000,0.000,1.000,0.100,0.100,0.100,1,18.8,102.0,792,804,16,115,0
16.00,climb_cruise,441.8,441.8,34785.7,-7207,-15.21,-109.47,340.61,4.69,15.0,125.0,0,0,4.00,-16.89,-3.78,0.000,0.000,0.000,1.000,0.100,0.100,0.100,1,18.8,102.0,792,804,16,115,0
16.02,climb_cruise,441.8,441.8,34783.3,-7267,-15.30,-109.80,340.56,4.70,15.0,125.0,0,0,4.02,-16.90,-3.78,0.000,0.000,0.000,1.000,0.100,0.100,0.100,1,18.8,102.0,792,804,16,116,0
16.04,climb_cruise,441.8,441.8,34780.9,-7327,-15.40,-110.12,340.50,4.72,15.0,125.0,0,0,4.04,-16.90,-3.78,0.000,0.000,0.000,1.000,0.100,0.100,0.100,1,18.7,102.0,792,804,16,115,0
16.06,climb_cruise,441.9,441.9,34778.4,-7388,-15.50,-110.44,340.45,4.74,15.0,125.0,0,0,4.06,-16.90,-3.78,0.000,0.000,0.000,1.000,0.100,0.100,0.100,1,18.7,102.0,792,804,16,114,0
16.08,climb_cruise,441.9,441.9,34776.0,-7449,-15.60,-110.77,340.40,4.75,15.0,125.0,0,0,4.08,-16.90,-3.78,0.000,0.000,0.000,1.000,0.100,0.100,0.100,1,18.7,102.0,792,804,16,115,0
16.10,climb_cruise,441.9,441.9,34773.5,-7510,-15.70,-111.09,340.35,4.77,15.0,125.0,0,0,4.10,-16.90,-3.78,0.000,0.000,0.000,1.000,0.100,0.100,0.100,1,18.6,102.0,792,804,16,114,0
16.12,climb_cruise,442.0,442.0,34771.0,-7572,-15.80,-111.42,340.30,4.79,15.0,125.0,0,0,4.12,-16.91,-3.78,0.000,0.000,0.000,1.000,0.100,0.100,0.100,1,18.6,102.0,792,804,16,114,0
16.14,climb_cruise,442.0,442.0,34768.4,-7633,-15.90,-111.74,340.25,4.81,15.0,125.0,0,0,4.14,-16.91,-3.78,0.000,0.000,0.000,1.000,0.100,0.100,0.100,1,18.6,102.0,792,804,16,115,0
16.16,climb_cruise,442.0,442.0,34765.9,-7695,-16.00,-112.07,340.20,4.82,15.0,125.0,0,0,4.16,-16.91,-3.78,0.000,0.000,0.000,1.000,0.100,0.100,0.100,1,18.5,102.0,792,804,16,115,0
16.18,climb_cruise,442.1,442.1,34763.3,-7758,-16.10,-112.39,340.15,4.84,15.0,125.0,0,0,4.18,-16.91,-3.78,0.000,0.000,0.000,1.000,0.100,0.100,0.100,1,18.5,102.0,792,804,16,114,0
16.20,climb_cruise,442.1,442.1,34760.7,-7821,-16.21,-112.71,340.10,4.86,15.0,125.0,0,0,4.20,-16.92,-3.78,0.000,0.000,0.000,1.000,0.100,0.100,0.100,1,18.4,102.0,792,804,16,115,0
16.22,climb_cruise,442.1,442.1,34758.1,-7884,-16.31,-113.04,340.05,4.87,15.0,125.0,0,0,4.22,-16.92,-3.78,0.000,0.000,0.000,1.000,0.100,0.100,0.100,1,18.4,102.0,792,804,16,115,0
16.24,climb_cruise,442.2,442.2,34755.5,-7947,-16.41,-113.36,340.00,4.89,15.0,125.0,0,0,4.24,-16.92,-3.78,0.000,0.000,0.000,1.000,0.100,0.100,0.100,1,18.4,102.0,792,804,16,114,0
16.26,climb_cruise,442.2,442.2,34752.8,-8011,-16.51,-113.69,339.95,4.91,15.0,125.0,0,0,4.26,-16.92,-3.77,0.000,0.000,0.000,1.000,0.100,0.100,0.100,1,18.3,102.0,792,804,16,115,0
16.28,climb_cruise,442.2,442.2,34750.1,-8075,-16.62,-114.01,339.90,4.93,15.0,125.0,0,0,4.28,-16.92,-3.77,0.000,0.000,0.000,1.000,0.100,0.100,0.100,1,18.3,102.0,792,804,16,115,0
16.30,climb_cruise,442.3,442.3,34747.4,-8140,-16.72,-114.34,339.85,4.94,15.0,125.0,0,0,4.29,-16.93,-3.77,0.000,0.000,0.000,1.000,0.100,0.100,0.100,1,18.3,102.0,792,804,16,114,0
16.32,climb_cruise,442.3,442.3,34744.7,-8205,-16.83,-114.66,339.80,4.96,15.0,125.0,0,0,4.31,-16.93,-3.77,0.000,0.000,0.000,1.000,0.100,0.100,0.100,1,18.2,102.0,792,804,16,114,0
16.34,climb_cruise,442.3,442.3,34742.0,-8270,-16.93,-114.98,339.75,4.98,15.0,125.0,0,0,4.33,-16.93,-3.77,0.000,0.000,0.000,1.000,0.100,0.100,0.100,1,18.2,102.0,792,804,16,115,0
16.36,climb_cruise,442.4,442.4,34739.2,-8335,-17.04,-115.31,339.70,4.99,15.0,125.0,0,0,4.35,-16.93,-3.77,0.000,0.000,0.000,1.000,0.100,0.100,0.100,1,18.1,102.0,792,804,16,116,0
16.38,climb_cruise,442.4,442.4,34736.4,-8401,-17.14,-115.63,339.65,5.01,15.0,125.0,0,0,4.37,-16.93,-3.77,0.000,0.000,0.000,1.000,0.100,0.100,0.100,1,18.1,102.0,792,804,16,115,0
16.40,climb_cruise,442.5,442.5,34733.6,-8467,-17.25,-115.96,339.60,5.03,15.0,125.0,0,0,4.39,-16.94,-3.76,0.000,0.000,0.000,1.000,0.100,0.100,0.100,1,18.1,102.0,792,804,16,115,0
16.42,climb_cruise,442.5,442.5,34730.8,-8533,-17.35,-116.28,339.56,5.05,15.0,125.0,0,0,4.41,-16.94,-3.76,0.000,0.000,0.000,1.000,0.100,0.100,0.100,1,18.0,102.0,792,804,16,116,0
16.44,climb_cruise,442.5,442.5,34727.9,-8600,-17.46,-116.61,339.51,5.06,15.0,125.0,0,0,4.43,-16.94,-3.76,0.000,0.000,0.000,1.000,0.100,0.100,0.100,1,18.0,102.0,792,804,16,115,0
16.46,climb_cruise,442.6,442.6,34725.0,-8667,-17.57,-116.93,339.46,5.08,15.0,125.0,0,0,4.45,-16.94,-3.76,0.000,0.000,0.000,1.000,0.100,0.100,0.100,1,18.0,102.0,792,804,16,116,0
16.48,climb_cruise,442.6,442.6,34722.1,-8735,-17.68,-117.26,339.41,5.10,15.0,125.0,0,0,4.47,-16.94,-3.76,0.000,0.000,0.000,1.000,0.100,0.100,0.100,1,17.9,102.0,792,804,16,114,0
16.50,climb_cruise,442.7,442.7,34719.2,-8802,-17.78,-117.58,339.37,5.11,15.0,125.0,0,0,4.49,-16.94,-3.75,0.000,0.000,0.000,1.000,0.100,0.100,0.100,1,17.9,102.0,792,804,16,115,0
16.52,climb_cruise,442.7,442.7,34716.3,-8870,-17.89,-117.90,339.32,5.13,15.0,125.0,0,0,4.51,-16.95,-3.75,0.000,0.000,0.000,1.000,0.100,0.100,0.100,1,17.9,102.0,792,804,16,116,0
16.54,climb_cruise,442.7,442.7,34713.3,-8939,-18.00,-118.23,339.27,5.15,15.0,125.0,0,0,4.53,-16.95,-3.75,0.000,0.000,0.000,1.000,0.100,0.100,0.100,1,17.8,102.0,792,804,16,116,0
16.56,climb_cruise,442.8,442.8,34710.3,-9008,-18.11,-118.55,339.22,5.17,15.0,125.0,0,0,4.55,-16.95,-3.75,0.000,0.000,0.000,1.000,0.100,0.100,0.100,1,17.8,102.0,792,804,16,115,0
16.58,climb_cruise,442.8,442.8,34707.3,-9077,-18.22,-118.88,339.18,5.18,15.0,125.0,0,0,4.57,-16.95,-3.75,0.000,0.000,0.000,1.000,0.100,0.100,0.100,1,17.8,102.0,792,804,16,115,0
16.60,climb_cruise,442.9,442.9,34704.3,-9146,-18.33,-119.20,339.13,5.20,15.0,125.0,0,0,4.59,-16.95,-3.74,0.000,0.000,0.000,1.000,0.100,0.100,0.100,1,17.7,102.0,792,804,16,114,0
16.62,climb_cruise,442.9,442.9,34701.2,-9216,-18.44,-119.53,339.09,5.22,15.0,125.0,0,0,4.60,-16.95,-3.74,0.000,0.000,0.000,1.000,0.100,0.100,0.100,1,17.7,102.0,792,804,16,114,0
16.64,climb_cruise,443.0,443.0,34698.1,-9286,-18.55,-119.85,339.04,5.24,15.0,125.0,0,0,4.62,-16.95,-3.74,0.000,0.000,0.000,1.000,0.100,0.100,0.100,1,17.6,102.0,792,804,16,115,0
16.66,climb_cruise,443.0,443.0,34695.0,-9356,-18.66,-120.18,339.00,5.25,15.0,125.0,0,0,4.64,-16.96,-3.73,0.000,0.000,0.000,1.000,0.100,0.100,0.100,1,17.6,102.0,792,804,16,115,0
16.68,climb_cruise,443.1,443.1,34691.9,-9427,-18.77,-120.50,338.95,5.27,15.0,125.0,0,0,4.66,-16.96,-3.73,0.000,0.000,0.000,1.000,0.100,0.100,0.100,1,17.6,102.0,792,804,16,115,0
16.70,climb_cruise,443.1,443.1,34688.8,-9498,-18.88,-120.83,338.91,5.29,15.0,125.0,0,0,4.68,-16.96,-3.73,0.000,0.000,0.000,1.000,0.100,0.100,0.100,1,17.5,102.0,792,804,16,115,0
16.72,climb_cruise,443.1,443.1,34685.6,-9569,-19.00,-121.15,338.86,5.30,15.0,125.0,0,0,4.70,-16.96,-3.73,0.000,0.000,0.000,1.000,0.100,0.100,0.100,1,17.5,102.0,792,804,16,115,0
16.74,climb_cruise,443.2,443.2,34682.4,-9641,-19.11,-121.48,338.82,5.32,15.0,125.0,0,0,4.72,-16.96,-3.72,0.000,0.000,0.000,1.000,0.100,0.100,0.100,1,17.5,102.0,792,804,16,116,0
16.76,climb_cruise,443.2,443.2,34679.2,-9713,-19.22,-121.80,338.77,5.34,15.0,125.0,0,0,4.74,-16.96,-3.72,0.000,0.000,0.000,1.000,0.100,0.100,0.100,1,17.4,102.0,792,804,16,115,0
16.78,climb_cruise,443.3,443.3,34675.9,-9785,-19.34,-122.13,338.73,5.36,15.0,125.0,0,0,4.76,-16.96,-3.72,0.000,0.000,0.000,1.000,0.100,0.100,0.100,1,17.4,102.0,792,804,16,116,0
16.80,climb_cruise,443.3,443.3,34672.6,-9858,-19.45,-122.45,338.69,5.37,15.0,125.0,0,0,4.78,-16.96,-3.71,0.000,0.000,0.000,1.000,0.100,0.100,0.100,1,17.4,102.0,792,804,16,116,0
16.82,climb_cruise,443.4,443.4,34669.3,-9931,-19.56,-122.78,338.64,5.39,15.0,125.0,0,0,4.79,-16.96,-3.71,0.000,0.000,0.000,1.000,0.100,0.100,0.100,1,17.3,102.0,792,804,16,116,0
16.84,climb_cruise,443.4,443.4,34666.0,-10004,-19.68,-123.10,338.60,5.41,15.0,125.0,0,0,4.81,-16.97,-3.71,0.000,0.000,0.000,1.000,0.100,0.100,0.100,1,17.3,102.0,792,804,16,115,0
16.86,climb_cruise,443.5,443.5,34662.7,-10078,-19.79,-123.42,338.56,5.42,15.0,125.0,0,0,4.83,-16.97,-3.70,0.000,0.000,0.000,1.000,0.100,0.100,0.100,1,17.3,102.0,792,804,16,115,0
16.88,climb_cruise,443.5,443.5,34659.3,-10152,-19.91,-123.75,338.52,5.44,15.0,125.0,0,0,4.85,-16.97,-3.70,0.000,0.000,0.000,1.000,0.100,0.100,0.100,1,17.2,102.0,792,804,16,115,0
16.90,climb_cruise,443.6,443.6,34655.9,-10226,-20.02,-124.07,338.47,5.46,15.0,125.0,0,0,4.87,-16.97,-3.70,0.000,0.000,0.000,1.000,0.100,0.100,0.100,1,17.2,102.0,792,804,16,115,0
16.92,climb_cruise,443.6,443.6,34652.5,-10301,-20.14,-124.40,338.43,5.48,15.0,125.0,0,0,4.89,-16.97,-3.69,0.000,0.000,0.000,1.000,0.100,0.100,0.100,1,17.2,102.0,792,804,16,114,0
16.94,climb_cruise,443.7,443.7,34649.1,-10375,-20.26,-124.73,338.39,5.49,15.0,125.0,0,0,4.91,-16.97,-3.69,0.000,0.000,0.000,1.000,0.100,0.100,0.100,1,17.1,102.0,792,804,16,115,0
16.96,climb_cruise,443.7,443.7,34645.6,-10451,-20.37,-125.05,338.35,5.51,15.0,125.0,0,0,4.92,-16.97,-3.69,0.000,0.000,0.000,1.000,0.100,0.100,0.100,1,17.1,102.0,792,804,16,116,0
16.98,climb_cruise,443.8,443.8,34642.1,-10526,-20.49,-125.38,338.31,5.53,15.0,125.0,0,0,4.94,-16.97,-3.68,0.000,0.000,0.000,1.000,0.100,0.100,0.100,1,17.1,102.0,792,804,16,115,0
17.00,climb_cruise,443.8,443.8,34638.6,-10602,-20.61,-125.70,338.27,5.55,15.0,125.0,0,0,4.96,-16.97,-3.68,0.000,0.000,0.000,1.000,0.100,0.100,0.100,1,17.0,102.0,792,804,16,115,0
17.02,climb_cruise,443.9,443.9,34635.0,-10678,-20.72,-126.03,338.23,5.56,15.0,125.0,0,0,4.98,-16.97,-3.67,0.000,0.000,0.000,1.000,0.100,0.100,0.100,1,17.0,102.0,792,804,16,114,0
17.04,climb_cruise,444.0,444.0,34631.5,-10755,-20.84,-126.35,338.19,5.58,15.0,125.0,0,0,5.00,-16.97,-3.67,0.000,0.000,0.000,1.000,0.100,0.100,0.100,1,17.0,102.0,792,804,16,114,0
17.06,climb_cruise,444.0,444.0,34627.9,-10832,-20.96,-126.68,338.15,5.60,15.0,125.0,0,0,5.01,-16.97,-3.67,0.000,0.000,0.000,1.000,0.100,0.100,0.100,1,16.9,102.0,792,804,16,115,0
17.08,climb_cruise,444.1,444.1,34624.2,-10909,-21.08,-127.00,338.11,5.61,15.0,125.0,0,0,5.03,-16.97,-3.66,0.000,0.000,0.000,1.000,0.100,0.100,0.100,1,16.9,102.0,792,804,16,115,0
17.10,climb_cruise,444.1,444.1,34620.6,-10986,-21.20,-127.33,338.07,5.63,15.0,125.0,0,0,5.05,-16.97,-3.66,0.000,0.000,0.000,1.000,0.100,0.100,0.100,1,16.9,102.0,792,804,16,115,0
17.12,climb_cruise,444.2,444.2,34616.9,-11064,-21.32,-127.65,338.03,5.65,15.0,125.0,0,0,5.07,-16.97,-3.65,0.000,0.000,0.000,1.000,0.100,0.100,0.100,1,16.8,102.0,792,804,16,116,0
17.14,climb_cruise,444.2,444.2,34613.2,-11142,-21.44,-127.98,338.00,5.67,15.0,125.0,0,0,5.09,-16.97,-3.65,0.000,0.000,0.000,1.000,0.100,0.100,0.100,1,16.8,102.0,792,804,16,116,0
17.16,climb_cruise,444.3,444.3,34609.5,-11221,-21.56,-128.30,337.96,5.68,15.0,125.0,0,0,5.10,-16.97,-3.64,0.000,0.000,0.000,1.000,0.100,0.100,0.100,1,16.8,102.0,792,804,16,115,0
17.18,climb_cruise,444.4,444.4,34605.8,-11300,-21.68,-128.63,337.92,5.70,15.0,125.0,0,0,5.12,-16.97,-3.64,0.000,0.000,0.000,1.000,0.100,0.100,0.100,1,16.7,102.0,792,804,16,114,0
17.20,climb_cruise,444.4,444.4,34602.0,-11379,-21.80,-128.96,337.88,5.72,15.0,125.0,0,0,5.14,-16.97,-3.63,0.000,0.000,0.000,1.000,0.100,0.100,0.100,1,16.7,102.0,792,804,16,114,0
17.22,climb_cruise,444.5,444.5,34598.2,-11458,-21.92,-129.28,337.85,5.74,15.0,125.0,0,0,5.16,-16.97,-3.63,0.000,0.000,0.000,1.000,0.100,0.100,0.100,1,16.7,102.0,792,804,16,114,0
17.24,climb_cruise,444.5,444.5,34594.3,-11538,-22.04,-129.61,337.81,5.75,15.0,125.0,0,0,5.18,-16.97,-3.63,0.000,0.000,0.000,1.000,0.100,0.100,0.100,1,16.6,102.0,792,804,16,114,0
17.26,climb_cruise,444.6,444.6,34590.5,-11618,-22.17,-129.93,337.77,5.77,15.0,125.0,0,0,5.19,-16.97,-3.62,0.000,0.000,0.000,1.000,0.100,0.100,0.100,1,16.6,102.0,792,804,16,114,0
17.28,climb_cruise,444.7,444.7,34586.6,-11698,-22.29,-130.26,337.74,5.79,15.0,125.0,0,0,5.21,-16.97,-3.62,0.000,0.000,0.000,1.000,0.100,0.100,0.100,1,16.6,102.0,792,804,16,114,0
17.30,climb_cruise,444.7,444.7,34582.7,-11779,-22.41,-130.59,337.70,5.81,15.0,125.0,0,0,5.23,-16.97,-3.61,0.000,0.000,0.000,1.000,0.100,0.100,0.100,1,16.5,102.0,792,804,16,114,0
17.32,climb_cruise,444.8,444.8,34578.8,-11860,-22.53,-130.91,337.67,5.82,15.0,125.0,0,0,5.25,-16.97,-3.61,0.000,0.000,0.000,1.000,0.100,0.100,0.100,1,16.5,102.0,792,804,16,114,0
17.34,climb_cruise,444.8,444.8,34574.8,-11941,-22.66,-131.24,337.63,5.84,15.0,125.0,0,0,5.26,-16.97,-3.60,0.000,0.000,0.000,1.000,0.100,0.100,0.100,1,16.5,102.0,792,804,16,115,0
17.36,climb_cruise,444.9,444.9,34570.8,-12023,-22.78,-131.56,337.60,5.86,15.0,125.0,0,0,5.28,-16.97,-3.60,0.000,0.000,0.000,1.000,0.100,0.100,0.100,1,16.4,102.0,792,804,16,115,0
17.38,climb_cruise,445.0,445.0,34566.8,-12105,-22.91,-131.89,337.57,5.87,15.0,125.0,0,0,5.30,-16.97,-3.59,0.000,0.000,0.000,1.000,0.100,0.100,0.100,1,16.4,102.0,792,804,16,114,0
17.40,climb_cruise,445.0,445.0,34562.7,-12187,-23.03,-132.22,337.53,5.89,15.0,125.0,0,0,5.32,-16.97,-3.58,0.000,0.000,0.000,1.000,0.100,0.100,0.100,1,16.4,102.0,792,804,16,114,0
17.42,climb_cruise,445.1,445.1,34558.7,-12269,-23.16,-132.54,337.50,5.91,15.0,125.0,0,0,5.33,-16.97,-3.58,0.000,0.000,0.000,1.000,0.100,0.100,0.100,1,16.3,102.0,792,804,16,115,0
17.44,climb_cruise,445.2,445.2,34554.6,-12352,-23.28,-132.87,337.47,5.93,15.0,125.0,0,0,5.35,-16.97,-3.57,0.000,0.000,0.000,1.000,0.100,0.100,0.100,1,16.3,102.0,792,804,16,114,0
17.46,climb_cruise,445.2,445.2,34550.4,-12435,-23.41,-133.20,337.43,5.94,15.0,125.0,0,0,5.37,-16.97,-3.57,0.000,0.000,0.000,1.000,0.100,0.100,0.100,1,16.3,102.0,792,804,16,116,0
17.48,climb_cruise,445.3,445.3,34546.3,-12519,-23.53,-133.52,337.40,5.96,15.0,125.0,0,0,5.38,-16.97,-3.56,0.000,0.000,0.000,1.000,0.100,0.100,0.100,1,16.2,102.0,792,804,16,114,0
17.50,climb_cruise,445.4,445.4,34542.1,-12602,-23.66,-133.85,337.37,5.98,15.0,125.0,0,0,5.40,-16.97,-3.56,0.000,0.000,0.000,1.000,0.100,0.100,0.100,1,16.2,102.0,792,804,16,115,0
17.52,climb_cruise,445.4,445.4,34537.9,-12686,-23.78,-134.18,337.34,6.00,15.0,125.0,0,0,5.42,-16.97,-3.55,0.000,0.000,0.000,1.000,0.100,0.100,0.100,1,16.2,102.0,792,804,16,115,0
17.54,climb_cruise,445.5,445.5,34533.7,-12771,-23.91,-134.50,337.31,6.01,15.0,125.0,0,0,5.44,-16.97,-3.55,0.000,0.000,0.000,1.000,0.100,0.100,0.100,1,16.1,102.0,792,804,16,115,0
17.56,climb_cruise,445.6,445.6,34529.4,-12855,-24.04,-134.83,337.28,6.03,15.0,125.0,0,0,5.45,-16.97,-3.54,0.000,0.000,0.000,1.000,0.100,0.100,0.100,1,16.1,102.0,792,804,16,115,0
17.58,climb_cruise,445.6,445.6,34525.1,-12940,-24.16,-135.16,337.25,6.05,15.0,125.0,0,0,5.47,-16.97,-3.53,0.000,0.000,0.000,1.000,0.100,0.100,0.100,1,16.1,102.0,792,804,16,116,0
17.60,climb_cruise,445.7,445.7,34520.8,-13026,-24.29,-135.49,337.22,6.07,15.0,125.0,0,0,5.49,-16.97,-3.53,0.000,0.000,0.000,1.000,0.100,0.100,0.100,1,16.0,102.0,792,804,16,116,0
17.62,climb_cruise,445.8,445.8,34516.4,-13111,-24.42,-135.81,337.19,6.08,15.0,125.0,0,0,5.50,-16.97,-3.52,0.000,0.000,0.000,1.000,0.100,0.100,0.100,1,16.0,102.0,792,804,16,114,0
17.64,climb_cruise,445.8,445.8,34512.0,-13197,-24.55,-136.14,337.16,6.10,15.0,125.0,0,0,5.52,-16.96,-3.52,0.000,0.000,0.000,1.000,0.100,0.100,0.100,1,16.0,102.0,792,804,16,115,0
17.66,climb_cruise,445.9,445.9,34507.6,-13283,-24.68,-136.47,337.13,6.12,15.0,125.0,0,0,5.54,-16.96,-3.51,0.000,0.000,0.000,1.000,0.100,0.100,0.100,1,15.9,102.0,792,804,16,116,0
17.68,climb_cruise,446.0,446.0,34503.2,-13370,-24.81,-136.80,337.11,6.14,15.0,125.0,0,0,5.55,-16.96,-3.51,0.000,0.000,0.000,1.000,0.100,0.100,0.100,1,15.9,102.0,792,804,16,116,0
17.70,climb_cruise,446.1,446.1,34498.7,-13456,-24.93,-137.12,337.08,6.15,15.0,125.0,0,0,5.57,-16.96,-3.50,0.000,0.000,0.000,1.000,0.100,0.100,0.100,1,15.9,102.0,792,804,16,116,0
17.72,climb_cruise,446.1,446.1,34494.2,-13543,-25.06,-137.45,337.05,6.17,15.0,125.0,0,0,5.58,-16.96,-3.49,0.000,0.000,0.000,1.000,0.100,0.100,0.100,1,15.8,102.0,792,804,16,115,0
17.74,climb_cruise,446.2,446.2,34489.7,-13631,-25.19,-137.78,337.03,6.19,15.0,125.0,0,0,5.60,-16.96,-3.49,0.000,0.000,0.000,1.000,0.100,0.100,0.100,1,15.8,102.0,792,804,16,114,0
17.76,climb_cruise,446.3,446.3,34485.1,-13718,-25.32,-138.11,337.00,6.21,15.0,125.0,0,0,5.62,-16.96,-3.48,0.000,0.000,0.000,1.000,0.100,0.100,0.100,1,15.8,102.0,792,804,16,115,0
17.78,climb_cruise,446.4,446.4,34480.6,-13806,-25.45,-138.44,336.97,6.22,15.0,125.0,0,0,5.63,-16.96,-3.47,0.000,0.000,0.000,1.000,0.100,0.100,0.100,1,15.7,102.0,792,804,16,115,0
17.80,climb_cruise,446.4,446.4,34475.9,-13894,-25.58,-138.76,336.95,6.24,15.0,125.0,0,0,5.65,-16.95,-3.47,0.000,0.000,0.000,1.000,0.100,0.100,0.100,1,15.7,102.0,792,804,16,115,0
17.82,climb_cruise,446.5,446.5,34471.3,-13983,-25.72,-139.09,336.93,6.26,15.0,125.0,0,0,5.67,-16.95,-3.46,0.000,0.000,0.000,1.000,0.100,0.100,0.100,1,15.7,102.0,792,804,16,115,0
17.84,climb_cruise,446.6,446.6,34466.6,-14072,-25.85,-139.42,336.90,6.27,15.0,125.0,0,0,5.68,-16.95,-3.45,0.000,0.000,0.000,1.000,0.100,0.100,0.100,1,15.7,102.0,792,804,16,115,0
17.86,climb_cruise,446.7,446.7,34461.9,-14161,-25.98,-139.75,336.88,6.29,15.0,125.0,0,0,5.70,-16.95,-3.45,0.000,0.000,0.000,1.000,0.100,0.100,0.100,1,15.6,102.0,792,804,16,115,0
17.88,climb_cruise,446.8,446.8,34457.2,-14250,-26.11,-140.08,336.85,6.31,15.0,125.0,0,0,5.71,-16.95,-3.44,0.000,0.000,0.000,1.000,0.100,0.100,0.100,1,15.6,102.0,792,804,16,116,0
17.90,climb_cruise,446.8,446.8,34452.4,-14340,-26.24,-140.41,336.83,6.33,15.0,125.0,0,0,5.73,-16.95,-3.44,0.000,0.000,0.000,1.000,0.100,0.100,0.100,1,15.6,102.0,792,804,16,115,0
17.92,climb_cruise,446.9,446.9,34447.6,-14430,-26.37,-140.74,336.81,6.34,15.0,125.0,0,0,5.75,-16.95,-3.43,0.000,0.000,0.000,1.000,0.100,0.100,0.100,1,15.5,102.0,792,804,16,116,0
17.94,climb_cruise,447.0,447.0,34442.8,-14520,-26.51,-141.07,336.79,6.36,15.0,125.0,0,0,5.76,-16.94,-3.42,0.000,0.000,0.000,1.000,0.100,0.100,0.100,1,15.5,102.0,792,804,16,115,0
17.96,climb_cruise,447.1,447.1,34438.0,-14610,-26.64,-141.40,336.77,6.38,15.0,125.0,0,0,5.78,-16.94,-3.41,0.000,0.000,0.000,1.000,0.100,0.100,0.100,1,15.5,102.0,792,804,16,115,0
17.98,climb_cruise,447.2,447.2,34433.1,-14701,-26.77,-141.72,336.75,6.40,15.0,125.0,0,0,5.79,-16.94,-3.41,0.000,0.000,0.000,1.000,0.100,0.100,0.100,1,15.4,102.0,792,804,16,114,0