time_s,phase,airspeed_kts,groundSpeed_kts,altitude_ft,verticalSpeed_fpm,pitch_deg,roll_deg,yaw_deg,alpha_deg,stallAlpha_deg,stallSpeed_kts,stallWarning,stall,pitchRate_deg_s,rollRate_deg_s,yawRate_deg_s,ctrlElevator,ctrlAileron,ctrlRudder,ctrlThrottle,effElevator,effAileron,effRudder,motionEnabled,eng1_n1,eng2_n1,eng1_egt,eng2_egt,hydPress_psi,elecVolts,onGround
-0.02,climb_cruise,449.9,449.9,34999.9,-42,0.20,-0.00,360.00,0.17,15.0,125.0,0,0,3.56,-0.00,-0.00,0.000,0.000,0.000,1.000,1.000,1.000,1.000,1,84.4,84.4,763,763,3000,116,0
0.00,climb_cruise,449.9,449.9,34999.9,-49,0.26,-0.00,359.97,0.31,15.0,125.0,0,0,3.29,-0.34,-3.22,-0.005,0.000,0.000,1.000,1.000,1.000,1.000,1,84.2,84.3,763,763,3000,116,0
0.02,climb_cruise,449.9,449.9,34999.9,-56,0.33,-0.01,359.89,0.39,15.0,125.0,0,0,3.27,-0.99,-5.84,-0.010,0.001,0.000,1.000,1.000,1.000,1.000,1,84.1,84.3,763,764,3000,115,0
0.04,climb_cruise,449.9,449.9,34999.8,-62,0.40,-0.03,359.75,0.46,15.0,125.0,0,0,3.55,-1.25,-7.89,-0.015,0.005,0.001,1.000,1.000,1.000,1.000,1,83.9,84.2,763,764,3000,115,0
0.06,climb_cruise,449.9,449.9,34999.8,-68,0.47,-0.06,359.58,0.54,15.0,125.0,0,0,3.92,-0.94,-9.38,-0.019,0.011,0.001,1.000,1.000,1.000,1.000,1,83.7,84.1,763,765,3000,115,0
0.08,climb_cruise,449.8,449.8,34999.8,-74,0.55,-0.07,359.39,0.63,15.0,125.0,0,0,4.26,-0.12,-10.34,-0.022,0.019,0.003,1.000,1.000,1.000,1.000,1,83.6,84.1,763,765,3000,114,0
0.10,climb_cruise,449.8,449.8,34999.8,-79,0.64,-0.06,359.18,0.72,15.0,125.0,0,0,4.47,1.07,-10.81,-0.024,0.027,0.005,1.000,1.000,1.000,1.000,1,83.4,84.1,763,766,3000,114,0
0.12,climb_cruise,449.8,449.8,34999.7,-84,0.73,-0.03,358.96,0.82,15.0,125.0,0,0,4.47,2.50,-10.83,-0.024,0.036,0.007,1.000,1.000,1.000,1.000,1,83.2,84.1,763,766,3000,115,0
0.14,climb_cruise,449.8,449.8,34999.7,-87,0.82,0.04,358.74,0.91,15.0,125.0,0,0,4.22,4.01,-10.46,-0.023,0.044,0.010,1.000,1.000,1.000,1.000,1,83.1,84.1,763,767,3000,115,0
0.16,climb_cruise,449.7,449.7,34999.7,-91,0.90,0.13,358.54,0.99,15.0,125.0,0,0,3.73,5.51,-9.74,-0.021,0.051,0.013,1.000,1.000,1.000,1.000,1,82.9,84.1,763,767,3000,115,0
0.18,climb_cruise,449.7,449.7,34999.6,-94,0.97,0.25,358.35,1.07,15.0,125.0,0,0,3.01,6.91,-8.74,-0.019,0.058,0.016,1.000,1.000,1.000,1.000,1,82.7,84.1,763,768,3000,116,0
0.20,climb_cruise,449.7,449.7,34999.6,-96,1.02,0.40,358.19,1.12,15.0,125.0,0,0,2.10,8.12,-7.53,-0.017,0.062,0.019,1.000,1.000,1.000,1.000,1,82.6,84.1,763,768,3000,116,0
0.22,climb_cruise,449.7,449.7,34999.6,-98,1.06,0.57,358.05,1.16,15.0,125.0,0,0,1.06,9.10,-6.16,-0.014,0.066,0.022,1.000,1.000,1.000,1.000,1,82.4,84.1,763,768,3000,115,0
0.24,climb_cruise,449.6,449.6,34999.5,-100,1.07,0.75,357.94,1.17,15.0,125.0,0,0,-0.02,9.82,-4.71,-0.011,0.067,0.025,1.000,1.000,1.000,1.000,1,82.2,84.2,763,769,3000,116,0
0.26,climb_cruise,449.6,449.6,34999.5,-102,1.06,0.95,357.86,1.16,15.0,125.0,0,0,-1.08,10.23,-3.23,-0.009,0.068,0.028,1.000,1.000,1.000,1.000,1,82.1,84.2,763,769,3000,116,0
0.28,climb_cruise,449.6,449.6,34999.5,-104,1.03,1.16,357.80,1.13,15.0,125.0,0,0,-2.01,10.34,-1.78,-0.007,0.066,0.030,1.000,1.000,1.000,1.000,1,81.9,84.2,763,770,3000,115,0
0.30,climb_cruise,449.6,449.6,34999.4,-106,0.99,1.36,357.78,1.08,15.0,125.0,0,0,-2.77,10.15,-0.41,-0.006,0.064,0.032,1.000,1.000,1.000,1.000,1,81.7,84.3,763,770,3000,116,0
0.32,climb_cruise,449.5,449.5,34999.4,-108,0.93,1.56,357.78,1.02,15.0,125.0,0,0,-3.27,9.66,0.83,-0.006,0.060,0.033,1.000,1.000,1.000,1.000,1,81.6,84.3,763,771,3000,116,0
0.34,climb_cruise,449.5,449.5,34999.4,-111,0.86,1.74,357.80,0.95,15.0,125.0,0,0,-3.48,8.90,1.91,-0.007,0.055,0.034,1.000,1.000,1.000,1.000,1,81.4,84.4,763,771,3000,114,0
0.36,climb_cruise,449.5,449.5,34999.3,-115,0.79,1.91,357.85,0.88,15.0,125.0,0,0,-3.37,7.91,2.81,-0.009,0.049,0.035,1.000,1.000,1.000,1.000,1,81.2,84.5,763,771,3000,115,0
0.38,climb_cruise,449.5,449.5,34999.3,-119,0.72,2.06,357.91,0.81,15.0,125.0,0,0,-2.94,6.73,3.50,-0.011,0.043,0.035,1.000,1.000,1.000,1.000,1,81.1,84.5,763,772,3000,115,0
0.40,climb_cruise,449.4,449.4,34999.3,-123,0.67,2.18,357.98,0.75,15.0,125.0,0,0,-2.23,5.41,3.99,-0.015,0.037,0.035,1.000,1.000,1.000,1.000,1,80.9,84.6,763,772,3000,115,0
0.42,climb_cruise,449.4,449.4,34999.2,-128,0.63,2.28,358.06,0.72,15.0,125.0,0,0,-1.27,4.01,4.26,-0.018,0.030,0.034,1.000,1.000,1.000,1.000,1,80.8,84.7,763,773,3000,115,0
0.44,climb_cruise,449.4,449.4,34999.2,-133,0.61,2.34,358.14,0.70,15.0,125.0,0,0,-0.14,2.56,4.33,-0.022,0.024,0.033,1.000,1.000,1.000,1.000,1,80.6,84.8,763,773,3000,115,0
0.46,climb_cruise,449.4,449.4,34999.1,-138,0.61,2.38,358.23,0.71,15.0,125.0,0,0,1.09,1.13,4.22,-0.026,0.017,0.032,1.000,1.000,1.000,1.000,1,80.4,84.9,763,773,3000,114,0
0.48,climb_cruise,449.3,449.3,34999.1,-143,0.64,2.39,358.31,0.74,15.0,125.0,0,0,2.31,-0.25,3.93,-0.030,0.012,0.030,1.000,1.000,1.000,1.000,1,80.3,85.0,763,774,3000,115,0
0.50,climb_cruise,449.3,449.3,34999.0,-147,0.69,2.37,358.39,0.80,15.0,125.0,0,0,3.43,-1.54,3.51,-0.033,0.007,0.029,1.000,1.000,1.000,1.000,1,80.1,85.1,763,774,3000,115,0
0.52,climb_cruise,449.3,449.3,34999.0,-152,0.77,2.33,358.46,0.88,15.0,125.0,0,0,4.37,-2.69,2.97,-0.035,0.003,0.027,1.000,1.000,1.000,1.000,1,80.0,85.2,763,774,3000,114,0
0.54,climb_cruise,449.3,449.3,34998.9,-156,0.86,2.27,358.52,0.97,15.0,125.0,0,0,5.04,-3.70,2.35,-0.036,-0.001,0.025,1.000,1.000,1.000,1.000,1,79.8,85.3,763,775,3000,116,0
0.56,climb_cruise,449.2,449.2,34998.9,-159,0.96,2.19,358.56,1.08,15.0,125.0,0,0,5.38,-4.53,1.67,-0.036,-0.003,0.024,1.000,1.000,1.000,1.000,1,79.6,85.4,763,775,3000,115,0
0.58,climb_cruise,449.2,449.2,34998.8,-161,1.07,2.09,358.60,1.20,15.0,125.0,0,0,5.36,-5.18,0.97,-0.035,-0.005,0.022,1.000,1.000,1.000,1.000,1,79.5,85.5,763,776,3000,114,0
0.60,climb_cruise,449.2,449.2,34998.7,-163,1.17,1.99,358.61,1.31,15.0,125.0,0,0,4.96,-5.64,0.27,-0.033,-0.005,0.021,1.000,1.000,1.000,1.000,1,79.3,85.6,763,776,3000,114,0
0.62,climb_cruise,449.2,449.2,34998.7,-164,1.26,1.87,358.62,1.41,15.0,125.0,0,0,4.20,-5.91,-0.41,-0.030,-0.005,0.020,1.000,1.000,1.000,1.000,1,79.2,85.7,763,776,3000,115,0
0.64,climb_cruise,449.1,449.1,34998.6,-164,1.34,1.75,358.60,1.49,15.0,125.0,0,0,3.13,-6.00,-1.04,-0.026,-0.004,0.019,1.000,1.000,1.000,1.000,1,79.0,85.8,763,777,3000,115,0
0.66,climb_cruise,449.1,449.1,34998.6,-164,1.39,1.63,358.58,1.55,15.0,125.0,0,0,1.82,-5.90,-1.60,-0.022,-0.002,0.018,1.000,1.000,1.000,1.000,1,78.8,85.9,763,777,3000,115,0
0.68,climb_cruise,449.1,449.1,34998.5,-164,1.42,1.52,358.55,1.58,15.0,125.0,0,0,0.36,-5.65,-2.08,-0.018,0.000,0.018,1.000,1.000,1.000,1.000,1,78.7,86.0,763,777,3000,115,0
0.70,climb_cruise,449.1,449.1,34998.5,-163,1.41,1.41,358.50,1.59,15.0,125.0,0,0,-1.13,-5.24,-2.48,-0.014,0.003,0.018,1.000,1.000,1.000,1.000,1,78.5,86.2,763,778,3000,116,0
0.72,climb_cruise,449.0,449.0,34998.4,-163,1.38,1.31,358.45,1.56,15.0,125.0,0,0,-2.56,-4.71,-2.77,-0.011,0.006,0.018,1.000,1.000,1.000,1.000,1,78.4,86.3,763,778,3000,115,0
0.74,climb_cruise,449.0,449.0,34998.4,-162,1.32,1.22,358.39,1.50,15.0,125.0,0,0,-3.80,-4.07,-2.96,-0.008,0.010,0.018,1.000,1.000,1.000,1.000,1,78.2,86.4,763,778,3000,116,0
0.76,climb_cruise,449.0,449.0,34998.3,-162,1.24,1.14,358.33,1.43,15.0,125.0,0,0,-4.76,-3.36,-3.06,-0.007,0.013,0.018,1.000,1.000,1.000,1.000,1,78.1,86.5,763,779,3000,115,0
0.78,climb_cruise,449.0,449.0,34998.3,-163,1.14,1.08,358.26,1.33,15.0,125.0,0,0,-5.35,-2.61,-3.06,-0.007,0.017,0.019,1.000,1.000,1.000,1.000,1,77.9,86.6,763,779,3000,115,0
0.80,climb_cruise,448.9,448.9,34998.2,-164,1.03,1.04,358.20,1.23,15.0,125.0,0,0,-5.52,-1.84,-2.97,-0.009,0.020,0.019,1.000,1.000,1.000,1.000,1,77.8,86.8,763,779,3000,114,0
0.82,climb_cruise,448.9,448.9,34998.2,-166,0.92,1.00,358.14,1.12,15.0,125.0,0,0,-5.24,-1.08,-2.81,-0.012,0.023,0.020,1.000,1.000,1.000,1.000,1,77.6,86.9,763,779,3000,116,0
0.84,climb_cruise,448.9,448.9,34998.1,-169,0.82,0.99,358.08,1.02,15.0,125.0,0,0,-4.51,-0.36,-2.58,-0.016,0.026,0.021,1.000,1.000,1.000,1.000,1,77.4,87.0,763,780,3000,116,0
0.86,climb_cruise,448.9,448.9,34998.0,-172,0.74,0.99,358.03,0.94,15.0,125.0,0,0,-3.39,0.30,-2.29,-0.020,0.028,0.021,1.000,1.000,1.000,1.000,1,77.3,87.2,763,780,3000,116,0
0.88,climb_cruise,448.8,448.8,34998.0,-176,0.69,1.00,357.99,0.88,15.0,125.0,0,0,-1.94,0.88,-1.97,-0.026,0.031,0.022,1.000,1.000,1.000,1.000,1,77.1,87.3,763,780,3000,115,0
0.90,climb_cruise,448.8,448.8,34997.9,-180,0.66,1.02,357.95,0.86,15.0,125.0,0,0,-0.26,1.37,-1.63,-0.031,0.032,0.023,1.000,1.000,1.000,1.000,1,77.0,87.4,763,781,3000,116,0
0.92,climb_cruise,448.8,448.8,34997.9,-184,0.68,1.05,357.92,0.86,15.0,125.0,0,0,1.52,1.75,-1.28,-0.037,0.033,0.024,1.000,1.000,1.000,1.000,1,76.8,87.5,763,781,3000,116,0
0.94,climb_cruise,448.8,448.8,34997.8,-189,0.72,1.09,357.90,0.91,15.0,125.0,0,0,3.28,2.04,-0.93,-0.041,0.034,0.024,1.000,1.000,1.000,1.000,1,76.7,87.7,763,781,3000,115,0
0.96,climb_cruise,448.8,448.8,34997.7,-193,0.80,1.13,357.89,0.98,15.0,125.0,0,0,4.87,2.23,-0.60,-0.045,0.034,0.025,1.000,1.000,1.000,1.000,1,76.5,87.8,763,782,3000,115,0
0.98,climb_cruise,448.7,448.7,34997.7,-196,0.91,1.18,357.88,1.09,15.0,125.0,0,0,6.17,2.32,-0.29,-0.048,0.034,0.025,1.000,1.000,1.000,1.000,1,76.4,87.9,763,782,3000,116,0
1.00,climb_cruise,448.7,448.7,34997.6,-199,1.04,1.22,357.88,1.22,15.0,125.0,0,0,7.08,2.33,-0.02,-0.049,0.034,0.026,1.000,1.000,1.000,1.000,1,76.2,88.0,763,782,3000,115,0
1.02,climb_cruise,448.7,448.7,34997.5,-201,1.19,1.27,357.88,1.36,15.0,125.0,0,0,7.50,2.26,0.21,-0.048,0.033,0.026,1.000,1.000,1.000,1.000,1,76.1,88.2,763,782,3000,114,0
1.04,climb_cruise,448.7,448.7,34997.4,-201,1.34,1.31,357.89,1.51,15.0,125.0,0,0,7.40,2.13,0.39,-0.046,0.032,0.026,1.000,1.000,1.000,1.000,1,75.9,88.3,763,783,3000,116,0
1.06,climb_cruise,448.6,448.6,34997.4,-201,1.48,1.35,357.91,1.66,15.0,125.0,0,0,6.77,1.96,0.53,-0.042,0.031,0.026,1.000,1.000,1.000,1.000,1,75.8,88.4,763,783,3000,115,0
1.08,climb_cruise,448.6,448.6,34997.3,-200,1.60,1.39,357.92,1.78,15.0,125.0,0,0,5.63,1.74,0.62,-0.037,0.030,0.026,1.000,1.000,1.000,1.000,1,75.6,88.6,763,783,3000,115,0
1.10,climb_cruise,448.6,448.6,34997.2,-199,1.70,1.42,357.93,1.89,15.0,125.0,0,0,4.07,1.51,0.66,-0.032,0.029,0.026,1.000,1.000,1.000,1.000,1,75.5,88.7,763,783,3000,115,0
1.12,climb_cruise,448.6,448.6,34997.2,-196,1.77,1.45,357.95,1.96,15.0,125.0,0,0,2.18,1.26,0.66,-0.026,0.028,0.026,1.000,1.000,1.000,1.000,1,75.3,88.8,763,784,3000,115,0
1.14,climb_cruise,448.5,448.5,34997.1,-193,1.80,1.48,357.96,1.99,15.0,125.0,0,0,0.11,1.02,0.62,-0.020,0.027,0.026,1.000,1.000,1.000,1.000,1,75.2,88.9,763,784,3000,115,0
1.16,climb_cruise,448.5,448.5,34997.0,-190,1.78,1.49,357.97,1.97,15.0,125.0,0,0,-1.99,0.79,0.55,-0.014,0.026,0.025,1.000,1.000,1.000,1.000,1,75.0,89.1,763,784,3000,116,0
1.18,climb_cruise,448.5,448.5,34997.0,-188,1.72,1.51,357.98,1.92,15.0,125.0,0,0,-3.97,0.58,0.44,-0.010,0.025,0.025,1.000,1.000,1.000,1.000,1,74.9,89.2,763,784,3000,115,0
1.20,climb_cruise,448.5,448.5,34996.9,-185,1.63,1.52,357.99,1.83,15.0,125.0,0,0,-5.67,0.40,0.31,-0.007,0.025,0.025,1.000,1.000,1.000,1.000,1,74.7,89.3,763,785,3000,115,0
1.22,climb_cruise,448.4,448.4,34996.9,-183,1.50,1.53,357.99,1.71,15.0,125.0,0,0,-6.95,0.26,0.17,-0.005,0.024,0.025,1.000,1.000,1.000,1.000,1,74.6,89.5,763,785,3000,114,0
1.24,climb_cruise,448.4,448.4,34996.8,-182,1.36,1.53,357.99,1.57,15.0,125.0,0,0,-7.70,0.15,0.02,-0.005,0.024,0.024,1.000,1.000,1.000,1.000,1,74.4,89.6,763,785,3000,116,0
1.26,climb_cruise,448.4,448.4,34996.8,-183,1.20,1.53,357.98,1.41,15.0,125.0,0,0,-7.84,0.09,-0.14,-0.008,0.024,0.024,1.000,1.000,1.000,1.000,1,74.3,89.7,763,785,3000,116,0
1.28,climb_cruise,448.4,448.4,34996.7,-184,1.05,1.53,357.98,1.26,15.0,125.0,0,0,-7.36,0.06,-0.30,-0.012,0.025,0.024,1.000,1.000,1.000,1.000,1,74.1,89.8,763,786,3000,114,0
1.30,climb_cruise,448.3,448.3,34996.6,-186,0.91,1.53,357.96,1.12,15.0,125.0,0,0,-6.27,0.07,-0.44,-0.017,0.025,0.024,1.000,1.000,1.000,1.000,1,74.0,90.0,763,786,3000,115,0
1.32,climb_cruise,448.3,448.3,34996.6,-189,0.80,1.54,357.95,1.00,15.0,125.0,0,0,-4.64,0.10,-0.58,-0.024,0.025,0.024,1.000,1.000,1.000,1.000,1,73.8,90.1,763,786,3000,114,0
1.34,climb_cruise,448.3,448.3,34996.5,-193,0.72,1.54,357.94,0.92,15.0,125.0,0,0,-2.57,0.15,-0.69,-0.031,0.026,0.024,1.000,1.000,1.000,1.000,1,73.7,90.2,763,786,3000,115,0
1.36,climb_cruise,448.3,448.3,34996.5,-197,0.69,1.54,357.92,0.89,15.0,125.0,0,0,-0.21,0.21,-0.79,-0.039,0.026,0.024,1.000,1.000,1.000,1.000,1,73.5,90.3,763,786,3000,115,0
1.38,climb_cruise,448.3,448.3,34996.4,-201,0.71,1.55,357.91,0.90,15.0,125.0,0,0,2.26,0.28,-0.86,-0.046,0.027,0.024,1.000,1.000,1.000,1.000,1,73.4,90.5,763,787,3000,114,0
1.40,climb_cruise,448.2,448.2,34996.3,-205,0.78,1.55,357.89,0.96,15.0,125.0,0,0,4.66,0.34,-0.91,-0.052,0.027,0.024,1.000,1.000,1.000,1.000,1,73.2,90.6,763,787,3000,114,0
1.42,climb_cruise,448.2,448.2,34996.3,-209,0.89,1.56,357.87,1.07,15.0,125.0,0,0,6.80,0.40,-0.94,-0.057,0.028,0.024,1.000,1.000,1.000,1.000,1,73.1,90.7,763,787,3000,115,0
1.44,climb_cruise,448.2,448.2,34996.2,-212,1.04,1.57,357.86,1.21,15.0,125.0,0,0,8.51,0.44,-0.95,-0.060,0.028,0.024,1.000,1.000,1.000,1.000,1,72.9,90.8,763,787,1816,116,0
1.46,climb_cruise,448.2,448.2,34996.1,-213,1.19,1.53,357.83,1.37,15.0,125.0,0,0,5.61,-4.31,-2.26,-0.061,0.029,0.024,1.000,0.100,0.100,0.100,1,72.8,90.9,763,788,632,114,0
1.48,climb_cruise,448.2,448.2,34996.0,-214,1.28,1.43,357.78,1.48,15.0,125.0,0,0,2.98,-6.37,-3.33,-0.058,0.030,0.025,1.000,0.100,0.100,0.100,1,72.6,91.0,763,788,16,116,0
1.50,climb_cruise,448.1,448.1,34995.9,-213,1.32,1.29,357.71,1.53,15.0,125.0,0,0,0.68,-7.43,-4.17,-0.055,0.032,0.025,1.000,0.100,0.100,0.100,1,72.5,91.2,763,788,16,116,0
1.52,climb_cruise,448.1,448.1,34995.9,-213,1.32,1.13,357.62,1.54,15.0,125.0,0,0,-1.26,-8.10,-4.81,-0.052,0.036,0.026,1.000,0.100,0.100,0.100,1,72.3,91.3,763,788,16,115,0
1.54,climb_cruise,448.1,448.1,34995.8,-213,1.28,0.96,357.52,1.52,15.0,125.0,0,0,-2.84,-8.57,-5.25,-0.049,0.041,0.027,1.000,0.100,0.100,0.100,1,72.2,91.4,763,788,16,116,0
1.56,climb_cruise,448.1,448.1,34995.7,-213,1.22,0.79,357.41,1.46,15.0,125.0,0,0,-4.04,-8.93,-5.53,-0.048,0.046,0.028,1.000,0.100,0.100,0.100,1,72.1,91.5,763,789,16,114,0
1.58,climb_cruise,448.0,448.0,34995.7,-213,1.13,0.60,357.30,1.39,15.0,125.0,0,0,-4.89,-9.20,-5.67,-0.047,0.052,0.029,1.000,0.100,0.100,0.100,1,71.9,91.6,763,789,16,115,0
1.60,climb_cruise,448.0,448.0,34995.6,-214,1.03,0.42,357.18,1.30,15.0,125.0,0,0,-5.41,-9.41,-5.67,-0.048,0.059,0.030,1.000,0.100,0.100,0.100,1,71.8,91.7,763,789,16,116,0
1.62,climb_cruise,448.0,448.0,34995.5,-215,0.92,0.23,357.07,1.20,15.0,125.0,0,0,-5.62,-9.56,-5.57,-0.050,0.065,0.032,1.000,0.100,0.100,0.100,1,71.6,91.9,763,789,16,115,0
1.64,climb_cruise,448.0,448.0,34995.5,-217,0.81,0.03,356.96,1.10,15.0,125.0,0,0,-5.57,-9.65,-5.37,-0.054,0.072,0.033,1.000,0.100,0.100,0.100,1,71.5,92.0,763,789,16,114,0
1.66,climb_cruise,448.0,448.0,34995.4,-220,0.70,-0.16,356.86,1.00,15.0,125.0,0,0,-5.30,-9.71,-5.10,-0.058,0.078,0.035,1.000,0.100,0.100,0.100,1,71.3,92.1,763,789,16,115,0
1.68,climb_cruise,447.9,447.9,34995.3,-224,0.60,-0.36,356.76,0.92,15.0,125.0,0,0,-4.85,-9.73,-4.78,-0.064,0.084,0.037,1.000,0.100,0.100,0.100,1,71.2,92.2,763,790,16,116,0
1.70,climb_cruise,447.9,447.9,34995.3,-227,0.50,-0.55,356.66,0.84,15.0,125.0,0,0,-4.28,-9.72,-4.41,-0.070,0.090,0.038,1.000,0.100,0.100,0.100,1,71.1,92.3,763,790,16,114,0
1.72,climb_cruise,447.9,447.9,34995.2,-232,0.42,-0.75,356.58,0.77,15.0,125.0,0,0,-3.62,-9.69,-4.02,-0.076,0.096,0.040,1.000,0.100,0.100,0.100,1,70.9,92.4,763,790,16,114,0
1.74,climb_cruise,447.9,447.9,34995.1,-236,0.35,-0.94,356.50,0.72,15.0,125.0,0,0,-2.92,-9.63,-3.62,-0.083,0.102,0.041,1.000,0.100,0.100,0.100,1,70.8,92.5,763,790,16,116,0
1.76,climb_cruise,447.9,447.9,34995.0,-241,0.30,-1.13,356.44,0.68,15.0,125.0,0,0,-2.20,-9.55,-3.22,-0.089,0.108,0.043,1.000,0.100,0.100,0.100,1,70.6,92.6,763,790,16,115,0
1.78,climb_cruise,447.8,447.8,34995.0,-247,0.26,-1.32,356.38,0.66,15.0,125.0,0,0,-1.51,-9.46,-2.82,-0.096,0.113,0.044,1.000,0.100,0.100,0.100,1,70.5,92.7,763,791,16,116,0
1.80,climb_cruise,447.8,447.8,34994.9,-252,0.23,-1.51,356.32,0.65,15.0,125.0,0,0,-0.87,-9.35,-2.43,-0.102,0.119,0.045,1.000,0.100,0.100,0.100,1,70.3,92.8,763,791,16,115,0
1.82,climb_cruise,447.8,447.8,34994.8,-257,0.22,-1.70,356.28,0.65,15.0,125.0,0,0,-0.29,-9.23,-2.07,-0.108,0.124,0.046,1.000,0.100,0.100,0.100,1,70.2,92.9,763,791,16,115,0
1.84,climb_cruise,447.8,447.8,34994.7,-263,0.22,-1.88,356.24,0.67,15.0,125.0,0,0,0.20,-9.10,-1.74,-0.113,0.129,0.047,1.000,0.100,0.100,0.100,1,70.1,93.0,763,791,16,114,0
1.86,climb_cruise,447.8,447.8,34994.6,-268,0.22,-2.06,356.21,0.69,15.0,125.0,0,0,0.61,-8.95,-1.44,-0.118,0.134,0.048,1.000,0.100,0.100,0.100,1,69.9,93.1,763,791,16,114,0
1.88,climb_cruise,447.7,447.7,34994.5,-273,0.24,-2.24,356.18,0.72,15.0,125.0,0,0,0.92,-8.80,-1.17,-0.122,0.139,0.048,1.000,0.100,0.100,0.100,1,69.8,93.2,763,791,16,116,0
1.90,climb_cruise,447.7,447.7,34994.4,-278,0.26,-2.41,356.16,0.76,15.0,125.0,0,0,1.14,-8.64,-0.93,-0.126,0.144,0.049,1.000,0.100,0.100,0.100,1,69.6,93.3,763,791,16,115,0
1.92,climb_cruise,447.7,447.7,34994.3,-282,0.28,-2.59,356.14,0.80,15.0,125.0,0,0,1.28,-8.48,-0.73,-0.130,0.148,0.049,1.000,0.100,0.100,0.100,1,69.5,93.4,763,792,16,114,0
1.94,climb_cruise,447.7,447.7,34994.2,-287,0.30,-2.75,356.12,0.84,15.0,125.0,0,0,1.33,-8.31,-0.57,-0.132,0.153,0.049,1.000,0.100,0.100,0.100,1,69.4,93.5,763,792,16,115,0
1.96,climb_cruise,447.7,447.7,34994.1,-291,0.33,-2.92,356.11,0.89,15.0,125.0,0,0,1.32,-8.14,-0.43,-0.135,0.158,0.049,1.000,0.100,0.100,0.100,1,69.2,93.6,763,792,16,115,0
1.98,climb_cruise,447.6,447.6,34994.0,-295,0.36,-3.08,356.10,0.93,15.0,125.0,0,0,1.25,-7.97,-0.33,-0.137,0.163,0.049,1.000,0.100,0.100,0.100,1,69.1,93.7,763,792,16,114,0
2.00,climb_cruise,447.6,447.6,34993.9,-298,0.38,-3.24,356.10,0.97,15.0,125.0,0,0,1.13,-7.80,-0.26,-0.138,0.168,0.049,1.000,0.100,0.100,0.100,1,69.0,93.8,763,792,16,115,0
2.02,climb_cruise,447.6,447.6,34993.8,-302,0.40,-3.39,356.09,1.00,15.0,125.0,0,0,0.98,-7.64,-0.22,-0.140,0.173,0.049,1.000,0.100,0.100,0.100,1,68.8,93.9,763,792,16,115,0
2.04,climb_cruise,447.6,447.6,34993.7,-305,0.42,-3.54,356.08,1.04,15.0,125.0,0,0,0.81,-7.48,-0.20,-0.141,0.178,0.049,1.000,0.100,0.100,0.100,1,68.7,94.0,763,793,16,116,0
2.06,climb_cruise,447.6,447.6,34993.6,-308,0.43,-3.69,356.08,1.07,15.0,125.0,0,0,0.62,-7.32,-0.20,-0.142,0.183,0.049,1.000,0.100,0.100,0.100,1,68.5,94.1,763,793,16,114,0
2.08,climb_cruise,447.5,447.5,34993.5,-311,0.44,-3.84,356.08,1.09,15.0,125.0,0,0,0.44,-7.17,-0.21,-0.143,0.188,0.048,1.000,0.100,0.100,0.100,1,68.4,94.2,763,793,16,115,0
2.10,climb_cruise,447.5,447.5,34993.4,-314,0.45,-3.98,356.07,1.11,15.0,125.0,0,0,0.26,-7.03,-0.25,-0.144,0.193,0.048,1.000,0.100,0.100,0.100,1,68.3,94.3,763,793,16,114,0
2.12,climb_cruise,447.5,447.5,34993.3,-317,0.45,-4.12,356.06,1.13,15.0,125.0,0,0,0.09,-6.88,-0.29,-0.146,0.198,0.048,1.000,0.100,0.100,0.100,1,68.1,94.4,763,793,16,115,0
2.14,climb_cruise,447.5,447.5,34993.2,-319,0.46,-4.25,356.06,1.14,15.0,125.0,0,0,-0.05,-6.75,-0.34,-0.147,0.203,0.047,1.000,0.100,0.100,0.100,1,68.0,94.5,763,793,16,115,0
2.16,climb_cruise,447.5,447.5,34993.1,-322,0.45,-4.39,356.05,1.15,15.0,125.0,0,0,-0.17,-6.62,-0.40,-0.149,0.208,0.047,1.000,0.100,0.100,0.100,1,67.9,94.5,763,793,16,114,0
2.18,climb_cruise,447.4,447.4,34993.0,-325,0.45,-4.52,356.04,1.16,15.0,125.0,0,0,-0.27,-6.49,-0.47,-0.150,0.213,0.047,1.000,0.100,0.100,0.100,1,67.7,94.6,763,793,16,115,0
2.20,climb_cruise,447.4,447.4,34992.9,-327,0.44,-4.65,356.03,1.17,15.0,125.0,0,0,-0.34,-6.37,-0.53,-0.152,0.218,0.047,1.000,0.100,0.100,0.100,1,67.6,94.7,763,794,16,114,0
2.22,climb_cruise,447.4,447.4,34992.8,-330,0.43,-4.77,356.02,1.17,15.0,125.0,0,0,-0.38,-6.25,-0.60,-0.154,0.224,0.046,1.000,0.100,0.100,0.100,1,67.5,94.8,763,794,16,115,0
2.24,climb_cruise,447.4,447.4,34992.7,-332,0.42,-4.90,356.01,1.17,15.0,125.0,0,0,-0.40,-6.14,-0.66,-0.156,0.229,0.046,1.000,0.100,0.100,0.100,1,67.3,94.9,763,794,16,115,0
2.26,climb_cruise,447.4,447.4,34992.6,-335,0.42,-5.02,356.00,1.18,15.0,125.0,0,0,-0.40,-6.03,-0.72,-0.158,0.234,0.046,1.000,0.100,0.100,0.100,1,67.2,95.0,763,794,16,114,0
2.28,climb_cruise,447.3,447.3,34992.4,-337,0.41,-5.14,355.98,1.18,15.0,125.0,0,0,-0.37,-5.91,-0.78,-0.160,0.240,0.046,1.000,0.100,0.100,0.100,1,67.1,95.0,763,794,16,115,0
2.30,climb_cruise,447.3,447.3,34992.3,-340,0.40,-5.26,355.97,1.18,15.0,125.0,0,0,-0.33,-5.81,-0.83,-0.163,0.245,0.046,1.000,0.100,0.100,0.100,1,66.9,95.1,763,794,16,115,0
2.32,climb_cruise,447.3,447.3,34992.2,-342,0.39,-5.37,355.95,1.19,15.0,125.0,0,0,-0.28,-5.70,-0.88,-0.165,0.250,0.046,1.000,0.100,0.100,0.100,1,66.8,95.2,763,794,16,115,0
2.34,climb_cruise,447.3,447.3,34992.1,-345,0.38,-5.49,355.93,1.19,15.0,125.0,0,0,-0.22,-5.59,-0.92,-0.168,0.256,0.046,1.000,0.100,0.100,0.100,1,66.7,95.3,763,794,16,116,0
2.36,climb_cruise,447.3,447.3,34992.0,-347,0.38,-5.60,355.92,1.20,15.0,125.0,0,0,-0.15,-5.49,-0.96,-0.170,0.261,0.046,1.000,0.100,0.100,0.100,1,66.5,95.4,763,795,16,115,0
2.38,climb_cruise,447.2,447.2,34991.9,-350,0.37,-5.70,355.90,1.20,15.0,125.0,0,0,-0.08,-5.38,-0.99,-0.173,0.266,0.046,1.000,0.100,0.100,0.100,1,66.4,95.4,763,795,16,115,0
2.40,climb_cruise,447.2,447.2,34991.7,-352,0.37,-5.81,355.88,1.21,15.0,125.0,0,0,-0.01,-5.28,-1.01,-0.176,0.272,0.046,1.000,0.100,0.100,0.100,1,66.3,95.5,763,795,16,114,0
2.42,climb_cruise,447.2,447.2,34991.6,-355,0.37,-5.92,355.86,1.22,15.0,125.0,0,0,0.05,-5.17,-1.03,-0.178,0.277,0.046,1.000,0.100,0.100,0.100,1,66.1,95.6,763,795,16,115,0
2.44,climb_cruise,447.2,447.2,34991.5,-357,0.37,-6.02,355.84,1.23,15.0,125.0,0,0,0.12,-5.06,-1.04,-0.181,0.282,0.046,1.000,0.100,0.100,0.100,1,66.0,95.7,763,795,16,116,0
2.46,climb_cruise,447.2,447.2,34991.4,-359,0.37,-6.12,355.82,1.24,15.0,125.0,0,0,0.17,-4.96,-1.05,-0.183,0.288,0.046,1.000,0.100,0.100,0.100,1,65.9,95.8,763,795,16,114,0
2.48,climb_cruise,447.1,447.1,34991.3,-362,0.37,-6.22,355.79,1.26,15.0,125.0,0,0,0.23,-4.85,-1.06,-0.186,0.293,0.046,1.000,0.100,0.100,0.100,1,65.7,95.8,763,795,16,116,0
2.50,climb_cruise,447.1,447.1,34991.1,-364,0.37,-6.31,355.77,1.27,15.0,125.0,0,0,0.27,-4.75,-1.06,-0.188,0.298,0.046,1.000,0.100,0.100,0.100,1,65.6,95.9,763,795,16,115,0
2.52,climb_cruise,447.1,447.1,34991.0,-366,0.38,-6.41,355.75,1.28,15.0,125.0,0,0,0.30,-4.64,-1.06,-0.191,0.304,0.046,1.000,0.100,0.100,0.100,1,65.5,96.0,763,795,16,114,0
2.54,climb_cruise,447.1,447.1,34990.9,-368,0.38,-6.50,355.73,1.30,15.0,125.0,0,0,0.33,-4.53,-1.05,-0.193,0.309,0.046,1.000,0.100,0.100,0.100,1,65.3,96.0,763,796,16,115,0
2.56,climb_cruise,447.1,447.1,34990.8,-370,0.38,-6.59,355.71,1.31,15.0,125.0,0,0,0.35,-4.42,-1.04,-0.195,0.314,0.046,1.000,0.100,0.100,0.100,1,65.2,96.1,763,796,16,115,0
2.58,climb_cruise,447.0,447.0,34990.7,-372,0.39,-6.68,355.69,1.33,15.0,125.0,0,0,0.37,-4.31,-1.04,-0.198,0.319,0.047,1.000,0.100,0.100,0.100,1,65.1,96.2,763,796,16,115,0
2.60,climb_cruise,447.0,447.0,34990.5,-374,0.39,-6.76,355.66,1.34,15.0,125.0,0,0,0.38,-4.21,-1.02,-0.200,0.324,0.047,1.000,0.100,0.100,0.100,1,64.9,96.3,763,796,16,116,0
2.62,climb_cruise,447.0,447.0,34990.4,-375,0.40,-6.84,355.64,1.36,15.0,125.0,0,0,0.38,-4.10,-1.01,-0.202,0.329,0.047,1.000,0.100,0.100,0.100,1,64.8,96.3,763,796,16,116,0
2.64,climb_cruise,447.0,447.0,34990.3,-377,0.40,-6.93,355.62,1.37,15.0,125.0,0,0,0.38,-3.99,-1.00,-0.204,0.334,0.047,1.000,0.100,0.100,0.100,1,64.7,96.4,763,796,16,115,0
2.66,climb_cruise,447.0,447.0,34990.2,-379,0.41,-7.00,355.60,1.38,15.0,125.0,0,0,0.38,-3.88,-0.99,-0.206,0.339,0.047,1.000,0.100,0.100,0.100,1,64.6,96.5,763,796,16,115,0
2.68,climb_cruise,447.0,447.0,34990.0,-380,0.41,-7.08,355.58,1.40,15.0,125.0,0,0,0.37,-3.77,-0.98,-0.208,0.344,0.047,1.000,0.100,0.100,0.100,1,64.4,96.5,763,796,16,114,0
2.70,climb_cruise,446.9,446.9,34989.9,-382,0.42,-7.16,355.56,1.41,15.0,125.0,0,0,0.37,-3.67,-0.96,-0.211,0.349,0.047,1.000,0.100,0.100,0.100,1,64.3,96.6,763,796,16,115,0
2.72,climb_cruise,446.9,446.9,34989.8,-383,0.42,-7.23,355.54,1.43,15.0,125.0,0,0,0.36,-3.56,-0.95,-0.213,0.353,0.048,1.000,0.100,0.100,0.100,1,64.2,96.7,763,796,16,116,0
2.74,climb_cruise,446.9,446.9,34989.6,-385,0.43,-7.30,355.52,1.44,15.0,125.0,0,0,0.36,-3.45,-0.94,-0.215,0.358,0.048,1.000,0.100,0.100,0.100,1,64.0,96.7,763,797,16,115,0
2.76,climb_cruise,446.9,446.9,34989.5,-386,0.43,-7.37,355.50,1.45,15.0,125.0,0,0,0.36,-3.35,-0.93,-0.217,0.363,0.048,1.000,0.100,0.100,0.100,1,63.9,96.8,763,797,16,116,0
2.78,climb_cruise,446.9,446.9,34989.4,-387,0.44,-7.43,355.48,1.46,15.0,125.0,0,0,0.36,-3.24,-0.92,-0.219,0.367,0.048,1.000,0.100,0.100,0.100,1,63.8,96.8,763,797,16,114,0
2.80,climb_cruise,446.8,446.8,34989.3,-388,0.44,-7.50,355.46,1.48,15.0,125.0,0,0,0.36,-3.14,-0.91,-0.221,0.372,0.048,1.000,0.100,0.100,0.100,1,63.7,96.9,763,797,16,115,0
2.82,climb_cruise,446.8,446.8,34989.1,-389,0.45,-7.56,355.45,1.49,15.0,125.0,0,0,0.36,-3.03,-0.90,-0.223,0.376,0.048,1.000,0.100,0.100,0.100,1,63.5,97.0,763,797,16,114,0
2.84,climb_cruise,446.8,446.8,34989.0,-390,0.45,-7.62,355.43,1.50,15.0,125.0,0,0,0.36,-2.93,-0.89,-0.225,0.381,0.049,1.000,0.100,0.100,0.100,1,63.4,97.0,763,797,16,115,0
2.86,climb_cruise,446.8,446.8,34988.9,-392,0.46,-7.68,355.41,1.51,15.0,125.0,0,0,0.37,-2.83,-0.88,-0.227,0.385,0.049,1.000,0.100,0.100,0.100,1,63.3,97.1,763,797,16,115,0
2.88,climb_cruise,446.8,446.8,34988.7,-392,0.46,-7.73,355.39,1.52,15.0,125.0,0,0,0.38,-2.73,-0.88,-0.229,0.390,0.049,1.000,0.100,0.100,0.100,1,63.1,97.1,763,797,16,114,0
2.90,climb_cruise,446.7,446.7,34988.6,-393,0.47,-7.79,355.37,1.53,15.0,125.0,0,0,0.39,-2.63,-0.87,-0.231,0.394,0.049,1.000,0.100,0.100,0.100,1,63.0,97.2,763,797,16,115,0
2.92,climb_cruise,446.7,446.7,34988.5,-394,0.47,-7.84,355.35,1.55,15.0,125.0,0,0,0.40,-2.53,-0.87,-0.233,0.398,0.049,1.000,0.100,0.100,0.100,1,62.9,97.3,763,797,16,116,0
2.94,climb_cruise,446.7,446.7,34988.3,-395,0.48,-7.89,355.33,1.56,15.0,125.0,0,0,0.41,-2.44,-0.86,-0.235,0.402,0.049,1.000,0.100,0.100,0.100,1,62.8,97.3,763,797,16,116,0
2.96,climb_cruise,446.7,446.7,34988.2,-396,0.49,-7.94,355.32,1.57,15.0,125.0,0,0,0.43,-2.34,-0.86,-0.238,0.407,0.049,1.000,0.100,0.100,0.100,1,62.6,97.4,763,798,16,116,0
2.98,climb_cruise,446.7,446.7,34988.1,-396,0.49,-8.00,355.30,1.58,15.0,125.0,0,0,0.00,-4.08,-0.93,-0.180,0.308,0.037,1.000,0.100,0.100,0.100,1,62.5,97.4,763,798,16,116,0
3.00,climb_cruise,446.6,446.6,34987.9,-397,0.48,-8.10,355.28,1.58,15.0,125.0,0,0,-0.60,-5.64,-1.03,-0.145,0.257,0.030,1.000,0.100,0.100,0.100,1,62.4,97.5,763,798,16,115,0
3.02,climb_cruise,446.6,446.6,34987.8,-397,0.46,-8.22,355.26,1.57,15.0,125.0,0,0,-1.23,-6.69,-1.15,-0.125,0.232,0.025,1.000,0.100,0.100,0.100,1,62.3,97.5,763,798,16,116,0
3.04,climb_cruise,446.6,446.6,34987.7,-398,0.43,-8.36,355.24,1.56,15.0,125.0,0,0,-1.79,-7.34,-1.25,-0.113,0.219,0.023,1.000,0.100,0.100,0.100,1,62.1,97.6,763,798,16,116,0
3.06,climb_cruise,446.6,446.6,34987.5,-399,0.38,-8.51,355.22,1.53,15.0,125.0,0,0,-2.24,-7.71,-1.35,-0.107,0.214,0.021,1.000,0.100,0.100,0.100,1,62.0,97.6,763,798,16,115,0
3.08,climb_cruise,446.6,446.6,34987.4,-399,0.33,-8.67,355.20,1.49,15.0,125.0,0,0,-2.55,-7.91,-1.43,-0.104,0.212,0.020,1.000,0.100,0.100,0.100,1,61.9,97.7,763,798,16,115,0
3.10,climb_cruise,446.6,446.6,34987.3,-401,0.28,-8.82,355.18,1.45,15.0,125.0,0,0,-2.73,-8.03,-1.49,-0.103,0.213,0.020,1.000,0.100,0.100,0.100,1,61.8,97.8,763,798,16,116,0
3.12,climb_cruise,446.5,446.5,34987.2,-402,0.22,-8.99,355.16,1.41,15.0,125.0,0,0,-2.78,-8.08,-1.53,-0.103,0.214,0.020,1.000,0.100,0.100,0.100,1,61.6,97.8,763,798,16,116,0
3.14,climb_cruise,446.5,446.5,34987.0,-404,0.16,-9.15,355.14,1.37,15.0,125.0,0,0,-2.72,-8.10,-1.56,-0.104,0.216,0.020,1.000,0.100,0.100,0.100,1,61.5,97.9,763,798,16,115,0
3.16,climb_cruise,446.5,446.5,34986.9,-406,0.10,-9.31,355.11,1.33,15.0,125.0,0,0,-2.56,-8.10,-1.57,-0.106,0.219,0.020,1.000,0.100,0.100,0.100,1,61.4,97.9,763,798,16,114,0
3.18,climb_cruise,446.5,446.5,34986.8,-408,0.05,-9.47,355.09,1.29,15.0,125.0,0,0,-2.33,-8.09,-1.57,-0.108,0.222,0.020,1.000,0.100,0.100,0.100,1,61.3,98.0,763,798,16,115,0
3.20,climb_cruise,446.5,446.5,34986.6,-411,-0.00,-9.63,355.07,1.26,15.0,125.0,0,0,-2.05,-8.07,-1.56,-0.110,0.224,0.020,1.000,0.100,0.100,0.100,1,61.2,98.0,763,798,16,115,0
3.22,climb_cruise,446.4,446.4,34986.5,-414,-0.05,-9.79,355.04,1.23,15.0,125.0,0,0,-1.73,-8.04,-1.54,-0.112,0.227,0.020,1.000,0.100,0.100,0.100,1,61.0,98.0,763,798,16,115,0
3.24,climb_cruise,446.4,446.4,34986.3,-416,-0.08,-9.95,355.02,1.21,15.0,125.0,0,0,-1.40,-8.00,-1.51,-0.114,0.230,0.020,1.000,0.100,0.100,0.100,1,60.9,98.1,763,799,16,114,0
3.26,climb_cruise,446.4,446.4,34986.2,-419,-0.11,-10.11,354.99,1.20,15.0,125.0,0,0,-1.08,-7.96,-1.47,-0.117,0.233,0.020,1.000,0.100,0.100,0.100,1,60.8,98.1,763,799,16,115,0
3.28,climb_cruise,446.4,446.4,34986.1,-423,-0.14,-10.27,354.97,1.19,15.0,125.0,0,0,-0.77,-7.91,-1.43,-0.119,0.236,0.020,1.000,0.100,0.100,0.100,1,60.7,98.2,763,799,16,115,0
3.30,climb_cruise,446.4,446.4,34985.9,-426,-0.15,-10.43,354.94,1.19,15.0,125.0,0,0,-0.48,-7.86,-1.39,-0.121,0.239,0.020,1.000,0.100,0.100,0.100,1,60.5,98.2,763,799,16,114,0
3.32,climb_cruise,446.4,446.4,34985.8,-429,-0.17,-10.59,354.92,1.20,15.0,125.0,0,0,-0.22,-7.80,-1.34,-0.123,0.242,0.021,1.000,0.100,0.100,0.100,1,60.4,98.3,763,799,16,115,0
3.34,climb_cruise,446.3,446.3,34985.6,-432,-0.17,-10.74,354.89,1.21,15.0,125.0,0,0,-0.00,-7.74,-1.30,-0.124,0.245,0.021,1.000,0.100,0.100,0.100,1,60.3,98.3,763,799,16,116,0
3.36,climb_cruise,446.3,446.3,34985.5,-435,-0.18,-10.90,354.87,1.22,15.0,125.0,0,0,0.18,-7.68,-1.26,-0.126,0.248,0.021,1.000,0.100,0.100,0.100,1,60.2,98.4,763,799,16,115,0
3.38,climb_cruise,446.3,446.3,34985.3,-438,-0.18,-11.05,354.84,1.24,15.0,125.0,0,0,0.32,-7.61,-1.22,-0.128,0.251,0.021,1.000,0.100,0.100,0.100,1,60.1,98.4,763,799,16,115,0
3.40,climb_cruise,446.3,446.3,34985.2,-441,-0.17,-11.20,354.82,1.26,15.0,125.0,0,0,0.42,-7.54,-1.18,-0.129,0.254,0.021,1.000,0.100,0.100,0.100,1,59.9,98.5,763,799,16,116,0
3.42,climb_cruise,446.3,446.3,34985.1,-444,-0.17,-11.35,354.79,1.28,15.0,125.0,0,0,0.48,-7.47,-1.14,-0.130,0.258,0.021,1.000,0.100,0.100,0.100,1,59.8,98.5,763,799,16,114,0
3.44,climb_cruise,446.3,446.3,34984.9,-447,-0.16,-11.50,354.77,1.31,15.0,125.0,0,0,0.52,-7.40,-1.11,-0.132,0.261,0.021,1.000,0.100,0.100,0.100,1,59.7,98.5,763,799,16,115,0
3.46,climb_cruise,446.2,446.2,34984.8,-450,-0.16,-11.65,354.74,1.33,15.0,125.0,0,0,0.53,-7.33,-1.09,-0.133,0.264,0.021,1.000,0.100,0.100,0.100,1,59.6,98.6,763,799,16,116,0
3.48,climb_cruise,446.2,446.2,34984.6,-452,-0.15,-11.79,354.72,1.35,15.0,125.0,0,0,0.51,-7.25,-1.06,-0.134,0.267,0.021,1.000,0.100,0.100,0.100,1,59.5,98.6,763,799,16,115,0
3.50,climb_cruise,446.2,446.2,34984.4,-455,-0.15,-11.94,354.70,1.37,15.0,125.0,0,0,0.48,-7.18,-1.04,-0.135,0.270,0.021,1.000,0.100,0.100,0.100,1,59.3,98.7,763,799,16,116,0
3.52,climb_cruise,446.2,446.2,34984.3,-457,-0.14,-12.08,354.68,1.39,15.0,125.0,0,0,0.44,-7.10,-1.03,-0.136,0.273,0.021,1.000,0.100,0.100,0.100,1,59.2,98.7,763,799,16,115,0
3.54,climb_cruise,446.2,446.2,34984.1,-459,-0.14,-12.22,354.65,1.41,15.0,125.0,0,0,0.38,-7.02,-1.02,-0.137,0.276,0.021,1.000,0.100,0.100,0.100,1,59.1,98.8,763,799,16,116,0
3.56,climb_cruise,446.1,446.1,34984.0,-461,-0.14,-12.36,354.63,1.43,15.0,125.0,0,0,0.33,-6.95,-1.01,-0.139,0.279,0.021,1.000,0.100,0.100,0.100,1,59.0,98.8,763,800,16,116,0
3.58,climb_cruise,446.1,446.1,34983.8,-463,-0.13,-12.50,354.61,1.45,15.0,125.0,0,0,0.27,-6.87,-1.00,-0.140,0.282,0.021,1.000,0.100,0.100,0.100,1,58.9,98.8,763,800,16,115,0
3.60,climb_cruise,446.1,446.1,34983.7,-465,-0.13,-12.63,354.59,1.46,15.0,125.0,0,0,0.22,-6.80,-1.00,-0.141,0.285,0.021,1.000,0.100,0.100,0.100,1,58.8,98.9,763,800,16,114,0
3.62,climb_cruise,446.1,446.1,34983.5,-467,-0.13,-12.77,354.57,1.48,15.0,125.0,0,0,0.17,-6.72,-1.00,-0.142,0.288,0.021,1.000,0.100,0.100,0.100,1,58.6,98.9,763,800,16,114,0
3.64,climb_cruise,446.1,446.1,34983.4,-469,-0.14,-12.90,354.55,1.49,15.0,125.0,0,0,0.13,-6.65,-1.00,-0.143,0.292,0.021,1.000,0.100,0.100,0.100,1,58.5,98.9,763,800,16,115,0
3.66,climb_cruise,446.1,446.1,34983.2,-471,-0.14,-13.04,354.53,1.50,15.0,125.0,0,0,0.10,-6.57,-1.01,-0.145,0.295,0.022,1.000,0.100,0.100,0.100,1,58.4,99.0,763,800,16,115,0
3.68,climb_cruise,446.0,446.0,34983.1,-473,-0.14,-13.17,354.51,1.51,15.0,125.0,0,0,0.07,-6.50,-1.01,-0.146,0.298,0.022,1.000,0.100,0.100,0.100,1,58.3,99.0,763,800,16,114,0
3.70,climb_cruise,446.0,446.0,34982.9,-475,-0.14,-13.30,354.49,1.53,15.0,125.0,0,0,0.06,-6.42,-1.02,-0.147,0.301,0.022,1.000,0.100,0.100,0.100,1,58.2,99.1,763,800,16,114,0
3.72,climb_cruise,446.0,446.0,34982.7,-477,-0.15,-13.42,354.47,1.54,15.0,125.0,0,0,0.05,-6.35,-1.03,-0.149,0.304,0.022,1.000,0.100,0.100,0.100,1,58.1,99.1,763,800,16,115,0
3.74,climb_cruise,446.0,446.0,34982.6,-478,-0.15,-13.55,354.45,1.55,15.0,125.0,0,0,0.05,-6.28,-1.03,-0.150,0.307,0.022,1.000,0.100,0.100,0.100,1,57.9,99.1,763,800,16,116,0
3.76,climb_cruise,446.0,446.0,34982.4,-480,-0.16,-13.67,354.43,1.56,15.0,125.0,0,0,0.06,-6.20,-1.04,-0.151,0.310,0.022,1.000,0.100,0.100,0.100,1,57.8,99.2,763,800,16,115,0
3.78,climb_cruise,446.0,446.0,34982.3,-482,-0.16,-13.80,354.41,1.57,15.0,125.0,0,0,0.08,-6.13,-1.05,-0.153,0.313,0.022,1.000,0.100,0.100,0.100,1,57.7,99.2,763,800,16,116,0
3.80,climb_cruise,445.9,445.9,34982.1,-484,-0.16,-13.92,354.39,1.57,15.0,125.0,0,0,0.10,-6.06,-1.06,-0.154,0.316,0.022,1.000,0.100,0.100,0.100,1,57.6,99.2,763,800,16,114,0
3.82,climb_cruise,445.9,445.9,34981.9,-485,-0.17,-14.04,354.37,1.58,15.0,125.0,0,0,0.12,-5.99,-1.07,-0.156,0.319,0.022,1.000,0.100,0.100,0.100,1,57.5,99.3,763,800,16,115,0
3.84,climb_cruise,445.9,445.9,34981.8,-487,-0.17,-14.16,354.35,1.60,15.0,125.0,0,0,0.15,-5.92,-1.08,-0.157,0.323,0.022,1.000,0.100,0.100,0.100,1,57.4,99.3,763,800,16,116,0
3.86,climb_cruise,445.9,445.9,34981.6,-488,-0.17,-14.28,354.32,1.61,15.0,125.0,0,0,0.17,-5.85,-1.09,-0.158,0.326,0.022,1.000,0.100,0.100,0.100,1,57.3,99.3,763,800,16,115,0
3.88,climb_cruise,445.9,445.9,34981.4,-490,-0.17,-14.39,354.30,1.62,15.0,125.0,0,0,0.20,-5.77,-1.09,-0.160,0.329,0.022,1.000,0.100,0.100,0.100,1,57.1,99.4,763,800,16,115,0
3.90,climb_cruise,445.8,445.8,34981.3,-491,-0.17,-14.51,354.28,1.63,15.0,125.0,0,0,0.23,-5.70,-1.10,-0.161,0.332,0.022,1.000,0.100,0.100,0.100,1,57.0,99.4,763,800,16,115,0
3.92,climb_cruise,445.8,445.8,34981.1,-493,-0.17,-14.62,354.26,1.64,15.0,125.0,0,0,0.26,-5.63,-1.11,-0.163,0.335,0.022,1.000,0.100,0.100,0.100,1,56.9,99.4,763,800,16,115,0
3.94,climb_cruise,445.8,445.8,34980.9,-494,-0.17,-14.73,354.23,1.65,15.0,125.0,0,0,0.29,-5.56,-1.11,-0.164,0.338,0.022,1.000,0.100,0.100,0.100,1,56.8,99.5,763,800,16,115,0
3.96,climb_cruise,445.8,445.8,34980.8,-496,-0.17,-14.84,354.21,1.66,15.0,125.0,0,0,0.32,-5.49,-1.12,-0.165,0.341,0.022,1.000,0.100,0.100,0.100,1,56.7,99.5,763,801,16,115,0
3.98,climb_cruise,445.8,445.8,34980.6,-497,-0.17,-14.95,354.19,1.68,15.0,125.0,0,0,0.34,-5.42,-1.12,-0.167,0.344,0.022,1.000,0.100,0.100,0.100,1,56.6,99.5,763,801,16,114,0
4.00,climb_cruise,445.8,445.8,34980.4,-498,-0.17,-15.06,354.16,1.69,15.0,125.0,0,0,0.36,-5.35,-1.13,-0.168,0.347,0.022,1.000,0.100,0.100,0.100,1,56.5,99.6,763,801,16,115,0
4.02,climb_cruise,445.7,445.7,34980.3,-500,-0.17,-15.17,354.14,1.70,15.0,125.0,0,0,0.38,-5.28,-1.13,-0.170,0.351,0.022,1.000,0.100,0.100,0.100,1,56.3,99.6,763,801,16,115,0
4.04,climb_cruise,445.7,445.7,34980.1,-501,-0.17,-15.27,354.12,1.72,15.0,125.0,0,0,0.40,-5.21,-1.13,-0.171,0.354,0.022,1.000,0.100,0.100,0.100,1,56.2,99.6,763,801,16,115,0
4.06,climb_cruise,445.7,445.7,34979.9,-502,-0.17,-15.37,354.09,1.73,15.0,125.0,0,0,0.42,-5.14,-1.13,-0.172,0.357,0.023,1.000,0.100,0.100,0.100,1,56.1,99.6,763,801,16,115,0
4.08,climb_cruise,445.7,445.7,34979.8,-503,-0.17,-15.48,354.07,1.74,15.0,125.0,0,0,0.44,-5.06,-1.14,-0.174,0.360,0.023,1.000,0.100,0.100,0.100,1,56.0,99.7,763,801,16,115,0
4.10,climb_cruise,445.7,445.7,34979.6,-504,-0.16,-15.58,354.04,1.76,15.0,125.0,0,0,0.45,-4.99,-1.14,-0.175,0.363,0.023,1.000,0.100,0.100,0.100,1,55.9,99.7,763,801,16,115,0
4.12,climb_cruise,445.7,445.7,34979.4,-505,-0.16,-15.68,354.02,1.77,15.0,125.0,0,0,0.46,-4.92,-1.14,-0.176,0.366,0.023,1.000,0.100,0.100,0.100,1,55.8,99.7,763,801,16,115,0
4.14,climb_cruise,445.6,445.6,34979.3,-506,-0.16,-15.77,353.99,1.79,15.0,125.0,0,0,0.48,-4.85,-1.14,-0.178,0.369,0.023,1.000,0.100,0.100,0.100,1,55.7,99.8,763,801,16,116,0
4.16,climb_cruise,445.6,445.6,34979.1,-507,-0.15,-15.87,353.97,1.80,15.0,125.0,0,0,0.49,-4.78,-1.14,-0.179,0.372,0.023,1.000,0.100,0.100,0.100,1,55.6,99.8,763,801,16,115,0
4.18,climb_cruise,445.6,445.6,34978.9,-508,-0.15,-15.96,353.95,1.81,15.0,125.0,0,0,0.50,-4.71,-1.14,-0.180,0.375,0.023,1.000,0.100,0.100,0.100,1,55.4,99.8,763,801,16,116,0
4.20,climb_cruise,445.6,445.6,34978.8,-508,-0.15,-16.06,353.92,1.83,15.0,125.0,0,0,0.51,-4.64,-1.14,-0.182,0.378,0.023,1.000,0.100,0.100,0.100,1,55.3,99.8,763,801,16,115,0
4.22,climb_cruise,445.6,445.6,34978.6,-509,-0.14,-16.15,353.90,1.84,15.0,125.0,0,0,0.52,-4.57,-1.15,-0.183,0.381,0.023,1.000,0.100,0.100,0.100,1,55.2,99.9,763,801,16,116,0
4.24,climb_cruise,445.5,445.5,34978.4,-510,-0.14,-16.24,353.87,1.86,15.0,125.0,0,0,0.53,-4.50,-1.15,-0.184,0.384,0.023,1.000,0.100,0.100,0.100,1,55.1,99.9,763,801,16,116,0
4.26,climb_cruise,445.5,445.5,34978.3,-510,-0.14,-16.33,353.85,1.87,15.0,125.0,0,0,0.54,-4.43,-1.15,-0.186,0.387,0.023,1.000,0.100,0.100,0.100,1,55.0,99.9,763,801,16,115,0
4.28,climb_cruise,445.5,445.5,34978.1,-511,-0.13,-16.42,353.82,1.88,15.0,125.0,0,0,0.55,-4.36,-1.15,-0.187,0.390,0.023,1.000,0.100,0.100,0.100,1,54.9,99.9,763,801,16,114,0
4.30,climb_cruise,445.5,445.5,34977.9,-511,-0.13,-16.50,353.80,1.90,15.0,125.0,0,0,0.56,-4.29,-1.15,-0.188,0.393,0.023,1.000,0.100,0.100,0.100,1,54.8,100.0,763,801,16,115,0
4.32,climb_cruise,445.5,445.5,34977.7,-512,-0.12,-16.59,353.77,1.91,15.0,125.0,0,0,0.57,-4.22,-1.15,-0.189,0.396,0.023,1.000,0.100,0.100,0.100,1,54.7,100.0,763,801,16,115,0
4.34,climb_cruise,445.5,445.5,34977.6,-512,-0.12,-16.67,353.75,1.92,15.0,125.0,0,0,0.59,-4.15,-1.15,-0.191,0.399,0.023,1.000,0.100,0.100,0.100,1,54.6,100.0,763,801,16,116,0
4.36,climb_cruise,445.4,445.4,34977.4,-512,-0.11,-16.75,353.72,1.94,15.0,125.0,0,0,0.60,-4.08,-1.15,-0.192,0.402,0.023,1.000,0.100,0.100,0.100,1,54.5,100.0,763,801,16,114,0
4.38,climb_cruise,445.4,445.4,34977.2,-513,-0.11,-16.84,353.69,1.95,15.0,125.0,0,0,0.61,-4.01,-1.15,-0.193,0.405,0.024,1.000,0.100,0.100,0.100,1,54.3,100.1,763,801,16,115,0
4.40,climb_cruise,445.4,445.4,34977.1,-513,-0.10,-16.91,353.67,1.97,15.0,125.0,0,0,0.63,-3.94,-1.15,-0.195,0.408,0.024,1.000,0.100,0.100,0.100,1,54.2,100.1,763,801,16,116,0
4.42,climb_cruise,445.4,445.4,34976.9,-513,-0.10,-16.99,353.64,1.98,15.0,125.0,0,0,0.64,-3.87,-1.15,-0.196,0.410,0.024,1.000,0.100,0.100,0.100,1,54.1,100.1,763,801,16,116,0
4.44,climb_cruise,445.4,445.4,34976.7,-513,-0.09,-17.07,353.62,1.99,15.0,125.0,0,0,0.65,-3.80,-1.15,-0.197,0.413,0.024,1.000,0.100,0.100,0.100,1,54.0,100.1,763,801,16,114,0
4.46,climb_cruise,445.3,445.3,34976.5,-513,-0.09,-17.14,353.59,2.01,15.0,125.0,0,0,0.67,-3.73,-1.15,-0.198,0.416,0.024,1.000,0.100,0.100,0.100,1,53.9,100.2,763,801,16,115,0
4.48,climb_cruise,445.3,445.3,34976.4,-513,-0.08,-17.22,353.57,2.02,15.0,125.0,0,0,0.68,-3.66,-1.15,-0.200,0.419,0.024,1.000,0.100,0.100,0.100,1,53.8,100.2,763,801,16,114,0
4.50,climb_cruise,445.3,445.3,34976.2,-513,-0.07,-17.29,353.54,2.04,15.0,125.0,0,0,0.69,-3.59,-1.15,-0.201,0.422,0.024,1.000,0.100,0.100,0.100,1,53.7,100.2,763,802,16,116,0
4.52,climb_cruise,445.3,445.3,34976.0,-513,-0.07,-17.36,353.51,2.05,15.0,125.0,0,0,0.71,-3.53,-1.15,-0.202,0.425,0.024,1.000,0.100,0.100,0.100,1,53.6,100.2,763,802,16,115,0
4.54,climb_cruise,445.3,445.3,34975.9,-513,-0.06,-17.43,353.49,2.06,15.0,125.0,0,0,0.72,-3.46,-1.15,-0.204,0.428,0.024,1.000,0.100,0.100,0.100,1,53.5,100.2,763,802,16,114,0
4.56,climb_cruise,445.3,445.3,34975.7,-513,-0.05,-17.50,353.46,2.08,15.0,125.0,0,0,0.74,-3.39,-1.15,-0.205,0.430,0.024,1.000,0.100,0.100,0.100,1,53.4,100.3,763,802,16,115,0
4.58,climb_cruise,445.2,445.2,34975.5,-512,-0.05,-17.57,353.43,2.09,15.0,125.0,0,0,0.75,-3.32,-1.15,-0.206,0.433,0.024,1.000,0.100,0.100,0.100,1,53.3,100.3,763,802,16,115,0
4.60,climb_cruise,445.2,445.2,34975.3,-512,-0.04,-17.63,353.41,2.11,15.0,125.0,0,0,0.76,-3.26,-1.15,-0.207,0.436,0.024,1.000,0.100,0.100,0.100,1,53.2,100.3,763,802,16,114,0
4.62,climb_cruise,445.2,445.2,34975.2,-512,-0.03,-17.70,353.38,2.12,15.0,125.0,0,0,0.78,-3.19,-1.15,-0.208,0.439,0.024,1.000,0.100,0.100,0.100,1,53.1,100.3,763,802,16,115,0
4.64,climb_cruise,445.2,445.2,34975.0,-511,-0.02,-17.76,353.35,2.14,15.0,125.0,0,0,0.79,-3.12,-1.15,-0.210,0.442,0.024,1.000,0.100,0.100,0.100,1,53.0,100.4,763,802,16,114,0
4.66,climb_cruise,445.2,445.2,34974.8,-511,-0.02,-17.82,353.33,2.15,15.0,125.0,0,0,0.81,-3.05,-1.15,-0.211,0.444,0.024,1.000,0.100,0.100,0.100,1,52.8,100.4,763,802,16,115,0
4.68,climb_cruise,445.1,445.1,34974.7,-510,-0.01,-17.88,353.30,2.16,15.0,125.0,0,0,0.82,-2.99,-1.15,-0.212,0.447,0.024,1.000,0.100,0.100,0.100,1,52.7,100.4,763,802,16,115,0
4.70,climb_cruise,445.1,445.1,34974.5,-509,0.00,-17.94,353.27,2.18,15.0,125.0,0,0,0.83,-2.92,-1.15,-0.213,0.450,0.025,1.000,0.100,0.100,0.100,1,52.6,100.4,763,802,16,114,0
4.72,climb_cruise,445.1,445.1,34974.3,-508,0.01,-18.00,353.25,2.19,15.0,125.0,0,0,0.85,-2.86,-1.15,-0.214,0.453,0.025,1.000,0.100,0.100,0.100,1,52.5,100.4,763,802,16,115,0
4.74,climb_cruise,445.1,445.1,34974.1,-508,0.02,-18.06,353.22,2.21,15.0,125.0,0,0,0.86,-2.79,-1.15,-0.216,0.455,0.025,1.000,0.100,0.100,0.100,1,52.4,100.5,763,802,16,116,0
4.76,climb_cruise,445.1,445.1,34974.0,-507,0.03,-18.11,353.19,2.22,15.0,125.0,0,0,0.87,-2.73,-1.15,-0.217,0.458,0.025,1.000,0.100,0.100,0.100,1,52.3,100.5,763,802,16,116,0
4.78,climb_cruise,445.1,445.1,34973.8,-506,0.04,-18.17,353.17,2.24,15.0,125.0,0,0,0.88,-2.66,-1.15,-0.218,0.461,0.025,1.000,0.100,0.100,0.100,1,52.2,100.5,763,802,16,115,0
4.80,climb_cruise,445.0,445.0,34973.6,-505,0.05,-18.22,353.14,2.25,15.0,125.0,0,0,0.90,-2.60,-1.15,-0.219,0.463,0.025,1.000,0.100,0.100,0.100,1,52.1,100.5,763,802,16,115,0
4.82,climb_cruise,445.0,445.0,34973.5,-504,0.06,-18.27,353.11,2.27,15.0,125.0,0,0,0.91,-2.53,-1.15,-0.220,0.466,0.025,1.000,0.100,0.100,0.100,1,52.0,100.5,763,802,16,114,0
4.84,climb_cruise,445.0,445.0,34973.3,-503,0.07,-18.32,353.08,2.28,15.0,125.0,0,0,0.92,-2.47,-1.15,-0.221,0.469,0.025,1.000,0.100,0.100,0.100,1,51.9,100.5,763,802,16,115,0
4.86,climb_cruise,445.0,445.0,34973.1,-501,0.08,-18.37,353.06,2.30,15.0,125.0,0,0,0.93,-2.41,-1.15,-0.223,0.471,0.025,1.000,0.100,0.100,0.100,1,51.8,100.6,763,802,16,114,0
4.88,climb_cruise,445.0,445.0,34973.0,-500,0.09,-18.42,353.03,2.31,15.0,125.0,0,0,0.95,-2.37,-1.14,-0.224,0.472,0.025,1.000,0.100,0.100,0.100,1,51.7,100.6,763,802,16,115,0
4.90,climb_cruise,444.9,444.9,34972.8,-499,0.10,-18.46,353.00,2.33,15.0,125.0,0,0,0.96,-2.35,-1.14,-0.225,0.473,0.025,1.000,0.100,0.100,0.100,1,51.6,100.6,763,802,16,116,0
4.92,climb_cruise,444.9,444.9,34972.6,-497,0.11,-18.51,352.97,2.34,15.0,125.0,0,0,0.97,-2.35,-1.14,-0.226,0.473,0.025,1.000,0.100,0.100,0.100,1,51.5,100.6,763,802,16,115,0
4.94,climb_cruise,444.9,444.9,34972.5,-496,0.12,-18.56,352.94,2.36,15.0,125.0,0,0,0.98,-2.35,-1.14,-0.227,0.473,0.025,1.000,0.100,0.100,0.100,1,51.4,100.6,763,802,16,115,0
4.96,climb_cruise,444.9,444.9,34972.3,-494,0.13,-18.60,352.92,2.37,15.0,125.0,0,0,0.99,-2.35,-1.14,-0.228,0.474,0.025,1.000,0.100,0.100,0.100,1,51.3,100.6,763,802,16,115,0
4.98,climb_cruise,444.9,444.9,34972.1,-493,0.15,-18.65,352.89,2.39,15.0,125.0,0,0,1.00,-2.35,-1.14,-0.229,0.474,0.025,1.000,0.100,0.100,0.100,1,51.2,100.7,763,802,16,115,0
5.00,climb_cruise,444.8,444.8,34972.0,-491,0.16,-18.70,352.86,2.40,15.0,125.0,0,0,1.01,-2.36,-1.14,-0.230,0.474,0.026,1.000,0.100,0.100,0.100,1,51.1,100.7,763,802,16,115,0
5.02,climb_cruise,444.8,444.8,34971.8,-489,0.17,-18.75,352.83,2.42,15.0,125.0,0,0,1.02,-2.37,-1.14,-0.231,0.474,0.026,1.000,0.100,0.100,0.100,1,51.0,100.7,763,802,16,114,0
5.04,climb_cruise,444.8,444.8,34971.6,-488,0.18,-18.79,352.80,2.43,15.0,125.0,0,0,1.03,-2.38,-1.14,-0.232,0.474,0.026,1.000,0.100,0.100,0.100,1,50.9,100.7,763,802,16,116,0
5.06,climb_cruise,444.8,444.8,34971.5,-486,0.19,-18.84,352.78,2.45,15.0,125.0,0,0,1.04,-2.38,-1.14,-0.233,0.474,0.026,1.000,0.100,0.100,0.100,1,50.8,100.7,763,802,16,116,0
5.08,climb_cruise,444.8,444.8,34971.3,-484,0.21,-18.89,352.75,2.47,15.0,125.0,0,0,1.05,-2.39,-1.14,-0.234,0.474,0.026,1.000,0.100,0.100,0.100,1,50.7,100.7,763,802,16,116,0
5.10,climb_cruise,444.7,444.7,34971.1,-482,0.22,-18.94,352.72,2.48,15.0,125.0,0,0,1.05,-2.40,-1.14,-0.235,0.474,0.026,1.000,0.100,0.100,0.100,1,50.6,100.8,763,802,16,114,0
5.12,climb_cruise,444.7,444.7,34971.0,-480,0.23,-18.99,352.69,2.50,15.0,125.0,0,0,1.06,-2.40,-1.14,-0.236,0.474,0.026,1.000,0.100,0.100,0.100,1,50.5,100.8,763,802,16,115,0
5.14,climb_cruise,444.7,444.7,34970.8,-477,0.24,-19.03,352.66,2.51,15.0,125.0,0,0,1.06,-2.41,-1.14,-0.237,0.474,0.026,1.000,0.100,0.100,0.100,1,50.4,100.8,763,802,16,114,0
5.16,climb_cruise,444.7,444.7,34970.7,-475,0.26,-19.08,352.63,2.53,15.0,125.0,0,0,1.07,-2.42,-1.14,-0.238,0.474,0.026,1.000,0.100,0.100,0.100,1,50.3,100.8,763,802,16,114,0
5.18,climb_cruise,444.7,444.7,34970.5,-473,0.27,-19.13,352.60,2.55,15.0,125.0,0,0,1.08,-2.43,-1.15,-0.239,0.474,0.026,1.000,0.100,0.100,0.100,1,50.2,100.8,763,802,16,115,0
5.20,climb_cruise,444.6,444.6,34970.4,-470,0.28,-19.18,352.58,2.56,15.0,125.0,0,0,1.08,-2.43,-1.15,-0.240,0.474,0.026,1.000,0.100,0.100,0.100,1,50.1,100.8,763,802,16,115,0
5.22,climb_cruise,444.6,444.6,34970.2,-468,0.30,-19.23,352.55,2.58,15.0,125.0,0,0,1.09,-2.44,-1.15,-0.241,0.474,0.026,1.000,0.100,0.100,0.100,1,50.0,100.8,763,802,16,114,0
5.24,climb_cruise,444.6,444.6,34970.0,-465,0.31,-19.28,352.52,2.59,15.0,125.0,0,0,1.09,-2.45,-1.15,-0.242,0.474,0.026,1.000,0.100,0.100,0.100,1,49.9,100.9,763,802,16,115,0
5.26,climb_cruise,444.6,444.6,34969.9,-463,0.32,-19.33,352.49,2.61,15.0,125.0,0,0,1.10,-2.45,-1.15,-0.243,0.474,0.026,1.000,0.100,0.100,0.100,1,49.8,100.9,763,802,16,114,0
5.28,climb_cruise,444.6,444.6,34969.7,-460,0.33,-19.38,352.46,2.62,15.0,125.0,0,0,1.10,-2.46,-1.15,-0.244,0.474,0.026,1.000,0.100,0.100,0.100,1,49.7,100.9,763,802,16,116,0
5.30,climb_cruise,444.5,444.5,34969.6,-457,0.35,-19.43,352.43,2.64,15.0,125.0,0,0,1.11,-2.47,-1.16,-0.245,0.474,0.026,1.000,0.100,0.100,0.100,1,49.6,100.9,763,802,16,115,0
5.32,climb_cruise,444.5,444.5,34969.4,-455,0.36,-19.47,352.40,2.66,15.0,125.0,0,0,1.11,-2.47,-1.16,-0.246,0.474,0.027,1.000,0.100,0.100,0.100,1,49.5,100.9,763,802,16,115,0
5.34,climb_cruise,444.5,444.5,34969.3,-452,0.37,-19.52,352.37,2.67,15.0,125.0,0,0,1.12,-2.48,-1.16,-0.247,0.474,0.027,1.000,0.100,0.100,0.100,1,49.4,100.9,763,803,16,114,0
5.36,climb_cruise,444.5,444.5,34969.1,-449,0.39,-19.57,352.34,2.69,15.0,125.0,0,0,1.13,-2.49,-1.16,-0.248,0.474,0.027,1.000,0.100,0.100,0.100,1,49.3,100.9,763,803,16,115,0
5.38,climb_cruise,444.5,444.5,34969.0,-446,0.40,-19.62,352.31,2.70,15.0,125.0,0,0,1.13,-2.49,-1.16,-0.249,0.474,0.027,1.000,0.100,0.100,0.100,1,49.2,101.0,763,803,16,114,0
5.40,climb_cruise,444.4,444.4,34968.8,-443,0.42,-19.67,352.28,2.72,15.0,125.0,0,0,1.14,-2.50,-1.17,-0.249,0.474,0.027,1.000,0.100,0.100,0.100,1,49.1,101.0,763,803,16,115,0
5.42,climb_cruise,444.4,444.4,34968.7,-439,0.43,-19.72,352.25,2.73,15.0,125.0,0,0,1.14,-2.51,-1.17,-0.250,0.474,0.027,1.000,0.100,0.100,0.100,1,49.0,101.0,763,803,16,116,0
5.44,climb_cruise,444.4,444.4,34968.5,-436,0.44,-19.78,352.22,2.75,15.0,125.0,0,0,1.15,-2.51,-1.17,-0.251,0.474,0.027,1.000,0.100,0.100,0.100,1,48.9,101.0,763,803,16,114,0
5.46,climb_cruise,444.4,444.4,34968.4,-433,0.46,-19.83,352.19,2.77,15.0,125.0,0,0,1.16,-2.52,-1.17,-0.252,0.474,0.027,1.000,0.100,0.100,0.100,1,48.8,101.0,763,803,16,115,0
5.48,climb_cruise,444.4,444.4,34968.2,-430,0.47,-19.88,352.16,2.78,15.0,125.0,0,0,1.16,-2.53,-1.18,-0.253,0.474,0.027,1.000,0.100,0.100,0.100,1,48.7,101.0,763,803,16,116,0
5.50,climb_cruise,444.3,444.3,34968.1,-426,0.48,-19.93,352.13,2.80,15.0,125.0,0,0,1.17,-2.53,-1.18,-0.254,0.474,0.027,1.000,0.100,0.100,0.100,1,48.6,101.0,763,803,16,116,0
5.52,climb_cruise,444.3,444.3,34967.9,-423,0.50,-19.98,352.10,2.81,15.0,125.0,0,0,1.17,-2.54,-1.18,-0.254,0.474,0.027,1.000,0.100,0.100,0.100,1,48.5,101.0,763,803,16,115,0
5.54,climb_cruise,444.3,444.3,34967.8,-419,0.51,-20.03,352.07,2.83,15.0,125.0,0,0,1.18,-2.55,-1.18,-0.255,0.474,0.027,1.000,0.100,0.100,0.100,1,48.4,101.1,763,803,16,114,0
5.56,climb_cruise,444.3,444.3,34967.7,-415,0.53,-20.08,352.04,2.84,15.0,125.0,0,0,1.19,-2.55,-1.19,-0.256,0.474,0.027,1.000,0.100,0.100,0.100,1,48.3,101.1,763,803,16,115,0
5.58,climb_cruise,444.3,444.3,34967.5,-412,0.54,-20.13,352.01,2.86,15.0,125.0,0,0,1.19,-2.56,-1.19,-0.257,0.474,0.027,1.000,0.100,0.100,0.100,1,48.2,101.1,763,803,16,115,0
5.60,climb_cruise,444.2,444.2,34967.4,-408,0.55,-20.18,351.98,2.88,15.0,125.0,0,0,1.20,-2.57,-1.19,-0.258,0.474,0.027,1.000,0.100,0.100,0.100,1,48.1,101.1,763,803,16,115,0
5.62,climb_cruise,444.2,444.2,34967.3,-404,0.57,-20.24,351.95,2.89,15.0,125.0,0,0,1.20,-2.57,-1.19,-0.258,0.474,0.027,1.000,0.100,0.100,0.100,1,48.0,101.1,763,803,16,115,0
5.64,climb_cruise,444.2,444.2,34967.1,-400,0.58,-20.29,351.92,2.91,15.0,125.0,0,0,1.21,-2.58,-1.19,-0.259,0.474,0.028,1.000,0.100,0.100,0.100,1,47.9,101.1,763,803,16,115,0
5.66,climb_cruise,444.2,444.2,34967.0,-396,0.60,-20.34,351.89,2.92,15.0,125.0,0,0,1.22,-2.58,-1.20,-0.260,0.474,0.028,1.000,0.100,0.100,0.100,1,47.8,101.1,763,803,16,115,0
5.68,climb_cruise,444.1,444.1,34966.9,-392,0.61,-20.39,351.86,2.94,15.0,125.0,0,0,1.22,-2.59,-1.20,-0.261,0.474,0.028,1.000,0.100,0.100,0.100,1,47.7,101.1,763,803,16,115,0
5.70,climb_cruise,444.1,444.1,34966.7,-388,0.63,-20.44,351.83,2.95,15.0,125.0,0,0,1.23,-2.60,-1.20,-0.261,0.474,0.028,1.000,0.100,0.100,0.100,1,47.6,101.1,763,803,16,116,0
5.72,climb_cruise,444.1,444.1,34966.6,-384,0.64,-20.50,351.80,2.97,15.0,125.0,0,0,1.23,-2.60,-1.20,-0.262,0.474,0.028,1.000,0.100,0.100,0.100,1,47.5,101.2,763,803,16,115,0
5.74,climb_cruise,444.1,444.1,34966.5,-379,0.66,-20.55,351.77,2.99,15.0,125.0,0,0,1.24,-2.61,-1.21,-0.263,0.474,0.028,1.000,0.100,0.100,0.100,1,47.4,101.2,763,803,16,114,0
5.76,climb_cruise,444.1,444.1,34966.3,-375,0.67,-20.60,351.73,3.00,15.0,125.0,0,0,1.24,-2.61,-1.21,-0.263,0.474,0.028,1.000,0.100,0.100,0.100,1,47.3,101.2,763,803,16,115,0
5.78,climb_cruise,444.0,444.0,34966.2,-371,0.69,-20.65,351.70,3.02,15.0,125.0,0,0,1.25,-2.62,-1.21,-0.264,0.474,0.028,1.000,0.100,0.100,0.100,1,47.2,101.2,763,803,16,115,0
5.80,climb_cruise,444.0,444.0,34966.1,-366,0.70,-20.71,351.67,3.03,15.0,125.0,0,0,1.25,-2.63,-1.21,-0.265,0.474,0.028,1.000,0.100,0.100,0.100,1,47.2,101.2,763,803,16,114,0
5.82,climb_cruise,444.0,444.0,34966.0,-362,0.72,-20.76,351.64,3.05,15.0,125.0,0,0,1.26,-2.63,-1.22,-0.265,0.474,0.028,1.000,0.100,0.100,0.100,1,47.1,101.2,763,803,16,115,0
5.84,climb_cruise,444.0,444.0,34965.8,-357,0.73,-20.81,351.61,3.06,15.0,125.0,0,0,1.26,-2.64,-1.22,-0.266,0.474,0.028,1.000,0.100,0.100,0.100,1,47.0,101.2,763,803,16,116,0
5.86,climb_cruise,444.0,444.0,34965.7,-353,0.75,-20.87,351.58,3.08,15.0,125.0,0,0,1.27,-2.64,-1.22,-0.266,0.474,0.028,1.000,0.100,0.100,0.100,1,46.9,101.2,763,803,16,115,0
5.88,climb_cruise,443.9,443.9,34965.6,-348,0.76,-20.92,351.54,3.10,15.0,125.0,0,0,1.28,-2.65,-1.22,-0.267,0.474,0.028,1.000,0.100,0.100,0.100,1,46.8,101.2,763,803,16,115,0
5.90,climb_cruise,443.9,443.9,34965.5,-343,0.78,-20.97,351.51,3.11,15.0,125.0,0,0,1.28,-2.65,-1.23,-0.268,0.474,0.028,1.000,0.100,0.100,0.100,1,46.7,101.2,763,803,16,114,0
5.92,climb_cruise,443.9,443.9,34965.4,-338,0.79,-21.03,351.48,3.13,15.0,125.0,0,0,1.29,-2.66,-1.23,-0.268,0.474,0.028,1.000,0.100,0.100,0.100,1,46.6,101.3,763,803,16,115,0
5.94,climb_cruise,443.9,443.9,34965.3,-333,0.81,-21.08,351.45,3.14,15.0,125.0,0,0,1.29,-2.66,-1.23,-0.269,0.474,0.028,1.000,0.100,0.100,0.100,1,46.5,101.3,763,803,16,115,0
5.96,climb_cruise,443.8,443.8,34965.2,-328,0.82,-21.13,351.42,3.16,15.0,125.0,0,0,1.30,-2.67,-1.23,-0.269,0.474,0.029,1.000,0.100,0.100,0.100,1,46.4,101.3,763,803,16,116,0
5.98,climb_cruise,443.8,443.8,34965.0,-323,0.84,-21.19,351.38,3.17,15.0,125.0,0,0,1.30,-2.68,-1.24,-0.270,0.474,0.029,1.000,0.100,0.100,0.100,1,46.3,101.3,763,803,16,115,0
6.00,climb_cruise,443.8,443.8,34964.9,-318,0.85,-21.24,351.35,3.19,15.0,125.0,0,0,1.30,-2.68,-1.24,-0.270,0.474,0.029,1.000,0.100,0.100,0.100,1,46.2,101.3,763,803,16,115,0
6.02,climb_cruise,443.8,443.8,34964.8,-313,0.87,-21.29,351.32,3.20,15.0,125.0,0,0,1.31,-2.69,-1.24,-0.271,0.474,0.029,1.000,0.100,0.100,0.100,1,46.1,101.3,763,803,16,116,0
6.04,climb_cruise,443.7,443.7,34964.7,-308,0.88,-21.35,351.29,3.22,15.0,125.0,0,0,1.31,-2.69,-1.24,-0.271,0.474,0.029,1.000,0.100,0.100,0.100,1,46.0,101.3,763,803,16,115,0
6.06,climb_cruise,443.7,443.7,34964.6,-302,0.90,-21.40,351.25,3.23,15.0,125.0,0,0,1.32,-2.70,-1.25,-0.272,0.474,0.029,1.000,0.100,0.100,0.100,1,45.9,101.3,763,803,16,114,0
6.08,climb_cruise,443.7,443.7,34964.5,-297,0.91,-21.46,351.22,3.25,15.0,125.0,0,0,1.32,-2.70,-1.25,-0.272,0.474,0.029,1.000,0.100,0.100,0.100,1,45.9,101.3,763,803,16,115,0
6.10,climb_cruise,443.7,443.7,34964.4,-292,0.93,-21.51,351.19,3.27,15.0,125.0,0,0,1.33,-2.71,-1.25,-0.273,0.474,0.029,1.000,0.100,0.100,0.100,1,45.8,101.3,763,803,16,114,0
6.12,climb_cruise,443.7,443.7,34964.3,-286,0.95,-21.57,351.15,3.28,15.0,125.0,0,0,1.33,-2.71,-1.25,-0.273,0.474,0.029,1.000,0.100,0.100,0.100,1,45.7,101.3,763,803,16,116,0
6.14,climb_cruise,443.6,443.6,34964.2,-281,0.96,-21.62,351.12,3.30,15.0,125.0,0,0,1.34,-2.72,-1.26,-0.274,0.474,0.029,1.000,0.100,0.100,0.100,1,45.6,101.4,763,803,16,114,0
6.16,climb_cruise,443.6,443.6,34964.1,-275,0.98,-21.68,351.09,3.31,15.0,125.0,0,0,1.34,-2.72,-1.26,-0.274,0.474,0.029,1.000,0.100,0.100,0.100,1,45.5,101.4,763,803,16,115,0
6.18,climb_cruise,443.6,443.6,34964.0,-269,0.99,-21.73,351.05,3.33,15.0,125.0,0,0,1.35,-2.73,-1.26,-0.274,0.474,0.029,1.000,0.100,0.100,0.100,1,45.4,101.4,763,803,16,115,0
6.20,climb_cruise,443.6,443.6,34964.0,-264,1.01,-21.79,351.02,3.34,15.0,125.0,0,0,1.35,-2.73,-1.26,-0.275,0.474,0.029,1.000,0.100,0.100,0.100,1,45.3,101.4,763,803,16,116,0
6.22,climb_cruise,443.5,443.5,34963.9,-258,1.02,-21.84,350.99,3.36,15.0,125.0,0,0,1.35,-2.74,-1.27,-0.275,0.474,0.029,1.000,0.100,0.100,0.100,1,45.2,101.4,763,803,16,115,0
6.24,climb_cruise,443.5,443.5,34963.8,-252,1.04,-21.90,350.95,3.37,15.0,125.0,0,0,1.36,-2.74,-1.27,-0.276,0.474,0.029,1.000,0.100,0.100,0.100,1,45.1,101.4,763,803,16,116,0
6.26,climb_cruise,443.5,443.5,34963.7,-246,1.06,-21.95,350.92,3.39,15.0,125.0,0,0,1.36,-2.75,-1.27,-0.276,0.474,0.029,1.000,0.100,0.100,0.100,1,45.0,101.4,763,803,16,116,0
6.28,climb_cruise,443.5,443.5,34963.6,-240,1.07,-22.01,350.89,3.40,15.0,125.0,0,0,1.37,-2.75,-1.27,-0.276,0.474,0.030,1.000,0.100,0.100,0.100,1,44.9,101.4,763,803,16,115,0
6.30,climb_cruise,443.4,443.4,34963.5,-234,1.09,-22.07,350.85,3.42,15.0,125.0,0,0,1.37,-2.76,-1.28,-0.277,0.474,0.030,1.000,0.100,0.100,0.100,1,44.9,101.4,763,803,16,114,0
6.32,climb_cruise,443.4,443.4,34963.5,-228,1.10,-22.12,350.82,3.43,15.0,125.0,0,0,1.38,-2.76,-1.28,-0.277,0.474,0.030,1.000,0.100,0.100,0.100,1,44.8,101.4,763,803,16,116,0
6.34,climb_cruise,443.4,443.4,34963.4,-222,1.12,-22.18,350.78,3.45,15.0,125.0,0,0,1.38,-2.77,-1.28,-0.277,0.474,0.030,1.000,0.100,0.100,0.100,1,44.7,101.4,763,803,16,115,0
6.36,climb_cruise,443.4,443.4,34963.3,-216,1.14,-22.23,350.75,3.46,15.0,125.0,0,0,1.38,-2.77,-1.29,-0.277,0.474,0.030,1.000,0.100,0.100,0.100,1,44.6,101.4,763,803,16,115,0
6.38,climb_cruise,443.3,443.3,34963.2,-209,1.15,-22.29,350.72,3.48,15.0,125.0,0,0,1.39,-2.78,-1.29,-0.278,0.474,0.030,1.000,0.100,0.100,0.100,1,44.5,101.4,763,803,16,115,0
6.40,climb_cruise,443.3,443.3,34963.2,-203,1.17,-22.35,350.68,3.49,15.0,125.0,0,0,1.39,-2.78,-1.29,-0.278,0.474,0.030,1.000,0.100,0.100,0.100,1,44.4,101.4,763,803,16,116,0
6.42,climb_cruise,443.3,443.3,34963.1,-197,1.18,-22.40,350.65,3.51,15.0,125.0,0,0,1.39,-2.79,-1.29,-0.278,0.474,0.030,1.000,0.100,0.100,0.100,1,44.3,101.5,763,803,16,116,0
6.44,climb_cruise,443.3,443.3,34963.0,-190,1.20,-22.46,350.61,3.52,15.0,125.0,0,0,1.40,-2.79,-1.30,-0.278,0.474,0.030,1.000,0.100,0.100,0.100,1,44.2,101.5,763,803,16,115,0
6.46,climb_cruise,443.2,443.2,34963.0,-184,1.22,-22.52,350.58,3.54,15.0,125.0,0,0,1.40,-2.80,-1.30,-0.278,0.474,0.030,1.000,0.100,0.100,0.100,1,44.1,101.5,763,803,16,115,0
6.48,climb_cruise,443.2,443.2,34962.9,-177,1.23,-22.57,350.54,3.55,15.0,125.0,0,0,1.41,-2.80,-1.30,-0.279,0.474,0.030,1.000,0.100,0.100,0.100,1,44.1,101.5,763,803,16,115,0
6.50,climb_cruise,443.2,443.2,34962.9,-171,1.25,-22.63,350.51,3.57,15.0,125.0,0,0,1.41,-2.81,-1.31,-0.279,0.474,0.030,1.000,0.100,0.100,0.100,1,44.0,101.5,763,803,16,114,0
6.52,climb_cruise,443.2,443.2,34962.8,-164,1.26,-22.69,350.47,3.58,15.0,125.0,0,0,1.41,-2.81,-1.31,-0.279,0.474,0.030,1.000,0.100,0.100,0.100,1,43.9,101.5,763,803,16,116,0
6.54,climb_cruise,443.1,443.1,34962.7,-157,1.28,-22.74,350.44,3.60,15.0,125.0,0,0,1.42,-2.82,-1.31,-0.279,0.474,0.030,1.000,0.100,0.100,0.100,1,43.8,101.5,763,803,16,115,0
6.56,climb_cruise,443.1,443.1,34962.7,-151,1.30,-22.80,350.40,3.61,15.0,125.0,0,0,1.42,-2.82,-1.31,-0.279,0.474,0.030,1.000,0.100,0.100,0.100,1,43.7,101.5,763,803,16,116,0
6.58,climb_cruise,443.1,443.1,34962.6,-144,1.31,-22.86,350.37,3.62,15.0,125.0,0,0,1.42,-2.82,-1.32,-0.279,0.474,0.030,1.000,0.100,0.100,0.100,1,43.6,101.5,763,803,16,114,0
6.60,climb_cruise,443.1,443.1,34962.6,-137,1.33,-22.91,350.33,3.64,15.0,125.0,0,0,1.42,-2.83,-1.32,-0.279,0.474,0.031,1.000,0.100,0.100,0.100,1,43.5,101.5,763,803,16,114,0
6.62,climb_cruise,443.0,443.0,34962.5,-130,1.34,-22.97,350.30,3.65,15.0,125.0,0,0,1.43,-2.83,-1.32,-0.279,0.474,0.031,1.000,0.100,0.100,0.100,1,43.4,101.5,763,803,16,116,0
6.64,climb_cruise,443.0,443.0,34962.5,-123,1.36,-23.03,350.26,3.67,15.0,125.0,0,0,1.43,-2.84,-1.33,-0.279,0.474,0.031,1.000,0.100,0.100,0.100,1,43.4,101.5,763,803,16,114,0
6.66,climb_cruise,443.0,443.0,34962.5,-116,1.38,-23.09,350.22,3.68,15.0,125.0,0,0,1.43,-2.84,-1.33,-0.280,0.474,0.031,1.000,0.100,0.100,0.100,1,43.3,101.5,763,803,16,115,0
6.68,climb_cruise,442.9,442.9,34962.4,-109,1.39,-23.14,350.19,3.70,15.0,125.0,0,0,1.44,-2.85,-1.33,-0.280,0.474,0.031,1.000,0.100,0.100,0.100,1,43.2,101.5,763,803,16,116,0
6.70,climb_cruise,442.9,442.9,34962.4,-102,1.41,-23.20,350.15,3.71,15.0,125.0,0,0,1.44,-2.85,-1.33,-0.280,0.474,0.031,1.000,0.100,0.100,0.100,1,43.1,101.5,763,803,16,115,0
6.72,climb_cruise,442.9,442.9,34962.4,-95,1.42,-23.26,350.12,3.72,15.0,125.0,0,0,1.44,-2.86,-1.34,-0.280,0.474,0.031,1.000,0.100,0.100,0.100,1,43.0,101.5,763,803,16,115,0
6.74,climb_cruise,442.9,442.9,34962.3,-87,1.44,-23.32,350.08,3.74,15.0,125.0,0,0,1.44,-2.86,-1.34,-0.279,0.474,0.031,1.000,0.100,0.100,0.100,1,42.9,101.6,763,803,16,115,0
6.76,climb_cruise,442.8,442.8,34962.3,-80,1.46,-23.38,350.05,3.75,15.0,125.0,0,0,1.45,-2.87,-1.34,-0.279,0.474,0.031,1.000,0.100,0.100,0.100,1,42.8,101.6,763,803,16,114,0
6.78,climb_cruise,442.8,442.8,34962.3,-73,1.47,-23.43,350.01,3.77,15.0,125.0,0,0,1.45,-2.87,-1.35,-0.279,0.474,0.031,1.000,0.100,0.100,0.100,1,42.8,101.6,763,803,16,115,0
6.80,climb_cruise,442.8,442.8,34962.2,-65,1.49,-23.49,349.97,3.78,15.0,125.0,0,0,1.45,-2.87,-1.35,-0.279,0.474,0.031,1.000,0.100,0.100,0.100,1,42.7,101.6,763,803,16,116,0
6.82,climb_cruise,442.8,442.8,34962.2,-58,1.50,-23.55,349.94,3.79,15.0,125.0,0,0,1.45,-2.88,-1.35,-0.279,0.474,0.031,1.000,0.100,0.100,0.100,1,42.6,101.6,763,803,16,115,0
6.84,climb_cruise,442.7,442.7,34962.2,-50,1.52,-23.61,349.90,3.81,15.0,125.0,0,0,1.46,-2.88,-1.36,-0.279,0.474,0.031,1.000,0.100,0.100,0.100,1,42.5,101.6,763,803,16,115,0
6.86,climb_cruise,442.7,442.7,34962.2,-43,1.53,-23.67,349.86,3.82,15.0,125.0,0,0,1.46,-2.89,-1.36,-0.279,0.474,0.031,1.000,0.100,0.100,0.100,1,42.4,101.6,763,803,16,116,0
6.88,climb_cruise,442.7,442.7,34962.2,-35,1.55,-23.73,349.83,3.83,15.0,125.0,0,0,1.46,-2.89,-1.36,-0.279,0.474,0.031,1.000,0.100,0.100,0.100,1,42.3,101.6,763,803,16,115,0
6.90,climb_cruise,442.7,442.7,34962.2,-28,1.57,-23.79,349.79,3.85,15.0,125.0,0,0,1.46,-2.90,-1.36,-0.279,0.474,0.031,1.000,0.100,0.100,0.100,1,42.2,101.6,763,803,16,114,0
6.92,climb_cruise,442.6,442.6,34962.2,-20,1.58,-23.85,349.75,3.86,15.0,125.0,0,0,1.47,-2.90,-1.37,-0.278,0.474,0.032,1.000,0.100,0.100,0.100,1,42.2,101.6,763,803,16,116,0
6.94,climb_cruise,442.6,442.6,34962.1,-12,1.60,-23.90,349.72,3.87,15.0,125.0,0,0,1.47,-2.90,-1.37,-0.278,0.474,0.032,1.000,0.100,0.100,0.100,1,42.1,101.6,763,803,16,115,0
6.96,climb_cruise,442.6,442.6,34962.1,-5,1.61,-23.96,349.68,3.89,15.0,125.0,0,0,1.47,-2.91,-1.37,-0.278,0.474,0.032,1.000,0.100,0.100,0.100,1,42.0,101.6,763,803,16,116,0
6.98,climb_cruise,442.5,442.5,34962.1,3,1.63,-24.02,349.64,3.90,15.0,125.0,0,0,1.47,-2.91,-1.38,-0.278,0.474,0.032,1.000,0.100,0.100,0.100,1,41.9,101.6,763,803,16,114,0
7.00,climb_cruise,442.5,442.5,34962.1,11,1.65,-24.08,349.60,3.91,15.0,125.0,0,0,1.47,-2.92,-1.38,-0.278,0.474,0.032,1.000,0.100,0.100,0.100,1,41.8,101.6,763,803,16,114,0
7.02,climb_cruise,442.5,442.5,34962.1,19,1.66,-24.14,349.57,3.93,15.0,125.0,0,0,1.47,-2.92,-1.38,-0.277,0.474,0.032,1.000,0.100,0.100,0.100,1,41.7,101.6,763,803,16,116,0
7.04,climb_cruise,442.5,442.5,34962.2,27,1.68,-24.20,349.53,3.94,15.0,125.0,0,0,1.48,-2.93,-1.39,-0.277,0.474,0.032,1.000,0.100,0.100,0.100,1,41.7,101.6,763,803,16,115,0
7.06,climb_cruise,442.4,442.4,34962.2,35,1.69,-24.26,349.49,3.95,15.0,125.0,0,0,1.48,-2.93,-1.39,-0.277,0.474,0.032,1.000,0.100,0.100,0.100,1,41.6,101.6,763,803,16,115,0
7.08,climb_cruise,442.4,442.4,34962.2,43,1.71,-24.32,349.45,3.97,15.0,125.0,0,0,1.48,-2.93,-1.39,-0.276,0.474,0.032,1.000,0.100,0.100,0.100,1,41.5,101.6,763,803,16,116,0
7.10,climb_cruise,442.4,442.4,34962.2,51,1.72,-24.38,349.42,3.98,15.0,125.0,0,0,1.48,-2.94,-1.39,-0.276,0.474,0.032,1.000,0.100,0.100,0.100,1,41.4,101.6,763,803,16,115,0
7.12,climb_cruise,442.3,442.3,34962.2,59,1.74,-24.44,349.38,3.99,15.0,125.0,0,0,1.48,-2.94,-1.40,-0.276,0.474,0.032,1.000,0.100,0.100,0.100,1,41.3,101.6,763,803,16,114,0
7.14,climb_cruise,442.3,442.3,34962.2,67,1.75,-24.50,349.34,4.00,15.0,125.0,0,0,1.48,-2.95,-1.40,-0.275,0.474,0.032,1.000,0.100,0.100,0.100,1,41.2,101.7,763,804,16,115,0
7.16,climb_cruise,442.3,442.3,34962.3,75,1.77,-24.56,349.30,4.02,15.0,125.0,0,0,1.48,-2.95,-1.40,-0.275,0.474,0.032,1.000,0.100,0.100,0.100,1,41.2,101.7,763,804,16,116,0
7.18,climb_cruise,442.3,442.3,34962.3,83,1.78,-24.62,349.27,4.03,15.0,125.0,0,0,1.49,-2.95,-1.41,-0.275,0.474,0.032,1.000,0.100,0.100,0.100,1,41.1,101.7,763,804,16,115,0
7.20,climb_cruise,442.2,442.2,34962.3,91,1.80,-24.68,349.23,4.04,15.0,125.0,0,0,1.49,-2.96,-1.41,-0.274,0.474,0.032,1.000,0.100,0.100,0.100,1,41.0,101.7,763,804,16,115,0
7.22,climb_cruise,442.2,442.2,34962.3,100,1.82,-24.74,349.19,4.05,15.0,125.0,0,0,1.49,-2.96,-1.41,-0.274,0.474,0.032,1.000,0.100,0.100,0.100,1,40.9,101.7,763,804,16,114,0
7.24,climb_cruise,442.2,442.2,34962.4,108,1.83,-24.80,349.15,4.07,15.0,125.0,0,0,1.49,-2.97,-1.42,-0.273,0.474,0.033,1.000,0.100,0.100,0.100,1,40.8,101.7,763,804,16,115,0
7.26,climb_cruise,442.1,442.1,34962.4,116,1.85,-24.86,349.11,4.08,15.0,125.0,0,0,1.49,-2.97,-1.42,-0.273,0.474,0.033,1.000,0.100,0.100,0.100,1,40.7,101.7,763,804,16,115,0
7.28,climb_cruise,442.1,442.1,34962.4,125,1.86,-24.92,349.08,4.09,15.0,125.0,0,0,1.49,-2.97,-1.42,-0.272,0.474,0.033,1.000,0.100,0.100,0.100,1,40.7,101.7,763,804,16,115,0
7.30,climb_cruise,442.1,442.1,34962.5,133,1.88,-24.98,349.04,4.10,15.0,125.0,0,0,1.49,-2.98,-1.43,-0.272,0.474,0.033,1.000,0.100,0.100,0.100,1,40.6,101.7,763,804,16,115,0
7.32,climb_cruise,442.0,442.0,34962.5,141,1.89,-25.04,349.00,4.11,15.0,125.0,0,0,1.49,-2.98,-1.43,-0.271,0.474,0.033,1.000,0.100,0.100,0.100,1,40.5,101.7,763,804,16,115,0
7.34,climb_cruise,442.0,442.0,34962.6,150,1.91,-25.11,348.96,4.13,15.0,125.0,0,0,1.49,-2.99,-1.43,-0.271,0.474,0.033,1.000,0.100,0.100,0.100,1,40.4,101.7,763,804,16,114,0
7.36,climb_cruise,442.0,442.0,34962.6,158,1.92,-25.17,348.92,4.14,15.0,125.0,0,0,1.49,-2.99,-1.44,-0.270,0.474,0.033,1.000,0.100,0.100,0.100,1,40.3,101.7,763,804,16,115,0
7.38,climb_cruise,442.0,442.0,34962.7,167,1.94,-25.23,348.88,4.15,15.0,125.0,0,0,1.49,-2.99,-1.44,-0.270,0.474,0.033,1.000,0.100,0.100,0.100,1,40.3,101.7,763,804,16,115,0
7.40,climb_cruise,441.9,441.9,34962.7,175,1.95,-25.29,348.84,4.16,15.0,125.0,0,0,1.49,-3.00,-1.44,-0.269,0.474,0.033,1.000,0.100,0.100,0.100,1,40.2,101.7,763,804,16,115,0
7.42,climb_cruise,441.9,441.9,34962.8,184,1.96,-25.35,348.80,4.17,15.0,125.0,0,0,1.49,-3.00,-1.44,-0.268,0.474,0.033,1.000,0.100,0.100,0.100,1,40.1,101.7,763,804,16,115,0
7.44,climb_cruise,441.9,441.9,34962.9,193,1.98,-25.41,348.77,4.18,15.0,125.0,0,0,1.49,-3.01,-1.45,-0.268,0.474,0.033,1.000,0.100,0.100,0.100,1,40.0,101.7,763,804,16,114,0
7.46,climb_cruise,441.8,441.8,34962.9,201,1.99,-25.47,348.73,4.19,15.0,125.0,0,0,1.49,-3.01,-1.45,-0.267,0.474,0.033,1.000,0.100,0.100,0.100,1,39.9,101.7,763,804,16,116,0
7.48,climb_cruise,441.8,441.8,34963.0,210,2.01,-25.53,348.69,4.21,15.0,125.0,0,0,1.49,-3.01,-1.45,-0.267,0.474,0.033,1.000,0.100,0.100,0.100,1,39.9,101.7,763,804,16,114,0
7.50,climb_cruise,441.8,441.8,34963.1,219,2.02,-25.60,348.65,4.22,15.0,125.0,0,0,1.49,-3.02,-1.46,-0.266,0.474,0.033,1.000,0.100,0.100,0.100,1,39.8,101.7,763,804,16,116,0
7.52,climb_cruise,441.7,441.7,34963.1,227,2.04,-25.66,348.61,4.23,15.0,125.0,0,0,1.49,-3.02,-1.46,-0.265,0.474,0.033,1.000,0.100,0.100,0.100,1,39.7,101.7,763,804,16,115,0
7.54,climb_cruise,441.7,441.7,34963.2,236,2.05,-25.72,348.57,4.24,15.0,125.0,0,0,1.49,-3.02,-1.46,-0.264,0.474,0.034,1.000,0.100,0.100,0.100,1,39.6,101.7,763,804,16,116,0
7.56,climb_cruise,441.7,441.7,34963.3,245,2.07,-25.78,348.53,4.25,15.0,125.0,0,0,1.49,-3.03,-1.47,-0.264,0.474,0.034,1.000,0.100,0.100,0.100,1,39.5,101.7,763,804,16,115,0
7.58,climb_cruise,441.6,441.6,34963.4,254,2.08,-25.84,348.49,4.26,15.0,125.0,0,0,1.49,-3.03,-1.47,-0.263,0.474,0.034,1.000,0.100,0.100,0.100,1,39.5,101.7,763,804,16,115,0
7.60,climb_cruise,441.6,441.6,34963.5,263,2.09,-25.91,348.45,4.27,15.0,125.0,0,0,1.49,-3.04,-1.47,-0.262,0.474,0.034,1.000,0.100,0.100,0.100,1,39.4,101.7,763,804,16,114,0
7.62,climb_cruise,441.6,441.6,34963.5,271,2.11,-25.97,348.41,4.28,15.0,125.0,0,0,1.49,-3.04,-1.48,-0.261,0.474,0.034,1.000,0.100,0.100,0.100,1,39.3,101.7,763,804,16,115,0
7.64,climb_cruise,441.5,441.5,34963.6,280,2.12,-26.03,348.37,4.29,15.0,125.0,0,0,1.49,-3.04,-1.48,-0.261,0.474,0.034,1.000,0.100,0.100,0.100,1,39.2,101.7,763,804,16,114,0
7.66,climb_cruise,441.5,441.5,34963.7,289,2.13,-26.09,348.33,4.30,15.0,125.0,0,0,1.49,-3.05,-1.48,-0.260,0.474,0.034,1.000,0.100,0.100,0.100,1,39.1,101.7,763,804,16,115,0
7.68,climb_cruise,441.5,441.5,34963.8,298,2.15,-26.16,348.29,4.31,15.0,125.0,0,0,1.49,-3.05,-1.49,-0.259,0.474,0.034,1.000,0.100,0.100,0.100,1,39.1,101.8,763,804,16,114,0
7.70,climb_cruise,441.5,441.5,34963.9,307,2.16,-26.22,348.25,4.32,15.0,125.0,0,0,1.49,-3.06,-1.49,-0.258,0.474,0.034,1.000,0.100,0.100,0.100,1,39.0,101.8,763,804,16,115,0
7.72,climb_cruise,441.4,441.4,34964.0,316,2.18,-26.28,348.21,4.33,15.0,125.0,0,0,1.49,-3.06,-1.49,-0.257,0.474,0.034,1.000,0.100,0.100,0.100,1,38.9,101.8,763,804,16,116,0
7.74,climb_cruise,441.4,441.4,34964.1,325,2.19,-26.34,348.17,4.34,15.0,125.0,0,0,1.48,-3.06,-1.50,-0.256,0.474,0.034,1.000,0.100,0.100,0.100,1,38.8,101.8,763,804,16,116,0
7.76,climb_cruise,441.4,441.4,34964.3,334,2.20,-26.41,348.13,4.35,15.0,125.0,0,0,1.48,-3.07,-1.50,-0.255,0.474,0.034,1.000,0.100,0.100,0.100,1,38.8,101.8,763,804,16,115,0
7.78,climb_cruise,441.3,441.3,34964.4,343,2.22,-26.47,348.09,4.36,15.0,125.0,0,0,1.48,-3.07,-1.50,-0.255,0.474,0.034,1.000,0.100,0.100,0.100,1,38.7,101.8,763,804,16,116,0
7.80,climb_cruise,441.3,441.3,34964.5,352,2.23,-26.53,348.05,4.37,15.0,125.0,0,0,1.48,-3.07,-1.50,-0.254,0.474,0.034,1.000,0.100,0.100,0.100,1,38.6,101.8,763,804,16,115,0
7.82,climb_cruise,441.3,441.3,34964.6,361,2.24,-26.60,348.01,4.38,15.0,125.0,0,0,1.48,-3.08,-1.51,-0.253,0.474,0.034,1.000,0.100,0.100,0.100,1,38.5,101.8,763,804,16,115,0
7.84,climb_cruise,441.2,441.2,34964.7,370,2.25,-26.66,347.97,4.39,15.0,125.0,0,0,1.48,-3.08,-1.51,-0.252,0.474,0.034,1.000,0.100,0.100,0.100,1,38.5,101.8,763,804,16,115,0
7.86,climb_cruise,441.2,441.2,34964.8,379,2.27,-26.72,347.93,4.40,15.0,125.0,0,0,1.48,-3.08,-1.51,-0.251,0.474,0.035,1.000,0.100,0.100,0.100,1,38.4,101.8,763,804,16,116,0
7.88,climb_cruise,441.2,441.2,34965.0,388,2.28,-26.79,347.89,4.41,15.0,125.0,0,0,1.47,-3.09,-1.52,-0.250,0.474,0.035,1.000,0.100,0.100,0.100,1,38.3,101.8,763,804,16,114,0
7.90,climb_cruise,441.1,441.1,34965.1,397,2.29,-26.85,347.85,4.42,15.0,125.0,0,0,1.47,-3.09,-1.52,-0.249,0.474,0.035,1.000,0.100,0.100,0.100,1,38.2,101.8,763,804,16,115,0
7.92,climb_cruise,441.1,441.1,34965.2,406,2.31,-26.91,347.81,4.42,15.0,125.0,0,0,1.47,-3.10,-1.52,-0.248,0.474,0.035,1.000,0.100,0.100,0.100,1,38.1,101.8,763,804,16,115,0
7.94,climb_cruise,441.1,441.1,34965.4,415,2.32,-26.98,347.77,4.43,15.0,125.0,0,0,1.47,-3.10,-1.53,-0.246,0.474,0.035,1.000,0.100,0.100,0.100,1,38.1,101.8,763,804,16,115,0
7.96,climb_cruise,441.0,441.0,34965.5,425,2.33,-27.04,347.73,4.44,15.0,125.0,0,0,1.47,-3.10,-1.53,-0.245,0.474,0.035,1.000,0.100,0.100,0.100,1,38.0,101.8,763,804,16,115,0
7.98,climb_cruise,441.0,441.0,34965.6,434,2.34,-27.10,347.69,4.45,15.0,125.0,0,0,1.46,-3.11,-1.53,-0.244,0.474,0.035,1.000,0.100,0.100,0.100,1,37.9,101.8,763,804,16,116,0
8.00,climb_cruise,441.0,441.0,34965.8,443,2.35,-27.17,347.65,4.46,15.0,125.0,0,0,1.46,-3.11,-1.54,-0.243,0.474,0.035,1.000,0.100,0.100,0.100,1,37.8,101.8,763,804,16,116,0
8.02,climb_cruise,440.9,440.9,34965.9,452,2.37,-27.23,347.61,4.47,15.0,125.0,0,0,1.46,-3.11,-1.54,-0.242,0.474,0.035,1.000,0.100,0.100,0.100,1,37.8,101.8,763,804,16,116,0
8.04,climb_cruise,440.9,440.9,34966.1,461,2.38,-27.29,347.57,4.47,15.0,125.0,0,0,1.46,-3.12,-1.54,-0.241,0.474,0.035,1.000,0.100,0.100,0.100,1,37.7,101.8,763,804,16,115,0
8.06,climb_cruise,440.9,440.9,34966.2,470,2.39,-27.36,347.53,4.48,15.0,125.0,0,0,1.46,-3.12,-1.55,-0.240,0.474,0.035,1.000,0.100,0.100,0.100,1,37.6,101.8,763,804,16,114,0
8.08,climb_cruise,440.8,440.8,34966.4,479,2.40,-27.42,347.48,4.49,15.0,125.0,0,0,1.45,-3.12,-1.55,-0.239,0.474,0.035,1.000,0.100,0.100,0.100,1,37.5,101.8,763,804,16,115,0
8.10,climb_cruise,440.8,440.8,34966.6,489,2.41,-27.49,347.44,4.50,15.0,125.0,0,0,1.45,-3.13,-1.55,-0.237,0.474,0.035,1.000,0.100,0.100,0.100,1,37.5,101.8,763,804,16,115,0
8.12,climb_cruise,440.8,440.8,34966.7,498,2.42,-27.55,347.40,4.51,15.0,125.0,0,0,1.45,-3.13,-1.56,-0.236,0.474,0.035,1.000,0.100,0.100,0.100,1,37.4,101.8,763,804,16,116,0
8.14,climb_cruise,440.7,440.7,34966.9,507,2.44,-27.62,347.36,4.51,15.0,125.0,0,0,1.45,-3.13,-1.56,-0.235,0.474,0.035,1.000,0.100,0.100,0.100,1,37.3,101.8,763,804,16,116,0
8.16,climb_cruise,440.7,440.7,34967.1,516,2.45,-27.68,347.32,4.52,15.0,125.0,0,0,1.44,-3.14,-1.56,-0.234,0.474,0.035,1.000,0.100,0.100,0.100,1,37.2,101.8,763,804,16,116,0
8.18,climb_cruise,440.6,440.6,34967.2,525,2.46,-27.74,347.28,4.53,15.0,125.0,0,0,1.44,-3.14,-1.57,-0.232,0.474,0.036,1.000,0.100,0.100,0.100,1,37.2,101.8,763,804,16,115,0
8.20,climb_cruise,440.6,440.6,34967.4,535,2.47,-27.81,347.24,4.53,15.0,125.0,0,0,1.44,-3.14,-1.57,-0.231,0.474,0.036,1.000,0.100,0.100,0.100,1,37.1,101.8,763,804,16,116,0
8.22,climb_cruise,440.6,440.6,34967.6,544,2.48,-27.87,347.20,4.54,15.0,125.0,0,0,1.43,-3.15,-1.57,-0.230,0.474,0.036,1.000,0.100,0.100,0.100,1,37.0,101.8,763,804,16,116,0
8.24,climb_cruise,440.5,440.5,34967.8,553,2.49,-27.94,347.16,4.55,15.0,125.0,0,0,1.43,-3.15,-1.57,-0.228,0.474,0.036,1.000,0.100,0.100,0.100,1,36.9,101.8,763,804,16,115,0
8.26,climb_cruise,440.5,440.5,34968.0,562,2.50,-28.00,347.11,4.56,15.0,125.0,0,0,1.43,-3.16,-1.58,-0.227,0.474,0.036,1.000,0.100,0.100,0.100,1,36.9,101.8,763,804,16,115,0
8.28,climb_cruise,440.5,440.5,34968.2,571,2.51,-28.07,347.07,4.56,15.0,125.0,0,0,1.42,-3.16,-1.58,-0.226,0.474,0.036,1.000,0.100,0.100,0.100,1,36.8,101.8,763,804,16,114,0
8.30,climb_cruise,440.4,440.4,34968.3,580,2.52,-28.13,347.03,4.57,15.0,125.0,0,0,1.42,-3.16,-1.58,-0.224,0.474,0.036,1.000,0.100,0.100,0.100,1,36.7,101.8,763,804,16,115,0
8.32,climb_cruise,440.4,440.4,34968.5,590,2.53,-28.20,346.99,4.57,15.0,125.0,0,0,1.42,-3.17,-1.59,-0.223,0.474,0.036,1.000,0.100,0.100,0.100,1,36.6,101.8,763,804,16,115,0
8.34,climb_cruise,440.4,440.4,34968.7,599,2.54,-28.26,346.95,4.58,15.0,125.0,0,0,1.41,-3.17,-1.59,-0.222,0.474,0.036,1.000,0.100,0.100,0.100,1,36.6,101.8,763,804,16,115,0
8.36,climb_cruise,440.3,440.3,34968.9,608,2.55,-28.33,346.91,4.59,15.0,125.0,0,0,1.41,-3.17,-1.59,-0.220,0.474,0.036,1.000,0.100,0.100,0.100,1,36.5,101.8,763,804,16,116,0
8.38,climb_cruise,440.3,440.3,34969.1,617,2.56,-28.39,346.87,4.59,15.0,125.0,0,0,1.41,-3.18,-1.60,-0.219,0.474,0.036,1.000,0.100,0.100,0.100,1,36.4,101.8,763,804,16,115,0
8.40,climb_cruise,440.3,440.3,34969.3,626,2.57,-28.46,346.82,4.60,15.0,125.0,0,0,1.40,-3.18,-1.60,-0.217,0.474,0.036,1.000,0.100,0.100,0.100,1,36.4,101.8,763,804,16,115,0
8.42,climb_cruise,440.2,440.2,34969.6,635,2.58,-28.53,346.78,4.60,15.0,125.0,0,0,1.40,-3.18,-1.60,-0.216,0.474,0.036,1.000,0.100,0.100,0.100,1,36.3,101.8,763,804,16,114,0
8.44,climb_cruise,440.2,440.2,34969.8,645,2.59,-28.59,346.74,4.61,15.0,125.0,0,0,1.40,-3.19,-1.61,-0.214,0.474,0.036,1.000,0.100,0.100,0.100,1,36.2,101.8,763,804,16,115,0
8.46,climb_cruise,440.2,440.2,34970.0,654,2.60,-28.66,346.70,4.62,15.0,125.0,0,0,1.39,-3.19,-1.61,-0.213,0.474,0.036,1.000,0.100,0.100,0.100,1,36.1,101.8,763,804,16,115,0
8.48,climb_cruise,440.1,440.1,34970.2,663,2.61,-28.72,346.66,4.62,15.0,125.0,0,0,1.39,-3.19,-1.61,-0.211,0.474,0.036,1.000,0.100,0.100,0.100,1,36.1,101.8,763,804,16,115,0
8.50,climb_cruise,440.1,440.1,34970.4,672,2.62,-28.79,346.62,4.63,15.0,125.0,0,0,1.38,-3.20,-1.62,-0.210,0.474,0.037,1.000,0.100,0.100,0.100,1,36.0,101.9,763,804,16,114,0
8.52,climb_cruise,440.0,440.0,34970.6,681,2.62,-28.85,346.57,4.63,15.0,125.0,0,0,1.38,-3.20,-1.62,-0.208,0.474,0.037,1.000,0.100,0.100,0.100,1,35.9,101.9,763,804,16,114,0
8.54,climb_cruise,440.0,440.0,34970.9,690,2.63,-28.92,346.53,4.64,15.0,125.0,0,0,1.38,-3.20,-1.62,-0.207,0.474,0.037,1.000,0.100,0.100,0.100,1,35.9,101.9,763,804,16,114,0
8.56,climb_cruise,440.0,440.0,34971.1,699,2.64,-28.99,346.49,4.64,15.0,125.0,0,0,1.37,-3.20,-1.62,-0.205,0.474,0.037,1.000,0.100,0.100,0.100,1,35.8,101.9,763,804,16,115,0
8.58,climb_cruise,439.9,439.9,34971.3,708,2.65,-29.05,346.45,4.65,15.0,125.0,0,0,1.37,-3.21,-1.63,-0.203,0.474,0.037,1.000,0.100,0.100,0.100,1,35.7,101.9,763,804,16,115,0
8.60,climb_cruise,439.9,439.9,34971.6,717,2.66,-29.12,346.41,4.65,15.0,125.0,0,0,1.36,-3.21,-1.63,-0.202,0.474,0.037,1.000,0.100,0.100,0.100,1,35.6,101.9,763,804,16,114,0
8.62,climb_cruise,439.9,439.9,34971.8,726,2.67,-29.18,346.37,4.65,15.0,125.0,0,0,1.36,-3.21,-1.63,-0.200,0.474,0.037,1.000,0.100,0.100,0.100,1,35.6,101.9,763,804,16,115,0
8.64,climb_cruise,439.8,439.8,34972.1,735,2.67,-29.25,346.32,4.66,15.0,125.0,0,0,1.35,-3.22,-1.64,-0.198,0.474,0.037,1.000,0.100,0.100,0.100,1,35.5,101.9,763,804,16,114,0
8.66,climb_cruise,439.8,439.8,34972.3,744,2.68,-29.32,346.28,4.66,15.0,125.0,0,0,1.35,-3.22,-1.64,-0.197,0.474,0.037,1.000,0.100,0.100,0.100,1,35.4,101.9,763,804,16,115,0
8.68,climb_cruise,439.7,439.7,34972.6,753,2.69,-29.38,346.24,4.67,15.0,125.0,0,0,1.34,-3.22,-1.64,-0.195,0.474,0.037,1.000,0.100,0.100,0.100,1,35.4,101.9,763,804,16,116,0
8.70,climb_cruise,439.7,439.7,34972.8,762,2.70,-29.45,346.20,4.67,15.0,125.0,0,0,1.34,-3.23,-1.65,-0.193,0.474,0.037,1.000,0.100,0.100,0.100,1,35.3,101.9,763,804,16,115,0
8.72,climb_cruise,439.7,439.7,34973.1,771,2.70,-29.52,346.16,4.67,15.0,125.0,0,0,1.33,-3.23,-1.65,-0.192,0.474,0.037,1.000,0.100,0.100,0.100,1,35.2,101.9,763,804,16,115,0
8.74,climb_cruise,439.6,439.6,34973.3,780,2.71,-29.58,346.11,4.68,15.0,125.0,0,0,1.33,-3.23,-1.65,-0.190,0.474,0.037,1.000,0.100,0.100,0.100,1,35.1,101.9,763,804,16,116,0
8.76,climb_cruise,439.6,439.6,34973.6,789,2.72,-29.65,346.07,4.68,15.0,125.0,0,0,1.32,-3.24,-1.66,-0.188,0.474,0.037,1.000,0.100,0.100,0.100,1,35.1,101.9,763,804,16,115,0
8.78,climb_cruise,439.6,439.6,34973.8,797,2.72,-29.72,346.03,4.68,15.0,125.0,0,0,1.32,-3.24,-1.66,-0.186,0.474,0.037,1.000,0.100,0.100,0.100,1,35.0,101.9,763,804,16,116,0
8.80,climb_cruise,439.5,439.5,34974.1,806,2.73,-29.78,345.99,4.69,15.0,125.0,0,0,1.31,-3.24,-1.66,-0.185,0.474,0.038,1.000,0.100,0.100,0.100,1,34.9,101.9,763,804,16,114,0
8.82,climb_cruise,439.5,439.5,34974.4,815,2.74,-29.85,345.95,4.69,15.0,125.0,0,0,1.31,-3.25,-1.66,-0.183,0.474,0.038,1.000,0.100,0.100,0.100,1,34.9,101.9,763,804,16,115,0
8.84,climb_cruise,439.5,439.5,34974.7,824,2.74,-29.92,345.90,4.69,15.0,125.0,0,0,1.30,-3.25,-1.67,-0.181,0.474,0.038,1.000,0.100,0.100,0.100,1,34.8,101.9,763,804,16,116,0
8.86,climb_cruise,439.4,439.4,34974.9,833,2.75,-29.98,345.86,4.69,15.0,125.0,0,0,1.30,-3.25,-1.67,-0.179,0.474,0.038,1.000,0.100,0.100,0.100,1,34.7,101.9,763,804,16,115,0
8.88,climb_cruise,439.4,439.4,34975.2,841,2.75,-30.05,345.82,4.70,15.0,125.0,0,0,1.29,-3.25,-1.67,-0.177,0.474,0.038,1.000,0.100,0.100,0.100,1,34.7,101.9,763,804,16,115,0
8.90,climb_cruise,439.3,439.3,34975.5,850,2.76,-30.12,345.78,4.70,15.0,125.0,0,0,1.29,-3.26,-1.68,-0.176,0.474,0.038,1.000,0.100,0.100,0.100,1,34.6,101.9,763,804,16,116,0
8.92,climb_cruise,439.3,439.3,34975.8,859,2.76,-30.19,345.74,4.70,15.0,125.0,0,0,1.28,-3.26,-1.68,-0.174,0.474,0.038,1.000,0.100,0.100,0.100,1,34.5,101.9,763,804,16,115,0
8.94,climb_cruise,439.3,439.3,34976.1,867,2.77,-30.25,345.69,4.70,15.0,125.0,0,0,1.28,-3.26,-1.68,-0.172,0.474,0.038,1.000,0.100,0.100,0.100,1,34.4,101.9,763,804,16,115,0
8.96,climb_cruise,439.2,439.2,34976.4,876,2.77,-30.32,345.65,4.71,15.0,125.0,0,0,1.27,-3.27,-1.69,-0.170,0.474,0.038,1.000,0.100,0.100,0.100,1,34.4,101.9,763,804,16,114,0
8.98,climb_cruise,439.2,439.2,34976.6,884,2.78,-30.39,345.61,4.71,15.0,125.0,0,0,1.26,-3.27,-1.69,-0.168,0.474,0.038,1.000,0.100,0.100,0.100,1,34.3,101.9,763,804,16,114,0
9.00,climb_cruise,439.1,439.1,34976.9,893,2.78,-30.45,345.57,4.71,15.0,125.0,0,0,1.26,-3.27,-1.69,-0.166,0.474,0.038,1.000,0.100,0.100,0.100,1,34.2,101.9,763,804,16,114,0
9.02,climb_cruise,439.1,439.1,34977.2,901,2.79,-30.52,345.53,4.71,15.0,125.0,0,0,1.25,-3.28,-1.69,-0.164,0.474,0.038,1.000,0.100,0.100,0.100,1,34.2,101.9,763,804,16,114,0
9.04,climb_cruise,439.1,439.1,34977.5,910,2.79,-30.59,345.49,4.71,15.0,125.0,0,0,1.25,-3.28,-1.70,-0.162,0.474,0.038,1.000,0.100,0.100,0.100,1,34.1,101.9,763,804,16,115,0
9.06,climb_cruise,439.0,439.0,34977.8,918,2.80,-30.66,345.44,4.71,15.0,125.0,0,0,1.24,-3.28,-1.70,-0.160,0.474,0.038,1.000,0.100,0.100,0.100,1,34.0,101.9,763,804,16,115,0
9.08,climb_cruise,439.0,439.0,34978.2,927,2.80,-30.72,345.40,4.71,15.0,125.0,0,0,1.23,-3.28,-1.70,-0.158,0.474,0.038,1.000,0.100,0.100,0.100,1,34.0,101.9,763,804,16,115,0
9.10,climb_cruise,439.0,439.0,34978.5,935,2.80,-30.79,345.36,4.72,15.0,125.0,0,0,1.23,-3.29,-1.71,-0.156,0.474,0.038,1.000,0.100,0.100,0.100,1,33.9,101.9,763,804,16,115,0
9.12,climb_cruise,438.9,438.9,34978.8,943,2.81,-30.86,345.32,4.72,15.0,125.0,0,0,1.22,-3.29,-1.71,-0.154,0.474,0.039,1.000,0.100,0.100,0.100,1,33.8,101.9,763,804,16,115,0
9.14,climb_cruise,438.9,438.9,34979.1,952,2.81,-30.93,345.28,4.72,15.0,125.0,0,0,1.22,-3.29,-1.71,-0.152,0.474,0.039,1.000,0.100,0.100,0.100,1,33.8,101.9,763,804,16,114,0
9.16,climb_cruise,438.8,438.8,34979.4,960,2.81,-31.00,345.23,4.72,15.0,125.0,0,0,1.21,-3.30,-1.72,-0.150,0.474,0.039,1.000,0.100,0.100,0.100,1,33.7,101.9,763,804,16,116,0
9.18,climb_cruise,438.8,438.8,34979.7,968,2.82,-31.06,345.19,4.72,15.0,125.0,0,0,1.20,-3.30,-1.72,-0.148,0.474,0.039,1.000,0.100,0.100,0.100,1,33.6,101.9,763,804,16,115,0
9.20,climb_cruise,438.8,438.8,34980.1,976,2.82,-31.13,345.15,4.72,15.0,125.0,0,0,1.20,-3.30,-1.72,-0.146,0.474,0.039,1.000,0.100,0.100,0.100,1,33.6,101.9,763,804,16,115,0
9.22,climb_cruise,438.7,438.7,34980.4,984,2.82,-31.20,345.11,4.72,15.0,125.0,0,0,1.19,-3.30,-1.72,-0.144,0.474,0.039,1.000,0.100,0.100,0.100,1,33.5,101.9,763,804,16,115,0
9.24,climb_cruise,438.7,438.7,34980.7,992,2.82,-31.27,345.07,4.72,15.0,125.0,0,0,1.18,-3.31,-1.73,-0.142,0.474,0.039,1.000,0.100,0.100,0.100,1,33.4,101.9,763,804,16,115,0
9.26,climb_cruise,438.6,438.6,34981.0,1000,2.83,-31.34,345.02,4.72,15.0,125.0,0,0,1.18,-3.31,-1.73,-0.140,0.474,0.039,1.000,0.100,0.100,0.100,1,33.4,101.9,763,804,16,115,0
9.28,climb_cruise,438.6,438.6,34981.4,1008,2.83,-31.41,344.98,4.72,15.0,125.0,0,0,1.17,-3.31,-1.73,-0.138,0.474,0.039,1.000,0.100,0.100,0.100,1,33.3,101.9,763,804,16,116,0
9.30,climb_cruise,438.6,438.6,34981.7,1016,2.83,-31.47,344.94,4.72,15.0,125.0,0,0,1.16,-3.31,-1.74,-0.136,0.474,0.039,1.000,0.100,0.100,0.100,1,33.2,101.9,763,804,16,115,0
9.32,climb_cruise,438.5,438.5,34982.1,1024,2.83,-31.54,344.90,4.71,15.0,125.0,0,0,1.16,-3.32,-1.74,-0.133,0.474,0.039,1.000,0.100,0.100,0.100,1,33.2,101.9,763,804,16,115,0
9.34,climb_cruise,438.5,438.5,34982.4,1032,2.83,-31.61,344.86,4.71,15.0,125.0,0,0,1.15,-3.32,-1.74,-0.131,0.474,0.039,1.000,0.100,0.100,0.100,1,33.1,101.9,763,804,16,115,0
9.36,climb_cruise,438.4,438.4,34982.7,1040,2.83,-31.68,344.82,4.71,15.0,125.0,0,0,1.14,-3.32,-1.74,-0.129,0.474,0.039,1.000,0.100,0.100,0.100,1,33.0,101.9,763,804,16,115,0
9.38,climb_cruise,438.4,438.4,34983.1,1048,2.84,-31.75,344.77,4.71,15.0,125.0,0,0,1.13,-3.32,-1.75,-0.127,0.474,0.039,1.000,0.100,0.100,0.100,1,33.0,101.9,763,804,16,115,0
9.40,climb_cruise,438.4,438.4,34983.4,1055,2.84,-31.82,344.73,4.71,15.0,125.0,0,0,1.13,-3.33,-1.75,-0.125,0.474,0.039,1.000,0.100,0.100,0.100,1,32.9,101.9,763,804,16,116,0
9.42,climb_cruise,438.3,438.3,34983.8,1063,2.84,-31.88,344.69,4.71,15.0,125.0,0,0,1.12,-3.33,-1.75,-0.123,0.474,0.039,1.000,0.100,0.100,0.100,1,32.8,101.9,763,804,16,114,0
9.44,climb_cruise,438.3,438.3,34984.1,1070,2.84,-31.95,344.65,4.71,15.0,125.0,0,0,1.11,-3.33,-1.76,-0.120,0.474,0.040,1.000,0.100,0.100,0.100,1,32.8,101.9,763,804,16,114,0
9.46,climb_cruise,438.2,438.2,34984.5,1078,2.84,-32.02,344.61,4.70,15.0,125.0,0,0,1.10,-3.33,-1.76,-0.118,0.474,0.040,1.000,0.100,0.100,0.100,1,32.7,101.9,763,804,16,115,0
9.48,climb_cruise,438.2,438.2,34984.9,1085,2.84,-32.09,344.57,4.70,15.0,125.0,0,0,1.10,-3.34,-1.76,-0.116,0.474,0.040,1.000,0.100,0.100,0.100,1,32.6,101.9,763,804,16,116,0
9.50,climb_cruise,438.2,438.2,34985.2,1093,2.83,-32.21,344.53,4.70,15.0,125.0,0,0,0.60,-8.26,-1.90,-0.045,0.189,0.016,1.000,0.100,0.100,0.100,1,32.6,101.9,763,804,16,114,0
9.52,climb_cruise,438.1,438.1,34985.6,1100,2.82,-32.40,344.49,4.70,15.0,125.0,0,0,0.10,-11.12,-2.06,-0.028,0.130,0.010,1.000,0.100,0.100,0.100,1,32.5,101.9,763,804,16,114,0
9.54,climb_cruise,438.1,438.1,34986.0,1108,2.80,-32.64,344.45,4.69,15.0,125.0,0,0,-0.32,-12.42,-2.21,-0.024,0.117,0.009,1.000,0.100,0.100,0.100,1,32.4,101.9,763,804,16,114,0
9.56,climb_cruise,438.1,438.1,34986.3,1115,2.76,-32.89,344.42,4.67,15.0,125.0,0,0,-0.64,-12.98,-2.34,-0.022,0.115,0.009,1.000,0.100,0.100,0.100,1,32.4,101.9,763,804,16,114,0
9.58,climb_cruise,438.0,438.0,34986.7,1121,2.72,-33.16,344.39,4.65,15.0,125.0,0,0,-0.85,-13.23,-2.46,-0.022,0.114,0.008,1.000,0.100,0.100,0.100,1,32.3,101.9,763,804,16,115,0
9.60,climb_cruise,438.0,438.0,34987.1,1128,2.68,-33.42,344.36,4.62,15.0,125.0,0,0,-0.97,-13.36,-2.56,-0.021,0.114,0.008,1.000,0.100,0.100,0.100,1,32.2,101.9,763,804,16,115,0
9.62,climb_cruise,437.9,437.9,34987.5,1134,2.64,-33.69,344.32,4.59,15.0,125.0,0,0,-1.02,-13.44,-2.65,-0.021,0.114,0.008,1.000,0.100,0.100,0.100,1,32.2,101.9,763,804,16,116,0
9.64,climb_cruise,437.9,437.9,34987.8,1140,2.59,-33.96,344.29,4.57,15.0,125.0,0,0,-0.99,-13.49,-2.73,-0.021,0.114,0.008,1.000,0.100,0.100,0.100,1,32.1,101.9,763,804,16,115,0
9.66,climb_cruise,437.9,437.9,34988.2,1146,2.54,-34.24,344.25,4.54,15.0,125.0,0,0,-0.91,-13.54,-2.79,-0.021,0.114,0.008,1.000,0.100,0.100,0.100,1,32.1,101.9,763,804,16,115,0
9.68,climb_cruise,437.8,437.8,34988.6,1151,2.50,-34.51,344.22,4.52,15.0,125.0,0,0,-0.79,-13.58,-2.84,-0.020,0.114,0.008,1.000,0.100,0.100,0.100,1,32.0,101.9,763,804,16,116,0
9.70,climb_cruise,437.8,437.8,34989.0,1156,2.45,-34.78,344.18,4.49,15.0,125.0,0,0,-0.65,-13.62,-2.88,-0.020,0.114,0.008,1.000,0.100,0.100,0.100,1,31.9,101.9,763,804,16,114,0
9.72,climb_cruise,437.7,437.7,34989.4,1161,2.41,-35.06,344.14,4.48,15.0,125.0,0,0,-0.48,-13.65,-2.91,-0.020,0.114,0.009,1.000,0.100,0.100,0.100,1,31.9,101.9,763,804,16,115,0
9.74,climb_cruise,437.7,437.7,34989.8,1165,2.37,-35.33,344.10,4.46,15.0,125.0,0,0,-0.30,-13.68,-2.93,-0.020,0.114,0.009,1.000,0.100,0.100,0.100,1,31.8,101.9,763,804,16,114,0
9.76,climb_cruise,437.7,437.7,34990.2,1170,2.33,-35.61,344.05,4.45,15.0,125.0,0,0,-0.13,-13.71,-2.94,-0.019,0.114,0.009,1.000,0.100,0.100,0.100,1,31.7,101.9,763,804,16,115,0
9.78,climb_cruise,437.6,437.6,34990.5,1174,2.30,-35.88,344.00,4.44,15.0,125.0,0,0,0.04,-13.73,-2.95,-0.019,0.114,0.009,1.000,0.100,0.100,0.100,1,31.7,101.9,763,804,16,116,0
9.80,climb_cruise,437.6,437.6,34990.9,1178,2.26,-36.16,343.95,4.43,15.0,125.0,0,0,0.20,-13.74,-2.95,-0.019,0.114,0.009,1.000,0.100,0.100,0.100,1,31.6,101.9,763,804,16,114,0
9.82,climb_cruise,437.5,437.5,34991.3,1181,2.23,-36.44,343.90,4.43,15.0,125.0,0,0,0.34,-13.76,-2.94,-0.019,0.114,0.009,1.000,0.100,0.100,0.100,1,31.5,101.9,763,804,16,116,0
9.84,climb_cruise,437.5,437.5,34991.7,1185,2.20,-36.71,343.85,4.43,15.0,125.0,0,0,0.46,-13.77,-2.94,-0.018,0.114,0.009,1.000,0.100,0.100,0.100,1,31.5,101.9,763,804,16,114,0
9.86,climb_cruise,437.5,437.5,34992.1,1188,2.18,-36.99,343.80,4.44,15.0,125.0,0,0,0.56,-13.78,-2.93,-0.018,0.114,0.009,1.000,0.100,0.100,0.100,1,31.4,101.9,763,804,16,114,0
9.88,climb_cruise,437.4,437.4,34992.5,1191,2.15,-37.27,343.75,4.44,15.0,125.0,0,0,0.64,-13.79,-2.91,-0.018,0.114,0.009,1.000,0.100,0.100,0.100,1,31.4,101.9,763,804,16,115,0
9.90,climb_cruise,437.4,437.4,34992.9,1194,2.13,-37.55,343.69,4.45,15.0,125.0,0,0,0.70,-13.80,-2.90,-0.017,0.114,0.009,1.000,0.100,0.100,0.100,1,31.3,101.9,763,804,16,116,0
9.92,climb_cruise,437.3,437.3,34993.3,1197,2.10,-37.83,343.64,4.45,15.0,125.0,0,0,0.74,-13.80,-2.89,-0.017,0.114,0.009,1.000,0.100,0.100,0.100,1,31.2,101.9,763,804,16,115,0
9.94,climb_cruise,437.3,437.3,34993.7,1200,2.08,-38.10,343.58,4.46,15.0,125.0,0,0,0.77,-13.80,-2.87,-0.017,0.114,0.009,1.000,0.100,0.100,0.100,1,31.2,101.9,763,804,16,116,0
9.96,climb_cruise,437.3,437.3,34994.1,1203,2.06,-38.38,343.53,4.47,15.0,125.0,0,0,0.78,-13.80,-2.86,-0.016,0.114,0.009,1.000,0.100,0.100,0.100,1,31.1,101.9,763,804,16,116,0
9.98,climb_cruise,437.2,437.2,34994.5,1205,2.03,-38.66,343.47,4.48,15.0,125.0,0,0,0.78,-13.80,-2.85,-0.016,0.114,0.009,1.000,0.100,0.100,0.100,1,31.0,101.9,763,804,16,115,0
10.00,climb_cruise,437.2,437.2,34994.9,1207,2.01,-38.94,343.42,4.49,15.0,125.0,0,0,0.77,-13.80,-2.84,-0.016,0.114,0.009,1.000,0.100,0.100,0.100,1,31.0,101.9,763,804,16,115,0
10.02,climb_cruise,437.1,437.1,34995.3,1210,1.98,-39.21,343.36,4.49,15.0,125.0,0,0,0.75,-13.80,-2.83,-0.015,0.114,0.009,1.000,0.100,0.100,0.100,1,30.9,101.9,763,804,16,114,0
10.04,climb_cruise,437.1,437.1,34995.7,1212,1.96,-39.49,343.31,4.50,15.0,125.0,0,0,0.73,-13.80,-2.83,-0.015,0.114,0.009,1.000,0.100,0.100,0.100,1,30.9,101.9,763,804,16,114,0
10.06,climb_cruise,437.1,437.1,34996.1,1213,1.94,-39.77,343.26,4.51,15.0,125.0,0,0,0.71,-13.79,-2.82,-0.015,0.114,0.009,1.000,0.100,0.100,0.100,1,30.8,101.9,763,804,16,115,0
10.08,climb_cruise,437.0,437.0,34996.5,1215,1.91,-40.05,343.21,4.51,15.0,125.0,0,0,0.68,-13.79,-2.82,-0.014,0.114,0.009,1.000,0.100,0.100,0.100,1,30.7,101.9,763,804,16,115,0
10.10,climb_cruise,437.0,437.0,34996.9,1217,1.88,-40.33,343.15,4.52,15.0,125.0,0,0,0.65,-13.79,-2.82,-0.014,0.114,0.009,1.000,0.100,0.100,0.100,1,30.7,101.9,763,804,16,116,0
10.12,climb_cruise,436.9,436.9,34997.3,1218,1.86,-40.60,343.10,4.52,15.0,125.0,0,0,0.62,-13.79,-2.82,-0.014,0.114,0.009,1.000,0.100,0.100,0.100,1,30.6,101.9,763,804,16,114,0
10.14,climb_cruise,436.9,436.9,34997.7,1219,1.83,-40.88,343.05,4.52,15.0,125.0,0,0,0.60,-13.79,-2.83,-0.013,0.114,0.009,1.000,0.100,0.100,0.100,1,30.5,101.9,763,804,16,115,0
10.16,climb_cruise,436.9,436.9,34998.2,1220,1.80,-41.16,343.00,4.53,15.0,125.0,0,0,0.58,-13.79,-2.83,-0.013,0.114,0.009,1.000,0.100,0.100,0.100,1,30.5,101.9,763,804,16,116,0
10.18,climb_cruise,436.8,436.8,34998.6,1221,1.77,-41.43,342.95,4.53,15.0,125.0,0,0,0.56,-13.78,-2.84,-0.013,0.114,0.009,1.000,0.100,0.100,0.100,1,30.4,101.9,763,804,16,116,0
10.20,climb_cruise,436.8,436.8,34999.0,1222,1.74,-41.71,342.90,4.53,15.0,125.0,0,0,0.55,-13.78,-2.85,-0.012,0.114,0.009,1.000,0.100,0.100,0.100,1,30.4,101.9,763,804,16,114,0
10.22,climb_cruise,436.7,436.7,34999.4,1222,1.71,-41.99,342.85,4.53,15.0,125.0,0,0,0.54,-13.78,-2.85,-0.012,0.114,0.009,1.000,0.100,0.100,0.100,1,30.3,101.9,763,804,16,115,0
10.24,climb_cruise,436.7,436.7,34999.8,1222,1.68,-42.27,342.80,4.53,15.0,125.0,0,0,0.53,-13.78,-2.86,-0.012,0.114,0.009,1.000,0.100,0.100,0.100,1,30.2,101.9,763,804,16,115,0
10.26,climb_cruise,436.7,436.7,35000.2,1223,1.65,-42.54,342.75,4.53,15.0,125.0,0,0,0.53,-13.78,-2.87,-0.012,0.114,0.009,1.000,0.100,0.100,0.100,1,30.2,101.9,763,804,16,116,0
10.28,climb_cruise,436.6,436.6,35000.6,1222,1.62,-42.82,342.70,4.53,15.0,125.0,0,0,0.53,-13.79,-2.88,-0.011,0.114,0.009,1.000,0.100,0.100,0.100,1,30.1,102.0,763,804,16,115,0
10.30,climb_cruise,436.6,436.6,35001.0,1222,1.59,-43.10,342.65,4.53,15.0,125.0,0,0,0.53,-13.79,-2.90,-0.011,0.114,0.009,1.000,0.100,0.100,0.100,1,30.1,102.0,763,804,16,115,0
10.32,climb_cruise,436.5,436.5,35001.4,1222,1.56,-43.37,342.60,4.53,15.0,125.0,0,0,0.54,-13.79,-2.91,-0.011,0.114,0.009,1.000,0.100,0.100,0.100,1,30.0,102.0,763,804,16,114,0
10.34,climb_cruise,436.5,436.5,35001.8,1221,1.52,-43.65,342.55,4.53,15.0,125.0,0,0,0.55,-13.79,-2.92,-0.011,0.114,0.009,1.000,0.100,0.100,0.100,1,29.9,102.0,763,804,16,114,0
10.36,climb_cruise,436.5,436.5,35002.2,1220,1.49,-43.93,342.50,4.53,15.0,125.0,0,0,0.56,-13.79,-2.93,-0.010,0.114,0.009,1.000,0.100,0.100,0.100,1,29.9,102.0,763,804,16,115,0
10.38,climb_cruise,436.4,436.4,35002.6,1219,1.46,-44.21,342.45,4.53,15.0,125.0,0,0,0.57,-13.80,-2.94,-0.010,0.114,0.009,1.000,0.100,0.100,0.100,1,29.8,102.0,763,804,16,114,0
10.40,climb_cruise,436.4,436.4,35003.0,1218,1.43,-44.48,342.40,4.53,15.0,125.0,0,0,0.58,-13.80,-2.96,-0.010,0.114,0.009,1.000,0.100,0.100,0.100,1,29.8,102.0,763,804,16,114,0
10.42,climb_cruise,436.3,436.3,35003.4,1216,1.39,-44.76,342.35,4.53,15.0,125.0,0,0,0.59,-13.80,-2.97,-0.010,0.114,0.009,1.000,0.100,0.100,0.100,1,29.7,102.0,763,804,16,115,0
10.44,climb_cruise,436.3,436.3,35003.9,1215,1.36,-45.04,342.30,4.53,15.0,125.0,0,0,0.60,-13.81,-2.98,-0.009,0.114,0.009,1.000,0.100,0.100,0.100,1,29.6,102.0,763,804,16,114,0
10.46,climb_cruise,436.3,436.3,35004.3,1213,1.33,-45.32,342.25,4.53,15.0,125.0,0,0,0.62,-13.81,-2.99,-0.009,0.114,0.009,1.000,0.100,0.100,0.100,1,29.6,102.0,763,804,16,116,0
10.48,climb_cruise,436.2,436.2,35004.7,1211,1.29,-45.59,342.20,4.53,15.0,125.0,0,0,0.63,-13.81,-3.00,-0.009,0.114,0.009,1.000,0.100,0.100,0.100,1,29.5,102.0,763,804,16,114,0
10.50,climb_cruise,436.2,436.2,35005.1,1208,1.26,-45.87,342.15,4.53,15.0,125.0,0,0,0.64,-13.82,-3.01,-0.009,0.114,0.009,1.000,0.100,0.100,0.100,1,29.5,102.0,763,804,16,114,0
10.52,climb_cruise,436.2,436.2,35005.5,1206,1.22,-46.15,342.10,4.53,15.0,125.0,0,0,0.65,-13.82,-3.03,-0.008,0.114,0.009,1.000,0.100,0.100,0.100,1,29.4,102.0,763,804,16,114,0
10.54,climb_cruise,436.1,436.1,35005.9,1203,1.19,-46.43,342.05,4.53,15.0,125.0,0,0,0.66,-13.82,-3.04,-0.008,0.114,0.009,1.000,0.100,0.100,0.100,1,29.4,102.0,763,804,16,114,0
10.56,climb_cruise,436.1,436.1,35006.3,1200,1.15,-46.70,342.00,4.54,15.0,125.0,0,0,0.67,-13.83,-3.05,-0.008,0.114,0.009,1.000,0.100,0.100,0.100,1,29.3,102.0,763,804,16,115,0
10.58,climb_cruise,436.0,436.0,35006.7,1197,1.12,-46.98,341.95,4.54,15.0,125.0,0,0,0.68,-13.83,-3.06,-0.008,0.114,0.009,1.000,0.100,0.100,0.100,1,29.2,102.0,763,804,16,114,0
10.60,climb_cruise,436.0,436.0,35007.1,1194,1.08,-47.26,341.89,4.54,15.0,125.0,0,0,0.69,-13.84,-3.07,-0.008,0.114,0.009,1.000,0.100,0.100,0.100,1,29.2,102.0,763,804,16,114,0
10.62,climb_cruise,436.0,436.0,35007.5,1190,1.05,-47.54,341.84,4.54,15.0,125.0,0,0,0.69,-13.84,-3.08,-0.007,0.114,0.009,1.000,0.100,0.100,0.100,1,29.1,102.0,763,804,16,116,0
10.64,climb_cruise,435.9,435.9,35007.9,1186,1.01,-47.81,341.79,4.54,15.0,125.0,0,0,0.70,-13.84,-3.09,-0.007,0.114,0.009,1.000,0.100,0.100,0.100,1,29.1,102.0,763,804,16,115,0
10.66,climb_cruise,435.9,435.9,35008.3,1183,0.97,-48.09,341.74,4.54,15.0,125.0,0,0,0.71,-13.85,-3.10,-0.007,0.114,0.009,1.000,0.100,0.100,0.100,1,29.0,102.0,763,804,16,116,0
10.68,climb_cruise,435.8,435.8,35008.6,1178,0.94,-48.37,341.69,4.54,15.0,125.0,0,0,0.71,-13.85,-3.11,-0.007,0.114,0.009,1.000,0.100,0.100,0.100,1,28.9,102.0,763,804,16,115,0
10.70,climb_cruise,435.8,435.8,35009.0,1174,0.90,-48.65,341.63,4.54,15.0,125.0,0,0,0.72,-13.85,-3.12,-0.007,0.114,0.009,1.000,0.100,0.100,0.100,1,28.9,102.0,763,804,16,115,0
10.72,climb_cruise,435.8,435.8,35009.4,1169,0.86,-48.92,341.58,4.54,15.0,125.0,0,0,0.73,-13.86,-3.13,-0.006,0.114,0.009,1.000,0.100,0.100,0.100,1,28.8,102.0,763,804,16,114,0
10.74,climb_cruise,435.7,435.7,35009.8,1165,0.82,-49.20,341.53,4.54,15.0,125.0,0,0,0.73,-13.86,-3.13,-0.006,0.114,0.009,1.000,0.100,0.100,0.100,1,28.8,102.0,763,804,16,114,0
10.76,climb_cruise,435.7,435.7,35010.2,1160,0.79,-49.48,341.48,4.54,15.0,125.0,0,0,0.74,-13.86,-3.14,-0.006,0.114,0.009,1.000,0.100,0.100,0.100,1,28.7,102.0,763,804,16,116,0
10.78,climb_cruise,435.6,435.6,35010.6,1154,0.75,-49.76,341.43,4.54,15.0,125.0,0,0,0.75,-13.87,-3.15,-0.006,0.114,0.009,1.000,0.100,0.100,0.100,1,28.7,102.0,763,804,16,115,0
10.80,climb_cruise,435.6,435.6,35011.0,1149,0.71,-50.04,341.37,4.54,15.0,125.0,0,0,0.75,-13.87,-3.16,-0.006,0.114,0.009,1.000,0.100,0.100,0.100,1,28.6,102.0,763,804,16,114,0
10.82,climb_cruise,435.6,435.6,35011.4,1143,0.67,-50.31,341.32,4.54,15.0,125.0,0,0,0.76,-13.87,-3.17,-0.006,0.114,0.009,1.000,0.100,0.100,0.100,1,28.5,102.0,763,804,16,115,0
10.84,climb_cruise,435.5,435.5,35011.7,1138,0.63,-50.59,341.27,4.54,15.0,125.0,0,0,0.77,-13.88,-3.18,-0.006,0.114,0.009,1.000,0.100,0.100,0.100,1,28.5,102.0,763,804,16,115,0
10.86,climb_cruise,435.5,435.5,35012.1,1132,0.59,-50.87,341.22,4.54,15.0,125.0,0,0,0.77,-13.88,-3.19,-0.005,0.114,0.009,1.000,0.100,0.100,0.100,1,28.4,102.0,763,804,16,116,0
10.88,climb_cruise,435.4,435.4,35012.5,1125,0.55,-51.15,341.17,4.54,15.0,125.0,0,0,0.78,-13.88,-3.19,-0.005,0.114,0.009,1.000,0.100,0.100,0.100,1,28.4,102.0,763,804,16,115,0
10.90,climb_cruise,435.4,435.4,35012.9,1119,0.51,-51.43,341.11,4.54,15.0,125.0,0,0,0.79,-13.89,-3.20,-0.005,0.114,0.009,1.000,0.100,0.100,0.100,1,28.3,102.0,763,804,16,115,0
10.92,climb_cruise,435.4,435.4,35013.2,1112,0.47,-51.71,341.06,4.54,15.0,125.0,0,0,0.80,-13.89,-3.21,-0.005,0.114,0.009,1.000,0.100,0.100,0.100,1,28.3,102.0,763,804,16,114,0
10.94,climb_cruise,435.3,435.3,35013.6,1105,0.43,-51.98,341.01,4.54,15.0,125.0,0,0,0.80,-13.89,-3.22,-0.005,0.114,0.009,1.000,0.100,0.100,0.100,1,28.2,102.0,763,804,16,114,0
10.96,climb_cruise,435.3,435.3,35014.0,1098,0.39,-52.26,340.96,4.54,15.0,125.0,0,0,0.81,-13.89,-3.23,-0.005,0.114,0.009,1.000,0.100,0.100,0.100,1,28.1,102.0,763,804,16,114,0
10.98,climb_cruise,435.3,435.3,35014.3,1090,0.35,-52.54,340.90,4.54,15.0,125.0,0,0,0.82,-13.90,-3.23,-0.005,0.114,0.009,1.000,0.100,0.100,0.100,1,28.1,102.0,763,804,16,114,0
11.00,climb_cruise,435.2,435.2,35014.7,1083,0.31,-52.82,340.85,4.54,15.0,125.0,0,0,0.83,-13.90,-3.24,-0.005,0.114,0.009,1.000,0.100,0.100,0.100,1,28.0,102.0,763,804,16,114,0
11.02,climb_cruise,435.2,435.2,35015.1,1075,0.27,-53.10,340.80,4.54,15.0,125.0,0,0,0.84,-13.90,-3.25,-0.005,0.114,0.009,1.000,0.100,0.100,0.100,1,28.0,102.0,763,804,16,115,0
11.04,climb_cruise,435.1,435.1,35015.4,1067,0.22,-53.38,340.75,4.54,15.0,125.0,0,0,0.85,-13.91,-3.26,-0.005,0.114,0.009,1.000,0.100,0.100,0.100,1,27.9,102.0,763,804,16,115,0
11.06,climb_cruise,435.1,435.1,35015.8,1059,0.18,-53.65,340.69,4.54,15.0,125.0,0,0,0.86,-13.91,-3.27,-0.005,0.114,0.009,1.000,0.100,0.100,0.100,1,27.9,102.0,763,804,16,116,0
11.08,climb_cruise,435.1,435.1,35016.1,1050,0.14,-53.93,340.64,4.54,15.0,125.0,0,0,0.87,-13.91,-3.27,-0.005,0.114,0.009,1.000,0.100,0.100,0.100,1,27.8,102.0,763,804,16,115,0
11.10,climb_cruise,435.0,435.0,35016.5,1041,0.10,-54.21,340.59,4.54,15.0,125.0,0,0,0.88,-13.91,-3.28,-0.005,0.114,0.009,1.000,0.100,0.100,0.100,1,27.8,102.0,763,804,16,116,0
11.12,climb_cruise,435.0,435.0,35016.8,1032,0.05,-54.49,340.54,4.54,15.0,125.0,0,0,0.89,-13.92,-3.29,-0.005,0.114,0.009,1.000,0.100,0.100,0.100,1,27.7,102.0,763,804,16,115,0
11.14,climb_cruise,434.9,434.9,35017.2,1023,0.01,-54.77,340.48,4.54,15.0,125.0,0,0,0.90,-13.92,-3.30,-0.005,0.114,0.009,1.000,0.100,0.100,0.100,1,27.6,102.0,763,804,16,116,0
11.16,climb_cruise,434.9,434.9,35017.5,1014,-0.03,-55.05,340.43,4.54,15.0,125.0,0,0,0.91,-13.92,-3.30,-0.005,0.114,0.009,1.000,0.100,0.100,0.100,1,27.6,102.0,763,804,16,115,0
11.18,climb_cruise,434.9,434.9,35017.8,1004,-0.08,-55.32,340.38,4.54,15.0,125.0,0,0,0.92,-13.92,-3.31,-0.005,0.114,0.010,1.000,0.100,0.100,0.100,1,27.5,102.0,763,804,16,116,0
11.20,climb_cruise,434.8,434.8,35018.2,994,-0.12,-55.60,340.33,4.54,15.0,125.0,0,0,0.93,-13.93,-3.32,-0.005,0.114,0.010,1.000,0.100,0.100,0.100,1,27.5,102.0,763,804,16,116,0
11.22,climb_cruise,434.8,434.8,35018.5,984,-0.17,-55.88,340.27,4.54,15.0,125.0,0,0,0.94,-13.93,-3.33,-0.005,0.114,0.010,1.000,0.100,0.100,0.100,1,27.4,102.0,763,804,16,115,0
11.24,climb_cruise,434.8,434.8,35018.8,974,-0.21,-56.16,340.22,4.54,15.0,125.0,0,0,0.95,-13.93,-3.33,-0.005,0.114,0.010,1.000,0.100,0.100,0.100,1,27.4,102.0,763,804,16,116,0
11.26,climb_cruise,434.7,434.7,35019.2,963,-0.26,-56.44,340.17,4.54,15.0,125.0,0,0,0.96,-13.94,-3.34,-0.005,0.114,0.010,1.000,0.100,0.100,0.100,1,27.3,102.0,763,804,16,114,0
11.28,climb_cruise,434.7,434.7,35019.5,952,-0.30,-56.72,340.11,4.54,15.0,125.0,0,0,0.98,-13.94,-3.35,-0.005,0.114,0.010,1.000,0.100,0.100,0.100,1,27.3,102.0,763,804,16,115,0
11.30,climb_cruise,434.6,434.6,35019.8,941,-0.35,-56.99,340.06,4.54,15.0,125.0,0,0,0.99,-13.94,-3.36,-0.005,0.114,0.010,1.000,0.100,0.100,0.100,1,27.2,102.0,763,804,16,116,0
11.32,climb_cruise,434.6,434.6,35020.1,930,-0.39,-57.27,340.01,4.54,15.0,125.0,0,0,1.00,-13.94,-3.36,-0.005,0.114,0.010,1.000,0.100,0.100,0.100,1,27.1,102.0,763,804,16,116,0
11.34,climb_cruise,434.6,434.6,35020.4,919,-0.44,-57.55,339.95,4.55,15.0,125.0,0,0,1.01,-13.95,-3.37,-0.005,0.114,0.010,1.000,0.100,0.100,0.100,1,27.1,102.0,763,804,16,114,0
11.36,climb_cruise,434.5,434.5,35020.7,907,-0.48,-57.83,339.90,4.55,15.0,125.0,0,0,1.02,-13.95,-3.38,-0.005,0.114,0.010,1.000,0.100,0.100,0.100,1,27.0,102.0,763,804,16,115,0
11.38,climb_cruise,434.5,434.5,35021.0,895,-0.53,-58.11,339.85,4.55,15.0,125.0,0,0,1.04,-13.95,-3.39,-0.005,0.114,0.010,1.000,0.100,0.100,0.100,1,27.0,102.0,763,804,16,115,0
11.40,climb_cruise,434.5,434.5,35021.3,883,-0.58,-58.39,339.79,4.55,15.0,125.0,0,0,1.05,-13.95,-3.39,-0.005,0.114,0.010,1.000,0.100,0.100,0.100,1,26.9,102.0,763,804,16,114,0
11.42,climb_cruise,434.4,434.4,35021.6,870,-0.62,-58.67,339.74,4.55,15.0,125.0,0,0,1.06,-13.96,-3.40,-0.005,0.114,0.010,1.000,0.100,0.100,0.100,1,26.9,102.0,763,804,16,115,0
11.44,climb_cruise,434.4,434.4,35021.9,858,-0.67,-58.94,339.69,4.55,15.0,125.0,0,0,1.07,-13.96,-3.41,-0.005,0.114,0.010,1.000,0.100,0.100,0.100,1,26.8,102.0,763,804,16,115,0
11.46,climb_cruise,434.4,434.4,35022.2,845,-0.72,-59.22,339.63,4.55,15.0,125.0,0,0,1.09,-13.96,-3.41,-0.005,0.114,0.010,1.000,0.100,0.100,0.100,1,26.8,102.0,763,804,16,115,0
11.48,climb_cruise,434.3,434.3,35022.5,832,-0.77,-59.50,339.58,4.55,15.0,125.0,0,0,1.10,-13.96,-3.42,-0.006,0.114,0.010,1.000,0.100,0.100,0.100,1,26.7,102.0,763,804,16,115,0
11.50,climb_cruise,434.3,434.3,35022.7,818,-0.82,-59.78,339.53,4.55,15.0,125.0,0,0,1.11,-13.97,-3.43,-0.006,0.114,0.010,1.000,0.100,0.100,0.100,1,26.7,102.0,763,804,16,114,0
11.52,climb_cruise,434.2,434.2,35023.0,805,-0.86,-60.06,339.47,4.55,15.0,125.0,0,0,1.12,-13.97,-3.44,-0.006,0.114,0.010,1.000,0.100,0.100,0.100,1,26.6,102.0,763,804,16,115,0
11.54,climb_cruise,434.2,434.2,35023.3,791,-0.91,-60.34,339.42,4.55,15.0,125.0,0,0,1.14,-13.97,-3.44,-0.006,0.114,0.010,1.000,0.100,0.100,0.100,1,26.6,102.0,763,804,16,114,0
11.56,climb_cruise,434.2,434.2,35023.5,777,-0.96,-60.62,339.36,4.55,15.0,125.0,0,0,1.15,-13.98,-3.45,-0.006,0.114,0.010,1.000,0.100,0.100,0.100,1,26.5,102.0,763,804,16,115,0
11.58,climb_cruise,434.1,434.1,35023.8,762,-1.01,-60.89,339.31,4.55,15.0,125.0,0,0,1.17,-13.98,-3.46,-0.006,0.114,0.010,1.000,0.100,0.100,0.100,1,26.5,102.0,763,804,16,115,0
11.60,climb_cruise,434.1,434.1,35024.0,748,-1.06,-61.17,339.26,4.55,15.0,125.0,0,0,1.18,-13.98,-3.46,-0.007,0.114,0.010,1.000,0.100,0.100,0.100,1,26.4,102.0,763,804,16,114,0
11.62,climb_cruise,434.1,434.1,35024.3,733,-1.11,-61.45,339.20,4.56,15.0,125.0,0,0,1.19,-13.98,-3.47,-0.007,0.114,0.010,1.000,0.100,0.100,0.100,1,26.3,102.0,763,804,16,116,0
11.64,climb_cruise,434.0,434.0,35024.5,718,-1.16,-61.73,339.15,4.56,15.0,125.0,0,0,1.21,-13.99,-3.48,-0.007,0.114,0.010,1.000,0.100,0.100,0.100,1,26.3,102.0,763,804,16,114,0
11.66,climb_cruise,434.0,434.0,35024.8,703,-1.21,-62.01,339.09,4.56,15.0,125.0,0,0,1.22,-13.99,-3.48,-0.007,0.114,0.010,1.000,0.100,0.100,0.100,1,26.2,102.0,763,804,16,116,0
11.68,climb_cruise,434.0,434.0,35025.0,687,-1.26,-62.29,339.04,4.56,15.0,125.0,0,0,1.24,-13.99,-3.49,-0.008,0.114,0.010,1.000,0.100,0.100,0.100,1,26.2,102.0,763,804,16,115,0
11.70,climb_cruise,433.9,433.9,35025.2,671,-1.31,-62.57,338.99,4.56,15.0,125.0,0,0,1.25,-13.99,-3.50,-0.008,0.114,0.010,1.000,0.100,0.100,0.100,1,26.1,102.0,763,804,16,115,0
11.72,climb_cruise,433.9,433.9,35025.4,655,-1.36,-62.84,338.93,4.56,15.0,125.0,0,0,1.27,-14.00,-3.50,-0.008,0.114,0.010,1.000,0.100,0.100,0.100,1,26.1,102.0,763,804,16,116,0
11.74,climb_cruise,433.9,433.9,35025.7,639,-1.41,-63.12,338.88,4.56,15.0,125.0,0,0,1.29,-14.00,-3.51,-0.008,0.114,0.010,1.000,0.100,0.100,0.100,1,26.0,102.0,763,804,16,115,0
11.76,climb_cruise,433.8,433.8,35025.9,623,-1.46,-63.40,338.82,4.57,15.0,125.0,0,0,1.30,-14.00,-3.52,-0.009,0.114,0.010,1.000,0.100,0.100,0.100,1,26.0,102.0,763,804,16,115,0
11.78,climb_cruise,433.8,433.8,35026.1,606,-1.51,-63.68,338.77,4.57,15.0,125.0,0,0,1.32,-14.00,-3.52,-0.009,0.114,0.010,1.000,0.100,0.100,0.100,1,25.9,102.0,763,804,16,115,0
11.80,climb_cruise,433.8,433.8,35026.3,589,-1.56,-63.96,338.71,4.57,15.0,125.0,0,0,1.33,-14.01,-3.53,-0.009,0.114,0.010,1.000,0.100,0.100,0.100,1,25.9,102.0,763,804,16,116,0
11.82,climb_cruise,433.7,433.7,35026.5,572,-1.62,-64.24,338.66,4.57,15.0,125.0,0,0,1.35,-14.01,-3.53,-0.010,0.114,0.010,1.000,0.100,0.100,0.100,1,25.8,102.0,763,804,16,115,0
11.84,climb_cruise,433.7,433.7,35026.7,554,-1.67,-64.52,338.60,4.57,15.0,125.0,0,0,1.37,-14.01,-3.54,-0.010,0.114,0.010,1.000,0.100,0.100,0.100,1,25.8,102.0,763,804,16,115,0
11.86,climb_cruise,433.7,433.7,35026.8,536,-1.72,-64.79,338.55,4.58,15.0,125.0,0,0,1.38,-14.01,-3.55,-0.010,0.114,0.010,1.000,0.100,0.100,0.100,1,25.7,102.0,763,804,16,114,0
11.88,climb_cruise,433.6,433.6,35027.0,518,-1.77,-65.07,338.49,4.58,15.0,125.0,0,0,1.40,-14.02,-3.55,-0.011,0.114,0.010,1.000,0.100,0.100,0.100,1,25.7,102.0,763,804,16,115,0
11.90,climb_cruise,433.6,433.6,35027.2,500,-1.82,-65.35,338.44,4.58,15.0,125.0,0,0,1.42,-14.02,-3.56,-0.011,0.114,0.010,1.000,0.100,0.100,0.100,1,25.6,102.0,763,804,16,116,0
11.92,climb_cruise,433.6,433.6,35027.4,482,-1.88,-65.63,338.38,4.58,15.0,125.0,0,0,1.44,-14.02,-3.57,-0.011,0.114,0.010,1.000,0.100,0.100,0.100,1,25.6,102.0,763,804,16,115,0
11.94,climb_cruise,433.5,433.5,35027.5,463,-1.93,-65.91,338.32,4.59,15.0,125.0,0,0,1.45,-14.03,-3.57,-0.012,0.114,0.010,1.000,0.100,0.100,0.100,1,25.5,102.0,763,804,16,114,0
11.96,climb_cruise,433.5,433.5,35027.7,444,-1.98,-66.19,338.27,4.59,15.0,125.0,0,0,1.47,-14.03,-3.58,-0.012,0.114,0.010,1.000,0.100,0.100,0.100,1,25.5,102.0,763,804,16,115,0
11.98,climb_cruise,433.5,433.5,35027.8,425,-2.04,-66.47,338.21,4.59,15.0,125.0,0,0,1.49,-14.03,-3.58,-0.013,0.114,0.010,1.000,0.100,0.100,0.100,1,25.4,102.0,763,804,16,115,0
12.00,climb_cruise,433.4,433.4,35028.0,406,-2.09,-66.75,338.16,4.59,15.0,125.0,0,0,1.51,-14.03,-3.59,-0.013,0.114,0.010,1.000,0.100,0.100,0.100,1,25.4,102.0,763,804,16,115,0
12.02,climb_cruise,433.4,433.4,35028.1,386,-2.15,-67.02,338.10,4.60,15.0,125.0,0,0,1.53,-14.04,-3.60,-0.013,0.114,0.010,1.000,0.100,0.100,0.100,1,25.3,102.0,763,804,16,114,0
12.04,climb_cruise,433.4,433.4,35028.2,366,-2.20,-67.30,338.04,4.60,15.0,125.0,0,0,1.55,-14.04,-3.60,-0.014,0.114,0.010,1.000,0.100,0.100,0.100,1,25.3,102.0,763,804,16,116,0
12.06,climb_cruise,433.3,433.3,35028.3,346,-2.26,-67.58,337.99,4.60,15.0,125.0,0,0,1.57,-14.04,-3.61,-0.014,0.114,0.010,1.000,0.100,0.100,0.100,1,25.2,102.0,763,804,16,114,0
12.08,climb_cruise,433.3,433.3,35028.4,326,-2.31,-67.86,337.93,4.61,15.0,125.0,0,0,1.59,-14.05,-3.61,-0.015,0.114,0.010,1.000,0.100,0.100,0.100,1,25.2,102.0,763,804,16,115,0
12.10,climb_cruise,433.3,433.3,35028.5,305,-2.37,-68.14,337.88,4.61,15.0,125.0,0,0,1.61,-14.05,-3.62,-0.015,0.114,0.010,1.000,0.100,0.100,0.100,1,25.1,102.0,763,804,16,114,0
12.12,climb_cruise,433.2,433.2,35028.6,284,-2.42,-68.42,337.82,4.62,15.0,125.0,0,0,1.63,-14.05,-3.62,-0.016,0.114,0.010,1.000,0.100,0.100,0.100,1,25.1,102.0,763,804,16,115,0
12.14,climb_cruise,433.2,433.2,35028.7,263,-2.48,-68.70,337.76,4.62,15.0,125.0,0,0,1.65,-14.05,-3.63,-0.016,0.114,0.010,1.000,0.100,0.100,0.100,1,25.0,102.0,763,804,16,114,0
12.16,climb_cruise,433.2,433.2,35028.8,242,-2.53,-68.97,337.70,4.62,15.0,125.0,0,0,1.67,-14.06,-3.64,-0.017,0.114,0.010,1.000,0.100,0.100,0.100,1,25.0,102.0,763,804,16,115,0
12.18,climb_cruise,433.1,433.1,35028.9,220,-2.59,-69.25,337.65,4.63,15.0,125.0,0,0,1.69,-14.06,-3.64,-0.018,0.114,0.010,1.000,0.100,0.100,0.100,1,24.9,102.0,763,804,16,115,0
12.20,climb_cruise,433.1,433.1,35029.0,198,-2.64,-69.53,337.59,4.63,15.0,125.0,0,0,1.71,-14.06,-3.65,-0.018,0.114,0.010,1.000,0.100,0.100,0.100,1,24.9,102.0,763,804,16,114,0
12.22,climb_cruise,433.1,433.1,35029.0,176,-2.70,-69.81,337.53,4.64,15.0,125.0,0,0,1.73,-14.07,-3.65,-0.019,0.114,0.010,1.000,0.100,0.100,0.100,1,24.8,102.0,763,804,16,116,0
12.24,climb_cruise,433.1,433.1,35029.1,154,-2.76,-70.09,337.47,4.64,15.0,125.0,0,0,1.75,-14.07,-3.66,-0.019,0.114,0.010,1.000,0.100,0.100,0.100,1,24.8,102.0,763,804,16,115,0
12.26,climb_cruise,433.0,433.0,35029.1,131,-2.81,-70.37,337.42,4.65,15.0,125.0,0,0,1.77,-14.07,-3.66,-0.020,0.114,0.010,1.000,0.100,0.100,0.100,1,24.7,102.0,763,804,16,115,0
12.28,climb_cruise,433.0,433.0,35029.2,108,-2.87,-70.65,337.36,4.65,15.0,125.0,0,0,1.80,-14.07,-3.67,-0.021,0.114,0.010,1.000,0.100,0.100,0.100,1,24.7,102.0,763,804,16,114,0
12.30,climb_cruise,433.0,433.0,35029.2,85,-2.93,-70.92,337.30,4.66,15.0,125.0,0,0,1.82,-14.08,-3.68,-0.021,0.114,0.010,1.000,0.100,0.100,0.100,1,24.6,102.0,763,804,16,115,0
12.32,climb_cruise,432.9,432.9,35029.2,62,-2.99,-71.20,337.24,4.66,15.0,125.0,0,0,1.84,-14.08,-3.68,-0.022,0.114,0.010,1.000,0.100,0.100,0.100,1,24.6,102.0,763,804,16,116,0
12.34,climb_cruise,432.9,432.9,35029.3,38,-3.04,-71.48,337.18,4.67,15.0,125.0,0,0,1.87,-14.08,-3.69,-0.022,0.114,0.010,1.000,0.100,0.100,0.100,1,24.5,102.0,763,804,16,116,0
12.36,climb_cruise,432.9,432.9,35029.3,14,-3.10,-71.76,337.12,4.68,15.0,125.0,0,0,1.89,-14.09,-3.69,-0.023,0.114,0.010,1.000,0.100,0.100,0.100,1,24.5,102.0,763,804,16,115,0
12.38,climb_cruise,432.8,432.8,35029.3,-10,-3.16,-72.04,337.06,4.68,15.0,125.0,0,0,1.91,-14.09,-3.70,-0.024,0.114,0.010,1.000,0.100,0.100,0.100,1,24.4,102.0,763,804,16,115,0
12.40,climb_cruise,432.8,432.8,35029.3,-34,-3.22,-72.32,337.00,4.69,15.0,125.0,0,0,1.94,-14.09,-3.70,-0.025,0.114,0.010,1.000,0.100,0.100,0.100,1,24.4,102.0,763,804,16,116,0
12.42,climb_cruise,432.8,432.8,35029.2,-59,-3.28,-72.60,336.94,4.69,15.0,125.0,0,0,1.96,-14.10,-3.71,-0.025,0.114,0.010,1.000,0.100,0.100,0.100,1,24.3,102.0,763,804,16,114,0
12.44,climb_cruise,432.8,432.8,35029.2,-83,-3.34,-72.87,336.88,4.70,15.0,125.0,0,0,1.99,-14.10,-3.72,-0.026,0.114,0.010,1.000,0.100,0.100,0.100,1,24.3,102.0,763,804,16,116,0
12.46,climb_cruise,432.7,432.7,35029.2,-109,-3.40,-73.15,336.82,4.71,15.0,125.0,0,0,2.01,-14.10,-3.72,-0.027,0.114,0.010,1.000,0.100,0.100,0.100,1,24.2,102.0,763,804,16,115,0
12.48,climb_cruise,432.7,432.7,35029.1,-134,-3.46,-73.43,336.76,4.72,15.0,125.0,0,0,2.04,-14.11,-3.73,-0.028,0.114,0.010,1.000,0.100,0.100,0.100,1,24.2,102.0,763,804,16,114,0
12.50,climb_cruise,432.7,432.7,35029.1,-159,-3.52,-73.71,336.70,4.72,15.0,125.0,0,0,2.06,-14.11,-3.73,-0.028,0.114,0.010,1.000,0.100,0.100,0.100,1,24.1,102.0,763,804,16,116,0
12.52,climb_cruise,432.7,432.7,35029.0,-185,-3.58,-73.99,336.64,4.73,15.0,125.0,0,0,2.09,-14.11,-3.74,-0.029,0.114,0.010,1.000,0.100,0.100,0.100,1,24.1,102.0,763,804,16,115,0
12.54,climb_cruise,432.6,432.6,35029.0,-211,-3.64,-74.27,336.58,4.74,15.0,125.0,0,0,2.11,-14.12,-3.74,-0.030,0.114,0.010,1.000,0.100,0.100,0.100,1,24.0,102.0,763,804,16,115,0
12.56,climb_cruise,432.6,432.6,35028.9,-238,-3.70,-74.54,336.52,4.75,15.0,125.0,0,0,2.14,-14.12,-3.75,-0.031,0.114,0.010,1.000,0.100,0.100,0.100,1,24.0,102.0,763,804,16,116,0
12.58,climb_cruise,432.6,432.6,35028.8,-264,-3.76,-74.82,336.46,4.76,15.0,125.0,0,0,2.17,-14.12,-3.75,-0.032,0.114,0.010,1.000,0.100,0.100,0.100,1,23.9,102.0,763,804,16,116,0
12.60,climb_cruise,432.5,432.5,35028.7,-291,-3.82,-75.10,336.40,4.76,15.0,125.0,0,0,2.20,-14.13,-3.76,-0.033,0.114,0.010,1.000,0.100,0.100,0.100,1,23.9,102.0,763,804,16,115,0
12.62,climb_cruise,432.5,432.5,35028.6,-318,-3.88,-75.38,336.34,4.77,15.0,125.0,0,0,2.22,-14.13,-3.76,-0.034,0.114,0.010,1.000,0.100,0.100,0.100,1,23.8,102.0,763,804,16,115,0
12.64,climb_cruise,432.5,432.5,35028.5,-346,-3.94,-75.66,336.27,4.78,15.0,125.0,0,0,2.25,-14.13,-3.77,-0.035,0.114,0.010,1.000,0.100,0.100,0.100,1,23.8,102.0,763,804,16,115,0
12.66,climb_cruise,432.5,432.5,35028.4,-373,-4.01,-75.94,336.21,4.79,15.0,125.0,0,0,2.28,-14.14,-3.78,-0.035,0.114,0.010,1.000,0.100,0.100,0.100,1,23.7,102.0,763,804,16,116,0
12.68,climb_cruise,432.4,432.4,35028.3,-401,-4.07,-76.22,336.15,4.80,15.0,125.0,0,0,2.31,-14.14,-3.78,-0.036,0.114,0.010,1.000,0.100,0.100,0.100,1,23.7,102.0,763,804,16,114,0
12.70,climb_cruise,432.4,432.4,35028.1,-429,-4.13,-76.49,336.08,4.81,15.0,125.0,0,0,2.34,-14.15,-3.79,-0.037,0.114,0.011,1.000,0.100,0.100,0.100,1,23.6,102.0,763,804,16,115,0
12.72,climb_cruise,432.4,432.4,35028.0,-458,-4.19,-76.77,336.02,4.82,15.0,125.0,0,0,2.37,-14.15,-3.79,-0.038,0.114,0.011,1.000,0.100,0.100,0.100,1,23.6,102.0,763,804,16,115,0
12.74,climb_cruise,432.4,432.4,35027.8,-486,-4.26,-77.05,335.96,4.83,15.0,125.0,0,0,2.40,-14.15,-3.80,-0.039,0.114,0.011,1.000,0.100,0.100,0.100,1,23.6,102.0,763,804,16,116,0
12.76,climb_cruise,432.3,432.3,35027.7,-515,-4.32,-77.33,335.89,4.84,15.0,125.0,0,0,2.43,-14.16,-3.80,-0.040,0.114,0.011,1.000,0.100,0.100,0.100,1,23.5,102.0,763,804,16,116,0
12.78,climb_cruise,432.3,432.3,35027.5,-544,-4.38,-77.61,335.83,4.85,15.0,125.0,0,0,2.46,-14.16,-3.81,-0.041,0.114,0.011,1.000,0.100,0.100,0.100,1,23.5,102.0,763,804,16,116,0
12.80,climb_cruise,432.3,432.3,35027.3,-573,-4.45,-77.89,335.76,4.87,15.0,125.0,0,0,2.49,-14.17,-3.81,-0.043,0.114,0.011,1.000,0.100,0.100,0.100,1,23.4,102.0,763,804,16,114,0
12.82,climb_cruise,432.3,432.3,35027.1,-603,-4.51,-78.16,335.70,4.88,15.0,125.0,0,0,2.52,-14.17,-3.82,-0.044,0.114,0.011,1.000,0.100,0.100,0.100,1,23.4,102.0,763,804,16,116,0
12.84,climb_cruise,432.2,432.2,35026.9,-633,-4.58,-78.44,335.63,4.89,15.0,125.0,0,0,2.55,-14.17,-3.82,-0.045,0.114,0.011,1.000,0.100,0.100,0.100,1,23.3,102.0,763,804,16,115,0
12.86,climb_cruise,432.2,432.2,35026.7,-663,-4.64,-78.72,335.57,4.90,15.0,125.0,0,0,2.58,-14.18,-3.83,-0.046,0.114,0.011,1.000,0.100,0.100,0.100,1,23.3,102.0,763,804,16,116,0
12.88,climb_cruise,432.2,432.2,35026.5,-694,-4.71,-79.00,335.50,4.91,15.0,125.0,0,0,2.61,-14.18,-3.84,-0.047,0.114,0.011,1.000,0.100,0.100,0.100,1,23.2,102.0,763,804,16,116,0
12.90,climb_cruise,432.2,432.2,35026.2,-724,-4.77,-79.28,335.44,4.93,15.0,125.0,0,0,2.65,-14.19,-3.84,-0.048,0.114,0.011,1.000,0.100,0.100,0.100,1,23.2,102.0,763,804,16,116,0
12.92,climb_cruise,432.1,432.1,35026.0,-755,-4.84,-79.55,335.37,4.94,15.0,125.0,0,0,2.68,-14.19,-3.85,-0.049,0.114,0.011,1.000,0.100,0.100,0.100,1,23.1,102.0,763,804,16,114,0
12.94,climb_cruise,432.1,432.1,35025.7,-786,-4.90,-79.83,335.30,4.95,15.0,125.0,0,0,2.71,-14.20,-3.85,-0.050,0.114,0.011,1.000,0.100,0.100,0.100,1,23.1,102.0,763,804,16,115,0
12.96,climb_cruise,432.1,432.1,35025.5,-818,-4.97,-80.11,335.24,4.97,15.0,125.0,0,0,2.75,-14.20,-3.86,-0.052,0.114,0.011,1.000,0.100,0.100,0.100,1,23.0,102.0,763,804,16,116,0
12.98,climb_cruise,432.1,432.1,35025.2,-849,-5.04,-80.39,335.17,4.98,15.0,125.0,0,0,2.78,-14.20,-3.86,-0.053,0.114,0.011,1.000,0.100,0.100,0.100,1,23.0,102.0,763,804,16,114,0
13.00,climb_cruise,432.1,432.1,35024.9,-881,-5.10,-80.67,335.10,5.00,15.0,125.0,0,0,2.82,-14.21,-3.87,-0.054,0.114,0.011,1.000,0.100,0.100,0.100,1,22.9,102.0,763,804,16,115,0
13.02,climb_cruise,432.0,432.0,35024.6,-914,-5.17,-80.95,335.03,5.01,15.0,125.0,0,0,2.85,-14.21,-3.87,-0.055,0.114,0.011,1.000,0.100,0.100,0.100,1,22.9,102.0,763,804,16,115,0
13.04,climb_cruise,432.0,432.0,35024.3,-946,-5.24,-81.22,334.96,5.03,15.0,125.0,0,0,2.89,-14.22,-3.88,-0.057,0.114,0.011,1.000,0.100,0.100,0.100,1,22.9,102.0,763,804,16,114,0
13.06,climb_cruise,432.0,432.0,35024.0,-979,-5.31,-81.50,334.89,5.04,15.0,125.0,0,0,2.92,-14.22,-3.89,-0.058,0.114,0.011,1.000,0.100,0.100,0.100,1,22.8,102.0,763,804,16,114,0
13.08,climb_cruise,432.0,432.0,35023.6,-1012,-5.38,-81.78,334.82,5.06,15.0,125.0,0,0,2.96,-14.23,-3.89,-0.059,0.114,0.011,1.000,0.100,0.100,0.100,1,22.8,102.0,763,804,16,115,0
13.10,climb_cruise,431.9,431.9,35023.3,-1045,-5.44,-82.06,334.75,5.08,15.0,125.0,0,0,3.00,-14.23,-3.90,-0.061,0.114,0.011,1.000,0.100,0.100,0.100,1,22.7,102.0,763,804,16,116,0
13.12,climb_cruise,431.9,431.9,35022.9,-1078,-5.51,-82.34,334.68,5.09,15.0,125.0,0,0,3.03,-14.24,-3.90,-0.062,0.114,0.011,1.000,0.100,0.100,0.100,1,22.7,102.0,763,804,16,116,0
13.14,climb_cruise,431.9,431.9,35022.6,-1112,-5.58,-82.61,334.61,5.11,15.0,125.0,0,0,3.07,-14.24,-3.91,-0.064,0.114,0.011,1.000,0.100,0.100,0.100,1,22.6,102.0,763,804,16,114,0
13.16,climb_cruise,431.9,431.9,35022.2,-1146,-5.65,-82.89,334.54,5.13,15.0,125.0,0,0,3.11,-14.25,-3.91,-0.065,0.114,0.011,1.000,0.100,0.100,0.100,1,22.6,102.0,763,804,16,114,0
13.18,climb_cruise,431.9,431.9,35021.8,-1181,-5.72,-83.17,334.47,5.15,15.0,125.0,0,0,3.15,-14.26,-3.92,-0.067,0.114,0.011,1.000,0.100,0.100,0.100,1,22.5,102.0,763,804,16,115,0
13.20,climb_cruise,431.8,431.8,35021.4,-1215,-5.79,-83.45,334.39,5.16,15.0,125.0,0,0,3.19,-14.26,-3.93,-0.068,0.114,0.011,1.000,0.100,0.100,0.100,1,22.5,102.0,763,804,16,116,0
13.22,climb_cruise,431.8,431.8,35021.0,-1250,-5.86,-83.72,334.32,5.18,15.0,125.0,0,0,3.22,-14.27,-3.93,-0.069,0.114,0.011,1.000,0.100,0.100,0.100,1,22.4,102.0,763,804,16,115,0
13.24,climb_cruise,431.8,431.8,35020.6,-1285,-5.94,-84.00,334.25,5.20,15.0,125.0,0,0,3.26,-14.27,-3.94,-0.071,0.114,0.011,1.000,0.100,0.100,0.100,1,22.4,102.0,763,804,16,114,0
13.26,climb_cruise,431.8,431.8,35020.2,-1321,-6.01,-84.28,334.18,5.22,15.0,125.0,0,0,3.30,-14.28,-3.94,-0.073,0.114,0.011,1.000,0.100,0.100,0.100,1,22.4,102.0,763,804,16,115,0
13.28,climb_cruise,431.8,431.8,35019.7,-1356,-6.08,-84.56,334.10,5.24,15.0,125.0,0,0,3.35,-14.28,-3.95,-0.074,0.114,0.011,1.000,0.100,0.100,0.100,1,22.3,102.0,763,804,16,115,0
13.30,climb_cruise,431.7,431.7,35019.3,-1392,-6.15,-84.84,334.03,5.26,15.0,125.0,0,0,3.39,-14.29,-3.95,-0.076,0.114,0.011,1.000,0.100,0.100,0.100,1,22.3,102.0,763,804,16,114,0
13.32,climb_cruise,431.7,431.7,35018.8,-1428,-6.22,-85.11,333.95,5.28,15.0,125.0,0,0,3.43,-14.30,-3.96,-0.077,0.114,0.011,1.000,0.100,0.100,0.100,1,22.2,102.0,763,804,16,116,0
13.34,climb_cruise,431.7,431.7,35018.3,-1465,-6.30,-85.39,333.88,5.30,15.0,125.0,0,0,3.47,-14.30,-3.97,-0.079,0.114,0.011,1.000,0.100,0.100,0.100,1,22.2,102.0,763,804,16,114,0
13.36,climb_cruise,431.7,431.7,35017.8,-1502,-6.37,-85.67,333.80,5.33,15.0,125.0,0,0,3.50,-14.31,-3.97,-0.079,0.114,0.011,1.000,0.100,0.100,0.100,1,22.1,102.0,763,804,16,115,0
13.38,climb_cruise,431.7,431.7,35017.3,-1539,-6.45,-85.95,333.72,5.35,15.0,125.0,0,0,3.52,-14.32,-3.98,-0.079,0.114,0.011,1.000,0.100,0.100,0.100,1,22.1,102.0,763,804,16,116,0
13.40,climb_cruise,431.6,431.6,35016.8,-1576,-6.52,-86.22,333.65,5.37,15.0,125.0,0,0,3.53,-14.32,-3.99,-0.079,0.114,0.011,1.000,0.100,0.100,0.100,1,22.0,102.0,763,804,16,114,0
13.42,climb_cruise,431.6,431.6,35016.3,-1613,-6.60,-86.50,333.57,5.39,15.0,125.0,0,0,3.53,-14.33,-3.99,-0.079,0.114,0.011,1.000,0.100,0.100,0.100,1,22.0,102.0,763,804,16,115,0
13.44,climb_cruise,431.6,431.6,35015.7,-1651,-6.67,-86.78,333.49,5.41,15.0,125.0,0,0,3.53,-14.33,-4.00,-0.079,0.114,0.011,1.000,0.100,0.100,0.100,1,22.0,102.0,763,804,16,115,0
13.46,climb_cruise,431.6,431.6,35015.2,-1689,-6.75,-87.06,333.42,5.43,15.0,125.0,0,0,3.53,-14.34,-4.01,-0.079,0.114,0.011,1.000,0.100,0.100,0.100,1,21.9,102.0,763,804,16,115,0
13.48,climb_cruise,431.6,431.6,35014.6,-1728,-6.82,-87.34,333.34,5.45,15.0,125.0,0,0,3.53,-14.35,-4.01,-0.079,0.114,0.011,1.000,0.100,0.100,0.100,1,21.9,102.0,763,804,16,115,0
13.50,climb_cruise,431.6,431.6,35014.0,-1767,-6.90,-87.61,333.27,5.47,15.0,125.0,0,0,3.52,-14.35,-4.02,-0.079,0.114,0.011,1.000,0.100,0.100,0.100,1,21.8,102.0,763,804,16,116,0
13.52,climb_cruise,431.5,431.5,35013.4,-1806,-6.98,-87.89,333.20,5.49,15.0,125.0,0,0,3.51,-14.36,-4.02,-0.079,0.114,0.011,1.000,0.100,0.100,0.100,1,21.8,102.0,763,804,16,115,0
13.54,climb_cruise,431.5,431.5,35012.8,-1845,-7.06,-88.17,333.12,5.51,15.0,125.0,0,0,3.51,-14.37,-4.03,-0.079,0.114,0.011,1.000,0.100,0.100,0.100,1,21.7,102.0,763,804,16,114,0
13.56,climb_cruise,431.5,431.5,35012.2,-1884,-7.13,-88.45,333.05,5.53,15.0,125.0,0,0,3.51,-14.37,-4.04,-0.079,0.114,0.011,1.000,0.100,0.100,0.100,1,21.7,102.0,763,804,16,116,0
13.58,climb_cruise,431.5,431.5,35011.6,-1924,-7.21,-88.73,332.98,5.55,15.0,125.0,0,0,3.51,-14.38,-4.04,-0.079,0.114,0.011,1.000,0.100,0.100,0.100,1,21.7,102.0,763,804,16,114,0
13.60,climb_cruise,431.5,431.5,35010.9,-1964,-7.29,-89.01,332.90,5.57,15.0,125.0,0,0,3.51,-14.39,-4.05,-0.079,0.114,0.011,1.000,0.100,0.100,0.100,1,21.6,102.0,763,804,16,115,0
13.62,climb_cruise,431.5,431.5,35010.2,-2005,-7.37,-89.28,332.83,5.58,15.0,125.0,0,0,3.51,-14.39,-4.06,-0.079,0.114,0.011,1.000,0.100,0.100,0.100,1,21.6,102.0,763,804,16,116,0
13.64,climb_cruise,431.5,431.5,35009.6,-2045,-7.45,-89.56,332.76,5.60,15.0,125.0,0,0,3.52,-14.40,-4.06,-0.079,0.114,0.011,1.000,0.100,0.100,0.100,1,21.5,102.0,763,804,16,115,0
13.66,climb_cruise,431.4,431.4,35008.9,-2086,-7.53,-89.84,332.69,5.62,15.0,125.0,0,0,3.53,-14.40,-4.07,-0.079,0.114,0.011,1.000,0.100,0.100,0.100,1,21.5,102.0,763,804,16,116,0
13.68,climb_cruise,431.4,431.4,35008.2,-2128,-7.62,-90.12,332.62,5.63,15.0,125.0,0,0,3.54,-14.41,-4.08,-0.079,0.114,0.011,1.000,0.100,0.100,0.100,1,21.4,102.0,763,804,16,115,0
13.70,climb_cruise,431.4,431.4,35007.5,-2169,-7.70,-90.40,332.55,5.65,15.0,125.0,0,0,3.56,-14.42,-4.08,-0.079,0.114,0.011,1.000,0.100,0.100,0.100,1,21.4,102.0,763,804,16,116,0
13.72,climb_cruise,431.4,431.4,35006.7,-2211,-7.78,-90.68,332.47,5.67,15.0,125.0,0,0,3.58,-14.42,-4.09,-0.079,0.114,0.011,1.000,0.100,0.100,0.100,1,21.4,102.0,763,804,16,114,0
13.74,climb_cruise,431.4,431.4,35006.0,-2253,-7.86,-90.96,332.40,5.68,15.0,125.0,0,0,3.60,-14.43,-4.09,-0.079,0.114,0.011,1.000,0.100,0.100,0.100,1,21.3,102.0,763,804,16,115,0
13.76,climb_cruise,431.4,431.4,35005.2,-2296,-7.95,-91.24,332.33,5.70,15.0,125.0,0,0,3.62,-14.43,-4.10,-0.079,0.114,0.011,1.000,0.100,0.100,0.100,1,21.3,102.0,763,804,16,114,0
13.78,climb_cruise,431.4,431.4,35004.5,-2338,-8.03,-91.51,332.26,5.72,15.0,125.0,0,0,3.64,-14.44,-4.10,-0.079,0.114,0.011,1.000,0.100,0.100,0.100,1,21.2,102.0,763,804,16,114,0
13.80,climb_cruise,431.3,431.3,35003.7,-2382,-8.11,-91.79,332.19,5.73,15.0,125.0,0,0,3.66,-14.45,-4.11,-0.079,0.114,0.011,1.000,0.100,0.100,0.100,1,21.2,102.0,763,804,16,116,0
13.82,climb_cruise,431.3,431.3,35002.9,-2425,-8.20,-92.07,332.12,5.75,15.0,125.0,0,0,3.68,-14.45,-4.11,-0.079,0.114,0.011,1.000,0.100,0.100,0.100,1,21.1,102.0,763,804,16,115,0
13.84,climb_cruise,431.3,431.3,35002.1,-2469,-8.28,-92.35,332.05,5.77,15.0,125.0,0,0,3.71,-14.46,-4.12,-0.079,0.114,0.011,1.000,0.100,0.100,0.100,1,21.1,102.0,763,804,16,115,0
13.86,climb_cruise,431.3,431.3,35001.2,-2512,-8.37,-92.63,331.97,5.78,15.0,125.0,0,0,3.73,-14.46,-4.12,-0.079,0.114,0.011,1.000,0.100,0.100,0.100,1,21.1,102.0,763,804,16,114,0
13.88,climb_cruise,431.3,431.3,35000.4,-2557,-8.46,-92.91,331.90,5.80,15.0,125.0,0,0,3.75,-14.47,-4.12,-0.079,0.114,0.011,1.000,0.100,0.100,0.100,1,21.0,102.0,763,804,16,115,0
13.90,climb_cruise,431.3,431.3,34999.5,-2601,-8.54,-93.19,331.83,5.82,15.0,125.0,0,0,3.77,-14.47,-4.13,-0.079,0.114,0.011,1.000,0.100,0.100,0.100,1,21.0,102.0,763,804,16,114,0
13.92,climb_cruise,431.3,431.3,34998.7,-2646,-8.63,-93.47,331.76,5.83,15.0,125.0,0,0,3.80,-14.48,-4.13,-0.079,0.114,0.011,1.000,0.100,0.100,0.100,1,20.9,102.0,763,804,16,116,0
13.94,climb_cruise,431.3,431.3,34997.8,-2691,-8.72,-93.75,331.69,5.85,15.0,125.0,0,0,3.82,-14.48,-4.14,-0.079,0.114,0.011,1.000,0.100,0.100,0.100,1,20.9,102.0,763,804,16,114,0
13.96,climb_cruise,431.3,431.3,34996.9,-2737,-8.80,-94.02,331.62,5.87,15.0,125.0,0,0,3.84,-14.49,-4.14,-0.079,0.114,0.011,1.000,0.100,0.100,0.100,1,20.8,102.0,763,804,16,115,0
13.98,climb_cruise,431.2,431.2,34996.0,-2782,-8.89,-94.30,331.55,5.89,15.0,125.0,0,0,3.86,-14.50,-4.14,-0.079,0.114,0.011,1.000,0.100,0.100,0.100,1,20.8,102.0,763,804,16,114,0
14.00,climb_cruise,431.2,431.2,34995.0,-2829,-8.98,-94.58,331.47,5.90,15.0,125.0,0,0,3.88,-14.50,-4.15,-0.079,0.114,0.011,1.000,0.100,0.100,0.100,1,20.8,102.0,763,804,16,116,0
14.02,climb_cruise,431.2,431.2,34994.1,-2875,-9.07,-94.86,331.40,5.92,15.0,125.0,0,0,3.90,-14.51,-4.15,-0.079,0.114,0.011,1.000,0.100,0.100,0.100,1,20.7,102.0,763,804,16,116,0
14.04,climb_cruise,431.2,431.2,34993.1,-2922,-9.16,-95.14,331.33,5.94,15.0,125.0,0,0,3.92,-14.51,-4.15,-0.079,0.114,0.011,1.000,0.100,0.100,0.100,1,20.7,102.0,763,804,16,115,0
14.06,climb_cruise,431.2,431.2,34992.1,-2969,-9.25,-95.42,331.26,5.96,15.0,125.0,0,0,3.94,-14.52,-4.16,-0.079,0.114,0.011,1.000,0.100,0.100,0.100,1,20.6,102.0,763,804,16,116,0
14.08,climb_cruise,431.2,431.2,34991.1,-3016,-9.34,-95.70,331.19,5.97,15.0,125.0,0,0,3.96,-14.52,-4.16,-0.079,0.114,0.011,1.000,0.100,0.100,0.100,1,20.6,102.0,763,804,16,115,0
14.10,climb_cruise,431.2,431.2,34990.1,-3063,-9.43,-95.98,331.12,5.99,15.0,125.0,0,0,3.98,-14.53,-4.16,-0.079,0.114,0.011,1.000,0.100,0.100,0.100,1,20.6,102.0,763,804,16,114,0
14.12,climb_cruise,431.2,431.2,34989.1,-3111,-9.52,-96.25,331.04,6.01,15.0,125.0,0,0,3.99,-14.53,-4.17,-0.079,0.114,0.011,1.000,0.100,0.100,0.100,1,20.5,102.0,763,804,16,114,0
14.14,climb_cruise,431.2,431.2,34988.1,-3159,-9.61,-96.53,330.97,6.03,15.0,125.0,0,0,4.01,-14.54,-4.17,-0.079,0.114,0.011,1.000,0.100,0.100,0.100,1,20.5,102.0,763,804,16,115,0
14.16,climb_cruise,431.2,431.2,34987.0,-3208,-9.71,-96.81,330.90,6.04,15.0,125.0,0,0,4.03,-14.54,-4.17,-0.079,0.114,0.011,1.000,0.100,0.100,0.100,1,20.4,102.0,763,804,16,116,0
14.18,climb_cruise,431.2,431.2,34985.9,-3257,-9.80,-97.09,330.83,6.06,15.0,125.0,0,0,4.05,-14.55,-4.18,-0.079,0.114,0.011,1.000,0.100,0.100,0.100,1,20.4,102.0,763,804,16,116,0
14.20,climb_cruise,431.2,431.2,34984.8,-3306,-9.89,-97.37,330.76,6.08,15.0,125.0,0,0,4.07,-14.55,-4.18,-0.079,0.114,0.011,1.000,0.100,0.100,0.100,1,20.4,102.0,763,804,16,115,0
14.22,climb_cruise,431.1,431.1,34983.7,-3355,-9.99,-97.65,330.69,6.10,15.0,125.0,0,0,4.08,-14.56,-4.18,-0.079,0.114,0.011,1.000,0.100,0.100,0.100,1,20.3,102.0,763,804,16,115,0
14.24,climb_cruise,431.1,431.1,34982.6,-3405,-10.08,-97.93,330.62,6.11,15.0,125.0,0,0,4.10,-14.56,-4.19,-0.079,0.114,0.012,1.000,0.100,0.100,0.100,1,20.3,102.0,763,804,16,115,0
14.26,climb_cruise,431.1,431.1,34981.4,-3455,-10.17,-98.21,330.55,6.13,15.0,125.0,0,0,4.12,-14.57,-4.19,-0.079,0.114,0.012,1.000,0.100,0.100,0.100,1,20.2,102.0,763,804,16,115,0
14.28,climb_cruise,431.1,431.1,34980.3,-3506,-10.27,-98.49,330.48,6.15,15.0,125.0,0,0,4.14,-14.57,-4.19,-0.079,0.114,0.012,1.000,0.100,0.100,0.100,1,20.2,102.0,763,804,16,115,0
14.30,climb_cruise,431.1,431.1,34979.1,-3556,-10.36,-98.76,330.41,6.16,15.0,125.0,0,0,4.16,-14.58,-4.19,-0.079,0.114,0.012,1.000,0.100,0.100,0.100,1,20.2,102.0,763,804,16,114,0
14.32,climb_cruise,431.1,431.1,34977.9,-3607,-10.46,-99.04,330.34,6.18,15.0,125.0,0,0,4.17,-14.58,-4.20,-0.079,0.114,0.012,1.000,0.100,0.100,0.100,1,20.1,102.0,763,804,16,114,0
14.34,climb_cruise,431.1,431.1,34976.7,-3659,-10.56,-99.32,330.26,6.20,15.0,125.0,0,0,4.19,-14.59,-4.20,-0.079,0.114,0.012,1.000,0.100,0.100,0.100,1,20.1,102.0,763,804,16,114,0
14.36,climb_cruise,431.1,431.1,34975.5,-3710,-10.65,-99.60,330.19,6.22,15.0,125.0,0,0,4.21,-14.59,-4.20,-0.079,0.114,0.012,1.000,0.100,0.100,0.100,1,20.0,102.0,763,804,16,115,0
14.38,climb_cruise,431.1,431.1,34974.2,-3762,-10.75,-99.88,330.12,6.23,15.0,125.0,0,0,4.23,-14.60,-4.20,-0.079,0.114,0.012,1.000,0.100,0.100,0.100,1,20.0,102.0,763,804,16,116,0
14.40,climb_cruise,431.1,431.1,34973.0,-3815,-10.85,-100.16,330.05,6.25,15.0,125.0,0,0,4.25,-14.60,-4.21,-0.079,0.114,0.012,1.000,0.100,0.100,0.100,1,19.9,102.0,763,804,16,115,0
14.42,climb_cruise,431.1,431.1,34971.7,-3867,-10.95,-100.44,329.98,6.27,15.0,125.0,0,0,4.27,-14.61,-4.21,-0.079,0.114,0.012,1.000,0.100,0.100,0.100,1,19.9,102.0,763,804,16,114,0
14.44,climb_cruise,431.1,431.1,34970.4,-3920,-11.04,-100.72,329.91,6.29,15.0,125.0,0,0,4.29,-14.61,-4.21,-0.079,0.114,0.012,1.000,0.100,0.100,0.100,1,19.9,102.0,763,804,16,116,0
14.46,climb_cruise,431.1,431.1,34969.1,-3973,-11.14,-101.00,329.84,6.30,15.0,125.0,0,0,4.30,-14.62,-4.21,-0.079,0.114,0.012,1.000,0.100,0.100,0.100,1,19.8,102.0,763,804,16,115,0
14.48,climb_cruise,431.1,431.1,34967.8,-4027,-11.24,-101.27,329.77,6.32,15.0,125.0,0,0,4.32,-14.62,-4.22,-0.079,0.114,0.012,1.000,0.100,0.100,0.100,1,19.8,102.0,763,804,16,115,0
14.50,climb_cruise,431.1,431.1,34966.4,-4081,-11.34,-101.55,329.71,6.34,15.0,125.0,0,0,4.34,-14.63,-4.22,-0.079,0.114,0.012,1.000,0.100,0.100,0.100,1,19.8,102.0,763,804,16,115,0
14.52,climb_cruise,431.1,431.1,34965.0,-4135,-11.44,-101.83,329.64,6.35,15.0,125.0,0,0,4.36,-14.63,-4.22,-0.079,0.114,0.012,1.000,0.100,0.100,0.100,1,19.7,102.0,763,804,16,115,0
14.54,climb_cruise,431.1,431.1,34963.7,-4189,-11.54,-102.11,329.57,6.37,15.0,125.0,0,0,4.38,-14.63,-4.22,-0.079,0.114,0.012,1.000,0.100,0.100,0.100,1,19.7,102.0,763,804,16,116,0
14.56,climb_cruise,431.1,431.1,34962.3,-4244,-11.64,-102.39,329.50,6.39,15.0,125.0,0,0,4.40,-14.64,-4.22,-0.079,0.114,0.012,1.000,0.100,0.100,0.100,1,19.6,102.0,763,804,16,116,0
14.58,climb_cruise,431.1,431.1,34960.8,-4299,-11.75,-102.67,329.43,6.41,15.0,125.0,0,0,4.42,-14.64,-4.22,-0.079,0.114,0.012,1.000,0.100,0.100,0.100,1,19.6,102.0,763,804,16,114,0
14.60,climb_cruise,431.1,431.1,34959.4,-4355,-11.85,-102.95,329.36,6.42,15.0,125.0,0,0,4.43,-14.65,-4.23,-0.079,0.114,0.012,1.000,0.100,0.100,0.100,1,19.6,102.0,763,804,16,115,0
14.62,climb_cruise,431.1,431.1,34957.9,-4411,-11.95,-103.23,329.29,6.44,15.0,125.0,0,0,4.45,-14.65,-4.23,-0.079,0.114,0.012,1.000,0.100,0.100,0.100,1,19.5,102.0,763,804,16,114,0
14.64,climb_cruise,431.1,431.1,34956.5,-4467,-12.05,-103.50,329.22,6.46,15.0,125.0,0,0,4.47,-14.66,-4.23,-0.079,0.114,0.012,1.000,0.100,0.100,0.100,1,19.5,102.0,763,804,16,115,0
14.66,climb_cruise,431.1,431.1,34955.0,-4523,-12.16,-103.78,329.15,6.48,15.0,125.0,0,0,4.49,-14.66,-4.23,-0.079,0.114,0.012,1.000,0.100,0.100,0.100,1,19.4,102.0,763,804,16,115,0
14.68,climb_cruise,431.1,431.1,34953.4,-4580,-12.26,-104.06,329.08,6.49,15.0,125.0,0,0,4.51,-14.67,-4.23,-0.079,0.114,0.012,1.000,0.100,0.100,0.100,1,19.4,102.0,763,804,16,115,0
14.70,climb_cruise,431.1,431.1,34951.9,-4637,-12.36,-104.34,329.02,6.51,15.0,125.0,0,0,4.53,-14.67,-4.23,-0.079,0.114,0.012,1.000,0.100,0.100,0.100,1,19.4,102.0,763,804,16,114,0
14.72,climb_cruise,431.1,431.1,34950.4,-4694,-12.47,-104.62,328.95,6.53,15.0,125.0,0,0,4.55,-14.67,-4.23,-0.079,0.114,0.012,1.000,0.100,0.100,0.100,1,19.3,102.0,763,804,16,115,0
14.74,climb_cruise,431.1,431.1,34948.8,-4752,-12.57,-104.90,328.88,6.54,15.0,125.0,0,0,4.57,-14.68,-4.24,-0.079,0.114,0.012,1.000,0.100,0.100,0.100,1,19.3,102.0,763,804,16,116,0
14.76,climb_cruise,431.1,431.1,34947.2,-4810,-12.68,-105.18,328.81,6.56,15.0,125.0,0,0,4.58,-14.68,-4.24,-0.079,0.114,0.012,1.000,0.100,0.100,0.100,1,19.2,102.0,763,804,16,115,0
14.78,climb_cruise,431.1,431.1,34945.6,-4868,-12.79,-105.46,328.74,6.58,15.0,125.0,0,0,4.60,-14.69,-4.24,-0.079,0.114,0.012,1.000,0.100,0.100,0.100,1,19.2,102.0,763,804,16,115,0
14.80,climb_cruise,431.1,431.1,34944.0,-4927,-12.89,-105.73,328.68,6.60,15.0,125.0,0,0,4.62,-14.69,-4.24,-0.079,0.114,0.012,1.000,0.100,0.100,0.100,1,19.2,102.0,763,804,16,116,0
14.82,climb_cruise,431.1,431.1,34942.3,-4986,-13.00,-106.01,328.61,6.61,15.0,125.0,0,0,4.64,-14.69,-4.24,-0.079,0.114,0.012,1.000,0.100,0.100,0.100,1,19.1,102.0,763,804,16,114,0
14.84,climb_cruise,431.2,431.2,34940.6,-5046,-13.11,-106.29,328.54,6.63,15.0,125.0,0,0,4.66,-14.70,-4.24,-0.079,0.114,0.012,1.000,0.100,0.100,0.100,1,19.1,102.0,763,804,16,116,0
14.86,climb_cruise,431.2,431.2,34938.9,-5105,-13.21,-106.57,328.47,6.65,15.0,125.0,0,0,4.68,-14.70,-4.24,-0.079,0.114,0.012,1.000,0.100,0.100,0.100,1,19.1,102.0,763,804,16,114,0
14.88,climb_cruise,431.2,431.2,34937.2,-5165,-13.32,-106.85,328.41,6.67,15.0,125.0,0,0,4.69,-14.71,-4.24,-0.079,0.114,0.012,1.000,0.100,0.100,0.100,1,19.0,102.0,763,804,16,115,0
14.90,climb_cruise,431.2,431.2,34935.5,-5226,-13.43,-107.13,328.34,6.68,15.0,125.0,0,0,4.71,-14.71,-4.24,-0.079,0.114,0.012,1.000,0.100,0.100,0.100,1,19.0,102.0,763,804,16,115,0
14.92,climb_cruise,431.2,431.2,34933.8,-5286,-13.54,-107.41,328.27,6.70,15.0,125.0,0,0,4.73,-14.71,-4.24,-0.079,0.114,0.012,1.000,0.100,0.100,0.100,1,18.9,102.0,763,804,16,116,0
14.94,climb_cruise,431.2,431.2,34932.0,-5347,-13.65,-107.68,328.20,6.72,15.0,125.0,0,0,4.75,-14.72,-4.24,-0.079,0.114,0.012,1.000,0.100,0.100,0.100,1,18.9,102.0,763,804,16,114,0
14.96,climb_cruise,431.2,431.2,34930.2,-5408,-13.76,-107.96,328.14,6.73,15.0,125.0,0,0,4.77,-14.72,-4.24,-0.079,0.114,0.012,1.000,0.100,0.100,0.100,1,18.9,102.0,763,804,16,114,0
14.98,climb_cruise,431.2,431.2,34928.4,-5470,-13.87,-108.24,328.07,6.75,15.0,125.0,0,0,4.79,-14.73,-4.24,-0.079,0.114,0.012,1.000,0.100,0.100,0.100,1,18.8,102.0,763,804,16,116,0
15.00,climb_cruise,431.2,431.2,34926.6,-5532,-13.98,-108.52,328.01,6.77,15.0,125.0,0,0,4.80,-14.73,-4.24,-0.079,0.114,0.012,1.000,0.100,0.100,0.100,1,18.8,102.0,763,804,16,115,0
15.02,climb_cruise,431.2,431.2,34924.7,-5594,-14.09,-108.80,327.94,6.79,15.0,125.0,0,0,4.82,-14.73,-4.24,-0.079,0.114,0.012,1.000,0.100,0.100,0.100,1,18.8,102.0,763,804,16,114,0
15.04,climb_cruise,431.2,431.2,34922.8,-5657,-14.20,-109.08,327.87,6.80,15.0,125.0,0,0,4.84,-14.74,-4.24,-0.079,0.114,0.012,1.000,0.100,0.100,0.100,1,18.7,102.0,763,804,16,114,0
15.06,climb_cruise,431.2,431.2,34920.9,-5720,-14.32,-109.36,327.81,6.82,15.0,125.0,0,0,4.86,-14.74,-4.24,-0.079,0.114,0.012,1.000,0.100,0.100,0.100,1,18.7,102.0,763,804,16,116,0
15.08,climb_cruise,431.3,431.3,34919.0,-5783,-14.43,-109.64,327.74,6.84,15.0,125.0,0,0,4.88,-14.74,-4.24,-0.079,0.114,0.012,1.000,0.100,0.100,0.100,1,18.6,102.0,763,804,16,116,0
15.10,climb_cruise,431.3,431.3,34917.1,-5847,-14.54,-109.91,327.68,6.86,15.0,125.0,0,0,4.90,-14.75,-4.24,-0.079,0.114,0.012,1.000,0.100,0.100,0.100,1,18.6,102.0,763,804,16,116,0
15.12,climb_cruise,431.3,431.3,34915.1,-5911,-14.65,-110.19,327.61,6.87,15.0,125.0,0,0,4.91,-14.75,-4.24,-0.079,0.114,0.012,1.000,0.100,0.100,0.100,1,18.6,102.0,763,804,16,115,0
15.14,climb_cruise,431.3,431.3,34913.2,-5975,-14.77,-110.47,327.55,6.89,15.0,125.0,0,0,4.93,-14.75,-4.24,-0.079,0.114,0.012,1.000,0.100,0.100,0.100,1,18.5,102.0,763,804,16,114,0
15.16,climb_cruise,431.3,431.3,34911.2,-6039,-14.88,-110.75,327.48,6.91,15.0,125.0,0,0,4.95,-14.76,-4.24,-0.079,0.114,0.012,1.000,0.100,0.100,0.100,1,18.5,102.0,763,804,16,116,0
15.18,climb_cruise,431.3,431.3,34909.1,-6104,-15.00,-111.03,327.42,6.92,15.0,125.0,0,0,4.97,-14.76,-4.24,-0.079,0.114,0.012,1.000,0.100,0.100,0.100,1,18.5,102.0,763,804,16,115,0
15.20,climb_cruise,431.3,431.3,34907.1,-6170,-15.11,-111.31,327.35,6.94,15.0,125.0,0,0,4.99,-14.76,-4.24,-0.079,0.114,0.012,1.000,0.100,0.100,0.100,1,18.4,102.0,763,804,16,114,0
15.22,climb_cruise,431.3,431.3,34905.0,-6235,-15.23,-111.58,327.29,6.96,15.0,125.0,0,0,5.00,-14.77,-4.24,-0.079,0.114,0.012,1.000,0.100,0.100,0.100,1,18.4,102.0,763,804,16,116,0
15.24,climb_cruise,431.4,431.4,34902.9,-6301,-15.34,-111.86,327.23,6.98,15.0,125.0,0,0,5.02,-14.77,-4.24,-0.079,0.114,0.012,1.000,0.100,0.100,0.100,1,18.3,102.0,763,804,16,116,0
15.26,climb_cruise,431.4,431.4,34900.8,-6367,-15.46,-112.14,327.16,6.99,15.0,125.0,0,0,5.04,-14.77,-4.24,-0.079,0.114,0.012,1.000,0.100,0.100,0.100,1,18.3,102.0,763,804,16,114,0
15.28,climb_cruise,431.4,431.4,34898.7,-6434,-15.58,-112.42,327.10,7.01,15.0,125.0,0,0,5.06,-14.78,-4.24,-0.079,0.114,0.012,1.000,0.100,0.100,0.100,1,18.3,102.0,763,804,16,114,0
15.30,climb_cruise,431.4,431.4,34896.5,-6501,-15.69,-112.70,327.03,7.03,15.0,125.0,0,0,5.08,-14.78,-4.24,-0.079,0.114,0.012,1.000,0.100,0.100,0.100,1,18.2,102.0,763,804,16,114,0
15.32,climb_cruise,431.4,431.4,34894.4,-6568,-15.81,-112.98,326.97,7.05,15.0,125.0,0,0,5.10,-14.78,-4.24,-0.079,0.114,0.012,1.000,0.100,0.100,0.100,1,18.2,102.0,763,804,16,114,0
15.34,climb_cruise,431.4,431.4,34892.2,-6635,-15.93,-113.26,326.91,7.06,15.0,125.0,0,0,5.11,-14.79,-4.24,-0.079,0.114,0.012,1.000,0.100,0.100,0.100,1,18.2,102.0,763,804,16,116,0
15.36,climb_cruise,431.5,431.5,34889.9,-6703,-16.05,-113.53,326.85,7.08,15.0,125.0,0,0,5.13,-14.79,-4.24,-0.079,0.114,0.012,1.000,0.100,0.100,0.100,1,18.1,102.0,763,804,16,114,0
15.38,climb_cruise,431.5,431.5,34887.7,-6771,-16.17,-113.81,326.78,7.10,15.0,125.0,0,0,5.15,-14.79,-4.24,-0.079,0.114,0.012,1.000,0.100,0.100,0.100,1,18.1,102.0,763,804,16,115,0
15.40,climb_cruise,431.5,431.5,34885.4,-6840,-16.29,-114.09,326.72,7.11,15.0,125.0,0,0,5.17,-14.79,-4.23,-0.079,0.114,0.012,1.000,0.100,0.100,0.100,1,18.1,102.0,763,804,16,115,0
15.42,climb_cruise,431.5,431.5,34883.2,-6909,-16.41,-114.37,326.66,7.13,15.0,125.0,0,0,5.18,-14.80,-4.23,-0.079,0.114,0.012,1.000,0.100,0.100,0.100,1,18.0,102.0,763,804,16,116,0
15.44,climb_cruise,431.5,431.5,34880.8,-6978,-16.53,-114.65,326.60,7.15,15.0,125.0,0,0,5.20,-14.80,-4.23,-0.079,0.114,0.012,1.000,0.100,0.100,0.100,1,18.0,102.0,763,804,16,115,0
15.46,climb_cruise,431.6,431.6,34878.5,-7047,-16.65,-114.93,326.53,7.17,15.0,125.0,0,0,5.22,-14.80,-4.23,-0.079,0.114,0.012,1.000,0.100,0.100,0.100,1,17.9,102.0,763,804,16,116,0
15.48,climb_cruise,431.6,431.6,34876.1,-7117,-16.77,-115.20,326.47,7.18,15.0,125.0,0,0,5.24,-14.80,-4.23,-0.079,0.114,0.012,1.000,0.100,0.100,0.100,1,17.9,102.0,763,804,16,115,0
15.50,climb_cruise,431.6,431.6,34873.8,-7187,-16.89,-115.48,326.41,7.20,15.0,125.0,0,0,5.26,-14.81,-4.23,-0.079,0.114,0.012,1.000,0.100,0.100,0.100,1,17.9,102.0,763,804,16,115,0
15.52,climb_cruise,431.6,431.6,34871.4,-7258,-17.01,-115.77,326.35,7.22,15.0,125.0,0,0,4.92,-16.07,-4.27,-0.028,0.040,0.005,1.000,0.100,0.100,0.100,1,17.8,102.0,763,804,16,115,0
15.54,climb_cruise,431.6,431.6,34868.9,-7329,-17.13,-116.09,326.30,7.23,15.0,125.0,0,0,4.62,-16.64,-4.31,-0.023,0.034,0.004,1.000,0.100,0.100,0.100,1,17.8,102.0,763,804,16,116,0
15.56,climb_cruise,431.7,431.7,34866.5,-7400,-17.25,-116.41,326.26,7.23,15.0,125.0,0,0,4.40,-16.87,-4.34,-0.023,0.034,0.004,1.000,0.100,0.100,0.100,1,17.8,102.0,763,804,16,115,0
15.58,climb_cruise,431.7,431.7,34864.0,-7471,-17.36,-116.73,326.22,7.24,15.0,125.0,0,0,4.25,-16.97,-4.38,-0.023,0.034,0.004,1.000,0.100,0.100,0.100,1,17.7,102.0,763,804,16,114,0
15.60,climb_cruise,431.7,431.7,34861.5,-7543,-17.48,-117.06,326.18,7.23,15.0,125.0,0,0,4.15,-17.02,-4.41,-0.023,0.034,0.004,1.000,0.100,0.100,0.100,1,17.7,102.0,763,804,16,116,0
15.62,climb_cruise,431.7,431.7,34859.0,-7616,-17.60,-117.39,326.14,7.23,15.0,125.0,0,0,4.12,-17.04,-4.43,-0.023,0.034,0.004,1.000,0.100,0.100,0.100,1,17.7,102.0,763,804,16,115,0
15.64,climb_cruise,431.8,431.8,34856.4,-7688,-17.71,-117.72,326.11,7.23,15.0,125.0,0,0,4.13,-17.06,-4.46,-0.023,0.034,0.004,1.000,0.100,0.100,0.100,1,17.6,102.0,763,804,16,115,0
15.66,climb_cruise,431.8,431.8,34853.9,-7761,-17.83,-118.05,326.08,7.22,15.0,125.0,0,0,4.18,-17.08,-4.48,-0.023,0.034,0.004,1.000,0.100,0.100,0.100,1,17.6,102.0,763,804,16,114,0
15.68,climb_cruise,431.8,431.8,34851.3,-7834,-17.95,-118.39,326.04,7.22,15.0,125.0,0,0,4.26,-17.09,-4.49,-0.023,0.034,0.004,1.000,0.100,0.100,0.100,1,17.6,102.0,763,804,16,114,0
15.70,climb_cruise,431.8,431.8,34848.6,-7907,-18.07,-118.72,326.01,7.22,15.0,125.0,0,0,4.37,-17.10,-4.50,-0.023,0.034,0.004,1.000,0.100,0.100,0.100,1,17.5,102.0,763,804,16,115,0
15.72,climb_cruise,431.9,431.9,34846.0,-7981,-18.19,-119.05,325.97,7.22,15.0,125.0,0,0,4.49,-17.11,-4.51,-0.023,0.034,0.004,1.000,0.100,0.100,0.100,1,17.5,102.0,763,804,16,115,0
15.74,climb_cruise,431.9,431.9,34843.3,-8055,-18.31,-119.38,325.94,7.23,15.0,125.0,0,0,4.62,-17.12,-4.52,-0.023,0.034,0.004,1.000,0.100,0.100,0.100,1,17.4,102.0,763,804,16,114,0
15.76,climb_cruise,431.9,431.9,34840.6,-8130,-18.44,-119.71,325.90,7.23,15.0,125.0,0,0,4.75,-17.13,-4.52,-0.023,0.034,0.004,1.000,0.100,0.100,0.100,1,17.4,102.0,763,804,16,115,0
15.78,climb_cruise,432.0,432.0,34837.9,-8204,-18.57,-120.04,325.86,7.24,15.0,125.0,0,0,4.88,-17.14,-4.52,-0.023,0.034,0.004,1.000,0.100,0.100,0.100,1,17.4,102.0,763,804,16,114,0
15.80,climb_cruise,432.0,432.0,34835.2,-8280,-18.69,-120.37,325.82,7.25,15.0,125.0,0,0,5.01,-17.15,-4.52,-0.023,0.034,0.004,1.000,0.100,0.100,0.100,1,17.3,102.0,763,804,16,114,0
15.82,climb_cruise,432.0,432.0,34832.4,-8355,-18.82,-120.70,325.77,7.26,15.0,125.0,0,0,5.13,-17.15,-4.51,-0.023,0.034,0.004,1.000,0.100,0.100,0.100,1,17.3,102.0,763,804,16,114,0
15.84,climb_cruise,432.1,432.1,34829.6,-8431,-18.95,-121.03,325.73,7.28,15.0,125.0,0,0,5.23,-17.16,-4.50,-0.023,0.034,0.004,1.000,0.100,0.100,0.100,1,17.3,102.0,763,804,16,115,0
15.86,climb_cruise,432.1,432.1,34826.8,-8507,-19.08,-121.35,325.68,7.29,15.0,125.0,0,0,5.33,-17.16,-4.50,-0.023,0.034,0.004,1.000,0.100,0.100,0.100,1,17.2,102.0,763,804,16,114,0
15.88,climb_cruise,432.1,432.1,34823.9,-8584,-19.22,-121.68,325.63,7.31,15.0,125.0,0,0,5.41,-17.17,-4.49,-0.023,0.034,0.004,1.000,0.100,0.100,0.100,1,17.2,102.0,763,804,16,115,0
15.90,climb_cruise,432.2,432.2,34821.1,-8660,-19.35,-122.01,325.59,7.33,15.0,125.0,0,0,5.47,-17.17,-4.48,-0.023,0.034,0.004,1.000,0.100,0.100,0.100,1,17.2,102.0,763,804,16,115,0
15.92,climb_cruise,432.2,432.2,34818.2,-8738,-19.48,-122.34,325.54,7.35,15.0,125.0,0,0,5.53,-17.17,-4.47,-0.023,0.034,0.004,1.000,0.100,0.100,0.100,1,17.1,102.0,763,804,16,115,0
15.94,climb_cruise,432.2,432.2,34815.2,-8815,-19.62,-122.66,325.49,7.37,15.0,125.0,0,0,5.57,-17.17,-4.46,-0.023,0.034,0.004,1.000,0.100,0.100,0.100,1,17.1,102.0,763,804,16,116,0
15.96,climb_cruise,432.3,432.3,34812.3,-8893,-19.76,-122.99,325.44,7.39,15.0,125.0,0,0,5.60,-17.17,-4.45,-0.023,0.034,0.004,1.000,0.100,0.100,0.100,1,17.1,102.0,763,804,16,115,0
15.98,climb_cruise,432.3,432.3,34809.3,-8972,-19.89,-123.32,325.39,7.41,15.0,125.0,0,0,5.63,-17.17,-4.43,-0.023,0.034,0.004,1.000,0.100,0.100,0.100,1,17.0,102.0,763,804,16,115,0
16.00,climb_cruise,432.3,432.3,34806.3,-9050,-20.03,-123.65,325.35,7.43,15.0,125.0,0,0,5.64,-17.17,-4.42,-0.023,0.034,0.004,1.000,0.100,0.100,0.100,1,17.0,102.0,763,804,16,115,0
16.02,climb_cruise,432.4,432.4,34803.3,-9130,-20.16,-123.97,325.30,7.45,15.0,125.0,0,0,5.65,-17.17,-4.41,-0.023,0.034,0.004,1.000,0.100,0.100,0.100,1,17.0,102.0,763,804,16,116,0
16.04,climb_cruise,432.4,432.4,34800.2,-9209,-20.30,-124.30,325.25,7.47,15.0,125.0,0,0,5.66,-17.17,-4.40,-0.023,0.034,0.004,1.000,0.100,0.100,0.100,1,16.9,102.0,763,804,16,115,0
16.06,climb_cruise,432.4,432.4,34797.2,-9289,-20.44,-124.63,325.20,7.49,15.0,125.0,0,0,5.66,-17.17,-4.40,-0.023,0.034,0.004,1.000,0.100,0.100,0.100,1,16.9,102.0,763,804,16,115,0
16.08,climb_cruise,432.5,432.5,34794.1,-9369,-20.57,-124.95,325.16,7.51,15.0,125.0,0,0,5.66,-17.17,-4.39,-0.023,0.034,0.004,1.000,0.100,0.100,0.100,1,16.9,102.0,763,804,16,116,0
16.10,climb_cruise,432.5,432.5,34790.9,-9450,-20.71,-125.28,325.11,7.53,15.0,125.0,0,0,5.65,-17.17,-4.38,-0.023,0.034,0.004,1.000,0.100,0.100,0.100,1,16.8,102.0,763,804,16,115,0
16.12,climb_cruise,432.6,432.6,34787.8,-9531,-20.85,-125.61,325.07,7.55,15.0,125.0,0,0,5.65,-17.17,-4.37,-0.023,0.034,0.004,1.000,0.100,0.100,0.100,1,16.8,102.0,763,804,16,116,0
16.14,climb_cruise,432.6,432.6,34784.6,-9612,-20.98,-125.94,325.03,7.57,15.0,125.0,0,0,5.65,-17.17,-4.36,-0.023,0.034,0.004,1.000,0.100,0.100,0.100,1,16.8,102.0,763,804,16,115,0
16.16,climb_cruise,432.6,432.6,34781.4,-9694,-21.12,-126.27,324.98,7.59,15.0,125.0,0,0,5.65,-17.17,-4.36,-0.023,0.034,0.004,1.000,0.100,0.100,0.100,1,16.7,102.0,763,804,16,114,0
16.18,climb_cruise,432.7,432.7,34778.1,-9776,-21.26,-126.59,324.94,7.61,15.0,125.0,0,0,5.65,-17.17,-4.35,-0.023,0.034,0.004,1.000,0.100,0.100,0.100,1,16.7,102.0,763,804,16,115,0
16.20,climb_cruise,432.7,432.7,34774.8,-9858,-21.40,-126.92,324.90,7.62,15.0,125.0,0,0,5.66,-17.17,-4.35,-0.023,0.034,0.004,1.000,0.100,0.100,0.100,1,16.7,102.0,763,804,16,114,0
16.22,climb_cruise,432.8,432.8,34771.6,-9941,-21.53,-127.25,324.86,7.64,15.0,125.0,0,0,5.66,-17.17,-4.34,-0.023,0.034,0.004,1.000,0.100,0.100,0.100,1,16.6,102.0,763,804,16,114,0
16.24,climb_cruise,432.8,432.8,34768.2,-10024,-21.67,-127.58,324.82,7.66,15.0,125.0,0,0,5.67,-17.17,-4.34,-0.023,0.034,0.004,1.000,0.100,0.100,0.100,1,16.6,102.0,763,804,16,115,0
16.26,climb_cruise,432.8,432.8,34764.9,-10107,-21.81,-127.91,324.78,7.67,15.0,125.0,0,0,5.68,-17.17,-4.33,-0.023,0.034,0.004,1.000,0.100,0.100,0.100,1,16.6,102.0,763,804,16,115,0
16.28,climb_cruise,432.9,432.9,34761.5,-10191,-21.95,-128.24,324.74,7.69,15.0,125.0,0,0,5.69,-17.17,-4.33,-0.023,0.034,0.004,1.000,0.100,0.100,0.100,1,16.5,102.0,763,804,16,115,0
16.30,climb_cruise,432.9,432.9,34758.1,-10275,-22.09,-128.57,324.70,7.71,15.0,125.0,0,0,5.71,-17.16,-4.32,-0.023,0.034,0.004,1.000,0.100,0.100,0.100,1,16.5,102.0,763,804,16,115,0
16.32,climb_cruise,433.0,433.0,34754.7,-10359,-22.23,-128.89,324.66,7.72,15.0,125.0,0,0,5.72,-17.16,-4.32,-0.023,0.034,0.004,1.000,0.100,0.100,0.100,1,16.5,102.0,763,804,16,115,0
16.34,climb_cruise,433.0,433.0,34751.2,-10444,-22.36,-129.22,324.63,7.74,15.0,125.0,0,0,5.74,-17.16,-4.31,-0.023,0.034,0.004,1.000,0.100,0.100,0.100,1,16.4,102.0,763,804,16,116,0
16.36,climb_cruise,433.1,433.1,34747.7,-10529,-22.50,-129.55,324.59,7.76,15.0,125.0,0,0,5.76,-17.17,-4.31,-0.023,0.034,0.004,1.000,0.100,0.100,0.100,1,16.4,102.0,763,804,16,116,0
16.38,climb_cruise,433.1,433.1,34744.2,-10615,-22.64,-129.88,324.55,7.77,15.0,125.0,0,0,5.78,-17.17,-4.30,-0.023,0.034,0.004,1.000,0.100,0.100,0.100,1,16.4,102.0,763,804,16,114,0
16.40,climb_cruise,433.2,433.2,34740.6,-10701,-22.78,-130.21,324.52,7.79,15.0,125.0,0,0,5.80,-17.17,-4.30,-0.023,0.034,0.004,1.000,0.100,0.100,0.100,1,16.3,102.0,763,804,16,115,0
16.42,climb_cruise,433.2,433.2,34737.0,-10787,-22.93,-130.54,324.48,7.81,15.0,125.0,0,0,5.82,-17.17,-4.29,-0.023,0.034,0.004,1.000,0.100,0.100,0.100,1,16.3,102.0,763,804,16,116,0
16.44,climb_cruise,433.3,433.3,34733.4,-10873,-23.07,-130.87,324.45,7.82,15.0,125.0,0,0,5.85,-17.17,-4.29,-0.023,0.034,0.004,1.000,0.100,0.100,0.100,1,16.3,102.0,763,804,16,115,0
16.46,climb_cruise,433.3,433.3,34729.8,-10960,-23.21,-131.20,324.41,7.84,15.0,125.0,0,0,5.87,-17.17,-4.28,-0.023,0.034,0.004,1.000,0.100,0.100,0.100,1,16.2,102.0,763,804,16,115,0
16.48,climb_cruise,433.4,433.4,34726.1,-11047,-23.35,-131.53,324.38,7.86,15.0,125.0,0,0,5.89,-17.17,-4.28,-0.023,0.034,0.004,1.000,0.100,0.100,0.100,1,16.2,102.0,763,804,16,116,0
16.50,climb_cruise,433.4,433.4,34722.4,-11135,-23.49,-131.86,324.34,7.88,15.0,125.0,0,0,5.91,-17.17,-4.27,-0.023,0.034,0.004,1.000,0.100,0.100,0.100,1,16.2,102.0,763,804,16,115,0
16.52,climb_cruise,433.5,433.5,34718.7,-11222,-23.63,-132.19,324.31,7.89,15.0,125.0,0,0,5.93,-17.17,-4.27,-0.023,0.034,0.004,1.000,0.100,0.100,0.100,1,16.1,102.0,763,804,16,115,0
16.54,climb_cruise,433.5,433.5,34715.0,-11310,-23.78,-132.52,324.28,7.91,15.0,125.0,0,0,5.95,-17.17,-4.26,-0.023,0.034,0.004,1.000,0.100,0.100,0.100,1,16.1,102.0,763,804,16,115,0
16.56,climb_cruise,433.6,433.6,34711.2,-11399,-23.92,-132.85,324.24,7.93,15.0,125.0,0,0,5.97,-17.17,-4.26,-0.023,0.034,0.004,1.000,0.100,0.100,0.100,1,16.1,102.0,763,804,16,114,0
16.58,climb_cruise,433.6,433.6,34707.4,-11488,-24.07,-133.18,324.21,7.94,15.0,125.0,0,0,5.99,-17.17,-4.25,-0.023,0.034,0.004,1.000,0.100,0.100,0.100,1,16.0,102.0,763,804,16,115,0
16.60,climb_cruise,433.7,433.7,34703.5,-11577,-24.21,-133.51,324.18,7.96,15.0,125.0,0,0,6.01,-17.17,-4.25,-0.023,0.034,0.004,1.000,0.100,0.100,0.100,1,16.0,102.0,763,804,16,115,0
16.62,climb_cruise,433.7,433.7,34699.7,-11666,-24.35,-133.84,324.15,7.98,15.0,125.0,0,0,6.02,-17.17,-4.24,-0.023,0.034,0.004,1.000,0.100,0.100,0.100,1,16.0,102.0,763,804,16,115,0
16.64,climb_cruise,433.8,433.8,34695.8,-11756,-24.50,-134.17,324.12,8.00,15.0,125.0,0,0,6.04,-17.17,-4.23,-0.023,0.034,0.004,1.000,0.100,0.100,0.100,1,15.9,102.0,763,804,16,115,0
16.66,climb_cruise,433.8,433.8,34691.8,-11846,-24.64,-134.50,324.09,8.01,15.0,125.0,0,0,6.06,-17.17,-4.23,-0.023,0.034,0.004,1.000,0.100,0.100,0.100,1,15.9,102.0,763,804,16,115,0
16.68,climb_cruise,433.9,433.9,34687.9,-11937,-24.79,-134.83,324.06,8.03,15.0,125.0,0,0,6.08,-17.17,-4.22,-0.023,0.034,0.004,1.000,0.100,0.100,0.100,1,15.9,102.0,763,804,16,115,0
16.70,climb_cruise,434.0,434.0,34683.9,-12027,-24.94,-135.16,324.03,8.05,15.0,125.0,0,0,6.09,-17.16,-4.22,-0.023,0.034,0.004,1.000,0.100,0.100,0.100,1,15.9,102.0,763,804,16,116,0
16.72,climb_cruise,434.0,434.0,34679.9,-12118,-25.08,-135.50,324.00,8.07,15.0,125.0,0,0,6.11,-17.16,-4.21,-0.023,0.034,0.004,1.000,0.100,0.100,0.100,1,15.8,102.0,763,804,16,115,0
16.74,climb_cruise,434.1,434.1,34675.8,-12210,-25.23,-135.83,323.97,8.08,15.0,125.0,0,0,6.13,-17.16,-4.20,-0.023,0.034,0.004,1.000,0.100,0.100,0.100,1,15.8,102.0,763,804,16,115,0
16.76,climb_cruise,434.1,434.1,34671.7,-12302,-25.37,-136.16,323.94,8.10,15.0,125.0,0,0,6.14,-17.16,-4.20,-0.023,0.034,0.004,1.000,0.100,0.100,0.100,1,15.8,102.0,763,804,16,115,0
16.78,climb_cruise,434.2,434.2,34667.6,-12394,-25.52,-136.49,323.92,8.12,15.0,125.0,0,0,6.16,-17.16,-4.19,-0.023,0.034,0.004,1.000,0.100,0.100,0.100,1,15.7,102.0,763,804,16,114,0
16.80,climb_cruise,434.3,434.3,34663.5,-12486,-25.67,-136.82,323.89,8.14,15.0,125.0,0,0,6.17,-17.16,-4.18,-0.023,0.034,0.004,1.000,0.100,0.100,0.100,1,15.7,102.0,763,804,16,116,0
16.82,climb_cruise,434.3,434.3,34659.3,-12579,-25.82,-137.15,323.87,8.15,15.0,125.0,0,0,6.19,-17.16,-4.18,-0.023,0.034,0.004,1.000,0.100,0.100,0.100,1,15.7,102.0,763,804,16,116,0
16.84,climb_cruise,434.4,434.4,34655.1,-12671,-25.96,-137.49,323.84,8.17,15.0,125.0,0,0,6.20,-17.16,-4.17,-0.023,0.034,0.004,1.000,0.100,0.100,0.100,1,15.6,102.0,763,804,16,115,0
16.86,climb_cruise,434.4,434.4,34650.9,-12765,-26.11,-137.82,323.82,8.19,15.0,125.0,0,0,6.22,-17.16,-4.16,-0.023,0.034,0.004,1.000,0.100,0.100,0.100,1,15.6,102.0,763,804,16,115,0
16.88,climb_cruise,434.5,434.5,34646.6,-12858,-26.26,-138.15,323.79,8.21,15.0,125.0,0,0,6.24,-17.16,-4.16,-0.023,0.034,0.004,1.000,0.100,0.100,0.100,1,15.6,102.0,763,804,16,114,0
16.90,climb_cruise,434.6,434.6,34642.3,-12952,-26.41,-138.48,323.77,8.22,15.0,125.0,0,0,6.25,-17.15,-4.15,-0.023,0.034,0.004,1.000,0.100,0.100,0.100,1,15.5,102.0,763,804,16,114,0
16.92,climb_cruise,434.6,434.6,34638.0,-13046,-26.56,-138.82,323.75,8.24,15.0,125.0,0,0,6.27,-17.15,-4.14,-0.023,0.034,0.004,1.000,0.100,0.100,0.100,1,15.5,102.0,763,804,16,114,0
16.94,climb_cruise,434.7,434.7,34633.6,-13141,-26.71,-139.15,323.72,8.26,15.0,125.0,0,0,6.28,-17.15,-4.14,-0.023,0.034,0.004,1.000,0.100,0.100,0.100,1,15.5,102.0,763,804,16,114,0
16.96,climb_cruise,434.8,434.8,34629.2,-13236,-26.86,-139.48,323.70,8.28,15.0,125.0,0,0,6.30,-17.15,-4.13,-0.023,0.034,0.004,1.000,0.100,0.100,0.100,1,15.4,102.0,763,804,16,115,0
16.98,climb_cruise,434.8,434.8,34624.8,-13331,-27.00,-139.82,323.68,8.29,15.0,125.0,0,0,6.31,-17.15,-4.12,-0.023,0.034,0.004,1.000,0.100,0.100,0.100,1,15.4,102.0,763,804,16,115,0
17.00,climb_cruise,434.9,434.9,34620.3,-13426,-27.15,-140.15,323.66,8.31,15.0,125.0,0,0,6.33,-17.15,-4.11,-0.023,0.034,0.004,1.000,0.100,0.100,0.100,1,15.4,102.0,763,804,16,114,0
17.02,climb_cruise,435.0,435.0,34615.9,-13522,-27.30,-140.48,323.64,8.33,15.0,125.0,0,0,6.35,-17.14,-4.11,-0.023,0.034,0.004,1.000,0.100,0.100,0.100,1,15.4,102.0,763,804,16,115,0
17.04,climb_cruise,435.0,435.0,34611.3,-13618,-27.45,-140.82,323.62,8.35,15.0,125.0,0,0,6.36,-17.14,-4.10,-0.023,0.034,0.004,1.000,0.100,0.100,0.100,1,15.3,102.0,763,804,16,116,0
17.06,climb_cruise,435.1,435.1,34606.8,-13714,-27.61,-141.15,323.60,8.36,15.0,125.0,0,0,6.38,-17.14,-4.09,-0.023,0.034,0.004,1.000,0.100,0.100,0.100,1,15.3,102.0,763,804,16,115,0
17.08,climb_cruise,435.2,435.2,34602.2,-13811,-27.76,-141.49,323.58,8.38,15.0,125.0,0,0,6.39,-17.14,-4.08,-0.023,0.034,0.004,1.000,0.100,0.100,0.100,1,15.3,102.0,763,804,16,115,0
17.10,climb_cruise,435.2,435.2,34597.6,-13908,-27.91,-141.82,323.57,8.40,15.0,125.0,0,0,6.41,-17.14,-4.08,-0.023,0.034,0.004,1.000,0.100,0.100,0.100,1,15.2,102.0,763,804,16,116,0
17.12,climb_cruise,435.3,435.3,34592.9,-14005,-28.06,-142.16,323.55,8.42,15.0,125.0,0,0,6.42,-17.13,-4.07,-0.023,0.034,0.004,1.000,0.100,0.100,0.100,1,15.2,102.0,763,804,16,114,0
17.14,climb_cruise,435.4,435.4,34588.3,-14102,-28.21,-142.49,323.53,8.43,15.0,125.0,0,0,6.44,-17.13,-4.06,-0.023,0.034,0.005,1.000,0.100,0.100,0.100,1,15.2,102.0,763,804,16,116,0
17.16,climb_cruise,435.5,435.5,34583.5,-14200,-28.36,-142.83,323.52,8.45,15.0,125.0,0,0,6.46,-17.13,-4.05,-0.023,0.034,0.005,1.000,0.100,0.100,0.100,1,15.1,102.0,763,804,16,116,0
17.18,climb_cruise,435.5,435.5,34578.8,-14298,-28.51,-143.16,323.50,8.47,15.0,125.0,0,0,6.47,-17.13,-4.05,-0.023,0.034,0.005,1.000,0.100,0.100,0.100,1,15.1,102.0,763,804,16,115,0
17.20,climb_cruise,435.6,435.6,34574.0,-14396,-28.67,-143.50,323.49,8.49,15.0,125.0,0,0,6.49,-17.13,-4.04,-0.023,0.034,0.005,1.000,0.100,0.100,0.100,1,15.1,102.0,763,804,16,116,0
17.22,climb_cruise,435.7,435.7,34569.2,-14495,-28.82,-143.83,323.47,8.50,15.0,125.0,0,0,6.50,-17.12,-4.03,-0.023,0.034,0.005,1.000,0.100,0.100,0.100,1,15.0,102.0,763,804,16,115,0
17.24,climb_cruise,435.7,435.7,34564.4,-14594,-28.97,-144.17,323.46,8.52,15.0,125.0,0,0,6.52,-17.12,-4.02,-0.023,0.034,0.005,1.000,0.100,0.100,0.100,1,15.0,102.0,763,804,16,115,0
17.26,climb_cruise,435.8,435.8,34559.5,-14693,-29.12,-144.51,323.45,8.54,15.0,125.0,0,0,6.53,-17.12,-4.01,-0.023,0.034,0.005,1.000,0.100,0.100,0.100,1,15.0,102.0,763,804,16,115,0
17.28,climb_cruise,435.9,435.9,34554.6,-14792,-29.28,-144.84,323.44,8.56,15.0,125.0,0,0,6.55,-17.11,-4.01,-0.023,0.034,0.005,1.000,0.100,0.100,0.100,1,15.0,102.0,763,804,16,114,0
17.30,climb_cruise,436.0,436.0,34549.6,-14892,-29.43,-145.18,323.43,8.57,15.0,125.0,0,0,6.56,-17.11,-4.00,-0.023,0.034,0.005,1.000,0.100,0.100,0.100,1,14.9,102.0,763,804,16,115,0
17.32,climb_cruise,436.1,436.1,34544.6,-14992,-29.58,-145.52,323.42,8.59,15.0,125.0,0,0,6.58,-17.11,-3.99,-0.023,0.034,0.005,1.000,0.100,0.100,0.100,1,14.9,102.0,763,804,16,116,0
17.34,climb_cruise,436.1,436.1,34539.6,-15092,-29.74,-145.85,323.41,8.61,15.0,125.0,0,0,6.59,-17.11,-3.98,-0.023,0.034,0.005,1.000,0.100,0.100,0.100,1,14.9,102.0,763,804,16,115,0
17.36,climb_cruise,436.2,436.2,34534.6,-15193,-29.89,-146.19,323.40,8.63,15.0,125.0,0,0,6.61,-17.10,-3.97,-0.023,0.034,0.005,1.000,0.100,0.100,0.100,1,14.8,102.0,763,804,16,114,0
17.38,climb_cruise,436.3,436.3,34529.5,-15293,-30.05,-146.53,323.39,8.64,15.0,125.0,0,0,6.62,-17.10,-3.97,-0.023,0.034,0.005,1.000,0.100,0.100,0.100,1,14.8,102.0,763,804,16,115,0
17.40,climb_cruise,436.4,436.4,34524.4,-15394,-30.20,-146.87,323.38,8.66,15.0,125.0,0,0,6.64,-17.10,-3.96,-0.023,0.034,0.005,1.000,0.100,0.100,0.100,1,14.8,102.0,763,804,16,114,0
17.42,climb_cruise,436.5,436.5,34519.3,-15496,-30.36,-147.21,323.37,8.68,15.0,125.0,0,0,6.65,-17.09,-3.95,-0.023,0.034,0.005,1.000,0.100,0.100,0.100,1,14.7,102.0,763,804,16,116,0
17.44,climb_cruise,436.5,436.5,34514.1,-15597,-30.51,-147.54,323.37,8.70,15.0,125.0,0,0,6.67,-17.09,-3.94,-0.023,0.034,0.005,1.000,0.100,0.100,0.100,1,14.7,102.0,763,804,16,115,0
17.46,climb_cruise,436.6,436.6,34508.9,-15699,-30.66,-147.88,323.36,8.71,15.0,125.0,0,0,6.68,-17.09,-3.93,-0.023,0.034,0.005,1.000,0.100,0.100,0.100,1,14.7,102.0,763,804,16,114,0
17.48,climb_cruise,436.7,436.7,34503.6,-15801,-30.82,-148.22,323.36,8.73,15.0,125.0,0,0,6.69,-17.08,-3.92,-0.023,0.034,0.005,1.000,0.100,0.100,0.100,1,14.7,102.0,763,804,16,116,0
17.50,climb_cruise,436.8,436.8,34498.3,-15903,-30.98,-148.56,323.35,8.75,15.0,125.0,0,0,6.71,-17.08,-3.92,-0.023,0.034,0.005,1.000,0.100,0.100,0.100,1,14.6,102.0,763,804,16,114,0
17.52,climb_cruise,436.9,436.9,34493.0,-16006,-31.13,-148.90,323.35,8.77,15.0,125.0,0,0,6.72,-17.08,-3.91,-0.023,0.034,0.005,1.000,0.100,0.100,0.100,1,14.6,102.0,763,804,16,115,0
17.54,climb_cruise,437.0,437.0,34487.7,-16109,-31.29,-149.24,323.35,8.78,15.0,125.0,0,0,6.74,-17.07,-3.90,-0.023,0.034,0.005,1.000,0.100,0.100,0.100,1,14.6,102.0,763,804,16,116,0
17.56,climb_cruise,437.0,437.0,34482.3,-16212,-31.44,-149.58,323.35,8.80,15.0,125.0,0,0,6.75,-17.07,-3.89,-0.023,0.034,0.005,1.000,0.100,0.100,0.100,1,14.5,102.0,763,804,16,116,0
17.58,climb_cruise,437.1,437.1,34476.9,-16315,-31.60,-149.92,323.35,8.82,15.0,125.0,0,0,6.77,-17.07,-3.88,-0.023,0.034,0.005,1.000,0.100,0.100,0.100,1,14.5,102.0,763,804,16,116,0
17.60,climb_cruise,437.2,437.2,34471.4,-16418,-31.75,-150.26,323.34,8.84,15.0,125.0,0,0,6.78,-17.06,-3.87,-0.023,0.034,0.005,1.000,0.100,0.100,0.100,1,14.5,102.0,763,804,16,115,0
17.62,climb_cruise,437.3,437.3,34465.9,-16522,-31.91,-150.61,323.35,8.85,15.0,125.0,0,0,6.79,-17.06,-3.86,-0.023,0.034,0.005,1.000,0.100,0.100,0.100,1,14.5,102.0,763,804,16,115,0
17.64,climb_cruise,437.4,437.4,34460.4,-16626,-32.07,-150.95,323.35,8.87,15.0,125.0,0,0,6.81,-17.05,-3.86,-0.023,0.034,0.005,1.000,0.100,0.100,0.100,1,14.4,102.0,763,804,16,115,0
17.66,climb_cruise,437.5,437.5,34454.9,-16730,-32.22,-151.29,323.35,8.89,15.0,125.0,0,0,6.82,-17.05,-3.85,-0.023,0.034,0.005,1.000,0.100,0.100,0.100,1,14.4,102.0,763,804,16,116,0
17.68,climb_cruise,437.6,437.6,34449.3,-16835,-32.38,-151.63,323.35,8.91,15.0,125.0,0,0,6.83,-17.05,-3.84,-0.023,0.034,0.005,1.000,0.100,0.100,0.100,1,14.4,102.0,763,804,16,114,0
17.70,climb_cruise,437.7,437.7,34443.7,-16940,-32.54,-151.97,323.35,8.93,15.0,125.0,0,0,6.85,-17.04,-3.83,-0.023,0.034,0.005,1.000,0.100,0.100,0.100,1,14.3,102.0,763,804,16,115,0
17.72,climb_cruise,437.8,437.8,34438.0,-17045,-32.69,-152.32,323.36,8.94,15.0,125.0,0,0,6.86,-17.04,-3.82,-0.023,0.034,0.005,1.000,0.100,0.100,0.100,1,14.3,102.0,763,804,16,116,0
17.74,climb_cruise,437.9,437.9,34432.3,-17150,-32.85,-152.66,323.36,8.96,15.0,125.0,0,0,6.88,-17.03,-3.81,-0.023,0.034,0.005,1.000,0.100,0.100,0.100,1,14.3,102.0,763,804,16,115,0
17.76,climb_cruise,438.0,438.0,34426.6,-17255,-33.01,-153.01,323.37,8.98,15.0,125.0,0,0,6.89,-17.03,-3.80,-0.023,0.034,0.005,1.000,0.100,0.100,0.100,1,14.3,102.0,763,804,16,116,0
17.78,climb_cruise,438.1,438.1,34420.8,-17361,-33.17,-153.35,323.38,9.00,15.0,125.0,0,0,6.90,-17.02,-3.79,-0.023,0.034,0.005,1.000,0.100,0.100,0.100,1,14.2,102.0,763,804,16,114,0
17.80,climb_cruise,438.1,438.1,34415.0,-17467,-33.32,-153.69,323.38,9.01,15.0,125.0,0,0,6.92,-17.02,-3.78,-0.023,0.034,0.005,1.000,0.100,0.100,0.100,1,14.2,102.0,763,804,16,116,0
17.82,climb_cruise,438.2,438.2,34409.2,-17573,-33.48,-154.04,323.39,9.03,15.0,125.0,0,0,6.93,-17.01,-3.78,-0.023,0.034,0.005,1.000,0.100,0.100,0.100,1,14.2,102.0,763,804,16,116,0
17.84,climb_cruise,438.3,438.3,34403.3,-17679,-33.64,-154.38,323.40,9.05,15.0,125.0,0,0,6.94,-17.01,-3.77,-0.023,0.034,0.005,1.000,0.100,0.100,0.100,1,14.1,102.0,763,804,16,115,0
17.86,climb_cruise,438.4,438.4,34397.4,-17786,-33.80,-154.73,323.41,9.07,15.0,125.0,0,0,6.96,-17.00,-3.76,-0.023,0.034,0.005,1.000,0.100,0.100,0.100,1,14.1,102.0,763,804,16,115,0
17.88,climb_cruise,438.5,438.5,34391.4,-17893,-33.95,-155.08,323.42,9.08,15.0,125.0,0,0,6.97,-17.00,-3.75,-0.023,0.034,0.005,1.000,0.100,0.100,0.100,1,14.1,102.0,763,804,16,114,0
17.90,climb_cruise,438.6,438.6,34385.5,-18000,-34.11,-155.42,323.43,9.10,15.0,125.0,0,0,6.98,-16.99,-3.74,-0.023,0.034,0.005,1.000,0.100,0.100,0.100,1,14.1,102.0,763,804,16,116,0
17.92,climb_cruise,438.7,438.7,34379.5,-18107,-34.27,-155.77,323.45,9.12,15.0,125.0,0,0,6.99,-16.99,-3.73,-0.023,0.034,0.005,1.000,0.100,0.100,0.100,1,14.0,102.0,763,804,16,115,0
17.94,climb_cruise,438.8,438.8,34373.4,-18214,-34.43,-156.12,323.46,9.14,15.0,125.0,0,0,7.01,-16.98,-3.72,-0.023,0.034,0.005,1.000,0.100,0.100,0.100,1,14.0,102.0,763,804,16,114,0
17.96,climb_cruise,438.9,438.9,34367.3,-18322,-34.59,-156.46,323.47,9.16,15.0,125.0,0,0,7.02,-16.98,-3.71,-0.023,0.034,0.005,1.000,0.100,0.100,0.100,1,14.0,102.0,763,804,16,115,0
17.98,climb_cruise,439.1,439.1,34361.2,-18429,-34.75,-156.81,323.49,9.17,15.0,125.0,0,0,7.03,-16.97,-3.70,-0.023,0.034,0.005,1.000,0.100,0.100,0.100,1,13.9,102.0,763,804,16,114,0
18.00,climb_cruise,439.2,439.2,34355.0,-18537,-34.90,-157.16,323.50,9.19,15.0,125.0,0,0,7.05,-16.97,-3.69,-0.023,0.034,0.005,1.000,0.100,0.100,0.100,1,13.9,102.0,763,804,16,116,0
18.02,climb_cruise,439.3,439.3,34348.8,-18646,-35.06,-157.51,323.52,9.21,15.0,125.0,0,0,7.06,-16.96,-3.68,-0.023,0.034,0.005,1.000,0.100,0.100,0.100,1,13.9,102.0,763,804,16,114,0
18.04,climb_cruise,439.4,439.4,34342.6,-18754,-35.22,-157.86,323.54,9.23,15.0,125.0,0,0,7.07,-16.96,-3.67,-0.023,0.034,0.005,1.000,0.100,0.100,0.100,1,13.9,102.0,763,804,16,116,0
18.06,climb_cruise,439.5,439.5,34336.4,-18863,-35.38,-158.21,323.56,9.24,15.0,125.0,0,0,7.08,-16.95,-3.66,-0.023,0.034,0.005,1.000,0.100,0.100,0.100,1,13.8,102.0,763,804,16,115,0
18.08,climb_cruise,439.6,439.6,34330.1,-18971,-35.54,-158.56,323.58,9.26,15.0,125.0,0,0,7.10,-16.95,-3.66,-0.023,0.034,0.005,1.000,0.100,0.100,0.100,1,13.8,102.0,763,804,16,115,0
18.10,climb_cruise,439.7,439.7,34323.7,-19080,-35.70,-158.91,323.60,9.28,15.0,125.0,0,0,7.11,-16.94,-3.65,-0.023,0.034,0.005,1.000,0.100,0.100,0.100,1,13.8,102.0,763,804,16,114,0
18.12,climb_cruise,439.8,439.8,34317.3,-19190,-35.86,-159.26,323.62,9.30,15.0,125.0,0,0,7.12,-16.94,-3.64,-0.023,0.034,0.005,1.000,0.100,0.100,0.100,1,13.8,102.0,763,804,16,116,0
18.14,climb_cruise,439.9,439.9,34310.9,-19299,-36.02,-159.61,323.64,9.32,15.0,125.0,0,0,7.13,-16.93,-3.63,-0.023,0.034,0.005,1.000,0.100,0.100,0.100,1,13.7,102.0,763,804,16,115,0
18.16,climb_cruise,440.0,440.0,34304.5,-19408,-36.18,-159.96,323.66,9.33,15.0,125.0,0,0,7.15,-16.92,-3.62,-0.023,0.034,0.005,1.000,0.100,0.100,0.100,1,13.7,102.0,763,804,16,115,0
18.18,climb_cruise,440.1,440.1,34298.0,-19518,-36.33,-160.32,323.69,9.35,15.0,125.0,0,0,7.16,-16.92,-3.61,-0.023,0.034,0.005,1.000,0.100,0.100,0.100,1,13.7,102.0,763,804,16,114,0
18.20,climb_cruise,440.3,440.3,34291.5,-19628,-36.49,-160.67,323.71,9.37,15.0,125.0,0,0,7.17,-16.91,-3.60,-0.023,0.034,0.005,1.000,0.100,0.100,0.100,1,13.6,102.0,763,804,16,114,0
18.22,climb_cruise,440.4,440.4,34284.9,-19738,-36.65,-161.02,323.74,9.39,15.0,125.0,0,0,7.18,-16.91,-3.59,-0.023,0.034,0.005,1.000,0.100,0.100,0.100,1,13.6,102.0,763,804,16,114,0
18.24,climb_cruise,440.5,440.5,34278.3,-19848,-36.81,-161.38,323.76,9.40,15.0,125.0,0,0,7.19,-16.90,-3.58,-0.023,0.034,0.005,1.000,0.100,0.100,0.100,1,13.6,102.0,763,804,16,114,0
18.26,climb_cruise,440.6,440.6,34271.7,-19959,-36.97,-161.73,323.79,9.42,15.0,125.0,0,0,7.21,-16.89,-3.57,-0.023,0.034,0.005,1.000,0.100,0.100,0.100,1,13.6,102.0,763,804,16,115,0
18.28,climb_cruise,440.7,440.7,34265.0,-20069,-37.13,-162.09,323.82,9.44,15.0,125.0,0,0,7.22,-16.89,-3.56,-0.023,0.034,0.005,1.000,0.100,0.100,0.100,1,13.5,102.0,763,804,16,116,0
18.30,climb_cruise,440.8,440.8,34258.3,-20180,-37.29,-162.44,323.85,9.46,15.0,125.0,0,0,7.23,-16.88,-3.55,-0.023,0.034,0.005,1.000,0.100,0.100,0.100,1,13.5,102.0,763,804,16,115,0
18.32,climb_cruise,440.9,440.9,34251.6,-20291,-37.45,-162.80,323.88,9.48,15.0,125.0,0,0,7.24,-16.87,-3.54,-0.023,0.034,0.005,1.000,0.100,0.100,0.100,1,13.5,102.0,763,804,16,115,0
18.34,climb_cruise,441.1,441.1,34244.8,-20402,-37.61,-163.16,323.91,9.49,15.0,125.0,0,0,7.25,-16.87,-3.53,-0.023,0.034,0.005,1.000,0.100,0.100,0.100,1,13.5,102.0,763,804,16,116,0
18.36,climb_cruise,441.2,441.2,34238.0,-20513,-37.77,-163.51,323.95,9.51,15.0,125.0,0,0,7.27,-16.86,-3.52,-0.023,0.034,0.005,1.000,0.100,0.100,0.100,1,13.4,102.0,763,804,16,115,0
18.38,climb_cruise,441.3,441.3,34231.1,-20624,-37.93,-163.87,323.98,9.53,15.0,125.0,0,0,7.28,-16.85,-3.51,-0.023,0.034,0.005,1.000,0.100,0.100,0.100,1,13.4,102.0,763,804,16,114,0
18.40,climb_cruise,441.4,441.4,34224.3,-20736,-38.09,-164.23,324.02,9.55,15.0,125.0,0,0,7.29,-16.85,-3.50,-0.023,0.034,0.005,1.000,0.100,0.100,0.100,1,13.4,102.0,763,804,16,116,0
18.42,climb_cruise,441.6,441.6,34217.3,-20847,-38.25,-164.59,324.05,9.56,15.0,125.0,0,0,7.30,-16.84,-3.49,-0.023,0.034,0.005,1.000,0.100,0.100,0.100,1,13.3,102.0,763,804,16,115,0
18.44,climb_cruise,441.7,441.7,34210.4,-20959,-38.41,-164.95,324.09,9.58,15.0,125.0,0,0,7.31,-16.83,-3.48,-0.023,0.034,0.005,1.000,0.100,0.100,0.100,1,13.3,102.0,763,804,16,115,0
18.46,climb_cruise,441.8,441.8,34203.4,-21071,-38.56,-165.31,324.13,9.60,15.0,125.0,0,0,7.32,-16.83,-3.47,-0.023,0.034,0.005,1.000,0.100,0.100,0.100,1,13.3,102.0,763,804,16,114,0
18.48,climb_cruise,441.9,441.9,34196.3,-21183,-38.72,-165.67,324.16,9.62,15.0,125.0,0,0,7.33,-16.82,-3.47,-0.023,0.034,0.005,1.000,0.100,0.100,0.100,1,13.3,102.0,763,804,16,115,0
18.50,climb_cruise,442.0,442.0,34189.2,-21295,-38.88,-166.03,324.20,9.64,15.0,125.0,0,0,7.35,-16.81,-3.46,-0.023,0.034,0.005,1.000,0.100,0.100,0.100,1,13.2,102.0,763,804,16,115,0
18.52,climb_cruise,442.2,442.2,34182.1,-21408,-39.04,-166.39,324.25,9.65,15.0,125.0,0,0,7.36,-16.81,-3.45,-0.023,0.034,0.005,1.000,0.100,0.100,0.100,1,13.2,102.0,763,804,16,115,0
18.54,climb_cruise,442.3,442.3,34175.0,-21520,-39.20,-166.76,324.29,9.67,15.0,125.0,0,0,7.37,-16.80,-3.44,-0.023,0.034,0.005,1.000,0.100,0.100,0.100,1,13.2,102.0,763,804,16,116,0
18.56,climb_cruise,442.4,442.4,34167.8,-21633,-39.36,-167.12,324.33,9.69,15.0,125.0,0,0,7.38,-16.79,-3.43,-0.023,0.034,0.005,1.000,0.100,0.100,0.100,1,13.2,102.0,763,804,16,115,0
18.58,climb_cruise,442.6,442.6,34160.6,-21745,-39.52,-167.48,324.38,9.71,15.0,125.0,0,0,7.39,-16.78,-3.42,-0.023,0.034,0.005,1.000,0.100,0.100,0.100,1,13.1,102.0,763,804,16,115,0
18.60,climb_cruise,442.7,442.7,34153.3,-21858,-39.68,-167.85,324.42,9.73,15.0,125.0,0,0,7.40,-16.78,-3.41,-0.023,0.034,0.005,1.000,0.100,0.100,0.100,1,13.1,102.0,763,804,16,115,0
18.62,climb_cruise,442.8,442.8,34146.0,-21971,-39.84,-168.21,324.47,9.74,15.0,125.0,0,0,7.41,-16.77,-3.40,-0.023,0.034,0.005,1.000,0.100,0.100,0.100,1,13.1,102.0,763,804,16,115,0
18.64,climb_cruise,443.0,443.0,34138.7,-22084,-40.00,-168.58,324.52,9.76,15.0,125.0,0,0,7.42,-16.76,-3.39,-0.023,0.034,0.005,1.000,0.100,0.100,0.100,1,13.1,102.0,763,804,16,114,0
18.66,climb_cruise,443.1,443.1,34131.3,-22197,-40.16,-168.95,324.56,9.78,15.0,125.0,0,0,7.43,-16.75,-3.38,-0.023,0.034,0.005,1.000,0.100,0.100,0.100,1,13.0,102.0,763,804,16,114,0
18.68,climb_cruise,443.2,443.2,34123.9,-22311,-40.32,-169.31,324.61,9.80,15.0,125.0,0,0,7.44,-16.75,-3.37,-0.023,0.034,0.005,1.000,0.100,0.100,0.100,1,13.0,102.0,763,804,16,114,0
18.70,climb_cruise,443.4,443.4,34116.4,-22424,-40.47,-169.68,324.67,9.81,15.0,125.0,0,0,7.45,-16.74,-3.36,-0.023,0.034,0.005,1.000,0.100,0.100,0.100,1,13.0,102.0,763,804,16,115,0
18.72,climb_cruise,443.5,443.5,34108.9,-22537,-40.63,-170.05,324.72,9.83,15.0,125.0,0,0,7.47,-16.73,-3.35,-0.023,0.034,0.005,1.000,0.100,0.100,0.100,1,13.0,102.0,763,804,16,116,0
18.74,climb_cruise,443.6,443.6,34101.4,-22651,-40.79,-170.42,324.77,9.85,15.0,125.0,0,0,7.48,-16.72,-3.34,-0.023,0.034,0.005,1.000,0.100,0.100,0.100,1,12.9,102.0,763,804,16,116,0
18.76,climb_cruise,443.8,443.8,34093.8,-22765,-40.95,-170.79,324.83,9.87,15.0,125.0,0,0,7.49,-16.72,-3.33,-0.023,0.034,0.005,1.000,0.100,0.100,0.100,1,12.9,102.0,763,804,16,115,0
18.78,climb_cruise,443.9,443.9,34086.2,-22879,-41.11,-171.16,324.88,9.89,15.0,125.0,0,0,7.50,-16.71,-3.32,-0.023,0.034,0.005,1.000,0.100,0.100,0.100,1,12.9,102.0,763,804,16,114,0
18.80,climb_cruise,444.0,444.0,34078.6,-22992,-41.27,-171.53,324.94,9.90,15.0,125.0,0,0,7.51,-16.70,-3.31,-0.023,0.034,0.005,1.000,0.100,0.100,0.100,1,12.8,102.0,763,804,16,114,0
18.82,climb_cruise,444.2,444.2,34070.9,-23106,-41.43,-171.91,325.00,9.92,15.0,125.0,0,0,7.52,-16.69,-3.30,-0.023,0.034,0.005,1.000,0.100,0.100,0.100,1,12.8,102.0,763,804,16,116,0
18.84,climb_cruise,444.3,444.3,34063.2,-23220,-41.58,-172.28,325.06,9.94,15.0,125.0,0,0,7.53,-16.68,-3.29,-0.023,0.034,0.005,1.000,0.100,0.100,0.100,1,12.8,102.0,763,804,16,115,0
18.86,climb_cruise,444.5,444.5,34055.4,-23335,-41.74,-172.65,325.12,9.96,15.0,125.0,0,0,7.54,-16.68,-3.28,-0.023,0.034,0.005,1.000,0.100,0.100,0.100,1,12.8,102.0,763,804,16,116,0
18.88,climb_cruise,444.6,444.6,34047.7,-23449,-41.90,-173.03,325.18,9.98,15.0,125.0,0,0,7.55,-16.67,-3.27,-0.023,0.034,0.005,1.000,0.100,0.100,0.100,1,12.7,102.0,763,804,16,114,0
18.90,climb_cruise,444.7,444.7,34039.8,-23563,-42.06,-173.40,325.24,9.99,15.0,125.0,0,0,7.56,-16.66,-3.26,-0.023,0.034,0.005,1.000,0.100,0.100,0.100,1,12.7,102.0,763,804,16,115,0
18.92,climb_cruise,444.9,444.9,34032.0,-23677,-42.21,-173.78,325.31,10.01,15.0,125.0,0,0,7.57,-16.65,-3.26,-0.023,0.034,0.005,1.000,0.100,0.100,0.100,1,12.7,102.0,763,804,16,115,0
18.94,climb_cruise,445.0,445.0,34024.0,-23792,-42.37,-174.16,325.37,10.03,15.0,125.0,0,0,7.58,-16.64,-3.25,-0.023,0.034,0.005,1.000,0.100,0.100,0.100,1,12.7,102.0,763,804,16,115,0
18.96,climb_cruise,445.2,445.2,34016.1,-23906,-42.53,-174.54,325.44,10.05,15.0,125.0,0,0,7.59,-16.63,-3.24,-0.023,0.034,0.005,1.000,0.100,0.100,0.100,1,12.6,102.0,763,804,16,115,0
18.98,climb_cruise,445.3,445.3,34008.1,-24021,-42.69,-174.91,325.51,10.07,15.0,125.0,0,0,7.60,-16.63,-3.23,-0.023,0.034,0.005,1.000,0.100,0.100,0.100,1,12.6,102.0,763,804,16,115,0
19.00,climb_cruise,445.5,445.5,34000.1,-24136,-42.84,-175.29,325.58,10.08,15.0,125.0,0,0,7.61,-16.62,-3.22,-0.023,0.034,0.005,1.000,0.100,0.100,0.100,1,12.6,102.0,763,804,16,114,0
19.02,climb_cruise,445.6,445.6,33992.0,-24250,-43.00,-175.67,325.65,10.10,15.0,125.0,0,0,7.62,-16.61,-3.21,-0.023,0.034,0.005,1.000,0.100,0.100,0.100,1,12.6,102.0,763,804,16,116,0
19.04,climb_cruise,445.8,445.8,33983.9,-24365,-43.16,-176.06,325.72,10.12,15.0,125.0,0,0,7.63,-16.60,-3.20,-0.023,0.034,0.005,1.000,0.100,0.100,0.100,1,12.5,102.0,763,804,16,116,0
19.06,climb_cruise,445.9,445.9,33975.8,-24480,-43.31,-176.44,325.80,10.14,15.0,125.0,0,0,7.64,-16.59,-3.19,-0.023,0.034,0.005,1.000,0.100,0.100,0.100,1,12.5,102.0,763,804,16,116,0
19.08,climb_cruise,446.1,446.1,33967.6,-24595,-43.47,-176.82,325.87,10.16,15.0,125.0,0,0,7.65,-16.58,-3.18,-0.023,0.034,0.005,1.000,0.100,0.100,0.100,1,12.5,102.0,763,804,16,116,0
19.10,climb_cruise,446.2,446.2,33959.4,-24710,-43.63,-177.21,325.95,10.17,15.0,125.0,0,0,7.66,-16.57,-3.17,-0.023,0.034,0.005,1.000,0.100,0.100,0.100,1,12.5,102.0,763,804,16,115,0
19.12,climb_cruise,446.4,446.4,33951.2,-24825,-43.78,-177.59,326.03,10.19,15.0,125.0,0,0,7.67,-16.56,-3.16,-0.023,0.034,0.005,1.000,0.100,0.100,0.100,1,12.4,102.0,763,804,16,116,0
19.14,climb_cruise,446.5,446.5,33942.9,-24939,-43.94,-177.98,326.11,10.21,15.0,125.0,0,0,7.68,-16.56,-3.15,-0.023,0.034,0.005,1.000,0.100,0.100,0.100,1,12.4,102.0,763,804,16,116,0
19.16,climb_cruise,446.7,446.7,33934.5,-25054,-44.09,-178.36,326.19,10.23,15.0,125.0,0,0,7.69,-16.55,-3.14,-0.023,0.034,0.005,1.000,0.100,0.100,0.100,1,12.4,102.0,763,804,16,116,0
19.18,climb_cruise,446.8,446.8,33926.2,-25170,-44.25,-178.75,326.27,10.25,15.0,125.0,0,0,7.70,-16.54,-3.13,-0.023,0.034,0.005,1.000,0.100,0.100,0.100,1,12.4,102.0,763,804,16,116,0
19.20,climb_cruise,447.0,447.0,33917.8,-25285,-44.40,-179.14,326.35,10.26,15.0,125.0,0,0,7.70,-16.53,-3.12,-0.023,0.034,0.005,1.000,0.100,0.100,0.100,1,12.3,102.0,763,804,16,116,0
19.22,climb_cruise,447.1,447.1,33909.3,-25400,-44.56,-179.53,326.44,10.28,15.0,125.0,0,0,7.71,-16.52,-3.12,-0.023,0.034,0.005,1.000,0.100,0.100,0.100,1,12.3,102.0,763,804,16,114,0
19.24,climb_cruise,447.3,447.3,33900.8,-25515,-44.71,-179.92,326.52,10.30,15.0,125.0,0,0,7.72,-16.51,-3.11,-0.023,0.034,0.005,1.000,0.100,0.100,0.100,1,12.3,102.0,763,804,16,115,0
19.26,climb_cruise,447.4,447.4,33892.3,-25630,-44.87,179.69,326.61,10.32,15.0,125.0,0,0,7.73,-16.50,-3.10,-0.023,0.034,0.005,1.000,0.100,0.100,0.100,1,12.3,102.0,763,804,16,115,0
19.28,climb_cruise,447.6,447.6,33883.8,-25745,-45.02,179.29,326.70,10.34,15.0,125.0,0,0,7.74,-16.49,-3.09,-0.023,0.034,0.005,1.000,0.100,0.100,0.100,1,12.2,102.0,763,804,16,115,0
19.30,climb_cruise,447.8,447.8,33875.2,-25860,-45.18,178.90,326.79,10.35,15.0,125.0,0,0,7.75,-16.48,-3.08,-0.023,0.034,0.005,1.000,0.100,0.100,0.100,1,12.2,102.0,763,804,16,114,0
19.32,climb_cruise,447.9,447.9,33866.5,-25975,-45.33,178.50,326.88,10.37,15.0,125.0,0,0,7.76,-16.47,-3.07,-0.023,0.034,0.005,1.000,0.100,0.100,0.100,1,12.2,102.0,763,804,16,114,0
19.34,climb_cruise,448.1,448.1,33857.9,-26091,-45.48,178.11,326.98,10.39,15.0,125.0,0,0,7.77,-16.46,-3.06,-0.023,0.034,0.005,1.000,0.100,0.100,0.100,1,12.2,102.0,763,804,16,115,0
19.36,climb_cruise,448.2,448.2,33849.1,-26206,-45.64,177.71,327.07,10.41,15.0,125.0,0,0,7.78,-16.45,-3.05,-0.023,0.034,0.005,1.000,0.100,0.100,0.100,1,12.1,102.0,763,804,16,114,0
19.38,climb_cruise,448.4,448.4,33840.4,-26321,-45.79,177.31,327.17,10.43,15.0,125.0,0,0,7.79,-16.44,-3.04,-0.023,0.034,0.005,1.000,0.100,0.100,0.100,1,12.1,102.0,763,804,16,115,0
19.40,climb_cruise,448.6,448.6,33831.6,-26436,-45.94,176.91,327.27,10.45,15.0,125.0,0,0,7.80,-16.44,-3.03,-0.023,0.034,0.005,1.000,0.100,0.100,0.100,1,12.1,102.0,763,804,16,116,0
19.42,climb_cruise,448.7,448.7,33822.8,-26551,-46.10,176.51,327.37,10.46,15.0,125.0,0,0,7.81,-16.43,-3.03,-0.023,0.034,0.005,1.000,0.100,0.100,0.100,1,12.1,102.0,763,804,16,115,0
19.44,climb_cruise,448.9,448.9,33813.9,-26667,-46.25,176.11,327.47,10.48,15.0,125.0,0,0,7.81,-16.42,-3.02,-0.023,0.034,0.005,1.000,0.100,0.100,0.100,1,12.1,102.0,763,804,16,116,0
19.46,climb_cruise,449.1,449.1,33805.0,-26782,-46.40,175.71,327.57,10.50,15.0,125.0,0,0,7.82,-16.44,-3.01,-0.023,0.033,0.005,1.000,0.100,0.100,0.100,1,12.0,102.0,763,804,16,115,0
19.48,climb_cruise,449.2,449.2,33796.1,-26897,-46.55,175.30,327.68,10.52,15.0,125.0,0,0,7.83,-16.45,-3.00,-0.023,0.032,0.005,1.000,0.100,0.100,0.100,1,12.0,102.0,763,804,16,115,0
19.50,climb_cruise,449.4,449.4,33787.1,-27012,-46.70,174.89,327.79,10.54,15.0,125.0,0,0,7.84,-16.47,-2.99,-0.023,0.031,0.005,1.000,0.100,0.100,0.100,1,12.0,102.0,763,804,16,116,0
19.52,climb_cruise,449.6,449.6,33778.1,-27127,-46.85,174.49,327.89,10.55,15.0,125.0,0,0,7.85,-16.49,-2.98,-0.023,0.029,0.005,1.000,0.100,0.100,0.100,1,12.0,102.0,763,804,16,115,0
19.54,climb_cruise,449.7,449.7,33769.0,-27242,-47.00,174.08,328.00,10.57,15.0,125.0,0,0,7.86,-16.51,-2.97,-0.023,0.028,0.005,1.000,0.100,0.100,0.100,1,11.9,102.0,763,804,16,115,0
19.56,climb_cruise,449.9,449.9,33759.9,-27357,-47.15,173.66,328.11,10.59,15.0,125.0,0,0,7.86,-16.52,-2.97,-0.023,0.027,0.005,1.000,0.100,0.100,0.100,1,11.9,102.0,763,804,16,115,0
19.58,climb_cruise,450.1,450.1,33750.8,-27472,-47.30,173.25,328.23,10.61,15.0,125.0,0,0,7.87,-16.54,-2.96,-0.023,0.026,0.005,1.000,0.100,0.100,0.100,1,11.9,102.0,763,804,16,115,0
19.60,climb_cruise,450.2,450.2,33741.6,-27587,-47.45,172.83,328.34,10.63,15.0,125.0,0,0,7.88,-16.56,-2.95,-0.023,0.025,0.005,1.000,0.100,0.100,0.100,1,11.9,102.0,763,804,16,114,0
19.62,climb_cruise,450.4,450.4,33732.4,-27702,-47.60,172.42,328.46,10.65,15.0,125.0,0,0,7.89,-16.58,-2.95,-0.023,0.024,0.005,1.000,0.100,0.100,0.100,1,11.8,102.0,763,804,16,114,0
19.64,climb_cruise,450.6,450.6,33723.1,-27817,-47.75,172.00,328.58,10.66,15.0,125.0,0,0,7.89,-16.60,-2.94,-0.023,0.023,0.005,1.000,0.100,0.100,0.100,1,11.8,102.0,763,804,16,115,0
19.66,climb_cruise,450.8,450.8,33713.9,-27932,-47.90,171.58,328.70,10.68,15.0,125.0,0,0,7.90,-16.62,-2.94,-0.023,0.022,0.005,1.000,0.100,0.100,0.100,1,11.8,102.0,763,804,16,115,0
19.68,climb_cruise,450.9,450.9,33704.5,-28047,-48.04,171.15,328.82,10.70,15.0,125.0,0,0,7.91,-16.63,-2.93,-0.023,0.021,0.005,1.000,0.100,0.100,0.100,1,11.8,102.0,763,804,16,115,0
19.70,climb_cruise,451.1,451.1,33695.2,-28161,-48.19,170.73,328.94,10.72,15.0,125.0,0,0,7.91,-16.65,-2.93,-0.023,0.020,0.005,1.000,0.100,0.100,0.100,1,11.7,102.0,763,804,16,115,0
19.72,climb_cruise,451.3,451.3,33685.8,-28276,-48.34,170.30,329.07,10.74,15.0,125.0,0,0,7.92,-16.67,-2.92,-0.023,0.019,0.005,1.000,0.100,0.100,0.100,1,11.7,102.0,763,804,16,114,0
19.74,climb_cruise,451.5,451.5,33676.3,-28391,-48.48,169.87,329.20,10.76,15.0,125.0,0,0,7.93,-16.69,-2.92,-0.023,0.018,0.005,1.000,0.100,0.100,0.100,1,11.7,102.0,763,804,16,115,0
19.76,climb_cruise,451.6,451.6,33666.8,-28505,-48.63,169.44,329.33,10.77,15.0,125.0,0,0,7.93,-16.71,-2.92,-0.023,0.017,0.005,1.000,0.100,0.100,0.100,1,11.7,102.0,763,804,16,115,0
19.78,climb_cruise,451.8,451.8,33657.3,-28620,-48.77,169.01,329.46,10.79,15.0,125.0,0,0,7.94,-16.73,-2.91,-0.023,0.016,0.005,1.000,0.100,0.100,0.100,1,11.6,102.0,763,804,16,115,0
19.80,climb_cruise,452.0,452.0,33647.8,-28734,-48.92,168.57,329.59,10.81,15.0,125.0,0,0,7.94,-16.75,-2.91,-0.023,0.015,0.005,1.000,0.100,0.100,0.100,1,11.6,102.0,763,804,16,115,0
19.82,climb_cruise,452.2,452.2,33638.2,-28848,-49.06,168.13,329.73,10.83,15.0,125.0,0,0,7.95,-16.77,-2.91,-0.023,0.014,0.005,1.000,0.100,0.100,0.100,1,11.6,102.0,763,804,16,116,0
19.84,climb_cruise,452.4,452.4,33628.6,-28962,-49.21,167.69,329.87,10.85,15.0,125.0,0,0,7.96,-16.79,-2.90,-0.023,0.013,0.005,1.000,0.100,0.100,0.100,1,11.6,102.0,763,804,16,114,0
19.86,climb_cruise,452.5,452.5,33618.9,-29077,-49.35,167.25,330.01,10.87,15.0,125.0,0,0,7.96,-16.81,-2.90,-0.023,0.012,0.005,1.000,0.100,0.100,0.100,1,11.6,102.0,763,804,16,116,0
19.88,climb_cruise,452.7,452.7,33609.2,-29191,-49.49,166.81,330.15,10.88,15.0,125.0,0,0,7.97,-16.83,-2.90,-0.023,0.011,0.005,1.000,0.100,0.100,0.100,1,11.5,102.0,763,804,16,115,0
19.90,climb_cruise,452.9,452.9,33599.4,-29305,-49.63,166.36,330.29,10.90,15.0,125.0,0,0,7.97,-16.86,-2.90,-0.023,0.010,0.005,1.000,0.100,0.100,0.100,1,11.5,102.0,763,804,16,114,0
19.92,climb_cruise,453.1,453.1,33589.6,-29418,-49.77,165.91,330.44,10.92,15.0,125.0,0,0,7.98,-16.88,-2.90,-0.023,0.009,0.005,1.000,0.100,0.100,0.100,1,11.5,102.0,763,804,16,115,0
19.94,climb_cruise,453.3,453.3,33579.8,-29532,-49.91,165.46,330.59,10.94,15.0,125.0,0,0,7.98,-16.90,-2.89,-0.023,0.008,0.005,1.000,0.100,0.100,0.100,1,11.5,102.0,763,804,16,115,0
19.96,climb_cruise,453.5,453.5,33570.0,-29646,-50.05,165.01,330.74,10.96,15.0,125.0,0,0,7.99,-16.92,-2.89,-0.023,0.007,0.005,1.000,0.100,0.100,0.100,1,11.4,102.0,763,804,16,115,0
19.98,climb_cruise,453.6,453.6,33560.1,-29759,-50.19,164.55,330.89,10.98,15.0,125.0,0,0,8.00,-16.94,-2.89,-0.023,0.006,0.005,1.000,0.100,0.100,0.100,1,11.4,102.0,763,804,16,116,0
20.00,climb_cruise,453.8,453.8,33550.1,-29873,-50.33,164.09,331.04,10.99,15.0,125.0,0,0,8.00,-16.96,-2.89,-0.023,0.005,0.005,1.000,0.100,0.100,0.100,1,11.4,102.0,763,804,16,115,0
20.02,climb_cruise,454.0,454.0,33540.2,-29986,-50.47,163.63,331.20,11.01,15.0,125.0,0,0,8.01,-16.98,-2.89,-0.023,0.004,0.005,1.000,0.100,0.100,0.100,1,11.4,102.0,763,804,16,115,0
20.04,climb_cruise,454.2,454.2,33530.1,-30099,-50.61,163.17,331.36,11.03,15.0,125.0,0,0,8.01,-17.00,-2.89,-0.023,0.003,0.005,1.000,0.100,0.100,0.100,1,11.3,102.0,763,804,16,114,0
20.06,climb_cruise,454.4,454.4,33520.1,-30212,-50.74,162.71,331.52,11.05,15.0,125.0,0,0,8.02,-17.03,-2.88,-0.023,0.002,0.005,1.000,0.100,0.100,0.100,1,11.3,102.0,763,804,16,115,0
20.08,climb_cruise,454.6,454.6,33510.0,-30325,-50.88,162.24,331.69,11.07,15.0,125.0,0,0,8.02,-17.05,-2.88,-0.023,0.001,0.005,1.000,0.100,0.100,0.100,1,11.3,102.0,763,804,16,115,0
20.10,climb_cruise,454.8,454.8,33499.9,-30438,-51.01,161.77,331.85,11.09,15.0,125.0,0,0,8.03,-17.07,-2.88,-0.023,-0.000,0.005,1.000,0.100,0.100,0.100,1,11.3,102.0,763,804,16,115,0
20.12,climb_cruise,455.0,455.0,33489.7,-30551,-51.15,161.30,332.02,11.11,15.0,125.0,0,0,8.04,-17.09,-2.88,-0.023,-0.001,0.005,1.000,0.100,0.100,0.100,1,11.3,102.0,763,804,16,116,0
20.14,climb_cruise,455.2,455.2,33479.5,-30663,-51.28,160.82,332.19,11.12,15.0,125.0,0,0,8.04,-17.11,-2.88,-0.023,-0.002,0.005,1.000,0.100,0.100,0.100,1,11.2,102.0,763,804,16,116,0
20.16,climb_cruise,455.4,455.4,33469.3,-30776,-51.41,160.34,332.36,11.14,15.0,125.0,0,0,8.05,-17.13,-2.88,-0.023,-0.003,0.005,1.000,0.100,0.100,0.100,1,11.2,102.0,763,804,16,116,0
20.18,climb_cruise,455.5,455.5,33459.0,-30888,-51.55,159.86,332.54,11.16,15.0,125.0,0,0,8.05,-17.16,-2.88,-0.023,-0.004,0.005,1.000,0.100,0.100,0.100,1,11.2,102.0,763,804,16,116,0
20.20,climb_cruise,455.7,455.7,33448.7,-31000,-51.68,159.38,332.71,11.18,15.0,125.0,0,0,7.87,-17.09,-2.91,0.000,0.000,0.000,1.000,0.100,0.100,0.100,1,11.2,102.0,763,804,16,114,0
20.22,climb_cruise,455.9,455.9,33438.4,-31112,-51.80,158.90,332.89,11.19,15.0,125.0,0,0,7.74,-17.09,-2.94,0.000,0.000,0.000,1.000,0.100,0.100,0.100,1,11.1,102.0,763,804,16,116,0
20.24,climb_cruise,456.1,456.1,33428.0,-31223,-51.92,158.42,333.07,11.20,15.0,125.0,0,0,7.64,-17.10,-2.96,0.000,0.000,0.000,1.000,0.100,0.100,0.100,1,11.1,102.0,763,804,16,115,0
20.26,climb_cruise,456.3,456.3,33417.6,-31335,-52.04,157.93,333.25,11.21,15.0,125.0,0,0,7.58,-17.12,-2.97,0.000,0.000,0.000,1.000,0.100,0.100,0.100,1,11.1,102.0,763,804,16,115,0
20.28,climb_cruise,456.5,456.5,33407.1,-31446,-52.16,157.45,333.44,11.22,15.0,125.0,0,0,7.56,-17.13,-2.98,0.000,0.000,0.000,1.000,0.100,0.100,0.100,1,11.1,102.0,763,804,16,116,0
20.30,climb_cruise,456.7,456.7,33396.6,-31557,-52.28,156.96,333.62,11.23,15.0,125.0,0,0,7.56,-17.14,-2.98,0.000,0.000,0.000,1.000,0.100,0.100,0.100,1,11.1,102.0,763,804,16,116,0
20.32,climb_cruise,456.9,456.9,33386.1,-31668,-52.39,156.47,333.81,11.24,15.0,125.0,0,0,7.59,-17.14,-2.98,0.000,0.000,0.000,1.000,0.100,0.100,0.100,1,11.0,102.0,763,804,16,115,0
20.34,climb_cruise,457.1,457.1,33375.5,-31779,-52.51,155.97,334.00,11.25,15.0,125.0,0,0,7.63,-17.14,-2.98,0.000,0.000,0.000,1.000,0.100,0.100,0.100,1,11.0,102.0,763,804,16,115,0
20.36,climb_cruise,457.3,457.3,33364.9,-31889,-52.62,155.48,334.19,11.26,15.0,125.0,0,0,7.68,-17.14,-2.97,0.000,0.000,0.000,1.000,0.100,0.100,0.100,1,11.0,102.0,763,804,16,115,0
20.38,climb_cruise,457.5,457.5,33354.2,-31999,-52.74,154.98,334.39,11.27,15.0,125.0,0,0,7.74,-17.14,-2.96,0.000,0.000,0.000,1.000,0.100,0.100,0.100,1,11.0,102.0,763,804,16,115,0
20.40,climb_cruise,457.7,457.7,33343.6,-32109,-52.85,154.48,334.59,11.28,15.0,125.0,0,0,7.81,-17.13,-2.95,0.000,0.000,0.000,1.000,0.100,0.100,0.100,1,10.9,102.0,763,804,16,115,0
20.42,climb_cruise,457.9,457.9,33332.8,-32219,-52.97,153.98,334.79,11.29,15.0,125.0,0,0,7.88,-17.12,-2.94,0.000,0.000,0.000,1.000,0.100,0.100,0.100,1,10.9,102.0,763,804,16,115,0
20.44,climb_cruise,458.1,458.1,33322.1,-32328,-53.08,153.47,334.99,11.31,15.0,125.0,0,0,7.94,-17.11,-2.92,0.000,0.000,0.000,1.000,0.100,0.100,0.100,1,10.9,102.0,763,804,16,114,0
20.46,climb_cruise,458.3,458.3,33311.3,-32437,-53.20,152.96,335.20,11.32,15.0,125.0,0,0,8.00,-17.10,-2.91,0.000,0.000,0.000,1.000,0.100,0.100,0.100,1,10.9,102.0,763,804,16,115,0
20.48,climb_cruise,458.5,458.5,33300.5,-32546,-53.32,152.45,335.41,11.34,15.0,125.0,0,0,8.05,-17.09,-2.89,0.000,0.000,0.000,1.000,0.100,0.100,0.100,1,10.9,102.0,763,804,16,115,0
20.50,climb_cruise,458.7,458.7,33289.6,-32655,-53.43,151.94,335.62,11.36,15.0,125.0,0,0,8.10,-17.07,-2.87,0.000,0.000,0.000,1.000,0.100,0.100,0.100,1,10.8,102.0,763,804,16,115,0
20.52,climb_cruise,458.9,458.9,33278.7,-32763,-53.55,151.43,335.83,11.38,15.0,125.0,0,0,8.14,-17.06,-2.86,0.000,0.000,0.000,1.000,0.100,0.100,0.100,1,10.8,102.0,763,804,16,115,0
20.54,climb_cruise,459.1,459.1,33267.8,-32872,-53.66,150.91,336.05,11.39,15.0,125.0,0,0,8.17,-17.04,-2.84,0.000,0.000,0.000,1.000,0.100,0.100,0.100,1,10.8,102.0,763,804,16,116,0
20.56,climb_cruise,459.4,459.4,33256.8,-32980,-53.78,150.40,336.27,11.41,15.0,125.0,0,0,8.19,-17.03,-2.83,0.000,0.000,0.000,1.000,0.100,0.100,0.100,1,10.8,102.0,763,804,16,115,0
20.58,climb_cruise,459.6,459.6,33245.8,-33087,-53.89,149.88,336.49,11.43,15.0,125.0,0,0,8.21,-17.01,-2.81,0.000,0.000,0.000,1.000,0.100,0.100,0.100,1,10.8,102.0,763,804,16,115,0
20.60,climb_cruise,459.8,459.8,33234.7,-33195,-54.01,149.36,336.71,11.45,15.0,125.0,0,0,8.22,-16.99,-2.80,0.000,0.000,0.000,1.000,0.100,0.100,0.100,1,10.7,102.0,763,804,16,115,0
20.62,climb_cruise,460.0,460.0,33223.7,-33302,-54.12,148.83,336.94,11.47,15.0,125.0,0,0,8.23,-16.98,-2.78,0.000,0.000,0.000,1.000,0.100,0.100,0.100,1,10.7,102.0,763,804,16,115,0
20.64,climb_cruise,460.2,460.2,33212.5,-33409,-54.23,148.31,337.17,11.49,15.0,125.0,0,0,8.24,-16.96,-2.77,0.000,0.000,0.000,1.000,0.100,0.100,0.100,1,10.7,102.0,763,804,16,115,0
20.66,climb_cruise,460.4,460.4,33201.4,-33516,-54.34,147.78,337.40,11.51,15.0,125.0,0,0,8.24,-16.95,-2.76,0.000,0.000,0.000,1.000,0.100,0.100,0.100,1,10.7,102.0,763,804,16,115,0
20.68,climb_cruise,460.6,460.6,33190.2,-33623,-54.45,147.26,337.63,11.53,15.0,125.0,0,0,8.24,-16.93,-2.75,0.000,0.000,0.000,1.000,0.100,0.100,0.100,1,10.6,102.0,763,804,16,115,0
20.70,climb_cruise,460.8,460.8,33179.0,-33729,-54.56,146.73,337.86,11.55,15.0,125.0,0,0,8.23,-16.92,-2.74,0.000,0.000,0.000,1.000,0.100,0.100,0.100,1,10.6,102.0,763,804,16,115,0
20.72,climb_cruise,461.0,461.0,33167.7,-33835,-54.66,146.20,338.10,11.57,15.0,125.0,0,0,8.23,-16.90,-2.73,0.000,0.000,0.000,1.000,0.100,0.100,0.100,1,10.6,102.0,763,804,16,115,0
20.74,climb_cruise,461.2,461.2,33156.4,-33941,-54.77,145.66,338.34,11.59,15.0,125.0,0,0,8.23,-16.89,-2.72,0.000,0.000,0.000,1.000,0.100,0.100,0.100,1,10.6,102.0,763,804,16,115,0
20.76,climb_cruise,461.4,461.4,33145.1,-34047,-54.88,145.13,338.58,11.61,15.0,125.0,0,0,8.23,-16.88,-2.71,0.000,0.000,0.000,1.000,0.100,0.100,0.100,1,10.6,102.0,763,804,16,116,0
20.78,climb_cruise,461.7,461.7,33133.7,-34152,-54.98,144.59,338.82,11.63,15.0,125.0,0,0,8.22,-16.86,-2.70,0.000,0.000,0.000,1.000,0.100,0.100,0.100,1,10.5,102.0,763,804,16,116,0
20.80,climb_cruise,461.9,461.9,33122.3,-34257,-55.08,144.06,339.06,11.65,15.0,125.0,0,0,8.22,-16.85,-2.70,0.000,0.000,0.000,1.000,0.100,0.100,0.100,1,10.5,102.0,763,804,16,115,0
20.82,climb_cruise,462.1,462.1,33110.9,-34361,-55.18,143.52,339.31,11.66,15.0,125.0,0,0,8.22,-16.84,-2.69,0.000,0.000,0.000,1.000,0.100,0.100,0.100,1,10.5,102.0,763,804,16,115,0
20.84,climb_cruise,462.3,462.3,33099.4,-34466,-55.28,142.98,339.56,11.68,15.0,125.0,0,0,8.23,-16.83,-2.69,0.000,0.000,0.000,1.000,0.100,0.100,0.100,1,10.5,102.0,763,804,16,116,0
20.86,climb_cruise,462.5,462.5,33087.9,-34570,-55.38,142.44,339.81,11.70,15.0,125.0,0,0,8.23,-16.81,-2.68,0.000,0.000,0.000,1.000,0.100,0.100,0.100,1,10.5,102.0,763,804,16,115,0
20.88,climb_cruise,462.7,462.7,33076.4,-34674,-55.48,141.89,340.06,11.72,15.0,125.0,0,0,8.23,-16.80,-2.67,0.000,0.000,0.000,1.000,0.100,0.100,0.100,1,10.4,102.0,763,804,16,116,0
20.90,climb_cruise,463.0,463.0,33064.8,-34777,-55.57,141.35,340.31,11.74,15.0,125.0,0,0,8.24,-16.79,-2.67,0.000,0.000,0.000,1.000,0.100,0.100,0.100,1,10.4,102.0,763,804,16,115,0
20.92,climb_cruise,463.2,463.2,33053.2,-34880,-55.67,140.80,340.57,11.76,15.0,125.0,0,0,8.24,-16.78,-2.66,0.000,0.000,0.000,1.000,0.100,0.100,0.100,1,10.4,102.0,763,804,16,115,0
20.94,climb_cruise,463.4,463.4,33041.6,-34983,-55.76,140.25,340.83,11.77,15.0,125.0,0,0,8.25,-16.77,-2.66,0.000,0.000,0.000,1.000,0.100,0.100,0.100,1,10.4,102.0,763,804,16,115,0
20.96,climb_cruise,463.6,463.6,33029.9,-35085,-55.85,139.70,341.09,11.79,15.0,125.0,0,0,8.26,-16.76,-2.65,0.000,0.000,0.000,1.000,0.100,0.100,0.100,1,10.4,102.0,763,804,16,115,0
20.98,climb_cruise,463.8,463.8,33018.2,-35188,-55.94,139.14,341.35,11.81,15.0,125.0,0,0,8.26,-16.75,-2.65,0.000,0.000,0.000,1.000,0.100,0.100,0.100,1,10.3,102.0,763,804,16,114,0
21.00,climb_cruise,464.0,464.0,33006.5,-35289,-56.03,138.59,341.62,11.83,15.0,125.0,0,0,8.27,-16.74,-2.65,0.000,0.000,0.000,1.000,0.100,0.100,0.100,1,10.3,102.0,763,804,16,116,0
21.02,climb_cruise,464.3,464.3,32994.7,-35391,-56.12,138.03,341.89,11.85,15.0,125.0,0,0,8.28,-16.73,-2.64,0.000,0.000,0.000,1.000,0.100,0.100,0.100,1,10.3,102.0,763,804,16,114,0
21.04,climb_cruise,464.5,464.5,32982.9,-35492,-56.21,137.47,342.16,11.86,15.0,125.0,0,0,8.29,-16.72,-2.64,0.000,0.000,0.000,1.000,0.100,0.100,0.100,1,10.3,102.0,763,804,16,114,0
21.06,climb_cruise,464.7,464.7,32971.0,-35593,-56.30,136.91,342.43,11.88,15.0,125.0,0,0,8.30,-16.71,-2.63,0.000,0.000,0.000,1.000,0.100,0.100,0.100,1,10.2,102.0,763,804,16,114,0
21.08,climb_cruise,464.9,464.9,32959.1,-35693,-56.38,136.35,342.71,11.90,15.0,125.0,0,0,8.31,-16.70,-2.63,0.000,0.000,0.000,1.000,0.100,0.100,0.100,1,10.2,102.0,763,804,16,115,0
21.10,climb_cruise,465.2,465.2,32947.2,-35793,-56.46,135.78,342.98,11.92,15.0,125.0,0,0,8.31,-16.69,-2.63,0.000,0.000,0.000,1.000,0.100,0.100,0.100,1,10.2,102.0,763,804,16,116,0
21.12,climb_cruise,465.4,465.4,32935.3,-35893,-56.55,135.22,343.26,11.94,15.0,125.0,0,0,8.32,-16.68,-2.62,0.000,0.000,0.000,1.000,0.100,0.100,0.100,1,10.2,102.0,763,804,16,115,0
21.14,climb_cruise,465.6,465.6,32923.3,-35993,-56.63,134.65,343.54,11.96,15.0,125.0,0,0,8.33,-16.67,-2.62,0.000,0.000,0.000,1.000,0.100,0.100,0.100,1,10.2,102.0,763,804,16,116,0
21.16,climb_cruise,465.8,465.8,32911.3,-36092,-56.71,134.08,343.83,11.97,15.0,125.0,0,0,8.34,-16.66,-2.61,0.000,0.000,0.000,1.000,0.100,0.100,0.100,1,10.1,102.0,763,804,16,115,0
21.18,climb_cruise,466.1,466.1,32899.3,-36190,-56.78,133.51,344.11,11.99,15.0,125.0,0,0,8.34,-16.65,-2.61,0.000,0.000,0.000,1.000,0.100,0.100,0.100,1,10.1,102.0,763,804,16,115,0
21.20,climb_cruise,466.3,466.3,32887.2,-36288,-56.86,132.93,344.40,12.01,15.0,125.0,0,0,8.35,-16.64,-2.61,0.000,0.000,0.000,1.000,0.100,0.100,0.100,1,10.1,102.0,763,804,16,115,0
21.22,climb_cruise,466.5,466.5,32875.1,-36386,-56.93,132.36,344.69,12.03,15.0,125.0,0,0,8.36,-16.63,-2.60,0.000,0.000,0.000,1.000,0.100,0.100,0.100,1,10.1,102.0,763,804,16,115,0
21.24,climb_cruise,466.7,466.7,32862.9,-36484,-57.01,131.78,344.98,12.05,15.0,125.0,0,0,8.36,-16.62,-2.60,0.000,0.000,0.000,1.000,0.100,0.100,0.100,1,10.1,102.0,763,804,16,114,0
21.26,climb_cruise,467.0,467.0,32850.8,-36581,-57.08,131.20,345.28,12.07,15.0,125.0,0,0,8.37,-16.61,-2.60,0.000,0.000,0.000,1.000,0.100,0.100,0.100,1,10.0,102.0,763,804,16,114,0
21.28,climb_cruise,467.2,467.2,32838.5,-36678,-57.15,130.62,345.57,12.08,15.0,125.0,0,0,8.38,-16.60,-2.59,0.000,0.000,0.000,1.000,0.100,0.100,0.100,1,10.0,102.0,763,804,16,115,0
21.30,climb_cruise,467.4,467.4,32826.3,-36774,-57.22,130.04,345.87,12.10,15.0,125.0,0,0,8.38,-16.59,-2.59,0.000,0.000,0.000,1.000,0.100,0.100,0.100,1,10.0,102.0,763,804,16,115,0
21.32,climb_cruise,467.6,467.6,32814.0,-36870,-57.29,129.45,346.17,12.12,15.0,125.0,0,0,8.39,-16.58,-2.59,0.000,0.000,0.000,1.000,0.100,0.100,0.100,1,10.0,102.0,763,804,16,115,0
21.34,climb_cruise,467.9,467.9,32801.7,-36965,-57.35,128.87,346.47,12.14,15.0,125.0,0,0,8.40,-16.57,-2.58,0.000,0.000,0.000,1.000,0.100,0.100,0.100,1,10.0,102.0,763,804,16,116,0
21.36,climb_cruise,468.1,468.1,32789.4,-37060,-57.42,128.28,346.77,12.16,15.0,125.0,0,0,8.40,-16.56,-2.58,0.000,0.000,0.000,1.000,0.100,0.100,0.100,1,9.9,102.0,763,804,16,116,0
21.38,climb_cruise,468.3,468.3,32777.0,-37155,-57.48,127.69,347.08,12.18,15.0,125.0,0,0,8.41,-16.55,-2.58,0.000,0.000,0.000,1.000,0.100,0.100,0.100,1,9.9,102.0,763,804,16,116,0
21.40,climb_cruise,468.6,468.6,32764.6,-37249,-57.54,127.10,347.39,12.19,15.0,125.0,0,0,8.41,-16.54,-2.57,0.000,0.000,0.000,1.000,0.100,0.100,0.100,1,9.9,102.0,763,804,16,114,0
21.42,climb_cruise,468.8,468.8,32752.2,-37343,-57.60,126.51,347.70,12.21,15.0,125.0,0,0,8.42,-16.53,-2.57,0.000,0.000,0.000,1.000,0.100,0.100,0.100,1,9.9,102.0,763,804,16,115,0
21.44,climb_cruise,469.0,469.0,32739.7,-37436,-57.66,125.92,348.01,12.23,15.0,125.0,0,0,8.43,-16.52,-2.57,0.000,0.000,0.000,1.000,0.100,0.100,0.100,1,9.9,102.0,763,804,16,115,0
21.46,climb_cruise,469.3,469.3,32727.2,-37529,-57.72,125.32,348.32,12.25,15.0,125.0,0,0,8.43,-16.51,-2.56,0.000,0.000,0.000,1.000,0.100,0.100,0.100,1,9.8,102.0,763,804,16,116,0
21.48,climb_cruise,469.5,469.5,32714.7,-37622,-57.77,124.73,348.63,12.27,15.0,125.0,0,0,8.44,-16.50,-2.56,0.000,0.000,0.000,1.000,0.100,0.100,0.100,1,9.8,102.0,763,804,16,115,0
21.50,climb_cruise,469.7,469.7,32702.2,-37714,-57.82,124.13,348.95,12.29,15.0,125.0,0,0,8.45,-16.49,-2.56,0.000,0.000,0.000,1.000,0.100,0.100,0.100,1,9.8,102.0,763,804,16,116,0
21.52,climb_cruise,470.0,470.0,32689.6,-37805,-57.88,123.53,349.27,12.30,15.0,125.0,0,0,8.45,-16.48,-2.55,0.000,0.000,0.000,1.000,0.100,0.100,0.100,1,9.8,102.0,763,804,16,114,0
21.54,climb_cruise,470.2,470.2,32677.0,-37896,-57.93,122.93,349.58,12.32,15.0,125.0,0,0,8.46,-16.47,-2.55,0.000,0.000,0.000,1.000,0.100,0.100,0.100,1,9.8,102.0,763,804,16,116,0
21.56,climb_cruise,470.4,470.4,32664.3,-37987,-57.97,122.33,349.91,12.34,15.0,125.0,0,0,8.47,-16.46,-2.55,0.000,0.000,0.000,1.000,0.100,0.100,0.100,1,9.7,102.0,763,804,16,115,0
21.58,climb_cruise,470.7,470.7,32651.7,-38077,-58.02,121.73,350.23,12.36,15.0,125.0,0,0,8.47,-16.45,-2.55,0.000,0.000,0.000,1.000,0.100,0.100,0.100,1,9.7,102.0,763,804,16,115,0
21.60,climb_cruise,470.9,470.9,32638.9,-38167,-58.07,121.13,350.55,12.38,15.0,125.0,0,0,8.48,-16.44,-2.54,0.000,0.000,0.000,1.000,0.100,0.100,0.100,1,9.7,102.0,763,804,16,115,0
21.62,climb_cruise,471.1,471.1,32626.2,-38256,-58.11,120.52,350.88,12.40,15.0,125.0,0,0,8.48,-16.44,-2.54,0.000,0.000,0.000,1.000,0.100,0.100,0.100,1,9.7,102.0,763,804,16,116,0
21.64,climb_cruise,471.4,471.4,32613.4,-38345,-58.15,119.92,351.20,12.41,15.0,125.0,0,0,8.49,-16.43,-2.54,0.000,0.000,0.000,1.000,0.100,0.100,0.100,1,9.7,102.0,763,804,16,115,0
21.66,climb_cruise,471.6,471.6,32600.7,-38433,-58.19,119.31,351.53,12.43,15.0,125.0,0,0,8.50,-16.42,-2.54,0.000,0.000,0.000,1.000,0.100,0.100,0.100,1,9.7,102.0,763,804,16,114,0
21.68,climb_cruise,471.8,471.8,32587.8,-38521,-58.23,118.70,351.86,12.45,15.0,125.0,0,0,8.50,-16.41,-2.54,0.000,0.000,0.000,1.000,0.100,0.100,0.100,1,9.6,102.0,763,804,16,115,0
21.70,climb_cruise,472.1,472.1,32575.0,-38609,-58.27,118.09,352.19,12.47,15.0,125.0,0,0,8.51,-16.40,-2.53,0.000,0.000,0.000,1.000,0.100,0.100,0.100,1,9.6,102.0,763,804,16,115,0
21.72,climb_cruise,472.3,472.3,32562.1,-38695,-58.30,117.48,352.52,12.49,15.0,125.0,0,0,8.52,-16.39,-2.53,0.000,0.000,0.000,1.000,0.100,0.100,0.100,1,9.6,102.0,763,804,16,115,0
21.74,climb_cruise,472.6,472.6,32549.2,-38782,-58.33,116.87,352.85,12.51,15.0,125.0,0,0,8.52,-16.38,-2.53,0.000,0.000,0.000,1.000,0.100,0.100,0.100,1,9.6,102.0,763,804,16,115,0
21.76,climb_cruise,472.8,472.8,32536.2,-38867,-58.36,116.26,353.19,12.52,15.0,125.0,0,0,8.53,-16.37,-2.53,0.000,0.000,0.000,1.000,0.100,0.100,0.100,1,9.6,102.0,763,804,16,115,0
21.78,climb_cruise,473.0,473.0,32523.3,-38953,-58.39,115.65,353.52,12.54,15.0,125.0,0,0,8.54,-16.36,-2.53,0.000,0.000,0.000,1.000,0.100,0.100,0.100,1,9.5,102.0,763,804,16,116,0
21.80,climb_cruise,473.3,473.3,32510.3,-39037,-58.42,115.03,353.86,12.56,15.0,125.0,0,0,8.54,-16.35,-2.52,0.000,0.000,0.000,1.000,0.100,0.100,0.100,1,9.5,102.0,763,804,16,115,0
21.82,climb_cruise,473.5,473.5,32497.3,-39122,-58.45,114.42,354.20,12.58,15.0,125.0,0,0,8.55,-16.34,-2.52,0.000,0.000,0.000,1.000,0.100,0.100,0.100,1,9.5,102.0,763,804,16,116,0
21.84,climb_cruise,473.7,473.7,32484.2,-39205,-58.47,113.80,354.53,12.60,15.0,125.0,0,0,8.56,-16.33,-2.52,0.000,0.000,0.000,1.000,0.100,0.100,0.100,1,9.5,102.0,763,804,16,116,0
21.86,climb_cruise,474.0,474.0,32471.1,-39289,-58.49,113.19,354.87,12.62,15.0,125.0,0,0,8.56,-16.32,-2.52,0.000,0.000,0.000,1.000,0.100,0.100,0.100,1,9.5,102.0,763,804,16,115,0
21.88,climb_cruise,474.2,474.2,32458.0,-39371,-58.51,112.57,355.21,12.63,15.0,125.0,0,0,8.57,-16.31,-2.52,0.000,0.000,0.000,1.000,0.100,0.100,0.100,1,9.4,102.0,763,804,16,115,0
21.90,climb_cruise,474.5,474.5,32444.9,-39453,-58.53,111.96,355.55,12.65,15.0,125.0,0,0,8.58,-16.30,-2.52,0.000,0.000,0.000,1.000,0.100,0.100,0.100,1,9.4,102.0,763,804,16,116,0
21.92,climb_cruise,474.7,474.7,32431.7,-39535,-58.55,111.34,355.89,12.67,15.0,125.0,0,0,8.58,-16.30,-2.52,0.000,0.000,0.000,1.000,0.100,0.100,0.100,1,9.4,102.0,763,804,16,115,0
21.94,climb_cruise,475.0,475.0,32418.5,-39616,-58.56,110.72,356.24,12.69,15.0,125.0,0,0,8.59,-16.29,-2.52,0.000,0.000,0.000,1.000,0.100,0.100,0.100,1,9.4,102.0,763,804,16,114,0
21.96,climb_cruise,475.2,475.2,32405.3,-39696,-58.57,110.10,356.58,12.71,15.0,125.0,0,0,8.60,-16.28,-2.51,0.000,0.000,0.000,1.000,0.100,0.100,0.100,1,9.4,102.0,763,804,16,114,0
21.98,climb_cruise,475.4,475.4,32392.1,-39776,-58.59,109.49,356.92,12.73,15.0,125.0,0,0,8.60,-16.27,-2.51,0.000,0.000,0.000,0.999,0.100,0.100,0.100,1,9.3,102.0,763,804,16,115,0
22.00,climb_cruise,475.7,475.7,32378.8,-39856,-58.59,108.87,357.27,12.74,15.0,125.0,0,0,8.61,-16.26,-2.51,0.000,0.000,0.000,0.997,0.100,0.100,0.100,1,9.3,102.0,763,804,16,114,0
22.02,climb_cruise,475.9,475.9,32365.5,-39934,-58.60,108.25,357.61,12.76,15.0,125.0,0,0,8.62,-16.25,-2.51,0.000,0.000,0.000,0.993,0.100,0.100,0.100,1,9.3,102.0,763,804,16,116,0
22.04,climb_cruise,476.2,476.2,32352.2,-40013,-58.61,107.63,357.95,12.78,15.0,125.0,0,0,8.62,-16.24,-2.51,0.000,0.000,0.000,0.989,0.100,0.100,0.100,1,9.3,102.0,763,804,16,116,0
22.06,climb_cruise,476.4,476.4,32338.8,-40090,-58.61,107.01,358.30,12.80,15.0,125.0,0,0,8.63,-16.23,-2.51,0.000,0.000,0.000,0.984,0.100,0.100,0.100,1,9.3,102.0,763,804,16,116,0
22.08,climb_cruise,476.7,476.7,32325.5,-40167,-58.61,106.39,358.65,12.82,15.0,125.0,0,0,8.64,-16.22,-2.51,0.000,0.000,0.000,0.979,0.100,0.100,0.100,1,9.3,102.0,763,804,16,115,0
22.10,climb_cruise,476.9,476.9,32312.1,-40244,-58.61,105.77,358.99,12.84,15.0,125.0,0,0,8.64,-16.21,-2.51,0.000,0.000,0.000,0.972,0.100,0.100,0.100,1,9.2,102.0,763,804,16,116,0
22.12,climb_cruise,477.1,477.1,32298.6,-40319,-58.61,105.15,359.34,12.85,15.0,125.0,0,0,8.65,-16.20,-2.51,0.000,0.000,0.000,0.966,0.100,0.100,0.100,1,9.2,102.0,763,804,16,115,0
22.14,climb_cruise,477.4,477.4,32285.2,-40395,-58.61,104.53,359.68,12.87,15.0,125.0,0,0,8.66,-16.19,-2.50,0.000,0.000,0.000,0.958,0.100,0.100,0.100,1,9.2,102.0,763,804,16,115,0
22.16,climb_cruise,477.6,477.6,32271.7,-40469,-58.60,103.91,0.03,12.89,15.0,125.0,0,0,8.66,-16.18,-2.50,0.000,0.000,0.000,0.950,0.100,0.100,0.100,1,9.2,102.0,763,803,16,115,0
22.18,climb_cruise,477.9,477.9,32258.2,-40543,-58.59,103.29,0.37,12.91,15.0,125.0,0,0,8.67,-16.17,-2.50,0.000,0.000,0.000,0.942,0.100,0.100,0.100,1,9.2,102.0,763,803,16,115,0
22.20,climb_cruise,478.1,478.1,32244.7,-40617,-58.58,102.68,0.72,12.93,15.0,125.0,0,0,8.68,-16.16,-2.49,0.000,0.000,0.000,0.933,0.100,0.100,0.100,1,9.1,101.9,763,803,16,115,0
22.22,climb_cruise,478.4,478.4,32231.1,-40690,-58.57,102.06,1.07,12.95,15.0,125.0,0,0,8.68,-16.14,-2.49,0.000,0.000,0.000,0.925,0.100,0.100,0.100,1,9.1,101.9,763,803,16,116,0
22.24,climb_cruise,478.6,478.6,32217.6,-40762,-58.56,101.44,1.41,12.96,15.0,125.0,0,0,8.69,-16.13,-2.48,0.000,0.000,0.000,0.915,0.100,0.100,0.100,1,9.1,101.9,763,803,16,115,0
22.26,climb_cruise,478.9,478.9,32204.0,-40833,-58.54,100.82,1.76,12.98,15.0,125.0,0,0,8.69,-16.11,-2.47,0.000,0.000,0.000,0.906,0.100,0.100,0.100,1,9.1,101.9,763,802,16,115,0
22.28,climb_cruise,479.1,479.1,32190.3,-40904,-58.53,100.21,2.10,13.00,15.0,125.0,0,0,8.70,-16.09,-2.46,0.000,0.000,0.000,0.896,0.100,0.100,0.100,1,9.1,101.9,763,802,16,114,0
22.30,climb_cruise,479.4,479.4,32176.7,-40975,-58.51,99.59,2.45,13.02,15.0,125.0,0,0,8.70,-16.07,-2.45,0.000,0.000,0.000,0.886,0.100,0.100,0.100,1,9.1,101.8,763,802,16,115,0
22.32,climb_cruise,479.6,479.6,32163.0,-41044,-58.49,98.98,2.79,13.04,15.0,125.0,0,0,8.71,-16.05,-2.44,0.000,0.000,0.000,0.876,0.100,0.100,0.100,1,9.0,101.8,763,802,16,114,0
22.34,climb_cruise,479.9,479.9,32149.3,-41113,-58.46,98.36,3.13,13.06,15.0,125.0,0,0,8.72,-16.02,-2.43,0.000,0.000,0.000,0.865,0.100,0.100,0.100,1,9.0,101.7,763,801,16,115,0
22.36,climb_cruise,480.1,480.1,32135.6,-41182,-58.44,97.75,3.48,13.07,15.0,125.0,0,0,8.72,-15.99,-2.41,0.000,0.000,0.000,0.855,0.100,0.100,0.100,1,9.0,101.7,763,801,16,115,0
22.38,climb_cruise,480.4,480.4,32121.9,-41249,-58.42,97.14,3.82,13.09,15.0,125.0,0,0,8.73,-15.96,-2.39,0.000,0.000,0.000,0.844,0.100,0.100,0.100,1,9.0,101.6,763,801,16,116,0
22.40,climb_cruise,480.6,480.6,32108.1,-41316,-58.39,96.53,4.16,13.11,15.0,125.0,0,0,8.73,-15.92,-2.37,0.000,0.000,0.000,0.833,0.100,0.100,0.100,1,9.0,101.6,763,800,16,115,0
22.42,climb_cruise,480.8,480.8,32094.3,-41383,-58.36,95.92,4.50,13.13,15.0,125.0,0,0,8.74,-15.88,-2.35,0.000,0.000,0.000,0.822,0.100,0.100,0.100,1,8.9,101.5,763,800,16,116,0
22.44,climb_cruise,481.1,481.1,32080.5,-41448,-58.33,95.31,4.84,13.14,15.0,125.0,0,0,8.74,-15.84,-2.32,0.000,0.000,0.000,0.811,0.100,0.100,0.100,1,8.9,101.4,763,799,16,114,0
22.46,climb_cruise,481.3,481.3,32066.7,-41513,-58.30,94.71,5.18,13.16,15.0,125.0,0,0,8.75,-15.80,-2.30,0.000,0.000,0.000,0.800,0.100,0.100,0.100,1,8.9,101.4,763,799,16,115,0
22.48,climb_cruise,481.6,481.6,32052.9,-41578,-58.27,94.10,5.52,13.18,15.0,125.0,0,0,8.76,-15.75,-2.27,0.000,0.000,0.000,0.789,0.100,0.100,0.100,1,8.9,101.3,763,798,16,115,0
22.50,climb_cruise,481.8,481.8,32039.0,-41641,-58.24,93.50,5.86,13.20,15.0,125.0,0,0,8.76,-15.69,-2.24,0.000,0.000,0.000,0.778,0.100,0.100,0.100,1,8.9,101.2,763,798,16,116,0
22.52,climb_cruise,482.1,482.1,32025.1,-41704,-58.20,92.90,6.20,13.21,15.0,125.0,0,0,8.77,-15.64,-2.21,0.000,0.000,0.000,0.766,0.100,0.100,0.100,1,8.9,101.1,763,797,16,114,0
22.54,climb_cruise,482.3,482.3,32011.2,-41767,-58.17,92.30,6.53,13.23,15.0,125.0,0,0,8.77,-15.58,-2.17,0.000,0.000,0.000,0.755,0.100,0.100,0.100,1,8.8,101.0,763,797,16,116,0
22.56,climb_cruise,482.6,482.6,31997.3,-41828,-58.13,91.71,6.87,13.25,15.0,125.0,0,0,8.78,-15.51,-2.13,0.000,0.000,0.000,0.743,0.100,0.100,0.100,1,8.8,100.9,763,796,16,115,0
22.58,climb_cruise,482.8,482.8,31983.3,-41889,-58.09,91.11,7.20,13.27,15.0,125.0,0,0,8.79,-15.44,-2.09,0.000,0.000,0.000,0.732,0.100,0.100,0.100,1,8.8,100.8,763,795,16,116,0
22.60,climb_cruise,483.1,483.1,31969.3,-41949,-58.05,90.52,7.54,13.28,15.0,125.0,0,0,8.80,-15.37,-2.05,0.000,0.000,0.000,0.720,0.100,0.100,0.100,1,8.8,100.6,763,795,16,115,0
22.62,climb_cruise,483.3,483.3,31955.3,-42009,-58.01,89.93,7.87,13.30,15.0,125.0,0,0,8.80,-15.29,-2.01,0.000,0.000,0.000,0.709,0.100,0.100,0.100,1,8.8,100.5,763,794,16,115,0
22.64,climb_cruise,483.6,483.6,31941.3,-42068,-57.97,89.35,8.20,13.32,15.0,125.0,0,0,8.81,-15.21,-1.96,0.000,0.000,0.000,0.697,0.100,0.100,0.100,1,8.8,100.4,763,793,16,114,0
22.66,climb_cruise,483.8,483.8,31927.3,-42126,-57.93,88.76,8.53,13.33,15.0,125.0,0,0,8.82,-15.12,-1.92,0.000,0.000,0.000,0.685,0.100,0.100,0.100,1,8.7,100.2,763,793,16,114,0
22.68,climb_cruise,484.1,484.1,31913.2,-42183,-57.89,88.18,8.86,13.35,15.0,125.0,0,0,8.83,-15.03,-1.87,0.000,0.000,0.000,0.674,0.100,0.100,0.100,1,8.7,100.0,763,792,16,114,0
22.70,climb_cruise,484.3,484.3,31899.2,-42240,-57.84,87.60,9.19,13.36,15.0,125.0,0,0,8.84,-14.94,-1.82,0.000,0.000,0.000,0.662,0.100,0.100,0.100,1,8.7,99.9,763,791,16,115,0
22.72,climb_cruise,484.6,484.6,31885.1,-42296,-57.80,87.03,9.52,13.38,15.0,125.0,0,0,8.85,-14.84,-1.77,0.000,0.000,0.000,0.650,0.100,0.100,0.100,1,8.7,99.7,763,790,16,114,0
22.74,climb_cruise,484.8,484.8,31871.0,-42351,-57.75,86.45,9.85,13.40,15.0,125.0,0,0,8.86,-14.74,-1.71,0.000,0.000,0.000,0.638,0.100,0.100,0.100,1,8.7,99.5,763,789,16,116,0
22.76,climb_cruise,485.1,485.1,31856.9,-42406,-57.71,85.88,10.18,13.41,15.0,125.0,0,0,8.87,-14.63,-1.66,0.000,0.000,0.000,0.626,0.100,0.100,0.100,1,8.6,99.3,763,789,16,115,0
22.78,climb_cruise,485.3,485.3,31842.7,-42460,-57.66,85.31,10.50,13.43,15.0,125.0,0,0,8.88,-14.52,-1.60,0.000,0.000,0.000,0.615,0.100,0.100,0.100,1,8.6,99.1,763,788,16,114,0
22.80,climb_cruise,485.6,485.6,31828.6,-42513,-57.61,84.75,10.83,13.44,15.0,125.0,0,0,8.89,-14.41,-1.55,0.000,0.000,0.000,0.603,0.100,0.100,0.100,1,8.6,98.9,763,787,16,115,0
22.82,climb_cruise,485.8,485.8,31814.4,-42565,-57.57,84.19,11.15,13.46,15.0,125.0,0,0,8.90,-14.29,-1.49,0.000,0.000,0.000,0.591,0.100,0.100,0.100,1,8.6,98.7,763,786,16,116,0
22.84,climb_cruise,486.1,486.1,31800.2,-42617,-57.52,83.63,11.48,13.48,15.0,125.0,0,0,8.91,-14.17,-1.43,0.000,0.000,0.000,0.579,0.100,0.100,0.100,1,8.6,98.4,763,785,16,115,0
22.86,climb_cruise,486.3,486.3,31786.0,-42668,-57.47,83.07,11.80,13.49,15.0,125.0,0,0,8.93,-14.04,-1.37,0.000,0.000,0.000,0.567,0.100,0.100,0.100,1,8.6,98.2,763,784,16,116,0
22.88,climb_cruise,486.6,486.6,31771.7,-42718,-57.42,82.52,12.13,13.51,15.0,125.0,0,0,8.94,-13.91,-1.30,0.000,0.000,0.000,0.555,0.100,0.100,0.100,1,8.5,98.0,763,783,16,114,0
22.90,climb_cruise,486.8,486.8,31757.5,-42768,-57.37,81.97,12.45,13.52,15.0,125.0,0,0,8.95,-13.78,-1.24,0.000,0.000,0.000,0.543,0.100,0.100,0.100,1,8.5,97.7,763,782,16,114,0
22.92,climb_cruise,487.1,487.1,31743.2,-42816,-57.32,81.43,12.77,13.54,15.0,125.0,0,0,8.97,-13.64,-1.18,0.000,0.000,0.000,0.531,0.100,0.100,0.100,1,8.5,97.4,763,781,16,114,0
22.94,climb_cruise,487.3,487.3,31728.9,-42865,-57.27,80.88,13.09,13.55,15.0,125.0,0,0,8.98,-13.50,-1.11,0.000,0.000,0.000,0.519,0.100,0.100,0.100,1,8.5,97.1,763,780,16,115,0
22.96,climb_cruise,487.6,487.6,31714.6,-42912,-57.22,80.34,13.41,13.57,15.0,125.0,0,0,9.00,-13.36,-1.05,0.000,0.000,0.000,0.507,0.100,0.100,0.100,1,8.5,96.9,763,779,16,114,0
22.98,climb_cruise,487.8,487.8,31700.3,-42958,-57.17,79.81,13.73,13.58,15.0,125.0,0,0,9.01,-13.21,-0.98,0.000,0.000,0.000,0.495,0.100,0.100,0.100,1,8.5,96.6,763,778,16,115,0
23.00,climb_cruise,488.1,488.1,31686.0,-43004,-57.12,79.28,14.06,13.60,15.0,125.0,0,0,9.03,-13.06,-0.92,0.000,0.000,0.000,0.484,0.100,0.100,0.100,1,8.4,96.3,763,777,16,114,0
23.02,climb_cruise,488.3,488.3,31671.7,-43049,-57.07,78.75,14.38,13.61,15.0,125.0,0,0,9.04,-12.91,-0.85,0.000,0.000,0.000,0.472,0.100,0.100,0.100,1,8.4,95.9,763,775,16,115,0
23.04,climb_cruise,488.6,488.6,31657.3,-43094,-57.01,78.22,14.70,13.63,15.0,125.0,0,0,9.06,-12.75,-0.78,0.000,0.000,0.000,0.460,0.100,0.100,0.100,1,8.4,95.6,763,774,16,114,0
23.06,climb_cruise,488.8,488.8,31642.9,-43138,-56.96,77.70,15.02,13.64,15.0,125.0,0,0,9.08,-12.59,-0.71,0.000,0.000,0.000,0.448,0.100,0.100,0.100,1,8.4,95.3,763,773,16,116,0
23.08,climb_cruise,489.1,489.1,31628.6,-43181,-56.91,77.18,15.34,13.65,15.0,125.0,0,0,9.09,-12.43,-0.65,0.000,0.000,0.000,0.436,0.100,0.100,0.100,1,8.4,95.0,763,772,16,115,0
23.10,climb_cruise,489.3,489.3,31614.2,-43223,-56.86,76.67,15.65,13.67,15.0,125.0,0,0,9.11,-12.27,-0.58,0.000,0.000,0.000,0.424,0.100,0.100,0.100,1,8.4,94.6,763,771,16,114,0
23.12,climb_cruise,489.6,489.6,31599.7,-43264,-56.80,76.16,15.97,13.68,15.0,125.0,0,0,9.13,-12.10,-0.51,0.000,0.000,0.000,0.412,0.100,0.100,0.100,1,8.3,94.2,763,769,16,114,0
23.14,climb_cruise,489.8,489.8,31585.3,-43305,-56.75,75.65,16.29,13.70,15.0,125.0,0,0,9.14,-11.93,-0.44,0.000,0.000,0.000,0.400,0.100,0.100,0.100,1,8.3,93.9,763,768,16,115,0
23.16,climb_cruise,490.1,490.1,31570.9,-43345,-56.69,75.14,16.61,13.71,15.0,125.0,0,0,9.16,-11.76,-0.37,0.000,0.000,0.000,0.388,0.100,0.100,0.100,1,8.3,93.5,763,767,16,115,0
23.18,climb_cruise,490.3,490.3,31556.4,-43385,-56.64,74.64,16.93,13.72,15.0,125.0,0,0,9.18,-11.58,-0.31,0.000,0.000,0.000,0.376,0.100,0.100,0.100,1,8.3,93.1,763,765,16,116,0
23.20,climb_cruise,490.6,490.6,31542.0,-43423,-56.58,74.15,17.25,13.74,15.0,125.0,0,0,9.20,-11.41,-0.24,0.000,0.000,0.000,0.364,0.100,0.100,0.100,1,8.3,92.7,763,764,16,116,0
23.22,climb_cruise,490.8,490.8,31527.5,-43461,-56.53,73.65,17.57,13.75,15.0,125.0,0,0,9.22,-11.23,-0.17,0.000,0.000,0.000,0.352,0.100,0.100,0.100,1,8.3,92.3,763,763,16,114,0
23.24,climb_cruise,491.1,491.1,31513.0,-43498,-56.47,73.16,17.89,13.77,15.0,125.0,0,0,9.24,-11.05,-0.10,0.000,0.000,0.000,0.340,0.100,0.100,0.100,1,8.2,91.9,763,761,16,116,0
23.26,climb_cruise,491.3,491.3,31498.5,-43535,-56.42,72.68,18.21,13.78,15.0,125.0,0,0,9.26,-10.85,-0.03,0.000,0.000,0.000,0.328,0.100,0.100,0.100,1,8.2,91.5,763,760,16,115,0
23.28,climb_cruise,491.6,491.6,31484.0,-43571,-56.36,72.20,18.53,13.79,15.0,125.0,0,0,9.28,-10.68,0.03,0.000,0.000,0.000,0.316,0.100,0.100,0.100,1,8.2,91.0,763,758,16,114,0
23.30,climb_cruise,491.8,491.8,31469.4,-43606,-56.31,71.72,18.85,13.81,15.0,125.0,0,0,9.30,-10.51,0.10,0.000,0.000,0.000,0.304,0.100,0.100,0.100,1,8.2,90.6,763,757,16,115,0
23.32,climb_cruise,492.1,492.1,31454.9,-43640,-56.25,71.25,19.17,13.82,15.0,125.0,0,0,9.32,-10.31,0.17,0.000,0.000,0.000,0.292,0.100,0.100,0.100,1,8.2,90.1,763,755,16,115,0
23.34,climb_cruise,492.3,492.3,31440.3,-43674,-56.19,70.78,19.49,13.84,15.0,125.0,0,0,9.34,-10.12,0.23,0.000,0.000,0.000,0.280,0.100,0.100,0.100,1,8.2,89.7,763,754,16,115,0
23.36,climb_cruise,492.5,492.5,31425.8,-43707,-56.13,70.31,19.81,13.85,15.0,125.0,0,0,9.36,-9.94,0.30,0.000,0.000,0.000,0.268,0.100,0.100,0.100,1,8.1,89.2,763,752,16,116,0
23.38,climb_cruise,492.8,492.8,31411.2,-43739,-56.08,69.85,20.13,13.86,15.0,125.0,0,0,9.38,-9.74,0.36,0.000,0.000,0.000,0.256,0.100,0.100,0.100,1,8.1,88.7,763,751,16,115,0
23.40,climb_cruise,493.0,493.0,31396.6,-43770,-56.02,69.39,20.44,13.88,15.0,125.0,0,0,9.40,-9.55,0.43,0.000,0.000,0.000,0.244,0.100,0.100,0.100,1,8.1,88.2,763,749,16,114,0
23.42,climb_cruise,493.3,493.3,31382.0,-43801,-55.96,68.93,20.77,13.89,15.0,125.0,0,0,9.42,-9.36,0.49,0.000,0.000,0.000,0.232,0.100,0.100,0.100,1,8.1,87.8,763,747,16,115,0
23.44,climb_cruise,493.5,493.5,31367.4,-43831,-55.90,68.48,21.09,13.90,15.0,125.0,0,0,9.44,-9.17,0.55,0.000,0.000,0.000,0.220,0.100,0.100,0.100,1,8.1,87.3,763,746,16,116,0
23.46,climb_cruise,493.8,493.8,31352.8,-43861,-55.84,68.03,21.41,13.92,15.0,125.0,0,0,9.46,-8.98,0.61,0.000,0.000,0.000,0.208,0.100,0.100,0.100,1,8.1,86.7,763,744,16,115,0
23.48,climb_cruise,494.0,494.0,31338.2,-43889,-55.78,67.59,21.73,13.93,15.0,125.0,0,0,9.48,-8.78,0.67,0.000,0.000,0.000,0.196,0.100,0.100,0.100,1,8.0,86.2,763,742,16,114,0
23.50,climb_cruise,494.3,494.3,31323.5,-43917,-55.72,67.15,22.05,13.94,15.0,125.0,0,0,9.50,-8.59,0.74,0.000,0.000,0.000,0.184,0.100,0.100,0.100,1,8.0,85.7,763,741,16,115,0
23.52,climb_cruise,494.5,494.5,31308.9,-43945,-55.66,66.72,22.37,13.96,15.0,125.0,0,0,9.52,-8.39,0.80,0.000,0.000,0.000,0.172,0.100,0.100,0.100,1,8.0,85.2,763,739,16,115,0
23.54,climb_cruise,494.7,494.7,31294.2,-43971,-55.60,66.28,22.69,13.97,15.0,125.0,0,0,9.54,-8.20,0.85,0.000,0.000,0.000,0.160,0.100,0.100,0.100,1,8.0,84.6,763,737,16,114,0
23.56,climb_cruise,495.0,495.0,31279.6,-43997,-55.54,65.86,23.01,13.98,15.0,125.0,0,0,9.56,-8.00,0.91,0.000,0.000,0.000,0.148,0.100,0.100,0.100,1,8.0,84.1,763,735,16,114,0
23.58,climb_cruise,495.2,495.2,31264.9,-44023,-55.48,65.43,23.33,14.00,15.0,125.0,0,0,9.58,-7.81,0.97,0.000,0.000,0.000,0.136,0.100,0.100,0.100,1,8.0,83.5,763,733,16,114,0
23.60,climb_cruise,495.5,495.5,31250.2,-44047,-55.41,65.01,23.65,14.01,15.0,125.0,0,0,9.60,-7.61,1.03,0.000,0.000,0.000,0.124,0.100,0.100,0.100,1,7.9,82.9,763,731,16,116,0
23.62,climb_cruise,495.7,495.7,31235.6,-44071,-55.35,64.60,23.98,14.02,15.0,125.0,0,0,9.62,-7.42,1.08,0.000,0.000,0.000,0.112,0.100,0.100,0.100,1,7.9,82.3,763,730,16,115,0
23.64,climb_cruise,496.0,496.0,31220.9,-44094,-55.29,64.19,24.30,14.04,15.0,125.0,0,0,9.64,-7.22,1.14,0.000,0.000,0.000,0.101,0.100,0.100,0.100,1,7.9,81.7,763,728,16,115,0
23.66,climb_cruise,496.2,496.2,31206.2,-44117,-55.22,63.78,24.62,14.05,15.0,125.0,0,0,9.66,-7.03,1.19,0.000,0.000,0.000,0.091,0.100,0.100,0.100,1,7.9,81.2,763,726,16,115,0
23.68,climb_cruise,496.4,496.4,31191.4,-44139,-55.16,63.38,24.94,14.06,15.0,125.0,0,0,9.68,-6.83,1.24,0.000,0.000,0.000,0.082,0.100,0.100,0.100,1,7.9,80.5,763,724,16,114,0
23.70,climb_cruise,496.7,496.7,31176.7,-44160,-55.09,62.98,25.27,14.08,15.0,125.0,0,0,9.71,-6.64,1.29,0.000,0.000,0.000,0.073,0.100,0.100,0.100,1,7.9,79.9,763,722,16,115,0
23.72,climb_cruise,496.9,496.9,31162.0,-44181,-55.03,62.58,25.59,14.09,15.0,125.0,0,0,9.73,-6.45,1.34,0.000,0.000,0.000,0.066,0.100,0.100,0.100,1,7.9,79.3,763,720,16,114,0
23.74,climb_cruise,497.2,497.2,31147.3,-44200,-54.96,62.19,25.91,14.11,15.0,125.0,0,0,9.75,-6.26,1.39,0.000,0.000,0.000,0.060,0.100,0.100,0.100,1,7.8,78.7,763,718,16,115,0
23.76,climb_cruise,497.4,497.4,31132.5,-44220,-54.90,61.80,26.24,14.12,15.0,125.0,0,0,9.77,-6.07,1.44,0.000,0.000,0.000,0.054,0.100,0.100,0.100,1,7.8,78.1,763,716,16,115,0
23.78,climb_cruise,497.6,497.6,31117.8,-44238,-54.83,61.42,26.56,14.13,15.0,125.0,0,0,9.79,-5.88,1.48,0.000,0.000,0.000,0.048,0.100,0.100,0.100,1,7.8,77.4,763,714,16,116,0
23.80,climb_cruise,497.9,497.9,31103.1,-44256,-54.76,61.04,26.88,14.15,15.0,125.0,0,0,9.81,-5.69,1.53,0.000,0.000,0.000,0.043,0.100,0.100,0.100,1,7.8,76.8,763,712,16,114,0
23.82,climb_cruise,498.1,498.1,31088.3,-44273,-54.69,60.66,27.20,14.16,15.0,125.0,0,0,9.83,-5.50,1.57,0.000,0.000,0.000,0.039,0.100,0.100,0.100,1,7.8,76.1,763,710,16,115,0
23.84,climb_cruise,498.3,498.3,31073.5,-44290,-54.62,60.29,27.53,14.17,15.0,125.0,0,0,9.85,-5.32,1.61,0.000,0.000,0.000,0.035,0.100,0.100,0.100,1,7.8,75.5,763,708,16,115,0
23.86,climb_cruise,498.6,498.6,31058.8,-44306,-54.55,59.92,27.85,14.19,15.0,125.0,0,0,9.87,-5.14,1.65,0.000,0.000,0.000,0.032,0.100,0.100,0.100,1,7.7,74.8,763,706,16,115,0
23.88,climb_cruise,498.8,498.8,31044.0,-44321,-54.48,59.56,28.17,14.20,15.0,125.0,0,0,9.89,-4.96,1.69,0.000,0.000,0.000,0.028,0.100,0.100,0.100,1,7.7,74.2,763,704,16,115,0
23.90,climb_cruise,499.1,499.1,31029.2,-44336,-54.41,59.19,28.50,14.22,15.0,125.0,0,0,9.91,-4.78,1.72,0.000,0.000,0.000,0.026,0.100,0.100,0.100,1,7.7,73.5,763,702,16,116,0
23.92,climb_cruise,499.3,499.3,31014.4,-44350,-54.34,58.84,28.82,14.23,15.0,125.0,0,0,9.93,-4.61,1.76,0.000,0.000,0.000,0.023,0.100,0.100,0.100,1,7.7,72.8,763,700,16,115,0
23.94,climb_cruise,499.5,499.5,30999.7,-44363,-54.26,58.49,29.14,14.24,15.0,125.0,0,0,9.95,-4.44,1.79,0.000,0.000,0.000,0.021,0.100,0.100,0.100,1,7.7,72.2,763,698,16,116,0
23.96,climb_cruise,499.8,499.8,30984.9,-44376,-54.19,58.14,29.46,14.26,15.0,125.0,0,0,9.97,-4.27,1.81,0.000,0.000,0.000,0.019,0.100,0.100,0.100,1,7.7,71.5,763,697,16,114,0
23.98,climb_cruise,500.0,500.0,30970.1,-44388,-54.12,57.79,29.79,14.27,15.0,125.0,0,0,9.99,-4.10,1.84,0.000,0.000,0.000,0.017,0.100,0.100,0.100,1,7.7,70.8,763,695,16,116,0
24.00,climb_cruise,500.2,500.2,30955.3,-44399,-54.04,57.45,30.11,14.29,15.0,125.0,0,0,10.01,-3.94,1.86,0.000,0.000,0.000,0.015,0.100,0.100,0.100,1,7.6,70.2,763,693,16,115,0
24.02,climb_cruise,500.5,500.5,30940.5,-44410,-53.96,57.11,30.43,14.30,15.0,125.0,0,0,10.03,-3.79,1.88,0.000,0.000,0.000,0.014,0.100,0.100,0.100,1,7.6,69.5,763,691,16,115,0
24.04,climb_cruise,500.7,500.7,30925.7,-44420,-53.89,56.78,30.75,14.31,15.0,125.0,0,0,10.05,-3.64,1.90,0.000,0.000,0.000,0.012,0.100,0.100,0.100,1,7.6,68.8,763,689,16,116,0
24.06,climb_cruise,500.9,500.9,30910.9,-44430,-53.81,56.45,31.07,14.33,15.0,125.0,0,0,10.07,-3.49,1.92,0.000,0.000,0.000,0.011,0.100,0.100,0.100,1,7.6,68.2,763,688,16,114,0
24.08,climb_cruise,501.2,501.2,30896.0,-44439,-53.73,56.12,31.39,14.34,15.0,125.0,0,0,10.09,-3.34,1.93,0.000,0.000,0.000,0.010,0.100,0.100,0.100,1,7.6,67.5,763,686,16,115,0
24.10,climb_cruise,501.4,501.4,30881.2,-44447,-53.65,55.80,31.71,14.36,15.0,125.0,0,0,10.11,-3.20,1.94,0.000,0.000,0.000,0.009,0.100,0.100,0.100,1,7.6,66.8,763,684,16,114,0
24.12,climb_cruise,501.6,501.6,30866.4,-44455,-53.56,55.48,32.03,14.37,15.0,125.0,0,0,10.13,-3.07,1.95,0.000,0.000,0.000,0.008,0.100,0.100,0.100,1,7.5,66.2,763,682,16,116,0
24.14,climb_cruise,501.9,501.9,30851.6,-44462,-53.48,55.16,32.35,14.39,15.0,125.0,0,0,10.14,-2.94,1.96,0.000,0.000,0.000,0.007,0.100,0.100,0.100,1,7.5,65.5,763,681,16,114,0
24.16,climb_cruise,502.1,502.1,30836.8,-44468,-53.40,54.85,32.66,14.40,15.0,125.0,0,0,10.16,-2.81,1.96,0.000,0.000,0.000,0.007,0.100,0.100,0.100,1,7.5,64.9,763,679,16,115,0
24.18,climb_cruise,502.3,502.3,30821.9,-44474,-53.31,54.54,32.98,14.42,15.0,125.0,0,0,10.18,-2.68,1.97,0.000,0.000,0.000,0.006,0.100,0.100,0.100,1,7.5,64.2,763,678,16,116,0
24.20,climb_cruise,502.5,502.5,30807.1,-44479,-53.22,54.24,33.29,14.43,15.0,125.0,0,0,10.20,-2.56,1.97,0.000,0.000,0.000,0.005,0.100,0.100,0.100,1,7.5,63.6,763,676,16,116,0
24.22,climb_cruise,502.8,502.8,30792.3,-44484,-53.14,53.94,33.61,14.45,15.0,125.0,0,0,10.22,-2.45,1.97,0.000,0.000,0.000,0.005,0.100,0.100,0.100,1,7.5,62.9,763,674,16,116,0
24.24,climb_cruise,503.0,503.0,30777.5,-44487,-53.05,53.64,33.92,14.46,15.0,125.0,0,0,10.24,-2.34,1.96,0.000,0.000,0.000,0.004,0.100,0.100,0.100,1,7.5,62.3,763,673,16,114,0
24.26,climb_cruise,503.2,503.2,30762.6,-44491,-52.96,53.34,34.23,14.48,15.0,125.0,0,0,10.25,-2.23,1.96,0.000,0.000,0.000,0.004,0.100,0.100,0.100,1,7.4,61.7,763,671,16,115,0
24.28,climb_cruise,503.5,503.5,30747.8,-44493,-52.86,53.05,34.55,14.49,15.0,125.0,0,0,10.27,-2.13,1.95,0.000,0.000,0.000,0.003,0.100,0.100,0.100,1,7.4,61.0,763,670,16,114,0
24.30,climb_cruise,503.7,503.7,30733.0,-44495,-52.77,52.76,34.86,14.51,15.0,125.0,0,0,10.29,-2.03,1.95,0.000,0.000,0.000,0.003,0.100,0.100,0.100,1,7.4,60.4,763,668,16,116,0
24.32,climb_cruise,503.9,503.9,30718.1,-44497,-52.68,52.47,35.17,14.52,15.0,125.0,0,0,10.31,-1.93,1.94,0.000,0.000,0.000,0.003,0.100,0.100,0.100,1,7.4,59.8,763,667,16,116,0
24.34,climb_cruise,504.1,504.1,30703.3,-44498,-52.58,52.19,35.47,14.54,15.0,125.0,0,0,10.32,-1.84,1.93,0.000,0.000,0.000,0.003,0.100,0.100,0.100,1,7.4,59.2,763,665,16,116,0
24.36,climb_cruise,504.4,504.4,30688.5,-44498,-52.48,51.91,35.78,14.56,15.0,125.0,0,0,10.34,-1.75,1.92,0.000,0.000,0.000,0.002,0.100,0.100,0.100,1,7.4,58.6,763,664,16,116,0
24.38,climb_cruise,504.6,504.6,30673.6,-44497,-52.39,51.63,36.09,14.57,15.0,125.0,0,0,10.36,-1.66,1.91,0.000,0.000,0.000,0.002,0.100,0.100,0.100,1,7.4,58.0,763,663,16,115,0
24.40,climb_cruise,504.8,504.8,30658.8,-44496,-52.29,51.36,36.39,14.59,15.0,125.0,0,0,10.38,-1.58,1.90,0.000,0.000,0.000,0.002,0.100,0.100,0.100,1,7.3,57.4,763,661,16,115,0
24.42,climb_cruise,505.0,505.0,30644.0,-44494,-52.19,51.09,36.69,14.60,15.0,125.0,0,0,10.39,-1.50,1.89,0.000,0.000,0.000,0.002,0.100,0.100,0.100,1,7.3,56.8,763,660,16,116,0
24.44,climb_cruise,505.3,505.3,30629.1,-44492,-52.09,50.82,37.00,14.62,15.0,125.0,0,0,10.41,-1.42,1.87,0.000,0.000,0.000,0.001,0.100,0.100,0.100,1,7.3,56.2,763,659,16,116,0
24.46,climb_cruise,505.5,505.5,30614.3,-44489,-51.98,50.56,37.30,14.64,15.0,125.0,0,0,10.43,-1.35,1.86,0.000,0.000,0.000,0.001,0.100,0.100,0.100,1,7.3,55.6,763,657,16,115,0
24.48,climb_cruise,505.7,505.7,30599.5,-44485,-51.88,50.30,37.60,14.65,15.0,125.0,0,0,10.44,-1.28,1.85,0.000,0.000,0.000,0.001,0.100,0.100,0.100,1,7.3,55.0,763,656,16,115,0
24.50,climb_cruise,505.9,505.9,30584.7,-44481,-51.77,50.04,37.89,14.67,15.0,125.0,0,0,10.46,-1.21,1.83,0.000,0.000,0.000,0.001,0.100,0.100,0.100,1,7.3,54.5,763,655,16,116,0
24.52,climb_cruise,506.2,506.2,30569.8,-44476,-51.67,49.78,38.19,14.68,15.0,125.0,0,0,10.47,-1.15,1.82,0.000,0.000,0.000,0.001,0.100,0.100,0.100,1,7.3,53.9,763,653,16,115,0
24.54,climb_cruise,506.4,506.4,30555.0,-44471,-51.56,49.53,38.49,14.70,15.0,125.0,0,0,10.49,-1.08,1.80,0.000,0.000,0.000,0.001,0.100,0.100,0.100,1,7.2,53.4,763,652,16,116,0
24.56,climb_cruise,506.6,506.6,30540.2,-44465,-51.45,49.28,38.78,14.72,15.0,125.0,0,0,10.51,-1.02,1.79,0.000,0.000,0.000,0.001,0.100,0.100,0.100,1,7.2,52.8,763,651,16,114,0
24.58,climb_cruise,506.8,506.8,30525.4,-44458,-51.34,49.03,39.07,14.73,15.0,125.0,0,0,10.52,-0.97,1.77,0.000,0.000,0.000,0.001,0.100,0.100,0.100,1,7.2,52.3,763,650,16,114,0
24.60,climb_cruise,507.0,507.0,30510.5,-44450,-51.23,48.78,39.36,14.75,15.0,125.0,0,0,10.54,-0.91,1.76,0.000,0.000,0.000,0.001,0.100,0.100,0.100,1,7.2,51.8,763,649,16,115,0
24.62,climb_cruise,507.3,507.3,30495.7,-44442,-51.11,48.54,39.65,14.77,15.0,125.0,0,0,10.55,-0.86,1.74,0.000,0.000,0.000,0.001,0.100,0.100,0.100,1,7.2,51.2,763,648,16,115,0
24.64,climb_cruise,507.5,507.5,30480.9,-44434,-51.00,48.30,39.94,14.78,15.0,125.0,0,0,10.57,-0.80,1.73,0.000,0.000,0.000,0.001,0.100,0.100,0.100,1,7.2,50.7,763,646,16,116,0
24.66,climb_cruise,507.7,507.7,30466.1,-44424,-50.88,48.06,40.23,14.80,15.0,125.0,0,0,10.59,-0.75,1.71,0.000,0.000,0.000,0.000,0.100,0.100,0.100,1,7.1,50.2,763,645,16,116,0
24.68,climb_cruise,507.9,507.9,30451.3,-44414,-50.77,47.82,40.51,14.82,15.0,125.0,0,0,10.60,-0.71,1.70,0.000,0.000,0.000,0.000,0.100,0.100,0.100,1,7.1,49.7,763,644,16,115,0
24.70,climb_cruise,508.1,508.1,30436.5,-44404,-50.65,47.59,40.80,14.83,15.0,125.0,0,0,10.62,-0.66,1.68,0.000,0.000,0.000,0.000,0.100,0.100,0.100,1,7.1,49.2,763,643,16,115,0
24.72,climb_cruise,508.4,508.4,30421.7,-44393,-50.53,47.36,41.08,14.85,15.0,125.0,0,0,10.63,-0.61,1.67,0.000,0.000,0.000,0.000,0.100,0.100,0.100,1,7.1,48.7,763,642,16,115,0
24.74,climb_cruise,508.6,508.6,30406.9,-44381,-50.41,47.13,41.36,14.87,15.0,125.0,0,0,10.65,-0.57,1.65,0.000,0.000,0.000,0.000,0.100,0.100,0.100,1,7.1,48.2,763,641,16,116,0
24.76,climb_cruise,508.8,508.8,30392.1,-44368,-50.29,46.90,41.64,14.88,15.0,125.0,0,0,10.66,-0.53,1.64,0.000,0.000,0.000,0.000,0.100,0.100,0.100,1,7.1,47.8,763,640,16,116,0
24.78,climb_cruise,509.0,509.0,30377.3,-44355,-50.17,46.68,41.92,14.90,15.0,125.0,0,0,10.68,-0.49,1.63,0.000,0.000,0.000,0.000,0.100,0.100,0.100,1,7.1,47.3,763,639,16,114,0
24.80,climb_cruise,509.2,509.2,30362.5,-44341,-50.04,46.46,42.19,14.92,15.0,125.0,0,0,10.69,-0.45,1.61,0.000,0.000,0.000,0.000,0.100,0.100,0.100,1,7.0,46.8,763,638,16,115,0
24.82,climb_cruise,509.4,509.4,30347.7,-44327,-49.92,46.24,42.47,14.93,15.0,125.0,0,0,10.71,-0.41,1.60,0.000,0.000,0.000,0.000,0.100,0.100,0.100,1,7.0,46.4,763,637,16,115,0
24.84,climb_cruise,509.7,509.7,30333.0,-44311,-49.79,46.02,42.74,14.95,15.0,125.0,0,0,10.72,-0.38,1.58,0.000,0.000,0.000,0.000,0.100,0.100,0.100,1,7.0,45.9,763,636,16,115,0
24.86,climb_cruise,509.9,509.9,30318.2,-44296,-49.67,45.80,43.02,14.97,15.0,125.0,0,0,10.74,-0.34,1.57,0.000,0.000,0.000,0.000,0.100,0.100,0.100,1,7.0,45.5,763,635,16,115,0
24.88,climb_cruise,510.1,510.1,30303.4,-44279,-49.54,45.59,43.29,14.99,15.0,125.0,0,0,10.75,-0.31,1.56,0.000,0.000,0.000,0.000,0.100,0.100,0.100,1,7.0,45.0,763,634,16,114,0
24.90,climb_cruise,510.3,510.3,30288.7,-44262,-49.41,45.38,43.56,15.00,15.0,125.0,1,1,10.77,-0.28,1.55,0.000,0.000,0.000,0.000,0.100,0.100,0.100,1,7.0,44.6,763,633,16,114,0
24.92,climb_cruise,510.5,510.5,30273.9,-44244,-49.28,45.17,43.83,15.02,15.0,125.0,1,1,10.78,-0.25,1.53,0.000,0.000,0.000,0.000,0.100,0.100,0.100,1,7.0,44.2,763,632,16,116,0
24.94,climb_cruise,510.7,510.7,30259.2,-44226,-49.15,44.96,44.09,15.04,15.0,125.0,1,1,10.80,-0.22,1.52,0.000,0.000,0.000,0.000,0.100,0.100,0.100,1,7.0,43.8,763,632,16,116,0
24.96,climb_cruise,510.9,510.9,30244.4,-44207,-49.02,44.76,44.36,15.05,15.0,125.0,1,1,10.81,-0.19,1.51,0.000,0.000,0.000,0.000,0.100,0.100,0.100,1,6.9,43.4,763,631,16,114,0
24.98,climb_cruise,511.1,511.1,30229.7,-44187,-48.88,44.56,44.62,15.07,15.0,125.0,1,1,10.83,-0.16,1.50,0.000,0.000,0.000,0.000,0.100,0.100,0.100,1,6.9,43.0,763,630,16,114,0
25.00,climb_cruise,511.4,511.4,30215.0,-44166,-48.75,44.36,44.89,15.09,15.0,125.0,1,1,10.84,-0.13,1.49,0.000,0.000,0.000,0.000,0.100,0.100,0.100,1,6.9,42.6,763,629,16,114,0
25.02,climb_cruise,511.6,511.6,30200.2,-44145,-48.61,44.16,45.15,15.11,15.0,125.0,1,1,10.86,-0.11,1.48,0.000,0.000,0.000,0.000,0.100,0.100,0.100,1,6.9,42.2,763,628,16,115,0
25.04,climb_cruise,511.8,511.8,30185.5,-44124,-48.48,43.96,45.41,15.12,15.0,125.0,1,1,10.87,-0.08,1.47,0.000,0.000,0.000,0.000,0.100,0.100,0.100,1,6.9,41.8,763,627,16,115,0
25.06,climb_cruise,512.0,512.0,30170.8,-44101,-48.34,43.76,45.67,15.14,15.0,125.0,1,1,10.89,-0.06,1.46,0.000,0.000,0.000,0.000,0.100,0.100,0.100,1,6.9,41.4,763,627,16,116,0
25.08,climb_cruise,512.2,512.2,30156.1,-44078,-48.20,43.57,45.92,15.16,15.0,125.0,1,1,10.90,-0.03,1.45,0.000,0.000,0.000,0.000,0.100,0.100,0.100,1,6.9,41.0,763,626,16,115,0
25.10,climb_cruise,512.4,512.4,30141.4,-44054,-48.07,43.38,46.18,15.18,15.0,125.0,1,1,10.92,-0.01,1.44,0.000,0.000,0.000,0.000,0.100,0.100,0.100,1,6.8,40.7,763,625,16,115,0
25.12,climb_cruise,512.6,512.6,30126.8,-44030,-47.93,43.19,46.44,15.19,15.0,125.0,1,1,10.93,0.01,1.43,0.000,0.000,0.000,0.000,0.100,0.100,0.100,1,6.8,40.3,763,624,16,115,0
25.14,climb_cruise,512.8,512.8,30112.1,-44004,-47.79,43.00,46.69,15.21,15.0,125.0,1,1,10.95,0.03,1.42,0.000,0.000,0.000,0.000,0.100,0.100,0.100,1,6.8,39.9,763,623,16,116,0
25.16,climb_cruise,513.0,513.0,30097.4,-43979,-47.65,42.82,46.94,15.23,15.0,125.0,1,1,10.96,0.05,1.41,0.000,0.000,0.000,0.000,0.100,0.100,0.100,1,6.8,39.6,763,623,16,116,0
25.18,climb_cruise,513.2,513.2,30082.8,-43952,-47.50,42.63,47.19,15.25,15.0,125.0,1,1,10.97,0.08,1.40,0.000,0.000,0.000,0.000,0.100,0.100,0.100,1,6.8,39.3,763,622,16,115,0
25.20,climb_cruise,513.4,513.4,30068.1,-43925,-47.36,42.45,47.44,15.26,15.0,125.0,1,1,10.99,0.09,1.40,0.000,0.000,0.000,0.000,0.100,0.100,0.100,1,6.8,38.9,763,621,16,116,0
25.22,climb_cruise,513.6,513.6,30053.5,-43897,-47.22,42.27,47.69,15.28,15.0,125.0,1,1,11.00,0.11,1.39,0.000,0.000,0.000,0.000,0.100,0.100,0.100,1,6.8,38.6,763,621,16,115,0
25.24,climb_cruise,513.8,513.8,30038.8,-43868,-47.07,42.09,47.94,15.30,15.0,125.0,1,1,11.02,0.13,1.38,0.000,0.000,0.000,0.000,0.100,0.100,0.100,1,6.7,38.3,763,620,16,114,0
25.26,climb_cruise,514.1,514.1,30024.2,-43839,-46.93,41.91,48.19,15.32,15.0,125.0,1,1,11.03,0.15,1.37,0.000,0.000,0.000,0.000,0.100,0.100,0.100,1,6.7,37.9,763,619,16,115,0
25.28,climb_cruise,514.3,514.3,30009.6,-43809,-46.78,41.74,48.43,15.34,15.0,125.0,1,1,11.05,0.17,1.37,0.000,0.000,0.000,0.000,0.100,0.100,0.100,1,6.7,37.6,763,619,16,116,0
25.30,climb_cruise,514.5,514.5,29995.0,-43778,-46.63,41.56,48.68,15.35,15.0,125.0,1,1,11.06,0.18,1.36,0.000,0.000,0.000,0.000,0.100,0.100,0.100,1,6.7,37.3,763,618,16,116,0
25.32,climb_cruise,514.7,514.7,29980.4,-43747,-46.49,41.39,48.92,15.37,15.0,125.0,1,1,11.08,0.20,1.35,0.000,0.000,0.000,0.000,0.100,0.100,0.100,1,6.7,37.0,763,617,16,116,0
25.34,climb_cruise,514.9,514.9,29965.8,-43714,-46.34,41.22,49.16,15.39,15.0,125.0,1,1,11.09,0.22,1.35,0.000,0.000,0.000,0.000,0.100,0.100,0.100,1,6.7,36.7,763,617,16,115,0
25.36,climb_cruise,515.1,515.1,29951.3,-43682,-46.19,41.05,49.40,15.41,15.0,125.0,1,1,11.11,0.23,1.34,0.000,0.000,0.000,0.000,0.100,0.100,0.100,1,6.7,36.4,763,616,16,115,0
25.38,climb_cruise,515.3,515.3,29936.7,-43648,-46.04,40.88,49.64,15.42,15.0,125.0,1,1,11.12,0.25,1.33,0.000,0.000,0.000,0.000,0.100,0.100,0.100,1,6.7,36.1,763,615,16,116,0
25.40,climb_cruise,515.5,515.5,29922.2,-43614,-45.89,40.72,49.88,15.44,15.0,125.0,1,1,11.13,0.26,1.33,0.000,0.000,0.000,0.000,0.100,0.100,0.100,1,6.6,35.8,763,615,16,114,0
25.42,climb_cruise,515.7,515.7,29907.6,-43579,-45.73,40.55,50.12,15.46,15.0,125.0,1,1,11.15,0.28,1.32,0.000,0.000,0.000,0.000,0.100,0.100,0.100,1,6.6,35.6,763,614,16,115,0
25.44,climb_cruise,515.9,515.9,29893.1,-43543,-45.58,40.39,50.35,15.48,15.0,125.0,1,1,11.16,0.29,1.32,0.000,0.000,0.000,0.000,0.100,0.100,0.100,1,6.6,35.3,763,614,16,114,0
25.46,climb_cruise,516.1,516.1,29878.6,-43507,-45.43,40.23,50.59,15.50,15.0,125.0,1,1,11.18,0.30,1.31,0.000,0.000,0.000,0.000,0.100,0.100,0.100,1,6.6,35.0,763,613,16,115,0
25.48,climb_cruise,516.3,516.3,29864.1,-43469,-45.27,40.07,50.82,15.51,15.0,125.0,1,1,11.19,0.32,1.31,0.000,0.000,0.000,0.000,0.100,0.100,0.100,1,6.6,34.8,763,613,16,114,0
25.50,climb_cruise,516.5,516.5,29849.6,-43432,-45.12,39.91,51.05,15.53,15.0,125.0,1,1,11.21,0.33,1.30,0.000,0.000,0.000,0.000,0.100,0.100,0.100,1,6.6,34.5,763,612,16,115,0
25.52,climb_cruise,516.7,516.7,29835.1,-43393,-44.96,39.75,51.28,15.55,15.0,125.0,1,1,11.22,0.34,1.30,0.000,0.000,0.000,0.000,0.100,0.100,0.100,1,6.6,34.2,763,611,16,114,0
25.54,climb_cruise,516.9,516.9,29820.7,-43354,-44.81,39.59,51.52,15.57,15.0,125.0,1,1,11.24,0.36,1.29,0.000,0.000,0.000,0.000,0.100,0.100,0.100,1,6.5,34.0,763,611,16,114,0
25.56,climb_cruise,517.1,517.1,29806.2,-43314,-44.65,39.44,51.74,15.58,15.0,125.0,1,1,11.25,0.37,1.29,0.000,0.000,0.000,0.000,0.100,0.100,0.100,1,6.5,33.7,763,610,16,115,0
25.58,climb_cruise,517.2,517.2,29791.8,-43273,-44.49,39.29,51.97,15.60,15.0,125.0,1,1,11.27,0.38,1.29,0.000,0.000,0.000,0.000,0.100,0.100,0.100,1,6.5,33.5,763,610,16,114,0
25.60,climb_cruise,517.4,517.4,29777.4,-43231,-44.33,39.14,52.20,15.62,15.0,125.0,1,1,11.28,0.39,1.28,0.000,0.000,0.000,0.000,0.100,0.100,0.100,1,6.5,33.3,763,609,16,114,0
25.62,climb_cruise,517.6,517.6,29763.0,-43189,-44.17,38.99,52.43,15.64,15.0,125.0,1,1,11.29,0.40,1.28,0.000,0.000,0.000,0.000,0.100,0.100,0.100,1,6.5,33.0,763,609,16,116,0
25.64,climb_cruise,517.8,517.8,29748.6,-43146,-44.01,38.84,52.65,15.66,15.0,125.0,1,1,11.31,0.41,1.27,0.000,0.000,0.000,0.000,0.100,0.100,0.100,1,6.5,32.8,763,608,16,116,0
25.66,climb_cruise,518.0,518.0,29734.2,-43102,-43.85,38.69,52.88,15.67,15.0,125.0,1,1,11.32,0.42,1.27,0.000,0.000,0.000,0.000,0.100,0.100,0.100,1,6.5,32.6,763,608,16,116,0
25.68,climb_cruise,518.2,518.2,29719.8,-43058,-43.69,38.54,53.10,15.69,15.0,125.0,1,1,11.34,0.43,1.27,0.000,0.000,0.000,0.000,0.100,0.100,0.100,1,6.5,32.3,763,607,16,114,0
25.70,climb_cruise,518.4,518.4,29705.5,-43013,-43.53,38.40,53.32,15.71,15.0,125.0,1,1,11.35,0.44,1.26,0.000,0.000,0.000,0.000,0.100,0.100,0.100,1,6.4,32.1,763,607,16,115,0
25.72,climb_cruise,518.6,518.6,29691.2,-42967,-43.37,38.26,53.54,15.73,15.0,125.0,1,1,11.37,0.45,1.26,0.000,0.000,0.000,0.000,0.100,0.100,0.100,1,6.4,31.9,763,606,16,115,0
25.74,climb_cruise,518.8,518.8,29676.8,-42920,-43.20,38.11,53.76,15.75,15.0,125.0,1,1,11.38,0.46,1.26,0.000,0.000,0.000,0.000,0.100,0.100,0.100,1,6.4,31.7,763,606,16,115,0
25.76,climb_cruise,519.0,519.0,29662.5,-42873,-43.04,37.97,53.98,15.76,15.0,125.0,1,1,11.40,0.47,1.26,0.000,0.000,0.000,0.000,0.100,0.100,0.100,1,6.4,31.5,763,606,16,115,0
25.78,climb_cruise,519.2,519.2,29648.3,-42824,-42.88,37.83,54.20,15.78,15.0,125.0,1,1,11.41,0.48,1.25,0.000,0.000,0.000,0.000,0.100,0.100,0.100,1,6.4,31.3,763,605,16,114,0
25.80,climb_cruise,519.4,519.4,29634.0,-42775,-42.71,37.70,54.42,15.80,15.0,125.0,1,1,11.42,0.49,1.25,0.000,0.000,0.000,0.000,0.100,0.100,0.100,1,6.4,31.1,763,605,16,114,0
25.82,climb_cruise,519.5,519.5,29619.7,-42726,-42.54,37.56,54.64,15.82,15.0,125.0,1,1,11.44,0.50,1.25,0.000,0.000,0.000,0.000,0.100,0.100,0.100,1,6.4,30.9,763,604,16,115,0
25.84,climb_cruise,519.7,519.7,29605.5,-42675,-42.38,37.42,54.85,15.84,15.0,125.0,1,1,11.45,0.51,1.25,0.000,0.000,0.000,0.000,0.100,0.100,0.100,1,6.4,30.7,763,604,16,115,0
25.86,climb_cruise,519.9,519.9,29591.3,-42624,-42.21,37.29,55.07,15.85,15.0,125.0,1,1,11.47,0.51,1.24,0.000,0.000,0.000,0.000,0.100,0.100,0.100,1,6.3,30.5,763,603,16,115,0
25.88,climb_cruise,520.1,520.1,29577.1,-42572,-42.04,37.16,55.28,15.87,15.0,125.0,1,1,11.48,0.52,1.24,0.000,0.000,0.000,0.000,0.100,0.100,0.100,1,6.3,30.3,763,603,16,115,0
25.90,climb_cruise,520.3,520.3,29562.9,-42519,-41.87,37.02,55.49,15.89,15.0,125.0,1,1,11.50,0.53,1.24,0.000,0.000,0.000,0.000,0.100,0.100,0.100,1,6.3,30.1,763,603,16,116,0
25.92,climb_cruise,520.5,520.5,29548.7,-42466,-41.71,36.89,55.71,15.91,15.0,125.0,1,1,11.51,0.54,1.24,0.000,0.000,0.000,0.000,0.100,0.100,0.100,1,6.3,30.0,763,602,16,114,0
25.94,climb_cruise,520.7,520.7,29534.6,-42411,-41.54,36.76,55.92,15.93,15.0,125.0,1,1,11.53,0.55,1.24,0.000,0.000,0.000,0.000,0.100,0.100,0.100,1,6.3,29.8,763,602,16,115,0
25.96,climb_cruise,520.8,520.8,29520.4,-42356,-41.37,36.64,56.13,15.94,15.0,125.0,1,1,11.54,0.55,1.23,0.000,0.000,0.000,0.000,0.100,0.100,0.100,1,6.3,29.6,763,601,16,116,0
25.98,climb_cruise,521.0,521.0,29506.3,-42301,-41.19,36.51,56.34,15.96,15.0,125.0,1,1,11.55,0.56,1.23,0.000,0.000,0.000,0.000,0.100,0.100,0.100,1,6.3,29.4,763,601,16,115,0
26.00,climb_cruise,521.2,521.2,29492.2,-42244,-41.02,36.38,56.55,15.98,15.0,125.0,1,1,11.57,0.57,1.23,0.000,0.000,0.000,0.000,0.100,0.100,0.100,1,6.3,29.3,763,601,16,116,0
26.02,climb_cruise,521.4,521.4,29478.2,-42187,-40.85,36.26,56.75,16.00,15.0,125.0,1,1,11.58,0.58,1.23,0.000,0.000,0.000,0.000,0.100,0.100,0.100,1,6.2,29.1,763,600,16,114,0
26.04,climb_cruise,521.6,521.6,29464.1,-42128,-40.68,36.13,56.96,16.02,15.0,125.0,1,1,11.60,0.58,1.23,0.000,0.000,0.000,0.000,0.100,0.100,0.100,1,6.2,29.0,763,600,16,115,0
26.06,climb_cruise,521.7,521.7,29450.1,-42070,-40.51,36.01,57.17,16.04,15.0,125.0,1,1,11.61,0.59,1.23,0.000,0.000,0.000,0.000,0.100,0.100,0.100,1,6.2,28.8,763,600,16,114,0
26.08,climb_cruise,521.9,521.9,29436.1,-42010,-40.33,35.89,57.37,16.05,15.0,125.0,1,1,11.63,0.60,1.22,0.000,0.000,0.000,0.000,0.100,0.100,0.100,1,6.2,28.6,763,599,16,114,0
26.10,climb_cruise,522.1,522.1,29422.1,-41949,-40.16,35.77,57.58,16.07,15.0,125.0,1,1,11.64,0.60,1.22,0.000,0.000,0.000,0.000,0.100,0.100,0.100,1,6.2,28.5,763,599,16,115,0
26.12,climb_cruise,522.3,522.3,29408.1,-41888,-39.98,35.65,57.78,16.09,15.0,125.0,1,1,11.66,0.61,1.22,0.000,0.000,0.000,0.000,0.100,0.100,0.100,1,6.2,28.3,763,599,16,115,0
26.14,climb_cruise,522.5,522.5,29394.1,-41826,-39.81,35.53,57.98,16.11,15.0,125.0,1,1,11.67,0.62,1.22,0.000,0.000,0.000,0.000,0.100,0.100,0.100,1,6.2,28.2,763,598,16,114,0
26.16,climb_cruise,522.6,522.6,29380.2,-41763,-39.63,35.42,58.19,16.13,15.0,125.0,1,1,11.69,0.62,1.22,0.000,0.000,0.000,0.000,0.100,0.100,0.100,1,6.2,28.1,763,598,16,115,0
26.18,climb_cruise,522.8,522.8,29366.3,-41700,-39.45,35.30,58.39,16.14,15.0,125.0,1,1,11.70,0.63,1.22,0.000,0.000,0.000,0.000,0.100,0.100,0.100,1,6.1,27.9,763,598,16,116,0
26.20,climb_cruise,523.0,523.0,29352.4,-41635,-39.28,35.19,58.59,16.16,15.0,125.0,1,1,11.71,0.63,1.22,0.000,0.000,0.000,0.000,0.100,0.100,0.100,1,6.1,27.8,763,597,16,115,0
26.22,climb_cruise,523.2,523.2,29338.5,-41570,-39.10,35.07,58.79,16.18,15.0,125.0,1,1,11.73,0.64,1.22,0.000,0.000,0.000,0.000,0.100,0.100,0.100,1,6.1,27.6,763,597,16,115,0
26.24,climb_cruise,523.3,523.3,29324.7,-41504,-38.92,34.96,58.99,16.20,15.0,125.0,1,1,11.74,0.65,1.22,0.000,0.000,0.000,0.000,0.100,0.100,0.100,1,6.1,27.5,763,597,16,115,0
26.26,climb_cruise,523.5,523.5,29310.8,-41437,-38.74,34.85,59.19,16.22,15.0,125.0,1,1,11.76,0.65,1.22,0.000,0.000,0.000,0.000,0.100,0.100,0.100,1,6.1,27.4,763,596,16,115,0
26.28,climb_cruise,523.7,523.7,29297.0,-41370,-38.56,34.74,59.38,16.23,15.0,125.0,1,1,11.77,0.66,1.22,0.000,0.000,0.000,0.000,0.100,0.100,0.100,1,6.1,27.2,763,596,16,115,0
26.30,climb_cruise,523.8,523.8,29283.2,-41301,-38.38,34.63,59.58,16.25,15.0,125.0,1,1,11.79,0.66,1.21,0.000,0.000,0.000,0.000,0.100,0.100,0.100,1,6.1,27.1,763,596,16,114,0
26.32,climb_cruise,524.0,524.0,29269.5,-41232,-38.20,34.52,59.78,16.27,15.0,125.0,1,1,11.80,0.67,1.21,0.000,0.000,0.000,0.000,0.100,0.100,0.100,1,6.1,27.0,763,596,16,115,0
26.34,climb_cruise,524.2,524.2,29255.8,-41162,-38.02,34.41,59.97,16.29,15.0,125.0,1,1,11.82,0.67,1.21,0.000,0.000,0.000,0.000,0.100,0.100,0.100,1,6.0,26.9,763,595,16,116,0
26.36,climb_cruise,524.4,524.4,29242.0,-41091,-37.84,34.31,60.17,16.31,15.0,125.0,1,1,11.83,0.68,1.21,0.000,0.000,0.000,0.000,0.100,0.100,0.100,1,6.0,26.7,763,595,16,114,0
26.38,climb_cruise,524.5,524.5,29228.3,-41019,-37.66,34.20,60.36,16.32,15.0,125.0,1,1,11.85,0.68,1.21,0.000,0.000,0.000,0.000,0.100,0.100,0.100,1,6.0,26.6,763,595,16,116,0
26.40,climb_cruise,524.7,524.7,29214.7,-40947,-37.47,34.10,60.55,16.34,15.0,125.0,1,1,11.86,0.69,1.21,0.000,0.000,0.000,0.000,0.100,0.100,0.100,1,6.0,26.5,763,595,16,116,0
26.42,climb_cruise,524.9,524.9,29201.0,-40874,-37.29,33.99,60.75,16.36,15.0,125.0,1,1,11.87,0.69,1.21,0.000,0.000,0.000,0.000,0.100,0.100,0.100,1,6.0,26.4,763,594,16,114,0
26.44,climb_cruise,525.0,525.0,29187.4,-40800,-37.11,33.89,60.94,16.38,15.0,125.0,1,1,11.89,0.70,1.21,0.000,0.000,0.000,0.000,0.100,0.100,0.100,1,6.0,26.3,763,594,16,115,0
26.46,climb_cruise,525.2,525.2,29173.8,-40725,-36.92,33.79,61.13,16.40,15.0,125.0,1,1,11.90,0.70,1.21,0.000,0.000,0.000,0.000,0.100,0.100,0.100,1,6.0,26.2,763,594,16,115,0
26.48,climb_cruise,525.4,525.4,29160.3,-40649,-36.74,33.69,61.32,16.42,15.0,125.0,1,1,11.92,0.71,1.21,0.000,0.000,0.000,0.000,0.100,0.100,0.100,1,6.0,26.1,763,594,16,116,0
26.50,climb_cruise,525.5,525.5,29146.7,-40573,-36.55,33.59,61.51,16.43,15.0,125.0,1,1,11.93,0.71,1.21,0.000,0.000,0.000,0.000,0.100,0.100,0.100,1,5.9,26.0,763,593,16,115,0
26.52,climb_cruise,525.7,525.7,29133.2,-40496,-36.37,33.49,61.70,16.45,15.0,125.0,1,1,11.95,0.72,1.21,0.000,0.000,0.000,0.000,0.100,0.100,0.100,1,5.9,25.9,763,593,16,115,0
26.54,climb_cruise,525.8,525.8,29119.7,-40417,-36.18,33.40,61.89,16.47,15.0,125.0,1,1,11.96,0.72,1.21,0.000,0.000,0.000,0.000,0.100,0.100,0.100,1,5.9,25.8,763,593,16,115,0
26.56,climb_cruise,526.0,526.0,29106.3,-40338,-35.99,33.30,62.07,16.49,15.0,125.0,1,1,11.98,0.73,1.21,0.000,0.000,0.000,0.000,0.100,0.100,0.100,1,5.9,25.7,763,593,16,114,0
26.58,climb_cruise,526.2,526.2,29092.8,-40259,-35.81,33.21,62.26,16.51,15.0,125.0,1,1,11.99,0.73,1.21,0.000,0.000,0.000,0.000,0.100,0.100,0.100,1,5.9,25.6,763,592,16,116,0
26.60,climb_cruise,526.3,526.3,29079.4,-40178,-35.62,33.11,62.45,16.52,15.0,125.0,1,1,12.01,0.74,1.21,0.000,0.000,0.000,0.000,0.100,0.100,0.100,1,5.9,25.5,763,592,16,115,0
26.62,climb_cruise,526.5,526.5,29066.0,-40097,-35.43,33.02,62.63,16.54,15.0,125.0,1,1,12.02,0.74,1.21,0.000,0.000,0.000,0.000,0.100,0.100,0.100,1,5.9,25.4,763,592,16,115,0
26.64,climb_cruise,526.6,526.6,29052.7,-40015,-35.24,32.93,62.82,16.56,15.0,125.0,1,1,12.03,0.74,1.21,0.000,0.000,0.000,0.000,0.100,0.100,0.100,1,5.9,25.3,763,592,16,114,0
26.66,climb_cruise,526.8,526.8,29039.3,-39932,-35.05,32.83,63.01,16.58,15.0,125.0,1,1,12.05,0.75,1.21,0.000,0.000,0.000,0.000,0.100,0.100,0.100,1,5.9,25.2,763,591,16,116,0
26.68,climb_cruise,527.0,527.0,29026.0,-39848,-34.86,32.74,63.19,16.60,15.0,125.0,1,1,12.06,0.75,1.21,0.000,0.000,0.000,0.000,0.100,0.100,0.100,1,5.8,25.1,763,591,16,115,0
26.70,climb_cruise,527.1,527.1,29012.8,-39763,-34.67,32.65,63.37,16.62,15.0,125.0,1,1,12.08,0.76,1.21,0.000,0.000,0.000,0.000,0.100,0.100,0.100,1,5.8,25.0,763,591,16,115,0
26.72,climb_cruise,527.3,527.3,28999.5,-39678,-34.48,32.57,63.56,16.63,15.0,125.0,1,1,12.09,0.76,1.21,0.000,0.000,0.000,0.000,0.100,0.100,0.100,1,5.8,24.9,763,591,16,114,0
26.74,climb_cruise,527.4,527.4,28986.3,-39591,-34.29,32.48,63.74,16.65,15.0,125.0,1,1,12.11,0.77,1.21,0.000,0.000,0.000,0.000,0.100,0.100,0.100,1,5.8,24.8,763,591,16,115,0
26.76,climb_cruise,527.6,527.6,28973.1,-39504,-34.10,32.39,63.92,16.67,15.0,125.0,1,1,12.12,0.77,1.21,0.000,0.000,0.000,0.000,0.100,0.100,0.100,1,5.8,24.7,763,590,16,116,0
26.78,climb_cruise,527.7,527.7,28960.0,-39416,-33.91,32.30,64.10,16.69,15.0,125.0,1,1,12.14,0.77,1.21,0.000,0.000,0.000,0.000,0.100,0.100,0.100,1,5.8,24.7,763,590,16,115,0
26.80,climb_cruise,527.9,527.9,28946.8,-39327,-33.72,32.22,64.28,16.71,15.0,125.0,1,1,12.15,0.78,1.21,0.000,0.000,0.000,0.000,0.100,0.100,0.100,1,5.8,24.6,763,590,16,115,0
26.82,climb_cruise,528.0,528.0,28933.7,-39238,-33.52,32.14,64.46,16.72,15.0,125.0,1,1,12.16,0.78,1.21,0.000,0.000,0.000,0.000,0.100,0.100,0.100,1,5.8,24.5,763,590,16,114,0
26.84,climb_cruise,528.2,528.2,28920.7,-39147,-33.33,32.05,64.64,16.74,15.0,125.0,1,1,12.18,0.79,1.21,0.000,0.000,0.000,0.000,0.100,0.100,0.100,1,5.7,24.4,763,590,16,114,0
26.86,climb_cruise,528.3,528.3,28907.6,-39056,-33.14,31.97,64.82,16.76,15.0,125.0,1,1,12.19,0.79,1.21,0.000,0.000,0.000,0.000,0.100,0.100,0.100,1,5.7,24.3,763,590,16,114,0
26.88,climb_cruise,528.5,528.5,28894.6,-38964,-32.94,31.89,65.00,16.78,15.0,125.0,1,1,12.21,0.79,1.21,0.000,0.000,0.000,0.000,0.100,0.100,0.100,1,5.7,24.3,763,589,16,114,0
26.90,climb_cruise,528.6,528.6,28881.7,-38871,-32.75,31.81,65.18,16.80,15.0,125.0,1,1,12.22,0.80,1.21,0.000,0.000,0.000,0.000,0.100,0.100,0.100,1,5.7,24.2,763,589,16,116,0
26.92,climb_cruise,528.8,528.8,28868.7,-38777,-32.55,31.73,65.36,16.81,15.0,125.0,1,1,12.24,0.80,1.21,0.000,0.000,0.000,0.000,0.100,0.100,0.100,1,5.7,24.1,763,589,16,115,0
26.94,climb_cruise,528.9,528.9,28855.8,-38682,-32.36,31.65,65.53,16.83,15.0,125.0,1,1,12.25,0.81,1.21,0.000,0.000,0.000,0.000,0.100,0.100,0.100,1,5.7,24.1,763,589,16,114,0
26.96,climb_cruise,529.1,529.1,28842.9,-38587,-32.16,31.57,65.71,16.85,15.0,125.0,1,1,12.27,0.81,1.21,0.000,0.000,0.000,0.000,0.100,0.100,0.100,1,5.7,24.0,763,589,16,115,0
26.98,climb_cruise,529.2,529.2,28830.1,-38490,-31.96,31.49,65.88,16.87,15.0,125.0,1,1,12.28,0.81,1.21,0.000,0.000,0.000,0.000,0.100,0.100,0.100,1,5.7,23.9,763,589,16,115,0
27.00,climb_cruise,529.3,529.3,28817.2,-38393,-31.77,31.42,66.06,16.89,15.0,125.0,1,1,12.30,0.82,1.21,0.000,0.000,0.000,0.000,0.100,0.100,0.100,1,5.7,23.8,763,588,16,115,0
27.02,climb_cruise,529.5,529.5,28804.5,-38295,-31.57,31.34,66.24,16.91,15.0,125.0,1,1,12.31,0.82,1.22,0.000,0.000,0.000,0.000,0.100,0.100,0.100,1,5.6,23.8,763,588,16,115,0
27.04,climb_cruise,529.6,529.6,28791.7,-38196,-31.37,31.27,66.41,16.92,15.0,125.0,1,1,12.32,0.82,1.22,0.000,0.000,0.000,0.000,0.100,0.100,0.100,1,5.6,23.7,763,588,16,115,0
27.06,climb_cruise,529.8,529.8,28779.0,-38096,-31.17,31.19,66.58,16.94,15.0,125.0,1,1,12.34,0.83,1.22,0.000,0.000,0.000,0.000,0.100,0.100,0.100,1,5.6,23.7,763,588,16,115,0
27.08,climb_cruise,529.9,529.9,28766.3,-37996,-30.97,31.12,66.76,16.96,15.0,125.0,1,1,12.35,0.83,1.22,0.000,0.000,0.000,0.000,0.100,0.100,0.100,1,5.6,23.6,763,588,16,115,0
27.10,climb_cruise,530.0,530.0,28753.6,-37894,-30.77,31.05,66.93,16.98,15.0,125.0,1,1,12.37,0.83,1.22,0.000,0.000,0.000,0.000,0.100,0.100,0.100,1,5.6,23.5,763,588,16,114,0
27.12,climb_cruise,530.2,530.2,28741.0,-37792,-30.57,30.98,67.10,17.00,15.0,125.0,1,1,12.38,0.84,1.22,0.000,0.000,0.000,0.000,0.100,0.100,0.100,1,5.6,23.5,763,587,16,115,0
27.14,climb_cruise,530.3,530.3,28728.4,-37689,-30.37,30.91,67.27,17.01,15.0,125.0,1,1,12.40,0.84,1.22,0.000,0.000,0.000,0.000,0.100,0.100,0.100,1,5.6,23.4,763,587,16,116,0
27.16,climb_cruise,530.4,530.4,28715.9,-37585,-30.17,30.84,67.45,17.03,15.0,125.0,1,1,12.41,0.84,1.22,0.000,0.000,0.000,0.000,0.100,0.100,0.100,1,5.6,23.3,763,587,16,116,0
27.18,climb_cruise,530.6,530.6,28703.4,-37480,-29.97,30.77,67.62,17.05,15.0,125.0,1,1,12.43,0.85,1.22,0.000,0.000,0.000,0.000,0.100,0.100,0.100,1,5.6,23.3,763,587,16,116,0
27.20,climb_cruise,530.7,530.7,28690.9,-37375,-29.77,30.70,67.79,17.07,15.0,125.0,1,1,12.44,0.85,1.22,0.000,0.000,0.000,0.000,0.100,0.100,0.100,1,5.5,23.2,763,587,16,116,0
27.22,climb_cruise,530.8,530.8,28678.4,-37268,-29.57,30.63,67.96,17.09,15.0,125.0,1,1,12.45,0.86,1.22,0.000,0.000,0.000,0.000,0.100,0.100,0.100,1,5.5,23.2,763,587,16,114,0
27.24,climb_cruise,531.0,531.0,28666.0,-37161,-29.37,30.57,68.13,17.11,15.0,125.0,1,1,12.47,0.86,1.22,0.000,0.000,0.000,0.000,0.100,0.100,0.100,1,5.5,23.1,763,587,16,114,0
27.26,climb_cruise,531.1,531.1,28653.7,-37053,-29.17,30.50,68.30,17.12,15.0,125.0,1,1,12.48,0.86,1.22,0.000,0.000,0.000,0.000,0.100,0.100,0.100,1,5.5,23.1,763,587,16,115,0
27.28,climb_cruise,531.2,531.2,28641.3,-36944,-28.96,30.44,68.47,17.14,15.0,125.0,1,1,12.50,0.87,1.22,0.000,0.000,0.000,0.000,0.100,0.100,0.100,1,5.5,23.0,763,586,16,115,0
27.30,climb_cruise,531.4,531.4,28629.0,-36834,-28.76,30.37,68.64,17.16,15.0,125.0,1,1,12.51,0.87,1.22,0.000,0.000,0.000,0.000,0.100,0.100,0.100,1,5.5,23.0,763,586,16,115,0
27.32,climb_cruise,531.5,531.5,28616.8,-36723,-28.56,30.31,68.80,17.18,15.0,125.0,1,1,12.53,0.87,1.22,0.000,0.000,0.000,0.000,0.100,0.100,0.100,1,5.5,22.9,763,586,16,115,0
27.34,climb_cruise,531.6,531.6,28604.5,-36612,-28.35,30.25,68.97,17.20,15.0,125.0,1,1,12.54,0.88,1.23,0.000,0.000,0.000,0.000,0.100,0.100,0.100,1,5.5,22.9,763,586,16,116,0
27.36,climb_cruise,531.7,531.7,28592.3,-36500,-28.15,30.18,69.14,17.21,15.0,125.0,1,1,12.55,0.88,1.23,0.000,0.000,0.000,0.000,0.100,0.100,0.100,1,5.5,22.8,763,586,16,114,0
27.38,climb_cruise,531.9,531.9,28580.2,-36386,-27.94,30.12,69.31,17.23,15.0,125.0,1,1,12.57,0.88,1.23,0.000,0.000,0.000,0.000,0.100,0.100,0.100,1,5.4,22.8,763,586,16,116,0
27.40,climb_cruise,532.0,532.0,28568.1,-36273,-27.74,30.06,69.47,17.25,15.0,125.0,1,1,12.58,0.88,1.23,0.000,0.000,0.000,0.000,0.100,0.100,0.100,1,5.4,22.7,763,586,16,115,0
27.42,climb_cruise,532.1,532.1,28556.0,-36158,-27.53,30.00,69.64,17.27,15.0,125.0,1,1,12.59,0.89,1.23,0.000,0.000,0.000,0.000,0.100,0.100,0.100,1,5.4,22.7,763,586,16,116,0
27.44,climb_cruise,532.2,532.2,28544.0,-36042,-27.32,29.94,69.81,17.29,15.0,125.0,1,1,12.61,0.89,1.23,0.000,0.000,0.000,0.000,0.100,0.100,0.100,1,5.4,22.6,763,585,16,116,0
27.46,climb_cruise,532.4,532.4,28532.0,-35926,-27.12,29.89,69.97,17.31,15.0,125.0,1,1,12.62,0.89,1.23,0.000,0.000,0.000,0.000,0.100,0.100,0.100,1,5.4,22.6,763,585,16,116,0
27.48,climb_cruise,532.5,532.5,28520.0,-35809,-26.91,29.83,70.14,17.33,15.0,125.0,1,1,12.63,0.89,1.23,0.000,0.000,0.000,0.000,0.100,0.100,0.100,1,5.4,22.5,763,585,16,115,0
27.50,climb_cruise,532.6,532.6,28508.1,-35691,-26.70,29.77,70.30,17.34,15.0,125.0,1,1,12.64,0.90,1.23,0.000,0.000,0.000,0.000,0.100,0.100,0.100,1,5.4,22.5,763,585,16,116,0
27.52,climb_cruise,532.7,532.7,28496.2,-35573,-26.50,29.72,70.47,17.36,15.0,125.0,1,1,12.65,0.90,1.23,0.000,0.000,0.000,0.000,0.100,0.100,0.100,1,5.4,22.5,763,585,16,114,0
27.54,climb_cruise,532.8,532.8,28484.3,-35453,-26.29,29.66,70.63,17.38,15.0,125.0,1,1,12.66,0.90,1.23,0.000,0.000,0.000,0.000,0.100,0.100,0.100,1,5.4,22.4,763,585,16,115,0
27.56,climb_cruise,533.0,533.0,28472.5,-35333,-26.08,29.61,70.79,17.40,15.0,125.0,1,1,12.67,0.91,1.23,0.000,0.000,0.000,0.000,0.100,0.100,0.100,1,5.3,22.4,763,585,16,115,0
27.58,climb_cruise,533.1,533.1,28460.8,-35212,-25.87,29.56,70.96,17.42,15.0,125.0,1,1,12.68,0.91,1.24,0.000,0.000,0.000,0.000,0.100,0.100,0.100,1,5.3,22.3,763,585,16,115,0
27.60,climb_cruise,533.2,533.2,28449.1,-35090,-25.66,29.50,71.12,17.44,15.0,125.0,1,1,12.68,0.91,1.24,0.000,0.000,0.000,0.000,0.100,0.100,0.100,1,5.3,22.3,763,585,16,114,0
27.62,climb_cruise,533.3,533.3,28437.4,-34968,-25.46,29.45,71.28,17.46,15.0,125.0,1,1,12.69,0.91,1.24,0.000,0.000,0.000,0.000,0.100,0.100,0.100,1,5.3,22.3,763,585,16,115,0
27.64,climb_cruise,533.4,533.4,28425.7,-34844,-25.25,29.40,71.44,17.47,15.0,125.0,1,1,12.70,0.92,1.24,0.000,0.000,0.000,0.000,0.100,0.100,0.100,1,5.3,22.2,763,584,16,115,0
27.66,climb_cruise,533.5,533.5,28414.1,-34720,-25.04,29.35,71.60,17.49,15.0,125.0,1,1,12.71,0.92,1.24,0.000,0.000,0.000,0.000,0.100,0.100,0.100,1,5.3,22.2,763,584,16,115,0
27.68,climb_cruise,533.6,533.6,28402.6,-34595,-24.83,29.30,71.77,17.51,15.0,125.0,1,1,12.72,0.92,1.24,0.000,0.000,0.000,0.000,0.100,0.100,0.100,1,5.3,22.1,763,584,16,115,0
27.70,climb_cruise,533.7,533.7,28391.1,-34470,-24.62,29.25,71.93,17.53,15.0,125.0,1,1,12.73,0.92,1.24,0.000,0.000,0.000,0.000,0.100,0.100,0.100,1,5.3,22.1,763,584,16,116,0
27.72,climb_cruise,533.8,533.8,28379.6,-34343,-24.41,29.20,72.09,17.55,15.0,125.0,1,1,12.74,0.93,1.24,0.000,0.000,0.000,0.000,0.100,0.100,0.100,1,5.3,22.1,763,584,16,115,0
27.74,climb_cruise,533.9,533.9,28368.2,-34216,-24.20,29.16,72.25,17.57,15.0,125.0,1,1,12.75,0.93,1.24,0.000,0.000,0.000,0.000,0.100,0.100,0.100,1,5.3,22.0,763,584,16,115,0
27.76,climb_cruise,534.0,534.0,28356.8,-34088,-23.99,29.11,72.41,17.59,15.0,125.0,1,1,12.76,0.93,1.24,0.000,0.000,0.000,0.000,0.100,0.100,0.100,1,5.2,22.0,763,584,16,115,0
27.78,climb_cruise,534.2,534.2,28345.4,-33959,-23.77,29.06,72.57,17.60,15.0,125.0,1,1,12.77,0.93,1.24,0.000,0.000,0.000,0.000,0.100,0.100,0.100,1,5.2,22.0,763,584,16,115,0
27.80,climb_cruise,534.3,534.3,28334.1,-33830,-23.56,29.02,72.73,17.62,15.0,125.0,1,1,12.78,0.93,1.24,0.000,0.000,0.000,0.000,0.100,0.100,0.100,1,5.2,21.9,763,584,16,115,0
27.82,climb_cruise,534.4,534.4,28322.9,-33699,-23.35,28.97,72.88,17.64,15.0,125.0,1,1,12.79,0.94,1.25,0.000,0.000,0.000,0.000,0.100,0.100,0.100,1,5.2,21.9,763,584,16,115,0
27.84,climb_cruise,534.5,534.5,28311.6,-33568,-23.14,28.93,73.04,17.66,15.0,125.0,1,1,12.80,0.94,1.25,0.000,0.000,0.000,0.000,0.100,0.100,0.100,1,5.2,21.9,763,584,16,114,0
27.86,climb_cruise,534.6,534.6,28300.5,-33437,-22.93,28.89,73.20,17.68,15.0,125.0,1,1,12.81,0.94,1.25,0.000,0.000,0.000,0.000,0.100,0.100,0.100,1,5.2,21.8,763,584,16,116,0
27.88,climb_cruise,534.7,534.7,28289.3,-33304,-22.71,28.84,73.36,17.70,15.0,125.0,1,1,12.81,0.94,1.25,0.000,0.000,0.000,0.000,0.100,0.100,0.100,1,5.2,21.8,763,583,16,115,0
27.90,climb_cruise,534.8,534.8,28278.3,-33171,-22.50,28.80,73.52,17.71,15.0,125.0,1,1,12.82,0.95,1.25,0.000,0.000,0.000,0.000,0.100,0.100,0.100,1,5.2,21.8,763,583,16,116,0
27.92,climb_cruise,534.9,534.9,28267.2,-33036,-22.29,28.76,73.67,17.73,15.0,125.0,1,1,12.83,0.95,1.25,0.000,0.000,0.000,0.000,0.100,0.100,0.100,1,5.2,21.7,763,583,16,115,0
27.94,climb_cruise,534.9,534.9,28256.2,-32902,-22.08,28.72,73.83,17.75,15.0,125.0,1,1,12.84,0.95,1.25,0.000,0.000,0.000,0.000,0.100,0.100,0.100,1,5.1,21.7,763,583,16,116,0
27.96,climb_cruise,535.0,535.0,28245.3,-32766,-21.86,28.68,73.99,17.77,15.0,125.0,1,1,12.85,0.95,1.25,0.000,0.000,0.000,0.000,0.100,0.100,0.100,1,5.1,21.7,763,583,16,115,0
27.98,climb_cruise,535.1,535.1,28234.4,-32630,-21.65,28.64,74.14,17.79,15.0,125.0,1,1,12.86,0.96,1.25,0.000,0.000,0.000,0.000,0.100,0.100,0.100,1,5.1,21.7,763,583,16,114,0
28.00,climb_cruise,535.2,535.2,28223.5,-32493,-21.43,28.60,74.30,17.81,15.0,125.0,1,1,12.87,0.96,1.25,0.000,0.000,0.000,0.000,0.100,0.100,0.100,1,5.1,21.6,763,583,16,115,0
28.02,climb_cruise,535.3,535.3,28212.7,-32355,-21.22,28.57,74.46,17.83,15.0,125.0,1,1,12.88,0.96,1.25,0.000,0.000,0.000,0.000,0.100,0.100,0.100,1,5.1,21.6,763,583,16,116,0
28.04,climb_cruise,535.4,535.4,28201.9,-32216,-21.01,28.53,74.61,17.84,15.0,125.0,1,1,12.89,0.96,1.26,0.000,0.000,0.000,0.000,0.100,0.100,0.100,1,5.1,21.6,763,583,16,115,0
28.06,climb_cruise,535.5,535.5,28191.2,-32077,-20.79,28.49,74.77,17.86,15.0,125.0,1,1,12.90,0.97,1.26,0.000,0.000,0.000,0.000,0.100,0.100,0.100,1,5.1,21.5,763,583,16,115,0
28.08,climb_cruise,535.6,535.6,28180.5,-31937,-20.58,28.46,74.92,17.88,15.0,125.0,1,1,12.91,0.97,1.26,0.000,0.000,0.000,0.000,0.100,0.100,0.100,1,5.1,21.5,763,583,16,115,0
28.10,climb_cruise,535.7,535.7,28169.9,-31796,-20.36,28.42,75.08,17.90,15.0,125.0,1,1,12.92,0.97,1.26,0.000,0.000,0.000,0.000,0.100,0.100,0.100,1,5.1,21.5,763,583,16,114,0
28.12,climb_cruise,535.8,535.8,28159.3,-31654,-20.15,28.39,75.23,17.92,15.0,125.0,1,1,12.93,0.97,1.26,0.000,0.000,0.000,0.000,0.100,0.100,0.100,1,5.1,21.5,763,583,16,116,0
28.14,climb_cruise,535.8,535.8,28148.8,-31512,-19.93,28.36,75.39,17.94,15.0,125.0,1,1,12.94,0.97,1.26,0.000,0.000,0.000,0.000,0.100,0.100,0.100,1,5.0,21.4,763,583,16,114,0
28.16,climb_cruise,535.9,535.9,28138.3,-31369,-19.71,28.32,75.54,17.96,15.0,125.0,1,1,12.94,0.98,1.26,0.000,0.000,0.000,0.000,0.100,0.100,0.100,1,5.0,21.4,763,583,16,115,0
28.18,climb_cruise,536.0,536.0,28127.9,-31225,-19.50,28.29,75.70,17.97,15.0,125.0,1,1,12.95,0.98,1.26,0.000,0.000,0.000,0.000,0.100,0.100,0.100,1,5.0,21.4,763,582,16,115,0
28.20,climb_cruise,536.1,536.1,28117.5,-31081,-19.28,28.26,75.85,17.99,15.0,125.0,1,1,12.96,0.98,1.26,0.000,0.000,0.000,0.000,0.100,0.100,0.100,1,5.0,21.4,763,582,16,116,0
28.22,climb_cruise,536.2,536.2,28107.1,-30935,-19.07,28.23,76.00,18.01,15.0,125.0,1,1,12.97,0.98,1.27,0.000,0.000,0.000,0.000,0.100,0.100,0.100,1,5.0,21.3,763,582,16,116,0
28.24,climb_cruise,536.2,536.2,28096.8,-30789,-18.85,28.20,76.16,18.03,15.0,125.0,1,1,12.98,0.99,1.27,0.000,0.000,0.000,0.000,0.100,0.100,0.100,1,5.0,21.3,763,582,16,115,0
28.26,climb_cruise,536.3,536.3,28086.6,-30643,-18.63,28.17,76.31,18.05,15.0,125.0,1,1,12.99,0.99,1.27,0.000,0.000,0.000,0.000,0.100,0.100,0.100,1,5.0,21.3,763,582,16,115,0
28.28,climb_cruise,536.4,536.4,28076.4,-30495,-18.41,28.14,76.46,18.07,15.0,125.0,1,1,13.00,0.99,1.27,0.000,0.000,0.000,0.000,0.100,0.100,0.100,1,5.0,21.3,763,582,16,115,0
28.30,climb_cruise,536.5,536.5,28066.2,-30347,-18.20,28.11,76.62,18.09,15.0,125.0,1,1,13.01,0.99,1.27,0.000,0.000,0.000,0.000,0.100,0.100,0.100,1,5.0,21.3,763,582,16,115,0
28.32,climb_cruise,536.5,536.5,28056.1,-30198,-17.98,28.08,76.77,18.10,15.0,125.0,1,1,13.02,1.00,1.27,0.000,0.000,0.000,0.000,0.100,0.100,0.100,1,5.0,21.2,763,582,16,114,0
28.34,climb_cruise,536.6,536.6,28046.1,-30049,-17.76,28.06,76.92,18.12,15.0,125.0,1,1,13.03,1.00,1.27,0.000,0.000,0.000,0.000,0.100,0.100,0.100,1,4.9,21.2,763,582,16,116,0
28.36,climb_cruise,536.7,536.7,28036.1,-29899,-17.54,28.03,77.07,18.14,15.0,125.0,1,1,13.03,1.00,1.27,0.000,0.000,0.000,0.000,0.100,0.100,0.100,1,4.9,21.2,763,582,16,116,0
28.38,climb_cruise,536.8,536.8,28026.2,-29748,-17.32,28.01,77.22,18.16,15.0,125.0,1,1,13.04,1.00,1.28,0.000,0.000,0.000,0.000,0.100,0.100,0.100,1,4.9,21.2,763,582,16,114,0
28.40,climb_cruise,536.8,536.8,28016.3,-29596,-17.11,27.98,77.38,18.18,15.0,125.0,1,1,13.05,1.01,1.28,0.000,0.000,0.000,0.000,0.100,0.100,0.100,1,4.9,21.2,763,582,16,115,0
28.42,climb_cruise,536.9,536.9,28006.4,-29444,-16.89,27.96,77.53,18.20,15.0,125.0,1,1,13.06,1.01,1.28,0.000,0.000,0.000,0.000,0.100,0.100,0.100,1,4.9,21.1,763,582,16,115,0
28.44,climb_cruise,537.0,537.0,27996.6,-29291,-16.67,27.93,77.68,18.22,15.0,125.0,1,1,13.07,1.01,1.28,0.000,0.000,0.000,0.000,0.100,0.100,0.100,1,4.9,21.1,763,582,16,115,0
28.46,climb_cruise,537.0,537.0,27986.9,-29137,-16.45,27.91,77.83,18.23,15.0,125.0,1,1,13.08,1.01,1.28,0.000,0.000,0.000,0.000,0.100,0.100,0.100,1,4.9,21.1,763,582,16,114,0
28.48,climb_cruise,537.1,537.1,27977.2,-28983,-16.23,27.89,77.98,18.25,15.0,125.0,1,1,13.09,1.01,1.28,0.000,0.000,0.000,0.000,0.100,0.100,0.100,1,4.9,21.1,763,582,16,115,0
28.50,climb_cruise,537.2,537.2,27967.5,-28828,-16.01,27.87,78.13,18.27,15.0,125.0,1,1,13.10,1.02,1.28,0.000,0.000,0.000,0.000,0.100,0.100,0.100,1,4.9,21.1,763,582,16,114,0
28.52,climb_cruise,537.2,537.2,27957.9,-28672,-15.79,27.85,78.28,18.29,15.0,125.0,1,1,13.10,1.02,1.28,0.000,0.000,0.000,0.000,0.100,0.100,0.100,1,4.9,21.0,763,582,16,115,0
28.54,climb_cruise,537.3,537.3,27948.4,-28515,-15.57,27.83,78.43,18.31,15.0,125.0,1,1,13.11,1.02,1.29,0.000,0.000,0.000,0.000,0.100,0.100,0.100,1,4.8,21.0,763,582,16,115,0
28.56,climb_cruise,537.3,537.3,27938.9,-28358,-15.35,27.81,78.59,18.33,15.0,125.0,1,1,13.12,1.02,1.29,0.000,0.000,0.000,0.000,0.100,0.100,0.100,1,4.8,21.0,763,581,16,115,0
28.58,climb_cruise,537.4,537.4,27929.5,-28200,-15.13,27.79,78.74,18.34,15.0,125.0,1,1,13.13,1.03,1.29,0.000,0.000,0.000,0.000,0.100,0.100,0.100,1,4.8,21.0,763,581,16,116,0
28.60,climb_cruise,537.5,537.5,27920.1,-28042,-14.91,27.77,78.89,18.36,15.0,125.0,1,1,13.14,1.03,1.29,0.000,0.000,0.000,0.000,0.100,0.100,0.100,1,4.8,21.0,763,581,16,115,0
28.62,climb_cruise,537.5,537.5,27910.8,-27883,-14.69,27.75,79.04,18.38,15.0,125.0,1,1,13.15,1.03,1.29,0.000,0.000,0.000,0.000,0.100,0.100,0.100,1,4.8,21.0,763,581,16,114,0
28.64,climb_cruise,537.6,537.6,27901.5,-27723,-14.47,27.73,79.19,18.40,15.0,125.0,1,1,13.16,1.03,1.29,0.000,0.000,0.000,0.000,0.100,0.100,0.100,1,4.8,20.9,763,581,16,114,0
28.66,climb_cruise,537.6,537.6,27892.3,-27562,-14.25,27.72,79.34,18.42,15.0,125.0,1,1,13.16,1.04,1.29,0.000,0.000,0.000,0.000,0.100,0.100,0.100,1,4.8,20.9,763,581,16,115,0
28.68,climb_cruise,537.7,537.7,27883.1,-27401,-14.03,27.70,79.49,18.44,15.0,125.0,1,1,13.17,1.04,1.30,0.000,0.000,0.000,0.000,0.100,0.100,0.100,1,4.8,20.9,763,581,16,115,0
28.70,climb_cruise,537.7,537.7,27874.0,-27239,-13.80,27.69,79.64,18.46,15.0,125.0,1,1,13.18,1.04,1.30,0.000,0.000,0.000,0.000,0.100,0.100,0.100,1,4.8,20.9,763,581,16,116,0
28.72,climb_cruise,537.8,537.8,27865.0,-27077,-13.58,27.67,79.79,18.47,15.0,125.0,1,1,13.19,1.04,1.30,0.000,0.000,0.000,0.000,0.100,0.100,0.100,1,4.8,20.9,763,581,16,116,0
28.74,climb_cruise,537.8,537.8,27855.9,-26914,-13.36,27.66,79.94,18.49,15.0,125.0,1,1,13.20,1.05,1.30,0.000,0.000,0.000,0.000,0.100,0.100,0.100,1,4.8,20.9,763,581,16,115,0
28.76,climb_cruise,537.9,537.9,27847.0,-26750,-13.14,27.64,80.09,18.51,15.0,125.0,1,1,13.21,1.05,1.30,0.000,0.000,0.000,0.000,0.100,0.100,0.100,1,4.7,20.9,763,581,16,115,0
28.78,climb_cruise,537.9,537.9,27838.1,-26586,-12.92,27.63,80.24,18.53,15.0,125.0,1,1,13.21,1.05,1.30,0.000,0.000,0.000,0.000,0.100,0.100,0.100,1,4.7,20.8,763,581,16,116,0
28.80,climb_cruise,538.0,538.0,27829.3,-26421,-12.69,27.62,80.39,18.55,15.0,125.0,1,1,13.22,1.05,1.30,0.000,0.000,0.000,0.000,0.100,0.100,0.100,1,4.7,20.8,763,581,16,116,0
28.82,climb_cruise,538.0,538.0,27820.5,-26255,-12.47,27.61,80.53,18.57,15.0,125.0,1,1,13.23,1.06,1.31,0.000,0.000,0.000,0.000,0.100,0.100,0.100,1,4.7,20.8,763,581,16,114,0
28.84,climb_cruise,538.1,538.1,27811.7,-26089,-12.25,27.60,80.68,18.59,15.0,125.0,1,1,13.24,1.06,1.31,0.000,0.000,0.000,0.000,0.100,0.100,0.100,1,4.7,20.8,763,581,16,115,0
28.86,climb_cruise,538.1,538.1,27803.1,-25922,-12.03,27.59,80.83,18.60,15.0,125.0,1,1,13.25,1.06,1.31,0.000,0.000,0.000,0.000,0.100,0.100,0.100,1,4.7,20.8,763,581,16,115,0
28.88,climb_cruise,538.1,538.1,27794.4,-25754,-11.80,27.58,80.98,18.62,15.0,125.0,1,1,13.26,1.06,1.31,0.000,0.000,0.000,0.000,0.100,0.100,0.100,1,4.7,20.8,763,581,16,115,0
28.90,climb_cruise,538.2,538.2,27785.9,-25586,-11.58,27.57,81.13,18.64,15.0,125.0,1,1,13.26,1.07,1.31,0.000,0.000,0.000,0.000,0.100,0.100,0.100,1,4.7,20.8,763,581,16,115,0
28.92,climb_cruise,538.2,538.2,27777.4,-25418,-11.36,27.56,81.28,18.66,15.0,125.0,1,1,13.27,1.07,1.31,0.000,0.000,0.000,0.000,0.100,0.100,0.100,1,4.7,20.7,763,581,16,114,0
28.94,climb_cruise,538.3,538.3,27768.9,-25248,-11.13,27.55,81.43,18.68,15.0,125.0,1,1,13.28,1.07,1.32,0.000,0.000,0.000,0.000,0.100,0.100,0.100,1,4.7,20.7,763,581,16,116,0
28.96,climb_cruise,538.3,538.3,27760.5,-25078,-10.91,27.55,81.58,18.70,15.0,125.0,1,1,13.29,1.07,1.32,0.000,0.000,0.000,0.000,0.100,0.100,0.100,1,4.7,20.7,763,581,16,115,0
28.98,climb_cruise,538.3,538.3,27752.2,-24908,-10.69,27.54,81.73,18.72,15.0,125.0,1,1,13.30,1.08,1.32,0.000,0.000,0.000,0.000,0.100,0.100,0.100,1,4.6,20.7,763,581,16,114,0
29.00,climb_cruise,538.4,538.4,27743.9,-24736,-10.46,27.53,81.88,18.73,15.0,125.0,1,1,13.30,1.08,1.32,0.000,0.000,0.000,0.000,0.100,0.100,0.100,1,4.6,20.7,763,581,16,116,0
29.02,climb_cruise,538.4,538.4,27735.7,-24565,-10.24,27.53,82.03,18.75,15.0,125.0,1,1,13.31,1.08,1.32,0.000,0.000,0.000,0.000,0.100,0.100,0.100,1,4.6,20.7,763,581,16,115,0
29.04,climb_cruise,538.4,538.4,27727.5,-24392,-10.02,27.52,82.17,18.77,15.0,125.0,1,1,13.32,1.09,1.32,0.000,0.000,0.000,0.000,0.100,0.100,0.100,1,4.6,20.7,763,581,16,116,0
29.06,climb_cruise,538.4,538.4,27719.4,-24219,-9.79,27.52,82.32,18.79,15.0,125.0,1,1,13.33,1.09,1.33,0.000,0.000,0.000,0.000,0.100,0.100,0.100,1,4.6,20.7,763,581,16,116,0
29.08,climb_cruise,538.5,538.5,27711.4,-24046,-9.57,27.52,82.47,18.81,15.0,125.0,1,1,13.34,1.09,1.33,0.000,0.000,0.000,0.000,0.100,0.100,0.100,1,4.6,20.7,763,581,16,114,0
29.10,climb_cruise,538.5,538.5,27703.4,-23872,-9.34,27.51,82.62,18.83,15.0,125.0,1,1,13.34,1.09,1.33,0.000,0.000,0.000,0.000,0.100,0.100,0.100,1,4.6,20.6,763,581,16,115,0
29.12,climb_cruise,538.5,538.5,27695.4,-23697,-9.12,27.51,82.77,18.85,15.0,125.0,1,1,13.35,1.10,1.33,0.000,0.000,0.000,0.000,0.100,0.100,0.100,1,4.6,20.6,763,581,16,115,0
29.14,climb_cruise,538.5,538.5,27687.6,-23522,-8.89,27.51,82.92,18.86,15.0,125.0,1,1,13.36,1.10,1.33,0.000,0.000,0.000,0.000,0.100,0.100,0.100,1,4.6,20.6,763,580,16,114,0
29.16,climb_cruise,538.6,538.6,27679.7,-23346,-8.67,27.51,83.07,18.88,15.0,125.0,1,1,13.37,1.10,1.33,0.000,0.000,0.000,0.000,0.100,0.100,0.100,1,4.6,20.6,763,580,16,115,0
29.18,climb_cruise,538.6,538.6,27672.0,-23170,-8.44,27.51,83.22,18.90,15.0,125.0,1,1,13.38,1.10,1.34,0.000,0.000,0.000,0.000,0.100,0.100,0.100,1,4.5,20.6,763,580,16,114,0
29.20,climb_cruise,538.6,538.6,27664.3,-22993,-8.22,27.51,83.37,18.92,15.0,125.0,1,1,13.38,1.11,1.34,0.000,0.000,0.000,0.000,0.100,0.100,0.100,1,4.5,20.6,763,580,16,115,0
29.22,climb_cruise,538.6,538.6,27656.6,-22816,-7.99,27.51,83.51,18.94,15.0,125.0,1,1,13.39,1.11,1.34,0.000,0.000,0.000,0.000,0.100,0.100,0.100,1,4.5,20.6,763,580,16,116,0
29.24,climb_cruise,538.6,538.6,27649.1,-22638,-7.77,27.51,83.66,18.96,15.0,125.0,1,1,13.40,1.11,1.34,0.000,0.000,0.000,0.000,0.100,0.100,0.100,1,4.5,20.6,763,580,16,115,0
29.26,climb_cruise,538.7,538.7,27641.5,-22459,-7.54,27.52,83.81,18.97,15.0,125.0,1,1,13.41,1.11,1.34,0.000,0.000,0.000,0.000,0.100,0.100,0.100,1,4.5,20.6,763,580,16,115,0
29.28,climb_cruise,538.7,538.7,27634.1,-22280,-7.32,27.52,83.96,18.99,15.0,125.0,1,1,13.41,1.12,1.35,0.000,0.000,0.000,0.000,0.100,0.100,0.100,1,4.5,20.6,763,580,16,115,0
29.30,climb_cruise,538.7,538.7,27626.7,-22100,-7.09,27.52,84.11,19.01,15.0,125.0,1,1,13.42,1.12,1.35,0.000,0.000,0.000,0.000,0.100,0.100,0.100,1,4.5,20.5,763,580,16,114,0
29.32,climb_cruise,538.7,538.7,27619.3,-21920,-6.87,27.53,84.26,19.03,15.0,125.0,1,1,13.43,1.12,1.35,0.000,0.000,0.000,0.000,0.100,0.100,0.100,1,4.5,20.5,763,580,16,116,0
29.34,climb_cruise,538.7,538.7,27612.0,-21740,-6.64,27.53,84.41,19.05,15.0,125.0,1,1,13.44,1.13,1.35,0.000,0.000,0.000,0.000,0.100,0.100,0.100,1,4.5,20.5,763,580,16,116,0
29.36,climb_cruise,538.7,538.7,27604.8,-21558,-6.41,27.54,84.56,19.07,15.0,125.0,1,1,13.44,1.13,1.35,0.000,0.000,0.000,0.000,0.100,0.100,0.100,1,4.5,20.5,763,580,16,116,0
29.38,climb_cruise,538.7,538.7,27597.7,-21377,-6.19,27.54,84.71,19.09,15.0,125.0,1,1,13.45,1.13,1.35,0.000,0.000,0.000,0.000,0.100,0.100,0.100,1,4.5,20.5,763,580,16,116,0
29.40,climb_cruise,538.7,538.7,27590.6,-21194,-5.96,27.55,84.86,19.10,15.0,125.0,1,1,13.46,1.13,1.36,0.000,0.000,0.000,0.000,0.100,0.100,0.100,1,4.5,20.5,763,580,16,116,0
29.42,climb_cruise,538.7,538.7,27583.5,-21012,-5.74,27.56,85.01,19.12,15.0,125.0,1,1,13.47,1.14,1.36,0.000,0.000,0.000,0.000,0.100,0.100,0.100,1,4.4,20.5,763,580,16,114,0
29.44,climb_cruise,538.7,538.7,27576.5,-20829,-5.51,27.57,85.16,19.14,15.0,125.0,1,1,13.47,1.14,1.36,0.000,0.000,0.000,0.000,0.100,0.100,0.100,1,4.4,20.5,763,580,16,116,0
29.46,climb_cruise,538.7,538.7,27569.6,-20645,-5.28,27.57,85.31,19.16,15.0,125.0,1,1,13.48,1.14,1.36,0.000,0.000,0.000,0.000,0.100,0.100,0.100,1,4.4,20.5,763,580,16,116,0
29.48,climb_cruise,538.7,538.7,27562.8,-20461,-5.06,27.58,85.46,19.18,15.0,125.0,1,1,13.49,1.15,1.36,0.000,0.000,0.000,0.000,0.100,0.100,0.100,1,4.4,20.5,763,580,16,116,0
29.50,climb_cruise,538.7,538.7,27556.0,-20276,-4.83,27.59,85.60,19.20,15.0,125.0,1,1,13.49,1.15,1.37,0.000,0.000,0.000,0.000,0.100,0.100,0.100,1,4.4,20.5,763,580,16,114,0
29.52,climb_cruise,538.7,538.7,27549.2,-20091,-4.60,27.60,85.75,19.22,15.0,125.0,1,1,13.50,1.15,1.37,0.000,0.000,0.000,0.000,0.100,0.100,0.100,1,4.4,20.5,763,580,16,115,0
29.54,climb_cruise,538.7,538.7,27542.5,-19905,-4.38,27.62,85.90,19.23,15.0,125.0,1,1,13.51,1.16,1.37,0.000,0.000,0.000,0.000,0.100,0.100,0.100,1,4.4,20.4,763,580,16,116,0
29.56,climb_cruise,538.7,538.7,27535.9,-19719,-4.15,27.63,86.05,19.25,15.0,125.0,1,1,13.52,1.16,1.37,0.000,0.000,0.000,0.000,0.100,0.100,0.100,1,4.4,20.4,763,580,16,114,0
29.58,climb_cruise,538.7,538.7,27529.4,-19533,-3.92,27.64,86.20,19.27,15.0,125.0,1,1,13.52,1.16,1.38,0.000,0.000,0.000,0.000,0.100,0.100,0.100,1,4.4,20.4,763,580,16,115,0
29.60,climb_cruise,538.7,538.7,27522.9,-19346,-3.70,27.65,86.36,19.29,15.0,125.0,1,1,13.53,1.16,1.38,0.000,0.000,0.000,0.000,0.100,0.100,0.100,1,4.4,20.4,763,580,16,115,0
29.62,climb_cruise,538.7,538.7,27516.5,-19158,-3.47,27.67,86.51,19.31,15.0,125.0,1,1,13.54,1.17,1.38,0.000,0.000,0.000,0.000,0.100,0.100,0.100,1,4.4,20.4,763,580,16,116,0
29.64,climb_cruise,538.7,538.7,27510.1,-18971,-3.24,27.68,86.66,19.33,15.0,125.0,1,1,13.54,1.17,1.38,0.000,0.000,0.000,0.000,0.100,0.100,0.100,1,4.3,20.4,763,580,16,114,0
29.66,climb_cruise,538.7,538.7,27503.8,-18782,-3.01,27.70,86.81,19.35,15.0,125.0,1,1,13.55,1.17,1.38,0.000,0.000,0.000,0.000,0.100,0.100,0.100,1,4.3,20.4,763,580,16,115,0
29.68,climb_cruise,538.7,538.7,27497.6,-18593,-2.79,27.71,86.96,19.36,15.0,125.0,1,1,13.56,1.18,1.39,0.000,0.000,0.000,0.000,0.100,0.100,0.100,1,4.3,20.4,763,580,16,116,0
29.70,climb_cruise,538.7,538.7,27491.4,-18404,-2.56,27.73,87.11,19.38,15.0,125.0,1,1,13.56,1.18,1.39,0.000,0.000,0.000,0.000,0.100,0.100,0.100,1,4.3,20.4,763,580,16,115,0
29.72,climb_cruise,538.7,538.7,27485.3,-18215,-2.33,27.75,87.26,19.40,15.0,125.0,1,1,13.57,1.18,1.39,0.000,0.000,0.000,0.000,0.100,0.100,0.100,1,4.3,20.4,763,580,16,115,0
29.74,climb_cruise,538.6,538.6,27479.2,-18025,-2.11,27.76,87.41,19.42,15.0,125.0,1,1,13.58,1.19,1.39,0.000,0.000,0.000,0.000,0.100,0.100,0.100,1,4.3,20.4,763,580,16,116,0
29.76,climb_cruise,538.6,538.6,27473.3,-17834,-1.88,27.78,87.56,19.44,15.0,125.0,1,1,13.58,1.19,1.39,0.000,0.000,0.000,0.000,0.100,0.100,0.100,1,4.3,20.4,763,580,16,115,0
29.78,climb_cruise,538.6,538.6,27467.3,-17643,-1.65,27.80,87.71,19.46,15.0,125.0,1,1,13.59,1.19,1.40,0.000,0.000,0.000,0.000,0.100,0.100,0.100,1,4.3,20.4,763,580,16,115,0
29.80,climb_cruise,538.6,538.6,27461.5,-17452,-1.42,27.82,87.87,19.48,15.0,125.0,1,1,13.60,1.19,1.40,0.000,0.000,0.000,0.000,0.100,0.100,0.100,1,4.3,20.4,763,580,16,114,0
29.82,climb_cruise,538.6,538.6,27455.7,-17260,-1.20,27.84,88.02,19.49,15.0,125.0,1,1,13.60,1.20,1.40,0.000,0.000,0.000,0.000,0.100,0.100,0.100,1,4.3,20.4,763,580,16,114,0
29.84,climb_cruise,538.5,538.5,27450.0,-17068,-0.97,27.86,88.17,19.51,15.0,125.0,1,1,13.61,1.20,1.40,0.000,0.000,0.000,0.000,0.100,0.100,0.100,1,4.3,20.3,763,580,16,116,0
29.86,climb_cruise,538.5,538.5,27444.3,-16876,-0.74,27.89,88.32,19.53,15.0,125.0,1,1,13.62,1.20,1.41,0.000,0.000,0.000,0.000,0.100,0.100,0.100,1,4.2,20.3,763,580,16,114,0
29.88,climb_cruise,538.5,538.5,27438.7,-16683,-0.51,27.91,88.47,19.55,15.0,125.0,1,1,13.62,1.21,1.41,0.000,0.000,0.000,0.000,0.100,0.100,0.100,1,4.2,20.3,763,580,16,114,0
29.90,climb_cruise,538.5,538.5,27433.2,-16490,-0.28,27.93,88.63,19.57,15.0,125.0,1,1,13.63,1.21,1.41,0.000,0.000,0.000,0.000,0.100,0.100,0.100,1,4.2,20.3,763,580,16,115,0
29.92,climb_cruise,538.4,538.4,27427.7,-16296,-0.06,27.95,88.78,19.59,15.0,125.0,1,1,13.64,1.21,1.41,0.000,0.000,0.000,0.000,0.100,0.100,0.100,1,4.2,20.3,763,580,16,116,0
29.94,climb_cruise,538.4,538.4,27422.3,-16103,0.17,27.98,88.93,19.61,15.0,125.0,1,1,13.64,1.22,1.42,0.000,0.000,0.000,0.000,0.100,0.100,0.100,1,4.2,20.3,763,580,16,116,0
29.96,climb_cruise,538.4,538.4,27416.9,-15908,0.40,28.00,89.09,19.62,15.0,125.0,1,1,13.65,1.22,1.42,0.000,0.000,0.000,0.000,0.100,0.100,0.100,1,4.2,20.3,763,580,16,115,0
29.98,climb_cruise,538.4,538.4,27411.7,-15714,0.63,28.03,89.24,19.64,15.0,125.0,1,1,13.66,1.22,1.42,0.000,0.000,0.000,0.000,0.100,0.100,0.100,1,4.2,20.3,763,580,16,116,0