time_s,phase,airspeed_kts,groundSpeed_kts,altitude_ft,verticalSpeed_fpm,pitch_deg,roll_deg,yaw_deg,alpha_deg,stallAlpha_deg,stallSpeed_kts,stallWarning,stall,pitchRate_deg_s,rollRate_deg_s,yawRate_deg_s,ctrlElevator,ctrlAileron,ctrlRudder,ctrlThrottle,effElevator,effAileron,effRudder,motionEnabled,eng1_n1,eng2_n1,eng1_egt,eng2_egt,hydPress_psi,elecVolts,onGround
0.00,climb_cruise,449.9,449.9,34999.9,-49,0.26,-0.00,359.97,0.31,15.0,125.0,0,0,2.96,-0.34,-3.22,-0.005,-0.000,-0.000,1.000,0.100,0.100,0.100,1,84.2,84.3,763,763,316,114,0
0.02,climb_cruise,449.9,449.9,34999.9,-56,0.32,-0.02,359.89,0.38,15.0,125.0,0,0,2.38,-1.17,-5.84,-0.010,0.001,0.000,1.000,0.100,0.100,0.100,1,84.1,84.2,763,764,316,115,0
0.04,climb_cruise,449.9,449.9,34999.8,-62,0.36,-0.05,359.75,0.43,15.0,125.0,0,0,1.83,-2.13,-7.92,-0.015,0.005,0.001,1.000,0.100,0.100,0.100,1,83.9,84.2,763,764,316,115,0
0.06,climb_cruise,449.9,449.9,34999.8,-68,0.39,-0.10,359.58,0.47,15.0,125.0,0,0,1.33,-3.08,-9.48,-0.019,0.011,0.001,1.000,0.100,0.100,0.100,1,83.7,84.1,763,764,316,115,0
0.08,climb_cruise,449.8,449.8,34999.8,-74,0.41,-0.17,359.38,0.50,15.0,125.0,0,0,0.88,-3.96,-10.58,-0.023,0.019,0.003,1.000,0.100,0.100,0.100,1,83.6,84.1,763,765,316,116,0
0.10,climb_cruise,449.8,449.8,34999.8,-80,0.43,-0.25,359.16,0.53,15.0,125.0,0,0,0.48,-4.75,-11.27,-0.025,0.028,0.005,1.000,0.100,0.100,0.100,1,83.4,84.1,763,765,316,115,0
0.12,climb_cruise,449.8,449.8,34999.7,-85,0.43,-0.36,358.94,0.54,15.0,125.0,0,0,0.14,-5.44,-11.59,-0.027,0.038,0.007,1.000,0.100,0.100,0.100,1,83.2,84.0,763,766,316,116,0
0.14,climb_cruise,449.8,449.8,34999.7,-91,0.43,-0.47,358.70,0.56,15.0,125.0,0,0,-0.15,-6.03,-11.60,-0.029,0.047,0.010,1.000,0.100,0.100,0.100,1,83.1,84.0,763,766,316,116,0
0.16,climb_cruise,449.7,449.7,34999.7,-96,0.43,-0.60,358.47,0.56,15.0,125.0,0,0,-0.38,-6.53,-11.35,-0.031,0.057,0.013,1.000,0.100,0.100,0.100,1,82.9,84.0,763,767,316,114,0
0.18,climb_cruise,449.7,449.7,34999.6,-101,0.41,-0.73,358.25,0.56,15.0,125.0,0,0,-0.56,-6.93,-10.88,-0.033,0.066,0.016,1.000,0.100,0.100,0.100,1,82.7,84.0,763,767,316,116,0
0.20,climb_cruise,449.7,449.7,34999.6,-107,0.40,-0.87,358.04,0.56,15.0,125.0,0,0,-0.69,-7.24,-10.24,-0.034,0.075,0.020,1.000,0.100,0.100,0.100,1,82.6,84.1,763,768,316,116,0
0.22,climb_cruise,449.7,449.7,34999.6,-112,0.38,-1.02,357.84,0.56,15.0,125.0,0,0,-0.78,-7.48,-9.47,-0.036,0.083,0.023,1.000,0.100,0.100,0.100,1,82.4,84.1,763,768,316,116,0
0.24,climb_cruise,449.6,449.6,34999.5,-118,0.36,-1.17,357.66,0.56,15.0,125.0,0,0,-0.83,-7.64,-8.60,-0.038,0.090,0.027,1.000,0.100,0.100,0.100,1,82.2,84.1,763,768,316,114,0
0.26,climb_cruise,449.6,449.6,34999.5,-123,0.34,-1.33,357.49,0.55,15.0,125.0,0,0,-0.85,-7.73,-7.68,-0.041,0.097,0.030,1.000,0.100,0.100,0.100,1,82.1,84.1,763,769,316,114,0
0.28,climb_cruise,449.6,449.6,34999.5,-129,0.32,-1.48,357.35,0.55,15.0,125.0,0,0,-0.84,-7.76,-6.74,-0.043,0.104,0.033,1.000,0.100,0.100,0.100,1,81.9,84.2,763,769,316,115,0
0.30,climb_cruise,449.6,449.6,34999.4,-134,0.30,-1.64,357.22,0.55,15.0,125.0,0,0,-0.81,-7.74,-5.80,-0.045,0.110,0.036,1.000,0.100,0.100,0.100,1,81.7,84.2,763,770,316,114,0
0.32,climb_cruise,449.5,449.5,34999.4,-140,0.28,-1.79,357.11,0.55,15.0,125.0,0,0,-0.76,-7.67,-4.87,-0.048,0.115,0.039,1.000,0.100,0.100,0.100,1,81.6,84.3,763,770,316,115,0
0.34,climb_cruise,449.5,449.5,34999.3,-146,0.26,-1.95,357.02,0.55,15.0,125.0,0,0,-0.70,-7.56,-3.99,-0.050,0.120,0.041,1.000,0.100,0.100,0.100,1,81.4,84.3,763,771,316,116,0
0.36,climb_cruise,449.5,449.5,34999.3,-151,0.25,-2.10,356.95,0.55,15.0,125.0,0,0,-0.63,-7.42,-3.17,-0.053,0.124,0.043,1.000,0.100,0.100,0.100,1,81.3,84.4,763,771,316,114,0
0.38,climb_cruise,449.5,449.5,34999.2,-157,0.23,-2.24,356.89,0.55,15.0,125.0,0,0,-0.55,-7.25,-2.41,-0.055,0.128,0.044,1.000,0.100,0.100,0.100,1,81.1,84.5,763,771,316,114,0
0.40,climb_cruise,449.5,449.5,34999.2,-162,0.22,-2.39,356.85,0.55,15.0,125.0,0,0,-0.48,-7.06,-1.73,-0.058,0.132,0.046,1.000,0.100,0.100,0.100,1,80.9,84.5,763,772,316,115,0
0.42,climb_cruise,449.4,449.4,34999.1,-168,0.21,-2.53,356.82,0.56,15.0,125.0,0,0,-0.40,-6.86,-1.13,-0.061,0.136,0.047,1.000,0.100,0.100,0.100,1,80.8,84.6,763,772,316,114,0
0.44,climb_cruise,449.4,449.4,34999.1,-174,0.20,-2.66,356.80,0.57,15.0,125.0,0,0,-0.33,-6.65,-0.61,-0.063,0.139,0.047,1.000,0.100,0.100,0.100,1,80.6,84.7,763,772,316,115,0
0.46,climb_cruise,449.4,449.4,34999.0,-179,0.20,-2.79,356.79,0.57,15.0,125.0,0,0,-0.27,-6.43,-0.17,-0.066,0.142,0.048,1.000,0.100,0.100,0.100,1,80.4,84.8,763,773,316,115,0
0.48,climb_cruise,449.4,449.4,34998.9,-185,0.19,-2.92,356.79,0.58,15.0,125.0,0,0,-0.21,-6.22,0.19,-0.068,0.145,0.048,1.000,0.100,0.100,0.100,1,80.3,84.9,763,773,316,115,0
0.50,climb_cruise,449.3,449.3,34998.9,-190,0.19,-3.04,356.80,0.59,15.0,125.0,0,0,-0.15,-6.00,0.47,-0.071,0.148,0.048,1.000,0.100,0.100,0.100,1,80.1,85.0,763,774,316,115,0
0.52,climb_cruise,449.3,449.3,34998.8,-196,0.19,-3.16,356.81,0.60,15.0,125.0,0,0,-0.11,-5.79,0.67,-0.073,0.150,0.047,1.000,0.100,0.100,0.100,1,80.0,85.0,763,774,316,115,0
0.54,climb_cruise,449.3,449.3,34998.7,-201,0.18,-3.28,356.83,0.61,15.0,125.0,0,0,-0.07,-5.59,0.81,-0.076,0.153,0.047,1.000,0.100,0.100,0.100,1,79.8,85.1,763,774,316,114,0
0.56,climb_cruise,449.3,449.3,34998.7,-207,0.18,-3.39,356.84,0.62,15.0,125.0,0,0,-0.04,-5.40,0.89,-0.078,0.156,0.046,1.000,0.100,0.100,0.100,1,79.6,85.2,763,775,316,115,0
0.58,climb_cruise,449.2,449.2,34998.6,-212,0.19,-3.49,356.86,0.64,15.0,125.0,0,0,-0.01,-5.21,0.92,-0.080,0.159,0.046,1.000,0.100,0.100,0.100,1,79.5,85.3,763,775,316,114,0
0.60,climb_cruise,449.2,449.2,34998.5,-217,0.19,-3.59,356.88,0.65,15.0,125.0,0,0,0.01,-5.04,0.90,-0.082,0.162,0.045,1.000,0.100,0.100,0.100,1,79.3,85.4,763,775,316,115,0
0.62,climb_cruise,449.2,449.2,34998.5,-222,0.19,-3.69,356.90,0.66,15.0,125.0,0,0,0.02,-4.89,0.85,-0.085,0.165,0.044,1.000,0.100,0.100,0.100,1,79.2,85.6,763,776,316,115,0
0.64,climb_cruise,449.2,449.2,34998.4,-227,0.19,-3.79,356.91,0.67,15.0,125.0,0,0,0.03,-4.74,0.76,-0.087,0.168,0.043,1.000,0.100,0.100,0.100,1,79.0,85.7,763,776,316,116,0
0.66,climb_cruise,449.1,449.1,34998.3,-232,0.19,-3.88,356.93,0.68,15.0,125.0,0,0,0.04,-4.61,0.64,-0.089,0.172,0.042,1.000,0.100,0.100,0.100,1,78.8,85.8,763,776,316,114,0
0.68,climb_cruise,449.1,449.1,34998.2,-237,0.19,-3.97,356.94,0.69,15.0,125.0,0,0,0.05,-4.49,0.51,-0.091,0.175,0.041,1.000,0.100,0.100,0.100,1,78.7,85.9,763,777,316,115,0
0.70,climb_cruise,449.1,449.1,34998.1,-242,0.19,-4.06,356.95,0.71,15.0,125.0,0,0,0.05,-4.38,0.36,-0.093,0.178,0.040,1.000,0.100,0.100,0.100,1,78.5,86.0,763,777,316,116,0
0.72,climb_cruise,449.1,449.1,34998.1,-247,0.20,-4.15,356.95,0.72,15.0,125.0,0,0,0.05,-4.28,0.20,-0.095,0.182,0.039,1.000,0.100,0.100,0.100,1,78.4,86.1,763,777,316,116,0
0.74,climb_cruise,449.1,449.1,34998.0,-252,0.20,-4.23,356.96,0.73,15.0,125.0,0,0,0.05,-4.19,0.04,-0.097,0.186,0.039,1.000,0.100,0.100,0.100,1,78.2,86.2,763,778,316,115,0
0.76,climb_cruise,449.0,449.0,34997.9,-257,0.20,-4.32,356.96,0.74,15.0,125.0,0,0,0.05,-4.11,-0.12,-0.099,0.190,0.038,1.000,0.100,0.100,0.100,1,78.1,86.3,763,778,316,114,0
0.78,climb_cruise,449.0,449.0,34997.8,-262,0.20,-4.40,356.95,0.75,15.0,125.0,0,0,0.06,-4.04,-0.27,-0.101,0.193,0.037,1.000,0.100,0.100,0.100,1,77.9,86.5,763,778,316,115,0
0.80,climb_cruise,449.0,449.0,34997.7,-266,0.20,-4.48,356.95,0.76,15.0,125.0,0,0,0.06,-3.97,-0.42,-0.103,0.197,0.037,1.000,0.100,0.100,0.100,1,77.8,86.6,763,779,316,115,0
0.82,climb_cruise,449.0,449.0,34997.6,-271,0.20,-4.56,356.94,0.77,15.0,125.0,0,0,0.06,-3.91,-0.56,-0.105,0.201,0.036,1.000,0.100,0.100,0.100,1,77.6,86.7,763,779,316,115,0
0.84,climb_cruise,448.9,448.9,34997.5,-275,0.20,-4.64,356.92,0.78,15.0,125.0,0,0,0.07,-3.85,-0.69,-0.107,0.206,0.035,1.000,0.100,0.100,0.100,1,77.4,86.8,763,779,316,116,0
0.86,climb_cruise,448.9,448.9,34997.4,-280,0.20,-4.71,356.91,0.79,15.0,125.0,0,0,0.08,-3.80,-0.80,-0.110,0.210,0.035,1.000,0.100,0.100,0.100,1,77.3,86.9,763,779,316,114,0
0.88,climb_cruise,448.9,448.9,34997.4,-284,0.20,-4.79,356.89,0.80,15.0,125.0,0,0,0.08,-3.75,-0.91,-0.112,0.214,0.035,1.000,0.100,0.100,0.100,1,77.1,87.1,763,780,316,115,0
0.90,climb_cruise,448.9,448.9,34997.3,-289,0.20,-4.86,356.87,0.81,15.0,125.0,0,0,0.09,-3.70,-1.00,-0.114,0.218,0.034,1.000,0.100,0.100,0.100,1,77.0,87.2,763,780,316,114,0
0.92,climb_cruise,448.9,448.9,34997.2,-293,0.20,-4.94,356.85,0.82,15.0,125.0,0,0,0.10,-3.65,-1.07,-0.116,0.222,0.034,1.000,0.100,0.100,0.100,1,76.8,87.3,763,780,316,116,0
0.94,climb_cruise,448.8,448.8,34997.1,-297,0.20,-5.01,356.83,0.84,15.0,125.0,0,0,0.11,-3.61,-1.14,-0.118,0.227,0.034,1.000,0.100,0.100,0.100,1,76.7,87.4,763,781,316,116,0
0.96,climb_cruise,448.8,448.8,34997.0,-302,0.20,-5.08,356.81,0.85,15.0,125.0,0,0,0.12,-3.56,-1.19,-0.120,0.231,0.034,1.000,0.100,0.100,0.100,1,76.5,87.6,763,781,316,115,0
0.98,climb_cruise,448.8,448.8,34996.9,-306,0.20,-5.15,356.78,0.86,15.0,125.0,0,0,0.13,-3.51,-1.23,-0.123,0.235,0.034,1.000,0.100,0.100,0.100,1,76.4,87.7,763,781,316,116,0
1.00,climb_cruise,448.8,448.8,34996.8,-310,0.20,-5.22,356.76,0.87,15.0,125.0,0,0,0.14,-3.47,-1.26,-0.125,0.239,0.034,1.000,0.100,0.100,0.100,1,76.2,87.8,763,781,316,115,0
1.02,climb_cruise,448.7,448.7,34996.7,-314,0.20,-5.29,356.73,0.88,15.0,125.0,0,0,0.16,-3.42,-1.28,-0.127,0.243,0.034,1.000,0.100,0.100,0.100,1,76.1,87.9,763,782,316,116,0
1.04,climb_cruise,448.7,448.7,34996.5,-318,0.20,-5.36,356.71,0.89,15.0,125.0,0,0,0.17,-3.36,-1.29,-0.129,0.248,0.034,1.000,0.100,0.100,0.100,1,75.9,88.1,763,782,316,114,0
1.06,climb_cruise,448.7,448.7,34996.4,-322,0.21,-5.42,356.68,0.90,15.0,125.0,0,0,0.18,-3.31,-1.29,-0.132,0.252,0.034,1.000,0.100,0.100,0.100,1,75.8,88.2,763,782,316,115,0
1.08,climb_cruise,448.7,448.7,34996.3,-326,0.21,-5.49,356.66,0.91,15.0,125.0,0,0,0.19,-3.26,-1.29,-0.134,0.256,0.034,1.000,0.100,0.100,0.100,1,75.6,88.3,763,782,316,114,0
1.10,climb_cruise,448.7,448.7,34996.2,-330,0.21,-5.55,356.63,0.93,15.0,125.0,0,0,0.20,-3.20,-1.28,-0.136,0.260,0.035,1.000,0.100,0.100,0.100,1,75.5,88.4,763,783,316,115,0
1.12,climb_cruise,448.6,448.6,34996.1,-334,0.21,-5.62,356.60,0.94,15.0,125.0,0,0,0.21,-3.15,-1.26,-0.138,0.264,0.035,1.000,0.100,0.100,0.100,1,75.3,88.6,763,783,316,115,0
1.14,climb_cruise,448.6,448.6,34996.0,-337,0.21,-5.68,356.58,0.95,15.0,125.0,0,0,0.22,-3.09,-1.25,-0.141,0.268,0.035,1.000,0.100,0.100,0.100,1,75.2,88.7,763,783,316,114,0
1.16,climb_cruise,448.6,448.6,34995.9,-341,0.21,-5.74,356.55,0.96,15.0,125.0,0,0,0.23,-3.03,-1.23,-0.143,0.272,0.035,1.000,0.100,0.100,0.100,1,75.0,88.8,763,783,316,114,0
1.18,climb_cruise,448.6,448.6,34995.8,-345,0.22,-5.80,356.53,0.97,15.0,125.0,0,0,0.24,-2.97,-1.21,-0.145,0.276,0.035,1.000,0.100,0.100,0.100,1,74.9,88.9,763,784,316,114,0
1.20,climb_cruise,448.5,448.5,34995.7,-348,0.22,-5.86,356.50,0.99,15.0,125.0,0,0,0.25,-2.90,-1.18,-0.147,0.280,0.035,1.000,0.100,0.100,0.100,1,74.7,89.1,763,784,316,115,0
1.22,climb_cruise,448.5,448.5,34995.5,-352,0.22,-5.92,356.48,1.00,15.0,125.0,0,0,0.26,-2.84,-1.16,-0.150,0.284,0.036,1.000,0.100,0.100,0.100,1,74.6,89.2,763,784,316,116,0
1.24,climb_cruise,448.5,448.5,34995.4,-355,0.22,-5.97,356.46,1.01,15.0,125.0,0,0,0.27,-2.78,-1.14,-0.152,0.288,0.036,1.000,0.100,0.100,0.100,1,74.4,89.3,763,784,316,114,0
1.26,climb_cruise,448.5,448.5,34995.3,-358,0.23,-6.03,356.43,1.02,15.0,125.0,0,0,0.28,-2.72,-1.12,-0.154,0.291,0.036,1.000,0.100,0.100,0.100,1,74.3,89.4,763,785,316,116,0
1.28,climb_cruise,448.5,448.5,34995.2,-362,0.23,-6.08,356.41,1.03,15.0,125.0,0,0,0.29,-2.65,-1.10,-0.156,0.295,0.036,1.000,0.100,0.100,0.100,1,74.1,89.5,763,785,316,116,0
1.30,climb_cruise,448.4,448.4,34995.1,-365,0.23,-6.13,356.39,1.05,15.0,125.0,0,0,0.30,-2.59,-1.08,-0.158,0.299,0.036,1.000,0.100,0.100,0.100,1,74.0,89.7,763,785,316,116,0
1.32,climb_cruise,448.4,448.4,34994.9,-368,0.24,-6.19,356.37,1.06,15.0,125.0,0,0,0.31,-2.52,-1.07,-0.161,0.303,0.037,1.000,0.100,0.100,0.100,1,73.8,89.8,763,785,316,115,0
1.34,climb_cruise,448.4,448.4,34994.8,-371,0.24,-6.24,356.34,1.07,15.0,125.0,0,0,0.31,-2.46,-1.05,-0.163,0.306,0.037,1.000,0.100,0.100,0.100,1,73.7,89.9,763,786,316,115,0
1.36,climb_cruise,448.4,448.4,34994.7,-374,0.25,-6.28,356.32,1.08,15.0,125.0,0,0,0.32,-2.39,-1.04,-0.165,0.310,0.037,1.000,0.100,0.100,0.100,1,73.5,90.0,763,786,316,115,0
1.38,climb_cruise,448.4,448.4,34994.6,-377,0.25,-6.33,356.30,1.10,15.0,125.0,0,0,0.33,-2.33,-1.03,-0.167,0.313,0.037,1.000,0.100,0.100,0.100,1,73.4,90.1,763,786,316,115,0
1.40,climb_cruise,448.3,448.3,34994.4,-380,0.26,-6.38,356.28,1.11,15.0,125.0,0,0,0.34,-2.27,-1.02,-0.170,0.317,0.037,1.000,0.100,0.100,0.100,1,73.2,90.3,763,786,316,116,0
1.42,climb_cruise,448.3,448.3,34994.3,-383,0.26,-6.42,356.26,1.12,15.0,125.0,0,0,0.35,-2.21,-1.01,-0.172,0.321,0.037,1.000,0.100,0.100,0.100,1,73.1,90.4,763,786,316,115,0
1.44,climb_cruise,448.3,448.3,34994.2,-386,0.26,-6.47,356.24,1.13,15.0,125.0,0,0,0.36,-2.14,-1.00,-0.174,0.324,0.037,1.000,0.100,0.100,0.100,1,72.9,90.5,763,787,316,116,0
1.46,climb_cruise,448.3,448.3,34994.0,-389,0.27,-6.51,356.22,1.15,15.0,125.0,0,0,0.36,-2.08,-1.00,-0.176,0.328,0.038,1.000,0.100,0.100,0.100,1,72.8,90.6,763,787,316,115,0
1.48,climb_cruise,448.2,448.2,34993.9,-391,0.27,-6.55,356.20,1.16,15.0,125.0,0,0,0.37,-2.02,-0.99,-0.178,0.331,0.038,1.000,0.100,0.100,0.100,1,72.6,90.7,763,787,316,114,0
1.50,climb_cruise,448.2,448.2,34993.8,-394,0.28,-6.59,356.18,1.17,15.0,125.0,0,0,0.38,-1.97,-0.99,-0.181,0.334,0.038,1.000,0.100,0.100,0.100,1,72.5,90.9,763,787,316,114,0
1.52,climb_cruise,448.2,448.2,34993.7,-397,0.29,-6.63,356.16,1.18,15.0,125.0,0,0,0.39,-1.91,-0.99,-0.183,0.338,0.038,1.000,0.100,0.100,0.100,1,72.3,91.0,763,787,316,114,0
1.54,climb_cruise,448.2,448.2,34993.5,-399,0.29,-6.67,356.14,1.19,15.0,125.0,0,0,0.40,-1.85,-0.99,-0.185,0.341,0.038,1.000,0.100,0.100,0.100,1,72.2,91.1,763,788,316,115,0
1.56,climb_cruise,448.2,448.2,34993.4,-401,0.30,-6.70,356.12,1.21,15.0,125.0,0,0,0.41,-1.79,-0.99,-0.187,0.345,0.038,1.000,0.100,0.100,0.100,1,72.1,91.2,763,788,316,116,0
1.58,climb_cruise,448.1,448.1,34993.2,-404,0.30,-6.74,356.09,1.22,15.0,125.0,0,0,0.42,-1.74,-0.99,-0.189,0.348,0.039,1.000,0.100,0.100,0.100,1,71.9,91.3,763,788,316,115,0
1.60,climb_cruise,448.1,448.1,34993.1,-406,0.31,-6.77,356.07,1.23,15.0,125.0,0,0,0.43,-1.68,-0.99,-0.192,0.351,0.039,1.000,0.100,0.100,0.100,1,71.8,91.4,763,788,316,115,0
1.62,climb_cruise,448.1,448.1,34993.0,-408,0.31,-6.81,356.05,1.24,15.0,125.0,0,0,0.43,-1.63,-0.99,-0.194,0.355,0.039,1.000,0.100,0.100,0.100,1,71.6,91.5,763,788,316,114,0
1.64,climb_cruise,448.1,448.1,34992.8,-410,0.32,-6.84,356.03,1.26,15.0,125.0,0,0,0.44,-1.57,-1.00,-0.196,0.358,0.039,1.000,0.100,0.100,0.100,1,71.5,91.6,763,789,316,115,0
1.66,climb_cruise,448.1,448.1,34992.7,-413,0.33,-6.87,356.01,1.27,15.0,125.0,0,0,0.45,-1.52,-1.00,-0.198,0.361,0.039,1.000,0.100,0.100,0.100,1,71.3,91.7,763,789,316,114,0
1.68,climb_cruise,448.0,448.0,34992.6,-415,0.33,-6.90,355.99,1.28,15.0,125.0,0,0,0.46,-1.47,-1.00,-0.200,0.364,0.039,1.000,0.100,0.100,0.100,1,71.2,91.9,763,789,316,115,0
1.70,climb_cruise,448.0,448.0,34992.4,-417,0.34,-6.93,355.97,1.30,15.0,125.0,0,0,0.47,-1.42,-1.00,-0.202,0.367,0.039,1.000,0.100,0.100,0.100,1,71.1,92.0,763,789,316,116,0
1.72,climb_cruise,448.0,448.0,34992.3,-418,0.35,-6.96,355.95,1.31,15.0,125.0,0,0,0.48,-1.37,-1.00,-0.204,0.371,0.040,1.000,0.100,0.100,0.100,1,70.9,92.1,763,789,316,115,0
1.74,climb_cruise,448.0,448.0,34992.1,-420,0.36,-6.98,355.93,1.32,15.0,125.0,0,0,0.48,-1.32,-1.00,-0.207,0.374,0.040,1.000,0.100,0.100,0.100,1,70.8,92.2,763,789,316,114,0
1.76,climb_cruise,448.0,448.0,34992.0,-422,0.36,-7.01,355.91,1.33,15.0,125.0,0,0,0.49,-1.27,-1.00,-0.209,0.377,0.040,1.000,0.100,0.100,0.100,1,70.6,92.3,763,790,316,115,0
1.78,climb_cruise,447.9,447.9,34991.9,-424,0.37,-7.03,355.89,1.35,15.0,125.0,0,0,0.50,-1.22,-1.00,-0.211,0.380,0.040,1.000,0.100,0.100,0.100,1,70.5,92.4,763,790,316,115,0
1.80,climb_cruise,447.9,447.9,34991.7,-425,0.38,-7.06,355.86,1.36,15.0,125.0,0,0,0.51,-1.17,-1.00,-0.213,0.383,0.040,1.000,0.100,0.100,0.100,1,70.4,92.5,763,790,316,115,0
1.82,climb_cruise,447.9,447.9,34991.6,-427,0.39,-7.08,355.84,1.37,15.0,125.0,0,0,0.52,-1.12,-1.00,-0.215,0.386,0.040,1.000,0.100,0.100,0.100,1,70.2,92.6,763,790,316,115,0
1.84,climb_cruise,447.9,447.9,34991.4,-428,0.39,-7.10,355.82,1.38,15.0,125.0,0,0,0.52,-1.08,-1.00,-0.217,0.389,0.041,1.000,0.100,0.100,0.100,1,70.1,92.7,763,790,316,115,0
1.86,climb_cruise,447.9,447.9,34991.3,-430,0.40,-7.12,355.80,1.40,15.0,125.0,0,0,0.53,-1.03,-1.00,-0.219,0.392,0.041,1.000,0.100,0.100,0.100,1,69.9,92.8,763,790,316,115,0
1.88,climb_cruise,447.8,447.8,34991.1,-431,0.41,-7.14,355.78,1.41,15.0,125.0,0,0,0.54,-0.98,-1.00,-0.221,0.395,0.041,1.000,0.100,0.100,0.100,1,69.8,92.9,763,791,316,116,0
1.90,climb_cruise,447.8,447.8,34991.0,-432,0.42,-7.16,355.76,1.42,15.0,125.0,0,0,0.55,-0.94,-0.99,-0.223,0.398,0.041,1.000,0.100,0.100,0.100,1,69.7,93.0,763,791,316,116,0
1.92,climb_cruise,447.8,447.8,34990.9,-434,0.43,-7.18,355.74,1.43,15.0,125.0,0,0,0.55,-0.89,-0.99,-0.225,0.401,0.041,1.000,0.100,0.100,0.100,1,69.5,93.1,763,791,316,115,0
1.94,climb_cruise,447.8,447.8,34990.7,-435,0.43,-7.20,355.72,1.45,15.0,125.0,0,0,0.56,-0.85,-0.99,-0.227,0.404,0.042,1.000,0.100,0.100,0.100,1,69.4,93.2,763,791,316,115,0
1.96,climb_cruise,447.8,447.8,34990.6,-436,0.44,-7.22,355.70,1.46,15.0,125.0,0,0,0.57,-0.80,-0.99,-0.229,0.407,0.042,1.000,0.100,0.100,0.100,1,69.2,93.3,763,791,316,115,0
1.98,climb_cruise,447.7,447.7,34990.4,-437,0.45,-7.23,355.67,1.47,15.0,125.0,0,0,0.57,-0.76,-0.98,-0.231,0.410,0.042,1.000,0.100,0.100,0.100,1,69.1,93.4,763,791,316,114,0
2.00,climb_cruise,447.7,447.7,34990.3,-438,0.46,-7.25,355.65,1.49,15.0,125.0,0,0,0.58,-0.72,-0.98,-0.233,0.412,0.042,1.000,0.100,0.100,0.100,1,69.0,93.5,763,792,316,115,0
2.02,climb_cruise,447.7,447.7,34990.1,-439,0.47,-7.26,355.63,1.50,15.0,125.0,0,0,0.59,-0.67,-0.97,-0.235,0.415,0.042,1.000,0.100,0.100,0.100,1,68.8,93.6,763,792,316,115,0
2.04,climb_cruise,447.7,447.7,34990.0,-440,0.48,-7.27,355.61,1.51,15.0,125.0,0,0,0.59,-0.63,-0.97,-0.237,0.418,0.042,1.000,0.100,0.100,0.100,1,68.7,93.7,763,792,316,115,0
2.06,climb_cruise,447.6,447.6,34989.8,-440,0.49,-7.29,355.59,1.52,15.0,125.0,0,0,0.60,-0.59,-0.97,-0.239,0.421,0.043,1.000,0.100,0.100,0.100,1,68.5,93.7,763,792,316,114,0
2.08,climb_cruise,447.6,447.6,34989.7,-441,0.50,-7.30,355.57,1.54,15.0,125.0,0,0,0.61,-0.55,-0.96,-0.241,0.423,0.043,1.000,0.100,0.100,0.100,1,68.4,93.8,763,792,316,115,0
2.10,climb_cruise,447.6,447.6,34989.5,-442,0.51,-7.31,355.55,1.55,15.0,125.0,0,0,0.61,-0.50,-0.96,-0.243,0.426,0.043,1.000,0.100,0.100,0.100,1,68.3,93.9,763,792,316,116,0
2.12,climb_cruise,447.6,447.6,34989.4,-442,0.52,-7.32,355.53,1.56,15.0,125.0,0,0,0.62,-0.46,-0.95,-0.245,0.429,0.043,1.000,0.100,0.100,0.100,1,68.1,94.0,763,792,316,115,0
2.14,climb_cruise,447.6,447.6,34989.2,-443,0.53,-7.33,355.51,1.57,15.0,125.0,0,0,0.63,-0.42,-0.95,-0.247,0.431,0.043,1.000,0.100,0.100,0.100,1,68.0,94.1,763,793,316,115,0
2.16,climb_cruise,447.5,447.5,34989.1,-443,0.54,-7.34,355.49,1.59,15.0,125.0,0,0,0.63,-0.38,-0.94,-0.249,0.434,0.044,1.000,0.100,0.100,0.100,1,67.9,94.2,763,793,316,115,0
2.18,climb_cruise,447.5,447.5,34988.9,-443,0.55,-7.34,355.47,1.60,15.0,125.0,0,0,0.64,-0.34,-0.94,-0.251,0.437,0.044,1.000,0.100,0.100,0.100,1,67.7,94.3,763,793,316,115,0
2.20,climb_cruise,447.5,447.5,34988.8,-444,0.56,-7.35,355.45,1.61,15.0,125.0,0,0,0.64,-0.30,-0.93,-0.253,0.439,0.044,1.000,0.100,0.100,0.100,1,67.6,94.4,763,793,316,116,0
2.22,climb_cruise,447.5,447.5,34988.6,-444,0.57,-7.35,355.43,1.62,15.0,125.0,0,0,0.65,-0.26,-0.93,-0.255,0.442,0.044,1.000,0.100,0.100,0.100,1,67.5,94.4,763,793,316,116,0
2.24,climb_cruise,447.5,447.5,34988.5,-444,0.58,-7.36,355.41,1.64,15.0,125.0,0,0,0.66,-0.22,-0.92,-0.256,0.444,0.044,1.000,0.100,0.100,0.100,1,67.3,94.5,763,793,316,116,0
2.26,climb_cruise,447.4,447.4,34988.4,-444,0.59,-7.36,355.39,1.65,15.0,125.0,0,0,0.66,-0.18,-0.92,-0.258,0.447,0.045,1.000,0.100,0.100,0.100,1,67.2,94.6,763,793,316,115,0
2.28,climb_cruise,447.4,447.4,34988.2,-444,0.60,-7.37,355.37,1.66,15.0,125.0,0,0,0.67,-0.15,-0.92,-0.260,0.449,0.045,1.000,0.100,0.100,0.100,1,67.1,94.7,763,793,316,115,0
2.30,climb_cruise,447.4,447.4,34988.1,-444,0.61,-7.37,355.35,1.67,15.0,125.0,0,0,0.67,-0.11,-0.91,-0.262,0.451,0.045,1.000,0.100,0.100,0.100,1,66.9,94.8,763,794,316,115,0
2.32,climb_cruise,447.4,447.4,34987.9,-444,0.62,-7.37,355.33,1.69,15.0,125.0,0,0,0.68,-0.07,-0.91,-0.264,0.454,0.045,1.000,0.100,0.100,0.100,1,66.8,94.9,763,794,316,116,0
2.34,climb_cruise,447.4,447.4,34987.8,-444,0.63,-7.37,355.31,1.70,15.0,125.0,0,0,0.68,-0.04,-0.90,-0.265,0.456,0.045,1.000,0.100,0.100,0.100,1,66.7,94.9,763,794,316,116,0
2.36,climb_cruise,447.3,447.3,34987.6,-443,0.65,-7.37,355.29,1.71,15.0,125.0,0,0,0.69,0.00,-0.90,-0.267,0.459,0.045,1.000,0.100,0.100,0.100,1,66.5,95.0,763,794,316,114,0
2.38,climb_cruise,447.3,447.3,34987.5,-443,0.66,-7.37,355.27,1.72,15.0,125.0,0,0,0.70,0.04,-0.89,-0.269,0.461,0.046,1.000,0.100,0.100,0.100,1,66.4,95.1,763,794,316,115,0
2.40,climb_cruise,447.3,447.3,34987.3,-442,0.67,-7.37,355.25,1.74,15.0,125.0,0,0,0.70,0.07,-0.89,-0.271,0.463,0.046,1.000,0.100,0.100,0.100,1,66.3,95.2,763,794,316,114,0
2.42,climb_cruise,447.3,447.3,34987.2,-442,0.68,-7.37,355.23,1.75,15.0,125.0,0,0,0.71,0.11,-0.88,-0.272,0.465,0.046,1.000,0.100,0.100,0.100,1,66.1,95.3,763,794,316,115,0
2.44,climb_cruise,447.3,447.3,34987.0,-441,0.69,-7.37,355.21,1.76,15.0,125.0,0,0,0.71,0.14,-0.88,-0.274,0.468,0.046,1.000,0.100,0.100,0.100,1,66.0,95.3,763,794,316,114,0
2.46,climb_cruise,447.2,447.2,34986.9,-441,0.70,-7.37,355.19,1.77,15.0,125.0,0,0,0.72,0.18,-0.87,-0.276,0.470,0.046,1.000,0.100,0.100,0.100,1,65.9,95.4,763,794,316,115,0
2.48,climb_cruise,447.2,447.2,34986.7,-440,0.72,-7.36,355.17,1.78,15.0,125.0,0,0,0.72,0.21,-0.87,-0.277,0.472,0.047,1.000,0.100,0.100,0.100,1,65.7,95.5,763,795,316,114,0
2.50,climb_cruise,447.2,447.2,34986.6,-439,0.73,-7.36,355.15,1.80,15.0,125.0,0,0,0.73,0.24,-0.86,-0.279,0.474,0.047,1.000,0.100,0.100,0.100,1,65.6,95.6,763,795,316,115,0
2.52,climb_cruise,447.2,447.2,34986.4,-439,0.74,-7.35,355.14,1.81,15.0,125.0,0,0,0.73,0.28,-0.86,-0.281,0.477,0.047,1.000,0.100,0.100,0.100,1,65.5,95.6,763,795,316,115,0
2.54,climb_cruise,447.2,447.2,34986.3,-438,0.75,-7.35,355.12,1.82,15.0,125.0,0,0,0.73,0.31,-0.85,-0.282,0.479,0.047,1.000,0.100,0.100,0.100,1,65.3,95.7,763,795,316,116,0
2.56,climb_cruise,447.1,447.1,34986.1,-437,0.77,-7.34,355.10,1.83,15.0,125.0,0,0,0.74,0.34,-0.85,-0.284,0.481,0.047,1.000,0.100,0.100,0.100,1,65.2,95.8,763,795,316,114,0
2.58,climb_cruise,447.1,447.1,34986.0,-436,0.78,-7.33,355.08,1.85,15.0,125.0,0,0,0.74,0.37,-0.84,-0.285,0.483,0.048,1.000,0.100,0.100,0.100,1,65.1,95.8,763,795,316,115,0
2.60,climb_cruise,447.1,447.1,34985.8,-435,0.79,-7.33,355.06,1.86,15.0,125.0,0,0,0.75,0.40,-0.84,-0.287,0.485,0.048,1.000,0.100,0.100,0.100,1,64.9,95.9,763,795,316,114,0
2.62,climb_cruise,447.1,447.1,34985.7,-433,0.80,-7.32,355.04,1.87,15.0,125.0,0,0,0.75,0.44,-0.84,-0.288,0.487,0.048,1.000,0.100,0.100,0.100,1,64.8,96.0,763,795,316,115,0
2.64,climb_cruise,447.1,447.1,34985.6,-432,0.82,-7.31,355.02,1.88,15.0,125.0,0,0,0.76,0.47,-0.83,-0.290,0.489,0.048,1.000,0.100,0.100,0.100,1,64.7,96.0,763,795,316,114,0
2.66,climb_cruise,447.0,447.0,34985.4,-431,0.83,-7.30,355.00,1.89,15.0,125.0,0,0,0.76,0.50,-0.83,-0.291,0.491,0.048,1.000,0.100,0.100,0.100,1,64.6,96.1,763,796,316,114,0
2.68,climb_cruise,447.0,447.0,34985.3,-430,0.84,-7.29,354.99,1.90,15.0,125.0,0,0,0.76,0.53,-0.82,-0.293,0.493,0.048,1.000,0.100,0.100,0.100,1,64.4,96.2,763,796,316,116,0
2.70,climb_cruise,447.0,447.0,34985.1,-428,0.86,-7.28,354.97,1.92,15.0,125.0,0,0,0.77,0.56,-0.82,-0.294,0.495,0.049,1.000,0.100,0.100,0.100,1,64.3,96.3,763,796,316,115,0
2.72,climb_cruise,447.0,447.0,34985.0,-427,0.87,-7.27,354.95,1.93,15.0,125.0,0,0,0.77,0.59,-0.81,-0.296,0.497,0.049,1.000,0.100,0.100,0.100,1,64.2,96.3,763,796,316,114,0
2.74,climb_cruise,447.0,447.0,34984.8,-425,0.88,-7.26,354.93,1.94,15.0,125.0,0,0,0.78,0.61,-0.81,-0.297,0.499,0.049,1.000,0.100,0.100,0.100,1,64.0,96.4,763,796,316,116,0
2.76,climb_cruise,446.9,446.9,34984.7,-423,0.90,-7.24,354.91,1.95,15.0,125.0,0,0,0.78,0.64,-0.80,-0.299,0.501,0.049,1.000,0.100,0.100,0.100,1,63.9,96.4,763,796,316,114,0
2.78,climb_cruise,446.9,446.9,34984.6,-422,0.91,-7.23,354.90,1.96,15.0,125.0,0,0,0.78,0.67,-0.80,-0.300,0.503,0.049,1.000,0.100,0.100,0.100,1,63.8,96.5,763,796,316,115,0
2.80,climb_cruise,446.9,446.9,34984.4,-420,0.92,-7.22,354.88,1.97,15.0,125.0,0,0,0.79,0.70,-0.79,-0.301,0.504,0.050,1.000,0.100,0.100,0.100,1,63.7,96.6,763,796,316,114,0
2.82,climb_cruise,446.9,446.9,34984.3,-418,0.94,-7.20,354.86,1.99,15.0,125.0,0,0,0.79,0.73,-0.79,-0.303,0.506,0.050,1.000,0.100,0.100,0.100,1,63.5,96.6,763,796,316,114,0
2.84,climb_cruise,446.9,446.9,34984.1,-416,0.95,-7.19,354.84,2.00,15.0,125.0,0,0,0.79,0.75,-0.78,-0.304,0.508,0.050,1.000,0.100,0.100,0.100,1,63.4,96.7,763,796,316,115,0
2.86,climb_cruise,446.8,446.8,34984.0,-414,0.96,-7.17,354.83,2.01,15.0,125.0,0,0,0.80,0.78,-0.78,-0.305,0.510,0.050,1.000,0.100,0.100,0.100,1,63.3,96.8,763,797,316,116,0
2.88,climb_cruise,446.8,446.8,34983.9,-412,0.98,-7.16,354.81,2.02,15.0,125.0,0,0,0.80,0.81,-0.77,-0.306,0.512,0.050,1.000,0.100,0.100,0.100,1,63.1,96.8,763,797,316,115,0
2.90,climb_cruise,446.8,446.8,34983.7,-410,0.99,-7.14,354.79,2.03,15.0,125.0,0,0,0.80,0.83,-0.77,-0.308,0.513,0.050,1.000,0.100,0.100,0.100,1,63.0,96.9,763,797,316,114,0
2.92,climb_cruise,446.8,446.8,34983.6,-408,1.01,-7.13,354.77,2.04,15.0,125.0,0,0,0.80,0.86,-0.76,-0.309,0.515,0.051,1.000,0.100,0.100,0.100,1,62.9,96.9,763,797,316,114,0
2.94,climb_cruise,446.8,446.8,34983.4,-406,1.02,-7.11,354.76,2.05,15.0,125.0,0,0,0.81,0.88,-0.76,-0.310,0.517,0.051,1.000,0.100,0.100,0.100,1,62.8,97.0,763,797,316,115,0
2.96,climb_cruise,446.7,446.7,34983.3,-404,1.03,-7.09,354.74,2.06,15.0,125.0,0,0,0.81,0.91,-0.75,-0.311,0.518,0.051,1.000,0.100,0.100,0.100,1,62.6,97.1,763,797,316,116,0
2.98,climb_cruise,446.7,446.7,34983.2,-401,1.03,-7.14,354.72,2.07,15.0,125.0,0,0,-0.80,-5.56,-0.96,-0.094,0.156,0.015,1.000,0.100,0.100,0.100,1,62.5,97.1,763,797,16,114,0
3.00,climb_cruise,446.7,446.7,34983.0,-398,1.00,-7.28,354.71,2.05,15.0,125.0,0,0,-2.48,-9.29,-1.19,-0.041,0.080,0.007,1.000,0.100,0.100,0.100,1,62.4,97.2,763,797,16,115,0
3.02,climb_cruise,446.7,446.7,34982.9,-396,0.94,-7.49,354.69,2.00,15.0,125.0,0,0,-3.85,-10.98,-1.39,-0.029,0.065,0.005,1.000,0.100,0.100,0.100,1,62.3,97.2,763,797,16,114,0
3.04,climb_cruise,446.6,446.6,34982.8,-394,0.85,-7.71,354.67,1.94,15.0,125.0,0,0,-4.85,-11.70,-1.57,-0.026,0.062,0.004,1.000,0.100,0.100,0.100,1,62.1,97.3,763,797,16,115,0
3.06,climb_cruise,446.6,446.6,34982.7,-392,0.74,-7.95,354.65,1.85,15.0,125.0,0,0,-5.51,-12.02,-1.70,-0.026,0.061,0.004,1.000,0.100,0.100,0.100,1,62.0,97.3,763,797,16,115,0
3.08,climb_cruise,446.6,446.6,34982.5,-391,0.63,-8.19,354.63,1.75,15.0,125.0,0,0,-5.84,-12.19,-1.81,-0.027,0.062,0.004,1.000,0.100,0.100,0.100,1,61.9,97.4,763,797,16,115,0
3.10,climb_cruise,446.6,446.6,34982.4,-391,0.50,-8.44,354.61,1.65,15.0,125.0,0,0,-5.90,-12.30,-1.89,-0.027,0.063,0.004,1.000,0.100,0.100,0.100,1,61.8,97.4,763,797,16,116,0
3.12,climb_cruise,446.6,446.6,34982.3,-391,0.38,-8.68,354.59,1.55,15.0,125.0,0,0,-5.73,-12.37,-1.94,-0.028,0.063,0.004,1.000,0.100,0.100,0.100,1,61.7,97.5,763,798,16,115,0
3.14,climb_cruise,446.6,446.6,34982.2,-392,0.27,-8.93,354.57,1.45,15.0,125.0,0,0,-5.38,-12.44,-1.96,-0.029,0.064,0.004,1.000,0.100,0.100,0.100,1,61.5,97.5,763,798,16,115,0
3.16,climb_cruise,446.5,446.5,34982.0,-393,0.16,-9.18,354.55,1.37,15.0,125.0,0,0,-4.89,-12.49,-1.97,-0.030,0.065,0.004,1.000,0.100,0.100,0.100,1,61.4,97.6,763,798,16,115,0
3.18,climb_cruise,446.5,446.5,34981.9,-395,0.06,-9.43,354.53,1.29,15.0,125.0,0,0,-4.32,-12.53,-1.95,-0.031,0.065,0.004,1.000,0.100,0.100,0.100,1,61.3,97.6,763,798,16,116,0
3.20,climb_cruise,446.5,446.5,34981.8,-398,-0.03,-9.68,354.50,1.23,15.0,125.0,0,0,-3.70,-12.57,-1.92,-0.031,0.066,0.004,1.000,0.100,0.100,0.100,1,61.2,97.7,763,798,16,114,0
3.22,climb_cruise,446.5,446.5,34981.6,-401,-0.10,-9.93,354.48,1.18,15.0,125.0,0,0,-3.06,-12.60,-1.88,-0.032,0.067,0.004,1.000,0.100,0.100,0.100,1,61.0,97.7,763,798,16,115,0
3.24,climb_cruise,446.5,446.5,34981.5,-404,-0.16,-10.18,354.45,1.14,15.0,125.0,0,0,-2.44,-12.63,-1.83,-0.033,0.068,0.004,1.000,0.100,0.100,0.100,1,60.9,97.8,763,798,16,116,0
3.26,climb_cruise,446.4,446.4,34981.4,-407,-0.21,-10.44,354.42,1.11,15.0,125.0,0,0,-1.85,-12.65,-1.77,-0.033,0.069,0.005,1.000,0.100,0.100,0.100,1,60.8,97.8,763,798,16,114,0
3.28,climb_cruise,446.4,446.4,34981.2,-411,-0.25,-10.69,354.39,1.10,15.0,125.0,0,0,-1.32,-12.66,-1.71,-0.034,0.069,0.005,1.000,0.100,0.100,0.100,1,60.7,97.9,763,798,16,115,0
3.30,climb_cruise,446.4,446.4,34981.1,-415,-0.28,-10.94,354.36,1.10,15.0,125.0,0,0,-0.85,-12.67,-1.64,-0.034,0.070,0.005,1.000,0.100,0.100,0.100,1,60.6,97.9,763,798,16,115,0
3.32,climb_cruise,446.4,446.4,34981.0,-418,-0.30,-11.20,354.34,1.10,15.0,125.0,0,0,-0.45,-12.68,-1.58,-0.035,0.071,0.005,1.000,0.100,0.100,0.100,1,60.4,98.0,763,798,16,115,0
3.34,climb_cruise,446.4,446.4,34980.8,-422,-0.31,-11.45,354.31,1.12,15.0,125.0,0,0,-0.13,-12.68,-1.51,-0.035,0.072,0.005,1.000,0.100,0.100,0.100,1,60.3,98.0,763,798,16,115,0
3.36,climb_cruise,446.4,446.4,34980.7,-425,-0.32,-11.70,354.28,1.14,15.0,125.0,0,0,0.12,-12.67,-1.45,-0.036,0.073,0.005,1.000,0.100,0.100,0.100,1,60.2,98.1,763,798,16,115,0
3.38,climb_cruise,446.3,446.3,34980.5,-429,-0.32,-11.96,354.25,1.16,15.0,125.0,0,0,0.30,-12.67,-1.39,-0.036,0.074,0.005,1.000,0.100,0.100,0.100,1,60.1,98.1,763,798,16,116,0
3.40,climb_cruise,446.3,446.3,34980.4,-432,-0.32,-12.21,354.22,1.19,15.0,125.0,0,0,0.42,-12.65,-1.34,-0.036,0.075,0.005,1.000,0.100,0.100,0.100,1,59.9,98.2,763,799,16,115,0
3.42,climb_cruise,446.3,446.3,34980.3,-436,-0.32,-12.46,354.19,1.22,15.0,125.0,0,0,0.47,-12.64,-1.29,-0.037,0.076,0.005,1.000,0.100,0.100,0.100,1,59.8,98.2,763,799,16,116,0
3.44,climb_cruise,446.3,446.3,34980.1,-439,-0.31,-12.72,354.17,1.25,15.0,125.0,0,0,0.48,-12.62,-1.25,-0.037,0.077,0.005,1.000,0.100,0.100,0.100,1,59.7,98.3,763,799,16,115,0
3.46,climb_cruise,446.3,446.3,34980.0,-442,-0.31,-12.97,354.14,1.28,15.0,125.0,0,0,0.45,-12.60,-1.22,-0.037,0.078,0.005,1.000,0.100,0.100,0.100,1,59.6,98.3,763,799,16,115,0
3.48,climb_cruise,446.3,446.3,34979.8,-445,-0.31,-13.22,354.11,1.31,15.0,125.0,0,0,0.39,-12.58,-1.19,-0.037,0.079,0.005,1.000,0.100,0.100,0.100,1,59.5,98.3,763,799,16,114,0
3.50,climb_cruise,446.2,446.2,34979.7,-447,-0.30,-13.47,354.09,1.34,15.0,125.0,0,0,0.30,-12.56,-1.17,-0.038,0.080,0.005,1.000,0.100,0.100,0.100,1,59.4,98.4,763,799,16,116,0
3.52,climb_cruise,446.2,446.2,34979.5,-450,-0.30,-13.72,354.06,1.36,15.0,125.0,0,0,0.21,-12.54,-1.15,-0.038,0.081,0.005,1.000,0.100,0.100,0.100,1,59.2,98.4,763,799,16,116,0
3.54,climb_cruise,446.2,446.2,34979.4,-453,-0.31,-13.97,354.04,1.39,15.0,125.0,0,0,0.10,-12.52,-1.14,-0.038,0.082,0.005,1.000,0.100,0.100,0.100,1,59.1,98.5,763,799,16,115,0
3.56,climb_cruise,446.2,446.2,34979.2,-455,-0.31,-14.22,354.02,1.41,15.0,125.0,0,0,-0.01,-12.49,-1.14,-0.039,0.083,0.005,1.000,0.100,0.100,0.100,1,59.0,98.5,763,799,16,115,0
3.58,climb_cruise,446.2,446.2,34979.1,-458,-0.32,-14.47,354.00,1.43,15.0,125.0,0,0,-0.11,-12.47,-1.14,-0.039,0.084,0.005,1.000,0.100,0.100,0.100,1,58.9,98.6,763,799,16,115,0
3.60,climb_cruise,446.1,446.1,34978.9,-460,-0.33,-14.72,353.98,1.44,15.0,125.0,0,0,-0.21,-12.45,-1.14,-0.039,0.085,0.005,1.000,0.100,0.100,0.100,1,58.8,98.6,763,799,16,116,0
3.62,climb_cruise,446.1,446.1,34978.7,-462,-0.34,-14.97,353.96,1.46,15.0,125.0,0,0,-0.29,-12.43,-1.15,-0.040,0.086,0.005,1.000,0.100,0.100,0.100,1,58.6,98.6,763,799,16,114,0
3.64,climb_cruise,446.1,446.1,34978.6,-465,-0.35,-15.22,353.93,1.47,15.0,125.0,0,0,-0.36,-12.41,-1.16,-0.040,0.087,0.005,1.000,0.100,0.100,0.100,1,58.5,98.7,763,799,16,116,0
3.66,climb_cruise,446.1,446.1,34978.4,-467,-0.36,-15.47,353.91,1.48,15.0,125.0,0,0,-0.42,-12.39,-1.17,-0.040,0.088,0.005,1.000,0.100,0.100,0.100,1,58.4,98.7,763,799,16,115,0
3.68,climb_cruise,446.1,446.1,34978.3,-469,-0.38,-15.71,353.89,1.49,15.0,125.0,0,0,-0.46,-12.37,-1.19,-0.041,0.089,0.005,1.000,0.100,0.100,0.100,1,58.3,98.7,763,799,16,116,0
3.70,climb_cruise,446.1,446.1,34978.1,-472,-0.39,-15.96,353.87,1.50,15.0,125.0,0,0,-0.49,-12.35,-1.21,-0.041,0.090,0.005,1.000,0.100,0.100,0.100,1,58.2,98.8,763,799,16,115,0
3.72,climb_cruise,446.0,446.0,34978.0,-474,-0.41,-16.21,353.85,1.51,15.0,125.0,0,0,-0.51,-12.33,-1.22,-0.041,0.091,0.005,1.000,0.100,0.100,0.100,1,58.1,98.8,763,799,16,116,0
3.74,climb_cruise,446.0,446.0,34977.8,-476,-0.43,-16.45,353.83,1.51,15.0,125.0,0,0,-0.51,-12.31,-1.24,-0.042,0.092,0.005,1.000,0.100,0.100,0.100,1,57.9,98.9,763,800,16,115,0
3.76,climb_cruise,446.0,446.0,34977.6,-479,-0.44,-16.70,353.81,1.52,15.0,125.0,0,0,-0.51,-12.29,-1.26,-0.042,0.093,0.005,1.000,0.100,0.100,0.100,1,57.8,98.9,763,800,16,114,0
3.78,climb_cruise,446.0,446.0,34977.5,-481,-0.46,-16.94,353.79,1.53,15.0,125.0,0,0,-0.49,-12.27,-1.28,-0.043,0.095,0.005,1.000,0.100,0.100,0.100,1,57.7,98.9,763,800,16,115,0
3.80,climb_cruise,446.0,446.0,34977.3,-483,-0.48,-17.19,353.77,1.53,15.0,125.0,0,0,-0.47,-12.26,-1.30,-0.043,0.096,0.005,1.000,0.100,0.100,0.100,1,57.6,99.0,763,800,16,116,0
3.82,climb_cruise,446.0,446.0,34977.2,-486,-0.49,-17.43,353.75,1.54,15.0,125.0,0,0,-0.44,-12.24,-1.32,-0.043,0.097,0.005,1.000,0.100,0.100,0.100,1,57.5,99.0,763,800,16,114,0
3.84,climb_cruise,445.9,445.9,34977.0,-488,-0.51,-17.68,353.72,1.55,15.0,125.0,0,0,-0.41,-12.22,-1.34,-0.044,0.098,0.005,1.000,0.100,0.100,0.100,1,57.4,99.0,763,800,16,114,0
3.86,climb_cruise,445.9,445.9,34976.8,-491,-0.52,-17.92,353.70,1.56,15.0,125.0,0,0,-0.38,-12.21,-1.36,-0.044,0.099,0.005,1.000,0.100,0.100,0.100,1,57.3,99.1,763,800,16,115,0
3.88,climb_cruise,445.9,445.9,34976.7,-493,-0.54,-18.17,353.68,1.57,15.0,125.0,0,0,-0.34,-12.19,-1.38,-0.045,0.100,0.005,1.000,0.100,0.100,0.100,1,57.1,99.1,763,800,16,116,0
3.90,climb_cruise,445.9,445.9,34976.5,-496,-0.55,-18.41,353.65,1.58,15.0,125.0,0,0,-0.31,-12.17,-1.39,-0.045,0.101,0.005,1.000,0.100,0.100,0.100,1,57.0,99.1,763,800,16,115,0
3.92,climb_cruise,445.9,445.9,34976.3,-498,-0.57,-18.65,353.63,1.59,15.0,125.0,0,0,-0.27,-12.16,-1.41,-0.045,0.103,0.005,1.000,0.100,0.100,0.100,1,56.9,99.2,763,800,16,115,0
3.94,climb_cruise,445.8,445.8,34976.2,-500,-0.58,-18.89,353.60,1.60,15.0,125.0,0,0,-0.24,-12.14,-1.42,-0.046,0.104,0.005,1.000,0.100,0.100,0.100,1,56.8,99.2,763,800,16,115,0
3.96,climb_cruise,445.8,445.8,34976.0,-503,-0.60,-19.14,353.58,1.61,15.0,125.0,0,0,-0.21,-12.13,-1.44,-0.046,0.105,0.005,1.000,0.100,0.100,0.100,1,56.7,99.2,763,800,16,115,0
3.98,climb_cruise,445.8,445.8,34975.8,-505,-0.61,-19.38,353.55,1.62,15.0,125.0,0,0,-0.18,-12.11,-1.45,-0.047,0.106,0.005,1.000,0.100,0.100,0.100,1,56.6,99.3,763,800,16,115,0
4.00,climb_cruise,445.8,445.8,34975.7,-508,-0.62,-19.62,353.52,1.63,15.0,125.0,0,0,-0.16,-12.09,-1.46,-0.047,0.107,0.005,1.000,0.100,0.100,0.100,1,56.5,99.3,763,800,16,116,0
4.02,climb_cruise,445.8,445.8,34975.5,-510,-0.64,-19.86,353.50,1.65,15.0,125.0,0,0,-0.13,-12.07,-1.48,-0.047,0.108,0.005,1.000,0.100,0.100,0.100,1,56.3,99.3,763,800,16,115,0
4.04,climb_cruise,445.8,445.8,34975.3,-513,-0.65,-20.10,353.47,1.66,15.0,125.0,0,0,-0.11,-12.06,-1.49,-0.048,0.110,0.005,1.000,0.100,0.100,0.100,1,56.2,99.4,763,800,16,116,0
4.06,climb_cruise,445.7,445.7,34975.2,-515,-0.66,-20.34,353.44,1.67,15.0,125.0,0,0,-0.09,-12.04,-1.50,-0.048,0.111,0.005,1.000,0.100,0.100,0.100,1,56.1,99.4,763,800,16,114,0
4.08,climb_cruise,445.7,445.7,34975.0,-518,-0.67,-20.58,353.42,1.69,15.0,125.0,0,0,-0.08,-12.02,-1.51,-0.049,0.112,0.005,1.000,0.100,0.100,0.100,1,56.0,99.4,763,800,16,114,0
4.10,climb_cruise,445.7,445.7,34974.8,-520,-0.68,-20.82,353.39,1.70,15.0,125.0,0,0,-0.06,-12.00,-1.52,-0.049,0.113,0.005,1.000,0.100,0.100,0.100,1,55.9,99.5,763,800,16,114,0
4.12,climb_cruise,445.7,445.7,34974.6,-523,-0.70,-21.06,353.36,1.71,15.0,125.0,0,0,-0.05,-11.99,-1.53,-0.050,0.114,0.005,1.000,0.100,0.100,0.100,1,55.8,99.5,763,800,16,114,0
4.14,climb_cruise,445.7,445.7,34974.5,-525,-0.71,-21.30,353.33,1.73,15.0,125.0,0,0,-0.04,-12.00,-1.54,-0.050,0.114,0.005,1.000,0.100,0.100,0.100,1,55.7,99.5,763,800,16,115,0
4.16,climb_cruise,445.7,445.7,34974.3,-528,-0.72,-21.54,353.30,1.74,15.0,125.0,0,0,-0.03,-12.01,-1.55,-0.050,0.114,0.005,1.000,0.100,0.100,0.100,1,55.6,99.5,763,801,16,114,0
4.18,climb_cruise,445.6,445.6,34974.1,-530,-0.73,-21.78,353.27,1.75,15.0,125.0,0,0,-0.02,-12.02,-1.56,-0.051,0.114,0.005,1.000,0.100,0.100,0.100,1,55.4,99.6,763,801,16,115,0
4.20,climb_cruise,445.6,445.6,34973.9,-532,-0.74,-22.02,353.25,1.77,15.0,125.0,0,0,-0.01,-12.03,-1.56,-0.051,0.114,0.005,1.000,0.100,0.100,0.100,1,55.3,99.6,763,801,16,114,0
4.22,climb_cruise,445.6,445.6,34973.7,-535,-0.76,-22.26,353.22,1.78,15.0,125.0,0,0,0.00,-12.04,-1.57,-0.052,0.114,0.005,1.000,0.100,0.100,0.100,1,55.2,99.6,763,801,16,115,0
4.24,climb_cruise,445.6,445.6,34973.6,-537,-0.77,-22.50,353.19,1.80,15.0,125.0,0,0,0.01,-12.06,-1.58,-0.052,0.114,0.005,1.000,0.100,0.100,0.100,1,55.1,99.7,763,801,16,114,0
4.26,climb_cruise,445.6,445.6,34973.4,-540,-0.78,-22.74,353.16,1.81,15.0,125.0,0,0,0.02,-12.07,-1.59,-0.053,0.114,0.005,1.000,0.100,0.100,0.100,1,55.0,99.7,763,801,16,115,0
4.28,climb_cruise,445.5,445.5,34973.2,-542,-0.79,-22.99,353.13,1.82,15.0,125.0,0,0,0.03,-12.08,-1.60,-0.053,0.114,0.005,1.000,0.100,0.100,0.100,1,54.9,99.7,763,801,16,114,0
4.30,climb_cruise,445.5,445.5,34973.0,-545,-0.80,-23.23,353.10,1.84,15.0,125.0,0,0,0.04,-12.09,-1.61,-0.053,0.114,0.005,1.000,0.100,0.100,0.100,1,54.8,99.7,763,801,16,114,0
4.32,climb_cruise,445.5,445.5,34972.8,-547,-0.81,-23.47,353.07,1.85,15.0,125.0,0,0,0.05,-12.10,-1.62,-0.054,0.114,0.005,1.000,0.100,0.100,0.100,1,54.7,99.8,763,801,16,116,0
4.34,climb_cruise,445.5,445.5,34972.7,-550,-0.83,-23.71,353.04,1.86,15.0,125.0,0,0,0.06,-12.12,-1.63,-0.054,0.114,0.005,1.000,0.100,0.100,0.100,1,54.6,99.8,763,801,16,115,0
4.36,climb_cruise,445.5,445.5,34972.5,-552,-0.84,-23.95,353.01,1.88,15.0,125.0,0,0,0.08,-12.13,-1.64,-0.055,0.114,0.005,1.000,0.100,0.100,0.100,1,54.5,99.8,763,801,16,115,0
4.38,climb_cruise,445.5,445.5,34972.3,-554,-0.85,-24.19,352.98,1.89,15.0,125.0,0,0,0.09,-12.14,-1.65,-0.055,0.114,0.005,1.000,0.100,0.100,0.100,1,54.4,99.8,763,801,16,116,0
4.40,climb_cruise,445.4,445.4,34972.1,-557,-0.86,-24.44,352.95,1.91,15.0,125.0,0,0,0.10,-12.15,-1.66,-0.056,0.114,0.005,1.000,0.100,0.100,0.100,1,54.2,99.9,763,801,16,114,0
4.42,climb_cruise,445.4,445.4,34971.9,-559,-0.87,-24.68,352.91,1.92,15.0,125.0,0,0,0.11,-12.16,-1.67,-0.056,0.114,0.005,1.000,0.100,0.100,0.100,1,54.1,99.9,763,801,16,115,0
4.44,climb_cruise,445.4,445.4,34971.7,-562,-0.89,-24.92,352.88,1.94,15.0,125.0,0,0,0.13,-12.17,-1.68,-0.057,0.114,0.005,1.000,0.100,0.100,0.100,1,54.0,99.9,763,801,16,115,0
4.46,climb_cruise,445.4,445.4,34971.5,-564,-0.90,-25.17,352.85,1.95,15.0,125.0,0,0,0.14,-12.18,-1.69,-0.057,0.114,0.005,1.000,0.100,0.100,0.100,1,53.9,99.9,763,801,16,115,0
4.48,climb_cruise,445.4,445.4,34971.4,-567,-0.91,-25.41,352.82,1.97,15.0,125.0,0,0,0.15,-12.19,-1.70,-0.057,0.114,0.005,1.000,0.100,0.100,0.100,1,53.8,100.0,763,801,16,114,0
4.50,climb_cruise,445.4,445.4,34971.2,-569,-0.92,-25.65,352.79,1.98,15.0,125.0,0,0,0.17,-12.20,-1.71,-0.058,0.114,0.005,1.000,0.100,0.100,0.100,1,53.7,100.0,763,801,16,116,0
4.52,climb_cruise,445.3,445.3,34971.0,-572,-0.93,-25.90,352.76,1.99,15.0,125.0,0,0,0.18,-12.21,-1.72,-0.058,0.114,0.005,1.000,0.100,0.100,0.100,1,53.6,100.0,763,801,16,114,0
4.54,climb_cruise,445.3,445.3,34970.8,-574,-0.94,-26.14,352.72,2.01,15.0,125.0,0,0,0.20,-12.23,-1.73,-0.059,0.114,0.005,1.000,0.100,0.100,0.100,1,53.5,100.0,763,801,16,115,0
4.56,climb_cruise,445.3,445.3,34970.6,-577,-0.96,-26.38,352.69,2.02,15.0,125.0,0,0,0.21,-12.24,-1.74,-0.059,0.114,0.005,1.000,0.100,0.100,0.100,1,53.4,100.1,763,801,16,116,0
4.58,climb_cruise,445.3,445.3,34970.4,-579,-0.97,-26.63,352.66,2.04,15.0,125.0,0,0,0.23,-12.25,-1.75,-0.060,0.114,0.005,1.000,0.100,0.100,0.100,1,53.3,100.1,763,801,16,115,0
4.60,climb_cruise,445.3,445.3,34970.2,-582,-0.98,-26.87,352.62,2.06,15.0,125.0,0,0,0.24,-12.26,-1.77,-0.060,0.114,0.005,1.000,0.100,0.100,0.100,1,53.2,100.1,763,801,16,115,0
4.62,climb_cruise,445.2,445.2,34970.0,-584,-0.99,-27.12,352.59,2.07,15.0,125.0,0,0,0.26,-12.27,-1.78,-0.061,0.114,0.005,1.000,0.100,0.100,0.100,1,53.1,100.1,763,801,16,115,0
4.64,climb_cruise,445.2,445.2,34969.8,-587,-1.00,-27.36,352.55,2.09,15.0,125.0,0,0,0.27,-12.28,-1.79,-0.061,0.114,0.005,1.000,0.100,0.100,0.100,1,53.0,100.2,763,801,16,114,0
4.66,climb_cruise,445.2,445.2,34969.6,-589,-1.01,-27.61,352.52,2.10,15.0,125.0,0,0,0.29,-12.29,-1.80,-0.062,0.114,0.005,1.000,0.100,0.100,0.100,1,52.8,100.2,763,801,16,116,0
4.68,climb_cruise,445.2,445.2,34969.4,-592,-1.03,-27.85,352.49,2.12,15.0,125.0,0,0,0.30,-12.30,-1.81,-0.062,0.114,0.005,1.000,0.100,0.100,0.100,1,52.7,100.2,763,801,16,114,0
4.70,climb_cruise,445.2,445.2,34969.2,-595,-1.04,-28.10,352.45,2.13,15.0,125.0,0,0,0.32,-12.31,-1.82,-0.063,0.114,0.005,1.000,0.100,0.100,0.100,1,52.6,100.2,763,801,16,116,0
4.72,climb_cruise,445.2,445.2,34969.0,-597,-1.05,-28.34,352.42,2.15,15.0,125.0,0,0,0.34,-12.32,-1.84,-0.063,0.114,0.005,1.000,0.100,0.100,0.100,1,52.5,100.2,763,802,16,115,0
4.74,climb_cruise,445.1,445.1,34968.8,-600,-1.06,-28.59,352.38,2.17,15.0,125.0,0,0,0.35,-12.33,-1.85,-0.064,0.114,0.005,1.000,0.100,0.100,0.100,1,52.4,100.3,763,802,16,115,0
4.76,climb_cruise,445.1,445.1,34968.6,-602,-1.07,-28.83,352.34,2.18,15.0,125.0,0,0,0.37,-12.34,-1.86,-0.064,0.114,0.005,1.000,0.100,0.100,0.100,1,52.3,100.3,763,802,16,114,0
4.78,climb_cruise,445.1,445.1,34968.4,-605,-1.08,-29.08,352.31,2.20,15.0,125.0,0,0,0.38,-12.35,-1.87,-0.065,0.114,0.005,1.000,0.100,0.100,0.100,1,52.2,100.3,763,802,16,114,0
4.80,climb_cruise,445.1,445.1,34968.2,-608,-1.09,-29.33,352.27,2.21,15.0,125.0,0,0,0.40,-12.36,-1.88,-0.065,0.114,0.005,1.000,0.100,0.100,0.100,1,52.1,100.3,763,802,16,114,0
4.82,climb_cruise,445.1,445.1,34968.0,-610,-1.11,-29.57,352.23,2.23,15.0,125.0,0,0,0.42,-12.37,-1.89,-0.066,0.114,0.005,1.000,0.100,0.100,0.100,1,52.0,100.3,763,802,16,115,0
4.84,climb_cruise,445.1,445.1,34967.8,-613,-1.12,-29.82,352.20,2.25,15.0,125.0,0,0,0.43,-12.38,-1.91,-0.066,0.114,0.005,1.000,0.100,0.100,0.100,1,51.9,100.4,763,802,16,115,0
4.86,climb_cruise,445.0,445.0,34967.6,-616,-1.13,-30.07,352.16,2.26,15.0,125.0,0,0,0.45,-12.39,-1.92,-0.067,0.114,0.005,1.000,0.100,0.100,0.100,1,51.8,100.4,763,802,16,115,0
4.88,climb_cruise,445.0,445.0,34967.4,-618,-1.14,-30.31,352.12,2.28,15.0,125.0,0,0,0.47,-12.40,-1.93,-0.067,0.114,0.005,1.000,0.100,0.100,0.100,1,51.7,100.4,763,802,16,115,0
4.90,climb_cruise,445.0,445.0,34967.2,-621,-1.15,-30.56,352.08,2.30,15.0,125.0,0,0,0.48,-12.41,-1.94,-0.068,0.114,0.005,1.000,0.100,0.100,0.100,1,51.6,100.4,763,802,16,115,0
4.92,climb_cruise,445.0,445.0,34967.0,-624,-1.16,-30.81,352.04,2.32,15.0,125.0,0,0,0.50,-12.42,-1.95,-0.068,0.114,0.005,1.000,0.100,0.100,0.100,1,51.5,100.4,763,802,16,116,0
4.94,climb_cruise,445.0,445.0,34966.8,-627,-1.17,-31.06,352.01,2.33,15.0,125.0,0,0,0.52,-12.43,-1.96,-0.069,0.114,0.005,1.000,0.100,0.100,0.100,1,51.4,100.5,763,802,16,115,0
4.96,climb_cruise,444.9,444.9,34966.6,-629,-1.19,-31.30,351.97,2.35,15.0,125.0,0,0,0.53,-12.44,-1.98,-0.069,0.114,0.005,1.000,0.100,0.100,0.100,1,51.3,100.5,763,802,16,116,0
4.98,climb_cruise,444.9,444.9,34966.3,-632,-1.20,-31.55,351.93,2.37,15.0,125.0,0,0,0.55,-12.45,-1.99,-0.070,0.114,0.006,1.000,0.100,0.100,0.100,1,51.2,100.5,763,802,16,115,0
5.00,climb_cruise,444.9,444.9,34966.1,-635,-1.21,-31.80,351.89,2.39,15.0,125.0,0,0,0.57,-12.46,-2.00,-0.070,0.114,0.006,1.000,0.100,0.100,0.100,1,51.1,100.5,763,802,16,115,0
5.02,climb_cruise,444.9,444.9,34965.9,-638,-1.22,-32.05,351.85,2.40,15.0,125.0,0,0,0.59,-12.46,-2.01,-0.071,0.114,0.006,1.000,0.100,0.100,0.100,1,51.0,100.5,763,802,16,115,0
5.04,climb_cruise,444.9,444.9,34965.7,-641,-1.23,-32.30,351.81,2.42,15.0,125.0,0,0,0.60,-12.47,-2.02,-0.071,0.114,0.006,1.000,0.100,0.100,0.100,1,50.9,100.5,763,802,16,115,0
5.06,climb_cruise,444.9,444.9,34965.5,-644,-1.24,-32.55,351.77,2.44,15.0,125.0,0,0,0.62,-12.48,-2.04,-0.072,0.114,0.006,1.000,0.100,0.100,0.100,1,50.8,100.6,763,802,16,115,0
5.08,climb_cruise,444.8,444.8,34965.3,-646,-1.25,-32.79,351.72,2.46,15.0,125.0,0,0,0.64,-12.49,-2.05,-0.072,0.114,0.006,1.000,0.100,0.100,0.100,1,50.7,100.6,763,802,16,115,0
5.10,climb_cruise,444.8,444.8,34965.1,-649,-1.27,-33.04,351.68,2.48,15.0,125.0,0,0,0.66,-12.50,-2.06,-0.073,0.114,0.006,1.000,0.100,0.100,0.100,1,50.6,100.6,763,802,16,114,0
5.12,climb_cruise,444.8,444.8,34964.8,-652,-1.28,-33.29,351.64,2.49,15.0,125.0,0,0,0.68,-12.51,-2.07,-0.074,0.114,0.006,1.000,0.100,0.100,0.100,1,50.5,100.6,763,802,16,116,0
5.14,climb_cruise,444.8,444.8,34964.6,-655,-1.29,-33.54,351.60,2.51,15.0,125.0,0,0,0.69,-12.52,-2.08,-0.074,0.114,0.006,1.000,0.100,0.100,0.100,1,50.4,100.6,763,802,16,116,0
5.16,climb_cruise,444.8,444.8,34964.4,-658,-1.30,-33.79,351.56,2.53,15.0,125.0,0,0,0.71,-12.53,-2.10,-0.075,0.114,0.006,1.000,0.100,0.100,0.100,1,50.3,100.6,763,802,16,115,0
5.18,climb_cruise,444.7,444.7,34964.2,-661,-1.31,-34.04,351.51,2.55,15.0,125.0,0,0,0.73,-12.54,-2.11,-0.075,0.114,0.006,1.000,0.100,0.100,0.100,1,50.2,100.7,763,802,16,116,0
5.20,climb_cruise,444.7,444.7,34964.0,-664,-1.32,-34.29,351.47,2.57,15.0,125.0,0,0,0.75,-12.55,-2.12,-0.076,0.114,0.006,1.000,0.100,0.100,0.100,1,50.1,100.7,763,802,16,115,0
5.22,climb_cruise,444.7,444.7,34963.7,-667,-1.33,-34.54,351.43,2.59,15.0,125.0,0,0,0.77,-12.56,-2.13,-0.076,0.114,0.006,1.000,0.100,0.100,0.100,1,50.0,100.7,763,802,16,115,0
5.24,climb_cruise,444.7,444.7,34963.5,-671,-1.35,-34.79,351.38,2.61,15.0,125.0,0,0,0.79,-12.57,-2.15,-0.077,0.114,0.006,1.000,0.100,0.100,0.100,1,49.9,100.7,763,802,16,115,0
5.26,climb_cruise,444.7,444.7,34963.3,-674,-1.36,-35.04,351.34,2.63,15.0,125.0,0,0,0.81,-12.57,-2.16,-0.077,0.114,0.006,1.000,0.100,0.100,0.100,1,49.8,100.7,763,802,16,115,0
5.28,climb_cruise,444.7,444.7,34963.1,-677,-1.37,-35.29,351.29,2.65,15.0,125.0,0,0,0.83,-12.58,-2.17,-0.078,0.114,0.006,1.000,0.100,0.100,0.100,1,49.7,100.7,763,802,16,115,0
5.30,climb_cruise,444.6,444.6,34962.8,-680,-1.38,-35.54,351.25,2.67,15.0,125.0,0,0,0.85,-12.59,-2.18,-0.079,0.114,0.006,1.000,0.100,0.100,0.100,1,49.6,100.7,763,802,16,115,0
5.32,climb_cruise,444.6,444.6,34962.6,-683,-1.39,-35.79,351.20,2.69,15.0,125.0,0,0,0.87,-12.60,-2.19,-0.079,0.114,0.006,1.000,0.100,0.100,0.100,1,49.5,100.8,763,802,16,115,0
5.34,climb_cruise,444.6,444.6,34962.4,-687,-1.40,-36.04,351.16,2.71,15.0,125.0,0,0,0.88,-12.61,-2.21,-0.079,0.114,0.006,1.000,0.100,0.100,0.100,1,49.4,100.8,763,802,16,115,0
5.36,climb_cruise,444.6,444.6,34962.2,-690,-1.42,-36.30,351.11,2.73,15.0,125.0,0,0,0.89,-12.62,-2.22,-0.079,0.114,0.006,1.000,0.100,0.100,0.100,1,49.3,100.8,763,802,16,115,0
5.38,climb_cruise,444.6,444.6,34961.9,-693,-1.43,-36.55,351.06,2.75,15.0,125.0,0,0,0.90,-12.63,-2.23,-0.079,0.114,0.006,1.000,0.100,0.100,0.100,1,49.2,100.8,763,802,16,114,0
5.40,climb_cruise,444.5,444.5,34961.7,-696,-1.44,-36.80,351.02,2.77,15.0,125.0,0,0,0.90,-12.64,-2.24,-0.079,0.114,0.006,1.000,0.100,0.100,0.100,1,49.1,100.8,763,802,16,115,0
5.42,climb_cruise,444.5,444.5,34961.5,-700,-1.45,-37.05,350.97,2.78,15.0,125.0,0,0,0.91,-12.65,-2.26,-0.079,0.114,0.006,1.000,0.100,0.100,0.100,1,49.0,100.8,763,802,16,115,0
5.44,climb_cruise,444.5,444.5,34961.2,-703,-1.46,-37.30,350.92,2.80,15.0,125.0,0,0,0.91,-12.65,-2.27,-0.079,0.114,0.006,1.000,0.100,0.100,0.100,1,48.9,100.8,763,802,16,116,0
5.46,climb_cruise,444.5,444.5,34961.0,-707,-1.48,-37.55,350.88,2.82,15.0,125.0,0,0,0.91,-12.66,-2.28,-0.079,0.114,0.006,1.000,0.100,0.100,0.100,1,48.8,100.9,763,802,16,115,0
5.48,climb_cruise,444.5,444.5,34960.7,-710,-1.49,-37.81,350.83,2.84,15.0,125.0,0,0,0.92,-12.67,-2.29,-0.079,0.114,0.006,1.000,0.100,0.100,0.100,1,48.7,100.9,763,802,16,115,0
5.50,climb_cruise,444.4,444.4,34960.5,-714,-1.51,-38.06,350.78,2.86,15.0,125.0,0,0,0.92,-12.68,-2.31,-0.079,0.114,0.006,1.000,0.100,0.100,0.100,1,48.6,100.9,763,802,16,115,0
5.52,climb_cruise,444.4,444.4,34960.3,-717,-1.52,-38.31,350.73,2.88,15.0,125.0,0,0,0.92,-12.69,-2.32,-0.079,0.114,0.006,1.000,0.100,0.100,0.100,1,48.5,100.9,763,802,16,115,0
5.54,climb_cruise,444.4,444.4,34960.0,-721,-1.53,-38.56,350.69,2.90,15.0,125.0,0,0,0.93,-12.70,-2.33,-0.079,0.114,0.006,1.000,0.100,0.100,0.100,1,48.4,100.9,763,802,16,115,0
5.56,climb_cruise,444.4,444.4,34959.8,-725,-1.55,-38.82,350.64,2.92,15.0,125.0,0,0,0.94,-12.71,-2.34,-0.079,0.114,0.006,1.000,0.100,0.100,0.100,1,48.3,100.9,763,802,16,114,0
5.58,climb_cruise,444.4,444.4,34959.5,-729,-1.56,-39.07,350.59,2.93,15.0,125.0,0,0,0.94,-12.71,-2.36,-0.079,0.114,0.006,1.000,0.100,0.100,0.100,1,48.2,100.9,763,802,16,115,0
5.60,climb_cruise,444.4,444.4,34959.3,-732,-1.58,-39.32,350.54,2.95,15.0,125.0,0,0,0.95,-12.72,-2.37,-0.079,0.114,0.006,1.000,0.100,0.100,0.100,1,48.1,101.0,763,803,16,116,0
5.62,climb_cruise,444.3,444.3,34959.1,-736,-1.59,-39.58,350.49,2.97,15.0,125.0,0,0,0.96,-12.73,-2.38,-0.079,0.114,0.006,1.000,0.100,0.100,0.100,1,48.0,101.0,763,803,16,115,0
5.64,climb_cruise,444.3,444.3,34958.8,-740,-1.61,-39.83,350.44,2.99,15.0,125.0,0,0,0.97,-12.74,-2.39,-0.079,0.114,0.006,1.000,0.100,0.100,0.100,1,47.9,101.0,763,803,16,114,0
5.66,climb_cruise,444.3,444.3,34958.6,-744,-1.62,-40.08,350.39,3.01,15.0,125.0,0,0,0.98,-12.75,-2.41,-0.079,0.114,0.006,1.000,0.100,0.100,0.100,1,47.8,101.0,763,803,16,116,0
5.68,climb_cruise,444.3,444.3,34958.3,-748,-1.64,-40.34,350.34,3.02,15.0,125.0,0,0,1.00,-12.76,-2.42,-0.079,0.114,0.006,1.000,0.100,0.100,0.100,1,47.7,101.0,763,803,16,115,0
5.70,climb_cruise,444.3,444.3,34958.1,-752,-1.66,-40.59,350.29,3.04,15.0,125.0,0,0,1.01,-12.76,-2.43,-0.079,0.114,0.006,1.000,0.100,0.100,0.100,1,47.6,101.0,763,803,16,115,0
5.72,climb_cruise,444.2,444.2,34957.8,-757,-1.67,-40.84,350.24,3.06,15.0,125.0,0,0,1.02,-12.77,-2.44,-0.079,0.114,0.006,1.000,0.100,0.100,0.100,1,47.5,101.0,763,803,16,115,0
5.74,climb_cruise,444.2,444.2,34957.6,-761,-1.69,-41.10,350.19,3.08,15.0,125.0,0,0,1.04,-12.78,-2.46,-0.079,0.114,0.006,1.000,0.100,0.100,0.100,1,47.4,101.0,763,803,16,115,0
5.76,climb_cruise,444.2,444.2,34957.3,-765,-1.71,-41.35,350.14,3.09,15.0,125.0,0,0,1.05,-12.79,-2.47,-0.079,0.114,0.006,1.000,0.100,0.100,0.100,1,47.3,101.0,763,803,16,115,0
5.78,climb_cruise,444.2,444.2,34957.0,-770,-1.72,-41.61,350.09,3.11,15.0,125.0,0,0,1.07,-12.80,-2.48,-0.079,0.114,0.006,1.000,0.100,0.100,0.100,1,47.2,101.1,763,803,16,115,0
5.80,climb_cruise,444.2,444.2,34956.8,-774,-1.74,-41.86,350.04,3.13,15.0,125.0,0,0,1.08,-12.80,-2.49,-0.079,0.114,0.006,1.000,0.100,0.100,0.100,1,47.2,101.1,763,803,16,115,0
5.82,climb_cruise,444.1,444.1,34956.5,-779,-1.76,-42.11,349.99,3.15,15.0,125.0,0,0,1.10,-12.81,-2.50,-0.079,0.114,0.006,1.000,0.100,0.100,0.100,1,47.1,101.1,763,803,16,115,0
5.84,climb_cruise,444.1,444.1,34956.3,-783,-1.77,-42.37,349.93,3.17,15.0,125.0,0,0,1.11,-12.82,-2.52,-0.079,0.114,0.006,1.000,0.100,0.100,0.100,1,47.0,101.1,763,803,16,114,0
5.86,climb_cruise,444.1,444.1,34956.0,-788,-1.79,-42.62,349.88,3.18,15.0,125.0,0,0,1.13,-12.83,-2.53,-0.079,0.114,0.006,1.000,0.100,0.100,0.100,1,46.9,101.1,763,803,16,115,0
5.88,climb_cruise,444.1,444.1,34955.7,-793,-1.81,-42.88,349.83,3.20,15.0,125.0,0,0,1.14,-12.84,-2.54,-0.079,0.114,0.006,1.000,0.100,0.100,0.100,1,46.8,101.1,763,803,16,114,0
5.90,climb_cruise,444.1,444.1,34955.5,-798,-1.83,-43.13,349.78,3.22,15.0,125.0,0,0,1.16,-12.84,-2.55,-0.079,0.114,0.006,1.000,0.100,0.100,0.100,1,46.7,101.1,763,803,16,115,0
5.92,climb_cruise,444.0,444.0,34955.2,-803,-1.85,-43.39,349.72,3.24,15.0,125.0,0,0,1.17,-12.85,-2.56,-0.079,0.114,0.006,1.000,0.100,0.100,0.100,1,46.6,101.1,763,803,16,115,0
5.94,climb_cruise,444.0,444.0,34954.9,-808,-1.86,-43.64,349.67,3.26,15.0,125.0,0,0,1.18,-12.86,-2.58,-0.079,0.114,0.006,1.000,0.100,0.100,0.100,1,46.5,101.1,763,803,16,114,0
5.96,climb_cruise,444.0,444.0,34954.7,-813,-1.88,-43.90,349.62,3.27,15.0,125.0,0,0,1.20,-12.87,-2.59,-0.079,0.114,0.006,1.000,0.100,0.100,0.100,1,46.4,101.2,763,803,16,115,0
5.98,climb_cruise,444.0,444.0,34954.4,-818,-1.90,-44.16,349.56,3.29,15.0,125.0,0,0,1.21,-12.88,-2.60,-0.079,0.114,0.006,1.000,0.100,0.100,0.100,1,46.3,101.2,763,803,16,114,0
6.00,climb_cruise,444.0,444.0,34954.1,-823,-1.92,-44.41,349.51,3.31,15.0,125.0,0,0,1.23,-12.88,-2.61,-0.079,0.114,0.006,1.000,0.100,0.100,0.100,1,46.2,101.2,763,803,16,115,0
6.02,climb_cruise,443.9,443.9,34953.8,-828,-1.94,-44.67,349.45,3.33,15.0,125.0,0,0,1.24,-12.89,-2.62,-0.079,0.114,0.006,1.000,0.100,0.100,0.100,1,46.1,101.2,763,803,16,115,0
6.04,climb_cruise,443.9,443.9,34953.6,-834,-1.96,-44.92,349.40,3.35,15.0,125.0,0,0,1.25,-12.90,-2.63,-0.079,0.114,0.006,1.000,0.100,0.100,0.100,1,46.0,101.2,763,803,16,116,0
6.06,climb_cruise,443.9,443.9,34953.3,-839,-1.98,-45.18,349.34,3.36,15.0,125.0,0,0,1.27,-12.91,-2.65,-0.079,0.114,0.006,1.000,0.100,0.100,0.100,1,45.9,101.2,763,803,16,114,0
6.08,climb_cruise,443.9,443.9,34953.0,-845,-2.00,-45.44,349.29,3.38,15.0,125.0,0,0,1.28,-12.91,-2.66,-0.079,0.114,0.006,1.000,0.100,0.100,0.100,1,45.9,101.2,763,803,16,115,0
6.10,climb_cruise,443.9,443.9,34952.7,-851,-2.02,-45.69,349.23,3.40,15.0,125.0,0,0,1.29,-12.92,-2.67,-0.079,0.114,0.006,1.000,0.100,0.100,0.100,1,45.8,101.2,763,803,16,115,0
6.12,climb_cruise,443.9,443.9,34952.4,-857,-2.04,-45.95,349.18,3.42,15.0,125.0,0,0,1.31,-12.93,-2.68,-0.079,0.114,0.006,1.000,0.100,0.100,0.100,1,45.7,101.2,763,803,16,115,0
6.14,climb_cruise,443.8,443.8,34952.2,-862,-2.06,-46.21,349.12,3.44,15.0,125.0,0,0,1.32,-12.94,-2.69,-0.079,0.114,0.006,1.000,0.100,0.100,0.100,1,45.6,101.2,763,803,16,115,0
6.16,climb_cruise,443.8,443.8,34951.9,-868,-2.08,-46.46,349.06,3.45,15.0,125.0,0,0,1.34,-12.95,-2.70,-0.079,0.114,0.006,1.000,0.100,0.100,0.100,1,45.5,101.2,763,803,16,116,0
6.18,climb_cruise,443.8,443.8,34951.6,-875,-2.10,-46.72,349.01,3.47,15.0,125.0,0,0,1.35,-12.95,-2.72,-0.079,0.114,0.006,1.000,0.100,0.100,0.100,1,45.4,101.3,763,803,16,114,0
6.20,climb_cruise,443.8,443.8,34951.3,-881,-2.12,-46.98,348.95,3.49,15.0,125.0,0,0,1.36,-12.96,-2.73,-0.079,0.114,0.006,1.000,0.100,0.100,0.100,1,45.3,101.3,763,803,16,115,0
6.22,climb_cruise,443.8,443.8,34951.0,-887,-2.14,-47.23,348.89,3.51,15.0,125.0,0,0,1.38,-12.97,-2.74,-0.079,0.114,0.006,1.000,0.100,0.100,0.100,1,45.2,101.3,763,803,16,115,0
6.24,climb_cruise,443.7,443.7,34950.7,-893,-2.16,-47.49,348.83,3.53,15.0,125.0,0,0,1.39,-12.98,-2.75,-0.079,0.114,0.006,1.000,0.100,0.100,0.100,1,45.1,101.3,763,803,16,116,0
6.26,climb_cruise,443.7,443.7,34950.4,-900,-2.19,-47.75,348.78,3.54,15.0,125.0,0,0,1.40,-12.98,-2.76,-0.079,0.114,0.006,1.000,0.100,0.100,0.100,1,45.0,101.3,763,803,16,115,0
6.28,climb_cruise,443.7,443.7,34950.1,-907,-2.21,-48.01,348.72,3.56,15.0,125.0,0,0,1.42,-12.99,-2.77,-0.079,0.114,0.006,1.000,0.100,0.100,0.100,1,44.9,101.3,763,803,16,114,0
6.30,climb_cruise,443.7,443.7,34949.8,-913,-2.23,-48.26,348.66,3.58,15.0,125.0,0,0,1.43,-13.00,-2.79,-0.079,0.114,0.006,1.000,0.100,0.100,0.100,1,44.9,101.3,763,803,16,115,0
6.32,climb_cruise,443.7,443.7,34949.5,-920,-2.25,-48.52,348.60,3.60,15.0,125.0,0,0,1.45,-13.01,-2.80,-0.079,0.114,0.006,1.000,0.100,0.100,0.100,1,44.8,101.3,763,803,16,115,0
6.34,climb_cruise,443.6,443.6,34949.2,-927,-2.28,-48.78,348.54,3.61,15.0,125.0,0,0,1.46,-13.01,-2.81,-0.079,0.114,0.006,1.000,0.100,0.100,0.100,1,44.7,101.3,763,803,16,115,0
6.36,climb_cruise,443.6,443.6,34948.9,-934,-2.30,-49.04,348.48,3.63,15.0,125.0,0,0,1.48,-13.02,-2.82,-0.079,0.114,0.006,1.000,0.100,0.100,0.100,1,44.6,101.3,763,803,16,115,0
6.38,climb_cruise,443.6,443.6,34948.5,-941,-2.32,-49.29,348.42,3.65,15.0,125.0,0,0,1.49,-13.03,-2.83,-0.079,0.114,0.006,1.000,0.100,0.100,0.100,1,44.5,101.3,763,803,16,114,0
6.40,climb_cruise,443.6,443.6,34948.2,-948,-2.35,-49.55,348.36,3.67,15.0,125.0,0,0,1.50,-13.04,-2.84,-0.079,0.114,0.006,1.000,0.100,0.100,0.100,1,44.4,101.3,763,803,16,115,0
6.42,climb_cruise,443.6,443.6,34947.9,-956,-2.37,-49.81,348.30,3.69,15.0,125.0,0,0,1.52,-13.04,-2.86,-0.079,0.114,0.006,1.000,0.100,0.100,0.100,1,44.3,101.4,763,803,16,114,0
6.44,climb_cruise,443.5,443.5,34947.6,-963,-2.39,-50.07,348.24,3.70,15.0,125.0,0,0,1.53,-13.05,-2.87,-0.079,0.114,0.006,1.000,0.100,0.100,0.100,1,44.2,101.4,763,803,16,115,0
6.46,climb_cruise,443.5,443.5,34947.3,-971,-2.42,-50.33,348.18,3.72,15.0,125.0,0,0,1.55,-13.06,-2.88,-0.079,0.114,0.006,1.000,0.100,0.100,0.100,1,44.1,101.4,763,803,16,116,0
6.48,climb_cruise,443.5,443.5,34946.9,-979,-2.44,-50.59,348.12,3.74,15.0,125.0,0,0,1.56,-13.07,-2.89,-0.079,0.114,0.006,1.000,0.100,0.100,0.100,1,44.1,101.4,763,803,16,115,0
6.50,climb_cruise,443.5,443.5,34946.6,-987,-2.47,-50.85,348.06,3.76,15.0,125.0,0,0,1.58,-13.07,-2.90,-0.079,0.114,0.006,1.000,0.100,0.100,0.100,1,44.0,101.4,763,803,16,114,0
6.52,climb_cruise,443.5,443.5,34946.3,-995,-2.49,-51.10,348.00,3.78,15.0,125.0,0,0,1.59,-13.08,-2.91,-0.079,0.114,0.006,1.000,0.100,0.100,0.100,1,43.9,101.4,763,803,16,116,0
6.54,climb_cruise,443.4,443.4,34946.0,-1003,-2.52,-51.36,347.94,3.79,15.0,125.0,0,0,1.61,-13.09,-2.92,-0.079,0.114,0.006,1.000,0.100,0.100,0.100,1,43.8,101.4,763,803,16,114,0
6.56,climb_cruise,443.4,443.4,34945.6,-1011,-2.54,-51.62,347.88,3.81,15.0,125.0,0,0,1.62,-13.09,-2.93,-0.079,0.114,0.006,1.000,0.100,0.100,0.100,1,43.7,101.4,763,803,16,114,0
6.58,climb_cruise,443.4,443.4,34945.3,-1019,-2.57,-51.88,347.81,3.83,15.0,125.0,0,0,1.64,-13.10,-2.95,-0.079,0.114,0.006,1.000,0.100,0.100,0.100,1,43.6,101.4,763,803,16,116,0
6.60,climb_cruise,443.4,443.4,34944.9,-1028,-2.60,-52.14,347.75,3.85,15.0,125.0,0,0,1.65,-13.11,-2.96,-0.079,0.114,0.006,1.000,0.100,0.100,0.100,1,43.5,101.4,763,803,16,116,0
6.62,climb_cruise,443.4,443.4,34944.6,-1036,-2.62,-52.40,347.69,3.86,15.0,125.0,0,0,1.67,-13.12,-2.97,-0.079,0.114,0.007,1.000,0.100,0.100,0.100,1,43.4,101.4,763,803,16,115,0
6.64,climb_cruise,443.3,443.3,34944.2,-1045,-2.65,-52.66,347.63,3.88,15.0,125.0,0,0,1.68,-13.12,-2.98,-0.079,0.114,0.007,1.000,0.100,0.100,0.100,1,43.4,101.4,763,803,16,115,0
6.66,climb_cruise,443.3,443.3,34943.9,-1054,-2.68,-52.92,347.56,3.90,15.0,125.0,0,0,1.70,-13.13,-2.99,-0.079,0.114,0.007,1.000,0.100,0.100,0.100,1,43.3,101.4,763,803,16,115,0
6.68,climb_cruise,443.3,443.3,34943.5,-1063,-2.70,-53.18,347.50,3.92,15.0,125.0,0,0,1.71,-13.14,-3.00,-0.079,0.114,0.007,1.000,0.100,0.100,0.100,1,43.2,101.4,763,803,16,114,0
6.70,climb_cruise,443.3,443.3,34943.2,-1072,-2.73,-53.44,347.44,3.94,15.0,125.0,0,0,1.73,-13.15,-3.01,-0.079,0.114,0.007,1.000,0.100,0.100,0.100,1,43.1,101.5,763,803,16,115,0
6.72,climb_cruise,443.3,443.3,34942.8,-1082,-2.76,-53.70,347.37,3.95,15.0,125.0,0,0,1.74,-13.15,-3.02,-0.079,0.114,0.007,1.000,0.100,0.100,0.100,1,43.0,101.5,763,803,16,114,0
6.74,climb_cruise,443.2,443.2,34942.5,-1091,-2.79,-53.96,347.31,3.97,15.0,125.0,0,0,1.76,-13.16,-3.04,-0.079,0.114,0.007,1.000,0.100,0.100,0.100,1,42.9,101.5,763,803,16,114,0
6.76,climb_cruise,443.2,443.2,34942.1,-1101,-2.82,-54.22,347.24,3.99,15.0,125.0,0,0,1.77,-13.17,-3.05,-0.079,0.114,0.007,1.000,0.100,0.100,0.100,1,42.8,101.5,763,803,16,114,0
6.78,climb_cruise,443.2,443.2,34941.7,-1110,-2.85,-54.48,347.18,4.01,15.0,125.0,0,0,1.79,-13.17,-3.06,-0.079,0.114,0.007,1.000,0.100,0.100,0.100,1,42.8,101.5,763,803,16,115,0
6.80,climb_cruise,443.2,443.2,34941.4,-1120,-2.87,-54.74,347.12,4.02,15.0,125.0,0,0,1.80,-13.18,-3.07,-0.079,0.114,0.007,1.000,0.100,0.100,0.100,1,42.7,101.5,763,803,16,114,0
6.82,climb_cruise,443.2,443.2,34941.0,-1130,-2.90,-55.00,347.05,4.04,15.0,125.0,0,0,1.82,-13.19,-3.08,-0.079,0.114,0.007,1.000,0.100,0.100,0.100,1,42.6,101.5,763,803,16,115,0
6.84,climb_cruise,443.2,443.2,34940.6,-1140,-2.93,-55.26,346.98,4.06,15.0,125.0,0,0,1.83,-13.20,-3.09,-0.079,0.114,0.007,1.000,0.100,0.100,0.100,1,42.5,101.5,763,803,16,116,0
6.86,climb_cruise,443.1,443.1,34940.2,-1151,-2.96,-55.52,346.92,4.08,15.0,125.0,0,0,1.85,-13.20,-3.10,-0.079,0.114,0.007,1.000,0.100,0.100,0.100,1,42.4,101.5,763,803,16,116,0
6.88,climb_cruise,443.1,443.1,34939.8,-1161,-2.99,-55.78,346.85,4.10,15.0,125.0,0,0,1.86,-13.21,-3.11,-0.079,0.114,0.007,1.000,0.100,0.100,0.100,1,42.3,101.5,763,803,16,116,0
6.90,climb_cruise,443.1,443.1,34939.4,-1172,-3.02,-56.04,346.79,4.11,15.0,125.0,0,0,1.88,-13.22,-3.12,-0.079,0.114,0.007,1.000,0.100,0.100,0.100,1,42.2,101.5,763,803,16,115,0
6.92,climb_cruise,443.1,443.1,34939.1,-1182,-3.06,-56.30,346.72,4.13,15.0,125.0,0,0,1.89,-13.22,-3.13,-0.079,0.114,0.007,1.000,0.100,0.100,0.100,1,42.2,101.5,763,803,16,115,0
6.94,climb_cruise,443.1,443.1,34938.7,-1193,-3.09,-56.56,346.65,4.15,15.0,125.0,0,0,1.91,-13.23,-3.14,-0.079,0.114,0.007,1.000,0.100,0.100,0.100,1,42.1,101.5,763,803,16,116,0
6.96,climb_cruise,443.0,443.0,34938.3,-1204,-3.12,-56.83,346.59,4.17,15.0,125.0,0,0,1.93,-13.24,-3.15,-0.079,0.114,0.007,1.000,0.100,0.100,0.100,1,42.0,101.5,763,803,16,116,0
6.98,climb_cruise,443.0,443.0,34937.9,-1216,-3.15,-57.09,346.52,4.18,15.0,125.0,0,0,1.94,-13.25,-3.17,-0.079,0.114,0.007,1.000,0.100,0.100,0.100,1,41.9,101.5,763,803,16,115,0
7.00,climb_cruise,443.0,443.0,34937.5,-1227,-3.18,-57.35,346.45,4.20,15.0,125.0,0,0,1.96,-13.25,-3.18,-0.079,0.114,0.007,1.000,0.100,0.100,0.100,1,41.8,101.5,763,803,16,116,0
7.02,climb_cruise,443.0,443.0,34937.0,-1239,-3.21,-57.61,346.39,4.22,15.0,125.0,0,0,1.97,-13.26,-3.19,-0.079,0.114,0.007,1.000,0.100,0.100,0.100,1,41.7,101.5,763,803,16,114,0
7.04,climb_cruise,443.0,443.0,34936.6,-1250,-3.25,-57.87,346.32,4.24,15.0,125.0,0,0,1.99,-13.27,-3.20,-0.079,0.114,0.007,1.000,0.100,0.100,0.100,1,41.7,101.6,763,803,16,116,0
7.06,climb_cruise,442.9,442.9,34936.2,-1262,-3.28,-58.13,346.25,4.26,15.0,125.0,0,0,2.00,-13.27,-3.21,-0.079,0.114,0.007,1.000,0.100,0.100,0.100,1,41.6,101.6,763,803,16,115,0
7.08,climb_cruise,442.9,442.9,34935.8,-1274,-3.31,-58.39,346.18,4.27,15.0,125.0,0,0,2.02,-13.28,-3.22,-0.079,0.114,0.007,1.000,0.100,0.100,0.100,1,41.5,101.6,763,803,16,115,0
7.10,climb_cruise,442.9,442.9,34935.4,-1287,-3.35,-58.66,346.11,4.29,15.0,125.0,0,0,2.04,-13.29,-3.23,-0.079,0.114,0.007,1.000,0.100,0.100,0.100,1,41.4,101.6,763,803,16,114,0
7.12,climb_cruise,442.9,442.9,34934.9,-1299,-3.38,-58.92,346.05,4.31,15.0,125.0,0,0,2.05,-13.30,-3.24,-0.079,0.114,0.007,1.000,0.100,0.100,0.100,1,41.3,101.6,763,803,16,115,0
7.14,climb_cruise,442.9,442.9,34934.5,-1311,-3.42,-59.18,345.98,4.33,15.0,125.0,0,0,2.07,-13.30,-3.25,-0.079,0.114,0.007,1.000,0.100,0.100,0.100,1,41.2,101.6,763,803,16,116,0
7.16,climb_cruise,442.8,442.8,34934.1,-1324,-3.45,-59.44,345.91,4.34,15.0,125.0,0,0,2.08,-13.31,-3.26,-0.079,0.114,0.007,1.000,0.100,0.100,0.100,1,41.2,101.6,763,803,16,115,0
7.18,climb_cruise,442.8,442.8,34933.6,-1337,-3.49,-59.70,345.84,4.36,15.0,125.0,0,0,2.10,-13.32,-3.27,-0.079,0.114,0.007,1.000,0.100,0.100,0.100,1,41.1,101.6,763,803,16,115,0
7.20,climb_cruise,442.8,442.8,34933.2,-1350,-3.52,-59.97,345.77,4.38,15.0,125.0,0,0,2.11,-13.32,-3.28,-0.079,0.114,0.007,1.000,0.100,0.100,0.100,1,41.0,101.6,763,803,16,115,0
7.22,climb_cruise,442.8,442.8,34932.7,-1363,-3.56,-60.23,345.70,4.40,15.0,125.0,0,0,2.13,-13.33,-3.29,-0.079,0.114,0.007,1.000,0.100,0.100,0.100,1,40.9,101.6,763,803,16,115,0
7.24,climb_cruise,442.8,442.8,34932.3,-1377,-3.59,-60.49,345.63,4.41,15.0,125.0,0,0,2.15,-13.34,-3.30,-0.079,0.114,0.007,1.000,0.100,0.100,0.100,1,40.8,101.6,763,803,16,116,0
7.26,climb_cruise,442.8,442.8,34931.8,-1390,-3.63,-60.75,345.56,4.43,15.0,125.0,0,0,2.16,-13.35,-3.31,-0.079,0.114,0.007,1.000,0.100,0.100,0.100,1,40.7,101.6,763,803,16,115,0
7.28,climb_cruise,442.7,442.7,34931.3,-1404,-3.67,-61.02,345.49,4.45,15.0,125.0,0,0,2.18,-13.35,-3.32,-0.079,0.114,0.007,1.000,0.100,0.100,0.100,1,40.7,101.6,763,803,16,115,0
7.30,climb_cruise,442.7,442.7,34930.9,-1418,-3.70,-61.28,345.42,4.47,15.0,125.0,0,0,2.19,-13.36,-3.33,-0.079,0.114,0.007,1.000,0.100,0.100,0.100,1,40.6,101.6,763,803,16,115,0
7.32,climb_cruise,442.7,442.7,34930.4,-1432,-3.74,-61.54,345.35,4.49,15.0,125.0,0,0,2.21,-13.37,-3.34,-0.079,0.114,0.007,1.000,0.100,0.100,0.100,1,40.5,101.6,763,803,16,114,0
7.34,climb_cruise,442.7,442.7,34929.9,-1447,-3.78,-61.80,345.28,4.50,15.0,125.0,0,0,2.23,-13.37,-3.35,-0.079,0.114,0.007,1.000,0.100,0.100,0.100,1,40.4,101.6,763,803,16,114,0
7.36,climb_cruise,442.7,442.7,34929.4,-1461,-3.82,-62.07,345.21,4.52,15.0,125.0,0,0,2.24,-13.38,-3.36,-0.079,0.114,0.007,1.000,0.100,0.100,0.100,1,40.3,101.6,763,803,16,115,0
7.38,climb_cruise,442.6,442.6,34928.9,-1476,-3.86,-62.33,345.13,4.54,15.0,125.0,0,0,2.26,-13.39,-3.37,-0.079,0.114,0.007,1.000,0.100,0.100,0.100,1,40.3,101.6,763,803,16,114,0
7.40,climb_cruise,442.6,442.6,34928.4,-1491,-3.89,-62.59,345.06,4.56,15.0,125.0,0,0,2.28,-13.39,-3.38,-0.079,0.114,0.007,1.000,0.100,0.100,0.100,1,40.2,101.6,763,803,16,116,0
7.42,climb_cruise,442.6,442.6,34927.9,-1506,-3.93,-62.85,344.99,4.57,15.0,125.0,0,0,2.29,-13.40,-3.39,-0.079,0.114,0.007,1.000,0.100,0.100,0.100,1,40.1,101.6,763,803,16,114,0
7.44,climb_cruise,442.6,442.6,34927.4,-1521,-3.97,-63.12,344.92,4.59,15.0,125.0,0,0,2.31,-13.41,-3.40,-0.079,0.114,0.007,1.000,0.100,0.100,0.100,1,40.0,101.6,763,803,16,115,0
7.46,climb_cruise,442.6,442.6,34926.9,-1536,-4.01,-63.38,344.85,4.61,15.0,125.0,0,0,2.32,-13.42,-3.41,-0.079,0.114,0.007,1.000,0.100,0.100,0.100,1,39.9,101.7,763,803,16,115,0
7.48,climb_cruise,442.6,442.6,34926.4,-1552,-4.05,-63.64,344.77,4.63,15.0,125.0,0,0,2.34,-13.42,-3.42,-0.079,0.114,0.007,1.000,0.100,0.100,0.100,1,39.9,101.7,763,804,16,115,0
7.50,climb_cruise,442.5,442.5,34925.9,-1568,-4.09,-63.91,344.70,4.64,15.0,125.0,0,0,2.36,-13.43,-3.43,-0.079,0.114,0.007,1.000,0.100,0.100,0.100,1,39.8,101.7,763,804,16,115,0
7.52,climb_cruise,442.5,442.5,34925.4,-1584,-4.14,-64.17,344.63,4.66,15.0,125.0,0,0,2.37,-13.44,-3.44,-0.079,0.114,0.007,1.000,0.100,0.100,0.100,1,39.7,101.7,763,804,16,116,0
7.54,climb_cruise,442.5,442.5,34924.8,-1600,-4.18,-64.43,344.56,4.68,15.0,125.0,0,0,2.39,-13.44,-3.45,-0.079,0.114,0.007,1.000,0.100,0.100,0.100,1,39.6,101.7,763,804,16,115,0
7.56,climb_cruise,442.5,442.5,34924.3,-1617,-4.22,-64.70,344.48,4.70,15.0,125.0,0,0,2.41,-13.45,-3.46,-0.079,0.114,0.007,1.000,0.100,0.100,0.100,1,39.5,101.7,763,804,16,116,0
7.58,climb_cruise,442.5,442.5,34923.7,-1633,-4.26,-64.96,344.41,4.71,15.0,125.0,0,0,2.42,-13.46,-3.47,-0.079,0.114,0.007,1.000,0.100,0.100,0.100,1,39.5,101.7,763,804,16,114,0
7.60,climb_cruise,442.4,442.4,34923.2,-1650,-4.30,-65.23,344.34,4.73,15.0,125.0,0,0,2.44,-13.46,-3.48,-0.079,0.114,0.007,1.000,0.100,0.100,0.100,1,39.4,101.7,763,804,16,114,0
7.62,climb_cruise,442.4,442.4,34922.6,-1667,-4.35,-65.49,344.26,4.75,15.0,125.0,0,0,2.46,-13.47,-3.49,-0.079,0.114,0.007,1.000,0.100,0.100,0.100,1,39.3,101.7,763,804,16,115,0
7.64,climb_cruise,442.4,442.4,34922.1,-1684,-4.39,-65.75,344.19,4.77,15.0,125.0,0,0,2.47,-13.48,-3.50,-0.079,0.114,0.007,1.000,0.100,0.100,0.100,1,39.2,101.7,763,804,16,114,0
7.66,climb_cruise,442.4,442.4,34921.5,-1702,-4.43,-66.02,344.11,4.78,15.0,125.0,0,0,2.49,-13.48,-3.51,-0.079,0.114,0.007,1.000,0.100,0.100,0.100,1,39.1,101.7,763,804,16,115,0
7.68,climb_cruise,442.4,442.4,34921.0,-1720,-4.48,-66.28,344.04,4.80,15.0,125.0,0,0,2.51,-13.49,-3.52,-0.079,0.114,0.007,1.000,0.100,0.100,0.100,1,39.1,101.7,763,804,16,116,0
7.70,climb_cruise,442.4,442.4,34920.4,-1737,-4.52,-66.55,343.96,4.82,15.0,125.0,0,0,2.52,-13.50,-3.52,-0.079,0.114,0.007,1.000,0.100,0.100,0.100,1,39.0,101.7,763,804,16,114,0
7.72,climb_cruise,442.3,442.3,34919.8,-1755,-4.57,-66.81,343.89,4.84,15.0,125.0,0,0,2.54,-13.51,-3.53,-0.079,0.114,0.007,1.000,0.100,0.100,0.100,1,38.9,101.7,763,804,16,116,0
7.74,climb_cruise,442.3,442.3,34919.2,-1774,-4.61,-67.07,343.81,4.85,15.0,125.0,0,0,2.56,-13.51,-3.54,-0.079,0.114,0.007,1.000,0.100,0.100,0.100,1,38.8,101.7,763,804,16,114,0
7.76,climb_cruise,442.3,442.3,34918.6,-1792,-4.66,-67.34,343.74,4.87,15.0,125.0,0,0,2.57,-13.52,-3.55,-0.079,0.114,0.007,1.000,0.100,0.100,0.100,1,38.8,101.7,763,804,16,115,0
7.78,climb_cruise,442.3,442.3,34918.0,-1811,-4.70,-67.60,343.66,4.89,15.0,125.0,0,0,2.59,-13.53,-3.56,-0.079,0.114,0.007,1.000,0.100,0.100,0.100,1,38.7,101.7,763,804,16,115,0
7.80,climb_cruise,442.3,442.3,34917.4,-1830,-4.75,-67.87,343.59,4.91,15.0,125.0,0,0,2.61,-13.53,-3.57,-0.079,0.114,0.007,1.000,0.100,0.100,0.100,1,38.6,101.7,763,804,16,115,0
7.82,climb_cruise,442.3,442.3,34916.8,-1849,-4.80,-68.13,343.51,4.93,15.0,125.0,0,0,2.62,-13.54,-3.58,-0.079,0.114,0.007,1.000,0.100,0.100,0.100,1,38.5,101.7,763,804,16,114,0
7.84,climb_cruise,442.2,442.2,34916.2,-1869,-4.84,-68.40,343.44,4.94,15.0,125.0,0,0,2.64,-13.55,-3.59,-0.079,0.114,0.007,1.000,0.100,0.100,0.100,1,38.5,101.7,763,804,16,115,0
7.86,climb_cruise,442.2,442.2,34915.6,-1888,-4.89,-68.66,343.36,4.96,15.0,125.0,0,0,2.66,-13.55,-3.60,-0.079,0.114,0.007,1.000,0.100,0.100,0.100,1,38.4,101.7,763,804,16,116,0
7.88,climb_cruise,442.2,442.2,34914.9,-1908,-4.94,-68.92,343.29,4.98,15.0,125.0,0,0,2.67,-13.56,-3.61,-0.079,0.114,0.007,1.000,0.100,0.100,0.100,1,38.3,101.7,763,804,16,116,0
7.90,climb_cruise,442.2,442.2,34914.3,-1928,-4.99,-69.19,343.21,5.00,15.0,125.0,0,0,2.69,-13.57,-3.62,-0.079,0.114,0.007,1.000,0.100,0.100,0.100,1,38.2,101.7,763,804,16,115,0
7.92,climb_cruise,442.2,442.2,34913.6,-1948,-5.03,-69.45,343.13,5.01,15.0,125.0,0,0,2.71,-13.57,-3.62,-0.079,0.114,0.007,1.000,0.100,0.100,0.100,1,38.1,101.7,763,804,16,115,0
7.94,climb_cruise,442.2,442.2,34913.0,-1969,-5.08,-69.72,343.06,5.03,15.0,125.0,0,0,2.73,-13.58,-3.63,-0.079,0.114,0.007,1.000,0.100,0.100,0.100,1,38.1,101.7,763,804,16,115,0
7.96,climb_cruise,442.1,442.1,34912.3,-1990,-5.13,-69.98,342.98,5.05,15.0,125.0,0,0,2.74,-13.59,-3.64,-0.079,0.114,0.007,1.000,0.100,0.100,0.100,1,38.0,101.7,763,804,16,116,0
7.98,climb_cruise,442.1,442.1,34911.7,-2010,-5.18,-70.25,342.90,5.07,15.0,125.0,0,0,2.76,-13.59,-3.65,-0.079,0.114,0.007,1.000,0.100,0.100,0.100,1,37.9,101.7,763,804,16,116,0
8.00,climb_cruise,442.1,442.1,34911.0,-2032,-5.23,-70.51,342.83,5.08,15.0,125.0,0,0,2.78,-13.60,-3.66,-0.079,0.114,0.007,1.000,0.100,0.100,0.100,1,37.8,101.7,763,804,16,116,0
8.02,climb_cruise,442.1,442.1,34910.3,-2053,-5.28,-70.78,342.75,5.10,15.0,125.0,0,0,2.79,-13.61,-3.67,-0.079,0.114,0.007,1.000,0.100,0.100,0.100,1,37.8,101.8,763,804,16,116,0
8.04,climb_cruise,442.1,442.1,34909.6,-2075,-5.33,-71.04,342.67,5.12,15.0,125.0,0,0,2.81,-13.61,-3.68,-0.079,0.114,0.007,1.000,0.100,0.100,0.100,1,37.7,101.8,763,804,16,116,0
8.06,climb_cruise,442.1,442.1,34908.9,-2097,-5.39,-71.31,342.59,5.14,15.0,125.0,0,0,2.83,-13.62,-3.68,-0.079,0.114,0.007,1.000,0.100,0.100,0.100,1,37.6,101.8,763,804,16,115,0
8.08,climb_cruise,442.0,442.0,34908.2,-2119,-5.44,-71.57,342.52,5.15,15.0,125.0,0,0,2.85,-13.63,-3.69,-0.079,0.114,0.007,1.000,0.100,0.100,0.100,1,37.5,101.8,763,804,16,116,0
8.10,climb_cruise,442.0,442.0,34907.5,-2141,-5.49,-71.84,342.44,5.17,15.0,125.0,0,0,2.86,-13.63,-3.70,-0.079,0.114,0.007,1.000,0.100,0.100,0.100,1,37.5,101.8,763,804,16,116,0
8.12,climb_cruise,442.0,442.0,34906.8,-2164,-5.54,-72.10,342.36,5.19,15.0,125.0,0,0,2.88,-13.64,-3.71,-0.079,0.114,0.007,1.000,0.100,0.100,0.100,1,37.4,101.8,763,804,16,115,0
8.14,climb_cruise,442.0,442.0,34906.1,-2187,-5.60,-72.37,342.28,5.21,15.0,125.0,0,0,2.90,-13.65,-3.72,-0.079,0.114,0.007,1.000,0.100,0.100,0.100,1,37.3,101.8,763,804,16,115,0
8.16,climb_cruise,442.0,442.0,34905.3,-2210,-5.65,-72.63,342.20,5.22,15.0,125.0,0,0,2.91,-13.65,-3.73,-0.079,0.114,0.007,1.000,0.100,0.100,0.100,1,37.2,101.8,763,804,16,114,0
8.18,climb_cruise,442.0,442.0,34904.6,-2233,-5.70,-72.90,342.13,5.24,15.0,125.0,0,0,2.93,-13.66,-3.73,-0.079,0.114,0.007,1.000,0.100,0.100,0.100,1,37.2,101.8,763,804,16,115,0
8.20,climb_cruise,442.0,442.0,34903.8,-2257,-5.76,-73.17,342.05,5.26,15.0,125.0,0,0,2.95,-13.67,-3.74,-0.079,0.114,0.007,1.000,0.100,0.100,0.100,1,37.1,101.8,763,804,16,115,0
8.22,climb_cruise,441.9,441.9,34903.1,-2280,-5.81,-73.43,341.97,5.28,15.0,125.0,0,0,2.97,-13.67,-3.75,-0.079,0.114,0.007,1.000,0.100,0.100,0.100,1,37.0,101.8,763,804,16,114,0
8.24,climb_cruise,441.9,441.9,34902.3,-2304,-5.87,-73.70,341.89,5.29,15.0,125.0,0,0,2.98,-13.68,-3.76,-0.079,0.114,0.008,1.000,0.100,0.100,0.100,1,36.9,101.8,763,804,16,114,0
8.26,climb_cruise,441.9,441.9,34901.6,-2329,-5.92,-73.96,341.81,5.31,15.0,125.0,0,0,3.00,-13.69,-3.77,-0.079,0.114,0.008,1.000,0.100,0.100,0.100,1,36.9,101.8,763,804,16,115,0
8.28,climb_cruise,441.9,441.9,34900.8,-2353,-5.98,-74.23,341.73,5.33,15.0,125.0,0,0,3.02,-13.69,-3.77,-0.079,0.114,0.008,1.000,0.100,0.100,0.100,1,36.8,101.8,763,804,16,115,0
8.30,climb_cruise,441.9,441.9,34900.0,-2378,-6.04,-74.49,341.65,5.35,15.0,125.0,0,0,3.04,-13.70,-3.78,-0.079,0.114,0.008,1.000,0.100,0.100,0.100,1,36.7,101.8,763,804,16,116,0
8.32,climb_cruise,441.9,441.9,34899.2,-2403,-6.09,-74.76,341.57,5.36,15.0,125.0,0,0,3.05,-13.71,-3.79,-0.079,0.114,0.008,1.000,0.100,0.100,0.100,1,36.6,101.8,763,804,16,116,0
8.34,climb_cruise,441.9,441.9,34898.4,-2428,-6.15,-75.02,341.49,5.38,15.0,125.0,0,0,3.07,-13.71,-3.80,-0.079,0.114,0.008,1.000,0.100,0.100,0.100,1,36.6,101.8,763,804,16,115,0
8.36,climb_cruise,441.8,441.8,34897.6,-2454,-6.21,-75.29,341.42,5.40,15.0,125.0,0,0,3.09,-13.72,-3.81,-0.079,0.114,0.008,1.000,0.100,0.100,0.100,1,36.5,101.8,763,804,16,114,0
8.38,climb_cruise,441.8,441.8,34896.8,-2480,-6.27,-75.56,341.34,5.42,15.0,125.0,0,0,3.11,-13.73,-3.81,-0.079,0.114,0.008,1.000,0.100,0.100,0.100,1,36.4,101.8,763,804,16,115,0
8.40,climb_cruise,441.8,441.8,34895.9,-2506,-6.32,-75.82,341.26,5.43,15.0,125.0,0,0,3.12,-13.73,-3.82,-0.079,0.114,0.008,1.000,0.100,0.100,0.100,1,36.4,101.8,763,804,16,116,0
8.42,climb_cruise,441.8,441.8,34895.1,-2532,-6.38,-76.09,341.18,5.45,15.0,125.0,0,0,3.14,-13.74,-3.83,-0.079,0.114,0.008,1.000,0.100,0.100,0.100,1,36.3,101.8,763,804,16,114,0
8.44,climb_cruise,441.8,441.8,34894.2,-2559,-6.44,-76.35,341.10,5.47,15.0,125.0,0,0,3.16,-13.75,-3.84,-0.079,0.114,0.008,1.000,0.100,0.100,0.100,1,36.2,101.8,763,804,16,115,0
8.46,climb_cruise,441.8,441.8,34893.4,-2586,-6.50,-76.62,341.02,5.49,15.0,125.0,0,0,3.18,-13.75,-3.84,-0.079,0.114,0.008,1.000,0.100,0.100,0.100,1,36.1,101.8,763,804,16,115,0
8.48,climb_cruise,441.8,441.8,34892.5,-2613,-6.56,-76.89,340.94,5.50,15.0,125.0,0,0,3.19,-13.76,-3.85,-0.079,0.114,0.008,1.000,0.100,0.100,0.100,1,36.1,101.8,763,804,16,114,0
8.50,climb_cruise,441.8,441.8,34891.6,-2640,-6.62,-77.15,340.86,5.52,15.0,125.0,0,0,3.21,-13.77,-3.86,-0.079,0.114,0.008,1.000,0.100,0.100,0.100,1,36.0,101.8,763,804,16,115,0
8.52,climb_cruise,441.7,441.7,34890.8,-2668,-6.68,-77.42,340.77,5.54,15.0,125.0,0,0,3.23,-13.77,-3.87,-0.079,0.114,0.008,1.000,0.100,0.100,0.100,1,35.9,101.8,763,804,16,114,0
8.54,climb_cruise,441.7,441.7,34889.9,-2696,-6.75,-77.68,340.69,5.56,15.0,125.0,0,0,3.25,-13.78,-3.87,-0.079,0.114,0.008,1.000,0.100,0.100,0.100,1,35.9,101.8,763,804,16,114,0
8.56,climb_cruise,441.7,441.7,34889.0,-2724,-6.81,-77.95,340.61,5.57,15.0,125.0,0,0,3.27,-13.79,-3.88,-0.079,0.114,0.008,1.000,0.100,0.100,0.100,1,35.8,101.8,763,804,16,115,0
8.58,climb_cruise,441.7,441.7,34888.0,-2752,-6.87,-78.22,340.53,5.59,15.0,125.0,0,0,3.28,-13.79,-3.89,-0.079,0.114,0.008,1.000,0.100,0.100,0.100,1,35.7,101.8,763,804,16,115,0
8.60,climb_cruise,441.7,441.7,34887.1,-2781,-6.93,-78.48,340.45,5.61,15.0,125.0,0,0,3.30,-13.80,-3.89,-0.079,0.114,0.008,1.000,0.100,0.100,0.100,1,35.6,101.8,763,804,16,114,0
8.62,climb_cruise,441.7,441.7,34886.2,-2810,-7.00,-78.75,340.37,5.63,15.0,125.0,0,0,3.32,-13.81,-3.90,-0.079,0.114,0.008,1.000,0.100,0.100,0.100,1,35.6,101.8,763,804,16,115,0
8.64,climb_cruise,441.7,441.7,34885.3,-2839,-7.06,-79.02,340.29,5.64,15.0,125.0,0,0,3.34,-13.81,-3.91,-0.079,0.114,0.008,1.000,0.100,0.100,0.100,1,35.5,101.8,763,804,16,115,0
8.66,climb_cruise,441.7,441.7,34884.3,-2869,-7.12,-79.28,340.21,5.66,15.0,125.0,0,0,3.35,-13.82,-3.92,-0.079,0.114,0.008,1.000,0.100,0.100,0.100,1,35.4,101.8,763,804,16,115,0
8.68,climb_cruise,441.6,441.6,34883.3,-2899,-7.19,-79.55,340.13,5.68,15.0,125.0,0,0,3.37,-13.83,-3.92,-0.079,0.114,0.008,1.000,0.100,0.100,0.100,1,35.4,101.8,763,804,16,115,0
8.70,climb_cruise,441.6,441.6,34882.4,-2929,-7.25,-79.81,340.05,5.70,15.0,125.0,0,0,3.39,-13.83,-3.93,-0.079,0.114,0.008,1.000,0.100,0.100,0.100,1,35.3,101.8,763,804,16,114,0
8.72,climb_cruise,441.6,441.6,34881.4,-2959,-7.32,-80.08,339.97,5.71,15.0,125.0,0,0,3.41,-13.84,-3.94,-0.079,0.114,0.008,1.000,0.100,0.100,0.100,1,35.2,101.8,763,804,16,115,0
8.74,climb_cruise,441.6,441.6,34880.4,-2990,-7.39,-80.35,339.88,5.73,15.0,125.0,0,0,3.43,-13.84,-3.94,-0.079,0.114,0.008,1.000,0.100,0.100,0.100,1,35.1,101.8,763,804,16,115,0
8.76,climb_cruise,441.6,441.6,34879.4,-3021,-7.45,-80.61,339.80,5.75,15.0,125.0,0,0,3.44,-13.85,-3.95,-0.079,0.114,0.008,1.000,0.100,0.100,0.100,1,35.1,101.8,763,804,16,114,0
8.78,climb_cruise,441.6,441.6,34878.4,-3052,-7.52,-80.88,339.72,5.76,15.0,125.0,0,0,3.46,-13.86,-3.96,-0.079,0.114,0.008,1.000,0.100,0.100,0.100,1,35.0,101.8,763,804,16,116,0
8.80,climb_cruise,441.6,441.6,34877.4,-3083,-7.59,-81.15,339.64,5.78,15.0,125.0,0,0,3.48,-13.86,-3.96,-0.079,0.114,0.008,1.000,0.100,0.100,0.100,1,34.9,101.8,763,804,16,116,0
8.82,climb_cruise,441.6,441.6,34876.3,-3115,-7.65,-81.41,339.56,5.80,15.0,125.0,0,0,3.50,-13.87,-3.97,-0.079,0.114,0.008,1.000,0.100,0.100,0.100,1,34.9,101.8,763,804,16,115,0
8.84,climb_cruise,441.6,441.6,34875.3,-3147,-7.72,-81.68,339.48,5.82,15.0,125.0,0,0,3.52,-13.88,-3.98,-0.079,0.114,0.008,1.000,0.100,0.100,0.100,1,34.8,101.8,763,804,16,115,0
8.86,climb_cruise,441.6,441.6,34874.2,-3180,-7.79,-81.95,339.39,5.83,15.0,125.0,0,0,3.53,-13.88,-3.98,-0.079,0.114,0.008,1.000,0.100,0.100,0.100,1,34.7,101.8,763,804,16,116,0
8.88,climb_cruise,441.5,441.5,34873.2,-3212,-7.86,-82.21,339.31,5.85,15.0,125.0,0,0,3.55,-13.89,-3.99,-0.079,0.114,0.008,1.000,0.100,0.100,0.100,1,34.7,101.9,763,804,16,115,0
8.90,climb_cruise,441.5,441.5,34872.1,-3245,-7.93,-82.48,339.23,5.87,15.0,125.0,0,0,3.57,-13.90,-3.99,-0.079,0.114,0.008,1.000,0.100,0.100,0.100,1,34.6,101.9,763,804,16,115,0
8.92,climb_cruise,441.5,441.5,34871.0,-3278,-8.00,-82.75,339.15,5.89,15.0,125.0,0,0,3.59,-13.90,-4.00,-0.079,0.114,0.008,1.000,0.100,0.100,0.100,1,34.5,101.9,763,804,16,116,0
8.94,climb_cruise,441.5,441.5,34869.9,-3312,-8.07,-83.01,339.07,5.90,15.0,125.0,0,0,3.61,-13.91,-4.01,-0.079,0.114,0.008,1.000,0.100,0.100,0.100,1,34.4,101.9,763,804,16,115,0
8.96,climb_cruise,441.5,441.5,34868.8,-3345,-8.14,-83.28,338.98,5.92,15.0,125.0,0,0,3.62,-13.91,-4.01,-0.079,0.114,0.008,1.000,0.100,0.100,0.100,1,34.4,101.9,763,804,16,114,0
8.98,climb_cruise,441.5,441.5,34867.7,-3380,-8.21,-83.55,338.90,5.94,15.0,125.0,0,0,3.64,-13.92,-4.02,-0.079,0.114,0.008,1.000,0.100,0.100,0.100,1,34.3,101.9,763,804,16,115,0
9.00,climb_cruise,441.5,441.5,34866.6,-3414,-8.29,-83.83,338.82,5.95,15.0,125.0,0,0,3.09,-15.93,-4.07,0.000,0.000,0.000,1.000,0.100,0.100,0.100,1,34.2,101.9,763,804,16,115,0
9.02,climb_cruise,441.5,441.5,34865.4,-3449,-8.36,-84.15,338.76,5.96,15.0,125.0,0,0,2.65,-16.67,-4.12,0.000,0.000,0.000,1.000,0.100,0.100,0.100,1,34.2,101.9,763,804,16,116,0
9.04,climb_cruise,441.5,441.5,34864.3,-3484,-8.44,-84.48,338.70,5.96,15.0,125.0,0,0,2.33,-16.95,-4.17,0.000,0.000,0.000,1.000,0.100,0.100,0.100,1,34.1,101.9,763,804,16,115,0
9.06,climb_cruise,441.5,441.5,34863.1,-3519,-8.52,-84.81,338.64,5.96,15.0,125.0,0,0,2.11,-17.06,-4.21,0.000,0.000,0.000,1.000,0.100,0.100,0.100,1,34.0,101.9,763,804,16,115,0
9.08,climb_cruise,441.5,441.5,34861.9,-3555,-8.60,-85.14,338.60,5.94,15.0,125.0,0,0,1.99,-17.10,-4.25,0.000,0.000,0.000,1.000,0.100,0.100,0.100,1,34.0,101.9,763,804,16,116,0
9.10,climb_cruise,441.5,441.5,34860.7,-3591,-8.68,-85.48,338.55,5.93,15.0,125.0,0,0,1.95,-17.13,-4.29,0.000,0.000,0.000,1.000,0.100,0.100,0.100,1,33.9,101.9,763,804,16,115,0
9.12,climb_cruise,441.4,441.4,34859.5,-3628,-8.76,-85.81,338.50,5.92,15.0,125.0,0,0,1.97,-17.15,-4.32,0.000,0.000,0.000,1.000,0.100,0.100,0.100,1,33.8,101.9,763,804,16,115,0
9.14,climb_cruise,441.4,441.4,34858.3,-3665,-8.85,-86.15,338.46,5.91,15.0,125.0,0,0,2.06,-17.17,-4.35,0.000,0.000,0.000,1.000,0.100,0.100,0.100,1,33.8,101.9,763,804,16,116,0
9.16,climb_cruise,441.4,441.4,34857.1,-3702,-8.93,-86.48,338.41,5.90,15.0,125.0,0,0,2.18,-17.18,-4.38,0.000,0.000,0.000,1.000,0.100,0.100,0.100,1,33.7,101.9,763,804,16,116,0
9.18,climb_cruise,441.4,441.4,34855.8,-3740,-9.02,-86.82,338.36,5.89,15.0,125.0,0,0,2.34,-17.19,-4.40,0.000,0.000,0.000,1.000,0.100,0.100,0.100,1,33.6,101.9,763,804,16,115,0
9.20,climb_cruise,441.4,441.4,34854.6,-3778,-9.10,-87.16,338.30,5.88,15.0,125.0,0,0,2.52,-17.20,-4.42,0.000,0.000,0.000,1.000,0.100,0.100,0.100,1,33.6,101.9,763,804,16,115,0
9.22,climb_cruise,441.4,441.4,34853.3,-3816,-9.19,-87.49,338.25,5.88,15.0,125.0,0,0,2.71,-17.22,-4.43,0.000,0.000,0.000,1.000,0.100,0.100,0.100,1,33.5,101.9,763,804,16,115,0
9.24,climb_cruise,441.4,441.4,34852.0,-3855,-9.27,-87.83,338.19,5.88,15.0,125.0,0,0,2.90,-17.23,-4.45,0.000,0.000,0.000,1.000,0.100,0.100,0.100,1,33.4,101.9,763,804,16,115,0
9.26,climb_cruise,441.4,441.4,34850.8,-3894,-9.36,-88.16,338.12,5.89,15.0,125.0,0,0,3.09,-17.24,-4.45,0.000,0.000,0.000,1.000,0.100,0.100,0.100,1,33.4,101.9,763,804,16,116,0
9.28,climb_cruise,441.4,441.4,34849.5,-3934,-9.45,-88.49,338.06,5.89,15.0,125.0,0,0,3.26,-17.25,-4.46,0.000,0.000,0.000,1.000,0.100,0.100,0.100,1,33.3,101.9,763,804,16,114,0
9.30,climb_cruise,441.4,441.4,34848.1,-3974,-9.54,-88.83,337.99,5.91,15.0,125.0,0,0,3.42,-17.26,-4.46,0.000,0.000,0.000,1.000,0.100,0.100,0.100,1,33.2,101.9,763,804,16,116,0
9.32,climb_cruise,441.4,441.4,34846.8,-4014,-9.62,-89.16,337.92,5.92,15.0,125.0,0,0,3.56,-17.27,-4.46,0.000,0.000,0.000,1.000,0.100,0.100,0.100,1,33.2,101.9,763,804,16,115,0
9.34,climb_cruise,441.4,441.4,34845.5,-4055,-9.71,-89.49,337.84,5.94,15.0,125.0,0,0,3.68,-17.28,-4.46,0.000,0.000,0.000,1.000,0.100,0.100,0.100,1,33.1,101.9,763,804,16,116,0
9.36,climb_cruise,441.4,441.4,34844.1,-4096,-9.80,-89.83,337.76,5.95,15.0,125.0,0,0,3.79,-17.29,-4.46,0.000,0.000,0.000,1.000,0.100,0.100,0.100,1,33.0,101.9,763,804,16,116,0
9.38,climb_cruise,441.4,441.4,34842.7,-4137,-9.89,-90.16,337.69,5.97,15.0,125.0,0,0,3.87,-17.29,-4.46,0.000,0.000,0.000,1.000,0.100,0.100,0.100,1,33.0,101.9,763,804,16,115,0
9.40,climb_cruise,441.4,441.4,34841.4,-4179,-9.98,-90.49,337.61,6.00,15.0,125.0,0,0,3.94,-17.30,-4.46,0.000,0.000,0.000,1.000,0.100,0.100,0.100,1,32.9,101.9,763,804,16,116,0
9.42,climb_cruise,441.4,441.4,34840.0,-4221,-10.07,-90.82,337.53,6.02,15.0,125.0,0,0,3.98,-17.31,-4.46,0.000,0.000,0.000,1.000,0.100,0.100,0.100,1,32.8,101.9,763,804,16,115,0
9.44,climb_cruise,441.4,441.4,34838.5,-4264,-10.16,-91.16,337.45,6.04,15.0,125.0,0,0,4.02,-17.31,-4.45,0.000,0.000,0.000,1.000,0.100,0.100,0.100,1,32.8,101.9,763,804,16,115,0
9.46,climb_cruise,441.4,441.4,34837.1,-4307,-10.25,-91.49,337.37,6.06,15.0,125.0,0,0,4.04,-17.32,-4.45,0.000,0.000,0.000,1.000,0.100,0.100,0.100,1,32.7,101.9,763,804,16,115,0
9.48,climb_cruise,441.4,441.4,34835.7,-4350,-10.34,-91.82,337.29,6.09,15.0,125.0,0,0,4.05,-17.32,-4.45,0.000,0.000,0.000,1.000,0.100,0.100,0.100,1,32.6,101.9,763,804,16,115,0
9.50,climb_cruise,441.4,441.4,34834.2,-4394,-10.43,-92.15,337.21,6.11,15.0,125.0,0,0,4.05,-17.33,-4.45,0.000,0.000,0.000,1.000,0.100,0.100,0.100,1,32.6,101.9,763,804,16,116,0
9.52,climb_cruise,441.4,441.4,34832.7,-4438,-10.53,-92.49,337.13,6.13,15.0,125.0,0,0,4.05,-17.33,-4.45,0.000,0.000,0.000,1.000,0.100,0.100,0.100,1,32.5,101.9,763,804,16,116,0
9.54,climb_cruise,441.4,441.4,34831.3,-4483,-10.62,-92.82,337.05,6.15,15.0,125.0,0,0,4.04,-17.34,-4.45,0.000,0.000,0.000,1.000,0.100,0.100,0.100,1,32.4,101.9,763,804,16,115,0
9.56,climb_cruise,441.4,441.4,34829.8,-4528,-10.71,-93.15,336.98,6.17,15.0,125.0,0,0,4.03,-17.34,-4.45,0.000,0.000,0.000,1.000,0.100,0.100,0.100,1,32.4,101.9,763,804,16,114,0
9.58,climb_cruise,441.4,441.4,34828.2,-4573,-10.81,-93.48,336.90,6.19,15.0,125.0,0,0,4.02,-17.35,-4.45,0.000,0.000,0.000,1.000,0.100,0.100,0.100,1,32.3,101.9,763,804,16,115,0
9.60,climb_cruise,441.4,441.4,34826.7,-4619,-10.90,-93.82,336.82,6.21,15.0,125.0,0,0,4.01,-17.35,-4.45,0.000,0.000,0.000,1.000,0.100,0.100,0.100,1,32.2,101.9,763,804,16,114,0
9.62,climb_cruise,441.4,441.4,34825.2,-4665,-10.99,-94.15,336.75,6.23,15.0,125.0,0,0,4.01,-17.35,-4.45,0.000,0.000,0.000,1.000,0.100,0.100,0.100,1,32.2,101.9,763,804,16,114,0
9.64,climb_cruise,441.4,441.4,34823.6,-4711,-11.09,-94.48,336.67,6.25,15.0,125.0,0,0,4.00,-17.36,-4.45,0.000,0.000,0.000,1.000,0.100,0.100,0.100,1,32.1,101.9,763,804,16,115,0
9.66,climb_cruise,441.4,441.4,34822.0,-4758,-11.18,-94.81,336.60,6.26,15.0,125.0,0,0,4.00,-17.36,-4.46,0.000,0.000,0.000,1.000,0.100,0.100,0.100,1,32.1,101.9,763,804,16,116,0
9.68,climb_cruise,441.4,441.4,34820.4,-4805,-11.28,-95.15,336.53,6.28,15.0,125.0,0,0,4.00,-17.37,-4.46,0.000,0.000,0.000,1.000,0.100,0.100,0.100,1,32.0,101.9,763,804,16,114,0
9.70,climb_cruise,441.4,441.4,34818.8,-4853,-11.38,-95.48,336.45,6.30,15.0,125.0,0,0,4.01,-17.37,-4.47,0.000,0.000,0.000,1.000,0.100,0.100,0.100,1,31.9,101.9,763,804,16,116,0
9.72,climb_cruise,441.4,441.4,34817.2,-4901,-11.47,-95.81,336.38,6.32,15.0,125.0,0,0,4.02,-17.38,-4.47,0.000,0.000,0.000,1.000,0.100,0.100,0.100,1,31.9,101.9,763,804,16,115,0
9.74,climb_cruise,441.4,441.4,34815.6,-4950,-11.57,-96.15,336.31,6.33,15.0,125.0,0,0,4.03,-17.38,-4.47,0.000,0.000,0.000,1.000,0.100,0.100,0.100,1,31.8,101.9,763,804,16,115,0
9.76,climb_cruise,441.4,441.4,34813.9,-4999,-11.67,-96.48,336.24,6.35,15.0,125.0,0,0,4.05,-17.39,-4.48,0.000,0.000,0.000,1.000,0.100,0.100,0.100,1,31.7,101.9,763,804,16,114,0
9.78,climb_cruise,441.4,441.4,34812.2,-5048,-11.77,-96.81,336.16,6.36,15.0,125.0,0,0,4.07,-17.39,-4.48,0.000,0.000,0.000,1.000,0.100,0.100,0.100,1,31.7,101.9,763,804,16,115,0
9.80,climb_cruise,441.4,441.4,34810.6,-5097,-11.87,-97.15,336.09,6.38,15.0,125.0,0,0,4.09,-17.40,-4.49,0.000,0.000,0.000,1.000,0.100,0.100,0.100,1,31.6,101.9,763,804,16,115,0
9.82,climb_cruise,441.4,441.4,34808.8,-5147,-11.97,-97.48,336.02,6.40,15.0,125.0,0,0,4.11,-17.40,-4.49,0.000,0.000,0.000,1.000,0.100,0.100,0.100,1,31.5,101.9,763,804,16,114,0
9.84,climb_cruise,441.4,441.4,34807.1,-5198,-12.07,-97.81,335.95,6.41,15.0,125.0,0,0,4.13,-17.41,-4.50,0.000,0.000,0.000,1.000,0.100,0.100,0.100,1,31.5,101.9,763,804,16,114,0
9.86,climb_cruise,441.4,441.4,34805.4,-5249,-12.17,-98.15,335.88,6.43,15.0,125.0,0,0,4.16,-17.41,-4.50,0.000,0.000,0.000,1.000,0.100,0.100,0.100,1,31.4,101.9,763,804,16,114,0
9.88,climb_cruise,441.4,441.4,34803.6,-5300,-12.27,-98.48,335.81,6.44,15.0,125.0,0,0,4.19,-17.42,-4.51,0.000,0.000,0.000,1.000,0.100,0.100,0.100,1,31.4,101.9,763,804,16,115,0
9.90,climb_cruise,441.4,441.4,34801.9,-5352,-12.37,-98.81,335.74,6.46,15.0,125.0,0,0,4.21,-17.42,-4.51,0.000,0.000,0.000,1.000,0.100,0.100,0.100,1,31.3,101.9,763,804,16,114,0
9.92,climb_cruise,441.4,441.4,34800.1,-5404,-12.47,-99.14,335.67,6.48,15.0,125.0,0,0,4.24,-17.43,-4.51,0.000,0.000,0.000,1.000,0.100,0.100,0.100,1,31.2,101.9,763,804,16,115,0
9.94,climb_cruise,441.4,441.4,34798.3,-5456,-12.57,-99.48,335.59,6.49,15.0,125.0,0,0,4.27,-17.43,-4.52,0.000,0.000,0.000,1.000,0.100,0.100,0.100,1,31.2,101.9,763,804,16,115,0
9.96,climb_cruise,441.5,441.5,34796.4,-5509,-12.68,-99.81,335.52,6.51,15.0,125.0,0,0,4.29,-17.44,-4.52,0.000,0.000,0.000,1.000,0.100,0.100,0.100,1,31.1,101.9,763,804,16,115,0
9.98,climb_cruise,441.5,441.5,34794.6,-5562,-12.78,-100.14,335.45,6.53,15.0,125.0,0,0,4.32,-17.45,-4.52,0.000,0.000,0.000,1.000,0.100,0.100,0.100,1,31.0,101.9,763,804,16,116,0
10.00,climb_cruise,441.5,441.5,34792.7,-5616,-12.89,-100.48,335.38,6.55,15.0,125.0,0,0,4.34,-17.45,-4.53,0.000,0.000,0.000,1.000,0.100,0.100,0.100,1,31.0,101.9,763,804,16,115,0
10.02,climb_cruise,441.5,441.5,34790.8,-5670,-12.99,-100.81,335.31,6.56,15.0,125.0,0,0,4.37,-17.46,-4.53,0.000,0.000,0.000,1.000,0.100,0.100,0.100,1,30.9,101.9,763,804,16,116,0
10.04,climb_cruise,441.5,441.5,34788.9,-5724,-13.10,-101.14,335.24,6.58,15.0,125.0,0,0,4.39,-17.46,-4.53,0.000,0.000,0.000,1.000,0.100,0.100,0.100,1,30.9,101.9,763,804,16,115,0
10.06,climb_cruise,441.5,441.5,34787.0,-5779,-13.20,-101.48,335.17,6.60,15.0,125.0,0,0,4.41,-17.47,-4.54,0.000,0.000,0.000,1.000,0.100,0.100,0.100,1,30.8,101.9,763,804,16,114,0
10.08,climb_cruise,441.5,441.5,34785.1,-5835,-13.31,-101.81,335.10,6.61,15.0,125.0,0,0,4.44,-17.47,-4.54,0.000,0.000,0.000,1.000,0.100,0.100,0.100,1,30.7,101.9,763,804,16,115,0
10.10,climb_cruise,441.5,441.5,34783.1,-5890,-13.42,-102.14,335.03,6.63,15.0,125.0,0,0,4.46,-17.48,-4.54,0.000,0.000,0.000,1.000,0.100,0.100,0.100,1,30.7,101.9,763,804,16,114,0
10.12,climb_cruise,441.5,441.5,34781.2,-5946,-13.53,-102.48,334.96,6.65,15.0,125.0,0,0,4.48,-17.48,-4.54,0.000,0.000,0.000,1.000,0.100,0.100,0.100,1,30.6,101.9,763,804,16,115,0
10.14,climb_cruise,441.5,441.5,34779.2,-6003,-13.63,-102.81,334.89,6.67,15.0,125.0,0,0,4.50,-17.49,-4.55,0.000,0.000,0.000,1.000,0.100,0.100,0.100,1,30.5,101.9,763,804,16,115,0
10.16,climb_cruise,441.5,441.5,34777.2,-6060,-13.74,-103.14,334.82,6.68,15.0,125.0,0,0,4.52,-17.49,-4.55,0.000,0.000,0.000,1.000,0.100,0.100,0.100,1,30.5,101.9,763,804,16,115,0
10.18,climb_cruise,441.6,441.6,34775.2,-6117,-13.85,-103.48,334.75,6.70,15.0,125.0,0,0,4.54,-17.50,-4.55,0.000,0.000,0.000,1.000,0.100,0.100,0.100,1,30.4,101.9,763,804,16,115,0
10.20,climb_cruise,441.6,441.6,34773.1,-6175,-13.96,-103.81,334.68,6.72,15.0,125.0,0,0,4.56,-17.50,-4.55,0.000,0.000,0.000,1.000,0.100,0.100,0.100,1,30.4,101.9,763,804,16,116,0
10.22,climb_cruise,441.6,441.6,34771.0,-6233,-14.07,-104.14,334.61,6.73,15.0,125.0,0,0,4.58,-17.51,-4.55,0.000,0.000,0.000,1.000,0.100,0.100,0.100,1,30.3,101.9,763,804,16,115,0
10.24,climb_cruise,441.6,441.6,34769.0,-6291,-14.18,-104.48,334.55,6.75,15.0,125.0,0,0,4.60,-17.51,-4.55,0.000,0.000,0.000,1.000,0.100,0.100,0.100,1,30.2,101.9,763,804,16,114,0
10.26,climb_cruise,441.6,441.6,34766.8,-6350,-14.29,-104.81,334.48,6.77,15.0,125.0,0,0,4.62,-17.52,-4.56,0.000,0.000,0.000,1.000,0.100,0.100,0.100,1,30.2,101.9,763,804,16,115,0
10.28,climb_cruise,441.6,441.6,34764.7,-6410,-14.41,-105.14,334.41,6.79,15.0,125.0,0,0,4.64,-17.52,-4.56,0.000,0.000,0.000,1.000,0.100,0.100,0.100,1,30.1,101.9,763,804,16,115,0
10.30,climb_cruise,441.6,441.6,34762.6,-6470,-14.52,-105.48,334.34,6.80,15.0,125.0,0,0,4.66,-17.53,-4.56,0.000,0.000,0.000,1.000,0.100,0.100,0.100,1,30.1,101.9,763,804,16,115,0
10.32,climb_cruise,441.6,441.6,34760.4,-6530,-14.63,-105.81,334.27,6.82,15.0,125.0,0,0,4.68,-17.53,-4.56,0.000,0.000,0.000,1.000,0.100,0.100,0.100,1,30.0,101.9,763,804,16,115,0
10.34,climb_cruise,441.7,441.7,34758.2,-6590,-14.75,-106.15,334.21,6.84,15.0,125.0,0,0,4.70,-17.54,-4.56,0.000,0.000,0.000,1.000,0.100,0.100,0.100,1,29.9,101.9,763,804,16,115,0
10.36,climb_cruise,441.7,441.7,34756.0,-6651,-14.86,-106.48,334.14,6.86,15.0,125.0,0,0,4.72,-17.54,-4.56,0.000,0.000,0.000,1.000,0.100,0.100,0.100,1,29.9,101.9,763,804,16,115,0
10.38,climb_cruise,441.7,441.7,34753.8,-6713,-14.97,-106.81,334.07,6.87,15.0,125.0,0,0,4.74,-17.55,-4.56,0.000,0.000,0.000,1.000,0.100,0.100,0.100,1,29.8,101.9,763,804,16,114,0
10.40,climb_cruise,441.7,441.7,34751.6,-6774,-15.09,-107.15,334.01,6.89,15.0,125.0,0,0,4.76,-17.55,-4.56,0.000,0.000,0.000,1.000,0.100,0.100,0.100,1,29.8,101.9,763,804,16,115,0
10.42,climb_cruise,441.7,441.7,34749.3,-6837,-15.20,-107.48,333.94,6.91,15.0,125.0,0,0,4.78,-17.56,-4.56,0.000,0.000,0.000,1.000,0.100,0.100,0.100,1,29.7,101.9,763,804,16,116,0
10.44,climb_cruise,441.7,441.7,34747.0,-6899,-15.32,-107.81,333.87,6.92,15.0,125.0,0,0,4.80,-17.56,-4.57,0.000,0.000,0.000,1.000,0.100,0.100,0.100,1,29.6,101.9,763,804,16,114,0
10.46,climb_cruise,441.7,441.7,34744.7,-6962,-15.44,-108.15,333.81,6.94,15.0,125.0,0,0,4.82,-17.56,-4.57,0.000,0.000,0.000,1.000,0.100,0.100,0.100,1,29.6,101.9,763,804,16,116,0
10.48,climb_cruise,441.8,441.8,34742.4,-7026,-15.55,-108.48,333.74,6.96,15.0,125.0,0,0,4.84,-17.57,-4.57,0.000,0.000,0.000,1.000,0.100,0.100,0.100,1,29.5,101.9,763,804,16,114,0
10.50,climb_cruise,441.8,441.8,34740.0,-7090,-15.67,-108.82,333.68,6.97,15.0,125.0,0,0,4.86,-17.57,-4.57,0.000,0.000,0.000,1.000,0.100,0.100,0.100,1,29.5,101.9,763,804,16,115,0
10.52,climb_cruise,441.8,441.8,34737.6,-7154,-15.79,-109.15,333.61,6.99,15.0,125.0,0,0,4.88,-17.58,-4.57,0.000,0.000,0.000,1.000,0.100,0.100,0.100,1,29.4,101.9,763,804,16,115,0
10.54,climb_cruise,441.8,441.8,34735.3,-7219,-15.91,-109.48,333.55,7.01,15.0,125.0,0,0,4.90,-17.58,-4.57,0.000,0.000,0.000,1.000,0.100,0.100,0.100,1,29.4,101.9,763,804,16,114,0
10.56,climb_cruise,441.8,441.8,34732.8,-7284,-16.03,-109.82,333.48,7.03,15.0,125.0,0,0,4.92,-17.59,-4.57,0.000,0.000,0.000,1.000,0.100,0.100,0.100,1,29.3,101.9,763,804,16,115,0
10.58,climb_cruise,441.9,441.9,34730.4,-7349,-16.15,-110.15,333.42,7.04,15.0,125.0,0,0,4.94,-17.59,-4.57,0.000,0.000,0.000,1.000,0.100,0.100,0.100,1,29.2,101.9,763,804,16,115,0
10.60,climb_cruise,441.9,441.9,34727.9,-7415,-16.27,-110.49,333.36,7.06,15.0,125.0,0,0,4.96,-17.59,-4.57,0.000,0.000,0.000,1.000,0.100,0.100,0.100,1,29.2,101.9,763,804,16,115,0
10.62,climb_cruise,441.9,441.9,34725.5,-7482,-16.39,-110.82,333.29,7.08,15.0,125.0,0,0,4.98,-17.60,-4.57,0.000,0.000,0.000,1.000,0.100,0.100,0.100,1,29.1,101.9,763,804,16,114,0
10.64,climb_cruise,441.9,441.9,34723.0,-7548,-16.51,-111.15,333.23,7.09,15.0,125.0,0,0,5.00,-17.60,-4.57,0.000,0.000,0.000,1.000,0.100,0.100,0.100,1,29.1,101.9,763,804,16,115,0
10.66,climb_cruise,441.9,441.9,34720.4,-7616,-16.63,-111.49,333.17,7.11,15.0,125.0,0,0,5.02,-17.61,-4.57,0.000,0.000,0.000,1.000,0.100,0.100,0.100,1,29.0,101.9,763,804,16,114,0
10.68,climb_cruise,442.0,442.0,34717.9,-7683,-16.75,-111.82,333.10,7.13,15.0,125.0,0,0,5.05,-17.61,-4.57,0.000,0.000,0.000,1.000,0.100,0.100,0.100,1,28.9,101.9,763,804,16,115,0
10.70,climb_cruise,442.0,442.0,34715.3,-7751,-16.87,-112.16,333.04,7.15,15.0,125.0,0,0,5.07,-17.61,-4.57,0.000,0.000,0.000,1.000,0.100,0.100,0.100,1,28.9,101.9,763,804,16,115,0
10.72,climb_cruise,442.0,442.0,34712.7,-7820,-17.00,-112.49,332.98,7.16,15.0,125.0,0,0,5.09,-17.62,-4.56,0.000,0.000,0.000,1.000,0.100,0.100,0.100,1,28.8,101.9,763,804,16,115,0
10.74,climb_cruise,442.0,442.0,34710.1,-7888,-17.12,-112.82,332.92,7.18,15.0,125.0,0,0,5.11,-17.62,-4.56,0.000,0.000,0.000,1.000,0.100,0.100,0.100,1,28.8,102.0,763,804,16,115,0
10.76,climb_cruise,442.0,442.0,34707.5,-7958,-17.25,-113.16,332.86,7.20,15.0,125.0,0,0,5.13,-17.62,-4.56,0.000,0.000,0.000,1.000,0.100,0.100,0.100,1,28.7,102.0,763,804,16,115,0
10.78,climb_cruise,442.1,442.1,34704.8,-8027,-17.37,-113.49,332.80,7.21,15.0,125.0,0,0,5.15,-17.63,-4.56,0.000,0.000,0.000,1.000,0.100,0.100,0.100,1,28.7,102.0,763,804,16,115,0
10.80,climb_cruise,442.1,442.1,34702.1,-8097,-17.49,-113.83,332.74,7.23,15.0,125.0,0,0,5.17,-17.63,-4.56,0.000,0.000,0.000,1.000,0.100,0.100,0.100,1,28.6,102.0,763,804,16,115,0
10.82,climb_cruise,442.1,442.1,34699.4,-8168,-17.62,-114.16,332.68,7.25,15.0,125.0,0,0,5.19,-17.63,-4.56,0.000,0.000,0.000,1.000,0.100,0.100,0.100,1,28.5,102.0,763,804,16,114,0
10.84,climb_cruise,442.1,442.1,34696.7,-8238,-17.75,-114.50,332.62,7.27,15.0,125.0,0,0,5.21,-17.64,-4.56,0.000,0.000,0.000,1.000,0.100,0.100,0.100,1,28.5,102.0,763,804,16,116,0
10.86,climb_cruise,442.2,442.2,34693.9,-8310,-17.87,-114.83,332.56,7.28,15.0,125.0,0,0,5.23,-17.64,-4.56,0.000,0.000,0.000,1.000,0.100,0.100,0.100,1,28.4,102.0,763,804,16,116,0
10.88,climb_cruise,442.2,442.2,34691.2,-8381,-18.00,-115.17,332.50,7.30,15.0,125.0,0,0,5.25,-17.64,-4.56,0.000,0.000,0.000,1.000,0.100,0.100,0.100,1,28.4,102.0,763,804,16,115,0
10.90,climb_cruise,442.2,442.2,34688.3,-8453,-18.13,-115.50,332.44,7.32,15.0,125.0,0,0,5.27,-17.65,-4.55,0.000,0.000,0.000,1.000,0.100,0.100,0.100,1,28.3,102.0,763,804,16,114,0
10.92,climb_cruise,442.2,442.2,34685.5,-8526,-18.25,-115.84,332.38,7.33,15.0,125.0,0,0,5.29,-17.65,-4.55,0.000,0.000,0.000,1.000,0.100,0.100,0.100,1,28.3,102.0,763,804,16,116,0
10.94,climb_cruise,442.3,442.3,34682.7,-8599,-18.38,-116.17,332.32,7.35,15.0,125.0,0,0,5.31,-17.65,-4.55,0.000,0.000,0.000,1.000,0.100,0.100,0.100,1,28.2,102.0,763,804,16,115,0
10.96,climb_cruise,442.3,442.3,34679.8,-8672,-18.51,-116.50,332.26,7.37,15.0,125.0,0,0,5.33,-17.66,-4.55,0.000,0.000,0.000,1.000,0.100,0.100,0.100,1,28.1,102.0,763,804,16,115,0
10.98,climb_cruise,442.3,442.3,34676.9,-8746,-18.64,-116.84,332.21,7.39,15.0,125.0,0,0,5.34,-17.66,-4.55,0.000,0.000,0.000,1.000,0.100,0.100,0.100,1,28.1,102.0,763,804,16,115,0
11.00,climb_cruise,442.4,442.4,34674.0,-8820,-18.77,-117.17,332.15,7.40,15.0,125.0,0,0,5.36,-17.66,-4.55,0.000,0.000,0.000,1.000,0.100,0.100,0.100,1,28.0,102.0,763,804,16,114,0
11.02,climb_cruise,442.4,442.4,34671.0,-8894,-18.90,-117.51,332.09,7.42,15.0,125.0,0,0,5.38,-17.67,-4.54,0.000,0.000,0.000,1.000,0.100,0.100,0.100,1,28.0,102.0,763,804,16,114,0
11.04,climb_cruise,442.4,442.4,34668.0,-8969,-19.03,-117.84,332.04,7.44,15.0,125.0,0,0,5.40,-17.67,-4.54,0.000,0.000,0.000,1.000,0.100,0.100,0.100,1,27.9,102.0,763,804,16,114,0
11.06,climb_cruise,442.5,442.5,34665.0,-9045,-19.16,-118.18,331.98,7.45,15.0,125.0,0,0,5.42,-17.67,-4.54,0.000,0.000,0.000,1.000,0.100,0.100,0.100,1,27.9,102.0,763,804,16,114,0
11.08,climb_cruise,442.5,442.5,34662.0,-9120,-19.29,-118.51,331.92,7.47,15.0,125.0,0,0,5.44,-17.67,-4.54,0.000,0.000,0.000,1.000,0.100,0.100,0.100,1,27.8,102.0,763,804,16,115,0
11.10,climb_cruise,442.5,442.5,34659.0,-9197,-19.43,-118.85,331.87,7.49,15.0,125.0,0,0,5.46,-17.68,-4.54,0.000,0.000,0.000,1.000,0.100,0.100,0.100,1,27.8,102.0,763,804,16,116,0
11.12,climb_cruise,442.5,442.5,34655.9,-9273,-19.56,-119.19,331.81,7.51,15.0,125.0,0,0,5.48,-17.68,-4.53,0.000,0.000,0.000,1.000,0.100,0.100,0.100,1,27.7,102.0,763,804,16,114,0
11.14,climb_cruise,442.6,442.6,34652.8,-9350,-19.69,-119.52,331.76,7.52,15.0,125.0,0,0,5.50,-17.68,-4.53,0.000,0.000,0.000,1.000,0.100,0.100,0.100,1,27.6,102.0,763,804,16,114,0
11.16,climb_cruise,442.6,442.6,34649.7,-9427,-19.82,-119.86,331.70,7.54,15.0,125.0,0,0,5.52,-17.68,-4.53,0.000,0.000,0.000,1.000,0.100,0.100,0.100,1,27.6,102.0,763,804,16,115,0
11.18,climb_cruise,442.6,442.6,34646.5,-9505,-19.96,-120.19,331.65,7.56,15.0,125.0,0,0,5.54,-17.69,-4.52,0.000,0.000,0.000,1.000,0.100,0.100,0.100,1,27.5,102.0,763,804,16,115,0
11.20,climb_cruise,442.7,442.7,34643.3,-9583,-20.09,-120.53,331.60,7.58,15.0,125.0,0,0,5.56,-17.69,-4.52,0.000,0.000,0.000,1.000,0.100,0.100,0.100,1,27.5,102.0,763,804,16,115,0
11.22,climb_cruise,442.7,442.7,34640.1,-9662,-20.23,-120.86,331.54,7.59,15.0,125.0,0,0,5.58,-17.69,-4.52,0.000,0.000,0.000,1.000,0.100,0.100,0.100,1,27.4,102.0,763,804,16,114,0
11.24,climb_cruise,442.8,442.8,34636.9,-9741,-20.36,-121.20,331.49,7.61,15.0,125.0,0,0,5.60,-17.69,-4.52,0.000,0.000,0.000,1.000,0.100,0.100,0.100,1,27.4,102.0,763,804,16,114,0
11.26,climb_cruise,442.8,442.8,34633.6,-9820,-20.50,-121.53,331.44,7.63,15.0,125.0,0,0,5.62,-17.70,-4.51,0.000,0.000,0.000,1.000,0.100,0.100,0.100,1,27.3,102.0,763,804,16,115,0
11.28,climb_cruise,442.8,442.8,34630.4,-9900,-20.63,-121.87,331.39,7.64,15.0,125.0,0,0,5.64,-17.70,-4.51,0.000,0.000,0.000,1.000,0.100,0.100,0.100,1,27.3,102.0,763,804,16,115,0
11.30,climb_cruise,442.9,442.9,34627.1,-9980,-20.77,-122.21,331.34,7.66,15.0,125.0,0,0,5.65,-17.70,-4.51,0.000,0.000,0.000,1.000,0.100,0.100,0.100,1,27.2,102.0,763,804,16,116,0
11.32,climb_cruise,442.9,442.9,34623.7,-10060,-20.91,-122.54,331.29,7.68,15.0,125.0,0,0,5.67,-17.70,-4.50,0.000,0.000,0.000,1.000,0.100,0.100,0.100,1,27.1,102.0,763,804,16,114,0
11.34,climb_cruise,442.9,442.9,34620.4,-10141,-21.04,-122.88,331.24,7.70,15.0,125.0,0,0,5.69,-17.70,-4.50,0.000,0.000,0.000,1.000,0.100,0.100,0.100,1,27.1,102.0,763,804,16,114,0
11.36,climb_cruise,443.0,443.0,34617.0,-10223,-21.18,-123.21,331.19,7.71,15.0,125.0,0,0,5.71,-17.71,-4.50,0.000,0.000,0.000,1.000,0.100,0.100,0.100,1,27.0,102.0,763,804,16,116,0
11.38,climb_cruise,443.0,443.0,34613.5,-10304,-21.32,-123.55,331.14,7.73,15.0,125.0,0,0,5.73,-17.71,-4.49,0.000,0.000,0.000,1.000,0.100,0.100,0.100,1,27.0,102.0,763,804,16,115,0
11.40,climb_cruise,443.1,443.1,34610.1,-10386,-21.46,-123.89,331.09,7.75,15.0,125.0,0,0,5.75,-17.71,-4.49,0.000,0.000,0.000,1.000,0.100,0.100,0.100,1,26.9,102.0,763,804,16,115,0
11.42,climb_cruise,443.1,443.1,34606.6,-10469,-21.60,-124.22,331.04,7.76,15.0,125.0,0,0,5.77,-17.71,-4.49,0.000,0.000,0.000,1.000,0.100,0.100,0.100,1,26.9,102.0,763,804,16,116,0
11.44,climb_cruise,443.1,443.1,34603.1,-10552,-21.74,-124.56,330.99,7.78,15.0,125.0,0,0,5.79,-17.71,-4.48,0.000,0.000,0.000,1.000,0.100,0.100,0.100,1,26.8,102.0,763,804,16,114,0
11.46,climb_cruise,443.2,443.2,34599.6,-10635,-21.88,-124.90,330.94,7.80,15.0,125.0,0,0,5.81,-17.72,-4.48,0.000,0.000,0.000,1.000,0.100,0.100,0.100,1,26.8,102.0,763,804,16,115,0
11.48,climb_cruise,443.2,443.2,34596.0,-10719,-22.02,-125.23,330.90,7.82,15.0,125.0,0,0,5.82,-17.72,-4.47,0.000,0.000,0.000,1.000,0.100,0.100,0.100,1,26.7,102.0,763,804,16,115,0
11.50,climb_cruise,443.3,443.3,34592.5,-10803,-22.16,-125.57,330.85,7.83,15.0,125.0,0,0,5.84,-17.72,-4.47,0.000,0.000,0.000,1.000,0.100,0.100,0.100,1,26.7,102.0,763,804,16,116,0
11.52,climb_cruise,443.3,443.3,34588.8,-10887,-22.30,-125.91,330.80,7.85,15.0,125.0,0,0,5.86,-17.72,-4.47,0.000,0.000,0.000,1.000,0.100,0.100,0.100,1,26.6,102.0,763,804,16,115,0
11.54,climb_cruise,443.3,443.3,34585.2,-10972,-22.44,-126.24,330.76,7.87,15.0,125.0,0,0,5.88,-17.72,-4.46,0.000,0.000,0.000,1.000,0.100,0.100,0.100,1,26.6,102.0,763,804,16,116,0
11.56,climb_cruise,443.4,443.4,34581.5,-11057,-22.58,-126.58,330.71,7.89,15.0,125.0,0,0,5.90,-17.72,-4.46,0.000,0.000,0.000,1.000,0.100,0.100,0.100,1,26.5,102.0,763,804,16,116,0
11.58,climb_cruise,443.4,443.4,34577.8,-11143,-22.72,-126.92,330.67,7.90,15.0,125.0,0,0,5.92,-17.72,-4.45,0.000,0.000,0.000,1.000,0.100,0.100,0.100,1,26.5,102.0,763,804,16,116,0
11.60,climb_cruise,443.5,443.5,34574.1,-11229,-22.86,-127.25,330.62,7.92,15.0,125.0,0,0,5.93,-17.72,-4.45,0.000,0.000,0.000,1.000,0.100,0.100,0.100,1,26.4,102.0,763,804,16,115,0
11.62,climb_cruise,443.5,443.5,34570.4,-11315,-23.01,-127.59,330.58,7.94,15.0,125.0,0,0,5.95,-17.73,-4.44,0.000,0.000,0.000,1.000,0.100,0.100,0.100,1,26.3,102.0,763,804,16,116,0
11.64,climb_cruise,443.6,443.6,34566.6,-11402,-23.15,-127.93,330.54,7.95,15.0,125.0,0,0,5.97,-17.73,-4.44,0.000,0.000,0.000,1.000,0.100,0.100,0.100,1,26.3,102.0,763,804,16,115,0
11.66,climb_cruise,443.6,443.6,34562.8,-11489,-23.29,-128.27,330.49,7.97,15.0,125.0,0,0,5.99,-17.73,-4.43,0.000,0.000,0.000,1.000,0.100,0.100,0.100,1,26.2,102.0,763,804,16,115,0
11.68,climb_cruise,443.7,443.7,34558.9,-11576,-23.44,-128.60,330.45,7.99,15.0,125.0,0,0,6.01,-17.73,-4.43,0.000,0.000,0.000,1.000,0.100,0.100,0.100,1,26.2,102.0,763,804,16,115,0
11.70,climb_cruise,443.7,443.7,34555.1,-11664,-23.58,-128.94,330.41,8.01,15.0,125.0,0,0,6.03,-17.73,-4.42,0.000,0.000,0.000,1.000,0.100,0.100,0.100,1,26.1,102.0,763,804,16,115,0
11.72,climb_cruise,443.8,443.8,34551.2,-11752,-23.73,-129.28,330.37,8.02,15.0,125.0,0,0,6.04,-17.73,-4.42,0.000,0.000,0.000,1.000,0.100,0.100,0.100,1,26.1,102.0,763,804,16,116,0
11.74,climb_cruise,443.8,443.8,34547.2,-11841,-23.87,-129.62,330.33,8.04,15.0,125.0,0,0,6.06,-17.73,-4.41,0.000,0.000,0.000,1.000,0.100,0.100,0.100,1,26.0,102.0,763,804,16,115,0
11.76,climb_cruise,443.9,443.9,34543.3,-11930,-24.02,-129.96,330.29,8.06,15.0,125.0,0,0,6.08,-17.73,-4.41,0.000,0.000,0.000,1.000,0.100,0.100,0.100,1,26.0,102.0,763,804,16,114,0
11.78,climb_cruise,443.9,443.9,34539.3,-12019,-24.16,-130.30,330.25,8.08,15.0,125.0,0,0,6.10,-17.73,-4.40,0.000,0.000,0.000,1.000,0.100,0.100,0.100,1,25.9,102.0,763,804,16,115,0
11.80,climb_cruise,444.0,444.0,34535.3,-12109,-24.31,-130.63,330.21,8.09,15.0,125.0,0,0,6.11,-17.73,-4.40,0.000,0.000,0.000,1.000,0.100,0.100,0.100,1,25.9,102.0,763,804,16,116,0
11.82,climb_cruise,444.0,444.0,34531.2,-12199,-24.46,-130.97,330.17,8.11,15.0,125.0,0,0,6.13,-17.73,-4.39,0.000,0.000,0.000,1.000,0.100,0.100,0.100,1,25.8,102.0,763,804,16,115,0
11.84,climb_cruise,444.1,444.1,34527.1,-12290,-24.60,-131.31,330.13,8.13,15.0,125.0,0,0,6.15,-17.73,-4.39,0.000,0.000,0.000,1.000,0.100,0.100,0.100,1,25.8,102.0,763,804,16,115,0
11.86,climb_cruise,444.1,444.1,34523.0,-12380,-24.75,-131.65,330.09,8.15,15.0,125.0,0,0,6.17,-17.73,-4.38,0.000,0.000,0.000,1.000,0.100,0.100,0.100,1,25.7,102.0,763,804,16,116,0
11.88,climb_cruise,444.2,444.2,34518.9,-12472,-24.90,-131.99,330.06,8.16,15.0,125.0,0,0,6.19,-17.73,-4.38,0.000,0.000,0.000,1.000,0.100,0.100,0.100,1,25.7,102.0,763,804,16,115,0
11.90,climb_cruise,444.2,444.2,34514.7,-12563,-25.05,-132.33,330.02,8.18,15.0,125.0,0,0,6.20,-17.73,-4.37,0.000,0.000,0.000,1.000,0.100,0.100,0.100,1,25.6,102.0,763,804,16,115,0
11.92,climb_cruise,444.3,444.3,34510.5,-12655,-25.20,-132.67,329.98,8.20,15.0,125.0,0,0,6.22,-17.73,-4.37,0.000,0.000,0.000,1.000,0.100,0.100,0.100,1,25.6,102.0,763,804,16,114,0
11.94,climb_cruise,444.4,444.4,34506.3,-12747,-25.34,-133.01,329.95,8.21,15.0,125.0,0,0,6.24,-17.73,-4.36,0.000,0.000,0.000,1.000,0.100,0.100,0.100,1,25.5,102.0,763,804,16,116,0
11.96,climb_cruise,444.4,444.4,34502.0,-12840,-25.49,-133.35,329.91,8.23,15.0,125.0,0,0,6.26,-17.73,-4.36,0.000,0.000,0.000,1.000,0.100,0.100,0.100,1,25.5,102.0,763,804,16,115,0
11.98,climb_cruise,444.5,444.5,34497.7,-12933,-25.64,-133.69,329.88,8.25,15.0,125.0,0,0,6.27,-17.73,-4.35,0.000,0.000,0.000,1.000,0.100,0.100,0.100,1,25.4,102.0,763,804,16,115,0
12.00,climb_cruise,444.5,444.5,34493.4,-13026,-25.79,-134.03,329.84,8.27,15.0,125.0,0,0,6.29,-17.73,-4.34,0.000,0.000,0.000,1.000,0.100,0.100,0.100,1,25.4,102.0,763,804,16,115,0
12.02,climb_cruise,444.6,444.6,34489.1,-13120,-25.94,-134.37,329.81,8.28,15.0,125.0,0,0,6.31,-17.73,-4.34,0.000,0.000,0.000,1.000,0.100,0.100,0.100,1,25.3,102.0,763,804,16,115,0
12.04,climb_cruise,444.6,444.6,34484.7,-13214,-26.09,-134.71,329.78,8.30,15.0,125.0,0,0,6.32,-17.73,-4.33,0.000,0.000,0.000,1.000,0.100,0.100,0.100,1,25.3,102.0,763,804,16,116,0
12.06,climb_cruise,444.7,444.7,34480.3,-13308,-26.24,-135.05,329.75,8.32,15.0,125.0,0,0,6.34,-17.73,-4.33,0.000,0.000,0.000,1.000,0.100,0.100,0.100,1,25.2,102.0,763,804,16,114,0
12.08,climb_cruise,444.8,444.8,34475.8,-13403,-26.39,-135.39,329.72,8.34,15.0,125.0,0,0,6.36,-17.73,-4.32,0.000,0.000,0.000,1.000,0.100,0.100,0.100,1,25.2,102.0,763,804,16,114,0
12.10,climb_cruise,444.8,444.8,34471.3,-13498,-26.55,-135.73,329.69,8.35,15.0,125.0,0,0,6.37,-17.73,-4.31,0.000,0.000,0.000,1.000,0.100,0.100,0.100,1,25.1,102.0,763,804,16,116,0
12.12,climb_cruise,444.9,444.9,34466.8,-13593,-26.70,-136.07,329.66,8.37,15.0,125.0,0,0,6.39,-17.73,-4.31,0.000,0.000,0.000,1.000,0.100,0.100,0.100,1,25.1,102.0,763,804,16,115,0
12.14,climb_cruise,444.9,444.9,34462.3,-13689,-26.85,-136.41,329.63,8.39,15.0,125.0,0,0,6.41,-17.73,-4.30,0.000,0.000,0.000,1.000,0.100,0.100,0.100,1,25.0,102.0,763,804,16,116,0
12.16,climb_cruise,445.0,445.0,34457.7,-13785,-27.00,-136.75,329.60,8.41,15.0,125.0,0,0,6.43,-17.73,-4.29,0.000,0.000,0.000,1.000,0.100,0.100,0.100,1,25.0,102.0,763,804,16,114,0
12.18,climb_cruise,445.1,445.1,34453.1,-13882,-27.15,-137.10,329.57,8.42,15.0,125.0,0,0,6.44,-17.73,-4.29,0.000,0.000,0.000,1.000,0.100,0.100,0.100,1,24.9,102.0,763,804,16,114,0
12.20,climb_cruise,445.1,445.1,34448.5,-13978,-27.31,-137.44,329.54,8.44,15.0,125.0,0,0,6.46,-17.73,-4.28,0.000,0.000,0.000,1.000,0.100,0.100,0.100,1,24.9,102.0,763,804,16,115,0
12.22,climb_cruise,445.2,445.2,34443.8,-14075,-27.46,-137.78,329.51,8.46,15.0,125.0,0,0,6.48,-17.73,-4.27,0.000,0.000,0.000,1.000,0.100,0.100,0.100,1,24.8,102.0,763,804,16,116,0
12.24,climb_cruise,445.3,445.3,34439.1,-14173,-27.61,-138.12,329.49,8.48,15.0,125.0,0,0,6.49,-17.73,-4.27,0.000,0.000,0.000,1.000,0.100,0.100,0.100,1,24.8,102.0,763,804,16,115,0
12.26,climb_cruise,445.3,445.3,34434.3,-14271,-27.77,-138.47,329.46,8.49,15.0,125.0,0,0,6.51,-17.73,-4.26,0.000,0.000,0.000,1.000,0.100,0.100,0.100,1,24.7,102.0,763,804,16,115,0
12.28,climb_cruise,445.4,445.4,34429.6,-14369,-27.92,-138.81,329.44,8.51,15.0,125.0,0,0,6.52,-17.73,-4.25,0.000,0.000,0.000,1.000,0.100,0.100,0.100,1,24.7,102.0,763,804,16,115,0
12.30,climb_cruise,445.5,445.5,34424.8,-14467,-28.08,-139.15,329.41,8.53,15.0,125.0,0,0,6.54,-17.72,-4.25,0.000,0.000,0.000,1.000,0.100,0.100,0.100,1,24.6,102.0,763,804,16,115,0
12.32,climb_cruise,445.5,445.5,34419.9,-14566,-28.23,-139.49,329.39,8.55,15.0,125.0,0,0,6.56,-17.72,-4.24,0.000,0.000,0.000,1.000,0.100,0.100,0.100,1,24.6,102.0,763,804,16,116,0
12.34,climb_cruise,445.6,445.6,34415.1,-14665,-28.39,-139.84,329.36,8.56,15.0,125.0,0,0,6.57,-17.72,-4.23,0.000,0.000,0.000,1.000,0.100,0.100,0.100,1,24.5,102.0,763,804,16,114,0
12.36,climb_cruise,445.7,445.7,34410.2,-14764,-28.54,-140.18,329.34,8.58,15.0,125.0,0,0,6.59,-17.72,-4.23,0.000,0.000,0.000,1.000,0.100,0.100,0.100,1,24.5,102.0,763,804,16,114,0
12.38,climb_cruise,445.8,445.8,34405.2,-14864,-28.70,-140.53,329.32,8.60,15.0,125.0,0,0,6.61,-17.72,-4.22,0.000,0.000,0.000,1.000,0.100,0.100,0.100,1,24.4,102.0,763,804,16,114,0
12.40,climb_cruise,445.8,445.8,34400.3,-14964,-28.85,-140.87,329.30,8.62,15.0,125.0,0,0,6.62,-17.72,-4.21,0.000,0.000,0.000,1.000,0.100,0.100,0.100,1,24.4,102.0,763,804,16,115,0
12.42,climb_cruise,445.9,445.9,34395.3,-15065,-29.01,-141.21,329.28,8.63,15.0,125.0,0,0,6.64,-17.72,-4.20,0.000,0.000,0.000,1.000,0.100,0.100,0.100,1,24.3,102.0,763,804,16,115,0
12.44,climb_cruise,446.0,446.0,34390.2,-15165,-29.17,-141.56,329.26,8.65,15.0,125.0,0,0,6.65,-17.71,-4.20,0.000,0.000,0.000,1.000,0.100,0.100,0.100,1,24.3,102.0,763,804,16,114,0
12.46,climb_cruise,446.0,446.0,34385.2,-15266,-29.32,-141.90,329.24,8.67,15.0,125.0,0,0,6.67,-17.71,-4.19,0.000,0.000,0.000,1.000,0.100,0.100,0.100,1,24.2,102.0,763,804,16,115,0
12.48,climb_cruise,446.1,446.1,34380.1,-15367,-29.48,-142.25,329.22,8.69,15.0,125.0,0,0,6.68,-17.71,-4.18,0.000,0.000,0.000,1.000,0.100,0.100,0.100,1,24.2,102.0,763,804,16,115,0
12.50,climb_cruise,446.2,446.2,34374.9,-15469,-29.64,-142.59,329.20,8.70,15.0,125.0,0,0,6.70,-17.71,-4.18,0.000,0.000,0.000,1.000,0.100,0.100,0.100,1,24.1,102.0,763,804,16,115,0
12.52,climb_cruise,446.3,446.3,34369.8,-15571,-29.79,-142.94,329.19,8.72,15.0,125.0,0,0,6.72,-17.71,-4.17,0.000,0.000,0.000,1.000,0.100,0.100,0.100,1,24.1,102.0,763,804,16,114,0
12.54,climb_cruise,446.3,446.3,34364.5,-15673,-29.95,-143.29,329.17,8.74,15.0,125.0,0,0,6.73,-17.70,-4.16,0.000,0.000,0.000,1.000,0.100,0.100,0.100,1,24.0,102.0,763,804,16,114,0
12.56,climb_cruise,446.4,446.4,34359.3,-15776,-30.11,-143.63,329.15,8.76,15.0,125.0,0,0,6.75,-17.70,-4.15,0.000,0.000,0.000,1.000,0.100,0.100,0.100,1,24.0,102.0,763,804,16,116,0
12.58,climb_cruise,446.5,446.5,34354.0,-15879,-30.27,-143.98,329.14,8.77,15.0,125.0,0,0,6.76,-17.70,-4.14,0.000,0.000,0.000,1.000,0.100,0.100,0.100,1,23.9,102.0,763,804,16,115,0
12.60,climb_cruise,446.6,446.6,34348.7,-15982,-30.42,-144.33,329.13,8.79,15.0,125.0,0,0,6.78,-17.70,-4.14,0.000,0.000,0.000,1.000,0.100,0.100,0.100,1,23.9,102.0,763,804,16,116,0
12.62,climb_cruise,446.6,446.6,34343.4,-16085,-30.58,-144.67,329.11,8.81,15.0,125.0,0,0,6.79,-17.70,-4.13,0.000,0.000,0.000,1.000,0.100,0.100,0.100,1,23.8,102.0,763,804,16,114,0
12.64,climb_cruise,446.7,446.7,34338.0,-16189,-30.74,-145.02,329.10,8.83,15.0,125.0,0,0,6.81,-17.69,-4.12,0.000,0.000,0.000,1.000,0.100,0.100,0.100,1,23.8,102.0,763,804,16,114,0
12.66,climb_cruise,446.8,446.8,34332.6,-16293,-30.90,-145.37,329.09,8.84,15.0,125.0,0,0,6.82,-17.69,-4.11,0.000,0.000,0.000,1.000,0.100,0.100,0.100,1,23.7,102.0,763,804,16,115,0
12.68,climb_cruise,446.9,446.9,34327.2,-16397,-31.06,-145.72,329.08,8.86,15.0,125.0,0,0,6.84,-17.69,-4.11,0.000,0.000,0.000,1.000,0.100,0.100,0.100,1,23.7,102.0,763,804,16,115,0
12.70,climb_cruise,447.0,447.0,34321.7,-16502,-31.22,-146.06,329.07,8.88,15.0,125.0,0,0,6.85,-17.69,-4.10,0.000,0.000,0.000,1.000,0.100,0.100,0.100,1,23.6,102.0,763,804,16,114,0
12.72,climb_cruise,447.1,447.1,34316.2,-16607,-31.38,-146.41,329.06,8.90,15.0,125.0,0,0,6.87,-17.68,-4.09,0.000,0.000,0.000,1.000,0.100,0.100,0.100,1,23.6,102.0,763,804,16,115,0
12.74,climb_cruise,447.1,447.1,34310.6,-16712,-31.54,-146.76,329.05,8.91,15.0,125.0,0,0,6.88,-17.68,-4.08,0.000,0.000,0.000,1.000,0.100,0.100,0.100,1,23.6,102.0,763,804,16,115,0
12.76,climb_cruise,447.2,447.2,34305.0,-16817,-31.70,-147.11,329.04,8.93,15.0,125.0,0,0,6.90,-17.68,-4.07,0.000,0.000,0.000,1.000,0.100,0.100,0.100,1,23.5,102.0,763,804,16,114,0
12.78,climb_cruise,447.3,447.3,34299.4,-16923,-31.86,-147.46,329.03,8.95,15.0,125.0,0,0,6.91,-17.68,-4.07,0.000,0.000,0.000,1.000,0.100,0.100,0.100,1,23.5,102.0,763,804,16,114,0
12.80,climb_cruise,447.4,447.4,34293.8,-17029,-32.02,-147.81,329.03,8.97,15.0,125.0,0,0,6.93,-17.67,-4.06,0.000,0.000,0.000,1.000,0.100,0.100,0.100,1,23.4,102.0,763,804,16,115,0
12.82,climb_cruise,447.5,447.5,34288.1,-17135,-32.18,-148.16,329.02,8.98,15.0,125.0,0,0,6.94,-17.67,-4.05,0.000,0.000,0.000,1.000,0.100,0.100,0.100,1,23.4,102.0,763,804,16,115,0
12.84,climb_cruise,447.6,447.6,34282.3,-17242,-32.34,-148.51,329.02,9.00,15.0,125.0,0,0,6.96,-17.67,-4.04,0.000,0.000,0.000,1.000,0.100,0.100,0.100,1,23.3,102.0,763,804,16,114,0
12.86,climb_cruise,447.7,447.7,34276.6,-17349,-32.50,-148.86,329.01,9.02,15.0,125.0,0,0,6.97,-17.66,-4.03,0.000,0.000,0.000,1.000,0.100,0.100,0.100,1,23.3,102.0,763,804,16,116,0
12.88,climb_cruise,447.7,447.7,34270.8,-17456,-32.66,-149.22,329.01,9.04,15.0,125.0,0,0,6.99,-17.66,-4.02,0.000,0.000,0.000,1.000,0.100,0.100,0.100,1,23.2,102.0,763,804,16,115,0
12.90,climb_cruise,447.8,447.8,34265.0,-17563,-32.82,-149.57,329.01,9.05,15.0,125.0,0,0,7.00,-17.66,-4.02,0.000,0.000,0.000,1.000,0.100,0.100,0.100,1,23.2,102.0,763,804,16,116,0
12.92,climb_cruise,447.9,447.9,34259.1,-17671,-32.99,-149.92,329.00,9.07,15.0,125.0,0,0,7.01,-17.65,-4.01,0.000,0.000,0.000,1.000,0.100,0.100,0.100,1,23.1,102.0,763,804,16,115,0
12.94,climb_cruise,448.0,448.0,34253.2,-17779,-33.15,-150.27,329.00,9.09,15.0,125.0,0,0,7.03,-17.65,-4.00,0.000,0.000,0.000,1.000,0.100,0.100,0.100,1,23.1,102.0,763,804,16,116,0
12.96,climb_cruise,448.1,448.1,34247.2,-17887,-33.31,-150.63,329.00,9.11,15.0,125.0,0,0,7.04,-17.65,-3.99,0.000,0.000,0.000,1.000,0.100,0.100,0.100,1,23.0,102.0,763,804,16,115,0
12.98,climb_cruise,448.2,448.2,34241.3,-17995,-33.47,-150.98,329.01,9.13,15.0,125.0,0,0,7.06,-17.64,-3.98,0.000,0.000,0.000,1.000,0.100,0.100,0.100,1,23.0,102.0,763,804,16,115,0
13.00,climb_cruise,448.3,448.3,34235.3,-18104,-33.63,-151.33,329.01,9.14,15.0,125.0,0,0,7.07,-17.64,-3.97,0.000,0.000,0.000,1.000,0.100,0.100,0.100,1,22.9,102.0,763,804,16,115,0
13.02,climb_cruise,448.4,448.4,34229.2,-18213,-33.80,-151.69,329.01,9.16,15.0,125.0,0,0,7.08,-17.64,-3.97,0.000,0.000,0.000,1.000,0.100,0.100,0.100,1,22.9,102.0,763,804,16,116,0
13.04,climb_cruise,448.5,448.5,34223.1,-18322,-33.96,-152.04,329.01,9.18,15.0,125.0,0,0,7.10,-17.63,-3.96,0.000,0.000,0.000,1.000,0.100,0.100,0.100,1,22.9,102.0,763,804,16,116,0
13.06,climb_cruise,448.6,448.6,34217.0,-18432,-34.12,-152.40,329.02,9.20,15.0,125.0,0,0,7.11,-17.63,-3.95,0.000,0.000,0.000,1.000,0.100,0.100,0.100,1,22.8,102.0,763,804,16,115,0
13.08,climb_cruise,448.7,448.7,34210.8,-18541,-34.28,-152.75,329.02,9.21,15.0,125.0,0,0,7.13,-17.62,-3.94,0.000,0.000,0.000,1.000,0.100,0.100,0.100,1,22.8,102.0,763,804,16,115,0
13.10,climb_cruise,448.8,448.8,34204.6,-18651,-34.45,-153.11,329.03,9.23,15.0,125.0,0,0,7.14,-17.62,-3.93,0.000,0.000,0.000,1.000,0.100,0.100,0.100,1,22.7,102.0,763,804,16,115,0
13.12,climb_cruise,448.9,448.9,34198.4,-18761,-34.61,-153.46,329.04,9.25,15.0,125.0,0,0,7.15,-17.62,-3.92,0.000,0.000,0.000,1.000,0.100,0.100,0.100,1,22.7,102.0,763,804,16,116,0
13.14,climb_cruise,449.0,449.0,34192.2,-18872,-34.77,-153.82,329.04,9.27,15.0,125.0,0,0,7.17,-17.61,-3.91,0.000,0.000,0.000,1.000,0.100,0.100,0.100,1,22.6,102.0,763,804,16,115,0
13.16,climb_cruise,449.1,449.1,34185.8,-18982,-34.94,-154.18,329.05,9.28,15.0,125.0,0,0,7.18,-17.61,-3.90,0.000,0.000,0.000,1.000,0.100,0.100,0.100,1,22.6,102.0,763,804,16,115,0
13.18,climb_cruise,449.2,449.2,34179.5,-19093,-35.10,-154.54,329.06,9.30,15.0,125.0,0,0,7.19,-17.60,-3.90,0.000,0.000,0.000,1.000,0.100,0.100,0.100,1,22.5,102.0,763,804,16,115,0
13.20,climb_cruise,449.3,449.3,34173.1,-19204,-35.26,-154.89,329.07,9.32,15.0,125.0,0,0,7.21,-17.60,-3.89,0.000,0.000,0.000,1.000,0.100,0.100,0.100,1,22.5,102.0,763,804,16,116,0
13.22,climb_cruise,449.4,449.4,34166.7,-19316,-35.43,-155.25,329.09,9.34,15.0,125.0,0,0,7.22,-17.59,-3.88,0.000,0.000,0.000,1.000,0.100,0.100,0.100,1,22.4,102.0,763,804,16,114,0
13.24,climb_cruise,449.5,449.5,34160.3,-19427,-35.59,-155.61,329.10,9.36,15.0,125.0,0,0,7.23,-17.59,-3.87,0.000,0.000,0.000,1.000,0.100,0.100,0.100,1,22.4,102.0,763,804,16,116,0
13.26,climb_cruise,449.6,449.6,34153.8,-19539,-35.75,-155.97,329.11,9.37,15.0,125.0,0,0,7.25,-17.58,-3.86,0.000,0.000,0.000,1.000,0.100,0.100,0.100,1,22.4,102.0,763,804,16,115,0
13.28,climb_cruise,449.7,449.7,34147.2,-19651,-35.92,-156.33,329.13,9.39,15.0,125.0,0,0,7.26,-17.58,-3.85,0.000,0.000,0.000,1.000,0.100,0.100,0.100,1,22.3,102.0,763,804,16,116,0
13.30,climb_cruise,449.8,449.8,34140.7,-19763,-36.08,-156.69,329.14,9.41,15.0,125.0,0,0,7.27,-17.58,-3.84,0.000,0.000,0.000,1.000,0.100,0.100,0.100,1,22.3,102.0,763,804,16,115,0
13.32,climb_cruise,449.9,449.9,34134.1,-19875,-36.25,-157.05,329.16,9.43,15.0,125.0,0,0,7.29,-17.57,-3.83,0.000,0.000,0.000,1.000,0.100,0.100,0.100,1,22.2,102.0,763,804,16,116,0
13.34,climb_cruise,450.0,450.0,34127.4,-19988,-36.41,-157.42,329.18,9.44,15.0,125.0,0,0,7.30,-17.57,-3.82,0.000,0.000,0.000,1.000,0.100,0.100,0.100,1,22.2,102.0,763,804,16,116,0
13.36,climb_cruise,450.1,450.1,34120.8,-20101,-36.58,-157.78,329.20,9.46,15.0,125.0,0,0,7.31,-17.56,-3.81,0.000,0.000,0.000,1.000,0.100,0.100,0.100,1,22.1,102.0,763,804,16,114,0
13.38,climb_cruise,450.3,450.3,34114.0,-20214,-36.74,-158.14,329.22,9.48,15.0,125.0,0,0,7.33,-17.56,-3.81,0.000,0.000,0.000,1.000,0.100,0.100,0.100,1,22.1,102.0,763,804,16,114,0
13.40,climb_cruise,450.4,450.4,34107.3,-20327,-36.90,-158.51,329.24,9.50,15.0,125.0,0,0,7.34,-17.55,-3.80,0.000,0.000,0.000,1.000,0.100,0.100,0.100,1,22.0,102.0,763,804,16,116,0
13.42,climb_cruise,450.5,450.5,34100.5,-20441,-37.07,-158.87,329.26,9.52,15.0,125.0,0,0,7.35,-17.55,-3.79,0.000,0.000,0.000,1.000,0.100,0.100,0.100,1,22.0,102.0,763,804,16,115,0
13.44,climb_cruise,450.6,450.6,34093.7,-20554,-37.23,-159.23,329.28,9.53,15.0,125.0,0,0,7.36,-17.54,-3.78,0.000,0.000,0.000,1.000,0.100,0.100,0.100,1,22.0,102.0,763,804,16,114,0
13.46,climb_cruise,450.7,450.7,34086.8,-20668,-37.40,-159.60,329.30,9.55,15.0,125.0,0,0,7.38,-17.54,-3.77,0.000,0.000,0.000,1.000,0.100,0.100,0.100,1,21.9,102.0,763,804,16,116,0
13.48,climb_cruise,450.8,450.8,34079.9,-20782,-37.56,-159.96,329.33,9.57,15.0,125.0,0,0,7.39,-17.53,-3.76,0.000,0.000,0.000,1.000,0.100,0.100,0.100,1,21.9,102.0,763,804,16,115,0
13.50,climb_cruise,450.9,450.9,34073.0,-20896,-37.73,-160.33,329.35,9.59,15.0,125.0,0,0,7.40,-17.52,-3.75,0.000,0.000,0.000,1.000,0.100,0.100,0.100,1,21.8,102.0,763,804,16,115,0
13.52,climb_cruise,451.1,451.1,34066.0,-21010,-37.89,-160.70,329.38,9.60,15.0,125.0,0,0,7.41,-17.52,-3.74,0.000,0.000,0.000,1.000,0.100,0.100,0.100,1,21.8,102.0,763,804,16,115,0
13.54,climb_cruise,451.2,451.2,34059.0,-21125,-38.06,-161.07,329.41,9.62,15.0,125.0,0,0,7.43,-17.51,-3.73,0.000,0.000,0.000,1.000,0.100,0.100,0.100,1,21.7,102.0,763,804,16,115,0
13.56,climb_cruise,451.3,451.3,34051.9,-21240,-38.22,-161.43,329.44,9.64,15.0,125.0,0,0,7.44,-17.51,-3.72,0.000,0.000,0.000,1.000,0.100,0.100,0.100,1,21.7,102.0,763,804,16,114,0
13.58,climb_cruise,451.4,451.4,34044.8,-21355,-38.39,-161.80,329.47,9.66,15.0,125.0,0,0,7.45,-17.50,-3.71,0.000,0.000,0.000,1.000,0.100,0.100,0.100,1,21.7,102.0,763,804,16,115,0
13.60,climb_cruise,451.5,451.5,34037.7,-21470,-38.55,-162.17,329.50,9.68,15.0,125.0,0,0,7.46,-17.50,-3.71,0.000,0.000,0.000,1.000,0.100,0.100,0.100,1,21.6,102.0,763,804,16,114,0
13.62,climb_cruise,451.7,451.7,34030.5,-21585,-38.72,-162.54,329.53,9.69,15.0,125.0,0,0,7.47,-17.49,-3.70,0.000,0.000,0.000,1.000,0.100,0.100,0.100,1,21.6,102.0,763,804,16,115,0
13.64,climb_cruise,451.8,451.8,34023.3,-21700,-38.88,-162.91,329.57,9.71,15.0,125.0,0,0,7.49,-17.48,-3.69,0.000,0.000,0.000,1.000,0.100,0.100,0.100,1,21.5,102.0,763,804,16,114,0
13.66,climb_cruise,451.9,451.9,34016.0,-21816,-39.04,-163.28,329.60,9.73,15.0,125.0,0,0,7.50,-17.48,-3.68,0.000,0.000,0.000,1.000,0.100,0.100,0.100,1,21.5,102.0,763,804,16,115,0
13.68,climb_cruise,452.0,452.0,34008.8,-21932,-39.21,-163.66,329.64,9.75,15.0,125.0,0,0,7.51,-17.47,-3.67,0.000,0.000,0.000,1.000,0.100,0.100,0.100,1,21.4,102.0,763,804,16,115,0
13.70,climb_cruise,452.1,452.1,34001.4,-22048,-39.37,-164.03,329.67,9.76,15.0,125.0,0,0,7.52,-17.47,-3.66,0.000,0.000,0.000,1.000,0.100,0.100,0.100,1,21.4,102.0,763,804,16,115,0
13.72,climb_cruise,452.3,452.3,33994.1,-22164,-39.54,-164.40,329.71,9.78,15.0,125.0,0,0,7.53,-17.46,-3.65,0.000,0.000,0.000,1.000,0.100,0.100,0.100,1,21.4,102.0,763,804,16,115,0
13.74,climb_cruise,452.4,452.4,33986.7,-22280,-39.70,-164.78,329.75,9.80,15.0,125.0,0,0,7.55,-17.45,-3.64,0.000,0.000,0.000,1.000,0.100,0.100,0.100,1,21.3,102.0,763,804,16,114,0
13.76,climb_cruise,452.5,452.5,33979.2,-22396,-39.87,-165.15,329.79,9.82,15.0,125.0,0,0,7.56,-17.45,-3.63,0.000,0.000,0.000,1.000,0.100,0.100,0.100,1,21.3,102.0,763,804,16,116,0
13.78,climb_cruise,452.6,452.6,33971.7,-22513,-40.03,-165.53,329.83,9.84,15.0,125.0,0,0,7.57,-17.44,-3.62,0.000,0.000,0.000,1.000,0.100,0.100,0.100,1,21.2,102.0,763,804,16,116,0
13.80,climb_cruise,452.8,452.8,33964.2,-22629,-40.20,-165.90,329.87,9.85,15.0,125.0,0,0,7.58,-17.44,-3.61,0.000,0.000,0.000,1.000,0.100,0.100,0.100,1,21.2,102.0,763,804,16,115,0
13.82,climb_cruise,452.9,452.9,33956.7,-22746,-40.36,-166.28,329.92,9.87,15.0,125.0,0,0,7.59,-17.43,-3.60,0.000,0.000,0.000,1.000,0.100,0.100,0.100,1,21.1,102.0,763,804,16,115,0
13.84,climb_cruise,453.0,453.0,33949.1,-22863,-40.53,-166.66,329.96,9.89,15.0,125.0,0,0,7.60,-17.42,-3.59,0.000,0.000,0.000,1.000,0.100,0.100,0.100,1,21.1,102.0,763,804,16,114,0
13.86,climb_cruise,453.2,453.2,33941.4,-22980,-40.69,-167.04,330.01,9.91,15.0,125.0,0,0,7.62,-17.42,-3.59,0.000,0.000,0.000,1.000,0.100,0.100,0.100,1,21.1,102.0,763,804,16,115,0
13.88,climb_cruise,453.3,453.3,33933.8,-23097,-40.86,-167.42,330.06,9.93,15.0,125.0,0,0,7.63,-17.41,-3.58,0.000,0.000,0.000,1.000,0.100,0.100,0.100,1,21.0,102.0,763,804,16,115,0
13.90,climb_cruise,453.4,453.4,33926.0,-23214,-41.02,-167.80,330.11,9.94,15.0,125.0,0,0,7.64,-17.40,-3.57,0.000,0.000,0.000,1.000,0.100,0.100,0.100,1,21.0,102.0,763,804,16,114,0
13.92,climb_cruise,453.6,453.6,33918.3,-23331,-41.19,-168.18,330.16,9.96,15.0,125.0,0,0,7.65,-17.40,-3.56,0.000,0.000,0.000,1.000,0.100,0.100,0.100,1,20.9,102.0,763,804,16,114,0
13.94,climb_cruise,453.7,453.7,33910.5,-23449,-41.35,-168.56,330.21,9.98,15.0,125.0,0,0,7.66,-17.39,-3.55,0.000,0.000,0.000,1.000,0.100,0.100,0.100,1,20.9,102.0,763,804,16,115,0
13.96,climb_cruise,453.8,453.8,33902.7,-23567,-41.51,-168.94,330.26,10.00,15.0,125.0,0,0,7.67,-17.38,-3.54,0.000,0.000,0.000,1.000,0.100,0.100,0.100,1,20.8,102.0,763,804,16,115,0
13.98,climb_cruise,454.0,454.0,33894.8,-23684,-41.68,-169.33,330.32,10.02,15.0,125.0,0,0,7.68,-17.38,-3.53,0.000,0.000,0.000,1.000,0.100,0.100,0.100,1,20.8,102.0,763,804,16,115,0
14.00,climb_cruise,454.1,454.1,33886.9,-23802,-41.84,-169.71,330.37,10.03,15.0,125.0,0,0,7.69,-17.37,-3.52,0.000,0.000,0.000,1.000,0.100,0.100,0.100,1,20.8,102.0,763,804,16,115,0
14.02,climb_cruise,454.2,454.2,33878.9,-23920,-42.01,-170.10,330.43,10.05,15.0,125.0,0,0,7.70,-17.36,-3.51,0.000,0.000,0.000,1.000,0.100,0.100,0.100,1,20.7,102.0,763,804,16,114,0
14.04,climb_cruise,454.4,454.4,33870.9,-24038,-42.17,-170.48,330.49,10.07,15.0,125.0,0,0,7.71,-17.35,-3.50,0.000,0.000,0.000,1.000,0.100,0.100,0.100,1,20.7,102.0,763,804,16,116,0
14.06,climb_cruise,454.5,454.5,33862.9,-24156,-42.33,-170.87,330.55,10.09,15.0,125.0,0,0,7.73,-17.35,-3.49,0.000,0.000,0.000,1.000,0.100,0.100,0.100,1,20.6,102.0,763,804,16,114,0
14.08,climb_cruise,454.7,454.7,33854.8,-24274,-42.50,-171.26,330.61,10.11,15.0,125.0,0,0,7.74,-17.34,-3.48,0.000,0.000,0.000,1.000,0.100,0.100,0.100,1,20.6,102.0,763,804,16,115,0
14.10,climb_cruise,454.8,454.8,33846.7,-24393,-42.66,-171.65,330.67,10.12,15.0,125.0,0,0,7.75,-17.33,-3.47,0.000,0.000,0.000,1.000,0.100,0.100,0.100,1,20.6,102.0,763,804,16,115,0
14.12,climb_cruise,454.9,454.9,33838.6,-24511,-42.82,-172.04,330.73,10.14,15.0,125.0,0,0,7.76,-17.33,-3.47,0.000,0.000,0.000,1.000,0.100,0.100,0.100,1,20.5,102.0,763,804,16,115,0
14.14,climb_cruise,455.1,455.1,33830.4,-24630,-42.99,-172.43,330.80,10.16,15.0,125.0,0,0,7.77,-17.32,-3.46,0.000,0.000,0.000,1.000,0.100,0.100,0.100,1,20.5,102.0,763,804,16,115,0
14.16,climb_cruise,455.2,455.2,33822.2,-24748,-43.15,-172.82,330.86,10.18,15.0,125.0,0,0,7.78,-17.31,-3.45,0.000,0.000,0.000,1.000,0.100,0.100,0.100,1,20.4,102.0,763,804,16,115,0
14.18,climb_cruise,455.4,455.4,33813.9,-24867,-43.31,-173.21,330.93,10.20,15.0,125.0,0,0,7.79,-17.30,-3.44,0.000,0.000,0.000,1.000,0.100,0.100,0.100,1,20.4,102.0,763,804,16,114,0
14.20,climb_cruise,455.5,455.5,33805.6,-24985,-43.48,-173.60,331.00,10.21,15.0,125.0,0,0,7.80,-17.30,-3.43,0.000,0.000,0.000,1.000,0.100,0.100,0.100,1,20.4,102.0,763,804,16,115,0
14.22,climb_cruise,455.7,455.7,33797.3,-25104,-43.64,-174.00,331.07,10.23,15.0,125.0,0,0,7.81,-17.29,-3.42,0.000,0.000,0.000,1.000,0.100,0.100,0.100,1,20.3,102.0,763,804,16,115,0
14.24,climb_cruise,455.8,455.8,33788.9,-25223,-43.80,-174.39,331.14,10.25,15.0,125.0,0,0,7.82,-17.28,-3.41,0.000,0.000,0.000,1.000,0.100,0.100,0.100,1,20.3,102.0,763,804,16,115,0
14.26,climb_cruise,456.0,456.0,33780.5,-25342,-43.96,-174.79,331.22,10.27,15.0,125.0,0,0,7.83,-17.27,-3.40,0.000,0.000,0.000,1.000,0.100,0.100,0.100,1,20.2,102.0,763,804,16,114,0
14.28,climb_cruise,456.1,456.1,33772.0,-25461,-44.13,-175.19,331.29,10.28,15.0,125.0,0,0,7.84,-17.27,-3.39,0.000,0.000,0.000,1.000,0.100,0.100,0.100,1,20.2,102.0,763,804,16,114,0
14.30,climb_cruise,456.3,456.3,33763.5,-25580,-44.29,-175.59,331.37,10.30,15.0,125.0,0,0,7.85,-17.26,-3.38,0.000,0.000,0.000,1.000,0.100,0.100,0.100,1,20.2,102.0,763,804,16,115,0
14.32,climb_cruise,456.4,456.4,33755.0,-25699,-44.45,-175.99,331.45,10.32,15.0,125.0,0,0,7.86,-17.25,-3.37,0.000,0.000,0.000,1.000,0.100,0.100,0.100,1,20.1,102.0,763,804,16,115,0
14.34,climb_cruise,456.6,456.6,33746.4,-25818,-44.61,-176.39,331.53,10.34,15.0,125.0,0,0,7.87,-17.24,-3.37,0.000,0.000,0.000,1.000,0.100,0.100,0.100,1,20.1,102.0,763,804,16,115,0
14.36,climb_cruise,456.7,456.7,33737.8,-25937,-44.77,-176.79,331.61,10.36,15.0,125.0,0,0,7.88,-17.23,-3.36,0.000,0.000,0.000,1.000,0.100,0.100,0.100,1,20.0,102.0,763,804,16,116,0
14.38,climb_cruise,456.9,456.9,33729.1,-26056,-44.93,-177.19,331.69,10.38,15.0,125.0,0,0,7.89,-17.23,-3.35,0.000,0.000,0.000,1.000,0.100,0.100,0.100,1,20.0,102.0,763,804,16,115,0
14.40,climb_cruise,457.0,457.0,33720.4,-26175,-45.09,-177.60,331.77,10.39,15.0,125.0,0,0,7.90,-17.22,-3.34,0.000,0.000,0.000,1.000,0.100,0.100,0.100,1,20.0,102.0,763,804,16,115,0
14.42,climb_cruise,457.2,457.2,33711.6,-26295,-45.26,-178.00,331.86,10.41,15.0,125.0,0,0,7.91,-17.21,-3.33,0.000,0.000,0.000,1.000,0.100,0.100,0.100,1,19.9,102.0,763,804,16,115,0
14.44,climb_cruise,457.3,457.3,33702.9,-26414,-45.42,-178.41,331.95,10.43,15.0,125.0,0,0,7.92,-17.20,-3.32,0.000,0.000,0.000,1.000,0.100,0.100,0.100,1,19.9,102.0,763,804,16,115,0
14.46,climb_cruise,457.5,457.5,33694.0,-26533,-45.58,-178.82,332.04,10.45,15.0,125.0,0,0,7.93,-17.19,-3.31,0.000,0.000,0.000,1.000,0.100,0.100,0.100,1,19.8,102.0,763,804,16,115,0
14.48,climb_cruise,457.6,457.6,33685.2,-26652,-45.74,-179.22,332.13,10.47,15.0,125.0,0,0,7.94,-17.19,-3.30,0.000,0.000,0.000,1.000,0.100,0.100,0.100,1,19.8,102.0,763,804,16,115,0
14.50,climb_cruise,457.8,457.8,33676.3,-26772,-45.90,-179.63,332.22,10.48,15.0,125.0,0,0,7.95,-17.18,-3.29,0.000,0.000,0.000,1.000,0.100,0.100,0.100,1,19.8,102.0,763,804,16,114,0
14.52,climb_cruise,458.0,458.0,33667.3,-26891,-46.05,179.95,332.31,10.50,15.0,125.0,0,0,7.96,-17.17,-3.29,0.000,0.000,0.000,1.000,0.100,0.100,0.100,1,19.7,102.0,763,804,16,116,0
14.54,climb_cruise,458.1,458.1,33658.4,-27010,-46.21,179.54,332.41,10.52,15.0,125.0,0,0,7.97,-17.16,-3.28,0.000,0.000,0.000,1.000,0.100,0.100,0.100,1,19.7,102.0,763,804,16,115,0
14.56,climb_cruise,458.3,458.3,33649.3,-27130,-46.37,179.13,332.51,10.54,15.0,125.0,0,0,7.98,-17.15,-3.27,0.000,0.000,0.000,1.000,0.100,0.100,0.100,1,19.6,102.0,763,804,16,115,0
14.58,climb_cruise,458.4,458.4,33640.3,-27249,-46.53,178.71,332.61,10.56,15.0,125.0,0,0,7.99,-17.15,-3.26,0.000,0.000,0.000,1.000,0.100,0.100,0.100,1,19.6,102.0,763,804,16,114,0
14.60,climb_cruise,458.6,458.6,33631.2,-27368,-46.69,178.30,332.71,10.57,15.0,125.0,0,0,8.00,-17.14,-3.25,0.000,0.000,0.000,1.000,0.100,0.100,0.100,1,19.6,102.0,763,804,16,115,0
14.62,climb_cruise,458.8,458.8,33622.1,-27488,-46.85,177.88,332.81,10.59,15.0,125.0,0,0,8.01,-17.13,-3.24,0.000,0.000,0.000,1.000,0.100,0.100,0.100,1,19.5,102.0,763,804,16,114,0
14.64,climb_cruise,458.9,458.9,33612.9,-27607,-47.00,177.46,332.91,10.61,15.0,125.0,0,0,8.02,-17.12,-3.23,0.000,0.000,0.000,1.000,0.100,0.100,0.100,1,19.5,102.0,763,804,16,114,0
14.66,climb_cruise,459.1,459.1,33603.7,-27726,-47.16,177.04,333.02,10.63,15.0,125.0,0,0,8.02,-17.11,-3.22,0.000,0.000,0.000,1.000,0.100,0.100,0.100,1,19.4,102.0,763,804,16,115,0
14.68,climb_cruise,459.3,459.3,33594.4,-27846,-47.32,176.62,333.13,10.65,15.0,125.0,0,0,8.03,-17.10,-3.22,0.000,0.000,0.000,1.000,0.100,0.100,0.100,1,19.4,102.0,763,804,16,116,0
14.70,climb_cruise,459.4,459.4,33585.1,-27965,-47.47,176.20,333.24,10.66,15.0,125.0,0,0,8.04,-17.09,-3.21,0.000,0.000,0.000,1.000,0.100,0.100,0.100,1,19.4,102.0,763,804,16,114,0
14.72,climb_cruise,459.6,459.6,33575.8,-28084,-47.63,175.77,333.35,10.68,15.0,125.0,0,0,8.05,-17.09,-3.20,0.000,0.000,0.000,1.000,0.100,0.100,0.100,1,19.3,102.0,763,804,16,115,0
14.74,climb_cruise,459.8,459.8,33566.4,-28203,-47.79,175.35,333.46,10.70,15.0,125.0,0,0,8.06,-17.08,-3.19,0.000,0.000,0.000,1.000,0.100,0.100,0.100,1,19.3,102.0,763,804,16,115,0
14.76,climb_cruise,459.9,459.9,33557.0,-28322,-47.94,174.92,333.58,10.72,15.0,125.0,0,0,8.07,-17.07,-3.18,0.000,0.000,0.000,1.000,0.100,0.100,0.100,1,19.2,102.0,763,804,16,115,0
14.78,climb_cruise,460.1,460.1,33547.5,-28442,-48.10,174.49,333.69,10.74,15.0,125.0,0,0,8.08,-17.06,-3.17,0.000,0.000,0.000,1.000,0.100,0.100,0.100,1,19.2,102.0,763,804,16,114,0
14.80,climb_cruise,460.3,460.3,33538.0,-28561,-48.25,174.06,333.81,10.75,15.0,125.0,0,0,8.09,-17.05,-3.17,0.000,0.000,0.000,1.000,0.100,0.100,0.100,1,19.2,102.0,763,804,16,115,0
14.82,climb_cruise,460.4,460.4,33528.5,-28680,-48.41,173.63,333.93,10.77,15.0,125.0,0,0,8.10,-17.04,-3.16,0.000,0.000,0.000,1.000,0.100,0.100,0.100,1,19.1,102.0,763,804,16,116,0
14.84,climb_cruise,460.6,460.6,33518.9,-28799,-48.56,173.20,334.06,10.79,15.0,125.0,0,0,8.11,-17.03,-3.15,0.000,0.000,0.000,1.000,0.100,0.100,0.100,1,19.1,102.0,763,804,16,114,0
14.86,climb_cruise,460.8,460.8,33509.3,-28918,-48.71,172.77,334.18,10.81,15.0,125.0,0,0,8.12,-17.02,-3.14,0.000,0.000,0.000,1.000,0.100,0.100,0.100,1,19.1,102.0,763,804,16,114,0
14.88,climb_cruise,461.0,461.0,33499.6,-29036,-48.87,172.33,334.31,10.83,15.0,125.0,0,0,8.12,-17.02,-3.13,0.000,0.000,0.000,1.000,0.100,0.100,0.100,1,19.0,102.0,763,804,16,115,0
14.90,climb_cruise,461.1,461.1,33489.9,-29155,-49.02,171.89,334.44,10.85,15.0,125.0,0,0,8.13,-17.01,-3.12,0.000,0.000,0.000,1.000,0.100,0.100,0.100,1,19.0,102.0,763,804,16,115,0
14.92,climb_cruise,461.3,461.3,33480.2,-29274,-49.17,171.46,334.57,10.86,15.0,125.0,0,0,8.14,-17.00,-3.12,0.000,0.000,0.000,1.000,0.100,0.100,0.100,1,18.9,102.0,763,804,16,115,0
14.94,climb_cruise,461.5,461.5,33470.4,-29393,-49.32,171.02,334.70,10.88,15.0,125.0,0,0,8.15,-16.99,-3.11,0.000,0.000,0.000,1.000,0.100,0.100,0.100,1,18.9,102.0,763,804,16,116,0
14.96,climb_cruise,461.7,461.7,33460.6,-29511,-49.47,170.57,334.83,10.90,15.0,125.0,0,0,8.16,-16.98,-3.10,0.000,0.000,0.000,1.000,0.100,0.100,0.100,1,18.9,102.0,763,804,16,116,0
14.98,climb_cruise,461.8,461.8,33450.8,-29630,-49.62,170.13,334.97,10.92,15.0,125.0,0,0,8.17,-16.97,-3.09,0.000,0.000,0.000,1.000,0.100,0.100,0.100,1,18.8,102.0,763,804,16,116,0
15.00,climb_cruise,462.0,462.0,33440.9,-29748,-49.77,169.69,335.11,10.94,15.0,125.0,0,0,8.18,-16.96,-3.08,0.000,0.000,0.000,1.000,0.100,0.100,0.100,1,18.8,102.0,763,804,16,115,0
15.02,climb_cruise,462.2,462.2,33430.9,-29867,-49.92,169.24,335.25,10.95,15.0,125.0,0,0,8.18,-16.95,-3.08,0.000,0.000,0.000,1.000,0.100,0.100,0.100,1,18.8,102.0,763,804,16,114,0
15.04,climb_cruise,462.4,462.4,33421.0,-29985,-50.07,168.79,335.39,10.97,15.0,125.0,0,0,8.19,-16.94,-3.07,0.000,0.000,0.000,1.000,0.100,0.100,0.100,1,18.7,102.0,763,804,16,114,0
15.06,climb_cruise,462.5,462.5,33411.0,-30103,-50.22,168.34,335.53,10.99,15.0,125.0,0,0,8.20,-16.93,-3.06,0.000,0.000,0.000,1.000,0.100,0.100,0.100,1,18.7,102.0,763,804,16,114,0
15.08,climb_cruise,462.7,462.7,33400.9,-30221,-50.37,167.89,335.68,11.01,15.0,125.0,0,0,8.21,-16.92,-3.05,0.000,0.000,0.000,1.000,0.100,0.100,0.100,1,18.6,102.0,763,804,16,116,0
15.10,climb_cruise,462.9,462.9,33390.8,-30339,-50.52,167.44,335.83,11.03,15.0,125.0,0,0,8.22,-16.91,-3.04,0.000,0.000,0.000,1.000,0.100,0.100,0.100,1,18.6,102.0,763,804,16,115,0
15.12,climb_cruise,463.1,463.1,33380.7,-30457,-50.66,166.98,335.98,11.05,15.0,125.0,0,0,8.23,-16.91,-3.04,0.000,0.000,0.000,1.000,0.100,0.100,0.100,1,18.6,102.0,763,804,16,115,0
15.14,climb_cruise,463.3,463.3,33370.5,-30575,-50.81,166.53,336.13,11.06,15.0,125.0,0,0,8.24,-16.90,-3.03,0.000,0.000,0.000,1.000,0.100,0.100,0.100,1,18.5,102.0,763,804,16,115,0
15.16,climb_cruise,463.5,463.5,33360.3,-30692,-50.96,166.07,336.29,11.08,15.0,125.0,0,0,8.24,-16.89,-3.02,0.000,0.000,0.000,1.000,0.100,0.100,0.100,1,18.5,102.0,763,804,16,114,0
15.18,climb_cruise,463.6,463.6,33350.1,-30810,-51.10,165.61,336.45,11.10,15.0,125.0,0,0,8.25,-16.88,-3.01,0.000,0.000,0.000,1.000,0.100,0.100,0.100,1,18.5,102.0,763,804,16,115,0
15.20,climb_cruise,463.8,463.8,33339.8,-30927,-51.25,165.15,336.61,11.12,15.0,125.0,0,0,8.26,-16.87,-3.01,0.000,0.000,0.000,1.000,0.100,0.100,0.100,1,18.4,102.0,763,804,16,116,0
15.22,climb_cruise,464.0,464.0,33329.5,-31044,-51.39,164.68,336.77,11.14,15.0,125.0,0,0,8.27,-16.86,-3.00,0.000,0.000,0.000,1.000,0.100,0.100,0.100,1,18.4,102.0,763,804,16,114,0
15.24,climb_cruise,464.2,464.2,33319.1,-31161,-51.53,164.22,336.93,11.15,15.0,125.0,0,0,8.28,-16.85,-2.99,0.000,0.000,0.000,1.000,0.100,0.100,0.100,1,18.3,102.0,763,804,16,115,0
15.26,climb_cruise,464.4,464.4,33308.7,-31278,-51.68,163.75,337.10,11.17,15.0,125.0,0,0,8.28,-16.84,-2.98,0.000,0.000,0.000,1.000,0.100,0.100,0.100,1,18.3,102.0,763,804,16,115,0
15.28,climb_cruise,464.6,464.6,33298.2,-31395,-51.82,163.28,337.27,11.19,15.0,125.0,0,0,8.29,-16.83,-2.98,0.000,0.000,0.000,1.000,0.100,0.100,0.100,1,18.3,102.0,763,804,16,115,0
15.30,climb_cruise,464.8,464.8,33287.8,-31512,-51.96,162.81,337.44,11.21,15.0,125.0,0,0,8.30,-16.82,-2.97,0.000,0.000,0.000,1.000,0.100,0.100,0.100,1,18.2,102.0,763,804,16,114,0
15.32,climb_cruise,465.0,465.0,33277.2,-31629,-52.10,162.34,337.61,11.23,15.0,125.0,0,0,8.31,-16.81,-2.96,0.000,0.000,0.000,1.000,0.100,0.100,0.100,1,18.2,102.0,763,804,16,116,0
15.34,climb_cruise,465.2,465.2,33266.7,-31745,-52.24,161.86,337.78,11.25,15.0,125.0,0,0,8.32,-16.80,-2.96,0.000,0.000,0.000,1.000,0.100,0.100,0.100,1,18.2,102.0,763,804,16,116,0
15.36,climb_cruise,465.3,465.3,33256.1,-31861,-52.38,161.39,337.96,11.26,15.0,125.0,0,0,8.32,-16.79,-2.95,0.000,0.000,0.000,1.000,0.100,0.100,0.100,1,18.1,102.0,763,804,16,114,0
15.38,climb_cruise,465.5,465.5,33245.5,-31977,-52.52,160.91,338.14,11.28,15.0,125.0,0,0,8.33,-16.78,-2.94,0.000,0.000,0.000,1.000,0.100,0.100,0.100,1,18.1,102.0,763,804,16,116,0
15.40,climb_cruise,465.7,465.7,33234.8,-32093,-52.66,160.43,338.32,11.30,15.0,125.0,0,0,8.34,-16.77,-2.93,0.000,0.000,0.000,1.000,0.100,0.100,0.100,1,18.1,102.0,763,804,16,116,0
15.42,climb_cruise,465.9,465.9,33224.1,-32209,-52.79,159.95,338.51,11.32,15.0,125.0,0,0,8.35,-16.76,-2.93,0.000,0.000,0.000,1.000,0.100,0.100,0.100,1,18.0,102.0,763,804,16,114,0
15.44,climb_cruise,466.1,466.1,33213.3,-32324,-52.93,159.46,338.69,11.34,15.0,125.0,0,0,8.36,-16.75,-2.92,0.000,0.000,0.000,1.000,0.100,0.100,0.100,1,18.0,102.0,763,804,16,115,0
15.46,climb_cruise,466.3,466.3,33202.5,-32440,-53.07,158.98,338.88,11.36,15.0,125.0,0,0,8.36,-16.74,-2.91,0.000,0.000,0.000,1.000,0.100,0.100,0.100,1,17.9,102.0,763,804,16,115,0
15.48,climb_cruise,466.5,466.5,33191.7,-32555,-53.20,158.49,339.08,11.37,15.0,125.0,0,0,8.37,-16.74,-2.91,0.000,0.000,0.000,1.000,0.100,0.100,0.100,1,17.9,102.0,763,804,16,115,0
15.50,climb_cruise,466.7,466.7,33180.8,-32670,-53.33,158.00,339.27,11.39,15.0,125.0,0,0,8.38,-16.73,-2.90,0.000,0.000,0.000,1.000,0.100,0.100,0.100,1,17.9,102.0,763,804,16,115,0
15.52,climb_cruise,466.9,466.9,33169.9,-32785,-53.47,157.50,339.47,11.41,15.0,125.0,0,0,8.39,-16.72,-2.89,0.000,0.000,0.000,1.000,0.100,0.100,0.100,1,17.8,102.0,763,804,16,115,0
15.54,climb_cruise,467.1,467.1,33159.0,-32899,-53.60,157.01,339.67,11.43,15.0,125.0,0,0,8.40,-16.71,-2.89,0.000,0.000,0.000,1.000,0.100,0.100,0.100,1,17.8,102.0,763,804,16,115,0
15.56,climb_cruise,467.3,467.3,33148.0,-33014,-53.73,156.51,339.87,11.45,15.0,125.0,0,0,8.40,-16.70,-2.88,0.000,0.000,0.000,1.000,0.100,0.100,0.100,1,17.8,102.0,763,804,16,116,0
15.58,climb_cruise,467.5,467.5,33137.0,-33128,-53.86,156.02,340.07,11.46,15.0,125.0,0,0,8.41,-16.69,-2.87,0.000,0.000,0.000,1.000,0.100,0.100,0.100,1,17.7,102.0,763,804,16,115,0
15.60,climb_cruise,467.7,467.7,33125.9,-33242,-53.99,155.52,340.28,11.48,15.0,125.0,0,0,8.42,-16.68,-2.87,0.000,0.000,0.000,1.000,0.100,0.100,0.100,1,17.7,102.0,763,804,16,114,0
15.62,climb_cruise,467.9,467.9,33114.8,-33355,-54.12,155.01,340.49,11.50,15.0,125.0,0,0,8.43,-16.67,-2.86,0.000,0.000,0.000,1.000,0.100,0.100,0.100,1,17.7,102.0,763,804,16,115,0
15.64,climb_cruise,468.1,468.1,33103.7,-33469,-54.25,154.51,340.70,11.52,15.0,125.0,0,0,8.43,-16.66,-2.86,0.000,0.000,0.000,1.000,0.100,0.100,0.100,1,17.6,102.0,763,804,16,116,0
15.66,climb_cruise,468.3,468.3,33092.5,-33582,-54.38,154.00,340.91,11.54,15.0,125.0,0,0,8.44,-16.65,-2.85,0.000,0.000,0.000,1.000,0.100,0.100,0.100,1,17.6,102.0,763,804,16,115,0
15.68,climb_cruise,468.5,468.5,33081.3,-33695,-54.50,153.49,341.13,11.56,15.0,125.0,0,0,8.45,-16.64,-2.84,0.000,0.000,0.000,1.000,0.100,0.100,0.100,1,17.6,102.0,763,804,16,114,0
15.70,climb_cruise,468.7,468.7,33070.1,-33808,-54.63,152.98,341.35,11.57,15.0,125.0,0,0,8.46,-16.63,-2.84,0.000,0.000,0.000,1.000,0.100,0.100,0.100,1,17.5,102.0,763,804,16,115,0
15.72,climb_cruise,468.9,468.9,33058.8,-33921,-54.75,152.47,341.57,11.59,15.0,125.0,0,0,8.46,-16.62,-2.83,0.000,0.000,0.000,1.000,0.100,0.100,0.100,1,17.5,102.0,763,804,16,115,0
15.74,climb_cruise,469.1,469.1,33047.5,-34033,-54.88,151.95,341.79,11.61,15.0,125.0,0,0,8.47,-16.61,-2.82,0.000,0.000,0.000,1.000,0.100,0.100,0.100,1,17.4,102.0,763,804,16,115,0
15.76,climb_cruise,469.3,469.3,33036.1,-34145,-55.00,151.44,342.02,11.63,15.0,125.0,0,0,8.48,-16.60,-2.82,0.000,0.000,0.000,1.000,0.100,0.100,0.100,1,17.4,102.0,763,804,16,116,0
15.78,climb_cruise,469.5,469.5,33024.7,-34257,-55.12,150.92,342.25,11.65,15.0,125.0,0,0,8.49,-16.59,-2.81,0.000,0.000,0.000,1.000,0.100,0.100,0.100,1,17.4,102.0,763,804,16,115,0
15.80,climb_cruise,469.7,469.7,33013.3,-34369,-55.24,150.39,342.48,11.67,15.0,125.0,0,0,8.49,-16.58,-2.81,0.000,0.000,0.000,1.000,0.100,0.100,0.100,1,17.3,102.0,763,804,16,116,0
15.82,climb_cruise,469.9,469.9,33001.8,-34480,-55.36,149.87,342.71,11.68,15.0,125.0,0,0,8.50,-16.57,-2.80,0.000,0.000,0.000,1.000,0.100,0.100,0.100,1,17.3,102.0,763,804,16,116,0
15.84,climb_cruise,470.2,470.2,32990.3,-34591,-55.48,149.34,342.95,11.70,15.0,125.0,0,0,8.51,-16.56,-2.80,0.000,0.000,0.000,1.000,0.100,0.100,0.100,1,17.3,102.0,763,804,16,115,0
15.86,climb_cruise,470.4,470.4,32978.7,-34702,-55.60,148.82,343.19,11.72,15.0,125.0,0,0,8.52,-16.55,-2.79,0.000,0.000,0.000,1.000,0.100,0.100,0.100,1,17.2,102.0,763,804,16,115,0
15.88,climb_cruise,470.6,470.6,32967.2,-34812,-55.71,148.29,343.43,11.74,15.0,125.0,0,0,8.52,-16.54,-2.78,0.000,0.000,0.000,1.000,0.100,0.100,0.100,1,17.2,102.0,763,804,16,114,0
15.90,climb_cruise,470.8,470.8,32955.5,-34922,-55.83,147.75,343.68,11.76,15.0,125.0,0,0,8.53,-16.53,-2.78,0.000,0.000,0.000,1.000,0.100,0.100,0.100,1,17.2,102.0,763,804,16,114,0
15.92,climb_cruise,471.0,471.0,32943.9,-35032,-55.94,147.22,343.92,11.78,15.0,125.0,0,0,8.54,-16.52,-2.77,0.000,0.000,0.000,1.000,0.100,0.100,0.100,1,17.1,102.0,763,804,16,115,0
15.94,climb_cruise,471.2,471.2,32932.2,-35142,-56.06,146.68,344.17,11.79,15.0,125.0,0,0,8.55,-16.51,-2.77,0.000,0.000,0.000,1.000,0.100,0.100,0.100,1,17.1,102.0,763,804,16,115,0
15.96,climb_cruise,471.4,471.4,32920.5,-35251,-56.17,146.14,344.42,11.81,15.0,125.0,0,0,8.55,-16.50,-2.76,0.000,0.000,0.000,1.000,0.100,0.100,0.100,1,17.1,102.0,763,804,16,115,0
15.98,climb_cruise,471.6,471.6,32908.7,-35360,-56.28,145.60,344.68,11.83,15.0,125.0,0,0,8.56,-16.49,-2.76,0.000,0.000,0.000,1.000,0.100,0.100,0.100,1,17.0,102.0,763,804,16,115,0
16.00,climb_cruise,471.8,471.8,32896.9,-35469,-56.39,145.05,344.94,11.85,15.0,125.0,0,0,8.57,-16.48,-2.75,0.000,0.000,0.000,1.000,0.100,0.100,0.100,1,17.0,102.0,763,804,16,115,0
16.02,climb_cruise,472.1,472.1,32885.1,-35578,-56.50,144.51,345.20,11.87,15.0,125.0,0,0,8.58,-16.47,-2.75,0.000,0.000,0.000,1.000,0.100,0.100,0.100,1,17.0,102.0,763,804,16,115,0
16.04,climb_cruise,472.3,472.3,32873.2,-35686,-56.60,143.96,345.46,11.89,15.0,125.0,0,0,8.58,-16.46,-2.74,0.000,0.000,0.000,1.000,0.100,0.100,0.100,1,16.9,102.0,763,804,16,115,0
16.06,climb_cruise,472.5,472.5,32861.3,-35793,-56.71,143.41,345.73,11.90,15.0,125.0,0,0,8.59,-16.45,-2.74,0.000,0.000,0.000,1.000,0.100,0.100,0.100,1,16.9,102.0,763,804,16,114,0
16.08,climb_cruise,472.7,472.7,32849.3,-35901,-56.81,142.85,345.99,11.92,15.0,125.0,0,0,8.60,-16.44,-2.73,0.000,0.000,0.000,1.000,0.100,0.100,0.100,1,16.9,102.0,763,804,16,115,0
16.10,climb_cruise,472.9,472.9,32837.3,-36008,-56.92,142.30,346.26,11.94,15.0,125.0,0,0,8.60,-16.43,-2.73,0.000,0.000,0.000,1.000,0.100,0.100,0.100,1,16.8,102.0,763,804,16,116,0
16.12,climb_cruise,473.1,473.1,32825.3,-36115,-57.02,141.74,346.54,11.96,15.0,125.0,0,0,8.61,-16.42,-2.72,0.000,0.000,0.000,1.000,0.100,0.100,0.100,1,16.8,102.0,763,804,16,115,0
16.14,climb_cruise,473.4,473.4,32813.3,-36221,-57.12,141.18,346.81,11.98,15.0,125.0,0,0,8.62,-16.41,-2.72,0.000,0.000,0.000,1.000,0.100,0.100,0.100,1,16.8,102.0,763,804,16,115,0
16.16,climb_cruise,473.6,473.6,32801.2,-36328,-57.22,140.62,347.09,11.99,15.0,125.0,0,0,8.63,-16.40,-2.71,0.000,0.000,0.000,1.000,0.100,0.100,0.100,1,16.7,102.0,763,804,16,114,0
16.18,climb_cruise,473.8,473.8,32789.1,-36433,-57.32,140.05,347.37,12.01,15.0,125.0,0,0,8.63,-16.39,-2.71,0.000,0.000,0.000,1.000,0.100,0.100,0.100,1,16.7,102.0,763,804,16,114,0
16.20,climb_cruise,474.0,474.0,32776.9,-36539,-57.42,139.49,347.66,12.03,15.0,125.0,0,0,8.64,-16.39,-2.70,0.000,0.000,0.000,1.000,0.100,0.100,0.100,1,16.7,102.0,763,804,16,116,0
16.22,climb_cruise,474.2,474.2,32764.7,-36644,-57.51,138.92,347.94,12.05,15.0,125.0,0,0,8.65,-16.38,-2.70,0.000,0.000,0.000,1.000,0.100,0.100,0.100,1,16.6,102.0,763,804,16,114,0
16.24,climb_cruise,474.5,474.5,32752.5,-36749,-57.61,138.35,348.23,12.07,15.0,125.0,0,0,8.66,-16.37,-2.70,0.000,0.000,0.000,1.000,0.100,0.100,0.100,1,16.6,102.0,763,804,16,115,0
16.26,climb_cruise,474.7,474.7,32740.2,-36853,-57.70,137.77,348.52,12.09,15.0,125.0,0,0,8.66,-16.36,-2.69,0.000,0.000,0.000,1.000,0.100,0.100,0.100,1,16.6,102.0,763,804,16,116,0
16.28,climb_cruise,474.9,474.9,32727.9,-36957,-57.79,137.20,348.82,12.10,15.0,125.0,0,0,8.67,-16.35,-2.69,0.000,0.000,0.000,1.000,0.100,0.100,0.100,1,16.5,102.0,763,804,16,114,0
16.30,climb_cruise,475.1,475.1,32715.6,-37061,-57.88,136.62,349.11,12.12,15.0,125.0,0,0,8.68,-16.34,-2.68,0.000,0.000,0.000,1.000,0.100,0.100,0.100,1,16.5,102.0,763,804,16,116,0
16.32,climb_cruise,475.3,475.3,32703.2,-37164,-57.97,136.04,349.41,12.14,15.0,125.0,0,0,8.68,-16.33,-2.68,0.000,0.000,0.000,1.000,0.100,0.100,0.100,1,16.5,102.0,763,804,16,116,0
16.34,climb_cruise,475.6,475.6,32690.8,-37267,-58.06,135.46,349.71,12.16,15.0,125.0,0,0,8.69,-16.32,-2.68,0.000,0.000,0.000,1.000,0.100,0.100,0.100,1,16.4,102.0,763,804,16,115,0
16.36,climb_cruise,475.8,475.8,32678.4,-37369,-58.14,134.88,350.02,12.18,15.0,125.0,0,0,8.70,-16.31,-2.67,0.000,0.000,0.000,1.000,0.100,0.100,0.100,1,16.4,102.0,763,804,16,116,0
16.38,climb_cruise,476.0,476.0,32665.9,-37471,-58.23,134.29,350.32,12.20,15.0,125.0,0,0,8.71,-16.30,-2.67,0.000,0.000,0.000,1.000,0.100,0.100,0.100,1,16.4,102.0,763,804,16,114,0
16.40,climb_cruise,476.2,476.2,32653.4,-37573,-58.31,133.70,350.63,12.21,15.0,125.0,0,0,8.71,-16.29,-2.66,0.000,0.000,0.000,1.000,0.100,0.100,0.100,1,16.3,102.0,763,804,16,115,0
16.42,climb_cruise,476.5,476.5,32640.9,-37674,-58.39,133.11,350.94,12.23,15.0,125.0,0,0,8.72,-16.28,-2.66,0.000,0.000,0.000,1.000,0.100,0.100,0.100,1,16.3,102.0,763,804,16,116,0
16.44,climb_cruise,476.7,476.7,32628.3,-37775,-58.47,132.52,351.26,12.25,15.0,125.0,0,0,8.73,-16.27,-2.66,0.000,0.000,0.000,1.000,0.100,0.100,0.100,1,16.3,102.0,763,804,16,115,0
16.46,climb_cruise,476.9,476.9,32615.7,-37875,-58.55,131.92,351.57,12.27,15.0,125.0,0,0,8.73,-16.26,-2.65,0.000,0.000,0.000,1.000,0.100,0.100,0.100,1,16.2,102.0,763,804,16,114,0
16.48,climb_cruise,477.1,477.1,32603.0,-37975,-58.62,131.33,351.89,12.29,15.0,125.0,0,0,8.74,-16.25,-2.65,0.000,0.000,0.000,1.000,0.100,0.100,0.100,1,16.2,102.0,763,804,16,114,0
16.50,climb_cruise,477.4,477.4,32590.4,-38075,-58.70,130.73,352.21,12.31,15.0,125.0,0,0,8.75,-16.24,-2.65,0.000,0.000,0.000,0.999,0.100,0.100,0.100,1,16.2,102.0,763,804,16,116,0
16.52,climb_cruise,477.6,477.6,32577.7,-38174,-58.77,130.13,352.53,12.32,15.0,125.0,0,0,8.76,-16.23,-2.64,0.000,0.000,0.000,0.997,0.100,0.100,0.100,1,16.1,102.0,763,804,16,116,0
16.54,climb_cruise,477.8,477.8,32564.9,-38273,-58.84,129.52,352.86,12.34,15.0,125.0,0,0,8.76,-16.22,-2.64,0.000,0.000,0.000,0.994,0.100,0.100,0.100,1,16.1,102.0,763,804,16,116,0
16.56,climb_cruise,478.1,478.1,32552.2,-38371,-58.91,128.92,353.19,12.36,15.0,125.0,0,0,8.77,-16.21,-2.64,0.000,0.000,0.000,0.990,0.100,0.100,0.100,1,16.1,102.0,763,804,16,114,0
16.58,climb_cruise,478.3,478.3,32539.4,-38469,-58.98,128.31,353.52,12.38,15.0,125.0,0,0,8.78,-16.20,-2.63,0.000,0.000,0.000,0.985,0.100,0.100,0.100,1,16.0,102.0,763,804,16,114,0
16.60,climb_cruise,478.5,478.5,32526.5,-38566,-59.05,127.70,353.85,12.40,15.0,125.0,0,0,8.78,-16.19,-2.63,0.000,0.000,0.000,0.980,0.100,0.100,0.100,1,16.0,102.0,763,804,16,116,0
16.62,climb_cruise,478.7,478.7,32513.7,-38663,-59.11,127.09,354.18,12.42,15.0,125.0,0,0,8.79,-16.18,-2.63,0.000,0.000,0.000,0.974,0.100,0.100,0.100,1,16.0,102.0,763,804,16,115,0
16.64,climb_cruise,479.0,479.0,32500.7,-38760,-59.18,126.48,354.52,12.43,15.0,125.0,0,0,8.80,-16.17,-2.62,0.000,0.000,0.000,0.967,0.100,0.100,0.100,1,15.9,102.0,763,804,16,115,0
16.66,climb_cruise,479.2,479.2,32487.8,-38856,-59.24,125.87,354.86,12.45,15.0,125.0,0,0,8.81,-16.16,-2.62,0.000,0.000,0.000,0.960,0.100,0.100,0.100,1,15.9,102.0,763,804,16,115,0
16.68,climb_cruise,479.4,479.4,32474.9,-38951,-59.30,125.25,355.20,12.47,15.0,125.0,0,0,8.81,-16.15,-2.61,0.000,0.000,0.000,0.952,0.100,0.100,0.100,1,15.9,102.0,763,803,16,115,0
16.70,climb_cruise,479.7,479.7,32461.9,-39046,-59.36,124.63,355.54,12.49,15.0,125.0,0,0,8.82,-16.14,-2.61,0.000,0.000,0.000,0.944,0.100,0.100,0.100,1,15.9,102.0,763,803,16,115,0
16.72,climb_cruise,479.9,479.9,32448.8,-39141,-59.41,124.02,355.88,12.51,15.0,125.0,0,0,8.83,-16.13,-2.60,0.000,0.000,0.000,0.935,0.100,0.100,0.100,1,15.8,101.9,763,803,16,115,0
16.74,climb_cruise,480.1,480.1,32435.8,-39235,-59.47,123.40,356.23,12.53,15.0,125.0,0,0,8.83,-16.11,-2.59,0.000,0.000,0.000,0.926,0.100,0.100,0.100,1,15.8,101.9,763,803,16,116,0
16.76,climb_cruise,480.4,480.4,32422.7,-39329,-59.52,122.77,356.58,12.54,15.0,125.0,0,0,8.84,-16.10,-2.58,0.000,0.000,0.000,0.917,0.100,0.100,0.100,1,15.8,101.9,763,803,16,116,0
16.78,climb_cruise,480.6,480.6,32409.6,-39422,-59.57,122.15,356.93,12.56,15.0,125.0,0,0,8.85,-16.08,-2.57,0.000,0.000,0.000,0.908,0.100,0.100,0.100,1,15.7,101.9,763,803,16,115,0
16.80,climb_cruise,480.8,480.8,32396.4,-39514,-59.62,121.53,357.28,12.58,15.0,125.0,0,0,8.85,-16.06,-2.56,0.000,0.000,0.000,0.898,0.100,0.100,0.100,1,15.7,101.9,763,802,16,116,0
16.82,climb_cruise,481.1,481.1,32383.2,-39606,-59.67,120.90,357.63,12.60,15.0,125.0,0,0,8.86,-16.04,-2.55,0.000,0.000,0.000,0.888,0.100,0.100,0.100,1,15.7,101.8,763,802,16,115,0
16.84,climb_cruise,481.3,481.3,32370.0,-39698,-59.72,120.28,357.98,12.62,15.0,125.0,0,0,8.86,-16.01,-2.54,0.000,0.000,0.000,0.878,0.100,0.100,0.100,1,15.6,101.8,763,802,16,116,0
16.86,climb_cruise,481.5,481.5,32356.8,-39789,-59.76,119.65,358.34,12.64,15.0,125.0,0,0,8.87,-15.99,-2.52,0.000,0.000,0.000,0.868,0.100,0.100,0.100,1,15.6,101.8,763,801,16,115,0
16.88,climb_cruise,481.8,481.8,32343.5,-39880,-59.80,119.02,358.69,12.65,15.0,125.0,0,0,8.88,-15.96,-2.50,0.000,0.000,0.000,0.857,0.100,0.100,0.100,1,15.6,101.7,763,801,16,114,0
16.90,climb_cruise,482.0,482.0,32330.2,-39970,-59.85,118.39,359.05,12.67,15.0,125.0,0,0,8.88,-15.93,-2.48,0.000,0.000,0.000,0.846,0.100,0.100,0.100,1,15.5,101.7,763,801,16,114,0
16.92,climb_cruise,482.3,482.3,32316.8,-40059,-59.89,117.77,359.41,12.69,15.0,125.0,0,0,8.89,-15.90,-2.46,0.000,0.000,0.000,0.836,0.100,0.100,0.100,1,15.5,101.6,763,800,16,115,0
16.94,climb_cruise,482.5,482.5,32303.5,-40148,-59.92,117.14,359.77,12.71,15.0,125.0,0,0,8.89,-15.86,-2.44,0.000,0.000,0.000,0.825,0.100,0.100,0.100,1,15.5,101.5,763,800,16,115,0
16.96,climb_cruise,482.7,482.7,32290.1,-40237,-59.96,116.51,0.13,12.72,15.0,125.0,0,0,8.90,-15.82,-2.41,0.000,0.000,0.000,0.814,0.100,0.100,0.100,1,15.4,101.5,763,800,16,115,0
16.98,climb_cruise,483.0,483.0,32276.6,-40325,-60.00,115.88,0.49,12.74,15.0,125.0,0,0,8.90,-15.77,-2.38,0.000,0.000,0.000,0.803,0.100,0.100,0.100,1,15.4,101.4,763,799,16,116,0
17.00,climb_cruise,483.2,483.2,32263.2,-40412,-60.03,115.25,0.86,12.76,15.0,125.0,0,0,8.91,-15.73,-2.35,0.000,0.000,0.000,0.791,0.100,0.100,0.100,1,15.4,101.3,763,799,16,116,0
17.02,climb_cruise,483.4,483.4,32249.7,-40499,-60.06,114.62,1.22,12.78,15.0,125.0,0,0,8.92,-15.68,-2.32,0.000,0.000,0.000,0.780,0.100,0.100,0.100,1,15.4,101.2,763,798,16,116,0
17.04,climb_cruise,483.7,483.7,32236.2,-40585,-60.10,113.99,1.58,12.79,15.0,125.0,0,0,8.92,-15.62,-2.29,0.000,0.000,0.000,0.769,0.100,0.100,0.100,1,15.3,101.2,763,798,16,116,0
17.06,climb_cruise,483.9,483.9,32222.7,-40671,-60.13,113.36,1.95,12.81,15.0,125.0,0,0,8.93,-15.56,-2.25,0.000,0.000,0.000,0.757,0.100,0.100,0.100,1,15.3,101.1,763,797,16,114,0
17.08,climb_cruise,484.2,484.2,32209.1,-40756,-60.15,112.73,2.31,12.83,15.0,125.0,0,0,8.94,-15.50,-2.22,0.000,0.000,0.000,0.746,0.100,0.100,0.100,1,15.3,100.9,763,796,16,115,0
17.10,climb_cruise,484.4,484.4,32195.5,-40840,-60.18,112.11,2.68,12.85,15.0,125.0,0,0,8.94,-15.44,-2.18,0.000,0.000,0.000,0.734,0.100,0.100,0.100,1,15.2,100.8,763,796,16,114,0
17.12,climb_cruise,484.6,484.6,32181.9,-40924,-60.21,111.48,3.05,12.86,15.0,125.0,0,0,8.95,-15.37,-2.14,0.000,0.000,0.000,0.723,0.100,0.100,0.100,1,15.2,100.7,763,795,16,116,0
17.14,climb_cruise,484.9,484.9,32168.2,-41008,-60.23,110.86,3.41,12.88,15.0,125.0,0,0,8.96,-15.29,-2.09,0.000,0.000,0.000,0.711,0.100,0.100,0.100,1,15.2,100.6,763,795,16,114,0
17.16,climb_cruise,485.1,485.1,32154.5,-41091,-60.26,110.23,3.78,12.90,15.0,125.0,0,0,8.97,-15.22,-2.05,0.000,0.000,0.000,0.699,0.100,0.100,0.100,1,15.1,100.4,763,794,16,115,0
17.18,climb_cruise,485.4,485.4,32140.8,-41173,-60.28,109.61,4.15,12.91,15.0,125.0,0,0,8.98,-15.13,-2.00,0.000,0.000,0.000,0.688,0.100,0.100,0.100,1,15.1,100.3,763,793,16,116,0
17.20,climb_cruise,485.6,485.6,32127.1,-41255,-60.30,108.99,4.52,12.93,15.0,125.0,0,0,8.98,-15.05,-1.95,0.000,0.000,0.000,0.676,0.100,0.100,0.100,1,15.1,100.1,763,792,16,114,0
17.22,climb_cruise,485.9,485.9,32113.3,-41336,-60.32,108.36,4.89,12.95,15.0,125.0,0,0,8.99,-14.96,-1.90,0.000,0.000,0.000,0.664,0.100,0.100,0.100,1,15.0,100.0,763,792,16,116,0
17.24,climb_cruise,486.1,486.1,32099.5,-41416,-60.34,107.75,5.26,12.96,15.0,125.0,0,0,9.00,-14.87,-1.85,0.000,0.000,0.000,0.653,0.100,0.100,0.100,1,15.0,99.8,763,791,16,116,0
17.26,climb_cruise,486.3,486.3,32085.7,-41496,-60.36,107.13,5.63,12.98,15.0,125.0,0,0,9.01,-14.77,-1.80,0.000,0.000,0.000,0.641,0.100,0.100,0.100,1,15.0,99.6,763,790,16,115,0
17.28,climb_cruise,486.6,486.6,32071.9,-41575,-60.38,106.51,6.00,12.99,15.0,125.0,0,0,9.02,-14.67,-1.74,0.000,0.000,0.000,0.629,0.100,0.100,0.100,1,15.0,99.5,763,789,16,114,0
17.30,climb_cruise,486.8,486.8,32058.0,-41654,-60.40,105.90,6.37,13.01,15.0,125.0,0,0,9.03,-14.56,-1.69,0.000,0.000,0.000,0.617,0.100,0.100,0.100,1,14.9,99.3,763,789,16,115,0
17.32,climb_cruise,487.1,487.1,32044.1,-41732,-60.41,105.28,6.74,13.03,15.0,125.0,0,0,9.04,-14.45,-1.63,0.000,0.000,0.000,0.605,0.100,0.100,0.100,1,14.9,99.1,763,788,16,115,0
17.34,climb_cruise,487.3,487.3,32030.2,-41809,-60.43,104.67,7.11,13.04,15.0,125.0,0,0,9.06,-14.34,-1.57,0.000,0.000,0.000,0.593,0.100,0.100,0.100,1,14.9,98.8,763,787,16,115,0
17.36,climb_cruise,487.6,487.6,32016.2,-41886,-60.45,104.06,7.48,13.06,15.0,125.0,0,0,9.07,-14.22,-1.51,0.000,0.000,0.000,0.581,0.100,0.100,0.100,1,14.8,98.6,763,786,16,116,0
17.38,climb_cruise,487.8,487.8,32002.3,-41962,-60.46,103.46,7.85,13.07,15.0,125.0,0,0,9.08,-14.10,-1.45,0.000,0.000,0.000,0.570,0.100,0.100,0.100,1,14.8,98.4,763,785,16,116,0
17.40,climb_cruise,488.0,488.0,31988.3,-42038,-60.47,102.85,8.23,13.09,15.0,125.0,0,0,9.09,-13.98,-1.39,0.000,0.000,0.000,0.558,0.100,0.100,0.100,1,14.8,98.2,763,784,16,116,0
17.42,climb_cruise,488.3,488.3,31974.2,-42113,-60.49,102.25,8.60,13.10,15.0,125.0,0,0,9.11,-13.85,-1.33,0.000,0.000,0.000,0.546,0.100,0.100,0.100,1,14.7,97.9,763,783,16,116,0
17.44,climb_cruise,488.5,488.5,31960.2,-42187,-60.50,101.65,8.97,13.12,15.0,125.0,0,0,9.12,-13.72,-1.27,0.000,0.000,0.000,0.534,0.100,0.100,0.100,1,14.7,97.7,763,782,16,116,0
17.46,climb_cruise,488.8,488.8,31946.1,-42261,-60.51,101.05,9.34,13.13,15.0,125.0,0,0,9.13,-13.59,-1.20,0.000,0.000,0.000,0.522,0.100,0.100,0.100,1,14.7,97.4,763,781,16,114,0
17.48,climb_cruise,489.0,489.0,31932.0,-42334,-60.52,100.45,9.72,13.15,15.0,125.0,0,0,9.15,-13.45,-1.14,0.000,0.000,0.000,0.510,0.100,0.100,0.100,1,14.7,97.1,763,780,16,115,0
17.50,climb_cruise,489.3,489.3,31917.9,-42407,-60.53,99.86,10.09,13.16,15.0,125.0,0,0,9.16,-13.31,-1.07,0.000,0.000,0.000,0.498,0.100,0.100,0.100,1,14.6,96.8,763,779,16,115,0
17.52,climb_cruise,489.5,489.5,31903.8,-42479,-60.54,99.27,10.47,13.18,15.0,125.0,0,0,9.18,-13.16,-1.01,0.000,0.000,0.000,0.486,0.100,0.100,0.100,1,14.6,96.5,763,778,16,115,0
17.54,climb_cruise,489.8,489.8,31889.6,-42550,-60.55,98.68,10.84,13.19,15.0,125.0,0,0,9.19,-13.02,-0.94,0.000,0.000,0.000,0.474,0.100,0.100,0.100,1,14.6,96.2,763,777,16,115,0
17.56,climb_cruise,490.0,490.0,31875.4,-42620,-60.56,98.09,11.22,13.21,15.0,125.0,0,0,9.21,-12.87,-0.88,0.000,0.000,0.000,0.462,0.100,0.100,0.100,1,14.5,95.9,763,776,16,115,0
17.58,climb_cruise,490.2,490.2,31861.2,-42690,-60.57,97.51,11.59,13.22,15.0,125.0,0,0,9.22,-12.71,-0.81,0.000,0.000,0.000,0.450,0.100,0.100,0.100,1,14.5,95.6,763,774,16,116,0
17.60,climb_cruise,490.5,490.5,31846.9,-42760,-60.57,96.93,11.97,13.24,15.0,125.0,0,0,9.24,-12.56,-0.74,0.000,0.000,0.000,0.438,0.100,0.100,0.100,1,14.5,95.3,763,773,16,115,0
17.62,climb_cruise,490.7,490.7,31832.7,-42828,-60.58,96.35,12.35,13.25,15.0,125.0,0,0,9.26,-12.40,-0.68,0.000,0.000,0.000,0.426,0.100,0.100,0.100,1,14.5,94.9,763,772,16,115,0
17.64,climb_cruise,491.0,491.0,31818.4,-42897,-60.59,95.77,12.73,13.27,15.0,125.0,0,0,9.27,-12.24,-0.61,0.000,0.000,0.000,0.414,0.100,0.100,0.100,1,14.4,94.6,763,771,16,116,0
17.66,climb_cruise,491.2,491.2,31804.1,-42964,-60.59,95.20,13.11,13.28,15.0,125.0,0,0,9.29,-12.08,-0.54,0.000,0.000,0.000,0.402,0.100,0.100,0.100,1,14.4,94.2,763,769,16,115,0
17.68,climb_cruise,491.5,491.5,31789.8,-43031,-60.60,94.63,13.49,13.30,15.0,125.0,0,0,9.31,-11.91,-0.48,0.000,0.000,0.000,0.390,0.100,0.100,0.100,1,14.4,93.9,763,768,16,115,0
17.70,climb_cruise,491.7,491.7,31775.4,-43097,-60.61,94.06,13.87,13.31,15.0,125.0,0,0,9.32,-11.74,-0.41,0.000,0.000,0.000,0.378,0.100,0.100,0.100,1,14.3,93.5,763,767,16,115,0
17.72,climb_cruise,492.0,492.0,31761.0,-43163,-60.61,93.50,14.25,13.32,15.0,125.0,0,0,9.34,-11.57,-0.34,0.000,0.000,0.000,0.366,0.100,0.100,0.100,1,14.3,93.1,763,766,16,116,0
17.74,climb_cruise,492.2,492.2,31746.6,-43228,-60.61,92.93,14.63,13.34,15.0,125.0,0,0,9.36,-11.40,-0.27,0.000,0.000,0.000,0.354,0.100,0.100,0.100,1,14.3,92.7,763,764,16,115,0
17.76,climb_cruise,492.4,492.4,31732.2,-43292,-60.62,92.37,15.01,13.35,15.0,125.0,0,0,9.38,-11.23,-0.21,0.000,0.000,0.000,0.342,0.100,0.100,0.100,1,14.3,92.3,763,763,16,114,0
17.78,climb_cruise,492.7,492.7,31717.8,-43356,-60.62,91.82,15.39,13.37,15.0,125.0,0,0,9.40,-11.05,-0.14,0.000,0.000,0.000,0.330,0.100,0.100,0.100,1,14.2,91.9,763,762,16,116,0
17.80,climb_cruise,492.9,492.9,31703.3,-43419,-60.62,91.26,15.78,13.38,15.0,125.0,0,0,9.42,-10.88,-0.07,0.000,0.000,0.000,0.318,0.100,0.100,0.100,1,14.2,91.5,763,760,16,115,0
17.82,climb_cruise,493.2,493.2,31688.8,-43481,-60.63,90.71,16.16,13.39,15.0,125.0,0,0,9.43,-10.68,-0.01,0.000,0.000,0.000,0.306,0.100,0.100,0.100,1,14.2,91.1,763,759,16,115,0
17.84,climb_cruise,493.4,493.4,31674.3,-43543,-60.63,90.16,16.55,13.41,15.0,125.0,0,0,9.45,-10.53,0.06,0.000,0.000,0.000,0.294,0.100,0.100,0.100,1,14.1,90.6,763,757,16,115,0
17.86,climb_cruise,493.7,493.7,31659.8,-43604,-60.63,89.62,16.93,13.42,15.0,125.0,0,0,9.47,-10.34,0.12,0.000,0.000,0.000,0.282,0.100,0.100,0.100,1,14.1,90.2,763,756,16,115,0
17.88,climb_cruise,493.9,493.9,31645.3,-43665,-60.63,89.08,17.32,13.44,15.0,125.0,0,0,9.49,-10.15,0.19,0.000,0.000,0.000,0.270,0.100,0.100,0.100,1,14.1,89.7,763,754,16,115,0
17.90,climb_cruise,494.2,494.2,31630.7,-43724,-60.63,88.54,17.71,13.45,15.0,125.0,0,0,9.51,-9.97,0.25,0.000,0.000,0.000,0.258,0.100,0.100,0.100,1,14.1,89.3,763,753,16,115,0
17.92,climb_cruise,494.4,494.4,31616.1,-43784,-60.63,88.00,18.09,13.46,15.0,125.0,0,0,9.53,-9.78,0.31,0.000,0.000,0.000,0.246,0.100,0.100,0.100,1,14.0,88.8,763,751,16,115,0
17.94,climb_cruise,494.7,494.7,31601.5,-43842,-60.63,87.47,18.48,13.48,15.0,125.0,0,0,9.55,-9.59,0.38,0.000,0.000,0.000,0.234,0.100,0.100,0.100,1,14.0,88.3,763,750,16,115,0
17.96,climb_cruise,494.9,494.9,31586.9,-43900,-60.63,86.94,18.87,13.49,15.0,125.0,0,0,9.57,-9.41,0.44,0.000,0.000,0.000,0.222,0.100,0.100,0.100,1,14.0,87.8,763,748,16,115,0
17.98,climb_cruise,495.1,495.1,31572.2,-43958,-60.63,86.41,19.27,13.50,15.0,125.0,0,0,9.59,-9.22,0.50,0.000,0.000,0.000,0.210,0.100,0.100,0.100,1,13.9,87.3,763,746,16,115,0