time_s,phase,airspeed_kts,groundSpeed_kts,altitude_ft,verticalSpeed_fpm,pitch_deg,roll_deg,yaw_deg,alpha_deg,stallAlpha_deg,stallSpeed_kts,stallWarning,stall,pitchRate_deg_s,rollRate_deg_s,yawRate_deg_s,ctrlElevator,ctrlAileron,ctrlRudder,ctrlThrottle,effElevator,effAileron,effRudder,motionEnabled,eng1_n1,eng2_n1,eng1_failed,eng2_failed,eng1_fire,eng2_fire,hydPressA_psi,hydPressB_psi,elecVolts,onGround
-0.02,climb_cruise,449.9,449.9,34999.9,-42,0.20,0.00,0.00,0.17,15.0,125.0,0,0,3.56,0.00,0.00,0.000,0.000,0.000,1.000,1.000,1.000,1.000,1,84.4,84.4,763,763,0,0,0,0,3000,3000,116,0
0.00,climb_cruise,449.9,449.9,34999.9,-49,0.26,-0.00,359.97,0.31,15.0,125.0,0,0,3.29,-0.34,-3.22,-0.005,-0.000,-0.000,1.000,1.000,1.000,1.000,1,54.9,84.3,763,763,1,0,1,0,1816,2216,116,0
0.02,climb_cruise,449.9,449.9,34999.9,-56,0.33,-0.01,359.89,0.39,15.0,125.0,0,0,3.27,-0.99,-5.84,-0.010,0.001,0.000,1.000,1.000,1.000,1.000,1,54.8,84.2,763,764,1,0,1,0,1816,2216,114,0
0.04,climb_cruise,449.9,449.9,34999.8,-62,0.40,-0.03,359.75,0.46,15.0,125.0,0,0,3.55,-1.25,-7.88,-0.015,0.005,0.001,1.000,1.000,1.000,1.000,1,54.7,84.2,763,764,1,0,1,0,1816,2216,114,0
0.06,climb_cruise,449.9,449.9,34999.8,-68,0.47,-0.06,359.58,0.54,15.0,125.0,0,0,3.92,-0.95,-9.37,-0.019,0.011,0.001,1.000,1.000,1.000,1.000,1,54.6,84.1,763,765,1,0,1,0,1816,2216,114,0
0.08,climb_cruise,449.8,449.8,34999.8,-74,0.55,-0.07,359.39,0.63,15.0,125.0,0,0,4.26,-0.12,-10.34,-0.022,0.019,0.003,1.000,1.000,1.000,1.000,1,54.5,84.1,763,765,1,0,1,0,1816,2216,115,0
0.10,climb_cruise,449.8,449.8,34999.8,-79,0.64,-0.06,359.18,0.72,15.0,125.0,0,0,4.47,1.07,-10.81,-0.024,0.027,0.005,1.000,1.000,1.000,1.000,1,54.3,84.1,763,765,1,0,1,0,1816,2216,115,0
0.12,climb_cruise,449.8,449.8,34999.7,-84,0.73,-0.03,358.96,0.82,15.0,125.0,0,0,4.47,2.49,-10.83,-0.024,0.036,0.007,1.000,1.000,1.000,1.000,1,54.2,84.1,763,766,1,0,1,0,1816,2216,115,0
0.14,climb_cruise,449.8,449.8,34999.7,-87,0.82,0.04,358.74,0.91,15.0,125.0,0,0,4.22,4.01,-10.45,-0.023,0.044,0.010,1.000,1.000,1.000,1.000,1,54.1,84.0,763,766,1,0,1,0,1816,2216,116,0
0.16,climb_cruise,449.7,449.7,34999.7,-91,0.90,0.13,358.54,0.99,15.0,125.0,0,0,3.73,5.51,-9.74,-0.021,0.051,0.013,1.000,1.000,1.000,1.000,1,54.0,84.0,763,767,1,0,1,0,1816,2216,115,0
0.18,climb_cruise,449.7,449.7,34999.6,-94,0.97,0.25,358.35,1.07,15.0,125.0,0,0,3.01,6.90,-8.74,-0.019,0.058,0.016,1.000,1.000,1.000,1.000,1,53.9,84.1,763,767,1,0,1,0,1816,2216,114,0
0.20,climb_cruise,449.7,449.7,34999.6,-96,1.02,0.40,358.19,1.12,15.0,125.0,0,0,2.10,8.12,-7.52,-0.017,0.062,0.019,1.000,1.000,1.000,1.000,1,53.8,84.1,763,768,1,0,1,0,1816,2216,114,0
0.22,climb_cruise,449.7,449.7,34999.6,-98,1.06,0.57,358.05,1.16,15.0,125.0,0,0,1.06,9.10,-6.16,-0.014,0.066,0.022,1.000,1.000,1.000,1.000,1,53.7,84.1,763,768,1,0,1,0,1816,2216,114,0
0.24,climb_cruise,449.6,449.6,34999.5,-100,1.07,0.75,357.94,1.17,15.0,125.0,0,0,-0.02,9.81,-4.70,-0.011,0.067,0.025,1.000,1.000,1.000,1.000,1,53.6,84.1,763,769,1,0,1,0,1816,2216,114,0
0.26,climb_cruise,449.6,449.6,34999.5,-102,1.06,0.95,357.86,1.16,15.0,125.0,0,0,-1.08,10.23,-3.22,-0.009,0.068,0.028,1.000,1.000,1.000,1.000,1,53.5,84.2,763,769,1,0,1,0,1816,2216,115,0
0.28,climb_cruise,449.6,449.6,34999.5,-104,1.03,1.16,357.80,1.13,15.0,125.0,0,0,-2.02,10.34,-1.77,-0.007,0.066,0.030,1.000,1.000,1.000,1.000,1,53.4,84.2,763,769,1,0,1,0,1816,2216,114,0
0.30,climb_cruise,449.6,449.6,34999.4,-106,0.99,1.36,357.78,1.08,15.0,125.0,0,0,-2.77,10.14,-0.41,-0.006,0.064,0.032,1.000,1.000,1.000,1.000,1,53.3,84.3,763,770,1,0,1,0,1816,2216,115,0
0.32,climb_cruise,449.5,449.5,34999.4,-108,0.93,1.56,357.78,1.02,15.0,125.0,0,0,-3.27,9.65,0.84,-0.006,0.060,0.033,1.000,1.000,1.000,1.000,1,53.2,84.3,763,770,1,0,1,0,1816,2216,114,0
0.34,climb_cruise,449.5,449.5,34999.4,-111,0.86,1.74,357.80,0.95,15.0,125.0,0,0,-3.48,8.90,1.92,-0.007,0.055,0.034,1.000,1.000,1.000,1.000,1,53.1,84.4,763,771,1,0,1,0,1816,2216,115,0
0.36,climb_cruise,449.5,449.5,34999.3,-115,0.79,1.91,357.85,0.88,15.0,125.0,0,0,-3.37,7.91,2.82,-0.009,0.049,0.035,1.000,1.000,1.000,1.000,1,52.9,84.4,763,771,1,0,1,0,1816,2216,116,0
0.38,climb_cruise,449.5,449.5,34999.3,-119,0.72,2.06,357.91,0.81,15.0,125.0,0,0,-2.94,6.73,3.51,-0.011,0.043,0.035,1.000,1.000,1.000,1.000,1,52.8,84.5,763,772,1,0,1,0,1816,2216,114,0
0.40,climb_cruise,449.4,449.4,34999.3,-123,0.67,2.18,357.98,0.75,15.0,125.0,0,0,-2.23,5.41,4.00,-0.015,0.036,0.034,1.000,1.000,1.000,1.000,1,52.7,84.6,763,772,1,0,1,0,1816,2216,114,0
0.42,climb_cruise,449.4,449.4,34999.2,-128,0.63,2.28,358.06,0.72,15.0,125.0,0,0,-1.27,4.00,4.27,-0.018,0.030,0.034,1.000,1.000,1.000,1.000,1,52.6,84.6,763,772,1,0,1,0,1816,2216,115,0
0.44,climb_cruise,449.4,449.4,34999.2,-133,0.61,2.34,358.15,0.70,15.0,125.0,0,0,-0.14,2.55,4.34,-0.022,0.023,0.033,1.000,1.000,1.000,1.000,1,52.5,84.7,763,773,1,0,1,0,1816,2216,115,0
0.46,climb_cruise,449.4,449.4,34999.1,-138,0.61,2.38,358.23,0.71,15.0,125.0,0,0,1.09,1.12,4.22,-0.026,0.017,0.032,1.000,1.000,1.000,1.000,1,52.4,84.8,763,773,1,0,1,0,1816,2216,115,0
0.48,climb_cruise,449.3,449.3,34999.1,-143,0.64,2.39,358.32,0.74,15.0,125.0,0,0,2.31,-0.26,3.94,-0.030,0.012,0.030,1.000,1.000,1.000,1.000,1,52.3,84.9,763,773,1,0,1,0,1816,2216,114,0
0.50,climb_cruise,449.3,449.3,34999.0,-147,0.69,2.37,358.39,0.80,15.0,125.0,0,0,3.43,-1.55,3.52,-0.033,0.007,0.028,1.000,1.000,1.000,1.000,1,52.2,85.0,763,774,1,0,1,0,1816,2216,115,0
0.52,climb_cruise,449.3,449.3,34999.0,-152,0.77,2.33,358.46,0.88,15.0,125.0,0,0,4.37,-2.70,2.98,-0.035,0.003,0.027,1.000,1.000,1.000,1.000,1,52.1,85.1,763,774,1,0,1,0,1816,2216,114,0
0.54,climb_cruise,449.3,449.3,34998.9,-156,0.86,2.27,358.52,0.97,15.0,125.0,0,0,5.04,-3.71,2.36,-0.036,-0.001,0.025,1.000,1.000,1.000,1.000,1,52.0,85.2,763,775,1,0,1,0,1816,2216,116,0
0.56,climb_cruise,449.2,449.2,34998.9,-159,0.96,2.19,358.57,1.08,15.0,125.0,0,0,5.38,-4.54,1.68,-0.036,-0.003,0.024,1.000,1.000,1.000,1.000,1,51.9,85.3,763,775,1,0,1,0,1816,2216,114,0
0.58,climb_cruise,449.2,449.2,34998.8,-161,1.07,2.09,358.60,1.20,15.0,125.0,0,0,5.36,-5.19,0.98,-0.035,-0.005,0.022,1.000,1.000,1.000,1.000,1,51.8,85.4,763,775,1,0,1,0,1816,2216,114,0
0.60,climb_cruise,449.2,449.2,34998.7,-163,1.17,1.98,358.62,1.31,15.0,125.0,0,0,4.96,-5.65,0.28,-0.033,-0.005,0.021,1.000,1.000,1.000,1.000,1,51.7,85.5,763,776,1,0,1,0,1816,2216,116,0
0.62,climb_cruise,449.2,449.2,34998.7,-164,1.26,1.87,358.62,1.41,15.0,125.0,0,0,4.20,-5.92,-0.40,-0.030,-0.005,0.020,1.000,1.000,1.000,1.000,1,51.6,85.6,763,776,1,0,1,0,1816,2216,115,0
0.64,climb_cruise,449.1,449.1,34998.6,-164,1.34,1.75,358.61,1.49,15.0,125.0,0,0,3.13,-6.01,-1.03,-0.026,-0.004,0.019,1.000,1.000,1.000,1.000,1,51.5,85.7,763,776,1,0,1,0,1816,2216,116,0
0.66,climb_cruise,449.1,449.1,34998.6,-164,1.39,1.63,358.58,1.55,15.0,125.0,0,0,1.82,-5.91,-1.59,-0.022,-0.002,0.018,1.000,1.000,1.000,1.000,1,51.4,85.8,763,777,1,0,1,0,1816,2216,116,0
0.68,climb_cruise,449.1,449.1,34998.5,-164,1.42,1.51,358.55,1.58,15.0,125.0,0,0,0.37,-5.65,-2.07,-0.018,0.000,0.018,1.000,1.000,1.000,1.000,1,51.3,85.9,763,777,1,0,1,0,1816,2216,116,0
0.70,climb_cruise,449.1,449.1,34998.5,-163,1.41,1.40,358.50,1.58,15.0,125.0,0,0,-1.13,-5.25,-2.47,-0.014,0.003,0.018,1.000,1.000,1.000,1.000,1,51.2,86.1,763,777,1,0,1,0,1816,2216,116,0
0.72,climb_cruise,449.0,449.0,34998.4,-163,1.38,1.30,358.45,1.56,15.0,125.0,0,0,-2.56,-4.71,-2.76,-0.011,0.006,0.017,1.000,1.000,1.000,1.000,1,51.1,86.2,763,778,1,0,1,0,1816,2216,114,0
0.74,climb_cruise,449.0,449.0,34998.3,-162,1.32,1.21,358.39,1.50,15.0,125.0,0,0,-3.80,-4.08,-2.96,-0.008,0.010,0.018,1.000,1.000,1.000,1.000,1,51.0,86.3,763,778,1,0,1,0,1816,2216,114,0
0.76,climb_cruise,449.0,449.0,34998.3,-162,1.24,1.14,358.33,1.43,15.0,125.0,0,0,-4.76,-3.37,-3.05,-0.007,0.013,0.018,1.000,1.000,1.000,1.000,1,50.9,86.4,763,778,1,0,1,0,1816,2216,115,0
0.78,climb_cruise,449.0,449.0,34998.3,-163,1.14,1.08,358.27,1.33,15.0,125.0,0,0,-5.35,-2.62,-3.05,-0.007,0.017,0.018,1.000,1.000,1.000,1.000,1,50.8,86.5,763,778,1,0,1,0,1816,2216,115,0
0.80,climb_cruise,448.9,448.9,34998.2,-164,1.03,1.03,358.21,1.23,15.0,125.0,0,0,-5.52,-1.85,-2.96,-0.009,0.020,0.019,1.000,1.000,1.000,1.000,1,50.7,86.7,763,779,1,0,1,0,1816,2216,115,0
0.82,climb_cruise,448.9,448.9,34998.2,-166,0.92,1.00,358.15,1.12,15.0,125.0,0,0,-5.24,-1.09,-2.80,-0.012,0.023,0.020,1.000,1.000,1.000,1.000,1,50.6,86.8,763,779,1,0,1,0,1816,2216,115,0
0.84,climb_cruise,448.9,448.9,34998.1,-169,0.82,0.98,358.09,1.02,15.0,125.0,0,0,-4.51,-0.37,-2.57,-0.016,0.026,0.021,1.000,1.000,1.000,1.000,1,50.5,86.9,763,779,1,0,1,0,1816,2216,116,0
0.86,climb_cruise,448.9,448.9,34998.0,-172,0.74,0.98,358.04,0.94,15.0,125.0,0,0,-3.39,0.29,-2.29,-0.020,0.028,0.021,1.000,1.000,1.000,1.000,1,50.4,87.0,763,780,1,0,1,0,1816,2216,115,0
0.88,climb_cruise,448.8,448.8,34998.0,-176,0.69,0.99,358.00,0.88,15.0,125.0,0,0,-1.94,0.87,-1.97,-0.026,0.030,0.022,1.000,1.000,1.000,1.000,1,50.3,87.2,763,780,1,0,1,0,1816,2216,115,0
0.90,climb_cruise,448.8,448.8,34997.9,-180,0.66,1.02,357.96,0.86,15.0,125.0,0,0,-0.26,1.36,-1.62,-0.031,0.032,0.023,1.000,1.000,1.000,1.000,1,50.2,87.3,763,780,1,0,1,0,1816,2216,116,0
0.92,climb_cruise,448.8,448.8,34997.9,-185,0.67,1.05,357.93,0.86,15.0,125.0,0,0,1.52,1.75,-1.27,-0.037,0.033,0.024,1.000,1.000,1.000,1.000,1,50.1,87.4,763,781,1,0,1,0,1816,2216,114,0
0.94,climb_cruise,448.8,448.8,34997.8,-189,0.72,1.08,357.91,0.91,15.0,125.0,0,0,3.28,2.03,-0.92,-0.041,0.034,0.024,1.000,1.000,1.000,1.000,1,50.0,87.5,763,781,1,0,1,0,1816,2216,116,0
0.96,climb_cruise,448.8,448.8,34997.7,-193,0.80,1.13,357.89,0.98,15.0,125.0,0,0,4.87,2.22,-0.59,-0.045,0.034,0.025,1.000,1.000,1.000,1.000,1,49.9,87.7,763,781,1,0,1,0,1816,2216,115,0
0.98,climb_cruise,448.7,448.7,34997.7,-196,0.91,1.17,357.89,1.09,15.0,125.0,0,0,6.17,2.31,-0.29,-0.048,0.034,0.025,1.000,1.000,1.000,1.000,1,49.8,87.8,763,781,1,0,1,0,1816,2216,115,0
1.00,climb_cruise,448.7,448.7,34997.6,-199,1.04,1.22,357.89,1.22,15.0,125.0,0,0,7.08,2.32,-0.01,-0.049,0.034,0.026,1.000,1.000,1.000,1.000,1,49.7,87.9,763,782,1,0,1,0,1816,2216,114,0
1.02,climb_cruise,448.7,448.7,34997.5,-201,1.19,1.26,357.89,1.36,15.0,125.0,0,0,7.50,2.26,0.22,-0.048,0.033,0.026,1.000,1.000,1.000,1.000,1,49.6,88.0,763,782,1,0,1,0,1816,2216,116,0
1.04,climb_cruise,448.7,448.7,34997.4,-202,1.34,1.31,357.90,1.51,15.0,125.0,0,0,7.40,2.13,0.40,-0.046,0.032,0.026,1.000,1.000,1.000,1.000,1,49.5,88.2,763,782,1,0,1,0,1816,2216,115,0
1.06,climb_cruise,448.6,448.6,34997.4,-201,1.48,1.35,357.91,1.66,15.0,125.0,0,0,6.77,1.95,0.54,-0.042,0.031,0.026,1.000,1.000,1.000,1.000,1,49.4,88.3,763,782,1,0,1,0,1816,2216,116,0
1.08,climb_cruise,448.6,448.6,34997.3,-200,1.60,1.38,357.93,1.78,15.0,125.0,0,0,5.63,1.74,0.63,-0.038,0.030,0.026,1.000,1.000,1.000,1.000,1,49.3,88.4,763,783,1,0,1,0,1816,2216,116,0
1.10,climb_cruise,448.6,448.6,34997.2,-199,1.70,1.42,357.94,1.89,15.0,125.0,0,0,4.07,1.50,0.67,-0.032,0.029,0.026,1.000,1.000,1.000,1.000,1,49.2,88.5,763,783,1,0,1,0,1816,2216,115,0
1.12,climb_cruise,448.6,448.6,34997.2,-196,1.77,1.45,357.96,1.96,15.0,125.0,0,0,2.18,1.26,0.67,-0.026,0.028,0.026,1.000,1.000,1.000,1.000,1,49.1,88.7,763,783,1,0,1,0,1816,2216,115,0
1.14,climb_cruise,448.5,448.5,34997.1,-193,1.80,1.47,357.97,1.99,15.0,125.0,0,0,0.11,1.01,0.63,-0.020,0.027,0.026,1.000,1.000,1.000,1.000,1,49.0,88.8,763,783,1,0,1,0,1816,2216,115,0
1.16,climb_cruise,448.5,448.5,34997.0,-190,1.78,1.49,357.98,1.97,15.0,125.0,0,0,-1.99,0.78,0.56,-0.014,0.026,0.025,1.000,1.000,1.000,1.000,1,48.9,88.9,763,784,1,0,1,0,1816,2216,116,0
1.18,climb_cruise,448.5,448.5,34997.0,-188,1.72,1.50,357.99,1.92,15.0,125.0,0,0,-3.97,0.58,0.45,-0.010,0.025,0.025,1.000,1.000,1.000,1.000,1,48.8,89.0,763,784,1,0,1,0,1816,2216,115,0
1.20,climb_cruise,448.5,448.5,34996.9,-185,1.63,1.51,358.00,1.83,15.0,125.0,0,0,-5.67,0.40,0.32,-0.007,0.025,0.025,1.000,1.000,1.000,1.000,1,48.7,89.2,763,784,1,0,1,0,1816,2216,115,0
1.22,climb_cruise,448.4,448.4,34996.9,-183,1.50,1.52,358.00,1.71,15.0,125.0,0,0,-6.95,0.25,0.18,-0.005,0.024,0.025,1.000,1.000,1.000,1.000,1,48.6,89.3,763,784,1,0,1,0,1816,2216,116,0
1.24,climb_cruise,448.4,448.4,34996.8,-183,1.36,1.52,358.00,1.57,15.0,125.0,0,0,-7.69,0.15,0.02,-0.006,0.024,0.024,1.000,1.000,1.000,1.000,1,48.5,89.4,763,785,1,0,1,0,1816,2216,116,0
1.26,climb_cruise,448.4,448.4,34996.8,-183,1.20,1.52,357.99,1.41,15.0,125.0,0,0,-7.84,0.09,-0.13,-0.008,0.024,0.024,1.000,1.000,1.000,1.000,1,48.4,89.5,763,785,1,0,1,0,1816,2216,115,0
1.28,climb_cruise,448.4,448.4,34996.7,-184,1.05,1.53,357.99,1.26,15.0,125.0,0,0,-7.36,0.06,-0.29,-0.012,0.024,0.024,1.000,1.000,1.000,1.000,1,48.3,89.7,763,785,1,0,1,0,1816,2216,115,0
1.30,climb_cruise,448.3,448.3,34996.6,-186,0.91,1.53,357.97,1.12,15.0,125.0,0,0,-6.27,0.06,-0.44,-0.017,0.025,0.024,1.000,1.000,1.000,1.000,1,48.2,89.8,763,785,1,0,1,0,1816,2216,114,0
1.32,climb_cruise,448.3,448.3,34996.6,-189,0.80,1.53,357.96,1.00,15.0,125.0,0,0,-4.64,0.09,-0.57,-0.024,0.025,0.024,1.000,1.000,1.000,1.000,1,48.1,89.9,763,786,1,0,1,0,1816,2216,116,0
1.34,climb_cruise,448.3,448.3,34996.5,-193,0.72,1.53,357.95,0.92,15.0,125.0,0,0,-2.57,0.14,-0.69,-0.031,0.026,0.024,1.000,1.000,1.000,1.000,1,48.0,90.0,763,786,1,0,1,0,1816,2216,115,0
1.36,climb_cruise,448.3,448.3,34996.5,-196,0.67,1.49,357.92,0.87,15.0,125.0,0,0,-2.80,-4.17,-2.06,-0.039,0.026,0.024,1.000,0.100,0.100,0.100,1,47.9,90.2,763,786,1,0,1,0,632,1432,114,0
1.38,climb_cruise,448.3,448.3,34996.4,-200,0.62,1.39,357.87,0.83,15.0,125.0,0,0,-2.83,-6.04,-3.19,-0.045,0.027,0.024,1.000,0.100,0.100,0.100,1,47.8,90.3,763,786,1,0,1,0,16,648,115,0
1.40,climb_cruise,448.2,448.2,34996.3,-204,0.56,1.26,357.80,0.78,15.0,125.0,0,0,-2.71,-7.00,-4.09,-0.052,0.030,0.024,1.000,0.100,0.100,0.100,1,47.7,90.4,763,786,1,0,1,0,16,16,116,0
1.42,climb_cruise,448.2,448.2,34996.3,-209,0.51,1.12,357.71,0.74,15.0,125.0,0,0,-2.48,-7.61,-4.77,-0.058,0.034,0.024,1.000,0.100,0.100,0.100,1,47.6,90.5,763,787,1,0,1,0,16,16,116,0
1.44,climb_cruise,448.2,448.2,34996.2,-213,0.47,0.96,357.61,0.70,15.0,125.0,0,0,-2.16,-8.05,-5.25,-0.064,0.039,0.025,1.000,0.100,0.100,0.100,1,47.5,90.6,763,787,1,0,1,0,16,16,115,0
1.46,climb_cruise,448.2,448.2,34996.1,-218,0.43,0.79,357.50,0.67,15.0,125.0,0,0,-1.78,-8.40,-5.56,-0.069,0.044,0.026,1.000,0.100,0.100,0.100,1,47.4,90.7,763,787,1,0,1,0,16,16,115,0
1.48,climb_cruise,448.2,448.2,34996.1,-223,0.40,0.62,357.39,0.65,15.0,125.0,0,0,-1.38,-8.68,-5.70,-0.075,0.050,0.027,1.000,0.100,0.100,0.100,1,47.3,90.9,763,787,1,0,1,0,16,16,116,0
1.50,climb_cruise,448.1,448.1,34996.0,-229,0.37,0.45,357.27,0.64,15.0,125.0,0,0,-0.98,-8.91,-5.72,-0.080,0.056,0.029,1.000,0.100,0.100,0.100,1,47.2,91.0,763,788,1,0,1,0,16,16,115,0
1.52,climb_cruise,448.1,448.1,34995.9,-234,0.36,0.27,357.16,0.64,15.0,125.0,0,0,-0.60,-9.10,-5.62,-0.086,0.063,0.030,1.000,0.100,0.100,0.100,1,47.1,91.1,763,788,1,0,1,0,16,16,116,0
1.54,climb_cruise,448.1,448.1,34995.8,-239,0.35,0.08,357.05,0.64,15.0,125.0,0,0,-0.25,-9.25,-5.42,-0.090,0.069,0.032,1.000,0.100,0.100,0.100,1,47.1,91.2,763,788,1,0,1,0,16,16,115,0
1.56,climb_cruise,448.1,448.1,34995.7,-244,0.35,-0.10,356.94,0.66,15.0,125.0,0,0,0.05,-9.36,-5.15,-0.095,0.075,0.033,1.000,0.100,0.100,0.100,1,47.0,91.3,763,788,1,0,1,0,16,16,116,0
1.58,climb_cruise,448.1,448.1,34995.7,-249,0.35,-0.29,356.84,0.68,15.0,125.0,0,0,0.30,-9.43,-4.82,-0.099,0.081,0.035,1.000,0.100,0.100,0.100,1,46.9,91.4,763,788,1,0,1,0,16,16,115,0
1.60,climb_cruise,448.0,448.0,34995.6,-254,0.36,-0.48,356.75,0.70,15.0,125.0,0,0,0.50,-9.47,-4.45,-0.102,0.087,0.037,1.000,0.100,0.100,0.100,1,46.8,91.5,763,788,1,0,1,0,16,16,115,0
1.62,climb_cruise,448.0,448.0,34995.5,-259,0.37,-0.67,356.66,0.73,15.0,125.0,0,0,0.64,-9.48,-4.06,-0.106,0.093,0.038,1.000,0.100,0.100,0.100,1,46.7,91.7,763,789,1,0,1,0,16,16,114,0
1.64,climb_cruise,448.0,448.0,34995.4,-264,0.38,-0.86,356.58,0.76,15.0,125.0,0,0,0.72,-9.45,-3.65,-0.108,0.099,0.040,1.000,0.100,0.100,0.100,1,46.6,91.8,763,789,1,0,1,0,16,16,115,0
1.66,climb_cruise,448.0,448.0,34995.3,-268,0.39,-1.05,356.51,0.79,15.0,125.0,0,0,0.75,-9.40,-3.24,-0.111,0.104,0.041,1.000,0.100,0.100,0.100,1,46.5,91.9,763,789,1,0,1,0,16,16,115,0
1.68,climb_cruise,448.0,448.0,34995.2,-273,0.41,-1.24,356.45,0.82,15.0,125.0,0,0,0.73,-9.33,-2.84,-0.113,0.110,0.043,1.000,0.100,0.100,0.100,1,46.4,92.0,763,789,1,0,1,0,16,16,115,0
1.70,climb_cruise,447.9,447.9,34995.1,-277,0.42,-1.42,356.40,0.85,15.0,125.0,0,0,0.68,-9.23,-2.45,-0.115,0.115,0.044,1.000,0.100,0.100,0.100,1,46.3,92.1,763,789,1,0,1,0,16,16,115,0
1.72,climb_cruise,447.9,447.9,34995.0,-281,0.43,-1.61,356.35,0.88,15.0,125.0,0,0,0.60,-9.11,-2.09,-0.117,0.120,0.045,1.000,0.100,0.100,0.100,1,46.2,92.2,763,790,1,0,1,0,16,16,115,0
1.74,climb_cruise,447.9,447.9,34994.9,-285,0.44,-1.79,356.31,0.91,15.0,125.0,0,0,0.49,-8.98,-1.75,-0.119,0.125,0.046,1.000,0.100,0.100,0.100,1,46.1,92.3,763,790,1,0,1,0,16,16,114,0
1.76,climb_cruise,447.9,447.9,34994.8,-288,0.45,-1.97,356.28,0.94,15.0,125.0,0,0,0.38,-8.84,-1.45,-0.121,0.130,0.046,1.000,0.100,0.100,0.100,1,46.0,92.4,763,790,1,0,1,0,16,16,115,0
1.78,climb_cruise,447.9,447.9,34994.7,-292,0.46,-2.14,356.25,0.96,15.0,125.0,0,0,0.25,-8.68,-1.18,-0.122,0.135,0.047,1.000,0.100,0.100,0.100,1,45.9,92.5,763,790,1,0,1,0,16,16,115,0
1.80,climb_cruise,447.8,447.8,34994.6,-295,0.46,-2.31,356.23,0.98,15.0,125.0,0,0,0.13,-8.52,-0.95,-0.124,0.139,0.047,1.000,0.100,0.100,0.100,1,45.8,92.6,763,790,1,0,1,0,16,16,115,0
1.82,climb_cruise,447.8,447.8,34994.5,-299,0.46,-2.48,356.21,1.00,15.0,125.0,0,0,0.01,-8.36,-0.75,-0.125,0.144,0.048,1.000,0.100,0.100,0.100,1,45.8,92.7,763,790,1,0,1,0,16,16,115,0
1.84,climb_cruise,447.8,447.8,34994.4,-302,0.46,-2.65,356.20,1.01,15.0,125.0,0,0,-0.10,-8.19,-0.59,-0.127,0.149,0.048,1.000,0.100,0.100,0.100,1,45.7,92.8,763,791,1,0,1,0,16,16,116,0
1.86,climb_cruise,447.8,447.8,34994.3,-305,0.45,-2.81,356.19,1.02,15.0,125.0,0,0,-0.19,-8.02,-0.46,-0.129,0.153,0.048,1.000,0.100,0.100,0.100,1,45.6,92.9,763,791,1,0,1,0,16,16,116,0
1.88,climb_cruise,447.7,447.7,34994.2,-308,0.45,-2.97,356.18,1.03,15.0,125.0,0,0,-0.27,-7.86,-0.36,-0.131,0.158,0.048,1.000,0.100,0.100,0.100,1,45.5,93.0,763,791,1,0,1,0,16,16,115,0
1.90,climb_cruise,447.7,447.7,34994.1,-311,0.44,-3.13,356.17,1.04,15.0,125.0,0,0,-0.33,-7.70,-0.29,-0.133,0.163,0.048,1.000,0.100,0.100,0.100,1,45.4,93.1,763,791,1,0,1,0,16,16,116,0
1.92,climb_cruise,447.7,447.7,34994.0,-314,0.44,-3.28,356.17,1.05,15.0,125.0,0,0,-0.37,-7.54,-0.25,-0.135,0.168,0.048,1.000,0.100,0.100,0.100,1,45.3,93.2,763,791,1,0,1,0,16,16,115,0
1.94,climb_cruise,447.7,447.7,34993.9,-317,0.43,-3.43,356.16,1.05,15.0,125.0,0,0,-0.39,-7.38,-0.23,-0.137,0.172,0.048,1.000,0.100,0.100,0.100,1,45.2,93.3,763,791,1,0,1,0,16,16,114,0
1.96,climb_cruise,447.7,447.7,34993.8,-321,0.42,-3.57,356.16,1.06,15.0,125.0,0,0,-0.40,-7.23,-0.23,-0.139,0.177,0.047,1.000,0.100,0.100,0.100,1,45.1,93.4,763,792,1,0,1,0,16,16,116,0
1.98,climb_cruise,447.6,447.6,34993.7,-324,0.41,-3.72,356.16,1.06,15.0,125.0,0,0,-0.38,-7.09,-0.25,-0.141,0.182,0.047,1.000,0.100,0.100,0.100,1,45.0,93.5,763,792,1,0,1,0,16,16,115,0
2.00,climb_cruise,447.6,447.6,34993.6,-327,0.40,-3.86,356.15,1.07,15.0,125.0,0,0,-0.36,-6.95,-0.28,-0.144,0.187,0.047,1.000,0.100,0.100,0.100,1,44.9,93.6,763,792,1,0,1,0,16,16,115,0
2.02,climb_cruise,447.6,447.6,34993.5,-330,0.40,-3.99,356.15,1.07,15.0,125.0,0,0,-0.32,-6.81,-0.32,-0.146,0.192,0.047,1.000,0.100,0.100,0.100,1,44.8,93.7,763,792,1,0,1,0,16,16,115,0
2.04,climb_cruise,447.6,447.6,34993.4,-333,0.39,-4.13,356.14,1.08,15.0,125.0,0,0,-0.28,-6.68,-0.37,-0.149,0.197,0.046,1.000,0.100,0.100,0.100,1,44.8,93.8,763,792,1,0,1,0,16,16,114,0
2.06,climb_cruise,447.6,447.6,34993.3,-336,0.38,-4.26,356.13,1.09,15.0,125.0,0,0,-0.23,-6.55,-0.43,-0.151,0.202,0.046,1.000,0.100,0.100,0.100,1,44.7,93.9,763,792,1,0,1,0,16,16,114,0
2.08,climb_cruise,447.5,447.5,34993.2,-338,0.38,-4.39,356.12,1.09,15.0,125.0,0,0,-0.17,-6.43,-0.49,-0.154,0.207,0.046,1.000,0.100,0.100,0.100,1,44.6,94.0,763,792,1,0,1,0,16,16,114,0
2.10,climb_cruise,447.5,447.5,34993.0,-341,0.38,-4.52,356.11,1.10,15.0,125.0,0,0,-0.11,-6.31,-0.55,-0.156,0.212,0.046,1.000,0.100,0.100,0.100,1,44.5,94.1,763,793,1,0,1,0,16,16,114,0
2.12,climb_cruise,447.5,447.5,34992.9,-344,0.37,-4.64,356.10,1.11,15.0,125.0,0,0,-0.06,-6.20,-0.61,-0.159,0.217,0.045,1.000,0.100,0.100,0.100,1,44.4,94.2,763,793,1,0,1,0,16,16,115,0
2.14,climb_cruise,447.5,447.5,34992.8,-347,0.37,-4.77,356.09,1.12,15.0,125.0,0,0,-0.00,-6.09,-0.67,-0.161,0.223,0.045,1.000,0.100,0.100,0.100,1,44.3,94.2,763,793,1,0,1,0,16,16,115,0
2.16,climb_cruise,447.5,447.5,34992.7,-350,0.37,-4.89,356.08,1.13,15.0,125.0,0,0,0.05,-5.97,-0.73,-0.164,0.228,0.045,1.000,0.100,0.100,0.100,1,44.2,94.3,763,793,1,0,1,0,16,16,114,0
2.18,climb_cruise,447.4,447.4,34992.6,-353,0.37,-5.01,356.06,1.15,15.0,125.0,0,0,0.09,-5.87,-0.79,-0.166,0.233,0.045,1.000,0.100,0.100,0.100,1,44.1,94.4,763,793,1,0,1,0,16,16,115,0
2.20,climb_cruise,447.4,447.4,34992.5,-355,0.37,-5.12,356.04,1.16,15.0,125.0,0,0,0.13,-5.76,-0.84,-0.169,0.239,0.045,1.000,0.100,0.100,0.100,1,44.0,94.5,763,793,1,0,1,0,16,16,114,0
2.22,climb_cruise,447.4,447.4,34992.3,-358,0.37,-5.24,356.03,1.17,15.0,125.0,0,0,0.17,-5.65,-0.88,-0.171,0.244,0.045,1.000,0.100,0.100,0.100,1,44.0,94.6,763,793,1,0,1,0,16,16,115,0
2.24,climb_cruise,447.4,447.4,34992.2,-360,0.38,-5.35,356.01,1.18,15.0,125.0,0,0,0.20,-5.55,-0.92,-0.174,0.249,0.045,1.000,0.100,0.100,0.100,1,43.9,94.7,763,793,1,0,1,0,16,16,116,0
2.26,climb_cruise,447.4,447.4,34992.1,-363,0.38,-5.46,355.99,1.20,15.0,125.0,0,0,0.22,-5.45,-0.96,-0.176,0.255,0.045,1.000,0.100,0.100,0.100,1,43.8,94.8,763,794,1,0,1,0,16,16,115,0
2.28,climb_cruise,447.4,447.4,34992.0,-365,0.38,-5.57,355.97,1.21,15.0,125.0,0,0,0.24,-5.34,-0.99,-0.178,0.260,0.045,1.000,0.100,0.100,0.100,1,43.7,94.8,763,794,1,0,1,0,16,16,115,0
2.30,climb_cruise,447.3,447.3,34991.9,-368,0.38,-5.67,355.95,1.23,15.0,125.0,0,0,0.25,-5.24,-1.01,-0.181,0.265,0.045,1.000,0.100,0.100,0.100,1,43.6,94.9,763,794,1,0,1,0,16,16,116,0
2.32,climb_cruise,447.3,447.3,34991.7,-370,0.39,-5.78,355.93,1.24,15.0,125.0,0,0,0.26,-5.14,-1.03,-0.183,0.271,0.045,1.000,0.100,0.100,0.100,1,43.5,95.0,763,794,1,0,1,0,16,16,115,0
2.34,climb_cruise,447.3,447.3,34991.6,-372,0.39,-5.88,355.91,1.26,15.0,125.0,0,0,0.26,-5.03,-1.05,-0.185,0.276,0.045,1.000,0.100,0.100,0.100,1,43.4,95.1,763,794,1,0,1,0,16,16,115,0
2.36,climb_cruise,447.3,447.3,34991.5,-374,0.39,-5.98,355.89,1.27,15.0,125.0,0,0,0.27,-4.93,-1.06,-0.187,0.281,0.045,1.000,0.100,0.100,0.100,1,43.3,95.2,763,794,1,0,1,0,16,16,115,0
2.38,climb_cruise,447.3,447.3,34991.4,-376,0.40,-6.08,355.86,1.28,15.0,125.0,0,0,0.27,-4.83,-1.06,-0.190,0.286,0.045,1.000,0.100,0.100,0.100,1,43.3,95.2,763,794,1,0,1,0,16,16,115,0
2.40,climb_cruise,447.2,447.2,34991.2,-378,0.40,-6.17,355.84,1.30,15.0,125.0,0,0,0.27,-4.72,-1.06,-0.192,0.291,0.045,1.000,0.100,0.100,0.100,1,43.2,95.3,763,794,1,0,1,0,16,16,115,0
2.42,climb_cruise,447.2,447.2,34991.1,-380,0.40,-6.27,355.82,1.31,15.0,125.0,0,0,0.27,-4.62,-1.06,-0.194,0.297,0.045,1.000,0.100,0.100,0.100,1,43.1,95.4,763,795,1,0,1,0,16,16,114,0
2.44,climb_cruise,447.2,447.2,34991.0,-382,0.40,-6.36,355.80,1.32,15.0,125.0,0,0,0.26,-4.52,-1.06,-0.196,0.302,0.045,1.000,0.100,0.100,0.100,1,43.0,95.5,763,795,1,0,1,0,16,16,115,0
2.46,climb_cruise,447.2,447.2,34990.9,-384,0.41,-6.45,355.78,1.34,15.0,125.0,0,0,0.26,-4.41,-1.05,-0.198,0.307,0.045,1.000,0.100,0.100,0.100,1,42.9,95.5,763,795,1,0,1,0,16,16,115,0
2.48,climb_cruise,447.2,447.2,34990.7,-386,0.41,-6.53,355.76,1.35,15.0,125.0,0,0,0.26,-4.31,-1.04,-0.200,0.312,0.046,1.000,0.100,0.100,0.100,1,42.8,95.6,763,795,1,0,1,0,16,16,116,0
2.50,climb_cruise,447.1,447.1,34990.6,-387,0.41,-6.62,355.73,1.36,15.0,125.0,0,0,0.27,-4.20,-1.03,-0.203,0.317,0.046,1.000,0.100,0.100,0.100,1,42.7,95.7,763,795,1,0,1,0,16,16,116,0
2.52,climb_cruise,447.1,447.1,34990.5,-389,0.42,-6.70,355.71,1.37,15.0,125.0,0,0,0.27,-4.09,-1.02,-0.205,0.322,0.046,1.000,0.100,0.100,0.100,1,42.7,95.8,763,795,1,0,1,0,16,16,114,0
2.54,climb_cruise,447.1,447.1,34990.3,-390,0.42,-6.78,355.69,1.39,15.0,125.0,0,0,0.27,-3.99,-1.01,-0.207,0.327,0.046,1.000,0.100,0.100,0.100,1,42.6,95.8,763,795,1,0,1,0,16,16,115,0
2.56,climb_cruise,447.1,447.1,34990.2,-392,0.42,-6.86,355.67,1.40,15.0,125.0,0,0,0.28,-3.88,-1.00,-0.209,0.331,0.046,1.000,0.100,0.100,0.100,1,42.5,95.9,763,795,1,0,1,0,16,16,115,0
2.58,climb_cruise,447.1,447.1,34990.1,-393,0.43,-6.94,355.65,1.41,15.0,125.0,0,0,0.29,-3.78,-0.99,-0.211,0.336,0.046,1.000,0.100,0.100,0.100,1,42.4,96.0,763,795,1,0,1,0,16,16,115,0
2.60,climb_cruise,447.0,447.0,34989.9,-395,0.43,-7.01,355.63,1.42,15.0,125.0,0,0,0.30,-3.67,-0.98,-0.214,0.341,0.046,1.000,0.100,0.100,0.100,1,42.3,96.1,763,796,1,0,1,0,16,16,115,0
2.62,climb_cruise,447.0,447.0,34989.8,-396,0.43,-7.09,355.61,1.43,15.0,125.0,0,0,0.31,-3.57,-0.96,-0.216,0.346,0.047,1.000,0.100,0.100,0.100,1,42.2,96.1,763,796,1,0,1,0,16,16,115,0
2.64,climb_cruise,447.0,447.0,34989.7,-397,0.44,-7.16,355.59,1.44,15.0,125.0,0,0,0.32,-3.47,-0.95,-0.218,0.350,0.047,1.000,0.100,0.100,0.100,1,42.2,96.2,763,796,1,0,1,0,16,16,114,0
2.66,climb_cruise,447.0,447.0,34989.5,-399,0.44,-7.23,355.57,1.46,15.0,125.0,0,0,0.33,-3.36,-0.94,-0.220,0.355,0.047,1.000,0.100,0.100,0.100,1,42.1,96.3,763,796,1,0,1,0,16,16,114,0
2.68,climb_cruise,447.0,447.0,34989.4,-400,0.45,-7.29,355.55,1.47,15.0,125.0,0,0,0.35,-3.26,-0.93,-0.222,0.360,0.047,1.000,0.100,0.100,0.100,1,42.0,96.3,763,796,1,0,1,0,16,16,115,0
2.70,climb_cruise,446.9,446.9,34989.3,-401,0.45,-7.36,355.53,1.48,15.0,125.0,0,0,0.36,-3.16,-0.92,-0.224,0.364,0.047,1.000,0.100,0.100,0.100,1,41.9,96.4,763,796,1,0,1,0,16,16,114,0
2.72,climb_cruise,446.9,446.9,34989.1,-402,0.46,-7.42,355.51,1.49,15.0,125.0,0,0,0.38,-3.06,-0.92,-0.227,0.369,0.047,1.000,0.100,0.100,0.100,1,41.8,96.5,763,796,1,0,1,0,16,16,116,0
2.74,climb_cruise,446.9,446.9,34989.0,-403,0.46,-7.48,355.49,1.50,15.0,125.0,0,0,0.39,-2.96,-0.91,-0.229,0.373,0.048,1.000,0.100,0.100,0.100,1,41.7,96.5,763,796,1,0,1,0,16,16,114,0
2.76,climb_cruise,446.9,446.9,34988.9,-404,0.47,-7.54,355.48,1.52,15.0,125.0,0,0,0.41,-2.86,-0.90,-0.231,0.377,0.048,1.000,0.100,0.100,0.100,1,41.6,96.6,763,796,1,0,1,0,16,16,116,0
2.78,climb_cruise,446.9,446.9,34988.7,-405,0.47,-7.59,355.46,1.53,15.0,125.0,0,0,0.42,-2.76,-0.89,-0.233,0.382,0.048,1.000,0.100,0.100,0.100,1,41.6,96.6,763,796,1,0,1,0,16,16,116,0
2.80,climb_cruise,446.8,446.8,34988.6,-406,0.48,-7.65,355.44,1.54,15.0,125.0,0,0,0.44,-2.66,-0.89,-0.235,0.386,0.048,1.000,0.100,0.100,0.100,1,41.5,96.7,763,796,1,0,1,0,16,16,114,0
2.82,climb_cruise,446.8,446.8,34988.5,-406,0.48,-7.70,355.42,1.55,15.0,125.0,0,0,0.45,-2.57,-0.88,-0.237,0.390,0.048,1.000,0.100,0.100,0.100,1,41.4,96.8,763,797,1,0,1,0,16,16,115,0
2.84,climb_cruise,446.8,446.8,34988.3,-407,0.49,-7.75,355.40,1.57,15.0,125.0,0,0,0.46,-2.47,-0.88,-0.239,0.395,0.048,1.000,0.100,0.100,0.100,1,41.3,96.8,763,797,1,0,1,0,16,16,116,0
2.86,climb_cruise,446.8,446.8,34988.2,-408,0.50,-7.80,355.38,1.58,15.0,125.0,0,0,0.47,-2.38,-0.87,-0.241,0.399,0.048,1.000,0.100,0.100,0.100,1,41.2,96.9,763,797,1,0,1,0,16,16,116,0
2.88,climb_cruise,446.8,446.8,34988.1,-408,0.51,-7.85,355.36,1.59,15.0,125.0,0,0,0.49,-2.29,-0.87,-0.243,0.403,0.049,1.000,0.100,0.100,0.100,1,41.2,96.9,763,797,1,0,1,0,16,16,116,0
2.90,climb_cruise,446.8,446.8,34987.9,-409,0.51,-7.89,355.34,1.60,15.0,125.0,0,0,0.50,-2.19,-0.87,-0.245,0.407,0.049,1.000,0.100,0.100,0.100,1,41.1,97.0,763,797,1,0,1,0,16,16,115,0
2.92,climb_cruise,446.7,446.7,34987.8,-409,0.52,-7.93,355.33,1.62,15.0,125.0,0,0,0.51,-2.10,-0.86,-0.247,0.411,0.049,1.000,0.100,0.100,0.100,1,41.0,97.1,763,797,1,0,1,0,16,16,114,0
2.94,climb_cruise,446.7,446.7,34987.6,-410,0.53,-7.98,355.31,1.63,15.0,125.0,0,0,0.52,-2.01,-0.86,-0.249,0.415,0.049,1.000,0.100,0.100,0.100,1,40.9,97.1,763,797,1,0,1,0,16,16,115,0
2.96,climb_cruise,446.7,446.7,34987.5,-410,0.54,-8.02,355.29,1.64,15.0,125.0,0,0,0.53,-1.93,-0.86,-0.251,0.419,0.049,1.000,0.100,0.100,0.100,1,40.8,97.2,763,797,1,0,1,0,16,16,115,0
2.98,climb_cruise,446.7,446.7,34987.4,-410,0.54,-8.07,355.27,1.65,15.0,125.0,0,0,0.07,-3.73,-0.93,-0.190,0.317,0.037,1.000,0.100,0.100,0.100,1,40.7,97.2,763,797,1,0,1,0,16,16,115,0
3.00,climb_cruise,446.7,446.7,34987.2,-410,0.53,-8.16,355.25,1.65,15.0,125.0,0,0,-0.58,-5.34,-1.04,-0.153,0.264,0.030,1.000,0.100,0.100,0.100,1,40.7,97.3,763,797,1,0,1,0,16,16,115,0
3.02,climb_cruise,446.6,446.6,34987.1,-410,0.51,-8.28,355.23,1.65,15.0,125.0,0,0,-1.25,-6.43,-1.15,-0.132,0.238,0.025,1.000,0.100,0.100,0.100,1,40.6,97.3,763,797,1,0,1,0,16,16,115,0
3.04,climb_cruise,446.6,446.6,34987.0,-410,0.48,-8.41,355.21,1.63,15.0,125.0,0,0,-1.84,-7.10,-1.26,-0.119,0.225,0.023,1.000,0.100,0.100,0.100,1,40.5,97.4,763,797,1,0,1,0,16,16,116,0
3.06,climb_cruise,446.6,446.6,34986.8,-411,0.44,-8.56,355.19,1.60,15.0,125.0,0,0,-2.32,-7.48,-1.35,-0.112,0.219,0.021,1.000,0.100,0.100,0.100,1,40.4,97.5,763,798,1,0,1,0,16,16,114,0
3.08,climb_cruise,446.6,446.6,34986.7,-411,0.38,-8.71,355.17,1.56,15.0,125.0,0,0,-2.66,-7.70,-1.43,-0.109,0.218,0.020,1.000,0.100,0.100,0.100,1,40.3,97.5,763,798,1,0,1,0,16,16,116,0
3.10,climb_cruise,446.6,446.6,34986.6,-412,0.32,-8.87,355.15,1.52,15.0,125.0,0,0,-2.85,-7.82,-1.49,-0.108,0.218,0.020,1.000,0.100,0.100,0.100,1,40.3,97.6,763,798,1,0,1,0,16,16,115,0
3.12,climb_cruise,446.5,446.5,34986.4,-413,0.26,-9.02,355.13,1.47,15.0,125.0,0,0,-2.90,-7.88,-1.54,-0.108,0.219,0.020,1.000,0.100,0.100,0.100,1,40.2,97.6,763,798,1,0,1,0,16,16,116,0
3.14,climb_cruise,446.5,446.5,34986.3,-415,0.20,-9.18,355.11,1.42,15.0,125.0,0,0,-2.83,-7.90,-1.57,-0.109,0.221,0.020,1.000,0.100,0.100,0.100,1,40.1,97.7,763,798,1,0,1,0,16,16,114,0
3.16,climb_cruise,446.5,446.5,34986.1,-416,0.14,-9.34,355.09,1.38,15.0,125.0,0,0,-2.67,-7.91,-1.58,-0.111,0.224,0.020,1.000,0.100,0.100,0.100,1,40.0,97.7,763,798,1,0,1,0,16,16,115,0
3.18,climb_cruise,446.5,446.5,34986.0,-418,0.09,-9.50,355.07,1.34,15.0,125.0,0,0,-2.42,-7.90,-1.58,-0.113,0.226,0.020,1.000,0.100,0.100,0.100,1,39.9,97.8,763,798,1,0,1,0,16,16,114,0
3.20,climb_cruise,446.5,446.5,34985.9,-421,0.04,-9.65,355.04,1.31,15.0,125.0,0,0,-2.12,-7.88,-1.57,-0.115,0.229,0.020,1.000,0.100,0.100,0.100,1,39.9,97.8,763,798,1,0,1,0,16,16,114,0
3.22,climb_cruise,446.5,446.5,34985.7,-423,-0.01,-9.81,355.02,1.28,15.0,125.0,0,0,-1.79,-7.85,-1.54,-0.117,0.232,0.020,1.000,0.100,0.100,0.100,1,39.8,97.9,763,798,1,0,1,0,16,16,116,0
3.24,climb_cruise,446.4,446.4,34985.6,-426,-0.05,-9.97,354.99,1.26,15.0,125.0,0,0,-1.44,-7.81,-1.51,-0.120,0.234,0.020,1.000,0.100,0.100,0.100,1,39.7,97.9,763,798,1,0,1,0,16,16,115,0
3.26,climb_cruise,446.4,446.4,34985.5,-429,-0.08,-10.12,354.97,1.24,15.0,125.0,0,0,-1.09,-7.77,-1.48,-0.122,0.237,0.020,1.000,0.100,0.100,0.100,1,39.6,98.0,763,798,1,0,1,0,16,16,114,0
3.28,climb_cruise,446.4,446.4,34985.3,-431,-0.10,-10.28,354.94,1.24,15.0,125.0,0,0,-0.76,-7.73,-1.44,-0.124,0.240,0.020,1.000,0.100,0.100,0.100,1,39.5,98.0,763,798,1,0,1,0,16,16,115,0
3.30,climb_cruise,446.4,446.4,34985.2,-434,-0.12,-10.43,354.92,1.24,15.0,125.0,0,0,-0.45,-7.68,-1.39,-0.126,0.243,0.020,1.000,0.100,0.100,0.100,1,39.5,98.1,763,798,1,0,1,0,16,16,114,0
3.32,climb_cruise,446.4,446.4,34985.0,-437,-0.13,-10.59,354.89,1.24,15.0,125.0,0,0,-0.18,-7.62,-1.35,-0.128,0.246,0.020,1.000,0.100,0.100,0.100,1,39.4,98.1,763,799,1,0,1,0,16,16,115,0
3.34,climb_cruise,446.3,446.3,34984.9,-440,-0.14,-10.74,354.87,1.25,15.0,125.0,0,0,0.05,-7.57,-1.31,-0.130,0.249,0.021,1.000,0.100,0.100,0.100,1,39.3,98.2,763,799,1,0,1,0,16,16,114,0
3.36,climb_cruise,446.3,446.3,34984.7,-443,-0.14,-10.89,354.84,1.27,15.0,125.0,0,0,0.24,-7.50,-1.26,-0.131,0.252,0.021,1.000,0.100,0.100,0.100,1,39.2,98.2,763,799,1,0,1,0,16,16,116,0
3.38,climb_cruise,446.3,446.3,34984.6,-446,-0.14,-11.04,354.82,1.28,15.0,125.0,0,0,0.39,-7.44,-1.22,-0.133,0.255,0.021,1.000,0.100,0.100,0.100,1,39.1,98.2,763,799,1,0,1,0,16,16,114,0
3.40,climb_cruise,446.3,446.3,34984.4,-449,-0.13,-11.19,354.79,1.31,15.0,125.0,0,0,0.49,-7.37,-1.19,-0.134,0.258,0.021,1.000,0.100,0.100,0.100,1,39.1,98.3,763,799,1,0,1,0,16,16,116,0
3.42,climb_cruise,446.3,446.3,34984.3,-451,-0.13,-11.33,354.76,1.33,15.0,125.0,0,0,0.56,-7.30,-1.15,-0.136,0.261,0.021,1.000,0.100,0.100,0.100,1,39.0,98.3,763,799,1,0,1,0,16,16,114,0
3.44,climb_cruise,446.3,446.3,34984.1,-454,-0.12,-11.48,354.74,1.35,15.0,125.0,0,0,0.60,-7.23,-1.12,-0.137,0.264,0.021,1.000,0.100,0.100,0.100,1,38.9,98.4,763,799,1,0,1,0,16,16,114,0
3.46,climb_cruise,446.2,446.2,34984.0,-456,-0.11,-11.62,354.72,1.37,15.0,125.0,0,0,0.61,-7.16,-1.09,-0.138,0.267,0.021,1.000,0.100,0.100,0.100,1,38.8,98.4,763,799,1,0,1,0,16,16,116,0
3.48,climb_cruise,446.2,446.2,34983.8,-458,-0.11,-11.76,354.69,1.40,15.0,125.0,0,0,0.59,-7.09,-1.07,-0.139,0.270,0.021,1.000,0.100,0.100,0.100,1,38.8,98.5,763,799,1,0,1,0,16,16,115,0
3.50,climb_cruise,446.2,446.2,34983.7,-460,-0.10,-11.91,354.67,1.42,15.0,125.0,0,0,0.56,-7.02,-1.05,-0.140,0.273,0.021,1.000,0.100,0.100,0.100,1,38.7,98.5,763,799,1,0,1,0,16,16,114,0
3.52,climb_cruise,446.2,446.2,34983.5,-462,-0.09,-12.04,354.65,1.44,15.0,125.0,0,0,0.51,-6.94,-1.03,-0.142,0.276,0.021,1.000,0.100,0.100,0.100,1,38.6,98.5,763,799,1,0,1,0,16,16,115,0
3.54,climb_cruise,446.2,446.2,34983.4,-464,-0.09,-12.18,354.62,1.46,15.0,125.0,0,0,0.45,-6.87,-1.02,-0.143,0.279,0.021,1.000,0.100,0.100,0.100,1,38.5,98.6,763,799,1,0,1,0,16,16,115,0
3.56,climb_cruise,446.2,446.2,34983.2,-466,-0.08,-12.32,354.60,1.48,15.0,125.0,0,0,0.39,-6.79,-1.01,-0.144,0.282,0.021,1.000,0.100,0.100,0.100,1,38.4,98.6,763,799,1,0,1,0,16,16,115,0
3.58,climb_cruise,446.1,446.1,34983.0,-468,-0.08,-12.45,354.58,1.50,15.0,125.0,0,0,0.33,-6.72,-1.01,-0.145,0.285,0.021,1.000,0.100,0.100,0.100,1,38.4,98.7,763,799,1,0,1,0,16,16,115,0
3.60,climb_cruise,446.1,446.1,34982.9,-470,-0.08,-12.59,354.56,1.52,15.0,125.0,0,0,0.27,-6.64,-1.01,-0.146,0.289,0.021,1.000,0.100,0.100,0.100,1,38.3,98.7,763,799,1,0,1,0,16,16,116,0
3.62,climb_cruise,446.1,446.1,34982.7,-472,-0.08,-12.72,354.54,1.53,15.0,125.0,0,0,0.22,-6.57,-1.01,-0.147,0.292,0.021,1.000,0.100,0.100,0.100,1,38.2,98.7,763,799,1,0,1,0,16,16,116,0
3.64,climb_cruise,446.1,446.1,34982.6,-473,-0.08,-12.85,354.52,1.54,15.0,125.0,0,0,0.18,-6.50,-1.01,-0.148,0.295,0.021,1.000,0.100,0.100,0.100,1,38.1,98.8,763,799,1,0,1,0,16,16,114,0
3.66,climb_cruise,446.1,446.1,34982.4,-475,-0.08,-12.98,354.50,1.56,15.0,125.0,0,0,0.14,-6.43,-1.01,-0.150,0.298,0.021,1.000,0.100,0.100,0.100,1,38.1,98.8,763,800,1,0,1,0,16,16,115,0
3.68,climb_cruise,446.0,446.0,34982.3,-476,-0.08,-13.11,354.48,1.57,15.0,125.0,0,0,0.11,-6.35,-1.02,-0.151,0.301,0.022,1.000,0.100,0.100,0.100,1,38.0,98.9,763,800,1,0,1,0,16,16,115,0
3.70,climb_cruise,446.0,446.0,34982.1,-478,-0.09,-13.23,354.46,1.58,15.0,125.0,0,0,0.10,-6.28,-1.02,-0.152,0.304,0.022,1.000,0.100,0.100,0.100,1,37.9,98.9,763,800,1,0,1,0,16,16,116,0
3.72,climb_cruise,446.0,446.0,34981.9,-479,-0.09,-13.36,354.44,1.59,15.0,125.0,0,0,0.09,-6.21,-1.03,-0.154,0.307,0.022,1.000,0.100,0.100,0.100,1,37.8,98.9,763,800,1,0,1,0,16,16,115,0
3.74,climb_cruise,446.0,446.0,34981.8,-481,-0.09,-13.48,354.42,1.60,15.0,125.0,0,0,0.09,-6.14,-1.04,-0.155,0.310,0.022,1.000,0.100,0.100,0.100,1,37.8,99.0,763,800,1,0,1,0,16,16,115,0
3.76,climb_cruise,446.0,446.0,34981.6,-482,-0.09,-13.60,354.40,1.61,15.0,125.0,0,0,0.09,-6.07,-1.05,-0.156,0.313,0.022,1.000,0.100,0.100,0.100,1,37.7,99.0,763,800,1,0,1,0,16,16,114,0
3.78,climb_cruise,446.0,446.0,34981.5,-483,-0.10,-13.73,354.38,1.62,15.0,125.0,0,0,0.11,-6.00,-1.06,-0.158,0.316,0.022,1.000,0.100,0.100,0.100,1,37.6,99.0,763,800,1,0,1,0,16,16,116,0
3.80,climb_cruise,445.9,445.9,34981.3,-485,-0.10,-13.84,354.35,1.63,15.0,125.0,0,0,0.13,-5.93,-1.06,-0.159,0.319,0.022,1.000,0.100,0.100,0.100,1,37.5,99.1,763,800,1,0,1,0,16,16,115,0
3.82,climb_cruise,445.9,445.9,34981.1,-486,-0.10,-13.96,354.33,1.64,15.0,125.0,0,0,0.15,-5.86,-1.07,-0.160,0.322,0.022,1.000,0.100,0.100,0.100,1,37.5,99.1,763,800,1,0,1,0,16,16,115,0
3.84,climb_cruise,445.9,445.9,34981.0,-487,-0.11,-14.08,354.31,1.65,15.0,125.0,0,0,0.18,-5.79,-1.08,-0.162,0.325,0.022,1.000,0.100,0.100,0.100,1,37.4,99.1,763,800,1,0,1,0,16,16,115,0
3.86,climb_cruise,445.9,445.9,34980.8,-489,-0.11,-14.19,354.29,1.66,15.0,125.0,0,0,0.21,-5.72,-1.09,-0.163,0.328,0.022,1.000,0.100,0.100,0.100,1,37.3,99.2,763,800,1,0,1,0,16,16,114,0
3.88,climb_cruise,445.9,445.9,34980.6,-490,-0.11,-14.31,354.27,1.67,15.0,125.0,0,0,0.24,-5.65,-1.10,-0.165,0.331,0.022,1.000,0.100,0.100,0.100,1,37.2,99.2,763,800,1,0,1,0,16,16,114,0
3.90,climb_cruise,445.8,445.8,34980.5,-491,-0.11,-14.42,354.24,1.68,15.0,125.0,0,0,0.27,-5.58,-1.10,-0.166,0.334,0.022,1.000,0.100,0.100,0.100,1,37.2,99.2,763,800,1,0,1,0,16,16,114,0
3.92,climb_cruise,445.8,445.8,34980.3,-492,-0.11,-14.53,354.22,1.69,15.0,125.0,0,0,0.30,-5.51,-1.11,-0.167,0.337,0.022,1.000,0.100,0.100,0.100,1,37.1,99.3,763,800,1,0,1,0,16,16,115,0
3.94,climb_cruise,445.8,445.8,34980.1,-493,-0.11,-14.64,354.20,1.71,15.0,125.0,0,0,0.33,-5.44,-1.12,-0.169,0.340,0.022,1.000,0.100,0.100,0.100,1,37.0,99.3,763,800,1,0,1,0,16,16,116,0
3.96,climb_cruise,445.8,445.8,34980.0,-494,-0.11,-14.75,354.18,1.72,15.0,125.0,0,0,0.35,-5.37,-1.12,-0.170,0.344,0.022,1.000,0.100,0.100,0.100,1,36.9,99.3,763,800,1,0,1,0,16,16,114,0
3.98,climb_cruise,445.8,445.8,34979.8,-495,-0.11,-14.85,354.15,1.73,15.0,125.0,0,0,0.38,-5.30,-1.12,-0.171,0.347,0.022,1.000,0.100,0.100,0.100,1,36.9,99.4,763,800,1,0,1,0,16,16,115,0
4.00,climb_cruise,445.8,445.8,34979.6,-496,-0.10,-14.96,354.13,1.74,15.0,125.0,0,0,0.40,-5.23,-1.13,-0.173,0.350,0.022,1.000,0.100,0.100,0.100,1,36.8,99.4,763,800,1,0,1,0,16,16,116,0
4.02,climb_cruise,445.7,445.7,34979.5,-497,-0.10,-15.06,354.10,1.76,15.0,125.0,0,0,0.42,-5.16,-1.13,-0.174,0.353,0.022,1.000,0.100,0.100,0.100,1,36.7,99.4,763,800,1,0,1,0,16,16,114,0
4.04,climb_cruise,445.7,445.7,34979.3,-498,-0.10,-15.17,354.08,1.77,15.0,125.0,0,0,0.44,-5.09,-1.13,-0.175,0.356,0.022,1.000,0.100,0.100,0.100,1,36.6,99.5,763,800,1,0,1,0,16,16,114,0
4.06,climb_cruise,445.7,445.7,34979.1,-499,-0.10,-15.27,354.06,1.79,15.0,125.0,0,0,0.46,-5.02,-1.14,-0.177,0.359,0.022,1.000,0.100,0.100,0.100,1,36.6,99.5,763,800,1,0,1,0,16,16,114,0
4.08,climb_cruise,445.7,445.7,34979.0,-499,-0.09,-15.37,354.03,1.80,15.0,125.0,0,0,0.47,-4.95,-1.14,-0.178,0.362,0.023,1.000,0.100,0.100,0.100,1,36.5,99.5,763,801,1,0,1,0,16,16,116,0
4.10,climb_cruise,445.7,445.7,34978.8,-500,-0.09,-15.47,354.01,1.81,15.0,125.0,0,0,0.49,-4.88,-1.14,-0.179,0.365,0.023,1.000,0.100,0.100,0.100,1,36.4,99.6,763,801,1,0,1,0,16,16,115,0
4.12,climb_cruise,445.7,445.7,34978.6,-501,-0.09,-15.56,353.98,1.83,15.0,125.0,0,0,0.50,-4.82,-1.14,-0.181,0.368,0.023,1.000,0.100,0.100,0.100,1,36.4,99.6,763,801,1,0,1,0,16,16,115,0
4.14,climb_cruise,445.6,445.6,34978.5,-501,-0.08,-15.66,353.96,1.84,15.0,125.0,0,0,0.51,-4.75,-1.14,-0.182,0.371,0.023,1.000,0.100,0.100,0.100,1,36.3,99.6,763,801,1,0,1,0,16,16,116,0
4.16,climb_cruise,445.6,445.6,34978.3,-502,-0.08,-15.75,353.93,1.86,15.0,125.0,0,0,0.52,-4.68,-1.15,-0.183,0.374,0.023,1.000,0.100,0.100,0.100,1,36.2,99.6,763,801,1,0,1,0,16,16,116,0
4.18,climb_cruise,445.6,445.6,34978.1,-502,-0.08,-15.84,353.91,1.87,15.0,125.0,0,0,0.53,-4.61,-1.15,-0.184,0.377,0.023,1.000,0.100,0.100,0.100,1,36.1,99.7,763,801,1,0,1,0,16,16,115,0
4.20,climb_cruise,445.6,445.6,34978.0,-503,-0.07,-15.94,353.88,1.88,15.0,125.0,0,0,0.54,-4.54,-1.15,-0.186,0.380,0.023,1.000,0.100,0.100,0.100,1,36.1,99.7,763,801,1,0,1,0,16,16,116,0
4.22,climb_cruise,445.6,445.6,34977.8,-503,-0.07,-16.03,353.86,1.90,15.0,125.0,0,0,0.55,-4.47,-1.15,-0.187,0.383,0.023,1.000,0.100,0.100,0.100,1,36.0,99.7,763,801,1,0,1,0,16,16,114,0
4.24,climb_cruise,445.5,445.5,34977.6,-503,-0.06,-16.11,353.83,1.91,15.0,125.0,0,0,0.56,-4.40,-1.15,-0.188,0.386,0.023,1.000,0.100,0.100,0.100,1,35.9,99.8,763,801,1,0,1,0,16,16,114,0
4.26,climb_cruise,445.5,445.5,34977.5,-504,-0.06,-16.20,353.81,1.92,15.0,125.0,0,0,0.57,-4.33,-1.15,-0.190,0.389,0.023,1.000,0.100,0.100,0.100,1,35.8,99.8,763,801,1,0,1,0,16,16,114,0
4.28,climb_cruise,445.5,445.5,34977.3,-504,-0.05,-16.29,353.78,1.94,15.0,125.0,0,0,0.58,-4.26,-1.15,-0.191,0.392,0.023,1.000,0.100,0.100,0.100,1,35.8,99.8,763,801,1,0,1,0,16,16,115,0
4.30,climb_cruise,445.5,445.5,34977.1,-504,-0.05,-16.37,353.76,1.95,15.0,125.0,0,0,0.59,-4.19,-1.15,-0.192,0.395,0.023,1.000,0.100,0.100,0.100,1,35.7,99.8,763,801,1,0,1,0,16,16,115,0
4.32,climb_cruise,445.5,445.5,34977.0,-504,-0.04,-16.46,353.73,1.97,15.0,125.0,0,0,0.61,-4.12,-1.15,-0.193,0.397,0.023,1.000,0.100,0.100,0.100,1,35.6,99.9,763,801,1,0,1,0,16,16,115,0
4.34,climb_cruise,445.5,445.5,34976.8,-504,-0.04,-16.54,353.71,1.98,15.0,125.0,0,0,0.62,-4.06,-1.15,-0.195,0.400,0.023,1.000,0.100,0.100,0.100,1,35.6,99.9,763,801,1,0,1,0,16,16,116,0
4.36,climb_cruise,445.4,445.4,34976.6,-504,-0.03,-16.62,353.68,1.99,15.0,125.0,0,0,0.63,-3.99,-1.15,-0.196,0.403,0.023,1.000,0.100,0.100,0.100,1,35.5,99.9,763,801,1,0,1,0,16,16,115,0
4.38,climb_cruise,445.4,445.4,34976.5,-504,-0.03,-16.70,353.65,2.01,15.0,125.0,0,0,0.64,-3.92,-1.15,-0.197,0.406,0.024,1.000,0.100,0.100,0.100,1,35.4,99.9,763,801,1,0,1,0,16,16,115,0
4.40,climb_cruise,445.4,445.4,34976.3,-504,-0.02,-16.77,353.63,2.02,15.0,125.0,0,0,0.65,-3.85,-1.15,-0.198,0.409,0.024,1.000,0.100,0.100,0.100,1,35.3,100.0,763,801,1,0,1,0,16,16,116,0
4.42,climb_cruise,445.4,445.4,34976.1,-504,-0.02,-16.85,353.60,2.04,15.0,125.0,0,0,0.67,-3.78,-1.15,-0.200,0.412,0.024,1.000,0.100,0.100,0.100,1,35.3,100.0,763,801,1,0,1,0,16,16,115,0
4.44,climb_cruise,445.4,445.4,34976.0,-503,-0.01,-16.93,353.58,2.05,15.0,125.0,0,0,0.68,-3.71,-1.15,-0.201,0.415,0.024,1.000,0.100,0.100,0.100,1,35.2,100.0,763,801,1,0,1,0,16,16,116,0
4.46,climb_cruise,445.3,445.3,34975.8,-503,-0.00,-17.00,353.55,2.06,15.0,125.0,0,0,0.69,-3.65,-1.15,-0.202,0.418,0.024,1.000,0.100,0.100,0.100,1,35.1,100.0,763,801,1,0,1,0,16,16,115,0
4.48,climb_cruise,445.3,445.3,34975.6,-503,0.00,-17.07,353.52,2.08,15.0,125.0,0,0,0.71,-3.58,-1.15,-0.203,0.420,0.024,1.000,0.100,0.100,0.100,1,35.1,100.1,763,801,1,0,1,0,16,16,115,0
4.50,climb_cruise,445.3,445.3,34975.4,-502,0.01,-17.14,353.50,2.09,15.0,125.0,0,0,0.72,-3.51,-1.15,-0.204,0.423,0.024,1.000,0.100,0.100,0.100,1,35.0,100.1,763,801,1,0,1,0,16,16,115,0
4.52,climb_cruise,445.3,445.3,34975.3,-502,0.02,-17.21,353.47,2.11,15.0,125.0,0,0,0.74,-3.45,-1.15,-0.206,0.426,0.024,1.000,0.100,0.100,0.100,1,34.9,100.1,763,801,1,0,1,0,16,16,116,0
4.54,climb_cruise,445.3,445.3,34975.1,-501,0.03,-17.28,353.45,2.12,15.0,125.0,0,0,0.75,-3.38,-1.15,-0.207,0.429,0.024,1.000,0.100,0.100,0.100,1,34.9,100.1,763,801,1,0,1,0,16,16,115,0
4.56,climb_cruise,445.2,445.2,34974.9,-501,0.03,-17.35,353.42,2.13,15.0,125.0,0,0,0.76,-3.31,-1.15,-0.208,0.432,0.024,1.000,0.100,0.100,0.100,1,34.8,100.1,763,801,1,0,1,0,16,16,115,0
4.58,climb_cruise,445.2,445.2,34974.8,-500,0.04,-17.41,353.39,2.15,15.0,125.0,0,0,0.78,-3.25,-1.15,-0.209,0.434,0.024,1.000,0.100,0.100,0.100,1,34.7,100.2,763,801,1,0,1,0,16,16,114,0
4.60,climb_cruise,445.2,445.2,34974.6,-499,0.05,-17.48,353.37,2.16,15.0,125.0,0,0,0.79,-3.18,-1.15,-0.210,0.437,0.024,1.000,0.100,0.100,0.100,1,34.6,100.2,763,801,1,0,1,0,16,16,115,0
4.62,climb_cruise,445.2,445.2,34974.4,-498,0.06,-17.54,353.34,2.18,15.0,125.0,0,0,0.80,-3.11,-1.15,-0.212,0.440,0.024,1.000,0.100,0.100,0.100,1,34.6,100.2,763,801,1,0,1,0,16,16,115,0
4.64,climb_cruise,445.2,445.2,34974.3,-498,0.07,-17.60,353.31,2.19,15.0,125.0,0,0,0.82,-3.05,-1.15,-0.213,0.443,0.024,1.000,0.100,0.100,0.100,1,34.5,100.2,763,802,1,0,1,0,16,16,115,0
4.66,climb_cruise,445.2,445.2,34974.1,-497,0.07,-17.66,353.29,2.21,15.0,125.0,0,0,0.83,-2.98,-1.15,-0.214,0.445,0.024,1.000,0.100,0.100,0.100,1,34.4,100.3,763,802,1,0,1,0,16,16,115,0
4.68,climb_cruise,445.1,445.1,34973.9,-496,0.08,-17.72,353.26,2.22,15.0,125.0,0,0,0.84,-2.92,-1.15,-0.215,0.448,0.024,1.000,0.100,0.100,0.100,1,34.4,100.3,763,802,1,0,1,0,16,16,114,0
4.70,climb_cruise,445.1,445.1,34973.8,-495,0.09,-17.78,353.23,2.24,15.0,125.0,0,0,0.86,-2.85,-1.15,-0.216,0.451,0.025,1.000,0.100,0.100,0.100,1,34.3,100.3,763,802,1,0,1,0,16,16,114,0
4.72,climb_cruise,445.1,445.1,34973.6,-493,0.10,-17.84,353.20,2.25,15.0,125.0,0,0,0.87,-2.79,-1.15,-0.217,0.454,0.025,1.000,0.100,0.100,0.100,1,34.2,100.3,763,802,1,0,1,0,16,16,116,0
4.74,climb_cruise,445.1,445.1,34973.4,-492,0.11,-17.89,353.18,2.26,15.0,125.0,0,0,0.88,-2.72,-1.15,-0.218,0.456,0.025,1.000,0.100,0.100,0.100,1,34.2,100.3,763,802,1,0,1,0,16,16,114,0
4.76,climb_cruise,445.1,445.1,34973.3,-491,0.12,-17.94,353.15,2.28,15.0,125.0,0,0,0.89,-2.66,-1.15,-0.219,0.459,0.025,1.000,0.100,0.100,0.100,1,34.1,100.4,763,802,1,0,1,0,16,16,115,0
4.78,climb_cruise,445.0,445.0,34973.1,-490,0.13,-18.00,353.12,2.29,15.0,125.0,0,0,0.91,-2.60,-1.15,-0.221,0.462,0.025,1.000,0.100,0.100,0.100,1,34.0,100.4,763,802,1,0,1,0,16,16,115,0
4.80,climb_cruise,445.0,445.0,34973.0,-488,0.14,-18.05,353.10,2.31,15.0,125.0,0,0,0.92,-2.53,-1.15,-0.222,0.464,0.025,1.000,0.100,0.100,0.100,1,34.0,100.4,763,802,1,0,1,0,16,16,114,0
4.82,climb_cruise,445.0,445.0,34972.8,-487,0.15,-18.10,353.07,2.32,15.0,125.0,0,0,0.93,-2.47,-1.15,-0.223,0.467,0.025,1.000,0.100,0.100,0.100,1,33.9,100.4,763,802,1,0,1,0,16,16,114,0
4.84,climb_cruise,445.0,445.0,34972.6,-485,0.16,-18.15,353.04,2.34,15.0,125.0,0,0,0.94,-2.40,-1.14,-0.224,0.470,0.025,1.000,0.100,0.100,0.100,1,33.8,100.4,763,802,1,0,1,0,16,16,116,0
4.86,climb_cruise,445.0,445.0,34972.5,-484,0.17,-18.20,353.01,2.35,15.0,125.0,0,0,0.95,-2.35,-1.14,-0.225,0.472,0.025,1.000,0.100,0.100,0.100,1,33.8,100.5,763,802,1,0,1,0,16,16,114,0
4.88,climb_cruise,444.9,444.9,34972.3,-482,0.18,-18.24,352.98,2.37,15.0,125.0,0,0,0.97,-2.32,-1.14,-0.226,0.473,0.025,1.000,0.100,0.100,0.100,1,33.7,100.5,763,802,1,0,1,0,16,16,115,0
4.90,climb_cruise,444.9,444.9,34972.1,-481,0.20,-18.29,352.96,2.38,15.0,125.0,0,0,0.98,-2.31,-1.14,-0.227,0.473,0.025,1.000,0.100,0.100,0.100,1,33.6,100.5,763,802,1,0,1,0,16,16,115,0
4.92,climb_cruise,444.9,444.9,34972.0,-479,0.21,-18.33,352.93,2.40,15.0,125.0,0,0,0.99,-2.30,-1.14,-0.228,0.473,0.025,1.000,0.100,0.100,0.100,1,33.6,100.5,763,802,1,0,1,0,16,16,115,0
4.94,climb_cruise,444.9,444.9,34971.8,-477,0.22,-18.38,352.90,2.41,15.0,125.0,0,0,1.00,-2.31,-1.14,-0.229,0.474,0.025,1.000,0.100,0.100,0.100,1,33.5,100.5,763,802,1,0,1,0,16,16,115,0
4.96,climb_cruise,444.9,444.9,34971.7,-475,0.23,-18.43,352.87,2.43,15.0,125.0,0,0,1.01,-2.31,-1.14,-0.230,0.474,0.025,1.000,0.100,0.100,0.100,1,33.4,100.5,763,802,1,0,1,0,16,16,115,0
4.98,climb_cruise,444.8,444.8,34971.5,-473,0.24,-18.47,352.85,2.44,15.0,125.0,0,0,1.02,-2.32,-1.14,-0.231,0.474,0.025,1.000,0.100,0.100,0.100,1,33.4,100.6,763,802,1,0,1,0,16,16,115,0
5.00,climb_cruise,444.8,444.8,34971.3,-471,0.26,-18.52,352.82,2.46,15.0,125.0,0,0,1.03,-2.32,-1.14,-0.232,0.474,0.026,1.000,0.100,0.100,0.100,1,33.3,100.6,763,802,1,0,1,0,16,16,115,0
5.02,climb_cruise,444.8,444.8,34971.2,-469,0.27,-18.57,352.79,2.47,15.0,125.0,0,0,1.04,-2.33,-1.14,-0.233,0.474,0.026,1.000,0.100,0.100,0.100,1,33.2,100.6,763,802,1,0,1,0,16,16,115,0
5.04,climb_cruise,444.8,444.8,34971.0,-467,0.28,-18.61,352.76,2.49,15.0,125.0,0,0,1.05,-2.34,-1.14,-0.234,0.474,0.026,1.000,0.100,0.100,0.100,1,33.2,100.6,763,802,1,0,1,0,16,16,114,0
5.06,climb_cruise,444.8,444.8,34970.9,-464,0.29,-18.66,352.73,2.51,15.0,125.0,0,0,1.05,-2.35,-1.14,-0.235,0.474,0.026,1.000,0.100,0.100,0.100,1,33.1,100.6,763,802,1,0,1,0,16,16,115,0
5.08,climb_cruise,444.7,444.7,34970.7,-462,0.31,-18.71,352.70,2.52,15.0,125.0,0,0,1.06,-2.35,-1.14,-0.236,0.474,0.026,1.000,0.100,0.100,0.100,1,33.0,100.6,763,802,1,0,1,0,16,16,116,0
5.10,climb_cruise,444.7,444.7,34970.6,-460,0.32,-18.75,352.68,2.54,15.0,125.0,0,0,1.07,-2.36,-1.14,-0.237,0.474,0.026,1.000,0.100,0.100,0.100,1,33.0,100.7,763,802,1,0,1,0,16,16,115,0
5.12,climb_cruise,444.7,444.7,34970.4,-457,0.33,-18.80,352.65,2.55,15.0,125.0,0,0,1.07,-2.37,-1.14,-0.238,0.474,0.026,1.000,0.100,0.100,0.100,1,32.9,100.7,763,802,1,0,1,0,16,16,116,0
5.14,climb_cruise,444.7,444.7,34970.3,-455,0.34,-18.85,352.62,2.57,15.0,125.0,0,0,1.08,-2.38,-1.14,-0.239,0.474,0.026,1.000,0.100,0.100,0.100,1,32.8,100.7,763,802,1,0,1,0,16,16,116,0
5.16,climb_cruise,444.7,444.7,34970.1,-452,0.36,-18.90,352.59,2.58,15.0,125.0,0,0,1.08,-2.38,-1.14,-0.240,0.474,0.026,1.000,0.100,0.100,0.100,1,32.8,100.7,763,802,1,0,1,0,16,16,116,0
5.18,climb_cruise,444.6,444.6,34970.0,-449,0.37,-18.95,352.56,2.60,15.0,125.0,0,0,1.09,-2.39,-1.14,-0.241,0.474,0.026,1.000,0.100,0.100,0.100,1,32.7,100.7,763,802,1,0,1,0,16,16,114,0
5.20,climb_cruise,444.6,444.6,34969.8,-447,0.38,-18.99,352.53,2.61,15.0,125.0,0,0,1.09,-2.40,-1.14,-0.241,0.474,0.026,1.000,0.100,0.100,0.100,1,32.6,100.7,763,802,1,0,1,0,16,16,115,0
5.22,climb_cruise,444.6,444.6,34969.7,-444,0.40,-19.04,352.50,2.63,15.0,125.0,0,0,1.10,-2.41,-1.15,-0.242,0.474,0.026,1.000,0.100,0.100,0.100,1,32.6,100.8,763,802,1,0,1,0,16,16,115,0
5.24,climb_cruise,444.6,444.6,34969.5,-441,0.41,-19.09,352.47,2.65,15.0,125.0,0,0,1.10,-2.41,-1.15,-0.243,0.474,0.026,1.000,0.100,0.100,0.100,1,32.5,100.8,763,802,1,0,1,0,16,16,115,0
5.26,climb_cruise,444.6,444.6,34969.4,-438,0.42,-19.14,352.45,2.66,15.0,125.0,0,0,1.11,-2.42,-1.15,-0.244,0.474,0.026,1.000,0.100,0.100,0.100,1,32.4,100.8,763,802,1,0,1,0,16,16,115,0
5.28,climb_cruise,444.5,444.5,34969.2,-435,0.44,-19.19,352.42,2.68,15.0,125.0,0,0,1.11,-2.43,-1.15,-0.245,0.474,0.026,1.000,0.100,0.100,0.100,1,32.4,100.8,763,802,1,0,1,0,16,16,114,0
5.30,climb_cruise,444.5,444.5,34969.1,-432,0.45,-19.24,352.39,2.69,15.0,125.0,0,0,1.12,-2.43,-1.15,-0.246,0.474,0.026,1.000,0.100,0.100,0.100,1,32.3,100.8,763,802,1,0,1,0,16,16,115,0
5.32,climb_cruise,444.5,444.5,34968.9,-429,0.46,-19.29,352.36,2.71,15.0,125.0,0,0,1.12,-2.44,-1.16,-0.247,0.474,0.027,1.000,0.100,0.100,0.100,1,32.2,100.8,763,802,1,0,1,0,16,16,116,0
5.34,climb_cruise,444.5,444.5,34968.8,-425,0.48,-19.33,352.33,2.72,15.0,125.0,0,0,1.13,-2.45,-1.16,-0.247,0.474,0.027,1.000,0.100,0.100,0.100,1,32.2,100.8,763,802,1,0,1,0,16,16,115,0
5.36,climb_cruise,444.5,444.5,34968.6,-422,0.49,-19.38,352.30,2.74,15.0,125.0,0,0,1.13,-2.46,-1.16,-0.248,0.474,0.027,1.000,0.100,0.100,0.100,1,32.1,100.9,763,802,1,0,1,0,16,16,116,0
5.38,climb_cruise,444.4,444.4,34968.5,-419,0.51,-19.43,352.27,2.75,15.0,125.0,0,0,1.14,-2.46,-1.16,-0.249,0.474,0.027,1.000,0.100,0.100,0.100,1,32.0,100.9,763,802,1,0,1,0,16,16,115,0
5.40,climb_cruise,444.4,444.4,34968.4,-415,0.52,-19.48,352.24,2.77,15.0,125.0,0,0,1.14,-2.47,-1.16,-0.250,0.474,0.027,1.000,0.100,0.100,0.100,1,32.0,100.9,763,802,1,0,1,0,16,16,114,0
5.42,climb_cruise,444.4,444.4,34968.2,-412,0.53,-19.53,352.21,2.78,15.0,125.0,0,0,1.15,-2.48,-1.17,-0.251,0.474,0.027,1.000,0.100,0.100,0.100,1,31.9,100.9,763,802,1,0,1,0,16,16,116,0
5.44,climb_cruise,444.4,444.4,34968.1,-408,0.55,-19.58,352.18,2.80,15.0,125.0,0,0,1.16,-2.48,-1.17,-0.251,0.474,0.027,1.000,0.100,0.100,0.100,1,31.9,100.9,763,802,1,0,1,0,16,16,114,0
5.46,climb_cruise,444.4,444.4,34967.9,-405,0.56,-19.63,352.15,2.82,15.0,125.0,0,0,1.16,-2.49,-1.17,-0.252,0.474,0.027,1.000,0.100,0.100,0.100,1,31.8,100.9,763,802,1,0,1,0,16,16,115,0
5.48,climb_cruise,444.3,444.3,34967.8,-401,0.58,-19.68,352.12,2.83,15.0,125.0,0,0,1.17,-2.50,-1.17,-0.253,0.474,0.027,1.000,0.100,0.100,0.100,1,31.7,100.9,763,803,1,0,1,0,16,16,115,0
5.50,climb_cruise,444.3,444.3,34967.7,-397,0.59,-19.73,352.09,2.85,15.0,125.0,0,0,1.17,-2.50,-1.18,-0.254,0.474,0.027,1.000,0.100,0.100,0.100,1,31.7,100.9,763,803,1,0,1,0,16,16,114,0
5.52,climb_cruise,444.3,444.3,34967.5,-393,0.60,-19.78,352.06,2.86,15.0,125.0,0,0,1.18,-2.51,-1.18,-0.254,0.474,0.027,1.000,0.100,0.100,0.100,1,31.6,101.0,763,803,1,0,1,0,16,16,116,0
5.54,climb_cruise,444.3,444.3,34967.4,-389,0.62,-19.83,352.03,2.88,15.0,125.0,0,0,1.18,-2.52,-1.18,-0.255,0.474,0.027,1.000,0.100,0.100,0.100,1,31.5,101.0,763,803,1,0,1,0,16,16,115,0
5.56,climb_cruise,444.2,444.2,34967.3,-385,0.63,-19.88,352.00,2.89,15.0,125.0,0,0,1.19,-2.52,-1.18,-0.256,0.474,0.027,1.000,0.100,0.100,0.100,1,31.5,101.0,763,803,1,0,1,0,16,16,116,0
5.58,climb_cruise,444.2,444.2,34967.2,-381,0.65,-19.94,351.97,2.91,15.0,125.0,0,0,1.20,-2.53,-1.18,-0.256,0.474,0.027,1.000,0.100,0.100,0.100,1,31.4,101.0,763,803,1,0,1,0,16,16,115,0
5.60,climb_cruise,444.2,444.2,34967.0,-377,0.66,-19.99,351.94,2.92,15.0,125.0,0,0,1.20,-2.54,-1.19,-0.257,0.474,0.027,1.000,0.100,0.100,0.100,1,31.4,101.0,763,803,1,0,1,0,16,16,115,0
5.62,climb_cruise,444.2,444.2,34966.9,-373,0.68,-20.04,351.91,2.94,15.0,125.0,0,0,1.21,-2.54,-1.19,-0.258,0.474,0.027,1.000,0.100,0.100,0.100,1,31.3,101.0,763,803,1,0,1,0,16,16,114,0
5.64,climb_cruise,444.2,444.2,34966.8,-369,0.69,-20.09,351.88,2.95,15.0,125.0,0,0,1.21,-2.55,-1.19,-0.259,0.474,0.028,1.000,0.100,0.100,0.100,1,31.2,101.0,763,803,1,0,1,0,16,16,115,0
5.66,climb_cruise,444.1,444.1,34966.7,-364,0.71,-20.14,351.85,2.97,15.0,125.0,0,0,1.22,-2.56,-1.19,-0.259,0.474,0.028,1.000,0.100,0.100,0.100,1,31.2,101.0,763,803,1,0,1,0,16,16,115,0
5.68,climb_cruise,444.1,444.1,34966.5,-360,0.72,-20.19,351.82,2.99,15.0,125.0,0,0,1.22,-2.56,-1.20,-0.260,0.474,0.028,1.000,0.100,0.100,0.100,1,31.1,101.1,763,803,1,0,1,0,16,16,115,0
5.70,climb_cruise,444.1,444.1,34966.4,-356,0.73,-20.24,351.79,3.00,15.0,125.0,0,0,1.23,-2.57,-1.20,-0.260,0.474,0.028,1.000,0.100,0.100,0.100,1,31.0,101.1,763,803,1,0,1,0,16,16,116,0
5.72,climb_cruise,444.1,444.1,34966.3,-351,0.75,-20.30,351.76,3.02,15.0,125.0,0,0,1.23,-2.58,-1.20,-0.261,0.474,0.028,1.000,0.100,0.100,0.100,1,31.0,101.1,763,803,1,0,1,0,16,16,115,0
5.74,climb_cruise,444.1,444.1,34966.2,-346,0.76,-20.35,351.72,3.03,15.0,125.0,0,0,1.24,-2.58,-1.20,-0.262,0.474,0.028,1.000,0.100,0.100,0.100,1,30.9,101.1,763,803,1,0,1,0,16,16,116,0
5.76,climb_cruise,444.0,444.0,34966.1,-342,0.78,-20.40,351.69,3.05,15.0,125.0,0,0,1.24,-2.59,-1.21,-0.262,0.474,0.028,1.000,0.100,0.100,0.100,1,30.9,101.1,763,803,1,0,1,0,16,16,115,0
5.78,climb_cruise,444.0,444.0,34965.9,-337,0.79,-20.45,351.66,3.06,15.0,125.0,0,0,1.25,-2.59,-1.21,-0.263,0.474,0.028,1.000,0.100,0.100,0.100,1,30.8,101.1,763,803,1,0,1,0,16,16,115,0
5.80,climb_cruise,444.0,444.0,34965.8,-332,0.81,-20.50,351.63,3.08,15.0,125.0,0,0,1.25,-2.60,-1.21,-0.263,0.474,0.028,1.000,0.100,0.100,0.100,1,30.7,101.1,763,803,1,0,1,0,16,16,115,0
5.82,climb_cruise,444.0,444.0,34965.7,-327,0.82,-20.56,351.60,3.09,15.0,125.0,0,0,1.26,-2.61,-1.21,-0.264,0.474,0.028,1.000,0.100,0.100,0.100,1,30.7,101.1,763,803,1,0,1,0,16,16,115,0
5.84,climb_cruise,443.9,443.9,34965.6,-323,0.84,-20.61,351.57,3.11,15.0,125.0,0,0,1.26,-2.61,-1.22,-0.264,0.474,0.028,1.000,0.100,0.100,0.100,1,30.6,101.1,763,803,1,0,1,0,16,16,115,0
5.86,climb_cruise,443.9,443.9,34965.5,-318,0.85,-20.66,351.54,3.12,15.0,125.0,0,0,1.27,-2.62,-1.22,-0.265,0.474,0.028,1.000,0.100,0.100,0.100,1,30.5,101.2,763,803,1,0,1,0,16,16,115,0
5.88,climb_cruise,443.9,443.9,34965.4,-313,0.87,-20.71,351.50,3.14,15.0,125.0,0,0,1.27,-2.62,-1.22,-0.265,0.474,0.028,1.000,0.100,0.100,0.100,1,30.5,101.2,763,803,1,0,1,0,16,16,115,0
5.90,climb_cruise,443.9,443.9,34965.3,-307,0.89,-20.77,351.47,3.15,15.0,125.0,0,0,1.28,-2.63,-1.22,-0.266,0.474,0.028,1.000,0.100,0.100,0.100,1,30.4,101.2,763,803,1,0,1,0,16,16,114,0
5.92,climb_cruise,443.8,443.8,34965.2,-302,0.90,-20.82,351.44,3.17,15.0,125.0,0,0,1.28,-2.64,-1.22,-0.266,0.474,0.028,1.000,0.100,0.100,0.100,1,30.4,101.2,763,803,1,0,1,0,16,16,114,0
5.94,climb_cruise,443.8,443.8,34965.1,-297,0.92,-20.87,351.41,3.18,15.0,125.0,0,0,1.28,-2.64,-1.23,-0.267,0.474,0.028,1.000,0.100,0.100,0.100,1,30.3,101.2,763,803,1,0,1,0,16,16,116,0
5.96,climb_cruise,443.8,443.8,34965.0,-292,0.93,-20.93,351.38,3.20,15.0,125.0,0,0,1.29,-2.65,-1.23,-0.267,0.474,0.029,1.000,0.100,0.100,0.100,1,30.2,101.2,763,803,1,0,1,0,16,16,114,0
5.98,climb_cruise,443.8,443.8,34964.9,-286,0.95,-20.98,351.34,3.21,15.0,125.0,0,0,1.29,-2.65,-1.23,-0.268,0.474,0.029,1.000,0.100,0.100,0.100,1,30.2,101.2,763,803,1,0,1,0,16,16,116,0
6.00,climb_cruise,443.8,443.8,34964.8,-281,0.96,-21.03,351.31,3.23,15.0,125.0,0,0,1.30,-2.66,-1.23,-0.268,0.474,0.029,1.000,0.100,0.100,0.100,1,30.1,101.2,763,803,1,0,1,0,16,16,115,0
6.02,climb_cruise,443.7,443.7,34964.7,-276,0.98,-21.09,351.28,3.25,15.0,125.0,0,0,1.30,-2.66,-1.24,-0.269,0.474,0.029,1.000,0.100,0.100,0.100,1,30.1,101.2,763,803,1,0,1,0,16,16,114,0
6.04,climb_cruise,443.7,443.7,34964.6,-270,0.99,-21.14,351.25,3.26,15.0,125.0,0,0,1.31,-2.67,-1.24,-0.269,0.474,0.029,1.000,0.100,0.100,0.100,1,30.0,101.2,763,803,1,0,1,0,16,16,114,0
6.06,climb_cruise,443.7,443.7,34964.5,-264,1.01,-21.20,351.21,3.28,15.0,125.0,0,0,1.31,-2.67,-1.24,-0.269,0.474,0.029,1.000,0.100,0.100,0.100,1,29.9,101.3,763,803,1,0,1,0,16,16,114,0
6.08,climb_cruise,443.7,443.7,34964.4,-259,1.02,-21.25,351.18,3.29,15.0,125.0,0,0,1.31,-2.68,-1.24,-0.270,0.474,0.029,1.000,0.100,0.100,0.100,1,29.9,101.3,763,803,1,0,1,0,16,16,116,0
6.10,climb_cruise,443.6,443.6,34964.4,-253,1.04,-21.30,351.15,3.30,15.0,125.0,0,0,1.32,-2.69,-1.25,-0.270,0.474,0.029,1.000,0.100,0.100,0.100,1,29.8,101.3,763,803,1,0,1,0,16,16,116,0
6.12,climb_cruise,443.6,443.6,34964.3,-247,1.05,-21.36,351.12,3.32,15.0,125.0,0,0,1.32,-2.69,-1.25,-0.270,0.474,0.029,1.000,0.100,0.100,0.100,1,29.8,101.3,763,803,1,0,1,0,16,16,115,0
6.14,climb_cruise,443.6,443.6,34964.2,-241,1.07,-21.41,351.08,3.33,15.0,125.0,0,0,1.33,-2.70,-1.25,-0.271,0.474,0.029,1.000,0.100,0.100,0.100,1,29.7,101.3,763,803,1,0,1,0,16,16,115,0
6.16,climb_cruise,443.6,443.6,34964.1,-236,1.09,-21.47,351.05,3.35,15.0,125.0,0,0,1.33,-2.70,-1.25,-0.271,0.474,0.029,1.000,0.100,0.100,0.100,1,29.6,101.3,763,803,1,0,1,0,16,16,116,0
6.18,climb_cruise,443.5,443.5,34964.0,-230,1.10,-21.52,351.02,3.36,15.0,125.0,0,0,1.33,-2.71,-1.26,-0.271,0.474,0.029,1.000,0.100,0.100,0.100,1,29.6,101.3,763,803,1,0,1,0,16,16,115,0
6.20,climb_cruise,443.5,443.5,34964.0,-224,1.12,-21.58,350.98,3.38,15.0,125.0,0,0,1.34,-2.71,-1.26,-0.272,0.474,0.029,1.000,0.100,0.100,0.100,1,29.5,101.3,763,803,1,0,1,0,16,16,114,0
6.22,climb_cruise,443.5,443.5,34963.9,-218,1.13,-21.63,350.95,3.39,15.0,125.0,0,0,1.34,-2.72,-1.26,-0.272,0.474,0.029,1.000,0.100,0.100,0.100,1,29.5,101.3,763,803,1,0,1,0,16,16,114,0
6.24,climb_cruise,443.5,443.5,34963.8,-211,1.15,-21.69,350.92,3.41,15.0,125.0,0,0,1.35,-2.72,-1.27,-0.272,0.474,0.029,1.000,0.100,0.100,0.100,1,29.4,101.3,763,803,1,0,1,0,16,16,114,0
6.26,climb_cruise,443.4,443.4,34963.7,-205,1.16,-21.74,350.88,3.42,15.0,125.0,0,0,1.35,-2.73,-1.27,-0.272,0.474,0.029,1.000,0.100,0.100,0.100,1,29.3,101.3,763,803,1,0,1,0,16,16,115,0
6.28,climb_cruise,443.4,443.4,34963.7,-199,1.18,-21.80,350.85,3.44,15.0,125.0,0,0,1.35,-2.73,-1.27,-0.273,0.474,0.030,1.000,0.100,0.100,0.100,1,29.3,101.3,763,803,1,0,1,0,16,16,114,0
6.30,climb_cruise,443.4,443.4,34963.6,-193,1.20,-21.85,350.81,3.45,15.0,125.0,0,0,1.36,-2.74,-1.27,-0.273,0.474,0.030,1.000,0.100,0.100,0.100,1,29.2,101.4,763,803,1,0,1,0,16,16,114,0
6.32,climb_cruise,443.4,443.4,34963.5,-186,1.21,-21.91,350.78,3.47,15.0,125.0,0,0,1.36,-2.74,-1.28,-0.273,0.474,0.030,1.000,0.100,0.100,0.100,1,29.2,101.4,763,803,1,0,1,0,16,16,116,0
6.34,climb_cruise,443.3,443.3,34963.5,-180,1.23,-21.96,350.75,3.48,15.0,125.0,0,0,1.36,-2.75,-1.28,-0.273,0.474,0.030,1.000,0.100,0.100,0.100,1,29.1,101.4,763,803,1,0,1,0,16,16,115,0
6.36,climb_cruise,443.3,443.3,34963.4,-174,1.24,-22.02,350.71,3.50,15.0,125.0,0,0,1.37,-2.75,-1.28,-0.273,0.474,0.030,1.000,0.100,0.100,0.100,1,29.1,101.4,763,803,1,0,1,0,16,16,114,0
6.38,climb_cruise,443.3,443.3,34963.4,-167,1.26,-22.08,350.68,3.51,15.0,125.0,0,0,1.37,-2.76,-1.28,-0.274,0.474,0.030,1.000,0.100,0.100,0.100,1,29.0,101.4,763,803,1,0,1,0,16,16,116,0
6.40,climb_cruise,443.3,443.3,34963.3,-160,1.27,-22.13,350.65,3.52,15.0,125.0,0,0,1.37,-2.76,-1.29,-0.274,0.474,0.030,1.000,0.100,0.100,0.100,1,28.9,101.4,763,803,1,0,1,0,16,16,115,0
6.42,climb_cruise,443.2,443.2,34963.2,-154,1.29,-22.19,350.61,3.54,15.0,125.0,0,0,1.38,-2.77,-1.29,-0.274,0.474,0.030,1.000,0.100,0.100,0.100,1,28.9,101.4,763,803,1,0,1,0,16,16,115,0
6.44,climb_cruise,443.2,443.2,34963.2,-147,1.31,-22.24,350.58,3.55,15.0,125.0,0,0,1.38,-2.77,-1.29,-0.274,0.474,0.030,1.000,0.100,0.100,0.100,1,28.8,101.4,763,803,1,0,1,0,16,16,115,0
6.46,climb_cruise,443.2,443.2,34963.1,-140,1.32,-22.30,350.54,3.57,15.0,125.0,0,0,1.38,-2.78,-1.30,-0.274,0.474,0.030,1.000,0.100,0.100,0.100,1,28.8,101.4,763,803,1,0,1,0,16,16,116,0
6.48,climb_cruise,443.2,443.2,34963.1,-134,1.34,-22.36,350.51,3.58,15.0,125.0,0,0,1.39,-2.78,-1.30,-0.274,0.474,0.030,1.000,0.100,0.100,0.100,1,28.7,101.4,763,803,1,0,1,0,16,16,115,0
6.50,climb_cruise,443.1,443.1,34963.1,-127,1.35,-22.41,350.47,3.59,15.0,125.0,0,0,1.39,-2.79,-1.30,-0.274,0.474,0.030,1.000,0.100,0.100,0.100,1,28.7,101.4,763,803,1,0,1,0,16,16,114,0
6.52,climb_cruise,443.1,443.1,34963.0,-120,1.37,-22.47,350.44,3.61,15.0,125.0,0,0,1.39,-2.79,-1.30,-0.274,0.474,0.030,1.000,0.100,0.100,0.100,1,28.6,101.4,763,803,1,0,1,0,16,16,116,0
6.54,climb_cruise,443.1,443.1,34963.0,-113,1.39,-22.53,350.40,3.62,15.0,125.0,0,0,1.39,-2.80,-1.31,-0.274,0.474,0.030,1.000,0.100,0.100,0.100,1,28.5,101.4,763,803,1,0,1,0,16,16,114,0
6.56,climb_cruise,443.1,443.1,34962.9,-106,1.40,-22.58,350.37,3.64,15.0,125.0,0,0,1.40,-2.80,-1.31,-0.274,0.474,0.030,1.000,0.100,0.100,0.100,1,28.5,101.4,763,803,1,0,1,0,16,16,116,0
6.58,climb_cruise,443.0,443.0,34962.9,-99,1.42,-22.64,350.33,3.65,15.0,125.0,0,0,1.40,-2.81,-1.31,-0.274,0.474,0.030,1.000,0.100,0.100,0.100,1,28.4,101.5,763,803,1,0,1,0,16,16,114,0
6.60,climb_cruise,443.0,443.0,34962.9,-92,1.43,-22.70,350.30,3.66,15.0,125.0,0,0,1.40,-2.81,-1.32,-0.274,0.474,0.031,1.000,0.100,0.100,0.100,1,28.4,101.5,763,803,1,0,1,0,16,16,116,0
6.62,climb_cruise,443.0,443.0,34962.8,-85,1.45,-22.76,350.26,3.68,15.0,125.0,0,0,1.40,-2.82,-1.32,-0.274,0.474,0.031,1.000,0.100,0.100,0.100,1,28.3,101.5,763,803,1,0,1,0,16,16,114,0
6.64,climb_cruise,442.9,442.9,34962.8,-77,1.46,-22.81,350.23,3.69,15.0,125.0,0,0,1.41,-2.82,-1.32,-0.274,0.474,0.031,1.000,0.100,0.100,0.100,1,28.3,101.5,763,803,1,0,1,0,16,16,114,0
6.66,climb_cruise,442.9,442.9,34962.8,-70,1.48,-22.87,350.19,3.71,15.0,125.0,0,0,1.41,-2.83,-1.32,-0.274,0.474,0.031,1.000,0.100,0.100,0.100,1,28.2,101.5,763,803,1,0,1,0,16,16,115,0
6.68,climb_cruise,442.9,442.9,34962.8,-63,1.50,-22.93,350.16,3.72,15.0,125.0,0,0,1.41,-2.83,-1.33,-0.274,0.474,0.031,1.000,0.100,0.100,0.100,1,28.1,101.5,763,803,1,0,1,0,16,16,116,0
6.70,climb_cruise,442.9,442.9,34962.7,-56,1.51,-22.98,350.12,3.73,15.0,125.0,0,0,1.41,-2.84,-1.33,-0.274,0.474,0.031,1.000,0.100,0.100,0.100,1,28.1,101.5,763,803,1,0,1,0,16,16,116,0
6.72,climb_cruise,442.8,442.8,34962.7,-48,1.53,-23.04,350.09,3.75,15.0,125.0,0,0,1.42,-2.84,-1.33,-0.274,0.474,0.031,1.000,0.100,0.100,0.100,1,28.0,101.5,763,803,1,0,1,0,16,16,115,0
6.74,climb_cruise,442.8,442.8,34962.7,-41,1.54,-23.10,350.05,3.76,15.0,125.0,0,0,1.42,-2.85,-1.34,-0.274,0.474,0.031,1.000,0.100,0.100,0.100,1,28.0,101.5,763,803,1,0,1,0,16,16,116,0
6.76,climb_cruise,442.8,442.8,34962.7,-33,1.56,-23.16,350.01,3.77,15.0,125.0,0,0,1.42,-2.85,-1.34,-0.273,0.474,0.031,1.000,0.100,0.100,0.100,1,27.9,101.5,763,803,1,0,1,0,16,16,116,0
6.78,climb_cruise,442.8,442.8,34962.7,-26,1.57,-23.22,349.98,3.79,15.0,125.0,0,0,1.42,-2.85,-1.34,-0.273,0.474,0.031,1.000,0.100,0.100,0.100,1,27.9,101.5,763,803,1,0,1,0,16,16,114,0
6.80,climb_cruise,442.7,442.7,34962.7,-18,1.59,-23.27,349.94,3.80,15.0,125.0,0,0,1.42,-2.86,-1.34,-0.273,0.474,0.031,1.000,0.100,0.100,0.100,1,27.8,101.5,763,803,1,0,1,0,16,16,115,0
6.82,climb_cruise,442.7,442.7,34962.7,-11,1.60,-23.33,349.91,3.81,15.0,125.0,0,0,1.43,-2.86,-1.35,-0.273,0.474,0.031,1.000,0.100,0.100,0.100,1,27.7,101.5,763,803,1,0,1,0,16,16,116,0
6.84,climb_cruise,442.7,442.7,34962.7,-3,1.62,-23.39,349.87,3.82,15.0,125.0,0,0,1.43,-2.87,-1.35,-0.273,0.474,0.031,1.000,0.100,0.100,0.100,1,27.7,101.5,763,803,1,0,1,0,16,16,114,0
6.86,climb_cruise,442.6,442.6,34962.7,5,1.64,-23.45,349.83,3.84,15.0,125.0,0,0,1.43,-2.87,-1.35,-0.272,0.474,0.031,1.000,0.100,0.100,0.100,1,27.6,101.5,763,803,1,0,1,0,16,16,114,0
6.88,climb_cruise,442.6,442.6,34962.7,12,1.65,-23.51,349.80,3.85,15.0,125.0,0,0,1.43,-2.88,-1.36,-0.272,0.474,0.031,1.000,0.100,0.100,0.100,1,27.6,101.5,763,803,1,0,1,0,16,16,115,0
6.90,climb_cruise,442.6,442.6,34962.7,20,1.67,-23.57,349.76,3.86,15.0,125.0,0,0,1.43,-2.88,-1.36,-0.272,0.474,0.031,1.000,0.100,0.100,0.100,1,27.5,101.5,763,803,1,0,1,0,16,16,114,0
6.92,climb_cruise,442.6,442.6,34962.7,28,1.68,-23.63,349.73,3.88,15.0,125.0,0,0,1.43,-2.89,-1.36,-0.272,0.474,0.032,1.000,0.100,0.100,0.100,1,27.5,101.6,763,803,1,0,1,0,16,16,115,0
6.94,climb_cruise,442.5,442.5,34962.7,36,1.70,-23.68,349.69,3.89,15.0,125.0,0,0,1.43,-2.89,-1.36,-0.271,0.474,0.032,1.000,0.100,0.100,0.100,1,27.4,101.6,763,803,1,0,1,0,16,16,115,0
6.96,climb_cruise,442.5,442.5,34962.7,44,1.71,-23.74,349.65,3.90,15.0,125.0,0,0,1.44,-2.90,-1.37,-0.271,0.474,0.032,1.000,0.100,0.100,0.100,1,27.4,101.6,763,803,1,0,1,0,16,16,115,0
6.98,climb_cruise,442.5,442.5,34962.7,52,1.73,-23.80,349.62,3.91,15.0,125.0,0,0,1.44,-2.90,-1.37,-0.271,0.474,0.032,1.000,0.100,0.100,0.100,1,27.3,101.6,763,803,1,0,1,0,16,16,115,0
7.00,climb_cruise,442.4,442.4,34962.7,60,1.74,-23.86,349.58,3.93,15.0,125.0,0,0,1.44,-2.90,-1.37,-0.270,0.474,0.032,1.000,0.100,0.100,0.100,1,27.3,101.6,763,803,1,0,1,0,16,16,114,0
7.02,climb_cruise,442.4,442.4,34962.8,68,1.76,-23.92,349.54,3.94,15.0,125.0,0,0,1.44,-2.91,-1.38,-0.270,0.474,0.032,1.000,0.100,0.100,0.100,1,27.2,101.6,763,803,1,0,1,0,16,16,115,0
7.04,climb_cruise,442.4,442.4,34962.8,76,1.77,-23.98,349.51,3.95,15.0,125.0,0,0,1.44,-2.91,-1.38,-0.269,0.474,0.032,1.000,0.100,0.100,0.100,1,27.1,101.6,763,803,1,0,1,0,16,16,114,0
7.06,climb_cruise,442.4,442.4,34962.8,84,1.79,-24.04,349.47,3.96,15.0,125.0,0,0,1.44,-2.92,-1.38,-0.269,0.474,0.032,1.000,0.100,0.100,0.100,1,27.1,101.6,763,803,1,0,1,0,16,16,115,0
7.08,climb_cruise,442.3,442.3,34962.8,92,1.80,-24.10,349.43,3.98,15.0,125.0,0,0,1.44,-2.92,-1.39,-0.269,0.474,0.032,1.000,0.100,0.100,0.100,1,27.0,101.6,763,803,1,0,1,0,16,16,115,0
7.10,climb_cruise,442.3,442.3,34962.9,100,1.82,-24.16,349.39,3.99,15.0,125.0,0,0,1.44,-2.93,-1.39,-0.268,0.474,0.032,1.000,0.100,0.100,0.100,1,27.0,101.6,763,803,1,0,1,0,16,16,114,0
7.12,climb_cruise,442.3,442.3,34962.9,108,1.83,-24.22,349.36,4.00,15.0,125.0,0,0,1.44,-2.93,-1.39,-0.268,0.474,0.032,1.000,0.100,0.100,0.100,1,26.9,101.6,763,803,1,0,1,0,16,16,114,0
7.14,climb_cruise,442.2,442.2,34962.9,117,1.85,-24.28,349.32,4.01,15.0,125.0,0,0,1.44,-2.93,-1.39,-0.267,0.474,0.032,1.000,0.100,0.100,0.100,1,26.9,101.6,763,803,1,0,1,0,16,16,114,0
7.16,climb_cruise,442.2,442.2,34963.0,125,1.86,-24.34,349.28,4.02,15.0,125.0,0,0,1.44,-2.94,-1.40,-0.267,0.474,0.032,1.000,0.100,0.100,0.100,1,26.8,101.6,763,803,1,0,1,0,16,16,114,0
7.18,climb_cruise,442.2,442.2,34963.0,133,1.88,-24.40,349.24,4.03,15.0,125.0,0,0,1.44,-2.94,-1.40,-0.266,0.474,0.032,1.000,0.100,0.100,0.100,1,26.8,101.6,763,803,1,0,1,0,16,16,116,0
7.20,climb_cruise,442.2,442.2,34963.1,142,1.89,-24.46,349.21,4.05,15.0,125.0,0,0,1.45,-2.95,-1.40,-0.266,0.474,0.032,1.000,0.100,0.100,0.100,1,26.7,101.6,763,803,1,0,1,0,16,16,114,0
7.22,climb_cruise,442.1,442.1,34963.1,150,1.91,-24.52,349.17,4.06,15.0,125.0,0,0,1.45,-2.95,-1.41,-0.265,0.474,0.033,1.000,0.100,0.100,0.100,1,26.7,101.6,763,803,1,0,1,0,16,16,115,0
7.24,climb_cruise,442.1,442.1,34963.2,158,1.92,-24.58,349.13,4.07,15.0,125.0,0,0,1.45,-2.95,-1.41,-0.265,0.474,0.033,1.000,0.100,0.100,0.100,1,26.6,101.6,763,803,1,0,1,0,16,16,116,0
7.26,climb_cruise,442.1,442.1,34963.2,167,1.94,-24.64,349.09,4.08,15.0,125.0,0,0,1.45,-2.96,-1.41,-0.264,0.474,0.033,1.000,0.100,0.100,0.100,1,26.6,101.6,763,803,1,0,1,0,16,16,114,0
7.28,climb_cruise,442.0,442.0,34963.3,175,1.95,-24.70,349.06,4.09,15.0,125.0,0,0,1.45,-2.96,-1.42,-0.264,0.474,0.033,1.000,0.100,0.100,0.100,1,26.5,101.6,763,803,1,0,1,0,16,16,115,0
7.30,climb_cruise,442.0,442.0,34963.3,184,1.97,-24.76,349.02,4.10,15.0,125.0,0,0,1.45,-2.97,-1.42,-0.263,0.474,0.033,1.000,0.100,0.100,0.100,1,26.4,101.6,763,803,1,0,1,0,16,16,116,0
7.32,climb_cruise,442.0,442.0,34963.4,192,1.98,-24.82,348.98,4.11,15.0,125.0,0,0,1.45,-2.97,-1.42,-0.262,0.474,0.033,1.000,0.100,0.100,0.100,1,26.4,101.7,763,803,1,0,1,0,16,16,115,0
7.34,climb_cruise,441.9,441.9,34963.5,201,1.99,-24.88,348.94,4.12,15.0,125.0,0,0,1.45,-2.98,-1.43,-0.262,0.474,0.033,1.000,0.100,0.100,0.100,1,26.3,101.7,763,804,1,0,1,0,16,16,116,0
7.36,climb_cruise,441.9,441.9,34963.5,209,2.01,-24.94,348.90,4.14,15.0,125.0,0,0,1.45,-2.98,-1.43,-0.261,0.474,0.033,1.000,0.100,0.100,0.100,1,26.3,101.7,763,804,1,0,1,0,16,16,114,0
7.38,climb_cruise,441.9,441.9,34963.6,218,2.02,-25.00,348.87,4.15,15.0,125.0,0,0,1.45,-2.98,-1.43,-0.260,0.474,0.033,1.000,0.100,0.100,0.100,1,26.2,101.7,763,804,1,0,1,0,16,16,115,0
7.40,climb_cruise,441.8,441.8,34963.7,227,2.04,-25.06,348.83,4.16,15.0,125.0,0,0,1.45,-2.99,-1.43,-0.260,0.474,0.033,1.000,0.100,0.100,0.100,1,26.2,101.7,763,804,1,0,1,0,16,16,115,0
7.42,climb_cruise,441.8,441.8,34963.7,235,2.05,-25.13,348.79,4.17,15.0,125.0,0,0,1.44,-2.99,-1.44,-0.259,0.474,0.033,1.000,0.100,0.100,0.100,1,26.1,101.7,763,804,1,0,1,0,16,16,115,0
7.44,climb_cruise,441.8,441.8,34963.8,244,2.07,-25.19,348.75,4.18,15.0,125.0,0,0,1.44,-3.00,-1.44,-0.258,0.474,0.033,1.000,0.100,0.100,0.100,1,26.1,101.7,763,804,1,0,1,0,16,16,115,0
7.46,climb_cruise,441.8,441.8,34963.9,253,2.08,-25.25,348.71,4.19,15.0,125.0,0,0,1.44,-3.00,-1.44,-0.257,0.474,0.033,1.000,0.100,0.100,0.100,1,26.0,101.7,763,804,1,0,1,0,16,16,115,0
7.48,climb_cruise,441.7,441.7,34964.0,261,2.09,-25.31,348.67,4.20,15.0,125.0,0,0,1.44,-3.00,-1.45,-0.257,0.474,0.033,1.000,0.100,0.100,0.100,1,26.0,101.7,763,804,1,0,1,0,16,16,115,0
7.50,climb_cruise,441.7,441.7,34964.1,270,2.11,-25.37,348.64,4.21,15.0,125.0,0,0,1.44,-3.01,-1.45,-0.256,0.474,0.033,1.000,0.100,0.100,0.100,1,25.9,101.7,763,804,1,0,1,0,16,16,116,0
7.52,climb_cruise,441.7,441.7,34964.2,279,2.12,-25.43,348.60,4.22,15.0,125.0,0,0,1.44,-3.01,-1.45,-0.255,0.474,0.033,1.000,0.100,0.100,0.100,1,25.9,101.7,763,804,1,0,1,0,16,16,116,0
7.54,climb_cruise,441.6,441.6,34964.3,288,2.13,-25.49,348.56,4.23,15.0,125.0,0,0,1.44,-3.02,-1.46,-0.254,0.474,0.034,1.000,0.100,0.100,0.100,1,25.8,101.7,763,804,1,0,1,0,16,16,115,0
7.56,climb_cruise,441.6,441.6,34964.4,297,2.15,-25.56,348.52,4.24,15.0,125.0,0,0,1.44,-3.02,-1.46,-0.253,0.474,0.034,1.000,0.100,0.100,0.100,1,25.8,101.7,763,804,1,0,1,0,16,16,116,0
7.58,climb_cruise,441.6,441.6,34964.5,305,2.16,-25.62,348.48,4.25,15.0,125.0,0,0,1.44,-3.02,-1.46,-0.253,0.474,0.034,1.000,0.100,0.100,0.100,1,25.7,101.7,763,804,1,0,1,0,16,16,116,0
7.60,climb_cruise,441.5,441.5,34964.6,314,2.17,-25.68,348.44,4.26,15.0,125.0,0,0,1.44,-3.03,-1.47,-0.252,0.474,0.034,1.000,0.100,0.100,0.100,1,25.7,101.7,763,804,1,0,1,0,16,16,115,0
7.62,climb_cruise,441.5,441.5,34964.7,323,2.19,-25.74,348.40,4.27,15.0,125.0,0,0,1.44,-3.03,-1.47,-0.251,0.474,0.034,1.000,0.100,0.100,0.100,1,25.6,101.7,763,804,1,0,1,0,16,16,115,0
7.64,climb_cruise,441.5,441.5,34964.8,332,2.20,-25.80,348.36,4.28,15.0,125.0,0,0,1.43,-3.03,-1.47,-0.250,0.474,0.034,1.000,0.100,0.100,0.100,1,25.6,101.7,763,804,1,0,1,0,16,16,115,0
7.66,climb_cruise,441.4,441.4,34964.9,341,2.21,-25.87,348.33,4.29,15.0,125.0,0,0,1.43,-3.04,-1.47,-0.249,0.474,0.034,1.000,0.100,0.100,0.100,1,25.5,101.7,763,804,1,0,1,0,16,16,114,0
7.68,climb_cruise,441.4,441.4,34965.0,350,2.23,-25.93,348.29,4.30,15.0,125.0,0,0,1.43,-3.04,-1.48,-0.248,0.474,0.034,1.000,0.100,0.100,0.100,1,25.5,101.7,763,804,1,0,1,0,16,16,114,0
7.70,climb_cruise,441.4,441.4,34965.1,359,2.24,-25.99,348.25,4.30,15.0,125.0,0,0,1.43,-3.05,-1.48,-0.247,0.474,0.034,1.000,0.100,0.100,0.100,1,25.4,101.7,763,804,1,0,1,0,16,16,115,0
7.72,climb_cruise,441.3,441.3,34965.2,368,2.25,-26.05,348.21,4.31,15.0,125.0,0,0,1.43,-3.05,-1.48,-0.246,0.474,0.034,1.000,0.100,0.100,0.100,1,25.4,101.7,763,804,1,0,1,0,16,16,115,0
7.74,climb_cruise,441.3,441.3,34965.4,377,2.26,-26.12,348.17,4.32,15.0,125.0,0,0,1.43,-3.05,-1.49,-0.245,0.474,0.034,1.000,0.100,0.100,0.100,1,25.3,101.7,763,804,1,0,1,0,16,16,114,0
7.76,climb_cruise,441.3,441.3,34965.5,386,2.28,-26.18,348.13,4.33,15.0,125.0,0,0,1.43,-3.06,-1.49,-0.244,0.474,0.034,1.000,0.100,0.100,0.100,1,25.3,101.7,763,804,1,0,1,0,16,16,114,0
7.78,climb_cruise,441.2,441.2,34965.6,395,2.29,-26.24,348.09,4.34,15.0,125.0,0,0,1.42,-3.06,-1.49,-0.243,0.474,0.034,1.000,0.100,0.100,0.100,1,25.2,101.7,763,804,1,0,1,0,16,16,114,0
7.80,climb_cruise,441.2,441.2,34965.7,404,2.30,-26.30,348.05,4.35,15.0,125.0,0,0,1.42,-3.06,-1.50,-0.242,0.474,0.034,1.000,0.100,0.100,0.100,1,25.2,101.7,763,804,1,0,1,0,16,16,116,0
7.82,climb_cruise,441.2,441.2,34965.9,413,2.31,-26.37,348.01,4.36,15.0,125.0,0,0,1.42,-3.07,-1.50,-0.241,0.474,0.034,1.000,0.100,0.100,0.100,1,25.1,101.7,763,804,1,0,1,0,16,16,115,0
7.84,climb_cruise,441.1,441.1,34966.0,422,2.33,-26.43,347.97,4.36,15.0,125.0,0,0,1.42,-3.07,-1.50,-0.240,0.474,0.034,1.000,0.100,0.100,0.100,1,25.1,101.7,763,804,1,0,1,0,16,16,116,0
7.86,climb_cruise,441.1,441.1,34966.2,431,2.34,-26.49,347.93,4.37,15.0,125.0,0,0,1.42,-3.08,-1.51,-0.239,0.474,0.035,1.000,0.100,0.100,0.100,1,25.0,101.7,763,804,1,0,1,0,16,16,115,0
7.88,climb_cruise,441.1,441.1,34966.3,440,2.35,-26.56,347.89,4.38,15.0,125.0,0,0,1.41,-3.08,-1.51,-0.238,0.474,0.035,1.000,0.100,0.100,0.100,1,25.0,101.8,763,804,1,0,1,0,16,16,115,0
7.90,climb_cruise,441.0,441.0,34966.5,449,2.36,-26.62,347.85,4.39,15.0,125.0,0,0,1.41,-3.08,-1.51,-0.236,0.474,0.035,1.000,0.100,0.100,0.100,1,24.9,101.8,763,804,1,0,1,0,16,16,116,0
7.92,climb_cruise,441.0,441.0,34966.6,458,2.37,-26.68,347.81,4.40,15.0,125.0,0,0,1.41,-3.09,-1.52,-0.235,0.474,0.035,1.000,0.100,0.100,0.100,1,24.9,101.8,763,804,1,0,1,0,16,16,115,0
7.94,climb_cruise,441.0,441.0,34966.8,467,2.38,-26.75,347.77,4.40,15.0,125.0,0,0,1.41,-3.09,-1.52,-0.234,0.474,0.035,1.000,0.100,0.100,0.100,1,24.8,101.8,763,804,1,0,1,0,16,16,115,0
7.96,climb_cruise,440.9,440.9,34966.9,476,2.40,-26.81,347.73,4.41,15.0,125.0,0,0,1.40,-3.09,-1.52,-0.233,0.474,0.035,1.000,0.100,0.100,0.100,1,24.8,101.8,763,804,1,0,1,0,16,16,115,0
7.98,climb_cruise,440.9,440.9,34967.1,485,2.41,-26.87,347.69,4.42,15.0,125.0,0,0,1.40,-3.10,-1.52,-0.232,0.474,0.035,1.000,0.100,0.100,0.100,1,24.7,101.8,763,804,1,0,1,0,16,16,115,0
8.00,climb_cruise,440.9,440.9,34967.2,494,2.42,-26.94,347.65,4.43,15.0,125.0,0,0,1.40,-3.10,-1.53,-0.231,0.474,0.035,1.000,0.100,0.100,0.100,1,24.7,101.8,763,804,1,0,1,0,16,16,116,0
8.02,climb_cruise,440.8,440.8,34967.4,503,2.43,-27.00,347.61,4.43,15.0,125.0,0,0,1.40,-3.10,-1.53,-0.229,0.474,0.035,1.000,0.100,0.100,0.100,1,24.6,101.8,763,804,1,0,1,0,16,16,115,0
8.04,climb_cruise,440.8,440.8,34967.6,512,2.44,-27.06,347.57,4.44,15.0,125.0,0,0,1.39,-3.11,-1.53,-0.228,0.474,0.035,1.000,0.100,0.100,0.100,1,24.6,101.8,763,804,1,0,1,0,16,16,115,0
8.06,climb_cruise,440.8,440.8,34967.7,522,2.45,-27.13,347.53,4.45,15.0,125.0,0,0,1.39,-3.11,-1.54,-0.227,0.474,0.035,1.000,0.100,0.100,0.100,1,24.5,101.8,763,804,1,0,1,0,16,16,115,0
8.08,climb_cruise,440.7,440.7,34967.9,531,2.46,-27.19,347.49,4.46,15.0,125.0,0,0,1.39,-3.12,-1.54,-0.226,0.474,0.035,1.000,0.100,0.100,0.100,1,24.5,101.8,763,804,1,0,1,0,16,16,114,0
8.10,climb_cruise,440.7,440.7,34968.1,540,2.47,-27.26,347.45,4.46,15.0,125.0,0,0,1.38,-3.12,-1.54,-0.224,0.474,0.035,1.000,0.100,0.100,0.100,1,24.4,101.8,763,804,1,0,1,0,16,16,115,0
8.12,climb_cruise,440.7,440.7,34968.3,549,2.48,-27.32,347.41,4.47,15.0,125.0,0,0,1.38,-3.12,-1.55,-0.223,0.474,0.035,1.000,0.100,0.100,0.100,1,24.4,101.8,763,804,1,0,1,0,16,16,116,0
8.14,climb_cruise,440.6,440.6,34968.5,558,2.49,-27.39,347.37,4.48,15.0,125.0,0,0,1.38,-3.13,-1.55,-0.222,0.474,0.035,1.000,0.100,0.100,0.100,1,24.3,101.8,763,804,1,0,1,0,16,16,114,0
8.16,climb_cruise,440.6,440.6,34968.6,567,2.50,-27.45,347.33,4.48,15.0,125.0,0,0,1.37,-3.13,-1.55,-0.220,0.474,0.035,1.000,0.100,0.100,0.100,1,24.3,101.8,763,804,1,0,1,0,16,16,115,0
8.18,climb_cruise,440.6,440.6,34968.8,576,2.51,-27.56,347.29,4.49,15.0,125.0,0,0,0.43,-8.09,-1.68,-0.088,0.189,0.014,1.000,0.100,0.100,0.100,1,24.2,101.8,763,804,1,0,1,0,16,32,115,0
8.20,climb_cruise,440.5,440.5,34969.0,586,2.49,-27.75,347.26,4.48,15.0,125.0,0,0,-0.55,-10.97,-1.82,-0.055,0.130,0.009,1.000,0.100,0.100,0.100,1,24.2,101.8,763,804,1,0,1,0,16,48,114,0
8.22,climb_cruise,440.5,440.5,34969.2,595,2.46,-27.98,347.24,4.45,15.0,125.0,0,0,-1.36,-12.26,-1.96,-0.048,0.117,0.008,1.000,0.100,0.100,0.100,1,24.1,101.8,763,804,1,0,1,0,16,64,114,0
8.24,climb_cruise,440.5,440.5,34969.4,603,2.41,-28.24,347.22,4.42,15.0,125.0,0,0,-1.95,-12.81,-2.08,-0.046,0.115,0.008,1.000,0.100,0.100,0.100,1,24.1,101.8,763,804,1,0,1,0,16,80,115,0
8.26,climb_cruise,440.4,440.4,34969.6,612,2.35,-28.50,347.20,4.37,15.0,125.0,0,0,-2.33,-13.05,-2.20,-0.045,0.114,0.008,1.000,0.100,0.100,0.100,1,24.0,101.8,763,804,1,0,1,0,16,96,115,0
8.28,climb_cruise,440.4,440.4,34969.8,620,2.29,-28.76,347.18,4.32,15.0,125.0,0,0,-2.53,-13.16,-2.29,-0.045,0.114,0.008,1.000,0.100,0.100,0.100,1,24.0,101.8,763,804,1,0,1,0,16,112,116,0
8.30,climb_cruise,440.4,440.4,34970.1,627,2.22,-29.02,347.17,4.27,15.0,125.0,0,0,-2.57,-13.23,-2.38,-0.045,0.114,0.008,1.000,0.100,0.100,0.100,1,23.9,101.8,763,804,1,0,1,0,16,128,115,0
8.32,climb_cruise,440.3,440.3,34970.3,634,2.15,-29.29,347.15,4.21,15.0,125.0,0,0,-2.48,-13.28,-2.45,-0.045,0.114,0.008,1.000,0.100,0.100,0.100,1,23.9,101.8,763,804,1,0,1,0,16,144,115,0
8.34,climb_cruise,440.3,440.3,34970.5,641,2.09,-29.55,347.13,4.16,15.0,125.0,0,0,-2.28,-13.32,-2.51,-0.045,0.114,0.008,1.000,0.100,0.100,0.100,1,23.8,101.8,763,804,1,0,1,0,16,160,115,0
8.36,climb_cruise,440.3,440.3,34970.7,647,2.02,-29.82,347.11,4.11,15.0,125.0,0,0,-2.00,-13.35,-2.56,-0.045,0.114,0.008,1.000,0.100,0.100,0.100,1,23.8,101.8,763,804,1,0,1,0,16,176,115,0
8.38,climb_cruise,440.2,440.2,34970.9,653,1.97,-30.09,347.08,4.07,15.0,125.0,0,0,-1.67,-13.38,-2.59,-0.045,0.114,0.008,1.000,0.100,0.100,0.100,1,23.7,101.8,763,804,1,0,1,0,16,192,115,0
8.40,climb_cruise,440.2,440.2,34971.1,659,1.91,-30.36,347.05,4.04,15.0,125.0,0,0,-1.31,-13.41,-2.62,-0.046,0.114,0.008,1.000,0.100,0.100,0.100,1,23.7,101.8,763,804,1,0,1,0,16,208,115,0
8.42,climb_cruise,440.1,440.1,34971.4,664,1.87,-30.63,347.02,4.01,15.0,125.0,0,0,-0.94,-13.43,-2.64,-0.046,0.114,0.008,1.000,0.100,0.100,0.100,1,23.6,101.8,763,804,1,0,1,0,16,224,114,0
8.44,climb_cruise,440.1,440.1,34971.6,669,1.83,-30.90,346.98,3.99,15.0,125.0,0,0,-0.57,-13.46,-2.64,-0.046,0.114,0.008,1.000,0.100,0.100,0.100,1,23.6,101.8,763,804,1,0,1,0,16,240,115,0
8.46,climb_cruise,440.1,440.1,34971.8,674,1.79,-31.17,346.94,3.98,15.0,125.0,0,0,-0.22,-13.48,-2.65,-0.046,0.114,0.008,1.000,0.100,0.100,0.100,1,23.6,101.8,763,804,1,0,1,0,16,256,115,0
8.48,climb_cruise,440.0,440.0,34972.0,679,1.76,-31.44,346.90,3.97,15.0,125.0,0,0,0.11,-13.49,-2.64,-0.046,0.114,0.008,1.000,0.100,0.100,0.100,1,23.5,101.8,763,804,1,0,1,0,16,272,115,0
8.50,climb_cruise,440.0,440.0,34972.3,684,1.74,-31.71,346.85,3.98,15.0,125.0,0,0,0.39,-13.51,-2.64,-0.046,0.114,0.008,1.000,0.100,0.100,0.100,1,23.5,101.8,763,804,1,0,1,0,16,288,114,0
8.52,climb_cruise,440.0,440.0,34972.5,688,1.72,-31.98,346.80,3.98,15.0,125.0,0,0,0.64,-13.52,-2.63,-0.046,0.114,0.008,1.000,0.100,0.100,0.100,1,23.4,101.8,763,804,1,0,1,0,16,304,115,0
8.54,climb_cruise,439.9,439.9,34972.7,692,1.70,-32.26,346.75,3.99,15.0,125.0,0,0,0.84,-13.53,-2.61,-0.045,0.114,0.008,1.000,0.100,0.100,0.100,1,23.4,101.8,763,804,1,0,1,0,16,320,114,0
8.56,climb_cruise,439.9,439.9,34972.9,696,1.69,-32.53,346.69,4.01,15.0,125.0,0,0,1.00,-13.54,-2.60,-0.045,0.114,0.008,1.000,0.100,0.100,0.100,1,23.3,101.8,763,804,1,0,1,0,16,336,114,0
8.58,climb_cruise,439.9,439.9,34973.2,701,1.68,-32.80,346.64,4.03,15.0,125.0,0,0,1.12,-13.54,-2.59,-0.045,0.114,0.008,1.000,0.100,0.100,0.100,1,23.3,101.8,763,804,1,0,1,0,16,352,116,0
8.60,climb_cruise,439.8,439.8,34973.4,705,1.67,-33.07,346.58,4.05,15.0,125.0,0,0,1.20,-13.55,-2.57,-0.045,0.114,0.008,1.000,0.100,0.100,0.100,1,23.2,101.8,763,804,1,0,1,0,16,368,116,0
8.62,climb_cruise,439.8,439.8,34973.6,709,1.66,-33.34,346.53,4.07,15.0,125.0,0,0,1.24,-13.55,-2.56,-0.045,0.114,0.008,1.000,0.100,0.100,0.100,1,23.2,101.8,763,804,1,0,1,0,16,384,115,0
8.64,climb_cruise,439.8,439.8,34973.9,713,1.66,-33.62,346.47,4.09,15.0,125.0,0,0,1.26,-13.55,-2.55,-0.045,0.114,0.008,1.000,0.100,0.100,0.100,1,23.1,101.8,763,804,1,0,1,0,16,400,115,0
8.66,climb_cruise,439.7,439.7,34974.1,717,1.65,-33.89,346.41,4.11,15.0,125.0,0,0,1.25,-13.55,-2.54,-0.045,0.114,0.008,1.000,0.100,0.100,0.100,1,23.1,101.8,763,804,1,0,1,0,16,416,115,0
8.68,climb_cruise,439.7,439.7,34974.4,721,1.64,-34.16,346.36,4.13,15.0,125.0,0,0,1.22,-13.55,-2.53,-0.044,0.114,0.008,1.000,0.100,0.100,0.100,1,23.0,101.8,763,804,1,0,1,0,16,416,116,0
8.70,climb_cruise,439.7,439.7,34974.6,724,1.63,-34.44,346.30,4.15,15.0,125.0,0,0,1.18,-13.55,-2.53,-0.044,0.114,0.008,1.000,0.100,0.100,0.100,1,23.0,101.8,763,804,1,0,1,0,16,416,115,0
8.72,climb_cruise,439.6,439.6,34974.8,728,1.62,-34.71,346.25,4.17,15.0,125.0,0,0,1.13,-13.55,-2.52,-0.044,0.114,0.008,1.000,0.100,0.100,0.100,1,22.9,101.9,763,804,1,0,1,0,16,416,115,0
8.74,climb_cruise,439.6,439.6,34975.1,732,1.61,-34.98,346.19,4.19,15.0,125.0,0,0,1.07,-13.55,-2.52,-0.044,0.114,0.008,1.000,0.100,0.100,0.100,1,22.9,101.9,763,804,1,0,1,0,16,416,114,0
8.76,climb_cruise,439.6,439.6,34975.3,736,1.60,-35.25,346.14,4.21,15.0,125.0,0,0,1.01,-13.55,-2.52,-0.044,0.114,0.008,1.000,0.100,0.100,0.100,1,22.9,101.9,763,804,1,0,1,0,16,416,116,0
8.78,climb_cruise,439.5,439.5,34975.6,739,1.59,-35.53,346.09,4.22,15.0,125.0,0,0,0.95,-13.55,-2.53,-0.044,0.114,0.008,1.000,0.100,0.100,0.100,1,22.8,101.9,763,804,1,0,1,0,16,416,115,0
8.80,climb_cruise,439.5,439.5,34975.8,743,1.57,-35.80,346.04,4.23,15.0,125.0,0,0,0.89,-13.55,-2.53,-0.043,0.114,0.008,1.000,0.100,0.100,0.100,1,22.8,101.9,763,804,1,0,1,0,16,416,116,0
8.82,climb_cruise,439.5,439.5,34976.1,746,1.56,-36.07,345.99,4.25,15.0,125.0,0,0,0.84,-13.54,-2.54,-0.043,0.114,0.008,1.000,0.100,0.100,0.100,1,22.7,101.9,763,804,1,0,1,0,16,416,115,0
8.84,climb_cruise,439.4,439.4,34976.3,749,1.54,-36.34,345.93,4.26,15.0,125.0,0,0,0.80,-13.54,-2.55,-0.043,0.114,0.008,1.000,0.100,0.100,0.100,1,22.7,101.9,763,804,1,0,1,0,16,416,116,0
8.86,climb_cruise,439.4,439.4,34976.6,752,1.52,-36.61,345.88,4.27,15.0,125.0,0,0,0.76,-13.55,-2.56,-0.043,0.114,0.008,1.000,0.100,0.100,0.100,1,22.6,101.9,763,804,1,0,1,0,16,416,115,0
8.88,climb_cruise,439.4,439.4,34976.8,755,1.50,-36.89,345.83,4.28,15.0,125.0,0,0,0.74,-13.55,-2.57,-0.043,0.114,0.008,1.000,0.100,0.100,0.100,1,22.6,101.9,763,804,1,0,1,0,16,416,116,0
8.90,climb_cruise,439.3,439.3,34977.1,758,1.49,-37.16,345.78,4.28,15.0,125.0,0,0,0.72,-13.55,-2.58,-0.043,0.114,0.008,1.000,0.100,0.100,0.100,1,22.5,101.9,763,804,1,0,1,0,16,416,114,0
8.92,climb_cruise,439.3,439.3,34977.3,761,1.47,-37.43,345.73,4.29,15.0,125.0,0,0,0.71,-13.55,-2.59,-0.043,0.114,0.008,1.000,0.100,0.100,0.100,1,22.5,101.9,763,804,1,0,1,0,16,416,115,0
8.94,climb_cruise,439.3,439.3,34977.6,764,1.44,-37.70,345.68,4.30,15.0,125.0,0,0,0.70,-13.55,-2.61,-0.043,0.114,0.008,1.000,0.100,0.100,0.100,1,22.4,101.9,763,804,1,0,1,0,16,416,115,0
8.96,climb_cruise,439.2,439.2,34977.8,766,1.42,-37.98,345.63,4.31,15.0,125.0,0,0,0.70,-13.55,-2.62,-0.043,0.114,0.008,1.000,0.100,0.100,0.100,1,22.4,101.9,763,804,1,0,1,0,16,416,115,0
8.98,climb_cruise,439.2,439.2,34978.1,768,1.40,-38.25,345.58,4.31,15.0,125.0,0,0,0.71,-13.56,-2.64,-0.042,0.114,0.008,1.000,0.100,0.100,0.100,1,22.4,101.9,763,804,1,0,1,0,16,416,115,0
9.00,climb_cruise,439.1,439.1,34978.3,770,1.38,-38.52,345.53,4.32,15.0,125.0,0,0,0.72,-13.56,-2.65,-0.042,0.114,0.008,1.000,0.100,0.100,0.100,1,22.3,101.9,763,804,1,0,1,0,16,416,116,0
9.02,climb_cruise,439.1,439.1,34978.6,772,1.36,-38.79,345.48,4.33,15.0,125.0,0,0,0.74,-13.57,-2.67,-0.042,0.114,0.008,1.000,0.100,0.100,0.100,1,22.3,101.9,763,804,1,0,1,0,16,416,115,0
9.04,climb_cruise,439.1,439.1,34978.9,774,1.34,-39.07,345.43,4.33,15.0,125.0,0,0,0.76,-13.57,-2.68,-0.042,0.114,0.008,1.000,0.100,0.100,0.100,1,22.2,101.9,763,804,1,0,1,0,16,416,115,0
9.06,climb_cruise,439.0,439.0,34979.1,776,1.32,-39.34,345.38,4.34,15.0,125.0,0,0,0.78,-13.57,-2.70,-0.042,0.114,0.008,1.000,0.100,0.100,0.100,1,22.2,101.9,763,804,1,0,1,0,16,416,115,0
9.08,climb_cruise,439.0,439.0,34979.4,778,1.29,-39.61,345.33,4.35,15.0,125.0,0,0,0.80,-13.58,-2.71,-0.042,0.114,0.008,1.000,0.100,0.100,0.100,1,22.1,101.9,763,804,1,0,1,0,16,416,115,0
9.10,climb_cruise,439.0,439.0,34979.6,779,1.27,-39.88,345.28,4.36,15.0,125.0,0,0,0.82,-13.58,-2.73,-0.042,0.114,0.008,1.000,0.100,0.100,0.100,1,22.1,101.9,763,804,1,0,1,0,16,416,114,0
9.12,climb_cruise,438.9,438.9,34979.9,780,1.25,-40.16,345.22,4.36,15.0,125.0,0,0,0.85,-13.59,-2.74,-0.042,0.114,0.008,1.000,0.100,0.100,0.100,1,22.0,101.9,763,804,1,0,1,0,16,416,116,0
9.14,climb_cruise,438.9,438.9,34980.1,782,1.23,-40.43,345.17,4.37,15.0,125.0,0,0,0.87,-13.59,-2.76,-0.042,0.114,0.008,1.000,0.100,0.100,0.100,1,22.0,101.9,763,804,1,0,1,0,16,416,115,0
9.16,climb_cruise,438.9,438.9,34980.4,783,1.20,-40.70,345.12,4.38,15.0,125.0,0,0,0.89,-13.60,-2.77,-0.042,0.114,0.008,1.000,0.100,0.100,0.100,1,22.0,101.9,763,804,1,0,1,0,16,416,116,0
9.18,climb_cruise,438.8,438.8,34980.7,783,1.18,-40.98,345.06,4.39,15.0,125.0,0,0,0.91,-13.61,-2.78,-0.042,0.114,0.008,1.000,0.100,0.100,0.100,1,21.9,101.9,763,804,1,0,1,0,16,416,115,0
9.20,climb_cruise,438.8,438.8,34980.9,784,1.16,-41.25,345.01,4.40,15.0,125.0,0,0,0.93,-13.61,-2.80,-0.042,0.114,0.008,1.000,0.100,0.100,0.100,1,21.9,101.9,763,804,1,0,1,0,16,416,114,0
9.22,climb_cruise,438.8,438.8,34981.2,785,1.13,-41.52,344.96,4.41,15.0,125.0,0,0,0.94,-13.62,-2.81,-0.041,0.114,0.008,1.000,0.100,0.100,0.100,1,21.8,101.9,763,804,1,0,1,0,16,416,114,0
9.24,climb_cruise,438.7,438.7,34981.5,785,1.11,-41.80,344.90,4.42,15.0,125.0,0,0,0.96,-13.62,-2.82,-0.041,0.114,0.008,1.000,0.100,0.100,0.100,1,21.8,101.9,763,804,1,0,1,0,16,416,115,0
9.26,climb_cruise,438.7,438.7,34981.7,785,1.09,-42.07,344.85,4.42,15.0,125.0,0,0,0.97,-13.63,-2.84,-0.041,0.114,0.008,1.000,0.100,0.100,0.100,1,21.7,101.9,763,804,1,0,1,0,16,416,115,0
9.28,climb_cruise,438.6,438.6,34982.0,786,1.06,-42.34,344.79,4.43,15.0,125.0,0,0,0.99,-13.63,-2.85,-0.041,0.114,0.008,1.000,0.100,0.100,0.100,1,21.7,101.9,763,804,1,0,1,0,16,416,115,0
9.30,climb_cruise,438.6,438.6,34982.2,786,1.04,-42.62,344.74,4.44,15.0,125.0,0,0,1.00,-13.64,-2.86,-0.041,0.114,0.008,1.000,0.100,0.100,0.100,1,21.7,101.9,763,804,1,0,1,0,16,416,114,0
9.32,climb_cruise,438.6,438.6,34982.5,785,1.02,-42.89,344.68,4.45,15.0,125.0,0,0,1.01,-13.64,-2.87,-0.041,0.114,0.008,1.000,0.100,0.100,0.100,1,21.6,101.9,763,804,1,0,1,0,16,416,115,0
9.34,climb_cruise,438.5,438.5,34982.8,785,0.99,-43.16,344.62,4.46,15.0,125.0,0,0,1.02,-13.65,-2.88,-0.041,0.114,0.008,1.000,0.100,0.100,0.100,1,21.6,101.9,763,804,1,0,1,0,16,416,114,0
9.36,climb_cruise,438.5,438.5,34983.0,785,0.97,-43.44,344.57,4.47,15.0,125.0,0,0,1.03,-13.65,-2.90,-0.041,0.114,0.008,1.000,0.100,0.100,0.100,1,21.5,101.9,763,804,1,0,1,0,16,416,116,0
9.38,climb_cruise,438.5,438.5,34983.3,784,0.94,-43.71,344.51,4.48,15.0,125.0,0,0,1.04,-13.66,-2.91,-0.041,0.114,0.008,1.000,0.100,0.100,0.100,1,21.5,101.9,763,804,1,0,1,0,16,416,114,0
9.40,climb_cruise,438.4,438.4,34983.5,783,0.92,-43.99,344.46,4.49,15.0,125.0,0,0,1.05,-13.66,-2.92,-0.041,0.114,0.008,1.000,0.100,0.100,0.100,1,21.4,101.9,763,804,1,0,1,0,16,416,116,0
9.42,climb_cruise,438.4,438.4,34983.8,782,0.89,-44.26,344.40,4.50,15.0,125.0,0,0,1.05,-13.67,-2.93,-0.041,0.114,0.008,1.000,0.100,0.100,0.100,1,21.4,101.9,763,804,1,0,1,0,16,416,116,0
9.44,climb_cruise,438.4,438.4,34984.1,781,0.87,-44.54,344.34,4.51,15.0,125.0,0,0,1.06,-13.67,-2.94,-0.041,0.114,0.008,1.000,0.100,0.100,0.100,1,21.4,101.9,763,804,1,0,1,0,16,416,116,0
9.46,climb_cruise,438.3,438.3,34984.3,780,0.84,-44.81,344.28,4.52,15.0,125.0,0,0,1.07,-13.68,-2.95,-0.041,0.114,0.008,1.000,0.100,0.100,0.100,1,21.3,101.9,763,804,1,0,1,0,16,416,114,0
9.48,climb_cruise,438.3,438.3,34984.6,778,0.81,-45.08,344.23,4.53,15.0,125.0,0,0,1.08,-13.68,-2.96,-0.041,0.114,0.008,1.000,0.100,0.100,0.100,1,21.3,101.9,763,804,1,0,1,0,16,416,115,0
9.50,climb_cruise,438.2,438.2,34984.8,777,0.79,-45.36,344.17,4.53,15.0,125.0,0,0,1.09,-13.69,-2.97,-0.041,0.114,0.008,1.000,0.100,0.100,0.100,1,21.2,101.9,763,804,1,0,1,0,16,416,115,0
9.52,climb_cruise,438.2,438.2,34985.1,775,0.76,-45.63,344.11,4.54,15.0,125.0,0,0,1.10,-13.69,-2.99,-0.041,0.114,0.008,1.000,0.100,0.100,0.100,1,21.2,101.9,763,804,1,0,1,0,16,416,115,0
9.54,climb_cruise,438.2,438.2,34985.4,773,0.73,-45.91,344.06,4.55,15.0,125.0,0,0,1.11,-13.70,-3.00,-0.041,0.114,0.008,1.000,0.100,0.100,0.100,1,21.1,101.9,763,804,1,0,1,0,16,416,116,0
9.56,climb_cruise,438.1,438.1,34985.6,771,0.70,-46.18,344.00,4.56,15.0,125.0,0,0,1.12,-13.70,-3.01,-0.041,0.114,0.008,1.000,0.100,0.100,0.100,1,21.1,101.9,763,804,1,0,1,0,16,416,114,0
9.58,climb_cruise,438.1,438.1,34985.9,769,0.68,-46.46,343.94,4.57,15.0,125.0,0,0,1.13,-13.71,-3.02,-0.041,0.114,0.008,1.000,0.100,0.100,0.100,1,21.1,101.9,763,804,1,0,1,0,16,416,114,0
9.60,climb_cruise,438.1,438.1,34986.1,766,0.65,-46.73,343.88,4.58,15.0,125.0,0,0,1.14,-13.71,-3.03,-0.041,0.114,0.008,1.000,0.100,0.100,0.100,1,21.0,101.9,763,804,1,0,1,0,16,416,114,0
9.62,climb_cruise,438.0,438.0,34986.4,764,0.62,-47.01,343.82,4.59,15.0,125.0,0,0,1.15,-13.72,-3.04,-0.041,0.114,0.008,1.000,0.100,0.100,0.100,1,21.0,101.9,763,804,1,0,1,0,16,416,116,0
9.64,climb_cruise,438.0,438.0,34986.6,761,0.59,-47.28,343.77,4.60,15.0,125.0,0,0,1.17,-13.72,-3.05,-0.041,0.114,0.008,1.000,0.100,0.100,0.100,1,20.9,101.9,763,804,1,0,1,0,16,416,116,0
9.66,climb_cruise,438.0,438.0,34986.9,758,0.56,-47.56,343.71,4.61,15.0,125.0,0,0,1.18,-13.73,-3.06,-0.041,0.114,0.008,1.000,0.100,0.100,0.100,1,20.9,101.9,763,804,1,0,1,0,16,416,114,0
9.68,climb_cruise,437.9,437.9,34987.1,755,0.53,-47.83,343.65,4.61,15.0,125.0,0,0,1.19,-13.73,-3.07,-0.041,0.114,0.008,1.000,0.100,0.100,0.100,1,20.8,101.9,763,804,1,0,1,0,16,416,115,0
9.70,climb_cruise,437.9,437.9,34987.4,751,0.50,-48.11,343.59,4.62,15.0,125.0,0,0,1.20,-13.74,-3.08,-0.041,0.114,0.008,1.000,0.100,0.100,0.100,1,20.8,101.9,763,804,1,0,1,0,16,416,115,0
9.72,climb_cruise,437.8,437.8,34987.6,748,0.47,-48.38,343.53,4.63,15.0,125.0,0,0,1.22,-13.74,-3.09,-0.041,0.114,0.008,1.000,0.100,0.100,0.100,1,20.8,101.9,763,804,1,0,1,0,16,416,116,0
9.74,climb_cruise,437.8,437.8,34987.9,744,0.44,-48.66,343.47,4.64,15.0,125.0,0,0,1.23,-13.75,-3.10,-0.041,0.114,0.009,1.000,0.100,0.100,0.100,1,20.7,101.9,763,804,1,0,1,0,16,416,115,0
9.76,climb_cruise,437.8,437.8,34988.1,740,0.41,-48.93,343.41,4.65,15.0,125.0,0,0,1.24,-13.75,-3.12,-0.041,0.114,0.009,1.000,0.100,0.100,0.100,1,20.7,101.9,763,804,1,0,1,0,16,416,115,0
9.78,climb_cruise,437.7,437.7,34988.4,736,0.38,-49.21,343.35,4.66,15.0,125.0,0,0,1.26,-13.76,-3.13,-0.041,0.114,0.009,1.000,0.100,0.100,0.100,1,20.6,101.9,763,804,1,0,1,0,16,416,115,0
9.80,climb_cruise,437.7,437.7,34988.6,732,0.35,-49.48,343.29,4.67,15.0,125.0,0,0,1.27,-13.76,-3.14,-0.041,0.114,0.009,1.000,0.100,0.100,0.100,1,20.6,101.9,763,804,1,0,1,0,16,416,115,0
9.82,climb_cruise,437.7,437.7,34988.9,728,0.32,-49.76,343.23,4.68,15.0,125.0,0,0,1.28,-13.77,-3.15,-0.041,0.114,0.009,1.000,0.100,0.100,0.100,1,20.6,101.9,763,804,1,0,1,0,16,416,116,0
9.84,climb_cruise,437.6,437.6,34989.1,723,0.29,-50.04,343.17,4.69,15.0,125.0,0,0,1.30,-13.77,-3.16,-0.042,0.114,0.009,1.000,0.100,0.100,0.100,1,20.5,101.9,763,804,1,0,1,0,16,416,116,0
9.86,climb_cruise,437.6,437.6,34989.4,719,0.25,-50.31,343.11,4.70,15.0,125.0,0,0,1.31,-13.78,-3.17,-0.042,0.114,0.009,1.000,0.100,0.100,0.100,1,20.5,101.9,763,804,1,0,1,0,16,416,115,0
9.88,climb_cruise,437.6,437.6,34989.6,714,0.22,-50.59,343.05,4.70,15.0,125.0,0,0,1.33,-13.78,-3.18,-0.042,0.114,0.009,1.000,0.100,0.100,0.100,1,20.4,101.9,763,804,1,0,1,0,16,416,114,0
9.90,climb_cruise,437.5,437.5,34989.8,708,0.19,-50.86,342.99,4.71,15.0,125.0,0,0,1.34,-13.79,-3.19,-0.042,0.114,0.009,1.000,0.100,0.100,0.100,1,20.4,101.9,763,804,1,0,1,0,16,416,115,0
9.92,climb_cruise,437.5,437.5,34990.1,703,0.16,-51.14,342.93,4.72,15.0,125.0,0,0,1.35,-13.79,-3.20,-0.042,0.114,0.009,1.000,0.100,0.100,0.100,1,20.4,101.9,763,804,1,0,1,0,16,416,115,0
9.94,climb_cruise,437.4,437.4,34990.3,698,0.12,-51.42,342.87,4.73,15.0,125.0,0,0,1.37,-13.80,-3.21,-0.042,0.114,0.009,1.000,0.100,0.100,0.100,1,20.3,101.9,763,804,1,0,1,0,16,416,115,0
9.96,climb_cruise,437.4,437.4,34990.5,692,0.09,-51.69,342.80,4.74,15.0,125.0,0,0,1.38,-13.80,-3.22,-0.042,0.114,0.009,1.000,0.100,0.100,0.100,1,20.3,101.9,763,804,1,0,1,0,16,416,115,0
9.98,climb_cruise,437.4,437.4,34990.8,686,0.06,-51.97,342.74,4.75,15.0,125.0,0,0,1.40,-13.80,-3.23,-0.042,0.114,0.009,1.000,0.100,0.100,0.100,1,20.2,101.9,763,804,1,0,1,0,16,416,115,0
10.00,climb_cruise,437.3,437.3,34991.0,680,0.02,-52.24,342.68,4.76,15.0,125.0,0,0,1.41,-13.81,-3.24,-0.042,0.114,0.009,1.000,0.100,0.100,0.100,1,20.2,101.9,763,804,1,0,1,0,16,416,114,0
10.02,climb_cruise,437.3,437.3,34991.2,674,-0.01,-52.52,342.62,4.77,15.0,125.0,0,0,1.43,-13.81,-3.25,-0.043,0.114,0.009,1.000,0.100,0.100,0.100,1,20.1,101.9,763,804,1,0,1,0,16,416,115,0
10.04,climb_cruise,437.3,437.3,34991.4,667,-0.05,-52.80,342.56,4.78,15.0,125.0,0,0,1.44,-13.82,-3.26,-0.043,0.114,0.009,1.000,0.100,0.100,0.100,1,20.1,101.9,763,804,1,0,1,0,16,416,115,0
10.06,climb_cruise,437.2,437.2,34991.7,661,-0.08,-53.07,342.49,4.79,15.0,125.0,0,0,1.46,-13.82,-3.27,-0.043,0.114,0.009,1.000,0.100,0.100,0.100,1,20.1,101.9,763,804,1,0,1,0,16,416,114,0
10.08,climb_cruise,437.2,437.2,34991.9,654,-0.11,-53.35,342.43,4.80,15.0,125.0,0,0,1.47,-13.83,-3.28,-0.043,0.114,0.009,1.000,0.100,0.100,0.100,1,20.0,101.9,763,804,1,0,1,0,16,416,114,0
10.10,climb_cruise,437.2,437.2,34992.1,647,-0.15,-53.63,342.37,4.81,15.0,125.0,0,0,1.49,-13.83,-3.29,-0.043,0.114,0.009,1.000,0.100,0.100,0.100,1,20.0,101.9,763,804,1,0,1,0,16,416,114,0
10.12,climb_cruise,437.1,437.1,34992.3,639,-0.19,-53.90,342.30,4.82,15.0,125.0,0,0,1.50,-13.84,-3.31,-0.043,0.114,0.009,1.000,0.100,0.100,0.100,1,19.9,101.9,763,804,1,0,1,0,16,416,115,0
10.14,climb_cruise,437.1,437.1,34992.5,632,-0.22,-54.18,342.24,4.83,15.0,125.0,0,0,1.52,-13.85,-3.32,-0.044,0.114,0.009,1.000,0.100,0.100,0.100,1,19.9,101.9,763,804,1,0,1,0,16,416,115,0
10.16,climb_cruise,437.0,437.0,34992.7,624,-0.26,-54.46,342.18,4.84,15.0,125.0,0,0,1.53,-13.85,-3.33,-0.044,0.114,0.009,1.000,0.100,0.100,0.100,1,19.9,101.9,763,804,1,0,1,0,16,416,115,0
10.18,climb_cruise,437.0,437.0,34992.9,616,-0.29,-54.73,342.11,4.85,15.0,125.0,0,0,1.55,-13.86,-3.34,-0.044,0.114,0.009,1.000,0.100,0.100,0.100,1,19.8,101.9,763,804,1,0,1,0,16,416,116,0
10.20,climb_cruise,437.0,437.0,34993.1,608,-0.33,-55.01,342.05,4.86,15.0,125.0,0,0,1.57,-13.86,-3.35,-0.044,0.114,0.009,1.000,0.100,0.100,0.100,1,19.8,101.9,763,804,1,0,1,0,16,416,114,0
10.22,climb_cruise,436.9,436.9,34993.3,600,-0.37,-55.29,341.99,4.87,15.0,125.0,0,0,1.58,-13.87,-3.36,-0.044,0.114,0.009,1.000,0.100,0.100,0.100,1,19.7,101.9,763,804,1,0,1,0,16,416,115,0
10.24,climb_cruise,436.9,436.9,34993.5,592,-0.40,-55.56,341.92,4.88,15.0,125.0,0,0,1.60,-13.87,-3.37,-0.045,0.114,0.009,1.000,0.100,0.100,0.100,1,19.7,101.9,763,804,1,0,1,0,16,416,115,0
10.26,climb_cruise,436.9,436.9,34993.7,583,-0.44,-55.84,341.86,4.89,15.0,125.0,0,0,1.62,-13.88,-3.38,-0.045,0.114,0.009,1.000,0.100,0.100,0.100,1,19.7,101.9,763,804,1,0,1,0,16,416,116,0
10.28,climb_cruise,436.8,436.8,34993.9,574,-0.48,-56.12,341.79,4.90,15.0,125.0,0,0,1.63,-13.88,-3.39,-0.045,0.114,0.009,1.000,0.100,0.100,0.100,1,19.6,101.9,763,804,1,0,1,0,16,416,115,0
10.30,climb_cruise,436.8,436.8,34994.1,565,-0.52,-56.39,341.73,4.91,15.0,125.0,0,0,1.65,-13.89,-3.40,-0.045,0.114,0.009,1.000,0.100,0.100,0.100,1,19.6,101.9,763,804,1,0,1,0,16,416,115,0
10.32,climb_cruise,436.8,436.8,34994.3,556,-0.56,-56.67,341.66,4.92,15.0,125.0,0,0,1.67,-13.89,-3.41,-0.046,0.114,0.009,1.000,0.100,0.100,0.100,1,19.6,101.9,763,804,1,0,1,0,16,416,114,0
10.34,climb_cruise,436.7,436.7,34994.5,546,-0.60,-56.95,341.60,4.93,15.0,125.0,0,0,1.69,-13.90,-3.42,-0.046,0.114,0.009,1.000,0.100,0.100,0.100,1,19.5,101.9,763,804,1,0,1,0,16,416,114,0
10.36,climb_cruise,436.7,436.7,34994.7,536,-0.63,-57.23,341.53,4.94,15.0,125.0,0,0,1.70,-13.90,-3.43,-0.046,0.114,0.009,1.000,0.100,0.100,0.100,1,19.5,101.9,763,804,1,0,1,0,16,416,114,0
10.38,climb_cruise,436.7,436.7,34994.8,526,-0.67,-57.50,341.47,4.95,15.0,125.0,0,0,1.72,-13.91,-3.44,-0.046,0.114,0.009,1.000,0.100,0.100,0.100,1,19.4,101.9,763,804,1,0,1,0,16,416,114,0
10.40,climb_cruise,436.6,436.6,34995.0,516,-0.71,-57.78,341.40,4.96,15.0,125.0,0,0,1.74,-13.91,-3.45,-0.047,0.114,0.009,1.000,0.100,0.100,0.100,1,19.4,101.9,763,804,1,0,1,0,16,416,115,0
10.42,climb_cruise,436.6,436.6,34995.2,506,-0.75,-58.06,341.33,4.97,15.0,125.0,0,0,1.76,-13.92,-3.46,-0.047,0.114,0.009,1.000,0.100,0.100,0.100,1,19.4,101.9,763,804,1,0,1,0,16,416,116,0
10.44,climb_cruise,436.5,436.5,34995.4,495,-0.79,-58.33,341.27,4.98,15.0,125.0,0,0,1.78,-13.92,-3.47,-0.047,0.114,0.009,1.000,0.100,0.100,0.100,1,19.3,101.9,763,804,1,0,1,0,16,416,116,0
10.46,climb_cruise,436.5,436.5,34995.5,485,-0.83,-58.61,341.20,4.99,15.0,125.0,0,0,1.80,-13.93,-3.48,-0.048,0.114,0.009,1.000,0.100,0.100,0.100,1,19.3,101.9,763,804,1,0,1,0,16,416,115,0
10.48,climb_cruise,436.5,436.5,34995.7,474,-0.87,-58.89,341.13,5.01,15.0,125.0,0,0,1.81,-13.93,-3.48,-0.048,0.114,0.009,1.000,0.100,0.100,0.100,1,19.2,101.9,763,804,1,0,1,0,16,416,115,0
10.50,climb_cruise,436.4,436.4,34995.8,462,-0.92,-59.17,341.07,5.02,15.0,125.0,0,0,1.83,-13.94,-3.49,-0.048,0.114,0.009,1.000,0.100,0.100,0.100,1,19.2,101.9,763,804,1,0,1,0,16,416,116,0
10.52,climb_cruise,436.4,436.4,34996.0,451,-0.96,-59.45,341.00,5.03,15.0,125.0,0,0,1.85,-13.94,-3.50,-0.049,0.114,0.009,1.000,0.100,0.100,0.100,1,19.2,101.9,763,804,1,0,1,0,16,416,115,0
10.54,climb_cruise,436.4,436.4,34996.1,439,-1.00,-59.72,340.93,5.04,15.0,125.0,0,0,1.87,-13.95,-3.51,-0.049,0.114,0.009,1.000,0.100,0.100,0.100,1,19.1,102.0,763,804,1,0,1,0,16,416,115,0
10.56,climb_cruise,436.3,436.3,34996.3,427,-1.04,-60.00,340.86,5.05,15.0,125.0,0,0,1.89,-13.96,-3.52,-0.049,0.114,0.009,1.000,0.100,0.100,0.100,1,19.1,102.0,763,804,1,0,1,0,16,416,115,0
10.58,climb_cruise,436.3,436.3,34996.4,415,-1.08,-60.28,340.79,5.06,15.0,125.0,0,0,1.91,-13.96,-3.53,-0.050,0.114,0.009,1.000,0.100,0.100,0.100,1,19.1,102.0,763,804,1,0,1,0,16,416,116,0
10.60,climb_cruise,436.3,436.3,34996.6,403,-1.13,-60.56,340.73,5.07,15.0,125.0,0,0,1.93,-13.97,-3.54,-0.050,0.114,0.009,1.000,0.100,0.100,0.100,1,19.0,102.0,763,804,1,0,1,0,16,416,116,0
10.62,climb_cruise,436.2,436.2,34996.7,390,-1.17,-60.83,340.66,5.09,15.0,125.0,0,0,1.95,-13.97,-3.55,-0.051,0.114,0.009,1.000,0.100,0.100,0.100,1,19.0,102.0,763,804,1,0,1,0,16,416,114,0
10.64,climb_cruise,436.2,436.2,34996.8,378,-1.21,-61.11,340.59,5.10,15.0,125.0,0,0,1.97,-13.98,-3.56,-0.051,0.114,0.009,1.000,0.100,0.100,0.100,1,18.9,102.0,763,804,1,0,1,0,16,416,116,0
10.66,climb_cruise,436.2,436.2,34996.9,365,-1.25,-61.39,340.52,5.11,15.0,125.0,0,0,1.99,-13.98,-3.57,-0.051,0.114,0.009,1.000,0.100,0.100,0.100,1,18.9,102.0,763,804,1,0,1,0,16,416,115,0
10.68,climb_cruise,436.1,436.1,34997.1,351,-1.30,-61.67,340.45,5.12,15.0,125.0,0,0,2.01,-13.99,-3.58,-0.052,0.114,0.009,1.000,0.100,0.100,0.100,1,18.9,102.0,763,804,1,0,1,0,16,416,116,0
10.70,climb_cruise,436.1,436.1,34997.2,338,-1.34,-61.95,340.38,5.13,15.0,125.0,0,0,2.04,-13.99,-3.59,-0.052,0.114,0.009,1.000,0.100,0.100,0.100,1,18.8,102.0,763,804,1,0,1,0,16,416,114,0
10.72,climb_cruise,436.1,436.1,34997.3,324,-1.39,-62.23,340.31,5.15,15.0,125.0,0,0,2.06,-14.00,-3.60,-0.053,0.114,0.009,1.000,0.100,0.100,0.100,1,18.8,102.0,763,804,1,0,1,0,16,416,116,0
10.74,climb_cruise,436.0,436.0,34997.4,311,-1.43,-62.50,340.24,5.16,15.0,125.0,0,0,2.08,-14.01,-3.61,-0.053,0.114,0.009,1.000,0.100,0.100,0.100,1,18.7,102.0,763,804,1,0,1,0,16,416,114,0
10.76,climb_cruise,436.0,436.0,34997.5,296,-1.48,-62.78,340.17,5.17,15.0,125.0,0,0,2.10,-14.01,-3.62,-0.054,0.114,0.009,1.000,0.100,0.100,0.100,1,18.7,102.0,763,804,1,0,1,0,16,416,115,0
10.78,climb_cruise,436.0,436.0,34997.6,282,-1.52,-63.06,340.10,5.19,15.0,125.0,0,0,2.12,-14.02,-3.63,-0.054,0.114,0.009,1.000,0.100,0.100,0.100,1,18.7,102.0,763,804,1,0,1,0,16,416,116,0
10.80,climb_cruise,435.9,435.9,34997.7,267,-1.57,-63.34,340.03,5.20,15.0,125.0,0,0,2.15,-14.02,-3.64,-0.055,0.114,0.009,1.000,0.100,0.100,0.100,1,18.6,102.0,763,804,1,0,1,0,16,416,114,0
10.82,climb_cruise,435.9,435.9,34997.8,253,-1.61,-63.62,339.96,5.21,15.0,125.0,0,0,2.17,-14.03,-3.65,-0.055,0.114,0.009,1.000,0.100,0.100,0.100,1,18.6,102.0,763,804,1,0,1,0,16,416,115,0
10.84,climb_cruise,435.8,435.8,34997.8,238,-1.66,-63.90,339.89,5.23,15.0,125.0,0,0,2.19,-14.03,-3.66,-0.056,0.114,0.009,1.000,0.100,0.100,0.100,1,18.6,102.0,763,804,1,0,1,0,16,416,115,0
10.86,climb_cruise,435.8,435.8,34997.9,222,-1.71,-64.17,339.81,5.24,15.0,125.0,0,0,2.21,-14.04,-3.67,-0.056,0.114,0.009,1.000,0.100,0.100,0.100,1,18.5,102.0,763,804,1,0,1,0,16,416,115,0
10.88,climb_cruise,435.8,435.8,34998.0,207,-1.75,-64.45,339.74,5.25,15.0,125.0,0,0,2.24,-14.05,-3.68,-0.057,0.114,0.009,1.000,0.100,0.100,0.100,1,18.5,102.0,763,804,1,0,1,0,16,416,115,0
10.90,climb_cruise,435.7,435.7,34998.1,191,-1.80,-64.73,339.67,5.27,15.0,125.0,0,0,2.26,-14.05,-3.68,-0.057,0.114,0.009,1.000,0.100,0.100,0.100,1,18.5,102.0,763,804,1,0,1,0,16,416,115,0
10.92,climb_cruise,435.7,435.7,34998.1,175,-1.85,-65.01,339.60,5.28,15.0,125.0,0,0,2.29,-14.06,-3.69,-0.058,0.114,0.009,1.000,0.100,0.100,0.100,1,18.4,102.0,763,804,1,0,1,0,16,416,115,0
10.94,climb_cruise,435.7,435.7,34998.2,159,-1.90,-65.29,339.53,5.29,15.0,125.0,0,0,2.31,-14.06,-3.70,-0.059,0.114,0.009,1.000,0.100,0.100,0.100,1,18.4,102.0,763,804,1,0,1,0,16,416,115,0
10.96,climb_cruise,435.6,435.6,34998.2,143,-1.94,-65.57,339.45,5.31,15.0,125.0,0,0,2.33,-14.07,-3.71,-0.059,0.114,0.009,1.000,0.100,0.100,0.100,1,18.3,102.0,763,804,1,0,1,0,16,416,114,0
10.98,climb_cruise,435.6,435.6,34998.3,126,-1.99,-65.85,339.38,5.32,15.0,125.0,0,0,2.36,-14.08,-3.72,-0.060,0.114,0.009,1.000,0.100,0.100,0.100,1,18.3,102.0,763,804,1,0,1,0,16,416,116,0
11.00,climb_cruise,435.6,435.6,34998.3,109,-2.04,-66.13,339.30,5.34,15.0,125.0,0,0,2.38,-14.08,-3.73,-0.060,0.114,0.009,1.000,0.100,0.100,0.100,1,18.3,102.0,763,804,1,0,1,0,16,416,114,0
11.02,climb_cruise,435.5,435.5,34998.3,92,-2.09,-66.41,339.23,5.35,15.0,125.0,0,0,2.41,-14.09,-3.74,-0.061,0.114,0.009,1.000,0.100,0.100,0.100,1,18.2,102.0,763,804,1,0,1,0,16,416,115,0
11.04,climb_cruise,435.5,435.5,34998.4,74,-2.14,-66.68,339.16,5.37,15.0,125.0,0,0,2.43,-14.10,-3.75,-0.062,0.114,0.009,1.000,0.100,0.100,0.100,1,18.2,102.0,763,804,1,0,1,0,16,416,114,0
11.06,climb_cruise,435.5,435.5,34998.4,57,-2.19,-66.96,339.08,5.38,15.0,125.0,0,0,2.46,-14.10,-3.76,-0.062,0.114,0.009,1.000,0.100,0.100,0.100,1,18.2,102.0,763,804,1,0,1,0,16,416,116,0
11.08,climb_cruise,435.4,435.4,34998.4,39,-2.24,-67.24,339.01,5.40,15.0,125.0,0,0,2.49,-14.11,-3.77,-0.063,0.114,0.009,1.000,0.100,0.100,0.100,1,18.1,102.0,763,804,1,0,1,0,16,416,115,0
11.10,climb_cruise,435.4,435.4,34998.4,21,-2.29,-67.52,338.93,5.41,15.0,125.0,0,0,2.51,-14.11,-3.78,-0.064,0.114,0.009,1.000,0.100,0.100,0.100,1,18.1,102.0,763,804,1,0,1,0,16,416,116,0
11.12,climb_cruise,435.4,435.4,34998.4,2,-2.34,-67.80,338.86,5.43,15.0,125.0,0,0,2.54,-14.12,-3.79,-0.064,0.114,0.009,1.000,0.100,0.100,0.100,1,18.0,102.0,763,804,1,0,1,0,16,416,115,0
11.14,climb_cruise,435.3,435.3,34998.4,-16,-2.39,-68.08,338.78,5.45,15.0,125.0,0,0,2.57,-14.13,-3.80,-0.065,0.114,0.009,1.000,0.100,0.100,0.100,1,18.0,102.0,763,804,1,0,1,0,16,416,116,0
11.16,climb_cruise,435.3,435.3,34998.4,-35,-2.44,-68.36,338.70,5.46,15.0,125.0,0,0,2.59,-14.13,-3.80,-0.066,0.114,0.009,1.000,0.100,0.100,0.100,1,18.0,102.0,763,804,1,0,1,0,16,416,115,0
11.18,climb_cruise,435.3,435.3,34998.4,-54,-2.49,-68.64,338.63,5.48,15.0,125.0,0,0,2.62,-14.14,-3.81,-0.067,0.114,0.009,1.000,0.100,0.100,0.100,1,17.9,102.0,763,804,1,0,1,0,16,416,115,0
11.20,climb_cruise,435.2,435.2,34998.4,-73,-2.55,-68.92,338.55,5.49,15.0,125.0,0,0,2.65,-14.15,-3.82,-0.067,0.114,0.009,1.000,0.100,0.100,0.100,1,17.9,102.0,763,804,1,0,1,0,16,416,115,0
11.22,climb_cruise,435.2,435.2,34998.4,-93,-2.60,-69.20,338.47,5.51,15.0,125.0,0,0,2.68,-14.15,-3.83,-0.068,0.114,0.009,1.000,0.100,0.100,0.100,1,17.9,102.0,763,804,1,0,1,0,16,416,114,0
11.24,climb_cruise,435.2,435.2,34998.3,-113,-2.65,-69.48,338.40,5.53,15.0,125.0,0,0,2.70,-14.16,-3.84,-0.069,0.114,0.009,1.000,0.100,0.100,0.100,1,17.8,102.0,763,804,1,0,1,0,16,416,115,0
11.26,climb_cruise,435.1,435.1,34998.3,-133,-2.71,-69.76,338.32,5.55,15.0,125.0,0,0,2.73,-14.17,-3.85,-0.070,0.114,0.009,1.000,0.100,0.100,0.100,1,17.8,102.0,763,804,1,0,1,0,16,416,116,0
11.28,climb_cruise,435.1,435.1,34998.2,-153,-2.76,-70.04,338.24,5.56,15.0,125.0,0,0,2.76,-14.17,-3.86,-0.071,0.114,0.009,1.000,0.100,0.100,0.100,1,17.8,102.0,763,804,1,0,1,0,16,416,116,0
11.30,climb_cruise,435.1,435.1,34998.2,-174,-2.81,-70.32,338.16,5.58,15.0,125.0,0,0,2.79,-14.18,-3.87,-0.071,0.114,0.010,1.000,0.100,0.100,0.100,1,17.7,102.0,763,804,1,0,1,0,16,416,115,0
11.32,climb_cruise,435.1,435.1,34998.1,-195,-2.87,-70.60,338.08,5.60,15.0,125.0,0,0,2.82,-14.19,-3.88,-0.072,0.114,0.010,1.000,0.100,0.100,0.100,1,17.7,102.0,763,804,1,0,1,0,16,416,114,0
11.34,climb_cruise,435.0,435.0,34998.0,-216,-2.92,-70.88,338.00,5.62,15.0,125.0,0,0,2.85,-14.20,-3.89,-0.073,0.114,0.010,1.000,0.100,0.100,0.100,1,17.7,102.0,763,804,1,0,1,0,16,416,115,0
11.36,climb_cruise,435.0,435.0,34998.0,-237,-2.98,-71.16,337.92,5.64,15.0,125.0,0,0,2.88,-14.20,-3.90,-0.074,0.114,0.010,1.000,0.100,0.100,0.100,1,17.6,102.0,763,804,1,0,1,0,16,416,114,0
11.38,climb_cruise,435.0,435.0,34997.9,-259,-3.03,-71.44,337.84,5.65,15.0,125.0,0,0,2.91,-14.21,-3.91,-0.075,0.114,0.010,1.000,0.100,0.100,0.100,1,17.6,102.0,763,804,1,0,1,0,16,416,114,0
11.40,climb_cruise,434.9,434.9,34997.8,-281,-3.09,-71.72,337.76,5.67,15.0,125.0,0,0,2.94,-14.22,-3.92,-0.076,0.114,0.010,1.000,0.100,0.100,0.100,1,17.6,102.0,763,804,1,0,1,0,16,416,116,0
11.42,climb_cruise,434.9,434.9,34997.7,-303,-3.14,-72.00,337.68,5.69,15.0,125.0,0,0,2.97,-14.22,-3.92,-0.077,0.114,0.010,1.000,0.100,0.100,0.100,1,17.5,102.0,763,804,1,0,1,0,16,416,114,0
11.44,climb_cruise,434.9,434.9,34997.6,-325,-3.20,-72.28,337.60,5.71,15.0,125.0,0,0,3.00,-14.23,-3.93,-0.078,0.114,0.010,1.000,0.100,0.100,0.100,1,17.5,102.0,763,804,1,0,1,0,16,416,116,0
11.46,climb_cruise,434.8,434.8,34997.5,-348,-3.26,-72.56,337.52,5.73,15.0,125.0,0,0,3.04,-14.24,-3.94,-0.079,0.114,0.010,1.000,0.100,0.100,0.100,1,17.4,102.0,763,804,1,0,1,0,16,416,116,0
11.48,climb_cruise,434.8,434.8,34997.4,-371,-3.31,-72.84,337.44,5.75,15.0,125.0,0,0,3.06,-14.25,-3.95,-0.079,0.114,0.010,1.000,0.100,0.100,0.100,1,17.4,102.0,763,804,1,0,1,0,16,416,115,0
11.50,climb_cruise,434.8,434.8,34997.2,-394,-3.37,-73.12,337.36,5.77,15.0,125.0,0,0,3.08,-14.25,-3.96,-0.079,0.114,0.010,1.000,0.100,0.100,0.100,1,17.4,102.0,763,804,1,0,1,0,16,416,114,0
11.52,climb_cruise,434.7,434.7,34997.1,-417,-3.43,-73.40,337.27,5.79,15.0,125.0,0,0,3.10,-14.26,-3.97,-0.079,0.114,0.010,1.000,0.100,0.100,0.100,1,17.3,102.0,763,804,1,0,1,0,16,416,115,0
11.54,climb_cruise,434.7,434.7,34997.0,-441,-3.49,-73.68,337.19,5.81,15.0,125.0,0,0,3.11,-14.27,-3.98,-0.079,0.114,0.010,1.000,0.100,0.100,0.100,1,17.3,102.0,763,804,1,0,1,0,16,416,116,0
11.56,climb_cruise,434.7,434.7,34996.8,-465,-3.55,-73.96,337.11,5.83,15.0,125.0,0,0,3.12,-14.28,-3.99,-0.079,0.114,0.010,1.000,0.100,0.100,0.100,1,17.3,102.0,763,804,1,0,1,0,16,416,115,0
11.58,climb_cruise,434.6,434.6,34996.7,-489,-3.61,-74.24,337.03,5.85,15.0,125.0,0,0,3.12,-14.29,-4.00,-0.079,0.114,0.010,1.000,0.100,0.100,0.100,1,17.2,102.0,763,804,1,0,1,0,16,416,115,0
11.60,climb_cruise,434.6,434.6,34996.5,-514,-3.67,-74.52,336.95,5.87,15.0,125.0,0,0,3.13,-14.29,-4.01,-0.079,0.114,0.010,1.000,0.100,0.100,0.100,1,17.2,102.0,763,804,1,0,1,0,16,416,114,0
11.62,climb_cruise,434.6,434.6,34996.3,-538,-3.73,-74.80,336.86,5.89,15.0,125.0,0,0,3.13,-14.30,-4.02,-0.079,0.114,0.010,1.000,0.100,0.100,0.100,1,17.2,102.0,763,804,1,0,1,0,16,416,115,0
11.64,climb_cruise,434.6,434.6,34996.1,-563,-3.79,-75.08,336.78,5.91,15.0,125.0,0,0,3.13,-14.31,-4.03,-0.079,0.114,0.010,1.000,0.100,0.100,0.100,1,17.1,102.0,763,804,1,0,1,0,16,416,115,0
11.66,climb_cruise,434.5,434.5,34995.9,-589,-3.85,-75.36,336.70,5.93,15.0,125.0,0,0,3.14,-14.32,-4.04,-0.079,0.114,0.010,1.000,0.100,0.100,0.100,1,17.1,102.0,763,804,1,0,1,0,16,416,115,0
11.68,climb_cruise,434.5,434.5,34995.7,-614,-3.91,-75.64,336.62,5.94,15.0,125.0,0,0,3.14,-14.32,-4.05,-0.079,0.114,0.010,1.000,0.100,0.100,0.100,1,17.1,102.0,763,804,1,0,1,0,16,416,116,0
11.70,climb_cruise,434.5,434.5,34995.5,-640,-3.98,-75.92,336.54,5.96,15.0,125.0,0,0,3.15,-14.33,-4.06,-0.079,0.114,0.010,1.000,0.100,0.100,0.100,1,17.0,102.0,763,804,1,0,1,0,16,416,115,0
11.72,climb_cruise,434.4,434.4,34995.3,-666,-4.04,-76.20,336.46,5.98,15.0,125.0,0,0,3.16,-14.34,-4.06,-0.079,0.114,0.010,1.000,0.100,0.100,0.100,1,17.0,102.0,763,804,1,0,1,0,16,416,114,0
11.74,climb_cruise,434.4,434.4,34995.1,-693,-4.10,-76.49,336.38,6.00,15.0,125.0,0,0,3.17,-14.35,-4.07,-0.079,0.114,0.010,1.000,0.100,0.100,0.100,1,17.0,102.0,763,804,1,0,1,0,16,416,116,0
11.76,climb_cruise,434.4,434.4,34994.9,-719,-4.17,-76.77,336.30,6.02,15.0,125.0,0,0,3.18,-14.35,-4.08,-0.079,0.114,0.010,1.000,0.100,0.100,0.100,1,16.9,102.0,763,804,1,0,1,0,16,416,114,0
11.78,climb_cruise,434.3,434.3,34994.6,-746,-4.23,-77.05,336.21,6.03,15.0,125.0,0,0,3.19,-14.36,-4.09,-0.079,0.114,0.010,1.000,0.100,0.100,0.100,1,16.9,102.0,763,804,1,0,1,0,16,416,114,0
11.80,climb_cruise,434.3,434.3,34994.4,-774,-4.30,-77.33,336.13,6.05,15.0,125.0,0,0,3.20,-14.37,-4.10,-0.079,0.114,0.010,1.000,0.100,0.100,0.100,1,16.9,102.0,763,804,1,0,1,0,16,416,115,0
11.82,climb_cruise,434.3,434.3,34994.1,-801,-4.37,-77.61,336.05,6.07,15.0,125.0,0,0,3.22,-14.38,-4.11,-0.079,0.114,0.010,1.000,0.100,0.100,0.100,1,16.8,102.0,763,804,1,0,1,0,16,416,114,0
11.84,climb_cruise,434.3,434.3,34993.8,-829,-4.43,-77.89,335.97,6.08,15.0,125.0,0,0,3.24,-14.38,-4.12,-0.079,0.114,0.010,1.000,0.100,0.100,0.100,1,16.8,102.0,763,804,1,0,1,0,16,416,116,0
11.86,climb_cruise,434.2,434.2,34993.5,-857,-4.50,-78.17,335.89,6.10,15.0,125.0,0,0,3.26,-14.39,-4.13,-0.079,0.114,0.010,1.000,0.100,0.100,0.100,1,16.8,102.0,763,804,1,0,1,0,16,416,116,0
11.88,climb_cruise,434.2,434.2,34993.3,-886,-4.57,-78.45,335.81,6.12,15.0,125.0,0,0,3.27,-14.40,-4.13,-0.079,0.114,0.010,1.000,0.100,0.100,0.100,1,16.7,102.0,763,804,1,0,1,0,16,416,115,0
11.90,climb_cruise,434.2,434.2,34993.0,-915,-4.64,-78.74,335.73,6.13,15.0,125.0,0,0,3.29,-14.41,-4.14,-0.079,0.114,0.010,1.000,0.100,0.100,0.100,1,16.7,102.0,763,804,1,0,1,0,16,416,115,0
11.92,climb_cruise,434.2,434.2,34992.6,-944,-4.70,-79.02,335.65,6.15,15.0,125.0,0,0,3.31,-14.41,-4.15,-0.079,0.114,0.010,1.000,0.100,0.100,0.100,1,16.7,102.0,763,804,1,0,1,0,16,416,115,0
11.94,climb_cruise,434.1,434.1,34992.3,-973,-4.77,-79.30,335.57,6.17,15.0,125.0,0,0,3.33,-14.42,-4.16,-0.079,0.114,0.010,1.000,0.100,0.100,0.100,1,16.6,102.0,763,804,1,0,1,0,16,416,115,0
11.96,climb_cruise,434.1,434.1,34992.0,-1003,-4.84,-79.58,335.49,6.19,15.0,125.0,0,0,3.35,-14.43,-4.17,-0.079,0.114,0.010,1.000,0.100,0.100,0.100,1,16.6,102.0,763,804,1,0,1,0,16,416,116,0
11.98,climb_cruise,434.1,434.1,34991.7,-1032,-4.91,-79.86,335.40,6.20,15.0,125.0,0,0,3.38,-14.44,-4.17,-0.079,0.114,0.010,1.000,0.100,0.100,0.100,1,16.6,102.0,763,804,1,0,1,0,16,416,115,0
12.00,climb_cruise,434.0,434.0,34991.3,-1063,-4.98,-80.14,335.32,6.22,15.0,125.0,0,0,3.40,-14.44,-4.18,-0.079,0.114,0.010,1.000,0.100,0.100,0.100,1,16.5,102.0,763,804,1,0,1,0,16,416,115,0
12.02,climb_cruise,434.0,434.0,34991.0,-1093,-5.05,-80.43,335.24,6.24,15.0,125.0,0,0,3.42,-14.45,-4.19,-0.079,0.114,0.010,1.000,0.100,0.100,0.100,1,16.5,102.0,763,804,1,0,1,0,16,416,116,0
12.04,climb_cruise,434.0,434.0,34990.6,-1124,-5.13,-80.71,335.16,6.25,15.0,125.0,0,0,3.44,-14.46,-4.20,-0.079,0.114,0.010,1.000,0.100,0.100,0.100,1,16.5,102.0,763,804,1,0,1,0,16,416,114,0
12.06,climb_cruise,434.0,434.0,34990.2,-1155,-5.20,-80.99,335.08,6.27,15.0,125.0,0,0,3.46,-14.47,-4.20,-0.079,0.114,0.010,1.000,0.100,0.100,0.100,1,16.4,102.0,763,804,1,0,1,0,16,416,115,0
12.08,climb_cruise,433.9,433.9,34989.8,-1187,-5.27,-81.27,335.00,6.29,15.0,125.0,0,0,3.48,-14.47,-4.21,-0.079,0.114,0.010,1.000,0.100,0.100,0.100,1,16.4,102.0,763,804,1,0,1,0,16,416,115,0
12.10,climb_cruise,433.9,433.9,34989.4,-1218,-5.34,-81.55,334.91,6.31,15.0,125.0,0,0,3.50,-14.48,-4.22,-0.079,0.114,0.010,1.000,0.100,0.100,0.100,1,16.4,102.0,763,804,1,0,1,0,16,416,115,0
12.12,climb_cruise,433.9,433.9,34989.0,-1250,-5.42,-81.84,334.83,6.32,15.0,125.0,0,0,3.52,-14.49,-4.23,-0.079,0.114,0.010,1.000,0.100,0.100,0.100,1,16.3,102.0,763,804,1,0,1,0,16,416,114,0
12.14,climb_cruise,433.9,433.9,34988.6,-1283,-5.49,-82.12,334.75,6.34,15.0,125.0,0,0,3.54,-14.49,-4.23,-0.079,0.114,0.010,1.000,0.100,0.100,0.100,1,16.3,102.0,763,804,1,0,1,0,16,416,114,0
12.16,climb_cruise,433.8,433.8,34988.2,-1315,-5.57,-82.40,334.67,6.36,15.0,125.0,0,0,3.55,-14.50,-4.24,-0.079,0.114,0.010,1.000,0.100,0.100,0.100,1,16.3,102.0,763,804,1,0,1,0,16,416,115,0
12.18,climb_cruise,433.8,433.8,34987.7,-1348,-5.64,-82.68,334.59,6.38,15.0,125.0,0,0,3.57,-14.51,-4.25,-0.079,0.114,0.010,1.000,0.100,0.100,0.100,1,16.2,102.0,763,804,1,0,1,0,16,416,116,0
12.20,climb_cruise,433.8,433.8,34987.3,-1381,-5.72,-82.96,334.50,6.39,15.0,125.0,0,0,3.59,-14.52,-4.25,-0.079,0.114,0.010,1.000,0.100,0.100,0.100,1,16.2,102.0,763,804,1,0,1,0,16,416,116,0
12.22,climb_cruise,433.8,433.8,34986.8,-1415,-5.79,-83.25,334.42,6.41,15.0,125.0,0,0,3.61,-14.52,-4.26,-0.079,0.114,0.010,1.000,0.100,0.100,0.100,1,16.2,102.0,763,804,1,0,1,0,16,416,114,0
12.24,climb_cruise,433.7,433.7,34986.3,-1449,-5.87,-83.53,334.34,6.43,15.0,125.0,0,0,3.63,-14.53,-4.27,-0.079,0.114,0.010,1.000,0.100,0.100,0.100,1,16.1,102.0,763,804,1,0,1,0,16,416,116,0
12.26,climb_cruise,433.7,433.7,34985.8,-1483,-5.94,-83.81,334.26,6.45,15.0,125.0,0,0,3.65,-14.54,-4.27,-0.079,0.114,0.010,1.000,0.100,0.100,0.100,1,16.1,102.0,763,804,1,0,1,0,16,416,115,0
12.28,climb_cruise,433.7,433.7,34985.3,-1518,-6.02,-84.09,334.18,6.46,15.0,125.0,0,0,3.66,-14.54,-4.28,-0.079,0.114,0.010,1.000,0.100,0.100,0.100,1,16.1,102.0,763,804,1,0,1,0,16,416,115,0
12.30,climb_cruise,433.7,433.7,34984.8,-1552,-6.10,-84.38,334.09,6.48,15.0,125.0,0,0,3.68,-14.55,-4.29,-0.079,0.114,0.010,1.000,0.100,0.100,0.100,1,16.0,102.0,763,804,1,0,1,0,16,416,116,0
12.32,climb_cruise,433.6,433.6,34984.3,-1588,-6.18,-84.66,334.01,6.50,15.0,125.0,0,0,3.70,-14.56,-4.29,-0.079,0.114,0.010,1.000,0.100,0.100,0.100,1,16.0,102.0,763,804,1,0,1,0,16,416,115,0
12.34,climb_cruise,433.6,433.6,34983.8,-1623,-6.26,-84.94,333.93,6.52,15.0,125.0,0,0,3.72,-14.57,-4.30,-0.079,0.114,0.010,1.000,0.100,0.100,0.100,1,16.0,102.0,763,804,1,0,1,0,16,416,115,0
12.36,climb_cruise,433.6,433.6,34983.2,-1659,-6.34,-85.22,333.85,6.53,15.0,125.0,0,0,3.74,-14.57,-4.31,-0.079,0.114,0.010,1.000,0.100,0.100,0.100,1,15.9,102.0,763,804,1,0,1,0,16,416,116,0
12.38,climb_cruise,433.6,433.6,34982.7,-1695,-6.42,-85.50,333.76,6.55,15.0,125.0,0,0,3.75,-14.58,-4.31,-0.079,0.114,0.010,1.000,0.100,0.100,0.100,1,15.9,102.0,763,804,1,0,1,0,16,416,116,0
12.40,climb_cruise,433.5,433.5,34982.1,-1731,-6.50,-85.79,333.68,6.57,15.0,125.0,0,0,3.77,-14.59,-4.32,-0.079,0.114,0.010,1.000,0.100,0.100,0.100,1,15.9,102.0,763,804,1,0,1,0,16,416,115,0
12.42,climb_cruise,433.5,433.5,34981.5,-1768,-6.58,-86.07,333.60,6.58,15.0,125.0,0,0,3.79,-14.59,-4.33,-0.079,0.114,0.010,1.000,0.100,0.100,0.100,1,15.8,102.0,763,804,1,0,1,0,16,416,116,0
12.44,climb_cruise,433.5,433.5,34980.9,-1805,-6.66,-86.35,333.52,6.60,15.0,125.0,0,0,3.81,-14.60,-4.33,-0.079,0.114,0.010,1.000,0.100,0.100,0.100,1,15.8,102.0,763,804,1,0,1,0,16,416,116,0
12.46,climb_cruise,433.5,433.5,34980.3,-1843,-6.74,-86.63,333.44,6.62,15.0,125.0,0,0,3.83,-14.61,-4.34,-0.079,0.114,0.010,1.000,0.100,0.100,0.100,1,15.8,102.0,763,804,1,0,1,0,16,416,114,0
12.48,climb_cruise,433.4,433.4,34979.7,-1880,-6.82,-86.92,333.35,6.64,15.0,125.0,0,0,3.85,-14.62,-4.34,-0.079,0.114,0.010,1.000,0.100,0.100,0.100,1,15.8,102.0,763,804,1,0,1,0,16,416,115,0
12.50,climb_cruise,433.4,433.4,34979.1,-1918,-6.91,-87.20,333.27,6.65,15.0,125.0,0,0,3.86,-14.62,-4.35,-0.079,0.114,0.010,1.000,0.100,0.100,0.100,1,15.7,102.0,763,804,1,0,1,0,16,416,115,0
12.52,climb_cruise,433.4,433.4,34978.4,-1957,-6.99,-87.48,333.19,6.67,15.0,125.0,0,0,3.88,-14.63,-4.36,-0.079,0.114,0.010,1.000,0.100,0.100,0.100,1,15.7,102.0,763,804,1,0,1,0,16,416,116,0
12.54,climb_cruise,433.4,433.4,34977.8,-1995,-7.07,-87.76,333.11,6.69,15.0,125.0,0,0,3.90,-14.64,-4.36,-0.079,0.114,0.010,1.000,0.100,0.100,0.100,1,15.7,102.0,763,804,1,0,1,0,16,416,115,0
12.56,climb_cruise,433.4,433.4,34977.1,-2034,-7.16,-88.05,333.03,6.71,15.0,125.0,0,0,3.92,-14.64,-4.37,-0.079,0.114,0.010,1.000,0.100,0.100,0.100,1,15.6,102.0,763,804,1,0,1,0,16,416,116,0
12.58,climb_cruise,433.3,433.3,34976.4,-2074,-7.24,-88.33,332.94,6.72,15.0,125.0,0,0,3.94,-14.65,-4.37,-0.079,0.114,0.010,1.000,0.100,0.100,0.100,1,15.6,102.0,763,804,1,0,1,0,16,416,115,0
12.60,climb_cruise,433.3,433.3,34975.7,-2113,-7.33,-88.61,332.86,6.74,15.0,125.0,0,0,3.96,-14.66,-4.38,-0.079,0.114,0.010,1.000,0.100,0.100,0.100,1,15.6,102.0,763,804,1,0,1,0,16,416,116,0
12.62,climb_cruise,433.3,433.3,34975.0,-2153,-7.41,-88.90,332.78,6.76,15.0,125.0,0,0,3.98,-14.66,-4.39,-0.079,0.114,0.010,1.000,0.100,0.100,0.100,1,15.5,102.0,763,804,1,0,1,0,16,416,114,0
12.64,climb_cruise,433.3,433.3,34974.3,-2194,-7.50,-89.18,332.70,6.78,15.0,125.0,0,0,4.00,-14.67,-4.39,-0.079,0.114,0.010,1.000,0.100,0.100,0.100,1,15.5,102.0,763,804,1,0,1,0,16,416,115,0
12.66,climb_cruise,433.3,433.3,34973.5,-2235,-7.59,-89.46,332.62,6.79,15.0,125.0,0,0,4.01,-14.68,-4.40,-0.079,0.114,0.010,1.000,0.100,0.100,0.100,1,15.5,102.0,763,804,1,0,1,0,16,416,116,0
12.68,climb_cruise,433.2,433.2,34972.8,-2276,-7.67,-89.74,332.53,6.81,15.0,125.0,0,0,4.03,-14.68,-4.40,-0.079,0.114,0.010,1.000,0.100,0.100,0.100,1,15.4,102.0,763,804,1,0,1,0,16,416,114,0
12.70,climb_cruise,433.2,433.2,34972.0,-2317,-7.76,-90.03,332.45,6.83,15.0,125.0,0,0,4.05,-14.69,-4.41,-0.079,0.114,0.010,1.000,0.100,0.100,0.100,1,15.4,102.0,763,804,1,0,1,0,16,416,115,0
12.72,climb_cruise,433.2,433.2,34971.2,-2359,-7.85,-90.31,332.37,6.84,15.0,125.0,0,0,4.07,-14.70,-4.41,-0.079,0.114,0.010,1.000,0.100,0.100,0.100,1,15.4,102.0,763,804,1,0,1,0,16,416,115,0
12.74,climb_cruise,433.2,433.2,34970.4,-2401,-7.94,-90.59,332.29,6.86,15.0,125.0,0,0,4.09,-14.70,-4.42,-0.079,0.114,0.010,1.000,0.100,0.100,0.100,1,15.3,102.0,763,804,1,0,1,0,16,416,116,0
12.76,climb_cruise,433.2,433.2,34969.6,-2443,-8.03,-90.87,332.21,6.88,15.0,125.0,0,0,4.11,-14.71,-4.42,-0.079,0.114,0.010,1.000,0.100,0.100,0.100,1,15.3,102.0,763,804,1,0,1,0,16,416,116,0
12.78,climb_cruise,433.1,433.1,34968.8,-2486,-8.12,-91.16,332.13,6.90,15.0,125.0,0,0,4.13,-14.72,-4.43,-0.079,0.114,0.010,1.000,0.100,0.100,0.100,1,15.3,102.0,763,804,1,0,1,0,16,416,115,0
12.80,climb_cruise,433.1,433.1,34968.0,-2529,-8.21,-91.44,332.04,6.91,15.0,125.0,0,0,4.15,-14.72,-4.43,-0.079,0.114,0.010,1.000,0.100,0.100,0.100,1,15.3,102.0,763,804,1,0,1,0,16,416,115,0
12.82,climb_cruise,433.1,433.1,34967.1,-2572,-8.30,-91.72,331.96,6.93,15.0,125.0,0,0,4.16,-14.73,-4.44,-0.079,0.114,0.010,1.000,0.100,0.100,0.100,1,15.2,102.0,763,804,1,0,1,0,16,416,115,0
12.84,climb_cruise,433.1,433.1,34966.3,-2616,-8.39,-92.01,331.88,6.95,15.0,125.0,0,0,4.18,-14.74,-4.44,-0.079,0.114,0.010,1.000,0.100,0.100,0.100,1,15.2,102.0,763,804,1,0,1,0,16,416,114,0
12.86,climb_cruise,433.1,433.1,34965.4,-2660,-8.48,-92.29,331.80,6.97,15.0,125.0,0,0,4.20,-14.74,-4.45,-0.079,0.114,0.011,1.000,0.100,0.100,0.100,1,15.2,102.0,763,804,1,0,1,0,16,416,115,0
12.88,climb_cruise,433.1,433.1,34964.5,-2704,-8.58,-92.57,331.72,6.98,15.0,125.0,0,0,4.22,-14.75,-4.45,-0.079,0.114,0.011,1.000,0.100,0.100,0.100,1,15.1,102.0,763,804,1,0,1,0,16,416,116,0
12.90,climb_cruise,433.0,433.0,34963.6,-2749,-8.67,-92.85,331.64,7.00,15.0,125.0,0,0,4.24,-14.76,-4.46,-0.079,0.114,0.011,1.000,0.100,0.100,0.100,1,15.1,102.0,763,804,1,0,1,0,16,416,114,0
12.92,climb_cruise,433.0,433.0,34962.7,-2794,-8.76,-93.14,331.56,7.02,15.0,125.0,0,0,4.26,-14.76,-4.46,-0.079,0.114,0.011,1.000,0.100,0.100,0.100,1,15.1,102.0,763,804,1,0,1,0,16,416,115,0
12.94,climb_cruise,433.0,433.0,34961.7,-2839,-8.86,-93.42,331.47,7.03,15.0,125.0,0,0,4.28,-14.77,-4.47,-0.079,0.114,0.011,1.000,0.100,0.100,0.100,1,15.0,102.0,763,804,1,0,1,0,16,416,114,0
12.96,climb_cruise,433.0,433.0,34960.8,-2885,-8.95,-93.70,331.39,7.05,15.0,125.0,0,0,4.30,-14.78,-4.47,-0.079,0.114,0.011,1.000,0.100,0.100,0.100,1,15.0,102.0,763,804,1,0,1,0,16,416,115,0
12.98,climb_cruise,433.0,433.0,34959.8,-2931,-9.05,-93.99,331.31,7.07,15.0,125.0,0,0,4.31,-14.78,-4.47,-0.079,0.114,0.011,1.000,0.100,0.100,0.100,1,15.0,102.0,763,804,1,0,1,0,16,416,115,0
13.00,climb_cruise,433.0,433.0,34958.8,-2978,-9.14,-94.27,331.23,7.09,15.0,125.0,0,0,4.33,-14.79,-4.48,-0.079,0.114,0.011,1.000,0.100,0.100,0.100,1,15.0,102.0,763,804,1,0,1,0,16,416,115,0
13.02,climb_cruise,433.0,433.0,34957.8,-3025,-9.24,-94.55,331.15,7.10,15.0,125.0,0,0,4.35,-14.80,-4.48,-0.079,0.114,0.011,1.000,0.100,0.100,0.100,1,14.9,102.0,763,804,1,0,1,0,16,416,114,0
13.04,climb_cruise,432.9,432.9,34956.8,-3072,-9.33,-94.84,331.07,7.12,15.0,125.0,0,0,4.37,-14.80,-4.49,-0.079,0.114,0.011,1.000,0.100,0.100,0.100,1,14.9,102.0,763,804,1,0,1,0,16,416,115,0
13.06,climb_cruise,432.9,432.9,34955.8,-3119,-9.43,-95.12,330.99,7.14,15.0,125.0,0,0,4.39,-14.81,-4.49,-0.079,0.114,0.011,1.000,0.100,0.100,0.100,1,14.9,102.0,763,804,1,0,1,0,16,416,115,0
13.08,climb_cruise,432.9,432.9,34954.7,-3167,-9.53,-95.40,330.91,7.16,15.0,125.0,0,0,4.41,-14.82,-4.49,-0.079,0.114,0.011,1.000,0.100,0.100,0.100,1,14.8,102.0,763,804,1,0,1,0,16,416,116,0
13.10,climb_cruise,432.9,432.9,34953.7,-3215,-9.63,-95.68,330.83,7.17,15.0,125.0,0,0,4.43,-14.82,-4.50,-0.079,0.114,0.011,1.000,0.100,0.100,0.100,1,14.8,102.0,763,804,1,0,1,0,16,416,114,0
13.12,climb_cruise,432.9,432.9,34952.6,-3264,-9.73,-95.97,330.75,7.19,15.0,125.0,0,0,4.45,-14.83,-4.50,-0.079,0.114,0.011,1.000,0.100,0.100,0.100,1,14.8,102.0,763,804,1,0,1,0,16,416,115,0
13.14,climb_cruise,432.9,432.9,34951.5,-3313,-9.82,-96.25,330.67,7.21,15.0,125.0,0,0,4.46,-14.83,-4.51,-0.079,0.114,0.011,1.000,0.100,0.100,0.100,1,14.7,102.0,763,804,1,0,1,0,16,416,116,0
13.16,climb_cruise,432.9,432.9,34950.4,-3362,-9.92,-96.53,330.59,7.23,15.0,125.0,0,0,4.48,-14.84,-4.51,-0.079,0.114,0.011,1.000,0.100,0.100,0.100,1,14.7,102.0,763,804,1,0,1,0,16,416,115,0
13.18,climb_cruise,432.8,432.8,34949.3,-3412,-10.02,-96.82,330.51,7.24,15.0,125.0,0,0,4.50,-14.85,-4.51,-0.079,0.114,0.011,1.000,0.100,0.100,0.100,1,14.7,102.0,763,804,1,0,1,0,16,416,116,0
13.20,climb_cruise,432.8,432.8,34948.1,-3462,-10.12,-97.10,330.43,7.26,15.0,125.0,0,0,4.52,-14.85,-4.52,-0.079,0.114,0.011,1.000,0.100,0.100,0.100,1,14.7,102.0,763,804,1,0,1,0,16,416,115,0
13.22,climb_cruise,432.8,432.8,34947.0,-3512,-10.23,-97.38,330.35,7.28,15.0,125.0,0,0,4.54,-14.86,-4.52,-0.079,0.114,0.011,1.000,0.100,0.100,0.100,1,14.6,102.0,763,804,1,0,1,0,16,416,115,0
13.24,climb_cruise,432.8,432.8,34945.8,-3563,-10.33,-97.67,330.27,7.29,15.0,125.0,0,0,4.56,-14.86,-4.52,-0.079,0.114,0.011,1.000,0.100,0.100,0.100,1,14.6,102.0,763,804,1,0,1,0,16,416,115,0
13.26,climb_cruise,432.8,432.8,34944.6,-3614,-10.43,-97.95,330.19,7.31,15.0,125.0,0,0,4.58,-14.87,-4.53,-0.079,0.114,0.011,1.000,0.100,0.100,0.100,1,14.6,102.0,763,804,1,0,1,0,16,416,115,0
13.28,climb_cruise,432.8,432.8,34943.4,-3665,-10.53,-98.23,330.11,7.33,15.0,125.0,0,0,4.60,-14.88,-4.53,-0.079,0.114,0.011,1.000,0.100,0.100,0.100,1,14.5,102.0,763,804,1,0,1,0,16,416,116,0
13.30,climb_cruise,432.8,432.8,34942.2,-3717,-10.64,-98.51,330.03,7.35,15.0,125.0,0,0,4.61,-14.88,-4.53,-0.079,0.114,0.011,1.000,0.100,0.100,0.100,1,14.5,102.0,763,804,1,0,1,0,16,416,115,0
13.32,climb_cruise,432.8,432.8,34940.9,-3769,-10.74,-98.80,329.95,7.36,15.0,125.0,0,0,4.63,-14.89,-4.54,-0.079,0.114,0.011,1.000,0.100,0.100,0.100,1,14.5,102.0,763,804,1,0,1,0,16,416,115,0
13.34,climb_cruise,432.8,432.8,34939.7,-3821,-10.84,-99.08,329.87,7.38,15.0,125.0,0,0,4.65,-14.89,-4.54,-0.079,0.114,0.011,1.000,0.100,0.100,0.100,1,14.5,102.0,763,804,1,0,1,0,16,416,115,0
13.36,climb_cruise,432.8,432.8,34938.4,-3874,-10.95,-99.36,329.79,7.40,15.0,125.0,0,0,4.67,-14.90,-4.54,-0.079,0.114,0.011,1.000,0.100,0.100,0.100,1,14.4,102.0,763,804,1,0,1,0,16,416,115,0
13.38,climb_cruise,432.7,432.7,34937.1,-3927,-11.05,-99.65,329.72,7.42,15.0,125.0,0,0,4.69,-14.91,-4.55,-0.079,0.114,0.011,1.000,0.100,0.100,0.100,1,14.4,102.0,763,804,1,0,1,0,16,416,116,0
13.40,climb_cruise,432.7,432.7,34935.8,-3981,-11.16,-99.93,329.64,7.43,15.0,125.0,0,0,4.71,-14.91,-4.55,-0.079,0.114,0.011,1.000,0.100,0.100,0.100,1,14.4,102.0,763,804,1,0,1,0,16,416,115,0
13.42,climb_cruise,432.7,432.7,34934.4,-4035,-11.26,-100.21,329.56,7.45,15.0,125.0,0,0,4.73,-14.92,-4.55,-0.079,0.114,0.011,1.000,0.100,0.100,0.100,1,14.3,102.0,763,804,1,0,1,0,16,416,115,0
13.44,climb_cruise,432.7,432.7,34933.1,-4089,-11.37,-100.50,329.48,7.47,15.0,125.0,0,0,4.75,-14.92,-4.55,-0.079,0.114,0.011,1.000,0.100,0.100,0.100,1,14.3,102.0,763,804,1,0,1,0,16,416,115,0
13.46,climb_cruise,432.7,432.7,34931.7,-4144,-11.48,-100.78,329.40,7.48,15.0,125.0,0,0,4.76,-14.93,-4.56,-0.079,0.114,0.011,1.000,0.100,0.100,0.100,1,14.3,102.0,763,804,1,0,1,0,16,416,116,0
13.48,climb_cruise,432.7,432.7,34930.3,-4199,-11.59,-101.06,329.32,7.50,15.0,125.0,0,0,4.78,-14.93,-4.56,-0.079,0.114,0.011,1.000,0.100,0.100,0.100,1,14.3,102.0,763,804,1,0,1,0,16,416,116,0
13.50,climb_cruise,432.7,432.7,34928.9,-4254,-11.69,-101.34,329.25,7.52,15.0,125.0,0,0,4.80,-14.94,-4.56,-0.079,0.114,0.011,1.000,0.100,0.100,0.100,1,14.2,102.0,763,804,1,0,1,0,16,416,115,0
13.52,climb_cruise,432.7,432.7,34927.5,-4310,-11.80,-101.63,329.17,7.54,15.0,125.0,0,0,4.82,-14.95,-4.56,-0.079,0.114,0.011,1.000,0.100,0.100,0.100,1,14.2,102.0,763,804,1,0,1,0,16,416,116,0
13.54,climb_cruise,432.7,432.7,34926.0,-4366,-11.91,-101.91,329.09,7.55,15.0,125.0,0,0,4.84,-14.95,-4.56,-0.079,0.114,0.011,1.000,0.100,0.100,0.100,1,14.2,102.0,763,804,1,0,1,0,16,416,115,0
13.56,climb_cruise,432.7,432.7,34924.6,-4422,-12.02,-102.19,329.01,7.57,15.0,125.0,0,0,4.86,-14.96,-4.57,-0.079,0.114,0.011,1.000,0.100,0.100,0.100,1,14.1,102.0,763,804,1,0,1,0,16,416,114,0
13.58,climb_cruise,432.7,432.7,34923.1,-4479,-12.13,-102.48,328.94,7.59,15.0,125.0,0,0,4.88,-14.96,-4.57,-0.079,0.114,0.011,1.000,0.100,0.100,0.100,1,14.1,102.0,763,804,1,0,1,0,16,416,115,0
13.60,climb_cruise,432.7,432.7,34921.6,-4536,-12.24,-102.76,328.86,7.61,15.0,125.0,0,0,4.90,-14.97,-4.57,-0.079,0.114,0.011,1.000,0.100,0.100,0.100,1,14.1,102.0,763,804,1,0,1,0,16,416,115,0
13.62,climb_cruise,432.7,432.7,34920.1,-4594,-12.35,-103.04,328.78,7.62,15.0,125.0,0,0,4.91,-14.97,-4.57,-0.079,0.114,0.011,1.000,0.100,0.100,0.100,1,14.1,102.0,763,804,1,0,1,0,16,416,115,0
13.64,climb_cruise,432.7,432.7,34918.5,-4651,-12.46,-103.33,328.70,7.64,15.0,125.0,0,0,4.93,-14.98,-4.57,-0.079,0.114,0.011,1.000,0.100,0.100,0.100,1,14.0,102.0,763,804,1,0,1,0,16,416,115,0
13.66,climb_cruise,432.7,432.7,34917.0,-4710,-12.58,-103.61,328.63,7.66,15.0,125.0,0,0,4.95,-14.98,-4.58,-0.079,0.114,0.011,1.000,0.100,0.100,0.100,1,14.0,102.0,763,804,1,0,1,0,16,416,116,0
13.68,climb_cruise,432.7,432.7,34915.4,-4768,-12.69,-103.89,328.55,7.67,15.0,125.0,0,0,4.97,-14.99,-4.58,-0.079,0.114,0.011,1.000,0.100,0.100,0.100,1,14.0,102.0,763,804,1,0,1,0,16,416,116,0
13.70,climb_cruise,432.7,432.7,34913.8,-4827,-12.80,-104.17,328.47,7.69,15.0,125.0,0,0,4.99,-14.99,-4.58,-0.079,0.114,0.011,1.000,0.100,0.100,0.100,1,13.9,102.0,763,804,1,0,1,0,16,416,114,0
13.72,climb_cruise,432.7,432.7,34912.2,-4887,-12.91,-104.46,328.40,7.71,15.0,125.0,0,0,5.01,-15.00,-4.58,-0.079,0.114,0.011,1.000,0.100,0.100,0.100,1,13.9,102.0,763,804,1,0,1,0,16,416,116,0
13.74,climb_cruise,432.7,432.7,34910.5,-4946,-13.03,-104.74,328.32,7.73,15.0,125.0,0,0,5.03,-15.00,-4.58,-0.079,0.114,0.011,1.000,0.100,0.100,0.100,1,13.9,102.0,763,804,1,0,1,0,16,416,116,0
13.76,climb_cruise,432.7,432.7,34908.9,-5006,-13.14,-105.02,328.25,7.74,15.0,125.0,0,0,5.04,-15.01,-4.58,-0.079,0.114,0.011,1.000,0.100,0.100,0.100,1,13.9,102.0,763,804,1,0,1,0,16,416,115,0
13.78,climb_cruise,432.7,432.7,34907.2,-5067,-13.26,-105.31,328.17,7.76,15.0,125.0,0,0,5.06,-15.01,-4.59,-0.079,0.114,0.011,1.000,0.100,0.100,0.100,1,13.8,102.0,763,804,1,0,1,0,16,416,114,0
13.80,climb_cruise,432.7,432.7,34905.5,-5128,-13.37,-105.59,328.10,7.78,15.0,125.0,0,0,5.08,-15.02,-4.59,-0.079,0.114,0.011,1.000,0.100,0.100,0.100,1,13.8,102.0,763,804,1,0,1,0,16,416,114,0
13.82,climb_cruise,432.7,432.7,34903.8,-5189,-13.49,-105.87,328.02,7.80,15.0,125.0,0,0,5.10,-15.02,-4.59,-0.079,0.114,0.011,1.000,0.100,0.100,0.100,1,13.8,102.0,763,804,1,0,1,0,16,416,115,0
13.84,climb_cruise,432.7,432.7,34902.1,-5250,-13.61,-106.15,327.95,7.81,15.0,125.0,0,0,5.12,-15.03,-4.59,-0.079,0.114,0.011,1.000,0.100,0.100,0.100,1,13.8,102.0,763,804,1,0,1,0,16,416,114,0
13.86,climb_cruise,432.7,432.7,34900.3,-5312,-13.72,-106.44,327.87,7.83,15.0,125.0,0,0,5.14,-15.03,-4.59,-0.079,0.114,0.011,1.000,0.100,0.100,0.100,1,13.7,102.0,763,804,1,0,1,0,16,416,115,0
13.88,climb_cruise,432.7,432.7,34898.5,-5374,-13.84,-106.72,327.80,7.85,15.0,125.0,0,0,5.16,-15.04,-4.59,-0.079,0.114,0.011,1.000,0.100,0.100,0.100,1,13.7,102.0,763,804,1,0,1,0,16,416,115,0
13.90,climb_cruise,432.7,432.7,34896.7,-5437,-13.96,-107.00,327.72,7.86,15.0,125.0,0,0,5.17,-15.04,-4.59,-0.079,0.114,0.011,1.000,0.100,0.100,0.100,1,13.7,102.0,763,804,1,0,1,0,16,416,116,0
13.92,climb_cruise,432.7,432.7,34894.9,-5500,-14.08,-107.29,327.65,7.88,15.0,125.0,0,0,5.19,-15.05,-4.59,-0.079,0.114,0.011,1.000,0.100,0.100,0.100,1,13.6,102.0,763,804,1,0,1,0,16,416,115,0
13.94,climb_cruise,432.7,432.7,34893.1,-5563,-14.20,-107.57,327.57,7.90,15.0,125.0,0,0,5.21,-15.05,-4.59,-0.079,0.114,0.011,1.000,0.100,0.100,0.100,1,13.6,102.0,763,804,1,0,1,0,16,416,115,0
13.96,climb_cruise,432.7,432.7,34891.2,-5627,-14.31,-107.85,327.50,7.92,15.0,125.0,0,0,5.23,-15.06,-4.59,-0.079,0.114,0.011,1.000,0.100,0.100,0.100,1,13.6,102.0,763,804,1,0,1,0,16,416,115,0
13.98,climb_cruise,432.7,432.7,34889.3,-5691,-14.43,-108.13,327.43,7.93,15.0,125.0,0,0,5.25,-15.06,-4.59,-0.079,0.114,0.011,1.000,0.100,0.100,0.100,1,13.6,102.0,763,804,1,0,1,0,16,416,115,0
14.00,climb_cruise,432.7,432.7,34887.4,-5755,-14.55,-108.42,327.35,7.95,15.0,125.0,0,0,5.27,-15.06,-4.59,-0.079,0.114,0.011,1.000,0.100,0.100,0.100,1,13.5,102.0,763,804,1,0,1,0,16,416,115,0
14.02,climb_cruise,432.7,432.7,34885.5,-5820,-14.68,-108.70,327.28,7.97,15.0,125.0,0,0,5.29,-15.07,-4.59,-0.079,0.114,0.011,1.000,0.100,0.100,0.100,1,13.5,102.0,763,804,1,0,1,0,16,416,116,0
14.04,climb_cruise,432.7,432.7,34883.5,-5885,-14.80,-108.98,327.21,7.99,15.0,125.0,0,0,5.30,-15.07,-4.60,-0.079,0.114,0.011,1.000,0.100,0.100,0.100,1,13.5,102.0,763,804,1,0,1,0,16,416,116,0
14.06,climb_cruise,432.7,432.7,34881.6,-5951,-14.92,-109.27,327.13,8.00,15.0,125.0,0,0,5.32,-15.08,-4.60,-0.079,0.114,0.011,1.000,0.100,0.100,0.100,1,13.5,102.0,763,804,1,0,1,0,16,416,116,0
14.08,climb_cruise,432.7,432.7,34879.6,-6017,-15.04,-109.55,327.06,8.02,15.0,125.0,0,0,5.34,-15.08,-4.60,-0.079,0.114,0.011,1.000,0.100,0.100,0.100,1,13.4,102.0,763,804,1,0,1,0,16,416,115,0
14.10,climb_cruise,432.7,432.7,34877.6,-6083,-15.16,-109.83,326.99,8.04,15.0,125.0,0,0,5.36,-15.09,-4.60,-0.079,0.114,0.011,1.000,0.100,0.100,0.100,1,13.4,102.0,763,804,1,0,1,0,16,416,115,0
14.12,climb_cruise,432.7,432.7,34875.5,-6150,-15.29,-110.11,326.92,8.05,15.0,125.0,0,0,5.38,-15.09,-4.60,-0.079,0.114,0.011,1.000,0.100,0.100,0.100,1,13.4,102.0,763,804,1,0,1,0,16,416,115,0
14.14,climb_cruise,432.7,432.7,34873.5,-6217,-15.41,-110.40,326.84,8.07,15.0,125.0,0,0,5.40,-15.09,-4.60,-0.079,0.114,0.011,1.000,0.100,0.100,0.100,1,13.3,102.0,763,804,1,0,1,0,16,416,115,0
14.16,climb_cruise,432.7,432.7,34871.4,-6284,-15.53,-110.68,326.77,8.09,15.0,125.0,0,0,5.41,-15.10,-4.60,-0.079,0.114,0.011,1.000,0.100,0.100,0.100,1,13.3,102.0,763,804,1,0,1,0,16,416,114,0
14.18,climb_cruise,432.7,432.7,34869.3,-6352,-15.66,-110.96,326.70,8.11,15.0,125.0,0,0,5.43,-15.10,-4.59,-0.079,0.114,0.011,1.000,0.100,0.100,0.100,1,13.3,102.0,763,804,1,0,1,0,16,416,115,0
14.20,climb_cruise,432.8,432.8,34867.2,-6420,-15.78,-111.26,326.63,8.12,15.0,125.0,0,0,5.09,-16.37,-4.63,-0.028,0.040,0.005,1.000,0.100,0.100,0.100,1,13.3,102.0,763,804,1,0,1,0,16,416,116,0
14.22,climb_cruise,432.8,432.8,34865.0,-6489,-15.90,-111.58,326.57,8.13,15.0,125.0,0,0,4.80,-16.95,-4.67,-0.023,0.034,0.004,1.000,0.100,0.100,0.100,1,13.2,102.0,763,804,1,0,1,0,16,416,114,0
14.24,climb_cruise,432.8,432.8,34862.8,-6557,-16.03,-111.90,326.52,8.14,15.0,125.0,0,0,4.57,-17.18,-4.71,-0.023,0.034,0.004,1.000,0.100,0.100,0.100,1,13.2,102.0,763,804,1,0,1,0,16,416,116,0
14.26,climb_cruise,432.8,432.8,34860.6,-6627,-16.15,-112.23,326.47,8.14,15.0,125.0,0,0,4.42,-17.27,-4.74,-0.023,0.034,0.004,1.000,0.100,0.100,0.100,1,13.2,102.0,763,804,1,0,1,0,16,416,115,0
14.28,climb_cruise,432.8,432.8,34858.4,-6696,-16.27,-112.56,326.42,8.14,15.0,125.0,0,0,4.33,-17.32,-4.77,-0.023,0.034,0.004,1.000,0.100,0.100,0.100,1,13.2,102.0,763,804,1,0,1,0,16,416,116,0
14.30,climb_cruise,432.8,432.8,34856.2,-6766,-16.39,-112.90,326.38,8.14,15.0,125.0,0,0,4.30,-17.35,-4.80,-0.023,0.034,0.004,1.000,0.100,0.100,0.100,1,13.1,102.0,763,804,1,0,1,0,16,416,115,0
14.32,climb_cruise,432.8,432.8,34853.9,-6837,-16.51,-113.23,326.33,8.13,15.0,125.0,0,0,4.31,-17.37,-4.83,-0.023,0.034,0.004,1.000,0.100,0.100,0.100,1,13.1,102.0,763,804,1,0,1,0,16,416,116,0
14.34,climb_cruise,432.8,432.8,34851.6,-6908,-16.64,-113.57,326.29,8.13,15.0,125.0,0,0,4.36,-17.38,-4.85,-0.023,0.034,0.004,1.000,0.100,0.100,0.100,1,13.1,102.0,763,804,1,0,1,0,16,416,114,0
14.36,climb_cruise,432.8,432.8,34849.3,-6979,-16.76,-113.90,326.25,8.13,15.0,125.0,0,0,4.45,-17.40,-4.87,-0.023,0.034,0.004,1.000,0.100,0.100,0.100,1,13.1,102.0,763,804,1,0,1,0,16,416,114,0
14.38,climb_cruise,432.9,432.9,34847.0,-7050,-16.89,-114.24,326.20,8.13,15.0,125.0,0,0,4.55,-17.41,-4.89,-0.023,0.034,0.004,1.000,0.100,0.100,0.100,1,13.0,102.0,763,804,1,0,1,0,16,416,115,0
14.40,climb_cruise,432.9,432.9,34844.6,-7122,-17.01,-114.57,326.16,8.13,15.0,125.0,0,0,4.68,-17.42,-4.90,-0.023,0.034,0.004,1.000,0.100,0.100,0.100,1,13.0,102.0,763,804,1,0,1,0,16,416,114,0
14.42,climb_cruise,432.9,432.9,34842.2,-7195,-17.14,-114.91,326.11,8.13,15.0,125.0,0,0,4.81,-17.44,-4.91,-0.023,0.034,0.004,1.000,0.100,0.100,0.100,1,13.0,102.0,763,804,1,0,1,0,16,416,115,0
14.44,climb_cruise,432.9,432.9,34839.8,-7267,-17.27,-115.24,326.06,8.13,15.0,125.0,0,0,4.94,-17.45,-4.92,-0.023,0.034,0.004,1.000,0.100,0.100,0.100,1,12.9,102.0,763,804,1,0,1,0,16,416,115,0
14.46,climb_cruise,432.9,432.9,34837.4,-7340,-17.40,-115.58,326.01,8.14,15.0,125.0,0,0,5.08,-17.46,-4.92,-0.023,0.034,0.004,1.000,0.100,0.100,0.100,1,12.9,102.0,763,804,1,0,1,0,16,416,115,0
14.48,climb_cruise,432.9,432.9,34834.9,-7414,-17.54,-115.91,325.96,8.15,15.0,125.0,0,0,5.20,-17.47,-4.92,-0.023,0.034,0.004,1.000,0.100,0.100,0.100,1,12.9,102.0,763,804,1,0,1,0,16,416,116,0
14.50,climb_cruise,433.0,433.0,34832.5,-7487,-17.67,-116.24,325.91,8.17,15.0,125.0,0,0,5.32,-17.48,-4.92,-0.023,0.034,0.004,1.000,0.100,0.100,0.100,1,12.9,102.0,763,804,1,0,1,0,16,416,115,0
14.52,climb_cruise,433.0,433.0,34830.0,-7562,-17.81,-116.58,325.85,8.18,15.0,125.0,0,0,5.43,-17.48,-4.92,-0.023,0.034,0.004,1.000,0.100,0.100,0.100,1,12.8,102.0,763,804,1,0,1,0,16,416,115,0
14.54,climb_cruise,433.0,433.0,34827.4,-7636,-17.95,-116.91,325.80,8.20,15.0,125.0,0,0,5.52,-17.49,-4.91,-0.023,0.034,0.004,1.000,0.100,0.100,0.100,1,12.8,102.0,763,804,1,0,1,0,16,416,116,0
14.56,climb_cruise,433.0,433.0,34824.9,-7711,-18.08,-117.24,325.74,8.21,15.0,125.0,0,0,5.60,-17.50,-4.91,-0.023,0.034,0.004,1.000,0.100,0.100,0.100,1,12.8,102.0,763,804,1,0,1,0,16,416,115,0
14.58,climb_cruise,433.0,433.0,34822.3,-7787,-18.22,-117.57,325.68,8.23,15.0,125.0,0,0,5.67,-17.50,-4.90,-0.023,0.034,0.004,1.000,0.100,0.100,0.100,1,12.8,102.0,763,804,1,0,1,0,16,416,115,0
14.60,climb_cruise,433.1,433.1,34819.7,-7863,-18.36,-117.91,325.62,8.25,15.0,125.0,0,0,5.73,-17.50,-4.89,-0.023,0.034,0.004,1.000,0.100,0.100,0.100,1,12.7,102.0,763,804,1,0,1,0,16,416,115,0
14.62,climb_cruise,433.1,433.1,34817.1,-7939,-18.50,-118.24,325.56,8.27,15.0,125.0,0,0,5.77,-17.51,-4.89,-0.023,0.034,0.004,1.000,0.100,0.100,0.100,1,12.7,102.0,763,804,1,0,1,0,16,416,115,0
14.64,climb_cruise,433.1,433.1,34814.4,-8016,-18.64,-118.57,325.51,8.29,15.0,125.0,0,0,5.80,-17.51,-4.88,-0.023,0.034,0.004,1.000,0.100,0.100,0.100,1,12.7,102.0,763,804,1,0,1,0,16,416,115,0
14.66,climb_cruise,433.1,433.1,34811.7,-8093,-18.78,-118.90,325.45,8.31,15.0,125.0,0,0,5.82,-17.51,-4.87,-0.023,0.034,0.004,1.000,0.100,0.100,0.100,1,12.7,102.0,763,804,1,0,1,0,16,416,115,0
14.68,climb_cruise,433.1,433.1,34809.0,-8170,-18.93,-119.23,325.39,8.33,15.0,125.0,0,0,5.84,-17.52,-4.86,-0.023,0.034,0.004,1.000,0.100,0.100,0.100,1,12.6,102.0,763,804,1,0,1,0,16,416,116,0
14.70,climb_cruise,433.2,433.2,34806.3,-8248,-19.07,-119.56,325.33,8.36,15.0,125.0,0,0,5.85,-17.52,-4.85,-0.023,0.034,0.004,1.000,0.100,0.100,0.100,1,12.6,102.0,763,804,1,0,1,0,16,416,115,0
14.72,climb_cruise,433.2,433.2,34803.5,-8327,-19.21,-119.90,325.28,8.38,15.0,125.0,0,0,5.85,-17.52,-4.85,-0.023,0.034,0.004,1.000,0.100,0.100,0.100,1,12.6,102.0,763,804,1,0,1,0,16,416,116,0
14.74,climb_cruise,433.2,433.2,34800.7,-8405,-19.35,-120.23,325.22,8.40,15.0,125.0,0,0,5.86,-17.52,-4.84,-0.023,0.034,0.004,1.000,0.100,0.100,0.100,1,12.6,102.0,763,804,1,0,1,0,16,416,114,0
14.76,climb_cruise,433.2,433.2,34797.9,-8484,-19.50,-120.56,325.16,8.42,15.0,125.0,0,0,5.85,-17.52,-4.83,-0.023,0.034,0.004,1.000,0.100,0.100,0.100,1,12.5,102.0,763,804,1,0,1,0,16,416,115,0
14.78,climb_cruise,433.3,433.3,34795.1,-8564,-19.64,-120.89,325.11,8.44,15.0,125.0,0,0,5.85,-17.52,-4.83,-0.023,0.034,0.004,1.000,0.100,0.100,0.100,1,12.5,102.0,763,804,1,0,1,0,16,416,115,0
14.80,climb_cruise,433.3,433.3,34792.2,-8644,-19.78,-121.22,325.06,8.45,15.0,125.0,0,0,5.85,-17.52,-4.82,-0.023,0.034,0.004,1.000,0.100,0.100,0.100,1,12.5,102.0,763,804,1,0,1,0,16,416,115,0
14.82,climb_cruise,433.3,433.3,34789.3,-8724,-19.93,-121.56,325.00,8.47,15.0,125.0,0,0,5.85,-17.52,-4.81,-0.023,0.034,0.004,1.000,0.100,0.100,0.100,1,12.5,102.0,763,804,1,0,1,0,16,416,115,0
14.84,climb_cruise,433.3,433.3,34786.4,-8805,-20.07,-121.89,324.95,8.49,15.0,125.0,0,0,5.85,-17.52,-4.81,-0.023,0.034,0.004,1.000,0.100,0.100,0.100,1,12.4,102.0,763,804,1,0,1,0,16,416,115,0
14.86,climb_cruise,433.4,433.4,34783.5,-8886,-20.21,-122.22,324.90,8.51,15.0,125.0,0,0,5.85,-17.53,-4.80,-0.023,0.034,0.004,1.000,0.100,0.100,0.100,1,12.4,102.0,763,804,1,0,1,0,16,416,114,0
14.88,climb_cruise,433.4,433.4,34780.5,-8968,-20.36,-122.56,324.85,8.53,15.0,125.0,0,0,5.86,-17.53,-4.80,-0.023,0.034,0.004,1.000,0.100,0.100,0.100,1,12.4,102.0,763,804,1,0,1,0,16,416,114,0
14.90,climb_cruise,433.4,433.4,34777.5,-9050,-20.50,-122.89,324.80,8.54,15.0,125.0,0,0,5.87,-17.53,-4.79,-0.023,0.034,0.004,1.000,0.100,0.100,0.100,1,12.4,102.0,763,804,1,0,1,0,16,416,116,0
14.92,climb_cruise,433.5,433.5,34774.5,-9132,-20.64,-123.22,324.75,8.56,15.0,125.0,0,0,5.87,-17.53,-4.79,-0.023,0.034,0.004,1.000,0.100,0.100,0.100,1,12.3,102.0,763,804,1,0,1,0,16,416,116,0
14.94,climb_cruise,433.5,433.5,34771.4,-9215,-20.79,-123.55,324.70,8.58,15.0,125.0,0,0,5.89,-17.53,-4.79,-0.023,0.034,0.004,1.000,0.100,0.100,0.100,1,12.3,102.0,763,804,1,0,1,0,16,416,116,0
14.96,climb_cruise,433.5,433.5,34768.3,-9298,-20.93,-123.89,324.65,8.59,15.0,125.0,0,0,5.90,-17.53,-4.78,-0.023,0.034,0.004,1.000,0.100,0.100,0.100,1,12.3,102.0,763,804,1,0,1,0,16,416,115,0
14.98,climb_cruise,433.6,433.6,34765.2,-9382,-21.08,-124.22,324.61,8.61,15.0,125.0,0,0,5.92,-17.53,-4.78,-0.023,0.034,0.004,1.000,0.100,0.100,0.100,1,12.3,102.0,763,804,1,0,1,0,16,416,115,0
15.00,climb_cruise,433.6,433.6,34762.1,-9466,-21.23,-124.56,324.56,8.63,15.0,125.0,0,0,5.93,-17.53,-4.77,-0.023,0.034,0.004,1.000,0.100,0.100,0.100,1,12.2,102.0,763,804,1,0,1,0,16,416,115,0
15.02,climb_cruise,433.6,433.6,34758.9,-9550,-21.37,-124.89,324.51,8.64,15.0,125.0,0,0,5.95,-17.53,-4.77,-0.023,0.034,0.004,1.000,0.100,0.100,0.100,1,12.2,102.0,763,804,1,0,1,0,16,416,116,0
15.04,climb_cruise,433.6,433.6,34755.7,-9635,-21.52,-125.22,324.47,8.66,15.0,125.0,0,0,5.97,-17.53,-4.77,-0.023,0.034,0.004,1.000,0.100,0.100,0.100,1,12.2,102.0,763,804,1,0,1,0,16,416,115,0
15.06,climb_cruise,433.7,433.7,34752.5,-9720,-21.67,-125.56,324.42,8.68,15.0,125.0,0,0,5.99,-17.54,-4.76,-0.023,0.034,0.004,1.000,0.100,0.100,0.100,1,12.2,102.0,763,804,1,0,1,0,16,416,116,0
15.08,climb_cruise,433.7,433.7,34749.2,-9805,-21.81,-125.89,324.38,8.69,15.0,125.0,0,0,6.01,-17.54,-4.76,-0.023,0.034,0.004,1.000,0.100,0.100,0.100,1,12.1,102.0,763,804,1,0,1,0,16,416,115,0
15.10,climb_cruise,433.8,433.8,34746.0,-9891,-21.96,-126.23,324.33,8.71,15.0,125.0,0,0,6.04,-17.54,-4.75,-0.023,0.034,0.004,1.000,0.100,0.100,0.100,1,12.1,102.0,763,804,1,0,1,0,16,416,115,0
15.12,climb_cruise,433.8,433.8,34742.7,-9977,-22.11,-126.56,324.29,8.73,15.0,125.0,0,0,6.06,-17.54,-4.75,-0.023,0.034,0.004,1.000,0.100,0.100,0.100,1,12.1,102.0,763,804,1,0,1,0,16,416,115,0
15.14,climb_cruise,433.8,433.8,34739.3,-10064,-22.26,-126.89,324.24,8.74,15.0,125.0,0,0,6.08,-17.54,-4.75,-0.023,0.034,0.004,1.000,0.100,0.100,0.100,1,12.1,102.0,763,804,1,0,1,0,16,416,114,0
15.16,climb_cruise,433.9,433.9,34735.9,-10151,-22.41,-127.23,324.20,8.76,15.0,125.0,0,0,6.10,-17.54,-4.74,-0.023,0.034,0.004,1.000,0.100,0.100,0.100,1,12.0,102.0,763,804,1,0,1,0,16,416,115,0
15.18,climb_cruise,433.9,433.9,34732.6,-10238,-22.56,-127.56,324.16,8.78,15.0,125.0,0,0,6.12,-17.54,-4.74,-0.023,0.034,0.004,1.000,0.100,0.100,0.100,1,12.0,102.0,763,804,1,0,1,0,16,416,115,0
15.20,climb_cruise,433.9,433.9,34729.1,-10326,-22.71,-127.90,324.11,8.80,15.0,125.0,0,0,6.14,-17.55,-4.73,-0.023,0.034,0.004,1.000,0.100,0.100,0.100,1,12.0,102.0,763,804,1,0,1,0,16,416,116,0
15.22,climb_cruise,434.0,434.0,34725.7,-10414,-22.86,-128.23,324.07,8.81,15.0,125.0,0,0,6.17,-17.55,-4.73,-0.023,0.034,0.004,1.000,0.100,0.100,0.100,1,12.0,102.0,763,804,1,0,1,0,16,416,115,0
15.24,climb_cruise,434.0,434.0,34722.2,-10503,-23.01,-128.57,324.03,8.83,15.0,125.0,0,0,6.19,-17.55,-4.72,-0.023,0.034,0.004,1.000,0.100,0.100,0.100,1,12.0,102.0,763,804,1,0,1,0,16,416,116,0
15.26,climb_cruise,434.1,434.1,34718.7,-10592,-23.16,-128.90,323.99,8.85,15.0,125.0,0,0,6.21,-17.55,-4.72,-0.023,0.034,0.004,1.000,0.100,0.100,0.100,1,11.9,102.0,763,804,1,0,1,0,16,416,116,0
15.28,climb_cruise,434.1,434.1,34715.1,-10681,-23.31,-129.24,323.95,8.86,15.0,125.0,0,0,6.23,-17.55,-4.71,-0.023,0.034,0.004,1.000,0.100,0.100,0.100,1,11.9,102.0,763,804,1,0,1,0,16,416,116,0
15.30,climb_cruise,434.1,434.1,34711.6,-10771,-23.46,-129.57,323.91,8.88,15.0,125.0,0,0,6.24,-17.55,-4.71,-0.023,0.034,0.004,1.000,0.100,0.100,0.100,1,11.9,102.0,763,804,1,0,1,0,16,416,115,0
15.32,climb_cruise,434.2,434.2,34708.0,-10861,-23.61,-129.91,323.87,8.90,15.0,125.0,0,0,6.26,-17.55,-4.70,-0.023,0.034,0.004,1.000,0.100,0.100,0.100,1,11.9,102.0,763,804,1,0,1,0,16,416,115,0
15.34,climb_cruise,434.2,434.2,34704.3,-10951,-23.77,-130.24,323.83,8.92,15.0,125.0,0,0,6.28,-17.55,-4.70,-0.023,0.034,0.004,1.000,0.100,0.100,0.100,1,11.8,102.0,763,804,1,0,1,0,16,416,116,0
15.36,climb_cruise,434.3,434.3,34700.7,-11042,-23.92,-130.58,323.79,8.93,15.0,125.0,0,0,6.30,-17.55,-4.69,-0.023,0.034,0.004,1.000,0.100,0.100,0.100,1,11.8,102.0,763,804,1,0,1,0,16,416,115,0
15.38,climb_cruise,434.3,434.3,34697.0,-11133,-24.07,-130.91,323.76,8.95,15.0,125.0,0,0,6.32,-17.55,-4.69,-0.023,0.034,0.004,1.000,0.100,0.100,0.100,1,11.8,102.0,763,804,1,0,1,0,16,416,114,0
15.40,climb_cruise,434.4,434.4,34693.3,-11225,-24.23,-131.25,323.72,8.97,15.0,125.0,0,0,6.33,-17.55,-4.68,-0.023,0.034,0.004,1.000,0.100,0.100,0.100,1,11.8,102.0,763,804,1,0,1,0,16,416,115,0
15.42,climb_cruise,434.4,434.4,34689.5,-11317,-24.38,-131.59,323.68,8.99,15.0,125.0,0,0,6.35,-17.55,-4.68,-0.023,0.034,0.004,1.000,0.100,0.100,0.100,1,11.7,102.0,763,804,1,0,1,0,16,416,115,0
15.44,climb_cruise,434.5,434.5,34685.7,-11409,-24.54,-131.92,323.65,9.00,15.0,125.0,0,0,6.37,-17.55,-4.67,-0.023,0.034,0.004,1.000,0.100,0.100,0.100,1,11.7,102.0,763,804,1,0,1,0,16,416,115,0
15.46,climb_cruise,434.5,434.5,34681.9,-11501,-24.69,-132.26,323.61,9.02,15.0,125.0,0,0,6.38,-17.55,-4.66,-0.023,0.034,0.004,1.000,0.100,0.100,0.100,1,11.7,102.0,763,804,1,0,1,0,16,416,114,0
15.48,climb_cruise,434.5,434.5,34678.1,-11594,-24.85,-132.60,323.58,9.04,15.0,125.0,0,0,6.40,-17.55,-4.66,-0.023,0.034,0.004,1.000,0.100,0.100,0.100,1,11.7,102.0,763,804,1,0,1,0,16,416,114,0
15.50,climb_cruise,434.6,434.6,34674.2,-11688,-25.00,-132.93,323.54,9.06,15.0,125.0,0,0,6.42,-17.55,-4.65,-0.023,0.034,0.004,1.000,0.100,0.100,0.100,1,11.6,102.0,763,804,1,0,1,0,16,416,115,0
15.52,climb_cruise,434.6,434.6,34670.3,-11781,-25.16,-133.27,323.51,9.07,15.0,125.0,0,0,6.43,-17.55,-4.65,-0.023,0.034,0.004,1.000,0.100,0.100,0.100,1,11.6,102.0,763,804,1,0,1,0,16,416,114,0
15.54,climb_cruise,434.7,434.7,34666.3,-11875,-25.31,-133.61,323.48,9.09,15.0,125.0,0,0,6.45,-17.55,-4.64,-0.023,0.034,0.004,1.000,0.100,0.100,0.100,1,11.6,102.0,763,804,1,0,1,0,16,416,115,0
15.56,climb_cruise,434.8,434.8,34662.4,-11970,-25.47,-133.94,323.44,9.11,15.0,125.0,0,0,6.47,-17.55,-4.63,-0.023,0.034,0.004,1.000,0.100,0.100,0.100,1,11.6,102.0,763,804,1,0,1,0,16,416,115,0
15.58,climb_cruise,434.8,434.8,34658.4,-12065,-25.63,-134.28,323.41,9.13,15.0,125.0,0,0,6.48,-17.55,-4.63,-0.023,0.034,0.004,1.000,0.100,0.100,0.100,1,11.6,102.0,763,804,1,0,1,0,16,416,115,0
15.60,climb_cruise,434.9,434.9,34654.3,-12160,-25.78,-134.62,323.38,9.14,15.0,125.0,0,0,6.50,-17.55,-4.62,-0.023,0.034,0.004,1.000,0.100,0.100,0.100,1,11.5,102.0,763,804,1,0,1,0,16,416,116,0
15.62,climb_cruise,434.9,434.9,34650.3,-12255,-25.94,-134.96,323.35,9.16,15.0,125.0,0,0,6.52,-17.55,-4.61,-0.023,0.034,0.004,1.000,0.100,0.100,0.100,1,11.5,102.0,763,804,1,0,1,0,16,416,115,0
15.64,climb_cruise,435.0,435.0,34646.2,-12351,-26.10,-135.29,323.32,9.18,15.0,125.0,0,0,6.53,-17.55,-4.61,-0.023,0.034,0.004,1.000,0.100,0.100,0.100,1,11.5,102.0,763,804,1,0,1,0,16,416,114,0
15.66,climb_cruise,435.0,435.0,34642.0,-12447,-26.26,-135.63,323.29,9.20,15.0,125.0,0,0,6.55,-17.55,-4.60,-0.023,0.034,0.004,1.000,0.100,0.100,0.100,1,11.5,102.0,763,804,1,0,1,0,16,416,115,0
15.68,climb_cruise,435.1,435.1,34637.9,-12544,-26.41,-135.97,323.26,9.21,15.0,125.0,0,0,6.57,-17.55,-4.59,-0.023,0.034,0.004,1.000,0.100,0.100,0.100,1,11.4,102.0,763,804,1,0,1,0,16,416,115,0
15.70,climb_cruise,435.1,435.1,34633.7,-12641,-26.57,-136.31,323.24,9.23,15.0,125.0,0,0,6.58,-17.55,-4.59,-0.023,0.034,0.004,1.000,0.100,0.100,0.100,1,11.4,102.0,763,804,1,0,1,0,16,416,114,0
15.72,climb_cruise,435.2,435.2,34629.5,-12738,-26.73,-136.65,323.21,9.25,15.0,125.0,0,0,6.60,-17.55,-4.58,-0.023,0.034,0.004,1.000,0.100,0.100,0.100,1,11.4,102.0,763,804,1,0,1,0,16,416,114,0
15.74,climb_cruise,435.3,435.3,34625.2,-12835,-26.89,-136.99,323.18,9.26,15.0,125.0,0,0,6.62,-17.55,-4.57,-0.023,0.034,0.004,1.000,0.100,0.100,0.100,1,11.4,102.0,763,804,1,0,1,0,16,416,115,0
15.76,climb_cruise,435.3,435.3,34620.9,-12933,-27.05,-137.33,323.16,9.28,15.0,125.0,0,0,6.63,-17.55,-4.57,-0.023,0.034,0.004,1.000,0.100,0.100,0.100,1,11.3,102.0,763,804,1,0,1,0,16,416,116,0
15.78,climb_cruise,435.4,435.4,34616.6,-13032,-27.21,-137.67,323.13,9.30,15.0,125.0,0,0,6.65,-17.54,-4.56,-0.023,0.034,0.004,1.000,0.100,0.100,0.100,1,11.3,102.0,763,804,1,0,1,0,16,416,115,0
15.80,climb_cruise,435.4,435.4,34612.2,-13130,-27.37,-138.01,323.11,9.32,15.0,125.0,0,0,6.67,-17.54,-4.55,-0.023,0.034,0.004,1.000,0.100,0.100,0.100,1,11.3,102.0,763,804,1,0,1,0,16,416,116,0
15.82,climb_cruise,435.5,435.5,34607.8,-13229,-27.53,-138.35,323.08,9.33,15.0,125.0,0,0,6.68,-17.54,-4.55,-0.023,0.034,0.004,1.000,0.100,0.100,0.100,1,11.3,102.0,763,804,1,0,1,0,16,416,116,0
15.84,climb_cruise,435.6,435.6,34603.4,-13328,-27.69,-138.69,323.06,9.35,15.0,125.0,0,0,6.70,-17.54,-4.54,-0.023,0.034,0.004,1.000,0.100,0.100,0.100,1,11.3,102.0,763,804,1,0,1,0,16,416,116,0
15.86,climb_cruise,435.6,435.6,34599.0,-13428,-27.85,-139.03,323.04,9.37,15.0,125.0,0,0,6.72,-17.54,-4.53,-0.023,0.034,0.004,1.000,0.100,0.100,0.100,1,11.2,102.0,763,804,1,0,1,0,16,416,114,0
15.88,climb_cruise,435.7,435.7,34594.5,-13528,-28.01,-139.37,323.01,9.39,15.0,125.0,0,0,6.73,-17.54,-4.52,-0.023,0.034,0.004,1.000,0.100,0.100,0.100,1,11.2,102.0,763,804,1,0,1,0,16,416,114,0
15.90,climb_cruise,435.8,435.8,34589.9,-13628,-28.17,-139.71,322.99,9.40,15.0,125.0,0,0,6.75,-17.54,-4.52,-0.023,0.034,0.004,1.000,0.100,0.100,0.100,1,11.2,102.0,763,804,1,0,1,0,16,416,115,0
15.92,climb_cruise,435.8,435.8,34585.4,-13728,-28.33,-140.05,322.97,9.42,15.0,125.0,0,0,6.76,-17.53,-4.51,-0.023,0.034,0.004,1.000,0.100,0.100,0.100,1,11.2,102.0,763,804,1,0,1,0,16,416,114,0
15.94,climb_cruise,435.9,435.9,34580.8,-13829,-28.50,-140.39,322.95,9.44,15.0,125.0,0,0,6.78,-17.53,-4.50,-0.023,0.034,0.004,1.000,0.100,0.100,0.100,1,11.1,102.0,763,804,1,0,1,0,16,416,116,0
15.96,climb_cruise,436.0,436.0,34576.2,-13930,-28.66,-140.73,322.93,9.46,15.0,125.0,0,0,6.80,-17.53,-4.49,-0.023,0.034,0.004,1.000,0.100,0.100,0.100,1,11.1,102.0,763,804,1,0,1,0,16,416,114,0
15.98,climb_cruise,436.0,436.0,34571.5,-14032,-28.82,-141.07,322.92,9.47,15.0,125.0,0,0,6.81,-17.53,-4.48,-0.023,0.034,0.004,1.000,0.100,0.100,0.100,1,11.1,102.0,763,804,1,0,1,0,16,416,116,0
16.00,climb_cruise,436.1,436.1,34566.8,-14134,-28.98,-141.41,322.90,9.49,15.0,125.0,0,0,6.83,-17.53,-4.48,-0.023,0.034,0.004,1.000,0.100,0.100,0.100,1,11.1,102.0,763,804,1,0,1,0,16,416,115,0
16.02,climb_cruise,436.2,436.2,34562.1,-14236,-29.15,-141.76,322.88,9.51,15.0,125.0,0,0,6.84,-17.52,-4.47,-0.023,0.034,0.004,1.000,0.100,0.100,0.100,1,11.1,102.0,763,804,1,0,1,0,16,416,114,0
16.04,climb_cruise,436.2,436.2,34557.3,-14338,-29.31,-142.10,322.86,9.53,15.0,125.0,0,0,6.86,-17.52,-4.46,-0.023,0.034,0.004,1.000,0.100,0.100,0.100,1,11.0,102.0,763,804,1,0,1,0,16,416,116,0
16.06,climb_cruise,436.3,436.3,34552.6,-14441,-29.47,-142.44,322.85,9.54,15.0,125.0,0,0,6.88,-17.52,-4.45,-0.023,0.034,0.004,1.000,0.100,0.100,0.100,1,11.0,102.0,763,804,1,0,1,0,16,416,116,0
16.08,climb_cruise,436.4,436.4,34547.7,-14544,-29.64,-142.78,322.83,9.56,15.0,125.0,0,0,6.89,-17.52,-4.45,-0.023,0.034,0.004,1.000,0.100,0.100,0.100,1,11.0,102.0,763,804,1,0,1,0,16,416,115,0
16.10,climb_cruise,436.5,436.5,34542.9,-14648,-29.80,-143.13,322.82,9.58,15.0,125.0,0,0,6.91,-17.51,-4.44,-0.023,0.034,0.004,1.000,0.100,0.100,0.100,1,11.0,102.0,763,804,1,0,1,0,16,416,116,0
16.12,climb_cruise,436.5,436.5,34538.0,-14751,-29.96,-143.47,322.81,9.60,15.0,125.0,0,0,6.92,-17.51,-4.43,-0.023,0.034,0.004,1.000,0.100,0.100,0.100,1,10.9,102.0,763,804,1,0,1,0,16,416,114,0
16.14,climb_cruise,436.6,436.6,34533.0,-14855,-30.13,-143.82,322.79,9.61,15.0,125.0,0,0,6.94,-17.51,-4.42,-0.023,0.034,0.004,1.000,0.100,0.100,0.100,1,10.9,102.0,763,804,1,0,1,0,16,416,115,0
16.16,climb_cruise,436.7,436.7,34528.1,-14959,-30.29,-144.16,322.78,9.63,15.0,125.0,0,0,6.95,-17.50,-4.41,-0.023,0.034,0.004,1.000,0.100,0.100,0.100,1,10.9,102.0,763,804,1,0,1,0,16,416,115,0
16.18,climb_cruise,436.8,436.8,34523.1,-15064,-30.46,-144.50,322.77,9.65,15.0,125.0,0,0,6.97,-17.50,-4.40,-0.023,0.034,0.004,1.000,0.100,0.100,0.100,1,10.9,102.0,763,804,1,0,1,0,16,416,115,0
16.20,climb_cruise,436.8,436.8,34518.0,-15169,-30.62,-144.85,322.76,9.67,15.0,125.0,0,0,6.98,-17.50,-4.40,-0.023,0.034,0.004,1.000,0.100,0.100,0.100,1,10.9,102.0,763,804,1,0,1,0,16,416,115,0
16.22,climb_cruise,436.9,436.9,34513.0,-15274,-30.79,-145.19,322.75,9.68,15.0,125.0,0,0,7.00,-17.50,-4.39,-0.023,0.034,0.004,1.000,0.100,0.100,0.100,1,10.8,102.0,763,804,1,0,1,0,16,416,116,0
16.24,climb_cruise,437.0,437.0,34507.9,-15380,-30.95,-145.54,322.74,9.70,15.0,125.0,0,0,7.01,-17.49,-4.38,-0.023,0.034,0.004,1.000,0.100,0.100,0.100,1,10.8,102.0,763,804,1,0,1,0,16,416,114,0
16.26,climb_cruise,437.1,437.1,34502.7,-15485,-31.12,-145.89,322.74,9.72,15.0,125.0,0,0,7.03,-17.49,-4.37,-0.023,0.034,0.004,1.000,0.100,0.100,0.100,1,10.8,102.0,763,804,1,0,1,0,16,416,116,0
16.28,climb_cruise,437.2,437.2,34497.6,-15591,-31.28,-146.23,322.73,9.74,15.0,125.0,0,0,7.04,-17.49,-4.36,-0.023,0.034,0.004,1.000,0.100,0.100,0.100,1,10.8,102.0,763,804,1,0,1,0,16,416,114,0
16.30,climb_cruise,437.2,437.2,34492.3,-15698,-31.45,-146.58,322.72,9.75,15.0,125.0,0,0,7.06,-17.48,-4.35,-0.023,0.034,0.004,1.000,0.100,0.100,0.100,1,10.8,102.0,763,804,1,0,1,0,16,416,114,0
16.32,climb_cruise,437.3,437.3,34487.1,-15804,-31.61,-146.92,322.72,9.77,15.0,125.0,0,0,7.07,-17.48,-4.34,-0.023,0.034,0.004,1.000,0.100,0.100,0.100,1,10.7,102.0,763,804,1,0,1,0,16,416,116,0
16.34,climb_cruise,437.4,437.4,34481.8,-15911,-31.78,-147.27,322.71,9.79,15.0,125.0,0,0,7.09,-17.48,-4.34,-0.023,0.034,0.004,1.000,0.100,0.100,0.100,1,10.7,102.0,763,804,1,0,1,0,16,416,116,0
16.36,climb_cruise,437.5,437.5,34476.5,-16018,-31.95,-147.62,322.71,9.81,15.0,125.0,0,0,7.10,-17.47,-4.33,-0.023,0.034,0.004,1.000,0.100,0.100,0.100,1,10.7,102.0,763,804,1,0,1,0,16,416,116,0
16.38,climb_cruise,437.6,437.6,34471.1,-16126,-32.11,-147.97,322.70,9.82,15.0,125.0,0,0,7.12,-17.47,-4.32,-0.023,0.034,0.004,1.000,0.100,0.100,0.100,1,10.7,102.0,763,804,1,0,1,0,16,416,115,0
16.40,climb_cruise,437.7,437.7,34465.8,-16233,-32.28,-148.31,322.70,9.84,15.0,125.0,0,0,7.13,-17.46,-4.31,-0.023,0.034,0.004,1.000,0.100,0.100,0.100,1,10.6,102.0,763,804,1,0,1,0,16,416,116,0
16.42,climb_cruise,437.7,437.7,34460.3,-16341,-32.45,-148.66,322.70,9.86,15.0,125.0,0,0,7.15,-17.46,-4.30,-0.023,0.034,0.004,1.000,0.100,0.100,0.100,1,10.6,102.0,763,804,1,0,1,0,16,416,115,0
16.44,climb_cruise,437.8,437.8,34454.9,-16450,-32.61,-149.01,322.70,9.88,15.0,125.0,0,0,7.16,-17.46,-4.29,-0.023,0.034,0.004,1.000,0.100,0.100,0.100,1,10.6,102.0,763,804,1,0,1,0,16,416,115,0
16.46,climb_cruise,437.9,437.9,34449.4,-16558,-32.78,-149.36,322.70,9.89,15.0,125.0,0,0,7.17,-17.45,-4.28,-0.023,0.034,0.004,1.000,0.100,0.100,0.100,1,10.6,102.0,763,804,1,0,1,0,16,416,116,0
16.48,climb_cruise,438.0,438.0,34443.8,-16667,-32.95,-149.71,322.70,9.91,15.0,125.0,0,0,7.19,-17.45,-4.27,-0.023,0.034,0.004,1.000,0.100,0.100,0.100,1,10.6,102.0,763,804,1,0,1,0,16,416,116,0
16.50,climb_cruise,438.1,438.1,34438.3,-16776,-33.11,-150.06,322.70,9.93,15.0,125.0,0,0,7.20,-17.44,-4.27,-0.023,0.034,0.004,1.000,0.100,0.100,0.100,1,10.5,102.0,763,804,1,0,1,0,16,416,115,0
16.52,climb_cruise,438.2,438.2,34432.7,-16885,-33.28,-150.41,322.71,9.95,15.0,125.0,0,0,7.22,-17.44,-4.26,-0.023,0.034,0.004,1.000,0.100,0.100,0.100,1,10.5,102.0,763,804,1,0,1,0,16,416,115,0
16.54,climb_cruise,438.3,438.3,34427.0,-16995,-33.45,-150.76,322.71,9.97,15.0,125.0,0,0,7.23,-17.43,-4.25,-0.023,0.034,0.004,1.000,0.100,0.100,0.100,1,10.5,102.0,763,804,1,0,1,0,16,416,116,0
16.56,climb_cruise,438.4,438.4,34421.3,-17104,-33.62,-151.11,322.71,9.98,15.0,125.0,0,0,7.24,-17.43,-4.24,-0.023,0.034,0.004,1.000,0.100,0.100,0.100,1,10.5,102.0,763,804,1,0,1,0,16,416,115,0
16.58,climb_cruise,438.5,438.5,34415.6,-17214,-33.78,-151.46,322.72,10.00,15.0,125.0,0,0,7.26,-17.43,-4.23,-0.023,0.034,0.004,1.000,0.100,0.100,0.100,1,10.5,102.0,763,804,1,0,1,0,16,416,116,0
16.60,climb_cruise,438.6,438.6,34409.9,-17325,-33.95,-151.82,322.73,10.02,15.0,125.0,0,0,7.27,-17.42,-4.22,-0.023,0.034,0.004,1.000,0.100,0.100,0.100,1,10.4,102.0,763,804,1,0,1,0,16,416,115,0
16.62,climb_cruise,438.7,438.7,34404.1,-17435,-34.12,-152.17,322.73,10.04,15.0,125.0,0,0,7.29,-17.42,-4.21,-0.023,0.034,0.004,1.000,0.100,0.100,0.100,1,10.4,102.0,763,804,1,0,1,0,16,416,114,0
16.64,climb_cruise,438.8,438.8,34398.3,-17546,-34.29,-152.52,322.74,10.05,15.0,125.0,0,0,7.30,-17.41,-4.20,-0.023,0.034,0.004,1.000,0.100,0.100,0.100,1,10.4,102.0,763,804,1,0,1,0,16,416,115,0
16.66,climb_cruise,438.9,438.9,34392.4,-17657,-34.46,-152.88,322.75,10.07,15.0,125.0,0,0,7.31,-17.41,-4.19,-0.023,0.034,0.004,1.000,0.100,0.100,0.100,1,10.4,102.0,763,804,1,0,1,0,16,416,116,0
16.68,climb_cruise,439.0,439.0,34386.5,-17768,-34.63,-153.23,322.76,10.09,15.0,125.0,0,0,7.33,-17.40,-4.18,-0.023,0.034,0.004,1.000,0.100,0.100,0.100,1,10.4,102.0,763,804,1,0,1,0,16,416,115,0
16.70,climb_cruise,439.1,439.1,34380.6,-17880,-34.79,-153.58,322.77,10.11,15.0,125.0,0,0,7.34,-17.40,-4.17,-0.023,0.034,0.004,1.000,0.100,0.100,0.100,1,10.3,102.0,763,804,1,0,1,0,16,416,116,0
16.72,climb_cruise,439.2,439.2,34374.6,-17991,-34.96,-153.94,322.78,10.12,15.0,125.0,0,0,7.35,-17.39,-4.16,-0.023,0.034,0.004,1.000,0.100,0.100,0.100,1,10.3,102.0,763,804,1,0,1,0,16,416,114,0
16.74,climb_cruise,439.3,439.3,34368.6,-18103,-35.13,-154.29,322.80,10.14,15.0,125.0,0,0,7.37,-17.39,-4.15,-0.023,0.034,0.004,1.000,0.100,0.100,0.100,1,10.3,102.0,763,804,1,0,1,0,16,416,115,0
16.76,climb_cruise,439.4,439.4,34362.5,-18216,-35.30,-154.65,322.81,10.16,15.0,125.0,0,0,7.38,-17.38,-4.14,-0.023,0.034,0.004,1.000,0.100,0.100,0.100,1,10.3,102.0,763,804,1,0,1,0,16,416,116,0
16.78,climb_cruise,439.5,439.5,34356.4,-18328,-35.47,-155.01,322.83,10.18,15.0,125.0,0,0,7.39,-17.38,-4.13,-0.023,0.034,0.004,1.000,0.100,0.100,0.100,1,10.2,102.0,763,804,1,0,1,0,16,416,116,0
16.80,climb_cruise,439.6,439.6,34350.3,-18441,-35.64,-155.36,322.84,10.19,15.0,125.0,0,0,7.41,-17.37,-4.13,-0.023,0.034,0.004,1.000,0.100,0.100,0.100,1,10.2,102.0,763,804,1,0,1,0,16,416,116,0
16.82,climb_cruise,439.7,439.7,34344.1,-18553,-35.81,-155.72,322.86,10.21,15.0,125.0,0,0,7.42,-17.36,-4.12,-0.023,0.034,0.004,1.000,0.100,0.100,0.100,1,10.2,102.0,763,804,1,0,1,0,16,416,116,0
16.84,climb_cruise,439.8,439.8,34338.0,-18666,-35.98,-156.08,322.88,10.23,15.0,125.0,0,0,7.43,-17.36,-4.11,-0.023,0.034,0.004,1.000,0.100,0.100,0.100,1,10.2,102.0,763,804,1,0,1,0,16,416,114,0
16.86,climb_cruise,439.9,439.9,34331.7,-18780,-36.15,-156.43,322.89,10.25,15.0,125.0,0,0,7.45,-17.35,-4.10,-0.023,0.034,0.004,1.000,0.100,0.100,0.100,1,10.2,102.0,763,804,1,0,1,0,16,416,116,0
16.88,climb_cruise,440.0,440.0,34325.4,-18893,-36.32,-156.79,322.91,10.27,15.0,125.0,0,0,7.46,-17.35,-4.09,-0.023,0.034,0.004,1.000,0.100,0.100,0.100,1,10.1,102.0,763,804,1,0,1,0,16,416,116,0
16.90,climb_cruise,440.1,440.1,34319.1,-19007,-36.49,-157.15,322.94,10.28,15.0,125.0,0,0,7.47,-17.34,-4.08,-0.023,0.034,0.004,1.000,0.100,0.100,0.100,1,10.1,102.0,763,804,1,0,1,0,16,416,115,0
16.92,climb_cruise,440.2,440.2,34312.8,-19121,-36.66,-157.51,322.96,10.30,15.0,125.0,0,0,7.49,-17.34,-4.07,-0.023,0.034,0.004,1.000,0.100,0.100,0.100,1,10.1,102.0,763,804,1,0,1,0,16,416,116,0
16.94,climb_cruise,440.3,440.3,34306.4,-19235,-36.82,-157.87,322.98,10.32,15.0,125.0,0,0,7.50,-17.33,-4.06,-0.023,0.034,0.004,1.000,0.100,0.100,0.100,1,10.1,102.0,763,804,1,0,1,0,16,416,115,0
16.96,climb_cruise,440.4,440.4,34300.0,-19349,-36.99,-158.23,323.00,10.34,15.0,125.0,0,0,7.51,-17.32,-4.05,-0.023,0.034,0.004,1.000,0.100,0.100,0.100,1,10.1,102.0,763,804,1,0,1,0,16,416,115,0
16.98,climb_cruise,440.5,440.5,34293.5,-19464,-37.16,-158.60,323.03,10.35,15.0,125.0,0,0,7.52,-17.32,-4.04,-0.023,0.034,0.004,1.000,0.100,0.100,0.100,1,10.0,102.0,763,804,1,0,1,0,16,416,116,0
17.00,climb_cruise,440.6,440.6,34287.0,-19578,-37.33,-158.96,323.05,10.37,15.0,125.0,0,0,7.54,-17.31,-4.03,-0.023,0.034,0.004,1.000,0.100,0.100,0.100,1,10.0,102.0,763,804,1,0,1,0,16,416,114,0
17.02,climb_cruise,440.8,440.8,34280.5,-19693,-37.50,-159.32,323.08,10.39,15.0,125.0,0,0,7.55,-17.30,-4.02,-0.023,0.034,0.004,1.000,0.100,0.100,0.100,1,10.0,102.0,763,804,1,0,1,0,16,416,114,0
17.04,climb_cruise,440.9,440.9,34273.9,-19808,-37.67,-159.68,323.11,10.41,15.0,125.0,0,0,7.56,-17.30,-4.01,-0.023,0.034,0.004,1.000,0.100,0.100,0.100,1,10.0,102.0,763,804,1,0,1,0,16,416,114,0
17.06,climb_cruise,441.0,441.0,34267.3,-19923,-37.84,-160.05,323.14,10.43,15.0,125.0,0,0,7.57,-17.29,-4.00,-0.023,0.034,0.004,1.000,0.100,0.100,0.100,1,10.0,102.0,763,804,1,0,1,0,16,416,115,0
17.08,climb_cruise,441.1,441.1,34260.6,-20039,-38.01,-160.41,323.17,10.44,15.0,125.0,0,0,7.59,-17.29,-3.99,-0.023,0.034,0.004,1.000,0.100,0.100,0.100,1,9.9,102.0,763,804,1,0,1,0,16,416,115,0
17.10,climb_cruise,441.2,441.2,34253.9,-20154,-38.18,-160.78,323.20,10.46,15.0,125.0,0,0,7.60,-17.28,-3.98,-0.023,0.034,0.004,1.000,0.100,0.100,0.100,1,9.9,102.0,763,804,1,0,1,0,16,416,116,0
17.12,climb_cruise,441.3,441.3,34247.2,-20270,-38.35,-161.14,323.23,10.48,15.0,125.0,0,0,7.61,-17.27,-3.97,-0.023,0.034,0.004,1.000,0.100,0.100,0.100,1,9.9,102.0,763,804,1,0,1,0,16,416,115,0
17.14,climb_cruise,441.5,441.5,34240.4,-20386,-38.52,-161.51,323.27,10.50,15.0,125.0,0,0,7.62,-17.27,-3.96,-0.023,0.034,0.004,1.000,0.100,0.100,0.100,1,9.9,102.0,763,804,1,0,1,0,16,416,115,0
17.16,climb_cruise,441.6,441.6,34233.6,-20502,-38.69,-161.88,323.30,10.51,15.0,125.0,0,0,7.64,-17.26,-3.95,-0.023,0.034,0.004,1.000,0.100,0.100,0.100,1,9.9,102.0,763,804,1,0,1,0,16,416,115,0
17.18,climb_cruise,441.7,441.7,34226.7,-20618,-38.86,-162.24,323.34,10.53,15.0,125.0,0,0,7.65,-17.25,-3.94,-0.023,0.034,0.004,1.000,0.100,0.100,0.100,1,9.8,102.0,763,804,1,0,1,0,16,416,115,0
17.20,climb_cruise,441.8,441.8,34219.9,-20735,-39.03,-162.61,323.37,10.55,15.0,125.0,0,0,7.66,-17.24,-3.93,-0.023,0.034,0.004,1.000,0.100,0.100,0.100,1,9.8,102.0,763,804,1,0,1,0,16,416,114,0
17.22,climb_cruise,441.9,441.9,34212.9,-20851,-39.20,-162.98,323.41,10.57,15.0,125.0,0,0,7.67,-17.24,-3.92,-0.023,0.034,0.004,1.000,0.100,0.100,0.100,1,9.8,102.0,763,804,1,0,1,0,16,416,115,0
17.24,climb_cruise,442.1,442.1,34206.0,-20968,-39.37,-163.35,323.45,10.59,15.0,125.0,0,0,7.68,-17.23,-3.91,-0.023,0.034,0.004,1.000,0.100,0.100,0.100,1,9.8,102.0,763,804,1,0,1,0,16,416,115,0
17.26,climb_cruise,442.2,442.2,34199.0,-21085,-39.54,-163.72,323.49,10.60,15.0,125.0,0,0,7.70,-17.22,-3.90,-0.023,0.034,0.004,1.000,0.100,0.100,0.100,1,9.8,102.0,763,804,1,0,1,0,16,416,116,0
17.28,climb_cruise,442.3,442.3,34191.9,-21202,-39.71,-164.09,323.53,10.62,15.0,125.0,0,0,7.71,-17.22,-3.89,-0.023,0.034,0.004,1.000,0.100,0.100,0.100,1,9.7,102.0,763,804,1,0,1,0,16,416,115,0
17.30,climb_cruise,442.4,442.4,34184.8,-21319,-39.88,-164.46,323.58,10.64,15.0,125.0,0,0,7.72,-17.21,-3.88,-0.023,0.034,0.004,1.000,0.100,0.100,0.100,1,9.7,102.0,763,804,1,0,1,0,16,416,116,0
17.32,climb_cruise,442.6,442.6,34177.7,-21436,-40.05,-164.84,323.62,10.66,15.0,125.0,0,0,7.73,-17.20,-3.87,-0.023,0.034,0.004,1.000,0.100,0.100,0.100,1,9.7,102.0,763,804,1,0,1,0,16,416,115,0
17.34,climb_cruise,442.7,442.7,34170.5,-21554,-40.22,-165.21,323.67,10.67,15.0,125.0,0,0,7.74,-17.19,-3.86,-0.023,0.034,0.004,1.000,0.100,0.100,0.100,1,9.7,102.0,763,804,1,0,1,0,16,416,114,0
17.36,climb_cruise,442.8,442.8,34163.3,-21671,-40.39,-165.58,323.71,10.69,15.0,125.0,0,0,7.75,-17.19,-3.85,-0.023,0.034,0.004,1.000,0.100,0.100,0.100,1,9.7,102.0,763,804,1,0,1,0,16,416,116,0
17.38,climb_cruise,442.9,442.9,34156.1,-21789,-40.56,-165.96,323.76,10.71,15.0,125.0,0,0,7.76,-17.18,-3.84,-0.023,0.034,0.004,1.000,0.100,0.100,0.100,1,9.7,102.0,763,804,1,0,1,0,16,416,114,0
17.40,climb_cruise,443.1,443.1,34148.8,-21907,-40.73,-166.33,323.81,10.73,15.0,125.0,0,0,7.78,-17.17,-3.83,-0.023,0.034,0.004,1.000,0.100,0.100,0.100,1,9.6,102.0,763,804,1,0,1,0,16,416,115,0
17.42,climb_cruise,443.2,443.2,34141.5,-22025,-40.90,-166.71,323.86,10.75,15.0,125.0,0,0,7.79,-17.16,-3.82,-0.023,0.034,0.004,1.000,0.100,0.100,0.100,1,9.6,102.0,763,804,1,0,1,0,16,416,115,0
17.44,climb_cruise,443.3,443.3,34134.2,-22143,-41.06,-167.09,323.91,10.76,15.0,125.0,0,0,7.80,-17.16,-3.81,-0.023,0.034,0.004,1.000,0.100,0.100,0.100,1,9.6,102.0,763,804,1,0,1,0,16,416,114,0
17.46,climb_cruise,443.5,443.5,34126.8,-22261,-41.23,-167.46,323.97,10.78,15.0,125.0,0,0,7.81,-17.15,-3.80,-0.023,0.034,0.004,1.000,0.100,0.100,0.100,1,9.6,102.0,763,804,1,0,1,0,16,416,114,0
17.48,climb_cruise,443.6,443.6,34119.3,-22380,-41.40,-167.84,324.02,10.80,15.0,125.0,0,0,7.82,-17.14,-3.79,-0.023,0.034,0.005,1.000,0.100,0.100,0.100,1,9.6,102.0,763,804,1,0,1,0,16,416,114,0
17.50,climb_cruise,443.7,443.7,34111.8,-22498,-41.57,-168.22,324.08,10.82,15.0,125.0,0,0,7.83,-17.13,-3.78,-0.023,0.034,0.005,1.000,0.100,0.100,0.100,1,9.5,102.0,763,804,1,0,1,0,16,416,115,0
17.52,climb_cruise,443.9,443.9,34104.3,-22617,-41.74,-168.60,324.13,10.84,15.0,125.0,0,0,7.84,-17.12,-3.77,-0.023,0.034,0.005,1.000,0.100,0.100,0.100,1,9.5,102.0,763,804,1,0,1,0,16,416,114,0
17.54,climb_cruise,444.0,444.0,34096.8,-22735,-41.91,-168.98,324.19,10.85,15.0,125.0,0,0,7.85,-17.12,-3.76,-0.023,0.034,0.005,1.000,0.100,0.100,0.100,1,9.5,102.0,763,804,1,0,1,0,16,416,115,0
17.56,climb_cruise,444.2,444.2,34089.2,-22854,-42.08,-169.37,324.25,10.87,15.0,125.0,0,0,7.87,-17.11,-3.75,-0.023,0.034,0.005,1.000,0.100,0.100,0.100,1,9.5,102.0,763,804,1,0,1,0,16,416,116,0
17.58,climb_cruise,444.3,444.3,34081.6,-22973,-42.25,-169.75,324.31,10.89,15.0,125.0,0,0,7.88,-17.10,-3.74,-0.023,0.034,0.005,1.000,0.100,0.100,0.100,1,9.5,102.0,763,804,1,0,1,0,16,416,115,0
17.60,climb_cruise,444.4,444.4,34073.9,-23092,-42.41,-170.13,324.37,10.91,15.0,125.0,0,0,7.89,-17.09,-3.73,-0.023,0.034,0.005,1.000,0.100,0.100,0.100,1,9.4,102.0,763,804,1,0,1,0,16,416,114,0
17.62,climb_cruise,444.6,444.6,34066.2,-23211,-42.58,-170.52,324.44,10.92,15.0,125.0,0,0,7.90,-17.08,-3.72,-0.023,0.034,0.005,1.000,0.100,0.100,0.100,1,9.4,102.0,763,804,1,0,1,0,16,416,116,0
17.64,climb_cruise,444.7,444.7,34058.4,-23330,-42.75,-170.90,324.50,10.94,15.0,125.0,0,0,7.91,-17.07,-3.71,-0.023,0.034,0.005,1.000,0.100,0.100,0.100,1,9.4,102.0,763,804,1,0,1,0,16,416,116,0
17.66,climb_cruise,444.9,444.9,34050.6,-23449,-42.92,-171.29,324.57,10.96,15.0,125.0,0,0,7.92,-17.07,-3.70,-0.023,0.034,0.005,1.000,0.100,0.100,0.100,1,9.4,102.0,763,804,1,0,1,0,16,416,115,0
17.68,climb_cruise,445.0,445.0,34042.8,-23569,-43.09,-171.68,324.64,10.98,15.0,125.0,0,0,7.93,-17.06,-3.69,-0.023,0.034,0.005,1.000,0.100,0.100,0.100,1,9.4,102.0,763,804,1,0,1,0,16,416,115,0
17.70,climb_cruise,445.1,445.1,34034.9,-23688,-43.25,-172.07,324.71,11.00,15.0,125.0,0,0,7.94,-17.05,-3.68,-0.023,0.034,0.005,1.000,0.100,0.100,0.100,1,9.3,102.0,763,804,1,0,1,0,16,416,115,0
17.72,climb_cruise,445.3,445.3,34027.0,-23807,-43.42,-172.46,324.78,11.01,15.0,125.0,0,0,7.95,-17.04,-3.67,-0.023,0.034,0.005,1.000,0.100,0.100,0.100,1,9.3,102.0,763,804,1,0,1,0,16,416,115,0
17.74,climb_cruise,445.4,445.4,34019.1,-23927,-43.59,-172.85,324.85,11.03,15.0,125.0,0,0,7.96,-17.03,-3.66,-0.023,0.034,0.005,1.000,0.100,0.100,0.100,1,9.3,102.0,763,804,1,0,1,0,16,416,115,0
17.76,climb_cruise,445.6,445.6,34011.1,-24047,-43.76,-173.24,324.92,11.05,15.0,125.0,0,0,7.97,-17.02,-3.65,-0.023,0.034,0.005,1.000,0.100,0.100,0.100,1,9.3,102.0,763,804,1,0,1,0,16,416,115,0
17.78,climb_cruise,445.7,445.7,34003.0,-24166,-43.92,-173.63,325.00,11.07,15.0,125.0,0,0,7.98,-17.01,-3.64,-0.023,0.034,0.005,1.000,0.100,0.100,0.100,1,9.3,102.0,763,804,1,0,1,0,16,416,116,0
17.80,climb_cruise,445.9,445.9,33995.0,-24286,-44.09,-174.02,325.07,11.09,15.0,125.0,0,0,7.99,-17.00,-3.63,-0.023,0.034,0.005,1.000,0.100,0.100,0.100,1,9.3,102.0,763,804,1,0,1,0,16,416,115,0
17.82,climb_cruise,446.0,446.0,33986.8,-24406,-44.26,-174.42,325.15,11.10,15.0,125.0,0,0,8.00,-17.00,-3.62,-0.023,0.034,0.005,1.000,0.100,0.100,0.100,1,9.2,102.0,763,804,1,0,1,0,16,416,115,0
17.84,climb_cruise,446.2,446.2,33978.7,-24526,-44.42,-174.81,325.23,11.12,15.0,125.0,0,0,8.01,-16.99,-3.61,-0.023,0.034,0.005,1.000,0.100,0.100,0.100,1,9.2,102.0,763,804,1,0,1,0,16,416,114,0
17.86,climb_cruise,446.3,446.3,33970.5,-24646,-44.59,-175.21,325.31,11.14,15.0,125.0,0,0,8.02,-16.98,-3.60,-0.023,0.034,0.005,1.000,0.100,0.100,0.100,1,9.2,102.0,763,804,1,0,1,0,16,416,116,0
17.88,climb_cruise,446.5,446.5,33962.3,-24766,-44.75,-175.61,325.40,11.16,15.0,125.0,0,0,8.03,-16.97,-3.59,-0.023,0.034,0.005,1.000,0.100,0.100,0.100,1,9.2,102.0,763,804,1,0,1,0,16,416,115,0
17.90,climb_cruise,446.6,446.6,33954.0,-24886,-44.92,-176.01,325.48,11.18,15.0,125.0,0,0,8.04,-16.96,-3.58,-0.023,0.034,0.005,1.000,0.100,0.100,0.100,1,9.2,102.0,763,804,1,0,1,0,16,416,114,0
17.92,climb_cruise,446.8,446.8,33945.7,-25006,-45.08,-176.41,325.57,11.19,15.0,125.0,0,0,8.05,-16.95,-3.57,-0.023,0.034,0.005,1.000,0.100,0.100,0.100,1,9.1,102.0,763,804,1,0,1,0,16,416,115,0
17.94,climb_cruise,446.9,446.9,33937.3,-25126,-45.25,-176.81,325.65,11.21,15.0,125.0,0,0,8.06,-16.94,-3.56,-0.023,0.034,0.005,1.000,0.100,0.100,0.100,1,9.1,102.0,763,804,1,0,1,0,16,416,116,0
17.96,climb_cruise,447.1,447.1,33929.0,-25246,-45.41,-177.21,325.74,11.23,15.0,125.0,0,0,8.07,-16.93,-3.55,-0.023,0.034,0.005,1.000,0.100,0.100,0.100,1,9.1,102.0,763,804,1,0,1,0,16,416,116,0
17.98,climb_cruise,447.2,447.2,33920.5,-25366,-45.58,-177.61,325.83,11.25,15.0,125.0,0,0,8.08,-16.92,-3.54,-0.023,0.034,0.005,1.000,0.100,0.100,0.100,1,9.1,102.0,763,804,1,0,1,0,16,416,115,0
18.00,climb_cruise,447.4,447.4,33912.0,-25486,-45.74,-178.02,325.93,11.27,15.0,125.0,0,0,8.09,-16.91,-3.54,-0.023,0.034,0.005,1.000,0.100,0.100,0.100,1,9.1,102.0,763,804,1,0,1,0,16,416,115,0
18.02,climb_cruise,447.5,447.5,33903.5,-25606,-45.91,-178.42,326.02,11.28,15.0,125.0,0,0,8.10,-16.90,-3.53,-0.023,0.034,0.005,1.000,0.100,0.100,0.100,1,9.1,102.0,763,804,1,0,1,0,16,416,115,0
18.04,climb_cruise,447.7,447.7,33895.0,-25726,-46.07,-178.83,326.12,11.30,15.0,125.0,0,0,8.11,-16.89,-3.52,-0.023,0.034,0.005,1.000,0.100,0.100,0.100,1,9.0,102.0,763,804,1,0,1,0,16,416,116,0
18.06,climb_cruise,447.9,447.9,33886.4,-25847,-46.24,-179.24,326.21,11.32,15.0,125.0,0,0,8.12,-16.88,-3.51,-0.023,0.034,0.005,1.000,0.100,0.100,0.100,1,9.0,102.0,763,804,1,0,1,0,16,416,115,0
18.08,climb_cruise,448.0,448.0,33877.8,-25967,-46.40,-179.65,326.31,11.34,15.0,125.0,0,0,8.13,-16.87,-3.50,-0.023,0.034,0.005,1.000,0.100,0.100,0.100,1,9.0,102.0,763,804,1,0,1,0,16,416,116,0
18.10,climb_cruise,448.2,448.2,33869.1,-26087,-46.56,179.94,326.41,11.36,15.0,125.0,0,0,8.14,-16.86,-3.49,-0.023,0.034,0.005,1.000,0.100,0.100,0.100,1,9.0,102.0,763,804,1,0,1,0,16,416,116,0
18.12,climb_cruise,448.3,448.3,33860.4,-26207,-46.72,179.53,326.52,11.37,15.0,125.0,0,0,8.15,-16.85,-3.48,-0.023,0.034,0.005,1.000,0.100,0.100,0.100,1,9.0,102.0,763,804,1,0,1,0,16,416,116,0
18.14,climb_cruise,448.5,448.5,33851.6,-26328,-46.89,179.12,326.62,11.39,15.0,125.0,0,0,8.16,-16.85,-3.47,-0.023,0.034,0.005,1.000,0.100,0.100,0.100,1,8.9,102.0,763,804,1,0,1,0,16,416,115,0
18.16,climb_cruise,448.7,448.7,33842.8,-26448,-47.05,178.70,326.73,11.41,15.0,125.0,0,0,8.17,-16.84,-3.46,-0.023,0.034,0.005,1.000,0.100,0.100,0.100,1,8.9,102.0,763,804,1,0,1,0,16,416,116,0
18.18,climb_cruise,448.8,448.8,33834.0,-26568,-47.21,178.29,326.83,11.43,15.0,125.0,0,0,8.18,-16.83,-3.45,-0.023,0.034,0.005,1.000,0.100,0.100,0.100,1,8.9,102.0,763,804,1,0,1,0,16,416,114,0
18.20,climb_cruise,449.0,449.0,33825.1,-26688,-47.37,177.87,326.94,11.45,15.0,125.0,0,0,8.19,-16.82,-3.44,-0.023,0.034,0.005,1.000,0.100,0.100,0.100,1,8.9,102.0,763,804,1,0,1,0,16,416,116,0
18.22,climb_cruise,449.2,449.2,33816.2,-26809,-47.53,177.45,327.06,11.46,15.0,125.0,0,0,8.20,-16.81,-3.43,-0.023,0.034,0.005,1.000,0.100,0.100,0.100,1,8.9,102.0,763,804,1,0,1,0,16,416,115,0
18.24,climb_cruise,449.3,449.3,33807.3,-26929,-47.69,177.03,327.17,11.48,15.0,125.0,0,0,8.21,-16.80,-3.42,-0.023,0.034,0.005,1.000,0.100,0.100,0.100,1,8.9,102.0,763,804,1,0,1,0,16,416,115,0
18.26,climb_cruise,449.5,449.5,33798.3,-27049,-47.85,176.61,327.28,11.50,15.0,125.0,0,0,8.21,-16.79,-3.41,-0.023,0.034,0.005,1.000,0.100,0.100,0.100,1,8.8,102.0,763,804,1,0,1,0,16,416,114,0
18.28,climb_cruise,449.7,449.7,33789.2,-27169,-48.01,176.19,327.40,11.52,15.0,125.0,0,0,8.22,-16.79,-3.40,-0.023,0.033,0.005,1.000,0.100,0.100,0.100,1,8.8,102.0,763,804,1,0,1,0,16,416,114,0
18.30,climb_cruise,449.8,449.8,33780.2,-27289,-48.17,175.76,327.52,11.54,15.0,125.0,0,0,8.23,-16.80,-3.39,-0.023,0.032,0.005,1.000,0.100,0.100,0.100,1,8.8,102.0,763,804,1,0,1,0,16,416,116,0
18.32,climb_cruise,450.0,450.0,33771.1,-27409,-48.33,175.34,327.64,11.56,15.0,125.0,0,0,8.24,-16.82,-3.38,-0.023,0.031,0.005,1.000,0.100,0.100,0.100,1,8.8,102.0,763,804,1,0,1,0,16,416,115,0
18.34,climb_cruise,450.2,450.2,33761.9,-27529,-48.49,174.91,327.76,11.57,15.0,125.0,0,0,8.25,-16.84,-3.38,-0.023,0.030,0.005,1.000,0.100,0.100,0.100,1,8.8,102.0,763,804,1,0,1,0,16,416,114,0
18.36,climb_cruise,450.3,450.3,33752.7,-27649,-48.65,174.48,327.89,11.59,15.0,125.0,0,0,8.26,-16.85,-3.37,-0.023,0.029,0.005,1.000,0.100,0.100,0.100,1,8.7,102.0,763,804,1,0,1,0,16,416,115,0
18.38,climb_cruise,450.5,450.5,33743.5,-27769,-48.81,174.05,328.01,11.61,15.0,125.0,0,0,8.27,-16.87,-3.36,-0.023,0.028,0.005,1.000,0.100,0.100,0.100,1,8.7,102.0,763,804,1,0,1,0,16,416,114,0
18.40,climb_cruise,450.7,450.7,33734.2,-27889,-48.96,173.61,328.14,11.63,15.0,125.0,0,0,8.27,-16.89,-3.35,-0.023,0.027,0.005,1.000,0.100,0.100,0.100,1,8.7,102.0,763,804,1,0,1,0,16,416,116,0
18.42,climb_cruise,450.9,450.9,33724.9,-28009,-49.12,173.18,328.27,11.65,15.0,125.0,0,0,8.28,-16.91,-3.34,-0.023,0.026,0.005,1.000,0.100,0.100,0.100,1,8.7,102.0,763,804,1,0,1,0,16,416,115,0
18.44,climb_cruise,451.0,451.0,33715.5,-28129,-49.28,172.74,328.41,11.67,15.0,125.0,0,0,8.29,-16.92,-3.34,-0.023,0.025,0.005,1.000,0.100,0.100,0.100,1,8.7,102.0,763,804,1,0,1,0,16,416,114,0
18.46,climb_cruise,451.2,451.2,33706.2,-28248,-49.43,172.30,328.54,11.68,15.0,125.0,0,0,8.30,-16.94,-3.33,-0.023,0.024,0.005,1.000,0.100,0.100,0.100,1,8.7,102.0,763,804,1,0,1,0,16,416,115,0
18.48,climb_cruise,451.4,451.4,33696.7,-28368,-49.59,171.85,328.68,11.70,15.0,125.0,0,0,8.30,-16.96,-3.33,-0.023,0.023,0.005,1.000,0.100,0.100,0.100,1,8.6,102.0,763,804,1,0,1,0,16,416,115,0
18.50,climb_cruise,451.6,451.6,33687.2,-28487,-49.74,171.41,328.82,11.72,15.0,125.0,0,0,8.31,-16.98,-3.32,-0.023,0.022,0.005,1.000,0.100,0.100,0.100,1,8.6,102.0,763,804,1,0,1,0,16,416,115,0
18.52,climb_cruise,451.8,451.8,33677.7,-28607,-49.90,170.96,328.96,11.74,15.0,125.0,0,0,8.32,-17.00,-3.32,-0.023,0.021,0.005,1.000,0.100,0.100,0.100,1,8.6,102.0,763,804,1,0,1,0,16,416,114,0
18.54,climb_cruise,451.9,451.9,33668.2,-28726,-50.05,170.51,329.10,11.76,15.0,125.0,0,0,8.32,-17.02,-3.31,-0.023,0.020,0.005,1.000,0.100,0.100,0.100,1,8.6,102.0,763,804,1,0,1,0,16,416,115,0
18.56,climb_cruise,452.1,452.1,33658.6,-28846,-50.20,170.06,329.25,11.78,15.0,125.0,0,0,8.33,-17.04,-3.31,-0.023,0.019,0.005,1.000,0.100,0.100,0.100,1,8.6,102.0,763,804,1,0,1,0,16,416,116,0
18.58,climb_cruise,452.3,452.3,33649.0,-28965,-50.36,169.60,329.39,11.79,15.0,125.0,0,0,8.34,-17.06,-3.30,-0.023,0.018,0.005,1.000,0.100,0.100,0.100,1,8.6,102.0,763,804,1,0,1,0,16,416,114,0
18.60,climb_cruise,452.5,452.5,33639.3,-29084,-50.51,169.15,329.55,11.81,15.0,125.0,0,0,8.34,-17.08,-3.30,-0.023,0.017,0.005,1.000,0.100,0.100,0.100,1,8.5,102.0,763,804,1,0,1,0,16,416,114,0
18.62,climb_cruise,452.7,452.7,33629.6,-29203,-50.66,168.69,329.70,11.83,15.0,125.0,0,0,8.35,-17.10,-3.30,-0.023,0.016,0.005,1.000,0.100,0.100,0.100,1,8.5,102.0,763,804,1,0,1,0,16,416,116,0
18.64,climb_cruise,452.8,452.8,33619.8,-29322,-50.81,168.22,329.85,11.85,15.0,125.0,0,0,8.36,-17.12,-3.30,-0.023,0.015,0.005,1.000,0.100,0.100,0.100,1,8.5,102.0,763,804,1,0,1,0,16,416,116,0
18.66,climb_cruise,453.0,453.0,33610.0,-29441,-50.96,167.76,330.01,11.87,15.0,125.0,0,0,8.36,-17.14,-3.29,-0.023,0.014,0.005,1.000,0.100,0.100,0.100,1,8.5,102.0,763,804,1,0,1,0,16,416,116,0
18.68,climb_cruise,453.2,453.2,33600.2,-29560,-51.11,167.29,330.17,11.89,15.0,125.0,0,0,8.37,-17.16,-3.29,-0.023,0.013,0.005,1.000,0.100,0.100,0.100,1,8.5,102.0,763,804,1,0,1,0,16,416,114,0
18.70,climb_cruise,453.4,453.4,33590.3,-29678,-51.26,166.82,330.33,11.90,15.0,125.0,0,0,8.38,-17.18,-3.29,-0.023,0.012,0.005,1.000,0.100,0.100,0.100,1,8.5,102.0,763,804,1,0,1,0,16,416,115,0
18.72,climb_cruise,453.6,453.6,33580.4,-29797,-51.40,166.35,330.50,11.92,15.0,125.0,0,0,8.38,-17.20,-3.29,-0.023,0.011,0.005,1.000,0.100,0.100,0.100,1,8.4,102.0,763,804,1,0,1,0,16,416,115,0
18.74,climb_cruise,453.8,453.8,33570.5,-29915,-51.55,165.88,330.66,11.94,15.0,125.0,0,0,8.39,-17.22,-3.29,-0.023,0.010,0.005,1.000,0.100,0.100,0.100,1,8.4,102.0,763,804,1,0,1,0,16,416,115,0
18.76,climb_cruise,454.0,454.0,33560.5,-30034,-51.70,165.40,330.83,11.96,15.0,125.0,0,0,8.39,-17.24,-3.28,-0.023,0.009,0.005,1.000,0.100,0.100,0.100,1,8.4,102.0,763,804,1,0,1,0,16,416,115,0
18.78,climb_cruise,454.1,454.1,33550.5,-30152,-51.84,164.92,331.01,11.98,15.0,125.0,0,0,8.40,-17.27,-3.28,-0.023,0.008,0.005,1.000,0.100,0.100,0.100,1,8.4,102.0,763,804,1,0,1,0,16,416,116,0
18.80,climb_cruise,454.3,454.3,33540.4,-30270,-51.99,164.43,331.18,12.00,15.0,125.0,0,0,8.41,-17.29,-3.28,-0.023,0.007,0.005,1.000,0.100,0.100,0.100,1,8.4,102.0,763,804,1,0,1,0,16,416,115,0
18.82,climb_cruise,454.5,454.5,33530.3,-30388,-52.13,163.95,331.36,12.01,15.0,125.0,0,0,8.41,-17.31,-3.28,-0.023,0.006,0.005,1.000,0.100,0.100,0.100,1,8.4,102.0,763,804,1,0,1,0,16,416,116,0
18.84,climb_cruise,454.7,454.7,33520.2,-30505,-52.28,163.46,331.54,12.03,15.0,125.0,0,0,8.42,-17.33,-3.28,-0.023,0.005,0.005,1.000,0.100,0.100,0.100,1,8.3,102.0,763,804,1,0,1,0,16,416,115,0
18.86,climb_cruise,454.9,454.9,33510.0,-30623,-52.42,162.97,331.72,12.05,15.0,125.0,0,0,8.42,-17.35,-3.28,-0.023,0.004,0.005,1.000,0.100,0.100,0.100,1,8.3,102.0,763,804,1,0,1,0,16,416,115,0
18.88,climb_cruise,455.1,455.1,33499.7,-30740,-52.56,162.48,331.90,12.07,15.0,125.0,0,0,8.43,-17.37,-3.28,-0.023,0.003,0.005,1.000,0.100,0.100,0.100,1,8.3,102.0,763,804,1,0,1,0,16,416,115,0
18.90,climb_cruise,455.3,455.3,33489.5,-30858,-52.70,161.98,332.09,12.09,15.0,125.0,0,0,8.44,-17.40,-3.28,-0.023,0.002,0.005,1.000,0.100,0.100,0.100,1,8.3,102.0,763,804,1,0,1,0,16,416,114,0
18.92,climb_cruise,455.5,455.5,33479.2,-30975,-52.84,161.48,332.28,12.11,15.0,125.0,0,0,8.44,-17.42,-3.28,-0.023,0.001,0.005,1.000,0.100,0.100,0.100,1,8.3,102.0,763,804,1,0,1,0,16,416,114,0
18.94,climb_cruise,455.7,455.7,33468.8,-31092,-52.98,160.98,332.48,12.12,15.0,125.0,0,0,8.45,-17.44,-3.28,-0.023,-0.000,0.005,1.000,0.100,0.100,0.100,1,8.3,102.0,763,804,1,0,1,0,16,416,116,0
18.96,climb_cruise,455.9,455.9,33458.5,-31208,-53.12,160.47,332.67,12.14,15.0,125.0,0,0,8.45,-17.46,-3.27,-0.023,-0.001,0.005,1.000,0.100,0.100,0.100,1,8.2,102.0,763,804,1,0,1,0,16,416,115,0
18.98,climb_cruise,456.1,456.1,33448.0,-31325,-53.25,159.96,332.87,12.16,15.0,125.0,0,0,8.46,-17.49,-3.27,-0.023,-0.002,0.005,1.000,0.100,0.100,0.100,1,8.2,102.0,763,804,1,0,1,0,16,416,115,0
19.00,climb_cruise,456.3,456.3,33437.6,-31441,-53.39,159.45,333.07,12.18,15.0,125.0,0,0,8.46,-17.51,-3.27,-0.023,-0.003,0.005,1.000,0.100,0.100,0.100,1,8.2,102.0,763,804,1,0,1,0,16,416,114,0
19.02,climb_cruise,456.5,456.5,33427.1,-31558,-53.52,158.94,333.27,12.20,15.0,125.0,0,0,8.47,-17.53,-3.27,-0.023,-0.005,0.005,1.000,0.100,0.100,0.100,1,8.2,102.0,763,804,1,0,1,0,16,416,115,0
19.04,climb_cruise,456.7,456.7,33416.6,-31674,-53.66,158.42,333.48,12.22,15.0,125.0,0,0,8.48,-17.55,-3.27,-0.023,-0.006,0.005,1.000,0.100,0.100,0.100,1,8.2,102.0,763,804,1,0,1,0,16,416,115,0
19.06,climb_cruise,456.9,456.9,33406.0,-31789,-53.79,157.90,333.69,12.24,15.0,125.0,0,0,8.48,-17.57,-3.27,-0.023,-0.007,0.005,1.000,0.100,0.100,0.100,1,8.2,102.0,763,804,1,0,1,0,16,416,115,0
19.08,climb_cruise,457.1,457.1,33395.4,-31905,-53.92,157.38,333.90,12.25,15.0,125.0,0,0,8.49,-17.60,-3.27,-0.023,-0.008,0.005,1.000,0.100,0.100,0.100,1,8.1,102.0,763,804,1,0,1,0,16,416,115,0
19.10,climb_cruise,457.3,457.3,33384.7,-32020,-54.05,156.85,334.12,12.27,15.0,125.0,0,0,8.49,-17.62,-3.27,-0.023,-0.009,0.005,1.000,0.100,0.100,0.100,1,8.1,102.0,763,804,1,0,1,0,16,416,116,0
19.12,climb_cruise,457.5,457.5,33374.0,-32136,-54.18,156.32,334.34,12.29,15.0,125.0,0,0,8.50,-17.64,-3.27,-0.023,-0.010,0.005,1.000,0.100,0.100,0.100,1,8.1,102.0,763,804,1,0,1,0,16,416,115,0
19.14,climb_cruise,457.7,457.7,33363.3,-32251,-54.31,155.79,334.56,12.31,15.0,125.0,0,0,8.50,-17.66,-3.27,-0.023,-0.011,0.005,1.000,0.100,0.100,0.100,1,8.1,102.0,763,804,1,0,1,0,16,416,115,0
19.16,climb_cruise,457.9,457.9,33352.5,-32365,-54.44,155.25,334.78,12.33,15.0,125.0,0,0,8.51,-17.69,-3.27,-0.023,-0.012,0.005,1.000,0.100,0.100,0.100,1,8.1,102.0,763,804,1,0,1,0,16,416,116,0
19.18,climb_cruise,458.1,458.1,33341.7,-32480,-54.57,154.72,335.01,12.35,15.0,125.0,0,0,8.51,-17.71,-3.27,-0.023,-0.013,0.005,1.000,0.100,0.100,0.100,1,8.1,102.0,763,804,1,0,1,0,16,416,115,0
19.20,climb_cruise,458.3,458.3,33330.9,-32594,-54.69,154.18,335.23,12.36,15.0,125.0,0,0,8.52,-17.73,-3.27,-0.023,-0.014,0.005,1.000,0.100,0.100,0.100,1,8.0,102.0,763,804,1,0,1,0,16,416,116,0
19.22,climb_cruise,458.5,458.5,33320.0,-32708,-54.82,153.63,335.47,12.38,15.0,125.0,0,0,8.52,-17.75,-3.27,-0.023,-0.015,0.005,1.000,0.100,0.100,0.100,1,8.0,102.0,763,804,1,0,1,0,16,416,115,0
19.24,climb_cruise,458.7,458.7,33309.1,-32822,-54.94,153.08,335.70,12.40,15.0,125.0,0,0,8.53,-17.77,-3.27,-0.023,-0.016,0.005,1.000,0.100,0.100,0.100,1,8.0,102.0,763,804,1,0,1,0,16,416,114,0
19.26,climb_cruise,458.9,458.9,33298.1,-32935,-55.06,152.53,335.94,12.42,15.0,125.0,0,0,8.53,-17.80,-3.27,-0.023,-0.017,0.005,1.000,0.100,0.100,0.100,1,8.0,102.0,763,804,1,0,1,0,16,416,114,0
19.28,climb_cruise,459.1,459.1,33287.1,-33049,-55.18,151.98,336.18,12.44,15.0,125.0,0,0,8.54,-17.82,-3.27,-0.023,-0.018,0.005,1.000,0.100,0.100,0.100,1,8.0,102.0,763,804,1,0,1,0,16,416,116,0
19.30,climb_cruise,459.3,459.3,33276.1,-33162,-55.30,151.42,336.42,12.46,15.0,125.0,0,0,8.55,-17.84,-3.27,-0.023,-0.019,0.005,1.000,0.100,0.100,0.100,1,8.0,102.0,763,804,1,0,1,0,16,416,115,0
19.32,climb_cruise,459.5,459.5,33265.0,-33275,-55.42,150.86,336.67,12.48,15.0,125.0,0,0,8.55,-17.87,-3.27,-0.023,-0.020,0.005,1.000,0.100,0.100,0.100,1,7.9,102.0,763,804,1,0,1,0,16,416,115,0
19.34,climb_cruise,459.7,459.7,33253.9,-33387,-55.54,150.30,336.92,12.49,15.0,125.0,0,0,8.56,-17.89,-3.27,-0.023,-0.021,0.005,1.000,0.100,0.100,0.100,1,7.9,102.0,763,804,1,0,1,0,16,416,115,0
19.36,climb_cruise,459.9,459.9,33242.8,-33499,-55.65,149.74,337.17,12.51,15.0,125.0,0,0,8.56,-17.91,-3.27,-0.023,-0.022,0.005,1.000,0.100,0.100,0.100,1,7.9,102.0,763,804,1,0,1,0,16,416,114,0
19.38,climb_cruise,460.1,460.1,33231.6,-33611,-55.77,149.17,337.42,12.53,15.0,125.0,0,0,8.57,-17.93,-3.27,-0.023,-0.023,0.005,1.000,0.100,0.100,0.100,1,7.9,102.0,763,804,1,0,1,0,16,416,115,0
19.40,climb_cruise,460.4,460.4,33220.4,-33723,-55.88,148.60,337.68,12.55,15.0,125.0,0,0,8.57,-17.96,-3.27,-0.023,-0.024,0.005,1.000,0.100,0.100,0.100,1,7.9,102.0,763,804,1,0,1,0,16,416,115,0
19.42,climb_cruise,460.6,460.6,33209.1,-33834,-55.99,148.02,337.94,12.57,15.0,125.0,0,0,8.58,-17.98,-3.28,-0.023,-0.025,0.005,1.000,0.100,0.100,0.100,1,7.9,102.0,763,804,1,0,1,0,16,416,114,0
19.44,climb_cruise,460.8,460.8,33197.8,-33945,-56.10,147.44,338.20,12.59,15.0,125.0,0,0,8.58,-18.00,-3.28,-0.023,-0.026,0.005,1.000,0.100,0.100,0.100,1,7.9,102.0,763,804,1,0,1,0,16,416,115,0
19.46,climb_cruise,461.0,461.0,33186.5,-34056,-56.21,146.86,338.47,12.61,15.0,125.0,0,0,8.59,-18.02,-3.28,-0.023,-0.027,0.005,1.000,0.100,0.100,0.100,1,7.8,102.0,763,804,1,0,1,0,16,416,115,0
19.48,climb_cruise,461.2,461.2,33175.1,-34167,-56.32,146.28,338.74,12.62,15.0,125.0,0,0,8.59,-18.05,-3.28,-0.023,-0.028,0.005,1.000,0.100,0.100,0.100,1,7.8,102.0,763,804,1,0,1,0,16,416,114,0
19.50,climb_cruise,461.4,461.4,33163.7,-34277,-56.42,145.69,339.01,12.64,15.0,125.0,0,0,8.60,-18.07,-3.28,-0.023,-0.029,0.005,1.000,0.100,0.100,0.100,1,7.8,102.0,763,804,1,0,1,0,16,416,115,0
19.52,climb_cruise,461.6,461.6,33152.3,-34387,-56.53,145.10,339.29,12.66,15.0,125.0,0,0,8.60,-18.09,-3.28,-0.023,-0.030,0.005,1.000,0.100,0.100,0.100,1,7.8,102.0,763,804,1,0,1,0,16,416,115,0
19.54,climb_cruise,461.9,461.9,33140.8,-34496,-56.63,144.50,339.56,12.68,15.0,125.0,0,0,8.61,-18.12,-3.28,-0.023,-0.031,0.005,1.000,0.100,0.100,0.100,1,7.8,102.0,763,804,1,0,1,0,16,416,115,0
19.56,climb_cruise,462.1,462.1,33129.3,-34605,-56.73,143.91,339.84,12.70,15.0,125.0,0,0,8.61,-18.14,-3.28,-0.023,-0.032,0.005,1.000,0.100,0.100,0.100,1,7.8,102.0,763,804,1,0,1,0,16,416,116,0
19.58,climb_cruise,462.3,462.3,33117.8,-34714,-56.83,143.31,340.13,12.72,15.0,125.0,0,0,8.61,-18.16,-3.29,-0.023,-0.033,0.005,1.000,0.100,0.100,0.100,1,7.7,102.0,763,804,1,0,1,0,16,416,115,0
19.60,climb_cruise,462.5,462.5,33106.2,-34822,-56.93,142.71,340.41,12.73,15.0,125.0,0,0,8.62,-18.18,-3.29,-0.023,-0.034,0.005,1.000,0.100,0.100,0.100,1,7.7,102.0,763,804,1,0,1,0,16,416,115,0
19.62,climb_cruise,462.7,462.7,33094.5,-34931,-57.03,142.10,340.70,12.75,15.0,125.0,0,0,8.62,-18.19,-3.29,-0.023,-0.034,0.005,1.000,0.100,0.100,0.100,1,7.7,102.0,763,804,1,0,1,0,16,416,114,0
19.64,climb_cruise,462.9,462.9,33082.9,-35038,-57.12,141.49,340.99,12.77,15.0,125.0,0,0,8.63,-18.19,-3.29,-0.023,-0.034,0.005,1.000,0.100,0.100,0.100,1,7.7,102.0,763,804,1,0,1,0,16,416,115,0
19.66,climb_cruise,463.2,463.2,33071.2,-35146,-57.22,140.88,341.29,12.79,15.0,125.0,0,0,8.63,-18.18,-3.29,-0.023,-0.034,0.005,1.000,0.100,0.100,0.100,1,7.7,102.0,763,804,1,0,1,0,16,416,116,0
19.68,climb_cruise,463.4,463.4,33059.5,-35253,-57.31,140.27,341.58,12.81,15.0,125.0,0,0,8.64,-18.18,-3.29,-0.023,-0.034,0.005,1.000,0.100,0.100,0.100,1,7.7,102.0,763,804,1,0,1,0,16,416,116,0
19.70,climb_cruise,463.6,463.6,33047.7,-35360,-57.40,139.65,341.88,12.83,15.0,125.0,0,0,8.64,-18.17,-3.29,-0.023,-0.034,0.005,1.000,0.100,0.100,0.100,1,7.7,102.0,763,804,1,0,1,0,16,416,115,0
19.72,climb_cruise,463.8,463.8,33035.9,-35466,-57.49,139.03,342.19,12.85,15.0,125.0,0,0,8.65,-18.17,-3.30,-0.023,-0.034,0.005,1.000,0.100,0.100,0.100,1,7.6,102.0,763,804,1,0,1,0,16,416,115,0
19.74,climb_cruise,464.0,464.0,33024.1,-35572,-57.57,138.41,342.49,12.86,15.0,125.0,0,0,8.65,-18.16,-3.30,-0.023,-0.034,0.005,1.000,0.100,0.100,0.100,1,7.6,102.0,763,804,1,0,1,0,16,416,115,0
19.76,climb_cruise,464.3,464.3,33012.2,-35677,-57.66,137.79,342.80,12.88,15.0,125.0,0,0,8.66,-18.16,-3.30,-0.023,-0.034,0.005,1.000,0.100,0.100,0.100,1,7.6,102.0,763,804,1,0,1,0,16,416,116,0
19.78,climb_cruise,464.5,464.5,33000.3,-35782,-57.74,137.16,343.11,12.90,15.0,125.0,0,0,8.67,-18.15,-3.30,-0.023,-0.034,0.005,1.000,0.100,0.100,0.100,1,7.6,102.0,763,804,1,0,1,0,16,416,115,0
19.80,climb_cruise,464.7,464.7,32988.3,-35887,-57.82,136.54,343.42,12.92,15.0,125.0,0,0,8.67,-18.15,-3.29,-0.023,-0.034,0.005,1.000,0.100,0.100,0.100,1,7.6,102.0,763,804,1,0,1,0,16,416,116,0
19.82,climb_cruise,464.9,464.9,32976.4,-35992,-57.90,135.91,343.73,12.94,15.0,125.0,0,0,8.48,-17.48,-3.33,0.000,0.000,0.000,1.000,0.100,0.100,0.100,1,7.6,102.0,763,804,1,0,1,0,16,416,116,0
19.84,climb_cruise,465.2,465.2,32964.4,-36095,-57.97,135.30,344.05,12.95,15.0,125.0,0,0,8.34,-17.30,-3.35,0.000,0.000,0.000,1.000,0.100,0.100,0.100,1,7.5,102.0,763,804,1,0,1,0,16,416,115,0
19.86,climb_cruise,465.4,465.4,32952.3,-36199,-58.04,134.69,344.36,12.96,15.0,125.0,0,0,8.25,-17.26,-3.36,0.000,0.000,0.000,1.000,0.100,0.100,0.100,1,7.5,102.0,763,804,1,0,1,0,16,416,116,0
19.88,climb_cruise,465.6,465.6,32940.2,-36302,-58.11,134.08,344.67,12.97,15.0,125.0,0,0,8.20,-17.27,-3.37,0.000,0.000,0.000,1.000,0.100,0.100,0.100,1,7.5,102.0,763,804,1,0,1,0,16,416,114,0
19.90,climb_cruise,465.8,465.8,32928.1,-36405,-58.18,133.47,344.98,12.97,15.0,125.0,0,0,8.18,-17.27,-3.36,0.000,0.000,0.000,1.000,0.100,0.100,0.100,1,7.5,102.0,763,804,1,0,1,0,16,416,115,0
19.92,climb_cruise,466.1,466.1,32916.0,-36507,-58.24,132.86,345.30,12.98,15.0,125.0,0,0,8.19,-17.28,-3.35,0.000,0.000,0.000,1.000,0.100,0.100,0.100,1,7.5,102.0,763,804,1,0,1,0,16,416,114,0
19.94,climb_cruise,466.3,466.3,32903.8,-36608,-58.30,132.25,345.61,12.99,15.0,125.0,0,0,8.23,-17.28,-3.33,0.000,0.000,0.000,1.000,0.100,0.100,0.100,1,7.5,102.0,763,804,1,0,1,0,16,416,116,0
19.96,climb_cruise,466.5,466.5,32891.6,-36710,-58.36,131.63,345.93,13.00,15.0,125.0,0,0,8.28,-17.27,-3.31,0.000,0.000,0.000,1.000,0.100,0.100,0.100,1,7.5,102.0,763,804,1,0,1,0,16,416,116,0
19.98,climb_cruise,466.8,466.8,32879.3,-36810,-58.42,131.01,346.25,13.01,15.0,125.0,0,0,8.35,-17.25,-3.29,0.000,0.000,0.000,1.000,0.100,0.100,0.100,1,7.4,102.0,763,804,1,0,1,0,16,416,115,0
20.00,climb_cruise,467.0,467.0,32867.0,-36911,-58.48,130.39,346.58,13.02,15.0,125.0,0,0,8.42,-17.24,-3.26,0.000,0.000,0.000,1.000,0.100,0.100,0.100,1,7.4,102.0,763,804,1,0,1,0,16,416,115,0
20.02,climb_cruise,467.2,467.2,32854.7,-37010,-58.54,129.76,346.90,13.03,15.0,125.0,0,0,8.50,-17.22,-3.24,0.000,0.000,0.000,1.000,0.100,0.100,0.100,1,7.4,102.0,763,804,1,0,1,0,16,416,115,0
20.04,climb_cruise,467.5,467.5,32842.4,-37110,-58.60,129.14,347.24,13.04,15.0,125.0,0,0,8.57,-17.19,-3.21,0.000,0.000,0.000,1.000,0.100,0.100,0.100,1,7.4,102.0,763,804,1,0,1,0,16,416,116,0
20.06,climb_cruise,467.7,467.7,32830.0,-37209,-58.66,128.51,347.57,13.06,15.0,125.0,0,0,8.63,-17.17,-3.18,0.000,0.000,0.000,1.000,0.100,0.100,0.100,1,7.4,102.0,763,804,1,0,1,0,16,416,114,0
20.08,climb_cruise,467.9,467.9,32817.6,-37307,-58.71,127.88,347.91,13.07,15.0,125.0,0,0,8.69,-17.14,-3.16,0.000,0.000,0.000,1.000,0.100,0.100,0.100,1,7.4,102.0,763,804,1,0,1,0,16,416,114,0
20.10,climb_cruise,468.1,468.1,32805.1,-37405,-58.77,127.24,348.25,13.09,15.0,125.0,0,0,8.75,-17.12,-3.13,0.000,0.000,0.000,1.000,0.100,0.100,0.100,1,7.4,102.0,763,804,1,0,1,0,16,416,115,0
20.12,climb_cruise,468.4,468.4,32792.6,-37502,-58.83,126.61,348.59,13.11,15.0,125.0,0,0,8.79,-17.09,-3.10,0.000,0.000,0.000,1.000,0.100,0.100,0.100,1,7.3,102.0,763,804,1,0,1,0,16,416,115,0
20.14,climb_cruise,468.6,468.6,32780.1,-37599,-58.88,125.97,348.94,13.13,15.0,125.0,0,0,8.83,-17.07,-3.08,0.000,0.000,0.000,1.000,0.100,0.100,0.100,1,7.3,102.0,763,804,1,0,1,0,16,416,115,0
20.16,climb_cruise,468.8,468.8,32767.6,-37696,-58.93,125.33,349.28,13.15,15.0,125.0,0,0,8.86,-17.04,-3.06,0.000,0.000,0.000,1.000,0.100,0.100,0.100,1,7.3,102.0,763,804,1,0,1,0,16,416,115,0
20.18,climb_cruise,469.1,469.1,32755.0,-37792,-58.99,124.69,349.63,13.17,15.0,125.0,0,0,8.88,-17.01,-3.04,0.000,0.000,0.000,1.000,0.100,0.100,0.100,1,7.3,102.0,763,804,1,0,1,0,16,416,114,0
20.20,climb_cruise,469.3,469.3,32742.4,-37888,-59.04,124.05,349.98,13.19,15.0,125.0,0,0,8.89,-16.99,-3.02,0.000,0.000,0.000,1.000,0.100,0.100,0.100,1,7.3,102.0,763,804,1,0,1,0,16,416,115,0
20.22,climb_cruise,469.6,469.6,32729.7,-37983,-59.08,123.41,350.34,13.21,15.0,125.0,0,0,8.90,-16.97,-3.00,0.000,0.000,0.000,1.000,0.100,0.100,0.100,1,7.3,102.0,763,804,1,0,1,0,16,416,114,0
20.24,climb_cruise,469.8,469.8,32717.1,-38077,-59.13,122.76,350.69,13.23,15.0,125.0,0,0,8.91,-16.95,-2.99,0.000,0.000,0.000,1.000,0.100,0.100,0.100,1,7.2,102.0,763,804,1,0,1,0,16,416,116,0
20.26,climb_cruise,470.0,470.0,32704.4,-38171,-59.18,122.12,351.05,13.25,15.0,125.0,0,0,8.91,-16.93,-2.97,0.000,0.000,0.000,1.000,0.100,0.100,0.100,1,7.2,102.0,763,804,1,0,1,0,16,416,114,0
20.28,climb_cruise,470.3,470.3,32691.6,-38265,-59.22,121.48,351.41,13.27,15.0,125.0,0,0,8.91,-16.91,-2.96,0.000,0.000,0.000,1.000,0.100,0.100,0.100,1,7.2,102.0,763,804,1,0,1,0,16,416,115,0
20.30,climb_cruise,470.5,470.5,32678.8,-38358,-59.26,120.83,351.76,13.29,15.0,125.0,0,0,8.91,-16.89,-2.95,0.000,0.000,0.000,1.000,0.100,0.100,0.100,1,7.2,102.0,763,804,1,0,1,0,16,416,115,0
20.32,climb_cruise,470.7,470.7,32666.0,-38451,-59.30,120.18,352.12,13.31,15.0,125.0,0,0,8.90,-16.87,-2.94,0.000,0.000,0.000,1.000,0.100,0.100,0.100,1,7.2,102.0,763,804,1,0,1,0,16,416,114,0
20.34,climb_cruise,471.0,471.0,32653.2,-38543,-59.34,119.54,352.48,13.32,15.0,125.0,0,0,8.90,-16.85,-2.94,0.000,0.000,0.000,1.000,0.100,0.100,0.100,1,7.2,102.0,763,804,1,0,1,0,16,416,115,0
20.36,climb_cruise,471.2,471.2,32640.4,-38634,-59.38,118.89,352.84,13.34,15.0,125.0,0,0,8.90,-16.84,-2.93,0.000,0.000,0.000,1.000,0.100,0.100,0.100,1,7.2,102.0,763,804,1,0,1,0,16,416,115,0
20.38,climb_cruise,471.4,471.4,32627.5,-38725,-59.41,118.24,353.21,13.36,15.0,125.0,0,0,8.90,-16.82,-2.92,0.000,0.000,0.000,1.000,0.100,0.100,0.100,1,7.1,102.0,763,804,1,0,1,0,16,416,114,0
20.40,climb_cruise,471.7,471.7,32614.5,-38816,-59.44,117.59,353.57,13.38,15.0,125.0,0,0,8.90,-16.81,-2.92,0.000,0.000,0.000,1.000,0.100,0.100,0.100,1,7.1,102.0,763,804,1,0,1,0,16,416,115,0
20.42,climb_cruise,471.9,471.9,32601.6,-38906,-59.47,116.94,353.93,13.40,15.0,125.0,0,0,8.90,-16.80,-2.92,0.000,0.000,0.000,1.000,0.100,0.100,0.100,1,7.1,102.0,763,804,1,0,1,0,16,416,115,0
20.44,climb_cruise,472.2,472.2,32588.6,-38995,-59.50,116.29,354.30,13.42,15.0,125.0,0,0,8.90,-16.79,-2.91,0.000,0.000,0.000,1.000,0.100,0.100,0.100,1,7.1,102.0,763,804,1,0,1,0,16,416,114,0
20.46,climb_cruise,472.4,472.4,32575.6,-39084,-59.52,115.64,354.66,13.44,15.0,125.0,0,0,8.90,-16.78,-2.91,0.000,0.000,0.000,1.000,0.100,0.100,0.100,1,7.1,102.0,763,804,1,0,1,0,16,416,115,0
20.48,climb_cruise,472.7,472.7,32562.6,-39172,-59.55,114.99,355.03,13.45,15.0,125.0,0,0,8.90,-16.76,-2.91,0.000,0.000,0.000,1.000,0.100,0.100,0.100,1,7.1,102.0,763,804,1,0,1,0,16,416,115,0
20.50,climb_cruise,472.9,472.9,32549.5,-39260,-59.57,114.34,355.40,13.47,15.0,125.0,0,0,8.91,-16.75,-2.91,0.000,0.000,0.000,1.000,0.100,0.100,0.100,1,7.1,102.0,763,804,1,0,1,0,16,416,116,0
20.52,climb_cruise,473.1,473.1,32536.4,-39347,-59.59,113.68,355.77,13.49,15.0,125.0,0,0,8.92,-16.74,-2.91,0.000,0.000,0.000,1.000,0.100,0.100,0.100,1,7.0,102.0,763,804,1,0,1,0,16,416,114,0
20.54,climb_cruise,473.4,473.4,32523.3,-39433,-59.61,113.03,356.14,13.51,15.0,125.0,0,0,8.92,-16.74,-2.90,0.000,0.000,0.000,1.000,0.100,0.100,0.100,1,7.0,102.0,763,804,1,0,1,0,16,416,115,0
20.56,climb_cruise,473.6,473.6,32510.1,-39519,-59.62,112.38,356.51,13.53,15.0,125.0,0,0,8.93,-16.73,-2.90,0.000,0.000,0.000,1.000,0.100,0.100,0.100,1,7.0,102.0,763,804,1,0,1,0,16,416,114,0
20.58,climb_cruise,473.9,473.9,32496.9,-39605,-59.63,111.72,356.88,13.54,15.0,125.0,0,0,8.94,-16.72,-2.90,0.000,0.000,0.000,1.000,0.100,0.100,0.100,1,7.0,102.0,763,804,1,0,1,0,16,416,114,0
20.60,climb_cruise,474.1,474.1,32483.7,-39690,-59.65,111.07,357.25,13.56,15.0,125.0,0,0,8.95,-16.71,-2.90,0.000,0.000,0.000,1.000,0.100,0.100,0.100,1,7.0,102.0,763,804,1,0,1,0,16,416,114,0
20.62,climb_cruise,474.3,474.3,32470.5,-39774,-59.65,110.41,357.62,13.58,15.0,125.0,0,0,8.96,-16.70,-2.90,0.000,0.000,0.000,1.000,0.100,0.100,0.100,1,7.0,102.0,763,804,1,0,1,0,16,416,115,0
20.64,climb_cruise,474.6,474.6,32457.2,-39858,-59.66,109.76,357.99,13.60,15.0,125.0,0,0,8.97,-16.69,-2.90,0.000,0.000,0.000,1.000,0.100,0.100,0.100,1,7.0,102.0,763,804,1,0,1,0,16,416,116,0
20.66,climb_cruise,474.8,474.8,32443.9,-39941,-59.67,109.10,358.37,13.62,15.0,125.0,0,0,8.97,-16.68,-2.90,0.000,0.000,0.000,1.000,0.100,0.100,0.100,1,7.0,102.0,763,804,1,0,1,0,16,416,115,0
20.68,climb_cruise,475.1,475.1,32430.6,-40023,-59.67,108.44,358.74,13.64,15.0,125.0,0,0,8.98,-16.68,-2.90,0.000,0.000,0.000,1.000,0.100,0.100,0.100,1,6.9,102.0,763,804,1,0,1,0,16,416,115,0
20.70,climb_cruise,475.3,475.3,32417.2,-40105,-59.67,107.79,359.11,13.65,15.0,125.0,0,0,8.99,-16.67,-2.90,0.000,0.000,0.000,1.000,0.100,0.100,0.100,1,6.9,102.0,763,804,1,0,1,0,16,416,115,0
20.72,climb_cruise,475.6,475.6,32403.8,-40186,-59.67,107.13,359.49,13.67,15.0,125.0,0,0,9.00,-16.66,-2.90,0.000,0.000,0.000,0.999,0.100,0.100,0.100,1,6.9,102.0,763,804,1,0,1,0,16,416,114,0
20.74,climb_cruise,475.8,475.8,32390.4,-40267,-59.67,106.48,359.86,13.69,15.0,125.0,0,0,9.01,-16.65,-2.90,0.000,0.000,0.000,0.996,0.100,0.100,0.100,1,6.9,102.0,763,804,1,0,1,0,16,416,115,0
20.76,climb_cruise,476.1,476.1,32377.0,-40347,-59.66,105.82,0.24,13.71,15.0,125.0,0,0,9.01,-16.64,-2.90,0.000,0.000,0.000,0.993,0.100,0.100,0.100,1,6.9,102.0,763,804,1,0,1,0,16,416,115,0
20.78,climb_cruise,476.3,476.3,32363.5,-40426,-59.65,105.16,0.61,13.73,15.0,125.0,0,0,9.02,-16.64,-2.90,0.000,0.000,0.000,0.989,0.100,0.100,0.100,1,6.9,102.0,763,804,1,0,1,0,16,416,114,0
20.80,climb_cruise,476.6,476.6,32350.1,-40505,-59.64,104.51,0.99,13.75,15.0,125.0,0,0,9.03,-16.63,-2.90,0.000,0.000,0.000,0.984,0.100,0.100,0.100,1,6.9,102.0,763,804,1,0,1,0,16,416,115,0
20.82,climb_cruise,476.8,476.8,32336.5,-40583,-59.63,103.85,1.36,13.76,15.0,125.0,0,0,9.04,-16.62,-2.90,0.000,0.000,0.000,0.978,0.100,0.100,0.100,1,6.8,102.0,763,804,1,0,1,0,16,416,114,0
20.84,climb_cruise,477.1,477.1,32323.0,-40660,-59.62,103.20,1.74,13.78,15.0,125.0,0,0,9.04,-16.61,-2.90,0.000,0.000,0.000,0.972,0.100,0.100,0.100,1,6.8,102.0,763,804,1,0,1,0,16,416,114,0
20.86,climb_cruise,477.3,477.3,32309.4,-40737,-59.60,102.54,2.11,13.80,15.0,125.0,0,0,9.05,-16.60,-2.90,0.000,0.000,0.000,0.965,0.100,0.100,0.100,1,6.8,102.0,763,804,1,0,1,0,16,416,115,0
20.88,climb_cruise,477.6,477.6,32295.8,-40813,-59.58,101.89,2.49,13.82,15.0,125.0,0,0,9.06,-16.59,-2.90,0.000,0.000,0.000,0.958,0.100,0.100,0.100,1,6.8,102.0,763,804,1,0,1,0,16,416,114,0
20.90,climb_cruise,477.8,477.8,32282.2,-40888,-59.56,101.23,2.86,13.84,15.0,125.0,0,0,9.06,-16.58,-2.89,0.000,0.000,0.000,0.950,0.100,0.100,0.100,1,6.8,102.0,763,803,1,0,1,0,16,416,116,0
20.92,climb_cruise,478.0,478.0,32268.6,-40963,-59.54,100.58,3.23,13.86,15.0,125.0,0,0,9.07,-16.57,-2.89,0.000,0.000,0.000,0.942,0.100,0.100,0.100,1,6.8,102.0,763,803,1,0,1,0,16,416,114,0
20.94,climb_cruise,478.3,478.3,32254.9,-41037,-59.51,99.93,3.60,13.87,15.0,125.0,0,0,9.07,-16.56,-2.89,0.000,0.000,0.000,0.933,0.100,0.100,0.100,1,6.8,101.9,763,803,1,0,1,0,16,416,115,0
20.96,climb_cruise,478.5,478.5,32241.2,-41111,-59.49,99.28,3.98,13.89,15.0,125.0,0,0,9.08,-16.54,-2.88,0.000,0.000,0.000,0.924,0.100,0.100,0.100,1,6.7,101.9,763,803,1,0,1,0,16,416,115,0
20.98,climb_cruise,478.8,478.8,32227.5,-41183,-59.46,98.63,4.35,13.91,15.0,125.0,0,0,9.09,-16.53,-2.88,0.000,0.000,0.000,0.915,0.100,0.100,0.100,1,6.7,101.9,763,803,1,0,1,0,16,416,115,0
21.00,climb_cruise,479.0,479.0,32213.8,-41255,-59.43,97.98,4.72,13.93,15.0,125.0,0,0,9.09,-16.51,-2.87,0.000,0.000,0.000,0.906,0.100,0.100,0.100,1,6.7,101.9,763,803,1,0,1,0,16,416,114,0
21.02,climb_cruise,479.3,479.3,32200.0,-41327,-59.40,97.33,5.09,13.95,15.0,125.0,0,0,9.10,-16.49,-2.86,0.000,0.000,0.000,0.896,0.100,0.100,0.100,1,6.7,101.9,763,802,1,0,1,0,16,416,115,0
21.04,climb_cruise,479.5,479.5,32186.2,-41397,-59.36,96.68,5.45,13.97,15.0,125.0,0,0,9.10,-16.47,-2.85,0.000,0.000,0.000,0.886,0.100,0.100,0.100,1,6.7,101.8,763,802,1,0,1,0,16,416,115,0
21.06,climb_cruise,479.8,479.8,32172.4,-41467,-59.32,96.04,5.82,13.98,15.0,125.0,0,0,9.11,-16.45,-2.84,0.000,0.000,0.000,0.876,0.100,0.100,0.100,1,6.7,101.8,763,802,1,0,1,0,16,416,114,0
21.08,climb_cruise,480.0,480.0,32158.6,-41536,-59.29,95.39,6.19,14.00,15.0,125.0,0,0,9.11,-16.42,-2.82,0.000,0.000,0.000,0.865,0.100,0.100,0.100,1,6.7,101.7,763,801,1,0,1,0,16,416,115,0
21.10,climb_cruise,480.3,480.3,32144.7,-41605,-59.25,94.75,6.55,14.02,15.0,125.0,0,0,9.12,-16.39,-2.80,0.000,0.000,0.000,0.855,0.100,0.100,0.100,1,6.7,101.7,763,801,1,0,1,0,16,416,116,0
21.12,climb_cruise,480.5,480.5,32130.9,-41673,-59.20,94.11,6.92,14.04,15.0,125.0,0,0,9.13,-16.36,-2.79,0.000,0.000,0.000,0.844,0.100,0.100,0.100,1,6.6,101.6,763,801,1,0,1,0,16,416,115,0
21.14,climb_cruise,480.8,480.8,32117.0,-41740,-59.16,93.47,7.28,14.06,15.0,125.0,0,0,9.13,-16.32,-2.77,0.000,0.000,0.000,0.833,0.100,0.100,0.100,1,6.6,101.6,763,800,1,0,1,0,16,416,114,0
21.16,climb_cruise,481.1,481.1,32103.0,-41806,-59.12,92.83,7.64,14.07,15.0,125.0,0,0,9.14,-16.28,-2.74,0.000,0.000,0.000,0.822,0.100,0.100,0.100,1,6.6,101.5,763,800,1,0,1,0,16,416,115,0
21.18,climb_cruise,481.3,481.3,32089.1,-41872,-59.07,92.20,8.00,14.09,15.0,125.0,0,0,9.14,-16.24,-2.72,0.000,0.000,0.000,0.811,0.100,0.100,0.100,1,6.6,101.5,763,799,1,0,1,0,16,416,115,0
21.20,climb_cruise,481.6,481.6,32075.1,-41937,-59.02,91.57,8.36,14.11,15.0,125.0,0,0,9.15,-16.19,-2.69,0.000,0.000,0.000,0.800,0.100,0.100,0.100,1,6.6,101.4,763,799,1,0,1,0,16,416,116,0
21.22,climb_cruise,481.8,481.8,32061.1,-42001,-58.97,90.94,8.72,14.13,15.0,125.0,0,0,9.16,-16.15,-2.67,0.000,0.000,0.000,0.789,0.100,0.100,0.100,1,6.6,101.3,763,798,1,0,1,0,16,416,114,0
21.24,climb_cruise,482.1,482.1,32047.1,-42064,-58.92,90.31,9.08,14.14,15.0,125.0,0,0,9.16,-16.09,-2.64,0.000,0.000,0.000,0.777,0.100,0.100,0.100,1,6.6,101.2,763,798,1,0,1,0,16,416,115,0
21.26,climb_cruise,482.3,482.3,32033.1,-42127,-58.87,89.68,9.43,14.16,15.0,125.0,0,0,9.17,-16.03,-2.60,0.000,0.000,0.000,0.766,0.100,0.100,0.100,1,6.5,101.1,763,797,1,0,1,0,16,416,115,0
21.28,climb_cruise,482.6,482.6,32019.0,-42188,-58.81,89.06,9.78,14.18,15.0,125.0,0,0,9.18,-15.97,-2.57,0.000,0.000,0.000,0.755,0.100,0.100,0.100,1,6.5,101.0,763,797,1,0,1,0,16,416,115,0
21.30,climb_cruise,482.8,482.8,32005.0,-42250,-58.76,88.44,10.14,14.19,15.0,125.0,0,0,9.18,-15.91,-2.53,0.000,0.000,0.000,0.743,0.100,0.100,0.100,1,6.5,100.9,763,796,1,0,1,0,16,416,116,0
21.32,climb_cruise,483.1,483.1,31990.9,-42310,-58.70,87.82,10.49,14.21,15.0,125.0,0,0,9.19,-15.84,-2.49,0.000,0.000,0.000,0.732,0.100,0.100,0.100,1,6.5,100.8,763,796,1,0,1,0,16,416,114,0
21.34,climb_cruise,483.3,483.3,31976.8,-42369,-58.65,87.21,10.84,14.23,15.0,125.0,0,0,9.20,-15.76,-2.45,0.000,0.000,0.000,0.720,0.100,0.100,0.100,1,6.5,100.7,763,795,1,0,1,0,16,416,115,0
21.36,climb_cruise,483.6,483.6,31962.6,-42428,-58.59,86.60,11.18,14.25,15.0,125.0,0,0,9.21,-15.69,-2.41,0.000,0.000,0.000,0.708,0.100,0.100,0.100,1,6.5,100.5,763,794,1,0,1,0,16,416,116,0
21.38,climb_cruise,483.8,483.8,31948.5,-42486,-58.53,85.99,11.53,14.26,15.0,125.0,0,0,9.21,-15.60,-2.36,0.000,0.000,0.000,0.697,0.100,0.100,0.100,1,6.5,100.4,763,794,1,0,1,0,16,416,115,0
21.40,climb_cruise,484.1,484.1,31934.3,-42544,-58.47,85.38,11.88,14.28,15.0,125.0,0,0,9.22,-15.52,-2.32,0.000,0.000,0.000,0.685,0.100,0.100,0.100,1,6.5,100.2,763,793,1,0,1,0,16,416,115,0
21.42,climb_cruise,484.3,484.3,31920.1,-42600,-58.41,84.78,12.22,14.30,15.0,125.0,0,0,9.23,-15.42,-2.27,0.000,0.000,0.000,0.673,0.100,0.100,0.100,1,6.4,100.1,763,792,1,0,1,0,16,416,114,0
21.44,climb_cruise,484.6,484.6,31905.9,-42656,-58.34,84.18,12.56,14.31,15.0,125.0,0,0,9.24,-15.33,-2.22,0.000,0.000,0.000,0.662,0.100,0.100,0.100,1,6.4,99.9,763,791,1,0,1,0,16,416,115,0
21.46,climb_cruise,484.8,484.8,31891.7,-42711,-58.28,83.59,12.90,14.33,15.0,125.0,0,0,9.25,-15.23,-2.17,0.000,0.000,0.000,0.650,0.100,0.100,0.100,1,6.4,99.7,763,791,1,0,1,0,16,416,114,0
21.48,climb_cruise,485.1,485.1,31877.4,-42765,-58.22,82.99,13.24,14.34,15.0,125.0,0,0,9.26,-15.13,-2.11,0.000,0.000,0.000,0.638,0.100,0.100,0.100,1,6.4,99.6,763,790,1,0,1,0,16,416,114,0
21.50,climb_cruise,485.3,485.3,31863.2,-42818,-58.15,82.40,13.58,14.36,15.0,125.0,0,0,9.27,-15.02,-2.06,0.000,0.000,0.000,0.626,0.100,0.100,0.100,1,6.4,99.4,763,789,1,0,1,0,16,416,116,0
21.52,climb_cruise,485.6,485.6,31848.9,-42871,-58.08,81.82,13.92,14.38,15.0,125.0,0,0,9.28,-14.91,-2.00,0.000,0.000,0.000,0.614,0.100,0.100,0.100,1,6.4,99.2,763,788,1,0,1,0,16,416,116,0
21.54,climb_cruise,485.8,485.8,31834.6,-42923,-58.02,81.23,14.26,14.39,15.0,125.0,0,0,9.29,-14.79,-1.94,0.000,0.000,0.000,0.602,0.100,0.100,0.100,1,6.4,99.0,763,787,1,0,1,0,16,416,116,0
21.56,climb_cruise,486.1,486.1,31820.3,-42974,-57.95,80.66,14.59,14.41,15.0,125.0,0,0,9.31,-14.67,-1.88,0.000,0.000,0.000,0.591,0.100,0.100,0.100,1,6.4,98.7,763,786,1,0,1,0,16,416,115,0
21.58,climb_cruise,486.4,486.4,31805.9,-43024,-57.88,80.08,14.93,14.42,15.0,125.0,0,0,9.32,-14.55,-1.82,0.000,0.000,0.000,0.579,0.100,0.100,0.100,1,6.3,98.5,763,785,1,0,1,0,16,416,116,0
21.60,climb_cruise,486.6,486.6,31791.6,-43073,-57.81,79.51,15.26,14.44,15.0,125.0,0,0,9.33,-14.42,-1.76,0.000,0.000,0.000,0.567,0.100,0.100,0.100,1,6.3,98.3,763,784,1,0,1,0,16,416,114,0
21.62,climb_cruise,486.9,486.9,31777.2,-43122,-57.75,78.94,15.59,14.45,15.0,125.0,0,0,9.35,-14.29,-1.70,0.000,0.000,0.000,0.555,0.100,0.100,0.100,1,6.3,98.0,763,783,1,0,1,0,16,416,114,0
21.64,climb_cruise,487.1,487.1,31762.9,-43170,-57.68,78.38,15.92,14.47,15.0,125.0,0,0,9.36,-14.15,-1.63,0.000,0.000,0.000,0.543,0.100,0.100,0.100,1,6.3,97.8,763,782,1,0,1,0,16,416,114,0
21.66,climb_cruise,487.4,487.4,31748.5,-43217,-57.61,77.81,16.25,14.48,15.0,125.0,0,0,9.37,-14.01,-1.57,0.000,0.000,0.000,0.531,0.100,0.100,0.100,1,6.3,97.5,763,781,1,0,1,0,16,416,115,0
21.68,climb_cruise,487.6,487.6,31734.0,-43263,-57.54,77.26,16.58,14.50,15.0,125.0,0,0,9.39,-13.87,-1.50,0.000,0.000,0.000,0.519,0.100,0.100,0.100,1,6.3,97.3,763,780,1,0,1,0,16,416,115,0
21.70,climb_cruise,487.9,487.9,31719.6,-43308,-57.46,76.70,16.91,14.51,15.0,125.0,0,0,9.40,-13.72,-1.43,0.000,0.000,0.000,0.507,0.100,0.100,0.100,1,6.3,97.0,763,779,1,0,1,0,16,416,116,0
21.72,climb_cruise,488.1,488.1,31705.2,-43353,-57.39,76.15,17.24,14.53,15.0,125.0,0,0,9.42,-13.57,-1.37,0.000,0.000,0.000,0.495,0.100,0.100,0.100,1,6.3,96.7,763,778,1,0,1,0,16,416,114,0
21.74,climb_cruise,488.4,488.4,31690.7,-43397,-57.32,75.61,17.56,14.54,15.0,125.0,0,0,9.43,-13.42,-1.30,0.000,0.000,0.000,0.483,0.100,0.100,0.100,1,6.2,96.4,763,777,1,0,1,0,16,416,115,0
21.76,climb_cruise,488.6,488.6,31676.2,-43440,-57.25,75.07,17.89,14.56,15.0,125.0,0,0,9.45,-13.26,-1.23,0.000,0.000,0.000,0.471,0.100,0.100,0.100,1,6.2,96.1,763,776,1,0,1,0,16,416,115,0
21.78,climb_cruise,488.9,488.9,31661.8,-43482,-57.18,74.53,18.22,14.57,15.0,125.0,0,0,9.47,-13.10,-1.16,0.000,0.000,0.000,0.459,0.100,0.100,0.100,1,6.2,95.8,763,775,1,0,1,0,16,416,116,0
21.80,climb_cruise,489.1,489.1,31647.3,-43523,-57.10,74.00,18.54,14.59,15.0,125.0,0,0,9.48,-12.94,-1.09,0.000,0.000,0.000,0.447,0.100,0.100,0.100,1,6.2,95.4,763,774,1,0,1,0,16,416,115,0
21.82,climb_cruise,489.4,489.4,31632.7,-43564,-57.03,73.47,18.87,14.60,15.0,125.0,0,0,9.50,-12.78,-1.02,0.000,0.000,0.000,0.435,0.100,0.100,0.100,1,6.2,95.1,763,772,1,0,1,0,16,416,114,0
21.84,climb_cruise,489.6,489.6,31618.2,-43604,-56.95,72.94,19.19,14.62,15.0,125.0,0,0,9.52,-12.61,-0.95,0.000,0.000,0.000,0.423,0.100,0.100,0.100,1,6.2,94.8,763,771,1,0,1,0,16,416,115,0
21.86,climb_cruise,489.9,489.9,31603.7,-43643,-56.88,72.42,19.51,14.63,15.0,125.0,0,0,9.54,-12.44,-0.88,0.000,0.000,0.000,0.412,0.100,0.100,0.100,1,6.2,94.4,763,770,1,0,1,0,16,416,115,0
21.88,climb_cruise,490.1,490.1,31589.1,-43681,-56.81,71.90,19.84,14.64,15.0,125.0,0,0,9.55,-12.27,-0.81,0.000,0.000,0.000,0.400,0.100,0.100,0.100,1,6.2,94.0,763,769,1,0,1,0,16,416,116,0
21.90,climb_cruise,490.4,490.4,31574.6,-43719,-56.73,71.39,20.16,14.66,15.0,125.0,0,0,9.57,-12.09,-0.74,0.000,0.000,0.000,0.388,0.100,0.100,0.100,1,6.1,93.7,763,767,1,0,1,0,16,416,114,0
21.92,climb_cruise,490.6,490.6,31560.0,-43755,-56.66,70.88,20.48,14.67,15.0,125.0,0,0,9.59,-11.91,-0.66,0.000,0.000,0.000,0.376,0.100,0.100,0.100,1,6.1,93.3,763,766,1,0,1,0,16,416,115,0
21.94,climb_cruise,490.9,490.9,31545.4,-43791,-56.58,70.37,20.80,14.69,15.0,125.0,0,0,9.61,-11.73,-0.59,0.000,0.000,0.000,0.364,0.100,0.100,0.100,1,6.1,92.9,763,765,1,0,1,0,16,416,114,0
21.96,climb_cruise,491.1,491.1,31530.8,-43826,-56.50,69.87,21.12,14.70,15.0,125.0,0,0,9.63,-11.55,-0.52,0.000,0.000,0.000,0.352,0.100,0.100,0.100,1,6.1,92.5,763,763,1,0,1,0,16,416,116,0
21.98,climb_cruise,491.4,491.4,31516.2,-43860,-56.43,69.37,21.44,14.71,15.0,125.0,0,0,9.65,-11.37,-0.45,0.000,0.000,0.000,0.340,0.100,0.100,0.100,1,6.1,92.1,763,762,1,0,1,0,16,416,115,0
22.00,climb_cruise,491.6,491.6,31501.5,-43894,-56.35,68.88,21.76,14.73,15.0,125.0,0,0,9.67,-11.18,-0.38,0.000,0.000,0.000,0.328,0.100,0.100,0.100,1,6.1,91.7,763,761,1,0,1,0,16,416,115,0
22.02,climb_cruise,491.9,491.9,31486.9,-43927,-56.27,68.39,22.09,14.74,15.0,125.0,0,0,9.69,-10.99,-0.31,0.000,0.000,0.000,0.316,0.100,0.100,0.100,1,6.1,91.2,763,759,1,0,1,0,16,416,116,0
22.04,climb_cruise,492.1,492.1,31472.3,-43959,-56.20,67.91,22.41,14.76,15.0,125.0,0,0,9.71,-10.80,-0.24,0.000,0.000,0.000,0.304,0.100,0.100,0.100,1,6.1,90.8,763,758,1,0,1,0,16,416,114,0
22.06,climb_cruise,492.4,492.4,31457.6,-43990,-56.12,67.43,22.73,14.77,15.0,125.0,0,0,9.73,-10.61,-0.17,0.000,0.000,0.000,0.292,0.100,0.100,0.100,1,6.0,90.4,763,756,1,0,1,0,16,416,115,0
22.08,climb_cruise,492.6,492.6,31442.9,-44020,-56.04,66.95,23.05,14.78,15.0,125.0,0,0,9.75,-10.42,-0.10,0.000,0.000,0.000,0.280,0.100,0.100,0.100,1,6.0,89.9,763,755,1,0,1,0,16,416,115,0
22.10,climb_cruise,492.9,492.9,31428.3,-44050,-55.96,66.48,23.36,14.80,15.0,125.0,0,0,9.77,-10.20,-0.03,0.000,0.000,0.000,0.268,0.100,0.100,0.100,1,6.0,89.5,763,753,1,0,1,0,16,416,114,0
22.12,climb_cruise,493.1,493.1,31413.6,-44079,-55.88,66.01,23.68,14.81,15.0,125.0,0,0,9.79,-10.03,0.04,0.000,0.000,0.000,0.256,0.100,0.100,0.100,1,6.0,89.0,763,752,1,0,1,0,16,416,116,0
22.14,climb_cruise,493.4,493.4,31398.9,-44107,-55.80,65.55,24.00,14.82,15.0,125.0,0,0,9.81,-9.85,0.11,0.000,0.000,0.000,0.244,0.100,0.100,0.100,1,6.0,88.5,763,750,1,0,1,0,16,416,116,0
22.16,climb_cruise,493.6,493.6,31384.2,-44134,-55.72,65.09,24.32,14.84,15.0,125.0,0,0,9.83,-9.64,0.18,0.000,0.000,0.000,0.232,0.100,0.100,0.100,1,6.0,88.0,763,748,1,0,1,0,16,416,115,0
22.18,climb_cruise,493.9,493.9,31369.4,-44160,-55.64,64.63,24.64,14.85,15.0,125.0,0,0,9.85,-9.44,0.24,0.000,0.000,0.000,0.220,0.100,0.100,0.100,1,6.0,87.5,763,747,1,0,1,0,16,416,115,0
22.20,climb_cruise,494.1,494.1,31354.7,-44186,-55.56,64.18,24.96,14.86,15.0,125.0,0,0,9.87,-9.24,0.31,0.000,0.000,0.000,0.208,0.100,0.100,0.100,1,6.0,87.0,763,745,1,0,1,0,16,416,116,0
22.22,climb_cruise,494.4,494.4,31340.0,-44211,-55.48,63.74,25.28,14.88,15.0,125.0,0,0,9.89,-9.05,0.38,0.000,0.000,0.000,0.196,0.100,0.100,0.100,1,5.9,86.5,763,743,1,0,1,0,16,416,116,0
22.24,climb_cruise,494.6,494.6,31325.3,-44235,-55.40,63.30,25.60,14.89,15.0,125.0,0,0,9.91,-8.85,0.44,0.000,0.000,0.000,0.184,0.100,0.100,0.100,1,5.9,86.0,763,742,1,0,1,0,16,416,116,0
22.26,climb_cruise,494.9,494.9,31310.5,-44259,-55.32,62.86,25.92,14.90,15.0,125.0,0,0,9.94,-8.65,0.51,0.000,0.000,0.000,0.172,0.100,0.100,0.100,1,5.9,85.5,763,740,1,0,1,0,16,416,114,0
22.28,climb_cruise,495.1,495.1,31295.7,-44281,-55.24,62.43,26.24,14.92,15.0,125.0,0,0,9.96,-8.45,0.57,0.000,0.000,0.000,0.160,0.100,0.100,0.100,1,5.9,84.9,763,738,1,0,1,0,16,416,115,0
22.30,climb_cruise,495.3,495.3,31281.0,-44303,-55.16,62.00,26.56,14.93,15.0,125.0,0,0,9.98,-8.25,0.63,0.000,0.000,0.000,0.148,0.100,0.100,0.100,1,5.9,84.4,763,736,1,0,1,0,16,416,115,0
22.32,climb_cruise,495.6,495.6,31266.2,-44324,-55.07,61.57,26.87,14.94,15.0,125.0,0,0,10.00,-8.04,0.69,0.000,0.000,0.000,0.136,0.100,0.100,0.100,1,5.9,83.8,763,735,1,0,1,0,16,416,115,0
22.34,climb_cruise,495.8,495.8,31251.4,-44345,-54.99,61.15,27.19,14.96,15.0,125.0,0,0,10.02,-7.84,0.76,0.000,0.000,0.000,0.124,0.100,0.100,0.100,1,5.9,83.3,763,733,1,0,1,0,16,416,116,0
22.36,climb_cruise,496.1,496.1,31236.6,-44365,-54.91,60.73,27.51,14.97,15.0,125.0,0,0,10.04,-7.64,0.82,0.000,0.000,0.000,0.112,0.100,0.100,0.100,1,5.9,82.7,763,731,1,0,1,0,16,416,115,0
22.38,climb_cruise,496.3,496.3,31221.9,-44383,-54.82,60.32,27.83,14.99,15.0,125.0,0,0,10.06,-7.44,0.88,0.000,0.000,0.000,0.101,0.100,0.100,0.100,1,5.9,82.1,763,729,1,0,1,0,16,416,116,0
22.40,climb_cruise,496.6,496.6,31207.1,-44402,-54.74,59.92,28.15,15.00,15.0,125.0,0,0,10.08,-7.24,0.93,0.000,0.000,0.000,0.091,0.100,0.100,0.100,1,5.8,81.5,763,727,1,0,1,0,16,416,114,0
22.42,climb_cruise,496.8,496.8,31192.3,-44419,-54.65,59.51,28.47,15.01,15.0,125.0,1,1,10.10,-7.04,0.99,0.000,0.000,0.000,0.081,0.100,0.100,0.100,1,5.8,80.9,763,725,1,0,1,0,16,416,115,0
22.44,climb_cruise,497.0,497.0,31177.4,-44436,-54.57,59.11,28.79,15.03,15.0,125.0,1,1,10.12,-6.85,1.05,0.000,0.000,0.000,0.073,0.100,0.100,0.100,1,5.8,80.3,763,723,1,0,1,0,16,416,116,0
22.46,climb_cruise,497.3,497.3,31162.6,-44452,-54.48,58.72,29.10,15.04,15.0,125.0,1,1,10.15,-6.65,1.10,0.000,0.000,0.000,0.066,0.100,0.100,0.100,1,5.8,79.7,763,721,1,0,1,0,16,416,114,0
22.48,climb_cruise,497.5,497.5,31147.8,-44467,-54.39,58.33,29.42,15.05,15.0,125.0,1,1,10.17,-6.45,1.16,0.000,0.000,0.000,0.059,0.100,0.100,0.100,1,5.8,79.1,763,719,1,0,1,0,16,416,114,0
22.50,climb_cruise,497.8,497.8,31133.0,-44481,-54.31,57.94,29.74,15.07,15.0,125.0,1,1,10.19,-6.25,1.21,0.000,0.000,0.000,0.053,0.100,0.100,0.100,1,5.8,78.5,763,717,1,0,1,0,16,416,114,0
22.52,climb_cruise,498.0,498.0,31118.2,-44495,-54.22,57.56,30.06,15.08,15.0,125.0,1,1,10.21,-6.06,1.26,0.000,0.000,0.000,0.048,0.100,0.100,0.100,1,5.8,77.8,763,715,1,0,1,0,16,416,115,0
22.54,climb_cruise,498.2,498.2,31103.3,-44508,-54.13,57.18,30.38,15.09,15.0,125.0,1,1,10.23,-5.86,1.31,0.000,0.000,0.000,0.043,0.100,0.100,0.100,1,5.8,77.2,763,713,1,0,1,0,16,416,115,0
22.56,climb_cruise,498.5,498.5,31088.5,-44521,-54.04,56.81,30.69,15.11,15.0,125.0,1,1,10.25,-5.67,1.36,0.000,0.000,0.000,0.039,0.100,0.100,0.100,1,5.7,76.6,763,712,1,0,1,0,16,416,116,0
22.58,climb_cruise,498.7,498.7,31073.6,-44532,-53.95,56.44,31.01,15.12,15.0,125.0,1,1,10.27,-5.48,1.41,0.000,0.000,0.000,0.035,0.100,0.100,0.100,1,5.7,75.9,763,710,1,0,1,0,16,416,115,0
22.60,climb_cruise,499.0,499.0,31058.8,-44543,-53.86,56.08,31.33,15.13,15.0,125.0,1,1,10.29,-5.29,1.45,0.000,0.000,0.000,0.032,0.100,0.100,0.100,1,5.7,75.3,763,708,1,0,1,0,16,416,115,0
22.62,climb_cruise,499.2,499.2,31043.9,-44553,-53.77,55.72,31.64,15.15,15.0,125.0,1,1,10.31,-5.11,1.50,0.000,0.000,0.000,0.028,0.100,0.100,0.100,1,5.7,74.6,763,706,1,0,1,0,16,416,116,0
22.64,climb_cruise,499.4,499.4,31029.1,-44563,-53.68,55.36,31.96,15.16,15.0,125.0,1,1,10.33,-4.93,1.54,0.000,0.000,0.000,0.026,0.100,0.100,0.100,1,5.7,74.0,763,704,1,0,1,0,16,416,116,0
22.66,climb_cruise,499.7,499.7,31014.2,-44571,-53.58,55.01,32.28,15.18,15.0,125.0,1,1,10.35,-4.75,1.57,0.000,0.000,0.000,0.023,0.100,0.100,0.100,1,5.7,73.3,763,702,1,0,1,0,16,416,115,0
22.68,climb_cruise,499.9,499.9,30999.4,-44579,-53.49,54.66,32.59,15.19,15.0,125.0,1,1,10.37,-4.57,1.61,0.000,0.000,0.000,0.021,0.100,0.100,0.100,1,5.7,72.7,763,700,1,0,1,0,16,416,115,0
22.70,climb_cruise,500.2,500.2,30984.5,-44587,-53.40,54.32,32.91,15.20,15.0,125.0,1,1,10.39,-4.40,1.64,0.000,0.000,0.000,0.019,0.100,0.100,0.100,1,5.7,72.0,763,698,1,0,1,0,16,416,115,0
22.72,climb_cruise,500.4,500.4,30969.7,-44593,-53.30,53.98,33.22,15.22,15.0,125.0,1,1,10.41,-4.23,1.67,0.000,0.000,0.000,0.017,0.100,0.100,0.100,1,5.7,71.3,763,697,1,0,1,0,16,416,115,0
22.74,climb_cruise,500.6,500.6,30954.8,-44599,-53.20,53.64,33.54,15.23,15.0,125.0,1,1,10.43,-4.06,1.70,0.000,0.000,0.000,0.015,0.100,0.100,0.100,1,5.6,70.7,763,695,1,0,1,0,16,416,115,0
22.76,climb_cruise,500.9,500.9,30939.9,-44605,-53.11,53.31,33.85,15.25,15.0,125.0,1,1,10.45,-3.90,1.73,0.000,0.000,0.000,0.014,0.100,0.100,0.100,1,5.6,70.0,763,693,1,0,1,0,16,416,115,0
22.78,climb_cruise,501.1,501.1,30925.1,-44609,-53.01,52.99,34.17,15.26,15.0,125.0,1,1,10.47,-3.74,1.75,0.000,0.000,0.000,0.012,0.100,0.100,0.100,1,5.6,69.4,763,691,1,0,1,0,16,416,116,0
22.80,climb_cruise,501.3,501.3,30910.2,-44613,-52.91,52.66,34.48,15.28,15.0,125.0,1,1,10.49,-3.59,1.77,0.000,0.000,0.000,0.011,0.100,0.100,0.100,1,5.6,68.7,763,689,1,0,1,0,16,416,115,0
22.82,climb_cruise,501.6,501.6,30895.3,-44616,-52.81,52.34,34.79,15.29,15.0,125.0,1,1,10.51,-3.44,1.79,0.000,0.000,0.000,0.010,0.100,0.100,0.100,1,5.6,68.0,763,688,1,0,1,0,16,416,115,0
22.84,climb_cruise,501.8,501.8,30880.4,-44618,-52.71,52.03,35.10,15.31,15.0,125.0,1,1,10.53,-3.30,1.81,0.000,0.000,0.000,0.009,0.100,0.100,0.100,1,5.6,67.4,763,686,1,0,1,0,16,416,115,0
22.86,climb_cruise,502.0,502.0,30865.6,-44620,-52.61,51.72,35.41,15.32,15.0,125.0,1,1,10.55,-3.15,1.82,0.000,0.000,0.000,0.008,0.100,0.100,0.100,1,5.6,66.7,763,684,1,0,1,0,16,416,115,0
22.88,climb_cruise,502.3,502.3,30850.7,-44621,-52.51,51.41,35.72,15.33,15.0,125.0,1,1,10.57,-3.02,1.84,0.000,0.000,0.000,0.007,0.100,0.100,0.100,1,5.6,66.1,763,683,1,0,1,0,16,416,115,0
22.90,climb_cruise,502.5,502.5,30835.8,-44621,-52.40,51.10,36.03,15.35,15.0,125.0,1,1,10.59,-2.88,1.85,0.000,0.000,0.000,0.006,0.100,0.100,0.100,1,5.6,65.4,763,681,1,0,1,0,16,416,115,0
22.92,climb_cruise,502.7,502.7,30820.9,-44621,-52.30,50.80,36.34,15.36,15.0,125.0,1,1,10.61,-2.76,1.85,0.000,0.000,0.000,0.006,0.100,0.100,0.100,1,5.5,64.8,763,679,1,0,1,0,16,416,114,0
22.94,climb_cruise,502.9,502.9,30806.1,-44620,-52.19,50.51,36.65,15.38,15.0,125.0,1,1,10.63,-2.63,1.86,0.000,0.000,0.000,0.005,0.100,0.100,0.100,1,5.5,64.1,763,678,1,0,1,0,16,416,114,0
22.96,climb_cruise,503.2,503.2,30791.2,-44618,-52.09,50.21,36.95,15.39,15.0,125.0,1,1,10.65,-2.51,1.86,0.000,0.000,0.000,0.005,0.100,0.100,0.100,1,5.5,63.5,763,676,1,0,1,0,16,416,116,0
22.98,climb_cruise,503.4,503.4,30776.3,-44616,-51.98,49.92,37.26,15.41,15.0,125.0,1,1,10.67,-2.40,1.87,0.000,0.000,0.000,0.004,0.100,0.100,0.100,1,5.5,62.9,763,675,1,0,1,0,16,416,115,0
23.00,climb_cruise,503.6,503.6,30761.4,-44613,-51.87,49.64,37.56,15.43,15.0,125.0,1,1,10.68,-2.28,1.87,0.000,0.000,0.000,0.004,0.100,0.100,0.100,1,5.5,62.2,763,673,1,0,1,0,16,416,114,0
23.02,climb_cruise,503.9,503.9,30746.6,-44609,-51.76,49.36,37.86,15.44,15.0,125.0,1,1,10.70,-2.18,1.87,0.000,0.000,0.000,0.003,0.100,0.100,0.100,1,5.5,61.6,763,672,1,0,1,0,16,416,115,0
23.04,climb_cruise,504.1,504.1,30731.7,-44605,-51.65,49.08,38.16,15.46,15.0,125.0,1,1,10.72,-2.07,1.86,0.000,0.000,0.000,0.003,0.100,0.100,0.100,1,5.5,61.0,763,670,1,0,1,0,16,416,114,0
23.06,climb_cruise,504.3,504.3,30716.8,-44599,-51.53,48.80,38.46,15.47,15.0,125.0,1,1,10.74,-1.97,1.86,0.000,0.000,0.000,0.003,0.100,0.100,0.100,1,5.5,60.4,763,669,1,0,1,0,16,416,115,0
23.08,climb_cruise,504.5,504.5,30702.0,-44593,-51.42,48.53,38.76,15.49,15.0,125.0,1,1,10.76,-1.88,1.86,0.000,0.000,0.000,0.003,0.100,0.100,0.100,1,5.5,59.8,763,667,1,0,1,0,16,416,115,0
23.10,climb_cruise,504.8,504.8,30687.1,-44587,-51.30,48.26,39.06,15.50,15.0,125.0,1,1,10.77,-1.78,1.85,0.000,0.000,0.000,0.002,0.100,0.100,0.100,1,5.4,59.2,763,666,1,0,1,0,16,416,115,0
23.12,climb_cruise,505.0,505.0,30672.2,-44580,-51.19,47.99,39.35,15.52,15.0,125.0,1,1,10.79,-1.69,1.84,0.000,0.000,0.000,0.002,0.100,0.100,0.100,1,5.4,58.6,763,665,1,0,1,0,16,416,115,0
23.14,climb_cruise,505.2,505.2,30657.4,-44572,-51.07,47.73,39.65,15.53,15.0,125.0,1,1,10.81,-1.61,1.84,0.000,0.000,0.000,0.002,0.100,0.100,0.100,1,5.4,58.0,763,663,1,0,1,0,16,416,115,0
23.16,climb_cruise,505.4,505.4,30642.5,-44563,-50.95,47.47,39.94,15.55,15.0,125.0,1,1,10.83,-1.53,1.83,0.000,0.000,0.000,0.002,0.100,0.100,0.100,1,5.4,57.4,763,662,1,0,1,0,16,416,115,0
23.18,climb_cruise,505.7,505.7,30627.7,-44554,-50.83,47.22,40.23,15.57,15.0,125.0,1,1,10.84,-1.45,1.82,0.000,0.000,0.000,0.001,0.100,0.100,0.100,1,5.4,56.8,763,661,1,0,1,0,16,416,114,0
23.20,climb_cruise,505.9,505.9,30612.8,-44544,-50.71,46.96,40.52,15.58,15.0,125.0,1,1,10.86,-1.37,1.81,0.000,0.000,0.000,0.001,0.100,0.100,0.100,1,5.4,56.2,763,659,1,0,1,0,16,416,115,0
23.22,climb_cruise,506.1,506.1,30598.0,-44533,-50.59,46.71,40.81,15.60,15.0,125.0,1,1,10.88,-1.30,1.80,0.000,0.000,0.000,0.001,0.100,0.100,0.100,1,5.4,55.7,763,658,1,0,1,0,16,416,116,0
23.24,climb_cruise,506.3,506.3,30583.1,-44522,-50.46,46.47,41.10,15.61,15.0,125.0,1,1,10.89,-1.23,1.78,0.000,0.000,0.000,0.001,0.100,0.100,0.100,1,5.4,55.1,763,657,1,0,1,0,16,416,115,0
23.26,climb_cruise,506.6,506.6,30568.3,-44510,-50.34,46.22,41.39,15.63,15.0,125.0,1,1,10.91,-1.16,1.77,0.000,0.000,0.000,0.001,0.100,0.100,0.100,1,5.4,54.5,763,656,1,0,1,0,16,416,115,0
23.28,climb_cruise,506.8,506.8,30553.5,-44497,-50.21,45.98,41.67,15.65,15.0,125.0,1,1,10.92,-1.09,1.76,0.000,0.000,0.000,0.001,0.100,0.100,0.100,1,5.3,54.0,763,654,1,0,1,0,16,416,115,0
23.30,climb_cruise,507.0,507.0,30538.6,-44483,-50.08,45.74,41.96,15.66,15.0,125.0,1,1,10.94,-1.03,1.75,0.000,0.000,0.000,0.001,0.100,0.100,0.100,1,5.3,53.5,763,653,1,0,1,0,16,416,115,0
23.32,climb_cruise,507.2,507.2,30523.8,-44469,-49.96,45.50,42.24,15.68,15.0,125.0,1,1,10.96,-0.97,1.74,0.000,0.000,0.000,0.001,0.100,0.100,0.100,1,5.3,52.9,763,652,1,0,1,0,16,416,115,0
23.34,climb_cruise,507.5,507.5,30509.0,-44454,-49.83,45.27,42.52,15.70,15.0,125.0,1,1,10.97,-0.91,1.72,0.000,0.000,0.000,0.001,0.100,0.100,0.100,1,5.3,52.4,763,651,1,0,1,0,16,416,116,0
23.36,climb_cruise,507.7,507.7,30494.2,-44439,-49.70,45.04,42.80,15.71,15.0,125.0,1,1,10.99,-0.85,1.71,0.000,0.000,0.000,0.001,0.100,0.100,0.100,1,5.3,51.9,763,650,1,0,1,0,16,416,115,0
23.38,climb_cruise,507.9,507.9,30479.3,-44422,-49.56,44.81,43.07,15.73,15.0,125.0,1,1,11.01,-0.80,1.70,0.000,0.000,0.000,0.001,0.100,0.100,0.100,1,5.3,51.3,763,648,1,0,1,0,16,416,114,0
23.40,climb_cruise,508.1,508.1,30464.5,-44405,-49.43,44.59,43.35,15.75,15.0,125.0,1,1,11.02,-0.75,1.68,0.000,0.000,0.000,0.000,0.100,0.100,0.100,1,5.3,50.8,763,647,1,0,1,0,16,416,115,0
23.42,climb_cruise,508.3,508.3,30449.7,-44388,-49.30,44.37,43.62,15.76,15.0,125.0,1,1,11.04,-0.70,1.67,0.000,0.000,0.000,0.000,0.100,0.100,0.100,1,5.3,50.3,763,646,1,0,1,0,16,416,116,0
23.44,climb_cruise,508.5,508.5,30434.9,-44369,-49.16,44.15,43.90,15.78,15.0,125.0,1,1,11.05,-0.65,1.66,0.000,0.000,0.000,0.000,0.100,0.100,0.100,1,5.3,49.8,763,645,1,0,1,0,16,416,115,0
23.46,climb_cruise,508.8,508.8,30420.2,-44350,-49.03,43.93,44.17,15.80,15.0,125.0,1,1,11.07,-0.60,1.64,0.000,0.000,0.000,0.000,0.100,0.100,0.100,1,5.3,49.3,763,644,1,0,1,0,16,416,115,0
23.48,climb_cruise,509.0,509.0,30405.4,-44330,-48.89,43.71,44.44,15.81,15.0,125.0,1,1,11.08,-0.56,1.63,0.000,0.000,0.000,0.000,0.100,0.100,0.100,1,5.2,48.9,763,643,1,0,1,0,16,416,115,0
23.50,climb_cruise,509.2,509.2,30390.6,-44310,-48.75,43.50,44.70,15.83,15.0,125.0,1,1,11.10,-0.52,1.62,0.000,0.000,0.000,0.000,0.100,0.100,0.100,1,5.2,48.4,763,642,1,0,1,0,16,416,115,0
23.52,climb_cruise,509.4,509.4,30375.8,-44288,-48.61,43.29,44.97,15.85,15.0,125.0,1,1,11.11,-0.47,1.61,0.000,0.000,0.000,0.000,0.100,0.100,0.100,1,5.2,47.9,763,641,1,0,1,0,16,416,114,0
23.54,climb_cruise,509.6,509.6,30361.1,-44267,-48.47,43.08,45.24,15.86,15.0,125.0,1,1,11.13,-0.43,1.59,0.000,0.000,0.000,0.000,0.100,0.100,0.100,1,5.2,47.4,763,640,1,0,1,0,16,416,116,0
23.56,climb_cruise,509.8,509.8,30346.3,-44244,-48.33,42.88,45.50,15.88,15.0,125.0,1,1,11.15,-0.40,1.58,0.000,0.000,0.000,0.000,0.100,0.100,0.100,1,5.2,47.0,763,639,1,0,1,0,16,416,116,0
23.58,climb_cruise,510.1,510.1,30331.6,-44220,-48.19,42.67,45.76,15.90,15.0,125.0,1,1,11.16,-0.36,1.57,0.000,0.000,0.000,0.000,0.100,0.100,0.100,1,5.2,46.5,763,638,1,0,1,0,16,416,115,0
23.60,climb_cruise,510.3,510.3,30316.8,-44196,-48.04,42.47,46.02,15.92,15.0,125.0,1,1,11.18,-0.32,1.56,0.000,0.000,0.000,0.000,0.100,0.100,0.100,1,5.2,46.1,763,637,1,0,1,0,16,416,115,0
23.62,climb_cruise,510.5,510.5,30302.1,-44171,-47.90,42.27,46.28,15.93,15.0,125.0,1,1,11.19,-0.29,1.55,0.000,0.000,0.000,0.000,0.100,0.100,0.100,1,5.2,45.7,763,636,1,0,1,0,16,416,114,0
23.64,climb_cruise,510.7,510.7,30287.4,-44146,-47.76,42.08,46.54,15.95,15.0,125.0,1,1,11.21,-0.26,1.53,0.000,0.000,0.000,0.000,0.100,0.100,0.100,1,5.2,45.2,763,635,1,0,1,0,16,416,115,0
23.66,climb_cruise,510.9,510.9,30272.7,-44120,-47.61,41.88,46.80,15.97,15.0,125.0,1,1,11.22,-0.22,1.52,0.000,0.000,0.000,0.000,0.100,0.100,0.100,1,5.1,44.8,763,634,1,0,1,0,16,416,115,0
23.68,climb_cruise,511.1,511.1,30258.0,-44093,-47.46,41.69,47.05,15.98,15.0,125.0,1,1,11.24,-0.19,1.51,0.000,0.000,0.000,0.000,0.100,0.100,0.100,1,5.1,44.4,763,634,1,0,1,0,16,416,114,0
23.70,climb_cruise,511.3,511.3,30243.3,-44065,-47.31,41.50,47.31,16.00,15.0,125.0,1,1,11.25,-0.16,1.50,0.000,0.000,0.000,0.000,0.100,0.100,0.100,1,5.1,44.0,763,633,1,0,1,0,16,416,115,0
23.72,climb_cruise,511.5,511.5,30228.6,-44036,-47.16,41.31,47.56,16.02,15.0,125.0,1,1,11.27,-0.13,1.49,0.000,0.000,0.000,0.000,0.100,0.100,0.100,1,5.1,43.6,763,632,1,0,1,0,16,416,115,0
23.74,climb_cruise,511.7,511.7,30213.9,-44007,-47.01,41.12,47.81,16.04,15.0,125.0,1,1,11.28,-0.10,1.48,0.000,0.000,0.000,0.000,0.100,0.100,0.100,1,5.1,43.2,763,631,1,0,1,0,16,416,115,0
23.76,climb_cruise,512.0,512.0,30199.2,-43977,-46.86,40.94,48.06,16.05,15.0,125.0,1,1,11.30,-0.08,1.47,0.000,0.000,0.000,0.000,0.100,0.100,0.100,1,5.1,42.8,763,630,1,0,1,0,16,416,115,0
23.78,climb_cruise,512.2,512.2,30184.6,-43946,-46.71,40.76,48.31,16.07,15.0,125.0,1,1,11.31,-0.05,1.46,0.000,0.000,0.000,0.000,0.100,0.100,0.100,1,5.1,42.4,763,629,1,0,1,0,16,416,115,0
23.80,climb_cruise,512.4,512.4,30169.9,-43915,-46.56,40.58,48.56,16.09,15.0,125.0,1,1,11.33,-0.02,1.45,0.000,0.000,0.000,0.000,0.100,0.100,0.100,1,5.1,42.0,763,628,1,0,1,0,16,416,114,0
23.82,climb_cruise,512.6,512.6,30155.3,-43883,-46.40,40.40,48.80,16.11,15.0,125.0,1,1,11.34,0.00,1.44,0.000,0.000,0.000,0.000,0.100,0.100,0.100,1,5.1,41.6,763,628,1,0,1,0,16,416,114,0
23.84,climb_cruise,512.8,512.8,30140.7,-43850,-46.25,40.22,49.05,16.12,15.0,125.0,1,1,11.36,0.02,1.43,0.000,0.000,0.000,0.000,0.100,0.100,0.100,1,5.1,41.3,763,627,1,0,1,0,16,416,115,0
23.86,climb_cruise,513.0,513.0,30126.1,-43816,-46.09,40.05,49.29,16.14,15.0,125.0,1,1,11.37,0.05,1.43,0.000,0.000,0.000,0.000,0.100,0.100,0.100,1,5.0,40.9,763,626,1,0,1,0,16,416,115,0
23.88,climb_cruise,513.2,513.2,30111.5,-43782,-45.94,39.87,49.53,16.16,15.0,125.0,1,1,11.39,0.07,1.42,0.000,0.000,0.000,0.000,0.100,0.100,0.100,1,5.0,40.5,763,625,1,0,1,0,16,416,115,0
23.90,climb_cruise,513.4,513.4,30096.9,-43747,-45.78,39.70,49.77,16.18,15.0,125.0,1,1,11.40,0.09,1.41,0.000,0.000,0.000,0.000,0.100,0.100,0.100,1,5.0,40.2,763,625,1,0,1,0,16,416,114,0
23.92,climb_cruise,513.6,513.6,30082.3,-43711,-45.62,39.53,50.01,16.19,15.0,125.0,1,1,11.42,0.11,1.40,0.000,0.000,0.000,0.000,0.100,0.100,0.100,1,5.0,39.8,763,624,1,0,1,0,16,416,114,0
23.94,climb_cruise,513.8,513.8,30067.7,-43674,-45.46,39.37,50.25,16.21,15.0,125.0,1,1,11.43,0.13,1.39,0.000,0.000,0.000,0.000,0.100,0.100,0.100,1,5.0,39.5,763,623,1,0,1,0,16,416,115,0
23.96,climb_cruise,514.0,514.0,30053.2,-43637,-45.31,39.20,50.49,16.23,15.0,125.0,1,1,11.45,0.15,1.39,0.000,0.000,0.000,0.000,0.100,0.100,0.100,1,5.0,39.2,763,622,1,0,1,0,16,416,114,0
23.98,climb_cruise,514.2,514.2,30038.6,-43599,-45.15,39.04,50.72,16.25,15.0,125.0,1,1,11.46,0.17,1.38,0.000,0.000,0.000,0.000,0.100,0.100,0.100,1,5.0,38.8,763,622,1,0,1,0,16,416,115,0
24.00,climb_cruise,514.4,514.4,30024.1,-43560,-44.98,38.87,50.96,16.26,15.0,125.0,1,1,11.48,0.19,1.37,0.000,0.000,0.000,0.000,0.100,0.100,0.100,1,5.0,38.5,763,621,1,0,1,0,16,416,115,0
24.02,climb_cruise,514.6,514.6,30009.6,-43520,-44.82,38.71,51.19,16.28,15.0,125.0,1,1,11.49,0.21,1.37,0.000,0.000,0.000,0.000,0.100,0.100,0.100,1,5.0,38.2,763,620,1,0,1,0,16,416,115,0
24.04,climb_cruise,514.8,514.8,29995.1,-43479,-44.66,38.55,51.42,16.30,15.0,125.0,1,1,11.51,0.23,1.36,0.000,0.000,0.000,0.000,0.100,0.100,0.100,1,5.0,37.9,763,620,1,0,1,0,16,416,115,0
24.06,climb_cruise,515.0,515.0,29980.6,-43438,-44.50,38.40,51.65,16.32,15.0,125.0,1,1,11.52,0.24,1.35,0.000,0.000,0.000,0.000,0.100,0.100,0.100,1,4.9,37.6,763,619,1,0,1,0,16,416,115,0
24.08,climb_cruise,515.2,515.2,29966.1,-43396,-44.33,38.24,51.88,16.33,15.0,125.0,1,1,11.53,0.26,1.35,0.000,0.000,0.000,0.000,0.100,0.100,0.100,1,4.9,37.3,763,618,1,0,1,0,16,416,115,0
24.10,climb_cruise,515.4,515.4,29951.7,-43353,-44.17,38.09,52.11,16.35,15.0,125.0,1,1,11.55,0.28,1.34,0.000,0.000,0.000,0.000,0.100,0.100,0.100,1,4.9,37.0,763,618,1,0,1,0,16,416,114,0
24.12,climb_cruise,515.6,515.6,29937.2,-43310,-44.00,37.93,52.34,16.37,15.0,125.0,1,1,11.56,0.29,1.34,0.000,0.000,0.000,0.000,0.100,0.100,0.100,1,4.9,36.7,763,617,1,0,1,0,16,416,114,0
24.14,climb_cruise,515.8,515.8,29922.8,-43266,-43.83,37.78,52.57,16.39,15.0,125.0,1,1,11.58,0.31,1.33,0.000,0.000,0.000,0.000,0.100,0.100,0.100,1,4.9,36.4,763,617,1,0,1,0,16,416,115,0
24.16,climb_cruise,516.0,516.0,29908.4,-43220,-43.67,37.63,52.79,16.41,15.0,125.0,1,1,11.59,0.32,1.33,0.000,0.000,0.000,0.000,0.100,0.100,0.100,1,4.9,36.1,763,616,1,0,1,0,16,416,115,0
24.18,climb_cruise,516.2,516.2,29894.0,-43175,-43.50,37.48,53.02,16.42,15.0,125.0,1,1,11.61,0.34,1.32,0.000,0.000,0.000,0.000,0.100,0.100,0.100,1,4.9,35.8,763,615,1,0,1,0,16,416,115,0
24.20,climb_cruise,516.4,516.4,29879.6,-43128,-43.33,37.34,53.24,16.44,15.0,125.0,1,1,11.62,0.35,1.32,0.000,0.000,0.000,0.000,0.100,0.100,0.100,1,4.9,35.6,763,615,1,0,1,0,16,416,115,0
24.22,climb_cruise,516.6,516.6,29865.2,-43081,-43.16,37.19,53.46,16.46,15.0,125.0,1,1,11.64,0.37,1.31,0.000,0.000,0.000,0.000,0.100,0.100,0.100,1,4.9,35.3,763,614,1,0,1,0,16,416,115,0
24.24,climb_cruise,516.8,516.8,29850.8,-43032,-42.99,37.05,53.68,16.48,15.0,125.0,1,1,11.65,0.38,1.31,0.000,0.000,0.000,0.000,0.100,0.100,0.100,1,4.9,35.0,763,614,1,0,1,0,16,416,114,0
24.26,climb_cruise,517.0,517.0,29836.5,-42983,-42.82,36.91,53.90,16.49,15.0,125.0,1,1,11.67,0.39,1.30,0.000,0.000,0.000,0.000,0.100,0.100,0.100,1,4.8,34.8,763,613,1,0,1,0,16,416,115,0
24.28,climb_cruise,517.2,517.2,29822.2,-42933,-42.65,36.77,54.12,16.51,15.0,125.0,1,1,11.68,0.41,1.30,0.000,0.000,0.000,0.000,0.100,0.100,0.100,1,4.8,34.5,763,613,1,0,1,0,16,416,115,0
24.30,climb_cruise,517.4,517.4,29807.9,-42883,-42.48,36.63,54.34,16.53,15.0,125.0,1,1,11.70,0.42,1.30,0.000,0.000,0.000,0.000,0.100,0.100,0.100,1,4.8,34.3,763,612,1,0,1,0,16,416,115,0
24.32,climb_cruise,517.6,517.6,29793.6,-42832,-42.31,36.49,54.56,16.55,15.0,125.0,1,1,11.71,0.43,1.29,0.000,0.000,0.000,0.000,0.100,0.100,0.100,1,4.8,34.0,763,611,1,0,1,0,16,416,114,0
24.34,climb_cruise,517.8,517.8,29779.3,-42779,-42.13,36.35,54.77,16.57,15.0,125.0,1,1,11.73,0.44,1.29,0.000,0.000,0.000,0.000,0.100,0.100,0.100,1,4.8,33.8,763,611,1,0,1,0,16,416,116,0
24.36,climb_cruise,517.9,517.9,29765.1,-42726,-41.96,36.22,54.99,16.58,15.0,125.0,1,1,11.74,0.45,1.28,0.000,0.000,0.000,0.000,0.100,0.100,0.100,1,4.8,33.5,763,610,1,0,1,0,16,416,114,0
24.38,climb_cruise,518.1,518.1,29750.8,-42673,-41.78,36.08,55.20,16.60,15.0,125.0,1,1,11.75,0.46,1.28,0.000,0.000,0.000,0.000,0.100,0.100,0.100,1,4.8,33.3,763,610,1,0,1,0,16,416,114,0
24.40,climb_cruise,518.3,518.3,29736.6,-42618,-41.61,35.95,55.41,16.62,15.0,125.0,1,1,11.77,0.48,1.28,0.000,0.000,0.000,0.000,0.100,0.100,0.100,1,4.8,33.1,763,609,1,0,1,0,16,416,114,0
24.42,climb_cruise,518.5,518.5,29722.4,-42563,-41.43,35.82,55.63,16.64,15.0,125.0,1,1,11.78,0.49,1.28,0.000,0.000,0.000,0.000,0.100,0.100,0.100,1,4.8,32.8,763,609,1,0,1,0,16,416,116,0
24.44,climb_cruise,518.7,518.7,29708.2,-42506,-41.26,35.69,55.84,16.66,15.0,125.0,1,1,11.80,0.50,1.27,0.000,0.000,0.000,0.000,0.100,0.100,0.100,1,4.8,32.6,763,608,1,0,1,0,16,416,115,0
24.46,climb_cruise,518.9,518.9,29694.1,-42449,-41.08,35.56,56.05,16.67,15.0,125.0,1,1,11.81,0.51,1.27,0.000,0.000,0.000,0.000,0.100,0.100,0.100,1,4.8,32.4,763,608,1,0,1,0,16,416,116,0
24.48,climb_cruise,519.1,519.1,29679.9,-42392,-40.90,35.44,56.26,16.69,15.0,125.0,1,1,11.83,0.52,1.27,0.000,0.000,0.000,0.000,0.100,0.100,0.100,1,4.7,32.2,763,608,1,0,1,0,16,416,115,0
24.50,climb_cruise,519.3,519.3,29665.8,-42333,-40.72,35.31,56.47,16.71,15.0,125.0,1,1,11.84,0.53,1.26,0.000,0.000,0.000,0.000,0.100,0.100,0.100,1,4.7,32.0,763,607,1,0,1,0,16,416,114,0
24.52,climb_cruise,519.4,519.4,29651.7,-42274,-40.54,35.19,56.67,16.73,15.0,125.0,1,1,11.86,0.54,1.26,0.000,0.000,0.000,0.000,0.100,0.100,0.100,1,4.7,31.8,763,607,1,0,1,0,16,416,116,0
24.54,climb_cruise,519.6,519.6,29637.6,-42213,-40.36,35.06,56.88,16.75,15.0,125.0,1,1,11.87,0.55,1.26,0.000,0.000,0.000,0.000,0.100,0.100,0.100,1,4.7,31.6,763,606,1,0,1,0,16,416,116,0
24.56,climb_cruise,519.8,519.8,29623.5,-42152,-40.18,34.94,57.09,16.76,15.0,125.0,1,1,11.89,0.56,1.26,0.000,0.000,0.000,0.000,0.100,0.100,0.100,1,4.7,31.4,763,606,1,0,1,0,16,416,116,0
24.58,climb_cruise,520.0,520.0,29609.5,-42091,-40.00,34.82,57.29,16.78,15.0,125.0,1,1,11.90,0.57,1.26,0.000,0.000,0.000,0.000,0.100,0.100,0.100,1,4.7,31.2,763,605,1,0,1,0,16,416,116,0
24.60,climb_cruise,520.2,520.2,29595.5,-42028,-39.82,34.70,57.49,16.80,15.0,125.0,1,1,11.92,0.57,1.25,0.000,0.000,0.000,0.000,0.100,0.100,0.100,1,4.7,31.0,763,605,1,0,1,0,16,416,116,0
24.62,climb_cruise,520.4,520.4,29581.5,-41964,-39.64,34.58,57.70,16.82,15.0,125.0,1,1,11.93,0.58,1.25,0.000,0.000,0.000,0.000,0.100,0.100,0.100,1,4.7,30.8,763,604,1,0,1,0,16,416,114,0
24.64,climb_cruise,520.5,520.5,29567.5,-41900,-39.46,34.46,57.90,16.84,15.0,125.0,1,1,11.95,0.59,1.25,0.000,0.000,0.000,0.000,0.100,0.100,0.100,1,4.7,30.6,763,604,1,0,1,0,16,416,114,0
24.66,climb_cruise,520.7,520.7,29553.5,-41835,-39.27,34.35,58.10,16.85,15.0,125.0,1,1,11.96,0.60,1.25,0.000,0.000,0.000,0.000,0.100,0.100,0.100,1,4.7,30.4,763,604,1,0,1,0,16,416,114,0
24.68,climb_cruise,520.9,520.9,29539.6,-41769,-39.09,34.23,58.30,16.87,15.0,125.0,1,1,11.97,0.61,1.25,0.000,0.000,0.000,0.000,0.100,0.100,0.100,1,4.6,30.2,763,603,1,0,1,0,16,416,115,0
24.70,climb_cruise,521.1,521.1,29525.7,-41702,-38.91,34.12,58.50,16.89,15.0,125.0,1,1,11.99,0.62,1.25,0.000,0.000,0.000,0.000,0.100,0.100,0.100,1,4.6,30.1,763,603,1,0,1,0,16,416,115,0
24.72,climb_cruise,521.3,521.3,29511.8,-41634,-38.72,34.01,58.70,16.91,15.0,125.0,1,1,12.00,0.62,1.24,0.000,0.000,0.000,0.000,0.100,0.100,0.100,1,4.6,29.9,763,602,1,0,1,0,16,416,115,0
24.74,climb_cruise,521.4,521.4,29497.9,-41566,-38.53,33.90,58.90,16.93,15.0,125.0,1,1,12.02,0.63,1.24,0.000,0.000,0.000,0.000,0.100,0.100,0.100,1,4.6,29.7,763,602,1,0,1,0,16,416,115,0
24.76,climb_cruise,521.6,521.6,29484.1,-41497,-38.35,33.79,59.10,16.94,15.0,125.0,1,1,12.03,0.64,1.24,0.000,0.000,0.000,0.000,0.100,0.100,0.100,1,4.6,29.6,763,602,1,0,1,0,16,416,115,0
24.78,climb_cruise,521.8,521.8,29470.2,-41427,-38.16,33.68,59.29,16.96,15.0,125.0,1,1,12.05,0.65,1.24,0.000,0.000,0.000,0.000,0.100,0.100,0.100,1,4.6,29.4,763,601,1,0,1,0,16,416,114,0
24.80,climb_cruise,522.0,522.0,29456.4,-41356,-37.98,33.57,59.49,16.98,15.0,125.0,1,1,12.06,0.65,1.24,0.000,0.000,0.000,0.000,0.100,0.100,0.100,1,4.6,29.2,763,601,1,0,1,0,16,416,116,0
24.82,climb_cruise,522.1,522.1,29442.7,-41284,-37.79,33.46,59.68,17.00,15.0,125.0,1,1,12.08,0.66,1.24,0.000,0.000,0.000,0.000,0.100,0.100,0.100,1,4.6,29.1,763,601,1,0,1,0,16,416,116,0
24.84,climb_cruise,522.3,522.3,29428.9,-41211,-37.60,33.36,59.88,17.02,15.0,125.0,1,1,12.09,0.67,1.24,0.000,0.000,0.000,0.000,0.100,0.100,0.100,1,4.6,28.9,763,600,1,0,1,0,16,416,115,0
24.86,climb_cruise,522.5,522.5,29415.2,-41138,-37.41,33.25,60.07,17.03,15.0,125.0,1,1,12.11,0.67,1.24,0.000,0.000,0.000,0.000,0.100,0.100,0.100,1,4.6,28.8,763,600,1,0,1,0,16,416,115,0
24.88,climb_cruise,522.6,522.6,29401.5,-41063,-37.22,33.15,60.26,17.05,15.0,125.0,1,1,12.12,0.68,1.24,0.000,0.000,0.000,0.000,0.100,0.100,0.100,1,4.6,28.6,763,600,1,0,1,0,16,416,114,0
24.90,climb_cruise,522.8,522.8,29387.8,-40988,-37.03,33.05,60.46,17.07,15.0,125.0,1,1,12.14,0.69,1.23,0.000,0.000,0.000,0.000,0.100,0.100,0.100,1,4.5,28.5,763,599,1,0,1,0,16,416,116,0
24.92,climb_cruise,523.0,523.0,29374.1,-40912,-36.84,32.95,60.65,17.09,15.0,125.0,1,1,12.15,0.69,1.23,0.000,0.000,0.000,0.000,0.100,0.100,0.100,1,4.5,28.3,763,599,1,0,1,0,16,416,115,0
24.94,climb_cruise,523.2,523.2,29360.5,-40835,-36.65,32.85,60.84,17.11,15.0,125.0,1,1,12.16,0.70,1.23,0.000,0.000,0.000,0.000,0.100,0.100,0.100,1,4.5,28.2,763,599,1,0,1,0,16,416,114,0
24.96,climb_cruise,523.3,523.3,29346.9,-40758,-36.46,32.75,61.03,17.12,15.0,125.0,1,1,12.18,0.71,1.23,0.000,0.000,0.000,0.000,0.100,0.100,0.100,1,4.5,28.0,763,598,1,0,1,0,16,416,115,0
24.98,climb_cruise,523.5,523.5,29333.3,-40679,-36.27,32.65,61.22,17.14,15.0,125.0,1,1,12.19,0.71,1.23,0.000,0.000,0.000,0.000,0.100,0.100,0.100,1,4.5,27.9,763,598,1,0,1,0,16,416,114,0
25.00,climb_cruise,523.7,523.7,29319.8,-40600,-36.08,32.55,61.41,17.16,15.0,125.0,1,1,12.21,0.72,1.23,0.000,0.000,0.000,0.000,0.100,0.100,0.100,1,4.5,27.8,763,598,1,0,1,0,16,416,116,0
25.02,climb_cruise,523.8,523.8,29306.3,-40519,-35.88,32.46,61.59,17.18,15.0,125.0,1,1,12.22,0.73,1.23,0.000,0.000,0.000,0.000,0.100,0.100,0.100,1,4.5,27.6,763,597,1,0,1,0,16,416,115,0
25.04,climb_cruise,524.0,524.0,29292.8,-40438,-35.69,32.36,61.78,17.20,15.0,125.0,1,1,12.24,0.73,1.23,0.000,0.000,0.000,0.000,0.100,0.100,0.100,1,4.5,27.5,763,597,1,0,1,0,16,416,115,0
25.06,climb_cruise,524.2,524.2,29279.3,-40356,-35.49,32.27,61.97,17.22,15.0,125.0,1,1,12.25,0.74,1.23,0.000,0.000,0.000,0.000,0.100,0.100,0.100,1,4.5,27.4,763,597,1,0,1,0,16,416,115,0
25.08,climb_cruise,524.3,524.3,29265.9,-40274,-35.30,32.17,62.15,17.23,15.0,125.0,1,1,12.27,0.74,1.23,0.000,0.000,0.000,0.000,0.100,0.100,0.100,1,4.5,27.2,763,597,1,0,1,0,16,416,116,0
25.10,climb_cruise,524.5,524.5,29252.4,-40190,-35.11,32.08,62.34,17.25,15.0,125.0,1,1,12.28,0.75,1.23,0.000,0.000,0.000,0.000,0.100,0.100,0.100,1,4.5,27.1,763,596,1,0,1,0,16,416,115,0
25.12,climb_cruise,524.6,524.6,29239.1,-40106,-34.91,31.99,62.52,17.27,15.0,125.0,1,1,12.29,0.75,1.23,0.000,0.000,0.000,0.000,0.100,0.100,0.100,1,4.4,27.0,763,596,1,0,1,0,16,416,116,0
25.14,climb_cruise,524.8,524.8,29225.7,-40021,-34.71,31.90,62.71,17.29,15.0,125.0,1,1,12.30,0.76,1.23,0.000,0.000,0.000,0.000,0.100,0.100,0.100,1,4.4,26.9,763,596,1,0,1,0,16,416,114,0
25.16,climb_cruise,525.0,525.0,29212.4,-39935,-34.52,31.81,62.89,17.31,15.0,125.0,1,1,12.32,0.76,1.23,0.000,0.000,0.000,0.000,0.100,0.100,0.100,1,4.4,26.8,763,595,1,0,1,0,16,416,115,0
25.18,climb_cruise,525.1,525.1,29199.1,-39848,-34.32,31.72,63.07,17.33,15.0,125.0,1,1,12.33,0.77,1.23,0.000,0.000,0.000,0.000,0.100,0.100,0.100,1,4.4,26.6,763,595,1,0,1,0,16,416,114,0
25.20,climb_cruise,525.3,525.3,29185.8,-39760,-34.12,31.64,63.26,17.34,15.0,125.0,1,1,12.34,0.77,1.23,0.000,0.000,0.000,0.000,0.100,0.100,0.100,1,4.4,26.5,763,595,1,0,1,0,16,416,114,0
25.22,climb_cruise,525.4,525.4,29172.6,-39672,-33.93,31.55,63.44,17.36,15.0,125.0,1,1,12.35,0.78,1.23,0.000,0.000,0.000,0.000,0.100,0.100,0.100,1,4.4,26.4,763,595,1,0,1,0,16,416,115,0
25.24,climb_cruise,525.6,525.6,29159.3,-39582,-33.73,31.47,63.62,17.38,15.0,125.0,1,1,12.36,0.78,1.23,0.000,0.000,0.000,0.000,0.100,0.100,0.100,1,4.4,26.3,763,594,1,0,1,0,16,416,116,0
25.26,climb_cruise,525.8,525.8,29146.2,-39492,-33.53,31.38,63.80,17.40,15.0,125.0,1,1,12.37,0.79,1.23,0.000,0.000,0.000,0.000,0.100,0.100,0.100,1,4.4,26.2,763,594,1,0,1,0,16,416,114,0
25.28,climb_cruise,525.9,525.9,29133.0,-39401,-33.33,31.30,63.98,17.42,15.0,125.0,1,1,12.38,0.79,1.23,0.000,0.000,0.000,0.000,0.100,0.100,0.100,1,4.4,26.1,763,594,1,0,1,0,16,416,116,0
25.30,climb_cruise,526.1,526.1,29119.9,-39310,-33.13,31.22,64.16,17.44,15.0,125.0,1,1,12.39,0.80,1.23,0.000,0.000,0.000,0.000,0.100,0.100,0.100,1,4.4,26.0,763,594,1,0,1,0,16,416,115,0
25.32,climb_cruise,526.2,526.2,29106.8,-39217,-32.93,31.14,64.34,17.46,15.0,125.0,1,1,12.40,0.80,1.23,0.000,0.000,0.000,0.000,0.100,0.100,0.100,1,4.4,25.9,763,593,1,0,1,0,16,416,115,0
25.34,climb_cruise,526.4,526.4,29093.7,-39124,-32.73,31.06,64.51,17.47,15.0,125.0,1,1,12.41,0.80,1.23,0.000,0.000,0.000,0.000,0.100,0.100,0.100,1,4.4,25.8,763,593,1,0,1,0,16,416,116,0
25.36,climb_cruise,526.5,526.5,29080.7,-39030,-32.53,30.98,64.69,17.49,15.0,125.0,1,1,12.42,0.81,1.23,0.000,0.000,0.000,0.000,0.100,0.100,0.100,1,4.3,25.7,763,593,1,0,1,0,16,416,115,0
25.38,climb_cruise,526.7,526.7,29067.7,-38935,-32.33,30.90,64.87,17.51,15.0,125.0,1,1,12.43,0.81,1.23,0.000,0.000,0.000,0.000,0.100,0.100,0.100,1,4.3,25.6,763,593,1,0,1,0,16,416,116,0
25.40,climb_cruise,526.8,526.8,29054.7,-38839,-32.13,30.82,65.04,17.53,15.0,125.0,1,1,12.44,0.82,1.23,0.000,0.000,0.000,0.000,0.100,0.100,0.100,1,4.3,25.5,763,592,1,0,1,0,16,416,115,0
25.42,climb_cruise,527.0,527.0,29041.8,-38742,-31.93,30.74,65.22,17.55,15.0,125.0,1,1,12.45,0.82,1.23,0.000,0.000,0.000,0.000,0.100,0.100,0.100,1,4.3,25.4,763,592,1,0,1,0,16,416,114,0
25.44,climb_cruise,527.1,527.1,29028.9,-38645,-31.73,30.67,65.39,17.57,15.0,125.0,1,1,12.46,0.82,1.23,0.000,0.000,0.000,0.000,0.100,0.100,0.100,1,4.3,25.3,763,592,1,0,1,0,16,416,116,0
25.46,climb_cruise,527.3,527.3,29016.0,-38547,-31.53,30.59,65.57,17.59,15.0,125.0,1,1,12.47,0.83,1.23,0.000,0.000,0.000,0.000,0.100,0.100,0.100,1,4.3,25.2,763,592,1,0,1,0,16,416,114,0
25.48,climb_cruise,527.4,527.4,29003.2,-38448,-31.33,30.52,65.74,17.60,15.0,125.0,1,1,12.48,0.83,1.23,0.000,0.000,0.000,0.000,0.100,0.100,0.100,1,4.3,25.1,763,592,1,0,1,0,16,416,116,0
25.50,climb_cruise,527.6,527.6,28990.4,-38348,-31.12,30.45,65.91,17.62,15.0,125.0,1,1,12.49,0.84,1.23,0.000,0.000,0.000,0.000,0.100,0.100,0.100,1,4.3,25.0,763,591,1,0,1,0,16,416,114,0
25.52,climb_cruise,527.7,527.7,28977.6,-38247,-30.92,30.37,66.08,17.64,15.0,125.0,1,1,12.50,0.84,1.23,0.000,0.000,0.000,0.000,0.100,0.100,0.100,1,4.3,25.0,763,591,1,0,1,0,16,416,115,0
25.54,climb_cruise,527.8,527.8,28964.9,-38145,-30.72,30.30,66.26,17.66,15.0,125.0,1,1,12.51,0.84,1.23,0.000,0.000,0.000,0.000,0.100,0.100,0.100,1,4.3,24.9,763,591,1,0,1,0,16,416,114,0
25.56,climb_cruise,528.0,528.0,28952.2,-38043,-30.51,30.23,66.43,17.68,15.0,125.0,1,1,12.52,0.85,1.23,0.000,0.000,0.000,0.000,0.100,0.100,0.100,1,4.3,24.8,763,591,1,0,1,0,16,416,116,0
25.58,climb_cruise,528.1,528.1,28939.5,-37940,-30.31,30.16,66.60,17.70,15.0,125.0,1,1,12.53,0.85,1.23,0.000,0.000,0.000,0.000,0.100,0.100,0.100,1,4.2,24.7,763,591,1,0,1,0,16,416,116,0
25.60,climb_cruise,528.3,528.3,28926.9,-37836,-30.10,30.10,66.77,17.71,15.0,125.0,1,1,12.54,0.85,1.23,0.000,0.000,0.000,0.000,0.100,0.100,0.100,1,4.2,24.6,763,590,1,0,1,0,16,416,115,0
25.62,climb_cruise,528.4,528.4,28914.3,-37731,-29.90,30.03,66.94,17.73,15.0,125.0,1,1,12.55,0.86,1.23,0.000,0.000,0.000,0.000,0.100,0.100,0.100,1,4.2,24.6,763,590,1,0,1,0,16,416,114,0
25.64,climb_cruise,528.5,528.5,28901.7,-37626,-29.69,29.96,67.11,17.75,15.0,125.0,1,1,12.56,0.86,1.23,0.000,0.000,0.000,0.000,0.100,0.100,0.100,1,4.2,24.5,763,590,1,0,1,0,16,416,115,0
25.66,climb_cruise,528.7,528.7,28889.2,-37519,-29.49,29.89,67.28,17.77,15.0,125.0,1,1,12.57,0.86,1.23,0.000,0.000,0.000,0.000,0.100,0.100,0.100,1,4.2,24.4,763,590,1,0,1,0,16,416,116,0
25.68,climb_cruise,528.8,528.8,28876.7,-37412,-29.28,29.83,67.45,17.79,15.0,125.0,1,1,12.58,0.87,1.23,0.000,0.000,0.000,0.000,0.100,0.100,0.100,1,4.2,24.3,763,590,1,0,1,0,16,416,115,0
25.70,climb_cruise,528.9,528.9,28864.2,-37304,-29.08,29.76,67.61,17.81,15.0,125.0,1,1,12.59,0.87,1.23,0.000,0.000,0.000,0.000,0.100,0.100,0.100,1,4.2,24.3,763,590,1,0,1,0,16,416,116,0
25.72,climb_cruise,529.1,529.1,28851.8,-37195,-28.87,29.70,67.78,17.83,15.0,125.0,1,1,12.60,0.87,1.24,0.000,0.000,0.000,0.000,0.100,0.100,0.100,1,4.2,24.2,763,589,1,0,1,0,16,416,115,0
25.74,climb_cruise,529.2,529.2,28839.4,-37085,-28.66,29.64,67.95,17.84,15.0,125.0,1,1,12.61,0.88,1.24,0.000,0.000,0.000,0.000,0.100,0.100,0.100,1,4.2,24.1,763,589,1,0,1,0,16,416,115,0
25.76,climb_cruise,529.3,529.3,28827.1,-36975,-28.46,29.58,68.11,17.86,15.0,125.0,1,1,12.62,0.88,1.24,0.000,0.000,0.000,0.000,0.100,0.100,0.100,1,4.2,24.0,763,589,1,0,1,0,16,416,116,0
25.78,climb_cruise,529.5,529.5,28814.8,-36864,-28.25,29.51,68.28,17.88,15.0,125.0,1,1,12.63,0.88,1.24,0.000,0.000,0.000,0.000,0.100,0.100,0.100,1,4.2,24.0,763,589,1,0,1,0,16,416,116,0
25.80,climb_cruise,529.6,529.6,28802.5,-36751,-28.04,29.45,68.44,17.90,15.0,125.0,1,1,12.64,0.89,1.24,0.000,0.000,0.000,0.000,0.100,0.100,0.100,1,4.2,23.9,763,589,1,0,1,0,16,416,115,0
25.82,climb_cruise,529.7,529.7,28790.2,-36639,-27.83,29.40,68.61,17.92,15.0,125.0,1,1,12.65,0.89,1.24,0.000,0.000,0.000,0.000,0.100,0.100,0.100,1,4.1,23.8,763,589,1,0,1,0,16,416,115,0
25.84,climb_cruise,529.9,529.9,28778.0,-36525,-27.62,29.34,68.77,17.94,15.0,125.0,1,1,12.66,0.89,1.24,0.000,0.000,0.000,0.000,0.100,0.100,0.100,1,4.1,23.8,763,588,1,0,1,0,16,416,116,0
25.86,climb_cruise,530.0,530.0,28765.9,-36410,-27.42,29.28,68.94,17.96,15.0,125.0,1,1,12.67,0.90,1.24,0.000,0.000,0.000,0.000,0.100,0.100,0.100,1,4.1,23.7,763,588,1,0,1,0,16,416,114,0
25.88,climb_cruise,530.1,530.1,28753.8,-36295,-27.21,29.22,69.10,17.97,15.0,125.0,1,1,12.68,0.90,1.24,0.000,0.000,0.000,0.000,0.100,0.100,0.100,1,4.1,23.7,763,588,1,0,1,0,16,416,114,0
25.90,climb_cruise,530.2,530.2,28741.7,-36179,-27.00,29.16,69.27,17.99,15.0,125.0,1,1,12.69,0.90,1.24,0.000,0.000,0.000,0.000,0.100,0.100,0.100,1,4.1,23.6,763,588,1,0,1,0,16,416,115,0
25.92,climb_cruise,530.4,530.4,28729.6,-36062,-26.79,29.11,69.43,18.01,15.0,125.0,1,1,12.69,0.91,1.24,0.000,0.000,0.000,0.000,0.100,0.100,0.100,1,4.1,23.5,763,588,1,0,1,0,16,416,115,0
25.94,climb_cruise,530.5,530.5,28717.6,-35944,-26.58,29.05,69.59,18.03,15.0,125.0,1,1,12.70,0.91,1.24,0.000,0.000,0.000,0.000,0.100,0.100,0.100,1,4.1,23.5,763,588,1,0,1,0,16,416,114,0
25.96,climb_cruise,530.6,530.6,28705.7,-35826,-26.37,29.00,69.75,18.05,15.0,125.0,1,1,12.71,0.91,1.24,0.000,0.000,0.000,0.000,0.100,0.100,0.100,1,4.1,23.4,763,588,1,0,1,0,16,416,115,0
25.98,climb_cruise,530.7,530.7,28693.7,-35706,-26.16,28.95,69.92,18.07,15.0,125.0,1,1,12.72,0.92,1.24,0.000,0.000,0.000,0.000,0.100,0.100,0.100,1,4.1,23.4,763,587,1,0,1,0,16,416,116,0
26.00,climb_cruise,530.9,530.9,28681.8,-35586,-25.95,28.89,70.08,18.08,15.0,125.0,1,1,12.73,0.92,1.24,0.000,0.000,0.000,0.000,0.100,0.100,0.100,1,4.1,23.3,763,587,1,0,1,0,16,416,116,0
26.02,climb_cruise,531.0,531.0,28670.0,-35465,-25.73,28.84,70.24,18.10,15.0,125.0,1,1,12.74,0.92,1.25,0.000,0.000,0.000,0.000,0.100,0.100,0.100,1,4.1,23.2,763,587,1,0,1,0,16,416,116,0
26.04,climb_cruise,531.1,531.1,28658.2,-35343,-25.52,28.79,70.40,18.12,15.0,125.0,1,1,12.75,0.92,1.25,0.000,0.000,0.000,0.000,0.100,0.100,0.100,1,4.1,23.2,763,587,1,0,1,0,16,416,114,0
26.06,climb_cruise,531.2,531.2,28646.4,-35221,-25.31,28.74,70.56,18.14,15.0,125.0,1,1,12.76,0.93,1.25,0.000,0.000,0.000,0.000,0.100,0.100,0.100,1,4.1,23.1,763,587,1,0,1,0,16,416,115,0
26.08,climb_cruise,531.3,531.3,28634.7,-35098,-25.10,28.69,70.72,18.16,15.0,125.0,1,1,12.77,0.93,1.25,0.000,0.000,0.000,0.000,0.100,0.100,0.100,1,4.0,23.1,763,587,1,0,1,0,16,416,115,0
26.10,climb_cruise,531.4,531.4,28623.0,-34973,-24.89,28.64,70.88,18.18,15.0,125.0,1,1,12.78,0.93,1.25,0.000,0.000,0.000,0.000,0.100,0.100,0.100,1,4.0,23.0,763,587,1,0,1,0,16,416,116,0
26.12,climb_cruise,531.6,531.6,28611.4,-34849,-24.67,28.60,71.04,18.20,15.0,125.0,1,1,12.79,0.94,1.25,0.000,0.000,0.000,0.000,0.100,0.100,0.100,1,4.0,23.0,763,586,1,0,1,0,16,416,115,0
26.14,climb_cruise,531.7,531.7,28599.8,-34723,-24.46,28.55,71.20,18.21,15.0,125.0,1,1,12.80,0.94,1.25,0.000,0.000,0.000,0.000,0.100,0.100,0.100,1,4.0,22.9,763,586,1,0,1,0,16,416,116,0
26.16,climb_cruise,531.8,531.8,28588.2,-34596,-24.25,28.50,71.35,18.23,15.0,125.0,1,1,12.81,0.94,1.25,0.000,0.000,0.000,0.000,0.100,0.100,0.100,1,4.0,22.9,763,586,1,0,1,0,16,416,116,0
26.18,climb_cruise,531.9,531.9,28576.7,-34469,-24.03,28.46,71.51,18.25,15.0,125.0,1,1,12.82,0.95,1.25,0.000,0.000,0.000,0.000,0.100,0.100,0.100,1,4.0,22.8,763,586,1,0,1,0,16,416,115,0
26.20,climb_cruise,532.0,532.0,28565.2,-34341,-23.82,28.41,71.67,18.27,15.0,125.0,1,1,12.83,0.95,1.25,0.000,0.000,0.000,0.000,0.100,0.100,0.100,1,4.0,22.8,763,586,1,0,1,0,16,416,115,0
26.22,climb_cruise,532.1,532.1,28553.8,-34212,-23.61,28.37,71.83,18.29,15.0,125.0,1,1,12.84,0.95,1.25,0.000,0.000,0.000,0.000,0.100,0.100,0.100,1,4.0,22.7,763,586,1,0,1,0,16,416,116,0
26.24,climb_cruise,532.2,532.2,28542.4,-34082,-23.39,28.32,71.98,18.31,15.0,125.0,1,1,12.85,0.95,1.25,0.000,0.000,0.000,0.000,0.100,0.100,0.100,1,4.0,22.7,763,586,1,0,1,0,16,416,116,0
26.26,climb_cruise,532.3,532.3,28531.1,-33952,-23.18,28.28,72.14,18.33,15.0,125.0,1,1,12.86,0.96,1.26,0.000,0.000,0.000,0.000,0.100,0.100,0.100,1,4.0,22.7,763,586,1,0,1,0,16,416,115,0
26.28,climb_cruise,532.4,532.4,28519.8,-33821,-22.96,28.24,72.30,18.34,15.0,125.0,1,1,12.87,0.96,1.26,0.000,0.000,0.000,0.000,0.100,0.100,0.100,1,4.0,22.6,763,586,1,0,1,0,16,416,115,0
26.30,climb_cruise,532.5,532.5,28508.5,-33689,-22.75,28.20,72.45,18.36,15.0,125.0,1,1,12.88,0.96,1.26,0.000,0.000,0.000,0.000,0.100,0.100,0.100,1,4.0,22.6,763,585,1,0,1,0,16,416,115,0
26.32,climb_cruise,532.6,532.6,28497.3,-33556,-22.53,28.16,72.61,18.38,15.0,125.0,1,1,12.89,0.96,1.26,0.000,0.000,0.000,0.000,0.100,0.100,0.100,1,3.9,22.5,763,585,1,0,1,0,16,416,116,0
26.34,climb_cruise,532.7,532.7,28486.1,-33422,-22.32,28.12,72.77,18.40,15.0,125.0,1,1,12.90,0.97,1.26,0.000,0.000,0.000,0.000,0.100,0.100,0.100,1,3.9,22.5,763,585,1,0,1,0,16,416,116,0
26.36,climb_cruise,532.9,532.9,28475.0,-33288,-22.10,28.08,72.92,18.42,15.0,125.0,1,1,12.91,0.97,1.26,0.000,0.000,0.000,0.000,0.100,0.100,0.100,1,3.9,22.4,763,585,1,0,1,0,16,416,116,0
26.38,climb_cruise,533.0,533.0,28463.9,-33153,-21.88,28.04,73.08,18.44,15.0,125.0,1,1,12.92,0.97,1.26,0.000,0.000,0.000,0.000,0.100,0.100,0.100,1,3.9,22.4,763,585,1,0,1,0,16,416,114,0
26.40,climb_cruise,533.0,533.0,28452.9,-33017,-21.67,28.00,73.23,18.46,15.0,125.0,1,1,12.93,0.98,1.26,0.000,0.000,0.000,0.000,0.100,0.100,0.100,1,3.9,22.4,763,585,1,0,1,0,16,416,114,0
26.42,climb_cruise,533.1,533.1,28441.9,-32881,-21.45,27.96,73.38,18.47,15.0,125.0,1,1,12.94,0.98,1.26,0.000,0.000,0.000,0.000,0.100,0.100,0.100,1,3.9,22.3,763,585,1,0,1,0,16,416,114,0
26.44,climb_cruise,533.2,533.2,28431.0,-32743,-21.24,27.93,73.54,18.49,15.0,125.0,1,1,12.94,0.98,1.26,0.000,0.000,0.000,0.000,0.100,0.100,0.100,1,3.9,22.3,763,585,1,0,1,0,16,416,115,0
26.46,climb_cruise,533.3,533.3,28420.1,-32605,-21.02,27.89,73.69,18.51,15.0,125.0,1,1,12.95,0.98,1.27,0.000,0.000,0.000,0.000,0.100,0.100,0.100,1,3.9,22.2,763,585,1,0,1,0,16,416,114,0
26.48,climb_cruise,533.4,533.4,28409.2,-32466,-20.80,27.85,73.85,18.53,15.0,125.0,1,1,12.96,0.99,1.27,0.000,0.000,0.000,0.000,0.100,0.100,0.100,1,3.9,22.2,763,585,1,0,1,0,16,416,116,0
26.50,climb_cruise,533.5,533.5,28398.4,-32326,-20.58,27.82,74.00,18.55,15.0,125.0,1,1,12.97,0.99,1.27,0.000,0.000,0.000,0.000,0.100,0.100,0.100,1,3.9,22.2,763,584,1,0,1,0,16,416,115,0
26.52,climb_cruise,533.6,533.6,28387.6,-32186,-20.37,27.79,74.15,18.57,15.0,125.0,1,1,12.98,0.99,1.27,0.000,0.000,0.000,0.000,0.100,0.100,0.100,1,3.9,22.1,763,584,1,0,1,0,16,416,114,0
26.54,climb_cruise,533.7,533.7,28376.9,-32045,-20.15,27.75,74.31,18.58,15.0,125.0,1,1,12.99,1.00,1.27,0.000,0.000,0.000,0.000,0.100,0.100,0.100,1,3.9,22.1,763,584,1,0,1,0,16,416,115,0
26.56,climb_cruise,533.8,533.8,28366.3,-31903,-19.93,27.72,74.46,18.60,15.0,125.0,1,1,13.00,1.00,1.27,0.000,0.000,0.000,0.000,0.100,0.100,0.100,1,3.9,22.1,763,584,1,0,1,0,16,416,115,0
26.58,climb_cruise,533.9,533.9,28355.6,-31760,-19.71,27.69,74.61,18.62,15.0,125.0,1,1,13.01,1.00,1.27,0.000,0.000,0.000,0.000,0.100,0.100,0.100,1,3.8,22.0,763,584,1,0,1,0,16,416,115,0
26.60,climb_cruise,534.0,534.0,28345.1,-31617,-19.49,27.66,74.76,18.64,15.0,125.0,1,1,13.02,1.00,1.27,0.000,0.000,0.000,0.000,0.100,0.100,0.100,1,3.8,22.0,763,584,1,0,1,0,16,416,114,0
26.62,climb_cruise,534.1,534.1,28334.6,-31472,-19.27,27.63,74.92,18.66,15.0,125.0,1,1,13.03,1.01,1.28,0.000,0.000,0.000,0.000,0.100,0.100,0.100,1,3.8,22.0,763,584,1,0,1,0,16,416,114,0
26.64,climb_cruise,534.2,534.2,28324.1,-31328,-19.05,27.60,75.07,18.68,15.0,125.0,1,1,13.04,1.01,1.28,0.000,0.000,0.000,0.000,0.100,0.100,0.100,1,3.8,21.9,763,584,1,0,1,0,16,416,115,0
26.66,climb_cruise,534.2,534.2,28313.7,-31182,-18.83,27.57,75.22,18.70,15.0,125.0,1,1,13.05,1.01,1.28,0.000,0.000,0.000,0.000,0.100,0.100,0.100,1,3.8,21.9,763,584,1,0,1,0,16,416,116,0
26.68,climb_cruise,534.3,534.3,28303.3,-31035,-18.61,27.54,75.37,18.71,15.0,125.0,1,1,13.06,1.01,1.28,0.000,0.000,0.000,0.000,0.100,0.100,0.100,1,3.8,21.9,763,584,1,0,1,0,16,416,114,0
26.70,climb_cruise,534.4,534.4,28293.0,-30888,-18.39,27.51,75.52,18.73,15.0,125.0,1,1,13.06,1.02,1.28,0.000,0.000,0.000,0.000,0.100,0.100,0.100,1,3.8,21.8,763,584,1,0,1,0,16,416,116,0
26.72,climb_cruise,534.5,534.5,28282.7,-30740,-18.17,27.49,75.67,18.75,15.0,125.0,1,1,13.07,1.02,1.28,0.000,0.000,0.000,0.000,0.100,0.100,0.100,1,3.8,21.8,763,584,1,0,1,0,16,416,114,0
26.74,climb_cruise,534.6,534.6,28272.5,-30592,-17.95,27.46,75.82,18.77,15.0,125.0,1,1,13.08,1.02,1.28,0.000,0.000,0.000,0.000,0.100,0.100,0.100,1,3.8,21.8,763,583,1,0,1,0,16,416,115,0
26.76,climb_cruise,534.6,534.6,28262.3,-30442,-17.73,27.43,75.98,18.79,15.0,125.0,1,1,13.09,1.03,1.28,0.000,0.000,0.000,0.000,0.100,0.100,0.100,1,3.8,21.7,763,583,1,0,1,0,16,416,116,0
26.78,climb_cruise,534.7,534.7,28252.1,-30292,-17.51,27.41,76.13,18.81,15.0,125.0,1,1,13.10,1.03,1.29,0.000,0.000,0.000,0.000,0.100,0.100,0.100,1,3.8,21.7,763,583,1,0,1,0,16,416,114,0
26.80,climb_cruise,534.8,534.8,28242.1,-30142,-17.29,27.38,76.28,18.83,15.0,125.0,1,1,13.11,1.03,1.29,0.000,0.000,0.000,0.000,0.100,0.100,0.100,1,3.8,21.7,763,583,1,0,1,0,16,416,114,0
26.82,climb_cruise,534.9,534.9,28232.0,-29990,-17.07,27.36,76.43,18.84,15.0,125.0,1,1,13.12,1.03,1.29,0.000,0.000,0.000,0.000,0.100,0.100,0.100,1,3.8,21.7,763,583,1,0,1,0,16,416,116,0
26.84,climb_cruise,534.9,534.9,28222.1,-29838,-16.85,27.34,76.58,18.86,15.0,125.0,1,1,13.13,1.04,1.29,0.000,0.000,0.000,0.000,0.100,0.100,0.100,1,3.7,21.6,763,583,1,0,1,0,16,416,115,0
26.86,climb_cruise,535.0,535.0,28212.1,-29685,-16.63,27.32,76.73,18.88,15.0,125.0,1,1,13.14,1.04,1.29,0.000,0.000,0.000,0.000,0.100,0.100,0.100,1,3.7,21.6,763,583,1,0,1,0,16,416,114,0
26.88,climb_cruise,535.1,535.1,28202.3,-29531,-16.41,27.29,76.88,18.90,15.0,125.0,1,1,13.14,1.04,1.29,0.000,0.000,0.000,0.000,0.100,0.100,0.100,1,3.7,21.6,763,583,1,0,1,0,16,416,116,0
26.90,climb_cruise,535.2,535.2,28192.4,-29377,-16.18,27.27,77.03,18.92,15.0,125.0,1,1,13.15,1.04,1.29,0.000,0.000,0.000,0.000,0.100,0.100,0.100,1,3.7,21.6,763,583,1,0,1,0,16,416,114,0
26.92,climb_cruise,535.2,535.2,28182.7,-29222,-15.96,27.25,77.18,18.94,15.0,125.0,1,1,13.16,1.05,1.30,0.000,0.000,0.000,0.000,0.100,0.100,0.100,1,3.7,21.5,763,583,1,0,1,0,16,416,114,0
26.94,climb_cruise,535.3,535.3,28172.9,-29066,-15.74,27.23,77.32,18.96,15.0,125.0,1,1,13.17,1.05,1.30,0.000,0.000,0.000,0.000,0.100,0.100,0.100,1,3.7,21.5,763,583,1,0,1,0,16,416,114,0
26.96,climb_cruise,535.4,535.4,28163.3,-28910,-15.52,27.21,77.47,18.97,15.0,125.0,1,1,13.18,1.05,1.30,0.000,0.000,0.000,0.000,0.100,0.100,0.100,1,3.7,21.5,763,583,1,0,1,0,16,416,115,0
26.98,climb_cruise,535.4,535.4,28153.7,-28752,-15.29,27.19,77.62,18.99,15.0,125.0,1,1,13.19,1.06,1.30,0.000,0.000,0.000,0.000,0.100,0.100,0.100,1,3.7,21.5,763,583,1,0,1,0,16,416,116,0
27.00,climb_cruise,535.5,535.5,28144.1,-28595,-15.07,27.18,77.77,19.01,15.0,125.0,1,1,13.20,1.06,1.30,0.000,0.000,0.000,0.000,0.100,0.100,0.100,1,3.7,21.4,763,583,1,0,1,0,16,416,115,0
27.02,climb_cruise,535.6,535.6,28134.6,-28436,-14.85,27.16,77.92,19.03,15.0,125.0,1,1,13.21,1.06,1.30,0.000,0.000,0.000,0.000,0.100,0.100,0.100,1,3.7,21.4,763,583,1,0,1,0,16,416,116,0
27.04,climb_cruise,535.6,535.6,28125.1,-28277,-14.62,27.14,78.07,19.05,15.0,125.0,1,1,13.22,1.06,1.30,0.000,0.000,0.000,0.000,0.100,0.100,0.100,1,3.7,21.4,763,583,1,0,1,0,16,416,116,0
27.06,climb_cruise,535.7,535.7,28115.7,-28117,-14.40,27.13,78.22,19.07,15.0,125.0,1,1,13.22,1.07,1.31,0.000,0.000,0.000,0.000,0.100,0.100,0.100,1,3.7,21.4,763,582,1,0,1,0,16,416,115,0
27.08,climb_cruise,535.7,535.7,28106.4,-27956,-14.18,27.11,78.37,19.09,15.0,125.0,1,1,13.23,1.07,1.31,0.000,0.000,0.000,0.000,0.100,0.100,0.100,1,3.7,21.3,763,582,1,0,1,0,16,416,115,0
27.10,climb_cruise,535.8,535.8,28097.1,-27795,-13.95,27.10,78.51,19.10,15.0,125.0,1,1,13.24,1.07,1.31,0.000,0.000,0.000,0.000,0.100,0.100,0.100,1,3.7,21.3,763,582,1,0,1,0,16,416,115,0
27.12,climb_cruise,535.8,535.8,28087.8,-27633,-13.73,27.08,78.66,19.12,15.0,125.0,1,1,13.25,1.08,1.31,0.000,0.000,0.000,0.000,0.100,0.100,0.100,1,3.6,21.3,763,582,1,0,1,0,16,416,115,0
27.14,climb_cruise,535.9,535.9,28078.6,-27471,-13.51,27.07,78.81,19.14,15.0,125.0,1,1,13.26,1.08,1.31,0.000,0.000,0.000,0.000,0.100,0.100,0.100,1,3.6,21.3,763,582,1,0,1,0,16,416,114,0
27.16,climb_cruise,536.0,536.0,28069.5,-27307,-13.28,27.06,78.96,19.16,15.0,125.0,1,1,13.27,1.08,1.31,0.000,0.000,0.000,0.000,0.100,0.100,0.100,1,3.6,21.3,763,582,1,0,1,0,16,416,114,0
27.18,climb_cruise,536.0,536.0,28060.4,-27143,-13.06,27.04,79.11,19.18,15.0,125.0,1,1,13.27,1.08,1.32,0.000,0.000,0.000,0.000,0.100,0.100,0.100,1,3.6,21.2,763,582,1,0,1,0,16,416,115,0
27.20,climb_cruise,536.1,536.1,28051.4,-26979,-12.83,27.03,79.26,19.20,15.0,125.0,1,1,13.28,1.09,1.32,0.000,0.000,0.000,0.000,0.100,0.100,0.100,1,3.6,21.2,763,582,1,0,1,0,16,416,115,0
27.22,climb_cruise,536.1,536.1,28042.4,-26814,-12.61,27.02,79.40,19.21,15.0,125.0,1,1,13.29,1.09,1.32,0.000,0.000,0.000,0.000,0.100,0.100,0.100,1,3.6,21.2,763,582,1,0,1,0,16,416,114,0
27.24,climb_cruise,536.2,536.2,28033.5,-26648,-12.38,27.01,79.55,19.23,15.0,125.0,1,1,13.30,1.09,1.32,0.000,0.000,0.000,0.000,0.100,0.100,0.100,1,3.6,21.2,763,582,1,0,1,0,16,416,115,0
27.26,climb_cruise,536.2,536.2,28024.6,-26481,-12.16,27.00,79.70,19.25,15.0,125.0,1,1,13.31,1.10,1.32,0.000,0.000,0.000,0.000,0.100,0.100,0.100,1,3.6,21.2,763,582,1,0,1,0,16,416,116,0
27.28,climb_cruise,536.3,536.3,28015.8,-26314,-11.93,26.99,79.85,19.27,15.0,125.0,1,1,13.32,1.10,1.32,0.000,0.000,0.000,0.000,0.100,0.100,0.100,1,3.6,21.1,763,582,1,0,1,0,16,416,115,0
27.30,climb_cruise,536.3,536.3,28007.1,-26146,-11.71,26.99,79.99,19.29,15.0,125.0,1,1,13.33,1.10,1.33,0.000,0.000,0.000,0.000,0.100,0.100,0.100,1,3.6,21.1,763,582,1,0,1,0,16,416,114,0
27.32,climb_cruise,536.3,536.3,27998.4,-25978,-11.48,26.98,80.14,19.31,15.0,125.0,1,1,13.33,1.10,1.33,0.000,0.000,0.000,0.000,0.100,0.100,0.100,1,3.6,21.1,763,582,1,0,1,0,16,416,115,0
27.34,climb_cruise,536.4,536.4,27989.8,-25808,-11.25,26.97,80.29,19.33,15.0,125.0,1,1,13.34,1.11,1.33,0.000,0.000,0.000,0.000,0.100,0.100,0.100,1,3.6,21.1,763,582,1,0,1,0,16,416,115,0
27.36,climb_cruise,536.4,536.4,27981.2,-25639,-11.03,26.96,80.44,19.34,15.0,125.0,1,1,13.35,1.11,1.33,0.000,0.000,0.000,0.000,0.100,0.100,0.100,1,3.6,21.1,763,582,1,0,1,0,16,416,115,0
27.38,climb_cruise,536.5,536.5,27972.6,-25468,-10.80,26.96,80.58,19.36,15.0,125.0,1,1,13.36,1.11,1.33,0.000,0.000,0.000,0.000,0.100,0.100,0.100,1,3.5,21.0,763,582,1,0,1,0,16,416,114,0
27.40,climb_cruise,536.5,536.5,27964.2,-25297,-10.58,26.95,80.73,19.38,15.0,125.0,1,1,13.37,1.12,1.33,0.000,0.000,0.000,0.000,0.100,0.100,0.100,1,3.5,21.0,763,582,1,0,1,0,16,416,114,0
27.42,climb_cruise,536.6,536.6,27955.8,-25126,-10.35,26.95,80.88,19.40,15.0,125.0,1,1,13.37,1.12,1.34,0.000,0.000,0.000,0.000,0.100,0.100,0.100,1,3.5,21.0,763,582,1,0,1,0,16,416,114,0
27.44,climb_cruise,536.6,536.6,27947.4,-24954,-10.12,26.95,81.03,19.42,15.0,125.0,1,1,13.38,1.12,1.34,0.000,0.000,0.000,0.000,0.100,0.100,0.100,1,3.5,21.0,763,582,1,0,1,0,16,416,115,0
27.46,climb_cruise,536.6,536.6,27939.1,-24781,-9.90,26.94,81.17,19.44,15.0,125.0,1,1,13.39,1.12,1.34,0.000,0.000,0.000,0.000,0.100,0.100,0.100,1,3.5,21.0,763,581,1,0,1,0,16,416,115,0
27.48,climb_cruise,536.7,536.7,27930.9,-24607,-9.67,26.94,81.32,19.46,15.0,125.0,1,1,13.40,1.13,1.34,0.000,0.000,0.000,0.000,0.100,0.100,0.100,1,3.5,21.0,763,581,1,0,1,0,16,416,116,0
27.50,climb_cruise,536.7,536.7,27922.7,-24433,-9.44,26.94,81.47,19.47,15.0,125.0,1,1,13.41,1.13,1.34,0.000,0.000,0.000,0.000,0.100,0.100,0.100,1,3.5,20.9,763,581,1,0,1,0,16,416,114,0
27.52,climb_cruise,536.7,536.7,27914.6,-24259,-9.22,26.94,81.62,19.49,15.0,125.0,1,1,13.41,1.13,1.35,0.000,0.000,0.000,0.000,0.100,0.100,0.100,1,3.5,20.9,763,581,1,0,1,0,16,416,114,0
27.54,climb_cruise,536.8,536.8,27906.5,-24084,-8.99,26.94,81.76,19.51,15.0,125.0,1,1,13.42,1.14,1.35,0.000,0.000,0.000,0.000,0.100,0.100,0.100,1,3.5,20.9,763,581,1,0,1,0,16,416,115,0
27.56,climb_cruise,536.8,536.8,27898.5,-23908,-8.76,26.94,81.91,19.53,15.0,125.0,1,1,13.43,1.14,1.35,0.000,0.000,0.000,0.000,0.100,0.100,0.100,1,3.5,20.9,763,581,1,0,1,0,16,416,115,0
27.58,climb_cruise,536.8,536.8,27890.6,-23732,-8.53,26.94,82.06,19.55,15.0,125.0,1,1,13.44,1.14,1.35,0.000,0.000,0.000,0.000,0.100,0.100,0.100,1,3.5,20.9,763,581,1,0,1,0,16,416,115,0
27.60,climb_cruise,536.8,536.8,27882.7,-23555,-8.31,26.94,82.21,19.57,15.0,125.0,1,1,13.45,1.14,1.35,0.000,0.000,0.000,0.000,0.100,0.100,0.100,1,3.5,20.9,763,581,1,0,1,0,16,416,115,0
27.62,climb_cruise,536.9,536.9,27874.8,-23377,-8.08,26.94,82.35,19.59,15.0,125.0,1,1,13.45,1.15,1.36,0.000,0.000,0.000,0.000,0.100,0.100,0.100,1,3.5,20.9,763,581,1,0,1,0,16,416,115,0
27.64,climb_cruise,536.9,536.9,27867.1,-23199,-7.85,26.94,82.50,19.60,15.0,125.0,1,1,13.46,1.15,1.36,0.000,0.000,0.000,0.000,0.100,0.100,0.100,1,3.5,20.8,763,581,1,0,1,0,16,416,116,0
27.66,climb_cruise,536.9,536.9,27859.4,-23020,-7.62,26.95,82.65,19.62,15.0,125.0,1,1,13.47,1.15,1.36,0.000,0.000,0.000,0.000,0.100,0.100,0.100,1,3.5,20.8,763,581,1,0,1,0,16,416,115,0
27.68,climb_cruise,536.9,536.9,27851.7,-22841,-7.40,26.95,82.80,19.64,15.0,125.0,1,1,13.48,1.16,1.36,0.000,0.000,0.000,0.000,0.100,0.100,0.100,1,3.4,20.8,763,581,1,0,1,0,16,416,114,0
27.70,climb_cruise,536.9,536.9,27844.1,-22662,-7.17,26.95,82.95,19.66,15.0,125.0,1,1,13.48,1.16,1.36,0.000,0.000,0.000,0.000,0.100,0.100,0.100,1,3.4,20.8,763,581,1,0,1,0,16,416,115,0
27.72,climb_cruise,537.0,537.0,27836.6,-22481,-6.94,26.96,83.09,19.68,15.0,125.0,1,1,13.49,1.16,1.37,0.000,0.000,0.000,0.000,0.100,0.100,0.100,1,3.4,20.8,763,581,1,0,1,0,16,416,116,0
27.74,climb_cruise,537.0,537.0,27829.1,-22300,-6.71,26.96,83.24,19.70,15.0,125.0,1,1,13.50,1.17,1.37,0.000,0.000,0.000,0.000,0.100,0.100,0.100,1,3.4,20.8,763,581,1,0,1,0,16,416,115,0
27.76,climb_cruise,537.0,537.0,27821.7,-22119,-6.48,26.97,83.39,19.72,15.0,125.0,1,1,13.51,1.17,1.37,0.000,0.000,0.000,0.000,0.100,0.100,0.100,1,3.4,20.8,763,581,1,0,1,0,16,416,114,0
27.78,climb_cruise,537.0,537.0,27814.4,-21937,-6.25,26.98,83.54,19.73,15.0,125.0,1,1,13.52,1.17,1.37,0.000,0.000,0.000,0.000,0.100,0.100,0.100,1,3.4,20.8,763,581,1,0,1,0,16,416,115,0
27.80,climb_cruise,537.0,537.0,27807.1,-21755,-6.03,26.99,83.69,19.75,15.0,125.0,1,1,13.52,1.18,1.37,0.000,0.000,0.000,0.000,0.100,0.100,0.100,1,3.4,20.7,763,581,1,0,1,0,16,416,115,0
27.82,climb_cruise,537.0,537.0,27799.8,-21572,-5.80,26.99,83.83,19.77,15.0,125.0,1,1,13.53,1.18,1.38,0.000,0.000,0.000,0.000,0.100,0.100,0.100,1,3.4,20.7,763,581,1,0,1,0,16,416,115,0
27.84,climb_cruise,537.0,537.0,27792.7,-21388,-5.57,27.00,83.98,19.79,15.0,125.0,1,1,13.54,1.18,1.38,0.000,0.000,0.000,0.000,0.100,0.100,0.100,1,3.4,20.7,763,581,1,0,1,0,16,416,114,0
27.86,climb_cruise,537.1,537.1,27785.6,-21204,-5.34,27.01,84.13,19.81,15.0,125.0,1,1,13.55,1.19,1.38,0.000,0.000,0.000,0.000,0.100,0.100,0.100,1,3.4,20.7,763,581,1,0,1,0,16,416,116,0
27.88,climb_cruise,537.1,537.1,27778.5,-21020,-5.11,27.02,84.28,19.83,15.0,125.0,1,1,13.55,1.19,1.38,0.000,0.000,0.000,0.000,0.100,0.100,0.100,1,3.4,20.7,763,581,1,0,1,0,16,416,115,0
27.90,climb_cruise,537.1,537.1,27771.5,-20835,-4.88,27.03,84.43,19.84,15.0,125.0,1,1,13.56,1.19,1.38,0.000,0.000,0.000,0.000,0.100,0.100,0.100,1,3.4,20.7,763,581,1,0,1,0,16,416,116,0
27.92,climb_cruise,537.1,537.1,27764.6,-20649,-4.65,27.04,84.58,19.86,15.0,125.0,1,1,13.57,1.20,1.39,0.000,0.000,0.000,0.000,0.100,0.100,0.100,1,3.4,20.7,763,581,1,0,1,0,16,416,115,0
27.94,climb_cruise,537.1,537.1,27757.8,-20463,-4.42,27.06,84.72,19.88,15.0,125.0,1,1,13.57,1.20,1.39,0.000,0.000,0.000,0.000,0.100,0.100,0.100,1,3.4,20.7,763,581,1,0,1,0,16,416,116,0
27.96,climb_cruise,537.1,537.1,27751.0,-20277,-4.19,27.07,84.87,19.90,15.0,125.0,1,1,13.58,1.20,1.39,0.000,0.000,0.000,0.000,0.100,0.100,0.100,1,3.3,20.7,763,581,1,0,1,0,16,416,115,0
27.98,climb_cruise,537.1,537.1,27744.2,-20090,-3.96,27.08,85.02,19.92,15.0,125.0,1,1,13.59,1.20,1.39,0.000,0.000,0.000,0.000,0.100,0.100,0.100,1,3.3,20.6,763,581,1,0,1,0,16,416,115,0
28.00,climb_cruise,537.1,537.1,27737.6,-19902,-3.74,27.10,85.17,19.94,15.0,125.0,1,1,13.60,1.21,1.40,0.000,0.000,0.000,0.000,0.100,0.100,0.100,1,3.3,20.6,763,581,1,0,1,0,16,416,115,0
28.02,climb_cruise,537.1,537.1,27730.9,-19714,-3.51,27.11,85.32,19.96,15.0,125.0,1,1,13.60,1.21,1.40,0.000,0.000,0.000,0.000,0.100,0.100,0.100,1,3.3,20.6,763,581,1,0,1,0,16,416,116,0
28.04,climb_cruise,537.1,537.1,27724.4,-19526,-3.28,27.13,85.47,19.97,15.0,125.0,1,1,13.61,1.21,1.40,0.000,0.000,0.000,0.000,0.100,0.100,0.100,1,3.3,20.6,763,580,1,0,1,0,16,416,115,0
28.06,climb_cruise,537.1,537.1,27717.9,-19337,-3.05,27.14,85.62,19.99,15.0,125.0,1,1,13.62,1.22,1.40,0.000,0.000,0.000,0.000,0.100,0.100,0.100,1,3.3,20.6,763,580,1,0,1,0,16,416,115,0
28.08,climb_cruise,537.1,537.1,27711.5,-19148,-2.82,27.16,85.77,20.01,15.0,125.0,1,1,13.62,1.22,1.41,0.000,0.000,0.000,0.000,0.100,0.100,0.100,1,3.3,20.6,763,580,1,0,1,0,16,416,114,0
28.10,climb_cruise,537.1,537.1,27705.1,-18958,-2.59,27.18,85.92,20.03,15.0,125.0,1,1,13.63,1.22,1.41,0.000,0.000,0.000,0.000,0.100,0.100,0.100,1,3.3,20.6,763,580,1,0,1,0,16,416,115,0
28.12,climb_cruise,537.1,537.1,27698.8,-18768,-2.36,27.20,86.07,20.05,15.0,125.0,1,1,13.64,1.23,1.41,0.000,0.000,0.000,0.000,0.100,0.100,0.100,1,3.3,20.6,763,580,1,0,1,0,16,416,116,0
28.14,climb_cruise,537.0,537.0,27692.6,-18577,-2.13,27.21,86.22,20.07,15.0,125.0,1,1,13.65,1.23,1.41,0.000,0.000,0.000,0.000,0.100,0.100,0.100,1,3.3,20.6,763,580,1,0,1,0,16,416,114,0
28.16,climb_cruise,537.0,537.0,27686.4,-18386,-1.90,27.23,86.37,20.09,15.0,125.0,1,1,13.65,1.24,1.41,0.000,0.000,0.000,0.000,0.100,0.100,0.100,1,3.3,20.6,763,580,1,0,1,0,16,416,115,0
28.18,climb_cruise,537.0,537.0,27680.3,-18195,-1.67,27.25,86.52,20.10,15.0,125.0,1,1,13.66,1.24,1.42,0.000,0.000,0.000,0.000,0.100,0.100,0.100,1,3.3,20.5,763,580,1,0,1,0,16,416,115,0
28.20,climb_cruise,537.0,537.0,27674.3,-18003,-1.44,27.27,86.67,20.12,15.0,125.0,1,1,13.67,1.24,1.42,0.000,0.000,0.000,0.000,0.100,0.100,0.100,1,3.3,20.5,763,580,1,0,1,0,16,416,115,0
28.22,climb_cruise,537.0,537.0,27668.3,-17810,-1.21,27.30,86.82,20.14,15.0,125.0,1,1,13.67,1.25,1.42,0.000,0.000,0.000,0.000,0.100,0.100,0.100,1,3.3,20.5,763,580,1,0,1,0,16,416,114,0
28.24,climb_cruise,537.0,537.0,27662.4,-17617,-0.98,27.32,86.97,20.16,15.0,125.0,1,1,13.68,1.25,1.42,0.000,0.000,0.000,0.000,0.100,0.100,0.100,1,3.3,20.5,763,580,1,0,1,0,16,416,115,0
28.26,climb_cruise,537.0,537.0,27656.6,-17424,-0.75,27.34,87.12,20.18,15.0,125.0,1,1,13.69,1.25,1.43,0.000,0.000,0.000,0.000,0.100,0.100,0.100,1,3.3,20.5,763,580,1,0,1,0,16,416,115,0
28.28,climb_cruise,536.9,536.9,27650.8,-17231,-0.52,27.36,87.27,20.20,15.0,125.0,1,1,13.69,1.26,1.43,0.000,0.000,0.000,0.000,0.100,0.100,0.100,1,3.2,20.5,763,580,1,0,1,0,16,416,115,0
28.30,climb_cruise,536.9,536.9,27645.1,-17037,-0.29,27.39,87.42,20.22,15.0,125.0,1,1,13.70,1.26,1.43,0.000,0.000,0.000,0.000,0.100,0.100,0.100,1,3.2,20.5,763,580,1,0,1,0,16,416,115,0
28.32,climb_cruise,536.9,536.9,27639.4,-16842,-0.06,27.41,87.58,20.23,15.0,125.0,1,1,13.71,1.26,1.44,0.000,0.000,0.000,0.000,0.100,0.100,0.100,1,3.2,20.5,763,580,1,0,1,0,16,416,116,0
28.34,climb_cruise,536.9,536.9,27633.8,-16648,0.17,27.44,87.73,20.25,15.0,125.0,1,1,13.71,1.27,1.44,0.000,0.000,0.000,0.000,0.100,0.100,0.100,1,3.2,20.5,763,580,1,0,1,0,16,416,115,0
28.36,climb_cruise,536.9,536.9,27628.3,-16453,0.40,27.46,87.88,20.27,15.0,125.0,1,1,13.72,1.27,1.44,0.000,0.000,0.000,0.000,0.100,0.100,0.100,1,3.2,20.5,763,580,1,0,1,0,16,416,115,0
28.38,climb_cruise,536.8,536.8,27622.8,-16257,0.63,27.49,88.03,20.29,15.0,125.0,1,1,13.73,1.27,1.44,0.000,0.000,0.000,0.000,0.100,0.100,0.100,1,3.2,20.5,763,580,1,0,1,0,16,416,116,0
28.40,climb_cruise,536.8,536.8,27617.4,-16061,0.86,27.52,88.18,20.31,15.0,125.0,1,1,13.73,1.28,1.45,0.000,0.000,0.000,0.000,0.100,0.100,0.100,1,3.2,20.5,763,580,1,0,1,0,16,416,115,0
28.42,climb_cruise,536.8,536.8,27612.1,-15865,1.09,27.55,88.34,20.33,15.0,125.0,1,1,13.74,1.28,1.45,0.000,0.000,0.000,0.000,0.100,0.100,0.100,1,3.2,20.4,763,580,1,0,1,0,16,416,114,0
28.44,climb_cruise,536.7,536.7,27606.8,-15668,1.33,27.58,88.49,20.35,15.0,125.0,1,1,13.74,1.28,1.45,0.000,0.000,0.000,0.000,0.100,0.100,0.100,1,3.2,20.4,763,580,1,0,1,0,16,416,114,0
28.46,climb_cruise,536.7,536.7,27601.6,-15471,1.56,27.61,88.64,20.36,15.0,125.0,1,1,13.75,1.29,1.45,0.000,0.000,0.000,0.000,0.100,0.100,0.100,1,3.2,20.4,763,580,1,0,1,0,16,416,115,0
28.48,climb_cruise,536.7,536.7,27596.5,-15274,1.79,27.64,88.80,20.38,15.0,125.0,1,1,13.76,1.29,1.46,0.000,0.000,0.000,0.000,0.100,0.100,0.100,1,3.2,20.4,763,580,1,0,1,0,16,416,114,0
28.50,climb_cruise,536.6,536.6,27591.5,-15077,2.02,27.67,88.95,20.40,15.0,125.0,1,1,13.76,1.30,1.46,0.000,0.000,0.000,0.000,0.100,0.100,0.100,1,3.2,20.4,763,580,1,0,1,0,16,416,114,0
28.52,climb_cruise,536.6,536.6,27586.5,-14879,2.25,27.70,89.10,20.42,15.0,125.0,1,1,13.77,1.30,1.46,0.000,0.000,0.000,0.000,0.100,0.100,0.100,1,3.2,20.4,763,580,1,0,1,0,16,416,115,0
28.54,climb_cruise,536.6,536.6,27581.5,-14680,2.48,27.73,89.26,20.44,15.0,125.0,1,1,13.78,1.30,1.46,0.000,0.000,0.000,0.000,0.100,0.100,0.100,1,3.2,20.4,763,580,1,0,1,0,16,416,114,0
28.56,climb_cruise,536.5,536.5,27576.7,-14482,2.71,27.76,89.41,20.46,15.0,125.0,1,1,13.78,1.31,1.47,0.000,0.000,0.000,0.000,0.100,0.100,0.100,1,3.2,20.4,763,580,1,0,1,0,16,416,115,0
28.58,climb_cruise,536.5,536.5,27571.8,-14283,2.94,27.80,89.57,20.48,15.0,125.0,1,1,13.79,1.31,1.47,0.000,0.000,0.000,0.000,0.100,0.100,0.100,1,3.1,20.4,763,580,1,0,1,0,16,416,115,0
28.60,climb_cruise,536.4,536.4,27567.1,-14084,3.17,27.83,89.72,20.49,15.0,125.0,1,1,13.79,1.32,1.47,0.000,0.000,0.000,0.000,0.100,0.100,0.100,1,3.1,20.4,763,580,1,0,1,0,16,416,114,0
28.62,climb_cruise,536.4,536.4,27562.4,-13884,3.40,27.87,89.88,20.51,15.0,125.0,1,1,13.80,1.32,1.48,0.000,0.000,0.000,0.000,0.100,0.100,0.100,1,3.1,20.4,763,580,1,0,1,0,16,416,116,0
28.64,climb_cruise,536.4,536.4,27557.8,-13684,3.63,27.90,90.03,20.53,15.0,125.0,1,1,13.81,1.32,1.48,0.000,0.000,0.000,0.000,0.100,0.100,0.100,1,3.1,20.4,763,580,1,0,1,0,16,416,116,0
28.66,climb_cruise,536.3,536.3,27553.3,-13484,3.86,27.94,90.19,20.55,15.0,125.0,1,1,13.81,1.33,1.48,0.000,0.000,0.000,0.000,0.100,0.100,0.100,1,3.1,20.4,763,580,1,0,1,0,16,416,115,0
28.68,climb_cruise,536.3,536.3,27548.8,-13284,4.09,27.98,90.35,20.57,15.0,125.0,1,1,13.82,1.33,1.48,0.000,0.000,0.000,0.000,0.100,0.100,0.100,1,3.1,20.4,763,580,1,0,1,0,16,416,115,0
28.70,climb_cruise,536.2,536.2,27544.4,-13083,4.32,28.02,90.50,20.59,15.0,125.0,1,1,13.82,1.33,1.49,0.000,0.000,0.000,0.000,0.100,0.100,0.100,1,3.1,20.4,763,580,1,0,1,0,16,416,116,0
28.72,climb_cruise,536.2,536.2,27540.1,-12883,4.55,28.05,90.66,20.61,15.0,125.0,1,1,13.83,1.34,1.49,0.000,0.000,0.000,0.000,0.100,0.100,0.100,1,3.1,20.4,763,580,1,0,1,0,16,416,115,0
28.74,climb_cruise,536.1,536.1,27535.8,-12681,4.78,28.09,90.82,20.62,15.0,125.0,1,1,13.84,1.34,1.49,0.000,0.000,0.000,0.000,0.100,0.100,0.100,1,3.1,20.3,763,580,1,0,1,0,16,416,115,0
28.76,climb_cruise,536.1,536.1,27531.6,-12480,5.01,28.13,90.97,20.64,15.0,125.0,1,1,13.84,1.35,1.50,0.000,0.000,0.000,0.000,0.100,0.100,0.100,1,3.1,20.3,763,580,1,0,1,0,16,416,114,0
28.78,climb_cruise,536.0,536.0,27527.5,-12278,5.24,28.18,91.13,20.66,15.0,125.0,1,1,13.85,1.35,1.50,0.000,0.000,0.000,0.000,0.100,0.100,0.100,1,3.1,20.3,763,580,1,0,1,0,16,416,114,0
28.80,climb_cruise,536.0,536.0,27523.4,-12077,5.47,28.22,91.29,20.68,15.0,125.0,1,1,13.85,1.35,1.50,0.000,0.000,0.000,0.000,0.100,0.100,0.100,1,3.1,20.3,763,580,1,0,1,0,16,416,115,0
28.82,climb_cruise,535.9,535.9,27519.4,-11874,5.70,28.26,91.45,20.70,15.0,125.0,1,1,13.86,1.36,1.51,0.000,0.000,0.000,0.000,0.100,0.100,0.100,1,3.1,20.3,763,580,1,0,1,0,16,416,114,0
28.84,climb_cruise,535.8,535.8,27515.5,-11672,5.93,28.30,91.61,20.72,15.0,125.0,1,1,13.86,1.36,1.51,0.000,0.000,0.000,0.000,0.100,0.100,0.100,1,3.1,20.3,763,580,1,0,1,0,16,416,116,0
28.86,climb_cruise,535.8,535.8,27511.6,-11470,6.16,28.35,91.76,20.73,15.0,125.0,1,1,13.87,1.37,1.51,0.000,0.000,0.000,0.000,0.100,0.100,0.100,1,3.1,20.3,763,580,1,0,1,0,16,416,115,0
28.88,climb_cruise,535.7,535.7,27507.8,-11267,6.39,28.39,91.92,20.75,15.0,125.0,1,1,13.87,1.37,1.52,0.000,0.000,0.000,0.000,0.100,0.100,0.100,1,3.1,20.3,763,580,1,0,1,0,16,416,115,0
28.90,climb_cruise,535.7,535.7,27504.1,-11064,6.62,28.44,92.08,20.77,15.0,125.0,1,1,13.88,1.38,1.52,0.000,0.000,0.000,0.000,0.100,0.100,0.100,1,3.0,20.3,763,580,1,0,1,0,16,416,115,0
28.92,climb_cruise,535.6,535.6,27500.4,-10861,6.85,28.48,92.24,20.79,15.0,125.0,1,1,13.89,1.38,1.52,0.000,0.000,0.000,0.000,0.100,0.100,0.100,1,3.0,20.3,763,580,1,0,1,0,16,416,116,0
28.94,climb_cruise,535.5,535.5,27496.9,-10657,7.08,28.53,92.41,20.81,15.0,125.0,1,1,13.89,1.38,1.52,0.000,0.000,0.000,0.000,0.100,0.100,0.100,1,3.0,20.3,763,580,1,0,1,0,16,416,115,0
28.96,climb_cruise,535.5,535.5,27493.3,-10454,7.31,28.58,92.57,20.83,15.0,125.0,1,1,13.90,1.39,1.53,0.000,0.000,0.000,0.000,0.100,0.100,0.100,1,3.0,20.3,763,580,1,0,1,0,16,416,115,0
28.98,climb_cruise,535.4,535.4,27489.9,-10250,7.54,28.63,92.73,20.85,15.0,125.0,1,1,13.90,1.39,1.53,0.000,0.000,0.000,0.000,0.100,0.100,0.100,1,3.0,20.3,763,580,1,0,1,0,16,416,115,0
29.00,climb_cruise,535.3,535.3,27486.5,-10046,7.77,28.68,92.89,20.86,15.0,125.0,1,1,13.91,1.40,1.53,0.000,0.000,0.000,0.000,0.100,0.100,0.100,1,3.0,20.3,763,580,1,0,1,0,16,416,114,0
29.02,climb_cruise,535.3,535.3,27483.2,-9842,8.00,28.73,93.05,20.88,15.0,125.0,1,1,13.91,1.40,1.54,0.000,0.000,0.000,0.000,0.100,0.100,0.100,1,3.0,20.3,763,580,1,0,1,0,16,416,115,0
29.04,climb_cruise,535.2,535.2,27479.9,-9638,8.23,28.78,93.21,20.90,15.0,125.0,1,1,13.92,1.41,1.54,0.000,0.000,0.000,0.000,0.100,0.100,0.100,1,3.0,20.3,763,580,1,0,1,0,16,416,115,0
29.06,climb_cruise,535.1,535.1,27476.7,-9433,8.46,28.83,93.38,20.92,15.0,125.0,1,1,13.92,1.41,1.54,0.000,0.000,0.000,0.000,0.100,0.100,0.100,1,3.0,20.3,763,580,1,0,1,0,16,416,115,0
29.08,climb_cruise,535.0,535.0,27473.6,-9229,8.68,28.88,93.54,20.94,15.0,125.0,1,1,13.93,1.41,1.55,0.000,0.000,0.000,0.000,0.100,0.100,0.100,1,3.0,20.3,763,580,1,0,1,0,16,416,116,0
29.10,climb_cruise,535.0,535.0,27470.5,-9024,8.91,28.94,93.70,20.96,15.0,125.0,1,1,13.93,1.42,1.55,0.000,0.000,0.000,0.000,0.100,0.100,0.100,1,3.0,20.3,763,580,1,0,1,0,16,416,115,0
29.12,climb_cruise,534.9,534.9,27467.6,-8819,9.14,28.99,93.87,20.98,15.0,125.0,1,1,13.94,1.42,1.55,0.000,0.000,0.000,0.000,0.100,0.100,0.100,1,3.0,20.3,763,580,1,0,1,0,16,416,115,0
29.14,climb_cruise,534.8,534.8,27464.6,-8614,9.37,29.04,94.03,20.99,15.0,125.0,1,1,13.94,1.43,1.56,0.000,0.000,0.000,0.000,0.100,0.100,0.100,1,3.0,20.2,763,580,1,0,1,0,16,416,115,0
29.16,climb_cruise,534.7,534.7,27461.8,-8409,9.60,29.10,94.20,21.01,15.0,125.0,1,1,13.95,1.43,1.56,0.000,0.000,0.000,0.000,0.100,0.100,0.100,1,3.0,20.2,763,580,1,0,1,0,16,416,116,0
29.18,climb_cruise,534.6,534.6,27459.0,-8204,9.83,29.16,94.36,21.03,15.0,125.0,1,1,13.95,1.44,1.57,0.000,0.000,0.000,0.000,0.100,0.100,0.100,1,3.0,20.2,763,580,1,0,1,0,16,416,114,0
29.20,climb_cruise,534.6,534.6,27456.3,-7999,10.06,29.21,94.53,21.05,15.0,125.0,1,1,13.96,1.44,1.57,0.000,0.000,0.000,0.000,0.100,0.100,0.100,1,3.0,20.2,763,580,1,0,1,0,16,416,115,0
29.22,climb_cruise,534.5,534.5,27453.7,-7793,10.28,29.27,94.70,21.07,15.0,125.0,1,1,13.96,1.45,1.57,0.000,0.000,0.000,0.000,0.100,0.100,0.100,1,3.0,20.2,763,580,1,0,1,0,16,416,115,0
29.24,climb_cruise,534.4,534.4,27451.1,-7588,10.51,29.33,94.86,21.09,15.0,125.0,1,1,13.97,1.45,1.58,0.000,0.000,0.000,0.000,0.100,0.100,0.100,1,2.9,20.2,763,579,1,0,1,0,16,416,115,0
29.26,climb_cruise,534.3,534.3,27448.6,-7382,10.74,29.39,95.03,21.11,15.0,125.0,1,1,13.97,1.45,1.58,0.000,0.000,0.000,0.000,0.100,0.100,0.100,1,2.9,20.2,763,579,1,0,1,0,16,416,115,0
29.28,climb_cruise,534.2,534.2,27446.2,-7177,10.97,29.45,95.20,21.12,15.0,125.0,1,1,13.98,1.46,1.58,0.000,0.000,0.000,0.000,0.100,0.100,0.100,1,2.9,20.2,763,579,1,0,1,0,16,416,114,0
29.30,climb_cruise,534.1,534.1,27443.8,-6971,11.20,29.51,95.37,21.14,15.0,125.0,1,1,13.98,1.46,1.59,0.000,0.000,0.000,0.000,0.100,0.100,0.100,1,2.9,20.2,763,579,1,0,1,0,16,416,115,0
29.32,climb_cruise,534.0,534.0,27441.5,-6765,11.42,29.58,95.54,21.16,15.0,125.0,1,1,13.99,1.47,1.59,0.000,0.000,0.000,0.000,0.100,0.100,0.100,1,2.9,20.2,763,579,1,0,1,0,16,416,115,0
29.34,climb_cruise,533.9,533.9,27439.3,-6560,11.65,29.64,95.70,21.18,15.0,125.0,1,1,13.99,1.47,1.59,0.000,0.000,0.000,0.000,0.100,0.100,0.100,1,2.9,20.2,763,579,1,0,1,0,16,416,115,0
29.36,climb_cruise,533.8,533.8,27437.1,-6354,11.88,29.70,95.87,21.20,15.0,125.0,1,1,13.99,1.48,1.60,0.000,0.000,0.000,0.000,0.100,0.100,0.100,1,2.9,20.2,763,579,1,0,1,0,16,416,114,0
29.38,climb_cruise,533.7,533.7,27435.0,-6148,12.11,29.77,96.04,21.22,15.0,125.0,1,1,14.00,1.48,1.60,0.000,0.000,0.000,0.000,0.100,0.100,0.100,1,2.9,20.2,763,579,1,0,1,0,16,416,114,0
29.40,climb_cruise,533.6,533.6,27433.0,-5942,12.33,29.84,96.22,21.24,15.0,125.0,1,1,14.00,1.49,1.61,0.000,0.000,0.000,0.000,0.100,0.100,0.100,1,2.9,20.2,763,579,1,0,1,0,16,416,116,0
29.42,climb_cruise,533.5,533.5,27431.1,-5736,12.56,29.90,96.39,21.25,15.0,125.0,1,1,14.01,1.49,1.61,0.000,0.000,0.000,0.000,0.100,0.100,0.100,1,2.9,20.2,763,579,1,0,1,0,16,416,115,0
29.44,climb_cruise,533.4,533.4,27429.2,-5530,12.79,29.97,96.56,21.27,15.0,125.0,1,1,14.01,1.50,1.61,0.000,0.000,0.000,0.000,0.100,0.100,0.100,1,2.9,20.2,763,579,1,0,1,0,16,416,114,0
29.46,climb_cruise,533.3,533.3,27427.3,-5324,13.01,30.04,96.73,21.29,15.0,125.0,1,1,14.02,1.50,1.62,0.000,0.000,0.000,0.000,0.100,0.100,0.100,1,2.9,20.2,763,579,1,0,1,0,16,416,114,0
29.48,climb_cruise,533.2,533.2,27425.6,-5118,13.24,30.11,96.90,21.31,15.0,125.0,1,1,14.02,1.51,1.62,0.000,0.000,0.000,0.000,0.100,0.100,0.100,1,2.9,20.2,763,579,1,0,1,0,16,416,114,0
29.50,climb_cruise,533.1,533.1,27423.9,-4912,13.47,30.18,97.08,21.33,15.0,125.0,1,1,14.02,1.51,1.62,0.000,0.000,0.000,0.000,0.100,0.100,0.100,1,2.9,20.2,763,579,1,0,1,0,16,416,116,0
29.52,climb_cruise,533.0,533.0,27422.3,-4706,13.69,30.25,97.25,21.35,15.0,125.0,1,1,14.03,1.52,1.63,0.000,0.000,0.000,0.000,0.100,0.100,0.100,1,2.9,20.2,763,579,1,0,1,0,16,416,116,0
29.54,climb_cruise,532.9,532.9,27420.8,-4500,13.92,30.32,97.43,21.37,15.0,125.0,1,1,14.03,1.52,1.63,0.000,0.000,0.000,0.000,0.100,0.100,0.100,1,2.9,20.2,763,579,1,0,1,0,16,416,116,0
29.56,climb_cruise,532.8,532.8,27419.3,-4294,14.15,30.39,97.60,21.38,15.0,125.0,1,1,14.04,1.53,1.64,0.000,0.000,0.000,0.000,0.100,0.100,0.100,1,2.9,20.2,763,579,1,0,1,0,16,416,114,0
29.58,climb_cruise,532.7,532.7,27417.9,-4088,14.37,30.47,97.78,21.40,15.0,125.0,1,1,14.04,1.53,1.64,0.000,0.000,0.000,0.000,0.100,0.100,0.100,1,2.8,20.2,763,579,1,0,1,0,16,416,114,0
29.60,climb_cruise,532.6,532.6,27416.6,-3882,14.60,30.54,97.96,21.42,15.0,125.0,1,1,14.05,1.54,1.64,0.000,0.000,0.000,0.000,0.100,0.100,0.100,1,2.8,20.2,763,579,1,0,1,0,16,416,116,0
29.62,climb_cruise,532.5,532.5,27415.3,-3676,14.82,30.62,98.13,21.44,15.0,125.0,1,1,14.05,1.54,1.65,0.000,0.000,0.000,0.000,0.100,0.100,0.100,1,2.8,20.2,763,579,1,0,1,0,16,416,115,0
29.64,climb_cruise,532.4,532.4,27414.1,-3470,15.05,30.70,98.31,21.46,15.0,125.0,1,1,14.05,1.55,1.65,0.000,0.000,0.000,0.000,0.100,0.100,0.100,1,2.8,20.2,763,579,1,0,1,0,16,416,115,0
29.66,climb_cruise,532.2,532.2,27413.0,-3265,15.27,30.77,98.49,21.48,15.0,125.0,1,1,14.06,1.55,1.66,0.000,0.000,0.000,0.000,0.100,0.100,0.100,1,2.8,20.2,763,579,1,0,1,0,16,416,116,0
29.68,climb_cruise,532.1,532.1,27411.9,-3059,15.50,30.85,98.67,21.50,15.0,125.0,1,1,14.06,1.56,1.66,0.000,0.000,0.000,0.000,0.100,0.100,0.100,1,2.8,20.2,763,579,1,0,1,0,16,416,115,0
29.70,climb_cruise,532.0,532.0,27410.9,-2853,15.72,30.93,98.85,21.51,15.0,125.0,1,1,14.06,1.56,1.66,0.000,0.000,0.000,0.000,0.100,0.100,0.100,1,2.8,20.2,763,579,1,0,1,0,16,416,116,0
29.72,climb_cruise,531.9,531.9,27410.0,-2648,15.95,31.01,99.03,21.53,15.0,125.0,1,1,14.07,1.57,1.67,0.000,0.000,0.000,0.000,0.100,0.100,0.100,1,2.8,20.2,763,579,1,0,1,0,16,416,116,0
29.74,climb_cruise,531.8,531.8,27409.1,-2442,16.17,31.09,99.21,21.55,15.0,125.0,1,1,14.07,1.57,1.67,0.000,0.000,0.000,0.000,0.100,0.100,0.100,1,2.8,20.2,763,579,1,0,1,0,16,416,115,0
29.76,climb_cruise,531.6,531.6,27408.3,-2237,16.39,31.18,99.39,21.57,15.0,125.0,1,1,14.08,1.58,1.68,0.000,0.000,0.000,0.000,0.100,0.100,0.100,1,2.8,20.2,763,579,1,0,1,0,16,416,114,0
29.78,climb_cruise,531.5,531.5,27407.6,-2032,16.62,31.26,99.57,21.59,15.0,125.0,1,1,14.08,1.59,1.68,0.000,0.000,0.000,0.000,0.100,0.100,0.100,1,2.8,20.1,763,579,1,0,1,0,16,416,115,0
29.80,climb_cruise,531.4,531.4,27407.0,-1827,16.84,31.34,99.75,21.61,15.0,125.0,1,1,14.08,1.59,1.69,0.000,0.000,0.000,0.000,0.100,0.100,0.100,1,2.8,20.1,763,579,1,0,1,0,16,416,115,0
29.82,climb_cruise,531.3,531.3,27406.4,-1622,17.06,31.43,99.94,21.63,15.0,125.0,1,1,14.09,1.60,1.69,0.000,0.000,0.000,0.000,0.100,0.100,0.100,1,2.8,20.1,763,579,1,0,1,0,16,416,115,0
29.84,climb_cruise,531.1,531.1,27405.9,-1417,17.29,31.52,100.12,21.64,15.0,125.0,1,1,14.09,1.60,1.69,0.000,0.000,0.000,0.000,0.100,0.100,0.100,1,2.8,20.1,763,579,1,0,1,0,16,416,115,0
29.86,climb_cruise,531.0,531.0,27405.4,-1212,17.51,31.60,100.31,21.66,15.0,125.0,1,1,14.09,1.61,1.70,0.000,0.000,0.000,0.000,0.100,0.100,0.100,1,2.8,20.1,763,579,1,0,1,0,16,416,114,0
29.88,climb_cruise,530.9,530.9,27405.0,-1007,17.73,31.69,100.49,21.68,15.0,125.0,1,1,14.10,1.61,1.70,0.000,0.000,0.000,0.000,0.100,0.100,0.100,1,2.8,20.1,763,579,1,0,1,0,16,416,114,0
29.90,climb_cruise,530.8,530.8,27404.7,-803,17.95,31.78,100.68,21.70,15.0,125.0,1,1,14.10,1.62,1.71,0.000,0.000,0.000,0.000,0.100,0.100,0.100,1,2.8,20.1,763,579,1,0,1,0,16,416,114,0
29.92,climb_cruise,530.6,530.6,27404.5,-599,18.17,31.87,100.87,21.72,15.0,125.0,1,1,14.07,1.62,1.71,0.000,0.000,0.000,0.000,0.100,0.100,0.100,1,2.8,20.1,763,579,1,0,1,0,16,416,116,0
29.94,climb_cruise,530.5,530.5,27404.3,-394,18.39,31.96,101.05,21.74,15.0,125.0,1,1,14.00,1.63,1.72,0.000,0.000,0.000,0.000,0.100,0.100,0.100,1,2.7,20.1,763,579,1,0,1,0,16,416,114,0
29.96,climb_cruise,530.3,530.3,27404.2,-190,18.61,32.05,101.24,21.75,15.0,125.0,1,1,13.90,1.64,1.72,0.000,0.000,0.000,0.000,0.100,0.100,0.100,1,2.7,20.1,763,579,1,0,1,0,16,416,116,0
29.98,climb_cruise,530.2,530.2,27404.2,13,18.83,32.15,101.43,21.77,15.0,125.0,1,1,13.79,1.64,1.73,0.000,0.000,0.000,0.000,0.100,0.100,0.100,1,2.7,20.1,763,579,1,0,1,0,16,416,116,0