time_s,phase,airspeed_kts,groundSpeed_kts,altitude_ft,verticalSpeed_fpm,pitch_deg,roll_deg,yaw_deg,alpha_deg,stallAlpha_deg,stallSpeed_kts,stallWarning,stall,pitchRate_deg_s,rollRate_deg_s,yawRate_deg_s,ctrlElevator,ctrlAileron,ctrlRudder,ctrlThrottle,effElevator,effAileron,effRudder,motionEnabled,eng1_n1,eng2_n1,eng1_egt,eng2_egt,eng1_failed,eng2_failed,eng1_fire,eng2_fire,hydPressA_psi,hydPressB_psi,elecVolts,onGround
-0.02,climb_cruise,449.9,449.9,34999.9,-42,0.20,-0.00,360.00,0.17,15.0,125.0,0,0,3.56,-0.00,-0.00,0.000,0.000,0.000,1.000,1.000,1.000,1.000,1,84.4,84.4,762,763,0,0,0,0,3000,3000,114,0
0.00,climb_cruise,449.9,449.9,34999.9,-49,0.26,-0.00,359.97,0.31,15.0,125.0,0,0,3.20,-0.34,-3.22,-0.005,0.000,0.000,1.000,0.750,0.750,0.750,1,54.9,84.3,762,763,1,0,1,0,1216,1816,114,0
0.02,climb_cruise,449.9,449.9,34999.9,-56,0.33,-0.01,359.89,0.38,15.0,125.0,0,0,3.02,-1.04,-5.84,-0.010,0.001,0.000,1.000,0.750,0.750,0.750,1,54.8,84.2,762,763,1,0,1,0,1216,1816,116,0
0.04,climb_cruise,449.9,449.9,34999.8,-62,0.39,-0.04,359.75,0.45,15.0,125.0,0,0,3.07,-1.50,-7.89,-0.015,0.005,0.001,1.000,0.750,0.750,0.750,1,54.7,84.2,762,764,1,0,1,0,1216,1816,116,0
0.06,climb_cruise,449.9,449.9,34999.8,-68,0.45,-0.07,359.58,0.52,15.0,125.0,0,0,3.20,-1.54,-9.40,-0.019,0.011,0.001,1.000,0.750,0.750,0.750,1,54.6,84.1,762,764,1,0,1,0,1216,1816,116,0
0.08,climb_cruise,449.8,449.8,34999.8,-74,0.52,-0.10,359.39,0.59,15.0,125.0,0,0,3.33,-1.18,-10.40,-0.022,0.019,0.003,1.000,0.750,0.750,0.750,1,54.5,84.1,762,765,1,0,1,0,1216,1816,114,0
0.10,climb_cruise,449.8,449.8,34999.8,-79,0.58,-0.11,359.17,0.67,15.0,125.0,0,0,3.39,-0.52,-10.93,-0.024,0.028,0.005,1.000,0.750,0.750,0.750,1,54.3,84.1,762,765,1,0,1,0,1216,1816,114,0
0.12,climb_cruise,449.8,449.8,34999.7,-84,0.65,-0.12,358.95,0.74,15.0,125.0,0,0,3.33,0.35,-11.04,-0.025,0.036,0.007,1.000,0.750,0.750,0.750,1,54.2,84.0,762,766,1,0,1,0,1216,1816,115,0
0.14,climb_cruise,449.8,449.8,34999.7,-88,0.71,-0.10,358.73,0.81,15.0,125.0,0,0,3.14,1.34,-10.76,-0.025,0.045,0.010,1.000,0.750,0.750,0.750,1,54.1,84.0,762,766,1,0,1,0,1216,1816,115,0
0.16,climb_cruise,449.7,449.7,34999.7,-92,0.77,-0.07,358.52,0.88,15.0,125.0,0,0,2.81,2.37,-10.17,-0.024,0.053,0.013,1.000,0.750,0.750,0.750,1,54.0,84.0,762,767,1,0,1,0,1216,1816,116,0
0.18,climb_cruise,449.7,449.7,34999.6,-96,0.83,-0.01,358.33,0.94,15.0,125.0,0,0,2.36,3.39,-9.32,-0.023,0.060,0.016,1.000,0.750,0.750,0.750,1,53.9,84.0,762,767,1,0,1,0,1216,1816,114,0
0.20,climb_cruise,449.7,449.7,34999.6,-99,0.87,0.06,358.15,0.98,15.0,125.0,0,0,1.80,4.35,-8.25,-0.021,0.066,0.019,1.000,0.750,0.750,0.750,1,53.8,84.0,762,768,1,0,1,0,1216,1816,114,0
0.22,climb_cruise,449.7,449.7,34999.6,-102,0.90,0.16,357.99,1.02,15.0,125.0,0,0,1.18,5.20,-7.05,-0.020,0.070,0.022,1.000,0.750,0.750,0.750,1,53.7,84.1,762,768,1,0,1,0,1216,1816,114,0
0.24,climb_cruise,449.6,449.6,34999.5,-105,0.92,0.27,357.86,1.04,15.0,125.0,0,0,0.53,5.93,-5.74,-0.018,0.074,0.026,1.000,0.750,0.750,0.750,1,53.6,84.1,762,768,1,0,1,0,1216,1816,115,0
0.26,climb_cruise,449.6,449.6,34999.5,-107,0.93,0.39,357.76,1.05,15.0,125.0,0,0,-0.10,6.50,-4.41,-0.017,0.076,0.028,1.000,0.750,0.750,0.750,1,53.5,84.1,762,769,1,0,1,0,1216,1816,115,0
0.28,climb_cruise,449.6,449.6,34999.5,-110,0.92,0.52,357.68,1.04,15.0,125.0,0,0,-0.67,6.90,-3.08,-0.016,0.076,0.031,1.000,0.750,0.750,0.750,1,53.4,84.2,762,769,1,0,1,0,1216,1816,115,0
0.30,climb_cruise,449.6,449.6,34999.4,-113,0.90,0.66,357.63,1.02,15.0,125.0,0,0,-1.15,7.12,-1.80,-0.015,0.075,0.033,1.000,0.750,0.750,0.750,1,53.3,84.2,762,770,1,0,1,0,1216,1816,115,0
0.32,climb_cruise,449.5,449.5,34999.4,-115,0.88,0.80,357.60,0.99,15.0,125.0,0,0,-1.50,7.18,-0.62,-0.015,0.074,0.035,1.000,0.750,0.750,0.750,1,53.2,84.2,762,770,1,0,1,0,1216,1816,114,0
0.34,climb_cruise,449.5,449.5,34999.3,-118,0.85,0.94,357.60,0.96,15.0,125.0,0,0,-1.70,7.05,0.45,-0.015,0.071,0.036,1.000,0.750,0.750,0.750,1,53.1,84.3,762,770,1,0,1,0,1216,1816,116,0
0.36,climb_cruise,449.5,449.5,34999.3,-122,0.81,1.08,357.62,0.93,15.0,125.0,0,0,-1.74,6.78,1.37,-0.016,0.068,0.037,1.000,0.750,0.750,0.750,1,52.9,84.4,762,771,1,0,1,0,1216,1816,114,0
0.38,climb_cruise,449.5,449.5,34999.3,-125,0.78,1.21,357.65,0.89,15.0,125.0,0,0,-1.62,6.36,2.13,-0.017,0.063,0.037,1.000,0.750,0.750,0.750,1,52.8,84.4,762,771,1,0,1,0,1216,1816,115,0
0.40,climb_cruise,449.4,449.4,34999.2,-129,0.74,1.33,357.70,0.86,15.0,125.0,0,0,-1.35,5.83,2.72,-0.019,0.059,0.037,1.000,0.750,0.750,0.750,1,52.7,84.5,762,772,1,0,1,0,1216,1816,115,0
0.42,climb_cruise,449.4,449.4,34999.2,-133,0.72,1.45,357.75,0.83,15.0,125.0,0,0,-0.95,5.20,3.15,-0.021,0.054,0.037,1.000,0.750,0.750,0.750,1,52.6,84.6,762,772,1,0,1,0,1216,1816,115,0
0.44,climb_cruise,449.4,449.4,34999.1,-137,0.70,1.54,357.82,0.82,15.0,125.0,0,0,-0.44,4.50,3.40,-0.024,0.049,0.037,1.000,0.750,0.750,0.750,1,52.5,84.7,762,772,1,0,1,0,1216,1816,116,0
0.46,climb_cruise,449.4,449.4,34999.1,-141,0.70,1.63,357.89,0.81,15.0,125.0,0,0,0.13,3.76,3.49,-0.026,0.044,0.036,1.000,0.750,0.750,0.750,1,52.4,84.7,762,773,1,0,1,0,1216,1816,115,0
0.48,climb_cruise,449.3,449.3,34999.0,-145,0.70,1.69,357.96,0.82,15.0,125.0,0,0,0.73,3.00,3.44,-0.029,0.039,0.035,1.000,0.750,0.750,0.750,1,52.3,84.8,762,773,1,0,1,0,1216,1816,115,0
0.50,climb_cruise,449.3,449.3,34999.0,-150,0.72,1.75,358.02,0.84,15.0,125.0,0,0,1.32,2.23,3.26,-0.031,0.035,0.033,1.000,0.750,0.750,0.750,1,52.2,84.9,762,773,1,0,1,0,1216,1816,116,0
0.52,climb_cruise,449.3,449.3,34998.9,-154,0.75,1.79,358.09,0.87,15.0,125.0,0,0,1.86,1.50,2.97,-0.033,0.030,0.032,1.000,0.750,0.750,0.750,1,52.1,85.0,762,774,1,0,1,0,1216,1816,114,0
0.54,climb_cruise,449.3,449.3,34998.9,-158,0.79,1.81,358.15,0.92,15.0,125.0,0,0,2.31,0.80,2.59,-0.034,0.027,0.030,1.000,0.750,0.750,0.750,1,52.0,85.1,762,774,1,0,1,0,1216,1816,115,0
0.56,climb_cruise,449.2,449.2,34998.8,-161,0.84,1.82,358.20,0.97,15.0,125.0,0,0,2.63,0.15,2.14,-0.036,0.024,0.029,1.000,0.750,0.750,0.750,1,51.9,85.2,762,774,1,0,1,0,1216,1816,115,0
0.58,climb_cruise,449.2,449.2,34998.8,-164,0.89,1.82,358.24,1.03,15.0,125.0,0,0,2.82,-0.43,1.64,-0.036,0.021,0.028,1.000,0.750,0.750,0.750,1,51.8,85.3,762,775,1,0,1,0,1216,1816,116,0
0.60,climb_cruise,449.2,449.2,34998.7,-167,0.94,1.81,358.27,1.09,15.0,125.0,0,0,2.86,-0.94,1.12,-0.036,0.019,0.026,1.000,0.750,0.750,0.750,1,51.7,85.4,762,775,1,0,1,0,1216,1816,116,0
0.62,climb_cruise,449.2,449.2,34998.7,-170,1.00,1.78,358.29,1.15,15.0,125.0,0,0,2.73,-1.37,0.59,-0.035,0.018,0.025,1.000,0.750,0.750,0.750,1,51.6,85.5,762,775,1,0,1,0,1216,1816,115,0
0.64,climb_cruise,449.1,449.1,34998.6,-172,1.05,1.75,358.29,1.21,15.0,125.0,0,0,2.47,-1.71,0.08,-0.034,0.017,0.024,1.000,0.750,0.750,0.750,1,51.5,85.6,762,776,1,0,1,0,1216,1816,115,0
0.66,climb_cruise,449.1,449.1,34998.5,-173,1.10,1.72,358.29,1.26,15.0,125.0,0,0,2.07,-1.98,-0.41,-0.033,0.017,0.023,1.000,0.750,0.750,0.750,1,51.4,85.7,762,776,1,0,1,0,1216,1816,115,0
0.68,climb_cruise,449.1,449.1,34998.5,-175,1.14,1.68,358.28,1.30,15.0,125.0,0,0,1.57,-2.16,-0.86,-0.031,0.017,0.022,1.000,0.750,0.750,0.750,1,51.3,85.8,762,776,1,0,1,0,1216,1816,114,0
0.70,climb_cruise,449.1,449.1,34998.4,-176,1.16,1.63,358.26,1.33,15.0,125.0,0,0,0.99,-2.26,-1.25,-0.030,0.018,0.022,1.000,0.750,0.750,0.750,1,51.2,85.9,762,777,1,0,1,0,1216,1816,115,0
0.72,climb_cruise,449.0,449.0,34998.4,-177,1.18,1.59,358.24,1.35,15.0,125.0,0,0,0.39,-2.29,-1.59,-0.028,0.019,0.021,1.000,0.750,0.750,0.750,1,51.1,86.0,762,777,1,0,1,0,1216,1816,115,0
0.74,climb_cruise,449.0,449.0,34998.3,-178,1.18,1.54,358.20,1.36,15.0,125.0,0,0,-0.21,-2.24,-1.86,-0.026,0.021,0.021,1.000,0.750,0.750,0.750,1,51.0,86.2,762,777,1,0,1,0,1216,1816,116,0
0.76,climb_cruise,449.0,449.0,34998.2,-179,1.18,1.50,358.16,1.35,15.0,125.0,0,0,-0.76,-2.14,-2.06,-0.025,0.022,0.021,1.000,0.750,0.750,0.750,1,50.9,86.3,762,778,1,0,1,0,1216,1816,115,0
0.78,climb_cruise,449.0,449.0,34998.2,-180,1.16,1.45,358.12,1.34,15.0,125.0,0,0,-1.23,-1.99,-2.20,-0.024,0.024,0.021,1.000,0.750,0.750,0.750,1,50.8,86.4,762,778,1,0,1,0,1216,1816,115,0
0.80,climb_cruise,448.9,448.9,34998.1,-181,1.13,1.42,358.07,1.32,15.0,125.0,0,0,-1.59,-1.79,-2.27,-0.024,0.026,0.021,1.000,0.750,0.750,0.750,1,50.7,86.5,762,778,1,0,1,0,1216,1816,115,0
0.82,climb_cruise,448.9,448.9,34998.1,-182,1.10,1.38,358.03,1.29,15.0,125.0,0,0,-1.81,-1.56,-2.28,-0.024,0.028,0.022,1.000,0.750,0.750,0.750,1,50.6,86.6,762,779,1,0,1,0,1216,1816,114,0
0.84,climb_cruise,448.9,448.9,34998.0,-184,1.06,1.35,357.98,1.25,15.0,125.0,0,0,-1.88,-1.31,-2.24,-0.025,0.030,0.022,1.000,0.750,0.750,0.750,1,50.5,86.7,762,779,1,0,1,0,1216,1816,115,0
0.86,climb_cruise,448.9,448.9,34997.9,-185,1.03,1.33,357.94,1.22,15.0,125.0,0,0,-1.80,-1.05,-2.15,-0.026,0.032,0.023,1.000,0.750,0.750,0.750,1,50.4,86.9,762,779,1,0,1,0,1216,1816,114,0
0.88,climb_cruise,448.8,448.8,34997.9,-187,0.99,1.31,357.89,1.19,15.0,125.0,0,0,-1.57,-0.80,-2.01,-0.028,0.033,0.023,1.000,0.750,0.750,0.750,1,50.3,87.0,762,779,1,0,1,0,1216,1816,115,0
0.90,climb_cruise,448.8,448.8,34997.8,-189,0.97,1.29,357.85,1.16,15.0,125.0,0,0,-1.21,-0.55,-1.84,-0.030,0.035,0.024,1.000,0.750,0.750,0.750,1,50.2,87.1,762,780,1,0,1,0,1216,1816,116,0
0.92,climb_cruise,448.8,448.8,34997.8,-192,0.95,1.28,357.82,1.14,15.0,125.0,0,0,-0.74,-0.31,-1.65,-0.032,0.036,0.024,1.000,0.750,0.750,0.750,1,50.1,87.2,762,780,1,0,1,0,1216,1816,114,0
0.94,climb_cruise,448.8,448.8,34997.7,-194,0.94,1.28,357.79,1.13,15.0,125.0,0,0,-0.20,-0.10,-1.44,-0.035,0.037,0.025,1.000,0.750,0.750,0.750,1,50.0,87.3,762,780,1,0,1,0,1216,1816,115,0
0.96,climb_cruise,448.8,448.8,34997.6,-197,0.94,1.28,357.76,1.13,15.0,125.0,0,0,0.39,0.08,-1.23,-0.037,0.038,0.026,1.000,0.750,0.750,0.750,1,49.9,87.5,762,781,1,0,1,0,1216,1816,114,0
0.98,climb_cruise,448.7,448.7,34997.6,-199,0.95,1.28,357.74,1.15,15.0,125.0,0,0,0.97,0.24,-1.01,-0.039,0.039,0.026,1.000,0.750,0.750,0.750,1,49.8,87.6,762,781,1,0,1,0,1216,1816,115,0
1.00,climb_cruise,448.7,448.7,34997.5,-201,0.98,1.29,357.72,1.17,15.0,125.0,0,0,1.52,0.36,-0.80,-0.041,0.039,0.026,1.000,0.750,0.750,0.750,1,49.7,87.7,762,781,1,0,1,0,1216,1816,116,0
1.02,climb_cruise,448.7,448.7,34997.4,-204,1.01,1.30,357.71,1.21,15.0,125.0,0,0,2.00,0.46,-0.60,-0.043,0.040,0.027,1.000,0.750,0.750,0.750,1,49.6,87.8,762,781,1,0,1,0,1216,1816,114,0
1.04,climb_cruise,448.7,448.7,34997.4,-206,1.05,1.30,357.70,1.25,15.0,125.0,0,0,2.37,0.53,-0.43,-0.044,0.040,0.027,1.000,0.750,0.750,0.750,1,49.5,88.0,762,782,1,0,1,0,1216,1816,115,0
1.06,climb_cruise,448.6,448.6,34997.3,-207,1.10,1.32,357.69,1.30,15.0,125.0,0,0,2.61,0.57,-0.27,-0.044,0.040,0.027,1.000,0.750,0.750,0.750,1,49.4,88.1,762,782,1,0,1,0,1216,1816,115,0
1.08,climb_cruise,448.6,448.6,34997.2,-209,1.16,1.33,357.69,1.36,15.0,125.0,0,0,2.71,0.59,-0.14,-0.044,0.040,0.028,1.000,0.750,0.750,0.750,1,49.3,88.2,762,782,1,0,1,0,1216,1816,115,0
1.10,climb_cruise,448.6,448.6,34997.1,-210,1.21,1.34,357.69,1.41,15.0,125.0,0,0,2.67,0.59,-0.03,-0.044,0.039,0.028,1.000,0.750,0.750,0.750,1,49.2,88.3,762,782,1,0,1,0,1216,1816,115,0
1.12,climb_cruise,448.6,448.6,34997.1,-210,1.26,1.35,357.69,1.46,15.0,125.0,0,0,2.47,0.56,0.05,-0.043,0.039,0.028,1.000,0.750,0.750,0.750,1,49.1,88.5,762,783,1,0,1,0,1216,1816,115,0
1.14,climb_cruise,448.5,448.5,34997.0,-211,1.31,1.36,357.69,1.51,15.0,125.0,0,0,2.15,0.53,0.11,-0.042,0.039,0.028,1.000,0.750,0.750,0.750,1,49.0,88.6,762,783,1,0,1,0,1216,1816,115,0
1.16,climb_cruise,448.5,448.5,34996.9,-211,1.35,1.37,357.69,1.55,15.0,125.0,0,0,1.71,0.49,0.13,-0.040,0.038,0.028,1.000,0.750,0.750,0.750,1,48.9,88.7,762,783,1,0,1,0,1216,1816,116,0
1.18,climb_cruise,448.5,448.5,34996.9,-211,1.38,1.38,357.70,1.58,15.0,125.0,0,0,1.20,0.45,0.14,-0.038,0.038,0.028,1.000,0.750,0.750,0.750,1,48.8,88.8,762,783,1,0,1,0,1216,1816,114,0
1.20,climb_cruise,448.5,448.5,34996.8,-210,1.40,1.39,357.70,1.61,15.0,125.0,0,0,0.64,0.40,0.12,-0.037,0.038,0.028,1.000,0.750,0.750,0.750,1,48.7,89.0,762,784,1,0,1,0,1216,1816,115,0
1.22,climb_cruise,448.4,448.4,34996.7,-210,1.41,1.40,357.70,1.61,15.0,125.0,0,0,0.07,0.35,0.09,-0.035,0.038,0.028,1.000,0.750,0.750,0.750,1,48.6,89.1,762,784,1,0,1,0,1216,1816,115,0
1.24,climb_cruise,448.4,448.4,34996.6,-209,1.40,1.40,357.70,1.61,15.0,125.0,0,0,-0.47,0.30,0.04,-0.034,0.037,0.027,1.000,0.750,0.750,0.750,1,48.5,89.2,762,784,1,0,1,0,1216,1816,116,0
1.26,climb_cruise,448.4,448.4,34996.6,-209,1.39,1.41,357.70,1.60,15.0,125.0,0,0,-0.95,0.27,-0.02,-0.033,0.037,0.027,1.000,0.750,0.750,0.750,1,48.4,89.3,762,784,1,0,1,0,1216,1816,115,0
1.28,climb_cruise,448.4,448.4,34996.5,-209,1.37,1.41,357.70,1.58,15.0,125.0,0,0,-1.33,0.24,-0.10,-0.032,0.037,0.027,1.000,0.750,0.750,0.750,1,48.3,89.4,762,785,1,0,1,0,1216,1816,114,0
1.30,climb_cruise,448.3,448.3,34996.4,-208,1.34,1.42,357.70,1.55,15.0,125.0,0,0,-1.59,0.22,-0.17,-0.032,0.037,0.027,1.000,0.750,0.750,0.750,1,48.2,89.6,762,785,1,0,1,0,1216,1816,115,0
1.32,climb_cruise,448.3,448.3,34996.4,-208,1.31,1.42,357.69,1.52,15.0,125.0,0,0,-1.71,0.21,-0.25,-0.032,0.038,0.027,1.000,0.750,0.750,0.750,1,48.1,89.7,762,785,1,0,1,0,1216,1816,115,0
1.34,climb_cruise,448.3,448.3,34996.3,-209,1.27,1.43,357.69,1.48,15.0,125.0,0,0,-1.70,0.20,-0.33,-0.033,0.038,0.027,1.000,0.750,0.750,0.750,1,48.0,89.8,762,785,1,0,1,0,1216,1816,115,0
1.36,climb_cruise,448.3,448.3,34996.2,-209,1.24,1.43,357.68,1.45,15.0,125.0,0,0,-1.54,0.21,-0.40,-0.035,0.038,0.027,1.000,0.750,0.750,0.750,1,47.9,89.9,762,785,1,0,1,0,1216,1816,114,0
1.38,climb_cruise,448.3,448.3,34996.2,-209,1.20,1.39,357.66,1.41,15.0,125.0,0,0,-3.01,-4.38,-1.52,-0.036,0.039,0.027,1.000,0.100,0.100,0.100,1,47.8,90.0,762,786,1,0,1,0,32,1032,115,0
1.40,climb_cruise,448.2,448.2,34996.1,-210,1.13,1.29,357.62,1.35,15.0,125.0,0,0,-4.09,-6.30,-2.45,-0.038,0.039,0.027,1.000,0.100,0.100,0.100,1,47.7,90.1,762,786,1,0,1,0,16,248,115,0
1.42,climb_cruise,448.2,448.2,34996.0,-211,1.04,1.15,357.56,1.28,15.0,125.0,0,0,-4.80,-7.24,-3.19,-0.040,0.042,0.027,1.000,0.100,0.100,0.100,1,47.6,90.3,762,786,1,0,1,0,16,16,116,0
1.44,climb_cruise,448.2,448.2,34996.0,-213,0.94,1.00,357.49,1.19,15.0,125.0,0,0,-5.19,-7.78,-3.77,-0.043,0.045,0.027,1.000,0.100,0.100,0.100,1,47.5,90.4,762,786,1,0,1,0,16,16,114,0
1.46,climb_cruise,448.2,448.2,34995.9,-215,0.84,0.84,357.41,1.09,15.0,125.0,0,0,-5.29,-8.15,-4.18,-0.047,0.049,0.028,1.000,0.100,0.100,0.100,1,47.4,90.5,762,786,1,0,1,0,16,16,116,0
1.48,climb_cruise,448.1,448.1,34995.8,-218,0.74,0.67,357.33,1.00,15.0,125.0,0,0,-5.14,-8.42,-4.46,-0.052,0.054,0.029,1.000,0.100,0.100,0.100,1,47.3,90.6,762,787,1,0,1,0,16,16,115,0
1.50,climb_cruise,448.1,448.1,34995.8,-221,0.64,0.50,357.23,0.91,15.0,125.0,0,0,-4.80,-8.64,-4.61,-0.057,0.060,0.029,1.000,0.100,0.100,0.100,1,47.2,90.7,762,787,1,0,1,0,16,16,115,0
1.52,climb_cruise,448.1,448.1,34995.7,-225,0.55,0.33,357.14,0.83,15.0,125.0,0,0,-4.30,-8.80,-4.65,-0.063,0.065,0.031,1.000,0.100,0.100,0.100,1,47.1,90.8,762,787,1,0,1,0,16,16,115,0
1.54,climb_cruise,448.1,448.1,34995.6,-229,0.46,0.15,357.05,0.76,15.0,125.0,0,0,-3.69,-8.92,-4.60,-0.070,0.071,0.032,1.000,0.100,0.100,0.100,1,47.1,91.0,762,787,1,0,1,0,16,16,115,0
1.56,climb_cruise,448.1,448.1,34995.5,-234,0.40,-0.03,356.96,0.70,15.0,125.0,0,0,-3.03,-9.02,-4.47,-0.077,0.077,0.033,1.000,0.100,0.100,0.100,1,47.0,91.1,762,787,1,0,1,0,16,16,115,0
1.58,climb_cruise,448.0,448.0,34995.5,-239,0.34,-0.21,356.87,0.66,15.0,125.0,0,0,-2.33,-9.08,-4.27,-0.083,0.082,0.034,1.000,0.100,0.100,0.100,1,46.9,91.2,762,788,1,0,1,0,16,16,115,0
1.60,climb_cruise,448.0,448.0,34995.4,-244,0.30,-0.39,356.79,0.63,15.0,125.0,0,0,-1.65,-9.11,-4.03,-0.090,0.088,0.036,1.000,0.100,0.100,0.100,1,46.8,91.3,762,788,1,0,1,0,16,16,115,0
1.62,climb_cruise,448.0,448.0,34995.3,-249,0.27,-0.58,356.71,0.62,15.0,125.0,0,0,-1.00,-9.12,-3.74,-0.096,0.094,0.037,1.000,0.100,0.100,0.100,1,46.7,91.4,762,788,1,0,1,0,16,16,114,0
1.64,climb_cruise,448.0,448.0,34995.2,-255,0.25,-0.76,356.64,0.62,15.0,125.0,0,0,-0.42,-9.11,-3.44,-0.102,0.099,0.038,1.000,0.100,0.100,0.100,1,46.6,91.5,762,788,1,0,1,0,16,16,114,0
1.66,climb_cruise,448.0,448.0,34995.1,-260,0.25,-0.94,356.57,0.63,15.0,125.0,0,0,0.10,-9.08,-3.12,-0.108,0.104,0.039,1.000,0.100,0.100,0.100,1,46.5,91.6,762,788,1,0,1,0,16,16,116,0
1.68,climb_cruise,447.9,447.9,34995.1,-266,0.25,-1.12,356.51,0.65,15.0,125.0,0,0,0.52,-9.03,-2.80,-0.113,0.110,0.041,1.000,0.100,0.100,0.100,1,46.4,91.7,762,789,1,0,1,0,16,16,114,0
1.70,climb_cruise,447.9,447.9,34995.0,-271,0.27,-1.30,356.46,0.68,15.0,125.0,0,0,0.86,-8.95,-2.48,-0.117,0.115,0.042,1.000,0.100,0.100,0.100,1,46.3,91.8,762,789,1,0,1,0,16,16,115,0
1.72,climb_cruise,447.9,447.9,34994.9,-276,0.28,-1.48,356.41,0.72,15.0,125.0,0,0,1.10,-8.86,-2.17,-0.121,0.120,0.043,1.000,0.100,0.100,0.100,1,46.2,91.9,762,789,1,0,1,0,16,16,114,0
1.74,climb_cruise,447.9,447.9,34994.8,-281,0.31,-1.66,356.37,0.76,15.0,125.0,0,0,1.26,-8.76,-1.88,-0.124,0.125,0.043,1.000,0.100,0.100,0.100,1,46.1,92.0,762,789,1,0,1,0,16,16,116,0
1.76,climb_cruise,447.9,447.9,34994.7,-285,0.33,-1.83,356.33,0.80,15.0,125.0,0,0,1.33,-8.64,-1.61,-0.127,0.130,0.044,1.000,0.100,0.100,0.100,1,46.0,92.1,762,789,1,0,1,0,16,16,115,0
1.78,climb_cruise,447.8,447.8,34994.6,-290,0.36,-2.00,356.30,0.84,15.0,125.0,0,0,1.33,-8.52,-1.36,-0.130,0.135,0.045,1.000,0.100,0.100,0.100,1,45.9,92.2,762,789,1,0,1,0,16,16,116,0
1.80,climb_cruise,447.8,447.8,34994.5,-294,0.38,-2.17,356.27,0.89,15.0,125.0,0,0,1.27,-8.38,-1.14,-0.132,0.139,0.045,1.000,0.100,0.100,0.100,1,45.8,92.4,762,790,1,0,1,0,16,16,114,0
1.82,climb_cruise,447.8,447.8,34994.4,-297,0.41,-2.34,356.25,0.93,15.0,125.0,0,0,1.16,-8.24,-0.95,-0.133,0.144,0.046,1.000,0.100,0.100,0.100,1,45.8,92.5,762,790,1,0,1,0,16,16,116,0
1.84,climb_cruise,447.8,447.8,34994.3,-301,0.43,-2.50,356.23,0.96,15.0,125.0,0,0,1.01,-8.09,-0.79,-0.135,0.149,0.046,1.000,0.100,0.100,0.100,1,45.7,92.6,762,790,1,0,1,0,16,16,114,0
1.86,climb_cruise,447.8,447.8,34994.2,-304,0.45,-2.66,356.22,1.00,15.0,125.0,0,0,0.84,-7.94,-0.65,-0.136,0.153,0.046,1.000,0.100,0.100,0.100,1,45.6,92.7,762,790,1,0,1,0,16,16,115,0
1.88,climb_cruise,447.7,447.7,34994.1,-308,0.46,-2.82,356.20,1.03,15.0,125.0,0,0,0.65,-7.78,-0.54,-0.137,0.158,0.046,1.000,0.100,0.100,0.100,1,45.5,92.8,762,790,1,0,1,0,16,16,115,0
1.90,climb_cruise,447.7,447.7,34994.0,-311,0.47,-2.97,356.19,1.05,15.0,125.0,0,0,0.46,-7.63,-0.46,-0.138,0.163,0.047,1.000,0.100,0.100,0.100,1,45.4,92.9,762,790,1,0,1,0,16,16,116,0
1.92,climb_cruise,447.7,447.7,34993.9,-314,0.48,-3.12,356.18,1.08,15.0,125.0,0,0,0.28,-7.48,-0.40,-0.140,0.168,0.047,1.000,0.100,0.100,0.100,1,45.3,92.9,762,791,1,0,1,0,16,16,115,0
1.94,climb_cruise,447.7,447.7,34993.8,-317,0.48,-3.27,356.18,1.09,15.0,125.0,0,0,0.11,-7.33,-0.37,-0.141,0.172,0.046,1.000,0.100,0.100,0.100,1,45.2,93.0,762,791,1,0,1,0,16,16,114,0
1.96,climb_cruise,447.7,447.7,34993.7,-319,0.48,-3.42,356.17,1.11,15.0,125.0,0,0,-0.05,-7.19,-0.35,-0.142,0.177,0.046,1.000,0.100,0.100,0.100,1,45.1,93.1,762,791,1,0,1,0,16,16,116,0
1.98,climb_cruise,447.6,447.6,34993.5,-322,0.48,-3.56,356.16,1.12,15.0,125.0,0,0,-0.18,-7.05,-0.35,-0.144,0.182,0.046,1.000,0.100,0.100,0.100,1,45.0,93.2,762,791,1,0,1,0,16,16,114,0
2.00,climb_cruise,447.6,447.6,34993.4,-325,0.48,-3.70,356.16,1.13,15.0,125.0,0,0,-0.28,-6.91,-0.36,-0.145,0.187,0.046,1.000,0.100,0.100,0.100,1,44.9,93.3,762,791,1,0,1,0,16,16,115,0
2.02,climb_cruise,447.6,447.6,34993.3,-327,0.47,-3.84,356.15,1.13,15.0,125.0,0,0,-0.36,-6.78,-0.38,-0.147,0.192,0.046,1.000,0.100,0.100,0.100,1,44.8,93.4,762,791,1,0,1,0,16,16,114,0
2.04,climb_cruise,447.6,447.6,34993.2,-330,0.46,-3.97,356.14,1.14,15.0,125.0,0,0,-0.41,-6.65,-0.42,-0.149,0.196,0.046,1.000,0.100,0.100,0.100,1,44.8,93.5,762,792,1,0,1,0,16,16,114,0
2.06,climb_cruise,447.6,447.6,34993.1,-332,0.45,-4.10,356.13,1.14,15.0,125.0,0,0,-0.44,-6.52,-0.46,-0.151,0.201,0.045,1.000,0.100,0.100,0.100,1,44.7,93.6,762,792,1,0,1,0,16,16,115,0
2.08,climb_cruise,447.5,447.5,34993.0,-335,0.44,-4.23,356.12,1.14,15.0,125.0,0,0,-0.44,-6.40,-0.50,-0.153,0.206,0.045,1.000,0.100,0.100,0.100,1,44.6,93.7,762,792,1,0,1,0,16,16,115,0
2.10,climb_cruise,447.5,447.5,34992.9,-338,0.43,-4.36,356.12,1.15,15.0,125.0,0,0,-0.42,-6.28,-0.55,-0.155,0.211,0.045,1.000,0.100,0.100,0.100,1,44.5,93.8,762,792,1,0,1,0,16,16,115,0
2.12,climb_cruise,447.5,447.5,34992.8,-340,0.42,-4.48,356.10,1.15,15.0,125.0,0,0,-0.38,-6.16,-0.60,-0.158,0.216,0.045,1.000,0.100,0.100,0.100,1,44.4,93.9,762,792,1,0,1,0,16,16,115,0
2.14,climb_cruise,447.5,447.5,34992.7,-343,0.42,-4.61,356.09,1.15,15.0,125.0,0,0,-0.33,-6.05,-0.65,-0.160,0.222,0.045,1.000,0.100,0.100,0.100,1,44.3,94.0,762,792,1,0,1,0,16,16,114,0
2.16,climb_cruise,447.5,447.5,34992.5,-346,0.41,-4.73,356.08,1.16,15.0,125.0,0,0,-0.27,-5.94,-0.70,-0.163,0.227,0.045,1.000,0.100,0.100,0.100,1,44.2,94.1,762,792,1,0,1,0,16,16,115,0
2.18,climb_cruise,447.4,447.4,34992.4,-348,0.40,-4.84,356.07,1.16,15.0,125.0,0,0,-0.20,-5.83,-0.75,-0.165,0.232,0.045,1.000,0.100,0.100,0.100,1,44.1,94.1,762,792,1,0,1,0,16,16,115,0
2.20,climb_cruise,447.4,447.4,34992.3,-351,0.40,-4.96,356.05,1.17,15.0,125.0,0,0,-0.13,-5.72,-0.80,-0.168,0.237,0.044,1.000,0.100,0.100,0.100,1,44.0,94.2,762,793,1,0,1,0,16,16,115,0
2.22,climb_cruise,447.4,447.4,34992.2,-353,0.40,-5.07,356.03,1.18,15.0,125.0,0,0,-0.06,-5.62,-0.84,-0.171,0.242,0.044,1.000,0.100,0.100,0.100,1,44.0,94.3,762,793,1,0,1,0,16,16,115,0
2.24,climb_cruise,447.4,447.4,34992.1,-356,0.39,-5.18,356.02,1.18,15.0,125.0,0,0,0.01,-5.51,-0.88,-0.173,0.247,0.044,1.000,0.100,0.100,0.100,1,43.9,94.4,762,793,1,0,1,0,16,16,114,0
2.26,climb_cruise,447.4,447.4,34992.0,-358,0.39,-5.29,356.00,1.19,15.0,125.0,0,0,0.08,-5.41,-0.91,-0.176,0.253,0.044,1.000,0.100,0.100,0.100,1,43.8,94.5,762,793,1,0,1,0,16,16,114,0
2.28,climb_cruise,447.3,447.3,34991.8,-361,0.39,-5.40,355.98,1.21,15.0,125.0,0,0,0.14,-5.31,-0.94,-0.178,0.258,0.044,1.000,0.100,0.100,0.100,1,43.7,94.6,762,793,1,0,1,0,16,16,115,0
2.30,climb_cruise,447.3,447.3,34991.7,-363,0.39,-5.51,355.96,1.22,15.0,125.0,0,0,0.19,-5.20,-0.96,-0.181,0.263,0.044,1.000,0.100,0.100,0.100,1,43.6,94.6,762,793,1,0,1,0,16,16,114,0
2.32,climb_cruise,447.3,447.3,34991.6,-365,0.40,-5.61,355.94,1.23,15.0,125.0,0,0,0.24,-5.10,-0.98,-0.183,0.268,0.044,1.000,0.100,0.100,0.100,1,43.5,94.7,762,793,1,0,1,0,16,16,115,0
2.34,climb_cruise,447.3,447.3,34991.5,-368,0.40,-5.71,355.92,1.25,15.0,125.0,0,0,0.28,-5.00,-1.00,-0.186,0.273,0.045,1.000,0.100,0.100,0.100,1,43.4,94.8,762,794,1,0,1,0,16,16,115,0
2.36,climb_cruise,447.3,447.3,34991.3,-370,0.40,-5.81,355.90,1.26,15.0,125.0,0,0,0.31,-4.90,-1.01,-0.188,0.279,0.045,1.000,0.100,0.100,0.100,1,43.3,94.9,762,794,1,0,1,0,16,16,114,0
2.38,climb_cruise,447.2,447.2,34991.2,-372,0.41,-5.91,355.88,1.27,15.0,125.0,0,0,0.33,-4.79,-1.02,-0.190,0.284,0.045,1.000,0.100,0.100,0.100,1,43.3,95.0,762,794,1,0,1,0,16,16,115,0
2.40,climb_cruise,447.2,447.2,34991.1,-374,0.41,-6.00,355.86,1.29,15.0,125.0,0,0,0.34,-4.69,-1.02,-0.193,0.289,0.045,1.000,0.100,0.100,0.100,1,43.2,95.0,762,794,1,0,1,0,16,16,116,0
2.42,climb_cruise,447.2,447.2,34991.0,-376,0.42,-6.09,355.84,1.30,15.0,125.0,0,0,0.35,-4.59,-1.02,-0.195,0.294,0.045,1.000,0.100,0.100,0.100,1,43.1,95.1,762,794,1,0,1,0,16,16,114,0
2.44,climb_cruise,447.2,447.2,34990.8,-378,0.42,-6.19,355.82,1.32,15.0,125.0,0,0,0.36,-4.48,-1.02,-0.197,0.299,0.045,1.000,0.100,0.100,0.100,1,43.0,95.2,762,794,1,0,1,0,16,16,116,0
2.46,climb_cruise,447.2,447.2,34990.7,-380,0.43,-6.27,355.80,1.33,15.0,125.0,0,0,0.36,-4.38,-1.02,-0.199,0.304,0.045,1.000,0.100,0.100,0.100,1,42.9,95.3,762,794,1,0,1,0,16,16,116,0
2.48,climb_cruise,447.1,447.1,34990.6,-381,0.43,-6.36,355.78,1.35,15.0,125.0,0,0,0.36,-4.28,-1.01,-0.201,0.309,0.045,1.000,0.100,0.100,0.100,1,42.8,95.3,762,794,1,0,1,0,16,16,114,0
2.50,climb_cruise,447.1,447.1,34990.5,-383,0.44,-6.45,355.75,1.36,15.0,125.0,0,0,0.35,-4.17,-1.01,-0.203,0.314,0.046,1.000,0.100,0.100,0.100,1,42.7,95.4,762,794,1,0,1,0,16,16,116,0
2.52,climb_cruise,447.1,447.1,34990.3,-385,0.44,-6.53,355.73,1.38,15.0,125.0,0,0,0.35,-4.07,-1.00,-0.206,0.319,0.046,1.000,0.100,0.100,0.100,1,42.7,95.5,762,795,1,0,1,0,16,16,116,0
2.54,climb_cruise,447.1,447.1,34990.2,-386,0.45,-6.61,355.71,1.39,15.0,125.0,0,0,0.34,-3.97,-0.99,-0.208,0.324,0.046,1.000,0.100,0.100,0.100,1,42.6,95.6,762,795,1,0,1,0,16,16,116,0
2.56,climb_cruise,447.1,447.1,34990.1,-388,0.45,-6.69,355.69,1.40,15.0,125.0,0,0,0.33,-3.86,-0.98,-0.210,0.328,0.046,1.000,0.100,0.100,0.100,1,42.5,95.6,762,795,1,0,1,0,16,16,115,0
2.58,climb_cruise,447.0,447.0,34989.9,-389,0.45,-6.76,355.67,1.42,15.0,125.0,0,0,0.33,-3.76,-0.97,-0.212,0.333,0.046,1.000,0.100,0.100,0.100,1,42.4,95.7,762,795,1,0,1,0,16,16,116,0
2.60,climb_cruise,447.0,447.0,34989.8,-390,0.46,-6.84,355.65,1.43,15.0,125.0,0,0,0.33,-3.66,-0.96,-0.214,0.338,0.046,1.000,0.100,0.100,0.100,1,42.3,95.8,762,795,1,0,1,0,16,16,116,0
2.62,climb_cruise,447.0,447.0,34989.7,-392,0.46,-6.91,355.63,1.44,15.0,125.0,0,0,0.33,-3.55,-0.95,-0.216,0.342,0.047,1.000,0.100,0.100,0.100,1,42.2,95.8,762,795,1,0,1,0,16,16,115,0
2.64,climb_cruise,447.0,447.0,34989.5,-393,0.47,-6.98,355.61,1.45,15.0,125.0,0,0,0.33,-3.45,-0.94,-0.218,0.347,0.047,1.000,0.100,0.100,0.100,1,42.2,95.9,762,795,1,0,1,0,16,16,114,0
2.66,climb_cruise,447.0,447.0,34989.4,-394,0.47,-7.05,355.59,1.46,15.0,125.0,0,0,0.33,-3.35,-0.93,-0.220,0.352,0.047,1.000,0.100,0.100,0.100,1,42.1,96.0,762,795,1,0,1,0,16,16,116,0
2.68,climb_cruise,446.9,446.9,34989.3,-395,0.48,-7.11,355.57,1.48,15.0,125.0,0,0,0.34,-3.25,-0.93,-0.222,0.356,0.047,1.000,0.100,0.100,0.100,1,42.0,96.0,762,795,1,0,1,0,16,16,115,0
2.70,climb_cruise,446.9,446.9,34989.2,-396,0.48,-7.18,355.55,1.49,15.0,125.0,0,0,0.34,-3.15,-0.92,-0.224,0.361,0.047,1.000,0.100,0.100,0.100,1,41.9,96.1,762,795,1,0,1,0,16,16,115,0
2.72,climb_cruise,446.9,446.9,34989.0,-397,0.49,-7.24,355.54,1.50,15.0,125.0,0,0,0.35,-3.05,-0.91,-0.226,0.365,0.047,1.000,0.100,0.100,0.100,1,41.8,96.2,762,796,1,0,1,0,16,16,114,0
2.74,climb_cruise,446.9,446.9,34988.9,-398,0.49,-7.30,355.52,1.51,15.0,125.0,0,0,0.36,-2.95,-0.90,-0.228,0.369,0.048,1.000,0.100,0.100,0.100,1,41.7,96.2,762,796,1,0,1,0,16,16,116,0
2.76,climb_cruise,446.9,446.9,34988.8,-399,0.50,-7.36,355.50,1.52,15.0,125.0,0,0,0.38,-2.86,-0.90,-0.231,0.374,0.048,1.000,0.100,0.100,0.100,1,41.6,96.3,762,796,1,0,1,0,16,16,114,0
2.78,climb_cruise,446.8,446.8,34988.6,-400,0.50,-7.42,355.48,1.53,15.0,125.0,0,0,0.39,-2.76,-0.89,-0.233,0.378,0.048,1.000,0.100,0.100,0.100,1,41.6,96.4,762,796,1,0,1,0,16,16,115,0
2.80,climb_cruise,446.8,446.8,34988.5,-401,0.51,-7.47,355.46,1.55,15.0,125.0,0,0,0.41,-2.66,-0.88,-0.235,0.382,0.048,1.000,0.100,0.100,0.100,1,41.5,96.4,762,796,1,0,1,0,16,16,115,0
2.82,climb_cruise,446.8,446.8,34988.4,-401,0.51,-7.52,355.44,1.56,15.0,125.0,0,0,0.42,-2.57,-0.88,-0.237,0.386,0.048,1.000,0.100,0.100,0.100,1,41.4,96.5,762,796,1,0,1,0,16,16,114,0
2.84,climb_cruise,446.8,446.8,34988.2,-402,0.52,-7.57,355.42,1.57,15.0,125.0,0,0,0.44,-2.48,-0.87,-0.239,0.391,0.048,1.000,0.100,0.100,0.100,1,41.3,96.6,762,796,1,0,1,0,16,16,115,0
2.86,climb_cruise,446.8,446.8,34988.1,-403,0.52,-7.62,355.41,1.58,15.0,125.0,0,0,0.45,-2.38,-0.87,-0.241,0.395,0.048,1.000,0.100,0.100,0.100,1,41.2,96.6,762,796,1,0,1,0,16,16,115,0
2.88,climb_cruise,446.8,446.8,34987.9,-403,0.53,-7.67,355.39,1.59,15.0,125.0,0,0,0.47,-2.29,-0.87,-0.243,0.399,0.049,1.000,0.100,0.100,0.100,1,41.2,96.7,762,796,1,0,1,0,16,16,114,0
2.90,climb_cruise,446.7,446.7,34987.8,-404,0.54,-7.71,355.37,1.60,15.0,125.0,0,0,0.48,-2.20,-0.86,-0.245,0.403,0.049,1.000,0.100,0.100,0.100,1,41.1,96.7,762,796,1,0,1,0,16,16,116,0
2.92,climb_cruise,446.7,446.7,34987.7,-404,0.55,-7.76,355.35,1.62,15.0,125.0,0,0,0.50,-2.11,-0.86,-0.247,0.407,0.049,1.000,0.100,0.100,0.100,1,41.0,96.8,762,797,1,0,1,0,16,16,116,0
2.94,climb_cruise,446.7,446.7,34987.5,-404,0.55,-7.80,355.33,1.63,15.0,125.0,0,0,0.51,-2.03,-0.86,-0.249,0.411,0.049,1.000,0.100,0.100,0.100,1,40.9,96.9,762,797,1,0,1,0,16,16,114,0
2.96,climb_cruise,446.7,446.7,34987.4,-405,0.56,-7.84,355.31,1.64,15.0,125.0,0,0,0.52,-1.94,-0.85,-0.251,0.415,0.049,1.000,0.100,0.100,0.100,1,40.8,96.9,762,797,1,0,1,0,16,16,115,0
2.98,climb_cruise,446.7,446.7,34987.3,-405,0.57,-7.90,355.29,1.65,15.0,125.0,0,0,0.07,-3.72,-0.93,-0.190,0.314,0.037,1.000,0.100,0.100,0.100,1,40.7,97.0,762,797,1,0,1,0,16,16,115,0
3.00,climb_cruise,446.6,446.6,34987.1,-405,0.56,-7.99,355.28,1.66,15.0,125.0,0,0,-0.58,-5.32,-1.03,-0.153,0.262,0.030,1.000,0.100,0.100,0.100,1,40.7,97.0,762,797,1,0,1,0,16,16,115,0
3.02,climb_cruise,446.6,446.6,34987.0,-405,0.54,-8.10,355.26,1.65,15.0,125.0,0,0,-1.24,-6.40,-1.14,-0.131,0.236,0.025,1.000,0.100,0.100,0.100,1,40.6,97.1,762,797,1,0,1,0,16,16,115,0
3.04,climb_cruise,446.6,446.6,34986.9,-405,0.51,-8.24,355.24,1.63,15.0,125.0,0,0,-1.84,-7.06,-1.25,-0.119,0.223,0.023,1.000,0.100,0.100,0.100,1,40.5,97.1,762,797,1,0,1,0,16,16,115,0
3.06,climb_cruise,446.6,446.6,34986.7,-405,0.46,-8.38,355.22,1.60,15.0,125.0,0,0,-2.31,-7.44,-1.35,-0.112,0.217,0.021,1.000,0.100,0.100,0.100,1,40.4,97.2,762,797,1,0,1,0,16,16,116,0
3.08,climb_cruise,446.6,446.6,34986.6,-406,0.41,-8.53,355.20,1.56,15.0,125.0,0,0,-2.65,-7.66,-1.43,-0.109,0.215,0.020,1.000,0.100,0.100,0.100,1,40.3,97.3,762,797,1,0,1,0,16,16,115,0
3.10,climb_cruise,446.5,446.5,34986.5,-407,0.35,-8.69,355.18,1.52,15.0,125.0,0,0,-2.83,-7.78,-1.49,-0.107,0.216,0.020,1.000,0.100,0.100,0.100,1,40.3,97.3,762,797,1,0,1,0,16,16,114,0
3.12,climb_cruise,446.5,446.5,34986.3,-408,0.29,-8.84,355.16,1.47,15.0,125.0,0,0,-2.89,-7.84,-1.53,-0.108,0.217,0.020,1.000,0.100,0.100,0.100,1,40.2,97.4,762,797,1,0,1,0,16,16,115,0
3.14,climb_cruise,446.5,446.5,34986.2,-409,0.23,-9.00,355.14,1.43,15.0,125.0,0,0,-2.82,-7.86,-1.56,-0.109,0.219,0.020,1.000,0.100,0.100,0.100,1,40.1,97.4,762,797,1,0,1,0,16,16,115,0
3.16,climb_cruise,446.5,446.5,34986.1,-411,0.17,-9.16,355.11,1.38,15.0,125.0,0,0,-2.65,-7.87,-1.57,-0.110,0.221,0.020,1.000,0.100,0.100,0.100,1,40.0,97.5,762,797,1,0,1,0,16,16,115,0
3.18,climb_cruise,446.5,446.5,34985.9,-413,0.11,-9.31,355.09,1.34,15.0,125.0,0,0,-2.41,-7.86,-1.57,-0.112,0.224,0.020,1.000,0.100,0.100,0.100,1,39.9,97.5,762,798,1,0,1,0,16,16,115,0
3.20,climb_cruise,446.4,446.4,34985.8,-415,0.06,-9.47,355.07,1.31,15.0,125.0,0,0,-2.11,-7.84,-1.56,-0.115,0.227,0.020,1.000,0.100,0.100,0.100,1,39.9,97.6,762,798,1,0,1,0,16,16,115,0
3.22,climb_cruise,446.4,446.4,34985.7,-417,0.02,-9.63,355.04,1.28,15.0,125.0,0,0,-1.78,-7.81,-1.54,-0.117,0.229,0.020,1.000,0.100,0.100,0.100,1,39.8,97.6,762,798,1,0,1,0,16,16,116,0
3.24,climb_cruise,446.4,446.4,34985.5,-420,-0.02,-9.78,355.02,1.26,15.0,125.0,0,0,-1.43,-7.78,-1.51,-0.119,0.232,0.020,1.000,0.100,0.100,0.100,1,39.7,97.7,762,798,1,0,1,0,16,16,114,0
3.26,climb_cruise,446.4,446.4,34985.4,-423,-0.05,-9.94,354.99,1.24,15.0,125.0,0,0,-1.09,-7.74,-1.47,-0.121,0.235,0.020,1.000,0.100,0.100,0.100,1,39.6,97.7,762,798,1,0,1,0,16,16,115,0
3.28,climb_cruise,446.4,446.4,34985.2,-426,-0.07,-10.09,354.97,1.24,15.0,125.0,0,0,-0.75,-7.69,-1.43,-0.124,0.238,0.020,1.000,0.100,0.100,0.100,1,39.5,97.8,762,798,1,0,1,0,16,16,115,0
3.30,climb_cruise,446.4,446.4,34985.1,-428,-0.09,-10.25,354.94,1.24,15.0,125.0,0,0,-0.45,-7.64,-1.39,-0.126,0.241,0.020,1.000,0.100,0.100,0.100,1,39.5,97.8,762,798,1,0,1,0,16,16,114,0
3.32,climb_cruise,446.3,446.3,34985.0,-431,-0.10,-10.40,354.92,1.24,15.0,125.0,0,0,-0.18,-7.59,-1.35,-0.128,0.244,0.020,1.000,0.100,0.100,0.100,1,39.4,97.9,762,798,1,0,1,0,16,16,115,0
3.34,climb_cruise,446.3,446.3,34984.8,-434,-0.11,-10.55,354.89,1.25,15.0,125.0,0,0,0.05,-7.53,-1.30,-0.129,0.247,0.021,1.000,0.100,0.100,0.100,1,39.3,97.9,762,798,1,0,1,0,16,16,116,0
3.36,climb_cruise,446.3,446.3,34984.7,-437,-0.11,-10.70,354.86,1.27,15.0,125.0,0,0,0.24,-7.47,-1.26,-0.131,0.250,0.021,1.000,0.100,0.100,0.100,1,39.2,98.0,762,798,1,0,1,0,16,16,114,0
3.38,climb_cruise,446.3,446.3,34984.5,-440,-0.11,-10.85,354.84,1.29,15.0,125.0,0,0,0.39,-7.41,-1.22,-0.132,0.253,0.021,1.000,0.100,0.100,0.100,1,39.1,98.0,762,798,1,0,1,0,16,16,116,0
3.40,climb_cruise,446.3,446.3,34984.4,-442,-0.11,-11.00,354.81,1.31,15.0,125.0,0,0,0.49,-7.34,-1.18,-0.134,0.256,0.021,1.000,0.100,0.100,0.100,1,39.1,98.0,762,798,1,0,1,0,16,16,116,0
3.42,climb_cruise,446.3,446.3,34984.2,-445,-0.10,-11.14,354.79,1.33,15.0,125.0,0,0,0.56,-7.28,-1.15,-0.135,0.259,0.021,1.000,0.100,0.100,0.100,1,39.0,98.1,762,798,1,0,1,0,16,16,115,0
3.44,climb_cruise,446.2,446.2,34984.1,-447,-0.09,-11.29,354.76,1.35,15.0,125.0,0,0,0.60,-7.21,-1.12,-0.136,0.262,0.021,1.000,0.100,0.100,0.100,1,38.9,98.1,762,798,1,0,1,0,16,16,116,0
3.46,climb_cruise,446.2,446.2,34983.9,-450,-0.08,-11.43,354.74,1.38,15.0,125.0,0,0,0.61,-7.14,-1.09,-0.138,0.265,0.021,1.000,0.100,0.100,0.100,1,38.8,98.2,762,799,1,0,1,0,16,16,115,0
3.48,climb_cruise,446.2,446.2,34983.8,-452,-0.08,-11.57,354.72,1.40,15.0,125.0,0,0,0.59,-7.06,-1.06,-0.139,0.268,0.021,1.000,0.100,0.100,0.100,1,38.8,98.2,762,799,1,0,1,0,16,16,116,0
3.50,climb_cruise,446.2,446.2,34983.6,-454,-0.07,-11.71,354.69,1.42,15.0,125.0,0,0,0.55,-6.99,-1.05,-0.140,0.271,0.021,1.000,0.100,0.100,0.100,1,38.7,98.3,762,799,1,0,1,0,16,16,116,0
3.52,climb_cruise,446.2,446.2,34983.5,-456,-0.06,-11.85,354.67,1.44,15.0,125.0,0,0,0.51,-6.92,-1.03,-0.141,0.274,0.021,1.000,0.100,0.100,0.100,1,38.6,98.3,762,799,1,0,1,0,16,16,115,0
3.54,climb_cruise,446.1,446.1,34983.3,-458,-0.06,-11.99,354.65,1.46,15.0,125.0,0,0,0.45,-6.84,-1.02,-0.142,0.277,0.021,1.000,0.100,0.100,0.100,1,38.5,98.4,762,799,1,0,1,0,16,16,115,0
3.56,climb_cruise,446.1,446.1,34983.2,-460,-0.05,-12.13,354.63,1.48,15.0,125.0,0,0,0.39,-6.77,-1.01,-0.143,0.280,0.021,1.000,0.100,0.100,0.100,1,38.4,98.4,762,799,1,0,1,0,16,16,115,0
3.58,climb_cruise,446.1,446.1,34983.0,-462,-0.05,-12.26,354.61,1.50,15.0,125.0,0,0,0.33,-6.70,-1.00,-0.144,0.283,0.021,1.000,0.100,0.100,0.100,1,38.4,98.4,762,799,1,0,1,0,16,16,114,0
3.60,climb_cruise,446.1,446.1,34982.9,-463,-0.05,-12.39,354.59,1.52,15.0,125.0,0,0,0.27,-6.62,-1.00,-0.145,0.286,0.021,1.000,0.100,0.100,0.100,1,38.3,98.5,762,799,1,0,1,0,16,16,116,0
3.62,climb_cruise,446.1,446.1,34982.7,-465,-0.05,-12.52,354.56,1.53,15.0,125.0,0,0,0.22,-6.55,-1.00,-0.147,0.289,0.021,1.000,0.100,0.100,0.100,1,38.2,98.5,762,799,1,0,1,0,16,16,115,0
3.64,climb_cruise,446.1,446.1,34982.5,-467,-0.05,-12.66,354.54,1.54,15.0,125.0,0,0,0.18,-6.48,-1.00,-0.148,0.292,0.021,1.000,0.100,0.100,0.100,1,38.1,98.6,762,799,1,0,1,0,16,16,114,0
3.66,climb_cruise,446.0,446.0,34982.4,-468,-0.05,-12.78,354.52,1.56,15.0,125.0,0,0,0.14,-6.41,-1.01,-0.149,0.295,0.022,1.000,0.100,0.100,0.100,1,38.1,98.6,762,799,1,0,1,0,16,16,116,0
3.68,climb_cruise,446.0,446.0,34982.2,-470,-0.05,-12.91,354.50,1.57,15.0,125.0,0,0,0.11,-6.34,-1.01,-0.150,0.298,0.022,1.000,0.100,0.100,0.100,1,38.0,98.6,762,799,1,0,1,0,16,16,114,0
3.70,climb_cruise,446.0,446.0,34982.1,-471,-0.06,-13.04,354.48,1.58,15.0,125.0,0,0,0.09,-6.26,-1.02,-0.152,0.301,0.022,1.000,0.100,0.100,0.100,1,37.9,98.7,762,799,1,0,1,0,16,16,115,0
3.72,climb_cruise,446.0,446.0,34981.9,-472,-0.06,-13.16,354.46,1.59,15.0,125.0,0,0,0.09,-6.19,-1.03,-0.153,0.304,0.022,1.000,0.100,0.100,0.100,1,37.8,98.7,762,799,1,0,1,0,16,16,116,0
3.74,climb_cruise,446.0,446.0,34981.8,-474,-0.06,-13.29,354.44,1.60,15.0,125.0,0,0,0.09,-6.12,-1.04,-0.154,0.307,0.022,1.000,0.100,0.100,0.100,1,37.8,98.7,762,799,1,0,1,0,16,16,115,0
3.76,climb_cruise,445.9,445.9,34981.6,-475,-0.06,-13.41,354.42,1.61,15.0,125.0,0,0,0.09,-6.05,-1.04,-0.155,0.310,0.022,1.000,0.100,0.100,0.100,1,37.7,98.8,762,799,1,0,1,0,16,16,116,0
3.78,climb_cruise,445.9,445.9,34981.4,-477,-0.07,-13.53,354.40,1.62,15.0,125.0,0,0,0.11,-5.98,-1.05,-0.157,0.313,0.022,1.000,0.100,0.100,0.100,1,37.6,98.8,762,799,1,0,1,0,16,16,115,0
3.80,climb_cruise,445.9,445.9,34981.3,-478,-0.07,-13.65,354.38,1.63,15.0,125.0,0,0,0.13,-5.92,-1.06,-0.158,0.316,0.022,1.000,0.100,0.100,0.100,1,37.5,98.9,762,800,1,0,1,0,16,16,114,0
3.82,climb_cruise,445.9,445.9,34981.1,-479,-0.07,-13.76,354.36,1.64,15.0,125.0,0,0,0.15,-5.85,-1.07,-0.160,0.319,0.022,1.000,0.100,0.100,0.100,1,37.5,98.9,762,800,1,0,1,0,16,16,115,0
3.84,climb_cruise,445.9,445.9,34981.0,-480,-0.07,-13.88,354.34,1.65,15.0,125.0,0,0,0.18,-5.78,-1.08,-0.161,0.322,0.022,1.000,0.100,0.100,0.100,1,37.4,98.9,762,800,1,0,1,0,16,16,115,0
3.86,climb_cruise,445.9,445.9,34980.8,-482,-0.08,-13.99,354.31,1.66,15.0,125.0,0,0,0.20,-5.71,-1.09,-0.162,0.325,0.022,1.000,0.100,0.100,0.100,1,37.3,99.0,762,800,1,0,1,0,16,16,116,0
3.88,climb_cruise,445.8,445.8,34980.6,-483,-0.08,-14.11,354.29,1.67,15.0,125.0,0,0,0.23,-5.64,-1.09,-0.164,0.328,0.022,1.000,0.100,0.100,0.100,1,37.2,99.0,762,800,1,0,1,0,16,16,114,0
3.90,climb_cruise,445.8,445.8,34980.5,-484,-0.08,-14.22,354.27,1.68,15.0,125.0,0,0,0.26,-5.57,-1.10,-0.165,0.331,0.022,1.000,0.100,0.100,0.100,1,37.2,99.0,762,800,1,0,1,0,16,16,116,0
3.92,climb_cruise,445.8,445.8,34980.3,-485,-0.08,-14.33,354.25,1.69,15.0,125.0,0,0,0.29,-5.50,-1.11,-0.166,0.335,0.022,1.000,0.100,0.100,0.100,1,37.1,99.1,762,800,1,0,1,0,16,16,114,0
3.94,climb_cruise,445.8,445.8,34980.1,-486,-0.08,-14.44,354.22,1.70,15.0,125.0,0,0,0.32,-5.43,-1.11,-0.168,0.338,0.022,1.000,0.100,0.100,0.100,1,37.0,99.1,762,800,1,0,1,0,16,16,116,0
3.96,climb_cruise,445.8,445.8,34980.0,-487,-0.08,-14.55,354.20,1.72,15.0,125.0,0,0,0.35,-5.37,-1.12,-0.169,0.341,0.022,1.000,0.100,0.100,0.100,1,36.9,99.1,762,800,1,0,1,0,16,16,115,0
3.98,climb_cruise,445.7,445.7,34979.8,-488,-0.07,-14.66,354.18,1.73,15.0,125.0,0,0,0.37,-5.30,-1.12,-0.170,0.344,0.022,1.000,0.100,0.100,0.100,1,36.9,99.2,762,800,1,0,1,0,16,16,116,0
4.00,climb_cruise,445.7,445.7,34979.7,-489,-0.07,-14.76,354.15,1.74,15.0,125.0,0,0,0.40,-5.23,-1.13,-0.172,0.347,0.022,1.000,0.100,0.100,0.100,1,36.8,99.2,762,800,1,0,1,0,16,16,114,0
4.02,climb_cruise,445.7,445.7,34979.5,-490,-0.07,-14.86,354.13,1.76,15.0,125.0,0,0,0.42,-5.16,-1.13,-0.173,0.350,0.022,1.000,0.100,0.100,0.100,1,36.7,99.2,762,800,1,0,1,0,16,16,114,0
4.04,climb_cruise,445.7,445.7,34979.3,-491,-0.07,-14.97,354.11,1.77,15.0,125.0,0,0,0.43,-5.09,-1.13,-0.174,0.353,0.022,1.000,0.100,0.100,0.100,1,36.6,99.3,762,800,1,0,1,0,16,16,116,0
4.06,climb_cruise,445.7,445.7,34979.2,-491,-0.07,-15.07,354.08,1.78,15.0,125.0,0,0,0.45,-5.02,-1.13,-0.176,0.356,0.023,1.000,0.100,0.100,0.100,1,36.6,99.3,762,800,1,0,1,0,16,16,114,0
4.08,climb_cruise,445.7,445.7,34979.0,-492,-0.06,-15.17,354.06,1.80,15.0,125.0,0,0,0.47,-4.96,-1.14,-0.177,0.359,0.023,1.000,0.100,0.100,0.100,1,36.5,99.3,762,800,1,0,1,0,16,16,114,0
4.10,climb_cruise,445.6,445.6,34978.8,-493,-0.06,-15.27,354.03,1.81,15.0,125.0,0,0,0.48,-4.89,-1.14,-0.178,0.362,0.023,1.000,0.100,0.100,0.100,1,36.4,99.4,762,800,1,0,1,0,16,16,114,0
4.12,climb_cruise,445.6,445.6,34978.7,-493,-0.06,-15.36,354.01,1.83,15.0,125.0,0,0,0.49,-4.82,-1.14,-0.179,0.365,0.023,1.000,0.100,0.100,0.100,1,36.4,99.4,762,800,1,0,1,0,16,16,116,0
4.14,climb_cruise,445.6,445.6,34978.5,-494,-0.05,-15.46,353.98,1.84,15.0,125.0,0,0,0.50,-4.75,-1.14,-0.181,0.368,0.023,1.000,0.100,0.100,0.100,1,36.3,99.4,762,800,1,0,1,0,16,16,114,0
4.16,climb_cruise,445.6,445.6,34978.3,-494,-0.05,-15.55,353.96,1.85,15.0,125.0,0,0,0.52,-4.68,-1.14,-0.182,0.371,0.023,1.000,0.100,0.100,0.100,1,36.2,99.4,762,800,1,0,1,0,16,16,115,0
4.18,climb_cruise,445.6,445.6,34978.2,-495,-0.05,-15.65,353.93,1.87,15.0,125.0,0,0,0.53,-4.61,-1.14,-0.183,0.374,0.023,1.000,0.100,0.100,0.100,1,36.1,99.5,762,800,1,0,1,0,16,16,115,0
4.20,climb_cruise,445.5,445.5,34978.0,-495,-0.04,-15.74,353.91,1.88,15.0,125.0,0,0,0.54,-4.54,-1.14,-0.184,0.377,0.023,1.000,0.100,0.100,0.100,1,36.1,99.5,762,800,1,0,1,0,16,16,115,0
4.22,climb_cruise,445.5,445.5,34977.8,-495,-0.04,-15.83,353.88,1.89,15.0,125.0,0,0,0.54,-4.48,-1.14,-0.186,0.380,0.023,1.000,0.100,0.100,0.100,1,36.0,99.5,762,800,1,0,1,0,16,16,115,0
4.24,climb_cruise,445.5,445.5,34977.7,-496,-0.03,-15.92,353.86,1.91,15.0,125.0,0,0,0.55,-4.41,-1.15,-0.187,0.383,0.023,1.000,0.100,0.100,0.100,1,35.9,99.6,762,801,1,0,1,0,16,16,116,0
4.26,climb_cruise,445.5,445.5,34977.5,-496,-0.03,-16.00,353.83,1.92,15.0,125.0,0,0,0.56,-4.34,-1.15,-0.188,0.386,0.023,1.000,0.100,0.100,0.100,1,35.8,99.6,762,801,1,0,1,0,16,16,116,0
4.28,climb_cruise,445.5,445.5,34977.3,-496,-0.02,-16.09,353.81,1.94,15.0,125.0,0,0,0.57,-4.27,-1.15,-0.189,0.388,0.023,1.000,0.100,0.100,0.100,1,35.8,99.6,762,801,1,0,1,0,16,16,116,0
4.30,climb_cruise,445.5,445.5,34977.2,-496,-0.02,-16.17,353.78,1.95,15.0,125.0,0,0,0.59,-4.20,-1.15,-0.191,0.391,0.023,1.000,0.100,0.100,0.100,1,35.7,99.6,762,801,1,0,1,0,16,16,115,0
4.32,climb_cruise,445.4,445.4,34977.0,-496,-0.01,-16.26,353.76,1.96,15.0,125.0,0,0,0.60,-4.14,-1.15,-0.192,0.394,0.023,1.000,0.100,0.100,0.100,1,35.6,99.7,762,801,1,0,1,0,16,16,114,0
4.34,climb_cruise,445.4,445.4,34976.8,-496,-0.01,-16.34,353.73,1.98,15.0,125.0,0,0,0.61,-4.07,-1.15,-0.193,0.397,0.023,1.000,0.100,0.100,0.100,1,35.6,99.7,762,801,1,0,1,0,16,16,114,0
4.36,climb_cruise,445.4,445.4,34976.7,-496,-0.00,-16.42,353.71,1.99,15.0,125.0,0,0,0.62,-4.00,-1.15,-0.194,0.400,0.024,1.000,0.100,0.100,0.100,1,35.5,99.7,762,801,1,0,1,0,16,16,114,0
4.38,climb_cruise,445.4,445.4,34976.5,-496,0.00,-16.50,353.68,2.00,15.0,125.0,0,0,0.63,-3.93,-1.15,-0.196,0.403,0.024,1.000,0.100,0.100,0.100,1,35.4,99.8,762,801,1,0,1,0,16,16,115,0
4.40,climb_cruise,445.4,445.4,34976.4,-496,0.01,-16.58,353.66,2.02,15.0,125.0,0,0,0.64,-3.87,-1.15,-0.197,0.406,0.024,1.000,0.100,0.100,0.100,1,35.3,99.8,762,801,1,0,1,0,16,16,116,0
4.42,climb_cruise,445.3,445.3,34976.2,-496,0.01,-16.65,353.63,2.03,15.0,125.0,0,0,0.66,-3.80,-1.15,-0.198,0.409,0.024,1.000,0.100,0.100,0.100,1,35.3,99.8,762,801,1,0,1,0,16,16,116,0
4.44,climb_cruise,445.3,445.3,34976.0,-495,0.02,-16.73,353.61,2.05,15.0,125.0,0,0,0.67,-3.73,-1.15,-0.199,0.412,0.024,1.000,0.100,0.100,0.100,1,35.2,99.8,762,801,1,0,1,0,16,16,115,0
4.46,climb_cruise,445.3,445.3,34975.9,-495,0.03,-16.80,353.58,2.06,15.0,125.0,0,0,0.68,-3.66,-1.15,-0.200,0.414,0.024,1.000,0.100,0.100,0.100,1,35.1,99.9,762,801,1,0,1,0,16,16,116,0
4.48,climb_cruise,445.3,445.3,34975.7,-495,0.03,-16.88,353.55,2.07,15.0,125.0,0,0,0.70,-3.60,-1.15,-0.202,0.417,0.024,1.000,0.100,0.100,0.100,1,35.1,99.9,762,801,1,0,1,0,16,16,115,0
4.50,climb_cruise,445.3,445.3,34975.5,-494,0.04,-16.95,353.53,2.09,15.0,125.0,0,0,0.71,-3.53,-1.15,-0.203,0.420,0.024,1.000,0.100,0.100,0.100,1,35.0,99.9,762,801,1,0,1,0,16,16,115,0
4.52,climb_cruise,445.3,445.3,34975.4,-494,0.05,-17.02,353.50,2.10,15.0,125.0,0,0,0.73,-3.46,-1.15,-0.204,0.423,0.024,1.000,0.100,0.100,0.100,1,34.9,99.9,762,801,1,0,1,0,16,16,115,0
4.54,climb_cruise,445.2,445.2,34975.2,-493,0.05,-17.09,353.47,2.12,15.0,125.0,0,0,0.74,-3.40,-1.15,-0.205,0.426,0.024,1.000,0.100,0.100,0.100,1,34.9,100.0,762,801,1,0,1,0,16,16,114,0
4.56,climb_cruise,445.2,445.2,34975.0,-493,0.06,-17.15,353.45,2.13,15.0,125.0,0,0,0.75,-3.33,-1.15,-0.206,0.428,0.024,1.000,0.100,0.100,0.100,1,34.8,100.0,762,801,1,0,1,0,16,16,114,0
4.58,climb_cruise,445.2,445.2,34974.9,-492,0.07,-17.22,353.42,2.14,15.0,125.0,0,0,0.77,-3.27,-1.15,-0.208,0.431,0.024,1.000,0.100,0.100,0.100,1,34.7,100.0,762,801,1,0,1,0,16,16,114,0
4.60,climb_cruise,445.2,445.2,34974.7,-491,0.08,-17.28,353.40,2.16,15.0,125.0,0,0,0.78,-3.20,-1.15,-0.209,0.434,0.024,1.000,0.100,0.100,0.100,1,34.6,100.0,762,801,1,0,1,0,16,16,115,0
4.62,climb_cruise,445.2,445.2,34974.5,-490,0.09,-17.35,353.37,2.17,15.0,125.0,0,0,0.79,-3.14,-1.15,-0.210,0.437,0.024,1.000,0.100,0.100,0.100,1,34.6,100.0,762,801,1,0,1,0,16,16,114,0
4.64,climb_cruise,445.1,445.1,34974.4,-489,0.09,-17.41,353.34,2.19,15.0,125.0,0,0,0.81,-3.07,-1.15,-0.211,0.439,0.024,1.000,0.100,0.100,0.100,1,34.5,100.1,762,801,1,0,1,0,16,16,116,0
4.66,climb_cruise,445.1,445.1,34974.2,-488,0.10,-17.47,353.32,2.20,15.0,125.0,0,0,0.82,-3.01,-1.15,-0.212,0.442,0.024,1.000,0.100,0.100,0.100,1,34.4,100.1,762,801,1,0,1,0,16,16,116,0
4.68,climb_cruise,445.1,445.1,34974.0,-487,0.11,-17.53,353.29,2.22,15.0,125.0,0,0,0.83,-2.94,-1.15,-0.213,0.445,0.025,1.000,0.100,0.100,0.100,1,34.4,100.1,762,801,1,0,1,0,16,16,115,0
4.70,climb_cruise,445.1,445.1,34973.9,-486,0.12,-17.59,353.26,2.23,15.0,125.0,0,0,0.84,-2.88,-1.15,-0.214,0.448,0.025,1.000,0.100,0.100,0.100,1,34.3,100.1,762,801,1,0,1,0,16,16,114,0
4.72,climb_cruise,445.1,445.1,34973.7,-485,0.13,-17.65,353.23,2.24,15.0,125.0,0,0,0.86,-2.81,-1.15,-0.216,0.450,0.025,1.000,0.100,0.100,0.100,1,34.2,100.2,762,801,1,0,1,0,16,16,115,0
4.74,climb_cruise,445.0,445.0,34973.6,-484,0.14,-17.70,353.21,2.26,15.0,125.0,0,0,0.87,-2.75,-1.15,-0.217,0.453,0.025,1.000,0.100,0.100,0.100,1,34.2,100.2,762,801,1,0,1,0,16,16,114,0
4.76,climb_cruise,445.0,445.0,34973.4,-483,0.15,-17.76,353.18,2.27,15.0,125.0,0,0,0.88,-2.69,-1.15,-0.218,0.456,0.025,1.000,0.100,0.100,0.100,1,34.1,100.2,762,801,1,0,1,0,16,16,116,0
4.78,climb_cruise,445.0,445.0,34973.2,-482,0.16,-17.81,353.15,2.29,15.0,125.0,0,0,0.89,-2.62,-1.15,-0.219,0.458,0.025,1.000,0.100,0.100,0.100,1,34.0,100.2,762,801,1,0,1,0,16,16,116,0
4.80,climb_cruise,445.0,445.0,34973.1,-480,0.17,-17.86,353.13,2.30,15.0,125.0,0,0,0.90,-2.56,-1.14,-0.220,0.461,0.025,1.000,0.100,0.100,0.100,1,34.0,100.2,762,801,1,0,1,0,16,16,115,0
4.82,climb_cruise,445.0,445.0,34972.9,-479,0.18,-17.91,353.10,2.32,15.0,125.0,0,0,0.92,-2.50,-1.14,-0.221,0.464,0.025,1.000,0.100,0.100,0.100,1,33.9,100.3,762,802,1,0,1,0,16,16,115,0
4.84,climb_cruise,444.9,444.9,34972.7,-477,0.19,-17.96,353.07,2.33,15.0,125.0,0,0,0.93,-2.43,-1.14,-0.222,0.466,0.025,1.000,0.100,0.100,0.100,1,33.8,100.3,762,802,1,0,1,0,16,16,116,0
4.86,climb_cruise,444.9,444.9,34972.6,-476,0.20,-18.01,353.04,2.35,15.0,125.0,0,0,0.94,-2.37,-1.14,-0.223,0.469,0.025,1.000,0.100,0.100,0.100,1,33.8,100.3,762,802,1,0,1,0,16,16,115,0
4.88,climb_cruise,444.9,444.9,34972.4,-474,0.21,-18.06,353.02,2.36,15.0,125.0,0,0,0.95,-2.32,-1.14,-0.224,0.471,0.025,1.000,0.100,0.100,0.100,1,33.7,100.3,762,802,1,0,1,0,16,16,116,0
4.90,climb_cruise,444.9,444.9,34972.3,-472,0.22,-18.10,352.99,2.38,15.0,125.0,0,0,0.96,-2.28,-1.14,-0.225,0.472,0.025,1.000,0.100,0.100,0.100,1,33.6,100.3,762,802,1,0,1,0,16,16,115,0
4.92,climb_cruise,444.9,444.9,34972.1,-470,0.23,-18.15,352.96,2.39,15.0,125.0,0,0,0.97,-2.26,-1.14,-0.226,0.473,0.025,1.000,0.100,0.100,0.100,1,33.6,100.4,762,802,1,0,1,0,16,16,116,0
4.94,climb_cruise,444.9,444.9,34972.0,-469,0.25,-18.19,352.93,2.41,15.0,125.0,0,0,0.99,-2.25,-1.14,-0.227,0.473,0.025,1.000,0.100,0.100,0.100,1,33.5,100.4,762,802,1,0,1,0,16,16,114,0
4.96,climb_cruise,444.8,444.8,34971.8,-467,0.26,-18.24,352.90,2.42,15.0,125.0,0,0,1.00,-2.26,-1.14,-0.228,0.473,0.025,1.000,0.100,0.100,0.100,1,33.4,100.4,762,802,1,0,1,0,16,16,114,0
4.98,climb_cruise,444.8,444.8,34971.6,-465,0.27,-18.28,352.88,2.44,15.0,125.0,0,0,1.01,-2.26,-1.14,-0.229,0.474,0.026,1.000,0.100,0.100,0.100,1,33.4,100.4,762,802,1,0,1,0,16,16,116,0
5.00,climb_cruise,444.8,444.8,34971.5,-463,0.28,-18.33,352.85,2.45,15.0,125.0,0,0,1.02,-2.27,-1.14,-0.230,0.474,0.026,1.000,0.100,0.100,0.100,1,33.3,100.4,762,802,1,0,1,0,16,16,115,0
5.02,climb_cruise,444.8,444.8,34971.3,-461,0.29,-18.37,352.82,2.47,15.0,125.0,0,0,1.03,-2.27,-1.14,-0.231,0.474,0.026,1.000,0.100,0.100,0.100,1,33.2,100.4,762,802,1,0,1,0,16,16,116,0
5.04,climb_cruise,444.8,444.8,34971.2,-458,0.31,-18.42,352.79,2.48,15.0,125.0,0,0,1.03,-2.28,-1.14,-0.232,0.474,0.026,1.000,0.100,0.100,0.100,1,33.2,100.5,762,802,1,0,1,0,16,16,115,0
5.06,climb_cruise,444.7,444.7,34971.0,-456,0.32,-18.47,352.76,2.50,15.0,125.0,0,0,1.04,-2.29,-1.14,-0.233,0.474,0.026,1.000,0.100,0.100,0.100,1,33.1,100.5,762,802,1,0,1,0,16,16,115,0
5.08,climb_cruise,444.7,444.7,34970.9,-454,0.33,-18.51,352.74,2.51,15.0,125.0,0,0,1.05,-2.30,-1.14,-0.234,0.474,0.026,1.000,0.100,0.100,0.100,1,33.0,100.5,762,802,1,0,1,0,16,16,115,0
5.10,climb_cruise,444.7,444.7,34970.7,-451,0.34,-18.56,352.71,2.53,15.0,125.0,0,0,1.06,-2.30,-1.14,-0.235,0.474,0.026,1.000,0.100,0.100,0.100,1,33.0,100.5,762,802,1,0,1,0,16,16,116,0
5.12,climb_cruise,444.7,444.7,34970.6,-449,0.36,-18.60,352.68,2.54,15.0,125.0,0,0,1.06,-2.31,-1.14,-0.236,0.474,0.026,1.000,0.100,0.100,0.100,1,32.9,100.5,762,802,1,0,1,0,16,16,115,0
5.14,climb_cruise,444.7,444.7,34970.4,-446,0.37,-18.65,352.65,2.56,15.0,125.0,0,0,1.07,-2.32,-1.14,-0.237,0.474,0.026,1.000,0.100,0.100,0.100,1,32.8,100.6,762,802,1,0,1,0,16,16,114,0
5.16,climb_cruise,444.6,444.6,34970.3,-444,0.38,-18.70,352.62,2.57,15.0,125.0,0,0,1.07,-2.33,-1.14,-0.238,0.474,0.026,1.000,0.100,0.100,0.100,1,32.8,100.6,762,802,1,0,1,0,16,16,116,0
5.18,climb_cruise,444.6,444.6,34970.1,-441,0.40,-18.74,352.59,2.59,15.0,125.0,0,0,1.08,-2.33,-1.14,-0.238,0.474,0.026,1.000,0.100,0.100,0.100,1,32.7,100.6,762,802,1,0,1,0,16,16,115,0
5.20,climb_cruise,444.6,444.6,34970.0,-438,0.41,-18.79,352.57,2.60,15.0,125.0,0,0,1.08,-2.34,-1.14,-0.239,0.474,0.026,1.000,0.100,0.100,0.100,1,32.6,100.6,762,802,1,0,1,0,16,16,115,0
5.22,climb_cruise,444.6,444.6,34969.8,-435,0.42,-18.84,352.54,2.62,15.0,125.0,0,0,1.09,-2.35,-1.14,-0.240,0.474,0.026,1.000,0.100,0.100,0.100,1,32.6,100.6,762,802,1,0,1,0,16,16,116,0
5.24,climb_cruise,444.6,444.6,34969.7,-433,0.44,-18.89,352.51,2.64,15.0,125.0,0,0,1.09,-2.36,-1.14,-0.241,0.474,0.026,1.000,0.100,0.100,0.100,1,32.5,100.6,762,802,1,0,1,0,16,16,114,0
5.26,climb_cruise,444.5,444.5,34969.5,-430,0.45,-18.93,352.48,2.65,15.0,125.0,0,0,1.10,-2.37,-1.14,-0.242,0.474,0.026,1.000,0.100,0.100,0.100,1,32.4,100.7,762,802,1,0,1,0,16,16,116,0
5.28,climb_cruise,444.5,444.5,34969.4,-427,0.46,-18.98,352.45,2.67,15.0,125.0,0,0,1.10,-2.37,-1.15,-0.243,0.474,0.026,1.000,0.100,0.100,0.100,1,32.4,100.7,762,802,1,0,1,0,16,16,115,0
5.30,climb_cruise,444.5,444.5,34969.3,-423,0.48,-19.03,352.42,2.68,15.0,125.0,0,0,1.11,-2.38,-1.15,-0.243,0.474,0.027,1.000,0.100,0.100,0.100,1,32.3,100.7,762,802,1,0,1,0,16,16,114,0
5.32,climb_cruise,444.5,444.5,34969.1,-420,0.49,-19.08,352.39,2.70,15.0,125.0,0,0,1.11,-2.39,-1.15,-0.244,0.474,0.027,1.000,0.100,0.100,0.100,1,32.2,100.7,762,802,1,0,1,0,16,16,115,0
5.34,climb_cruise,444.4,444.4,34969.0,-417,0.50,-19.12,352.36,2.71,15.0,125.0,0,0,1.12,-2.40,-1.15,-0.245,0.474,0.027,1.000,0.100,0.100,0.100,1,32.2,100.7,762,802,1,0,1,0,16,16,116,0
5.36,climb_cruise,444.4,444.4,34968.8,-414,0.52,-19.17,352.34,2.73,15.0,125.0,0,0,1.12,-2.40,-1.15,-0.246,0.474,0.027,1.000,0.100,0.100,0.100,1,32.1,100.7,762,802,1,0,1,0,16,16,115,0
5.38,climb_cruise,444.4,444.4,34968.7,-410,0.53,-19.22,352.31,2.74,15.0,125.0,0,0,1.13,-2.41,-1.16,-0.247,0.474,0.027,1.000,0.100,0.100,0.100,1,32.0,100.7,762,802,1,0,1,0,16,16,114,0
5.40,climb_cruise,444.4,444.4,34968.6,-407,0.54,-19.27,352.28,2.76,15.0,125.0,0,0,1.13,-2.42,-1.16,-0.247,0.474,0.027,1.000,0.100,0.100,0.100,1,32.0,100.8,762,802,1,0,1,0,16,16,115,0
5.42,climb_cruise,444.4,444.4,34968.4,-403,0.56,-19.32,352.25,2.77,15.0,125.0,0,0,1.14,-2.42,-1.16,-0.248,0.474,0.027,1.000,0.100,0.100,0.100,1,31.9,100.8,762,802,1,0,1,0,16,16,114,0
5.44,climb_cruise,444.3,444.3,34968.3,-400,0.57,-19.37,352.22,2.79,15.0,125.0,0,0,1.14,-2.43,-1.16,-0.249,0.474,0.027,1.000,0.100,0.100,0.100,1,31.9,100.8,762,802,1,0,1,0,16,16,115,0
5.46,climb_cruise,444.3,444.3,34968.2,-396,0.59,-19.42,352.19,2.80,15.0,125.0,0,0,1.15,-2.44,-1.17,-0.250,0.474,0.027,1.000,0.100,0.100,0.100,1,31.8,100.8,762,802,1,0,1,0,16,16,114,0
5.48,climb_cruise,444.3,444.3,34968.0,-392,0.60,-19.47,352.16,2.82,15.0,125.0,0,0,1.16,-2.45,-1.17,-0.250,0.474,0.027,1.000,0.100,0.100,0.100,1,31.7,100.8,762,802,1,0,1,0,16,16,115,0
5.50,climb_cruise,444.3,444.3,34967.9,-389,0.61,-19.51,352.13,2.83,15.0,125.0,0,0,1.16,-2.45,-1.17,-0.251,0.474,0.027,1.000,0.100,0.100,0.100,1,31.7,100.8,762,802,1,0,1,0,16,16,116,0
5.52,climb_cruise,444.3,444.3,34967.8,-385,0.63,-19.56,352.10,2.85,15.0,125.0,0,0,1.17,-2.46,-1.17,-0.252,0.474,0.027,1.000,0.100,0.100,0.100,1,31.6,100.8,762,802,1,0,1,0,16,16,114,0
5.54,climb_cruise,444.2,444.2,34967.6,-381,0.64,-19.61,352.07,2.87,15.0,125.0,0,0,1.17,-2.47,-1.17,-0.253,0.474,0.027,1.000,0.100,0.100,0.100,1,31.5,100.9,762,802,1,0,1,0,16,16,114,0
5.56,climb_cruise,444.2,444.2,34967.5,-377,0.66,-19.66,352.04,2.88,15.0,125.0,0,0,1.18,-2.47,-1.18,-0.253,0.474,0.027,1.000,0.100,0.100,0.100,1,31.5,100.9,762,802,1,0,1,0,16,16,114,0
5.58,climb_cruise,444.2,444.2,34967.4,-373,0.67,-19.71,352.01,2.90,15.0,125.0,0,0,1.18,-2.48,-1.18,-0.254,0.474,0.027,1.000,0.100,0.100,0.100,1,31.4,100.9,762,802,1,0,1,0,16,16,116,0
5.60,climb_cruise,444.2,444.2,34967.3,-369,0.69,-19.76,351.98,2.91,15.0,125.0,0,0,1.19,-2.49,-1.18,-0.255,0.474,0.027,1.000,0.100,0.100,0.100,1,31.4,100.9,762,802,1,0,1,0,16,16,115,0
5.62,climb_cruise,444.1,444.1,34967.1,-365,0.70,-19.81,351.95,2.93,15.0,125.0,0,0,1.19,-2.50,-1.18,-0.255,0.474,0.028,1.000,0.100,0.100,0.100,1,31.3,100.9,762,802,1,0,1,0,16,16,115,0
5.64,climb_cruise,444.1,444.1,34967.0,-360,0.72,-19.86,351.92,2.94,15.0,125.0,0,0,1.20,-2.50,-1.19,-0.256,0.474,0.028,1.000,0.100,0.100,0.100,1,31.2,100.9,762,802,1,0,1,0,16,16,116,0
5.66,climb_cruise,444.1,444.1,34966.9,-356,0.73,-19.91,351.89,2.96,15.0,125.0,0,0,1.20,-2.51,-1.19,-0.257,0.474,0.028,1.000,0.100,0.100,0.100,1,31.2,100.9,762,802,1,0,1,0,16,16,115,0
5.68,climb_cruise,444.1,444.1,34966.8,-352,0.74,-19.96,351.86,2.97,15.0,125.0,0,0,1.21,-2.52,-1.19,-0.257,0.474,0.028,1.000,0.100,0.100,0.100,1,31.1,100.9,762,802,1,0,1,0,16,16,115,0
5.70,climb_cruise,444.1,444.1,34966.7,-347,0.76,-20.02,351.83,2.99,15.0,125.0,0,0,1.21,-2.52,-1.19,-0.258,0.474,0.028,1.000,0.100,0.100,0.100,1,31.0,101.0,762,803,1,0,1,0,16,16,114,0
5.72,climb_cruise,444.0,444.0,34966.5,-343,0.77,-20.07,351.80,3.00,15.0,125.0,0,0,1.22,-2.53,-1.19,-0.258,0.474,0.028,1.000,0.100,0.100,0.100,1,31.0,101.0,762,803,1,0,1,0,16,16,115,0
5.74,climb_cruise,444.0,444.0,34966.4,-338,0.79,-20.12,351.76,3.02,15.0,125.0,0,0,1.22,-2.54,-1.20,-0.259,0.474,0.028,1.000,0.100,0.100,0.100,1,30.9,101.0,762,803,1,0,1,0,16,16,115,0
5.76,climb_cruise,444.0,444.0,34966.3,-333,0.80,-20.17,351.73,3.03,15.0,125.0,0,0,1.23,-2.54,-1.20,-0.259,0.474,0.028,1.000,0.100,0.100,0.100,1,30.9,101.0,762,803,1,0,1,0,16,16,115,0
5.78,climb_cruise,444.0,444.0,34966.2,-329,0.82,-20.22,351.70,3.05,15.0,125.0,0,0,1.23,-2.55,-1.20,-0.260,0.474,0.028,1.000,0.100,0.100,0.100,1,30.8,101.0,762,803,1,0,1,0,16,16,114,0
5.80,climb_cruise,443.9,443.9,34966.1,-324,0.83,-20.27,351.67,3.06,15.0,125.0,0,0,1.24,-2.55,-1.20,-0.261,0.474,0.028,1.000,0.100,0.100,0.100,1,30.7,101.0,762,803,1,0,1,0,16,16,116,0
5.82,climb_cruise,443.9,443.9,34966.0,-319,0.85,-20.32,351.64,3.08,15.0,125.0,0,0,1.24,-2.56,-1.21,-0.261,0.474,0.028,1.000,0.100,0.100,0.100,1,30.7,101.0,762,803,1,0,1,0,16,16,115,0
5.84,climb_cruise,443.9,443.9,34965.9,-314,0.86,-20.38,351.61,3.09,15.0,125.0,0,0,1.25,-2.57,-1.21,-0.262,0.474,0.028,1.000,0.100,0.100,0.100,1,30.6,101.0,762,803,1,0,1,0,16,16,115,0
5.86,climb_cruise,443.9,443.9,34965.8,-309,0.88,-20.43,351.58,3.11,15.0,125.0,0,0,1.25,-2.57,-1.21,-0.262,0.474,0.028,1.000,0.100,0.100,0.100,1,30.5,101.0,762,803,1,0,1,0,16,16,115,0
5.88,climb_cruise,443.9,443.9,34965.7,-304,0.89,-20.48,351.55,3.12,15.0,125.0,0,0,1.26,-2.58,-1.21,-0.263,0.474,0.028,1.000,0.100,0.100,0.100,1,30.5,101.1,762,803,1,0,1,0,16,16,115,0
5.90,climb_cruise,443.8,443.8,34965.6,-299,0.91,-20.53,351.51,3.14,15.0,125.0,0,0,1.26,-2.59,-1.22,-0.263,0.474,0.028,1.000,0.100,0.100,0.100,1,30.4,101.1,762,803,1,0,1,0,16,16,115,0
5.92,climb_cruise,443.8,443.8,34965.5,-294,0.92,-20.58,351.48,3.15,15.0,125.0,0,0,1.26,-2.59,-1.22,-0.263,0.474,0.028,1.000,0.100,0.100,0.100,1,30.4,101.1,762,803,1,0,1,0,16,16,116,0
5.94,climb_cruise,443.8,443.8,34965.4,-289,0.94,-20.64,351.45,3.17,15.0,125.0,0,0,1.27,-2.60,-1.22,-0.264,0.474,0.029,1.000,0.100,0.100,0.100,1,30.3,101.1,762,803,1,0,1,0,16,16,115,0
5.96,climb_cruise,443.8,443.8,34965.3,-284,0.95,-20.69,351.42,3.18,15.0,125.0,0,0,1.27,-2.60,-1.22,-0.264,0.474,0.029,1.000,0.100,0.100,0.100,1,30.2,101.1,762,803,1,0,1,0,16,16,115,0
5.98,climb_cruise,443.7,443.7,34965.2,-278,0.97,-20.74,351.39,3.20,15.0,125.0,0,0,1.28,-2.61,-1.22,-0.265,0.474,0.029,1.000,0.100,0.100,0.100,1,30.2,101.1,762,803,1,0,1,0,16,16,115,0
6.00,climb_cruise,443.7,443.7,34965.1,-273,0.98,-20.79,351.36,3.21,15.0,125.0,0,0,1.28,-2.62,-1.23,-0.265,0.474,0.029,1.000,0.100,0.100,0.100,1,30.1,101.1,762,803,1,0,1,0,16,16,115,0
6.02,climb_cruise,443.7,443.7,34965.0,-267,1.00,-20.85,351.32,3.23,15.0,125.0,0,0,1.29,-2.62,-1.23,-0.266,0.474,0.029,1.000,0.100,0.100,0.100,1,30.1,101.1,762,803,1,0,1,0,16,16,115,0
6.04,climb_cruise,443.7,443.7,34964.9,-262,1.01,-20.90,351.29,3.24,15.0,125.0,0,0,1.29,-2.63,-1.23,-0.266,0.474,0.029,1.000,0.100,0.100,0.100,1,30.0,101.1,762,803,1,0,1,0,16,16,115,0
6.06,climb_cruise,443.6,443.6,34964.8,-256,1.03,-20.95,351.26,3.26,15.0,125.0,0,0,1.29,-2.63,-1.23,-0.266,0.474,0.029,1.000,0.100,0.100,0.100,1,29.9,101.2,762,803,1,0,1,0,16,16,115,0
6.08,climb_cruise,443.6,443.6,34964.7,-251,1.05,-21.01,351.23,3.27,15.0,125.0,0,0,1.30,-2.64,-1.24,-0.267,0.474,0.029,1.000,0.100,0.100,0.100,1,29.9,101.2,762,803,1,0,1,0,16,16,116,0
6.10,climb_cruise,443.6,443.6,34964.7,-245,1.06,-21.06,351.19,3.29,15.0,125.0,0,0,1.30,-2.65,-1.24,-0.267,0.474,0.029,1.000,0.100,0.100,0.100,1,29.8,101.2,762,803,1,0,1,0,16,16,116,0
6.12,climb_cruise,443.6,443.6,34964.6,-239,1.08,-21.11,351.16,3.30,15.0,125.0,0,0,1.31,-2.65,-1.24,-0.267,0.474,0.029,1.000,0.100,0.100,0.100,1,29.8,101.2,762,803,1,0,1,0,16,16,115,0
6.14,climb_cruise,443.5,443.5,34964.5,-233,1.09,-21.17,351.13,3.32,15.0,125.0,0,0,1.31,-2.66,-1.24,-0.268,0.474,0.029,1.000,0.100,0.100,0.100,1,29.7,101.2,762,803,1,0,1,0,16,16,116,0
6.16,climb_cruise,443.5,443.5,34964.4,-227,1.11,-21.22,351.10,3.33,15.0,125.0,0,0,1.31,-2.66,-1.25,-0.268,0.474,0.029,1.000,0.100,0.100,0.100,1,29.6,101.2,762,803,1,0,1,0,16,16,114,0
6.18,climb_cruise,443.5,443.5,34964.3,-222,1.12,-21.27,351.06,3.35,15.0,125.0,0,0,1.32,-2.67,-1.25,-0.268,0.474,0.029,1.000,0.100,0.100,0.100,1,29.6,101.2,762,803,1,0,1,0,16,16,116,0
6.20,climb_cruise,443.5,443.5,34964.3,-216,1.14,-21.33,351.03,3.36,15.0,125.0,0,0,1.32,-2.67,-1.25,-0.268,0.474,0.029,1.000,0.100,0.100,0.100,1,29.5,101.2,762,803,1,0,1,0,16,16,114,0
6.22,climb_cruise,443.4,443.4,34964.2,-210,1.15,-21.38,351.00,3.37,15.0,125.0,0,0,1.32,-2.68,-1.25,-0.269,0.474,0.029,1.000,0.100,0.100,0.100,1,29.5,101.2,762,803,1,0,1,0,16,16,115,0
6.24,climb_cruise,443.4,443.4,34964.1,-203,1.17,-21.44,350.96,3.39,15.0,125.0,0,0,1.33,-2.69,-1.26,-0.269,0.474,0.029,1.000,0.100,0.100,0.100,1,29.4,101.2,762,803,1,0,1,0,16,16,115,0
6.26,climb_cruise,443.4,443.4,34964.1,-197,1.18,-21.49,350.93,3.40,15.0,125.0,0,0,1.33,-2.69,-1.26,-0.269,0.474,0.030,1.000,0.100,0.100,0.100,1,29.3,101.2,762,803,1,0,1,0,16,16,115,0
6.28,climb_cruise,443.4,443.4,34964.0,-191,1.20,-21.55,350.90,3.42,15.0,125.0,0,0,1.33,-2.70,-1.26,-0.269,0.474,0.030,1.000,0.100,0.100,0.100,1,29.3,101.3,762,803,1,0,1,0,16,16,115,0
6.30,climb_cruise,443.3,443.3,34963.9,-185,1.22,-21.60,350.86,3.43,15.0,125.0,0,0,1.34,-2.70,-1.27,-0.270,0.474,0.030,1.000,0.100,0.100,0.100,1,29.2,101.3,762,803,1,0,1,0,16,16,115,0
6.32,climb_cruise,443.3,443.3,34963.9,-178,1.23,-21.66,350.83,3.45,15.0,125.0,0,0,1.34,-2.71,-1.27,-0.270,0.474,0.030,1.000,0.100,0.100,0.100,1,29.2,101.3,762,803,1,0,1,0,16,16,116,0
6.34,climb_cruise,443.3,443.3,34963.8,-172,1.25,-21.71,350.80,3.46,15.0,125.0,0,0,1.34,-2.71,-1.27,-0.270,0.474,0.030,1.000,0.100,0.100,0.100,1,29.1,101.3,762,803,1,0,1,0,16,16,116,0
6.36,climb_cruise,443.3,443.3,34963.7,-166,1.26,-21.77,350.76,3.47,15.0,125.0,0,0,1.35,-2.72,-1.27,-0.270,0.474,0.030,1.000,0.100,0.100,0.100,1,29.1,101.3,762,803,1,0,1,0,16,16,116,0
6.38,climb_cruise,443.2,443.2,34963.7,-159,1.28,-21.82,350.73,3.49,15.0,125.0,0,0,1.35,-2.72,-1.28,-0.270,0.474,0.030,1.000,0.100,0.100,0.100,1,29.0,101.3,762,803,1,0,1,0,16,16,115,0
6.40,climb_cruise,443.2,443.2,34963.6,-153,1.29,-21.88,350.70,3.50,15.0,125.0,0,0,1.35,-2.73,-1.28,-0.270,0.474,0.030,1.000,0.100,0.100,0.100,1,28.9,101.3,762,803,1,0,1,0,16,16,116,0
6.42,climb_cruise,443.2,443.2,34963.6,-146,1.31,-21.93,350.66,3.52,15.0,125.0,0,0,1.36,-2.73,-1.28,-0.270,0.474,0.030,1.000,0.100,0.100,0.100,1,28.9,101.3,762,803,1,0,1,0,16,16,114,0
6.44,climb_cruise,443.2,443.2,34963.5,-139,1.33,-21.99,350.63,3.53,15.0,125.0,0,0,1.36,-2.74,-1.28,-0.271,0.474,0.030,1.000,0.100,0.100,0.100,1,28.8,101.3,762,803,1,0,1,0,16,16,115,0
6.46,climb_cruise,443.1,443.1,34963.5,-133,1.34,-22.04,350.59,3.55,15.0,125.0,0,0,1.36,-2.74,-1.29,-0.271,0.474,0.030,1.000,0.100,0.100,0.100,1,28.8,101.3,762,803,1,0,1,0,16,16,114,0
6.48,climb_cruise,443.1,443.1,34963.4,-126,1.36,-22.10,350.56,3.56,15.0,125.0,0,0,1.36,-2.75,-1.29,-0.271,0.474,0.030,1.000,0.100,0.100,0.100,1,28.7,101.3,762,803,1,0,1,0,16,16,116,0
6.50,climb_cruise,443.1,443.1,34963.4,-119,1.37,-22.15,350.53,3.57,15.0,125.0,0,0,1.37,-2.75,-1.29,-0.271,0.474,0.030,1.000,0.100,0.100,0.100,1,28.7,101.3,762,803,1,0,1,0,16,16,115,0
6.52,climb_cruise,443.1,443.1,34963.4,-112,1.39,-22.21,350.49,3.59,15.0,125.0,0,0,1.37,-2.76,-1.29,-0.271,0.474,0.030,1.000,0.100,0.100,0.100,1,28.6,101.4,762,803,1,0,1,0,16,16,116,0
6.54,climb_cruise,443.0,443.0,34963.3,-105,1.40,-22.27,350.46,3.60,15.0,125.0,0,0,1.37,-2.76,-1.30,-0.271,0.474,0.030,1.000,0.100,0.100,0.100,1,28.5,101.4,762,803,1,0,1,0,16,16,115,0
6.56,climb_cruise,443.0,443.0,34963.3,-98,1.42,-22.32,350.42,3.61,15.0,125.0,0,0,1.38,-2.77,-1.30,-0.271,0.474,0.030,1.000,0.100,0.100,0.100,1,28.5,101.4,762,803,1,0,1,0,16,16,115,0
6.58,climb_cruise,443.0,443.0,34963.3,-91,1.43,-22.38,350.39,3.63,15.0,125.0,0,0,1.38,-2.77,-1.30,-0.271,0.474,0.031,1.000,0.100,0.100,0.100,1,28.4,101.4,762,803,1,0,1,0,16,16,116,0
6.60,climb_cruise,443.0,443.0,34963.2,-84,1.45,-22.44,350.35,3.64,15.0,125.0,0,0,1.38,-2.78,-1.31,-0.271,0.474,0.031,1.000,0.100,0.100,0.100,1,28.4,101.4,762,803,1,0,1,0,16,16,114,0
6.62,climb_cruise,442.9,442.9,34963.2,-77,1.47,-22.49,350.32,3.65,15.0,125.0,0,0,1.38,-2.78,-1.31,-0.271,0.474,0.031,1.000,0.100,0.100,0.100,1,28.3,101.4,762,803,1,0,1,0,16,16,114,0
6.64,climb_cruise,442.9,442.9,34963.2,-70,1.48,-22.55,350.28,3.67,15.0,125.0,0,0,1.38,-2.79,-1.31,-0.270,0.474,0.031,1.000,0.100,0.100,0.100,1,28.3,101.4,762,803,1,0,1,0,16,16,115,0
6.66,climb_cruise,442.9,442.9,34963.2,-63,1.50,-22.60,350.25,3.68,15.0,125.0,0,0,1.39,-2.79,-1.31,-0.270,0.474,0.031,1.000,0.100,0.100,0.100,1,28.2,101.4,762,803,1,0,1,0,16,16,116,0
6.68,climb_cruise,442.9,442.9,34963.1,-56,1.51,-22.66,350.21,3.69,15.0,125.0,0,0,1.39,-2.80,-1.32,-0.270,0.474,0.031,1.000,0.100,0.100,0.100,1,28.1,101.4,762,803,1,0,1,0,16,16,115,0
6.70,climb_cruise,442.8,442.8,34963.1,-48,1.53,-22.72,350.18,3.71,15.0,125.0,0,0,1.39,-2.80,-1.32,-0.270,0.474,0.031,1.000,0.100,0.100,0.100,1,28.1,101.4,762,803,1,0,1,0,16,16,115,0
6.72,climb_cruise,442.8,442.8,34963.1,-41,1.54,-22.78,350.14,3.72,15.0,125.0,0,0,1.39,-2.81,-1.32,-0.270,0.474,0.031,1.000,0.100,0.100,0.100,1,28.0,101.4,762,803,1,0,1,0,16,16,115,0
6.74,climb_cruise,442.8,442.8,34963.1,-33,1.56,-22.83,350.11,3.73,15.0,125.0,0,0,1.39,-2.81,-1.33,-0.270,0.474,0.031,1.000,0.100,0.100,0.100,1,28.0,101.4,762,803,1,0,1,0,16,16,116,0
6.76,climb_cruise,442.7,442.7,34963.1,-26,1.57,-22.89,350.07,3.75,15.0,125.0,0,0,1.40,-2.82,-1.33,-0.270,0.474,0.031,1.000,0.100,0.100,0.100,1,27.9,101.4,762,803,1,0,1,0,16,16,114,0
6.78,climb_cruise,442.7,442.7,34963.1,-19,1.59,-22.95,350.04,3.76,15.0,125.0,0,0,1.40,-2.82,-1.33,-0.270,0.474,0.031,1.000,0.100,0.100,0.100,1,27.9,101.4,762,803,1,0,1,0,16,16,116,0
6.80,climb_cruise,442.7,442.7,34963.1,-11,1.61,-23.01,350.00,3.77,15.0,125.0,0,0,1.40,-2.83,-1.33,-0.269,0.474,0.031,1.000,0.100,0.100,0.100,1,27.8,101.4,762,803,1,0,1,0,16,16,115,0
6.82,climb_cruise,442.7,442.7,34963.1,-3,1.62,-23.06,349.97,3.79,15.0,125.0,0,0,1.40,-2.83,-1.34,-0.269,0.474,0.031,1.000,0.100,0.100,0.100,1,27.7,101.5,762,803,1,0,1,0,16,16,114,0
6.84,climb_cruise,442.6,442.6,34963.1,4,1.64,-23.12,349.93,3.80,15.0,125.0,0,0,1.40,-2.84,-1.34,-0.269,0.474,0.031,1.000,0.100,0.100,0.100,1,27.7,101.5,762,803,1,0,1,0,16,16,115,0
6.86,climb_cruise,442.6,442.6,34963.1,12,1.65,-23.18,349.90,3.81,15.0,125.0,0,0,1.40,-2.84,-1.34,-0.269,0.474,0.031,1.000,0.100,0.100,0.100,1,27.6,101.5,762,803,1,0,1,0,16,16,115,0
6.88,climb_cruise,442.6,442.6,34963.1,19,1.67,-23.24,349.86,3.82,15.0,125.0,0,0,1.41,-2.85,-1.35,-0.268,0.474,0.032,1.000,0.100,0.100,0.100,1,27.6,101.5,762,803,1,0,1,0,16,16,116,0
6.90,climb_cruise,442.5,442.5,34963.1,27,1.68,-23.29,349.82,3.84,15.0,125.0,0,0,1.41,-2.85,-1.35,-0.268,0.474,0.032,1.000,0.100,0.100,0.100,1,27.5,101.5,762,803,1,0,1,0,16,16,116,0
6.92,climb_cruise,442.5,442.5,34963.1,35,1.70,-23.35,349.79,3.85,15.0,125.0,0,0,1.41,-2.86,-1.35,-0.268,0.474,0.032,1.000,0.100,0.100,0.100,1,27.5,101.5,762,803,1,0,1,0,16,16,115,0
6.94,climb_cruise,442.5,442.5,34963.1,43,1.71,-23.41,349.75,3.86,15.0,125.0,0,0,1.41,-2.86,-1.35,-0.267,0.474,0.032,1.000,0.100,0.100,0.100,1,27.4,101.5,762,803,1,0,1,0,16,16,115,0
6.96,climb_cruise,442.5,442.5,34963.1,51,1.73,-23.47,349.72,3.87,15.0,125.0,0,0,1.41,-2.87,-1.36,-0.267,0.474,0.032,1.000,0.100,0.100,0.100,1,27.4,101.5,762,803,1,0,1,0,16,16,114,0
6.98,climb_cruise,442.4,442.4,34963.1,59,1.74,-23.53,349.68,3.89,15.0,125.0,0,0,1.41,-2.87,-1.36,-0.267,0.474,0.032,1.000,0.100,0.100,0.100,1,27.3,101.5,762,803,1,0,1,0,16,16,115,0
7.00,climb_cruise,442.4,442.4,34963.1,67,1.76,-23.59,349.64,3.90,15.0,125.0,0,0,1.41,-2.87,-1.36,-0.266,0.474,0.032,1.000,0.100,0.100,0.100,1,27.3,101.5,762,803,1,0,1,0,16,16,116,0
7.02,climb_cruise,442.4,442.4,34963.2,75,1.77,-23.64,349.61,3.91,15.0,125.0,0,0,1.41,-2.88,-1.37,-0.266,0.474,0.032,1.000,0.100,0.100,0.100,1,27.2,101.5,762,803,1,0,1,0,16,16,115,0
7.04,climb_cruise,442.3,442.3,34963.2,83,1.79,-23.70,349.57,3.92,15.0,125.0,0,0,1.42,-2.88,-1.37,-0.266,0.474,0.032,1.000,0.100,0.100,0.100,1,27.1,101.5,762,803,1,0,1,0,16,16,115,0
7.06,climb_cruise,442.3,442.3,34963.2,91,1.80,-23.76,349.53,3.93,15.0,125.0,0,0,1.42,-2.89,-1.37,-0.265,0.474,0.032,1.000,0.100,0.100,0.100,1,27.1,101.5,762,803,1,0,1,0,16,16,115,0
7.08,climb_cruise,442.3,442.3,34963.3,99,1.82,-23.82,349.50,3.95,15.0,125.0,0,0,1.42,-2.89,-1.38,-0.265,0.474,0.032,1.000,0.100,0.100,0.100,1,27.0,101.5,762,803,1,0,1,0,16,16,116,0
7.10,climb_cruise,442.3,442.3,34963.3,107,1.83,-23.88,349.46,3.96,15.0,125.0,0,0,1.42,-2.90,-1.38,-0.264,0.474,0.032,1.000,0.100,0.100,0.100,1,27.0,101.5,762,803,1,0,1,0,16,16,115,0
7.12,climb_cruise,442.2,442.2,34963.3,115,1.85,-23.94,349.42,3.97,15.0,125.0,0,0,1.42,-2.90,-1.38,-0.264,0.474,0.032,1.000,0.100,0.100,0.100,1,26.9,101.5,762,803,1,0,1,0,16,16,114,0
7.14,climb_cruise,442.2,442.2,34963.4,123,1.86,-24.00,349.39,3.98,15.0,125.0,0,0,1.42,-2.91,-1.38,-0.263,0.474,0.032,1.000,0.100,0.100,0.100,1,26.9,101.5,762,803,1,0,1,0,16,16,114,0
7.16,climb_cruise,442.2,442.2,34963.4,131,1.88,-24.06,349.35,3.99,15.0,125.0,0,0,1.42,-2.91,-1.39,-0.263,0.474,0.032,1.000,0.100,0.100,0.100,1,26.8,101.6,762,803,1,0,1,0,16,16,116,0
7.18,climb_cruise,442.1,442.1,34963.4,140,1.89,-24.12,349.31,4.00,15.0,125.0,0,0,1.42,-2.92,-1.39,-0.262,0.474,0.032,1.000,0.100,0.100,0.100,1,26.8,101.6,762,803,1,0,1,0,16,16,115,0
7.20,climb_cruise,442.1,442.1,34963.5,148,1.91,-24.18,349.28,4.02,15.0,125.0,0,0,1.42,-2.92,-1.39,-0.262,0.474,0.033,1.000,0.100,0.100,0.100,1,26.7,101.6,762,803,1,0,1,0,16,16,116,0
7.22,climb_cruise,442.1,442.1,34963.5,156,1.92,-24.24,349.24,4.03,15.0,125.0,0,0,1.42,-2.92,-1.40,-0.261,0.474,0.033,1.000,0.100,0.100,0.100,1,26.7,101.6,762,803,1,0,1,0,16,16,115,0
7.24,climb_cruise,442.1,442.1,34963.6,165,1.93,-24.30,349.20,4.04,15.0,125.0,0,0,1.42,-2.93,-1.40,-0.261,0.474,0.033,1.000,0.100,0.100,0.100,1,26.6,101.6,762,803,1,0,1,0,16,16,116,0
7.26,climb_cruise,442.0,442.0,34963.7,173,1.95,-24.36,349.16,4.05,15.0,125.0,0,0,1.42,-2.93,-1.40,-0.260,0.474,0.033,1.000,0.100,0.100,0.100,1,26.6,101.6,762,803,1,0,1,0,16,16,115,0
7.28,climb_cruise,442.0,442.0,34963.7,181,1.96,-24.42,349.13,4.06,15.0,125.0,0,0,1.42,-2.94,-1.41,-0.259,0.474,0.033,1.000,0.100,0.100,0.100,1,26.5,101.6,762,803,1,0,1,0,16,16,115,0
7.30,climb_cruise,442.0,442.0,34963.8,190,1.98,-24.48,349.09,4.07,15.0,125.0,0,0,1.42,-2.94,-1.41,-0.259,0.474,0.033,1.000,0.100,0.100,0.100,1,26.4,101.6,762,803,1,0,1,0,16,16,114,0
7.32,climb_cruise,441.9,441.9,34963.8,198,1.99,-24.54,349.05,4.08,15.0,125.0,0,0,1.42,-2.95,-1.41,-0.258,0.474,0.033,1.000,0.100,0.100,0.100,1,26.4,101.6,762,803,1,0,1,0,16,16,114,0
7.34,climb_cruise,441.9,441.9,34963.9,207,2.01,-24.60,349.01,4.09,15.0,125.0,0,0,1.42,-2.95,-1.41,-0.258,0.474,0.033,1.000,0.100,0.100,0.100,1,26.3,101.6,762,803,1,0,1,0,16,16,115,0
7.36,climb_cruise,441.9,441.9,34964.0,215,2.02,-24.66,348.98,4.10,15.0,125.0,0,0,1.42,-2.95,-1.42,-0.257,0.474,0.033,1.000,0.100,0.100,0.100,1,26.3,101.6,762,803,1,0,1,0,16,16,114,0
7.38,climb_cruise,441.8,441.8,34964.0,224,2.03,-24.72,348.94,4.11,15.0,125.0,0,0,1.42,-2.96,-1.42,-0.256,0.474,0.033,1.000,0.100,0.100,0.100,1,26.2,101.6,762,803,1,0,1,0,16,16,115,0
7.40,climb_cruise,441.8,441.8,34964.1,232,2.05,-24.78,348.90,4.12,15.0,125.0,0,0,1.42,-2.96,-1.42,-0.255,0.474,0.033,1.000,0.100,0.100,0.100,1,26.2,101.6,762,803,1,0,1,0,16,16,115,0
7.42,climb_cruise,441.8,441.8,34964.2,241,2.06,-24.84,348.86,4.13,15.0,125.0,0,0,1.42,-2.97,-1.43,-0.255,0.474,0.033,1.000,0.100,0.100,0.100,1,26.1,101.6,762,803,1,0,1,0,16,16,115,0
7.44,climb_cruise,441.7,441.7,34964.3,250,2.08,-24.90,348.83,4.14,15.0,125.0,0,0,1.42,-2.97,-1.43,-0.254,0.474,0.033,1.000,0.100,0.100,0.100,1,26.1,101.6,762,803,1,0,1,0,16,16,114,0
7.46,climb_cruise,441.7,441.7,34964.4,258,2.09,-24.96,348.79,4.15,15.0,125.0,0,0,1.42,-2.97,-1.43,-0.253,0.474,0.033,1.000,0.100,0.100,0.100,1,26.0,101.6,762,803,1,0,1,0,16,16,116,0
7.48,climb_cruise,441.7,441.7,34964.5,267,2.10,-25.02,348.75,4.16,15.0,125.0,0,0,1.41,-2.98,-1.44,-0.252,0.474,0.033,1.000,0.100,0.100,0.100,1,26.0,101.6,762,803,1,0,1,0,16,16,115,0
7.50,climb_cruise,441.7,441.7,34964.5,276,2.12,-25.08,348.71,4.17,15.0,125.0,0,0,1.41,-2.98,-1.44,-0.252,0.474,0.033,1.000,0.100,0.100,0.100,1,25.9,101.6,762,803,1,0,1,0,16,16,115,0
7.52,climb_cruise,441.6,441.6,34964.6,284,2.13,-25.14,348.67,4.18,15.0,125.0,0,0,1.41,-2.99,-1.44,-0.251,0.474,0.034,1.000,0.100,0.100,0.100,1,25.9,101.6,762,803,1,0,1,0,16,16,116,0
7.54,climb_cruise,441.6,441.6,34964.7,293,2.14,-25.20,348.64,4.19,15.0,125.0,0,0,1.41,-2.99,-1.44,-0.250,0.474,0.034,1.000,0.100,0.100,0.100,1,25.8,101.6,762,803,1,0,1,0,16,16,116,0
7.56,climb_cruise,441.6,441.6,34964.8,302,2.16,-25.27,348.60,4.20,15.0,125.0,0,0,1.41,-2.99,-1.45,-0.249,0.474,0.034,1.000,0.100,0.100,0.100,1,25.8,101.6,762,803,1,0,1,0,16,16,115,0
7.58,climb_cruise,441.5,441.5,34964.9,311,2.17,-25.33,348.56,4.21,15.0,125.0,0,0,1.41,-3.00,-1.45,-0.248,0.474,0.034,1.000,0.100,0.100,0.100,1,25.7,101.7,762,803,1,0,1,0,16,16,114,0
7.60,climb_cruise,441.5,441.5,34965.0,319,2.18,-25.39,348.52,4.22,15.0,125.0,0,0,1.41,-3.00,-1.45,-0.247,0.474,0.034,1.000,0.100,0.100,0.100,1,25.7,101.7,762,803,1,0,1,0,16,16,114,0
7.62,climb_cruise,441.5,441.5,34965.1,328,2.20,-25.45,348.48,4.23,15.0,125.0,0,0,1.41,-3.01,-1.46,-0.246,0.474,0.034,1.000,0.100,0.100,0.100,1,25.6,101.7,762,803,1,0,1,0,16,16,115,0
7.64,climb_cruise,441.4,441.4,34965.3,337,2.21,-25.51,348.44,4.24,15.0,125.0,0,0,1.41,-3.01,-1.46,-0.246,0.474,0.034,1.000,0.100,0.100,0.100,1,25.6,101.7,762,804,1,0,1,0,16,16,115,0
7.66,climb_cruise,441.4,441.4,34965.4,346,2.22,-25.57,348.41,4.25,15.0,125.0,0,0,1.40,-3.02,-1.46,-0.245,0.474,0.034,1.000,0.100,0.100,0.100,1,25.5,101.7,762,804,1,0,1,0,16,16,114,0
7.68,climb_cruise,441.4,441.4,34965.5,355,2.23,-25.64,348.37,4.26,15.0,125.0,0,0,1.40,-3.02,-1.47,-0.244,0.474,0.034,1.000,0.100,0.100,0.100,1,25.5,101.7,762,804,1,0,1,0,16,16,114,0
7.70,climb_cruise,441.3,441.3,34965.6,364,2.25,-25.70,348.33,4.27,15.0,125.0,0,0,1.40,-3.02,-1.47,-0.243,0.474,0.034,1.000,0.100,0.100,0.100,1,25.4,101.7,762,804,1,0,1,0,16,16,115,0
7.72,climb_cruise,441.3,441.3,34965.7,373,2.26,-25.76,348.29,4.28,15.0,125.0,0,0,1.40,-3.03,-1.47,-0.242,0.474,0.034,1.000,0.100,0.100,0.100,1,25.4,101.7,762,804,1,0,1,0,16,16,115,0
7.74,climb_cruise,441.3,441.3,34965.8,381,2.27,-25.82,348.25,4.29,15.0,125.0,0,0,1.40,-3.03,-1.48,-0.241,0.474,0.034,1.000,0.100,0.100,0.100,1,25.3,101.7,762,804,1,0,1,0,16,16,115,0
7.76,climb_cruise,441.2,441.2,34966.0,390,2.28,-25.88,348.21,4.29,15.0,125.0,0,0,1.40,-3.03,-1.48,-0.240,0.474,0.034,1.000,0.100,0.100,0.100,1,25.3,101.7,762,804,1,0,1,0,16,16,114,0
7.78,climb_cruise,441.2,441.2,34966.1,399,2.30,-25.95,348.17,4.30,15.0,125.0,0,0,1.39,-3.04,-1.48,-0.239,0.474,0.034,1.000,0.100,0.100,0.100,1,25.2,101.7,762,804,1,0,1,0,16,16,115,0
7.80,climb_cruise,441.2,441.2,34966.2,408,2.31,-26.01,348.13,4.31,15.0,125.0,0,0,1.39,-3.04,-1.48,-0.238,0.474,0.034,1.000,0.100,0.100,0.100,1,25.2,101.7,762,804,1,0,1,0,16,16,115,0
7.82,climb_cruise,441.1,441.1,34966.4,417,2.32,-26.07,348.10,4.32,15.0,125.0,0,0,1.39,-3.05,-1.49,-0.237,0.474,0.034,1.000,0.100,0.100,0.100,1,25.1,101.7,762,804,1,0,1,0,16,16,115,0
7.84,climb_cruise,441.1,441.1,34966.5,426,2.33,-26.13,348.06,4.33,15.0,125.0,0,0,1.39,-3.05,-1.49,-0.235,0.474,0.035,1.000,0.100,0.100,0.100,1,25.1,101.7,762,804,1,0,1,0,16,16,116,0
7.86,climb_cruise,441.1,441.1,34966.7,435,2.34,-26.20,348.02,4.33,15.0,125.0,0,0,1.38,-3.05,-1.49,-0.234,0.474,0.035,1.000,0.100,0.100,0.100,1,25.0,101.7,762,804,1,0,1,0,16,16,115,0
7.88,climb_cruise,441.0,441.0,34966.8,444,2.35,-26.26,347.98,4.34,15.0,125.0,0,0,1.38,-3.06,-1.50,-0.233,0.474,0.035,1.000,0.100,0.100,0.100,1,25.0,101.7,762,804,1,0,1,0,16,16,115,0
7.90,climb_cruise,441.0,441.0,34967.0,453,2.37,-26.32,347.94,4.35,15.0,125.0,0,0,1.38,-3.06,-1.50,-0.232,0.474,0.035,1.000,0.100,0.100,0.100,1,24.9,101.7,762,804,1,0,1,0,16,16,116,0
7.92,climb_cruise,441.0,441.0,34967.1,462,2.38,-26.38,347.90,4.36,15.0,125.0,0,0,1.38,-3.07,-1.50,-0.231,0.474,0.035,1.000,0.100,0.100,0.100,1,24.9,101.7,762,804,1,0,1,0,16,16,115,0
7.94,climb_cruise,440.9,440.9,34967.3,471,2.39,-26.45,347.86,4.37,15.0,125.0,0,0,1.38,-3.07,-1.51,-0.230,0.474,0.035,1.000,0.100,0.100,0.100,1,24.8,101.7,762,804,1,0,1,0,16,16,116,0
7.96,climb_cruise,440.9,440.9,34967.4,480,2.40,-26.51,347.82,4.37,15.0,125.0,0,0,1.37,-3.07,-1.51,-0.229,0.474,0.035,1.000,0.100,0.100,0.100,1,24.8,101.7,762,804,1,0,1,0,16,16,115,0
7.98,climb_cruise,440.9,440.9,34967.6,489,2.41,-26.57,347.78,4.38,15.0,125.0,0,0,1.37,-3.08,-1.51,-0.227,0.474,0.035,1.000,0.100,0.100,0.100,1,24.7,101.7,762,804,1,0,1,0,16,16,116,0
8.00,climb_cruise,440.8,440.8,34967.7,498,2.42,-26.64,347.74,4.39,15.0,125.0,0,0,1.37,-3.08,-1.52,-0.226,0.474,0.035,1.000,0.100,0.100,0.100,1,24.7,101.7,762,804,1,0,1,0,16,16,114,0
8.02,climb_cruise,440.8,440.8,34967.9,507,2.43,-26.70,347.70,4.39,15.0,125.0,0,0,1.36,-3.08,-1.52,-0.225,0.474,0.035,1.000,0.100,0.100,0.100,1,24.6,101.7,762,804,1,0,1,0,16,16,116,0
8.04,climb_cruise,440.8,440.8,34968.1,516,2.44,-26.76,347.66,4.40,15.0,125.0,0,0,1.36,-3.09,-1.52,-0.224,0.474,0.035,1.000,0.100,0.100,0.100,1,24.6,101.7,762,804,1,0,1,0,16,16,115,0
8.06,climb_cruise,440.7,440.7,34968.3,525,2.45,-26.83,347.62,4.41,15.0,125.0,0,0,1.36,-3.09,-1.52,-0.222,0.474,0.035,1.000,0.100,0.100,0.100,1,24.5,101.7,762,804,1,0,1,0,16,16,114,0
8.08,climb_cruise,440.7,440.7,34968.4,534,2.46,-26.89,347.58,4.41,15.0,125.0,0,0,1.35,-3.09,-1.53,-0.221,0.474,0.035,1.000,0.100,0.100,0.100,1,24.5,101.7,762,804,1,0,1,0,16,16,114,0
8.10,climb_cruise,440.7,440.7,34968.6,543,2.47,-26.95,347.55,4.42,15.0,125.0,0,0,1.35,-3.10,-1.53,-0.220,0.474,0.035,1.000,0.100,0.100,0.100,1,24.4,101.7,762,804,1,0,1,0,16,16,115,0
8.12,climb_cruise,440.6,440.6,34968.8,552,2.49,-27.02,347.51,4.43,15.0,125.0,0,0,1.35,-3.10,-1.53,-0.218,0.474,0.035,1.000,0.100,0.100,0.100,1,24.4,101.7,762,804,1,0,1,0,16,16,114,0
8.14,climb_cruise,440.6,440.6,34969.0,561,2.50,-27.08,347.47,4.43,15.0,125.0,0,0,1.34,-3.11,-1.54,-0.217,0.474,0.036,1.000,0.100,0.100,0.100,1,24.3,101.7,762,804,1,0,1,0,16,16,116,0
8.16,climb_cruise,440.6,440.6,34969.2,570,2.51,-27.15,347.43,4.44,15.0,125.0,0,0,1.34,-3.11,-1.54,-0.216,0.474,0.036,1.000,0.100,0.100,0.100,1,24.3,101.8,762,804,1,0,1,0,16,16,115,0
8.18,climb_cruise,440.5,440.5,34969.4,579,2.51,-27.21,347.39,4.45,15.0,125.0,0,0,1.34,-3.11,-1.54,-0.214,0.474,0.036,1.000,0.100,0.100,0.100,1,24.2,101.8,762,804,1,0,1,0,16,16,114,0
8.20,climb_cruise,440.5,440.5,34969.5,588,2.52,-27.27,347.35,4.45,15.0,125.0,0,0,1.33,-3.12,-1.55,-0.213,0.474,0.036,1.000,0.100,0.100,0.100,1,24.2,101.8,762,804,1,0,1,0,16,16,114,0
8.22,climb_cruise,440.5,440.5,34969.7,597,2.53,-27.34,347.31,4.46,15.0,125.0,0,0,1.33,-3.12,-1.55,-0.212,0.474,0.036,1.000,0.100,0.100,0.100,1,24.1,101.8,762,804,1,0,1,0,16,16,115,0
8.24,climb_cruise,440.4,440.4,34969.9,606,2.54,-27.40,347.27,4.46,15.0,125.0,0,0,1.33,-3.12,-1.55,-0.210,0.474,0.036,1.000,0.100,0.100,0.100,1,24.1,101.8,762,804,1,0,1,0,16,16,115,0
8.26,climb_cruise,440.4,440.4,34970.1,615,2.55,-27.47,347.23,4.47,15.0,125.0,0,0,1.32,-3.13,-1.55,-0.209,0.474,0.036,1.000,0.100,0.100,0.100,1,24.0,101.8,762,804,1,0,1,0,16,16,115,0
8.28,climb_cruise,440.4,440.4,34970.4,624,2.56,-27.53,347.19,4.47,15.0,125.0,0,0,1.32,-3.13,-1.56,-0.207,0.474,0.036,1.000,0.100,0.100,0.100,1,24.0,101.8,762,804,1,0,1,0,16,16,115,0
8.30,climb_cruise,440.3,440.3,34970.6,633,2.57,-27.59,347.15,4.48,15.0,125.0,0,0,1.32,-3.13,-1.56,-0.206,0.474,0.036,1.000,0.100,0.100,0.100,1,23.9,101.8,762,804,1,0,1,0,16,16,115,0
8.32,climb_cruise,440.3,440.3,34970.8,642,2.58,-27.66,347.11,4.48,15.0,125.0,0,0,1.31,-3.14,-1.56,-0.204,0.474,0.036,1.000,0.100,0.100,0.100,1,23.9,101.8,762,804,1,0,1,0,16,16,114,0
8.34,climb_cruise,440.2,440.2,34971.0,651,2.59,-27.72,347.07,4.49,15.0,125.0,0,0,1.31,-3.14,-1.57,-0.203,0.474,0.036,1.000,0.100,0.100,0.100,1,23.8,101.8,762,804,1,0,1,0,16,16,115,0
8.36,climb_cruise,440.2,440.2,34971.2,660,2.60,-27.79,347.03,4.49,15.0,125.0,0,0,1.30,-3.14,-1.57,-0.201,0.474,0.036,1.000,0.100,0.100,0.100,1,23.8,101.8,762,804,1,0,1,0,16,16,115,0
8.38,climb_cruise,440.2,440.2,34971.4,669,2.60,-27.85,346.99,4.50,15.0,125.0,0,0,1.30,-3.15,-1.57,-0.200,0.474,0.036,1.000,0.100,0.100,0.100,1,23.7,101.8,762,804,1,0,1,0,16,16,114,0
8.40,climb_cruise,440.1,440.1,34971.7,678,2.61,-27.92,346.95,4.50,15.0,125.0,0,0,1.29,-3.15,-1.58,-0.198,0.474,0.036,1.000,0.100,0.100,0.100,1,23.7,101.8,762,804,1,0,1,0,16,16,114,0
8.42,climb_cruise,440.1,440.1,34971.9,687,2.62,-27.98,346.91,4.51,15.0,125.0,0,0,1.29,-3.15,-1.58,-0.197,0.474,0.036,1.000,0.100,0.100,0.100,1,23.6,101.8,762,804,1,0,1,0,16,16,114,0
8.44,climb_cruise,440.1,440.1,34972.1,696,2.63,-28.05,346.87,4.51,15.0,125.0,0,0,1.29,-3.16,-1.58,-0.195,0.474,0.036,1.000,0.100,0.100,0.100,1,23.6,101.8,762,804,1,0,1,0,16,16,115,0
8.46,climb_cruise,440.0,440.0,34972.3,704,2.64,-28.11,346.83,4.52,15.0,125.0,0,0,1.28,-3.16,-1.59,-0.193,0.474,0.037,1.000,0.100,0.100,0.100,1,23.6,101.8,762,804,1,0,1,0,16,16,114,0
8.48,climb_cruise,440.0,440.0,34972.6,713,2.64,-28.18,346.79,4.52,15.0,125.0,0,0,1.28,-3.16,-1.59,-0.192,0.474,0.037,1.000,0.100,0.100,0.100,1,23.5,101.8,762,804,1,0,1,0,16,16,115,0
8.50,climb_cruise,440.0,440.0,34972.8,722,2.65,-28.24,346.75,4.52,15.0,125.0,0,0,1.27,-3.17,-1.59,-0.190,0.474,0.037,1.000,0.100,0.100,0.100,1,23.5,101.8,762,804,1,0,1,0,16,16,115,0
8.52,climb_cruise,439.9,439.9,34973.1,731,2.66,-28.31,346.71,4.53,15.0,125.0,0,0,1.27,-3.17,-1.59,-0.188,0.474,0.037,1.000,0.100,0.100,0.100,1,23.4,101.8,762,804,1,0,1,0,16,16,116,0
8.54,climb_cruise,439.9,439.9,34973.3,740,2.67,-28.37,346.67,4.53,15.0,125.0,0,0,1.26,-3.17,-1.60,-0.187,0.474,0.037,1.000,0.100,0.100,0.100,1,23.4,101.8,762,804,1,0,1,0,16,16,115,0
8.56,climb_cruise,439.8,439.8,34973.6,749,2.67,-28.44,346.63,4.53,15.0,125.0,0,0,1.26,-3.18,-1.60,-0.185,0.474,0.037,1.000,0.100,0.100,0.100,1,23.3,101.8,762,804,1,0,1,0,16,16,115,0
8.58,climb_cruise,439.8,439.8,34973.8,757,2.68,-28.50,346.59,4.54,15.0,125.0,0,0,1.25,-3.18,-1.60,-0.183,0.474,0.037,1.000,0.100,0.100,0.100,1,23.3,101.8,762,804,1,0,1,0,16,16,114,0
8.60,climb_cruise,439.8,439.8,34974.1,766,2.69,-28.57,346.55,4.54,15.0,125.0,0,0,1.25,-3.18,-1.61,-0.182,0.474,0.037,1.000,0.100,0.100,0.100,1,23.2,101.8,762,804,1,0,1,0,16,16,116,0
8.62,climb_cruise,439.7,439.7,34974.3,775,2.69,-28.64,346.51,4.54,15.0,125.0,0,0,1.24,-3.19,-1.61,-0.180,0.474,0.037,1.000,0.100,0.100,0.100,1,23.2,101.8,762,804,1,0,1,0,16,16,116,0
8.64,climb_cruise,439.7,439.7,34974.6,783,2.70,-28.70,346.47,4.55,15.0,125.0,0,0,1.24,-3.19,-1.61,-0.178,0.474,0.037,1.000,0.100,0.100,0.100,1,23.1,101.8,762,804,1,0,1,0,16,16,115,0
8.66,climb_cruise,439.7,439.7,34974.8,792,2.71,-28.77,346.43,4.55,15.0,125.0,0,0,1.23,-3.19,-1.61,-0.176,0.474,0.037,1.000,0.100,0.100,0.100,1,23.1,101.8,762,804,1,0,1,0,16,16,115,0
8.68,climb_cruise,439.6,439.6,34975.1,801,2.71,-28.83,346.39,4.55,15.0,125.0,0,0,1.23,-3.20,-1.62,-0.175,0.474,0.037,1.000,0.100,0.100,0.100,1,23.0,101.8,762,804,1,0,1,0,16,16,116,0
8.70,climb_cruise,439.6,439.6,34975.4,809,2.72,-28.90,346.35,4.55,15.0,125.0,0,0,1.22,-3.20,-1.62,-0.173,0.474,0.037,1.000,0.100,0.100,0.100,1,23.0,101.8,762,804,1,0,1,0,16,16,115,0
8.72,climb_cruise,439.6,439.6,34975.6,818,2.72,-28.96,346.31,4.56,15.0,125.0,0,0,1.22,-3.20,-1.62,-0.171,0.474,0.037,1.000,0.100,0.100,0.100,1,22.9,101.8,762,804,1,0,1,0,16,16,116,0
8.74,climb_cruise,439.5,439.5,34975.9,826,2.73,-29.03,346.27,4.56,15.0,125.0,0,0,1.21,-3.21,-1.63,-0.169,0.474,0.037,1.000,0.100,0.100,0.100,1,22.9,101.8,762,804,1,0,1,0,16,16,115,0
8.76,climb_cruise,439.5,439.5,34976.2,835,2.73,-29.10,346.23,4.56,15.0,125.0,0,0,1.20,-3.21,-1.63,-0.167,0.474,0.037,1.000,0.100,0.100,0.100,1,22.9,101.8,762,804,1,0,1,0,16,16,116,0
8.78,climb_cruise,439.4,439.4,34976.5,844,2.74,-29.16,346.19,4.56,15.0,125.0,0,0,1.20,-3.21,-1.63,-0.166,0.474,0.038,1.000,0.100,0.100,0.100,1,22.8,101.8,762,804,1,0,1,0,16,16,115,0
8.80,climb_cruise,439.4,439.4,34976.7,852,2.74,-29.23,346.14,4.56,15.0,125.0,0,0,1.19,-3.22,-1.64,-0.164,0.474,0.038,1.000,0.100,0.100,0.100,1,22.8,101.8,762,804,1,0,1,0,16,16,115,0
8.82,climb_cruise,439.4,439.4,34977.0,860,2.75,-29.30,346.10,4.57,15.0,125.0,0,0,1.19,-3.22,-1.64,-0.162,0.474,0.038,1.000,0.100,0.100,0.100,1,22.7,101.8,762,804,1,0,1,0,16,16,115,0
8.84,climb_cruise,439.3,439.3,34977.3,869,2.75,-29.36,346.06,4.57,15.0,125.0,0,0,1.18,-3.22,-1.64,-0.160,0.474,0.038,1.000,0.100,0.100,0.100,1,22.7,101.8,762,804,1,0,1,0,16,16,115,0
8.86,climb_cruise,439.3,439.3,34977.6,877,2.76,-29.43,346.02,4.57,15.0,125.0,0,0,1.17,-3.23,-1.64,-0.158,0.474,0.038,1.000,0.100,0.100,0.100,1,22.6,101.8,762,804,1,0,1,0,16,16,114,0
8.88,climb_cruise,439.3,439.3,34977.9,886,2.76,-29.49,345.98,4.57,15.0,125.0,0,0,1.17,-3.23,-1.65,-0.156,0.474,0.038,1.000,0.100,0.100,0.100,1,22.6,101.8,762,804,1,0,1,0,16,16,116,0
8.90,climb_cruise,439.2,439.2,34978.2,894,2.77,-29.56,345.94,4.57,15.0,125.0,0,0,1.16,-3.23,-1.65,-0.154,0.474,0.038,1.000,0.100,0.100,0.100,1,22.5,101.8,762,804,1,0,1,0,16,16,115,0
8.92,climb_cruise,439.2,439.2,34978.5,902,2.77,-29.63,345.90,4.57,15.0,125.0,0,0,1.16,-3.23,-1.65,-0.152,0.474,0.038,1.000,0.100,0.100,0.100,1,22.5,101.8,762,804,1,0,1,0,16,16,115,0
8.94,climb_cruise,439.1,439.1,34978.8,910,2.77,-29.69,345.86,4.57,15.0,125.0,0,0,1.15,-3.24,-1.66,-0.150,0.474,0.038,1.000,0.100,0.100,0.100,1,22.4,101.8,762,804,1,0,1,0,16,16,115,0
8.96,climb_cruise,439.1,439.1,34979.1,919,2.78,-29.76,345.82,4.57,15.0,125.0,0,0,1.14,-3.24,-1.66,-0.148,0.474,0.038,1.000,0.100,0.100,0.100,1,22.4,101.8,762,804,1,0,1,0,16,16,115,0
8.98,climb_cruise,439.1,439.1,34979.4,927,2.78,-29.83,345.78,4.57,15.0,125.0,0,0,1.14,-3.24,-1.66,-0.146,0.474,0.038,1.000,0.100,0.100,0.100,1,22.4,101.8,762,804,1,0,1,0,16,16,114,0
9.00,climb_cruise,439.0,439.0,34979.7,935,2.78,-29.89,345.74,4.57,15.0,125.0,0,0,1.13,-3.25,-1.66,-0.144,0.474,0.038,1.000,0.100,0.100,0.100,1,22.3,101.8,762,804,1,0,1,0,16,16,116,0
9.02,climb_cruise,439.0,439.0,34980.0,943,2.79,-29.96,345.70,4.57,15.0,125.0,0,0,1.12,-3.25,-1.67,-0.142,0.474,0.038,1.000,0.100,0.100,0.100,1,22.3,101.8,762,804,1,0,1,0,16,16,115,0
9.04,climb_cruise,439.0,439.0,34980.4,951,2.79,-30.03,345.66,4.57,15.0,125.0,0,0,1.12,-3.25,-1.67,-0.140,0.474,0.038,1.000,0.100,0.100,0.100,1,22.2,101.9,762,804,1,0,1,0,16,16,116,0
9.06,climb_cruise,438.9,438.9,34980.7,959,2.79,-30.10,345.62,4.57,15.0,125.0,0,0,1.11,-3.25,-1.67,-0.138,0.474,0.038,1.000,0.100,0.100,0.100,1,22.2,101.9,762,804,1,0,1,0,16,16,116,0
9.08,climb_cruise,438.9,438.9,34981.0,967,2.79,-30.16,345.58,4.57,15.0,125.0,0,0,1.11,-3.26,-1.68,-0.136,0.474,0.039,1.000,0.100,0.100,0.100,1,22.1,101.9,762,804,1,0,1,0,16,16,116,0
9.10,climb_cruise,438.8,438.8,34981.3,975,2.80,-30.23,345.54,4.57,15.0,125.0,0,0,1.10,-3.26,-1.68,-0.134,0.474,0.039,1.000,0.100,0.100,0.100,1,22.1,101.9,762,804,1,0,1,0,16,16,115,0
9.12,climb_cruise,438.8,438.8,34981.6,983,2.80,-30.30,345.50,4.57,15.0,125.0,0,0,1.09,-3.26,-1.68,-0.132,0.474,0.039,1.000,0.100,0.100,0.100,1,22.0,101.9,762,804,1,0,1,0,16,16,115,0
9.14,climb_cruise,438.8,438.8,34982.0,991,2.80,-30.36,345.46,4.57,15.0,125.0,0,0,1.08,-3.27,-1.68,-0.130,0.474,0.039,1.000,0.100,0.100,0.100,1,22.0,101.9,762,804,1,0,1,0,16,16,115,0
9.16,climb_cruise,438.7,438.7,34982.3,998,2.80,-30.43,345.42,4.57,15.0,125.0,0,0,1.08,-3.27,-1.69,-0.128,0.474,0.039,1.000,0.100,0.100,0.100,1,22.0,101.9,762,804,1,0,1,0,16,16,115,0
9.18,climb_cruise,438.7,438.7,34982.6,1006,2.80,-30.50,345.38,4.57,15.0,125.0,0,0,1.07,-3.27,-1.69,-0.126,0.474,0.039,1.000,0.100,0.100,0.100,1,21.9,101.9,762,804,1,0,1,0,16,16,114,0
9.20,climb_cruise,438.6,438.6,34983.0,1014,2.80,-30.57,345.34,4.57,15.0,125.0,0,0,1.06,-3.27,-1.69,-0.124,0.474,0.039,1.000,0.100,0.100,0.100,1,21.9,101.9,762,804,1,0,1,0,16,16,115,0
9.22,climb_cruise,438.6,438.6,34983.3,1022,2.81,-30.63,345.30,4.57,15.0,125.0,0,0,1.06,-3.28,-1.70,-0.122,0.474,0.039,1.000,0.100,0.100,0.100,1,21.8,101.9,762,804,1,0,1,0,16,16,116,0
9.24,climb_cruise,438.6,438.6,34983.7,1029,2.81,-30.70,345.26,4.57,15.0,125.0,0,0,1.05,-3.28,-1.70,-0.120,0.474,0.039,1.000,0.100,0.100,0.100,1,21.8,101.9,762,804,1,0,1,0,16,16,116,0
9.26,climb_cruise,438.5,438.5,34984.0,1037,2.81,-30.77,345.22,4.56,15.0,125.0,0,0,1.04,-3.28,-1.70,-0.117,0.474,0.039,1.000,0.100,0.100,0.100,1,21.7,101.9,762,804,1,0,1,0,16,16,116,0
9.28,climb_cruise,438.5,438.5,34984.3,1044,2.81,-30.84,345.18,4.56,15.0,125.0,0,0,1.04,-3.28,-1.70,-0.115,0.474,0.039,1.000,0.100,0.100,0.100,1,21.7,101.9,762,804,1,0,1,0,16,16,114,0
9.30,climb_cruise,438.5,438.5,34984.7,1052,2.81,-30.90,345.14,4.56,15.0,125.0,0,0,1.03,-3.29,-1.71,-0.113,0.474,0.039,1.000,0.100,0.100,0.100,1,21.7,101.9,762,804,1,0,1,0,16,16,114,0
9.32,climb_cruise,438.4,438.4,34985.0,1059,2.81,-30.97,345.10,4.56,15.0,125.0,0,0,1.02,-3.29,-1.71,-0.111,0.474,0.039,1.000,0.100,0.100,0.100,1,21.6,101.9,762,804,1,0,1,0,16,16,114,0
9.34,climb_cruise,438.4,438.4,34985.4,1066,2.81,-31.04,345.06,4.56,15.0,125.0,0,0,1.01,-3.29,-1.71,-0.109,0.474,0.039,1.000,0.100,0.100,0.100,1,21.6,101.9,762,804,1,0,1,0,16,16,114,0
9.36,climb_cruise,438.3,438.3,34985.8,1074,2.81,-31.11,345.02,4.55,15.0,125.0,0,0,1.01,-3.30,-1.71,-0.106,0.474,0.039,1.000,0.100,0.100,0.100,1,21.5,101.9,762,804,1,0,1,0,16,16,115,0
9.38,climb_cruise,438.3,438.3,34986.1,1081,2.81,-31.18,344.98,4.55,15.0,125.0,0,0,1.00,-3.30,-1.72,-0.104,0.474,0.039,1.000,0.100,0.100,0.100,1,21.5,101.9,762,804,1,0,1,0,16,16,114,0
9.40,climb_cruise,438.3,438.3,34986.5,1088,2.81,-31.24,344.94,4.55,15.0,125.0,0,0,0.99,-3.30,-1.72,-0.102,0.474,0.040,1.000,0.100,0.100,0.100,1,21.4,101.9,762,804,1,0,1,0,16,16,114,0
9.42,climb_cruise,438.2,438.2,34986.8,1095,2.80,-31.31,344.90,4.55,15.0,125.0,0,0,0.98,-3.30,-1.72,-0.100,0.474,0.040,1.000,0.100,0.100,0.100,1,21.4,101.9,762,804,1,0,1,0,16,16,116,0
9.44,climb_cruise,438.2,438.2,34987.2,1102,2.80,-31.38,344.86,4.54,15.0,125.0,0,0,0.98,-3.31,-1.73,-0.097,0.474,0.040,1.000,0.100,0.100,0.100,1,21.4,101.9,762,804,1,0,1,0,16,16,116,0
9.46,climb_cruise,438.1,438.1,34987.6,1109,2.80,-31.45,344.82,4.54,15.0,125.0,0,0,0.97,-3.31,-1.73,-0.095,0.474,0.040,1.000,0.100,0.100,0.100,1,21.3,101.9,762,804,1,0,1,0,16,16,115,0
9.48,climb_cruise,438.1,438.1,34987.9,1116,2.80,-31.52,344.78,4.54,15.0,125.0,0,0,0.96,-3.31,-1.73,-0.093,0.474,0.040,1.000,0.100,0.100,0.100,1,21.3,101.9,762,804,1,0,1,0,16,16,114,0
9.50,climb_cruise,438.1,438.1,34988.3,1123,2.80,-31.58,344.74,4.53,15.0,125.0,0,0,0.95,-3.31,-1.73,-0.091,0.474,0.040,1.000,0.100,0.100,0.100,1,21.2,101.9,762,804,1,0,1,0,16,16,115,0
9.52,climb_cruise,438.0,438.0,34988.7,1130,2.80,-31.65,344.71,4.53,15.0,125.0,0,0,0.94,-3.32,-1.74,-0.088,0.474,0.040,1.000,0.100,0.100,0.100,1,21.2,101.9,762,804,1,0,1,0,16,16,114,0
9.54,climb_cruise,438.0,438.0,34989.1,1137,2.79,-31.72,344.67,4.53,15.0,125.0,0,0,0.94,-3.32,-1.74,-0.086,0.474,0.040,1.000,0.100,0.100,0.100,1,21.1,101.9,762,804,1,0,1,0,16,16,116,0
9.56,climb_cruise,437.9,437.9,34989.5,1144,2.79,-31.79,344.63,4.52,15.0,125.0,0,0,0.93,-3.32,-1.74,-0.084,0.474,0.040,1.000,0.100,0.100,0.100,1,21.1,101.9,762,804,1,0,1,0,16,16,114,0
9.58,climb_cruise,437.9,437.9,34989.8,1150,2.79,-31.86,344.59,4.52,15.0,125.0,0,0,0.92,-3.32,-1.74,-0.081,0.474,0.040,1.000,0.100,0.100,0.100,1,21.1,101.9,762,804,1,0,1,0,16,16,114,0
9.60,climb_cruise,437.9,437.9,34990.2,1157,2.79,-31.93,344.55,4.51,15.0,125.0,0,0,0.91,-3.32,-1.75,-0.079,0.474,0.040,1.000,0.100,0.100,0.100,1,21.0,101.9,762,804,1,0,1,0,16,16,115,0
9.62,climb_cruise,437.8,437.8,34990.6,1163,2.78,-31.99,344.51,4.51,15.0,125.0,0,0,0.90,-3.33,-1.75,-0.077,0.474,0.040,1.000,0.100,0.100,0.100,1,21.0,101.9,762,804,1,0,1,0,16,16,114,0
9.64,climb_cruise,437.8,437.8,34991.0,1170,2.78,-32.06,344.47,4.50,15.0,125.0,0,0,0.90,-3.33,-1.75,-0.074,0.474,0.040,1.000,0.100,0.100,0.100,1,20.9,101.9,762,804,1,0,1,0,16,16,115,0
9.66,climb_cruise,437.7,437.7,34991.4,1176,2.78,-32.13,344.43,4.50,15.0,125.0,0,0,0.89,-3.33,-1.75,-0.072,0.474,0.040,1.000,0.100,0.100,0.100,1,20.9,101.9,762,804,1,0,1,0,16,16,115,0
9.68,climb_cruise,437.7,437.7,34991.8,1182,2.77,-32.20,344.39,4.49,15.0,125.0,0,0,0.88,-3.33,-1.76,-0.070,0.474,0.040,1.000,0.100,0.100,0.100,1,20.8,101.9,762,804,1,0,1,0,16,16,114,0
9.70,climb_cruise,437.7,437.7,34992.2,1189,2.77,-32.27,344.35,4.49,15.0,125.0,0,0,0.87,-3.34,-1.76,-0.067,0.474,0.041,1.000,0.100,0.100,0.100,1,20.8,101.9,762,804,1,0,1,0,16,16,114,0
9.72,climb_cruise,437.6,437.6,34992.6,1195,2.76,-32.34,344.31,4.48,15.0,125.0,0,0,0.86,-3.34,-1.76,-0.065,0.474,0.041,1.000,0.100,0.100,0.100,1,20.8,101.9,762,804,1,0,1,0,16,16,115,0
9.74,climb_cruise,437.6,437.6,34993.0,1201,2.76,-32.41,344.27,4.48,15.0,125.0,0,0,0.85,-3.34,-1.76,-0.062,0.474,0.041,1.000,0.100,0.100,0.100,1,20.7,101.9,762,804,1,0,1,0,16,16,114,0
9.76,climb_cruise,437.5,437.5,34993.4,1207,2.76,-32.47,344.23,4.47,15.0,125.0,0,0,0.85,-3.34,-1.77,-0.060,0.474,0.041,1.000,0.100,0.100,0.100,1,20.7,101.9,762,804,1,0,1,0,16,16,116,0
9.78,climb_cruise,437.5,437.5,34993.8,1213,2.75,-32.54,344.20,4.47,15.0,125.0,0,0,0.84,-3.34,-1.77,-0.058,0.474,0.041,1.000,0.100,0.100,0.100,1,20.6,101.9,762,804,1,0,1,0,16,16,116,0
9.80,climb_cruise,437.5,437.5,34994.2,1219,2.75,-32.61,344.16,4.46,15.0,125.0,0,0,0.83,-3.35,-1.77,-0.055,0.474,0.041,1.000,0.100,0.100,0.100,1,20.6,101.9,762,804,1,0,1,0,16,16,114,0
9.82,climb_cruise,437.4,437.4,34994.6,1225,2.74,-32.68,344.12,4.46,15.0,125.0,0,0,0.82,-3.35,-1.77,-0.053,0.474,0.041,1.000,0.100,0.100,0.100,1,20.6,101.9,762,804,1,0,1,0,16,16,116,0
9.84,climb_cruise,437.4,437.4,34995.0,1231,2.73,-32.75,344.08,4.45,15.0,125.0,0,0,0.81,-3.35,-1.78,-0.050,0.474,0.041,1.000,0.100,0.100,0.100,1,20.5,101.9,762,804,1,0,1,0,16,16,115,0
9.86,climb_cruise,437.3,437.3,34995.4,1236,2.73,-32.86,344.04,4.45,15.0,125.0,0,0,0.60,-8.25,-1.92,-0.019,0.189,0.016,1.000,0.100,0.100,0.100,1,20.5,101.9,762,804,1,0,1,0,16,32,115,0
9.88,climb_cruise,437.3,437.3,34995.8,1242,2.71,-33.06,344.00,4.44,15.0,125.0,0,0,0.38,-11.11,-2.08,-0.011,0.130,0.011,1.000,0.100,0.100,0.100,1,20.4,101.9,762,804,1,0,1,0,16,48,115,0
9.90,climb_cruise,437.3,437.3,34996.2,1247,2.70,-33.30,343.96,4.44,15.0,125.0,0,0,0.20,-12.42,-2.23,-0.009,0.117,0.009,1.000,0.100,0.100,0.100,1,20.4,101.9,762,804,1,0,1,0,16,64,115,0
9.92,climb_cruise,437.2,437.2,34996.7,1253,2.67,-33.55,343.92,4.44,15.0,125.0,0,0,0.05,-12.98,-2.37,-0.008,0.115,0.009,1.000,0.100,0.100,0.100,1,20.4,101.9,762,804,1,0,1,0,16,80,116,0
9.94,climb_cruise,437.2,437.2,34997.1,1258,2.65,-33.81,343.88,4.43,15.0,125.0,0,0,-0.06,-13.23,-2.48,-0.008,0.114,0.009,1.000,0.100,0.100,0.100,1,20.3,101.9,762,804,1,0,1,0,16,96,114,0
9.96,climb_cruise,437.2,437.2,34997.5,1263,2.62,-34.08,343.84,4.42,15.0,125.0,0,0,-0.14,-13.36,-2.59,-0.007,0.114,0.009,1.000,0.100,0.100,0.100,1,20.3,101.9,762,804,1,0,1,0,16,112,114,0
9.98,climb_cruise,437.1,437.1,34997.9,1268,2.58,-34.35,343.80,4.42,15.0,125.0,0,0,-0.19,-13.44,-2.67,-0.007,0.114,0.009,1.000,0.100,0.100,0.100,1,20.2,101.9,762,804,1,0,1,0,16,128,115,0
10.00,climb_cruise,437.1,437.1,34998.3,1272,2.55,-34.62,343.76,4.41,15.0,125.0,0,0,-0.21,-13.50,-2.75,-0.006,0.114,0.009,1.000,0.100,0.100,0.100,1,20.2,101.9,762,804,1,0,1,0,16,144,116,0
10.02,climb_cruise,437.0,437.0,34998.8,1277,2.52,-34.90,343.71,4.40,15.0,125.0,0,0,-0.20,-13.55,-2.81,-0.006,0.114,0.009,1.000,0.100,0.100,0.100,1,20.1,101.9,762,804,1,0,1,0,16,160,115,0
10.04,climb_cruise,437.0,437.0,34999.2,1281,2.48,-35.17,343.67,4.39,15.0,125.0,0,0,-0.18,-13.60,-2.85,-0.006,0.114,0.009,1.000,0.100,0.100,0.100,1,20.1,101.9,762,804,1,0,1,0,16,176,114,0
10.06,climb_cruise,437.0,437.0,34999.6,1285,2.44,-35.44,343.63,4.38,15.0,125.0,0,0,-0.15,-13.64,-2.89,-0.005,0.114,0.009,1.000,0.100,0.100,0.100,1,20.1,101.9,762,804,1,0,1,0,16,192,116,0
10.08,climb_cruise,436.9,436.9,35000.0,1288,2.41,-35.72,343.58,4.37,15.0,125.0,0,0,-0.10,-13.67,-2.92,-0.005,0.114,0.009,1.000,0.100,0.100,0.100,1,20.0,101.9,762,804,1,0,1,0,16,208,115,0
10.10,climb_cruise,436.9,436.9,35000.5,1292,2.37,-35.99,343.53,4.36,15.0,125.0,0,0,-0.05,-13.70,-2.94,-0.004,0.114,0.009,1.000,0.100,0.100,0.100,1,20.0,101.9,762,804,1,0,1,0,16,224,116,0
10.12,climb_cruise,436.8,436.8,35000.9,1295,2.34,-36.27,343.49,4.35,15.0,125.0,0,0,0.00,-13.73,-2.95,-0.004,0.114,0.009,1.000,0.100,0.100,0.100,1,19.9,101.9,762,804,1,0,1,0,16,240,115,0
10.14,climb_cruise,436.8,436.8,35001.3,1298,2.30,-36.55,343.44,4.35,15.0,125.0,0,0,0.06,-13.75,-2.95,-0.004,0.114,0.009,1.000,0.100,0.100,0.100,1,19.9,101.9,762,804,1,0,1,0,16,256,116,0
10.16,climb_cruise,436.8,436.8,35001.8,1301,2.27,-36.82,343.39,4.34,15.0,125.0,0,0,0.11,-13.77,-2.95,-0.003,0.114,0.009,1.000,0.100,0.100,0.100,1,19.9,101.9,762,804,1,0,1,0,16,272,115,0
10.18,climb_cruise,436.7,436.7,35002.2,1304,2.23,-37.10,343.34,4.34,15.0,125.0,0,0,0.16,-13.78,-2.95,-0.003,0.114,0.009,1.000,0.100,0.100,0.100,1,19.8,101.9,762,804,1,0,1,0,16,288,114,0
10.20,climb_cruise,436.7,436.7,35002.6,1306,2.20,-37.38,343.29,4.34,15.0,125.0,0,0,0.20,-13.79,-2.94,-0.003,0.114,0.009,1.000,0.100,0.100,0.100,1,19.8,101.9,762,804,1,0,1,0,16,304,115,0
10.22,climb_cruise,436.6,436.6,35003.1,1309,2.17,-37.66,343.24,4.34,15.0,125.0,0,0,0.24,-13.80,-2.93,-0.002,0.114,0.009,1.000,0.100,0.100,0.100,1,19.7,101.9,762,804,1,0,1,0,16,320,115,0
10.24,climb_cruise,436.6,436.6,35003.5,1311,2.14,-37.93,343.19,4.34,15.0,125.0,0,0,0.27,-13.81,-2.92,-0.002,0.114,0.009,1.000,0.100,0.100,0.100,1,19.7,101.9,762,804,1,0,1,0,16,336,115,0
10.26,climb_cruise,436.6,436.6,35004.0,1313,2.11,-38.21,343.14,4.34,15.0,125.0,0,0,0.30,-13.81,-2.90,-0.001,0.114,0.009,1.000,0.100,0.100,0.100,1,19.7,101.9,762,804,1,0,1,0,16,352,115,0
10.28,climb_cruise,436.5,436.5,35004.4,1315,2.07,-38.49,343.09,4.34,15.0,125.0,0,0,0.32,-13.82,-2.89,-0.001,0.114,0.009,1.000,0.100,0.100,0.100,1,19.6,101.9,762,804,1,0,1,0,16,368,114,0
10.30,climb_cruise,436.5,436.5,35004.8,1316,2.04,-38.77,343.05,4.34,15.0,125.0,0,0,0.33,-13.82,-2.88,-0.001,0.114,0.009,1.000,0.100,0.100,0.100,1,19.6,101.9,762,804,1,0,1,0,16,384,115,0
10.32,climb_cruise,436.4,436.4,35005.3,1318,2.01,-39.05,343.00,4.34,15.0,125.0,0,0,0.34,-13.82,-2.87,-0.000,0.114,0.009,1.000,0.100,0.100,0.100,1,19.6,101.9,762,804,1,0,1,0,16,400,116,0
10.34,climb_cruise,436.4,436.4,35005.7,1319,1.98,-39.33,342.95,4.34,15.0,125.0,0,0,0.34,-13.82,-2.86,0.000,0.114,0.009,1.000,0.100,0.100,0.100,1,19.5,101.9,762,804,1,0,1,0,16,416,115,0
10.36,climb_cruise,436.4,436.4,35006.1,1320,1.95,-39.60,342.90,4.34,15.0,125.0,0,0,0.34,-13.82,-2.85,0.000,0.114,0.009,1.000,0.100,0.100,0.100,1,19.5,101.9,762,804,1,0,1,0,16,416,115,0
10.38,climb_cruise,436.3,436.3,35006.6,1321,1.92,-39.88,342.85,4.34,15.0,125.0,0,0,0.34,-13.81,-2.84,0.001,0.114,0.009,1.000,0.100,0.100,0.100,1,19.4,101.9,762,804,1,0,1,0,16,416,115,0
10.40,climb_cruise,436.3,436.3,35007.0,1321,1.89,-40.16,342.80,4.34,15.0,125.0,0,0,0.34,-13.81,-2.83,0.001,0.114,0.009,1.000,0.100,0.100,0.100,1,19.4,101.9,762,804,1,0,1,0,16,416,115,0
10.42,climb_cruise,436.2,436.2,35007.5,1322,1.86,-40.44,342.76,4.33,15.0,125.0,0,0,0.33,-13.81,-2.83,0.002,0.114,0.009,1.000,0.100,0.100,0.100,1,19.4,101.9,762,804,1,0,1,0,16,416,116,0
10.44,climb_cruise,436.2,436.2,35007.9,1322,1.83,-40.71,342.71,4.33,15.0,125.0,0,0,0.32,-13.80,-2.82,0.002,0.114,0.009,1.000,0.100,0.100,0.100,1,19.3,101.9,762,804,1,0,1,0,16,416,115,0
10.46,climb_cruise,436.2,436.2,35008.3,1322,1.79,-40.99,342.66,4.33,15.0,125.0,0,0,0.32,-13.80,-2.82,0.002,0.114,0.009,1.000,0.100,0.100,0.100,1,19.3,101.9,762,804,1,0,1,0,16,416,115,0
10.48,climb_cruise,436.1,436.1,35008.8,1322,1.76,-41.27,342.62,4.33,15.0,125.0,0,0,0.31,-13.80,-2.82,0.003,0.114,0.009,1.000,0.100,0.100,0.100,1,19.2,101.9,762,804,1,0,1,0,16,416,114,0
10.50,climb_cruise,436.1,436.1,35009.2,1322,1.73,-41.55,342.57,4.33,15.0,125.0,0,0,0.30,-13.80,-2.82,0.003,0.114,0.009,1.000,0.100,0.100,0.100,1,19.2,101.9,762,804,1,0,1,0,16,416,114,0
10.52,climb_cruise,436.0,436.0,35009.7,1322,1.70,-41.82,342.52,4.33,15.0,125.0,0,0,0.30,-13.79,-2.83,0.003,0.114,0.009,1.000,0.100,0.100,0.100,1,19.2,101.9,762,804,1,0,1,0,16,416,116,0
10.54,climb_cruise,436.0,436.0,35010.1,1321,1.66,-42.10,342.48,4.33,15.0,125.0,0,0,0.29,-13.79,-2.83,0.004,0.114,0.009,1.000,0.100,0.100,0.100,1,19.1,101.9,762,804,1,0,1,0,16,416,116,0
10.56,climb_cruise,436.0,436.0,35010.6,1320,1.63,-42.38,342.43,4.32,15.0,125.0,0,0,0.29,-13.79,-2.84,0.004,0.114,0.009,1.000,0.100,0.100,0.100,1,19.1,101.9,762,804,1,0,1,0,16,416,114,0
10.58,climb_cruise,435.9,435.9,35011.0,1319,1.59,-42.66,342.39,4.32,15.0,125.0,0,0,0.28,-13.79,-2.84,0.004,0.114,0.009,1.000,0.100,0.100,0.100,1,19.1,101.9,762,804,1,0,1,0,16,416,115,0
10.60,climb_cruise,435.9,435.9,35011.4,1318,1.56,-42.93,342.34,4.32,15.0,125.0,0,0,0.28,-13.79,-2.85,0.005,0.114,0.009,1.000,0.100,0.100,0.100,1,19.0,101.9,762,804,1,0,1,0,16,416,116,0
10.62,climb_cruise,435.8,435.8,35011.9,1317,1.52,-43.21,342.29,4.31,15.0,125.0,0,0,0.28,-13.79,-2.86,0.005,0.114,0.009,1.000,0.100,0.100,0.100,1,19.0,101.9,762,804,1,0,1,0,16,416,116,0
10.64,climb_cruise,435.8,435.8,35012.3,1315,1.49,-43.49,342.25,4.31,15.0,125.0,0,0,0.29,-13.79,-2.87,0.005,0.114,0.009,1.000,0.100,0.100,0.100,1,18.9,101.9,762,804,1,0,1,0,16,416,115,0
10.66,climb_cruise,435.8,435.8,35012.7,1313,1.45,-43.76,342.20,4.31,15.0,125.0,0,0,0.29,-13.79,-2.88,0.006,0.114,0.009,1.000,0.100,0.100,0.100,1,18.9,101.9,762,804,1,0,1,0,16,416,114,0
10.68,climb_cruise,435.7,435.7,35013.2,1311,1.42,-44.04,342.16,4.31,15.0,125.0,0,0,0.29,-13.79,-2.89,0.006,0.114,0.009,1.000,0.100,0.100,0.100,1,18.9,101.9,762,804,1,0,1,0,16,416,115,0
10.70,climb_cruise,435.7,435.7,35013.6,1309,1.38,-44.32,342.11,4.30,15.0,125.0,0,0,0.30,-13.79,-2.90,0.006,0.114,0.009,1.000,0.100,0.100,0.100,1,18.8,101.9,762,804,1,0,1,0,16,416,115,0
10.72,climb_cruise,435.6,435.6,35014.1,1306,1.35,-44.59,342.07,4.30,15.0,125.0,0,0,0.30,-13.79,-2.91,0.007,0.114,0.009,1.000,0.100,0.100,0.100,1,18.8,101.9,762,804,1,0,1,0,16,416,116,0
10.74,climb_cruise,435.6,435.6,35014.5,1304,1.31,-44.87,342.02,4.30,15.0,125.0,0,0,0.31,-13.80,-2.92,0.007,0.114,0.009,1.000,0.100,0.100,0.100,1,18.7,101.9,762,804,1,0,1,0,16,416,114,0
10.76,climb_cruise,435.6,435.6,35014.9,1301,1.27,-45.15,341.97,4.29,15.0,125.0,0,0,0.31,-13.80,-2.93,0.007,0.114,0.009,1.000,0.100,0.100,0.100,1,18.7,101.9,762,804,1,0,1,0,16,416,114,0
10.78,climb_cruise,435.5,435.5,35015.4,1298,1.23,-45.43,341.93,4.29,15.0,125.0,0,0,0.32,-13.80,-2.94,0.007,0.114,0.009,1.000,0.100,0.100,0.100,1,18.7,101.9,762,804,1,0,1,0,16,416,115,0
10.80,climb_cruise,435.5,435.5,35015.8,1294,1.20,-45.70,341.88,4.28,15.0,125.0,0,0,0.33,-13.80,-2.95,0.008,0.114,0.009,1.000,0.100,0.100,0.100,1,18.6,101.9,762,804,1,0,1,0,16,416,114,0
10.82,climb_cruise,435.4,435.4,35016.2,1291,1.16,-45.98,341.84,4.28,15.0,125.0,0,0,0.33,-13.80,-2.96,0.008,0.114,0.009,1.000,0.100,0.100,0.100,1,18.6,101.9,762,804,1,0,1,0,16,416,115,0
10.84,climb_cruise,435.4,435.4,35016.7,1287,1.12,-46.26,341.79,4.28,15.0,125.0,0,0,0.34,-13.81,-2.97,0.008,0.114,0.009,1.000,0.100,0.100,0.100,1,18.6,101.9,762,804,1,0,1,0,16,416,115,0
10.86,climb_cruise,435.4,435.4,35017.1,1283,1.08,-46.53,341.75,4.27,15.0,125.0,0,0,0.34,-13.81,-2.98,0.008,0.114,0.009,1.000,0.100,0.100,0.100,1,18.5,101.9,762,804,1,0,1,0,16,416,115,0
10.88,climb_cruise,435.3,435.3,35017.5,1279,1.04,-46.81,341.70,4.27,15.0,125.0,0,0,0.35,-13.81,-2.99,0.009,0.114,0.009,1.000,0.100,0.100,0.100,1,18.5,101.9,762,804,1,0,1,0,16,416,114,0
10.90,climb_cruise,435.3,435.3,35017.9,1275,1.01,-47.09,341.65,4.27,15.0,125.0,0,0,0.36,-13.82,-3.00,0.009,0.114,0.009,1.000,0.100,0.100,0.100,1,18.5,101.9,762,804,1,0,1,0,16,416,115,0
10.92,climb_cruise,435.3,435.3,35018.4,1270,0.97,-47.36,341.61,4.26,15.0,125.0,0,0,0.36,-13.82,-3.01,0.009,0.114,0.009,1.000,0.100,0.100,0.100,1,18.4,102.0,762,804,1,0,1,0,16,416,114,0
10.94,climb_cruise,435.2,435.2,35018.8,1265,0.93,-47.64,341.56,4.26,15.0,125.0,0,0,0.37,-13.82,-3.02,0.009,0.114,0.009,1.000,0.100,0.100,0.100,1,18.4,102.0,762,804,1,0,1,0,16,416,115,0
10.96,climb_cruise,435.2,435.2,35019.2,1260,0.89,-47.92,341.51,4.26,15.0,125.0,0,0,0.37,-13.82,-3.03,0.010,0.114,0.009,1.000,0.100,0.100,0.100,1,18.3,102.0,762,804,1,0,1,0,16,416,115,0
10.98,climb_cruise,435.1,435.1,35019.6,1255,0.85,-48.20,341.47,4.25,15.0,125.0,0,0,0.38,-13.83,-3.04,0.010,0.114,0.009,1.000,0.100,0.100,0.100,1,18.3,102.0,762,804,1,0,1,0,16,416,114,0
11.00,climb_cruise,435.1,435.1,35020.0,1249,0.81,-48.47,341.42,4.25,15.0,125.0,0,0,0.39,-13.83,-3.05,0.010,0.114,0.009,1.000,0.100,0.100,0.100,1,18.3,102.0,762,804,1,0,1,0,16,416,114,0
11.02,climb_cruise,435.1,435.1,35020.5,1244,0.77,-48.75,341.38,4.25,15.0,125.0,0,0,0.39,-13.83,-3.06,0.010,0.114,0.009,1.000,0.100,0.100,0.100,1,18.2,102.0,762,804,1,0,1,0,16,416,115,0
11.04,climb_cruise,435.0,435.0,35020.9,1238,0.72,-49.03,341.33,4.24,15.0,125.0,0,0,0.40,-13.83,-3.07,0.011,0.114,0.009,1.000,0.100,0.100,0.100,1,18.2,102.0,762,804,1,0,1,0,16,416,114,0
11.06,climb_cruise,435.0,435.0,35021.3,1232,0.68,-49.30,341.28,4.24,15.0,125.0,0,0,0.40,-13.84,-3.07,0.011,0.114,0.009,1.000,0.100,0.100,0.100,1,18.2,102.0,762,804,1,0,1,0,16,416,115,0
11.08,climb_cruise,434.9,434.9,35021.7,1225,0.64,-49.58,341.24,4.23,15.0,125.0,0,0,0.41,-13.84,-3.08,0.011,0.114,0.009,1.000,0.100,0.100,0.100,1,18.1,102.0,762,804,1,0,1,0,16,416,115,0
11.10,climb_cruise,434.9,434.9,35022.1,1219,0.60,-49.86,341.19,4.23,15.0,125.0,0,0,0.41,-13.84,-3.09,0.011,0.114,0.009,1.000,0.100,0.100,0.100,1,18.1,102.0,762,804,1,0,1,0,16,416,115,0
11.12,climb_cruise,434.9,434.9,35022.5,1212,0.56,-50.14,341.15,4.23,15.0,125.0,0,0,0.42,-13.84,-3.10,0.011,0.114,0.010,1.000,0.100,0.100,0.100,1,18.0,102.0,762,804,1,0,1,0,16,416,114,0
11.14,climb_cruise,434.8,434.8,35022.9,1205,0.52,-50.41,341.10,4.22,15.0,125.0,0,0,0.42,-13.85,-3.10,0.011,0.114,0.010,1.000,0.100,0.100,0.100,1,18.0,102.0,762,804,1,0,1,0,16,416,115,0
11.16,climb_cruise,434.8,434.8,35023.3,1198,0.47,-50.69,341.05,4.22,15.0,125.0,0,0,0.43,-13.85,-3.11,0.012,0.114,0.010,1.000,0.100,0.100,0.100,1,18.0,102.0,762,804,1,0,1,0,16,416,116,0
11.18,climb_cruise,434.8,434.8,35023.7,1190,0.43,-50.97,341.01,4.21,15.0,125.0,0,0,0.43,-13.85,-3.12,0.012,0.114,0.010,1.000,0.100,0.100,0.100,1,17.9,102.0,762,804,1,0,1,0,16,416,114,0
11.20,climb_cruise,434.7,434.7,35024.1,1183,0.39,-51.25,340.96,4.21,15.0,125.0,0,0,0.44,-13.85,-3.13,0.012,0.114,0.010,1.000,0.100,0.100,0.100,1,17.9,102.0,762,804,1,0,1,0,16,416,115,0
11.22,climb_cruise,434.7,434.7,35024.5,1175,0.34,-51.52,340.92,4.21,15.0,125.0,0,0,0.45,-13.85,-3.13,0.012,0.114,0.010,1.000,0.100,0.100,0.100,1,17.9,102.0,762,804,1,0,1,0,16,416,114,0
11.24,climb_cruise,434.6,434.6,35024.9,1167,0.30,-51.80,340.87,4.20,15.0,125.0,0,0,0.45,-13.86,-3.14,0.012,0.114,0.010,1.000,0.100,0.100,0.100,1,17.8,102.0,762,804,1,0,1,0,16,416,115,0
11.26,climb_cruise,434.6,434.6,35025.3,1158,0.26,-52.08,340.82,4.20,15.0,125.0,0,0,0.46,-13.86,-3.15,0.012,0.114,0.010,1.000,0.100,0.100,0.100,1,17.8,102.0,762,804,1,0,1,0,16,416,114,0
11.28,climb_cruise,434.6,434.6,35025.7,1150,0.21,-52.36,340.78,4.19,15.0,125.0,0,0,0.47,-13.86,-3.15,0.012,0.114,0.010,1.000,0.100,0.100,0.100,1,17.8,102.0,762,804,1,0,1,0,16,416,116,0
11.30,climb_cruise,434.5,434.5,35026.0,1141,0.17,-52.63,340.73,4.19,15.0,125.0,0,0,0.47,-13.86,-3.16,0.013,0.114,0.010,1.000,0.100,0.100,0.100,1,17.7,102.0,762,804,1,0,1,0,16,416,115,0
11.32,climb_cruise,434.5,434.5,35026.4,1132,0.12,-52.91,340.69,4.19,15.0,125.0,0,0,0.48,-13.86,-3.17,0.013,0.114,0.010,1.000,0.100,0.100,0.100,1,17.7,102.0,762,804,1,0,1,0,16,416,116,0
11.34,climb_cruise,434.5,434.5,35026.8,1123,0.08,-53.19,340.64,4.18,15.0,125.0,0,0,0.49,-13.87,-3.17,0.013,0.114,0.010,1.000,0.100,0.100,0.100,1,17.7,102.0,762,804,1,0,1,0,16,416,115,0
11.36,climb_cruise,434.4,434.4,35027.2,1113,0.03,-53.46,340.59,4.18,15.0,125.0,0,0,0.49,-13.87,-3.18,0.013,0.114,0.010,1.000,0.100,0.100,0.100,1,17.6,102.0,762,804,1,0,1,0,16,416,116,0
11.38,climb_cruise,434.4,434.4,35027.5,1103,-0.01,-53.74,340.55,4.17,15.0,125.0,0,0,0.50,-13.87,-3.19,0.013,0.114,0.010,1.000,0.100,0.100,0.100,1,17.6,102.0,762,804,1,0,1,0,16,416,115,0
11.40,climb_cruise,434.3,434.3,35027.9,1093,-0.06,-54.02,340.50,4.17,15.0,125.0,0,0,0.51,-13.87,-3.19,0.013,0.114,0.010,1.000,0.100,0.100,0.100,1,17.6,102.0,762,804,1,0,1,0,16,416,114,0
11.42,climb_cruise,434.3,434.3,35028.3,1083,-0.10,-54.30,340.46,4.17,15.0,125.0,0,0,0.52,-13.87,-3.20,0.013,0.114,0.010,1.000,0.100,0.100,0.100,1,17.5,102.0,762,804,1,0,1,0,16,416,116,0
11.44,climb_cruise,434.3,434.3,35028.6,1073,-0.15,-54.57,340.41,4.16,15.0,125.0,0,0,0.53,-13.87,-3.21,0.013,0.114,0.010,1.000,0.100,0.100,0.100,1,17.5,102.0,762,804,1,0,1,0,16,416,116,0
11.46,climb_cruise,434.2,434.2,35029.0,1062,-0.20,-54.85,340.37,4.16,15.0,125.0,0,0,0.53,-13.88,-3.21,0.013,0.114,0.010,1.000,0.100,0.100,0.100,1,17.4,102.0,762,804,1,0,1,0,16,416,115,0
11.48,climb_cruise,434.2,434.2,35029.3,1051,-0.24,-55.13,340.32,4.15,15.0,125.0,0,0,0.54,-13.88,-3.22,0.013,0.114,0.010,1.000,0.100,0.100,0.100,1,17.4,102.0,762,804,1,0,1,0,16,416,114,0
11.50,climb_cruise,434.2,434.2,35029.7,1040,-0.29,-55.41,340.27,4.15,15.0,125.0,0,0,0.55,-13.88,-3.23,0.013,0.114,0.010,1.000,0.100,0.100,0.100,1,17.4,102.0,762,804,1,0,1,0,16,416,115,0
11.52,climb_cruise,434.1,434.1,35030.0,1029,-0.34,-55.68,340.23,4.14,15.0,125.0,0,0,0.56,-13.88,-3.23,0.013,0.114,0.010,1.000,0.100,0.100,0.100,1,17.3,102.0,762,804,1,0,1,0,16,416,115,0
11.54,climb_cruise,434.1,434.1,35030.4,1017,-0.38,-55.96,340.18,4.14,15.0,125.0,0,0,0.57,-13.88,-3.24,0.013,0.114,0.010,1.000,0.100,0.100,0.100,1,17.3,102.0,762,804,1,0,1,0,16,416,116,0
11.56,climb_cruise,434.1,434.1,35030.7,1005,-0.43,-56.24,340.14,4.14,15.0,125.0,0,0,0.58,-13.88,-3.25,0.013,0.114,0.010,1.000,0.100,0.100,0.100,1,17.3,102.0,762,804,1,0,1,0,16,416,115,0
11.58,climb_cruise,434.0,434.0,35031.0,993,-0.48,-56.52,340.09,4.13,15.0,125.0,0,0,0.59,-13.88,-3.25,0.013,0.114,0.010,1.000,0.100,0.100,0.100,1,17.2,102.0,762,804,1,0,1,0,16,416,114,0
11.60,climb_cruise,434.0,434.0,35031.4,981,-0.53,-56.79,340.05,4.13,15.0,125.0,0,0,0.60,-13.89,-3.26,0.013,0.114,0.010,1.000,0.100,0.100,0.100,1,17.2,102.0,762,804,1,0,1,0,16,416,116,0
11.62,climb_cruise,433.9,433.9,35031.7,968,-0.57,-57.07,340.00,4.12,15.0,125.0,0,0,0.61,-13.89,-3.26,0.013,0.114,0.010,1.000,0.100,0.100,0.100,1,17.2,102.0,762,804,1,0,1,0,16,416,115,0
11.64,climb_cruise,433.9,433.9,35032.0,956,-0.62,-57.35,339.95,4.12,15.0,125.0,0,0,0.62,-13.89,-3.27,0.013,0.114,0.010,1.000,0.100,0.100,0.100,1,17.1,102.0,762,804,1,0,1,0,16,416,116,0
11.66,climb_cruise,433.9,433.9,35032.3,943,-0.67,-57.62,339.91,4.12,15.0,125.0,0,0,0.63,-13.89,-3.28,0.013,0.114,0.010,1.000,0.100,0.100,0.100,1,17.1,102.0,762,804,1,0,1,0,16,416,114,0
11.68,climb_cruise,433.8,433.8,35032.7,929,-0.72,-57.90,339.86,4.11,15.0,125.0,0,0,0.64,-13.89,-3.28,0.013,0.114,0.010,1.000,0.100,0.100,0.100,1,17.1,102.0,762,804,1,0,1,0,16,416,115,0
11.70,climb_cruise,433.8,433.8,35033.0,916,-0.77,-58.18,339.82,4.11,15.0,125.0,0,0,0.65,-13.89,-3.29,0.013,0.114,0.010,1.000,0.100,0.100,0.100,1,17.0,102.0,762,804,1,0,1,0,16,416,115,0
11.72,climb_cruise,433.8,433.8,35033.3,902,-0.82,-58.46,339.77,4.10,15.0,125.0,0,0,0.66,-13.89,-3.29,0.013,0.114,0.010,1.000,0.100,0.100,0.100,1,17.0,102.0,762,804,1,0,1,0,16,416,114,0
11.74,climb_cruise,433.7,433.7,35033.6,888,-0.87,-58.73,339.73,4.10,15.0,125.0,0,0,0.67,-13.90,-3.30,0.013,0.114,0.010,1.000,0.100,0.100,0.100,1,17.0,102.0,762,804,1,0,1,0,16,416,116,0
11.76,climb_cruise,433.7,433.7,35033.9,874,-0.92,-59.01,339.68,4.10,15.0,125.0,0,0,0.68,-13.90,-3.31,0.013,0.114,0.010,1.000,0.100,0.100,0.100,1,16.9,102.0,762,804,1,0,1,0,16,416,116,0
11.78,climb_cruise,433.7,433.7,35034.1,860,-0.97,-59.29,339.63,4.09,15.0,125.0,0,0,0.69,-13.90,-3.31,0.013,0.114,0.010,1.000,0.100,0.100,0.100,1,16.9,102.0,762,804,1,0,1,0,16,416,115,0
11.80,climb_cruise,433.6,433.6,35034.4,845,-1.02,-59.57,339.59,4.09,15.0,125.0,0,0,0.70,-13.90,-3.32,0.013,0.114,0.010,1.000,0.100,0.100,0.100,1,16.9,102.0,762,804,1,0,1,0,16,416,114,0
11.82,climb_cruise,433.6,433.6,35034.7,830,-1.07,-59.84,339.54,4.09,15.0,125.0,0,0,0.71,-13.90,-3.32,0.013,0.114,0.010,1.000,0.100,0.100,0.100,1,16.8,102.0,762,804,1,0,1,0,16,416,114,0
11.84,climb_cruise,433.6,433.6,35035.0,815,-1.12,-60.12,339.50,4.08,15.0,125.0,0,0,0.72,-13.90,-3.33,0.012,0.114,0.010,1.000,0.100,0.100,0.100,1,16.8,102.0,762,804,1,0,1,0,16,416,115,0
11.86,climb_cruise,433.5,433.5,35035.3,800,-1.17,-60.40,339.45,4.08,15.0,125.0,0,0,0.74,-13.90,-3.33,0.012,0.114,0.010,1.000,0.100,0.100,0.100,1,16.8,102.0,762,804,1,0,1,0,16,416,115,0
11.88,climb_cruise,433.5,433.5,35035.5,784,-1.22,-60.67,339.41,4.08,15.0,125.0,0,0,0.75,-13.91,-3.34,0.012,0.114,0.010,1.000,0.100,0.100,0.100,1,16.7,102.0,762,804,1,0,1,0,16,416,115,0
11.90,climb_cruise,433.5,433.5,35035.8,769,-1.27,-60.95,339.36,4.07,15.0,125.0,0,0,0.76,-13.91,-3.35,0.012,0.114,0.010,1.000,0.100,0.100,0.100,1,16.7,102.0,762,804,1,0,1,0,16,416,115,0
11.92,climb_cruise,433.4,433.4,35036.0,752,-1.32,-61.23,339.31,4.07,15.0,125.0,0,0,0.77,-13.91,-3.35,0.012,0.114,0.010,1.000,0.100,0.100,0.100,1,16.7,102.0,762,804,1,0,1,0,16,416,115,0
11.94,climb_cruise,433.4,433.4,35036.3,736,-1.37,-61.51,339.27,4.07,15.0,125.0,0,0,0.79,-13.91,-3.36,0.012,0.114,0.010,1.000,0.100,0.100,0.100,1,16.6,102.0,762,804,1,0,1,0,16,416,114,0
11.96,climb_cruise,433.4,433.4,35036.5,720,-1.42,-61.78,339.22,4.06,15.0,125.0,0,0,0.80,-13.91,-3.36,0.011,0.114,0.010,1.000,0.100,0.100,0.100,1,16.6,102.0,762,804,1,0,1,0,16,416,115,0
11.98,climb_cruise,433.3,433.3,35036.8,703,-1.48,-62.06,339.18,4.06,15.0,125.0,0,0,0.81,-13.91,-3.37,0.011,0.114,0.010,1.000,0.100,0.100,0.100,1,16.6,102.0,762,804,1,0,1,0,16,416,115,0
12.00,climb_cruise,433.3,433.3,35037.0,686,-1.53,-62.34,339.13,4.06,15.0,125.0,0,0,0.82,-13.91,-3.37,0.011,0.114,0.010,1.000,0.100,0.100,0.100,1,16.5,102.0,762,804,1,0,1,0,16,416,116,0
12.02,climb_cruise,433.3,433.3,35037.2,669,-1.58,-62.61,339.09,4.05,15.0,125.0,0,0,0.84,-13.92,-3.38,0.011,0.114,0.010,1.000,0.100,0.100,0.100,1,16.5,102.0,762,804,1,0,1,0,16,416,114,0
12.04,climb_cruise,433.2,433.2,35037.4,651,-1.63,-62.89,339.04,4.05,15.0,125.0,0,0,0.85,-13.92,-3.38,0.010,0.114,0.010,1.000,0.100,0.100,0.100,1,16.5,102.0,762,804,1,0,1,0,16,416,116,0
12.06,climb_cruise,433.2,433.2,35037.7,633,-1.69,-63.17,338.99,4.05,15.0,125.0,0,0,0.87,-13.92,-3.39,0.010,0.114,0.010,1.000,0.100,0.100,0.100,1,16.4,102.0,762,804,1,0,1,0,16,416,115,0
12.08,climb_cruise,433.2,433.2,35037.9,616,-1.74,-63.44,338.95,4.04,15.0,125.0,0,0,0.88,-13.92,-3.39,0.010,0.114,0.010,1.000,0.100,0.100,0.100,1,16.4,102.0,762,804,1,0,1,0,16,416,116,0
12.10,climb_cruise,433.1,433.1,35038.1,597,-1.79,-63.72,338.90,4.04,15.0,125.0,0,0,0.89,-13.92,-3.40,0.010,0.114,0.010,1.000,0.100,0.100,0.100,1,16.4,102.0,762,804,1,0,1,0,16,416,115,0
12.12,climb_cruise,433.1,433.1,35038.3,579,-1.84,-64.00,338.86,4.04,15.0,125.0,0,0,0.91,-13.92,-3.40,0.009,0.114,0.010,1.000,0.100,0.100,0.100,1,16.3,102.0,762,804,1,0,1,0,16,416,116,0
12.14,climb_cruise,433.1,433.1,35038.5,560,-1.90,-64.28,338.81,4.04,15.0,125.0,0,0,0.92,-13.92,-3.41,0.009,0.114,0.010,1.000,0.100,0.100,0.100,1,16.3,102.0,762,804,1,0,1,0,16,416,115,0
12.16,climb_cruise,433.0,433.0,35038.6,541,-1.95,-64.55,338.76,4.03,15.0,125.0,0,0,0.94,-13.93,-3.41,0.009,0.114,0.010,1.000,0.100,0.100,0.100,1,16.3,102.0,762,804,1,0,1,0,16,416,115,0
12.18,climb_cruise,433.0,433.0,35038.8,522,-2.00,-64.83,338.72,4.03,15.0,125.0,0,0,0.95,-13.93,-3.42,0.008,0.114,0.010,1.000,0.100,0.100,0.100,1,16.2,102.0,762,804,1,0,1,0,16,416,115,0
12.20,climb_cruise,433.0,433.0,35039.0,503,-2.06,-65.11,338.67,4.03,15.0,125.0,0,0,0.97,-13.93,-3.42,0.008,0.114,0.010,1.000,0.100,0.100,0.100,1,16.2,102.0,762,804,1,0,1,0,16,416,114,0
12.22,climb_cruise,433.0,433.0,35039.2,483,-2.11,-65.38,338.62,4.03,15.0,125.0,0,0,0.98,-13.93,-3.43,0.008,0.114,0.010,1.000,0.100,0.100,0.100,1,16.2,102.0,762,804,1,0,1,0,16,416,116,0
12.24,climb_cruise,432.9,432.9,35039.3,463,-2.17,-65.66,338.58,4.03,15.0,125.0,0,0,1.00,-13.93,-3.43,0.007,0.114,0.010,1.000,0.100,0.100,0.100,1,16.1,102.0,762,804,1,0,1,0,16,416,114,0
12.26,climb_cruise,432.9,432.9,35039.5,443,-2.22,-65.94,338.53,4.02,15.0,125.0,0,0,1.02,-13.93,-3.44,0.007,0.114,0.010,1.000,0.100,0.100,0.100,1,16.1,102.0,762,804,1,0,1,0,16,416,115,0
12.28,climb_cruise,432.9,432.9,35039.6,423,-2.28,-66.21,338.48,4.02,15.0,125.0,0,0,1.03,-13.93,-3.44,0.007,0.114,0.010,1.000,0.100,0.100,0.100,1,16.1,102.0,762,804,1,0,1,0,16,416,116,0
12.30,climb_cruise,432.8,432.8,35039.7,403,-2.33,-66.49,338.44,4.02,15.0,125.0,0,0,1.05,-13.94,-3.45,0.006,0.114,0.010,1.000,0.100,0.100,0.100,1,16.0,102.0,762,804,1,0,1,0,16,416,116,0
12.32,climb_cruise,432.8,432.8,35039.9,382,-2.39,-66.77,338.39,4.02,15.0,125.0,0,0,1.07,-13.94,-3.45,0.006,0.114,0.010,1.000,0.100,0.100,0.100,1,16.0,102.0,762,804,1,0,1,0,16,416,114,0
12.34,climb_cruise,432.8,432.8,35040.0,361,-2.44,-67.04,338.34,4.02,15.0,125.0,0,0,1.08,-13.94,-3.46,0.005,0.114,0.010,1.000,0.100,0.100,0.100,1,16.0,102.0,762,804,1,0,1,0,16,416,115,0
12.36,climb_cruise,432.7,432.7,35040.1,339,-2.50,-67.32,338.30,4.02,15.0,125.0,0,0,1.10,-13.94,-3.46,0.005,0.114,0.010,1.000,0.100,0.100,0.100,1,15.9,102.0,762,804,1,0,1,0,16,416,116,0
12.38,climb_cruise,432.7,432.7,35040.2,318,-2.55,-67.60,338.25,4.02,15.0,125.0,0,0,1.12,-13.94,-3.47,0.005,0.114,0.010,1.000,0.100,0.100,0.100,1,15.9,102.0,762,804,1,0,1,0,16,416,116,0
12.40,climb_cruise,432.7,432.7,35040.3,296,-2.61,-67.87,338.20,4.02,15.0,125.0,0,0,1.14,-13.94,-3.47,0.004,0.114,0.010,1.000,0.100,0.100,0.100,1,15.9,102.0,762,804,1,0,1,0,16,416,115,0
12.42,climb_cruise,432.7,432.7,35040.4,274,-2.66,-68.15,338.16,4.01,15.0,125.0,0,0,1.15,-13.94,-3.48,0.004,0.114,0.010,1.000,0.100,0.100,0.100,1,15.8,102.0,762,804,1,0,1,0,16,416,114,0
12.44,climb_cruise,432.6,432.6,35040.5,252,-2.72,-68.43,338.11,4.01,15.0,125.0,0,0,1.17,-13.95,-3.48,0.003,0.114,0.010,1.000,0.100,0.100,0.100,1,15.8,102.0,762,804,1,0,1,0,16,416,116,0
12.46,climb_cruise,432.6,432.6,35040.6,230,-2.78,-68.70,338.06,4.01,15.0,125.0,0,0,1.19,-13.95,-3.48,0.003,0.114,0.010,1.000,0.100,0.100,0.100,1,15.8,102.0,762,804,1,0,1,0,16,416,115,0
12.48,climb_cruise,432.6,432.6,35040.7,207,-2.83,-68.98,338.01,4.01,15.0,125.0,0,0,1.21,-13.95,-3.49,0.002,0.114,0.010,1.000,0.100,0.100,0.100,1,15.8,102.0,762,804,1,0,1,0,16,416,115,0
12.50,climb_cruise,432.5,432.5,35040.7,184,-2.89,-69.26,337.97,4.01,15.0,125.0,0,0,1.23,-13.95,-3.49,0.002,0.114,0.010,1.000,0.100,0.100,0.100,1,15.7,102.0,762,804,1,0,1,0,16,416,116,0
12.52,climb_cruise,432.5,432.5,35040.8,161,-2.94,-69.53,337.92,4.01,15.0,125.0,0,0,1.25,-13.95,-3.50,0.001,0.114,0.010,1.000,0.100,0.100,0.100,1,15.7,102.0,762,804,1,0,1,0,16,416,115,0
12.54,climb_cruise,432.5,432.5,35040.9,137,-3.00,-69.81,337.87,4.01,15.0,125.0,0,0,1.27,-13.95,-3.50,0.000,0.114,0.010,1.000,0.100,0.100,0.100,1,15.7,102.0,762,804,1,0,1,0,16,416,115,0
12.56,climb_cruise,432.5,432.5,35040.9,114,-3.06,-70.09,337.82,4.01,15.0,125.0,0,0,1.29,-13.95,-3.51,-0.000,0.114,0.010,1.000,0.100,0.100,0.100,1,15.6,102.0,762,804,1,0,1,0,16,416,115,0
12.58,climb_cruise,432.4,432.4,35040.9,90,-3.12,-70.36,337.77,4.01,15.0,125.0,0,0,1.31,-13.96,-3.51,-0.001,0.114,0.010,1.000,0.100,0.100,0.100,1,15.6,102.0,762,804,1,0,1,0,16,416,115,0
12.60,climb_cruise,432.4,432.4,35041.0,66,-3.17,-70.64,337.73,4.02,15.0,125.0,0,0,1.33,-13.96,-3.52,-0.001,0.114,0.010,1.000,0.100,0.100,0.100,1,15.6,102.0,762,804,1,0,1,0,16,416,115,0
12.62,climb_cruise,432.4,432.4,35041.0,42,-3.23,-70.92,337.68,4.02,15.0,125.0,0,0,1.35,-13.96,-3.52,-0.002,0.114,0.011,1.000,0.100,0.100,0.100,1,15.5,102.0,762,804,1,0,1,0,16,416,116,0
12.64,climb_cruise,432.4,432.4,35041.0,17,-3.29,-71.19,337.63,4.02,15.0,125.0,0,0,1.37,-13.96,-3.52,-0.003,0.114,0.011,1.000,0.100,0.100,0.100,1,15.5,102.0,762,804,1,0,1,0,16,416,115,0
12.66,climb_cruise,432.3,432.3,35041.0,-8,-3.35,-71.47,337.58,4.02,15.0,125.0,0,0,1.39,-13.96,-3.53,-0.003,0.114,0.011,1.000,0.100,0.100,0.100,1,15.5,102.0,762,804,1,0,1,0,16,416,115,0
12.68,climb_cruise,432.3,432.3,35041.0,-33,-3.41,-71.75,337.53,4.02,15.0,125.0,0,0,1.41,-13.96,-3.53,-0.004,0.114,0.011,1.000,0.100,0.100,0.100,1,15.4,102.0,762,804,1,0,1,0,16,416,115,0
12.70,climb_cruise,432.3,432.3,35041.0,-58,-3.46,-72.02,337.48,4.02,15.0,125.0,0,0,1.43,-13.97,-3.54,-0.005,0.114,0.011,1.000,0.100,0.100,0.100,1,15.4,102.0,762,804,1,0,1,0,16,416,115,0
12.72,climb_cruise,432.3,432.3,35040.9,-84,-3.52,-72.30,337.43,4.02,15.0,125.0,0,0,1.46,-13.97,-3.54,-0.005,0.114,0.011,1.000,0.100,0.100,0.100,1,15.4,102.0,762,804,1,0,1,0,16,416,114,0
12.74,climb_cruise,432.2,432.2,35040.9,-109,-3.58,-72.57,337.38,4.03,15.0,125.0,0,0,1.48,-13.97,-3.54,-0.006,0.114,0.011,1.000,0.100,0.100,0.100,1,15.3,102.0,762,804,1,0,1,0,16,416,115,0
12.76,climb_cruise,432.2,432.2,35040.9,-135,-3.64,-72.85,337.33,4.03,15.0,125.0,0,0,1.50,-13.97,-3.55,-0.007,0.114,0.011,1.000,0.100,0.100,0.100,1,15.3,102.0,762,804,1,0,1,0,16,416,115,0
12.78,climb_cruise,432.2,432.2,35040.8,-162,-3.70,-73.13,337.28,4.03,15.0,125.0,0,0,1.52,-13.97,-3.55,-0.008,0.114,0.011,1.000,0.100,0.100,0.100,1,15.3,102.0,762,804,1,0,1,0,16,416,115,0
12.80,climb_cruise,432.2,432.2,35040.8,-188,-3.76,-73.40,337.23,4.03,15.0,125.0,0,0,1.55,-13.97,-3.56,-0.008,0.114,0.011,1.000,0.100,0.100,0.100,1,15.3,102.0,762,804,1,0,1,0,16,416,116,0
12.82,climb_cruise,432.1,432.1,35040.7,-215,-3.82,-73.68,337.18,4.04,15.0,125.0,0,0,1.57,-13.98,-3.56,-0.009,0.114,0.011,1.000,0.100,0.100,0.100,1,15.2,102.0,762,804,1,0,1,0,16,416,115,0
12.84,climb_cruise,432.1,432.1,35040.6,-242,-3.88,-73.96,337.13,4.04,15.0,125.0,0,0,1.60,-13.98,-3.57,-0.010,0.114,0.011,1.000,0.100,0.100,0.100,1,15.2,102.0,762,804,1,0,1,0,16,416,115,0
12.86,climb_cruise,432.1,432.1,35040.5,-269,-3.94,-74.23,337.08,4.04,15.0,125.0,0,0,1.62,-13.98,-3.57,-0.011,0.114,0.011,1.000,0.100,0.100,0.100,1,15.2,102.0,762,804,1,0,1,0,16,416,115,0
12.88,climb_cruise,432.1,432.1,35040.4,-296,-4.00,-74.51,337.03,4.05,15.0,125.0,0,0,1.64,-13.98,-3.57,-0.011,0.114,0.011,1.000,0.100,0.100,0.100,1,15.1,102.0,762,804,1,0,1,0,16,416,116,0
12.90,climb_cruise,432.0,432.0,35040.3,-324,-4.06,-74.78,336.98,4.05,15.0,125.0,0,0,1.67,-13.98,-3.58,-0.012,0.114,0.011,1.000,0.100,0.100,0.100,1,15.1,102.0,762,804,1,0,1,0,16,416,115,0
12.92,climb_cruise,432.0,432.0,35040.2,-352,-4.12,-75.06,336.93,4.05,15.0,125.0,0,0,1.69,-13.99,-3.58,-0.013,0.114,0.011,1.000,0.100,0.100,0.100,1,15.1,102.0,762,804,1,0,1,0,16,416,115,0
12.94,climb_cruise,432.0,432.0,35040.1,-380,-4.18,-75.34,336.88,4.06,15.0,125.0,0,0,1.72,-13.99,-3.59,-0.014,0.114,0.011,1.000,0.100,0.100,0.100,1,15.0,102.0,762,804,1,0,1,0,16,416,116,0
12.96,climb_cruise,432.0,432.0,35040.0,-408,-4.24,-75.61,336.83,4.06,15.0,125.0,0,0,1.75,-13.99,-3.59,-0.015,0.114,0.011,1.000,0.100,0.100,0.100,1,15.0,102.0,762,804,1,0,1,0,16,416,116,0
12.98,climb_cruise,431.9,431.9,35039.8,-437,-4.30,-75.89,336.77,4.07,15.0,125.0,0,0,1.77,-13.99,-3.59,-0.016,0.114,0.011,1.000,0.100,0.100,0.100,1,15.0,102.0,762,804,1,0,1,0,16,416,115,0
13.00,climb_cruise,431.9,431.9,35039.7,-466,-4.36,-76.16,336.72,4.07,15.0,125.0,0,0,1.80,-13.99,-3.60,-0.017,0.114,0.011,1.000,0.100,0.100,0.100,1,15.0,102.0,762,804,1,0,1,0,16,416,115,0
13.02,climb_cruise,431.9,431.9,35039.5,-495,-4.42,-76.44,336.67,4.08,15.0,125.0,0,0,1.83,-14.00,-3.60,-0.018,0.114,0.011,1.000,0.100,0.100,0.100,1,14.9,102.0,762,804,1,0,1,0,16,416,115,0
13.04,climb_cruise,431.9,431.9,35039.4,-524,-4.48,-76.72,336.62,4.08,15.0,125.0,0,0,1.85,-14.00,-3.61,-0.019,0.114,0.011,1.000,0.100,0.100,0.100,1,14.9,102.0,762,804,1,0,1,0,16,416,114,0
13.06,climb_cruise,431.9,431.9,35039.2,-553,-4.55,-76.99,336.56,4.09,15.0,125.0,0,0,1.88,-14.00,-3.61,-0.020,0.114,0.011,1.000,0.100,0.100,0.100,1,14.9,102.0,762,804,1,0,1,0,16,416,115,0
13.08,climb_cruise,431.8,431.8,35039.0,-583,-4.61,-77.27,336.51,4.10,15.0,125.0,0,0,1.91,-14.00,-3.61,-0.021,0.114,0.011,1.000,0.100,0.100,0.100,1,14.8,102.0,762,804,1,0,1,0,16,416,114,0
13.10,climb_cruise,431.8,431.8,35038.8,-613,-4.67,-77.54,336.46,4.10,15.0,125.0,0,0,1.94,-14.01,-3.62,-0.022,0.114,0.011,1.000,0.100,0.100,0.100,1,14.8,102.0,762,804,1,0,1,0,16,416,114,0
13.12,climb_cruise,431.8,431.8,35038.6,-643,-4.73,-77.82,336.40,4.11,15.0,125.0,0,0,1.97,-14.01,-3.62,-0.023,0.114,0.011,1.000,0.100,0.100,0.100,1,14.8,102.0,762,804,1,0,1,0,16,416,116,0
13.14,climb_cruise,431.8,431.8,35038.4,-674,-4.79,-78.09,336.35,4.12,15.0,125.0,0,0,2.00,-14.01,-3.63,-0.024,0.114,0.011,1.000,0.100,0.100,0.100,1,14.7,102.0,762,804,1,0,1,0,16,416,114,0
13.16,climb_cruise,431.8,431.8,35038.1,-705,-4.86,-78.37,336.30,4.12,15.0,125.0,0,0,2.02,-14.01,-3.63,-0.025,0.114,0.011,1.000,0.100,0.100,0.100,1,14.7,102.0,762,804,1,0,1,0,16,416,114,0
13.18,climb_cruise,431.7,431.7,35037.9,-735,-4.92,-78.65,336.24,4.13,15.0,125.0,0,0,2.05,-14.02,-3.63,-0.026,0.114,0.011,1.000,0.100,0.100,0.100,1,14.7,102.0,762,804,1,0,1,0,16,416,116,0
13.20,climb_cruise,431.7,431.7,35037.7,-767,-4.98,-78.92,336.19,4.14,15.0,125.0,0,0,2.08,-14.02,-3.64,-0.027,0.114,0.011,1.000,0.100,0.100,0.100,1,14.7,102.0,762,804,1,0,1,0,16,416,116,0
13.22,climb_cruise,431.7,431.7,35037.4,-798,-5.05,-79.20,336.13,4.15,15.0,125.0,0,0,2.11,-14.02,-3.64,-0.028,0.114,0.011,1.000,0.100,0.100,0.100,1,14.6,102.0,762,804,1,0,1,0,16,416,115,0
13.24,climb_cruise,431.7,431.7,35037.1,-830,-5.11,-79.47,336.08,4.16,15.0,125.0,0,0,2.15,-14.02,-3.65,-0.029,0.114,0.011,1.000,0.100,0.100,0.100,1,14.6,102.0,762,804,1,0,1,0,16,416,116,0
13.26,climb_cruise,431.7,431.7,35036.8,-862,-5.18,-79.75,336.02,4.16,15.0,125.0,0,0,2.18,-14.03,-3.65,-0.031,0.114,0.011,1.000,0.100,0.100,0.100,1,14.6,102.0,762,804,1,0,1,0,16,416,115,0
13.28,climb_cruise,431.6,431.6,35036.6,-894,-5.24,-80.02,335.96,4.17,15.0,125.0,0,0,2.21,-14.03,-3.65,-0.032,0.114,0.011,1.000,0.100,0.100,0.100,1,14.5,102.0,762,804,1,0,1,0,16,416,114,0
13.30,climb_cruise,431.6,431.6,35036.2,-926,-5.30,-80.30,335.91,4.18,15.0,125.0,0,0,2.24,-14.03,-3.66,-0.033,0.114,0.011,1.000,0.100,0.100,0.100,1,14.5,102.0,762,804,1,0,1,0,16,416,114,0
13.32,climb_cruise,431.6,431.6,35035.9,-959,-5.37,-80.57,335.85,4.19,15.0,125.0,0,0,2.27,-14.03,-3.66,-0.034,0.114,0.011,1.000,0.100,0.100,0.100,1,14.5,102.0,762,804,1,0,1,0,16,416,114,0
13.34,climb_cruise,431.6,431.6,35035.6,-991,-5.43,-80.85,335.79,4.20,15.0,125.0,0,0,2.31,-14.04,-3.67,-0.035,0.114,0.011,1.000,0.100,0.100,0.100,1,14.5,102.0,762,804,1,0,1,0,16,416,116,0
13.36,climb_cruise,431.6,431.6,35035.3,-1025,-5.50,-81.12,335.73,4.21,15.0,125.0,0,0,2.34,-14.04,-3.67,-0.037,0.114,0.011,1.000,0.100,0.100,0.100,1,14.4,102.0,762,804,1,0,1,0,16,416,116,0
13.38,climb_cruise,431.5,431.5,35034.9,-1058,-5.56,-81.40,335.68,4.22,15.0,125.0,0,0,2.37,-14.04,-3.68,-0.038,0.114,0.011,1.000,0.100,0.100,0.100,1,14.4,102.0,762,804,1,0,1,0,16,416,115,0
13.40,climb_cruise,431.5,431.5,35034.6,-1091,-5.63,-81.68,335.62,4.24,15.0,125.0,0,0,2.41,-14.05,-3.68,-0.039,0.114,0.011,1.000,0.100,0.100,0.100,1,14.4,102.0,762,804,1,0,1,0,16,416,115,0
13.42,climb_cruise,431.5,431.5,35034.2,-1125,-5.70,-81.95,335.56,4.25,15.0,125.0,0,0,2.44,-14.05,-3.68,-0.041,0.114,0.011,1.000,0.100,0.100,0.100,1,14.3,102.0,762,804,1,0,1,0,16,416,114,0
13.44,climb_cruise,431.5,431.5,35033.8,-1159,-5.76,-82.23,335.50,4.26,15.0,125.0,0,0,2.48,-14.05,-3.69,-0.042,0.114,0.011,1.000,0.100,0.100,0.100,1,14.3,102.0,762,804,1,0,1,0,16,416,114,0
13.46,climb_cruise,431.5,431.5,35033.4,-1193,-5.83,-82.50,335.44,4.27,15.0,125.0,0,0,2.51,-14.06,-3.69,-0.043,0.114,0.011,1.000,0.100,0.100,0.100,1,14.3,102.0,762,804,1,0,1,0,16,416,114,0
13.48,climb_cruise,431.5,431.5,35033.0,-1228,-5.90,-82.78,335.38,4.28,15.0,125.0,0,0,2.55,-14.06,-3.70,-0.045,0.114,0.011,1.000,0.100,0.100,0.100,1,14.3,102.0,762,804,1,0,1,0,16,416,115,0
13.50,climb_cruise,431.4,431.4,35032.6,-1263,-5.96,-83.05,335.32,4.30,15.0,125.0,0,0,2.58,-14.06,-3.70,-0.046,0.114,0.011,1.000,0.100,0.100,0.100,1,14.2,102.0,762,804,1,0,1,0,16,416,115,0
13.52,climb_cruise,431.4,431.4,35032.2,-1298,-6.03,-83.33,335.26,4.31,15.0,125.0,0,0,2.62,-14.07,-3.70,-0.048,0.114,0.011,1.000,0.100,0.100,0.100,1,14.2,102.0,762,804,1,0,1,0,16,416,115,0
13.54,climb_cruise,431.4,431.4,35031.8,-1333,-6.10,-83.60,335.20,4.33,15.0,125.0,0,0,2.66,-14.07,-3.71,-0.049,0.114,0.011,1.000,0.100,0.100,0.100,1,14.2,102.0,762,804,1,0,1,0,16,416,115,0
13.56,climb_cruise,431.4,431.4,35031.3,-1368,-6.17,-83.88,335.14,4.34,15.0,125.0,0,0,2.69,-14.07,-3.71,-0.051,0.114,0.011,1.000,0.100,0.100,0.100,1,14.1,102.0,762,804,1,0,1,0,16,416,116,0
13.58,climb_cruise,431.4,431.4,35030.8,-1404,-6.23,-84.15,335.07,4.35,15.0,125.0,0,0,2.73,-14.08,-3.72,-0.052,0.114,0.011,1.000,0.100,0.100,0.100,1,14.1,102.0,762,804,1,0,1,0,16,416,116,0
13.60,climb_cruise,431.4,431.4,35030.4,-1440,-6.30,-84.43,335.01,4.37,15.0,125.0,0,0,2.77,-14.08,-3.72,-0.054,0.114,0.011,1.000,0.100,0.100,0.100,1,14.1,102.0,762,804,1,0,1,0,16,416,115,0
13.62,climb_cruise,431.4,431.4,35029.9,-1476,-6.37,-84.70,334.95,4.39,15.0,125.0,0,0,2.81,-14.09,-3.73,-0.055,0.114,0.011,1.000,0.100,0.100,0.100,1,14.1,102.0,762,804,1,0,1,0,16,416,114,0
13.64,climb_cruise,431.3,431.3,35029.4,-1513,-6.44,-84.97,334.89,4.40,15.0,125.0,0,0,2.85,-14.09,-3.73,-0.057,0.114,0.011,1.000,0.100,0.100,0.100,1,14.0,102.0,762,804,1,0,1,0,16,416,116,0
13.66,climb_cruise,431.3,431.3,35028.9,-1549,-6.51,-85.25,334.82,4.42,15.0,125.0,0,0,2.89,-14.09,-3.74,-0.058,0.114,0.011,1.000,0.100,0.100,0.100,1,14.0,102.0,762,804,1,0,1,0,16,416,115,0
13.68,climb_cruise,431.3,431.3,35028.4,-1586,-6.58,-85.52,334.76,4.43,15.0,125.0,0,0,2.93,-14.10,-3.74,-0.060,0.114,0.011,1.000,0.100,0.100,0.100,1,14.0,102.0,762,804,1,0,1,0,16,416,115,0
13.70,climb_cruise,431.3,431.3,35027.8,-1624,-6.65,-85.80,334.69,4.45,15.0,125.0,0,0,2.97,-14.10,-3.75,-0.062,0.114,0.011,1.000,0.100,0.100,0.100,1,13.9,102.0,762,804,1,0,1,0,16,416,116,0
13.72,climb_cruise,431.3,431.3,35027.3,-1661,-6.72,-86.07,334.63,4.47,15.0,125.0,0,0,3.01,-14.11,-3.75,-0.063,0.114,0.011,1.000,0.100,0.100,0.100,1,13.9,102.0,762,804,1,0,1,0,16,416,114,0
13.74,climb_cruise,431.3,431.3,35026.7,-1699,-6.79,-86.35,334.56,4.49,15.0,125.0,0,0,3.05,-14.11,-3.75,-0.065,0.114,0.011,1.000,0.100,0.100,0.100,1,13.9,102.0,762,804,1,0,1,0,16,416,114,0
13.76,climb_cruise,431.3,431.3,35026.1,-1737,-6.86,-86.62,334.50,4.51,15.0,125.0,0,0,3.09,-14.12,-3.76,-0.067,0.114,0.011,1.000,0.100,0.100,0.100,1,13.9,102.0,762,804,1,0,1,0,16,416,115,0
13.78,climb_cruise,431.2,431.2,35025.6,-1775,-6.93,-86.90,334.43,4.53,15.0,125.0,0,0,3.14,-14.12,-3.76,-0.068,0.114,0.011,1.000,0.100,0.100,0.100,1,13.8,102.0,762,804,1,0,1,0,16,416,114,0
13.80,climb_cruise,431.2,431.2,35025.0,-1813,-7.01,-87.17,334.36,4.54,15.0,125.0,0,0,3.18,-14.13,-3.77,-0.070,0.114,0.011,1.000,0.100,0.100,0.100,1,13.8,102.0,762,804,1,0,1,0,16,416,115,0
13.82,climb_cruise,431.2,431.2,35024.4,-1852,-7.08,-87.44,334.29,4.56,15.0,125.0,0,0,3.22,-14.13,-3.77,-0.072,0.114,0.011,1.000,0.100,0.100,0.100,1,13.8,102.0,762,804,1,0,1,0,16,416,115,0
13.84,climb_cruise,431.2,431.2,35023.7,-1891,-7.15,-87.72,334.22,4.59,15.0,125.0,0,0,3.27,-14.14,-3.78,-0.074,0.114,0.011,1.000,0.100,0.100,0.100,1,13.8,102.0,762,804,1,0,1,0,16,416,115,0
13.86,climb_cruise,431.2,431.2,35023.1,-1930,-7.22,-87.99,334.16,4.61,15.0,125.0,0,0,3.31,-14.14,-3.78,-0.076,0.114,0.011,1.000,0.100,0.100,0.100,1,13.7,102.0,762,804,1,0,1,0,16,416,115,0
13.88,climb_cruise,431.2,431.2,35022.5,-1969,-7.30,-88.27,334.09,4.63,15.0,125.0,0,0,3.36,-14.15,-3.79,-0.077,0.114,0.011,1.000,0.100,0.100,0.100,1,13.7,102.0,762,804,1,0,1,0,16,416,115,0
13.90,climb_cruise,431.2,431.2,35021.8,-2009,-7.37,-88.54,334.02,4.65,15.0,125.0,0,0,3.40,-14.15,-3.79,-0.079,0.114,0.011,1.000,0.100,0.100,0.100,1,13.7,102.0,762,804,1,0,1,0,16,416,116,0
13.92,climb_cruise,431.2,431.2,35021.1,-2049,-7.45,-88.81,333.94,4.67,15.0,125.0,0,0,3.43,-14.16,-3.80,-0.079,0.114,0.011,1.000,0.100,0.100,0.100,1,13.6,102.0,762,804,1,0,1,0,16,416,116,0
13.94,climb_cruise,431.2,431.2,35020.4,-2089,-7.52,-89.09,333.87,4.69,15.0,125.0,0,0,3.44,-14.16,-3.80,-0.079,0.114,0.011,1.000,0.100,0.100,0.100,1,13.6,102.0,762,804,1,0,1,0,16,416,115,0
13.96,climb_cruise,431.1,431.1,35019.7,-2130,-7.60,-89.36,333.80,4.72,15.0,125.0,0,0,3.45,-14.17,-3.81,-0.079,0.114,0.011,1.000,0.100,0.100,0.100,1,13.6,102.0,762,804,1,0,1,0,16,416,115,0
13.98,climb_cruise,431.1,431.1,35019.0,-2171,-7.67,-89.64,333.73,4.74,15.0,125.0,0,0,3.46,-14.17,-3.82,-0.079,0.114,0.011,1.000,0.100,0.100,0.100,1,13.6,102.0,762,804,1,0,1,0,16,416,115,0
14.00,climb_cruise,431.1,431.1,35018.3,-2211,-7.75,-89.91,333.66,4.76,15.0,125.0,0,0,3.45,-14.18,-3.82,-0.079,0.114,0.011,1.000,0.100,0.100,0.100,1,13.5,102.0,762,804,1,0,1,0,16,416,115,0
14.02,climb_cruise,431.1,431.1,35017.5,-2253,-7.82,-90.19,333.59,4.78,15.0,125.0,0,0,3.45,-14.19,-3.83,-0.079,0.114,0.011,1.000,0.100,0.100,0.100,1,13.5,102.0,762,804,1,0,1,0,16,416,116,0
14.04,climb_cruise,431.1,431.1,35016.8,-2294,-7.90,-90.46,333.52,4.80,15.0,125.0,0,0,3.44,-14.19,-3.83,-0.079,0.114,0.011,1.000,0.100,0.100,0.100,1,13.5,102.0,762,804,1,0,1,0,16,416,115,0
14.06,climb_cruise,431.1,431.1,35016.0,-2336,-7.98,-90.73,333.46,4.82,15.0,125.0,0,0,3.43,-14.20,-3.84,-0.079,0.114,0.011,1.000,0.100,0.100,0.100,1,13.5,102.0,762,804,1,0,1,0,16,416,115,0
14.08,climb_cruise,431.1,431.1,35015.2,-2378,-8.06,-91.01,333.39,4.84,15.0,125.0,0,0,3.42,-14.20,-3.84,-0.079,0.114,0.011,1.000,0.100,0.100,0.100,1,13.4,102.0,762,804,1,0,1,0,16,416,114,0
14.10,climb_cruise,431.1,431.1,35014.4,-2420,-8.13,-91.28,333.32,4.86,15.0,125.0,0,0,3.41,-14.21,-3.85,-0.079,0.114,0.011,1.000,0.100,0.100,0.100,1,13.4,102.0,762,804,1,0,1,0,16,416,115,0
14.12,climb_cruise,431.1,431.1,35013.6,-2463,-8.21,-91.56,333.25,4.88,15.0,125.0,0,0,3.40,-14.21,-3.86,-0.079,0.114,0.011,1.000,0.100,0.100,0.100,1,13.4,102.0,762,804,1,0,1,0,16,416,116,0
14.14,climb_cruise,431.1,431.1,35012.8,-2506,-8.29,-91.83,333.19,4.90,15.0,125.0,0,0,3.40,-14.22,-3.86,-0.079,0.114,0.012,1.000,0.100,0.100,0.100,1,13.3,102.0,762,804,1,0,1,0,16,416,114,0
14.16,climb_cruise,431.1,431.1,35011.9,-2549,-8.37,-92.11,333.12,4.92,15.0,125.0,0,0,3.40,-14.22,-3.87,-0.079,0.114,0.012,1.000,0.100,0.100,0.100,1,13.3,102.0,762,804,1,0,1,0,16,416,115,0
14.18,climb_cruise,431.0,431.0,35011.1,-2592,-8.45,-92.38,333.05,4.93,15.0,125.0,0,0,3.40,-14.23,-3.87,-0.079,0.114,0.012,1.000,0.100,0.100,0.100,1,13.3,102.0,762,804,1,0,1,0,16,416,115,0
14.20,climb_cruise,431.0,431.0,35010.2,-2636,-8.53,-92.66,332.99,4.95,15.0,125.0,0,0,3.41,-14.23,-3.88,-0.079,0.114,0.012,1.000,0.100,0.100,0.100,1,13.3,102.0,762,804,1,0,1,0,16,416,115,0
14.22,climb_cruise,431.0,431.0,35009.3,-2680,-8.61,-92.93,332.92,4.97,15.0,125.0,0,0,3.42,-14.24,-3.88,-0.079,0.114,0.012,1.000,0.100,0.100,0.100,1,13.2,102.0,762,804,1,0,1,0,16,416,115,0
14.24,climb_cruise,431.0,431.0,35008.4,-2724,-8.69,-93.21,332.86,4.98,15.0,125.0,0,0,3.43,-14.24,-3.89,-0.079,0.114,0.012,1.000,0.100,0.100,0.100,1,13.2,102.0,762,804,1,0,1,0,16,416,115,0
14.26,climb_cruise,431.0,431.0,35007.5,-2769,-8.78,-93.48,332.79,5.00,15.0,125.0,0,0,3.45,-14.25,-3.89,-0.079,0.114,0.012,1.000,0.100,0.100,0.100,1,13.2,102.0,762,804,1,0,1,0,16,416,116,0
14.28,climb_cruise,431.0,431.0,35006.6,-2813,-8.86,-93.76,332.73,5.02,15.0,125.0,0,0,3.47,-14.25,-3.90,-0.079,0.114,0.012,1.000,0.100,0.100,0.100,1,13.2,102.0,762,804,1,0,1,0,16,416,115,0
14.30,climb_cruise,431.0,431.0,35005.7,-2858,-8.94,-94.03,332.66,5.03,15.0,125.0,0,0,3.48,-14.26,-3.90,-0.079,0.114,0.012,1.000,0.100,0.100,0.100,1,13.1,102.0,762,804,1,0,1,0,16,416,115,0
14.32,climb_cruise,431.0,431.0,35004.7,-2904,-9.02,-94.31,332.60,5.05,15.0,125.0,0,0,3.51,-14.26,-3.90,-0.079,0.114,0.012,1.000,0.100,0.100,0.100,1,13.1,102.0,762,804,1,0,1,0,16,416,115,0
14.34,climb_cruise,431.0,431.0,35003.7,-2949,-9.11,-94.58,332.53,5.07,15.0,125.0,0,0,3.53,-14.27,-3.91,-0.079,0.114,0.012,1.000,0.100,0.100,0.100,1,13.1,102.0,762,804,1,0,1,0,16,416,114,0
14.36,climb_cruise,431.0,431.0,35002.7,-2995,-9.19,-94.86,332.47,5.08,15.0,125.0,0,0,3.55,-14.27,-3.91,-0.079,0.114,0.012,1.000,0.100,0.100,0.100,1,13.1,102.0,762,804,1,0,1,0,16,416,116,0
14.38,climb_cruise,431.0,431.0,35001.7,-3041,-9.27,-95.13,332.40,5.10,15.0,125.0,0,0,3.57,-14.28,-3.92,-0.079,0.114,0.012,1.000,0.100,0.100,0.100,1,13.0,102.0,762,804,1,0,1,0,16,416,116,0
14.40,climb_cruise,431.0,431.0,35000.7,-3088,-9.36,-95.41,332.34,5.12,15.0,125.0,0,0,3.60,-14.28,-3.92,-0.079,0.114,0.012,1.000,0.100,0.100,0.100,1,13.0,102.0,762,804,1,0,1,0,16,416,116,0
14.42,climb_cruise,431.0,431.0,34999.7,-3134,-9.44,-95.68,332.27,5.13,15.0,125.0,0,0,3.62,-14.29,-3.92,-0.079,0.114,0.012,1.000,0.100,0.100,0.100,1,13.0,102.0,762,804,1,0,1,0,16,416,116,0
14.44,climb_cruise,431.0,431.0,34998.6,-3181,-9.53,-95.96,332.21,5.15,15.0,125.0,0,0,3.64,-14.29,-3.93,-0.079,0.114,0.012,1.000,0.100,0.100,0.100,1,12.9,102.0,762,804,1,0,1,0,16,416,115,0
14.46,climb_cruise,431.0,431.0,34997.6,-3228,-9.62,-96.23,332.14,5.17,15.0,125.0,0,0,3.67,-14.30,-3.93,-0.079,0.114,0.012,1.000,0.100,0.100,0.100,1,12.9,102.0,762,804,1,0,1,0,16,416,115,0
14.48,climb_cruise,431.0,431.0,34996.5,-3276,-9.70,-96.51,332.08,5.18,15.0,125.0,0,0,3.69,-14.30,-3.93,-0.079,0.114,0.012,1.000,0.100,0.100,0.100,1,12.9,102.0,762,804,1,0,1,0,16,416,115,0
14.50,climb_cruise,431.0,431.0,34995.4,-3324,-9.79,-96.78,332.01,5.20,15.0,125.0,0,0,3.71,-14.30,-3.93,-0.079,0.114,0.012,1.000,0.100,0.100,0.100,1,12.9,102.0,762,804,1,0,1,0,16,416,115,0
14.52,climb_cruise,431.0,431.0,34994.3,-3372,-9.88,-97.06,331.95,5.22,15.0,125.0,0,0,3.73,-14.31,-3.94,-0.079,0.114,0.012,1.000,0.100,0.100,0.100,1,12.8,102.0,762,804,1,0,1,0,16,416,115,0
14.54,climb_cruise,431.0,431.0,34993.1,-3420,-9.96,-97.33,331.88,5.24,15.0,125.0,0,0,3.75,-14.31,-3.94,-0.079,0.114,0.012,1.000,0.100,0.100,0.100,1,12.8,102.0,762,804,1,0,1,0,16,416,116,0
14.56,climb_cruise,431.0,431.0,34992.0,-3469,-10.05,-97.61,331.82,5.25,15.0,125.0,0,0,3.77,-14.32,-3.94,-0.079,0.114,0.012,1.000,0.100,0.100,0.100,1,12.8,102.0,762,804,1,0,1,0,16,416,116,0
14.58,climb_cruise,431.0,431.0,34990.8,-3518,-10.14,-97.88,331.75,5.27,15.0,125.0,0,0,3.79,-14.32,-3.95,-0.079,0.114,0.012,1.000,0.100,0.100,0.100,1,12.8,102.0,762,804,1,0,1,0,16,416,115,0
14.60,climb_cruise,431.0,431.0,34989.6,-3567,-10.23,-98.16,331.69,5.29,15.0,125.0,0,0,3.81,-14.33,-3.95,-0.079,0.114,0.012,1.000,0.100,0.100,0.100,1,12.7,102.0,762,804,1,0,1,0,16,416,115,0
14.62,climb_cruise,431.0,431.0,34988.4,-3616,-10.32,-98.43,331.62,5.30,15.0,125.0,0,0,3.83,-14.33,-3.95,-0.079,0.114,0.012,1.000,0.100,0.100,0.100,1,12.7,102.0,762,804,1,0,1,0,16,416,115,0
14.64,climb_cruise,431.0,431.0,34987.2,-3666,-10.41,-98.71,331.56,5.32,15.0,125.0,0,0,3.85,-14.33,-3.95,-0.079,0.114,0.012,1.000,0.100,0.100,0.100,1,12.7,102.0,762,804,1,0,1,0,16,416,116,0
14.66,climb_cruise,431.0,431.0,34986.0,-3716,-10.50,-98.98,331.49,5.34,15.0,125.0,0,0,3.87,-14.34,-3.95,-0.079,0.114,0.012,1.000,0.100,0.100,0.100,1,12.7,102.0,762,804,1,0,1,0,16,416,115,0
14.68,climb_cruise,431.0,431.0,34984.8,-3767,-10.59,-99.26,331.43,5.36,15.0,125.0,0,0,3.89,-14.34,-3.96,-0.079,0.114,0.012,1.000,0.100,0.100,0.100,1,12.6,102.0,762,804,1,0,1,0,16,416,115,0
14.70,climb_cruise,431.0,431.0,34983.5,-3817,-10.68,-99.53,331.36,5.37,15.0,125.0,0,0,3.91,-14.35,-3.96,-0.079,0.114,0.012,1.000,0.100,0.100,0.100,1,12.6,102.0,762,804,1,0,1,0,16,416,115,0
14.72,climb_cruise,431.0,431.0,34982.2,-3868,-10.77,-99.81,331.30,5.39,15.0,125.0,0,0,3.92,-14.35,-3.96,-0.079,0.114,0.012,1.000,0.100,0.100,0.100,1,12.6,102.0,762,804,1,0,1,0,16,416,116,0
14.74,climb_cruise,431.0,431.0,34980.9,-3919,-10.86,-100.08,331.23,5.41,15.0,125.0,0,0,3.94,-14.36,-3.96,-0.079,0.114,0.012,1.000,0.100,0.100,0.100,1,12.6,102.0,762,804,1,0,1,0,16,416,115,0
14.76,climb_cruise,431.0,431.0,34979.6,-3971,-10.95,-100.36,331.17,5.43,15.0,125.0,0,0,3.96,-14.36,-3.96,-0.079,0.114,0.012,1.000,0.100,0.100,0.100,1,12.5,102.0,762,804,1,0,1,0,16,416,114,0
14.78,climb_cruise,431.0,431.0,34978.3,-4023,-11.05,-100.63,331.10,5.44,15.0,125.0,0,0,3.98,-14.36,-3.97,-0.079,0.114,0.012,1.000,0.100,0.100,0.100,1,12.5,102.0,762,804,1,0,1,0,16,416,114,0
14.80,climb_cruise,431.0,431.0,34976.9,-4075,-11.14,-100.91,331.04,5.46,15.0,125.0,0,0,3.99,-14.37,-3.97,-0.079,0.114,0.012,1.000,0.100,0.100,0.100,1,12.5,102.0,762,804,1,0,1,0,16,416,114,0
14.82,climb_cruise,431.0,431.0,34975.6,-4127,-11.23,-101.18,330.97,5.48,15.0,125.0,0,0,4.01,-14.37,-3.97,-0.079,0.114,0.012,1.000,0.100,0.100,0.100,1,12.5,102.0,762,804,1,0,1,0,16,416,114,0
14.84,climb_cruise,431.0,431.0,34974.2,-4180,-11.33,-101.46,330.91,5.50,15.0,125.0,0,0,4.03,-14.38,-3.97,-0.079,0.114,0.012,1.000,0.100,0.100,0.100,1,12.4,102.0,762,804,1,0,1,0,16,416,115,0
14.86,climb_cruise,431.0,431.0,34972.8,-4233,-11.42,-101.73,330.84,5.51,15.0,125.0,0,0,4.05,-14.38,-3.97,-0.079,0.114,0.012,1.000,0.100,0.100,0.100,1,12.4,102.0,762,804,1,0,1,0,16,416,114,0
14.88,climb_cruise,431.0,431.0,34971.4,-4286,-11.51,-102.01,330.78,5.53,15.0,125.0,0,0,4.07,-14.38,-3.98,-0.079,0.114,0.012,1.000,0.100,0.100,0.100,1,12.4,102.0,762,804,1,0,1,0,16,416,115,0
14.90,climb_cruise,431.0,431.0,34969.9,-4339,-11.61,-102.28,330.71,5.55,15.0,125.0,0,0,4.08,-14.39,-3.98,-0.079,0.114,0.012,1.000,0.100,0.100,0.100,1,12.4,102.0,762,804,1,0,1,0,16,416,115,0
14.92,climb_cruise,431.0,431.0,34968.5,-4393,-11.70,-102.55,330.65,5.56,15.0,125.0,0,0,4.10,-14.39,-3.98,-0.079,0.114,0.012,1.000,0.100,0.100,0.100,1,12.3,102.0,762,804,1,0,1,0,16,416,115,0
14.94,climb_cruise,431.0,431.0,34967.0,-4447,-11.80,-102.83,330.59,5.58,15.0,125.0,0,0,4.12,-14.39,-3.98,-0.079,0.114,0.012,1.000,0.100,0.100,0.100,1,12.3,102.0,762,804,1,0,1,0,16,416,115,0
14.96,climb_cruise,431.0,431.0,34965.5,-4502,-11.90,-103.10,330.52,5.60,15.0,125.0,0,0,4.14,-14.40,-3.98,-0.079,0.114,0.012,1.000,0.100,0.100,0.100,1,12.3,102.0,762,804,1,0,1,0,16,416,114,0
14.98,climb_cruise,431.0,431.0,34964.0,-4557,-11.99,-103.38,330.46,5.62,15.0,125.0,0,0,4.16,-14.40,-3.98,-0.079,0.114,0.012,1.000,0.100,0.100,0.100,1,12.3,102.0,762,804,1,0,1,0,16,416,114,0
15.00,climb_cruise,431.0,431.0,34962.5,-4612,-12.09,-103.65,330.39,5.63,15.0,125.0,0,0,4.17,-14.41,-3.98,-0.079,0.114,0.012,1.000,0.100,0.100,0.100,1,12.2,102.0,762,804,1,0,1,0,16,416,115,0
15.02,climb_cruise,431.1,431.1,34960.9,-4667,-12.19,-103.93,330.33,5.65,15.0,125.0,0,0,4.19,-14.41,-3.99,-0.079,0.114,0.012,1.000,0.100,0.100,0.100,1,12.2,102.0,762,804,1,0,1,0,16,416,114,0
15.04,climb_cruise,431.1,431.1,34959.4,-4722,-12.28,-104.20,330.27,5.67,15.0,125.0,0,0,4.21,-14.41,-3.99,-0.079,0.114,0.012,1.000,0.100,0.100,0.100,1,12.2,102.0,762,804,1,0,1,0,16,416,115,0
15.06,climb_cruise,431.1,431.1,34957.8,-4778,-12.38,-104.48,330.20,5.69,15.0,125.0,0,0,4.23,-14.42,-3.99,-0.079,0.114,0.012,1.000,0.100,0.100,0.100,1,12.2,102.0,762,804,1,0,1,0,16,416,115,0
15.08,climb_cruise,431.1,431.1,34956.2,-4834,-12.48,-104.75,330.14,5.70,15.0,125.0,0,0,4.25,-14.42,-3.99,-0.079,0.114,0.012,1.000,0.100,0.100,0.100,1,12.1,102.0,762,804,1,0,1,0,16,416,115,0
15.10,climb_cruise,431.1,431.1,34954.6,-4891,-12.58,-105.03,330.08,5.72,15.0,125.0,0,0,4.27,-14.42,-3.99,-0.079,0.114,0.012,1.000,0.100,0.100,0.100,1,12.1,102.0,762,804,1,0,1,0,16,416,115,0
15.12,climb_cruise,431.1,431.1,34952.9,-4948,-12.68,-105.30,330.01,5.74,15.0,125.0,0,0,4.29,-14.43,-3.99,-0.079,0.114,0.012,1.000,0.100,0.100,0.100,1,12.1,102.0,762,804,1,0,1,0,16,416,114,0
15.14,climb_cruise,431.1,431.1,34951.3,-5005,-12.78,-105.58,329.95,5.75,15.0,125.0,0,0,4.30,-14.43,-3.99,-0.079,0.114,0.012,1.000,0.100,0.100,0.100,1,12.1,102.0,762,804,1,0,1,0,16,416,115,0
15.16,climb_cruise,431.1,431.1,34949.6,-5062,-12.88,-105.85,329.89,5.77,15.0,125.0,0,0,4.32,-14.43,-3.99,-0.079,0.114,0.012,1.000,0.100,0.100,0.100,1,12.0,102.0,762,804,1,0,1,0,16,416,115,0
15.18,climb_cruise,431.1,431.1,34947.9,-5120,-12.98,-106.13,329.82,5.79,15.0,125.0,0,0,4.34,-14.44,-3.99,-0.079,0.114,0.012,1.000,0.100,0.100,0.100,1,12.0,102.0,762,804,1,0,1,0,16,416,116,0
15.20,climb_cruise,431.1,431.1,34946.2,-5178,-13.08,-106.40,329.76,5.81,15.0,125.0,0,0,4.36,-14.44,-3.99,-0.079,0.114,0.012,1.000,0.100,0.100,0.100,1,12.0,102.0,762,804,1,0,1,0,16,416,115,0
15.22,climb_cruise,431.1,431.1,34944.5,-5236,-13.18,-106.68,329.70,5.82,15.0,125.0,0,0,4.38,-14.44,-3.99,-0.079,0.114,0.012,1.000,0.100,0.100,0.100,1,12.0,102.0,762,804,1,0,1,0,16,416,115,0
15.24,climb_cruise,431.2,431.2,34942.7,-5295,-13.28,-106.95,329.64,5.84,15.0,125.0,0,0,4.40,-14.45,-4.00,-0.079,0.114,0.012,1.000,0.100,0.100,0.100,1,12.0,102.0,762,804,1,0,1,0,16,416,116,0
15.26,climb_cruise,431.2,431.2,34940.9,-5354,-13.39,-107.22,329.57,5.86,15.0,125.0,0,0,4.42,-14.45,-4.00,-0.079,0.114,0.012,1.000,0.100,0.100,0.100,1,11.9,102.0,762,804,1,0,1,0,16,416,115,0
15.28,climb_cruise,431.2,431.2,34939.1,-5413,-13.49,-107.50,329.51,5.88,15.0,125.0,0,0,4.43,-14.45,-4.00,-0.079,0.114,0.012,1.000,0.100,0.100,0.100,1,11.9,102.0,762,804,1,0,1,0,16,416,116,0
15.30,climb_cruise,431.2,431.2,34937.3,-5472,-13.59,-107.77,329.45,5.89,15.0,125.0,0,0,4.45,-14.46,-4.00,-0.079,0.114,0.012,1.000,0.100,0.100,0.100,1,11.9,102.0,762,804,1,0,1,0,16,416,115,0
15.32,climb_cruise,431.2,431.2,34935.5,-5532,-13.70,-108.05,329.39,5.91,15.0,125.0,0,0,4.47,-14.46,-4.00,-0.079,0.114,0.012,1.000,0.100,0.100,0.100,1,11.9,102.0,762,804,1,0,1,0,16,416,115,0
15.34,climb_cruise,431.2,431.2,34933.6,-5592,-13.80,-108.32,329.32,5.93,15.0,125.0,0,0,4.49,-14.46,-4.00,-0.079,0.114,0.012,1.000,0.100,0.100,0.100,1,11.8,102.0,762,804,1,0,1,0,16,416,116,0
15.36,climb_cruise,431.2,431.2,34931.8,-5652,-13.90,-108.60,329.26,5.94,15.0,125.0,0,0,4.51,-14.47,-4.00,-0.079,0.114,0.012,1.000,0.100,0.100,0.100,1,11.8,102.0,762,804,1,0,1,0,16,416,115,0
15.38,climb_cruise,431.3,431.3,34929.9,-5713,-14.01,-108.87,329.20,5.96,15.0,125.0,0,0,4.52,-14.47,-4.00,-0.079,0.114,0.012,1.000,0.100,0.100,0.100,1,11.8,102.0,762,804,1,0,1,0,16,416,114,0
15.40,climb_cruise,431.3,431.3,34928.0,-5774,-14.11,-109.15,329.14,5.98,15.0,125.0,0,0,4.54,-14.47,-4.00,-0.079,0.114,0.012,1.000,0.100,0.100,0.100,1,11.8,102.0,762,804,1,0,1,0,16,416,116,0
15.42,climb_cruise,431.3,431.3,34926.0,-5835,-14.22,-109.42,329.08,6.00,15.0,125.0,0,0,4.56,-14.48,-4.00,-0.079,0.114,0.012,1.000,0.100,0.100,0.100,1,11.7,102.0,762,804,1,0,1,0,16,416,115,0
15.44,climb_cruise,431.3,431.3,34924.1,-5897,-14.33,-109.70,329.02,6.01,15.0,125.0,0,0,4.58,-14.48,-4.00,-0.079,0.114,0.012,1.000,0.100,0.100,0.100,1,11.7,102.0,762,804,1,0,1,0,16,416,114,0
15.46,climb_cruise,431.3,431.3,34922.1,-5959,-14.43,-109.97,328.96,6.03,15.0,125.0,0,0,4.60,-14.48,-4.00,-0.079,0.114,0.012,1.000,0.100,0.100,0.100,1,11.7,102.0,762,804,1,0,1,0,16,416,115,0
15.48,climb_cruise,431.3,431.3,34920.1,-6021,-14.54,-110.24,328.89,6.05,15.0,125.0,0,0,4.61,-14.49,-4.00,-0.079,0.114,0.012,1.000,0.100,0.100,0.100,1,11.7,102.0,762,804,1,0,1,0,16,416,114,0
15.50,climb_cruise,431.4,431.4,34918.1,-6083,-14.65,-110.52,328.83,6.07,15.0,125.0,0,0,4.63,-14.49,-4.00,-0.079,0.114,0.012,1.000,0.100,0.100,0.100,1,11.6,102.0,762,804,1,0,1,0,16,416,115,0
15.52,climb_cruise,431.4,431.4,34916.1,-6146,-14.75,-110.79,328.77,6.08,15.0,125.0,0,0,4.65,-14.49,-4.00,-0.079,0.114,0.012,1.000,0.100,0.100,0.100,1,11.6,102.0,762,804,1,0,1,0,16,416,115,0
15.54,climb_cruise,431.4,431.4,34914.0,-6209,-14.86,-111.07,328.71,6.10,15.0,125.0,0,0,4.67,-14.49,-3.99,-0.079,0.114,0.012,1.000,0.100,0.100,0.100,1,11.6,102.0,762,804,1,0,1,0,16,416,116,0
15.56,climb_cruise,431.4,431.4,34911.9,-6273,-14.97,-111.34,328.65,6.12,15.0,125.0,0,0,4.69,-14.50,-3.99,-0.079,0.114,0.012,1.000,0.100,0.100,0.100,1,11.6,102.0,762,804,1,0,1,0,16,416,114,0
15.58,climb_cruise,431.4,431.4,34909.8,-6336,-15.08,-111.62,328.59,6.14,15.0,125.0,0,0,4.70,-14.50,-3.99,-0.079,0.114,0.012,1.000,0.100,0.100,0.100,1,11.6,102.0,762,804,1,0,1,0,16,416,116,0
15.60,climb_cruise,431.5,431.5,34907.7,-6400,-15.19,-111.89,328.53,6.15,15.0,125.0,0,0,4.72,-14.50,-3.99,-0.079,0.114,0.012,1.000,0.100,0.100,0.100,1,11.5,102.0,762,804,1,0,1,0,16,416,115,0
15.62,climb_cruise,431.5,431.5,34905.6,-6465,-15.30,-112.16,328.47,6.17,15.0,125.0,0,0,4.74,-14.50,-3.99,-0.079,0.114,0.012,1.000,0.100,0.100,0.100,1,11.5,102.0,762,804,1,0,1,0,16,416,116,0
15.64,climb_cruise,431.5,431.5,34903.4,-6529,-15.41,-112.44,328.41,6.19,15.0,125.0,0,0,4.76,-14.51,-3.99,-0.079,0.114,0.012,1.000,0.100,0.100,0.100,1,11.5,102.0,762,804,1,0,1,0,16,416,115,0
15.66,climb_cruise,431.5,431.5,34901.2,-6594,-15.52,-112.71,328.35,6.20,15.0,125.0,0,0,4.78,-14.51,-3.99,-0.079,0.114,0.012,1.000,0.100,0.100,0.100,1,11.5,102.0,762,804,1,0,1,0,16,416,115,0
15.68,climb_cruise,431.5,431.5,34899.0,-6659,-15.63,-112.99,328.29,6.22,15.0,125.0,0,0,4.79,-14.51,-3.99,-0.079,0.114,0.013,1.000,0.100,0.100,0.100,1,11.4,102.0,762,804,1,0,1,0,16,416,115,0
15.70,climb_cruise,431.6,431.6,34896.8,-6725,-15.74,-113.26,328.23,6.24,15.0,125.0,0,0,4.81,-14.51,-3.99,-0.079,0.114,0.013,1.000,0.100,0.100,0.100,1,11.4,102.0,762,804,1,0,1,0,16,416,115,0
15.72,climb_cruise,431.6,431.6,34894.5,-6791,-15.85,-113.54,328.17,6.26,15.0,125.0,0,0,4.83,-14.52,-3.99,-0.079,0.114,0.013,1.000,0.100,0.100,0.100,1,11.4,102.0,762,804,1,0,1,0,16,416,114,0
15.74,climb_cruise,431.6,431.6,34892.3,-6857,-15.96,-113.81,328.12,6.27,15.0,125.0,0,0,4.85,-14.52,-3.99,-0.079,0.114,0.013,1.000,0.100,0.100,0.100,1,11.4,102.0,762,804,1,0,1,0,16,416,115,0
15.76,climb_cruise,431.6,431.6,34890.0,-6923,-16.08,-114.08,328.06,6.29,15.0,125.0,0,0,4.87,-14.52,-3.98,-0.079,0.114,0.013,1.000,0.100,0.100,0.100,1,11.3,102.0,762,804,1,0,1,0,16,416,114,0
15.78,climb_cruise,431.7,431.7,34887.7,-6990,-16.19,-114.36,328.00,6.31,15.0,125.0,0,0,4.88,-14.52,-3.98,-0.079,0.114,0.013,1.000,0.100,0.100,0.100,1,11.3,102.0,762,804,1,0,1,0,16,416,116,0
15.80,climb_cruise,431.7,431.7,34885.3,-7057,-16.30,-114.63,327.94,6.33,15.0,125.0,0,0,4.90,-14.53,-3.98,-0.079,0.114,0.013,1.000,0.100,0.100,0.100,1,11.3,102.0,762,804,1,0,1,0,16,416,114,0
15.82,climb_cruise,431.7,431.7,34883.0,-7124,-16.41,-114.91,327.88,6.34,15.0,125.0,0,0,4.92,-14.53,-3.98,-0.079,0.114,0.013,1.000,0.100,0.100,0.100,1,11.3,102.0,762,804,1,0,1,0,16,416,115,0
15.84,climb_cruise,431.7,431.7,34880.6,-7192,-16.53,-115.18,327.82,6.36,15.0,125.0,0,0,4.94,-14.53,-3.98,-0.079,0.114,0.013,1.000,0.100,0.100,0.100,1,11.3,102.0,762,804,1,0,1,0,16,416,114,0
15.86,climb_cruise,431.8,431.8,34878.2,-7260,-16.64,-115.45,327.77,6.38,15.0,125.0,0,0,4.95,-14.53,-3.98,-0.079,0.114,0.013,1.000,0.100,0.100,0.100,1,11.2,102.0,762,804,1,0,1,0,16,416,115,0
15.88,climb_cruise,431.8,431.8,34875.7,-7328,-16.76,-115.74,327.71,6.39,15.0,125.0,0,0,4.62,-15.79,-4.02,-0.028,0.040,0.005,1.000,0.100,0.100,0.100,1,11.2,102.0,762,804,1,0,1,0,16,416,115,0
15.90,climb_cruise,431.8,431.8,34873.3,-7397,-16.87,-116.05,327.66,6.40,15.0,125.0,0,0,4.32,-16.36,-4.06,-0.023,0.034,0.004,1.000,0.100,0.100,0.100,1,11.2,102.0,762,804,1,0,1,0,16,416,114,0
15.92,climb_cruise,431.8,431.8,34870.8,-7466,-16.98,-116.37,327.62,6.41,15.0,125.0,0,0,4.10,-16.60,-4.09,-0.023,0.034,0.004,1.000,0.100,0.100,0.100,1,11.2,102.0,762,804,1,0,1,0,16,416,114,0
15.94,climb_cruise,431.9,431.9,34868.3,-7535,-17.09,-116.69,327.59,6.41,15.0,125.0,0,0,3.94,-16.69,-4.13,-0.023,0.034,0.004,1.000,0.100,0.100,0.100,1,11.1,102.0,762,804,1,0,1,0,16,416,115,0
15.96,climb_cruise,431.9,431.9,34865.8,-7604,-17.20,-117.01,327.55,6.41,15.0,125.0,0,0,3.85,-16.74,-4.16,-0.023,0.034,0.004,1.000,0.100,0.100,0.100,1,11.1,102.0,762,804,1,0,1,0,16,416,115,0
15.98,climb_cruise,431.9,431.9,34863.2,-7674,-17.31,-117.34,327.52,6.41,15.0,125.0,0,0,3.81,-16.76,-4.18,-0.023,0.034,0.004,1.000,0.100,0.100,0.100,1,11.1,102.0,762,804,1,0,1,0,16,416,116,0
16.00,climb_cruise,432.0,432.0,34860.7,-7744,-17.42,-117.66,327.49,6.40,15.0,125.0,0,0,3.83,-16.78,-4.20,-0.023,0.034,0.004,1.000,0.100,0.100,0.100,1,11.1,102.0,762,804,1,0,1,0,16,416,115,0
16.02,climb_cruise,432.0,432.0,34858.1,-7815,-17.53,-117.99,327.46,6.40,15.0,125.0,0,0,3.88,-16.80,-4.22,-0.023,0.034,0.004,1.000,0.100,0.100,0.100,1,11.1,102.0,762,804,1,0,1,0,16,416,115,0
16.04,climb_cruise,432.0,432.0,34855.5,-7886,-17.64,-118.32,327.43,6.40,15.0,125.0,0,0,3.96,-16.81,-4.23,-0.023,0.034,0.004,1.000,0.100,0.100,0.100,1,11.0,102.0,762,804,1,0,1,0,16,416,114,0
16.06,climb_cruise,432.1,432.1,34852.8,-7957,-17.75,-118.64,327.40,6.40,15.0,125.0,0,0,4.06,-16.82,-4.24,-0.023,0.034,0.004,1.000,0.100,0.100,0.100,1,11.0,102.0,762,804,1,0,1,0,16,416,116,0
16.08,climb_cruise,432.1,432.1,34850.2,-8028,-17.86,-118.97,327.36,6.40,15.0,125.0,0,0,4.18,-16.83,-4.25,-0.023,0.034,0.004,1.000,0.100,0.100,0.100,1,11.0,102.0,762,804,1,0,1,0,16,416,116,0
16.10,climb_cruise,432.1,432.1,34847.5,-8099,-17.98,-119.30,327.33,6.40,15.0,125.0,0,0,4.31,-16.84,-4.25,-0.023,0.034,0.004,1.000,0.100,0.100,0.100,1,11.0,102.0,762,804,1,0,1,0,16,416,115,0
16.12,climb_cruise,432.2,432.2,34844.8,-8171,-18.10,-119.62,327.29,6.41,15.0,125.0,0,0,4.45,-16.85,-4.25,-0.023,0.034,0.004,1.000,0.100,0.100,0.100,1,10.9,102.0,762,804,1,0,1,0,16,416,114,0
16.14,climb_cruise,432.2,432.2,34842.0,-8243,-18.22,-119.95,327.26,6.42,15.0,125.0,0,0,4.58,-16.85,-4.25,-0.023,0.034,0.004,1.000,0.100,0.100,0.100,1,10.9,102.0,762,804,1,0,1,0,16,416,115,0
16.16,climb_cruise,432.2,432.2,34839.3,-8316,-18.34,-120.27,327.22,6.43,15.0,125.0,0,0,4.70,-16.86,-4.24,-0.023,0.034,0.004,1.000,0.100,0.100,0.100,1,10.9,102.0,762,804,1,0,1,0,16,416,115,0
16.18,climb_cruise,432.3,432.3,34836.5,-8389,-18.46,-120.60,327.18,6.44,15.0,125.0,0,0,4.82,-16.86,-4.24,-0.023,0.034,0.004,1.000,0.100,0.100,0.100,1,10.9,102.0,762,804,1,0,1,0,16,416,116,0
16.20,climb_cruise,432.3,432.3,34833.7,-8462,-18.58,-120.92,327.13,6.45,15.0,125.0,0,0,4.93,-16.87,-4.23,-0.023,0.034,0.004,1.000,0.100,0.100,0.100,1,10.9,102.0,762,804,1,0,1,0,16,416,115,0
16.22,climb_cruise,432.3,432.3,34830.9,-8536,-18.70,-121.24,327.09,6.47,15.0,125.0,0,0,5.02,-16.87,-4.22,-0.023,0.034,0.004,1.000,0.100,0.100,0.100,1,10.8,102.0,762,804,1,0,1,0,16,416,115,0
16.24,climb_cruise,432.4,432.4,34828.0,-8609,-18.83,-121.57,327.04,6.49,15.0,125.0,0,0,5.10,-16.87,-4.21,-0.023,0.034,0.004,1.000,0.100,0.100,0.100,1,10.8,102.0,762,804,1,0,1,0,16,416,114,0
16.26,climb_cruise,432.4,432.4,34825.1,-8684,-18.95,-121.89,327.00,6.50,15.0,125.0,0,0,5.17,-16.88,-4.20,-0.023,0.034,0.004,1.000,0.100,0.100,0.100,1,10.8,102.0,762,804,1,0,1,0,16,416,115,0
16.28,climb_cruise,432.4,432.4,34822.2,-8758,-19.08,-122.21,326.95,6.52,15.0,125.0,0,0,5.22,-16.88,-4.18,-0.023,0.034,0.004,1.000,0.100,0.100,0.100,1,10.8,102.0,762,804,1,0,1,0,16,416,115,0
16.30,climb_cruise,432.5,432.5,34819.3,-8833,-19.21,-122.54,326.91,6.54,15.0,125.0,0,0,5.26,-16.88,-4.17,-0.023,0.034,0.004,1.000,0.100,0.100,0.100,1,10.8,102.0,762,804,1,0,1,0,16,416,116,0
16.32,climb_cruise,432.5,432.5,34816.4,-8908,-19.33,-122.86,326.86,6.56,15.0,125.0,0,0,5.30,-16.88,-4.16,-0.023,0.034,0.004,1.000,0.100,0.100,0.100,1,10.7,102.0,762,804,1,0,1,0,16,416,115,0
16.34,climb_cruise,432.6,432.6,34813.4,-8984,-19.46,-123.18,326.81,6.59,15.0,125.0,0,0,5.32,-16.88,-4.15,-0.023,0.034,0.004,1.000,0.100,0.100,0.100,1,10.7,102.0,762,804,1,0,1,0,16,416,116,0
16.36,climb_cruise,432.6,432.6,34810.4,-9060,-19.59,-123.50,326.77,6.61,15.0,125.0,0,0,5.33,-16.88,-4.14,-0.023,0.034,0.004,1.000,0.100,0.100,0.100,1,10.7,102.0,762,804,1,0,1,0,16,416,115,0
16.38,climb_cruise,432.6,432.6,34807.3,-9136,-19.72,-123.82,326.72,6.63,15.0,125.0,0,0,5.34,-16.88,-4.13,-0.023,0.034,0.004,1.000,0.100,0.100,0.100,1,10.7,102.0,762,804,1,0,1,0,16,416,115,0
16.40,climb_cruise,432.7,432.7,34804.3,-9213,-19.84,-124.15,326.68,6.65,15.0,125.0,0,0,5.35,-16.87,-4.12,-0.023,0.034,0.004,1.000,0.100,0.100,0.100,1,10.6,102.0,762,804,1,0,1,0,16,416,115,0
16.42,climb_cruise,432.7,432.7,34801.2,-9290,-19.97,-124.47,326.63,6.67,15.0,125.0,0,0,5.35,-16.87,-4.11,-0.023,0.034,0.004,1.000,0.100,0.100,0.100,1,10.6,102.0,762,804,1,0,1,0,16,416,115,0
16.44,climb_cruise,432.8,432.8,34798.1,-9367,-20.10,-124.79,326.59,6.69,15.0,125.0,0,0,5.35,-16.87,-4.10,-0.023,0.034,0.004,1.000,0.100,0.100,0.100,1,10.6,102.0,762,804,1,0,1,0,16,416,116,0
16.46,climb_cruise,432.8,432.8,34795.0,-9444,-20.23,-125.11,326.54,6.71,15.0,125.0,0,0,5.35,-16.87,-4.09,-0.023,0.034,0.004,1.000,0.100,0.100,0.100,1,10.6,102.0,762,804,1,0,1,0,16,416,115,0
16.48,climb_cruise,432.9,432.9,34791.8,-9522,-20.36,-125.44,326.50,6.73,15.0,125.0,0,0,5.34,-16.87,-4.09,-0.023,0.034,0.004,1.000,0.100,0.100,0.100,1,10.6,102.0,762,804,1,0,1,0,16,416,114,0
16.50,climb_cruise,432.9,432.9,34788.6,-9601,-20.49,-125.76,326.46,6.75,15.0,125.0,0,0,5.34,-16.87,-4.08,-0.023,0.034,0.004,1.000,0.100,0.100,0.100,1,10.5,102.0,762,804,1,0,1,0,16,416,116,0
16.52,climb_cruise,432.9,432.9,34785.4,-9679,-20.62,-126.08,326.42,6.76,15.0,125.0,0,0,5.34,-16.87,-4.07,-0.023,0.034,0.004,1.000,0.100,0.100,0.100,1,10.5,102.0,762,804,1,0,1,0,16,416,115,0
16.54,climb_cruise,433.0,433.0,34782.2,-9758,-20.74,-126.40,326.38,6.78,15.0,125.0,0,0,5.34,-16.87,-4.07,-0.023,0.034,0.004,1.000,0.100,0.100,0.100,1,10.5,102.0,762,804,1,0,1,0,16,416,115,0
16.56,climb_cruise,433.0,433.0,34778.9,-9838,-20.87,-126.73,326.34,6.80,15.0,125.0,0,0,5.35,-16.87,-4.06,-0.023,0.034,0.004,1.000,0.100,0.100,0.100,1,10.5,102.0,762,804,1,0,1,0,16,416,115,0
16.58,climb_cruise,433.1,433.1,34775.6,-9917,-21.00,-127.05,326.30,6.82,15.0,125.0,0,0,5.35,-16.87,-4.06,-0.023,0.034,0.004,1.000,0.100,0.100,0.100,1,10.5,102.0,762,804,1,0,1,0,16,416,115,0
16.60,climb_cruise,433.1,433.1,34772.3,-9997,-21.13,-127.37,326.26,6.83,15.0,125.0,0,0,5.36,-16.86,-4.05,-0.023,0.034,0.004,1.000,0.100,0.100,0.100,1,10.4,102.0,762,804,1,0,1,0,16,416,114,0
16.62,climb_cruise,433.2,433.2,34769.0,-10078,-21.26,-127.70,326.22,6.85,15.0,125.0,0,0,5.37,-16.86,-4.05,-0.023,0.034,0.004,1.000,0.100,0.100,0.100,1,10.4,102.0,762,804,1,0,1,0,16,416,116,0
16.64,climb_cruise,433.2,433.2,34765.6,-10158,-21.39,-128.02,326.18,6.87,15.0,125.0,0,0,5.39,-16.86,-4.04,-0.023,0.034,0.004,1.000,0.100,0.100,0.100,1,10.4,102.0,762,804,1,0,1,0,16,416,116,0
16.66,climb_cruise,433.3,433.3,34762.2,-10239,-21.52,-128.34,326.15,6.88,15.0,125.0,0,0,5.40,-16.86,-4.04,-0.023,0.034,0.004,1.000,0.100,0.100,0.100,1,10.4,102.0,762,804,1,0,1,0,16,416,116,0
16.68,climb_cruise,433.3,433.3,34758.8,-10320,-21.65,-128.67,326.11,6.90,15.0,125.0,0,0,5.42,-16.86,-4.03,-0.023,0.034,0.004,1.000,0.100,0.100,0.100,1,10.4,102.0,762,804,1,0,1,0,16,416,115,0
16.70,climb_cruise,433.4,433.4,34755.3,-10402,-21.78,-128.99,326.07,6.92,15.0,125.0,0,0,5.43,-16.86,-4.03,-0.023,0.034,0.004,1.000,0.100,0.100,0.100,1,10.3,102.0,762,804,1,0,1,0,16,416,115,0
16.72,climb_cruise,433.4,433.4,34751.8,-10484,-21.91,-129.32,326.04,6.93,15.0,125.0,0,0,5.45,-16.86,-4.02,-0.023,0.034,0.004,1.000,0.100,0.100,0.100,1,10.3,102.0,762,804,1,0,1,0,16,416,114,0
16.74,climb_cruise,433.5,433.5,34748.3,-10566,-22.05,-129.64,326.00,6.95,15.0,125.0,0,0,5.47,-16.86,-4.02,-0.023,0.034,0.004,1.000,0.100,0.100,0.100,1,10.3,102.0,762,804,1,0,1,0,16,416,116,0
16.76,climb_cruise,433.5,433.5,34744.8,-10649,-22.18,-129.96,325.96,6.97,15.0,125.0,0,0,5.49,-16.86,-4.02,-0.023,0.034,0.004,1.000,0.100,0.100,0.100,1,10.3,102.0,762,804,1,0,1,0,16,416,115,0
16.78,climb_cruise,433.6,433.6,34741.3,-10731,-22.31,-130.29,325.93,6.98,15.0,125.0,0,0,5.52,-16.86,-4.01,-0.023,0.034,0.004,1.000,0.100,0.100,0.100,1,10.2,102.0,762,804,1,0,1,0,16,416,115,0
16.80,climb_cruise,433.6,433.6,34737.7,-10815,-22.44,-130.61,325.89,7.00,15.0,125.0,0,0,5.54,-16.86,-4.01,-0.023,0.034,0.004,1.000,0.100,0.100,0.100,1,10.2,102.0,762,804,1,0,1,0,16,416,115,0
16.82,climb_cruise,433.7,433.7,34734.0,-10898,-22.58,-130.94,325.86,7.02,15.0,125.0,0,0,5.56,-16.86,-4.00,-0.023,0.034,0.004,1.000,0.100,0.100,0.100,1,10.2,102.0,762,804,1,0,1,0,16,416,115,0
16.84,climb_cruise,433.7,433.7,34730.4,-10982,-22.71,-131.26,325.83,7.03,15.0,125.0,0,0,5.58,-16.86,-4.00,-0.023,0.034,0.004,1.000,0.100,0.100,0.100,1,10.2,102.0,762,804,1,0,1,0,16,416,116,0
16.86,climb_cruise,433.8,433.8,34726.7,-11066,-22.84,-131.58,325.79,7.05,15.0,125.0,0,0,5.60,-16.86,-3.99,-0.023,0.034,0.004,1.000,0.100,0.100,0.100,1,10.2,102.0,762,804,1,0,1,0,16,416,115,0
16.88,climb_cruise,433.8,433.8,34723.0,-11151,-22.98,-131.91,325.76,7.07,15.0,125.0,0,0,5.62,-16.86,-3.99,-0.023,0.034,0.004,1.000,0.100,0.100,0.100,1,10.1,102.0,762,804,1,0,1,0,16,416,115,0
16.90,climb_cruise,433.9,433.9,34719.3,-11235,-23.11,-132.23,325.73,7.09,15.0,125.0,0,0,5.64,-16.86,-3.98,-0.023,0.034,0.004,1.000,0.100,0.100,0.100,1,10.1,102.0,762,804,1,0,1,0,16,416,116,0
16.92,climb_cruise,434.0,434.0,34715.5,-11320,-23.25,-132.56,325.69,7.10,15.0,125.0,0,0,5.66,-16.86,-3.98,-0.023,0.034,0.004,1.000,0.100,0.100,0.100,1,10.1,102.0,762,804,1,0,1,0,16,416,115,0
16.94,climb_cruise,434.0,434.0,34711.8,-11406,-23.38,-132.88,325.66,7.12,15.0,125.0,0,0,5.68,-16.86,-3.97,-0.023,0.034,0.004,1.000,0.100,0.100,0.100,1,10.1,102.0,762,804,1,0,1,0,16,416,114,0
16.96,climb_cruise,434.1,434.1,34708.0,-11491,-23.52,-133.21,325.63,7.14,15.0,125.0,0,0,5.70,-16.86,-3.97,-0.023,0.034,0.004,1.000,0.100,0.100,0.100,1,10.1,102.0,762,804,1,0,1,0,16,416,114,0
16.98,climb_cruise,434.1,434.1,34704.1,-11577,-23.65,-133.53,325.60,7.16,15.0,125.0,0,0,5.72,-16.86,-3.96,-0.023,0.034,0.004,1.000,0.100,0.100,0.100,1,10.0,102.0,762,804,1,0,1,0,16,416,114,0
17.00,climb_cruise,434.2,434.2,34700.2,-11664,-23.79,-133.86,325.57,7.17,15.0,125.0,0,0,5.73,-16.86,-3.96,-0.023,0.034,0.004,1.000,0.100,0.100,0.100,1,10.0,102.0,762,804,1,0,1,0,16,416,116,0
17.02,climb_cruise,434.2,434.2,34696.3,-11750,-23.93,-134.18,325.54,7.19,15.0,125.0,0,0,5.75,-16.86,-3.95,-0.023,0.034,0.005,1.000,0.100,0.100,0.100,1,10.0,102.0,762,804,1,0,1,0,16,416,116,0
17.04,climb_cruise,434.3,434.3,34692.4,-11837,-24.06,-134.51,325.51,7.21,15.0,125.0,0,0,5.77,-16.86,-3.94,-0.023,0.034,0.005,1.000,0.100,0.100,0.100,1,10.0,102.0,762,804,1,0,1,0,16,416,116,0
17.06,climb_cruise,434.4,434.4,34688.5,-11925,-24.20,-134.83,325.48,7.23,15.0,125.0,0,0,5.78,-16.86,-3.94,-0.023,0.034,0.005,1.000,0.100,0.100,0.100,1,10.0,102.0,762,804,1,0,1,0,16,416,115,0
17.08,climb_cruise,434.4,434.4,34684.5,-12012,-24.34,-135.16,325.45,7.24,15.0,125.0,0,0,5.80,-16.86,-3.93,-0.023,0.034,0.005,1.000,0.100,0.100,0.100,1,9.9,102.0,762,804,1,0,1,0,16,416,115,0
17.10,climb_cruise,434.5,434.5,34680.5,-12100,-24.48,-135.48,325.42,7.26,15.0,125.0,0,0,5.82,-16.86,-3.93,-0.023,0.034,0.005,1.000,0.100,0.100,0.100,1,9.9,102.0,762,804,1,0,1,0,16,416,115,0
17.12,climb_cruise,434.6,434.6,34676.4,-12188,-24.62,-135.81,325.39,7.28,15.0,125.0,0,0,5.83,-16.86,-3.92,-0.023,0.034,0.005,1.000,0.100,0.100,0.100,1,9.9,102.0,762,804,1,0,1,0,16,416,115,0
17.14,climb_cruise,434.6,434.6,34672.3,-12277,-24.75,-136.13,325.37,7.30,15.0,125.0,0,0,5.85,-16.86,-3.91,-0.023,0.034,0.005,1.000,0.100,0.100,0.100,1,9.9,102.0,762,804,1,0,1,0,16,416,115,0
17.16,climb_cruise,434.7,434.7,34668.2,-12365,-24.89,-136.46,325.34,7.31,15.0,125.0,0,0,5.86,-16.86,-3.91,-0.023,0.034,0.005,1.000,0.100,0.100,0.100,1,9.9,102.0,762,804,1,0,1,0,16,416,115,0
17.18,climb_cruise,434.7,434.7,34664.1,-12454,-25.03,-136.79,325.31,7.33,15.0,125.0,0,0,5.88,-16.86,-3.90,-0.023,0.034,0.005,1.000,0.100,0.100,0.100,1,9.8,102.0,762,804,1,0,1,0,16,416,115,0
17.20,climb_cruise,434.8,434.8,34659.9,-12544,-25.17,-137.11,325.29,7.35,15.0,125.0,0,0,5.89,-16.85,-3.89,-0.023,0.034,0.005,1.000,0.100,0.100,0.100,1,9.8,102.0,762,804,1,0,1,0,16,416,115,0
17.22,climb_cruise,434.9,434.9,34655.7,-12633,-25.31,-137.44,325.26,7.37,15.0,125.0,0,0,5.91,-16.85,-3.89,-0.023,0.034,0.005,1.000,0.100,0.100,0.100,1,9.8,102.0,762,804,1,0,1,0,16,416,114,0
17.24,climb_cruise,434.9,434.9,34651.5,-12723,-25.45,-137.76,325.24,7.38,15.0,125.0,0,0,5.93,-16.85,-3.88,-0.023,0.034,0.005,1.000,0.100,0.100,0.100,1,9.8,102.0,762,804,1,0,1,0,16,416,114,0
17.26,climb_cruise,435.0,435.0,34647.3,-12814,-25.59,-138.09,325.21,7.40,15.0,125.0,0,0,5.94,-16.85,-3.87,-0.023,0.034,0.005,1.000,0.100,0.100,0.100,1,9.8,102.0,762,804,1,0,1,0,16,416,114,0
17.28,climb_cruise,435.1,435.1,34643.0,-12904,-25.73,-138.42,325.19,7.42,15.0,125.0,0,0,5.96,-16.85,-3.87,-0.023,0.034,0.005,1.000,0.100,0.100,0.100,1,9.7,102.0,762,804,1,0,1,0,16,416,116,0
17.30,climb_cruise,435.1,435.1,34638.7,-12995,-25.87,-138.74,325.17,7.44,15.0,125.0,0,0,5.97,-16.85,-3.86,-0.023,0.034,0.005,1.000,0.100,0.100,0.100,1,9.7,102.0,762,804,1,0,1,0,16,416,115,0
17.32,climb_cruise,435.2,435.2,34634.3,-13086,-26.01,-139.07,325.14,7.45,15.0,125.0,0,0,5.99,-16.85,-3.85,-0.023,0.034,0.005,1.000,0.100,0.100,0.100,1,9.7,102.0,762,804,1,0,1,0,16,416,115,0
17.34,climb_cruise,435.3,435.3,34630.0,-13177,-26.15,-139.40,325.12,7.47,15.0,125.0,0,0,6.00,-16.84,-3.85,-0.023,0.034,0.005,1.000,0.100,0.100,0.100,1,9.7,102.0,762,804,1,0,1,0,16,416,115,0
17.36,climb_cruise,435.4,435.4,34625.6,-13269,-26.29,-139.73,325.10,7.49,15.0,125.0,0,0,6.02,-16.84,-3.84,-0.023,0.034,0.005,1.000,0.100,0.100,0.100,1,9.7,102.0,762,804,1,0,1,0,16,416,114,0
17.38,climb_cruise,435.4,435.4,34621.1,-13361,-26.44,-140.05,325.08,7.50,15.0,125.0,0,0,6.04,-16.84,-3.83,-0.023,0.034,0.005,1.000,0.100,0.100,0.100,1,9.7,102.0,762,804,1,0,1,0,16,416,115,0
17.40,climb_cruise,435.5,435.5,34616.7,-13453,-26.58,-140.38,325.06,7.52,15.0,125.0,0,0,6.05,-16.84,-3.82,-0.023,0.034,0.005,1.000,0.100,0.100,0.100,1,9.6,102.0,762,804,1,0,1,0,16,416,115,0
17.42,climb_cruise,435.6,435.6,34612.2,-13546,-26.72,-140.71,325.04,7.54,15.0,125.0,0,0,6.07,-16.84,-3.82,-0.023,0.034,0.005,1.000,0.100,0.100,0.100,1,9.6,102.0,762,804,1,0,1,0,16,416,115,0
17.44,climb_cruise,435.6,435.6,34607.6,-13639,-26.86,-141.04,325.02,7.56,15.0,125.0,0,0,6.08,-16.83,-3.81,-0.023,0.034,0.005,1.000,0.100,0.100,0.100,1,9.6,102.0,762,804,1,0,1,0,16,416,116,0
17.46,climb_cruise,435.7,435.7,34603.1,-13732,-27.01,-141.36,325.00,7.57,15.0,125.0,0,0,6.10,-16.83,-3.80,-0.023,0.034,0.005,1.000,0.100,0.100,0.100,1,9.6,102.0,762,804,1,0,1,0,16,416,115,0
17.48,climb_cruise,435.8,435.8,34598.5,-13825,-27.15,-141.69,324.98,7.59,15.0,125.0,0,0,6.12,-16.83,-3.80,-0.023,0.034,0.005,1.000,0.100,0.100,0.100,1,9.6,102.0,762,804,1,0,1,0,16,416,115,0
17.50,climb_cruise,435.9,435.9,34593.9,-13919,-27.29,-142.02,324.96,7.61,15.0,125.0,0,0,6.13,-16.83,-3.79,-0.023,0.034,0.005,1.000,0.100,0.100,0.100,1,9.5,102.0,762,804,1,0,1,0,16,416,114,0
17.52,climb_cruise,435.9,435.9,34589.2,-14013,-27.43,-142.35,324.94,7.63,15.0,125.0,0,0,6.15,-16.83,-3.78,-0.023,0.034,0.005,1.000,0.100,0.100,0.100,1,9.5,102.0,762,804,1,0,1,0,16,416,114,0
17.54,climb_cruise,436.0,436.0,34584.5,-14107,-27.58,-142.68,324.93,7.64,15.0,125.0,0,0,6.16,-16.82,-3.77,-0.023,0.034,0.005,1.000,0.100,0.100,0.100,1,9.5,102.0,762,804,1,0,1,0,16,416,115,0
17.56,climb_cruise,436.1,436.1,34579.8,-14201,-27.72,-143.01,324.91,7.66,15.0,125.0,0,0,6.18,-16.82,-3.77,-0.023,0.034,0.005,1.000,0.100,0.100,0.100,1,9.5,102.0,762,804,1,0,1,0,16,416,115,0
17.58,climb_cruise,436.2,436.2,34575.1,-14296,-27.87,-143.34,324.90,7.68,15.0,125.0,0,0,6.19,-16.82,-3.76,-0.023,0.034,0.005,1.000,0.100,0.100,0.100,1,9.5,102.0,762,804,1,0,1,0,16,416,114,0
17.60,climb_cruise,436.2,436.2,34570.3,-14391,-28.01,-143.66,324.88,7.70,15.0,125.0,0,0,6.21,-16.82,-3.75,-0.023,0.034,0.005,1.000,0.100,0.100,0.100,1,9.4,102.0,762,804,1,0,1,0,16,416,115,0
17.62,climb_cruise,436.3,436.3,34565.5,-14487,-28.16,-143.99,324.87,7.71,15.0,125.0,0,0,6.22,-16.81,-3.74,-0.023,0.034,0.005,1.000,0.100,0.100,0.100,1,9.4,102.0,762,804,1,0,1,0,16,416,116,0
17.64,climb_cruise,436.4,436.4,34560.6,-14582,-28.30,-144.32,324.85,7.73,15.0,125.0,0,0,6.24,-16.81,-3.73,-0.023,0.034,0.005,1.000,0.100,0.100,0.100,1,9.4,102.0,762,804,1,0,1,0,16,416,116,0
17.66,climb_cruise,436.5,436.5,34555.8,-14678,-28.45,-144.65,324.84,7.75,15.0,125.0,0,0,6.25,-16.81,-3.73,-0.023,0.034,0.005,1.000,0.100,0.100,0.100,1,9.4,102.0,762,804,1,0,1,0,16,416,115,0
17.68,climb_cruise,436.6,436.6,34550.9,-14774,-28.59,-144.98,324.83,7.77,15.0,125.0,0,0,6.27,-16.80,-3.72,-0.023,0.034,0.005,1.000,0.100,0.100,0.100,1,9.4,102.0,762,804,1,0,1,0,16,416,115,0
17.70,climb_cruise,436.6,436.6,34545.9,-14870,-28.74,-145.31,324.81,7.78,15.0,125.0,0,0,6.28,-16.80,-3.71,-0.023,0.034,0.005,1.000,0.100,0.100,0.100,1,9.3,102.0,762,804,1,0,1,0,16,416,114,0
17.72,climb_cruise,436.7,436.7,34541.0,-14967,-28.88,-145.64,324.80,7.80,15.0,125.0,0,0,6.30,-16.80,-3.70,-0.023,0.034,0.005,1.000,0.100,0.100,0.100,1,9.3,102.0,762,804,1,0,1,0,16,416,116,0
17.74,climb_cruise,436.8,436.8,34536.0,-15064,-29.03,-145.97,324.79,7.82,15.0,125.0,0,0,6.31,-16.80,-3.70,-0.023,0.034,0.005,1.000,0.100,0.100,0.100,1,9.3,102.0,762,804,1,0,1,0,16,416,115,0
17.76,climb_cruise,436.9,436.9,34530.9,-15161,-29.17,-146.31,324.78,7.84,15.0,125.0,0,0,6.33,-16.79,-3.69,-0.023,0.034,0.005,1.000,0.100,0.100,0.100,1,9.3,102.0,762,804,1,0,1,0,16,416,115,0
17.78,climb_cruise,437.0,437.0,34525.9,-15258,-29.32,-146.64,324.77,7.85,15.0,125.0,0,0,6.34,-16.79,-3.68,-0.023,0.034,0.005,1.000,0.100,0.100,0.100,1,9.3,102.0,762,804,1,0,1,0,16,416,115,0
17.80,climb_cruise,437.1,437.1,34520.8,-15356,-29.47,-146.97,324.76,7.87,15.0,125.0,0,0,6.36,-16.79,-3.67,-0.023,0.034,0.005,1.000,0.100,0.100,0.100,1,9.3,102.0,762,804,1,0,1,0,16,416,114,0
17.82,climb_cruise,437.1,437.1,34515.6,-15454,-29.61,-147.30,324.75,7.89,15.0,125.0,0,0,6.37,-16.78,-3.66,-0.023,0.034,0.005,1.000,0.100,0.100,0.100,1,9.2,102.0,762,804,1,0,1,0,16,416,114,0
17.84,climb_cruise,437.2,437.2,34510.5,-15552,-29.76,-147.63,324.74,7.91,15.0,125.0,0,0,6.39,-16.78,-3.66,-0.023,0.034,0.005,1.000,0.100,0.100,0.100,1,9.2,102.0,762,804,1,0,1,0,16,416,115,0
17.86,climb_cruise,437.3,437.3,34505.3,-15650,-29.91,-147.96,324.74,7.93,15.0,125.0,0,0,6.40,-16.78,-3.65,-0.023,0.034,0.005,1.000,0.100,0.100,0.100,1,9.2,102.0,762,804,1,0,1,0,16,416,115,0
17.88,climb_cruise,437.4,437.4,34500.0,-15749,-30.05,-148.30,324.73,7.94,15.0,125.0,0,0,6.41,-16.77,-3.64,-0.023,0.034,0.005,1.000,0.100,0.100,0.100,1,9.2,102.0,762,804,1,0,1,0,16,416,115,0
17.90,climb_cruise,437.5,437.5,34494.8,-15848,-30.20,-148.63,324.72,7.96,15.0,125.0,0,0,6.43,-16.77,-3.63,-0.023,0.034,0.005,1.000,0.100,0.100,0.100,1,9.2,102.0,762,804,1,0,1,0,16,416,114,0
17.92,climb_cruise,437.6,437.6,34489.5,-15947,-30.35,-148.96,324.72,7.98,15.0,125.0,0,0,6.44,-16.77,-3.62,-0.023,0.034,0.005,1.000,0.100,0.100,0.100,1,9.1,102.0,762,804,1,0,1,0,16,416,115,0
17.94,climb_cruise,437.7,437.7,34484.1,-16046,-30.50,-149.29,324.71,8.00,15.0,125.0,0,0,6.46,-16.76,-3.61,-0.023,0.034,0.005,1.000,0.100,0.100,0.100,1,9.1,102.0,762,804,1,0,1,0,16,416,115,0
17.96,climb_cruise,437.8,437.8,34478.8,-16146,-30.65,-149.63,324.71,8.01,15.0,125.0,0,0,6.47,-16.76,-3.61,-0.023,0.034,0.005,1.000,0.100,0.100,0.100,1,9.1,102.0,762,804,1,0,1,0,16,416,115,0
17.98,climb_cruise,437.9,437.9,34473.4,-16246,-30.79,-149.96,324.71,8.03,15.0,125.0,0,0,6.48,-16.76,-3.60,-0.023,0.034,0.005,1.000,0.100,0.100,0.100,1,9.1,102.0,762,804,1,0,1,0,16,416,114,0
18.00,climb_cruise,437.9,437.9,34468.0,-16346,-30.94,-150.29,324.70,8.05,15.0,125.0,0,0,6.50,-16.75,-3.59,-0.023,0.034,0.005,1.000,0.100,0.100,0.100,1,9.1,102.0,762,804,1,0,1,0,16,416,115,0
18.02,climb_cruise,438.0,438.0,34462.5,-16446,-31.09,-150.63,324.70,8.07,15.0,125.0,0,0,6.51,-16.75,-3.58,-0.023,0.034,0.005,1.000,0.100,0.100,0.100,1,9.1,102.0,762,804,1,0,1,0,16,416,116,0
18.04,climb_cruise,438.1,438.1,34457.0,-16547,-31.24,-150.96,324.70,8.08,15.0,125.0,0,0,6.53,-16.74,-3.57,-0.023,0.034,0.005,1.000,0.100,0.100,0.100,1,9.0,102.0,762,804,1,0,1,0,16,416,115,0
18.06,climb_cruise,438.2,438.2,34451.5,-16647,-31.39,-151.30,324.70,8.10,15.0,125.0,0,0,6.54,-16.74,-3.56,-0.023,0.034,0.005,1.000,0.100,0.100,0.100,1,9.0,102.0,762,804,1,0,1,0,16,416,115,0
18.08,climb_cruise,438.3,438.3,34445.9,-16748,-31.54,-151.63,324.70,8.12,15.0,125.0,0,0,6.55,-16.74,-3.56,-0.023,0.034,0.005,1.000,0.100,0.100,0.100,1,9.0,102.0,762,804,1,0,1,0,16,416,115,0
18.10,climb_cruise,438.4,438.4,34440.3,-16850,-31.69,-151.97,324.70,8.14,15.0,125.0,0,0,6.57,-16.73,-3.55,-0.023,0.034,0.005,1.000,0.100,0.100,0.100,1,9.0,102.0,762,804,1,0,1,0,16,416,115,0
18.12,climb_cruise,438.5,438.5,34434.7,-16951,-31.84,-152.30,324.70,8.15,15.0,125.0,0,0,6.58,-16.73,-3.54,-0.023,0.034,0.005,1.000,0.100,0.100,0.100,1,9.0,102.0,762,804,1,0,1,0,16,416,115,0
18.14,climb_cruise,438.6,438.6,34429.0,-17053,-31.99,-152.64,324.70,8.17,15.0,125.0,0,0,6.59,-16.72,-3.53,-0.023,0.034,0.005,1.000,0.100,0.100,0.100,1,8.9,102.0,762,804,1,0,1,0,16,416,114,0
18.16,climb_cruise,438.7,438.7,34423.3,-17154,-32.14,-152.97,324.71,8.19,15.0,125.0,0,0,6.61,-16.72,-3.52,-0.023,0.034,0.005,1.000,0.100,0.100,0.100,1,8.9,102.0,762,804,1,0,1,0,16,416,114,0
18.18,climb_cruise,438.8,438.8,34417.6,-17257,-32.29,-153.31,324.71,8.21,15.0,125.0,0,0,6.62,-16.71,-3.51,-0.023,0.034,0.005,1.000,0.100,0.100,0.100,1,8.9,102.0,762,804,1,0,1,0,16,416,115,0
18.20,climb_cruise,438.9,438.9,34411.8,-17359,-32.44,-153.65,324.71,8.22,15.0,125.0,0,0,6.63,-16.71,-3.50,-0.023,0.034,0.005,1.000,0.100,0.100,0.100,1,8.9,102.0,762,804,1,0,1,0,16,416,115,0
18.22,climb_cruise,439.0,439.0,34406.0,-17461,-32.59,-153.98,324.72,8.24,15.0,125.0,0,0,6.65,-16.71,-3.50,-0.023,0.034,0.005,1.000,0.100,0.100,0.100,1,8.9,102.0,762,804,1,0,1,0,16,416,114,0
18.24,climb_cruise,439.1,439.1,34400.2,-17564,-32.74,-154.32,324.73,8.26,15.0,125.0,0,0,6.66,-16.70,-3.49,-0.023,0.034,0.005,1.000,0.100,0.100,0.100,1,8.9,102.0,762,804,1,0,1,0,16,416,116,0
18.26,climb_cruise,439.2,439.2,34394.3,-17667,-32.89,-154.66,324.73,8.28,15.0,125.0,0,0,6.67,-16.70,-3.48,-0.023,0.034,0.005,1.000,0.100,0.100,0.100,1,8.8,102.0,762,804,1,0,1,0,16,416,115,0
18.28,climb_cruise,439.3,439.3,34388.4,-17770,-33.04,-154.99,324.74,8.30,15.0,125.0,0,0,6.69,-16.69,-3.47,-0.023,0.034,0.005,1.000,0.100,0.100,0.100,1,8.8,102.0,762,804,1,0,1,0,16,416,115,0
18.30,climb_cruise,439.4,439.4,34382.5,-17874,-33.19,-155.33,324.75,8.31,15.0,125.0,0,0,6.70,-16.69,-3.46,-0.023,0.034,0.005,1.000,0.100,0.100,0.100,1,8.8,102.0,762,804,1,0,1,0,16,416,115,0
18.32,climb_cruise,439.5,439.5,34376.5,-17977,-33.34,-155.67,324.76,8.33,15.0,125.0,0,0,6.71,-16.68,-3.45,-0.023,0.034,0.005,1.000,0.100,0.100,0.100,1,8.8,102.0,762,804,1,0,1,0,16,416,115,0
18.34,climb_cruise,439.6,439.6,34370.5,-18081,-33.49,-156.01,324.77,8.35,15.0,125.0,0,0,6.73,-16.68,-3.44,-0.023,0.034,0.005,1.000,0.100,0.100,0.100,1,8.8,102.0,762,804,1,0,1,0,16,416,115,0
18.36,climb_cruise,439.7,439.7,34364.5,-18185,-33.64,-156.35,324.78,8.37,15.0,125.0,0,0,6.74,-16.67,-3.43,-0.023,0.034,0.005,1.000,0.100,0.100,0.100,1,8.7,102.0,762,804,1,0,1,0,16,416,114,0
18.38,climb_cruise,439.8,439.8,34358.4,-18289,-33.79,-156.69,324.79,8.38,15.0,125.0,0,0,6.75,-16.67,-3.43,-0.023,0.034,0.005,1.000,0.100,0.100,0.100,1,8.7,102.0,762,804,1,0,1,0,16,416,115,0
18.40,climb_cruise,439.9,439.9,34352.3,-18393,-33.94,-157.03,324.80,8.40,15.0,125.0,0,0,6.76,-16.66,-3.42,-0.023,0.034,0.005,1.000,0.100,0.100,0.100,1,8.7,102.0,762,804,1,0,1,0,16,416,115,0
18.42,climb_cruise,440.0,440.0,34346.1,-18498,-34.09,-157.37,324.81,8.42,15.0,125.0,0,0,6.78,-16.66,-3.41,-0.023,0.034,0.005,1.000,0.100,0.100,0.100,1,8.7,102.0,762,804,1,0,1,0,16,416,114,0
18.44,climb_cruise,440.1,440.1,34340.0,-18602,-34.25,-157.71,324.82,8.44,15.0,125.0,0,0,6.79,-16.65,-3.40,-0.023,0.034,0.005,1.000,0.100,0.100,0.100,1,8.7,102.0,762,804,1,0,1,0,16,416,115,0
18.46,climb_cruise,440.2,440.2,34333.8,-18707,-34.40,-158.05,324.84,8.46,15.0,125.0,0,0,6.80,-16.65,-3.39,-0.023,0.034,0.005,1.000,0.100,0.100,0.100,1,8.7,102.0,762,804,1,0,1,0,16,416,116,0
18.48,climb_cruise,440.3,440.3,34327.5,-18812,-34.55,-158.39,324.85,8.47,15.0,125.0,0,0,6.81,-16.64,-3.38,-0.023,0.034,0.005,1.000,0.100,0.100,0.100,1,8.6,102.0,762,804,1,0,1,0,16,416,114,0
18.50,climb_cruise,440.5,440.5,34321.2,-18918,-34.70,-158.73,324.87,8.49,15.0,125.0,0,0,6.83,-16.64,-3.37,-0.023,0.034,0.005,1.000,0.100,0.100,0.100,1,8.6,102.0,762,804,1,0,1,0,16,416,116,0
18.52,climb_cruise,440.6,440.6,34314.9,-19023,-34.85,-159.08,324.89,8.51,15.0,125.0,0,0,6.84,-16.63,-3.36,-0.023,0.034,0.005,1.000,0.100,0.100,0.100,1,8.6,102.0,762,804,1,0,1,0,16,416,114,0
18.54,climb_cruise,440.7,440.7,34308.5,-19129,-35.00,-159.42,324.90,8.53,15.0,125.0,0,0,6.85,-16.62,-3.35,-0.023,0.034,0.005,1.000,0.100,0.100,0.100,1,8.6,102.0,762,804,1,0,1,0,16,416,115,0
18.56,climb_cruise,440.8,440.8,34302.2,-19235,-35.16,-159.76,324.92,8.54,15.0,125.0,0,0,6.86,-16.62,-3.34,-0.023,0.034,0.005,1.000,0.100,0.100,0.100,1,8.6,102.0,762,804,1,0,1,0,16,416,115,0
18.58,climb_cruise,440.9,440.9,34295.7,-19341,-35.31,-160.10,324.94,8.56,15.0,125.0,0,0,6.88,-16.61,-3.34,-0.023,0.034,0.005,1.000,0.100,0.100,0.100,1,8.6,102.0,762,804,1,0,1,0,16,416,114,0
18.60,climb_cruise,441.0,441.0,34289.3,-19447,-35.46,-160.45,324.96,8.58,15.0,125.0,0,0,6.89,-16.61,-3.33,-0.023,0.034,0.005,1.000,0.100,0.100,0.100,1,8.5,102.0,762,804,1,0,1,0,16,416,114,0
18.62,climb_cruise,441.1,441.1,34282.8,-19553,-35.61,-160.79,324.98,8.60,15.0,125.0,0,0,6.90,-16.60,-3.32,-0.023,0.034,0.005,1.000,0.100,0.100,0.100,1,8.5,102.0,762,804,1,0,1,0,16,416,116,0
18.64,climb_cruise,441.2,441.2,34276.2,-19659,-35.76,-161.14,325.00,8.62,15.0,125.0,0,0,6.91,-16.60,-3.31,-0.023,0.034,0.005,1.000,0.100,0.100,0.100,1,8.5,102.0,762,804,1,0,1,0,16,416,114,0
18.66,climb_cruise,441.4,441.4,34269.7,-19766,-35.92,-161.48,325.03,8.63,15.0,125.0,0,0,6.92,-16.59,-3.30,-0.023,0.034,0.005,1.000,0.100,0.100,0.100,1,8.5,102.0,762,804,1,0,1,0,16,416,115,0
18.68,climb_cruise,441.5,441.5,34263.1,-19873,-36.07,-161.83,325.05,8.65,15.0,125.0,0,0,6.94,-16.58,-3.29,-0.023,0.034,0.005,1.000,0.100,0.100,0.100,1,8.5,102.0,762,804,1,0,1,0,16,416,115,0
18.70,climb_cruise,441.6,441.6,34256.4,-19980,-36.22,-162.17,325.07,8.67,15.0,125.0,0,0,6.95,-16.58,-3.28,-0.023,0.034,0.005,1.000,0.100,0.100,0.100,1,8.5,102.0,762,804,1,0,1,0,16,416,116,0
18.72,climb_cruise,441.7,441.7,34249.8,-20087,-36.37,-162.52,325.10,8.69,15.0,125.0,0,0,6.96,-16.57,-3.27,-0.023,0.034,0.005,1.000,0.100,0.100,0.100,1,8.4,102.0,762,804,1,0,1,0,16,416,114,0
18.74,climb_cruise,441.8,441.8,34243.0,-20194,-36.53,-162.87,325.12,8.70,15.0,125.0,0,0,6.97,-16.57,-3.26,-0.023,0.034,0.005,1.000,0.100,0.100,0.100,1,8.4,102.0,762,804,1,0,1,0,16,416,115,0
18.76,climb_cruise,441.9,441.9,34236.3,-20302,-36.68,-163.21,325.15,8.72,15.0,125.0,0,0,6.98,-16.56,-3.25,-0.023,0.034,0.005,1.000,0.100,0.100,0.100,1,8.4,102.0,762,804,1,0,1,0,16,416,114,0
18.78,climb_cruise,442.1,442.1,34229.5,-20409,-36.83,-163.56,325.18,8.74,15.0,125.0,0,0,6.99,-16.55,-3.24,-0.023,0.034,0.005,1.000,0.100,0.100,0.100,1,8.4,102.0,762,804,1,0,1,0,16,416,114,0
18.80,climb_cruise,442.2,442.2,34222.7,-20517,-36.98,-163.91,325.21,8.76,15.0,125.0,0,0,7.01,-16.55,-3.24,-0.023,0.034,0.005,1.000,0.100,0.100,0.100,1,8.4,102.0,762,804,1,0,1,0,16,416,116,0
18.82,climb_cruise,442.3,442.3,34215.9,-20625,-37.14,-164.26,325.24,8.78,15.0,125.0,0,0,7.02,-16.54,-3.23,-0.023,0.034,0.005,1.000,0.100,0.100,0.100,1,8.4,102.0,762,804,1,0,1,0,16,416,114,0
18.84,climb_cruise,442.4,442.4,34209.0,-20733,-37.29,-164.61,325.27,8.79,15.0,125.0,0,0,7.03,-16.53,-3.22,-0.023,0.034,0.005,1.000,0.100,0.100,0.100,1,8.3,102.0,762,804,1,0,1,0,16,416,115,0
18.86,climb_cruise,442.5,442.5,34202.0,-20841,-37.44,-164.96,325.30,8.81,15.0,125.0,0,0,7.04,-16.53,-3.21,-0.023,0.034,0.005,1.000,0.100,0.100,0.100,1,8.3,102.0,762,804,1,0,1,0,16,416,115,0
18.88,climb_cruise,442.7,442.7,34195.1,-20949,-37.59,-165.31,325.33,8.83,15.0,125.0,0,0,7.05,-16.52,-3.20,-0.023,0.034,0.005,1.000,0.100,0.100,0.100,1,8.3,102.0,762,804,1,0,1,0,16,416,116,0
18.90,climb_cruise,442.8,442.8,34188.1,-21058,-37.75,-165.66,325.37,8.85,15.0,125.0,0,0,7.06,-16.52,-3.19,-0.023,0.034,0.005,1.000,0.100,0.100,0.100,1,8.3,102.0,762,804,1,0,1,0,16,416,115,0
18.92,climb_cruise,442.9,442.9,34181.0,-21166,-37.90,-166.01,325.40,8.86,15.0,125.0,0,0,7.07,-16.51,-3.18,-0.023,0.034,0.005,1.000,0.100,0.100,0.100,1,8.3,102.0,762,804,1,0,1,0,16,416,115,0
18.94,climb_cruise,443.0,443.0,34174.0,-21275,-38.05,-166.36,325.44,8.88,15.0,125.0,0,0,7.08,-16.50,-3.17,-0.023,0.034,0.005,1.000,0.100,0.100,0.100,1,8.3,102.0,762,804,1,0,1,0,16,416,115,0
18.96,climb_cruise,443.2,443.2,34166.9,-21384,-38.21,-166.72,325.47,8.90,15.0,125.0,0,0,7.10,-16.49,-3.16,-0.023,0.034,0.005,1.000,0.100,0.100,0.100,1,8.2,102.0,762,804,1,0,1,0,16,416,116,0
18.98,climb_cruise,443.3,443.3,34159.7,-21493,-38.36,-167.07,325.51,8.92,15.0,125.0,0,0,7.11,-16.49,-3.15,-0.023,0.034,0.005,1.000,0.100,0.100,0.100,1,8.2,102.0,762,804,1,0,1,0,16,416,116,0
19.00,climb_cruise,443.4,443.4,34152.6,-21602,-38.51,-167.42,325.55,8.94,15.0,125.0,0,0,7.12,-16.48,-3.14,-0.023,0.034,0.005,1.000,0.100,0.100,0.100,1,8.2,102.0,762,804,1,0,1,0,16,416,114,0
19.02,climb_cruise,443.5,443.5,34145.3,-21711,-38.66,-167.78,325.59,8.95,15.0,125.0,0,0,7.13,-16.47,-3.13,-0.023,0.034,0.005,1.000,0.100,0.100,0.100,1,8.2,102.0,762,804,1,0,1,0,16,416,116,0
19.04,climb_cruise,443.7,443.7,34138.1,-21820,-38.82,-168.13,325.63,8.97,15.0,125.0,0,0,7.14,-16.47,-3.13,-0.023,0.034,0.005,1.000,0.100,0.100,0.100,1,8.2,102.0,762,804,1,0,1,0,16,416,115,0
19.06,climb_cruise,443.8,443.8,34130.8,-21930,-38.97,-168.49,325.67,8.99,15.0,125.0,0,0,7.15,-16.46,-3.12,-0.023,0.034,0.005,1.000,0.100,0.100,0.100,1,8.2,102.0,762,804,1,0,1,0,16,416,114,0
19.08,climb_cruise,443.9,443.9,34123.5,-22039,-39.12,-168.84,325.71,9.01,15.0,125.0,0,0,7.16,-16.45,-3.11,-0.023,0.034,0.005,1.000,0.100,0.100,0.100,1,8.1,102.0,762,804,1,0,1,0,16,416,115,0
19.10,climb_cruise,444.1,444.1,34116.1,-22149,-39.27,-169.20,325.75,9.03,15.0,125.0,0,0,7.17,-16.45,-3.10,-0.023,0.034,0.005,1.000,0.100,0.100,0.100,1,8.1,102.0,762,804,1,0,1,0,16,416,115,0
19.12,climb_cruise,444.2,444.2,34108.7,-22259,-39.43,-169.55,325.80,9.04,15.0,125.0,0,0,7.18,-16.44,-3.09,-0.023,0.034,0.005,1.000,0.100,0.100,0.100,1,8.1,102.0,762,804,1,0,1,0,16,416,115,0
19.14,climb_cruise,444.3,444.3,34101.3,-22369,-39.58,-169.91,325.84,9.06,15.0,125.0,0,0,7.19,-16.43,-3.08,-0.023,0.034,0.005,1.000,0.100,0.100,0.100,1,8.1,102.0,762,804,1,0,1,0,16,416,115,0
19.16,climb_cruise,444.5,444.5,34093.8,-22479,-39.73,-170.27,325.89,9.08,15.0,125.0,0,0,7.20,-16.42,-3.07,-0.023,0.034,0.005,1.000,0.100,0.100,0.100,1,8.1,102.0,762,804,1,0,1,0,16,416,114,0
19.18,climb_cruise,444.6,444.6,34086.3,-22589,-39.88,-170.63,325.94,9.10,15.0,125.0,0,0,7.21,-16.42,-3.06,-0.023,0.034,0.005,1.000,0.100,0.100,0.100,1,8.1,102.0,762,804,1,0,1,0,16,416,115,0
19.20,climb_cruise,444.7,444.7,34078.8,-22699,-40.04,-170.99,325.99,9.12,15.0,125.0,0,0,7.22,-16.41,-3.05,-0.023,0.034,0.005,1.000,0.100,0.100,0.100,1,8.0,102.0,762,804,1,0,1,0,16,416,115,0
19.22,climb_cruise,444.9,444.9,34071.2,-22809,-40.19,-171.35,326.04,9.13,15.0,125.0,0,0,7.23,-16.40,-3.04,-0.023,0.034,0.005,1.000,0.100,0.100,0.100,1,8.0,102.0,762,804,1,0,1,0,16,416,115,0
19.24,climb_cruise,445.0,445.0,34063.6,-22920,-40.34,-171.71,326.09,9.15,15.0,125.0,0,0,7.24,-16.39,-3.03,-0.023,0.034,0.005,1.000,0.100,0.100,0.100,1,8.0,102.0,762,804,1,0,1,0,16,416,115,0
19.26,climb_cruise,445.1,445.1,34055.9,-23030,-40.49,-172.07,326.14,9.17,15.0,125.0,0,0,7.25,-16.39,-3.02,-0.023,0.034,0.005,1.000,0.100,0.100,0.100,1,8.0,102.0,762,804,1,0,1,0,16,416,114,0
19.28,climb_cruise,445.3,445.3,34048.2,-23141,-40.64,-172.43,326.19,9.19,15.0,125.0,0,0,7.26,-16.38,-3.02,-0.023,0.034,0.005,1.000,0.100,0.100,0.100,1,8.0,102.0,762,804,1,0,1,0,16,416,116,0
19.30,climb_cruise,445.4,445.4,34040.5,-23252,-40.80,-172.80,326.25,9.21,15.0,125.0,0,0,7.27,-16.37,-3.01,-0.023,0.034,0.005,1.000,0.100,0.100,0.100,1,8.0,102.0,762,804,1,0,1,0,16,416,115,0
19.32,climb_cruise,445.6,445.6,34032.7,-23362,-40.95,-173.16,326.30,9.22,15.0,125.0,0,0,7.28,-16.36,-3.00,-0.023,0.034,0.005,1.000,0.100,0.100,0.100,1,7.9,102.0,762,804,1,0,1,0,16,416,115,0
19.34,climb_cruise,445.7,445.7,34024.9,-23473,-41.10,-173.52,326.36,9.24,15.0,125.0,0,0,7.29,-16.36,-2.99,-0.023,0.034,0.005,1.000,0.100,0.100,0.100,1,7.9,102.0,762,804,1,0,1,0,16,416,115,0
19.36,climb_cruise,445.8,445.8,34017.1,-23584,-41.25,-173.89,326.42,9.26,15.0,125.0,0,0,7.30,-16.35,-2.98,-0.023,0.034,0.005,1.000,0.100,0.100,0.100,1,7.9,102.0,762,804,1,0,1,0,16,416,114,0
19.38,climb_cruise,446.0,446.0,34009.2,-23695,-41.40,-174.25,326.47,9.28,15.0,125.0,0,0,7.31,-16.34,-2.97,-0.023,0.034,0.005,1.000,0.100,0.100,0.100,1,7.9,102.0,762,804,1,0,1,0,16,416,115,0
19.40,climb_cruise,446.1,446.1,34001.3,-23806,-41.55,-174.62,326.53,9.30,15.0,125.0,0,0,7.32,-16.33,-2.96,-0.023,0.034,0.005,1.000,0.100,0.100,0.100,1,7.9,102.0,762,804,1,0,1,0,16,416,115,0
19.42,climb_cruise,446.3,446.3,33993.3,-23917,-41.71,-174.99,326.60,9.31,15.0,125.0,0,0,7.33,-16.32,-2.95,-0.023,0.034,0.005,1.000,0.100,0.100,0.100,1,7.9,102.0,762,804,1,0,1,0,16,416,115,0
19.44,climb_cruise,446.4,446.4,33985.4,-24028,-41.86,-175.36,326.66,9.33,15.0,125.0,0,0,7.34,-16.31,-2.94,-0.023,0.034,0.005,1.000,0.100,0.100,0.100,1,7.9,102.0,762,804,1,0,1,0,16,416,116,0
19.46,climb_cruise,446.6,446.6,33977.3,-24140,-42.01,-175.72,326.72,9.35,15.0,125.0,0,0,7.35,-16.31,-2.93,-0.023,0.034,0.005,1.000,0.100,0.100,0.100,1,7.8,102.0,762,804,1,0,1,0,16,416,114,0
19.48,climb_cruise,446.7,446.7,33969.3,-24251,-42.16,-176.09,326.79,9.37,15.0,125.0,0,0,7.36,-16.30,-2.92,-0.023,0.034,0.005,1.000,0.100,0.100,0.100,1,7.8,102.0,762,804,1,0,1,0,16,416,115,0
19.50,climb_cruise,446.9,446.9,33961.2,-24362,-42.31,-176.46,326.85,9.39,15.0,125.0,0,0,7.37,-16.29,-2.92,-0.023,0.034,0.005,1.000,0.100,0.100,0.100,1,7.8,102.0,762,804,1,0,1,0,16,416,115,0
19.52,climb_cruise,447.0,447.0,33953.0,-24474,-42.46,-176.84,326.92,9.40,15.0,125.0,0,0,7.38,-16.28,-2.91,-0.023,0.034,0.005,1.000,0.100,0.100,0.100,1,7.8,102.0,762,804,1,0,1,0,16,416,114,0
19.54,climb_cruise,447.2,447.2,33944.9,-24585,-42.61,-177.21,326.99,9.42,15.0,125.0,0,0,7.39,-16.27,-2.90,-0.023,0.034,0.005,1.000,0.100,0.100,0.100,1,7.8,102.0,762,804,1,0,1,0,16,416,115,0
19.56,climb_cruise,447.3,447.3,33936.7,-24697,-42.76,-177.58,327.06,9.44,15.0,125.0,0,0,7.40,-16.26,-2.89,-0.023,0.034,0.005,1.000,0.100,0.100,0.100,1,7.8,102.0,762,804,1,0,1,0,16,416,115,0
19.58,climb_cruise,447.5,447.5,33928.4,-24809,-42.91,-177.95,327.13,9.46,15.0,125.0,0,0,7.41,-16.26,-2.88,-0.023,0.034,0.005,1.000,0.100,0.100,0.100,1,7.7,102.0,762,804,1,0,1,0,16,416,114,0
19.60,climb_cruise,447.6,447.6,33920.1,-24920,-43.06,-178.33,327.20,9.48,15.0,125.0,0,0,7.42,-16.25,-2.87,-0.023,0.034,0.005,1.000,0.100,0.100,0.100,1,7.7,102.0,762,804,1,0,1,0,16,416,115,0
19.62,climb_cruise,447.8,447.8,33911.8,-25032,-43.21,-178.70,327.27,9.49,15.0,125.0,0,0,7.43,-16.24,-2.86,-0.023,0.034,0.005,1.000,0.100,0.100,0.100,1,7.7,102.0,762,804,1,0,1,0,16,416,114,0
19.64,climb_cruise,447.9,447.9,33903.4,-25144,-43.36,-179.08,327.35,9.51,15.0,125.0,0,0,7.44,-16.23,-2.85,-0.023,0.034,0.005,1.000,0.100,0.100,0.100,1,7.7,102.0,762,804,1,0,1,0,16,416,115,0
19.66,climb_cruise,448.1,448.1,33895.0,-25255,-43.51,-179.45,327.42,9.53,15.0,125.0,0,0,7.45,-16.22,-2.84,-0.023,0.034,0.005,1.000,0.100,0.100,0.100,1,7.7,102.0,762,804,1,0,1,0,16,416,115,0
19.68,climb_cruise,448.2,448.2,33886.6,-25367,-43.66,-179.83,327.50,9.55,15.0,125.0,0,0,7.46,-16.21,-2.84,-0.023,0.034,0.005,1.000,0.100,0.100,0.100,1,7.7,102.0,762,804,1,0,1,0,16,416,115,0
19.70,climb_cruise,448.4,448.4,33878.1,-25479,-43.81,179.79,327.58,9.57,15.0,125.0,0,0,7.47,-16.20,-2.83,-0.023,0.034,0.005,1.000,0.100,0.100,0.100,1,7.7,102.0,762,804,1,0,1,0,16,416,116,0
19.72,climb_cruise,448.5,448.5,33869.6,-25591,-43.96,179.41,327.66,9.58,15.0,125.0,0,0,7.48,-16.20,-2.82,-0.023,0.034,0.005,1.000,0.100,0.100,0.100,1,7.6,102.0,762,804,1,0,1,0,16,416,114,0
19.74,climb_cruise,448.7,448.7,33861.1,-25703,-44.11,179.03,327.74,9.60,15.0,125.0,0,0,7.49,-16.19,-2.81,-0.023,0.034,0.005,1.000,0.100,0.100,0.100,1,7.6,102.0,762,804,1,0,1,0,16,416,115,0
19.76,climb_cruise,448.8,448.8,33852.5,-25814,-44.26,178.65,327.82,9.62,15.0,125.0,0,0,7.49,-16.18,-2.80,-0.023,0.034,0.005,1.000,0.100,0.100,0.100,1,7.6,102.0,762,804,1,0,1,0,16,416,114,0
19.78,climb_cruise,449.0,449.0,33843.9,-25926,-44.41,178.27,327.91,9.64,15.0,125.0,0,0,7.50,-16.17,-2.79,-0.023,0.034,0.005,1.000,0.100,0.100,0.100,1,7.6,102.0,762,804,1,0,1,0,16,416,115,0
19.80,climb_cruise,449.2,449.2,33835.2,-26038,-44.55,177.88,327.99,9.66,15.0,125.0,0,0,7.51,-16.16,-2.78,-0.023,0.034,0.005,1.000,0.100,0.100,0.100,1,7.6,102.0,762,804,1,0,1,0,16,416,114,0
19.82,climb_cruise,449.3,449.3,33826.5,-26150,-44.70,177.50,328.08,9.67,15.0,125.0,0,0,7.52,-16.15,-2.78,-0.023,0.034,0.005,1.000,0.100,0.100,0.100,1,7.6,102.0,762,804,1,0,1,0,16,416,115,0
19.84,climb_cruise,449.5,449.5,33817.8,-26262,-44.85,177.11,328.17,9.69,15.0,125.0,0,0,7.53,-16.14,-2.77,-0.023,0.034,0.005,1.000,0.100,0.100,0.100,1,7.5,102.0,762,804,1,0,1,0,16,416,114,0
19.86,climb_cruise,449.6,449.6,33809.0,-26374,-45.00,176.73,328.26,9.71,15.0,125.0,0,0,7.54,-16.13,-2.76,-0.023,0.034,0.005,1.000,0.100,0.100,0.100,1,7.5,102.0,762,804,1,0,1,0,16,416,115,0
19.88,climb_cruise,449.8,449.8,33800.2,-26486,-45.15,176.34,328.35,9.73,15.0,125.0,0,0,7.55,-16.13,-2.75,-0.023,0.033,0.005,1.000,0.100,0.100,0.100,1,7.5,102.0,762,804,1,0,1,0,16,416,115,0
19.90,climb_cruise,450.0,450.0,33791.4,-26598,-45.29,175.95,328.44,9.75,15.0,125.0,0,0,7.56,-16.15,-2.74,-0.023,0.032,0.005,1.000,0.100,0.100,0.100,1,7.5,102.0,762,804,1,0,1,0,16,416,115,0
19.92,climb_cruise,450.1,450.1,33782.5,-26710,-45.44,175.56,328.53,9.76,15.0,125.0,0,0,7.57,-16.16,-2.73,-0.023,0.031,0.005,1.000,0.100,0.100,0.100,1,7.5,102.0,762,804,1,0,1,0,16,416,116,0
19.94,climb_cruise,450.3,450.3,33773.6,-26822,-45.59,175.17,328.63,9.78,15.0,125.0,0,0,7.57,-16.18,-2.72,-0.023,0.030,0.005,1.000,0.100,0.100,0.100,1,7.5,102.0,762,804,1,0,1,0,16,416,115,0
19.96,climb_cruise,450.5,450.5,33764.6,-26934,-45.73,174.78,328.72,9.80,15.0,125.0,0,0,7.58,-16.20,-2.72,-0.023,0.029,0.005,1.000,0.100,0.100,0.100,1,7.5,102.0,762,804,1,0,1,0,16,416,116,0
19.98,climb_cruise,450.6,450.6,33755.6,-27045,-45.88,174.39,328.82,9.82,15.0,125.0,0,0,7.59,-16.22,-2.71,-0.023,0.028,0.005,1.000,0.100,0.100,0.100,1,7.4,102.0,762,804,1,0,1,0,16,416,114,0
20.00,climb_cruise,450.8,450.8,33746.6,-27157,-46.02,173.99,328.92,9.84,15.0,125.0,0,0,7.60,-16.23,-2.70,-0.023,0.027,0.005,1.000,0.100,0.100,0.100,1,7.4,102.0,762,804,1,0,1,0,16,416,114,0
20.02,climb_cruise,451.0,451.0,33737.5,-27269,-46.17,173.59,329.02,9.86,15.0,125.0,0,0,7.61,-16.25,-2.70,-0.023,0.026,0.005,1.000,0.100,0.100,0.100,1,7.4,102.0,762,804,1,0,1,0,16,416,114,0
20.04,climb_cruise,451.1,451.1,33728.4,-27381,-46.31,173.19,329.12,9.87,15.0,125.0,0,0,7.61,-16.27,-2.69,-0.023,0.025,0.005,1.000,0.100,0.100,0.100,1,7.4,102.0,762,804,1,0,1,0,16,416,115,0
20.06,climb_cruise,451.3,451.3,33719.3,-27493,-46.46,172.79,329.23,9.89,15.0,125.0,0,0,7.62,-16.29,-2.68,-0.023,0.024,0.005,1.000,0.100,0.100,0.100,1,7.4,102.0,762,804,1,0,1,0,16,416,114,0
20.08,climb_cruise,451.5,451.5,33710.1,-27605,-46.60,172.39,329.34,9.91,15.0,125.0,0,0,7.63,-16.31,-2.68,-0.023,0.023,0.005,1.000,0.100,0.100,0.100,1,7.4,102.0,762,804,1,0,1,0,16,416,115,0
20.10,climb_cruise,451.6,451.6,33700.9,-27716,-46.75,171.98,329.44,9.93,15.0,125.0,0,0,7.63,-16.33,-2.67,-0.023,0.022,0.005,1.000,0.100,0.100,0.100,1,7.4,102.0,762,804,1,0,1,0,16,416,116,0
20.12,climb_cruise,451.8,451.8,33691.6,-27828,-46.89,171.58,329.55,9.95,15.0,125.0,0,0,7.64,-16.35,-2.67,-0.023,0.021,0.005,1.000,0.100,0.100,0.100,1,7.3,102.0,762,804,1,0,1,0,16,416,115,0
20.14,climb_cruise,452.0,452.0,33682.4,-27940,-47.03,171.17,329.66,9.97,15.0,125.0,0,0,7.65,-16.37,-2.66,-0.023,0.020,0.005,1.000,0.100,0.100,0.100,1,7.3,102.0,762,804,1,0,1,0,16,416,115,0
20.16,climb_cruise,452.2,452.2,33673.0,-28051,-47.18,170.76,329.78,9.99,15.0,125.0,0,0,7.65,-16.39,-2.66,-0.023,0.019,0.005,1.000,0.100,0.100,0.100,1,7.3,102.0,762,804,1,0,1,0,16,416,116,0
20.18,climb_cruise,452.3,452.3,33663.7,-28163,-47.32,170.35,329.89,10.00,15.0,125.0,0,0,7.66,-16.41,-2.65,-0.023,0.018,0.005,1.000,0.100,0.100,0.100,1,7.3,102.0,762,804,1,0,1,0,16,416,116,0
20.20,climb_cruise,452.5,452.5,33654.3,-28274,-47.46,169.93,330.01,10.02,15.0,125.0,0,0,7.66,-16.43,-2.65,-0.023,0.017,0.005,1.000,0.100,0.100,0.100,1,7.3,102.0,762,804,1,0,1,0,16,416,115,0
20.22,climb_cruise,452.7,452.7,33644.8,-28386,-47.60,169.52,330.12,10.04,15.0,125.0,0,0,7.67,-16.45,-2.65,-0.023,0.016,0.005,1.000,0.100,0.100,0.100,1,7.3,102.0,762,804,1,0,1,0,16,416,115,0
20.24,climb_cruise,452.9,452.9,33635.3,-28497,-47.74,169.10,330.24,10.06,15.0,125.0,0,0,7.68,-16.47,-2.65,-0.023,0.015,0.005,1.000,0.100,0.100,0.100,1,7.2,102.0,762,804,1,0,1,0,16,416,115,0
20.26,climb_cruise,453.0,453.0,33625.8,-28609,-47.88,168.68,330.36,10.08,15.0,125.0,0,0,7.68,-16.49,-2.64,-0.023,0.014,0.005,1.000,0.100,0.100,0.100,1,7.2,102.0,762,804,1,0,1,0,16,416,114,0
20.28,climb_cruise,453.2,453.2,33616.3,-28720,-48.02,168.26,330.49,10.10,15.0,125.0,0,0,7.69,-16.51,-2.64,-0.023,0.013,0.005,1.000,0.100,0.100,0.100,1,7.2,102.0,762,804,1,0,1,0,16,416,115,0
20.30,climb_cruise,453.4,453.4,33606.7,-28831,-48.16,167.84,330.61,10.11,15.0,125.0,0,0,7.69,-16.53,-2.64,-0.023,0.012,0.005,1.000,0.100,0.100,0.100,1,7.2,102.0,762,804,1,0,1,0,16,416,115,0
20.32,climb_cruise,453.6,453.6,33597.1,-28942,-48.30,167.41,330.74,10.13,15.0,125.0,0,0,7.70,-16.55,-2.64,-0.023,0.011,0.005,1.000,0.100,0.100,0.100,1,7.2,102.0,762,804,1,0,1,0,16,416,114,0
20.34,climb_cruise,453.8,453.8,33587.4,-29053,-48.44,166.98,330.87,10.15,15.0,125.0,0,0,7.70,-16.57,-2.63,-0.023,0.010,0.005,1.000,0.100,0.100,0.100,1,7.2,102.0,762,804,1,0,1,0,16,416,115,0
20.36,climb_cruise,453.9,453.9,33577.7,-29164,-48.58,166.55,331.00,10.17,15.0,125.0,0,0,7.71,-16.59,-2.63,-0.023,0.009,0.005,1.000,0.100,0.100,0.100,1,7.2,102.0,762,804,1,0,1,0,16,416,115,0
20.38,climb_cruise,454.1,454.1,33568.0,-29275,-48.72,166.12,331.13,10.19,15.0,125.0,0,0,7.72,-16.61,-2.63,-0.023,0.008,0.005,1.000,0.100,0.100,0.100,1,7.1,102.0,762,804,1,0,1,0,16,416,115,0
20.40,climb_cruise,454.3,454.3,33558.2,-29386,-48.85,165.69,331.27,10.21,15.0,125.0,0,0,7.72,-16.63,-2.63,-0.023,0.007,0.005,1.000,0.100,0.100,0.100,1,7.1,102.0,762,804,1,0,1,0,16,416,116,0
20.42,climb_cruise,454.5,454.5,33548.4,-29497,-48.99,165.25,331.40,10.22,15.0,125.0,0,0,7.73,-16.66,-2.63,-0.023,0.006,0.005,1.000,0.100,0.100,0.100,1,7.1,102.0,762,804,1,0,1,0,16,416,114,0
20.44,climb_cruise,454.7,454.7,33538.5,-29607,-49.13,164.81,331.54,10.24,15.0,125.0,0,0,7.73,-16.68,-2.62,-0.023,0.005,0.005,1.000,0.100,0.100,0.100,1,7.1,102.0,762,804,1,0,1,0,16,416,115,0
20.46,climb_cruise,454.8,454.8,33528.7,-29718,-49.26,164.37,331.68,10.26,15.0,125.0,0,0,7.74,-16.70,-2.62,-0.023,0.004,0.005,1.000,0.100,0.100,0.100,1,7.1,102.0,762,804,1,0,1,0,16,416,116,0
20.48,climb_cruise,455.0,455.0,33518.7,-29828,-49.40,163.93,331.82,10.28,15.0,125.0,0,0,7.74,-16.72,-2.62,-0.023,0.003,0.005,1.000,0.100,0.100,0.100,1,7.1,102.0,762,804,1,0,1,0,16,416,115,0
20.50,climb_cruise,455.2,455.2,33508.8,-29939,-49.53,163.49,331.97,10.30,15.0,125.0,0,0,7.75,-16.74,-2.62,-0.023,0.002,0.005,1.000,0.100,0.100,0.100,1,7.1,102.0,762,804,1,0,1,0,16,416,115,0
20.52,climb_cruise,455.4,455.4,33498.8,-30049,-49.66,163.04,332.11,10.32,15.0,125.0,0,0,7.76,-16.76,-2.62,-0.023,0.001,0.005,1.000,0.100,0.100,0.100,1,7.0,102.0,762,804,1,0,1,0,16,416,115,0
20.54,climb_cruise,455.6,455.6,33488.8,-30159,-49.80,162.59,332.26,10.33,15.0,125.0,0,0,7.76,-16.78,-2.62,-0.023,-0.000,0.005,1.000,0.100,0.100,0.100,1,7.0,102.0,762,804,1,0,1,0,16,416,114,0
20.56,climb_cruise,455.8,455.8,33478.7,-30269,-49.93,162.14,332.41,10.35,15.0,125.0,0,0,7.77,-16.81,-2.61,-0.023,-0.001,0.005,1.000,0.100,0.100,0.100,1,7.0,102.0,762,804,1,0,1,0,16,416,115,0
20.58,climb_cruise,456.0,456.0,33468.6,-30379,-50.06,161.69,332.56,10.37,15.0,125.0,0,0,7.77,-16.83,-2.61,-0.023,-0.002,0.005,1.000,0.100,0.100,0.100,1,7.0,102.0,762,804,1,0,1,0,16,416,116,0
20.60,climb_cruise,456.2,456.2,33458.4,-30489,-50.19,161.23,332.72,10.39,15.0,125.0,0,0,7.78,-16.85,-2.61,-0.023,-0.003,0.005,1.000,0.100,0.100,0.100,1,7.0,102.0,762,804,1,0,1,0,16,416,114,0
20.62,climb_cruise,456.3,456.3,33448.3,-30598,-50.32,160.78,332.88,10.41,15.0,125.0,0,0,7.78,-16.87,-2.61,-0.023,-0.004,0.005,1.000,0.100,0.100,0.100,1,7.0,102.0,762,804,1,0,1,0,16,416,115,0
20.64,climb_cruise,456.5,456.5,33438.0,-30708,-50.45,160.32,333.03,10.43,15.0,125.0,0,0,7.79,-16.89,-2.61,-0.023,-0.005,0.005,1.000,0.100,0.100,0.100,1,7.0,102.0,762,804,1,0,1,0,16,416,116,0
20.66,climb_cruise,456.7,456.7,33427.8,-30817,-50.58,159.86,333.19,10.45,15.0,125.0,0,0,7.79,-16.91,-2.61,-0.023,-0.006,0.005,1.000,0.100,0.100,0.100,1,7.0,102.0,762,804,1,0,1,0,16,416,115,0
20.68,climb_cruise,456.9,456.9,33417.5,-30926,-50.71,159.39,333.36,10.46,15.0,125.0,0,0,7.80,-16.93,-2.61,-0.023,-0.007,0.005,1.000,0.100,0.100,0.100,1,6.9,102.0,762,804,1,0,1,0,16,416,115,0
20.70,climb_cruise,457.1,457.1,33407.2,-31035,-50.83,158.92,333.52,10.48,15.0,125.0,0,0,7.80,-16.96,-2.60,-0.023,-0.008,0.005,1.000,0.100,0.100,0.100,1,6.9,102.0,762,804,1,0,1,0,16,416,116,0
20.72,climb_cruise,457.3,457.3,33396.8,-31144,-50.96,158.46,333.69,10.50,15.0,125.0,0,0,7.81,-16.98,-2.60,-0.023,-0.009,0.005,1.000,0.100,0.100,0.100,1,6.9,102.0,762,804,1,0,1,0,16,416,116,0
20.74,climb_cruise,457.5,457.5,33386.4,-31253,-51.09,157.98,333.86,10.52,15.0,125.0,0,0,7.81,-17.00,-2.60,-0.023,-0.010,0.005,1.000,0.100,0.100,0.100,1,6.9,102.0,762,804,1,0,1,0,16,416,115,0
20.76,climb_cruise,457.7,457.7,33376.0,-31362,-51.21,157.51,334.03,10.54,15.0,125.0,0,0,7.82,-17.02,-2.60,-0.023,-0.011,0.005,1.000,0.100,0.100,0.100,1,6.9,102.0,762,804,1,0,1,0,16,416,116,0
20.78,climb_cruise,457.9,457.9,33365.5,-31470,-51.34,157.03,334.20,10.56,15.0,125.0,0,0,7.82,-17.04,-2.60,-0.023,-0.012,0.005,1.000,0.100,0.100,0.100,1,6.9,102.0,762,804,1,0,1,0,16,416,115,0
20.80,climb_cruise,458.1,458.1,33355.0,-31578,-51.46,156.56,334.38,10.57,15.0,125.0,0,0,7.83,-17.06,-2.60,-0.023,-0.013,0.005,1.000,0.100,0.100,0.100,1,6.9,102.0,762,804,1,0,1,0,16,416,115,0
20.82,climb_cruise,458.3,458.3,33344.5,-31686,-51.58,156.08,334.56,10.59,15.0,125.0,0,0,7.83,-17.09,-2.60,-0.023,-0.014,0.005,1.000,0.100,0.100,0.100,1,6.8,102.0,762,804,1,0,1,0,16,416,114,0
20.84,climb_cruise,458.5,458.5,33333.9,-31794,-51.70,155.59,334.74,10.61,15.0,125.0,0,0,7.84,-17.11,-2.60,-0.023,-0.015,0.005,1.000,0.100,0.100,0.100,1,6.8,102.0,762,804,1,0,1,0,16,416,115,0
20.86,climb_cruise,458.7,458.7,33323.3,-31902,-51.83,155.11,334.92,10.63,15.0,125.0,0,0,7.84,-17.13,-2.60,-0.023,-0.016,0.005,1.000,0.100,0.100,0.100,1,6.8,102.0,762,804,1,0,1,0,16,416,116,0
20.88,climb_cruise,458.9,458.9,33312.6,-32010,-51.95,154.62,335.10,10.65,15.0,125.0,0,0,7.85,-17.15,-2.60,-0.023,-0.017,0.005,1.000,0.100,0.100,0.100,1,6.8,102.0,762,804,1,0,1,0,16,416,115,0
20.90,climb_cruise,459.1,459.1,33302.0,-32117,-52.06,154.13,335.29,10.67,15.0,125.0,0,0,7.85,-17.17,-2.60,-0.023,-0.019,0.005,1.000,0.100,0.100,0.100,1,6.8,102.0,762,804,1,0,1,0,16,416,116,0
20.92,climb_cruise,459.3,459.3,33291.2,-32224,-52.18,153.64,335.48,10.69,15.0,125.0,0,0,7.86,-17.19,-2.59,-0.023,-0.020,0.005,1.000,0.100,0.100,0.100,1,6.8,102.0,762,804,1,0,1,0,16,416,116,0
20.94,climb_cruise,459.5,459.5,33280.5,-32331,-52.30,153.14,335.67,10.70,15.0,125.0,0,0,7.86,-17.22,-2.59,-0.023,-0.021,0.005,1.000,0.100,0.100,0.100,1,6.8,102.0,762,804,1,0,1,0,16,416,114,0
20.96,climb_cruise,459.7,459.7,33269.7,-32438,-52.42,152.64,335.86,10.72,15.0,125.0,0,0,7.87,-17.24,-2.59,-0.023,-0.022,0.005,1.000,0.100,0.100,0.100,1,6.7,102.0,762,804,1,0,1,0,16,416,116,0
20.98,climb_cruise,459.9,459.9,33258.9,-32544,-52.53,152.15,336.06,10.74,15.0,125.0,0,0,7.87,-17.26,-2.59,-0.023,-0.023,0.005,1.000,0.100,0.100,0.100,1,6.7,102.0,762,804,1,0,1,0,16,416,116,0
21.00,climb_cruise,460.1,460.1,33248.0,-32651,-52.65,151.64,336.25,10.76,15.0,125.0,0,0,7.88,-17.28,-2.59,-0.023,-0.024,0.005,1.000,0.100,0.100,0.100,1,6.7,102.0,762,804,1,0,1,0,16,416,114,0
21.02,climb_cruise,460.3,460.3,33237.1,-32757,-52.76,151.14,336.45,10.78,15.0,125.0,0,0,7.88,-17.30,-2.59,-0.023,-0.025,0.005,1.000,0.100,0.100,0.100,1,6.7,102.0,762,804,1,0,1,0,16,416,116,0
21.04,climb_cruise,460.5,460.5,33226.2,-32863,-52.87,150.63,336.65,10.80,15.0,125.0,0,0,7.89,-17.32,-2.59,-0.023,-0.026,0.005,1.000,0.100,0.100,0.100,1,6.7,102.0,762,804,1,0,1,0,16,416,116,0
21.06,climb_cruise,460.7,460.7,33215.2,-32968,-52.98,150.12,336.86,10.82,15.0,125.0,0,0,7.89,-17.35,-2.59,-0.023,-0.027,0.005,1.000,0.100,0.100,0.100,1,6.7,102.0,762,804,1,0,1,0,16,416,115,0
21.08,climb_cruise,460.9,460.9,33204.2,-33074,-53.10,149.61,337.07,10.83,15.0,125.0,0,0,7.90,-17.37,-2.59,-0.023,-0.028,0.005,1.000,0.100,0.100,0.100,1,6.7,102.0,762,804,1,0,1,0,16,416,116,0
21.10,climb_cruise,461.1,461.1,33193.2,-33179,-53.20,149.09,337.27,10.85,15.0,125.0,0,0,7.90,-17.39,-2.59,-0.023,-0.029,0.005,1.000,0.100,0.100,0.100,1,6.7,102.0,762,804,1,0,1,0,16,416,114,0
21.12,climb_cruise,461.3,461.3,33182.1,-33284,-53.31,148.58,337.49,10.87,15.0,125.0,0,0,7.91,-17.41,-2.59,-0.023,-0.030,0.005,1.000,0.100,0.100,0.100,1,6.6,102.0,762,804,1,0,1,0,16,416,115,0
21.14,climb_cruise,461.5,461.5,33171.0,-33389,-53.42,148.06,337.70,10.89,15.0,125.0,0,0,7.91,-17.43,-2.59,-0.023,-0.031,0.005,1.000,0.100,0.100,0.100,1,6.6,102.0,762,804,1,0,1,0,16,416,115,0
21.16,climb_cruise,461.7,461.7,33159.8,-33493,-53.53,147.54,337.91,10.91,15.0,125.0,0,0,7.92,-17.46,-2.59,-0.023,-0.032,0.005,1.000,0.100,0.100,0.100,1,6.6,102.0,762,804,1,0,1,0,16,416,115,0
21.18,climb_cruise,461.9,461.9,33148.7,-33597,-53.63,147.01,338.13,10.93,15.0,125.0,0,0,7.92,-17.48,-2.59,-0.023,-0.033,0.005,1.000,0.100,0.100,0.100,1,6.6,102.0,762,804,1,0,1,0,16,416,116,0
21.20,climb_cruise,462.2,462.2,33137.4,-33701,-53.74,146.48,338.35,10.94,15.0,125.0,0,0,7.93,-17.50,-2.59,-0.023,-0.034,0.005,1.000,0.100,0.100,0.100,1,6.6,102.0,762,804,1,0,1,0,16,416,114,0
21.22,climb_cruise,462.4,462.4,33126.2,-33805,-53.84,145.95,338.57,10.96,15.0,125.0,0,0,7.93,-17.51,-2.59,-0.023,-0.034,0.005,1.000,0.100,0.100,0.100,1,6.6,102.0,762,804,1,0,1,0,16,416,116,0
21.24,climb_cruise,462.6,462.6,33114.9,-33909,-53.94,145.42,338.80,10.98,15.0,125.0,0,0,7.93,-17.51,-2.60,-0.023,-0.034,0.005,1.000,0.100,0.100,0.100,1,6.6,102.0,762,804,1,0,1,0,16,416,114,0
21.26,climb_cruise,462.8,462.8,33103.6,-34012,-54.04,144.89,339.03,11.00,15.0,125.0,0,0,7.94,-17.50,-2.60,-0.023,-0.034,0.005,1.000,0.100,0.100,0.100,1,6.5,102.0,762,804,1,0,1,0,16,416,116,0
21.28,climb_cruise,463.0,463.0,33092.2,-34115,-54.14,144.35,339.25,11.02,15.0,125.0,0,0,7.94,-17.49,-2.60,-0.023,-0.034,0.005,1.000,0.100,0.100,0.100,1,6.5,102.0,762,804,1,0,1,0,16,416,114,0
21.30,climb_cruise,463.2,463.2,33080.9,-34217,-54.24,143.82,339.49,11.04,15.0,125.0,0,0,7.95,-17.49,-2.60,-0.023,-0.034,0.005,1.000,0.100,0.100,0.100,1,6.5,102.0,762,804,1,0,1,0,16,416,115,0
21.32,climb_cruise,463.4,463.4,33069.4,-34320,-54.34,143.28,339.72,11.05,15.0,125.0,0,0,7.76,-16.83,-2.63,0.000,0.000,0.000,1.000,0.100,0.100,0.100,1,6.5,102.0,762,804,1,0,1,0,16,416,115,0
21.34,climb_cruise,463.6,463.6,33058.0,-34422,-54.43,142.76,339.95,11.07,15.0,125.0,0,0,7.62,-16.64,-2.66,0.000,0.000,0.000,1.000,0.100,0.100,0.100,1,6.5,102.0,762,804,1,0,1,0,16,416,115,0
21.36,climb_cruise,463.9,463.9,33046.5,-34523,-54.51,142.24,340.18,11.08,15.0,125.0,0,0,7.52,-16.61,-2.68,0.000,0.000,0.000,1.000,0.100,0.100,0.100,1,6.5,102.0,762,804,1,0,1,0,16,416,116,0
21.38,climb_cruise,464.1,464.1,33035.0,-34625,-54.60,141.72,340.41,11.09,15.0,125.0,0,0,7.47,-16.61,-2.68,0.000,0.000,0.000,1.000,0.100,0.100,0.100,1,6.5,102.0,762,804,1,0,1,0,16,416,115,0
21.40,climb_cruise,464.3,464.3,33023.4,-34726,-54.68,141.20,340.65,11.09,15.0,125.0,0,0,7.45,-16.62,-2.68,0.000,0.000,0.000,1.000,0.100,0.100,0.100,1,6.5,102.0,762,804,1,0,1,0,16,416,114,0
21.42,climb_cruise,464.5,464.5,33011.8,-34827,-54.77,140.67,340.88,11.10,15.0,125.0,0,0,7.47,-16.63,-2.67,0.000,0.000,0.000,1.000,0.100,0.100,0.100,1,6.4,102.0,762,804,1,0,1,0,16,416,115,0
21.44,climb_cruise,464.7,464.7,33000.2,-34927,-54.85,140.15,341.12,11.11,15.0,125.0,0,0,7.50,-16.63,-2.66,0.000,0.000,0.000,1.000,0.100,0.100,0.100,1,6.4,102.0,762,804,1,0,1,0,16,416,116,0
21.46,climb_cruise,464.9,464.9,32988.5,-35027,-54.93,139.62,341.36,11.12,15.0,125.0,0,0,7.56,-16.62,-2.64,0.000,0.000,0.000,1.000,0.100,0.100,0.100,1,6.4,102.0,762,804,1,0,1,0,16,416,116,0
21.48,climb_cruise,465.1,465.1,32976.9,-35127,-55.01,139.09,341.60,11.13,15.0,125.0,0,0,7.62,-16.62,-2.62,0.000,0.000,0.000,1.000,0.100,0.100,0.100,1,6.4,102.0,762,804,1,0,1,0,16,416,115,0
21.50,climb_cruise,465.4,465.4,32965.1,-35226,-55.09,138.56,341.84,11.14,15.0,125.0,0,0,7.69,-16.60,-2.60,0.000,0.000,0.000,1.000,0.100,0.100,0.100,1,6.4,102.0,762,804,1,0,1,0,16,416,114,0
21.52,climb_cruise,465.6,465.6,32953.4,-35325,-55.17,138.02,342.09,11.15,15.0,125.0,0,0,7.77,-16.59,-2.58,0.000,0.000,0.000,1.000,0.100,0.100,0.100,1,6.4,102.0,762,804,1,0,1,0,16,416,115,0
21.54,climb_cruise,465.8,465.8,32941.6,-35423,-55.25,137.48,342.34,11.16,15.0,125.0,0,0,7.84,-16.57,-2.55,0.000,0.000,0.000,1.000,0.100,0.100,0.100,1,6.4,102.0,762,804,1,0,1,0,16,416,115,0
21.56,climb_cruise,466.0,466.0,32929.8,-35522,-55.33,136.94,342.60,11.18,15.0,125.0,0,0,7.90,-16.55,-2.52,0.000,0.000,0.000,1.000,0.100,0.100,0.100,1,6.4,102.0,762,804,1,0,1,0,16,416,114,0
21.58,climb_cruise,466.2,466.2,32917.9,-35620,-55.41,136.40,342.85,11.19,15.0,125.0,0,0,7.96,-16.53,-2.50,0.000,0.000,0.000,1.000,0.100,0.100,0.100,1,6.3,102.0,762,804,1,0,1,0,16,416,114,0
21.60,climb_cruise,466.5,466.5,32906.0,-35717,-55.49,135.86,343.11,11.21,15.0,125.0,0,0,8.02,-16.51,-2.47,0.000,0.000,0.000,1.000,0.100,0.100,0.100,1,6.3,102.0,762,804,1,0,1,0,16,416,114,0
21.62,climb_cruise,466.7,466.7,32894.1,-35814,-55.57,135.31,343.37,11.23,15.0,125.0,0,0,8.06,-16.48,-2.45,0.000,0.000,0.000,1.000,0.100,0.100,0.100,1,6.3,102.0,762,804,1,0,1,0,16,416,115,0
21.64,climb_cruise,466.9,466.9,32882.2,-35911,-55.65,134.77,343.63,11.25,15.0,125.0,0,0,8.10,-16.46,-2.43,0.000,0.000,0.000,1.000,0.100,0.100,0.100,1,6.3,102.0,762,804,1,0,1,0,16,416,115,0
21.66,climb_cruise,467.1,467.1,32870.2,-36008,-55.73,134.22,343.90,11.27,15.0,125.0,0,0,8.13,-16.44,-2.41,0.000,0.000,0.000,1.000,0.100,0.100,0.100,1,6.3,102.0,762,804,1,0,1,0,16,416,116,0
21.68,climb_cruise,467.4,467.4,32858.2,-36104,-55.81,133.67,344.17,11.28,15.0,125.0,0,0,8.15,-16.42,-2.39,0.000,0.000,0.000,1.000,0.100,0.100,0.100,1,6.3,102.0,762,804,1,0,1,0,16,416,116,0
21.70,climb_cruise,467.6,467.6,32846.1,-36200,-55.89,133.12,344.44,11.30,15.0,125.0,0,0,8.16,-16.40,-2.37,0.000,0.000,0.000,1.000,0.100,0.100,0.100,1,6.3,102.0,762,804,1,0,1,0,16,416,116,0
21.72,climb_cruise,467.8,467.8,32834.0,-36296,-55.97,132.56,344.71,11.32,15.0,125.0,0,0,8.17,-16.38,-2.35,0.000,0.000,0.000,1.000,0.100,0.100,0.100,1,6.3,102.0,762,804,1,0,1,0,16,416,115,0
21.74,climb_cruise,468.0,468.0,32821.9,-36391,-56.04,132.01,344.98,11.34,15.0,125.0,0,0,8.18,-16.36,-2.34,0.000,0.000,0.000,1.000,0.100,0.100,0.100,1,6.2,102.0,762,804,1,0,1,0,16,416,115,0
21.76,climb_cruise,468.2,468.2,32809.8,-36485,-56.11,131.46,345.26,11.36,15.0,125.0,0,0,8.18,-16.34,-2.32,0.000,0.000,0.000,1.000,0.100,0.100,0.100,1,6.2,102.0,762,804,1,0,1,0,16,416,114,0
21.78,climb_cruise,468.5,468.5,32797.6,-36580,-56.19,130.90,345.53,11.38,15.0,125.0,0,0,8.18,-16.32,-2.31,0.000,0.000,0.000,1.000,0.100,0.100,0.100,1,6.2,102.0,762,804,1,0,1,0,16,416,115,0
21.80,climb_cruise,468.7,468.7,32785.4,-36674,-56.26,130.34,345.81,11.40,15.0,125.0,0,0,8.18,-16.30,-2.30,0.000,0.000,0.000,1.000,0.100,0.100,0.100,1,6.2,102.0,762,804,1,0,1,0,16,416,116,0
21.82,climb_cruise,468.9,468.9,32773.2,-36768,-56.33,129.79,346.09,11.42,15.0,125.0,0,0,8.17,-16.28,-2.29,0.000,0.000,0.000,1.000,0.100,0.100,0.100,1,6.2,102.0,762,804,1,0,1,0,16,416,115,0
21.84,climb_cruise,469.2,469.2,32760.9,-36861,-56.40,129.23,346.37,11.44,15.0,125.0,0,0,8.17,-16.27,-2.29,0.000,0.000,0.000,1.000,0.100,0.100,0.100,1,6.2,102.0,762,804,1,0,1,0,16,416,115,0
21.86,climb_cruise,469.4,469.4,32748.6,-36954,-56.46,128.67,346.65,11.46,15.0,125.0,0,0,8.16,-16.25,-2.28,0.000,0.000,0.000,1.000,0.100,0.100,0.100,1,6.2,102.0,762,804,1,0,1,0,16,416,114,0
21.88,climb_cruise,469.6,469.6,32736.3,-37046,-56.53,128.11,346.93,11.48,15.0,125.0,0,0,8.16,-16.24,-2.28,0.000,0.000,0.000,1.000,0.100,0.100,0.100,1,6.2,102.0,762,804,1,0,1,0,16,416,115,0
21.90,climb_cruise,469.8,469.8,32723.9,-37138,-56.59,127.54,347.22,11.50,15.0,125.0,0,0,8.16,-16.23,-2.27,0.000,0.000,0.000,1.000,0.100,0.100,0.100,1,6.1,102.0,762,804,1,0,1,0,16,416,115,0
21.92,climb_cruise,470.1,470.1,32711.5,-37230,-56.66,126.98,347.50,11.52,15.0,125.0,0,0,8.16,-16.22,-2.27,0.000,0.000,0.000,1.000,0.100,0.100,0.100,1,6.1,102.0,762,804,1,0,1,0,16,416,116,0
21.94,climb_cruise,470.3,470.3,32699.1,-37321,-56.72,126.42,347.79,11.54,15.0,125.0,0,0,8.16,-16.20,-2.26,0.000,0.000,0.000,1.000,0.100,0.100,0.100,1,6.1,102.0,762,804,1,0,1,0,16,416,114,0
21.96,climb_cruise,470.5,470.5,32686.6,-37412,-56.78,125.85,348.08,11.55,15.0,125.0,0,0,8.16,-16.19,-2.26,0.000,0.000,0.000,1.000,0.100,0.100,0.100,1,6.1,102.0,762,804,1,0,1,0,16,416,115,0
21.98,climb_cruise,470.8,470.8,32674.1,-37503,-56.84,125.28,348.37,11.57,15.0,125.0,0,0,8.17,-16.18,-2.26,0.000,0.000,0.000,1.000,0.100,0.100,0.100,1,6.1,102.0,762,804,1,0,1,0,16,416,115,0
22.00,climb_cruise,471.0,471.0,32661.6,-37593,-56.89,124.71,348.66,11.59,15.0,125.0,0,0,8.17,-16.17,-2.26,0.000,0.000,0.000,1.000,0.100,0.100,0.100,1,6.1,102.0,762,804,1,0,1,0,16,416,115,0
22.02,climb_cruise,471.2,471.2,32649.1,-37683,-56.95,124.14,348.96,11.61,15.0,125.0,0,0,8.18,-16.16,-2.26,0.000,0.000,0.000,1.000,0.100,0.100,0.100,1,6.1,102.0,762,804,1,0,1,0,16,416,116,0
22.04,climb_cruise,471.4,471.4,32636.5,-37772,-57.00,123.57,349.25,11.63,15.0,125.0,0,0,8.19,-16.15,-2.25,0.000,0.000,0.000,1.000,0.100,0.100,0.100,1,6.1,102.0,762,804,1,0,1,0,16,416,115,0
22.06,climb_cruise,471.7,471.7,32623.9,-37861,-57.05,123.00,349.55,11.64,15.0,125.0,0,0,8.19,-16.14,-2.25,0.000,0.000,0.000,1.000,0.100,0.100,0.100,1,6.0,102.0,762,804,1,0,1,0,16,416,115,0
22.08,climb_cruise,471.9,471.9,32611.3,-37949,-57.11,122.43,349.85,11.66,15.0,125.0,0,0,8.20,-16.13,-2.25,0.000,0.000,0.000,1.000,0.100,0.100,0.100,1,6.0,102.0,762,804,1,0,1,0,16,416,116,0
22.10,climb_cruise,472.1,472.1,32598.6,-38037,-57.15,121.85,350.15,11.68,15.0,125.0,0,0,8.21,-16.12,-2.25,0.000,0.000,0.000,1.000,0.100,0.100,0.100,1,6.0,102.0,762,804,1,0,1,0,16,416,114,0
22.12,climb_cruise,472.4,472.4,32585.9,-38124,-57.20,121.28,350.45,11.70,15.0,125.0,0,0,8.22,-16.12,-2.25,0.000,0.000,0.000,1.000,0.100,0.100,0.100,1,6.0,102.0,762,804,1,0,1,0,16,416,115,0
22.14,climb_cruise,472.6,472.6,32573.2,-38211,-57.25,120.70,350.76,11.72,15.0,125.0,0,0,8.23,-16.11,-2.25,0.000,0.000,0.000,1.000,0.100,0.100,0.100,1,6.0,102.0,762,804,1,0,1,0,16,416,116,0
22.16,climb_cruise,472.8,472.8,32560.5,-38298,-57.29,120.12,351.06,11.74,15.0,125.0,0,0,8.23,-16.10,-2.25,0.000,0.000,0.000,1.000,0.100,0.100,0.100,1,6.0,102.0,762,804,1,0,1,0,16,416,115,0
22.18,climb_cruise,473.1,473.1,32547.7,-38384,-57.34,119.54,351.37,11.75,15.0,125.0,0,0,8.24,-16.09,-2.25,0.000,0.000,0.000,1.000,0.100,0.100,0.100,1,6.0,102.0,762,804,1,0,1,0,16,416,115,0
22.20,climb_cruise,473.3,473.3,32534.9,-38470,-57.38,118.96,351.67,11.77,15.0,125.0,0,0,8.25,-16.08,-2.25,0.000,0.000,0.000,1.000,0.100,0.100,0.100,1,6.0,102.0,762,804,1,0,1,0,16,416,115,0
22.22,climb_cruise,473.5,473.5,32522.0,-38555,-57.42,118.38,351.98,11.79,15.0,125.0,0,0,8.26,-16.07,-2.25,0.000,0.000,0.000,1.000,0.100,0.100,0.100,1,5.9,102.0,762,804,1,0,1,0,16,416,116,0
22.24,climb_cruise,473.8,473.8,32509.2,-38639,-57.46,117.80,352.29,11.81,15.0,125.0,0,0,8.26,-16.06,-2.24,0.000,0.000,0.000,1.000,0.100,0.100,0.100,1,5.9,102.0,762,804,1,0,1,0,16,416,114,0
22.26,climb_cruise,474.0,474.0,32496.3,-38724,-57.49,117.21,352.60,11.83,15.0,125.0,0,0,8.27,-16.05,-2.24,0.000,0.000,0.000,1.000,0.100,0.100,0.100,1,5.9,102.0,762,804,1,0,1,0,16,416,115,0
22.28,climb_cruise,474.3,474.3,32483.4,-38807,-57.53,116.63,352.92,11.85,15.0,125.0,0,0,8.28,-16.05,-2.24,0.000,0.000,0.000,1.000,0.100,0.100,0.100,1,5.9,102.0,762,804,1,0,1,0,16,416,114,0
22.30,climb_cruise,474.5,474.5,32470.4,-38891,-57.56,116.04,353.23,11.86,15.0,125.0,0,0,8.29,-16.04,-2.24,0.000,0.000,0.000,1.000,0.100,0.100,0.100,1,5.9,102.0,762,804,1,0,1,0,16,416,115,0
22.32,climb_cruise,474.7,474.7,32457.4,-38973,-57.59,115.46,353.55,11.88,15.0,125.0,0,0,8.29,-16.03,-2.24,0.000,0.000,0.000,1.000,0.100,0.100,0.100,1,5.9,102.0,762,804,1,0,1,0,16,416,115,0
22.34,climb_cruise,475.0,475.0,32444.4,-39056,-57.62,114.87,353.86,11.90,15.0,125.0,0,0,8.30,-16.02,-2.24,0.000,0.000,0.000,1.000,0.100,0.100,0.100,1,5.9,102.0,762,804,1,0,1,0,16,416,115,0
22.36,climb_cruise,475.2,475.2,32431.4,-39137,-57.65,114.28,354.18,11.92,15.0,125.0,0,0,8.31,-16.01,-2.24,0.000,0.000,0.000,1.000,0.100,0.100,0.100,1,5.9,102.0,762,804,1,0,1,0,16,416,116,0
22.38,climb_cruise,475.4,475.4,32418.3,-39219,-57.68,113.69,354.50,11.94,15.0,125.0,0,0,8.31,-16.00,-2.24,0.000,0.000,0.000,1.000,0.100,0.100,0.100,1,5.9,102.0,762,804,1,0,1,0,16,416,115,0
22.40,climb_cruise,475.7,475.7,32405.3,-39299,-57.70,113.10,354.82,11.96,15.0,125.0,0,0,8.32,-15.99,-2.24,0.000,0.000,0.000,0.999,0.100,0.100,0.100,1,5.8,102.0,762,804,1,0,1,0,16,416,115,0
22.42,climb_cruise,475.9,475.9,32392.1,-39380,-57.73,112.51,355.14,11.97,15.0,125.0,0,0,8.32,-15.98,-2.24,0.000,0.000,0.000,0.996,0.100,0.100,0.100,1,5.8,102.0,762,804,1,0,1,0,16,416,115,0
22.44,climb_cruise,476.2,476.2,32379.0,-39459,-57.75,111.92,355.46,11.99,15.0,125.0,0,0,8.33,-15.97,-2.23,0.000,0.000,0.000,0.993,0.100,0.100,0.100,1,5.8,102.0,762,804,1,0,1,0,16,416,115,0
22.46,climb_cruise,476.4,476.4,32365.8,-39539,-57.77,111.33,355.78,12.01,15.0,125.0,0,0,8.34,-15.97,-2.23,0.000,0.000,0.000,0.989,0.100,0.100,0.100,1,5.8,102.0,762,804,1,0,1,0,16,416,114,0
22.48,climb_cruise,476.6,476.6,32352.7,-39617,-57.79,110.74,356.10,12.03,15.0,125.0,0,0,8.34,-15.96,-2.23,0.000,0.000,0.000,0.984,0.100,0.100,0.100,1,5.8,102.0,762,804,1,0,1,0,16,416,115,0
22.50,climb_cruise,476.9,476.9,32339.4,-39695,-57.80,110.15,356.42,12.05,15.0,125.0,0,0,8.35,-15.95,-2.23,0.000,0.000,0.000,0.978,0.100,0.100,0.100,1,5.8,102.0,762,804,1,0,1,0,16,416,116,0
22.52,climb_cruise,477.1,477.1,32326.2,-39773,-57.82,109.55,356.75,12.07,15.0,125.0,0,0,8.35,-15.94,-2.23,0.000,0.000,0.000,0.972,0.100,0.100,0.100,1,5.8,102.0,762,804,1,0,1,0,16,416,115,0
22.54,climb_cruise,477.4,477.4,32312.9,-39850,-57.83,108.96,357.07,12.08,15.0,125.0,0,0,8.36,-15.93,-2.23,0.000,0.000,0.000,0.965,0.100,0.100,0.100,1,5.8,102.0,762,804,1,0,1,0,16,416,116,0
22.56,climb_cruise,477.6,477.6,32299.6,-39927,-57.84,108.37,357.39,12.10,15.0,125.0,0,0,8.37,-15.92,-2.23,0.000,0.000,0.000,0.958,0.100,0.100,0.100,1,5.7,102.0,762,804,1,0,1,0,16,416,116,0
22.58,climb_cruise,477.8,477.8,32286.3,-40003,-57.85,107.77,357.72,12.12,15.0,125.0,0,0,8.37,-15.91,-2.22,0.000,0.000,0.000,0.950,0.100,0.100,0.100,1,5.7,102.0,762,803,1,0,1,0,16,416,115,0
22.60,climb_cruise,478.1,478.1,32273.0,-40078,-57.86,107.18,358.05,12.14,15.0,125.0,0,0,8.38,-15.89,-2.22,0.000,0.000,0.000,0.942,0.100,0.100,0.100,1,5.7,102.0,762,803,1,0,1,0,16,416,116,0
22.62,climb_cruise,478.3,478.3,32259.6,-40153,-57.86,106.59,358.37,12.16,15.0,125.0,0,0,8.39,-15.88,-2.21,0.000,0.000,0.000,0.933,0.100,0.100,0.100,1,5.7,101.9,762,803,1,0,1,0,16,416,114,0
22.64,climb_cruise,478.6,478.6,32246.2,-40227,-57.87,105.99,358.70,12.18,15.0,125.0,0,0,8.39,-15.87,-2.21,0.000,0.000,0.000,0.924,0.100,0.100,0.100,1,5.7,101.9,762,803,1,0,1,0,16,416,114,0
22.66,climb_cruise,478.8,478.8,32232.8,-40301,-57.87,105.40,359.02,12.19,15.0,125.0,0,0,8.40,-15.85,-2.20,0.000,0.000,0.000,0.915,0.100,0.100,0.100,1,5.7,101.9,762,803,1,0,1,0,16,416,115,0
22.68,climb_cruise,479.1,479.1,32219.3,-40374,-57.87,104.80,359.35,12.21,15.0,125.0,0,0,8.40,-15.83,-2.19,0.000,0.000,0.000,0.905,0.100,0.100,0.100,1,5.7,101.9,762,803,1,0,1,0,16,416,116,0
22.70,climb_cruise,479.3,479.3,32205.9,-40447,-57.87,104.21,359.68,12.23,15.0,125.0,0,0,8.41,-15.82,-2.19,0.000,0.000,0.000,0.895,0.100,0.100,0.100,1,5.7,101.9,762,802,1,0,1,0,16,416,116,0
22.72,climb_cruise,479.5,479.5,32192.4,-40519,-57.87,103.62,0.00,12.25,15.0,125.0,0,0,8.41,-15.79,-2.17,0.000,0.000,0.000,0.885,0.100,0.100,0.100,1,5.7,101.8,762,802,1,0,1,0,16,416,116,0
22.74,climb_cruise,479.8,479.8,32178.9,-40590,-57.87,103.03,0.33,12.27,15.0,125.0,0,0,8.42,-15.77,-2.16,0.000,0.000,0.000,0.875,0.100,0.100,0.100,1,5.6,101.8,762,802,1,0,1,0,16,416,116,0
22.76,climb_cruise,480.0,480.0,32165.3,-40661,-57.86,102.43,0.66,12.29,15.0,125.0,0,0,8.43,-15.75,-2.15,0.000,0.000,0.000,0.865,0.100,0.100,0.100,1,5.6,101.8,762,801,1,0,1,0,16,416,115,0
22.78,climb_cruise,480.3,480.3,32151.8,-40731,-57.86,101.84,0.98,12.30,15.0,125.0,0,0,8.43,-15.72,-2.13,0.000,0.000,0.000,0.854,0.100,0.100,0.100,1,5.6,101.7,762,801,1,0,1,0,16,416,115,0
22.80,climb_cruise,480.5,480.5,32138.2,-40801,-57.85,101.25,1.31,12.32,15.0,125.0,0,0,8.44,-15.69,-2.12,0.000,0.000,0.000,0.843,0.100,0.100,0.100,1,5.6,101.7,762,801,1,0,1,0,16,416,115,0
22.82,climb_cruise,480.8,480.8,32124.6,-40870,-57.84,100.66,1.64,12.34,15.0,125.0,0,0,8.44,-15.65,-2.10,0.000,0.000,0.000,0.833,0.100,0.100,0.100,1,5.6,101.6,762,800,1,0,1,0,16,416,116,0
22.84,climb_cruise,481.0,481.0,32110.9,-40938,-57.83,100.07,1.96,12.36,15.0,125.0,0,0,8.45,-15.62,-2.07,0.000,0.000,0.000,0.822,0.100,0.100,0.100,1,5.6,101.5,762,800,1,0,1,0,16,416,116,0
22.86,climb_cruise,481.3,481.3,32097.3,-41006,-57.82,99.48,2.29,12.37,15.0,125.0,0,0,8.45,-15.58,-2.05,0.000,0.000,0.000,0.811,0.100,0.100,0.100,1,5.6,101.5,762,800,1,0,1,0,16,416,115,0
22.88,climb_cruise,481.5,481.5,32083.6,-41073,-57.80,98.90,2.62,12.39,15.0,125.0,0,0,8.46,-15.54,-2.03,0.000,0.000,0.000,0.800,0.100,0.100,0.100,1,5.6,101.4,762,799,1,0,1,0,16,416,115,0
22.90,climb_cruise,481.7,481.7,32069.9,-41140,-57.79,98.31,2.94,12.41,15.0,125.0,0,0,8.46,-15.49,-2.00,0.000,0.000,0.000,0.788,0.100,0.100,0.100,1,5.6,101.3,762,799,1,0,1,0,16,416,115,0
22.92,climb_cruise,482.0,482.0,32056.2,-41206,-57.77,97.73,3.27,12.43,15.0,125.0,0,0,8.47,-15.44,-1.97,0.000,0.000,0.000,0.777,0.100,0.100,0.100,1,5.5,101.2,762,798,1,0,1,0,16,416,114,0
22.94,climb_cruise,482.2,482.2,32042.4,-41271,-57.76,97.14,3.59,12.44,15.0,125.0,0,0,8.48,-15.39,-1.94,0.000,0.000,0.000,0.766,0.100,0.100,0.100,1,5.5,101.1,762,798,1,0,1,0,16,416,115,0
22.96,climb_cruise,482.5,482.5,32028.7,-41336,-57.74,96.56,3.92,12.46,15.0,125.0,0,0,8.48,-15.33,-1.91,0.000,0.000,0.000,0.754,0.100,0.100,0.100,1,5.5,101.0,762,797,1,0,1,0,16,416,115,0
22.98,climb_cruise,482.7,482.7,32014.9,-41400,-57.72,95.98,4.24,12.48,15.0,125.0,0,0,8.49,-15.27,-1.87,0.000,0.000,0.000,0.743,0.100,0.100,0.100,1,5.5,100.9,762,796,1,0,1,0,16,416,115,0
23.00,climb_cruise,483.0,483.0,32001.1,-41464,-57.70,95.40,4.56,12.50,15.0,125.0,0,0,8.50,-15.20,-1.83,0.000,0.000,0.000,0.731,0.100,0.100,0.100,1,5.5,100.8,762,796,1,0,1,0,16,416,115,0
23.02,climb_cruise,483.2,483.2,31987.2,-41526,-57.68,94.83,4.89,12.51,15.0,125.0,0,0,8.50,-15.14,-1.79,0.000,0.000,0.000,0.720,0.100,0.100,0.100,1,5.5,100.7,762,795,1,0,1,0,16,416,116,0
23.04,climb_cruise,483.5,483.5,31973.4,-41589,-57.66,94.25,5.21,12.53,15.0,125.0,0,0,8.51,-15.06,-1.75,0.000,0.000,0.000,0.708,0.100,0.100,0.100,1,5.5,100.6,762,795,1,0,1,0,16,416,115,0
23.06,climb_cruise,483.7,483.7,31959.5,-41650,-57.63,93.68,5.53,12.55,15.0,125.0,0,0,8.52,-14.99,-1.71,0.000,0.000,0.000,0.696,0.100,0.100,0.100,1,5.5,100.4,762,794,1,0,1,0,16,416,114,0
23.08,climb_cruise,484.0,484.0,31945.6,-41711,-57.61,93.11,5.85,12.56,15.0,125.0,0,0,8.53,-14.91,-1.67,0.000,0.000,0.000,0.685,0.100,0.100,0.100,1,5.5,100.3,762,793,1,0,1,0,16,416,115,0
23.10,climb_cruise,484.2,484.2,31931.7,-41771,-57.59,92.54,6.17,12.58,15.0,125.0,0,0,8.54,-14.82,-1.62,0.000,0.000,0.000,0.673,0.100,0.100,0.100,1,5.4,100.1,762,792,1,0,1,0,16,416,115,0
23.12,climb_cruise,484.5,484.5,31917.8,-41831,-57.56,91.98,6.49,12.60,15.0,125.0,0,0,8.54,-14.74,-1.58,0.000,0.000,0.000,0.661,0.100,0.100,0.100,1,5.4,100.0,762,792,1,0,1,0,16,416,116,0
23.14,climb_cruise,484.7,484.7,31903.8,-41890,-57.53,91.41,6.81,12.61,15.0,125.0,0,0,8.55,-14.64,-1.53,0.000,0.000,0.000,0.649,0.100,0.100,0.100,1,5.4,99.8,762,791,1,0,1,0,16,416,115,0
23.16,climb_cruise,484.9,484.9,31889.8,-41948,-57.51,90.85,7.13,12.63,15.0,125.0,0,0,8.56,-14.55,-1.48,0.000,0.000,0.000,0.637,0.100,0.100,0.100,1,5.4,99.6,762,790,1,0,1,0,16,416,115,0
23.18,climb_cruise,485.2,485.2,31875.8,-42006,-57.48,90.29,7.45,12.64,15.0,125.0,0,0,8.57,-14.45,-1.43,0.000,0.000,0.000,0.626,0.100,0.100,0.100,1,5.4,99.4,762,789,1,0,1,0,16,416,116,0
23.20,climb_cruise,485.4,485.4,31861.8,-42063,-57.45,89.73,7.77,12.66,15.0,125.0,0,0,8.58,-14.35,-1.37,0.000,0.000,0.000,0.614,0.100,0.100,0.100,1,5.4,99.2,762,789,1,0,1,0,16,416,115,0
23.22,climb_cruise,485.7,485.7,31847.8,-42119,-57.42,89.18,8.09,12.68,15.0,125.0,0,0,8.59,-14.24,-1.32,0.000,0.000,0.000,0.602,0.100,0.100,0.100,1,5.4,99.0,762,788,1,0,1,0,16,416,115,0
23.24,climb_cruise,485.9,485.9,31833.8,-42175,-57.39,88.62,8.41,12.69,15.0,125.0,0,0,8.61,-14.13,-1.27,0.000,0.000,0.000,0.590,0.100,0.100,0.100,1,5.4,98.8,762,787,1,0,1,0,16,416,115,0
23.26,climb_cruise,486.2,486.2,31819.7,-42230,-57.36,88.08,8.73,12.71,15.0,125.0,0,0,8.62,-14.02,-1.21,0.000,0.000,0.000,0.578,0.100,0.100,0.100,1,5.4,98.6,762,786,1,0,1,0,16,416,114,0
23.28,climb_cruise,486.4,486.4,31805.6,-42284,-57.33,87.53,9.05,12.72,15.0,125.0,0,0,8.63,-13.90,-1.15,0.000,0.000,0.000,0.566,0.100,0.100,0.100,1,5.3,98.4,762,785,1,0,1,0,16,416,114,0
23.30,climb_cruise,486.7,486.7,31791.5,-42338,-57.30,86.98,9.36,12.74,15.0,125.0,0,0,8.64,-13.78,-1.10,0.000,0.000,0.000,0.554,0.100,0.100,0.100,1,5.3,98.1,762,784,1,0,1,0,16,416,115,0
23.32,climb_cruise,486.9,486.9,31777.4,-42390,-57.27,86.44,9.68,12.75,15.0,125.0,0,0,8.65,-13.65,-1.04,0.000,0.000,0.000,0.542,0.100,0.100,0.100,1,5.3,97.9,762,783,1,0,1,0,16,416,116,0
23.34,climb_cruise,487.2,487.2,31763.2,-42443,-57.24,85.90,10.00,12.77,15.0,125.0,0,0,8.67,-13.53,-0.98,0.000,0.000,0.000,0.531,0.100,0.100,0.100,1,5.3,97.6,762,782,1,0,1,0,16,416,116,0
23.36,climb_cruise,487.4,487.4,31749.1,-42494,-57.21,85.37,10.32,12.78,15.0,125.0,0,0,8.68,-13.40,-0.92,0.000,0.000,0.000,0.519,0.100,0.100,0.100,1,5.3,97.4,762,781,1,0,1,0,16,416,116,0
23.38,climb_cruise,487.7,487.7,31734.9,-42545,-57.17,84.83,10.63,12.80,15.0,125.0,0,0,8.70,-13.26,-0.86,0.000,0.000,0.000,0.507,0.100,0.100,0.100,1,5.3,97.1,762,780,1,0,1,0,16,416,114,0
23.40,climb_cruise,487.9,487.9,31720.7,-42596,-57.14,84.30,10.95,12.81,15.0,125.0,0,0,8.71,-13.12,-0.80,0.000,0.000,0.000,0.495,0.100,0.100,0.100,1,5.3,96.8,762,779,1,0,1,0,16,416,116,0
23.42,climb_cruise,488.2,488.2,31706.5,-42645,-57.11,83.78,11.27,12.83,15.0,125.0,0,0,8.72,-12.98,-0.73,0.000,0.000,0.000,0.483,0.100,0.100,0.100,1,5.3,96.5,762,778,1,0,1,0,16,416,115,0
23.44,climb_cruise,488.4,488.4,31692.3,-42694,-57.07,83.25,11.58,12.84,15.0,125.0,0,0,8.74,-12.84,-0.67,0.000,0.000,0.000,0.471,0.100,0.100,0.100,1,5.3,96.2,762,777,1,0,1,0,16,416,115,0
23.46,climb_cruise,488.6,488.6,31678.1,-42743,-57.04,82.73,11.90,12.86,15.0,125.0,0,0,8.75,-12.69,-0.61,0.000,0.000,0.000,0.459,0.100,0.100,0.100,1,5.3,95.9,762,776,1,0,1,0,16,416,116,0
23.48,climb_cruise,488.9,488.9,31663.8,-42790,-57.01,82.21,12.21,12.87,15.0,125.0,0,0,8.77,-12.54,-0.55,0.000,0.000,0.000,0.447,0.100,0.100,0.100,1,5.2,95.6,762,774,1,0,1,0,16,416,116,0
23.50,climb_cruise,489.1,489.1,31649.5,-42837,-56.97,81.70,12.53,12.89,15.0,125.0,0,0,8.79,-12.39,-0.48,0.000,0.000,0.000,0.435,0.100,0.100,0.100,1,5.2,95.3,762,773,1,0,1,0,16,416,115,0
23.52,climb_cruise,489.4,489.4,31635.3,-42883,-56.94,81.19,12.85,12.90,15.0,125.0,0,0,8.80,-12.24,-0.42,0.000,0.000,0.000,0.423,0.100,0.100,0.100,1,5.2,94.9,762,772,1,0,1,0,16,416,115,0
23.54,climb_cruise,489.6,489.6,31621.0,-42929,-56.90,80.68,13.16,12.92,15.0,125.0,0,0,8.82,-12.08,-0.36,0.000,0.000,0.000,0.411,0.100,0.100,0.100,1,5.2,94.6,762,771,1,0,1,0,16,416,115,0
23.56,climb_cruise,489.9,489.9,31606.6,-42974,-56.86,80.17,13.48,12.93,15.0,125.0,0,0,8.84,-11.92,-0.29,0.000,0.000,0.000,0.399,0.100,0.100,0.100,1,5.2,94.2,762,770,1,0,1,0,16,416,115,0
23.58,climb_cruise,490.1,490.1,31592.3,-43018,-56.83,79.67,13.80,12.95,15.0,125.0,0,0,8.85,-11.76,-0.23,0.000,0.000,0.000,0.387,0.100,0.100,0.100,1,5.2,93.9,762,768,1,0,1,0,16,416,115,0
23.60,climb_cruise,490.4,490.4,31578.0,-43062,-56.79,79.17,14.12,12.96,15.0,125.0,0,0,8.87,-11.60,-0.17,0.000,0.000,0.000,0.375,0.100,0.100,0.100,1,5.2,93.5,762,767,1,0,1,0,16,416,115,0
23.62,climb_cruise,490.6,490.6,31563.6,-43105,-56.75,78.67,14.43,12.97,15.0,125.0,0,0,8.89,-11.43,-0.10,0.000,0.000,0.000,0.363,0.100,0.100,0.100,1,5.2,93.1,762,766,1,0,1,0,16,416,115,0
23.64,climb_cruise,490.9,490.9,31549.2,-43147,-56.72,78.18,14.75,12.99,15.0,125.0,0,0,8.91,-11.25,-0.04,0.000,0.000,0.000,0.351,0.100,0.100,0.100,1,5.2,92.7,762,764,1,0,1,0,16,416,115,0
23.66,climb_cruise,491.1,491.1,31534.8,-43188,-56.68,77.69,15.07,13.00,15.0,125.0,0,0,8.93,-11.08,0.02,0.000,0.000,0.000,0.339,0.100,0.100,0.100,1,5.1,92.3,762,763,1,0,1,0,16,416,115,0
23.68,climb_cruise,491.4,491.4,31520.4,-43229,-56.64,77.21,15.39,13.02,15.0,125.0,0,0,8.94,-10.93,0.09,0.000,0.000,0.000,0.327,0.100,0.100,0.100,1,5.1,91.9,762,762,1,0,1,0,16,416,114,0
23.70,climb_cruise,491.6,491.6,31506.0,-43270,-56.60,76.72,15.70,13.03,15.0,125.0,0,0,8.96,-10.75,0.15,0.000,0.000,0.000,0.315,0.100,0.100,0.100,1,5.1,91.5,762,760,1,0,1,0,16,416,114,0
23.72,climb_cruise,491.8,491.8,31491.6,-43309,-56.56,76.24,16.02,13.04,15.0,125.0,0,0,8.98,-10.57,0.21,0.000,0.000,0.000,0.303,0.100,0.100,0.100,1,5.1,91.1,762,759,1,0,1,0,16,416,114,0
23.74,climb_cruise,492.1,492.1,31477.1,-43348,-56.53,75.77,16.34,13.06,15.0,125.0,0,0,9.00,-10.40,0.27,0.000,0.000,0.000,0.291,0.100,0.100,0.100,1,5.1,90.7,762,757,1,0,1,0,16,416,114,0
23.76,climb_cruise,492.3,492.3,31462.7,-43386,-56.49,75.30,16.66,13.07,15.0,125.0,0,0,9.02,-10.22,0.33,0.000,0.000,0.000,0.279,0.100,0.100,0.100,1,5.1,90.2,762,756,1,0,1,0,16,416,116,0
23.78,climb_cruise,492.6,492.6,31448.2,-43424,-56.45,74.83,16.98,13.09,15.0,125.0,0,0,9.04,-10.04,0.39,0.000,0.000,0.000,0.267,0.100,0.100,0.100,1,5.1,89.8,762,754,1,0,1,0,16,416,115,0
23.80,climb_cruise,492.8,492.8,31433.7,-43461,-56.41,74.36,17.30,13.10,15.0,125.0,0,0,9.06,-9.86,0.45,0.000,0.000,0.000,0.255,0.100,0.100,0.100,1,5.1,89.3,762,753,1,0,1,0,16,416,115,0
23.82,climb_cruise,493.1,493.1,31419.3,-43497,-56.37,73.90,17.62,13.11,15.0,125.0,0,0,9.08,-9.68,0.51,0.000,0.000,0.000,0.243,0.100,0.100,0.100,1,5.1,88.8,762,751,1,0,1,0,16,416,116,0
23.84,climb_cruise,493.3,493.3,31404.7,-43533,-56.33,73.44,17.94,13.13,15.0,125.0,0,0,9.10,-9.50,0.57,0.000,0.000,0.000,0.231,0.100,0.100,0.100,1,5.1,88.4,762,750,1,0,1,0,16,416,114,0
23.86,climb_cruise,493.5,493.5,31390.2,-43568,-56.28,72.98,18.26,13.14,15.0,125.0,0,0,9.12,-9.31,0.63,0.000,0.000,0.000,0.219,0.100,0.100,0.100,1,5.0,87.9,762,748,1,0,1,0,16,416,114,0
23.88,climb_cruise,493.8,493.8,31375.7,-43602,-56.24,72.53,18.58,13.15,15.0,125.0,0,0,9.14,-9.13,0.69,0.000,0.000,0.000,0.207,0.100,0.100,0.100,1,5.0,87.4,762,747,1,0,1,0,16,416,114,0
23.90,climb_cruise,494.0,494.0,31361.2,-43636,-56.20,72.09,18.90,13.17,15.0,125.0,0,0,9.16,-8.94,0.75,0.000,0.000,0.000,0.195,0.100,0.100,0.100,1,5.0,86.9,762,745,1,0,1,0,16,416,115,0
23.92,climb_cruise,494.3,494.3,31346.6,-43669,-56.16,71.64,19.22,13.18,15.0,125.0,0,0,9.18,-8.76,0.80,0.000,0.000,0.000,0.183,0.100,0.100,0.100,1,5.0,86.4,762,743,1,0,1,0,16,416,115,0
23.94,climb_cruise,494.5,494.5,31332.1,-43701,-56.12,71.20,19.55,13.19,15.0,125.0,0,0,9.20,-8.57,0.86,0.000,0.000,0.000,0.171,0.100,0.100,0.100,1,5.0,85.9,762,742,1,0,1,0,16,416,116,0
23.96,climb_cruise,494.8,494.8,31317.5,-43733,-56.07,70.76,19.87,13.21,15.0,125.0,0,0,9.22,-8.38,0.92,0.000,0.000,0.000,0.159,0.100,0.100,0.100,1,5.0,85.3,762,740,1,0,1,0,16,416,116,0
23.98,climb_cruise,495.0,495.0,31302.9,-43764,-56.03,70.33,20.19,13.22,15.0,125.0,0,0,9.24,-8.20,0.97,0.000,0.000,0.000,0.147,0.100,0.100,0.100,1,5.0,84.8,762,738,1,0,1,0,16,416,114,0
24.00,climb_cruise,495.2,495.2,31288.3,-43795,-55.98,69.90,20.51,13.24,15.0,125.0,0,0,9.26,-8.01,1.02,0.000,0.000,0.000,0.135,0.100,0.100,0.100,1,5.0,84.3,762,736,1,0,1,0,16,416,115,0
24.02,climb_cruise,495.5,495.5,31273.7,-43824,-55.94,69.47,20.84,13.25,15.0,125.0,0,0,9.28,-7.82,1.08,0.000,0.000,0.000,0.123,0.100,0.100,0.100,1,5.0,83.7,762,735,1,0,1,0,16,416,115,0
24.04,climb_cruise,495.7,495.7,31259.1,-43854,-55.89,69.05,21.16,13.26,15.0,125.0,0,0,9.30,-7.64,1.13,0.000,0.000,0.000,0.111,0.100,0.100,0.100,1,5.0,83.1,762,733,1,0,1,0,16,416,115,0
24.06,climb_cruise,496.0,496.0,31244.5,-43882,-55.85,68.63,21.49,13.28,15.0,125.0,0,0,9.32,-7.45,1.18,0.000,0.000,0.000,0.100,0.100,0.100,0.100,1,4.9,82.6,762,731,1,0,1,0,16,416,114,0
24.08,climb_cruise,496.2,496.2,31229.8,-43910,-55.80,68.21,21.81,13.29,15.0,125.0,0,0,9.34,-7.26,1.23,0.000,0.000,0.000,0.090,0.100,0.100,0.100,1,4.9,82.0,762,729,1,0,1,0,16,416,115,0
24.10,climb_cruise,496.4,496.4,31215.2,-43937,-55.75,67.80,22.13,13.30,15.0,125.0,0,0,9.36,-7.07,1.28,0.000,0.000,0.000,0.081,0.100,0.100,0.100,1,4.9,81.4,762,727,1,0,1,0,16,416,115,0
24.12,climb_cruise,496.7,496.7,31200.5,-43964,-55.71,67.39,22.46,13.32,15.0,125.0,0,0,9.38,-6.89,1.33,0.000,0.000,0.000,0.073,0.100,0.100,0.100,1,4.9,80.8,762,725,1,0,1,0,16,416,114,0
24.14,climb_cruise,496.9,496.9,31185.9,-43990,-55.66,66.99,22.79,13.33,15.0,125.0,0,0,9.40,-6.70,1.38,0.000,0.000,0.000,0.066,0.100,0.100,0.100,1,4.9,80.2,762,723,1,0,1,0,16,416,116,0
24.16,climb_cruise,497.2,497.2,31171.2,-44016,-55.61,66.58,23.11,13.34,15.0,125.0,0,0,9.42,-6.52,1.42,0.000,0.000,0.000,0.059,0.100,0.100,0.100,1,4.9,79.6,762,721,1,0,1,0,16,416,115,0
24.18,climb_cruise,497.4,497.4,31156.5,-44040,-55.56,66.19,23.44,13.36,15.0,125.0,0,0,9.44,-6.33,1.47,0.000,0.000,0.000,0.053,0.100,0.100,0.100,1,4.9,79.0,762,719,1,0,1,0,16,416,116,0
24.20,climb_cruise,497.6,497.6,31141.9,-44065,-55.51,65.79,23.76,13.37,15.0,125.0,0,0,9.46,-6.15,1.51,0.000,0.000,0.000,0.048,0.100,0.100,0.100,1,4.9,78.4,762,718,1,0,1,0,16,416,116,0
24.22,climb_cruise,497.9,497.9,31127.2,-44088,-55.46,65.40,24.09,13.39,15.0,125.0,0,0,9.48,-5.96,1.55,0.000,0.000,0.000,0.043,0.100,0.100,0.100,1,4.9,77.8,762,716,1,0,1,0,16,416,115,0
24.24,climb_cruise,498.1,498.1,31112.5,-44111,-55.41,65.01,24.42,13.40,15.0,125.0,0,0,9.50,-5.78,1.59,0.000,0.000,0.000,0.039,0.100,0.100,0.100,1,4.9,77.1,762,714,1,0,1,0,16,416,115,0
24.26,climb_cruise,498.3,498.3,31097.8,-44134,-55.36,64.63,24.74,13.41,15.0,125.0,0,0,9.52,-5.60,1.63,0.000,0.000,0.000,0.035,0.100,0.100,0.100,1,4.8,76.5,762,712,1,0,1,0,16,416,114,0
24.28,climb_cruise,498.6,498.6,31083.1,-44155,-55.31,64.25,25.07,13.43,15.0,125.0,0,0,9.54,-5.43,1.67,0.000,0.000,0.000,0.031,0.100,0.100,0.100,1,4.8,75.9,762,710,1,0,1,0,16,416,114,0
24.30,climb_cruise,498.8,498.8,31068.3,-44176,-55.25,63.87,25.40,13.44,15.0,125.0,0,0,9.56,-5.25,1.70,0.000,0.000,0.000,0.028,0.100,0.100,0.100,1,4.8,75.2,762,708,1,0,1,0,16,416,115,0
24.32,climb_cruise,499.1,499.1,31053.6,-44197,-55.20,63.50,25.73,13.45,15.0,125.0,0,0,9.58,-5.08,1.73,0.000,0.000,0.000,0.025,0.100,0.100,0.100,1,4.8,74.6,762,706,1,0,1,0,16,416,114,0
24.34,climb_cruise,499.3,499.3,31038.9,-44217,-55.14,63.13,26.05,13.47,15.0,125.0,0,0,9.60,-4.91,1.77,0.000,0.000,0.000,0.023,0.100,0.100,0.100,1,4.8,73.9,762,704,1,0,1,0,16,416,115,0
24.36,climb_cruise,499.5,499.5,31024.1,-44236,-55.09,62.77,26.38,13.48,15.0,125.0,0,0,9.61,-4.74,1.79,0.000,0.000,0.000,0.021,0.100,0.100,0.100,1,4.8,73.3,762,703,1,0,1,0,16,416,114,0
24.38,climb_cruise,499.8,499.8,31009.4,-44255,-55.03,62.41,26.71,13.50,15.0,125.0,0,0,9.63,-4.58,1.82,0.000,0.000,0.000,0.019,0.100,0.100,0.100,1,4.8,72.6,762,701,1,0,1,0,16,416,114,0
24.40,climb_cruise,500.0,500.0,30994.6,-44273,-54.97,62.05,27.04,13.51,15.0,125.0,0,0,9.65,-4.42,1.84,0.000,0.000,0.000,0.017,0.100,0.100,0.100,1,4.8,72.0,762,699,1,0,1,0,16,416,115,0
24.42,climb_cruise,500.2,500.2,30979.9,-44291,-54.92,61.69,27.36,13.52,15.0,125.0,0,0,9.67,-4.26,1.87,0.000,0.000,0.000,0.015,0.100,0.100,0.100,1,4.8,71.3,762,697,1,0,1,0,16,416,115,0
24.44,climb_cruise,500.5,500.5,30965.1,-44308,-54.86,61.34,27.69,13.54,15.0,125.0,0,0,9.69,-4.10,1.89,0.000,0.000,0.000,0.014,0.100,0.100,0.100,1,4.8,70.7,762,695,1,0,1,0,16,416,116,0
24.46,climb_cruise,500.7,500.7,30950.3,-44324,-54.80,60.99,28.02,13.55,15.0,125.0,0,0,9.71,-3.95,1.90,0.000,0.000,0.000,0.012,0.100,0.100,0.100,1,4.8,70.0,762,694,1,0,1,0,16,416,116,0
24.48,climb_cruise,500.9,500.9,30935.5,-44340,-54.73,60.65,28.34,13.57,15.0,125.0,0,0,9.73,-3.81,1.92,0.000,0.000,0.000,0.011,0.100,0.100,0.100,1,4.7,69.4,762,692,1,0,1,0,16,416,116,0
24.50,climb_cruise,501.2,501.2,30920.8,-44355,-54.67,60.31,28.67,13.58,15.0,125.0,0,0,9.75,-3.66,1.93,0.000,0.000,0.000,0.010,0.100,0.100,0.100,1,4.7,68.7,762,690,1,0,1,0,16,416,114,0
24.52,climb_cruise,501.4,501.4,30906.0,-44370,-54.61,59.97,29.00,13.60,15.0,125.0,0,0,9.77,-3.52,1.94,0.000,0.000,0.000,0.009,0.100,0.100,0.100,1,4.7,68.1,762,689,1,0,1,0,16,416,114,0
24.54,climb_cruise,501.6,501.6,30891.2,-44384,-54.54,59.63,29.32,13.61,15.0,125.0,0,0,9.79,-3.39,1.95,0.000,0.000,0.000,0.008,0.100,0.100,0.100,1,4.7,67.4,762,687,1,0,1,0,16,416,116,0
24.56,climb_cruise,501.8,501.8,30876.4,-44397,-54.48,59.30,29.65,13.63,15.0,125.0,0,0,9.81,-3.25,1.96,0.000,0.000,0.000,0.007,0.100,0.100,0.100,1,4.7,66.8,762,685,1,0,1,0,16,416,116,0
24.58,climb_cruise,502.1,502.1,30861.6,-44410,-54.41,58.97,29.97,13.64,15.0,125.0,0,0,9.83,-3.13,1.96,0.000,0.000,0.000,0.006,0.100,0.100,0.100,1,4.7,66.2,762,684,1,0,1,0,16,416,115,0
24.60,climb_cruise,502.3,502.3,30846.8,-44422,-54.34,58.65,30.30,13.66,15.0,125.0,0,0,9.85,-3.00,1.96,0.000,0.000,0.000,0.006,0.100,0.100,0.100,1,4.7,65.5,762,682,1,0,1,0,16,416,115,0
24.62,climb_cruise,502.5,502.5,30832.0,-44434,-54.27,58.33,30.62,13.67,15.0,125.0,0,0,9.86,-2.88,1.96,0.000,0.000,0.000,0.005,0.100,0.100,0.100,1,4.7,64.9,762,681,1,0,1,0,16,416,115,0
24.64,climb_cruise,502.8,502.8,30817.2,-44445,-54.20,58.01,30.94,13.69,15.0,125.0,0,0,9.88,-2.76,1.96,0.000,0.000,0.000,0.005,0.100,0.100,0.100,1,4.7,64.3,762,679,1,0,1,0,16,416,116,0
24.66,climb_cruise,503.0,503.0,30802.3,-44455,-54.13,57.69,31.26,13.70,15.0,125.0,0,0,9.90,-2.65,1.96,0.000,0.000,0.000,0.004,0.100,0.100,0.100,1,4.7,63.6,762,678,1,0,1,0,16,416,115,0
24.68,climb_cruise,503.2,503.2,30787.5,-44465,-54.06,57.38,31.58,13.72,15.0,125.0,0,0,9.92,-2.54,1.96,0.000,0.000,0.000,0.004,0.100,0.100,0.100,1,4.6,63.0,762,676,1,0,1,0,16,416,114,0
24.70,climb_cruise,503.5,503.5,30772.7,-44475,-53.98,57.07,31.90,13.73,15.0,125.0,0,0,9.94,-2.44,1.95,0.000,0.000,0.000,0.003,0.100,0.100,0.100,1,4.6,62.4,762,675,1,0,1,0,16,416,115,0
24.72,climb_cruise,503.7,503.7,30757.9,-44483,-53.91,56.77,32.22,13.75,15.0,125.0,0,0,9.95,-2.33,1.94,0.000,0.000,0.000,0.003,0.100,0.100,0.100,1,4.6,61.8,762,673,1,0,1,0,16,416,116,0
24.74,climb_cruise,503.9,503.9,30743.0,-44491,-53.83,56.46,32.54,13.76,15.0,125.0,0,0,9.97,-2.24,1.94,0.000,0.000,0.000,0.003,0.100,0.100,0.100,1,4.6,61.2,762,672,1,0,1,0,16,416,115,0
24.76,climb_cruise,504.1,504.1,30728.2,-44499,-53.75,56.16,32.86,13.78,15.0,125.0,0,0,9.99,-2.14,1.93,0.000,0.000,0.000,0.003,0.100,0.100,0.100,1,4.6,60.6,762,670,1,0,1,0,16,416,115,0
24.78,climb_cruise,504.4,504.4,30713.4,-44506,-53.67,55.87,33.18,13.79,15.0,125.0,0,0,10.00,-2.05,1.92,0.000,0.000,0.000,0.002,0.100,0.100,0.100,1,4.6,60.0,762,669,1,0,1,0,16,416,114,0
24.80,climb_cruise,504.6,504.6,30698.5,-44512,-53.59,55.57,33.49,13.81,15.0,125.0,0,0,10.02,-1.96,1.91,0.000,0.000,0.000,0.002,0.100,0.100,0.100,1,4.6,59.4,762,667,1,0,1,0,16,416,115,0
24.82,climb_cruise,504.8,504.8,30683.7,-44518,-53.51,55.28,33.81,13.83,15.0,125.0,0,0,10.04,-1.88,1.90,0.000,0.000,0.000,0.002,0.100,0.100,0.100,1,4.6,58.8,762,666,1,0,1,0,16,416,115,0
24.84,climb_cruise,505.0,505.0,30668.9,-44524,-53.42,54.99,34.12,13.84,15.0,125.0,0,0,10.06,-1.79,1.88,0.000,0.000,0.000,0.002,0.100,0.100,0.100,1,4.6,58.2,762,665,1,0,1,0,16,416,114,0
24.86,climb_cruise,505.3,505.3,30654.0,-44528,-53.34,54.71,34.43,13.86,15.0,125.0,0,0,10.07,-1.71,1.87,0.000,0.000,0.000,0.001,0.100,0.100,0.100,1,4.6,57.6,762,663,1,0,1,0,16,416,115,0
24.88,climb_cruise,505.5,505.5,30639.2,-44532,-53.25,54.42,34.74,13.87,15.0,125.0,0,0,10.09,-1.64,1.86,0.000,0.000,0.000,0.001,0.100,0.100,0.100,1,4.6,57.1,762,662,1,0,1,0,16,416,115,0
24.90,climb_cruise,505.7,505.7,30624.3,-44536,-53.16,54.14,35.05,13.89,15.0,125.0,0,0,10.10,-1.56,1.84,0.000,0.000,0.000,0.001,0.100,0.100,0.100,1,4.5,56.5,762,661,1,0,1,0,16,416,115,0
24.92,climb_cruise,505.9,505.9,30609.5,-44539,-53.07,53.87,35.36,13.91,15.0,125.0,0,0,10.12,-1.49,1.83,0.000,0.000,0.000,0.001,0.100,0.100,0.100,1,4.5,55.9,762,660,1,0,1,0,16,416,116,0
24.94,climb_cruise,506.2,506.2,30594.6,-44541,-52.98,53.59,35.67,13.92,15.0,125.0,0,0,10.14,-1.42,1.82,0.000,0.000,0.000,0.001,0.100,0.100,0.100,1,4.5,55.4,762,658,1,0,1,0,16,416,115,0
24.96,climb_cruise,506.4,506.4,30579.8,-44543,-52.89,53.32,35.98,13.94,15.0,125.0,0,0,10.15,-1.36,1.80,0.000,0.000,0.000,0.001,0.100,0.100,0.100,1,4.5,54.8,762,657,1,0,1,0,16,416,115,0
24.98,climb_cruise,506.6,506.6,30564.9,-44544,-52.80,53.05,36.28,13.95,15.0,125.0,0,0,10.17,-1.29,1.79,0.000,0.000,0.000,0.001,0.100,0.100,0.100,1,4.5,54.3,762,656,1,0,1,0,16,416,115,0
25.00,climb_cruise,506.8,506.8,30550.1,-44544,-52.70,52.78,36.58,13.97,15.0,125.0,0,0,10.18,-1.23,1.77,0.000,0.000,0.000,0.001,0.100,0.100,0.100,1,4.5,53.8,762,655,1,0,1,0,16,416,115,0
25.02,climb_cruise,507.0,507.0,30535.2,-44544,-52.61,52.52,36.89,13.99,15.0,125.0,0,0,10.20,-1.17,1.76,0.000,0.000,0.000,0.001,0.100,0.100,0.100,1,4.5,53.2,762,654,1,0,1,0,16,416,115,0
25.04,climb_cruise,507.3,507.3,30520.4,-44544,-52.51,52.25,37.19,14.00,15.0,125.0,0,0,10.22,-1.11,1.74,0.000,0.000,0.000,0.001,0.100,0.100,0.100,1,4.5,52.7,762,652,1,0,1,0,16,416,115,0
25.06,climb_cruise,507.5,507.5,30505.5,-44543,-52.41,52.00,37.49,14.02,15.0,125.0,0,0,10.23,-1.06,1.73,0.000,0.000,0.000,0.001,0.100,0.100,0.100,1,4.5,52.2,762,651,1,0,1,0,16,416,115,0
25.08,climb_cruise,507.7,507.7,30490.7,-44541,-52.31,51.74,37.79,14.04,15.0,125.0,0,0,10.25,-1.00,1.71,0.000,0.000,0.000,0.000,0.100,0.100,0.100,1,4.5,51.7,762,650,1,0,1,0,16,416,114,0
25.10,climb_cruise,507.9,507.9,30475.8,-44538,-52.21,51.48,38.08,14.05,15.0,125.0,0,0,10.26,-0.95,1.70,0.000,0.000,0.000,0.000,0.100,0.100,0.100,1,4.5,51.2,762,649,1,0,1,0,16,416,114,0
25.12,climb_cruise,508.2,508.2,30461.0,-44535,-52.11,51.23,38.38,14.07,15.0,125.0,0,0,10.28,-0.90,1.68,0.000,0.000,0.000,0.000,0.100,0.100,0.100,1,4.4,50.7,762,648,1,0,1,0,16,416,114,0
25.14,climb_cruise,508.4,508.4,30446.1,-44532,-52.01,50.98,38.67,14.09,15.0,125.0,0,0,10.29,-0.85,1.67,0.000,0.000,0.000,0.000,0.100,0.100,0.100,1,4.4,50.2,762,647,1,0,1,0,16,416,114,0
25.16,climb_cruise,508.6,508.6,30431.3,-44527,-51.90,50.73,38.97,14.10,15.0,125.0,0,0,10.31,-0.81,1.66,0.000,0.000,0.000,0.000,0.100,0.100,0.100,1,4.4,49.7,762,646,1,0,1,0,16,416,115,0
25.18,climb_cruise,508.8,508.8,30416.5,-44523,-51.80,50.49,39.26,14.12,15.0,125.0,0,0,10.32,-0.76,1.64,0.000,0.000,0.000,0.000,0.100,0.100,0.100,1,4.4,49.2,762,645,1,0,1,0,16,416,114,0
25.20,climb_cruise,509.0,509.0,30401.6,-44517,-51.69,50.24,39.55,14.14,15.0,125.0,0,0,10.34,-0.72,1.63,0.000,0.000,0.000,0.000,0.100,0.100,0.100,1,4.4,48.8,762,644,1,0,1,0,16,416,114,0
25.22,climb_cruise,509.2,509.2,30386.8,-44511,-51.58,50.00,39.84,14.15,15.0,125.0,0,0,10.35,-0.68,1.61,0.000,0.000,0.000,0.000,0.100,0.100,0.100,1,4.4,48.3,762,643,1,0,1,0,16,416,114,0
25.24,climb_cruise,509.5,509.5,30371.9,-44505,-51.47,49.76,40.13,14.17,15.0,125.0,0,0,10.37,-0.64,1.60,0.000,0.000,0.000,0.000,0.100,0.100,0.100,1,4.4,47.8,762,642,1,0,1,0,16,416,116,0
25.26,climb_cruise,509.7,509.7,30357.1,-44497,-51.36,49.53,40.42,14.19,15.0,125.0,0,0,10.38,-0.60,1.59,0.000,0.000,0.000,0.000,0.100,0.100,0.100,1,4.4,47.4,762,641,1,0,1,0,16,416,114,0
25.28,climb_cruise,509.9,509.9,30342.3,-44489,-51.25,49.29,40.70,14.21,15.0,125.0,0,0,10.40,-0.56,1.57,0.000,0.000,0.000,0.000,0.100,0.100,0.100,1,4.4,46.9,762,640,1,0,1,0,16,416,116,0
25.30,climb_cruise,510.1,510.1,30327.4,-44481,-51.14,49.06,40.98,14.22,15.0,125.0,0,0,10.41,-0.52,1.56,0.000,0.000,0.000,0.000,0.100,0.100,0.100,1,4.4,46.5,762,639,1,0,1,0,16,416,115,0
25.32,climb_cruise,510.3,510.3,30312.6,-44472,-51.03,48.83,41.27,14.24,15.0,125.0,0,0,10.43,-0.49,1.55,0.000,0.000,0.000,0.000,0.100,0.100,0.100,1,4.4,46.1,762,638,1,0,1,0,16,416,116,0
25.34,climb_cruise,510.5,510.5,30297.8,-44462,-50.91,48.60,41.55,14.26,15.0,125.0,0,0,10.44,-0.45,1.54,0.000,0.000,0.000,0.000,0.100,0.100,0.100,1,4.4,45.6,762,637,1,0,1,0,16,416,115,0
25.36,climb_cruise,510.8,510.8,30283.0,-44452,-50.80,48.38,41.83,14.27,15.0,125.0,0,0,10.46,-0.42,1.52,0.000,0.000,0.000,0.000,0.100,0.100,0.100,1,4.3,45.2,762,636,1,0,1,0,16,416,114,0
25.38,climb_cruise,511.0,511.0,30268.2,-44441,-50.68,48.15,42.11,14.29,15.0,125.0,0,0,10.47,-0.39,1.51,0.000,0.000,0.000,0.000,0.100,0.100,0.100,1,4.3,44.8,762,635,1,0,1,0,16,416,115,0
25.40,climb_cruise,511.2,511.2,30253.3,-44429,-50.56,47.93,42.39,14.31,15.0,125.0,0,0,10.49,-0.36,1.50,0.000,0.000,0.000,0.000,0.100,0.100,0.100,1,4.3,44.4,762,634,1,0,1,0,16,416,114,0
25.42,climb_cruise,511.4,511.4,30238.5,-44417,-50.44,47.71,42.66,14.33,15.0,125.0,0,0,10.50,-0.33,1.49,0.000,0.000,0.000,0.000,0.100,0.100,0.100,1,4.3,44.0,762,634,1,0,1,0,16,416,114,0
25.44,climb_cruise,511.6,511.6,30223.7,-44404,-50.32,47.49,42.94,14.34,15.0,125.0,0,0,10.52,-0.30,1.48,0.000,0.000,0.000,0.000,0.100,0.100,0.100,1,4.3,43.6,762,633,1,0,1,0,16,416,115,0
25.46,climb_cruise,511.8,511.8,30208.9,-44391,-50.20,47.28,43.21,14.36,15.0,125.0,0,0,10.53,-0.27,1.47,0.000,0.000,0.000,0.000,0.100,0.100,0.100,1,4.3,43.2,762,632,1,0,1,0,16,416,114,0
25.48,climb_cruise,512.0,512.0,30194.1,-44377,-50.08,47.06,43.48,14.38,15.0,125.0,0,0,10.54,-0.24,1.46,0.000,0.000,0.000,0.000,0.100,0.100,0.100,1,4.3,42.8,762,631,1,0,1,0,16,416,115,0
25.50,climb_cruise,512.2,512.2,30179.3,-44362,-49.96,46.85,43.75,14.40,15.0,125.0,0,0,10.56,-0.22,1.45,0.000,0.000,0.000,0.000,0.100,0.100,0.100,1,4.3,42.5,762,630,1,0,1,0,16,416,115,0
25.52,climb_cruise,512.5,512.5,30164.6,-44347,-49.84,46.64,44.02,14.41,15.0,125.0,0,0,10.57,-0.19,1.44,0.000,0.000,0.000,0.000,0.100,0.100,0.100,1,4.3,42.1,762,630,1,0,1,0,16,416,115,0
25.54,climb_cruise,512.7,512.7,30149.8,-44331,-49.71,46.43,44.29,14.43,15.0,125.0,0,0,10.59,-0.16,1.43,0.000,0.000,0.000,0.000,0.100,0.100,0.100,1,4.3,41.7,762,629,1,0,1,0,16,416,115,0
25.56,climb_cruise,512.9,512.9,30135.0,-44314,-49.58,46.22,44.56,14.45,15.0,125.0,0,0,10.60,-0.14,1.42,0.000,0.000,0.000,0.000,0.100,0.100,0.100,1,4.3,41.4,762,628,1,0,1,0,16,416,114,0
25.58,climb_cruise,513.1,513.1,30120.2,-44297,-49.46,46.02,44.83,14.47,15.0,125.0,0,0,10.62,-0.12,1.41,0.000,0.000,0.000,0.000,0.100,0.100,0.100,1,4.2,41.0,762,627,1,0,1,0,16,416,116,0
25.60,climb_cruise,513.3,513.3,30105.5,-44279,-49.33,45.82,45.09,14.48,15.0,125.0,0,0,10.63,-0.09,1.40,0.000,0.000,0.000,0.000,0.100,0.100,0.100,1,4.2,40.7,762,626,1,0,1,0,16,416,114,0
25.62,climb_cruise,513.5,513.5,30090.7,-44261,-49.20,45.61,45.35,14.50,15.0,125.0,0,0,10.65,-0.07,1.40,0.000,0.000,0.000,0.000,0.100,0.100,0.100,1,4.2,40.3,762,626,1,0,1,0,16,416,115,0
25.64,climb_cruise,513.7,513.7,30076.0,-44242,-49.07,45.42,45.62,14.52,15.0,125.0,0,0,10.66,-0.05,1.39,0.000,0.000,0.000,0.000,0.100,0.100,0.100,1,4.2,40.0,762,625,1,0,1,0,16,416,115,0
25.66,climb_cruise,513.9,513.9,30061.2,-44222,-48.94,45.22,45.88,14.54,15.0,125.0,0,0,10.68,-0.03,1.38,0.000,0.000,0.000,0.000,0.100,0.100,0.100,1,4.2,39.6,762,624,1,0,1,0,16,416,116,0
25.68,climb_cruise,514.1,514.1,30046.5,-44201,-48.81,45.02,46.14,14.55,15.0,125.0,0,0,10.69,-0.01,1.37,0.000,0.000,0.000,0.000,0.100,0.100,0.100,1,4.2,39.3,762,624,1,0,1,0,16,416,115,0
25.70,climb_cruise,514.3,514.3,30031.7,-44180,-48.68,44.83,46.40,14.57,15.0,125.0,0,0,10.70,0.01,1.36,0.000,0.000,0.000,0.000,0.100,0.100,0.100,1,4.2,39.0,762,623,1,0,1,0,16,416,116,0
25.72,climb_cruise,514.5,514.5,30017.0,-44158,-48.55,44.63,46.65,14.59,15.0,125.0,0,0,10.72,0.03,1.36,0.000,0.000,0.000,0.000,0.100,0.100,0.100,1,4.2,38.7,762,622,1,0,1,0,16,416,116,0
25.74,climb_cruise,514.7,514.7,30002.3,-44136,-48.41,44.44,46.91,14.61,15.0,125.0,0,0,10.73,0.05,1.35,0.000,0.000,0.000,0.000,0.100,0.100,0.100,1,4.2,38.4,762,622,1,0,1,0,16,416,115,0
25.76,climb_cruise,514.9,514.9,29987.6,-44113,-48.28,44.25,47.16,14.62,15.0,125.0,0,0,10.75,0.06,1.34,0.000,0.000,0.000,0.000,0.100,0.100,0.100,1,4.2,38.1,762,621,1,0,1,0,16,416,115,0
25.78,climb_cruise,515.2,515.2,29972.9,-44089,-48.14,44.07,47.42,14.64,15.0,125.0,0,0,10.76,0.08,1.34,0.000,0.000,0.000,0.000,0.100,0.100,0.100,1,4.2,37.8,762,620,1,0,1,0,16,416,114,0
25.80,climb_cruise,515.4,515.4,29958.2,-44065,-48.00,43.88,47.67,14.66,15.0,125.0,0,0,10.78,0.10,1.33,0.000,0.000,0.000,0.000,0.100,0.100,0.100,1,4.2,37.5,762,620,1,0,1,0,16,416,115,0
25.82,climb_cruise,515.6,515.6,29943.5,-44040,-47.87,43.69,47.92,14.68,15.0,125.0,0,0,10.79,0.12,1.33,0.000,0.000,0.000,0.000,0.100,0.100,0.100,1,4.1,37.2,762,619,1,0,1,0,16,416,114,0
25.84,climb_cruise,515.8,515.8,29928.8,-44014,-47.73,43.51,48.17,14.70,15.0,125.0,0,0,10.80,0.13,1.32,0.000,0.000,0.000,0.000,0.100,0.100,0.100,1,4.1,36.9,762,618,1,0,1,0,16,416,115,0
25.86,climb_cruise,516.0,516.0,29914.2,-43987,-47.59,43.33,48.42,14.71,15.0,125.0,0,0,10.82,0.15,1.31,0.000,0.000,0.000,0.000,0.100,0.100,0.100,1,4.1,36.6,762,618,1,0,1,0,16,416,116,0
25.88,climb_cruise,516.2,516.2,29899.5,-43960,-47.45,43.15,48.67,14.73,15.0,125.0,0,0,10.83,0.16,1.31,0.000,0.000,0.000,0.000,0.100,0.100,0.100,1,4.1,36.3,762,617,1,0,1,0,16,416,116,0
25.90,climb_cruise,516.4,516.4,29884.8,-43933,-47.31,42.97,48.92,14.75,15.0,125.0,0,0,10.85,0.18,1.30,0.000,0.000,0.000,0.000,0.100,0.100,0.100,1,4.1,36.0,762,617,1,0,1,0,16,416,116,0
25.92,climb_cruise,516.6,516.6,29870.2,-43904,-47.17,42.80,49.16,14.77,15.0,125.0,0,0,10.86,0.19,1.30,0.000,0.000,0.000,0.000,0.100,0.100,0.100,1,4.1,35.8,762,616,1,0,1,0,16,416,116,0
25.94,climb_cruise,516.8,516.8,29855.6,-43875,-47.03,42.62,49.41,14.78,15.0,125.0,0,0,10.88,0.21,1.29,0.000,0.000,0.000,0.000,0.100,0.100,0.100,1,4.1,35.5,762,615,1,0,1,0,16,416,114,0
25.96,climb_cruise,517.0,517.0,29840.9,-43845,-46.88,42.45,49.65,14.80,15.0,125.0,0,0,10.89,0.22,1.29,0.000,0.000,0.000,0.000,0.100,0.100,0.100,1,4.1,35.3,762,615,1,0,1,0,16,416,116,0
25.98,climb_cruise,517.2,517.2,29826.3,-43815,-46.74,42.27,49.89,14.82,15.0,125.0,0,0,10.91,0.23,1.28,0.000,0.000,0.000,0.000,0.100,0.100,0.100,1,4.1,35.0,762,614,1,0,1,0,16,416,116,0
26.00,climb_cruise,517.4,517.4,29811.7,-43784,-46.59,42.10,50.13,14.84,15.0,125.0,0,0,10.92,0.25,1.28,0.000,0.000,0.000,0.000,0.100,0.100,0.100,1,4.1,34.7,762,614,1,0,1,0,16,416,114,0
26.02,climb_cruise,517.6,517.6,29797.1,-43752,-46.45,41.93,50.37,14.86,15.0,125.0,0,0,10.93,0.26,1.28,0.000,0.000,0.000,0.000,0.100,0.100,0.100,1,4.1,34.5,762,613,1,0,1,0,16,416,116,0
26.04,climb_cruise,517.8,517.8,29782.6,-43719,-46.30,41.77,50.61,14.87,15.0,125.0,0,0,10.95,0.27,1.27,0.000,0.000,0.000,0.000,0.100,0.100,0.100,1,4.1,34.3,762,613,1,0,1,0,16,416,116,0
26.06,climb_cruise,518.0,518.0,29768.0,-43686,-46.16,41.60,50.85,14.89,15.0,125.0,0,0,10.96,0.28,1.27,0.000,0.000,0.000,0.000,0.100,0.100,0.100,1,4.1,34.0,762,612,1,0,1,0,16,416,115,0
26.08,climb_cruise,518.2,518.2,29753.4,-43652,-46.01,41.43,51.09,14.91,15.0,125.0,0,0,10.98,0.29,1.26,0.000,0.000,0.000,0.000,0.100,0.100,0.100,1,4.0,33.8,762,612,1,0,1,0,16,416,115,0
26.10,climb_cruise,518.4,518.4,29738.9,-43617,-45.86,41.27,51.32,14.93,15.0,125.0,0,0,10.99,0.31,1.26,0.000,0.000,0.000,0.000,0.100,0.100,0.100,1,4.0,33.5,762,611,1,0,1,0,16,416,115,0
26.12,climb_cruise,518.6,518.6,29724.3,-43582,-45.71,41.11,51.56,14.95,15.0,125.0,0,0,11.01,0.32,1.26,0.000,0.000,0.000,0.000,0.100,0.100,0.100,1,4.0,33.3,762,611,1,0,1,0,16,416,116,0
26.14,climb_cruise,518.7,518.7,29709.8,-43546,-45.56,40.95,51.79,14.96,15.0,125.0,0,0,11.02,0.33,1.25,0.000,0.000,0.000,0.000,0.100,0.100,0.100,1,4.0,33.1,762,610,1,0,1,0,16,416,114,0
26.16,climb_cruise,518.9,518.9,29695.3,-43509,-45.41,40.79,52.03,14.98,15.0,125.0,0,0,11.03,0.34,1.25,0.000,0.000,0.000,0.000,0.100,0.100,0.100,1,4.0,32.9,762,610,1,0,1,0,16,416,116,0
26.18,climb_cruise,519.1,519.1,29680.8,-43472,-45.26,40.63,52.26,15.00,15.0,125.0,0,0,11.05,0.35,1.25,0.000,0.000,0.000,0.000,0.100,0.100,0.100,1,4.0,32.7,762,609,1,0,1,0,16,416,114,0
26.20,climb_cruise,519.3,519.3,29666.3,-43434,-45.11,40.47,52.49,15.02,15.0,125.0,1,1,11.06,0.36,1.24,0.000,0.000,0.000,0.000,0.100,0.100,0.100,1,4.0,32.5,762,609,1,0,1,0,16,416,115,0
26.22,climb_cruise,519.5,519.5,29651.8,-43395,-44.96,40.32,52.72,15.04,15.0,125.0,1,1,11.08,0.37,1.24,0.000,0.000,0.000,0.000,0.100,0.100,0.100,1,4.0,32.2,762,608,1,0,1,0,16,416,116,0
26.24,climb_cruise,519.7,519.7,29637.4,-43355,-44.80,40.16,52.95,15.05,15.0,125.0,1,1,11.09,0.38,1.24,0.000,0.000,0.000,0.000,0.100,0.100,0.100,1,4.0,32.0,762,608,1,0,1,0,16,416,115,0
26.26,climb_cruise,519.9,519.9,29622.9,-43315,-44.65,40.01,53.18,15.07,15.0,125.0,1,1,11.11,0.39,1.24,0.000,0.000,0.000,0.000,0.100,0.100,0.100,1,4.0,31.8,762,607,1,0,1,0,16,416,115,0
26.28,climb_cruise,520.1,520.1,29608.5,-43274,-44.49,39.86,53.40,15.09,15.0,125.0,1,1,11.12,0.40,1.23,0.000,0.000,0.000,0.000,0.100,0.100,0.100,1,4.0,31.6,762,607,1,0,1,0,16,416,115,0
26.30,climb_cruise,520.3,520.3,29594.1,-43232,-44.34,39.71,53.63,15.11,15.0,125.0,1,1,11.14,0.41,1.23,0.000,0.000,0.000,0.000,0.100,0.100,0.100,1,4.0,31.4,762,606,1,0,1,0,16,416,116,0
26.32,climb_cruise,520.5,520.5,29579.7,-43190,-44.18,39.56,53.85,15.13,15.0,125.0,1,1,11.15,0.41,1.23,0.000,0.000,0.000,0.000,0.100,0.100,0.100,1,3.9,31.3,762,606,1,0,1,0,16,416,116,0
26.34,climb_cruise,520.7,520.7,29565.3,-43147,-44.03,39.41,54.08,15.14,15.0,125.0,1,1,11.16,0.42,1.23,0.000,0.000,0.000,0.000,0.100,0.100,0.100,1,3.9,31.1,762,606,1,0,1,0,16,416,114,0
26.36,climb_cruise,520.9,520.9,29550.9,-43103,-43.87,39.27,54.30,15.16,15.0,125.0,1,1,11.18,0.43,1.22,0.000,0.000,0.000,0.000,0.100,0.100,0.100,1,3.9,30.9,762,605,1,0,1,0,16,416,116,0
26.38,climb_cruise,521.0,521.0,29536.5,-43058,-43.71,39.12,54.52,15.18,15.0,125.0,1,1,11.19,0.44,1.22,0.000,0.000,0.000,0.000,0.100,0.100,0.100,1,3.9,30.7,762,605,1,0,1,0,16,416,115,0
26.40,climb_cruise,521.2,521.2,29522.2,-43013,-43.55,38.98,54.74,15.20,15.0,125.0,1,1,11.21,0.45,1.22,0.000,0.000,0.000,0.000,0.100,0.100,0.100,1,3.9,30.5,762,604,1,0,1,0,16,416,115,0
26.42,climb_cruise,521.4,521.4,29507.9,-42967,-43.39,38.84,54.96,15.22,15.0,125.0,1,1,11.22,0.46,1.22,0.000,0.000,0.000,0.000,0.100,0.100,0.100,1,3.9,30.3,762,604,1,0,1,0,16,416,115,0
26.44,climb_cruise,521.6,521.6,29493.5,-42920,-43.23,38.69,55.18,15.23,15.0,125.0,1,1,11.24,0.46,1.22,0.000,0.000,0.000,0.000,0.100,0.100,0.100,1,3.9,30.2,762,604,1,0,1,0,16,416,115,0
26.46,climb_cruise,521.8,521.8,29479.2,-42873,-43.07,38.55,55.40,15.25,15.0,125.0,1,1,11.25,0.47,1.22,0.000,0.000,0.000,0.000,0.100,0.100,0.100,1,3.9,30.0,762,603,1,0,1,0,16,416,114,0
26.48,climb_cruise,522.0,522.0,29465.0,-42825,-42.91,38.42,55.62,15.27,15.0,125.0,1,1,11.26,0.48,1.21,0.000,0.000,0.000,0.000,0.100,0.100,0.100,1,3.9,29.8,762,603,1,0,1,0,16,416,115,0
26.50,climb_cruise,522.2,522.2,29450.7,-42776,-42.75,38.28,55.84,15.29,15.0,125.0,1,1,11.28,0.49,1.21,0.000,0.000,0.000,0.000,0.100,0.100,0.100,1,3.9,29.7,762,603,1,0,1,0,16,416,115,0
26.52,climb_cruise,522.3,522.3,29436.4,-42726,-42.59,38.14,56.05,15.31,15.0,125.0,1,1,11.29,0.49,1.21,0.000,0.000,0.000,0.000,0.100,0.100,0.100,1,3.9,29.5,762,602,1,0,1,0,16,416,115,0
26.54,climb_cruise,522.5,522.5,29422.2,-42675,-42.42,38.01,56.27,15.32,15.0,125.0,1,1,11.31,0.50,1.21,0.000,0.000,0.000,0.000,0.100,0.100,0.100,1,3.9,29.3,762,602,1,0,1,0,16,416,115,0
26.56,climb_cruise,522.7,522.7,29408.0,-42624,-42.26,37.87,56.48,15.34,15.0,125.0,1,1,11.32,0.51,1.21,0.000,0.000,0.000,0.000,0.100,0.100,0.100,1,3.9,29.2,762,601,1,0,1,0,16,416,115,0
26.58,climb_cruise,522.9,522.9,29393.8,-42572,-42.10,37.74,56.70,15.36,15.0,125.0,1,1,11.34,0.51,1.21,0.000,0.000,0.000,0.000,0.100,0.100,0.100,1,3.8,29.0,762,601,1,0,1,0,16,416,115,0
26.60,climb_cruise,523.1,523.1,29379.6,-42520,-41.93,37.61,56.91,15.38,15.0,125.0,1,1,11.35,0.52,1.21,0.000,0.000,0.000,0.000,0.100,0.100,0.100,1,3.8,28.9,762,601,1,0,1,0,16,416,115,0
26.62,climb_cruise,523.3,523.3,29365.4,-42466,-41.77,37.48,57.12,15.40,15.0,125.0,1,1,11.37,0.53,1.20,0.000,0.000,0.000,0.000,0.100,0.100,0.100,1,3.8,28.7,762,600,1,0,1,0,16,416,115,0
26.64,climb_cruise,523.4,523.4,29351.3,-42412,-41.60,37.35,57.33,15.41,15.0,125.0,1,1,11.38,0.53,1.20,0.000,0.000,0.000,0.000,0.100,0.100,0.100,1,3.8,28.6,762,600,1,0,1,0,16,416,115,0
26.66,climb_cruise,523.6,523.6,29337.1,-42357,-41.43,37.22,57.54,15.43,15.0,125.0,1,1,11.39,0.54,1.20,0.000,0.000,0.000,0.000,0.100,0.100,0.100,1,3.8,28.5,762,600,1,0,1,0,16,416,114,0
26.68,climb_cruise,523.8,523.8,29323.0,-42301,-41.27,37.09,57.75,15.45,15.0,125.0,1,1,11.41,0.55,1.20,0.000,0.000,0.000,0.000,0.100,0.100,0.100,1,3.8,28.3,762,599,1,0,1,0,16,416,115,0
26.70,climb_cruise,524.0,524.0,29308.9,-42245,-41.10,36.96,57.96,15.47,15.0,125.0,1,1,11.42,0.55,1.20,0.000,0.000,0.000,0.000,0.100,0.100,0.100,1,3.8,28.2,762,599,1,0,1,0,16,416,116,0
26.72,climb_cruise,524.2,524.2,29294.9,-42188,-40.93,36.84,58.16,15.49,15.0,125.0,1,1,11.44,0.56,1.20,0.000,0.000,0.000,0.000,0.100,0.100,0.100,1,3.8,28.0,762,599,1,0,1,0,16,416,115,0
26.74,climb_cruise,524.3,524.3,29280.8,-42130,-40.76,36.72,58.37,15.50,15.0,125.0,1,1,11.45,0.56,1.20,0.000,0.000,0.000,0.000,0.100,0.100,0.100,1,3.8,27.9,762,598,1,0,1,0,16,416,114,0
26.76,climb_cruise,524.5,524.5,29266.8,-42071,-40.59,36.59,58.58,15.52,15.0,125.0,1,1,11.47,0.57,1.20,0.000,0.000,0.000,0.000,0.100,0.100,0.100,1,3.8,27.8,762,598,1,0,1,0,16,416,116,0
26.78,climb_cruise,524.7,524.7,29252.7,-42011,-40.42,36.47,58.78,15.54,15.0,125.0,1,1,11.48,0.58,1.20,0.000,0.000,0.000,0.000,0.100,0.100,0.100,1,3.8,27.6,762,598,1,0,1,0,16,416,115,0
26.80,climb_cruise,524.9,524.9,29238.8,-41951,-40.25,36.35,58.99,15.56,15.0,125.0,1,1,11.50,0.58,1.20,0.000,0.000,0.000,0.000,0.100,0.100,0.100,1,3.8,27.5,762,598,1,0,1,0,16,416,116,0
26.82,climb_cruise,525.0,525.0,29224.8,-41890,-40.08,36.23,59.19,15.58,15.0,125.0,1,1,11.51,0.59,1.19,0.000,0.000,0.000,0.000,0.100,0.100,0.100,1,3.8,27.4,762,597,1,0,1,0,16,416,116,0
26.84,climb_cruise,525.2,525.2,29210.8,-41828,-39.91,36.11,59.39,15.60,15.0,125.0,1,1,11.52,0.59,1.19,0.000,0.000,0.000,0.000,0.100,0.100,0.100,1,3.7,27.3,762,597,1,0,1,0,16,416,116,0
26.86,climb_cruise,525.4,525.4,29196.9,-41766,-39.73,36.00,59.59,15.61,15.0,125.0,1,1,11.54,0.60,1.19,0.000,0.000,0.000,0.000,0.100,0.100,0.100,1,3.7,27.2,762,597,1,0,1,0,16,416,115,0
26.88,climb_cruise,525.5,525.5,29183.0,-41702,-39.56,35.88,59.80,15.63,15.0,125.0,1,1,11.55,0.60,1.19,0.000,0.000,0.000,0.000,0.100,0.100,0.100,1,3.7,27.0,762,596,1,0,1,0,16,416,114,0
26.90,climb_cruise,525.7,525.7,29169.1,-41638,-39.39,35.76,60.00,15.65,15.0,125.0,1,1,11.57,0.61,1.19,0.000,0.000,0.000,0.000,0.100,0.100,0.100,1,3.7,26.9,762,596,1,0,1,0,16,416,115,0
26.92,climb_cruise,525.9,525.9,29155.2,-41573,-39.21,35.65,60.20,15.67,15.0,125.0,1,1,11.58,0.61,1.19,0.000,0.000,0.000,0.000,0.100,0.100,0.100,1,3.7,26.8,762,596,1,0,1,0,16,416,114,0
26.94,climb_cruise,526.1,526.1,29141.4,-41508,-39.04,35.54,60.39,15.69,15.0,125.0,1,1,11.60,0.62,1.19,0.000,0.000,0.000,0.000,0.100,0.100,0.100,1,3.7,26.7,762,596,1,0,1,0,16,416,115,0
26.96,climb_cruise,526.2,526.2,29127.5,-41441,-38.86,35.42,60.59,15.70,15.0,125.0,1,1,11.61,0.62,1.19,0.000,0.000,0.000,0.000,0.100,0.100,0.100,1,3.7,26.6,762,595,1,0,1,0,16,416,114,0
26.98,climb_cruise,526.4,526.4,29113.7,-41374,-38.69,35.31,60.79,15.72,15.0,125.0,1,1,11.63,0.63,1.19,0.000,0.000,0.000,0.000,0.100,0.100,0.100,1,3.7,26.5,762,595,1,0,1,0,16,416,115,0
27.00,climb_cruise,526.6,526.6,29099.9,-41306,-38.51,35.20,60.99,15.74,15.0,125.0,1,1,11.64,0.63,1.19,0.000,0.000,0.000,0.000,0.100,0.100,0.100,1,3.7,26.4,762,595,1,0,1,0,16,416,116,0
27.02,climb_cruise,526.7,526.7,29086.2,-41237,-38.33,35.09,61.18,15.76,15.0,125.0,1,1,11.66,0.64,1.19,0.000,0.000,0.000,0.000,0.100,0.100,0.100,1,3.7,26.3,762,595,1,0,1,0,16,416,115,0
27.04,climb_cruise,526.9,526.9,29072.4,-41168,-38.16,34.99,61.38,15.78,15.0,125.0,1,1,11.67,0.64,1.19,0.000,0.000,0.000,0.000,0.100,0.100,0.100,1,3.7,26.2,762,594,1,0,1,0,16,416,116,0
27.06,climb_cruise,527.1,527.1,29058.7,-41097,-37.98,34.88,61.57,15.79,15.0,125.0,1,1,11.68,0.65,1.19,0.000,0.000,0.000,0.000,0.100,0.100,0.100,1,3.7,26.1,762,594,1,0,1,0,16,416,114,0
27.08,climb_cruise,527.2,527.2,29045.0,-41026,-37.80,34.77,61.77,15.81,15.0,125.0,1,1,11.70,0.65,1.19,0.000,0.000,0.000,0.000,0.100,0.100,0.100,1,3.7,26.0,762,594,1,0,1,0,16,416,115,0
27.10,climb_cruise,527.4,527.4,29031.4,-40954,-37.62,34.67,61.96,15.83,15.0,125.0,1,1,11.71,0.66,1.19,0.000,0.000,0.000,0.000,0.100,0.100,0.100,1,3.7,25.9,762,594,1,0,1,0,16,416,114,0
27.12,climb_cruise,527.6,527.6,29017.7,-40881,-37.44,34.56,62.15,15.85,15.0,125.0,1,1,11.73,0.66,1.19,0.000,0.000,0.000,0.000,0.100,0.100,0.100,1,3.6,25.8,762,593,1,0,1,0,16,416,115,0
27.14,climb_cruise,527.7,527.7,29004.1,-40808,-37.26,34.46,62.35,15.87,15.0,125.0,1,1,11.74,0.66,1.19,0.000,0.000,0.000,0.000,0.100,0.100,0.100,1,3.6,25.7,762,593,1,0,1,0,16,416,115,0
27.16,climb_cruise,527.9,527.9,28990.5,-40733,-37.08,34.36,62.54,15.89,15.0,125.0,1,1,11.76,0.67,1.19,0.000,0.000,0.000,0.000,0.100,0.100,0.100,1,3.6,25.6,762,593,1,0,1,0,16,416,115,0
27.18,climb_cruise,528.0,528.0,28976.9,-40658,-36.90,34.26,62.73,15.90,15.0,125.0,1,1,11.77,0.67,1.19,0.000,0.000,0.000,0.000,0.100,0.100,0.100,1,3.6,25.5,762,593,1,0,1,0,16,416,115,0
27.20,climb_cruise,528.2,528.2,28963.4,-40582,-36.72,34.16,62.92,15.92,15.0,125.0,1,1,11.79,0.68,1.19,0.000,0.000,0.000,0.000,0.100,0.100,0.100,1,3.6,25.4,762,593,1,0,1,0,16,416,114,0
27.22,climb_cruise,528.4,528.4,28949.9,-40506,-36.54,34.06,63.11,15.94,15.0,125.0,1,1,11.80,0.68,1.19,0.000,0.000,0.000,0.000,0.100,0.100,0.100,1,3.6,25.3,762,592,1,0,1,0,16,416,115,0
27.24,climb_cruise,528.5,528.5,28936.4,-40428,-36.35,33.96,63.30,15.96,15.0,125.0,1,1,11.82,0.69,1.19,0.000,0.000,0.000,0.000,0.100,0.100,0.100,1,3.6,25.2,762,592,1,0,1,0,16,416,115,0
27.26,climb_cruise,528.7,528.7,28922.9,-40350,-36.17,33.86,63.48,15.98,15.0,125.0,1,1,11.83,0.69,1.19,0.000,0.000,0.000,0.000,0.100,0.100,0.100,1,3.6,25.1,762,592,1,0,1,0,16,416,116,0
27.28,climb_cruise,528.8,528.8,28909.5,-40271,-35.99,33.76,63.67,15.99,15.0,125.0,1,1,11.84,0.69,1.19,0.000,0.000,0.000,0.000,0.100,0.100,0.100,1,3.6,25.0,762,592,1,0,1,0,16,416,115,0
27.30,climb_cruise,529.0,529.0,28896.1,-40191,-35.80,33.67,63.86,16.01,15.0,125.0,1,1,11.86,0.70,1.19,0.000,0.000,0.000,0.000,0.100,0.100,0.100,1,3.6,25.0,762,592,1,0,1,0,16,416,116,0
27.32,climb_cruise,529.1,529.1,28882.7,-40110,-35.62,33.57,64.04,16.03,15.0,125.0,1,1,11.87,0.70,1.19,0.000,0.000,0.000,0.000,0.100,0.100,0.100,1,3.6,24.9,762,591,1,0,1,0,16,416,115,0
27.34,climb_cruise,529.3,529.3,28869.3,-40028,-35.43,33.48,64.23,16.05,15.0,125.0,1,1,11.89,0.71,1.19,0.000,0.000,0.000,0.000,0.100,0.100,0.100,1,3.6,24.8,762,591,1,0,1,0,16,416,115,0
27.36,climb_cruise,529.4,529.4,28856.0,-39946,-35.25,33.39,64.41,16.07,15.0,125.0,1,1,11.90,0.71,1.19,0.000,0.000,0.000,0.000,0.100,0.100,0.100,1,3.6,24.7,762,591,1,0,1,0,16,416,115,0
27.38,climb_cruise,529.6,529.6,28842.7,-39863,-35.06,33.29,64.60,16.09,15.0,125.0,1,1,11.92,0.71,1.19,0.000,0.000,0.000,0.000,0.100,0.100,0.100,1,3.5,24.6,762,591,1,0,1,0,16,416,116,0
27.40,climb_cruise,529.8,529.8,28829.4,-39779,-34.88,33.20,64.78,16.10,15.0,125.0,1,1,11.93,0.72,1.19,0.000,0.000,0.000,0.000,0.100,0.100,0.100,1,3.5,24.6,762,591,1,0,1,0,16,416,115,0
27.42,climb_cruise,529.9,529.9,28816.1,-39694,-34.69,33.11,64.97,16.12,15.0,125.0,1,1,11.95,0.72,1.19,0.000,0.000,0.000,0.000,0.100,0.100,0.100,1,3.5,24.5,762,590,1,0,1,0,16,416,115,0
27.44,climb_cruise,530.1,530.1,28802.9,-39608,-34.50,33.02,65.15,16.14,15.0,125.0,1,1,11.96,0.72,1.19,0.000,0.000,0.000,0.000,0.100,0.100,0.100,1,3.5,24.4,762,590,1,0,1,0,16,416,114,0
27.46,climb_cruise,530.2,530.2,28789.7,-39522,-34.31,32.93,65.33,16.16,15.0,125.0,1,1,11.97,0.73,1.19,0.000,0.000,0.000,0.000,0.100,0.100,0.100,1,3.5,24.4,762,590,1,0,1,0,16,416,116,0
27.48,climb_cruise,530.4,530.4,28776.6,-39435,-34.12,32.85,65.51,16.18,15.0,125.0,1,1,11.99,0.73,1.19,0.000,0.000,0.000,0.000,0.100,0.100,0.100,1,3.5,24.3,762,590,1,0,1,0,16,416,114,0
27.50,climb_cruise,530.5,530.5,28763.4,-39347,-33.94,32.76,65.69,16.19,15.0,125.0,1,1,12.00,0.74,1.19,0.000,0.000,0.000,0.000,0.100,0.100,0.100,1,3.5,24.2,762,590,1,0,1,0,16,416,114,0
27.52,climb_cruise,530.6,530.6,28750.3,-39258,-33.75,32.67,65.87,16.21,15.0,125.0,1,1,12.02,0.74,1.19,0.000,0.000,0.000,0.000,0.100,0.100,0.100,1,3.5,24.1,762,590,1,0,1,0,16,416,116,0
27.54,climb_cruise,530.8,530.8,28737.3,-39168,-33.56,32.59,66.05,16.23,15.0,125.0,1,1,12.03,0.74,1.19,0.000,0.000,0.000,0.000,0.100,0.100,0.100,1,3.5,24.1,762,589,1,0,1,0,16,416,114,0
27.56,climb_cruise,530.9,530.9,28724.2,-39078,-33.37,32.51,66.23,16.25,15.0,125.0,1,1,12.05,0.75,1.19,0.000,0.000,0.000,0.000,0.100,0.100,0.100,1,3.5,24.0,762,589,1,0,1,0,16,416,115,0
27.58,climb_cruise,531.1,531.1,28711.2,-38986,-33.18,32.42,66.41,16.27,15.0,125.0,1,1,12.06,0.75,1.19,0.000,0.000,0.000,0.000,0.100,0.100,0.100,1,3.5,23.9,762,589,1,0,1,0,16,416,115,0
27.60,climb_cruise,531.2,531.2,28698.2,-38894,-32.98,32.34,66.59,16.29,15.0,125.0,1,1,12.08,0.75,1.19,0.000,0.000,0.000,0.000,0.100,0.100,0.100,1,3.5,23.9,762,589,1,0,1,0,16,416,115,0
27.62,climb_cruise,531.4,531.4,28685.3,-38801,-32.79,32.26,66.77,16.30,15.0,125.0,1,1,12.09,0.76,1.19,0.000,0.000,0.000,0.000,0.100,0.100,0.100,1,3.5,23.8,762,589,1,0,1,0,16,416,115,0
27.64,climb_cruise,531.5,531.5,28672.3,-38707,-32.60,32.18,66.95,16.32,15.0,125.0,1,1,12.11,0.76,1.19,0.000,0.000,0.000,0.000,0.100,0.100,0.100,1,3.5,23.8,762,589,1,0,1,0,16,416,116,0
27.66,climb_cruise,531.7,531.7,28659.4,-38613,-32.41,32.10,67.12,16.34,15.0,125.0,1,1,12.12,0.76,1.19,0.000,0.000,0.000,0.000,0.100,0.100,0.100,1,3.5,23.7,762,588,1,0,1,0,16,416,116,0
27.68,climb_cruise,531.8,531.8,28646.6,-38517,-32.22,32.02,67.30,16.36,15.0,125.0,1,1,12.13,0.77,1.19,0.000,0.000,0.000,0.000,0.100,0.100,0.100,1,3.4,23.6,762,588,1,0,1,0,16,416,115,0
27.70,climb_cruise,531.9,531.9,28633.8,-38421,-32.02,31.94,67.48,16.38,15.0,125.0,1,1,12.15,0.77,1.19,0.000,0.000,0.000,0.000,0.100,0.100,0.100,1,3.4,23.6,762,588,1,0,1,0,16,416,114,0
27.72,climb_cruise,532.1,532.1,28621.0,-38324,-31.83,31.86,67.65,16.39,15.0,125.0,1,1,12.16,0.77,1.19,0.000,0.000,0.000,0.000,0.100,0.100,0.100,1,3.4,23.5,762,588,1,0,1,0,16,416,114,0
27.74,climb_cruise,532.2,532.2,28608.2,-38226,-31.63,31.79,67.83,16.41,15.0,125.0,1,1,12.18,0.78,1.19,0.000,0.000,0.000,0.000,0.100,0.100,0.100,1,3.4,23.5,762,588,1,0,1,0,16,416,114,0
27.76,climb_cruise,532.3,532.3,28595.5,-38127,-31.44,31.71,68.00,16.43,15.0,125.0,1,1,12.19,0.78,1.20,0.000,0.000,0.000,0.000,0.100,0.100,0.100,1,3.4,23.4,762,588,1,0,1,0,16,416,115,0
27.78,climb_cruise,532.5,532.5,28582.8,-38028,-31.24,31.64,68.17,16.45,15.0,125.0,1,1,12.21,0.78,1.20,0.000,0.000,0.000,0.000,0.100,0.100,0.100,1,3.4,23.4,762,588,1,0,1,0,16,416,114,0
27.80,climb_cruise,532.6,532.6,28570.1,-37928,-31.05,31.56,68.35,16.47,15.0,125.0,1,1,12.22,0.79,1.20,0.000,0.000,0.000,0.000,0.100,0.100,0.100,1,3.4,23.3,762,587,1,0,1,0,16,416,115,0
27.82,climb_cruise,532.7,532.7,28557.5,-37826,-30.85,31.49,68.52,16.48,15.0,125.0,1,1,12.24,0.79,1.20,0.000,0.000,0.000,0.000,0.100,0.100,0.100,1,3.4,23.2,762,587,1,0,1,0,16,416,115,0
27.84,climb_cruise,532.9,532.9,28544.9,-37724,-30.66,31.42,68.69,16.50,15.0,125.0,1,1,12.25,0.79,1.20,0.000,0.000,0.000,0.000,0.100,0.100,0.100,1,3.4,23.2,762,587,1,0,1,0,16,416,114,0
27.86,climb_cruise,533.0,533.0,28532.3,-37621,-30.46,31.35,68.86,16.52,15.0,125.0,1,1,12.26,0.80,1.20,0.000,0.000,0.000,0.000,0.100,0.100,0.100,1,3.4,23.1,762,587,1,0,1,0,16,416,115,0
27.88,climb_cruise,533.1,533.1,28519.8,-37518,-30.26,31.28,69.04,16.54,15.0,125.0,1,1,12.28,0.80,1.20,0.000,0.000,0.000,0.000,0.100,0.100,0.100,1,3.4,23.1,762,587,1,0,1,0,16,416,116,0
27.90,climb_cruise,533.3,533.3,28507.3,-37413,-30.06,31.21,69.21,16.56,15.0,125.0,1,1,12.29,0.80,1.20,0.000,0.000,0.000,0.000,0.100,0.100,0.100,1,3.4,23.0,762,587,1,0,1,0,16,416,115,0
27.92,climb_cruise,533.4,533.4,28494.8,-37308,-29.87,31.14,69.38,16.58,15.0,125.0,1,1,12.31,0.81,1.20,0.000,0.000,0.000,0.000,0.100,0.100,0.100,1,3.4,23.0,762,587,1,0,1,0,16,416,114,0
27.94,climb_cruise,533.5,533.5,28482.4,-37202,-29.67,31.07,69.55,16.59,15.0,125.0,1,1,12.32,0.81,1.20,0.000,0.000,0.000,0.000,0.100,0.100,0.100,1,3.4,22.9,762,587,1,0,1,0,16,416,115,0
27.96,climb_cruise,533.7,533.7,28470.0,-37095,-29.47,31.00,69.72,16.61,15.0,125.0,1,1,12.34,0.81,1.20,0.000,0.000,0.000,0.000,0.100,0.100,0.100,1,3.3,22.9,762,586,1,0,1,0,16,416,114,0
27.98,climb_cruise,533.8,533.8,28457.7,-36987,-29.27,30.93,69.89,16.63,15.0,125.0,1,1,12.35,0.82,1.20,0.000,0.000,0.000,0.000,0.100,0.100,0.100,1,3.3,22.9,762,586,1,0,1,0,16,416,114,0
28.00,climb_cruise,533.9,533.9,28445.4,-36878,-29.07,30.87,70.06,16.65,15.0,125.0,1,1,12.37,0.82,1.20,0.000,0.000,0.000,0.000,0.100,0.100,0.100,1,3.3,22.8,762,586,1,0,1,0,16,416,116,0
28.02,climb_cruise,534.0,534.0,28433.1,-36769,-28.87,30.80,70.23,16.67,15.0,125.0,1,1,12.38,0.82,1.20,0.000,0.000,0.000,0.000,0.100,0.100,0.100,1,3.3,22.8,762,586,1,0,1,0,16,416,116,0
28.04,climb_cruise,534.2,534.2,28420.8,-36658,-28.67,30.74,70.39,16.68,15.0,125.0,1,1,12.39,0.82,1.20,0.000,0.000,0.000,0.000,0.100,0.100,0.100,1,3.3,22.7,762,586,1,0,1,0,16,416,116,0
28.06,climb_cruise,534.3,534.3,28408.6,-36547,-28.47,30.67,70.56,16.70,15.0,125.0,1,1,12.41,0.83,1.20,0.000,0.000,0.000,0.000,0.100,0.100,0.100,1,3.3,22.7,762,586,1,0,1,0,16,416,115,0
28.08,climb_cruise,534.4,534.4,28396.5,-36435,-28.27,30.61,70.73,16.72,15.0,125.0,1,1,12.42,0.83,1.21,0.000,0.000,0.000,0.000,0.100,0.100,0.100,1,3.3,22.6,762,586,1,0,1,0,16,416,116,0
28.10,climb_cruise,534.5,534.5,28384.3,-36322,-28.06,30.55,70.90,16.74,15.0,125.0,1,1,12.44,0.83,1.21,0.000,0.000,0.000,0.000,0.100,0.100,0.100,1,3.3,22.6,762,586,1,0,1,0,16,416,116,0
28.12,climb_cruise,534.6,534.6,28372.2,-36209,-27.86,30.49,71.06,16.76,15.0,125.0,1,1,12.45,0.84,1.21,0.000,0.000,0.000,0.000,0.100,0.100,0.100,1,3.3,22.5,762,586,1,0,1,0,16,416,115,0
28.14,climb_cruise,534.8,534.8,28360.2,-36094,-27.66,30.43,71.23,16.78,15.0,125.0,1,1,12.47,0.84,1.21,0.000,0.000,0.000,0.000,0.100,0.100,0.100,1,3.3,22.5,762,585,1,0,1,0,16,416,115,0
28.16,climb_cruise,534.9,534.9,28348.2,-35979,-27.46,30.37,71.39,16.79,15.0,125.0,1,1,12.48,0.84,1.21,0.000,0.000,0.000,0.000,0.100,0.100,0.100,1,3.3,22.5,762,585,1,0,1,0,16,416,116,0
28.18,climb_cruise,535.0,535.0,28336.2,-35863,-27.25,30.31,71.56,16.81,15.0,125.0,1,1,12.49,0.85,1.21,0.000,0.000,0.000,0.000,0.100,0.100,0.100,1,3.3,22.4,762,585,1,0,1,0,16,416,115,0
28.20,climb_cruise,535.1,535.1,28324.2,-35746,-27.05,30.25,71.73,16.83,15.0,125.0,1,1,12.51,0.85,1.21,0.000,0.000,0.000,0.000,0.100,0.100,0.100,1,3.3,22.4,762,585,1,0,1,0,16,416,114,0
28.22,climb_cruise,535.2,535.2,28312.3,-35628,-26.84,30.19,71.89,16.85,15.0,125.0,1,1,12.52,0.85,1.21,0.000,0.000,0.000,0.000,0.100,0.100,0.100,1,3.3,22.3,762,585,1,0,1,0,16,416,116,0
28.24,climb_cruise,535.3,535.3,28300.5,-35509,-26.64,30.13,72.05,16.87,15.0,125.0,1,1,12.54,0.85,1.21,0.000,0.000,0.000,0.000,0.100,0.100,0.100,1,3.3,22.3,762,585,1,0,1,0,16,416,115,0
28.26,climb_cruise,535.5,535.5,28288.7,-35390,-26.44,30.08,72.22,16.88,15.0,125.0,1,1,12.55,0.86,1.21,0.000,0.000,0.000,0.000,0.100,0.100,0.100,1,3.3,22.3,762,585,1,0,1,0,16,416,115,0
28.28,climb_cruise,535.6,535.6,28276.9,-35270,-26.23,30.02,72.38,16.90,15.0,125.0,1,1,12.57,0.86,1.21,0.000,0.000,0.000,0.000,0.100,0.100,0.100,1,3.2,22.2,762,585,1,0,1,0,16,416,115,0
28.30,climb_cruise,535.7,535.7,28265.1,-35149,-26.02,29.97,72.55,16.92,15.0,125.0,1,1,12.58,0.86,1.21,0.000,0.000,0.000,0.000,0.100,0.100,0.100,1,3.2,22.2,762,585,1,0,1,0,16,416,114,0
28.32,climb_cruise,535.8,535.8,28253.4,-35027,-25.82,29.91,72.71,16.94,15.0,125.0,1,1,12.59,0.87,1.22,0.000,0.000,0.000,0.000,0.100,0.100,0.100,1,3.2,22.2,762,585,1,0,1,0,16,416,116,0
28.34,climb_cruise,535.9,535.9,28241.8,-34904,-25.61,29.86,72.87,16.96,15.0,125.0,1,1,12.61,0.87,1.22,0.000,0.000,0.000,0.000,0.100,0.100,0.100,1,3.2,22.1,762,585,1,0,1,0,16,416,115,0
28.36,climb_cruise,536.0,536.0,28230.2,-34780,-25.40,29.81,73.03,16.98,15.0,125.0,1,1,12.62,0.87,1.22,0.000,0.000,0.000,0.000,0.100,0.100,0.100,1,3.2,22.1,762,584,1,0,1,0,16,416,115,0
28.38,climb_cruise,536.1,536.1,28218.6,-34656,-25.20,29.76,73.20,16.99,15.0,125.0,1,1,12.64,0.88,1.22,0.000,0.000,0.000,0.000,0.100,0.100,0.100,1,3.2,22.1,762,584,1,0,1,0,16,416,116,0
28.40,climb_cruise,536.2,536.2,28207.0,-34531,-24.99,29.70,73.36,17.01,15.0,125.0,1,1,12.65,0.88,1.22,0.000,0.000,0.000,0.000,0.100,0.100,0.100,1,3.2,22.0,762,584,1,0,1,0,16,416,116,0
28.42,climb_cruise,536.3,536.3,28195.5,-34405,-24.78,29.65,73.52,17.03,15.0,125.0,1,1,12.66,0.88,1.22,0.000,0.000,0.000,0.000,0.100,0.100,0.100,1,3.2,22.0,762,584,1,0,1,0,16,416,116,0
28.44,climb_cruise,536.4,536.4,28184.1,-34278,-24.57,29.60,73.68,17.05,15.0,125.0,1,1,12.68,0.88,1.22,0.000,0.000,0.000,0.000,0.100,0.100,0.100,1,3.2,22.0,762,584,1,0,1,0,16,416,114,0
28.46,climb_cruise,536.5,536.5,28172.7,-34150,-24.37,29.56,73.84,17.07,15.0,125.0,1,1,12.69,0.89,1.22,0.000,0.000,0.000,0.000,0.100,0.100,0.100,1,3.2,21.9,762,584,1,0,1,0,16,416,114,0
28.48,climb_cruise,536.6,536.6,28161.3,-34022,-24.16,29.51,74.00,17.08,15.0,125.0,1,1,12.71,0.89,1.22,0.000,0.000,0.000,0.000,0.100,0.100,0.100,1,3.2,21.9,762,584,1,0,1,0,16,416,114,0
28.50,climb_cruise,536.7,536.7,28150.0,-33892,-23.95,29.46,74.16,17.10,15.0,125.0,1,1,12.72,0.89,1.22,0.000,0.000,0.000,0.000,0.100,0.100,0.100,1,3.2,21.9,762,584,1,0,1,0,16,416,115,0
28.52,climb_cruise,536.8,536.8,28138.7,-33762,-23.74,29.41,74.32,17.12,15.0,125.0,1,1,12.74,0.90,1.22,0.000,0.000,0.000,0.000,0.100,0.100,0.100,1,3.2,21.8,762,584,1,0,1,0,16,416,114,0
28.54,climb_cruise,536.9,536.9,28127.5,-33631,-23.53,29.37,74.48,17.14,15.0,125.0,1,1,12.75,0.90,1.23,0.000,0.000,0.000,0.000,0.100,0.100,0.100,1,3.2,21.8,762,584,1,0,1,0,16,416,114,0
28.56,climb_cruise,537.0,537.0,28116.3,-33499,-23.32,29.32,74.64,17.16,15.0,125.0,1,1,12.76,0.90,1.23,0.000,0.000,0.000,0.000,0.100,0.100,0.100,1,3.2,21.8,762,584,1,0,1,0,16,416,116,0
28.58,climb_cruise,537.1,537.1,28105.1,-33367,-23.11,29.28,74.80,17.17,15.0,125.0,1,1,12.78,0.91,1.23,0.000,0.000,0.000,0.000,0.100,0.100,0.100,1,3.1,21.8,762,584,1,0,1,0,16,416,116,0
28.60,climb_cruise,537.2,537.2,28094.0,-33233,-22.89,29.23,74.96,17.19,15.0,125.0,1,1,12.79,0.91,1.23,0.000,0.000,0.000,0.000,0.100,0.100,0.100,1,3.1,21.7,762,583,1,0,1,0,16,416,116,0
28.62,climb_cruise,537.3,537.3,28083.0,-33099,-22.68,29.19,75.12,17.21,15.0,125.0,1,1,12.81,0.91,1.23,0.000,0.000,0.000,0.000,0.100,0.100,0.100,1,3.1,21.7,762,583,1,0,1,0,16,416,115,0
28.64,climb_cruise,537.4,537.4,28071.9,-32964,-22.47,29.15,75.28,17.23,15.0,125.0,1,1,12.82,0.91,1.23,0.000,0.000,0.000,0.000,0.100,0.100,0.100,1,3.1,21.7,762,583,1,0,1,0,16,416,115,0
28.66,climb_cruise,537.5,537.5,28061.0,-32828,-22.26,29.10,75.44,17.25,15.0,125.0,1,1,12.83,0.92,1.23,0.000,0.000,0.000,0.000,0.100,0.100,0.100,1,3.1,21.6,762,583,1,0,1,0,16,416,114,0
28.68,climb_cruise,537.6,537.6,28050.0,-32692,-22.05,29.06,75.60,17.27,15.0,125.0,1,1,12.84,0.92,1.23,0.000,0.000,0.000,0.000,0.100,0.100,0.100,1,3.1,21.6,762,583,1,0,1,0,16,416,116,0
28.70,climb_cruise,537.7,537.7,28039.2,-32555,-21.83,29.02,75.75,17.28,15.0,125.0,1,1,12.86,0.92,1.23,0.000,0.000,0.000,0.000,0.100,0.100,0.100,1,3.1,21.6,762,583,1,0,1,0,16,416,116,0
28.72,climb_cruise,537.8,537.8,28028.3,-32417,-21.62,28.98,75.91,17.30,15.0,125.0,1,1,12.87,0.92,1.24,0.000,0.000,0.000,0.000,0.100,0.100,0.100,1,3.1,21.6,762,583,1,0,1,0,16,416,114,0
28.74,climb_cruise,537.8,537.8,28017.5,-32278,-21.41,28.94,76.07,17.32,15.0,125.0,1,1,12.88,0.92,1.24,0.000,0.000,0.000,0.000,0.100,0.100,0.100,1,3.1,21.5,762,583,1,0,1,0,16,416,114,0
28.76,climb_cruise,537.9,537.9,28006.8,-32138,-21.19,28.91,76.23,17.34,15.0,125.0,1,1,12.89,0.93,1.24,0.000,0.000,0.000,0.000,0.100,0.100,0.100,1,3.1,21.5,762,583,1,0,1,0,16,416,115,0
28.78,climb_cruise,538.0,538.0,27996.1,-31998,-20.98,28.87,76.38,17.36,15.0,125.0,1,1,12.90,0.93,1.24,0.000,0.000,0.000,0.000,0.100,0.100,0.100,1,3.1,21.5,762,583,1,0,1,0,16,416,116,0
28.80,climb_cruise,538.1,538.1,27985.5,-31857,-20.77,28.83,76.54,17.38,15.0,125.0,1,1,12.90,0.93,1.24,0.000,0.000,0.000,0.000,0.100,0.100,0.100,1,3.1,21.5,762,583,1,0,1,0,16,416,115,0
28.82,climb_cruise,538.2,538.2,27974.9,-31716,-20.55,28.79,76.70,17.40,15.0,125.0,1,1,12.91,0.93,1.24,0.000,0.000,0.000,0.000,0.100,0.100,0.100,1,3.1,21.5,762,583,1,0,1,0,16,416,115,0
28.84,climb_cruise,538.3,538.3,27964.3,-31573,-20.34,28.76,76.85,17.42,15.0,125.0,1,1,12.92,0.94,1.24,0.000,0.000,0.000,0.000,0.100,0.100,0.100,1,3.1,21.4,762,583,1,0,1,0,16,416,115,0
28.86,climb_cruise,538.3,538.3,27953.8,-31430,-20.12,28.72,77.01,17.43,15.0,125.0,1,1,12.93,0.94,1.24,0.000,0.000,0.000,0.000,0.100,0.100,0.100,1,3.1,21.4,762,583,1,0,1,0,16,416,115,0
28.88,climb_cruise,538.4,538.4,27943.3,-31286,-19.91,28.69,77.16,17.45,15.0,125.0,1,1,12.94,0.94,1.24,0.000,0.000,0.000,0.000,0.100,0.100,0.100,1,3.1,21.4,762,583,1,0,1,0,16,416,116,0
28.90,climb_cruise,538.5,538.5,27932.9,-31142,-19.69,28.65,77.32,17.47,15.0,125.0,1,1,12.95,0.94,1.25,0.000,0.000,0.000,0.000,0.100,0.100,0.100,1,3.0,21.4,762,583,1,0,1,0,16,416,115,0
28.92,climb_cruise,538.6,538.6,27922.6,-30996,-19.48,28.62,77.47,17.49,15.0,125.0,1,1,12.96,0.95,1.25,0.000,0.000,0.000,0.000,0.100,0.100,0.100,1,3.0,21.3,762,582,1,0,1,0,16,416,114,0
28.94,climb_cruise,538.7,538.7,27912.3,-30850,-19.26,28.59,77.63,17.51,15.0,125.0,1,1,12.96,0.95,1.25,0.000,0.000,0.000,0.000,0.100,0.100,0.100,1,3.0,21.3,762,582,1,0,1,0,16,416,114,0
28.96,climb_cruise,538.7,538.7,27902.0,-30704,-19.04,28.56,77.78,17.53,15.0,125.0,1,1,12.97,0.95,1.25,0.000,0.000,0.000,0.000,0.100,0.100,0.100,1,3.0,21.3,762,582,1,0,1,0,16,416,114,0
28.98,climb_cruise,538.8,538.8,27891.8,-30556,-18.83,28.53,77.94,17.54,15.0,125.0,1,1,12.98,0.95,1.25,0.000,0.000,0.000,0.000,0.100,0.100,0.100,1,3.0,21.3,762,582,1,0,1,0,16,416,116,0
29.00,climb_cruise,538.9,538.9,27881.6,-30408,-18.61,28.50,78.09,17.56,15.0,125.0,1,1,12.99,0.95,1.25,0.000,0.000,0.000,0.000,0.100,0.100,0.100,1,3.0,21.3,762,582,1,0,1,0,16,416,116,0
29.02,climb_cruise,538.9,538.9,27871.5,-30259,-18.40,28.47,78.24,17.58,15.0,125.0,1,1,13.00,0.96,1.25,0.000,0.000,0.000,0.000,0.100,0.100,0.100,1,3.0,21.2,762,582,1,0,1,0,16,416,114,0
29.04,climb_cruise,539.0,539.0,27861.4,-30109,-18.18,28.44,78.40,17.60,15.0,125.0,1,1,13.01,0.96,1.25,0.000,0.000,0.000,0.000,0.100,0.100,0.100,1,3.0,21.2,762,582,1,0,1,0,16,416,114,0
29.06,climb_cruise,539.1,539.1,27851.4,-29959,-17.96,28.41,78.55,17.62,15.0,125.0,1,1,13.02,0.96,1.25,0.000,0.000,0.000,0.000,0.100,0.100,0.100,1,3.0,21.2,762,582,1,0,1,0,16,416,116,0
29.08,climb_cruise,539.2,539.2,27841.4,-29808,-17.74,28.38,78.71,17.64,15.0,125.0,1,1,13.03,0.96,1.26,0.000,0.000,0.000,0.000,0.100,0.100,0.100,1,3.0,21.2,762,582,1,0,1,0,16,416,115,0
29.10,climb_cruise,539.2,539.2,27831.5,-29656,-17.53,28.35,78.86,17.66,15.0,125.0,1,1,13.03,0.97,1.26,0.000,0.000,0.000,0.000,0.100,0.100,0.100,1,3.0,21.2,762,582,1,0,1,0,16,416,115,0
29.12,climb_cruise,539.3,539.3,27821.7,-29504,-17.31,28.33,79.01,17.67,15.0,125.0,1,1,13.04,0.97,1.26,0.000,0.000,0.000,0.000,0.100,0.100,0.100,1,3.0,21.1,762,582,1,0,1,0,16,416,115,0
29.14,climb_cruise,539.3,539.3,27811.8,-29351,-17.09,28.30,79.16,17.69,15.0,125.0,1,1,13.05,0.97,1.26,0.000,0.000,0.000,0.000,0.100,0.100,0.100,1,3.0,21.1,762,582,1,0,1,0,16,416,116,0
29.16,climb_cruise,539.4,539.4,27802.1,-29197,-16.87,28.28,79.32,17.71,15.0,125.0,1,1,13.06,0.97,1.26,0.000,0.000,0.000,0.000,0.100,0.100,0.100,1,3.0,21.1,762,582,1,0,1,0,16,416,116,0
29.18,climb_cruise,539.5,539.5,27792.4,-29043,-16.65,28.25,79.47,17.73,15.0,125.0,1,1,13.07,0.97,1.26,0.000,0.000,0.000,0.000,0.100,0.100,0.100,1,3.0,21.1,762,582,1,0,1,0,16,416,115,0
29.20,climb_cruise,539.5,539.5,27782.7,-28887,-16.44,28.23,79.62,17.75,15.0,125.0,1,1,13.08,0.98,1.26,0.000,0.000,0.000,0.000,0.100,0.100,0.100,1,3.0,21.1,762,582,1,0,1,0,16,416,114,0
29.22,climb_cruise,539.6,539.6,27773.1,-28732,-16.22,28.20,79.77,17.77,15.0,125.0,1,1,13.09,0.98,1.26,0.000,0.000,0.000,0.000,0.100,0.100,0.100,1,3.0,21.1,762,582,1,0,1,0,16,416,115,0
29.24,climb_cruise,539.7,539.7,27763.5,-28575,-16.00,28.18,79.93,17.79,15.0,125.0,1,1,13.10,0.98,1.27,0.000,0.000,0.000,0.000,0.100,0.100,0.100,1,2.9,21.0,762,582,1,0,1,0,16,416,115,0
29.26,climb_cruise,539.7,539.7,27754.0,-28418,-15.78,28.16,80.08,17.80,15.0,125.0,1,1,13.10,0.98,1.27,0.000,0.000,0.000,0.000,0.100,0.100,0.100,1,2.9,21.0,762,582,1,0,1,0,16,416,115,0
29.28,climb_cruise,539.8,539.8,27744.6,-28260,-15.56,28.14,80.23,17.82,15.0,125.0,1,1,13.11,0.99,1.27,0.000,0.000,0.000,0.000,0.100,0.100,0.100,1,2.9,21.0,762,582,1,0,1,0,16,416,115,0
29.30,climb_cruise,539.8,539.8,27735.2,-28101,-15.34,28.12,80.38,17.84,15.0,125.0,1,1,13.12,0.99,1.27,0.000,0.000,0.000,0.000,0.100,0.100,0.100,1,2.9,21.0,762,582,1,0,1,0,16,416,114,0
29.32,climb_cruise,539.9,539.9,27725.8,-27942,-15.12,28.10,80.53,17.86,15.0,125.0,1,1,13.13,0.99,1.27,0.000,0.000,0.000,0.000,0.100,0.100,0.100,1,2.9,21.0,762,582,1,0,1,0,16,416,115,0
29.34,climb_cruise,539.9,539.9,27716.5,-27782,-14.90,28.08,80.68,17.88,15.0,125.0,1,1,13.14,0.99,1.27,0.000,0.000,0.000,0.000,0.100,0.100,0.100,1,2.9,21.0,762,581,1,0,1,0,16,416,115,0
29.36,climb_cruise,540.0,540.0,27707.3,-27622,-14.68,28.06,80.83,17.90,15.0,125.0,1,1,13.15,1.00,1.27,0.000,0.000,0.000,0.000,0.100,0.100,0.100,1,2.9,20.9,762,581,1,0,1,0,16,416,115,0
29.38,climb_cruise,540.0,540.0,27698.1,-27460,-14.46,28.04,80.99,17.92,15.0,125.0,1,1,13.16,1.00,1.27,0.000,0.000,0.000,0.000,0.100,0.100,0.100,1,2.9,20.9,762,581,1,0,1,0,16,416,114,0
29.40,climb_cruise,540.1,540.1,27689.0,-27299,-14.24,28.02,81.14,17.93,15.0,125.0,1,1,13.16,1.00,1.28,0.000,0.000,0.000,0.000,0.100,0.100,0.100,1,2.9,20.9,762,581,1,0,1,0,16,416,116,0
29.42,climb_cruise,540.1,540.1,27679.9,-27136,-14.02,28.01,81.29,17.95,15.0,125.0,1,1,13.17,1.00,1.28,0.000,0.000,0.000,0.000,0.100,0.100,0.100,1,2.9,20.9,762,581,1,0,1,0,16,416,116,0
29.44,climb_cruise,540.2,540.2,27670.9,-26973,-13.80,27.99,81.44,17.97,15.0,125.0,1,1,13.18,1.00,1.28,0.000,0.000,0.000,0.000,0.100,0.100,0.100,1,2.9,20.9,762,581,1,0,1,0,16,416,116,0
29.46,climb_cruise,540.2,540.2,27661.9,-26809,-13.58,27.98,81.59,17.99,15.0,125.0,1,1,13.19,1.01,1.28,0.000,0.000,0.000,0.000,0.100,0.100,0.100,1,2.9,20.9,762,581,1,0,1,0,16,416,115,0
29.48,climb_cruise,540.3,540.3,27653.0,-26645,-13.36,27.96,81.74,18.01,15.0,125.0,1,1,13.20,1.01,1.28,0.000,0.000,0.000,0.000,0.100,0.100,0.100,1,2.9,20.9,762,581,1,0,1,0,16,416,115,0
29.50,climb_cruise,540.3,540.3,27644.1,-26480,-13.14,27.95,81.89,18.03,15.0,125.0,1,1,13.21,1.01,1.28,0.000,0.000,0.000,0.000,0.100,0.100,0.100,1,2.9,20.8,762,581,1,0,1,0,16,416,116,0
29.52,climb_cruise,540.3,540.3,27635.3,-26314,-12.91,27.93,82.04,18.05,15.0,125.0,1,1,13.21,1.01,1.28,0.000,0.000,0.000,0.000,0.100,0.100,0.100,1,2.9,20.8,762,581,1,0,1,0,16,416,115,0
29.54,climb_cruise,540.4,540.4,27626.6,-26148,-12.69,27.92,82.19,18.06,15.0,125.0,1,1,13.22,1.02,1.29,0.000,0.000,0.000,0.000,0.100,0.100,0.100,1,2.9,20.8,762,581,1,0,1,0,16,416,116,0
29.56,climb_cruise,540.4,540.4,27617.9,-25981,-12.47,27.91,82.34,18.08,15.0,125.0,1,1,13.23,1.02,1.29,0.000,0.000,0.000,0.000,0.100,0.100,0.100,1,2.9,20.8,762,581,1,0,1,0,16,416,116,0
29.58,climb_cruise,540.5,540.5,27609.2,-25813,-12.25,27.90,82.49,18.10,15.0,125.0,1,1,13.24,1.02,1.29,0.000,0.000,0.000,0.000,0.100,0.100,0.100,1,2.8,20.8,762,581,1,0,1,0,16,416,115,0
29.60,climb_cruise,540.5,540.5,27600.7,-25645,-12.03,27.89,82.64,18.12,15.0,125.0,1,1,13.25,1.02,1.29,0.000,0.000,0.000,0.000,0.100,0.100,0.100,1,2.8,20.8,762,581,1,0,1,0,16,416,115,0
29.62,climb_cruise,540.5,540.5,27592.1,-25476,-11.80,27.87,82.79,18.14,15.0,125.0,1,1,13.25,1.03,1.29,0.000,0.000,0.000,0.000,0.100,0.100,0.100,1,2.8,20.8,762,581,1,0,1,0,16,416,115,0
29.64,climb_cruise,540.6,540.6,27583.7,-25307,-11.58,27.86,82.94,18.16,15.0,125.0,1,1,13.26,1.03,1.29,0.000,0.000,0.000,0.000,0.100,0.100,0.100,1,2.8,20.8,762,581,1,0,1,0,16,416,114,0
29.66,climb_cruise,540.6,540.6,27575.2,-25137,-11.36,27.86,83.09,18.17,15.0,125.0,1,1,13.27,1.03,1.29,0.000,0.000,0.000,0.000,0.100,0.100,0.100,1,2.8,20.7,762,581,1,0,1,0,16,416,115,0
29.68,climb_cruise,540.6,540.6,27566.9,-24966,-11.14,27.85,83.24,18.19,15.0,125.0,1,1,13.28,1.03,1.30,0.000,0.000,0.000,0.000,0.100,0.100,0.100,1,2.8,20.7,762,581,1,0,1,0,16,416,114,0
29.70,climb_cruise,540.7,540.7,27558.6,-24795,-10.91,27.84,83.39,18.21,15.0,125.0,1,1,13.29,1.04,1.30,0.000,0.000,0.000,0.000,0.100,0.100,0.100,1,2.8,20.7,762,581,1,0,1,0,16,416,114,0
29.72,climb_cruise,540.7,540.7,27550.3,-24623,-10.69,27.83,83.54,18.23,15.0,125.0,1,1,13.29,1.04,1.30,0.000,0.000,0.000,0.000,0.100,0.100,0.100,1,2.8,20.7,762,581,1,0,1,0,16,416,116,0
29.74,climb_cruise,540.7,540.7,27542.2,-24451,-10.47,27.83,83.69,18.25,15.0,125.0,1,1,13.30,1.04,1.30,0.000,0.000,0.000,0.000,0.100,0.100,0.100,1,2.8,20.7,762,581,1,0,1,0,16,416,114,0
29.76,climb_cruise,540.7,540.7,27534.0,-24278,-10.24,27.82,83.84,18.27,15.0,125.0,1,1,13.31,1.04,1.30,0.000,0.000,0.000,0.000,0.100,0.100,0.100,1,2.8,20.7,762,581,1,0,1,0,16,416,115,0
29.78,climb_cruise,540.8,540.8,27526.0,-24104,-10.02,27.81,83.99,18.29,15.0,125.0,1,1,13.32,1.05,1.30,0.000,0.000,0.000,0.000,0.100,0.100,0.100,1,2.8,20.7,762,581,1,0,1,0,16,416,115,0
29.80,climb_cruise,540.8,540.8,27517.9,-23930,-9.80,27.81,84.14,18.30,15.0,125.0,1,1,13.33,1.05,1.31,0.000,0.000,0.000,0.000,0.100,0.100,0.100,1,2.8,20.7,762,581,1,0,1,0,16,416,114,0
29.82,climb_cruise,540.8,540.8,27510.0,-23755,-9.57,27.80,84.29,18.32,15.0,125.0,1,1,13.33,1.05,1.31,0.000,0.000,0.000,0.000,0.100,0.100,0.100,1,2.8,20.7,762,581,1,0,1,0,16,416,115,0
29.84,climb_cruise,540.8,540.8,27502.1,-23580,-9.35,27.80,84.44,18.34,15.0,125.0,1,1,13.34,1.05,1.31,0.000,0.000,0.000,0.000,0.100,0.100,0.100,1,2.8,20.6,762,581,1,0,1,0,16,416,114,0
29.86,climb_cruise,540.9,540.9,27494.3,-23404,-9.13,27.80,84.59,18.36,15.0,125.0,1,1,13.35,1.06,1.31,0.000,0.000,0.000,0.000,0.100,0.100,0.100,1,2.8,20.6,762,581,1,0,1,0,16,416,115,0
29.88,climb_cruise,540.9,540.9,27486.5,-23228,-8.90,27.80,84.74,18.38,15.0,125.0,1,1,13.36,1.06,1.31,0.000,0.000,0.000,0.000,0.100,0.100,0.100,1,2.8,20.6,762,581,1,0,1,0,16,416,114,0
29.90,climb_cruise,540.9,540.9,27478.8,-23051,-8.68,27.79,84.89,18.40,15.0,125.0,1,1,13.36,1.06,1.31,0.000,0.000,0.000,0.000,0.100,0.100,0.100,1,2.8,20.6,762,581,1,0,1,0,16,416,115,0
29.92,climb_cruise,540.9,540.9,27471.1,-22873,-8.45,27.79,85.04,18.42,15.0,125.0,1,1,13.37,1.06,1.32,0.000,0.000,0.000,0.000,0.100,0.100,0.100,1,2.8,20.6,762,581,1,0,1,0,16,416,116,0
29.94,climb_cruise,540.9,540.9,27463.5,-22695,-8.23,27.79,85.19,18.43,15.0,125.0,1,1,13.38,1.07,1.32,0.000,0.000,0.000,0.000,0.100,0.100,0.100,1,2.7,20.6,762,581,1,0,1,0,16,416,115,0
29.96,climb_cruise,540.9,540.9,27456.0,-22516,-8.00,27.79,85.34,18.45,15.0,125.0,1,1,13.39,1.07,1.32,0.000,0.000,0.000,0.000,0.100,0.100,0.100,1,2.7,20.6,762,580,1,0,1,0,16,416,115,0
29.98,climb_cruise,540.9,540.9,27448.5,-22337,-7.78,27.79,85.49,18.47,15.0,125.0,1,1,13.40,1.07,1.32,0.000,0.000,0.000,0.000,0.100,0.100,0.100,1,2.7,20.6,762,580,1,0,1,0,16,416,115,0