time_s,phase,airspeed_kts,groundSpeed_kts,altitude_ft,verticalSpeed_fpm,pitch_deg,roll_deg,yaw_deg,alpha_deg,stallAlpha_deg,stallSpeed_kts,stallWarning,stall,pitchRate_deg_s,rollRate_deg_s,yawRate_deg_s,ctrlElevator,ctrlAileron,ctrlRudder,ctrlThrottle,effElevator,effAileron,effRudder,motionEnabled,eng1_n1,eng2_n1,eng1_egt,eng2_egt,hydPress_psi,elecVolts,onGround
-0.02,climb_cruise,449.9,449.9,34999.9,-42,0.20,-0.00,360.00,0.17,15.0,125.0,0,0,3.56,-0.00,-0.00,0.000,0.000,0.000,1.000,1.000,1.000,1.000,1,84.4,84.4,763,763,3000,115,0
0.00,climb_cruise,449.9,449.9,34999.9,-49,0.26,-0.00,359.97,0.31,15.0,125.0,0,0,3.29,-0.34,-3.22,-0.005,0.000,0.000,1.000,1.000,1.000,1.000,1,84.2,84.3,763,763,3000,116,0
0.02,climb_cruise,449.9,449.9,34999.9,-56,0.33,-0.01,359.89,0.39,15.0,125.0,0,0,3.27,-0.99,-5.84,-0.010,0.001,0.000,1.000,1.000,1.000,1.000,1,84.1,84.3,763,764,3000,114,0
0.04,climb_cruise,449.9,449.9,34999.8,-62,0.40,-0.03,359.75,0.46,15.0,125.0,0,0,3.55,-1.25,-7.89,-0.015,0.005,0.001,1.000,1.000,1.000,1.000,1,83.9,84.2,763,764,3000,115,0
0.06,climb_cruise,449.9,449.9,34999.8,-68,0.47,-0.06,359.58,0.54,15.0,125.0,0,0,3.92,-0.95,-9.38,-0.019,0.011,0.001,1.000,1.000,1.000,1.000,1,83.7,84.1,763,765,3000,115,0
0.08,climb_cruise,449.8,449.8,34999.8,-74,0.55,-0.07,359.39,0.63,15.0,125.0,0,0,4.26,-0.12,-10.34,-0.022,0.019,0.003,1.000,1.000,1.000,1.000,1,83.6,84.1,763,765,3000,116,0
0.10,climb_cruise,449.8,449.8,34999.8,-79,0.64,-0.06,359.18,0.72,15.0,125.0,0,0,4.47,1.07,-10.81,-0.024,0.027,0.005,1.000,1.000,1.000,1.000,1,83.4,84.1,763,766,3000,115,0
0.12,climb_cruise,449.8,449.8,34999.7,-84,0.73,-0.03,358.96,0.82,15.0,125.0,0,0,4.47,2.50,-10.83,-0.024,0.036,0.007,1.000,1.000,1.000,1.000,1,83.2,84.1,763,766,3000,115,0
0.14,climb_cruise,449.8,449.8,34999.7,-87,0.82,0.04,358.74,0.91,15.0,125.0,0,0,4.22,4.01,-10.46,-0.023,0.044,0.010,1.000,1.000,1.000,1.000,1,83.1,84.1,763,767,3000,115,0
0.16,climb_cruise,449.7,449.7,34999.7,-91,0.90,0.13,358.54,0.99,15.0,125.0,0,0,3.73,5.51,-9.74,-0.021,0.051,0.013,1.000,1.000,1.000,1.000,1,82.9,84.1,763,767,3000,116,0
0.18,climb_cruise,449.7,449.7,34999.6,-94,0.97,0.25,358.35,1.07,15.0,125.0,0,0,3.01,6.91,-8.74,-0.019,0.058,0.016,1.000,1.000,1.000,1.000,1,82.7,84.1,763,768,3000,116,0
0.20,climb_cruise,449.7,449.7,34999.6,-96,1.02,0.40,358.19,1.12,15.0,125.0,0,0,2.10,8.12,-7.53,-0.017,0.062,0.019,1.000,1.000,1.000,1.000,1,82.6,84.1,763,768,3000,116,0
0.22,climb_cruise,449.7,449.7,34999.6,-98,1.06,0.57,358.05,1.16,15.0,125.0,0,0,1.06,9.10,-6.16,-0.014,0.066,0.022,1.000,1.000,1.000,1.000,1,82.4,84.1,763,768,3000,114,0
0.24,climb_cruise,449.6,449.6,34999.5,-100,1.07,0.75,357.94,1.17,15.0,125.0,0,0,-0.02,9.82,-4.71,-0.011,0.067,0.025,1.000,1.000,1.000,1.000,1,82.2,84.2,763,769,3000,115,0
0.26,climb_cruise,449.6,449.6,34999.5,-102,1.06,0.95,357.86,1.16,15.0,125.0,0,0,-1.08,10.23,-3.23,-0.009,0.068,0.028,1.000,1.000,1.000,1.000,1,82.1,84.2,763,769,3000,116,0
0.28,climb_cruise,449.6,449.6,34999.5,-104,1.03,1.16,357.80,1.13,15.0,125.0,0,0,-2.01,10.34,-1.78,-0.007,0.066,0.030,1.000,1.000,1.000,1.000,1,81.9,84.2,763,770,3000,116,0
0.30,climb_cruise,449.6,449.6,34999.4,-106,0.99,1.36,357.78,1.08,15.0,125.0,0,0,-2.77,10.15,-0.41,-0.006,0.064,0.032,1.000,1.000,1.000,1.000,1,81.7,84.3,763,770,3000,115,0
0.32,climb_cruise,449.5,449.5,34999.4,-108,0.93,1.56,357.78,1.02,15.0,125.0,0,0,-3.27,9.66,0.83,-0.006,0.060,0.033,1.000,1.000,1.000,1.000,1,81.6,84.4,763,771,3000,116,0
0.34,climb_cruise,449.5,449.5,34999.4,-111,0.86,1.74,357.80,0.95,15.0,125.0,0,0,-3.48,8.90,1.91,-0.007,0.055,0.034,1.000,1.000,1.000,1.000,1,81.4,84.4,763,771,3000,115,0
0.36,climb_cruise,449.5,449.5,34999.3,-115,0.79,1.91,357.85,0.88,15.0,125.0,0,0,-3.37,7.91,2.81,-0.009,0.049,0.035,1.000,1.000,1.000,1.000,1,81.3,84.5,763,771,3000,115,0
0.38,climb_cruise,449.5,449.5,34999.3,-119,0.72,2.06,357.91,0.81,15.0,125.0,0,0,-2.94,6.73,3.50,-0.011,0.043,0.035,1.000,1.000,1.000,1.000,1,81.1,84.6,763,772,3000,116,0
0.40,climb_cruise,449.4,449.4,34999.3,-123,0.67,2.18,357.98,0.75,15.0,125.0,0,0,-2.23,5.42,3.99,-0.015,0.037,0.035,1.000,1.000,1.000,1.000,1,80.9,84.6,763,772,3000,116,0
0.42,climb_cruise,449.4,449.4,34999.2,-128,0.63,2.28,358.06,0.72,15.0,125.0,0,0,-1.27,4.01,4.26,-0.018,0.030,0.034,1.000,1.000,1.000,1.000,1,80.8,84.7,763,773,3000,115,0
0.44,climb_cruise,449.4,449.4,34999.2,-133,0.61,2.34,358.14,0.70,15.0,125.0,0,0,-0.13,2.56,4.33,-0.022,0.024,0.033,1.000,1.000,1.000,1.000,1,80.6,84.8,763,773,3000,116,0
0.46,climb_cruise,449.4,449.4,34999.1,-138,0.61,2.38,358.23,0.71,15.0,125.0,0,0,1.09,1.13,4.21,-0.026,0.017,0.032,1.000,1.000,1.000,1.000,1,80.4,84.9,763,773,3000,114,0
0.48,climb_cruise,449.3,449.3,34999.1,-143,0.64,2.39,358.31,0.74,15.0,125.0,0,0,2.31,-0.25,3.93,-0.030,0.012,0.030,1.000,1.000,1.000,1.000,1,80.3,85.0,763,774,3000,115,0
0.50,climb_cruise,449.3,449.3,34999.0,-147,0.69,2.37,358.39,0.80,15.0,125.0,0,0,3.43,-1.54,3.51,-0.033,0.007,0.029,1.000,1.000,1.000,1.000,1,80.1,85.1,763,774,3000,116,0
0.52,climb_cruise,449.3,449.3,34999.0,-152,0.77,2.33,358.46,0.88,15.0,125.0,0,0,4.37,-2.69,2.97,-0.035,0.003,0.027,1.000,1.000,1.000,1.000,1,80.0,85.2,763,775,3000,116,0
0.54,climb_cruise,449.3,449.3,34998.9,-156,0.86,2.27,358.52,0.97,15.0,125.0,0,0,5.04,-3.70,2.35,-0.036,-0.001,0.025,1.000,1.000,1.000,1.000,1,79.8,85.3,763,775,3000,115,0
0.56,climb_cruise,449.2,449.2,34998.9,-159,0.96,2.19,358.56,1.08,15.0,125.0,0,0,5.38,-4.53,1.67,-0.036,-0.003,0.024,1.000,1.000,1.000,1.000,1,79.6,85.4,763,775,3000,116,0
0.58,climb_cruise,449.2,449.2,34998.8,-161,1.07,2.09,358.59,1.20,15.0,125.0,0,0,5.36,-5.18,0.97,-0.035,-0.005,0.022,1.000,1.000,1.000,1.000,1,79.5,85.5,763,776,3000,115,0
0.60,climb_cruise,449.2,449.2,34998.7,-163,1.17,1.99,358.61,1.31,15.0,125.0,0,0,4.96,-5.64,0.27,-0.033,-0.005,0.021,1.000,1.000,1.000,1.000,1,79.3,85.6,763,776,3000,115,0
0.62,climb_cruise,449.2,449.2,34998.7,-164,1.26,1.87,358.61,1.41,15.0,125.0,0,0,4.20,-5.91,-0.41,-0.030,-0.005,0.020,1.000,1.000,1.000,1.000,1,79.2,85.7,763,776,3000,115,0
0.64,climb_cruise,449.1,449.1,34998.6,-164,1.34,1.75,358.60,1.49,15.0,125.0,0,0,3.13,-6.00,-1.04,-0.026,-0.004,0.019,1.000,1.000,1.000,1.000,1,79.0,85.8,763,777,3000,114,0
0.66,climb_cruise,449.1,449.1,34998.6,-164,1.39,1.63,358.58,1.55,15.0,125.0,0,0,1.82,-5.90,-1.60,-0.022,-0.002,0.018,1.000,1.000,1.000,1.000,1,78.8,85.9,763,777,3000,115,0
0.68,climb_cruise,449.1,449.1,34998.5,-164,1.42,1.52,358.54,1.58,15.0,125.0,0,0,0.36,-5.64,-2.08,-0.018,0.000,0.018,1.000,1.000,1.000,1.000,1,78.7,86.1,763,777,3000,115,0
0.70,climb_cruise,449.1,449.1,34998.5,-163,1.41,1.41,358.50,1.59,15.0,125.0,0,0,-1.13,-5.24,-2.48,-0.014,0.003,0.018,1.000,1.000,1.000,1.000,1,78.5,86.2,763,778,3000,115,0
0.72,climb_cruise,449.0,449.0,34998.4,-163,1.38,1.31,358.45,1.56,15.0,125.0,0,0,-2.56,-4.71,-2.77,-0.011,0.006,0.018,1.000,1.000,1.000,1.000,1,78.4,86.3,763,778,3000,116,0
0.74,climb_cruise,449.0,449.0,34998.4,-162,1.32,1.22,358.39,1.50,15.0,125.0,0,0,-3.80,-4.07,-2.97,-0.008,0.010,0.018,1.000,1.000,1.000,1.000,1,78.2,86.4,763,778,3000,116,0
0.76,climb_cruise,449.0,449.0,34998.3,-162,1.24,1.14,358.33,1.43,15.0,125.0,0,0,-4.76,-3.36,-3.06,-0.007,0.013,0.018,1.000,1.000,1.000,1.000,1,78.1,86.5,763,779,3000,115,0
0.78,climb_cruise,449.0,449.0,34998.3,-163,1.14,1.08,358.26,1.33,15.0,125.0,0,0,-5.35,-2.61,-3.06,-0.007,0.017,0.019,1.000,1.000,1.000,1.000,1,77.9,86.7,763,779,3000,114,0
0.80,climb_cruise,448.9,448.9,34998.2,-164,1.03,1.04,358.20,1.23,15.0,125.0,0,0,-5.52,-1.84,-2.97,-0.009,0.020,0.019,1.000,1.000,1.000,1.000,1,77.8,86.8,763,779,3000,115,0
0.82,climb_cruise,448.9,448.9,34998.2,-166,0.92,1.01,358.14,1.12,15.0,125.0,0,0,-5.24,-1.08,-2.81,-0.012,0.023,0.020,1.000,1.000,1.000,1.000,1,77.6,86.9,763,780,3000,115,0
0.84,climb_cruise,448.9,448.9,34998.1,-169,0.82,0.99,358.08,1.02,15.0,125.0,0,0,-4.51,-0.36,-2.58,-0.016,0.026,0.021,1.000,1.000,1.000,1.000,1,77.4,87.0,763,780,3000,115,0
0.86,climb_cruise,448.9,448.9,34998.0,-172,0.74,0.99,358.03,0.94,15.0,125.0,0,0,-3.39,0.30,-2.29,-0.020,0.028,0.021,1.000,1.000,1.000,1.000,1,77.3,87.2,763,780,3000,115,0
0.88,climb_cruise,448.8,448.8,34998.0,-176,0.69,1.00,357.99,0.88,15.0,125.0,0,0,-1.94,0.88,-1.97,-0.026,0.031,0.022,1.000,1.000,1.000,1.000,1,77.1,87.3,763,780,3000,114,0
0.90,climb_cruise,448.8,448.8,34997.9,-180,0.67,1.02,357.95,0.86,15.0,125.0,0,0,-0.26,1.37,-1.63,-0.031,0.032,0.023,1.000,1.000,1.000,1.000,1,77.0,87.4,763,781,3000,115,0
0.92,climb_cruise,448.8,448.8,34997.9,-184,0.68,1.05,357.92,0.86,15.0,125.0,0,0,1.53,1.75,-1.28,-0.037,0.033,0.024,1.000,1.000,1.000,1.000,1,76.8,87.5,763,781,3000,116,0
0.94,climb_cruise,448.8,448.8,34997.8,-189,0.72,1.09,357.90,0.91,15.0,125.0,0,0,3.28,2.04,-0.93,-0.041,0.034,0.024,1.000,1.000,1.000,1.000,1,76.7,87.7,763,781,3000,114,0
0.96,climb_cruise,448.8,448.8,34997.7,-193,0.80,1.13,357.89,0.98,15.0,125.0,0,0,4.87,2.23,-0.60,-0.045,0.034,0.025,1.000,1.000,1.000,1.000,1,76.5,87.8,763,782,3000,116,0
0.98,climb_cruise,448.7,448.7,34997.7,-196,0.91,1.18,357.88,1.09,15.0,125.0,0,0,6.17,2.32,-0.30,-0.048,0.034,0.025,1.000,1.000,1.000,1.000,1,76.4,87.9,763,782,3000,115,0
1.00,climb_cruise,448.7,448.7,34997.6,-199,1.04,1.22,357.88,1.22,15.0,125.0,0,0,7.08,2.33,-0.02,-0.049,0.034,0.026,1.000,1.000,1.000,1.000,1,76.2,88.1,763,782,3000,115,0
1.02,climb_cruise,448.7,448.7,34997.5,-201,1.19,1.27,357.88,1.36,15.0,125.0,0,0,7.50,2.26,0.21,-0.048,0.033,0.026,1.000,1.000,1.000,1.000,1,76.1,88.2,763,782,3000,115,0
1.04,climb_cruise,448.7,448.7,34997.4,-201,1.34,1.31,357.89,1.51,15.0,125.0,0,0,7.40,2.13,0.39,-0.046,0.032,0.026,1.000,1.000,1.000,1.000,1,75.9,88.3,763,783,3000,115,0
1.06,climb_cruise,448.6,448.6,34997.4,-201,1.48,1.35,357.90,1.66,15.0,125.0,0,0,6.77,1.96,0.53,-0.042,0.031,0.026,1.000,1.000,1.000,1.000,1,75.8,88.5,763,783,3000,115,0
1.08,climb_cruise,448.6,448.6,34997.3,-200,1.60,1.39,357.92,1.78,15.0,125.0,0,0,5.63,1.74,0.62,-0.037,0.030,0.026,1.000,1.000,1.000,1.000,1,75.6,88.6,763,783,3000,115,0
1.10,climb_cruise,448.6,448.6,34997.2,-199,1.70,1.42,357.93,1.89,15.0,125.0,0,0,4.07,1.51,0.66,-0.032,0.029,0.026,1.000,1.000,1.000,1.000,1,75.5,88.7,763,783,3000,116,0
1.12,climb_cruise,448.6,448.6,34997.2,-196,1.77,1.45,357.95,1.96,15.0,125.0,0,0,2.18,1.26,0.66,-0.026,0.028,0.026,1.000,1.000,1.000,1.000,1,75.3,88.8,763,784,3000,114,0
1.14,climb_cruise,448.5,448.5,34997.1,-193,1.80,1.48,357.96,1.99,15.0,125.0,0,0,0.11,1.02,0.62,-0.020,0.027,0.026,1.000,1.000,1.000,1.000,1,75.2,89.0,763,784,3000,114,0
1.16,climb_cruise,448.5,448.5,34997.0,-190,1.78,1.49,357.97,1.97,15.0,125.0,0,0,-1.99,0.79,0.55,-0.014,0.026,0.025,1.000,1.000,1.000,1.000,1,75.0,89.1,763,784,3000,115,0
1.18,climb_cruise,448.5,448.5,34997.0,-188,1.72,1.51,357.98,1.92,15.0,125.0,0,0,-3.97,0.58,0.44,-0.010,0.025,0.025,1.000,1.000,1.000,1.000,1,74.9,89.2,763,784,3000,114,0
1.20,climb_cruise,448.5,448.5,34996.9,-185,1.63,1.52,357.99,1.83,15.0,125.0,0,0,-5.67,0.40,0.31,-0.007,0.025,0.025,1.000,1.000,1.000,1.000,1,74.7,89.4,763,785,3000,114,0
1.22,climb_cruise,448.4,448.4,34996.9,-183,1.51,1.53,357.99,1.71,15.0,125.0,0,0,-6.95,0.26,0.17,-0.005,0.024,0.025,1.000,1.000,1.000,1.000,1,74.6,89.5,763,785,3000,116,0
1.24,climb_cruise,448.4,448.4,34996.8,-182,1.36,1.53,357.99,1.57,15.0,125.0,0,0,-7.70,0.15,0.02,-0.005,0.024,0.024,1.000,1.000,1.000,1.000,1,74.4,89.6,763,785,3000,114,0
1.26,climb_cruise,448.4,448.4,34996.8,-183,1.20,1.53,357.98,1.41,15.0,125.0,0,0,-7.84,0.09,-0.14,-0.008,0.024,0.024,1.000,1.000,1.000,1.000,1,74.3,89.7,763,785,3000,114,0
1.28,climb_cruise,448.4,448.4,34996.7,-184,1.05,1.53,357.97,1.26,15.0,125.0,0,0,-7.36,0.06,-0.30,-0.012,0.025,0.024,1.000,1.000,1.000,1.000,1,74.1,89.9,763,786,3000,116,0
1.30,climb_cruise,448.3,448.3,34996.6,-186,0.91,1.54,357.96,1.12,15.0,125.0,0,0,-6.27,0.07,-0.44,-0.017,0.025,0.024,1.000,1.000,1.000,1.000,1,74.0,90.0,763,786,3000,116,0
1.32,climb_cruise,448.3,448.3,34996.6,-189,0.80,1.54,357.95,1.00,15.0,125.0,0,0,-4.64,0.10,-0.58,-0.024,0.025,0.024,1.000,1.000,1.000,1.000,1,73.8,90.1,763,786,3000,115,0
1.34,climb_cruise,448.3,448.3,34996.5,-193,0.72,1.54,357.94,0.92,15.0,125.0,0,0,-2.57,0.15,-0.69,-0.031,0.026,0.024,1.000,1.000,1.000,1.000,1,73.7,90.2,763,786,1816,115,0
1.36,climb_cruise,448.3,448.3,34996.5,-196,0.67,1.50,357.91,0.87,15.0,125.0,0,0,-2.79,-4.19,-2.08,-0.039,0.026,0.024,1.000,0.100,0.100,0.100,1,73.5,90.3,763,787,632,114,0
1.38,climb_cruise,448.3,448.3,34996.4,-200,0.62,1.40,357.86,0.83,15.0,125.0,0,0,-2.83,-6.07,-3.21,-0.045,0.028,0.024,1.000,0.100,0.100,0.100,1,73.4,90.5,763,787,16,115,0
1.40,climb_cruise,448.2,448.2,34996.3,-204,0.56,1.27,357.78,0.78,15.0,125.0,0,0,-2.70,-7.04,-4.11,-0.051,0.030,0.024,1.000,0.100,0.100,0.100,1,73.2,90.6,763,787,16,115,0
1.42,climb_cruise,448.2,448.2,34996.3,-209,0.51,1.12,357.69,0.74,15.0,125.0,0,0,-2.47,-7.65,-4.80,-0.058,0.034,0.025,1.000,0.100,0.100,0.100,1,73.1,90.7,763,787,16,115,0
1.44,climb_cruise,448.2,448.2,34996.2,-213,0.47,0.96,357.59,0.70,15.0,125.0,0,0,-2.15,-8.09,-5.28,-0.064,0.039,0.025,1.000,0.100,0.100,0.100,1,72.9,90.8,763,787,16,115,0
1.46,climb_cruise,448.2,448.2,34996.1,-218,0.43,0.80,357.48,0.67,15.0,125.0,0,0,-1.77,-8.44,-5.59,-0.069,0.045,0.026,1.000,0.100,0.100,0.100,1,72.8,91.0,763,788,16,115,0
1.48,climb_cruise,448.2,448.2,34996.1,-223,0.40,0.63,357.37,0.65,15.0,125.0,0,0,-1.37,-8.73,-5.74,-0.075,0.051,0.028,1.000,0.100,0.100,0.100,1,72.6,91.1,763,788,16,114,0
1.50,climb_cruise,448.1,448.1,34996.0,-229,0.38,0.45,357.26,0.64,15.0,125.0,0,0,-0.97,-8.97,-5.76,-0.080,0.057,0.029,1.000,0.100,0.100,0.100,1,72.5,91.2,763,788,16,114,0
1.52,climb_cruise,448.1,448.1,34995.9,-234,0.36,0.27,357.14,0.64,15.0,125.0,0,0,-0.59,-9.16,-5.66,-0.085,0.063,0.030,1.000,0.100,0.100,0.100,1,72.3,91.3,763,788,16,114,0
1.54,climb_cruise,448.1,448.1,34995.8,-239,0.35,0.08,357.03,0.65,15.0,125.0,0,0,-0.25,-9.31,-5.46,-0.090,0.069,0.032,1.000,0.100,0.100,0.100,1,72.2,91.4,763,788,16,114,0
1.56,climb_cruise,448.1,448.1,34995.8,-244,0.35,-0.10,356.92,0.66,15.0,125.0,0,0,0.06,-9.42,-5.19,-0.095,0.076,0.034,1.000,0.100,0.100,0.100,1,72.1,91.5,763,789,16,115,0
1.58,climb_cruise,448.1,448.1,34995.7,-249,0.35,-0.29,356.82,0.68,15.0,125.0,0,0,0.31,-9.49,-4.86,-0.099,0.082,0.035,1.000,0.100,0.100,0.100,1,71.9,91.6,763,789,16,116,0
1.60,climb_cruise,448.0,448.0,34995.6,-254,0.36,-0.48,356.73,0.70,15.0,125.0,0,0,0.50,-9.53,-4.48,-0.102,0.088,0.037,1.000,0.100,0.100,0.100,1,71.8,91.8,763,789,16,115,0
1.62,climb_cruise,448.0,448.0,34995.5,-259,0.37,-0.67,356.64,0.73,15.0,125.0,0,0,0.63,-9.54,-4.09,-0.105,0.094,0.039,1.000,0.100,0.100,0.100,1,71.6,91.9,763,789,16,115,0
1.64,climb_cruise,448.0,448.0,34995.4,-264,0.38,-0.86,356.56,0.76,15.0,125.0,0,0,0.71,-9.51,-3.67,-0.108,0.100,0.040,1.000,0.100,0.100,0.100,1,71.5,92.0,763,789,16,115,0
1.66,climb_cruise,448.0,448.0,34995.3,-268,0.40,-1.06,356.49,0.79,15.0,125.0,0,0,0.74,-9.46,-3.26,-0.111,0.105,0.042,1.000,0.100,0.100,0.100,1,71.3,92.1,763,790,16,115,0
1.68,climb_cruise,448.0,448.0,34995.2,-272,0.41,-1.24,356.43,0.82,15.0,125.0,0,0,0.73,-9.38,-2.86,-0.113,0.110,0.043,1.000,0.100,0.100,0.100,1,71.2,92.2,763,790,16,116,0
1.70,climb_cruise,447.9,447.9,34995.1,-277,0.42,-1.43,356.37,0.86,15.0,125.0,0,0,0.67,-9.29,-2.47,-0.115,0.116,0.044,1.000,0.100,0.100,0.100,1,71.1,92.3,763,790,16,115,0
1.72,climb_cruise,447.9,447.9,34995.0,-281,0.43,-1.62,356.33,0.89,15.0,125.0,0,0,0.59,-9.17,-2.11,-0.117,0.121,0.045,1.000,0.100,0.100,0.100,1,70.9,92.4,763,790,16,114,0
1.74,climb_cruise,447.9,447.9,34994.9,-284,0.44,-1.80,356.29,0.91,15.0,125.0,0,0,0.48,-9.04,-1.77,-0.119,0.126,0.046,1.000,0.100,0.100,0.100,1,70.8,92.5,763,790,16,115,0
1.76,climb_cruise,447.9,447.9,34994.8,-288,0.45,-1.98,356.26,0.94,15.0,125.0,0,0,0.37,-8.89,-1.47,-0.120,0.131,0.047,1.000,0.100,0.100,0.100,1,70.6,92.6,763,790,16,114,0
1.78,climb_cruise,447.9,447.9,34994.7,-292,0.46,-2.15,356.23,0.96,15.0,125.0,0,0,0.24,-8.74,-1.20,-0.122,0.136,0.047,1.000,0.100,0.100,0.100,1,70.5,92.7,763,791,16,114,0
1.80,climb_cruise,447.8,447.8,34994.6,-295,0.46,-2.33,356.21,0.98,15.0,125.0,0,0,0.12,-8.58,-0.96,-0.124,0.140,0.048,1.000,0.100,0.100,0.100,1,70.4,92.8,763,791,16,116,0
1.82,climb_cruise,447.8,447.8,34994.6,-298,0.46,-2.50,356.19,1.00,15.0,125.0,0,0,-0.00,-8.41,-0.76,-0.125,0.145,0.048,1.000,0.100,0.100,0.100,1,70.2,92.9,763,791,16,114,0
1.84,climb_cruise,447.8,447.8,34994.4,-302,0.46,-2.66,356.17,1.01,15.0,125.0,0,0,-0.11,-8.24,-0.60,-0.127,0.150,0.048,1.000,0.100,0.100,0.100,1,70.1,93.0,763,791,16,115,0
1.86,climb_cruise,447.8,447.8,34994.3,-305,0.45,-2.83,356.16,1.03,15.0,125.0,0,0,-0.20,-8.08,-0.47,-0.129,0.154,0.048,1.000,0.100,0.100,0.100,1,69.9,93.2,763,791,16,114,0
1.88,climb_cruise,447.8,447.8,34994.2,-308,0.45,-2.99,356.16,1.04,15.0,125.0,0,0,-0.28,-7.91,-0.37,-0.130,0.159,0.048,1.000,0.100,0.100,0.100,1,69.8,93.3,763,791,16,115,0
1.90,climb_cruise,447.7,447.7,34994.1,-311,0.44,-3.15,356.15,1.04,15.0,125.0,0,0,-0.34,-7.75,-0.30,-0.132,0.164,0.048,1.000,0.100,0.100,0.100,1,69.7,93.4,763,792,16,114,0
1.92,climb_cruise,447.7,447.7,34994.0,-314,0.44,-3.30,356.14,1.05,15.0,125.0,0,0,-0.38,-7.59,-0.25,-0.134,0.169,0.048,1.000,0.100,0.100,0.100,1,69.5,93.5,763,792,16,114,0
1.94,climb_cruise,447.7,447.7,34993.9,-317,0.43,-3.45,356.14,1.06,15.0,125.0,0,0,-0.40,-7.43,-0.23,-0.136,0.173,0.048,1.000,0.100,0.100,0.100,1,69.4,93.5,763,792,16,115,0
1.96,climb_cruise,447.7,447.7,34993.8,-320,0.42,-3.60,356.14,1.06,15.0,125.0,0,0,-0.40,-7.28,-0.23,-0.139,0.178,0.048,1.000,0.100,0.100,0.100,1,69.2,93.6,763,792,16,116,0
1.98,climb_cruise,447.7,447.7,34993.7,-323,0.41,-3.74,356.13,1.07,15.0,125.0,0,0,-0.39,-7.13,-0.25,-0.141,0.183,0.048,1.000,0.100,0.100,0.100,1,69.1,93.7,763,792,16,116,0
2.00,climb_cruise,447.6,447.6,34993.6,-326,0.40,-3.88,356.13,1.07,15.0,125.0,0,0,-0.36,-6.99,-0.28,-0.143,0.188,0.047,1.000,0.100,0.100,0.100,1,69.0,93.8,763,792,16,116,0
2.02,climb_cruise,447.6,447.6,34993.5,-329,0.40,-4.02,356.12,1.08,15.0,125.0,0,0,-0.33,-6.86,-0.32,-0.146,0.193,0.047,1.000,0.100,0.100,0.100,1,68.8,93.9,763,792,16,115,0
2.04,climb_cruise,447.6,447.6,34993.4,-332,0.39,-4.16,356.11,1.08,15.0,125.0,0,0,-0.28,-6.73,-0.37,-0.148,0.198,0.047,1.000,0.100,0.100,0.100,1,68.7,94.0,763,793,16,116,0
2.06,climb_cruise,447.6,447.6,34993.3,-335,0.38,-4.29,356.11,1.09,15.0,125.0,0,0,-0.23,-6.60,-0.43,-0.151,0.203,0.046,1.000,0.100,0.100,0.100,1,68.5,94.1,763,793,16,114,0
2.08,climb_cruise,447.6,447.6,34993.2,-338,0.38,-4.42,356.10,1.10,15.0,125.0,0,0,-0.18,-6.47,-0.49,-0.153,0.208,0.046,1.000,0.100,0.100,0.100,1,68.4,94.2,763,793,16,115,0
2.10,climb_cruise,447.5,447.5,34993.1,-341,0.38,-4.55,356.09,1.11,15.0,125.0,0,0,-0.12,-6.35,-0.55,-0.156,0.214,0.046,1.000,0.100,0.100,0.100,1,68.3,94.3,763,793,16,115,0
2.12,climb_cruise,447.5,447.5,34992.9,-344,0.37,-4.67,356.08,1.11,15.0,125.0,0,0,-0.06,-6.24,-0.62,-0.159,0.219,0.046,1.000,0.100,0.100,0.100,1,68.1,94.4,763,793,16,115,0
2.14,climb_cruise,447.5,447.5,34992.8,-347,0.37,-4.80,356.06,1.12,15.0,125.0,0,0,-0.01,-6.13,-0.68,-0.161,0.224,0.045,1.000,0.100,0.100,0.100,1,68.0,94.5,763,793,16,116,0
2.16,climb_cruise,447.5,447.5,34992.7,-349,0.37,-4.92,356.05,1.14,15.0,125.0,0,0,0.04,-6.01,-0.74,-0.164,0.229,0.045,1.000,0.100,0.100,0.100,1,67.9,94.6,763,793,16,115,0
2.18,climb_cruise,447.5,447.5,34992.6,-352,0.37,-5.04,356.03,1.15,15.0,125.0,0,0,0.09,-5.91,-0.79,-0.166,0.235,0.045,1.000,0.100,0.100,0.100,1,67.7,94.6,763,794,16,116,0
2.20,climb_cruise,447.4,447.4,34992.5,-355,0.37,-5.16,356.02,1.16,15.0,125.0,0,0,0.13,-5.80,-0.84,-0.169,0.240,0.045,1.000,0.100,0.100,0.100,1,67.6,94.7,763,794,16,115,0
2.22,climb_cruise,447.4,447.4,34992.4,-357,0.37,-5.27,356.00,1.17,15.0,125.0,0,0,0.16,-5.69,-0.89,-0.171,0.245,0.045,1.000,0.100,0.100,0.100,1,67.5,94.8,763,794,16,114,0
2.24,climb_cruise,447.4,447.4,34992.2,-360,0.37,-5.38,355.98,1.19,15.0,125.0,0,0,0.19,-5.59,-0.93,-0.173,0.251,0.045,1.000,0.100,0.100,0.100,1,67.3,94.9,763,794,16,114,0
2.26,climb_cruise,447.4,447.4,34992.1,-362,0.38,-5.49,355.96,1.20,15.0,125.0,0,0,0.22,-5.48,-0.96,-0.176,0.256,0.045,1.000,0.100,0.100,0.100,1,67.2,95.0,763,794,16,115,0
2.28,climb_cruise,447.4,447.4,34992.0,-365,0.38,-5.60,355.94,1.21,15.0,125.0,0,0,0.23,-5.38,-0.99,-0.178,0.262,0.045,1.000,0.100,0.100,0.100,1,67.1,95.1,763,794,16,115,0
2.30,climb_cruise,447.3,447.3,34991.9,-367,0.38,-5.71,355.92,1.23,15.0,125.0,0,0,0.25,-5.27,-1.02,-0.180,0.267,0.045,1.000,0.100,0.100,0.100,1,66.9,95.2,763,794,16,115,0
2.32,climb_cruise,447.3,447.3,34991.7,-369,0.38,-5.81,355.90,1.24,15.0,125.0,0,0,0.25,-5.17,-1.04,-0.183,0.272,0.045,1.000,0.100,0.100,0.100,1,66.8,95.2,763,794,16,116,0
2.34,climb_cruise,447.3,447.3,34991.6,-371,0.39,-5.92,355.88,1.26,15.0,125.0,0,0,0.26,-5.07,-1.05,-0.185,0.278,0.045,1.000,0.100,0.100,0.100,1,66.7,95.3,763,795,16,115,0
2.36,climb_cruise,447.3,447.3,34991.5,-374,0.39,-6.02,355.86,1.27,15.0,125.0,0,0,0.26,-4.96,-1.06,-0.187,0.283,0.045,1.000,0.100,0.100,0.100,1,66.5,95.4,763,795,16,114,0
2.38,climb_cruise,447.3,447.3,34991.4,-376,0.39,-6.12,355.84,1.28,15.0,125.0,0,0,0.26,-4.86,-1.07,-0.189,0.288,0.045,1.000,0.100,0.100,0.100,1,66.4,95.5,763,795,16,115,0
2.40,climb_cruise,447.2,447.2,34991.2,-378,0.40,-6.21,355.82,1.30,15.0,125.0,0,0,0.26,-4.75,-1.07,-0.191,0.293,0.045,1.000,0.100,0.100,0.100,1,66.3,95.5,763,795,16,115,0
2.42,climb_cruise,447.2,447.2,34991.1,-380,0.40,-6.31,355.79,1.31,15.0,125.0,0,0,0.26,-4.65,-1.07,-0.194,0.298,0.045,1.000,0.100,0.100,0.100,1,66.1,95.6,763,795,16,115,0
2.44,climb_cruise,447.2,447.2,34991.0,-381,0.40,-6.40,355.77,1.32,15.0,125.0,0,0,0.26,-4.54,-1.06,-0.196,0.304,0.046,1.000,0.100,0.100,0.100,1,66.0,95.7,763,795,16,115,0
2.46,climb_cruise,447.2,447.2,34990.9,-383,0.40,-6.49,355.75,1.34,15.0,125.0,0,0,0.26,-4.44,-1.06,-0.198,0.309,0.046,1.000,0.100,0.100,0.100,1,65.9,95.8,763,795,16,116,0
2.48,climb_cruise,447.2,447.2,34990.7,-385,0.41,-6.58,355.73,1.35,15.0,125.0,0,0,0.26,-4.33,-1.05,-0.200,0.314,0.046,1.000,0.100,0.100,0.100,1,65.7,95.8,763,795,16,115,0
2.50,climb_cruise,447.1,447.1,34990.6,-387,0.41,-6.66,355.71,1.36,15.0,125.0,0,0,0.26,-4.23,-1.04,-0.202,0.319,0.046,1.000,0.100,0.100,0.100,1,65.6,95.9,763,795,16,115,0
2.52,climb_cruise,447.1,447.1,34990.5,-388,0.41,-6.75,355.69,1.37,15.0,125.0,0,0,0.27,-4.12,-1.03,-0.205,0.324,0.046,1.000,0.100,0.100,0.100,1,65.5,96.0,763,796,16,115,0
2.54,climb_cruise,447.1,447.1,34990.3,-390,0.42,-6.83,355.67,1.39,15.0,125.0,0,0,0.27,-4.01,-1.02,-0.207,0.329,0.046,1.000,0.100,0.100,0.100,1,65.3,96.1,763,796,16,115,0
2.56,climb_cruise,447.1,447.1,34990.2,-391,0.42,-6.91,355.64,1.40,15.0,125.0,0,0,0.28,-3.91,-1.00,-0.209,0.334,0.046,1.000,0.100,0.100,0.100,1,65.2,96.1,763,796,16,116,0
2.58,climb_cruise,447.1,447.1,34990.1,-393,0.42,-6.98,355.62,1.41,15.0,125.0,0,0,0.29,-3.80,-0.99,-0.211,0.338,0.047,1.000,0.100,0.100,0.100,1,65.1,96.2,763,796,16,115,0
2.60,climb_cruise,447.0,447.0,34989.9,-394,0.43,-7.06,355.60,1.42,15.0,125.0,0,0,0.30,-3.70,-0.98,-0.213,0.343,0.047,1.000,0.100,0.100,0.100,1,64.9,96.3,763,796,16,115,0
2.62,climb_cruise,447.0,447.0,34989.8,-395,0.43,-7.13,355.58,1.43,15.0,125.0,0,0,0.31,-3.59,-0.97,-0.216,0.348,0.047,1.000,0.100,0.100,0.100,1,64.8,96.3,763,796,16,115,0
2.64,climb_cruise,447.0,447.0,34989.7,-397,0.43,-7.20,355.56,1.45,15.0,125.0,0,0,0.32,-3.49,-0.96,-0.218,0.353,0.047,1.000,0.100,0.100,0.100,1,64.7,96.4,763,796,16,116,0
2.66,climb_cruise,447.0,447.0,34989.6,-398,0.44,-7.27,355.54,1.46,15.0,125.0,0,0,0.33,-3.38,-0.95,-0.220,0.357,0.047,1.000,0.100,0.100,0.100,1,64.6,96.5,763,796,16,116,0
2.68,climb_cruise,447.0,447.0,34989.4,-399,0.44,-7.34,355.52,1.47,15.0,125.0,0,0,0.35,-3.28,-0.94,-0.222,0.362,0.047,1.000,0.100,0.100,0.100,1,64.4,96.5,763,796,16,115,0
2.70,climb_cruise,447.0,447.0,34989.3,-400,0.45,-7.40,355.51,1.48,15.0,125.0,0,0,0.36,-3.18,-0.93,-0.224,0.366,0.048,1.000,0.100,0.100,0.100,1,64.3,96.6,763,796,16,115,0
2.72,climb_cruise,446.9,446.9,34989.2,-401,0.45,-7.47,355.49,1.49,15.0,125.0,0,0,0.38,-3.07,-0.92,-0.226,0.371,0.048,1.000,0.100,0.100,0.100,1,64.2,96.7,763,797,16,116,0
2.74,climb_cruise,446.9,446.9,34989.0,-402,0.46,-7.53,355.47,1.51,15.0,125.0,0,0,0.39,-2.97,-0.91,-0.229,0.375,0.048,1.000,0.100,0.100,0.100,1,64.0,96.7,763,797,16,114,0
2.76,climb_cruise,446.9,446.9,34988.9,-403,0.46,-7.58,355.45,1.52,15.0,125.0,0,0,0.41,-2.87,-0.90,-0.231,0.380,0.048,1.000,0.100,0.100,0.100,1,63.9,96.8,763,797,16,115,0
2.78,climb_cruise,446.9,446.9,34988.7,-404,0.47,-7.64,355.43,1.53,15.0,125.0,0,0,0.42,-2.77,-0.90,-0.233,0.384,0.048,1.000,0.100,0.100,0.100,1,63.8,96.9,763,797,16,115,0
2.80,climb_cruise,446.9,446.9,34988.6,-405,0.47,-7.70,355.41,1.54,15.0,125.0,0,0,0.43,-2.68,-0.89,-0.235,0.388,0.048,1.000,0.100,0.100,0.100,1,63.7,96.9,763,797,16,115,0
2.82,climb_cruise,446.8,446.8,34988.5,-406,0.48,-7.75,355.39,1.55,15.0,125.0,0,0,0.45,-2.58,-0.88,-0.237,0.393,0.048,1.000,0.100,0.100,0.100,1,63.5,97.0,763,797,16,115,0
2.84,climb_cruise,446.8,446.8,34988.3,-406,0.49,-7.80,355.37,1.57,15.0,125.0,0,0,0.46,-2.48,-0.88,-0.239,0.397,0.049,1.000,0.100,0.100,0.100,1,63.4,97.0,763,797,16,115,0
2.86,climb_cruise,446.8,446.8,34988.2,-407,0.49,-7.85,355.35,1.58,15.0,125.0,0,0,0.47,-2.39,-0.88,-0.241,0.401,0.049,1.000,0.100,0.100,0.100,1,63.3,97.1,763,797,16,115,0
2.88,climb_cruise,446.8,446.8,34988.1,-408,0.50,-7.90,355.34,1.59,15.0,125.0,0,0,0.49,-2.30,-0.87,-0.243,0.405,0.049,1.000,0.100,0.100,0.100,1,63.1,97.2,763,797,16,115,0
2.90,climb_cruise,446.8,446.8,34987.9,-408,0.51,-7.94,355.32,1.60,15.0,125.0,0,0,0.50,-2.20,-0.87,-0.245,0.409,0.049,1.000,0.100,0.100,0.100,1,63.0,97.2,763,797,16,116,0
2.92,climb_cruise,446.7,446.7,34987.8,-409,0.52,-7.98,355.30,1.62,15.0,125.0,0,0,0.51,-2.11,-0.87,-0.247,0.413,0.049,1.000,0.100,0.100,0.100,1,62.9,97.3,763,797,16,114,0
2.94,climb_cruise,446.7,446.7,34987.7,-409,0.52,-8.03,355.28,1.63,15.0,125.0,0,0,0.52,-2.02,-0.86,-0.249,0.417,0.049,1.000,0.100,0.100,0.100,1,62.8,97.3,763,797,16,115,0
2.96,climb_cruise,446.7,446.7,34987.5,-409,0.53,-8.07,355.26,1.64,15.0,125.0,0,0,0.53,-1.93,-0.86,-0.251,0.421,0.049,1.000,0.100,0.100,0.100,1,62.6,97.4,763,798,16,115,0
2.98,climb_cruise,446.7,446.7,34987.4,-409,0.54,-8.12,355.24,1.65,15.0,125.0,0,0,0.07,-3.74,-0.93,-0.190,0.319,0.037,1.000,0.100,0.100,0.100,1,62.5,97.4,763,798,16,115,0
3.00,climb_cruise,446.7,446.7,34987.2,-409,0.53,-8.21,355.22,1.66,15.0,125.0,0,0,-0.58,-5.37,-1.04,-0.153,0.266,0.030,1.000,0.100,0.100,0.100,1,62.4,97.5,763,798,16,115,0
3.02,climb_cruise,446.6,446.6,34987.1,-410,0.51,-8.33,355.20,1.65,15.0,125.0,0,0,-1.25,-6.46,-1.15,-0.132,0.239,0.026,1.000,0.100,0.100,0.100,1,62.3,97.6,763,798,16,114,0
3.04,climb_cruise,446.6,446.6,34987.0,-410,0.48,-8.47,355.19,1.63,15.0,125.0,0,0,-1.84,-7.13,-1.26,-0.119,0.226,0.023,1.000,0.100,0.100,0.100,1,62.1,97.6,763,798,16,115,0
3.06,climb_cruise,446.6,446.6,34986.8,-410,0.43,-8.61,355.17,1.60,15.0,125.0,0,0,-2.32,-7.52,-1.35,-0.112,0.221,0.021,1.000,0.100,0.100,0.100,1,62.0,97.7,763,798,16,114,0
3.08,climb_cruise,446.6,446.6,34986.7,-411,0.38,-8.76,355.15,1.56,15.0,125.0,0,0,-2.66,-7.74,-1.43,-0.109,0.219,0.021,1.000,0.100,0.100,0.100,1,61.9,97.7,763,798,16,116,0
3.10,climb_cruise,446.6,446.6,34986.6,-411,0.32,-8.92,355.13,1.52,15.0,125.0,0,0,-2.85,-7.86,-1.50,-0.108,0.219,0.020,1.000,0.100,0.100,0.100,1,61.8,97.8,763,798,16,115,0
3.12,climb_cruise,446.6,446.6,34986.4,-412,0.26,-9.08,355.10,1.47,15.0,125.0,0,0,-2.90,-7.92,-1.54,-0.108,0.221,0.020,1.000,0.100,0.100,0.100,1,61.7,97.8,763,798,16,115,0
3.14,climb_cruise,446.5,446.5,34986.3,-414,0.20,-9.24,355.08,1.43,15.0,125.0,0,0,-2.83,-7.94,-1.57,-0.109,0.223,0.020,1.000,0.100,0.100,0.100,1,61.5,97.9,763,798,16,115,0
3.16,climb_cruise,446.5,446.5,34986.2,-416,0.14,-9.40,355.06,1.38,15.0,125.0,0,0,-2.67,-7.95,-1.58,-0.111,0.225,0.020,1.000,0.100,0.100,0.100,1,61.4,97.9,763,798,16,116,0
3.18,climb_cruise,446.5,446.5,34986.0,-418,0.08,-9.55,355.04,1.34,15.0,125.0,0,0,-2.42,-7.94,-1.58,-0.113,0.227,0.020,1.000,0.100,0.100,0.100,1,61.3,98.0,763,798,16,116,0
3.20,climb_cruise,446.5,446.5,34985.9,-420,0.03,-9.71,355.01,1.31,15.0,125.0,0,0,-2.12,-7.92,-1.57,-0.115,0.230,0.020,1.000,0.100,0.100,0.100,1,61.2,98.0,763,798,16,116,0
3.22,climb_cruise,446.5,446.5,34985.8,-422,-0.01,-9.87,354.99,1.28,15.0,125.0,0,0,-1.79,-7.89,-1.55,-0.117,0.233,0.020,1.000,0.100,0.100,0.100,1,61.0,98.1,763,799,16,115,0
3.24,climb_cruise,446.4,446.4,34985.6,-425,-0.05,-10.03,354.97,1.26,15.0,125.0,0,0,-1.44,-7.85,-1.52,-0.120,0.236,0.020,1.000,0.100,0.100,0.100,1,60.9,98.1,763,799,16,115,0
3.26,climb_cruise,446.4,446.4,34985.5,-428,-0.08,-10.18,354.94,1.25,15.0,125.0,0,0,-1.10,-7.81,-1.48,-0.122,0.239,0.020,1.000,0.100,0.100,0.100,1,60.8,98.2,763,799,16,115,0
3.28,climb_cruise,446.4,446.4,34985.3,-431,-0.11,-10.34,354.92,1.24,15.0,125.0,0,0,-0.77,-7.77,-1.44,-0.124,0.242,0.020,1.000,0.100,0.100,0.100,1,60.7,98.2,763,799,16,115,0
3.30,climb_cruise,446.4,446.4,34985.2,-433,-0.13,-10.50,354.89,1.24,15.0,125.0,0,0,-0.46,-7.71,-1.40,-0.126,0.245,0.020,1.000,0.100,0.100,0.100,1,60.6,98.3,763,799,16,116,0
3.32,climb_cruise,446.4,446.4,34985.0,-436,-0.14,-10.65,354.86,1.24,15.0,125.0,0,0,-0.19,-7.66,-1.35,-0.128,0.248,0.021,1.000,0.100,0.100,0.100,1,60.4,98.3,763,799,16,116,0
3.34,climb_cruise,446.4,446.4,34984.9,-439,-0.14,-10.80,354.84,1.25,15.0,125.0,0,0,0.04,-7.60,-1.31,-0.130,0.251,0.021,1.000,0.100,0.100,0.100,1,60.3,98.3,763,799,16,115,0
3.36,climb_cruise,446.3,446.3,34984.7,-442,-0.15,-10.95,354.81,1.27,15.0,125.0,0,0,0.23,-7.54,-1.27,-0.131,0.254,0.021,1.000,0.100,0.100,0.100,1,60.2,98.4,763,799,16,115,0
3.38,climb_cruise,446.3,446.3,34984.6,-445,-0.15,-11.10,354.79,1.29,15.0,125.0,0,0,0.38,-7.47,-1.22,-0.133,0.257,0.021,1.000,0.100,0.100,0.100,1,60.1,98.4,763,799,16,114,0
3.40,climb_cruise,446.3,446.3,34984.4,-448,-0.14,-11.25,354.76,1.31,15.0,125.0,0,0,0.49,-7.41,-1.19,-0.134,0.260,0.021,1.000,0.100,0.100,0.100,1,59.9,98.5,763,799,16,116,0
3.42,climb_cruise,446.3,446.3,34984.3,-450,-0.14,-11.40,354.74,1.33,15.0,125.0,0,0,0.56,-7.34,-1.15,-0.136,0.263,0.021,1.000,0.100,0.100,0.100,1,59.8,98.5,763,799,16,116,0
3.44,climb_cruise,446.3,446.3,34984.1,-453,-0.13,-11.54,354.71,1.35,15.0,125.0,0,0,0.59,-7.27,-1.12,-0.137,0.266,0.021,1.000,0.100,0.100,0.100,1,59.7,98.6,763,799,16,116,0
3.46,climb_cruise,446.3,446.3,34984.0,-455,-0.12,-11.69,354.69,1.38,15.0,125.0,0,0,0.60,-7.19,-1.09,-0.138,0.269,0.021,1.000,0.100,0.100,0.100,1,59.6,98.6,763,799,16,115,0
3.48,climb_cruise,446.2,446.2,34983.8,-457,-0.11,-11.83,354.66,1.40,15.0,125.0,0,0,0.58,-7.12,-1.07,-0.139,0.272,0.021,1.000,0.100,0.100,0.100,1,59.5,98.6,763,799,16,115,0
3.50,climb_cruise,446.2,446.2,34983.7,-460,-0.11,-11.97,354.64,1.42,15.0,125.0,0,0,0.55,-7.05,-1.05,-0.140,0.275,0.021,1.000,0.100,0.100,0.100,1,59.4,98.7,763,799,16,114,0
3.52,climb_cruise,446.2,446.2,34983.5,-462,-0.10,-12.11,354.62,1.44,15.0,125.0,0,0,0.50,-6.97,-1.03,-0.141,0.278,0.021,1.000,0.100,0.100,0.100,1,59.2,98.7,763,799,16,114,0
3.54,climb_cruise,446.2,446.2,34983.4,-464,-0.10,-12.25,354.60,1.47,15.0,125.0,0,0,0.45,-6.90,-1.02,-0.143,0.281,0.021,1.000,0.100,0.100,0.100,1,59.1,98.8,763,800,16,115,0
3.56,climb_cruise,446.2,446.2,34983.2,-466,-0.09,-12.39,354.57,1.48,15.0,125.0,0,0,0.39,-6.82,-1.01,-0.144,0.284,0.021,1.000,0.100,0.100,0.100,1,59.0,98.8,763,800,16,115,0
3.58,climb_cruise,446.1,446.1,34983.1,-467,-0.09,-12.53,354.55,1.50,15.0,125.0,0,0,0.33,-6.75,-1.01,-0.145,0.287,0.021,1.000,0.100,0.100,0.100,1,58.9,98.8,763,800,16,114,0
3.60,climb_cruise,446.1,446.1,34982.9,-469,-0.09,-12.66,354.53,1.52,15.0,125.0,0,0,0.27,-6.67,-1.00,-0.146,0.290,0.021,1.000,0.100,0.100,0.100,1,58.8,98.9,763,800,16,115,0
3.62,climb_cruise,446.1,446.1,34982.8,-471,-0.09,-12.79,354.51,1.53,15.0,125.0,0,0,0.22,-6.60,-1.00,-0.147,0.293,0.022,1.000,0.100,0.100,0.100,1,58.6,98.9,763,800,16,115,0
3.64,climb_cruise,446.1,446.1,34982.6,-472,-0.09,-12.92,354.49,1.55,15.0,125.0,0,0,0.17,-6.52,-1.01,-0.148,0.296,0.022,1.000,0.100,0.100,0.100,1,58.5,99.0,763,800,16,115,0
3.66,climb_cruise,446.1,446.1,34982.4,-474,-0.09,-13.05,354.47,1.56,15.0,125.0,0,0,0.14,-6.45,-1.01,-0.150,0.299,0.022,1.000,0.100,0.100,0.100,1,58.4,99.0,763,800,16,115,0
3.68,climb_cruise,446.1,446.1,34982.3,-475,-0.09,-13.18,354.45,1.57,15.0,125.0,0,0,0.11,-6.38,-1.02,-0.151,0.302,0.022,1.000,0.100,0.100,0.100,1,58.3,99.0,763,800,16,115,0
3.70,climb_cruise,446.0,446.0,34982.1,-477,-0.09,-13.31,354.43,1.58,15.0,125.0,0,0,0.09,-6.30,-1.02,-0.152,0.305,0.022,1.000,0.100,0.100,0.100,1,58.2,99.1,763,800,16,115,0
3.72,climb_cruise,446.0,446.0,34982.0,-478,-0.10,-13.43,354.41,1.59,15.0,125.0,0,0,0.08,-6.23,-1.03,-0.154,0.308,0.022,1.000,0.100,0.100,0.100,1,58.1,99.1,763,800,16,115,0
3.74,climb_cruise,446.0,446.0,34981.8,-480,-0.10,-13.56,354.39,1.60,15.0,125.0,0,0,0.08,-6.16,-1.04,-0.155,0.312,0.022,1.000,0.100,0.100,0.100,1,57.9,99.1,763,800,16,115,0
3.76,climb_cruise,446.0,446.0,34981.6,-481,-0.10,-13.68,354.37,1.61,15.0,125.0,0,0,0.09,-6.09,-1.05,-0.156,0.315,0.022,1.000,0.100,0.100,0.100,1,57.8,99.2,763,800,16,115,0
3.78,climb_cruise,446.0,446.0,34981.5,-483,-0.11,-13.80,354.35,1.62,15.0,125.0,0,0,0.11,-6.02,-1.05,-0.158,0.318,0.022,1.000,0.100,0.100,0.100,1,57.7,99.2,763,800,16,116,0
3.80,climb_cruise,446.0,446.0,34981.3,-484,-0.11,-13.92,354.33,1.63,15.0,125.0,0,0,0.13,-5.95,-1.06,-0.159,0.321,0.022,1.000,0.100,0.100,0.100,1,57.6,99.2,763,800,16,115,0
3.82,climb_cruise,445.9,445.9,34981.2,-485,-0.11,-14.04,354.31,1.64,15.0,125.0,0,0,0.15,-5.87,-1.07,-0.160,0.324,0.022,1.000,0.100,0.100,0.100,1,57.5,99.3,763,800,16,115,0
3.84,climb_cruise,445.9,445.9,34981.0,-487,-0.11,-14.16,354.28,1.65,15.0,125.0,0,0,0.18,-5.80,-1.08,-0.162,0.327,0.022,1.000,0.100,0.100,0.100,1,57.4,99.3,763,800,16,116,0
3.86,climb_cruise,445.9,445.9,34980.8,-488,-0.12,-14.27,354.26,1.66,15.0,125.0,0,0,0.21,-5.73,-1.09,-0.163,0.330,0.022,1.000,0.100,0.100,0.100,1,57.3,99.3,763,800,16,115,0
3.88,climb_cruise,445.9,445.9,34980.7,-489,-0.12,-14.38,354.24,1.67,15.0,125.0,0,0,0.23,-5.66,-1.10,-0.165,0.333,0.022,1.000,0.100,0.100,0.100,1,57.1,99.4,763,800,16,115,0
3.90,climb_cruise,445.9,445.9,34980.5,-490,-0.12,-14.50,354.22,1.68,15.0,125.0,0,0,0.27,-5.59,-1.10,-0.166,0.336,0.022,1.000,0.100,0.100,0.100,1,57.0,99.4,763,800,16,115,0
3.92,climb_cruise,445.8,445.8,34980.3,-491,-0.12,-14.61,354.19,1.70,15.0,125.0,0,0,0.29,-5.52,-1.11,-0.167,0.339,0.022,1.000,0.100,0.100,0.100,1,56.9,99.4,763,800,16,114,0
3.94,climb_cruise,445.8,445.8,34980.2,-492,-0.12,-14.72,354.17,1.71,15.0,125.0,0,0,0.32,-5.45,-1.11,-0.169,0.342,0.022,1.000,0.100,0.100,0.100,1,56.8,99.5,763,801,16,114,0
3.96,climb_cruise,445.8,445.8,34980.0,-493,-0.12,-14.83,354.15,1.72,15.0,125.0,0,0,0.35,-5.38,-1.12,-0.170,0.345,0.022,1.000,0.100,0.100,0.100,1,56.7,99.5,763,801,16,115,0
3.98,climb_cruise,445.8,445.8,34979.8,-494,-0.12,-14.93,354.12,1.73,15.0,125.0,0,0,0.38,-5.31,-1.12,-0.171,0.348,0.022,1.000,0.100,0.100,0.100,1,56.6,99.5,763,801,16,115,0
4.00,climb_cruise,445.8,445.8,34979.7,-495,-0.11,-15.04,354.10,1.75,15.0,125.0,0,0,0.40,-5.24,-1.13,-0.173,0.352,0.022,1.000,0.100,0.100,0.100,1,56.5,99.6,763,801,16,114,0
4.02,climb_cruise,445.8,445.8,34979.5,-496,-0.11,-15.14,354.08,1.76,15.0,125.0,0,0,0.42,-5.17,-1.13,-0.174,0.355,0.022,1.000,0.100,0.100,0.100,1,56.3,99.6,763,801,16,115,0
4.04,climb_cruise,445.7,445.7,34979.3,-497,-0.11,-15.25,354.05,1.77,15.0,125.0,0,0,0.44,-5.10,-1.13,-0.175,0.358,0.023,1.000,0.100,0.100,0.100,1,56.2,99.6,763,801,16,115,0
4.06,climb_cruise,445.7,445.7,34979.2,-498,-0.11,-15.35,354.03,1.79,15.0,125.0,0,0,0.46,-5.03,-1.14,-0.177,0.361,0.023,1.000,0.100,0.100,0.100,1,56.1,99.7,763,801,16,115,0
4.08,climb_cruise,445.7,445.7,34979.0,-499,-0.10,-15.45,354.00,1.80,15.0,125.0,0,0,0.47,-4.96,-1.14,-0.178,0.364,0.023,1.000,0.100,0.100,0.100,1,56.0,99.7,763,801,16,115,0
4.10,climb_cruise,445.7,445.7,34978.8,-499,-0.10,-15.55,353.98,1.81,15.0,125.0,0,0,0.49,-4.89,-1.14,-0.179,0.367,0.023,1.000,0.100,0.100,0.100,1,55.9,99.7,763,801,16,116,0
4.12,climb_cruise,445.7,445.7,34978.7,-500,-0.10,-15.64,353.95,1.83,15.0,125.0,0,0,0.50,-4.82,-1.14,-0.181,0.370,0.023,1.000,0.100,0.100,0.100,1,55.8,99.7,763,801,16,115,0
4.14,climb_cruise,445.6,445.6,34978.5,-501,-0.09,-15.74,353.93,1.84,15.0,125.0,0,0,0.51,-4.75,-1.14,-0.182,0.373,0.023,1.000,0.100,0.100,0.100,1,55.7,99.8,763,801,16,115,0
4.16,climb_cruise,445.6,445.6,34978.3,-501,-0.09,-15.83,353.91,1.86,15.0,125.0,0,0,0.52,-4.68,-1.14,-0.183,0.376,0.023,1.000,0.100,0.100,0.100,1,55.6,99.8,763,801,16,115,0
4.18,climb_cruise,445.6,445.6,34978.2,-502,-0.09,-15.93,353.88,1.87,15.0,125.0,0,0,0.53,-4.61,-1.14,-0.184,0.379,0.023,1.000,0.100,0.100,0.100,1,55.4,99.8,763,801,16,115,0
4.20,climb_cruise,445.6,445.6,34978.0,-502,-0.08,-16.02,353.86,1.88,15.0,125.0,0,0,0.54,-4.54,-1.15,-0.186,0.382,0.023,1.000,0.100,0.100,0.100,1,55.3,99.9,763,801,16,116,0
4.22,climb_cruise,445.6,445.6,34977.8,-502,-0.08,-16.11,353.83,1.90,15.0,125.0,0,0,0.55,-4.47,-1.15,-0.187,0.385,0.023,1.000,0.100,0.100,0.100,1,55.2,99.9,763,801,16,115,0
4.24,climb_cruise,445.6,445.6,34977.7,-503,-0.07,-16.20,353.81,1.91,15.0,125.0,0,0,0.56,-4.40,-1.15,-0.188,0.388,0.023,1.000,0.100,0.100,0.100,1,55.1,99.9,763,801,16,114,0
4.26,climb_cruise,445.5,445.5,34977.5,-503,-0.07,-16.28,353.78,1.93,15.0,125.0,0,0,0.57,-4.33,-1.15,-0.190,0.391,0.023,1.000,0.100,0.100,0.100,1,55.0,99.9,763,801,16,114,0
4.28,climb_cruise,445.5,445.5,34977.3,-503,-0.06,-16.37,353.75,1.94,15.0,125.0,0,0,0.58,-4.27,-1.15,-0.191,0.394,0.023,1.000,0.100,0.100,0.100,1,54.9,100.0,763,801,16,115,0
4.30,climb_cruise,445.5,445.5,34977.2,-503,-0.06,-16.45,353.73,1.95,15.0,125.0,0,0,0.59,-4.20,-1.15,-0.192,0.397,0.023,1.000,0.100,0.100,0.100,1,54.8,100.0,763,801,16,116,0
4.32,climb_cruise,445.5,445.5,34977.0,-504,-0.05,-16.54,353.70,1.97,15.0,125.0,0,0,0.60,-4.13,-1.15,-0.193,0.399,0.023,1.000,0.100,0.100,0.100,1,54.7,100.0,763,801,16,116,0
4.34,climb_cruise,445.5,445.5,34976.8,-504,-0.05,-16.62,353.68,1.98,15.0,125.0,0,0,0.62,-4.06,-1.15,-0.195,0.402,0.023,1.000,0.100,0.100,0.100,1,54.6,100.0,763,801,16,116,0
4.36,climb_cruise,445.4,445.4,34976.7,-504,-0.04,-16.70,353.65,2.00,15.0,125.0,0,0,0.63,-3.99,-1.15,-0.196,0.405,0.024,1.000,0.100,0.100,0.100,1,54.5,100.1,763,801,16,116,0
4.38,climb_cruise,445.4,445.4,34976.5,-503,-0.04,-16.78,353.63,2.01,15.0,125.0,0,0,0.64,-3.92,-1.15,-0.197,0.408,0.024,1.000,0.100,0.100,0.100,1,54.4,100.1,763,801,16,114,0
4.40,climb_cruise,445.4,445.4,34976.3,-503,-0.03,-16.86,353.60,2.02,15.0,125.0,0,0,0.65,-3.85,-1.15,-0.198,0.411,0.024,1.000,0.100,0.100,0.100,1,54.2,100.1,763,801,16,114,0
4.42,climb_cruise,445.4,445.4,34976.2,-503,-0.03,-16.93,353.58,2.04,15.0,125.0,0,0,0.67,-3.78,-1.15,-0.200,0.414,0.024,1.000,0.100,0.100,0.100,1,54.1,100.1,763,801,16,115,0
4.44,climb_cruise,445.4,445.4,34976.0,-503,-0.02,-17.01,353.55,2.05,15.0,125.0,0,0,0.68,-3.71,-1.15,-0.201,0.417,0.024,1.000,0.100,0.100,0.100,1,54.0,100.1,763,801,16,116,0
4.46,climb_cruise,445.4,445.4,34975.8,-503,-0.01,-17.08,353.52,2.06,15.0,125.0,0,0,0.69,-3.65,-1.15,-0.202,0.420,0.024,1.000,0.100,0.100,0.100,1,53.9,100.2,763,801,16,115,0
4.48,climb_cruise,445.3,445.3,34975.6,-502,-0.01,-17.15,353.50,2.08,15.0,125.0,0,0,0.71,-3.58,-1.15,-0.203,0.423,0.024,1.000,0.100,0.100,0.100,1,53.8,100.2,763,801,16,116,0
4.50,climb_cruise,445.3,445.3,34975.5,-502,-0.00,-17.22,353.47,2.09,15.0,125.0,0,0,0.72,-3.51,-1.15,-0.204,0.425,0.024,1.000,0.100,0.100,0.100,1,53.7,100.2,763,802,16,115,0
4.52,climb_cruise,445.3,445.3,34975.3,-501,0.01,-17.29,353.45,2.11,15.0,125.0,0,0,0.74,-3.44,-1.15,-0.206,0.428,0.024,1.000,0.100,0.100,0.100,1,53.6,100.2,763,802,16,115,0
4.54,climb_cruise,445.3,445.3,34975.1,-501,0.01,-17.36,353.42,2.12,15.0,125.0,0,0,0.75,-3.37,-1.15,-0.207,0.431,0.024,1.000,0.100,0.100,0.100,1,53.5,100.3,763,802,16,115,0
4.56,climb_cruise,445.3,445.3,34975.0,-500,0.02,-17.43,353.39,2.14,15.0,125.0,0,0,0.76,-3.31,-1.15,-0.208,0.434,0.024,1.000,0.100,0.100,0.100,1,53.4,100.3,763,802,16,115,0
4.58,climb_cruise,445.2,445.2,34974.8,-500,0.03,-17.49,353.37,2.15,15.0,125.0,0,0,0.78,-3.24,-1.15,-0.209,0.437,0.024,1.000,0.100,0.100,0.100,1,53.3,100.3,763,802,16,115,0
4.60,climb_cruise,445.2,445.2,34974.6,-499,0.04,-17.56,353.34,2.16,15.0,125.0,0,0,0.79,-3.17,-1.15,-0.210,0.439,0.024,1.000,0.100,0.100,0.100,1,53.2,100.3,763,802,16,115,0
4.62,climb_cruise,445.2,445.2,34974.5,-498,0.05,-17.62,353.31,2.18,15.0,125.0,0,0,0.80,-3.11,-1.15,-0.212,0.442,0.024,1.000,0.100,0.100,0.100,1,53.1,100.3,763,802,16,114,0
4.64,climb_cruise,445.2,445.2,34974.3,-497,0.05,-17.68,353.29,2.19,15.0,125.0,0,0,0.82,-3.04,-1.15,-0.213,0.445,0.024,1.000,0.100,0.100,0.100,1,53.0,100.4,763,802,16,116,0
4.66,climb_cruise,445.2,445.2,34974.1,-496,0.06,-17.74,353.26,2.21,15.0,125.0,0,0,0.83,-2.97,-1.15,-0.214,0.448,0.024,1.000,0.100,0.100,0.100,1,52.8,100.4,763,802,16,115,0
4.68,climb_cruise,445.2,445.2,34974.0,-495,0.07,-17.80,353.23,2.22,15.0,125.0,0,0,0.84,-2.91,-1.15,-0.215,0.450,0.025,1.000,0.100,0.100,0.100,1,52.7,100.4,763,802,16,114,0
4.70,climb_cruise,445.1,445.1,34973.8,-494,0.08,-17.86,353.21,2.24,15.0,125.0,0,0,0.86,-2.84,-1.15,-0.216,0.453,0.025,1.000,0.100,0.100,0.100,1,52.6,100.4,763,802,16,116,0
4.72,climb_cruise,445.1,445.1,34973.6,-493,0.09,-17.92,353.18,2.25,15.0,125.0,0,0,0.87,-2.78,-1.15,-0.217,0.456,0.025,1.000,0.100,0.100,0.100,1,52.5,100.4,763,802,16,115,0
4.74,climb_cruise,445.1,445.1,34973.5,-492,0.10,-17.97,353.15,2.27,15.0,125.0,0,0,0.88,-2.71,-1.15,-0.218,0.458,0.025,1.000,0.100,0.100,0.100,1,52.4,100.5,763,802,16,115,0
4.76,climb_cruise,445.1,445.1,34973.3,-491,0.11,-18.02,353.12,2.28,15.0,125.0,0,0,0.89,-2.65,-1.14,-0.220,0.461,0.025,1.000,0.100,0.100,0.100,1,52.3,100.5,763,802,16,114,0
4.78,climb_cruise,445.1,445.1,34973.2,-490,0.12,-18.08,353.10,2.30,15.0,125.0,0,0,0.91,-2.58,-1.14,-0.221,0.464,0.025,1.000,0.100,0.100,0.100,1,52.2,100.5,763,802,16,116,0
4.80,climb_cruise,445.0,445.0,34973.0,-488,0.13,-18.13,353.07,2.31,15.0,125.0,0,0,0.92,-2.52,-1.14,-0.222,0.467,0.025,1.000,0.100,0.100,0.100,1,52.1,100.5,763,802,16,116,0
4.82,climb_cruise,445.0,445.0,34972.8,-487,0.14,-18.18,353.04,2.32,15.0,125.0,0,0,0.93,-2.46,-1.14,-0.223,0.469,0.025,1.000,0.100,0.100,0.100,1,52.0,100.5,763,802,16,114,0
4.84,climb_cruise,445.0,445.0,34972.7,-485,0.15,-18.23,353.01,2.34,15.0,125.0,0,0,0.94,-2.40,-1.14,-0.224,0.471,0.025,1.000,0.100,0.100,0.100,1,51.9,100.6,763,802,16,116,0
4.86,climb_cruise,445.0,445.0,34972.5,-484,0.16,-18.27,352.99,2.35,15.0,125.0,0,0,0.96,-2.37,-1.14,-0.225,0.472,0.025,1.000,0.100,0.100,0.100,1,51.8,100.6,763,802,16,116,0
4.88,climb_cruise,445.0,445.0,34972.3,-482,0.17,-18.32,352.96,2.37,15.0,125.0,0,0,0.97,-2.35,-1.14,-0.226,0.473,0.025,1.000,0.100,0.100,0.100,1,51.7,100.6,763,802,16,114,0
4.90,climb_cruise,444.9,444.9,34972.2,-481,0.19,-18.37,352.93,2.38,15.0,125.0,0,0,0.98,-2.34,-1.14,-0.227,0.473,0.025,1.000,0.100,0.100,0.100,1,51.6,100.6,763,802,16,116,0
4.92,climb_cruise,444.9,444.9,34972.0,-479,0.20,-18.42,352.90,2.40,15.0,125.0,0,0,0.99,-2.34,-1.14,-0.228,0.474,0.025,1.000,0.100,0.100,0.100,1,51.5,100.6,763,802,16,116,0
4.94,climb_cruise,444.9,444.9,34971.9,-477,0.21,-18.46,352.88,2.41,15.0,125.0,0,0,1.00,-2.35,-1.14,-0.229,0.474,0.025,1.000,0.100,0.100,0.100,1,51.4,100.6,763,802,16,115,0
4.96,climb_cruise,444.9,444.9,34971.7,-475,0.22,-18.51,352.85,2.43,15.0,125.0,0,0,1.01,-2.35,-1.14,-0.230,0.474,0.025,1.000,0.100,0.100,0.100,1,51.3,100.7,763,802,16,115,0
4.98,climb_cruise,444.9,444.9,34971.5,-473,0.23,-18.56,352.82,2.44,15.0,125.0,0,0,1.02,-2.36,-1.14,-0.231,0.474,0.026,1.000,0.100,0.100,0.100,1,51.2,100.7,763,802,16,116,0
5.00,climb_cruise,444.8,444.8,34971.4,-471,0.24,-18.60,352.79,2.46,15.0,125.0,0,0,1.03,-2.37,-1.14,-0.232,0.474,0.026,1.000,0.100,0.100,0.100,1,51.1,100.7,763,802,16,116,0
5.02,climb_cruise,444.8,444.8,34971.2,-469,0.26,-18.65,352.76,2.48,15.0,125.0,0,0,1.04,-2.37,-1.14,-0.233,0.474,0.026,1.000,0.100,0.100,0.100,1,51.0,100.7,763,802,16,115,0
5.04,climb_cruise,444.8,444.8,34971.1,-467,0.27,-18.70,352.73,2.49,15.0,125.0,0,0,1.04,-2.38,-1.14,-0.234,0.474,0.026,1.000,0.100,0.100,0.100,1,50.9,100.7,763,802,16,114,0
5.06,climb_cruise,444.8,444.8,34970.9,-465,0.28,-18.75,352.71,2.51,15.0,125.0,0,0,1.05,-2.39,-1.14,-0.235,0.474,0.026,1.000,0.100,0.100,0.100,1,50.8,100.7,763,802,16,115,0
5.08,climb_cruise,444.8,444.8,34970.8,-462,0.29,-18.80,352.68,2.52,15.0,125.0,0,0,1.06,-2.40,-1.14,-0.236,0.474,0.026,1.000,0.100,0.100,0.100,1,50.7,100.8,763,802,16,116,0
5.10,climb_cruise,444.7,444.7,34970.6,-460,0.31,-18.84,352.65,2.54,15.0,125.0,0,0,1.06,-2.40,-1.14,-0.237,0.474,0.026,1.000,0.100,0.100,0.100,1,50.6,100.8,763,802,16,114,0
5.12,climb_cruise,444.7,444.7,34970.4,-457,0.32,-18.89,352.62,2.55,15.0,125.0,0,0,1.07,-2.41,-1.14,-0.238,0.474,0.026,1.000,0.100,0.100,0.100,1,50.5,100.8,763,802,16,115,0
5.14,climb_cruise,444.7,444.7,34970.3,-455,0.33,-18.94,352.59,2.57,15.0,125.0,0,0,1.08,-2.42,-1.14,-0.239,0.474,0.026,1.000,0.100,0.100,0.100,1,50.4,100.8,763,802,16,115,0
5.16,climb_cruise,444.7,444.7,34970.1,-452,0.35,-18.99,352.56,2.58,15.0,125.0,0,0,1.08,-2.42,-1.14,-0.240,0.474,0.026,1.000,0.100,0.100,0.100,1,50.3,100.8,763,802,16,116,0
5.18,climb_cruise,444.7,444.7,34970.0,-450,0.36,-19.04,352.54,2.60,15.0,125.0,0,0,1.09,-2.43,-1.14,-0.241,0.474,0.026,1.000,0.100,0.100,0.100,1,50.2,100.8,763,802,16,115,0
5.20,climb_cruise,444.6,444.6,34969.8,-447,0.37,-19.09,352.51,2.62,15.0,125.0,0,0,1.09,-2.44,-1.14,-0.242,0.474,0.026,1.000,0.100,0.100,0.100,1,50.1,100.8,763,802,16,116,0
5.22,climb_cruise,444.6,444.6,34969.7,-444,0.39,-19.14,352.48,2.63,15.0,125.0,0,0,1.10,-2.45,-1.15,-0.242,0.474,0.026,1.000,0.100,0.100,0.100,1,50.0,100.9,763,802,16,116,0
5.24,climb_cruise,444.6,444.6,34969.5,-441,0.40,-19.18,352.45,2.65,15.0,125.0,0,0,1.10,-2.45,-1.15,-0.243,0.474,0.026,1.000,0.100,0.100,0.100,1,49.9,100.9,763,802,16,115,0
5.26,climb_cruise,444.6,444.6,34969.4,-438,0.41,-19.23,352.42,2.66,15.0,125.0,0,0,1.11,-2.46,-1.15,-0.244,0.474,0.026,1.000,0.100,0.100,0.100,1,49.8,100.9,763,802,16,115,0
5.28,climb_cruise,444.6,444.6,34969.2,-435,0.43,-19.28,352.39,2.68,15.0,125.0,0,0,1.11,-2.47,-1.15,-0.245,0.474,0.026,1.000,0.100,0.100,0.100,1,49.7,100.9,763,802,16,115,0
5.30,climb_cruise,444.5,444.5,34969.1,-432,0.44,-19.33,352.36,2.69,15.0,125.0,0,0,1.12,-2.47,-1.15,-0.246,0.474,0.027,1.000,0.100,0.100,0.100,1,49.6,100.9,763,802,16,114,0
5.32,climb_cruise,444.5,444.5,34969.0,-429,0.45,-19.38,352.33,2.71,15.0,125.0,0,0,1.12,-2.48,-1.16,-0.247,0.474,0.027,1.000,0.100,0.100,0.100,1,49.5,100.9,763,803,16,114,0
5.34,climb_cruise,444.5,444.5,34968.8,-426,0.47,-19.43,352.30,2.72,15.0,125.0,0,0,1.13,-2.49,-1.16,-0.248,0.474,0.027,1.000,0.100,0.100,0.100,1,49.4,100.9,763,803,16,114,0
5.36,climb_cruise,444.5,444.5,34968.7,-422,0.48,-19.48,352.27,2.74,15.0,125.0,0,0,1.13,-2.49,-1.16,-0.248,0.474,0.027,1.000,0.100,0.100,0.100,1,49.3,101.0,763,803,16,116,0
5.38,climb_cruise,444.5,444.5,34968.5,-419,0.49,-19.53,352.24,2.76,15.0,125.0,0,0,1.14,-2.50,-1.16,-0.249,0.474,0.027,1.000,0.100,0.100,0.100,1,49.2,101.0,763,803,16,115,0
5.40,climb_cruise,444.4,444.4,34968.4,-416,0.51,-19.58,352.21,2.77,15.0,125.0,0,0,1.14,-2.51,-1.17,-0.250,0.474,0.027,1.000,0.100,0.100,0.100,1,49.1,101.0,763,803,16,116,0
5.42,climb_cruise,444.4,444.4,34968.3,-412,0.52,-19.63,352.18,2.79,15.0,125.0,0,0,1.15,-2.51,-1.17,-0.251,0.474,0.027,1.000,0.100,0.100,0.100,1,49.0,101.0,763,803,16,115,0
5.44,climb_cruise,444.4,444.4,34968.1,-409,0.54,-19.68,352.16,2.80,15.0,125.0,0,0,1.16,-2.52,-1.17,-0.252,0.474,0.027,1.000,0.100,0.100,0.100,1,48.9,101.0,763,803,16,115,0
5.46,climb_cruise,444.4,444.4,34968.0,-405,0.55,-19.73,352.13,2.82,15.0,125.0,0,0,1.16,-2.53,-1.17,-0.252,0.474,0.027,1.000,0.100,0.100,0.100,1,48.8,101.0,763,803,16,115,0
5.48,climb_cruise,444.4,444.4,34967.8,-401,0.56,-19.79,352.10,2.83,15.0,125.0,0,0,1.17,-2.53,-1.17,-0.253,0.474,0.027,1.000,0.100,0.100,0.100,1,48.7,101.0,763,803,16,114,0
5.50,climb_cruise,444.3,444.3,34967.7,-398,0.58,-19.84,352.07,2.85,15.0,125.0,0,0,1.17,-2.54,-1.18,-0.254,0.474,0.027,1.000,0.100,0.100,0.100,1,48.6,101.0,763,803,16,115,0
5.52,climb_cruise,444.3,444.3,34967.6,-394,0.59,-19.89,352.04,2.86,15.0,125.0,0,0,1.18,-2.55,-1.18,-0.255,0.474,0.027,1.000,0.100,0.100,0.100,1,48.5,101.1,763,803,16,116,0
5.54,climb_cruise,444.3,444.3,34967.4,-390,0.61,-19.94,352.00,2.88,15.0,125.0,0,0,1.18,-2.55,-1.18,-0.255,0.474,0.027,1.000,0.100,0.100,0.100,1,48.4,101.1,763,803,16,114,0
5.56,climb_cruise,444.3,444.3,34967.3,-386,0.62,-19.99,351.97,2.89,15.0,125.0,0,0,1.19,-2.56,-1.18,-0.256,0.474,0.027,1.000,0.100,0.100,0.100,1,48.3,101.1,763,803,16,116,0
5.58,climb_cruise,444.2,444.2,34967.2,-382,0.63,-20.04,351.94,2.91,15.0,125.0,0,0,1.20,-2.57,-1.19,-0.257,0.474,0.027,1.000,0.100,0.100,0.100,1,48.2,101.1,763,803,16,115,0
5.60,climb_cruise,444.2,444.2,34967.1,-378,0.65,-20.09,351.91,2.93,15.0,125.0,0,0,1.20,-2.57,-1.19,-0.257,0.474,0.027,1.000,0.100,0.100,0.100,1,48.1,101.1,763,803,16,115,0
5.62,climb_cruise,444.2,444.2,34966.9,-374,0.66,-20.15,351.88,2.94,15.0,125.0,0,0,1.21,-2.58,-1.19,-0.258,0.474,0.028,1.000,0.100,0.100,0.100,1,48.0,101.1,763,803,16,115,0
5.64,climb_cruise,444.2,444.2,34966.8,-369,0.68,-20.20,351.85,2.96,15.0,125.0,0,0,1.21,-2.58,-1.19,-0.259,0.474,0.028,1.000,0.100,0.100,0.100,1,47.9,101.1,763,803,16,115,0
5.66,climb_cruise,444.2,444.2,34966.7,-365,0.69,-20.25,351.82,2.97,15.0,125.0,0,0,1.22,-2.59,-1.20,-0.259,0.474,0.028,1.000,0.100,0.100,0.100,1,47.8,101.1,763,803,16,115,0
5.68,climb_cruise,444.1,444.1,34966.6,-361,0.71,-20.30,351.79,2.99,15.0,125.0,0,0,1.22,-2.60,-1.20,-0.260,0.474,0.028,1.000,0.100,0.100,0.100,1,47.7,101.1,763,803,16,116,0
5.70,climb_cruise,444.1,444.1,34966.4,-356,0.72,-20.35,351.76,3.00,15.0,125.0,0,0,1.23,-2.60,-1.20,-0.261,0.474,0.028,1.000,0.100,0.100,0.100,1,47.6,101.2,763,803,16,115,0
5.72,climb_cruise,444.1,444.1,34966.3,-352,0.74,-20.41,351.73,3.02,15.0,125.0,0,0,1.23,-2.61,-1.20,-0.261,0.474,0.028,1.000,0.100,0.100,0.100,1,47.5,101.2,763,803,16,115,0
5.74,climb_cruise,444.1,444.1,34966.2,-347,0.75,-20.46,351.70,3.03,15.0,125.0,0,0,1.24,-2.61,-1.21,-0.262,0.474,0.028,1.000,0.100,0.100,0.100,1,47.4,101.2,763,803,16,116,0
5.76,climb_cruise,444.0,444.0,34966.1,-343,0.77,-20.51,351.67,3.05,15.0,125.0,0,0,1.24,-2.62,-1.21,-0.262,0.474,0.028,1.000,0.100,0.100,0.100,1,47.3,101.2,763,803,16,116,0
5.78,climb_cruise,444.0,444.0,34966.0,-338,0.78,-20.57,351.63,3.06,15.0,125.0,0,0,1.25,-2.63,-1.21,-0.263,0.474,0.028,1.000,0.100,0.100,0.100,1,47.2,101.2,763,803,16,115,0
5.80,climb_cruise,444.0,444.0,34965.9,-333,0.80,-20.62,351.60,3.08,15.0,125.0,0,0,1.25,-2.63,-1.21,-0.264,0.474,0.028,1.000,0.100,0.100,0.100,1,47.2,101.2,763,803,16,116,0
5.82,climb_cruise,444.0,444.0,34965.8,-328,0.81,-20.67,351.57,3.10,15.0,125.0,0,0,1.26,-2.64,-1.21,-0.264,0.474,0.028,1.000,0.100,0.100,0.100,1,47.1,101.2,763,803,16,115,0
5.84,climb_cruise,444.0,444.0,34965.6,-323,0.83,-20.72,351.54,3.11,15.0,125.0,0,0,1.26,-2.64,-1.22,-0.265,0.474,0.028,1.000,0.100,0.100,0.100,1,47.0,101.2,763,803,16,115,0
5.86,climb_cruise,443.9,443.9,34965.5,-319,0.84,-20.78,351.51,3.13,15.0,125.0,0,0,1.27,-2.65,-1.22,-0.265,0.474,0.028,1.000,0.100,0.100,0.100,1,46.9,101.2,763,803,16,116,0
5.88,climb_cruise,443.9,443.9,34965.4,-314,0.86,-20.83,351.48,3.14,15.0,125.0,0,0,1.27,-2.65,-1.22,-0.266,0.474,0.028,1.000,0.100,0.100,0.100,1,46.8,101.2,763,803,16,115,0
5.90,climb_cruise,443.9,443.9,34965.3,-308,0.87,-20.89,351.44,3.16,15.0,125.0,0,0,1.28,-2.66,-1.22,-0.266,0.474,0.028,1.000,0.100,0.100,0.100,1,46.7,101.3,763,803,16,115,0
5.92,climb_cruise,443.9,443.9,34965.2,-303,0.89,-20.94,351.41,3.17,15.0,125.0,0,0,1.28,-2.67,-1.23,-0.267,0.474,0.028,1.000,0.100,0.100,0.100,1,46.6,101.3,763,803,16,114,0
5.94,climb_cruise,443.8,443.8,34965.1,-298,0.90,-20.99,351.38,3.19,15.0,125.0,0,0,1.29,-2.67,-1.23,-0.267,0.474,0.029,1.000,0.100,0.100,0.100,1,46.5,101.3,763,803,16,116,0
5.96,climb_cruise,443.8,443.8,34965.0,-293,0.92,-21.05,351.35,3.20,15.0,125.0,0,0,1.29,-2.68,-1.23,-0.268,0.474,0.029,1.000,0.100,0.100,0.100,1,46.4,101.3,763,803,16,116,0
5.98,climb_cruise,443.8,443.8,34964.9,-288,0.93,-21.10,351.32,3.22,15.0,125.0,0,0,1.29,-2.68,-1.23,-0.268,0.474,0.029,1.000,0.100,0.100,0.100,1,46.3,101.3,763,803,16,115,0
6.00,climb_cruise,443.8,443.8,34964.8,-282,0.95,-21.15,351.28,3.23,15.0,125.0,0,0,1.30,-2.69,-1.24,-0.268,0.474,0.029,1.000,0.100,0.100,0.100,1,46.2,101.3,763,803,16,115,0
6.02,climb_cruise,443.7,443.7,34964.7,-277,0.96,-21.21,351.25,3.25,15.0,125.0,0,0,1.30,-2.69,-1.24,-0.269,0.474,0.029,1.000,0.100,0.100,0.100,1,46.1,101.3,763,803,16,114,0
6.04,climb_cruise,443.7,443.7,34964.6,-271,0.98,-21.26,351.22,3.26,15.0,125.0,0,0,1.31,-2.70,-1.24,-0.269,0.474,0.029,1.000,0.100,0.100,0.100,1,46.0,101.3,763,803,16,115,0
6.06,climb_cruise,443.7,443.7,34964.6,-266,0.99,-21.32,351.19,3.28,15.0,125.0,0,0,1.31,-2.70,-1.24,-0.270,0.474,0.029,1.000,0.100,0.100,0.100,1,45.9,101.3,763,803,16,114,0
6.08,climb_cruise,443.7,443.7,34964.5,-260,1.01,-21.37,351.15,3.29,15.0,125.0,0,0,1.32,-2.71,-1.25,-0.270,0.474,0.029,1.000,0.100,0.100,0.100,1,45.9,101.3,763,803,16,114,0
6.10,climb_cruise,443.7,443.7,34964.4,-254,1.02,-21.43,351.12,3.31,15.0,125.0,0,0,1.32,-2.71,-1.25,-0.270,0.474,0.029,1.000,0.100,0.100,0.100,1,45.8,101.3,763,803,16,116,0
6.12,climb_cruise,443.6,443.6,34964.3,-249,1.04,-21.48,351.09,3.32,15.0,125.0,0,0,1.32,-2.72,-1.25,-0.271,0.474,0.029,1.000,0.100,0.100,0.100,1,45.7,101.3,763,803,16,115,0
6.14,climb_cruise,443.6,443.6,34964.2,-243,1.06,-21.54,351.05,3.34,15.0,125.0,0,0,1.33,-2.72,-1.25,-0.271,0.474,0.029,1.000,0.100,0.100,0.100,1,45.6,101.4,763,803,16,115,0
6.16,climb_cruise,443.6,443.6,34964.1,-237,1.07,-21.59,351.02,3.35,15.0,125.0,0,0,1.33,-2.73,-1.26,-0.271,0.474,0.029,1.000,0.100,0.100,0.100,1,45.5,101.4,763,803,16,114,0
6.18,climb_cruise,443.6,443.6,34964.0,-231,1.09,-21.65,350.99,3.37,15.0,125.0,0,0,1.34,-2.73,-1.26,-0.272,0.474,0.029,1.000,0.100,0.100,0.100,1,45.4,101.4,763,803,16,115,0
6.20,climb_cruise,443.5,443.5,34964.0,-225,1.10,-21.70,350.95,3.38,15.0,125.0,0,0,1.34,-2.74,-1.26,-0.272,0.474,0.029,1.000,0.100,0.100,0.100,1,45.3,101.4,763,803,16,115,0
6.22,climb_cruise,443.5,443.5,34963.9,-219,1.12,-21.76,350.92,3.40,15.0,125.0,0,0,1.34,-2.74,-1.27,-0.272,0.474,0.029,1.000,0.100,0.100,0.100,1,45.2,101.4,763,803,16,115,0
6.24,climb_cruise,443.5,443.5,34963.8,-213,1.13,-21.81,350.89,3.41,15.0,125.0,0,0,1.35,-2.75,-1.27,-0.273,0.474,0.029,1.000,0.100,0.100,0.100,1,45.1,101.4,763,803,16,115,0
6.26,climb_cruise,443.5,443.5,34963.8,-207,1.15,-21.87,350.85,3.43,15.0,125.0,0,0,1.35,-2.75,-1.27,-0.273,0.474,0.030,1.000,0.100,0.100,0.100,1,45.0,101.4,763,803,16,115,0
6.28,climb_cruise,443.4,443.4,34963.7,-201,1.16,-21.93,350.82,3.44,15.0,125.0,0,0,1.36,-2.76,-1.27,-0.273,0.474,0.030,1.000,0.100,0.100,0.100,1,44.9,101.4,763,803,16,116,0
6.30,climb_cruise,443.4,443.4,34963.6,-194,1.18,-21.98,350.79,3.45,15.0,125.0,0,0,1.36,-2.76,-1.28,-0.273,0.474,0.030,1.000,0.100,0.100,0.100,1,44.9,101.4,763,803,16,116,0
6.32,climb_cruise,443.4,443.4,34963.6,-188,1.20,-22.04,350.75,3.47,15.0,125.0,0,0,1.36,-2.77,-1.28,-0.273,0.474,0.030,1.000,0.100,0.100,0.100,1,44.8,101.4,763,803,16,115,0
6.34,climb_cruise,443.4,443.4,34963.5,-182,1.21,-22.09,350.72,3.48,15.0,125.0,0,0,1.37,-2.77,-1.28,-0.274,0.474,0.030,1.000,0.100,0.100,0.100,1,44.7,101.4,763,803,16,115,0
6.36,climb_cruise,443.3,443.3,34963.4,-175,1.23,-22.15,350.68,3.50,15.0,125.0,0,0,1.37,-2.78,-1.28,-0.274,0.474,0.030,1.000,0.100,0.100,0.100,1,44.6,101.4,763,803,16,115,0
6.38,climb_cruise,443.3,443.3,34963.4,-169,1.24,-22.21,350.65,3.51,15.0,125.0,0,0,1.37,-2.78,-1.29,-0.274,0.474,0.030,1.000,0.100,0.100,0.100,1,44.5,101.4,763,803,16,115,0
6.40,climb_cruise,443.3,443.3,34963.3,-162,1.26,-22.26,350.61,3.53,15.0,125.0,0,0,1.38,-2.79,-1.29,-0.274,0.474,0.030,1.000,0.100,0.100,0.100,1,44.4,101.5,763,803,16,116,0
6.42,climb_cruise,443.3,443.3,34963.3,-156,1.27,-22.32,350.58,3.54,15.0,125.0,0,0,1.38,-2.79,-1.29,-0.274,0.474,0.030,1.000,0.100,0.100,0.100,1,44.3,101.5,763,803,16,114,0
6.44,climb_cruise,443.2,443.2,34963.2,-149,1.29,-22.38,350.55,3.56,15.0,125.0,0,0,1.38,-2.80,-1.30,-0.274,0.474,0.030,1.000,0.100,0.100,0.100,1,44.2,101.5,763,803,16,116,0
6.46,climb_cruise,443.2,443.2,34963.2,-142,1.31,-22.43,350.51,3.57,15.0,125.0,0,0,1.39,-2.80,-1.30,-0.274,0.474,0.030,1.000,0.100,0.100,0.100,1,44.1,101.5,763,803,16,114,0
6.48,climb_cruise,443.2,443.2,34963.1,-135,1.32,-22.49,350.48,3.58,15.0,125.0,0,0,1.39,-2.81,-1.30,-0.275,0.474,0.030,1.000,0.100,0.100,0.100,1,44.1,101.5,763,803,16,116,0
6.50,climb_cruise,443.2,443.2,34963.1,-129,1.34,-22.55,350.44,3.60,15.0,125.0,0,0,1.39,-2.81,-1.30,-0.275,0.474,0.030,1.000,0.100,0.100,0.100,1,44.0,101.5,763,803,16,114,0
6.52,climb_cruise,443.1,443.1,34963.0,-122,1.35,-22.60,350.41,3.61,15.0,125.0,0,0,1.39,-2.82,-1.31,-0.275,0.474,0.030,1.000,0.100,0.100,0.100,1,43.9,101.5,763,803,16,116,0
6.54,climb_cruise,443.1,443.1,34963.0,-115,1.37,-22.66,350.37,3.63,15.0,125.0,0,0,1.40,-2.82,-1.31,-0.275,0.474,0.030,1.000,0.100,0.100,0.100,1,43.8,101.5,763,803,16,116,0
6.56,climb_cruise,443.1,443.1,34962.9,-108,1.39,-22.72,350.34,3.64,15.0,125.0,0,0,1.40,-2.83,-1.31,-0.275,0.474,0.030,1.000,0.100,0.100,0.100,1,43.7,101.5,763,803,16,115,0
6.58,climb_cruise,443.0,443.0,34962.9,-101,1.40,-22.78,350.30,3.65,15.0,125.0,0,0,1.40,-2.83,-1.32,-0.275,0.474,0.031,1.000,0.100,0.100,0.100,1,43.6,101.5,763,803,16,115,0
6.60,climb_cruise,443.0,443.0,34962.9,-94,1.42,-22.83,350.27,3.67,15.0,125.0,0,0,1.41,-2.84,-1.32,-0.275,0.474,0.031,1.000,0.100,0.100,0.100,1,43.5,101.5,763,803,16,115,0
6.62,climb_cruise,443.0,443.0,34962.8,-87,1.43,-22.89,350.23,3.68,15.0,125.0,0,0,1.41,-2.84,-1.32,-0.275,0.474,0.031,1.000,0.100,0.100,0.100,1,43.4,101.5,763,803,16,116,0
6.64,climb_cruise,443.0,443.0,34962.8,-80,1.45,-22.95,350.20,3.69,15.0,125.0,0,0,1.41,-2.84,-1.32,-0.275,0.474,0.031,1.000,0.100,0.100,0.100,1,43.4,101.5,763,803,16,115,0
6.66,climb_cruise,442.9,442.9,34962.8,-72,1.46,-23.01,350.16,3.71,15.0,125.0,0,0,1.41,-2.85,-1.33,-0.275,0.474,0.031,1.000,0.100,0.100,0.100,1,43.3,101.5,763,803,16,115,0
6.68,climb_cruise,442.9,442.9,34962.8,-65,1.48,-23.06,350.13,3.72,15.0,125.0,0,0,1.42,-2.85,-1.33,-0.274,0.474,0.031,1.000,0.100,0.100,0.100,1,43.2,101.5,763,803,16,114,0
6.70,climb_cruise,442.9,442.9,34962.7,-58,1.49,-23.12,350.09,3.74,15.0,125.0,0,0,1.42,-2.86,-1.33,-0.274,0.474,0.031,1.000,0.100,0.100,0.100,1,43.1,101.5,763,803,16,116,0
6.72,climb_cruise,442.9,442.9,34962.7,-50,1.51,-23.18,350.05,3.75,15.0,125.0,0,0,1.42,-2.86,-1.34,-0.274,0.474,0.031,1.000,0.100,0.100,0.100,1,43.0,101.6,763,803,16,115,0
6.74,climb_cruise,442.8,442.8,34962.7,-43,1.53,-23.24,350.02,3.76,15.0,125.0,0,0,1.42,-2.87,-1.34,-0.274,0.474,0.031,1.000,0.100,0.100,0.100,1,42.9,101.6,763,803,16,114,0
6.76,climb_cruise,442.8,442.8,34962.7,-36,1.54,-23.30,349.98,3.78,15.0,125.0,0,0,1.42,-2.87,-1.34,-0.274,0.474,0.031,1.000,0.100,0.100,0.100,1,42.8,101.6,763,803,16,115,0
6.78,climb_cruise,442.8,442.8,34962.7,-28,1.56,-23.36,349.95,3.79,15.0,125.0,0,0,1.43,-2.88,-1.35,-0.274,0.474,0.031,1.000,0.100,0.100,0.100,1,42.8,101.6,763,803,16,115,0
6.80,climb_cruise,442.7,442.7,34962.7,-21,1.57,-23.41,349.91,3.80,15.0,125.0,0,0,1.43,-2.88,-1.35,-0.274,0.474,0.031,1.000,0.100,0.100,0.100,1,42.7,101.6,763,803,16,115,0
6.82,climb_cruise,442.7,442.7,34962.7,-13,1.59,-23.47,349.87,3.82,15.0,125.0,0,0,1.43,-2.88,-1.35,-0.273,0.474,0.031,1.000,0.100,0.100,0.100,1,42.6,101.6,763,803,16,114,0
6.84,climb_cruise,442.7,442.7,34962.7,-5,1.60,-23.53,349.84,3.83,15.0,125.0,0,0,1.43,-2.89,-1.35,-0.273,0.474,0.031,1.000,0.100,0.100,0.100,1,42.5,101.6,763,803,16,115,0
6.86,climb_cruise,442.7,442.7,34962.7,2,1.62,-23.59,349.80,3.84,15.0,125.0,0,0,1.43,-2.89,-1.36,-0.273,0.474,0.031,1.000,0.100,0.100,0.100,1,42.4,101.6,763,803,16,115,0
6.88,climb_cruise,442.6,442.6,34962.7,10,1.63,-23.65,349.77,3.85,15.0,125.0,0,0,1.44,-2.90,-1.36,-0.273,0.474,0.032,1.000,0.100,0.100,0.100,1,42.3,101.6,763,803,16,115,0
6.90,climb_cruise,442.6,442.6,34962.7,18,1.65,-23.71,349.73,3.87,15.0,125.0,0,0,1.44,-2.90,-1.36,-0.273,0.474,0.032,1.000,0.100,0.100,0.100,1,42.2,101.6,763,803,16,115,0
6.92,climb_cruise,442.6,442.6,34962.7,25,1.67,-23.77,349.69,3.88,15.0,125.0,0,0,1.44,-2.91,-1.37,-0.272,0.474,0.032,1.000,0.100,0.100,0.100,1,42.2,101.6,763,803,16,115,0
6.94,climb_cruise,442.6,442.6,34962.7,33,1.68,-23.83,349.66,3.89,15.0,125.0,0,0,1.44,-2.91,-1.37,-0.272,0.474,0.032,1.000,0.100,0.100,0.100,1,42.1,101.6,763,803,16,114,0
6.96,climb_cruise,442.5,442.5,34962.7,41,1.70,-23.89,349.62,3.91,15.0,125.0,0,0,1.44,-2.91,-1.37,-0.272,0.474,0.032,1.000,0.100,0.100,0.100,1,42.0,101.6,763,803,16,114,0
6.98,climb_cruise,442.5,442.5,34962.7,49,1.71,-23.95,349.58,3.92,15.0,125.0,0,0,1.44,-2.92,-1.37,-0.271,0.474,0.032,1.000,0.100,0.100,0.100,1,41.9,101.6,763,803,16,116,0
7.00,climb_cruise,442.5,442.5,34962.7,57,1.73,-24.01,349.54,3.93,15.0,125.0,0,0,1.44,-2.92,-1.38,-0.271,0.474,0.032,1.000,0.100,0.100,0.100,1,41.8,101.6,763,803,16,116,0
7.02,climb_cruise,442.4,442.4,34962.7,65,1.74,-24.06,349.51,3.94,15.0,125.0,0,0,1.44,-2.93,-1.38,-0.271,0.474,0.032,1.000,0.100,0.100,0.100,1,41.7,101.6,763,803,16,115,0
7.04,climb_cruise,442.4,442.4,34962.8,73,1.76,-24.12,349.47,3.96,15.0,125.0,0,0,1.45,-2.93,-1.38,-0.270,0.474,0.032,1.000,0.100,0.100,0.100,1,41.7,101.6,763,803,16,115,0
7.06,climb_cruise,442.4,442.4,34962.8,81,1.77,-24.18,349.43,3.97,15.0,125.0,0,0,1.45,-2.93,-1.39,-0.270,0.474,0.032,1.000,0.100,0.100,0.100,1,41.6,101.6,763,803,16,114,0
7.08,climb_cruise,442.3,442.3,34962.8,89,1.79,-24.24,349.40,3.98,15.0,125.0,0,0,1.45,-2.94,-1.39,-0.269,0.474,0.032,1.000,0.100,0.100,0.100,1,41.5,101.6,763,803,16,115,0
7.10,climb_cruise,442.3,442.3,34962.9,97,1.80,-24.30,349.36,3.99,15.0,125.0,0,0,1.45,-2.94,-1.39,-0.269,0.474,0.032,1.000,0.100,0.100,0.100,1,41.4,101.6,763,803,16,114,0
7.12,climb_cruise,442.3,442.3,34962.9,106,1.82,-24.36,349.32,4.00,15.0,125.0,0,0,1.45,-2.95,-1.40,-0.269,0.474,0.032,1.000,0.100,0.100,0.100,1,41.3,101.7,763,804,16,115,0
7.14,climb_cruise,442.3,442.3,34962.9,114,1.83,-24.42,349.28,4.02,15.0,125.0,0,0,1.45,-2.95,-1.40,-0.268,0.474,0.032,1.000,0.100,0.100,0.100,1,41.2,101.7,763,804,16,114,0
7.16,climb_cruise,442.2,442.2,34963.0,122,1.85,-24.48,349.25,4.03,15.0,125.0,0,0,1.45,-2.96,-1.40,-0.268,0.474,0.032,1.000,0.100,0.100,0.100,1,41.2,101.7,763,804,16,114,0
7.18,climb_cruise,442.2,442.2,34963.0,130,1.86,-24.54,349.21,4.04,15.0,125.0,0,0,1.45,-2.96,-1.41,-0.267,0.474,0.032,1.000,0.100,0.100,0.100,1,41.1,101.7,763,804,16,114,0
7.20,climb_cruise,442.2,442.2,34963.0,139,1.88,-24.61,349.17,4.05,15.0,125.0,0,0,1.45,-2.96,-1.41,-0.267,0.474,0.033,1.000,0.100,0.100,0.100,1,41.0,101.7,763,804,16,114,0
7.22,climb_cruise,442.1,442.1,34963.1,147,1.89,-24.67,349.13,4.06,15.0,125.0,0,0,1.45,-2.97,-1.41,-0.266,0.474,0.033,1.000,0.100,0.100,0.100,1,40.9,101.7,763,804,16,115,0
7.24,climb_cruise,442.1,442.1,34963.1,155,1.91,-24.73,349.10,4.07,15.0,125.0,0,0,1.45,-2.97,-1.41,-0.266,0.474,0.033,1.000,0.100,0.100,0.100,1,40.8,101.7,763,804,16,115,0
7.26,climb_cruise,442.1,442.1,34963.2,164,1.92,-24.79,349.06,4.09,15.0,125.0,0,0,1.45,-2.98,-1.42,-0.265,0.474,0.033,1.000,0.100,0.100,0.100,1,40.7,101.7,763,804,16,115,0
7.28,climb_cruise,442.1,442.1,34963.2,172,1.93,-24.85,349.02,4.10,15.0,125.0,0,0,1.45,-2.98,-1.42,-0.264,0.474,0.033,1.000,0.100,0.100,0.100,1,40.7,101.7,763,804,16,116,0
7.30,climb_cruise,442.0,442.0,34963.3,181,1.95,-24.91,348.98,4.11,15.0,125.0,0,0,1.45,-2.98,-1.42,-0.264,0.474,0.033,1.000,0.100,0.100,0.100,1,40.6,101.7,763,804,16,114,0
7.32,climb_cruise,442.0,442.0,34963.4,189,1.96,-24.97,348.94,4.12,15.0,125.0,0,0,1.45,-2.99,-1.43,-0.263,0.474,0.033,1.000,0.100,0.100,0.100,1,40.5,101.7,763,804,16,115,0
7.34,climb_cruise,442.0,442.0,34963.4,198,1.98,-25.03,348.91,4.13,15.0,125.0,0,0,1.45,-2.99,-1.43,-0.263,0.474,0.033,1.000,0.100,0.100,0.100,1,40.4,101.7,763,804,16,114,0
7.36,climb_cruise,441.9,441.9,34963.5,206,1.99,-25.09,348.87,4.14,15.0,125.0,0,0,1.45,-2.99,-1.43,-0.262,0.474,0.033,1.000,0.100,0.100,0.100,1,40.3,101.7,763,804,16,114,0
7.38,climb_cruise,441.9,441.9,34963.6,215,2.01,-25.15,348.83,4.15,15.0,125.0,0,0,1.45,-3.00,-1.44,-0.261,0.474,0.033,1.000,0.100,0.100,0.100,1,40.3,101.7,763,804,16,116,0
7.40,climb_cruise,441.9,441.9,34963.6,223,2.02,-25.21,348.79,4.16,15.0,125.0,0,0,1.45,-3.00,-1.44,-0.261,0.474,0.033,1.000,0.100,0.100,0.100,1,40.2,101.7,763,804,16,115,0
7.42,climb_cruise,441.8,441.8,34963.7,232,2.03,-25.28,348.75,4.17,15.0,125.0,0,0,1.45,-3.01,-1.44,-0.260,0.474,0.033,1.000,0.100,0.100,0.100,1,40.1,101.7,763,804,16,115,0
7.44,climb_cruise,441.8,441.8,34963.8,241,2.05,-25.34,348.71,4.18,15.0,125.0,0,0,1.45,-3.01,-1.45,-0.259,0.474,0.033,1.000,0.100,0.100,0.100,1,40.0,101.7,763,804,16,115,0
7.46,climb_cruise,441.8,441.8,34963.9,249,2.06,-25.40,348.67,4.19,15.0,125.0,0,0,1.45,-3.01,-1.45,-0.258,0.474,0.033,1.000,0.100,0.100,0.100,1,39.9,101.7,763,804,16,114,0
7.48,climb_cruise,441.7,441.7,34964.0,258,2.08,-25.46,348.64,4.20,15.0,125.0,0,0,1.45,-3.02,-1.45,-0.258,0.474,0.033,1.000,0.100,0.100,0.100,1,39.9,101.7,763,804,16,114,0
7.50,climb_cruise,441.7,441.7,34964.0,267,2.09,-25.52,348.60,4.21,15.0,125.0,0,0,1.45,-3.02,-1.45,-0.257,0.474,0.033,1.000,0.100,0.100,0.100,1,39.8,101.7,763,804,16,115,0
7.52,climb_cruise,441.7,441.7,34964.1,275,2.10,-25.58,348.56,4.22,15.0,125.0,0,0,1.45,-3.03,-1.46,-0.256,0.474,0.034,1.000,0.100,0.100,0.100,1,39.7,101.7,763,804,16,116,0
7.54,climb_cruise,441.6,441.6,34964.2,284,2.12,-25.65,348.52,4.23,15.0,125.0,0,0,1.45,-3.03,-1.46,-0.255,0.474,0.034,1.000,0.100,0.100,0.100,1,39.6,101.7,763,804,16,115,0
7.56,climb_cruise,441.6,441.6,34964.3,293,2.13,-25.71,348.48,4.24,15.0,125.0,0,0,1.45,-3.03,-1.46,-0.254,0.474,0.034,1.000,0.100,0.100,0.100,1,39.5,101.7,763,804,16,115,0
7.58,climb_cruise,441.6,441.6,34964.4,302,2.14,-25.77,348.44,4.25,15.0,125.0,0,0,1.45,-3.04,-1.47,-0.254,0.474,0.034,1.000,0.100,0.100,0.100,1,39.5,101.7,763,804,16,115,0
7.60,climb_cruise,441.6,441.6,34964.5,311,2.16,-25.83,348.40,4.26,15.0,125.0,0,0,1.45,-3.04,-1.47,-0.253,0.474,0.034,1.000,0.100,0.100,0.100,1,39.4,101.7,763,804,16,114,0
7.62,climb_cruise,441.5,441.5,34964.6,319,2.17,-25.90,348.36,4.27,15.0,125.0,0,0,1.44,-3.04,-1.47,-0.252,0.474,0.034,1.000,0.100,0.100,0.100,1,39.3,101.7,763,804,16,114,0
7.64,climb_cruise,441.5,441.5,34964.7,328,2.18,-25.96,348.32,4.28,15.0,125.0,0,0,1.44,-3.05,-1.48,-0.251,0.474,0.034,1.000,0.100,0.100,0.100,1,39.2,101.7,763,804,16,115,0
7.66,climb_cruise,441.5,441.5,34964.8,337,2.20,-26.02,348.28,4.29,15.0,125.0,0,0,1.44,-3.05,-1.48,-0.250,0.474,0.034,1.000,0.100,0.100,0.100,1,39.1,101.8,763,804,16,115,0
7.68,climb_cruise,441.4,441.4,34965.0,346,2.21,-26.08,348.25,4.30,15.0,125.0,0,0,1.44,-3.06,-1.48,-0.249,0.474,0.034,1.000,0.100,0.100,0.100,1,39.1,101.8,763,804,16,115,0
7.70,climb_cruise,441.4,441.4,34965.1,355,2.22,-26.15,348.21,4.31,15.0,125.0,0,0,1.44,-3.06,-1.49,-0.248,0.474,0.034,1.000,0.100,0.100,0.100,1,39.0,101.8,763,804,16,116,0
7.72,climb_cruise,441.4,441.4,34965.2,364,2.23,-26.21,348.17,4.32,15.0,125.0,0,0,1.44,-3.06,-1.49,-0.247,0.474,0.034,1.000,0.100,0.100,0.100,1,38.9,101.8,763,804,16,115,0
7.74,climb_cruise,441.3,441.3,34965.3,373,2.25,-26.27,348.13,4.33,15.0,125.0,0,0,1.44,-3.07,-1.49,-0.246,0.474,0.034,1.000,0.100,0.100,0.100,1,38.8,101.8,763,804,16,116,0
7.76,climb_cruise,441.3,441.3,34965.4,382,2.26,-26.33,348.09,4.34,15.0,125.0,0,0,1.43,-3.07,-1.50,-0.245,0.474,0.034,1.000,0.100,0.100,0.100,1,38.8,101.8,763,804,16,115,0
7.78,climb_cruise,441.3,441.3,34965.6,391,2.27,-26.40,348.05,4.35,15.0,125.0,0,0,1.43,-3.07,-1.50,-0.244,0.474,0.034,1.000,0.100,0.100,0.100,1,38.7,101.8,763,804,16,115,0
7.80,climb_cruise,441.2,441.2,34965.7,400,2.28,-26.46,348.01,4.36,15.0,125.0,0,0,1.43,-3.08,-1.50,-0.243,0.474,0.034,1.000,0.100,0.100,0.100,1,38.6,101.8,763,804,16,114,0
7.82,climb_cruise,441.2,441.2,34965.8,409,2.30,-26.52,347.97,4.36,15.0,125.0,0,0,1.43,-3.08,-1.51,-0.242,0.474,0.034,1.000,0.100,0.100,0.100,1,38.5,101.8,763,804,16,114,0
7.84,climb_cruise,441.2,441.2,34966.0,418,2.31,-26.59,347.93,4.37,15.0,125.0,0,0,1.43,-3.08,-1.51,-0.241,0.474,0.035,1.000,0.100,0.100,0.100,1,38.5,101.8,763,804,16,114,0
7.86,climb_cruise,441.1,441.1,34966.1,427,2.32,-26.65,347.89,4.38,15.0,125.0,0,0,1.43,-3.09,-1.51,-0.240,0.474,0.035,1.000,0.100,0.100,0.100,1,38.4,101.8,763,804,16,114,0
7.88,climb_cruise,441.1,441.1,34966.3,436,2.33,-26.71,347.85,4.39,15.0,125.0,0,0,1.42,-3.09,-1.51,-0.239,0.474,0.035,1.000,0.100,0.100,0.100,1,38.3,101.8,763,804,16,115,0
7.90,climb_cruise,441.1,441.1,34966.4,445,2.34,-26.78,347.81,4.40,15.0,125.0,0,0,1.42,-3.10,-1.52,-0.238,0.474,0.035,1.000,0.100,0.100,0.100,1,38.2,101.8,763,804,16,115,0
7.92,climb_cruise,441.0,441.0,34966.5,454,2.36,-26.84,347.77,4.40,15.0,125.0,0,0,1.42,-3.10,-1.52,-0.237,0.474,0.035,1.000,0.100,0.100,0.100,1,38.1,101.8,763,804,16,116,0
7.94,climb_cruise,441.0,441.0,34966.7,463,2.37,-26.90,347.73,4.41,15.0,125.0,0,0,1.42,-3.10,-1.52,-0.235,0.474,0.035,1.000,0.100,0.100,0.100,1,38.1,101.8,763,804,16,116,0
7.96,climb_cruise,441.0,441.0,34966.9,472,2.38,-26.97,347.69,4.42,15.0,125.0,0,0,1.41,-3.11,-1.53,-0.234,0.474,0.035,1.000,0.100,0.100,0.100,1,38.0,101.8,763,804,16,115,0
7.98,climb_cruise,440.9,440.9,34967.0,481,2.39,-27.03,347.65,4.43,15.0,125.0,0,0,1.41,-3.11,-1.53,-0.233,0.474,0.035,1.000,0.100,0.100,0.100,1,37.9,101.8,763,804,16,116,0
8.00,climb_cruise,440.9,440.9,34967.2,490,2.40,-27.10,347.61,4.44,15.0,125.0,0,0,1.41,-3.11,-1.53,-0.232,0.474,0.035,1.000,0.100,0.100,0.100,1,37.8,101.8,763,804,16,114,0
8.02,climb_cruise,440.9,440.9,34967.3,499,2.41,-27.16,347.57,4.44,15.0,125.0,0,0,1.41,-3.12,-1.54,-0.231,0.474,0.035,1.000,0.100,0.100,0.100,1,37.8,101.8,763,804,16,114,0
8.04,climb_cruise,440.8,440.8,34967.5,508,2.42,-27.22,347.53,4.45,15.0,125.0,0,0,1.40,-3.12,-1.54,-0.229,0.474,0.035,1.000,0.100,0.100,0.100,1,37.7,101.8,763,804,16,116,0
8.06,climb_cruise,440.8,440.8,34967.7,517,2.43,-27.29,347.49,4.46,15.0,125.0,0,0,1.40,-3.12,-1.54,-0.228,0.474,0.035,1.000,0.100,0.100,0.100,1,37.6,101.8,763,804,16,116,0
8.08,climb_cruise,440.8,440.8,34967.8,526,2.45,-27.35,347.45,4.46,15.0,125.0,0,0,1.40,-3.13,-1.55,-0.227,0.474,0.035,1.000,0.100,0.100,0.100,1,37.5,101.8,763,804,16,115,0
8.10,climb_cruise,440.7,440.7,34968.0,535,2.46,-27.42,347.41,4.47,15.0,125.0,0,0,1.39,-3.13,-1.55,-0.226,0.474,0.035,1.000,0.100,0.100,0.100,1,37.5,101.8,763,804,16,114,0
8.12,climb_cruise,440.7,440.7,34968.2,544,2.47,-27.48,347.37,4.48,15.0,125.0,0,0,1.39,-3.13,-1.55,-0.224,0.474,0.035,1.000,0.100,0.100,0.100,1,37.4,101.8,763,804,16,115,0
8.14,climb_cruise,440.7,440.7,34968.4,553,2.48,-27.54,347.33,4.48,15.0,125.0,0,0,1.39,-3.14,-1.56,-0.223,0.474,0.035,1.000,0.100,0.100,0.100,1,37.3,101.8,763,804,16,115,0
8.16,climb_cruise,440.6,440.6,34968.6,563,2.49,-27.61,347.29,4.49,15.0,125.0,0,0,1.39,-3.14,-1.56,-0.222,0.474,0.036,1.000,0.100,0.100,0.100,1,37.2,101.8,763,804,16,115,0
8.18,climb_cruise,440.6,440.6,34968.8,572,2.49,-27.72,347.25,4.49,15.0,125.0,0,0,0.43,-8.10,-1.69,-0.088,0.189,0.014,1.000,0.100,0.100,0.100,1,37.2,101.8,763,804,16,114,0
8.20,climb_cruise,440.5,440.5,34969.0,581,2.47,-27.91,347.22,4.49,15.0,125.0,0,0,-0.55,-10.98,-1.83,-0.056,0.130,0.009,1.000,0.100,0.100,0.100,1,37.1,101.8,763,804,16,115,0
8.22,climb_cruise,440.5,440.5,34969.1,590,2.44,-28.15,347.19,4.46,15.0,125.0,0,0,-1.36,-12.27,-1.97,-0.048,0.117,0.008,1.000,0.100,0.100,0.100,1,37.0,101.8,763,804,16,116,0
8.24,climb_cruise,440.5,440.5,34969.3,599,2.39,-28.40,347.17,4.43,15.0,125.0,0,0,-1.96,-12.82,-2.09,-0.046,0.115,0.008,1.000,0.100,0.100,0.100,1,36.9,101.8,763,804,16,115,0
8.26,climb_cruise,440.4,440.4,34969.6,607,2.33,-28.66,347.16,4.38,15.0,125.0,0,0,-2.34,-13.06,-2.20,-0.045,0.114,0.008,1.000,0.100,0.100,0.100,1,36.9,101.8,763,804,16,114,0
8.28,climb_cruise,440.4,440.4,34969.8,615,2.27,-28.92,347.14,4.33,15.0,125.0,0,0,-2.55,-13.17,-2.30,-0.045,0.114,0.008,1.000,0.100,0.100,0.100,1,36.8,101.8,763,804,16,116,0
8.30,climb_cruise,440.4,440.4,34970.0,623,2.20,-29.18,347.12,4.27,15.0,125.0,0,0,-2.59,-13.24,-2.39,-0.045,0.114,0.008,1.000,0.100,0.100,0.100,1,36.7,101.8,763,804,16,115,0
8.32,climb_cruise,440.3,440.3,34970.2,630,2.13,-29.45,347.11,4.22,15.0,125.0,0,0,-2.49,-13.29,-2.46,-0.045,0.114,0.008,1.000,0.100,0.100,0.100,1,36.6,101.8,763,804,16,115,0
8.34,climb_cruise,440.3,440.3,34970.4,636,2.07,-29.72,347.09,4.17,15.0,125.0,0,0,-2.29,-13.33,-2.52,-0.046,0.114,0.008,1.000,0.100,0.100,0.100,1,36.6,101.8,763,804,16,115,0
8.36,climb_cruise,440.3,440.3,34970.6,643,2.00,-29.98,347.06,4.12,15.0,125.0,0,0,-2.01,-13.36,-2.56,-0.046,0.114,0.008,1.000,0.100,0.100,0.100,1,36.5,101.8,763,804,16,115,0
8.38,climb_cruise,440.2,440.2,34970.8,649,1.95,-30.25,347.04,4.08,15.0,125.0,0,0,-1.68,-13.39,-2.60,-0.046,0.114,0.008,1.000,0.100,0.100,0.100,1,36.4,101.8,763,804,16,116,0
8.40,climb_cruise,440.2,440.2,34971.0,654,1.89,-30.52,347.01,4.04,15.0,125.0,0,0,-1.31,-13.42,-2.63,-0.046,0.114,0.008,1.000,0.100,0.100,0.100,1,36.4,101.8,763,804,16,116,0
8.42,climb_cruise,440.2,440.2,34971.3,659,1.85,-30.79,346.98,4.02,15.0,125.0,0,0,-0.94,-13.45,-2.64,-0.046,0.114,0.008,1.000,0.100,0.100,0.100,1,36.3,101.8,763,804,16,115,0
8.44,climb_cruise,440.1,440.1,34971.5,664,1.81,-31.06,346.94,4.00,15.0,125.0,0,0,-0.57,-13.47,-2.65,-0.046,0.114,0.008,1.000,0.100,0.100,0.100,1,36.2,101.8,763,804,16,115,0
8.46,climb_cruise,440.1,440.1,34971.7,669,1.77,-31.33,346.90,3.99,15.0,125.0,0,0,-0.21,-13.49,-2.65,-0.046,0.114,0.008,1.000,0.100,0.100,0.100,1,36.1,101.8,763,804,16,116,0
8.48,climb_cruise,440.1,440.1,34971.9,674,1.74,-31.60,346.85,3.98,15.0,125.0,0,0,0.11,-13.50,-2.65,-0.046,0.114,0.008,1.000,0.100,0.100,0.100,1,36.1,101.9,763,804,16,114,0
8.50,climb_cruise,440.0,440.0,34972.2,678,1.72,-31.88,346.81,3.98,15.0,125.0,0,0,0.40,-13.52,-2.64,-0.046,0.114,0.008,1.000,0.100,0.100,0.100,1,36.0,101.9,763,804,16,116,0
8.52,climb_cruise,440.0,440.0,34972.4,683,1.70,-32.15,346.76,3.99,15.0,125.0,0,0,0.65,-13.53,-2.63,-0.046,0.114,0.008,1.000,0.100,0.100,0.100,1,35.9,101.9,763,804,16,115,0
8.54,climb_cruise,440.0,440.0,34972.6,687,1.68,-32.42,346.70,4.00,15.0,125.0,0,0,0.85,-13.54,-2.62,-0.046,0.114,0.008,1.000,0.100,0.100,0.100,1,35.9,101.9,763,804,16,116,0
8.56,climb_cruise,439.9,439.9,34972.8,691,1.67,-32.69,346.65,4.02,15.0,125.0,0,0,1.01,-13.55,-2.61,-0.046,0.114,0.008,1.000,0.100,0.100,0.100,1,35.8,101.9,763,804,16,115,0
8.58,climb_cruise,439.9,439.9,34973.1,695,1.66,-32.96,346.59,4.03,15.0,125.0,0,0,1.13,-13.55,-2.59,-0.046,0.114,0.008,1.000,0.100,0.100,0.100,1,35.7,101.9,763,804,16,115,0
8.60,climb_cruise,439.9,439.9,34973.3,699,1.65,-33.24,346.54,4.05,15.0,125.0,0,0,1.21,-13.56,-2.58,-0.045,0.114,0.008,1.000,0.100,0.100,0.100,1,35.6,101.9,763,804,16,114,0
8.62,climb_cruise,439.8,439.8,34973.5,703,1.64,-33.51,346.48,4.08,15.0,125.0,0,0,1.26,-13.56,-2.57,-0.045,0.114,0.008,1.000,0.100,0.100,0.100,1,35.6,101.9,763,804,16,114,0
8.64,climb_cruise,439.8,439.8,34973.8,707,1.64,-33.78,346.42,4.10,15.0,125.0,0,0,1.27,-13.56,-2.56,-0.045,0.114,0.008,1.000,0.100,0.100,0.100,1,35.5,101.9,763,804,16,114,0
8.66,climb_cruise,439.8,439.8,34974.0,711,1.63,-34.06,346.37,4.12,15.0,125.0,0,0,1.26,-13.56,-2.55,-0.045,0.114,0.008,1.000,0.100,0.100,0.100,1,35.4,101.9,763,804,16,116,0
8.68,climb_cruise,439.7,439.7,34974.2,715,1.62,-34.33,346.31,4.14,15.0,125.0,0,0,1.24,-13.56,-2.54,-0.045,0.114,0.008,1.000,0.100,0.100,0.100,1,35.4,101.9,763,804,16,114,0
8.70,climb_cruise,439.7,439.7,34974.5,719,1.61,-34.60,346.26,4.16,15.0,125.0,0,0,1.19,-13.56,-2.53,-0.045,0.114,0.008,1.000,0.100,0.100,0.100,1,35.3,101.9,763,804,16,114,0
8.72,climb_cruise,439.7,439.7,34974.7,723,1.60,-34.87,346.20,4.18,15.0,125.0,0,0,1.14,-13.56,-2.53,-0.044,0.114,0.008,1.000,0.100,0.100,0.100,1,35.2,101.9,763,804,16,116,0
8.74,climb_cruise,439.6,439.6,34975.0,726,1.59,-35.15,346.15,4.20,15.0,125.0,0,0,1.08,-13.56,-2.53,-0.044,0.114,0.008,1.000,0.100,0.100,0.100,1,35.1,101.9,763,804,16,115,0
8.76,climb_cruise,439.6,439.6,34975.2,730,1.58,-35.42,346.09,4.21,15.0,125.0,0,0,1.02,-13.56,-2.53,-0.044,0.114,0.008,1.000,0.100,0.100,0.100,1,35.1,101.9,763,804,16,114,0
8.78,climb_cruise,439.6,439.6,34975.4,733,1.57,-35.69,346.04,4.23,15.0,125.0,0,0,0.96,-13.56,-2.53,-0.044,0.114,0.008,1.000,0.100,0.100,0.100,1,35.0,101.9,763,804,16,115,0
8.80,climb_cruise,439.5,439.5,34975.7,737,1.55,-35.96,345.99,4.24,15.0,125.0,0,0,0.91,-13.55,-2.54,-0.044,0.114,0.008,1.000,0.100,0.100,0.100,1,34.9,101.9,763,804,16,115,0
8.82,climb_cruise,439.5,439.5,34975.9,740,1.54,-36.24,345.94,4.25,15.0,125.0,0,0,0.86,-13.55,-2.54,-0.044,0.114,0.008,1.000,0.100,0.100,0.100,1,34.9,101.9,763,804,16,115,0
8.84,climb_cruise,439.4,439.4,34976.2,743,1.52,-36.51,345.89,4.27,15.0,125.0,0,0,0.81,-13.55,-2.55,-0.044,0.114,0.008,1.000,0.100,0.100,0.100,1,34.8,101.9,763,804,16,115,0
8.86,climb_cruise,439.4,439.4,34976.4,746,1.50,-36.78,345.83,4.28,15.0,125.0,0,0,0.78,-13.55,-2.56,-0.044,0.114,0.008,1.000,0.100,0.100,0.100,1,34.7,101.9,763,804,16,115,0
8.88,climb_cruise,439.4,439.4,34976.7,749,1.48,-37.05,345.78,4.28,15.0,125.0,0,0,0.75,-13.55,-2.57,-0.043,0.114,0.008,1.000,0.100,0.100,0.100,1,34.7,101.9,763,804,16,115,0
8.90,climb_cruise,439.3,439.3,34976.9,752,1.47,-37.33,345.73,4.29,15.0,125.0,0,0,0.73,-13.56,-2.59,-0.043,0.114,0.008,1.000,0.100,0.100,0.100,1,34.6,101.9,763,804,16,114,0
8.92,climb_cruise,439.3,439.3,34977.2,755,1.45,-37.60,345.68,4.30,15.0,125.0,0,0,0.72,-13.56,-2.60,-0.043,0.114,0.008,1.000,0.100,0.100,0.100,1,34.5,101.9,763,804,16,114,0
8.94,climb_cruise,439.3,439.3,34977.4,757,1.42,-37.87,345.63,4.31,15.0,125.0,0,0,0.71,-13.56,-2.61,-0.043,0.114,0.008,1.000,0.100,0.100,0.100,1,34.4,101.9,763,804,16,115,0
8.96,climb_cruise,439.2,439.2,34977.7,760,1.40,-38.14,345.58,4.31,15.0,125.0,0,0,0.72,-13.56,-2.63,-0.043,0.114,0.008,1.000,0.100,0.100,0.100,1,34.4,101.9,763,804,16,115,0
8.98,climb_cruise,439.2,439.2,34977.9,762,1.38,-38.42,345.53,4.32,15.0,125.0,0,0,0.72,-13.57,-2.64,-0.043,0.114,0.008,1.000,0.100,0.100,0.100,1,34.3,101.9,763,804,16,115,0
9.00,climb_cruise,439.2,439.2,34978.2,764,1.36,-38.69,345.48,4.33,15.0,125.0,0,0,0.74,-13.57,-2.66,-0.043,0.114,0.008,1.000,0.100,0.100,0.100,1,34.2,101.9,763,804,16,114,0
9.02,climb_cruise,439.1,439.1,34978.4,766,1.34,-38.96,345.43,4.34,15.0,125.0,0,0,0.75,-13.57,-2.67,-0.043,0.114,0.008,1.000,0.100,0.100,0.100,1,34.2,101.9,763,804,16,116,0
9.04,climb_cruise,439.1,439.1,34978.7,768,1.32,-39.23,345.38,4.34,15.0,125.0,0,0,0.77,-13.58,-2.69,-0.043,0.114,0.008,1.000,0.100,0.100,0.100,1,34.1,101.9,763,804,16,114,0
9.06,climb_cruise,439.1,439.1,34979.0,769,1.29,-39.51,345.33,4.35,15.0,125.0,0,0,0.79,-13.58,-2.70,-0.043,0.114,0.008,1.000,0.100,0.100,0.100,1,34.0,101.9,763,804,16,115,0
9.08,climb_cruise,439.0,439.0,34979.2,771,1.27,-39.78,345.28,4.36,15.0,125.0,0,0,0.81,-13.59,-2.72,-0.042,0.114,0.008,1.000,0.100,0.100,0.100,1,34.0,101.9,763,804,16,116,0
9.10,climb_cruise,439.0,439.0,34979.5,772,1.25,-40.05,345.23,4.37,15.0,125.0,0,0,0.84,-13.59,-2.73,-0.042,0.114,0.008,1.000,0.100,0.100,0.100,1,33.9,101.9,763,804,16,115,0
9.12,climb_cruise,439.0,439.0,34979.7,774,1.23,-40.33,345.17,4.37,15.0,125.0,0,0,0.86,-13.60,-2.75,-0.042,0.114,0.008,1.000,0.100,0.100,0.100,1,33.8,101.9,763,804,16,115,0
9.14,climb_cruise,438.9,438.9,34980.0,775,1.21,-40.60,345.12,4.38,15.0,125.0,0,0,0.88,-13.60,-2.76,-0.042,0.114,0.008,1.000,0.100,0.100,0.100,1,33.8,101.9,763,804,16,116,0
9.16,climb_cruise,438.9,438.9,34980.2,776,1.18,-40.87,345.07,4.39,15.0,125.0,0,0,0.90,-13.61,-2.78,-0.042,0.114,0.008,1.000,0.100,0.100,0.100,1,33.7,101.9,763,804,16,115,0
9.18,climb_cruise,438.8,438.8,34980.5,776,1.16,-41.14,345.01,4.40,15.0,125.0,0,0,0.92,-13.61,-2.79,-0.042,0.114,0.008,1.000,0.100,0.100,0.100,1,33.6,101.9,763,804,16,115,0
9.20,climb_cruise,438.8,438.8,34980.8,777,1.14,-41.42,344.96,4.41,15.0,125.0,0,0,0.94,-13.62,-2.80,-0.042,0.114,0.008,1.000,0.100,0.100,0.100,1,33.6,101.9,763,804,16,116,0
9.22,climb_cruise,438.8,438.8,34981.0,778,1.11,-41.69,344.90,4.42,15.0,125.0,0,0,0.96,-13.62,-2.82,-0.042,0.114,0.008,1.000,0.100,0.100,0.100,1,33.5,101.9,763,804,16,115,0
9.24,climb_cruise,438.7,438.7,34981.3,778,1.09,-41.97,344.85,4.43,15.0,125.0,0,0,0.97,-13.63,-2.83,-0.042,0.114,0.008,1.000,0.100,0.100,0.100,1,33.4,101.9,763,804,16,115,0
9.26,climb_cruise,438.7,438.7,34981.5,778,1.07,-42.24,344.79,4.44,15.0,125.0,0,0,0.99,-13.64,-2.84,-0.042,0.114,0.008,1.000,0.100,0.100,0.100,1,33.4,101.9,763,804,16,116,0
9.28,climb_cruise,438.7,438.7,34981.8,778,1.04,-42.51,344.74,4.44,15.0,125.0,0,0,1.00,-13.64,-2.86,-0.042,0.114,0.008,1.000,0.100,0.100,0.100,1,33.3,101.9,763,804,16,115,0
9.30,climb_cruise,438.6,438.6,34982.0,778,1.02,-42.79,344.68,4.45,15.0,125.0,0,0,1.01,-13.65,-2.87,-0.042,0.114,0.008,1.000,0.100,0.100,0.100,1,33.2,101.9,763,804,16,115,0
9.32,climb_cruise,438.6,438.6,34982.3,778,1.00,-43.06,344.63,4.46,15.0,125.0,0,0,1.02,-13.65,-2.88,-0.042,0.114,0.008,1.000,0.100,0.100,0.100,1,33.2,101.9,763,804,16,116,0
9.34,climb_cruise,438.6,438.6,34982.6,778,0.97,-43.33,344.57,4.47,15.0,125.0,0,0,1.03,-13.66,-2.89,-0.042,0.114,0.008,1.000,0.100,0.100,0.100,1,33.1,101.9,763,804,16,115,0
9.36,climb_cruise,438.5,438.5,34982.8,777,0.95,-43.61,344.51,4.48,15.0,125.0,0,0,1.04,-13.66,-2.90,-0.042,0.114,0.008,1.000,0.100,0.100,0.100,1,33.0,101.9,763,804,16,115,0
9.38,climb_cruise,438.5,438.5,34983.1,776,0.92,-43.88,344.46,4.49,15.0,125.0,0,0,1.05,-13.67,-2.91,-0.042,0.114,0.008,1.000,0.100,0.100,0.100,1,33.0,101.9,763,804,16,115,0
9.40,climb_cruise,438.4,438.4,34983.3,775,0.90,-44.16,344.40,4.50,15.0,125.0,0,0,1.06,-13.67,-2.93,-0.042,0.114,0.008,1.000,0.100,0.100,0.100,1,32.9,101.9,763,804,16,114,0
9.42,climb_cruise,438.4,438.4,34983.6,774,0.87,-44.43,344.34,4.51,15.0,125.0,0,0,1.07,-13.68,-2.94,-0.042,0.114,0.008,1.000,0.100,0.100,0.100,1,32.8,101.9,763,804,16,116,0
9.44,climb_cruise,438.4,438.4,34983.9,773,0.84,-44.71,344.29,4.52,15.0,125.0,0,0,1.08,-13.68,-2.95,-0.042,0.114,0.008,1.000,0.100,0.100,0.100,1,32.8,101.9,763,804,16,115,0
9.46,climb_cruise,438.3,438.3,34984.1,772,0.82,-44.98,344.23,4.53,15.0,125.0,0,0,1.09,-13.69,-2.96,-0.042,0.114,0.008,1.000,0.100,0.100,0.100,1,32.7,101.9,763,804,16,114,0
9.48,climb_cruise,438.3,438.3,34984.4,770,0.79,-45.26,344.17,4.54,15.0,125.0,0,0,1.10,-13.69,-2.97,-0.042,0.114,0.008,1.000,0.100,0.100,0.100,1,32.6,101.9,763,804,16,116,0
9.50,climb_cruise,438.3,438.3,34984.6,769,0.76,-45.53,344.11,4.55,15.0,125.0,0,0,1.11,-13.70,-2.98,-0.042,0.114,0.008,1.000,0.100,0.100,0.100,1,32.6,101.9,763,804,16,116,0
9.52,climb_cruise,438.2,438.2,34984.9,767,0.74,-45.80,344.06,4.56,15.0,125.0,0,0,1.12,-13.70,-2.99,-0.042,0.114,0.008,1.000,0.100,0.100,0.100,1,32.5,101.9,763,804,16,115,0
9.54,climb_cruise,438.2,438.2,34985.1,765,0.71,-46.08,344.00,4.57,15.0,125.0,0,0,1.13,-13.71,-3.00,-0.042,0.114,0.008,1.000,0.100,0.100,0.100,1,32.4,101.9,763,804,16,115,0
9.56,climb_cruise,438.2,438.2,34985.4,763,0.68,-46.35,343.94,4.57,15.0,125.0,0,0,1.14,-13.71,-3.02,-0.042,0.114,0.008,1.000,0.100,0.100,0.100,1,32.4,101.9,763,804,16,114,0
9.58,climb_cruise,438.1,438.1,34985.6,760,0.65,-46.63,343.88,4.58,15.0,125.0,0,0,1.15,-13.72,-3.03,-0.042,0.114,0.008,1.000,0.100,0.100,0.100,1,32.3,101.9,763,804,16,115,0
9.60,climb_cruise,438.1,438.1,34985.9,758,0.63,-46.90,343.82,4.59,15.0,125.0,0,0,1.16,-13.72,-3.04,-0.042,0.114,0.008,1.000,0.100,0.100,0.100,1,32.2,101.9,763,804,16,115,0
9.62,climb_cruise,438.0,438.0,34986.2,755,0.60,-47.18,343.77,4.60,15.0,125.0,0,0,1.17,-13.73,-3.05,-0.042,0.114,0.008,1.000,0.100,0.100,0.100,1,32.2,101.9,763,804,16,114,0
9.64,climb_cruise,438.0,438.0,34986.4,752,0.57,-47.45,343.71,4.61,15.0,125.0,0,0,1.18,-13.73,-3.06,-0.042,0.114,0.008,1.000,0.100,0.100,0.100,1,32.1,101.9,763,804,16,115,0
9.66,climb_cruise,438.0,438.0,34986.7,749,0.54,-47.73,343.65,4.62,15.0,125.0,0,0,1.20,-13.73,-3.07,-0.042,0.114,0.008,1.000,0.100,0.100,0.100,1,32.1,101.9,763,804,16,115,0
9.68,climb_cruise,437.9,437.9,34986.9,746,0.51,-48.00,343.59,4.63,15.0,125.0,0,0,1.21,-13.74,-3.08,-0.042,0.114,0.008,1.000,0.100,0.100,0.100,1,32.0,101.9,763,804,16,114,0
9.70,climb_cruise,437.9,437.9,34987.1,743,0.48,-48.28,343.53,4.64,15.0,125.0,0,0,1.22,-13.74,-3.09,-0.042,0.114,0.008,1.000,0.100,0.100,0.100,1,31.9,101.9,763,804,16,116,0
9.72,climb_cruise,437.9,437.9,34987.4,739,0.45,-48.56,343.47,4.65,15.0,125.0,0,0,1.24,-13.75,-3.10,-0.042,0.114,0.009,1.000,0.100,0.100,0.100,1,31.9,101.9,763,804,16,114,0
9.74,climb_cruise,437.8,437.8,34987.6,736,0.42,-48.83,343.41,4.66,15.0,125.0,0,0,1.25,-13.75,-3.11,-0.042,0.114,0.009,1.000,0.100,0.100,0.100,1,31.8,101.9,763,804,16,116,0
9.76,climb_cruise,437.8,437.8,34987.9,732,0.39,-49.11,343.35,4.66,15.0,125.0,0,0,1.26,-13.76,-3.12,-0.042,0.114,0.009,1.000,0.100,0.100,0.100,1,31.7,101.9,763,804,16,114,0
9.78,climb_cruise,437.8,437.8,34988.1,727,0.36,-49.38,343.29,4.67,15.0,125.0,0,0,1.28,-13.76,-3.13,-0.042,0.114,0.009,1.000,0.100,0.100,0.100,1,31.7,101.9,763,804,16,116,0
9.80,climb_cruise,437.7,437.7,34988.4,723,0.33,-49.66,343.23,4.68,15.0,125.0,0,0,1.29,-13.77,-3.15,-0.042,0.114,0.009,1.000,0.100,0.100,0.100,1,31.6,101.9,763,804,16,115,0
9.82,climb_cruise,437.7,437.7,34988.6,719,0.30,-49.93,343.17,4.69,15.0,125.0,0,0,1.30,-13.77,-3.16,-0.042,0.114,0.009,1.000,0.100,0.100,0.100,1,31.5,101.9,763,804,16,114,0
9.84,climb_cruise,437.6,437.6,34988.8,714,0.26,-50.21,343.11,4.70,15.0,125.0,0,0,1.32,-13.78,-3.17,-0.042,0.114,0.009,1.000,0.100,0.100,0.100,1,31.5,101.9,763,804,16,115,0
9.86,climb_cruise,437.6,437.6,34989.1,709,0.23,-50.49,343.05,4.71,15.0,125.0,0,0,1.33,-13.78,-3.18,-0.042,0.114,0.009,1.000,0.100,0.100,0.100,1,31.4,101.9,763,804,16,114,0
9.88,climb_cruise,437.6,437.6,34989.3,704,0.20,-50.76,342.99,4.72,15.0,125.0,0,0,1.35,-13.79,-3.19,-0.042,0.114,0.009,1.000,0.100,0.100,0.100,1,31.4,101.9,763,804,16,115,0
9.90,climb_cruise,437.5,437.5,34989.6,699,0.17,-51.04,342.93,4.73,15.0,125.0,0,0,1.36,-13.79,-3.20,-0.043,0.114,0.009,1.000,0.100,0.100,0.100,1,31.3,101.9,763,804,16,115,0
9.92,climb_cruise,437.5,437.5,34989.8,694,0.13,-51.31,342.86,4.74,15.0,125.0,0,0,1.38,-13.80,-3.21,-0.043,0.114,0.009,1.000,0.100,0.100,0.100,1,31.2,101.9,763,804,16,116,0
9.94,climb_cruise,437.5,437.5,34990.0,688,0.10,-51.59,342.80,4.75,15.0,125.0,0,0,1.39,-13.80,-3.22,-0.043,0.114,0.009,1.000,0.100,0.100,0.100,1,31.2,101.9,763,804,16,114,0
9.96,climb_cruise,437.4,437.4,34990.2,682,0.07,-51.87,342.74,4.76,15.0,125.0,0,0,1.40,-13.81,-3.23,-0.043,0.114,0.009,1.000,0.100,0.100,0.100,1,31.1,101.9,763,804,16,114,0
9.98,climb_cruise,437.4,437.4,34990.5,676,0.03,-52.14,342.68,4.77,15.0,125.0,0,0,1.42,-13.81,-3.24,-0.043,0.114,0.009,1.000,0.100,0.100,0.100,1,31.0,101.9,763,804,16,116,0
10.00,climb_cruise,437.4,437.4,34990.7,670,0.00,-52.42,342.62,4.78,15.0,125.0,0,0,1.43,-13.82,-3.25,-0.043,0.114,0.009,1.000,0.100,0.100,0.100,1,31.0,101.9,763,804,16,115,0
10.02,climb_cruise,437.3,437.3,34990.9,664,-0.03,-52.69,342.55,4.79,15.0,125.0,0,0,1.45,-13.82,-3.26,-0.043,0.114,0.009,1.000,0.100,0.100,0.100,1,30.9,101.9,763,804,16,115,0
10.04,climb_cruise,437.3,437.3,34991.1,657,-0.07,-52.97,342.49,4.80,15.0,125.0,0,0,1.46,-13.83,-3.27,-0.044,0.114,0.009,1.000,0.100,0.100,0.100,1,30.9,101.9,763,804,16,115,0
10.06,climb_cruise,437.2,437.2,34991.4,650,-0.10,-53.25,342.43,4.81,15.0,125.0,0,0,1.48,-13.83,-3.28,-0.044,0.114,0.009,1.000,0.100,0.100,0.100,1,30.8,101.9,763,804,16,115,0
10.08,climb_cruise,437.2,437.2,34991.6,644,-0.14,-53.52,342.36,4.82,15.0,125.0,0,0,1.50,-13.84,-3.29,-0.044,0.114,0.009,1.000,0.100,0.100,0.100,1,30.7,101.9,763,804,16,116,0
10.10,climb_cruise,437.2,437.2,34991.8,636,-0.17,-53.80,342.30,4.83,15.0,125.0,0,0,1.51,-13.84,-3.30,-0.044,0.114,0.009,1.000,0.100,0.100,0.100,1,30.7,101.9,763,804,16,115,0
10.12,climb_cruise,437.1,437.1,34992.0,629,-0.21,-54.08,342.24,4.84,15.0,125.0,0,0,1.53,-13.85,-3.31,-0.044,0.114,0.009,1.000,0.100,0.100,0.100,1,30.6,101.9,763,804,16,115,0
10.14,climb_cruise,437.1,437.1,34992.2,622,-0.24,-54.35,342.17,4.85,15.0,125.0,0,0,1.54,-13.85,-3.32,-0.044,0.114,0.009,1.000,0.100,0.100,0.100,1,30.5,101.9,763,804,16,115,0
10.16,climb_cruise,437.1,437.1,34992.4,614,-0.28,-54.63,342.11,4.86,15.0,125.0,0,0,1.56,-13.86,-3.33,-0.045,0.114,0.009,1.000,0.100,0.100,0.100,1,30.5,101.9,763,804,16,114,0
10.18,climb_cruise,437.0,437.0,34992.6,606,-0.32,-54.91,342.05,4.87,15.0,125.0,0,0,1.58,-13.86,-3.34,-0.045,0.114,0.009,1.000,0.100,0.100,0.100,1,30.4,101.9,763,804,16,115,0
10.20,climb_cruise,437.0,437.0,34992.8,598,-0.35,-55.18,341.98,4.88,15.0,125.0,0,0,1.59,-13.87,-3.35,-0.045,0.114,0.009,1.000,0.100,0.100,0.100,1,30.4,101.9,763,804,16,115,0
10.22,climb_cruise,437.0,437.0,34993.0,589,-0.39,-55.46,341.92,4.89,15.0,125.0,0,0,1.61,-13.87,-3.36,-0.045,0.114,0.009,1.000,0.100,0.100,0.100,1,30.3,101.9,763,804,16,114,0
10.24,climb_cruise,436.9,436.9,34993.2,581,-0.43,-55.74,341.85,4.90,15.0,125.0,0,0,1.63,-13.88,-3.37,-0.045,0.114,0.009,1.000,0.100,0.100,0.100,1,30.2,102.0,763,804,16,115,0
10.26,climb_cruise,436.9,436.9,34993.4,572,-0.47,-56.02,341.79,4.91,15.0,125.0,0,0,1.64,-13.88,-3.38,-0.046,0.114,0.009,1.000,0.100,0.100,0.100,1,30.2,102.0,763,804,16,115,0
10.28,climb_cruise,436.9,436.9,34993.6,563,-0.50,-56.29,341.72,4.92,15.0,125.0,0,0,1.66,-13.89,-3.40,-0.046,0.114,0.009,1.000,0.100,0.100,0.100,1,30.1,102.0,763,804,16,114,0
10.30,climb_cruise,436.8,436.8,34993.8,554,-0.54,-56.57,341.66,4.93,15.0,125.0,0,0,1.68,-13.89,-3.41,-0.046,0.114,0.009,1.000,0.100,0.100,0.100,1,30.1,102.0,763,804,16,114,0
10.32,climb_cruise,436.8,436.8,34994.0,544,-0.58,-56.85,341.59,4.94,15.0,125.0,0,0,1.69,-13.90,-3.42,-0.046,0.114,0.009,1.000,0.100,0.100,0.100,1,30.0,102.0,763,804,16,116,0
10.34,climb_cruise,436.7,436.7,34994.1,535,-0.62,-57.12,341.53,4.95,15.0,125.0,0,0,1.71,-13.90,-3.43,-0.047,0.114,0.009,1.000,0.100,0.100,0.100,1,29.9,102.0,763,804,16,114,0
10.36,climb_cruise,436.7,436.7,34994.3,525,-0.66,-57.40,341.46,4.96,15.0,125.0,0,0,1.73,-13.91,-3.44,-0.047,0.114,0.009,1.000,0.100,0.100,0.100,1,29.9,102.0,763,804,16,114,0
10.38,climb_cruise,436.7,436.7,34994.5,515,-0.70,-57.68,341.39,4.97,15.0,125.0,0,0,1.75,-13.91,-3.44,-0.047,0.114,0.009,1.000,0.100,0.100,0.100,1,29.8,102.0,763,804,16,115,0
10.40,climb_cruise,436.6,436.6,34994.7,505,-0.74,-57.96,341.33,4.98,15.0,125.0,0,0,1.77,-13.92,-3.45,-0.048,0.114,0.009,1.000,0.100,0.100,0.100,1,29.8,102.0,763,804,16,114,0
10.42,climb_cruise,436.6,436.6,34994.8,494,-0.78,-58.23,341.26,4.99,15.0,125.0,0,0,1.78,-13.93,-3.46,-0.048,0.114,0.009,1.000,0.100,0.100,0.100,1,29.7,102.0,763,804,16,114,0
10.44,climb_cruise,436.6,436.6,34995.0,484,-0.82,-58.51,341.19,5.01,15.0,125.0,0,0,1.80,-13.93,-3.47,-0.048,0.114,0.009,1.000,0.100,0.100,0.100,1,29.6,102.0,763,804,16,115,0
10.46,climb_cruise,436.5,436.5,34995.1,473,-0.86,-58.79,341.13,5.02,15.0,125.0,0,0,1.82,-13.94,-3.48,-0.049,0.114,0.009,1.000,0.100,0.100,0.100,1,29.6,102.0,763,804,16,115,0
10.48,climb_cruise,436.5,436.5,34995.3,462,-0.90,-59.07,341.06,5.03,15.0,125.0,0,0,1.84,-13.94,-3.49,-0.049,0.114,0.009,1.000,0.100,0.100,0.100,1,29.5,102.0,763,804,16,115,0
10.50,climb_cruise,436.5,436.5,34995.5,450,-0.94,-59.35,340.99,5.04,15.0,125.0,0,0,1.86,-13.95,-3.50,-0.049,0.114,0.009,1.000,0.100,0.100,0.100,1,29.5,102.0,763,804,16,114,0
10.52,climb_cruise,436.4,436.4,34995.6,439,-0.98,-59.62,340.92,5.05,15.0,125.0,0,0,1.88,-13.95,-3.51,-0.050,0.114,0.009,1.000,0.100,0.100,0.100,1,29.4,102.0,763,804,16,114,0
10.54,climb_cruise,436.4,436.4,34995.7,427,-1.02,-59.90,340.86,5.06,15.0,125.0,0,0,1.90,-13.96,-3.52,-0.050,0.114,0.009,1.000,0.100,0.100,0.100,1,29.4,102.0,763,804,16,115,0
10.56,climb_cruise,436.4,436.4,34995.9,415,-1.06,-60.18,340.79,5.07,15.0,125.0,0,0,1.92,-13.96,-3.53,-0.050,0.114,0.009,1.000,0.100,0.100,0.100,1,29.3,102.0,763,804,16,114,0
10.58,climb_cruise,436.3,436.3,34996.0,403,-1.11,-60.46,340.72,5.09,15.0,125.0,0,0,1.94,-13.97,-3.54,-0.051,0.114,0.009,1.000,0.100,0.100,0.100,1,29.2,102.0,763,804,16,114,0
10.60,climb_cruise,436.3,436.3,34996.2,391,-1.15,-60.74,340.65,5.10,15.0,125.0,0,0,1.96,-13.97,-3.55,-0.051,0.114,0.009,1.000,0.100,0.100,0.100,1,29.2,102.0,763,804,16,116,0
10.62,climb_cruise,436.2,436.2,34996.3,378,-1.19,-61.01,340.58,5.11,15.0,125.0,0,0,1.98,-13.98,-3.56,-0.052,0.114,0.009,1.000,0.100,0.100,0.100,1,29.1,102.0,763,804,16,115,0
10.64,climb_cruise,436.2,436.2,34996.4,365,-1.24,-61.29,340.51,5.12,15.0,125.0,0,0,2.00,-13.99,-3.57,-0.052,0.114,0.009,1.000,0.100,0.100,0.100,1,29.1,102.0,763,804,16,115,0
10.66,climb_cruise,436.2,436.2,34996.5,352,-1.28,-61.57,340.44,5.14,15.0,125.0,0,0,2.02,-13.99,-3.58,-0.052,0.114,0.009,1.000,0.100,0.100,0.100,1,29.0,102.0,763,804,16,114,0
10.68,climb_cruise,436.1,436.1,34996.6,339,-1.32,-61.85,340.37,5.15,15.0,125.0,0,0,2.04,-14.00,-3.59,-0.053,0.114,0.009,1.000,0.100,0.100,0.100,1,28.9,102.0,763,804,16,115,0
10.70,climb_cruise,436.1,436.1,34996.8,325,-1.37,-62.13,340.30,5.16,15.0,125.0,0,0,2.07,-14.00,-3.60,-0.053,0.114,0.009,1.000,0.100,0.100,0.100,1,28.9,102.0,763,804,16,116,0
10.72,climb_cruise,436.1,436.1,34996.9,312,-1.41,-62.40,340.23,5.17,15.0,125.0,0,0,2.09,-14.01,-3.61,-0.054,0.114,0.009,1.000,0.100,0.100,0.100,1,28.8,102.0,763,804,16,114,0
10.74,climb_cruise,436.0,436.0,34997.0,298,-1.46,-62.68,340.16,5.19,15.0,125.0,0,0,2.11,-14.01,-3.62,-0.054,0.114,0.009,1.000,0.100,0.100,0.100,1,28.8,102.0,763,804,16,115,0
10.76,climb_cruise,436.0,436.0,34997.1,283,-1.50,-62.96,340.09,5.20,15.0,125.0,0,0,2.13,-14.02,-3.63,-0.055,0.114,0.009,1.000,0.100,0.100,0.100,1,28.7,102.0,763,804,16,115,0
10.78,climb_cruise,436.0,436.0,34997.2,269,-1.55,-63.24,340.02,5.21,15.0,125.0,0,0,2.15,-14.03,-3.64,-0.055,0.114,0.009,1.000,0.100,0.100,0.100,1,28.7,102.0,763,804,16,115,0
10.80,climb_cruise,435.9,435.9,34997.2,254,-1.59,-63.52,339.95,5.23,15.0,125.0,0,0,2.18,-14.03,-3.65,-0.056,0.114,0.009,1.000,0.100,0.100,0.100,1,28.6,102.0,763,804,16,115,0
10.82,climb_cruise,435.9,435.9,34997.3,239,-1.64,-63.80,339.88,5.24,15.0,125.0,0,0,2.20,-14.04,-3.66,-0.056,0.114,0.009,1.000,0.100,0.100,0.100,1,28.5,102.0,763,804,16,116,0
10.84,climb_cruise,435.9,435.9,34997.4,224,-1.69,-64.08,339.80,5.25,15.0,125.0,0,0,2.22,-14.04,-3.67,-0.057,0.114,0.009,1.000,0.100,0.100,0.100,1,28.5,102.0,763,804,16,115,0
10.86,climb_cruise,435.8,435.8,34997.5,209,-1.73,-64.35,339.73,5.27,15.0,125.0,0,0,2.25,-14.05,-3.68,-0.057,0.114,0.009,1.000,0.100,0.100,0.100,1,28.4,102.0,763,804,16,115,0
10.88,climb_cruise,435.8,435.8,34997.5,193,-1.78,-64.63,339.66,5.28,15.0,125.0,0,0,2.27,-14.06,-3.69,-0.058,0.114,0.009,1.000,0.100,0.100,0.100,1,28.4,102.0,763,804,16,114,0
10.90,climb_cruise,435.8,435.8,34997.6,177,-1.83,-64.91,339.59,5.29,15.0,125.0,0,0,2.29,-14.06,-3.69,-0.059,0.114,0.009,1.000,0.100,0.100,0.100,1,28.3,102.0,763,804,16,115,0
10.92,climb_cruise,435.7,435.7,34997.7,161,-1.87,-65.19,339.51,5.31,15.0,125.0,0,0,2.32,-14.07,-3.70,-0.059,0.114,0.009,1.000,0.100,0.100,0.100,1,28.3,102.0,763,804,16,114,0
10.94,climb_cruise,435.7,435.7,34997.7,145,-1.92,-65.47,339.44,5.32,15.0,125.0,0,0,2.34,-14.07,-3.71,-0.060,0.114,0.009,1.000,0.100,0.100,0.100,1,28.2,102.0,763,804,16,114,0
10.96,climb_cruise,435.7,435.7,34997.8,129,-1.97,-65.75,339.37,5.34,15.0,125.0,0,0,2.37,-14.08,-3.72,-0.060,0.114,0.009,1.000,0.100,0.100,0.100,1,28.1,102.0,763,804,16,114,0
10.98,climb_cruise,435.6,435.6,34997.8,112,-2.02,-66.03,339.29,5.35,15.0,125.0,0,0,2.39,-14.09,-3.73,-0.061,0.114,0.009,1.000,0.100,0.100,0.100,1,28.1,102.0,763,804,16,114,0
11.00,climb_cruise,435.6,435.6,34997.8,95,-2.07,-66.31,339.22,5.37,15.0,125.0,0,0,2.42,-14.09,-3.74,-0.062,0.114,0.009,1.000,0.100,0.100,0.100,1,28.0,102.0,763,804,16,115,0
11.02,climb_cruise,435.6,435.6,34997.9,78,-2.12,-66.59,339.14,5.38,15.0,125.0,0,0,2.44,-14.10,-3.75,-0.062,0.114,0.009,1.000,0.100,0.100,0.100,1,28.0,102.0,763,804,16,116,0
11.04,climb_cruise,435.5,435.5,34997.9,60,-2.17,-66.87,339.07,5.40,15.0,125.0,0,0,2.47,-14.10,-3.76,-0.063,0.114,0.009,1.000,0.100,0.100,0.100,1,27.9,102.0,763,804,16,114,0
11.06,climb_cruise,435.5,435.5,34997.9,42,-2.22,-67.15,338.99,5.41,15.0,125.0,0,0,2.49,-14.11,-3.77,-0.064,0.114,0.009,1.000,0.100,0.100,0.100,1,27.9,102.0,763,804,16,115,0
11.08,climb_cruise,435.5,435.5,34997.9,24,-2.27,-67.42,338.92,5.43,15.0,125.0,0,0,2.52,-14.12,-3.78,-0.064,0.114,0.009,1.000,0.100,0.100,0.100,1,27.8,102.0,763,804,16,115,0
11.10,climb_cruise,435.4,435.4,34997.9,6,-2.32,-67.70,338.84,5.45,15.0,125.0,0,0,2.55,-14.12,-3.79,-0.065,0.114,0.009,1.000,0.100,0.100,0.100,1,27.8,102.0,763,804,16,116,0
11.12,climb_cruise,435.4,435.4,34997.9,-12,-2.37,-67.98,338.77,5.46,15.0,125.0,0,0,2.57,-14.13,-3.80,-0.066,0.114,0.009,1.000,0.100,0.100,0.100,1,27.7,102.0,763,804,16,114,0
11.14,climb_cruise,435.4,435.4,34997.9,-31,-2.42,-68.26,338.69,5.48,15.0,125.0,0,0,2.60,-14.14,-3.81,-0.066,0.114,0.009,1.000,0.100,0.100,0.100,1,27.6,102.0,763,804,16,114,0
11.16,climb_cruise,435.3,435.3,34997.9,-50,-2.47,-68.54,338.61,5.49,15.0,125.0,0,0,2.63,-14.14,-3.82,-0.067,0.114,0.009,1.000,0.100,0.100,0.100,1,27.6,102.0,763,804,16,115,0
11.18,climb_cruise,435.3,435.3,34997.9,-69,-2.52,-68.82,338.54,5.51,15.0,125.0,0,0,2.66,-14.15,-3.83,-0.068,0.114,0.009,1.000,0.100,0.100,0.100,1,27.5,102.0,763,804,16,116,0
11.20,climb_cruise,435.3,435.3,34997.8,-89,-2.58,-69.10,338.46,5.53,15.0,125.0,0,0,2.68,-14.16,-3.83,-0.069,0.114,0.009,1.000,0.100,0.100,0.100,1,27.5,102.0,763,804,16,115,0
11.22,climb_cruise,435.2,435.2,34997.8,-108,-2.63,-69.38,338.38,5.55,15.0,125.0,0,0,2.71,-14.16,-3.84,-0.069,0.114,0.009,1.000,0.100,0.100,0.100,1,27.4,102.0,763,804,16,115,0
11.24,climb_cruise,435.2,435.2,34997.8,-128,-2.68,-69.66,338.30,5.56,15.0,125.0,0,0,2.74,-14.17,-3.85,-0.070,0.114,0.009,1.000,0.100,0.100,0.100,1,27.4,102.0,763,804,16,115,0
11.26,climb_cruise,435.2,435.2,34997.7,-149,-2.73,-69.94,338.22,5.58,15.0,125.0,0,0,2.77,-14.18,-3.86,-0.071,0.114,0.009,1.000,0.100,0.100,0.100,1,27.3,102.0,763,804,16,114,0
11.28,climb_cruise,435.1,435.1,34997.7,-169,-2.79,-70.22,338.14,5.60,15.0,125.0,0,0,2.80,-14.18,-3.87,-0.072,0.114,0.010,1.000,0.100,0.100,0.100,1,27.3,102.0,763,804,16,115,0
11.30,climb_cruise,435.1,435.1,34997.6,-190,-2.84,-70.50,338.07,5.62,15.0,125.0,0,0,2.83,-14.19,-3.88,-0.073,0.114,0.010,1.000,0.100,0.100,0.100,1,27.2,102.0,763,804,16,115,0
11.32,climb_cruise,435.1,435.1,34997.6,-211,-2.90,-70.78,337.99,5.63,15.0,125.0,0,0,2.86,-14.20,-3.89,-0.074,0.114,0.010,1.000,0.100,0.100,0.100,1,27.1,102.0,763,804,16,116,0
11.34,climb_cruise,435.0,435.0,34997.5,-232,-2.95,-71.06,337.91,5.65,15.0,125.0,0,0,2.89,-14.21,-3.90,-0.075,0.114,0.010,1.000,0.100,0.100,0.100,1,27.1,102.0,763,804,16,115,0
11.36,climb_cruise,435.0,435.0,34997.4,-253,-3.01,-71.34,337.83,5.67,15.0,125.0,0,0,2.92,-14.21,-3.91,-0.075,0.114,0.010,1.000,0.100,0.100,0.100,1,27.0,102.0,763,804,16,116,0
11.38,climb_cruise,435.0,435.0,34997.3,-275,-3.06,-71.62,337.75,5.69,15.0,125.0,0,0,2.95,-14.22,-3.92,-0.076,0.114,0.010,1.000,0.100,0.100,0.100,1,27.0,102.0,763,804,16,115,0
11.40,climb_cruise,434.9,434.9,34997.2,-297,-3.12,-71.90,337.66,5.71,15.0,125.0,0,0,2.98,-14.23,-3.93,-0.077,0.114,0.010,1.000,0.100,0.100,0.100,1,26.9,102.0,763,804,16,115,0
11.42,climb_cruise,434.9,434.9,34997.1,-319,-3.17,-72.18,337.58,5.73,15.0,125.0,0,0,3.01,-14.24,-3.94,-0.078,0.114,0.010,1.000,0.100,0.100,0.100,1,26.9,102.0,763,804,16,115,0
11.44,climb_cruise,434.9,434.9,34997.0,-342,-3.23,-72.46,337.50,5.75,15.0,125.0,0,0,3.04,-14.24,-3.95,-0.079,0.114,0.010,1.000,0.100,0.100,0.100,1,26.8,102.0,763,804,16,115,0
11.46,climb_cruise,434.9,434.9,34996.9,-365,-3.29,-72.74,337.42,5.77,15.0,125.0,0,0,3.07,-14.25,-3.96,-0.079,0.114,0.010,1.000,0.100,0.100,0.100,1,26.8,102.0,763,804,16,115,0
11.48,climb_cruise,434.8,434.8,34996.8,-388,-3.35,-73.02,337.34,5.79,15.0,125.0,0,0,3.08,-14.26,-3.96,-0.079,0.114,0.010,1.000,0.100,0.100,0.100,1,26.7,102.0,763,804,16,115,0
11.50,climb_cruise,434.8,434.8,34996.6,-411,-3.40,-73.30,337.25,5.81,15.0,125.0,0,0,3.10,-14.27,-3.97,-0.079,0.114,0.010,1.000,0.100,0.100,0.100,1,26.7,102.0,763,804,16,115,0
11.52,climb_cruise,434.8,434.8,34996.5,-434,-3.46,-73.58,337.17,5.83,15.0,125.0,0,0,3.11,-14.27,-3.98,-0.079,0.114,0.010,1.000,0.100,0.100,0.100,1,26.6,102.0,763,804,16,115,0
11.54,climb_cruise,434.7,434.7,34996.3,-458,-3.52,-73.86,337.09,5.85,15.0,125.0,0,0,3.11,-14.28,-3.99,-0.079,0.114,0.010,1.000,0.100,0.100,0.100,1,26.6,102.0,763,804,16,115,0
11.56,climb_cruise,434.7,434.7,34996.2,-482,-3.58,-74.14,337.01,5.87,15.0,125.0,0,0,3.12,-14.29,-4.00,-0.079,0.114,0.010,1.000,0.100,0.100,0.100,1,26.5,102.0,763,804,16,115,0
11.58,climb_cruise,434.7,434.7,34996.0,-507,-3.64,-74.42,336.93,5.89,15.0,125.0,0,0,3.12,-14.30,-4.01,-0.079,0.114,0.010,1.000,0.100,0.100,0.100,1,26.5,102.0,763,804,16,115,0
11.60,climb_cruise,434.6,434.6,34995.8,-531,-3.70,-74.70,336.84,5.91,15.0,125.0,0,0,3.12,-14.30,-4.02,-0.079,0.114,0.010,1.000,0.100,0.100,0.100,1,26.4,102.0,763,804,16,116,0
11.62,climb_cruise,434.6,434.6,34995.7,-556,-3.76,-74.99,336.76,5.93,15.0,125.0,0,0,3.13,-14.31,-4.03,-0.079,0.114,0.010,1.000,0.100,0.100,0.100,1,26.3,102.0,763,804,16,115,0
11.64,climb_cruise,434.6,434.6,34995.5,-581,-3.82,-75.27,336.68,5.94,15.0,125.0,0,0,3.13,-14.32,-4.04,-0.079,0.114,0.010,1.000,0.100,0.100,0.100,1,26.3,102.0,763,804,16,115,0
11.66,climb_cruise,434.5,434.5,34995.3,-607,-3.89,-75.55,336.60,5.96,15.0,125.0,0,0,3.14,-14.33,-4.05,-0.079,0.114,0.010,1.000,0.100,0.100,0.100,1,26.2,102.0,763,804,16,115,0
11.68,climb_cruise,434.5,434.5,34995.1,-633,-3.95,-75.83,336.52,5.98,15.0,125.0,0,0,3.15,-14.34,-4.06,-0.079,0.114,0.010,1.000,0.100,0.100,0.100,1,26.2,102.0,763,804,16,115,0
11.70,climb_cruise,434.5,434.5,34994.9,-659,-4.01,-76.11,336.44,6.00,15.0,125.0,0,0,3.16,-14.34,-4.07,-0.079,0.114,0.010,1.000,0.100,0.100,0.100,1,26.1,102.0,763,804,16,116,0
11.72,climb_cruise,434.5,434.5,34994.6,-685,-4.08,-76.39,336.36,6.01,15.0,125.0,0,0,3.17,-14.35,-4.08,-0.079,0.114,0.010,1.000,0.100,0.100,0.100,1,26.1,102.0,763,804,16,114,0
11.74,climb_cruise,434.4,434.4,34994.4,-712,-4.14,-76.67,336.28,6.03,15.0,125.0,0,0,3.18,-14.36,-4.09,-0.079,0.114,0.010,1.000,0.100,0.100,0.100,1,26.0,102.0,763,804,16,114,0
11.76,climb_cruise,434.4,434.4,34994.2,-738,-4.21,-76.95,336.19,6.05,15.0,125.0,0,0,3.19,-14.37,-4.09,-0.079,0.114,0.010,1.000,0.100,0.100,0.100,1,26.0,102.0,763,804,16,116,0
11.78,climb_cruise,434.4,434.4,34993.9,-766,-4.27,-77.23,336.11,6.07,15.0,125.0,0,0,3.21,-14.37,-4.10,-0.079,0.114,0.010,1.000,0.100,0.100,0.100,1,25.9,102.0,763,804,16,115,0
11.80,climb_cruise,434.3,434.3,34993.7,-793,-4.34,-77.52,336.03,6.08,15.0,125.0,0,0,3.22,-14.38,-4.11,-0.079,0.114,0.010,1.000,0.100,0.100,0.100,1,25.9,102.0,763,804,16,115,0
11.82,climb_cruise,434.3,434.3,34993.4,-821,-4.41,-77.80,335.95,6.10,15.0,125.0,0,0,3.24,-14.39,-4.12,-0.079,0.114,0.010,1.000,0.100,0.100,0.100,1,25.8,102.0,763,804,16,116,0
11.84,climb_cruise,434.3,434.3,34993.1,-849,-4.47,-78.08,335.87,6.12,15.0,125.0,0,0,3.26,-14.40,-4.13,-0.079,0.114,0.010,1.000,0.100,0.100,0.100,1,25.8,102.0,763,804,16,115,0
11.86,climb_cruise,434.3,434.3,34992.8,-877,-4.54,-78.36,335.79,6.13,15.0,125.0,0,0,3.28,-14.40,-4.14,-0.079,0.114,0.010,1.000,0.100,0.100,0.100,1,25.7,102.0,763,804,16,116,0
11.88,climb_cruise,434.2,434.2,34992.5,-906,-4.61,-78.64,335.71,6.15,15.0,125.0,0,0,3.30,-14.41,-4.15,-0.079,0.114,0.010,1.000,0.100,0.100,0.100,1,25.7,102.0,763,804,16,116,0
11.90,climb_cruise,434.2,434.2,34992.2,-935,-4.68,-78.92,335.63,6.17,15.0,125.0,0,0,3.32,-14.42,-4.15,-0.079,0.114,0.010,1.000,0.100,0.100,0.100,1,25.6,102.0,763,804,16,115,0
11.92,climb_cruise,434.2,434.2,34991.9,-964,-4.75,-79.21,335.55,6.18,15.0,125.0,0,0,3.34,-14.43,-4.16,-0.079,0.114,0.010,1.000,0.100,0.100,0.100,1,25.6,102.0,763,804,16,116,0
11.94,climb_cruise,434.1,434.1,34991.6,-993,-4.82,-79.49,335.46,6.20,15.0,125.0,0,0,3.36,-14.43,-4.17,-0.079,0.114,0.010,1.000,0.100,0.100,0.100,1,25.5,102.0,763,804,16,115,0
11.96,climb_cruise,434.1,434.1,34991.2,-1023,-4.89,-79.77,335.38,6.22,15.0,125.0,0,0,3.38,-14.44,-4.18,-0.079,0.114,0.010,1.000,0.100,0.100,0.100,1,25.5,102.0,763,804,16,116,0
11.98,climb_cruise,434.1,434.1,34990.9,-1053,-4.96,-80.05,335.30,6.24,15.0,125.0,0,0,3.40,-14.45,-4.19,-0.079,0.114,0.010,1.000,0.100,0.100,0.100,1,25.4,102.0,763,804,16,114,0
12.00,climb_cruise,434.1,434.1,34990.5,-1084,-5.03,-80.33,335.22,6.25,15.0,125.0,0,0,3.42,-14.46,-4.19,-0.079,0.114,0.010,1.000,0.100,0.100,0.100,1,25.4,102.0,763,804,16,116,0
12.02,climb_cruise,434.0,434.0,34990.2,-1114,-5.10,-80.62,335.14,6.27,15.0,125.0,0,0,3.44,-14.46,-4.20,-0.079,0.114,0.010,1.000,0.100,0.100,0.100,1,25.3,102.0,763,804,16,114,0
12.04,climb_cruise,434.0,434.0,34989.8,-1145,-5.17,-80.90,335.06,6.29,15.0,125.0,0,0,3.46,-14.47,-4.21,-0.079,0.114,0.010,1.000,0.100,0.100,0.100,1,25.3,102.0,763,804,16,116,0
12.06,climb_cruise,434.0,434.0,34989.4,-1177,-5.24,-81.18,334.97,6.31,15.0,125.0,0,0,3.48,-14.48,-4.22,-0.079,0.114,0.010,1.000,0.100,0.100,0.100,1,25.2,102.0,763,804,16,114,0
12.08,climb_cruise,434.0,434.0,34989.0,-1208,-5.32,-81.46,334.89,6.32,15.0,125.0,0,0,3.50,-14.48,-4.22,-0.079,0.114,0.010,1.000,0.100,0.100,0.100,1,25.2,102.0,763,804,16,115,0
12.10,climb_cruise,433.9,433.9,34988.6,-1240,-5.39,-81.74,334.81,6.34,15.0,125.0,0,0,3.52,-14.49,-4.23,-0.079,0.114,0.010,1.000,0.100,0.100,0.100,1,25.1,102.0,763,804,16,116,0
12.12,climb_cruise,433.9,433.9,34988.2,-1272,-5.46,-82.03,334.73,6.36,15.0,125.0,0,0,3.54,-14.50,-4.24,-0.079,0.114,0.010,1.000,0.100,0.100,0.100,1,25.1,102.0,763,804,16,116,0
12.14,climb_cruise,433.9,433.9,34987.8,-1305,-5.54,-82.31,334.64,6.37,15.0,125.0,0,0,3.56,-14.51,-4.24,-0.079,0.114,0.010,1.000,0.100,0.100,0.100,1,25.0,102.0,763,804,16,114,0
12.16,climb_cruise,433.9,433.9,34987.3,-1338,-5.61,-82.59,334.56,6.39,15.0,125.0,0,0,3.58,-14.51,-4.25,-0.079,0.114,0.010,1.000,0.100,0.100,0.100,1,25.0,102.0,763,804,16,116,0
12.18,climb_cruise,433.8,433.8,34986.9,-1371,-5.69,-82.87,334.48,6.41,15.0,125.0,0,0,3.59,-14.52,-4.26,-0.079,0.114,0.010,1.000,0.100,0.100,0.100,1,24.9,102.0,763,804,16,114,0
12.20,climb_cruise,433.8,433.8,34986.4,-1404,-5.76,-83.15,334.40,6.43,15.0,125.0,0,0,3.61,-14.53,-4.26,-0.079,0.114,0.010,1.000,0.100,0.100,0.100,1,24.9,102.0,763,804,16,115,0
12.22,climb_cruise,433.8,433.8,34985.9,-1438,-5.84,-83.44,334.32,6.44,15.0,125.0,0,0,3.63,-14.53,-4.27,-0.079,0.114,0.010,1.000,0.100,0.100,0.100,1,24.8,102.0,763,804,16,115,0
12.24,climb_cruise,433.7,433.7,34985.5,-1472,-5.92,-83.72,334.23,6.46,15.0,125.0,0,0,3.65,-14.54,-4.28,-0.079,0.114,0.010,1.000,0.100,0.100,0.100,1,24.8,102.0,763,804,16,116,0
12.26,climb_cruise,433.7,433.7,34985.0,-1507,-5.99,-84.00,334.15,6.48,15.0,125.0,0,0,3.67,-14.55,-4.28,-0.079,0.114,0.010,1.000,0.100,0.100,0.100,1,24.7,102.0,763,804,16,115,0
12.28,climb_cruise,433.7,433.7,34984.5,-1541,-6.07,-84.28,334.07,6.50,15.0,125.0,0,0,3.68,-14.56,-4.29,-0.079,0.114,0.010,1.000,0.100,0.100,0.100,1,24.7,102.0,763,804,16,114,0
12.30,climb_cruise,433.7,433.7,34983.9,-1576,-6.15,-84.57,333.99,6.51,15.0,125.0,0,0,3.70,-14.56,-4.30,-0.079,0.114,0.010,1.000,0.100,0.100,0.100,1,24.6,102.0,763,804,16,115,0
12.32,climb_cruise,433.7,433.7,34983.4,-1612,-6.23,-84.85,333.90,6.53,15.0,125.0,0,0,3.72,-14.57,-4.30,-0.079,0.114,0.010,1.000,0.100,0.100,0.100,1,24.6,102.0,763,804,16,116,0
12.34,climb_cruise,433.6,433.6,34982.9,-1647,-6.31,-85.13,333.82,6.55,15.0,125.0,0,0,3.74,-14.58,-4.31,-0.079,0.114,0.010,1.000,0.100,0.100,0.100,1,24.5,102.0,763,804,16,115,0
12.36,climb_cruise,433.6,433.6,34982.3,-1683,-6.39,-85.41,333.74,6.57,15.0,125.0,0,0,3.76,-14.58,-4.32,-0.079,0.114,0.010,1.000,0.100,0.100,0.100,1,24.5,102.0,763,804,16,115,0
12.38,climb_cruise,433.6,433.6,34981.7,-1720,-6.47,-85.70,333.66,6.58,15.0,125.0,0,0,3.78,-14.59,-4.32,-0.079,0.114,0.010,1.000,0.100,0.100,0.100,1,24.4,102.0,763,804,16,116,0
12.40,climb_cruise,433.6,433.6,34981.2,-1756,-6.55,-85.98,333.57,6.60,15.0,125.0,0,0,3.79,-14.60,-4.33,-0.079,0.114,0.010,1.000,0.100,0.100,0.100,1,24.4,102.0,763,804,16,115,0
12.42,climb_cruise,433.5,433.5,34980.6,-1793,-6.63,-86.26,333.49,6.62,15.0,125.0,0,0,3.81,-14.61,-4.34,-0.079,0.114,0.010,1.000,0.100,0.100,0.100,1,24.3,102.0,763,804,16,115,0
12.44,climb_cruise,433.5,433.5,34980.0,-1831,-6.71,-86.54,333.41,6.64,15.0,125.0,0,0,3.83,-14.61,-4.34,-0.079,0.114,0.010,1.000,0.100,0.100,0.100,1,24.3,102.0,763,804,16,115,0
12.46,climb_cruise,433.5,433.5,34979.4,-1868,-6.79,-86.83,333.33,6.65,15.0,125.0,0,0,3.85,-14.62,-4.35,-0.079,0.114,0.010,1.000,0.100,0.100,0.100,1,24.2,102.0,763,804,16,115,0
12.48,climb_cruise,433.5,433.5,34978.7,-1906,-6.88,-87.11,333.24,6.67,15.0,125.0,0,0,3.87,-14.63,-4.35,-0.079,0.114,0.010,1.000,0.100,0.100,0.100,1,24.2,102.0,763,804,16,115,0
12.50,climb_cruise,433.4,433.4,34978.1,-1944,-6.96,-87.39,333.16,6.69,15.0,125.0,0,0,3.89,-14.63,-4.36,-0.079,0.114,0.010,1.000,0.100,0.100,0.100,1,24.1,102.0,763,804,16,115,0
12.52,climb_cruise,433.4,433.4,34977.4,-1983,-7.04,-87.67,333.08,6.71,15.0,125.0,0,0,3.90,-14.64,-4.37,-0.079,0.114,0.010,1.000,0.100,0.100,0.100,1,24.1,102.0,763,804,16,115,0
12.54,climb_cruise,433.4,433.4,34976.8,-2022,-7.13,-87.96,333.00,6.72,15.0,125.0,0,0,3.92,-14.65,-4.37,-0.079,0.114,0.010,1.000,0.100,0.100,0.100,1,24.0,102.0,763,804,16,115,0
12.56,climb_cruise,433.4,433.4,34976.1,-2061,-7.21,-88.24,332.92,6.74,15.0,125.0,0,0,3.94,-14.65,-4.38,-0.079,0.114,0.010,1.000,0.100,0.100,0.100,1,24.0,102.0,763,804,16,115,0
12.58,climb_cruise,433.4,433.4,34975.4,-2101,-7.30,-88.52,332.83,6.76,15.0,125.0,0,0,3.96,-14.66,-4.38,-0.079,0.114,0.010,1.000,0.100,0.100,0.100,1,23.9,102.0,763,804,16,114,0
12.60,climb_cruise,433.3,433.3,34974.7,-2141,-7.38,-88.81,332.75,6.77,15.0,125.0,0,0,3.98,-14.67,-4.39,-0.079,0.114,0.010,1.000,0.100,0.100,0.100,1,23.9,102.0,763,804,16,115,0
12.62,climb_cruise,433.3,433.3,34974.0,-2181,-7.47,-89.09,332.67,6.79,15.0,125.0,0,0,4.00,-14.67,-4.40,-0.079,0.114,0.010,1.000,0.100,0.100,0.100,1,23.8,102.0,763,804,16,114,0
12.64,climb_cruise,433.3,433.3,34973.2,-2221,-7.56,-89.37,332.59,6.81,15.0,125.0,0,0,4.02,-14.68,-4.40,-0.079,0.114,0.010,1.000,0.100,0.100,0.100,1,23.8,102.0,763,804,16,115,0
12.66,climb_cruise,433.3,433.3,34972.5,-2262,-7.64,-89.65,332.51,6.83,15.0,125.0,0,0,4.04,-14.69,-4.41,-0.079,0.114,0.010,1.000,0.100,0.100,0.100,1,23.7,102.0,763,804,16,115,0
12.68,climb_cruise,433.3,433.3,34971.7,-2304,-7.73,-89.94,332.42,6.84,15.0,125.0,0,0,4.05,-14.70,-4.41,-0.079,0.114,0.010,1.000,0.100,0.100,0.100,1,23.7,102.0,763,804,16,116,0
12.70,climb_cruise,433.2,433.2,34971.0,-2345,-7.82,-90.22,332.34,6.86,15.0,125.0,0,0,4.07,-14.70,-4.42,-0.079,0.114,0.010,1.000,0.100,0.100,0.100,1,23.6,102.0,763,804,16,114,0
12.72,climb_cruise,433.2,433.2,34970.2,-2387,-7.91,-90.50,332.26,6.88,15.0,125.0,0,0,4.09,-14.71,-4.42,-0.079,0.114,0.010,1.000,0.100,0.100,0.100,1,23.6,102.0,763,804,16,115,0
12.74,climb_cruise,433.2,433.2,34969.4,-2429,-8.00,-90.79,332.18,6.90,15.0,125.0,0,0,4.11,-14.72,-4.43,-0.079,0.114,0.010,1.000,0.100,0.100,0.100,1,23.6,102.0,763,804,16,115,0
12.76,climb_cruise,433.2,433.2,34968.6,-2472,-8.09,-91.07,332.10,6.91,15.0,125.0,0,0,4.13,-14.72,-4.43,-0.079,0.114,0.010,1.000,0.100,0.100,0.100,1,23.5,102.0,763,804,16,116,0
12.78,climb_cruise,433.2,433.2,34967.7,-2515,-8.18,-91.35,332.01,6.93,15.0,125.0,0,0,4.15,-14.73,-4.44,-0.079,0.114,0.010,1.000,0.100,0.100,0.100,1,23.5,102.0,763,804,16,115,0
12.80,climb_cruise,433.2,433.2,34966.9,-2558,-8.27,-91.63,331.93,6.95,15.0,125.0,0,0,4.17,-14.74,-4.44,-0.079,0.114,0.010,1.000,0.100,0.100,0.100,1,23.4,102.0,763,804,16,116,0
12.82,climb_cruise,433.1,433.1,34966.0,-2602,-8.36,-91.92,331.85,6.96,15.0,125.0,0,0,4.19,-14.74,-4.45,-0.079,0.114,0.010,1.000,0.100,0.100,0.100,1,23.4,102.0,763,804,16,115,0
12.84,climb_cruise,433.1,433.1,34965.2,-2646,-8.45,-92.20,331.77,6.98,15.0,125.0,0,0,4.20,-14.75,-4.45,-0.079,0.114,0.011,1.000,0.100,0.100,0.100,1,23.3,102.0,763,804,16,115,0
12.86,climb_cruise,433.1,433.1,34964.3,-2690,-8.55,-92.48,331.69,7.00,15.0,125.0,0,0,4.22,-14.76,-4.46,-0.079,0.114,0.011,1.000,0.100,0.100,0.100,1,23.3,102.0,763,804,16,114,0
12.88,climb_cruise,433.1,433.1,34963.4,-2735,-8.64,-92.77,331.61,7.02,15.0,125.0,0,0,4.24,-14.76,-4.46,-0.079,0.114,0.011,1.000,0.100,0.100,0.100,1,23.2,102.0,763,804,16,116,0
12.90,climb_cruise,433.1,433.1,34962.4,-2780,-8.73,-93.05,331.53,7.03,15.0,125.0,0,0,4.26,-14.77,-4.47,-0.079,0.114,0.011,1.000,0.100,0.100,0.100,1,23.2,102.0,763,804,16,115,0
12.92,climb_cruise,433.1,433.1,34961.5,-2825,-8.83,-93.33,331.44,7.05,15.0,125.0,0,0,4.28,-14.77,-4.47,-0.079,0.114,0.011,1.000,0.100,0.100,0.100,1,23.1,102.0,763,804,16,116,0
12.94,climb_cruise,433.0,433.0,34960.6,-2871,-8.92,-93.62,331.36,7.07,15.0,125.0,0,0,4.30,-14.78,-4.47,-0.079,0.114,0.011,1.000,0.100,0.100,0.100,1,23.1,102.0,763,804,16,115,0
12.96,climb_cruise,433.0,433.0,34959.6,-2917,-9.02,-93.90,331.28,7.09,15.0,125.0,0,0,4.32,-14.79,-4.48,-0.079,0.114,0.011,1.000,0.100,0.100,0.100,1,23.0,102.0,763,804,16,116,0
12.98,climb_cruise,433.0,433.0,34958.6,-2963,-9.11,-94.18,331.20,7.10,15.0,125.0,0,0,4.34,-14.79,-4.48,-0.079,0.114,0.011,1.000,0.100,0.100,0.100,1,23.0,102.0,763,804,16,114,0
13.00,climb_cruise,433.0,433.0,34957.6,-3010,-9.21,-94.46,331.12,7.12,15.0,125.0,0,0,4.35,-14.80,-4.49,-0.079,0.114,0.011,1.000,0.100,0.100,0.100,1,22.9,102.0,763,804,16,115,0
13.02,climb_cruise,433.0,433.0,34956.6,-3057,-9.30,-94.75,331.04,7.14,15.0,125.0,0,0,4.37,-14.81,-4.49,-0.079,0.114,0.011,1.000,0.100,0.100,0.100,1,22.9,102.0,763,804,16,116,0
13.04,climb_cruise,433.0,433.0,34955.6,-3104,-9.40,-95.03,330.96,7.16,15.0,125.0,0,0,4.39,-14.81,-4.50,-0.079,0.114,0.011,1.000,0.100,0.100,0.100,1,22.9,102.0,763,804,16,115,0
13.06,climb_cruise,432.9,432.9,34954.6,-3152,-9.50,-95.31,330.88,7.17,15.0,125.0,0,0,4.41,-14.82,-4.50,-0.079,0.114,0.011,1.000,0.100,0.100,0.100,1,22.8,102.0,763,804,16,115,0
13.08,climb_cruise,432.9,432.9,34953.5,-3200,-9.60,-95.60,330.80,7.19,15.0,125.0,0,0,4.43,-14.83,-4.50,-0.079,0.114,0.011,1.000,0.100,0.100,0.100,1,22.8,102.0,763,804,16,115,0
13.10,climb_cruise,432.9,432.9,34952.4,-3249,-9.70,-95.88,330.72,7.21,15.0,125.0,0,0,4.45,-14.83,-4.51,-0.079,0.114,0.011,1.000,0.100,0.100,0.100,1,22.7,102.0,763,804,16,115,0
13.12,climb_cruise,432.9,432.9,34951.3,-3297,-9.79,-96.16,330.64,7.22,15.0,125.0,0,0,4.47,-14.84,-4.51,-0.079,0.114,0.011,1.000,0.100,0.100,0.100,1,22.7,102.0,763,804,16,114,0
13.14,climb_cruise,432.9,432.9,34950.2,-3347,-9.89,-96.45,330.56,7.24,15.0,125.0,0,0,4.49,-14.84,-4.52,-0.079,0.114,0.011,1.000,0.100,0.100,0.100,1,22.6,102.0,763,804,16,115,0
13.16,climb_cruise,432.9,432.9,34949.1,-3396,-9.99,-96.73,330.48,7.26,15.0,125.0,0,0,4.50,-14.85,-4.52,-0.079,0.114,0.011,1.000,0.100,0.100,0.100,1,22.6,102.0,763,804,16,114,0
13.18,climb_cruise,432.9,432.9,34948.0,-3446,-10.09,-97.01,330.40,7.28,15.0,125.0,0,0,4.52,-14.86,-4.52,-0.079,0.114,0.011,1.000,0.100,0.100,0.100,1,22.5,102.0,763,804,16,115,0
13.20,climb_cruise,432.9,432.9,34946.8,-3496,-10.20,-97.30,330.32,7.29,15.0,125.0,0,0,4.54,-14.86,-4.53,-0.079,0.114,0.011,1.000,0.100,0.100,0.100,1,22.5,102.0,763,804,16,116,0
13.22,climb_cruise,432.8,432.8,34945.6,-3547,-10.30,-97.58,330.24,7.31,15.0,125.0,0,0,4.56,-14.87,-4.53,-0.079,0.114,0.011,1.000,0.100,0.100,0.100,1,22.4,102.0,763,804,16,115,0
13.24,climb_cruise,432.8,432.8,34944.5,-3598,-10.40,-97.86,330.16,7.33,15.0,125.0,0,0,4.58,-14.88,-4.53,-0.079,0.114,0.011,1.000,0.100,0.100,0.100,1,22.4,102.0,763,804,16,116,0
13.26,climb_cruise,432.8,432.8,34943.2,-3649,-10.50,-98.14,330.08,7.35,15.0,125.0,0,0,4.60,-14.88,-4.54,-0.079,0.114,0.011,1.000,0.100,0.100,0.100,1,22.4,102.0,763,804,16,115,0
13.28,climb_cruise,432.8,432.8,34942.0,-3701,-10.60,-98.43,330.00,7.36,15.0,125.0,0,0,4.62,-14.89,-4.54,-0.079,0.114,0.011,1.000,0.100,0.100,0.100,1,22.3,102.0,763,804,16,116,0
13.30,climb_cruise,432.8,432.8,34940.8,-3753,-10.71,-98.71,329.92,7.38,15.0,125.0,0,0,4.64,-14.89,-4.54,-0.079,0.114,0.011,1.000,0.100,0.100,0.100,1,22.3,102.0,763,804,16,114,0
13.32,climb_cruise,432.8,432.8,34939.5,-3805,-10.81,-98.99,329.84,7.40,15.0,125.0,0,0,4.65,-14.90,-4.54,-0.079,0.114,0.011,1.000,0.100,0.100,0.100,1,22.2,102.0,763,804,16,115,0
13.34,climb_cruise,432.8,432.8,34938.2,-3858,-10.92,-99.28,329.76,7.41,15.0,125.0,0,0,4.67,-14.90,-4.55,-0.079,0.114,0.011,1.000,0.100,0.100,0.100,1,22.2,102.0,763,804,16,115,0
13.36,climb_cruise,432.8,432.8,34937.0,-3911,-11.02,-99.56,329.68,7.43,15.0,125.0,0,0,4.69,-14.91,-4.55,-0.079,0.114,0.011,1.000,0.100,0.100,0.100,1,22.1,102.0,763,804,16,114,0
13.38,climb_cruise,432.8,432.8,34935.6,-3964,-11.13,-99.84,329.60,7.45,15.0,125.0,0,0,4.71,-14.92,-4.55,-0.079,0.114,0.011,1.000,0.100,0.100,0.100,1,22.1,102.0,763,804,16,114,0
13.40,climb_cruise,432.8,432.8,34934.3,-4018,-11.23,-100.13,329.52,7.47,15.0,125.0,0,0,4.73,-14.92,-4.56,-0.079,0.114,0.011,1.000,0.100,0.100,0.100,1,22.0,102.0,763,804,16,116,0
13.42,climb_cruise,432.8,432.8,34933.0,-4072,-11.34,-100.41,329.44,7.48,15.0,125.0,0,0,4.75,-14.93,-4.56,-0.079,0.114,0.011,1.000,0.100,0.100,0.100,1,22.0,102.0,763,804,16,115,0
13.44,climb_cruise,432.8,432.8,34931.6,-4127,-11.45,-100.69,329.37,7.50,15.0,125.0,0,0,4.77,-14.93,-4.56,-0.079,0.114,0.011,1.000,0.100,0.100,0.100,1,22.0,102.0,763,804,16,115,0
13.46,climb_cruise,432.7,432.7,34930.2,-4182,-11.56,-100.98,329.29,7.52,15.0,125.0,0,0,4.79,-14.94,-4.56,-0.079,0.114,0.011,1.000,0.100,0.100,0.100,1,21.9,102.0,763,804,16,115,0
13.48,climb_cruise,432.7,432.7,34928.8,-4237,-11.66,-101.26,329.21,7.54,15.0,125.0,0,0,4.80,-14.94,-4.57,-0.079,0.114,0.011,1.000,0.100,0.100,0.100,1,21.9,102.0,763,804,16,116,0
13.50,climb_cruise,432.7,432.7,34927.4,-4293,-11.77,-101.54,329.13,7.55,15.0,125.0,0,0,4.82,-14.95,-4.57,-0.079,0.114,0.011,1.000,0.100,0.100,0.100,1,21.8,102.0,763,804,16,115,0
13.52,climb_cruise,432.7,432.7,34926.0,-4349,-11.88,-101.82,329.05,7.57,15.0,125.0,0,0,4.84,-14.96,-4.57,-0.079,0.114,0.011,1.000,0.100,0.100,0.100,1,21.8,102.0,763,804,16,116,0
13.54,climb_cruise,432.7,432.7,34924.5,-4405,-11.99,-102.11,328.98,7.59,15.0,125.0,0,0,4.86,-14.96,-4.57,-0.079,0.114,0.011,1.000,0.100,0.100,0.100,1,21.7,102.0,763,804,16,115,0
13.56,climb_cruise,432.7,432.7,34923.0,-4462,-12.10,-102.39,328.90,7.60,15.0,125.0,0,0,4.88,-14.97,-4.57,-0.079,0.114,0.011,1.000,0.100,0.100,0.100,1,21.7,102.0,763,804,16,116,0
13.58,climb_cruise,432.7,432.7,34921.5,-4519,-12.21,-102.67,328.82,7.62,15.0,125.0,0,0,4.90,-14.97,-4.58,-0.079,0.114,0.011,1.000,0.100,0.100,0.100,1,21.7,102.0,763,804,16,115,0
13.60,climb_cruise,432.7,432.7,34920.0,-4576,-12.32,-102.96,328.74,7.64,15.0,125.0,0,0,4.92,-14.98,-4.58,-0.079,0.114,0.011,1.000,0.100,0.100,0.100,1,21.6,102.0,763,804,16,115,0
13.62,climb_cruise,432.7,432.7,34918.5,-4634,-12.43,-103.24,328.67,7.66,15.0,125.0,0,0,4.94,-14.98,-4.58,-0.079,0.114,0.011,1.000,0.100,0.100,0.100,1,21.6,102.0,763,804,16,115,0
13.64,climb_cruise,432.7,432.7,34916.9,-4692,-12.55,-103.52,328.59,7.67,15.0,125.0,0,0,4.95,-14.99,-4.58,-0.079,0.114,0.011,1.000,0.100,0.100,0.100,1,21.5,102.0,763,804,16,115,0
13.66,climb_cruise,432.7,432.7,34915.4,-4751,-12.66,-103.81,328.51,7.69,15.0,125.0,0,0,4.97,-14.99,-4.58,-0.079,0.114,0.011,1.000,0.100,0.100,0.100,1,21.5,102.0,763,804,16,116,0
13.68,climb_cruise,432.7,432.7,34913.8,-4810,-12.77,-104.09,328.44,7.71,15.0,125.0,0,0,4.99,-15.00,-4.59,-0.079,0.114,0.011,1.000,0.100,0.100,0.100,1,21.4,102.0,763,804,16,115,0
13.70,climb_cruise,432.7,432.7,34912.2,-4869,-12.88,-104.37,328.36,7.73,15.0,125.0,0,0,5.01,-15.00,-4.59,-0.079,0.114,0.011,1.000,0.100,0.100,0.100,1,21.4,102.0,763,804,16,116,0
13.72,climb_cruise,432.7,432.7,34910.5,-4928,-13.00,-104.66,328.28,7.74,15.0,125.0,0,0,5.03,-15.01,-4.59,-0.079,0.114,0.011,1.000,0.100,0.100,0.100,1,21.4,102.0,763,804,16,115,0
13.74,climb_cruise,432.7,432.7,34908.9,-4988,-13.11,-104.94,328.21,7.76,15.0,125.0,0,0,5.05,-15.01,-4.59,-0.079,0.114,0.011,1.000,0.100,0.100,0.100,1,21.3,102.0,763,804,16,114,0
13.76,climb_cruise,432.7,432.7,34907.2,-5049,-13.23,-105.22,328.13,7.78,15.0,125.0,0,0,5.07,-15.02,-4.59,-0.079,0.114,0.011,1.000,0.100,0.100,0.100,1,21.3,102.0,763,804,16,115,0
13.78,climb_cruise,432.7,432.7,34905.5,-5109,-13.34,-105.50,328.06,7.79,15.0,125.0,0,0,5.08,-15.02,-4.59,-0.079,0.114,0.011,1.000,0.100,0.100,0.100,1,21.2,102.0,763,804,16,115,0
13.80,climb_cruise,432.7,432.7,34903.8,-5171,-13.46,-105.79,327.98,7.81,15.0,125.0,0,0,5.10,-15.03,-4.59,-0.079,0.114,0.011,1.000,0.100,0.100,0.100,1,21.2,102.0,763,804,16,116,0
13.82,climb_cruise,432.7,432.7,34902.1,-5232,-13.58,-106.07,327.91,7.83,15.0,125.0,0,0,5.12,-15.03,-4.59,-0.079,0.114,0.011,1.000,0.100,0.100,0.100,1,21.1,102.0,763,804,16,116,0
13.84,climb_cruise,432.7,432.7,34900.3,-5294,-13.69,-106.35,327.83,7.85,15.0,125.0,0,0,5.14,-15.04,-4.60,-0.079,0.114,0.011,1.000,0.100,0.100,0.100,1,21.1,102.0,763,804,16,116,0
13.86,climb_cruise,432.7,432.7,34898.6,-5356,-13.81,-106.64,327.76,7.86,15.0,125.0,0,0,5.16,-15.04,-4.60,-0.079,0.114,0.011,1.000,0.100,0.100,0.100,1,21.1,102.0,763,804,16,116,0
13.88,climb_cruise,432.7,432.7,34896.8,-5419,-13.93,-106.92,327.68,7.88,15.0,125.0,0,0,5.18,-15.05,-4.60,-0.079,0.114,0.011,1.000,0.100,0.100,0.100,1,21.0,102.0,763,804,16,115,0
13.90,climb_cruise,432.7,432.7,34894.9,-5481,-14.05,-107.20,327.61,7.90,15.0,125.0,0,0,5.20,-15.05,-4.60,-0.079,0.114,0.011,1.000,0.100,0.100,0.100,1,21.0,102.0,763,804,16,115,0
13.92,climb_cruise,432.7,432.7,34893.1,-5545,-14.17,-107.49,327.53,7.92,15.0,125.0,0,0,5.21,-15.06,-4.60,-0.079,0.114,0.011,1.000,0.100,0.100,0.100,1,20.9,102.0,763,804,16,115,0
13.94,climb_cruise,432.7,432.7,34891.3,-5608,-14.28,-107.77,327.46,7.93,15.0,125.0,0,0,5.23,-15.06,-4.60,-0.079,0.114,0.011,1.000,0.100,0.100,0.100,1,20.9,102.0,763,804,16,116,0
13.96,climb_cruise,432.7,432.7,34889.4,-5672,-14.40,-108.05,327.39,7.95,15.0,125.0,0,0,5.25,-15.07,-4.60,-0.079,0.114,0.011,1.000,0.100,0.100,0.100,1,20.8,102.0,763,804,16,116,0
13.98,climb_cruise,432.7,432.7,34887.5,-5737,-14.52,-108.33,327.31,7.97,15.0,125.0,0,0,5.27,-15.07,-4.60,-0.079,0.114,0.011,1.000,0.100,0.100,0.100,1,20.8,102.0,763,804,16,116,0
14.00,climb_cruise,432.7,432.7,34885.6,-5801,-14.65,-108.62,327.24,7.98,15.0,125.0,0,0,5.29,-15.08,-4.60,-0.079,0.114,0.011,1.000,0.100,0.100,0.100,1,20.8,102.0,763,804,16,115,0
14.02,climb_cruise,432.7,432.7,34883.6,-5867,-14.77,-108.90,327.17,8.00,15.0,125.0,0,0,5.31,-15.08,-4.60,-0.079,0.114,0.011,1.000,0.100,0.100,0.100,1,20.7,102.0,763,804,16,116,0
14.04,climb_cruise,432.7,432.7,34881.7,-5932,-14.89,-109.18,327.09,8.02,15.0,125.0,0,0,5.33,-15.08,-4.60,-0.079,0.114,0.011,1.000,0.100,0.100,0.100,1,20.7,102.0,763,804,16,115,0
14.06,climb_cruise,432.7,432.7,34879.7,-5998,-15.01,-109.47,327.02,8.04,15.0,125.0,0,0,5.34,-15.09,-4.60,-0.079,0.114,0.011,1.000,0.100,0.100,0.100,1,20.6,102.0,763,804,16,114,0
14.08,climb_cruise,432.7,432.7,34877.7,-6064,-15.13,-109.75,326.95,8.05,15.0,125.0,0,0,5.36,-15.09,-4.60,-0.079,0.114,0.011,1.000,0.100,0.100,0.100,1,20.6,102.0,763,804,16,116,0
14.10,climb_cruise,432.7,432.7,34875.6,-6131,-15.26,-110.03,326.87,8.07,15.0,125.0,0,0,5.38,-15.10,-4.60,-0.079,0.114,0.011,1.000,0.100,0.100,0.100,1,20.6,102.0,763,804,16,116,0
14.12,climb_cruise,432.8,432.8,34873.6,-6198,-15.38,-110.32,326.80,8.09,15.0,125.0,0,0,5.40,-15.10,-4.60,-0.079,0.114,0.011,1.000,0.100,0.100,0.100,1,20.5,102.0,763,804,16,116,0
14.14,climb_cruise,432.8,432.8,34871.5,-6265,-15.50,-110.60,326.73,8.11,15.0,125.0,0,0,5.42,-15.10,-4.60,-0.079,0.114,0.011,1.000,0.100,0.100,0.100,1,20.5,102.0,763,804,16,115,0
14.16,climb_cruise,432.8,432.8,34869.4,-6333,-15.63,-110.88,326.66,8.12,15.0,125.0,0,0,5.44,-15.11,-4.60,-0.079,0.114,0.011,1.000,0.100,0.100,0.100,1,20.4,102.0,763,804,16,114,0
14.18,climb_cruise,432.8,432.8,34867.3,-6401,-15.75,-111.16,326.59,8.14,15.0,125.0,0,0,5.45,-15.11,-4.60,-0.079,0.114,0.011,1.000,0.100,0.100,0.100,1,20.4,102.0,763,804,16,115,0
14.20,climb_cruise,432.8,432.8,34865.1,-6469,-15.88,-111.46,326.52,8.16,15.0,125.0,0,0,5.11,-16.38,-4.64,-0.028,0.040,0.005,1.000,0.100,0.100,0.100,1,20.4,102.0,763,804,16,115,0
14.22,climb_cruise,432.8,432.8,34863.0,-6538,-16.00,-111.78,326.46,8.17,15.0,125.0,0,0,4.82,-16.96,-4.68,-0.023,0.034,0.004,1.000,0.100,0.100,0.100,1,20.3,102.0,763,804,16,115,0
14.24,climb_cruise,432.8,432.8,34860.8,-6607,-16.12,-112.10,326.40,8.17,15.0,125.0,0,0,4.60,-17.19,-4.71,-0.023,0.034,0.004,1.000,0.100,0.100,0.100,1,20.3,102.0,763,804,16,115,0
14.26,climb_cruise,432.8,432.8,34858.6,-6677,-16.25,-112.43,326.35,8.17,15.0,125.0,0,0,4.44,-17.28,-4.75,-0.023,0.034,0.004,1.000,0.100,0.100,0.100,1,20.2,102.0,763,804,16,116,0
14.28,climb_cruise,432.8,432.8,34856.3,-6747,-16.37,-112.77,326.31,8.17,15.0,125.0,0,0,4.35,-17.33,-4.78,-0.023,0.034,0.004,1.000,0.100,0.100,0.100,1,20.2,102.0,763,804,16,116,0
14.30,climb_cruise,432.8,432.8,34854.1,-6817,-16.49,-113.10,326.26,8.17,15.0,125.0,0,0,4.32,-17.36,-4.81,-0.023,0.034,0.004,1.000,0.100,0.100,0.100,1,20.2,102.0,763,804,16,116,0
14.32,climb_cruise,432.9,432.9,34851.8,-6888,-16.61,-113.44,326.22,8.17,15.0,125.0,0,0,4.33,-17.38,-4.84,-0.023,0.034,0.004,1.000,0.100,0.100,0.100,1,20.1,102.0,763,804,16,115,0
14.34,climb_cruise,432.9,432.9,34849.5,-6959,-16.74,-113.77,326.18,8.16,15.0,125.0,0,0,4.38,-17.39,-4.86,-0.023,0.034,0.004,1.000,0.100,0.100,0.100,1,20.1,102.0,763,804,16,116,0
14.36,climb_cruise,432.9,432.9,34847.2,-7031,-16.86,-114.11,326.13,8.16,15.0,125.0,0,0,4.47,-17.41,-4.88,-0.023,0.034,0.004,1.000,0.100,0.100,0.100,1,20.0,102.0,763,804,16,114,0
14.38,climb_cruise,432.9,432.9,34844.8,-7102,-16.99,-114.44,326.09,8.16,15.0,125.0,0,0,4.58,-17.42,-4.89,-0.023,0.034,0.004,1.000,0.100,0.100,0.100,1,20.0,102.0,763,804,16,116,0
14.40,climb_cruise,432.9,432.9,34842.4,-7175,-17.11,-114.78,326.05,8.16,15.0,125.0,0,0,4.70,-17.44,-4.91,-0.023,0.034,0.004,1.000,0.100,0.100,0.100,1,20.0,102.0,763,804,16,114,0
14.42,climb_cruise,432.9,432.9,34840.0,-7247,-17.24,-115.11,326.00,8.16,15.0,125.0,0,0,4.83,-17.45,-4.92,-0.023,0.034,0.004,1.000,0.100,0.100,0.100,1,19.9,102.0,763,804,16,116,0
14.44,climb_cruise,432.9,432.9,34837.6,-7320,-17.37,-115.45,325.95,8.17,15.0,125.0,0,0,4.97,-17.46,-4.92,-0.023,0.034,0.004,1.000,0.100,0.100,0.100,1,19.9,102.0,763,804,16,115,0
14.46,climb_cruise,433.0,433.0,34835.2,-7394,-17.51,-115.78,325.90,8.18,15.0,125.0,0,0,5.10,-17.47,-4.93,-0.023,0.034,0.004,1.000,0.100,0.100,0.100,1,19.8,102.0,763,804,16,116,0
14.48,climb_cruise,433.0,433.0,34832.7,-7467,-17.64,-116.11,325.85,8.19,15.0,125.0,0,0,5.23,-17.48,-4.93,-0.023,0.034,0.004,1.000,0.100,0.100,0.100,1,19.8,102.0,763,804,16,115,0
14.50,climb_cruise,433.0,433.0,34830.2,-7541,-17.78,-116.45,325.79,8.20,15.0,125.0,0,0,5.34,-17.49,-4.93,-0.023,0.034,0.004,1.000,0.100,0.100,0.100,1,19.8,102.0,763,804,16,114,0
14.52,climb_cruise,433.0,433.0,34827.7,-7616,-17.91,-116.78,325.74,8.21,15.0,125.0,0,0,5.45,-17.49,-4.92,-0.023,0.034,0.004,1.000,0.100,0.100,0.100,1,19.7,102.0,763,804,16,115,0
14.54,climb_cruise,433.0,433.0,34825.1,-7691,-18.05,-117.11,325.68,8.23,15.0,125.0,0,0,5.54,-17.50,-4.92,-0.023,0.034,0.004,1.000,0.100,0.100,0.100,1,19.7,102.0,763,804,16,115,0
14.56,climb_cruise,433.1,433.1,34822.5,-7766,-18.19,-117.45,325.63,8.25,15.0,125.0,0,0,5.62,-17.51,-4.91,-0.023,0.034,0.004,1.000,0.100,0.100,0.100,1,19.6,102.0,763,804,16,114,0
14.58,climb_cruise,433.1,433.1,34819.9,-7842,-18.33,-117.78,325.57,8.27,15.0,125.0,0,0,5.69,-17.51,-4.91,-0.023,0.034,0.004,1.000,0.100,0.100,0.100,1,19.6,102.0,763,804,16,115,0
14.60,climb_cruise,433.1,433.1,34817.3,-7918,-18.47,-118.11,325.51,8.29,15.0,125.0,0,0,5.75,-17.52,-4.90,-0.023,0.034,0.004,1.000,0.100,0.100,0.100,1,19.6,102.0,763,804,16,114,0
14.62,climb_cruise,433.1,433.1,34814.7,-7995,-18.61,-118.44,325.45,8.31,15.0,125.0,0,0,5.79,-17.52,-4.89,-0.023,0.034,0.004,1.000,0.100,0.100,0.100,1,19.5,102.0,763,804,16,116,0
14.64,climb_cruise,433.1,433.1,34812.0,-8072,-18.75,-118.77,325.39,8.33,15.0,125.0,0,0,5.82,-17.52,-4.88,-0.023,0.034,0.004,1.000,0.100,0.100,0.100,1,19.5,102.0,763,804,16,114,0
14.66,climb_cruise,433.2,433.2,34809.3,-8149,-18.89,-119.11,325.34,8.35,15.0,125.0,0,0,5.85,-17.52,-4.88,-0.023,0.034,0.004,1.000,0.100,0.100,0.100,1,19.4,102.0,763,804,16,114,0
14.68,climb_cruise,433.2,433.2,34806.6,-8227,-19.03,-119.44,325.28,8.37,15.0,125.0,0,0,5.86,-17.53,-4.87,-0.023,0.034,0.004,1.000,0.100,0.100,0.100,1,19.4,102.0,763,804,16,115,0
14.70,climb_cruise,433.2,433.2,34803.8,-8305,-19.18,-119.77,325.22,8.39,15.0,125.0,0,0,5.87,-17.53,-4.86,-0.023,0.034,0.004,1.000,0.100,0.100,0.100,1,19.4,102.0,763,804,16,115,0
14.72,climb_cruise,433.2,433.2,34801.0,-8384,-19.32,-120.10,325.16,8.41,15.0,125.0,0,0,5.87,-17.53,-4.85,-0.023,0.034,0.004,1.000,0.100,0.100,0.100,1,19.3,102.0,763,804,16,115,0
14.74,climb_cruise,433.3,433.3,34798.2,-8463,-19.46,-120.43,325.11,8.43,15.0,125.0,0,0,5.88,-17.53,-4.85,-0.023,0.034,0.004,1.000,0.100,0.100,0.100,1,19.3,102.0,763,804,16,115,0
14.76,climb_cruise,433.3,433.3,34795.4,-8543,-19.61,-120.77,325.05,8.45,15.0,125.0,0,0,5.88,-17.53,-4.84,-0.023,0.034,0.004,1.000,0.100,0.100,0.100,1,19.2,102.0,763,804,16,115,0
14.78,climb_cruise,433.3,433.3,34792.5,-8622,-19.75,-121.10,325.00,8.47,15.0,125.0,0,0,5.87,-17.53,-4.83,-0.023,0.034,0.004,1.000,0.100,0.100,0.100,1,19.2,102.0,763,804,16,115,0
14.80,climb_cruise,433.3,433.3,34789.7,-8703,-19.89,-121.43,324.95,8.49,15.0,125.0,0,0,5.87,-17.53,-4.83,-0.023,0.034,0.004,1.000,0.100,0.100,0.100,1,19.2,102.0,763,804,16,115,0
14.82,climb_cruise,433.4,433.4,34786.7,-8783,-20.04,-121.76,324.89,8.51,15.0,125.0,0,0,5.87,-17.53,-4.82,-0.023,0.034,0.004,1.000,0.100,0.100,0.100,1,19.1,102.0,763,804,16,115,0
14.84,climb_cruise,433.4,433.4,34783.8,-8865,-20.18,-122.10,324.84,8.53,15.0,125.0,0,0,5.87,-17.53,-4.81,-0.023,0.034,0.004,1.000,0.100,0.100,0.100,1,19.1,102.0,763,804,16,114,0
14.86,climb_cruise,433.4,433.4,34780.8,-8946,-20.32,-122.43,324.79,8.54,15.0,125.0,0,0,5.87,-17.54,-4.81,-0.023,0.034,0.004,1.000,0.100,0.100,0.100,1,19.1,102.0,763,804,16,114,0
14.88,climb_cruise,433.4,433.4,34777.9,-9028,-20.47,-122.76,324.74,8.56,15.0,125.0,0,0,5.88,-17.54,-4.80,-0.023,0.034,0.004,1.000,0.100,0.100,0.100,1,19.0,102.0,763,804,16,115,0
14.90,climb_cruise,433.5,433.5,34774.8,-9110,-20.61,-123.09,324.69,8.58,15.0,125.0,0,0,5.89,-17.54,-4.80,-0.023,0.034,0.004,1.000,0.100,0.100,0.100,1,19.0,102.0,763,804,16,116,0
14.92,climb_cruise,433.5,433.5,34771.8,-9193,-20.76,-123.43,324.64,8.59,15.0,125.0,0,0,5.89,-17.54,-4.80,-0.023,0.034,0.004,1.000,0.100,0.100,0.100,1,18.9,102.0,763,804,16,114,0
14.94,climb_cruise,433.5,433.5,34768.7,-9276,-20.90,-123.76,324.59,8.61,15.0,125.0,0,0,5.91,-17.54,-4.79,-0.023,0.034,0.004,1.000,0.100,0.100,0.100,1,18.9,102.0,763,804,16,116,0
14.96,climb_cruise,433.6,433.6,34765.6,-9360,-21.05,-124.10,324.54,8.63,15.0,125.0,0,0,5.92,-17.54,-4.79,-0.023,0.034,0.004,1.000,0.100,0.100,0.100,1,18.9,102.0,763,804,16,115,0
14.98,climb_cruise,433.6,433.6,34762.5,-9444,-21.19,-124.43,324.50,8.64,15.0,125.0,0,0,5.94,-17.54,-4.78,-0.023,0.034,0.004,1.000,0.100,0.100,0.100,1,18.8,102.0,763,804,16,116,0
15.00,climb_cruise,433.6,433.6,34759.3,-9528,-21.34,-124.76,324.45,8.66,15.0,125.0,0,0,5.95,-17.54,-4.78,-0.023,0.034,0.004,1.000,0.100,0.100,0.100,1,18.8,102.0,763,804,16,115,0
15.02,climb_cruise,433.7,433.7,34756.1,-9612,-21.49,-125.10,324.40,8.68,15.0,125.0,0,0,5.97,-17.54,-4.78,-0.023,0.034,0.004,1.000,0.100,0.100,0.100,1,18.8,102.0,763,804,16,116,0
15.04,climb_cruise,433.7,433.7,34752.9,-9697,-21.63,-125.43,324.36,8.69,15.0,125.0,0,0,5.99,-17.54,-4.77,-0.023,0.034,0.004,1.000,0.100,0.100,0.100,1,18.7,102.0,763,804,16,116,0
15.06,climb_cruise,433.7,433.7,34749.7,-9783,-21.78,-125.77,324.31,8.71,15.0,125.0,0,0,6.01,-17.55,-4.77,-0.023,0.034,0.004,1.000,0.100,0.100,0.100,1,18.7,102.0,763,804,16,116,0
15.08,climb_cruise,433.8,433.8,34746.4,-9869,-21.93,-126.10,324.27,8.73,15.0,125.0,0,0,6.03,-17.55,-4.76,-0.023,0.034,0.004,1.000,0.100,0.100,0.100,1,18.6,102.0,763,804,16,116,0
15.10,climb_cruise,433.8,433.8,34743.1,-9955,-22.08,-126.43,324.22,8.74,15.0,125.0,0,0,6.06,-17.55,-4.76,-0.023,0.034,0.004,1.000,0.100,0.100,0.100,1,18.6,102.0,763,804,16,114,0
15.12,climb_cruise,433.8,433.8,34739.8,-10041,-22.23,-126.77,324.18,8.76,15.0,125.0,0,0,6.08,-17.55,-4.76,-0.023,0.034,0.004,1.000,0.100,0.100,0.100,1,18.6,102.0,763,804,16,114,0
15.14,climb_cruise,433.9,433.9,34736.4,-10128,-22.38,-127.10,324.14,8.78,15.0,125.0,0,0,6.10,-17.55,-4.75,-0.023,0.034,0.004,1.000,0.100,0.100,0.100,1,18.5,102.0,763,804,16,115,0
15.16,climb_cruise,433.9,433.9,34733.0,-10216,-22.53,-127.44,324.09,8.80,15.0,125.0,0,0,6.12,-17.55,-4.75,-0.023,0.034,0.004,1.000,0.100,0.100,0.100,1,18.5,102.0,763,804,16,115,0
15.18,climb_cruise,433.9,433.9,34729.6,-10303,-22.68,-127.77,324.05,8.81,15.0,125.0,0,0,6.14,-17.55,-4.74,-0.023,0.034,0.004,1.000,0.100,0.100,0.100,1,18.5,102.0,763,804,16,116,0
15.20,climb_cruise,434.0,434.0,34726.2,-10392,-22.83,-128.11,324.01,8.83,15.0,125.0,0,0,6.17,-17.55,-4.74,-0.023,0.034,0.004,1.000,0.100,0.100,0.100,1,18.4,102.0,763,804,16,116,0
15.22,climb_cruise,434.0,434.0,34722.7,-10480,-22.98,-128.44,323.97,8.85,15.0,125.0,0,0,6.19,-17.56,-4.73,-0.023,0.034,0.004,1.000,0.100,0.100,0.100,1,18.4,102.0,763,804,16,115,0
15.24,climb_cruise,434.1,434.1,34719.2,-10569,-23.13,-128.78,323.93,8.86,15.0,125.0,0,0,6.21,-17.56,-4.73,-0.023,0.034,0.004,1.000,0.100,0.100,0.100,1,18.3,102.0,763,804,16,114,0
15.26,climb_cruise,434.1,434.1,34715.6,-10658,-23.28,-129.11,323.89,8.88,15.0,125.0,0,0,6.23,-17.56,-4.72,-0.023,0.034,0.004,1.000,0.100,0.100,0.100,1,18.3,102.0,763,804,16,116,0
15.28,climb_cruise,434.1,434.1,34712.1,-10748,-23.43,-129.45,323.85,8.90,15.0,125.0,0,0,6.25,-17.56,-4.72,-0.023,0.034,0.004,1.000,0.100,0.100,0.100,1,18.3,102.0,763,804,16,115,0
15.30,climb_cruise,434.2,434.2,34708.5,-10838,-23.59,-129.78,323.81,8.92,15.0,125.0,0,0,6.26,-17.56,-4.71,-0.023,0.034,0.004,1.000,0.100,0.100,0.100,1,18.2,102.0,763,804,16,116,0
15.32,climb_cruise,434.2,434.2,34704.9,-10928,-23.74,-130.12,323.77,8.93,15.0,125.0,0,0,6.28,-17.56,-4.71,-0.023,0.034,0.004,1.000,0.100,0.100,0.100,1,18.2,102.0,763,804,16,115,0
15.34,climb_cruise,434.3,434.3,34701.2,-11019,-23.89,-130.45,323.73,8.95,15.0,125.0,0,0,6.30,-17.56,-4.70,-0.023,0.034,0.004,1.000,0.100,0.100,0.100,1,18.2,102.0,763,804,16,116,0
15.36,climb_cruise,434.3,434.3,34697.5,-11110,-24.04,-130.79,323.69,8.97,15.0,125.0,0,0,6.32,-17.56,-4.70,-0.023,0.034,0.004,1.000,0.100,0.100,0.100,1,18.1,102.0,763,804,16,115,0
15.38,climb_cruise,434.4,434.4,34693.8,-11201,-24.20,-131.13,323.65,8.99,15.0,125.0,0,0,6.34,-17.56,-4.69,-0.023,0.034,0.004,1.000,0.100,0.100,0.100,1,18.1,102.0,763,804,16,115,0
15.40,climb_cruise,434.4,434.4,34690.1,-11293,-24.35,-131.46,323.62,9.00,15.0,125.0,0,0,6.35,-17.56,-4.69,-0.023,0.034,0.004,1.000,0.100,0.100,0.100,1,18.1,102.0,763,804,16,114,0
15.42,climb_cruise,434.5,434.5,34686.3,-11385,-24.51,-131.80,323.58,9.02,15.0,125.0,0,0,6.37,-17.56,-4.68,-0.023,0.034,0.004,1.000,0.100,0.100,0.100,1,18.0,102.0,763,804,16,115,0
15.44,climb_cruise,434.5,434.5,34682.5,-11478,-24.66,-132.13,323.55,9.04,15.0,125.0,0,0,6.39,-17.56,-4.67,-0.023,0.034,0.004,1.000,0.100,0.100,0.100,1,18.0,102.0,763,804,16,115,0
15.46,climb_cruise,434.6,434.6,34678.6,-11571,-24.82,-132.47,323.51,9.06,15.0,125.0,0,0,6.40,-17.56,-4.67,-0.023,0.034,0.004,1.000,0.100,0.100,0.100,1,17.9,102.0,763,804,16,116,0
15.48,climb_cruise,434.6,434.6,34674.8,-11664,-24.97,-132.81,323.48,9.07,15.0,125.0,0,0,6.42,-17.56,-4.66,-0.023,0.034,0.004,1.000,0.100,0.100,0.100,1,17.9,102.0,763,804,16,116,0
15.50,climb_cruise,434.7,434.7,34670.9,-11758,-25.13,-133.15,323.44,9.09,15.0,125.0,0,0,6.44,-17.56,-4.66,-0.023,0.034,0.004,1.000,0.100,0.100,0.100,1,17.9,102.0,763,804,16,116,0
15.52,climb_cruise,434.7,434.7,34666.9,-11852,-25.28,-133.48,323.41,9.11,15.0,125.0,0,0,6.45,-17.56,-4.65,-0.023,0.034,0.004,1.000,0.100,0.100,0.100,1,17.8,102.0,763,804,16,114,0
15.54,climb_cruise,434.8,434.8,34663.0,-11946,-25.44,-133.82,323.38,9.12,15.0,125.0,0,0,6.47,-17.56,-4.64,-0.023,0.034,0.004,1.000,0.100,0.100,0.100,1,17.8,102.0,763,804,16,115,0
15.56,climb_cruise,434.8,434.8,34659.0,-12041,-25.60,-134.16,323.35,9.14,15.0,125.0,0,0,6.49,-17.56,-4.64,-0.023,0.034,0.004,1.000,0.100,0.100,0.100,1,17.8,102.0,763,804,16,115,0
15.58,climb_cruise,434.9,434.9,34655.0,-12136,-25.76,-134.49,323.31,9.16,15.0,125.0,0,0,6.50,-17.56,-4.63,-0.023,0.034,0.004,1.000,0.100,0.100,0.100,1,17.7,102.0,763,804,16,116,0
15.60,climb_cruise,434.9,434.9,34650.9,-12232,-25.91,-134.83,323.28,9.18,15.0,125.0,0,0,6.52,-17.56,-4.62,-0.023,0.034,0.004,1.000,0.100,0.100,0.100,1,17.7,102.0,763,804,16,116,0
15.62,climb_cruise,435.0,435.0,34646.8,-12328,-26.07,-135.17,323.25,9.19,15.0,125.0,0,0,6.54,-17.56,-4.62,-0.023,0.034,0.004,1.000,0.100,0.100,0.100,1,17.7,102.0,763,804,16,114,0
15.64,climb_cruise,435.0,435.0,34642.7,-12424,-26.23,-135.51,323.22,9.21,15.0,125.0,0,0,6.55,-17.56,-4.61,-0.023,0.034,0.004,1.000,0.100,0.100,0.100,1,17.6,102.0,763,804,16,114,0
15.66,climb_cruise,435.1,435.1,34638.5,-12520,-26.39,-135.85,323.20,9.23,15.0,125.0,0,0,6.57,-17.56,-4.60,-0.023,0.034,0.004,1.000,0.100,0.100,0.100,1,17.6,102.0,763,804,16,115,0
15.68,climb_cruise,435.1,435.1,34634.4,-12617,-26.55,-136.19,323.17,9.25,15.0,125.0,0,0,6.59,-17.56,-4.60,-0.023,0.034,0.004,1.000,0.100,0.100,0.100,1,17.6,102.0,763,804,16,115,0
15.70,climb_cruise,435.2,435.2,34630.1,-12714,-26.70,-136.53,323.14,9.26,15.0,125.0,0,0,6.60,-17.56,-4.59,-0.023,0.034,0.004,1.000,0.100,0.100,0.100,1,17.5,102.0,763,804,16,116,0
15.72,climb_cruise,435.3,435.3,34625.9,-12812,-26.86,-136.86,323.11,9.28,15.0,125.0,0,0,6.62,-17.56,-4.58,-0.023,0.034,0.004,1.000,0.100,0.100,0.100,1,17.5,102.0,763,804,16,114,0
15.74,climb_cruise,435.3,435.3,34621.6,-12910,-27.02,-137.20,323.09,9.30,15.0,125.0,0,0,6.64,-17.55,-4.58,-0.023,0.034,0.004,1.000,0.100,0.100,0.100,1,17.4,102.0,763,804,16,114,0
15.76,climb_cruise,435.4,435.4,34617.3,-13008,-27.18,-137.54,323.06,9.32,15.0,125.0,0,0,6.65,-17.55,-4.57,-0.023,0.034,0.004,1.000,0.100,0.100,0.100,1,17.4,102.0,763,804,16,114,0
15.78,climb_cruise,435.4,435.4,34612.9,-13106,-27.34,-137.88,323.04,9.33,15.0,125.0,0,0,6.67,-17.55,-4.56,-0.023,0.034,0.004,1.000,0.100,0.100,0.100,1,17.4,102.0,763,804,16,115,0
15.80,climb_cruise,435.5,435.5,34608.6,-13205,-27.50,-138.22,323.01,9.35,15.0,125.0,0,0,6.69,-17.55,-4.56,-0.023,0.034,0.004,1.000,0.100,0.100,0.100,1,17.3,102.0,763,804,16,115,0
15.82,climb_cruise,435.6,435.6,34604.1,-13304,-27.66,-138.56,322.99,9.37,15.0,125.0,0,0,6.70,-17.55,-4.55,-0.023,0.034,0.004,1.000,0.100,0.100,0.100,1,17.3,102.0,763,804,16,116,0
15.84,climb_cruise,435.6,435.6,34599.7,-13404,-27.82,-138.90,322.97,9.39,15.0,125.0,0,0,6.72,-17.55,-4.54,-0.023,0.034,0.004,1.000,0.100,0.100,0.100,1,17.3,102.0,763,804,16,116,0
15.86,climb_cruise,435.7,435.7,34595.2,-13504,-27.99,-139.24,322.94,9.40,15.0,125.0,0,0,6.73,-17.55,-4.53,-0.023,0.034,0.004,1.000,0.100,0.100,0.100,1,17.2,102.0,763,804,16,115,0
15.88,climb_cruise,435.8,435.8,34590.7,-13604,-28.15,-139.58,322.92,9.42,15.0,125.0,0,0,6.75,-17.54,-4.53,-0.023,0.034,0.004,1.000,0.100,0.100,0.100,1,17.2,102.0,763,804,16,115,0
15.90,climb_cruise,435.8,435.8,34586.2,-13705,-28.31,-139.93,322.90,9.44,15.0,125.0,0,0,6.77,-17.54,-4.52,-0.023,0.034,0.004,1.000,0.100,0.100,0.100,1,17.2,102.0,763,804,16,114,0
15.92,climb_cruise,435.9,435.9,34581.6,-13805,-28.47,-140.27,322.88,9.46,15.0,125.0,0,0,6.78,-17.54,-4.51,-0.023,0.034,0.004,1.000,0.100,0.100,0.100,1,17.1,102.0,763,804,16,115,0
15.94,climb_cruise,436.0,436.0,34577.0,-13907,-28.63,-140.61,322.86,9.47,15.0,125.0,0,0,6.80,-17.54,-4.50,-0.023,0.034,0.004,1.000,0.100,0.100,0.100,1,17.1,102.0,763,804,16,115,0
15.96,climb_cruise,436.0,436.0,34572.3,-14008,-28.80,-140.95,322.84,9.49,15.0,125.0,0,0,6.82,-17.54,-4.50,-0.023,0.034,0.004,1.000,0.100,0.100,0.100,1,17.1,102.0,763,804,16,115,0
15.98,climb_cruise,436.1,436.1,34567.6,-14110,-28.96,-141.29,322.83,9.51,15.0,125.0,0,0,6.83,-17.53,-4.49,-0.023,0.034,0.004,1.000,0.100,0.100,0.100,1,17.0,102.0,763,804,16,114,0
16.00,climb_cruise,436.2,436.2,34562.9,-14212,-29.12,-141.63,322.81,9.53,15.0,125.0,0,0,6.85,-17.53,-4.48,-0.023,0.034,0.004,1.000,0.100,0.100,0.100,1,17.0,102.0,763,804,16,116,0
16.02,climb_cruise,436.2,436.2,34558.2,-14315,-29.28,-141.98,322.79,9.54,15.0,125.0,0,0,6.86,-17.53,-4.47,-0.023,0.034,0.004,1.000,0.100,0.100,0.100,1,17.0,102.0,763,804,16,116,0
16.04,climb_cruise,436.3,436.3,34553.4,-14417,-29.45,-142.32,322.78,9.56,15.0,125.0,0,0,6.88,-17.53,-4.46,-0.023,0.034,0.004,1.000,0.100,0.100,0.100,1,16.9,102.0,763,804,16,114,0
16.06,climb_cruise,436.4,436.4,34548.6,-14520,-29.61,-142.66,322.76,9.58,15.0,125.0,0,0,6.89,-17.52,-4.46,-0.023,0.034,0.004,1.000,0.100,0.100,0.100,1,16.9,102.0,763,804,16,114,0
16.08,climb_cruise,436.4,436.4,34543.7,-14624,-29.77,-143.01,322.75,9.60,15.0,125.0,0,0,6.91,-17.52,-4.45,-0.023,0.034,0.004,1.000,0.100,0.100,0.100,1,16.9,102.0,763,804,16,115,0
16.10,climb_cruise,436.5,436.5,34538.8,-14727,-29.94,-143.35,322.73,9.61,15.0,125.0,0,0,6.92,-17.52,-4.44,-0.023,0.034,0.004,1.000,0.100,0.100,0.100,1,16.8,102.0,763,804,16,115,0
16.12,climb_cruise,436.6,436.6,34533.9,-14831,-30.10,-143.69,322.72,9.63,15.0,125.0,0,0,6.94,-17.52,-4.43,-0.023,0.034,0.004,1.000,0.100,0.100,0.100,1,16.8,102.0,763,804,16,116,0
16.14,climb_cruise,436.7,436.7,34528.9,-14936,-30.27,-144.04,322.71,9.65,15.0,125.0,0,0,6.96,-17.51,-4.42,-0.023,0.034,0.004,1.000,0.100,0.100,0.100,1,16.8,102.0,763,804,16,115,0
16.16,climb_cruise,436.8,436.8,34523.9,-15040,-30.43,-144.38,322.70,9.67,15.0,125.0,0,0,6.97,-17.51,-4.42,-0.023,0.034,0.004,1.000,0.100,0.100,0.100,1,16.7,102.0,763,804,16,115,0
16.18,climb_cruise,436.8,436.8,34518.9,-15145,-30.60,-144.73,322.69,9.68,15.0,125.0,0,0,6.99,-17.51,-4.41,-0.023,0.034,0.004,1.000,0.100,0.100,0.100,1,16.7,102.0,763,804,16,114,0
16.20,climb_cruise,436.9,436.9,34513.9,-15250,-30.76,-145.07,322.68,9.70,15.0,125.0,0,0,7.00,-17.50,-4.40,-0.023,0.034,0.004,1.000,0.100,0.100,0.100,1,16.7,102.0,763,804,16,116,0
16.22,climb_cruise,437.0,437.0,34508.8,-15356,-30.93,-145.42,322.67,9.72,15.0,125.0,0,0,7.02,-17.50,-4.39,-0.023,0.034,0.004,1.000,0.100,0.100,0.100,1,16.6,102.0,763,804,16,114,0
16.24,climb_cruise,437.1,437.1,34503.6,-15461,-31.09,-145.76,322.66,9.74,15.0,125.0,0,0,7.03,-17.50,-4.38,-0.023,0.034,0.004,1.000,0.100,0.100,0.100,1,16.6,102.0,763,804,16,115,0
16.26,climb_cruise,437.1,437.1,34498.5,-15568,-31.26,-146.11,322.65,9.75,15.0,125.0,0,0,7.05,-17.49,-4.37,-0.023,0.034,0.004,1.000,0.100,0.100,0.100,1,16.6,102.0,763,804,16,114,0
16.28,climb_cruise,437.2,437.2,34493.3,-15674,-31.42,-146.46,322.65,9.77,15.0,125.0,0,0,7.06,-17.49,-4.36,-0.023,0.034,0.004,1.000,0.100,0.100,0.100,1,16.5,102.0,763,804,16,116,0
16.30,climb_cruise,437.3,437.3,34488.0,-15780,-31.59,-146.80,322.64,9.79,15.0,125.0,0,0,7.08,-17.49,-4.36,-0.023,0.034,0.004,1.000,0.100,0.100,0.100,1,16.5,102.0,763,804,16,114,0
16.32,climb_cruise,437.4,437.4,34482.7,-15887,-31.76,-147.15,322.63,9.81,15.0,125.0,0,0,7.09,-17.48,-4.35,-0.023,0.034,0.004,1.000,0.100,0.100,0.100,1,16.5,102.0,763,804,16,115,0
16.34,climb_cruise,437.5,437.5,34477.4,-15995,-31.92,-147.50,322.63,9.82,15.0,125.0,0,0,7.11,-17.48,-4.34,-0.023,0.034,0.004,1.000,0.100,0.100,0.100,1,16.4,102.0,763,804,16,115,0
16.36,climb_cruise,437.6,437.6,34472.1,-16102,-32.09,-147.85,322.63,9.84,15.0,125.0,0,0,7.12,-17.48,-4.33,-0.023,0.034,0.004,1.000,0.100,0.100,0.100,1,16.4,102.0,763,804,16,114,0
16.38,climb_cruise,437.7,437.7,34466.7,-16210,-32.26,-148.19,322.62,9.86,15.0,125.0,0,0,7.13,-17.47,-4.32,-0.023,0.034,0.004,1.000,0.100,0.100,0.100,1,16.4,102.0,763,804,16,115,0
16.40,climb_cruise,437.7,437.7,34461.3,-16318,-32.42,-148.54,322.62,9.88,15.0,125.0,0,0,7.15,-17.47,-4.31,-0.023,0.034,0.004,1.000,0.100,0.100,0.100,1,16.3,102.0,763,804,16,114,0
16.42,climb_cruise,437.8,437.8,34455.8,-16426,-32.59,-148.89,322.62,9.89,15.0,125.0,0,0,7.16,-17.47,-4.30,-0.023,0.034,0.004,1.000,0.100,0.100,0.100,1,16.3,102.0,763,804,16,116,0
16.44,climb_cruise,437.9,437.9,34450.3,-16534,-32.76,-149.24,322.62,9.91,15.0,125.0,0,0,7.18,-17.46,-4.29,-0.023,0.034,0.004,1.000,0.100,0.100,0.100,1,16.3,102.0,763,804,16,115,0
16.46,climb_cruise,438.0,438.0,34444.8,-16643,-32.93,-149.59,322.62,9.93,15.0,125.0,0,0,7.19,-17.46,-4.29,-0.023,0.034,0.004,1.000,0.100,0.100,0.100,1,16.2,102.0,763,804,16,115,0
16.48,climb_cruise,438.1,438.1,34439.3,-16752,-33.09,-149.94,322.62,9.95,15.0,125.0,0,0,7.21,-17.45,-4.28,-0.023,0.034,0.004,1.000,0.100,0.100,0.100,1,16.2,102.0,763,804,16,115,0
16.50,climb_cruise,438.2,438.2,34433.7,-16862,-33.26,-150.29,322.63,9.96,15.0,125.0,0,0,7.22,-17.45,-4.27,-0.023,0.034,0.004,1.000,0.100,0.100,0.100,1,16.2,102.0,763,804,16,114,0
16.52,climb_cruise,438.3,438.3,34428.0,-16971,-33.43,-150.64,322.63,9.98,15.0,125.0,0,0,7.23,-17.44,-4.26,-0.023,0.034,0.004,1.000,0.100,0.100,0.100,1,16.1,102.0,763,804,16,114,0
16.54,climb_cruise,438.4,438.4,34422.4,-17081,-33.60,-150.99,322.63,10.00,15.0,125.0,0,0,7.25,-17.44,-4.25,-0.023,0.034,0.004,1.000,0.100,0.100,0.100,1,16.1,102.0,763,804,16,115,0
16.56,climb_cruise,438.5,438.5,34416.6,-17191,-33.76,-151.34,322.64,10.02,15.0,125.0,0,0,7.26,-17.43,-4.24,-0.023,0.034,0.004,1.000,0.100,0.100,0.100,1,16.1,102.0,763,804,16,116,0
16.58,climb_cruise,438.6,438.6,34410.9,-17301,-33.93,-151.70,322.65,10.03,15.0,125.0,0,0,7.28,-17.43,-4.23,-0.023,0.034,0.004,1.000,0.100,0.100,0.100,1,16.0,102.0,763,804,16,114,0
16.60,climb_cruise,438.7,438.7,34405.1,-17412,-34.10,-152.05,322.65,10.05,15.0,125.0,0,0,7.29,-17.43,-4.22,-0.023,0.034,0.004,1.000,0.100,0.100,0.100,1,16.0,102.0,763,804,16,115,0
16.62,climb_cruise,438.8,438.8,34399.3,-17523,-34.27,-152.40,322.66,10.07,15.0,125.0,0,0,7.30,-17.42,-4.21,-0.023,0.034,0.004,1.000,0.100,0.100,0.100,1,16.0,102.0,763,804,16,115,0
16.64,climb_cruise,438.8,438.8,34393.4,-17634,-34.44,-152.76,322.67,10.09,15.0,125.0,0,0,7.32,-17.42,-4.20,-0.023,0.034,0.004,1.000,0.100,0.100,0.100,1,15.9,102.0,763,804,16,115,0
16.66,climb_cruise,438.9,438.9,34387.6,-17745,-34.61,-153.11,322.68,10.10,15.0,125.0,0,0,7.33,-17.41,-4.19,-0.023,0.034,0.004,1.000,0.100,0.100,0.100,1,15.9,102.0,763,804,16,115,0
16.68,climb_cruise,439.0,439.0,34381.6,-17857,-34.78,-153.46,322.69,10.12,15.0,125.0,0,0,7.35,-17.41,-4.18,-0.023,0.034,0.004,1.000,0.100,0.100,0.100,1,15.9,102.0,763,804,16,116,0
16.70,climb_cruise,439.1,439.1,34375.7,-17968,-34.94,-153.82,322.70,10.14,15.0,125.0,0,0,7.36,-17.40,-4.17,-0.023,0.034,0.004,1.000,0.100,0.100,0.100,1,15.9,102.0,763,804,16,116,0
16.72,climb_cruise,439.2,439.2,34369.7,-18080,-35.11,-154.17,322.72,10.16,15.0,125.0,0,0,7.37,-17.40,-4.16,-0.023,0.034,0.004,1.000,0.100,0.100,0.100,1,15.8,102.0,763,804,16,115,0
16.74,climb_cruise,439.3,439.3,34363.6,-18192,-35.28,-154.53,322.73,10.18,15.0,125.0,0,0,7.39,-17.39,-4.16,-0.023,0.034,0.004,1.000,0.100,0.100,0.100,1,15.8,102.0,763,804,16,115,0
16.76,climb_cruise,439.4,439.4,34357.5,-18305,-35.45,-154.89,322.74,10.19,15.0,125.0,0,0,7.40,-17.38,-4.15,-0.023,0.034,0.004,1.000,0.100,0.100,0.100,1,15.8,102.0,763,804,16,115,0
16.78,climb_cruise,439.6,439.6,34351.4,-18418,-35.62,-155.24,322.76,10.21,15.0,125.0,0,0,7.41,-17.38,-4.14,-0.023,0.034,0.004,1.000,0.100,0.100,0.100,1,15.7,102.0,763,804,16,114,0
16.80,climb_cruise,439.7,439.7,34345.3,-18530,-35.79,-155.60,322.78,10.23,15.0,125.0,0,0,7.43,-17.37,-4.13,-0.023,0.034,0.004,1.000,0.100,0.100,0.100,1,15.7,102.0,763,804,16,114,0
16.82,climb_cruise,439.8,439.8,34339.1,-18643,-35.96,-155.96,322.79,10.25,15.0,125.0,0,0,7.44,-17.37,-4.12,-0.023,0.034,0.004,1.000,0.100,0.100,0.100,1,15.7,102.0,763,804,16,115,0
16.84,climb_cruise,439.9,439.9,34332.8,-18757,-36.13,-156.32,322.81,10.26,15.0,125.0,0,0,7.45,-17.36,-4.11,-0.023,0.034,0.004,1.000,0.100,0.100,0.100,1,15.6,102.0,763,804,16,115,0
16.86,climb_cruise,440.0,440.0,34326.6,-18870,-36.30,-156.67,322.83,10.28,15.0,125.0,0,0,7.46,-17.36,-4.10,-0.023,0.034,0.004,1.000,0.100,0.100,0.100,1,15.6,102.0,763,804,16,115,0
16.88,climb_cruise,440.1,440.1,34320.3,-18984,-36.47,-157.03,322.85,10.30,15.0,125.0,0,0,7.48,-17.35,-4.09,-0.023,0.034,0.004,1.000,0.100,0.100,0.100,1,15.6,102.0,763,804,16,116,0
16.90,climb_cruise,440.2,440.2,34313.9,-19098,-36.64,-157.39,322.87,10.32,15.0,125.0,0,0,7.49,-17.34,-4.08,-0.023,0.034,0.004,1.000,0.100,0.100,0.100,1,15.5,102.0,763,804,16,116,0
16.92,climb_cruise,440.3,440.3,34307.5,-19212,-36.81,-157.75,322.90,10.33,15.0,125.0,0,0,7.50,-17.34,-4.07,-0.023,0.034,0.004,1.000,0.100,0.100,0.100,1,15.5,102.0,763,804,16,114,0
16.94,climb_cruise,440.4,440.4,34301.1,-19326,-36.98,-158.11,322.92,10.35,15.0,125.0,0,0,7.52,-17.33,-4.06,-0.023,0.034,0.004,1.000,0.100,0.100,0.100,1,15.5,102.0,763,804,16,116,0
16.96,climb_cruise,440.5,440.5,34294.7,-19441,-37.15,-158.48,322.94,10.37,15.0,125.0,0,0,7.53,-17.33,-4.05,-0.023,0.034,0.004,1.000,0.100,0.100,0.100,1,15.4,102.0,763,804,16,114,0
16.98,climb_cruise,440.6,440.6,34288.2,-19556,-37.32,-158.84,322.97,10.39,15.0,125.0,0,0,7.54,-17.32,-4.04,-0.023,0.034,0.004,1.000,0.100,0.100,0.100,1,15.4,102.0,763,804,16,114,0
17.00,climb_cruise,440.7,440.7,34281.6,-19670,-37.49,-159.20,323.00,10.41,15.0,125.0,0,0,7.55,-17.31,-4.03,-0.023,0.034,0.004,1.000,0.100,0.100,0.100,1,15.4,102.0,763,804,16,116,0
17.02,climb_cruise,440.9,440.9,34275.1,-19786,-37.66,-159.56,323.02,10.42,15.0,125.0,0,0,7.57,-17.31,-4.02,-0.023,0.034,0.004,1.000,0.100,0.100,0.100,1,15.4,102.0,763,804,16,115,0
17.04,climb_cruise,441.0,441.0,34268.5,-19901,-37.83,-159.93,323.05,10.44,15.0,125.0,0,0,7.58,-17.30,-4.01,-0.023,0.034,0.004,1.000,0.100,0.100,0.100,1,15.3,102.0,763,804,16,114,0
17.06,climb_cruise,441.1,441.1,34261.8,-20016,-38.00,-160.29,323.08,10.46,15.0,125.0,0,0,7.59,-17.29,-4.00,-0.023,0.034,0.004,1.000,0.100,0.100,0.100,1,15.3,102.0,763,804,16,114,0
17.08,climb_cruise,441.2,441.2,34255.1,-20132,-38.17,-160.66,323.11,10.48,15.0,125.0,0,0,7.60,-17.29,-3.99,-0.023,0.034,0.004,1.000,0.100,0.100,0.100,1,15.3,102.0,763,804,16,115,0
17.10,climb_cruise,441.3,441.3,34248.4,-20248,-38.34,-161.02,323.15,10.49,15.0,125.0,0,0,7.62,-17.28,-3.98,-0.023,0.034,0.004,1.000,0.100,0.100,0.100,1,15.2,102.0,763,804,16,116,0
17.12,climb_cruise,441.4,441.4,34241.6,-20364,-38.51,-161.39,323.18,10.51,15.0,125.0,0,0,7.63,-17.27,-3.97,-0.023,0.034,0.004,1.000,0.100,0.100,0.100,1,15.2,102.0,763,804,16,115,0
17.14,climb_cruise,441.6,441.6,34234.8,-20480,-38.68,-161.76,323.21,10.53,15.0,125.0,0,0,7.64,-17.27,-3.96,-0.023,0.034,0.004,1.000,0.100,0.100,0.100,1,15.2,102.0,763,804,16,116,0
17.16,climb_cruise,441.7,441.7,34228.0,-20596,-38.85,-162.12,323.25,10.55,15.0,125.0,0,0,7.65,-17.26,-3.95,-0.023,0.034,0.004,1.000,0.100,0.100,0.100,1,15.1,102.0,763,804,16,116,0
17.18,climb_cruise,441.8,441.8,34221.1,-20713,-39.02,-162.49,323.29,10.57,15.0,125.0,0,0,7.66,-17.25,-3.94,-0.023,0.034,0.004,1.000,0.100,0.100,0.100,1,15.1,102.0,763,804,16,115,0
17.20,climb_cruise,441.9,441.9,34214.2,-20829,-39.19,-162.86,323.33,10.58,15.0,125.0,0,0,7.68,-17.25,-3.93,-0.023,0.034,0.004,1.000,0.100,0.100,0.100,1,15.1,102.0,763,804,16,116,0
17.22,climb_cruise,442.1,442.1,34207.2,-20946,-39.36,-163.23,323.36,10.60,15.0,125.0,0,0,7.69,-17.24,-3.92,-0.023,0.034,0.004,1.000,0.100,0.100,0.100,1,15.0,102.0,763,804,16,114,0
17.24,climb_cruise,442.2,442.2,34200.2,-21063,-39.53,-163.60,323.40,10.62,15.0,125.0,0,0,7.70,-17.23,-3.91,-0.023,0.034,0.004,1.000,0.100,0.100,0.100,1,15.0,102.0,763,804,16,115,0
17.26,climb_cruise,442.3,442.3,34193.2,-21180,-39.70,-163.97,323.45,10.64,15.0,125.0,0,0,7.71,-17.23,-3.90,-0.023,0.034,0.004,1.000,0.100,0.100,0.100,1,15.0,102.0,763,804,16,115,0
17.28,climb_cruise,442.4,442.4,34186.1,-21297,-39.87,-164.34,323.49,10.65,15.0,125.0,0,0,7.72,-17.22,-3.89,-0.023,0.034,0.004,1.000,0.100,0.100,0.100,1,15.0,102.0,763,804,16,115,0
17.30,climb_cruise,442.6,442.6,34179.0,-21415,-40.04,-164.72,323.53,10.67,15.0,125.0,0,0,7.74,-17.21,-3.88,-0.023,0.034,0.004,1.000,0.100,0.100,0.100,1,14.9,102.0,763,804,16,115,0
17.32,climb_cruise,442.7,442.7,34171.9,-21532,-40.21,-165.09,323.58,10.69,15.0,125.0,0,0,7.75,-17.20,-3.87,-0.023,0.034,0.004,1.000,0.100,0.100,0.100,1,14.9,102.0,763,804,16,115,0
17.34,climb_cruise,442.8,442.8,34164.7,-21650,-40.38,-165.46,323.62,10.71,15.0,125.0,0,0,7.76,-17.20,-3.86,-0.023,0.034,0.004,1.000,0.100,0.100,0.100,1,14.9,102.0,763,804,16,116,0
17.36,climb_cruise,442.9,442.9,34157.4,-21768,-40.54,-165.84,323.67,10.73,15.0,125.0,0,0,7.77,-17.19,-3.85,-0.023,0.034,0.004,1.000,0.100,0.100,0.100,1,14.8,102.0,763,804,16,114,0
17.38,climb_cruise,443.1,443.1,34150.2,-21885,-40.71,-166.21,323.72,10.74,15.0,125.0,0,0,7.78,-17.18,-3.84,-0.023,0.034,0.004,1.000,0.100,0.100,0.100,1,14.8,102.0,763,804,16,115,0
17.40,climb_cruise,443.2,443.2,34142.9,-22004,-40.88,-166.59,323.77,10.76,15.0,125.0,0,0,7.79,-17.17,-3.83,-0.023,0.034,0.004,1.000,0.100,0.100,0.100,1,14.8,102.0,763,804,16,114,0
17.42,climb_cruise,443.3,443.3,34135.5,-22122,-41.05,-166.97,323.82,10.78,15.0,125.0,0,0,7.80,-17.17,-3.82,-0.023,0.034,0.004,1.000,0.100,0.100,0.100,1,14.7,102.0,763,804,16,115,0
17.44,climb_cruise,443.5,443.5,34128.1,-22240,-41.22,-167.35,323.88,10.80,15.0,125.0,0,0,7.82,-17.16,-3.81,-0.023,0.034,0.004,1.000,0.100,0.100,0.100,1,14.7,102.0,763,804,16,114,0
17.46,climb_cruise,443.6,443.6,34120.7,-22358,-41.39,-167.72,323.93,10.82,15.0,125.0,0,0,7.83,-17.15,-3.80,-0.023,0.034,0.005,1.000,0.100,0.100,0.100,1,14.7,102.0,763,804,16,116,0
17.48,climb_cruise,443.7,443.7,34113.2,-22477,-41.56,-168.10,323.99,10.83,15.0,125.0,0,0,7.84,-17.14,-3.79,-0.023,0.034,0.005,1.000,0.100,0.100,0.100,1,14.7,102.0,763,804,16,114,0
17.50,climb_cruise,443.9,443.9,34105.7,-22596,-41.73,-168.48,324.04,10.85,15.0,125.0,0,0,7.85,-17.13,-3.78,-0.023,0.034,0.005,1.000,0.100,0.100,0.100,1,14.6,102.0,763,804,16,116,0
17.52,climb_cruise,444.0,444.0,34098.2,-22714,-41.90,-168.87,324.10,10.87,15.0,125.0,0,0,7.86,-17.13,-3.77,-0.023,0.034,0.005,1.000,0.100,0.100,0.100,1,14.6,102.0,763,804,16,116,0
17.54,climb_cruise,444.1,444.1,34090.6,-22833,-42.07,-169.25,324.16,10.89,15.0,125.0,0,0,7.87,-17.12,-3.76,-0.023,0.034,0.005,1.000,0.100,0.100,0.100,1,14.6,102.0,763,804,16,115,0
17.56,climb_cruise,444.3,444.3,34082.9,-22952,-42.24,-169.63,324.22,10.91,15.0,125.0,0,0,7.88,-17.11,-3.75,-0.023,0.034,0.005,1.000,0.100,0.100,0.100,1,14.5,102.0,763,804,16,114,0
17.58,climb_cruise,444.4,444.4,34075.3,-23071,-42.40,-170.01,324.28,10.92,15.0,125.0,0,0,7.89,-17.10,-3.74,-0.023,0.034,0.005,1.000,0.100,0.100,0.100,1,14.5,102.0,763,804,16,116,0
17.60,climb_cruise,444.6,444.6,34067.6,-23190,-42.57,-170.40,324.35,10.94,15.0,125.0,0,0,7.90,-17.09,-3.73,-0.023,0.034,0.005,1.000,0.100,0.100,0.100,1,14.5,102.0,763,804,16,116,0
17.62,climb_cruise,444.7,444.7,34059.8,-23310,-42.74,-170.79,324.41,10.96,15.0,125.0,0,0,7.91,-17.08,-3.72,-0.023,0.034,0.005,1.000,0.100,0.100,0.100,1,14.5,102.0,763,804,16,115,0
17.64,climb_cruise,444.8,444.8,34052.0,-23429,-42.91,-171.17,324.48,10.98,15.0,125.0,0,0,7.92,-17.08,-3.71,-0.023,0.034,0.005,1.000,0.100,0.100,0.100,1,14.4,102.0,763,804,16,115,0
17.66,climb_cruise,445.0,445.0,34044.2,-23548,-43.08,-171.56,324.54,10.99,15.0,125.0,0,0,7.93,-17.07,-3.70,-0.023,0.034,0.005,1.000,0.100,0.100,0.100,1,14.4,102.0,763,804,16,115,0
17.68,climb_cruise,445.1,445.1,34036.4,-23668,-43.25,-171.95,324.61,11.01,15.0,125.0,0,0,7.95,-17.06,-3.69,-0.023,0.034,0.005,1.000,0.100,0.100,0.100,1,14.4,102.0,763,804,16,115,0
17.70,climb_cruise,445.3,445.3,34028.4,-23787,-43.41,-172.34,324.68,11.03,15.0,125.0,0,0,7.96,-17.05,-3.68,-0.023,0.034,0.005,1.000,0.100,0.100,0.100,1,14.3,102.0,763,804,16,114,0
17.72,climb_cruise,445.4,445.4,34020.5,-23907,-43.58,-172.73,324.76,11.05,15.0,125.0,0,0,7.97,-17.04,-3.67,-0.023,0.034,0.005,1.000,0.100,0.100,0.100,1,14.3,102.0,763,804,16,115,0
17.74,climb_cruise,445.6,445.6,34012.5,-24027,-43.75,-173.12,324.83,11.07,15.0,125.0,0,0,7.98,-17.03,-3.66,-0.023,0.034,0.005,1.000,0.100,0.100,0.100,1,14.3,102.0,763,804,16,116,0
17.76,climb_cruise,445.7,445.7,34004.5,-24146,-43.92,-173.51,324.90,11.08,15.0,125.0,0,0,7.99,-17.02,-3.65,-0.023,0.034,0.005,1.000,0.100,0.100,0.100,1,14.3,102.0,763,804,16,115,0
17.78,climb_cruise,445.8,445.8,33996.4,-24266,-44.08,-173.91,324.98,11.10,15.0,125.0,0,0,8.00,-17.01,-3.64,-0.023,0.034,0.005,1.000,0.100,0.100,0.100,1,14.2,102.0,763,804,16,115,0
17.80,climb_cruise,446.0,446.0,33988.3,-24386,-44.25,-174.30,325.06,11.12,15.0,125.0,0,0,8.01,-17.01,-3.63,-0.023,0.034,0.005,1.000,0.100,0.100,0.100,1,14.2,102.0,763,804,16,115,0
17.82,climb_cruise,446.1,446.1,33980.2,-24506,-44.42,-174.70,325.14,11.14,15.0,125.0,0,0,8.02,-17.00,-3.62,-0.023,0.034,0.005,1.000,0.100,0.100,0.100,1,14.2,102.0,763,804,16,115,0
17.84,climb_cruise,446.3,446.3,33972.0,-24626,-44.58,-175.09,325.22,11.16,15.0,125.0,0,0,8.03,-16.99,-3.61,-0.023,0.034,0.005,1.000,0.100,0.100,0.100,1,14.1,102.0,763,804,16,115,0
17.86,climb_cruise,446.4,446.4,33963.8,-24746,-44.75,-175.49,325.30,11.17,15.0,125.0,0,0,8.04,-16.98,-3.60,-0.023,0.034,0.005,1.000,0.100,0.100,0.100,1,14.1,102.0,763,804,16,114,0
17.88,climb_cruise,446.6,446.6,33955.5,-24866,-44.91,-175.89,325.39,11.19,15.0,125.0,0,0,8.05,-16.97,-3.59,-0.023,0.034,0.005,1.000,0.100,0.100,0.100,1,14.1,102.0,763,804,16,115,0
17.90,climb_cruise,446.8,446.8,33947.2,-24986,-45.08,-176.29,325.47,11.21,15.0,125.0,0,0,8.06,-16.96,-3.58,-0.023,0.034,0.005,1.000,0.100,0.100,0.100,1,14.1,102.0,763,804,16,115,0
17.92,climb_cruise,446.9,446.9,33938.9,-25106,-45.24,-176.69,325.56,11.23,15.0,125.0,0,0,8.07,-16.95,-3.57,-0.023,0.034,0.005,1.000,0.100,0.100,0.100,1,14.0,102.0,763,804,16,115,0
17.94,climb_cruise,447.1,447.1,33930.5,-25227,-45.41,-177.09,325.65,11.25,15.0,125.0,0,0,8.08,-16.94,-3.57,-0.023,0.034,0.005,1.000,0.100,0.100,0.100,1,14.0,102.0,763,804,16,115,0
17.96,climb_cruise,447.2,447.2,33922.0,-25347,-45.57,-177.50,325.74,11.26,15.0,125.0,0,0,8.09,-16.93,-3.56,-0.023,0.034,0.005,1.000,0.100,0.100,0.100,1,14.0,102.0,763,804,16,114,0
17.98,climb_cruise,447.4,447.4,33913.6,-25467,-45.74,-177.90,325.83,11.28,15.0,125.0,0,0,8.10,-16.92,-3.55,-0.023,0.034,0.005,1.000,0.100,0.100,0.100,1,13.9,102.0,763,804,16,115,0
18.00,climb_cruise,447.5,447.5,33905.1,-25587,-45.90,-178.31,325.93,11.30,15.0,125.0,0,0,8.11,-16.91,-3.54,-0.023,0.034,0.005,1.000,0.100,0.100,0.100,1,13.9,102.0,763,804,16,114,0
18.02,climb_cruise,447.7,447.7,33896.5,-25708,-46.07,-178.71,326.02,11.32,15.0,125.0,0,0,8.12,-16.90,-3.53,-0.023,0.034,0.005,1.000,0.100,0.100,0.100,1,13.9,102.0,763,804,16,116,0
18.04,climb_cruise,447.8,447.8,33887.9,-25828,-46.23,-179.12,326.12,11.34,15.0,125.0,0,0,8.13,-16.89,-3.52,-0.023,0.034,0.005,1.000,0.100,0.100,0.100,1,13.9,102.0,763,804,16,115,0
18.06,climb_cruise,448.0,448.0,33879.3,-25948,-46.39,-179.53,326.22,11.35,15.0,125.0,0,0,8.14,-16.88,-3.51,-0.023,0.034,0.005,1.000,0.100,0.100,0.100,1,13.8,102.0,763,804,16,114,0
18.08,climb_cruise,448.2,448.2,33870.7,-26069,-46.56,-179.94,326.32,11.37,15.0,125.0,0,0,8.15,-16.87,-3.50,-0.023,0.034,0.005,1.000,0.100,0.100,0.100,1,13.8,102.0,763,804,16,115,0
18.10,climb_cruise,448.3,448.3,33862.0,-26189,-46.72,179.65,326.42,11.39,15.0,125.0,0,0,8.16,-16.86,-3.49,-0.023,0.034,0.005,1.000,0.100,0.100,0.100,1,13.8,102.0,763,804,16,115,0
18.12,climb_cruise,448.5,448.5,33853.2,-26309,-46.88,179.23,326.52,11.41,15.0,125.0,0,0,8.16,-16.86,-3.48,-0.023,0.034,0.005,1.000,0.100,0.100,0.100,1,13.8,102.0,763,804,16,115,0
18.14,climb_cruise,448.7,448.7,33844.4,-26430,-47.05,178.82,326.63,11.43,15.0,125.0,0,0,8.17,-16.85,-3.47,-0.023,0.034,0.005,1.000,0.100,0.100,0.100,1,13.7,102.0,763,804,16,114,0
18.16,climb_cruise,448.8,448.8,33835.6,-26550,-47.21,178.40,326.74,11.44,15.0,125.0,0,0,8.18,-16.84,-3.46,-0.023,0.034,0.005,1.000,0.100,0.100,0.100,1,13.7,102.0,763,804,16,116,0
18.18,climb_cruise,449.0,449.0,33826.7,-26670,-47.37,177.99,326.85,11.46,15.0,125.0,0,0,8.19,-16.83,-3.45,-0.023,0.034,0.005,1.000,0.100,0.100,0.100,1,13.7,102.0,763,804,16,114,0
18.20,climb_cruise,449.1,449.1,33817.8,-26791,-47.53,177.57,326.96,11.48,15.0,125.0,0,0,8.20,-16.82,-3.44,-0.023,0.034,0.005,1.000,0.100,0.100,0.100,1,13.6,102.0,763,804,16,115,0
18.22,climb_cruise,449.3,449.3,33808.9,-26911,-47.69,177.15,327.07,11.50,15.0,125.0,0,0,8.21,-16.81,-3.43,-0.023,0.034,0.005,1.000,0.100,0.100,0.100,1,13.6,102.0,763,804,16,115,0
18.24,climb_cruise,449.5,449.5,33799.9,-27031,-47.85,176.73,327.19,11.52,15.0,125.0,0,0,8.22,-16.80,-3.42,-0.023,0.034,0.005,1.000,0.100,0.100,0.100,1,13.6,102.0,763,804,16,115,0
18.26,climb_cruise,449.6,449.6,33790.9,-27151,-48.01,176.31,327.30,11.54,15.0,125.0,0,0,8.23,-16.79,-3.41,-0.023,0.034,0.005,1.000,0.100,0.100,0.100,1,13.6,102.0,763,804,16,116,0
18.28,climb_cruise,449.8,449.8,33781.8,-27272,-48.17,175.88,327.42,11.55,15.0,125.0,0,0,8.24,-16.78,-3.40,-0.023,0.034,0.005,1.000,0.100,0.100,0.100,1,13.5,102.0,763,804,16,115,0
18.30,climb_cruise,450.0,450.0,33772.7,-27392,-48.33,175.46,327.54,11.57,15.0,125.0,0,0,8.25,-16.80,-3.40,-0.023,0.033,0.005,1.000,0.100,0.100,0.100,1,13.5,102.0,763,804,16,115,0
18.32,climb_cruise,450.2,450.2,33763.5,-27512,-48.49,175.03,327.66,11.59,15.0,125.0,0,0,8.26,-16.81,-3.39,-0.023,0.032,0.005,1.000,0.100,0.100,0.100,1,13.5,102.0,763,804,16,114,0
18.34,climb_cruise,450.3,450.3,33754.4,-27632,-48.65,174.60,327.79,11.61,15.0,125.0,0,0,8.27,-16.83,-3.38,-0.023,0.030,0.005,1.000,0.100,0.100,0.100,1,13.5,102.0,763,804,16,115,0
18.36,climb_cruise,450.5,450.5,33745.1,-27752,-48.81,174.17,327.92,11.63,15.0,125.0,0,0,8.27,-16.85,-3.37,-0.023,0.029,0.005,1.000,0.100,0.100,0.100,1,13.4,102.0,763,804,16,114,0
18.38,climb_cruise,450.7,450.7,33735.9,-27872,-48.96,173.73,328.04,11.64,15.0,125.0,0,0,8.28,-16.86,-3.36,-0.023,0.028,0.005,1.000,0.100,0.100,0.100,1,13.4,102.0,763,804,16,116,0
18.40,climb_cruise,450.8,450.8,33726.6,-27992,-49.12,173.30,328.17,11.66,15.0,125.0,0,0,8.29,-16.88,-3.35,-0.023,0.027,0.005,1.000,0.100,0.100,0.100,1,13.4,102.0,763,804,16,115,0
18.42,climb_cruise,451.0,451.0,33717.2,-28112,-49.28,172.86,328.31,11.68,15.0,125.0,0,0,8.30,-16.90,-3.35,-0.023,0.026,0.005,1.000,0.100,0.100,0.100,1,13.3,102.0,763,804,16,115,0
18.44,climb_cruise,451.2,451.2,33707.8,-28232,-49.43,172.41,328.44,11.70,15.0,125.0,0,0,8.13,-17.40,-3.37,0.000,0.000,0.000,1.000,0.100,0.100,0.100,1,13.3,102.0,763,804,16,116,0
18.46,climb_cruise,451.4,451.4,33698.4,-28351,-49.58,171.96,328.58,11.71,15.0,125.0,0,0,7.99,-17.58,-3.39,0.000,0.000,0.000,1.000,0.100,0.100,0.100,1,13.3,102.0,763,804,16,116,0
18.48,climb_cruise,451.6,451.6,33688.9,-28471,-49.73,171.50,328.72,11.73,15.0,125.0,0,0,7.90,-17.64,-3.41,0.000,0.000,0.000,1.000,0.100,0.100,0.100,1,13.3,102.0,763,804,16,114,0
18.50,climb_cruise,451.7,451.7,33679.4,-28591,-49.88,171.04,328.86,11.74,15.0,125.0,0,0,7.84,-17.67,-3.42,0.000,0.000,0.000,1.000,0.100,0.100,0.100,1,13.2,102.0,763,804,16,114,0
18.52,climb_cruise,451.9,451.9,33669.9,-28710,-50.02,170.58,329.00,11.75,15.0,125.0,0,0,7.81,-17.68,-3.44,0.000,0.000,0.000,1.000,0.100,0.100,0.100,1,13.2,102.0,763,804,16,114,0
18.54,climb_cruise,452.1,452.1,33660.3,-28829,-50.16,170.11,329.15,11.76,15.0,125.0,0,0,7.80,-17.69,-3.45,0.000,0.000,0.000,1.000,0.100,0.100,0.100,1,13.2,102.0,763,804,16,115,0
18.56,climb_cruise,452.3,452.3,33650.7,-28949,-50.30,169.64,329.30,11.76,15.0,125.0,0,0,7.82,-17.70,-3.46,0.000,0.000,0.000,1.000,0.100,0.100,0.100,1,13.2,102.0,763,804,16,114,0
18.58,climb_cruise,452.4,452.4,33641.0,-29068,-50.44,169.17,329.45,11.77,15.0,125.0,0,0,7.85,-17.70,-3.46,0.000,0.000,0.000,1.000,0.100,0.100,0.100,1,13.1,102.0,763,804,16,116,0
18.60,climb_cruise,452.6,452.6,33631.3,-29187,-50.59,168.70,329.60,11.78,15.0,125.0,0,0,7.90,-17.70,-3.47,0.000,0.000,0.000,1.000,0.100,0.100,0.100,1,13.1,102.0,763,804,16,115,0
18.62,climb_cruise,452.8,452.8,33621.5,-29305,-50.73,168.22,329.76,11.79,15.0,125.0,0,0,7.96,-17.70,-3.47,0.000,0.000,0.000,1.000,0.100,0.100,0.100,1,13.1,102.0,763,804,16,115,0
18.64,climb_cruise,453.0,453.0,33611.8,-29424,-50.87,167.74,329.92,11.81,15.0,125.0,0,0,8.02,-17.70,-3.47,0.000,0.000,0.000,1.000,0.100,0.100,0.100,1,13.1,102.0,763,804,16,114,0
18.66,climb_cruise,453.2,453.2,33601.9,-29542,-51.01,167.26,330.08,11.82,15.0,125.0,0,0,8.08,-17.70,-3.47,0.000,0.000,0.000,1.000,0.100,0.100,0.100,1,13.0,102.0,763,804,16,116,0
18.68,climb_cruise,453.4,453.4,33592.1,-29661,-51.15,166.78,330.25,11.83,15.0,125.0,0,0,8.14,-17.70,-3.46,0.000,0.000,0.000,1.000,0.100,0.100,0.100,1,13.0,102.0,763,804,16,115,0
18.70,climb_cruise,453.6,453.6,33582.2,-29779,-51.30,166.30,330.42,11.85,15.0,125.0,0,0,8.20,-17.69,-3.46,0.000,0.000,0.000,1.000,0.100,0.100,0.100,1,13.0,102.0,763,804,16,116,0
18.72,climb_cruise,453.7,453.7,33572.2,-29897,-51.44,165.81,330.59,11.86,15.0,125.0,0,0,8.25,-17.69,-3.45,0.000,0.000,0.000,1.000,0.100,0.100,0.100,1,13.0,102.0,763,804,16,115,0
18.74,climb_cruise,453.9,453.9,33562.2,-30015,-51.58,165.32,330.76,11.88,15.0,125.0,0,0,8.30,-17.68,-3.44,0.000,0.000,0.000,1.000,0.100,0.100,0.100,1,12.9,102.0,763,804,16,115,0
18.76,climb_cruise,454.1,454.1,33552.2,-30133,-51.73,164.83,330.94,11.90,15.0,125.0,0,0,8.34,-17.67,-3.44,0.000,0.000,0.000,1.000,0.100,0.100,0.100,1,12.9,102.0,763,804,16,116,0
18.78,climb_cruise,454.3,454.3,33542.2,-30250,-51.87,164.33,331.12,11.92,15.0,125.0,0,0,8.37,-17.67,-3.43,0.000,0.000,0.000,1.000,0.100,0.100,0.100,1,12.9,102.0,763,804,16,115,0
18.80,climb_cruise,454.5,454.5,33532.1,-30368,-52.01,163.84,331.30,11.94,15.0,125.0,0,0,8.40,-17.66,-3.42,0.000,0.000,0.000,1.000,0.100,0.100,0.100,1,12.8,102.0,763,804,16,115,0
18.82,climb_cruise,454.7,454.7,33521.9,-30485,-52.15,163.34,331.48,11.96,15.0,125.0,0,0,8.42,-17.65,-3.41,0.000,0.000,0.000,1.000,0.100,0.100,0.100,1,12.8,102.0,763,804,16,116,0
18.84,climb_cruise,454.9,454.9,33511.8,-30603,-52.29,162.84,331.67,11.98,15.0,125.0,0,0,8.43,-17.64,-3.40,0.000,0.000,0.000,1.000,0.100,0.100,0.100,1,12.8,102.0,763,804,16,116,0
18.86,climb_cruise,455.1,455.1,33501.5,-30720,-52.44,162.34,331.86,12.00,15.0,125.0,0,0,8.44,-17.63,-3.39,0.000,0.000,0.000,1.000,0.100,0.100,0.100,1,12.8,102.0,763,804,16,115,0
18.88,climb_cruise,455.3,455.3,33491.3,-30837,-52.58,161.83,332.05,12.02,15.0,125.0,0,0,8.45,-17.62,-3.38,0.000,0.000,0.000,1.000,0.100,0.100,0.100,1,12.7,102.0,763,804,16,114,0
18.90,climb_cruise,455.5,455.5,33481.0,-30953,-52.71,161.33,332.24,12.04,15.0,125.0,0,0,8.45,-17.60,-3.36,0.000,0.000,0.000,1.000,0.100,0.100,0.100,1,12.7,102.0,763,804,16,116,0
18.92,climb_cruise,455.7,455.7,33470.7,-31070,-52.85,160.82,332.44,12.06,15.0,125.0,0,0,8.46,-17.59,-3.35,0.000,0.000,0.000,1.000,0.100,0.100,0.100,1,12.7,102.0,763,804,16,116,0
18.94,climb_cruise,455.8,455.8,33460.3,-31186,-52.99,160.31,332.64,12.08,15.0,125.0,0,0,8.46,-17.58,-3.34,0.000,0.000,0.000,1.000,0.100,0.100,0.100,1,12.7,102.0,763,804,16,116,0
18.96,climb_cruise,456.0,456.0,33449.9,-31303,-53.13,159.80,332.84,12.09,15.0,125.0,0,0,8.45,-17.57,-3.33,0.000,0.000,0.000,1.000,0.100,0.100,0.100,1,12.6,102.0,763,804,16,116,0
18.98,climb_cruise,456.2,456.2,33439.4,-31419,-53.26,159.28,333.04,12.11,15.0,125.0,0,0,8.45,-17.56,-3.32,0.000,0.000,0.000,1.000,0.100,0.100,0.100,1,12.6,102.0,763,804,16,114,0
19.00,climb_cruise,456.4,456.4,33428.9,-31535,-53.40,158.77,333.25,12.13,15.0,125.0,0,0,8.45,-17.55,-3.31,0.000,0.000,0.000,1.000,0.100,0.100,0.100,1,12.6,102.0,763,804,16,115,0
19.02,climb_cruise,456.6,456.6,33418.4,-31650,-53.53,158.25,333.45,12.15,15.0,125.0,0,0,8.45,-17.53,-3.31,0.000,0.000,0.000,1.000,0.100,0.100,0.100,1,12.6,102.0,763,804,16,114,0
19.04,climb_cruise,456.8,456.8,33407.8,-31766,-53.66,157.73,333.66,12.17,15.0,125.0,0,0,8.45,-17.52,-3.30,0.000,0.000,0.000,1.000,0.100,0.100,0.100,1,12.5,102.0,763,804,16,114,0
19.06,climb_cruise,457.0,457.0,33397.2,-31881,-53.79,157.21,333.88,12.19,15.0,125.0,0,0,8.45,-17.51,-3.29,0.000,0.000,0.000,1.000,0.100,0.100,0.100,1,12.5,102.0,763,804,16,115,0
19.08,climb_cruise,457.2,457.2,33386.6,-31996,-53.92,156.69,334.09,12.21,15.0,125.0,0,0,8.45,-17.50,-3.28,0.000,0.000,0.000,1.000,0.100,0.100,0.100,1,12.5,102.0,763,804,16,114,0
19.10,climb_cruise,457.4,457.4,33375.9,-32111,-54.05,156.16,334.31,12.22,15.0,125.0,0,0,8.45,-17.49,-3.27,0.000,0.000,0.000,1.000,0.100,0.100,0.100,1,12.5,102.0,763,804,16,114,0
19.12,climb_cruise,457.6,457.6,33365.2,-32226,-54.18,155.63,334.53,12.24,15.0,125.0,0,0,8.46,-17.48,-3.26,0.000,0.000,0.000,1.000,0.100,0.100,0.100,1,12.4,102.0,763,804,16,116,0
19.14,climb_cruise,457.8,457.8,33354.4,-32340,-54.30,155.10,334.75,12.26,15.0,125.0,0,0,8.46,-17.46,-3.25,0.000,0.000,0.000,1.000,0.100,0.100,0.100,1,12.4,102.0,763,804,16,114,0
19.16,climb_cruise,458.0,458.0,33343.6,-32454,-54.43,154.57,334.97,12.28,15.0,125.0,0,0,8.47,-17.45,-3.25,0.000,0.000,0.000,1.000,0.100,0.100,0.100,1,12.4,102.0,763,804,16,116,0
19.18,climb_cruise,458.2,458.2,33332.8,-32568,-54.55,154.04,335.20,12.30,15.0,125.0,0,0,8.48,-17.44,-3.24,0.000,0.000,0.000,1.000,0.100,0.100,0.100,1,12.4,102.0,763,804,16,116,0
19.20,climb_cruise,458.5,458.5,33321.9,-32682,-54.68,153.50,335.43,12.31,15.0,125.0,0,0,8.48,-17.43,-3.23,0.000,0.000,0.000,1.000,0.100,0.100,0.100,1,12.3,102.0,763,804,16,116,0
19.22,climb_cruise,458.7,458.7,33311.0,-32796,-54.80,152.96,335.66,12.33,15.0,125.0,0,0,8.49,-17.42,-3.22,0.000,0.000,0.000,1.000,0.100,0.100,0.100,1,12.3,102.0,763,804,16,114,0
19.24,climb_cruise,458.9,458.9,33300.1,-32909,-54.92,152.42,335.90,12.35,15.0,125.0,0,0,8.50,-17.41,-3.22,0.000,0.000,0.000,1.000,0.100,0.100,0.100,1,12.3,102.0,763,804,16,116,0
19.26,climb_cruise,459.1,459.1,33289.1,-33022,-55.04,151.88,336.14,12.37,15.0,125.0,0,0,8.51,-17.40,-3.21,0.000,0.000,0.000,1.000,0.100,0.100,0.100,1,12.3,102.0,763,804,16,115,0
19.28,climb_cruise,459.3,459.3,33278.1,-33135,-55.16,151.34,336.38,12.39,15.0,125.0,0,0,8.52,-17.39,-3.20,0.000,0.000,0.000,1.000,0.100,0.100,0.100,1,12.2,102.0,763,804,16,115,0
19.30,climb_cruise,459.5,459.5,33267.0,-33247,-55.28,150.79,336.62,12.41,15.0,125.0,0,0,8.53,-17.38,-3.20,0.000,0.000,0.000,1.000,0.100,0.100,0.100,1,12.2,102.0,763,804,16,115,0
19.32,climb_cruise,459.7,459.7,33255.9,-33359,-55.40,150.24,336.86,12.42,15.0,125.0,0,0,8.54,-17.37,-3.19,0.000,0.000,0.000,1.000,0.100,0.100,0.100,1,12.2,102.0,763,804,16,115,0
19.34,climb_cruise,459.9,459.9,33244.8,-33471,-55.51,149.69,337.11,12.44,15.0,125.0,0,0,8.54,-17.36,-3.18,0.000,0.000,0.000,1.000,0.100,0.100,0.100,1,12.2,102.0,763,804,16,114,0
19.36,climb_cruise,460.1,460.1,33233.6,-33583,-55.63,149.13,337.36,12.46,15.0,125.0,0,0,8.55,-17.34,-3.18,0.000,0.000,0.000,1.000,0.100,0.100,0.100,1,12.1,102.0,763,804,16,115,0
19.38,climb_cruise,460.3,460.3,33222.4,-33694,-55.74,148.58,337.62,12.48,15.0,125.0,0,0,8.56,-17.33,-3.17,0.000,0.000,0.000,1.000,0.100,0.100,0.100,1,12.1,102.0,763,804,16,116,0
19.40,climb_cruise,460.5,460.5,33211.1,-33805,-55.85,148.02,337.87,12.50,15.0,125.0,0,0,8.57,-17.32,-3.16,0.000,0.000,0.000,1.000,0.100,0.100,0.100,1,12.1,102.0,763,804,16,116,0
19.42,climb_cruise,460.8,460.8,33199.9,-33916,-55.97,147.46,338.13,12.51,15.0,125.0,0,0,8.58,-17.31,-3.16,0.000,0.000,0.000,1.000,0.100,0.100,0.100,1,12.1,102.0,763,804,16,114,0
19.44,climb_cruise,461.0,461.0,33188.5,-34027,-56.08,146.89,338.39,12.53,15.0,125.0,0,0,8.59,-17.30,-3.15,0.000,0.000,0.000,1.000,0.100,0.100,0.100,1,12.1,102.0,763,804,16,115,0
19.46,climb_cruise,461.2,461.2,33177.2,-34137,-56.18,146.33,338.66,12.55,15.0,125.0,0,0,8.59,-17.29,-3.15,0.000,0.000,0.000,1.000,0.100,0.100,0.100,1,12.0,102.0,763,804,16,115,0
19.48,climb_cruise,461.4,461.4,33165.8,-34247,-56.29,145.76,338.92,12.57,15.0,125.0,0,0,8.60,-17.28,-3.14,0.000,0.000,0.000,1.000,0.100,0.100,0.100,1,12.0,102.0,763,804,16,115,0
19.50,climb_cruise,461.6,461.6,33154.4,-34357,-56.40,145.19,339.19,12.59,15.0,125.0,0,0,8.61,-17.27,-3.13,0.000,0.000,0.000,1.000,0.100,0.100,0.100,1,12.0,102.0,763,804,16,116,0
19.52,climb_cruise,461.8,461.8,33142.9,-34466,-56.50,144.62,339.46,12.61,15.0,125.0,0,0,8.61,-17.26,-3.13,0.000,0.000,0.000,1.000,0.100,0.100,0.100,1,12.0,102.0,763,804,16,115,0
19.54,climb_cruise,462.0,462.0,33131.4,-34575,-56.61,144.05,339.74,12.62,15.0,125.0,0,0,8.62,-17.25,-3.12,0.000,0.000,0.000,1.000,0.100,0.100,0.100,1,11.9,102.0,763,804,16,115,0
19.56,climb_cruise,462.3,462.3,33119.9,-34683,-56.71,143.47,340.02,12.64,15.0,125.0,0,0,8.63,-17.24,-3.12,0.000,0.000,0.000,1.000,0.100,0.100,0.100,1,11.9,102.0,763,804,16,114,0
19.58,climb_cruise,462.5,462.5,33108.3,-34792,-56.81,142.89,340.30,12.66,15.0,125.0,0,0,8.63,-17.23,-3.11,0.000,0.000,0.000,1.000,0.100,0.100,0.100,1,11.9,102.0,763,804,16,115,0
19.60,climb_cruise,462.7,462.7,33096.7,-34900,-56.91,142.31,340.58,12.68,15.0,125.0,0,0,8.64,-17.22,-3.10,0.000,0.000,0.000,1.000,0.100,0.100,0.100,1,11.9,102.0,763,804,16,115,0
19.62,climb_cruise,462.9,462.9,33085.0,-35007,-57.01,141.73,340.86,12.70,15.0,125.0,0,0,8.65,-17.21,-3.10,0.000,0.000,0.000,1.000,0.100,0.100,0.100,1,11.8,102.0,763,804,16,114,0
19.64,climb_cruise,463.1,463.1,33073.3,-35115,-57.10,141.14,341.15,12.72,15.0,125.0,0,0,8.65,-17.20,-3.09,0.000,0.000,0.000,1.000,0.100,0.100,0.100,1,11.8,102.0,763,804,16,115,0
19.66,climb_cruise,463.4,463.4,33061.6,-35222,-57.20,140.55,341.44,12.73,15.0,125.0,0,0,8.66,-17.19,-3.09,0.000,0.000,0.000,1.000,0.100,0.100,0.100,1,11.8,102.0,763,804,16,115,0
19.68,climb_cruise,463.6,463.6,33049.9,-35328,-57.29,139.96,341.73,12.75,15.0,125.0,0,0,8.67,-17.18,-3.08,0.000,0.000,0.000,1.000,0.100,0.100,0.100,1,11.8,102.0,763,804,16,116,0
19.70,climb_cruise,463.8,463.8,33038.1,-35434,-57.39,139.37,342.03,12.77,15.0,125.0,0,0,8.67,-17.17,-3.08,0.000,0.000,0.000,1.000,0.100,0.100,0.100,1,11.7,102.0,763,804,16,115,0
19.72,climb_cruise,464.0,464.0,33026.2,-35540,-57.48,138.78,342.33,12.79,15.0,125.0,0,0,8.68,-17.16,-3.07,0.000,0.000,0.000,1.000,0.100,0.100,0.100,1,11.7,102.0,763,804,16,115,0
19.74,climb_cruise,464.2,464.2,33014.4,-35646,-57.57,138.18,342.63,12.81,15.0,125.0,0,0,8.69,-17.15,-3.07,0.000,0.000,0.000,1.000,0.100,0.100,0.100,1,11.7,102.0,763,804,16,116,0
19.76,climb_cruise,464.5,464.5,33002.5,-35751,-57.65,137.58,342.93,12.83,15.0,125.0,0,0,8.69,-17.13,-3.06,0.000,0.000,0.000,1.000,0.100,0.100,0.100,1,11.7,102.0,763,804,16,116,0
19.78,climb_cruise,464.7,464.7,32990.5,-35856,-57.74,136.98,343.23,12.84,15.0,125.0,0,0,8.70,-17.12,-3.06,0.000,0.000,0.000,1.000,0.100,0.100,0.100,1,11.6,102.0,763,804,16,115,0
19.80,climb_cruise,464.9,464.9,32978.6,-35960,-57.83,136.38,343.54,12.86,15.0,125.0,0,0,8.71,-17.11,-3.05,0.000,0.000,0.000,1.000,0.100,0.100,0.100,1,11.6,102.0,763,804,16,115,0
19.82,climb_cruise,465.1,465.1,32966.6,-36064,-57.91,135.78,343.85,12.88,15.0,125.0,0,0,8.71,-17.10,-3.05,0.000,0.000,0.000,1.000,0.100,0.100,0.100,1,11.6,102.0,763,804,16,114,0
19.84,climb_cruise,465.4,465.4,32954.5,-36168,-57.99,135.17,344.16,12.90,15.0,125.0,0,0,8.72,-17.09,-3.04,0.000,0.000,0.000,1.000,0.100,0.100,0.100,1,11.6,102.0,763,804,16,116,0
19.86,climb_cruise,465.6,465.6,32942.5,-36271,-58.07,134.56,344.48,12.92,15.0,125.0,0,0,8.73,-17.08,-3.04,0.000,0.000,0.000,1.000,0.100,0.100,0.100,1,11.6,102.0,763,804,16,115,0
19.88,climb_cruise,465.8,465.8,32930.4,-36374,-58.15,133.95,344.79,12.94,15.0,125.0,0,0,8.73,-17.07,-3.03,0.000,0.000,0.000,1.000,0.100,0.100,0.100,1,11.5,102.0,763,804,16,114,0
19.90,climb_cruise,466.0,466.0,32918.2,-36476,-58.23,133.34,345.11,12.95,15.0,125.0,0,0,8.74,-17.06,-3.03,0.000,0.000,0.000,1.000,0.100,0.100,0.100,1,11.5,102.0,763,804,16,114,0
19.92,climb_cruise,466.3,466.3,32906.1,-36578,-58.30,132.72,345.44,12.97,15.0,125.0,0,0,8.75,-17.05,-3.02,0.000,0.000,0.000,1.000,0.100,0.100,0.100,1,11.5,102.0,763,804,16,115,0
19.94,climb_cruise,466.5,466.5,32893.9,-36679,-58.37,132.11,345.76,12.99,15.0,125.0,0,0,8.76,-17.04,-3.02,0.000,0.000,0.000,1.000,0.100,0.100,0.100,1,11.5,102.0,763,804,16,114,0
19.96,climb_cruise,466.7,466.7,32881.6,-36781,-58.45,131.49,346.09,13.01,15.0,125.0,0,0,8.76,-17.03,-3.02,0.000,0.000,0.000,1.000,0.100,0.100,0.100,1,11.4,102.0,763,804,16,115,0
19.98,climb_cruise,467.0,467.0,32869.3,-36881,-58.52,130.87,346.41,13.03,15.0,125.0,0,0,8.77,-17.02,-3.01,0.000,0.000,0.000,1.000,0.100,0.100,0.100,1,11.4,102.0,763,804,16,114,0
20.00,climb_cruise,467.2,467.2,32857.0,-36982,-58.58,130.24,346.74,13.05,15.0,125.0,0,0,8.78,-17.01,-3.01,0.000,0.000,0.000,1.000,0.100,0.100,0.100,1,11.4,102.0,763,804,16,115,0
20.02,climb_cruise,467.4,467.4,32844.7,-37081,-58.65,129.62,347.08,13.06,15.0,125.0,0,0,8.78,-17.00,-3.00,0.000,0.000,0.000,1.000,0.100,0.100,0.100,1,11.4,102.0,763,804,16,116,0
20.04,climb_cruise,467.6,467.6,32832.3,-37181,-58.72,128.99,347.41,13.08,15.0,125.0,0,0,8.79,-16.99,-3.00,0.000,0.000,0.000,1.000,0.100,0.100,0.100,1,11.3,102.0,763,804,16,114,0
20.06,climb_cruise,467.9,467.9,32819.9,-37280,-58.78,128.37,347.75,13.10,15.0,125.0,0,0,8.80,-16.98,-3.00,0.000,0.000,0.000,1.000,0.100,0.100,0.100,1,11.3,102.0,763,804,16,115,0
20.08,climb_cruise,468.1,468.1,32807.5,-37378,-58.84,127.74,348.09,13.12,15.0,125.0,0,0,8.80,-16.97,-2.99,0.000,0.000,0.000,1.000,0.100,0.100,0.100,1,11.3,102.0,763,804,16,116,0
20.10,climb_cruise,468.3,468.3,32795.0,-37476,-58.90,127.11,348.43,13.14,15.0,125.0,0,0,8.81,-16.96,-2.99,0.000,0.000,0.000,1.000,0.100,0.100,0.100,1,11.3,102.0,763,804,16,115,0
20.12,climb_cruise,468.6,468.6,32782.5,-37574,-58.96,126.47,348.77,13.16,15.0,125.0,0,0,8.82,-16.95,-2.99,0.000,0.000,0.000,1.000,0.100,0.100,0.100,1,11.3,102.0,763,804,16,115,0
20.14,climb_cruise,468.8,468.8,32769.9,-37671,-59.01,125.84,349.12,13.17,15.0,125.0,0,0,8.82,-16.94,-2.98,0.000,0.000,0.000,1.000,0.100,0.100,0.100,1,11.2,102.0,763,804,16,115,0
20.16,climb_cruise,469.0,469.0,32757.4,-37767,-59.07,125.20,349.46,13.19,15.0,125.0,0,0,8.83,-16.93,-2.98,0.000,0.000,0.000,1.000,0.100,0.100,0.100,1,11.2,102.0,763,804,16,114,0
20.18,climb_cruise,469.3,469.3,32744.8,-37863,-59.12,124.57,349.81,13.21,15.0,125.0,0,0,8.84,-16.92,-2.98,0.000,0.000,0.000,1.000,0.100,0.100,0.100,1,11.2,102.0,763,804,16,115,0
20.20,climb_cruise,469.5,469.5,32732.1,-37959,-59.17,123.93,350.16,13.23,15.0,125.0,0,0,8.84,-16.91,-2.97,0.000,0.000,0.000,1.000,0.100,0.100,0.100,1,11.2,102.0,763,804,16,115,0
20.22,climb_cruise,469.7,469.7,32719.5,-38054,-59.22,123.29,350.51,13.25,15.0,125.0,0,0,8.85,-16.90,-2.97,0.000,0.000,0.000,1.000,0.100,0.100,0.100,1,11.1,102.0,763,804,16,116,0
20.24,climb_cruise,470.0,470.0,32706.8,-38149,-59.27,122.64,350.87,13.27,15.0,125.0,0,0,8.86,-16.89,-2.97,0.000,0.000,0.000,1.000,0.100,0.100,0.100,1,11.1,102.0,763,804,16,116,0
20.26,climb_cruise,470.2,470.2,32694.0,-38243,-59.31,122.00,351.22,13.28,15.0,125.0,0,0,8.86,-16.88,-2.96,0.000,0.000,0.000,1.000,0.100,0.100,0.100,1,11.1,102.0,763,804,16,115,0
20.28,climb_cruise,470.5,470.5,32681.3,-38336,-59.35,121.36,351.58,13.30,15.0,125.0,0,0,8.87,-16.87,-2.96,0.000,0.000,0.000,1.000,0.100,0.100,0.100,1,11.1,102.0,763,804,16,115,0
20.30,climb_cruise,470.7,470.7,32668.5,-38430,-59.39,120.71,351.94,13.32,15.0,125.0,0,0,8.88,-16.86,-2.96,0.000,0.000,0.000,1.000,0.100,0.100,0.100,1,11.1,102.0,763,804,16,115,0
20.32,climb_cruise,470.9,470.9,32655.7,-38522,-59.43,120.06,352.30,13.34,15.0,125.0,0,0,8.88,-16.85,-2.95,0.000,0.000,0.000,1.000,0.100,0.100,0.100,1,11.0,102.0,763,804,16,115,0
20.34,climb_cruise,471.2,471.2,32642.8,-38614,-59.47,119.41,352.66,13.36,15.0,125.0,0,0,8.89,-16.84,-2.95,0.000,0.000,0.000,1.000,0.100,0.100,0.100,1,11.0,102.0,763,804,16,114,0
20.36,climb_cruise,471.4,471.4,32629.9,-38706,-59.50,118.77,353.02,13.38,15.0,125.0,0,0,8.90,-16.83,-2.95,0.000,0.000,0.000,1.000,0.100,0.100,0.100,1,11.0,102.0,763,804,16,116,0
20.38,climb_cruise,471.7,471.7,32617.0,-38797,-59.54,118.11,353.39,13.39,15.0,125.0,0,0,8.90,-16.82,-2.95,0.000,0.000,0.000,1.000,0.100,0.100,0.100,1,11.0,102.0,763,804,16,115,0
20.40,climb_cruise,471.9,471.9,32604.1,-38887,-59.57,117.46,353.75,13.41,15.0,125.0,0,0,8.91,-16.82,-2.94,0.000,0.000,0.000,1.000,0.100,0.100,0.100,1,10.9,102.0,763,804,16,114,0
20.42,climb_cruise,472.1,472.1,32591.1,-38977,-59.60,116.81,354.12,13.43,15.0,125.0,0,0,8.92,-16.81,-2.94,0.000,0.000,0.000,1.000,0.100,0.100,0.100,1,10.9,102.0,763,804,16,116,0
20.44,climb_cruise,472.4,472.4,32578.1,-39067,-59.62,116.16,354.49,13.45,15.0,125.0,0,0,8.92,-16.80,-2.94,0.000,0.000,0.000,1.000,0.100,0.100,0.100,1,10.9,102.0,763,804,16,115,0
20.46,climb_cruise,472.6,472.6,32565.1,-39155,-59.65,115.50,354.86,13.47,15.0,125.0,0,0,8.93,-16.79,-2.94,0.000,0.000,0.000,1.000,0.100,0.100,0.100,1,10.9,102.0,763,804,16,114,0
20.48,climb_cruise,472.9,472.9,32552.0,-39244,-59.67,114.85,355.23,13.49,15.0,125.0,0,0,8.94,-16.78,-2.94,0.000,0.000,0.000,1.000,0.100,0.100,0.100,1,10.9,102.0,763,804,16,115,0
20.50,climb_cruise,473.1,473.1,32538.9,-39331,-59.69,114.19,355.60,13.50,15.0,125.0,0,0,8.94,-16.77,-2.93,0.000,0.000,0.000,1.000,0.100,0.100,0.100,1,10.8,102.0,763,804,16,114,0
20.52,climb_cruise,473.3,473.3,32525.8,-39419,-59.71,113.54,355.97,13.52,15.0,125.0,0,0,8.95,-16.76,-2.93,0.000,0.000,0.000,1.000,0.100,0.100,0.100,1,10.8,102.0,763,804,16,115,0
20.54,climb_cruise,473.6,473.6,32512.6,-39505,-59.73,112.88,356.34,13.54,15.0,125.0,0,0,8.96,-16.75,-2.93,0.000,0.000,0.000,1.000,0.100,0.100,0.100,1,10.8,102.0,763,804,16,115,0
20.56,climb_cruise,473.8,473.8,32499.4,-39591,-59.74,112.22,356.71,13.56,15.0,125.0,0,0,8.96,-16.74,-2.93,0.000,0.000,0.000,1.000,0.100,0.100,0.100,1,10.8,102.0,763,804,16,116,0
20.58,climb_cruise,474.1,474.1,32486.2,-39677,-59.76,111.57,357.09,13.58,15.0,125.0,0,0,8.97,-16.73,-2.93,0.000,0.000,0.000,1.000,0.100,0.100,0.100,1,10.8,102.0,763,804,16,116,0
20.60,climb_cruise,474.3,474.3,32473.0,-39761,-59.77,110.91,357.46,13.60,15.0,125.0,0,0,8.98,-16.72,-2.93,0.000,0.000,0.000,1.000,0.100,0.100,0.100,1,10.7,102.0,763,804,16,114,0
20.62,climb_cruise,474.6,474.6,32459.7,-39846,-59.77,110.25,357.84,13.61,15.0,125.0,0,0,8.98,-16.71,-2.93,0.000,0.000,0.000,1.000,0.100,0.100,0.100,1,10.7,102.0,763,804,16,116,0
20.64,climb_cruise,474.8,474.8,32446.4,-39929,-59.78,109.59,358.21,13.63,15.0,125.0,0,0,8.99,-16.71,-2.92,0.000,0.000,0.000,1.000,0.100,0.100,0.100,1,10.7,102.0,763,804,16,115,0
20.66,climb_cruise,475.0,475.0,32433.1,-40012,-59.78,108.93,358.59,13.65,15.0,125.0,0,0,9.00,-16.70,-2.92,0.000,0.000,0.000,1.000,0.100,0.100,0.100,1,10.7,102.0,763,804,16,115,0
20.68,climb_cruise,475.3,475.3,32419.8,-40095,-59.79,108.27,358.96,13.67,15.0,125.0,0,0,9.01,-16.69,-2.92,0.000,0.000,0.000,1.000,0.100,0.100,0.100,1,10.6,102.0,763,804,16,115,0
20.70,climb_cruise,475.5,475.5,32406.4,-40176,-59.79,107.61,359.34,13.69,15.0,125.0,0,0,9.01,-16.68,-2.92,0.000,0.000,0.000,0.999,0.100,0.100,0.100,1,10.6,102.0,763,804,16,115,0
20.72,climb_cruise,475.8,475.8,32393.0,-40258,-59.78,106.95,359.72,13.71,15.0,125.0,0,0,9.02,-16.67,-2.92,0.000,0.000,0.000,0.997,0.100,0.100,0.100,1,10.6,102.0,763,804,16,115,0
20.74,climb_cruise,476.0,476.0,32379.6,-40338,-59.78,106.30,0.09,13.72,15.0,125.0,0,0,9.03,-16.66,-2.92,0.000,0.000,0.000,0.993,0.100,0.100,0.100,1,10.6,102.0,763,804,16,115,0
20.76,climb_cruise,476.3,476.3,32366.1,-40418,-59.77,105.64,0.47,13.74,15.0,125.0,0,0,9.03,-16.65,-2.92,0.000,0.000,0.000,0.989,0.100,0.100,0.100,1,10.6,102.0,763,804,16,115,0
20.78,climb_cruise,476.5,476.5,32352.6,-40497,-59.77,104.98,0.85,13.76,15.0,125.0,0,0,9.04,-16.64,-2.92,0.000,0.000,0.000,0.984,0.100,0.100,0.100,1,10.5,102.0,763,804,16,115,0
20.80,climb_cruise,476.8,476.8,32339.1,-40576,-59.75,104.32,1.23,13.78,15.0,125.0,0,0,9.05,-16.64,-2.92,0.000,0.000,0.000,0.979,0.100,0.100,0.100,1,10.5,102.0,763,804,16,114,0
20.82,climb_cruise,477.0,477.0,32325.6,-40654,-59.74,103.66,1.60,13.80,15.0,125.0,0,0,9.05,-16.63,-2.92,0.000,0.000,0.000,0.972,0.100,0.100,0.100,1,10.5,102.0,763,804,16,114,0
20.84,climb_cruise,477.3,477.3,32312.0,-40731,-59.73,103.00,1.98,13.82,15.0,125.0,0,0,9.06,-16.62,-2.91,0.000,0.000,0.000,0.966,0.100,0.100,0.100,1,10.5,102.0,763,804,16,115,0
20.86,climb_cruise,477.5,477.5,32298.4,-40808,-59.71,102.35,2.35,13.84,15.0,125.0,0,0,9.07,-16.61,-2.91,0.000,0.000,0.000,0.958,0.100,0.100,0.100,1,10.5,102.0,763,804,16,116,0
20.88,climb_cruise,477.8,477.8,32284.8,-40884,-59.69,101.69,2.73,13.85,15.0,125.0,0,0,9.07,-16.60,-2.91,0.000,0.000,0.000,0.950,0.100,0.100,0.100,1,10.4,102.0,763,803,16,115,0
20.90,climb_cruise,478.0,478.0,32271.2,-40959,-59.67,101.03,3.11,13.87,15.0,125.0,0,0,9.08,-16.58,-2.91,0.000,0.000,0.000,0.942,0.100,0.100,0.100,1,10.4,102.0,763,803,16,116,0
20.92,climb_cruise,478.3,478.3,32257.5,-41034,-59.65,100.38,3.48,13.89,15.0,125.0,0,0,9.09,-16.57,-2.90,0.000,0.000,0.000,0.933,0.100,0.100,0.100,1,10.4,101.9,763,803,16,114,0
20.94,climb_cruise,478.5,478.5,32243.8,-41108,-59.62,99.73,3.85,13.91,15.0,125.0,0,0,9.09,-16.56,-2.90,0.000,0.000,0.000,0.925,0.100,0.100,0.100,1,10.4,101.9,763,803,16,115,0
20.96,climb_cruise,478.8,478.8,32230.1,-41181,-59.59,99.07,4.23,13.93,15.0,125.0,0,0,9.10,-16.54,-2.89,0.000,0.000,0.000,0.915,0.100,0.100,0.100,1,10.4,101.9,763,803,16,115,0
20.98,climb_cruise,479.0,479.0,32216.4,-41254,-59.56,98.42,4.60,13.94,15.0,125.0,0,0,9.10,-16.52,-2.88,0.000,0.000,0.000,0.906,0.100,0.100,0.100,1,10.3,101.9,763,802,16,116,0
21.00,climb_cruise,479.3,479.3,32202.6,-41326,-59.53,97.77,4.97,13.96,15.0,125.0,0,0,9.11,-16.50,-2.87,0.000,0.000,0.000,0.896,0.100,0.100,0.100,1,10.3,101.9,763,802,16,115,0
21.02,climb_cruise,479.5,479.5,32188.8,-41397,-59.50,97.12,5.34,13.98,15.0,125.0,0,0,9.12,-16.48,-2.86,0.000,0.000,0.000,0.886,0.100,0.100,0.100,1,10.3,101.8,763,802,16,116,0
21.04,climb_cruise,479.8,479.8,32175.0,-41468,-59.46,96.47,5.71,14.00,15.0,125.0,0,0,9.12,-16.46,-2.85,0.000,0.000,0.000,0.876,0.100,0.100,0.100,1,10.3,101.8,763,802,16,116,0
21.06,climb_cruise,480.0,480.0,32161.2,-41538,-59.43,95.82,6.08,14.02,15.0,125.0,0,0,9.13,-16.43,-2.83,0.000,0.000,0.000,0.865,0.100,0.100,0.100,1,10.2,101.7,763,801,16,114,0
21.08,climb_cruise,480.3,480.3,32147.3,-41607,-59.39,95.18,6.45,14.04,15.0,125.0,0,0,9.13,-16.40,-2.82,0.000,0.000,0.000,0.855,0.100,0.100,0.100,1,10.2,101.7,763,801,16,116,0
21.10,climb_cruise,480.5,480.5,32133.4,-41675,-59.35,94.54,6.82,14.05,15.0,125.0,0,0,9.14,-16.37,-2.80,0.000,0.000,0.000,0.844,0.100,0.100,0.100,1,10.2,101.6,763,801,16,115,0
21.12,climb_cruise,480.8,480.8,32119.5,-41743,-59.31,93.89,7.18,14.07,15.0,125.0,0,0,9.15,-16.33,-2.78,0.000,0.000,0.000,0.833,0.100,0.100,0.100,1,10.2,101.6,763,800,16,114,0
21.14,climb_cruise,481.0,481.0,32105.6,-41810,-59.26,93.25,7.55,14.09,15.0,125.0,0,0,9.15,-16.29,-2.75,0.000,0.000,0.000,0.822,0.100,0.100,0.100,1,10.2,101.5,763,800,16,114,0
21.16,climb_cruise,481.3,481.3,32091.7,-41876,-59.22,92.62,7.91,14.11,15.0,125.0,0,0,9.16,-16.25,-2.73,0.000,0.000,0.000,0.811,0.100,0.100,0.100,1,10.1,101.4,763,799,16,116,0
21.18,climb_cruise,481.5,481.5,32077.7,-41942,-59.17,91.98,8.27,14.12,15.0,125.0,0,0,9.16,-16.20,-2.70,0.000,0.000,0.000,0.800,0.100,0.100,0.100,1,10.1,101.4,763,799,16,114,0
21.20,climb_cruise,481.8,481.8,32063.7,-42006,-59.12,91.35,8.63,14.14,15.0,125.0,0,0,9.17,-16.15,-2.67,0.000,0.000,0.000,0.789,0.100,0.100,0.100,1,10.1,101.3,763,798,16,115,0
21.22,climb_cruise,482.0,482.0,32049.7,-42070,-59.07,90.72,8.99,14.16,15.0,125.0,0,0,9.18,-16.10,-2.64,0.000,0.000,0.000,0.778,0.100,0.100,0.100,1,10.1,101.2,763,798,16,116,0
21.24,climb_cruise,482.3,482.3,32035.7,-42134,-59.02,90.09,9.35,14.18,15.0,125.0,0,0,9.18,-16.04,-2.61,0.000,0.000,0.000,0.766,0.100,0.100,0.100,1,10.1,101.1,763,797,16,115,0
21.26,climb_cruise,482.5,482.5,32021.6,-42196,-58.97,89.46,9.71,14.19,15.0,125.0,0,0,9.19,-15.97,-2.57,0.000,0.000,0.000,0.755,0.100,0.100,0.100,1,10.0,101.0,763,797,16,115,0
21.28,climb_cruise,482.8,482.8,32007.5,-42258,-58.91,88.84,10.06,14.21,15.0,125.0,0,0,9.20,-15.91,-2.53,0.000,0.000,0.000,0.743,0.100,0.100,0.100,1,10.0,100.9,763,796,16,115,0
21.30,climb_cruise,483.0,483.0,31993.4,-42319,-58.86,88.22,10.42,14.23,15.0,125.0,0,0,9.20,-15.84,-2.49,0.000,0.000,0.000,0.732,0.100,0.100,0.100,1,10.0,100.8,763,795,16,116,0
21.32,climb_cruise,483.3,483.3,31979.3,-42379,-58.80,87.60,10.77,14.24,15.0,125.0,0,0,9.21,-15.76,-2.45,0.000,0.000,0.000,0.720,0.100,0.100,0.100,1,10.0,100.6,763,795,16,114,0
21.34,climb_cruise,483.5,483.5,31965.2,-42438,-58.74,86.99,11.12,14.26,15.0,125.0,0,0,9.22,-15.68,-2.41,0.000,0.000,0.000,0.709,0.100,0.100,0.100,1,10.0,100.5,763,794,16,116,0
21.36,climb_cruise,483.8,483.8,31951.0,-42497,-58.69,86.38,11.47,14.28,15.0,125.0,0,0,9.23,-15.60,-2.36,0.000,0.000,0.000,0.697,0.100,0.100,0.100,1,9.9,100.3,763,793,16,115,0
21.38,climb_cruise,484.0,484.0,31936.9,-42555,-58.63,85.77,11.82,14.29,15.0,125.0,0,0,9.24,-15.51,-2.31,0.000,0.000,0.000,0.685,0.100,0.100,0.100,1,9.9,100.2,763,793,16,115,0
21.40,climb_cruise,484.3,484.3,31922.7,-42612,-58.57,85.16,12.16,14.31,15.0,125.0,0,0,9.25,-15.41,-2.26,0.000,0.000,0.000,0.674,0.100,0.100,0.100,1,9.9,100.0,763,792,16,115,0
21.42,climb_cruise,484.5,484.5,31908.4,-42669,-58.51,84.56,12.51,14.33,15.0,125.0,0,0,9.26,-15.32,-2.21,0.000,0.000,0.000,0.662,0.100,0.100,0.100,1,9.9,99.9,763,791,16,115,0
21.44,climb_cruise,484.8,484.8,31894.2,-42724,-58.44,83.96,12.85,14.34,15.0,125.0,0,0,9.27,-15.21,-2.16,0.000,0.000,0.000,0.650,0.100,0.100,0.100,1,9.9,99.7,763,790,16,116,0
21.46,climb_cruise,485.1,485.1,31880.0,-42779,-58.38,83.37,13.20,14.36,15.0,125.0,0,0,9.28,-15.11,-2.10,0.000,0.000,0.000,0.638,0.100,0.100,0.100,1,9.8,99.5,763,789,16,115,0
21.48,climb_cruise,485.3,485.3,31865.7,-42833,-58.32,82.77,13.54,14.37,15.0,125.0,0,0,9.29,-15.00,-2.05,0.000,0.000,0.000,0.626,0.100,0.100,0.100,1,9.8,99.3,763,789,16,115,0
21.50,climb_cruise,485.6,485.6,31851.4,-42886,-58.25,82.19,13.88,14.39,15.0,125.0,0,0,9.30,-14.88,-1.99,0.000,0.000,0.000,0.615,0.100,0.100,0.100,1,9.8,99.1,763,788,16,115,0
21.52,climb_cruise,485.8,485.8,31837.1,-42939,-58.19,81.60,14.22,14.41,15.0,125.0,0,0,9.31,-14.76,-1.93,0.000,0.000,0.000,0.603,0.100,0.100,0.100,1,9.8,98.9,763,787,16,114,0
21.54,climb_cruise,486.1,486.1,31822.8,-42990,-58.12,81.02,14.56,14.42,15.0,125.0,0,0,9.32,-14.64,-1.87,0.000,0.000,0.000,0.591,0.100,0.100,0.100,1,9.8,98.7,763,786,16,115,0
21.56,climb_cruise,486.3,486.3,31808.4,-43041,-58.05,80.44,14.89,14.44,15.0,125.0,0,0,9.33,-14.51,-1.81,0.000,0.000,0.000,0.579,0.100,0.100,0.100,1,9.7,98.4,763,785,16,114,0
21.58,climb_cruise,486.6,486.6,31794.1,-43091,-57.99,79.87,15.23,14.45,15.0,125.0,0,0,9.35,-14.38,-1.74,0.000,0.000,0.000,0.567,0.100,0.100,0.100,1,9.7,98.2,763,784,16,116,0
21.60,climb_cruise,486.8,486.8,31779.7,-43141,-57.92,79.30,15.56,14.47,15.0,125.0,0,0,9.36,-14.25,-1.68,0.000,0.000,0.000,0.555,0.100,0.100,0.100,1,9.7,97.9,763,783,16,115,0
21.62,climb_cruise,487.1,487.1,31765.3,-43189,-57.85,78.73,15.90,14.48,15.0,125.0,0,0,9.37,-14.11,-1.61,0.000,0.000,0.000,0.543,0.100,0.100,0.100,1,9.7,97.7,763,782,16,115,0
21.64,climb_cruise,487.3,487.3,31750.9,-43237,-57.78,78.17,16.23,14.50,15.0,125.0,0,0,9.39,-13.97,-1.55,0.000,0.000,0.000,0.531,0.100,0.100,0.100,1,9.7,97.4,763,781,16,114,0
21.66,climb_cruise,487.6,487.6,31736.5,-43284,-57.71,77.61,16.56,14.51,15.0,125.0,0,0,9.40,-13.82,-1.48,0.000,0.000,0.000,0.519,0.100,0.100,0.100,1,9.7,97.1,763,780,16,115,0
21.68,climb_cruise,487.8,487.8,31722.1,-43330,-57.64,77.05,16.90,14.53,15.0,125.0,0,0,9.42,-13.67,-1.41,0.000,0.000,0.000,0.507,0.100,0.100,0.100,1,9.6,96.9,763,779,16,115,0
21.70,climb_cruise,488.1,488.1,31707.6,-43375,-57.57,76.50,17.23,14.54,15.0,125.0,0,0,9.43,-13.52,-1.34,0.000,0.000,0.000,0.495,0.100,0.100,0.100,1,9.6,96.6,763,778,16,115,0
21.72,climb_cruise,488.3,488.3,31693.2,-43420,-57.50,75.95,17.56,14.56,15.0,125.0,0,0,9.45,-13.36,-1.27,0.000,0.000,0.000,0.484,0.100,0.100,0.100,1,9.6,96.2,763,776,16,114,0
21.74,climb_cruise,488.6,488.6,31678.7,-43463,-57.43,75.41,17.89,14.57,15.0,125.0,0,0,9.47,-13.21,-1.20,0.000,0.000,0.000,0.472,0.100,0.100,0.100,1,9.6,95.9,763,775,16,115,0
21.76,climb_cruise,488.8,488.8,31664.2,-43506,-57.36,74.87,18.21,14.59,15.0,125.0,0,0,9.48,-13.04,-1.13,0.000,0.000,0.000,0.460,0.100,0.100,0.100,1,9.6,95.6,763,774,16,115,0
21.78,climb_cruise,489.1,489.1,31649.7,-43548,-57.29,74.33,18.54,14.60,15.0,125.0,0,0,9.50,-12.88,-1.06,0.000,0.000,0.000,0.448,0.100,0.100,0.100,1,9.5,95.3,763,773,16,115,0
21.80,climb_cruise,489.3,489.3,31635.2,-43590,-57.22,73.80,18.87,14.61,15.0,125.0,0,0,9.52,-12.71,-0.99,0.000,0.000,0.000,0.436,0.100,0.100,0.100,1,9.5,94.9,763,772,16,115,0
21.82,climb_cruise,489.6,489.6,31620.6,-43630,-57.15,73.27,19.20,14.63,15.0,125.0,0,0,9.53,-12.54,-0.92,0.000,0.000,0.000,0.424,0.100,0.100,0.100,1,9.5,94.6,763,770,16,116,0
21.84,climb_cruise,489.8,489.8,31606.1,-43670,-57.07,72.75,19.52,14.64,15.0,125.0,0,0,9.55,-12.37,-0.84,0.000,0.000,0.000,0.412,0.100,0.100,0.100,1,9.5,94.2,763,769,16,114,0
21.86,climb_cruise,490.1,490.1,31591.5,-43709,-57.00,72.23,19.85,14.66,15.0,125.0,0,0,9.57,-12.19,-0.77,0.000,0.000,0.000,0.400,0.100,0.100,0.100,1,9.5,93.9,763,768,16,115,0
21.88,climb_cruise,490.4,490.4,31576.9,-43747,-56.93,71.71,20.18,14.67,15.0,125.0,0,0,9.59,-12.01,-0.70,0.000,0.000,0.000,0.388,0.100,0.100,0.100,1,9.4,93.5,763,767,16,116,0
21.90,climb_cruise,490.6,490.6,31562.3,-43785,-56.85,71.20,20.50,14.69,15.0,125.0,0,0,9.61,-11.83,-0.63,0.000,0.000,0.000,0.376,0.100,0.100,0.100,1,9.4,93.1,763,765,16,116,0
21.92,climb_cruise,490.9,490.9,31547.7,-43821,-56.78,70.69,20.83,14.70,15.0,125.0,0,0,9.63,-11.65,-0.55,0.000,0.000,0.000,0.364,0.100,0.100,0.100,1,9.4,92.7,763,764,16,114,0
21.94,climb_cruise,491.1,491.1,31533.1,-43857,-56.70,70.19,21.15,14.71,15.0,125.0,0,0,9.65,-11.46,-0.48,0.000,0.000,0.000,0.352,0.100,0.100,0.100,1,9.4,92.3,763,762,16,115,0
21.96,climb_cruise,491.4,491.4,31518.5,-43892,-56.63,69.69,21.48,14.73,15.0,125.0,0,0,9.67,-11.27,-0.41,0.000,0.000,0.000,0.340,0.100,0.100,0.100,1,9.4,91.9,763,761,16,115,0
21.98,climb_cruise,491.6,491.6,31503.9,-43926,-56.55,69.20,21.80,14.74,15.0,125.0,0,0,9.69,-11.09,-0.34,0.000,0.000,0.000,0.328,0.100,0.100,0.100,1,9.3,91.4,763,760,16,114,0
22.00,climb_cruise,491.9,491.9,31489.2,-43960,-56.48,68.71,22.13,14.75,15.0,125.0,0,0,9.71,-10.90,-0.27,0.000,0.000,0.000,0.316,0.100,0.100,0.100,1,9.3,91.0,763,758,16,115,0
22.02,climb_cruise,492.1,492.1,31474.6,-43992,-56.40,68.22,22.45,14.77,15.0,125.0,0,0,9.73,-10.70,-0.19,0.000,0.000,0.000,0.304,0.100,0.100,0.100,1,9.3,90.6,763,757,16,116,0
22.04,climb_cruise,492.4,492.4,31459.9,-44024,-56.33,67.74,22.77,14.78,15.0,125.0,0,0,9.75,-10.51,-0.12,0.000,0.000,0.000,0.292,0.100,0.100,0.100,1,9.3,90.1,763,755,16,114,0
22.06,climb_cruise,492.6,492.6,31445.2,-44055,-56.25,67.26,23.10,14.80,15.0,125.0,0,0,9.77,-10.31,-0.05,0.000,0.000,0.000,0.280,0.100,0.100,0.100,1,9.3,89.7,763,754,16,114,0
22.08,climb_cruise,492.8,492.8,31430.5,-44086,-56.17,66.79,23.42,14.81,15.0,125.0,0,0,9.79,-10.10,0.02,0.000,0.000,0.000,0.268,0.100,0.100,0.100,1,9.3,89.2,763,752,16,115,0
22.10,climb_cruise,493.1,493.1,31415.8,-44115,-56.10,66.32,23.74,14.82,15.0,125.0,0,0,9.81,-9.93,0.09,0.000,0.000,0.000,0.256,0.100,0.100,0.100,1,9.2,88.7,763,750,16,114,0
22.12,climb_cruise,493.3,493.3,31401.1,-44144,-56.02,65.85,24.07,14.84,15.0,125.0,0,0,9.83,-9.73,0.16,0.000,0.000,0.000,0.244,0.100,0.100,0.100,1,9.2,88.2,763,749,16,115,0
22.14,climb_cruise,493.6,493.6,31386.4,-44172,-55.94,65.39,24.39,14.85,15.0,125.0,0,0,9.85,-9.52,0.22,0.000,0.000,0.000,0.232,0.100,0.100,0.100,1,9.2,87.7,763,747,16,114,0
22.16,climb_cruise,493.8,493.8,31371.7,-44199,-55.86,64.94,24.71,14.86,15.0,125.0,0,0,9.87,-9.32,0.29,0.000,0.000,0.000,0.220,0.100,0.100,0.100,1,9.2,87.2,763,746,16,116,0
22.18,climb_cruise,494.1,494.1,31356.9,-44226,-55.78,64.48,25.04,14.88,15.0,125.0,0,0,9.89,-9.12,0.36,0.000,0.000,0.000,0.208,0.100,0.100,0.100,1,9.2,86.7,763,744,16,115,0
22.20,climb_cruise,494.3,494.3,31342.2,-44252,-55.70,64.04,25.36,14.89,15.0,125.0,0,0,9.91,-8.92,0.43,0.000,0.000,0.000,0.196,0.100,0.100,0.100,1,9.1,86.2,763,742,16,115,0
22.22,climb_cruise,494.6,494.6,31327.4,-44276,-55.63,63.59,25.68,14.90,15.0,125.0,0,0,9.94,-8.72,0.49,0.000,0.000,0.000,0.184,0.100,0.100,0.100,1,9.1,85.7,763,740,16,114,0
22.24,climb_cruise,494.8,494.8,31312.7,-44301,-55.55,63.15,26.00,14.92,15.0,125.0,0,0,9.96,-8.52,0.56,0.000,0.000,0.000,0.172,0.100,0.100,0.100,1,9.1,85.1,763,739,16,116,0
22.26,climb_cruise,495.1,495.1,31297.9,-44324,-55.47,62.72,26.33,14.93,15.0,125.0,0,0,9.98,-8.32,0.62,0.000,0.000,0.000,0.160,0.100,0.100,0.100,1,9.1,84.6,763,737,16,116,0
22.28,climb_cruise,495.3,495.3,31283.1,-44347,-55.38,62.29,26.65,14.94,15.0,125.0,0,0,10.00,-8.11,0.68,0.000,0.000,0.000,0.148,0.100,0.100,0.100,1,9.1,84.0,763,735,16,114,0
22.30,climb_cruise,495.6,495.6,31268.3,-44369,-55.30,61.86,26.97,14.96,15.0,125.0,0,0,10.02,-7.91,0.75,0.000,0.000,0.000,0.136,0.100,0.100,0.100,1,9.1,83.4,763,733,16,116,0
22.32,climb_cruise,495.8,495.8,31253.5,-44390,-55.22,61.44,27.30,14.97,15.0,125.0,0,0,10.04,-7.71,0.81,0.000,0.000,0.000,0.124,0.100,0.100,0.100,1,9.0,82.9,763,731,16,115,0
22.34,climb_cruise,496.0,496.0,31238.7,-44411,-55.14,61.02,27.62,14.98,15.0,125.0,0,0,10.06,-7.51,0.87,0.000,0.000,0.000,0.112,0.100,0.100,0.100,1,9.0,82.3,763,729,16,114,0
22.36,climb_cruise,496.3,496.3,31223.9,-44430,-55.06,60.61,27.94,15.00,15.0,125.0,0,0,10.08,-7.31,0.93,0.000,0.000,0.000,0.101,0.100,0.100,0.100,1,9.0,81.7,763,727,16,116,0
22.38,climb_cruise,496.5,496.5,31209.1,-44449,-54.97,60.20,28.26,15.01,15.0,125.0,1,1,10.10,-7.10,0.99,0.000,0.000,0.000,0.091,0.100,0.100,0.100,1,9.0,81.1,763,726,16,114,0
22.40,climb_cruise,496.8,496.8,31194.3,-44468,-54.89,59.80,28.59,15.02,15.0,125.0,1,1,10.13,-6.90,1.04,0.000,0.000,0.000,0.082,0.100,0.100,0.100,1,9.0,80.5,763,724,16,116,0
22.42,climb_cruise,497.0,497.0,31179.5,-44485,-54.81,59.40,28.91,15.04,15.0,125.0,1,1,10.15,-6.70,1.10,0.000,0.000,0.000,0.073,0.100,0.100,0.100,1,8.9,79.9,763,722,16,115,0
22.44,climb_cruise,497.3,497.3,31164.6,-44502,-54.72,59.00,29.23,15.05,15.0,125.0,1,1,10.17,-6.50,1.16,0.000,0.000,0.000,0.066,0.100,0.100,0.100,1,8.9,79.3,763,720,16,116,0
22.46,climb_cruise,497.5,497.5,31149.8,-44518,-54.64,58.61,29.55,15.06,15.0,125.0,1,1,10.19,-6.31,1.21,0.000,0.000,0.000,0.060,0.100,0.100,0.100,1,8.9,78.6,763,718,16,115,0
22.48,climb_cruise,497.7,497.7,31135.0,-44533,-54.55,58.22,29.88,15.08,15.0,125.0,1,1,10.21,-6.11,1.26,0.000,0.000,0.000,0.054,0.100,0.100,0.100,1,8.9,78.0,763,716,16,116,0
22.50,climb_cruise,498.0,498.0,31120.1,-44548,-54.46,57.84,30.20,15.09,15.0,125.0,1,1,10.23,-5.91,1.31,0.000,0.000,0.000,0.048,0.100,0.100,0.100,1,8.9,77.4,763,714,16,114,0
22.52,climb_cruise,498.2,498.2,31105.3,-44562,-54.38,57.46,30.52,15.11,15.0,125.0,1,1,10.25,-5.72,1.36,0.000,0.000,0.000,0.043,0.100,0.100,0.100,1,8.9,76.7,763,712,16,116,0
22.54,climb_cruise,498.5,498.5,31090.4,-44575,-54.29,57.09,30.84,15.12,15.0,125.0,1,1,10.27,-5.53,1.41,0.000,0.000,0.000,0.039,0.100,0.100,0.100,1,8.8,76.1,763,710,16,114,0
22.56,climb_cruise,498.7,498.7,31075.6,-44587,-54.20,56.72,31.16,15.13,15.0,125.0,1,1,10.29,-5.34,1.46,0.000,0.000,0.000,0.035,0.100,0.100,0.100,1,8.8,75.4,763,708,16,115,0
22.58,climb_cruise,498.9,498.9,31060.7,-44599,-54.11,56.35,31.48,15.15,15.0,125.0,1,1,10.31,-5.15,1.50,0.000,0.000,0.000,0.032,0.100,0.100,0.100,1,8.8,74.8,763,706,16,116,0
22.60,climb_cruise,499.2,499.2,31045.8,-44610,-54.02,55.99,31.81,15.16,15.0,125.0,1,1,10.33,-4.96,1.54,0.000,0.000,0.000,0.028,0.100,0.100,0.100,1,8.8,74.1,763,704,16,115,0
22.62,climb_cruise,499.4,499.4,31030.9,-44620,-53.93,55.63,32.13,15.17,15.0,125.0,1,1,10.35,-4.78,1.58,0.000,0.000,0.000,0.026,0.100,0.100,0.100,1,8.8,73.5,763,702,16,116,0
22.64,climb_cruise,499.7,499.7,31016.1,-44630,-53.84,55.28,32.45,15.19,15.0,125.0,1,1,10.37,-4.60,1.62,0.000,0.000,0.000,0.023,0.100,0.100,0.100,1,8.8,72.8,763,700,16,115,0
22.66,climb_cruise,499.9,499.9,31001.2,-44639,-53.75,54.93,32.77,15.20,15.0,125.0,1,1,10.39,-4.43,1.65,0.000,0.000,0.000,0.021,0.100,0.100,0.100,1,8.7,72.1,763,698,16,114,0
22.68,climb_cruise,500.1,500.1,30986.3,-44647,-53.65,54.58,33.09,15.22,15.0,125.0,1,1,10.41,-4.25,1.69,0.000,0.000,0.000,0.019,0.100,0.100,0.100,1,8.7,71.5,763,696,16,115,0
22.70,climb_cruise,500.4,500.4,30971.4,-44655,-53.56,54.24,33.41,15.23,15.0,125.0,1,1,10.44,-4.08,1.72,0.000,0.000,0.000,0.017,0.100,0.100,0.100,1,8.7,70.8,763,694,16,116,0
22.72,climb_cruise,500.6,500.6,30956.5,-44661,-53.47,53.91,33.72,15.24,15.0,125.0,1,1,10.46,-3.92,1.74,0.000,0.000,0.000,0.015,0.100,0.100,0.100,1,8.7,70.1,763,693,16,115,0
22.74,climb_cruise,500.8,500.8,30941.7,-44667,-53.37,53.58,34.04,15.26,15.0,125.0,1,1,10.48,-3.76,1.77,0.000,0.000,0.000,0.014,0.100,0.100,0.100,1,8.7,69.4,763,691,16,116,0
22.76,climb_cruise,501.1,501.1,30926.8,-44673,-53.27,53.25,34.36,15.27,15.0,125.0,1,1,10.50,-3.60,1.79,0.000,0.000,0.000,0.012,0.100,0.100,0.100,1,8.6,68.8,763,689,16,115,0
22.78,climb_cruise,501.3,501.3,30911.9,-44678,-53.18,52.92,34.68,15.29,15.0,125.0,1,1,10.52,-3.45,1.81,0.000,0.000,0.000,0.011,0.100,0.100,0.100,1,8.6,68.1,763,687,16,114,0
22.80,climb_cruise,501.5,501.5,30897.0,-44682,-53.08,52.60,34.99,15.30,15.0,125.0,1,1,10.54,-3.30,1.83,0.000,0.000,0.000,0.010,0.100,0.100,0.100,1,8.6,67.4,763,686,16,115,0
22.82,climb_cruise,501.8,501.8,30882.1,-44685,-52.98,52.28,35.31,15.32,15.0,125.0,1,1,10.56,-3.16,1.85,0.000,0.000,0.000,0.009,0.100,0.100,0.100,1,8.6,66.8,763,684,16,115,0
22.84,climb_cruise,502.0,502.0,30867.2,-44688,-52.88,51.97,35.62,15.33,15.0,125.0,1,1,10.57,-3.02,1.86,0.000,0.000,0.000,0.008,0.100,0.100,0.100,1,8.6,66.1,763,682,16,115,0
22.86,climb_cruise,502.2,502.2,30852.3,-44689,-52.78,51.66,35.94,15.35,15.0,125.0,1,1,10.59,-2.88,1.87,0.000,0.000,0.000,0.007,0.100,0.100,0.100,1,8.6,65.5,763,681,16,115,0
22.88,climb_cruise,502.5,502.5,30837.4,-44691,-52.67,51.36,36.25,15.36,15.0,125.0,1,1,10.61,-2.75,1.88,0.000,0.000,0.000,0.007,0.100,0.100,0.100,1,8.5,64.8,763,679,16,114,0
22.90,climb_cruise,502.7,502.7,30822.5,-44691,-52.57,51.06,36.56,15.38,15.0,125.0,1,1,10.63,-2.62,1.89,0.000,0.000,0.000,0.006,0.100,0.100,0.100,1,8.5,64.2,763,677,16,114,0
22.92,climb_cruise,502.9,502.9,30807.6,-44691,-52.46,50.76,36.87,15.39,15.0,125.0,1,1,10.65,-2.50,1.89,0.000,0.000,0.000,0.005,0.100,0.100,0.100,1,8.5,63.5,763,676,16,116,0
22.94,climb_cruise,503.2,503.2,30792.7,-44690,-52.36,50.46,37.18,15.41,15.0,125.0,1,1,10.67,-2.38,1.89,0.000,0.000,0.000,0.005,0.100,0.100,0.100,1,8.5,62.9,763,674,16,116,0
22.96,climb_cruise,503.4,503.4,30777.8,-44689,-52.25,50.17,37.49,15.42,15.0,125.0,1,1,10.69,-2.27,1.90,0.000,0.000,0.000,0.004,0.100,0.100,0.100,1,8.5,62.2,763,673,16,114,0
22.98,climb_cruise,503.6,503.6,30762.9,-44687,-52.14,49.89,37.80,15.44,15.0,125.0,1,1,10.71,-2.16,1.89,0.000,0.000,0.000,0.004,0.100,0.100,0.100,1,8.5,61.6,763,671,16,115,0
23.00,climb_cruise,503.8,503.8,30748.0,-44684,-52.03,49.60,38.10,15.45,15.0,125.0,1,1,10.72,-2.05,1.89,0.000,0.000,0.000,0.003,0.100,0.100,0.100,1,8.4,61.0,763,670,16,115,0
23.02,climb_cruise,504.1,504.1,30733.1,-44680,-51.92,49.32,38.41,15.47,15.0,125.0,1,1,10.74,-1.95,1.89,0.000,0.000,0.000,0.003,0.100,0.100,0.100,1,8.4,60.3,763,668,16,116,0
23.04,climb_cruise,504.3,504.3,30718.2,-44676,-51.81,49.04,38.71,15.48,15.0,125.0,1,1,10.76,-1.85,1.88,0.000,0.000,0.000,0.003,0.100,0.100,0.100,1,8.4,59.7,763,667,16,115,0
23.06,climb_cruise,504.5,504.5,30703.3,-44671,-51.70,48.77,39.01,15.50,15.0,125.0,1,1,10.78,-1.76,1.88,0.000,0.000,0.000,0.003,0.100,0.100,0.100,1,8.4,59.1,763,665,16,116,0
23.08,climb_cruise,504.8,504.8,30688.4,-44666,-51.58,48.50,39.31,15.51,15.0,125.0,1,1,10.79,-1.67,1.87,0.000,0.000,0.000,0.002,0.100,0.100,0.100,1,8.4,58.5,763,664,16,116,0
23.10,climb_cruise,505.0,505.0,30673.6,-44659,-51.47,48.23,39.61,15.53,15.0,125.0,1,1,10.81,-1.58,1.86,0.000,0.000,0.000,0.002,0.100,0.100,0.100,1,8.4,57.9,763,662,16,115,0
23.12,climb_cruise,505.2,505.2,30658.7,-44652,-51.35,47.97,39.91,15.55,15.0,125.0,1,1,10.83,-1.50,1.85,0.000,0.000,0.000,0.002,0.100,0.100,0.100,1,8.3,57.3,763,661,16,115,0
23.14,climb_cruise,505.4,505.4,30643.8,-44645,-51.23,47.71,40.21,15.56,15.0,125.0,1,1,10.85,-1.41,1.84,0.000,0.000,0.000,0.002,0.100,0.100,0.100,1,8.3,56.7,763,660,16,116,0
23.16,climb_cruise,505.7,505.7,30628.9,-44636,-51.11,47.45,40.50,15.58,15.0,125.0,1,1,10.86,-1.34,1.83,0.000,0.000,0.000,0.001,0.100,0.100,0.100,1,8.3,56.1,763,658,16,114,0
23.18,climb_cruise,505.9,505.9,30614.0,-44627,-50.99,47.20,40.80,15.59,15.0,125.0,1,1,10.88,-1.26,1.82,0.000,0.000,0.000,0.001,0.100,0.100,0.100,1,8.3,55.6,763,657,16,115,0
23.20,climb_cruise,506.1,506.1,30599.1,-44617,-50.87,46.94,41.09,15.61,15.0,125.0,1,1,10.90,-1.19,1.81,0.000,0.000,0.000,0.001,0.100,0.100,0.100,1,8.3,55.0,763,656,16,115,0
23.22,climb_cruise,506.3,506.3,30584.3,-44607,-50.75,46.70,41.38,15.63,15.0,125.0,1,1,10.91,-1.12,1.80,0.000,0.000,0.000,0.001,0.100,0.100,0.100,1,8.3,54.4,763,654,16,115,0
23.24,climb_cruise,506.6,506.6,30569.4,-44596,-50.62,46.45,41.67,15.64,15.0,125.0,1,1,10.93,-1.06,1.79,0.000,0.000,0.000,0.001,0.100,0.100,0.100,1,8.2,53.9,763,653,16,116,0
23.26,climb_cruise,506.8,506.8,30554.5,-44584,-50.50,46.21,41.96,15.66,15.0,125.0,1,1,10.95,-0.99,1.77,0.000,0.000,0.000,0.001,0.100,0.100,0.100,1,8.2,53.3,763,652,16,115,0
23.28,climb_cruise,507.0,507.0,30539.7,-44572,-50.37,45.97,42.25,15.68,15.0,125.0,1,1,10.96,-0.93,1.76,0.000,0.000,0.000,0.001,0.100,0.100,0.100,1,8.2,52.8,763,651,16,115,0
23.30,climb_cruise,507.2,507.2,30524.8,-44558,-50.24,45.73,42.53,15.69,15.0,125.0,1,1,10.98,-0.87,1.75,0.000,0.000,0.000,0.001,0.100,0.100,0.100,1,8.2,52.2,763,650,16,116,0
23.32,climb_cruise,507.4,507.4,30510.0,-44544,-50.12,45.49,42.81,15.71,15.0,125.0,1,1,10.99,-0.82,1.73,0.000,0.000,0.000,0.001,0.100,0.100,0.100,1,8.2,51.7,763,648,16,114,0
23.34,climb_cruise,507.7,507.7,30495.1,-44530,-49.99,45.26,43.10,15.73,15.0,125.0,1,1,11.01,-0.76,1.72,0.000,0.000,0.000,0.001,0.100,0.100,0.100,1,8.2,51.2,763,647,16,116,0
23.36,climb_cruise,507.9,507.9,30480.3,-44515,-49.85,45.03,43.38,15.74,15.0,125.0,1,1,11.03,-0.71,1.71,0.000,0.000,0.000,0.001,0.100,0.100,0.100,1,8.1,50.6,763,646,16,114,0
23.38,climb_cruise,508.1,508.1,30465.4,-44499,-49.72,44.81,43.65,15.76,15.0,125.0,1,1,11.04,-0.66,1.69,0.000,0.000,0.000,0.000,0.100,0.100,0.100,1,8.1,50.1,763,645,16,115,0
23.40,climb_cruise,508.3,508.3,30450.6,-44482,-49.59,44.58,43.93,15.78,15.0,125.0,1,1,11.06,-0.61,1.68,0.000,0.000,0.000,0.000,0.100,0.100,0.100,1,8.1,49.6,763,644,16,116,0
23.42,climb_cruise,508.5,508.5,30435.8,-44464,-49.45,44.36,44.21,15.79,15.0,125.0,1,1,11.07,-0.57,1.67,0.000,0.000,0.000,0.000,0.100,0.100,0.100,1,8.1,49.1,763,643,16,115,0
23.44,climb_cruise,508.8,508.8,30421.0,-44446,-49.32,44.14,44.48,15.81,15.0,125.0,1,1,11.09,-0.52,1.65,0.000,0.000,0.000,0.000,0.100,0.100,0.100,1,8.1,48.6,763,642,16,116,0
23.46,climb_cruise,509.0,509.0,30406.2,-44427,-49.18,43.93,44.75,15.83,15.0,125.0,1,1,11.10,-0.48,1.64,0.000,0.000,0.000,0.000,0.100,0.100,0.100,1,8.1,48.2,763,641,16,115,0
23.48,climb_cruise,509.2,509.2,30391.3,-44408,-49.04,43.71,45.03,15.84,15.0,125.0,1,1,11.12,-0.44,1.63,0.000,0.000,0.000,0.000,0.100,0.100,0.100,1,8.0,47.7,763,640,16,115,0
23.50,climb_cruise,509.4,509.4,30376.5,-44388,-48.90,43.50,45.29,15.86,15.0,125.0,1,1,11.14,-0.40,1.61,0.000,0.000,0.000,0.000,0.100,0.100,0.100,1,8.0,47.2,763,639,16,116,0
23.52,climb_cruise,509.6,509.6,30361.8,-44367,-48.77,43.29,45.56,15.88,15.0,125.0,1,1,11.15,-0.36,1.60,0.000,0.000,0.000,0.000,0.100,0.100,0.100,1,8.0,46.8,763,638,16,115,0
23.54,climb_cruise,509.8,509.8,30347.0,-44345,-48.62,43.08,45.83,15.89,15.0,125.0,1,1,11.17,-0.32,1.59,0.000,0.000,0.000,0.000,0.100,0.100,0.100,1,8.0,46.3,763,637,16,115,0
23.56,climb_cruise,510.0,510.0,30332.2,-44323,-48.48,42.88,46.09,15.91,15.0,125.0,1,1,11.18,-0.29,1.57,0.000,0.000,0.000,0.000,0.100,0.100,0.100,1,8.0,45.8,763,636,16,115,0
23.58,climb_cruise,510.3,510.3,30317.4,-44299,-48.34,42.67,46.36,15.93,15.0,125.0,1,1,11.20,-0.25,1.56,0.000,0.000,0.000,0.000,0.100,0.100,0.100,1,8.0,45.4,763,635,16,115,0
23.60,climb_cruise,510.5,510.5,30302.6,-44276,-48.20,42.47,46.62,15.95,15.0,125.0,1,1,11.21,-0.22,1.55,0.000,0.000,0.000,0.000,0.100,0.100,0.100,1,7.9,45.0,763,634,16,114,0
23.62,climb_cruise,510.7,510.7,30287.9,-44251,-48.05,42.28,46.88,15.96,15.0,125.0,1,1,11.23,-0.19,1.54,0.000,0.000,0.000,0.000,0.100,0.100,0.100,1,7.9,44.5,763,633,16,114,0
23.64,climb_cruise,510.9,510.9,30273.1,-44226,-47.90,42.08,47.14,15.98,15.0,125.0,1,1,11.24,-0.16,1.53,0.000,0.000,0.000,0.000,0.100,0.100,0.100,1,7.9,44.1,763,632,16,115,0
23.66,climb_cruise,511.1,511.1,30258.4,-44200,-47.76,41.89,47.40,16.00,15.0,125.0,1,1,11.26,-0.13,1.52,0.000,0.000,0.000,0.000,0.100,0.100,0.100,1,7.9,43.7,763,631,16,114,0
23.68,climb_cruise,511.3,511.3,30243.7,-44173,-47.61,41.69,47.66,16.01,15.0,125.0,1,1,11.27,-0.10,1.50,0.000,0.000,0.000,0.000,0.100,0.100,0.100,1,7.9,43.3,763,630,16,116,0
23.70,climb_cruise,511.5,511.5,30228.9,-44146,-47.46,41.50,47.91,16.03,15.0,125.0,1,1,11.29,-0.07,1.49,0.000,0.000,0.000,0.000,0.100,0.100,0.100,1,7.9,42.9,763,630,16,114,0
23.72,climb_cruise,511.7,511.7,30214.2,-44117,-47.31,41.32,48.16,16.05,15.0,125.0,1,1,11.30,-0.04,1.48,0.000,0.000,0.000,0.000,0.100,0.100,0.100,1,7.9,42.5,763,629,16,114,0
23.74,climb_cruise,512.0,512.0,30199.5,-44088,-47.16,41.13,48.42,16.07,15.0,125.0,1,1,11.32,-0.02,1.47,0.000,0.000,0.000,0.000,0.100,0.100,0.100,1,7.8,42.1,763,628,16,115,0
23.76,climb_cruise,512.2,512.2,30184.8,-44059,-47.01,40.95,48.67,16.08,15.0,125.0,1,1,11.33,0.01,1.46,0.000,0.000,0.000,0.000,0.100,0.100,0.100,1,7.8,41.7,763,627,16,116,0
23.78,climb_cruise,512.4,512.4,30170.2,-44028,-46.86,40.76,48.92,16.10,15.0,125.0,1,1,11.35,0.03,1.45,0.000,0.000,0.000,0.000,0.100,0.100,0.100,1,7.8,41.3,763,626,16,116,0
23.80,climb_cruise,512.6,512.6,30155.5,-43997,-46.70,40.58,49.17,16.12,15.0,125.0,1,1,11.36,0.06,1.44,0.000,0.000,0.000,0.000,0.100,0.100,0.100,1,7.8,41.0,763,626,16,115,0
23.82,climb_cruise,512.8,512.8,30140.8,-43965,-46.55,40.41,49.41,16.14,15.0,125.0,1,1,11.38,0.08,1.44,0.000,0.000,0.000,0.000,0.100,0.100,0.100,1,7.8,40.6,763,625,16,115,0
23.84,climb_cruise,513.0,513.0,30126.2,-43933,-46.39,40.23,49.66,16.15,15.0,125.0,1,1,11.39,0.10,1.43,0.000,0.000,0.000,0.000,0.100,0.100,0.100,1,7.8,40.2,763,624,16,114,0
23.86,climb_cruise,513.2,513.2,30111.5,-43899,-46.24,40.05,49.90,16.17,15.0,125.0,1,1,11.41,0.12,1.42,0.000,0.000,0.000,0.000,0.100,0.100,0.100,1,7.7,39.9,763,623,16,115,0
23.88,climb_cruise,513.4,513.4,30096.9,-43865,-46.08,39.88,50.15,16.19,15.0,125.0,1,1,11.42,0.14,1.41,0.000,0.000,0.000,0.000,0.100,0.100,0.100,1,7.7,39.5,763,623,16,116,0
23.90,climb_cruise,513.6,513.6,30082.3,-43830,-45.92,39.71,50.39,16.21,15.0,125.0,1,1,11.44,0.16,1.40,0.000,0.000,0.000,0.000,0.100,0.100,0.100,1,7.7,39.2,763,622,16,114,0
23.92,climb_cruise,513.8,513.8,30067.7,-43794,-45.76,39.54,50.63,16.22,15.0,125.0,1,1,11.45,0.18,1.39,0.000,0.000,0.000,0.000,0.100,0.100,0.100,1,7.7,38.9,763,621,16,114,0
23.94,climb_cruise,514.0,514.0,30053.1,-43758,-45.60,39.37,50.87,16.24,15.0,125.0,1,1,11.47,0.20,1.39,0.000,0.000,0.000,0.000,0.100,0.100,0.100,1,7.7,38.5,763,620,16,116,0
23.96,climb_cruise,514.2,514.2,30038.5,-43721,-45.44,39.21,51.11,16.26,15.0,125.0,1,1,11.48,0.22,1.38,0.000,0.000,0.000,0.000,0.100,0.100,0.100,1,7.7,38.2,763,620,16,116,0
23.98,climb_cruise,514.4,514.4,30023.9,-43683,-45.28,39.04,51.34,16.28,15.0,125.0,1,1,11.50,0.24,1.37,0.000,0.000,0.000,0.000,0.100,0.100,0.100,1,7.7,37.9,763,619,16,115,0
24.00,climb_cruise,514.6,514.6,30009.4,-43644,-45.12,38.88,51.58,16.30,15.0,125.0,1,1,11.51,0.25,1.37,0.000,0.000,0.000,0.000,0.100,0.100,0.100,1,7.6,37.6,763,618,16,114,0
24.02,climb_cruise,514.8,514.8,29994.8,-43605,-44.96,38.72,51.81,16.31,15.0,125.0,1,1,11.53,0.27,1.36,0.000,0.000,0.000,0.000,0.100,0.100,0.100,1,7.6,37.3,763,618,16,115,0
24.04,climb_cruise,515.0,515.0,29980.3,-43564,-44.80,38.56,52.05,16.33,15.0,125.0,1,1,11.54,0.29,1.35,0.000,0.000,0.000,0.000,0.100,0.100,0.100,1,7.6,36.9,763,617,16,115,0
24.06,climb_cruise,515.2,515.2,29965.8,-43523,-44.63,38.40,52.28,16.35,15.0,125.0,1,1,11.55,0.30,1.35,0.000,0.000,0.000,0.000,0.100,0.100,0.100,1,7.6,36.6,763,616,16,116,0
24.08,climb_cruise,515.4,515.4,29951.3,-43482,-44.47,38.25,52.51,16.37,15.0,125.0,1,1,11.57,0.32,1.34,0.000,0.000,0.000,0.000,0.100,0.100,0.100,1,7.6,36.4,763,616,16,116,0
24.10,climb_cruise,515.6,515.6,29936.8,-43439,-44.30,38.09,52.74,16.38,15.0,125.0,1,1,11.58,0.33,1.34,0.000,0.000,0.000,0.000,0.100,0.100,0.100,1,7.6,36.1,763,615,16,115,0
24.12,climb_cruise,515.8,515.8,29922.3,-43396,-44.14,37.94,52.97,16.40,15.0,125.0,1,1,11.60,0.35,1.33,0.000,0.000,0.000,0.000,0.100,0.100,0.100,1,7.5,35.8,763,615,16,114,0
24.14,climb_cruise,516.0,516.0,29907.8,-43352,-43.97,37.79,53.19,16.42,15.0,125.0,1,1,11.61,0.36,1.33,0.000,0.000,0.000,0.000,0.100,0.100,0.100,1,7.5,35.5,763,614,16,115,0
24.16,climb_cruise,516.2,516.2,29893.4,-43307,-43.80,37.64,53.42,16.44,15.0,125.0,1,1,11.63,0.38,1.32,0.000,0.000,0.000,0.000,0.100,0.100,0.100,1,7.5,35.2,763,613,16,115,0
24.18,climb_cruise,516.4,516.4,29879.0,-43261,-43.63,37.49,53.65,16.46,15.0,125.0,1,1,11.64,0.39,1.32,0.000,0.000,0.000,0.000,0.100,0.100,0.100,1,7.5,35.0,763,613,16,116,0
24.20,climb_cruise,516.6,516.6,29864.6,-43215,-43.46,37.35,53.87,16.47,15.0,125.0,1,1,11.66,0.40,1.31,0.000,0.000,0.000,0.000,0.100,0.100,0.100,1,7.5,34.7,763,612,16,116,0
24.22,climb_cruise,516.8,516.8,29850.2,-43168,-43.29,37.20,54.09,16.49,15.0,125.0,1,1,11.67,0.42,1.31,0.000,0.000,0.000,0.000,0.100,0.100,0.100,1,7.5,34.4,763,612,16,114,0
24.24,climb_cruise,517.0,517.0,29835.8,-43120,-43.12,37.06,54.32,16.51,15.0,125.0,1,1,11.69,0.43,1.30,0.000,0.000,0.000,0.000,0.100,0.100,0.100,1,7.5,34.2,763,611,16,115,0
24.26,climb_cruise,517.2,517.2,29821.4,-43071,-42.95,36.92,54.54,16.53,15.0,125.0,1,1,11.70,0.44,1.30,0.000,0.000,0.000,0.000,0.100,0.100,0.100,1,7.4,33.9,763,611,16,115,0
24.28,climb_cruise,517.4,517.4,29807.0,-43021,-42.78,36.78,54.76,16.54,15.0,125.0,1,1,11.72,0.45,1.30,0.000,0.000,0.000,0.000,0.100,0.100,0.100,1,7.4,33.7,763,610,16,114,0
24.30,climb_cruise,517.6,517.6,29792.7,-42971,-42.61,36.64,54.98,16.56,15.0,125.0,1,1,11.73,0.46,1.29,0.000,0.000,0.000,0.000,0.100,0.100,0.100,1,7.4,33.4,763,610,16,115,0
24.32,climb_cruise,517.8,517.8,29778.4,-42920,-42.43,36.50,55.19,16.58,15.0,125.0,1,1,11.75,0.47,1.29,0.000,0.000,0.000,0.000,0.100,0.100,0.100,1,7.4,33.2,763,609,16,115,0
24.34,climb_cruise,518.0,518.0,29764.1,-42868,-42.26,36.36,55.41,16.60,15.0,125.0,1,1,11.76,0.49,1.28,0.000,0.000,0.000,0.000,0.100,0.100,0.100,1,7.4,33.0,763,609,16,116,0
24.36,climb_cruise,518.2,518.2,29749.8,-42815,-42.09,36.23,55.63,16.62,15.0,125.0,1,1,11.78,0.50,1.28,0.000,0.000,0.000,0.000,0.100,0.100,0.100,1,7.4,32.7,763,608,16,116,0
24.38,climb_cruise,518.4,518.4,29735.5,-42761,-41.91,36.09,55.84,16.63,15.0,125.0,1,1,11.79,0.51,1.28,0.000,0.000,0.000,0.000,0.100,0.100,0.100,1,7.4,32.5,763,608,16,116,0
24.40,climb_cruise,518.5,518.5,29721.3,-42707,-41.73,35.96,56.06,16.65,15.0,125.0,1,1,11.80,0.52,1.28,0.000,0.000,0.000,0.000,0.100,0.100,0.100,1,7.3,32.3,763,607,16,115,0
24.42,climb_cruise,518.7,518.7,29707.1,-42652,-41.56,35.83,56.27,16.67,15.0,125.0,1,1,11.82,0.53,1.27,0.000,0.000,0.000,0.000,0.100,0.100,0.100,1,7.3,32.1,763,607,16,116,0
24.44,climb_cruise,518.9,518.9,29692.9,-42596,-41.38,35.70,56.48,16.69,15.0,125.0,1,1,11.83,0.54,1.27,0.000,0.000,0.000,0.000,0.100,0.100,0.100,1,7.3,31.9,763,606,16,114,0
24.46,climb_cruise,519.1,519.1,29678.7,-42539,-41.20,35.57,56.69,16.71,15.0,125.0,1,1,11.85,0.55,1.27,0.000,0.000,0.000,0.000,0.100,0.100,0.100,1,7.3,31.6,763,606,16,115,0
24.48,climb_cruise,519.3,519.3,29664.5,-42481,-41.02,35.44,56.90,16.72,15.0,125.0,1,1,11.86,0.56,1.26,0.000,0.000,0.000,0.000,0.100,0.100,0.100,1,7.3,31.4,763,605,16,115,0
24.50,climb_cruise,519.5,519.5,29650.3,-42423,-40.85,35.32,57.11,16.74,15.0,125.0,1,1,11.88,0.56,1.26,0.000,0.000,0.000,0.000,0.100,0.100,0.100,1,7.3,31.2,763,605,16,115,0
24.52,climb_cruise,519.7,519.7,29636.2,-42363,-40.67,35.19,57.32,16.76,15.0,125.0,1,1,11.89,0.57,1.26,0.000,0.000,0.000,0.000,0.100,0.100,0.100,1,7.3,31.0,763,604,16,114,0
24.54,climb_cruise,519.8,519.8,29622.1,-42303,-40.49,35.07,57.53,16.78,15.0,125.0,1,1,11.91,0.58,1.26,0.000,0.000,0.000,0.000,0.100,0.100,0.100,1,7.2,30.8,763,604,16,115,0
24.56,climb_cruise,520.0,520.0,29608.0,-42243,-40.30,34.95,57.73,16.80,15.0,125.0,1,1,11.92,0.59,1.26,0.000,0.000,0.000,0.000,0.100,0.100,0.100,1,7.2,30.7,763,604,16,115,0
24.58,climb_cruise,520.2,520.2,29593.9,-42181,-40.12,34.83,57.94,16.81,15.0,125.0,1,1,11.94,0.60,1.25,0.000,0.000,0.000,0.000,0.100,0.100,0.100,1,7.2,30.5,763,603,16,115,0
24.60,climb_cruise,520.4,520.4,29579.9,-42118,-39.94,34.71,58.14,16.83,15.0,125.0,1,1,11.95,0.61,1.25,0.000,0.000,0.000,0.000,0.100,0.100,0.100,1,7.2,30.3,763,603,16,116,0
24.62,climb_cruise,520.6,520.6,29565.8,-42055,-39.76,34.59,58.35,16.85,15.0,125.0,1,1,11.97,0.62,1.25,0.000,0.000,0.000,0.000,0.100,0.100,0.100,1,7.2,30.1,763,602,16,116,0
24.64,climb_cruise,520.8,520.8,29551.8,-41991,-39.58,34.47,58.55,16.87,15.0,125.0,1,1,11.98,0.62,1.25,0.000,0.000,0.000,0.000,0.100,0.100,0.100,1,7.2,29.9,763,602,16,114,0
24.66,climb_cruise,520.9,520.9,29537.8,-41926,-39.39,34.35,58.75,16.89,15.0,125.0,1,1,12.00,0.63,1.25,0.000,0.000,0.000,0.000,0.100,0.100,0.100,1,7.1,29.7,763,602,16,114,0
24.68,climb_cruise,521.1,521.1,29523.9,-41860,-39.21,34.24,58.96,16.90,15.0,125.0,1,1,12.01,0.64,1.25,0.000,0.000,0.000,0.000,0.100,0.100,0.100,1,7.1,29.6,763,601,16,115,0
24.70,climb_cruise,521.3,521.3,29509.9,-41793,-39.02,34.13,59.16,16.92,15.0,125.0,1,1,12.02,0.65,1.24,0.000,0.000,0.000,0.000,0.100,0.100,0.100,1,7.1,29.4,763,601,16,115,0
24.72,climb_cruise,521.5,521.5,29496.0,-41726,-38.84,34.01,59.36,16.94,15.0,125.0,1,1,12.04,0.65,1.24,0.000,0.000,0.000,0.000,0.100,0.100,0.100,1,7.1,29.2,763,601,16,116,0
24.74,climb_cruise,521.7,521.7,29482.1,-41657,-38.65,33.90,59.55,16.96,15.0,125.0,1,1,12.05,0.66,1.24,0.000,0.000,0.000,0.000,0.100,0.100,0.100,1,7.1,29.1,763,600,16,115,0
24.76,climb_cruise,521.8,521.8,29468.2,-41588,-38.46,33.79,59.75,16.98,15.0,125.0,1,1,12.07,0.67,1.24,0.000,0.000,0.000,0.000,0.100,0.100,0.100,1,7.1,28.9,763,600,16,115,0
24.78,climb_cruise,522.0,522.0,29454.4,-41518,-38.28,33.68,59.95,16.99,15.0,125.0,1,1,12.08,0.67,1.24,0.000,0.000,0.000,0.000,0.100,0.100,0.100,1,7.1,28.8,763,600,16,116,0
24.80,climb_cruise,522.2,522.2,29440.5,-41447,-38.09,33.57,60.15,17.01,15.0,125.0,1,1,12.10,0.68,1.24,0.000,0.000,0.000,0.000,0.100,0.100,0.100,1,7.1,28.6,763,599,16,114,0
24.82,climb_cruise,522.4,522.4,29426.7,-41376,-37.90,33.47,60.34,17.03,15.0,125.0,1,1,12.11,0.69,1.24,0.000,0.000,0.000,0.000,0.100,0.100,0.100,1,7.0,28.4,763,599,16,115,0
24.84,climb_cruise,522.5,522.5,29412.9,-41303,-37.71,33.36,60.54,17.05,15.0,125.0,1,1,12.13,0.69,1.24,0.000,0.000,0.000,0.000,0.100,0.100,0.100,1,7.0,28.3,763,598,16,115,0
24.86,climb_cruise,522.7,522.7,29399.2,-41230,-37.52,33.26,60.73,17.07,15.0,125.0,1,1,12.14,0.70,1.24,0.000,0.000,0.000,0.000,0.100,0.100,0.100,1,7.0,28.1,763,598,16,114,0
24.88,climb_cruise,522.9,522.9,29385.4,-41155,-37.33,33.15,60.93,17.09,15.0,125.0,1,1,12.16,0.71,1.24,0.000,0.000,0.000,0.000,0.100,0.100,0.100,1,7.0,28.0,763,598,16,114,0
24.90,climb_cruise,523.0,523.0,29371.7,-41080,-37.14,33.05,61.12,17.10,15.0,125.0,1,1,12.17,0.71,1.23,0.000,0.000,0.000,0.000,0.100,0.100,0.100,1,7.0,27.9,763,598,16,116,0
24.92,climb_cruise,523.2,523.2,29358.1,-41004,-36.95,32.95,61.31,17.12,15.0,125.0,1,1,12.19,0.72,1.23,0.000,0.000,0.000,0.000,0.100,0.100,0.100,1,7.0,27.7,763,597,16,115,0
24.94,climb_cruise,523.4,523.4,29344.4,-40928,-36.76,32.85,61.50,17.14,15.0,125.0,1,1,12.20,0.73,1.23,0.000,0.000,0.000,0.000,0.100,0.100,0.100,1,7.0,27.6,763,597,16,115,0
24.96,climb_cruise,523.6,523.6,29330.8,-40850,-36.57,32.75,61.69,17.16,15.0,125.0,1,1,12.21,0.73,1.23,0.000,0.000,0.000,0.000,0.100,0.100,0.100,1,6.9,27.5,763,597,16,116,0
24.98,climb_cruise,523.7,523.7,29317.2,-40771,-36.38,32.65,61.88,17.18,15.0,125.0,1,1,12.23,0.74,1.23,0.000,0.000,0.000,0.000,0.100,0.100,0.100,1,6.9,27.3,763,596,16,116,0
25.00,climb_cruise,523.9,523.9,29303.6,-40692,-36.18,32.55,62.07,17.19,15.0,125.0,1,1,12.24,0.74,1.23,0.000,0.000,0.000,0.000,0.100,0.100,0.100,1,6.9,27.2,763,596,16,116,0
25.02,climb_cruise,524.1,524.1,29290.0,-40612,-35.99,32.46,62.26,17.21,15.0,125.0,1,1,12.26,0.75,1.23,0.000,0.000,0.000,0.000,0.100,0.100,0.100,1,6.9,27.1,763,596,16,115,0
25.04,climb_cruise,524.2,524.2,29276.5,-40531,-35.80,32.36,62.45,17.23,15.0,125.0,1,1,12.27,0.75,1.23,0.000,0.000,0.000,0.000,0.100,0.100,0.100,1,6.9,26.9,763,595,16,115,0
25.06,climb_cruise,524.4,524.4,29263.0,-40449,-35.60,32.27,62.64,17.25,15.0,125.0,1,1,12.29,0.76,1.23,0.000,0.000,0.000,0.000,0.100,0.100,0.100,1,6.9,26.8,763,595,16,114,0
25.08,climb_cruise,524.5,524.5,29249.5,-40367,-35.41,32.17,62.82,17.27,15.0,125.0,1,1,12.30,0.76,1.23,0.000,0.000,0.000,0.000,0.100,0.100,0.100,1,6.9,26.7,763,595,16,116,0
25.10,climb_cruise,524.7,524.7,29236.1,-40283,-35.21,32.08,63.01,17.29,15.0,125.0,1,1,12.31,0.77,1.23,0.000,0.000,0.000,0.000,0.100,0.100,0.100,1,6.8,26.6,763,595,16,115,0
25.12,climb_cruise,524.9,524.9,29222.6,-40199,-35.02,31.99,63.20,17.30,15.0,125.0,1,1,12.32,0.77,1.23,0.000,0.000,0.000,0.000,0.100,0.100,0.100,1,6.8,26.5,763,594,16,114,0
25.14,climb_cruise,525.0,525.0,29209.3,-40114,-34.82,31.90,63.38,17.32,15.0,125.0,1,1,12.33,0.78,1.23,0.000,0.000,0.000,0.000,0.100,0.100,0.100,1,6.8,26.4,763,594,16,114,0
25.16,climb_cruise,525.2,525.2,29195.9,-40028,-34.62,31.81,63.56,17.34,15.0,125.0,1,1,12.35,0.78,1.23,0.000,0.000,0.000,0.000,0.100,0.100,0.100,1,6.8,26.2,763,594,16,115,0
25.18,climb_cruise,525.4,525.4,29182.6,-39941,-34.43,31.72,63.75,17.36,15.0,125.0,1,1,12.36,0.79,1.23,0.000,0.000,0.000,0.000,0.100,0.100,0.100,1,6.8,26.1,763,594,16,116,0
25.20,climb_cruise,525.5,525.5,29169.3,-39854,-34.23,31.64,63.93,17.38,15.0,125.0,1,1,12.37,0.79,1.23,0.000,0.000,0.000,0.000,0.100,0.100,0.100,1,6.8,26.0,763,593,16,114,0
25.22,climb_cruise,525.7,525.7,29156.0,-39765,-34.03,31.55,64.11,17.40,15.0,125.0,1,1,12.38,0.80,1.23,0.000,0.000,0.000,0.000,0.100,0.100,0.100,1,6.8,25.9,763,593,16,114,0
25.24,climb_cruise,525.8,525.8,29142.7,-39676,-33.83,31.47,64.29,17.42,15.0,125.0,1,1,12.39,0.80,1.23,0.000,0.000,0.000,0.000,0.100,0.100,0.100,1,6.7,25.8,763,593,16,116,0
25.26,climb_cruise,526.0,526.0,29129.5,-39586,-33.63,31.38,64.47,17.43,15.0,125.0,1,1,12.40,0.80,1.23,0.000,0.000,0.000,0.000,0.100,0.100,0.100,1,6.7,25.7,763,593,16,116,0
25.28,climb_cruise,526.1,526.1,29116.3,-39495,-33.43,31.30,64.65,17.45,15.0,125.0,1,1,12.40,0.81,1.23,0.000,0.000,0.000,0.000,0.100,0.100,0.100,1,6.7,25.6,763,592,16,115,0
25.30,climb_cruise,526.3,526.3,29103.2,-39404,-33.23,31.22,64.83,17.47,15.0,125.0,1,1,12.41,0.81,1.23,0.000,0.000,0.000,0.000,0.100,0.100,0.100,1,6.7,25.5,763,592,16,115,0
25.32,climb_cruise,526.4,526.4,29090.1,-39311,-33.03,31.13,65.01,17.49,15.0,125.0,1,1,12.42,0.82,1.23,0.000,0.000,0.000,0.000,0.100,0.100,0.100,1,6.7,25.4,763,592,16,115,0
25.34,climb_cruise,526.6,526.6,29077.0,-39218,-32.83,31.05,65.19,17.51,15.0,125.0,1,1,12.43,0.82,1.23,0.000,0.000,0.000,0.000,0.100,0.100,0.100,1,6.7,25.3,763,592,16,116,0
25.36,climb_cruise,526.8,526.8,29063.9,-39124,-32.63,30.97,65.37,17.53,15.0,125.0,1,1,12.44,0.82,1.23,0.000,0.000,0.000,0.000,0.100,0.100,0.100,1,6.7,25.2,763,592,16,114,0
25.38,climb_cruise,526.9,526.9,29050.9,-39029,-32.43,30.90,65.54,17.54,15.0,125.0,1,1,12.45,0.83,1.23,0.000,0.000,0.000,0.000,0.100,0.100,0.100,1,6.7,25.1,763,591,16,115,0
25.40,climb_cruise,527.1,527.1,29037.9,-38933,-32.23,30.82,65.72,17.56,15.0,125.0,1,1,12.46,0.83,1.23,0.000,0.000,0.000,0.000,0.100,0.100,0.100,1,6.6,25.1,763,591,16,114,0
25.42,climb_cruise,527.2,527.2,29024.9,-38837,-32.03,30.74,65.90,17.58,15.0,125.0,1,1,12.47,0.84,1.23,0.000,0.000,0.000,0.000,0.100,0.100,0.100,1,6.6,25.0,763,591,16,114,0
25.44,climb_cruise,527.3,527.3,29012.0,-38739,-31.83,30.66,66.07,17.60,15.0,125.0,1,1,12.48,0.84,1.23,0.000,0.000,0.000,0.000,0.100,0.100,0.100,1,6.6,24.9,763,591,16,116,0
25.46,climb_cruise,527.5,527.5,28999.1,-38641,-31.62,30.59,66.25,17.62,15.0,125.0,1,1,12.49,0.84,1.23,0.000,0.000,0.000,0.000,0.100,0.100,0.100,1,6.6,24.8,763,591,16,115,0
25.48,climb_cruise,527.6,527.6,28986.2,-38542,-31.42,30.52,66.42,17.64,15.0,125.0,1,1,12.50,0.85,1.23,0.000,0.000,0.000,0.000,0.100,0.100,0.100,1,6.6,24.7,763,590,16,115,0
25.50,climb_cruise,527.8,527.8,28973.4,-38442,-31.22,30.44,66.59,17.66,15.0,125.0,1,1,12.51,0.85,1.23,0.000,0.000,0.000,0.000,0.100,0.100,0.100,1,6.6,24.6,763,590,16,114,0
25.52,climb_cruise,527.9,527.9,28960.6,-38341,-31.02,30.37,66.77,17.67,15.0,125.0,1,1,12.52,0.85,1.23,0.000,0.000,0.000,0.000,0.100,0.100,0.100,1,6.6,24.5,763,590,16,116,0
25.54,climb_cruise,528.1,528.1,28947.8,-38240,-30.81,30.30,66.94,17.69,15.0,125.0,1,1,12.53,0.86,1.23,0.000,0.000,0.000,0.000,0.100,0.100,0.100,1,6.5,24.5,763,590,16,114,0
25.56,climb_cruise,528.2,528.2,28935.1,-38137,-30.61,30.23,67.11,17.71,15.0,125.0,1,1,12.54,0.86,1.23,0.000,0.000,0.000,0.000,0.100,0.100,0.100,1,6.5,24.4,763,590,16,115,0
25.58,climb_cruise,528.4,528.4,28922.4,-38034,-30.40,30.16,67.28,17.73,15.0,125.0,1,1,12.55,0.86,1.23,0.000,0.000,0.000,0.000,0.100,0.100,0.100,1,6.5,24.3,763,589,16,116,0
25.60,climb_cruise,528.5,528.5,28909.7,-37930,-30.20,30.09,67.45,17.75,15.0,125.0,1,1,12.56,0.87,1.23,0.000,0.000,0.000,0.000,0.100,0.100,0.100,1,6.5,24.2,763,589,16,116,0
25.62,climb_cruise,528.6,528.6,28897.1,-37826,-29.99,30.02,67.62,17.77,15.0,125.0,1,1,12.57,0.87,1.23,0.000,0.000,0.000,0.000,0.100,0.100,0.100,1,6.5,24.2,763,589,16,115,0
25.64,climb_cruise,528.8,528.8,28884.5,-37720,-29.79,29.95,67.79,17.79,15.0,125.0,1,1,12.58,0.87,1.23,0.000,0.000,0.000,0.000,0.100,0.100,0.100,1,6.5,24.1,763,589,16,115,0
25.66,climb_cruise,528.9,528.9,28871.9,-37614,-29.58,29.89,67.96,17.80,15.0,125.0,1,1,12.59,0.88,1.23,0.000,0.000,0.000,0.000,0.100,0.100,0.100,1,6.5,24.0,763,589,16,115,0
25.68,climb_cruise,529.1,529.1,28859.4,-37506,-29.37,29.82,68.13,17.82,15.0,125.0,1,1,12.60,0.88,1.24,0.000,0.000,0.000,0.000,0.100,0.100,0.100,1,6.5,24.0,763,589,16,116,0
25.70,climb_cruise,529.2,529.2,28846.9,-37398,-29.17,29.76,68.30,17.84,15.0,125.0,1,1,12.61,0.88,1.24,0.000,0.000,0.000,0.000,0.100,0.100,0.100,1,6.4,23.9,763,588,16,115,0
25.72,climb_cruise,529.3,529.3,28834.5,-37289,-28.96,29.69,68.47,17.86,15.0,125.0,1,1,12.62,0.89,1.24,0.000,0.000,0.000,0.000,0.100,0.100,0.100,1,6.4,23.8,763,588,16,115,0
25.74,climb_cruise,529.5,529.5,28822.0,-37180,-28.75,29.63,68.63,17.88,15.0,125.0,1,1,12.63,0.89,1.24,0.000,0.000,0.000,0.000,0.100,0.100,0.100,1,6.4,23.8,763,588,16,115,0
25.76,climb_cruise,529.6,529.6,28809.7,-37069,-28.55,29.57,68.80,17.90,15.0,125.0,1,1,12.64,0.89,1.24,0.000,0.000,0.000,0.000,0.100,0.100,0.100,1,6.4,23.7,763,588,16,114,0
25.78,climb_cruise,529.7,529.7,28797.3,-36958,-28.34,29.51,68.97,17.91,15.0,125.0,1,1,12.65,0.90,1.24,0.000,0.000,0.000,0.000,0.100,0.100,0.100,1,6.4,23.6,763,588,16,116,0
25.80,climb_cruise,529.9,529.9,28785.0,-36846,-28.13,29.45,69.13,17.93,15.0,125.0,1,1,12.66,0.90,1.24,0.000,0.000,0.000,0.000,0.100,0.100,0.100,1,6.4,23.6,763,588,16,114,0
25.82,climb_cruise,530.0,530.0,28772.7,-36733,-27.92,29.39,69.30,17.95,15.0,125.0,1,1,12.67,0.90,1.24,0.000,0.000,0.000,0.000,0.100,0.100,0.100,1,6.4,23.5,763,588,16,115,0
25.84,climb_cruise,530.1,530.1,28760.5,-36619,-27.71,29.33,69.46,17.97,15.0,125.0,1,1,12.68,0.91,1.24,0.000,0.000,0.000,0.000,0.100,0.100,0.100,1,6.4,23.4,763,587,16,114,0
25.86,climb_cruise,530.2,530.2,28748.3,-36504,-27.50,29.27,69.63,17.99,15.0,125.0,1,1,12.69,0.91,1.24,0.000,0.000,0.000,0.000,0.100,0.100,0.100,1,6.3,23.4,763,587,16,114,0
25.88,climb_cruise,530.4,530.4,28736.2,-36389,-27.29,29.21,69.79,18.01,15.0,125.0,1,1,12.70,0.91,1.24,0.000,0.000,0.000,0.000,0.100,0.100,0.100,1,6.3,23.3,763,587,16,115,0
25.90,climb_cruise,530.5,530.5,28724.0,-36273,-27.08,29.16,69.96,18.03,15.0,125.0,1,1,12.71,0.91,1.24,0.000,0.000,0.000,0.000,0.100,0.100,0.100,1,6.3,23.3,763,587,16,116,0
25.92,climb_cruise,530.6,530.6,28712.0,-36156,-26.87,29.10,70.12,18.04,15.0,125.0,1,1,12.72,0.92,1.24,0.000,0.000,0.000,0.000,0.100,0.100,0.100,1,6.3,23.2,763,587,16,115,0
25.94,climb_cruise,530.7,530.7,28699.9,-36038,-26.66,29.05,70.28,18.06,15.0,125.0,1,1,12.73,0.92,1.24,0.000,0.000,0.000,0.000,0.100,0.100,0.100,1,6.3,23.2,763,587,16,116,0
25.96,climb_cruise,530.9,530.9,28687.9,-35919,-26.45,28.99,70.45,18.08,15.0,125.0,1,1,12.74,0.92,1.24,0.000,0.000,0.000,0.000,0.100,0.100,0.100,1,6.3,23.1,763,587,16,115,0
25.98,climb_cruise,531.0,531.0,28676.0,-35800,-26.24,28.94,70.61,18.10,15.0,125.0,1,1,12.75,0.93,1.24,0.000,0.000,0.000,0.000,0.100,0.100,0.100,1,6.3,23.0,763,586,16,114,0
26.00,climb_cruise,531.1,531.1,28664.1,-35680,-26.03,28.89,70.77,18.12,15.0,125.0,1,1,12.76,0.93,1.25,0.000,0.000,0.000,0.000,0.100,0.100,0.100,1,6.3,23.0,763,586,16,114,0
26.02,climb_cruise,531.2,531.2,28652.2,-35559,-25.82,28.83,70.93,18.14,15.0,125.0,1,1,12.77,0.93,1.25,0.000,0.000,0.000,0.000,0.100,0.100,0.100,1,6.2,22.9,763,586,16,116,0
26.04,climb_cruise,531.3,531.3,28640.3,-35437,-25.61,28.78,71.09,18.16,15.0,125.0,1,1,12.78,0.93,1.25,0.000,0.000,0.000,0.000,0.100,0.100,0.100,1,6.2,22.9,763,586,16,116,0
26.06,climb_cruise,531.5,531.5,28628.5,-35314,-25.39,28.73,71.25,18.17,15.0,125.0,1,1,12.79,0.94,1.25,0.000,0.000,0.000,0.000,0.100,0.100,0.100,1,6.2,22.8,763,586,16,116,0
26.08,climb_cruise,531.6,531.6,28616.8,-35191,-25.18,28.68,71.41,18.19,15.0,125.0,1,1,12.80,0.94,1.25,0.000,0.000,0.000,0.000,0.100,0.100,0.100,1,6.2,22.8,763,586,16,115,0
26.10,climb_cruise,531.7,531.7,28605.1,-35067,-24.97,28.63,71.57,18.21,15.0,125.0,1,1,12.81,0.94,1.25,0.000,0.000,0.000,0.000,0.100,0.100,0.100,1,6.2,22.7,763,586,16,115,0
26.12,climb_cruise,531.8,531.8,28593.4,-34942,-24.75,28.59,71.73,18.23,15.0,125.0,1,1,12.82,0.95,1.25,0.000,0.000,0.000,0.000,0.100,0.100,0.100,1,6.2,22.7,763,586,16,115,0
26.14,climb_cruise,531.9,531.9,28581.8,-34816,-24.54,28.54,71.89,18.25,15.0,125.0,1,1,12.83,0.95,1.25,0.000,0.000,0.000,0.000,0.100,0.100,0.100,1,6.2,22.7,763,586,16,115,0
26.16,climb_cruise,532.0,532.0,28570.2,-34689,-24.33,28.49,72.05,18.27,15.0,125.0,1,1,12.84,0.95,1.25,0.000,0.000,0.000,0.000,0.100,0.100,0.100,1,6.2,22.6,763,585,16,115,0
26.18,climb_cruise,532.1,532.1,28558.6,-34562,-24.11,28.45,72.21,18.29,15.0,125.0,1,1,12.85,0.95,1.25,0.000,0.000,0.000,0.000,0.100,0.100,0.100,1,6.1,22.6,763,585,16,116,0
26.20,climb_cruise,532.3,532.3,28547.1,-34433,-23.90,28.40,72.37,18.30,15.0,125.0,1,1,12.86,0.96,1.25,0.000,0.000,0.000,0.000,0.100,0.100,0.100,1,6.1,22.5,763,585,16,115,0
26.22,climb_cruise,532.4,532.4,28535.7,-34304,-23.68,28.36,72.52,18.32,15.0,125.0,1,1,12.87,0.96,1.25,0.000,0.000,0.000,0.000,0.100,0.100,0.100,1,6.1,22.5,763,585,16,114,0
26.24,climb_cruise,532.5,532.5,28524.2,-34175,-23.47,28.31,72.68,18.34,15.0,125.0,1,1,12.88,0.96,1.26,0.000,0.000,0.000,0.000,0.100,0.100,0.100,1,6.1,22.4,763,585,16,115,0
26.26,climb_cruise,532.6,532.6,28512.9,-34044,-23.25,28.27,72.84,18.36,15.0,125.0,1,1,12.89,0.97,1.26,0.000,0.000,0.000,0.000,0.100,0.100,0.100,1,6.1,22.4,763,585,16,114,0
26.28,climb_cruise,532.7,532.7,28501.5,-33913,-23.04,28.23,73.00,18.38,15.0,125.0,1,1,12.90,0.97,1.26,0.000,0.000,0.000,0.000,0.100,0.100,0.100,1,6.1,22.3,763,585,16,114,0
26.30,climb_cruise,532.8,532.8,28490.3,-33781,-22.82,28.18,73.15,18.40,15.0,125.0,1,1,12.91,0.97,1.26,0.000,0.000,0.000,0.000,0.100,0.100,0.100,1,6.1,22.3,763,585,16,114,0
26.32,climb_cruise,532.9,532.9,28479.0,-33648,-22.61,28.14,73.31,18.41,15.0,125.0,1,1,12.92,0.97,1.26,0.000,0.000,0.000,0.000,0.100,0.100,0.100,1,6.1,22.3,763,585,16,115,0
26.34,climb_cruise,533.0,533.0,28467.8,-33514,-22.39,28.10,73.46,18.43,15.0,125.0,1,1,12.93,0.98,1.26,0.000,0.000,0.000,0.000,0.100,0.100,0.100,1,6.0,22.2,763,585,16,115,0
26.36,climb_cruise,533.1,533.1,28456.7,-33379,-22.18,28.06,73.62,18.45,15.0,125.0,1,1,12.94,0.98,1.26,0.000,0.000,0.000,0.000,0.100,0.100,0.100,1,6.0,22.2,763,584,16,114,0
26.38,climb_cruise,533.2,533.2,28445.5,-33244,-21.96,28.03,73.78,18.47,15.0,125.0,1,1,12.95,0.98,1.26,0.000,0.000,0.000,0.000,0.100,0.100,0.100,1,6.0,22.2,763,584,16,116,0
26.40,climb_cruise,533.3,533.3,28434.5,-33108,-21.74,27.99,73.93,18.49,15.0,125.0,1,1,12.95,0.98,1.26,0.000,0.000,0.000,0.000,0.100,0.100,0.100,1,6.0,22.1,763,584,16,115,0
26.42,climb_cruise,533.4,533.4,28423.5,-32971,-21.52,27.95,74.09,18.51,15.0,125.0,1,1,12.96,0.99,1.27,0.000,0.000,0.000,0.000,0.100,0.100,0.100,1,6.0,22.1,763,584,16,115,0
26.44,climb_cruise,533.5,533.5,28412.5,-32834,-21.31,27.91,74.24,18.53,15.0,125.0,1,1,12.97,0.99,1.27,0.000,0.000,0.000,0.000,0.100,0.100,0.100,1,6.0,22.0,763,584,16,114,0
26.46,climb_cruise,533.6,533.6,28401.6,-32695,-21.09,27.88,74.39,18.54,15.0,125.0,1,1,12.98,0.99,1.27,0.000,0.000,0.000,0.000,0.100,0.100,0.100,1,6.0,22.0,763,584,16,115,0
26.48,climb_cruise,533.7,533.7,28390.7,-32556,-20.87,27.84,74.55,18.56,15.0,125.0,1,1,12.99,1.00,1.27,0.000,0.000,0.000,0.000,0.100,0.100,0.100,1,6.0,22.0,763,584,16,116,0
26.50,climb_cruise,533.8,533.8,28379.8,-32416,-20.65,27.81,74.70,18.58,15.0,125.0,1,1,13.00,1.00,1.27,0.000,0.000,0.000,0.000,0.100,0.100,0.100,1,5.9,21.9,763,584,16,115,0
26.52,climb_cruise,533.9,533.9,28369.1,-32276,-20.44,27.77,74.86,18.60,15.0,125.0,1,1,13.01,1.00,1.27,0.000,0.000,0.000,0.000,0.100,0.100,0.100,1,5.9,21.9,763,584,16,115,0
26.54,climb_cruise,534.0,534.0,28358.3,-32134,-20.22,27.74,75.01,18.62,15.0,125.0,1,1,13.02,1.00,1.27,0.000,0.000,0.000,0.000,0.100,0.100,0.100,1,5.9,21.9,763,584,16,115,0
26.56,climb_cruise,534.1,534.1,28347.6,-31992,-20.00,27.71,75.16,18.64,15.0,125.0,1,1,13.03,1.01,1.27,0.000,0.000,0.000,0.000,0.100,0.100,0.100,1,5.9,21.8,763,584,16,115,0
26.58,climb_cruise,534.1,534.1,28337.0,-31849,-19.78,27.68,75.31,18.66,15.0,125.0,1,1,13.04,1.01,1.27,0.000,0.000,0.000,0.000,0.100,0.100,0.100,1,5.9,21.8,763,583,16,114,0
26.60,climb_cruise,534.2,534.2,28326.4,-31706,-19.56,27.64,75.47,18.67,15.0,125.0,1,1,13.05,1.01,1.28,0.000,0.000,0.000,0.000,0.100,0.100,0.100,1,5.9,21.8,763,583,16,114,0
26.62,climb_cruise,534.3,534.3,28315.8,-31561,-19.34,27.61,75.62,18.69,15.0,125.0,1,1,13.06,1.01,1.28,0.000,0.000,0.000,0.000,0.100,0.100,0.100,1,5.9,21.8,763,583,16,115,0
26.64,climb_cruise,534.4,534.4,28305.3,-31416,-19.12,27.58,75.77,18.71,15.0,125.0,1,1,13.07,1.02,1.28,0.000,0.000,0.000,0.000,0.100,0.100,0.100,1,5.9,21.7,763,583,16,116,0
26.66,climb_cruise,534.5,534.5,28294.9,-31270,-18.90,27.56,75.92,18.73,15.0,125.0,1,1,13.08,1.02,1.28,0.000,0.000,0.000,0.000,0.100,0.100,0.100,1,5.9,21.7,763,583,16,115,0
26.68,climb_cruise,534.6,534.6,28284.5,-31124,-18.68,27.53,76.08,18.75,15.0,125.0,1,1,13.08,1.02,1.28,0.000,0.000,0.000,0.000,0.100,0.100,0.100,1,5.8,21.7,763,583,16,115,0
26.70,climb_cruise,534.7,534.7,28274.1,-30976,-18.46,27.50,76.23,18.77,15.0,125.0,1,1,13.09,1.02,1.28,0.000,0.000,0.000,0.000,0.100,0.100,0.100,1,5.8,21.6,763,583,16,114,0
26.72,climb_cruise,534.7,534.7,28263.8,-30828,-18.24,27.47,76.38,18.79,15.0,125.0,1,1,13.10,1.03,1.28,0.000,0.000,0.000,0.000,0.100,0.100,0.100,1,5.8,21.6,763,583,16,115,0
26.74,climb_cruise,534.8,534.8,28253.5,-30679,-18.02,27.45,76.53,18.80,15.0,125.0,1,1,13.11,1.03,1.28,0.000,0.000,0.000,0.000,0.100,0.100,0.100,1,5.8,21.6,763,583,16,115,0
26.76,climb_cruise,534.9,534.9,28243.3,-30530,-17.80,27.42,76.68,18.82,15.0,125.0,1,1,13.12,1.03,1.29,0.000,0.000,0.000,0.000,0.100,0.100,0.100,1,5.8,21.6,763,583,16,115,0
26.78,climb_cruise,535.0,535.0,28233.2,-30379,-17.58,27.39,76.83,18.84,15.0,125.0,1,1,13.13,1.04,1.29,0.000,0.000,0.000,0.000,0.100,0.100,0.100,1,5.8,21.5,763,583,16,115,0
26.80,climb_cruise,535.0,535.0,28223.1,-30228,-17.35,27.37,76.98,18.86,15.0,125.0,1,1,13.14,1.04,1.29,0.000,0.000,0.000,0.000,0.100,0.100,0.100,1,5.8,21.5,763,583,16,115,0
26.82,climb_cruise,535.1,535.1,28213.0,-30076,-17.13,27.35,77.13,18.88,15.0,125.0,1,1,13.15,1.04,1.29,0.000,0.000,0.000,0.000,0.100,0.100,0.100,1,5.8,21.5,763,583,16,116,0
26.84,climb_cruise,535.2,535.2,28203.0,-29924,-16.91,27.32,77.28,18.90,15.0,125.0,1,1,13.16,1.04,1.29,0.000,0.000,0.000,0.000,0.100,0.100,0.100,1,5.7,21.5,763,583,16,116,0
26.86,climb_cruise,535.3,535.3,28193.1,-29771,-16.69,27.30,77.43,18.92,15.0,125.0,1,1,13.17,1.05,1.29,0.000,0.000,0.000,0.000,0.100,0.100,0.100,1,5.7,21.4,763,583,16,115,0
26.88,climb_cruise,535.3,535.3,28183.2,-29617,-16.47,27.28,77.58,18.93,15.0,125.0,1,1,13.17,1.05,1.29,0.000,0.000,0.000,0.000,0.100,0.100,0.100,1,5.7,21.4,763,582,16,114,0
26.90,climb_cruise,535.4,535.4,28173.3,-29462,-16.24,27.26,77.73,18.95,15.0,125.0,1,1,13.18,1.05,1.30,0.000,0.000,0.000,0.000,0.100,0.100,0.100,1,5.7,21.4,763,582,16,116,0
26.92,climb_cruise,535.5,535.5,28163.5,-29307,-16.02,27.24,77.88,18.97,15.0,125.0,1,1,13.19,1.05,1.30,0.000,0.000,0.000,0.000,0.100,0.100,0.100,1,5.7,21.4,763,582,16,115,0
26.94,climb_cruise,535.6,535.6,28153.7,-29151,-15.80,27.22,78.03,18.99,15.0,125.0,1,1,13.20,1.06,1.30,0.000,0.000,0.000,0.000,0.100,0.100,0.100,1,5.7,21.3,763,582,16,116,0
26.96,climb_cruise,535.6,535.6,28144.1,-28994,-15.57,27.20,78.18,19.01,15.0,125.0,1,1,13.21,1.06,1.30,0.000,0.000,0.000,0.000,0.100,0.100,0.100,1,5.7,21.3,763,582,16,116,0
26.98,climb_cruise,535.7,535.7,28134.4,-28836,-15.35,27.18,78.33,19.03,15.0,125.0,1,1,13.22,1.06,1.30,0.000,0.000,0.000,0.000,0.100,0.100,0.100,1,5.7,21.3,763,582,16,115,0
27.00,climb_cruise,535.7,535.7,28124.8,-28678,-15.13,27.16,78.48,19.04,15.0,125.0,1,1,13.23,1.06,1.30,0.000,0.000,0.000,0.000,0.100,0.100,0.100,1,5.7,21.3,763,582,16,116,0
27.02,climb_cruise,535.8,535.8,28115.3,-28519,-14.90,27.14,78.63,19.06,15.0,125.0,1,1,13.24,1.07,1.30,0.000,0.000,0.000,0.000,0.100,0.100,0.100,1,5.6,21.2,763,582,16,115,0
27.04,climb_cruise,535.9,535.9,28105.8,-28360,-14.68,27.13,78.78,19.08,15.0,125.0,1,1,13.24,1.07,1.31,0.000,0.000,0.000,0.000,0.100,0.100,0.100,1,5.6,21.2,763,582,16,115,0
27.06,climb_cruise,535.9,535.9,28096.4,-28200,-14.46,27.11,78.93,19.10,15.0,125.0,1,1,13.25,1.07,1.31,0.000,0.000,0.000,0.000,0.100,0.100,0.100,1,5.6,21.2,763,582,16,116,0
27.08,climb_cruise,536.0,536.0,28087.0,-28039,-14.23,27.10,79.08,19.12,15.0,125.0,1,1,13.26,1.08,1.31,0.000,0.000,0.000,0.000,0.100,0.100,0.100,1,5.6,21.2,763,582,16,115,0
27.10,climb_cruise,536.1,536.1,28077.7,-27877,-14.01,27.08,79.23,19.14,15.0,125.0,1,1,13.27,1.08,1.31,0.000,0.000,0.000,0.000,0.100,0.100,0.100,1,5.6,21.2,763,582,16,116,0
27.12,climb_cruise,536.1,536.1,28068.4,-27715,-13.78,27.07,79.37,19.16,15.0,125.0,1,1,13.28,1.08,1.31,0.000,0.000,0.000,0.000,0.100,0.100,0.100,1,5.6,21.1,763,582,16,115,0
27.14,climb_cruise,536.2,536.2,28059.2,-27552,-13.56,27.05,79.52,19.17,15.0,125.0,1,1,13.29,1.08,1.31,0.000,0.000,0.000,0.000,0.100,0.100,0.100,1,5.6,21.1,763,582,16,115,0
27.16,climb_cruise,536.2,536.2,28050.0,-27388,-13.33,27.04,79.67,19.19,15.0,125.0,1,1,13.30,1.09,1.32,0.000,0.000,0.000,0.000,0.100,0.100,0.100,1,5.6,21.1,763,582,16,114,0
27.18,climb_cruise,536.3,536.3,28040.9,-27224,-13.11,27.03,79.82,19.21,15.0,125.0,1,1,13.31,1.09,1.32,0.000,0.000,0.000,0.000,0.100,0.100,0.100,1,5.6,21.1,763,582,16,115,0
27.20,climb_cruise,536.3,536.3,28031.8,-27059,-12.88,27.02,79.97,19.23,15.0,125.0,1,1,13.31,1.09,1.32,0.000,0.000,0.000,0.000,0.100,0.100,0.100,1,5.5,21.1,763,582,16,115,0
27.22,climb_cruise,536.4,536.4,28022.8,-26893,-12.66,27.01,80.12,19.25,15.0,125.0,1,1,13.32,1.10,1.32,0.000,0.000,0.000,0.000,0.100,0.100,0.100,1,5.5,21.1,763,582,16,116,0
27.24,climb_cruise,536.4,536.4,28013.9,-26727,-12.43,27.00,80.26,19.27,15.0,125.0,1,1,13.33,1.10,1.32,0.000,0.000,0.000,0.000,0.100,0.100,0.100,1,5.5,21.0,763,582,16,114,0
27.26,climb_cruise,536.5,536.5,28005.0,-26560,-12.21,26.99,80.41,19.29,15.0,125.0,1,1,13.34,1.10,1.32,0.000,0.000,0.000,0.000,0.100,0.100,0.100,1,5.5,21.0,763,581,16,115,0
27.28,climb_cruise,536.5,536.5,27996.2,-26393,-11.98,26.98,80.56,19.30,15.0,125.0,1,1,13.35,1.10,1.33,0.000,0.000,0.000,0.000,0.100,0.100,0.100,1,5.5,21.0,763,581,16,115,0
27.30,climb_cruise,536.6,536.6,27987.4,-26224,-11.75,26.97,80.71,19.32,15.0,125.0,1,1,13.36,1.11,1.33,0.000,0.000,0.000,0.000,0.100,0.100,0.100,1,5.5,21.0,763,581,16,115,0
27.32,climb_cruise,536.6,536.6,27978.7,-26056,-11.53,26.96,80.86,19.34,15.0,125.0,1,1,13.36,1.11,1.33,0.000,0.000,0.000,0.000,0.100,0.100,0.100,1,5.5,21.0,763,581,16,114,0
27.34,climb_cruise,536.7,536.7,27970.0,-25886,-11.30,26.95,81.00,19.36,15.0,125.0,1,1,13.37,1.11,1.33,0.000,0.000,0.000,0.000,0.100,0.100,0.100,1,5.5,20.9,763,581,16,115,0
27.36,climb_cruise,536.7,536.7,27961.4,-25716,-11.08,26.95,81.15,19.38,15.0,125.0,1,1,13.38,1.11,1.33,0.000,0.000,0.000,0.000,0.100,0.100,0.100,1,5.5,20.9,763,581,16,115,0
27.38,climb_cruise,536.7,536.7,27952.9,-25545,-10.85,26.94,81.30,19.40,15.0,125.0,1,1,13.39,1.12,1.33,0.000,0.000,0.000,0.000,0.100,0.100,0.100,1,5.4,20.9,763,581,16,115,0
27.40,climb_cruise,536.8,536.8,27944.4,-25374,-10.62,26.94,81.45,19.42,15.0,125.0,1,1,13.40,1.12,1.34,0.000,0.000,0.000,0.000,0.100,0.100,0.100,1,5.4,20.9,763,581,16,114,0
27.42,climb_cruise,536.8,536.8,27935.9,-25202,-10.39,26.93,81.59,19.43,15.0,125.0,1,1,13.40,1.12,1.34,0.000,0.000,0.000,0.000,0.100,0.100,0.100,1,5.4,20.9,763,581,16,116,0
27.44,climb_cruise,536.9,536.9,27927.5,-25029,-10.17,26.93,81.74,19.45,15.0,125.0,1,1,13.41,1.13,1.34,0.000,0.000,0.000,0.000,0.100,0.100,0.100,1,5.4,20.9,763,581,16,114,0
27.46,climb_cruise,536.9,536.9,27919.2,-24856,-9.94,26.92,81.89,19.47,15.0,125.0,1,1,13.42,1.13,1.34,0.000,0.000,0.000,0.000,0.100,0.100,0.100,1,5.4,20.9,763,581,16,115,0
27.48,climb_cruise,536.9,536.9,27911.0,-24682,-9.71,26.92,82.04,19.49,15.0,125.0,1,1,13.43,1.13,1.34,0.000,0.000,0.000,0.000,0.100,0.100,0.100,1,5.4,20.8,763,581,16,115,0
27.50,climb_cruise,537.0,537.0,27902.8,-24508,-9.49,26.92,82.19,19.51,15.0,125.0,1,1,13.44,1.14,1.34,0.000,0.000,0.000,0.000,0.100,0.100,0.100,1,5.4,20.8,763,581,16,115,0
27.52,climb_cruise,537.0,537.0,27894.6,-24333,-9.26,26.92,82.33,19.53,15.0,125.0,1,1,13.45,1.14,1.35,0.000,0.000,0.000,0.000,0.100,0.100,0.100,1,5.4,20.8,763,581,16,115,0
27.54,climb_cruise,537.0,537.0,27886.5,-24157,-9.03,26.92,82.48,19.55,15.0,125.0,1,1,13.45,1.14,1.35,0.000,0.000,0.000,0.000,0.100,0.100,0.100,1,5.4,20.8,763,581,16,115,0
27.56,climb_cruise,537.0,537.0,27878.5,-23981,-8.80,26.92,82.63,19.56,15.0,125.0,1,1,13.46,1.14,1.35,0.000,0.000,0.000,0.000,0.100,0.100,0.100,1,5.3,20.8,763,581,16,115,0
27.58,climb_cruise,537.1,537.1,27870.5,-23804,-8.57,26.92,82.78,19.58,15.0,125.0,1,1,13.47,1.15,1.35,0.000,0.000,0.000,0.000,0.100,0.100,0.100,1,5.3,20.8,763,581,16,116,0
27.60,climb_cruise,537.1,537.1,27862.6,-23627,-8.35,26.92,82.92,19.60,15.0,125.0,1,1,13.48,1.15,1.35,0.000,0.000,0.000,0.000,0.100,0.100,0.100,1,5.3,20.8,763,581,16,116,0
27.62,climb_cruise,537.1,537.1,27854.8,-23449,-8.12,26.92,83.07,19.62,15.0,125.0,1,1,13.48,1.15,1.36,0.000,0.000,0.000,0.000,0.100,0.100,0.100,1,5.3,20.7,763,581,16,116,0
27.64,climb_cruise,537.2,537.2,27847.0,-23270,-7.89,26.92,83.22,19.64,15.0,125.0,1,1,13.49,1.16,1.36,0.000,0.000,0.000,0.000,0.100,0.100,0.100,1,5.3,20.7,763,581,16,115,0
27.66,climb_cruise,537.2,537.2,27839.2,-23091,-7.66,26.93,83.37,19.66,15.0,125.0,1,1,13.50,1.16,1.36,0.000,0.000,0.000,0.000,0.100,0.100,0.100,1,5.3,20.7,763,581,16,116,0
27.68,climb_cruise,537.2,537.2,27831.6,-22912,-7.43,26.93,83.52,19.67,15.0,125.0,1,1,13.51,1.16,1.36,0.000,0.000,0.000,0.000,0.100,0.100,0.100,1,5.3,20.7,763,581,16,114,0
27.70,climb_cruise,537.2,537.2,27823.9,-22731,-7.20,26.94,83.66,19.69,15.0,125.0,1,1,13.52,1.17,1.36,0.000,0.000,0.000,0.000,0.100,0.100,0.100,1,5.3,20.7,763,581,16,116,0
27.72,climb_cruise,537.2,537.2,27816.4,-22551,-6.98,26.94,83.81,19.71,15.0,125.0,1,1,13.52,1.17,1.37,0.000,0.000,0.000,0.000,0.100,0.100,0.100,1,5.3,20.7,763,581,16,115,0
27.74,climb_cruise,537.2,537.2,27808.9,-22369,-6.75,26.95,83.96,19.73,15.0,125.0,1,1,13.53,1.17,1.37,0.000,0.000,0.000,0.000,0.100,0.100,0.100,1,5.3,20.7,763,581,16,114,0
27.76,climb_cruise,537.3,537.3,27801.5,-22188,-6.52,26.95,84.11,19.75,15.0,125.0,1,1,13.54,1.17,1.37,0.000,0.000,0.000,0.000,0.100,0.100,0.100,1,5.2,20.7,763,581,16,116,0
27.78,climb_cruise,537.3,537.3,27794.1,-22005,-6.29,26.96,84.26,19.77,15.0,125.0,1,1,13.55,1.18,1.37,0.000,0.000,0.000,0.000,0.100,0.100,0.100,1,5.2,20.7,763,581,16,115,0
27.80,climb_cruise,537.3,537.3,27786.8,-21822,-6.06,26.97,84.40,19.79,15.0,125.0,1,1,13.55,1.18,1.38,0.000,0.000,0.000,0.000,0.100,0.100,0.100,1,5.2,20.6,763,581,16,115,0
27.82,climb_cruise,537.3,537.3,27779.5,-21639,-5.83,26.98,84.55,19.80,15.0,125.0,1,1,13.56,1.18,1.38,0.000,0.000,0.000,0.000,0.100,0.100,0.100,1,5.2,20.6,763,581,16,115,0
27.84,climb_cruise,537.3,537.3,27772.3,-21455,-5.60,26.98,84.70,19.82,15.0,125.0,1,1,13.57,1.19,1.38,0.000,0.000,0.000,0.000,0.100,0.100,0.100,1,5.2,20.6,763,580,16,116,0
27.86,climb_cruise,537.3,537.3,27765.2,-21270,-5.37,26.99,84.85,19.84,15.0,125.0,1,1,13.58,1.19,1.38,0.000,0.000,0.000,0.000,0.100,0.100,0.100,1,5.2,20.6,763,580,16,115,0
27.88,climb_cruise,537.3,537.3,27758.1,-21085,-5.14,27.00,85.00,19.86,15.0,125.0,1,1,13.58,1.19,1.38,0.000,0.000,0.000,0.000,0.100,0.100,0.100,1,5.2,20.6,763,580,16,115,0
27.90,climb_cruise,537.3,537.3,27751.1,-20900,-4.91,27.02,85.15,19.88,15.0,125.0,1,1,13.59,1.20,1.39,0.000,0.000,0.000,0.000,0.100,0.100,0.100,1,5.2,20.6,763,580,16,115,0
27.92,climb_cruise,537.3,537.3,27744.2,-20714,-4.68,27.03,85.30,19.90,15.0,125.0,1,1,13.60,1.20,1.39,0.000,0.000,0.000,0.000,0.100,0.100,0.100,1,5.2,20.6,763,580,16,115,0
27.94,climb_cruise,537.4,537.4,27737.3,-20527,-4.45,27.04,85.44,19.92,15.0,125.0,1,1,13.61,1.20,1.39,0.000,0.000,0.000,0.000,0.100,0.100,0.100,1,5.1,20.6,763,580,16,115,0
27.96,climb_cruise,537.4,537.4,27730.5,-20340,-4.22,27.05,85.59,19.93,15.0,125.0,1,1,13.61,1.21,1.39,0.000,0.000,0.000,0.000,0.100,0.100,0.100,1,5.1,20.6,763,580,16,114,0
27.98,climb_cruise,537.4,537.4,27723.7,-20153,-3.99,27.07,85.74,19.95,15.0,125.0,1,1,13.62,1.21,1.39,0.000,0.000,0.000,0.000,0.100,0.100,0.100,1,5.1,20.6,763,580,16,116,0
28.00,climb_cruise,537.4,537.4,27717.0,-19965,-3.76,27.08,85.89,19.97,15.0,125.0,1,1,13.63,1.21,1.40,0.000,0.000,0.000,0.000,0.100,0.100,0.100,1,5.1,20.5,763,580,16,115,0
28.02,climb_cruise,537.4,537.4,27710.4,-19776,-3.53,27.09,86.04,19.99,15.0,125.0,1,1,13.63,1.22,1.40,0.000,0.000,0.000,0.000,0.100,0.100,0.100,1,5.1,20.5,763,580,16,115,0
28.04,climb_cruise,537.3,537.3,27703.8,-19588,-3.30,27.11,86.19,20.01,15.0,125.0,1,1,13.64,1.22,1.40,0.000,0.000,0.000,0.000,0.100,0.100,0.100,1,5.1,20.5,763,580,16,115,0
28.06,climb_cruise,537.3,537.3,27697.3,-19398,-3.07,27.13,86.34,20.03,15.0,125.0,1,1,13.65,1.22,1.40,0.000,0.000,0.000,0.000,0.100,0.100,0.100,1,5.1,20.5,763,580,16,114,0
28.08,climb_cruise,537.3,537.3,27690.9,-19208,-2.84,27.14,86.49,20.05,15.0,125.0,1,1,13.66,1.23,1.41,0.000,0.000,0.000,0.000,0.100,0.100,0.100,1,5.1,20.5,763,580,16,115,0
28.10,climb_cruise,537.3,537.3,27684.5,-19018,-2.61,27.16,86.64,20.06,15.0,125.0,1,1,13.66,1.23,1.41,0.000,0.000,0.000,0.000,0.100,0.100,0.100,1,5.1,20.5,763,580,16,115,0
28.12,climb_cruise,537.3,537.3,27678.2,-18827,-2.38,27.18,86.79,20.08,15.0,125.0,1,1,13.67,1.23,1.41,0.000,0.000,0.000,0.000,0.100,0.100,0.100,1,5.1,20.5,763,580,16,114,0
28.14,climb_cruise,537.3,537.3,27672.0,-18636,-2.15,27.20,86.94,20.10,15.0,125.0,1,1,13.68,1.24,1.41,0.000,0.000,0.000,0.000,0.100,0.100,0.100,1,5.0,20.5,763,580,16,116,0
28.16,climb_cruise,537.3,537.3,27665.8,-18444,-1.92,27.22,87.09,20.12,15.0,125.0,1,1,13.68,1.24,1.42,0.000,0.000,0.000,0.000,0.100,0.100,0.100,1,5.0,20.5,763,580,16,115,0
28.18,climb_cruise,537.3,537.3,27659.6,-18252,-1.69,27.24,87.24,20.14,15.0,125.0,1,1,13.69,1.24,1.42,0.000,0.000,0.000,0.000,0.100,0.100,0.100,1,5.0,20.5,763,580,16,116,0
28.20,climb_cruise,537.3,537.3,27653.6,-18060,-1.46,27.26,87.39,20.16,15.0,125.0,1,1,13.70,1.25,1.42,0.000,0.000,0.000,0.000,0.100,0.100,0.100,1,5.0,20.5,763,580,16,114,0
28.22,climb_cruise,537.3,537.3,27647.6,-17867,-1.23,27.28,87.54,20.18,15.0,125.0,1,1,13.70,1.25,1.42,0.000,0.000,0.000,0.000,0.100,0.100,0.100,1,5.0,20.5,763,580,16,116,0
28.24,climb_cruise,537.2,537.2,27641.7,-17674,-1.00,27.30,87.69,20.19,15.0,125.0,1,1,13.71,1.25,1.43,0.000,0.000,0.000,0.000,0.100,0.100,0.100,1,5.0,20.4,763,580,16,114,0
28.26,climb_cruise,537.2,537.2,27635.8,-17480,-0.77,27.32,87.85,20.21,15.0,125.0,1,1,13.72,1.26,1.43,0.000,0.000,0.000,0.000,0.100,0.100,0.100,1,5.0,20.4,763,580,16,114,0
28.28,climb_cruise,537.2,537.2,27630.0,-17286,-0.54,27.35,88.00,20.23,15.0,125.0,1,1,13.72,1.26,1.43,0.000,0.000,0.000,0.000,0.100,0.100,0.100,1,5.0,20.4,763,580,16,115,0
28.30,climb_cruise,537.2,537.2,27624.3,-17091,-0.31,27.37,88.15,20.25,15.0,125.0,1,1,13.73,1.26,1.43,0.000,0.000,0.000,0.000,0.100,0.100,0.100,1,5.0,20.4,763,580,16,114,0
28.32,climb_cruise,537.2,537.2,27618.6,-16896,-0.07,27.40,88.30,20.27,15.0,125.0,1,1,13.74,1.27,1.44,0.000,0.000,0.000,0.000,0.100,0.100,0.100,1,5.0,20.4,763,580,16,114,0
28.34,climb_cruise,537.1,537.1,27613.0,-16701,0.16,27.42,88.45,20.29,15.0,125.0,1,1,13.74,1.27,1.44,0.000,0.000,0.000,0.000,0.100,0.100,0.100,1,4.9,20.4,763,580,16,114,0
28.36,climb_cruise,537.1,537.1,27607.4,-16505,0.39,27.45,88.61,20.31,15.0,125.0,1,1,13.75,1.27,1.44,0.000,0.000,0.000,0.000,0.100,0.100,0.100,1,4.9,20.4,763,580,16,115,0
28.38,climb_cruise,537.1,537.1,27602.0,-16309,0.62,27.47,88.76,20.32,15.0,125.0,1,1,13.76,1.28,1.44,0.000,0.000,0.000,0.000,0.100,0.100,0.100,1,4.9,20.4,763,580,16,115,0
28.40,climb_cruise,537.1,537.1,27596.5,-16113,0.85,27.50,88.91,20.34,15.0,125.0,1,1,13.76,1.28,1.45,0.000,0.000,0.000,0.000,0.100,0.100,0.100,1,4.9,20.4,763,580,16,115,0
28.42,climb_cruise,537.0,537.0,27591.2,-15916,1.08,27.53,89.06,20.36,15.0,125.0,1,1,13.77,1.29,1.45,0.000,0.000,0.000,0.000,0.100,0.100,0.100,1,4.9,20.4,763,580,16,114,0
28.44,climb_cruise,537.0,537.0,27585.9,-15719,1.31,27.56,89.22,20.38,15.0,125.0,1,1,13.78,1.29,1.45,0.000,0.000,0.000,0.000,0.100,0.100,0.100,1,4.9,20.4,763,580,16,116,0
28.46,climb_cruise,537.0,537.0,27580.7,-15521,1.54,27.59,89.37,20.40,15.0,125.0,1,1,13.78,1.29,1.46,0.000,0.000,0.000,0.000,0.100,0.100,0.100,1,4.9,20.4,763,580,16,115,0
28.48,climb_cruise,536.9,536.9,27575.6,-15323,1.77,27.62,89.52,20.42,15.0,125.0,1,1,13.79,1.30,1.46,0.000,0.000,0.000,0.000,0.100,0.100,0.100,1,4.9,20.4,763,580,16,116,0
28.50,climb_cruise,536.9,536.9,27570.5,-15125,2.00,27.65,89.68,20.43,15.0,125.0,1,1,13.79,1.30,1.46,0.000,0.000,0.000,0.000,0.100,0.100,0.100,1,4.9,20.4,763,580,16,115,0
28.52,climb_cruise,536.9,536.9,27565.5,-14927,2.23,27.68,89.83,20.45,15.0,125.0,1,1,13.80,1.30,1.46,0.000,0.000,0.000,0.000,0.100,0.100,0.100,1,4.9,20.4,763,580,16,115,0
28.54,climb_cruise,536.8,536.8,27560.5,-14728,2.47,27.71,89.99,20.47,15.0,125.0,1,1,13.81,1.31,1.47,0.000,0.000,0.000,0.000,0.100,0.100,0.100,1,4.8,20.3,763,580,16,114,0
28.56,climb_cruise,536.8,536.8,27555.6,-14529,2.70,27.75,90.14,20.49,15.0,125.0,1,1,13.81,1.31,1.47,0.000,0.000,0.000,0.000,0.100,0.100,0.100,1,4.8,20.3,763,580,16,115,0
28.58,climb_cruise,536.8,536.8,27550.8,-14329,2.93,27.78,90.30,20.51,15.0,125.0,1,1,13.82,1.32,1.47,0.000,0.000,0.000,0.000,0.100,0.100,0.100,1,4.8,20.3,763,580,16,115,0
28.60,climb_cruise,536.7,536.7,27546.1,-14129,3.16,27.82,90.45,20.53,15.0,125.0,1,1,13.83,1.32,1.47,0.000,0.000,0.000,0.000,0.100,0.100,0.100,1,4.8,20.3,763,580,16,116,0
28.62,climb_cruise,536.7,536.7,27541.4,-13929,3.39,27.85,90.61,20.55,15.0,125.0,1,1,13.83,1.32,1.48,0.000,0.000,0.000,0.000,0.100,0.100,0.100,1,4.8,20.3,763,580,16,115,0
28.64,climb_cruise,536.6,536.6,27536.8,-13729,3.62,27.89,90.76,20.56,15.0,125.0,1,1,13.84,1.33,1.48,0.000,0.000,0.000,0.000,0.100,0.100,0.100,1,4.8,20.3,763,580,16,114,0
28.66,climb_cruise,536.6,536.6,27532.2,-13528,3.85,27.92,90.92,20.58,15.0,125.0,1,1,13.84,1.33,1.48,0.000,0.000,0.000,0.000,0.100,0.100,0.100,1,4.8,20.3,763,580,16,115,0
28.68,climb_cruise,536.5,536.5,27527.7,-13327,4.08,27.96,91.08,20.60,15.0,125.0,1,1,13.85,1.34,1.49,0.000,0.000,0.000,0.000,0.100,0.100,0.100,1,4.8,20.3,763,580,16,115,0
28.70,climb_cruise,536.5,536.5,27523.3,-13126,4.31,28.00,91.23,20.62,15.0,125.0,1,1,13.86,1.34,1.49,0.000,0.000,0.000,0.000,0.100,0.100,0.100,1,4.8,20.3,763,580,16,114,0
28.72,climb_cruise,536.4,536.4,27519.0,-12925,4.54,28.04,91.39,20.64,15.0,125.0,1,1,13.86,1.34,1.49,0.000,0.000,0.000,0.000,0.100,0.100,0.100,1,4.8,20.3,763,580,16,115,0
28.74,climb_cruise,536.4,536.4,27514.7,-12723,4.77,28.08,91.55,20.66,15.0,125.0,1,1,13.87,1.35,1.50,0.000,0.000,0.000,0.000,0.100,0.100,0.100,1,4.8,20.3,763,580,16,115,0
28.76,climb_cruise,536.3,536.3,27510.5,-12521,5.00,28.12,91.70,20.68,15.0,125.0,1,1,13.87,1.35,1.50,0.000,0.000,0.000,0.000,0.100,0.100,0.100,1,4.7,20.3,763,580,16,115,0
28.78,climb_cruise,536.3,536.3,27506.3,-12319,5.23,28.16,91.86,20.69,15.0,125.0,1,1,13.88,1.36,1.50,0.000,0.000,0.000,0.000,0.100,0.100,0.100,1,4.7,20.3,763,580,16,115,0
28.80,climb_cruise,536.2,536.2,27502.2,-12116,5.47,28.20,92.02,20.71,15.0,125.0,1,1,13.88,1.36,1.50,0.000,0.000,0.000,0.000,0.100,0.100,0.100,1,4.7,20.3,763,580,16,114,0
28.82,climb_cruise,536.2,536.2,27498.2,-11913,5.70,28.24,92.18,20.73,15.0,125.0,1,1,13.89,1.36,1.51,0.000,0.000,0.000,0.000,0.100,0.100,0.100,1,4.7,20.3,763,580,16,115,0
28.84,climb_cruise,536.1,536.1,27494.3,-11710,5.93,28.29,92.34,20.75,15.0,125.0,1,1,13.90,1.37,1.51,0.000,0.000,0.000,0.000,0.100,0.100,0.100,1,4.7,20.3,763,580,16,116,0
28.86,climb_cruise,536.1,536.1,27490.4,-11507,6.16,28.33,92.50,20.77,15.0,125.0,1,1,13.90,1.37,1.51,0.000,0.000,0.000,0.000,0.100,0.100,0.100,1,4.7,20.3,763,580,16,114,0
28.88,climb_cruise,536.0,536.0,27486.6,-11304,6.39,28.38,92.66,20.79,15.0,125.0,1,1,13.91,1.38,1.52,0.000,0.000,0.000,0.000,0.100,0.100,0.100,1,4.7,20.3,763,580,16,115,0
28.90,climb_cruise,535.9,535.9,27482.8,-11100,6.62,28.42,92.82,20.81,15.0,125.0,1,1,13.91,1.38,1.52,0.000,0.000,0.000,0.000,0.100,0.100,0.100,1,4.7,20.3,763,580,16,114,0
28.92,climb_cruise,535.9,535.9,27479.2,-10896,6.85,28.47,92.98,20.82,15.0,125.0,1,1,13.92,1.38,1.52,0.000,0.000,0.000,0.000,0.100,0.100,0.100,1,4.7,20.3,763,580,16,116,0
28.94,climb_cruise,535.8,535.8,27475.6,-10692,7.08,28.52,93.14,20.84,15.0,125.0,1,1,13.92,1.39,1.53,0.000,0.000,0.000,0.000,0.100,0.100,0.100,1,4.7,20.2,763,580,16,115,0
28.96,climb_cruise,535.7,535.7,27472.0,-10488,7.31,28.56,93.30,20.86,15.0,125.0,1,1,13.93,1.39,1.53,0.000,0.000,0.000,0.000,0.100,0.100,0.100,1,4.7,20.2,763,580,16,115,0
28.98,climb_cruise,535.7,535.7,27468.6,-10284,7.54,28.61,93.46,20.88,15.0,125.0,1,1,13.93,1.40,1.53,0.000,0.000,0.000,0.000,0.100,0.100,0.100,1,4.6,20.2,763,580,16,116,0
29.00,climb_cruise,535.6,535.6,27465.2,-10079,7.77,28.66,93.62,20.90,15.0,125.0,1,1,13.94,1.40,1.54,0.000,0.000,0.000,0.000,0.100,0.100,0.100,1,4.6,20.2,763,579,16,116,0
29.02,climb_cruise,535.5,535.5,27461.8,-9875,8.00,28.71,93.79,20.92,15.0,125.0,1,1,13.94,1.41,1.54,0.000,0.000,0.000,0.000,0.100,0.100,0.100,1,4.6,20.2,763,579,16,115,0
29.04,climb_cruise,535.5,535.5,27458.6,-9670,8.23,28.76,93.95,20.94,15.0,125.0,1,1,13.95,1.41,1.54,0.000,0.000,0.000,0.000,0.100,0.100,0.100,1,4.6,20.2,763,579,16,115,0
29.06,climb_cruise,535.4,535.4,27455.4,-9465,8.46,28.82,94.11,20.95,15.0,125.0,1,1,13.95,1.41,1.55,0.000,0.000,0.000,0.000,0.100,0.100,0.100,1,4.6,20.2,763,579,16,115,0
29.08,climb_cruise,535.3,535.3,27452.2,-9260,8.69,28.87,94.28,20.97,15.0,125.0,1,1,13.96,1.42,1.55,0.000,0.000,0.000,0.000,0.100,0.100,0.100,1,4.6,20.2,763,579,16,114,0
29.10,climb_cruise,535.2,535.2,27449.2,-9054,8.92,28.92,94.44,20.99,15.0,125.0,1,1,13.96,1.42,1.55,0.000,0.000,0.000,0.000,0.100,0.100,0.100,1,4.6,20.2,763,579,16,116,0
29.12,climb_cruise,535.1,535.1,27446.2,-8849,9.15,28.98,94.60,21.01,15.0,125.0,1,1,13.97,1.43,1.56,0.000,0.000,0.000,0.000,0.100,0.100,0.100,1,4.6,20.2,763,579,16,115,0
29.14,climb_cruise,535.1,535.1,27443.3,-8643,9.38,29.03,94.77,21.03,15.0,125.0,1,1,13.97,1.43,1.56,0.000,0.000,0.000,0.000,0.100,0.100,0.100,1,4.6,20.2,763,579,16,115,0
29.16,climb_cruise,535.0,535.0,27440.4,-8437,9.61,29.09,94.93,21.05,15.0,125.0,1,1,13.98,1.44,1.56,0.000,0.000,0.000,0.000,0.100,0.100,0.100,1,4.6,20.2,763,579,16,115,0
29.18,climb_cruise,534.9,534.9,27437.6,-8232,9.83,29.14,95.10,21.07,15.0,125.0,1,1,13.98,1.44,1.57,0.000,0.000,0.000,0.000,0.100,0.100,0.100,1,4.5,20.2,763,579,16,115,0
29.20,climb_cruise,534.8,534.8,27434.9,-8026,10.06,29.20,95.27,21.08,15.0,125.0,1,1,13.99,1.45,1.57,0.000,0.000,0.000,0.000,0.100,0.100,0.100,1,4.5,20.2,763,579,16,115,0
29.22,climb_cruise,534.7,534.7,27432.2,-7820,10.29,29.26,95.43,21.10,15.0,125.0,1,1,13.99,1.45,1.57,0.000,0.000,0.000,0.000,0.100,0.100,0.100,1,4.5,20.2,763,579,16,116,0
29.24,climb_cruise,534.7,534.7,27429.7,-7614,10.52,29.32,95.60,21.12,15.0,125.0,1,1,14.00,1.45,1.58,0.000,0.000,0.000,0.000,0.100,0.100,0.100,1,4.5,20.2,763,579,16,115,0
29.26,climb_cruise,534.6,534.6,27427.2,-7407,10.75,29.38,95.77,21.14,15.0,125.0,1,1,14.00,1.46,1.58,0.000,0.000,0.000,0.000,0.100,0.100,0.100,1,4.5,20.2,763,579,16,115,0
29.28,climb_cruise,534.5,534.5,27424.7,-7201,10.98,29.44,95.94,21.16,15.0,125.0,1,1,14.01,1.46,1.58,0.000,0.000,0.000,0.000,0.100,0.100,0.100,1,4.5,20.2,763,579,16,116,0
29.30,climb_cruise,534.4,534.4,27422.3,-6995,11.21,29.50,96.11,21.18,15.0,125.0,1,1,14.01,1.47,1.59,0.000,0.000,0.000,0.000,0.100,0.100,0.100,1,4.5,20.2,763,579,16,116,0
29.32,climb_cruise,534.3,534.3,27420.0,-6788,11.44,29.56,96.27,21.20,15.0,125.0,1,1,14.02,1.47,1.59,0.000,0.000,0.000,0.000,0.100,0.100,0.100,1,4.5,20.2,763,579,16,115,0
29.34,climb_cruise,534.2,534.2,27417.8,-6582,11.66,29.63,96.44,21.21,15.0,125.0,1,1,14.02,1.48,1.60,0.000,0.000,0.000,0.000,0.100,0.100,0.100,1,4.5,20.2,763,579,16,116,0
29.36,climb_cruise,534.1,534.1,27415.6,-6375,11.89,29.69,96.61,21.23,15.0,125.0,1,1,14.03,1.48,1.60,0.000,0.000,0.000,0.000,0.100,0.100,0.100,1,4.5,20.2,763,579,16,115,0
29.38,climb_cruise,534.0,534.0,27413.5,-6169,12.12,29.76,96.78,21.25,15.0,125.0,1,1,14.03,1.49,1.60,0.000,0.000,0.000,0.000,0.100,0.100,0.100,1,4.5,20.2,763,579,16,116,0
29.40,climb_cruise,533.9,533.9,27411.5,-5962,12.35,29.82,96.96,21.27,15.0,125.0,1,1,14.04,1.49,1.61,0.000,0.000,0.000,0.000,0.100,0.100,0.100,1,4.5,20.2,763,579,16,114,0
29.42,climb_cruise,533.8,533.8,27409.5,-5756,12.58,29.89,97.13,21.29,15.0,125.0,1,1,14.04,1.50,1.61,0.000,0.000,0.000,0.000,0.100,0.100,0.100,1,4.4,20.2,763,579,16,115,0
29.44,climb_cruise,533.7,533.7,27407.7,-5549,12.80,29.96,97.30,21.31,15.0,125.0,1,1,14.04,1.50,1.61,0.000,0.000,0.000,0.000,0.100,0.100,0.100,1,4.4,20.2,763,579,16,116,0
29.46,climb_cruise,533.6,533.6,27405.8,-5342,13.03,30.03,97.47,21.33,15.0,125.0,1,1,14.05,1.51,1.62,0.000,0.000,0.000,0.000,0.100,0.100,0.100,1,4.4,20.2,763,579,16,116,0
29.48,climb_cruise,533.5,533.5,27404.1,-5136,13.26,30.10,97.65,21.34,15.0,125.0,1,1,14.05,1.51,1.62,0.000,0.000,0.000,0.000,0.100,0.100,0.100,1,4.4,20.2,763,579,16,114,0
29.50,climb_cruise,533.4,533.4,27402.4,-4929,13.48,30.17,97.82,21.36,15.0,125.0,1,1,14.06,1.52,1.63,0.000,0.000,0.000,0.000,0.100,0.100,0.100,1,4.4,20.2,763,579,16,116,0
29.52,climb_cruise,533.3,533.3,27400.8,-4722,13.71,30.24,98.00,21.38,15.0,125.0,1,1,14.06,1.52,1.63,0.000,0.000,0.000,0.000,0.100,0.100,0.100,1,4.4,20.2,763,579,16,115,0
29.54,climb_cruise,533.2,533.2,27399.2,-4516,13.94,30.31,98.17,21.40,15.0,125.0,1,1,14.06,1.53,1.63,0.000,0.000,0.000,0.000,0.100,0.100,0.100,1,4.4,20.1,763,579,16,115,0
29.56,climb_cruise,533.1,533.1,27397.7,-4309,14.16,30.38,98.35,21.42,15.0,125.0,1,1,14.07,1.53,1.64,0.000,0.000,0.000,0.000,0.100,0.100,0.100,1,4.4,20.1,763,579,16,116,0
29.58,climb_cruise,533.0,533.0,27396.3,-4102,14.39,30.46,98.52,21.44,15.0,125.0,1,1,14.07,1.54,1.64,0.000,0.000,0.000,0.000,0.100,0.100,0.100,1,4.4,20.1,763,579,16,116,0
29.60,climb_cruise,532.9,532.9,27395.0,-3896,14.62,30.53,98.70,21.46,15.0,125.0,1,1,14.08,1.54,1.65,0.000,0.000,0.000,0.000,0.100,0.100,0.100,1,4.4,20.1,763,579,16,115,0
29.62,climb_cruise,532.7,532.7,27393.7,-3689,14.84,30.61,98.88,21.47,15.0,125.0,1,1,14.08,1.55,1.65,0.000,0.000,0.000,0.000,0.100,0.100,0.100,1,4.4,20.1,763,579,16,115,0
29.64,climb_cruise,532.6,532.6,27392.5,-3483,15.07,30.69,99.05,21.49,15.0,125.0,1,1,14.09,1.55,1.65,0.000,0.000,0.000,0.000,0.100,0.100,0.100,1,4.3,20.1,763,579,16,115,0
29.66,climb_cruise,532.5,532.5,27391.4,-3276,15.29,30.76,99.23,21.51,15.0,125.0,1,1,14.09,1.56,1.66,0.000,0.000,0.000,0.000,0.100,0.100,0.100,1,4.3,20.1,763,579,16,115,0
29.68,climb_cruise,532.4,532.4,27390.3,-3070,15.52,30.84,99.41,21.53,15.0,125.0,1,1,14.09,1.56,1.66,0.000,0.000,0.000,0.000,0.100,0.100,0.100,1,4.3,20.1,763,579,16,116,0
29.70,climb_cruise,532.3,532.3,27389.3,-2864,15.74,30.92,99.59,21.55,15.0,125.0,1,1,14.10,1.57,1.67,0.000,0.000,0.000,0.000,0.100,0.100,0.100,1,4.3,20.1,763,579,16,115,0
29.72,climb_cruise,532.2,532.2,27388.4,-2658,15.97,31.00,99.77,21.57,15.0,125.0,1,1,14.10,1.57,1.67,0.000,0.000,0.000,0.000,0.100,0.100,0.100,1,4.3,20.1,763,579,16,114,0
29.74,climb_cruise,532.0,532.0,27387.5,-2452,16.19,31.09,99.95,21.58,15.0,125.0,1,1,14.10,1.58,1.67,0.000,0.000,0.000,0.000,0.100,0.100,0.100,1,4.3,20.1,763,579,16,116,0
29.76,climb_cruise,531.9,531.9,27386.7,-2246,16.42,31.17,100.14,21.60,15.0,125.0,1,1,14.11,1.59,1.68,0.000,0.000,0.000,0.000,0.100,0.100,0.100,1,4.3,20.1,763,579,16,114,0
29.78,climb_cruise,531.8,531.8,27386.0,-2040,16.64,31.25,100.32,21.62,15.0,125.0,1,1,14.11,1.59,1.68,0.000,0.000,0.000,0.000,0.100,0.100,0.100,1,4.3,20.1,763,579,16,114,0
29.80,climb_cruise,531.7,531.7,27385.4,-1834,16.86,31.34,100.50,21.64,15.0,125.0,1,1,14.12,1.60,1.69,0.000,0.000,0.000,0.000,0.100,0.100,0.100,1,4.3,20.1,763,579,16,114,0
29.82,climb_cruise,531.5,531.5,27384.8,-1628,17.09,31.42,100.69,21.66,15.0,125.0,1,1,14.12,1.60,1.69,0.000,0.000,0.000,0.000,0.100,0.100,0.100,1,4.3,20.1,763,579,16,115,0
29.84,climb_cruise,531.4,531.4,27384.3,-1423,17.31,31.51,100.87,21.68,15.0,125.0,1,1,14.12,1.61,1.70,0.000,0.000,0.000,0.000,0.100,0.100,0.100,1,4.3,20.1,763,579,16,116,0
29.86,climb_cruise,531.3,531.3,27383.8,-1217,17.53,31.60,101.06,21.70,15.0,125.0,1,1,14.13,1.61,1.70,0.000,0.000,0.000,0.000,0.100,0.100,0.100,1,4.3,20.1,763,579,16,115,0
29.88,climb_cruise,531.1,531.1,27383.4,-1012,17.76,31.69,101.24,21.71,15.0,125.0,1,1,14.13,1.62,1.70,0.000,0.000,0.000,0.000,0.100,0.100,0.100,1,4.2,20.1,763,579,16,115,0
29.90,climb_cruise,531.0,531.0,27383.1,-807,17.98,31.78,101.43,21.73,15.0,125.0,1,1,14.13,1.62,1.71,0.000,0.000,0.000,0.000,0.100,0.100,0.100,1,4.2,20.1,763,579,16,115,0
29.92,climb_cruise,530.9,530.9,27382.9,-602,18.20,31.87,101.62,21.75,15.0,125.0,1,1,14.10,1.63,1.71,0.000,0.000,0.000,0.000,0.100,0.100,0.100,1,4.2,20.1,763,579,16,116,0
29.94,climb_cruise,530.7,530.7,27382.7,-397,18.42,31.96,101.80,21.77,15.0,125.0,1,1,14.03,1.64,1.72,0.000,0.000,0.000,0.000,0.100,0.100,0.100,1,4.2,20.1,763,579,16,115,0
29.96,climb_cruise,530.6,530.6,27382.6,-192,18.64,32.05,101.99,21.79,15.0,125.0,1,1,13.94,1.64,1.72,0.000,0.000,0.000,0.000,0.100,0.100,0.100,1,4.2,20.1,763,579,16,115,0
29.98,climb_cruise,530.5,530.5,27382.6,12,18.86,32.14,102.18,21.80,15.0,125.0,1,1,13.82,1.65,1.73,0.000,0.000,0.000,0.000,0.100,0.100,0.100,1,4.2,20.1,763,579,16,115,0