time_s,phase,airspeed_kts,groundSpeed_kts,altitude_ft,verticalSpeed_fpm,pitch_deg,roll_deg,yaw_deg,alpha_deg,stallAlpha_deg,stallSpeed_kts,stallWarning,stall,pitchRate_deg_s,rollRate_deg_s,yawRate_deg_s,ctrlElevator,ctrlAileron,ctrlRudder,ctrlThrottle,effElevator,effAileron,effRudder,motionEnabled,eng1_n1,eng2_n1,eng1_egt,eng2_egt,eng1_failed,eng2_failed,eng1_fire,eng2_fire,hydPressA_psi,hydPressB_psi,elecVolts,onGround
-0.02,climb_cruise,449.9,449.9,34999.9,-42,0.20,-0.00,360.00,0.17,15.0,125.0,0,0,3.56,-0.00,-0.00,0.000,0.000,0.000,1.000,1.000,1.000,1.000,1,84.4,84.4,763,763,0,0,0,0,3000,3000,115,0
0.00,climb_cruise,449.9,449.9,34999.9,-49,0.26,-0.00,359.97,0.31,15.0,125.0,0,0,3.20,-0.34,-3.22,-0.005,0.000,0.000,1.000,0.750,0.750,0.750,1,54.9,84.3,763,763,1,0,1,0,1216,1816,116,0
0.02,climb_cruise,449.9,449.9,34999.9,-56,0.33,-0.01,359.89,0.38,15.0,125.0,0,0,3.02,-1.04,-5.84,-0.010,0.001,0.000,1.000,0.750,0.750,0.750,1,54.8,84.2,763,764,1,0,1,0,1216,1816,115,0
0.04,climb_cruise,449.9,449.9,34999.8,-62,0.39,-0.04,359.75,0.45,15.0,125.0,0,0,3.07,-1.50,-7.90,-0.015,0.005,0.001,1.000,0.750,0.750,0.750,1,54.7,84.2,763,764,1,0,1,0,1216,1816,114,0
0.06,climb_cruise,449.9,449.9,34999.8,-68,0.45,-0.07,359.58,0.52,15.0,125.0,0,0,3.20,-1.54,-9.41,-0.019,0.011,0.001,1.000,0.750,0.750,0.750,1,54.6,84.1,763,765,1,0,1,0,1216,1816,115,0
0.08,climb_cruise,449.8,449.8,34999.8,-74,0.52,-0.10,359.39,0.59,15.0,125.0,0,0,3.33,-1.18,-10.41,-0.022,0.019,0.003,1.000,0.750,0.750,0.750,1,54.5,84.1,763,765,1,0,1,0,1216,1816,115,0
0.10,climb_cruise,449.8,449.8,34999.8,-79,0.58,-0.11,359.17,0.67,15.0,125.0,0,0,3.39,-0.52,-10.94,-0.024,0.028,0.005,1.000,0.750,0.750,0.750,1,54.3,84.1,763,766,1,0,1,0,1216,1816,115,0
0.12,climb_cruise,449.8,449.8,34999.7,-84,0.65,-0.12,358.95,0.74,15.0,125.0,0,0,3.33,0.35,-11.04,-0.025,0.036,0.007,1.000,0.750,0.750,0.750,1,54.2,84.1,763,766,1,0,1,0,1216,1816,114,0
0.14,climb_cruise,449.8,449.8,34999.7,-88,0.71,-0.10,358.73,0.81,15.0,125.0,0,0,3.14,1.34,-10.78,-0.025,0.045,0.010,1.000,0.750,0.750,0.750,1,54.1,84.1,763,767,1,0,1,0,1216,1816,115,0
0.16,climb_cruise,449.7,449.7,34999.7,-92,0.77,-0.07,358.52,0.88,15.0,125.0,0,0,2.81,2.38,-10.18,-0.024,0.053,0.013,1.000,0.750,0.750,0.750,1,54.0,84.1,763,767,1,0,1,0,1216,1816,116,0
0.18,climb_cruise,449.7,449.7,34999.6,-96,0.83,-0.01,358.32,0.94,15.0,125.0,0,0,2.36,3.39,-9.33,-0.023,0.060,0.016,1.000,0.750,0.750,0.750,1,53.9,84.1,763,767,1,0,1,0,1216,1816,116,0
0.20,climb_cruise,449.7,449.7,34999.6,-99,0.87,0.06,358.15,0.98,15.0,125.0,0,0,1.80,4.35,-8.27,-0.021,0.066,0.019,1.000,0.750,0.750,0.750,1,53.8,84.1,763,768,1,0,1,0,1216,1816,116,0
0.22,climb_cruise,449.7,449.7,34999.6,-102,0.90,0.16,357.99,1.02,15.0,125.0,0,0,1.18,5.21,-7.06,-0.020,0.070,0.023,1.000,0.750,0.750,0.750,1,53.7,84.1,763,768,1,0,1,0,1216,1816,116,0
0.24,climb_cruise,449.6,449.6,34999.5,-105,0.92,0.27,357.86,1.04,15.0,125.0,0,0,0.53,5.93,-5.76,-0.018,0.074,0.026,1.000,0.750,0.750,0.750,1,53.6,84.2,763,769,1,0,1,0,1216,1816,116,0
0.26,climb_cruise,449.6,449.6,34999.5,-107,0.93,0.39,357.76,1.05,15.0,125.0,0,0,-0.10,6.50,-4.42,-0.017,0.076,0.028,1.000,0.750,0.750,0.750,1,53.5,84.2,763,769,1,0,1,0,1216,1816,115,0
0.28,climb_cruise,449.6,449.6,34999.5,-110,0.92,0.52,357.68,1.04,15.0,125.0,0,0,-0.67,6.90,-3.10,-0.016,0.076,0.031,1.000,0.750,0.750,0.750,1,53.4,84.2,763,770,1,0,1,0,1216,1816,115,0
0.30,climb_cruise,449.6,449.6,34999.4,-113,0.90,0.66,357.63,1.02,15.0,125.0,0,0,-1.15,7.13,-1.82,-0.015,0.076,0.033,1.000,0.750,0.750,0.750,1,53.3,84.3,763,770,1,0,1,0,1216,1816,115,0
0.32,climb_cruise,449.5,449.5,34999.4,-115,0.88,0.80,357.60,1.00,15.0,125.0,0,0,-1.50,7.18,-0.64,-0.015,0.074,0.035,1.000,0.750,0.750,0.750,1,53.2,84.3,763,771,1,0,1,0,1216,1816,115,0
0.34,climb_cruise,449.5,449.5,34999.3,-118,0.85,0.94,357.59,0.96,15.0,125.0,0,0,-1.70,7.06,0.43,-0.015,0.071,0.036,1.000,0.750,0.750,0.750,1,53.1,84.4,763,771,1,0,1,0,1216,1816,116,0
0.36,climb_cruise,449.5,449.5,34999.3,-122,0.81,1.08,357.61,0.93,15.0,125.0,0,0,-1.74,6.79,1.35,-0.016,0.068,0.037,1.000,0.750,0.750,0.750,1,52.9,84.5,763,771,1,0,1,0,1216,1816,115,0
0.38,climb_cruise,449.5,449.5,34999.3,-125,0.78,1.21,357.64,0.89,15.0,125.0,0,0,-1.62,6.37,2.11,-0.017,0.064,0.037,1.000,0.750,0.750,0.750,1,52.8,84.5,763,772,1,0,1,0,1216,1816,115,0
0.40,climb_cruise,449.4,449.4,34999.2,-129,0.74,1.34,357.69,0.86,15.0,125.0,0,0,-1.35,5.84,2.70,-0.019,0.059,0.037,1.000,0.750,0.750,0.750,1,52.7,84.6,763,772,1,0,1,0,1216,1816,116,0
0.42,climb_cruise,449.4,449.4,34999.2,-133,0.72,1.45,357.75,0.83,15.0,125.0,0,0,-0.95,5.21,3.12,-0.021,0.054,0.037,1.000,0.750,0.750,0.750,1,52.6,84.7,763,773,1,0,1,0,1216,1816,115,0
0.44,climb_cruise,449.4,449.4,34999.1,-137,0.70,1.54,357.81,0.82,15.0,125.0,0,0,-0.44,4.51,3.38,-0.024,0.049,0.037,1.000,0.750,0.750,0.750,1,52.5,84.8,763,773,1,0,1,0,1216,1816,116,0
0.46,climb_cruise,449.4,449.4,34999.1,-141,0.70,1.63,357.88,0.81,15.0,125.0,0,0,0.13,3.77,3.47,-0.026,0.044,0.036,1.000,0.750,0.750,0.750,1,52.4,84.9,763,773,1,0,1,0,1216,1816,116,0
0.48,climb_cruise,449.3,449.3,34999.0,-145,0.70,1.70,357.95,0.82,15.0,125.0,0,0,0.73,3.01,3.42,-0.029,0.039,0.035,1.000,0.750,0.750,0.750,1,52.3,85.0,763,774,1,0,1,0,1216,1816,115,0
0.50,climb_cruise,449.3,449.3,34999.0,-150,0.72,1.75,358.02,0.84,15.0,125.0,0,0,1.32,2.25,3.24,-0.031,0.035,0.033,1.000,0.750,0.750,0.750,1,52.2,85.1,763,774,1,0,1,0,1216,1816,116,0
0.52,climb_cruise,449.3,449.3,34998.9,-154,0.75,1.79,358.08,0.88,15.0,125.0,0,0,1.86,1.51,2.95,-0.033,0.031,0.032,1.000,0.750,0.750,0.750,1,52.1,85.2,763,774,1,0,1,0,1216,1816,115,0
0.54,climb_cruise,449.3,449.3,34998.9,-157,0.79,1.81,358.14,0.92,15.0,125.0,0,0,2.31,0.81,2.56,-0.034,0.027,0.031,1.000,0.750,0.750,0.750,1,52.0,85.3,763,775,1,0,1,0,1216,1816,115,0
0.56,climb_cruise,449.2,449.2,34998.8,-161,0.84,1.82,358.19,0.97,15.0,125.0,0,0,2.64,0.17,2.11,-0.035,0.024,0.029,1.000,0.750,0.750,0.750,1,51.9,85.4,763,775,1,0,1,0,1216,1816,115,0
0.58,climb_cruise,449.2,449.2,34998.8,-164,0.89,1.82,358.23,1.03,15.0,125.0,0,0,2.82,-0.41,1.62,-0.036,0.022,0.028,1.000,0.750,0.750,0.750,1,51.8,85.5,763,776,1,0,1,0,1216,1816,115,0
0.60,climb_cruise,449.2,449.2,34998.7,-167,0.95,1.81,358.26,1.09,15.0,125.0,0,0,2.86,-0.92,1.10,-0.036,0.020,0.026,1.000,0.750,0.750,0.750,1,51.7,85.6,763,776,1,0,1,0,1216,1816,116,0
0.62,climb_cruise,449.2,449.2,34998.7,-169,1.00,1.79,358.28,1.15,15.0,125.0,0,0,2.74,-1.35,0.57,-0.035,0.018,0.025,1.000,0.750,0.750,0.750,1,51.6,85.7,763,776,1,0,1,0,1216,1816,116,0
0.64,climb_cruise,449.1,449.1,34998.6,-172,1.05,1.76,358.28,1.21,15.0,125.0,0,0,2.47,-1.70,0.05,-0.034,0.018,0.024,1.000,0.750,0.750,0.750,1,51.5,85.8,763,777,1,0,1,0,1216,1816,115,0
0.66,climb_cruise,449.1,449.1,34998.5,-173,1.10,1.72,358.28,1.26,15.0,125.0,0,0,2.07,-1.96,-0.43,-0.033,0.017,0.023,1.000,0.750,0.750,0.750,1,51.4,85.9,763,777,1,0,1,0,1216,1816,114,0
0.68,climb_cruise,449.1,449.1,34998.5,-175,1.14,1.68,358.27,1.30,15.0,125.0,0,0,1.57,-2.14,-0.88,-0.031,0.018,0.023,1.000,0.750,0.750,0.750,1,51.3,86.0,763,777,1,0,1,0,1216,1816,114,0
0.70,climb_cruise,449.1,449.1,34998.4,-176,1.17,1.64,358.25,1.33,15.0,125.0,0,0,0.99,-2.24,-1.28,-0.029,0.018,0.022,1.000,0.750,0.750,0.750,1,51.2,86.2,763,778,1,0,1,0,1216,1816,115,0
0.72,climb_cruise,449.0,449.0,34998.4,-177,1.18,1.59,358.22,1.35,15.0,125.0,0,0,0.39,-2.27,-1.61,-0.028,0.020,0.022,1.000,0.750,0.750,0.750,1,51.1,86.3,763,778,1,0,1,0,1216,1816,116,0
0.74,climb_cruise,449.0,449.0,34998.3,-178,1.18,1.55,358.19,1.36,15.0,125.0,0,0,-0.21,-2.23,-1.88,-0.026,0.021,0.021,1.000,0.750,0.750,0.750,1,51.0,86.4,763,778,1,0,1,0,1216,1816,116,0
0.76,climb_cruise,449.0,449.0,34998.2,-179,1.18,1.50,358.15,1.36,15.0,125.0,0,0,-0.76,-2.12,-2.09,-0.025,0.023,0.021,1.000,0.750,0.750,0.750,1,50.9,86.5,763,779,1,0,1,0,1216,1816,114,0
0.78,climb_cruise,449.0,449.0,34998.2,-180,1.16,1.46,358.11,1.34,15.0,125.0,0,0,-1.23,-1.97,-2.22,-0.024,0.024,0.021,1.000,0.750,0.750,0.750,1,50.8,86.6,763,779,1,0,1,0,1216,1816,115,0
0.80,climb_cruise,448.9,448.9,34998.1,-181,1.13,1.42,358.06,1.32,15.0,125.0,0,0,-1.59,-1.77,-2.30,-0.024,0.026,0.022,1.000,0.750,0.750,0.750,1,50.7,86.8,763,779,1,0,1,0,1216,1816,115,0
0.82,climb_cruise,448.9,448.9,34998.1,-182,1.10,1.39,358.01,1.29,15.0,125.0,0,0,-1.81,-1.54,-2.31,-0.024,0.028,0.022,1.000,0.750,0.750,0.750,1,50.6,86.9,763,779,1,0,1,0,1216,1816,115,0
0.84,climb_cruise,448.9,448.9,34998.0,-183,1.06,1.36,357.97,1.25,15.0,125.0,0,0,-1.88,-1.29,-2.26,-0.025,0.030,0.022,1.000,0.750,0.750,0.750,1,50.5,87.0,763,780,1,0,1,0,1216,1816,116,0
0.86,climb_cruise,448.9,448.9,34997.9,-185,1.03,1.34,357.92,1.22,15.0,125.0,0,0,-1.80,-1.04,-2.17,-0.026,0.032,0.023,1.000,0.750,0.750,0.750,1,50.4,87.1,763,780,1,0,1,0,1216,1816,115,0
0.88,climb_cruise,448.9,448.9,34997.9,-187,0.99,1.32,357.88,1.19,15.0,125.0,0,0,-1.57,-0.78,-2.03,-0.028,0.034,0.023,1.000,0.750,0.750,0.750,1,50.3,87.3,763,780,1,0,1,0,1216,1816,115,0
0.90,climb_cruise,448.8,448.8,34997.8,-189,0.97,1.30,357.84,1.16,15.0,125.0,0,0,-1.21,-0.53,-1.87,-0.030,0.035,0.024,1.000,0.750,0.750,0.750,1,50.2,87.4,763,781,1,0,1,0,1216,1816,115,0
0.92,climb_cruise,448.8,448.8,34997.8,-192,0.95,1.29,357.80,1.14,15.0,125.0,0,0,-0.74,-0.30,-1.67,-0.032,0.037,0.025,1.000,0.750,0.750,0.750,1,50.1,87.5,763,781,1,0,1,0,1216,1816,115,0
0.94,climb_cruise,448.8,448.8,34997.7,-194,0.94,1.29,357.77,1.13,15.0,125.0,0,0,-0.20,-0.09,-1.46,-0.035,0.038,0.025,1.000,0.750,0.750,0.750,1,50.0,87.7,763,781,1,0,1,0,1216,1816,114,0
0.96,climb_cruise,448.8,448.8,34997.6,-196,0.94,1.29,357.74,1.13,15.0,125.0,0,0,0.39,0.10,-1.25,-0.037,0.039,0.026,1.000,0.750,0.750,0.750,1,49.9,87.8,763,782,1,0,1,0,1216,1816,115,0
0.98,climb_cruise,448.7,448.7,34997.6,-199,0.95,1.29,357.72,1.15,15.0,125.0,0,0,0.98,0.25,-1.03,-0.039,0.039,0.026,1.000,0.750,0.750,0.750,1,49.8,87.9,763,782,1,0,1,0,1216,1816,116,0
1.00,climb_cruise,448.7,448.7,34997.5,-201,0.98,1.30,357.70,1.17,15.0,125.0,0,0,1.52,0.38,-0.82,-0.041,0.040,0.027,1.000,0.750,0.750,0.750,1,49.7,88.0,763,782,1,0,1,0,1216,1816,116,0
1.02,climb_cruise,448.7,448.7,34997.4,-204,1.01,1.31,357.69,1.21,15.0,125.0,0,0,2.00,0.48,-0.63,-0.043,0.040,0.027,1.000,0.750,0.750,0.750,1,49.6,88.2,763,782,1,0,1,0,1216,1816,114,0
1.04,climb_cruise,448.7,448.7,34997.4,-205,1.06,1.32,357.68,1.25,15.0,125.0,0,0,2.37,0.54,-0.45,-0.044,0.040,0.027,1.000,0.750,0.750,0.750,1,49.5,88.3,763,783,1,0,1,0,1216,1816,116,0
1.06,climb_cruise,448.6,448.6,34997.3,-207,1.10,1.33,357.67,1.30,15.0,125.0,0,0,2.62,0.58,-0.29,-0.044,0.040,0.028,1.000,0.750,0.750,0.750,1,49.4,88.4,763,783,1,0,1,0,1216,1816,114,0
1.08,climb_cruise,448.6,448.6,34997.2,-209,1.16,1.34,357.67,1.36,15.0,125.0,0,0,2.72,0.60,-0.16,-0.044,0.040,0.028,1.000,0.750,0.750,0.750,1,49.3,88.6,763,783,1,0,1,0,1216,1816,116,0
1.10,climb_cruise,448.6,448.6,34997.1,-210,1.21,1.35,357.67,1.41,15.0,125.0,0,0,2.67,0.60,-0.05,-0.044,0.040,0.028,1.000,0.750,0.750,0.750,1,49.2,88.7,763,783,1,0,1,0,1216,1816,116,0
1.12,climb_cruise,448.6,448.6,34997.1,-210,1.26,1.36,357.67,1.46,15.0,125.0,0,0,2.47,0.58,0.03,-0.043,0.039,0.028,1.000,0.750,0.750,0.750,1,49.1,88.8,763,784,1,0,1,0,1216,1816,115,0
1.14,climb_cruise,448.5,448.5,34997.0,-211,1.31,1.37,357.67,1.51,15.0,125.0,0,0,2.15,0.54,0.08,-0.041,0.039,0.028,1.000,0.750,0.750,0.750,1,49.0,88.9,763,784,1,0,1,0,1216,1816,114,0
1.16,climb_cruise,448.5,448.5,34996.9,-211,1.35,1.38,357.67,1.55,15.0,125.0,0,0,1.71,0.51,0.11,-0.040,0.039,0.028,1.000,0.750,0.750,0.750,1,48.9,89.1,763,784,1,0,1,0,1216,1816,114,0
1.18,climb_cruise,448.5,448.5,34996.9,-210,1.38,1.39,357.68,1.58,15.0,125.0,0,0,1.20,0.46,0.12,-0.038,0.039,0.028,1.000,0.750,0.750,0.750,1,48.8,89.2,763,784,1,0,1,0,1216,1816,115,0
1.20,climb_cruise,448.5,448.5,34996.8,-210,1.40,1.40,357.68,1.61,15.0,125.0,0,0,0.64,0.41,0.10,-0.036,0.038,0.028,1.000,0.750,0.750,0.750,1,48.7,89.3,763,785,1,0,1,0,1216,1816,116,0
1.22,climb_cruise,448.4,448.4,34996.7,-210,1.41,1.41,357.68,1.61,15.0,125.0,0,0,0.07,0.36,0.07,-0.035,0.038,0.028,1.000,0.750,0.750,0.750,1,48.6,89.4,763,785,1,0,1,0,1216,1816,116,0
1.24,climb_cruise,448.4,448.4,34996.6,-209,1.40,1.42,357.68,1.61,15.0,125.0,0,0,-0.47,0.31,0.02,-0.034,0.038,0.028,1.000,0.750,0.750,0.750,1,48.5,89.6,763,785,1,0,1,0,1216,1816,115,0
1.26,climb_cruise,448.4,448.4,34996.6,-209,1.39,1.42,357.68,1.60,15.0,125.0,0,0,-0.95,0.28,-0.04,-0.033,0.038,0.028,1.000,0.750,0.750,0.750,1,48.4,89.7,763,785,1,0,1,0,1216,1816,116,0
1.28,climb_cruise,448.4,448.4,34996.5,-208,1.37,1.43,357.68,1.58,15.0,125.0,0,0,-1.33,0.25,-0.11,-0.032,0.038,0.028,1.000,0.750,0.750,0.750,1,48.3,89.8,763,786,1,0,1,0,1216,1816,116,0
1.30,climb_cruise,448.4,448.4,34996.4,-208,1.34,1.43,357.67,1.55,15.0,125.0,0,0,-1.59,0.23,-0.19,-0.032,0.038,0.027,1.000,0.750,0.750,0.750,1,48.2,89.9,763,786,1,0,1,0,1216,1816,116,0
1.32,climb_cruise,448.3,448.3,34996.4,-208,1.31,1.44,357.67,1.52,15.0,125.0,0,0,-1.72,0.22,-0.27,-0.032,0.038,0.027,1.000,0.750,0.750,0.750,1,48.1,90.1,763,786,1,0,1,0,1216,1816,115,0
1.34,climb_cruise,448.3,448.3,34996.3,-209,1.27,1.44,357.66,1.48,15.0,125.0,0,0,-1.70,0.22,-0.34,-0.033,0.038,0.027,1.000,0.750,0.750,0.750,1,48.0,90.2,763,786,1,0,1,0,1216,1816,116,0
1.36,climb_cruise,448.3,448.3,34996.2,-209,1.24,1.45,357.65,1.45,15.0,125.0,0,0,-1.54,0.22,-0.42,-0.035,0.039,0.027,1.000,0.750,0.750,0.750,1,47.9,90.3,763,786,1,0,1,0,1216,1816,116,0
1.38,climb_cruise,448.3,448.3,34996.2,-209,1.20,1.41,357.64,1.41,15.0,125.0,0,0,-3.00,-4.43,-1.55,-0.036,0.039,0.027,1.000,0.100,0.100,0.100,1,47.8,90.4,763,787,1,0,1,0,32,1032,116,0
1.40,climb_cruise,448.2,448.2,34996.1,-210,1.13,1.30,357.60,1.35,15.0,125.0,0,0,-4.07,-6.38,-2.49,-0.038,0.040,0.027,1.000,0.100,0.100,0.100,1,47.7,90.6,763,787,1,0,1,0,16,248,115,0
1.42,climb_cruise,448.2,448.2,34996.0,-211,1.04,1.16,357.54,1.28,15.0,125.0,0,0,-4.79,-7.32,-3.24,-0.040,0.042,0.027,1.000,0.100,0.100,0.100,1,47.6,90.7,763,787,1,0,1,0,16,16,114,0
1.44,climb_cruise,448.2,448.2,34996.0,-212,0.95,1.01,357.47,1.19,15.0,125.0,0,0,-5.17,-7.87,-3.82,-0.043,0.046,0.028,1.000,0.100,0.100,0.100,1,47.5,90.8,763,787,1,0,1,0,16,16,116,0
1.46,climb_cruise,448.2,448.2,34995.9,-215,0.84,0.85,357.38,1.09,15.0,125.0,0,0,-5.27,-8.25,-4.24,-0.047,0.050,0.028,1.000,0.100,0.100,0.100,1,47.4,90.9,763,788,1,0,1,0,16,16,115,0
1.48,climb_cruise,448.2,448.2,34995.8,-217,0.74,0.68,357.30,1.00,15.0,125.0,0,0,-5.12,-8.53,-4.52,-0.052,0.055,0.029,1.000,0.100,0.100,0.100,1,47.3,91.0,763,788,1,0,1,0,16,16,114,0
1.50,climb_cruise,448.1,448.1,34995.8,-221,0.64,0.51,357.20,0.91,15.0,125.0,0,0,-4.78,-8.74,-4.68,-0.057,0.060,0.030,1.000,0.100,0.100,0.100,1,47.2,91.1,763,788,1,0,1,0,16,16,115,0
1.52,climb_cruise,448.1,448.1,34995.7,-224,0.55,0.33,357.11,0.83,15.0,125.0,0,0,-4.28,-8.91,-4.72,-0.063,0.066,0.031,1.000,0.100,0.100,0.100,1,47.1,91.3,763,788,1,0,1,0,16,16,115,0
1.54,climb_cruise,448.1,448.1,34995.6,-229,0.47,0.15,357.01,0.76,15.0,125.0,0,0,-3.68,-9.03,-4.67,-0.070,0.072,0.032,1.000,0.100,0.100,0.100,1,47.1,91.4,763,788,1,0,1,0,16,16,116,0
1.56,climb_cruise,448.1,448.1,34995.6,-233,0.40,-0.03,356.92,0.71,15.0,125.0,0,0,-3.02,-9.13,-4.53,-0.076,0.078,0.033,1.000,0.100,0.100,0.100,1,47.0,91.5,763,788,1,0,1,0,16,16,115,0
1.58,climb_cruise,448.0,448.0,34995.5,-238,0.35,-0.21,356.83,0.67,15.0,125.0,0,0,-2.33,-9.19,-4.33,-0.083,0.083,0.035,1.000,0.100,0.100,0.100,1,46.9,91.6,763,789,1,0,1,0,16,16,116,0
1.60,climb_cruise,448.0,448.0,34995.4,-244,0.30,-0.40,356.75,0.64,15.0,125.0,0,0,-1.65,-9.23,-4.09,-0.090,0.089,0.036,1.000,0.100,0.100,0.100,1,46.8,91.7,763,789,1,0,1,0,16,16,116,0
1.62,climb_cruise,448.0,448.0,34995.3,-249,0.28,-0.58,356.67,0.63,15.0,125.0,0,0,-1.01,-9.24,-3.80,-0.096,0.095,0.037,1.000,0.100,0.100,0.100,1,46.7,91.8,763,789,1,0,1,0,16,16,114,0
1.64,climb_cruise,448.0,448.0,34995.2,-254,0.26,-0.77,356.59,0.63,15.0,125.0,0,0,-0.42,-9.23,-3.49,-0.102,0.100,0.039,1.000,0.100,0.100,0.100,1,46.6,91.9,763,789,1,0,1,0,16,16,114,0
1.66,climb_cruise,448.0,448.0,34995.1,-260,0.25,-0.95,356.53,0.64,15.0,125.0,0,0,0.09,-9.19,-3.17,-0.107,0.106,0.040,1.000,0.100,0.100,0.100,1,46.5,92.1,763,789,1,0,1,0,16,16,115,0
1.68,climb_cruise,447.9,447.9,34995.1,-265,0.26,-1.14,356.47,0.66,15.0,125.0,0,0,0.51,-9.14,-2.84,-0.112,0.111,0.041,1.000,0.100,0.100,0.100,1,46.4,92.2,763,790,1,0,1,0,16,16,114,0
1.70,climb_cruise,447.9,447.9,34995.0,-270,0.27,-1.32,356.41,0.69,15.0,125.0,0,0,0.84,-9.07,-2.52,-0.117,0.116,0.042,1.000,0.100,0.100,0.100,1,46.3,92.3,763,790,1,0,1,0,16,16,116,0
1.72,climb_cruise,447.9,447.9,34994.9,-275,0.29,-1.50,356.36,0.72,15.0,125.0,0,0,1.09,-8.98,-2.20,-0.120,0.121,0.043,1.000,0.100,0.100,0.100,1,46.2,92.4,763,790,1,0,1,0,16,16,114,0
1.74,climb_cruise,447.9,447.9,34994.8,-280,0.31,-1.68,356.32,0.76,15.0,125.0,0,0,1.24,-8.87,-1.91,-0.124,0.126,0.044,1.000,0.100,0.100,0.100,1,46.1,92.5,763,790,1,0,1,0,16,16,115,0
1.76,climb_cruise,447.9,447.9,34994.7,-285,0.33,-1.85,356.28,0.81,15.0,125.0,0,0,1.31,-8.75,-1.64,-0.127,0.131,0.045,1.000,0.100,0.100,0.100,1,46.0,92.6,763,790,1,0,1,0,16,16,116,0
1.78,climb_cruise,447.8,447.8,34994.6,-289,0.36,-2.03,356.25,0.85,15.0,125.0,0,0,1.31,-8.63,-1.39,-0.129,0.136,0.045,1.000,0.100,0.100,0.100,1,45.9,92.7,763,790,1,0,1,0,16,16,114,0
1.80,climb_cruise,447.8,447.8,34994.5,-293,0.38,-2.20,356.23,0.89,15.0,125.0,0,0,1.25,-8.49,-1.16,-0.131,0.141,0.046,1.000,0.100,0.100,0.100,1,45.8,92.8,763,791,1,0,1,0,16,16,115,0
1.82,climb_cruise,447.8,447.8,34994.4,-297,0.41,-2.37,356.20,0.93,15.0,125.0,0,0,1.14,-8.34,-0.97,-0.133,0.146,0.046,1.000,0.100,0.100,0.100,1,45.8,92.9,763,791,1,0,1,0,16,16,114,0
1.84,climb_cruise,447.8,447.8,34994.3,-300,0.43,-2.53,356.18,0.97,15.0,125.0,0,0,0.99,-8.19,-0.81,-0.134,0.151,0.047,1.000,0.100,0.100,0.100,1,45.7,93.0,763,791,1,0,1,0,16,16,115,0
1.86,climb_cruise,447.8,447.8,34994.2,-304,0.45,-2.70,356.17,1.00,15.0,125.0,0,0,0.82,-8.04,-0.67,-0.136,0.155,0.047,1.000,0.100,0.100,0.100,1,45.6,93.1,763,791,1,0,1,0,16,16,116,0
1.88,climb_cruise,447.7,447.7,34994.1,-307,0.46,-2.86,356.16,1.03,15.0,125.0,0,0,0.64,-7.89,-0.56,-0.137,0.160,0.047,1.000,0.100,0.100,0.100,1,45.5,93.2,763,791,1,0,1,0,16,16,115,0
1.90,climb_cruise,447.7,447.7,34994.0,-310,0.47,-3.01,356.14,1.06,15.0,125.0,0,0,0.45,-7.73,-0.48,-0.138,0.165,0.047,1.000,0.100,0.100,0.100,1,45.4,93.3,763,791,1,0,1,0,16,16,116,0
1.92,climb_cruise,447.7,447.7,34993.9,-313,0.48,-3.17,356.14,1.08,15.0,125.0,0,0,0.26,-7.58,-0.42,-0.139,0.170,0.047,1.000,0.100,0.100,0.100,1,45.3,93.4,763,792,1,0,1,0,16,16,116,0
1.94,climb_cruise,447.7,447.7,34993.8,-316,0.48,-3.32,356.13,1.10,15.0,125.0,0,0,0.09,-7.43,-0.38,-0.140,0.175,0.047,1.000,0.100,0.100,0.100,1,45.2,93.5,763,792,1,0,1,0,16,16,116,0
1.96,climb_cruise,447.7,447.7,34993.7,-318,0.48,-3.46,356.12,1.11,15.0,125.0,0,0,-0.06,-7.28,-0.36,-0.142,0.179,0.047,1.000,0.100,0.100,0.100,1,45.1,93.6,763,792,1,0,1,0,16,16,115,0
1.98,climb_cruise,447.6,447.6,34993.5,-321,0.48,-3.61,356.11,1.12,15.0,125.0,0,0,-0.19,-7.14,-0.36,-0.143,0.184,0.047,1.000,0.100,0.100,0.100,1,45.0,93.7,763,792,1,0,1,0,16,16,115,0
2.00,climb_cruise,447.6,447.6,34993.4,-324,0.47,-3.75,356.11,1.13,15.0,125.0,0,0,-0.29,-7.00,-0.37,-0.145,0.189,0.047,1.000,0.100,0.100,0.100,1,44.9,93.8,763,792,1,0,1,0,16,16,115,0
2.02,climb_cruise,447.6,447.6,34993.3,-326,0.47,-3.89,356.10,1.14,15.0,125.0,0,0,-0.37,-6.87,-0.39,-0.146,0.194,0.046,1.000,0.100,0.100,0.100,1,44.8,93.9,763,792,1,0,1,0,16,16,115,0
2.04,climb_cruise,447.6,447.6,34993.2,-329,0.46,-4.02,356.09,1.14,15.0,125.0,0,0,-0.42,-6.73,-0.43,-0.148,0.199,0.046,1.000,0.100,0.100,0.100,1,44.8,94.0,763,792,1,0,1,0,16,16,115,0
2.06,climb_cruise,447.6,447.6,34993.1,-332,0.45,-4.16,356.08,1.14,15.0,125.0,0,0,-0.45,-6.61,-0.47,-0.150,0.204,0.046,1.000,0.100,0.100,0.100,1,44.7,94.1,763,793,1,0,1,0,16,16,115,0
2.08,climb_cruise,447.5,447.5,34993.0,-334,0.44,-4.29,356.07,1.15,15.0,125.0,0,0,-0.45,-6.48,-0.51,-0.153,0.209,0.046,1.000,0.100,0.100,0.100,1,44.6,94.2,763,793,1,0,1,0,16,16,115,0
2.10,climb_cruise,447.5,447.5,34992.9,-337,0.43,-4.42,356.06,1.15,15.0,125.0,0,0,-0.43,-6.36,-0.56,-0.155,0.214,0.046,1.000,0.100,0.100,0.100,1,44.5,94.3,763,793,1,0,1,0,16,16,115,0
2.12,climb_cruise,447.5,447.5,34992.8,-339,0.42,-4.54,356.05,1.15,15.0,125.0,0,0,-0.39,-6.25,-0.61,-0.157,0.219,0.046,1.000,0.100,0.100,0.100,1,44.4,94.3,763,793,1,0,1,0,16,16,114,0
2.14,climb_cruise,447.5,447.5,34992.7,-342,0.41,-4.67,356.04,1.16,15.0,125.0,0,0,-0.34,-6.13,-0.67,-0.160,0.224,0.045,1.000,0.100,0.100,0.100,1,44.3,94.4,763,793,1,0,1,0,16,16,114,0
2.16,climb_cruise,447.5,447.5,34992.6,-345,0.41,-4.79,356.03,1.16,15.0,125.0,0,0,-0.28,-6.02,-0.72,-0.162,0.230,0.045,1.000,0.100,0.100,0.100,1,44.2,94.5,763,793,1,0,1,0,16,16,116,0
2.18,climb_cruise,447.4,447.4,34992.4,-347,0.40,-4.91,356.01,1.16,15.0,125.0,0,0,-0.21,-5.91,-0.76,-0.165,0.235,0.045,1.000,0.100,0.100,0.100,1,44.1,94.6,763,793,1,0,1,0,16,16,116,0
2.20,climb_cruise,447.4,447.4,34992.3,-350,0.40,-5.03,356.00,1.17,15.0,125.0,0,0,-0.14,-5.80,-0.81,-0.167,0.240,0.045,1.000,0.100,0.100,0.100,1,44.0,94.7,763,794,1,0,1,0,16,16,116,0
2.22,climb_cruise,447.4,447.4,34992.2,-352,0.39,-5.14,355.98,1.18,15.0,125.0,0,0,-0.07,-5.69,-0.85,-0.170,0.245,0.045,1.000,0.100,0.100,0.100,1,44.0,94.8,763,794,1,0,1,0,16,16,114,0
2.24,climb_cruise,447.4,447.4,34992.1,-355,0.39,-5.25,355.96,1.19,15.0,125.0,0,0,0.00,-5.59,-0.89,-0.173,0.251,0.045,1.000,0.100,0.100,0.100,1,43.9,94.9,763,794,1,0,1,0,16,16,115,0
2.26,climb_cruise,447.4,447.4,34992.0,-357,0.39,-5.36,355.95,1.20,15.0,125.0,0,0,0.07,-5.48,-0.92,-0.175,0.256,0.045,1.000,0.100,0.100,0.100,1,43.8,94.9,763,794,1,0,1,0,16,16,114,0
2.28,climb_cruise,447.3,447.3,34991.8,-360,0.39,-5.47,355.93,1.21,15.0,125.0,0,0,0.13,-5.38,-0.95,-0.178,0.261,0.045,1.000,0.100,0.100,0.100,1,43.7,95.0,763,794,1,0,1,0,16,16,115,0
2.30,climb_cruise,447.3,447.3,34991.7,-362,0.39,-5.58,355.91,1.22,15.0,125.0,0,0,0.18,-5.27,-0.97,-0.180,0.267,0.045,1.000,0.100,0.100,0.100,1,43.6,95.1,763,794,1,0,1,0,16,16,116,0
2.32,climb_cruise,447.3,447.3,34991.6,-364,0.39,-5.68,355.89,1.24,15.0,125.0,0,0,0.23,-5.17,-0.99,-0.183,0.272,0.045,1.000,0.100,0.100,0.100,1,43.5,95.2,763,794,1,0,1,0,16,16,115,0
2.34,climb_cruise,447.3,447.3,34991.5,-366,0.39,-5.79,355.87,1.25,15.0,125.0,0,0,0.27,-5.07,-1.01,-0.185,0.277,0.045,1.000,0.100,0.100,0.100,1,43.4,95.3,763,794,1,0,1,0,16,16,115,0
2.36,climb_cruise,447.3,447.3,34991.4,-369,0.40,-5.89,355.85,1.26,15.0,125.0,0,0,0.30,-4.96,-1.02,-0.188,0.282,0.045,1.000,0.100,0.100,0.100,1,43.3,95.3,763,795,1,0,1,0,16,16,115,0
2.38,climb_cruise,447.3,447.3,34991.2,-371,0.40,-5.99,355.83,1.28,15.0,125.0,0,0,0.32,-4.86,-1.03,-0.190,0.287,0.045,1.000,0.100,0.100,0.100,1,43.3,95.4,763,795,1,0,1,0,16,16,114,0
2.40,climb_cruise,447.2,447.2,34991.1,-373,0.41,-6.08,355.81,1.29,15.0,125.0,0,0,0.34,-4.75,-1.03,-0.192,0.293,0.045,1.000,0.100,0.100,0.100,1,43.2,95.5,763,795,1,0,1,0,16,16,114,0
2.42,climb_cruise,447.2,447.2,34991.0,-375,0.41,-6.18,355.78,1.31,15.0,125.0,0,0,0.35,-4.65,-1.03,-0.194,0.298,0.046,1.000,0.100,0.100,0.100,1,43.1,95.6,763,795,1,0,1,0,16,16,116,0
2.44,climb_cruise,447.2,447.2,34990.9,-376,0.42,-6.27,355.76,1.32,15.0,125.0,0,0,0.35,-4.54,-1.03,-0.197,0.303,0.046,1.000,0.100,0.100,0.100,1,43.0,95.7,763,795,1,0,1,0,16,16,116,0
2.46,climb_cruise,447.2,447.2,34990.7,-378,0.42,-6.36,355.74,1.34,15.0,125.0,0,0,0.35,-4.44,-1.03,-0.199,0.308,0.046,1.000,0.100,0.100,0.100,1,42.9,95.7,763,795,1,0,1,0,16,16,115,0
2.48,climb_cruise,447.2,447.2,34990.6,-380,0.43,-6.45,355.72,1.35,15.0,125.0,0,0,0.35,-4.33,-1.02,-0.201,0.313,0.046,1.000,0.100,0.100,0.100,1,42.8,95.8,763,795,1,0,1,0,16,16,116,0
2.50,climb_cruise,447.1,447.1,34990.5,-382,0.43,-6.53,355.70,1.37,15.0,125.0,0,0,0.34,-4.23,-1.02,-0.203,0.318,0.046,1.000,0.100,0.100,0.100,1,42.7,95.9,763,795,1,0,1,0,16,16,115,0
2.52,climb_cruise,447.1,447.1,34990.3,-383,0.43,-6.61,355.68,1.38,15.0,125.0,0,0,0.34,-4.12,-1.01,-0.205,0.323,0.046,1.000,0.100,0.100,0.100,1,42.7,96.0,763,795,1,0,1,0,16,16,115,0
2.54,climb_cruise,447.1,447.1,34990.2,-385,0.44,-6.70,355.66,1.39,15.0,125.0,0,0,0.33,-4.02,-1.00,-0.207,0.328,0.046,1.000,0.100,0.100,0.100,1,42.6,96.0,763,796,1,0,1,0,16,16,114,0
2.56,climb_cruise,447.1,447.1,34990.1,-386,0.44,-6.78,355.64,1.41,15.0,125.0,0,0,0.33,-3.91,-0.99,-0.209,0.333,0.047,1.000,0.100,0.100,0.100,1,42.5,96.1,763,796,1,0,1,0,16,16,114,0
2.58,climb_cruise,447.1,447.1,34990.0,-388,0.45,-6.85,355.62,1.42,15.0,125.0,0,0,0.32,-3.81,-0.98,-0.211,0.337,0.047,1.000,0.100,0.100,0.100,1,42.4,96.2,763,796,1,0,1,0,16,16,115,0
2.60,climb_cruise,447.0,447.0,34989.8,-389,0.45,-6.93,355.60,1.43,15.0,125.0,0,0,0.32,-3.70,-0.97,-0.213,0.342,0.047,1.000,0.100,0.100,0.100,1,42.3,96.2,763,796,1,0,1,0,16,16,116,0
2.62,climb_cruise,447.0,447.0,34989.7,-390,0.46,-7.00,355.58,1.44,15.0,125.0,0,0,0.32,-3.60,-0.96,-0.215,0.347,0.047,1.000,0.100,0.100,0.100,1,42.2,96.3,763,796,1,0,1,0,16,16,115,0
2.64,climb_cruise,447.0,447.0,34989.6,-391,0.46,-7.07,355.56,1.46,15.0,125.0,0,0,0.32,-3.49,-0.95,-0.218,0.351,0.047,1.000,0.100,0.100,0.100,1,42.2,96.4,763,796,1,0,1,0,16,16,115,0
2.66,climb_cruise,447.0,447.0,34989.4,-393,0.46,-7.14,355.54,1.47,15.0,125.0,0,0,0.32,-3.39,-0.94,-0.220,0.356,0.047,1.000,0.100,0.100,0.100,1,42.1,96.4,763,796,1,0,1,0,16,16,115,0
2.68,climb_cruise,447.0,447.0,34989.3,-394,0.47,-7.21,355.52,1.48,15.0,125.0,0,0,0.33,-3.29,-0.93,-0.222,0.361,0.048,1.000,0.100,0.100,0.100,1,42.0,96.5,763,796,1,0,1,0,16,16,115,0
2.70,climb_cruise,446.9,446.9,34989.2,-395,0.47,-7.27,355.50,1.49,15.0,125.0,0,0,0.34,-3.19,-0.92,-0.224,0.365,0.048,1.000,0.100,0.100,0.100,1,41.9,96.6,763,796,1,0,1,0,16,16,115,0
2.72,climb_cruise,446.9,446.9,34989.0,-396,0.48,-7.34,355.48,1.50,15.0,125.0,0,0,0.35,-3.09,-0.91,-0.226,0.370,0.048,1.000,0.100,0.100,0.100,1,41.8,96.6,763,796,1,0,1,0,16,16,115,0
2.74,climb_cruise,446.9,446.9,34988.9,-397,0.48,-7.40,355.46,1.51,15.0,125.0,0,0,0.36,-2.99,-0.91,-0.228,0.374,0.048,1.000,0.100,0.100,0.100,1,41.7,96.7,763,797,1,0,1,0,16,16,115,0
2.76,climb_cruise,446.9,446.9,34988.8,-397,0.49,-7.46,355.44,1.53,15.0,125.0,0,0,0.37,-2.89,-0.90,-0.230,0.379,0.048,1.000,0.100,0.100,0.100,1,41.6,96.8,763,797,1,0,1,0,16,16,115,0
2.78,climb_cruise,446.9,446.9,34988.6,-398,0.49,-7.51,355.42,1.54,15.0,125.0,0,0,0.39,-2.79,-0.89,-0.232,0.383,0.048,1.000,0.100,0.100,0.100,1,41.6,96.8,763,797,1,0,1,0,16,16,115,0
2.80,climb_cruise,446.8,446.8,34988.5,-399,0.50,-7.57,355.40,1.55,15.0,125.0,0,0,0.40,-2.69,-0.89,-0.234,0.387,0.049,1.000,0.100,0.100,0.100,1,41.5,96.9,763,797,1,0,1,0,16,16,115,0
2.82,climb_cruise,446.8,446.8,34988.4,-400,0.50,-7.62,355.39,1.56,15.0,125.0,0,0,0.42,-2.60,-0.88,-0.236,0.391,0.049,1.000,0.100,0.100,0.100,1,41.4,96.9,763,797,1,0,1,0,16,16,115,0
2.84,climb_cruise,446.8,446.8,34988.2,-400,0.51,-7.67,355.37,1.57,15.0,125.0,0,0,0.43,-2.50,-0.88,-0.238,0.396,0.049,1.000,0.100,0.100,0.100,1,41.3,97.0,763,797,1,0,1,0,16,16,115,0
2.86,climb_cruise,446.8,446.8,34988.1,-401,0.52,-7.72,355.35,1.58,15.0,125.0,0,0,0.45,-2.41,-0.87,-0.240,0.400,0.049,1.000,0.100,0.100,0.100,1,41.2,97.1,763,797,1,0,1,0,16,16,115,0
2.88,climb_cruise,446.8,446.8,34988.0,-402,0.52,-7.77,355.33,1.60,15.0,125.0,0,0,0.46,-2.31,-0.87,-0.243,0.404,0.049,1.000,0.100,0.100,0.100,1,41.2,97.1,763,797,1,0,1,0,16,16,114,0
2.90,climb_cruise,446.7,446.7,34987.8,-402,0.53,-7.81,355.31,1.61,15.0,125.0,0,0,0.48,-2.22,-0.87,-0.245,0.408,0.049,1.000,0.100,0.100,0.100,1,41.1,97.2,763,797,1,0,1,0,16,16,114,0
2.92,climb_cruise,446.7,446.7,34987.7,-402,0.54,-7.86,355.29,1.62,15.0,125.0,0,0,0.49,-2.13,-0.86,-0.247,0.412,0.049,1.000,0.100,0.100,0.100,1,41.0,97.2,763,797,1,0,1,0,16,16,116,0
2.94,climb_cruise,446.7,446.7,34987.6,-403,0.54,-7.90,355.27,1.63,15.0,125.0,0,0,0.51,-2.04,-0.86,-0.249,0.416,0.050,1.000,0.100,0.100,0.100,1,40.9,97.3,763,797,1,0,1,0,16,16,115,0
2.96,climb_cruise,446.7,446.7,34987.4,-403,0.55,-7.94,355.26,1.64,15.0,125.0,0,0,0.52,-1.95,-0.86,-0.250,0.420,0.050,1.000,0.100,0.100,0.100,1,40.8,97.4,763,797,1,0,1,0,16,16,114,0
2.98,climb_cruise,446.7,446.7,34987.3,-403,0.56,-8.00,355.24,1.66,15.0,125.0,0,0,0.06,-3.76,-0.93,-0.189,0.318,0.037,1.000,0.100,0.100,0.100,1,40.7,97.4,763,798,1,0,1,0,16,16,116,0
3.00,climb_cruise,446.7,446.7,34987.2,-403,0.55,-8.09,355.22,1.66,15.0,125.0,0,0,-0.58,-5.38,-1.03,-0.153,0.265,0.030,1.000,0.100,0.100,0.100,1,40.7,97.5,763,798,1,0,1,0,16,16,115,0
3.02,climb_cruise,446.6,446.6,34987.0,-403,0.53,-8.21,355.20,1.65,15.0,125.0,0,0,-1.24,-6.47,-1.15,-0.131,0.239,0.026,1.000,0.100,0.100,0.100,1,40.6,97.5,763,798,1,0,1,0,16,16,115,0
3.04,climb_cruise,446.6,446.6,34986.9,-403,0.50,-8.34,355.18,1.63,15.0,125.0,0,0,-1.84,-7.14,-1.26,-0.119,0.226,0.023,1.000,0.100,0.100,0.100,1,40.5,97.6,763,798,1,0,1,0,16,16,115,0
3.06,climb_cruise,446.6,446.6,34986.8,-404,0.45,-8.49,355.16,1.60,15.0,125.0,0,0,-2.31,-7.53,-1.35,-0.112,0.220,0.022,1.000,0.100,0.100,0.100,1,40.4,97.6,763,798,1,0,1,0,16,16,115,0
3.08,climb_cruise,446.6,446.6,34986.6,-404,0.40,-8.64,355.14,1.56,15.0,125.0,0,0,-2.65,-7.74,-1.43,-0.108,0.218,0.021,1.000,0.100,0.100,0.100,1,40.3,97.7,763,798,1,0,1,0,16,16,114,0
3.10,climb_cruise,446.6,446.6,34986.5,-405,0.34,-8.80,355.12,1.52,15.0,125.0,0,0,-2.83,-7.86,-1.50,-0.107,0.218,0.020,1.000,0.100,0.100,0.100,1,40.3,97.7,763,798,1,0,1,0,16,16,114,0
3.12,climb_cruise,446.5,446.5,34986.4,-406,0.28,-8.95,355.10,1.48,15.0,125.0,0,0,-2.89,-7.92,-1.54,-0.108,0.220,0.020,1.000,0.100,0.100,0.100,1,40.2,97.8,763,798,1,0,1,0,16,16,116,0
3.14,climb_cruise,446.5,446.5,34986.2,-407,0.22,-9.11,355.08,1.43,15.0,125.0,0,0,-2.82,-7.95,-1.57,-0.109,0.222,0.020,1.000,0.100,0.100,0.100,1,40.1,97.8,763,798,1,0,1,0,16,16,114,0
3.16,climb_cruise,446.5,446.5,34986.1,-409,0.16,-9.27,355.06,1.39,15.0,125.0,0,0,-2.66,-7.95,-1.58,-0.110,0.224,0.020,1.000,0.100,0.100,0.100,1,40.0,97.9,763,798,1,0,1,0,16,16,114,0
3.18,climb_cruise,446.5,446.5,34986.0,-411,0.10,-9.43,355.03,1.35,15.0,125.0,0,0,-2.42,-7.94,-1.58,-0.112,0.227,0.020,1.000,0.100,0.100,0.100,1,39.9,97.9,763,798,1,0,1,0,16,16,115,0
3.20,climb_cruise,446.5,446.5,34985.8,-413,0.05,-9.59,355.01,1.31,15.0,125.0,0,0,-2.12,-7.92,-1.57,-0.114,0.229,0.020,1.000,0.100,0.100,0.100,1,39.9,98.0,763,798,1,0,1,0,16,16,114,0
3.22,climb_cruise,446.4,446.4,34985.7,-416,0.01,-9.75,354.98,1.28,15.0,125.0,0,0,-1.79,-7.89,-1.54,-0.117,0.232,0.020,1.000,0.100,0.100,0.100,1,39.8,98.0,763,798,1,0,1,0,16,16,115,0
3.24,climb_cruise,446.4,446.4,34985.6,-418,-0.03,-9.91,354.96,1.26,15.0,125.0,0,0,-1.44,-7.86,-1.51,-0.119,0.235,0.020,1.000,0.100,0.100,0.100,1,39.7,98.1,763,799,1,0,1,0,16,16,115,0
3.26,climb_cruise,446.4,446.4,34985.4,-421,-0.06,-10.06,354.94,1.25,15.0,125.0,0,0,-1.10,-7.82,-1.48,-0.121,0.238,0.020,1.000,0.100,0.100,0.100,1,39.6,98.1,763,799,1,0,1,0,16,16,114,0
3.28,climb_cruise,446.4,446.4,34985.3,-424,-0.08,-10.22,354.91,1.24,15.0,125.0,0,0,-0.77,-7.77,-1.44,-0.123,0.241,0.020,1.000,0.100,0.100,0.100,1,39.5,98.2,763,799,1,0,1,0,16,16,115,0
3.30,climb_cruise,446.4,446.4,34985.1,-427,-0.10,-10.37,354.88,1.24,15.0,125.0,0,0,-0.46,-7.72,-1.39,-0.125,0.244,0.021,1.000,0.100,0.100,0.100,1,39.5,98.2,763,799,1,0,1,0,16,16,116,0
3.32,climb_cruise,446.4,446.4,34985.0,-430,-0.11,-10.53,354.86,1.25,15.0,125.0,0,0,-0.19,-7.67,-1.35,-0.127,0.247,0.021,1.000,0.100,0.100,0.100,1,39.4,98.3,763,799,1,0,1,0,16,16,114,0
3.34,climb_cruise,446.3,446.3,34984.9,-432,-0.12,-10.68,354.83,1.26,15.0,125.0,0,0,0.04,-7.61,-1.31,-0.129,0.250,0.021,1.000,0.100,0.100,0.100,1,39.3,98.3,763,799,1,0,1,0,16,16,116,0
3.36,climb_cruise,446.3,446.3,34984.7,-435,-0.12,-10.83,354.81,1.27,15.0,125.0,0,0,0.23,-7.55,-1.26,-0.131,0.253,0.021,1.000,0.100,0.100,0.100,1,39.2,98.4,763,799,1,0,1,0,16,16,114,0
3.38,climb_cruise,446.3,446.3,34984.6,-438,-0.12,-10.98,354.78,1.29,15.0,125.0,0,0,0.37,-7.48,-1.22,-0.132,0.256,0.021,1.000,0.100,0.100,0.100,1,39.1,98.4,763,799,1,0,1,0,16,16,114,0
3.40,climb_cruise,446.3,446.3,34984.4,-441,-0.12,-11.13,354.76,1.31,15.0,125.0,0,0,0.48,-7.41,-1.18,-0.134,0.259,0.021,1.000,0.100,0.100,0.100,1,39.1,98.4,763,799,1,0,1,0,16,16,114,0
3.42,climb_cruise,446.3,446.3,34984.3,-443,-0.11,-11.28,354.73,1.33,15.0,125.0,0,0,0.55,-7.35,-1.15,-0.135,0.262,0.021,1.000,0.100,0.100,0.100,1,39.0,98.5,763,799,1,0,1,0,16,16,114,0
3.44,climb_cruise,446.3,446.3,34984.1,-446,-0.11,-11.42,354.71,1.36,15.0,125.0,0,0,0.59,-7.27,-1.12,-0.136,0.265,0.021,1.000,0.100,0.100,0.100,1,38.9,98.5,763,799,1,0,1,0,16,16,115,0
3.46,climb_cruise,446.2,446.2,34984.0,-448,-0.10,-11.57,354.68,1.38,15.0,125.0,0,0,0.59,-7.20,-1.09,-0.137,0.268,0.021,1.000,0.100,0.100,0.100,1,38.8,98.6,763,799,1,0,1,0,16,16,115,0
3.48,climb_cruise,446.2,446.2,34983.8,-450,-0.09,-11.71,354.66,1.40,15.0,125.0,0,0,0.58,-7.13,-1.06,-0.139,0.271,0.021,1.000,0.100,0.100,0.100,1,38.8,98.6,763,799,1,0,1,0,16,16,116,0
3.50,climb_cruise,446.2,446.2,34983.7,-452,-0.09,-11.85,354.64,1.43,15.0,125.0,0,0,0.54,-7.05,-1.05,-0.140,0.274,0.021,1.000,0.100,0.100,0.100,1,38.7,98.7,763,799,1,0,1,0,16,16,116,0
3.52,climb_cruise,446.2,446.2,34983.5,-454,-0.08,-11.99,354.61,1.45,15.0,125.0,0,0,0.50,-6.98,-1.03,-0.141,0.277,0.021,1.000,0.100,0.100,0.100,1,38.6,98.7,763,799,1,0,1,0,16,16,115,0
3.54,climb_cruise,446.2,446.2,34983.4,-456,-0.07,-12.13,354.59,1.47,15.0,125.0,0,0,0.44,-6.90,-1.02,-0.142,0.280,0.022,1.000,0.100,0.100,0.100,1,38.5,98.7,763,799,1,0,1,0,16,16,114,0
3.56,climb_cruise,446.1,446.1,34983.2,-458,-0.07,-12.27,354.57,1.49,15.0,125.0,0,0,0.38,-6.83,-1.01,-0.143,0.283,0.022,1.000,0.100,0.100,0.100,1,38.4,98.8,763,800,1,0,1,0,16,16,116,0
3.58,climb_cruise,446.1,446.1,34983.0,-460,-0.07,-12.41,354.55,1.50,15.0,125.0,0,0,0.32,-6.75,-1.00,-0.144,0.286,0.022,1.000,0.100,0.100,0.100,1,38.4,98.8,763,800,1,0,1,0,16,16,115,0
3.60,climb_cruise,446.1,446.1,34982.9,-462,-0.07,-12.54,354.53,1.52,15.0,125.0,0,0,0.26,-6.68,-1.00,-0.145,0.289,0.022,1.000,0.100,0.100,0.100,1,38.3,98.9,763,800,1,0,1,0,16,16,116,0
3.62,climb_cruise,446.1,446.1,34982.7,-463,-0.07,-12.67,354.51,1.53,15.0,125.0,0,0,0.21,-6.61,-1.00,-0.146,0.292,0.022,1.000,0.100,0.100,0.100,1,38.2,98.9,763,800,1,0,1,0,16,16,115,0
3.64,climb_cruise,446.1,446.1,34982.6,-465,-0.07,-12.80,354.49,1.55,15.0,125.0,0,0,0.17,-6.53,-1.00,-0.148,0.295,0.022,1.000,0.100,0.100,0.100,1,38.1,98.9,763,800,1,0,1,0,16,16,115,0
3.66,climb_cruise,446.1,446.1,34982.4,-466,-0.07,-12.93,354.47,1.56,15.0,125.0,0,0,0.13,-6.46,-1.01,-0.149,0.298,0.022,1.000,0.100,0.100,0.100,1,38.1,99.0,763,800,1,0,1,0,16,16,115,0
3.68,climb_cruise,446.0,446.0,34982.3,-468,-0.07,-13.06,354.45,1.57,15.0,125.0,0,0,0.11,-6.39,-1.01,-0.150,0.301,0.022,1.000,0.100,0.100,0.100,1,38.0,99.0,763,800,1,0,1,0,16,16,115,0
3.70,climb_cruise,446.0,446.0,34982.1,-469,-0.07,-13.19,354.43,1.58,15.0,125.0,0,0,0.09,-6.31,-1.02,-0.151,0.305,0.022,1.000,0.100,0.100,0.100,1,37.9,99.0,763,800,1,0,1,0,16,16,115,0
3.72,climb_cruise,446.0,446.0,34982.0,-471,-0.08,-13.31,354.41,1.59,15.0,125.0,0,0,0.08,-6.24,-1.03,-0.153,0.308,0.022,1.000,0.100,0.100,0.100,1,37.8,99.1,763,800,1,0,1,0,16,16,116,0
3.74,climb_cruise,446.0,446.0,34981.8,-472,-0.08,-13.44,354.39,1.60,15.0,125.0,0,0,0.08,-6.17,-1.03,-0.154,0.311,0.022,1.000,0.100,0.100,0.100,1,37.8,99.1,763,800,1,0,1,0,16,16,114,0
3.76,climb_cruise,446.0,446.0,34981.6,-474,-0.08,-13.56,354.36,1.61,15.0,125.0,0,0,0.09,-6.10,-1.04,-0.155,0.314,0.022,1.000,0.100,0.100,0.100,1,37.7,99.1,763,800,1,0,1,0,16,16,114,0
3.78,climb_cruise,446.0,446.0,34981.5,-475,-0.09,-13.68,354.34,1.62,15.0,125.0,0,0,0.10,-6.03,-1.05,-0.157,0.317,0.022,1.000,0.100,0.100,0.100,1,37.6,99.2,763,800,1,0,1,0,16,16,114,0
3.80,climb_cruise,445.9,445.9,34981.3,-476,-0.09,-13.80,354.32,1.63,15.0,125.0,0,0,0.12,-5.96,-1.06,-0.158,0.320,0.022,1.000,0.100,0.100,0.100,1,37.5,99.2,763,800,1,0,1,0,16,16,115,0
3.82,climb_cruise,445.9,445.9,34981.2,-478,-0.09,-13.92,354.30,1.64,15.0,125.0,0,0,0.14,-5.89,-1.07,-0.159,0.323,0.022,1.000,0.100,0.100,0.100,1,37.5,99.3,763,800,1,0,1,0,16,16,115,0
3.84,climb_cruise,445.9,445.9,34981.0,-479,-0.09,-14.04,354.28,1.65,15.0,125.0,0,0,0.17,-5.82,-1.08,-0.161,0.326,0.022,1.000,0.100,0.100,0.100,1,37.4,99.3,763,800,1,0,1,0,16,16,116,0
3.86,climb_cruise,445.9,445.9,34980.8,-480,-0.09,-14.15,354.26,1.66,15.0,125.0,0,0,0.20,-5.75,-1.08,-0.162,0.329,0.022,1.000,0.100,0.100,0.100,1,37.3,99.3,763,800,1,0,1,0,16,16,116,0
3.88,climb_cruise,445.9,445.9,34980.7,-481,-0.10,-14.27,354.24,1.67,15.0,125.0,0,0,0.23,-5.68,-1.09,-0.164,0.332,0.022,1.000,0.100,0.100,0.100,1,37.2,99.4,763,800,1,0,1,0,16,16,114,0
3.90,climb_cruise,445.8,445.8,34980.5,-482,-0.10,-14.38,354.21,1.68,15.0,125.0,0,0,0.26,-5.61,-1.10,-0.165,0.335,0.022,1.000,0.100,0.100,0.100,1,37.2,99.4,763,800,1,0,1,0,16,16,114,0
3.92,climb_cruise,445.8,445.8,34980.4,-483,-0.10,-14.49,354.19,1.70,15.0,125.0,0,0,0.29,-5.54,-1.10,-0.166,0.338,0.022,1.000,0.100,0.100,0.100,1,37.1,99.4,763,800,1,0,1,0,16,16,115,0
3.94,climb_cruise,445.8,445.8,34980.2,-485,-0.10,-14.60,354.17,1.71,15.0,125.0,0,0,0.32,-5.47,-1.11,-0.168,0.341,0.022,1.000,0.100,0.100,0.100,1,37.0,99.4,763,800,1,0,1,0,16,16,115,0
3.96,climb_cruise,445.8,445.8,34980.0,-486,-0.10,-14.71,354.15,1.72,15.0,125.0,0,0,0.34,-5.40,-1.12,-0.169,0.344,0.022,1.000,0.100,0.100,0.100,1,36.9,99.5,763,800,1,0,1,0,16,16,115,0
3.98,climb_cruise,445.8,445.8,34979.9,-487,-0.09,-14.82,354.12,1.73,15.0,125.0,0,0,0.37,-5.33,-1.12,-0.170,0.347,0.023,1.000,0.100,0.100,0.100,1,36.9,99.5,763,801,1,0,1,0,16,16,115,0
4.00,climb_cruise,445.8,445.8,34979.7,-487,-0.09,-14.92,354.10,1.75,15.0,125.0,0,0,0.39,-5.26,-1.12,-0.172,0.351,0.023,1.000,0.100,0.100,0.100,1,36.8,99.5,763,801,1,0,1,0,16,16,115,0
4.02,climb_cruise,445.7,445.7,34979.6,-488,-0.09,-15.03,354.07,1.76,15.0,125.0,0,0,0.41,-5.19,-1.13,-0.173,0.354,0.023,1.000,0.100,0.100,0.100,1,36.7,99.6,763,801,1,0,1,0,16,16,114,0
4.04,climb_cruise,445.7,445.7,34979.4,-489,-0.09,-15.13,354.05,1.77,15.0,125.0,0,0,0.43,-5.12,-1.13,-0.174,0.357,0.023,1.000,0.100,0.100,0.100,1,36.6,99.6,763,801,1,0,1,0,16,16,116,0
4.06,climb_cruise,445.7,445.7,34979.2,-490,-0.09,-15.23,354.03,1.79,15.0,125.0,0,0,0.45,-5.05,-1.13,-0.176,0.360,0.023,1.000,0.100,0.100,0.100,1,36.6,99.6,763,801,1,0,1,0,16,16,114,0
4.08,climb_cruise,445.7,445.7,34979.1,-491,-0.08,-15.33,354.00,1.80,15.0,125.0,0,0,0.46,-4.98,-1.13,-0.177,0.363,0.023,1.000,0.100,0.100,0.100,1,36.5,99.7,763,801,1,0,1,0,16,16,116,0
4.10,climb_cruise,445.7,445.7,34978.9,-491,-0.08,-15.43,353.98,1.81,15.0,125.0,0,0,0.48,-4.91,-1.14,-0.178,0.366,0.023,1.000,0.100,0.100,0.100,1,36.4,99.7,763,801,1,0,1,0,16,16,116,0
4.12,climb_cruise,445.6,445.6,34978.7,-492,-0.08,-15.53,353.95,1.83,15.0,125.0,0,0,0.49,-4.84,-1.14,-0.179,0.369,0.023,1.000,0.100,0.100,0.100,1,36.4,99.7,763,801,1,0,1,0,16,16,116,0
4.14,climb_cruise,445.6,445.6,34978.6,-493,-0.07,-15.62,353.93,1.84,15.0,125.0,0,0,0.50,-4.77,-1.14,-0.181,0.372,0.023,1.000,0.100,0.100,0.100,1,36.3,99.7,763,801,1,0,1,0,16,16,115,0
4.16,climb_cruise,445.6,445.6,34978.4,-493,-0.07,-15.72,353.90,1.86,15.0,125.0,0,0,0.51,-4.70,-1.14,-0.182,0.375,0.023,1.000,0.100,0.100,0.100,1,36.2,99.8,763,801,1,0,1,0,16,16,115,0
4.18,climb_cruise,445.6,445.6,34978.2,-494,-0.07,-15.81,353.88,1.87,15.0,125.0,0,0,0.52,-4.63,-1.14,-0.183,0.378,0.023,1.000,0.100,0.100,0.100,1,36.1,99.8,763,801,1,0,1,0,16,16,116,0
4.20,climb_cruise,445.6,445.6,34978.1,-494,-0.06,-15.90,353.85,1.88,15.0,125.0,0,0,0.53,-4.56,-1.14,-0.184,0.381,0.023,1.000,0.100,0.100,0.100,1,36.1,99.8,763,801,1,0,1,0,16,16,115,0
4.22,climb_cruise,445.6,445.6,34977.9,-494,-0.06,-15.99,353.83,1.90,15.0,125.0,0,0,0.54,-4.49,-1.14,-0.186,0.384,0.023,1.000,0.100,0.100,0.100,1,36.0,99.9,763,801,1,0,1,0,16,16,114,0
4.24,climb_cruise,445.5,445.5,34977.7,-495,-0.05,-16.08,353.80,1.91,15.0,125.0,0,0,0.55,-4.42,-1.14,-0.187,0.387,0.023,1.000,0.100,0.100,0.100,1,35.9,99.9,763,801,1,0,1,0,16,16,115,0
4.26,climb_cruise,445.5,445.5,34977.6,-495,-0.05,-16.17,353.78,1.92,15.0,125.0,0,0,0.56,-4.35,-1.14,-0.188,0.390,0.023,1.000,0.100,0.100,0.100,1,35.8,99.9,763,801,1,0,1,0,16,16,115,0
4.28,climb_cruise,445.5,445.5,34977.4,-495,-0.04,-16.26,353.75,1.94,15.0,125.0,0,0,0.57,-4.28,-1.14,-0.189,0.393,0.023,1.000,0.100,0.100,0.100,1,35.8,99.9,763,801,1,0,1,0,16,16,115,0
4.30,climb_cruise,445.5,445.5,34977.2,-495,-0.04,-16.34,353.73,1.95,15.0,125.0,0,0,0.58,-4.21,-1.14,-0.191,0.396,0.024,1.000,0.100,0.100,0.100,1,35.7,100.0,763,801,1,0,1,0,16,16,115,0
4.32,climb_cruise,445.5,445.5,34977.1,-495,-0.03,-16.43,353.70,1.97,15.0,125.0,0,0,0.60,-4.14,-1.14,-0.192,0.398,0.024,1.000,0.100,0.100,0.100,1,35.6,100.0,763,801,1,0,1,0,16,16,115,0
4.34,climb_cruise,445.5,445.5,34976.9,-495,-0.03,-16.51,353.68,1.98,15.0,125.0,0,0,0.61,-4.07,-1.14,-0.193,0.401,0.024,1.000,0.100,0.100,0.100,1,35.6,100.0,763,801,1,0,1,0,16,16,115,0
4.36,climb_cruise,445.4,445.4,34976.7,-495,-0.02,-16.59,353.65,1.99,15.0,125.0,0,0,0.62,-4.00,-1.14,-0.194,0.404,0.024,1.000,0.100,0.100,0.100,1,35.5,100.0,763,801,1,0,1,0,16,16,115,0
4.38,climb_cruise,445.4,445.4,34976.6,-495,-0.02,-16.67,353.63,2.01,15.0,125.0,0,0,0.63,-3.93,-1.14,-0.196,0.407,0.024,1.000,0.100,0.100,0.100,1,35.4,100.1,763,801,1,0,1,0,16,16,114,0
4.40,climb_cruise,445.4,445.4,34976.4,-495,-0.01,-16.75,353.60,2.02,15.0,125.0,0,0,0.64,-3.87,-1.14,-0.197,0.410,0.024,1.000,0.100,0.100,0.100,1,35.3,100.1,763,801,1,0,1,0,16,16,115,0
4.42,climb_cruise,445.4,445.4,34976.2,-495,-0.01,-16.82,353.58,2.03,15.0,125.0,0,0,0.66,-3.80,-1.14,-0.198,0.413,0.024,1.000,0.100,0.100,0.100,1,35.3,100.1,763,801,1,0,1,0,16,16,116,0
4.44,climb_cruise,445.4,445.4,34976.1,-495,-0.00,-16.90,353.55,2.05,15.0,125.0,0,0,0.67,-3.73,-1.14,-0.199,0.416,0.024,1.000,0.100,0.100,0.100,1,35.2,100.1,763,801,1,0,1,0,16,16,115,0
4.46,climb_cruise,445.3,445.3,34975.9,-494,0.00,-16.97,353.52,2.06,15.0,125.0,0,0,0.68,-3.66,-1.14,-0.201,0.419,0.024,1.000,0.100,0.100,0.100,1,35.1,100.1,763,801,1,0,1,0,16,16,115,0
4.48,climb_cruise,445.3,445.3,34975.8,-494,0.01,-17.05,353.50,2.08,15.0,125.0,0,0,0.70,-3.59,-1.14,-0.202,0.421,0.024,1.000,0.100,0.100,0.100,1,35.1,100.2,763,801,1,0,1,0,16,16,115,0
4.50,climb_cruise,445.3,445.3,34975.6,-493,0.02,-17.12,353.47,2.09,15.0,125.0,0,0,0.71,-3.53,-1.14,-0.203,0.424,0.024,1.000,0.100,0.100,0.100,1,35.0,100.2,763,801,1,0,1,0,16,16,114,0
4.52,climb_cruise,445.3,445.3,34975.4,-493,0.03,-17.19,353.45,2.10,15.0,125.0,0,0,0.73,-3.46,-1.14,-0.204,0.427,0.024,1.000,0.100,0.100,0.100,1,34.9,100.2,763,802,1,0,1,0,16,16,114,0
4.54,climb_cruise,445.3,445.3,34975.3,-492,0.03,-17.25,353.42,2.12,15.0,125.0,0,0,0.74,-3.39,-1.14,-0.205,0.430,0.024,1.000,0.100,0.100,0.100,1,34.9,100.2,763,802,1,0,1,0,16,16,115,0
4.56,climb_cruise,445.2,445.2,34975.1,-492,0.04,-17.32,353.39,2.13,15.0,125.0,0,0,0.75,-3.32,-1.14,-0.206,0.433,0.024,1.000,0.100,0.100,0.100,1,34.8,100.3,763,802,1,0,1,0,16,16,114,0
4.58,climb_cruise,445.2,445.2,34974.9,-491,0.05,-17.39,353.37,2.15,15.0,125.0,0,0,0.77,-3.26,-1.14,-0.208,0.436,0.024,1.000,0.100,0.100,0.100,1,34.7,100.3,763,802,1,0,1,0,16,16,115,0
4.60,climb_cruise,445.2,445.2,34974.8,-490,0.06,-17.45,353.34,2.16,15.0,125.0,0,0,0.78,-3.19,-1.14,-0.209,0.438,0.024,1.000,0.100,0.100,0.100,1,34.6,100.3,763,802,1,0,1,0,16,16,115,0
4.62,climb_cruise,445.2,445.2,34974.6,-490,0.06,-17.52,353.31,2.17,15.0,125.0,0,0,0.79,-3.12,-1.14,-0.210,0.441,0.025,1.000,0.100,0.100,0.100,1,34.6,100.3,763,802,1,0,1,0,16,16,114,0
4.64,climb_cruise,445.2,445.2,34974.4,-489,0.07,-17.58,353.29,2.19,15.0,125.0,0,0,0.81,-3.06,-1.14,-0.211,0.444,0.025,1.000,0.100,0.100,0.100,1,34.5,100.3,763,802,1,0,1,0,16,16,116,0
4.66,climb_cruise,445.2,445.2,34974.3,-488,0.08,-17.64,353.26,2.20,15.0,125.0,0,0,0.82,-2.99,-1.14,-0.212,0.447,0.025,1.000,0.100,0.100,0.100,1,34.4,100.4,763,802,1,0,1,0,16,16,115,0
4.68,climb_cruise,445.1,445.1,34974.1,-487,0.09,-17.70,353.23,2.22,15.0,125.0,0,0,0.83,-2.93,-1.14,-0.213,0.449,0.025,1.000,0.100,0.100,0.100,1,34.4,100.4,763,802,1,0,1,0,16,16,116,0
4.70,climb_cruise,445.1,445.1,34973.9,-486,0.10,-17.76,353.21,2.23,15.0,125.0,0,0,0.85,-2.86,-1.14,-0.214,0.452,0.025,1.000,0.100,0.100,0.100,1,34.3,100.4,763,802,1,0,1,0,16,16,116,0
4.72,climb_cruise,445.1,445.1,34973.8,-485,0.11,-17.81,353.18,2.25,15.0,125.0,0,0,0.86,-2.80,-1.14,-0.216,0.455,0.025,1.000,0.100,0.100,0.100,1,34.2,100.4,763,802,1,0,1,0,16,16,115,0
4.74,climb_cruise,445.1,445.1,34973.6,-484,0.12,-17.87,353.15,2.26,15.0,125.0,0,0,0.87,-2.73,-1.14,-0.217,0.457,0.025,1.000,0.100,0.100,0.100,1,34.2,100.4,763,802,1,0,1,0,16,16,115,0
4.76,climb_cruise,445.1,445.1,34973.5,-482,0.13,-17.92,353.13,2.28,15.0,125.0,0,0,0.88,-2.67,-1.14,-0.218,0.460,0.025,1.000,0.100,0.100,0.100,1,34.1,100.5,763,802,1,0,1,0,16,16,115,0
4.78,climb_cruise,445.0,445.0,34973.3,-481,0.14,-17.97,353.10,2.29,15.0,125.0,0,0,0.90,-2.60,-1.14,-0.219,0.463,0.025,1.000,0.100,0.100,0.100,1,34.0,100.5,763,802,1,0,1,0,16,16,115,0
4.80,climb_cruise,445.0,445.0,34973.1,-480,0.15,-18.03,353.07,2.30,15.0,125.0,0,0,0.91,-2.54,-1.14,-0.220,0.465,0.025,1.000,0.100,0.100,0.100,1,34.0,100.5,763,802,1,0,1,0,16,16,115,0
4.82,climb_cruise,445.0,445.0,34973.0,-478,0.16,-18.08,353.04,2.32,15.0,125.0,0,0,0.92,-2.48,-1.14,-0.221,0.468,0.025,1.000,0.100,0.100,0.100,1,33.9,100.5,763,802,1,0,1,0,16,16,115,0
4.84,climb_cruise,445.0,445.0,34972.8,-477,0.17,-18.12,353.02,2.33,15.0,125.0,0,0,0.93,-2.41,-1.14,-0.222,0.471,0.025,1.000,0.100,0.100,0.100,1,33.8,100.5,763,802,1,0,1,0,16,16,115,0
4.86,climb_cruise,445.0,445.0,34972.7,-475,0.18,-18.17,352.99,2.35,15.0,125.0,0,0,0.94,-2.37,-1.14,-0.223,0.472,0.025,1.000,0.100,0.100,0.100,1,33.8,100.6,763,802,1,0,1,0,16,16,116,0
4.88,climb_cruise,444.9,444.9,34972.5,-474,0.19,-18.22,352.96,2.36,15.0,125.0,0,0,0.96,-2.35,-1.14,-0.224,0.473,0.025,1.000,0.100,0.100,0.100,1,33.7,100.6,763,802,1,0,1,0,16,16,115,0
4.90,climb_cruise,444.9,444.9,34972.3,-472,0.20,-18.27,352.93,2.38,15.0,125.0,0,0,0.97,-2.34,-1.14,-0.225,0.473,0.025,1.000,0.100,0.100,0.100,1,33.6,100.6,763,802,1,0,1,0,16,16,116,0
4.92,climb_cruise,444.9,444.9,34972.2,-470,0.21,-18.31,352.91,2.39,15.0,125.0,0,0,0.98,-2.34,-1.14,-0.226,0.473,0.025,1.000,0.100,0.100,0.100,1,33.6,100.6,763,802,1,0,1,0,16,16,115,0
4.94,climb_cruise,444.9,444.9,34972.0,-468,0.22,-18.36,352.88,2.41,15.0,125.0,0,0,0.99,-2.34,-1.14,-0.227,0.474,0.026,1.000,0.100,0.100,0.100,1,33.5,100.6,763,802,1,0,1,0,16,16,114,0
4.96,climb_cruise,444.9,444.9,34971.9,-467,0.24,-18.41,352.85,2.42,15.0,125.0,0,0,1.00,-2.34,-1.13,-0.228,0.474,0.026,1.000,0.100,0.100,0.100,1,33.4,100.6,763,802,1,0,1,0,16,16,116,0
4.98,climb_cruise,444.8,444.8,34971.7,-465,0.25,-18.45,352.82,2.44,15.0,125.0,0,0,1.01,-2.35,-1.13,-0.229,0.474,0.026,1.000,0.100,0.100,0.100,1,33.4,100.7,763,802,1,0,1,0,16,16,115,0
5.00,climb_cruise,444.8,444.8,34971.6,-463,0.26,-18.50,352.79,2.45,15.0,125.0,0,0,1.02,-2.36,-1.13,-0.230,0.474,0.026,1.000,0.100,0.100,0.100,1,33.3,100.7,763,802,1,0,1,0,16,16,115,0
5.02,climb_cruise,444.8,444.8,34971.4,-461,0.27,-18.55,352.77,2.47,15.0,125.0,0,0,1.03,-2.36,-1.13,-0.231,0.474,0.026,1.000,0.100,0.100,0.100,1,33.2,100.7,763,802,1,0,1,0,16,16,115,0
5.04,climb_cruise,444.8,444.8,34971.2,-458,0.28,-18.60,352.74,2.48,15.0,125.0,0,0,1.03,-2.37,-1.13,-0.232,0.474,0.026,1.000,0.100,0.100,0.100,1,33.2,100.7,763,802,1,0,1,0,16,16,116,0
5.06,climb_cruise,444.8,444.8,34971.1,-456,0.30,-18.64,352.71,2.50,15.0,125.0,0,0,1.04,-2.38,-1.13,-0.233,0.474,0.026,1.000,0.100,0.100,0.100,1,33.1,100.7,763,802,1,0,1,0,16,16,115,0
5.08,climb_cruise,444.7,444.7,34970.9,-454,0.31,-18.69,352.68,2.52,15.0,125.0,0,0,1.05,-2.39,-1.13,-0.234,0.474,0.026,1.000,0.100,0.100,0.100,1,33.0,100.7,763,802,1,0,1,0,16,16,116,0
5.10,climb_cruise,444.7,444.7,34970.8,-451,0.32,-18.74,352.65,2.53,15.0,125.0,0,0,1.05,-2.39,-1.14,-0.235,0.474,0.026,1.000,0.100,0.100,0.100,1,33.0,100.8,763,802,1,0,1,0,16,16,115,0
5.12,climb_cruise,444.7,444.7,34970.6,-449,0.33,-18.79,352.63,2.55,15.0,125.0,0,0,1.06,-2.40,-1.14,-0.236,0.474,0.026,1.000,0.100,0.100,0.100,1,32.9,100.8,763,802,1,0,1,0,16,16,114,0
5.14,climb_cruise,444.7,444.7,34970.5,-447,0.35,-18.84,352.60,2.56,15.0,125.0,0,0,1.06,-2.41,-1.14,-0.237,0.474,0.026,1.000,0.100,0.100,0.100,1,32.8,100.8,763,802,1,0,1,0,16,16,114,0
5.16,climb_cruise,444.7,444.7,34970.3,-444,0.36,-18.88,352.57,2.58,15.0,125.0,0,0,1.07,-2.42,-1.14,-0.238,0.474,0.026,1.000,0.100,0.100,0.100,1,32.8,100.8,763,802,1,0,1,0,16,16,115,0
5.18,climb_cruise,444.6,444.6,34970.2,-441,0.37,-18.93,352.54,2.59,15.0,125.0,0,0,1.07,-2.42,-1.14,-0.239,0.474,0.026,1.000,0.100,0.100,0.100,1,32.7,100.8,763,802,1,0,1,0,16,16,116,0
5.20,climb_cruise,444.6,444.6,34970.0,-439,0.39,-18.98,352.51,2.61,15.0,125.0,0,0,1.08,-2.43,-1.14,-0.239,0.474,0.026,1.000,0.100,0.100,0.100,1,32.6,100.8,763,802,1,0,1,0,16,16,114,0
5.22,climb_cruise,444.6,444.6,34969.9,-436,0.40,-19.03,352.48,2.62,15.0,125.0,0,0,1.08,-2.44,-1.14,-0.240,0.474,0.026,1.000,0.100,0.100,0.100,1,32.6,100.8,763,802,1,0,1,0,16,16,115,0
5.24,climb_cruise,444.6,444.6,34969.8,-433,0.41,-19.08,352.45,2.64,15.0,125.0,0,0,1.09,-2.44,-1.14,-0.241,0.474,0.027,1.000,0.100,0.100,0.100,1,32.5,100.9,763,802,1,0,1,0,16,16,114,0
5.26,climb_cruise,444.6,444.6,34969.6,-430,0.43,-19.13,352.43,2.65,15.0,125.0,0,0,1.09,-2.45,-1.15,-0.242,0.474,0.027,1.000,0.100,0.100,0.100,1,32.4,100.9,763,802,1,0,1,0,16,16,115,0
5.28,climb_cruise,444.5,444.5,34969.5,-427,0.44,-19.18,352.40,2.67,15.0,125.0,0,0,1.10,-2.46,-1.15,-0.243,0.474,0.027,1.000,0.100,0.100,0.100,1,32.4,100.9,763,802,1,0,1,0,16,16,116,0
5.30,climb_cruise,444.5,444.5,34969.3,-424,0.45,-19.23,352.37,2.68,15.0,125.0,0,0,1.10,-2.46,-1.15,-0.244,0.474,0.027,1.000,0.100,0.100,0.100,1,32.3,100.9,763,802,1,0,1,0,16,16,115,0
5.32,climb_cruise,444.5,444.5,34969.2,-421,0.47,-19.28,352.34,2.70,15.0,125.0,0,0,1.11,-2.47,-1.15,-0.245,0.474,0.027,1.000,0.100,0.100,0.100,1,32.2,100.9,763,802,1,0,1,0,16,16,116,0
5.34,climb_cruise,444.5,444.5,34969.0,-418,0.48,-19.33,352.31,2.72,15.0,125.0,0,0,1.11,-2.48,-1.15,-0.245,0.474,0.027,1.000,0.100,0.100,0.100,1,32.2,100.9,763,803,1,0,1,0,16,16,116,0
5.36,climb_cruise,444.5,444.5,34968.9,-414,0.49,-19.38,352.28,2.73,15.0,125.0,0,0,1.12,-2.48,-1.16,-0.246,0.474,0.027,1.000,0.100,0.100,0.100,1,32.1,100.9,763,803,1,0,1,0,16,16,114,0
5.38,climb_cruise,444.4,444.4,34968.8,-411,0.51,-19.43,352.25,2.75,15.0,125.0,0,0,1.13,-2.49,-1.16,-0.247,0.474,0.027,1.000,0.100,0.100,0.100,1,32.0,101.0,763,803,1,0,1,0,16,16,116,0
5.40,climb_cruise,444.4,444.4,34968.6,-408,0.52,-19.48,352.22,2.76,15.0,125.0,0,0,1.13,-2.50,-1.16,-0.248,0.474,0.027,1.000,0.100,0.100,0.100,1,32.0,101.0,763,803,1,0,1,0,16,16,115,0
5.42,climb_cruise,444.4,444.4,34968.5,-404,0.53,-19.53,352.19,2.78,15.0,125.0,0,0,1.14,-2.50,-1.16,-0.249,0.474,0.027,1.000,0.100,0.100,0.100,1,31.9,101.0,763,803,1,0,1,0,16,16,114,0
5.44,climb_cruise,444.4,444.4,34968.4,-401,0.55,-19.58,352.16,2.79,15.0,125.0,0,0,1.14,-2.51,-1.17,-0.249,0.474,0.027,1.000,0.100,0.100,0.100,1,31.9,101.0,763,803,1,0,1,0,16,16,116,0
5.46,climb_cruise,444.4,444.4,34968.2,-397,0.56,-19.63,352.13,2.81,15.0,125.0,0,0,1.15,-2.52,-1.17,-0.250,0.474,0.027,1.000,0.100,0.100,0.100,1,31.8,101.0,763,803,1,0,1,0,16,16,116,0
5.48,climb_cruise,444.3,444.3,34968.1,-393,0.57,-19.68,352.10,2.82,15.0,125.0,0,0,1.15,-2.52,-1.17,-0.251,0.474,0.027,1.000,0.100,0.100,0.100,1,31.7,101.0,763,803,1,0,1,0,16,16,115,0
5.50,climb_cruise,444.3,444.3,34968.0,-390,0.59,-19.73,352.07,2.84,15.0,125.0,0,0,1.16,-2.53,-1.17,-0.252,0.474,0.027,1.000,0.100,0.100,0.100,1,31.7,101.0,763,803,1,0,1,0,16,16,114,0
5.52,climb_cruise,444.3,444.3,34967.8,-386,0.60,-19.78,352.04,2.85,15.0,125.0,0,0,1.17,-2.54,-1.18,-0.252,0.474,0.027,1.000,0.100,0.100,0.100,1,31.6,101.0,763,803,1,0,1,0,16,16,116,0
5.54,climb_cruise,444.3,444.3,34967.7,-382,0.62,-19.83,352.01,2.87,15.0,125.0,0,0,1.17,-2.54,-1.18,-0.253,0.474,0.027,1.000,0.100,0.100,0.100,1,31.5,101.0,763,803,1,0,1,0,16,16,115,0
5.56,climb_cruise,444.2,444.2,34967.6,-378,0.63,-19.88,351.98,2.88,15.0,125.0,0,0,1.18,-2.55,-1.18,-0.254,0.474,0.028,1.000,0.100,0.100,0.100,1,31.5,101.1,763,803,1,0,1,0,16,16,115,0
5.58,climb_cruise,444.2,444.2,34967.4,-374,0.64,-19.93,351.95,2.90,15.0,125.0,0,0,1.18,-2.56,-1.18,-0.254,0.474,0.028,1.000,0.100,0.100,0.100,1,31.4,101.1,763,803,1,0,1,0,16,16,116,0
5.60,climb_cruise,444.2,444.2,34967.3,-370,0.66,-19.99,351.92,2.91,15.0,125.0,0,0,1.19,-2.56,-1.18,-0.255,0.474,0.028,1.000,0.100,0.100,0.100,1,31.4,101.1,763,803,1,0,1,0,16,16,114,0
5.62,climb_cruise,444.2,444.2,34967.2,-366,0.67,-20.04,351.89,2.93,15.0,125.0,0,0,1.19,-2.57,-1.19,-0.256,0.474,0.028,1.000,0.100,0.100,0.100,1,31.3,101.1,763,803,1,0,1,0,16,16,115,0
5.64,climb_cruise,444.2,444.2,34967.1,-362,0.69,-20.09,351.86,2.94,15.0,125.0,0,0,1.20,-2.58,-1.19,-0.256,0.474,0.028,1.000,0.100,0.100,0.100,1,31.2,101.1,763,803,1,0,1,0,16,16,115,0
5.66,climb_cruise,444.1,444.1,34967.0,-357,0.70,-20.14,351.83,2.96,15.0,125.0,0,0,1.20,-2.58,-1.19,-0.257,0.474,0.028,1.000,0.100,0.100,0.100,1,31.2,101.1,763,803,1,0,1,0,16,16,116,0
5.68,climb_cruise,444.1,444.1,34966.8,-353,0.72,-20.19,351.80,2.98,15.0,125.0,0,0,1.21,-2.59,-1.19,-0.258,0.474,0.028,1.000,0.100,0.100,0.100,1,31.1,101.1,763,803,1,0,1,0,16,16,116,0
5.70,climb_cruise,444.1,444.1,34966.7,-349,0.73,-20.25,351.77,2.99,15.0,125.0,0,0,1.21,-2.59,-1.20,-0.258,0.474,0.028,1.000,0.100,0.100,0.100,1,31.0,101.1,763,803,1,0,1,0,16,16,115,0
5.72,climb_cruise,444.1,444.1,34966.6,-344,0.75,-20.30,351.74,3.01,15.0,125.0,0,0,1.22,-2.60,-1.20,-0.259,0.474,0.028,1.000,0.100,0.100,0.100,1,31.0,101.1,763,803,1,0,1,0,16,16,115,0
5.74,climb_cruise,444.0,444.0,34966.5,-340,0.76,-20.35,351.71,3.02,15.0,125.0,0,0,1.22,-2.61,-1.20,-0.259,0.474,0.028,1.000,0.100,0.100,0.100,1,30.9,101.2,763,803,1,0,1,0,16,16,114,0
5.76,climb_cruise,444.0,444.0,34966.4,-335,0.77,-20.40,351.68,3.04,15.0,125.0,0,0,1.23,-2.61,-1.20,-0.260,0.474,0.028,1.000,0.100,0.100,0.100,1,30.9,101.2,763,803,1,0,1,0,16,16,115,0
5.78,climb_cruise,444.0,444.0,34966.3,-330,0.79,-20.46,351.65,3.05,15.0,125.0,0,0,1.23,-2.62,-1.21,-0.261,0.474,0.028,1.000,0.100,0.100,0.100,1,30.8,101.2,763,803,1,0,1,0,16,16,115,0
5.80,climb_cruise,444.0,444.0,34966.1,-326,0.80,-20.51,351.61,3.07,15.0,125.0,0,0,1.24,-2.62,-1.21,-0.261,0.474,0.028,1.000,0.100,0.100,0.100,1,30.7,101.2,763,803,1,0,1,0,16,16,115,0
5.82,climb_cruise,444.0,444.0,34966.0,-321,0.82,-20.56,351.58,3.08,15.0,125.0,0,0,1.24,-2.63,-1.21,-0.262,0.474,0.028,1.000,0.100,0.100,0.100,1,30.7,101.2,763,803,1,0,1,0,16,16,114,0
5.84,climb_cruise,443.9,443.9,34965.9,-316,0.83,-20.61,351.55,3.10,15.0,125.0,0,0,1.25,-2.64,-1.21,-0.262,0.474,0.028,1.000,0.100,0.100,0.100,1,30.6,101.2,763,803,1,0,1,0,16,16,116,0
5.86,climb_cruise,443.9,443.9,34965.8,-311,0.85,-20.67,351.52,3.11,15.0,125.0,0,0,1.25,-2.64,-1.21,-0.263,0.474,0.028,1.000,0.100,0.100,0.100,1,30.5,101.2,763,803,1,0,1,0,16,16,115,0
5.88,climb_cruise,443.9,443.9,34965.7,-306,0.86,-20.72,351.49,3.13,15.0,125.0,0,0,1.26,-2.65,-1.22,-0.263,0.474,0.029,1.000,0.100,0.100,0.100,1,30.5,101.2,763,803,1,0,1,0,16,16,115,0
5.90,climb_cruise,443.9,443.9,34965.6,-301,0.88,-20.77,351.46,3.14,15.0,125.0,0,0,1.26,-2.65,-1.22,-0.264,0.474,0.029,1.000,0.100,0.100,0.100,1,30.4,101.2,763,803,1,0,1,0,16,16,115,0
5.92,climb_cruise,443.8,443.8,34965.5,-296,0.89,-20.83,351.42,3.16,15.0,125.0,0,0,1.27,-2.66,-1.22,-0.264,0.474,0.029,1.000,0.100,0.100,0.100,1,30.4,101.2,763,803,1,0,1,0,16,16,115,0
5.94,climb_cruise,443.8,443.8,34965.4,-291,0.91,-20.88,351.39,3.17,15.0,125.0,0,0,1.27,-2.66,-1.22,-0.265,0.474,0.029,1.000,0.100,0.100,0.100,1,30.3,101.3,763,803,1,0,1,0,16,16,116,0
5.96,climb_cruise,443.8,443.8,34965.3,-286,0.92,-20.94,351.36,3.19,15.0,125.0,0,0,1.28,-2.67,-1.23,-0.265,0.474,0.029,1.000,0.100,0.100,0.100,1,30.2,101.3,763,803,1,0,1,0,16,16,114,0
5.98,climb_cruise,443.8,443.8,34965.2,-280,0.94,-20.99,351.33,3.20,15.0,125.0,0,0,1.28,-2.67,-1.23,-0.265,0.474,0.029,1.000,0.100,0.100,0.100,1,30.2,101.3,763,803,1,0,1,0,16,16,115,0
6.00,climb_cruise,443.7,443.7,34965.1,-275,0.95,-21.04,351.30,3.22,15.0,125.0,0,0,1.28,-2.68,-1.23,-0.266,0.474,0.029,1.000,0.100,0.100,0.100,1,30.1,101.3,763,803,1,0,1,0,16,16,115,0
6.02,climb_cruise,443.7,443.7,34965.0,-270,0.97,-21.10,351.26,3.23,15.0,125.0,0,0,1.29,-2.68,-1.23,-0.266,0.474,0.029,1.000,0.100,0.100,0.100,1,30.1,101.3,763,803,1,0,1,0,16,16,115,0
6.04,climb_cruise,443.7,443.7,34965.0,-264,0.98,-21.15,351.23,3.25,15.0,125.0,0,0,1.29,-2.69,-1.24,-0.267,0.474,0.029,1.000,0.100,0.100,0.100,1,30.0,101.3,763,803,1,0,1,0,16,16,114,0
6.06,climb_cruise,443.7,443.7,34964.9,-259,1.00,-21.21,351.20,3.26,15.0,125.0,0,0,1.30,-2.70,-1.24,-0.267,0.474,0.029,1.000,0.100,0.100,0.100,1,29.9,101.3,763,803,1,0,1,0,16,16,115,0
6.08,climb_cruise,443.7,443.7,34964.8,-253,1.01,-21.26,351.17,3.28,15.0,125.0,0,0,1.30,-2.70,-1.24,-0.267,0.474,0.029,1.000,0.100,0.100,0.100,1,29.9,101.3,763,803,1,0,1,0,16,16,115,0
6.10,climb_cruise,443.6,443.6,34964.7,-248,1.03,-21.32,351.13,3.29,15.0,125.0,0,0,1.31,-2.71,-1.24,-0.268,0.474,0.029,1.000,0.100,0.100,0.100,1,29.8,101.3,763,803,1,0,1,0,16,16,116,0
6.12,climb_cruise,443.6,443.6,34964.6,-242,1.05,-21.37,351.10,3.31,15.0,125.0,0,0,1.31,-2.71,-1.25,-0.268,0.474,0.029,1.000,0.100,0.100,0.100,1,29.8,101.3,763,803,1,0,1,0,16,16,116,0
6.14,climb_cruise,443.6,443.6,34964.5,-236,1.06,-21.43,351.07,3.32,15.0,125.0,0,0,1.31,-2.72,-1.25,-0.268,0.474,0.029,1.000,0.100,0.100,0.100,1,29.7,101.3,763,803,1,0,1,0,16,16,114,0
6.16,climb_cruise,443.6,443.6,34964.5,-230,1.08,-21.48,351.04,3.34,15.0,125.0,0,0,1.32,-2.72,-1.25,-0.269,0.474,0.029,1.000,0.100,0.100,0.100,1,29.6,101.4,763,803,1,0,1,0,16,16,115,0
6.18,climb_cruise,443.5,443.5,34964.4,-224,1.09,-21.54,351.00,3.35,15.0,125.0,0,0,1.32,-2.73,-1.26,-0.269,0.474,0.029,1.000,0.100,0.100,0.100,1,29.6,101.4,763,803,1,0,1,0,16,16,115,0
6.20,climb_cruise,443.5,443.5,34964.3,-218,1.11,-21.59,350.97,3.36,15.0,125.0,0,0,1.32,-2.73,-1.26,-0.269,0.474,0.030,1.000,0.100,0.100,0.100,1,29.5,101.4,763,803,1,0,1,0,16,16,115,0
6.22,climb_cruise,443.5,443.5,34964.2,-212,1.12,-21.65,350.94,3.38,15.0,125.0,0,0,1.33,-2.74,-1.26,-0.270,0.474,0.030,1.000,0.100,0.100,0.100,1,29.5,101.4,763,803,1,0,1,0,16,16,116,0
6.24,climb_cruise,443.5,443.5,34964.2,-206,1.14,-21.70,350.90,3.39,15.0,125.0,0,0,1.33,-2.74,-1.26,-0.270,0.474,0.030,1.000,0.100,0.100,0.100,1,29.4,101.4,763,803,1,0,1,0,16,16,115,0
6.26,climb_cruise,443.4,443.4,34964.1,-200,1.15,-21.76,350.87,3.41,15.0,125.0,0,0,1.34,-2.75,-1.27,-0.270,0.474,0.030,1.000,0.100,0.100,0.100,1,29.3,101.4,763,803,1,0,1,0,16,16,115,0
6.28,climb_cruise,443.4,443.4,34964.0,-194,1.17,-21.81,350.84,3.42,15.0,125.0,0,0,1.34,-2.75,-1.27,-0.270,0.474,0.030,1.000,0.100,0.100,0.100,1,29.3,101.4,763,803,1,0,1,0,16,16,116,0
6.30,climb_cruise,443.4,443.4,34964.0,-188,1.18,-21.87,350.80,3.44,15.0,125.0,0,0,1.34,-2.76,-1.27,-0.270,0.474,0.030,1.000,0.100,0.100,0.100,1,29.2,101.4,763,803,1,0,1,0,16,16,115,0
6.32,climb_cruise,443.4,443.4,34963.9,-182,1.20,-21.92,350.77,3.45,15.0,125.0,0,0,1.35,-2.76,-1.27,-0.271,0.474,0.030,1.000,0.100,0.100,0.100,1,29.2,101.4,763,803,1,0,1,0,16,16,115,0
6.34,climb_cruise,443.3,443.3,34963.8,-175,1.22,-21.98,350.74,3.47,15.0,125.0,0,0,1.35,-2.77,-1.28,-0.271,0.474,0.030,1.000,0.100,0.100,0.100,1,29.1,101.4,763,803,1,0,1,0,16,16,114,0
6.36,climb_cruise,443.3,443.3,34963.8,-169,1.23,-22.04,350.70,3.48,15.0,125.0,0,0,1.35,-2.77,-1.28,-0.271,0.474,0.030,1.000,0.100,0.100,0.100,1,29.1,101.4,763,803,1,0,1,0,16,16,115,0
6.38,climb_cruise,443.3,443.3,34963.7,-163,1.25,-22.09,350.67,3.49,15.0,125.0,0,0,1.36,-2.78,-1.28,-0.271,0.474,0.030,1.000,0.100,0.100,0.100,1,29.0,101.4,763,803,1,0,1,0,16,16,114,0
6.40,climb_cruise,443.3,443.3,34963.7,-156,1.26,-22.15,350.63,3.51,15.0,125.0,0,0,1.36,-2.78,-1.29,-0.271,0.474,0.030,1.000,0.100,0.100,0.100,1,28.9,101.4,763,803,1,0,1,0,16,16,115,0
6.42,climb_cruise,443.2,443.2,34963.6,-150,1.28,-22.21,350.60,3.52,15.0,125.0,0,0,1.36,-2.79,-1.29,-0.271,0.474,0.030,1.000,0.100,0.100,0.100,1,28.9,101.4,763,803,1,0,1,0,16,16,116,0
6.44,climb_cruise,443.2,443.2,34963.6,-143,1.29,-22.26,350.56,3.54,15.0,125.0,0,0,1.37,-2.79,-1.29,-0.272,0.474,0.030,1.000,0.100,0.100,0.100,1,28.8,101.5,763,803,1,0,1,0,16,16,115,0
6.46,climb_cruise,443.2,443.2,34963.5,-136,1.31,-22.32,350.53,3.55,15.0,125.0,0,0,1.37,-2.80,-1.29,-0.272,0.474,0.030,1.000,0.100,0.100,0.100,1,28.8,101.5,763,803,1,0,1,0,16,16,116,0
6.48,climb_cruise,443.2,443.2,34963.5,-130,1.32,-22.37,350.50,3.56,15.0,125.0,0,0,1.37,-2.80,-1.30,-0.272,0.474,0.030,1.000,0.100,0.100,0.100,1,28.7,101.5,763,803,1,0,1,0,16,16,115,0
6.50,climb_cruise,443.1,443.1,34963.4,-123,1.34,-22.43,350.46,3.58,15.0,125.0,0,0,1.37,-2.80,-1.30,-0.272,0.474,0.030,1.000,0.100,0.100,0.100,1,28.7,101.5,763,803,1,0,1,0,16,16,115,0
6.52,climb_cruise,443.1,443.1,34963.4,-116,1.36,-22.49,350.43,3.59,15.0,125.0,0,0,1.38,-2.81,-1.30,-0.272,0.474,0.031,1.000,0.100,0.100,0.100,1,28.6,101.5,763,803,1,0,1,0,16,16,115,0
6.54,climb_cruise,443.1,443.1,34963.4,-109,1.37,-22.55,350.39,3.61,15.0,125.0,0,0,1.38,-2.81,-1.30,-0.272,0.474,0.031,1.000,0.100,0.100,0.100,1,28.5,101.5,763,803,1,0,1,0,16,16,116,0
6.56,climb_cruise,443.1,443.1,34963.3,-102,1.39,-22.60,350.36,3.62,15.0,125.0,0,0,1.38,-2.82,-1.31,-0.272,0.474,0.031,1.000,0.100,0.100,0.100,1,28.5,101.5,763,803,1,0,1,0,16,16,116,0
6.58,climb_cruise,443.0,443.0,34963.3,-95,1.40,-22.66,350.32,3.63,15.0,125.0,0,0,1.39,-2.82,-1.31,-0.272,0.474,0.031,1.000,0.100,0.100,0.100,1,28.4,101.5,763,803,1,0,1,0,16,16,115,0
6.60,climb_cruise,443.0,443.0,34963.3,-88,1.42,-22.72,350.29,3.65,15.0,125.0,0,0,1.39,-2.83,-1.31,-0.272,0.474,0.031,1.000,0.100,0.100,0.100,1,28.4,101.5,763,803,1,0,1,0,16,16,115,0
6.62,climb_cruise,443.0,443.0,34963.2,-81,1.43,-22.78,350.25,3.66,15.0,125.0,0,0,1.39,-2.83,-1.32,-0.272,0.474,0.031,1.000,0.100,0.100,0.100,1,28.3,101.5,763,803,1,0,1,0,16,16,115,0
6.64,climb_cruise,442.9,442.9,34963.2,-74,1.45,-22.83,350.22,3.67,15.0,125.0,0,0,1.39,-2.84,-1.32,-0.272,0.474,0.031,1.000,0.100,0.100,0.100,1,28.3,101.5,763,803,1,0,1,0,16,16,115,0
6.66,climb_cruise,442.9,442.9,34963.2,-67,1.46,-22.89,350.18,3.69,15.0,125.0,0,0,1.40,-2.84,-1.32,-0.272,0.474,0.031,1.000,0.100,0.100,0.100,1,28.2,101.5,763,803,1,0,1,0,16,16,116,0
6.68,climb_cruise,442.9,442.9,34963.1,-60,1.48,-22.95,350.15,3.70,15.0,125.0,0,0,1.40,-2.85,-1.32,-0.272,0.474,0.031,1.000,0.100,0.100,0.100,1,28.1,101.5,763,803,1,0,1,0,16,16,114,0
6.70,climb_cruise,442.9,442.9,34963.1,-53,1.49,-23.01,350.11,3.72,15.0,125.0,0,0,1.40,-2.85,-1.33,-0.271,0.474,0.031,1.000,0.100,0.100,0.100,1,28.1,101.5,763,803,1,0,1,0,16,16,115,0
6.72,climb_cruise,442.8,442.8,34963.1,-45,1.51,-23.06,350.08,3.73,15.0,125.0,0,0,1.40,-2.85,-1.33,-0.271,0.474,0.031,1.000,0.100,0.100,0.100,1,28.0,101.5,763,803,1,0,1,0,16,16,115,0
6.74,climb_cruise,442.8,442.8,34963.1,-38,1.53,-23.12,350.04,3.74,15.0,125.0,0,0,1.40,-2.86,-1.33,-0.271,0.474,0.031,1.000,0.100,0.100,0.100,1,28.0,101.5,763,803,1,0,1,0,16,16,114,0
6.76,climb_cruise,442.8,442.8,34963.1,-31,1.54,-23.18,350.01,3.75,15.0,125.0,0,0,1.41,-2.86,-1.34,-0.271,0.474,0.031,1.000,0.100,0.100,0.100,1,27.9,101.6,763,803,1,0,1,0,16,16,116,0
6.78,climb_cruise,442.8,442.8,34963.1,-23,1.56,-23.24,349.97,3.77,15.0,125.0,0,0,1.41,-2.87,-1.34,-0.271,0.474,0.031,1.000,0.100,0.100,0.100,1,27.9,101.6,763,803,1,0,1,0,16,16,114,0
6.80,climb_cruise,442.7,442.7,34963.1,-16,1.57,-23.30,349.93,3.78,15.0,125.0,0,0,1.41,-2.87,-1.34,-0.271,0.474,0.031,1.000,0.100,0.100,0.100,1,27.8,101.6,763,803,1,0,1,0,16,16,114,0
6.82,climb_cruise,442.7,442.7,34963.1,-8,1.59,-23.36,349.90,3.79,15.0,125.0,0,0,1.41,-2.88,-1.35,-0.270,0.474,0.031,1.000,0.100,0.100,0.100,1,27.7,101.6,763,803,1,0,1,0,16,16,114,0
6.84,climb_cruise,442.7,442.7,34963.1,-1,1.60,-23.41,349.86,3.81,15.0,125.0,0,0,1.41,-2.88,-1.35,-0.270,0.474,0.032,1.000,0.100,0.100,0.100,1,27.7,101.6,763,803,1,0,1,0,16,16,114,0
6.86,climb_cruise,442.6,442.6,34963.1,7,1.62,-23.47,349.83,3.82,15.0,125.0,0,0,1.42,-2.89,-1.35,-0.270,0.474,0.032,1.000,0.100,0.100,0.100,1,27.6,101.6,763,803,1,0,1,0,16,16,116,0
6.88,climb_cruise,442.6,442.6,34963.1,14,1.63,-23.53,349.79,3.83,15.0,125.0,0,0,1.42,-2.89,-1.35,-0.270,0.474,0.032,1.000,0.100,0.100,0.100,1,27.6,101.6,763,803,1,0,1,0,16,16,115,0
6.90,climb_cruise,442.6,442.6,34963.1,22,1.65,-23.59,349.75,3.84,15.0,125.0,0,0,1.42,-2.89,-1.36,-0.270,0.474,0.032,1.000,0.100,0.100,0.100,1,27.5,101.6,763,803,1,0,1,0,16,16,114,0
6.92,climb_cruise,442.6,442.6,34963.1,30,1.66,-23.65,349.72,3.86,15.0,125.0,0,0,1.42,-2.90,-1.36,-0.269,0.474,0.032,1.000,0.100,0.100,0.100,1,27.5,101.6,763,803,1,0,1,0,16,16,115,0
6.94,climb_cruise,442.5,442.5,34963.1,37,1.68,-23.71,349.68,3.87,15.0,125.0,0,0,1.42,-2.90,-1.36,-0.269,0.474,0.032,1.000,0.100,0.100,0.100,1,27.4,101.6,763,803,1,0,1,0,16,16,116,0
6.96,climb_cruise,442.5,442.5,34963.1,45,1.69,-23.77,349.64,3.88,15.0,125.0,0,0,1.42,-2.91,-1.37,-0.269,0.474,0.032,1.000,0.100,0.100,0.100,1,27.4,101.6,763,803,1,0,1,0,16,16,115,0
6.98,climb_cruise,442.5,442.5,34963.1,53,1.71,-23.83,349.61,3.89,15.0,125.0,0,0,1.42,-2.91,-1.37,-0.268,0.474,0.032,1.000,0.100,0.100,0.100,1,27.3,101.6,763,803,1,0,1,0,16,16,115,0
7.00,climb_cruise,442.4,442.4,34963.1,61,1.72,-23.89,349.57,3.91,15.0,125.0,0,0,1.43,-2.92,-1.37,-0.268,0.474,0.032,1.000,0.100,0.100,0.100,1,27.3,101.6,763,803,1,0,1,0,16,16,116,0
7.02,climb_cruise,442.4,442.4,34963.2,69,1.74,-23.95,349.53,3.92,15.0,125.0,0,0,1.43,-2.92,-1.38,-0.268,0.474,0.032,1.000,0.100,0.100,0.100,1,27.2,101.6,763,803,1,0,1,0,16,16,116,0
7.04,climb_cruise,442.4,442.4,34963.2,77,1.75,-24.00,349.50,3.93,15.0,125.0,0,0,1.43,-2.92,-1.38,-0.267,0.474,0.032,1.000,0.100,0.100,0.100,1,27.1,101.6,763,803,1,0,1,0,16,16,114,0
7.06,climb_cruise,442.4,442.4,34963.2,85,1.77,-24.06,349.46,3.94,15.0,125.0,0,0,1.43,-2.93,-1.38,-0.267,0.474,0.032,1.000,0.100,0.100,0.100,1,27.1,101.6,763,803,1,0,1,0,16,16,115,0
7.08,climb_cruise,442.3,442.3,34963.2,93,1.78,-24.12,349.42,3.96,15.0,125.0,0,0,1.43,-2.93,-1.38,-0.266,0.474,0.032,1.000,0.100,0.100,0.100,1,27.0,101.6,763,803,1,0,1,0,16,16,114,0
7.10,climb_cruise,442.3,442.3,34963.3,101,1.80,-24.18,349.39,3.97,15.0,125.0,0,0,1.43,-2.94,-1.39,-0.266,0.474,0.032,1.000,0.100,0.100,0.100,1,27.0,101.6,763,803,1,0,1,0,16,16,116,0
7.12,climb_cruise,442.3,442.3,34963.3,109,1.81,-24.24,349.35,3.98,15.0,125.0,0,0,1.43,-2.94,-1.39,-0.266,0.474,0.032,1.000,0.100,0.100,0.100,1,26.9,101.6,763,803,1,0,1,0,16,16,115,0
7.14,climb_cruise,442.2,442.2,34963.3,117,1.83,-24.30,349.31,3.99,15.0,125.0,0,0,1.43,-2.94,-1.39,-0.265,0.474,0.032,1.000,0.100,0.100,0.100,1,26.9,101.6,763,803,1,0,1,0,16,16,114,0
7.16,climb_cruise,442.2,442.2,34963.4,125,1.84,-24.36,349.28,4.00,15.0,125.0,0,0,1.43,-2.95,-1.40,-0.265,0.474,0.033,1.000,0.100,0.100,0.100,1,26.8,101.7,763,804,1,0,1,0,16,16,116,0
7.18,climb_cruise,442.2,442.2,34963.4,133,1.86,-24.42,349.24,4.01,15.0,125.0,0,0,1.43,-2.95,-1.40,-0.264,0.474,0.033,1.000,0.100,0.100,0.100,1,26.8,101.7,763,804,1,0,1,0,16,16,115,0
7.20,climb_cruise,442.2,442.2,34963.5,142,1.87,-24.48,349.20,4.03,15.0,125.0,0,0,1.43,-2.96,-1.40,-0.264,0.474,0.033,1.000,0.100,0.100,0.100,1,26.7,101.7,763,804,1,0,1,0,16,16,115,0
7.22,climb_cruise,442.1,442.1,34963.5,150,1.89,-24.54,349.16,4.04,15.0,125.0,0,0,1.43,-2.96,-1.41,-0.263,0.474,0.033,1.000,0.100,0.100,0.100,1,26.7,101.7,763,804,1,0,1,0,16,16,116,0
7.24,climb_cruise,442.1,442.1,34963.6,158,1.90,-24.61,349.13,4.05,15.0,125.0,0,0,1.43,-2.96,-1.41,-0.262,0.474,0.033,1.000,0.100,0.100,0.100,1,26.6,101.7,763,804,1,0,1,0,16,16,114,0
7.26,climb_cruise,442.1,442.1,34963.6,167,1.91,-24.67,349.09,4.06,15.0,125.0,0,0,1.43,-2.97,-1.41,-0.262,0.474,0.033,1.000,0.100,0.100,0.100,1,26.6,101.7,763,804,1,0,1,0,16,16,114,0
7.28,climb_cruise,442.0,442.0,34963.7,175,1.93,-24.73,349.05,4.07,15.0,125.0,0,0,1.43,-2.97,-1.41,-0.261,0.474,0.033,1.000,0.100,0.100,0.100,1,26.5,101.7,763,804,1,0,1,0,16,16,115,0
7.30,climb_cruise,442.0,442.0,34963.7,183,1.94,-24.79,349.01,4.08,15.0,125.0,0,0,1.43,-2.98,-1.42,-0.261,0.474,0.033,1.000,0.100,0.100,0.100,1,26.4,101.7,763,804,1,0,1,0,16,16,116,0
7.32,climb_cruise,442.0,442.0,34963.8,192,1.96,-24.85,348.97,4.09,15.0,125.0,0,0,1.43,-2.98,-1.42,-0.260,0.474,0.033,1.000,0.100,0.100,0.100,1,26.4,101.7,763,804,1,0,1,0,16,16,115,0
7.34,climb_cruise,441.9,441.9,34963.9,200,1.97,-24.91,348.94,4.10,15.0,125.0,0,0,1.43,-2.98,-1.42,-0.259,0.474,0.033,1.000,0.100,0.100,0.100,1,26.3,101.7,763,804,1,0,1,0,16,16,115,0
7.36,climb_cruise,441.9,441.9,34963.9,209,1.98,-24.97,348.90,4.11,15.0,125.0,0,0,1.43,-2.99,-1.43,-0.259,0.474,0.033,1.000,0.100,0.100,0.100,1,26.3,101.7,763,804,1,0,1,0,16,16,114,0
7.38,climb_cruise,441.9,441.9,34964.0,217,2.00,-25.03,348.86,4.13,15.0,125.0,0,0,1.43,-2.99,-1.43,-0.258,0.474,0.033,1.000,0.100,0.100,0.100,1,26.2,101.7,763,804,1,0,1,0,16,16,116,0
7.40,climb_cruise,441.9,441.9,34964.1,226,2.01,-25.09,348.82,4.14,15.0,125.0,0,0,1.43,-3.00,-1.43,-0.257,0.474,0.033,1.000,0.100,0.100,0.100,1,26.2,101.7,763,804,1,0,1,0,16,16,115,0
7.42,climb_cruise,441.8,441.8,34964.1,234,2.03,-25.15,348.78,4.15,15.0,125.0,0,0,1.43,-3.00,-1.44,-0.257,0.474,0.033,1.000,0.100,0.100,0.100,1,26.1,101.7,763,804,1,0,1,0,16,16,115,0
7.44,climb_cruise,441.8,441.8,34964.2,243,2.04,-25.22,348.75,4.16,15.0,125.0,0,0,1.43,-3.00,-1.44,-0.256,0.474,0.033,1.000,0.100,0.100,0.100,1,26.1,101.7,763,804,1,0,1,0,16,16,115,0
7.46,climb_cruise,441.8,441.8,34964.3,251,2.05,-25.28,348.71,4.17,15.0,125.0,0,0,1.43,-3.01,-1.44,-0.255,0.474,0.034,1.000,0.100,0.100,0.100,1,26.0,101.7,763,804,1,0,1,0,16,16,114,0
7.48,climb_cruise,441.7,441.7,34964.4,260,2.07,-25.34,348.67,4.18,15.0,125.0,0,0,1.43,-3.01,-1.45,-0.255,0.474,0.034,1.000,0.100,0.100,0.100,1,26.0,101.7,763,804,1,0,1,0,16,16,116,0
7.50,climb_cruise,441.7,441.7,34964.5,268,2.08,-25.40,348.63,4.19,15.0,125.0,0,0,1.43,-3.01,-1.45,-0.254,0.474,0.034,1.000,0.100,0.100,0.100,1,25.9,101.7,763,804,1,0,1,0,16,16,115,0
7.52,climb_cruise,441.7,441.7,34964.6,277,2.09,-25.46,348.59,4.20,15.0,125.0,0,0,1.43,-3.02,-1.45,-0.253,0.474,0.034,1.000,0.100,0.100,0.100,1,25.9,101.7,763,804,1,0,1,0,16,16,116,0
7.54,climb_cruise,441.6,441.6,34964.7,286,2.11,-25.52,348.55,4.21,15.0,125.0,0,0,1.43,-3.02,-1.45,-0.252,0.474,0.034,1.000,0.100,0.100,0.100,1,25.8,101.7,763,804,1,0,1,0,16,16,116,0
7.56,climb_cruise,441.6,441.6,34964.8,294,2.12,-25.59,348.52,4.22,15.0,125.0,0,0,1.43,-3.03,-1.46,-0.251,0.474,0.034,1.000,0.100,0.100,0.100,1,25.8,101.7,763,804,1,0,1,0,16,16,114,0
7.58,climb_cruise,441.6,441.6,34964.9,303,2.13,-25.65,348.48,4.23,15.0,125.0,0,0,1.43,-3.03,-1.46,-0.250,0.474,0.034,1.000,0.100,0.100,0.100,1,25.7,101.7,763,804,1,0,1,0,16,16,115,0
7.60,climb_cruise,441.5,441.5,34965.0,312,2.15,-25.71,348.44,4.24,15.0,125.0,0,0,1.43,-3.03,-1.46,-0.250,0.474,0.034,1.000,0.100,0.100,0.100,1,25.7,101.7,763,804,1,0,1,0,16,16,115,0
7.62,climb_cruise,441.5,441.5,34965.1,321,2.16,-25.77,348.40,4.25,15.0,125.0,0,0,1.42,-3.04,-1.47,-0.249,0.474,0.034,1.000,0.100,0.100,0.100,1,25.6,101.7,763,804,1,0,1,0,16,16,115,0
7.64,climb_cruise,441.5,441.5,34965.2,329,2.17,-25.83,348.36,4.25,15.0,125.0,0,0,1.42,-3.04,-1.47,-0.248,0.474,0.034,1.000,0.100,0.100,0.100,1,25.6,101.7,763,804,1,0,1,0,16,16,115,0
7.66,climb_cruise,441.4,441.4,34965.3,338,2.19,-25.90,348.32,4.26,15.0,125.0,0,0,1.42,-3.04,-1.47,-0.247,0.474,0.034,1.000,0.100,0.100,0.100,1,25.5,101.7,763,804,1,0,1,0,16,16,114,0
7.68,climb_cruise,441.4,441.4,34965.4,347,2.20,-25.96,348.28,4.27,15.0,125.0,0,0,1.42,-3.05,-1.48,-0.246,0.474,0.034,1.000,0.100,0.100,0.100,1,25.5,101.7,763,804,1,0,1,0,16,16,116,0
7.70,climb_cruise,441.4,441.4,34965.5,356,2.21,-26.02,348.24,4.28,15.0,125.0,0,0,1.42,-3.05,-1.48,-0.245,0.474,0.034,1.000,0.100,0.100,0.100,1,25.4,101.8,763,804,1,0,1,0,16,16,114,0
7.72,climb_cruise,441.3,441.3,34965.6,365,2.22,-26.08,348.20,4.29,15.0,125.0,0,0,1.42,-3.06,-1.48,-0.244,0.474,0.034,1.000,0.100,0.100,0.100,1,25.4,101.8,763,804,1,0,1,0,16,16,115,0
7.74,climb_cruise,441.3,441.3,34965.7,373,2.24,-26.15,348.17,4.30,15.0,125.0,0,0,1.42,-3.06,-1.49,-0.243,0.474,0.034,1.000,0.100,0.100,0.100,1,25.3,101.8,763,804,1,0,1,0,16,16,115,0
7.76,climb_cruise,441.3,441.3,34965.9,382,2.25,-26.21,348.13,4.31,15.0,125.0,0,0,1.41,-3.06,-1.49,-0.242,0.474,0.034,1.000,0.100,0.100,0.100,1,25.3,101.8,763,804,1,0,1,0,16,16,115,0
7.78,climb_cruise,441.2,441.2,34966.0,391,2.26,-26.27,348.09,4.32,15.0,125.0,0,0,1.41,-3.07,-1.49,-0.241,0.474,0.035,1.000,0.100,0.100,0.100,1,25.2,101.8,763,804,1,0,1,0,16,16,114,0
7.80,climb_cruise,441.2,441.2,34966.1,400,2.27,-26.33,348.05,4.33,15.0,125.0,0,0,1.41,-3.07,-1.50,-0.240,0.474,0.035,1.000,0.100,0.100,0.100,1,25.2,101.8,763,804,1,0,1,0,16,16,114,0
7.82,climb_cruise,441.2,441.2,34966.3,409,2.28,-26.40,348.01,4.33,15.0,125.0,0,0,1.41,-3.07,-1.50,-0.239,0.474,0.035,1.000,0.100,0.100,0.100,1,25.1,101.8,763,804,1,0,1,0,16,16,115,0
7.84,climb_cruise,441.1,441.1,34966.4,418,2.30,-26.46,347.97,4.34,15.0,125.0,0,0,1.41,-3.08,-1.50,-0.238,0.474,0.035,1.000,0.100,0.100,0.100,1,25.1,101.8,763,804,1,0,1,0,16,16,116,0
7.86,climb_cruise,441.1,441.1,34966.5,427,2.31,-26.52,347.93,4.35,15.0,125.0,0,0,1.41,-3.08,-1.50,-0.237,0.474,0.035,1.000,0.100,0.100,0.100,1,25.0,101.8,763,804,1,0,1,0,16,16,116,0
7.88,climb_cruise,441.1,441.1,34966.7,436,2.32,-26.59,347.89,4.36,15.0,125.0,0,0,1.40,-3.08,-1.51,-0.236,0.474,0.035,1.000,0.100,0.100,0.100,1,25.0,101.8,763,804,1,0,1,0,16,16,115,0
7.90,climb_cruise,441.0,441.0,34966.8,445,2.33,-26.65,347.85,4.37,15.0,125.0,0,0,1.40,-3.09,-1.51,-0.235,0.474,0.035,1.000,0.100,0.100,0.100,1,24.9,101.8,763,804,1,0,1,0,16,16,116,0
7.92,climb_cruise,441.0,441.0,34967.0,454,2.34,-26.71,347.81,4.37,15.0,125.0,0,0,1.40,-3.09,-1.51,-0.234,0.474,0.035,1.000,0.100,0.100,0.100,1,24.9,101.8,763,804,1,0,1,0,16,16,114,0
7.94,climb_cruise,441.0,441.0,34967.1,462,2.35,-26.78,347.77,4.38,15.0,125.0,0,0,1.40,-3.09,-1.52,-0.232,0.474,0.035,1.000,0.100,0.100,0.100,1,24.8,101.8,763,804,1,0,1,0,16,16,115,0
7.96,climb_cruise,440.9,440.9,34967.3,471,2.37,-26.84,347.73,4.39,15.0,125.0,0,0,1.39,-3.10,-1.52,-0.231,0.474,0.035,1.000,0.100,0.100,0.100,1,24.8,101.8,763,804,1,0,1,0,16,16,116,0
7.98,climb_cruise,440.9,440.9,34967.4,480,2.38,-26.90,347.69,4.40,15.0,125.0,0,0,1.39,-3.10,-1.52,-0.230,0.474,0.035,1.000,0.100,0.100,0.100,1,24.7,101.8,763,804,1,0,1,0,16,16,114,0
8.00,climb_cruise,440.9,440.9,34967.6,489,2.39,-26.97,347.65,4.40,15.0,125.0,0,0,1.39,-3.11,-1.53,-0.229,0.474,0.035,1.000,0.100,0.100,0.100,1,24.7,101.8,763,804,1,0,1,0,16,16,115,0
8.02,climb_cruise,440.8,440.8,34967.8,498,2.40,-27.03,347.61,4.41,15.0,125.0,0,0,1.39,-3.11,-1.53,-0.228,0.474,0.035,1.000,0.100,0.100,0.100,1,24.6,101.8,763,804,1,0,1,0,16,16,115,0
8.04,climb_cruise,440.8,440.8,34967.9,507,2.41,-27.10,347.57,4.42,15.0,125.0,0,0,1.38,-3.11,-1.53,-0.226,0.474,0.035,1.000,0.100,0.100,0.100,1,24.6,101.8,763,804,1,0,1,0,16,16,116,0
8.06,climb_cruise,440.8,440.8,34968.1,516,2.42,-27.16,347.53,4.43,15.0,125.0,0,0,1.38,-3.12,-1.54,-0.225,0.474,0.035,1.000,0.100,0.100,0.100,1,24.5,101.8,763,804,1,0,1,0,16,16,116,0
8.08,climb_cruise,440.7,440.7,34968.3,525,2.43,-27.22,347.49,4.43,15.0,125.0,0,0,1.38,-3.12,-1.54,-0.224,0.474,0.035,1.000,0.100,0.100,0.100,1,24.5,101.8,763,804,1,0,1,0,16,16,114,0
8.10,climb_cruise,440.7,440.7,34968.5,534,2.44,-27.29,347.45,4.44,15.0,125.0,0,0,1.37,-3.12,-1.54,-0.223,0.474,0.036,1.000,0.100,0.100,0.100,1,24.4,101.8,763,804,1,0,1,0,16,16,116,0
8.12,climb_cruise,440.7,440.7,34968.6,543,2.45,-27.35,347.41,4.45,15.0,125.0,0,0,1.37,-3.13,-1.55,-0.221,0.474,0.036,1.000,0.100,0.100,0.100,1,24.4,101.8,763,804,1,0,1,0,16,16,115,0
8.14,climb_cruise,440.6,440.6,34968.8,552,2.46,-27.42,347.37,4.45,15.0,125.0,0,0,1.37,-3.13,-1.55,-0.220,0.474,0.036,1.000,0.100,0.100,0.100,1,24.3,101.8,763,804,1,0,1,0,16,16,115,0
8.16,climb_cruise,440.6,440.6,34969.0,561,2.47,-27.48,347.33,4.46,15.0,125.0,0,0,1.36,-3.13,-1.55,-0.219,0.474,0.036,1.000,0.100,0.100,0.100,1,24.3,101.8,763,804,1,0,1,0,16,16,115,0
8.18,climb_cruise,440.6,440.6,34969.2,570,2.48,-27.55,347.29,4.46,15.0,125.0,0,0,1.36,-3.14,-1.55,-0.217,0.474,0.036,1.000,0.100,0.100,0.100,1,24.2,101.8,763,804,1,0,1,0,16,16,115,0
8.20,climb_cruise,440.5,440.5,34969.4,579,2.49,-27.61,347.25,4.47,15.0,125.0,0,0,1.36,-3.14,-1.56,-0.216,0.474,0.036,1.000,0.100,0.100,0.100,1,24.2,101.8,763,804,1,0,1,0,16,16,115,0
8.22,climb_cruise,440.5,440.5,34969.6,588,2.50,-27.67,347.21,4.48,15.0,125.0,0,0,1.35,-3.14,-1.56,-0.215,0.474,0.036,1.000,0.100,0.100,0.100,1,24.1,101.8,763,804,1,0,1,0,16,16,114,0
8.24,climb_cruise,440.5,440.5,34969.8,597,2.51,-27.74,347.17,4.48,15.0,125.0,0,0,1.35,-3.15,-1.56,-0.213,0.474,0.036,1.000,0.100,0.100,0.100,1,24.1,101.8,763,804,1,0,1,0,16,16,114,0
8.26,climb_cruise,440.4,440.4,34970.0,606,2.52,-27.80,347.13,4.49,15.0,125.0,0,0,1.35,-3.15,-1.57,-0.212,0.474,0.036,1.000,0.100,0.100,0.100,1,24.0,101.8,763,804,1,0,1,0,16,16,115,0
8.28,climb_cruise,440.4,440.4,34970.2,615,2.53,-27.87,347.09,4.49,15.0,125.0,0,0,1.34,-3.15,-1.57,-0.210,0.474,0.036,1.000,0.100,0.100,0.100,1,24.0,101.8,763,804,1,0,1,0,16,16,115,0
8.30,climb_cruise,440.4,440.4,34970.4,624,2.54,-27.93,347.05,4.50,15.0,125.0,0,0,1.34,-3.16,-1.57,-0.209,0.474,0.036,1.000,0.100,0.100,0.100,1,23.9,101.8,763,804,1,0,1,0,16,16,115,0
8.32,climb_cruise,440.3,440.3,34970.6,632,2.55,-28.00,347.01,4.50,15.0,125.0,0,0,1.34,-3.16,-1.58,-0.207,0.474,0.036,1.000,0.100,0.100,0.100,1,23.9,101.8,763,804,1,0,1,0,16,16,114,0
8.34,climb_cruise,440.3,440.3,34970.8,641,2.55,-28.06,346.97,4.51,15.0,125.0,0,0,1.33,-3.16,-1.58,-0.206,0.474,0.036,1.000,0.100,0.100,0.100,1,23.8,101.8,763,804,1,0,1,0,16,16,116,0
8.36,climb_cruise,440.3,440.3,34971.0,650,2.56,-28.13,346.93,4.52,15.0,125.0,0,0,1.33,-3.17,-1.58,-0.204,0.474,0.036,1.000,0.100,0.100,0.100,1,23.8,101.8,763,804,1,0,1,0,16,16,115,0
8.38,climb_cruise,440.2,440.2,34971.2,659,2.57,-28.19,346.89,4.52,15.0,125.0,0,0,1.32,-3.17,-1.59,-0.203,0.474,0.036,1.000,0.100,0.100,0.100,1,23.7,101.8,763,804,1,0,1,0,16,16,116,0
8.40,climb_cruise,440.2,440.2,34971.5,668,2.58,-28.26,346.85,4.52,15.0,125.0,0,0,1.32,-3.17,-1.59,-0.201,0.474,0.036,1.000,0.100,0.100,0.100,1,23.7,101.8,763,804,1,0,1,0,16,16,116,0
8.42,climb_cruise,440.1,440.1,34971.7,677,2.59,-28.32,346.81,4.53,15.0,125.0,0,0,1.32,-3.18,-1.59,-0.200,0.474,0.037,1.000,0.100,0.100,0.100,1,23.6,101.8,763,804,1,0,1,0,16,16,116,0
8.44,climb_cruise,440.1,440.1,34971.9,686,2.60,-28.39,346.77,4.53,15.0,125.0,0,0,1.31,-3.18,-1.59,-0.198,0.474,0.037,1.000,0.100,0.100,0.100,1,23.6,101.8,763,804,1,0,1,0,16,16,116,0
8.46,climb_cruise,440.1,440.1,34972.1,694,2.60,-28.45,346.73,4.54,15.0,125.0,0,0,1.31,-3.18,-1.60,-0.197,0.474,0.037,1.000,0.100,0.100,0.100,1,23.6,101.8,763,804,1,0,1,0,16,16,115,0
8.48,climb_cruise,440.0,440.0,34972.4,703,2.61,-28.52,346.68,4.54,15.0,125.0,0,0,1.30,-3.19,-1.60,-0.195,0.474,0.037,1.000,0.100,0.100,0.100,1,23.5,101.8,763,804,1,0,1,0,16,16,116,0
8.50,climb_cruise,440.0,440.0,34972.6,712,2.62,-28.59,346.64,4.55,15.0,125.0,0,0,1.30,-3.19,-1.60,-0.193,0.474,0.037,1.000,0.100,0.100,0.100,1,23.5,101.8,763,804,1,0,1,0,16,16,115,0
8.52,climb_cruise,440.0,440.0,34972.8,721,2.63,-28.65,346.60,4.55,15.0,125.0,0,0,1.29,-3.19,-1.61,-0.192,0.474,0.037,1.000,0.100,0.100,0.100,1,23.4,101.9,763,804,1,0,1,0,16,16,114,0
8.54,climb_cruise,439.9,439.9,34973.1,730,2.63,-28.72,346.56,4.55,15.0,125.0,0,0,1.29,-3.19,-1.61,-0.190,0.474,0.037,1.000,0.100,0.100,0.100,1,23.4,101.9,763,804,1,0,1,0,16,16,115,0
8.56,climb_cruise,439.9,439.9,34973.3,738,2.64,-28.78,346.52,4.56,15.0,125.0,0,0,1.28,-3.20,-1.61,-0.189,0.474,0.037,1.000,0.100,0.100,0.100,1,23.3,101.9,763,804,1,0,1,0,16,16,115,0
8.58,climb_cruise,439.9,439.9,34973.6,747,2.65,-28.85,346.48,4.56,15.0,125.0,0,0,1.28,-3.20,-1.62,-0.187,0.474,0.037,1.000,0.100,0.100,0.100,1,23.3,101.9,763,804,1,0,1,0,16,16,115,0
8.60,climb_cruise,439.8,439.8,34973.8,756,2.65,-28.91,346.44,4.57,15.0,125.0,0,0,1.28,-3.20,-1.62,-0.185,0.474,0.037,1.000,0.100,0.100,0.100,1,23.2,101.9,763,804,1,0,1,0,16,16,116,0
8.62,climb_cruise,439.8,439.8,34974.1,764,2.66,-28.98,346.40,4.57,15.0,125.0,0,0,1.27,-3.21,-1.62,-0.184,0.474,0.037,1.000,0.100,0.100,0.100,1,23.2,101.9,763,804,1,0,1,0,16,16,114,0
8.64,climb_cruise,439.7,439.7,34974.3,773,2.67,-29.05,346.36,4.57,15.0,125.0,0,0,1.27,-3.21,-1.62,-0.182,0.474,0.037,1.000,0.100,0.100,0.100,1,23.1,101.9,763,804,1,0,1,0,16,16,116,0
8.66,climb_cruise,439.7,439.7,34974.6,782,2.67,-29.11,346.32,4.57,15.0,125.0,0,0,1.26,-3.21,-1.63,-0.180,0.474,0.037,1.000,0.100,0.100,0.100,1,23.1,101.9,763,804,1,0,1,0,16,16,115,0
8.68,climb_cruise,439.7,439.7,34974.9,790,2.68,-29.18,346.28,4.58,15.0,125.0,0,0,1.25,-3.22,-1.63,-0.178,0.474,0.037,1.000,0.100,0.100,0.100,1,23.0,101.9,763,804,1,0,1,0,16,16,116,0
8.70,climb_cruise,439.6,439.6,34975.1,799,2.69,-29.25,346.24,4.58,15.0,125.0,0,0,1.25,-3.22,-1.63,-0.177,0.474,0.037,1.000,0.100,0.100,0.100,1,23.0,101.9,763,804,1,0,1,0,16,16,116,0
8.72,climb_cruise,439.6,439.6,34975.4,807,2.69,-29.31,346.20,4.58,15.0,125.0,0,0,1.24,-3.22,-1.64,-0.175,0.474,0.038,1.000,0.100,0.100,0.100,1,22.9,101.9,763,804,1,0,1,0,16,16,115,0
8.74,climb_cruise,439.6,439.6,34975.7,816,2.70,-29.38,346.16,4.59,15.0,125.0,0,0,1.24,-3.22,-1.64,-0.173,0.474,0.038,1.000,0.100,0.100,0.100,1,22.9,101.9,763,804,1,0,1,0,16,16,115,0
8.76,climb_cruise,439.5,439.5,34975.9,824,2.70,-29.44,346.11,4.59,15.0,125.0,0,0,1.23,-3.23,-1.64,-0.171,0.474,0.038,1.000,0.100,0.100,0.100,1,22.9,101.9,763,804,1,0,1,0,16,16,115,0
8.78,climb_cruise,439.5,439.5,34976.2,833,2.71,-29.51,346.07,4.59,15.0,125.0,0,0,1.23,-3.23,-1.65,-0.169,0.474,0.038,1.000,0.100,0.100,0.100,1,22.8,101.9,763,804,1,0,1,0,16,16,115,0
8.80,climb_cruise,439.4,439.4,34976.5,841,2.71,-29.58,346.03,4.59,15.0,125.0,0,0,1.22,-3.23,-1.65,-0.168,0.474,0.038,1.000,0.100,0.100,0.100,1,22.8,101.9,763,804,1,0,1,0,16,16,116,0
8.82,climb_cruise,439.4,439.4,34976.8,850,2.72,-29.64,345.99,4.59,15.0,125.0,0,0,1.22,-3.24,-1.65,-0.166,0.474,0.038,1.000,0.100,0.100,0.100,1,22.7,101.9,763,804,1,0,1,0,16,16,115,0
8.84,climb_cruise,439.4,439.4,34977.0,858,2.72,-29.71,345.95,4.60,15.0,125.0,0,0,1.21,-3.24,-1.65,-0.164,0.474,0.038,1.000,0.100,0.100,0.100,1,22.7,101.9,763,804,1,0,1,0,16,16,115,0
8.86,climb_cruise,439.3,439.3,34977.3,866,2.73,-29.78,345.91,4.60,15.0,125.0,0,0,1.21,-3.24,-1.66,-0.162,0.474,0.038,1.000,0.100,0.100,0.100,1,22.6,101.9,763,804,1,0,1,0,16,16,115,0
8.88,climb_cruise,439.3,439.3,34977.6,875,2.73,-29.84,345.87,4.60,15.0,125.0,0,0,1.20,-3.25,-1.66,-0.160,0.474,0.038,1.000,0.100,0.100,0.100,1,22.6,101.9,763,804,1,0,1,0,16,16,115,0
8.90,climb_cruise,439.3,439.3,34977.9,883,2.74,-29.91,345.83,4.60,15.0,125.0,0,0,1.19,-3.25,-1.66,-0.158,0.474,0.038,1.000,0.100,0.100,0.100,1,22.5,101.9,763,804,1,0,1,0,16,16,115,0
8.92,climb_cruise,439.2,439.2,34978.2,891,2.74,-29.98,345.79,4.60,15.0,125.0,0,0,1.19,-3.25,-1.67,-0.156,0.474,0.038,1.000,0.100,0.100,0.100,1,22.5,101.9,763,804,1,0,1,0,16,16,115,0
8.94,climb_cruise,439.2,439.2,34978.5,900,2.74,-30.05,345.75,4.60,15.0,125.0,0,0,1.18,-3.25,-1.67,-0.154,0.474,0.038,1.000,0.100,0.100,0.100,1,22.4,101.9,763,804,1,0,1,0,16,16,116,0
8.96,climb_cruise,439.1,439.1,34978.8,908,2.75,-30.11,345.71,4.60,15.0,125.0,0,0,1.18,-3.26,-1.67,-0.152,0.474,0.038,1.000,0.100,0.100,0.100,1,22.4,101.9,763,804,1,0,1,0,16,16,116,0
8.98,climb_cruise,439.1,439.1,34979.1,916,2.75,-30.18,345.67,4.60,15.0,125.0,0,0,1.17,-3.26,-1.67,-0.150,0.474,0.038,1.000,0.100,0.100,0.100,1,22.4,101.9,763,804,1,0,1,0,16,16,114,0
9.00,climb_cruise,439.1,439.1,34979.4,924,2.75,-30.25,345.63,4.60,15.0,125.0,0,0,1.16,-3.26,-1.68,-0.149,0.474,0.038,1.000,0.100,0.100,0.100,1,22.3,101.9,763,804,1,0,1,0,16,16,115,0
9.02,climb_cruise,439.0,439.0,34979.7,932,2.76,-30.31,345.58,4.60,15.0,125.0,0,0,1.16,-3.27,-1.68,-0.147,0.474,0.038,1.000,0.100,0.100,0.100,1,22.3,101.9,763,804,1,0,1,0,16,16,115,0
9.04,climb_cruise,439.0,439.0,34980.0,940,2.76,-30.38,345.54,4.60,15.0,125.0,0,0,1.15,-3.27,-1.68,-0.145,0.474,0.039,1.000,0.100,0.100,0.100,1,22.2,101.9,763,804,1,0,1,0,16,16,114,0
9.06,climb_cruise,439.0,439.0,34980.4,948,2.76,-30.45,345.50,4.61,15.0,125.0,0,0,1.14,-3.27,-1.69,-0.143,0.474,0.039,1.000,0.100,0.100,0.100,1,22.2,101.9,763,804,1,0,1,0,16,16,115,0
9.08,climb_cruise,438.9,438.9,34980.7,956,2.77,-30.52,345.46,4.61,15.0,125.0,0,0,1.14,-3.27,-1.69,-0.141,0.474,0.039,1.000,0.100,0.100,0.100,1,22.1,101.9,763,804,1,0,1,0,16,16,115,0
9.10,climb_cruise,438.9,438.9,34981.0,964,2.77,-30.58,345.42,4.60,15.0,125.0,0,0,1.13,-3.28,-1.69,-0.138,0.474,0.039,1.000,0.100,0.100,0.100,1,22.1,101.9,763,804,1,0,1,0,16,16,116,0
9.12,climb_cruise,438.8,438.8,34981.3,972,2.77,-30.65,345.38,4.60,15.0,125.0,0,0,1.13,-3.28,-1.69,-0.136,0.474,0.039,1.000,0.100,0.100,0.100,1,22.0,101.9,763,804,1,0,1,0,16,16,114,0
9.14,climb_cruise,438.8,438.8,34981.6,980,2.77,-30.72,345.34,4.60,15.0,125.0,0,0,1.12,-3.28,-1.70,-0.134,0.474,0.039,1.000,0.100,0.100,0.100,1,22.0,101.9,763,804,1,0,1,0,16,16,116,0
9.16,climb_cruise,438.8,438.8,34982.0,987,2.77,-30.79,345.30,4.60,15.0,125.0,0,0,1.11,-3.28,-1.70,-0.132,0.474,0.039,1.000,0.100,0.100,0.100,1,22.0,101.9,763,804,1,0,1,0,16,16,115,0
9.18,climb_cruise,438.7,438.7,34982.3,995,2.78,-30.85,345.26,4.60,15.0,125.0,0,0,1.11,-3.29,-1.70,-0.130,0.474,0.039,1.000,0.100,0.100,0.100,1,21.9,101.9,763,804,1,0,1,0,16,16,115,0
9.20,climb_cruise,438.7,438.7,34982.6,1003,2.78,-30.92,345.22,4.60,15.0,125.0,0,0,1.10,-3.29,-1.71,-0.128,0.474,0.039,1.000,0.100,0.100,0.100,1,21.9,101.9,763,804,1,0,1,0,16,16,116,0
9.22,climb_cruise,438.6,438.6,34983.0,1010,2.78,-30.99,345.18,4.60,15.0,125.0,0,0,1.09,-3.29,-1.71,-0.126,0.474,0.039,1.000,0.100,0.100,0.100,1,21.8,101.9,763,804,1,0,1,0,16,16,114,0
9.24,climb_cruise,438.6,438.6,34983.3,1018,2.78,-31.06,345.14,4.60,15.0,125.0,0,0,1.08,-3.29,-1.71,-0.124,0.474,0.039,1.000,0.100,0.100,0.100,1,21.8,101.9,763,804,1,0,1,0,16,16,115,0
9.26,climb_cruise,438.6,438.6,34983.6,1025,2.78,-31.12,345.10,4.60,15.0,125.0,0,0,1.08,-3.30,-1.71,-0.122,0.474,0.039,1.000,0.100,0.100,0.100,1,21.7,101.9,763,804,1,0,1,0,16,16,114,0
9.28,climb_cruise,438.5,438.5,34984.0,1033,2.78,-31.19,345.06,4.60,15.0,125.0,0,0,1.07,-3.30,-1.72,-0.120,0.474,0.039,1.000,0.100,0.100,0.100,1,21.7,101.9,763,804,1,0,1,0,16,16,115,0
9.30,climb_cruise,438.5,438.5,34984.3,1040,2.78,-31.26,345.02,4.60,15.0,125.0,0,0,1.06,-3.30,-1.72,-0.117,0.474,0.039,1.000,0.100,0.100,0.100,1,21.7,101.9,763,804,1,0,1,0,16,16,115,0
9.32,climb_cruise,438.5,438.5,34984.7,1048,2.78,-31.33,344.98,4.59,15.0,125.0,0,0,1.06,-3.30,-1.72,-0.115,0.474,0.039,1.000,0.100,0.100,0.100,1,21.6,101.9,763,804,1,0,1,0,16,16,115,0
9.34,climb_cruise,438.4,438.4,34985.0,1055,2.78,-31.40,344.93,4.59,15.0,125.0,0,0,1.05,-3.31,-1.73,-0.113,0.474,0.039,1.000,0.100,0.100,0.100,1,21.6,101.9,763,804,1,0,1,0,16,16,115,0
9.36,climb_cruise,438.4,438.4,34985.4,1062,2.78,-31.47,344.89,4.59,15.0,125.0,0,0,1.04,-3.31,-1.73,-0.111,0.474,0.040,1.000,0.100,0.100,0.100,1,21.5,101.9,763,804,1,0,1,0,16,16,115,0
9.38,climb_cruise,438.3,438.3,34985.7,1070,2.78,-31.53,344.85,4.59,15.0,125.0,0,0,1.03,-3.31,-1.73,-0.109,0.474,0.040,1.000,0.100,0.100,0.100,1,21.5,101.9,763,804,1,0,1,0,16,16,115,0
9.40,climb_cruise,438.3,438.3,34986.1,1077,2.78,-31.60,344.81,4.58,15.0,125.0,0,0,1.03,-3.31,-1.73,-0.107,0.474,0.040,1.000,0.100,0.100,0.100,1,21.4,101.9,763,804,1,0,1,0,16,16,114,0
9.42,climb_cruise,438.3,438.3,34986.5,1084,2.78,-31.67,344.77,4.58,15.0,125.0,0,0,1.02,-3.32,-1.74,-0.104,0.474,0.040,1.000,0.100,0.100,0.100,1,21.4,101.9,763,804,1,0,1,0,16,16,116,0
9.44,climb_cruise,438.2,438.2,34986.8,1091,2.78,-31.74,344.73,4.58,15.0,125.0,0,0,1.01,-3.32,-1.74,-0.102,0.474,0.040,1.000,0.100,0.100,0.100,1,21.4,101.9,763,804,1,0,1,0,16,16,114,0
9.46,climb_cruise,438.2,438.2,34987.2,1098,2.78,-31.81,344.69,4.58,15.0,125.0,0,0,1.00,-3.32,-1.74,-0.100,0.474,0.040,1.000,0.100,0.100,0.100,1,21.3,101.9,763,804,1,0,1,0,16,16,115,0
9.48,climb_cruise,438.1,438.1,34987.6,1105,2.78,-31.87,344.65,4.57,15.0,125.0,0,0,1.00,-3.32,-1.74,-0.098,0.474,0.040,1.000,0.100,0.100,0.100,1,21.3,101.9,763,804,1,0,1,0,16,16,114,0
9.50,climb_cruise,438.1,438.1,34987.9,1112,2.77,-31.94,344.61,4.57,15.0,125.0,0,0,0.99,-3.33,-1.75,-0.095,0.474,0.040,1.000,0.100,0.100,0.100,1,21.2,101.9,763,804,1,0,1,0,16,16,115,0
9.52,climb_cruise,438.1,438.1,34988.3,1119,2.77,-32.01,344.57,4.57,15.0,125.0,0,0,0.98,-3.33,-1.75,-0.093,0.474,0.040,1.000,0.100,0.100,0.100,1,21.2,101.9,763,804,1,0,1,0,16,16,114,0
9.54,climb_cruise,438.0,438.0,34988.7,1125,2.77,-32.08,344.53,4.56,15.0,125.0,0,0,0.97,-3.33,-1.75,-0.091,0.474,0.040,1.000,0.100,0.100,0.100,1,21.1,101.9,763,804,1,0,1,0,16,16,116,0
9.56,climb_cruise,438.0,438.0,34989.0,1132,2.77,-32.15,344.49,4.56,15.0,125.0,0,0,0.97,-3.33,-1.76,-0.089,0.474,0.040,1.000,0.100,0.100,0.100,1,21.1,101.9,763,804,1,0,1,0,16,16,114,0
9.58,climb_cruise,437.9,437.9,34989.4,1139,2.77,-32.22,344.45,4.56,15.0,125.0,0,0,0.96,-3.34,-1.76,-0.086,0.474,0.040,1.000,0.100,0.100,0.100,1,21.1,101.9,763,804,1,0,1,0,16,16,115,0
9.60,climb_cruise,437.9,437.9,34989.8,1145,2.76,-32.29,344.41,4.55,15.0,125.0,0,0,0.95,-3.34,-1.76,-0.084,0.474,0.040,1.000,0.100,0.100,0.100,1,21.0,101.9,763,804,1,0,1,0,16,16,115,0
9.62,climb_cruise,437.9,437.9,34990.2,1152,2.76,-32.35,344.37,4.55,15.0,125.0,0,0,0.94,-3.34,-1.76,-0.082,0.474,0.040,1.000,0.100,0.100,0.100,1,21.0,101.9,763,804,1,0,1,0,16,16,115,0
9.64,climb_cruise,437.8,437.8,34990.6,1158,2.76,-32.42,344.33,4.54,15.0,125.0,0,0,0.93,-3.34,-1.77,-0.079,0.474,0.040,1.000,0.100,0.100,0.100,1,20.9,101.9,763,804,1,0,1,0,16,16,116,0
9.66,climb_cruise,437.8,437.8,34991.0,1165,2.75,-32.49,344.29,4.54,15.0,125.0,0,0,0.93,-3.34,-1.77,-0.077,0.474,0.041,1.000,0.100,0.100,0.100,1,20.9,101.9,763,804,1,0,1,0,16,16,116,0
9.68,climb_cruise,437.7,437.7,34991.3,1171,2.75,-32.56,344.25,4.54,15.0,125.0,0,0,0.92,-3.35,-1.77,-0.075,0.474,0.041,1.000,0.100,0.100,0.100,1,20.8,101.9,763,804,1,0,1,0,16,16,115,0
9.70,climb_cruise,437.7,437.7,34991.7,1177,2.75,-32.63,344.21,4.53,15.0,125.0,0,0,0.91,-3.35,-1.77,-0.072,0.474,0.041,1.000,0.100,0.100,0.100,1,20.8,101.9,763,804,1,0,1,0,16,16,116,0
9.72,climb_cruise,437.7,437.7,34992.1,1184,2.74,-32.70,344.17,4.53,15.0,125.0,0,0,0.90,-3.35,-1.78,-0.070,0.474,0.041,1.000,0.100,0.100,0.100,1,20.8,101.9,763,804,1,0,1,0,16,16,115,0
9.74,climb_cruise,437.6,437.6,34992.5,1190,2.74,-32.81,344.13,4.52,15.0,125.0,0,0,0.61,-8.26,-1.92,-0.027,0.189,0.016,1.000,0.100,0.100,0.100,1,20.7,101.9,763,804,1,0,1,0,16,32,114,0
9.76,climb_cruise,437.6,437.6,34992.9,1196,2.72,-33.01,344.09,4.52,15.0,125.0,0,0,0.30,-11.12,-2.08,-0.016,0.130,0.010,1.000,0.100,0.100,0.100,1,20.7,101.9,763,804,1,0,1,0,16,48,114,0
9.78,climb_cruise,437.5,437.5,34993.3,1202,2.70,-33.25,344.06,4.51,15.0,125.0,0,0,0.05,-12.42,-2.23,-0.013,0.117,0.009,1.000,0.100,0.100,0.100,1,20.6,101.9,763,804,1,0,1,0,16,64,114,0
9.80,climb_cruise,437.5,437.5,34993.7,1208,2.68,-33.50,344.02,4.51,15.0,125.0,0,0,-0.15,-12.99,-2.36,-0.012,0.115,0.009,1.000,0.100,0.100,0.100,1,20.6,101.9,763,804,1,0,1,0,16,80,116,0
9.82,climb_cruise,437.5,437.5,34994.1,1213,2.65,-33.76,343.98,4.50,15.0,125.0,0,0,-0.29,-13.24,-2.48,-0.012,0.114,0.009,1.000,0.100,0.100,0.100,1,20.6,101.9,763,804,1,0,1,0,16,96,116,0
9.84,climb_cruise,437.4,437.4,34994.5,1218,2.61,-34.03,343.94,4.48,15.0,125.0,0,0,-0.38,-13.37,-2.59,-0.011,0.114,0.009,1.000,0.100,0.100,0.100,1,20.5,101.9,763,804,1,0,1,0,16,112,116,0
9.86,climb_cruise,437.4,437.4,34994.9,1224,2.58,-34.30,343.90,4.47,15.0,125.0,0,0,-0.43,-13.45,-2.67,-0.011,0.114,0.009,1.000,0.100,0.100,0.100,1,20.5,101.9,763,804,1,0,1,0,16,128,114,0
9.88,climb_cruise,437.3,437.3,34995.4,1228,2.54,-34.57,343.86,4.45,15.0,125.0,0,0,-0.43,-13.51,-2.75,-0.011,0.114,0.009,1.000,0.100,0.100,0.100,1,20.4,101.9,763,804,1,0,1,0,16,144,115,0
9.90,climb_cruise,437.3,437.3,34995.8,1233,2.50,-34.85,343.82,4.44,15.0,125.0,0,0,-0.41,-13.56,-2.81,-0.010,0.114,0.009,1.000,0.100,0.100,0.100,1,20.4,101.9,763,804,1,0,1,0,16,160,116,0
9.92,climb_cruise,437.3,437.3,34996.2,1238,2.46,-35.12,343.78,4.43,15.0,125.0,0,0,-0.36,-13.60,-2.86,-0.010,0.114,0.009,1.000,0.100,0.100,0.100,1,20.4,101.9,763,804,1,0,1,0,16,176,115,0
9.94,climb_cruise,437.2,437.2,34996.6,1242,2.42,-35.39,343.74,4.41,15.0,125.0,0,0,-0.29,-13.64,-2.90,-0.010,0.114,0.009,1.000,0.100,0.100,0.100,1,20.3,101.9,763,804,1,0,1,0,16,192,114,0
9.96,climb_cruise,437.2,437.2,34997.0,1246,2.39,-35.67,343.69,4.40,15.0,125.0,0,0,-0.21,-13.67,-2.92,-0.009,0.114,0.009,1.000,0.100,0.100,0.100,1,20.3,101.9,763,804,1,0,1,0,16,208,114,0
9.98,climb_cruise,437.2,437.2,34997.4,1249,2.35,-35.94,343.65,4.39,15.0,125.0,0,0,-0.12,-13.70,-2.94,-0.009,0.114,0.009,1.000,0.100,0.100,0.100,1,20.2,101.9,763,804,1,0,1,0,16,224,116,0
10.00,climb_cruise,437.1,437.1,34997.8,1253,2.31,-36.22,343.60,4.38,15.0,125.0,0,0,-0.03,-13.73,-2.95,-0.009,0.114,0.009,1.000,0.100,0.100,0.100,1,20.2,101.9,763,804,1,0,1,0,16,240,115,0
10.02,climb_cruise,437.1,437.1,34998.3,1256,2.28,-36.50,343.55,4.38,15.0,125.0,0,0,0.05,-13.75,-2.96,-0.008,0.114,0.009,1.000,0.100,0.100,0.100,1,20.1,101.9,763,804,1,0,1,0,16,256,115,0
10.04,climb_cruise,437.0,437.0,34998.7,1259,2.24,-36.77,343.51,4.37,15.0,125.0,0,0,0.14,-13.77,-2.96,-0.008,0.114,0.009,1.000,0.100,0.100,0.100,1,20.1,101.9,763,804,1,0,1,0,16,272,114,0
10.06,climb_cruise,437.0,437.0,34999.1,1262,2.21,-37.05,343.46,4.37,15.0,125.0,0,0,0.21,-13.78,-2.95,-0.008,0.114,0.009,1.000,0.100,0.100,0.100,1,20.1,101.9,763,804,1,0,1,0,16,288,115,0
10.08,climb_cruise,437.0,437.0,34999.5,1265,2.18,-37.33,343.41,4.37,15.0,125.0,0,0,0.28,-13.79,-2.94,-0.007,0.114,0.009,1.000,0.100,0.100,0.100,1,20.0,101.9,763,804,1,0,1,0,16,304,115,0
10.10,climb_cruise,436.9,436.9,34999.9,1267,2.15,-37.61,343.36,4.37,15.0,125.0,0,0,0.34,-13.80,-2.93,-0.007,0.114,0.009,1.000,0.100,0.100,0.100,1,20.0,101.9,763,804,1,0,1,0,16,320,116,0
10.12,climb_cruise,436.9,436.9,35000.4,1270,2.12,-37.88,343.31,4.37,15.0,125.0,0,0,0.39,-13.81,-2.92,-0.007,0.114,0.009,1.000,0.100,0.100,0.100,1,19.9,101.9,763,804,1,0,1,0,16,336,116,0
10.14,climb_cruise,436.8,436.8,35000.8,1272,2.09,-38.16,343.25,4.37,15.0,125.0,0,0,0.42,-13.81,-2.91,-0.006,0.114,0.009,1.000,0.100,0.100,0.100,1,19.9,101.9,763,804,1,0,1,0,16,352,115,0
10.16,climb_cruise,436.8,436.8,35001.2,1274,2.06,-38.44,343.20,4.37,15.0,125.0,0,0,0.45,-13.82,-2.90,-0.006,0.114,0.009,1.000,0.100,0.100,0.100,1,19.9,101.9,763,804,1,0,1,0,16,368,115,0
10.18,climb_cruise,436.8,436.8,35001.6,1276,2.03,-38.72,343.15,4.37,15.0,125.0,0,0,0.47,-13.82,-2.88,-0.005,0.114,0.009,1.000,0.100,0.100,0.100,1,19.8,101.9,763,804,1,0,1,0,16,384,114,0
10.20,climb_cruise,436.7,436.7,35002.1,1278,2.00,-39.00,343.10,4.38,15.0,125.0,0,0,0.48,-13.82,-2.87,-0.005,0.114,0.009,1.000,0.100,0.100,0.100,1,19.8,101.9,763,804,1,0,1,0,16,400,116,0
10.22,climb_cruise,436.7,436.7,35002.5,1279,1.97,-39.27,343.05,4.38,15.0,125.0,0,0,0.48,-13.82,-2.86,-0.005,0.114,0.009,1.000,0.100,0.100,0.100,1,19.7,101.9,763,804,1,0,1,0,16,416,115,0
10.24,climb_cruise,436.6,436.6,35002.9,1281,1.94,-39.55,343.00,4.38,15.0,125.0,0,0,0.48,-13.82,-2.85,-0.004,0.114,0.009,1.000,0.100,0.100,0.100,1,19.7,101.9,763,804,1,0,1,0,16,416,115,0
10.26,climb_cruise,436.6,436.6,35003.3,1282,1.91,-39.83,342.95,4.38,15.0,125.0,0,0,0.47,-13.81,-2.84,-0.004,0.114,0.009,1.000,0.100,0.100,0.100,1,19.7,101.9,763,804,1,0,1,0,16,416,115,0
10.28,climb_cruise,436.6,436.6,35003.8,1283,1.89,-40.11,342.90,4.39,15.0,125.0,0,0,0.46,-13.81,-2.83,-0.004,0.114,0.009,1.000,0.100,0.100,0.100,1,19.6,101.9,763,804,1,0,1,0,16,416,115,0
10.30,climb_cruise,436.5,436.5,35004.2,1284,1.86,-40.39,342.85,4.39,15.0,125.0,0,0,0.45,-13.81,-2.83,-0.003,0.114,0.009,1.000,0.100,0.100,0.100,1,19.6,102.0,763,804,1,0,1,0,16,416,115,0
10.32,climb_cruise,436.5,436.5,35004.6,1284,1.83,-40.66,342.80,4.39,15.0,125.0,0,0,0.44,-13.81,-2.83,-0.003,0.114,0.009,1.000,0.100,0.100,0.100,1,19.6,102.0,763,804,1,0,1,0,16,416,114,0
10.34,climb_cruise,436.4,436.4,35005.1,1285,1.80,-40.94,342.76,4.39,15.0,125.0,0,0,0.42,-13.80,-2.83,-0.003,0.114,0.009,1.000,0.100,0.100,0.100,1,19.5,102.0,763,804,1,0,1,0,16,416,114,0
10.36,climb_cruise,436.4,436.4,35005.5,1285,1.76,-41.22,342.71,4.39,15.0,125.0,0,0,0.41,-13.80,-2.83,-0.002,0.114,0.009,1.000,0.100,0.100,0.100,1,19.5,102.0,763,804,1,0,1,0,16,416,115,0
10.38,climb_cruise,436.4,436.4,35005.9,1285,1.73,-41.50,342.66,4.39,15.0,125.0,0,0,0.40,-13.80,-2.83,-0.002,0.114,0.009,1.000,0.100,0.100,0.100,1,19.4,102.0,763,804,1,0,1,0,16,416,115,0
10.40,climb_cruise,436.3,436.3,35006.3,1285,1.70,-41.77,342.61,4.39,15.0,125.0,0,0,0.39,-13.80,-2.83,-0.002,0.114,0.009,1.000,0.100,0.100,0.100,1,19.4,102.0,763,804,1,0,1,0,16,416,114,0
10.42,climb_cruise,436.3,436.3,35006.8,1285,1.67,-42.05,342.56,4.39,15.0,125.0,0,0,0.38,-13.79,-2.84,-0.001,0.114,0.009,1.000,0.100,0.100,0.100,1,19.4,102.0,763,804,1,0,1,0,16,416,115,0
10.44,climb_cruise,436.2,436.2,35007.2,1284,1.64,-42.33,342.52,4.39,15.0,125.0,0,0,0.37,-13.79,-2.84,-0.001,0.114,0.009,1.000,0.100,0.100,0.100,1,19.3,102.0,763,804,1,0,1,0,16,416,115,0
10.46,climb_cruise,436.2,436.2,35007.6,1284,1.60,-42.61,342.47,4.38,15.0,125.0,0,0,0.37,-13.79,-2.85,-0.001,0.114,0.009,1.000,0.100,0.100,0.100,1,19.3,102.0,763,804,1,0,1,0,16,416,116,0
10.48,climb_cruise,436.2,436.2,35008.0,1283,1.57,-42.88,342.42,4.38,15.0,125.0,0,0,0.36,-13.79,-2.86,-0.000,0.114,0.009,1.000,0.100,0.100,0.100,1,19.2,102.0,763,804,1,0,1,0,16,416,115,0
10.50,climb_cruise,436.1,436.1,35008.5,1282,1.54,-43.16,342.38,4.38,15.0,125.0,0,0,0.36,-13.79,-2.87,-0.000,0.114,0.009,1.000,0.100,0.100,0.100,1,19.2,102.0,763,804,1,0,1,0,16,416,116,0
10.52,climb_cruise,436.1,436.1,35008.9,1280,1.50,-43.44,342.33,4.38,15.0,125.0,0,0,0.37,-13.79,-2.88,0.000,0.114,0.009,1.000,0.100,0.100,0.100,1,19.2,102.0,763,804,1,0,1,0,16,416,115,0
10.54,climb_cruise,436.0,436.0,35009.3,1279,1.47,-43.71,342.28,4.38,15.0,125.0,0,0,0.37,-13.79,-2.89,0.000,0.114,0.009,1.000,0.100,0.100,0.100,1,19.1,102.0,763,804,1,0,1,0,16,416,114,0
10.56,climb_cruise,436.0,436.0,35009.8,1277,1.43,-43.99,342.24,4.37,15.0,125.0,0,0,0.37,-13.79,-2.90,0.001,0.114,0.009,1.000,0.100,0.100,0.100,1,19.1,102.0,763,804,1,0,1,0,16,416,116,0
10.58,climb_cruise,436.0,436.0,35010.2,1275,1.40,-44.27,342.19,4.37,15.0,125.0,0,0,0.38,-13.79,-2.91,0.001,0.114,0.009,1.000,0.100,0.100,0.100,1,19.1,102.0,763,804,1,0,1,0,16,416,116,0
10.60,climb_cruise,435.9,435.9,35010.6,1273,1.36,-44.55,342.14,4.37,15.0,125.0,0,0,0.38,-13.80,-2.92,0.001,0.114,0.009,1.000,0.100,0.100,0.100,1,19.0,102.0,763,804,1,0,1,0,16,416,115,0
10.62,climb_cruise,435.9,435.9,35011.0,1271,1.33,-44.82,342.10,4.37,15.0,125.0,0,0,0.39,-13.80,-2.93,0.002,0.114,0.009,1.000,0.100,0.100,0.100,1,19.0,102.0,763,804,1,0,1,0,16,416,115,0
10.64,climb_cruise,435.8,435.8,35011.5,1268,1.29,-45.10,342.05,4.36,15.0,125.0,0,0,0.40,-13.80,-2.94,0.002,0.114,0.009,1.000,0.100,0.100,0.100,1,18.9,102.0,763,804,1,0,1,0,16,416,116,0
10.66,climb_cruise,435.8,435.8,35011.9,1266,1.26,-45.38,342.00,4.36,15.0,125.0,0,0,0.41,-13.80,-2.95,0.002,0.114,0.009,1.000,0.100,0.100,0.100,1,18.9,102.0,763,804,1,0,1,0,16,416,116,0
10.68,climb_cruise,435.8,435.8,35012.3,1263,1.22,-45.65,341.95,4.36,15.0,125.0,0,0,0.42,-13.81,-2.96,0.002,0.114,0.009,1.000,0.100,0.100,0.100,1,18.9,102.0,763,804,1,0,1,0,16,416,116,0
10.70,climb_cruise,435.7,435.7,35012.7,1260,1.18,-45.93,341.91,4.36,15.0,125.0,0,0,0.42,-13.81,-2.97,0.003,0.114,0.009,1.000,0.100,0.100,0.100,1,18.8,102.0,763,804,1,0,1,0,16,416,115,0
10.72,climb_cruise,435.7,435.7,35013.1,1256,1.15,-46.21,341.86,4.36,15.0,125.0,0,0,0.43,-13.81,-2.99,0.003,0.114,0.009,1.000,0.100,0.100,0.100,1,18.8,102.0,763,804,1,0,1,0,16,416,116,0
10.74,climb_cruise,435.6,435.6,35013.6,1253,1.11,-46.49,341.81,4.35,15.0,125.0,0,0,0.44,-13.81,-3.00,0.003,0.114,0.009,1.000,0.100,0.100,0.100,1,18.7,102.0,763,804,1,0,1,0,16,416,115,0
10.76,climb_cruise,435.6,435.6,35014.0,1249,1.07,-46.76,341.76,4.35,15.0,125.0,0,0,0.45,-13.82,-3.01,0.003,0.114,0.009,1.000,0.100,0.100,0.100,1,18.7,102.0,763,804,1,0,1,0,16,416,115,0
10.78,climb_cruise,435.6,435.6,35014.4,1245,1.03,-47.04,341.72,4.35,15.0,125.0,0,0,0.46,-13.82,-3.02,0.004,0.114,0.009,1.000,0.100,0.100,0.100,1,18.7,102.0,763,804,1,0,1,0,16,416,114,0
10.80,climb_cruise,435.5,435.5,35014.8,1241,0.99,-47.32,341.67,4.35,15.0,125.0,0,0,0.46,-13.82,-3.03,0.004,0.114,0.009,1.000,0.100,0.100,0.100,1,18.6,102.0,763,804,1,0,1,0,16,416,116,0
10.82,climb_cruise,435.5,435.5,35015.2,1236,0.96,-47.59,341.62,4.34,15.0,125.0,0,0,0.47,-13.83,-3.04,0.004,0.114,0.009,1.000,0.100,0.100,0.100,1,18.6,102.0,763,804,1,0,1,0,16,416,115,0
10.84,climb_cruise,435.5,435.5,35015.6,1232,0.92,-47.87,341.57,4.34,15.0,125.0,0,0,0.48,-13.83,-3.05,0.004,0.114,0.009,1.000,0.100,0.100,0.100,1,18.6,102.0,763,804,1,0,1,0,16,416,114,0
10.86,climb_cruise,435.4,435.4,35016.0,1227,0.88,-48.15,341.52,4.34,15.0,125.0,0,0,0.48,-13.83,-3.06,0.004,0.114,0.009,1.000,0.100,0.100,0.100,1,18.5,102.0,763,804,1,0,1,0,16,416,114,0
10.88,climb_cruise,435.4,435.4,35016.4,1222,0.84,-48.43,341.48,4.34,15.0,125.0,0,0,0.49,-13.84,-3.06,0.005,0.114,0.009,1.000,0.100,0.100,0.100,1,18.5,102.0,763,804,1,0,1,0,16,416,115,0
10.90,climb_cruise,435.3,435.3,35016.9,1217,0.80,-48.70,341.43,4.33,15.0,125.0,0,0,0.49,-13.84,-3.07,0.005,0.114,0.009,1.000,0.100,0.100,0.100,1,18.5,102.0,763,804,1,0,1,0,16,416,115,0
10.92,climb_cruise,435.3,435.3,35017.3,1211,0.76,-48.98,341.38,4.33,15.0,125.0,0,0,0.50,-13.84,-3.08,0.005,0.114,0.009,1.000,0.100,0.100,0.100,1,18.4,102.0,763,804,1,0,1,0,16,416,115,0
10.94,climb_cruise,435.3,435.3,35017.7,1205,0.72,-49.26,341.33,4.33,15.0,125.0,0,0,0.51,-13.84,-3.09,0.005,0.114,0.009,1.000,0.100,0.100,0.100,1,18.4,102.0,763,804,1,0,1,0,16,416,115,0
10.96,climb_cruise,435.2,435.2,35018.1,1200,0.68,-49.54,341.28,4.33,15.0,125.0,0,0,0.51,-13.85,-3.10,0.005,0.114,0.009,1.000,0.100,0.100,0.100,1,18.3,102.0,763,804,1,0,1,0,16,416,115,0
10.98,climb_cruise,435.2,435.2,35018.5,1193,0.64,-49.81,341.24,4.33,15.0,125.0,0,0,0.52,-13.85,-3.11,0.006,0.114,0.009,1.000,0.100,0.100,0.100,1,18.3,102.0,763,804,1,0,1,0,16,416,114,0
11.00,climb_cruise,435.1,435.1,35018.9,1187,0.60,-50.09,341.19,4.32,15.0,125.0,0,0,0.52,-13.85,-3.11,0.006,0.114,0.009,1.000,0.100,0.100,0.100,1,18.3,102.0,763,804,1,0,1,0,16,416,115,0
11.02,climb_cruise,435.1,435.1,35019.3,1181,0.56,-50.37,341.14,4.32,15.0,125.0,0,0,0.53,-13.85,-3.12,0.006,0.114,0.009,1.000,0.100,0.100,0.100,1,18.2,102.0,763,804,1,0,1,0,16,416,114,0
11.04,climb_cruise,435.1,435.1,35019.6,1174,0.52,-50.65,341.09,4.32,15.0,125.0,0,0,0.54,-13.86,-3.13,0.006,0.114,0.009,1.000,0.100,0.100,0.100,1,18.2,102.0,763,804,1,0,1,0,16,416,116,0
11.06,climb_cruise,435.0,435.0,35020.0,1167,0.47,-50.92,341.04,4.31,15.0,125.0,0,0,0.54,-13.86,-3.14,0.006,0.114,0.009,1.000,0.100,0.100,0.100,1,18.2,102.0,763,804,1,0,1,0,16,416,115,0
11.08,climb_cruise,435.0,435.0,35020.4,1159,0.43,-51.20,341.00,4.31,15.0,125.0,0,0,0.55,-13.86,-3.15,0.006,0.114,0.010,1.000,0.100,0.100,0.100,1,18.1,102.0,763,804,1,0,1,0,16,416,114,0
11.10,climb_cruise,435.0,435.0,35020.8,1152,0.39,-51.48,340.95,4.31,15.0,125.0,0,0,0.55,-13.86,-3.15,0.007,0.114,0.010,1.000,0.100,0.100,0.100,1,18.1,102.0,763,804,1,0,1,0,16,416,115,0
11.12,climb_cruise,434.9,434.9,35021.2,1144,0.35,-51.76,340.90,4.31,15.0,125.0,0,0,0.56,-13.87,-3.16,0.007,0.114,0.010,1.000,0.100,0.100,0.100,1,18.0,102.0,763,804,1,0,1,0,16,416,115,0
11.14,climb_cruise,434.9,434.9,35021.6,1136,0.30,-52.03,340.85,4.30,15.0,125.0,0,0,0.57,-13.87,-3.17,0.007,0.114,0.010,1.000,0.100,0.100,0.100,1,18.0,102.0,763,804,1,0,1,0,16,416,115,0
11.16,climb_cruise,434.8,434.8,35022.0,1128,0.26,-52.31,340.80,4.30,15.0,125.0,0,0,0.58,-13.87,-3.18,0.007,0.114,0.010,1.000,0.100,0.100,0.100,1,18.0,102.0,763,804,1,0,1,0,16,416,115,0
11.18,climb_cruise,434.8,434.8,35022.3,1120,0.22,-52.59,340.76,4.30,15.0,125.0,0,0,0.58,-13.87,-3.18,0.007,0.114,0.010,1.000,0.100,0.100,0.100,1,17.9,102.0,763,804,1,0,1,0,16,416,115,0
11.20,climb_cruise,434.8,434.8,35022.7,1111,0.17,-52.87,340.71,4.30,15.0,125.0,0,0,0.59,-13.87,-3.19,0.007,0.114,0.010,1.000,0.100,0.100,0.100,1,17.9,102.0,763,804,1,0,1,0,16,416,115,0
11.22,climb_cruise,434.7,434.7,35023.1,1102,0.13,-53.15,340.66,4.29,15.0,125.0,0,0,0.60,-13.88,-3.20,0.007,0.114,0.010,1.000,0.100,0.100,0.100,1,17.9,102.0,763,804,1,0,1,0,16,416,115,0
11.24,climb_cruise,434.7,434.7,35023.4,1093,0.09,-53.42,340.61,4.29,15.0,125.0,0,0,0.61,-13.88,-3.20,0.007,0.114,0.010,1.000,0.100,0.100,0.100,1,17.8,102.0,763,804,1,0,1,0,16,416,116,0
11.26,climb_cruise,434.7,434.7,35023.8,1084,0.04,-53.70,340.57,4.29,15.0,125.0,0,0,0.62,-13.88,-3.21,0.007,0.114,0.010,1.000,0.100,0.100,0.100,1,17.8,102.0,763,804,1,0,1,0,16,416,115,0
11.28,climb_cruise,434.6,434.6,35024.2,1075,-0.00,-53.98,340.52,4.28,15.0,125.0,0,0,0.62,-13.88,-3.22,0.007,0.114,0.010,1.000,0.100,0.100,0.100,1,17.8,102.0,763,804,1,0,1,0,16,416,114,0
11.30,climb_cruise,434.6,434.6,35024.5,1065,-0.05,-54.26,340.47,4.28,15.0,125.0,0,0,0.63,-13.88,-3.22,0.007,0.114,0.010,1.000,0.100,0.100,0.100,1,17.7,102.0,763,804,1,0,1,0,16,416,116,0
11.32,climb_cruise,434.5,434.5,35024.9,1055,-0.09,-54.53,340.42,4.28,15.0,125.0,0,0,0.64,-13.89,-3.23,0.007,0.114,0.010,1.000,0.100,0.100,0.100,1,17.7,102.0,763,804,1,0,1,0,16,416,115,0
11.34,climb_cruise,434.5,434.5,35025.2,1045,-0.14,-54.81,340.37,4.28,15.0,125.0,0,0,0.65,-13.89,-3.24,0.007,0.114,0.010,1.000,0.100,0.100,0.100,1,17.7,102.0,763,804,1,0,1,0,16,416,114,0
11.36,climb_cruise,434.5,434.5,35025.6,1034,-0.18,-55.09,340.33,4.27,15.0,125.0,0,0,0.66,-13.89,-3.24,0.008,0.114,0.010,1.000,0.100,0.100,0.100,1,17.6,102.0,763,804,1,0,1,0,16,416,115,0
11.38,climb_cruise,434.4,434.4,35025.9,1024,-0.23,-55.37,340.28,4.27,15.0,125.0,0,0,0.67,-13.89,-3.25,0.008,0.114,0.010,1.000,0.100,0.100,0.100,1,17.6,102.0,763,804,1,0,1,0,16,416,115,0
11.40,climb_cruise,434.4,434.4,35026.2,1013,-0.28,-55.64,340.23,4.27,15.0,125.0,0,0,0.68,-13.89,-3.26,0.008,0.114,0.010,1.000,0.100,0.100,0.100,1,17.6,102.0,763,804,1,0,1,0,16,416,116,0
11.42,climb_cruise,434.4,434.4,35026.6,1002,-0.32,-55.92,340.18,4.26,15.0,125.0,0,0,0.69,-13.90,-3.27,0.008,0.114,0.010,1.000,0.100,0.100,0.100,1,17.5,102.0,763,804,1,0,1,0,16,416,114,0
11.44,climb_cruise,434.3,434.3,35026.9,990,-0.37,-56.20,340.13,4.26,15.0,125.0,0,0,0.70,-13.90,-3.27,0.008,0.114,0.010,1.000,0.100,0.100,0.100,1,17.5,102.0,763,804,1,0,1,0,16,416,115,0
11.46,climb_cruise,434.3,434.3,35027.2,979,-0.42,-56.48,340.09,4.26,15.0,125.0,0,0,0.71,-13.90,-3.28,0.008,0.114,0.010,1.000,0.100,0.100,0.100,1,17.4,102.0,763,804,1,0,1,0,16,416,116,0
11.48,climb_cruise,434.3,434.3,35027.6,967,-0.46,-56.75,340.04,4.26,15.0,125.0,0,0,0.72,-13.90,-3.28,0.007,0.114,0.010,1.000,0.100,0.100,0.100,1,17.4,102.0,763,804,1,0,1,0,16,416,114,0
11.50,climb_cruise,434.2,434.2,35027.9,955,-0.51,-57.03,339.99,4.25,15.0,125.0,0,0,0.73,-13.90,-3.29,0.007,0.114,0.010,1.000,0.100,0.100,0.100,1,17.4,102.0,763,804,1,0,1,0,16,416,115,0
11.52,climb_cruise,434.2,434.2,35028.2,943,-0.56,-57.31,339.94,4.25,15.0,125.0,0,0,0.74,-13.91,-3.30,0.007,0.114,0.010,1.000,0.100,0.100,0.100,1,17.3,102.0,763,804,1,0,1,0,16,416,115,0
11.54,climb_cruise,434.1,434.1,35028.5,930,-0.60,-57.59,339.89,4.25,15.0,125.0,0,0,0.75,-13.91,-3.30,0.007,0.114,0.010,1.000,0.100,0.100,0.100,1,17.3,102.0,763,804,1,0,1,0,16,416,114,0
11.56,climb_cruise,434.1,434.1,35028.8,917,-0.65,-57.86,339.85,4.25,15.0,125.0,0,0,0.76,-13.91,-3.31,0.007,0.114,0.010,1.000,0.100,0.100,0.100,1,17.3,102.0,763,804,1,0,1,0,16,416,115,0
11.58,climb_cruise,434.1,434.1,35029.1,904,-0.70,-58.14,339.80,4.24,15.0,125.0,0,0,0.77,-13.91,-3.32,0.007,0.114,0.010,1.000,0.100,0.100,0.100,1,17.2,102.0,763,804,1,0,1,0,16,416,115,0
11.60,climb_cruise,434.0,434.0,35029.4,891,-0.75,-58.42,339.75,4.24,15.0,125.0,0,0,0.78,-13.91,-3.32,0.007,0.114,0.010,1.000,0.100,0.100,0.100,1,17.2,102.0,763,804,1,0,1,0,16,416,114,0
11.62,climb_cruise,434.0,434.0,35029.7,878,-0.80,-58.70,339.70,4.24,15.0,125.0,0,0,0.79,-13.91,-3.33,0.007,0.114,0.010,1.000,0.100,0.100,0.100,1,17.2,102.0,763,804,1,0,1,0,16,416,114,0
11.64,climb_cruise,434.0,434.0,35030.0,864,-0.85,-58.98,339.65,4.24,15.0,125.0,0,0,0.80,-13.92,-3.34,0.007,0.114,0.010,1.000,0.100,0.100,0.100,1,17.1,102.0,763,804,1,0,1,0,16,416,115,0
11.66,climb_cruise,433.9,433.9,35030.3,850,-0.89,-59.25,339.61,4.23,15.0,125.0,0,0,0.82,-13.92,-3.34,0.007,0.114,0.010,1.000,0.100,0.100,0.100,1,17.1,102.0,763,804,1,0,1,0,16,416,114,0
11.68,climb_cruise,433.9,433.9,35030.6,836,-0.94,-59.53,339.56,4.23,15.0,125.0,0,0,0.83,-13.92,-3.35,0.007,0.114,0.010,1.000,0.100,0.100,0.100,1,17.1,102.0,763,804,1,0,1,0,16,416,115,0
11.70,climb_cruise,433.9,433.9,35030.9,822,-0.99,-59.81,339.51,4.23,15.0,125.0,0,0,0.84,-13.92,-3.35,0.007,0.114,0.010,1.000,0.100,0.100,0.100,1,17.0,102.0,763,804,1,0,1,0,16,416,114,0
11.72,climb_cruise,433.8,433.8,35031.1,807,-1.04,-60.09,339.46,4.23,15.0,125.0,0,0,0.85,-13.92,-3.36,0.006,0.114,0.010,1.000,0.100,0.100,0.100,1,17.0,102.0,763,804,1,0,1,0,16,416,116,0
11.74,climb_cruise,433.8,433.8,35031.4,792,-1.09,-60.36,339.41,4.23,15.0,125.0,0,0,0.86,-13.92,-3.37,0.006,0.114,0.010,1.000,0.100,0.100,0.100,1,17.0,102.0,763,804,1,0,1,0,16,416,114,0
11.76,climb_cruise,433.8,433.8,35031.7,777,-1.14,-60.64,339.36,4.22,15.0,125.0,0,0,0.88,-13.93,-3.37,0.006,0.114,0.010,1.000,0.100,0.100,0.100,1,16.9,102.0,763,804,1,0,1,0,16,416,115,0
11.78,climb_cruise,433.7,433.7,35031.9,762,-1.19,-60.92,339.32,4.22,15.0,125.0,0,0,0.89,-13.93,-3.38,0.006,0.114,0.010,1.000,0.100,0.100,0.100,1,16.9,102.0,763,804,1,0,1,0,16,416,114,0
11.80,climb_cruise,433.7,433.7,35032.2,746,-1.24,-61.20,339.27,4.22,15.0,125.0,0,0,0.90,-13.93,-3.38,0.006,0.114,0.010,1.000,0.100,0.100,0.100,1,16.9,102.0,763,804,1,0,1,0,16,416,114,0
11.82,climb_cruise,433.7,433.7,35032.4,730,-1.29,-61.47,339.22,4.22,15.0,125.0,0,0,0.92,-13.93,-3.39,0.006,0.114,0.010,1.000,0.100,0.100,0.100,1,16.8,102.0,763,804,1,0,1,0,16,416,116,0
11.84,climb_cruise,433.6,433.6,35032.7,714,-1.35,-61.75,339.17,4.22,15.0,125.0,0,0,0.93,-13.93,-3.40,0.005,0.114,0.010,1.000,0.100,0.100,0.100,1,16.8,102.0,763,804,1,0,1,0,16,416,115,0
11.86,climb_cruise,433.6,433.6,35032.9,698,-1.40,-62.03,339.12,4.21,15.0,125.0,0,0,0.94,-13.94,-3.40,0.005,0.114,0.010,1.000,0.100,0.100,0.100,1,16.8,102.0,763,804,1,0,1,0,16,416,115,0
11.88,climb_cruise,433.6,433.6,35033.1,681,-1.45,-62.31,339.07,4.21,15.0,125.0,0,0,0.96,-13.94,-3.41,0.005,0.114,0.010,1.000,0.100,0.100,0.100,1,16.7,102.0,763,804,1,0,1,0,16,416,115,0
11.90,climb_cruise,433.5,433.5,35033.4,665,-1.50,-62.58,339.02,4.21,15.0,125.0,0,0,0.97,-13.94,-3.41,0.005,0.114,0.010,1.000,0.100,0.100,0.100,1,16.7,102.0,763,804,1,0,1,0,16,416,115,0
11.92,climb_cruise,433.5,433.5,35033.6,648,-1.55,-62.86,338.98,4.21,15.0,125.0,0,0,0.99,-13.94,-3.42,0.004,0.114,0.010,1.000,0.100,0.100,0.100,1,16.7,102.0,763,804,1,0,1,0,16,416,114,0
11.94,climb_cruise,433.5,433.5,35033.8,630,-1.60,-63.14,338.93,4.21,15.0,125.0,0,0,1.00,-13.94,-3.42,0.004,0.114,0.010,1.000,0.100,0.100,0.100,1,16.6,102.0,763,804,1,0,1,0,16,416,114,0
11.96,climb_cruise,433.4,433.4,35034.0,613,-1.66,-63.42,338.88,4.21,15.0,125.0,0,0,1.01,-13.94,-3.43,0.004,0.114,0.010,1.000,0.100,0.100,0.100,1,16.6,102.0,763,804,1,0,1,0,16,416,115,0
11.98,climb_cruise,433.4,433.4,35034.2,595,-1.71,-63.69,338.83,4.21,15.0,125.0,0,0,1.03,-13.95,-3.44,0.004,0.114,0.010,1.000,0.100,0.100,0.100,1,16.6,102.0,763,804,1,0,1,0,16,416,115,0
12.00,climb_cruise,433.4,433.4,35034.4,577,-1.76,-63.97,338.78,4.20,15.0,125.0,0,0,1.04,-13.95,-3.44,0.003,0.114,0.010,1.000,0.100,0.100,0.100,1,16.5,102.0,763,804,1,0,1,0,16,416,115,0
12.02,climb_cruise,433.3,433.3,35034.6,559,-1.81,-64.25,338.73,4.20,15.0,125.0,0,0,1.06,-13.95,-3.45,0.003,0.114,0.010,1.000,0.100,0.100,0.100,1,16.5,102.0,763,804,1,0,1,0,16,416,115,0
12.04,climb_cruise,433.3,433.3,35034.8,541,-1.87,-64.53,338.68,4.20,15.0,125.0,0,0,1.07,-13.95,-3.45,0.003,0.114,0.010,1.000,0.100,0.100,0.100,1,16.5,102.0,763,804,1,0,1,0,16,416,115,0
12.06,climb_cruise,433.3,433.3,35034.9,522,-1.92,-64.80,338.63,4.20,15.0,125.0,0,0,1.09,-13.95,-3.46,0.002,0.114,0.010,1.000,0.100,0.100,0.100,1,16.4,102.0,763,804,1,0,1,0,16,416,116,0
12.08,climb_cruise,433.2,433.2,35035.1,503,-1.97,-65.08,338.58,4.20,15.0,125.0,0,0,1.11,-13.95,-3.46,0.002,0.114,0.010,1.000,0.100,0.100,0.100,1,16.4,102.0,763,804,1,0,1,0,16,416,115,0
12.10,climb_cruise,433.2,433.2,35035.3,484,-2.03,-65.36,338.53,4.20,15.0,125.0,0,0,1.12,-13.96,-3.47,0.002,0.114,0.010,1.000,0.100,0.100,0.100,1,16.4,102.0,763,804,1,0,1,0,16,416,116,0
12.12,climb_cruise,433.2,433.2,35035.4,465,-2.08,-65.64,338.49,4.20,15.0,125.0,0,0,1.14,-13.96,-3.47,0.001,0.114,0.010,1.000,0.100,0.100,0.100,1,16.3,102.0,763,804,1,0,1,0,16,416,115,0
12.14,climb_cruise,433.1,433.1,35035.6,445,-2.13,-65.91,338.44,4.20,15.0,125.0,0,0,1.16,-13.96,-3.48,0.001,0.114,0.010,1.000,0.100,0.100,0.100,1,16.3,102.0,763,804,1,0,1,0,16,416,116,0
12.16,climb_cruise,433.1,433.1,35035.7,425,-2.19,-66.19,338.39,4.20,15.0,125.0,0,0,1.17,-13.96,-3.48,0.001,0.114,0.010,1.000,0.100,0.100,0.100,1,16.3,102.0,763,804,1,0,1,0,16,416,114,0
12.18,climb_cruise,433.1,433.1,35035.9,405,-2.24,-66.47,338.34,4.20,15.0,125.0,0,0,1.19,-13.96,-3.49,0.000,0.114,0.010,1.000,0.100,0.100,0.100,1,16.2,102.0,763,804,1,0,1,0,16,416,116,0
12.20,climb_cruise,433.1,433.1,35036.0,385,-2.30,-66.74,338.29,4.20,15.0,125.0,0,0,1.21,-13.96,-3.49,-0.000,0.114,0.010,1.000,0.100,0.100,0.100,1,16.2,102.0,763,804,1,0,1,0,16,416,116,0
12.22,climb_cruise,433.0,433.0,35036.1,364,-2.35,-67.02,338.24,4.20,15.0,125.0,0,0,1.23,-13.97,-3.50,-0.001,0.114,0.010,1.000,0.100,0.100,0.100,1,16.2,102.0,763,804,1,0,1,0,16,416,116,0
12.24,climb_cruise,433.0,433.0,35036.3,343,-2.41,-67.30,338.19,4.20,15.0,125.0,0,0,1.24,-13.97,-3.50,-0.001,0.114,0.010,1.000,0.100,0.100,0.100,1,16.1,102.0,763,804,1,0,1,0,16,416,115,0
12.26,climb_cruise,433.0,433.0,35036.4,322,-2.46,-67.58,338.14,4.20,15.0,125.0,0,0,1.26,-13.97,-3.51,-0.002,0.114,0.010,1.000,0.100,0.100,0.100,1,16.1,102.0,763,804,1,0,1,0,16,416,115,0
12.28,climb_cruise,432.9,432.9,35036.5,301,-2.52,-67.85,338.09,4.20,15.0,125.0,0,0,1.28,-13.97,-3.51,-0.002,0.114,0.010,1.000,0.100,0.100,0.100,1,16.1,102.0,763,804,1,0,1,0,16,416,114,0
12.30,climb_cruise,432.9,432.9,35036.6,279,-2.57,-68.13,338.04,4.20,15.0,125.0,0,0,1.30,-13.97,-3.52,-0.003,0.114,0.010,1.000,0.100,0.100,0.100,1,16.0,102.0,763,804,1,0,1,0,16,416,115,0
12.32,climb_cruise,432.9,432.9,35036.7,258,-2.63,-68.41,337.99,4.20,15.0,125.0,0,0,1.32,-13.98,-3.52,-0.003,0.114,0.010,1.000,0.100,0.100,0.100,1,16.0,102.0,763,804,1,0,1,0,16,416,115,0
12.34,climb_cruise,432.8,432.8,35036.7,236,-2.68,-68.69,337.94,4.20,15.0,125.0,0,0,1.34,-13.98,-3.53,-0.004,0.114,0.010,1.000,0.100,0.100,0.100,1,16.0,102.0,763,804,1,0,1,0,16,416,115,0
12.36,climb_cruise,432.8,432.8,35036.8,213,-2.74,-68.96,337.89,4.21,15.0,125.0,0,0,1.36,-13.98,-3.53,-0.004,0.114,0.010,1.000,0.100,0.100,0.100,1,15.9,102.0,763,804,1,0,1,0,16,416,115,0
12.38,climb_cruise,432.8,432.8,35036.9,191,-2.80,-69.24,337.83,4.21,15.0,125.0,0,0,1.38,-13.98,-3.54,-0.005,0.114,0.010,1.000,0.100,0.100,0.100,1,15.9,102.0,763,804,1,0,1,0,16,416,115,0
12.40,climb_cruise,432.8,432.8,35036.9,168,-2.85,-69.52,337.78,4.21,15.0,125.0,0,0,1.40,-13.98,-3.54,-0.005,0.114,0.010,1.000,0.100,0.100,0.100,1,15.9,102.0,763,804,1,0,1,0,16,416,115,0
12.42,climb_cruise,432.7,432.7,35037.0,145,-2.91,-69.79,337.73,4.21,15.0,125.0,0,0,1.42,-13.99,-3.55,-0.006,0.114,0.010,1.000,0.100,0.100,0.100,1,15.8,102.0,763,804,1,0,1,0,16,416,114,0
12.44,climb_cruise,432.7,432.7,35037.0,122,-2.97,-70.07,337.68,4.21,15.0,125.0,0,0,1.44,-13.99,-3.55,-0.006,0.114,0.010,1.000,0.100,0.100,0.100,1,15.8,102.0,763,804,1,0,1,0,16,416,115,0
12.46,climb_cruise,432.7,432.7,35037.1,99,-3.02,-70.35,337.63,4.21,15.0,125.0,0,0,1.46,-13.99,-3.56,-0.007,0.114,0.010,1.000,0.100,0.100,0.100,1,15.8,102.0,763,804,1,0,1,0,16,416,114,0
12.48,climb_cruise,432.6,432.6,35037.1,75,-3.08,-70.63,337.58,4.22,15.0,125.0,0,0,1.48,-13.99,-3.56,-0.008,0.114,0.010,1.000,0.100,0.100,0.100,1,15.8,102.0,763,804,1,0,1,0,16,416,116,0
12.50,climb_cruise,432.6,432.6,35037.1,51,-3.14,-70.90,337.53,4.22,15.0,125.0,0,0,1.50,-13.99,-3.57,-0.008,0.114,0.010,1.000,0.100,0.100,0.100,1,15.7,102.0,763,804,1,0,1,0,16,416,115,0
12.52,climb_cruise,432.6,432.6,35037.1,27,-3.20,-71.18,337.48,4.22,15.0,125.0,0,0,1.52,-14.00,-3.57,-0.009,0.114,0.010,1.000,0.100,0.100,0.100,1,15.7,102.0,763,804,1,0,1,0,16,416,115,0
12.54,climb_cruise,432.6,432.6,35037.1,2,-3.26,-71.46,337.42,4.22,15.0,125.0,0,0,1.54,-14.00,-3.58,-0.010,0.114,0.010,1.000,0.100,0.100,0.100,1,15.7,102.0,763,804,1,0,1,0,16,416,115,0
12.56,climb_cruise,432.5,432.5,35037.1,-22,-3.31,-71.73,337.37,4.23,15.0,125.0,0,0,1.57,-14.00,-3.58,-0.010,0.114,0.010,1.000,0.100,0.100,0.100,1,15.6,102.0,763,804,1,0,1,0,16,416,115,0
12.58,climb_cruise,432.5,432.5,35037.1,-47,-3.37,-72.01,337.32,4.23,15.0,125.0,0,0,1.59,-14.00,-3.59,-0.011,0.114,0.011,1.000,0.100,0.100,0.100,1,15.6,102.0,763,804,1,0,1,0,16,416,114,0
12.60,climb_cruise,432.5,432.5,35037.1,-72,-3.43,-72.29,337.27,4.23,15.0,125.0,0,0,1.61,-14.00,-3.59,-0.012,0.114,0.011,1.000,0.100,0.100,0.100,1,15.6,102.0,763,804,1,0,1,0,16,416,114,0
12.62,climb_cruise,432.5,432.5,35037.1,-98,-3.49,-72.56,337.21,4.24,15.0,125.0,0,0,1.63,-14.01,-3.60,-0.012,0.114,0.011,1.000,0.100,0.100,0.100,1,15.5,102.0,763,804,1,0,1,0,16,416,116,0
12.64,climb_cruise,432.4,432.4,35037.1,-123,-3.55,-72.84,337.16,4.24,15.0,125.0,0,0,1.66,-14.01,-3.60,-0.013,0.114,0.011,1.000,0.100,0.100,0.100,1,15.5,102.0,763,804,1,0,1,0,16,416,115,0
12.66,climb_cruise,432.4,432.4,35037.0,-149,-3.61,-73.12,337.11,4.24,15.0,125.0,0,0,1.68,-14.01,-3.60,-0.014,0.114,0.011,1.000,0.100,0.100,0.100,1,15.5,102.0,763,804,1,0,1,0,16,416,114,0
12.68,climb_cruise,432.4,432.4,35037.0,-175,-3.67,-73.39,337.05,4.25,15.0,125.0,0,0,1.71,-14.01,-3.61,-0.015,0.114,0.011,1.000,0.100,0.100,0.100,1,15.4,102.0,763,804,1,0,1,0,16,416,114,0
12.70,climb_cruise,432.4,432.4,35036.9,-202,-3.73,-73.67,337.00,4.25,15.0,125.0,0,0,1.73,-14.02,-3.61,-0.015,0.114,0.011,1.000,0.100,0.100,0.100,1,15.4,102.0,763,804,1,0,1,0,16,416,115,0
12.72,climb_cruise,432.3,432.3,35036.8,-228,-3.79,-73.95,336.95,4.26,15.0,125.0,0,0,1.75,-14.02,-3.62,-0.016,0.114,0.011,1.000,0.100,0.100,0.100,1,15.4,102.0,763,804,1,0,1,0,16,416,115,0
12.74,climb_cruise,432.3,432.3,35036.7,-255,-3.85,-74.23,336.89,4.26,15.0,125.0,0,0,1.78,-14.02,-3.62,-0.017,0.114,0.011,1.000,0.100,0.100,0.100,1,15.3,102.0,763,804,1,0,1,0,16,416,116,0
12.76,climb_cruise,432.3,432.3,35036.7,-282,-3.91,-74.50,336.84,4.27,15.0,125.0,0,0,1.80,-14.02,-3.63,-0.018,0.114,0.011,1.000,0.100,0.100,0.100,1,15.3,102.0,763,804,1,0,1,0,16,416,115,0
12.78,climb_cruise,432.3,432.3,35036.6,-309,-3.97,-74.78,336.78,4.27,15.0,125.0,0,0,1.83,-14.02,-3.63,-0.019,0.114,0.011,1.000,0.100,0.100,0.100,1,15.3,102.0,763,804,1,0,1,0,16,416,115,0
12.80,climb_cruise,432.2,432.2,35036.4,-337,-4.03,-75.06,336.73,4.28,15.0,125.0,0,0,1.86,-14.03,-3.64,-0.020,0.114,0.011,1.000,0.100,0.100,0.100,1,15.3,102.0,763,804,1,0,1,0,16,416,115,0
12.82,climb_cruise,432.2,432.2,35036.3,-365,-4.09,-75.33,336.68,4.28,15.0,125.0,0,0,1.88,-14.03,-3.64,-0.020,0.114,0.011,1.000,0.100,0.100,0.100,1,15.2,102.0,763,804,1,0,1,0,16,416,116,0
12.84,climb_cruise,432.2,432.2,35036.2,-393,-4.15,-75.61,336.62,4.29,15.0,125.0,0,0,1.91,-14.03,-3.65,-0.021,0.114,0.011,1.000,0.100,0.100,0.100,1,15.2,102.0,763,804,1,0,1,0,16,416,115,0
12.86,climb_cruise,432.2,432.2,35036.1,-421,-4.21,-75.89,336.56,4.30,15.0,125.0,0,0,1.94,-14.03,-3.65,-0.022,0.114,0.011,1.000,0.100,0.100,0.100,1,15.2,102.0,763,804,1,0,1,0,16,416,115,0
12.88,climb_cruise,432.1,432.1,35035.9,-449,-4.27,-76.16,336.51,4.30,15.0,125.0,0,0,1.96,-14.04,-3.65,-0.023,0.114,0.011,1.000,0.100,0.100,0.100,1,15.1,102.0,763,804,1,0,1,0,16,416,114,0
12.90,climb_cruise,432.1,432.1,35035.8,-478,-4.33,-76.44,336.45,4.31,15.0,125.0,0,0,1.99,-14.04,-3.66,-0.024,0.114,0.011,1.000,0.100,0.100,0.100,1,15.1,102.0,763,804,1,0,1,0,16,416,115,0
12.92,climb_cruise,432.1,432.1,35035.6,-507,-4.39,-76.72,336.40,4.32,15.0,125.0,0,0,2.02,-14.04,-3.66,-0.025,0.114,0.011,1.000,0.100,0.100,0.100,1,15.1,102.0,763,804,1,0,1,0,16,416,115,0
12.94,climb_cruise,432.1,432.1,35035.4,-536,-4.46,-76.99,336.34,4.32,15.0,125.0,0,0,2.05,-14.05,-3.67,-0.026,0.114,0.011,1.000,0.100,0.100,0.100,1,15.0,102.0,763,804,1,0,1,0,16,416,115,0
12.96,climb_cruise,432.0,432.0,35035.3,-566,-4.52,-77.27,336.28,4.33,15.0,125.0,0,0,2.08,-14.05,-3.67,-0.027,0.114,0.011,1.000,0.100,0.100,0.100,1,15.0,102.0,763,804,1,0,1,0,16,416,115,0
12.98,climb_cruise,432.0,432.0,35035.1,-595,-4.58,-77.54,336.23,4.34,15.0,125.0,0,0,2.10,-14.05,-3.68,-0.028,0.114,0.011,1.000,0.100,0.100,0.100,1,15.0,102.0,763,804,1,0,1,0,16,416,114,0
13.00,climb_cruise,432.0,432.0,35034.9,-625,-4.64,-77.82,336.17,4.35,15.0,125.0,0,0,2.13,-14.05,-3.68,-0.029,0.114,0.011,1.000,0.100,0.100,0.100,1,15.0,102.0,763,804,1,0,1,0,16,416,116,0
13.02,climb_cruise,432.0,432.0,35034.6,-655,-4.71,-78.10,336.11,4.36,15.0,125.0,0,0,2.16,-14.06,-3.69,-0.030,0.114,0.011,1.000,0.100,0.100,0.100,1,14.9,102.0,763,804,1,0,1,0,16,416,115,0
13.04,climb_cruise,432.0,432.0,35034.4,-686,-4.77,-78.37,336.05,4.37,15.0,125.0,0,0,2.19,-14.06,-3.69,-0.031,0.114,0.011,1.000,0.100,0.100,0.100,1,14.9,102.0,763,804,1,0,1,0,16,416,116,0
13.06,climb_cruise,431.9,431.9,35034.2,-716,-4.83,-78.65,336.00,4.38,15.0,125.0,0,0,2.22,-14.06,-3.69,-0.032,0.114,0.011,1.000,0.100,0.100,0.100,1,14.9,102.0,763,804,1,0,1,0,16,416,114,0
13.08,climb_cruise,431.9,431.9,35034.0,-747,-4.90,-78.93,335.94,4.38,15.0,125.0,0,0,2.26,-14.07,-3.70,-0.034,0.114,0.011,1.000,0.100,0.100,0.100,1,14.8,102.0,763,804,1,0,1,0,16,416,116,0
13.10,climb_cruise,431.9,431.9,35033.7,-779,-4.96,-79.20,335.88,4.39,15.0,125.0,0,0,2.29,-14.07,-3.70,-0.035,0.114,0.011,1.000,0.100,0.100,0.100,1,14.8,102.0,763,804,1,0,1,0,16,416,114,0
13.12,climb_cruise,431.9,431.9,35033.4,-810,-5.03,-79.48,335.82,4.40,15.0,125.0,0,0,2.32,-14.07,-3.71,-0.036,0.114,0.011,1.000,0.100,0.100,0.100,1,14.8,102.0,763,804,1,0,1,0,16,416,115,0
13.14,climb_cruise,431.9,431.9,35033.2,-842,-5.09,-79.76,335.76,4.42,15.0,125.0,0,0,2.35,-14.08,-3.71,-0.037,0.114,0.011,1.000,0.100,0.100,0.100,1,14.7,102.0,763,804,1,0,1,0,16,416,115,0
13.16,climb_cruise,431.8,431.8,35032.9,-873,-5.16,-80.03,335.70,4.43,15.0,125.0,0,0,2.38,-14.08,-3.72,-0.038,0.114,0.011,1.000,0.100,0.100,0.100,1,14.7,102.0,763,804,1,0,1,0,16,416,114,0
13.18,climb_cruise,431.8,431.8,35032.6,-906,-5.22,-80.31,335.64,4.44,15.0,125.0,0,0,2.42,-14.08,-3.72,-0.040,0.114,0.011,1.000,0.100,0.100,0.100,1,14.7,102.0,763,804,1,0,1,0,16,416,114,0
13.20,climb_cruise,431.8,431.8,35032.3,-938,-5.29,-80.58,335.58,4.45,15.0,125.0,0,0,2.45,-14.09,-3.73,-0.041,0.114,0.011,1.000,0.100,0.100,0.100,1,14.7,102.0,763,804,1,0,1,0,16,416,115,0
13.22,climb_cruise,431.8,431.8,35032.0,-971,-5.35,-80.86,335.52,4.46,15.0,125.0,0,0,2.48,-14.09,-3.73,-0.042,0.114,0.011,1.000,0.100,0.100,0.100,1,14.6,102.0,763,804,1,0,1,0,16,416,115,0
13.24,climb_cruise,431.8,431.8,35031.6,-1003,-5.42,-81.14,335.46,4.47,15.0,125.0,0,0,2.52,-14.09,-3.74,-0.043,0.114,0.011,1.000,0.100,0.100,0.100,1,14.6,102.0,763,804,1,0,1,0,16,416,115,0
13.26,climb_cruise,431.7,431.7,35031.3,-1036,-5.48,-81.41,335.40,4.48,15.0,125.0,0,0,2.55,-14.10,-3.74,-0.045,0.114,0.011,1.000,0.100,0.100,0.100,1,14.6,102.0,763,804,1,0,1,0,16,416,115,0
13.28,climb_cruise,431.7,431.7,35030.9,-1070,-5.55,-81.69,335.33,4.50,15.0,125.0,0,0,2.59,-14.10,-3.74,-0.046,0.114,0.011,1.000,0.100,0.100,0.100,1,14.5,102.0,763,804,1,0,1,0,16,416,115,0
13.30,climb_cruise,431.7,431.7,35030.6,-1103,-5.62,-81.96,335.27,4.51,15.0,125.0,0,0,2.62,-14.10,-3.75,-0.047,0.114,0.011,1.000,0.100,0.100,0.100,1,14.5,102.0,763,804,1,0,1,0,16,416,115,0
13.32,climb_cruise,431.7,431.7,35030.2,-1137,-5.68,-82.24,335.21,4.52,15.0,125.0,0,0,2.66,-14.11,-3.75,-0.049,0.114,0.011,1.000,0.100,0.100,0.100,1,14.5,102.0,763,804,1,0,1,0,16,416,116,0
13.34,climb_cruise,431.7,431.7,35029.8,-1171,-5.75,-82.52,335.14,4.54,15.0,125.0,0,0,2.69,-14.11,-3.76,-0.050,0.114,0.011,1.000,0.100,0.100,0.100,1,14.5,102.0,763,804,1,0,1,0,16,416,114,0
13.36,climb_cruise,431.6,431.6,35029.4,-1206,-5.82,-82.79,335.08,4.55,15.0,125.0,0,0,2.73,-14.12,-3.76,-0.051,0.114,0.011,1.000,0.100,0.100,0.100,1,14.4,102.0,763,804,1,0,1,0,16,416,114,0
13.38,climb_cruise,431.6,431.6,35029.0,-1240,-5.89,-83.07,335.02,4.57,15.0,125.0,0,0,2.77,-14.12,-3.77,-0.053,0.114,0.011,1.000,0.100,0.100,0.100,1,14.4,102.0,763,804,1,0,1,0,16,416,115,0
13.40,climb_cruise,431.6,431.6,35028.6,-1275,-5.96,-83.34,334.95,4.58,15.0,125.0,0,0,2.80,-14.12,-3.77,-0.054,0.114,0.011,1.000,0.100,0.100,0.100,1,14.4,102.0,763,804,1,0,1,0,16,416,115,0
13.42,climb_cruise,431.6,431.6,35028.2,-1310,-6.02,-83.62,334.89,4.60,15.0,125.0,0,0,2.84,-14.13,-3.78,-0.056,0.114,0.011,1.000,0.100,0.100,0.100,1,14.3,102.0,763,804,1,0,1,0,16,416,115,0
13.44,climb_cruise,431.6,431.6,35027.7,-1346,-6.09,-83.89,334.82,4.61,15.0,125.0,0,0,2.88,-14.13,-3.78,-0.057,0.114,0.011,1.000,0.100,0.100,0.100,1,14.3,102.0,763,804,1,0,1,0,16,416,114,0
13.46,climb_cruise,431.6,431.6,35027.3,-1381,-6.16,-84.17,334.76,4.63,15.0,125.0,0,0,2.92,-14.14,-3.79,-0.059,0.114,0.011,1.000,0.100,0.100,0.100,1,14.3,102.0,763,804,1,0,1,0,16,416,115,0
13.48,climb_cruise,431.5,431.5,35026.8,-1417,-6.23,-84.45,334.69,4.65,15.0,125.0,0,0,2.96,-14.14,-3.79,-0.060,0.114,0.011,1.000,0.100,0.100,0.100,1,14.3,102.0,763,804,1,0,1,0,16,416,115,0
13.50,climb_cruise,431.5,431.5,35026.3,-1453,-6.30,-84.72,334.62,4.66,15.0,125.0,0,0,3.00,-14.15,-3.80,-0.062,0.114,0.011,1.000,0.100,0.100,0.100,1,14.2,102.0,763,804,1,0,1,0,16,416,116,0
13.52,climb_cruise,431.5,431.5,35025.8,-1489,-6.37,-85.00,334.56,4.68,15.0,125.0,0,0,3.04,-14.15,-3.80,-0.063,0.114,0.011,1.000,0.100,0.100,0.100,1,14.2,102.0,763,804,1,0,1,0,16,416,114,0
13.54,climb_cruise,431.5,431.5,35025.3,-1526,-6.44,-85.27,334.49,4.70,15.0,125.0,0,0,3.08,-14.16,-3.81,-0.065,0.114,0.011,1.000,0.100,0.100,0.100,1,14.2,102.0,763,804,1,0,1,0,16,416,116,0
13.56,climb_cruise,431.5,431.5,35024.8,-1563,-6.51,-85.55,334.42,4.72,15.0,125.0,0,0,3.12,-14.16,-3.81,-0.067,0.114,0.011,1.000,0.100,0.100,0.100,1,14.1,102.0,763,804,1,0,1,0,16,416,115,0
13.58,climb_cruise,431.5,431.5,35024.3,-1600,-6.59,-85.82,334.35,4.74,15.0,125.0,0,0,3.16,-14.17,-3.82,-0.068,0.114,0.011,1.000,0.100,0.100,0.100,1,14.1,102.0,763,804,1,0,1,0,16,416,115,0
13.60,climb_cruise,431.5,431.5,35023.8,-1637,-6.66,-86.10,334.28,4.76,15.0,125.0,0,0,3.20,-14.17,-3.82,-0.070,0.114,0.011,1.000,0.100,0.100,0.100,1,14.1,102.0,763,804,1,0,1,0,16,416,116,0
13.62,climb_cruise,431.4,431.4,35023.2,-1675,-6.73,-86.37,334.21,4.78,15.0,125.0,0,0,3.24,-14.18,-3.83,-0.072,0.114,0.011,1.000,0.100,0.100,0.100,1,14.1,102.0,763,804,1,0,1,0,16,416,114,0
13.64,climb_cruise,431.4,431.4,35022.7,-1713,-6.80,-86.65,334.14,4.80,15.0,125.0,0,0,3.29,-14.18,-3.83,-0.073,0.114,0.011,1.000,0.100,0.100,0.100,1,14.0,102.0,763,804,1,0,1,0,16,416,115,0
13.66,climb_cruise,431.4,431.4,35022.1,-1751,-6.87,-86.92,334.07,4.82,15.0,125.0,0,0,3.33,-14.19,-3.84,-0.075,0.114,0.011,1.000,0.100,0.100,0.100,1,14.0,102.0,763,804,1,0,1,0,16,416,114,0
13.68,climb_cruise,431.4,431.4,35021.5,-1789,-6.95,-87.20,334.00,4.84,15.0,125.0,0,0,3.37,-14.19,-3.84,-0.077,0.114,0.011,1.000,0.100,0.100,0.100,1,14.0,102.0,763,804,1,0,1,0,16,416,116,0
13.70,climb_cruise,431.4,431.4,35020.9,-1828,-7.02,-87.47,333.93,4.86,15.0,125.0,0,0,3.41,-14.20,-3.85,-0.078,0.114,0.011,1.000,0.100,0.100,0.100,1,13.9,102.0,763,804,1,0,1,0,16,416,115,0
13.72,climb_cruise,431.4,431.4,35020.3,-1867,-7.10,-87.75,333.86,4.88,15.0,125.0,0,0,3.45,-14.20,-3.86,-0.079,0.114,0.011,1.000,0.100,0.100,0.100,1,13.9,102.0,763,804,1,0,1,0,16,416,115,0
13.74,climb_cruise,431.4,431.4,35019.6,-1906,-7.17,-88.03,333.78,4.91,15.0,125.0,0,0,3.47,-14.21,-3.86,-0.079,0.114,0.011,1.000,0.100,0.100,0.100,1,13.9,102.0,763,804,1,0,1,0,16,416,114,0
13.76,climb_cruise,431.3,431.3,35019.0,-1946,-7.25,-88.30,333.71,4.93,15.0,125.0,0,0,3.48,-14.21,-3.87,-0.079,0.114,0.011,1.000,0.100,0.100,0.100,1,13.9,102.0,763,804,1,0,1,0,16,416,115,0
13.78,climb_cruise,431.3,431.3,35018.3,-1985,-7.32,-88.58,333.64,4.95,15.0,125.0,0,0,3.48,-14.22,-3.87,-0.079,0.114,0.011,1.000,0.100,0.100,0.100,1,13.8,102.0,763,804,1,0,1,0,16,416,115,0
13.80,climb_cruise,431.3,431.3,35017.7,-2025,-7.40,-88.85,333.57,4.97,15.0,125.0,0,0,3.48,-14.23,-3.88,-0.079,0.114,0.011,1.000,0.100,0.100,0.100,1,13.8,102.0,763,804,1,0,1,0,16,416,115,0
13.82,climb_cruise,431.3,431.3,35017.0,-2065,-7.47,-89.13,333.49,4.99,15.0,125.0,0,0,3.48,-14.23,-3.88,-0.079,0.114,0.011,1.000,0.100,0.100,0.100,1,13.8,102.0,763,804,1,0,1,0,16,416,116,0
13.84,climb_cruise,431.3,431.3,35016.3,-2106,-7.55,-89.40,333.42,5.01,15.0,125.0,0,0,3.47,-14.24,-3.89,-0.079,0.114,0.011,1.000,0.100,0.100,0.100,1,13.8,102.0,763,804,1,0,1,0,16,416,115,0
13.86,climb_cruise,431.3,431.3,35015.6,-2147,-7.63,-89.68,333.35,5.03,15.0,125.0,0,0,3.46,-14.24,-3.90,-0.079,0.114,0.011,1.000,0.100,0.100,0.100,1,13.7,102.0,763,804,1,0,1,0,16,416,114,0
13.88,climb_cruise,431.3,431.3,35014.9,-2188,-7.70,-89.95,333.28,5.05,15.0,125.0,0,0,3.45,-14.25,-3.90,-0.079,0.114,0.011,1.000,0.100,0.100,0.100,1,13.7,102.0,763,804,1,0,1,0,16,416,115,0
13.90,climb_cruise,431.3,431.3,35014.1,-2229,-7.78,-90.23,333.21,5.07,15.0,125.0,0,0,3.45,-14.26,-3.91,-0.079,0.114,0.011,1.000,0.100,0.100,0.100,1,13.7,102.0,763,804,1,0,1,0,16,416,114,0
13.92,climb_cruise,431.2,431.2,35013.4,-2271,-7.86,-90.50,333.14,5.09,15.0,125.0,0,0,3.44,-14.26,-3.91,-0.079,0.114,0.011,1.000,0.100,0.100,0.100,1,13.6,102.0,763,804,1,0,1,0,16,416,115,0
13.94,climb_cruise,431.2,431.2,35012.6,-2313,-7.94,-90.78,333.08,5.11,15.0,125.0,0,0,3.44,-14.27,-3.92,-0.079,0.114,0.011,1.000,0.100,0.100,0.100,1,13.6,102.0,763,804,1,0,1,0,16,416,115,0
13.96,climb_cruise,431.2,431.2,35011.9,-2355,-8.02,-91.06,333.01,5.13,15.0,125.0,0,0,3.44,-14.27,-3.93,-0.079,0.114,0.011,1.000,0.100,0.100,0.100,1,13.6,102.0,763,804,1,0,1,0,16,416,115,0
13.98,climb_cruise,431.2,431.2,35011.1,-2397,-8.10,-91.33,332.94,5.14,15.0,125.0,0,0,3.44,-14.28,-3.93,-0.079,0.114,0.011,1.000,0.100,0.100,0.100,1,13.6,102.0,763,804,1,0,1,0,16,416,115,0
14.00,climb_cruise,431.2,431.2,35010.3,-2440,-8.18,-91.61,332.87,5.16,15.0,125.0,0,0,3.45,-14.28,-3.94,-0.079,0.114,0.011,1.000,0.100,0.100,0.100,1,13.5,102.0,763,804,1,0,1,0,16,416,115,0
14.02,climb_cruise,431.2,431.2,35009.4,-2483,-8.26,-91.88,332.80,5.18,15.0,125.0,0,0,3.46,-14.29,-3.94,-0.079,0.114,0.011,1.000,0.100,0.100,0.100,1,13.5,102.0,763,804,1,0,1,0,16,416,114,0
14.04,climb_cruise,431.2,431.2,35008.6,-2526,-8.34,-92.16,332.74,5.19,15.0,125.0,0,0,3.47,-14.29,-3.95,-0.079,0.114,0.011,1.000,0.100,0.100,0.100,1,13.5,102.0,763,804,1,0,1,0,16,416,115,0
14.06,climb_cruise,431.2,431.2,35007.8,-2570,-8.42,-92.44,332.67,5.21,15.0,125.0,0,0,3.48,-14.30,-3.95,-0.079,0.114,0.011,1.000,0.100,0.100,0.100,1,13.5,102.0,763,804,1,0,1,0,16,416,114,0
14.08,climb_cruise,431.2,431.2,35006.9,-2614,-8.51,-92.71,332.60,5.23,15.0,125.0,0,0,3.50,-14.30,-3.96,-0.079,0.114,0.011,1.000,0.100,0.100,0.100,1,13.4,102.0,763,804,1,0,1,0,16,416,114,0
14.10,climb_cruise,431.2,431.2,35006.0,-2658,-8.59,-92.99,332.54,5.24,15.0,125.0,0,0,3.52,-14.31,-3.96,-0.079,0.114,0.011,1.000,0.100,0.100,0.100,1,13.4,102.0,763,804,1,0,1,0,16,416,116,0
14.12,climb_cruise,431.2,431.2,35005.1,-2702,-8.67,-93.26,332.47,5.26,15.0,125.0,0,0,3.54,-14.31,-3.97,-0.079,0.114,0.012,1.000,0.100,0.100,0.100,1,13.4,102.0,763,804,1,0,1,0,16,416,115,0
14.14,climb_cruise,431.2,431.2,35004.2,-2747,-8.76,-93.54,332.40,5.28,15.0,125.0,0,0,3.56,-14.32,-3.97,-0.079,0.114,0.012,1.000,0.100,0.100,0.100,1,13.3,102.0,763,804,1,0,1,0,16,416,115,0
14.16,climb_cruise,431.1,431.1,35003.3,-2792,-8.84,-93.82,332.34,5.29,15.0,125.0,0,0,3.58,-14.33,-3.98,-0.079,0.114,0.012,1.000,0.100,0.100,0.100,1,13.3,102.0,763,804,1,0,1,0,16,416,116,0
14.18,climb_cruise,431.1,431.1,35002.4,-2837,-8.92,-94.09,332.27,5.31,15.0,125.0,0,0,3.61,-14.33,-3.98,-0.079,0.114,0.012,1.000,0.100,0.100,0.100,1,13.3,102.0,763,804,1,0,1,0,16,416,115,0
14.20,climb_cruise,431.1,431.1,35001.4,-2882,-9.01,-94.37,332.20,5.33,15.0,125.0,0,0,3.63,-14.34,-3.98,-0.079,0.114,0.012,1.000,0.100,0.100,0.100,1,13.3,102.0,763,804,1,0,1,0,16,416,116,0
14.22,climb_cruise,431.1,431.1,35000.4,-2928,-9.09,-94.65,332.13,5.34,15.0,125.0,0,0,3.65,-14.34,-3.99,-0.079,0.114,0.012,1.000,0.100,0.100,0.100,1,13.2,102.0,763,804,1,0,1,0,16,416,114,0
14.24,climb_cruise,431.1,431.1,34999.5,-2974,-9.18,-94.92,332.07,5.36,15.0,125.0,0,0,3.68,-14.35,-3.99,-0.079,0.114,0.012,1.000,0.100,0.100,0.100,1,13.2,102.0,763,804,1,0,1,0,16,416,115,0
14.26,climb_cruise,431.1,431.1,34998.5,-3021,-9.27,-95.20,332.00,5.38,15.0,125.0,0,0,3.70,-14.35,-3.99,-0.079,0.114,0.012,1.000,0.100,0.100,0.100,1,13.2,102.0,763,804,1,0,1,0,16,416,115,0
14.28,climb_cruise,431.1,431.1,34997.5,-3067,-9.35,-95.47,331.93,5.39,15.0,125.0,0,0,3.72,-14.35,-4.00,-0.079,0.114,0.012,1.000,0.100,0.100,0.100,1,13.2,102.0,763,804,1,0,1,0,16,416,115,0
14.30,climb_cruise,431.1,431.1,34996.4,-3114,-9.44,-95.75,331.86,5.41,15.0,125.0,0,0,3.74,-14.36,-4.00,-0.079,0.114,0.012,1.000,0.100,0.100,0.100,1,13.1,102.0,763,804,1,0,1,0,16,416,115,0
14.32,climb_cruise,431.1,431.1,34995.4,-3161,-9.53,-96.03,331.80,5.43,15.0,125.0,0,0,3.77,-14.36,-4.00,-0.079,0.114,0.012,1.000,0.100,0.100,0.100,1,13.1,102.0,763,804,1,0,1,0,16,416,115,0
14.34,climb_cruise,431.1,431.1,34994.3,-3209,-9.61,-96.30,331.73,5.45,15.0,125.0,0,0,3.79,-14.37,-4.01,-0.079,0.114,0.012,1.000,0.100,0.100,0.100,1,13.1,102.0,763,804,1,0,1,0,16,416,115,0
14.36,climb_cruise,431.1,431.1,34993.2,-3257,-9.70,-96.58,331.66,5.46,15.0,125.0,0,0,3.81,-14.37,-4.01,-0.079,0.114,0.012,1.000,0.100,0.100,0.100,1,13.1,102.0,763,804,1,0,1,0,16,416,115,0
14.38,climb_cruise,431.1,431.1,34992.2,-3305,-9.79,-96.85,331.59,5.48,15.0,125.0,0,0,3.83,-14.38,-4.01,-0.079,0.114,0.012,1.000,0.100,0.100,0.100,1,13.0,102.0,763,804,1,0,1,0,16,416,116,0
14.40,climb_cruise,431.1,431.1,34991.0,-3353,-9.88,-97.13,331.53,5.50,15.0,125.0,0,0,3.85,-14.38,-4.01,-0.079,0.114,0.012,1.000,0.100,0.100,0.100,1,13.0,102.0,763,804,1,0,1,0,16,416,116,0
14.42,climb_cruise,431.1,431.1,34989.9,-3402,-9.97,-97.41,331.46,5.52,15.0,125.0,0,0,3.87,-14.39,-4.02,-0.079,0.114,0.012,1.000,0.100,0.100,0.100,1,13.0,102.0,763,804,1,0,1,0,16,416,114,0
14.44,climb_cruise,431.1,431.1,34988.8,-3451,-10.06,-97.68,331.39,5.53,15.0,125.0,0,0,3.88,-14.39,-4.02,-0.079,0.114,0.012,1.000,0.100,0.100,0.100,1,12.9,102.0,763,804,1,0,1,0,16,416,115,0
14.46,climb_cruise,431.1,431.1,34987.6,-3500,-10.15,-97.96,331.33,5.55,15.0,125.0,0,0,3.90,-14.40,-4.02,-0.079,0.114,0.012,1.000,0.100,0.100,0.100,1,12.9,102.0,763,804,1,0,1,0,16,416,114,0
14.48,climb_cruise,431.1,431.1,34986.5,-3550,-10.24,-98.23,331.26,5.57,15.0,125.0,0,0,3.92,-14.40,-4.02,-0.079,0.114,0.012,1.000,0.100,0.100,0.100,1,12.9,102.0,763,804,1,0,1,0,16,416,114,0
14.50,climb_cruise,431.1,431.1,34985.3,-3599,-10.33,-98.51,331.19,5.59,15.0,125.0,0,0,3.94,-14.41,-4.03,-0.079,0.114,0.012,1.000,0.100,0.100,0.100,1,12.9,102.0,763,804,1,0,1,0,16,416,116,0
14.52,climb_cruise,431.1,431.1,34984.1,-3650,-10.42,-98.79,331.12,5.60,15.0,125.0,0,0,3.96,-14.41,-4.03,-0.079,0.114,0.012,1.000,0.100,0.100,0.100,1,12.8,102.0,763,804,1,0,1,0,16,416,116,0
14.54,climb_cruise,431.1,431.1,34982.8,-3700,-10.51,-99.06,331.06,5.62,15.0,125.0,0,0,3.97,-14.41,-4.03,-0.079,0.114,0.012,1.000,0.100,0.100,0.100,1,12.8,102.0,763,804,1,0,1,0,16,416,115,0
14.56,climb_cruise,431.1,431.1,34981.6,-3751,-10.61,-99.34,330.99,5.64,15.0,125.0,0,0,3.99,-14.42,-4.03,-0.079,0.114,0.012,1.000,0.100,0.100,0.100,1,12.8,102.0,763,804,1,0,1,0,16,416,115,0
14.58,climb_cruise,431.1,431.1,34980.3,-3802,-10.70,-99.62,330.92,5.65,15.0,125.0,0,0,4.01,-14.42,-4.04,-0.079,0.114,0.012,1.000,0.100,0.100,0.100,1,12.8,102.0,763,804,1,0,1,0,16,416,116,0
14.60,climb_cruise,431.1,431.1,34979.1,-3853,-10.79,-99.89,330.86,5.67,15.0,125.0,0,0,4.03,-14.43,-4.04,-0.079,0.114,0.012,1.000,0.100,0.100,0.100,1,12.7,102.0,763,804,1,0,1,0,16,416,115,0
14.62,climb_cruise,431.1,431.1,34977.8,-3905,-10.89,-100.17,330.79,5.69,15.0,125.0,0,0,4.05,-14.43,-4.04,-0.079,0.114,0.012,1.000,0.100,0.100,0.100,1,12.7,102.0,763,804,1,0,1,0,16,416,116,0
14.64,climb_cruise,431.1,431.1,34976.5,-3957,-10.98,-100.44,330.72,5.71,15.0,125.0,0,0,4.06,-14.44,-4.04,-0.079,0.114,0.012,1.000,0.100,0.100,0.100,1,12.7,102.0,763,804,1,0,1,0,16,416,115,0
14.66,climb_cruise,431.1,431.1,34975.1,-4009,-11.07,-100.72,330.66,5.72,15.0,125.0,0,0,4.08,-14.44,-4.05,-0.079,0.114,0.012,1.000,0.100,0.100,0.100,1,12.7,102.0,763,804,1,0,1,0,16,416,115,0
14.68,climb_cruise,431.1,431.1,34973.8,-4061,-11.17,-101.00,330.59,5.74,15.0,125.0,0,0,4.10,-14.44,-4.05,-0.079,0.114,0.012,1.000,0.100,0.100,0.100,1,12.6,102.0,763,804,1,0,1,0,16,416,115,0
14.70,climb_cruise,431.1,431.1,34972.4,-4114,-11.26,-101.27,330.52,5.76,15.0,125.0,0,0,4.12,-14.45,-4.05,-0.079,0.114,0.012,1.000,0.100,0.100,0.100,1,12.6,102.0,763,804,1,0,1,0,16,416,116,0
14.72,climb_cruise,431.1,431.1,34971.1,-4167,-11.36,-101.55,330.46,5.78,15.0,125.0,0,0,4.14,-14.45,-4.05,-0.079,0.114,0.012,1.000,0.100,0.100,0.100,1,12.6,102.0,763,804,1,0,1,0,16,416,115,0
14.74,climb_cruise,431.1,431.1,34969.7,-4221,-11.46,-101.82,330.39,5.79,15.0,125.0,0,0,4.15,-14.46,-4.05,-0.079,0.114,0.012,1.000,0.100,0.100,0.100,1,12.6,102.0,763,804,1,0,1,0,16,416,114,0
14.76,climb_cruise,431.1,431.1,34968.2,-4274,-11.55,-102.10,330.33,5.81,15.0,125.0,0,0,4.17,-14.46,-4.05,-0.079,0.114,0.012,1.000,0.100,0.100,0.100,1,12.5,102.0,763,804,1,0,1,0,16,416,115,0
14.78,climb_cruise,431.1,431.1,34966.8,-4328,-11.65,-102.38,330.26,5.83,15.0,125.0,0,0,4.19,-14.46,-4.06,-0.079,0.114,0.012,1.000,0.100,0.100,0.100,1,12.5,102.0,763,804,1,0,1,0,16,416,115,0
14.80,climb_cruise,431.1,431.1,34965.4,-4383,-11.75,-102.65,330.19,5.84,15.0,125.0,0,0,4.21,-14.47,-4.06,-0.079,0.114,0.012,1.000,0.100,0.100,0.100,1,12.5,102.0,763,804,1,0,1,0,16,416,116,0
14.82,climb_cruise,431.1,431.1,34963.9,-4437,-11.85,-102.93,330.13,5.86,15.0,125.0,0,0,4.23,-14.47,-4.06,-0.079,0.114,0.012,1.000,0.100,0.100,0.100,1,12.5,102.0,763,804,1,0,1,0,16,416,115,0
14.84,climb_cruise,431.1,431.1,34962.4,-4492,-11.94,-103.20,330.06,5.88,15.0,125.0,0,0,4.25,-14.48,-4.06,-0.079,0.114,0.012,1.000,0.100,0.100,0.100,1,12.4,102.0,763,804,1,0,1,0,16,416,116,0
14.86,climb_cruise,431.1,431.1,34960.9,-4548,-12.04,-103.48,330.00,5.90,15.0,125.0,0,0,4.27,-14.48,-4.06,-0.079,0.114,0.012,1.000,0.100,0.100,0.100,1,12.4,102.0,763,804,1,0,1,0,16,416,115,0
14.88,climb_cruise,431.1,431.1,34959.4,-4603,-12.14,-103.76,329.93,5.91,15.0,125.0,0,0,4.28,-14.48,-4.06,-0.079,0.114,0.012,1.000,0.100,0.100,0.100,1,12.4,102.0,763,804,1,0,1,0,16,416,115,0
14.90,climb_cruise,431.1,431.1,34957.8,-4659,-12.24,-104.03,329.87,5.93,15.0,125.0,0,0,4.30,-14.49,-4.07,-0.079,0.114,0.012,1.000,0.100,0.100,0.100,1,12.4,102.0,763,804,1,0,1,0,16,416,116,0
14.92,climb_cruise,431.1,431.1,34956.3,-4715,-12.34,-104.31,329.80,5.95,15.0,125.0,0,0,4.32,-14.49,-4.07,-0.079,0.114,0.012,1.000,0.100,0.100,0.100,1,12.3,102.0,763,804,1,0,1,0,16,416,116,0
14.94,climb_cruise,431.1,431.1,34954.7,-4772,-12.44,-104.58,329.74,5.97,15.0,125.0,0,0,4.34,-14.50,-4.07,-0.079,0.114,0.012,1.000,0.100,0.100,0.100,1,12.3,102.0,763,804,1,0,1,0,16,416,116,0
14.96,climb_cruise,431.1,431.1,34953.1,-4828,-12.54,-104.86,329.67,5.98,15.0,125.0,0,0,4.36,-14.50,-4.07,-0.079,0.114,0.012,1.000,0.100,0.100,0.100,1,12.3,102.0,763,804,1,0,1,0,16,416,115,0
14.98,climb_cruise,431.2,431.2,34951.5,-4885,-12.64,-105.13,329.61,6.00,15.0,125.0,0,0,4.38,-14.50,-4.07,-0.079,0.114,0.012,1.000,0.100,0.100,0.100,1,12.3,102.0,763,804,1,0,1,0,16,416,115,0
15.00,climb_cruise,431.2,431.2,34949.8,-4943,-12.75,-105.41,329.54,6.02,15.0,125.0,0,0,4.40,-14.51,-4.07,-0.079,0.114,0.012,1.000,0.100,0.100,0.100,1,12.2,102.0,763,804,1,0,1,0,16,416,115,0
15.02,climb_cruise,431.2,431.2,34948.2,-5000,-12.85,-105.69,329.48,6.03,15.0,125.0,0,0,4.41,-14.51,-4.07,-0.079,0.114,0.012,1.000,0.100,0.100,0.100,1,12.2,102.0,763,804,1,0,1,0,16,416,114,0
15.04,climb_cruise,431.2,431.2,34946.5,-5058,-12.95,-105.96,329.41,6.05,15.0,125.0,0,0,4.43,-14.51,-4.07,-0.079,0.114,0.012,1.000,0.100,0.100,0.100,1,12.2,102.0,763,804,1,0,1,0,16,416,115,0
15.06,climb_cruise,431.2,431.2,34944.8,-5117,-13.05,-106.24,329.35,6.07,15.0,125.0,0,0,4.45,-14.52,-4.07,-0.079,0.114,0.012,1.000,0.100,0.100,0.100,1,12.2,102.0,763,804,1,0,1,0,16,416,116,0
15.08,climb_cruise,431.2,431.2,34943.1,-5175,-13.16,-106.51,329.28,6.09,15.0,125.0,0,0,4.47,-14.52,-4.07,-0.079,0.114,0.012,1.000,0.100,0.100,0.100,1,12.1,102.0,763,804,1,0,1,0,16,416,115,0
15.10,climb_cruise,431.2,431.2,34941.4,-5234,-13.26,-106.79,329.22,6.10,15.0,125.0,0,0,4.49,-14.53,-4.07,-0.079,0.114,0.012,1.000,0.100,0.100,0.100,1,12.1,102.0,763,804,1,0,1,0,16,416,115,0
15.12,climb_cruise,431.2,431.2,34939.6,-5293,-13.36,-107.07,329.16,6.12,15.0,125.0,0,0,4.51,-14.53,-4.07,-0.079,0.114,0.012,1.000,0.100,0.100,0.100,1,12.1,102.0,763,804,1,0,1,0,16,416,115,0
15.14,climb_cruise,431.2,431.2,34937.9,-5353,-13.47,-107.34,329.09,6.14,15.0,125.0,0,0,4.52,-14.53,-4.08,-0.079,0.114,0.012,1.000,0.100,0.100,0.100,1,12.1,102.0,763,804,1,0,1,0,16,416,115,0
15.16,climb_cruise,431.2,431.2,34936.1,-5413,-13.57,-107.62,329.03,6.16,15.0,125.0,0,0,4.54,-14.54,-4.08,-0.079,0.114,0.012,1.000,0.100,0.100,0.100,1,12.0,102.0,763,804,1,0,1,0,16,416,114,0
15.18,climb_cruise,431.3,431.3,34934.3,-5473,-13.68,-107.89,328.96,6.17,15.0,125.0,0,0,4.56,-14.54,-4.08,-0.079,0.114,0.012,1.000,0.100,0.100,0.100,1,12.0,102.0,763,804,1,0,1,0,16,416,115,0
15.20,climb_cruise,431.3,431.3,34932.4,-5533,-13.78,-108.17,328.90,6.19,15.0,125.0,0,0,4.58,-14.54,-4.08,-0.079,0.114,0.012,1.000,0.100,0.100,0.100,1,12.0,102.0,763,804,1,0,1,0,16,416,114,0
15.22,climb_cruise,431.3,431.3,34930.6,-5594,-13.89,-108.44,328.84,6.21,15.0,125.0,0,0,4.60,-14.55,-4.08,-0.079,0.114,0.012,1.000,0.100,0.100,0.100,1,12.0,102.0,763,804,1,0,1,0,16,416,115,0
15.24,climb_cruise,431.3,431.3,34928.7,-5655,-14.00,-108.72,328.77,6.22,15.0,125.0,0,0,4.62,-14.55,-4.08,-0.079,0.114,0.012,1.000,0.100,0.100,0.100,1,12.0,102.0,763,804,1,0,1,0,16,416,116,0
15.26,climb_cruise,431.3,431.3,34926.8,-5716,-14.10,-109.00,328.71,6.24,15.0,125.0,0,0,4.63,-14.55,-4.08,-0.079,0.114,0.012,1.000,0.100,0.100,0.100,1,11.9,102.0,763,804,1,0,1,0,16,416,115,0
15.28,climb_cruise,431.3,431.3,34924.9,-5778,-14.21,-109.27,328.65,6.26,15.0,125.0,0,0,4.65,-14.56,-4.08,-0.079,0.114,0.012,1.000,0.100,0.100,0.100,1,11.9,102.0,763,804,1,0,1,0,16,416,116,0
15.30,climb_cruise,431.3,431.3,34923.0,-5840,-14.32,-109.55,328.58,6.28,15.0,125.0,0,0,4.67,-14.56,-4.08,-0.079,0.114,0.012,1.000,0.100,0.100,0.100,1,11.9,102.0,763,804,1,0,1,0,16,416,115,0
15.32,climb_cruise,431.4,431.4,34921.0,-5902,-14.43,-109.82,328.52,6.29,15.0,125.0,0,0,4.69,-14.56,-4.08,-0.079,0.114,0.012,1.000,0.100,0.100,0.100,1,11.9,102.0,763,804,1,0,1,0,16,416,115,0
15.34,climb_cruise,431.4,431.4,34919.0,-5965,-14.54,-110.10,328.46,6.31,15.0,125.0,0,0,4.71,-14.56,-4.08,-0.079,0.114,0.012,1.000,0.100,0.100,0.100,1,11.8,102.0,763,804,1,0,1,0,16,416,115,0
15.36,climb_cruise,431.4,431.4,34917.0,-6028,-14.65,-110.37,328.40,6.33,15.0,125.0,0,0,4.72,-14.57,-4.08,-0.079,0.114,0.012,1.000,0.100,0.100,0.100,1,11.8,102.0,763,804,1,0,1,0,16,416,115,0
15.38,climb_cruise,431.4,431.4,34915.0,-6091,-14.76,-110.65,328.34,6.35,15.0,125.0,0,0,4.74,-14.57,-4.07,-0.079,0.114,0.012,1.000,0.100,0.100,0.100,1,11.8,102.0,763,804,1,0,1,0,16,416,116,0
15.40,climb_cruise,431.4,431.4,34913.0,-6155,-14.87,-110.92,328.27,6.36,15.0,125.0,0,0,4.76,-14.57,-4.07,-0.079,0.114,0.012,1.000,0.100,0.100,0.100,1,11.8,102.0,763,804,1,0,1,0,16,416,116,0
15.42,climb_cruise,431.4,431.4,34910.9,-6219,-14.98,-111.20,328.21,6.38,15.0,125.0,0,0,4.78,-14.58,-4.07,-0.079,0.114,0.012,1.000,0.100,0.100,0.100,1,11.7,102.0,763,804,1,0,1,0,16,416,115,0
15.44,climb_cruise,431.5,431.5,34908.8,-6283,-15.09,-111.48,328.15,6.40,15.0,125.0,0,0,4.80,-14.58,-4.07,-0.079,0.114,0.012,1.000,0.100,0.100,0.100,1,11.7,102.0,763,804,1,0,1,0,16,416,116,0
15.46,climb_cruise,431.5,431.5,34906.7,-6347,-15.20,-111.75,328.09,6.41,15.0,125.0,0,0,4.81,-14.58,-4.07,-0.079,0.114,0.012,1.000,0.100,0.100,0.100,1,11.7,102.0,763,804,1,0,1,0,16,416,115,0
15.48,climb_cruise,431.5,431.5,34904.6,-6412,-15.31,-112.03,328.03,6.43,15.0,125.0,0,0,4.83,-14.59,-4.07,-0.079,0.114,0.012,1.000,0.100,0.100,0.100,1,11.7,102.0,763,804,1,0,1,0,16,416,115,0
15.50,climb_cruise,431.5,431.5,34902.5,-6477,-15.42,-112.30,327.97,6.45,15.0,125.0,0,0,4.85,-14.59,-4.07,-0.079,0.114,0.012,1.000,0.100,0.100,0.100,1,11.6,102.0,763,804,1,0,1,0,16,416,114,0
15.52,climb_cruise,431.5,431.5,34900.3,-6542,-15.53,-112.58,327.90,6.47,15.0,125.0,0,0,4.87,-14.59,-4.07,-0.079,0.114,0.012,1.000,0.100,0.100,0.100,1,11.6,102.0,763,804,1,0,1,0,16,416,115,0
15.54,climb_cruise,431.5,431.5,34898.1,-6608,-15.65,-112.85,327.84,6.48,15.0,125.0,0,0,4.89,-14.59,-4.07,-0.079,0.114,0.012,1.000,0.100,0.100,0.100,1,11.6,102.0,763,804,1,0,1,0,16,416,115,0
15.56,climb_cruise,431.6,431.6,34895.9,-6674,-15.76,-113.13,327.78,6.50,15.0,125.0,0,0,4.90,-14.60,-4.07,-0.079,0.114,0.012,1.000,0.100,0.100,0.100,1,11.6,102.0,763,804,1,0,1,0,16,416,116,0
15.58,climb_cruise,431.6,431.6,34893.7,-6741,-15.87,-113.40,327.72,6.52,15.0,125.0,0,0,4.92,-14.60,-4.07,-0.079,0.114,0.012,1.000,0.100,0.100,0.100,1,11.6,102.0,763,804,1,0,1,0,16,416,115,0
15.60,climb_cruise,431.6,431.6,34891.4,-6807,-15.99,-113.68,327.66,6.54,15.0,125.0,0,0,4.94,-14.60,-4.07,-0.079,0.114,0.012,1.000,0.100,0.100,0.100,1,11.5,102.0,763,804,1,0,1,0,16,416,115,0
15.62,climb_cruise,431.6,431.6,34889.1,-6874,-16.10,-113.96,327.60,6.55,15.0,125.0,0,0,4.96,-14.60,-4.06,-0.079,0.114,0.012,1.000,0.100,0.100,0.100,1,11.5,102.0,763,804,1,0,1,0,16,416,114,0
15.64,climb_cruise,431.7,431.7,34886.8,-6941,-16.22,-114.23,327.54,6.57,15.0,125.0,0,0,4.98,-14.61,-4.06,-0.079,0.114,0.012,1.000,0.100,0.100,0.100,1,11.5,102.0,763,804,1,0,1,0,16,416,114,0
15.66,climb_cruise,431.7,431.7,34884.5,-7009,-16.33,-114.51,327.48,6.59,15.0,125.0,0,0,4.99,-14.61,-4.06,-0.079,0.114,0.013,1.000,0.100,0.100,0.100,1,11.5,102.0,763,804,1,0,1,0,16,416,116,0
15.68,climb_cruise,431.7,431.7,34882.2,-7077,-16.45,-114.78,327.42,6.61,15.0,125.0,0,0,5.01,-14.61,-4.06,-0.079,0.114,0.013,1.000,0.100,0.100,0.100,1,11.4,102.0,763,804,1,0,1,0,16,416,115,0
15.70,climb_cruise,431.7,431.7,34879.8,-7145,-16.56,-115.06,327.36,6.62,15.0,125.0,0,0,5.03,-14.61,-4.06,-0.079,0.114,0.013,1.000,0.100,0.100,0.100,1,11.4,102.0,763,804,1,0,1,0,16,416,115,0
15.72,climb_cruise,431.8,431.8,34877.4,-7214,-16.68,-115.33,327.31,6.64,15.0,125.0,0,0,5.05,-14.61,-4.06,-0.079,0.114,0.013,1.000,0.100,0.100,0.100,1,11.4,102.0,763,804,1,0,1,0,16,416,114,0
15.74,climb_cruise,431.8,431.8,34875.0,-7282,-16.80,-115.61,327.25,6.66,15.0,125.0,0,0,5.06,-14.62,-4.06,-0.079,0.114,0.013,1.000,0.100,0.100,0.100,1,11.4,102.0,763,804,1,0,1,0,16,416,115,0
15.76,climb_cruise,431.8,431.8,34872.5,-7352,-16.91,-115.90,327.19,6.67,15.0,125.0,0,0,4.73,-15.88,-4.10,-0.028,0.040,0.005,1.000,0.100,0.100,0.100,1,11.3,102.0,763,804,1,0,1,0,16,416,116,0
15.78,climb_cruise,431.8,431.8,34870.1,-7421,-17.03,-116.20,327.14,6.68,15.0,125.0,0,0,4.43,-16.45,-4.14,-0.023,0.034,0.004,1.000,0.100,0.100,0.100,1,11.3,102.0,763,804,1,0,1,0,16,416,116,0
15.80,climb_cruise,431.9,431.9,34867.6,-7491,-17.14,-116.52,327.10,6.69,15.0,125.0,0,0,4.21,-16.68,-4.17,-0.023,0.034,0.004,1.000,0.100,0.100,0.100,1,11.3,102.0,763,804,1,0,1,0,16,416,115,0
15.82,climb_cruise,431.9,431.9,34865.1,-7561,-17.25,-116.85,327.06,6.69,15.0,125.0,0,0,4.05,-16.78,-4.21,-0.023,0.034,0.004,1.000,0.100,0.100,0.100,1,11.3,102.0,763,804,1,0,1,0,16,416,116,0
15.84,climb_cruise,431.9,431.9,34862.6,-7632,-17.36,-117.17,327.03,6.69,15.0,125.0,0,0,3.96,-16.82,-4.24,-0.023,0.034,0.004,1.000,0.100,0.100,0.100,1,11.3,102.0,763,804,1,0,1,0,16,416,114,0
15.86,climb_cruise,431.9,431.9,34860.0,-7702,-17.47,-117.50,326.99,6.69,15.0,125.0,0,0,3.92,-16.85,-4.26,-0.023,0.034,0.004,1.000,0.100,0.100,0.100,1,11.2,102.0,763,804,1,0,1,0,16,416,114,0
15.88,climb_cruise,432.0,432.0,34857.4,-7773,-17.59,-117.83,326.96,6.68,15.0,125.0,0,0,3.94,-16.87,-4.28,-0.023,0.034,0.004,1.000,0.100,0.100,0.100,1,11.2,102.0,763,804,1,0,1,0,16,416,115,0
15.90,climb_cruise,432.0,432.0,34854.8,-7845,-17.70,-118.15,326.93,6.68,15.0,125.0,0,0,3.99,-16.88,-4.30,-0.023,0.034,0.004,1.000,0.100,0.100,0.100,1,11.2,102.0,763,804,1,0,1,0,16,416,115,0
15.92,climb_cruise,432.0,432.0,34852.2,-7916,-17.81,-118.48,326.90,6.68,15.0,125.0,0,0,4.07,-16.90,-4.31,-0.023,0.034,0.004,1.000,0.100,0.100,0.100,1,11.2,102.0,763,804,1,0,1,0,16,416,116,0
15.94,climb_cruise,432.1,432.1,34849.6,-7988,-17.93,-118.81,326.87,6.68,15.0,125.0,0,0,4.17,-16.91,-4.32,-0.023,0.034,0.004,1.000,0.100,0.100,0.100,1,11.1,102.0,763,804,1,0,1,0,16,416,114,0
15.96,climb_cruise,432.1,432.1,34846.9,-8061,-18.05,-119.14,326.83,6.68,15.0,125.0,0,0,4.30,-16.92,-4.33,-0.023,0.034,0.004,1.000,0.100,0.100,0.100,1,11.1,102.0,763,804,1,0,1,0,16,416,114,0
15.98,climb_cruise,432.1,432.1,34844.2,-8133,-18.16,-119.47,326.80,6.68,15.0,125.0,0,0,4.43,-16.93,-4.34,-0.023,0.034,0.004,1.000,0.100,0.100,0.100,1,11.1,102.0,763,804,1,0,1,0,16,416,115,0
16.00,climb_cruise,432.2,432.2,34841.5,-8206,-18.28,-119.79,326.76,6.69,15.0,125.0,0,0,4.56,-16.94,-4.34,-0.023,0.034,0.004,1.000,0.100,0.100,0.100,1,11.1,102.0,763,804,1,0,1,0,16,416,116,0
16.02,climb_cruise,432.2,432.2,34838.7,-8279,-18.40,-120.12,326.72,6.69,15.0,125.0,0,0,4.69,-16.94,-4.33,-0.023,0.034,0.004,1.000,0.100,0.100,0.100,1,11.1,102.0,763,804,1,0,1,0,16,416,116,0
16.04,climb_cruise,432.2,432.2,34836.0,-8353,-18.53,-120.45,326.68,6.71,15.0,125.0,0,0,4.81,-16.95,-4.33,-0.023,0.034,0.004,1.000,0.100,0.100,0.100,1,11.0,102.0,763,804,1,0,1,0,16,416,114,0
16.06,climb_cruise,432.3,432.3,34833.2,-8427,-18.65,-120.77,326.64,6.72,15.0,125.0,0,0,4.93,-16.95,-4.32,-0.023,0.034,0.004,1.000,0.100,0.100,0.100,1,11.0,102.0,763,804,1,0,1,0,16,416,114,0
16.08,climb_cruise,432.3,432.3,34830.3,-8501,-18.78,-121.10,326.60,6.73,15.0,125.0,0,0,5.04,-16.96,-4.31,-0.023,0.034,0.004,1.000,0.100,0.100,0.100,1,11.0,102.0,763,804,1,0,1,0,16,416,115,0
16.10,climb_cruise,432.3,432.3,34827.5,-8576,-18.90,-121.42,326.55,6.75,15.0,125.0,0,0,5.13,-16.96,-4.31,-0.023,0.034,0.004,1.000,0.100,0.100,0.100,1,11.0,102.0,763,804,1,0,1,0,16,416,115,0
16.12,climb_cruise,432.4,432.4,34824.6,-8650,-19.03,-121.75,326.51,6.77,15.0,125.0,0,0,5.21,-16.96,-4.30,-0.023,0.034,0.004,1.000,0.100,0.100,0.100,1,10.9,102.0,763,804,1,0,1,0,16,416,114,0
16.14,climb_cruise,432.4,432.4,34821.7,-8726,-19.16,-122.07,326.46,6.78,15.0,125.0,0,0,5.28,-16.97,-4.28,-0.023,0.034,0.004,1.000,0.100,0.100,0.100,1,10.9,102.0,763,804,1,0,1,0,16,416,115,0
16.16,climb_cruise,432.4,432.4,34818.8,-8801,-19.29,-122.39,326.41,6.80,15.0,125.0,0,0,5.33,-16.97,-4.27,-0.023,0.034,0.004,1.000,0.100,0.100,0.100,1,10.9,102.0,763,804,1,0,1,0,16,416,115,0
16.18,climb_cruise,432.5,432.5,34815.9,-8877,-19.42,-122.72,326.37,6.82,15.0,125.0,0,0,5.37,-16.97,-4.26,-0.023,0.034,0.004,1.000,0.100,0.100,0.100,1,10.9,102.0,763,804,1,0,1,0,16,416,115,0
16.20,climb_cruise,432.5,432.5,34812.9,-8953,-19.55,-123.04,326.32,6.84,15.0,125.0,0,0,5.41,-16.97,-4.25,-0.023,0.034,0.004,1.000,0.100,0.100,0.100,1,10.9,102.0,763,804,1,0,1,0,16,416,115,0
16.22,climb_cruise,432.6,432.6,34809.9,-9030,-19.68,-123.37,326.27,6.87,15.0,125.0,0,0,5.43,-16.97,-4.24,-0.023,0.034,0.004,1.000,0.100,0.100,0.100,1,10.8,102.0,763,804,1,0,1,0,16,416,115,0
16.24,climb_cruise,432.6,432.6,34806.9,-9107,-19.81,-123.69,326.23,6.89,15.0,125.0,0,0,5.45,-16.97,-4.23,-0.023,0.034,0.004,1.000,0.100,0.100,0.100,1,10.8,102.0,763,804,1,0,1,0,16,416,115,0
16.26,climb_cruise,432.6,432.6,34803.9,-9185,-19.94,-124.01,326.18,6.91,15.0,125.0,0,0,5.45,-16.97,-4.22,-0.023,0.034,0.004,1.000,0.100,0.100,0.100,1,10.8,102.0,763,804,1,0,1,0,16,416,116,0
16.28,climb_cruise,432.7,432.7,34800.8,-9262,-20.07,-124.34,326.14,6.93,15.0,125.0,0,0,5.46,-16.97,-4.21,-0.023,0.034,0.004,1.000,0.100,0.100,0.100,1,10.8,102.0,763,804,1,0,1,0,16,416,115,0
16.30,climb_cruise,432.7,432.7,34797.7,-9340,-20.20,-124.66,326.09,6.95,15.0,125.0,0,0,5.46,-16.97,-4.20,-0.023,0.034,0.004,1.000,0.100,0.100,0.100,1,10.8,102.0,763,804,1,0,1,0,16,416,115,0
16.32,climb_cruise,432.8,432.8,34794.6,-9419,-20.33,-124.98,326.05,6.97,15.0,125.0,0,0,5.46,-16.96,-4.19,-0.023,0.034,0.004,1.000,0.100,0.100,0.100,1,10.7,102.0,763,804,1,0,1,0,16,416,115,0
16.34,climb_cruise,432.8,432.8,34791.4,-9497,-20.46,-125.31,326.00,6.99,15.0,125.0,0,0,5.46,-16.96,-4.18,-0.023,0.034,0.004,1.000,0.100,0.100,0.100,1,10.7,102.0,763,804,1,0,1,0,16,416,115,0
16.36,climb_cruise,432.8,432.8,34788.2,-9577,-20.60,-125.63,325.96,7.01,15.0,125.0,0,0,5.45,-16.96,-4.18,-0.023,0.034,0.004,1.000,0.100,0.100,0.100,1,10.7,102.0,763,804,1,0,1,0,16,416,116,0
16.38,climb_cruise,432.9,432.9,34785.0,-9656,-20.73,-125.96,325.92,7.03,15.0,125.0,0,0,5.45,-16.96,-4.17,-0.023,0.034,0.004,1.000,0.100,0.100,0.100,1,10.7,102.0,763,804,1,0,1,0,16,416,115,0
16.40,climb_cruise,432.9,432.9,34781.8,-9736,-20.86,-126.28,325.87,7.04,15.0,125.0,0,0,5.45,-16.96,-4.16,-0.023,0.034,0.004,1.000,0.100,0.100,0.100,1,10.6,102.0,763,804,1,0,1,0,16,416,116,0
16.42,climb_cruise,433.0,433.0,34778.5,-9816,-20.99,-126.61,325.83,7.06,15.0,125.0,0,0,5.45,-16.96,-4.16,-0.023,0.034,0.004,1.000,0.100,0.100,0.100,1,10.6,102.0,763,804,1,0,1,0,16,416,116,0
16.44,climb_cruise,433.0,433.0,34775.3,-9896,-21.12,-126.93,325.79,7.08,15.0,125.0,0,0,5.46,-16.96,-4.15,-0.023,0.034,0.004,1.000,0.100,0.100,0.100,1,10.6,102.0,763,804,1,0,1,0,16,416,116,0
16.46,climb_cruise,433.1,433.1,34772.0,-9977,-21.25,-127.26,325.75,7.10,15.0,125.0,0,0,5.46,-16.96,-4.15,-0.023,0.034,0.004,1.000,0.100,0.100,0.100,1,10.6,102.0,763,804,1,0,1,0,16,416,115,0
16.48,climb_cruise,433.1,433.1,34768.6,-10058,-21.39,-127.58,325.71,7.11,15.0,125.0,0,0,5.47,-16.96,-4.14,-0.023,0.034,0.004,1.000,0.100,0.100,0.100,1,10.6,102.0,763,804,1,0,1,0,16,416,115,0
16.50,climb_cruise,433.1,433.1,34765.3,-10140,-21.52,-127.91,325.68,7.13,15.0,125.0,0,0,5.48,-16.96,-4.14,-0.023,0.034,0.004,1.000,0.100,0.100,0.100,1,10.5,102.0,763,804,1,0,1,0,16,416,115,0
16.52,climb_cruise,433.2,433.2,34761.9,-10222,-21.65,-128.23,325.64,7.15,15.0,125.0,0,0,5.50,-16.96,-4.13,-0.023,0.034,0.004,1.000,0.100,0.100,0.100,1,10.5,102.0,763,804,1,0,1,0,16,416,115,0
16.54,climb_cruise,433.2,433.2,34758.5,-10304,-21.78,-128.56,325.60,7.16,15.0,125.0,0,0,5.51,-16.96,-4.13,-0.023,0.034,0.004,1.000,0.100,0.100,0.100,1,10.5,102.0,763,804,1,0,1,0,16,416,115,0
16.56,climb_cruise,433.3,433.3,34755.0,-10386,-21.92,-128.88,325.56,7.18,15.0,125.0,0,0,5.53,-16.96,-4.12,-0.023,0.034,0.004,1.000,0.100,0.100,0.100,1,10.5,102.0,763,804,1,0,1,0,16,416,115,0
16.58,climb_cruise,433.3,433.3,34751.5,-10469,-22.05,-129.21,325.53,7.20,15.0,125.0,0,0,5.55,-16.96,-4.12,-0.023,0.034,0.004,1.000,0.100,0.100,0.100,1,10.5,102.0,763,804,1,0,1,0,16,416,116,0
16.60,climb_cruise,433.4,433.4,34748.0,-10552,-22.19,-129.53,325.49,7.21,15.0,125.0,0,0,5.56,-16.96,-4.11,-0.023,0.034,0.004,1.000,0.100,0.100,0.100,1,10.4,102.0,763,804,1,0,1,0,16,416,115,0
16.62,climb_cruise,433.4,433.4,34744.5,-10635,-22.32,-129.86,325.45,7.23,15.0,125.0,0,0,5.58,-16.96,-4.11,-0.023,0.034,0.004,1.000,0.100,0.100,0.100,1,10.4,102.0,763,804,1,0,1,0,16,416,114,0
16.64,climb_cruise,433.5,433.5,34740.9,-10719,-22.46,-130.18,325.42,7.25,15.0,125.0,0,0,5.61,-16.96,-4.10,-0.023,0.034,0.004,1.000,0.100,0.100,0.100,1,10.4,102.0,763,804,1,0,1,0,16,416,116,0
16.66,climb_cruise,433.5,433.5,34737.4,-10803,-22.59,-130.51,325.38,7.26,15.0,125.0,0,0,5.63,-16.96,-4.10,-0.023,0.034,0.004,1.000,0.100,0.100,0.100,1,10.4,102.0,763,804,1,0,1,0,16,416,116,0
16.68,climb_cruise,433.6,433.6,34733.8,-10888,-22.73,-130.83,325.35,7.28,15.0,125.0,0,0,5.65,-16.96,-4.10,-0.023,0.034,0.004,1.000,0.100,0.100,0.100,1,10.4,102.0,763,804,1,0,1,0,16,416,116,0
16.70,climb_cruise,433.6,433.6,34730.1,-10972,-22.86,-131.16,325.31,7.30,15.0,125.0,0,0,5.67,-16.96,-4.09,-0.023,0.034,0.004,1.000,0.100,0.100,0.100,1,10.3,102.0,763,804,1,0,1,0,16,416,114,0
16.72,climb_cruise,433.7,433.7,34726.4,-11058,-23.00,-131.49,325.28,7.31,15.0,125.0,0,0,5.69,-16.96,-4.09,-0.023,0.034,0.004,1.000,0.100,0.100,0.100,1,10.3,102.0,763,804,1,0,1,0,16,416,115,0
16.74,climb_cruise,433.8,433.8,34722.7,-11143,-23.14,-131.81,325.25,7.33,15.0,125.0,0,0,5.71,-16.96,-4.08,-0.023,0.034,0.004,1.000,0.100,0.100,0.100,1,10.3,102.0,763,804,1,0,1,0,16,416,115,0
16.76,climb_cruise,433.8,433.8,34719.0,-11229,-23.27,-132.14,325.21,7.35,15.0,125.0,0,0,5.73,-16.96,-4.08,-0.023,0.034,0.004,1.000,0.100,0.100,0.100,1,10.3,102.0,763,804,1,0,1,0,16,416,115,0
16.78,climb_cruise,433.9,433.9,34715.3,-11315,-23.41,-132.46,325.18,7.37,15.0,125.0,0,0,5.75,-16.96,-4.07,-0.023,0.034,0.004,1.000,0.100,0.100,0.100,1,10.2,102.0,763,804,1,0,1,0,16,416,116,0
16.80,climb_cruise,433.9,433.9,34711.5,-11401,-23.55,-132.79,325.15,7.38,15.0,125.0,0,0,5.77,-16.96,-4.07,-0.023,0.034,0.004,1.000,0.100,0.100,0.100,1,10.2,102.0,763,804,1,0,1,0,16,416,116,0
16.82,climb_cruise,434.0,434.0,34707.7,-11488,-23.69,-133.12,325.12,7.40,15.0,125.0,0,0,5.79,-16.96,-4.06,-0.023,0.034,0.004,1.000,0.100,0.100,0.100,1,10.2,102.0,763,804,1,0,1,0,16,416,116,0
16.84,climb_cruise,434.0,434.0,34703.8,-11575,-23.83,-133.44,325.08,7.42,15.0,125.0,0,0,5.81,-16.96,-4.05,-0.023,0.034,0.004,1.000,0.100,0.100,0.100,1,10.2,102.0,763,804,1,0,1,0,16,416,115,0
16.86,climb_cruise,434.1,434.1,34700.0,-11662,-23.96,-133.77,325.05,7.44,15.0,125.0,0,0,5.83,-16.96,-4.05,-0.023,0.034,0.004,1.000,0.100,0.100,0.100,1,10.2,102.0,763,804,1,0,1,0,16,416,115,0
16.88,climb_cruise,434.1,434.1,34696.1,-11749,-24.10,-134.10,325.02,7.45,15.0,125.0,0,0,5.84,-16.96,-4.04,-0.023,0.034,0.004,1.000,0.100,0.100,0.100,1,10.1,102.0,763,804,1,0,1,0,16,416,116,0
16.90,climb_cruise,434.2,434.2,34692.1,-11837,-24.24,-134.42,324.99,7.47,15.0,125.0,0,0,5.86,-16.95,-4.04,-0.023,0.034,0.004,1.000,0.100,0.100,0.100,1,10.1,102.0,763,804,1,0,1,0,16,416,116,0
16.92,climb_cruise,434.3,434.3,34688.2,-11926,-24.38,-134.75,324.96,7.49,15.0,125.0,0,0,5.88,-16.95,-4.03,-0.023,0.034,0.004,1.000,0.100,0.100,0.100,1,10.1,102.0,763,804,1,0,1,0,16,416,115,0
16.94,climb_cruise,434.3,434.3,34684.2,-12014,-24.52,-135.08,324.93,7.51,15.0,125.0,0,0,5.89,-16.95,-4.02,-0.023,0.034,0.004,1.000,0.100,0.100,0.100,1,10.1,102.0,763,804,1,0,1,0,16,416,115,0
16.96,climb_cruise,434.4,434.4,34680.2,-12103,-24.66,-135.40,324.90,7.52,15.0,125.0,0,0,5.91,-16.95,-4.02,-0.023,0.034,0.004,1.000,0.100,0.100,0.100,1,10.1,102.0,763,804,1,0,1,0,16,416,114,0
16.98,climb_cruise,434.4,434.4,34676.1,-12192,-24.80,-135.73,324.88,7.54,15.0,125.0,0,0,5.93,-16.95,-4.01,-0.023,0.034,0.004,1.000,0.100,0.100,0.100,1,10.0,102.0,763,804,1,0,1,0,16,416,114,0
17.00,climb_cruise,434.5,434.5,34672.1,-12282,-24.95,-136.06,324.85,7.56,15.0,125.0,0,0,5.94,-16.95,-4.01,-0.023,0.034,0.005,1.000,0.100,0.100,0.100,1,10.0,102.0,763,804,1,0,1,0,16,416,116,0
17.02,climb_cruise,434.6,434.6,34668.0,-12371,-25.09,-136.39,324.82,7.58,15.0,125.0,0,0,5.96,-16.95,-4.00,-0.023,0.034,0.005,1.000,0.100,0.100,0.100,1,10.0,102.0,763,804,1,0,1,0,16,416,116,0
17.04,climb_cruise,434.6,434.6,34663.8,-12461,-25.23,-136.71,324.80,7.59,15.0,125.0,0,0,5.97,-16.95,-3.99,-0.023,0.034,0.005,1.000,0.100,0.100,0.100,1,10.0,102.0,763,804,1,0,1,0,16,416,115,0
17.06,climb_cruise,434.7,434.7,34659.7,-12552,-25.37,-137.04,324.77,7.61,15.0,125.0,0,0,5.99,-16.95,-3.99,-0.023,0.034,0.005,1.000,0.100,0.100,0.100,1,10.0,102.0,763,804,1,0,1,0,16,416,116,0
17.08,climb_cruise,434.8,434.8,34655.5,-12642,-25.51,-137.37,324.74,7.63,15.0,125.0,0,0,6.01,-16.95,-3.98,-0.023,0.034,0.005,1.000,0.100,0.100,0.100,1,9.9,102.0,763,804,1,0,1,0,16,416,115,0
17.10,climb_cruise,434.8,434.8,34651.2,-12733,-25.66,-137.70,324.72,7.65,15.0,125.0,0,0,6.02,-16.95,-3.97,-0.023,0.034,0.005,1.000,0.100,0.100,0.100,1,9.9,102.0,763,804,1,0,1,0,16,416,115,0
17.12,climb_cruise,434.9,434.9,34647.0,-12825,-25.80,-138.03,324.69,7.66,15.0,125.0,0,0,6.04,-16.94,-3.97,-0.023,0.034,0.005,1.000,0.100,0.100,0.100,1,9.9,102.0,763,804,1,0,1,0,16,416,115,0
17.14,climb_cruise,435.0,435.0,34642.7,-12916,-25.94,-138.35,324.67,7.68,15.0,125.0,0,0,6.05,-16.94,-3.96,-0.023,0.034,0.005,1.000,0.100,0.100,0.100,1,9.9,102.0,763,804,1,0,1,0,16,416,116,0
17.16,climb_cruise,435.0,435.0,34638.4,-13008,-26.08,-138.68,324.65,7.70,15.0,125.0,0,0,6.07,-16.94,-3.95,-0.023,0.034,0.005,1.000,0.100,0.100,0.100,1,9.9,102.0,763,804,1,0,1,0,16,416,115,0
17.18,climb_cruise,435.1,435.1,34634.0,-13100,-26.23,-139.01,324.62,7.71,15.0,125.0,0,0,6.08,-16.94,-3.95,-0.023,0.034,0.005,1.000,0.100,0.100,0.100,1,9.8,102.0,763,804,1,0,1,0,16,416,116,0
17.20,climb_cruise,435.2,435.2,34629.6,-13193,-26.37,-139.34,324.60,7.73,15.0,125.0,0,0,6.10,-16.94,-3.94,-0.023,0.034,0.005,1.000,0.100,0.100,0.100,1,9.8,102.0,763,804,1,0,1,0,16,416,114,0
17.22,climb_cruise,435.2,435.2,34625.2,-13286,-26.52,-139.67,324.58,7.75,15.0,125.0,0,0,6.12,-16.94,-3.93,-0.023,0.034,0.005,1.000,0.100,0.100,0.100,1,9.8,102.0,763,804,1,0,1,0,16,416,116,0
17.24,climb_cruise,435.3,435.3,34620.8,-13379,-26.66,-140.00,324.56,7.77,15.0,125.0,0,0,6.13,-16.93,-3.92,-0.023,0.034,0.005,1.000,0.100,0.100,0.100,1,9.8,102.0,763,804,1,0,1,0,16,416,115,0
17.26,climb_cruise,435.4,435.4,34616.3,-13472,-26.80,-140.33,324.54,7.78,15.0,125.0,0,0,6.15,-16.93,-3.92,-0.023,0.034,0.005,1.000,0.100,0.100,0.100,1,9.8,102.0,763,804,1,0,1,0,16,416,114,0
17.28,climb_cruise,435.4,435.4,34611.8,-13565,-26.95,-140.66,324.52,7.80,15.0,125.0,0,0,6.16,-16.93,-3.91,-0.023,0.034,0.005,1.000,0.100,0.100,0.100,1,9.7,102.0,763,804,1,0,1,0,16,416,116,0
17.30,climb_cruise,435.5,435.5,34607.3,-13659,-27.09,-140.99,324.50,7.82,15.0,125.0,0,0,6.18,-16.93,-3.90,-0.023,0.034,0.005,1.000,0.100,0.100,0.100,1,9.7,102.0,763,804,1,0,1,0,16,416,114,0
17.32,climb_cruise,435.6,435.6,34602.7,-13754,-27.24,-141.32,324.48,7.84,15.0,125.0,0,0,6.19,-16.93,-3.89,-0.023,0.034,0.005,1.000,0.100,0.100,0.100,1,9.7,102.0,763,804,1,0,1,0,16,416,116,0
17.34,climb_cruise,435.7,435.7,34598.1,-13848,-27.38,-141.65,324.46,7.85,15.0,125.0,0,0,6.21,-16.92,-3.89,-0.023,0.034,0.005,1.000,0.100,0.100,0.100,1,9.7,102.0,763,804,1,0,1,0,16,416,116,0
17.36,climb_cruise,435.7,435.7,34593.5,-13943,-27.53,-141.98,324.44,7.87,15.0,125.0,0,0,6.23,-16.92,-3.88,-0.023,0.034,0.005,1.000,0.100,0.100,0.100,1,9.7,102.0,763,804,1,0,1,0,16,416,115,0
17.38,climb_cruise,435.8,435.8,34588.8,-14038,-27.68,-142.31,324.43,7.89,15.0,125.0,0,0,6.24,-16.92,-3.87,-0.023,0.034,0.005,1.000,0.100,0.100,0.100,1,9.7,102.0,763,804,1,0,1,0,16,416,115,0
17.40,climb_cruise,435.9,435.9,34584.1,-14133,-27.82,-142.64,324.41,7.91,15.0,125.0,0,0,6.26,-16.92,-3.86,-0.023,0.034,0.005,1.000,0.100,0.100,0.100,1,9.6,102.0,763,804,1,0,1,0,16,416,114,0
17.42,climb_cruise,436.0,436.0,34579.4,-14229,-27.97,-142.97,324.39,7.92,15.0,125.0,0,0,6.27,-16.92,-3.86,-0.023,0.034,0.005,1.000,0.100,0.100,0.100,1,9.6,102.0,763,804,1,0,1,0,16,416,114,0
17.44,climb_cruise,436.0,436.0,34574.7,-14325,-28.12,-143.30,324.38,7.94,15.0,125.0,0,0,6.29,-16.91,-3.85,-0.023,0.034,0.005,1.000,0.100,0.100,0.100,1,9.6,102.0,763,804,1,0,1,0,16,416,115,0
17.46,climb_cruise,436.1,436.1,34569.9,-14421,-28.26,-143.63,324.36,7.96,15.0,125.0,0,0,6.30,-16.91,-3.84,-0.023,0.034,0.005,1.000,0.100,0.100,0.100,1,9.6,102.0,763,804,1,0,1,0,16,416,116,0
17.48,climb_cruise,436.2,436.2,34565.1,-14517,-28.41,-143.96,324.35,7.98,15.0,125.0,0,0,6.32,-16.91,-3.83,-0.023,0.034,0.005,1.000,0.100,0.100,0.100,1,9.6,102.0,763,804,1,0,1,0,16,416,115,0
17.50,climb_cruise,436.3,436.3,34560.2,-14614,-28.56,-144.29,324.33,7.99,15.0,125.0,0,0,6.33,-16.90,-3.83,-0.023,0.034,0.005,1.000,0.100,0.100,0.100,1,9.5,102.0,763,804,1,0,1,0,16,416,114,0
17.52,climb_cruise,436.3,436.3,34555.3,-14711,-28.71,-144.63,324.32,8.01,15.0,125.0,0,0,6.35,-16.90,-3.82,-0.023,0.034,0.005,1.000,0.100,0.100,0.100,1,9.5,102.0,763,804,1,0,1,0,16,416,115,0
17.54,climb_cruise,436.4,436.4,34550.4,-14808,-28.85,-144.96,324.31,8.03,15.0,125.0,0,0,6.36,-16.90,-3.81,-0.023,0.034,0.005,1.000,0.100,0.100,0.100,1,9.5,102.0,763,804,1,0,1,0,16,416,114,0
17.56,climb_cruise,436.5,436.5,34545.5,-14906,-29.00,-145.29,324.30,8.05,15.0,125.0,0,0,6.38,-16.90,-3.80,-0.023,0.034,0.005,1.000,0.100,0.100,0.100,1,9.5,102.0,763,804,1,0,1,0,16,416,115,0
17.58,climb_cruise,436.6,436.6,34540.5,-15003,-29.15,-145.62,324.29,8.06,15.0,125.0,0,0,6.39,-16.89,-3.80,-0.023,0.034,0.005,1.000,0.100,0.100,0.100,1,9.5,102.0,763,804,1,0,1,0,16,416,114,0
17.60,climb_cruise,436.7,436.7,34535.5,-15101,-29.30,-145.96,324.28,8.08,15.0,125.0,0,0,6.41,-16.89,-3.79,-0.023,0.034,0.005,1.000,0.100,0.100,0.100,1,9.4,102.0,763,804,1,0,1,0,16,416,115,0
17.62,climb_cruise,436.7,436.7,34530.4,-15200,-29.45,-146.29,324.27,8.10,15.0,125.0,0,0,6.42,-16.89,-3.78,-0.023,0.034,0.005,1.000,0.100,0.100,0.100,1,9.4,102.0,763,804,1,0,1,0,16,416,115,0
17.64,climb_cruise,436.8,436.8,34525.3,-15298,-29.60,-146.62,324.26,8.12,15.0,125.0,0,0,6.44,-16.88,-3.77,-0.023,0.034,0.005,1.000,0.100,0.100,0.100,1,9.4,102.0,763,804,1,0,1,0,16,416,115,0
17.66,climb_cruise,436.9,436.9,34520.2,-15397,-29.75,-146.96,324.25,8.13,15.0,125.0,0,0,6.45,-16.88,-3.76,-0.023,0.034,0.005,1.000,0.100,0.100,0.100,1,9.4,102.0,763,804,1,0,1,0,16,416,115,0
17.68,climb_cruise,437.0,437.0,34515.1,-15496,-29.89,-147.29,324.24,8.15,15.0,125.0,0,0,6.47,-16.88,-3.75,-0.023,0.034,0.005,1.000,0.100,0.100,0.100,1,9.4,102.0,763,804,1,0,1,0,16,416,115,0
17.70,climb_cruise,437.1,437.1,34509.9,-15595,-30.04,-147.62,324.23,8.17,15.0,125.0,0,0,6.48,-16.87,-3.75,-0.023,0.034,0.005,1.000,0.100,0.100,0.100,1,9.3,102.0,763,804,1,0,1,0,16,416,114,0
17.72,climb_cruise,437.2,437.2,34504.7,-15695,-30.19,-147.96,324.22,8.19,15.0,125.0,0,0,6.50,-16.87,-3.74,-0.023,0.034,0.005,1.000,0.100,0.100,0.100,1,9.3,102.0,763,804,1,0,1,0,16,416,115,0
17.74,climb_cruise,437.3,437.3,34499.4,-15794,-30.34,-148.29,324.22,8.21,15.0,125.0,0,0,6.51,-16.87,-3.73,-0.023,0.034,0.005,1.000,0.100,0.100,0.100,1,9.3,102.0,763,804,1,0,1,0,16,416,114,0
17.76,climb_cruise,437.3,437.3,34494.2,-15894,-30.49,-148.63,324.21,8.22,15.0,125.0,0,0,6.52,-16.86,-3.72,-0.023,0.034,0.005,1.000,0.100,0.100,0.100,1,9.3,102.0,763,804,1,0,1,0,16,416,115,0
17.78,climb_cruise,437.4,437.4,34488.9,-15995,-30.64,-148.96,324.21,8.24,15.0,125.0,0,0,6.54,-16.86,-3.71,-0.023,0.034,0.005,1.000,0.100,0.100,0.100,1,9.3,102.0,763,804,1,0,1,0,16,416,116,0
17.80,climb_cruise,437.5,437.5,34483.5,-16095,-30.79,-149.30,324.20,8.26,15.0,125.0,0,0,6.55,-16.86,-3.71,-0.023,0.034,0.005,1.000,0.100,0.100,0.100,1,9.3,102.0,763,804,1,0,1,0,16,416,115,0
17.82,climb_cruise,437.6,437.6,34478.1,-16196,-30.95,-149.63,324.20,8.28,15.0,125.0,0,0,6.57,-16.85,-3.70,-0.023,0.034,0.005,1.000,0.100,0.100,0.100,1,9.2,102.0,763,804,1,0,1,0,16,416,115,0
17.84,climb_cruise,437.7,437.7,34472.7,-16297,-31.10,-149.97,324.20,8.29,15.0,125.0,0,0,6.58,-16.85,-3.69,-0.023,0.034,0.005,1.000,0.100,0.100,0.100,1,9.2,102.0,763,804,1,0,1,0,16,416,115,0
17.86,climb_cruise,437.8,437.8,34467.3,-16398,-31.25,-150.30,324.20,8.31,15.0,125.0,0,0,6.59,-16.85,-3.68,-0.023,0.034,0.005,1.000,0.100,0.100,0.100,1,9.2,102.0,763,804,1,0,1,0,16,416,115,0
17.88,climb_cruise,437.9,437.9,34461.8,-16500,-31.40,-150.64,324.20,8.33,15.0,125.0,0,0,6.61,-16.84,-3.67,-0.023,0.034,0.005,1.000,0.100,0.100,0.100,1,9.2,102.0,763,804,1,0,1,0,16,416,115,0
17.90,climb_cruise,438.0,438.0,34456.3,-16601,-31.55,-150.98,324.19,8.35,15.0,125.0,0,0,6.62,-16.84,-3.66,-0.023,0.034,0.005,1.000,0.100,0.100,0.100,1,9.2,102.0,763,804,1,0,1,0,16,416,114,0
17.92,climb_cruise,438.1,438.1,34450.7,-16703,-31.70,-151.31,324.19,8.36,15.0,125.0,0,0,6.64,-16.83,-3.65,-0.023,0.034,0.005,1.000,0.100,0.100,0.100,1,9.1,102.0,763,804,1,0,1,0,16,416,115,0
17.94,climb_cruise,438.2,438.2,34445.2,-16806,-31.85,-151.65,324.20,8.38,15.0,125.0,0,0,6.65,-16.83,-3.65,-0.023,0.034,0.005,1.000,0.100,0.100,0.100,1,9.1,102.0,763,804,1,0,1,0,16,416,115,0
17.96,climb_cruise,438.2,438.2,34439.5,-16908,-32.00,-151.99,324.20,8.40,15.0,125.0,0,0,6.66,-16.83,-3.64,-0.023,0.034,0.005,1.000,0.100,0.100,0.100,1,9.1,102.0,763,804,1,0,1,0,16,416,115,0
17.98,climb_cruise,438.3,438.3,34433.9,-17011,-32.16,-152.32,324.20,8.42,15.0,125.0,0,0,6.68,-16.82,-3.63,-0.023,0.034,0.005,1.000,0.100,0.100,0.100,1,9.1,102.0,763,804,1,0,1,0,16,416,115,0
18.00,climb_cruise,438.4,438.4,34428.2,-17113,-32.31,-152.66,324.20,8.43,15.0,125.0,0,0,6.69,-16.82,-3.62,-0.023,0.034,0.005,1.000,0.100,0.100,0.100,1,9.1,102.0,763,804,1,0,1,0,16,416,115,0
18.02,climb_cruise,438.5,438.5,34422.5,-17216,-32.46,-153.00,324.21,8.45,15.0,125.0,0,0,6.70,-16.81,-3.61,-0.023,0.034,0.005,1.000,0.100,0.100,0.100,1,9.1,102.0,763,804,1,0,1,0,16,416,114,0
18.04,climb_cruise,438.6,438.6,34416.7,-17320,-32.61,-153.34,324.21,8.47,15.0,125.0,0,0,6.72,-16.81,-3.60,-0.023,0.034,0.005,1.000,0.100,0.100,0.100,1,9.0,102.0,763,804,1,0,1,0,16,416,115,0
18.06,climb_cruise,438.7,438.7,34411.0,-17423,-32.77,-153.68,324.22,8.49,15.0,125.0,0,0,6.73,-16.80,-3.59,-0.023,0.034,0.005,1.000,0.100,0.100,0.100,1,9.0,102.0,763,804,1,0,1,0,16,416,115,0
18.08,climb_cruise,438.8,438.8,34405.1,-17527,-32.92,-154.02,324.22,8.50,15.0,125.0,0,0,6.74,-16.80,-3.59,-0.023,0.034,0.005,1.000,0.100,0.100,0.100,1,9.0,102.0,763,804,1,0,1,0,16,416,115,0
18.10,climb_cruise,438.9,438.9,34399.3,-17631,-33.07,-154.36,324.23,8.52,15.0,125.0,0,0,6.76,-16.79,-3.58,-0.023,0.034,0.005,1.000,0.100,0.100,0.100,1,9.0,102.0,763,804,1,0,1,0,16,416,114,0
18.12,climb_cruise,439.0,439.0,34393.4,-17735,-33.22,-154.70,324.24,8.54,15.0,125.0,0,0,6.77,-16.79,-3.57,-0.023,0.034,0.005,1.000,0.100,0.100,0.100,1,9.0,102.0,763,804,1,0,1,0,16,416,116,0
18.14,climb_cruise,439.1,439.1,34387.5,-17839,-33.38,-155.04,324.24,8.56,15.0,125.0,0,0,6.78,-16.79,-3.56,-0.023,0.034,0.005,1.000,0.100,0.100,0.100,1,8.9,102.0,763,804,1,0,1,0,16,416,115,0
18.16,climb_cruise,439.2,439.2,34381.5,-17944,-33.53,-155.38,324.25,8.58,15.0,125.0,0,0,6.80,-16.78,-3.55,-0.023,0.034,0.005,1.000,0.100,0.100,0.100,1,8.9,102.0,763,804,1,0,1,0,16,416,115,0
18.18,climb_cruise,439.3,439.3,34375.5,-18049,-33.68,-155.72,324.26,8.59,15.0,125.0,0,0,6.81,-16.78,-3.54,-0.023,0.034,0.005,1.000,0.100,0.100,0.100,1,8.9,102.0,763,804,1,0,1,0,16,416,114,0
18.20,climb_cruise,439.4,439.4,34369.5,-18153,-33.84,-156.06,324.27,8.61,15.0,125.0,0,0,6.82,-16.77,-3.53,-0.023,0.034,0.005,1.000,0.100,0.100,0.100,1,8.9,102.0,763,804,1,0,1,0,16,416,115,0
18.22,climb_cruise,439.5,439.5,34363.4,-18259,-33.99,-156.40,324.29,8.63,15.0,125.0,0,0,6.83,-16.77,-3.52,-0.023,0.034,0.005,1.000,0.100,0.100,0.100,1,8.9,102.0,763,804,1,0,1,0,16,416,114,0
18.24,climb_cruise,439.6,439.6,34357.3,-18364,-34.14,-156.74,324.30,8.65,15.0,125.0,0,0,6.85,-16.76,-3.51,-0.023,0.034,0.005,1.000,0.100,0.100,0.100,1,8.9,102.0,763,804,1,0,1,0,16,416,114,0
18.26,climb_cruise,439.7,439.7,34351.2,-18469,-34.30,-157.09,324.31,8.66,15.0,125.0,0,0,6.86,-16.76,-3.50,-0.023,0.034,0.005,1.000,0.100,0.100,0.100,1,8.8,102.0,763,804,1,0,1,0,16,416,114,0
18.28,climb_cruise,439.8,439.8,34345.0,-18575,-34.45,-157.43,324.33,8.68,15.0,125.0,0,0,6.87,-16.75,-3.50,-0.023,0.034,0.005,1.000,0.100,0.100,0.100,1,8.8,102.0,763,804,1,0,1,0,16,416,115,0
18.30,climb_cruise,440.0,440.0,34338.8,-18681,-34.60,-157.77,324.34,8.70,15.0,125.0,0,0,6.89,-16.75,-3.49,-0.023,0.034,0.005,1.000,0.100,0.100,0.100,1,8.8,102.0,763,804,1,0,1,0,16,416,116,0
18.32,climb_cruise,440.1,440.1,34332.6,-18787,-34.76,-158.12,324.36,8.72,15.0,125.0,0,0,6.90,-16.74,-3.48,-0.023,0.034,0.005,1.000,0.100,0.100,0.100,1,8.8,102.0,763,804,1,0,1,0,16,416,116,0
18.34,climb_cruise,440.2,440.2,34326.3,-18893,-34.91,-158.46,324.37,8.74,15.0,125.0,0,0,6.91,-16.73,-3.47,-0.023,0.034,0.005,1.000,0.100,0.100,0.100,1,8.8,102.0,763,804,1,0,1,0,16,416,115,0
18.36,climb_cruise,440.3,440.3,34320.0,-19000,-35.07,-158.81,324.39,8.75,15.0,125.0,0,0,6.92,-16.73,-3.46,-0.023,0.034,0.005,1.000,0.100,0.100,0.100,1,8.7,102.0,763,804,1,0,1,0,16,416,115,0
18.38,climb_cruise,440.4,440.4,34313.6,-19107,-35.22,-159.15,324.41,8.77,15.0,125.0,0,0,6.93,-16.72,-3.45,-0.023,0.034,0.005,1.000,0.100,0.100,0.100,1,8.7,102.0,763,804,1,0,1,0,16,416,114,0
18.40,climb_cruise,440.5,440.5,34307.2,-19213,-35.37,-159.50,324.43,8.79,15.0,125.0,0,0,6.95,-16.72,-3.44,-0.023,0.034,0.005,1.000,0.100,0.100,0.100,1,8.7,102.0,763,804,1,0,1,0,16,416,115,0
18.42,climb_cruise,440.6,440.6,34300.8,-19320,-35.53,-159.84,324.45,8.81,15.0,125.0,0,0,6.96,-16.71,-3.43,-0.023,0.034,0.005,1.000,0.100,0.100,0.100,1,8.7,102.0,763,804,1,0,1,0,16,416,115,0
18.44,climb_cruise,440.7,440.7,34294.4,-19428,-35.68,-160.19,324.47,8.82,15.0,125.0,0,0,6.97,-16.71,-3.42,-0.023,0.034,0.005,1.000,0.100,0.100,0.100,1,8.7,102.0,763,804,1,0,1,0,16,416,115,0
18.46,climb_cruise,440.8,440.8,34287.9,-19535,-35.84,-160.53,324.49,8.84,15.0,125.0,0,0,6.98,-16.70,-3.41,-0.023,0.034,0.005,1.000,0.100,0.100,0.100,1,8.7,102.0,763,804,1,0,1,0,16,416,116,0
18.48,climb_cruise,440.9,440.9,34281.4,-19642,-35.99,-160.88,324.51,8.86,15.0,125.0,0,0,7.00,-16.70,-3.41,-0.023,0.034,0.005,1.000,0.100,0.100,0.100,1,8.6,102.0,763,804,1,0,1,0,16,416,115,0
18.50,climb_cruise,441.1,441.1,34274.8,-19750,-36.15,-161.23,324.53,8.88,15.0,125.0,0,0,7.01,-16.69,-3.40,-0.023,0.034,0.005,1.000,0.100,0.100,0.100,1,8.6,102.0,763,804,1,0,1,0,16,416,115,0
18.52,climb_cruise,441.2,441.2,34268.2,-19858,-36.30,-161.58,324.56,8.90,15.0,125.0,0,0,7.02,-16.68,-3.39,-0.023,0.034,0.005,1.000,0.100,0.100,0.100,1,8.6,102.0,763,804,1,0,1,0,16,416,116,0
18.54,climb_cruise,441.3,441.3,34261.6,-19966,-36.46,-161.93,324.58,8.91,15.0,125.0,0,0,7.03,-16.68,-3.38,-0.023,0.034,0.005,1.000,0.100,0.100,0.100,1,8.6,102.0,763,804,1,0,1,0,16,416,114,0
18.56,climb_cruise,441.4,441.4,34254.9,-20074,-36.61,-162.28,324.61,8.93,15.0,125.0,0,0,7.04,-16.67,-3.37,-0.023,0.034,0.005,1.000,0.100,0.100,0.100,1,8.6,102.0,763,804,1,0,1,0,16,416,114,0
18.58,climb_cruise,441.5,441.5,34248.2,-20183,-36.77,-162.62,324.64,8.95,15.0,125.0,0,0,7.05,-16.67,-3.36,-0.023,0.034,0.005,1.000,0.100,0.100,0.100,1,8.6,102.0,763,804,1,0,1,0,16,416,116,0
18.60,climb_cruise,441.6,441.6,34241.5,-20291,-36.92,-162.97,324.66,8.97,15.0,125.0,0,0,7.07,-16.66,-3.35,-0.023,0.034,0.005,1.000,0.100,0.100,0.100,1,8.5,102.0,763,804,1,0,1,0,16,416,116,0
18.62,climb_cruise,441.7,441.7,34234.7,-20400,-37.08,-163.33,324.69,8.98,15.0,125.0,0,0,7.08,-16.65,-3.34,-0.023,0.034,0.005,1.000,0.100,0.100,0.100,1,8.5,102.0,763,804,1,0,1,0,16,416,114,0
18.64,climb_cruise,441.9,441.9,34227.9,-20509,-37.23,-163.68,324.72,9.00,15.0,125.0,0,0,7.09,-16.65,-3.33,-0.023,0.034,0.005,1.000,0.100,0.100,0.100,1,8.5,102.0,763,804,1,0,1,0,16,416,114,0
18.66,climb_cruise,442.0,442.0,34221.0,-20618,-37.39,-164.03,324.75,9.02,15.0,125.0,0,0,7.10,-16.64,-3.32,-0.023,0.034,0.005,1.000,0.100,0.100,0.100,1,8.5,102.0,763,804,1,0,1,0,16,416,114,0
18.68,climb_cruise,442.1,442.1,34214.1,-20727,-37.54,-164.38,324.79,9.04,15.0,125.0,0,0,7.11,-16.63,-3.31,-0.023,0.034,0.005,1.000,0.100,0.100,0.100,1,8.5,102.0,763,804,1,0,1,0,16,416,114,0
18.70,climb_cruise,442.2,442.2,34207.2,-20836,-37.70,-164.73,324.82,9.06,15.0,125.0,0,0,7.12,-16.63,-3.30,-0.023,0.034,0.005,1.000,0.100,0.100,0.100,1,8.5,102.0,763,804,1,0,1,0,16,416,115,0
18.72,climb_cruise,442.4,442.4,34200.2,-20945,-37.85,-165.09,324.85,9.07,15.0,125.0,0,0,7.14,-16.62,-3.29,-0.023,0.034,0.005,1.000,0.100,0.100,0.100,1,8.4,102.0,763,804,1,0,1,0,16,416,115,0
18.74,climb_cruise,442.5,442.5,34193.2,-21055,-38.00,-165.44,324.89,9.09,15.0,125.0,0,0,7.15,-16.61,-3.28,-0.023,0.034,0.005,1.000,0.100,0.100,0.100,1,8.4,102.0,763,804,1,0,1,0,16,416,114,0
18.76,climb_cruise,442.6,442.6,34186.2,-21165,-38.16,-165.79,324.92,9.11,15.0,125.0,0,0,7.16,-16.61,-3.28,-0.023,0.034,0.005,1.000,0.100,0.100,0.100,1,8.4,102.0,763,804,1,0,1,0,16,416,114,0
18.78,climb_cruise,442.7,442.7,34179.1,-21274,-38.31,-166.15,324.96,9.13,15.0,125.0,0,0,7.17,-16.60,-3.27,-0.023,0.034,0.005,1.000,0.100,0.100,0.100,1,8.4,102.0,763,804,1,0,1,0,16,416,116,0
18.80,climb_cruise,442.9,442.9,34172.0,-21384,-38.47,-166.50,325.00,9.15,15.0,125.0,0,0,7.18,-16.59,-3.26,-0.023,0.034,0.005,1.000,0.100,0.100,0.100,1,8.4,102.0,763,804,1,0,1,0,16,416,115,0
18.82,climb_cruise,443.0,443.0,34164.9,-21494,-38.62,-166.86,325.03,9.16,15.0,125.0,0,0,7.19,-16.59,-3.25,-0.023,0.034,0.005,1.000,0.100,0.100,0.100,1,8.4,102.0,763,804,1,0,1,0,16,416,114,0
18.84,climb_cruise,443.1,443.1,34157.7,-21605,-38.78,-167.22,325.07,9.18,15.0,125.0,0,0,7.20,-16.58,-3.24,-0.023,0.034,0.005,1.000,0.100,0.100,0.100,1,8.3,102.0,763,804,1,0,1,0,16,416,114,0
18.86,climb_cruise,443.2,443.2,34150.5,-21715,-38.93,-167.57,325.11,9.20,15.0,125.0,0,0,7.21,-16.57,-3.23,-0.023,0.034,0.005,1.000,0.100,0.100,0.100,1,8.3,102.0,763,804,1,0,1,0,16,416,116,0
18.88,climb_cruise,443.4,443.4,34143.2,-21825,-39.09,-167.93,325.16,9.22,15.0,125.0,0,0,7.22,-16.56,-3.22,-0.023,0.034,0.005,1.000,0.100,0.100,0.100,1,8.3,102.0,763,804,1,0,1,0,16,416,114,0
18.90,climb_cruise,443.5,443.5,34136.0,-21936,-39.24,-168.29,325.20,9.23,15.0,125.0,0,0,7.23,-16.56,-3.21,-0.023,0.034,0.005,1.000,0.100,0.100,0.100,1,8.3,102.0,763,804,1,0,1,0,16,416,115,0
18.92,climb_cruise,443.6,443.6,34128.6,-22047,-39.40,-168.65,325.24,9.25,15.0,125.0,0,0,7.25,-16.55,-3.20,-0.023,0.034,0.005,1.000,0.100,0.100,0.100,1,8.3,102.0,763,804,1,0,1,0,16,416,116,0
18.94,climb_cruise,443.8,443.8,34121.3,-22158,-39.55,-169.01,325.29,9.27,15.0,125.0,0,0,7.26,-16.54,-3.19,-0.023,0.034,0.005,1.000,0.100,0.100,0.100,1,8.3,102.0,763,804,1,0,1,0,16,416,116,0
18.96,climb_cruise,443.9,443.9,34113.9,-22268,-39.71,-169.37,325.33,9.29,15.0,125.0,0,0,7.27,-16.54,-3.18,-0.023,0.034,0.005,1.000,0.100,0.100,0.100,1,8.2,102.0,763,804,1,0,1,0,16,416,114,0
18.98,climb_cruise,444.0,444.0,34106.4,-22380,-39.86,-169.73,325.38,9.31,15.0,125.0,0,0,7.28,-16.53,-3.17,-0.023,0.034,0.005,1.000,0.100,0.100,0.100,1,8.2,102.0,763,804,1,0,1,0,16,416,115,0
19.00,climb_cruise,444.2,444.2,34099.0,-22491,-40.02,-170.09,325.43,9.32,15.0,125.0,0,0,7.29,-16.52,-3.16,-0.023,0.034,0.005,1.000,0.100,0.100,0.100,1,8.2,102.0,763,804,1,0,1,0,16,416,116,0
19.02,climb_cruise,444.3,444.3,34091.4,-22602,-40.17,-170.45,325.48,9.34,15.0,125.0,0,0,7.30,-16.51,-3.15,-0.023,0.034,0.005,1.000,0.100,0.100,0.100,1,8.2,102.0,763,804,1,0,1,0,16,416,114,0
19.04,climb_cruise,444.4,444.4,34083.9,-22713,-40.33,-170.81,325.53,9.36,15.0,125.0,0,0,7.31,-16.51,-3.14,-0.023,0.034,0.005,1.000,0.100,0.100,0.100,1,8.2,102.0,763,804,1,0,1,0,16,416,114,0
19.06,climb_cruise,444.6,444.6,34076.3,-22825,-40.48,-171.18,325.58,9.38,15.0,125.0,0,0,7.32,-16.50,-3.14,-0.023,0.034,0.005,1.000,0.100,0.100,0.100,1,8.2,102.0,763,804,1,0,1,0,16,416,114,0
19.08,climb_cruise,444.7,444.7,34068.7,-22936,-40.63,-171.54,325.63,9.40,15.0,125.0,0,0,7.33,-16.49,-3.13,-0.023,0.034,0.005,1.000,0.100,0.100,0.100,1,8.1,102.0,763,804,1,0,1,0,16,416,115,0
19.10,climb_cruise,444.8,444.8,34061.0,-23048,-40.79,-171.91,325.69,9.41,15.0,125.0,0,0,7.34,-16.48,-3.12,-0.023,0.034,0.005,1.000,0.100,0.100,0.100,1,8.1,102.0,763,804,1,0,1,0,16,416,115,0
19.12,climb_cruise,445.0,445.0,34053.3,-23160,-40.94,-172.27,325.74,9.43,15.0,125.0,0,0,7.35,-16.47,-3.11,-0.023,0.034,0.005,1.000,0.100,0.100,0.100,1,8.1,102.0,763,804,1,0,1,0,16,416,116,0
19.14,climb_cruise,445.1,445.1,34045.6,-23271,-41.10,-172.64,325.80,9.45,15.0,125.0,0,0,7.36,-16.47,-3.10,-0.023,0.034,0.005,1.000,0.100,0.100,0.100,1,8.1,102.0,763,804,1,0,1,0,16,416,114,0
19.16,climb_cruise,445.3,445.3,34037.8,-23383,-41.25,-173.00,325.85,9.47,15.0,125.0,0,0,7.37,-16.46,-3.09,-0.023,0.034,0.005,1.000,0.100,0.100,0.100,1,8.1,102.0,763,804,1,0,1,0,16,416,116,0
19.18,climb_cruise,445.4,445.4,34030.0,-23495,-41.40,-173.37,325.91,9.49,15.0,125.0,0,0,7.38,-16.45,-3.08,-0.023,0.034,0.005,1.000,0.100,0.100,0.100,1,8.1,102.0,763,804,1,0,1,0,16,416,114,0
19.20,climb_cruise,445.5,445.5,34022.2,-23607,-41.56,-173.74,325.97,9.50,15.0,125.0,0,0,7.39,-16.44,-3.07,-0.023,0.034,0.005,1.000,0.100,0.100,0.100,1,8.0,102.0,763,804,1,0,1,0,16,416,115,0
19.22,climb_cruise,445.7,445.7,34014.3,-23719,-41.71,-174.11,326.03,9.52,15.0,125.0,0,0,7.40,-16.43,-3.06,-0.023,0.034,0.005,1.000,0.100,0.100,0.100,1,8.0,102.0,763,804,1,0,1,0,16,416,114,0
19.24,climb_cruise,445.8,445.8,34006.4,-23832,-41.87,-174.48,326.09,9.54,15.0,125.0,0,0,7.41,-16.43,-3.05,-0.023,0.034,0.005,1.000,0.100,0.100,0.100,1,8.0,102.0,763,804,1,0,1,0,16,416,115,0
19.26,climb_cruise,446.0,446.0,33998.4,-23944,-42.02,-174.85,326.16,9.56,15.0,125.0,0,0,7.42,-16.42,-3.04,-0.023,0.034,0.005,1.000,0.100,0.100,0.100,1,8.0,102.0,763,804,1,0,1,0,16,416,116,0
19.28,climb_cruise,446.1,446.1,33990.4,-24056,-42.17,-175.22,326.22,9.58,15.0,125.0,0,0,7.43,-16.41,-3.03,-0.023,0.034,0.005,1.000,0.100,0.100,0.100,1,8.0,102.0,763,804,1,0,1,0,16,416,114,0
19.30,climb_cruise,446.3,446.3,33982.4,-24169,-42.33,-175.59,326.29,9.59,15.0,125.0,0,0,7.44,-16.40,-3.03,-0.023,0.034,0.005,1.000,0.100,0.100,0.100,1,8.0,102.0,763,804,1,0,1,0,16,416,115,0
19.32,climb_cruise,446.4,446.4,33974.3,-24281,-42.48,-175.97,326.35,9.61,15.0,125.0,0,0,7.45,-16.39,-3.02,-0.023,0.034,0.005,1.000,0.100,0.100,0.100,1,7.9,102.0,763,804,1,0,1,0,16,416,116,0
19.34,climb_cruise,446.6,446.6,33966.2,-24393,-42.63,-176.34,326.42,9.63,15.0,125.0,0,0,7.46,-16.39,-3.01,-0.023,0.034,0.005,1.000,0.100,0.100,0.100,1,7.9,102.0,763,804,1,0,1,0,16,416,115,0
19.36,climb_cruise,446.7,446.7,33958.0,-24506,-42.78,-176.71,326.49,9.65,15.0,125.0,0,0,7.47,-16.38,-3.00,-0.023,0.034,0.005,1.000,0.100,0.100,0.100,1,7.9,102.0,763,804,1,0,1,0,16,416,115,0
19.38,climb_cruise,446.9,446.9,33949.9,-24619,-42.94,-177.09,326.56,9.67,15.0,125.0,0,0,7.48,-16.37,-2.99,-0.023,0.034,0.005,1.000,0.100,0.100,0.100,1,7.9,102.0,763,804,1,0,1,0,16,416,115,0
19.40,climb_cruise,447.0,447.0,33941.6,-24731,-43.09,-177.47,326.63,9.68,15.0,125.0,0,0,7.49,-16.36,-2.98,-0.023,0.034,0.005,1.000,0.100,0.100,0.100,1,7.9,102.0,763,804,1,0,1,0,16,416,115,0
19.42,climb_cruise,447.2,447.2,33933.4,-24844,-43.24,-177.84,326.71,9.70,15.0,125.0,0,0,7.50,-16.35,-2.97,-0.023,0.034,0.005,1.000,0.100,0.100,0.100,1,7.9,102.0,763,804,1,0,1,0,16,416,115,0
19.44,climb_cruise,447.3,447.3,33925.1,-24957,-43.39,-178.22,326.78,9.72,15.0,125.0,0,0,7.51,-16.34,-2.96,-0.023,0.034,0.005,1.000,0.100,0.100,0.100,1,7.9,102.0,763,804,1,0,1,0,16,416,114,0
19.46,climb_cruise,447.5,447.5,33916.8,-25069,-43.55,-178.60,326.86,9.74,15.0,125.0,0,0,7.52,-16.33,-2.95,-0.023,0.034,0.005,1.000,0.100,0.100,0.100,1,7.8,102.0,763,804,1,0,1,0,16,416,115,0
19.48,climb_cruise,447.6,447.6,33908.4,-25182,-43.70,-178.98,326.93,9.76,15.0,125.0,0,0,7.53,-16.32,-2.94,-0.023,0.034,0.005,1.000,0.100,0.100,0.100,1,7.8,102.0,763,804,1,0,1,0,16,416,115,0
19.50,climb_cruise,447.8,447.8,33900.0,-25295,-43.85,-179.36,327.01,9.77,15.0,125.0,0,0,7.54,-16.32,-2.93,-0.023,0.034,0.005,1.000,0.100,0.100,0.100,1,7.8,102.0,763,804,1,0,1,0,16,416,116,0
19.52,climb_cruise,447.9,447.9,33891.5,-25408,-44.00,-179.74,327.09,9.79,15.0,125.0,0,0,7.54,-16.31,-2.93,-0.023,0.034,0.005,1.000,0.100,0.100,0.100,1,7.8,102.0,763,804,1,0,1,0,16,416,116,0
19.54,climb_cruise,448.1,448.1,33883.0,-25521,-44.15,179.88,327.17,9.81,15.0,125.0,0,0,7.55,-16.30,-2.92,-0.023,0.034,0.005,1.000,0.100,0.100,0.100,1,7.8,102.0,763,804,1,0,1,0,16,416,114,0
19.56,climb_cruise,448.2,448.2,33874.5,-25634,-44.30,179.49,327.26,9.83,15.0,125.0,0,0,7.56,-16.29,-2.91,-0.023,0.034,0.005,1.000,0.100,0.100,0.100,1,7.8,102.0,763,804,1,0,1,0,16,416,116,0
19.58,climb_cruise,448.4,448.4,33866.0,-25747,-44.45,179.11,327.34,9.85,15.0,125.0,0,0,7.57,-16.28,-2.90,-0.023,0.034,0.005,1.000,0.100,0.100,0.100,1,7.7,102.0,763,804,1,0,1,0,16,416,114,0
19.60,climb_cruise,448.6,448.6,33857.4,-25860,-44.60,178.72,327.42,9.86,15.0,125.0,0,0,7.58,-16.27,-2.89,-0.023,0.034,0.005,1.000,0.100,0.100,0.100,1,7.7,102.0,763,804,1,0,1,0,16,416,116,0
19.62,climb_cruise,448.7,448.7,33848.7,-25973,-44.75,178.34,327.51,9.88,15.0,125.0,0,0,7.59,-16.26,-2.88,-0.023,0.034,0.005,1.000,0.100,0.100,0.100,1,7.7,102.0,763,804,1,0,1,0,16,416,116,0
19.64,climb_cruise,448.9,448.9,33840.1,-26086,-44.90,177.95,327.60,9.90,15.0,125.0,0,0,7.60,-16.25,-2.87,-0.023,0.034,0.005,1.000,0.100,0.100,0.100,1,7.7,102.0,763,804,1,0,1,0,16,416,116,0
19.66,climb_cruise,449.0,449.0,33831.3,-26199,-45.05,177.56,327.69,9.92,15.0,125.0,0,0,7.61,-16.24,-2.86,-0.023,0.034,0.005,1.000,0.100,0.100,0.100,1,7.7,102.0,763,804,1,0,1,0,16,416,115,0
19.68,climb_cruise,449.2,449.2,33822.6,-26312,-45.20,177.17,327.78,9.94,15.0,125.0,0,0,7.62,-16.23,-2.86,-0.023,0.034,0.005,1.000,0.100,0.100,0.100,1,7.7,102.0,763,804,1,0,1,0,16,416,115,0
19.70,climb_cruise,449.4,449.4,33813.8,-26425,-45.35,176.78,327.87,9.95,15.0,125.0,0,0,7.63,-16.23,-2.85,-0.023,0.034,0.005,1.000,0.100,0.100,0.100,1,7.7,102.0,763,804,1,0,1,0,16,416,116,0
19.72,climb_cruise,449.5,449.5,33805.0,-26538,-45.50,176.39,327.97,9.97,15.0,125.0,0,0,7.64,-16.23,-2.84,-0.023,0.033,0.005,1.000,0.100,0.100,0.100,1,7.6,102.0,763,804,1,0,1,0,16,416,114,0
19.74,climb_cruise,449.7,449.7,33796.1,-26651,-45.65,176.00,328.06,9.99,15.0,125.0,0,0,7.64,-16.24,-2.83,-0.023,0.032,0.005,1.000,0.100,0.100,0.100,1,7.6,102.0,763,804,1,0,1,0,16,416,116,0
19.76,climb_cruise,449.9,449.9,33787.2,-26764,-45.80,175.60,328.16,10.01,15.0,125.0,0,0,7.65,-16.26,-2.82,-0.023,0.031,0.005,1.000,0.100,0.100,0.100,1,7.6,102.0,763,804,1,0,1,0,16,416,115,0
19.78,climb_cruise,450.0,450.0,33778.3,-26877,-45.95,175.21,328.26,10.03,15.0,125.0,0,0,7.66,-16.27,-2.81,-0.023,0.030,0.005,1.000,0.100,0.100,0.100,1,7.6,102.0,763,804,1,0,1,0,16,416,115,0
19.80,climb_cruise,450.2,450.2,33769.3,-26990,-46.09,174.81,328.36,10.05,15.0,125.0,0,0,7.67,-16.29,-2.81,-0.023,0.029,0.005,1.000,0.100,0.100,0.100,1,7.6,102.0,763,804,1,0,1,0,16,416,115,0
19.82,climb_cruise,450.4,450.4,33760.3,-27103,-46.24,174.41,328.46,10.06,15.0,125.0,0,0,7.68,-16.31,-2.80,-0.023,0.028,0.005,1.000,0.100,0.100,0.100,1,7.6,102.0,763,804,1,0,1,0,16,416,115,0
19.84,climb_cruise,450.5,450.5,33751.3,-27216,-46.39,174.01,328.56,10.08,15.0,125.0,0,0,7.69,-16.33,-2.79,-0.023,0.027,0.005,1.000,0.100,0.100,0.100,1,7.5,102.0,763,804,1,0,1,0,16,416,115,0
19.86,climb_cruise,450.7,450.7,33742.2,-27329,-46.54,173.61,328.67,10.10,15.0,125.0,0,0,7.69,-16.35,-2.78,-0.023,0.026,0.005,1.000,0.100,0.100,0.100,1,7.5,102.0,763,804,1,0,1,0,16,416,116,0
19.88,climb_cruise,450.9,450.9,33733.1,-27441,-46.68,173.20,328.77,10.12,15.0,125.0,0,0,7.70,-16.37,-2.78,-0.023,0.025,0.005,1.000,0.100,0.100,0.100,1,7.5,102.0,763,804,1,0,1,0,16,416,115,0
19.90,climb_cruise,451.0,451.0,33723.9,-27554,-46.83,172.80,328.88,10.14,15.0,125.0,0,0,7.71,-16.39,-2.77,-0.023,0.024,0.005,1.000,0.100,0.100,0.100,1,7.5,102.0,763,804,1,0,1,0,16,416,115,0
19.92,climb_cruise,451.2,451.2,33714.7,-27667,-46.97,172.39,328.99,10.16,15.0,125.0,0,0,7.71,-16.40,-2.77,-0.023,0.023,0.005,1.000,0.100,0.100,0.100,1,7.5,102.0,763,804,1,0,1,0,16,416,116,0
19.94,climb_cruise,451.4,451.4,33705.5,-27780,-47.12,171.98,329.10,10.17,15.0,125.0,0,0,7.72,-16.42,-2.76,-0.023,0.022,0.005,1.000,0.100,0.100,0.100,1,7.5,102.0,763,804,1,0,1,0,16,416,116,0
19.96,climb_cruise,451.5,451.5,33696.2,-27893,-47.26,171.57,329.21,10.19,15.0,125.0,0,0,7.73,-16.44,-2.76,-0.023,0.021,0.005,1.000,0.100,0.100,0.100,1,7.5,102.0,763,804,1,0,1,0,16,416,115,0
19.98,climb_cruise,451.7,451.7,33686.9,-28005,-47.41,171.15,329.33,10.21,15.0,125.0,0,0,7.73,-16.46,-2.75,-0.023,0.020,0.005,1.000,0.100,0.100,0.100,1,7.4,102.0,763,804,1,0,1,0,16,416,115,0