time_s,phase,airspeed_kts,groundSpeed_kts,altitude_ft,verticalSpeed_fpm,pitch_deg,roll_deg,yaw_deg,alpha_deg,stallAlpha_deg,stallSpeed_kts,stallWarning,stall,pitchRate_deg_s,rollRate_deg_s,yawRate_deg_s,ctrlElevator,ctrlAileron,ctrlRudder,ctrlThrottle,effElevator,effAileron,effRudder,motionEnabled,eng1_n1,eng2_n1,eng1_egt,eng2_egt,eng1_failed,eng2_failed,eng1_fire,eng2_fire,hydPressA_psi,hydPressB_psi,elecVolts,onGround
-0.02,climb_cruise,449.9,449.9,34999.9,-42,0.20,0.00,0.00,0.17,15.0,125.0,0,0,3.56,0.00,0.00,0.000,0.000,0.000,1.000,1.000,1.000,1.000,1,84.4,84.4,762,762,0,0,0,0,3000,3000,114,0
0.00,climb_cruise,449.9,449.9,34999.9,-49,0.26,-0.00,359.97,0.31,15.0,125.0,0,0,3.20,-0.34,-3.22,-0.005,-0.000,-0.000,1.000,0.750,0.750,0.750,1,54.9,84.3,762,763,1,0,1,0,1216,1816,115,0
0.02,climb_cruise,449.9,449.9,34999.9,-56,0.33,-0.01,359.89,0.38,15.0,125.0,0,0,3.02,-1.04,-5.84,-0.010,0.001,0.000,1.000,0.750,0.750,0.750,1,54.8,84.2,762,763,1,0,1,0,1216,1816,114,0
0.04,climb_cruise,449.9,449.9,34999.8,-62,0.39,-0.04,359.75,0.45,15.0,125.0,0,0,3.07,-1.50,-7.89,-0.015,0.005,0.001,1.000,0.750,0.750,0.750,1,54.7,84.2,762,764,1,0,1,0,1216,1816,114,0
0.06,climb_cruise,449.9,449.9,34999.8,-68,0.45,-0.07,359.58,0.52,15.0,125.0,0,0,3.20,-1.54,-9.40,-0.019,0.011,0.001,1.000,0.750,0.750,0.750,1,54.6,84.1,762,764,1,0,1,0,1216,1816,116,0
0.08,climb_cruise,449.8,449.8,34999.8,-74,0.52,-0.10,359.39,0.59,15.0,125.0,0,0,3.33,-1.18,-10.40,-0.022,0.019,0.003,1.000,0.750,0.750,0.750,1,54.5,84.1,762,765,1,0,1,0,1216,1816,116,0
0.10,climb_cruise,449.8,449.8,34999.8,-79,0.58,-0.11,359.17,0.67,15.0,125.0,0,0,3.39,-0.52,-10.93,-0.024,0.028,0.005,1.000,0.750,0.750,0.750,1,54.3,84.0,762,765,1,0,1,0,1216,1816,115,0
0.12,climb_cruise,449.8,449.8,34999.7,-84,0.65,-0.12,358.95,0.74,15.0,125.0,0,0,3.33,0.35,-11.03,-0.025,0.036,0.007,1.000,0.750,0.750,0.750,1,54.2,84.0,762,766,1,0,1,0,1216,1816,115,0
0.14,climb_cruise,449.8,449.8,34999.7,-88,0.71,-0.10,358.73,0.81,15.0,125.0,0,0,3.14,1.34,-10.76,-0.025,0.045,0.010,1.000,0.750,0.750,0.750,1,54.1,84.0,762,766,1,0,1,0,1216,1816,114,0
0.16,climb_cruise,449.7,449.7,34999.7,-92,0.77,-0.07,358.52,0.88,15.0,125.0,0,0,2.81,2.37,-10.17,-0.024,0.053,0.013,1.000,0.750,0.750,0.750,1,54.0,84.0,762,767,1,0,1,0,1216,1816,114,0
0.18,climb_cruise,449.7,449.7,34999.6,-96,0.83,-0.01,358.33,0.94,15.0,125.0,0,0,2.36,3.39,-9.31,-0.023,0.060,0.016,1.000,0.750,0.750,0.750,1,53.9,84.0,762,767,1,0,1,0,1216,1816,116,0
0.20,climb_cruise,449.7,449.7,34999.6,-99,0.87,0.06,358.15,0.98,15.0,125.0,0,0,1.80,4.35,-8.25,-0.021,0.066,0.019,1.000,0.750,0.750,0.750,1,53.8,84.0,762,767,1,0,1,0,1216,1816,115,0
0.22,climb_cruise,449.7,449.7,34999.6,-102,0.90,0.16,357.99,1.02,15.0,125.0,0,0,1.18,5.20,-7.04,-0.020,0.070,0.022,1.000,0.750,0.750,0.750,1,53.7,84.0,762,768,1,0,1,0,1216,1816,116,0
0.24,climb_cruise,449.6,449.6,34999.5,-105,0.92,0.27,357.86,1.04,15.0,125.0,0,0,0.53,5.93,-5.74,-0.018,0.074,0.026,1.000,0.750,0.750,0.750,1,53.6,84.1,762,768,1,0,1,0,1216,1816,115,0
0.26,climb_cruise,449.6,449.6,34999.5,-107,0.93,0.39,357.76,1.05,15.0,125.0,0,0,-0.10,6.50,-4.40,-0.017,0.075,0.028,1.000,0.750,0.750,0.750,1,53.5,84.1,762,769,1,0,1,0,1216,1816,116,0
0.28,climb_cruise,449.6,449.6,34999.5,-110,0.92,0.52,357.68,1.04,15.0,125.0,0,0,-0.67,6.90,-3.07,-0.016,0.076,0.031,1.000,0.750,0.750,0.750,1,53.4,84.1,762,769,1,0,1,0,1216,1816,114,0
0.30,climb_cruise,449.6,449.6,34999.4,-113,0.90,0.66,357.63,1.02,15.0,125.0,0,0,-1.15,7.12,-1.80,-0.015,0.075,0.033,1.000,0.750,0.750,0.750,1,53.3,84.2,762,769,1,0,1,0,1216,1816,116,0
0.32,climb_cruise,449.5,449.5,34999.4,-115,0.88,0.80,357.60,0.99,15.0,125.0,0,0,-1.50,7.17,-0.61,-0.015,0.074,0.035,1.000,0.750,0.750,0.750,1,53.2,84.2,762,770,1,0,1,0,1216,1816,116,0
0.34,climb_cruise,449.5,449.5,34999.3,-118,0.84,0.94,357.60,0.96,15.0,125.0,0,0,-1.70,7.05,0.45,-0.015,0.071,0.036,1.000,0.750,0.750,0.750,1,53.1,84.3,762,770,1,0,1,0,1216,1816,115,0
0.36,climb_cruise,449.5,449.5,34999.3,-122,0.81,1.08,357.62,0.93,15.0,125.0,0,0,-1.74,6.78,1.37,-0.016,0.068,0.037,1.000,0.750,0.750,0.750,1,52.9,84.3,762,771,1,0,1,0,1216,1816,115,0
0.38,climb_cruise,449.5,449.5,34999.3,-125,0.78,1.21,357.65,0.89,15.0,125.0,0,0,-1.62,6.36,2.14,-0.017,0.063,0.037,1.000,0.750,0.750,0.750,1,52.8,84.4,762,771,1,0,1,0,1216,1816,115,0
0.40,climb_cruise,449.4,449.4,34999.2,-129,0.74,1.33,357.70,0.86,15.0,125.0,0,0,-1.35,5.83,2.73,-0.019,0.059,0.037,1.000,0.750,0.750,0.750,1,52.7,84.5,762,771,1,0,1,0,1216,1816,115,0
0.42,climb_cruise,449.4,449.4,34999.2,-133,0.72,1.45,357.75,0.83,15.0,125.0,0,0,-0.95,5.20,3.15,-0.021,0.054,0.037,1.000,0.750,0.750,0.750,1,52.6,84.5,762,772,1,0,1,0,1216,1816,115,0
0.44,climb_cruise,449.4,449.4,34999.1,-137,0.70,1.54,357.82,0.82,15.0,125.0,0,0,-0.44,4.50,3.40,-0.024,0.049,0.036,1.000,0.750,0.750,0.750,1,52.5,84.6,762,772,1,0,1,0,1216,1816,115,0
0.46,climb_cruise,449.4,449.4,34999.1,-141,0.70,1.63,357.89,0.81,15.0,125.0,0,0,0.13,3.76,3.50,-0.026,0.044,0.036,1.000,0.750,0.750,0.750,1,52.4,84.7,762,772,1,0,1,0,1216,1816,116,0
0.48,climb_cruise,449.3,449.3,34999.0,-145,0.70,1.69,357.96,0.82,15.0,125.0,0,0,0.73,2.99,3.45,-0.029,0.039,0.035,1.000,0.750,0.750,0.750,1,52.3,84.8,762,773,1,0,1,0,1216,1816,114,0
0.50,climb_cruise,449.3,449.3,34999.0,-150,0.72,1.75,358.03,0.84,15.0,125.0,0,0,1.32,2.23,3.27,-0.031,0.035,0.033,1.000,0.750,0.750,0.750,1,52.2,84.9,762,773,1,0,1,0,1216,1816,114,0
0.52,climb_cruise,449.3,449.3,34998.9,-154,0.75,1.79,358.09,0.87,15.0,125.0,0,0,1.86,1.49,2.97,-0.033,0.030,0.032,1.000,0.750,0.750,0.750,1,52.1,85.0,762,774,1,0,1,0,1216,1816,116,0
0.54,climb_cruise,449.3,449.3,34998.9,-158,0.79,1.81,358.15,0.92,15.0,125.0,0,0,2.31,0.79,2.59,-0.035,0.027,0.030,1.000,0.750,0.750,0.750,1,52.0,85.1,762,774,1,0,1,0,1216,1816,115,0
0.56,climb_cruise,449.2,449.2,34998.8,-161,0.84,1.82,358.20,0.97,15.0,125.0,0,0,2.63,0.15,2.14,-0.036,0.024,0.029,1.000,0.750,0.750,0.750,1,51.9,85.2,762,774,1,0,1,0,1216,1816,114,0
0.58,climb_cruise,449.2,449.2,34998.8,-164,0.89,1.82,358.24,1.03,15.0,125.0,0,0,2.82,-0.43,1.64,-0.036,0.021,0.028,1.000,0.750,0.750,0.750,1,51.8,85.2,762,775,1,0,1,0,1216,1816,116,0
0.60,climb_cruise,449.2,449.2,34998.7,-167,0.94,1.80,358.27,1.09,15.0,125.0,0,0,2.86,-0.94,1.12,-0.036,0.019,0.026,1.000,0.750,0.750,0.750,1,51.7,85.3,762,775,1,0,1,0,1216,1816,116,0
0.62,climb_cruise,449.2,449.2,34998.7,-170,1.00,1.78,358.29,1.15,15.0,125.0,0,0,2.73,-1.37,0.60,-0.035,0.018,0.025,1.000,0.750,0.750,0.750,1,51.6,85.5,762,775,1,0,1,0,1216,1816,116,0
0.64,climb_cruise,449.1,449.1,34998.6,-172,1.05,1.75,358.30,1.21,15.0,125.0,0,0,2.47,-1.72,0.08,-0.034,0.017,0.024,1.000,0.750,0.750,0.750,1,51.5,85.6,762,776,1,0,1,0,1216,1816,114,0
0.66,climb_cruise,449.1,449.1,34998.5,-173,1.10,1.72,358.30,1.26,15.0,125.0,0,0,2.07,-1.98,-0.41,-0.033,0.017,0.023,1.000,0.750,0.750,0.750,1,51.4,85.7,762,776,1,0,1,0,1216,1816,114,0
0.68,climb_cruise,449.1,449.1,34998.5,-175,1.14,1.67,358.29,1.30,15.0,125.0,0,0,1.57,-2.16,-0.85,-0.031,0.017,0.022,1.000,0.750,0.750,0.750,1,51.3,85.8,762,776,1,0,1,0,1216,1816,115,0
0.70,climb_cruise,449.1,449.1,34998.4,-176,1.16,1.63,358.27,1.33,15.0,125.0,0,0,0.99,-2.26,-1.25,-0.030,0.018,0.022,1.000,0.750,0.750,0.750,1,51.2,85.9,762,777,1,0,1,0,1216,1816,116,0
0.72,climb_cruise,449.0,449.0,34998.4,-177,1.18,1.58,358.24,1.35,15.0,125.0,0,0,0.39,-2.29,-1.58,-0.028,0.019,0.021,1.000,0.750,0.750,0.750,1,51.1,86.0,762,777,1,0,1,0,1216,1816,115,0
0.74,climb_cruise,449.0,449.0,34998.3,-178,1.18,1.54,358.20,1.36,15.0,125.0,0,0,-0.21,-2.25,-1.86,-0.026,0.021,0.021,1.000,0.750,0.750,0.750,1,51.0,86.1,762,777,1,0,1,0,1216,1816,116,0
0.76,climb_cruise,449.0,449.0,34998.2,-179,1.18,1.49,358.17,1.35,15.0,125.0,0,0,-0.76,-2.14,-2.06,-0.025,0.022,0.021,1.000,0.750,0.750,0.750,1,50.9,86.2,762,777,1,0,1,0,1216,1816,116,0
0.78,climb_cruise,449.0,449.0,34998.2,-180,1.16,1.45,358.12,1.34,15.0,125.0,0,0,-1.23,-1.99,-2.20,-0.024,0.024,0.021,1.000,0.750,0.750,0.750,1,50.8,86.3,762,778,1,0,1,0,1216,1816,115,0
0.80,climb_cruise,448.9,448.9,34998.1,-181,1.13,1.41,358.08,1.32,15.0,125.0,0,0,-1.59,-1.79,-2.27,-0.024,0.026,0.021,1.000,0.750,0.750,0.750,1,50.7,86.5,762,778,1,0,1,0,1216,1816,116,0
0.82,climb_cruise,448.9,448.9,34998.1,-182,1.10,1.38,358.03,1.29,15.0,125.0,0,0,-1.81,-1.56,-2.28,-0.024,0.028,0.022,1.000,0.750,0.750,0.750,1,50.6,86.6,762,778,1,0,1,0,1216,1816,115,0
0.84,climb_cruise,448.9,448.9,34998.0,-184,1.06,1.35,357.98,1.25,15.0,125.0,0,0,-1.88,-1.32,-2.24,-0.025,0.030,0.022,1.000,0.750,0.750,0.750,1,50.5,86.7,762,779,1,0,1,0,1216,1816,115,0
0.86,climb_cruise,448.9,448.9,34997.9,-185,1.03,1.33,357.94,1.22,15.0,125.0,0,0,-1.80,-1.06,-2.14,-0.026,0.032,0.023,1.000,0.750,0.750,0.750,1,50.4,86.8,762,779,1,0,1,0,1216,1816,116,0
0.88,climb_cruise,448.8,448.8,34997.9,-187,0.99,1.31,357.90,1.19,15.0,125.0,0,0,-1.57,-0.80,-2.01,-0.028,0.033,0.023,1.000,0.750,0.750,0.750,1,50.3,86.9,762,779,1,0,1,0,1216,1816,116,0
0.90,climb_cruise,448.8,448.8,34997.8,-189,0.97,1.29,357.86,1.16,15.0,125.0,0,0,-1.21,-0.55,-1.84,-0.030,0.035,0.024,1.000,0.750,0.750,0.750,1,50.2,87.0,762,780,1,0,1,0,1216,1816,115,0
0.92,climb_cruise,448.8,448.8,34997.8,-192,0.95,1.28,357.82,1.14,15.0,125.0,0,0,-0.74,-0.32,-1.65,-0.032,0.036,0.024,1.000,0.750,0.750,0.750,1,50.1,87.2,762,780,1,0,1,0,1216,1816,115,0
0.94,climb_cruise,448.8,448.8,34997.7,-194,0.94,1.28,357.79,1.13,15.0,125.0,0,0,-0.20,-0.11,-1.44,-0.035,0.037,0.025,1.000,0.750,0.750,0.750,1,50.0,87.3,762,780,1,0,1,0,1216,1816,115,0
0.96,climb_cruise,448.8,448.8,34997.6,-197,0.94,1.28,357.76,1.13,15.0,125.0,0,0,0.39,0.08,-1.22,-0.037,0.038,0.025,1.000,0.750,0.750,0.750,1,49.9,87.4,762,780,1,0,1,0,1216,1816,116,0
0.98,climb_cruise,448.7,448.7,34997.6,-199,0.95,1.28,357.74,1.15,15.0,125.0,0,0,0.97,0.23,-1.01,-0.039,0.039,0.026,1.000,0.750,0.750,0.750,1,49.8,87.5,762,781,1,0,1,0,1216,1816,116,0
1.00,climb_cruise,448.7,448.7,34997.5,-201,0.98,1.29,357.72,1.17,15.0,125.0,0,0,1.52,0.36,-0.80,-0.041,0.039,0.026,1.000,0.750,0.750,0.750,1,49.7,87.7,762,781,1,0,1,0,1216,1816,115,0
1.02,climb_cruise,448.7,448.7,34997.4,-204,1.01,1.29,357.71,1.21,15.0,125.0,0,0,2.00,0.46,-0.60,-0.043,0.040,0.027,1.000,0.750,0.750,0.750,1,49.6,87.8,762,781,1,0,1,0,1216,1816,116,0
1.04,climb_cruise,448.7,448.7,34997.4,-206,1.05,1.30,357.70,1.25,15.0,125.0,0,0,2.37,0.52,-0.42,-0.044,0.040,0.027,1.000,0.750,0.750,0.750,1,49.5,87.9,762,781,1,0,1,0,1216,1816,115,0
1.06,climb_cruise,448.6,448.6,34997.3,-207,1.10,1.31,357.69,1.30,15.0,125.0,0,0,2.61,0.56,-0.26,-0.044,0.040,0.027,1.000,0.750,0.750,0.750,1,49.4,88.0,762,782,1,0,1,0,1216,1816,115,0
1.08,climb_cruise,448.6,448.6,34997.2,-209,1.16,1.32,357.69,1.36,15.0,125.0,0,0,2.71,0.58,-0.13,-0.044,0.039,0.028,1.000,0.750,0.750,0.750,1,49.3,88.1,762,782,1,0,1,0,1216,1816,115,0
1.10,climb_cruise,448.6,448.6,34997.1,-210,1.21,1.34,357.69,1.41,15.0,125.0,0,0,2.67,0.58,-0.02,-0.044,0.039,0.028,1.000,0.750,0.750,0.750,1,49.2,88.3,762,782,1,0,1,0,1216,1816,114,0
1.12,climb_cruise,448.6,448.6,34997.1,-210,1.26,1.35,357.69,1.46,15.0,125.0,0,0,2.47,0.56,0.06,-0.043,0.039,0.028,1.000,0.750,0.750,0.750,1,49.1,88.4,762,782,1,0,1,0,1216,1816,114,0
1.14,climb_cruise,448.5,448.5,34997.0,-211,1.31,1.36,357.70,1.51,15.0,125.0,0,0,2.15,0.53,0.11,-0.042,0.039,0.028,1.000,0.750,0.750,0.750,1,49.0,88.5,762,783,1,0,1,0,1216,1816,115,0
1.16,climb_cruise,448.5,448.5,34996.9,-211,1.35,1.37,357.70,1.55,15.0,125.0,0,0,1.71,0.49,0.14,-0.040,0.038,0.028,1.000,0.750,0.750,0.750,1,48.9,88.6,762,783,1,0,1,0,1216,1816,116,0
1.18,climb_cruise,448.5,448.5,34996.9,-211,1.38,1.38,357.70,1.58,15.0,125.0,0,0,1.20,0.44,0.14,-0.038,0.038,0.028,1.000,0.750,0.750,0.750,1,48.8,88.8,762,783,1,0,1,0,1216,1816,114,0
1.20,climb_cruise,448.5,448.5,34996.8,-210,1.40,1.39,357.71,1.60,15.0,125.0,0,0,0.64,0.40,0.13,-0.037,0.038,0.028,1.000,0.750,0.750,0.750,1,48.7,88.9,762,783,1,0,1,0,1216,1816,114,0
1.22,climb_cruise,448.4,448.4,34996.7,-210,1.41,1.39,357.71,1.61,15.0,125.0,0,0,0.07,0.35,0.09,-0.035,0.038,0.028,1.000,0.750,0.750,0.750,1,48.6,89.0,762,784,1,0,1,0,1216,1816,115,0
1.24,climb_cruise,448.4,448.4,34996.6,-209,1.40,1.40,357.71,1.61,15.0,125.0,0,0,-0.47,0.30,0.04,-0.034,0.037,0.027,1.000,0.750,0.750,0.750,1,48.5,89.1,762,784,1,0,1,0,1216,1816,114,0
1.26,climb_cruise,448.4,448.4,34996.6,-209,1.39,1.41,357.71,1.60,15.0,125.0,0,0,-0.95,0.26,-0.02,-0.033,0.037,0.027,1.000,0.750,0.750,0.750,1,48.4,89.2,762,784,1,0,1,0,1216,1816,115,0
1.28,climb_cruise,448.4,448.4,34996.5,-209,1.37,1.41,357.71,1.58,15.0,125.0,0,0,-1.33,0.24,-0.09,-0.032,0.037,0.027,1.000,0.750,0.750,0.750,1,48.3,89.4,762,784,1,0,1,0,1216,1816,114,0
1.30,climb_cruise,448.3,448.3,34996.4,-208,1.34,1.42,357.70,1.55,15.0,125.0,0,0,-1.59,0.22,-0.17,-0.032,0.037,0.027,1.000,0.750,0.750,0.750,1,48.2,89.5,762,785,1,0,1,0,1216,1816,114,0
1.32,climb_cruise,448.3,448.3,34996.4,-208,1.31,1.42,357.70,1.52,15.0,125.0,0,0,-1.71,0.20,-0.25,-0.032,0.038,0.027,1.000,0.750,0.750,0.750,1,48.1,89.6,762,785,1,0,1,0,1216,1816,115,0
1.34,climb_cruise,448.3,448.3,34996.3,-209,1.27,1.42,357.69,1.48,15.0,125.0,0,0,-1.70,0.20,-0.32,-0.033,0.038,0.027,1.000,0.750,0.750,0.750,1,48.0,89.7,762,785,1,0,1,0,1216,1816,115,0
1.36,climb_cruise,448.3,448.3,34996.2,-209,1.24,1.43,357.69,1.45,15.0,125.0,0,0,-1.54,0.21,-0.40,-0.035,0.038,0.027,1.000,0.750,0.750,0.750,1,47.9,89.8,762,785,1,0,1,0,1216,1816,116,0
1.38,climb_cruise,448.3,448.3,34996.2,-210,1.21,1.43,357.68,1.42,15.0,125.0,0,0,-1.25,0.22,-0.47,-0.036,0.038,0.027,1.000,0.750,0.750,0.750,1,47.8,89.9,762,785,1,0,1,0,1216,1816,115,0
1.40,climb_cruise,448.2,448.2,34996.1,-211,1.19,1.44,357.67,1.40,15.0,125.0,0,0,-0.85,0.25,-0.53,-0.038,0.039,0.027,1.000,0.750,0.750,0.750,1,47.7,90.1,762,786,1,0,1,0,1216,1816,115,0
1.42,climb_cruise,448.2,448.2,34996.0,-212,1.18,1.44,357.65,1.39,15.0,125.0,0,0,-0.37,0.27,-0.58,-0.040,0.039,0.027,1.000,0.750,0.750,0.750,1,47.6,90.2,762,786,1,0,1,0,1216,1816,115,0
1.44,climb_cruise,448.2,448.2,34996.0,-213,1.17,1.45,357.64,1.38,15.0,125.0,0,0,0.16,0.31,-0.62,-0.043,0.040,0.027,1.000,0.750,0.750,0.750,1,47.5,90.3,762,786,1,0,1,0,1216,1816,116,0
1.46,climb_cruise,448.2,448.2,34995.9,-214,1.18,1.45,357.63,1.39,15.0,125.0,0,0,0.70,0.34,-0.65,-0.045,0.040,0.027,1.000,0.750,0.750,0.750,1,47.4,90.4,762,786,1,0,1,0,1216,1816,114,0
1.48,climb_cruise,448.1,448.1,34995.8,-215,1.20,1.46,357.62,1.41,15.0,125.0,0,0,1.22,0.38,-0.67,-0.046,0.041,0.027,1.000,0.750,0.750,0.750,1,47.3,90.5,762,786,1,0,1,0,1216,1816,115,0
1.50,climb_cruise,448.1,448.1,34995.7,-216,1.23,1.47,357.60,1.43,15.0,125.0,0,0,1.69,0.41,-0.68,-0.048,0.041,0.027,1.000,0.750,0.750,0.750,1,47.2,90.6,762,787,1,0,1,0,1216,1816,115,0
1.52,climb_cruise,448.1,448.1,34995.7,-217,1.27,1.48,357.59,1.47,15.0,125.0,0,0,2.06,0.45,-0.69,-0.049,0.041,0.027,1.000,0.750,0.750,0.750,1,47.1,90.8,762,787,1,0,1,0,1216,1816,116,0
1.54,climb_cruise,448.1,448.1,34995.6,-217,1.31,1.49,357.58,1.51,15.0,125.0,0,0,2.33,0.48,-0.68,-0.050,0.042,0.028,1.000,0.750,0.750,0.750,1,47.1,90.9,762,787,1,0,1,0,1216,1816,115,0
1.56,climb_cruise,448.0,448.0,34995.5,-218,1.36,1.50,357.57,1.56,15.0,125.0,0,0,2.47,0.51,-0.66,-0.050,0.042,0.028,1.000,0.750,0.750,0.750,1,47.0,91.0,762,787,1,0,1,0,1216,1816,115,0
1.58,climb_cruise,448.0,448.0,34995.4,-218,1.41,1.51,357.56,1.61,15.0,125.0,0,0,2.47,0.54,-0.64,-0.049,0.042,0.028,1.000,0.750,0.750,0.750,1,46.9,91.1,762,787,1,0,1,0,1216,1816,114,0
1.60,climb_cruise,448.0,448.0,34995.4,-217,1.46,1.52,357.54,1.66,15.0,125.0,0,0,2.33,0.56,-0.61,-0.048,0.043,0.028,1.000,0.750,0.750,0.750,1,46.8,91.2,762,788,1,0,1,0,1216,1816,115,0
1.62,climb_cruise,448.0,448.0,34995.3,-217,1.50,1.53,357.53,1.70,15.0,125.0,0,0,2.07,0.59,-0.58,-0.047,0.043,0.028,1.000,0.750,0.750,0.750,1,46.7,91.3,762,788,1,0,1,0,1216,1816,114,0
1.64,climb_cruise,448.0,448.0,34995.2,-216,1.54,1.54,357.52,1.74,15.0,125.0,0,0,1.70,0.60,-0.54,-0.046,0.043,0.028,1.000,0.750,0.750,0.750,1,46.6,91.4,762,788,1,0,1,0,1216,1816,115,0
1.66,climb_cruise,447.9,447.9,34995.1,-215,1.57,1.55,357.51,1.77,15.0,125.0,0,0,1.24,0.62,-0.50,-0.044,0.043,0.029,1.000,0.750,0.750,0.750,1,46.5,91.5,762,788,1,0,1,0,1216,1816,114,0
1.68,climb_cruise,447.9,447.9,34995.1,-213,1.59,1.56,357.50,1.79,15.0,125.0,0,0,0.73,0.63,-0.46,-0.042,0.043,0.029,1.000,0.750,0.750,0.750,1,46.4,91.6,762,788,1,0,1,0,1216,1816,116,0
1.70,climb_cruise,447.9,447.9,34995.0,-212,1.60,1.58,357.50,1.80,15.0,125.0,0,0,0.20,0.64,-0.42,-0.041,0.044,0.029,1.000,0.750,0.750,0.750,1,46.3,91.7,762,789,1,0,1,0,1216,1816,114,0
1.72,climb_cruise,447.9,447.9,34994.9,-210,1.60,1.59,357.49,1.80,15.0,125.0,0,0,-0.31,0.65,-0.39,-0.039,0.044,0.029,1.000,0.750,0.750,0.750,1,46.2,91.8,762,789,1,0,1,0,1216,1816,116,0
1.74,climb_cruise,447.8,447.8,34994.9,-209,1.59,1.60,357.48,1.79,15.0,125.0,0,0,-0.77,0.66,-0.35,-0.038,0.044,0.029,1.000,0.750,0.750,0.750,1,46.1,91.9,762,789,1,0,1,0,1216,1816,114,0
1.76,climb_cruise,447.8,447.8,34994.8,-208,1.57,1.62,357.47,1.77,15.0,125.0,0,0,-1.16,0.66,-0.32,-0.038,0.044,0.030,1.000,0.750,0.750,0.750,1,46.0,92.1,762,789,1,0,1,0,1216,1816,115,0
1.78,climb_cruise,447.8,447.8,34994.7,-206,1.53,1.58,357.46,1.73,15.0,125.0,0,0,-3.24,-4.58,-1.46,-0.037,0.044,0.030,1.000,0.100,0.100,0.100,1,45.9,92.2,762,789,1,0,1,0,32,1032,116,0
1.80,climb_cruise,447.8,447.8,34994.7,-205,1.46,1.47,357.42,1.67,15.0,125.0,0,0,-4.82,-6.75,-2.40,-0.037,0.044,0.030,1.000,0.100,0.100,0.100,1,45.8,92.3,762,789,1,0,1,0,16,248,115,0
1.82,climb_cruise,447.7,447.7,34994.6,-204,1.35,1.32,357.36,1.57,15.0,125.0,0,0,-5.93,-7.78,-3.15,-0.038,0.046,0.030,1.000,0.100,0.100,0.100,1,45.8,92.4,762,790,1,0,1,0,16,16,114,0
1.84,climb_cruise,447.7,447.7,34994.5,-204,1.23,1.16,357.29,1.46,15.0,125.0,0,0,-6.60,-8.37,-3.73,-0.040,0.050,0.030,1.000,0.100,0.100,0.100,1,45.7,92.5,762,790,1,0,1,0,16,16,115,0
1.86,climb_cruise,447.7,447.7,34994.5,-204,1.10,0.99,357.21,1.33,15.0,125.0,0,0,-6.88,-8.75,-4.16,-0.043,0.054,0.031,1.000,0.100,0.100,0.100,1,45.6,92.6,762,790,1,0,1,0,16,16,115,0
1.88,climb_cruise,447.7,447.7,34994.4,-206,0.96,0.81,357.12,1.20,15.0,125.0,0,0,-6.83,-9.03,-4.44,-0.048,0.059,0.032,1.000,0.100,0.100,0.100,1,45.5,92.7,762,790,1,0,1,0,16,16,115,0
1.90,climb_cruise,447.7,447.7,34994.3,-208,0.83,0.62,357.03,1.08,15.0,125.0,0,0,-6.49,-9.23,-4.60,-0.053,0.064,0.033,1.000,0.100,0.100,0.100,1,45.4,92.8,762,790,1,0,1,0,16,16,115,0
1.92,climb_cruise,447.6,447.6,34994.3,-211,0.70,0.44,356.93,0.97,15.0,125.0,0,0,-5.93,-9.38,-4.65,-0.060,0.070,0.034,1.000,0.100,0.100,0.100,1,45.3,92.9,762,790,1,0,1,0,16,16,115,0
1.94,climb_cruise,447.6,447.6,34994.2,-215,0.59,0.25,356.84,0.87,15.0,125.0,0,0,-5.20,-9.50,-4.60,-0.067,0.076,0.035,1.000,0.100,0.100,0.100,1,45.2,93.0,762,791,1,0,1,0,16,16,115,0
1.96,climb_cruise,447.6,447.6,34994.1,-219,0.49,0.06,356.75,0.78,15.0,125.0,0,0,-4.37,-9.57,-4.47,-0.075,0.082,0.036,1.000,0.100,0.100,0.100,1,45.1,93.0,762,791,1,0,1,0,16,16,114,0
1.98,climb_cruise,447.6,447.6,34994.1,-224,0.41,-0.14,356.66,0.71,15.0,125.0,0,0,-3.49,-9.62,-4.27,-0.083,0.088,0.037,1.000,0.100,0.100,0.100,1,45.0,93.1,762,791,1,0,1,0,16,16,115,0
2.00,climb_cruise,447.6,447.6,34994.0,-229,0.35,-0.33,356.58,0.67,15.0,125.0,0,0,-2.59,-9.64,-4.03,-0.090,0.093,0.039,1.000,0.100,0.100,0.100,1,44.9,93.2,762,791,1,0,1,0,16,16,114,0
2.02,climb_cruise,447.5,447.5,34993.9,-234,0.30,-0.52,356.50,0.64,15.0,125.0,0,0,-1.73,-9.64,-3.74,-0.098,0.099,0.040,1.000,0.100,0.100,0.100,1,44.8,93.3,762,791,1,0,1,0,16,16,115,0
2.04,climb_cruise,447.5,447.5,34993.9,-240,0.28,-0.71,356.43,0.62,15.0,125.0,0,0,-0.92,-9.62,-3.43,-0.105,0.105,0.041,1.000,0.100,0.100,0.100,1,44.8,93.4,762,791,1,0,1,0,16,16,114,0
2.06,climb_cruise,447.5,447.5,34993.8,-245,0.26,-0.91,356.36,0.63,15.0,125.0,0,0,-0.21,-9.58,-3.11,-0.112,0.110,0.043,1.000,0.100,0.100,0.100,1,44.7,93.5,762,791,1,0,1,0,16,16,116,0
2.08,climb_cruise,447.5,447.5,34993.7,-250,0.26,-1.10,356.30,0.64,15.0,125.0,0,0,0.40,-9.51,-2.78,-0.118,0.116,0.044,1.000,0.100,0.100,0.100,1,44.6,93.6,762,792,1,0,1,0,16,16,115,0
2.10,climb_cruise,447.5,447.5,34993.6,-256,0.27,-1.29,356.25,0.67,15.0,125.0,0,0,0.90,-9.43,-2.46,-0.124,0.121,0.045,1.000,0.100,0.100,0.100,1,44.5,93.7,762,792,1,0,1,0,16,16,114,0
2.12,climb_cruise,447.4,447.4,34993.5,-261,0.29,-1.48,356.20,0.71,15.0,125.0,0,0,1.28,-9.33,-2.14,-0.128,0.126,0.046,1.000,0.100,0.100,0.100,1,44.4,93.8,762,792,1,0,1,0,16,16,115,0
2.14,climb_cruise,447.4,447.4,34993.4,-266,0.32,-1.66,356.16,0.76,15.0,125.0,0,0,1.54,-9.22,-1.85,-0.132,0.132,0.047,1.000,0.100,0.100,0.100,1,44.3,93.9,762,792,1,0,1,0,16,16,115,0
2.16,climb_cruise,447.4,447.4,34993.3,-270,0.35,-1.84,356.13,0.81,15.0,125.0,0,0,1.69,-9.10,-1.57,-0.136,0.137,0.048,1.000,0.100,0.100,0.100,1,44.2,94.0,762,792,1,0,1,0,16,16,115,0
2.18,climb_cruise,447.4,447.4,34993.2,-275,0.38,-2.03,356.10,0.86,15.0,125.0,0,0,1.74,-8.96,-1.32,-0.138,0.142,0.048,1.000,0.100,0.100,0.100,1,44.1,94.0,762,792,1,0,1,0,16,16,116,0
2.20,climb_cruise,447.4,447.4,34993.1,-279,0.42,-2.20,356.07,0.91,15.0,125.0,0,0,1.70,-8.81,-1.10,-0.141,0.147,0.049,1.000,0.100,0.100,0.100,1,44.0,94.1,762,792,1,0,1,0,16,16,116,0
2.22,climb_cruise,447.3,447.3,34993.0,-283,0.45,-2.38,356.05,0.96,15.0,125.0,0,0,1.59,-8.66,-0.90,-0.142,0.152,0.049,1.000,0.100,0.100,0.100,1,44.0,94.2,762,793,1,0,1,0,16,16,115,0
2.24,climb_cruise,447.3,447.3,34993.0,-286,0.48,-2.55,356.03,1.01,15.0,125.0,0,0,1.43,-8.50,-0.73,-0.144,0.157,0.049,1.000,0.100,0.100,0.100,1,43.9,94.3,762,793,1,0,1,0,16,16,114,0
2.26,climb_cruise,447.3,447.3,34992.9,-289,0.51,-2.72,356.02,1.05,15.0,125.0,0,0,1.22,-8.34,-0.60,-0.145,0.161,0.050,1.000,0.100,0.100,0.100,1,43.8,94.4,762,793,1,0,1,0,16,16,116,0
2.28,climb_cruise,447.3,447.3,34992.8,-292,0.53,-2.88,356.00,1.09,15.0,125.0,0,0,0.98,-8.17,-0.48,-0.146,0.166,0.050,1.000,0.100,0.100,0.100,1,43.7,94.5,762,793,1,0,1,0,16,16,114,0
2.30,climb_cruise,447.3,447.3,34992.7,-295,0.55,-3.05,355.99,1.12,15.0,125.0,0,0,0.74,-8.01,-0.40,-0.146,0.171,0.050,1.000,0.100,0.100,0.100,1,43.6,94.5,762,793,1,0,1,0,16,16,115,0
2.32,climb_cruise,447.2,447.2,34992.6,-298,0.56,-3.20,355.99,1.15,15.0,125.0,0,0,0.49,-7.84,-0.34,-0.147,0.176,0.050,1.000,0.100,0.100,0.100,1,43.5,94.6,762,793,1,0,1,0,16,16,115,0
2.34,climb_cruise,447.2,447.2,34992.5,-300,0.57,-3.36,355.98,1.17,15.0,125.0,0,0,0.26,-7.68,-0.30,-0.148,0.181,0.050,1.000,0.100,0.100,0.100,1,43.4,94.7,762,793,1,0,1,0,16,16,116,0
2.36,climb_cruise,447.2,447.2,34992.4,-302,0.57,-3.51,355.97,1.19,15.0,125.0,0,0,0.04,-7.53,-0.28,-0.149,0.186,0.050,1.000,0.100,0.100,0.100,1,43.3,94.8,762,793,1,0,1,0,16,16,114,0
2.38,climb_cruise,447.2,447.2,34992.3,-305,0.57,-3.66,355.97,1.20,15.0,125.0,0,0,-0.14,-7.38,-0.28,-0.150,0.191,0.049,1.000,0.100,0.100,0.100,1,43.3,94.9,762,794,1,0,1,0,16,16,115,0
2.40,climb_cruise,447.2,447.2,34992.1,-307,0.56,-3.81,355.96,1.21,15.0,125.0,0,0,-0.30,-7.23,-0.29,-0.151,0.196,0.049,1.000,0.100,0.100,0.100,1,43.2,94.9,762,794,1,0,1,0,16,16,114,0
2.42,climb_cruise,447.1,447.1,34992.0,-309,0.56,-3.95,355.96,1.22,15.0,125.0,0,0,-0.42,-7.08,-0.32,-0.153,0.201,0.049,1.000,0.100,0.100,0.100,1,43.1,95.0,762,794,1,0,1,0,16,16,115,0
2.44,climb_cruise,447.1,447.1,34991.9,-311,0.55,-4.09,355.95,1.22,15.0,125.0,0,0,-0.51,-6.94,-0.35,-0.154,0.206,0.049,1.000,0.100,0.100,0.100,1,43.0,95.1,762,794,1,0,1,0,16,16,115,0
2.46,climb_cruise,447.1,447.1,34991.8,-313,0.54,-4.23,355.94,1.22,15.0,125.0,0,0,-0.57,-6.81,-0.40,-0.156,0.211,0.049,1.000,0.100,0.100,0.100,1,42.9,95.2,762,794,1,0,1,0,16,16,115,0
2.48,climb_cruise,447.1,447.1,34991.7,-316,0.52,-4.36,355.94,1.22,15.0,125.0,0,0,-0.59,-6.67,-0.44,-0.158,0.217,0.048,1.000,0.100,0.100,0.100,1,42.8,95.2,762,794,1,0,1,0,16,16,116,0
2.50,climb_cruise,447.1,447.1,34991.6,-318,0.51,-4.50,355.93,1.22,15.0,125.0,0,0,-0.58,-6.55,-0.49,-0.160,0.222,0.048,1.000,0.100,0.100,0.100,1,42.7,95.3,762,794,1,0,1,0,16,16,114,0
2.52,climb_cruise,447.0,447.0,34991.5,-320,0.50,-4.63,355.92,1.22,15.0,125.0,0,0,-0.55,-6.42,-0.55,-0.162,0.227,0.048,1.000,0.100,0.100,0.100,1,42.7,95.4,762,794,1,0,1,0,16,16,116,0
2.54,climb_cruise,447.0,447.0,34991.4,-322,0.49,-4.75,355.91,1.22,15.0,125.0,0,0,-0.50,-6.30,-0.60,-0.165,0.232,0.048,1.000,0.100,0.100,0.100,1,42.6,95.5,762,794,1,0,1,0,16,16,114,0
2.56,climb_cruise,447.0,447.0,34991.3,-325,0.48,-4.88,355.90,1.22,15.0,125.0,0,0,-0.44,-6.18,-0.65,-0.167,0.238,0.048,1.000,0.100,0.100,0.100,1,42.5,95.5,762,795,1,0,1,0,16,16,115,0
2.58,climb_cruise,447.0,447.0,34991.2,-327,0.47,-5.00,355.88,1.23,15.0,125.0,0,0,-0.36,-6.06,-0.70,-0.170,0.243,0.048,1.000,0.100,0.100,0.100,1,42.4,95.6,762,795,1,0,1,0,16,16,114,0
2.60,climb_cruise,447.0,447.0,34991.1,-329,0.46,-5.12,355.87,1.23,15.0,125.0,0,0,-0.27,-5.95,-0.74,-0.173,0.248,0.048,1.000,0.100,0.100,0.100,1,42.3,95.7,762,795,1,0,1,0,16,16,115,0
2.62,climb_cruise,447.0,447.0,34991.0,-332,0.45,-5.24,355.86,1.23,15.0,125.0,0,0,-0.18,-5.83,-0.79,-0.175,0.254,0.047,1.000,0.100,0.100,0.100,1,42.2,95.7,762,795,1,0,1,0,16,16,116,0
2.64,climb_cruise,446.9,446.9,34990.9,-334,0.45,-5.35,355.84,1.24,15.0,125.0,0,0,-0.09,-5.72,-0.83,-0.178,0.259,0.047,1.000,0.100,0.100,0.100,1,42.2,95.8,762,795,1,0,1,0,16,16,116,0
2.66,climb_cruise,446.9,446.9,34990.8,-336,0.45,-5.47,355.82,1.25,15.0,125.0,0,0,-0.01,-5.60,-0.86,-0.181,0.264,0.047,1.000,0.100,0.100,0.100,1,42.1,95.9,762,795,1,0,1,0,16,16,115,0
2.68,climb_cruise,446.9,446.9,34990.6,-338,0.45,-5.58,355.81,1.26,15.0,125.0,0,0,0.07,-5.49,-0.89,-0.183,0.270,0.047,1.000,0.100,0.100,0.100,1,42.0,96.0,762,795,1,0,1,0,16,16,114,0
2.70,climb_cruise,446.9,446.9,34990.5,-340,0.45,-5.69,355.79,1.27,15.0,125.0,0,0,0.14,-5.38,-0.91,-0.186,0.275,0.047,1.000,0.100,0.100,0.100,1,41.9,96.0,762,795,1,0,1,0,16,16,115,0
2.72,climb_cruise,446.9,446.9,34990.4,-343,0.45,-5.79,355.77,1.28,15.0,125.0,0,0,0.21,-5.27,-0.93,-0.188,0.280,0.047,1.000,0.100,0.100,0.100,1,41.8,96.1,762,795,1,0,1,0,16,16,116,0
2.74,climb_cruise,446.8,446.8,34990.3,-345,0.45,-5.90,355.75,1.30,15.0,125.0,0,0,0.26,-5.16,-0.95,-0.191,0.286,0.048,1.000,0.100,0.100,0.100,1,41.7,96.2,762,796,1,0,1,0,16,16,115,0
2.76,climb_cruise,446.8,446.8,34990.2,-347,0.45,-6.00,355.73,1.31,15.0,125.0,0,0,0.30,-5.05,-0.96,-0.193,0.291,0.048,1.000,0.100,0.100,0.100,1,41.6,96.2,762,796,1,0,1,0,16,16,116,0
2.78,climb_cruise,446.8,446.8,34990.1,-348,0.46,-6.10,355.71,1.33,15.0,125.0,0,0,0.33,-4.93,-0.97,-0.195,0.296,0.048,1.000,0.100,0.100,0.100,1,41.6,96.3,762,796,1,0,1,0,16,16,115,0
2.80,climb_cruise,446.8,446.8,34990.0,-350,0.46,-6.20,355.69,1.34,15.0,125.0,0,0,0.36,-4.82,-0.97,-0.198,0.302,0.048,1.000,0.100,0.100,0.100,1,41.5,96.3,762,796,1,0,1,0,16,16,115,0
2.82,climb_cruise,446.8,446.8,34989.8,-352,0.47,-6.29,355.67,1.36,15.0,125.0,0,0,0.37,-4.71,-0.97,-0.200,0.307,0.048,1.000,0.100,0.100,0.100,1,41.4,96.4,762,796,1,0,1,0,16,16,116,0
2.84,climb_cruise,446.7,446.7,34989.7,-354,0.47,-6.39,355.65,1.37,15.0,125.0,0,0,0.38,-4.60,-0.97,-0.202,0.312,0.048,1.000,0.100,0.100,0.100,1,41.3,96.5,762,796,1,0,1,0,16,16,114,0
2.86,climb_cruise,446.7,446.7,34989.6,-355,0.48,-6.48,355.63,1.39,15.0,125.0,0,0,0.38,-4.49,-0.97,-0.204,0.317,0.048,1.000,0.100,0.100,0.100,1,41.2,96.5,762,796,1,0,1,0,16,16,114,0
2.88,climb_cruise,446.7,446.7,34989.5,-357,0.48,-6.57,355.61,1.40,15.0,125.0,0,0,0.37,-4.38,-0.96,-0.206,0.322,0.048,1.000,0.100,0.100,0.100,1,41.2,96.6,762,796,1,0,1,0,16,16,114,0
2.90,climb_cruise,446.7,446.7,34989.4,-358,0.49,-6.65,355.59,1.42,15.0,125.0,0,0,0.37,-4.26,-0.96,-0.208,0.327,0.049,1.000,0.100,0.100,0.100,1,41.1,96.7,762,796,1,0,1,0,16,16,116,0
2.92,climb_cruise,446.7,446.7,34989.2,-360,0.49,-6.74,355.57,1.43,15.0,125.0,0,0,0.36,-4.15,-0.95,-0.210,0.332,0.049,1.000,0.100,0.100,0.100,1,41.0,96.7,762,796,1,0,1,0,16,16,115,0
2.94,climb_cruise,446.6,446.6,34989.1,-361,0.50,-6.82,355.55,1.44,15.0,125.0,0,0,0.35,-4.04,-0.94,-0.212,0.337,0.049,1.000,0.100,0.100,0.100,1,40.9,96.8,762,796,1,0,1,0,16,16,115,0
2.96,climb_cruise,446.6,446.6,34989.0,-362,0.50,-6.90,355.53,1.46,15.0,125.0,0,0,0.34,-3.93,-0.93,-0.214,0.342,0.049,1.000,0.100,0.100,0.100,1,40.8,96.8,762,797,1,0,1,0,16,16,115,0
2.98,climb_cruise,446.6,446.6,34988.9,-363,0.51,-6.98,355.51,1.47,15.0,125.0,0,0,0.33,-3.82,-0.92,-0.216,0.347,0.049,1.000,0.100,0.100,0.100,1,40.7,96.9,762,797,1,0,1,0,16,16,116,0
3.00,climb_cruise,446.6,446.6,34988.8,-364,0.51,-7.05,355.49,1.48,15.0,125.0,0,0,0.32,-3.71,-0.91,-0.218,0.352,0.049,1.000,0.100,0.100,0.100,1,40.7,96.9,762,797,1,0,1,0,16,16,115,0
3.02,climb_cruise,446.6,446.6,34988.6,-366,0.52,-7.13,355.47,1.49,15.0,125.0,0,0,0.32,-3.60,-0.90,-0.220,0.357,0.049,1.000,0.100,0.100,0.100,1,40.6,97.0,762,797,1,0,1,0,16,16,115,0
3.04,climb_cruise,446.5,446.5,34988.5,-367,0.52,-7.20,355.45,1.51,15.0,125.0,0,0,0.31,-3.49,-0.89,-0.222,0.361,0.050,1.000,0.100,0.100,0.100,1,40.5,97.1,762,797,1,0,1,0,16,16,115,0
3.06,climb_cruise,446.5,446.5,34988.4,-368,0.52,-7.27,355.44,1.52,15.0,125.0,0,0,0.31,-3.38,-0.88,-0.224,0.366,0.050,1.000,0.100,0.100,0.100,1,40.4,97.1,762,797,1,0,1,0,16,16,116,0
3.08,climb_cruise,446.5,446.5,34988.3,-368,0.53,-7.33,355.42,1.53,15.0,125.0,0,0,0.32,-3.27,-0.88,-0.226,0.370,0.050,1.000,0.100,0.100,0.100,1,40.3,97.2,762,797,1,0,1,0,16,16,115,0
3.10,climb_cruise,446.5,446.5,34988.1,-369,0.53,-7.40,355.40,1.54,15.0,125.0,0,0,0.32,-3.17,-0.87,-0.228,0.375,0.050,1.000,0.100,0.100,0.100,1,40.3,97.2,762,797,1,0,1,0,16,16,114,0
3.12,climb_cruise,446.5,446.5,34988.0,-370,0.54,-7.46,355.38,1.55,15.0,125.0,0,0,0.33,-3.06,-0.86,-0.230,0.380,0.050,1.000,0.100,0.100,0.100,1,40.2,97.3,762,797,1,0,1,0,16,16,115,0
3.14,climb_cruise,446.4,446.4,34987.9,-371,0.54,-7.52,355.36,1.56,15.0,125.0,0,0,0.34,-2.96,-0.85,-0.232,0.384,0.050,1.000,0.100,0.100,0.100,1,40.1,97.3,762,797,1,0,1,0,16,16,114,0
3.16,climb_cruise,446.4,446.4,34987.8,-371,0.55,-7.58,355.35,1.57,15.0,125.0,0,0,0.35,-2.85,-0.85,-0.234,0.388,0.051,1.000,0.100,0.100,0.100,1,40.0,97.4,762,797,1,0,1,0,16,16,115,0
3.18,climb_cruise,446.4,446.4,34987.6,-372,0.55,-7.63,355.33,1.58,15.0,125.0,0,0,0.37,-2.75,-0.84,-0.236,0.393,0.051,1.000,0.100,0.100,0.100,1,39.9,97.4,762,797,1,0,1,0,16,16,114,0
3.20,climb_cruise,446.4,446.4,34987.5,-373,0.56,-7.69,355.31,1.59,15.0,125.0,0,0,0.38,-2.65,-0.83,-0.238,0.397,0.051,1.000,0.100,0.100,0.100,1,39.9,97.5,762,797,1,0,1,0,16,16,116,0
3.22,climb_cruise,446.4,446.4,34987.4,-373,0.56,-7.74,355.29,1.61,15.0,125.0,0,0,0.40,-2.55,-0.83,-0.240,0.401,0.051,1.000,0.100,0.100,0.100,1,39.8,97.5,762,798,1,0,1,0,16,16,116,0
3.24,climb_cruise,446.4,446.4,34987.3,-374,0.57,-7.79,355.28,1.62,15.0,125.0,0,0,0.42,-2.45,-0.83,-0.242,0.406,0.051,1.000,0.100,0.100,0.100,1,39.7,97.6,762,798,1,0,1,0,16,16,116,0
3.26,climb_cruise,446.3,446.3,34987.1,-374,0.57,-7.84,355.26,1.63,15.0,125.0,0,0,0.43,-2.35,-0.82,-0.244,0.410,0.051,1.000,0.100,0.100,0.100,1,39.6,97.6,762,798,1,0,1,0,16,16,116,0
3.28,climb_cruise,446.3,446.3,34987.0,-375,0.58,-7.89,355.24,1.64,15.0,125.0,0,0,0.45,-2.25,-0.82,-0.246,0.414,0.051,1.000,0.100,0.100,0.100,1,39.5,97.7,762,798,1,0,1,0,16,16,115,0
3.30,climb_cruise,446.3,446.3,34986.9,-375,0.59,-7.93,355.22,1.65,15.0,125.0,0,0,0.47,-2.16,-0.81,-0.248,0.418,0.052,1.000,0.100,0.100,0.100,1,39.5,97.7,762,798,1,0,1,0,16,16,114,0
3.32,climb_cruise,446.3,446.3,34986.8,-375,0.59,-7.97,355.21,1.66,15.0,125.0,0,0,0.48,-2.07,-0.81,-0.250,0.422,0.052,1.000,0.100,0.100,0.100,1,39.4,97.8,762,798,1,0,1,0,16,16,116,0
3.34,climb_cruise,446.3,446.3,34986.6,-375,0.60,-8.01,355.19,1.67,15.0,125.0,0,0,0.50,-1.97,-0.81,-0.252,0.426,0.052,1.000,0.100,0.100,0.100,1,39.3,97.8,762,798,1,0,1,0,16,16,115,0
3.36,climb_cruise,446.2,446.2,34986.5,-375,0.61,-8.05,355.17,1.69,15.0,125.0,0,0,0.51,-1.88,-0.81,-0.253,0.430,0.052,1.000,0.100,0.100,0.100,1,39.2,97.9,762,798,1,0,1,0,16,16,115,0
3.38,climb_cruise,446.2,446.2,34986.4,-376,0.62,-8.09,355.15,1.70,15.0,125.0,0,0,0.52,-1.79,-0.80,-0.255,0.434,0.052,1.000,0.100,0.100,0.100,1,39.1,97.9,762,798,1,0,1,0,16,16,115,0
3.40,climb_cruise,446.2,446.2,34986.3,-376,0.63,-8.12,355.14,1.71,15.0,125.0,0,0,0.54,-1.70,-0.80,-0.257,0.438,0.052,1.000,0.100,0.100,0.100,1,39.1,98.0,762,798,1,0,1,0,16,16,114,0
3.42,climb_cruise,446.2,446.2,34986.1,-375,0.63,-8.16,355.12,1.72,15.0,125.0,0,0,0.55,-1.61,-0.80,-0.259,0.442,0.052,1.000,0.100,0.100,0.100,1,39.0,98.0,762,798,1,0,1,0,16,16,116,0
3.44,climb_cruise,446.2,446.2,34986.0,-375,0.64,-8.19,355.10,1.73,15.0,125.0,0,0,0.56,-1.53,-0.80,-0.261,0.445,0.053,1.000,0.100,0.100,0.100,1,38.9,98.1,762,798,1,0,1,0,16,16,116,0
3.46,climb_cruise,446.1,446.1,34985.9,-375,0.65,-8.22,355.08,1.75,15.0,125.0,0,0,0.57,-1.44,-0.79,-0.262,0.449,0.053,1.000,0.100,0.100,0.100,1,38.8,98.1,762,798,1,0,1,0,16,16,116,0
3.48,climb_cruise,446.1,446.1,34985.8,-375,0.66,-8.25,355.07,1.76,15.0,125.0,0,0,0.58,-1.36,-0.79,-0.264,0.453,0.053,1.000,0.100,0.100,0.100,1,38.8,98.1,762,798,1,0,1,0,16,16,115,0
3.50,climb_cruise,446.1,446.1,34985.6,-375,0.67,-8.27,355.05,1.77,15.0,125.0,0,0,0.59,-1.27,-0.79,-0.266,0.456,0.053,1.000,0.100,0.100,0.100,1,38.7,98.2,762,799,1,0,1,0,16,16,115,0
3.52,climb_cruise,446.1,446.1,34985.5,-374,0.68,-8.30,355.03,1.78,15.0,125.0,0,0,0.59,-1.19,-0.79,-0.268,0.460,0.053,1.000,0.100,0.100,0.100,1,38.6,98.2,762,799,1,0,1,0,16,16,114,0
3.54,climb_cruise,446.1,446.1,34985.4,-374,0.69,-8.32,355.02,1.79,15.0,125.0,0,0,0.60,-1.11,-0.79,-0.269,0.463,0.053,1.000,0.100,0.100,0.100,1,38.5,98.3,762,799,1,0,1,0,16,16,114,0
3.56,climb_cruise,446.0,446.0,34985.3,-373,0.70,-8.34,355.00,1.80,15.0,125.0,0,0,0.61,-1.03,-0.78,-0.271,0.467,0.054,1.000,0.100,0.100,0.100,1,38.4,98.3,762,799,1,0,1,0,16,16,115,0
3.58,climb_cruise,446.0,446.0,34985.1,-373,0.71,-8.36,354.98,1.82,15.0,125.0,0,0,0.61,-0.95,-0.78,-0.273,0.470,0.054,1.000,0.100,0.100,0.100,1,38.4,98.4,762,799,1,0,1,0,16,16,115,0
3.60,climb_cruise,446.0,446.0,34985.0,-372,0.72,-8.38,354.96,1.83,15.0,125.0,0,0,0.62,-0.87,-0.78,-0.274,0.474,0.054,1.000,0.100,0.100,0.100,1,38.3,98.4,762,799,1,0,1,0,16,16,115,0
3.62,climb_cruise,446.0,446.0,34984.9,-372,0.73,-8.40,354.95,1.84,15.0,125.0,0,0,0.63,-0.80,-0.77,-0.276,0.477,0.054,1.000,0.100,0.100,0.100,1,38.2,98.4,762,799,1,0,1,0,16,16,114,0
3.64,climb_cruise,446.0,446.0,34984.8,-371,0.74,-8.41,354.93,1.85,15.0,125.0,0,0,0.63,-0.72,-0.77,-0.278,0.480,0.054,1.000,0.100,0.100,0.100,1,38.1,98.5,762,799,1,0,1,0,16,16,115,0
3.66,climb_cruise,445.9,445.9,34984.6,-370,0.75,-8.43,354.91,1.86,15.0,125.0,0,0,0.64,-0.65,-0.77,-0.279,0.483,0.054,1.000,0.100,0.100,0.100,1,38.1,98.5,762,799,1,0,1,0,16,16,116,0
3.68,climb_cruise,445.9,445.9,34984.5,-369,0.76,-8.44,354.90,1.87,15.0,125.0,0,0,0.64,-0.58,-0.76,-0.281,0.486,0.055,1.000,0.100,0.100,0.100,1,38.0,98.6,762,799,1,0,1,0,16,16,116,0
3.70,climb_cruise,445.9,445.9,34984.4,-368,0.77,-8.45,354.88,1.88,15.0,125.0,0,0,0.65,-0.51,-0.76,-0.282,0.490,0.055,1.000,0.100,0.100,0.100,1,37.9,98.6,762,799,1,0,1,0,16,16,115,0
3.72,climb_cruise,445.9,445.9,34984.3,-368,0.78,-8.46,354.86,1.90,15.0,125.0,0,0,0.66,-0.43,-0.76,-0.284,0.493,0.055,1.000,0.100,0.100,0.100,1,37.8,98.6,762,799,1,0,1,0,16,16,115,0
3.74,climb_cruise,445.9,445.9,34984.1,-367,0.79,-8.47,354.84,1.91,15.0,125.0,0,0,0.66,-0.37,-0.75,-0.285,0.496,0.055,1.000,0.100,0.100,0.100,1,37.8,98.7,762,799,1,0,1,0,16,16,114,0
3.76,climb_cruise,445.8,445.8,34984.0,-365,0.80,-8.48,354.83,1.92,15.0,125.0,0,0,0.67,-0.30,-0.75,-0.287,0.499,0.055,1.000,0.100,0.100,0.100,1,37.7,98.7,762,799,1,0,1,0,16,16,116,0
3.78,climb_cruise,445.8,445.8,34983.9,-364,0.81,-8.48,354.81,1.93,15.0,125.0,0,0,0.68,-0.23,-0.74,-0.288,0.502,0.055,1.000,0.100,0.100,0.100,1,37.6,98.7,762,799,1,0,1,0,16,16,116,0
3.80,climb_cruise,445.8,445.8,34983.8,-363,0.83,-8.49,354.79,1.94,15.0,125.0,0,0,0.68,-0.16,-0.74,-0.290,0.505,0.056,1.000,0.100,0.100,0.100,1,37.5,98.8,762,799,1,0,1,0,16,16,114,0
3.82,climb_cruise,445.8,445.8,34983.7,-362,0.84,-8.49,354.78,1.95,15.0,125.0,0,0,0.69,-0.10,-0.73,-0.291,0.507,0.056,1.000,0.100,0.100,0.100,1,37.5,98.8,762,799,1,0,1,0,16,16,116,0
3.84,climb_cruise,445.8,445.8,34983.5,-361,0.85,-8.49,354.76,1.96,15.0,125.0,0,0,0.70,-0.03,-0.73,-0.293,0.510,0.056,1.000,0.100,0.100,0.100,1,37.4,98.9,762,799,1,0,1,0,16,16,115,0
3.86,climb_cruise,445.7,445.7,34983.4,-359,0.86,-8.49,354.74,1.97,15.0,125.0,0,0,0.70,0.03,-0.73,-0.294,0.513,0.056,1.000,0.100,0.100,0.100,1,37.3,98.9,762,800,1,0,1,0,16,16,115,0
3.88,climb_cruise,445.7,445.7,34983.3,-358,0.87,-8.49,354.73,1.98,15.0,125.0,0,0,0.71,0.09,-0.72,-0.295,0.516,0.056,1.000,0.100,0.100,0.100,1,37.2,98.9,762,800,1,0,1,0,16,16,116,0
3.90,climb_cruise,445.7,445.7,34983.2,-356,0.88,-8.49,354.71,1.99,15.0,125.0,0,0,0.72,0.15,-0.72,-0.297,0.518,0.056,1.000,0.100,0.100,0.100,1,37.2,99.0,762,800,1,0,1,0,16,16,115,0
3.92,climb_cruise,445.7,445.7,34983.1,-355,0.90,-8.48,354.70,2.01,15.0,125.0,0,0,0.72,0.21,-0.71,-0.298,0.521,0.057,1.000,0.100,0.100,0.100,1,37.1,99.0,762,800,1,0,1,0,16,16,115,0
3.94,climb_cruise,445.7,445.7,34982.9,-353,0.91,-8.48,354.68,2.02,15.0,125.0,0,0,0.73,0.27,-0.71,-0.299,0.524,0.057,1.000,0.100,0.100,0.100,1,37.0,99.0,762,800,1,0,1,0,16,16,115,0
3.96,climb_cruise,445.6,445.6,34982.8,-351,0.92,-8.47,354.66,2.03,15.0,125.0,0,0,0.74,0.33,-0.70,-0.301,0.526,0.057,1.000,0.100,0.100,0.100,1,36.9,99.1,762,800,1,0,1,0,16,16,114,0
3.98,climb_cruise,445.6,445.6,34982.7,-350,0.93,-8.47,354.65,2.04,15.0,125.0,0,0,0.74,0.39,-0.70,-0.302,0.529,0.057,1.000,0.100,0.100,0.100,1,36.9,99.1,762,800,1,0,1,0,16,16,115,0
4.00,climb_cruise,445.6,445.6,34982.6,-348,0.95,-8.46,354.63,2.05,15.0,125.0,0,0,0.75,0.44,-0.69,-0.303,0.531,0.057,1.000,0.100,0.100,0.100,1,36.8,99.1,762,800,1,0,1,0,16,16,115,0
4.02,climb_cruise,445.6,445.6,34982.5,-346,0.96,-8.45,354.62,2.06,15.0,125.0,0,0,0.75,0.50,-0.69,-0.304,0.534,0.057,1.000,0.100,0.100,0.100,1,36.7,99.2,762,800,1,0,1,0,16,16,114,0
4.04,climb_cruise,445.6,445.6,34982.3,-344,0.97,-8.44,354.60,2.07,15.0,125.0,0,0,0.76,0.55,-0.69,-0.305,0.536,0.058,1.000,0.100,0.100,0.100,1,36.6,99.2,762,800,1,0,1,0,16,16,115,0
4.06,climb_cruise,445.5,445.5,34982.2,-342,0.99,-8.43,354.58,2.08,15.0,125.0,0,0,0.76,0.60,-0.68,-0.307,0.538,0.058,1.000,0.100,0.100,0.100,1,36.6,99.2,762,800,1,0,1,0,16,16,115,0
4.08,climb_cruise,445.5,445.5,34982.1,-340,1.00,-8.42,354.57,2.09,15.0,125.0,0,0,0.77,0.66,-0.68,-0.308,0.541,0.058,1.000,0.100,0.100,0.100,1,36.5,99.3,762,800,1,0,1,0,16,16,115,0
4.10,climb_cruise,445.5,445.5,34982.0,-338,1.01,-8.40,354.55,2.10,15.0,125.0,0,0,0.77,0.71,-0.67,-0.309,0.543,0.058,1.000,0.100,0.100,0.100,1,36.4,99.3,762,800,1,0,1,0,16,16,115,0
4.12,climb_cruise,445.5,445.5,34981.9,-336,1.03,-8.39,354.54,2.11,15.0,125.0,0,0,0.78,0.76,-0.67,-0.310,0.545,0.058,1.000,0.100,0.100,0.100,1,36.4,99.3,762,800,1,0,1,0,16,16,115,0
4.14,climb_cruise,445.5,445.5,34981.8,-334,1.04,-8.37,354.52,2.12,15.0,125.0,0,0,0.78,0.81,-0.66,-0.311,0.547,0.058,1.000,0.100,0.100,0.100,1,36.3,99.3,762,800,1,0,1,0,16,16,116,0
4.16,climb_cruise,445.4,445.4,34981.7,-332,1.05,-8.36,354.51,2.13,15.0,125.0,0,0,0.78,0.85,-0.66,-0.312,0.549,0.059,1.000,0.100,0.100,0.100,1,36.2,99.4,762,800,1,0,1,0,16,16,115,0
4.18,climb_cruise,445.4,445.4,34981.6,-329,1.07,-8.34,354.49,2.14,15.0,125.0,0,0,0.79,0.90,-0.65,-0.313,0.552,0.059,1.000,0.100,0.100,0.100,1,36.1,99.4,762,800,1,0,1,0,16,16,114,0
4.20,climb_cruise,445.4,445.4,34981.4,-327,1.08,-8.32,354.48,2.15,15.0,125.0,0,0,0.79,0.95,-0.65,-0.314,0.554,0.059,1.000,0.100,0.100,0.100,1,36.1,99.4,762,800,1,0,1,0,16,16,116,0
4.22,climb_cruise,445.4,445.4,34981.3,-324,1.09,-8.30,354.46,2.16,15.0,125.0,0,0,0.80,0.99,-0.64,-0.315,0.556,0.059,1.000,0.100,0.100,0.100,1,36.0,99.5,762,800,1,0,1,0,16,16,116,0
4.24,climb_cruise,445.4,445.4,34981.2,-322,1.11,-8.28,354.45,2.17,15.0,125.0,0,0,0.80,1.04,-0.64,-0.316,0.558,0.059,1.000,0.100,0.100,0.100,1,35.9,99.5,762,800,1,0,1,0,16,16,116,0
4.26,climb_cruise,445.3,445.3,34981.1,-319,1.12,-8.26,354.43,2.18,15.0,125.0,0,0,0.80,1.08,-0.64,-0.317,0.560,0.059,1.000,0.100,0.100,0.100,1,35.8,99.5,762,800,1,0,1,0,16,16,115,0
4.28,climb_cruise,445.3,445.3,34981.0,-317,1.14,-8.24,354.42,2.19,15.0,125.0,0,0,0.81,1.12,-0.63,-0.318,0.562,0.060,1.000,0.100,0.100,0.100,1,35.8,99.6,762,800,1,0,1,0,16,16,115,0
4.30,climb_cruise,445.3,445.3,34980.9,-314,1.15,-8.22,354.40,2.20,15.0,125.0,0,0,0.81,1.17,-0.63,-0.319,0.563,0.060,1.000,0.100,0.100,0.100,1,35.7,99.6,762,801,1,0,1,0,16,16,116,0
4.32,climb_cruise,445.3,445.3,34980.8,-311,1.16,-8.19,354.39,2.21,15.0,125.0,0,0,0.81,1.21,-0.62,-0.320,0.565,0.060,1.000,0.100,0.100,0.100,1,35.6,99.6,762,801,1,0,1,0,16,16,116,0
4.34,climb_cruise,445.3,445.3,34980.7,-309,1.18,-8.17,354.37,2.22,15.0,125.0,0,0,0.81,1.25,-0.62,-0.320,0.567,0.060,1.000,0.100,0.100,0.100,1,35.6,99.6,762,801,1,0,1,0,16,16,115,0
4.36,climb_cruise,445.2,445.2,34980.6,-306,1.19,-8.14,354.36,2.23,15.0,125.0,0,0,0.82,1.29,-0.61,-0.321,0.569,0.060,1.000,0.100,0.100,0.100,1,35.5,99.7,762,801,1,0,1,0,16,16,116,0
4.38,climb_cruise,445.2,445.2,34980.5,-303,1.21,-8.12,354.34,2.24,15.0,125.0,0,0,0.82,1.32,-0.61,-0.322,0.571,0.060,1.000,0.100,0.100,0.100,1,35.4,99.7,762,801,1,0,1,0,16,16,115,0
4.40,climb_cruise,445.2,445.2,34980.4,-300,1.22,-8.09,354.33,2.25,15.0,125.0,0,0,0.82,1.36,-0.60,-0.323,0.572,0.061,1.000,0.100,0.100,0.100,1,35.3,99.7,762,801,1,0,1,0,16,16,116,0
4.42,climb_cruise,445.2,445.2,34980.3,-297,1.24,-8.06,354.31,2.26,15.0,125.0,0,0,0.82,1.40,-0.60,-0.324,0.574,0.061,1.000,0.100,0.100,0.100,1,35.3,99.7,762,801,1,0,1,0,16,16,115,0
4.44,climb_cruise,445.2,445.2,34980.2,-294,1.25,-8.04,354.30,2.27,15.0,125.0,0,0,0.83,1.44,-0.60,-0.324,0.576,0.061,1.000,0.100,0.100,0.100,1,35.2,99.8,762,801,1,0,1,0,16,16,115,0
4.46,climb_cruise,445.1,445.1,34980.1,-291,1.27,-8.01,354.29,2.27,15.0,125.0,0,0,0.83,1.47,-0.59,-0.325,0.577,0.061,1.000,0.100,0.100,0.100,1,35.1,99.8,762,801,1,0,1,0,16,16,116,0
4.48,climb_cruise,445.1,445.1,34980.0,-288,1.28,-7.98,354.27,2.28,15.0,125.0,0,0,0.83,1.50,-0.59,-0.326,0.579,0.061,1.000,0.100,0.100,0.100,1,35.1,99.8,762,801,1,0,1,0,16,16,116,0
4.50,climb_cruise,445.1,445.1,34979.9,-285,1.30,-7.95,354.26,2.29,15.0,125.0,0,0,0.83,1.54,-0.58,-0.326,0.580,0.061,1.000,0.100,0.100,0.100,1,35.0,99.8,762,801,1,0,1,0,16,16,115,0
4.52,climb_cruise,445.1,445.1,34979.8,-281,1.31,-7.92,354.24,2.30,15.0,125.0,0,0,0.83,1.57,-0.58,-0.327,0.582,0.062,1.000,0.100,0.100,0.100,1,34.9,99.9,762,801,1,0,1,0,16,16,115,0
4.54,climb_cruise,445.1,445.1,34979.7,-278,1.33,-7.89,354.23,2.31,15.0,125.0,0,0,0.83,1.60,-0.57,-0.327,0.583,0.062,1.000,0.100,0.100,0.100,1,34.9,99.9,762,801,1,0,1,0,16,16,114,0
4.56,climb_cruise,445.0,445.0,34979.6,-275,1.34,-7.85,354.22,2.32,15.0,125.0,0,0,0.84,1.64,-0.57,-0.328,0.585,0.062,1.000,0.100,0.100,0.100,1,34.8,99.9,762,801,1,0,1,0,16,16,115,0
4.58,climb_cruise,445.0,445.0,34979.5,-271,1.36,-7.82,354.20,2.33,15.0,125.0,0,0,0.84,1.67,-0.56,-0.329,0.586,0.062,1.000,0.100,0.100,0.100,1,34.7,99.9,762,801,1,0,1,0,16,16,115,0
4.60,climb_cruise,445.0,445.0,34979.4,-268,1.37,-7.79,354.19,2.34,15.0,125.0,0,0,0.84,1.70,-0.56,-0.329,0.588,0.062,1.000,0.100,0.100,0.100,1,34.6,100.0,762,801,1,0,1,0,16,16,114,0
4.62,climb_cruise,445.0,445.0,34979.4,-264,1.39,-7.75,354.18,2.34,15.0,125.0,0,0,0.84,1.73,-0.56,-0.330,0.589,0.062,1.000,0.100,0.100,0.100,1,34.6,100.0,762,801,1,0,1,0,16,16,115,0
4.64,climb_cruise,444.9,444.9,34979.3,-261,1.40,-7.72,354.16,2.35,15.0,125.0,0,0,0.84,1.75,-0.55,-0.330,0.590,0.063,1.000,0.100,0.100,0.100,1,34.5,100.0,762,801,1,0,1,0,16,16,116,0
4.66,climb_cruise,444.9,444.9,34979.2,-257,1.42,-7.68,354.15,2.36,15.0,125.0,0,0,0.84,1.78,-0.55,-0.330,0.592,0.063,1.000,0.100,0.100,0.100,1,34.4,100.0,762,801,1,0,1,0,16,16,116,0
4.68,climb_cruise,444.9,444.9,34979.1,-254,1.43,-7.65,354.14,2.37,15.0,125.0,0,0,0.84,1.81,-0.54,-0.331,0.593,0.063,1.000,0.100,0.100,0.100,1,34.4,100.1,762,801,1,0,1,0,16,16,115,0
4.70,climb_cruise,444.9,444.9,34979.0,-250,1.45,-7.61,354.12,2.38,15.0,125.0,0,0,0.84,1.84,-0.54,-0.331,0.594,0.063,1.000,0.100,0.100,0.100,1,34.3,100.1,762,801,1,0,1,0,16,16,116,0
4.72,climb_cruise,444.9,444.9,34978.9,-246,1.46,-7.58,354.11,2.38,15.0,125.0,0,0,0.84,1.86,-0.53,-0.332,0.596,0.063,1.000,0.100,0.100,0.100,1,34.2,100.1,762,801,1,0,1,0,16,16,115,0
4.74,climb_cruise,444.8,444.8,34978.8,-242,1.48,-7.54,354.10,2.39,15.0,125.0,0,0,0.84,1.89,-0.53,-0.332,0.597,0.064,1.000,0.100,0.100,0.100,1,34.2,100.1,762,801,1,0,1,0,16,16,116,0
4.76,climb_cruise,444.8,444.8,34978.8,-238,1.49,-7.50,354.09,2.40,15.0,125.0,0,0,0.84,1.91,-0.52,-0.332,0.598,0.064,1.000,0.100,0.100,0.100,1,34.1,100.1,762,801,1,0,1,0,16,16,114,0
4.78,climb_cruise,444.8,444.8,34978.7,-235,1.51,-7.46,354.07,2.41,15.0,125.0,0,0,0.84,1.94,-0.52,-0.332,0.599,0.064,1.000,0.100,0.100,0.100,1,34.0,100.2,762,801,1,0,1,0,16,16,114,0
4.80,climb_cruise,444.8,444.8,34978.6,-231,1.52,-7.42,354.06,2.42,15.0,125.0,0,0,0.84,1.96,-0.52,-0.333,0.600,0.064,1.000,0.100,0.100,0.100,1,34.0,100.2,762,801,1,0,1,0,16,16,115,0
4.82,climb_cruise,444.8,444.8,34978.5,-227,1.54,-7.38,354.05,2.42,15.0,125.0,0,0,0.84,1.98,-0.51,-0.333,0.601,0.064,1.000,0.100,0.100,0.100,1,33.9,100.2,762,801,1,0,1,0,16,16,116,0
4.84,climb_cruise,444.7,444.7,34978.5,-223,1.55,-7.35,354.04,2.43,15.0,125.0,0,0,0.84,2.00,-0.51,-0.333,0.602,0.064,1.000,0.100,0.100,0.100,1,33.8,100.2,762,801,1,0,1,0,16,16,115,0
4.86,climb_cruise,444.7,444.7,34978.4,-219,1.57,-7.31,354.02,2.44,15.0,125.0,0,0,0.84,2.03,-0.50,-0.333,0.603,0.065,1.000,0.100,0.100,0.100,1,33.8,100.2,762,801,1,0,1,0,16,16,115,0
4.88,climb_cruise,444.7,444.7,34978.3,-214,1.59,-7.26,354.01,2.45,15.0,125.0,0,0,0.84,2.05,-0.50,-0.333,0.604,0.065,1.000,0.100,0.100,0.100,1,33.7,100.3,762,802,1,0,1,0,16,16,116,0
4.90,climb_cruise,444.7,444.7,34978.2,-210,1.60,-7.22,354.00,2.45,15.0,125.0,0,0,0.84,2.07,-0.49,-0.333,0.605,0.065,1.000,0.100,0.100,0.100,1,33.6,100.3,762,802,1,0,1,0,16,16,115,0
4.92,climb_cruise,444.6,444.6,34978.2,-206,1.62,-7.18,353.99,2.46,15.0,125.0,0,0,0.84,2.09,-0.49,-0.333,0.606,0.065,1.000,0.100,0.100,0.100,1,33.6,100.3,762,802,1,0,1,0,16,16,115,0
4.94,climb_cruise,444.6,444.6,34978.1,-202,1.63,-7.14,353.98,2.47,15.0,125.0,0,0,0.84,2.11,-0.49,-0.334,0.607,0.065,1.000,0.100,0.100,0.100,1,33.5,100.3,762,802,1,0,1,0,16,16,116,0
4.96,climb_cruise,444.6,444.6,34978.0,-198,1.65,-7.10,353.96,2.47,15.0,125.0,0,0,0.84,2.13,-0.48,-0.334,0.608,0.065,1.000,0.100,0.100,0.100,1,33.4,100.3,762,802,1,0,1,0,16,16,114,0
4.98,climb_cruise,444.6,444.6,34978.0,-193,1.66,-7.06,353.95,2.48,15.0,125.0,0,0,0.83,2.14,-0.48,-0.334,0.609,0.066,1.000,0.100,0.100,0.100,1,33.4,100.4,762,802,1,0,1,0,16,16,114,0
5.00,climb_cruise,444.6,444.6,34977.9,-189,1.68,-7.01,353.94,2.49,15.0,125.0,0,0,0.83,2.16,-0.47,-0.334,0.610,0.066,1.000,0.100,0.100,0.100,1,33.3,100.4,762,802,1,0,1,0,16,16,115,0
5.02,climb_cruise,444.5,444.5,34977.8,-184,1.69,-6.97,353.93,2.49,15.0,125.0,0,0,0.83,2.18,-0.47,-0.333,0.611,0.066,1.000,0.100,0.100,0.100,1,33.2,100.4,762,802,1,0,1,0,16,16,115,0
5.04,climb_cruise,444.5,444.5,34977.8,-180,1.71,-6.93,353.92,2.50,15.0,125.0,0,0,0.83,2.20,-0.46,-0.333,0.612,0.066,1.000,0.100,0.100,0.100,1,33.2,100.4,762,802,1,0,1,0,16,16,115,0
5.06,climb_cruise,444.5,444.5,34977.7,-175,1.72,-6.88,353.91,2.51,15.0,125.0,0,0,0.83,2.21,-0.46,-0.333,0.613,0.066,1.000,0.100,0.100,0.100,1,33.1,100.4,762,802,1,0,1,0,16,16,115,0
5.08,climb_cruise,444.5,444.5,34977.7,-171,1.74,-6.84,353.90,2.51,15.0,125.0,0,0,0.83,2.23,-0.46,-0.333,0.613,0.066,1.000,0.100,0.100,0.100,1,33.0,100.5,762,802,1,0,1,0,16,16,116,0
5.10,climb_cruise,444.4,444.4,34977.6,-166,1.75,-6.80,353.89,2.52,15.0,125.0,0,0,0.83,2.24,-0.45,-0.333,0.614,0.067,1.000,0.100,0.100,0.100,1,33.0,100.5,762,802,1,0,1,0,16,16,115,0
5.12,climb_cruise,444.4,444.4,34977.5,-162,1.77,-6.75,353.87,2.52,15.0,125.0,0,0,0.82,2.26,-0.45,-0.333,0.615,0.067,1.000,0.100,0.100,0.100,1,32.9,100.5,762,802,1,0,1,0,16,16,115,0
5.14,climb_cruise,444.4,444.4,34977.5,-157,1.79,-6.71,353.86,2.53,15.0,125.0,0,0,0.82,2.27,-0.44,-0.333,0.616,0.067,1.000,0.100,0.100,0.100,1,32.8,100.5,762,802,1,0,1,0,16,16,116,0
5.16,climb_cruise,444.4,444.4,34977.4,-152,1.80,-6.66,353.85,2.54,15.0,125.0,0,0,0.82,2.28,-0.44,-0.332,0.616,0.067,1.000,0.100,0.100,0.100,1,32.8,100.5,762,802,1,0,1,0,16,16,115,0
5.18,climb_cruise,444.4,444.4,34977.4,-148,1.82,-6.62,353.84,2.54,15.0,125.0,0,0,0.82,2.30,-0.44,-0.332,0.617,0.067,1.000,0.100,0.100,0.100,1,32.7,100.5,762,802,1,0,1,0,16,16,115,0
5.20,climb_cruise,444.3,444.3,34977.3,-143,1.83,-6.57,353.83,2.55,15.0,125.0,0,0,0.81,2.31,-0.43,-0.332,0.618,0.067,1.000,0.100,0.100,0.100,1,32.6,100.6,762,802,1,0,1,0,16,16,116,0
5.22,climb_cruise,444.3,444.3,34977.3,-138,1.85,-6.52,353.82,2.55,15.0,125.0,0,0,0.81,2.32,-0.43,-0.331,0.618,0.068,1.000,0.100,0.100,0.100,1,32.6,100.6,762,802,1,0,1,0,16,16,115,0
5.24,climb_cruise,444.3,444.3,34977.3,-133,1.86,-6.48,353.81,2.56,15.0,125.0,0,0,0.81,2.33,-0.42,-0.331,0.619,0.068,1.000,0.100,0.100,0.100,1,32.5,100.6,762,802,1,0,1,0,16,16,114,0
5.26,climb_cruise,444.3,444.3,34977.2,-128,1.88,-6.43,353.80,2.56,15.0,125.0,0,0,0.81,2.35,-0.42,-0.331,0.620,0.068,1.000,0.100,0.100,0.100,1,32.4,100.6,762,802,1,0,1,0,16,16,116,0
5.28,climb_cruise,444.2,444.2,34977.2,-123,1.89,-6.38,353.79,2.57,15.0,125.0,0,0,0.80,2.36,-0.42,-0.330,0.620,0.068,1.000,0.100,0.100,0.100,1,32.4,100.6,762,802,1,0,1,0,16,16,115,0
5.30,climb_cruise,444.2,444.2,34977.1,-119,1.91,-6.34,353.78,2.57,15.0,125.0,0,0,0.80,2.37,-0.41,-0.330,0.621,0.068,1.000,0.100,0.100,0.100,1,32.3,100.6,762,802,1,0,1,0,16,16,115,0
5.32,climb_cruise,444.2,444.2,34977.1,-114,1.92,-6.29,353.77,2.58,15.0,125.0,0,0,0.80,2.38,-0.41,-0.329,0.621,0.068,1.000,0.100,0.100,0.100,1,32.2,100.7,762,802,1,0,1,0,16,16,115,0
5.34,climb_cruise,444.2,444.2,34977.0,-109,1.94,-6.24,353.76,2.58,15.0,125.0,0,0,0.79,2.39,-0.40,-0.329,0.622,0.069,1.000,0.100,0.100,0.100,1,32.2,100.7,762,802,1,0,1,0,16,16,115,0
5.36,climb_cruise,444.2,444.2,34977.0,-104,1.95,-6.20,353.75,2.59,15.0,125.0,0,0,0.79,2.40,-0.40,-0.328,0.622,0.069,1.000,0.100,0.100,0.100,1,32.1,100.7,762,802,1,0,1,0,16,16,115,0
5.38,climb_cruise,444.1,444.1,34977.0,-98,1.97,-6.15,353.74,2.59,15.0,125.0,0,0,0.79,2.41,-0.40,-0.328,0.623,0.069,1.000,0.100,0.100,0.100,1,32.0,100.7,762,802,1,0,1,0,16,16,114,0
5.40,climb_cruise,444.1,444.1,34976.9,-93,1.98,-6.10,353.73,2.60,15.0,125.0,0,0,0.78,2.41,-0.39,-0.327,0.623,0.069,1.000,0.100,0.100,0.100,1,32.0,100.7,762,802,1,0,1,0,16,16,114,0
5.42,climb_cruise,444.1,444.1,34976.9,-88,2.00,-6.05,353.72,2.60,15.0,125.0,0,0,0.78,2.42,-0.39,-0.327,0.624,0.069,1.000,0.100,0.100,0.100,1,31.9,100.7,762,802,1,0,1,0,16,16,115,0
5.44,climb_cruise,444.1,444.1,34976.9,-83,2.01,-6.00,353.71,2.61,15.0,125.0,0,0,0.78,2.43,-0.39,-0.326,0.624,0.069,1.000,0.100,0.100,0.100,1,31.9,100.7,762,802,1,0,1,0,16,16,114,0
5.46,climb_cruise,444.0,444.0,34976.9,-78,2.03,-5.96,353.70,2.61,15.0,125.0,0,0,0.77,2.44,-0.38,-0.325,0.625,0.070,1.000,0.100,0.100,0.100,1,31.8,100.8,762,802,1,0,1,0,16,16,115,0
5.48,climb_cruise,444.0,444.0,34976.8,-73,2.04,-5.91,353.69,2.62,15.0,125.0,0,0,0.77,2.44,-0.38,-0.325,0.625,0.070,1.000,0.100,0.100,0.100,1,31.7,100.8,762,802,1,0,1,0,16,16,115,0
5.50,climb_cruise,444.0,444.0,34976.8,-67,2.05,-5.86,353.69,2.62,15.0,125.0,0,0,0.77,2.45,-0.38,-0.324,0.626,0.070,1.000,0.100,0.100,0.100,1,31.7,100.8,762,802,1,0,1,0,16,16,114,0
5.52,climb_cruise,444.0,444.0,34976.8,-62,2.07,-5.81,353.68,2.62,15.0,125.0,0,0,0.76,2.46,-0.37,-0.323,0.626,0.070,1.000,0.100,0.100,0.100,1,31.6,100.8,762,802,1,0,1,0,16,16,115,0
5.54,climb_cruise,443.9,443.9,34976.8,-57,2.08,-5.76,353.67,2.63,15.0,125.0,0,0,0.76,2.46,-0.37,-0.322,0.626,0.070,1.000,0.100,0.100,0.100,1,31.5,100.8,762,802,1,0,1,0,16,16,114,0
5.56,climb_cruise,443.9,443.9,34976.7,-52,2.10,-5.71,353.66,2.63,15.0,125.0,0,0,0.75,2.47,-0.36,-0.322,0.627,0.070,1.000,0.100,0.100,0.100,1,31.5,100.8,762,802,1,0,1,0,16,16,116,0
5.58,climb_cruise,443.9,443.9,34976.7,-46,2.11,-5.66,353.65,2.63,15.0,125.0,0,0,0.75,2.47,-0.36,-0.321,0.627,0.071,1.000,0.100,0.100,0.100,1,31.4,100.8,762,802,1,0,1,0,16,16,115,0
5.60,climb_cruise,443.9,443.9,34976.7,-41,2.13,-5.61,353.64,2.64,15.0,125.0,0,0,0.75,2.48,-0.36,-0.320,0.628,0.071,1.000,0.100,0.100,0.100,1,31.4,100.9,762,802,1,0,1,0,16,16,115,0
5.62,climb_cruise,443.8,443.8,34976.7,-36,2.14,-5.56,353.63,2.64,15.0,125.0,0,0,0.74,2.48,-0.35,-0.319,0.628,0.071,1.000,0.100,0.100,0.100,1,31.3,100.9,762,802,1,0,1,0,16,16,114,0
5.64,climb_cruise,443.8,443.8,34976.7,-30,2.15,-5.51,353.62,2.64,15.0,125.0,0,0,0.74,2.49,-0.35,-0.318,0.628,0.071,1.000,0.100,0.100,0.100,1,31.2,100.9,762,802,1,0,1,0,16,16,116,0
5.66,climb_cruise,443.8,443.8,34976.7,-25,2.17,-5.46,353.62,2.65,15.0,125.0,0,0,0.73,2.49,-0.35,-0.317,0.628,0.071,1.000,0.100,0.100,0.100,1,31.2,100.9,762,802,1,0,1,0,16,16,116,0
5.68,climb_cruise,443.8,443.8,34976.7,-19,2.18,-5.42,353.61,2.65,15.0,125.0,0,0,0.73,2.50,-0.34,-0.316,0.629,0.071,1.000,0.100,0.100,0.100,1,31.1,100.9,762,802,1,0,1,0,16,16,115,0
5.70,climb_cruise,443.8,443.8,34976.7,-14,2.20,-5.37,353.60,2.65,15.0,125.0,0,0,0.72,2.50,-0.34,-0.315,0.629,0.072,1.000,0.100,0.100,0.100,1,31.0,100.9,762,802,1,0,1,0,16,16,114,0
5.72,climb_cruise,443.7,443.7,34976.7,-8,2.21,-5.32,353.59,2.66,15.0,125.0,0,0,0.72,2.50,-0.34,-0.314,0.629,0.072,1.000,0.100,0.100,0.100,1,31.0,100.9,762,802,1,0,1,0,16,16,116,0
5.74,climb_cruise,443.7,443.7,34976.7,-3,2.22,-5.27,353.58,2.66,15.0,125.0,0,0,0.71,2.51,-0.33,-0.313,0.630,0.072,1.000,0.100,0.100,0.100,1,30.9,100.9,762,802,1,0,1,0,16,16,115,0
5.76,climb_cruise,443.7,443.7,34976.7,3,2.24,-5.22,353.58,2.66,15.0,125.0,0,0,0.71,2.51,-0.33,-0.312,0.630,0.072,1.000,0.100,0.100,0.100,1,30.9,101.0,762,802,1,0,1,0,16,16,114,0
5.78,climb_cruise,443.7,443.7,34976.7,8,2.25,-5.17,353.57,2.66,15.0,125.0,0,0,0.70,2.51,-0.33,-0.311,0.630,0.072,1.000,0.100,0.100,0.100,1,30.8,101.0,762,803,1,0,1,0,16,16,115,0
5.80,climb_cruise,443.6,443.6,34976.7,14,2.26,-5.12,353.56,2.67,15.0,125.0,0,0,0.70,2.51,-0.32,-0.310,0.630,0.072,1.000,0.100,0.100,0.100,1,30.7,101.0,762,803,1,0,1,0,16,16,114,0
5.82,climb_cruise,443.6,443.6,34976.7,19,2.28,-5.07,353.55,2.67,15.0,125.0,0,0,0.69,2.51,-0.32,-0.309,0.630,0.073,1.000,0.100,0.100,0.100,1,30.7,101.0,762,803,1,0,1,0,16,16,114,0
5.84,climb_cruise,443.6,443.6,34976.7,25,2.29,-5.02,353.55,2.67,15.0,125.0,0,0,0.69,2.52,-0.32,-0.308,0.631,0.073,1.000,0.100,0.100,0.100,1,30.6,101.0,762,803,1,0,1,0,16,16,115,0
5.86,climb_cruise,443.6,443.6,34976.7,30,2.30,-4.97,353.54,2.67,15.0,125.0,0,0,0.68,2.52,-0.31,-0.307,0.631,0.073,1.000,0.100,0.100,0.100,1,30.5,101.0,762,803,1,0,1,0,16,16,115,0
5.88,climb_cruise,443.5,443.5,34976.7,36,2.32,-4.92,353.53,2.67,15.0,125.0,0,0,0.68,2.52,-0.31,-0.305,0.631,0.073,1.000,0.100,0.100,0.100,1,30.5,101.0,762,803,1,0,1,0,16,16,116,0
5.90,climb_cruise,443.5,443.5,34976.7,42,2.33,-4.87,353.52,2.68,15.0,125.0,0,0,0.67,2.52,-0.31,-0.304,0.631,0.073,1.000,0.100,0.100,0.100,1,30.4,101.0,762,803,1,0,1,0,16,16,116,0
5.92,climb_cruise,443.5,443.5,34976.7,47,2.34,-4.82,353.52,2.68,15.0,125.0,0,0,0.67,2.52,-0.30,-0.303,0.631,0.073,1.000,0.100,0.100,0.100,1,30.4,101.0,762,803,1,0,1,0,16,16,114,0
5.94,climb_cruise,443.5,443.5,34976.7,53,2.36,-4.77,353.51,2.68,15.0,125.0,0,0,0.66,2.52,-0.30,-0.302,0.631,0.074,1.000,0.100,0.100,0.100,1,30.3,101.1,762,803,1,0,1,0,16,16,115,0
5.96,climb_cruise,443.4,443.4,34976.8,59,2.37,-4.72,353.50,2.68,15.0,125.0,0,0,0.66,2.52,-0.30,-0.300,0.632,0.074,1.000,0.100,0.100,0.100,1,30.2,101.1,762,803,1,0,1,0,16,16,114,0
5.98,climb_cruise,443.4,443.4,34976.8,64,2.38,-4.67,353.49,2.68,15.0,125.0,0,0,0.65,2.52,-0.29,-0.299,0.632,0.074,1.000,0.100,0.100,0.100,1,30.2,101.1,762,803,1,0,1,0,16,16,115,0
6.00,climb_cruise,443.4,443.4,34976.8,70,2.39,-4.62,353.49,2.68,15.0,125.0,0,0,0.64,2.52,-0.29,-0.298,0.632,0.074,1.000,0.100,0.100,0.100,1,30.1,101.1,762,803,1,0,1,0,16,16,115,0
6.02,climb_cruise,443.4,443.4,34976.8,76,2.41,-4.57,353.48,2.68,15.0,125.0,0,0,0.64,2.52,-0.29,-0.296,0.632,0.074,1.000,0.100,0.100,0.100,1,30.1,101.1,762,803,1,0,1,0,16,16,114,0
6.04,climb_cruise,443.3,443.3,34976.9,81,2.42,-4.52,353.47,2.68,15.0,125.0,0,0,0.63,2.52,-0.29,-0.295,0.632,0.074,1.000,0.100,0.100,0.100,1,30.0,101.1,762,803,1,0,1,0,16,16,116,0
6.06,climb_cruise,443.3,443.3,34976.9,87,2.43,-4.47,353.47,2.68,15.0,125.0,0,0,0.63,2.52,-0.28,-0.293,0.632,0.075,1.000,0.100,0.100,0.100,1,29.9,101.1,762,803,1,0,1,0,16,16,115,0
6.08,climb_cruise,443.3,443.3,34976.9,93,2.44,-4.42,353.46,2.69,15.0,125.0,0,0,0.62,2.52,-0.28,-0.292,0.632,0.075,1.000,0.100,0.100,0.100,1,29.9,101.1,762,803,1,0,1,0,16,16,115,0
6.10,climb_cruise,443.3,443.3,34976.9,98,2.45,-4.37,353.45,2.69,15.0,125.0,0,0,0.61,2.51,-0.28,-0.290,0.632,0.075,1.000,0.100,0.100,0.100,1,29.8,101.1,762,803,1,0,1,0,16,16,115,0
6.12,climb_cruise,443.2,443.2,34977.0,104,2.47,-4.32,353.45,2.69,15.0,125.0,0,0,0.61,2.51,-0.27,-0.289,0.632,0.075,1.000,0.100,0.100,0.100,1,29.8,101.1,762,803,1,0,1,0,16,16,116,0
6.14,climb_cruise,443.2,443.2,34977.0,110,2.48,-4.27,353.44,2.69,15.0,125.0,0,0,0.60,2.51,-0.27,-0.287,0.632,0.075,1.000,0.100,0.100,0.100,1,29.7,101.2,762,803,1,0,1,0,16,16,114,0
6.16,climb_cruise,443.2,443.2,34977.0,116,2.49,-4.22,353.44,2.69,15.0,125.0,0,0,0.60,2.51,-0.27,-0.286,0.632,0.075,1.000,0.100,0.100,0.100,1,29.6,101.2,762,803,1,0,1,0,16,16,114,0
6.18,climb_cruise,443.2,443.2,34977.1,121,2.50,-4.17,353.43,2.69,15.0,125.0,0,0,0.59,2.51,-0.27,-0.284,0.632,0.076,1.000,0.100,0.100,0.100,1,29.6,101.2,762,803,1,0,1,0,16,16,114,0
6.20,climb_cruise,443.1,443.1,34977.1,127,2.51,-4.12,353.42,2.69,15.0,125.0,0,0,0.58,2.50,-0.26,-0.283,0.632,0.076,1.000,0.100,0.100,0.100,1,29.5,101.2,762,803,1,0,1,0,16,16,116,0
6.22,climb_cruise,443.1,443.1,34977.2,133,2.52,-4.07,353.42,2.69,15.0,125.0,0,0,0.58,2.50,-0.26,-0.281,0.633,0.076,1.000,0.100,0.100,0.100,1,29.5,101.2,762,803,1,0,1,0,16,16,114,0
6.24,climb_cruise,443.1,443.1,34977.2,138,2.53,-4.02,353.41,2.69,15.0,125.0,0,0,0.57,2.50,-0.26,-0.279,0.633,0.076,1.000,0.100,0.100,0.100,1,29.4,101.2,762,803,1,0,1,0,16,16,114,0
6.26,climb_cruise,443.1,443.1,34977.3,144,2.54,-3.97,353.40,2.69,15.0,125.0,0,0,0.56,2.50,-0.25,-0.278,0.633,0.076,1.000,0.100,0.100,0.100,1,29.3,101.2,762,803,1,0,1,0,16,16,115,0
6.28,climb_cruise,443.0,443.0,34977.3,150,2.56,-3.92,353.40,2.69,15.0,125.0,0,0,0.56,2.49,-0.25,-0.276,0.633,0.076,1.000,0.100,0.100,0.100,1,29.3,101.2,762,803,1,0,1,0,16,16,115,0
6.30,climb_cruise,443.0,443.0,34977.4,156,2.57,-3.87,353.39,2.68,15.0,125.0,0,0,0.55,2.49,-0.25,-0.274,0.633,0.077,1.000,0.100,0.100,0.100,1,29.2,101.2,762,803,1,0,1,0,16,16,115,0
6.32,climb_cruise,443.0,443.0,34977.4,161,2.58,-3.82,353.39,2.68,15.0,125.0,0,0,0.54,2.49,-0.25,-0.273,0.632,0.077,1.000,0.100,0.100,0.100,1,29.2,101.2,762,803,1,0,1,0,16,16,115,0
6.34,climb_cruise,443.0,443.0,34977.5,167,2.59,-3.77,353.38,2.68,15.0,125.0,0,0,0.54,2.48,-0.24,-0.271,0.632,0.077,1.000,0.100,0.100,0.100,1,29.1,101.2,762,803,1,0,1,0,16,16,115,0
6.36,climb_cruise,442.9,442.9,34977.5,173,2.60,-3.72,353.38,2.68,15.0,125.0,0,0,0.53,2.48,-0.24,-0.269,0.632,0.077,1.000,0.100,0.100,0.100,1,29.1,101.3,762,803,1,0,1,0,16,16,116,0
6.38,climb_cruise,442.9,442.9,34977.6,179,2.61,-3.67,353.37,2.68,15.0,125.0,0,0,0.52,2.48,-0.24,-0.267,0.632,0.077,1.000,0.100,0.100,0.100,1,29.0,101.3,762,803,1,0,1,0,16,16,116,0
6.40,climb_cruise,442.9,442.9,34977.6,184,2.62,-3.62,353.37,2.68,15.0,125.0,0,0,0.52,2.47,-0.24,-0.265,0.632,0.077,1.000,0.100,0.100,0.100,1,28.9,101.3,762,803,1,0,1,0,16,16,115,0
6.42,climb_cruise,442.9,442.9,34977.7,190,2.63,-3.57,353.36,2.68,15.0,125.0,0,0,0.51,2.47,-0.23,-0.263,0.632,0.078,1.000,0.100,0.100,0.100,1,28.9,101.3,762,803,1,0,1,0,16,16,114,0
6.44,climb_cruise,442.8,442.8,34977.8,196,2.64,-3.52,353.35,2.68,15.0,125.0,0,0,0.50,2.46,-0.23,-0.262,0.632,0.078,1.000,0.100,0.100,0.100,1,28.8,101.3,762,803,1,0,1,0,16,16,115,0
6.46,climb_cruise,442.8,442.8,34977.8,201,2.65,-3.47,353.35,2.67,15.0,125.0,0,0,0.50,2.46,-0.23,-0.260,0.632,0.078,1.000,0.100,0.100,0.100,1,28.8,101.3,762,803,1,0,1,0,16,16,114,0
6.48,climb_cruise,442.8,442.8,34977.9,207,2.66,-3.42,353.34,2.67,15.0,125.0,0,0,0.49,2.46,-0.23,-0.258,0.632,0.078,1.000,0.100,0.100,0.100,1,28.7,101.3,762,803,1,0,1,0,16,16,114,0
6.50,climb_cruise,442.8,442.8,34978.0,213,2.67,-3.38,353.34,2.67,15.0,125.0,0,0,0.48,2.45,-0.22,-0.256,0.632,0.078,1.000,0.100,0.100,0.100,1,28.7,101.3,762,803,1,0,1,0,16,16,115,0
6.52,climb_cruise,442.7,442.7,34978.0,218,2.68,-3.33,353.33,2.67,15.0,125.0,0,0,0.47,2.45,-0.22,-0.254,0.632,0.078,1.000,0.100,0.100,0.100,1,28.6,101.3,762,803,1,0,1,0,16,16,115,0
6.54,climb_cruise,442.7,442.7,34978.1,224,2.68,-3.28,353.33,2.67,15.0,125.0,0,0,0.47,2.44,-0.22,-0.252,0.632,0.079,1.000,0.100,0.100,0.100,1,28.5,101.3,762,803,1,0,1,0,32,32,116,0
6.56,climb_cruise,442.7,442.7,34978.2,230,2.69,-3.23,353.32,2.66,15.0,125.0,0,0,0.46,2.44,-0.22,-0.250,0.632,0.079,1.000,0.100,0.100,0.100,1,28.5,101.3,762,803,1,0,1,0,48,48,114,0
6.58,climb_cruise,442.7,442.7,34978.3,235,2.70,-3.18,353.32,2.66,15.0,125.0,0,0,0.45,2.43,-0.21,-0.248,0.632,0.079,1.000,0.100,0.100,0.100,1,28.4,101.3,762,803,1,0,1,0,64,64,116,0
6.60,climb_cruise,442.6,442.6,34978.4,241,2.71,-3.13,353.32,2.66,15.0,125.0,0,0,0.44,2.43,-0.21,-0.246,0.632,0.079,1.000,0.100,0.100,0.100,1,28.4,101.4,762,803,1,0,1,0,80,80,114,0
6.62,climb_cruise,442.6,442.6,34978.4,246,2.72,-3.08,353.31,2.66,15.0,125.0,0,0,0.44,2.42,-0.21,-0.244,0.631,0.079,1.000,0.100,0.100,0.100,1,28.3,101.4,762,803,1,0,1,0,96,96,115,0
6.64,climb_cruise,442.6,442.6,34978.5,252,2.73,-3.04,353.31,2.65,15.0,125.0,0,0,0.43,2.42,-0.21,-0.242,0.631,0.079,1.000,0.100,0.100,0.100,1,28.3,101.4,762,803,1,0,1,0,112,112,116,0
6.66,climb_cruise,442.6,442.6,34978.6,258,2.74,-2.99,353.30,2.65,15.0,125.0,0,0,0.42,2.41,-0.20,-0.240,0.631,0.080,1.000,0.100,0.100,0.100,1,28.2,101.4,762,803,1,0,1,0,128,128,116,0
6.68,climb_cruise,442.5,442.5,34978.7,263,2.74,-2.94,353.30,2.65,15.0,125.0,0,0,0.42,2.41,-0.20,-0.237,0.631,0.080,1.000,0.100,0.100,0.100,1,28.1,101.4,762,803,1,0,1,0,144,144,115,0
6.70,climb_cruise,442.5,442.5,34978.8,269,2.75,-2.89,353.29,2.65,15.0,125.0,0,0,0.41,2.40,-0.20,-0.235,0.631,0.080,1.000,0.100,0.100,0.100,1,28.1,101.4,762,803,1,0,1,0,160,160,115,0
6.72,climb_cruise,442.5,442.5,34978.9,274,2.76,-2.84,353.29,2.64,15.0,125.0,0,0,0.40,2.40,-0.20,-0.233,0.631,0.080,1.000,0.100,0.100,0.100,1,28.0,101.4,762,803,1,0,1,0,176,176,115,0
6.74,climb_cruise,442.5,442.5,34979.0,280,2.77,-2.80,353.28,2.64,15.0,125.0,0,0,0.39,2.39,-0.19,-0.231,0.631,0.080,1.000,0.100,0.100,0.100,1,28.0,101.4,762,803,1,0,1,0,192,192,114,0
6.76,climb_cruise,442.4,442.4,34979.1,285,2.78,-2.75,353.28,2.64,15.0,125.0,0,0,0.38,2.38,-0.19,-0.229,0.631,0.080,1.000,0.100,0.100,0.100,1,27.9,101.4,762,803,1,0,1,0,208,208,114,0
6.78,climb_cruise,442.4,442.4,34979.2,291,2.78,-2.70,353.28,2.63,15.0,125.0,0,0,0.38,2.38,-0.19,-0.226,0.630,0.081,1.000,0.100,0.100,0.100,1,27.9,101.4,762,803,1,0,1,0,224,224,114,0
6.80,climb_cruise,442.4,442.4,34979.3,296,2.79,-2.65,353.27,2.63,15.0,125.0,0,0,0.37,2.37,-0.19,-0.224,0.630,0.081,1.000,0.100,0.100,0.100,1,27.8,101.4,762,803,1,0,1,0,240,240,114,0
6.82,climb_cruise,442.4,442.4,34979.3,302,2.80,-2.61,353.27,2.63,15.0,125.0,0,0,0.36,2.37,-0.19,-0.222,0.630,0.081,1.000,0.100,0.100,0.100,1,27.7,101.4,762,803,1,0,1,0,256,256,115,0
6.84,climb_cruise,442.3,442.3,34979.5,307,2.80,-2.56,353.26,2.62,15.0,125.0,0,0,0.35,2.36,-0.18,-0.220,0.630,0.081,1.000,0.100,0.100,0.100,1,27.7,101.4,762,803,1,0,1,0,272,272,114,0
6.86,climb_cruise,442.3,442.3,34979.6,312,2.81,-2.51,353.26,2.62,15.0,125.0,0,0,0.35,2.35,-0.18,-0.217,0.630,0.081,1.000,0.100,0.100,0.100,1,27.6,101.4,762,803,1,0,1,0,288,288,115,0
6.88,climb_cruise,442.3,442.3,34979.7,318,2.82,-2.47,353.26,2.61,15.0,125.0,0,0,0.34,2.35,-0.18,-0.215,0.630,0.081,1.000,0.100,0.100,0.100,1,27.6,101.4,762,803,1,0,1,0,304,304,116,0
6.90,climb_cruise,442.3,442.3,34979.8,323,2.82,-2.42,353.25,2.61,15.0,125.0,0,0,0.33,2.34,-0.18,-0.213,0.630,0.082,1.000,0.100,0.100,0.100,1,27.5,101.5,762,803,1,0,1,0,316,320,115,0
6.92,climb_cruise,442.2,442.2,34979.9,328,2.83,-2.37,353.25,2.61,15.0,125.0,0,0,0.32,2.33,-0.18,-0.210,0.629,0.082,1.000,0.100,0.100,0.100,1,27.5,101.5,762,803,1,0,1,0,316,336,114,0
6.94,climb_cruise,442.2,442.2,34980.0,334,2.84,-2.33,353.24,2.60,15.0,125.0,0,0,0.32,2.33,-0.17,-0.208,0.629,0.082,1.000,0.100,0.100,0.100,1,27.4,101.5,762,803,1,0,1,0,316,352,115,0
6.96,climb_cruise,442.2,442.2,34980.1,339,2.84,-2.28,353.24,2.60,15.0,125.0,0,0,0.31,2.32,-0.17,-0.206,0.629,0.082,1.000,0.100,0.100,0.100,1,27.4,101.5,762,803,1,0,1,0,316,368,114,0
6.98,climb_cruise,442.2,442.2,34980.2,344,2.85,-2.23,353.24,2.59,15.0,125.0,0,0,0.30,2.32,-0.17,-0.203,0.629,0.082,1.000,0.100,0.100,0.100,1,27.3,101.5,762,803,1,0,1,0,316,384,114,0
7.00,climb_cruise,442.1,442.1,34980.3,350,2.85,-2.19,353.23,2.59,15.0,125.0,0,0,0.29,2.31,-0.17,-0.201,0.629,0.082,1.000,0.100,0.100,0.100,1,27.3,101.5,762,803,1,0,1,0,316,400,114,0
7.02,climb_cruise,442.1,442.1,34980.4,355,2.86,-2.14,353.23,2.58,15.0,125.0,0,0,0.28,2.30,-0.17,-0.198,0.629,0.083,1.000,0.100,0.100,0.100,1,27.2,101.5,762,803,1,0,1,0,316,416,116,0
7.04,climb_cruise,442.1,442.1,34980.6,360,2.87,-2.10,353.23,2.58,15.0,125.0,0,0,0.28,2.30,-0.16,-0.196,0.628,0.083,1.000,0.100,0.100,0.100,1,27.1,101.5,762,803,1,0,1,0,316,432,115,0
7.06,climb_cruise,442.0,442.0,34980.7,365,2.87,-2.05,353.22,2.57,15.0,125.0,0,0,0.27,2.29,-0.16,-0.193,0.628,0.083,1.000,0.100,0.100,0.100,1,27.1,101.5,762,803,1,0,1,0,316,448,115,0
7.08,climb_cruise,442.0,442.0,34980.8,370,2.88,-2.01,353.22,2.57,15.0,125.0,0,0,0.26,2.28,-0.16,-0.191,0.628,0.083,1.000,0.100,0.100,0.100,1,27.0,101.5,762,803,1,0,1,0,316,464,115,0
7.10,climb_cruise,442.0,442.0,34980.9,375,2.88,-1.96,353.22,2.56,15.0,125.0,0,0,0.25,2.27,-0.16,-0.188,0.628,0.083,1.000,0.100,0.100,0.100,1,27.0,101.5,762,803,1,0,1,0,316,480,114,0
7.12,climb_cruise,442.0,442.0,34981.1,380,2.89,-1.91,353.21,2.56,15.0,125.0,0,0,0.24,2.27,-0.16,-0.186,0.628,0.083,1.000,0.100,0.100,0.100,1,26.9,101.5,762,803,1,0,1,0,316,496,114,0
7.14,climb_cruise,441.9,441.9,34981.2,385,2.89,-1.87,353.21,2.55,15.0,125.0,0,0,0.24,2.26,-0.15,-0.183,0.627,0.084,1.000,0.100,0.100,0.100,1,26.9,101.5,762,803,1,0,1,0,316,512,115,0
7.16,climb_cruise,441.9,441.9,34981.3,390,2.90,-1.82,353.21,2.55,15.0,125.0,0,0,0.23,2.25,-0.15,-0.181,0.627,0.084,1.000,0.100,0.100,0.100,1,26.8,101.5,762,803,1,0,1,0,316,528,115,0
7.18,climb_cruise,441.9,441.9,34981.4,395,2.90,-1.78,353.20,2.54,15.0,125.0,0,0,0.22,2.25,-0.15,-0.178,0.627,0.084,1.000,0.100,0.100,0.100,1,26.8,101.5,762,803,1,0,1,0,316,544,114,0
7.20,climb_cruise,441.9,441.9,34981.6,400,2.90,-1.73,353.20,2.53,15.0,125.0,0,0,0.21,2.24,-0.15,-0.176,0.627,0.084,1.000,0.100,0.100,0.100,1,26.7,101.5,762,803,1,0,1,0,316,560,114,0
7.22,climb_cruise,441.8,441.8,34981.7,405,2.91,-1.69,353.20,2.53,15.0,125.0,0,0,0.20,2.23,-0.15,-0.173,0.627,0.084,1.000,0.100,0.100,0.100,1,26.7,101.5,762,803,1,0,1,0,316,576,115,0
7.24,climb_cruise,441.8,441.8,34981.8,410,2.91,-1.65,353.19,2.52,15.0,125.0,0,0,0.20,2.23,-0.14,-0.171,0.626,0.084,1.000,0.100,0.100,0.100,1,26.6,101.6,762,803,1,0,1,0,316,592,115,0
7.26,climb_cruise,441.8,441.8,34982.0,415,2.92,-1.60,353.19,2.52,15.0,125.0,0,0,0.19,2.22,-0.14,-0.168,0.626,0.085,1.000,0.100,0.100,0.100,1,26.6,101.6,762,803,1,0,1,0,316,608,115,0
7.28,climb_cruise,441.8,441.8,34982.1,420,2.92,-1.56,353.19,2.51,15.0,125.0,0,0,0.18,2.21,-0.14,-0.165,0.626,0.085,1.000,0.100,0.100,0.100,1,26.5,101.6,762,803,1,0,1,0,316,624,115,0
7.30,climb_cruise,441.7,441.7,34982.3,424,2.92,-1.51,353.18,2.50,15.0,125.0,0,0,0.17,2.20,-0.14,-0.163,0.626,0.085,1.000,0.100,0.100,0.100,1,26.4,101.6,762,803,1,0,1,0,316,640,114,0
7.32,climb_cruise,441.7,441.7,34982.4,429,2.93,-1.47,353.18,2.50,15.0,125.0,0,0,0.16,2.20,-0.14,-0.160,0.625,0.085,1.000,0.100,0.100,0.100,1,26.4,101.6,762,803,1,0,1,0,316,656,115,0
7.34,climb_cruise,441.7,441.7,34982.6,434,2.93,-1.43,353.18,2.49,15.0,125.0,0,0,0.16,2.19,-0.14,-0.157,0.625,0.085,1.000,0.100,0.100,0.100,1,26.3,101.6,762,803,1,0,1,0,316,672,116,0
7.36,climb_cruise,441.7,441.7,34982.7,438,2.93,-1.38,353.18,2.48,15.0,125.0,0,0,0.15,2.18,-0.13,-0.155,0.625,0.085,1.000,0.100,0.100,0.100,1,26.3,101.6,762,803,1,0,1,0,316,688,115,0
7.38,climb_cruise,441.6,441.6,34982.8,443,2.93,-1.34,353.17,2.48,15.0,125.0,0,0,0.14,2.17,-0.13,-0.152,0.625,0.086,1.000,0.100,0.100,0.100,1,26.2,101.6,762,803,1,0,1,0,316,704,114,0
7.40,climb_cruise,441.6,441.6,34983.0,447,2.94,-1.30,353.17,2.47,15.0,125.0,0,0,0.13,2.17,-0.13,-0.149,0.625,0.086,1.000,0.100,0.100,0.100,1,26.2,101.6,762,803,1,0,1,0,316,720,115,0
7.42,climb_cruise,441.6,441.6,34983.1,452,2.94,-1.25,353.17,2.46,15.0,125.0,0,0,0.12,2.16,-0.13,-0.147,0.624,0.086,1.000,0.100,0.100,0.100,1,26.1,101.6,762,803,1,0,1,0,316,736,115,0
7.44,climb_cruise,441.6,441.6,34983.3,456,2.94,-1.21,353.17,2.46,15.0,125.0,0,0,0.11,2.15,-0.13,-0.144,0.624,0.086,1.000,0.100,0.100,0.100,1,26.1,101.6,762,803,1,0,1,0,316,752,115,0
7.46,climb_cruise,441.5,441.5,34983.4,461,2.94,-1.17,353.16,2.45,15.0,125.0,0,0,0.11,2.14,-0.12,-0.141,0.624,0.086,1.000,0.100,0.100,0.100,1,26.0,101.6,762,803,1,0,1,0,316,768,115,0
7.48,climb_cruise,441.5,441.5,34983.6,465,2.95,-1.12,353.16,2.44,15.0,125.0,0,0,0.10,2.14,-0.12,-0.138,0.624,0.086,1.000,0.100,0.100,0.100,1,26.0,101.6,762,803,1,0,1,0,316,784,115,0
7.50,climb_cruise,441.5,441.5,34983.8,470,2.95,-1.08,353.16,2.43,15.0,125.0,0,0,0.09,2.13,-0.12,-0.136,0.623,0.087,1.000,0.100,0.100,0.100,1,25.9,101.6,762,803,1,0,1,0,316,800,116,0
7.52,climb_cruise,441.4,441.4,34983.9,474,2.95,-1.04,353.16,2.43,15.0,125.0,0,0,0.08,2.12,-0.12,-0.133,0.623,0.087,1.000,0.100,0.100,0.100,1,25.9,101.6,762,803,1,0,1,0,316,816,114,0
7.54,climb_cruise,441.4,441.4,34984.1,478,2.95,-1.00,353.15,2.42,15.0,125.0,0,0,0.07,2.11,-0.12,-0.130,0.623,0.087,1.000,0.100,0.100,0.100,1,25.8,101.6,762,803,1,0,1,0,316,832,116,0
7.56,climb_cruise,441.4,441.4,34984.2,482,2.95,-0.95,353.15,2.41,15.0,125.0,0,0,0.07,2.11,-0.12,-0.127,0.623,0.087,1.000,0.100,0.100,0.100,1,25.8,101.6,762,803,1,0,1,0,316,848,116,0
7.58,climb_cruise,441.4,441.4,34984.4,487,2.95,-0.91,353.15,2.40,15.0,125.0,0,0,0.06,2.10,-0.12,-0.124,0.623,0.087,1.000,0.100,0.100,0.100,1,25.7,101.6,762,803,1,0,1,0,316,864,115,0
7.60,climb_cruise,441.3,441.3,34984.6,491,2.95,-0.87,353.15,2.40,15.0,125.0,0,0,0.05,2.09,-0.11,-0.122,0.622,0.087,1.000,0.100,0.100,0.100,1,25.7,101.6,762,803,1,0,1,0,316,880,116,0
7.62,climb_cruise,441.3,441.3,34984.7,495,2.96,-0.83,353.14,2.39,15.0,125.0,0,0,0.04,2.08,-0.11,-0.119,0.622,0.088,1.000,0.100,0.100,0.100,1,25.6,101.6,762,803,1,0,1,0,316,896,115,0
7.64,climb_cruise,441.3,441.3,34984.9,499,2.96,-0.79,353.14,2.38,15.0,125.0,0,0,0.03,2.08,-0.11,-0.116,0.622,0.088,1.000,0.100,0.100,0.100,1,25.6,101.6,762,803,1,0,1,0,316,912,115,0
7.66,climb_cruise,441.3,441.3,34985.1,503,2.96,-0.75,353.14,2.37,15.0,125.0,0,0,0.03,2.07,-0.11,-0.113,0.622,0.088,1.000,0.100,0.100,0.100,1,25.5,101.6,762,803,1,0,1,0,316,928,114,0
7.68,climb_cruise,441.2,441.2,34985.2,507,2.96,-0.71,353.14,2.36,15.0,125.0,0,0,0.02,2.06,-0.11,-0.110,0.621,0.088,1.000,0.100,0.100,0.100,1,25.5,101.7,762,803,1,0,1,0,316,944,116,0
7.70,climb_cruise,441.2,441.2,34985.4,511,2.96,-0.66,353.14,2.36,15.0,125.0,0,0,0.01,2.05,-0.11,-0.107,0.621,0.088,1.000,0.100,0.100,0.100,1,25.4,101.7,762,803,1,0,1,0,316,960,115,0
7.72,climb_cruise,441.2,441.2,34985.6,515,2.96,-0.62,353.13,2.35,15.0,125.0,0,0,0.00,2.05,-0.10,-0.105,0.621,0.088,1.000,0.100,0.100,0.100,1,25.4,101.7,762,803,1,0,1,0,316,976,115,0
7.74,climb_cruise,441.2,441.2,34985.7,518,2.96,-0.58,353.13,2.34,15.0,125.0,0,0,-0.01,2.04,-0.10,-0.102,0.621,0.089,1.000,0.100,0.100,0.100,1,25.3,101.7,762,804,1,0,1,0,316,992,115,0
7.76,climb_cruise,441.1,441.1,34985.9,522,2.96,-0.54,353.13,2.33,15.0,125.0,0,0,-0.02,2.03,-0.10,-0.099,0.620,0.089,1.000,0.100,0.100,0.100,1,25.3,101.7,762,804,1,0,1,0,316,1008,114,0
7.78,climb_cruise,441.1,441.1,34986.1,526,2.96,-0.50,353.13,2.32,15.0,125.0,0,0,-0.02,2.02,-0.10,-0.096,0.620,0.089,1.000,0.100,0.100,0.100,1,25.2,101.7,762,804,1,0,1,0,316,1024,114,0
7.80,climb_cruise,441.1,441.1,34986.3,530,2.96,-0.46,353.12,2.31,15.0,125.0,0,0,-0.03,2.02,-0.10,-0.093,0.620,0.089,1.000,0.100,0.100,0.100,1,25.2,101.7,762,804,1,0,1,0,316,1040,115,0
7.82,climb_cruise,441.1,441.1,34986.4,533,2.96,-0.42,353.12,2.31,15.0,125.0,0,0,-0.04,2.01,-0.10,-0.090,0.620,0.089,1.000,0.100,0.100,0.100,1,25.1,101.7,762,804,1,0,1,0,316,1056,116,0
7.84,climb_cruise,441.0,441.0,34986.6,537,2.95,-0.38,353.12,2.30,15.0,125.0,0,0,-0.05,2.00,-0.10,-0.087,0.619,0.089,1.000,0.100,0.100,0.100,1,25.1,101.7,762,804,1,0,1,0,316,1072,115,0
7.86,climb_cruise,441.0,441.0,34986.8,540,2.95,-0.34,353.12,2.29,15.0,125.0,0,0,-0.06,1.99,-0.09,-0.084,0.619,0.089,1.000,0.100,0.100,0.100,1,25.0,101.7,762,804,1,0,1,0,316,1088,116,0
7.88,climb_cruise,441.0,441.0,34987.0,544,2.95,-0.30,353.12,2.28,15.0,125.0,0,0,-0.06,1.99,-0.09,-0.081,0.619,0.090,1.000,0.100,0.100,0.100,1,25.0,101.7,762,804,1,0,1,0,316,1104,114,0
7.90,climb_cruise,440.9,440.9,34987.2,547,2.95,-0.26,353.12,2.27,15.0,125.0,0,0,-0.07,1.98,-0.09,-0.079,0.619,0.090,1.000,0.100,0.100,0.100,1,24.9,101.7,762,804,1,0,1,0,316,1120,115,0
7.92,climb_cruise,440.9,440.9,34987.3,551,2.95,-0.22,353.11,2.26,15.0,125.0,0,0,-0.08,1.97,-0.09,-0.076,0.618,0.090,1.000,0.100,0.100,0.100,1,24.9,101.7,762,804,1,0,1,0,316,1136,116,0
7.94,climb_cruise,440.9,440.9,34987.5,554,2.95,-0.18,353.11,2.25,15.0,125.0,0,0,-0.09,1.96,-0.09,-0.073,0.618,0.090,1.000,0.100,0.100,0.100,1,24.8,101.7,762,804,1,0,1,0,316,1152,116,0
7.96,climb_cruise,440.9,440.9,34987.7,557,2.95,-0.14,353.11,2.24,15.0,125.0,0,0,-0.09,1.96,-0.09,-0.070,0.618,0.090,1.000,0.100,0.100,0.100,1,24.8,101.7,762,804,1,0,1,0,316,1168,115,0
7.98,climb_cruise,440.8,440.8,34987.9,560,2.94,-0.11,353.11,2.23,15.0,125.0,0,0,-0.10,1.95,-0.09,-0.067,0.618,0.090,1.000,0.100,0.100,0.100,1,24.7,101.7,762,804,1,0,1,0,316,1184,116,0
8.00,climb_cruise,440.8,440.8,34988.1,563,2.94,-0.07,353.11,2.22,15.0,125.0,0,0,-0.11,1.94,-0.08,-0.064,0.617,0.091,1.000,0.100,0.100,0.100,1,24.7,101.7,762,804,1,0,1,0,316,1200,114,0
8.02,climb_cruise,440.8,440.8,34988.3,567,2.94,-0.03,353.11,2.21,15.0,125.0,0,0,-0.12,1.93,-0.08,-0.061,0.617,0.091,1.000,0.100,0.100,0.100,1,24.6,101.7,762,804,1,0,1,0,316,1216,116,0
8.04,climb_cruise,440.8,440.8,34988.5,570,2.94,0.01,353.10,2.20,15.0,125.0,0,0,-0.13,1.93,-0.08,-0.058,0.617,0.091,1.000,0.100,0.100,0.100,1,24.6,101.7,762,804,1,0,1,0,316,1216,115,0
8.06,climb_cruise,440.7,440.7,34988.7,573,2.93,0.05,353.10,2.19,15.0,125.0,0,0,-0.13,1.92,-0.08,-0.055,0.617,0.091,1.000,0.100,0.100,0.100,1,24.5,101.7,762,804,1,0,1,0,316,1216,115,0
8.08,climb_cruise,440.7,440.7,34988.9,575,2.93,0.09,353.10,2.19,15.0,125.0,0,0,-0.14,1.91,-0.08,-0.052,0.616,0.091,1.000,0.100,0.100,0.100,1,24.5,101.7,762,804,1,0,1,0,316,1216,115,0
8.10,climb_cruise,440.7,440.7,34989.0,578,2.93,0.13,353.10,2.18,15.0,125.0,0,0,-0.15,1.90,-0.08,-0.049,0.616,0.091,1.000,0.100,0.100,0.100,1,24.4,101.7,762,804,1,0,1,0,316,1216,116,0
8.12,climb_cruise,440.7,440.7,34989.2,581,2.93,0.16,353.10,2.17,15.0,125.0,0,0,-0.16,1.90,-0.08,-0.046,0.616,0.092,1.000,0.100,0.100,0.100,1,24.4,101.7,762,804,1,0,1,0,316,1216,116,0
8.14,climb_cruise,440.6,440.6,34989.4,584,2.92,0.20,353.10,2.16,15.0,125.0,0,0,-0.16,1.89,-0.07,-0.043,0.616,0.092,1.000,0.100,0.100,0.100,1,24.3,101.7,762,804,1,0,1,0,316,1216,115,0
8.16,climb_cruise,440.6,440.6,34989.6,587,2.92,0.24,353.09,2.15,15.0,125.0,0,0,-0.17,1.88,-0.07,-0.040,0.615,0.092,1.000,0.100,0.100,0.100,1,24.3,101.7,762,804,1,0,1,0,316,1216,116,0
8.18,climb_cruise,440.6,440.6,34989.8,589,2.92,0.28,353.09,2.14,15.0,125.0,0,0,-0.18,1.87,-0.07,-0.037,0.615,0.092,1.000,0.100,0.100,0.100,1,24.2,101.7,762,804,1,0,1,0,316,1216,115,0
8.20,climb_cruise,440.6,440.6,34990.0,592,2.91,0.31,353.09,2.13,15.0,125.0,0,0,-0.19,1.87,-0.07,-0.034,0.615,0.092,1.000,0.100,0.100,0.100,1,24.2,101.7,762,804,1,0,1,0,316,1216,116,0
8.22,climb_cruise,440.5,440.5,34990.2,594,2.91,0.35,353.09,2.12,15.0,125.0,0,0,-0.20,1.86,-0.07,-0.031,0.615,0.092,1.000,0.100,0.100,0.100,1,24.1,101.7,762,804,1,0,1,0,316,1216,116,0
8.24,climb_cruise,440.5,440.5,34990.4,597,2.90,0.39,353.09,2.11,15.0,125.0,0,0,-0.20,1.85,-0.07,-0.028,0.614,0.093,1.000,0.100,0.100,0.100,1,24.1,101.7,762,804,1,0,1,0,316,1216,116,0
8.26,climb_cruise,440.5,440.5,34990.6,599,2.90,0.42,353.09,2.10,15.0,125.0,0,0,-0.21,1.84,-0.07,-0.025,0.614,0.093,1.000,0.100,0.100,0.100,1,24.0,101.8,762,804,1,0,1,0,316,1216,114,0
8.28,climb_cruise,440.4,440.4,34990.8,601,2.90,0.46,353.09,2.08,15.0,125.0,0,0,-0.22,1.84,-0.07,-0.023,0.614,0.093,1.000,0.100,0.100,0.100,1,24.0,101.8,762,804,1,0,1,0,316,1216,115,0
8.30,climb_cruise,440.4,440.4,34991.0,604,2.89,0.50,353.08,2.07,15.0,125.0,0,0,-0.22,1.83,-0.06,-0.020,0.614,0.093,1.000,0.100,0.100,0.100,1,23.9,101.8,762,804,1,0,1,0,316,1216,115,0
8.32,climb_cruise,440.4,440.4,34991.2,606,2.89,0.53,353.08,2.06,15.0,125.0,0,0,-0.23,1.82,-0.06,-0.017,0.613,0.093,1.000,0.100,0.100,0.100,1,23.9,101.8,762,804,1,0,1,0,316,1216,115,0
8.34,climb_cruise,440.4,440.4,34991.4,608,2.88,0.57,353.08,2.05,15.0,125.0,0,0,-0.24,1.82,-0.06,-0.014,0.613,0.093,1.000,0.100,0.100,0.100,1,23.8,101.8,762,804,1,0,1,0,316,1216,115,0
8.36,climb_cruise,440.3,440.3,34991.6,610,2.88,0.61,353.08,2.04,15.0,125.0,0,0,-0.25,1.81,-0.06,-0.011,0.613,0.094,1.000,0.100,0.100,0.100,1,23.8,101.8,762,804,1,0,1,0,316,1216,115,0
8.38,climb_cruise,440.3,440.3,34991.8,612,2.87,0.64,353.08,2.03,15.0,125.0,0,0,-0.25,1.80,-0.06,-0.008,0.613,0.094,1.000,0.100,0.100,0.100,1,23.7,101.8,762,804,1,0,1,0,316,1216,114,0
8.40,climb_cruise,440.3,440.3,34992.0,614,2.87,0.68,353.08,2.02,15.0,125.0,0,0,-0.26,1.79,-0.06,-0.005,0.612,0.094,1.000,0.100,0.100,0.100,1,23.7,101.8,762,804,1,0,1,0,316,1216,115,0
8.42,climb_cruise,440.3,440.3,34992.2,616,2.86,0.72,353.08,2.01,15.0,125.0,0,0,-0.27,1.80,-0.06,-0.002,0.612,0.094,1.000,0.100,0.100,0.100,1,23.6,101.8,762,804,1,0,1,0,316,1216,115,0
8.44,climb_cruise,440.2,440.2,34992.5,618,2.86,0.75,353.08,2.00,15.0,125.0,0,0,-0.28,1.80,-0.06,0.001,0.612,0.094,1.000,0.100,0.100,0.100,1,23.6,101.8,762,804,1,0,1,0,316,1216,116,0
8.46,climb_cruise,440.2,440.2,34992.7,620,2.85,0.79,353.07,1.99,15.0,125.0,0,0,-0.28,1.79,-0.05,0.004,0.612,0.094,1.000,0.100,0.100,0.100,1,23.6,101.8,762,804,1,0,1,0,316,1216,114,0
8.48,climb_cruise,440.2,440.2,34992.9,621,2.84,0.82,353.07,1.98,15.0,125.0,0,0,-0.29,1.79,-0.05,0.007,0.611,0.095,1.000,0.100,0.100,0.100,1,23.5,101.8,762,804,1,0,1,0,316,1216,115,0
8.50,climb_cruise,440.2,440.2,34993.1,623,2.84,0.86,353.07,1.97,15.0,125.0,0,0,-0.30,1.78,-0.05,0.010,0.611,0.095,1.000,0.100,0.100,0.100,1,23.5,101.8,762,804,1,0,1,0,316,1216,116,0
8.52,climb_cruise,440.1,440.1,34993.3,625,2.83,0.89,353.07,1.96,15.0,125.0,0,0,-0.30,1.77,-0.05,0.013,0.611,0.095,1.000,0.100,0.100,0.100,1,23.4,101.8,762,804,1,0,1,0,316,1216,116,0
8.54,climb_cruise,440.1,440.1,34993.5,626,2.83,0.93,353.07,1.95,15.0,125.0,0,0,-0.31,1.76,-0.05,0.016,0.611,0.095,1.000,0.100,0.100,0.100,1,23.4,101.8,762,804,1,0,1,0,316,1216,115,0
8.56,climb_cruise,440.1,440.1,34993.7,628,2.82,0.96,353.07,1.93,15.0,125.0,0,0,-0.32,1.76,-0.05,0.019,0.610,0.095,1.000,0.100,0.100,0.100,1,23.3,101.8,762,804,1,0,1,0,316,1216,115,0
8.58,climb_cruise,440.1,440.1,34993.9,629,2.81,1.00,353.07,1.92,15.0,125.0,0,0,-0.32,1.75,-0.05,0.022,0.610,0.095,1.000,0.100,0.100,0.100,1,23.3,101.8,762,804,1,0,1,0,316,1216,114,0
8.60,climb_cruise,440.0,440.0,34994.1,630,2.81,1.03,353.07,1.91,15.0,125.0,0,0,-0.33,1.74,-0.05,0.025,0.610,0.096,1.000,0.100,0.100,0.100,1,23.2,101.8,762,804,1,0,1,0,316,1216,115,0
8.62,climb_cruise,440.0,440.0,34994.3,632,2.80,1.07,353.07,1.90,15.0,125.0,0,0,-0.34,1.73,-0.04,0.028,0.610,0.096,1.000,0.100,0.100,0.100,1,23.2,101.8,762,804,1,0,1,0,316,1216,115,0
8.64,climb_cruise,440.0,440.0,34994.5,633,2.79,1.10,353.06,1.89,15.0,125.0,0,0,-0.34,1.73,-0.04,0.030,0.609,0.096,1.000,0.100,0.100,0.100,1,23.1,101.8,762,804,1,0,1,0,316,1216,116,0
8.66,climb_cruise,440.0,440.0,34994.8,634,2.79,1.14,353.06,1.88,15.0,125.0,0,0,-0.35,1.72,-0.04,0.033,0.609,0.096,1.000,0.100,0.100,0.100,1,23.1,101.8,762,804,1,0,1,0,316,1216,115,0
8.68,climb_cruise,439.9,439.9,34995.0,635,2.78,1.17,353.06,1.87,15.0,125.0,0,0,-0.36,1.71,-0.04,0.036,0.609,0.096,1.000,0.100,0.100,0.100,1,23.0,101.8,762,804,1,0,1,0,316,1216,114,0
8.70,climb_cruise,439.9,439.9,34995.2,636,2.77,1.21,353.06,1.86,15.0,125.0,0,0,-0.36,1.70,-0.04,0.039,0.609,0.096,1.000,0.100,0.100,0.100,1,23.0,101.8,762,804,1,0,1,0,316,1216,116,0
8.72,climb_cruise,439.9,439.9,34995.4,637,2.77,1.24,353.06,1.84,15.0,125.0,0,0,-0.37,1.70,-0.04,0.042,0.608,0.097,1.000,0.100,0.100,0.100,1,22.9,101.8,762,804,1,0,1,0,316,1216,114,0
8.74,climb_cruise,439.9,439.9,34995.6,638,2.76,1.27,353.06,1.83,15.0,125.0,0,0,-0.38,1.69,-0.04,0.045,0.608,0.097,1.000,0.100,0.100,0.100,1,22.9,101.8,762,804,1,0,1,0,316,1216,115,0
8.76,climb_cruise,439.8,439.8,34995.8,639,2.75,1.31,353.06,1.82,15.0,125.0,0,0,-0.38,1.68,-0.04,0.048,0.608,0.097,1.000,0.100,0.100,0.100,1,22.9,101.8,762,804,1,0,1,0,316,1216,115,0
8.78,climb_cruise,439.8,439.8,34996.0,639,2.74,1.34,353.06,1.81,15.0,125.0,0,0,-0.39,1.67,-0.03,0.051,0.608,0.097,1.000,0.100,0.100,0.100,1,22.8,101.8,762,804,1,0,1,0,316,1216,115,0
8.80,climb_cruise,439.8,439.8,34996.2,640,2.73,1.37,353.06,1.80,15.0,125.0,0,0,-0.40,1.67,-0.03,0.054,0.607,0.097,1.000,0.100,0.100,0.100,1,22.8,101.8,762,804,1,0,1,0,316,1216,115,0
8.82,climb_cruise,439.8,439.8,34996.5,641,2.73,1.41,353.06,1.79,15.0,125.0,0,0,-0.40,1.66,-0.03,0.056,0.607,0.097,1.000,0.100,0.100,0.100,1,22.7,101.8,762,804,1,0,1,0,316,1216,114,0
8.84,climb_cruise,439.7,439.7,34996.7,641,2.72,1.44,353.06,1.78,15.0,125.0,0,0,-0.41,1.65,-0.03,0.059,0.607,0.098,1.000,0.100,0.100,0.100,1,22.7,101.8,762,804,1,0,1,0,316,1216,115,0
8.86,climb_cruise,439.7,439.7,34996.9,642,2.71,1.47,353.06,1.76,15.0,125.0,0,0,-0.41,1.64,-0.03,0.062,0.607,0.098,1.000,0.100,0.100,0.100,1,22.6,101.8,762,804,1,0,1,0,316,1216,116,0
8.88,climb_cruise,439.7,439.7,34997.1,642,2.70,1.51,353.05,1.75,15.0,125.0,0,0,-0.42,1.64,-0.03,0.065,0.606,0.098,1.000,0.100,0.100,0.100,1,22.6,101.8,762,804,1,0,1,0,316,1216,116,0
8.90,climb_cruise,439.7,439.7,34997.3,642,2.69,1.54,353.05,1.74,15.0,125.0,0,0,-0.43,1.63,-0.03,0.068,0.606,0.098,1.000,0.100,0.100,0.100,1,22.5,101.8,762,804,1,0,1,0,316,1216,114,0
8.92,climb_cruise,439.6,439.6,34997.5,642,2.68,1.57,353.05,1.73,15.0,125.0,0,0,-0.43,1.62,-0.03,0.071,0.606,0.098,1.000,0.100,0.100,0.100,1,22.5,101.8,762,804,1,0,1,0,316,1216,114,0
8.94,climb_cruise,439.6,439.6,34997.7,643,2.68,1.60,353.05,1.72,15.0,125.0,0,0,-0.44,1.61,-0.03,0.073,0.606,0.098,1.000,0.100,0.100,0.100,1,22.4,101.8,762,804,1,0,1,0,316,1216,115,0
8.96,climb_cruise,439.6,439.6,34998.0,643,2.67,1.64,353.05,1.71,15.0,125.0,0,0,-0.45,1.61,-0.02,0.076,0.606,0.099,1.000,0.100,0.100,0.100,1,22.4,101.8,762,804,1,0,1,0,316,1216,115,0
8.98,climb_cruise,439.6,439.6,34998.2,643,2.66,1.67,353.05,1.69,15.0,125.0,0,0,-0.45,1.60,-0.02,0.079,0.605,0.099,1.000,0.100,0.100,0.100,1,22.4,101.8,762,804,1,0,1,0,316,1216,116,0
9.00,climb_cruise,439.5,439.5,34998.4,643,2.65,1.70,353.05,1.68,15.0,125.0,0,0,-0.46,1.59,-0.02,0.082,0.605,0.099,1.000,0.100,0.100,0.100,1,22.3,101.8,762,804,1,0,1,0,316,1216,114,0
9.02,climb_cruise,439.5,439.5,34998.6,643,2.64,1.73,353.05,1.67,15.0,125.0,0,0,-0.46,1.59,-0.02,0.084,0.605,0.099,1.000,0.100,0.100,0.100,1,22.3,101.8,762,804,1,0,1,0,316,1216,114,0
9.04,climb_cruise,439.5,439.5,34998.8,643,2.63,1.76,353.05,1.66,15.0,125.0,0,0,-0.47,1.58,-0.02,0.087,0.605,0.099,1.000,0.100,0.100,0.100,1,22.2,101.8,762,804,1,0,1,0,316,1216,115,0
9.06,climb_cruise,439.5,439.5,34999.0,642,2.62,1.79,353.05,1.65,15.0,125.0,0,0,-0.47,1.57,-0.02,0.090,0.604,0.099,1.000,0.100,0.100,0.100,1,22.2,101.8,762,804,1,0,1,0,316,1216,116,0
9.08,climb_cruise,439.4,439.4,34999.3,642,2.61,1.83,353.05,1.64,15.0,125.0,0,0,-0.48,1.57,-0.02,0.093,0.604,0.100,1.000,0.100,0.100,0.100,1,22.1,101.8,762,804,1,0,1,0,316,1216,115,0
9.10,climb_cruise,439.4,439.4,34999.5,642,2.60,1.86,353.05,1.62,15.0,125.0,0,0,-0.49,1.56,-0.02,0.095,0.604,0.100,1.000,0.100,0.100,0.100,1,22.1,101.8,762,804,1,0,1,0,316,1216,114,0
9.12,climb_cruise,439.4,439.4,34999.7,641,2.59,1.89,353.05,1.61,15.0,125.0,0,0,-0.49,1.55,-0.02,0.098,0.604,0.100,1.000,0.100,0.100,0.100,1,22.0,101.8,762,804,1,0,1,0,316,1216,116,0
9.14,climb_cruise,439.4,439.4,34999.9,641,2.58,1.92,353.04,1.60,15.0,125.0,0,0,-0.50,1.54,-0.02,0.101,0.603,0.100,1.000,0.100,0.100,0.100,1,22.0,101.8,762,804,1,0,1,0,316,1216,116,0
9.16,climb_cruise,439.3,439.3,35000.1,640,2.57,1.95,353.04,1.59,15.0,125.0,0,0,-0.50,1.54,-0.01,0.103,0.603,0.100,1.000,0.100,0.100,0.100,1,22.0,101.9,762,804,1,0,1,0,316,1216,116,0
9.18,climb_cruise,439.3,439.3,35000.3,640,2.56,1.98,353.04,1.58,15.0,125.0,0,0,-0.51,1.53,-0.01,0.106,0.603,0.100,1.000,0.100,0.100,0.100,1,21.9,101.9,762,804,1,0,1,0,316,1216,115,0
9.20,climb_cruise,439.3,439.3,35000.5,639,2.55,2.01,353.04,1.56,15.0,125.0,0,0,-0.51,1.52,-0.01,0.109,0.603,0.100,1.000,0.100,0.100,0.100,1,21.9,101.9,762,804,1,0,1,0,316,1216,116,0
9.22,climb_cruise,439.3,439.3,35000.7,638,2.54,2.04,353.04,1.55,15.0,125.0,0,0,-0.52,1.52,-0.01,0.111,0.602,0.101,1.000,0.100,0.100,0.100,1,21.8,101.9,762,804,1,0,1,0,316,1216,114,0
9.24,climb_cruise,439.2,439.2,35001.0,637,2.53,2.07,353.04,1.54,15.0,125.0,0,0,-0.52,1.51,-0.01,0.114,0.602,0.101,1.000,0.100,0.100,0.100,1,21.8,101.9,762,804,1,0,1,0,316,1216,116,0
9.26,climb_cruise,439.2,439.2,35001.2,636,2.52,2.10,353.04,1.53,15.0,125.0,0,0,-0.53,1.50,-0.01,0.117,0.602,0.101,1.000,0.100,0.100,0.100,1,21.7,101.9,762,804,1,0,1,0,316,1216,116,0
9.28,climb_cruise,439.2,439.2,35001.4,635,2.51,2.13,353.04,1.52,15.0,125.0,0,0,-0.53,1.50,-0.01,0.119,0.602,0.101,1.000,0.100,0.100,0.100,1,21.7,101.9,762,804,1,0,1,0,316,1216,116,0
9.30,climb_cruise,439.2,439.2,35001.6,634,2.50,2.16,353.04,1.51,15.0,125.0,0,0,-0.54,1.49,-0.01,0.122,0.602,0.101,1.000,0.100,0.100,0.100,1,21.7,101.9,762,804,1,0,1,0,316,1216,115,0
9.32,climb_cruise,439.1,439.1,35001.8,633,2.49,2.19,353.04,1.49,15.0,125.0,0,0,-0.54,1.48,-0.01,0.124,0.601,0.101,1.000,0.100,0.100,0.100,1,21.6,101.9,762,804,1,0,1,0,316,1216,115,0
9.34,climb_cruise,439.1,439.1,35002.0,632,2.48,2.22,353.04,1.48,15.0,125.0,0,0,-0.55,1.48,-0.01,0.127,0.601,0.102,1.000,0.100,0.100,0.100,1,21.6,101.9,762,804,1,0,1,0,316,1216,116,0
9.36,climb_cruise,439.1,439.1,35002.2,631,2.47,2.25,353.04,1.47,15.0,125.0,0,0,-0.55,1.47,-0.00,0.129,0.601,0.102,1.000,0.100,0.100,0.100,1,21.5,101.9,762,804,1,0,1,0,316,1216,115,0
9.38,climb_cruise,439.1,439.1,35002.4,629,2.46,2.28,353.04,1.46,15.0,125.0,0,0,-0.56,1.46,-0.00,0.132,0.601,0.102,1.000,0.100,0.100,0.100,1,21.5,101.9,762,804,1,0,1,0,316,1216,115,0
9.40,climb_cruise,439.0,439.0,35002.7,628,2.44,2.31,353.04,1.45,15.0,125.0,0,0,-0.56,1.46,-0.00,0.134,0.600,0.102,1.000,0.100,0.100,0.100,1,21.4,101.9,762,804,1,0,1,0,316,1216,115,0
9.42,climb_cruise,439.0,439.0,35002.9,627,2.43,2.34,353.04,1.43,15.0,125.0,0,0,-0.56,1.45,-0.00,0.137,0.600,0.102,1.000,0.100,0.100,0.100,1,21.4,101.9,762,804,1,0,1,0,316,1216,115,0
9.44,climb_cruise,439.0,439.0,35003.1,625,2.42,2.37,353.04,1.42,15.0,125.0,0,0,-0.57,1.45,-0.00,0.139,0.600,0.102,1.000,0.100,0.100,0.100,1,21.4,101.9,762,804,1,0,1,0,316,1216,116,0
9.46,climb_cruise,439.0,439.0,35003.3,623,2.41,2.40,353.04,1.41,15.0,125.0,0,0,-0.57,1.44,0.00,0.142,0.600,0.103,1.000,0.100,0.100,0.100,1,21.3,101.9,762,804,1,0,1,0,316,1216,115,0
9.48,climb_cruise,438.9,438.9,35003.5,622,2.40,2.42,353.04,1.40,15.0,125.0,0,0,-0.58,1.43,0.00,0.144,0.600,0.103,1.000,0.100,0.100,0.100,1,21.3,101.9,762,804,1,0,1,0,316,1216,115,0
9.50,climb_cruise,438.9,438.9,35003.7,620,2.39,2.45,353.04,1.39,15.0,125.0,0,0,-0.58,1.43,0.00,0.147,0.599,0.103,1.000,0.100,0.100,0.100,1,21.2,101.9,762,804,1,0,1,0,316,1216,114,0
9.52,climb_cruise,438.9,438.9,35003.9,618,2.38,2.48,353.03,1.38,15.0,125.0,0,0,-0.59,1.42,0.00,0.149,0.599,0.103,1.000,0.100,0.100,0.100,1,21.2,101.9,762,804,1,0,1,0,316,1216,116,0
9.54,climb_cruise,438.9,438.9,35004.1,616,2.36,2.51,353.03,1.36,15.0,125.0,0,0,-0.59,1.41,0.00,0.151,0.599,0.103,1.000,0.100,0.100,0.100,1,21.1,101.9,762,804,1,0,1,0,316,1216,115,0
9.56,climb_cruise,438.8,438.8,35004.3,614,2.35,2.54,353.03,1.35,15.0,125.0,0,0,-0.59,1.41,0.01,0.154,0.599,0.103,1.000,0.100,0.100,0.100,1,21.1,101.9,762,804,1,0,1,0,316,1216,115,0
9.58,climb_cruise,438.8,438.8,35004.5,612,2.34,2.57,353.03,1.34,15.0,125.0,0,0,-0.60,1.40,0.01,0.156,0.598,0.104,1.000,0.100,0.100,0.100,1,21.1,101.9,762,804,1,0,1,0,316,1216,115,0
9.60,climb_cruise,438.8,438.8,35004.7,610,2.33,2.59,353.03,1.33,15.0,125.0,0,0,-0.60,1.40,0.01,0.158,0.598,0.104,1.000,0.100,0.100,0.100,1,21.0,101.9,762,804,1,0,1,0,316,1216,115,0
9.62,climb_cruise,438.8,438.8,35004.9,608,2.32,2.62,353.03,1.32,15.0,125.0,0,0,-0.61,1.39,0.01,0.161,0.598,0.104,1.000,0.100,0.100,0.100,1,21.0,101.9,762,804,1,0,1,0,316,1216,116,0
9.64,climb_cruise,438.7,438.7,35005.1,606,2.30,2.65,353.03,1.31,15.0,125.0,0,0,-0.61,1.38,0.01,0.163,0.598,0.104,1.000,0.100,0.100,0.100,1,20.9,101.9,762,804,1,0,1,0,316,1216,115,0
9.66,climb_cruise,438.7,438.7,35005.3,604,2.29,2.68,353.03,1.29,15.0,125.0,0,0,-0.61,1.38,0.01,0.165,0.598,0.104,1.000,0.100,0.100,0.100,1,20.9,101.9,762,804,1,0,1,0,316,1216,114,0
9.68,climb_cruise,438.7,438.7,35005.5,601,2.28,2.71,353.03,1.28,15.0,125.0,0,0,-0.62,1.37,0.01,0.167,0.597,0.104,1.000,0.100,0.100,0.100,1,20.8,101.9,762,804,1,0,1,0,316,1216,115,0
9.70,climb_cruise,438.7,438.7,35005.7,599,2.27,2.73,353.03,1.27,15.0,125.0,0,0,-0.62,1.37,0.01,0.170,0.597,0.105,1.000,0.100,0.100,0.100,1,20.8,101.9,762,804,1,0,1,0,316,1216,116,0
9.72,climb_cruise,438.7,438.7,35005.9,596,2.25,2.76,353.03,1.26,15.0,125.0,0,0,-0.62,1.36,0.01,0.172,0.597,0.105,1.000,0.100,0.100,0.100,1,20.8,101.9,762,804,1,0,1,0,316,1216,115,0
9.74,climb_cruise,438.6,438.6,35006.1,594,2.24,2.79,353.03,1.25,15.0,125.0,0,0,-0.63,1.35,0.01,0.174,0.597,0.105,1.000,0.100,0.100,0.100,1,20.7,101.9,762,804,1,0,1,0,316,1216,115,0
9.76,climb_cruise,438.6,438.6,35006.3,591,2.23,2.81,353.03,1.24,15.0,125.0,0,0,-0.63,1.35,0.02,0.176,0.597,0.105,1.000,0.100,0.100,0.100,1,20.7,101.9,762,804,1,0,1,0,316,1216,115,0
9.78,climb_cruise,438.6,438.6,35006.5,588,2.22,2.84,353.03,1.23,15.0,125.0,0,0,-0.63,1.34,0.02,0.178,0.596,0.105,1.000,0.100,0.100,0.100,1,20.6,101.9,762,804,1,0,1,0,316,1216,116,0
9.80,climb_cruise,438.6,438.6,35006.7,586,2.20,2.87,353.03,1.21,15.0,125.0,0,0,-0.64,1.34,0.02,0.181,0.596,0.105,1.000,0.100,0.100,0.100,1,20.6,101.9,762,804,1,0,1,0,316,1216,115,0
9.82,climb_cruise,438.5,438.5,35006.9,583,2.19,2.89,353.03,1.20,15.0,125.0,0,0,-0.64,1.33,0.02,0.183,0.596,0.106,1.000,0.100,0.100,0.100,1,20.6,101.9,762,804,1,0,1,0,316,1216,116,0
9.84,climb_cruise,438.5,438.5,35007.1,580,2.18,2.92,353.03,1.19,15.0,125.0,0,0,-0.64,1.33,0.02,0.185,0.596,0.106,1.000,0.100,0.100,0.100,1,20.5,101.9,762,804,1,0,1,0,316,1216,115,0
9.86,climb_cruise,438.5,438.5,35007.3,577,2.17,2.95,353.03,1.18,15.0,125.0,0,0,-0.64,1.32,0.02,0.187,0.595,0.106,1.000,0.100,0.100,0.100,1,20.5,101.9,762,804,1,0,1,0,316,1216,115,0
9.88,climb_cruise,438.5,438.5,35007.5,574,2.15,2.97,353.03,1.17,15.0,125.0,0,0,-0.65,1.32,0.02,0.189,0.595,0.106,1.000,0.100,0.100,0.100,1,20.4,101.9,762,804,1,0,1,0,316,1216,115,0
9.90,climb_cruise,438.4,438.4,35007.7,571,2.14,3.00,353.03,1.16,15.0,125.0,0,0,-0.65,1.31,0.02,0.191,0.595,0.106,1.000,0.100,0.100,0.100,1,20.4,101.9,762,804,1,0,1,0,316,1216,115,0
9.92,climb_cruise,438.4,438.4,35007.9,568,2.13,3.03,353.03,1.15,15.0,125.0,0,0,-0.65,1.30,0.02,0.193,0.595,0.106,1.000,0.100,0.100,0.100,1,20.4,101.9,762,804,1,0,1,0,316,1216,114,0
9.94,climb_cruise,438.4,438.4,35008.1,564,2.11,3.05,353.03,1.14,15.0,125.0,0,0,-0.66,1.30,0.02,0.195,0.595,0.107,1.000,0.100,0.100,0.100,1,20.3,101.9,762,804,1,0,1,0,316,1216,115,0
9.96,climb_cruise,438.4,438.4,35008.3,561,2.10,3.08,353.03,1.12,15.0,125.0,0,0,-0.66,1.29,0.02,0.197,0.594,0.107,1.000,0.100,0.100,0.100,1,20.3,101.9,762,804,1,0,1,0,316,1216,115,0
9.98,climb_cruise,438.4,438.4,35008.5,558,2.09,3.10,353.03,1.11,15.0,125.0,0,0,-0.66,1.29,0.03,0.199,0.594,0.107,1.000,0.100,0.100,0.100,1,20.2,101.9,762,804,1,0,1,0,316,1216,114,0
10.00,climb_cruise,438.3,438.3,35008.6,554,2.07,3.13,353.03,1.10,15.0,125.0,0,0,-0.66,1.28,0.03,0.201,0.594,0.107,1.000,0.100,0.100,0.100,1,20.2,101.9,762,804,1,0,1,0,316,1216,115,0
10.02,climb_cruise,438.3,438.3,35008.8,551,2.06,3.16,353.03,1.09,15.0,125.0,0,0,-0.66,1.28,0.03,0.202,0.594,0.107,1.000,0.100,0.100,0.100,1,20.1,101.9,762,804,1,0,1,0,316,1216,114,0
10.04,climb_cruise,438.3,438.3,35009.0,547,2.05,3.18,353.03,1.08,15.0,125.0,0,0,-0.67,1.27,0.03,0.204,0.594,0.107,1.000,0.100,0.100,0.100,1,20.1,101.9,762,804,1,0,1,0,316,1216,115,0
10.06,climb_cruise,438.3,438.3,35009.2,544,2.03,3.21,353.03,1.07,15.0,125.0,0,0,-0.67,1.27,0.03,0.206,0.593,0.108,1.000,0.100,0.100,0.100,1,20.1,101.9,762,804,1,0,1,0,316,1216,115,0
10.08,climb_cruise,438.2,438.2,35009.4,540,2.02,3.23,353.03,1.06,15.0,125.0,0,0,-0.67,1.26,0.03,0.208,0.593,0.108,1.000,0.100,0.100,0.100,1,20.0,101.9,762,804,1,0,1,0,316,1216,115,0
10.10,climb_cruise,438.2,438.2,35009.6,536,2.01,3.26,353.03,1.05,15.0,125.0,0,0,-0.67,1.26,0.03,0.210,0.593,0.108,1.000,0.100,0.100,0.100,1,20.0,101.9,762,804,1,0,1,0,316,1216,114,0
10.12,climb_cruise,438.2,438.2,35009.7,532,1.99,3.28,353.03,1.04,15.0,125.0,0,0,-0.67,1.25,0.03,0.211,0.593,0.108,1.000,0.100,0.100,0.100,1,19.9,101.9,762,804,1,0,1,0,316,1216,114,0
10.14,climb_cruise,438.2,438.2,35009.9,528,1.98,3.31,353.03,1.03,15.0,125.0,0,0,-0.68,1.25,0.03,0.213,0.593,0.108,1.000,0.100,0.100,0.100,1,19.9,101.9,762,804,1,0,1,0,316,1216,115,0
10.16,climb_cruise,438.2,438.2,35010.1,525,1.97,3.33,353.03,1.02,15.0,125.0,0,0,-0.68,1.24,0.03,0.215,0.592,0.108,1.000,0.100,0.100,0.100,1,19.9,101.9,762,804,1,0,1,0,316,1216,115,0
10.18,climb_cruise,438.1,438.1,35010.3,521,1.95,3.36,353.03,1.01,15.0,125.0,0,0,-0.68,1.24,0.04,0.217,0.592,0.108,1.000,0.100,0.100,0.100,1,19.8,101.9,762,804,1,0,1,0,316,1216,115,0
10.20,climb_cruise,438.1,438.1,35010.4,516,1.94,3.38,353.03,1.00,15.0,125.0,0,0,-0.68,1.23,0.04,0.218,0.592,0.109,1.000,0.100,0.100,0.100,1,19.8,101.9,762,804,1,0,1,0,316,1216,116,0
10.22,climb_cruise,438.1,438.1,35010.6,512,1.93,3.41,353.03,0.99,15.0,125.0,0,0,-0.68,1.23,0.04,0.220,0.592,0.109,1.000,0.100,0.100,0.100,1,19.7,101.9,762,804,1,0,1,0,316,1216,114,0
10.24,climb_cruise,438.1,438.1,35010.8,508,1.91,3.43,353.03,0.97,15.0,125.0,0,0,-0.68,1.22,0.04,0.222,0.592,0.109,1.000,0.100,0.100,0.100,1,19.7,101.9,762,804,1,0,1,0,316,1216,115,0
10.26,climb_cruise,438.0,438.0,35010.9,504,1.90,3.45,353.03,0.96,15.0,125.0,0,0,-0.68,1.22,0.04,0.223,0.592,0.109,1.000,0.100,0.100,0.100,1,19.7,101.9,762,804,1,0,1,0,316,1216,116,0
10.28,climb_cruise,438.0,438.0,35011.1,500,1.88,3.48,353.03,0.95,15.0,125.0,0,0,-0.69,1.21,0.04,0.225,0.591,0.109,1.000,0.100,0.100,0.100,1,19.6,101.9,762,804,1,0,1,0,316,1216,114,0
10.30,climb_cruise,438.0,438.0,35011.3,495,1.87,3.50,353.03,0.94,15.0,125.0,0,0,-0.69,1.21,0.04,0.226,0.591,0.109,1.000,0.100,0.100,0.100,1,19.6,101.9,762,804,1,0,1,0,316,1216,116,0
10.32,climb_cruise,438.0,438.0,35011.4,491,1.86,3.53,353.03,0.93,15.0,125.0,0,0,-0.69,1.20,0.04,0.228,0.591,0.110,1.000,0.100,0.100,0.100,1,19.6,101.9,762,804,1,0,1,0,316,1216,116,0
10.34,climb_cruise,438.0,438.0,35011.6,486,1.84,3.55,353.03,0.92,15.0,125.0,0,0,-0.69,1.20,0.04,0.229,0.591,0.110,1.000,0.100,0.100,0.100,1,19.5,101.9,762,804,1,0,1,0,316,1216,116,0
10.36,climb_cruise,437.9,437.9,35011.8,482,1.83,3.57,353.03,0.91,15.0,125.0,0,0,-0.69,1.19,0.04,0.231,0.591,0.110,1.000,0.100,0.100,0.100,1,19.5,101.9,762,804,1,0,1,0,316,1216,114,0
10.38,climb_cruise,437.9,437.9,35011.9,477,1.81,3.60,353.03,0.90,15.0,125.0,0,0,-0.69,1.19,0.04,0.232,0.590,0.110,1.000,0.100,0.100,0.100,1,19.4,101.9,762,804,1,0,1,0,316,1216,114,0
10.40,climb_cruise,437.9,437.9,35012.1,473,1.80,3.62,353.03,0.89,15.0,125.0,0,0,-0.69,1.18,0.05,0.233,0.590,0.110,1.000,0.100,0.100,0.100,1,19.4,101.9,762,804,1,0,1,0,316,1216,115,0
10.42,climb_cruise,437.9,437.9,35012.2,468,1.79,3.65,353.03,0.89,15.0,125.0,0,0,-0.69,1.18,0.05,0.235,0.590,0.110,1.000,0.100,0.100,0.100,1,19.4,101.9,762,804,1,0,1,0,316,1216,114,0
10.44,climb_cruise,437.9,437.9,35012.4,463,1.77,3.67,353.03,0.88,15.0,125.0,0,0,-0.69,1.17,0.05,0.236,0.590,0.111,1.000,0.100,0.100,0.100,1,19.3,101.9,762,804,1,0,1,0,316,1216,115,0
10.46,climb_cruise,437.8,437.8,35012.6,458,1.76,3.69,353.03,0.87,15.0,125.0,0,0,-0.69,1.17,0.05,0.237,0.590,0.111,1.000,0.100,0.100,0.100,1,19.3,101.9,762,804,1,0,1,0,316,1216,116,0
10.48,climb_cruise,437.8,437.8,35012.7,453,1.75,3.72,353.03,0.86,15.0,125.0,0,0,-0.69,1.16,0.05,0.239,0.589,0.111,1.000,0.100,0.100,0.100,1,19.2,101.9,762,804,1,0,1,0,316,1216,115,0
10.50,climb_cruise,437.8,437.8,35012.9,448,1.73,3.74,353.03,0.85,15.0,125.0,0,0,-0.69,1.16,0.05,0.240,0.589,0.111,1.000,0.100,0.100,0.100,1,19.2,101.9,762,804,1,0,1,0,316,1216,115,0
10.52,climb_cruise,437.8,437.8,35013.0,443,1.72,3.76,353.03,0.84,15.0,125.0,0,0,-0.69,1.15,0.05,0.241,0.589,0.111,1.000,0.100,0.100,0.100,1,19.2,101.9,762,804,1,0,1,0,316,1216,115,0
10.54,climb_cruise,437.7,437.7,35013.2,438,1.70,3.78,353.03,0.83,15.0,125.0,0,0,-0.69,1.15,0.05,0.242,0.589,0.111,1.000,0.100,0.100,0.100,1,19.1,101.9,762,804,1,0,1,0,316,1216,115,0
10.56,climb_cruise,437.7,437.7,35013.3,433,1.69,3.81,353.03,0.82,15.0,125.0,0,0,-0.69,1.14,0.05,0.244,0.589,0.112,1.000,0.100,0.100,0.100,1,19.1,101.9,762,804,1,0,1,0,316,1216,116,0
10.58,climb_cruise,437.7,437.7,35013.4,428,1.68,3.83,353.03,0.81,15.0,125.0,0,0,-0.69,1.14,0.05,0.245,0.589,0.112,1.000,0.100,0.100,0.100,1,19.1,101.9,762,804,1,0,1,0,316,1216,116,0
10.60,climb_cruise,437.7,437.7,35013.6,423,1.66,3.85,353.03,0.80,15.0,125.0,0,0,-0.69,1.13,0.05,0.246,0.588,0.112,1.000,0.100,0.100,0.100,1,19.0,101.9,762,804,1,0,1,0,316,1216,115,0
10.62,climb_cruise,437.7,437.7,35013.7,418,1.65,3.88,353.03,0.79,15.0,125.0,0,0,-0.69,1.13,0.05,0.247,0.588,0.112,1.000,0.100,0.100,0.100,1,19.0,101.9,762,804,1,0,1,0,316,1216,115,0
10.64,climb_cruise,437.6,437.6,35013.9,412,1.63,3.90,353.03,0.78,15.0,125.0,0,0,-0.69,1.12,0.06,0.248,0.588,0.112,1.000,0.100,0.100,0.100,1,18.9,101.9,762,804,1,0,1,0,316,1216,116,0
10.66,climb_cruise,437.6,437.6,35014.0,407,1.62,3.92,353.03,0.77,15.0,125.0,0,0,-0.69,1.12,0.06,0.249,0.588,0.112,1.000,0.100,0.100,0.100,1,18.9,101.9,762,804,1,0,1,0,316,1216,114,0
10.68,climb_cruise,437.6,437.6,35014.1,401,1.61,3.94,353.03,0.77,15.0,125.0,0,0,-0.69,1.12,0.06,0.250,0.588,0.113,1.000,0.100,0.100,0.100,1,18.9,101.9,762,804,1,0,1,0,316,1216,115,0
10.70,climb_cruise,437.6,437.6,35014.3,396,1.59,3.97,353.03,0.76,15.0,125.0,0,0,-0.69,1.13,0.06,0.251,0.587,0.113,1.000,0.100,0.100,0.100,1,18.8,101.9,762,804,1,0,1,0,316,1216,115,0
10.72,climb_cruise,437.6,437.6,35014.4,390,1.58,3.99,353.03,0.75,15.0,125.0,0,0,-0.69,1.13,0.06,0.252,0.587,0.113,1.000,0.100,0.100,0.100,1,18.8,101.9,762,804,1,0,1,0,316,1216,115,0
10.74,climb_cruise,437.5,437.5,35014.5,385,1.57,4.01,353.03,0.74,15.0,125.0,0,0,-0.69,1.12,0.06,0.253,0.587,0.113,1.000,0.100,0.100,0.100,1,18.7,101.9,762,804,1,0,1,0,316,1216,115,0
10.76,climb_cruise,437.5,437.5,35014.7,379,1.55,4.03,353.03,0.73,15.0,125.0,0,0,-0.69,1.12,0.06,0.254,0.587,0.113,1.000,0.100,0.100,0.100,1,18.7,101.9,762,804,1,0,1,0,316,1216,115,0
10.78,climb_cruise,437.5,437.5,35014.8,373,1.54,4.06,353.03,0.72,15.0,125.0,0,0,-0.68,1.11,0.06,0.255,0.587,0.113,1.000,0.100,0.100,0.100,1,18.7,101.9,762,804,1,0,1,0,316,1216,114,0
10.80,climb_cruise,437.5,437.5,35014.9,368,1.52,4.08,353.03,0.72,15.0,125.0,0,0,-0.68,1.11,0.06,0.255,0.587,0.114,1.000,0.100,0.100,0.100,1,18.6,101.9,762,804,1,0,1,0,316,1216,116,0
10.82,climb_cruise,437.5,437.5,35015.0,362,1.51,4.10,353.03,0.71,15.0,125.0,0,0,-0.68,1.11,0.06,0.256,0.586,0.114,1.000,0.100,0.100,0.100,1,18.6,101.9,762,804,1,0,1,0,316,1216,115,0
10.84,climb_cruise,437.4,437.4,35015.2,356,1.50,4.12,353.03,0.70,15.0,125.0,0,0,-0.68,1.10,0.06,0.257,0.586,0.114,1.000,0.100,0.100,0.100,1,18.6,101.9,762,804,1,0,1,0,316,1216,115,0
10.86,climb_cruise,437.4,437.4,35015.3,350,1.48,4.14,353.03,0.69,15.0,125.0,0,0,-0.68,1.10,0.07,0.258,0.586,0.114,1.000,0.100,0.100,0.100,1,18.5,101.9,762,804,1,0,1,0,316,1216,114,0
10.88,climb_cruise,437.4,437.4,35015.4,344,1.47,4.17,353.03,0.68,15.0,125.0,0,0,-0.68,1.09,0.07,0.258,0.586,0.114,1.000,0.100,0.100,0.100,1,18.5,101.9,762,804,1,0,1,0,316,1216,115,0
10.90,climb_cruise,437.4,437.4,35015.5,338,1.46,4.19,353.03,0.68,15.0,125.0,0,0,-0.68,1.09,0.07,0.259,0.586,0.114,1.000,0.100,0.100,0.100,1,18.5,101.9,762,804,1,0,1,0,316,1216,116,0
10.92,climb_cruise,437.4,437.4,35015.6,332,1.44,4.21,353.03,0.67,15.0,125.0,0,0,-0.67,1.08,0.07,0.260,0.585,0.114,1.000,0.100,0.100,0.100,1,18.4,101.9,762,804,1,0,1,0,316,1216,114,0
10.94,climb_cruise,437.3,437.3,35015.7,326,1.43,4.23,353.03,0.66,15.0,125.0,0,0,-0.67,1.08,0.07,0.260,0.585,0.115,1.000,0.100,0.100,0.100,1,18.4,101.9,762,804,1,0,1,0,316,1216,115,0
10.96,climb_cruise,437.3,437.3,35015.8,320,1.41,4.25,353.03,0.65,15.0,125.0,0,0,-0.67,1.08,0.07,0.261,0.585,0.115,1.000,0.100,0.100,0.100,1,18.3,101.9,762,804,1,0,1,0,316,1216,115,0
10.98,climb_cruise,437.3,437.3,35015.9,314,1.40,4.27,353.03,0.65,15.0,125.0,0,0,-0.67,1.07,0.07,0.262,0.585,0.115,1.000,0.100,0.100,0.100,1,18.3,101.9,762,804,1,0,1,0,316,1216,115,0
11.00,climb_cruise,437.3,437.3,35016.0,308,1.39,4.30,353.03,0.64,15.0,125.0,0,0,-0.67,1.07,0.07,0.262,0.585,0.115,1.000,0.100,0.100,0.100,1,18.3,101.9,762,804,1,0,1,0,316,1216,115,0
11.02,climb_cruise,437.3,437.3,35016.1,301,1.37,4.32,353.03,0.63,15.0,125.0,0,0,-0.66,1.06,0.07,0.263,0.585,0.115,1.000,0.100,0.100,0.100,1,18.2,101.9,762,804,1,0,1,0,316,1216,115,0
11.04,climb_cruise,437.2,437.2,35016.2,295,1.36,4.34,353.03,0.63,15.0,125.0,0,0,-0.66,1.06,0.07,0.263,0.584,0.115,1.000,0.100,0.100,0.100,1,18.2,101.9,762,804,1,0,1,0,316,1216,116,0
11.06,climb_cruise,437.2,437.2,35016.3,289,1.35,4.36,353.03,0.62,15.0,125.0,0,0,-0.66,1.06,0.07,0.263,0.584,0.116,1.000,0.100,0.100,0.100,1,18.2,102.0,762,804,1,0,1,0,316,1216,116,0
11.08,climb_cruise,437.2,437.2,35016.4,282,1.33,4.38,353.03,0.61,15.0,125.0,0,0,-0.66,1.05,0.08,0.264,0.584,0.116,1.000,0.100,0.100,0.100,1,18.1,102.0,762,804,1,0,1,0,316,1216,116,0
11.10,climb_cruise,437.2,437.2,35016.5,276,1.32,4.40,353.03,0.60,15.0,125.0,0,0,-0.66,1.05,0.08,0.264,0.584,0.116,1.000,0.100,0.100,0.100,1,18.1,102.0,762,804,1,0,1,0,316,1216,116,0
11.12,climb_cruise,437.2,437.2,35016.6,270,1.31,4.42,353.04,0.60,15.0,125.0,0,0,-0.65,1.04,0.08,0.265,0.584,0.116,1.000,0.100,0.100,0.100,1,18.0,102.0,762,804,1,0,1,0,316,1216,114,0
11.14,climb_cruise,437.2,437.2,35016.7,263,1.29,4.44,353.04,0.59,15.0,125.0,0,0,-0.65,1.04,0.08,0.265,0.583,0.116,1.000,0.100,0.100,0.100,1,18.0,102.0,762,804,1,0,1,0,316,1216,116,0
11.16,climb_cruise,437.1,437.1,35016.8,257,1.28,4.46,353.04,0.59,15.0,125.0,0,0,-0.65,1.03,0.08,0.265,0.583,0.116,1.000,0.100,0.100,0.100,1,18.0,102.0,762,804,1,0,1,0,316,1216,115,0
11.18,climb_cruise,437.1,437.1,35016.9,250,1.27,4.48,353.04,0.58,15.0,125.0,0,0,-0.64,1.03,0.08,0.265,0.583,0.117,1.000,0.100,0.100,0.100,1,17.9,102.0,762,804,1,0,1,0,316,1216,115,0
11.20,climb_cruise,437.1,437.1,35017.0,243,1.26,4.50,353.04,0.57,15.0,125.0,0,0,-0.64,1.03,0.08,0.266,0.583,0.117,1.000,0.100,0.100,0.100,1,17.9,102.0,762,804,1,0,1,0,316,1216,115,0
11.22,climb_cruise,437.1,437.1,35017.1,237,1.24,4.53,353.04,0.57,15.0,125.0,0,0,-0.64,1.02,0.08,0.266,0.583,0.117,1.000,0.100,0.100,0.100,1,17.9,102.0,762,804,1,0,1,0,316,1216,115,0
11.24,climb_cruise,437.1,437.1,35017.1,230,1.23,4.55,353.04,0.56,15.0,125.0,0,0,-0.64,1.02,0.08,0.266,0.582,0.117,1.000,0.100,0.100,0.100,1,17.8,102.0,762,804,1,0,1,0,316,1216,115,0
11.26,climb_cruise,437.0,437.0,35017.2,223,1.22,4.57,353.04,0.56,15.0,125.0,0,0,-0.63,1.01,0.08,0.266,0.582,0.117,1.000,0.100,0.100,0.100,1,17.8,102.0,762,804,1,0,1,0,316,1216,115,0
11.28,climb_cruise,437.0,437.0,35017.3,216,1.20,4.59,353.04,0.55,15.0,125.0,0,0,-0.63,1.01,0.08,0.266,0.582,0.117,1.000,0.100,0.100,0.100,1,17.8,102.0,762,804,1,0,1,0,316,1216,116,0
11.30,climb_cruise,437.0,437.0,35017.4,210,1.19,4.61,353.04,0.54,15.0,125.0,0,0,-0.63,1.01,0.09,0.266,0.582,0.118,1.000,0.100,0.100,0.100,1,17.7,102.0,762,804,1,0,1,0,316,1216,116,0
11.32,climb_cruise,437.0,437.0,35017.4,203,1.18,4.63,353.04,0.54,15.0,125.0,0,0,-0.62,1.00,0.09,0.266,0.582,0.118,1.000,0.100,0.100,0.100,1,17.7,102.0,762,804,1,0,1,0,316,1216,114,0
11.34,climb_cruise,437.0,437.0,35017.5,196,1.17,4.65,353.04,0.53,15.0,125.0,0,0,-0.62,1.00,0.09,0.266,0.582,0.118,1.000,0.100,0.100,0.100,1,17.7,102.0,762,804,1,0,1,0,316,1216,116,0
11.36,climb_cruise,437.0,437.0,35017.6,189,1.15,4.67,353.04,0.53,15.0,125.0,0,0,-0.62,0.99,0.09,0.266,0.581,0.118,1.000,0.100,0.100,0.100,1,17.6,102.0,762,804,1,0,1,0,316,1216,116,0
11.38,climb_cruise,436.9,436.9,35017.6,182,1.14,4.69,353.04,0.52,15.0,125.0,0,0,-0.61,0.99,0.09,0.266,0.581,0.118,1.000,0.100,0.100,0.100,1,17.6,102.0,762,804,1,0,1,0,316,1216,115,0
11.40,climb_cruise,436.9,436.9,35017.7,175,1.13,4.71,353.04,0.52,15.0,125.0,0,0,-0.61,0.99,0.09,0.266,0.581,0.118,1.000,0.100,0.100,0.100,1,17.6,102.0,762,804,1,0,1,0,316,1216,114,0
11.42,climb_cruise,436.9,436.9,35017.7,168,1.12,4.73,353.05,0.51,15.0,125.0,0,0,-0.61,0.98,0.09,0.266,0.581,0.119,1.000,0.100,0.100,0.100,1,17.5,102.0,762,804,1,0,1,0,316,1216,115,0
11.44,climb_cruise,436.9,436.9,35017.8,161,1.10,4.75,353.05,0.51,15.0,125.0,0,0,-0.60,0.98,0.09,0.266,0.581,0.119,1.000,0.100,0.100,0.100,1,17.5,102.0,762,804,1,0,1,0,316,1216,116,0
11.46,climb_cruise,436.9,436.9,35017.8,154,1.09,4.77,353.05,0.50,15.0,125.0,0,0,-0.60,0.97,0.09,0.265,0.580,0.119,1.000,0.100,0.100,0.100,1,17.4,102.0,762,804,1,0,1,0,316,1216,115,0
11.48,climb_cruise,436.9,436.9,35017.9,147,1.08,4.78,353.05,0.50,15.0,125.0,0,0,-0.59,0.97,0.09,0.265,0.580,0.119,1.000,0.100,0.100,0.100,1,17.4,102.0,762,804,1,0,1,0,316,1216,115,0
11.50,climb_cruise,436.8,436.8,35017.9,140,1.07,4.80,353.05,0.50,15.0,125.0,0,0,-0.59,0.96,0.09,0.265,0.580,0.119,1.000,0.100,0.100,0.100,1,17.4,102.0,762,804,1,0,1,0,316,1216,115,0
11.52,climb_cruise,436.8,436.8,35018.0,133,1.06,4.82,353.05,0.49,15.0,125.0,0,0,-0.59,0.96,0.10,0.265,0.580,0.119,1.000,0.100,0.100,0.100,1,17.3,102.0,762,804,1,0,1,0,316,1216,115,0
11.54,climb_cruise,436.8,436.8,35018.0,126,1.04,4.84,353.05,0.49,15.0,125.0,0,0,-0.58,0.96,0.10,0.264,0.580,0.119,1.000,0.100,0.100,0.100,1,17.3,102.0,762,804,1,0,1,0,316,1216,116,0
11.56,climb_cruise,436.8,436.8,35018.1,118,1.03,4.86,353.05,0.48,15.0,125.0,0,0,-0.58,0.95,0.10,0.264,0.579,0.120,1.000,0.100,0.100,0.100,1,17.3,102.0,762,804,1,0,1,0,316,1216,116,0
11.58,climb_cruise,436.8,436.8,35018.1,111,1.02,4.88,353.05,0.48,15.0,125.0,0,0,-0.57,0.95,0.10,0.264,0.579,0.120,1.000,0.100,0.100,0.100,1,17.2,102.0,762,804,1,0,1,0,316,1216,115,0
11.60,climb_cruise,436.7,436.7,35018.1,104,1.01,4.90,353.05,0.48,15.0,125.0,0,0,-0.57,0.94,0.10,0.263,0.579,0.120,1.000,0.100,0.100,0.100,1,17.2,102.0,762,804,1,0,1,0,316,1216,116,0
11.62,climb_cruise,436.7,436.7,35018.2,97,1.00,4.92,353.05,0.47,15.0,125.0,0,0,-0.56,0.94,0.10,0.263,0.579,0.120,1.000,0.100,0.100,0.100,1,17.2,102.0,762,804,1,0,1,0,316,1216,114,0
11.64,climb_cruise,436.7,436.7,35018.2,89,0.99,4.94,353.06,0.47,15.0,125.0,0,0,-0.56,0.94,0.10,0.262,0.579,0.120,1.000,0.100,0.100,0.100,1,17.1,102.0,762,804,1,0,1,0,316,1216,116,0
11.66,climb_cruise,436.7,436.7,35018.2,82,0.98,4.96,353.06,0.47,15.0,125.0,0,0,-0.56,0.93,0.10,0.262,0.579,0.120,1.000,0.100,0.100,0.100,1,17.1,102.0,762,804,1,0,1,0,316,1216,115,0
11.68,climb_cruise,436.7,436.7,35018.3,75,0.96,4.97,353.06,0.46,15.0,125.0,0,0,-0.55,0.93,0.10,0.261,0.578,0.121,1.000,0.100,0.100,0.100,1,17.1,102.0,762,804,1,0,1,0,316,1216,115,0
11.70,climb_cruise,436.7,436.7,35018.3,67,0.95,4.99,353.06,0.46,15.0,125.0,0,0,-0.55,0.93,0.10,0.260,0.578,0.121,1.000,0.100,0.100,0.100,1,17.0,102.0,762,804,1,0,1,0,316,1216,116,0
11.72,climb_cruise,436.6,436.6,35018.3,60,0.94,5.01,353.06,0.46,15.0,125.0,0,0,-0.54,0.92,0.10,0.260,0.578,0.121,1.000,0.100,0.100,0.100,1,17.0,102.0,762,804,1,0,1,0,316,1216,114,0
11.74,climb_cruise,436.6,436.6,35018.3,53,0.93,5.03,353.06,0.45,15.0,125.0,0,0,-0.54,0.92,0.10,0.259,0.578,0.121,1.000,0.100,0.100,0.100,1,17.0,102.0,762,804,1,0,1,0,316,1216,115,0
11.76,climb_cruise,436.6,436.6,35018.3,45,0.92,5.05,353.06,0.45,15.0,125.0,0,0,-0.53,0.91,0.11,0.258,0.578,0.121,1.000,0.100,0.100,0.100,1,16.9,102.0,762,804,1,0,1,0,316,1216,115,0
11.78,climb_cruise,436.6,436.6,35018.4,38,0.91,5.07,353.06,0.45,15.0,125.0,0,0,-0.53,0.91,0.11,0.258,0.577,0.121,1.000,0.100,0.100,0.100,1,16.9,102.0,762,804,1,0,1,0,316,1216,115,0
11.80,climb_cruise,436.6,436.6,35018.4,30,0.90,5.08,353.06,0.45,15.0,125.0,0,0,-0.52,0.91,0.11,0.257,0.577,0.122,1.000,0.100,0.100,0.100,1,16.9,102.0,762,804,1,0,1,0,316,1216,115,0
11.82,climb_cruise,436.6,436.6,35018.4,23,0.89,5.10,353.07,0.44,15.0,125.0,0,0,-0.52,0.90,0.11,0.256,0.577,0.122,1.000,0.100,0.100,0.100,1,16.8,102.0,762,804,1,0,1,0,316,1216,115,0
11.84,climb_cruise,436.6,436.6,35018.4,15,0.88,5.12,353.07,0.44,15.0,125.0,0,0,-0.51,0.90,0.11,0.255,0.577,0.122,1.000,0.100,0.100,0.100,1,16.8,102.0,762,804,1,0,1,0,316,1216,115,0
11.86,climb_cruise,436.5,436.5,35018.4,8,0.87,5.14,353.07,0.44,15.0,125.0,0,0,-0.51,0.89,0.11,0.255,0.577,0.122,1.000,0.100,0.100,0.100,1,16.8,102.0,762,804,1,0,1,0,316,1216,115,0
11.88,climb_cruise,436.5,436.5,35018.4,0,0.86,5.16,353.07,0.44,15.0,125.0,0,0,-0.50,0.89,0.11,0.254,0.576,0.122,1.000,0.100,0.100,0.100,1,16.7,102.0,762,804,1,0,1,0,316,1216,116,0
11.90,climb_cruise,436.5,436.5,35018.4,-7,0.85,5.17,353.07,0.44,15.0,125.0,0,0,-0.49,0.89,0.11,0.253,0.576,0.122,1.000,0.100,0.100,0.100,1,16.7,102.0,762,804,1,0,1,0,316,1216,115,0
11.92,climb_cruise,436.5,436.5,35018.4,-15,0.84,5.19,353.07,0.43,15.0,125.0,0,0,-0.49,0.88,0.11,0.252,0.576,0.123,1.000,0.100,0.100,0.100,1,16.7,102.0,762,804,1,0,1,0,316,1216,114,0
11.94,climb_cruise,436.5,436.5,35018.4,-22,0.83,5.21,353.07,0.43,15.0,125.0,0,0,-0.48,0.88,0.11,0.251,0.576,0.123,1.000,0.100,0.100,0.100,1,16.6,102.0,762,804,1,0,1,0,316,1216,114,0
11.96,climb_cruise,436.5,436.5,35018.4,-30,0.82,5.23,353.07,0.43,15.0,125.0,0,0,-0.48,0.87,0.11,0.250,0.576,0.123,1.000,0.100,0.100,0.100,1,16.6,102.0,762,804,1,0,1,0,316,1216,114,0
11.98,climb_cruise,436.4,436.4,35018.4,-37,0.81,5.24,353.08,0.43,15.0,125.0,0,0,-0.47,0.87,0.11,0.249,0.576,0.123,1.000,0.100,0.100,0.100,1,16.6,102.0,762,804,1,0,1,0,316,1216,116,0
12.00,climb_cruise,436.4,436.4,35018.4,-45,0.80,5.26,353.08,0.43,15.0,125.0,0,0,-0.47,0.87,0.12,0.248,0.575,0.123,1.000,0.100,0.100,0.100,1,16.5,102.0,762,804,1,0,1,0,316,1216,114,0
12.02,climb_cruise,436.4,436.4,35018.3,-53,0.79,5.28,353.08,0.43,15.0,125.0,0,0,-0.46,0.86,0.12,0.247,0.575,0.123,1.000,0.100,0.100,0.100,1,16.5,102.0,762,804,1,0,1,0,316,1216,115,0
12.04,climb_cruise,436.4,436.4,35018.3,-60,0.78,5.30,353.08,0.43,15.0,125.0,0,0,-0.45,0.86,0.12,0.246,0.575,0.123,1.000,0.100,0.100,0.100,1,16.5,102.0,762,804,1,0,1,0,316,1216,114,0
12.06,climb_cruise,436.4,436.4,35018.3,-68,0.77,5.31,353.08,0.43,15.0,125.0,0,0,-0.45,0.85,0.12,0.244,0.575,0.124,1.000,0.100,0.100,0.100,1,16.4,102.0,762,804,1,0,1,0,316,1216,116,0
12.08,climb_cruise,436.4,436.4,35018.3,-76,0.76,5.33,353.08,0.43,15.0,125.0,0,0,-0.44,0.85,0.12,0.243,0.575,0.124,1.000,0.100,0.100,0.100,1,16.4,102.0,762,804,1,0,1,0,316,1216,114,0
12.10,climb_cruise,436.4,436.4,35018.2,-83,0.75,5.35,353.08,0.43,15.0,125.0,0,0,-0.44,0.85,0.12,0.242,0.574,0.124,1.000,0.100,0.100,0.100,1,16.4,102.0,762,804,1,0,1,0,316,1216,115,0
12.12,climb_cruise,436.3,436.3,35018.2,-91,0.74,5.36,353.09,0.43,15.0,125.0,0,0,-0.43,0.84,0.12,0.241,0.574,0.124,1.000,0.100,0.100,0.100,1,16.3,102.0,762,804,1,0,1,0,316,1216,116,0
12.14,climb_cruise,436.3,436.3,35018.2,-98,0.74,5.38,353.09,0.43,15.0,125.0,0,0,-0.42,0.84,0.12,0.239,0.574,0.124,1.000,0.100,0.100,0.100,1,16.3,102.0,762,804,1,0,1,0,316,1216,116,0
12.16,climb_cruise,436.3,436.3,35018.2,-106,0.73,5.40,353.09,0.43,15.0,125.0,0,0,-0.42,0.84,0.12,0.238,0.574,0.124,1.000,0.100,0.100,0.100,1,16.3,102.0,762,804,1,0,1,0,316,1216,115,0
12.18,climb_cruise,436.3,436.3,35018.1,-114,0.72,5.42,353.09,0.43,15.0,125.0,0,0,-0.41,0.83,0.12,0.237,0.574,0.125,1.000,0.100,0.100,0.100,1,16.2,102.0,762,804,1,0,1,0,316,1216,115,0
12.20,climb_cruise,436.3,436.3,35018.1,-121,0.71,5.43,353.09,0.43,15.0,125.0,0,0,-0.40,0.83,0.12,0.235,0.573,0.125,1.000,0.100,0.100,0.100,1,16.2,102.0,762,804,1,0,1,0,316,1216,116,0
12.22,climb_cruise,436.3,436.3,35018.0,-129,0.70,5.45,353.09,0.43,15.0,125.0,0,0,-0.40,0.82,0.12,0.234,0.573,0.125,1.000,0.100,0.100,0.100,1,16.2,102.0,762,804,1,0,1,0,316,1216,115,0
12.24,climb_cruise,436.2,436.2,35018.0,-137,0.69,5.46,353.10,0.43,15.0,125.0,0,0,-0.39,0.82,0.13,0.233,0.573,0.125,1.000,0.100,0.100,0.100,1,16.1,102.0,762,804,1,0,1,0,316,1216,114,0
12.26,climb_cruise,436.2,436.2,35017.9,-144,0.69,5.48,353.10,0.43,15.0,125.0,0,0,-0.38,0.82,0.13,0.231,0.573,0.125,1.000,0.100,0.100,0.100,1,16.1,102.0,762,804,1,0,1,0,316,1216,115,0
12.28,climb_cruise,436.2,436.2,35017.9,-152,0.68,5.50,353.10,0.43,15.0,125.0,0,0,-0.38,0.81,0.13,0.230,0.573,0.125,1.000,0.100,0.100,0.100,1,16.1,102.0,762,804,1,0,1,0,316,1216,115,0
12.30,climb_cruise,436.2,436.2,35017.8,-160,0.67,5.51,353.10,0.43,15.0,125.0,0,0,-0.37,0.81,0.13,0.228,0.572,0.126,1.000,0.100,0.100,0.100,1,16.0,102.0,762,804,1,0,1,0,316,1216,115,0
12.32,climb_cruise,436.2,436.2,35017.8,-167,0.66,5.53,353.10,0.43,15.0,125.0,0,0,-0.36,0.81,0.13,0.227,0.572,0.126,1.000,0.100,0.100,0.100,1,16.0,102.0,762,804,1,0,1,0,316,1216,116,0
12.34,climb_cruise,436.2,436.2,35017.7,-175,0.65,5.55,353.11,0.43,15.0,125.0,0,0,-0.36,0.80,0.13,0.225,0.572,0.126,1.000,0.100,0.100,0.100,1,16.0,102.0,762,804,1,0,1,0,316,1216,116,0
12.36,climb_cruise,436.2,436.2,35017.7,-183,0.65,5.56,353.11,0.43,15.0,125.0,0,0,-0.35,0.80,0.13,0.223,0.572,0.126,1.000,0.100,0.100,0.100,1,15.9,102.0,762,804,1,0,1,0,316,1216,115,0
12.38,climb_cruise,436.1,436.1,35017.6,-190,0.64,5.58,353.11,0.43,15.0,125.0,0,0,-0.34,0.79,0.13,0.222,0.572,0.126,1.000,0.100,0.100,0.100,1,15.9,102.0,762,804,1,0,1,0,316,1216,116,0
12.40,climb_cruise,436.1,436.1,35017.5,-198,0.63,5.59,353.11,0.44,15.0,125.0,0,0,-0.33,0.79,0.13,0.220,0.571,0.126,1.000,0.100,0.100,0.100,1,15.9,102.0,762,804,1,0,1,0,316,1216,115,0
12.42,climb_cruise,436.1,436.1,35017.5,-206,0.63,5.61,353.11,0.44,15.0,125.0,0,0,-0.33,0.79,0.13,0.218,0.571,0.127,1.000,0.100,0.100,0.100,1,15.8,102.0,762,804,1,0,1,0,316,1216,115,0
12.44,climb_cruise,436.1,436.1,35017.4,-213,0.62,5.63,353.12,0.44,15.0,125.0,0,0,-0.32,0.78,0.13,0.217,0.571,0.127,1.000,0.100,0.100,0.100,1,15.8,102.0,762,804,1,0,1,0,316,1216,114,0
12.46,climb_cruise,436.1,436.1,35017.3,-221,0.61,5.64,353.12,0.44,15.0,125.0,0,0,-0.31,0.78,0.13,0.215,0.571,0.127,1.000,0.100,0.100,0.100,1,15.8,102.0,762,804,1,0,1,0,316,1216,115,0
12.48,climb_cruise,436.1,436.1,35017.3,-229,0.61,5.66,353.12,0.44,15.0,125.0,0,0,-0.31,0.77,0.14,0.213,0.571,0.127,1.000,0.100,0.100,0.100,1,15.8,102.0,762,804,1,0,1,0,316,1216,114,0
12.50,climb_cruise,436.1,436.1,35017.2,-236,0.60,5.67,353.12,0.45,15.0,125.0,0,0,-0.30,0.77,0.14,0.211,0.571,0.127,1.000,0.100,0.100,0.100,1,15.7,102.0,762,804,1,0,1,0,316,1216,115,0
12.52,climb_cruise,436.1,436.1,35017.1,-244,0.59,5.69,353.12,0.45,15.0,125.0,0,0,-0.29,0.77,0.14,0.209,0.570,0.127,1.000,0.100,0.100,0.100,1,15.7,102.0,762,804,1,0,1,0,316,1216,114,0
12.54,climb_cruise,436.0,436.0,35017.0,-251,0.59,5.70,353.13,0.45,15.0,125.0,0,0,-0.28,0.76,0.14,0.207,0.570,0.127,1.000,0.100,0.100,0.100,1,15.7,102.0,762,804,1,0,1,0,316,1216,114,0
12.56,climb_cruise,436.0,436.0,35016.9,-259,0.58,5.72,353.13,0.46,15.0,125.0,0,0,-0.28,0.76,0.14,0.206,0.570,0.128,1.000,0.100,0.100,0.100,1,15.6,102.0,762,804,1,0,1,0,316,1216,114,0
12.58,climb_cruise,436.0,436.0,35016.9,-267,0.58,5.73,353.13,0.46,15.0,125.0,0,0,-0.27,0.76,0.14,0.204,0.570,0.128,1.000,0.100,0.100,0.100,1,15.6,102.0,762,804,1,0,1,0,316,1216,115,0
12.60,climb_cruise,436.0,436.0,35016.8,-274,0.57,5.75,353.13,0.46,15.0,125.0,0,0,-0.26,0.75,0.14,0.202,0.570,0.128,1.000,0.100,0.100,0.100,1,15.6,102.0,762,804,1,0,1,0,316,1216,115,0
12.62,climb_cruise,436.0,436.0,35016.7,-282,0.57,5.76,353.14,0.46,15.0,125.0,0,0,-0.25,0.75,0.14,0.200,0.569,0.128,1.000,0.100,0.100,0.100,1,15.5,102.0,762,804,1,0,1,0,316,1216,114,0
12.64,climb_cruise,436.0,436.0,35016.6,-289,0.56,5.78,353.14,0.47,15.0,125.0,0,0,-0.25,0.74,0.14,0.198,0.569,0.128,1.000,0.100,0.100,0.100,1,15.5,102.0,762,804,1,0,1,0,316,1216,115,0
12.66,climb_cruise,436.0,436.0,35016.5,-297,0.56,5.79,353.14,0.47,15.0,125.0,0,0,-0.24,0.74,0.14,0.196,0.569,0.128,1.000,0.100,0.100,0.100,1,15.5,102.0,762,804,1,0,1,0,316,1216,114,0
12.68,climb_cruise,435.9,435.9,35016.4,-304,0.55,5.81,353.14,0.48,15.0,125.0,0,0,-0.23,0.74,0.14,0.194,0.569,0.129,1.000,0.100,0.100,0.100,1,15.4,102.0,762,804,1,0,1,0,316,1216,114,0
12.70,climb_cruise,435.9,435.9,35016.3,-312,0.55,5.82,353.14,0.48,15.0,125.0,0,0,-0.22,0.73,0.14,0.191,0.569,0.129,1.000,0.100,0.100,0.100,1,15.4,102.0,762,804,1,0,1,0,316,1216,115,0
12.72,climb_cruise,435.9,435.9,35016.2,-319,0.54,5.84,353.15,0.48,15.0,125.0,0,0,-0.21,0.73,0.14,0.189,0.568,0.129,1.000,0.100,0.100,0.100,1,15.4,102.0,762,804,1,0,1,0,316,1216,114,0
12.74,climb_cruise,435.9,435.9,35016.1,-327,0.54,5.85,353.15,0.49,15.0,125.0,0,0,-0.21,0.73,0.15,0.187,0.568,0.129,1.000,0.100,0.100,0.100,1,15.3,102.0,762,804,1,0,1,0,316,1216,116,0
12.76,climb_cruise,435.9,435.9,35016.0,-334,0.53,5.87,353.15,0.49,15.0,125.0,0,0,-0.20,0.72,0.15,0.185,0.568,0.129,1.000,0.100,0.100,0.100,1,15.3,102.0,762,804,1,0,1,0,316,1216,116,0
12.78,climb_cruise,435.9,435.9,35015.8,-341,0.53,5.88,353.15,0.50,15.0,125.0,0,0,-0.19,0.72,0.15,0.183,0.568,0.129,1.000,0.100,0.100,0.100,1,15.3,102.0,762,804,1,0,1,0,316,1216,115,0
12.80,climb_cruise,435.9,435.9,35015.7,-349,0.52,5.90,353.16,0.50,15.0,125.0,0,0,-0.18,0.71,0.15,0.181,0.568,0.130,1.000,0.100,0.100,0.100,1,15.3,102.0,762,804,1,0,1,0,316,1216,114,0
12.82,climb_cruise,435.9,435.9,35015.6,-356,0.52,5.91,353.16,0.50,15.0,125.0,0,0,-0.17,0.71,0.15,0.178,0.567,0.130,1.000,0.100,0.100,0.100,1,15.2,102.0,762,804,1,0,1,0,316,1216,116,0
12.84,climb_cruise,435.8,435.8,35015.5,-364,0.52,5.92,353.16,0.51,15.0,125.0,0,0,-0.17,0.71,0.15,0.176,0.567,0.130,1.000,0.100,0.100,0.100,1,15.2,102.0,762,804,1,0,1,0,316,1216,116,0
12.86,climb_cruise,435.8,435.8,35015.4,-371,0.51,5.94,353.16,0.51,15.0,125.0,0,0,-0.16,0.70,0.15,0.174,0.567,0.130,1.000,0.100,0.100,0.100,1,15.2,102.0,762,804,1,0,1,0,316,1216,115,0
12.88,climb_cruise,435.8,435.8,35015.2,-378,0.51,5.95,353.17,0.52,15.0,125.0,0,0,-0.15,0.70,0.15,0.171,0.567,0.130,1.000,0.100,0.100,0.100,1,15.1,102.0,762,804,1,0,1,0,316,1216,115,0
12.90,climb_cruise,435.8,435.8,35015.1,-385,0.51,5.97,353.17,0.52,15.0,125.0,0,0,-0.14,0.70,0.15,0.169,0.567,0.130,1.000,0.100,0.100,0.100,1,15.1,102.0,762,804,1,0,1,0,316,1216,114,0
12.92,climb_cruise,435.8,435.8,35015.0,-393,0.50,5.98,353.17,0.53,15.0,125.0,0,0,-0.13,0.69,0.15,0.167,0.566,0.131,1.000,0.100,0.100,0.100,1,15.1,102.0,762,804,1,0,1,0,316,1216,115,0
12.94,climb_cruise,435.8,435.8,35014.9,-400,0.50,5.99,353.18,0.54,15.0,125.0,0,0,-0.12,0.69,0.15,0.164,0.566,0.131,1.000,0.100,0.100,0.100,1,15.0,102.0,762,804,1,0,1,0,316,1216,116,0
12.96,climb_cruise,435.8,435.8,35014.7,-407,0.50,6.01,353.18,0.54,15.0,125.0,0,0,-0.12,0.69,0.15,0.162,0.566,0.131,1.000,0.100,0.100,0.100,1,15.0,102.0,762,804,1,0,1,0,316,1216,114,0
12.98,climb_cruise,435.8,435.8,35014.6,-414,0.50,6.02,353.18,0.55,15.0,125.0,0,0,-0.11,0.68,0.15,0.159,0.566,0.131,1.000,0.100,0.100,0.100,1,15.0,102.0,762,804,1,0,1,0,316,1216,116,0
13.00,climb_cruise,435.7,435.7,35014.4,-421,0.49,6.03,353.18,0.55,15.0,125.0,0,0,-0.10,0.68,0.16,0.157,0.566,0.131,1.000,0.100,0.100,0.100,1,15.0,102.0,762,804,1,0,1,0,316,1216,115,0
13.02,climb_cruise,435.7,435.7,35014.3,-429,0.49,6.05,353.19,0.56,15.0,125.0,0,0,-0.09,0.67,0.16,0.154,0.565,0.131,1.000,0.100,0.100,0.100,1,14.9,102.0,762,804,1,0,1,0,316,1216,115,0
13.04,climb_cruise,435.7,435.7,35014.2,-436,0.49,6.06,353.19,0.57,15.0,125.0,0,0,-0.08,0.67,0.16,0.152,0.565,0.131,1.000,0.100,0.100,0.100,1,14.9,102.0,762,804,1,0,1,0,316,1216,115,0
13.06,climb_cruise,435.7,435.7,35014.0,-443,0.49,6.07,353.19,0.57,15.0,125.0,0,0,-0.07,0.67,0.16,0.149,0.565,0.132,1.000,0.100,0.100,0.100,1,14.9,102.0,762,804,1,0,1,0,316,1216,115,0
13.08,climb_cruise,435.7,435.7,35013.9,-450,0.49,6.09,353.20,0.58,15.0,125.0,0,0,-0.06,0.66,0.16,0.147,0.565,0.132,1.000,0.100,0.100,0.100,1,14.8,102.0,762,804,1,0,1,0,316,1216,116,0
13.10,climb_cruise,435.7,435.7,35013.7,-457,0.48,6.10,353.20,0.58,15.0,125.0,0,0,-0.06,0.66,0.16,0.144,0.565,0.132,1.000,0.100,0.100,0.100,1,14.8,102.0,762,804,1,0,1,0,316,1216,116,0
13.12,climb_cruise,435.7,435.7,35013.6,-464,0.48,6.11,353.20,0.59,15.0,125.0,0,0,-0.05,0.66,0.16,0.142,0.564,0.132,1.000,0.100,0.100,0.100,1,14.8,102.0,762,804,1,0,1,0,316,1216,114,0
13.14,climb_cruise,435.7,435.7,35013.4,-471,0.48,6.13,353.21,0.60,15.0,125.0,0,0,-0.04,0.65,0.16,0.139,0.564,0.132,1.000,0.100,0.100,0.100,1,14.7,102.0,762,804,1,0,1,0,316,1216,115,0
13.16,climb_cruise,435.6,435.6,35013.2,-477,0.48,6.14,353.21,0.61,15.0,125.0,0,0,-0.03,0.65,0.16,0.136,0.564,0.132,1.000,0.100,0.100,0.100,1,14.7,102.0,762,804,1,0,1,0,316,1216,115,0
13.18,climb_cruise,435.6,435.6,35013.1,-484,0.48,6.15,353.21,0.61,15.0,125.0,0,0,-0.02,0.64,0.16,0.134,0.564,0.133,1.000,0.100,0.100,0.100,1,14.7,102.0,762,804,1,0,1,0,316,1216,114,0
13.20,climb_cruise,435.6,435.6,35012.9,-491,0.48,6.17,353.21,0.62,15.0,125.0,0,0,-0.01,0.64,0.16,0.131,0.564,0.133,1.000,0.100,0.100,0.100,1,14.7,102.0,762,804,1,0,1,0,316,1216,115,0
13.22,climb_cruise,435.6,435.6,35012.8,-498,0.48,6.18,353.22,0.63,15.0,125.0,0,0,-0.00,0.64,0.16,0.128,0.563,0.133,1.000,0.100,0.100,0.100,1,14.6,102.0,762,804,1,0,1,0,316,1216,116,0
13.24,climb_cruise,435.6,435.6,35012.6,-505,0.48,6.19,353.22,0.63,15.0,125.0,0,0,0.01,0.63,0.16,0.125,0.563,0.133,1.000,0.100,0.100,0.100,1,14.6,102.0,762,804,1,0,1,0,316,1216,116,0
13.26,climb_cruise,435.6,435.6,35012.4,-511,0.48,6.20,353.22,0.64,15.0,125.0,0,0,0.01,0.63,0.16,0.123,0.563,0.133,1.000,0.100,0.100,0.100,1,14.6,102.0,762,804,1,0,1,0,316,1216,115,0
13.28,climb_cruise,435.6,435.6,35012.2,-518,0.48,6.22,353.23,0.65,15.0,125.0,0,0,0.02,0.63,0.17,0.120,0.563,0.133,1.000,0.100,0.100,0.100,1,14.5,102.0,762,804,1,0,1,0,316,1216,114,0
13.30,climb_cruise,435.6,435.6,35012.1,-525,0.48,6.23,353.23,0.66,15.0,125.0,0,0,0.03,0.62,0.17,0.117,0.563,0.134,1.000,0.100,0.100,0.100,1,14.5,102.0,762,804,1,0,1,0,316,1216,114,0
13.32,climb_cruise,435.6,435.6,35011.9,-531,0.48,6.24,353.23,0.67,15.0,125.0,0,0,0.04,0.62,0.17,0.114,0.562,0.134,1.000,0.100,0.100,0.100,1,14.5,102.0,762,804,1,0,1,0,316,1216,114,0
13.34,climb_cruise,435.5,435.5,35011.7,-538,0.48,6.25,353.24,0.67,15.0,125.0,0,0,0.05,0.61,0.17,0.111,0.562,0.134,1.000,0.100,0.100,0.100,1,14.5,102.0,762,804,1,0,1,0,316,1216,116,0
13.36,climb_cruise,435.5,435.5,35011.5,-544,0.48,6.27,353.24,0.68,15.0,125.0,0,0,0.06,0.61,0.17,0.108,0.562,0.134,1.000,0.100,0.100,0.100,1,14.4,102.0,762,804,1,0,1,0,316,1216,115,0
13.38,climb_cruise,435.5,435.5,35011.4,-551,0.48,6.28,353.24,0.69,15.0,125.0,0,0,0.07,0.61,0.17,0.105,0.562,0.134,1.000,0.100,0.100,0.100,1,14.4,102.0,762,804,1,0,1,0,316,1216,114,0
13.40,climb_cruise,435.5,435.5,35011.2,-557,0.48,6.29,353.25,0.70,15.0,125.0,0,0,0.08,0.60,0.17,0.103,0.561,0.134,1.000,0.100,0.100,0.100,1,14.4,102.0,762,804,1,0,1,0,316,1216,115,0
13.42,climb_cruise,435.5,435.5,35011.0,-564,0.48,6.30,353.25,0.71,15.0,125.0,0,0,0.09,0.60,0.17,0.100,0.561,0.134,1.000,0.100,0.100,0.100,1,14.3,102.0,762,804,1,0,1,0,316,1216,115,0
13.44,climb_cruise,435.5,435.5,35010.8,-570,0.48,6.32,353.26,0.72,15.0,125.0,0,0,0.09,0.60,0.17,0.097,0.561,0.135,1.000,0.100,0.100,0.100,1,14.3,102.0,762,804,1,0,1,0,316,1216,114,0
13.46,climb_cruise,435.5,435.5,35010.6,-576,0.49,6.33,353.26,0.73,15.0,125.0,0,0,0.10,0.59,0.17,0.094,0.561,0.135,1.000,0.100,0.100,0.100,1,14.3,102.0,762,804,1,0,1,0,316,1216,115,0
13.48,climb_cruise,435.5,435.5,35010.4,-583,0.49,6.34,353.26,0.74,15.0,125.0,0,0,0.11,0.59,0.17,0.091,0.561,0.135,1.000,0.100,0.100,0.100,1,14.3,102.0,762,804,1,0,1,0,316,1216,114,0
13.50,climb_cruise,435.5,435.5,35010.2,-589,0.49,6.35,353.27,0.74,15.0,125.0,0,0,0.12,0.58,0.17,0.088,0.560,0.135,1.000,0.100,0.100,0.100,1,14.2,102.0,762,804,1,0,1,0,316,1216,116,0
13.52,climb_cruise,435.4,435.4,35010.0,-595,0.49,6.36,353.27,0.75,15.0,125.0,0,0,0.13,0.58,0.17,0.085,0.560,0.135,1.000,0.100,0.100,0.100,1,14.2,102.0,762,804,1,0,1,0,316,1216,114,0
13.54,climb_cruise,435.4,435.4,35009.8,-601,0.49,6.37,353.27,0.76,15.0,125.0,0,0,0.14,0.58,0.17,0.082,0.560,0.135,1.000,0.100,0.100,0.100,1,14.2,102.0,762,804,1,0,1,0,316,1216,114,0
13.56,climb_cruise,435.4,435.4,35009.6,-607,0.50,6.39,353.28,0.77,15.0,125.0,0,0,0.15,0.57,0.18,0.079,0.560,0.136,1.000,0.100,0.100,0.100,1,14.1,102.0,762,804,1,0,1,0,316,1216,115,0
13.58,climb_cruise,435.4,435.4,35009.4,-613,0.50,6.40,353.28,0.78,15.0,125.0,0,0,0.16,0.57,0.18,0.076,0.560,0.136,1.000,0.100,0.100,0.100,1,14.1,102.0,762,804,1,0,1,0,316,1216,115,0
13.60,climb_cruise,435.4,435.4,35009.2,-619,0.50,6.41,353.29,0.79,15.0,125.0,0,0,0.17,0.57,0.18,0.072,0.559,0.136,1.000,0.100,0.100,0.100,1,14.1,102.0,762,804,1,0,1,0,316,1216,115,0
13.62,climb_cruise,435.4,435.4,35009.0,-625,0.51,6.42,353.29,0.80,15.0,125.0,0,0,0.18,0.56,0.18,0.069,0.559,0.136,1.000,0.100,0.100,0.100,1,14.1,102.0,762,804,1,0,1,0,316,1216,114,0
13.64,climb_cruise,435.4,435.4,35008.8,-631,0.51,6.43,353.29,0.81,15.0,125.0,0,0,0.18,0.56,0.18,0.066,0.559,0.136,1.000,0.100,0.100,0.100,1,14.0,102.0,762,804,1,0,1,0,316,1216,115,0
13.66,climb_cruise,435.4,435.4,35008.6,-637,0.51,6.44,353.30,0.82,15.0,125.0,0,0,0.19,0.55,0.18,0.063,0.559,0.136,1.000,0.100,0.100,0.100,1,14.0,102.0,762,804,1,0,1,0,316,1216,116,0
13.68,climb_cruise,435.4,435.4,35008.4,-642,0.52,6.45,353.30,0.83,15.0,125.0,0,0,0.20,0.55,0.18,0.060,0.559,0.137,1.000,0.100,0.100,0.100,1,14.0,102.0,762,804,1,0,1,0,316,1216,115,0
13.70,climb_cruise,435.4,435.4,35008.1,-648,0.52,6.46,353.31,0.84,15.0,125.0,0,0,0.21,0.55,0.18,0.057,0.558,0.137,1.000,0.100,0.100,0.100,1,13.9,102.0,762,804,1,0,1,0,316,1216,116,0
13.72,climb_cruise,435.3,435.3,35007.9,-654,0.52,6.48,353.31,0.85,15.0,125.0,0,0,0.22,0.54,0.18,0.054,0.558,0.137,1.000,0.100,0.100,0.100,1,13.9,102.0,762,804,1,0,1,0,316,1216,115,0
13.74,climb_cruise,435.3,435.3,35007.7,-659,0.53,6.49,353.31,0.86,15.0,125.0,0,0,0.23,0.54,0.18,0.050,0.558,0.137,1.000,0.100,0.100,0.100,1,13.9,102.0,762,804,1,0,1,0,316,1216,115,0
13.76,climb_cruise,435.3,435.3,35007.5,-665,0.53,6.50,353.32,0.88,15.0,125.0,0,0,0.24,0.54,0.18,0.047,0.558,0.137,1.000,0.100,0.100,0.100,1,13.9,102.0,762,804,1,0,1,0,316,1216,115,0
13.78,climb_cruise,435.3,435.3,35007.3,-670,0.54,6.51,353.32,0.89,15.0,125.0,0,0,0.25,0.53,0.18,0.044,0.558,0.137,1.000,0.100,0.100,0.100,1,13.8,102.0,762,804,1,0,1,0,316,1216,116,0
13.80,climb_cruise,435.3,435.3,35007.0,-676,0.54,6.52,353.33,0.90,15.0,125.0,0,0,0.26,0.53,0.18,0.041,0.557,0.137,1.000,0.100,0.100,0.100,1,13.8,102.0,762,804,1,0,1,0,316,1216,115,0
13.82,climb_cruise,435.3,435.3,35006.8,-681,0.55,6.53,353.33,0.91,15.0,125.0,0,0,0.27,0.53,0.18,0.038,0.557,0.138,1.000,0.100,0.100,0.100,1,13.8,102.0,762,804,1,0,1,0,316,1216,115,0
13.84,climb_cruise,435.3,435.3,35006.6,-686,0.55,6.54,353.33,0.92,15.0,125.0,0,0,0.28,0.52,0.18,0.034,0.557,0.138,1.000,0.100,0.100,0.100,1,13.8,102.0,762,804,1,0,1,0,316,1216,114,0
13.86,climb_cruise,435.3,435.3,35006.4,-692,0.56,6.55,353.34,0.93,15.0,125.0,0,0,0.29,0.52,0.18,0.031,0.557,0.138,1.000,0.100,0.100,0.100,1,13.7,102.0,762,804,1,0,1,0,316,1216,115,0
13.88,climb_cruise,435.3,435.3,35006.1,-697,0.56,6.56,353.34,0.94,15.0,125.0,0,0,0.29,0.51,0.19,0.028,0.556,0.138,1.000,0.100,0.100,0.100,1,13.7,102.0,762,804,1,0,1,0,316,1216,114,0
13.90,climb_cruise,435.2,435.2,35005.9,-702,0.57,6.57,353.35,0.95,15.0,125.0,0,0,0.30,0.51,0.19,0.024,0.556,0.138,1.000,0.100,0.100,0.100,1,13.7,102.0,762,804,1,0,1,0,316,1216,114,0
13.92,climb_cruise,435.2,435.2,35005.7,-707,0.57,6.58,353.35,0.97,15.0,125.0,0,0,0.31,0.51,0.19,0.021,0.556,0.138,1.000,0.100,0.100,0.100,1,13.6,102.0,762,804,1,0,1,0,316,1216,114,0
13.94,climb_cruise,435.2,435.2,35005.4,-712,0.58,6.59,353.36,0.98,15.0,125.0,0,0,0.32,0.50,0.19,0.018,0.556,0.139,1.000,0.100,0.100,0.100,1,13.6,102.0,762,804,1,0,1,0,316,1216,115,0
13.96,climb_cruise,435.2,435.2,35005.2,-717,0.58,6.60,353.36,0.99,15.0,125.0,0,0,0.33,0.50,0.19,0.014,0.556,0.139,1.000,0.100,0.100,0.100,1,13.6,102.0,762,804,1,0,1,0,316,1216,116,0
13.98,climb_cruise,435.2,435.2,35004.9,-722,0.59,6.61,353.37,1.00,15.0,125.0,0,0,0.34,0.50,0.19,0.011,0.555,0.139,1.000,0.100,0.100,0.100,1,13.6,102.0,762,804,1,0,1,0,316,1216,116,0
14.00,climb_cruise,435.2,435.2,35004.7,-727,0.60,6.62,353.37,1.01,15.0,125.0,0,0,0.35,0.49,0.19,0.008,0.555,0.139,1.000,0.100,0.100,0.100,1,13.5,102.0,762,804,1,0,1,0,316,1216,115,0
14.02,climb_cruise,435.2,435.2,35004.5,-732,0.60,6.63,353.37,1.03,15.0,125.0,0,0,0.36,0.49,0.19,0.004,0.555,0.139,1.000,0.100,0.100,0.100,1,13.5,102.0,762,804,1,0,1,0,316,1216,114,0
14.04,climb_cruise,435.2,435.2,35004.2,-736,0.61,6.64,353.38,1.04,15.0,125.0,0,0,0.37,0.48,0.19,0.001,0.555,0.139,1.000,0.100,0.100,0.100,1,13.5,102.0,762,804,1,0,1,0,316,1216,115,0
14.06,climb_cruise,435.2,435.2,35004.0,-741,0.62,6.65,353.38,1.05,15.0,125.0,0,0,0.38,0.48,0.19,-0.002,0.555,0.140,1.000,0.100,0.100,0.100,1,13.5,102.0,762,804,1,0,1,0,316,1216,115,0
14.08,climb_cruise,435.2,435.2,35003.7,-746,0.62,6.66,353.39,1.06,15.0,125.0,0,0,0.38,0.48,0.19,-0.006,0.554,0.140,1.000,0.100,0.100,0.100,1,13.4,102.0,762,804,1,0,1,0,316,1216,116,0
14.10,climb_cruise,435.1,435.1,35003.5,-750,0.63,6.67,353.39,1.08,15.0,125.0,0,0,0.39,0.47,0.19,-0.009,0.554,0.140,1.000,0.100,0.100,0.100,1,13.4,102.0,762,804,1,0,1,0,316,1216,115,0
14.12,climb_cruise,435.1,435.1,35003.2,-755,0.64,6.68,353.40,1.09,15.0,125.0,0,0,0.40,0.47,0.19,-0.013,0.554,0.140,1.000,0.100,0.100,0.100,1,13.4,102.0,762,804,1,0,1,0,316,1216,114,0
14.14,climb_cruise,435.1,435.1,35003.0,-759,0.65,6.69,353.40,1.10,15.0,125.0,0,0,0.41,0.47,0.19,-0.016,0.554,0.140,1.000,0.100,0.100,0.100,1,13.3,102.0,762,804,1,0,1,0,316,1216,115,0
14.16,climb_cruise,435.1,435.1,35002.7,-763,0.65,6.70,353.41,1.11,15.0,125.0,0,0,0.42,0.46,0.19,-0.019,0.553,0.140,1.000,0.100,0.100,0.100,1,13.3,102.0,762,804,1,0,1,0,316,1216,114,0
14.18,climb_cruise,435.1,435.1,35002.4,-767,0.66,6.71,353.41,1.13,15.0,125.0,0,0,0.43,0.46,0.19,-0.023,0.553,0.140,1.000,0.100,0.100,0.100,1,13.3,102.0,762,804,1,0,1,0,316,1216,116,0
14.20,climb_cruise,435.1,435.1,35002.2,-772,0.67,6.72,353.42,1.14,15.0,125.0,0,0,0.44,0.45,0.19,-0.026,0.553,0.141,1.000,0.100,0.100,0.100,1,13.3,102.0,762,804,1,0,1,0,316,1216,116,0
14.22,climb_cruise,435.1,435.1,35001.9,-776,0.68,6.72,353.42,1.15,15.0,125.0,0,0,0.45,0.45,0.19,-0.030,0.553,0.141,1.000,0.100,0.100,0.100,1,13.2,102.0,762,804,1,0,1,0,316,1216,115,0
14.24,climb_cruise,435.1,435.1,35001.7,-780,0.69,6.73,353.43,1.17,15.0,125.0,0,0,0.46,0.45,0.20,-0.033,0.553,0.141,1.000,0.100,0.100,0.100,1,13.2,102.0,762,804,1,0,1,0,316,1216,114,0
14.26,climb_cruise,435.1,435.1,35001.4,-784,0.70,6.74,353.43,1.18,15.0,125.0,0,0,0.46,0.44,0.20,-0.037,0.552,0.141,1.000,0.100,0.100,0.100,1,13.2,102.0,762,804,1,0,1,0,316,1216,115,0
14.28,climb_cruise,435.1,435.1,35001.1,-788,0.71,6.75,353.44,1.19,15.0,125.0,0,0,0.47,0.44,0.20,-0.040,0.552,0.141,1.000,0.100,0.100,0.100,1,13.2,102.0,762,804,1,0,1,0,316,1216,115,0
14.30,climb_cruise,435.0,435.0,35000.9,-791,0.71,6.76,353.44,1.21,15.0,125.0,0,0,0.48,0.44,0.20,-0.044,0.552,0.141,1.000,0.100,0.100,0.100,1,13.1,102.0,762,804,1,0,1,0,316,1216,114,0
14.32,climb_cruise,435.0,435.0,35000.6,-795,0.72,6.77,353.45,1.22,15.0,125.0,0,0,0.49,0.43,0.20,-0.047,0.552,0.142,1.000,0.100,0.100,0.100,1,13.1,102.0,762,804,1,0,1,0,316,1216,115,0
14.34,climb_cruise,435.0,435.0,35000.4,-799,0.73,6.78,353.45,1.23,15.0,125.0,0,0,0.50,0.43,0.20,-0.050,0.552,0.142,1.000,0.100,0.100,0.100,1,13.1,102.0,762,804,1,0,1,0,316,1216,115,0
14.36,climb_cruise,435.0,435.0,35000.1,-803,0.74,6.79,353.46,1.25,15.0,125.0,0,0,0.51,0.43,0.20,-0.054,0.551,0.142,1.000,0.100,0.100,0.100,1,13.1,102.0,762,804,1,0,1,0,316,1216,116,0
14.38,climb_cruise,435.0,435.0,34999.8,-806,0.75,6.80,353.46,1.26,15.0,125.0,0,0,0.52,0.42,0.20,-0.057,0.551,0.142,1.000,0.100,0.100,0.100,1,13.0,102.0,762,804,1,0,1,0,316,1216,115,0
14.40,climb_cruise,435.0,435.0,34999.5,-810,0.76,6.80,353.47,1.28,15.0,125.0,0,0,0.53,0.42,0.20,-0.061,0.551,0.142,1.000,0.100,0.100,0.100,1,13.0,102.0,762,804,1,0,1,0,316,1216,114,0
14.42,climb_cruise,435.0,435.0,34999.3,-813,0.77,6.81,353.47,1.29,15.0,125.0,0,0,0.53,0.41,0.20,-0.064,0.551,0.142,1.000,0.100,0.100,0.100,1,13.0,102.0,762,804,1,0,1,0,316,1216,116,0
14.44,climb_cruise,435.0,435.0,34999.0,-816,0.78,6.82,353.48,1.30,15.0,125.0,0,0,0.54,0.41,0.20,-0.068,0.550,0.143,1.000,0.100,0.100,0.100,1,12.9,102.0,762,804,1,0,1,0,316,1216,114,0
14.46,climb_cruise,435.0,435.0,34998.7,-820,0.79,6.83,353.48,1.32,15.0,125.0,0,0,0.55,0.41,0.20,-0.071,0.550,0.143,1.000,0.100,0.100,0.100,1,12.9,102.0,762,804,1,0,1,0,316,1216,116,0
14.48,climb_cruise,435.0,435.0,34998.5,-823,0.80,6.84,353.49,1.33,15.0,125.0,0,0,0.56,0.40,0.20,-0.075,0.550,0.143,1.000,0.100,0.100,0.100,1,12.9,102.0,762,804,1,0,1,0,316,1216,115,0
14.50,climb_cruise,434.9,434.9,34998.2,-826,0.81,6.84,353.49,1.35,15.0,125.0,0,0,0.57,0.40,0.20,-0.078,0.550,0.143,1.000,0.100,0.100,0.100,1,12.9,102.0,762,804,1,0,1,0,316,1216,116,0
14.52,climb_cruise,434.9,434.9,34997.9,-829,0.83,6.85,353.50,1.36,15.0,125.0,0,0,0.58,0.40,0.20,-0.082,0.550,0.143,1.000,0.100,0.100,0.100,1,12.8,102.0,762,804,1,0,1,0,316,1216,114,0
14.54,climb_cruise,434.9,434.9,34997.6,-832,0.84,6.86,353.50,1.38,15.0,125.0,0,0,0.59,0.39,0.20,-0.085,0.549,0.143,1.000,0.100,0.100,0.100,1,12.8,102.0,762,804,1,0,1,0,316,1216,116,0
14.56,climb_cruise,434.9,434.9,34997.3,-835,0.85,6.87,353.51,1.39,15.0,125.0,0,0,0.59,0.39,0.20,-0.089,0.549,0.143,1.000,0.100,0.100,0.100,1,12.8,102.0,762,804,1,0,1,0,316,1216,114,0
14.58,climb_cruise,434.9,434.9,34997.1,-837,0.86,6.88,353.52,1.40,15.0,125.0,0,0,0.60,0.38,0.20,-0.092,0.549,0.144,1.000,0.100,0.100,0.100,1,12.8,102.0,762,804,1,0,1,0,316,1216,116,0
14.60,climb_cruise,434.9,434.9,34996.8,-840,0.87,6.88,353.52,1.42,15.0,125.0,0,0,0.61,0.38,0.20,-0.096,0.549,0.144,1.000,0.100,0.100,0.100,1,12.7,102.0,762,804,1,0,1,0,316,1216,115,0
14.62,climb_cruise,434.9,434.9,34996.5,-843,0.88,6.89,353.53,1.43,15.0,125.0,0,0,0.62,0.38,0.20,-0.099,0.549,0.144,1.000,0.100,0.100,0.100,1,12.7,102.0,762,804,1,0,1,0,316,1216,116,0
14.64,climb_cruise,434.9,434.9,34996.2,-845,0.89,6.90,353.53,1.45,15.0,125.0,0,0,0.63,0.37,0.20,-0.103,0.548,0.144,1.000,0.100,0.100,0.100,1,12.7,102.0,762,804,1,0,1,0,316,1216,114,0
14.66,climb_cruise,434.9,434.9,34995.9,-848,0.91,6.91,353.54,1.46,15.0,125.0,0,0,0.63,0.37,0.20,-0.106,0.548,0.144,1.000,0.100,0.100,0.100,1,12.7,102.0,762,804,1,0,1,0,316,1216,116,0
14.68,climb_cruise,434.8,434.8,34995.7,-850,0.92,6.91,353.54,1.48,15.0,125.0,0,0,0.64,0.37,0.21,-0.110,0.548,0.144,1.000,0.100,0.100,0.100,1,12.6,102.0,762,804,1,0,1,0,316,1216,115,0
14.70,climb_cruise,434.8,434.8,34995.4,-853,0.93,6.92,353.55,1.49,15.0,125.0,0,0,0.65,0.36,0.21,-0.113,0.548,0.145,1.000,0.100,0.100,0.100,1,12.6,102.0,762,804,1,0,1,0,316,1216,115,0
14.72,climb_cruise,434.8,434.8,34995.1,-855,0.94,6.93,353.55,1.51,15.0,125.0,0,0,0.66,0.36,0.21,-0.117,0.547,0.145,1.000,0.100,0.100,0.100,1,12.6,102.0,762,804,1,0,1,0,316,1216,115,0
14.74,climb_cruise,434.8,434.8,34994.8,-857,0.96,6.94,353.56,1.52,15.0,125.0,0,0,0.67,0.36,0.21,-0.120,0.547,0.145,1.000,0.100,0.100,0.100,1,12.6,102.0,762,804,1,0,1,0,316,1216,115,0
14.76,climb_cruise,434.8,434.8,34994.5,-859,0.97,6.94,353.57,1.54,15.0,125.0,0,0,0.67,0.35,0.21,-0.124,0.547,0.145,1.000,0.100,0.100,0.100,1,12.5,102.0,762,804,1,0,1,0,316,1216,114,0
14.78,climb_cruise,434.8,434.8,34994.2,-861,0.98,6.95,353.57,1.56,15.0,125.0,0,0,0.68,0.35,0.21,-0.127,0.547,0.145,1.000,0.100,0.100,0.100,1,12.5,102.0,762,804,1,0,1,0,316,1216,115,0
14.80,climb_cruise,434.8,434.8,34993.9,-863,1.00,6.96,353.58,1.57,15.0,125.0,0,0,0.69,0.34,0.21,-0.131,0.547,0.145,1.000,0.100,0.100,0.100,1,12.5,102.0,762,804,1,0,1,0,316,1216,115,0
14.82,climb_cruise,434.8,434.8,34993.7,-865,1.01,6.96,353.58,1.59,15.0,125.0,0,0,0.70,0.34,0.21,-0.134,0.546,0.145,1.000,0.100,0.100,0.100,1,12.5,102.0,762,804,1,0,1,0,316,1216,115,0
14.84,climb_cruise,434.8,434.8,34993.4,-867,1.02,6.97,353.59,1.60,15.0,125.0,0,0,0.71,0.34,0.21,-0.138,0.546,0.146,1.000,0.100,0.100,0.100,1,12.4,102.0,762,804,1,0,1,0,316,1216,115,0
14.86,climb_cruise,434.8,434.8,34993.1,-868,1.04,6.98,353.60,1.62,15.0,125.0,0,0,0.71,0.33,0.21,-0.141,0.546,0.146,1.000,0.100,0.100,0.100,1,12.4,102.0,762,804,1,0,1,0,316,1216,115,0
14.88,climb_cruise,434.7,434.7,34992.8,-870,1.05,6.98,353.60,1.63,15.0,125.0,0,0,0.72,0.33,0.21,-0.145,0.546,0.146,1.000,0.100,0.100,0.100,1,12.4,102.0,762,804,1,0,1,0,316,1216,116,0
14.90,climb_cruise,434.7,434.7,34992.5,-871,1.06,6.99,353.61,1.65,15.0,125.0,0,0,0.73,0.33,0.21,-0.148,0.546,0.146,1.000,0.100,0.100,0.100,1,12.4,102.0,762,804,1,0,1,0,316,1216,116,0
14.92,climb_cruise,434.7,434.7,34992.2,-873,1.08,7.00,353.61,1.66,15.0,125.0,0,0,0.74,0.32,0.21,-0.151,0.545,0.146,1.000,0.100,0.100,0.100,1,12.3,102.0,762,804,1,0,1,0,316,1216,114,0
14.94,climb_cruise,434.7,434.7,34991.9,-874,1.09,7.00,353.62,1.68,15.0,125.0,0,0,0.74,0.32,0.21,-0.155,0.545,0.146,1.000,0.100,0.100,0.100,1,12.3,102.0,762,804,1,0,1,0,316,1216,115,0
14.96,climb_cruise,434.7,434.7,34991.6,-876,1.11,7.01,353.63,1.70,15.0,125.0,0,0,0.75,0.32,0.21,-0.158,0.545,0.147,1.000,0.100,0.100,0.100,1,12.3,102.0,762,804,1,0,1,0,316,1216,115,0
14.98,climb_cruise,434.7,434.7,34991.3,-877,1.12,7.02,353.63,1.71,15.0,125.0,0,0,0.76,0.31,0.21,-0.162,0.545,0.147,1.000,0.100,0.100,0.100,1,12.3,102.0,762,804,1,0,1,0,316,1216,115,0
15.00,climb_cruise,434.7,434.7,34991.0,-878,1.14,7.02,353.64,1.73,15.0,125.0,0,0,0.77,0.31,0.21,-0.165,0.545,0.147,1.000,0.100,0.100,0.100,1,12.2,102.0,762,804,1,0,1,0,316,1216,116,0
15.02,climb_cruise,434.7,434.7,34990.7,-879,1.15,7.03,353.64,1.74,15.0,125.0,0,0,0.77,0.30,0.21,-0.169,0.544,0.147,1.000,0.100,0.100,0.100,1,12.2,102.0,762,804,1,0,1,0,316,1216,115,0
15.04,climb_cruise,434.7,434.7,34990.4,-880,1.16,7.04,353.65,1.76,15.0,125.0,0,0,0.78,0.30,0.21,-0.172,0.544,0.147,1.000,0.100,0.100,0.100,1,12.2,102.0,762,804,1,0,1,0,316,1216,116,0
15.06,climb_cruise,434.6,434.6,34990.1,-881,1.18,7.04,353.66,1.77,15.0,125.0,0,0,0.79,0.30,0.21,-0.175,0.544,0.147,1.000,0.100,0.100,0.100,1,12.2,102.0,762,804,1,0,1,0,316,1216,114,0
15.08,climb_cruise,434.6,434.6,34989.9,-881,1.20,7.05,353.66,1.79,15.0,125.0,0,0,0.79,0.29,0.21,-0.179,0.544,0.148,1.000,0.100,0.100,0.100,1,12.1,102.0,762,804,1,0,1,0,316,1216,115,0
15.10,climb_cruise,434.6,434.6,34989.6,-882,1.21,7.05,353.67,1.81,15.0,125.0,0,0,0.80,0.29,0.21,-0.182,0.543,0.148,1.000,0.100,0.100,0.100,1,12.1,102.0,762,804,1,0,1,0,316,1216,115,0
15.12,climb_cruise,434.6,434.6,34989.3,-883,1.23,7.06,353.67,1.82,15.0,125.0,0,0,0.81,0.29,0.21,-0.186,0.543,0.148,1.000,0.100,0.100,0.100,1,12.1,102.0,762,804,1,0,1,0,316,1216,115,0
15.14,climb_cruise,434.6,434.6,34989.0,-883,1.24,7.07,353.68,1.84,15.0,125.0,0,0,0.82,0.28,0.21,-0.189,0.543,0.148,1.000,0.100,0.100,0.100,1,12.1,102.0,762,804,1,0,1,0,316,1216,116,0
15.16,climb_cruise,434.6,434.6,34988.7,-884,1.26,7.07,353.69,1.85,15.0,125.0,0,0,0.82,0.28,0.21,-0.192,0.543,0.148,1.000,0.100,0.100,0.100,1,12.0,102.0,762,804,1,0,1,0,316,1216,115,0
15.18,climb_cruise,434.6,434.6,34988.4,-884,1.27,7.08,353.69,1.87,15.0,125.0,0,0,0.83,0.28,0.21,-0.196,0.543,0.148,1.000,0.100,0.100,0.100,1,12.0,102.0,762,804,1,0,1,0,316,1216,115,0
15.20,climb_cruise,434.6,434.6,34988.1,-884,1.29,7.08,353.70,1.89,15.0,125.0,0,0,0.84,0.27,0.21,-0.199,0.542,0.148,1.000,0.100,0.100,0.100,1,12.0,102.0,762,804,1,0,1,0,316,1216,115,0
15.22,climb_cruise,434.6,434.6,34987.8,-884,1.31,7.09,353.71,1.90,15.0,125.0,0,0,0.84,0.27,0.21,-0.202,0.542,0.149,1.000,0.100,0.100,0.100,1,12.0,102.0,762,804,1,0,1,0,316,1216,115,0
15.24,climb_cruise,434.5,434.5,34987.5,-884,1.32,7.09,353.71,1.92,15.0,125.0,0,0,0.85,0.26,0.21,-0.206,0.542,0.149,1.000,0.100,0.100,0.100,1,12.0,102.0,762,804,1,0,1,0,316,1216,114,0
15.26,climb_cruise,434.5,434.5,34987.2,-884,1.34,7.10,353.72,1.94,15.0,125.0,0,0,0.86,0.26,0.21,-0.209,0.542,0.149,1.000,0.100,0.100,0.100,1,11.9,102.0,762,804,1,0,1,0,316,1216,116,0
15.28,climb_cruise,434.5,434.5,34986.9,-884,1.35,7.10,353.72,1.95,15.0,125.0,0,0,0.86,0.26,0.21,-0.212,0.542,0.149,1.000,0.100,0.100,0.100,1,11.9,102.0,762,804,1,0,1,0,316,1216,116,0
15.30,climb_cruise,434.5,434.5,34986.6,-884,1.37,7.11,353.73,1.97,15.0,125.0,0,0,0.87,0.25,0.21,-0.215,0.541,0.149,1.000,0.100,0.100,0.100,1,11.9,102.0,762,804,1,0,1,0,316,1216,116,0
15.32,climb_cruise,434.5,434.5,34986.3,-884,1.39,7.12,353.74,1.98,15.0,125.0,0,0,0.87,0.25,0.21,-0.219,0.541,0.149,1.000,0.100,0.100,0.100,1,11.9,102.0,762,804,1,0,1,0,316,1216,114,0
15.34,climb_cruise,434.5,434.5,34986.0,-884,1.41,7.12,353.74,2.00,15.0,125.0,0,0,0.88,0.25,0.22,-0.222,0.541,0.150,1.000,0.100,0.100,0.100,1,11.8,102.0,762,804,1,0,1,0,316,1216,114,0
15.36,climb_cruise,434.5,434.5,34985.7,-883,1.42,7.13,353.75,2.02,15.0,125.0,0,0,0.89,0.24,0.22,-0.225,0.541,0.150,1.000,0.100,0.100,0.100,1,11.8,102.0,762,804,1,0,1,0,316,1216,114,0
15.38,climb_cruise,434.5,434.5,34985.4,-883,1.44,7.13,353.76,2.03,15.0,125.0,0,0,0.89,0.24,0.22,-0.228,0.541,0.150,1.000,0.100,0.100,0.100,1,11.8,102.0,762,804,1,0,1,0,316,1216,115,0
15.40,climb_cruise,434.5,434.5,34985.1,-882,1.46,7.14,353.76,2.05,15.0,125.0,0,0,0.90,0.24,0.22,-0.232,0.540,0.150,1.000,0.100,0.100,0.100,1,11.8,102.0,762,804,1,0,1,0,316,1216,115,0
15.42,climb_cruise,434.4,434.4,34984.8,-881,1.47,7.14,353.77,2.07,15.0,125.0,0,0,0.91,0.23,0.22,-0.235,0.540,0.150,1.000,0.100,0.100,0.100,1,11.7,102.0,762,804,1,0,1,0,316,1216,116,0
15.44,climb_cruise,434.4,434.4,34984.5,-881,1.49,7.15,353.78,2.08,15.0,125.0,0,0,0.91,0.23,0.22,-0.238,0.540,0.150,1.000,0.100,0.100,0.100,1,11.7,102.0,762,804,1,0,1,0,316,1216,115,0
15.46,climb_cruise,434.4,434.4,34984.2,-880,1.51,7.15,353.78,2.10,15.0,125.0,0,0,0.92,0.23,0.22,-0.241,0.540,0.151,1.000,0.100,0.100,0.100,1,11.7,102.0,762,804,1,0,1,0,316,1216,115,0
15.48,climb_cruise,434.4,434.4,34984.0,-879,1.53,7.15,353.79,2.12,15.0,125.0,0,0,0.92,0.22,0.22,-0.244,0.539,0.151,1.000,0.100,0.100,0.100,1,11.7,102.0,762,804,1,0,1,0,316,1216,115,0
15.50,climb_cruise,434.4,434.4,34983.7,-878,1.55,7.16,353.80,2.13,15.0,125.0,0,0,0.93,0.22,0.22,-0.247,0.539,0.151,1.000,0.100,0.100,0.100,1,11.6,102.0,762,804,1,0,1,0,316,1216,115,0
15.52,climb_cruise,434.4,434.4,34983.4,-877,1.56,7.16,353.80,2.15,15.0,125.0,0,0,0.93,0.22,0.22,-0.250,0.539,0.151,1.000,0.100,0.100,0.100,1,11.6,102.0,762,804,1,0,1,0,316,1216,115,0
15.54,climb_cruise,434.4,434.4,34983.1,-875,1.58,7.17,353.81,2.16,15.0,125.0,0,0,0.94,0.21,0.22,-0.253,0.539,0.151,1.000,0.100,0.100,0.100,1,11.6,102.0,762,804,1,0,1,0,316,1216,115,0
15.56,climb_cruise,434.4,434.4,34982.8,-874,1.60,7.17,353.82,2.18,15.0,125.0,0,0,0.94,0.21,0.22,-0.257,0.539,0.151,1.000,0.100,0.100,0.100,1,11.6,102.0,762,804,1,0,1,0,316,1216,115,0
15.58,climb_cruise,434.3,434.3,34982.5,-873,1.62,7.18,353.82,2.20,15.0,125.0,0,0,0.95,0.21,0.22,-0.260,0.538,0.151,1.000,0.100,0.100,0.100,1,11.6,102.0,762,804,1,0,1,0,316,1216,115,0
15.60,climb_cruise,434.3,434.3,34982.2,-871,1.64,7.18,353.83,2.21,15.0,125.0,0,0,0.96,0.20,0.22,-0.263,0.538,0.152,1.000,0.100,0.100,0.100,1,11.5,102.0,762,804,1,0,1,0,316,1216,115,0
15.62,climb_cruise,434.3,434.3,34981.9,-870,1.65,7.19,353.84,2.23,15.0,125.0,0,0,0.96,0.20,0.22,-0.266,0.538,0.152,1.000,0.100,0.100,0.100,1,11.5,102.0,762,804,1,0,1,0,316,1216,115,0
15.64,climb_cruise,434.3,434.3,34981.6,-868,1.67,7.19,353.84,2.25,15.0,125.0,0,0,0.97,0.20,0.22,-0.269,0.538,0.152,1.000,0.100,0.100,0.100,1,11.5,102.0,762,804,1,0,1,0,316,1216,114,0
15.66,climb_cruise,434.3,434.3,34981.3,-866,1.69,7.19,353.85,2.26,15.0,125.0,0,0,0.97,0.19,0.22,-0.272,0.538,0.152,1.000,0.100,0.100,0.100,1,11.5,102.0,762,804,1,0,1,0,316,1216,114,0
15.68,climb_cruise,434.3,434.3,34981.0,-864,1.71,7.20,353.86,2.28,15.0,125.0,0,0,0.98,0.19,0.22,-0.275,0.537,0.152,1.000,0.100,0.100,0.100,1,11.4,102.0,762,804,1,0,1,0,316,1216,115,0
15.70,climb_cruise,434.3,434.3,34980.7,-863,1.73,7.20,353.86,2.30,15.0,125.0,0,0,0.98,0.18,0.22,-0.278,0.537,0.152,1.000,0.100,0.100,0.100,1,11.4,102.0,762,804,1,0,1,0,316,1216,115,0
15.72,climb_cruise,434.3,434.3,34980.5,-861,1.75,7.21,353.87,2.31,15.0,125.0,0,0,0.98,0.18,0.22,-0.280,0.537,0.153,1.000,0.100,0.100,0.100,1,11.4,102.0,762,804,1,0,1,0,316,1216,115,0
15.74,climb_cruise,434.2,434.2,34980.2,-859,1.77,7.21,353.88,2.33,15.0,125.0,0,0,0.99,0.18,0.22,-0.283,0.537,0.153,1.000,0.100,0.100,0.100,1,11.4,102.0,762,804,1,0,1,0,316,1216,115,0
15.76,climb_cruise,434.2,434.2,34979.9,-856,1.79,7.21,353.88,2.34,15.0,125.0,0,0,0.99,0.17,0.22,-0.286,0.537,0.153,1.000,0.100,0.100,0.100,1,11.3,102.0,762,804,1,0,1,0,316,1216,116,0
15.78,climb_cruise,434.2,434.2,34979.6,-854,1.81,7.22,353.89,2.36,15.0,125.0,0,0,1.00,0.17,0.22,-0.289,0.536,0.153,1.000,0.100,0.100,0.100,1,11.3,102.0,762,804,1,0,1,0,316,1216,116,0
15.80,climb_cruise,434.2,434.2,34979.3,-852,1.83,7.22,353.90,2.38,15.0,125.0,0,0,1.00,0.17,0.22,-0.292,0.536,0.153,1.000,0.100,0.100,0.100,1,11.3,102.0,762,804,1,0,1,0,316,1216,115,0
15.82,climb_cruise,434.2,434.2,34979.0,-849,1.84,7.22,353.90,2.39,15.0,125.0,0,0,1.01,0.16,0.22,-0.295,0.536,0.153,1.000,0.100,0.100,0.100,1,11.3,102.0,762,804,1,0,1,0,316,1216,116,0
15.84,climb_cruise,434.2,434.2,34978.7,-847,1.86,7.23,353.91,2.41,15.0,125.0,0,0,1.01,0.16,0.22,-0.298,0.536,0.153,1.000,0.100,0.100,0.100,1,11.3,102.0,762,804,1,0,1,0,316,1216,114,0
15.86,climb_cruise,434.2,434.2,34978.5,-844,1.88,7.23,353.92,2.43,15.0,125.0,0,0,1.02,0.16,0.22,-0.300,0.536,0.154,1.000,0.100,0.100,0.100,1,11.2,102.0,762,804,1,0,1,0,316,1216,115,0
15.88,climb_cruise,434.2,434.2,34978.2,-842,1.90,7.23,353.92,2.44,15.0,125.0,0,0,1.02,0.15,0.22,-0.303,0.535,0.154,1.000,0.100,0.100,0.100,1,11.2,102.0,762,804,1,0,1,0,316,1216,115,0
15.90,climb_cruise,434.1,434.1,34977.9,-839,1.92,7.24,353.93,2.46,15.0,125.0,0,0,1.02,0.15,0.22,-0.306,0.535,0.154,1.000,0.100,0.100,0.100,1,11.2,102.0,762,804,1,0,1,0,316,1216,116,0
15.92,climb_cruise,434.1,434.1,34977.6,-836,1.94,7.24,353.94,2.47,15.0,125.0,0,0,1.03,0.15,0.22,-0.309,0.535,0.154,1.000,0.100,0.100,0.100,1,11.2,102.0,762,804,1,0,1,0,316,1216,116,0
15.94,climb_cruise,434.1,434.1,34977.3,-833,1.96,7.24,353.95,2.49,15.0,125.0,0,0,1.03,0.14,0.22,-0.311,0.535,0.154,1.000,0.100,0.100,0.100,1,11.1,102.0,762,804,1,0,1,0,316,1216,115,0
15.96,climb_cruise,434.1,434.1,34977.1,-830,1.98,7.25,353.95,2.51,15.0,125.0,0,0,1.04,0.14,0.22,-0.314,0.535,0.154,1.000,0.100,0.100,0.100,1,11.1,102.0,762,804,1,0,1,0,316,1216,115,0
15.98,climb_cruise,434.1,434.1,34976.8,-827,2.00,7.25,353.96,2.52,15.0,125.0,0,0,1.04,0.14,0.22,-0.317,0.535,0.155,1.000,0.100,0.100,0.100,1,11.1,102.0,762,804,1,0,1,0,316,1216,115,0
16.00,climb_cruise,434.1,434.1,34976.5,-824,2.02,7.25,353.97,2.54,15.0,125.0,0,0,1.04,0.14,0.22,-0.319,0.534,0.155,1.000,0.100,0.100,0.100,1,11.1,102.0,762,804,1,0,1,0,316,1216,115,0
16.02,climb_cruise,434.1,434.1,34976.2,-820,2.04,7.26,353.97,2.55,15.0,125.0,0,0,1.05,0.13,0.22,-0.322,0.534,0.155,1.000,0.100,0.100,0.100,1,11.1,102.0,762,804,1,0,1,0,316,1216,116,0
16.04,climb_cruise,434.0,434.0,34976.0,-817,2.06,7.26,353.98,2.57,15.0,125.0,0,0,1.05,0.13,0.22,-0.324,0.534,0.155,1.000,0.100,0.100,0.100,1,11.0,102.0,762,804,1,0,1,0,316,1216,115,0
16.06,climb_cruise,434.0,434.0,34975.7,-814,2.08,7.26,353.99,2.59,15.0,125.0,0,0,1.05,0.13,0.22,-0.327,0.534,0.155,1.000,0.100,0.100,0.100,1,11.0,102.0,762,804,1,0,1,0,316,1216,115,0
16.08,climb_cruise,434.0,434.0,34975.4,-810,2.10,7.26,353.99,2.60,15.0,125.0,0,0,1.06,0.12,0.22,-0.329,0.534,0.155,1.000,0.100,0.100,0.100,1,11.0,102.0,762,804,1,0,1,0,316,1216,115,0
16.10,climb_cruise,434.0,434.0,34975.1,-806,2.13,7.27,354.00,2.62,15.0,125.0,0,0,1.06,0.12,0.22,-0.332,0.533,0.156,1.000,0.100,0.100,0.100,1,11.0,102.0,762,804,1,0,1,0,316,1216,114,0
16.12,climb_cruise,434.0,434.0,34974.9,-803,2.15,7.27,354.01,2.63,15.0,125.0,0,0,1.06,0.12,0.22,-0.334,0.533,0.156,1.000,0.100,0.100,0.100,1,10.9,102.0,762,804,1,0,1,0,316,1216,115,0
16.14,climb_cruise,434.0,434.0,34974.6,-799,2.17,7.27,354.02,2.65,15.0,125.0,0,0,1.06,0.11,0.22,-0.337,0.533,0.156,1.000,0.100,0.100,0.100,1,10.9,102.0,762,804,1,0,1,0,316,1216,116,0
16.16,climb_cruise,434.0,434.0,34974.3,-795,2.19,7.27,354.02,2.66,15.0,125.0,0,0,1.07,0.11,0.22,-0.339,0.533,0.156,1.000,0.100,0.100,0.100,1,10.9,102.0,762,804,1,0,1,0,316,1216,115,0
16.18,climb_cruise,433.9,433.9,34974.1,-791,2.21,7.28,354.03,2.68,15.0,125.0,0,0,1.07,0.11,0.22,-0.342,0.533,0.156,1.000,0.100,0.100,0.100,1,10.9,102.0,762,804,1,0,1,0,316,1216,115,0
16.20,climb_cruise,433.9,433.9,34973.8,-787,2.23,7.28,354.04,2.70,15.0,125.0,0,0,1.07,0.10,0.22,-0.344,0.532,0.156,1.000,0.100,0.100,0.100,1,10.9,102.0,762,804,1,0,1,0,316,1216,114,0
16.22,climb_cruise,433.9,433.9,34973.6,-783,2.25,7.28,354.04,2.71,15.0,125.0,0,0,1.08,0.10,0.22,-0.346,0.532,0.156,1.000,0.100,0.100,0.100,1,10.8,102.0,762,804,1,0,1,0,316,1216,115,0
16.24,climb_cruise,433.9,433.9,34973.3,-779,2.27,7.28,354.05,2.73,15.0,125.0,0,0,1.08,0.10,0.22,-0.348,0.532,0.157,1.000,0.100,0.100,0.100,1,10.8,102.0,762,804,1,0,1,0,316,1216,115,0
16.26,climb_cruise,433.9,433.9,34973.0,-774,2.29,7.29,354.06,2.74,15.0,125.0,0,0,1.08,0.09,0.22,-0.351,0.532,0.157,1.000,0.100,0.100,0.100,1,10.8,102.0,762,804,1,0,1,0,316,1216,115,0
16.28,climb_cruise,433.9,433.9,34972.8,-770,2.31,7.29,354.07,2.76,15.0,125.0,0,0,1.08,0.09,0.22,-0.353,0.532,0.157,1.000,0.100,0.100,0.100,1,10.8,102.0,762,804,1,0,1,0,316,1216,115,0
16.30,climb_cruise,433.9,433.9,34972.5,-766,2.33,7.29,354.07,2.77,15.0,125.0,0,0,1.08,0.09,0.22,-0.355,0.532,0.157,1.000,0.100,0.100,0.100,1,10.8,102.0,762,804,1,0,1,0,316,1216,116,0
16.32,climb_cruise,433.8,433.8,34972.3,-761,2.35,7.29,354.08,2.79,15.0,125.0,0,0,1.09,0.09,0.22,-0.357,0.531,0.157,1.000,0.100,0.100,0.100,1,10.7,102.0,762,804,1,0,1,0,316,1216,115,0
16.34,climb_cruise,433.8,433.8,34972.0,-756,2.37,7.29,354.09,2.80,15.0,125.0,0,0,1.09,0.08,0.22,-0.360,0.531,0.157,1.000,0.100,0.100,0.100,1,10.7,102.0,762,804,1,0,1,0,316,1216,115,0
16.36,climb_cruise,433.8,433.8,34971.8,-752,2.40,7.30,354.09,2.82,15.0,125.0,0,0,1.09,0.08,0.22,-0.362,0.531,0.158,1.000,0.100,0.100,0.100,1,10.7,102.0,762,804,1,0,1,0,316,1216,115,0
16.38,climb_cruise,433.8,433.8,34971.5,-747,2.42,7.30,354.10,2.83,15.0,125.0,0,0,1.09,0.08,0.22,-0.364,0.531,0.158,1.000,0.100,0.100,0.100,1,10.7,102.0,762,804,1,0,1,0,316,1216,116,0
16.40,climb_cruise,433.8,433.8,34971.3,-742,2.44,7.30,354.11,2.85,15.0,125.0,0,0,1.09,0.07,0.22,-0.366,0.531,0.158,1.000,0.100,0.100,0.100,1,10.6,102.0,762,804,1,0,1,0,316,1216,116,0
16.42,climb_cruise,433.8,433.8,34971.0,-737,2.46,7.30,354.12,2.86,15.0,125.0,0,0,1.10,0.07,0.22,-0.368,0.530,0.158,1.000,0.100,0.100,0.100,1,10.6,102.0,762,804,1,0,1,0,316,1216,114,0
16.44,climb_cruise,433.8,433.8,34970.8,-732,2.48,7.30,354.12,2.88,15.0,125.0,0,0,1.10,0.07,0.22,-0.370,0.530,0.158,1.000,0.100,0.100,0.100,1,10.6,102.0,762,804,1,0,1,0,316,1216,116,0
16.46,climb_cruise,433.7,433.7,34970.5,-727,2.50,7.30,354.13,2.89,15.0,125.0,0,0,1.10,0.06,0.22,-0.372,0.530,0.158,1.000,0.100,0.100,0.100,1,10.6,102.0,762,804,1,0,1,0,316,1216,115,0
16.48,climb_cruise,433.7,433.7,34970.3,-722,2.52,7.31,354.14,2.91,15.0,125.0,0,0,1.10,0.06,0.22,-0.374,0.530,0.158,1.000,0.100,0.100,0.100,1,10.6,102.0,762,804,1,0,1,0,316,1216,115,0
16.50,climb_cruise,433.7,433.7,34970.0,-717,2.54,7.31,354.14,2.92,15.0,125.0,0,0,1.10,0.06,0.22,-0.376,0.530,0.159,1.000,0.100,0.100,0.100,1,10.5,102.0,762,804,1,0,1,0,316,1216,114,0
16.52,climb_cruise,433.7,433.7,34969.8,-711,2.57,7.31,354.15,2.94,15.0,125.0,0,0,1.10,0.06,0.22,-0.378,0.530,0.159,1.000,0.100,0.100,0.100,1,10.5,102.0,762,804,1,0,1,0,316,1216,115,0
16.54,climb_cruise,433.7,433.7,34969.6,-706,2.59,7.31,354.16,2.95,15.0,125.0,0,0,1.10,0.05,0.22,-0.379,0.529,0.159,1.000,0.100,0.100,0.100,1,10.5,102.0,762,804,1,0,1,0,316,1216,115,0
16.56,climb_cruise,433.7,433.7,34969.3,-701,2.61,7.31,354.17,2.97,15.0,125.0,0,0,1.10,0.05,0.22,-0.381,0.529,0.159,1.000,0.100,0.100,0.100,1,10.5,102.0,762,804,1,0,1,0,316,1216,115,0
16.58,climb_cruise,433.6,433.6,34969.1,-695,2.63,7.31,354.17,2.98,15.0,125.0,0,0,1.10,0.05,0.22,-0.383,0.529,0.159,1.000,0.100,0.100,0.100,1,10.5,102.0,762,804,1,0,1,0,316,1216,115,0
16.60,climb_cruise,433.6,433.6,34968.9,-689,2.65,7.31,354.18,2.99,15.0,125.0,0,0,1.10,0.04,0.22,-0.385,0.529,0.159,1.000,0.100,0.100,0.100,1,10.4,102.0,762,804,1,0,1,0,316,1216,114,0
16.62,climb_cruise,433.6,433.6,34968.6,-684,2.67,7.32,354.19,3.01,15.0,125.0,0,0,1.11,0.04,0.22,-0.387,0.529,0.160,1.000,0.100,0.100,0.100,1,10.4,102.0,762,804,1,0,1,0,316,1216,115,0
16.64,climb_cruise,433.6,433.6,34968.4,-678,2.69,7.32,354.19,3.02,15.0,125.0,0,0,1.11,0.04,0.22,-0.388,0.529,0.160,1.000,0.100,0.100,0.100,1,10.4,102.0,762,804,1,0,1,0,316,1216,115,0
16.66,climb_cruise,433.6,433.6,34968.2,-672,2.72,7.32,354.20,3.04,15.0,125.0,0,0,1.11,0.04,0.22,-0.390,0.528,0.160,1.000,0.100,0.100,0.100,1,10.4,102.0,762,804,1,0,1,0,316,1216,115,0
16.68,climb_cruise,433.6,433.6,34967.9,-666,2.74,7.32,354.21,3.05,15.0,125.0,0,0,1.11,0.03,0.22,-0.392,0.528,0.160,1.000,0.100,0.100,0.100,1,10.4,102.0,762,804,1,0,1,0,316,1216,116,0
16.70,climb_cruise,433.5,433.5,34967.7,-660,2.76,7.32,354.22,3.06,15.0,125.0,0,0,1.11,0.03,0.22,-0.393,0.528,0.160,1.000,0.100,0.100,0.100,1,10.3,102.0,762,804,1,0,1,0,316,1216,115,0
16.72,climb_cruise,433.5,433.5,34967.5,-654,2.78,7.32,354.22,3.08,15.0,125.0,0,0,1.11,0.03,0.22,-0.395,0.528,0.160,1.000,0.100,0.100,0.100,1,10.3,102.0,762,804,1,0,1,0,316,1216,115,0
16.74,climb_cruise,433.5,433.5,34967.3,-648,2.80,7.32,354.23,3.09,15.0,125.0,0,0,1.11,0.02,0.22,-0.396,0.528,0.161,1.000,0.100,0.100,0.100,1,10.3,102.0,762,804,1,0,1,0,316,1216,116,0
16.76,climb_cruise,433.5,433.5,34967.1,-642,2.82,7.32,354.24,3.10,15.0,125.0,0,0,1.11,0.02,0.22,-0.398,0.528,0.161,1.000,0.100,0.100,0.100,1,10.3,102.0,762,804,1,0,1,0,316,1216,115,0
16.78,climb_cruise,433.5,433.5,34966.9,-636,2.84,7.32,354.24,3.12,15.0,125.0,0,0,1.11,0.02,0.22,-0.399,0.528,0.161,1.000,0.100,0.100,0.100,1,10.2,102.0,762,804,1,0,1,0,316,1216,115,0
16.80,climb_cruise,433.5,433.5,34966.6,-629,2.87,7.32,354.25,3.13,15.0,125.0,0,0,1.11,0.02,0.22,-0.401,0.527,0.161,1.000,0.100,0.100,0.100,1,10.2,102.0,762,804,1,0,1,0,316,1216,115,0
16.82,climb_cruise,433.4,433.4,34966.4,-623,2.89,7.32,354.26,3.14,15.0,125.0,0,0,1.11,0.01,0.22,-0.402,0.527,0.161,1.000,0.100,0.100,0.100,1,10.2,102.0,762,804,1,0,1,0,316,1216,114,0
16.84,climb_cruise,433.4,433.4,34966.2,-616,2.91,7.33,354.27,3.16,15.0,125.0,0,0,1.10,0.01,0.22,-0.403,0.527,0.161,1.000,0.100,0.100,0.100,1,10.2,102.0,762,804,1,0,1,0,316,1216,116,0
16.86,climb_cruise,433.4,433.4,34966.0,-610,2.93,7.33,354.27,3.17,15.0,125.0,0,0,1.10,0.01,0.22,-0.405,0.527,0.161,1.000,0.100,0.100,0.100,1,10.2,102.0,762,804,1,0,1,0,316,1216,116,0
16.88,climb_cruise,433.4,433.4,34965.8,-603,2.95,7.33,354.28,3.18,15.0,125.0,0,0,1.10,0.01,0.22,-0.406,0.527,0.162,1.000,0.100,0.100,0.100,1,10.1,102.0,762,804,1,0,1,0,316,1216,115,0
16.90,climb_cruise,433.4,433.4,34965.6,-597,2.97,7.33,354.29,3.20,15.0,125.0,0,0,1.10,0.00,0.22,-0.407,0.527,0.162,1.000,0.100,0.100,0.100,1,10.1,102.0,762,804,1,0,1,0,316,1216,114,0
16.92,climb_cruise,433.4,433.4,34965.4,-590,2.99,7.33,354.29,3.21,15.0,125.0,0,0,1.10,0.00,0.22,-0.408,0.526,0.162,1.000,0.100,0.100,0.100,1,10.1,102.0,762,804,1,0,1,0,316,1216,114,0
16.94,climb_cruise,433.3,433.3,34965.2,-583,3.02,7.33,354.30,3.22,15.0,125.0,0,0,1.10,-0.00,0.22,-0.410,0.526,0.162,1.000,0.100,0.100,0.100,1,10.1,102.0,762,804,1,0,1,0,316,1216,115,0
16.96,climb_cruise,433.3,433.3,34965.0,-576,3.04,7.33,354.31,3.23,15.0,125.0,0,0,1.10,-0.00,0.22,-0.411,0.526,0.162,1.000,0.100,0.100,0.100,1,10.1,102.0,762,804,1,0,1,0,316,1216,116,0
16.98,climb_cruise,433.3,433.3,34964.8,-569,3.06,7.33,354.32,3.25,15.0,125.0,0,0,1.10,-0.01,0.22,-0.412,0.526,0.162,1.000,0.100,0.100,0.100,1,10.0,102.0,762,804,1,0,1,0,316,1216,115,0
17.00,climb_cruise,433.3,433.3,34964.7,-562,3.08,7.33,354.32,3.26,15.0,125.0,0,0,1.10,-0.01,0.22,-0.413,0.526,0.163,1.000,0.100,0.100,0.100,1,10.0,102.0,762,804,1,0,1,0,316,1216,115,0
17.02,climb_cruise,433.3,433.3,34964.5,-555,3.10,7.33,354.33,3.27,15.0,125.0,0,0,1.09,-0.01,0.22,-0.414,0.526,0.163,1.000,0.100,0.100,0.100,1,10.0,102.0,762,804,1,0,1,0,316,1216,115,0
17.04,climb_cruise,433.2,433.2,34964.3,-548,3.12,7.33,354.34,3.28,15.0,125.0,0,0,1.09,-0.01,0.22,-0.415,0.526,0.163,1.000,0.100,0.100,0.100,1,10.0,102.0,762,804,1,0,1,0,316,1216,115,0
17.06,climb_cruise,433.2,433.2,34964.1,-541,3.14,7.33,354.34,3.29,15.0,125.0,0,0,1.09,-0.02,0.21,-0.416,0.525,0.163,1.000,0.100,0.100,0.100,1,10.0,102.0,762,804,1,0,1,0,316,1216,115,0
17.08,climb_cruise,433.2,433.2,34963.9,-533,3.16,7.33,354.35,3.31,15.0,125.0,0,0,1.09,-0.02,0.21,-0.417,0.525,0.163,1.000,0.100,0.100,0.100,1,9.9,102.0,762,804,1,0,1,0,316,1216,115,0
17.10,climb_cruise,433.2,433.2,34963.7,-526,3.18,7.33,354.36,3.32,15.0,125.0,0,0,1.09,-0.02,0.21,-0.418,0.525,0.163,1.000,0.100,0.100,0.100,1,9.9,102.0,762,804,1,0,1,0,316,1216,115,0
17.12,climb_cruise,433.2,433.2,34963.6,-519,3.21,7.33,354.36,3.33,15.0,125.0,0,0,1.09,-0.02,0.21,-0.419,0.525,0.164,1.000,0.100,0.100,0.100,1,9.9,102.0,762,804,1,0,1,0,316,1216,114,0
17.14,climb_cruise,433.2,433.2,34963.4,-511,3.23,7.33,354.37,3.34,15.0,125.0,0,0,1.08,-0.03,0.21,-0.419,0.525,0.164,1.000,0.100,0.100,0.100,1,9.9,102.0,762,804,1,0,1,0,316,1216,115,0
17.16,climb_cruise,433.1,433.1,34963.2,-504,3.25,7.33,354.38,3.35,15.0,125.0,0,0,1.08,-0.03,0.21,-0.420,0.525,0.164,1.000,0.100,0.100,0.100,1,9.9,102.0,762,804,1,0,1,0,316,1216,116,0
17.18,climb_cruise,433.1,433.1,34963.1,-496,3.27,7.33,354.39,3.36,15.0,125.0,0,0,1.08,-0.03,0.21,-0.421,0.525,0.164,1.000,0.100,0.100,0.100,1,9.8,102.0,762,804,1,0,1,0,316,1216,114,0
17.20,climb_cruise,433.1,433.1,34962.9,-489,3.29,7.33,354.39,3.37,15.0,125.0,0,0,1.08,-0.03,0.21,-0.422,0.524,0.164,1.000,0.100,0.100,0.100,1,9.8,102.0,762,804,1,0,1,0,316,1216,115,0
17.22,climb_cruise,433.1,433.1,34962.7,-481,3.31,7.33,354.40,3.39,15.0,125.0,0,0,1.07,-0.03,0.21,-0.422,0.524,0.164,1.000,0.100,0.100,0.100,1,9.8,102.0,762,804,1,0,1,0,316,1216,114,0
17.24,climb_cruise,433.1,433.1,34962.6,-473,3.33,7.33,354.41,3.40,15.0,125.0,0,0,1.07,-0.04,0.21,-0.423,0.524,0.164,1.000,0.100,0.100,0.100,1,9.8,102.0,762,804,1,0,1,0,316,1216,115,0
17.26,climb_cruise,433.0,433.0,34962.4,-465,3.35,7.33,354.41,3.41,15.0,125.0,0,0,1.07,-0.04,0.21,-0.424,0.524,0.165,1.000,0.100,0.100,0.100,1,9.8,102.0,762,804,1,0,1,0,316,1216,116,0
17.28,climb_cruise,433.0,433.0,34962.3,-457,3.37,7.33,354.42,3.42,15.0,125.0,0,0,1.07,-0.04,0.21,-0.424,0.524,0.165,1.000,0.100,0.100,0.100,1,9.7,102.0,762,804,1,0,1,0,316,1216,114,0
17.30,climb_cruise,433.0,433.0,34962.1,-450,3.39,7.33,354.43,3.43,15.0,125.0,0,0,1.06,-0.04,0.21,-0.425,0.524,0.165,1.000,0.100,0.100,0.100,1,9.7,102.0,762,804,1,0,1,0,316,1216,114,0
17.32,climb_cruise,433.0,433.0,34962.0,-442,3.41,7.33,354.43,3.44,15.0,125.0,0,0,1.06,-0.05,0.21,-0.425,0.524,0.165,1.000,0.100,0.100,0.100,1,9.7,102.0,762,804,1,0,1,0,316,1216,115,0
17.34,climb_cruise,433.0,433.0,34961.8,-434,3.43,7.33,354.44,3.45,15.0,125.0,0,0,1.06,-0.05,0.21,-0.426,0.524,0.165,1.000,0.100,0.100,0.100,1,9.7,102.0,762,804,1,0,1,0,316,1216,114,0
17.36,climb_cruise,432.9,432.9,34961.7,-425,3.45,7.33,354.45,3.46,15.0,125.0,0,0,1.05,-0.05,0.21,-0.426,0.523,0.165,1.000,0.100,0.100,0.100,1,9.7,102.0,762,804,1,0,1,0,316,1216,115,0
17.38,climb_cruise,432.9,432.9,34961.5,-417,3.48,7.32,354.46,3.47,15.0,125.0,0,0,1.05,-0.05,0.21,-0.426,0.523,0.166,1.000,0.100,0.100,0.100,1,9.7,102.0,762,804,1,0,1,0,316,1216,116,0
17.40,climb_cruise,432.9,432.9,34961.4,-409,3.50,7.32,354.46,3.48,15.0,125.0,0,0,1.05,-0.05,0.21,-0.427,0.523,0.166,1.000,0.100,0.100,0.100,1,9.6,102.0,762,804,1,0,1,0,316,1216,115,0
17.42,climb_cruise,432.9,432.9,34961.2,-401,3.52,7.32,354.47,3.49,15.0,125.0,0,0,1.04,-0.06,0.21,-0.427,0.523,0.166,1.000,0.100,0.100,0.100,1,9.6,102.0,762,804,1,0,1,0,316,1216,114,0
17.44,climb_cruise,432.9,432.9,34961.1,-393,3.54,7.32,354.48,3.50,15.0,125.0,0,0,1.04,-0.06,0.21,-0.427,0.523,0.166,1.000,0.100,0.100,0.100,1,9.6,102.0,762,804,1,0,1,0,316,1216,115,0
17.46,climb_cruise,432.8,432.8,34961.0,-384,3.56,7.32,354.48,3.51,15.0,125.0,0,0,1.03,-0.06,0.21,-0.427,0.523,0.166,1.000,0.100,0.100,0.100,1,9.6,102.0,762,804,1,0,1,0,316,1216,115,0
17.48,climb_cruise,432.8,432.8,34960.9,-376,3.58,7.32,354.49,3.52,15.0,125.0,0,0,1.03,-0.06,0.21,-0.428,0.523,0.166,1.000,0.100,0.100,0.100,1,9.6,102.0,762,804,1,0,1,0,316,1216,114,0
17.50,climb_cruise,432.8,432.8,34960.7,-368,3.60,7.32,354.50,3.53,15.0,125.0,0,0,1.03,-0.06,0.21,-0.428,0.523,0.166,1.000,0.100,0.100,0.100,1,9.5,102.0,762,804,1,0,1,0,316,1216,115,0
17.52,climb_cruise,432.8,432.8,34960.6,-359,3.62,7.32,354.50,3.53,15.0,125.0,0,0,1.02,-0.07,0.21,-0.428,0.522,0.167,1.000,0.100,0.100,0.100,1,9.5,102.0,762,804,1,0,1,0,316,1216,115,0
17.54,climb_cruise,432.8,432.8,34960.5,-351,3.64,7.32,354.51,3.54,15.0,125.0,0,0,1.02,-0.07,0.21,-0.428,0.522,0.167,1.000,0.100,0.100,0.100,1,9.5,102.0,762,804,1,0,1,0,316,1216,114,0
17.56,climb_cruise,432.7,432.7,34960.4,-342,3.65,7.32,354.52,3.55,15.0,125.0,0,0,1.01,-0.07,0.21,-0.428,0.522,0.167,1.000,0.100,0.100,0.100,1,9.5,102.0,762,804,1,0,1,0,316,1216,115,0
17.58,climb_cruise,432.7,432.7,34960.3,-333,3.67,7.32,354.52,3.56,15.0,125.0,0,0,1.01,-0.07,0.21,-0.428,0.522,0.167,1.000,0.100,0.100,0.100,1,9.5,102.0,762,804,1,0,1,0,316,1216,114,0
17.60,climb_cruise,432.7,432.7,34960.2,-325,3.69,7.32,354.53,3.57,15.0,125.0,0,0,1.01,-0.07,0.21,-0.428,0.522,0.167,1.000,0.100,0.100,0.100,1,9.4,102.0,762,804,1,0,1,0,316,1216,116,0
17.62,climb_cruise,432.7,432.7,34960.0,-316,3.71,7.31,354.54,3.58,15.0,125.0,0,0,1.00,-0.08,0.21,-0.428,0.522,0.167,1.000,0.100,0.100,0.100,1,9.4,102.0,762,804,1,0,1,0,316,1216,115,0
17.64,climb_cruise,432.6,432.6,34959.9,-307,3.73,7.31,354.54,3.59,15.0,125.0,0,0,1.00,-0.08,0.21,-0.428,0.522,0.168,1.000,0.100,0.100,0.100,1,9.4,102.0,762,804,1,0,1,0,316,1216,114,0
17.66,climb_cruise,432.6,432.6,34959.8,-299,3.75,7.31,354.55,3.59,15.0,125.0,0,0,0.99,-0.08,0.21,-0.427,0.522,0.168,1.000,0.100,0.100,0.100,1,9.4,102.0,762,804,1,0,1,0,316,1216,115,0
17.68,climb_cruise,432.6,432.6,34959.7,-290,3.77,7.31,354.56,3.60,15.0,125.0,0,0,0.99,-0.08,0.21,-0.427,0.522,0.168,1.000,0.100,0.100,0.100,1,9.4,102.0,762,804,1,0,1,0,316,1216,116,0
17.70,climb_cruise,432.6,432.6,34959.6,-281,3.79,7.31,354.56,3.61,15.0,125.0,0,0,0.98,-0.08,0.21,-0.427,0.521,0.168,1.000,0.100,0.100,0.100,1,9.3,102.0,762,804,1,0,1,0,316,1216,116,0
17.72,climb_cruise,432.6,432.6,34959.6,-272,3.81,7.31,354.57,3.62,15.0,125.0,0,0,0.98,-0.08,0.21,-0.427,0.521,0.168,1.000,0.100,0.100,0.100,1,9.3,102.0,762,804,1,0,1,0,316,1216,114,0
17.74,climb_cruise,432.5,432.5,34959.5,-263,3.83,7.31,354.58,3.62,15.0,125.0,0,0,0.97,-0.09,0.21,-0.426,0.521,0.168,1.000,0.100,0.100,0.100,1,9.3,102.0,762,804,1,0,1,0,316,1216,115,0
17.76,climb_cruise,432.5,432.5,34959.4,-254,3.85,7.31,354.58,3.63,15.0,125.0,0,0,0.97,-0.09,0.21,-0.426,0.521,0.169,1.000,0.100,0.100,0.100,1,9.3,102.0,762,804,1,0,1,0,316,1216,115,0
17.78,climb_cruise,432.5,432.5,34959.3,-245,3.87,7.30,354.59,3.64,15.0,125.0,0,0,0.96,-0.09,0.21,-0.425,0.521,0.169,1.000,0.100,0.100,0.100,1,9.3,102.0,762,804,1,0,1,0,316,1216,116,0
17.80,climb_cruise,432.5,432.5,34959.2,-236,3.88,7.30,354.60,3.64,15.0,125.0,0,0,0.96,-0.09,0.21,-0.425,0.521,0.169,1.000,0.100,0.100,0.100,1,9.3,102.0,762,804,1,0,1,0,316,1216,115,0
17.82,climb_cruise,432.4,432.4,34959.1,-227,3.90,7.30,354.60,3.65,15.0,125.0,0,0,0.95,-0.09,0.21,-0.425,0.521,0.169,1.000,0.100,0.100,0.100,1,9.2,102.0,762,804,1,0,1,0,316,1216,116,0
17.84,climb_cruise,432.4,432.4,34959.1,-218,3.92,7.30,354.61,3.66,15.0,125.0,0,0,0.94,-0.09,0.21,-0.424,0.521,0.169,1.000,0.100,0.100,0.100,1,9.2,102.0,762,804,1,0,1,0,316,1216,115,0
17.86,climb_cruise,432.4,432.4,34959.0,-209,3.94,7.30,354.62,3.66,15.0,125.0,0,0,0.94,-0.10,0.21,-0.423,0.521,0.169,1.000,0.100,0.100,0.100,1,9.2,102.0,762,804,1,0,1,0,316,1216,116,0
17.88,climb_cruise,432.4,432.4,34958.9,-200,3.96,7.30,354.62,3.67,15.0,125.0,0,0,0.93,-0.10,0.21,-0.423,0.521,0.169,1.000,0.100,0.100,0.100,1,9.2,102.0,762,804,1,0,1,0,316,1216,115,0
17.90,climb_cruise,432.4,432.4,34958.9,-190,3.97,7.30,354.63,3.68,15.0,125.0,0,0,0.93,-0.10,0.21,-0.422,0.520,0.170,1.000,0.100,0.100,0.100,1,9.2,102.0,762,804,1,0,1,0,316,1216,115,0
17.92,climb_cruise,432.3,432.3,34958.8,-181,3.99,7.29,354.64,3.68,15.0,125.0,0,0,0.92,-0.10,0.21,-0.421,0.520,0.170,1.000,0.100,0.100,0.100,1,9.1,102.0,762,804,1,0,1,0,316,1216,115,0
17.94,climb_cruise,432.3,432.3,34958.7,-172,4.01,7.29,354.64,3.69,15.0,125.0,0,0,0.91,-0.10,0.21,-0.421,0.520,0.170,1.000,0.100,0.100,0.100,1,9.1,102.0,762,804,1,0,1,0,316,1216,115,0
17.96,climb_cruise,432.3,432.3,34958.7,-163,4.03,7.29,354.65,3.69,15.0,125.0,0,0,0.91,-0.10,0.21,-0.420,0.520,0.170,1.000,0.100,0.100,0.100,1,9.1,102.0,762,804,1,0,1,0,316,1216,116,0
17.98,climb_cruise,432.3,432.3,34958.6,-153,4.05,7.29,354.65,3.70,15.0,125.0,0,0,0.90,-0.10,0.21,-0.419,0.520,0.170,1.000,0.100,0.100,0.100,1,9.1,102.0,762,804,1,0,1,0,316,1216,116,0
18.00,climb_cruise,432.2,432.2,34958.6,-144,4.06,7.29,354.66,3.70,15.0,125.0,0,0,0.90,-0.11,0.20,-0.418,0.520,0.170,1.000,0.100,0.100,0.100,1,9.1,102.0,762,804,1,0,1,0,316,1216,116,0
18.02,climb_cruise,432.2,432.2,34958.5,-135,4.08,7.29,354.67,3.71,15.0,125.0,0,0,0.89,-0.11,0.20,-0.417,0.520,0.171,1.000,0.100,0.100,0.100,1,9.1,102.0,762,804,1,0,1,0,316,1216,116,0
18.04,climb_cruise,432.2,432.2,34958.5,-125,4.10,7.28,354.67,3.72,15.0,125.0,0,0,0.88,-0.11,0.20,-0.416,0.520,0.171,1.000,0.100,0.100,0.100,1,9.0,102.0,762,804,1,0,1,0,316,1216,115,0
18.06,climb_cruise,432.2,432.2,34958.4,-116,4.11,7.28,354.68,3.72,15.0,125.0,0,0,0.88,-0.11,0.20,-0.415,0.520,0.171,1.000,0.100,0.100,0.100,1,9.0,102.0,762,804,1,0,1,0,316,1216,116,0
18.08,climb_cruise,432.1,432.1,34958.4,-106,4.13,7.28,354.69,3.72,15.0,125.0,0,0,0.87,-0.11,0.20,-0.414,0.520,0.171,1.000,0.100,0.100,0.100,1,9.0,102.0,762,804,1,0,1,0,316,1216,115,0
18.10,climb_cruise,432.1,432.1,34958.4,-97,4.15,7.28,354.69,3.73,15.0,125.0,0,0,0.86,-0.11,0.20,-0.413,0.520,0.171,1.000,0.100,0.100,0.100,1,9.0,102.0,762,804,1,0,1,0,316,1216,115,0
18.12,climb_cruise,432.1,432.1,34958.3,-87,4.16,7.28,354.70,3.73,15.0,125.0,0,0,0.86,-0.11,0.20,-0.412,0.520,0.171,1.000,0.100,0.100,0.100,1,9.0,102.0,762,804,1,0,1,0,316,1216,115,0
18.14,climb_cruise,432.1,432.1,34958.3,-78,4.18,7.28,354.71,3.74,15.0,125.0,0,0,0.85,-0.12,0.20,-0.411,0.519,0.172,1.000,0.100,0.100,0.100,1,8.9,102.0,762,804,1,0,1,0,316,1216,114,0
18.16,climb_cruise,432.1,432.1,34958.3,-68,4.20,7.27,354.71,3.74,15.0,125.0,0,0,0.84,-0.12,0.20,-0.410,0.519,0.172,1.000,0.100,0.100,0.100,1,8.9,102.0,762,804,1,0,1,0,316,1216,115,0
18.18,climb_cruise,432.0,432.0,34958.3,-59,4.21,7.27,354.72,3.75,15.0,125.0,0,0,0.83,-0.12,0.20,-0.409,0.519,0.172,1.000,0.100,0.100,0.100,1,8.9,102.0,762,804,1,0,1,0,316,1216,116,0
18.20,climb_cruise,432.0,432.0,34958.2,-49,4.23,7.27,354.72,3.75,15.0,125.0,0,0,0.83,-0.12,0.20,-0.408,0.519,0.172,1.000,0.100,0.100,0.100,1,8.9,102.0,762,804,1,0,1,0,316,1216,115,0
18.22,climb_cruise,432.0,432.0,34958.2,-40,4.24,7.27,354.73,3.75,15.0,125.0,0,0,0.82,-0.12,0.20,-0.406,0.519,0.172,1.000,0.100,0.100,0.100,1,8.9,102.0,762,804,1,0,1,0,316,1216,115,0
18.24,climb_cruise,432.0,432.0,34958.2,-30,4.26,7.27,354.74,3.76,15.0,125.0,0,0,0.81,-0.12,0.20,-0.405,0.519,0.172,1.000,0.100,0.100,0.100,1,8.9,102.0,762,804,1,0,1,0,316,1216,115,0
18.26,climb_cruise,431.9,431.9,34958.2,-21,4.28,7.26,354.74,3.76,15.0,125.0,0,0,0.80,-0.12,0.20,-0.404,0.519,0.172,1.000,0.100,0.100,0.100,1,8.8,102.0,762,804,1,0,1,0,316,1216,115,0
18.28,climb_cruise,431.9,431.9,34958.2,-11,4.29,7.26,354.75,3.76,15.0,125.0,0,0,0.80,-0.12,0.20,-0.402,0.519,0.173,1.000,0.100,0.100,0.100,1,8.8,102.0,762,804,1,0,1,0,316,1216,114,0
18.30,climb_cruise,431.9,431.9,34958.2,-1,4.31,7.26,354.75,3.77,15.0,125.0,0,0,0.79,-0.12,0.20,-0.401,0.519,0.173,1.000,0.100,0.100,0.100,1,8.8,102.0,762,804,1,0,1,0,316,1216,115,0
18.32,climb_cruise,431.9,431.9,34958.2,8,4.32,7.26,354.76,3.77,15.0,125.0,0,0,0.78,-0.13,0.20,-0.399,0.519,0.173,1.000,0.100,0.100,0.100,1,8.8,102.0,762,804,1,0,1,0,316,1216,116,0
18.34,climb_cruise,431.8,431.8,34958.2,18,4.34,7.26,354.77,3.77,15.0,125.0,0,0,0.77,-0.13,0.20,-0.398,0.519,0.173,1.000,0.100,0.100,0.100,1,8.8,102.0,762,804,1,0,1,0,316,1216,116,0
18.36,climb_cruise,431.8,431.8,34958.2,28,4.35,7.25,354.77,3.77,15.0,125.0,0,0,0.77,-0.13,0.20,-0.396,0.519,0.173,1.000,0.100,0.100,0.100,1,8.7,102.0,762,804,1,0,1,0,316,1216,116,0
18.38,climb_cruise,431.8,431.8,34958.2,37,4.37,7.25,354.78,3.77,15.0,125.0,0,0,0.76,-0.13,0.20,-0.395,0.519,0.173,1.000,0.100,0.100,0.100,1,8.7,102.0,762,804,1,0,1,0,316,1216,116,0
18.40,climb_cruise,431.8,431.8,34958.2,47,4.38,7.25,354.78,3.78,15.0,125.0,0,0,0.75,-0.13,0.20,-0.393,0.519,0.174,1.000,0.100,0.100,0.100,1,8.7,102.0,762,804,1,0,1,0,316,1216,115,0
18.42,climb_cruise,431.7,431.7,34958.3,57,4.39,7.25,354.79,3.78,15.0,125.0,0,0,0.74,-0.13,0.20,-0.391,0.519,0.174,1.000,0.100,0.100,0.100,1,8.7,102.0,762,804,1,0,1,0,316,1216,115,0
18.44,climb_cruise,431.7,431.7,34958.3,66,4.41,7.25,354.80,3.78,15.0,125.0,0,0,0.73,-0.13,0.20,-0.390,0.518,0.174,1.000,0.100,0.100,0.100,1,8.7,102.0,762,804,1,0,1,0,316,1216,114,0
18.46,climb_cruise,431.7,431.7,34958.3,76,4.42,7.24,354.80,3.78,15.0,125.0,0,0,0.72,-0.13,0.20,-0.388,0.518,0.174,1.000,0.100,0.100,0.100,1,8.7,102.0,762,804,1,0,1,0,316,1216,115,0
18.48,climb_cruise,431.7,431.7,34958.3,86,4.44,7.24,354.81,3.78,15.0,125.0,0,0,0.72,-0.13,0.20,-0.386,0.518,0.174,1.000,0.100,0.100,0.100,1,8.6,102.0,762,804,1,0,1,0,316,1216,116,0
18.50,climb_cruise,431.6,431.6,34958.4,96,4.45,7.24,354.81,3.78,15.0,125.0,0,0,0.71,-0.13,0.20,-0.384,0.518,0.174,1.000,0.100,0.100,0.100,1,8.6,102.0,762,804,1,0,1,0,316,1216,115,0
18.52,climb_cruise,431.6,431.6,34958.4,105,4.46,7.24,354.82,3.78,15.0,125.0,0,0,0.70,-0.13,0.20,-0.382,0.518,0.174,1.000,0.100,0.100,0.100,1,8.6,102.0,762,804,1,0,1,0,316,1216,116,0
18.54,climb_cruise,431.6,431.6,34958.4,115,4.48,7.23,354.82,3.79,15.0,125.0,0,0,0.69,-0.14,0.20,-0.380,0.518,0.175,1.000,0.100,0.100,0.100,1,8.6,102.0,762,804,1,0,1,0,316,1216,116,0
18.56,climb_cruise,431.6,431.6,34958.5,125,4.49,7.23,354.83,3.79,15.0,125.0,0,0,0.68,-0.14,0.20,-0.379,0.518,0.175,1.000,0.100,0.100,0.100,1,8.6,102.0,762,804,1,0,1,0,316,1216,116,0
18.58,climb_cruise,431.5,431.5,34958.5,134,4.50,7.23,354.84,3.79,15.0,125.0,0,0,0.67,-0.14,0.20,-0.377,0.518,0.175,1.000,0.100,0.100,0.100,1,8.6,102.0,762,804,1,0,1,0,316,1216,115,0
18.60,climb_cruise,431.5,431.5,34958.5,144,4.52,7.23,354.84,3.79,15.0,125.0,0,0,0.66,-0.14,0.20,-0.375,0.518,0.175,1.000,0.100,0.100,0.100,1,8.5,102.0,762,804,1,0,1,0,316,1216,114,0
18.62,climb_cruise,431.5,431.5,34958.6,154,4.53,7.22,354.85,3.79,15.0,125.0,0,0,0.66,-0.14,0.20,-0.373,0.518,0.175,1.000,0.100,0.100,0.100,1,8.5,102.0,762,804,1,0,1,0,316,1216,114,0
18.64,climb_cruise,431.5,431.5,34958.7,164,4.54,7.22,354.85,3.79,15.0,125.0,0,0,0.65,-0.14,0.20,-0.370,0.518,0.175,1.000,0.100,0.100,0.100,1,8.5,102.0,762,804,1,0,1,0,316,1216,115,0
18.66,climb_cruise,431.4,431.4,34958.7,173,4.55,7.22,354.86,3.79,15.0,125.0,0,0,0.64,-0.14,0.20,-0.368,0.518,0.176,1.000,0.100,0.100,0.100,1,8.5,102.0,762,804,1,0,1,0,316,1216,115,0
18.68,climb_cruise,431.4,431.4,34958.8,183,4.57,7.22,354.86,3.79,15.0,125.0,0,0,0.63,-0.14,0.20,-0.366,0.518,0.176,1.000,0.100,0.100,0.100,1,8.5,102.0,762,804,1,0,1,0,316,1216,116,0
18.70,climb_cruise,431.4,431.4,34958.8,193,4.58,7.22,354.87,3.79,15.0,125.0,0,0,0.62,-0.14,0.20,-0.364,0.518,0.176,1.000,0.100,0.100,0.100,1,8.5,102.0,762,804,1,0,1,0,316,1216,115,0
18.72,climb_cruise,431.3,431.3,34958.9,202,4.59,7.21,354.87,3.78,15.0,125.0,0,0,0.61,-0.14,0.20,-0.362,0.518,0.176,1.000,0.100,0.100,0.100,1,8.4,102.0,762,804,1,0,1,0,316,1216,114,0
18.74,climb_cruise,431.3,431.3,34959.0,212,4.60,7.21,354.88,3.78,15.0,125.0,0,0,0.60,-0.14,0.20,-0.359,0.518,0.176,1.000,0.100,0.100,0.100,1,8.4,102.0,762,804,1,0,1,0,316,1216,115,0
18.76,climb_cruise,431.3,431.3,34959.0,222,4.61,7.21,354.89,3.78,15.0,125.0,0,0,0.59,-0.14,0.20,-0.357,0.518,0.176,1.000,0.100,0.100,0.100,1,8.4,102.0,762,804,1,0,1,0,316,1216,116,0
18.78,climb_cruise,431.3,431.3,34959.1,231,4.62,7.21,354.89,3.78,15.0,125.0,0,0,0.58,-0.14,0.20,-0.355,0.518,0.177,1.000,0.100,0.100,0.100,1,8.4,102.0,762,804,1,0,1,0,316,1216,115,0
18.80,climb_cruise,431.2,431.2,34959.2,241,4.63,7.20,354.90,3.78,15.0,125.0,0,0,0.57,-0.14,0.20,-0.352,0.518,0.177,1.000,0.100,0.100,0.100,1,8.4,102.0,762,804,1,0,1,0,316,1216,115,0
18.82,climb_cruise,431.2,431.2,34959.3,251,4.64,7.20,354.90,3.78,15.0,125.0,0,0,0.56,-0.14,0.20,-0.350,0.518,0.177,1.000,0.100,0.100,0.100,1,8.4,102.0,762,804,1,0,1,0,316,1216,115,0
18.84,climb_cruise,431.2,431.2,34959.4,260,4.66,7.20,354.91,3.78,15.0,125.0,0,0,0.55,-0.14,0.20,-0.348,0.518,0.177,1.000,0.100,0.100,0.100,1,8.3,102.0,762,804,1,0,1,0,316,1216,115,0
18.86,climb_cruise,431.2,431.2,34959.4,270,4.67,7.20,354.91,3.77,15.0,125.0,0,0,0.54,-0.14,0.20,-0.345,0.518,0.177,1.000,0.100,0.100,0.100,1,8.3,102.0,762,804,1,0,1,0,316,1216,116,0
18.88,climb_cruise,431.1,431.1,34959.5,279,4.68,7.19,354.92,3.77,15.0,125.0,0,0,0.53,-0.14,0.20,-0.343,0.518,0.177,1.000,0.100,0.100,0.100,1,8.3,102.0,762,804,1,0,1,0,316,1216,114,0
18.90,climb_cruise,431.1,431.1,34959.6,289,4.69,7.19,354.92,3.77,15.0,125.0,0,0,0.52,-0.15,0.20,-0.340,0.518,0.177,1.000,0.100,0.100,0.100,1,8.3,102.0,762,804,1,0,1,0,316,1216,114,0
18.92,climb_cruise,431.1,431.1,34959.7,299,4.70,7.19,354.93,3.77,15.0,125.0,0,0,0.51,-0.15,0.20,-0.338,0.517,0.178,1.000,0.100,0.100,0.100,1,8.3,102.0,762,804,1,0,1,0,316,1216,115,0
18.94,climb_cruise,431.1,431.1,34959.8,308,4.71,7.19,354.93,3.76,15.0,125.0,0,0,0.50,-0.15,0.20,-0.335,0.517,0.178,1.000,0.100,0.100,0.100,1,8.3,102.0,762,804,1,0,1,0,316,1216,116,0
18.96,climb_cruise,431.0,431.0,34959.9,318,4.71,7.18,354.94,3.76,15.0,125.0,0,0,0.49,-0.15,0.19,-0.332,0.517,0.178,1.000,0.100,0.100,0.100,1,8.2,102.0,762,804,1,0,1,0,316,1216,116,0
18.98,climb_cruise,431.0,431.0,34960.0,327,4.72,7.18,354.94,3.76,15.0,125.0,0,0,0.48,-0.15,0.19,-0.330,0.517,0.178,1.000,0.100,0.100,0.100,1,8.2,102.0,762,804,1,0,1,0,316,1216,114,0
19.00,climb_cruise,431.0,431.0,34960.1,337,4.73,7.18,354.95,3.75,15.0,125.0,0,0,0.47,-0.15,0.19,-0.327,0.517,0.178,1.000,0.100,0.100,0.100,1,8.2,102.0,762,804,1,0,1,0,316,1216,115,0
19.02,climb_cruise,430.9,430.9,34960.3,346,4.74,7.18,354.95,3.75,15.0,125.0,0,0,0.46,-0.15,0.19,-0.324,0.517,0.178,1.000,0.100,0.100,0.100,1,8.2,102.0,762,804,1,0,1,0,316,1216,115,0
19.04,climb_cruise,430.9,430.9,34960.4,356,4.75,7.17,354.96,3.75,15.0,125.0,0,0,0.45,-0.15,0.19,-0.321,0.517,0.179,1.000,0.100,0.100,0.100,1,8.2,102.0,762,804,1,0,1,0,316,1216,116,0
19.06,climb_cruise,430.9,430.9,34960.5,365,4.76,7.17,354.96,3.74,15.0,125.0,0,0,0.44,-0.15,0.19,-0.319,0.517,0.179,1.000,0.100,0.100,0.100,1,8.2,102.0,762,804,1,0,1,0,316,1216,115,0
19.08,climb_cruise,430.9,430.9,34960.6,374,4.77,7.17,354.97,3.74,15.0,125.0,0,0,0.43,-0.15,0.19,-0.316,0.517,0.179,1.000,0.100,0.100,0.100,1,8.1,102.0,762,804,1,0,1,0,316,1216,115,0
19.10,climb_cruise,430.8,430.8,34960.7,384,4.77,7.17,354.97,3.74,15.0,125.0,0,0,0.42,-0.15,0.19,-0.313,0.517,0.179,1.000,0.100,0.100,0.100,1,8.1,102.0,762,804,1,0,1,0,316,1216,115,0
19.12,climb_cruise,430.8,430.8,34960.9,393,4.78,7.16,354.98,3.73,15.0,125.0,0,0,0.41,-0.15,0.19,-0.310,0.517,0.179,1.000,0.100,0.100,0.100,1,8.1,102.0,762,804,1,0,1,0,316,1216,115,0
19.14,climb_cruise,430.8,430.8,34961.0,402,4.79,7.16,354.98,3.73,15.0,125.0,0,0,0.40,-0.15,0.19,-0.307,0.517,0.179,1.000,0.100,0.100,0.100,1,8.1,102.0,762,804,1,0,1,0,316,1216,114,0
19.16,climb_cruise,430.7,430.7,34961.1,412,4.80,7.16,354.99,3.72,15.0,125.0,0,0,0.39,-0.15,0.19,-0.304,0.517,0.180,1.000,0.100,0.100,0.100,1,8.1,102.0,762,804,1,0,1,0,316,1216,115,0
19.18,climb_cruise,430.7,430.7,34961.3,421,4.80,7.16,354.99,3.72,15.0,125.0,0,0,0.38,-0.15,0.19,-0.301,0.517,0.180,1.000,0.100,0.100,0.100,1,8.1,102.0,762,804,1,0,1,0,316,1216,115,0
19.20,climb_cruise,430.7,430.7,34961.4,430,4.81,7.15,355.00,3.71,15.0,125.0,0,0,0.37,-0.15,0.19,-0.298,0.517,0.180,1.000,0.100,0.100,0.100,1,8.0,102.0,762,804,1,0,1,0,316,1216,115,0
19.22,climb_cruise,430.7,430.7,34961.6,439,4.82,7.15,355.00,3.71,15.0,125.0,0,0,0.36,-0.15,0.19,-0.295,0.517,0.180,1.000,0.100,0.100,0.100,1,8.0,102.0,762,804,1,0,1,0,316,1216,114,0
19.24,climb_cruise,430.6,430.6,34961.7,449,4.82,7.15,355.01,3.70,15.0,125.0,0,0,0.35,-0.15,0.19,-0.292,0.517,0.180,1.000,0.100,0.100,0.100,1,8.0,102.0,762,804,1,0,1,0,316,1216,114,0
19.26,climb_cruise,430.6,430.6,34961.9,458,4.83,7.15,355.01,3.70,15.0,125.0,0,0,0.34,-0.15,0.19,-0.289,0.517,0.180,1.000,0.100,0.100,0.100,1,8.0,102.0,762,804,1,0,1,0,316,1216,115,0
19.28,climb_cruise,430.6,430.6,34962.0,467,4.84,7.14,355.02,3.69,15.0,125.0,0,0,0.33,-0.15,0.19,-0.286,0.517,0.180,1.000,0.100,0.100,0.100,1,8.0,102.0,762,804,1,0,1,0,316,1216,115,0
19.30,climb_cruise,430.6,430.6,34962.2,476,4.84,7.14,355.02,3.68,15.0,125.0,0,0,0.32,-0.15,0.19,-0.282,0.517,0.181,1.000,0.100,0.100,0.100,1,8.0,102.0,762,804,1,0,1,0,316,1216,116,0
19.32,climb_cruise,430.5,430.5,34962.3,485,4.85,7.14,355.03,3.68,15.0,125.0,0,0,0.30,-0.15,0.19,-0.279,0.517,0.181,1.000,0.100,0.100,0.100,1,7.9,102.0,762,804,1,0,1,0,316,1216,114,0
19.34,climb_cruise,430.5,430.5,34962.5,494,4.85,7.14,355.03,3.67,15.0,125.0,0,0,0.29,-0.15,0.19,-0.276,0.517,0.181,1.000,0.100,0.100,0.100,1,7.9,102.0,762,804,1,0,1,0,316,1216,115,0
19.36,climb_cruise,430.5,430.5,34962.7,503,4.86,7.13,355.03,3.67,15.0,125.0,0,0,0.28,-0.15,0.19,-0.273,0.517,0.181,1.000,0.100,0.100,0.100,1,7.9,102.0,762,804,1,0,1,0,316,1216,116,0
19.38,climb_cruise,430.4,430.4,34962.8,512,4.86,7.13,355.04,3.66,15.0,125.0,0,0,0.27,-0.15,0.19,-0.269,0.517,0.181,1.000,0.100,0.100,0.100,1,7.9,102.0,762,804,1,0,1,0,316,1216,116,0
19.40,climb_cruise,430.4,430.4,34963.0,521,4.87,7.13,355.04,3.65,15.0,125.0,0,0,0.26,-0.15,0.19,-0.266,0.517,0.181,1.000,0.100,0.100,0.100,1,7.9,102.0,762,804,1,0,1,0,316,1216,115,0
19.42,climb_cruise,430.4,430.4,34963.2,530,4.87,7.12,355.05,3.64,15.0,125.0,0,0,0.25,-0.15,0.19,-0.263,0.517,0.182,1.000,0.100,0.100,0.100,1,7.9,102.0,762,804,1,0,1,0,316,1216,114,0
19.44,climb_cruise,430.4,430.4,34963.4,538,4.88,7.12,355.05,3.64,15.0,125.0,0,0,0.24,-0.15,0.19,-0.259,0.517,0.182,1.000,0.100,0.100,0.100,1,7.9,102.0,762,804,1,0,1,0,316,1216,115,0
19.46,climb_cruise,430.3,430.3,34963.5,547,4.88,7.12,355.06,3.63,15.0,125.0,0,0,0.23,-0.15,0.19,-0.256,0.517,0.182,1.000,0.100,0.100,0.100,1,7.8,102.0,762,804,1,0,1,0,316,1216,115,0
19.48,climb_cruise,430.3,430.3,34963.7,556,4.89,7.12,355.06,3.62,15.0,125.0,0,0,0.22,-0.15,0.19,-0.252,0.517,0.182,1.000,0.100,0.100,0.100,1,7.8,102.0,762,804,1,0,1,0,316,1216,115,0
19.50,climb_cruise,430.3,430.3,34963.9,564,4.89,7.11,355.07,3.62,15.0,125.0,0,0,0.20,-0.15,0.19,-0.249,0.517,0.182,1.000,0.100,0.100,0.100,1,7.8,102.0,762,804,1,0,1,0,316,1216,115,0
19.52,climb_cruise,430.2,430.2,34964.1,573,4.89,7.11,355.07,3.61,15.0,125.0,0,0,0.19,-0.15,0.19,-0.245,0.517,0.182,1.000,0.100,0.100,0.100,1,7.8,102.0,762,804,1,0,1,0,316,1216,114,0
19.54,climb_cruise,430.2,430.2,34964.3,582,4.90,7.11,355.07,3.60,15.0,125.0,0,0,0.18,-0.15,0.19,-0.242,0.517,0.183,1.000,0.100,0.100,0.100,1,7.8,102.0,762,804,1,0,1,0,316,1216,114,0
19.56,climb_cruise,430.2,430.2,34964.5,590,4.90,7.11,355.08,3.59,15.0,125.0,0,0,0.17,-0.15,0.19,-0.238,0.517,0.183,1.000,0.100,0.100,0.100,1,7.8,102.0,762,804,1,0,1,0,316,1216,114,0
19.58,climb_cruise,430.2,430.2,34964.7,599,4.90,7.10,355.08,3.58,15.0,125.0,0,0,0.16,-0.14,0.19,-0.235,0.517,0.183,1.000,0.100,0.100,0.100,1,7.7,102.0,762,804,1,0,1,0,316,1216,114,0
19.60,climb_cruise,430.1,430.1,34964.9,607,4.91,7.10,355.09,3.57,15.0,125.0,0,0,0.15,-0.14,0.19,-0.231,0.517,0.183,1.000,0.100,0.100,0.100,1,7.7,102.0,762,804,1,0,1,0,316,1216,115,0
19.62,climb_cruise,430.1,430.1,34965.1,616,4.91,7.10,355.09,3.57,15.0,125.0,0,0,0.14,-0.14,0.19,-0.228,0.517,0.183,1.000,0.100,0.100,0.100,1,7.7,102.0,762,804,1,0,1,0,316,1216,115,0
19.64,climb_cruise,430.1,430.1,34965.3,624,4.91,7.10,355.10,3.56,15.0,125.0,0,0,0.13,-0.14,0.19,-0.224,0.517,0.183,1.000,0.100,0.100,0.100,1,7.7,102.0,762,804,1,0,1,0,316,1216,115,0
19.66,climb_cruise,430.0,430.0,34965.5,632,4.91,7.09,355.10,3.55,15.0,125.0,0,0,0.11,-0.14,0.19,-0.220,0.517,0.183,1.000,0.100,0.100,0.100,1,7.7,102.0,762,804,1,0,1,0,316,1216,116,0
19.68,climb_cruise,430.0,430.0,34965.7,640,4.91,7.09,355.10,3.54,15.0,125.0,0,0,0.10,-0.14,0.19,-0.217,0.517,0.184,1.000,0.100,0.100,0.100,1,7.7,102.0,762,804,1,0,1,0,316,1216,114,0
19.70,climb_cruise,430.0,430.0,34965.9,649,4.91,7.09,355.11,3.53,15.0,125.0,0,0,0.09,-0.14,0.19,-0.213,0.517,0.184,1.000,0.100,0.100,0.100,1,7.7,102.0,762,804,1,0,1,0,316,1216,115,0
19.72,climb_cruise,429.9,429.9,34966.2,657,4.92,7.09,355.11,3.52,15.0,125.0,0,0,0.08,-0.14,0.19,-0.209,0.517,0.184,1.000,0.100,0.100,0.100,1,7.6,102.0,762,804,1,0,1,0,316,1216,114,0
19.74,climb_cruise,429.9,429.9,34966.4,665,4.92,7.08,355.12,3.51,15.0,125.0,0,0,0.07,-0.14,0.19,-0.205,0.517,0.184,1.000,0.100,0.100,0.100,1,7.6,102.0,762,804,1,0,1,0,316,1216,114,0
19.76,climb_cruise,429.9,429.9,34966.6,673,4.92,7.08,355.12,3.50,15.0,125.0,0,0,0.06,-0.14,0.19,-0.202,0.517,0.184,1.000,0.100,0.100,0.100,1,7.6,102.0,762,804,1,0,1,0,316,1216,114,0
19.78,climb_cruise,429.9,429.9,34966.8,681,4.92,7.08,355.12,3.49,15.0,125.0,0,0,0.04,-0.14,0.19,-0.198,0.517,0.184,1.000,0.100,0.100,0.100,1,7.6,102.0,762,804,1,0,1,0,316,1216,114,0
19.80,climb_cruise,429.8,429.8,34967.1,689,4.92,7.08,355.13,3.48,15.0,125.0,0,0,0.03,-0.14,0.19,-0.194,0.517,0.185,1.000,0.100,0.100,0.100,1,7.6,102.0,762,804,1,0,1,0,316,1216,115,0
19.82,climb_cruise,429.8,429.8,34967.3,697,4.92,7.07,355.13,3.47,15.0,125.0,0,0,0.02,-0.14,0.19,-0.190,0.517,0.185,1.000,0.100,0.100,0.100,1,7.6,102.0,762,804,1,0,1,0,316,1216,116,0
19.84,climb_cruise,429.8,429.8,34967.5,704,4.92,7.07,355.13,3.46,15.0,125.0,0,0,0.01,-0.14,0.19,-0.186,0.517,0.185,1.000,0.100,0.100,0.100,1,7.5,102.0,762,804,1,0,1,0,316,1216,115,0
19.86,climb_cruise,429.7,429.7,34967.8,712,4.92,7.07,355.14,3.45,15.0,125.0,0,0,-0.00,-0.14,0.19,-0.182,0.517,0.185,1.000,0.100,0.100,0.100,1,7.5,102.0,762,804,1,0,1,0,316,1216,114,0
19.88,climb_cruise,429.7,429.7,34968.0,720,4.92,7.07,355.14,3.44,15.0,125.0,0,0,-0.01,-0.14,0.19,-0.178,0.517,0.185,1.000,0.100,0.100,0.100,1,7.5,102.0,762,804,1,0,1,0,316,1216,115,0
19.90,climb_cruise,429.7,429.7,34968.2,727,4.92,7.06,355.15,3.43,15.0,125.0,0,0,-0.02,-0.14,0.19,-0.174,0.517,0.185,1.000,0.100,0.100,0.100,1,7.5,102.0,762,804,1,0,1,0,316,1216,114,0
19.92,climb_cruise,429.7,429.7,34968.5,735,4.92,7.06,355.15,3.42,15.0,125.0,0,0,-0.04,-0.14,0.19,-0.170,0.517,0.186,1.000,0.100,0.100,0.100,1,7.5,102.0,762,804,1,0,1,0,316,1216,116,0
19.94,climb_cruise,429.6,429.6,34968.7,742,4.91,7.06,355.15,3.41,15.0,125.0,0,0,-0.05,-0.14,0.19,-0.166,0.517,0.186,1.000,0.100,0.100,0.100,1,7.5,102.0,762,804,1,0,1,0,316,1216,116,0
19.96,climb_cruise,429.6,429.6,34969.0,750,4.91,7.06,355.16,3.40,15.0,125.0,0,0,-0.06,-0.13,0.19,-0.162,0.517,0.186,1.000,0.100,0.100,0.100,1,7.5,102.0,762,804,1,0,1,0,316,1216,115,0
19.98,climb_cruise,429.6,429.6,34969.2,757,4.91,7.06,355.16,3.38,15.0,125.0,0,0,-0.07,-0.13,0.19,-0.158,0.518,0.186,1.000,0.100,0.100,0.100,1,7.4,102.0,762,804,1,0,1,0,316,1216,115,0