time_s,phase,airspeed_kts,groundSpeed_kts,altitude_ft,verticalSpeed_fpm,pitch_deg,roll_deg,yaw_deg,alpha_deg,stallAlpha_deg,stallSpeed_kts,stallWarning,stall,pitchRate_deg_s,rollRate_deg_s,yawRate_deg_s,ctrlElevator,ctrlAileron,ctrlRudder,ctrlThrottle,effElevator,effAileron,effRudder,motionEnabled,eng1_n1,eng2_n1,eng1_egt,eng2_egt,eng1_failed,eng2_failed,eng1_fire,eng2_fire,hydPressA_psi,hydPressB_psi,elecVolts,onGround
-0.02,climb_cruise,449.9,449.9,34999.9,-42,0.20,0.00,0.00,0.17,15.0,125.0,0,0,3.56,0.00,0.00,0.000,0.000,0.000,1.000,1.000,1.000,1.000,1,84.4,84.4,763,763,0,0,0,0,3000,3000,115,0
0.00,climb_cruise,449.9,449.9,34999.9,-49,0.27,-0.00,0.00,0.31,15.0,125.0,0,0,3.86,-0.00,0.00,-0.005,-0.000,-0.000,1.000,1.000,1.000,1.000,1,84.3,84.3,763,763,0,0,0,0,3000,3000,115,0
0.02,climb_cruise,449.9,449.9,34999.9,-56,0.35,-0.00,0.00,0.40,15.0,125.0,0,0,4.28,-0.00,0.00,-0.010,-0.000,-0.000,1.000,1.000,1.000,1.000,1,84.2,84.2,764,764,0,0,0,0,3000,3000,114,0
0.04,climb_cruise,449.9,449.9,34999.8,-62,0.44,-0.00,0.00,0.50,15.0,125.0,0,0,4.86,-0.00,0.00,-0.015,-0.000,-0.000,1.000,1.000,1.000,1.000,1,84.2,84.2,764,764,0,0,0,0,3000,3000,116,0
0.06,climb_cruise,449.9,449.9,34999.8,-68,0.54,-0.00,0.00,0.61,15.0,125.0,0,0,5.40,-0.00,0.00,-0.019,-0.000,-0.000,1.000,1.000,1.000,1.000,1,84.1,84.1,765,765,0,0,0,0,3000,3000,114,0
0.08,climb_cruise,449.9,449.9,34999.8,-73,0.65,-0.00,0.00,0.72,15.0,125.0,0,0,5.77,-0.00,0.00,-0.021,-0.000,-0.000,1.000,1.000,1.000,1.000,1,84.1,84.1,765,765,0,0,0,0,3000,3000,115,0
0.10,climb_cruise,449.9,449.9,34999.8,-77,0.77,-0.00,0.00,0.84,15.0,125.0,0,0,5.86,-0.00,0.00,-0.021,-0.000,-0.000,1.000,1.000,1.000,1.000,1,84.1,84.1,766,766,0,0,0,0,3000,3000,115,0
0.12,climb_cruise,449.9,449.9,34999.7,-81,0.89,-0.00,0.00,0.96,15.0,125.0,0,0,5.62,-0.00,0.00,-0.020,-0.000,-0.000,1.000,1.000,1.000,1.000,1,84.1,84.1,766,766,0,0,0,0,3000,3000,114,0
0.14,climb_cruise,449.9,449.9,34999.7,-83,0.99,-0.00,0.00,1.08,15.0,125.0,0,0,5.02,-0.00,0.00,-0.018,-0.000,-0.000,1.000,1.000,1.000,1.000,1,84.1,84.1,766,766,0,0,0,0,3000,3000,115,0
0.16,climb_cruise,449.8,449.8,34999.7,-85,1.09,-0.00,0.00,1.18,15.0,125.0,0,0,4.09,-0.00,0.00,-0.015,-0.000,-0.000,1.000,1.000,1.000,1.000,1,84.1,84.1,767,767,0,0,0,0,3000,3000,114,0
0.18,climb_cruise,449.8,449.8,34999.6,-87,1.16,-0.00,0.00,1.26,15.0,125.0,0,0,2.87,-0.00,0.00,-0.011,-0.000,-0.000,1.000,1.000,1.000,1.000,1,84.1,84.1,767,767,0,0,0,0,3000,3000,115,0
0.20,climb_cruise,449.8,449.8,34999.6,-88,1.21,-0.00,0.00,1.31,15.0,125.0,0,0,1.44,-0.00,0.00,-0.007,-0.000,-0.000,1.000,1.000,1.000,1.000,1,84.1,84.1,768,768,0,0,0,0,3000,3000,115,0
0.22,climb_cruise,449.8,449.8,34999.6,-88,1.22,-0.00,0.00,1.33,15.0,125.0,0,0,-0.09,-0.00,0.00,-0.002,-0.000,-0.000,1.000,1.000,1.000,1.000,1,84.1,84.1,768,768,0,0,0,0,3000,3000,115,0
0.24,climb_cruise,449.8,449.8,34999.5,-89,1.21,-0.00,0.00,1.32,15.0,125.0,0,0,-1.63,-0.00,0.00,0.001,-0.000,-0.000,1.000,1.000,1.000,1.000,1,84.1,84.1,769,769,0,0,0,0,3000,3000,115,0
0.26,climb_cruise,449.8,449.8,34999.5,-90,1.16,-0.00,0.00,1.29,15.0,125.0,0,0,-3.05,-0.00,0.00,0.004,-0.000,-0.000,1.000,1.000,1.000,1.000,1,84.2,84.2,769,769,0,0,0,0,3000,3000,115,0
0.28,climb_cruise,449.8,449.8,34999.5,-91,1.09,-0.00,0.00,1.22,15.0,125.0,0,0,-4.25,-0.00,0.00,0.006,-0.000,-0.000,1.000,1.000,1.000,1.000,1,84.2,84.2,770,770,0,0,0,0,3000,3000,116,0
0.30,climb_cruise,449.8,449.8,34999.5,-92,1.00,-0.00,0.00,1.13,15.0,125.0,0,0,-5.11,-0.00,0.00,0.007,-0.000,-0.000,1.000,1.000,1.000,1.000,1,84.3,84.3,770,770,0,0,0,0,3000,3000,115,0
0.32,climb_cruise,449.7,449.7,34999.4,-94,0.89,-0.00,0.00,1.03,15.0,125.0,0,0,-5.57,-0.00,0.00,0.006,-0.000,-0.000,1.000,1.000,1.000,1.000,1,84.3,84.3,770,770,0,0,0,0,3000,3000,115,0
0.34,climb_cruise,449.7,449.7,34999.4,-97,0.78,-0.00,0.00,0.92,15.0,125.0,0,0,-5.59,-0.00,0.00,0.004,-0.000,-0.000,1.000,1.000,1.000,1.000,1,84.4,84.4,771,771,0,0,0,0,3000,3000,116,0
0.36,climb_cruise,449.7,449.7,34999.4,-100,0.67,-0.00,0.00,0.82,15.0,125.0,0,0,-5.13,-0.00,0.00,0.001,-0.000,-0.000,1.000,1.000,1.000,1.000,1,84.5,84.4,771,771,0,0,0,0,3000,3000,115,0
0.38,climb_cruise,449.7,449.7,34999.3,-105,0.58,-0.00,0.00,0.72,15.0,125.0,0,0,-4.24,-0.00,0.00,-0.004,-0.000,-0.000,1.000,1.000,1.000,1.000,1,84.5,84.5,772,772,0,0,0,0,3000,3000,114,0
0.40,climb_cruise,449.7,449.7,34999.3,-109,0.50,-0.00,0.00,0.65,15.0,125.0,0,0,-2.96,-0.00,0.00,-0.009,-0.000,-0.000,1.000,1.000,1.000,1.000,1,84.6,84.6,772,772,0,0,0,0,3000,3000,115,0
0.42,climb_cruise,449.7,449.7,34999.3,-115,0.46,-0.00,0.00,0.61,15.0,125.0,0,0,-1.38,-0.00,0.00,-0.014,-0.000,-0.000,1.000,1.000,1.000,1.000,1,84.7,84.7,772,772,0,0,0,0,3000,3000,115,0
0.44,climb_cruise,449.7,449.7,34999.2,-120,0.44,-0.00,0.00,0.59,15.0,125.0,0,0,0.39,-0.00,0.00,-0.020,-0.000,-0.000,1.000,1.000,1.000,1.000,1,84.8,84.8,773,773,0,0,0,0,3000,3000,115,0
0.46,climb_cruise,449.7,449.7,34999.2,-126,0.47,-0.00,0.00,0.62,15.0,125.0,0,0,2.21,-0.00,0.00,-0.025,-0.000,-0.000,1.000,1.000,1.000,1.000,1,84.8,84.8,773,773,0,0,0,0,3000,3000,114,0
0.48,climb_cruise,449.7,449.7,34999.1,-131,0.52,-0.00,0.00,0.67,15.0,125.0,0,0,3.95,-0.00,0.00,-0.030,-0.000,-0.000,1.000,1.000,1.000,1.000,1,84.9,84.9,774,774,0,0,0,0,3000,3000,115,0
0.50,climb_cruise,449.6,449.6,34999.1,-136,0.62,-0.00,0.00,0.77,15.0,125.0,0,0,5.47,-0.00,0.00,-0.033,-0.000,-0.000,1.000,1.000,1.000,1.000,1,85.0,85.0,774,774,0,0,0,0,3000,3000,116,0
0.52,climb_cruise,449.6,449.6,34999.0,-140,0.74,-0.00,0.00,0.89,15.0,125.0,0,0,6.64,-0.00,0.00,-0.035,-0.000,-0.000,1.000,1.000,1.000,1.000,1,85.1,85.1,774,774,0,0,0,0,3000,3000,115,0
0.54,climb_cruise,449.6,449.6,34999.0,-144,0.88,-0.00,0.00,1.03,15.0,125.0,0,0,7.37,-0.00,0.00,-0.036,-0.000,-0.000,1.000,1.000,1.000,1.000,1,85.2,85.2,775,775,0,0,0,0,3000,3000,116,0
0.56,climb_cruise,449.6,449.6,34998.9,-146,1.03,-0.00,0.00,1.18,15.0,125.0,0,0,7.59,-0.00,0.00,-0.034,-0.000,-0.000,1.000,1.000,1.000,1.000,1,85.3,85.3,775,775,0,0,0,0,3000,3000,116,0
0.58,climb_cruise,449.6,449.6,34998.9,-148,1.18,-0.00,0.00,1.33,15.0,125.0,0,0,7.26,-0.00,0.00,-0.032,-0.000,-0.000,1.000,1.000,1.000,1.000,1,85.4,85.4,775,775,0,0,0,0,3000,3000,114,0
0.60,climb_cruise,449.6,449.6,34998.8,-149,1.31,-0.00,0.00,1.47,15.0,125.0,0,0,6.39,-0.00,0.00,-0.027,-0.000,-0.000,1.000,1.000,1.000,1.000,1,85.5,85.5,776,776,0,0,0,0,3000,3000,114,0
0.62,climb_cruise,449.6,449.6,34998.8,-148,1.43,-0.00,0.00,1.60,15.0,125.0,0,0,5.03,-0.00,0.00,-0.022,-0.000,-0.000,1.000,1.000,1.000,1.000,1,85.7,85.6,776,776,0,0,0,0,3000,3000,115,0
0.64,climb_cruise,449.6,449.6,34998.7,-147,1.52,-0.00,0.00,1.69,15.0,125.0,0,0,3.28,-0.00,0.00,-0.016,-0.000,-0.000,1.000,1.000,1.000,1.000,1,85.8,85.8,776,776,0,0,0,0,3000,3000,115,0
0.66,climb_cruise,449.6,449.6,34998.7,-145,1.57,-0.00,0.00,1.74,15.0,125.0,0,0,1.25,-0.00,0.00,-0.010,-0.000,-0.000,1.000,1.000,1.000,1.000,1,85.9,85.9,777,777,0,0,0,0,3000,3000,116,0
0.68,climb_cruise,449.5,449.5,34998.6,-143,1.57,-0.00,0.00,1.76,15.0,125.0,0,0,-0.90,-0.00,0.00,-0.004,-0.000,-0.000,1.000,1.000,1.000,1.000,1,86.0,86.0,777,777,0,0,0,0,3000,3000,115,0
0.70,climb_cruise,449.5,449.5,34998.6,-142,1.54,-0.00,0.00,1.73,15.0,125.0,0,0,-3.01,-0.00,0.00,0.001,-0.000,-0.000,1.000,1.000,1.000,1.000,1,86.1,86.1,777,777,0,0,0,0,3000,3000,115,0
0.72,climb_cruise,449.5,449.5,34998.5,-140,1.46,-0.00,0.00,1.66,15.0,125.0,0,0,-4.92,-0.00,0.00,0.005,-0.000,-0.000,1.000,1.000,1.000,1.000,1,86.2,86.2,778,778,0,0,0,0,3000,3000,116,0
0.74,climb_cruise,449.5,449.5,34998.5,-139,1.35,-0.00,0.00,1.55,15.0,125.0,0,0,-6.48,-0.00,0.00,0.008,-0.000,-0.000,1.000,1.000,1.000,1.000,1,86.3,86.3,778,778,0,0,0,0,3000,3000,115,0
0.76,climb_cruise,449.5,449.5,34998.4,-138,1.21,-0.00,0.00,1.41,15.0,125.0,0,0,-7.55,-0.00,0.00,0.008,-0.000,-0.000,1.000,1.000,1.000,1.000,1,86.5,86.5,778,778,0,0,0,0,3000,3000,116,0
0.78,climb_cruise,449.5,449.5,34998.4,-139,1.05,-0.00,0.00,1.26,15.0,125.0,0,0,-8.04,-0.00,0.00,0.007,-0.000,-0.000,1.000,1.000,1.000,1.000,1,86.6,86.6,779,779,0,0,0,0,3000,3000,115,0
0.80,climb_cruise,449.5,449.5,34998.4,-140,0.89,-0.00,0.00,1.10,15.0,125.0,0,0,-7.90,-0.00,0.00,0.004,-0.000,-0.000,1.000,1.000,1.000,1.000,1,86.7,86.7,779,779,0,0,0,0,3000,3000,116,0
0.82,climb_cruise,449.5,449.5,34998.3,-143,0.74,-0.00,0.00,0.95,15.0,125.0,0,0,-7.11,-0.00,0.00,-0.001,-0.000,-0.000,1.000,1.000,1.000,1.000,1,86.8,86.8,779,779,0,0,0,0,3000,3000,116,0
0.84,climb_cruise,449.5,449.5,34998.3,-147,0.61,-0.00,0.00,0.82,15.0,125.0,0,0,-5.71,-0.00,0.00,-0.007,-0.000,-0.000,1.000,1.000,1.000,1.000,1,87.0,87.0,780,780,0,0,0,0,3000,3000,115,0
0.86,climb_cruise,449.4,449.4,34998.2,-151,0.51,-0.00,0.00,0.72,15.0,125.0,0,0,-3.81,-0.00,0.00,-0.014,-0.000,-0.000,1.000,1.000,1.000,1.000,1,87.1,87.1,780,780,0,0,0,0,3000,3000,114,0
0.88,climb_cruise,449.4,449.4,34998.2,-156,0.46,-0.00,0.00,0.66,15.0,125.0,0,0,-1.52,-0.00,0.00,-0.022,-0.000,-0.000,1.000,1.000,1.000,1.000,1,87.2,87.2,780,780,0,0,0,0,3000,3000,114,0
0.90,climb_cruise,449.4,449.4,34998.1,-162,0.45,-0.00,0.00,0.65,15.0,125.0,0,0,0.98,-0.00,0.00,-0.029,-0.000,-0.000,1.000,1.000,1.000,1.000,1,87.3,87.3,780,780,0,0,0,0,3000,3000,115,0
0.92,climb_cruise,449.4,449.4,34998.1,-167,0.49,-0.00,0.00,0.68,15.0,125.0,0,0,3.51,-0.00,0.00,-0.036,-0.000,-0.000,1.000,1.000,1.000,1.000,1,87.5,87.5,781,781,0,0,0,0,3000,3000,114,0
0.94,climb_cruise,449.4,449.4,34998.0,-172,0.58,-0.00,0.00,0.77,15.0,125.0,0,0,5.88,-0.00,0.00,-0.042,-0.000,-0.000,1.000,1.000,1.000,1.000,1,87.6,87.6,781,781,0,0,0,0,3000,3000,116,0
0.96,climb_cruise,449.4,449.4,34998.0,-177,0.71,-0.00,0.00,0.90,15.0,125.0,0,0,7.89,-0.00,0.00,-0.046,-0.000,-0.000,1.000,1.000,1.000,1.000,1,87.7,87.7,781,781,0,0,0,0,3000,3000,116,0
0.98,climb_cruise,449.4,449.4,34997.9,-180,0.88,-0.00,0.00,1.07,15.0,125.0,0,0,9.39,-0.00,0.00,-0.048,-0.000,-0.000,1.000,1.000,1.000,1.000,1,87.8,87.8,782,782,0,0,0,0,3000,3000,114,0
1.00,climb_cruise,449.4,449.4,34997.8,-183,1.08,-0.00,0.00,1.27,15.0,125.0,0,0,10.23,-0.00,0.00,-0.048,-0.000,-0.000,1.000,1.000,1.000,1.000,1,88.0,88.0,782,782,0,0,0,0,3000,3000,114,0
1.02,climb_cruise,449.4,449.4,34997.7,-184,1.28,-0.00,0.00,1.47,15.0,125.0,0,0,10.34,-0.00,0.00,-0.046,-0.000,-0.000,1.000,1.000,1.000,1.000,1,88.1,88.1,782,782,0,0,0,0,3000,3000,115,0
1.04,climb_cruise,449.4,449.4,34997.7,-183,1.49,-0.00,0.00,1.68,15.0,125.0,0,0,9.69,-0.00,0.00,-0.041,-0.000,-0.000,1.000,1.000,1.000,1.000,1,88.2,88.2,782,782,0,0,0,0,3000,3000,114,0
1.06,climb_cruise,449.4,449.4,34997.6,-182,1.67,-0.00,0.00,1.86,15.0,125.0,0,0,8.30,-0.00,0.00,-0.035,-0.000,-0.000,1.000,1.000,1.000,1.000,1,88.4,88.4,783,783,0,0,0,0,3000,3000,115,0
1.08,climb_cruise,449.4,449.4,34997.5,-179,1.82,-0.00,0.00,2.02,15.0,125.0,0,0,6.25,-0.00,0.00,-0.027,-0.000,-0.000,1.000,1.000,1.000,1.000,1,88.5,88.5,783,783,0,0,0,0,3000,3000,116,0
1.10,climb_cruise,449.3,449.3,34997.5,-175,1.92,-0.00,0.00,2.13,15.0,125.0,0,0,3.69,-0.00,0.00,-0.018,-0.000,-0.000,1.000,1.000,1.000,1.000,1,88.6,88.6,783,783,0,0,0,0,3000,3000,116,0
1.12,climb_cruise,449.3,449.3,34997.4,-171,1.97,-0.00,0.00,2.18,15.0,125.0,0,0,0.80,-0.00,0.00,-0.009,-0.000,-0.000,1.000,1.000,1.000,1.000,1,88.7,88.7,783,783,0,0,0,0,3000,3000,116,0
1.14,climb_cruise,449.3,449.3,34997.4,-166,1.96,-0.00,0.00,2.18,15.0,125.0,0,0,-2.21,-0.00,0.00,-0.001,-0.000,-0.000,1.000,1.000,1.000,1.000,1,88.9,88.9,784,784,0,0,0,0,3000,3000,115,0
1.16,climb_cruise,449.3,449.3,34997.3,-162,1.89,-0.00,0.00,2.12,15.0,125.0,0,0,-5.11,-0.00,0.00,0.006,-0.000,-0.000,1.000,1.000,1.000,1.000,1,89.0,89.0,784,784,0,0,0,0,3000,3000,116,0
1.18,climb_cruise,449.3,449.3,34997.3,-158,1.77,-0.00,0.00,2.00,15.0,125.0,0,0,-7.68,-0.00,0.00,0.011,-0.000,-0.000,1.000,1.000,1.000,1.000,1,89.1,89.1,784,784,0,0,0,0,3000,3000,114,0
1.20,climb_cruise,449.3,449.3,34997.2,-154,1.60,-0.00,0.00,1.83,15.0,125.0,0,0,-9.70,-0.00,0.00,0.014,-0.000,-0.000,1.000,1.000,1.000,1.000,1,89.2,89.2,784,784,0,0,0,0,3000,3000,115,0
1.22,climb_cruise,449.3,449.3,34997.2,-152,1.39,-0.00,0.00,1.63,15.0,125.0,0,0,-11.01,-0.00,0.00,0.015,-0.000,-0.000,1.000,1.000,1.000,1.000,1,89.4,89.4,785,785,0,0,0,0,3000,3000,115,0
1.24,climb_cruise,449.3,449.3,34997.1,-152,1.17,-0.00,0.00,1.41,15.0,125.0,0,0,-11.49,-0.00,0.00,0.013,-0.000,-0.000,1.000,1.000,1.000,1.000,1,89.5,89.5,785,785,0,0,0,0,3000,3000,115,0
1.26,climb_cruise,449.3,449.3,34997.1,-153,0.94,-0.00,0.00,1.18,15.0,125.0,0,0,-11.06,-0.00,0.00,0.008,-0.000,-0.000,1.000,1.000,1.000,1.000,1,89.6,89.6,785,785,0,0,0,0,3000,3000,116,0
1.28,climb_cruise,449.3,449.3,34997.1,-155,0.73,-0.00,0.00,0.97,15.0,125.0,0,0,-9.75,-0.00,0.00,0.001,-0.000,-0.000,1.000,1.000,1.000,1.000,1,89.7,89.7,785,785,0,0,0,0,3000,3000,115,0
1.30,climb_cruise,449.2,449.2,34997.0,-159,0.55,-0.00,0.00,0.78,15.0,125.0,0,0,-7.61,-0.00,0.00,-0.008,-0.000,-0.000,1.000,1.000,1.000,1.000,1,89.9,89.9,786,786,0,0,0,0,3000,3000,115,0
1.32,climb_cruise,449.2,449.2,34997.0,-164,0.42,-0.00,0.00,0.65,15.0,125.0,0,0,-4.80,-0.00,0.00,-0.018,-0.000,-0.000,1.000,1.000,1.000,1.000,1,90.0,90.0,786,786,0,0,0,0,3000,3000,114,0
1.34,climb_cruise,449.2,449.2,34996.9,-170,0.35,-0.00,0.00,0.57,15.0,125.0,0,0,-1.52,-0.00,0.00,-0.029,-0.000,-0.000,1.000,1.000,1.000,1.000,1,90.1,90.1,786,786,0,0,0,0,3000,3000,116,0
1.36,climb_cruise,449.2,449.2,34996.9,-176,0.35,-0.00,0.00,0.57,15.0,125.0,0,0,2.01,-0.00,0.00,-0.039,-0.000,-0.000,1.000,1.000,1.000,1.000,1,90.2,90.2,786,786,0,0,0,0,3000,3000,114,0
1.38,climb_cruise,449.2,449.2,34996.8,-182,0.42,-0.00,0.00,0.63,15.0,125.0,0,0,5.52,-0.00,0.00,-0.049,-0.000,-0.000,1.000,1.000,1.000,1.000,1,90.4,90.4,786,786,0,0,0,0,3000,3000,115,0
1.40,climb_cruise,449.2,449.2,34996.7,-187,0.56,-0.00,0.00,0.76,15.0,125.0,0,0,8.72,-0.00,0.00,-0.056,-0.000,-0.000,1.000,1.000,1.000,1.000,1,90.5,90.5,787,787,0,0,0,0,3000,3000,115,0
1.42,climb_cruise,449.2,449.2,34996.7,-192,0.76,-0.00,0.00,0.95,15.0,125.0,0,0,11.38,-0.00,0.00,-0.061,-0.000,-0.000,1.000,1.000,1.000,1.000,1,90.6,90.6,787,787,0,0,0,0,3000,3000,116,0
1.44,climb_cruise,449.2,449.2,34996.6,-195,1.00,-0.00,0.00,1.20,15.0,125.0,0,0,13.26,-0.00,0.00,-0.063,-0.000,-0.000,1.000,1.000,1.000,1.000,1,90.7,90.7,787,787,0,0,0,0,3000,3000,115,0
1.46,climb_cruise,449.2,449.2,34996.5,-197,1.28,-0.00,0.00,1.47,15.0,125.0,0,0,14.20,-0.00,0.00,-0.062,-0.000,-0.000,1.000,1.000,1.000,1.000,1,90.8,90.8,787,787,0,0,0,0,3000,3000,115,0
1.48,climb_cruise,449.2,449.2,34996.4,-197,1.56,-0.00,0.00,1.75,15.0,125.0,0,0,14.10,-0.00,0.00,-0.057,-0.000,-0.000,1.000,1.000,1.000,1.000,1,91.0,90.9,788,788,0,0,0,0,3000,3000,115,0
1.50,climb_cruise,449.2,449.2,34996.3,-195,1.83,-0.00,0.00,2.03,15.0,125.0,0,0,12.93,-0.00,0.00,-0.050,-0.000,-0.000,1.000,1.000,1.000,1.000,1,91.1,91.1,788,788,0,0,0,0,3000,3000,115,0
1.52,climb_cruise,449.2,449.2,34996.3,-191,2.07,-0.00,0.00,2.27,15.0,125.0,0,0,10.76,-0.00,0.00,-0.040,-0.000,-0.000,1.000,1.000,1.000,1.000,1,91.2,91.2,788,788,0,0,0,0,3000,3000,115,0
1.54,climb_cruise,449.2,449.2,34996.2,-185,2.27,-0.00,0.00,2.47,15.0,125.0,0,0,7.71,-0.00,0.00,-0.029,-0.000,-0.000,1.000,1.000,1.000,1.000,1,91.3,91.3,788,788,0,0,0,0,3000,3000,115,0
1.56,climb_cruise,449.2,449.2,34996.1,-179,2.39,-0.00,0.00,2.60,15.0,125.0,0,0,4.00,-0.00,0.00,-0.017,-0.000,-0.000,1.000,1.000,1.000,1.000,1,91.4,91.4,788,788,0,0,0,0,3000,3000,115,0
1.58,climb_cruise,449.2,449.2,34996.1,-171,2.44,-0.00,0.00,2.65,15.0,125.0,0,0,-0.10,-0.00,0.00,-0.004,-0.000,-0.000,1.000,1.000,1.000,1.000,1,91.5,91.5,788,788,0,0,0,0,3000,3000,115,0
1.60,climb_cruise,449.1,449.1,34996.0,-164,2.40,-0.00,0.00,2.62,15.0,125.0,0,0,-4.30,-0.00,0.00,0.007,-0.000,-0.000,1.000,1.000,1.000,1.000,1,91.6,91.6,789,789,0,0,0,0,3000,3000,116,0
1.62,climb_cruise,449.1,449.1,34996.0,-156,2.28,-0.00,0.00,2.51,15.0,125.0,0,0,-8.26,-0.00,0.00,0.017,-0.000,-0.000,1.000,1.000,1.000,1.000,1,91.8,91.7,789,789,0,0,0,0,3000,3000,115,0
1.64,climb_cruise,449.1,449.1,34995.9,-150,2.08,-0.00,0.00,2.32,15.0,125.0,0,0,-11.69,-0.00,0.00,0.023,-0.000,-0.000,1.000,1.000,1.000,1.000,1,91.9,91.9,789,789,0,0,0,0,3000,3000,114,0
1.66,climb_cruise,449.1,449.1,34995.9,-145,1.83,-0.00,0.00,2.07,15.0,125.0,0,0,-14.30,-0.00,0.00,0.027,-0.000,-0.000,1.000,1.000,1.000,1.000,1,92.0,92.0,789,789,0,0,0,0,3000,3000,116,0
1.68,climb_cruise,449.1,449.1,34995.8,-142,1.53,-0.00,0.00,1.77,15.0,125.0,0,0,-15.86,-0.00,0.00,0.027,-0.000,-0.000,1.000,1.000,1.000,1.000,1,92.1,92.1,789,789,0,0,0,0,3000,3000,115,0
1.70,climb_cruise,449.1,449.1,34995.8,-140,1.21,-0.00,0.00,1.45,15.0,125.0,0,0,-16.22,-0.00,0.00,0.023,-0.000,-0.000,1.000,1.000,1.000,1.000,1,92.2,92.2,790,790,0,0,0,0,3000,3000,114,0
1.72,climb_cruise,449.1,449.1,34995.8,-141,0.89,-0.00,0.00,1.13,15.0,125.0,0,0,-15.33,-0.00,0.00,0.016,-0.000,-0.000,1.000,1.000,1.000,1.000,1,92.3,92.3,790,790,0,0,0,0,3000,3000,115,0
1.74,climb_cruise,449.1,449.1,34995.8,-144,0.60,-0.00,0.00,0.83,15.0,125.0,0,0,-13.21,-0.00,0.00,0.005,-0.000,-0.000,1.000,1.000,1.000,1.000,1,92.4,92.4,790,790,0,0,0,0,3000,3000,116,0
1.76,climb_cruise,449.1,449.1,34995.7,-149,0.36,-0.00,0.00,0.59,15.0,125.0,0,0,-9.98,-0.00,0.00,-0.008,-0.000,-0.000,1.000,1.000,1.000,1.000,1,92.5,92.5,790,790,0,0,0,0,3000,3000,114,0
1.78,climb_cruise,449.1,449.1,34995.7,-155,0.19,-0.00,0.00,0.41,15.0,125.0,0,0,-5.87,-0.00,0.00,-0.022,-0.000,-0.000,1.000,1.000,1.000,1.000,1,92.6,92.6,790,790,0,0,0,0,3000,3000,114,0
1.80,climb_cruise,449.1,449.1,34995.6,-163,0.12,-0.00,0.00,0.33,15.0,125.0,0,0,-1.17,-0.00,0.00,-0.037,-0.000,-0.000,1.000,1.000,1.000,1.000,1,92.7,92.7,790,790,0,0,0,0,3000,3000,114,0
1.82,climb_cruise,449.1,449.1,34995.6,-171,0.13,-0.00,0.00,0.33,15.0,125.0,0,0,3.78,-0.00,0.00,-0.051,-0.000,-0.000,1.000,1.000,1.000,1.000,1,92.8,92.8,791,791,0,0,0,0,3000,3000,115,0
1.84,climb_cruise,449.1,449.1,34995.5,-178,0.25,-0.00,0.00,0.44,15.0,125.0,0,0,8.61,-0.00,0.00,-0.063,-0.000,-0.000,1.000,1.000,1.000,1.000,1,92.9,92.9,791,791,0,0,0,0,3000,3000,114,0
1.86,climb_cruise,449.1,449.1,34995.4,-185,0.46,-0.00,0.00,0.64,15.0,125.0,0,0,12.94,-0.00,0.00,-0.073,-0.000,-0.000,1.000,1.000,1.000,1.000,1,93.0,93.0,791,791,0,0,0,0,3000,3000,115,0
1.88,climb_cruise,449.1,449.1,34995.4,-191,0.75,-0.00,0.00,0.92,15.0,125.0,0,0,16.42,-0.00,0.00,-0.079,-0.000,-0.000,1.000,1.000,1.000,1.000,1,93.1,93.1,791,791,0,0,0,0,3000,3000,115,0
1.90,climb_cruise,449.1,449.1,34995.3,-194,1.10,-0.00,0.00,1.27,15.0,125.0,0,0,18.75,-0.00,0.00,-0.080,-0.000,-0.000,1.000,1.000,1.000,1.000,1,93.2,93.2,791,791,0,0,0,0,3000,3000,116,0
1.92,climb_cruise,449.1,449.1,34995.2,-195,1.48,-0.00,0.00,1.65,15.0,125.0,0,0,19.73,-0.00,0.00,-0.078,-0.000,-0.000,1.000,1.000,1.000,1.000,1,93.3,93.3,791,791,0,0,0,0,3000,3000,115,0
1.94,climb_cruise,449.1,449.1,34995.1,-194,1.87,-0.00,0.00,2.04,15.0,125.0,0,0,19.25,-0.00,0.00,-0.071,-0.000,-0.000,1.000,1.000,1.000,1.000,1,93.4,93.4,792,792,0,0,0,0,3000,3000,116,0
1.96,climb_cruise,449.1,449.1,34995.0,-190,2.24,-0.00,0.00,2.41,15.0,125.0,0,0,17.33,-0.00,0.00,-0.060,-0.000,-0.000,1.000,1.000,1.000,1.000,1,93.5,93.5,792,792,0,0,0,0,3000,3000,115,0
1.98,climb_cruise,449.1,449.1,34994.9,-183,2.56,-0.00,0.00,2.74,15.0,125.0,0,0,14.11,0.00,0.00,-0.047,-0.000,-0.000,1.000,1.000,1.000,1.000,1,93.6,93.6,792,792,0,0,0,0,3000,3000,115,0
2.00,climb_cruise,449.1,449.1,34994.9,-175,2.81,-0.00,0.00,2.99,15.0,125.0,0,0,9.79,0.00,0.00,-0.032,-0.000,-0.000,1.000,1.000,1.000,1.000,1,93.7,93.7,792,792,0,0,0,0,3000,3000,115,0
2.02,climb_cruise,449.0,449.0,34994.8,-165,2.96,-0.00,0.00,3.15,15.0,125.0,0,0,4.61,0.00,0.00,-0.015,-0.000,-0.000,1.000,1.000,1.000,1.000,1,93.8,93.8,792,792,0,0,0,0,3000,3000,115,0
2.04,climb_cruise,449.0,449.0,34994.8,-154,3.01,-0.00,0.00,3.21,15.0,125.0,0,0,-1.14,0.00,0.00,0.003,-0.000,-0.000,1.000,1.000,1.000,1.000,1,93.9,93.9,792,792,0,0,0,0,3000,3000,114,0
2.06,climb_cruise,449.0,449.0,34994.7,-143,2.94,-0.00,0.00,3.14,15.0,125.0,0,0,-7.00,0.00,0.00,0.019,-0.000,-0.000,1.000,1.000,1.000,1.000,1,94.0,94.0,792,792,0,0,0,0,3000,3000,116,0
2.08,climb_cruise,449.0,449.0,34994.7,-132,2.75,-0.00,0.00,2.97,15.0,125.0,0,0,-12.51,0.00,0.00,0.033,-0.000,-0.000,1.000,1.000,1.000,1.000,1,94.1,94.1,793,793,0,0,0,0,3000,3000,114,0
2.10,climb_cruise,449.0,449.0,34994.6,-123,2.46,-0.00,0.00,2.68,15.0,125.0,0,0,-17.23,0.00,0.00,0.042,-0.000,-0.000,1.000,1.000,1.000,1.000,1,94.2,94.2,793,793,0,0,0,0,3000,3000,115,0
2.12,climb_cruise,449.0,449.0,34994.6,-116,2.08,-0.00,0.00,2.31,15.0,125.0,0,0,-20.75,-0.00,0.00,0.047,-0.000,-0.000,1.000,1.000,1.000,1.000,1,94.3,94.2,793,793,0,0,0,0,3000,3000,115,0
2.14,climb_cruise,449.0,449.0,34994.6,-111,1.65,-0.00,0.00,1.88,15.0,125.0,0,0,-22.78,-0.00,0.00,0.046,-0.000,-0.000,1.000,1.000,1.000,1.000,1,94.3,94.3,793,793,0,0,0,0,3000,3000,115,0
2.16,climb_cruise,449.0,449.0,34994.6,-109,1.19,-0.00,0.00,1.42,15.0,125.0,0,0,-23.15,-0.00,0.00,0.041,-0.000,-0.000,1.000,1.000,1.000,1.000,1,94.4,94.4,793,793,0,0,0,0,3000,3000,116,0
2.18,climb_cruise,449.0,449.0,34994.6,-110,0.74,-0.00,0.00,0.96,15.0,125.0,0,0,-21.87,-0.00,0.00,0.032,-0.000,-0.000,1.000,1.000,1.000,1.000,1,94.5,94.5,793,793,0,0,0,0,3000,3000,116,0
2.20,climb_cruise,449.0,449.0,34994.6,-114,0.32,-0.00,0.00,0.54,15.0,125.0,0,0,-19.07,-0.00,0.00,0.020,-0.000,-0.000,1.000,1.000,1.000,1.000,1,94.6,94.6,793,793,0,0,0,0,3000,3000,114,0
2.22,climb_cruise,449.0,449.0,34994.5,-121,-0.03,-0.00,0.00,0.19,15.0,125.0,0,0,-14.95,-0.00,0.00,0.005,-0.000,-0.000,1.000,1.000,1.000,1.000,1,94.7,94.7,794,794,0,0,0,0,3000,3000,116,0
2.24,climb_cruise,449.0,449.0,34994.5,-130,-0.28,-0.00,0.00,-0.08,15.0,125.0,0,0,-9.78,-0.00,0.00,-0.011,-0.000,-0.000,1.000,1.000,1.000,1.000,1,94.8,94.8,794,794,0,0,0,0,3000,3000,116,0
2.26,climb_cruise,449.0,449.0,34994.5,-141,-0.43,-0.00,0.00,-0.24,15.0,125.0,0,0,-3.82,-0.00,0.00,-0.029,-0.000,-0.000,1.000,1.000,1.000,1.000,1,94.9,94.9,794,794,0,0,0,0,3000,3000,115,0
2.28,climb_cruise,449.0,449.0,34994.4,-152,-0.45,-0.00,0.00,-0.27,15.0,125.0,0,0,2.63,-0.00,0.00,-0.048,-0.000,-0.000,1.000,1.000,1.000,1.000,1,94.9,94.9,794,794,0,0,0,0,3000,3000,115,0
2.30,climb_cruise,449.0,449.0,34994.4,-164,-0.34,-0.00,0.00,-0.17,15.0,125.0,0,0,9.31,-0.00,0.00,-0.068,-0.000,-0.000,1.000,1.000,1.000,1.000,1,95.0,95.0,794,794,0,0,0,0,3000,3000,116,0
2.32,climb_cruise,449.0,449.0,34994.3,-175,-0.10,-0.00,0.00,0.06,15.0,125.0,0,0,15.78,-0.00,0.00,-0.086,-0.000,-0.000,1.000,1.000,1.000,1.000,1,95.1,95.1,794,794,0,0,0,0,3000,3000,115,0
2.34,climb_cruise,449.0,449.0,34994.2,-184,0.26,-0.00,0.00,0.41,15.0,125.0,0,0,21.45,-0.00,0.00,-0.099,-0.000,-0.000,1.000,1.000,1.000,1.000,1,95.2,95.2,794,794,0,0,0,0,3000,3000,115,0
2.36,climb_cruise,449.0,449.0,34994.1,-191,0.73,-0.00,0.00,0.87,15.0,125.0,0,0,25.77,-0.00,0.00,-0.106,-0.000,-0.000,1.000,1.000,1.000,1.000,1,95.3,95.3,794,794,0,0,0,0,3000,3000,115,0
2.38,climb_cruise,449.0,449.0,34994.0,-194,1.27,-0.00,0.00,1.40,15.0,125.0,0,0,28.37,-0.00,0.00,-0.107,-0.000,-0.000,1.000,1.000,1.000,1.000,1,95.3,95.3,795,794,0,0,0,0,3000,3000,115,0
2.40,climb_cruise,449.0,449.0,34993.9,-194,1.84,-0.00,0.00,1.97,15.0,125.0,0,0,29.09,0.00,0.00,-0.103,-0.000,-0.000,1.000,1.000,1.000,1.000,1,95.4,95.4,795,795,0,0,0,0,3000,3000,115,0
2.42,climb_cruise,449.0,449.0,34993.9,-191,2.42,-0.00,0.00,2.54,15.0,125.0,0,0,27.94,0.00,0.00,-0.095,-0.000,-0.000,1.000,1.000,1.000,1.000,1,95.5,95.5,795,795,0,0,0,0,3000,3000,115,0
2.44,climb_cruise,449.0,449.0,34993.8,-183,2.95,-0.00,0.00,3.08,15.0,125.0,0,0,25.07,0.00,0.00,-0.083,-0.000,-0.000,1.000,1.000,1.000,1.000,1,95.6,95.6,795,795,0,0,0,0,3000,3000,115,0
2.46,climb_cruise,449.0,449.0,34993.7,-173,3.42,-0.00,0.00,3.55,15.0,125.0,0,0,20.73,0.00,0.00,-0.070,-0.000,-0.000,1.000,1.000,1.000,1.000,1,95.6,95.6,795,795,0,0,0,0,3000,3000,115,0
2.48,climb_cruise,449.0,449.0,34993.6,-159,3.79,-0.00,0.00,3.93,15.0,125.0,0,0,15.19,0.00,0.00,-0.054,-0.000,-0.000,1.000,1.000,1.000,1.000,1,95.7,95.7,795,795,0,0,0,0,3000,3000,114,0
2.50,climb_cruise,449.0,449.0,34993.5,-143,4.04,-0.00,0.00,4.18,15.0,125.0,0,0,8.77,0.00,-0.00,-0.036,-0.000,-0.000,1.000,1.000,1.000,1.000,1,95.8,95.8,795,795,0,0,0,0,3000,3000,115,0
2.52,climb_cruise,449.0,449.0,34993.5,-126,4.16,-0.00,0.00,4.31,15.0,125.0,0,0,1.78,0.00,-0.00,-0.017,-0.000,-0.000,1.000,1.000,1.000,1.000,1,95.9,95.9,795,795,0,0,0,0,3000,3000,115,0
2.54,climb_cruise,448.9,448.9,34993.5,-108,4.13,-0.00,0.00,4.29,15.0,125.0,0,0,-5.47,0.00,-0.00,0.003,-0.000,-0.000,1.000,1.000,1.000,1.000,1,95.9,95.9,795,795,0,0,0,0,3000,3000,116,0
2.56,climb_cruise,448.9,448.9,34993.4,-90,3.96,-0.00,0.00,4.13,15.0,125.0,0,0,-12.72,0.00,-0.00,0.023,-0.000,-0.000,1.000,1.000,1.000,1.000,1,96.0,96.0,795,795,0,0,0,0,3000,3000,115,0
2.58,climb_cruise,448.9,448.9,34993.4,-74,3.65,-0.00,0.00,3.82,15.0,125.0,0,0,-19.73,0.00,-0.00,0.045,-0.000,-0.000,1.000,1.000,1.000,1.000,1,96.1,96.1,796,796,0,0,0,0,3000,3000,116,0
2.60,climb_cruise,448.9,448.9,34993.4,-60,3.20,-0.00,0.00,3.38,15.0,125.0,0,0,-26.21,0.00,-0.00,0.065,-0.000,-0.000,1.000,1.000,1.000,1.000,1,96.1,96.1,796,796,0,0,0,0,3000,3000,115,0
2.62,climb_cruise,448.9,448.9,34993.4,-48,2.63,-0.00,0.00,2.81,15.0,125.0,0,0,-31.39,0.00,-0.00,0.077,-0.000,-0.000,1.000,1.000,1.000,1.000,1,96.2,96.2,796,796,0,0,0,0,3000,3000,116,0
2.64,climb_cruise,448.9,448.9,34993.5,-41,1.97,-0.00,0.00,2.16,15.0,125.0,0,0,-34.75,0.00,-0.00,0.082,-0.000,-0.000,1.000,1.000,1.000,1.000,1,96.3,96.3,796,796,0,0,0,0,3000,3000,115,0
2.66,climb_cruise,448.9,448.9,34993.5,-37,1.26,-0.00,0.00,1.45,15.0,125.0,0,0,-36.08,-0.00,-0.00,0.081,-0.000,-0.000,1.000,1.000,1.000,1.000,1,96.4,96.3,796,796,0,0,0,0,3000,3000,114,0
2.68,climb_cruise,448.9,448.9,34993.5,-38,0.54,-0.00,0.00,0.73,15.0,125.0,0,0,-35.34,-0.00,-0.00,0.076,-0.000,-0.000,1.000,1.000,1.000,1.000,1,96.4,96.4,796,796,0,0,0,0,3000,3000,115,0
2.70,climb_cruise,448.9,448.9,34993.5,-44,-0.14,-0.00,0.00,0.04,15.0,125.0,0,0,-32.66,-0.00,-0.00,0.066,-0.000,-0.000,1.000,1.000,1.000,1.000,1,96.5,96.5,796,796,0,0,0,0,3000,3000,114,0
2.72,climb_cruise,448.9,448.9,34993.5,-54,-0.76,-0.00,0.00,-0.58,15.0,125.0,0,0,-28.29,-0.00,-0.00,0.054,-0.000,-0.000,1.000,1.000,1.000,1.000,1,96.5,96.5,796,796,0,0,0,0,3000,3000,115,0
2.74,climb_cruise,448.9,448.9,34993.6,-68,-1.28,-0.00,0.00,-1.10,15.0,125.0,0,0,-22.52,-0.00,-0.00,0.040,-0.000,-0.000,1.000,1.000,1.000,1.000,1,96.6,96.6,796,796,0,0,0,0,3000,3000,116,0
2.76,climb_cruise,448.9,448.9,34993.5,-85,-1.68,-0.00,0.00,-1.51,15.0,125.0,0,0,-15.70,-0.00,-0.00,0.023,-0.000,-0.000,1.000,1.000,1.000,1.000,1,96.7,96.7,796,796,0,0,0,0,3000,3000,115,0
2.78,climb_cruise,448.9,448.9,34993.5,-104,-1.93,-0.00,0.00,-1.76,15.0,125.0,0,0,-8.17,-0.00,-0.00,0.005,-0.000,-0.000,1.000,1.000,1.000,1.000,1,96.7,96.7,797,797,0,0,0,0,3000,3000,114,0
2.80,climb_cruise,448.9,448.9,34993.5,-125,-2.03,-0.00,0.00,-1.87,15.0,125.0,0,0,-0.27,-0.00,-0.00,-0.014,-0.000,-0.000,1.000,1.000,1.000,1.000,1,96.8,96.8,797,797,0,0,0,0,3000,3000,116,0
2.82,climb_cruise,449.0,449.0,34993.4,-146,-1.96,-0.00,0.00,-1.81,15.0,125.0,0,0,7.70,-0.00,-0.00,-0.034,-0.000,-0.000,1.000,1.000,1.000,1.000,1,96.9,96.9,797,797,0,0,0,0,3000,3000,115,0
2.84,climb_cruise,449.0,449.0,34993.4,-166,-1.75,-0.00,0.00,-1.60,15.0,125.0,0,0,15.47,-0.00,-0.00,-0.055,-0.000,-0.000,1.000,1.000,1.000,1.000,1,96.9,96.9,797,797,0,0,0,0,3000,3000,115,0
2.86,climb_cruise,449.0,449.0,34993.3,-185,-1.37,-0.00,0.00,-1.23,15.0,125.0,0,0,22.82,-0.00,-0.00,-0.076,-0.000,-0.000,1.000,1.000,1.000,1.000,1,97.0,97.0,797,797,0,0,0,0,3000,3000,114,0
2.88,climb_cruise,449.0,449.0,34993.2,-202,-0.86,-0.00,0.00,-0.72,15.0,125.0,0,0,29.58,-0.00,-0.00,-0.098,-0.000,-0.000,1.000,1.000,1.000,1.000,1,97.0,97.0,797,797,0,0,0,0,3000,3000,114,0
2.90,climb_cruise,449.0,449.0,34993.1,-215,-0.21,-0.00,0.00,-0.09,15.0,125.0,0,0,35.62,-0.00,-0.00,-0.121,-0.000,-0.000,1.000,1.000,1.000,1.000,1,97.1,97.1,797,797,0,0,0,0,3000,3000,116,0
2.92,climb_cruise,449.0,449.0,34993.0,-225,0.54,-0.00,0.00,0.66,15.0,125.0,0,0,40.32,-0.00,-0.00,-0.136,-0.000,-0.000,1.000,1.000,1.000,1.000,1,97.2,97.2,797,797,0,0,0,0,3000,3000,115,0
2.94,climb_cruise,449.0,449.0,34992.9,-229,1.37,-0.00,0.00,1.49,15.0,125.0,0,0,43.14,0.00,-0.00,-0.144,-0.000,-0.000,1.000,1.000,1.000,1.000,1,97.2,97.2,797,797,0,0,0,0,3000,3000,115,0
2.96,climb_cruise,449.0,449.0,34992.7,-228,2.24,-0.00,0.00,2.36,15.0,125.0,0,0,43.85,0.00,-0.00,-0.145,-0.000,-0.000,1.000,1.000,1.000,1.000,1,97.3,97.3,797,797,0,0,0,0,3000,3000,115,0
2.98,climb_cruise,449.0,449.0,34992.6,-222,3.11,-0.00,0.00,3.22,15.0,125.0,0,0,42.45,0.00,-0.00,-0.141,-0.000,-0.000,1.000,1.000,1.000,1.000,1,97.3,97.3,797,797,0,0,0,0,3000,3000,114,0
3.00,climb_cruise,449.0,449.0,34992.5,-210,3.94,-0.00,0.00,4.04,15.0,125.0,0,0,39.06,0.00,-0.00,-0.133,-0.000,-0.000,1.000,1.000,1.000,1.000,1,97.4,97.4,798,797,0,0,0,0,3000,3000,115,0
3.02,climb_cruise,449.0,449.0,34992.4,-193,4.68,-0.00,0.00,4.78,15.0,125.0,0,0,33.94,0.00,-0.00,-0.122,-0.000,-0.000,1.000,1.000,1.000,1.000,1,97.4,97.4,798,798,0,0,0,0,3000,3000,115,0
3.04,climb_cruise,449.0,449.0,34992.3,-172,5.30,-0.00,0.00,5.41,15.0,125.0,0,0,27.43,0.00,-0.00,-0.108,-0.000,-0.000,1.000,1.000,1.000,1.000,1,97.5,97.5,798,798,0,0,0,0,3000,3000,115,0
3.06,climb_cruise,449.0,449.0,34992.2,-147,5.79,-0.00,0.00,5.90,15.0,125.0,0,0,19.88,0.00,-0.00,-0.092,-0.000,-0.000,1.000,1.000,1.000,1.000,1,97.5,97.5,798,798,0,0,0,0,3000,3000,115,0
3.08,climb_cruise,449.0,449.0,34992.2,-120,6.12,-0.00,0.00,6.23,15.0,125.0,0,0,11.65,0.00,-0.00,-0.075,-0.000,-0.000,1.000,1.000,1.000,1.000,1,97.6,97.6,798,798,0,0,0,0,3000,3000,116,0
3.10,climb_cruise,448.9,448.9,34992.1,-90,6.28,-0.00,0.00,6.39,15.0,125.0,0,0,3.10,0.00,-0.00,-0.056,-0.000,-0.000,1.000,1.000,1.000,1.000,1,97.7,97.6,798,798,0,0,0,0,3000,3000,115,0
3.12,climb_cruise,448.9,448.9,34992.1,-60,6.27,-0.00,0.00,6.37,15.0,125.0,0,0,-5.47,0.00,-0.00,-0.036,-0.000,-0.000,1.000,1.000,1.000,1.000,1,97.7,97.7,798,798,0,0,0,0,3000,3000,116,0
3.14,climb_cruise,448.9,448.9,34992.1,-30,6.09,-0.00,0.00,6.19,15.0,125.0,0,0,-13.77,0.00,-0.00,-0.016,-0.000,-0.000,1.000,1.000,1.000,1.000,1,97.8,97.8,798,798,0,0,0,0,3000,3000,115,0
3.16,climb_cruise,448.9,448.9,34992.1,-2,5.75,-0.00,0.00,5.84,15.0,125.0,0,0,-21.58,0.00,-0.00,0.006,-0.000,-0.000,1.000,1.000,1.000,1.000,1,97.8,97.8,798,798,0,0,0,0,3000,3000,115,0
3.18,climb_cruise,448.9,448.9,34992.1,24,5.26,-0.00,0.00,5.35,15.0,125.0,0,0,-28.72,0.00,-0.00,0.028,-0.000,-0.000,1.000,1.000,1.000,1.000,1,97.9,97.9,798,798,0,0,0,0,3000,3000,115,0
3.20,climb_cruise,448.9,448.9,34992.2,47,4.63,-0.00,0.00,4.71,15.0,125.0,0,0,-35.08,0.00,-0.00,0.050,-0.000,-0.000,1.000,1.000,1.000,1.000,1,97.9,97.9,798,798,0,0,0,0,3000,3000,115,0
3.22,climb_cruise,448.9,448.9,34992.3,66,3.88,-0.00,0.00,3.96,15.0,125.0,0,0,-40.57,0.00,-0.00,0.072,-0.000,-0.000,1.000,1.000,1.000,1.000,1,98.0,98.0,798,798,0,0,0,0,3000,3000,116,0
3.24,climb_cruise,448.9,448.9,34992.3,80,3.03,-0.00,0.00,3.11,15.0,125.0,0,0,-45.16,0.00,-0.00,0.095,-0.000,-0.000,1.000,1.000,1.000,1.000,1,98.0,98.0,798,798,0,0,0,0,3000,3000,116,0
3.26,climb_cruise,448.9,448.9,34992.4,89,2.10,-0.00,0.00,2.18,15.0,125.0,0,0,-48.16,-0.00,-0.00,0.109,-0.000,-0.000,1.000,1.000,1.000,1.000,1,98.1,98.0,798,798,0,0,0,0,3000,3000,115,0
3.28,climb_cruise,448.9,448.9,34992.5,92,1.12,-0.00,0.00,1.20,15.0,125.0,0,0,-49.17,-0.00,-0.00,0.115,-0.000,-0.000,1.000,1.000,1.000,1.000,1,98.1,98.1,799,799,0,0,0,0,3000,3000,116,0
3.30,climb_cruise,448.9,448.9,34992.6,89,0.14,-0.00,0.00,0.22,15.0,125.0,0,0,-48.07,-0.00,-0.00,0.115,-0.000,-0.000,1.000,1.000,1.000,1.000,1,98.1,98.1,799,799,0,0,0,0,3000,3000,115,0
3.32,climb_cruise,448.9,448.9,34992.6,80,-0.79,-0.00,0.00,-0.72,15.0,125.0,0,0,-44.94,-0.00,-0.00,0.110,-0.000,-0.000,1.000,1.000,1.000,1.000,1,98.2,98.2,799,799,0,0,0,0,3000,3000,116,0
3.34,climb_cruise,448.9,448.9,34992.7,65,-1.66,-0.00,0.00,-1.58,15.0,125.0,0,0,-39.99,-0.00,-0.00,0.101,-0.000,-0.000,1.000,1.000,1.000,1.000,1,98.2,98.2,799,799,0,0,0,0,3000,3000,116,0
3.36,climb_cruise,448.9,448.9,34992.8,45,-2.40,-0.00,0.00,-2.33,15.0,125.0,0,0,-33.51,-0.00,-0.00,0.090,-0.000,-0.000,1.000,1.000,1.000,1.000,1,98.3,98.3,799,799,0,0,0,0,3000,3000,116,0
3.38,climb_cruise,448.9,448.9,34992.8,21,-3.01,-0.00,0.00,-2.94,15.0,125.0,0,0,-25.86,-0.00,-0.00,0.076,-0.000,-0.000,1.000,1.000,1.000,1.000,1,98.3,98.3,799,799,0,0,0,0,3000,3000,114,0
3.40,climb_cruise,448.9,448.9,34992.8,-7,-3.46,-0.00,0.00,-3.38,15.0,125.0,0,0,-17.40,-0.00,-0.00,0.059,-0.000,-0.000,1.000,1.000,1.000,1.000,1,98.4,98.4,799,799,0,0,0,0,3000,3000,115,0
3.42,climb_cruise,448.9,448.9,34992.8,-37,-3.74,-0.00,0.00,-3.66,15.0,125.0,0,0,-8.51,-0.00,-0.00,0.042,-0.000,-0.000,1.000,1.000,1.000,1.000,1,98.4,98.4,799,799,0,0,0,0,3000,3000,114,0
3.44,climb_cruise,449.0,449.0,34992.8,-69,-3.83,-0.00,0.00,-3.75,15.0,125.0,0,0,0.49,-0.00,-0.00,0.023,-0.000,-0.000,1.000,1.000,1.000,1.000,1,98.5,98.5,799,799,0,0,0,0,3000,3000,114,0
3.46,climb_cruise,449.0,449.0,34992.8,-101,-3.75,-0.00,0.00,-3.66,15.0,125.0,0,0,9.30,-0.00,-0.00,0.003,-0.000,-0.000,1.000,1.000,1.000,1.000,1,98.5,98.5,799,799,0,0,0,0,3000,3000,114,0
3.48,climb_cruise,449.0,449.0,34992.7,-132,-3.49,-0.00,0.00,-3.40,15.0,125.0,0,0,17.67,-0.00,-0.00,-0.018,-0.000,-0.000,1.000,1.000,1.000,1.000,1,98.5,98.5,799,799,0,0,0,0,3000,3000,114,0
3.50,climb_cruise,449.0,449.0,34992.7,-161,-3.07,-0.00,0.00,-2.97,15.0,125.0,0,0,25.39,-0.00,-0.00,-0.039,-0.000,-0.000,1.000,1.000,1.000,1.000,1,98.6,98.6,799,799,0,0,0,0,3000,3000,115,0
3.52,climb_cruise,449.0,449.0,34992.6,-188,-2.50,-0.00,0.00,-2.40,15.0,125.0,0,0,32.33,-0.00,-0.00,-0.061,-0.000,-0.000,1.000,1.000,1.000,1.000,1,98.6,98.6,799,799,0,0,0,0,3000,3000,114,0
3.54,climb_cruise,449.0,449.0,34992.5,-210,-1.80,-0.00,0.00,-1.69,15.0,125.0,0,0,38.39,-0.00,-0.00,-0.084,-0.000,-0.000,1.000,1.000,1.000,1.000,1,98.7,98.7,799,799,0,0,0,0,3000,3000,115,0
3.56,climb_cruise,449.0,449.0,34992.4,-229,-0.99,-0.00,0.00,-0.88,15.0,125.0,0,0,43.52,-0.00,-0.00,-0.106,-0.000,-0.000,1.000,1.000,1.000,1.000,1,98.7,98.7,799,799,0,0,0,0,3000,3000,115,0
3.58,climb_cruise,449.0,449.0,34992.2,-242,-0.08,-0.00,0.00,0.03,15.0,125.0,0,0,47.72,0.00,-0.00,-0.129,-0.000,-0.000,1.000,1.000,1.000,1.000,1,98.7,98.7,799,799,0,0,0,0,3000,3000,114,0
3.60,climb_cruise,449.1,449.1,34992.1,-250,0.90,-0.00,0.00,1.01,15.0,125.0,0,0,50.55,0.00,-0.00,-0.146,-0.000,-0.000,1.000,1.000,1.000,1.000,1,98.8,98.8,799,799,0,0,0,0,3000,3000,115,0
3.62,climb_cruise,449.1,449.1,34992.0,-252,1.92,-0.00,0.00,2.03,15.0,125.0,0,0,51.56,0.00,-0.00,-0.155,-0.000,-0.000,1.000,1.000,1.000,1.000,1,98.8,98.8,800,800,0,0,0,0,3000,3000,114,0
3.64,climb_cruise,449.1,449.1,34991.8,-247,2.95,-0.00,0.00,3.06,15.0,125.0,0,0,50.55,0.00,-0.00,-0.158,-0.000,-0.000,1.000,1.000,1.000,1.000,1,98.9,98.9,800,800,0,0,0,0,3000,3000,116,0
3.66,climb_cruise,449.1,449.1,34991.7,-236,3.94,-0.00,0.00,4.05,15.0,125.0,0,0,47.53,0.00,-0.00,-0.155,-0.000,-0.000,1.000,1.000,1.000,1.000,1,98.9,98.9,800,800,0,0,0,0,3000,3000,116,0
3.68,climb_cruise,449.1,449.1,34991.6,-219,4.85,-0.00,0.00,4.96,15.0,125.0,0,0,42.69,0.00,-0.00,-0.147,-0.000,-0.000,1.000,1.000,1.000,1.000,1,98.9,98.9,800,800,0,0,0,0,3000,3000,116,0
3.70,climb_cruise,449.1,449.1,34991.5,-197,5.65,-0.00,0.00,5.76,15.0,125.0,0,0,36.29,0.00,-0.00,-0.137,-0.000,-0.000,1.000,1.000,1.000,1.000,1,99.0,99.0,800,800,0,0,0,0,3000,3000,115,0
3.72,climb_cruise,449.1,449.1,34991.4,-170,6.32,-0.00,0.00,6.42,15.0,125.0,0,0,28.67,0.00,-0.00,-0.124,-0.000,-0.000,1.000,1.000,1.000,1.000,1,99.0,99.0,800,800,0,0,0,0,3000,3000,115,0
3.74,climb_cruise,449.1,449.1,34991.3,-139,6.82,-0.00,0.00,6.92,15.0,125.0,0,0,20.21,0.00,-0.00,-0.108,-0.000,-0.000,1.000,1.000,1.000,1.000,1,99.0,99.0,800,800,0,0,0,0,3000,3000,114,0
3.76,climb_cruise,449.0,449.0,34991.2,-105,7.15,-0.00,0.00,7.24,15.0,125.0,0,0,11.25,0.00,-0.00,-0.091,-0.000,-0.000,1.000,1.000,1.000,1.000,1,99.1,99.1,800,800,0,0,0,0,3000,3000,115,0
3.78,climb_cruise,449.0,449.0,34991.2,-70,7.30,-0.00,0.00,7.39,15.0,125.0,0,0,2.14,0.00,-0.00,-0.073,-0.000,-0.000,1.000,1.000,1.000,1.000,1,99.1,99.1,800,800,0,0,0,0,3000,3000,115,0
3.80,climb_cruise,449.0,449.0,34991.2,-34,7.27,-0.00,0.00,7.34,15.0,125.0,0,0,-6.82,0.00,-0.00,-0.053,-0.000,-0.000,1.000,1.000,1.000,1.000,1,99.2,99.1,800,800,0,0,0,0,3000,3000,114,0
3.82,climb_cruise,449.0,449.0,34991.2,2,7.06,-0.00,0.00,7.13,15.0,125.0,0,0,-15.36,0.00,-0.00,-0.033,-0.000,-0.000,1.000,1.000,1.000,1.000,1,99.2,99.2,800,800,0,0,0,0,3000,3000,116,0
3.84,climb_cruise,448.9,448.9,34991.2,36,6.69,-0.00,0.00,6.74,15.0,125.0,0,0,-23.29,0.00,-0.00,-0.011,-0.000,-0.000,1.000,1.000,1.000,1.000,1,99.2,99.2,800,800,0,0,0,0,3000,3000,116,0
3.86,climb_cruise,448.9,448.9,34991.3,67,6.16,-0.00,0.00,6.20,15.0,125.0,0,0,-30.45,0.00,-0.00,0.010,-0.000,-0.000,1.000,1.000,1.000,1.000,1,99.3,99.2,800,800,0,0,0,0,3000,3000,115,0
3.88,climb_cruise,448.9,448.9,34991.3,94,5.50,-0.00,0.00,5.53,15.0,125.0,0,0,-36.73,0.00,-0.00,0.033,-0.000,-0.000,1.000,1.000,1.000,1.000,1,99.3,99.3,800,800,0,0,0,0,3000,3000,115,0
3.90,climb_cruise,448.9,448.9,34991.4,118,4.72,-0.00,0.00,4.74,15.0,125.0,0,0,-42.09,0.00,-0.00,0.055,-0.000,-0.000,1.000,1.000,1.000,1.000,1,99.3,99.3,800,800,0,0,0,0,3000,3000,116,0
3.92,climb_cruise,448.9,448.9,34991.5,137,3.83,-0.00,0.00,3.85,15.0,125.0,0,0,-46.50,0.00,-0.00,0.078,-0.000,-0.000,1.000,1.000,1.000,1.000,1,99.4,99.3,800,800,0,0,0,0,3000,3000,115,0
3.94,climb_cruise,448.9,448.9,34991.6,150,2.87,-0.00,0.00,2.88,15.0,125.0,0,0,-49.99,0.00,-0.00,0.101,-0.000,-0.000,1.000,1.000,1.000,1.000,1,99.4,99.4,800,800,0,0,0,0,3000,3000,115,0
3.96,climb_cruise,448.9,448.9,34991.7,157,1.85,-0.00,0.00,1.86,15.0,125.0,0,0,-51.90,-0.00,-0.00,0.115,-0.000,-0.000,1.000,1.000,1.000,1.000,1,99.4,99.4,800,800,0,0,0,0,3000,3000,116,0
3.98,climb_cruise,448.9,448.9,34991.8,158,0.81,-0.00,0.00,0.82,15.0,125.0,0,0,-51.89,-0.00,-0.00,0.121,-0.000,-0.000,1.000,1.000,1.000,1.000,1,99.4,99.4,800,800,0,0,0,0,3000,3000,115,0
4.00,climb_cruise,448.9,448.9,34991.9,153,-0.21,-0.00,0.00,-0.21,15.0,125.0,0,0,-49.86,-0.00,-0.00,0.121,-0.000,-0.000,1.000,1.000,1.000,1.000,1,99.5,99.5,800,800,0,0,0,0,3000,3000,116,0
4.02,climb_cruise,448.9,448.9,34992.0,141,-1.18,-0.00,0.00,-1.18,15.0,125.0,0,0,-45.90,-0.00,-0.00,0.116,-0.000,-0.000,1.000,1.000,1.000,1.000,1,99.5,99.5,801,801,0,0,0,0,3000,3000,116,0
4.04,climb_cruise,449.0,449.0,34992.1,124,-2.05,-0.00,0.00,-2.05,15.0,125.0,0,0,-40.24,-0.00,-0.00,0.108,-0.000,-0.000,1.000,1.000,1.000,1.000,1,99.5,99.5,801,801,0,0,0,0,3000,3000,115,0
4.06,climb_cruise,449.0,449.0,34992.2,101,-2.80,-0.00,0.00,-2.80,15.0,125.0,0,0,-33.18,-0.00,-0.00,0.096,-0.000,-0.000,1.000,1.000,1.000,1.000,1,99.6,99.6,801,801,0,0,0,0,3000,3000,116,0
4.08,climb_cruise,449.0,449.0,34992.2,74,-3.40,-0.00,0.00,-3.39,15.0,125.0,0,0,-25.07,-0.00,-0.00,0.082,-0.000,-0.000,1.000,1.000,1.000,1.000,1,99.6,99.6,801,801,0,0,0,0,3000,3000,115,0
4.10,climb_cruise,449.0,449.0,34992.3,43,-3.83,-0.00,0.00,-3.82,15.0,125.0,0,0,-16.28,-0.00,-0.00,0.066,-0.000,-0.000,1.000,1.000,1.000,1.000,1,99.6,99.6,801,801,0,0,0,0,3000,3000,116,0
4.12,climb_cruise,449.0,449.0,34992.3,10,-4.08,-0.00,0.00,-4.07,15.0,125.0,0,0,-7.16,-0.00,-0.00,0.048,-0.000,-0.000,1.000,1.000,1.000,1.000,1,99.7,99.6,801,801,0,0,0,0,3000,3000,114,0
4.14,climb_cruise,449.0,449.0,34992.3,-24,-4.15,-0.00,0.00,-4.13,15.0,125.0,0,0,1.97,-0.00,-0.00,0.029,-0.000,-0.000,1.000,1.000,1.000,1.000,1,99.7,99.7,801,801,0,0,0,0,3000,3000,115,0
4.16,climb_cruise,449.0,449.0,34992.3,-58,-4.04,-0.00,0.00,-4.01,15.0,125.0,0,0,10.81,-0.00,-0.00,0.009,-0.000,-0.000,1.000,1.000,1.000,1.000,1,99.7,99.7,801,801,0,0,0,0,3000,3000,115,0
4.18,climb_cruise,449.0,449.0,34992.2,-91,-3.75,-0.00,0.00,-3.71,15.0,125.0,0,0,19.15,-0.00,-0.00,-0.012,-0.000,-0.000,1.000,1.000,1.000,1.000,1,99.7,99.7,801,801,0,0,0,0,3000,3000,116,0
4.20,climb_cruise,449.1,449.1,34992.2,-122,-3.30,-0.00,0.00,-3.26,15.0,125.0,0,0,26.78,-0.00,-0.00,-0.033,-0.000,-0.000,1.000,1.000,1.000,1.000,1,99.8,99.8,801,801,0,0,0,0,3000,3000,114,0
4.22,climb_cruise,449.1,449.1,34992.1,-150,-2.71,-0.00,0.00,-2.65,15.0,125.0,0,0,33.59,-0.00,-0.00,-0.055,-0.000,-0.000,1.000,1.000,1.000,1.000,1,99.8,99.8,801,801,0,0,0,0,3000,3000,114,0
4.24,climb_cruise,449.1,449.1,34992.0,-174,-1.98,-0.00,0.00,-1.92,15.0,125.0,0,0,39.48,-0.00,-0.00,-0.077,-0.000,-0.000,1.000,1.000,1.000,1.000,1,99.8,99.8,801,801,0,0,0,0,3000,3000,115,0
4.26,climb_cruise,449.1,449.1,34991.9,-194,-1.15,-0.00,0.00,-1.08,15.0,125.0,0,0,44.43,-0.00,-0.00,-0.100,-0.000,-0.000,1.000,1.000,1.000,1.000,1,99.8,99.8,801,801,0,0,0,0,3000,3000,115,0
4.28,climb_cruise,449.1,449.1,34991.8,-208,-0.22,-0.00,0.00,-0.16,15.0,125.0,0,0,48.44,0.00,-0.00,-0.123,-0.000,-0.000,1.000,1.000,1.000,1.000,1,99.9,99.9,801,801,0,0,0,0,3000,3000,114,0
4.30,climb_cruise,449.1,449.1,34991.7,-217,0.77,-0.00,0.00,0.84,15.0,125.0,0,0,51.30,0.00,-0.00,-0.143,-0.000,-0.000,1.000,1.000,1.000,1.000,1,99.9,99.9,801,801,0,0,0,0,3000,3000,115,0
4.32,climb_cruise,449.2,449.2,34991.5,-220,1.81,-0.00,0.00,1.88,15.0,125.0,0,0,52.47,0.00,-0.00,-0.154,-0.000,-0.000,1.000,1.000,1.000,1.000,1,99.9,99.9,801,801,0,0,0,0,3000,3000,115,0
4.34,climb_cruise,449.2,449.2,34991.4,-216,2.86,-0.00,0.00,2.92,15.0,125.0,0,0,51.69,0.00,-0.00,-0.158,-0.000,-0.000,1.000,1.000,1.000,1.000,1,99.9,99.9,801,801,0,0,0,0,3000,3000,115,0
4.36,climb_cruise,449.2,449.2,34991.3,-206,3.87,-0.00,0.00,3.94,15.0,125.0,0,0,48.92,0.00,-0.00,-0.157,-0.000,-0.000,1.000,1.000,1.000,1.000,1,100.0,100.0,801,801,0,0,0,0,3000,3000,115,0
4.38,climb_cruise,449.2,449.2,34991.2,-190,4.82,-0.00,0.00,4.88,15.0,125.0,0,0,44.31,0.00,-0.00,-0.151,-0.000,-0.000,1.000,1.000,1.000,1.000,1,100.0,100.0,801,801,0,0,0,0,3000,3000,116,0
4.40,climb_cruise,449.2,449.2,34991.1,-168,5.65,-0.00,0.00,5.71,15.0,125.0,0,0,38.12,0.00,-0.00,-0.141,-0.000,-0.000,1.000,1.000,1.000,1.000,1,100.0,100.0,801,801,0,0,0,0,3000,3000,116,0
4.42,climb_cruise,449.2,449.2,34991.0,-141,6.36,-0.00,0.00,6.41,15.0,125.0,0,0,30.65,0.00,-0.00,-0.129,-0.000,-0.000,1.000,1.000,1.000,1.000,1,100.0,100.0,801,801,0,0,0,0,3000,3000,115,0
4.44,climb_cruise,449.1,449.1,34990.9,-110,6.90,-0.00,0.00,6.95,15.0,125.0,0,0,22.27,0.00,-0.00,-0.114,-0.000,-0.000,1.000,1.000,1.000,1.000,1,100.1,100.1,801,801,0,0,0,0,3000,3000,115,0
4.46,climb_cruise,449.1,449.1,34990.8,-76,7.27,-0.00,0.00,7.32,15.0,125.0,0,0,13.33,0.00,-0.00,-0.097,-0.000,-0.000,1.000,1.000,1.000,1.000,1,100.1,100.1,801,801,0,0,0,0,3000,3000,114,0
4.48,climb_cruise,449.1,449.1,34990.8,-40,7.46,-0.00,0.00,7.50,15.0,125.0,0,0,4.19,0.00,-0.00,-0.079,-0.000,-0.000,1.000,1.000,1.000,1.000,1,100.1,100.1,801,801,0,0,0,0,3000,3000,115,0
4.50,climb_cruise,449.1,449.1,34990.8,-3,7.47,-0.00,0.00,7.50,15.0,125.0,0,0,-4.85,0.00,-0.00,-0.060,-0.000,-0.000,1.000,1.000,1.000,1.000,1,100.1,100.1,801,801,0,0,0,0,3000,3000,115,0
4.52,climb_cruise,449.1,449.1,34990.8,34,7.30,-0.00,0.00,7.32,15.0,125.0,0,0,-13.52,0.00,-0.00,-0.039,-0.000,-0.000,1.000,1.000,1.000,1.000,1,100.2,100.2,801,801,0,0,0,0,3000,3000,116,0
4.54,climb_cruise,449.0,449.0,34990.9,69,6.96,-0.00,0.00,6.97,15.0,125.0,0,0,-21.61,0.00,-0.00,-0.019,-0.000,-0.000,1.000,1.000,1.000,1.000,1,100.2,100.2,801,801,0,0,0,0,3000,3000,115,0
4.56,climb_cruise,449.0,449.0,34990.9,101,6.47,-0.00,0.00,6.46,15.0,125.0,0,0,-28.95,0.00,-0.00,0.003,-0.000,-0.000,1.000,1.000,1.000,1.000,1,100.2,100.2,801,801,0,0,0,0,3000,3000,116,0
4.58,climb_cruise,449.0,449.0,34991.0,131,5.83,-0.00,0.00,5.81,15.0,125.0,0,0,-35.44,0.00,-0.00,0.025,-0.000,-0.000,1.000,1.000,1.000,1.000,1,100.2,100.2,802,802,0,0,0,0,3000,3000,115,0
4.60,climb_cruise,449.0,449.0,34991.1,156,5.08,-0.00,0.00,5.05,15.0,125.0,0,0,-40.99,0.00,-0.00,0.048,-0.000,-0.000,1.000,1.000,1.000,1.000,1,100.2,100.2,802,802,0,0,0,0,3000,3000,115,0
4.62,climb_cruise,449.0,449.0,34991.2,176,4.21,-0.00,0.00,4.18,15.0,125.0,0,0,-45.61,0.00,-0.00,0.070,-0.000,-0.000,1.000,1.000,1.000,1.000,1,100.3,100.3,802,802,0,0,0,0,3000,3000,115,0
4.64,climb_cruise,449.0,449.0,34991.3,192,3.27,-0.00,0.00,3.22,15.0,125.0,0,0,-49.29,0.00,-0.00,0.093,-0.000,-0.000,1.000,1.000,1.000,1.000,1,100.3,100.3,802,802,0,0,0,0,3000,3000,116,0
4.66,climb_cruise,449.0,449.0,34991.4,201,2.26,-0.00,0.00,2.21,15.0,125.0,0,0,-51.71,-0.00,-0.00,0.111,-0.000,-0.000,1.000,1.000,1.000,1.000,1,100.3,100.3,802,802,0,0,0,0,3000,3000,116,0
4.68,climb_cruise,449.0,449.0,34991.5,204,1.21,-0.00,0.00,1.17,15.0,125.0,0,0,-52.39,-0.00,-0.00,0.121,-0.000,-0.000,1.000,1.000,1.000,1.000,1,100.3,100.3,802,802,0,0,0,0,3000,3000,115,0
4.70,climb_cruise,449.0,449.0,34991.7,201,0.17,-0.00,0.00,0.13,15.0,125.0,0,0,-51.11,-0.00,-0.00,0.124,-0.000,-0.000,1.000,1.000,1.000,1.000,1,100.4,100.3,802,802,0,0,0,0,3000,3000,116,0
4.72,climb_cruise,449.0,449.0,34991.8,191,-0.82,-0.00,0.00,-0.87,15.0,125.0,0,0,-47.89,-0.00,-0.00,0.122,-0.000,-0.000,1.000,1.000,1.000,1.000,1,100.4,100.4,802,802,0,0,0,0,3000,3000,115,0
4.74,climb_cruise,449.1,449.1,34991.9,176,-1.74,-0.00,0.00,-1.79,15.0,125.0,0,0,-42.89,-0.00,-0.00,0.115,-0.000,-0.000,1.000,1.000,1.000,1.000,1,100.4,100.4,802,802,0,0,0,0,3000,3000,116,0
4.76,climb_cruise,449.1,449.1,34992.0,155,-2.55,-0.00,0.00,-2.60,15.0,125.0,0,0,-36.38,-0.00,-0.00,0.105,-0.000,-0.000,1.000,1.000,1.000,1.000,1,100.4,100.4,802,802,0,0,0,0,3000,3000,115,0
4.78,climb_cruise,449.1,449.1,34992.1,129,-3.22,-0.00,0.00,-3.26,15.0,125.0,0,0,-28.68,-0.00,-0.00,0.092,-0.000,-0.000,1.000,1.000,1.000,1.000,1,100.4,100.4,802,802,0,0,0,0,3000,3000,116,0
4.80,climb_cruise,449.1,449.1,34992.1,99,-3.72,-0.00,0.00,-3.77,15.0,125.0,0,0,-20.15,-0.00,-0.00,0.077,-0.000,-0.000,1.000,1.000,1.000,1.000,1,100.4,100.4,802,802,0,0,0,0,3000,3000,116,0
4.82,climb_cruise,449.1,449.1,34992.2,66,-4.05,-0.00,0.00,-4.09,15.0,125.0,0,0,-11.15,-0.00,-0.00,0.060,-0.000,-0.000,1.000,1.000,1.000,1.000,1,100.5,100.5,802,802,0,0,0,0,3000,3000,116,0
4.84,climb_cruise,449.1,449.1,34992.2,32,-4.20,-0.00,0.00,-4.23,15.0,125.0,0,0,-2.01,-0.00,-0.00,0.041,-0.000,-0.000,1.000,1.000,1.000,1.000,1,100.5,100.5,802,802,0,0,0,0,3000,3000,114,0
4.86,climb_cruise,449.1,449.1,34992.2,-3,-4.16,-0.00,0.00,-4.19,15.0,125.0,0,0,6.97,-0.00,-0.00,0.022,-0.000,-0.000,1.000,1.000,1.000,1.000,1,100.5,100.5,802,802,0,0,0,0,3000,3000,115,0
4.88,climb_cruise,449.1,449.1,34992.2,-37,-3.95,-0.00,0.00,-3.97,15.0,125.0,0,0,15.52,-0.00,-0.00,0.001,-0.000,-0.000,1.000,1.000,1.000,1.000,1,100.5,100.5,802,802,0,0,0,0,3000,3000,116,0
4.90,climb_cruise,449.1,449.1,34992.1,-70,-3.57,-0.00,0.00,-3.58,15.0,125.0,0,0,23.46,-0.00,-0.00,-0.020,-0.000,-0.000,1.000,1.000,1.000,1.000,1,100.5,100.5,802,802,0,0,0,0,3000,3000,114,0
4.92,climb_cruise,449.2,449.2,34992.1,-100,-3.04,-0.00,0.00,-3.04,15.0,125.0,0,0,30.62,-0.00,-0.00,-0.041,-0.000,-0.000,1.000,1.000,1.000,1.000,1,100.6,100.6,802,802,0,0,0,0,3000,3000,115,0
4.94,climb_cruise,449.2,449.2,34992.0,-126,-2.37,-0.00,0.00,-2.37,15.0,125.0,0,0,36.90,-0.00,-0.00,-0.063,-0.000,-0.000,1.000,1.000,1.000,1.000,1,100.6,100.6,802,802,0,0,0,0,3000,3000,115,0
4.96,climb_cruise,449.2,449.2,34991.9,-149,-1.59,-0.00,0.00,-1.57,15.0,125.0,0,0,42.26,-0.00,-0.00,-0.086,-0.000,-0.000,1.000,1.000,1.000,1.000,1,100.6,100.6,802,802,0,0,0,0,3000,3000,115,0
4.98,climb_cruise,449.2,449.2,34991.8,-166,-0.70,-0.00,0.00,-0.68,15.0,125.0,0,0,46.66,0.00,-0.00,-0.109,-0.000,-0.000,1.000,1.000,1.000,1.000,1,100.6,100.6,802,802,0,0,0,0,3000,3000,116,0
5.00,climb_cruise,449.2,449.2,34991.7,-178,0.26,-0.00,0.00,0.28,15.0,125.0,0,0,50.15,0.00,-0.00,-0.132,-0.000,-0.000,1.000,1.000,1.000,1.000,1,100.6,100.6,802,802,0,0,0,0,3000,3000,116,0
5.02,climb_cruise,449.3,449.3,34991.6,-184,1.28,-0.00,0.00,1.31,15.0,125.0,0,0,52.05,0.00,-0.00,-0.145,-0.000,-0.000,1.000,1.000,1.000,1.000,1,100.6,100.6,802,802,0,0,0,0,3000,3000,115,0
5.04,climb_cruise,449.3,449.3,34991.5,-184,2.33,-0.00,0.00,2.35,15.0,125.0,0,0,52.03,0.00,-0.00,-0.152,-0.000,-0.000,1.000,1.000,1.000,1.000,1,100.7,100.7,802,802,0,0,0,0,3000,3000,115,0
5.06,climb_cruise,449.3,449.3,34991.4,-177,3.36,-0.00,0.00,3.38,15.0,125.0,0,0,49.99,0.00,-0.00,-0.152,-0.000,-0.000,1.000,1.000,1.000,1.000,1,100.7,100.7,802,802,0,0,0,0,3000,3000,115,0
5.08,climb_cruise,449.3,449.3,34991.3,-164,4.33,-0.00,0.00,4.35,15.0,125.0,0,0,46.02,0.00,-0.00,-0.147,-0.000,-0.000,1.000,1.000,1.000,1.000,1,100.7,100.7,802,802,0,0,0,0,3000,3000,114,0
5.10,climb_cruise,449.3,449.3,34991.2,-145,5.20,-0.00,0.00,5.22,15.0,125.0,0,0,40.35,0.00,-0.00,-0.138,-0.000,-0.000,1.000,1.000,1.000,1.000,1,100.7,100.7,802,802,0,0,0,0,3000,3000,115,0
5.12,climb_cruise,449.3,449.3,34991.1,-121,5.95,-0.00,0.00,5.97,15.0,125.0,0,0,33.28,0.00,-0.00,-0.127,-0.000,-0.000,1.000,1.000,1.000,1.000,1,100.7,100.7,802,802,0,0,0,0,3000,3000,116,0
5.14,climb_cruise,449.3,449.3,34991.0,-92,6.55,-0.00,0.00,6.57,15.0,125.0,0,0,25.16,0.00,-0.00,-0.113,-0.000,-0.000,1.000,1.000,1.000,1.000,1,100.7,100.7,802,802,0,0,0,0,3000,3000,114,0
5.16,climb_cruise,449.2,449.2,34991.0,-60,6.98,-0.00,0.00,7.00,15.0,125.0,0,0,16.37,0.00,-0.00,-0.096,-0.000,-0.000,1.000,1.000,1.000,1.000,1,100.8,100.8,802,802,0,0,0,0,3000,3000,115,0
5.18,climb_cruise,449.2,449.2,34990.9,-26,7.24,-0.00,0.00,7.24,15.0,125.0,0,0,7.25,0.00,-0.00,-0.079,-0.000,-0.000,1.000,1.000,1.000,1.000,1,100.8,100.8,802,802,0,0,0,0,3000,3000,115,0
5.20,climb_cruise,449.2,449.2,34990.9,9,7.30,-0.00,0.00,7.30,15.0,125.0,0,0,-1.88,0.00,-0.00,-0.060,-0.000,-0.000,1.000,1.000,1.000,1.000,1,100.8,100.8,802,802,0,0,0,0,3000,3000,114,0
5.22,climb_cruise,449.2,449.2,34991.0,45,7.19,-0.00,0.00,7.18,15.0,125.0,0,0,-10.72,0.00,-0.00,-0.040,-0.000,-0.000,1.000,1.000,1.000,1.000,1,100.8,100.8,802,802,0,0,0,0,3000,3000,115,0
5.24,climb_cruise,449.2,449.2,34991.0,79,6.91,-0.00,0.00,6.89,15.0,125.0,0,0,-19.04,0.00,-0.00,-0.019,-0.000,-0.000,1.000,1.000,1.000,1.000,1,100.8,100.8,802,802,0,0,0,0,3000,3000,114,0
5.26,climb_cruise,449.1,449.1,34991.0,112,6.46,-0.00,0.00,6.43,15.0,125.0,0,0,-26.66,0.00,-0.00,0.002,-0.000,-0.000,1.000,1.000,1.000,1.000,1,100.8,100.8,802,802,0,0,0,0,3000,3000,114,0
5.28,climb_cruise,449.1,449.1,34991.1,141,5.87,-0.00,0.00,5.83,15.0,125.0,0,0,-33.46,0.00,-0.00,0.024,-0.000,-0.000,1.000,1.000,1.000,1.000,1,100.8,100.8,802,802,0,0,0,0,3000,3000,114,0
5.30,climb_cruise,449.1,449.1,34991.2,167,5.15,-0.00,0.00,5.10,15.0,125.0,0,0,-39.34,0.00,-0.00,0.047,-0.000,-0.000,1.000,1.000,1.000,1.000,1,100.9,100.9,802,802,0,0,0,0,3000,3000,115,0
5.32,climb_cruise,449.1,449.1,34991.3,188,4.32,-0.00,0.00,4.26,15.0,125.0,0,0,-44.28,0.00,-0.00,0.069,-0.000,-0.000,1.000,1.000,1.000,1.000,1,100.9,100.9,802,802,0,0,0,0,3000,3000,114,0
5.34,climb_cruise,449.1,449.1,34991.4,203,3.40,-0.00,0.00,3.33,15.0,125.0,0,0,-48.28,0.00,-0.00,0.092,-0.000,-0.000,1.000,1.000,1.000,1.000,1,100.9,100.9,802,802,0,0,0,0,3000,3000,114,0
5.36,climb_cruise,449.1,449.1,34991.5,214,2.40,-0.00,0.00,2.34,15.0,125.0,0,0,-51.17,0.00,-0.00,0.113,-0.000,-0.000,1.000,1.000,1.000,1.000,1,100.9,100.9,802,802,0,0,0,0,3000,3000,114,0
5.38,climb_cruise,449.1,449.1,34991.7,218,1.37,-0.00,0.00,1.30,15.0,125.0,0,0,-52.39,-0.00,-0.00,0.124,-0.000,-0.000,1.000,1.000,1.000,1.000,1,100.9,100.9,802,802,0,0,0,0,3000,3000,115,0
5.40,climb_cruise,449.1,449.1,34991.8,215,0.32,-0.00,0.00,0.26,15.0,125.0,0,0,-51.66,-0.00,-0.00,0.129,-0.000,-0.000,1.000,1.000,1.000,1.000,1,100.9,100.9,802,802,0,0,0,0,3000,3000,116,0
5.42,climb_cruise,449.2,449.2,34991.9,207,-0.69,-0.00,0.00,-0.76,15.0,125.0,0,0,-48.96,-0.00,-0.00,0.127,-0.000,-0.000,1.000,1.000,1.000,1.000,1,100.9,100.9,803,803,0,0,0,0,3000,3000,116,0
5.44,climb_cruise,449.2,449.2,34992.0,192,-1.64,-0.00,0.00,-1.70,15.0,125.0,0,0,-44.42,-0.00,-0.00,0.122,-0.000,-0.000,1.000,1.000,1.000,1.000,1,101.0,100.9,803,803,0,0,0,0,3000,3000,114,0
5.46,climb_cruise,449.2,449.2,34992.1,171,-2.48,-0.00,0.00,-2.54,15.0,125.0,0,0,-38.27,-0.00,-0.00,0.112,-0.000,-0.000,1.000,1.000,1.000,1.000,1,101.0,101.0,803,803,0,0,0,0,3000,3000,116,0
5.48,climb_cruise,449.2,449.2,34992.2,146,-3.18,-0.00,0.00,-3.24,15.0,125.0,0,0,-30.84,-0.00,-0.00,0.100,-0.000,-0.000,1.000,1.000,1.000,1.000,1,101.0,101.0,803,803,0,0,0,0,3000,3000,114,0
5.50,climb_cruise,449.2,449.2,34992.3,116,-3.73,-0.00,0.00,-3.79,15.0,125.0,0,0,-22.48,-0.00,-0.00,0.085,-0.000,-0.000,1.000,1.000,1.000,1.000,1,101.0,101.0,803,803,0,0,0,0,3000,3000,114,0
5.52,climb_cruise,449.2,449.2,34992.4,83,-4.11,-0.00,0.00,-4.16,15.0,125.0,0,0,-13.56,-0.00,-0.00,0.068,-0.000,-0.000,1.000,1.000,1.000,1.000,1,101.0,101.0,803,803,0,0,0,0,3000,3000,115,0
5.54,climb_cruise,449.2,449.2,34992.4,48,-4.30,-0.00,0.00,-4.35,15.0,125.0,0,0,-4.42,-0.00,-0.00,0.050,-0.000,-0.000,1.000,1.000,1.000,1.000,1,101.0,101.0,803,803,0,0,0,0,3000,3000,115,0
5.56,climb_cruise,449.2,449.2,34992.4,13,-4.32,-0.00,0.00,-4.35,15.0,125.0,0,0,4.64,-0.00,-0.00,0.031,-0.000,-0.000,1.000,1.000,1.000,1.000,1,101.0,101.0,803,803,0,0,0,0,3000,3000,115,0
5.58,climb_cruise,449.3,449.3,34992.4,-22,-4.15,-0.00,0.00,-4.18,15.0,125.0,0,0,13.33,-0.00,-0.00,0.011,-0.000,-0.000,1.000,1.000,1.000,1.000,1,101.0,101.0,803,803,0,0,0,0,3000,3000,115,0
5.60,climb_cruise,449.3,449.3,34992.4,-56,-3.82,-0.00,0.00,-3.83,15.0,125.0,0,0,21.46,-0.00,-0.00,-0.010,-0.000,-0.000,1.000,1.000,1.000,1.000,1,101.0,101.0,803,803,0,0,0,0,3000,3000,115,0
5.62,climb_cruise,449.3,449.3,34992.3,-88,-3.32,-0.00,0.00,-3.33,15.0,125.0,0,0,28.83,-0.00,-0.00,-0.031,-0.000,-0.000,1.000,1.000,1.000,1.000,1,101.1,101.1,803,803,0,0,0,0,3000,3000,115,0
5.64,climb_cruise,449.3,449.3,34992.2,-116,-2.69,-0.00,0.00,-2.69,15.0,125.0,0,0,35.36,-0.00,-0.00,-0.054,-0.000,-0.000,1.000,1.000,1.000,1.000,1,101.1,101.1,803,803,0,0,0,0,3000,3000,114,0
5.66,climb_cruise,449.3,449.3,34992.2,-140,-1.93,-0.00,0.00,-1.92,15.0,125.0,0,0,40.96,-0.00,-0.00,-0.076,-0.000,-0.000,1.000,1.000,1.000,1.000,1,101.1,101.1,803,803,0,0,0,0,3000,3000,115,0
5.68,climb_cruise,449.3,449.3,34992.1,-160,-1.07,-0.00,0.00,-1.06,15.0,125.0,0,0,45.61,0.00,-0.00,-0.099,-0.000,-0.000,1.000,1.000,1.000,1.000,1,101.1,101.1,803,803,0,0,0,0,3000,3000,116,0
5.70,climb_cruise,449.4,449.4,34992.0,-174,-0.13,-0.00,0.00,-0.11,15.0,125.0,0,0,49.33,0.00,-0.00,-0.122,-0.000,-0.000,1.000,1.000,1.000,1.000,1,101.1,101.1,803,803,0,0,0,0,3000,3000,114,0
5.72,climb_cruise,449.4,449.4,34991.8,-183,0.88,-0.00,0.00,0.91,15.0,125.0,0,0,51.75,0.00,-0.00,-0.139,-0.000,-0.000,1.000,1.000,1.000,1.000,1,101.1,101.1,803,803,0,0,0,0,3000,3000,114,0
5.74,climb_cruise,449.4,449.4,34991.7,-185,1.93,-0.00,0.00,1.95,15.0,125.0,0,0,52.40,0.00,-0.00,-0.149,-0.000,-0.000,1.000,1.000,1.000,1.000,1,101.1,101.1,803,803,0,0,0,0,3000,3000,115,0
5.76,climb_cruise,449.4,449.4,34991.6,-180,2.97,-0.00,0.00,2.99,15.0,125.0,0,0,51.09,0.00,-0.00,-0.151,-0.000,-0.000,1.000,1.000,1.000,1.000,1,101.1,101.1,803,803,0,0,0,0,3000,3000,116,0
5.78,climb_cruise,449.4,449.4,34991.5,-169,3.97,-0.00,0.00,3.99,15.0,125.0,0,0,47.82,0.00,-0.00,-0.149,-0.000,-0.000,1.000,1.000,1.000,1.000,1,101.1,101.1,803,803,0,0,0,0,3000,3000,115,0
5.80,climb_cruise,449.4,449.4,34991.4,-153,4.88,-0.00,0.00,4.91,15.0,125.0,0,0,42.77,0.00,-0.00,-0.142,-0.000,-0.000,1.000,1.000,1.000,1.000,1,101.2,101.2,803,803,0,0,0,0,3000,3000,115,0
5.82,climb_cruise,449.4,449.4,34991.3,-130,5.69,-0.00,0.00,5.71,15.0,125.0,0,0,36.21,0.00,-0.00,-0.131,-0.000,-0.000,1.000,1.000,1.000,1.000,1,101.2,101.2,803,803,0,0,0,0,3000,3000,114,0
5.84,climb_cruise,449.4,449.4,34991.2,-103,6.35,-0.00,0.00,6.37,15.0,125.0,0,0,28.48,0.00,-0.00,-0.118,-0.000,-0.000,1.000,1.000,1.000,1.000,1,101.2,101.2,803,803,0,0,0,0,3000,3000,114,0
5.86,climb_cruise,449.4,449.4,34991.2,-72,6.85,-0.00,0.00,6.86,15.0,125.0,0,0,19.92,0.00,-0.00,-0.103,-0.000,-0.000,1.000,1.000,1.000,1.000,1,101.2,101.2,803,803,0,0,0,0,3000,3000,115,0
5.88,climb_cruise,449.4,449.4,34991.1,-39,7.17,-0.00,0.00,7.18,15.0,125.0,0,0,10.91,0.00,-0.00,-0.086,-0.000,-0.000,1.000,1.000,1.000,1.000,1,101.2,101.2,803,803,0,0,0,0,3000,3000,116,0
5.90,climb_cruise,449.3,449.3,34991.1,-4,7.32,-0.00,0.00,7.32,15.0,125.0,0,0,1.77,0.00,-0.00,-0.068,-0.000,-0.000,1.000,1.000,1.000,1.000,1,101.2,101.2,803,803,0,0,0,0,3000,3000,114,0
5.92,climb_cruise,449.3,449.3,34991.1,32,7.28,-0.00,0.00,7.27,15.0,125.0,0,0,-7.20,0.00,-0.00,-0.048,-0.000,-0.000,1.000,1.000,1.000,1.000,1,101.2,101.2,803,803,0,0,0,0,3000,3000,114,0
5.94,climb_cruise,449.3,449.3,34991.2,67,7.06,-0.00,0.00,7.04,15.0,125.0,0,0,-15.74,0.00,-0.00,-0.028,-0.000,-0.000,1.000,1.000,1.000,1.000,1,101.2,101.2,803,803,0,0,0,0,3000,3000,115,0
5.96,climb_cruise,449.3,449.3,34991.2,101,6.68,-0.00,0.00,6.65,15.0,125.0,0,0,-23.64,0.00,-0.00,-0.007,-0.000,-0.000,1.000,1.000,1.000,1.000,1,101.2,101.2,803,803,0,0,0,0,3000,3000,116,0
5.98,climb_cruise,449.3,449.3,34991.3,132,6.14,-0.00,0.00,6.10,15.0,125.0,0,0,-30.77,0.00,-0.00,0.015,-0.000,-0.000,1.000,1.000,1.000,1.000,1,101.2,101.2,803,803,0,0,0,0,3000,3000,115,0
6.00,climb_cruise,449.3,449.3,34991.4,159,5.48,-0.00,0.00,5.43,15.0,125.0,0,0,-37.01,0.00,-0.00,0.037,-0.000,-0.000,1.000,1.000,1.000,1.000,1,101.3,101.3,803,803,0,0,0,0,3000,3000,116,0
6.02,climb_cruise,449.3,449.3,34991.5,182,4.69,-0.00,0.00,4.63,15.0,125.0,0,0,-42.33,0.00,-0.00,0.060,-0.000,-0.000,1.000,1.000,1.000,1.000,1,101.3,101.3,803,803,0,0,0,0,3000,3000,115,0
6.04,climb_cruise,449.3,449.3,34991.6,200,3.80,-0.00,0.00,3.74,15.0,125.0,0,0,-46.70,0.00,-0.00,0.083,-0.000,-0.000,1.000,1.000,1.000,1.000,1,101.3,101.3,803,803,0,0,0,0,3000,3000,115,0
6.06,climb_cruise,449.3,449.3,34991.7,213,2.84,-0.00,0.00,2.77,15.0,125.0,0,0,-50.15,0.00,-0.00,0.106,-0.000,-0.000,1.000,1.000,1.000,1.000,1,101.3,101.3,803,803,0,0,0,0,3000,3000,115,0
6.08,climb_cruise,449.3,449.3,34991.8,220,1.81,-0.00,0.00,1.75,15.0,125.0,0,0,-52.02,0.00,-0.00,0.119,-0.000,-0.000,1.000,1.000,1.000,1.000,1,101.3,101.3,803,803,0,0,0,0,3000,3000,114,0
6.10,climb_cruise,449.3,449.3,34992.0,220,0.77,-0.00,0.00,0.70,15.0,125.0,0,0,-51.96,-0.00,-0.00,0.125,-0.000,-0.000,1.000,1.000,1.000,1.000,1,101.3,101.3,803,803,0,0,0,0,3000,3000,115,0
6.12,climb_cruise,449.3,449.3,34992.1,214,-0.26,-0.00,0.00,-0.33,15.0,125.0,0,0,-49.90,-0.00,-0.00,0.126,-0.000,-0.000,1.000,1.000,1.000,1.000,1,101.3,101.3,803,803,0,0,0,0,3000,3000,116,0
6.14,climb_cruise,449.3,449.3,34992.2,202,-1.22,-0.00,0.00,-1.29,15.0,125.0,0,0,-45.91,-0.00,-0.00,0.121,-0.000,-0.000,1.000,1.000,1.000,1.000,1,101.3,101.3,803,803,0,0,0,0,3000,3000,115,0
6.16,climb_cruise,449.3,449.3,34992.3,184,-2.10,-0.00,0.00,-2.17,15.0,125.0,0,0,-40.22,-0.00,-0.00,0.112,-0.000,-0.000,1.000,1.000,1.000,1.000,1,101.3,101.3,803,803,0,0,0,0,3000,3000,115,0
6.18,climb_cruise,449.3,449.3,34992.4,160,-2.85,-0.00,0.00,-2.91,15.0,125.0,0,0,-33.14,-0.00,-0.00,0.101,-0.000,-0.000,1.000,1.000,1.000,1.000,1,101.3,101.3,803,803,0,0,0,0,3000,3000,115,0
6.20,climb_cruise,449.4,449.4,34992.5,132,-3.44,-0.00,0.00,-3.51,15.0,125.0,0,0,-25.01,-0.00,-0.00,0.086,-0.000,-0.000,1.000,1.000,1.000,1.000,1,101.3,101.3,803,803,0,0,0,0,3000,3000,115,0
6.22,climb_cruise,449.4,449.4,34992.5,101,-3.87,-0.00,0.00,-3.93,15.0,125.0,0,0,-16.21,-0.00,-0.00,0.070,-0.000,-0.000,1.000,1.000,1.000,1.000,1,101.3,101.3,803,803,0,0,0,0,3000,3000,116,0
6.24,climb_cruise,449.4,449.4,34992.6,68,-4.12,-0.00,0.00,-4.18,15.0,125.0,0,0,-7.08,-0.00,-0.00,0.053,-0.000,-0.000,1.000,1.000,1.000,1.000,1,101.4,101.4,803,803,0,0,0,0,3000,3000,115,0
6.26,climb_cruise,449.4,449.4,34992.6,33,-4.19,-0.00,0.00,-4.24,15.0,125.0,0,0,2.04,-0.00,-0.00,0.034,-0.000,-0.000,1.000,1.000,1.000,1.000,1,101.4,101.4,803,803,0,0,0,0,3000,3000,115,0
6.28,climb_cruise,449.4,449.4,34992.6,-1,-4.07,-0.00,0.00,-4.11,15.0,125.0,0,0,10.88,-0.00,-0.00,0.014,-0.000,-0.000,1.000,1.000,1.000,1.000,1,101.4,101.4,803,803,0,0,0,0,3000,3000,114,0
6.30,climb_cruise,449.4,449.4,34992.6,-35,-3.78,-0.00,0.00,-3.82,15.0,125.0,0,0,19.21,-0.00,-0.00,-0.007,-0.000,-0.000,1.000,1.000,1.000,1.000,1,101.4,101.4,803,803,0,0,0,0,3000,3000,115,0
6.32,climb_cruise,449.4,449.4,34992.5,-67,-3.33,-0.00,0.00,-3.36,15.0,125.0,0,0,26.83,-0.00,-0.00,-0.028,-0.000,-0.000,1.000,1.000,1.000,1.000,1,101.4,101.4,803,803,0,0,0,0,3000,3000,115,0
6.34,climb_cruise,449.4,449.4,34992.5,-95,-2.74,-0.00,0.00,-2.75,15.0,125.0,0,0,33.62,-0.00,-0.00,-0.050,-0.000,-0.000,1.000,1.000,1.000,1.000,1,101.4,101.4,803,803,0,0,0,0,3000,3000,115,0
6.36,climb_cruise,449.5,449.5,34992.4,-120,-2.01,-0.00,0.00,-2.02,15.0,125.0,0,0,39.50,-0.00,-0.00,-0.073,-0.000,-0.000,1.000,1.000,1.000,1.000,1,101.4,101.4,803,803,0,0,0,0,3000,3000,116,0
6.38,climb_cruise,449.5,449.5,34992.3,-140,-1.18,-0.00,0.00,-1.18,15.0,125.0,0,0,44.43,0.00,-0.00,-0.095,-0.000,-0.000,1.000,1.000,1.000,1.000,1,101.4,101.4,803,803,0,0,0,0,3000,3000,116,0
6.40,climb_cruise,449.5,449.5,34992.2,-155,-0.25,-0.00,0.00,-0.25,15.0,125.0,0,0,48.42,0.00,-0.00,-0.118,-0.000,-0.000,1.000,1.000,1.000,1.000,1,101.4,101.4,803,803,0,0,0,0,3000,3000,115,0
6.42,climb_cruise,449.5,449.5,34992.1,-165,0.74,-0.00,0.00,0.74,15.0,125.0,0,0,51.17,0.00,-0.00,-0.137,-0.000,-0.000,1.000,1.000,1.000,1.000,1,101.4,101.4,803,803,0,0,0,0,3000,3000,114,0
6.44,climb_cruise,449.5,449.5,34992.0,-168,1.78,-0.00,0.00,1.78,15.0,125.0,0,0,52.17,0.00,-0.00,-0.147,-0.000,-0.000,1.000,1.000,1.000,1.000,1,101.4,101.4,803,803,0,0,0,0,3000,3000,116,0
6.46,climb_cruise,449.6,449.6,34991.9,-164,2.81,-0.00,0.00,2.82,15.0,125.0,0,0,51.19,0.00,-0.00,-0.150,-0.000,-0.000,1.000,1.000,1.000,1.000,1,101.4,101.4,803,803,0,0,0,0,3000,3000,116,0
6.48,climb_cruise,449.6,449.6,34991.8,-155,3.82,-0.00,0.00,3.82,15.0,125.0,0,0,48.23,0.00,-0.00,-0.148,-0.000,-0.000,1.000,1.000,1.000,1.000,1,101.4,101.4,803,803,0,0,0,0,3000,3000,115,0
6.50,climb_cruise,449.6,449.6,34991.7,-139,4.74,-0.00,0.00,4.75,15.0,125.0,0,0,43.44,0.00,-0.00,-0.142,0.000,-0.000,1.000,1.000,1.000,1.000,1,101.5,101.5,803,803,0,0,0,0,3000,3000,115,0
6.52,climb_cruise,449.6,449.6,34991.6,-117,5.56,-0.00,0.00,5.56,15.0,125.0,0,0,37.09,0.00,-0.00,-0.132,0.000,-0.000,1.000,1.000,1.000,1.000,1,101.5,101.5,803,803,0,0,0,0,3000,3000,115,0
6.54,climb_cruise,449.6,449.6,34991.5,-91,6.24,-0.00,0.00,6.24,15.0,125.0,0,0,29.51,0.00,-0.00,-0.119,0.000,-0.000,1.000,1.000,1.000,1.000,1,101.5,101.5,803,803,0,0,0,0,3000,3000,115,0
6.56,climb_cruise,449.5,449.5,34991.5,-61,6.77,-0.00,0.00,6.76,15.0,125.0,0,0,21.05,0.00,-0.00,-0.104,0.000,-0.000,1.000,1.000,1.000,1.000,1,101.5,101.5,803,803,0,0,0,0,3000,3000,114,0
6.58,climb_cruise,449.5,449.5,34991.4,-28,7.11,-0.00,0.00,7.10,15.0,125.0,0,0,12.08,0.00,-0.00,-0.087,0.000,-0.000,1.000,1.000,1.000,1.000,1,101.5,101.5,803,803,0,0,0,0,3000,3000,114,0
6.60,climb_cruise,449.5,449.5,34991.4,7,7.28,-0.00,0.00,7.26,15.0,125.0,0,0,2.94,0.00,-0.00,-0.069,0.000,-0.000,1.000,1.000,1.000,1.000,1,101.5,101.5,803,803,0,0,0,0,3000,3000,114,0
6.62,climb_cruise,449.5,449.5,34991.4,43,7.26,-0.00,0.00,7.24,15.0,125.0,0,0,-6.07,0.00,-0.00,-0.049,0.000,-0.000,1.000,1.000,1.000,1.000,1,101.5,101.5,803,803,0,0,0,0,3000,3000,114,0
6.64,climb_cruise,449.5,449.5,34991.5,78,7.07,-0.00,0.00,7.03,15.0,125.0,0,0,-14.68,0.00,-0.00,-0.029,0.000,-0.000,1.000,1.000,1.000,1.000,1,101.5,101.5,803,803,0,0,0,0,3000,3000,114,0
6.66,climb_cruise,449.4,449.4,34991.5,111,6.71,-0.00,0.00,6.66,15.0,125.0,0,0,-22.68,0.00,-0.00,-0.008,0.000,-0.000,1.000,1.000,1.000,1.000,1,101.5,101.5,803,803,0,0,0,0,3000,3000,116,0
6.68,climb_cruise,449.4,449.4,34991.6,142,6.19,-0.00,0.00,6.14,15.0,125.0,0,0,-29.92,0.00,-0.00,0.014,-0.000,-0.000,1.000,1.000,1.000,1.000,1,101.5,101.5,803,803,0,0,0,0,3000,3000,115,0
6.70,climb_cruise,449.4,449.4,34991.7,170,5.54,-0.00,0.00,5.47,15.0,125.0,0,0,-36.29,0.00,-0.00,0.036,-0.000,-0.000,1.000,1.000,1.000,1.000,1,101.5,101.5,803,803,0,0,0,0,3000,3000,115,0
6.72,climb_cruise,449.4,449.4,34991.8,193,4.76,-0.00,0.00,4.69,15.0,125.0,0,0,-41.73,0.00,-0.00,0.058,-0.000,-0.000,1.000,1.000,1.000,1.000,1,101.5,101.5,803,803,0,0,0,0,3000,3000,114,0
6.74,climb_cruise,449.4,449.4,34991.9,212,3.89,-0.00,0.00,3.81,15.0,125.0,0,0,-46.22,0.00,-0.00,0.081,-0.000,-0.000,1.000,1.000,1.000,1.000,1,101.5,101.5,803,803,0,0,0,0,3000,3000,116,0
6.76,climb_cruise,449.4,449.4,34992.0,225,2.93,-0.00,0.00,2.85,15.0,125.0,0,0,-49.79,0.00,-0.00,0.104,-0.000,-0.000,1.000,1.000,1.000,1.000,1,101.5,101.5,803,803,0,0,0,0,3000,3000,116,0
6.78,climb_cruise,449.4,449.4,34992.2,232,1.92,-0.00,0.00,1.83,15.0,125.0,0,0,-51.79,0.00,-0.00,0.118,-0.000,-0.000,1.000,1.000,1.000,1.000,1,101.5,101.5,803,803,0,0,0,0,3000,3000,116,0
6.80,climb_cruise,449.4,449.4,34992.3,233,0.88,-0.00,0.00,0.79,15.0,125.0,0,0,-51.87,-0.00,-0.00,0.125,-0.000,-0.000,1.000,1.000,1.000,1.000,1,101.5,101.5,803,803,0,0,0,0,3000,3000,115,0
6.82,climb_cruise,449.4,449.4,34992.4,228,-0.15,-0.00,0.00,-0.24,15.0,125.0,0,0,-49.92,-0.00,-0.00,0.125,-0.000,-0.000,1.000,1.000,1.000,1.000,1,101.5,101.5,803,803,0,0,0,0,3000,3000,115,0
6.84,climb_cruise,449.5,449.5,34992.6,216,-1.12,-0.00,0.00,-1.21,15.0,125.0,0,0,-46.04,-0.00,-0.00,0.120,-0.000,-0.000,1.000,1.000,1.000,1.000,1,101.6,101.6,803,803,0,0,0,0,3000,3000,115,0
6.86,climb_cruise,449.5,449.5,34992.7,198,-2.00,-0.00,0.00,-2.08,15.0,125.0,0,0,-40.44,-0.00,-0.00,0.112,-0.000,-0.000,1.000,1.000,1.000,1.000,1,101.6,101.6,803,803,0,0,0,0,3000,3000,116,0
6.88,climb_cruise,449.5,449.5,34992.8,176,-2.75,-0.00,0.00,-2.84,15.0,125.0,0,0,-33.43,-0.00,-0.00,0.100,-0.000,-0.000,1.000,1.000,1.000,1.000,1,101.6,101.6,803,803,0,0,0,0,3000,3000,115,0
6.90,climb_cruise,449.5,449.5,34992.9,148,-3.35,-0.00,0.00,-3.44,15.0,125.0,0,0,-25.35,-0.00,-0.00,0.086,-0.000,-0.000,1.000,1.000,1.000,1.000,1,101.6,101.6,803,803,0,0,0,0,3000,3000,115,0
6.92,climb_cruise,449.5,449.5,34992.9,118,-3.79,-0.00,0.00,-3.87,15.0,125.0,0,0,-16.58,-0.00,-0.00,0.070,-0.000,-0.000,1.000,1.000,1.000,1.000,1,101.6,101.6,803,803,0,0,0,0,3000,3000,115,0
6.94,climb_cruise,449.5,449.5,34993.0,84,-4.04,-0.00,0.00,-4.12,15.0,125.0,0,0,-7.47,-0.00,-0.00,0.052,-0.000,-0.000,1.000,1.000,1.000,1.000,1,101.6,101.6,803,803,0,0,0,0,3000,3000,115,0
6.96,climb_cruise,449.5,449.5,34993.0,50,-4.12,-0.00,0.00,-4.19,15.0,125.0,0,0,1.66,-0.00,-0.00,0.034,-0.000,-0.000,1.000,1.000,1.000,1.000,1,101.6,101.6,803,803,0,0,0,0,3000,3000,116,0
6.98,climb_cruise,449.5,449.5,34993.0,16,-4.01,-0.00,0.00,-4.07,15.0,125.0,0,0,10.52,-0.00,-0.00,0.014,-0.000,-0.000,1.000,1.000,1.000,1.000,1,101.6,101.6,803,803,0,0,0,0,3000,3000,116,0
7.00,climb_cruise,449.6,449.6,34993.0,-18,-3.73,-0.00,0.00,-3.78,15.0,125.0,0,0,18.87,-0.00,-0.00,-0.007,-0.000,-0.000,1.000,1.000,1.000,1.000,1,101.6,101.6,803,803,0,0,0,0,3000,3000,115,0
7.02,climb_cruise,449.6,449.6,34992.9,-49,-3.29,-0.00,0.00,-3.33,15.0,125.0,0,0,26.52,-0.00,-0.00,-0.029,-0.000,-0.000,1.000,1.000,1.000,1.000,1,101.6,101.6,803,803,0,0,0,0,3000,3000,114,0
7.04,climb_cruise,449.6,449.6,34992.9,-78,-2.70,-0.00,0.00,-2.74,15.0,125.0,0,0,33.35,-0.00,-0.00,-0.050,-0.000,-0.000,1.000,1.000,1.000,1.000,1,101.6,101.6,803,803,0,0,0,0,3000,3000,115,0
7.06,climb_cruise,449.6,449.6,34992.8,-102,-1.98,-0.00,360.00,-2.01,15.0,125.0,0,0,39.27,0.00,-0.00,-0.073,-0.000,-0.000,1.000,1.000,1.000,1.000,1,101.6,101.6,803,803,0,0,0,0,3000,3000,114,0
7.08,climb_cruise,449.6,449.6,34992.7,-122,-1.15,-0.00,360.00,-1.17,15.0,125.0,0,0,44.25,0.00,-0.00,-0.095,-0.000,-0.000,1.000,1.000,1.000,1.000,1,101.6,101.6,803,803,0,0,0,0,3000,3000,115,0
7.10,climb_cruise,449.6,449.6,34992.6,-137,-0.23,-0.00,360.00,-0.25,15.0,125.0,0,0,48.28,0.00,-0.00,-0.118,0.000,-0.000,1.000,1.000,1.000,1.000,1,101.6,101.6,803,803,0,0,0,0,3000,3000,116,0
7.12,climb_cruise,449.7,449.7,34992.5,-146,0.76,-0.00,360.00,0.74,15.0,125.0,0,0,50.90,0.00,-0.00,-0.135,0.000,-0.000,1.000,1.000,1.000,1.000,1,101.6,101.6,803,803,0,0,0,0,3000,3000,116,0
7.14,climb_cruise,449.7,449.7,34992.4,-149,1.79,-0.00,360.00,1.77,15.0,125.0,0,0,51.68,0.00,-0.00,-0.143,0.000,-0.000,1.000,1.000,1.000,1.000,1,101.6,101.6,803,803,0,0,0,0,3000,3000,114,0
7.16,climb_cruise,449.7,449.7,34992.3,-146,2.82,-0.00,360.00,2.80,15.0,125.0,0,0,50.43,0.00,-0.00,-0.145,0.000,-0.000,1.000,1.000,1.000,1.000,1,101.6,101.6,803,803,0,0,0,0,3000,3000,115,0
7.18,climb_cruise,449.7,449.7,34992.2,-136,3.80,-0.00,360.00,3.79,15.0,125.0,0,0,47.19,0.00,-0.00,-0.142,0.000,-0.000,1.000,1.000,1.000,1.000,1,101.6,101.6,803,803,0,0,0,0,3000,3000,115,0
7.20,climb_cruise,449.7,449.7,34992.1,-121,4.71,-0.00,360.00,4.69,15.0,125.0,0,0,42.14,0.00,-0.00,-0.134,0.000,-0.000,1.000,1.000,1.000,1.000,1,101.6,101.6,803,803,0,0,0,0,3000,3000,115,0
7.22,climb_cruise,449.7,449.7,34992.1,-99,5.50,-0.00,360.00,5.48,15.0,125.0,0,0,35.58,0.00,-0.00,-0.124,0.000,-0.000,1.000,1.000,1.000,1.000,1,101.6,101.6,803,803,0,0,0,0,3000,3000,115,0
7.24,climb_cruise,449.7,449.7,34992.0,-74,6.15,-0.00,360.00,6.13,15.0,125.0,0,0,27.83,0.00,-0.00,-0.110,0.000,-0.000,1.000,1.000,1.000,1.000,1,101.7,101.7,804,803,0,0,0,0,3000,3000,116,0
7.26,climb_cruise,449.7,449.7,34992.0,-44,6.64,-0.00,360.00,6.62,15.0,125.0,0,0,19.27,0.00,-0.00,-0.095,0.000,-0.000,1.000,1.000,1.000,1.000,1,101.7,101.7,804,804,0,0,0,0,3000,3000,115,0
7.28,climb_cruise,449.7,449.7,34991.9,-12,6.95,-0.00,360.00,6.92,15.0,125.0,0,0,10.25,0.00,-0.00,-0.078,0.000,-0.000,1.000,1.000,1.000,1.000,1,101.7,101.7,804,804,0,0,0,0,3000,3000,116,0
7.30,climb_cruise,449.6,449.6,34991.9,22,7.08,-0.00,360.00,7.05,15.0,125.0,0,0,1.12,0.00,-0.00,-0.059,0.000,-0.000,1.000,1.000,1.000,1.000,1,101.7,101.7,804,804,0,0,0,0,3000,3000,116,0
7.32,climb_cruise,449.6,449.6,34992.0,56,7.02,-0.00,360.00,6.99,15.0,125.0,0,0,-7.83,0.00,-0.00,-0.039,0.000,-0.000,1.000,1.000,1.000,1.000,1,101.7,101.7,804,804,0,0,0,0,3000,3000,116,0
7.34,climb_cruise,449.6,449.6,34992.0,90,6.80,-0.00,360.00,6.75,15.0,125.0,0,0,-16.34,0.00,-0.00,-0.019,0.000,-0.000,1.000,1.000,1.000,1.000,1,101.7,101.7,804,804,0,0,0,0,3000,3000,115,0
7.36,climb_cruise,449.6,449.6,34992.0,122,6.40,-0.00,360.00,6.35,15.0,125.0,0,0,-24.21,0.00,-0.00,0.002,0.000,-0.000,1.000,1.000,1.000,1.000,1,101.7,101.7,804,804,0,0,0,0,3000,3000,114,0
7.38,climb_cruise,449.6,449.6,34992.1,151,5.86,-0.00,360.00,5.79,15.0,125.0,0,0,-31.29,0.00,-0.00,0.024,0.000,-0.000,1.000,1.000,1.000,1.000,1,101.7,101.7,804,804,0,0,0,0,3000,3000,115,0
7.40,climb_cruise,449.6,449.6,34992.2,177,5.18,-0.00,360.00,5.11,15.0,125.0,0,0,-37.49,0.00,-0.00,0.046,0.000,-0.000,1.000,1.000,1.000,1.000,1,101.7,101.7,804,804,0,0,0,0,3000,3000,114,0
7.42,climb_cruise,449.6,449.6,34992.3,198,4.38,-0.00,360.00,4.30,15.0,125.0,0,0,-42.76,0.00,-0.00,0.069,0.000,-0.000,1.000,1.000,1.000,1.000,1,101.7,101.7,804,804,0,0,0,0,3000,3000,115,0
7.44,climb_cruise,449.6,449.6,34992.4,214,3.49,-0.00,360.00,3.41,15.0,125.0,0,0,-47.07,0.00,-0.00,0.092,0.000,-0.000,1.000,1.000,1.000,1.000,1,101.7,101.7,804,804,0,0,0,0,3000,3000,116,0
7.46,climb_cruise,449.6,449.6,34992.6,225,2.51,-0.00,360.00,2.43,15.0,125.0,0,0,-50.47,0.00,-0.00,0.115,0.000,-0.000,1.000,1.000,1.000,1.000,1,101.7,101.7,804,804,0,0,0,0,3000,3000,114,0
7.48,climb_cruise,449.6,449.6,34992.7,230,1.48,-0.00,360.00,1.40,15.0,125.0,0,0,-52.29,0.00,-0.00,0.129,0.000,-0.000,1.000,1.000,1.000,1.000,1,101.7,101.7,804,804,0,0,0,0,3000,3000,115,0
7.50,climb_cruise,449.6,449.6,34992.8,229,0.44,-0.00,360.00,0.36,15.0,125.0,0,0,-52.19,0.00,-0.00,0.135,0.000,-0.000,1.000,1.000,1.000,1.000,1,101.7,101.7,804,804,0,0,0,0,3000,3000,115,0
7.52,climb_cruise,449.6,449.6,34993.0,221,-0.59,-0.00,360.00,-0.67,15.0,125.0,0,0,-50.08,-0.00,-0.00,0.135,0.000,-0.000,1.000,1.000,1.000,1.000,1,101.7,101.7,804,804,0,0,0,0,3000,3000,115,0
7.54,climb_cruise,449.6,449.6,34993.1,206,-1.56,-0.00,360.00,-1.64,15.0,125.0,0,0,-46.04,-0.00,-0.00,0.130,0.000,-0.000,1.000,1.000,1.000,1.000,1,101.7,101.7,804,804,0,0,0,0,3000,3000,115,0
7.56,climb_cruise,449.6,449.6,34993.2,186,-2.44,-0.00,360.00,-2.51,15.0,125.0,0,0,-40.32,-0.00,-0.00,0.122,-0.000,-0.000,1.000,1.000,1.000,1.000,1,101.7,101.7,804,804,0,0,0,0,3000,3000,116,0
7.58,climb_cruise,449.7,449.7,34993.3,161,-3.19,-0.00,360.00,-3.26,15.0,125.0,0,0,-33.20,-0.00,-0.00,0.110,-0.000,-0.000,1.000,1.000,1.000,1.000,1,101.7,101.7,804,804,0,0,0,0,3000,3000,115,0
7.60,climb_cruise,449.7,449.7,34993.4,131,-3.79,-0.00,360.00,-3.86,15.0,125.0,0,0,-25.05,-0.00,-0.00,0.096,-0.000,-0.000,1.000,1.000,1.000,1.000,1,101.7,101.7,804,804,0,0,0,0,3000,3000,115,0
7.62,climb_cruise,449.7,449.7,34993.4,98,-4.22,-0.00,360.00,-4.28,15.0,125.0,0,0,-16.23,-0.00,-0.00,0.080,-0.000,-0.000,1.000,1.000,1.000,1.000,1,101.7,101.7,804,804,0,0,0,0,3000,3000,115,0
7.64,climb_cruise,449.7,449.7,34993.5,63,-4.47,-0.00,360.00,-4.52,15.0,125.0,0,0,-7.09,-0.00,-0.00,0.062,0.000,-0.000,1.000,1.000,1.000,1.000,1,101.7,101.7,804,804,0,0,0,0,3000,3000,115,0
7.66,climb_cruise,449.7,449.7,34993.5,26,-4.53,-0.00,360.00,-4.58,15.0,125.0,0,0,2.04,-0.00,-0.00,0.043,0.000,-0.000,1.000,1.000,1.000,1.000,1,101.7,101.7,804,804,0,0,0,0,3000,3000,115,0
7.68,climb_cruise,449.7,449.7,34993.5,-10,-4.42,-0.00,360.00,-4.45,15.0,125.0,0,0,10.89,-0.00,-0.00,0.023,0.000,-0.000,1.000,1.000,1.000,1.000,1,101.7,101.7,804,804,0,0,0,0,3000,3000,115,0
7.70,climb_cruise,449.7,449.7,34993.4,-46,-4.13,-0.00,360.00,-4.15,15.0,125.0,0,0,19.21,-0.00,-0.00,0.002,0.000,-0.000,1.000,1.000,1.000,1.000,1,101.7,101.7,804,804,0,0,0,0,3000,3000,114,0
7.72,climb_cruise,449.7,449.7,34993.4,-80,-3.68,-0.00,360.00,-3.69,15.0,125.0,0,0,26.83,-0.00,-0.00,-0.019,0.000,-0.000,1.000,1.000,1.000,1.000,1,101.7,101.7,804,804,0,0,0,0,3000,3000,115,0
7.74,climb_cruise,449.8,449.8,34993.3,-110,-3.09,-0.00,360.00,-3.08,15.0,125.0,0,0,33.61,0.00,-0.00,-0.041,0.000,-0.000,1.000,1.000,1.000,1.000,1,101.7,101.7,804,804,0,0,0,0,3000,3000,114,0
7.76,climb_cruise,449.8,449.8,34993.3,-137,-2.36,-0.00,360.00,-2.35,15.0,125.0,0,0,39.48,0.00,-0.00,-0.063,0.000,-0.000,1.000,1.000,1.000,1.000,1,101.7,101.7,804,804,0,0,0,0,3000,3000,114,0
7.78,climb_cruise,449.8,449.8,34993.2,-159,-1.53,-0.00,360.00,-1.51,15.0,125.0,0,0,44.40,0.00,-0.00,-0.086,0.000,-0.000,1.000,1.000,1.000,1.000,1,101.8,101.7,804,804,0,0,0,0,3000,3000,116,0
7.80,climb_cruise,449.8,449.8,34993.1,-175,-0.60,-0.00,360.00,-0.58,15.0,125.0,0,0,48.38,0.00,-0.00,-0.109,0.000,-0.000,1.000,1.000,1.000,1.000,1,101.8,101.8,804,804,0,0,0,0,3000,3000,115,0
7.82,climb_cruise,449.8,449.8,34992.9,-187,0.39,-0.00,360.00,0.42,15.0,125.0,0,0,51.45,0.00,-0.00,-0.132,0.000,-0.000,1.000,1.000,1.000,1.000,1,101.8,101.8,804,804,0,0,0,0,3000,3000,115,0
7.84,climb_cruise,449.9,449.9,34992.8,-192,1.44,-0.00,360.00,1.47,15.0,125.0,0,0,52.97,0.00,-0.00,-0.146,0.000,-0.000,1.000,1.000,1.000,1.000,1,101.8,101.8,804,804,0,0,0,0,3000,3000,114,0
7.86,climb_cruise,449.9,449.9,34992.7,-190,2.50,-0.00,360.00,2.53,15.0,125.0,0,0,52.59,0.00,-0.00,-0.152,0.000,-0.000,1.000,1.000,1.000,1.000,1,101.8,101.8,804,804,0,0,0,0,3000,3000,116,0
7.88,climb_cruise,449.9,449.9,34992.6,-182,3.53,-0.00,360.00,3.56,15.0,125.0,0,0,50.24,0.00,-0.00,-0.152,0.000,-0.000,1.000,1.000,1.000,1.000,1,101.8,101.8,804,804,0,0,0,0,3000,3000,114,0
7.90,climb_cruise,449.9,449.9,34992.5,-168,4.51,-0.00,360.00,4.53,15.0,125.0,0,0,46.00,0.00,-0.00,-0.147,0.000,-0.000,1.000,1.000,1.000,1.000,1,101.8,101.8,804,804,0,0,0,0,3000,3000,115,0
7.92,climb_cruise,449.9,449.9,34992.4,-147,5.38,-0.00,360.00,5.41,15.0,125.0,0,0,40.11,0.00,-0.00,-0.139,0.000,-0.000,1.000,1.000,1.000,1.000,1,101.8,101.8,804,804,0,0,0,0,3000,3000,115,0
7.94,climb_cruise,449.9,449.9,34992.3,-122,6.13,-0.00,360.00,6.15,15.0,125.0,0,0,32.87,0.00,-0.00,-0.127,0.000,-0.000,1.000,1.000,1.000,1.000,1,101.8,101.8,804,804,0,0,0,0,3000,3000,115,0
7.96,climb_cruise,449.9,449.9,34992.2,-92,6.72,-0.00,360.00,6.73,15.0,125.0,0,0,24.63,0.00,-0.00,-0.113,0.000,-0.000,1.000,1.000,1.000,1.000,1,101.8,101.8,804,804,0,0,0,0,3000,3000,115,0
7.98,climb_cruise,449.9,449.9,34992.2,-59,7.14,-0.00,360.00,7.15,15.0,125.0,0,0,15.75,0.00,-0.00,-0.097,0.000,-0.000,1.000,1.000,1.000,1.000,1,101.8,101.8,804,804,0,0,0,0,3000,3000,116,0
8.00,climb_cruise,449.8,449.8,34992.2,-24,7.38,-0.00,360.00,7.38,15.0,125.0,0,0,6.58,0.00,-0.00,-0.079,0.000,-0.000,1.000,1.000,1.000,1.000,1,101.8,101.8,804,804,0,0,0,0,3000,3000,116,0
8.02,climb_cruise,449.8,449.8,34992.2,13,7.43,-0.00,360.00,7.43,15.0,125.0,0,0,-2.55,0.00,-0.00,-0.060,0.000,-0.000,1.000,1.000,1.000,1.000,1,101.8,101.8,804,804,0,0,0,0,3000,3000,115,0
8.04,climb_cruise,449.8,449.8,34992.2,49,7.31,-0.00,360.00,7.29,15.0,125.0,0,0,-11.38,0.00,-0.00,-0.040,0.000,-0.000,1.000,1.000,1.000,1.000,1,101.8,101.8,804,804,0,0,0,0,3000,3000,115,0
8.06,climb_cruise,449.8,449.8,34992.2,84,7.01,-0.00,360.00,6.98,15.0,125.0,0,0,-19.66,0.00,-0.00,-0.020,0.000,-0.000,1.000,1.000,1.000,1.000,1,101.8,101.8,804,804,0,0,0,0,3000,3000,115,0
8.08,climb_cruise,449.7,449.7,34992.3,117,6.55,-0.00,360.00,6.51,15.0,125.0,0,0,-27.22,0.00,-0.00,0.002,0.000,-0.000,1.000,1.000,1.000,1.000,1,101.8,101.8,804,804,0,0,0,0,3000,3000,115,0
8.10,climb_cruise,449.7,449.7,34992.3,148,5.95,-0.00,360.00,5.90,15.0,125.0,0,0,-33.95,0.00,-0.00,0.024,0.000,-0.000,1.000,1.000,1.000,1.000,1,101.8,101.8,804,804,0,0,0,0,3000,3000,115,0
8.12,climb_cruise,449.7,449.7,34992.4,174,5.22,-0.00,360.00,5.16,15.0,125.0,0,0,-39.75,0.00,-0.00,0.046,0.000,-0.000,1.000,1.000,1.000,1.000,1,101.8,101.8,804,804,0,0,0,0,3000,3000,115,0
8.14,climb_cruise,449.7,449.7,34992.5,195,4.38,-0.00,360.00,4.31,15.0,125.0,0,0,-44.61,0.00,-0.00,0.069,0.000,-0.000,1.000,1.000,1.000,1.000,1,101.8,101.8,804,804,0,0,0,0,3000,3000,115,0
8.16,climb_cruise,449.7,449.7,34992.7,212,3.45,-0.00,360.00,3.38,15.0,125.0,0,0,-48.52,0.00,-0.00,0.092,0.000,-0.000,1.000,1.000,1.000,1.000,1,101.8,101.8,804,804,0,0,0,0,3000,3000,116,0
8.18,climb_cruise,449.7,449.7,34992.8,222,2.45,-0.00,360.00,2.38,15.0,125.0,0,0,-51.54,0.00,-0.00,0.115,0.000,-0.000,1.000,1.000,1.000,1.000,1,101.8,101.8,804,804,0,0,0,0,3000,3000,115,0
8.20,climb_cruise,449.7,449.7,34992.9,227,1.41,-0.00,360.00,1.33,15.0,125.0,0,0,-53.00,0.00,-0.00,0.128,0.000,-0.000,1.000,1.000,1.000,1.000,1,101.8,101.8,804,804,0,0,0,0,3000,3000,115,0
8.22,climb_cruise,449.8,449.8,34993.1,225,0.35,-0.00,360.00,0.27,15.0,125.0,0,0,-52.59,0.00,-0.00,0.135,0.000,-0.000,1.000,1.000,1.000,1.000,1,101.8,101.8,804,804,0,0,0,0,3000,3000,116,0
8.24,climb_cruise,449.8,449.8,34993.2,216,-0.69,-0.00,360.00,-0.76,15.0,125.0,0,0,-50.20,0.00,-0.00,0.135,0.000,-0.000,1.000,1.000,1.000,1.000,1,101.8,101.8,804,804,0,0,0,0,3000,3000,115,0
8.26,climb_cruise,449.8,449.8,34993.3,201,-1.66,-0.00,360.00,-1.73,15.0,125.0,0,0,-45.94,0.00,-0.00,0.130,0.000,-0.000,1.000,1.000,1.000,1.000,1,101.8,101.8,804,804,0,0,0,0,3000,3000,115,0
8.28,climb_cruise,449.8,449.8,34993.4,181,-2.53,-0.00,360.00,-2.60,15.0,125.0,0,0,-40.04,-0.00,-0.00,0.122,0.000,-0.000,1.000,1.000,1.000,1.000,1,101.8,101.8,804,804,0,0,0,0,3000,3000,115,0
8.30,climb_cruise,449.8,449.8,34993.5,155,-3.28,-0.00,360.00,-3.34,15.0,125.0,0,0,-32.78,-0.00,-0.00,0.110,0.000,-0.000,1.000,1.000,1.000,1.000,1,101.8,101.8,804,804,0,0,0,0,3000,3000,116,0
8.32,climb_cruise,449.8,449.8,34993.6,125,-3.87,-0.00,360.00,-3.93,15.0,125.0,0,0,-24.54,-0.00,-0.00,0.096,0.000,-0.000,1.000,1.000,1.000,1.000,1,101.8,101.8,804,804,0,0,0,0,3000,3000,115,0
8.34,climb_cruise,449.9,449.9,34993.6,91,-4.28,-0.00,360.00,-4.34,15.0,125.0,0,0,-15.66,-0.00,-0.00,0.080,0.000,-0.000,1.000,1.000,1.000,1.000,1,101.8,101.8,804,804,0,0,0,0,3000,3000,115,0
8.36,climb_cruise,449.9,449.9,34993.7,55,-4.52,-0.00,360.00,-4.57,15.0,125.0,0,0,-6.49,-0.00,-0.00,0.062,0.000,-0.000,1.000,1.000,1.000,1.000,1,101.8,101.8,804,804,0,0,0,0,3000,3000,115,0
8.38,climb_cruise,449.9,449.9,34993.7,19,-4.58,-0.00,360.00,-4.61,15.0,125.0,0,0,2.64,0.00,-0.00,0.043,0.000,-0.000,1.000,1.000,1.000,1.000,1,101.8,101.8,804,804,0,0,0,0,3000,3000,115,0
8.40,climb_cruise,449.9,449.9,34993.7,-18,-4.45,-0.00,360.00,-4.48,15.0,125.0,0,0,11.46,0.00,-0.00,0.023,0.000,-0.000,1.000,1.000,1.000,1.000,1,101.8,101.8,804,804,0,0,0,0,3000,3000,115,0
8.42,climb_cruise,449.9,449.9,34993.7,-54,-4.15,-0.00,360.00,-4.16,15.0,125.0,0,0,19.73,0.00,-0.00,0.002,0.000,-0.000,1.000,1.000,1.000,1.000,1,101.8,101.8,804,804,0,0,0,0,3000,3000,116,0
8.44,climb_cruise,449.9,449.9,34993.6,-87,-3.69,-0.00,360.00,-3.69,15.0,125.0,0,0,27.29,0.00,-0.00,-0.019,0.000,-0.000,1.000,1.000,1.000,1.000,1,101.8,101.8,804,804,0,0,0,0,3000,3000,114,0
8.46,climb_cruise,449.9,449.9,34993.5,-118,-3.09,-0.00,360.00,-3.08,15.0,125.0,0,0,34.01,0.00,-0.00,-0.041,0.000,-0.000,1.000,1.000,1.000,1.000,1,101.8,101.8,804,804,0,0,0,0,3000,3000,114,0
8.48,climb_cruise,450.0,450.0,34993.5,-144,-2.36,-0.00,360.00,-2.34,15.0,125.0,0,0,39.81,0.00,-0.00,-0.063,0.000,-0.000,1.000,1.000,1.000,1.000,1,101.8,101.8,804,804,0,0,0,0,3000,3000,114,0
8.50,climb_cruise,450.0,450.0,34993.4,-166,-1.52,-0.00,360.00,-1.49,15.0,125.0,0,0,44.66,0.00,-0.00,-0.086,0.000,-0.000,1.000,1.000,1.000,1.000,1,101.8,101.8,804,804,0,0,0,0,3000,3000,114,0
8.52,climb_cruise,450.0,450.0,34993.2,-183,-0.59,-0.00,360.00,-0.55,15.0,125.0,0,0,48.57,0.00,-0.00,-0.109,0.000,-0.000,1.000,1.000,1.000,1.000,1,101.8,101.8,804,804,0,0,0,0,3000,3000,115,0
8.54,climb_cruise,450.0,450.0,34993.1,-194,0.41,-0.00,360.00,0.45,15.0,125.0,0,0,51.58,0.00,-0.00,-0.132,0.000,-0.000,1.000,1.000,1.000,1.000,1,101.8,101.8,804,804,0,0,0,0,3000,3000,115,0
8.56,climb_cruise,450.0,450.0,34993.0,-199,1.46,-0.00,360.00,1.50,15.0,125.0,0,0,53.03,0.00,-0.00,-0.146,0.000,-0.000,1.000,1.000,1.000,1.000,1,101.8,101.8,804,804,0,0,0,0,3000,3000,114,0
8.58,climb_cruise,450.1,450.1,34992.9,-197,2.52,-0.00,360.00,2.56,15.0,125.0,0,0,52.61,0.00,-0.00,-0.152,0.000,-0.000,1.000,1.000,1.000,1.000,1,101.8,101.8,804,804,0,0,0,0,3000,3000,114,0
8.60,climb_cruise,450.1,450.1,34992.8,-189,3.56,-0.00,360.00,3.59,15.0,125.0,0,0,50.21,0.00,-0.00,-0.152,0.000,-0.000,1.000,1.000,1.000,1.000,1,101.8,101.8,804,804,0,0,0,0,3000,3000,116,0
8.62,climb_cruise,450.1,450.1,34992.7,-174,4.53,-0.00,360.00,4.56,15.0,125.0,0,0,45.94,0.00,-0.00,-0.147,0.000,-0.000,1.000,1.000,1.000,1.000,1,101.9,101.9,804,804,0,0,0,0,3000,3000,115,0
8.64,climb_cruise,450.1,450.1,34992.6,-154,5.40,-0.00,360.00,5.43,15.0,125.0,0,0,40.02,0.00,-0.00,-0.139,0.000,-0.000,1.000,1.000,1.000,1.000,1,101.9,101.9,804,804,0,0,0,0,3000,3000,114,0
8.66,climb_cruise,450.1,450.1,34992.5,-128,6.14,-0.00,360.00,6.17,15.0,125.0,0,0,32.76,0.00,-0.00,-0.127,0.000,-0.000,1.000,1.000,1.000,1.000,1,101.9,101.9,804,804,0,0,0,0,3000,3000,115,0
8.68,climb_cruise,450.1,450.1,34992.4,-98,6.73,-0.00,360.00,6.76,15.0,125.0,0,0,24.50,0.00,-0.00,-0.113,0.000,-0.000,1.000,1.000,1.000,1.000,1,101.9,101.9,804,804,0,0,0,0,3000,3000,116,0
8.70,climb_cruise,450.0,450.0,34992.4,-65,7.15,-0.00,360.00,7.17,15.0,125.0,0,0,15.62,0.00,-0.00,-0.097,0.000,-0.000,1.000,1.000,1.000,1.000,1,101.9,101.9,804,804,0,0,0,0,3000,3000,114,0
8.72,climb_cruise,450.0,450.0,34992.3,-29,7.39,-0.00,360.00,7.40,15.0,125.0,0,0,6.45,0.00,-0.00,-0.079,0.000,-0.000,1.000,1.000,1.000,1.000,1,101.9,101.9,804,804,0,0,0,0,3000,3000,114,0
8.74,climb_cruise,450.0,450.0,34992.3,7,7.44,-0.00,360.00,7.44,15.0,125.0,0,0,-2.68,0.00,-0.00,-0.060,0.000,-0.000,1.000,1.000,1.000,1.000,1,101.9,101.9,804,804,0,0,0,0,3000,3000,115,0
8.76,climb_cruise,450.0,450.0,34992.3,44,7.31,0.00,360.00,7.30,15.0,125.0,0,0,-11.50,0.00,-0.00,-0.040,0.000,-0.000,1.000,1.000,1.000,1.000,1,101.9,101.9,804,804,0,0,0,0,3000,3000,115,0
8.78,climb_cruise,449.9,449.9,34992.4,79,7.01,0.00,360.00,6.99,15.0,125.0,0,0,-19.77,0.00,-0.00,-0.020,0.000,-0.000,1.000,1.000,1.000,1.000,1,101.9,101.9,804,804,0,0,0,0,3000,3000,115,0
8.80,climb_cruise,449.9,449.9,34992.4,113,6.55,0.00,360.00,6.52,15.0,125.0,0,0,-27.32,0.00,-0.00,0.002,0.000,-0.000,1.000,1.000,1.000,1.000,1,101.9,101.9,804,804,0,0,0,0,3000,3000,116,0
8.82,climb_cruise,449.9,449.9,34992.5,143,5.95,0.00,360.00,5.91,15.0,125.0,0,0,-34.02,0.00,-0.00,0.024,0.000,-0.000,1.000,1.000,1.000,1.000,1,101.9,101.9,804,804,0,0,0,0,3000,3000,116,0
8.84,climb_cruise,449.9,449.9,34992.6,169,5.22,0.00,360.00,5.16,15.0,125.0,0,0,-39.81,0.00,-0.00,0.046,0.000,-0.000,1.000,1.000,1.000,1.000,1,101.9,101.9,804,804,0,0,0,0,3000,3000,114,0
8.86,climb_cruise,449.9,449.9,34992.7,191,4.38,0.00,360.00,4.32,15.0,125.0,0,0,-44.65,0.00,-0.00,0.069,0.000,-0.000,1.000,1.000,1.000,1.000,1,101.9,101.9,804,804,0,0,0,0,3000,3000,115,0
8.88,climb_cruise,449.9,449.9,34992.8,207,3.45,0.00,360.00,3.38,15.0,125.0,0,0,-48.55,0.00,-0.00,0.092,0.000,-0.000,1.000,1.000,1.000,1.000,1,101.9,101.9,804,804,0,0,0,0,3000,3000,115,0
8.90,climb_cruise,449.9,449.9,34992.9,218,2.45,0.00,360.00,2.38,15.0,125.0,0,0,-51.55,0.00,-0.00,0.115,0.000,-0.000,1.000,1.000,1.000,1.000,1,101.9,101.9,804,804,0,0,0,0,3000,3000,114,0
8.92,climb_cruise,449.9,449.9,34993.1,222,1.40,0.00,360.00,1.33,15.0,125.0,0,0,-53.01,0.00,-0.00,0.128,0.000,-0.000,1.000,1.000,1.000,1.000,1,101.9,101.9,804,804,0,0,0,0,3000,3000,115,0
8.94,climb_cruise,449.9,449.9,34993.2,220,0.34,0.00,360.00,0.27,15.0,125.0,0,0,-52.58,0.00,-0.00,0.135,0.000,-0.000,1.000,1.000,1.000,1.000,1,101.9,101.9,804,804,0,0,0,0,3000,3000,115,0
8.96,climb_cruise,450.0,450.0,34993.3,212,-0.69,0.00,360.00,-0.76,15.0,125.0,0,0,-50.18,0.00,-0.00,0.135,0.000,-0.000,1.000,1.000,1.000,1.000,1,101.9,101.9,804,804,0,0,0,0,3000,3000,115,0
8.98,climb_cruise,450.0,450.0,34993.5,197,-1.67,0.00,360.00,-1.73,15.0,125.0,0,0,-45.91,0.00,-0.00,0.130,0.000,-0.000,1.000,1.000,1.000,1.000,1,101.9,101.9,804,804,0,0,0,0,3000,3000,115,0
9.00,climb_cruise,450.0,450.0,34993.6,176,-2.54,0.00,360.00,-2.60,15.0,125.0,0,0,-39.99,0.00,-0.00,0.122,0.000,-0.000,1.000,1.000,1.000,1.000,1,101.9,101.9,804,804,0,0,0,0,3000,3000,116,0
9.02,climb_cruise,450.0,450.0,34993.7,151,-3.28,0.00,360.00,-3.34,15.0,125.0,0,0,-32.74,0.00,-0.00,0.110,0.000,-0.000,1.000,1.000,1.000,1.000,1,101.9,101.9,804,804,0,0,0,0,3000,3000,114,0
9.04,climb_cruise,450.0,450.0,34993.7,120,-3.87,0.00,360.00,-3.92,15.0,125.0,0,0,-24.48,0.00,-0.00,0.096,0.000,-0.000,1.000,1.000,1.000,1.000,1,101.9,101.9,804,804,0,0,0,0,3000,3000,115,0
9.06,climb_cruise,450.0,450.0,34993.8,87,-4.28,0.00,360.00,-4.33,15.0,125.0,0,0,-15.60,0.00,-0.00,0.080,0.000,-0.000,1.000,1.000,1.000,1.000,1,101.9,101.9,804,804,0,0,0,0,3000,3000,115,0
9.08,climb_cruise,450.0,450.0,34993.8,51,-4.52,0.00,360.00,-4.56,15.0,125.0,0,0,-6.43,0.00,-0.00,0.062,0.000,-0.000,1.000,1.000,1.000,1.000,1,101.9,101.9,804,804,0,0,0,0,3000,3000,115,0
9.10,climb_cruise,450.1,450.1,34993.8,14,-4.57,0.00,360.00,-4.61,15.0,125.0,0,0,2.70,0.00,-0.00,0.043,0.000,-0.000,1.000,1.000,1.000,1.000,1,101.9,101.9,804,804,0,0,0,0,3000,3000,114,0
9.12,climb_cruise,450.1,450.1,34993.8,-22,-4.45,0.00,360.00,-4.47,15.0,125.0,0,0,11.51,0.00,-0.00,0.023,0.000,-0.000,1.000,1.000,1.000,1.000,1,101.9,101.9,804,804,0,0,0,0,3000,3000,114,0
9.14,climb_cruise,450.1,450.1,34993.8,-58,-4.15,0.00,360.00,-4.16,15.0,125.0,0,0,19.79,0.00,-0.00,0.002,0.000,-0.000,1.000,1.000,1.000,1.000,1,101.9,101.9,804,804,0,0,0,0,3000,3000,116,0
9.16,climb_cruise,450.1,450.1,34993.7,-91,-3.69,0.00,360.00,-3.68,15.0,125.0,0,0,27.34,0.00,-0.00,-0.019,0.000,-0.000,1.000,1.000,1.000,1.000,1,101.9,101.9,804,804,0,0,0,0,3000,3000,115,0
9.18,climb_cruise,450.1,450.1,34993.7,-122,-3.08,0.00,360.00,-3.07,15.0,125.0,0,0,34.05,0.00,-0.00,-0.041,0.000,-0.000,1.000,1.000,1.000,1.000,1,101.9,101.9,804,804,0,0,0,0,3000,3000,116,0
9.20,climb_cruise,450.1,450.1,34993.6,-148,-2.35,0.00,360.00,-2.32,15.0,125.0,0,0,39.84,0.00,-0.00,-0.063,0.000,-0.000,1.000,1.000,1.000,1.000,1,101.9,101.9,804,804,0,0,0,0,3000,3000,116,0
9.22,climb_cruise,450.2,450.2,34993.5,-170,-1.51,0.00,360.00,-1.48,15.0,125.0,0,0,44.69,0.00,-0.00,-0.086,0.000,-0.000,1.000,1.000,1.000,1.000,1,101.9,101.9,804,804,0,0,0,0,3000,3000,115,0
9.24,climb_cruise,450.2,450.2,34993.4,-187,-0.58,0.00,360.00,-0.54,15.0,125.0,0,0,48.59,0.00,-0.00,-0.109,0.000,-0.000,1.000,1.000,1.000,1.000,1,101.9,101.9,804,804,0,0,0,0,3000,3000,115,0
9.26,climb_cruise,450.2,450.2,34993.3,-197,0.42,0.00,360.00,0.46,15.0,125.0,0,0,51.59,0.00,-0.00,-0.132,0.000,-0.000,1.000,1.000,1.000,1.000,1,101.9,101.9,804,804,0,0,0,0,3000,3000,114,0
9.28,climb_cruise,450.2,450.2,34993.1,-202,1.47,0.00,360.00,1.51,15.0,125.0,0,0,53.04,0.00,-0.00,-0.146,0.000,-0.000,1.000,1.000,1.000,1.000,1,101.9,101.9,804,804,0,0,0,0,3000,3000,114,0
9.30,climb_cruise,450.2,450.2,34993.0,-200,2.53,0.00,360.00,2.57,15.0,125.0,0,0,52.61,0.00,-0.00,-0.152,0.000,-0.000,1.000,1.000,1.000,1.000,1,101.9,101.9,804,804,0,0,0,0,3000,3000,116,0
9.32,climb_cruise,450.2,450.2,34992.9,-192,3.57,0.00,360.00,3.61,15.0,125.0,0,0,50.21,0.00,-0.00,-0.152,0.000,-0.000,1.000,1.000,1.000,1.000,1,101.9,101.9,804,804,0,0,0,0,3000,3000,115,0
9.34,climb_cruise,450.3,450.3,34992.8,-177,4.54,0.00,360.00,4.58,15.0,125.0,0,0,45.93,0.00,-0.00,-0.147,0.000,-0.000,1.000,1.000,1.000,1.000,1,101.9,101.9,804,804,0,0,0,0,3000,3000,116,0
9.36,climb_cruise,450.3,450.3,34992.7,-157,5.41,0.00,360.00,5.45,15.0,125.0,0,0,40.00,0.00,-0.00,-0.139,0.000,-0.000,1.000,1.000,1.000,1.000,1,101.9,101.9,804,804,0,0,0,0,3000,3000,116,0
9.38,climb_cruise,450.2,450.2,34992.6,-131,6.15,0.00,360.00,6.19,15.0,125.0,0,0,32.73,0.00,-0.00,-0.127,0.000,-0.000,1.000,1.000,1.000,1.000,1,101.9,101.9,804,804,0,0,0,0,3000,3000,115,0
9.40,climb_cruise,450.2,450.2,34992.5,-101,6.74,0.00,360.00,6.77,15.0,125.0,0,0,24.47,0.00,-0.00,-0.113,0.000,-0.000,1.000,1.000,1.000,1.000,1,101.9,101.9,804,804,0,0,0,0,3000,3000,114,0
9.42,climb_cruise,450.2,450.2,34992.5,-67,7.16,0.00,360.00,7.18,15.0,125.0,0,0,15.58,0.00,-0.00,-0.097,0.000,-0.000,1.000,1.000,1.000,1.000,1,101.9,101.9,804,804,0,0,0,0,3000,3000,115,0
9.44,climb_cruise,450.2,450.2,34992.5,-32,7.39,0.00,360.00,7.41,15.0,125.0,0,0,6.41,0.00,-0.00,-0.079,0.000,-0.000,1.000,1.000,1.000,1.000,1,101.9,101.9,804,804,0,0,0,0,3000,3000,115,0
9.46,climb_cruise,450.2,450.2,34992.4,5,7.44,0.00,360.00,7.45,15.0,125.0,0,0,-2.72,0.00,-0.00,-0.060,0.000,-0.000,1.000,1.000,1.000,1.000,1,101.9,101.9,804,804,0,0,0,0,3000,3000,115,0
9.48,climb_cruise,450.1,450.1,34992.5,42,7.32,0.00,360.00,7.31,15.0,125.0,0,0,-11.53,0.00,-0.00,-0.040,0.000,-0.000,1.000,1.000,1.000,1.000,1,101.9,101.9,804,804,0,0,0,0,3000,3000,115,0
9.50,climb_cruise,450.1,450.1,34992.5,77,7.02,0.00,360.00,7.00,15.0,125.0,0,0,-19.80,0.00,-0.00,-0.020,0.000,-0.000,1.000,1.000,1.000,1.000,1,101.9,101.9,804,804,0,0,0,0,3000,3000,115,0
9.52,climb_cruise,450.1,450.1,34992.6,111,6.55,0.00,360.00,6.53,15.0,125.0,0,0,-27.35,0.00,-0.00,0.002,0.000,-0.000,1.000,1.000,1.000,1.000,1,101.9,101.9,804,804,0,0,0,0,3000,3000,114,0
9.54,climb_cruise,450.1,450.1,34992.6,141,5.95,0.00,360.00,5.91,15.0,125.0,0,0,-34.05,0.00,-0.00,0.024,0.000,-0.000,1.000,1.000,1.000,1.000,1,101.9,101.9,804,804,0,0,0,0,3000,3000,115,0
9.56,climb_cruise,450.1,450.1,34992.7,167,5.22,0.00,360.00,5.17,15.0,125.0,0,0,-39.84,0.00,-0.00,0.046,0.000,-0.000,1.000,1.000,1.000,1.000,1,101.9,101.9,804,804,0,0,0,0,3000,3000,114,0
9.58,climb_cruise,450.1,450.1,34992.8,189,4.38,0.00,360.00,4.32,15.0,125.0,0,0,-44.67,0.00,-0.00,0.069,0.000,-0.000,1.000,1.000,1.000,1.000,1,101.9,101.9,804,804,0,0,0,0,3000,3000,114,0
9.60,climb_cruise,450.1,450.1,34992.9,205,3.45,0.00,360.00,3.39,15.0,125.0,0,0,-48.56,0.00,-0.00,0.092,0.000,-0.000,1.000,1.000,1.000,1.000,1,101.9,101.9,804,804,0,0,0,0,3000,3000,116,0
9.62,climb_cruise,450.1,450.1,34993.1,216,2.45,0.00,360.00,2.38,15.0,125.0,0,0,-51.56,0.00,-0.00,0.115,0.000,-0.000,1.000,1.000,1.000,1.000,1,101.9,101.9,804,804,0,0,0,0,3000,3000,115,0
9.64,climb_cruise,450.1,450.1,34993.2,221,1.40,0.00,360.00,1.34,15.0,125.0,0,0,-53.01,0.00,-0.00,0.128,0.000,-0.000,1.000,1.000,1.000,1.000,1,101.9,101.9,804,804,0,0,0,0,3000,3000,115,0
9.66,climb_cruise,450.1,450.1,34993.3,219,0.34,0.00,360.00,0.28,15.0,125.0,0,0,-52.57,0.00,-0.00,0.135,0.000,-0.000,1.000,1.000,1.000,1.000,1,101.9,101.9,804,804,0,0,0,0,3000,3000,115,0
9.68,climb_cruise,450.1,450.1,34993.5,210,-0.69,0.00,360.00,-0.76,15.0,125.0,0,0,-50.17,0.00,-0.00,0.135,0.000,-0.000,1.000,1.000,1.000,1.000,1,101.9,101.9,804,804,0,0,0,0,3000,3000,115,0
9.70,climb_cruise,450.2,450.2,34993.6,196,-1.66,0.00,360.00,-1.73,15.0,125.0,0,0,-45.89,0.00,-0.00,0.130,0.000,-0.000,1.000,1.000,1.000,1.000,1,101.9,101.9,804,804,0,0,0,0,3000,3000,116,0
9.72,climb_cruise,450.2,450.2,34993.7,175,-2.54,0.00,360.00,-2.60,15.0,125.0,0,0,-39.97,0.00,-0.00,0.122,0.000,-0.000,1.000,1.000,1.000,1.000,1,101.9,101.9,804,804,0,0,0,0,3000,3000,115,0
9.74,climb_cruise,450.2,450.2,34993.8,149,-3.28,0.00,360.00,-3.33,15.0,125.0,0,0,-32.71,0.00,-0.00,0.110,0.000,-0.000,1.000,1.000,1.000,1.000,1,101.9,101.9,804,804,0,0,0,0,3000,3000,116,0
9.76,climb_cruise,450.2,450.2,34993.8,119,-3.86,0.00,360.00,-3.92,15.0,125.0,0,0,-24.45,0.00,-0.00,0.096,0.000,-0.000,1.000,1.000,1.000,1.000,1,101.9,101.9,804,804,0,0,0,0,3000,3000,114,0
9.78,climb_cruise,450.2,450.2,34993.9,86,-4.28,0.00,360.00,-4.33,15.0,125.0,0,0,-15.56,0.00,-0.00,0.080,0.000,-0.000,1.000,1.000,1.000,1.000,1,101.9,101.9,804,804,0,0,0,0,3000,3000,116,0
9.80,climb_cruise,450.2,450.2,34993.9,50,-4.52,0.00,360.00,-4.56,15.0,125.0,0,0,-6.39,0.00,-0.00,0.062,0.000,-0.000,1.000,1.000,1.000,1.000,1,101.9,101.9,804,804,0,0,0,0,3000,3000,114,0
9.82,climb_cruise,450.2,450.2,34993.9,13,-4.57,0.00,360.00,-4.60,15.0,125.0,0,0,2.74,0.00,-0.00,0.043,0.000,-0.000,1.000,1.000,1.000,1.000,1,101.9,101.9,804,804,0,0,0,0,3000,3000,115,0
9.84,climb_cruise,450.2,450.2,34993.9,-23,-4.44,0.00,360.00,-4.46,15.0,125.0,0,0,11.56,0.00,-0.00,0.023,0.000,-0.000,1.000,1.000,1.000,1.000,1,101.9,101.9,804,804,0,0,0,0,3000,3000,116,0
9.86,climb_cruise,450.3,450.3,34993.9,-59,-4.14,0.00,360.00,-4.15,15.0,125.0,0,0,19.83,0.00,-0.00,0.002,0.000,-0.000,1.000,1.000,1.000,1.000,1,101.9,101.9,804,804,0,0,0,0,3000,3000,116,0
9.88,climb_cruise,450.3,450.3,34993.9,-92,-3.68,0.00,360.00,-3.67,15.0,125.0,0,0,27.38,0.00,-0.00,-0.019,0.000,-0.000,1.000,1.000,1.000,1.000,1,101.9,101.9,804,804,0,0,0,0,3000,3000,115,0
9.90,climb_cruise,450.3,450.3,34993.8,-123,-3.07,0.00,360.00,-3.06,15.0,125.0,0,0,34.09,0.00,-0.00,-0.041,0.000,-0.000,1.000,1.000,1.000,1.000,1,101.9,101.9,804,804,0,0,0,0,3000,3000,114,0
9.92,climb_cruise,450.3,450.3,34993.7,-149,-2.34,0.00,360.00,-2.31,15.0,125.0,0,0,39.88,0.00,-0.00,-0.063,0.000,-0.000,1.000,1.000,1.000,1.000,1,101.9,101.9,804,804,0,0,0,0,3000,3000,115,0
9.94,climb_cruise,450.3,450.3,34993.6,-171,-1.50,0.00,360.00,-1.46,15.0,125.0,0,0,44.71,0.00,-0.00,-0.086,0.000,-0.000,1.000,1.000,1.000,1.000,1,101.9,101.9,804,804,0,0,0,0,3000,3000,115,0
9.96,climb_cruise,450.4,450.4,34993.5,-187,-0.57,0.00,360.00,-0.53,15.0,125.0,0,0,48.61,0.00,-0.00,-0.109,0.000,-0.000,1.000,1.000,1.000,1.000,1,101.9,101.9,804,804,0,0,0,0,3000,3000,115,0
9.98,climb_cruise,450.4,450.4,34993.4,-198,0.43,0.00,360.00,0.47,15.0,125.0,0,0,51.61,0.00,-0.00,-0.132,0.000,-0.000,1.000,1.000,1.000,1.000,1,101.9,101.9,804,804,0,0,0,0,3000,3000,115,0
10.00,climb_cruise,450.4,450.4,34993.3,-203,1.48,0.00,360.00,1.52,15.0,125.0,0,0,53.05,0.00,-0.00,-0.146,0.000,-0.000,1.000,1.000,1.000,1.000,1,101.9,101.9,804,804,0,0,0,0,3000,3000,115,0
10.02,climb_cruise,450.4,450.4,34993.1,-201,2.54,0.00,360.00,2.58,15.0,125.0,0,0,52.61,0.00,-0.00,-0.152,0.000,-0.000,1.000,1.000,1.000,1.000,1,101.9,101.9,804,804,0,0,0,0,3000,3000,115,0
10.04,climb_cruise,450.4,450.4,34993.0,-192,3.58,0.00,360.00,3.62,15.0,125.0,0,0,50.20,-0.00,-0.00,-0.152,0.000,-0.000,1.000,1.000,1.000,1.000,1,101.9,101.9,804,804,0,0,0,0,3000,3000,114,0
10.06,climb_cruise,450.4,450.4,34992.9,-177,4.55,0.00,360.00,4.59,15.0,125.0,0,0,45.92,-0.00,-0.00,-0.147,0.000,-0.000,1.000,1.000,1.000,1.000,1,101.9,101.9,804,804,0,0,0,0,3000,3000,115,0
10.08,climb_cruise,450.4,450.4,34992.8,-157,5.42,0.00,360.00,5.46,15.0,125.0,0,0,39.98,-0.00,-0.00,-0.139,0.000,-0.000,1.000,1.000,1.000,1.000,1,101.9,101.9,804,804,0,0,0,0,3000,3000,116,0
10.10,climb_cruise,450.4,450.4,34992.7,-131,6.16,0.00,360.00,6.20,15.0,125.0,0,0,32.71,-0.00,-0.00,-0.127,0.000,-0.000,1.000,1.000,1.000,1.000,1,101.9,101.9,804,804,0,0,0,0,3000,3000,114,0
10.12,climb_cruise,450.4,450.4,34992.6,-100,6.75,0.00,360.00,6.78,15.0,125.0,0,0,24.45,-0.00,-0.00,-0.113,0.000,-0.000,1.000,1.000,1.000,1.000,1,101.9,101.9,804,804,0,0,0,0,3000,3000,115,0
10.14,climb_cruise,450.4,450.4,34992.6,-67,7.17,0.00,360.00,7.19,15.0,125.0,0,0,15.55,-0.00,-0.00,-0.097,0.000,-0.000,1.000,1.000,1.000,1.000,1,101.9,101.9,804,804,0,0,0,0,3000,3000,116,0
10.16,climb_cruise,450.4,450.4,34992.6,-31,7.40,0.00,360.00,7.42,15.0,125.0,0,0,6.38,-0.00,-0.00,-0.079,0.000,-0.000,1.000,1.000,1.000,1.000,1,101.9,101.9,804,804,0,0,0,0,3000,3000,114,0
10.18,climb_cruise,450.3,450.3,34992.6,6,7.45,0.00,360.00,7.46,15.0,125.0,0,0,-2.75,-0.00,-0.00,-0.060,0.000,-0.000,1.000,1.000,1.000,1.000,1,101.9,101.9,804,804,0,0,0,0,3000,3000,116,0
10.20,climb_cruise,450.3,450.3,34992.6,42,7.32,0.00,360.00,7.32,15.0,125.0,0,0,-11.57,-0.00,-0.00,-0.040,0.000,-0.000,1.000,1.000,1.000,1.000,1,101.9,101.9,804,804,0,0,0,0,3000,3000,115,0
10.22,climb_cruise,450.3,450.3,34992.6,78,7.02,0.00,360.00,7.01,15.0,125.0,0,0,-19.83,-0.00,-0.00,-0.020,0.000,-0.000,1.000,1.000,1.000,1.000,1,101.9,101.9,804,804,0,0,0,0,3000,3000,114,0
10.24,climb_cruise,450.3,450.3,34992.7,111,6.56,0.00,360.00,6.53,15.0,125.0,0,0,-27.38,-0.00,-0.00,0.002,0.000,-0.000,1.000,1.000,1.000,1.000,1,101.9,101.9,804,804,0,0,0,0,3000,3000,114,0
10.26,climb_cruise,450.3,450.3,34992.7,142,5.96,0.00,360.00,5.92,15.0,125.0,0,0,-34.08,-0.00,-0.00,0.024,0.000,-0.000,1.000,1.000,1.000,1.000,1,101.9,101.9,804,804,0,0,0,0,3000,3000,115,0
10.28,climb_cruise,450.3,450.3,34992.8,168,5.22,0.00,360.00,5.17,15.0,125.0,0,0,-39.86,0.00,-0.00,0.046,0.000,-0.000,1.000,1.000,1.000,1.000,1,101.9,101.9,804,804,0,0,0,0,3000,3000,115,0
10.30,climb_cruise,450.3,450.3,34992.9,190,4.38,0.00,360.00,4.33,15.0,125.0,0,0,-44.69,0.00,-0.00,0.069,0.000,-0.000,1.000,1.000,1.000,1.000,1,101.9,101.9,804,804,0,0,0,0,3000,3000,115,0
10.32,climb_cruise,450.3,450.3,34993.1,207,3.45,0.00,360.00,3.39,15.0,125.0,0,0,-48.58,0.00,-0.00,0.092,0.000,-0.000,1.000,1.000,1.000,1.000,1,101.9,101.9,804,804,0,0,0,0,3000,3000,115,0
10.34,climb_cruise,450.3,450.3,34993.2,217,2.45,0.00,360.00,2.39,15.0,125.0,0,0,-51.57,0.00,-0.00,0.115,0.000,-0.000,1.000,1.000,1.000,1.000,1,101.9,101.9,804,804,0,0,0,0,3000,3000,115,0
10.36,climb_cruise,450.3,450.3,34993.3,222,1.41,0.00,360.00,1.34,15.0,125.0,0,0,-53.01,0.00,-0.00,0.128,0.000,-0.000,1.000,1.000,1.000,1.000,1,101.9,101.9,804,804,0,0,0,0,3000,3000,115,0
10.38,climb_cruise,450.3,450.3,34993.4,220,0.35,0.00,360.00,0.28,15.0,125.0,0,0,-52.57,0.00,-0.00,0.135,0.000,-0.000,1.000,1.000,1.000,1.000,1,101.9,101.9,804,804,0,0,0,0,3000,3000,114,0
10.40,climb_cruise,450.3,450.3,34993.6,212,-0.69,0.00,360.00,-0.75,15.0,125.0,0,0,-50.16,0.00,-0.00,0.135,0.000,-0.000,1.000,1.000,1.000,1.000,1,101.9,101.9,804,804,0,0,0,0,3000,3000,115,0
10.42,climb_cruise,450.3,450.3,34993.7,197,-1.66,0.00,360.00,-1.72,15.0,125.0,0,0,-45.88,0.00,-0.00,0.130,0.000,-0.000,1.000,1.000,1.000,1.000,1,102.0,102.0,804,804,0,0,0,0,3000,3000,114,0
10.44,climb_cruise,450.3,450.3,34993.8,176,-2.53,0.00,360.00,-2.59,15.0,125.0,0,0,-39.95,0.00,-0.00,0.122,0.000,-0.000,1.000,1.000,1.000,1.000,1,102.0,102.0,804,804,0,0,0,0,3000,3000,114,0
10.46,climb_cruise,450.4,450.4,34993.9,151,-3.27,0.00,360.00,-3.33,15.0,125.0,0,0,-32.68,0.00,-0.00,0.110,0.000,-0.000,1.000,1.000,1.000,1.000,1,102.0,102.0,804,804,0,0,0,0,3000,3000,115,0
10.48,climb_cruise,450.4,450.4,34994.0,121,-3.86,0.00,360.00,-3.91,15.0,125.0,0,0,-24.42,0.00,-0.00,0.096,0.000,-0.000,1.000,1.000,1.000,1.000,1,102.0,102.0,804,804,0,0,0,0,3000,3000,114,0
10.50,climb_cruise,450.4,450.4,34994.0,87,-4.27,0.00,360.00,-4.32,15.0,125.0,0,0,-15.52,0.00,-0.00,0.080,0.000,-0.000,1.000,1.000,1.000,1.000,1,102.0,102.0,804,804,0,0,0,0,3000,3000,116,0
10.52,climb_cruise,450.4,450.4,34994.1,52,-4.51,0.00,360.00,-4.55,15.0,125.0,0,0,-6.35,0.00,-0.00,0.062,0.000,-0.000,1.000,1.000,1.000,1.000,1,102.0,102.0,804,804,0,0,0,0,3000,3000,115,0
10.54,climb_cruise,450.4,450.4,34994.1,15,-4.56,0.00,360.00,-4.59,15.0,125.0,0,0,2.78,0.00,-0.00,0.043,0.000,-0.000,1.000,1.000,1.000,1.000,1,102.0,102.0,804,804,0,0,0,0,3000,3000,114,0
10.56,climb_cruise,450.4,450.4,34994.1,-22,-4.43,0.00,360.00,-4.45,15.0,125.0,0,0,11.60,0.00,-0.00,0.023,0.000,-0.000,1.000,1.000,1.000,1.000,1,102.0,102.0,804,804,0,0,0,0,3000,3000,115,0
10.58,climb_cruise,450.4,450.4,34994.0,-57,-4.13,0.00,360.00,-4.14,15.0,125.0,0,0,19.87,0.00,-0.00,0.002,0.000,-0.000,1.000,1.000,1.000,1.000,1,102.0,102.0,804,804,0,0,0,0,3000,3000,115,0
10.60,climb_cruise,450.4,450.4,34994.0,-91,-3.67,0.00,360.00,-3.66,15.0,125.0,0,0,27.42,0.00,-0.00,-0.019,0.000,-0.000,1.000,1.000,1.000,1.000,1,102.0,102.0,804,804,0,0,0,0,3000,3000,114,0
10.62,climb_cruise,450.5,450.5,34993.9,-121,-3.06,0.00,360.00,-3.05,15.0,125.0,0,0,34.12,0.00,-0.00,-0.041,0.000,-0.000,1.000,1.000,1.000,1.000,1,102.0,102.0,804,804,0,0,0,0,3000,3000,115,0
10.64,climb_cruise,450.5,450.5,34993.8,-147,-2.33,0.00,360.00,-2.30,15.0,125.0,0,0,39.90,0.00,-0.00,-0.063,0.000,-0.000,1.000,1.000,1.000,1.000,1,102.0,102.0,804,804,0,0,0,0,3000,3000,114,0
10.66,climb_cruise,450.5,450.5,34993.7,-169,-1.48,0.00,360.00,-1.45,15.0,125.0,0,0,44.74,0.00,-0.00,-0.086,0.000,-0.000,1.000,1.000,1.000,1.000,1,102.0,102.0,804,804,0,0,0,0,3000,3000,115,0
10.68,climb_cruise,450.5,450.5,34993.6,-185,-0.55,0.00,360.00,-0.52,15.0,125.0,0,0,48.63,0.00,-0.00,-0.109,0.000,-0.000,1.000,1.000,1.000,1.000,1,102.0,102.0,804,804,0,0,0,0,3000,3000,115,0
10.70,climb_cruise,450.6,450.6,34993.5,-196,0.45,0.00,360.00,0.49,15.0,125.0,0,0,51.62,0.00,-0.00,-0.132,0.000,-0.000,1.000,1.000,1.000,1.000,1,102.0,102.0,804,804,0,0,0,0,3000,3000,114,0
10.72,climb_cruise,450.6,450.6,34993.4,-200,1.49,0.00,360.00,1.53,15.0,125.0,0,0,53.06,-0.00,-0.00,-0.146,0.000,-0.000,1.000,1.000,1.000,1.000,1,102.0,102.0,804,804,0,0,0,0,3000,3000,116,0
10.74,climb_cruise,450.6,450.6,34993.3,-198,2.56,0.00,360.00,2.59,15.0,125.0,0,0,52.62,-0.00,-0.00,-0.152,0.000,-0.000,1.000,1.000,1.000,1.000,1,102.0,102.0,804,804,0,0,0,0,3000,3000,115,0
10.76,climb_cruise,450.6,450.6,34993.1,-190,3.59,0.00,360.00,3.63,15.0,125.0,0,0,50.20,-0.00,-0.00,-0.152,0.000,-0.000,1.000,1.000,1.000,1.000,1,102.0,102.0,804,804,0,0,0,0,3000,3000,115,0
10.78,climb_cruise,450.6,450.6,34993.0,-175,4.56,0.00,360.00,4.60,15.0,125.0,0,0,45.91,-0.00,-0.00,-0.147,0.000,-0.000,1.000,1.000,1.000,1.000,1,102.0,102.0,804,804,0,0,0,0,3000,3000,114,0
10.80,climb_cruise,450.6,450.6,34992.9,-154,5.43,0.00,360.00,5.47,15.0,125.0,0,0,39.97,-0.00,-0.00,-0.139,0.000,-0.000,1.000,1.000,1.000,1.000,1,102.0,102.0,804,804,0,0,0,0,3000,3000,114,0
10.82,climb_cruise,450.6,450.6,34992.8,-128,6.18,0.00,360.00,6.21,15.0,125.0,0,0,32.69,-0.00,-0.00,-0.127,0.000,-0.000,1.000,1.000,1.000,1.000,1,102.0,102.0,804,804,0,0,0,0,3000,3000,116,0
10.84,climb_cruise,450.6,450.6,34992.8,-98,6.76,0.00,360.00,6.79,15.0,125.0,0,0,24.42,-0.00,-0.00,-0.113,0.000,-0.000,1.000,1.000,1.000,1.000,1,102.0,102.0,804,804,0,0,0,0,3000,3000,115,0
10.86,climb_cruise,450.6,450.6,34992.7,-64,7.18,0.00,360.00,7.20,15.0,125.0,0,0,15.52,-0.00,-0.00,-0.097,0.000,-0.000,1.000,1.000,1.000,1.000,1,102.0,102.0,804,804,0,0,0,0,3000,3000,115,0
10.88,climb_cruise,450.5,450.5,34992.7,-28,7.41,0.00,360.00,7.43,15.0,125.0,0,0,6.34,-0.00,-0.00,-0.079,0.000,-0.000,1.000,1.000,1.000,1.000,1,102.0,102.0,804,804,0,0,0,0,3000,3000,115,0
10.90,climb_cruise,450.5,450.5,34992.7,9,7.46,0.00,360.00,7.47,15.0,125.0,0,0,-2.79,-0.00,-0.00,-0.060,0.000,-0.000,1.000,1.000,1.000,1.000,1,102.0,102.0,804,804,0,0,0,0,3000,3000,115,0
10.92,climb_cruise,450.5,450.5,34992.7,46,7.33,0.00,360.00,7.33,15.0,125.0,0,0,-11.60,-0.00,-0.00,-0.040,0.000,-0.000,1.000,1.000,1.000,1.000,1,102.0,102.0,804,804,0,0,0,0,3000,3000,115,0
10.94,climb_cruise,450.5,450.5,34992.7,81,7.03,0.00,360.00,7.01,15.0,125.0,0,0,-19.87,-0.00,-0.00,-0.020,0.000,-0.000,1.000,1.000,1.000,1.000,1,102.0,102.0,804,804,0,0,0,0,3000,3000,116,0
10.96,climb_cruise,450.5,450.5,34992.8,115,6.57,0.00,360.00,6.54,15.0,125.0,0,0,-27.41,-0.00,-0.00,0.002,0.000,-0.000,1.000,1.000,1.000,1.000,1,102.0,102.0,804,804,0,0,0,0,3000,3000,115,0
10.98,climb_cruise,450.4,450.4,34992.9,145,5.96,0.00,360.00,5.92,15.0,125.0,0,0,-34.11,-0.00,-0.00,0.024,0.000,-0.000,1.000,1.000,1.000,1.000,1,102.0,102.0,804,804,0,0,0,0,3000,3000,116,0
11.00,climb_cruise,450.4,450.4,34993.0,172,5.23,0.00,360.00,5.18,15.0,125.0,0,0,-39.88,-0.00,-0.00,0.046,0.000,-0.000,1.000,1.000,1.000,1.000,1,102.0,102.0,804,804,0,0,0,0,3000,3000,115,0
11.02,climb_cruise,450.4,450.4,34993.1,194,4.39,0.00,360.00,4.33,15.0,125.0,0,0,-44.71,0.00,-0.00,0.069,0.000,-0.000,1.000,1.000,1.000,1.000,1,102.0,102.0,804,804,0,0,0,0,3000,3000,115,0
11.04,climb_cruise,450.4,450.4,34993.2,210,3.46,0.00,360.00,3.39,15.0,125.0,0,0,-48.59,0.00,-0.00,0.092,0.000,-0.000,1.000,1.000,1.000,1.000,1,102.0,102.0,804,804,0,0,0,0,3000,3000,114,0
11.06,climb_cruise,450.4,450.4,34993.3,221,2.46,0.00,360.00,2.39,15.0,125.0,0,0,-51.58,0.00,-0.00,0.115,0.000,-0.000,1.000,1.000,1.000,1.000,1,102.0,102.0,804,804,0,0,0,0,3000,3000,115,0
11.08,climb_cruise,450.5,450.5,34993.4,226,1.41,0.00,360.00,1.34,15.0,125.0,0,0,-53.01,0.00,-0.00,0.128,0.000,-0.000,1.000,1.000,1.000,1.000,1,102.0,102.0,804,804,0,0,0,0,3000,3000,115,0
11.10,climb_cruise,450.5,450.5,34993.6,224,0.35,0.00,360.00,0.28,15.0,125.0,0,0,-52.57,0.00,-0.00,0.135,0.000,-0.000,1.000,1.000,1.000,1.000,1,102.0,102.0,804,804,0,0,0,0,3000,3000,115,0
11.12,climb_cruise,450.5,450.5,34993.7,216,-0.68,0.00,360.00,-0.75,15.0,125.0,0,0,-50.15,0.00,-0.00,0.135,0.000,-0.000,1.000,1.000,1.000,1.000,1,102.0,102.0,804,804,0,0,0,0,3000,3000,114,0
11.14,climb_cruise,450.5,450.5,34993.8,201,-1.65,0.00,360.00,-1.72,15.0,125.0,0,0,-45.86,0.00,-0.00,0.130,0.000,-0.000,1.000,1.000,1.000,1.000,1,102.0,102.0,804,804,0,0,0,0,3000,3000,115,0
11.16,climb_cruise,450.5,450.5,34993.9,180,-2.52,0.00,360.00,-2.59,15.0,125.0,0,0,-39.93,0.00,-0.00,0.122,0.000,-0.000,1.000,1.000,1.000,1.000,1,102.0,102.0,804,804,0,0,0,0,3000,3000,116,0
11.18,climb_cruise,450.5,450.5,34994.0,155,-3.26,0.00,360.00,-3.33,15.0,125.0,0,0,-32.65,0.00,-0.00,0.110,0.000,-0.000,1.000,1.000,1.000,1.000,1,102.0,102.0,804,804,0,0,0,0,3000,3000,114,0
11.20,climb_cruise,450.5,450.5,34994.1,125,-3.85,0.00,360.00,-3.91,15.0,125.0,0,0,-24.38,0.00,-0.00,0.096,0.000,-0.000,1.000,1.000,1.000,1.000,1,102.0,102.0,804,804,0,0,0,0,3000,3000,116,0
11.22,climb_cruise,450.6,450.6,34994.2,91,-4.26,0.00,360.00,-4.32,15.0,125.0,0,0,-15.49,0.00,-0.00,0.080,0.000,-0.000,1.000,1.000,1.000,1.000,1,102.0,102.0,804,804,0,0,0,0,3000,3000,114,0
11.24,climb_cruise,450.6,450.6,34994.2,56,-4.50,0.00,360.00,-4.55,15.0,125.0,0,0,-6.31,0.00,-0.00,0.062,0.000,-0.000,1.000,1.000,1.000,1.000,1,102.0,102.0,804,804,0,0,0,0,3000,3000,116,0
11.26,climb_cruise,450.6,450.6,34994.2,19,-4.55,0.00,360.00,-4.59,15.0,125.0,0,0,2.82,0.00,-0.00,0.043,0.000,-0.000,1.000,1.000,1.000,1.000,1,102.0,102.0,804,804,0,0,0,0,3000,3000,114,0
11.28,climb_cruise,450.6,450.6,34994.2,-18,-4.42,0.00,360.00,-4.45,15.0,125.0,0,0,11.64,0.00,-0.00,0.023,0.000,-0.000,1.000,1.000,1.000,1.000,1,102.0,102.0,804,804,0,0,0,0,3000,3000,115,0
11.30,climb_cruise,450.6,450.6,34994.2,-53,-4.12,0.00,360.00,-4.13,15.0,125.0,0,0,19.91,0.00,-0.00,0.002,0.000,-0.000,1.000,1.000,1.000,1.000,1,102.0,102.0,804,804,0,0,0,0,3000,3000,115,0
11.32,climb_cruise,450.6,450.6,34994.1,-86,-3.65,0.00,360.00,-3.66,15.0,125.0,0,0,27.45,0.00,-0.00,-0.019,0.000,-0.000,1.000,1.000,1.000,1.000,1,102.0,102.0,804,804,0,0,0,0,3000,3000,114,0
11.34,climb_cruise,450.6,450.6,34994.1,-116,-3.05,0.00,360.00,-3.04,15.0,125.0,0,0,34.15,0.00,-0.00,-0.041,0.000,-0.000,1.000,1.000,1.000,1.000,1,102.0,102.0,804,804,0,0,0,0,3000,3000,115,0
11.36,climb_cruise,450.7,450.7,34994.0,-143,-2.31,0.00,360.00,-2.29,15.0,125.0,0,0,39.93,0.00,-0.00,-0.063,0.000,-0.000,1.000,1.000,1.000,1.000,1,102.0,102.0,804,804,0,0,0,0,3000,3000,115,0
11.38,climb_cruise,450.7,450.7,34993.9,-164,-1.47,0.00,360.00,-1.44,15.0,125.0,0,0,44.76,0.00,-0.00,-0.086,0.000,-0.000,1.000,1.000,1.000,1.000,1,102.0,102.0,804,804,0,0,0,0,3000,3000,115,0
11.40,climb_cruise,450.7,450.7,34993.8,-181,-0.54,0.00,360.00,-0.51,15.0,125.0,0,0,48.65,0.00,-0.00,-0.109,0.000,-0.000,1.000,1.000,1.000,1.000,1,102.0,102.0,804,804,0,0,0,0,3000,3000,116,0
11.42,climb_cruise,450.7,450.7,34993.7,-191,0.46,0.00,360.00,0.50,15.0,125.0,0,0,51.63,0.00,-0.00,-0.132,0.000,-0.000,1.000,1.000,1.000,1.000,1,102.0,102.0,804,804,0,0,0,0,3000,3000,115,0
11.44,climb_cruise,450.7,450.7,34993.5,-196,1.51,0.00,360.00,1.54,15.0,125.0,0,0,53.07,-0.00,-0.00,-0.146,0.000,-0.000,1.000,1.000,1.000,1.000,1,102.0,102.0,804,804,0,0,0,0,3000,3000,114,0
11.46,climb_cruise,450.8,450.8,34993.4,-193,2.57,0.00,360.00,2.60,15.0,125.0,0,0,52.62,-0.00,-0.00,-0.152,0.000,-0.000,1.000,1.000,1.000,1.000,1,102.0,102.0,804,804,0,0,0,0,3000,3000,115,0
11.48,climb_cruise,450.8,450.8,34993.3,-185,3.61,0.00,360.00,3.64,15.0,125.0,0,0,50.19,-0.00,-0.00,-0.152,0.000,-0.000,1.000,1.000,1.000,1.000,1,102.0,102.0,804,804,0,0,0,0,3000,3000,115,0
11.50,climb_cruise,450.8,450.8,34993.2,-170,4.58,0.00,360.00,4.61,15.0,125.0,0,0,45.89,-0.00,-0.00,-0.147,0.000,-0.000,1.000,1.000,1.000,1.000,1,102.0,102.0,804,804,0,0,0,0,3000,3000,115,0
11.52,climb_cruise,450.8,450.8,34993.1,-149,5.45,0.00,360.00,5.48,15.0,125.0,0,0,39.95,-0.00,-0.00,-0.139,0.000,-0.000,1.000,1.000,1.000,1.000,1,102.0,102.0,804,804,0,0,0,0,3000,3000,114,0
11.54,climb_cruise,450.8,450.8,34993.0,-123,6.19,0.00,360.00,6.22,15.0,125.0,0,0,32.66,-0.00,-0.00,-0.127,0.000,-0.000,1.000,1.000,1.000,1.000,1,102.0,102.0,804,804,0,0,0,0,3000,3000,116,0
11.56,climb_cruise,450.8,450.8,34992.9,-92,6.78,0.00,360.00,6.80,15.0,125.0,0,0,24.39,-0.00,-0.00,-0.113,0.000,-0.000,1.000,1.000,1.000,1.000,1,102.0,102.0,804,804,0,0,0,0,3000,3000,114,0
11.58,climb_cruise,450.7,450.7,34992.9,-58,7.19,0.00,360.00,7.21,15.0,125.0,0,0,15.49,-0.00,-0.00,-0.097,0.000,-0.000,1.000,1.000,1.000,1.000,1,102.0,102.0,804,804,0,0,0,0,3000,3000,116,0
11.60,climb_cruise,450.7,450.7,34992.9,-22,7.43,0.00,360.00,7.43,15.0,125.0,0,0,6.31,-0.00,-0.00,-0.079,0.000,-0.000,1.000,1.000,1.000,1.000,1,102.0,102.0,804,804,0,0,0,0,3000,3000,114,0
11.62,climb_cruise,450.7,450.7,34992.9,15,7.48,0.00,360.00,7.47,15.0,125.0,0,0,-2.83,-0.00,-0.00,-0.060,0.000,-0.000,1.000,1.000,1.000,1.000,1,102.0,102.0,804,804,0,0,0,0,3000,3000,114,0
11.64,climb_cruise,450.7,450.7,34992.9,52,7.35,0.00,360.00,7.33,15.0,125.0,0,0,-11.64,-0.00,-0.00,-0.040,0.000,-0.000,1.000,1.000,1.000,1.000,1,102.0,102.0,804,804,0,0,0,0,3000,3000,115,0
11.66,climb_cruise,450.6,450.6,34992.9,87,7.04,0.00,360.00,7.02,15.0,125.0,0,0,-19.90,-0.00,-0.00,-0.020,0.000,-0.000,1.000,1.000,1.000,1.000,1,102.0,102.0,804,804,0,0,0,0,3000,3000,114,0
11.68,climb_cruise,450.6,450.6,34993.0,121,6.58,0.00,360.00,6.54,15.0,125.0,0,0,-27.44,-0.00,-0.00,0.002,0.000,-0.000,1.000,1.000,1.000,1.000,1,102.0,102.0,804,804,0,0,0,0,3000,3000,116,0
11.70,climb_cruise,450.6,450.6,34993.1,151,5.97,0.00,360.00,5.92,15.0,125.0,0,0,-34.14,-0.00,-0.00,0.024,0.000,-0.000,1.000,1.000,1.000,1.000,1,102.0,102.0,804,804,0,0,0,0,3000,3000,115,0
11.72,climb_cruise,450.6,450.6,34993.2,178,5.24,0.00,360.00,5.18,15.0,125.0,0,0,-39.91,-0.00,-0.00,0.046,0.000,-0.000,1.000,1.000,1.000,1.000,1,102.0,102.0,804,804,0,0,0,0,3000,3000,115,0
11.74,climb_cruise,450.6,450.6,34993.3,200,4.40,0.00,360.00,4.33,15.0,125.0,0,0,-44.73,0.00,-0.00,0.069,0.000,-0.000,1.000,1.000,1.000,1.000,1,102.0,102.0,804,804,0,0,0,0,3000,3000,115,0
11.76,climb_cruise,450.6,450.6,34993.4,216,3.47,0.00,360.00,3.39,15.0,125.0,0,0,-48.61,0.00,-0.00,0.092,0.000,-0.000,1.000,1.000,1.000,1.000,1,102.0,102.0,804,804,0,0,0,0,3000,3000,115,0
11.78,climb_cruise,450.6,450.6,34993.5,227,2.47,0.00,360.00,2.39,15.0,125.0,0,0,-51.59,0.00,-0.00,0.115,0.000,-0.000,1.000,1.000,1.000,1.000,1,102.0,102.0,804,804,0,0,0,0,3000,3000,115,0
11.80,climb_cruise,450.6,450.6,34993.6,232,1.42,0.00,360.00,1.34,15.0,125.0,0,0,-53.02,0.00,-0.00,0.128,0.000,-0.000,1.000,1.000,1.000,1.000,1,102.0,102.0,804,804,0,0,0,0,3000,3000,114,0
11.82,climb_cruise,450.6,450.6,34993.8,230,0.36,0.00,360.00,0.28,15.0,125.0,0,0,-52.57,0.00,-0.00,0.135,0.000,-0.000,1.000,1.000,1.000,1.000,1,102.0,102.0,804,804,0,0,0,0,3000,3000,115,0
11.84,climb_cruise,450.7,450.7,34993.9,222,-0.67,0.00,360.00,-0.75,15.0,125.0,0,0,-50.14,0.00,-0.00,0.135,0.000,-0.000,1.000,1.000,1.000,1.000,1,102.0,102.0,804,804,0,0,0,0,3000,3000,114,0
11.86,climb_cruise,450.7,450.7,34994.0,207,-1.64,0.00,360.00,-1.72,15.0,125.0,0,0,-45.85,0.00,-0.00,0.130,0.000,-0.000,1.000,1.000,1.000,1.000,1,102.0,102.0,804,804,0,0,0,0,3000,3000,116,0
11.88,climb_cruise,450.7,450.7,34994.1,187,-2.51,0.00,360.00,-2.59,15.0,125.0,0,0,-39.91,0.00,-0.00,0.122,0.000,-0.000,1.000,1.000,1.000,1.000,1,102.0,102.0,804,804,0,0,0,0,3000,3000,115,0
11.90,climb_cruise,450.7,450.7,34994.2,161,-3.25,0.00,360.00,-3.33,15.0,125.0,0,0,-32.62,0.00,-0.00,0.110,0.000,-0.000,1.000,1.000,1.000,1.000,1,102.0,102.0,804,804,0,0,0,0,3000,3000,115,0
11.92,climb_cruise,450.7,450.7,34994.3,131,-3.84,0.00,360.00,-3.91,15.0,125.0,0,0,-24.35,0.00,-0.00,0.096,0.000,-0.000,1.000,1.000,1.000,1.000,1,102.0,102.0,804,804,0,0,0,0,3000,3000,114,0
11.94,climb_cruise,450.7,450.7,34994.4,98,-4.25,0.00,360.00,-4.32,15.0,125.0,0,0,-15.46,0.00,-0.00,0.080,0.000,-0.000,1.000,1.000,1.000,1.000,1,102.0,102.0,804,804,0,0,0,0,3000,3000,114,0
11.96,climb_cruise,450.7,450.7,34994.4,62,-4.49,0.00,360.00,-4.54,15.0,125.0,0,0,-6.28,0.00,-0.00,0.062,0.000,-0.000,1.000,1.000,1.000,1.000,1,102.0,102.0,804,804,0,0,0,0,3000,3000,115,0
11.98,climb_cruise,450.8,450.8,34994.4,25,-4.54,0.00,360.00,-4.58,15.0,125.0,0,0,2.86,0.00,-0.00,0.043,0.000,-0.000,1.000,1.000,1.000,1.000,1,102.0,102.0,804,804,0,0,0,0,3000,3000,115,0
12.00,climb_cruise,450.8,450.8,34994.4,-11,-4.41,0.00,360.00,-4.44,15.0,125.0,0,0,11.67,0.00,-0.00,0.023,0.000,-0.000,1.000,1.000,1.000,1.000,1,102.0,102.0,804,804,0,0,0,0,3000,3000,115,0
12.02,climb_cruise,450.8,450.8,34994.4,-47,-4.10,0.00,360.00,-4.13,15.0,125.0,0,0,19.94,0.00,-0.00,0.002,0.000,-0.000,1.000,1.000,1.000,1.000,1,102.0,102.0,804,804,0,0,0,0,3000,3000,114,0
12.04,climb_cruise,450.8,450.8,34994.4,-80,-3.64,0.00,360.00,-3.65,15.0,125.0,0,0,27.49,0.00,-0.00,-0.019,0.000,-0.000,1.000,1.000,1.000,1.000,1,102.0,102.0,804,804,0,0,0,0,3000,3000,114,0
12.06,climb_cruise,450.8,450.8,34994.3,-110,-3.03,0.00,360.00,-3.03,15.0,125.0,0,0,34.18,0.00,-0.00,-0.041,0.000,-0.000,1.000,1.000,1.000,1.000,1,102.0,102.0,804,804,0,0,0,0,3000,3000,115,0
12.08,climb_cruise,450.8,450.8,34994.2,-136,-2.30,0.00,360.00,-2.29,15.0,125.0,0,0,39.96,0.00,-0.00,-0.063,0.000,-0.000,1.000,1.000,1.000,1.000,1,102.0,102.0,804,804,0,0,0,0,3000,3000,115,0
12.10,climb_cruise,450.9,450.9,34994.1,-158,-1.46,0.00,360.00,-1.44,15.0,125.0,0,0,44.78,0.00,-0.00,-0.086,0.000,-0.000,1.000,1.000,1.000,1.000,1,102.0,102.0,804,804,0,0,0,0,3000,3000,114,0
12.12,climb_cruise,450.9,450.9,34994.0,-174,-0.52,0.00,360.00,-0.50,15.0,125.0,0,0,48.66,0.00,-0.00,-0.109,0.000,-0.000,1.000,1.000,1.000,1.000,1,102.0,102.0,804,804,0,0,0,0,3000,3000,114,0
12.14,climb_cruise,450.9,450.9,34993.9,-185,0.48,0.00,360.00,0.50,15.0,125.0,0,0,51.61,-0.00,-0.00,-0.132,0.000,-0.000,1.000,1.000,1.000,1.000,1,102.0,102.0,804,804,0,0,0,0,3000,3000,114,0
12.16,climb_cruise,450.9,450.9,34993.8,-189,1.52,0.00,360.00,1.55,15.0,125.0,0,0,52.99,-0.00,-0.00,-0.145,0.000,-0.000,1.000,1.000,1.000,1.000,1,102.0,102.0,804,804,0,0,0,0,3000,3000,115,0
12.18,climb_cruise,450.9,450.9,34993.7,-187,2.58,0.00,360.00,2.61,15.0,125.0,0,0,52.47,-0.00,-0.00,-0.151,0.000,-0.000,1.000,1.000,1.000,1.000,1,102.0,102.0,804,804,0,0,0,0,3000,3000,115,0
12.20,climb_cruise,450.9,450.9,34993.5,-178,3.62,0.00,360.00,3.64,15.0,125.0,0,0,49.99,-0.00,-0.00,-0.151,0.000,-0.000,1.000,1.000,1.000,1.000,1,102.0,102.0,804,804,0,0,0,0,3000,3000,114,0
12.22,climb_cruise,450.9,450.9,34993.4,-163,4.58,0.00,360.00,4.61,15.0,125.0,0,0,45.63,-0.00,-0.00,-0.146,0.000,-0.000,1.000,1.000,1.000,1.000,1,102.0,102.0,804,804,0,0,0,0,3000,3000,116,0
12.24,climb_cruise,450.9,450.9,34993.3,-142,5.45,0.00,360.00,5.47,15.0,125.0,0,0,39.63,-0.00,-0.00,-0.137,0.000,-0.000,1.000,1.000,1.000,1.000,1,102.0,102.0,804,804,0,0,0,0,3000,3000,115,0
12.26,climb_cruise,450.9,450.9,34993.3,-116,6.18,0.00,360.00,6.20,15.0,125.0,0,0,32.31,-0.00,-0.00,-0.126,0.000,-0.000,1.000,1.000,1.000,1.000,1,102.0,102.0,804,804,0,0,0,0,3000,3000,116,0
12.28,climb_cruise,450.9,450.9,34993.2,-85,6.76,0.00,360.00,6.77,15.0,125.0,0,0,24.01,-0.00,-0.00,-0.111,0.000,-0.000,1.000,1.000,1.000,1.000,1,102.0,102.0,804,804,0,0,0,0,3000,3000,116,0
12.30,climb_cruise,450.9,450.9,34993.2,-52,7.17,0.00,360.00,7.18,15.0,125.0,0,0,15.09,-0.00,-0.00,-0.095,0.000,-0.000,1.000,1.000,1.000,1.000,1,102.0,102.0,804,804,0,0,0,0,3000,3000,114,0
12.32,climb_cruise,450.9,450.9,34993.1,-16,7.40,0.00,360.00,7.39,15.0,125.0,0,0,5.92,-0.00,-0.00,-0.077,0.000,-0.000,1.000,1.000,1.000,1.000,1,102.0,102.0,804,804,0,0,0,0,3000,3000,115,0
12.34,climb_cruise,450.9,450.9,34993.1,21,7.44,0.00,360.00,7.43,15.0,125.0,0,0,-3.21,-0.00,-0.00,-0.059,0.000,-0.000,1.000,1.000,1.000,1.000,1,102.0,102.0,804,804,0,0,0,0,3000,3000,115,0
12.36,climb_cruise,450.8,450.8,34993.2,58,7.30,0.00,360.00,7.28,15.0,125.0,0,0,-12.00,-0.00,-0.00,-0.039,0.000,-0.000,1.000,1.000,1.000,1.000,1,102.0,102.0,804,804,0,0,0,0,3000,3000,115,0
12.38,climb_cruise,450.8,450.8,34993.2,93,6.99,0.00,360.00,6.96,15.0,125.0,0,0,-20.24,-0.00,-0.00,-0.018,0.000,-0.000,1.000,1.000,1.000,1.000,1,102.0,102.0,804,804,0,0,0,0,3000,3000,114,0
12.40,climb_cruise,450.8,450.8,34993.3,127,6.52,0.00,360.00,6.48,15.0,125.0,0,0,-27.75,-0.00,-0.00,0.004,0.000,-0.000,1.000,1.000,1.000,1.000,1,102.0,102.0,804,804,0,0,0,0,3000,3000,114,0
12.42,climb_cruise,450.8,450.8,34993.3,157,5.91,0.00,360.00,5.85,15.0,125.0,0,0,-34.40,-0.00,-0.00,0.026,0.000,-0.000,1.000,1.000,1.000,1.000,1,102.0,102.0,804,804,0,0,0,0,3000,3000,115,0
12.44,climb_cruise,450.8,450.8,34993.4,183,5.17,0.00,360.00,5.10,15.0,125.0,0,0,-40.13,-0.00,-0.00,0.048,0.000,-0.000,1.000,1.000,1.000,1.000,1,102.0,102.0,804,804,0,0,0,0,3000,3000,114,0
12.46,climb_cruise,450.8,450.8,34993.5,204,4.32,0.00,360.00,4.25,15.0,125.0,0,0,-44.91,-0.00,-0.00,0.071,0.000,-0.000,1.000,1.000,1.000,1.000,1,102.0,102.0,804,804,0,0,0,0,3000,3000,115,0
12.48,climb_cruise,450.8,450.8,34993.7,221,3.39,0.00,360.00,3.31,15.0,125.0,0,0,-48.75,0.00,-0.00,0.094,0.000,-0.000,1.000,1.000,1.000,1.000,1,102.0,102.0,804,804,0,0,0,0,3000,3000,115,0
12.50,climb_cruise,450.8,450.8,34993.8,231,2.39,0.00,360.00,2.30,15.0,125.0,0,0,-51.70,0.00,-0.00,0.117,0.000,-0.000,1.000,1.000,1.000,1.000,1,102.0,102.0,804,804,0,0,0,0,3000,3000,115,0
12.52,climb_cruise,450.8,450.8,34993.9,235,1.34,0.00,360.00,1.26,15.0,125.0,0,0,-53.10,0.00,-0.00,0.131,0.000,-0.000,1.000,1.000,1.000,1.000,1,102.0,102.0,804,804,0,0,0,0,3000,3000,115,0
12.54,climb_cruise,450.8,450.8,34994.1,233,0.28,0.00,360.00,0.19,15.0,125.0,0,0,-52.61,0.00,-0.00,0.137,0.000,-0.000,1.000,1.000,1.000,1.000,1,102.0,102.0,804,804,0,0,0,0,3000,3000,115,0
12.56,climb_cruise,450.8,450.8,34994.2,224,-0.76,0.00,360.00,-0.84,15.0,125.0,0,0,-50.16,0.00,-0.00,0.137,0.000,-0.000,1.000,1.000,1.000,1.000,1,102.0,102.0,804,804,0,0,0,0,3000,3000,114,0
12.58,climb_cruise,450.8,450.8,34994.3,209,-1.73,0.00,360.00,-1.81,15.0,125.0,0,0,-45.85,0.00,-0.00,0.132,0.000,-0.000,1.000,1.000,1.000,1.000,1,102.0,102.0,804,804,0,0,0,0,3000,3000,116,0
12.60,climb_cruise,450.9,450.9,34994.4,188,-2.60,0.00,360.00,-2.68,15.0,125.0,0,0,-39.88,0.00,-0.00,0.124,0.000,-0.000,1.000,1.000,1.000,1.000,1,102.0,102.0,804,804,0,0,0,0,3000,3000,115,0
12.62,climb_cruise,450.9,450.9,34994.5,162,-3.34,0.00,360.00,-3.41,15.0,125.0,0,0,-32.59,0.00,-0.00,0.112,0.000,-0.000,1.000,1.000,1.000,1.000,1,102.0,102.0,804,804,0,0,0,0,3000,3000,114,0
12.64,climb_cruise,450.9,450.9,34994.6,131,-3.92,0.00,360.00,-3.99,15.0,125.0,0,0,-24.31,0.00,-0.00,0.098,0.000,-0.000,1.000,1.000,1.000,1.000,1,102.0,102.0,804,804,0,0,0,0,3000,3000,114,0
12.66,climb_cruise,450.9,450.9,34994.7,97,-4.34,0.00,360.00,-4.40,15.0,125.0,0,0,-15.40,0.00,-0.00,0.082,0.000,-0.000,1.000,1.000,1.000,1.000,1,102.0,102.0,804,804,0,0,0,0,3000,3000,115,0
12.68,climb_cruise,450.9,450.9,34994.7,61,-4.57,0.00,360.00,-4.62,15.0,125.0,0,0,-6.22,0.00,-0.00,0.064,0.000,-0.000,1.000,1.000,1.000,1.000,1,102.0,102.0,804,804,0,0,0,0,3000,3000,116,0
12.70,climb_cruise,450.9,450.9,34994.7,24,-4.62,0.00,360.00,-4.66,15.0,125.0,0,0,2.91,0.00,-0.00,0.045,0.000,-0.000,1.000,1.000,1.000,1.000,1,102.0,102.0,804,804,0,0,0,0,3000,3000,116,0
12.72,climb_cruise,450.9,450.9,34994.7,-13,-4.49,0.00,360.00,-4.52,15.0,125.0,0,0,11.73,0.00,-0.00,0.025,0.000,-0.000,1.000,1.000,1.000,1.000,1,102.0,102.0,804,804,0,0,0,0,3000,3000,116,0
12.74,climb_cruise,451.0,451.0,34994.7,-49,-4.18,0.00,360.00,-4.20,15.0,125.0,0,0,19.99,0.00,-0.00,0.004,0.000,-0.000,1.000,1.000,1.000,1.000,1,102.0,102.0,804,804,0,0,0,0,3000,3000,115,0
12.76,climb_cruise,451.0,451.0,34994.6,-82,-3.72,0.00,360.00,-3.73,15.0,125.0,0,0,27.53,0.00,-0.00,-0.017,0.000,-0.000,1.000,1.000,1.000,1.000,1,102.0,102.0,804,804,0,0,0,0,3000,3000,116,0
12.78,climb_cruise,451.0,451.0,34994.6,-113,-3.11,0.00,360.00,-3.11,15.0,125.0,0,0,34.22,0.00,-0.00,-0.039,0.000,-0.000,1.000,1.000,1.000,1.000,1,102.0,102.0,804,804,0,0,0,0,3000,3000,114,0
12.80,climb_cruise,451.0,451.0,34994.5,-139,-2.37,0.00,360.00,-2.36,15.0,125.0,0,0,39.98,0.00,-0.00,-0.061,0.000,-0.000,1.000,1.000,1.000,1.000,1,102.0,102.0,804,804,0,0,0,0,3000,3000,114,0
12.82,climb_cruise,451.0,451.0,34994.4,-161,-1.53,0.00,360.00,-1.51,15.0,125.0,0,0,44.79,0.00,-0.00,-0.084,0.000,-0.000,1.000,1.000,1.000,1.000,1,102.0,102.0,804,804,0,0,0,0,3000,3000,115,0
12.84,climb_cruise,451.0,451.0,34994.3,-178,-0.60,0.00,360.00,-0.57,15.0,125.0,0,0,48.67,0.00,-0.00,-0.107,0.000,-0.000,1.000,1.000,1.000,1.000,1,102.0,102.0,804,804,0,0,0,0,3000,3000,115,0
12.86,climb_cruise,451.1,451.1,34994.2,-189,0.40,0.00,360.00,0.43,15.0,125.0,0,0,51.64,-0.00,-0.00,-0.130,0.000,-0.000,1.000,1.000,1.000,1.000,1,102.0,102.0,804,804,0,0,0,0,3000,3000,115,0
12.88,climb_cruise,451.1,451.1,34994.1,-194,1.45,0.00,360.00,1.48,15.0,125.0,0,0,53.06,-0.00,-0.00,-0.144,0.000,-0.000,1.000,1.000,1.000,1.000,1,102.0,102.0,804,804,0,0,0,0,3000,3000,115,0
12.90,climb_cruise,451.1,451.1,34993.9,-192,2.51,0.00,360.00,2.54,15.0,125.0,0,0,52.59,-0.00,-0.00,-0.150,0.000,-0.000,1.000,1.000,1.000,1.000,1,102.0,102.0,804,804,0,0,0,0,3000,3000,114,0
12.92,climb_cruise,451.1,451.1,34993.8,-183,3.55,0.00,360.00,3.58,15.0,125.0,0,0,50.15,-0.00,-0.00,-0.150,0.000,-0.000,1.000,1.000,1.000,1.000,1,102.0,102.0,804,804,0,0,0,0,3000,3000,115,0
12.94,climb_cruise,451.1,451.1,34993.7,-169,4.52,0.00,360.00,4.55,15.0,125.0,0,0,45.84,-0.00,-0.00,-0.145,0.000,-0.000,1.000,1.000,1.000,1.000,1,102.0,102.0,804,804,0,0,0,0,3000,3000,116,0
12.96,climb_cruise,451.1,451.1,34993.6,-148,5.39,0.00,360.00,5.41,15.0,125.0,0,0,39.88,-0.00,-0.00,-0.137,0.000,-0.000,1.000,1.000,1.000,1.000,1,102.0,102.0,804,804,0,0,0,0,3000,3000,115,0
12.98,climb_cruise,451.1,451.1,34993.5,-122,6.13,0.00,360.00,6.15,15.0,125.0,0,0,32.58,-0.00,-0.00,-0.125,0.000,-0.000,1.000,1.000,1.000,1.000,1,102.0,102.0,804,804,0,0,0,0,3000,3000,114,0
13.00,climb_cruise,451.1,451.1,34993.5,-92,6.71,0.00,360.00,6.73,15.0,125.0,0,0,24.30,-0.00,-0.00,-0.111,0.000,-0.000,1.000,1.000,1.000,1.000,1,102.0,102.0,804,804,0,0,0,0,3000,3000,115,0
13.02,climb_cruise,451.1,451.1,34993.4,-58,7.12,0.00,360.00,7.14,15.0,125.0,0,0,15.39,-0.00,-0.00,-0.095,0.000,-0.000,1.000,1.000,1.000,1.000,1,102.0,102.0,804,804,0,0,0,0,3000,3000,115,0
13.04,climb_cruise,451.1,451.1,34993.4,-23,7.36,0.00,360.00,7.36,15.0,125.0,0,0,6.21,-0.00,-0.00,-0.077,0.000,-0.000,1.000,1.000,1.000,1.000,1,102.0,102.0,804,804,0,0,0,0,3000,3000,114,0
13.06,climb_cruise,451.0,451.0,34993.4,14,7.40,0.00,360.00,7.40,15.0,125.0,0,0,-2.93,-0.00,-0.00,-0.058,0.000,-0.000,1.000,1.000,1.000,1.000,1,102.0,102.0,804,804,0,0,0,0,3000,3000,115,0
13.08,climb_cruise,451.0,451.0,34993.4,51,7.27,0.00,360.00,7.26,15.0,125.0,0,0,-11.74,-0.00,-0.00,-0.038,0.000,-0.000,1.000,1.000,1.000,1.000,1,102.0,102.0,804,804,0,0,0,0,3000,3000,115,0
13.10,climb_cruise,451.0,451.0,34993.4,86,6.97,0.00,360.00,6.94,15.0,125.0,0,0,-20.00,-0.00,-0.00,-0.018,0.000,-0.000,1.000,1.000,1.000,1.000,1,102.0,102.0,804,804,0,0,0,0,3000,3000,115,0
13.12,climb_cruise,451.0,451.0,34993.5,119,6.50,0.00,360.00,6.47,15.0,125.0,0,0,-27.54,-0.00,-0.00,0.004,0.000,-0.000,1.000,1.000,1.000,1.000,1,102.0,102.0,804,804,0,0,0,0,3000,3000,115,0
13.14,climb_cruise,451.0,451.0,34993.6,150,5.89,0.00,360.00,5.85,15.0,125.0,0,0,-34.22,-0.00,-0.00,0.026,0.000,-0.000,1.000,1.000,1.000,1.000,1,102.0,102.0,804,804,0,0,0,0,3000,3000,115,0
13.16,climb_cruise,451.0,451.0,34993.7,176,5.16,0.00,360.00,5.10,15.0,125.0,0,0,-39.98,-0.00,-0.00,0.048,0.000,-0.000,1.000,1.000,1.000,1.000,1,102.0,102.0,804,804,0,0,0,0,3000,3000,115,0
13.18,climb_cruise,450.9,450.9,34993.8,197,4.32,0.00,360.00,4.25,15.0,125.0,0,0,-44.79,-0.00,-0.00,0.071,0.000,-0.000,1.000,1.000,1.000,1.000,1,102.0,102.0,804,804,0,0,0,0,3000,3000,114,0
13.20,climb_cruise,451.0,451.0,34993.9,214,3.38,0.00,360.00,3.31,15.0,125.0,0,0,-48.66,0.00,-0.00,0.094,0.000,-0.000,1.000,1.000,1.000,1.000,1,102.0,102.0,804,804,0,0,0,0,3000,3000,115,0
13.22,climb_cruise,451.0,451.0,34994.0,224,2.38,0.00,360.00,2.31,15.0,125.0,0,0,-51.63,0.00,-0.00,0.117,0.000,-0.000,1.000,1.000,1.000,1.000,1,102.0,102.0,804,804,0,0,0,0,3000,3000,114,0
13.24,climb_cruise,451.0,451.0,34994.2,228,1.33,0.00,360.00,1.26,15.0,125.0,0,0,-53.05,0.00,-0.00,0.131,0.000,-0.000,1.000,1.000,1.000,1.000,1,102.0,102.0,804,804,0,0,0,0,3000,3000,115,0
13.26,climb_cruise,451.0,451.0,34994.3,226,0.27,0.00,360.00,0.20,15.0,125.0,0,0,-52.59,0.00,-0.00,0.137,0.000,-0.000,1.000,1.000,1.000,1.000,1,102.0,102.0,804,804,0,0,0,0,3000,3000,114,0
13.28,climb_cruise,451.0,451.0,34994.4,218,-0.76,0.00,360.00,-0.83,15.0,125.0,0,0,-50.15,0.00,-0.00,0.137,0.000,-0.000,1.000,1.000,1.000,1.000,1,102.0,102.0,804,804,0,0,0,0,3000,3000,115,0
13.30,climb_cruise,451.0,451.0,34994.5,202,-1.73,0.00,360.00,-1.80,15.0,125.0,0,0,-45.84,0.00,-0.00,0.132,0.000,-0.000,1.000,1.000,1.000,1.000,1,102.0,102.0,804,804,0,0,0,0,3000,3000,115,0
13.32,climb_cruise,451.0,451.0,34994.7,181,-2.60,0.00,360.00,-2.67,15.0,125.0,0,0,-39.89,0.00,-0.00,0.124,0.000,-0.000,1.000,1.000,1.000,1.000,1,102.0,102.0,804,804,0,0,0,0,3000,3000,114,0
13.34,climb_cruise,451.1,451.1,34994.7,155,-3.34,0.00,360.00,-3.41,15.0,125.0,0,0,-32.59,0.00,-0.00,0.112,0.000,-0.000,1.000,1.000,1.000,1.000,1,102.0,102.0,804,804,0,0,0,0,3000,3000,115,0
13.36,climb_cruise,451.1,451.1,34994.8,125,-3.93,0.00,360.00,-3.99,15.0,125.0,0,0,-24.31,0.00,-0.00,0.098,0.000,-0.000,1.000,1.000,1.000,1.000,1,102.0,102.0,804,804,0,0,0,0,3000,3000,115,0
13.38,climb_cruise,451.1,451.1,34994.9,91,-4.34,0.00,360.00,-4.39,15.0,125.0,0,0,-15.41,0.00,-0.00,0.082,0.000,-0.000,1.000,1.000,1.000,1.000,1,102.0,102.0,804,804,0,0,0,0,3000,3000,115,0
13.40,climb_cruise,451.1,451.1,34994.9,55,-4.57,0.00,360.00,-4.62,15.0,125.0,0,0,-6.23,0.00,-0.00,0.064,0.000,-0.000,1.000,1.000,1.000,1.000,1,102.0,102.0,804,804,0,0,0,0,3000,3000,115,0
13.42,climb_cruise,451.1,451.1,34994.9,18,-4.62,0.00,360.00,-4.66,15.0,125.0,0,0,2.91,0.00,-0.00,0.045,0.000,-0.000,1.000,1.000,1.000,1.000,1,102.0,102.0,804,804,0,0,0,0,3000,3000,114,0
13.44,climb_cruise,451.1,451.1,34994.9,-19,-4.49,0.00,360.00,-4.51,15.0,125.0,0,0,11.73,0.00,-0.00,0.025,0.000,-0.000,1.000,1.000,1.000,1.000,1,102.0,102.0,804,804,0,0,0,0,3000,3000,114,0
13.46,climb_cruise,451.1,451.1,34994.9,-55,-4.18,0.00,360.00,-4.20,15.0,125.0,0,0,19.99,0.00,-0.00,0.004,0.000,-0.000,1.000,1.000,1.000,1.000,1,102.0,102.0,804,804,0,0,0,0,3000,3000,116,0
13.48,climb_cruise,451.1,451.1,34994.8,-89,-3.72,0.00,360.00,-3.72,15.0,125.0,0,0,27.53,0.00,-0.00,-0.017,0.000,-0.000,1.000,1.000,1.000,1.000,1,102.0,102.0,804,804,0,0,0,0,3000,3000,116,0
13.50,climb_cruise,451.2,451.2,34994.8,-119,-3.11,0.00,360.00,-3.10,15.0,125.0,0,0,34.22,0.00,-0.00,-0.039,0.000,-0.000,1.000,1.000,1.000,1.000,1,102.0,102.0,804,804,0,0,0,0,3000,3000,114,0
13.52,climb_cruise,451.2,451.2,34994.7,-146,-2.38,0.00,360.00,-2.36,15.0,125.0,0,0,39.99,0.00,-0.00,-0.061,0.000,-0.000,1.000,1.000,1.000,1.000,1,102.0,102.0,804,804,0,0,0,0,3000,3000,115,0
13.54,climb_cruise,451.2,451.2,34994.6,-168,-1.53,0.00,360.00,-1.50,15.0,125.0,0,0,44.80,0.00,-0.00,-0.084,0.000,-0.000,1.000,1.000,1.000,1.000,1,102.0,102.0,804,804,0,0,0,0,3000,3000,116,0
13.56,climb_cruise,451.2,451.2,34994.5,-184,-0.60,0.00,360.00,-0.57,15.0,125.0,0,0,48.67,0.00,-0.00,-0.107,0.000,-0.000,1.000,1.000,1.000,1.000,1,102.0,102.0,804,804,0,0,0,0,3000,3000,114,0
13.58,climb_cruise,451.2,451.2,34994.4,-195,0.40,0.00,360.00,0.44,15.0,125.0,0,0,51.65,-0.00,-0.00,-0.130,0.000,-0.000,1.000,1.000,1.000,1.000,1,102.0,102.0,804,804,0,0,0,0,3000,3000,114,0
13.60,climb_cruise,451.3,451.3,34994.2,-200,1.45,0.00,360.00,1.49,15.0,125.0,0,0,53.06,-0.00,-0.00,-0.144,0.000,-0.000,1.000,1.000,1.000,1.000,1,102.0,102.0,804,804,0,0,0,0,3000,3000,115,0
13.62,climb_cruise,451.3,451.3,34994.1,-198,2.51,0.00,360.00,2.55,15.0,125.0,0,0,52.59,-0.00,-0.00,-0.150,0.000,-0.000,1.000,1.000,1.000,1.000,1,102.0,102.0,804,804,0,0,0,0,3000,3000,115,0
13.64,climb_cruise,451.3,451.3,34994.0,-189,3.55,0.00,360.00,3.58,15.0,125.0,0,0,50.15,-0.00,-0.00,-0.150,0.000,-0.000,1.000,1.000,1.000,1.000,1,102.0,102.0,804,804,0,0,0,0,3000,3000,116,0
13.66,climb_cruise,451.3,451.3,34993.9,-174,4.52,0.00,360.00,4.55,15.0,125.0,0,0,45.83,-0.00,-0.00,-0.145,0.000,-0.000,1.000,1.000,1.000,1.000,1,102.0,102.0,804,804,0,0,0,0,3000,3000,116,0
13.68,climb_cruise,451.3,451.3,34993.8,-154,5.39,0.00,360.00,5.42,15.0,125.0,0,0,39.87,-0.00,-0.00,-0.137,0.000,-0.000,1.000,1.000,1.000,1.000,1,102.0,102.0,804,804,0,0,0,0,3000,3000,116,0
13.70,climb_cruise,451.3,451.3,34993.7,-128,6.12,0.00,360.00,6.16,15.0,125.0,0,0,32.57,-0.00,0.00,-0.125,0.000,-0.000,1.000,1.000,1.000,1.000,1,102.0,102.0,804,804,0,0,0,0,3000,3000,115,0
13.72,climb_cruise,451.3,451.3,34993.6,-97,6.71,0.00,360.00,6.74,15.0,125.0,0,0,24.28,-0.00,0.00,-0.111,0.000,-0.000,1.000,1.000,1.000,1.000,1,102.0,102.0,804,804,0,0,0,0,3000,3000,115,0
13.74,climb_cruise,451.3,451.3,34993.6,-64,7.12,0.00,360.00,7.14,15.0,125.0,0,0,15.37,-0.00,0.00,-0.095,0.000,-0.000,1.000,1.000,1.000,1.000,1,102.0,102.0,804,804,0,0,0,0,3000,3000,114,0
13.76,climb_cruise,451.2,451.2,34993.6,-28,7.35,0.00,360.00,7.37,15.0,125.0,0,0,6.18,-0.00,-0.00,-0.077,0.000,-0.000,1.000,1.000,1.000,1.000,1,102.0,102.0,804,804,0,0,0,0,3000,3000,114,0
13.78,climb_cruise,451.2,451.2,34993.6,9,7.40,0.00,360.00,7.40,15.0,125.0,0,0,-2.96,-0.00,-0.00,-0.058,0.000,-0.000,1.000,1.000,1.000,1.000,1,102.0,102.0,804,804,0,0,0,0,3000,3000,116,0
13.80,climb_cruise,451.2,451.2,34993.6,45,7.27,0.00,360.00,7.26,15.0,125.0,0,0,-11.77,-0.00,-0.00,-0.038,0.000,-0.000,1.000,1.000,1.000,1.000,1,102.0,102.0,804,804,0,0,0,0,3000,3000,115,0
13.82,climb_cruise,451.2,451.2,34993.6,81,6.96,0.00,360.00,6.94,15.0,125.0,0,0,-20.03,-0.00,-0.00,-0.018,0.000,-0.000,1.000,1.000,1.000,1.000,1,102.0,102.0,804,804,0,0,0,0,3000,3000,116,0
13.84,climb_cruise,451.2,451.2,34993.7,114,6.50,0.00,360.00,6.47,15.0,125.0,0,0,-27.56,-0.00,-0.00,0.004,0.000,-0.000,1.000,1.000,1.000,1.000,1,102.0,102.0,804,804,0,0,0,0,3000,3000,115,0
13.86,climb_cruise,451.1,451.1,34993.7,145,5.89,0.00,360.00,5.85,15.0,125.0,0,0,-34.25,-0.00,-0.00,0.026,0.000,-0.000,1.000,1.000,1.000,1.000,1,102.0,102.0,804,804,0,0,0,0,3000,3000,115,0
13.88,climb_cruise,451.1,451.1,34993.8,171,5.15,0.00,360.00,5.10,15.0,125.0,0,0,-40.00,-0.00,-0.00,0.048,0.000,-0.000,1.000,1.000,1.000,1.000,1,102.0,102.0,804,804,0,0,0,0,3000,3000,116,0
13.90,climb_cruise,451.1,451.1,34993.9,192,4.31,0.00,360.00,4.25,15.0,125.0,0,0,-44.81,-0.00,-0.00,0.071,0.000,-0.000,1.000,1.000,1.000,1.000,1,102.0,102.0,804,804,0,0,0,0,3000,3000,115,0
13.92,climb_cruise,451.1,451.1,34994.1,209,3.38,0.00,360.00,3.31,15.0,125.0,0,0,-48.67,0.00,-0.00,0.094,0.000,-0.000,1.000,1.000,1.000,1.000,1,102.0,102.0,804,804,0,0,0,0,3000,3000,114,0
13.94,climb_cruise,451.1,451.1,34994.2,219,2.38,0.00,360.00,2.31,15.0,125.0,0,0,-51.64,0.00,-0.00,0.117,0.000,-0.000,1.000,1.000,1.000,1.000,1,102.0,102.0,804,804,0,0,0,0,3000,3000,115,0
13.96,climb_cruise,451.1,451.1,34994.3,224,1.33,0.00,360.00,1.26,15.0,125.0,0,0,-53.05,0.00,-0.00,0.131,0.000,-0.000,1.000,1.000,1.000,1.000,1,102.0,102.0,804,804,0,0,0,0,3000,3000,116,0
13.98,climb_cruise,451.2,451.2,34994.4,221,0.27,0.00,360.00,0.20,15.0,125.0,0,0,-52.58,0.00,-0.00,0.137,0.000,-0.000,1.000,1.000,1.000,1.000,1,102.0,102.0,804,804,0,0,0,0,3000,3000,116,0
14.00,climb_cruise,451.2,451.2,34994.6,213,-0.77,0.00,360.00,-0.83,15.0,125.0,0,0,-50.14,0.00,-0.00,0.137,0.000,-0.000,1.000,1.000,1.000,1.000,1,102.0,102.0,804,804,0,0,0,0,3000,3000,114,0
14.02,climb_cruise,451.2,451.2,34994.7,198,-1.74,0.00,360.00,-1.80,15.0,125.0,0,0,-45.83,0.00,-0.00,0.132,0.000,-0.000,1.000,1.000,1.000,1.000,1,102.0,102.0,804,804,0,0,0,0,3000,3000,114,0
14.04,climb_cruise,451.2,451.2,34994.8,177,-2.61,0.00,360.00,-2.67,15.0,125.0,0,0,-39.87,0.00,-0.00,0.124,0.000,-0.000,1.000,1.000,1.000,1.000,1,102.0,102.0,804,804,0,0,0,0,3000,3000,115,0
14.06,climb_cruise,451.2,451.2,34994.9,150,-3.35,0.00,360.00,-3.41,15.0,125.0,0,0,-32.57,0.00,-0.00,0.112,0.000,-0.000,1.000,1.000,1.000,1.000,1,102.0,102.0,804,804,0,0,0,0,3000,3000,114,0
14.08,climb_cruise,451.2,451.2,34995.0,120,-3.93,0.00,360.00,-3.99,15.0,125.0,0,0,-24.28,0.00,-0.00,0.098,0.000,-0.000,1.000,1.000,1.000,1.000,1,102.0,102.0,804,804,0,0,0,0,3000,3000,115,0
14.10,climb_cruise,451.3,451.3,34995.0,86,-4.34,0.00,360.00,-4.39,15.0,125.0,0,0,-15.37,0.00,-0.00,0.082,0.000,-0.000,1.000,1.000,1.000,1.000,1,102.0,102.0,804,804,0,0,0,0,3000,3000,116,0
14.12,climb_cruise,451.3,451.3,34995.1,50,-4.58,0.00,360.00,-4.62,15.0,125.0,0,0,-6.19,0.00,-0.00,0.064,0.000,-0.000,1.000,1.000,1.000,1.000,1,102.0,102.0,804,804,0,0,0,0,3000,3000,114,0
14.14,climb_cruise,451.3,451.3,34995.1,13,-4.62,0.00,360.00,-4.65,15.0,125.0,0,0,2.95,0.00,-0.00,0.045,0.000,-0.000,1.000,1.000,1.000,1.000,1,102.0,102.0,804,804,0,0,0,0,3000,3000,116,0
14.16,climb_cruise,451.3,451.3,34995.1,-24,-4.49,0.00,360.00,-4.51,15.0,125.0,0,0,11.77,0.00,-0.00,0.025,0.000,-0.000,1.000,1.000,1.000,1.000,1,102.0,102.0,804,804,0,0,0,0,3000,3000,115,0
14.18,climb_cruise,451.3,451.3,34995.0,-60,-4.19,0.00,360.00,-4.19,15.0,125.0,0,0,20.03,0.00,-0.00,0.004,0.000,-0.000,1.000,1.000,1.000,1.000,1,102.0,102.0,804,804,0,0,0,0,3000,3000,115,0
14.20,climb_cruise,451.3,451.3,34995.0,-93,-3.72,0.00,360.00,-3.72,15.0,125.0,0,0,27.57,0.00,-0.00,-0.017,0.000,-0.000,1.000,1.000,1.000,1.000,1,102.0,102.0,804,804,0,0,0,0,3000,3000,115,0
14.22,climb_cruise,451.3,451.3,34994.9,-124,-3.11,0.00,360.00,-3.10,15.0,125.0,0,0,34.26,0.00,-0.00,-0.039,0.000,-0.000,1.000,1.000,1.000,1.000,1,102.0,102.0,804,804,0,0,0,0,3000,3000,116,0
14.24,climb_cruise,451.4,451.4,34994.8,-150,-2.37,0.00,360.00,-2.35,15.0,125.0,0,0,40.02,0.00,-0.00,-0.061,0.000,-0.000,1.000,1.000,1.000,1.000,1,102.0,102.0,804,804,0,0,0,0,3000,3000,115,0
14.26,climb_cruise,451.4,451.4,34994.7,-172,-1.53,0.00,360.00,-1.50,15.0,125.0,0,0,44.83,0.00,-0.00,-0.084,0.000,-0.000,1.000,1.000,1.000,1.000,1,102.0,102.0,804,804,0,0,0,0,3000,3000,115,0
14.28,climb_cruise,451.4,451.4,34994.6,-189,-0.60,0.00,360.00,-0.56,15.0,125.0,0,0,48.69,0.00,-0.00,-0.107,0.000,-0.000,1.000,1.000,1.000,1.000,1,102.0,102.0,804,804,0,0,0,0,3000,3000,115,0
14.30,climb_cruise,451.4,451.4,34994.5,-199,0.40,0.00,360.00,0.45,15.0,125.0,0,0,51.66,-0.00,-0.00,-0.130,0.000,-0.000,1.000,1.000,1.000,1.000,1,102.0,102.0,804,804,0,0,0,0,3000,3000,115,0
14.32,climb_cruise,451.4,451.4,34994.4,-204,1.45,0.00,360.00,1.49,15.0,125.0,0,0,53.07,-0.00,-0.00,-0.144,0.000,-0.000,1.000,1.000,1.000,1.000,1,102.0,102.0,804,804,0,0,0,0,3000,3000,115,0
14.34,climb_cruise,451.5,451.5,34994.2,-202,2.51,0.00,360.00,2.56,15.0,125.0,0,0,52.60,-0.00,-0.00,-0.150,0.000,-0.000,1.000,1.000,1.000,1.000,1,102.0,102.0,804,804,0,0,0,0,3000,3000,115,0
14.36,climb_cruise,451.5,451.5,34994.1,-193,3.55,0.00,360.00,3.59,15.0,125.0,0,0,50.15,-0.00,-0.00,-0.150,0.000,-0.000,1.000,1.000,1.000,1.000,1,102.0,102.0,804,804,0,0,0,0,3000,3000,115,0
14.38,climb_cruise,451.5,451.5,34994.0,-178,4.52,0.00,360.00,4.56,15.0,125.0,0,0,45.82,-0.00,0.00,-0.145,0.000,-0.000,1.000,1.000,1.000,1.000,1,102.0,102.0,804,804,0,0,0,0,3000,3000,114,0
14.40,climb_cruise,451.5,451.5,34993.9,-158,5.39,0.00,360.00,5.43,15.0,125.0,0,0,39.85,-0.00,0.00,-0.137,0.000,-0.000,1.000,1.000,1.000,1.000,1,102.0,102.0,804,804,0,0,0,0,3000,3000,115,0
14.42,climb_cruise,451.5,451.5,34993.8,-132,6.13,0.00,360.00,6.16,15.0,125.0,0,0,32.55,-0.00,0.00,-0.125,0.000,-0.000,1.000,1.000,1.000,1.000,1,102.0,102.0,804,804,0,0,0,0,3000,3000,115,0
14.44,climb_cruise,451.5,451.5,34993.8,-101,6.71,0.00,360.00,6.74,15.0,125.0,0,0,24.25,-0.00,0.00,-0.111,0.000,-0.000,1.000,1.000,1.000,1.000,1,102.0,102.0,804,804,0,0,0,0,3000,3000,114,0
14.46,climb_cruise,451.4,451.4,34993.7,-68,7.12,0.00,360.00,7.15,15.0,125.0,0,0,15.34,-0.00,0.00,-0.095,0.000,-0.000,1.000,1.000,1.000,1.000,1,102.0,102.0,804,804,0,0,0,0,3000,3000,115,0
14.48,climb_cruise,451.4,451.4,34993.7,-32,7.35,0.00,360.00,7.37,15.0,125.0,0,0,6.15,-0.00,0.00,-0.077,0.000,-0.000,1.000,1.000,1.000,1.000,1,102.0,102.0,804,804,0,0,0,0,3000,3000,114,0
14.50,climb_cruise,451.4,451.4,34993.7,5,7.40,0.00,360.00,7.41,15.0,125.0,0,0,-2.99,-0.00,-0.00,-0.058,0.000,-0.000,1.000,1.000,1.000,1.000,1,102.0,102.0,804,804,0,0,0,0,3000,3000,115,0
14.52,climb_cruise,451.4,451.4,34993.7,42,7.27,0.00,360.00,7.26,15.0,125.0,0,0,-11.81,-0.00,-0.00,-0.038,0.000,-0.000,1.000,1.000,1.000,1.000,1,102.0,102.0,804,804,0,0,0,0,3000,3000,114,0
14.54,climb_cruise,451.3,451.3,34993.7,78,6.96,0.00,360.00,6.95,15.0,125.0,0,0,-20.06,-0.00,-0.00,-0.018,0.000,-0.000,1.000,1.000,1.000,1.000,1,102.0,102.0,804,804,0,0,0,0,3000,3000,114,0
14.56,climb_cruise,451.3,451.3,34993.8,111,6.49,0.00,360.00,6.47,15.0,125.0,0,0,-27.60,-0.00,-0.00,0.004,0.000,-0.000,1.000,1.000,1.000,1.000,1,102.0,102.0,804,804,0,0,0,0,3000,3000,115,0
14.58,climb_cruise,451.3,451.3,34993.9,141,5.88,0.00,360.00,5.85,15.0,125.0,0,0,-34.27,-0.00,-0.00,0.026,0.000,-0.000,1.000,1.000,1.000,1.000,1,102.0,102.0,804,804,0,0,0,0,3000,3000,115,0
14.60,climb_cruise,451.3,451.3,34994.0,168,5.15,0.00,360.00,5.10,15.0,125.0,0,0,-40.03,-0.00,-0.00,0.048,0.000,-0.000,1.000,1.000,1.000,1.000,1,102.0,102.0,804,804,0,0,0,0,3000,3000,115,0
14.62,climb_cruise,451.3,451.3,34994.1,189,4.31,0.00,360.00,4.25,15.0,125.0,0,0,-44.83,-0.00,-0.00,0.071,0.000,-0.000,1.000,1.000,1.000,1.000,1,102.0,102.0,804,804,0,0,0,0,3000,3000,115,0
14.64,climb_cruise,451.3,451.3,34994.2,206,3.37,0.00,360.00,3.31,15.0,125.0,0,0,-48.69,0.00,-0.00,0.094,0.000,-0.000,1.000,1.000,1.000,1.000,1,102.0,102.0,804,804,0,0,0,0,3000,3000,114,0
14.66,climb_cruise,451.3,451.3,34994.3,216,2.37,0.00,360.00,2.31,15.0,125.0,0,0,-51.65,0.00,-0.00,0.117,0.000,-0.000,1.000,1.000,1.000,1.000,1,102.0,102.0,804,804,0,0,0,0,3000,3000,116,0
14.68,climb_cruise,451.3,451.3,34994.4,221,1.32,0.00,360.00,1.26,15.0,125.0,0,0,-53.06,0.00,-0.00,0.131,0.000,-0.000,1.000,1.000,1.000,1.000,1,102.0,102.0,804,804,0,0,0,0,3000,3000,114,0
14.70,climb_cruise,451.3,451.3,34994.6,218,0.26,0.00,360.00,0.20,15.0,125.0,0,0,-52.58,0.00,-0.00,0.137,0.000,-0.000,1.000,1.000,1.000,1.000,1,102.0,102.0,804,804,0,0,0,0,3000,3000,115,0
14.72,climb_cruise,451.4,451.4,34994.7,210,-0.77,0.00,360.00,-0.84,15.0,125.0,0,0,-50.13,0.00,-0.00,0.137,0.000,-0.000,1.000,1.000,1.000,1.000,1,102.0,102.0,804,804,0,0,0,0,3000,3000,116,0
14.74,climb_cruise,451.4,451.4,34994.8,195,-1.74,0.00,360.00,-1.80,15.0,125.0,0,0,-45.81,0.00,-0.00,0.132,0.000,-0.000,1.000,1.000,1.000,1.000,1,102.0,102.0,804,804,0,0,0,0,3000,3000,116,0
14.76,climb_cruise,451.4,451.4,34994.9,174,-2.61,0.00,360.00,-2.67,15.0,125.0,0,0,-39.84,0.00,-0.00,0.124,0.000,-0.000,1.000,1.000,1.000,1.000,1,102.0,102.0,804,804,0,0,0,0,3000,3000,114,0
14.78,climb_cruise,451.4,451.4,34995.0,148,-3.35,0.00,360.00,-3.41,15.0,125.0,0,0,-32.54,0.00,-0.00,0.112,0.000,-0.000,1.000,1.000,1.000,1.000,1,102.0,102.0,804,804,0,0,0,0,3000,3000,114,0
14.80,climb_cruise,451.4,451.4,34995.1,117,-3.93,0.00,360.00,-3.99,15.0,125.0,0,0,-24.25,0.00,-0.00,0.098,0.000,-0.000,1.000,1.000,1.000,1.000,1,102.0,102.0,804,804,0,0,0,0,3000,3000,116,0
14.82,climb_cruise,451.4,451.4,34995.1,83,-4.35,0.00,360.00,-4.39,15.0,125.0,0,0,-15.33,0.00,-0.00,0.082,0.000,-0.000,1.000,1.000,1.000,1.000,1,102.0,102.0,804,804,0,0,0,0,3000,3000,116,0
14.84,climb_cruise,451.4,451.4,34995.2,47,-4.58,0.00,360.00,-4.61,15.0,125.0,0,0,-6.15,0.00,0.00,0.064,0.000,-0.000,1.000,1.000,1.000,1.000,1,102.0,102.0,804,804,0,0,0,0,3000,3000,114,0
14.86,climb_cruise,451.5,451.5,34995.2,10,-4.62,0.00,360.00,-4.65,15.0,125.0,0,0,2.99,0.00,0.00,0.045,0.000,-0.000,1.000,1.000,1.000,1.000,1,102.0,102.0,804,804,0,0,0,0,3000,3000,114,0
14.88,climb_cruise,451.5,451.5,34995.2,-27,-4.49,0.00,360.00,-4.51,15.0,125.0,0,0,11.81,0.00,0.00,0.025,0.000,-0.000,1.000,1.000,1.000,1.000,1,102.0,102.0,804,804,0,0,0,0,3000,3000,114,0
14.90,climb_cruise,451.5,451.5,34995.1,-62,-4.18,0.00,360.00,-4.19,15.0,125.0,0,0,20.07,0.00,0.00,0.004,0.000,-0.000,1.000,1.000,1.000,1.000,1,102.0,102.0,804,804,0,0,0,0,3000,3000,116,0
14.92,climb_cruise,451.5,451.5,34995.1,-96,-3.72,0.00,360.00,-3.71,15.0,125.0,0,0,27.61,0.00,0.00,-0.017,0.000,-0.000,1.000,1.000,1.000,1.000,1,102.0,102.0,804,804,0,0,0,0,3000,3000,116,0
14.94,climb_cruise,451.5,451.5,34995.0,-126,-3.11,0.00,360.00,-3.09,15.0,125.0,0,0,34.29,0.00,-0.00,-0.039,0.000,-0.000,1.000,1.000,1.000,1.000,1,102.0,102.0,804,804,0,0,0,0,3000,3000,116,0
14.96,climb_cruise,451.5,451.5,34994.9,-153,-2.37,0.00,360.00,-2.34,15.0,125.0,0,0,40.05,0.00,-0.00,-0.061,0.000,-0.000,1.000,1.000,1.000,1.000,1,102.0,102.0,804,804,0,0,0,0,3000,3000,115,0
14.98,climb_cruise,451.6,451.6,34994.8,-175,-1.53,0.00,360.00,-1.49,15.0,125.0,0,0,44.85,0.00,-0.00,-0.084,0.000,-0.000,1.000,1.000,1.000,1.000,1,102.0,102.0,804,804,0,0,0,0,3000,3000,115,0
15.00,climb_cruise,451.6,451.6,34994.7,-191,-0.60,0.00,360.00,-0.55,15.0,125.0,0,0,48.71,0.00,-0.00,-0.107,0.000,-0.000,1.000,1.000,1.000,1.000,1,102.0,102.0,804,804,0,0,0,0,3000,3000,116,0
15.02,climb_cruise,451.6,451.6,34994.6,-202,0.41,0.00,360.00,0.45,15.0,125.0,0,0,51.68,-0.00,-0.00,-0.130,0.000,-0.000,1.000,1.000,1.000,1.000,1,102.0,102.0,804,804,0,0,0,0,3000,3000,115,0
15.04,climb_cruise,451.6,451.6,34994.5,-206,1.46,0.00,360.00,1.50,15.0,125.0,0,0,53.08,-0.00,-0.00,-0.144,0.000,-0.000,1.000,1.000,1.000,1.000,1,102.0,102.0,804,804,0,0,0,0,3000,3000,116,0
15.06,climb_cruise,451.6,451.6,34994.3,-204,2.52,0.00,360.00,2.56,15.0,125.0,0,0,52.60,-0.00,-0.00,-0.150,0.000,-0.000,1.000,1.000,1.000,1.000,1,102.0,102.0,804,804,0,0,0,0,3000,3000,115,0
15.08,climb_cruise,451.6,451.6,34994.2,-196,3.55,0.00,360.00,3.60,15.0,125.0,0,0,50.14,-0.00,0.00,-0.150,0.000,-0.000,1.000,1.000,1.000,1.000,1,102.0,102.0,804,804,0,0,0,0,3000,3000,115,0
15.10,climb_cruise,451.7,451.7,34994.1,-181,4.52,0.00,360.00,4.57,15.0,125.0,0,0,45.81,-0.00,0.00,-0.145,0.000,-0.000,1.000,1.000,1.000,1.000,1,102.0,102.0,804,804,0,0,0,0,3000,3000,116,0
15.12,climb_cruise,451.7,451.7,34994.0,-160,5.39,0.00,360.00,5.43,15.0,125.0,0,0,39.84,-0.00,0.00,-0.137,0.000,-0.000,1.000,1.000,1.000,1.000,1,102.0,102.0,804,804,0,0,0,0,3000,3000,115,0
15.14,climb_cruise,451.6,451.6,34993.9,-133,6.13,0.00,360.00,6.17,15.0,125.0,0,0,32.52,-0.00,0.00,-0.125,0.000,-0.000,1.000,1.000,1.000,1.000,1,102.0,102.0,804,804,0,0,0,0,3000,3000,115,0
15.16,climb_cruise,451.6,451.6,34993.8,-103,6.71,0.00,360.00,6.75,15.0,125.0,0,0,24.22,-0.00,0.00,-0.111,0.000,-0.000,1.000,1.000,1.000,1.000,1,102.0,102.0,804,804,0,0,0,0,3000,3000,115,0
15.18,climb_cruise,451.6,451.6,34993.8,-69,7.13,0.00,360.00,7.15,15.0,125.0,0,0,15.30,-0.00,0.00,-0.095,0.000,-0.000,1.000,1.000,1.000,1.000,1,102.0,102.0,804,804,0,0,0,0,3000,3000,116,0
15.20,climb_cruise,451.6,451.6,34993.8,-33,7.36,0.00,360.00,7.38,15.0,125.0,0,0,6.11,-0.00,0.00,-0.077,0.000,-0.000,1.000,1.000,1.000,1.000,1,102.0,102.0,804,804,0,0,0,0,3000,3000,115,0
15.22,climb_cruise,451.6,451.6,34993.8,4,7.40,0.00,360.00,7.41,15.0,125.0,0,0,-3.03,-0.00,-0.00,-0.058,0.000,-0.000,1.000,1.000,1.000,1.000,1,102.0,102.0,804,804,0,0,0,0,3000,3000,115,0
15.24,climb_cruise,451.5,451.5,34993.8,41,7.27,0.00,360.00,7.27,15.0,125.0,0,0,-11.84,-0.00,-0.00,-0.038,0.000,-0.000,1.000,1.000,1.000,1.000,1,102.0,102.0,804,804,0,0,0,0,3000,3000,115,0
15.26,climb_cruise,451.5,451.5,34993.8,76,6.96,0.00,360.00,6.95,15.0,125.0,0,0,-20.10,-0.00,-0.00,-0.018,0.000,-0.000,1.000,1.000,1.000,1.000,1,102.0,102.0,804,804,0,0,0,0,3000,3000,116,0
15.28,climb_cruise,451.5,451.5,34993.9,110,6.49,0.00,360.00,6.47,15.0,125.0,0,0,-27.63,-0.00,-0.00,0.004,0.000,-0.000,1.000,1.000,1.000,1.000,1,102.0,102.0,804,804,0,0,0,0,3000,3000,115,0
15.30,climb_cruise,451.5,451.5,34993.9,140,5.88,0.00,360.00,5.85,15.0,125.0,0,0,-34.30,-0.00,-0.00,0.026,0.000,-0.000,1.000,1.000,1.000,1.000,1,102.0,102.0,804,804,0,0,0,0,3000,3000,115,0
15.32,climb_cruise,451.5,451.5,34994.0,166,5.15,0.00,360.00,5.10,15.0,125.0,0,0,-40.05,-0.00,-0.00,0.048,0.000,-0.000,1.000,1.000,1.000,1.000,1,102.0,102.0,804,804,0,0,0,0,3000,3000,114,0
15.34,climb_cruise,451.5,451.5,34994.1,188,4.30,0.00,360.00,4.25,15.0,125.0,0,0,-44.85,-0.00,-0.00,0.071,0.000,-0.000,1.000,1.000,1.000,1.000,1,102.0,102.0,804,804,0,0,0,0,3000,3000,115,0
15.36,climb_cruise,451.5,451.5,34994.3,204,3.37,0.00,360.00,3.31,15.0,125.0,0,0,-48.70,0.00,-0.00,0.094,0.000,-0.000,1.000,1.000,1.000,1.000,1,102.0,102.0,804,804,0,0,0,0,3000,3000,116,0
15.38,climb_cruise,451.5,451.5,34994.4,215,2.37,0.00,360.00,2.31,15.0,125.0,0,0,-51.66,0.00,-0.00,0.117,0.000,-0.000,1.000,1.000,1.000,1.000,1,102.0,102.0,804,804,0,0,0,0,3000,3000,116,0
15.40,climb_cruise,451.5,451.5,34994.5,220,1.32,0.00,360.00,1.26,15.0,125.0,0,0,-53.06,0.00,-0.00,0.131,0.000,-0.000,1.000,1.000,1.000,1.000,1,102.0,102.0,804,804,0,0,0,0,3000,3000,114,0
15.42,climb_cruise,451.5,451.5,34994.6,217,0.26,0.00,360.00,0.20,15.0,125.0,0,0,-52.57,0.00,-0.00,0.137,0.000,-0.000,1.000,1.000,1.000,1.000,1,102.0,102.0,804,804,0,0,0,0,3000,3000,114,0
15.44,climb_cruise,451.5,451.5,34994.8,209,-0.77,0.00,360.00,-0.84,15.0,125.0,0,0,-50.12,0.00,-0.00,0.137,0.000,-0.000,1.000,1.000,1.000,1.000,1,102.0,102.0,804,804,0,0,0,0,3000,3000,115,0
15.46,climb_cruise,451.6,451.6,34994.9,194,-1.74,0.00,360.00,-1.80,15.0,125.0,0,0,-45.79,0.00,-0.00,0.132,0.000,-0.000,1.000,1.000,1.000,1.000,1,102.0,102.0,804,804,0,0,0,0,3000,3000,115,0
15.48,climb_cruise,451.6,451.6,34995.0,173,-2.61,0.00,360.00,-2.67,15.0,125.0,0,0,-39.82,0.00,-0.00,0.124,0.000,-0.000,1.000,1.000,1.000,1.000,1,102.0,102.0,804,804,0,0,0,0,3000,3000,114,0
15.50,climb_cruise,451.6,451.6,34995.1,146,-3.35,0.00,360.00,-3.41,15.0,125.0,0,0,-32.51,0.00,-0.00,0.112,0.000,-0.000,1.000,1.000,1.000,1.000,1,102.0,102.0,804,804,0,0,0,0,3000,3000,116,0
15.52,climb_cruise,451.6,451.6,34995.2,116,-3.93,0.00,360.00,-3.98,15.0,125.0,0,0,-24.21,0.00,-0.00,0.098,0.000,-0.000,1.000,1.000,1.000,1.000,1,102.0,102.0,804,804,0,0,0,0,3000,3000,116,0
15.54,climb_cruise,451.6,451.6,34995.2,82,-4.35,0.00,360.00,-4.39,15.0,125.0,0,0,-15.30,0.00,-0.00,0.082,0.000,-0.000,1.000,1.000,1.000,1.000,1,102.0,102.0,804,804,0,0,0,0,3000,3000,115,0
15.56,climb_cruise,451.6,451.6,34995.2,46,-4.58,0.00,360.00,-4.61,15.0,125.0,0,0,-6.11,0.00,0.00,0.064,0.000,-0.000,1.000,1.000,1.000,1.000,1,102.0,102.0,804,804,0,0,0,0,3000,3000,114,0
15.58,climb_cruise,451.6,451.6,34995.3,9,-4.62,0.00,360.00,-4.65,15.0,125.0,0,0,3.04,0.00,0.00,0.045,0.000,-0.000,1.000,1.000,1.000,1.000,1,102.0,102.0,804,804,0,0,0,0,3000,3000,114,0
15.60,climb_cruise,451.6,451.6,34995.2,-28,-4.49,0.00,360.00,-4.50,15.0,125.0,0,0,11.85,0.00,0.00,0.025,0.000,-0.000,1.000,1.000,1.000,1.000,1,102.0,102.0,804,804,0,0,0,0,3000,3000,114,0
15.62,climb_cruise,451.7,451.7,34995.2,-63,-4.18,0.00,360.00,-4.18,15.0,125.0,0,0,20.11,0.00,0.00,0.004,0.000,-0.000,1.000,1.000,1.000,1.000,1,102.0,102.0,804,804,0,0,0,0,3000,3000,115,0
15.64,climb_cruise,451.7,451.7,34995.2,-97,-3.71,0.00,360.00,-3.71,15.0,125.0,0,0,27.64,0.00,0.00,-0.017,0.000,-0.000,1.000,1.000,1.000,1.000,1,102.0,102.0,804,804,0,0,0,0,3000,3000,116,0
15.66,climb_cruise,451.7,451.7,34995.1,-127,-3.10,0.00,360.00,-3.08,15.0,125.0,0,0,34.32,0.00,0.00,-0.039,0.000,-0.000,1.000,1.000,1.000,1.000,1,102.0,102.0,804,804,0,0,0,0,3000,3000,114,0
15.68,climb_cruise,451.7,451.7,34995.0,-154,-2.37,0.00,360.00,-2.34,15.0,125.0,0,0,40.08,0.00,-0.00,-0.061,0.000,-0.000,1.000,1.000,1.000,1.000,1,102.0,102.0,804,804,0,0,0,0,3000,3000,116,0
15.70,climb_cruise,451.7,451.7,34994.9,-175,-1.52,0.00,360.00,-1.48,15.0,125.0,0,0,44.88,0.00,-0.00,-0.084,0.000,-0.000,1.000,1.000,1.000,1.000,1,102.0,102.0,804,804,0,0,0,0,3000,3000,114,0
15.72,climb_cruise,451.8,451.8,34994.8,-192,-0.59,0.00,360.00,-0.54,15.0,125.0,0,0,48.73,0.00,-0.00,-0.107,0.000,-0.000,1.000,1.000,1.000,1.000,1,102.0,102.0,804,804,0,0,0,0,3000,3000,114,0
15.74,climb_cruise,451.8,451.8,34994.7,-202,0.41,0.00,360.00,0.46,15.0,125.0,0,0,51.69,-0.00,-0.00,-0.130,0.000,-0.000,1.000,1.000,1.000,1.000,1,102.0,102.0,804,804,0,0,0,0,3000,3000,115,0
15.76,climb_cruise,451.8,451.8,34994.5,-207,1.46,0.00,360.00,1.51,15.0,125.0,0,0,53.09,-0.00,-0.00,-0.144,0.000,-0.000,1.000,1.000,1.000,1.000,1,102.0,102.0,804,804,0,0,0,0,3000,3000,116,0
15.78,climb_cruise,451.8,451.8,34994.4,-205,2.53,0.00,360.00,2.57,15.0,125.0,0,0,52.60,-0.00,0.00,-0.150,0.000,-0.000,1.000,1.000,1.000,1.000,1,102.0,102.0,804,804,0,0,0,0,3000,3000,115,0
15.80,climb_cruise,451.8,451.8,34994.3,-196,3.56,0.00,360.00,3.61,15.0,125.0,0,0,50.14,-0.00,0.00,-0.150,0.000,-0.000,1.000,1.000,1.000,1.000,1,102.0,102.0,804,804,0,0,0,0,3000,3000,116,0
15.82,climb_cruise,451.8,451.8,34994.2,-181,4.53,0.00,360.00,4.57,15.0,125.0,0,0,45.80,-0.00,0.00,-0.145,0.000,-0.000,1.000,1.000,1.000,1.000,1,102.0,102.0,804,804,0,0,0,0,3000,3000,116,0
15.84,climb_cruise,451.8,451.8,34994.1,-160,5.40,0.00,360.00,5.44,15.0,125.0,0,0,39.82,-0.00,0.00,-0.137,0.000,-0.000,1.000,1.000,1.000,1.000,1,102.0,102.0,804,804,0,0,0,0,3000,3000,114,0
15.86,climb_cruise,451.8,451.8,34994.0,-134,6.14,0.00,360.00,6.18,15.0,125.0,0,0,32.50,-0.00,0.00,-0.125,0.000,-0.000,1.000,1.000,1.000,1.000,1,102.0,102.0,804,804,0,0,0,0,3000,3000,114,0
15.88,climb_cruise,451.8,451.8,34993.9,-103,6.72,0.00,360.00,6.75,15.0,125.0,0,0,24.20,-0.00,0.00,-0.111,0.000,-0.000,1.000,1.000,1.000,1.000,1,102.0,102.0,804,804,0,0,0,0,3000,3000,115,0
15.90,climb_cruise,451.8,451.8,34993.9,-69,7.13,0.00,360.00,7.16,15.0,125.0,0,0,15.27,-0.00,0.00,-0.095,0.000,-0.000,1.000,1.000,1.000,1.000,1,102.0,102.0,804,804,0,0,0,0,3000,3000,115,0
15.92,climb_cruise,451.8,451.8,34993.8,-33,7.36,0.00,360.00,7.38,15.0,125.0,0,0,6.08,-0.00,0.00,-0.077,0.000,-0.000,1.000,1.000,1.000,1.000,1,102.0,102.0,804,804,0,0,0,0,3000,3000,116,0
15.94,climb_cruise,451.7,451.7,34993.8,4,7.41,0.00,360.00,7.42,15.0,125.0,0,0,-3.06,-0.00,-0.00,-0.058,0.000,-0.000,1.000,1.000,1.000,1.000,1,102.0,102.0,804,804,0,0,0,0,3000,3000,115,0
15.96,climb_cruise,451.7,451.7,34993.9,41,7.27,0.00,360.00,7.27,15.0,125.0,0,0,-11.87,-0.00,-0.00,-0.038,0.000,-0.000,1.000,1.000,1.000,1.000,1,102.0,102.0,804,804,0,0,0,0,3000,3000,114,0
15.98,climb_cruise,451.7,451.7,34993.9,77,6.96,0.00,360.00,6.95,15.0,125.0,0,0,-20.13,-0.00,-0.00,-0.018,0.000,-0.000,1.000,1.000,1.000,1.000,1,102.0,102.0,804,804,0,0,0,0,3000,3000,115,0
16.00,climb_cruise,451.7,451.7,34993.9,110,6.50,0.00,360.00,6.47,15.0,125.0,0,0,-27.66,-0.00,-0.00,0.004,0.000,-0.000,1.000,1.000,1.000,1.000,1,102.0,102.0,804,804,0,0,0,0,3000,3000,115,0
16.02,climb_cruise,451.7,451.7,34994.0,141,5.89,0.00,360.00,5.85,15.0,125.0,0,0,-34.33,-0.00,-0.00,0.026,0.000,-0.000,1.000,1.000,1.000,1.000,1,102.0,102.0,804,804,0,0,0,0,3000,3000,115,0
16.04,climb_cruise,451.7,451.7,34994.1,167,5.15,0.00,360.00,5.10,15.0,125.0,0,0,-40.07,-0.00,-0.00,0.048,0.000,-0.000,1.000,1.000,1.000,1.000,1,102.0,102.0,804,804,0,0,0,0,3000,3000,114,0
16.06,climb_cruise,451.7,451.7,34994.2,189,4.30,0.00,360.00,4.25,15.0,125.0,0,0,-44.86,-0.00,-0.00,0.071,0.000,-0.000,1.000,1.000,1.000,1.000,1,102.0,102.0,804,804,0,0,0,0,3000,3000,115,0
16.08,climb_cruise,451.7,451.7,34994.3,205,3.37,0.00,360.00,3.31,15.0,125.0,0,0,-48.71,0.00,-0.00,0.094,0.000,-0.000,1.000,1.000,1.000,1.000,1,102.0,102.0,804,804,0,0,0,0,3000,3000,115,0
16.10,climb_cruise,451.7,451.7,34994.5,216,2.37,0.00,360.00,2.31,15.0,125.0,0,0,-51.66,0.00,-0.00,0.117,0.000,-0.000,1.000,1.000,1.000,1.000,1,102.0,102.0,804,804,0,0,0,0,3000,3000,115,0
16.12,climb_cruise,451.7,451.7,34994.6,220,1.32,0.00,360.00,1.26,15.0,125.0,0,0,-53.06,0.00,-0.00,0.131,0.000,-0.000,1.000,1.000,1.000,1.000,1,102.0,102.0,804,804,0,0,0,0,3000,3000,115,0
16.14,climb_cruise,451.7,451.7,34994.7,218,0.26,0.00,360.00,0.20,15.0,125.0,0,0,-52.57,0.00,-0.00,0.137,0.000,-0.000,1.000,1.000,1.000,1.000,1,102.0,102.0,804,804,0,0,0,0,3000,3000,115,0
16.16,climb_cruise,451.7,451.7,34994.8,210,-0.77,0.00,360.00,-0.84,15.0,125.0,0,0,-50.11,0.00,-0.00,0.137,0.000,-0.000,1.000,1.000,1.000,1.000,1,102.0,102.0,804,804,0,0,0,0,3000,3000,115,0
16.18,climb_cruise,451.7,451.7,34995.0,194,-1.74,0.00,360.00,-1.81,15.0,125.0,0,0,-45.78,0.00,-0.00,0.132,0.000,-0.000,1.000,1.000,1.000,1.000,1,102.0,102.0,804,804,0,0,0,0,3000,3000,115,0
16.20,climb_cruise,451.7,451.7,34995.1,174,-2.61,0.00,360.00,-2.67,15.0,125.0,0,0,-39.80,0.00,-0.00,0.124,0.000,-0.000,1.000,1.000,1.000,1.000,1,102.0,102.0,804,804,0,0,0,0,3000,3000,115,0
16.22,climb_cruise,451.8,451.8,34995.2,147,-3.35,0.00,360.00,-3.41,15.0,125.0,0,0,-32.48,0.00,-0.00,0.112,0.000,-0.000,1.000,1.000,1.000,1.000,1,102.0,102.0,804,804,0,0,0,0,3000,3000,114,0
16.24,climb_cruise,451.8,451.8,34995.2,117,-3.93,0.00,360.00,-3.98,15.0,125.0,0,0,-24.18,0.00,-0.00,0.098,0.000,-0.000,1.000,1.000,1.000,1.000,1,102.0,102.0,804,804,0,0,0,0,3000,3000,116,0
16.26,climb_cruise,451.8,451.8,34995.3,83,-4.34,0.00,360.00,-4.39,15.0,125.0,0,0,-15.26,0.00,0.00,0.082,0.000,-0.000,1.000,1.000,1.000,1.000,1,102.0,102.0,804,804,0,0,0,0,3000,3000,116,0
16.28,climb_cruise,451.8,451.8,34995.3,47,-4.57,0.00,360.00,-4.61,15.0,125.0,0,0,-6.07,0.00,0.00,0.064,0.000,-0.000,1.000,1.000,1.000,1.000,1,102.0,102.0,804,804,0,0,0,0,3000,3000,116,0
16.30,climb_cruise,451.8,451.8,34995.3,10,-4.62,0.00,360.00,-4.65,15.0,125.0,0,0,3.08,0.00,0.00,0.045,0.000,-0.000,1.000,1.000,1.000,1.000,1,102.0,102.0,804,804,0,0,0,0,3000,3000,114,0
16.32,climb_cruise,451.8,451.8,34995.3,-27,-4.48,0.00,360.00,-4.50,15.0,125.0,0,0,11.89,0.00,0.00,0.025,0.000,-0.000,1.000,1.000,1.000,1.000,1,102.0,102.0,804,804,0,0,0,0,3000,3000,115,0
16.34,climb_cruise,451.8,451.8,34995.3,-62,-4.17,0.00,360.00,-4.18,15.0,125.0,0,0,20.15,0.00,0.00,0.004,0.000,-0.000,1.000,1.000,1.000,1.000,1,102.0,102.0,804,804,0,0,0,0,3000,3000,115,0
16.36,climb_cruise,451.8,451.8,34995.2,-96,-3.71,0.00,360.00,-3.70,15.0,125.0,0,0,27.68,0.00,0.00,-0.017,0.000,-0.000,1.000,1.000,1.000,1.000,1,102.0,102.0,804,804,0,0,0,0,3000,3000,115,0
16.38,climb_cruise,451.9,451.9,34995.2,-126,-3.10,0.00,360.00,-3.08,15.0,125.0,0,0,34.36,0.00,0.00,-0.039,0.000,-0.000,1.000,1.000,1.000,1.000,1,102.0,102.0,804,804,0,0,0,0,3000,3000,115,0
16.40,climb_cruise,451.9,451.9,34995.1,-153,-2.36,0.00,360.00,-2.33,15.0,125.0,0,0,40.11,0.00,0.00,-0.061,0.000,-0.000,1.000,1.000,1.000,1.000,1,102.0,102.0,804,804,0,0,0,0,3000,3000,115,0
16.42,climb_cruise,451.9,451.9,34995.0,-174,-1.51,0.00,360.00,-1.48,15.0,125.0,0,0,44.90,0.00,0.00,-0.084,0.000,-0.000,1.000,1.000,1.000,1.000,1,102.0,102.0,804,804,0,0,0,0,3000,3000,116,0
16.44,climb_cruise,451.9,451.9,34994.9,-191,-0.58,0.00,360.00,-0.54,15.0,125.0,0,0,48.75,0.00,-0.00,-0.107,0.000,-0.000,1.000,1.000,1.000,1.000,1,102.0,102.0,804,804,0,0,0,0,3000,3000,114,0
16.46,climb_cruise,451.9,451.9,34994.7,-201,0.42,0.00,360.00,0.47,15.0,125.0,0,0,51.70,-0.00,-0.00,-0.130,0.000,-0.000,1.000,1.000,1.000,1.000,1,102.0,102.0,804,804,0,0,0,0,3000,3000,116,0
16.48,climb_cruise,452.0,452.0,34994.6,-206,1.47,0.00,360.00,1.52,15.0,125.0,0,0,53.10,-0.00,0.00,-0.144,0.000,-0.000,1.000,1.000,1.000,1.000,1,102.0,102.0,804,804,0,0,0,0,3000,3000,115,0
16.50,climb_cruise,452.0,452.0,34994.5,-203,2.53,0.00,360.00,2.58,15.0,125.0,0,0,52.60,-0.00,0.00,-0.150,0.000,-0.000,1.000,1.000,1.000,1.000,1,102.0,102.0,804,804,0,0,0,0,3000,3000,116,0
16.52,climb_cruise,452.0,452.0,34994.4,-194,3.57,0.00,360.00,3.61,15.0,125.0,0,0,50.14,-0.00,0.00,-0.150,0.000,-0.000,1.000,1.000,1.000,1.000,1,102.0,102.0,804,804,0,0,0,0,3000,3000,115,0
16.54,climb_cruise,452.0,452.0,34994.3,-179,4.54,0.00,360.00,4.58,15.0,125.0,0,0,45.79,-0.00,0.00,-0.145,0.000,-0.000,1.000,1.000,1.000,1.000,1,102.0,102.0,804,804,0,0,0,0,3000,3000,115,0
16.56,climb_cruise,452.0,452.0,34994.2,-158,5.41,0.00,360.00,5.45,15.0,125.0,0,0,39.80,-0.00,0.00,-0.137,0.000,-0.000,1.000,1.000,1.000,1.000,1,102.0,102.0,804,804,0,0,0,0,3000,3000,115,0
16.58,climb_cruise,452.0,452.0,34994.1,-132,6.15,0.00,360.00,6.18,15.0,125.0,0,0,32.48,-0.00,0.00,-0.125,0.000,-0.000,1.000,1.000,1.000,1.000,1,102.0,102.0,804,804,0,0,0,0,3000,3000,116,0
16.60,climb_cruise,452.0,452.0,34994.0,-101,6.73,0.00,360.00,6.76,15.0,125.0,0,0,24.17,-0.00,0.00,-0.111,0.000,-0.000,1.000,1.000,1.000,1.000,1,102.0,102.0,804,804,0,0,0,0,3000,3000,116,0
16.62,climb_cruise,452.0,452.0,34994.0,-67,7.14,0.00,360.00,7.16,15.0,125.0,0,0,15.24,-0.00,0.00,-0.095,0.000,-0.000,1.000,1.000,1.000,1.000,1,102.0,102.0,804,804,0,0,0,0,3000,3000,116,0
16.64,climb_cruise,451.9,451.9,34993.9,-31,7.37,0.00,360.00,7.38,15.0,125.0,0,0,6.05,-0.00,0.00,-0.077,0.000,-0.000,1.000,1.000,1.000,1.000,1,102.0,102.0,804,804,0,0,0,0,3000,3000,114,0
16.66,climb_cruise,451.9,451.9,34993.9,6,7.41,0.00,360.00,7.42,15.0,125.0,0,0,-3.10,-0.00,-0.00,-0.058,0.000,-0.000,1.000,1.000,1.000,1.000,1,102.0,102.0,804,804,0,0,0,0,3000,3000,115,0
16.68,climb_cruise,451.9,451.9,34993.9,43,7.28,0.00,360.00,7.27,15.0,125.0,0,0,-11.91,-0.00,-0.00,-0.038,0.000,-0.000,1.000,1.000,1.000,1.000,1,102.0,102.0,804,804,0,0,0,0,3000,3000,116,0
16.70,climb_cruise,451.9,451.9,34994.0,79,6.97,0.00,360.00,6.95,15.0,125.0,0,0,-20.17,-0.00,-0.00,-0.018,0.000,-0.000,1.000,1.000,1.000,1.000,1,102.0,102.0,804,804,0,0,0,0,3000,3000,114,0
16.72,climb_cruise,451.9,451.9,34994.0,113,6.50,0.00,360.00,6.47,15.0,125.0,0,0,-27.69,-0.00,-0.00,0.004,0.000,-0.000,1.000,1.000,1.000,1.000,1,102.0,102.0,804,804,0,0,0,0,3000,3000,114,0
16.74,climb_cruise,451.8,451.8,34994.1,143,5.89,0.00,360.00,5.85,15.0,125.0,0,0,-34.36,-0.00,-0.00,0.026,0.000,-0.000,1.000,1.000,1.000,1.000,1,102.0,102.0,804,804,0,0,0,0,3000,3000,115,0
16.76,climb_cruise,451.8,451.8,34994.2,169,5.15,0.00,360.00,5.10,15.0,125.0,0,0,-40.10,-0.00,-0.00,0.048,0.000,-0.000,1.000,1.000,1.000,1.000,1,102.0,102.0,804,804,0,0,0,0,3000,3000,115,0
16.78,climb_cruise,451.8,451.8,34994.3,191,4.31,0.00,360.00,4.25,15.0,125.0,0,0,-44.88,-0.00,-0.00,0.071,0.000,-0.000,1.000,1.000,1.000,1.000,1,102.0,102.0,804,804,0,0,0,0,3000,3000,116,0
16.80,climb_cruise,451.8,451.8,34994.4,208,3.37,0.00,360.00,3.31,15.0,125.0,0,0,-48.73,0.00,-0.00,0.094,0.000,-0.000,1.000,1.000,1.000,1.000,1,102.0,102.0,804,804,0,0,0,0,3000,3000,115,0
16.82,climb_cruise,451.8,451.8,34994.6,218,2.37,0.00,360.00,2.31,15.0,125.0,0,0,-51.67,0.00,-0.00,0.117,0.000,-0.000,1.000,1.000,1.000,1.000,1,102.0,102.0,804,804,0,0,0,0,3000,3000,114,0
16.84,climb_cruise,451.8,451.8,34994.7,223,1.32,0.00,360.00,1.26,15.0,125.0,0,0,-53.06,0.00,-0.00,0.131,0.000,-0.000,1.000,1.000,1.000,1.000,1,102.0,102.0,804,804,0,0,0,0,3000,3000,114,0
16.86,climb_cruise,451.9,451.9,34994.8,221,0.26,0.00,360.00,0.20,15.0,125.0,0,0,-52.57,0.00,-0.00,0.137,0.000,-0.000,1.000,1.000,1.000,1.000,1,102.0,102.0,804,804,0,0,0,0,3000,3000,114,0
16.88,climb_cruise,451.9,451.9,34994.9,212,-0.77,0.00,360.00,-0.84,15.0,125.0,0,0,-50.10,0.00,-0.00,0.137,0.000,-0.000,1.000,1.000,1.000,1.000,1,102.0,102.0,804,804,0,0,0,0,3000,3000,114,0
16.90,climb_cruise,451.9,451.9,34995.1,197,-1.74,0.00,360.00,-1.81,15.0,125.0,0,0,-45.76,0.00,-0.00,0.132,0.000,-0.000,1.000,1.000,1.000,1.000,1,102.0,102.0,804,804,0,0,0,0,3000,3000,115,0
16.92,climb_cruise,451.9,451.9,34995.2,176,-2.61,0.00,360.00,-2.67,15.0,125.0,0,0,-39.77,0.00,-0.00,0.124,0.000,-0.000,1.000,1.000,1.000,1.000,1,102.0,102.0,804,804,0,0,0,0,3000,3000,114,0
16.94,climb_cruise,451.9,451.9,34995.3,150,-3.35,0.00,360.00,-3.41,15.0,125.0,0,0,-32.45,0.00,-0.00,0.112,0.000,-0.000,1.000,1.000,1.000,1.000,1,102.0,102.0,804,804,0,0,0,0,3000,3000,115,0
16.96,climb_cruise,451.9,451.9,34995.3,120,-3.93,0.00,360.00,-3.98,15.0,125.0,0,0,-24.15,0.00,-0.00,0.098,0.000,-0.000,1.000,1.000,1.000,1.000,1,102.0,102.0,804,804,0,0,0,0,3000,3000,116,0
16.98,climb_cruise,452.0,452.0,34995.4,86,-4.34,0.00,360.00,-4.39,15.0,125.0,0,0,-15.22,0.00,0.00,0.082,0.000,-0.000,1.000,1.000,1.000,1.000,1,102.0,102.0,804,804,0,0,0,0,3000,3000,114,0
17.00,climb_cruise,452.0,452.0,34995.4,50,-4.57,0.00,360.00,-4.61,15.0,125.0,0,0,-6.03,0.00,0.00,0.064,0.000,-0.000,1.000,1.000,1.000,1.000,1,102.0,102.0,804,804,0,0,0,0,3000,3000,115,0
17.02,climb_cruise,452.0,452.0,34995.4,13,-4.61,0.00,360.00,-4.64,15.0,125.0,0,0,3.11,0.00,0.00,0.045,0.000,-0.000,1.000,1.000,1.000,1.000,1,102.0,102.0,804,804,0,0,0,0,3000,3000,114,0
17.04,climb_cruise,452.0,452.0,34995.4,-24,-4.48,0.00,360.00,-4.50,15.0,125.0,0,0,11.93,0.00,0.00,0.025,0.000,-0.000,1.000,1.000,1.000,1.000,1,102.0,102.0,804,804,0,0,0,0,3000,3000,115,0
17.06,climb_cruise,452.0,452.0,34995.4,-60,-4.17,0.00,360.00,-4.18,15.0,125.0,0,0,20.19,0.00,0.00,0.004,0.000,-0.000,1.000,1.000,1.000,1.000,1,102.0,102.0,804,804,0,0,0,0,3000,3000,116,0
17.08,climb_cruise,452.0,452.0,34995.3,-93,-3.70,0.00,360.00,-3.70,15.0,125.0,0,0,27.72,0.00,0.00,-0.017,0.000,-0.000,1.000,1.000,1.000,1.000,1,102.0,102.0,804,804,0,0,0,0,3000,3000,116,0
17.10,climb_cruise,452.0,452.0,34995.3,-123,-3.09,0.00,360.00,-3.07,15.0,125.0,0,0,34.39,0.00,0.00,-0.039,0.000,-0.000,1.000,1.000,1.000,1.000,1,102.0,102.0,804,804,0,0,0,0,3000,3000,114,0
17.12,climb_cruise,452.1,452.1,34995.2,-150,-2.35,0.00,360.00,-2.32,15.0,125.0,0,0,40.13,0.00,0.00,-0.061,0.000,-0.000,1.000,1.000,1.000,1.000,1,102.0,102.0,804,804,0,0,0,0,3000,3000,115,0
17.14,climb_cruise,452.1,452.1,34995.1,-171,-1.50,0.00,360.00,-1.47,15.0,125.0,0,0,44.92,0.00,0.00,-0.084,0.000,-0.000,1.000,1.000,1.000,1.000,1,102.0,102.0,804,804,0,0,0,0,3000,3000,116,0
17.16,climb_cruise,452.1,452.1,34995.0,-188,-0.57,0.00,360.00,-0.53,15.0,125.0,0,0,48.77,-0.00,0.00,-0.107,0.000,-0.000,1.000,1.000,1.000,1.000,1,102.0,102.0,804,804,0,0,0,0,3000,3000,115,0
17.18,climb_cruise,452.1,452.1,34994.9,-198,0.43,0.00,360.00,0.47,15.0,125.0,0,0,51.71,-0.00,0.00,-0.130,0.000,-0.000,1.000,1.000,1.000,1.000,1,102.0,102.0,804,804,0,0,0,0,3000,3000,114,0
17.20,climb_cruise,452.1,452.1,34994.7,-202,1.48,0.00,360.00,1.52,15.0,125.0,0,0,53.10,-0.00,0.00,-0.144,0.000,-0.000,1.000,1.000,1.000,1.000,1,102.0,102.0,804,804,0,0,0,0,3000,3000,115,0
17.22,climb_cruise,452.2,452.2,34994.6,-200,2.55,0.00,360.00,2.59,15.0,125.0,0,0,52.60,-0.00,0.00,-0.150,0.000,-0.000,1.000,1.000,1.000,1.000,1,102.0,102.0,804,804,0,0,0,0,3000,3000,116,0
17.24,climb_cruise,452.2,452.2,34994.5,-191,3.58,0.00,360.00,3.62,15.0,125.0,0,0,50.13,-0.00,0.00,-0.150,0.000,-0.000,1.000,1.000,1.000,1.000,1,102.0,102.0,804,804,0,0,0,0,3000,3000,115,0
17.26,climb_cruise,452.2,452.2,34994.4,-176,4.55,0.00,360.00,4.59,15.0,125.0,0,0,45.78,-0.00,0.00,-0.145,0.000,-0.000,1.000,1.000,1.000,1.000,1,102.0,102.0,804,804,0,0,0,0,3000,3000,115,0
17.28,climb_cruise,452.2,452.2,34994.3,-155,5.42,0.00,360.00,5.45,15.0,125.0,0,0,39.78,-0.00,0.00,-0.137,0.000,-0.000,1.000,1.000,1.000,1.000,1,102.0,102.0,804,804,0,0,0,0,3000,3000,114,0
17.30,climb_cruise,452.2,452.2,34994.2,-128,6.16,0.00,360.00,6.19,15.0,125.0,0,0,32.45,-0.00,0.00,-0.125,0.000,-0.000,1.000,1.000,1.000,1.000,1,102.0,102.0,804,804,0,0,0,0,3000,3000,114,0
17.32,climb_cruise,452.2,452.2,34994.1,-98,6.74,0.00,360.00,6.76,15.0,125.0,0,0,24.14,-0.00,0.00,-0.111,0.000,-0.000,1.000,1.000,1.000,1.000,1,102.0,102.0,804,804,0,0,0,0,3000,3000,115,0
17.34,climb_cruise,452.1,452.1,34994.1,-64,7.15,0.00,360.00,7.17,15.0,125.0,0,0,15.21,-0.00,0.00,-0.095,0.000,-0.000,1.000,1.000,1.000,1.000,1,102.0,102.0,804,804,0,0,0,0,3000,3000,115,0
17.36,climb_cruise,452.1,452.1,34994.1,-27,7.38,0.00,360.00,7.39,15.0,125.0,0,0,6.01,-0.00,0.00,-0.077,0.000,-0.000,1.000,1.000,1.000,1.000,1,102.0,102.0,804,804,0,0,0,0,3000,3000,116,0
17.38,climb_cruise,452.1,452.1,34994.0,10,7.42,0.00,360.00,7.42,15.0,125.0,0,0,-3.13,-0.00,-0.00,-0.058,0.000,-0.000,1.000,1.000,1.000,1.000,1,102.0,102.0,804,804,0,0,0,0,3000,3000,115,0
17.40,climb_cruise,452.1,452.1,34994.1,47,7.28,0.00,360.00,7.28,15.0,125.0,0,0,-11.95,-0.00,-0.00,-0.038,0.000,-0.000,1.000,1.000,1.000,1.000,1,102.0,102.0,804,804,0,0,0,0,3000,3000,114,0
17.42,climb_cruise,452.0,452.0,34994.1,83,6.97,0.00,360.00,6.95,15.0,125.0,0,0,-20.20,-0.00,-0.00,-0.018,0.000,-0.000,1.000,1.000,1.000,1.000,1,102.0,102.0,804,804,0,0,0,0,3000,3000,115,0
17.44,climb_cruise,452.0,452.0,34994.2,117,6.51,0.00,360.00,6.47,15.0,125.0,0,0,-27.72,-0.00,-0.00,0.004,0.000,-0.000,1.000,1.000,1.000,1.000,1,102.0,102.0,804,804,0,0,0,0,3000,3000,114,0
17.46,climb_cruise,452.0,452.0,34994.2,147,5.89,0.00,360.00,5.85,15.0,125.0,0,0,-34.38,-0.00,-0.00,0.026,0.000,-0.000,1.000,1.000,1.000,1.000,1,102.0,102.0,804,804,0,0,0,0,3000,3000,115,0
17.48,climb_cruise,452.0,452.0,34994.3,174,5.16,0.00,360.00,5.10,15.0,125.0,0,0,-40.12,-0.00,-0.00,0.048,0.000,-0.000,1.000,1.000,1.000,1.000,1,102.0,102.0,804,804,0,0,0,0,3000,3000,115,0
17.50,climb_cruise,452.0,452.0,34994.4,195,4.31,0.00,360.00,4.25,15.0,125.0,0,0,-44.90,-0.00,-0.00,0.071,0.000,-0.000,1.000,1.000,1.000,1.000,1,102.0,102.0,804,804,0,0,0,0,3000,3000,114,0
17.52,climb_cruise,452.0,452.0,34994.6,212,3.38,0.00,360.00,3.31,15.0,125.0,0,0,-48.74,0.00,-0.00,0.094,0.000,-0.000,1.000,1.000,1.000,1.000,1,102.0,102.0,804,804,0,0,0,0,3000,3000,115,0
17.54,climb_cruise,452.0,452.0,34994.7,223,2.37,0.00,360.00,2.30,15.0,125.0,0,0,-51.68,0.00,-0.00,0.117,0.000,-0.000,1.000,1.000,1.000,1.000,1,102.0,102.0,804,804,0,0,0,0,3000,3000,116,0
17.56,climb_cruise,452.0,452.0,34994.8,227,1.33,0.00,360.00,1.25,15.0,125.0,0,0,-53.07,0.00,-0.00,0.131,0.000,-0.000,1.000,1.000,1.000,1.000,1,102.0,102.0,804,804,0,0,0,0,3000,3000,114,0
17.58,climb_cruise,452.0,452.0,34995.0,225,0.26,0.00,360.00,0.19,15.0,125.0,0,0,-52.57,0.00,-0.00,0.137,0.000,-0.000,1.000,1.000,1.000,1.000,1,102.0,102.0,804,804,0,0,0,0,3000,3000,116,0
17.60,climb_cruise,452.1,452.1,34995.1,216,-0.77,0.00,360.00,-0.84,15.0,125.0,0,0,-50.09,0.00,-0.00,0.137,0.000,-0.000,1.000,1.000,1.000,1.000,1,102.0,102.0,804,804,0,0,0,0,3000,3000,116,0
17.62,climb_cruise,452.1,452.1,34995.2,201,-1.74,0.00,360.00,-1.81,15.0,125.0,0,0,-45.75,0.00,-0.00,0.132,0.000,-0.000,1.000,1.000,1.000,1.000,1,102.0,102.0,804,804,0,0,0,0,3000,3000,115,0
17.64,climb_cruise,452.1,452.1,34995.3,180,-2.61,0.00,360.00,-2.67,15.0,125.0,0,0,-39.75,0.00,-0.00,0.124,0.000,-0.000,1.000,1.000,1.000,1.000,1,102.0,102.0,804,804,0,0,0,0,3000,3000,115,0
17.66,climb_cruise,452.1,452.1,34995.4,154,-3.34,0.00,360.00,-3.41,15.0,125.0,0,0,-32.43,0.00,-0.00,0.112,0.000,-0.000,1.000,1.000,1.000,1.000,1,102.0,102.0,804,804,0,0,0,0,3000,3000,114,0
17.68,climb_cruise,452.1,452.1,34995.5,124,-3.92,0.00,360.00,-3.98,15.0,125.0,0,0,-24.12,0.00,-0.00,0.098,0.000,-0.000,1.000,1.000,1.000,1.000,1,102.0,102.0,804,804,0,0,0,0,3000,3000,114,0
17.70,climb_cruise,452.1,452.1,34995.5,90,-4.33,0.00,360.00,-4.39,15.0,125.0,0,0,-15.19,0.00,0.00,0.082,0.000,-0.000,1.000,1.000,1.000,1.000,1,102.0,102.0,804,804,0,0,0,0,3000,3000,114,0
17.72,climb_cruise,452.1,452.1,34995.6,54,-4.56,0.00,360.00,-4.61,15.0,125.0,0,0,-5.99,0.00,0.00,0.064,0.000,-0.000,1.000,1.000,1.000,1.000,1,102.0,102.0,804,804,0,0,0,0,3000,3000,115,0
17.74,climb_cruise,452.1,452.1,34995.6,17,-4.61,0.00,360.00,-4.64,15.0,125.0,0,0,3.15,0.00,0.00,0.045,0.000,-0.000,1.000,1.000,1.000,1.000,1,102.0,102.0,804,804,0,0,0,0,3000,3000,114,0
17.76,climb_cruise,452.2,452.2,34995.6,-20,-4.47,0.00,360.00,-4.49,15.0,125.0,0,0,11.97,0.00,0.00,0.025,0.000,-0.000,1.000,1.000,1.000,1.000,1,102.0,102.0,804,804,0,0,0,0,3000,3000,115,0
17.78,climb_cruise,452.2,452.2,34995.5,-55,-4.16,0.00,360.00,-4.17,15.0,125.0,0,0,20.22,0.00,0.00,0.004,0.000,-0.000,1.000,1.000,1.000,1.000,1,102.0,102.0,804,804,0,0,0,0,3000,3000,116,0
17.80,climb_cruise,452.2,452.2,34995.5,-89,-3.69,0.00,360.00,-3.69,15.0,125.0,0,0,27.75,0.00,0.00,-0.017,0.000,-0.000,1.000,1.000,1.000,1.000,1,102.0,102.0,804,804,0,0,0,0,3000,3000,115,0
17.82,climb_cruise,452.2,452.2,34995.4,-119,-3.08,0.00,360.00,-3.07,15.0,125.0,0,0,34.42,0.00,0.00,-0.039,0.000,-0.000,1.000,1.000,1.000,1.000,1,102.0,102.0,804,804,0,0,0,0,3000,3000,114,0
17.84,climb_cruise,452.2,452.2,34995.3,-145,-2.34,0.00,360.00,-2.32,15.0,125.0,0,0,40.16,0.00,0.00,-0.061,0.000,-0.000,1.000,1.000,1.000,1.000,1,102.0,102.0,804,804,0,0,0,0,3000,3000,116,0
17.86,climb_cruise,452.2,452.2,34995.2,-167,-1.49,0.00,360.00,-1.47,15.0,125.0,0,0,44.94,0.00,0.00,-0.084,0.000,-0.000,1.000,1.000,1.000,1.000,1,102.0,102.0,804,804,0,0,0,0,3000,3000,116,0
17.88,climb_cruise,452.3,452.3,34995.1,-183,-0.56,0.00,360.00,-0.53,15.0,125.0,0,0,48.78,-0.00,0.00,-0.107,0.000,-0.000,1.000,1.000,1.000,1.000,1,102.0,102.0,804,804,0,0,0,0,3000,3000,115,0
17.90,climb_cruise,452.3,452.3,34995.0,-194,0.44,0.00,360.00,0.48,15.0,125.0,0,0,51.69,-0.00,0.00,-0.130,0.000,-0.000,1.000,1.000,1.000,1.000,1,102.0,102.0,804,804,0,0,0,0,3000,3000,114,0
17.92,climb_cruise,452.3,452.3,34994.9,-198,1.49,0.00,360.00,1.53,15.0,125.0,0,0,53.02,-0.00,0.00,-0.143,0.000,-0.000,1.000,1.000,1.000,1.000,1,102.0,102.0,804,804,0,0,0,0,3000,3000,115,0
17.94,climb_cruise,452.3,452.3,34994.8,-196,2.55,0.00,360.00,2.59,15.0,125.0,0,0,52.46,-0.00,0.00,-0.149,0.000,-0.000,1.000,1.000,1.000,1.000,1,102.0,102.0,804,804,0,0,0,0,3000,3000,116,0
17.96,climb_cruise,452.3,452.3,34994.7,-187,3.58,0.00,360.00,3.62,15.0,125.0,0,0,49.92,-0.00,0.00,-0.149,0.000,-0.000,1.000,1.000,1.000,1.000,1,102.0,102.0,804,804,0,0,0,0,3000,3000,116,0
17.98,climb_cruise,452.3,452.3,34994.5,-171,4.55,0.00,360.00,4.58,15.0,125.0,0,0,45.51,-0.00,0.00,-0.144,0.000,-0.000,1.000,1.000,1.000,1.000,1,102.0,102.0,804,804,0,0,0,0,3000,3000,115,0
18.00,climb_cruise,452.3,452.3,34994.4,-150,5.41,0.00,360.00,5.44,15.0,125.0,0,0,39.46,-0.00,0.00,-0.135,0.000,-0.000,1.000,1.000,1.000,1.000,1,102.0,102.0,804,804,0,0,0,0,3000,3000,115,0
18.02,climb_cruise,452.3,452.3,34994.4,-124,6.14,0.00,360.00,6.17,15.0,125.0,0,0,32.09,-0.00,0.00,-0.123,0.000,-0.000,1.000,1.000,1.000,1.000,1,102.0,102.0,804,804,0,0,0,0,3000,3000,115,0
18.04,climb_cruise,452.3,452.3,34994.3,-93,6.72,0.00,360.00,6.74,15.0,125.0,0,0,23.75,-0.00,0.00,-0.109,0.000,-0.000,1.000,1.000,1.000,1.000,1,102.0,102.0,804,804,0,0,0,0,3000,3000,116,0
18.06,climb_cruise,452.3,452.3,34994.3,-59,7.12,0.00,360.00,7.13,15.0,125.0,0,0,14.80,-0.00,0.00,-0.093,0.000,-0.000,1.000,1.000,1.000,1.000,1,102.0,102.0,804,804,0,0,0,0,3000,3000,115,0
18.08,climb_cruise,452.3,452.3,34994.2,-23,7.34,0.00,360.00,7.35,15.0,125.0,0,0,5.61,-0.00,0.00,-0.075,0.000,-0.000,1.000,1.000,1.000,1.000,1,102.0,102.0,804,804,0,0,0,0,3000,3000,114,0
18.10,climb_cruise,452.3,452.3,34994.2,14,7.37,0.00,360.00,7.37,15.0,125.0,0,0,-3.53,-0.00,-0.00,-0.056,0.000,-0.000,1.000,1.000,1.000,1.000,1,102.0,102.0,804,804,0,0,0,0,3000,3000,115,0
18.12,climb_cruise,452.2,452.2,34994.2,51,7.23,0.00,360.00,7.22,15.0,125.0,0,0,-12.32,-0.00,-0.00,-0.036,0.000,-0.000,1.000,1.000,1.000,1.000,1,102.0,102.0,804,804,0,0,0,0,3000,3000,116,0
18.14,climb_cruise,452.2,452.2,34994.3,87,6.91,0.00,360.00,6.89,15.0,125.0,0,0,-20.54,-0.00,-0.00,-0.016,0.000,-0.000,1.000,1.000,1.000,1.000,1,102.0,102.0,804,804,0,0,0,0,3000,3000,115,0
18.16,climb_cruise,452.2,452.2,34994.3,120,6.44,0.00,360.00,6.40,15.0,125.0,0,0,-28.03,-0.00,-0.00,0.006,0.000,-0.000,1.000,1.000,1.000,1.000,1,102.0,102.0,804,804,0,0,0,0,3000,3000,114,0
18.18,climb_cruise,452.2,452.2,34994.4,150,5.82,0.00,360.00,5.77,15.0,125.0,0,0,-34.65,-0.00,-0.00,0.028,0.000,-0.000,1.000,1.000,1.000,1.000,1,102.0,102.0,804,804,0,0,0,0,3000,3000,114,0
18.20,climb_cruise,452.2,452.2,34994.5,176,5.08,0.00,360.00,5.02,15.0,125.0,0,0,-40.35,-0.00,-0.00,0.050,0.000,-0.000,1.000,1.000,1.000,1.000,1,102.0,102.0,804,804,0,0,0,0,3000,3000,116,0
18.22,climb_cruise,452.2,452.2,34994.6,198,4.23,0.00,360.00,4.16,15.0,125.0,0,0,-45.09,-0.00,-0.00,0.073,0.000,-0.000,1.000,1.000,1.000,1.000,1,102.0,102.0,804,804,0,0,0,0,3000,3000,114,0
18.24,climb_cruise,452.2,452.2,34994.7,214,3.29,0.00,360.00,3.22,15.0,125.0,0,0,-48.89,0.00,-0.00,0.096,0.000,-0.000,1.000,1.000,1.000,1.000,1,102.0,102.0,804,804,0,0,0,0,3000,3000,115,0
18.26,climb_cruise,452.2,452.2,34994.9,224,2.29,0.00,360.00,2.21,15.0,125.0,0,0,-51.79,0.00,-0.00,0.119,0.000,-0.000,1.000,1.000,1.000,1.000,1,102.0,102.0,804,804,0,0,0,0,3000,3000,115,0
18.28,climb_cruise,452.2,452.2,34995.0,228,1.24,0.00,360.00,1.16,15.0,125.0,0,0,-53.14,0.00,-0.00,0.133,0.000,-0.000,1.000,1.000,1.000,1.000,1,102.0,102.0,804,804,0,0,0,0,3000,3000,115,0
18.30,climb_cruise,452.2,452.2,34995.1,225,0.17,0.00,360.00,0.10,15.0,125.0,0,0,-52.61,0.00,-0.00,0.139,0.000,-0.000,1.000,1.000,1.000,1.000,1,102.0,102.0,804,804,0,0,0,0,3000,3000,115,0
18.32,climb_cruise,452.2,452.2,34995.3,216,-0.86,0.00,360.00,-0.93,15.0,125.0,0,0,-50.11,0.00,-0.00,0.139,0.000,-0.000,1.000,1.000,1.000,1.000,1,102.0,102.0,804,804,0,0,0,0,3000,3000,115,0
18.34,climb_cruise,452.2,452.2,34995.4,201,-1.83,0.00,360.00,-1.90,15.0,125.0,0,0,-45.74,0.00,-0.00,0.134,0.000,-0.000,1.000,1.000,1.000,1.000,1,102.0,102.0,804,804,0,0,0,0,3000,3000,115,0
18.36,climb_cruise,452.3,452.3,34995.5,179,-2.70,0.00,360.00,-2.76,15.0,125.0,0,0,-39.73,0.00,-0.00,0.126,0.000,-0.000,1.000,1.000,1.000,1.000,1,102.0,102.0,804,804,0,0,0,0,3000,3000,116,0
18.38,climb_cruise,452.3,452.3,34995.6,152,-3.43,0.00,360.00,-3.50,15.0,125.0,0,0,-32.39,0.00,-0.00,0.114,0.000,-0.000,1.000,1.000,1.000,1.000,1,102.0,102.0,804,804,0,0,0,0,3000,3000,115,0
18.40,climb_cruise,452.3,452.3,34995.7,121,-4.02,0.00,360.00,-4.07,15.0,125.0,0,0,-24.07,0.00,-0.00,0.100,0.000,-0.000,1.000,1.000,1.000,1.000,1,102.0,102.0,804,804,0,0,0,0,3000,3000,116,0
18.42,climb_cruise,452.3,452.3,34995.7,87,-4.42,0.00,360.00,-4.47,15.0,125.0,0,0,-15.13,0.00,0.00,0.084,0.000,-0.000,1.000,1.000,1.000,1.000,1,102.0,102.0,804,804,0,0,0,0,3000,3000,116,0
18.44,climb_cruise,452.3,452.3,34995.8,51,-4.65,0.00,360.00,-4.69,15.0,125.0,0,0,-5.93,0.00,0.00,0.066,0.000,-0.000,1.000,1.000,1.000,1.000,1,102.0,102.0,804,804,0,0,0,0,3000,3000,114,0
18.46,climb_cruise,452.3,452.3,34995.8,13,-4.69,0.00,360.00,-4.73,15.0,125.0,0,0,3.21,0.00,0.00,0.047,0.000,-0.000,1.000,1.000,1.000,1.000,1,102.0,102.0,804,804,0,0,0,0,3000,3000,115,0
18.48,climb_cruise,452.3,452.3,34995.8,-24,-4.55,0.00,360.00,-4.58,15.0,125.0,0,0,12.02,0.00,0.00,0.027,0.000,-0.000,1.000,1.000,1.000,1.000,1,102.0,102.0,804,804,0,0,0,0,3000,3000,114,0
18.50,climb_cruise,452.3,452.3,34995.7,-60,-4.24,0.00,360.00,-4.25,15.0,125.0,0,0,20.27,0.00,0.00,0.007,0.000,-0.000,1.000,1.000,1.000,1.000,1,102.0,102.0,804,804,0,0,0,0,3000,3000,116,0
18.52,climb_cruise,452.4,452.4,34995.7,-94,-3.77,0.00,360.00,-3.77,15.0,125.0,0,0,27.79,0.00,0.00,-0.015,0.000,-0.000,1.000,1.000,1.000,1.000,1,102.0,102.0,804,804,0,0,0,0,3000,3000,116,0
18.54,climb_cruise,452.4,452.4,34995.6,-125,-3.16,0.00,360.00,-3.15,15.0,125.0,0,0,34.45,0.00,0.00,-0.037,0.000,-0.000,1.000,1.000,1.000,1.000,1,102.0,102.0,804,804,0,0,0,0,3000,3000,115,0
18.56,climb_cruise,452.4,452.4,34995.5,-152,-2.42,0.00,360.00,-2.40,15.0,125.0,0,0,40.18,0.00,0.00,-0.059,0.000,-0.000,1.000,1.000,1.000,1.000,1,102.0,102.0,804,804,0,0,0,0,3000,3000,115,0
18.58,climb_cruise,452.4,452.4,34995.4,-174,-1.58,0.00,360.00,-1.54,15.0,125.0,0,0,44.96,0.00,0.00,-0.082,0.000,-0.000,1.000,1.000,1.000,1.000,1,102.0,102.0,804,804,0,0,0,0,3000,3000,116,0
18.60,climb_cruise,452.4,452.4,34995.3,-190,-0.64,0.00,360.00,-0.60,15.0,125.0,0,0,48.79,-0.00,0.00,-0.105,0.000,-0.000,1.000,1.000,1.000,1.000,1,102.0,102.0,804,804,0,0,0,0,3000,3000,115,0
18.62,climb_cruise,452.5,452.5,34995.2,-201,0.36,0.00,360.00,0.41,15.0,125.0,0,0,51.72,-0.00,0.00,-0.128,0.000,-0.000,1.000,1.000,1.000,1.000,1,102.0,102.0,804,804,0,0,0,0,3000,3000,114,0
18.64,climb_cruise,452.5,452.5,34995.1,-206,1.41,0.00,360.00,1.46,15.0,125.0,0,0,53.09,-0.00,0.00,-0.142,0.000,-0.000,1.000,1.000,1.000,1.000,1,102.0,102.0,804,804,0,0,0,0,3000,3000,115,0
18.66,climb_cruise,452.5,452.5,34994.9,-204,2.47,0.00,360.00,2.52,15.0,125.0,0,0,52.58,-0.00,0.00,-0.148,0.000,-0.000,1.000,1.000,1.000,1.000,1,102.0,102.0,804,804,0,0,0,0,3000,3000,116,0
18.68,climb_cruise,452.5,452.5,34994.8,-195,3.51,0.00,360.00,3.55,15.0,125.0,0,0,50.09,-0.00,0.00,-0.148,0.000,-0.000,1.000,1.000,1.000,1.000,1,102.0,102.0,804,804,0,0,0,0,3000,3000,116,0
18.70,climb_cruise,452.5,452.5,34994.7,-180,4.48,0.00,360.00,4.52,15.0,125.0,0,0,45.73,-0.00,0.00,-0.143,0.000,-0.000,1.000,1.000,1.000,1.000,1,102.0,102.0,804,804,0,0,0,0,3000,3000,114,0
18.72,climb_cruise,452.5,452.5,34994.6,-159,5.34,0.00,360.00,5.39,15.0,125.0,0,0,39.72,-0.00,0.00,-0.135,0.000,-0.000,1.000,1.000,1.000,1.000,1,102.0,102.0,804,804,0,0,0,0,3000,3000,115,0
18.74,climb_cruise,452.5,452.5,34994.5,-133,6.08,0.00,360.00,6.12,15.0,125.0,0,0,32.38,-0.00,0.00,-0.123,0.000,-0.000,1.000,1.000,1.000,1.000,1,102.0,102.0,804,804,0,0,0,0,3000,3000,115,0
18.76,climb_cruise,452.5,452.5,34994.4,-103,6.66,0.00,360.00,6.69,15.0,125.0,0,0,24.05,-0.00,0.00,-0.109,0.000,-0.000,1.000,1.000,1.000,1.000,1,102.0,102.0,804,804,0,0,0,0,3000,3000,115,0
18.78,climb_cruise,452.5,452.5,34994.4,-69,7.07,0.00,360.00,7.10,15.0,125.0,0,0,15.11,-0.00,0.00,-0.093,0.000,-0.000,1.000,1.000,1.000,1.000,1,102.0,102.0,804,804,0,0,0,0,3000,3000,114,0
18.80,climb_cruise,452.5,452.5,34994.4,-33,7.29,0.00,360.00,7.31,15.0,125.0,0,0,5.91,-0.00,0.00,-0.075,0.000,-0.000,1.000,1.000,1.000,1.000,1,102.0,102.0,804,804,0,0,0,0,3000,3000,115,0
18.82,climb_cruise,452.4,452.4,34994.4,4,7.34,0.00,360.00,7.35,15.0,125.0,0,0,-3.23,-0.00,-0.00,-0.056,0.000,-0.000,1.000,1.000,1.000,1.000,1,102.0,102.0,804,804,0,0,0,0,3000,3000,115,0
18.84,climb_cruise,452.4,452.4,34994.4,41,7.20,0.00,360.00,7.20,15.0,125.0,0,0,-12.05,-0.00,-0.00,-0.036,0.000,-0.000,1.000,1.000,1.000,1.000,1,102.0,102.0,804,804,0,0,0,0,3000,3000,114,0
18.86,climb_cruise,452.4,452.4,34994.4,76,6.89,0.00,360.00,6.88,15.0,125.0,0,0,-20.30,-0.00,-0.00,-0.015,0.000,-0.000,1.000,1.000,1.000,1.000,1,102.0,102.0,804,804,0,0,0,0,3000,3000,115,0
18.88,climb_cruise,452.4,452.4,34994.5,110,6.42,0.00,360.00,6.39,15.0,125.0,0,0,-27.81,-0.00,-0.00,0.006,0.000,-0.000,1.000,1.000,1.000,1.000,1,102.0,102.0,804,804,0,0,0,0,3000,3000,116,0
18.90,climb_cruise,452.4,452.4,34994.5,140,5.80,0.00,360.00,5.77,15.0,125.0,0,0,-34.47,-0.00,-0.00,0.028,0.000,-0.000,1.000,1.000,1.000,1.000,1,102.0,102.0,804,804,0,0,0,0,3000,3000,116,0
18.92,climb_cruise,452.3,452.3,34994.6,166,5.06,0.00,360.00,5.02,15.0,125.0,0,0,-40.19,-0.00,-0.00,0.050,0.000,-0.000,1.000,1.000,1.000,1.000,1,102.0,102.0,804,804,0,0,0,0,3000,3000,114,0
18.94,climb_cruise,452.3,452.3,34994.7,187,4.22,0.00,360.00,4.16,15.0,125.0,0,0,-44.96,-0.00,-0.00,0.073,0.000,-0.000,1.000,1.000,1.000,1.000,1,102.0,102.0,804,804,0,0,0,0,3000,3000,116,0
18.96,climb_cruise,452.3,452.3,34994.9,203,3.28,0.00,360.00,3.22,15.0,125.0,0,0,-48.79,0.00,-0.00,0.096,0.000,-0.000,1.000,1.000,1.000,1.000,1,102.0,102.0,804,804,0,0,0,0,3000,3000,114,0
18.98,climb_cruise,452.4,452.4,34995.0,214,2.28,0.00,360.00,2.22,15.0,125.0,0,0,-51.69,0.00,-0.00,0.119,0.000,-0.000,1.000,1.000,1.000,1.000,1,102.0,102.0,804,804,0,0,0,0,3000,3000,116,0
19.00,climb_cruise,452.4,452.4,34995.1,218,1.23,0.00,360.00,1.17,15.0,125.0,0,0,-53.02,0.00,-0.00,0.132,0.000,-0.000,1.000,1.000,1.000,1.000,1,102.0,102.0,804,804,0,0,0,0,3000,3000,115,0
19.02,climb_cruise,452.4,452.4,34995.2,215,0.17,0.00,360.00,0.11,15.0,125.0,0,0,-52.45,0.00,-0.00,0.138,0.000,-0.000,1.000,1.000,1.000,1.000,1,102.0,102.0,804,804,0,0,0,0,3000,3000,116,0
19.04,climb_cruise,452.4,452.4,34995.4,206,-0.86,0.00,360.00,-0.92,15.0,125.0,0,0,-49.91,0.00,-0.00,0.138,0.000,-0.000,1.000,1.000,1.000,1.000,1,102.0,102.0,804,804,0,0,0,0,3000,3000,114,0
19.06,climb_cruise,452.4,452.4,34995.5,191,-1.83,0.00,360.00,-1.88,15.0,125.0,0,0,-45.50,0.00,-0.00,0.133,0.000,-0.000,1.000,1.000,1.000,1.000,1,102.0,102.0,804,804,0,0,0,0,3000,3000,116,0
19.08,climb_cruise,452.4,452.4,34995.6,169,-2.69,0.00,360.00,-2.74,15.0,125.0,0,0,-39.45,0.00,-0.00,0.124,0.000,-0.000,1.000,1.000,1.000,1.000,1,102.0,102.0,804,804,0,0,0,0,3000,3000,115,0
19.10,climb_cruise,452.4,452.4,34995.7,143,-3.42,0.00,360.00,-3.47,15.0,125.0,0,0,-32.08,0.00,-0.00,0.113,0.000,-0.000,1.000,1.000,1.000,1.000,1,102.0,102.0,804,804,0,0,0,0,3000,3000,115,0
19.12,climb_cruise,452.5,452.5,34995.7,112,-3.99,0.00,360.00,-4.04,15.0,125.0,0,0,-23.74,0.00,-0.00,0.098,0.000,-0.000,1.000,1.000,1.000,1.000,1,102.0,102.0,804,804,0,0,0,0,3000,3000,115,0
19.14,climb_cruise,452.5,452.5,34995.8,78,-4.39,0.00,360.00,-4.43,15.0,125.0,0,0,-14.80,0.00,0.00,0.082,0.000,-0.000,1.000,1.000,1.000,1.000,1,102.0,102.0,804,804,0,0,0,0,3000,3000,116,0
19.16,climb_cruise,452.5,452.5,34995.8,42,-4.61,0.00,360.00,-4.65,15.0,125.0,0,0,-5.60,0.00,0.00,0.065,0.000,-0.000,1.000,1.000,1.000,1.000,1,102.0,102.0,804,804,0,0,0,0,3000,3000,114,0
19.18,climb_cruise,452.5,452.5,34995.8,5,-4.65,0.00,360.00,-4.67,15.0,125.0,0,0,3.54,0.00,0.00,0.046,0.000,-0.000,1.000,1.000,1.000,1.000,1,102.0,102.0,804,804,0,0,0,0,3000,3000,114,0
19.20,climb_cruise,452.5,452.5,34995.8,-32,-4.51,0.00,360.00,-4.52,15.0,125.0,0,0,12.33,0.00,0.00,0.026,0.000,-0.000,1.000,1.000,1.000,1.000,1,102.0,102.0,804,804,0,0,0,0,3000,3000,116,0
19.22,climb_cruise,452.5,452.5,34995.8,-68,-4.19,0.00,360.00,-4.19,15.0,125.0,0,0,20.56,0.00,0.00,0.005,0.000,-0.000,1.000,1.000,1.000,1.000,1,102.0,102.0,804,804,0,0,0,0,3000,3000,114,0
19.24,climb_cruise,452.5,452.5,34995.7,-102,-3.71,0.00,360.00,-3.70,15.0,125.0,0,0,28.05,0.00,0.00,-0.017,0.000,-0.000,1.000,1.000,1.000,1.000,1,102.0,102.0,804,804,0,0,0,0,3000,3000,115,0
19.26,climb_cruise,452.6,452.6,34995.7,-132,-3.09,0.00,360.00,-3.07,15.0,125.0,0,0,34.68,0.00,0.00,-0.039,0.000,-0.000,1.000,1.000,1.000,1.000,1,102.0,102.0,804,804,0,0,0,0,3000,3000,115,0
19.28,climb_cruise,452.6,452.6,34995.6,-158,-2.35,0.00,360.00,-2.32,15.0,125.0,0,0,40.38,0.00,0.00,-0.061,0.000,-0.000,1.000,1.000,1.000,1.000,1,102.0,102.0,804,804,0,0,0,0,3000,3000,116,0
19.30,climb_cruise,452.6,452.6,34995.5,-180,-1.50,0.00,360.00,-1.46,15.0,125.0,0,0,45.12,0.00,0.00,-0.084,0.000,-0.000,1.000,1.000,1.000,1.000,1,102.0,102.0,804,804,0,0,0,0,3000,3000,114,0
19.32,climb_cruise,452.6,452.6,34995.4,-196,-0.56,0.00,360.00,-0.52,15.0,125.0,0,0,48.92,-0.00,0.00,-0.107,0.000,-0.000,1.000,1.000,1.000,1.000,1,102.0,102.0,804,804,0,0,0,0,3000,3000,115,0
19.34,climb_cruise,452.6,452.6,34995.2,-206,0.44,0.00,360.00,0.49,15.0,125.0,0,0,51.82,-0.00,0.00,-0.130,0.000,-0.000,1.000,1.000,1.000,1.000,1,102.0,102.0,804,804,0,0,0,0,3000,3000,115,0
19.36,climb_cruise,452.7,452.7,34995.1,-210,1.49,0.00,360.00,1.54,15.0,125.0,0,0,53.17,-0.00,0.00,-0.143,0.000,-0.000,1.000,1.000,1.000,1.000,1,102.0,102.0,804,804,0,0,0,0,3000,3000,116,0
19.38,climb_cruise,452.7,452.7,34995.0,-208,2.56,0.00,360.00,2.61,15.0,125.0,0,0,52.63,-0.00,0.00,-0.150,0.000,-0.000,1.000,1.000,1.000,1.000,1,102.0,102.0,804,804,0,0,0,0,3000,3000,115,0
19.40,climb_cruise,452.7,452.7,34994.9,-199,3.59,0.00,360.00,3.64,15.0,125.0,0,0,50.12,-0.00,0.00,-0.150,0.000,-0.000,1.000,1.000,1.000,1.000,1,102.0,102.0,804,804,0,0,0,0,3000,3000,115,0
19.42,climb_cruise,452.7,452.7,34994.7,-183,4.56,0.00,360.00,4.61,15.0,125.0,0,0,45.73,-0.00,0.00,-0.145,0.000,-0.000,1.000,1.000,1.000,1.000,1,102.0,102.0,804,804,0,0,0,0,3000,3000,115,0
19.44,climb_cruise,452.7,452.7,34994.6,-162,5.43,0.00,360.00,5.47,15.0,125.0,0,0,39.71,-0.00,0.00,-0.137,0.000,-0.000,1.000,1.000,1.000,1.000,1,102.0,102.0,804,804,0,0,0,0,3000,3000,116,0
19.46,climb_cruise,452.7,452.7,34994.6,-135,6.16,0.00,360.00,6.20,15.0,125.0,0,0,32.35,-0.00,0.00,-0.125,0.000,-0.000,1.000,1.000,1.000,1.000,1,102.0,102.0,804,804,0,0,0,0,3000,3000,116,0
19.48,climb_cruise,452.7,452.7,34994.5,-104,6.74,0.00,360.00,6.78,15.0,125.0,0,0,24.02,-0.00,0.00,-0.111,0.000,-0.000,1.000,1.000,1.000,1.000,1,102.0,102.0,804,804,0,0,0,0,3000,3000,115,0
19.50,climb_cruise,452.6,452.6,34994.4,-70,7.15,0.00,360.00,7.18,15.0,125.0,0,0,15.07,-0.00,0.00,-0.095,0.000,-0.000,1.000,1.000,1.000,1.000,1,102.0,102.0,804,804,0,0,0,0,3000,3000,115,0
19.52,climb_cruise,452.6,452.6,34994.4,-33,7.38,0.00,360.00,7.40,15.0,125.0,0,0,5.87,-0.00,0.00,-0.077,0.000,-0.000,1.000,1.000,1.000,1.000,1,102.0,102.0,804,804,0,0,0,0,3000,3000,115,0
19.54,climb_cruise,452.6,452.6,34994.4,4,7.42,0.00,360.00,7.43,15.0,125.0,0,0,-3.28,-0.00,-0.00,-0.058,0.000,-0.000,1.000,1.000,1.000,1.000,1,102.0,102.0,804,804,0,0,0,0,3000,3000,116,0
19.56,climb_cruise,452.6,452.6,34994.4,42,7.28,0.00,360.00,7.28,15.0,125.0,0,0,-12.09,-0.00,-0.00,-0.038,0.000,-0.000,1.000,1.000,1.000,1.000,1,102.0,102.0,804,804,0,0,0,0,3000,3000,115,0
19.58,climb_cruise,452.6,452.6,34994.5,78,6.97,0.00,360.00,6.95,15.0,125.0,0,0,-20.33,-0.00,-0.00,-0.017,0.000,-0.000,1.000,1.000,1.000,1.000,1,102.0,102.0,804,804,0,0,0,0,3000,3000,115,0
19.60,climb_cruise,452.5,452.5,34994.5,111,6.49,0.00,360.00,6.47,15.0,125.0,0,0,-27.84,-0.00,-0.00,0.004,0.000,-0.000,1.000,1.000,1.000,1.000,1,102.0,102.0,804,804,0,0,0,0,3000,3000,116,0
19.62,climb_cruise,452.5,452.5,34994.6,142,5.88,0.00,360.00,5.84,15.0,125.0,0,0,-34.49,-0.00,-0.00,0.026,0.000,-0.000,1.000,1.000,1.000,1.000,1,102.0,102.0,804,804,0,0,0,0,3000,3000,116,0
19.64,climb_cruise,452.5,452.5,34994.7,169,5.14,0.00,360.00,5.09,15.0,125.0,0,0,-40.21,-0.00,-0.00,0.048,0.000,-0.000,1.000,1.000,1.000,1.000,1,102.0,102.0,804,804,0,0,0,0,3000,3000,115,0
19.66,climb_cruise,452.5,452.5,34994.8,191,4.29,0.00,360.00,4.24,15.0,125.0,0,0,-44.97,-0.00,-0.00,0.071,0.000,-0.000,1.000,1.000,1.000,1.000,1,102.0,102.0,804,804,0,0,0,0,3000,3000,116,0
19.68,climb_cruise,452.5,452.5,34994.9,207,3.36,0.00,360.00,3.30,15.0,125.0,0,0,-48.79,0.00,-0.00,0.094,0.000,-0.000,1.000,1.000,1.000,1.000,1,102.0,102.0,804,804,0,0,0,0,3000,3000,115,0
19.70,climb_cruise,452.5,452.5,34995.0,218,2.36,0.00,360.00,2.29,15.0,125.0,0,0,-51.71,0.00,-0.00,0.117,0.000,-0.000,1.000,1.000,1.000,1.000,1,102.0,102.0,804,804,0,0,0,0,3000,3000,116,0
19.72,climb_cruise,452.5,452.5,34995.2,222,1.31,0.00,360.00,1.24,15.0,125.0,0,0,-53.08,0.00,-0.00,0.131,0.000,-0.000,1.000,1.000,1.000,1.000,1,102.0,102.0,804,804,0,0,0,0,3000,3000,115,0
19.74,climb_cruise,452.5,452.5,34995.3,220,0.24,0.00,360.00,0.18,15.0,125.0,0,0,-52.56,0.00,-0.00,0.137,0.000,-0.000,1.000,1.000,1.000,1.000,1,102.0,102.0,804,804,0,0,0,0,3000,3000,114,0
19.76,climb_cruise,452.6,452.6,34995.4,212,-0.79,0.00,360.00,-0.85,15.0,125.0,0,0,-50.06,0.00,-0.00,0.137,0.000,-0.000,1.000,1.000,1.000,1.000,1,102.0,102.0,804,804,0,0,0,0,3000,3000,115,0
19.78,climb_cruise,452.6,452.6,34995.5,197,-1.76,0.00,360.00,-1.82,15.0,125.0,0,0,-45.69,0.00,-0.00,0.132,0.000,-0.000,1.000,1.000,1.000,1.000,1,102.0,102.0,804,804,0,0,0,0,3000,3000,115,0
19.80,climb_cruise,452.6,452.6,34995.6,176,-2.62,0.00,360.00,-2.69,15.0,125.0,0,0,-39.68,0.00,-0.00,0.124,0.000,-0.000,1.000,1.000,1.000,1.000,1,102.0,102.0,804,804,0,0,0,0,3000,3000,116,0
19.82,climb_cruise,452.6,452.6,34995.7,149,-3.36,0.00,360.00,-3.42,15.0,125.0,0,0,-32.34,0.00,-0.00,0.112,0.000,-0.000,1.000,1.000,1.000,1.000,1,102.0,102.0,804,804,0,0,0,0,3000,3000,114,0
19.84,climb_cruise,452.6,452.6,34995.8,119,-3.94,0.00,360.00,-3.99,15.0,125.0,0,0,-24.02,0.00,-0.00,0.098,0.000,-0.000,1.000,1.000,1.000,1.000,1,102.0,102.0,804,804,0,0,0,0,3000,3000,116,0
19.86,climb_cruise,452.6,452.6,34995.9,85,-4.35,0.00,360.00,-4.39,15.0,125.0,0,0,-15.08,0.00,0.00,0.082,0.000,-0.000,1.000,1.000,1.000,1.000,1,102.0,102.0,804,804,0,0,0,0,3000,3000,116,0
19.88,climb_cruise,452.7,452.7,34995.9,49,-4.57,0.00,360.00,-4.61,15.0,125.0,0,0,-5.87,0.00,0.00,0.064,0.000,-0.000,1.000,1.000,1.000,1.000,1,102.0,102.0,804,804,0,0,0,0,3000,3000,116,0
19.90,climb_cruise,452.7,452.7,34995.9,12,-4.61,0.00,360.00,-4.64,15.0,125.0,0,0,3.28,0.00,0.00,0.045,0.000,-0.000,1.000,1.000,1.000,1.000,1,102.0,102.0,804,804,0,0,0,0,3000,3000,115,0
19.92,climb_cruise,452.7,452.7,34995.9,-25,-4.47,0.00,360.00,-4.49,15.0,125.0,0,0,12.09,0.00,0.00,0.025,0.000,-0.000,1.000,1.000,1.000,1.000,1,102.0,102.0,804,804,0,0,0,0,3000,3000,116,0
19.94,climb_cruise,452.7,452.7,34995.9,-60,-4.16,0.00,360.00,-4.17,15.0,125.0,0,0,20.34,0.00,0.00,0.005,0.000,-0.000,1.000,1.000,1.000,1.000,1,102.0,102.0,804,804,0,0,0,0,3000,3000,115,0
19.96,climb_cruise,452.7,452.7,34995.8,-94,-3.69,0.00,360.00,-3.69,15.0,125.0,0,0,27.86,0.00,0.00,-0.017,0.000,-0.000,1.000,1.000,1.000,1.000,1,102.0,102.0,804,804,0,0,0,0,3000,3000,115,0
19.98,climb_cruise,452.7,452.7,34995.7,-124,-3.08,0.00,360.00,-3.06,15.0,125.0,0,0,34.51,0.00,0.00,-0.039,0.000,-0.000,1.000,1.000,1.000,1.000,1,102.0,102.0,804,804,0,0,0,0,3000,3000,114,0
20.00,climb_cruise,452.7,452.7,34995.7,-150,-2.33,0.00,360.00,-2.31,15.0,125.0,0,0,40.24,0.00,0.00,-0.061,0.000,-0.000,1.000,1.000,1.000,1.000,1,102.0,102.0,804,804,0,0,0,0,3000,3000,115,0
20.02,climb_cruise,452.8,452.8,34995.6,-171,-1.49,0.00,360.00,-1.45,15.0,125.0,0,0,45.01,0.00,0.00,-0.084,0.000,-0.000,1.000,1.000,1.000,1.000,1,102.0,102.0,804,804,0,0,0,0,3000,3000,116,0
20.04,climb_cruise,452.8,452.8,34995.5,-188,-0.55,0.00,360.00,-0.51,15.0,125.0,0,0,48.84,-0.00,0.00,-0.107,0.000,-0.000,1.000,1.000,1.000,1.000,1,102.0,102.0,804,804,0,0,0,0,3000,3000,115,0
20.06,climb_cruise,452.8,452.8,34995.3,-198,0.45,0.00,360.00,0.49,15.0,125.0,0,0,51.73,-0.00,0.00,-0.129,0.000,-0.000,1.000,1.000,1.000,1.000,1,102.0,102.0,804,804,0,0,0,0,3000,3000,115,0
20.08,climb_cruise,452.8,452.8,34995.2,-202,1.50,0.00,360.00,1.54,15.0,125.0,0,0,53.05,-0.00,0.00,-0.143,0.000,-0.000,1.000,1.000,1.000,1.000,1,102.0,102.0,804,804,0,0,0,0,3000,3000,115,0
20.10,climb_cruise,452.8,452.8,34995.1,-199,2.56,0.00,360.00,2.60,15.0,125.0,0,0,52.47,-0.00,0.00,-0.149,0.000,-0.000,1.000,1.000,1.000,1.000,1,102.0,102.0,804,804,0,0,0,0,3000,3000,115,0
20.12,climb_cruise,452.9,452.9,34995.0,-190,3.59,0.00,360.00,3.63,15.0,125.0,0,0,49.91,-0.00,0.00,-0.149,0.000,-0.000,1.000,1.000,1.000,1.000,1,102.0,102.0,804,804,0,0,0,0,3000,3000,116,0
20.14,climb_cruise,452.9,452.9,34994.9,-175,4.56,0.00,360.00,4.60,15.0,125.0,0,0,45.48,-0.00,0.00,-0.144,0.000,-0.000,1.000,1.000,1.000,1.000,1,102.0,102.0,804,804,0,0,0,0,3000,3000,116,0
20.16,climb_cruise,452.9,452.9,34994.8,-153,5.42,0.00,360.00,5.46,15.0,125.0,0,0,39.42,-0.00,0.00,-0.135,0.000,-0.000,1.000,1.000,1.000,1.000,1,102.0,102.0,804,804,0,0,0,0,3000,3000,115,0
20.18,climb_cruise,452.8,452.8,34994.7,-127,6.15,0.00,360.00,6.18,15.0,125.0,0,0,32.03,-0.00,0.00,-0.123,0.000,-0.000,1.000,1.000,1.000,1.000,1,102.0,102.0,804,804,0,0,0,0,3000,3000,114,0
20.20,climb_cruise,452.8,452.8,34994.6,-96,6.72,0.00,360.00,6.75,15.0,125.0,0,0,23.68,-0.00,0.00,-0.109,0.000,-0.000,1.000,1.000,1.000,1.000,1,102.0,102.0,804,804,0,0,0,0,3000,3000,115,0
20.22,climb_cruise,452.8,452.8,34994.6,-62,7.12,0.00,360.00,7.14,15.0,125.0,0,0,14.73,-0.00,0.00,-0.093,0.000,-0.000,1.000,1.000,1.000,1.000,1,102.0,102.0,804,804,0,0,0,0,3000,3000,114,0
20.24,climb_cruise,452.8,452.8,34994.5,-25,7.34,0.00,360.00,7.35,15.0,125.0,0,0,5.52,-0.00,-0.00,-0.075,0.000,-0.000,1.000,1.000,1.000,1.000,1,102.0,102.0,804,804,0,0,0,0,3000,3000,115,0
20.26,climb_cruise,452.8,452.8,34994.5,12,7.38,0.00,360.00,7.38,15.0,125.0,0,0,-3.61,-0.00,-0.00,-0.056,0.000,-0.000,1.000,1.000,1.000,1.000,1,102.0,102.0,804,804,0,0,0,0,3000,3000,115,0
20.28,climb_cruise,452.7,452.7,34994.5,49,7.23,0.00,360.00,7.22,15.0,125.0,0,0,-12.41,-0.00,-0.00,-0.036,0.000,-0.000,1.000,1.000,1.000,1.000,1,102.0,102.0,804,804,0,0,0,0,3000,3000,115,0
20.30,climb_cruise,452.7,452.7,34994.6,85,6.91,0.00,360.00,6.89,15.0,125.0,0,0,-20.63,-0.00,-0.00,-0.015,0.000,-0.000,1.000,1.000,1.000,1.000,1,102.0,102.0,804,804,0,0,0,0,3000,3000,115,0
20.32,climb_cruise,452.7,452.7,34994.6,118,6.44,0.00,360.00,6.40,15.0,125.0,0,0,-28.11,-0.00,-0.00,0.006,0.000,-0.000,1.000,1.000,1.000,1.000,1,102.0,102.0,804,804,0,0,0,0,3000,3000,115,0
20.34,climb_cruise,452.7,452.7,34994.7,149,5.82,0.00,360.00,5.77,15.0,125.0,0,0,-34.72,-0.00,-0.00,0.028,0.000,-0.000,1.000,1.000,1.000,1.000,1,102.0,102.0,804,804,0,0,0,0,3000,3000,114,0
20.36,climb_cruise,452.7,452.7,34994.8,175,5.07,0.00,360.00,5.02,15.0,125.0,0,0,-40.41,-0.00,-0.00,0.050,0.000,-0.000,1.000,1.000,1.000,1.000,1,102.0,102.0,804,804,0,0,0,0,3000,3000,116,0
20.38,climb_cruise,452.7,452.7,34994.9,196,4.22,0.00,360.00,4.16,15.0,125.0,0,0,-45.14,-0.00,-0.00,0.073,0.000,-0.000,1.000,1.000,1.000,1.000,1,102.0,102.0,804,804,0,0,0,0,3000,3000,115,0
20.40,climb_cruise,452.7,452.7,34995.0,212,3.28,0.00,360.00,3.21,15.0,125.0,0,0,-48.92,0.00,-0.00,0.096,0.000,-0.000,1.000,1.000,1.000,1.000,1,102.0,102.0,804,804,0,0,0,0,3000,3000,116,0
20.42,climb_cruise,452.7,452.7,34995.2,223,2.28,0.00,360.00,2.21,15.0,125.0,0,0,-51.81,0.00,-0.00,0.119,0.000,-0.000,1.000,1.000,1.000,1.000,1,102.0,102.0,804,804,0,0,0,0,3000,3000,115,0
20.44,climb_cruise,452.7,452.7,34995.3,227,1.23,0.00,360.00,1.16,15.0,125.0,0,0,-53.15,0.00,-0.00,0.133,0.000,-0.000,1.000,1.000,1.000,1.000,1,102.0,102.0,804,804,0,0,0,0,3000,3000,115,0
20.46,climb_cruise,452.7,452.7,34995.4,224,0.16,0.00,360.00,0.09,15.0,125.0,0,0,-52.60,0.00,-0.00,0.139,0.000,-0.000,1.000,1.000,1.000,1.000,1,102.0,102.0,804,804,0,0,0,0,3000,3000,115,0
20.48,climb_cruise,452.7,452.7,34995.6,215,-0.87,0.00,360.00,-0.94,15.0,125.0,0,0,-50.08,0.00,-0.00,0.139,0.000,-0.000,1.000,1.000,1.000,1.000,1,102.0,102.0,804,804,0,0,0,0,3000,3000,115,0
20.50,climb_cruise,452.8,452.8,34995.7,200,-1.84,0.00,360.00,-1.91,15.0,125.0,0,0,-45.69,0.00,-0.00,0.134,0.000,-0.000,1.000,1.000,1.000,1.000,1,102.0,102.0,804,804,0,0,0,0,3000,3000,115,0
20.52,climb_cruise,452.8,452.8,34995.8,178,-2.71,0.00,360.00,-2.77,15.0,125.0,0,0,-39.67,0.00,-0.00,0.126,0.000,-0.000,1.000,1.000,1.000,1.000,1,102.0,102.0,804,804,0,0,0,0,3000,3000,115,0
20.54,climb_cruise,452.8,452.8,34995.9,151,-3.44,0.00,360.00,-3.50,15.0,125.0,0,0,-32.31,0.00,-0.00,0.114,0.000,-0.000,1.000,1.000,1.000,1.000,1,102.0,102.0,804,804,0,0,0,0,3000,3000,115,0
20.56,climb_cruise,452.8,452.8,34996.0,120,-4.02,0.00,360.00,-4.08,15.0,125.0,0,0,-23.98,0.00,-0.00,0.100,0.000,-0.000,1.000,1.000,1.000,1.000,1,102.0,102.0,804,804,0,0,0,0,3000,3000,116,0
20.58,climb_cruise,452.8,452.8,34996.0,86,-4.43,0.00,360.00,-4.47,15.0,125.0,0,0,-15.03,0.00,0.00,0.084,0.000,-0.000,1.000,1.000,1.000,1.000,1,102.0,102.0,804,804,0,0,0,0,3000,3000,116,0
20.60,climb_cruise,452.8,452.8,34996.1,50,-4.65,0.00,360.00,-4.69,15.0,125.0,0,0,-5.82,0.00,0.00,0.066,0.000,-0.000,1.000,1.000,1.000,1.000,1,102.0,102.0,804,804,0,0,0,0,3000,3000,115,0
20.62,climb_cruise,452.8,452.8,34996.1,12,-4.69,0.00,360.00,-4.72,15.0,125.0,0,0,3.33,0.00,0.00,0.047,0.000,-0.000,1.000,1.000,1.000,1.000,1,102.0,102.0,804,804,0,0,0,0,3000,3000,114,0
20.64,climb_cruise,452.8,452.8,34996.1,-25,-4.55,0.00,360.00,-4.57,15.0,125.0,0,0,12.14,0.00,0.00,0.027,0.000,-0.000,1.000,1.000,1.000,1.000,1,102.0,102.0,804,804,0,0,0,0,3000,3000,114,0
20.66,climb_cruise,452.9,452.9,34996.0,-61,-4.24,0.00,360.00,-4.25,15.0,125.0,0,0,20.38,0.00,0.00,0.007,0.000,-0.000,1.000,1.000,1.000,1.000,1,102.0,102.0,804,804,0,0,0,0,3000,3000,115,0
20.68,climb_cruise,452.9,452.9,34996.0,-95,-3.77,0.00,360.00,-3.76,15.0,125.0,0,0,27.89,0.00,0.00,-0.015,0.000,-0.000,1.000,1.000,1.000,1.000,1,102.0,102.0,804,804,0,0,0,0,3000,3000,114,0
20.70,climb_cruise,452.9,452.9,34995.9,-125,-3.15,0.00,360.00,-3.13,15.0,125.0,0,0,34.54,0.00,0.00,-0.037,0.000,-0.000,1.000,1.000,1.000,1.000,1,102.0,102.0,804,804,0,0,0,0,3000,3000,114,0
20.72,climb_cruise,452.9,452.9,34995.8,-152,-2.41,0.00,360.00,-2.38,15.0,125.0,0,0,40.26,0.00,0.00,-0.059,0.000,-0.000,1.000,1.000,1.000,1.000,1,102.0,102.0,804,804,0,0,0,0,3000,3000,114,0
20.74,climb_cruise,452.9,452.9,34995.7,-174,-1.56,0.00,360.00,-1.53,15.0,125.0,0,0,45.02,0.00,0.00,-0.082,0.000,-0.000,1.000,1.000,1.000,1.000,1,102.0,102.0,804,804,0,0,0,0,3000,3000,115,0
20.76,climb_cruise,453.0,453.0,34995.6,-190,-0.62,0.00,360.00,-0.58,15.0,125.0,0,0,48.84,-0.00,0.00,-0.105,0.000,-0.000,1.000,1.000,1.000,1.000,1,102.0,102.0,804,804,0,0,0,0,3000,3000,114,0
20.78,climb_cruise,453.0,453.0,34995.5,-201,0.38,0.00,360.00,0.42,15.0,125.0,0,0,51.76,-0.00,0.00,-0.128,0.000,-0.000,1.000,1.000,1.000,1.000,1,102.0,102.0,804,804,0,0,0,0,3000,3000,115,0
20.80,climb_cruise,453.0,453.0,34995.4,-206,1.43,0.00,360.00,1.47,15.0,125.0,0,0,53.11,-0.00,0.00,-0.141,0.000,-0.000,1.000,1.000,1.000,1.000,1,102.0,102.0,804,804,0,0,0,0,3000,3000,115,0
20.82,climb_cruise,453.0,453.0,34995.2,-203,2.49,0.00,360.00,2.54,15.0,125.0,0,0,52.58,-0.00,0.00,-0.148,0.000,-0.000,1.000,1.000,1.000,1.000,1,102.0,102.0,804,804,0,0,0,0,3000,3000,115,0
20.84,climb_cruise,453.0,453.0,34995.1,-195,3.53,0.00,360.00,3.57,15.0,125.0,0,0,50.07,-0.00,0.00,-0.148,0.000,-0.000,1.000,1.000,1.000,1.000,1,102.0,102.0,804,804,0,0,0,0,3000,3000,116,0
20.86,climb_cruise,453.0,453.0,34995.0,-179,4.49,0.00,360.00,4.54,15.0,125.0,0,0,45.69,-0.00,0.00,-0.143,0.000,-0.000,1.000,1.000,1.000,1.000,1,102.0,102.0,804,804,0,0,0,0,3000,3000,114,0
20.88,climb_cruise,453.0,453.0,34994.9,-158,5.36,0.00,360.00,5.40,15.0,125.0,0,0,39.67,-0.00,0.00,-0.135,0.000,-0.000,1.000,1.000,1.000,1.000,1,102.0,102.0,804,804,0,0,0,0,3000,3000,115,0
20.90,climb_cruise,453.0,453.0,34994.8,-132,6.10,0.00,360.00,6.13,15.0,125.0,0,0,32.31,-0.00,0.00,-0.123,0.000,-0.000,1.000,1.000,1.000,1.000,1,102.0,102.0,804,804,0,0,0,0,3000,3000,114,0
20.92,climb_cruise,453.0,453.0,34994.7,-101,6.67,0.00,360.00,6.71,15.0,125.0,0,0,23.97,-0.00,0.00,-0.109,0.000,-0.000,1.000,1.000,1.000,1.000,1,102.0,102.0,804,804,0,0,0,0,3000,3000,115,0
20.94,climb_cruise,453.0,453.0,34994.7,-67,7.08,0.00,360.00,7.11,15.0,125.0,0,0,15.02,-0.00,0.00,-0.093,0.000,-0.000,1.000,1.000,1.000,1.000,1,102.0,102.0,804,804,0,0,0,0,3000,3000,116,0
20.96,climb_cruise,453.0,453.0,34994.7,-31,7.30,0.00,360.00,7.32,15.0,125.0,0,0,5.81,-0.00,-0.00,-0.075,0.000,-0.000,1.000,1.000,1.000,1.000,1,102.0,102.0,804,804,0,0,0,0,3000,3000,116,0
20.98,climb_cruise,452.9,452.9,34994.7,6,7.34,0.00,360.00,7.35,15.0,125.0,0,0,-3.34,-0.00,-0.00,-0.056,0.000,-0.000,1.000,1.000,1.000,1.000,1,102.0,102.0,804,804,0,0,0,0,3000,3000,115,0
21.00,climb_cruise,452.9,452.9,34994.7,43,7.20,0.00,360.00,7.20,15.0,125.0,0,0,-12.15,-0.00,-0.00,-0.036,0.000,-0.000,1.000,1.000,1.000,1.000,1,102.0,102.0,804,804,0,0,0,0,3000,3000,114,0
21.02,climb_cruise,452.9,452.9,34994.7,79,6.89,0.00,360.00,6.88,15.0,125.0,0,0,-20.39,-0.00,-0.00,-0.015,0.000,-0.000,1.000,1.000,1.000,1.000,1,102.0,102.0,804,804,0,0,0,0,3000,3000,115,0
21.04,climb_cruise,452.9,452.9,34994.8,112,6.42,0.00,360.00,6.39,15.0,125.0,0,0,-27.90,-0.00,-0.00,0.006,0.000,-0.000,1.000,1.000,1.000,1.000,1,102.0,102.0,804,804,0,0,0,0,3000,3000,114,0
21.06,climb_cruise,452.9,452.9,34994.8,143,5.80,0.00,360.00,5.77,15.0,125.0,0,0,-34.55,-0.00,-0.00,0.028,0.000,-0.000,1.000,1.000,1.000,1.000,1,102.0,102.0,804,804,0,0,0,0,3000,3000,115,0
21.08,climb_cruise,452.9,452.9,34994.9,169,5.06,0.00,360.00,5.01,15.0,125.0,0,0,-40.26,-0.00,-0.00,0.050,0.000,-0.000,1.000,1.000,1.000,1.000,1,102.0,102.0,804,804,0,0,0,0,3000,3000,115,0
21.10,climb_cruise,452.9,452.9,34995.0,190,4.21,0.00,360.00,4.16,15.0,125.0,0,0,-45.02,-0.00,-0.00,0.073,0.000,-0.000,1.000,1.000,1.000,1.000,1,102.0,102.0,804,804,0,0,0,0,3000,3000,115,0
21.12,climb_cruise,452.9,452.9,34995.2,207,3.28,0.00,360.00,3.22,15.0,125.0,0,0,-48.83,0.00,-0.00,0.096,0.000,-0.000,1.000,1.000,1.000,1.000,1,102.0,102.0,804,804,0,0,0,0,3000,3000,115,0
21.14,climb_cruise,452.9,452.9,34995.3,217,2.27,0.00,360.00,2.21,15.0,125.0,0,0,-51.74,0.00,-0.00,0.119,0.000,-0.000,1.000,1.000,1.000,1.000,1,102.0,102.0,804,804,0,0,0,0,3000,3000,115,0
21.16,climb_cruise,452.9,452.9,34995.4,221,1.22,0.00,360.00,1.16,15.0,125.0,0,0,-53.08,0.00,-0.00,0.133,0.000,-0.000,1.000,1.000,1.000,1.000,1,102.0,102.0,804,804,0,0,0,0,3000,3000,116,0
21.18,climb_cruise,452.9,452.9,34995.5,219,0.16,0.00,360.00,0.10,15.0,125.0,0,0,-52.54,0.00,-0.00,0.139,0.000,-0.000,1.000,1.000,1.000,1.000,1,102.0,102.0,804,804,0,0,0,0,3000,3000,116,0
21.20,climb_cruise,452.9,452.9,34995.7,209,-0.87,0.00,360.00,-0.93,15.0,125.0,0,0,-50.02,0.00,-0.00,0.139,0.000,-0.000,1.000,1.000,1.000,1.000,1,102.0,102.0,804,804,0,0,0,0,3000,3000,116,0
21.22,climb_cruise,452.9,452.9,34995.8,194,-1.84,0.00,360.00,-1.90,15.0,125.0,0,0,-45.62,0.00,-0.00,0.134,0.000,-0.000,1.000,1.000,1.000,1.000,1,102.0,102.0,804,804,0,0,0,0,3000,3000,115,0
21.24,climb_cruise,452.9,452.9,34995.9,173,-2.70,0.00,360.00,-2.76,15.0,125.0,0,0,-39.59,0.00,-0.00,0.125,0.000,-0.000,1.000,1.000,1.000,1.000,1,102.0,102.0,804,804,0,0,0,0,3000,3000,114,0
21.26,climb_cruise,453.0,453.0,34996.0,146,-3.43,0.00,360.00,-3.49,15.0,125.0,0,0,-32.23,0.00,-0.00,0.114,0.000,-0.000,1.000,1.000,1.000,1.000,1,102.0,102.0,804,804,0,0,0,0,3000,3000,116,0
21.28,climb_cruise,453.0,453.0,34996.1,115,-4.01,0.00,360.00,-4.06,15.0,125.0,0,0,-23.89,0.00,-0.00,0.100,0.000,-0.000,1.000,1.000,1.000,1.000,1,102.0,102.0,804,804,0,0,0,0,3000,3000,116,0
21.30,climb_cruise,453.0,453.0,34996.1,81,-4.42,0.00,360.00,-4.46,15.0,125.0,0,0,-14.94,0.00,0.00,0.084,0.000,-0.000,1.000,1.000,1.000,1.000,1,102.0,102.0,804,804,0,0,0,0,3000,3000,115,0
21.32,climb_cruise,453.0,453.0,34996.1,45,-4.64,0.00,360.00,-4.67,15.0,125.0,0,0,-5.73,0.00,0.00,0.066,0.000,-0.000,1.000,1.000,1.000,1.000,1,102.0,102.0,804,804,0,0,0,0,3000,3000,115,0
21.34,climb_cruise,453.0,453.0,34996.2,7,-4.68,0.00,360.00,-4.70,15.0,125.0,0,0,3.41,0.00,0.00,0.047,0.000,-0.000,1.000,1.000,1.000,1.000,1,102.0,102.0,804,804,0,0,0,0,3000,3000,116,0
21.36,climb_cruise,453.0,453.0,34996.1,-30,-4.54,0.00,360.00,-4.55,15.0,125.0,0,0,12.22,0.00,0.00,0.027,0.000,-0.000,1.000,1.000,1.000,1.000,1,102.0,102.0,804,804,0,0,0,0,3000,3000,115,0
21.38,climb_cruise,453.0,453.0,34996.1,-66,-4.22,0.00,360.00,-4.22,15.0,125.0,0,0,20.47,0.00,0.00,0.006,0.000,-0.000,1.000,1.000,1.000,1.000,1,102.0,102.0,804,804,0,0,0,0,3000,3000,114,0
21.40,climb_cruise,453.0,453.0,34996.1,-100,-3.75,0.00,360.00,-3.74,15.0,125.0,0,0,27.97,0.00,0.00,-0.015,0.000,-0.000,1.000,1.000,1.000,1.000,1,102.0,102.0,804,804,0,0,0,0,3000,3000,115,0
21.42,climb_cruise,453.1,453.1,34996.0,-130,-3.13,0.00,360.00,-3.11,15.0,125.0,0,0,34.61,0.00,0.00,-0.037,0.000,-0.000,1.000,1.000,1.000,1.000,1,102.0,102.0,804,804,0,0,0,0,3000,3000,115,0
21.44,climb_cruise,453.1,453.1,34995.9,-156,-2.39,0.00,360.00,-2.36,15.0,125.0,0,0,40.32,0.00,0.00,-0.059,0.000,-0.000,1.000,1.000,1.000,1.000,1,102.0,102.0,804,804,0,0,0,0,3000,3000,116,0
21.46,climb_cruise,453.1,453.1,34995.8,-178,-1.54,0.00,360.00,-1.50,15.0,125.0,0,0,45.08,0.00,0.00,-0.082,0.000,-0.000,1.000,1.000,1.000,1.000,1,102.0,102.0,804,804,0,0,0,0,3000,3000,115,0
21.48,climb_cruise,453.1,453.1,34995.7,-194,-0.60,0.00,360.00,-0.56,15.0,125.0,0,0,48.88,-0.00,0.00,-0.105,0.000,-0.000,1.000,1.000,1.000,1.000,1,102.0,102.0,804,804,0,0,0,0,3000,3000,114,0
21.50,climb_cruise,453.1,453.1,34995.6,-205,0.40,0.00,360.00,0.45,15.0,125.0,0,0,51.79,-0.00,0.00,-0.128,0.000,-0.000,1.000,1.000,1.000,1.000,1,102.0,102.0,804,804,0,0,0,0,3000,3000,115,0
21.52,climb_cruise,453.2,453.2,34995.4,-209,1.45,0.00,360.00,1.50,15.0,125.0,0,0,53.14,-0.00,0.00,-0.142,0.000,-0.000,1.000,1.000,1.000,1.000,1,102.0,102.0,804,804,0,0,0,0,3000,3000,115,0
21.54,climb_cruise,453.2,453.2,34995.3,-207,2.52,0.00,360.00,2.56,15.0,125.0,0,0,52.60,-0.00,0.00,-0.148,0.000,-0.000,1.000,1.000,1.000,1.000,1,102.0,102.0,804,804,0,0,0,0,3000,3000,114,0
21.56,climb_cruise,453.2,453.2,34995.2,-198,3.55,0.00,360.00,3.60,15.0,125.0,0,0,50.08,-0.00,0.00,-0.148,0.000,-0.000,1.000,1.000,1.000,1.000,1,102.0,102.0,804,804,0,0,0,0,3000,3000,114,0
21.58,climb_cruise,453.2,453.2,34995.1,-182,4.52,0.00,360.00,4.56,15.0,125.0,0,0,45.69,-0.00,0.00,-0.144,0.000,-0.000,1.000,1.000,1.000,1.000,1,102.0,102.0,804,804,0,0,0,0,3000,3000,116,0
21.60,climb_cruise,453.2,453.2,34995.0,-161,5.39,0.00,360.00,5.43,15.0,125.0,0,0,39.66,-0.00,0.00,-0.135,0.000,-0.000,1.000,1.000,1.000,1.000,1,102.0,102.0,804,804,0,0,0,0,3000,3000,116,0
21.62,climb_cruise,453.2,453.2,34994.9,-134,6.12,0.00,360.00,6.16,15.0,125.0,0,0,32.29,-0.00,0.00,-0.123,0.000,-0.000,1.000,1.000,1.000,1.000,1,102.0,102.0,804,804,0,0,0,0,3000,3000,114,0
21.64,climb_cruise,453.2,453.2,34994.8,-104,6.70,0.00,360.00,6.73,15.0,125.0,0,0,23.95,-0.00,0.00,-0.109,0.000,-0.000,1.000,1.000,1.000,1.000,1,102.0,102.0,804,804,0,0,0,0,3000,3000,114,0
21.66,climb_cruise,453.2,453.2,34994.8,-69,7.10,0.00,360.00,7.13,15.0,125.0,0,0,14.99,-0.00,0.00,-0.093,0.000,-0.000,1.000,1.000,1.000,1.000,1,102.0,102.0,804,804,0,0,0,0,3000,3000,115,0
21.68,climb_cruise,453.1,453.1,34994.7,-33,7.33,0.00,360.00,7.35,15.0,125.0,0,0,5.78,-0.00,-0.00,-0.076,0.000,-0.000,1.000,1.000,1.000,1.000,1,102.0,102.0,804,804,0,0,0,0,3000,3000,116,0
21.70,climb_cruise,453.1,453.1,34994.7,4,7.37,0.00,360.00,7.38,15.0,125.0,0,0,-3.37,-0.00,-0.00,-0.057,0.000,-0.000,1.000,1.000,1.000,1.000,1,102.0,102.0,804,804,0,0,0,0,3000,3000,115,0
21.72,climb_cruise,453.1,453.1,34994.7,41,7.23,0.00,360.00,7.23,15.0,125.0,0,0,-12.18,-0.00,-0.00,-0.037,0.000,-0.000,1.000,1.000,1.000,1.000,1,102.0,102.0,804,804,0,0,0,0,3000,3000,115,0
21.74,climb_cruise,453.1,453.1,34994.8,77,6.91,0.00,360.00,6.90,15.0,125.0,0,0,-20.42,-0.00,-0.00,-0.016,0.000,-0.000,1.000,1.000,1.000,1.000,1,102.0,102.0,804,804,0,0,0,0,3000,3000,115,0
21.76,climb_cruise,453.0,453.0,34994.8,111,6.44,0.00,360.00,6.42,15.0,125.0,0,0,-27.93,-0.00,-0.00,0.006,0.000,-0.000,1.000,1.000,1.000,1.000,1,102.0,102.0,804,804,0,0,0,0,3000,3000,115,0
21.78,climb_cruise,453.0,453.0,34994.9,142,5.82,0.00,360.00,5.79,15.0,125.0,0,0,-34.57,-0.00,-0.00,0.027,0.000,-0.000,1.000,1.000,1.000,1.000,1,102.0,102.0,804,804,0,0,0,0,3000,3000,115,0
21.80,climb_cruise,453.0,453.0,34995.0,168,5.08,0.00,360.00,5.04,15.0,125.0,0,0,-40.28,-0.00,-0.00,0.050,0.000,-0.000,1.000,1.000,1.000,1.000,1,102.0,102.0,804,804,0,0,0,0,3000,3000,116,0
21.82,climb_cruise,453.0,453.0,34995.1,190,4.23,0.00,360.00,4.18,15.0,125.0,0,0,-45.03,-0.00,-0.00,0.072,0.000,-0.000,1.000,1.000,1.000,1.000,1,102.0,102.0,804,804,0,0,0,0,3000,3000,114,0
21.84,climb_cruise,453.0,453.0,34995.2,206,3.30,0.00,360.00,3.24,15.0,125.0,0,0,-48.84,0.00,-0.00,0.095,0.000,-0.000,1.000,1.000,1.000,1.000,1,102.0,102.0,804,804,0,0,0,0,3000,3000,115,0
21.86,climb_cruise,453.0,453.0,34995.4,217,2.29,0.00,360.00,2.23,15.0,125.0,0,0,-51.75,0.00,-0.00,0.119,0.000,-0.000,1.000,1.000,1.000,1.000,1,102.0,102.0,804,804,0,0,0,0,3000,3000,115,0
21.88,climb_cruise,453.0,453.0,34995.5,221,1.24,0.00,360.00,1.18,15.0,125.0,0,0,-53.10,0.00,-0.00,0.132,0.000,-0.000,1.000,1.000,1.000,1.000,1,102.0,102.0,804,804,0,0,0,0,3000,3000,115,0
21.90,climb_cruise,453.1,453.1,34995.6,219,0.18,0.00,360.00,0.12,15.0,125.0,0,0,-52.56,0.00,-0.00,0.138,0.000,-0.000,1.000,1.000,1.000,1.000,1,102.0,102.0,804,804,0,0,0,0,3000,3000,115,0
21.92,climb_cruise,453.1,453.1,34995.7,210,-0.85,0.00,360.00,-0.91,15.0,125.0,0,0,-50.05,0.00,-0.00,0.139,0.000,-0.000,1.000,1.000,1.000,1.000,1,102.0,102.0,804,804,0,0,0,0,3000,3000,114,0
21.94,climb_cruise,453.1,453.1,34995.9,194,-1.82,0.00,360.00,-1.88,15.0,125.0,0,0,-45.67,0.00,-0.00,0.134,0.000,-0.000,1.000,1.000,1.000,1.000,1,102.0,102.0,804,804,0,0,0,0,3000,3000,116,0
21.96,climb_cruise,453.1,453.1,34996.0,173,-2.69,0.00,360.00,-2.74,15.0,125.0,0,0,-39.64,0.00,-0.00,0.125,0.000,-0.000,1.000,1.000,1.000,1.000,1,102.0,102.0,804,804,0,0,0,0,3000,3000,115,0
21.98,climb_cruise,453.1,453.1,34996.1,146,-3.42,0.00,360.00,-3.47,15.0,125.0,0,0,-32.28,0.00,-0.00,0.114,0.000,-0.000,1.000,1.000,1.000,1.000,1,102.0,102.0,804,804,0,0,0,0,3000,3000,115,0
22.00,climb_cruise,453.1,453.1,34996.1,116,-4.00,0.00,360.00,-4.05,15.0,125.0,0,0,-23.94,0.00,-0.00,0.100,0.000,-0.000,1.000,1.000,1.000,1.000,1,102.0,102.0,804,804,0,0,0,0,3000,3000,114,0
22.02,climb_cruise,453.1,453.1,34996.2,82,-4.40,0.00,360.00,-4.45,15.0,125.0,0,0,-14.99,0.00,0.00,0.083,0.000,-0.000,1.000,1.000,1.000,1.000,1,102.0,102.0,804,804,0,0,0,0,3000,3000,116,0
22.04,climb_cruise,453.2,453.2,34996.2,45,-4.63,0.00,360.00,-4.66,15.0,125.0,0,0,-5.78,0.00,0.00,0.066,0.000,-0.000,1.000,1.000,1.000,1.000,1,102.0,102.0,804,804,0,0,0,0,3000,3000,116,0
22.06,climb_cruise,453.2,453.2,34996.2,8,-4.67,0.00,360.00,-4.69,15.0,125.0,0,0,3.37,0.00,0.00,0.047,0.000,-0.000,1.000,1.000,1.000,1.000,1,102.0,102.0,804,804,0,0,0,0,3000,3000,115,0
22.08,climb_cruise,453.2,453.2,34996.2,-29,-4.53,0.00,360.00,-4.54,15.0,125.0,0,0,12.19,0.00,0.00,0.027,0.000,-0.000,1.000,1.000,1.000,1.000,1,102.0,102.0,804,804,0,0,0,0,3000,3000,115,0
22.10,climb_cruise,453.2,453.2,34996.2,-65,-4.21,0.00,360.00,-4.21,15.0,125.0,0,0,20.43,0.00,0.00,0.006,0.000,-0.000,1.000,1.000,1.000,1.000,1,102.0,102.0,804,804,0,0,0,0,3000,3000,114,0
22.12,climb_cruise,453.2,453.2,34996.1,-99,-3.74,0.00,360.00,-3.73,15.0,125.0,0,0,27.94,0.00,0.00,-0.015,0.000,-0.000,1.000,1.000,1.000,1.000,1,102.0,102.0,804,804,0,0,0,0,3000,3000,115,0
22.14,climb_cruise,453.2,453.2,34996.1,-129,-3.12,0.00,360.00,-3.10,15.0,125.0,0,0,34.59,0.00,0.00,-0.037,0.000,-0.000,1.000,1.000,1.000,1.000,1,102.0,102.0,804,804,0,0,0,0,3000,3000,115,0
22.16,climb_cruise,453.3,453.3,34996.0,-155,-2.38,0.00,360.00,-2.35,15.0,125.0,0,0,40.31,0.00,0.00,-0.060,0.000,-0.000,1.000,1.000,1.000,1.000,1,102.0,102.0,804,804,0,0,0,0,3000,3000,114,0
22.18,climb_cruise,453.3,453.3,34995.9,-177,-1.53,0.00,360.00,-1.49,15.0,125.0,0,0,45.06,0.00,0.00,-0.082,0.000,-0.000,1.000,1.000,1.000,1.000,1,102.0,102.0,804,804,0,0,0,0,3000,3000,115,0
22.20,climb_cruise,453.3,453.3,34995.8,-193,-0.59,0.00,360.00,-0.55,15.0,125.0,0,0,48.87,-0.00,0.00,-0.105,0.000,-0.000,1.000,1.000,1.000,1.000,1,102.0,102.0,804,804,0,0,0,0,3000,3000,115,0
22.22,climb_cruise,453.3,453.3,34995.6,-204,0.41,0.00,360.00,0.46,15.0,125.0,0,0,51.78,-0.00,0.00,-0.128,0.000,-0.000,1.000,1.000,1.000,1.000,1,102.0,102.0,804,804,0,0,0,0,3000,3000,115,0
22.24,climb_cruise,453.3,453.3,34995.5,-208,1.46,0.00,360.00,1.51,15.0,125.0,0,0,53.14,-0.00,0.00,-0.142,0.000,-0.000,1.000,1.000,1.000,1.000,1,102.0,102.0,804,804,0,0,0,0,3000,3000,116,0
22.26,climb_cruise,453.4,453.4,34995.4,-206,2.52,0.00,360.00,2.57,15.0,125.0,0,0,52.59,-0.00,0.00,-0.148,0.000,-0.000,1.000,1.000,1.000,1.000,1,102.0,102.0,804,804,0,0,0,0,3000,3000,115,0
22.28,climb_cruise,453.4,453.4,34995.3,-196,3.56,0.00,360.00,3.60,15.0,125.0,0,0,50.08,-0.00,0.00,-0.148,0.000,-0.000,1.000,1.000,1.000,1.000,1,102.0,102.0,804,804,0,0,0,0,3000,3000,115,0
22.30,climb_cruise,453.4,453.4,34995.1,-181,4.53,0.00,360.00,4.57,15.0,125.0,0,0,45.68,-0.00,0.00,-0.144,0.000,-0.000,1.000,1.000,1.000,1.000,1,102.0,102.0,804,804,0,0,0,0,3000,3000,115,0
22.32,climb_cruise,453.4,453.4,34995.0,-159,5.39,0.00,360.00,5.43,15.0,125.0,0,0,39.65,-0.00,0.00,-0.135,0.000,-0.000,1.000,1.000,1.000,1.000,1,102.0,102.0,804,804,0,0,0,0,3000,3000,114,0
22.34,climb_cruise,453.4,453.4,34995.0,-133,6.13,0.00,360.00,6.16,15.0,125.0,0,0,32.28,-0.00,0.00,-0.123,0.000,-0.000,1.000,1.000,1.000,1.000,1,102.0,102.0,804,804,0,0,0,0,3000,3000,114,0
22.36,climb_cruise,453.3,453.3,34994.9,-102,6.70,0.00,360.00,6.74,15.0,125.0,0,0,23.93,-0.00,0.00,-0.109,0.000,-0.000,1.000,1.000,1.000,1.000,1,102.0,102.0,804,804,0,0,0,0,3000,3000,115,0
22.38,climb_cruise,453.3,453.3,34994.8,-68,7.11,0.00,360.00,7.14,15.0,125.0,0,0,14.98,-0.00,0.00,-0.093,0.000,-0.000,1.000,1.000,1.000,1.000,1,102.0,102.0,804,804,0,0,0,0,3000,3000,115,0
22.40,climb_cruise,453.3,453.3,34994.8,-31,7.33,0.00,360.00,7.35,15.0,125.0,0,0,5.76,-0.00,-0.00,-0.076,0.000,-0.000,1.000,1.000,1.000,1.000,1,102.0,102.0,804,804,0,0,0,0,3000,3000,114,0
22.42,climb_cruise,453.3,453.3,34994.8,6,7.37,0.00,360.00,7.38,15.0,125.0,0,0,-3.39,-0.00,-0.00,-0.057,0.000,-0.000,1.000,1.000,1.000,1.000,1,102.0,102.0,804,804,0,0,0,0,3000,3000,115,0
22.44,climb_cruise,453.3,453.3,34994.8,43,7.23,0.00,360.00,7.23,15.0,125.0,0,0,-12.20,-0.00,-0.00,-0.037,0.000,-0.000,1.000,1.000,1.000,1.000,1,102.0,102.0,804,804,0,0,0,0,3000,3000,115,0
22.46,climb_cruise,453.2,453.2,34994.9,80,6.92,0.00,360.00,6.90,15.0,125.0,0,0,-20.45,-0.00,-0.00,-0.016,0.000,-0.000,1.000,1.000,1.000,1.000,1,102.0,102.0,804,804,0,0,0,0,3000,3000,115,0
22.48,climb_cruise,453.2,453.2,34994.9,113,6.44,0.00,360.00,6.42,15.0,125.0,0,0,-27.95,-0.00,-0.00,0.006,0.000,-0.000,1.000,1.000,1.000,1.000,1,102.0,102.0,804,804,0,0,0,0,3000,3000,115,0
22.50,climb_cruise,453.2,453.2,34995.0,144,5.83,0.00,360.00,5.79,15.0,125.0,0,0,-34.59,-0.00,-0.00,0.027,0.000,-0.000,1.000,1.000,1.000,1.000,1,102.0,102.0,804,804,0,0,0,0,3000,3000,116,0
22.52,climb_cruise,453.2,453.2,34995.1,170,5.09,0.00,360.00,5.04,15.0,125.0,0,0,-40.29,-0.00,-0.00,0.050,0.000,-0.000,1.000,1.000,1.000,1.000,1,102.0,102.0,804,804,0,0,0,0,3000,3000,115,0
22.54,climb_cruise,453.2,453.2,34995.2,192,4.24,0.00,360.00,4.18,15.0,125.0,0,0,-45.04,-0.00,-0.00,0.072,0.000,-0.000,1.000,1.000,1.000,1.000,1,102.0,102.0,804,804,0,0,0,0,3000,3000,116,0
22.56,climb_cruise,453.2,453.2,34995.3,208,3.30,0.00,360.00,3.24,15.0,125.0,0,0,-48.85,0.00,-0.00,0.095,0.000,-0.000,1.000,1.000,1.000,1.000,1,102.0,102.0,804,804,0,0,0,0,3000,3000,114,0
22.58,climb_cruise,453.2,453.2,34995.4,219,2.30,0.00,360.00,2.23,15.0,125.0,0,0,-51.75,0.00,-0.00,0.119,0.000,-0.000,1.000,1.000,1.000,1.000,1,102.0,102.0,804,804,0,0,0,0,3000,3000,115,0
22.60,climb_cruise,453.2,453.2,34995.6,223,1.25,0.00,360.00,1.18,15.0,125.0,0,0,-53.10,0.00,-0.00,0.132,0.000,-0.000,1.000,1.000,1.000,1.000,1,102.0,102.0,804,804,0,0,0,0,3000,3000,115,0
22.62,climb_cruise,453.2,453.2,34995.7,221,0.18,0.00,360.00,0.12,15.0,125.0,0,0,-52.56,0.00,-0.00,0.138,0.000,-0.000,1.000,1.000,1.000,1.000,1,102.0,102.0,804,804,0,0,0,0,3000,3000,115,0
22.64,climb_cruise,453.2,453.2,34995.8,212,-0.85,0.00,360.00,-0.91,15.0,125.0,0,0,-50.04,0.00,-0.00,0.139,0.000,-0.000,1.000,1.000,1.000,1.000,1,102.0,102.0,804,804,0,0,0,0,3000,3000,115,0
22.66,climb_cruise,453.3,453.3,34995.9,197,-1.82,0.00,360.00,-1.88,15.0,125.0,0,0,-45.65,0.00,-0.00,0.134,0.000,-0.000,1.000,1.000,1.000,1.000,1,102.0,102.0,804,804,0,0,0,0,3000,3000,115,0
22.68,climb_cruise,453.3,453.3,34996.1,175,-2.68,0.00,360.00,-2.74,15.0,125.0,0,0,-39.62,0.00,-0.00,0.125,0.000,-0.000,1.000,1.000,1.000,1.000,1,102.0,102.0,804,804,0,0,0,0,3000,3000,115,0
22.70,climb_cruise,453.3,453.3,34996.1,149,-3.42,0.00,360.00,-3.47,15.0,125.0,0,0,-32.25,0.00,-0.00,0.114,0.000,-0.000,1.000,1.000,1.000,1.000,1,102.0,102.0,804,804,0,0,0,0,3000,3000,114,0
22.72,climb_cruise,453.3,453.3,34996.2,118,-3.99,0.00,360.00,-4.05,15.0,125.0,0,0,-23.91,0.00,-0.00,0.100,0.000,-0.000,1.000,1.000,1.000,1.000,1,102.0,102.0,804,804,0,0,0,0,3000,3000,116,0
22.74,climb_cruise,453.3,453.3,34996.3,84,-4.40,0.00,360.00,-4.45,15.0,125.0,0,0,-14.96,0.00,0.00,0.083,0.000,-0.000,1.000,1.000,1.000,1.000,1,102.0,102.0,804,804,0,0,0,0,3000,3000,115,0
22.76,climb_cruise,453.3,453.3,34996.3,48,-4.62,0.00,360.00,-4.66,15.0,125.0,0,0,-5.75,0.00,0.00,0.066,0.000,-0.000,1.000,1.000,1.000,1.000,1,102.0,102.0,804,804,0,0,0,0,3000,3000,115,0
22.78,climb_cruise,453.3,453.3,34996.3,11,-4.66,0.00,360.00,-4.69,15.0,125.0,0,0,3.41,0.00,0.00,0.047,0.000,-0.000,1.000,1.000,1.000,1.000,1,102.0,102.0,804,804,0,0,0,0,3000,3000,115,0
22.80,climb_cruise,453.4,453.4,34996.3,-27,-4.52,0.00,360.00,-4.54,15.0,125.0,0,0,12.22,0.00,0.00,0.027,0.000,-0.000,1.000,1.000,1.000,1.000,1,102.0,102.0,804,804,0,0,0,0,3000,3000,116,0
22.82,climb_cruise,453.4,453.4,34996.3,-62,-4.20,0.00,360.00,-4.21,15.0,125.0,0,0,20.47,0.00,0.00,0.006,0.000,-0.000,1.000,1.000,1.000,1.000,1,102.0,102.0,804,804,0,0,0,0,3000,3000,115,0
22.84,climb_cruise,453.4,453.4,34996.2,-96,-3.73,0.00,360.00,-3.73,15.0,125.0,0,0,27.98,0.00,0.00,-0.015,0.000,-0.000,1.000,1.000,1.000,1.000,1,102.0,102.0,804,804,0,0,0,0,3000,3000,114,0
22.86,climb_cruise,453.4,453.4,34996.2,-126,-3.11,0.00,360.00,-3.10,15.0,125.0,0,0,34.62,0.00,0.00,-0.037,0.000,-0.000,1.000,1.000,1.000,1.000,1,102.0,102.0,804,804,0,0,0,0,3000,3000,115,0
22.88,climb_cruise,453.4,453.4,34996.1,-153,-2.37,0.00,360.00,-2.34,15.0,125.0,0,0,40.33,0.00,0.00,-0.060,0.000,-0.000,1.000,1.000,1.000,1.000,1,102.0,102.0,804,804,0,0,0,0,3000,3000,114,0
22.90,climb_cruise,453.4,453.4,34996.0,-174,-1.52,0.00,360.00,-1.49,15.0,125.0,0,0,45.08,0.00,0.00,-0.082,0.000,-0.000,1.000,1.000,1.000,1.000,1,102.0,102.0,804,804,0,0,0,0,3000,3000,115,0
22.92,climb_cruise,453.5,453.5,34995.9,-191,-0.58,0.00,360.00,-0.54,15.0,125.0,0,0,48.89,-0.00,0.00,-0.105,0.000,-0.000,1.000,1.000,1.000,1.000,1,102.0,102.0,804,804,0,0,0,0,3000,3000,115,0
22.94,climb_cruise,453.5,453.5,34995.7,-201,0.42,0.00,360.00,0.46,15.0,125.0,0,0,51.80,-0.00,0.00,-0.128,0.000,-0.000,1.000,1.000,1.000,1.000,1,102.0,102.0,804,804,0,0,0,0,3000,3000,114,0
22.96,climb_cruise,453.5,453.5,34995.6,-205,1.47,0.00,360.00,1.52,15.0,125.0,0,0,53.14,-0.00,0.00,-0.142,0.000,-0.000,1.000,1.000,1.000,1.000,1,102.0,102.0,804,804,0,0,0,0,3000,3000,116,0
22.98,climb_cruise,453.5,453.5,34995.5,-203,2.53,0.00,360.00,2.58,15.0,125.0,0,0,52.60,-0.00,0.00,-0.148,0.000,-0.000,1.000,1.000,1.000,1.000,1,102.0,102.0,804,804,0,0,0,0,3000,3000,116,0
23.00,climb_cruise,453.5,453.5,34995.4,-193,3.57,0.00,360.00,3.61,15.0,125.0,0,0,50.07,-0.00,0.00,-0.148,0.000,-0.000,1.000,1.000,1.000,1.000,1,102.0,102.0,804,804,0,0,0,0,3000,3000,115,0
23.02,climb_cruise,453.5,453.5,34995.2,-178,4.54,0.00,360.00,4.58,15.0,125.0,0,0,45.67,-0.00,0.00,-0.144,0.000,-0.000,1.000,1.000,1.000,1.000,1,102.0,102.0,804,804,0,0,0,0,3000,3000,114,0
23.04,climb_cruise,453.5,453.5,34995.1,-156,5.40,0.00,360.00,5.44,15.0,125.0,0,0,39.63,-0.00,0.00,-0.135,0.000,-0.000,1.000,1.000,1.000,1.000,1,102.0,102.0,804,804,0,0,0,0,3000,3000,114,0
23.06,climb_cruise,453.5,453.5,34995.1,-129,6.14,0.00,360.00,6.17,15.0,125.0,0,0,32.26,-0.00,0.00,-0.123,0.000,-0.000,1.000,1.000,1.000,1.000,1,102.0,102.0,804,804,0,0,0,0,3000,3000,115,0
23.08,climb_cruise,453.5,453.5,34995.0,-98,6.71,0.00,360.00,6.74,15.0,125.0,0,0,23.91,-0.00,0.00,-0.109,0.000,-0.000,1.000,1.000,1.000,1.000,1,102.0,102.0,804,804,0,0,0,0,3000,3000,115,0
23.10,climb_cruise,453.5,453.5,34994.9,-64,7.12,0.00,360.00,7.14,15.0,125.0,0,0,14.95,-0.00,0.00,-0.093,0.000,-0.000,1.000,1.000,1.000,1.000,1,102.0,102.0,804,804,0,0,0,0,3000,3000,115,0
23.12,climb_cruise,453.5,453.5,34994.9,-28,7.34,0.00,360.00,7.36,15.0,125.0,0,0,5.73,-0.00,-0.00,-0.076,0.000,-0.000,1.000,1.000,1.000,1.000,1,102.0,102.0,804,804,0,0,0,0,3000,3000,114,0
23.14,climb_cruise,453.4,453.4,34994.9,10,7.38,0.00,360.00,7.38,15.0,125.0,0,0,-3.42,-0.00,-0.00,-0.057,0.000,-0.000,1.000,1.000,1.000,1.000,1,102.0,102.0,804,804,0,0,0,0,3000,3000,115,0
23.16,climb_cruise,453.4,453.4,34994.9,47,7.24,0.00,360.00,7.23,15.0,125.0,0,0,-12.24,-0.00,-0.00,-0.037,0.000,-0.000,1.000,1.000,1.000,1.000,1,102.0,102.0,804,804,0,0,0,0,3000,3000,116,0
23.18,climb_cruise,453.4,453.4,34995.0,83,6.92,0.00,360.00,6.90,15.0,125.0,0,0,-20.48,-0.00,-0.00,-0.016,0.000,-0.000,1.000,1.000,1.000,1.000,1,102.0,102.0,804,804,0,0,0,0,3000,3000,116,0
23.20,climb_cruise,453.4,453.4,34995.0,117,6.45,0.00,360.00,6.42,15.0,125.0,0,0,-27.98,-0.00,-0.00,0.006,0.000,-0.000,1.000,1.000,1.000,1.000,1,102.0,102.0,804,804,0,0,0,0,3000,3000,115,0
23.22,climb_cruise,453.4,453.4,34995.1,148,5.83,0.00,360.00,5.79,15.0,125.0,0,0,-34.61,-0.00,-0.00,0.027,0.000,-0.000,1.000,1.000,1.000,1.000,1,102.0,102.0,804,804,0,0,0,0,3000,3000,115,0
23.24,climb_cruise,453.4,453.4,34995.2,174,5.09,0.00,360.00,5.04,15.0,125.0,0,0,-40.32,-0.00,-0.00,0.050,0.000,-0.000,1.000,1.000,1.000,1.000,1,102.0,102.0,804,804,0,0,0,0,3000,3000,114,0
23.26,climb_cruise,453.4,453.4,34995.3,196,4.24,0.00,360.00,4.18,15.0,125.0,0,0,-45.06,-0.00,-0.00,0.072,0.000,-0.000,1.000,1.000,1.000,1.000,1,102.0,102.0,804,804,0,0,0,0,3000,3000,115,0
23.28,climb_cruise,453.4,453.4,34995.4,212,3.30,0.00,360.00,3.24,15.0,125.0,0,0,-48.86,0.00,-0.00,0.095,0.000,-0.000,1.000,1.000,1.000,1.000,1,102.0,102.0,804,804,0,0,0,0,3000,3000,115,0
23.30,climb_cruise,453.4,453.4,34995.6,223,2.30,0.00,360.00,2.23,15.0,125.0,0,0,-51.76,0.00,-0.00,0.119,0.000,-0.000,1.000,1.000,1.000,1.000,1,102.0,102.0,804,804,0,0,0,0,3000,3000,115,0
23.32,climb_cruise,453.4,453.4,34995.7,227,1.25,0.00,360.00,1.18,15.0,125.0,0,0,-53.10,0.00,-0.00,0.132,0.000,-0.000,1.000,1.000,1.000,1.000,1,102.0,102.0,804,804,0,0,0,0,3000,3000,114,0
23.34,climb_cruise,453.4,453.4,34995.8,225,0.19,0.00,360.00,0.12,15.0,125.0,0,0,-52.56,0.00,-0.00,0.138,0.000,-0.000,1.000,1.000,1.000,1.000,1,102.0,102.0,804,804,0,0,0,0,3000,3000,115,0
23.36,climb_cruise,453.4,453.4,34996.0,216,-0.85,0.00,360.00,-0.92,15.0,125.0,0,0,-50.03,0.00,-0.00,0.139,0.000,-0.000,1.000,1.000,1.000,1.000,1,102.0,102.0,804,804,0,0,0,0,3000,3000,115,0
23.38,climb_cruise,453.4,453.4,34996.1,201,-1.81,0.00,360.00,-1.88,15.0,125.0,0,0,-45.64,0.00,-0.00,0.134,0.000,-0.000,1.000,1.000,1.000,1.000,1,102.0,102.0,804,804,0,0,0,0,3000,3000,115,0
23.40,climb_cruise,453.4,453.4,34996.2,179,-2.68,0.00,360.00,-2.75,15.0,125.0,0,0,-39.60,0.00,-0.00,0.125,0.000,-0.000,1.000,1.000,1.000,1.000,1,102.0,102.0,804,804,0,0,0,0,3000,3000,114,0
23.42,climb_cruise,453.5,453.5,34996.3,153,-3.41,0.00,360.00,-3.47,15.0,125.0,0,0,-32.23,0.00,-0.00,0.114,0.000,-0.000,1.000,1.000,1.000,1.000,1,102.0,102.0,804,804,0,0,0,0,3000,3000,114,0
23.44,climb_cruise,453.5,453.5,34996.4,122,-3.99,0.00,360.00,-4.05,15.0,125.0,0,0,-23.88,0.00,-0.00,0.100,0.000,-0.000,1.000,1.000,1.000,1.000,1,102.0,102.0,804,804,0,0,0,0,3000,3000,115,0
23.46,climb_cruise,453.5,453.5,34996.4,88,-4.39,0.00,360.00,-4.45,15.0,125.0,0,0,-14.93,0.00,0.00,0.083,0.000,-0.000,1.000,1.000,1.000,1.000,1,102.0,102.0,804,804,0,0,0,0,3000,3000,115,0
23.48,climb_cruise,453.5,453.5,34996.4,52,-4.62,0.00,360.00,-4.66,15.0,125.0,0,0,-5.71,0.00,0.00,0.066,0.000,-0.000,1.000,1.000,1.000,1.000,1,102.0,102.0,804,804,0,0,0,0,3000,3000,115,0
23.50,climb_cruise,453.5,453.5,34996.5,15,-4.65,0.00,360.00,-4.69,15.0,125.0,0,0,3.44,0.00,0.00,0.047,0.000,-0.000,1.000,1.000,1.000,1.000,1,102.0,102.0,804,804,0,0,0,0,3000,3000,114,0
23.52,climb_cruise,453.5,453.5,34996.4,-22,-4.51,0.00,360.00,-4.53,15.0,125.0,0,0,12.26,0.00,0.00,0.027,0.000,-0.000,1.000,1.000,1.000,1.000,1,102.0,102.0,804,804,0,0,0,0,3000,3000,115,0
23.54,climb_cruise,453.5,453.5,34996.4,-58,-4.20,0.00,360.00,-4.21,15.0,125.0,0,0,20.50,0.00,0.00,0.006,0.000,-0.000,1.000,1.000,1.000,1.000,1,102.0,102.0,804,804,0,0,0,0,3000,3000,115,0
23.56,climb_cruise,453.5,453.5,34996.4,-92,-3.72,0.00,360.00,-3.72,15.0,125.0,0,0,28.01,0.00,0.00,-0.015,0.000,-0.000,1.000,1.000,1.000,1.000,1,102.0,102.0,804,804,0,0,0,0,3000,3000,115,0
23.58,climb_cruise,453.6,453.6,34996.3,-122,-3.10,0.00,360.00,-3.09,15.0,125.0,0,0,34.65,0.00,0.00,-0.037,0.000,-0.000,1.000,1.000,1.000,1.000,1,102.0,102.0,804,804,0,0,0,0,3000,3000,114,0
23.60,climb_cruise,453.6,453.6,34996.2,-149,-2.36,0.00,360.00,-2.34,15.0,125.0,0,0,40.36,0.00,0.00,-0.060,0.000,-0.000,1.000,1.000,1.000,1.000,1,102.0,102.0,804,804,0,0,0,0,3000,3000,114,0
23.62,climb_cruise,453.6,453.6,34996.1,-170,-1.51,0.00,360.00,-1.48,15.0,125.0,0,0,45.10,0.00,0.00,-0.082,0.000,-0.000,1.000,1.000,1.000,1.000,1,102.0,102.0,804,804,0,0,0,0,3000,3000,114,0
23.64,climb_cruise,453.6,453.6,34996.0,-186,-0.57,0.00,360.00,-0.54,15.0,125.0,0,0,48.90,-0.00,0.00,-0.105,0.000,-0.000,1.000,1.000,1.000,1.000,1,102.0,102.0,804,804,0,0,0,0,3000,3000,115,0
23.66,climb_cruise,453.6,453.6,34995.9,-197,0.43,0.00,360.00,0.47,15.0,125.0,0,0,51.80,-0.00,0.00,-0.128,0.000,-0.000,1.000,1.000,1.000,1.000,1,102.0,102.0,804,804,0,0,0,0,3000,3000,115,0
23.68,climb_cruise,453.7,453.7,34995.8,-201,1.48,0.00,360.00,1.52,15.0,125.0,0,0,53.14,-0.00,0.00,-0.142,0.000,-0.000,1.000,1.000,1.000,1.000,1,102.0,102.0,804,804,0,0,0,0,3000,3000,115,0
23.70,climb_cruise,453.7,453.7,34995.6,-198,2.54,0.00,360.00,2.58,15.0,125.0,0,0,52.58,-0.00,0.00,-0.148,0.000,-0.000,1.000,1.000,1.000,1.000,1,102.0,102.0,804,804,0,0,0,0,3000,3000,115,0
23.72,climb_cruise,453.7,453.7,34995.5,-189,3.58,0.00,360.00,3.61,15.0,125.0,0,0,50.04,-0.00,0.00,-0.148,0.000,-0.000,1.000,1.000,1.000,1.000,1,102.0,102.0,804,804,0,0,0,0,3000,3000,114,0
23.74,climb_cruise,453.7,453.7,34995.4,-173,4.55,0.00,360.00,4.58,15.0,125.0,0,0,45.63,-0.00,0.00,-0.143,0.000,-0.000,1.000,1.000,1.000,1.000,1,102.0,102.0,804,804,0,0,0,0,3000,3000,114,0
23.76,climb_cruise,453.7,453.7,34995.3,-151,5.41,0.00,360.00,5.44,15.0,125.0,0,0,39.57,-0.00,0.00,-0.135,0.000,-0.000,1.000,1.000,1.000,1.000,1,102.0,102.0,804,804,0,0,0,0,3000,3000,114,0
23.78,climb_cruise,453.7,453.7,34995.2,-125,6.14,0.00,360.00,6.17,15.0,125.0,0,0,32.19,-0.00,0.00,-0.123,0.000,-0.000,1.000,1.000,1.000,1.000,1,102.0,102.0,804,804,0,0,0,0,3000,3000,116,0
23.80,climb_cruise,453.7,453.7,34995.1,-94,6.72,0.00,360.00,6.74,15.0,125.0,0,0,23.83,-0.00,0.00,-0.109,0.000,-0.000,1.000,1.000,1.000,1.000,1,102.0,102.0,804,804,0,0,0,0,3000,3000,115,0
23.82,climb_cruise,453.7,453.7,34995.1,-59,7.12,0.00,360.00,7.14,15.0,125.0,0,0,14.87,-0.00,0.00,-0.093,0.000,-0.000,1.000,1.000,1.000,1.000,1,102.0,102.0,804,804,0,0,0,0,3000,3000,115,0
23.84,climb_cruise,453.6,453.6,34995.1,-23,7.34,0.00,360.00,7.35,15.0,125.0,0,0,5.65,-0.00,-0.00,-0.075,0.000,-0.000,1.000,1.000,1.000,1.000,1,102.0,102.0,804,804,0,0,0,0,3000,3000,116,0
23.86,climb_cruise,453.6,453.6,34995.1,15,7.38,0.00,360.00,7.38,15.0,125.0,0,0,-3.50,-0.00,-0.00,-0.056,0.000,-0.000,1.000,1.000,1.000,1.000,1,102.0,102.0,804,804,0,0,0,0,3000,3000,116,0
23.88,climb_cruise,453.6,453.6,34995.1,52,7.24,0.00,360.00,7.22,15.0,125.0,0,0,-12.31,-0.00,-0.00,-0.036,0.000,-0.000,1.000,1.000,1.000,1.000,1,102.0,102.0,804,804,0,0,0,0,3000,3000,115,0
23.90,climb_cruise,453.6,453.6,34995.1,88,6.92,0.00,360.00,6.90,15.0,125.0,0,0,-20.55,-0.00,-0.00,-0.016,0.000,-0.000,1.000,1.000,1.000,1.000,1,102.0,102.0,804,804,0,0,0,0,3000,3000,116,0
23.92,climb_cruise,453.5,453.5,34995.2,122,6.45,0.00,360.00,6.41,15.0,125.0,0,0,-28.04,-0.00,-0.00,0.006,0.000,-0.000,1.000,1.000,1.000,1.000,1,102.0,102.0,804,804,0,0,0,0,3000,3000,116,0
23.94,climb_cruise,453.5,453.5,34995.3,153,5.83,0.00,360.00,5.78,15.0,125.0,0,0,-34.67,-0.00,-0.00,0.028,0.000,-0.000,1.000,1.000,1.000,1.000,1,102.0,102.0,804,804,0,0,0,0,3000,3000,114,0
23.96,climb_cruise,453.5,453.5,34995.4,179,5.08,0.00,360.00,5.02,15.0,125.0,0,0,-40.37,-0.00,-0.00,0.050,0.000,-0.000,1.000,1.000,1.000,1.000,1,102.0,102.0,804,804,0,0,0,0,3000,3000,114,0
23.98,climb_cruise,453.5,453.5,34995.5,201,4.23,0.00,360.00,4.17,15.0,125.0,0,0,-45.10,-0.00,-0.00,0.073,0.000,-0.000,1.000,1.000,1.000,1.000,1,102.0,102.0,804,804,0,0,0,0,3000,3000,116,0
24.00,climb_cruise,453.5,453.5,34995.6,217,3.30,0.00,360.00,3.22,15.0,125.0,0,0,-48.89,0.00,-0.00,0.096,0.000,-0.000,1.000,1.000,1.000,1.000,1,102.0,102.0,804,804,0,0,0,0,3000,3000,115,0
24.02,climb_cruise,453.5,453.5,34995.7,228,2.29,0.00,360.00,2.22,15.0,125.0,0,0,-51.78,0.00,-0.00,0.119,0.000,-0.000,1.000,1.000,1.000,1.000,1,102.0,102.0,804,804,0,0,0,0,3000,3000,116,0
24.04,climb_cruise,453.5,453.5,34995.9,232,1.24,0.00,360.00,1.16,15.0,125.0,0,0,-53.12,0.00,-0.00,0.133,0.000,-0.000,1.000,1.000,1.000,1.000,1,102.0,102.0,804,804,0,0,0,0,3000,3000,115,0
24.06,climb_cruise,453.6,453.6,34996.0,230,0.18,0.00,360.00,0.10,15.0,125.0,0,0,-52.56,0.00,-0.00,0.139,0.000,-0.000,1.000,1.000,1.000,1.000,1,102.0,102.0,804,804,0,0,0,0,3000,3000,114,0
24.08,climb_cruise,453.6,453.6,34996.1,221,-0.85,0.00,360.00,-0.93,15.0,125.0,0,0,-50.03,0.00,-0.00,0.139,0.000,-0.000,1.000,1.000,1.000,1.000,1,102.0,102.0,804,804,0,0,0,0,3000,3000,114,0
24.10,climb_cruise,453.6,453.6,34996.3,205,-1.82,0.00,360.00,-1.90,15.0,125.0,0,0,-45.63,0.00,-0.00,0.134,0.000,-0.000,1.000,1.000,1.000,1.000,1,102.0,102.0,804,804,0,0,0,0,3000,3000,115,0
24.12,climb_cruise,453.6,453.6,34996.4,184,-2.69,0.00,360.00,-2.76,15.0,125.0,0,0,-39.58,0.00,-0.00,0.126,0.000,-0.000,1.000,1.000,1.000,1.000,1,102.0,102.0,804,804,0,0,0,0,3000,3000,116,0
24.14,climb_cruise,453.6,453.6,34996.5,158,-3.42,0.00,360.00,-3.49,15.0,125.0,0,0,-32.20,0.00,-0.00,0.114,0.000,-0.000,1.000,1.000,1.000,1.000,1,102.0,102.0,804,804,0,0,0,0,3000,3000,115,0
24.16,climb_cruise,453.6,453.6,34996.5,127,-4.00,0.00,360.00,-4.06,15.0,125.0,0,0,-23.85,0.00,-0.00,0.100,0.000,-0.000,1.000,1.000,1.000,1.000,1,102.0,102.0,804,804,0,0,0,0,3000,3000,115,0
24.18,climb_cruise,453.6,453.6,34996.6,93,-4.40,0.00,360.00,-4.46,15.0,125.0,0,0,-14.89,0.00,0.00,0.084,0.000,-0.000,1.000,1.000,1.000,1.000,1,102.0,102.0,804,804,0,0,0,0,3000,3000,115,0
24.20,climb_cruise,453.7,453.7,34996.6,56,-4.62,0.00,360.00,-4.67,15.0,125.0,0,0,-5.67,0.00,0.00,0.066,0.000,-0.000,1.000,1.000,1.000,1.000,1,102.0,102.0,804,804,0,0,0,0,3000,3000,116,0
24.22,climb_cruise,453.7,453.7,34996.6,19,-4.66,0.00,360.00,-4.70,15.0,125.0,0,0,3.48,0.00,0.00,0.047,0.000,-0.000,1.000,1.000,1.000,1.000,1,102.0,102.0,804,804,0,0,0,0,3000,3000,116,0
24.24,climb_cruise,453.7,453.7,34996.6,-18,-4.51,0.00,360.00,-4.54,15.0,125.0,0,0,12.29,0.00,0.00,0.027,0.000,-0.000,1.000,1.000,1.000,1.000,1,102.0,102.0,804,804,0,0,0,0,3000,3000,115,0
24.26,climb_cruise,453.7,453.7,34996.6,-54,-4.20,0.00,360.00,-4.22,15.0,125.0,0,0,20.54,0.00,0.00,0.006,0.000,-0.000,1.000,1.000,1.000,1.000,1,102.0,102.0,804,804,0,0,0,0,3000,3000,116,0
24.28,climb_cruise,453.7,453.7,34996.6,-88,-3.72,0.00,360.00,-3.73,15.0,125.0,0,0,28.04,0.00,0.00,-0.015,0.000,-0.000,1.000,1.000,1.000,1.000,1,102.0,102.0,804,804,0,0,0,0,3000,3000,116,0
24.30,climb_cruise,453.7,453.7,34996.5,-118,-3.11,0.00,360.00,-3.10,15.0,125.0,0,0,34.68,0.00,0.00,-0.037,0.000,-0.000,1.000,1.000,1.000,1.000,1,102.0,102.0,804,804,0,0,0,0,3000,3000,115,0
24.32,climb_cruise,453.7,453.7,34996.4,-144,-2.36,0.00,360.00,-2.35,15.0,125.0,0,0,40.38,0.00,0.00,-0.059,0.000,-0.000,1.000,1.000,1.000,1.000,1,102.0,102.0,804,804,0,0,0,0,3000,3000,114,0
24.34,climb_cruise,453.8,453.8,34996.3,-166,-1.51,0.00,360.00,-1.49,15.0,125.0,0,0,45.12,0.00,0.00,-0.082,0.000,-0.000,1.000,1.000,1.000,1.000,1,102.0,102.0,804,804,0,0,0,0,3000,3000,114,0
24.36,climb_cruise,453.8,453.8,34996.2,-182,-0.57,0.00,360.00,-0.54,15.0,125.0,0,0,48.92,-0.00,0.00,-0.105,0.000,-0.000,1.000,1.000,1.000,1.000,1,102.0,102.0,804,804,0,0,0,0,3000,3000,115,0
24.38,climb_cruise,453.8,453.8,34996.1,-193,0.43,0.00,360.00,0.46,15.0,125.0,0,0,51.77,-0.00,0.00,-0.127,0.000,-0.000,1.000,1.000,1.000,1.000,1,102.0,102.0,804,804,0,0,0,0,3000,3000,114,0
24.40,climb_cruise,453.8,453.8,34996.0,-197,1.48,0.00,360.00,1.51,15.0,125.0,0,0,53.04,-0.00,0.00,-0.141,0.000,-0.000,1.000,1.000,1.000,1.000,1,102.0,102.0,804,804,0,0,0,0,3000,3000,115,0
24.42,climb_cruise,453.8,453.8,34995.8,-194,2.54,0.00,360.00,2.57,15.0,125.0,0,0,52.41,-0.00,0.00,-0.147,0.000,-0.000,1.000,1.000,1.000,1.000,1,102.0,102.0,804,804,0,0,0,0,3000,3000,116,0
24.44,climb_cruise,453.9,453.9,34995.7,-185,3.57,0.00,360.00,3.60,15.0,125.0,0,0,49.81,-0.00,0.00,-0.146,0.000,-0.000,1.000,1.000,1.000,1.000,1,102.0,102.0,804,804,0,0,0,0,3000,3000,115,0
24.46,climb_cruise,453.9,453.9,34995.6,-169,4.53,0.00,360.00,4.56,15.0,125.0,0,0,45.33,-0.00,0.00,-0.142,0.000,-0.000,1.000,1.000,1.000,1.000,1,102.0,102.0,804,804,0,0,0,0,3000,3000,114,0
24.48,climb_cruise,453.9,453.9,34995.5,-148,5.39,0.00,360.00,5.42,15.0,125.0,0,0,39.22,-0.00,0.00,-0.133,0.000,-0.000,1.000,1.000,1.000,1.000,1,102.0,102.0,804,804,0,0,0,0,3000,3000,115,0
24.50,climb_cruise,453.8,453.8,34995.4,-121,6.12,0.00,360.00,6.14,15.0,125.0,0,0,31.79,-0.00,0.00,-0.121,0.000,-0.000,1.000,1.000,1.000,1.000,1,102.0,102.0,804,804,0,0,0,0,3000,3000,114,0
24.52,climb_cruise,453.8,453.8,34995.4,-90,6.68,0.00,360.00,6.70,15.0,125.0,0,0,23.41,-0.00,0.00,-0.107,-0.000,-0.000,1.000,1.000,1.000,1.000,1,102.0,102.0,804,804,0,0,0,0,3000,3000,114,0
24.54,climb_cruise,453.8,453.8,34995.3,-56,7.08,0.00,360.00,7.09,15.0,125.0,0,0,14.43,-0.00,0.00,-0.091,-0.000,-0.000,1.000,1.000,1.000,1.000,1,102.0,102.0,804,804,0,0,0,0,3000,3000,116,0
24.56,climb_cruise,453.8,453.8,34995.3,-19,7.29,0.00,360.00,7.30,15.0,125.0,0,0,5.21,-0.00,-0.00,-0.073,0.000,-0.000,1.000,1.000,1.000,1.000,1,102.0,102.0,804,804,0,0,0,0,3000,3000,116,0
24.58,climb_cruise,453.8,453.8,34995.3,18,7.32,0.00,360.00,7.32,15.0,125.0,0,0,-3.93,-0.00,-0.00,-0.054,0.000,-0.000,1.000,1.000,1.000,1.000,1,102.0,102.0,804,804,0,0,0,0,3000,3000,116,0
24.60,climb_cruise,453.7,453.7,34995.3,55,7.17,0.00,360.00,7.15,15.0,125.0,0,0,-12.71,-0.00,-0.00,-0.034,0.000,-0.000,1.000,1.000,1.000,1.000,1,102.0,102.0,804,804,0,0,0,0,3000,3000,115,0
24.62,climb_cruise,453.7,453.7,34995.4,91,6.84,0.00,360.00,6.82,15.0,125.0,0,0,-20.92,-0.00,-0.00,-0.013,0.000,-0.000,1.000,1.000,1.000,1.000,1,102.0,102.0,804,804,0,0,0,0,3000,3000,114,0
24.64,climb_cruise,453.7,453.7,34995.4,124,6.36,0.00,360.00,6.32,15.0,125.0,0,0,-28.37,-0.00,-0.00,0.008,0.000,-0.000,1.000,1.000,1.000,1.000,1,102.0,102.0,804,804,0,0,0,0,3000,3000,115,0
24.66,climb_cruise,453.7,453.7,34995.5,154,5.74,0.00,360.00,5.69,15.0,125.0,0,0,-34.96,-0.00,-0.00,0.030,0.000,-0.000,1.000,1.000,1.000,1.000,1,102.0,102.0,804,804,0,0,0,0,3000,3000,116,0
24.68,climb_cruise,453.7,453.7,34995.6,180,4.99,0.00,360.00,4.93,15.0,125.0,0,0,-40.61,-0.00,-0.00,0.053,0.000,-0.000,1.000,1.000,1.000,1.000,1,102.0,102.0,804,804,0,0,0,0,3000,3000,114,0
24.70,climb_cruise,453.7,453.7,34995.7,201,4.13,0.00,360.00,4.07,15.0,125.0,0,0,-45.30,-0.00,-0.00,0.075,0.000,-0.000,1.000,1.000,1.000,1.000,1,102.0,102.0,804,804,0,0,0,0,3000,3000,114,0
24.72,climb_cruise,453.7,453.7,34995.8,217,3.19,0.00,360.00,3.12,15.0,125.0,0,0,-49.05,0.00,-0.00,0.098,0.000,-0.000,1.000,1.000,1.000,1.000,1,102.0,102.0,804,804,0,0,0,0,3000,3000,114,0
24.74,climb_cruise,453.7,453.7,34996.0,227,2.18,0.00,360.00,2.11,15.0,125.0,0,0,-51.87,0.00,-0.00,0.121,0.000,-0.000,1.000,1.000,1.000,1.000,1,102.0,102.0,804,804,0,0,0,0,3000,3000,114,0
24.76,climb_cruise,453.7,453.7,34996.1,231,1.13,0.00,360.00,1.06,15.0,125.0,0,0,-53.11,0.00,-0.00,0.134,0.000,-0.000,1.000,1.000,1.000,1.000,1,102.0,102.0,804,804,0,0,0,0,3000,3000,115,0
24.78,climb_cruise,453.7,453.7,34996.2,228,0.07,0.00,360.00,-0.00,15.0,125.0,0,0,-52.45,0.00,-0.00,0.140,0.000,-0.000,1.000,1.000,1.000,1.000,1,102.0,102.0,804,804,0,0,0,0,3000,3000,114,0
24.80,climb_cruise,453.7,453.7,34996.4,218,-0.96,0.00,360.00,-1.03,15.0,125.0,0,0,-49.83,0.00,-0.00,0.140,0.000,-0.000,1.000,1.000,1.000,1.000,1,102.0,102.0,804,804,0,0,0,0,3000,3000,115,0
24.82,climb_cruise,453.8,453.8,34996.5,202,-1.92,0.00,360.00,-1.99,15.0,125.0,0,0,-45.34,0.00,-0.00,0.135,0.000,-0.000,1.000,1.000,1.000,1.000,1,102.0,102.0,804,804,0,0,0,0,3000,3000,115,0
24.84,climb_cruise,453.8,453.8,34996.6,180,-2.78,0.00,360.00,-2.85,15.0,125.0,0,0,-39.23,0.00,-0.00,0.126,0.000,-0.000,1.000,1.000,1.000,1.000,1,102.0,102.0,804,804,0,0,0,0,3000,3000,115,0
24.86,climb_cruise,453.8,453.8,34996.7,153,-3.50,0.00,360.00,-3.57,15.0,125.0,0,0,-31.80,0.00,-0.00,0.115,0.000,-0.000,1.000,1.000,1.000,1.000,1,102.0,102.0,804,804,0,0,0,0,3000,3000,115,0
24.88,climb_cruise,453.8,453.8,34996.8,122,-4.07,0.00,360.00,-4.13,15.0,125.0,0,0,-23.41,0.00,-0.00,0.100,0.000,-0.000,1.000,1.000,1.000,1.000,1,102.0,102.0,804,804,0,0,0,0,3000,3000,114,0
24.90,climb_cruise,453.8,453.8,34996.8,87,-4.47,0.00,360.00,-4.52,15.0,125.0,0,0,-14.44,0.00,0.00,0.084,0.000,-0.000,1.000,1.000,1.000,1.000,1,102.0,102.0,804,804,0,0,0,0,3000,3000,115,0
24.92,climb_cruise,453.8,453.8,34996.8,51,-4.68,0.00,360.00,-4.72,15.0,125.0,0,0,-5.22,0.00,0.00,0.067,0.000,-0.000,1.000,1.000,1.000,1.000,1,102.0,102.0,804,804,0,0,0,0,3000,3000,115,0
24.94,climb_cruise,453.8,453.8,34996.9,13,-4.71,0.00,360.00,-4.74,15.0,125.0,0,0,3.92,0.00,0.00,0.048,0.000,-0.000,1.000,1.000,1.000,1.000,1,102.0,102.0,804,804,0,0,0,0,3000,3000,115,0
24.96,climb_cruise,453.8,453.8,34996.8,-24,-4.56,0.00,360.00,-4.58,15.0,125.0,0,0,12.71,0.00,0.00,0.028,0.000,-0.000,1.000,1.000,1.000,1.000,1,102.0,102.0,804,804,0,0,0,0,3000,3000,115,0
24.98,climb_cruise,453.9,453.9,34996.8,-60,-4.23,0.00,360.00,-4.24,15.0,125.0,0,0,20.92,0.00,0.00,0.007,0.000,-0.000,1.000,1.000,1.000,1.000,1,102.0,102.0,804,804,0,0,0,0,3000,3000,115,0
25.00,climb_cruise,453.9,453.9,34996.8,-94,-3.75,0.00,360.00,-3.75,15.0,125.0,0,0,28.37,0.00,0.00,-0.015,0.000,-0.000,1.000,1.000,1.000,1.000,1,102.0,102.0,804,804,0,0,0,0,3000,3000,115,0
25.02,climb_cruise,453.9,453.9,34996.7,-125,-3.13,0.00,360.00,-3.11,15.0,125.0,0,0,34.96,0.00,0.00,-0.037,0.000,-0.000,1.000,1.000,1.000,1.000,1,102.0,102.0,804,804,0,0,0,0,3000,3000,114,0
25.04,climb_cruise,453.9,453.9,34996.6,-151,-2.38,0.00,360.00,-2.35,15.0,125.0,0,0,40.62,0.00,0.00,-0.059,0.000,-0.000,1.000,1.000,1.000,1.000,1,102.0,102.0,804,804,0,0,0,0,3000,3000,115,0
25.06,climb_cruise,453.9,453.9,34996.5,-173,-1.52,0.00,360.00,-1.49,15.0,125.0,0,0,45.31,0.00,0.00,-0.082,0.000,-0.000,1.000,1.000,1.000,1.000,1,102.0,102.0,804,804,0,0,0,0,3000,3000,114,0
25.08,climb_cruise,454.0,454.0,34996.4,-189,-0.58,0.00,360.00,-0.54,15.0,125.0,0,0,49.06,-0.00,0.00,-0.105,0.000,-0.000,1.000,1.000,1.000,1.000,1,102.0,102.0,804,804,0,0,0,0,3000,3000,116,0
25.10,climb_cruise,454.0,454.0,34996.3,-199,0.43,0.00,360.00,0.47,15.0,125.0,0,0,51.88,-0.00,0.00,-0.127,0.000,-0.000,1.000,1.000,1.000,1.000,1,102.0,102.0,804,804,0,0,0,0,3000,3000,114,0
25.12,climb_cruise,454.0,454.0,34996.1,-203,1.48,0.00,360.00,1.52,15.0,125.0,0,0,53.14,-0.00,0.00,-0.141,0.000,-0.000,1.000,1.000,1.000,1.000,1,102.0,102.0,804,804,0,0,0,0,3000,3000,114,0
25.14,climb_cruise,454.0,454.0,34996.0,-200,2.54,0.00,360.00,2.58,15.0,125.0,0,0,52.50,-0.00,0.00,-0.147,0.000,-0.000,1.000,1.000,1.000,1.000,1,102.0,102.0,804,804,0,0,0,0,3000,3000,115,0
25.16,climb_cruise,454.0,454.0,34995.9,-191,3.57,0.00,360.00,3.61,15.0,125.0,0,0,49.89,-0.00,0.00,-0.147,0.000,-0.000,1.000,1.000,1.000,1.000,1,102.0,102.0,804,804,0,0,0,0,3000,3000,115,0
25.18,climb_cruise,454.0,454.0,34995.8,-175,4.54,0.00,360.00,4.57,15.0,125.0,0,0,45.42,-0.00,0.00,-0.142,0.000,-0.000,1.000,1.000,1.000,1.000,1,102.0,102.0,804,804,0,0,0,0,3000,3000,115,0
25.20,climb_cruise,454.0,454.0,34995.7,-154,5.40,0.00,360.00,5.43,15.0,125.0,0,0,39.31,-0.00,0.00,-0.133,0.000,-0.000,1.000,1.000,1.000,1.000,1,102.0,102.0,804,804,0,0,0,0,3000,3000,114,0
25.22,climb_cruise,454.0,454.0,34995.6,-127,6.12,0.00,360.00,6.16,15.0,125.0,0,0,31.89,-0.00,0.00,-0.122,-0.000,-0.000,1.000,1.000,1.000,1.000,1,102.0,102.0,804,804,0,0,0,0,3000,3000,115,0
25.24,climb_cruise,454.0,454.0,34995.5,-96,6.69,0.00,360.00,6.72,15.0,125.0,0,0,23.50,-0.00,0.00,-0.108,-0.000,-0.000,1.000,1.000,1.000,1.000,1,102.0,102.0,804,804,0,0,0,0,3000,3000,114,0
25.26,climb_cruise,454.0,454.0,34995.5,-61,7.09,0.00,360.00,7.11,15.0,125.0,0,0,14.52,-0.00,0.00,-0.091,-0.000,-0.000,1.000,1.000,1.000,1.000,1,102.0,102.0,804,804,0,0,0,0,3000,3000,115,0
25.28,climb_cruise,454.0,454.0,34995.5,-25,7.30,0.00,360.00,7.32,15.0,125.0,0,0,5.30,-0.00,-0.00,-0.074,0.000,-0.000,1.000,1.000,1.000,1.000,1,102.0,102.0,804,804,0,0,0,0,3000,3000,115,0
25.30,climb_cruise,453.9,453.9,34995.5,13,7.33,0.00,360.00,7.34,15.0,125.0,0,0,-3.84,-0.00,-0.00,-0.055,0.000,-0.000,1.000,1.000,1.000,1.000,1,102.0,102.0,804,804,0,0,0,0,3000,3000,114,0
25.32,climb_cruise,453.9,453.9,34995.5,50,7.18,0.00,360.00,7.17,15.0,125.0,0,0,-12.64,-0.00,-0.00,-0.035,0.000,-0.000,1.000,1.000,1.000,1.000,1,102.0,102.0,804,804,0,0,0,0,3000,3000,116,0
25.34,climb_cruise,453.9,453.9,34995.5,86,6.86,0.00,360.00,6.84,15.0,125.0,0,0,-20.85,-0.00,-0.00,-0.014,0.000,-0.000,1.000,1.000,1.000,1.000,1,102.0,102.0,804,804,0,0,0,0,3000,3000,115,0
25.36,climb_cruise,453.9,453.9,34995.6,119,6.38,0.00,360.00,6.35,15.0,125.0,0,0,-28.31,-0.00,-0.00,0.007,0.000,-0.000,1.000,1.000,1.000,1.000,1,102.0,102.0,804,804,0,0,0,0,3000,3000,114,0
25.38,climb_cruise,453.9,453.9,34995.7,150,5.76,0.00,360.00,5.71,15.0,125.0,0,0,-34.90,-0.00,-0.00,0.029,0.000,-0.000,1.000,1.000,1.000,1.000,1,102.0,102.0,804,804,0,0,0,0,3000,3000,116,0
25.40,climb_cruise,453.8,453.8,34995.8,176,5.01,0.00,360.00,4.95,15.0,125.0,0,0,-40.56,-0.00,-0.00,0.052,0.000,-0.000,1.000,1.000,1.000,1.000,1,102.0,102.0,804,804,0,0,0,0,3000,3000,115,0
25.42,climb_cruise,453.8,453.8,34995.9,197,4.16,0.00,360.00,4.09,15.0,125.0,0,0,-45.26,-0.00,-0.00,0.074,0.000,-0.000,1.000,1.000,1.000,1.000,1,102.0,102.0,804,804,0,0,0,0,3000,3000,114,0
25.44,climb_cruise,453.8,453.8,34996.0,213,3.22,0.00,360.00,3.15,15.0,125.0,0,0,-49.01,0.00,-0.00,0.097,0.000,-0.000,1.000,1.000,1.000,1.000,1,102.0,102.0,804,804,0,0,0,0,3000,3000,115,0
25.46,climb_cruise,453.9,453.9,34996.1,223,2.21,0.00,360.00,2.14,15.0,125.0,0,0,-51.87,0.00,-0.00,0.121,0.000,-0.000,1.000,1.000,1.000,1.000,1,102.0,102.0,804,804,0,0,0,0,3000,3000,115,0
25.48,climb_cruise,453.9,453.9,34996.2,227,1.16,0.00,360.00,1.09,15.0,125.0,0,0,-53.17,0.00,-0.00,0.134,0.000,-0.000,1.000,1.000,1.000,1.000,1,102.0,102.0,804,804,0,0,0,0,3000,3000,115,0
25.50,climb_cruise,453.9,453.9,34996.4,224,0.09,0.00,360.00,0.02,15.0,125.0,0,0,-52.59,0.00,-0.00,0.140,0.000,-0.000,1.000,1.000,1.000,1.000,1,102.0,102.0,804,804,0,0,0,0,3000,3000,114,0
25.52,climb_cruise,453.9,453.9,34996.5,215,-0.94,0.00,360.00,-1.01,15.0,125.0,0,0,-50.03,0.00,-0.00,0.141,0.000,-0.000,1.000,1.000,1.000,1.000,1,102.0,102.0,804,804,0,0,0,0,3000,3000,114,0
25.54,climb_cruise,453.9,453.9,34996.6,199,-1.91,0.00,360.00,-1.97,15.0,125.0,0,0,-45.60,0.00,-0.00,0.136,0.000,-0.000,1.000,1.000,1.000,1.000,1,102.0,102.0,804,804,0,0,0,0,3000,3000,114,0
25.56,climb_cruise,453.9,453.9,34996.7,177,-2.77,0.00,360.00,-2.84,15.0,125.0,0,0,-39.53,0.00,-0.00,0.127,0.000,-0.000,1.000,1.000,1.000,1.000,1,102.0,102.0,804,804,0,0,0,0,3000,3000,116,0
25.58,climb_cruise,454.0,454.0,34996.8,150,-3.50,0.00,360.00,-3.56,15.0,125.0,0,0,-32.14,0.00,-0.00,0.116,0.000,-0.000,1.000,1.000,1.000,1.000,1,102.0,102.0,804,804,0,0,0,0,3000,3000,116,0
25.60,climb_cruise,454.0,454.0,34996.9,119,-4.08,0.00,360.00,-4.13,15.0,125.0,0,0,-23.78,0.00,-0.00,0.102,0.000,-0.000,1.000,1.000,1.000,1.000,1,102.0,102.0,804,804,0,0,0,0,3000,3000,115,0
25.62,climb_cruise,454.0,454.0,34997.0,85,-4.48,0.00,360.00,-4.53,15.0,125.0,0,0,-14.81,0.00,0.00,0.086,0.000,-0.000,1.000,1.000,1.000,1.000,1,102.0,102.0,804,804,0,0,0,0,3000,3000,116,0
25.64,climb_cruise,454.0,454.0,34997.0,48,-4.70,0.00,360.00,-4.74,15.0,125.0,0,0,-5.58,0.00,0.00,0.068,0.000,-0.000,1.000,1.000,1.000,1.000,1,102.0,102.0,804,804,0,0,0,0,3000,3000,115,0
25.66,climb_cruise,454.0,454.0,34997.0,10,-4.74,0.00,360.00,-4.77,15.0,125.0,0,0,3.57,0.00,0.00,0.049,0.000,-0.000,1.000,1.000,1.000,1.000,1,102.0,102.0,804,804,0,0,0,0,3000,3000,115,0
25.68,climb_cruise,454.0,454.0,34997.0,-27,-4.59,0.00,360.00,-4.61,15.0,125.0,0,0,12.38,0.00,0.00,0.029,0.000,-0.000,1.000,1.000,1.000,1.000,1,102.0,102.0,804,804,0,0,0,0,3000,3000,115,0
25.70,climb_cruise,454.0,454.0,34997.0,-64,-4.27,0.00,360.00,-4.28,15.0,125.0,0,0,20.62,0.00,0.00,0.008,0.000,-0.000,1.000,1.000,1.000,1.000,1,102.0,102.0,804,804,0,0,0,0,3000,3000,116,0
25.72,climb_cruise,454.0,454.0,34996.9,-98,-3.80,0.00,360.00,-3.79,15.0,125.0,0,0,28.11,0.00,0.00,-0.013,0.000,-0.000,1.000,1.000,1.000,1.000,1,102.0,102.0,804,804,0,0,0,0,3000,3000,115,0
25.74,climb_cruise,454.1,454.1,34996.8,-128,-3.18,0.00,360.00,-3.16,15.0,125.0,0,0,34.73,0.00,0.00,-0.035,0.000,-0.000,1.000,1.000,1.000,1.000,1,102.0,102.0,804,804,0,0,0,0,3000,3000,114,0
25.76,climb_cruise,454.1,454.1,34996.7,-155,-2.43,0.00,360.00,-2.40,15.0,125.0,0,0,40.42,0.00,0.00,-0.057,0.000,-0.000,1.000,1.000,1.000,1.000,1,102.0,102.0,804,804,0,0,0,0,3000,3000,115,0
25.78,climb_cruise,454.1,454.1,34996.6,-177,-1.58,0.00,360.00,-1.54,15.0,125.0,0,0,45.15,0.00,0.00,-0.080,0.000,-0.000,1.000,1.000,1.000,1.000,1,102.0,102.0,804,804,0,0,0,0,3000,3000,115,0
25.80,climb_cruise,454.1,454.1,34996.5,-193,-0.64,0.00,360.00,-0.60,15.0,125.0,0,0,48.94,-0.00,0.00,-0.103,0.000,-0.000,1.000,1.000,1.000,1.000,1,102.0,102.0,804,804,0,0,0,0,3000,3000,115,0
25.82,climb_cruise,454.1,454.1,34996.4,-204,0.36,0.00,360.00,0.41,15.0,125.0,0,0,51.82,-0.00,0.00,-0.126,0.000,-0.000,1.000,1.000,1.000,1.000,1,102.0,102.0,804,804,0,0,0,0,3000,3000,115,0
25.84,climb_cruise,454.2,454.2,34996.3,-208,1.41,0.00,360.00,1.46,15.0,125.0,0,0,53.14,-0.00,0.00,-0.140,0.000,-0.000,1.000,1.000,1.000,1.000,1,102.0,102.0,804,804,0,0,0,0,3000,3000,116,0
25.86,climb_cruise,454.2,454.2,34996.2,-206,2.48,0.00,360.00,2.52,15.0,125.0,0,0,52.57,-0.00,0.00,-0.146,0.000,-0.000,1.000,1.000,1.000,1.000,1,102.0,102.0,804,804,0,0,0,0,3000,3000,116,0
25.88,climb_cruise,454.2,454.2,34996.0,-197,3.51,0.00,360.00,3.56,15.0,125.0,0,0,50.02,-0.00,0.00,-0.146,0.000,-0.000,1.000,1.000,1.000,1.000,1,102.0,102.0,804,804,0,0,0,0,3000,3000,114,0
25.90,climb_cruise,454.2,454.2,34995.9,-181,4.48,0.00,360.00,4.52,15.0,125.0,0,0,45.60,-0.00,0.00,-0.142,0.000,-0.000,1.000,1.000,1.000,1.000,1,102.0,102.0,804,804,0,0,0,0,3000,3000,114,0
25.92,climb_cruise,454.2,454.2,34995.8,-160,5.34,0.00,360.00,5.38,15.0,125.0,0,0,39.53,-0.00,0.00,-0.133,-0.000,-0.000,1.000,1.000,1.000,1.000,1,102.0,102.0,804,804,0,0,0,0,3000,3000,115,0
25.94,climb_cruise,454.2,454.2,34995.7,-134,6.07,0.00,360.00,6.11,15.0,125.0,0,0,32.13,-0.00,0.00,-0.121,-0.000,-0.000,1.000,1.000,1.000,1.000,1,102.0,102.0,804,804,0,0,0,0,3000,3000,116,0
25.96,climb_cruise,454.2,454.2,34995.7,-103,6.65,0.00,360.00,6.68,15.0,125.0,0,0,23.77,-0.00,0.00,-0.107,-0.000,-0.000,1.000,1.000,1.000,1.000,1,102.0,102.0,804,804,0,0,0,0,3000,3000,116,0
25.98,climb_cruise,454.1,454.1,34995.6,-68,7.05,0.00,360.00,7.08,15.0,125.0,0,0,14.79,-0.00,0.00,-0.091,-0.000,-0.000,1.000,1.000,1.000,1.000,1,102.0,102.0,804,804,0,0,0,0,3000,3000,115,0
26.00,climb_cruise,454.1,454.1,34995.6,-32,7.27,0.00,360.00,7.29,15.0,125.0,0,0,5.57,-0.00,-0.00,-0.073,-0.000,-0.000,1.000,1.000,1.000,1.000,1,102.0,102.0,804,804,0,0,0,0,3000,3000,114,0
26.02,climb_cruise,454.1,454.1,34995.6,5,7.30,0.00,360.00,7.31,15.0,125.0,0,0,-3.59,-0.00,-0.00,-0.055,0.000,-0.000,1.000,1.000,1.000,1.000,1,102.0,102.0,804,804,0,0,0,0,3000,3000,115,0
26.04,climb_cruise,454.1,454.1,34995.6,42,7.16,0.00,360.00,7.16,15.0,125.0,0,0,-12.40,-0.00,-0.00,-0.035,0.000,-0.000,1.000,1.000,1.000,1.000,1,102.0,102.0,804,804,0,0,0,0,3000,3000,116,0
26.06,climb_cruise,454.1,454.1,34995.6,78,6.84,0.00,360.00,6.83,15.0,125.0,0,0,-20.63,-0.00,-0.00,-0.014,0.000,-0.000,1.000,1.000,1.000,1.000,1,102.0,102.0,804,804,0,0,0,0,3000,3000,115,0
26.08,climb_cruise,454.0,454.0,34995.7,112,6.36,0.00,360.00,6.34,15.0,125.0,0,0,-28.12,-0.00,-0.00,0.008,0.000,-0.000,1.000,1.000,1.000,1.000,1,102.0,102.0,804,804,0,0,0,0,3000,3000,115,0
26.10,climb_cruise,454.0,454.0,34995.8,142,5.74,0.00,360.00,5.71,15.0,125.0,0,0,-34.75,-0.00,-0.00,0.029,0.000,-0.000,1.000,1.000,1.000,1.000,1,102.0,102.0,804,804,0,0,0,0,3000,3000,116,0
26.12,climb_cruise,454.0,454.0,34995.9,168,5.00,0.00,360.00,4.95,15.0,125.0,0,0,-40.43,-0.00,-0.00,0.052,0.000,-0.000,1.000,1.000,1.000,1.000,1,102.0,102.0,804,804,0,0,0,0,3000,3000,115,0
26.14,climb_cruise,454.0,454.0,34996.0,190,4.15,0.00,360.00,4.09,15.0,125.0,0,0,-45.16,-0.00,-0.00,0.074,0.000,-0.000,1.000,1.000,1.000,1.000,1,102.0,102.0,804,804,0,0,0,0,3000,3000,115,0
26.16,climb_cruise,454.0,454.0,34996.1,206,3.21,0.00,360.00,3.15,15.0,125.0,0,0,-48.94,0.00,-0.00,0.097,0.000,-0.000,1.000,1.000,1.000,1.000,1,102.0,102.0,804,804,0,0,0,0,3000,3000,115,0
26.18,climb_cruise,454.0,454.0,34996.2,216,2.20,0.00,360.00,2.14,15.0,125.0,0,0,-51.79,0.00,-0.00,0.120,0.000,-0.000,1.000,1.000,1.000,1.000,1,102.0,102.0,804,804,0,0,0,0,3000,3000,114,0
26.20,climb_cruise,454.0,454.0,34996.3,220,1.15,0.00,360.00,1.09,15.0,125.0,0,0,-53.06,0.00,-0.00,0.134,0.000,-0.000,1.000,1.000,1.000,1.000,1,102.0,102.0,804,804,0,0,0,0,3000,3000,115,0
26.22,climb_cruise,454.1,454.1,34996.5,217,0.09,0.00,360.00,0.03,15.0,125.0,0,0,-52.44,0.00,-0.00,0.140,0.000,-0.000,1.000,1.000,1.000,1.000,1,102.0,102.0,804,804,0,0,0,0,3000,3000,116,0
26.24,climb_cruise,454.1,454.1,34996.6,208,-0.94,0.00,360.00,-1.00,15.0,125.0,0,0,-49.84,0.00,-0.00,0.139,0.000,-0.000,1.000,1.000,1.000,1.000,1,102.0,102.0,804,804,0,0,0,0,3000,3000,115,0
26.26,climb_cruise,454.1,454.1,34996.7,192,-1.90,0.00,360.00,-1.96,15.0,125.0,0,0,-45.37,0.00,-0.00,0.135,0.000,-0.000,1.000,1.000,1.000,1.000,1,102.0,102.0,804,804,0,0,0,0,3000,3000,115,0
26.28,climb_cruise,454.1,454.1,34996.8,170,-2.76,0.00,360.00,-2.82,15.0,125.0,0,0,-39.27,0.00,-0.00,0.126,0.000,-0.000,1.000,1.000,1.000,1.000,1,102.0,102.0,804,804,0,0,0,0,3000,3000,116,0
26.30,climb_cruise,454.1,454.1,34996.9,144,-3.49,0.00,360.00,-3.54,15.0,125.0,0,0,-31.84,0.00,-0.00,0.114,0.000,-0.000,1.000,1.000,1.000,1.000,1,102.0,102.0,804,804,0,0,0,0,3000,3000,115,0
26.32,climb_cruise,454.1,454.1,34997.0,112,-4.05,0.00,360.00,-4.10,15.0,125.0,0,0,-23.46,0.00,-0.00,0.100,0.000,-0.000,1.000,1.000,1.000,1.000,1,102.0,102.0,804,804,0,0,0,0,3000,3000,115,0
26.34,climb_cruise,454.1,454.1,34997.0,78,-4.45,0.00,360.00,-4.49,15.0,125.0,0,0,-14.48,0.00,0.00,0.084,0.000,-0.000,1.000,1.000,1.000,1.000,1,102.0,102.0,804,804,0,0,0,0,3000,3000,116,0
26.36,climb_cruise,454.2,454.2,34997.1,42,-4.66,0.00,360.00,-4.70,15.0,125.0,0,0,-5.26,0.00,0.00,0.066,0.000,-0.000,1.000,1.000,1.000,1.000,1,102.0,102.0,804,804,0,0,0,0,3000,3000,115,0
26.38,climb_cruise,454.2,454.2,34997.1,4,-4.69,0.00,360.00,-4.72,15.0,125.0,0,0,3.89,0.00,0.00,0.047,0.000,-0.000,1.000,1.000,1.000,1.000,1,102.0,102.0,804,804,0,0,0,0,3000,3000,115,0
26.40,climb_cruise,454.2,454.2,34997.1,-33,-4.54,0.00,360.00,-4.55,15.0,125.0,0,0,12.68,0.00,0.00,0.027,0.000,-0.000,1.000,1.000,1.000,1.000,1,102.0,102.0,804,804,0,0,0,0,3000,3000,115,0
26.42,climb_cruise,454.2,454.2,34997.0,-69,-4.22,0.00,360.00,-4.22,15.0,125.0,0,0,20.90,0.00,0.00,0.006,0.000,-0.000,1.000,1.000,1.000,1.000,1,102.0,102.0,804,804,0,0,0,0,3000,3000,115,0
26.44,climb_cruise,454.2,454.2,34997.0,-103,-3.74,0.00,360.00,-3.72,15.0,125.0,0,0,28.36,0.00,0.00,-0.015,0.000,-0.000,1.000,1.000,1.000,1.000,1,102.0,102.0,804,804,0,0,0,0,3000,3000,116,0
26.46,climb_cruise,454.2,454.2,34996.9,-133,-3.11,0.00,360.00,-3.09,15.0,125.0,0,0,34.96,0.00,0.00,-0.037,0.000,-0.000,1.000,1.000,1.000,1.000,1,102.0,102.0,804,804,0,0,0,0,3000,3000,115,0
26.48,climb_cruise,454.2,454.2,34996.8,-159,-2.36,0.00,360.00,-2.33,15.0,125.0,0,0,40.62,0.00,0.00,-0.059,0.000,-0.000,1.000,1.000,1.000,1.000,1,102.0,102.0,804,804,0,0,0,0,3000,3000,115,0
26.50,climb_cruise,454.3,454.3,34996.7,-180,-1.51,0.00,360.00,-1.47,15.0,125.0,0,0,45.31,0.00,0.00,-0.082,0.000,-0.000,1.000,1.000,1.000,1.000,1,102.0,102.0,804,804,0,0,0,0,3000,3000,115,0
26.52,climb_cruise,454.3,454.3,34996.6,-196,-0.57,0.00,360.00,-0.52,15.0,125.0,0,0,49.06,-0.00,0.00,-0.105,0.000,-0.000,1.000,1.000,1.000,1.000,1,102.0,102.0,804,804,0,0,0,0,3000,3000,115,0
26.54,climb_cruise,454.3,454.3,34996.5,-207,0.44,0.00,360.00,0.49,15.0,125.0,0,0,51.89,-0.00,0.00,-0.128,0.000,-0.000,1.000,1.000,1.000,1.000,1,102.0,102.0,804,804,0,0,0,0,3000,3000,116,0
26.56,climb_cruise,454.3,454.3,34996.3,-210,1.49,0.00,360.00,1.54,15.0,125.0,0,0,53.15,-0.00,0.00,-0.141,0.000,-0.000,1.000,1.000,1.000,1.000,1,102.0,102.0,804,804,0,0,0,0,3000,3000,115,0
26.58,climb_cruise,454.3,454.3,34996.2,-207,2.55,0.00,360.00,2.60,15.0,125.0,0,0,52.51,-0.00,0.00,-0.147,0.000,-0.000,1.000,1.000,1.000,1.000,1,102.0,102.0,804,804,0,0,0,0,3000,3000,115,0
26.60,climb_cruise,454.4,454.4,34996.1,-198,3.59,0.00,360.00,3.63,15.0,125.0,0,0,49.90,-0.00,0.00,-0.147,0.000,-0.000,1.000,1.000,1.000,1.000,1,102.0,102.0,804,804,0,0,0,0,3000,3000,115,0
26.62,climb_cruise,454.4,454.4,34996.0,-182,4.55,0.00,360.00,4.60,15.0,125.0,0,0,45.42,-0.00,0.00,-0.142,0.000,-0.000,1.000,1.000,1.000,1.000,1,102.0,102.0,804,804,0,0,0,0,3000,3000,115,0
26.64,climb_cruise,454.4,454.4,34995.9,-160,5.41,0.00,360.00,5.45,15.0,125.0,0,0,39.30,-0.00,0.00,-0.134,-0.000,-0.000,1.000,1.000,1.000,1.000,1,102.0,102.0,804,804,0,0,0,0,3000,3000,115,0
26.66,climb_cruise,454.3,454.3,34995.8,-133,6.14,0.00,360.00,6.18,15.0,125.0,0,0,31.87,-0.00,0.00,-0.122,-0.000,-0.000,1.000,1.000,1.000,1.000,1,102.0,102.0,804,804,0,0,0,0,3000,3000,115,0
26.68,climb_cruise,454.3,454.3,34995.7,-102,6.71,0.00,360.00,6.74,15.0,125.0,0,0,23.48,-0.00,0.00,-0.108,-0.000,-0.000,1.000,1.000,1.000,1.000,1,102.0,102.0,804,804,0,0,0,0,3000,3000,114,0
26.70,climb_cruise,454.3,454.3,34995.7,-67,7.10,0.00,360.00,7.13,15.0,125.0,0,0,14.49,-0.00,0.00,-0.092,-0.000,-0.000,1.000,1.000,1.000,1.000,1,102.0,102.0,804,804,0,0,0,0,3000,3000,115,0
26.72,climb_cruise,454.3,454.3,34995.6,-30,7.32,0.00,360.00,7.34,15.0,125.0,0,0,5.27,-0.00,-0.00,-0.074,-0.000,-0.000,1.000,1.000,1.000,1.000,1,102.0,102.0,804,804,0,0,0,0,3000,3000,115,0
26.74,climb_cruise,454.3,454.3,34995.6,7,7.35,0.00,360.00,7.36,15.0,125.0,0,0,-3.88,-0.00,-0.00,-0.055,0.000,-0.000,1.000,1.000,1.000,1.000,1,102.0,102.0,804,804,0,0,0,0,3000,3000,115,0
26.76,climb_cruise,454.2,454.2,34995.6,45,7.19,0.00,360.00,7.19,15.0,125.0,0,0,-12.67,-0.00,-0.00,-0.035,0.000,-0.000,1.000,1.000,1.000,1.000,1,102.0,102.0,804,804,0,0,0,0,3000,3000,116,0
26.78,climb_cruise,454.2,454.2,34995.7,81,6.87,0.00,360.00,6.86,15.0,125.0,0,0,-20.89,-0.00,-0.00,-0.014,0.000,-0.000,1.000,1.000,1.000,1.000,1,102.0,102.0,804,804,0,0,0,0,3000,3000,115,0
26.80,climb_cruise,454.2,454.2,34995.7,115,6.39,0.00,360.00,6.36,15.0,125.0,0,0,-28.35,-0.00,-0.00,0.007,0.000,-0.000,1.000,1.000,1.000,1.000,1,102.0,102.0,804,804,0,0,0,0,3000,3000,116,0
26.82,climb_cruise,454.2,454.2,34995.8,145,5.77,0.00,360.00,5.73,15.0,125.0,0,0,-34.94,-0.00,-0.00,0.029,0.000,-0.000,1.000,1.000,1.000,1.000,1,102.0,102.0,804,804,0,0,0,0,3000,3000,115,0
26.84,climb_cruise,454.2,454.2,34995.9,171,5.02,0.00,360.00,4.97,15.0,125.0,0,0,-40.59,-0.00,-0.00,0.051,0.000,-0.000,1.000,1.000,1.000,1.000,1,102.0,102.0,804,804,0,0,0,0,3000,3000,116,0
26.86,climb_cruise,454.2,454.2,34996.0,193,4.16,0.00,360.00,4.11,15.0,125.0,0,0,-45.28,-0.00,-0.00,0.074,0.000,-0.000,1.000,1.000,1.000,1.000,1,102.0,102.0,804,804,0,0,0,0,3000,3000,116,0
26.88,climb_cruise,454.2,454.2,34996.1,209,3.22,0.00,360.00,3.16,15.0,125.0,0,0,-49.03,0.00,-0.00,0.097,0.000,-0.000,1.000,1.000,1.000,1.000,1,102.0,102.0,804,804,0,0,0,0,3000,3000,116,0
26.90,climb_cruise,454.2,454.2,34996.3,219,2.22,0.00,360.00,2.15,15.0,125.0,0,0,-51.88,0.00,-0.00,0.120,0.000,-0.000,1.000,1.000,1.000,1.000,1,102.0,102.0,804,804,0,0,0,0,3000,3000,116,0
26.92,climb_cruise,454.2,454.2,34996.4,223,1.16,0.00,360.00,1.10,15.0,125.0,0,0,-53.17,0.00,-0.00,0.134,0.000,-0.000,1.000,1.000,1.000,1.000,1,102.0,102.0,804,804,0,0,0,0,3000,3000,114,0
26.94,climb_cruise,454.2,454.2,34996.5,221,0.10,0.00,360.00,0.04,15.0,125.0,0,0,-52.57,0.00,-0.00,0.140,0.000,-0.000,1.000,1.000,1.000,1.000,1,102.0,102.0,804,804,0,0,0,0,3000,3000,115,0
26.96,climb_cruise,454.2,454.2,34996.7,211,-0.93,0.00,360.00,-1.00,15.0,125.0,0,0,-50.00,0.00,-0.00,0.140,0.000,-0.000,1.000,1.000,1.000,1.000,1,102.0,102.0,804,804,0,0,0,0,3000,3000,115,0
26.98,climb_cruise,454.3,454.3,34996.8,196,-1.90,0.00,360.00,-1.96,15.0,125.0,0,0,-45.57,0.00,-0.00,0.136,0.000,-0.000,1.000,1.000,1.000,1.000,1,102.0,102.0,804,804,0,0,0,0,3000,3000,116,0
27.00,climb_cruise,454.3,454.3,34996.9,174,-2.76,0.00,360.00,-2.82,15.0,125.0,0,0,-39.49,0.00,-0.00,0.127,0.000,-0.000,1.000,1.000,1.000,1.000,1,102.0,102.0,804,804,0,0,0,0,3000,3000,115,0
27.02,climb_cruise,454.3,454.3,34997.0,147,-3.49,0.00,360.00,-3.55,15.0,125.0,0,0,-32.09,0.00,-0.00,0.115,0.000,-0.000,1.000,1.000,1.000,1.000,1,102.0,102.0,804,804,0,0,0,0,3000,3000,116,0
27.04,climb_cruise,454.3,454.3,34997.1,116,-4.07,0.00,360.00,-4.12,15.0,125.0,0,0,-23.71,0.00,0.00,0.101,0.000,-0.000,1.000,1.000,1.000,1.000,1,102.0,102.0,804,804,0,0,0,0,3000,3000,116,0
27.06,climb_cruise,454.3,454.3,34997.1,82,-4.47,0.00,360.00,-4.51,15.0,125.0,0,0,-14.74,0.00,0.00,0.085,0.000,-0.000,1.000,1.000,1.000,1.000,1,102.0,102.0,804,804,0,0,0,0,3000,3000,114,0
27.08,climb_cruise,454.3,454.3,34997.1,45,-4.69,0.00,360.00,-4.72,15.0,125.0,0,0,-5.51,0.00,0.00,0.067,0.000,-0.000,1.000,1.000,1.000,1.000,1,102.0,102.0,804,804,0,0,0,0,3000,3000,115,0
27.10,climb_cruise,454.3,454.3,34997.1,7,-4.72,0.00,360.00,-4.75,15.0,125.0,0,0,3.65,0.00,0.00,0.049,0.000,-0.000,1.000,1.000,1.000,1.000,1,102.0,102.0,804,804,0,0,0,0,3000,3000,115,0
27.12,climb_cruise,454.3,454.3,34997.1,-30,-4.57,0.00,360.00,-4.59,15.0,125.0,0,0,12.46,0.00,0.00,0.029,0.000,-0.000,1.000,1.000,1.000,1.000,1,102.0,102.0,804,804,0,0,0,0,3000,3000,116,0
27.14,climb_cruise,454.4,454.4,34997.1,-66,-4.25,0.00,360.00,-4.26,15.0,125.0,0,0,20.69,0.00,0.00,0.008,0.000,-0.000,1.000,1.000,1.000,1.000,1,102.0,102.0,804,804,0,0,0,0,3000,3000,115,0
27.16,climb_cruise,454.4,454.4,34997.0,-100,-3.78,0.00,360.00,-3.77,15.0,125.0,0,0,28.18,0.00,0.00,-0.014,0.000,-0.000,1.000,1.000,1.000,1.000,1,102.0,102.0,804,804,0,0,0,0,3000,3000,115,0
27.18,climb_cruise,454.4,454.4,34997.0,-131,-3.16,0.00,360.00,-3.14,15.0,125.0,0,0,34.80,0.00,0.00,-0.036,0.000,-0.000,1.000,1.000,1.000,1.000,1,102.0,102.0,804,804,0,0,0,0,3000,3000,115,0
27.20,climb_cruise,454.4,454.4,34996.9,-157,-2.41,0.00,360.00,-2.38,15.0,125.0,0,0,40.48,0.00,0.00,-0.058,0.000,-0.000,1.000,1.000,1.000,1.000,1,102.0,102.0,804,804,0,0,0,0,3000,3000,116,0
27.22,climb_cruise,454.4,454.4,34996.8,-179,-1.56,0.00,360.00,-1.52,15.0,125.0,0,0,45.20,0.00,0.00,-0.081,0.000,-0.000,1.000,1.000,1.000,1.000,1,102.0,102.0,804,804,0,0,0,0,3000,3000,114,0
27.24,climb_cruise,454.4,454.4,34996.7,-195,-0.62,0.00,360.00,-0.57,15.0,125.0,0,0,48.97,-0.00,0.00,-0.103,0.000,-0.000,1.000,1.000,1.000,1.000,1,102.0,102.0,804,804,0,0,0,0,3000,3000,115,0
27.26,climb_cruise,454.5,454.5,34996.5,-205,0.39,0.00,360.00,0.44,15.0,125.0,0,0,51.85,-0.00,0.00,-0.127,0.000,-0.000,1.000,1.000,1.000,1.000,1,102.0,102.0,804,804,0,0,0,0,3000,3000,114,0
27.28,climb_cruise,454.5,454.5,34996.4,-210,1.44,0.00,360.00,1.49,15.0,125.0,0,0,53.16,-0.00,0.00,-0.140,0.000,-0.000,1.000,1.000,1.000,1.000,1,102.0,102.0,804,804,0,0,0,0,3000,3000,115,0
27.30,climb_cruise,454.5,454.5,34996.3,-207,2.50,0.00,360.00,2.55,15.0,125.0,0,0,52.58,-0.00,0.00,-0.147,0.000,-0.000,1.000,1.000,1.000,1.000,1,102.0,102.0,804,804,0,0,0,0,3000,3000,114,0
27.32,climb_cruise,454.5,454.5,34996.2,-198,3.54,0.00,360.00,3.58,15.0,125.0,0,0,50.02,-0.00,0.00,-0.147,0.000,-0.000,1.000,1.000,1.000,1.000,1,102.0,102.0,804,804,0,0,0,0,3000,3000,116,0
27.34,climb_cruise,454.5,454.5,34996.1,-182,4.50,0.00,360.00,4.55,15.0,125.0,0,0,45.58,-0.00,0.00,-0.142,0.000,-0.000,1.000,1.000,1.000,1.000,1,102.0,102.0,804,804,0,0,0,0,3000,3000,115,0
27.36,climb_cruise,454.5,454.5,34996.0,-160,5.37,0.00,360.00,5.41,15.0,125.0,0,0,39.50,-0.00,0.00,-0.133,-0.000,-0.000,1.000,1.000,1.000,1.000,1,102.0,102.0,804,804,0,0,0,0,3000,3000,115,0
27.38,climb_cruise,454.5,454.5,34995.9,-134,6.10,0.00,360.00,6.14,15.0,125.0,0,0,32.10,-0.00,0.00,-0.122,-0.000,-0.000,1.000,1.000,1.000,1.000,1,102.0,102.0,804,804,0,0,0,0,3000,3000,114,0
27.40,climb_cruise,454.5,454.5,34995.8,-102,6.67,0.00,360.00,6.71,15.0,125.0,0,0,23.72,-0.00,0.00,-0.108,-0.000,-0.000,1.000,1.000,1.000,1.000,1,102.0,102.0,804,804,0,0,0,0,3000,3000,114,0
27.42,climb_cruise,454.5,454.5,34995.7,-68,7.07,0.00,360.00,7.10,15.0,125.0,0,0,14.74,-0.00,0.00,-0.092,-0.000,-0.000,1.000,1.000,1.000,1.000,1,102.0,102.0,804,804,0,0,0,0,3000,3000,114,0
27.44,climb_cruise,454.5,454.5,34995.7,-31,7.29,0.00,360.00,7.31,15.0,125.0,0,0,5.51,-0.00,-0.00,-0.074,-0.000,-0.000,1.000,1.000,1.000,1.000,1,102.0,102.0,804,804,0,0,0,0,3000,3000,114,0
27.46,climb_cruise,454.4,454.4,34995.7,6,7.32,0.00,360.00,7.33,15.0,125.0,0,0,-3.65,-0.00,-0.00,-0.055,-0.000,-0.000,1.000,1.000,1.000,1.000,1,102.0,102.0,804,804,0,0,0,0,3000,3000,115,0
27.48,climb_cruise,454.4,454.4,34995.7,43,7.18,0.00,360.00,7.18,15.0,125.0,0,0,-12.46,-0.00,-0.00,-0.035,0.000,-0.000,1.000,1.000,1.000,1.000,1,102.0,102.0,804,804,0,0,0,0,3000,3000,115,0
27.50,climb_cruise,454.4,454.4,34995.8,80,6.86,0.00,360.00,6.85,15.0,125.0,0,0,-20.69,-0.00,-0.00,-0.014,0.000,-0.000,1.000,1.000,1.000,1.000,1,102.0,102.0,804,804,0,0,0,0,3000,3000,116,0
27.52,climb_cruise,454.4,454.4,34995.8,113,6.38,0.00,360.00,6.36,15.0,125.0,0,0,-28.18,-0.00,-0.00,0.007,0.000,-0.000,1.000,1.000,1.000,1.000,1,102.0,102.0,804,804,0,0,0,0,3000,3000,116,0
27.54,climb_cruise,454.4,454.4,34995.9,144,5.76,0.00,360.00,5.72,15.0,125.0,0,0,-34.79,-0.00,-0.00,0.029,0.000,-0.000,1.000,1.000,1.000,1.000,1,102.0,102.0,804,804,0,0,0,0,3000,3000,116,0
27.56,climb_cruise,454.3,454.3,34996.0,170,5.01,0.00,360.00,4.97,15.0,125.0,0,0,-40.47,-0.00,-0.00,0.051,0.000,-0.000,1.000,1.000,1.000,1.000,1,102.0,102.0,804,804,0,0,0,0,3000,3000,115,0
27.58,climb_cruise,454.3,454.3,34996.1,192,4.16,0.00,360.00,4.11,15.0,125.0,0,0,-45.19,-0.00,-0.00,0.074,0.000,-0.000,1.000,1.000,1.000,1.000,1,102.0,102.0,804,804,0,0,0,0,3000,3000,116,0
27.60,climb_cruise,454.3,454.3,34996.2,208,3.22,0.00,360.00,3.16,15.0,125.0,0,0,-48.96,0.00,-0.00,0.097,0.000,-0.000,1.000,1.000,1.000,1.000,1,102.0,102.0,804,804,0,0,0,0,3000,3000,115,0
27.62,climb_cruise,454.4,454.4,34996.4,218,2.22,0.00,360.00,2.15,15.0,125.0,0,0,-51.83,0.00,-0.00,0.120,0.000,-0.000,1.000,1.000,1.000,1.000,1,102.0,102.0,804,804,0,0,0,0,3000,3000,115,0
27.64,climb_cruise,454.4,454.4,34996.5,222,1.17,0.00,360.00,1.10,15.0,125.0,0,0,-53.14,0.00,-0.00,0.134,0.000,-0.000,1.000,1.000,1.000,1.000,1,102.0,102.0,804,804,0,0,0,0,3000,3000,114,0
27.66,climb_cruise,454.4,454.4,34996.6,220,0.10,0.00,360.00,0.04,15.0,125.0,0,0,-52.56,0.00,-0.00,0.140,0.000,-0.000,1.000,1.000,1.000,1.000,1,102.0,102.0,804,804,0,0,0,0,3000,3000,114,0
27.68,climb_cruise,454.4,454.4,34996.7,211,-0.93,0.00,360.00,-0.99,15.0,125.0,0,0,-50.00,0.00,-0.00,0.140,0.000,-0.000,1.000,1.000,1.000,1.000,1,102.0,102.0,804,804,0,0,0,0,3000,3000,116,0
27.70,climb_cruise,454.4,454.4,34996.9,195,-1.90,0.00,360.00,-1.96,15.0,125.0,0,0,-45.57,0.00,-0.00,0.136,0.000,-0.000,1.000,1.000,1.000,1.000,1,102.0,102.0,804,804,0,0,0,0,3000,3000,114,0
27.72,climb_cruise,454.4,454.4,34997.0,173,-2.76,0.00,360.00,-2.82,15.0,125.0,0,0,-39.49,0.00,-0.00,0.127,0.000,-0.000,1.000,1.000,1.000,1.000,1,102.0,102.0,804,804,0,0,0,0,3000,3000,114,0
27.74,climb_cruise,454.4,454.4,34997.1,146,-3.49,0.00,360.00,-3.55,15.0,125.0,0,0,-32.09,0.00,-0.00,0.115,0.000,-0.000,1.000,1.000,1.000,1.000,1,102.0,102.0,804,804,0,0,0,0,3000,3000,114,0
27.76,climb_cruise,454.5,454.5,34997.1,115,-4.06,0.00,360.00,-4.11,15.0,125.0,0,0,-23.72,0.00,-0.00,0.101,0.000,-0.000,1.000,1.000,1.000,1.000,1,102.0,102.0,804,804,0,0,0,0,3000,3000,115,0
27.78,climb_cruise,454.5,454.5,34997.2,81,-4.47,0.00,360.00,-4.51,15.0,125.0,0,0,-14.74,0.00,0.00,0.085,0.000,-0.000,1.000,1.000,1.000,1.000,1,102.0,102.0,804,804,0,0,0,0,3000,3000,115,0
27.80,climb_cruise,454.5,454.5,34997.2,44,-4.68,0.00,360.00,-4.72,15.0,125.0,0,0,-5.51,0.00,0.00,0.067,0.000,-0.000,1.000,1.000,1.000,1.000,1,102.0,102.0,804,804,0,0,0,0,3000,3000,114,0
27.82,climb_cruise,454.5,454.5,34997.2,7,-4.72,0.00,360.00,-4.74,15.0,125.0,0,0,3.65,0.00,0.00,0.049,0.000,-0.000,1.000,1.000,1.000,1.000,1,102.0,102.0,804,804,0,0,0,0,3000,3000,116,0
27.84,climb_cruise,454.5,454.5,34997.2,-31,-4.57,0.00,360.00,-4.59,15.0,125.0,0,0,12.46,0.00,0.00,0.029,0.000,-0.000,1.000,1.000,1.000,1.000,1,102.0,102.0,804,804,0,0,0,0,3000,3000,114,0
27.86,climb_cruise,454.5,454.5,34997.2,-67,-4.25,0.00,360.00,-4.25,15.0,125.0,0,0,20.70,0.00,0.00,0.008,0.000,-0.000,1.000,1.000,1.000,1.000,1,102.0,102.0,804,804,0,0,0,0,3000,3000,114,0
27.88,climb_cruise,454.5,454.5,34997.1,-101,-3.77,0.00,360.00,-3.76,15.0,125.0,0,0,28.19,0.00,0.00,-0.014,0.000,-0.000,1.000,1.000,1.000,1.000,1,102.0,102.0,804,804,0,0,0,0,3000,3000,115,0
27.90,climb_cruise,454.5,454.5,34997.0,-131,-3.15,0.00,360.00,-3.13,15.0,125.0,0,0,34.81,0.00,0.00,-0.036,0.000,-0.000,1.000,1.000,1.000,1.000,1,102.0,102.0,804,804,0,0,0,0,3000,3000,114,0
27.92,climb_cruise,454.6,454.6,34997.0,-158,-2.41,0.00,360.00,-2.37,15.0,125.0,0,0,40.49,0.00,0.00,-0.058,0.000,-0.000,1.000,1.000,1.000,1.000,1,102.0,102.0,804,804,0,0,0,0,3000,3000,114,0
27.94,climb_cruise,454.6,454.6,34996.9,-179,-1.55,0.00,360.00,-1.51,15.0,125.0,0,0,45.21,0.00,0.00,-0.081,0.000,-0.000,1.000,1.000,1.000,1.000,1,102.0,102.0,804,804,0,0,0,0,3000,3000,115,0
27.96,climb_cruise,454.6,454.6,34996.7,-195,-0.61,0.00,360.00,-0.57,15.0,125.0,0,0,48.98,-0.00,0.00,-0.103,0.000,-0.000,1.000,1.000,1.000,1.000,1,102.0,102.0,804,804,0,0,0,0,3000,3000,115,0
27.98,climb_cruise,454.6,454.6,34996.6,-206,0.39,0.00,360.00,0.44,15.0,125.0,0,0,51.86,-0.00,0.00,-0.127,0.000,-0.000,1.000,1.000,1.000,1.000,1,102.0,102.0,804,804,0,0,0,0,3000,3000,114,0
28.00,climb_cruise,454.7,454.7,34996.5,-210,1.44,0.00,360.00,1.49,15.0,125.0,0,0,53.17,-0.00,0.00,-0.140,0.000,-0.000,1.000,1.000,1.000,1.000,1,102.0,102.0,804,804,0,0,0,0,3000,3000,115,0
28.02,climb_cruise,454.7,454.7,34996.4,-207,2.51,0.00,360.00,2.55,15.0,125.0,0,0,52.58,-0.00,0.00,-0.147,0.000,-0.000,1.000,1.000,1.000,1.000,1,102.0,102.0,804,804,0,0,0,0,3000,3000,116,0
28.04,climb_cruise,454.7,454.7,34996.2,-198,3.54,0.00,360.00,3.59,15.0,125.0,0,0,50.01,-0.00,0.00,-0.147,0.000,-0.000,1.000,1.000,1.000,1.000,1,102.0,102.0,804,804,0,0,0,0,3000,3000,115,0
28.06,climb_cruise,454.7,454.7,34996.1,-182,4.51,0.00,360.00,4.55,15.0,125.0,0,0,45.57,-0.00,0.00,-0.142,-0.000,-0.000,1.000,1.000,1.000,1.000,1,102.0,102.0,804,804,0,0,0,0,3000,3000,115,0
28.08,climb_cruise,454.7,454.7,34996.0,-160,5.37,0.00,360.00,5.41,15.0,125.0,0,0,39.49,-0.00,0.00,-0.133,-0.000,-0.000,1.000,1.000,1.000,1.000,1,102.0,102.0,804,804,0,0,0,0,3000,3000,115,0
28.10,climb_cruise,454.7,454.7,34995.9,-134,6.10,0.00,360.00,6.14,15.0,125.0,0,0,32.08,-0.00,0.00,-0.122,-0.000,-0.000,1.000,1.000,1.000,1.000,1,102.0,102.0,804,804,0,0,0,0,3000,3000,115,0
28.12,climb_cruise,454.7,454.7,34995.9,-102,6.68,0.00,360.00,6.71,15.0,125.0,0,0,23.70,-0.00,0.00,-0.108,-0.000,-0.000,1.000,1.000,1.000,1.000,1,102.0,102.0,804,804,0,0,0,0,3000,3000,114,0
28.14,climb_cruise,454.6,454.6,34995.8,-68,7.08,0.00,360.00,7.10,15.0,125.0,0,0,14.72,-0.00,0.00,-0.092,-0.000,-0.000,1.000,1.000,1.000,1.000,1,102.0,102.0,804,804,0,0,0,0,3000,3000,114,0
28.16,climb_cruise,454.6,454.6,34995.8,-31,7.29,0.00,360.00,7.31,15.0,125.0,0,0,5.48,-0.00,-0.00,-0.074,-0.000,-0.000,1.000,1.000,1.000,1.000,1,102.0,102.0,804,804,0,0,0,0,3000,3000,115,0
28.18,climb_cruise,454.6,454.6,34995.8,6,7.33,0.00,360.00,7.34,15.0,125.0,0,0,-3.68,-0.00,-0.00,-0.055,-0.000,-0.000,1.000,1.000,1.000,1.000,1,102.0,102.0,804,804,0,0,0,0,3000,3000,114,0
28.20,climb_cruise,454.6,454.6,34995.8,44,7.18,0.00,360.00,7.18,15.0,125.0,0,0,-12.49,-0.00,-0.00,-0.035,0.000,-0.000,1.000,1.000,1.000,1.000,1,102.0,102.0,804,804,0,0,0,0,3000,3000,115,0
28.22,climb_cruise,454.5,454.5,34995.8,80,6.86,0.00,360.00,6.85,15.0,125.0,0,0,-20.72,-0.00,-0.00,-0.014,0.000,-0.000,1.000,1.000,1.000,1.000,1,102.0,102.0,804,804,0,0,0,0,3000,3000,115,0
28.24,climb_cruise,454.5,454.5,34995.9,114,6.38,0.00,360.00,6.36,15.0,125.0,0,0,-28.20,-0.00,-0.00,0.007,0.000,-0.000,1.000,1.000,1.000,1.000,1,102.0,102.0,804,804,0,0,0,0,3000,3000,116,0
28.26,climb_cruise,454.5,454.5,34996.0,144,5.76,0.00,360.00,5.72,15.0,125.0,0,0,-34.81,-0.00,-0.00,0.029,0.000,-0.000,1.000,1.000,1.000,1.000,1,102.0,102.0,804,804,0,0,0,0,3000,3000,116,0
28.28,climb_cruise,454.5,454.5,34996.1,171,5.01,0.00,360.00,4.97,15.0,125.0,0,0,-40.49,-0.00,-0.00,0.051,0.000,-0.000,1.000,1.000,1.000,1.000,1,102.0,102.0,804,804,0,0,0,0,3000,3000,115,0
28.30,climb_cruise,454.5,454.5,34996.2,192,4.16,0.00,360.00,4.10,15.0,125.0,0,0,-45.20,-0.00,-0.00,0.074,0.000,-0.000,1.000,1.000,1.000,1.000,1,102.0,102.0,804,804,0,0,0,0,3000,3000,115,0
28.32,climb_cruise,454.5,454.5,34996.3,209,3.22,0.00,360.00,3.16,15.0,125.0,0,0,-48.97,0.00,-0.00,0.097,0.000,-0.000,1.000,1.000,1.000,1.000,1,102.0,102.0,804,804,0,0,0,0,3000,3000,115,0
28.34,climb_cruise,454.5,454.5,34996.4,219,2.22,0.00,360.00,2.15,15.0,125.0,0,0,-51.83,0.00,-0.00,0.120,0.000,-0.000,1.000,1.000,1.000,1.000,1,102.0,102.0,804,804,0,0,0,0,3000,3000,115,0
28.36,climb_cruise,454.5,454.5,34996.6,223,1.16,0.00,360.00,1.10,15.0,125.0,0,0,-53.14,0.00,-0.00,0.134,0.000,-0.000,1.000,1.000,1.000,1.000,1,102.0,102.0,804,804,0,0,0,0,3000,3000,116,0
28.38,climb_cruise,454.5,454.5,34996.7,221,0.10,0.00,360.00,0.04,15.0,125.0,0,0,-52.55,0.00,-0.00,0.140,0.000,-0.000,1.000,1.000,1.000,1.000,1,102.0,102.0,804,804,0,0,0,0,3000,3000,114,0
28.40,climb_cruise,454.6,454.6,34996.8,211,-0.93,0.00,360.00,-0.99,15.0,125.0,0,0,-49.99,0.00,-0.00,0.140,0.000,-0.000,1.000,1.000,1.000,1.000,1,102.0,102.0,804,804,0,0,0,0,3000,3000,115,0
28.42,climb_cruise,454.6,454.6,34996.9,196,-1.90,0.00,360.00,-1.96,15.0,125.0,0,0,-45.55,0.00,-0.00,0.136,0.000,-0.000,1.000,1.000,1.000,1.000,1,102.0,102.0,804,804,0,0,0,0,3000,3000,116,0
28.44,climb_cruise,454.6,454.6,34997.0,174,-2.76,0.00,360.00,-2.82,15.0,125.0,0,0,-39.47,0.00,-0.00,0.127,0.000,-0.000,1.000,1.000,1.000,1.000,1,102.0,102.0,804,804,0,0,0,0,3000,3000,115,0
28.46,climb_cruise,454.6,454.6,34997.1,147,-3.49,0.00,360.00,-3.55,15.0,125.0,0,0,-32.07,0.00,-0.00,0.115,0.000,-0.000,1.000,1.000,1.000,1.000,1,102.0,102.0,804,804,0,0,0,0,3000,3000,114,0
28.48,climb_cruise,454.6,454.6,34997.2,116,-4.06,0.00,360.00,-4.11,15.0,125.0,0,0,-23.69,0.00,-0.00,0.101,0.000,-0.000,1.000,1.000,1.000,1.000,1,102.0,102.0,804,804,0,0,0,0,3000,3000,114,0
28.50,climb_cruise,454.6,454.6,34997.3,82,-4.46,0.00,360.00,-4.51,15.0,125.0,0,0,-14.71,0.00,0.00,0.085,0.000,-0.000,1.000,1.000,1.000,1.000,1,102.0,102.0,804,804,0,0,0,0,3000,3000,114,0
28.52,climb_cruise,454.6,454.6,34997.3,45,-4.68,0.00,360.00,-4.72,15.0,125.0,0,0,-5.48,0.00,0.00,0.067,0.000,-0.000,1.000,1.000,1.000,1.000,1,102.0,102.0,804,804,0,0,0,0,3000,3000,116,0
28.54,climb_cruise,454.7,454.7,34997.3,8,-4.71,0.00,360.00,-4.74,15.0,125.0,0,0,3.68,0.00,0.00,0.049,0.000,-0.000,1.000,1.000,1.000,1.000,1,102.0,102.0,804,804,0,0,0,0,3000,3000,115,0
28.56,climb_cruise,454.7,454.7,34997.3,-30,-4.57,0.00,360.00,-4.58,15.0,125.0,0,0,12.50,0.00,0.00,0.029,0.000,-0.000,1.000,1.000,1.000,1.000,1,102.0,102.0,804,804,0,0,0,0,3000,3000,114,0
28.58,climb_cruise,454.7,454.7,34997.3,-66,-4.25,0.00,360.00,-4.25,15.0,125.0,0,0,20.73,0.00,0.00,0.008,0.000,-0.000,1.000,1.000,1.000,1.000,1,102.0,102.0,804,804,0,0,0,0,3000,3000,116,0
28.60,climb_cruise,454.7,454.7,34997.2,-100,-3.77,0.00,360.00,-3.76,15.0,125.0,0,0,28.22,0.00,0.00,-0.014,0.000,-0.000,1.000,1.000,1.000,1.000,1,102.0,102.0,804,804,0,0,0,0,3000,3000,114,0
28.62,climb_cruise,454.7,454.7,34997.1,-130,-3.15,0.00,360.00,-3.13,15.0,125.0,0,0,34.84,0.00,0.00,-0.036,0.000,-0.000,1.000,1.000,1.000,1.000,1,102.0,102.0,804,804,0,0,0,0,3000,3000,114,0
28.64,climb_cruise,454.7,454.7,34997.0,-157,-2.40,0.00,360.00,-2.37,15.0,125.0,0,0,40.52,0.00,0.00,-0.058,0.000,-0.000,1.000,1.000,1.000,1.000,1,102.0,102.0,804,804,0,0,0,0,3000,3000,116,0
28.66,climb_cruise,454.8,454.8,34996.9,-178,-1.55,0.00,360.00,-1.51,15.0,125.0,0,0,45.23,0.00,0.00,-0.081,0.000,-0.000,1.000,1.000,1.000,1.000,1,102.0,102.0,804,804,0,0,0,0,3000,3000,116,0
28.68,climb_cruise,454.8,454.8,34996.8,-194,-0.61,0.00,360.00,-0.56,15.0,125.0,0,0,49.00,-0.00,0.00,-0.103,0.000,-0.000,1.000,1.000,1.000,1.000,1,102.0,102.0,804,804,0,0,0,0,3000,3000,115,0
28.70,climb_cruise,454.8,454.8,34996.7,-205,0.40,0.00,360.00,0.45,15.0,125.0,0,0,51.87,-0.00,0.00,-0.127,0.000,-0.000,1.000,1.000,1.000,1.000,1,102.0,102.0,804,804,0,0,0,0,3000,3000,116,0
28.72,climb_cruise,454.8,454.8,34996.6,-209,1.45,0.00,360.00,1.50,15.0,125.0,0,0,53.17,-0.00,0.00,-0.140,0.000,-0.000,1.000,1.000,1.000,1.000,1,102.0,102.0,804,804,0,0,0,0,3000,3000,115,0
28.74,climb_cruise,454.8,454.8,34996.5,-206,2.51,0.00,360.00,2.56,15.0,125.0,0,0,52.58,-0.00,0.00,-0.147,0.000,-0.000,1.000,1.000,1.000,1.000,1,102.0,102.0,804,804,0,0,0,0,3000,3000,114,0
28.76,climb_cruise,454.8,454.8,34996.3,-197,3.55,0.00,360.00,3.59,15.0,125.0,0,0,50.01,-0.00,0.00,-0.147,0.000,-0.000,1.000,1.000,1.000,1.000,1,102.0,102.0,804,804,0,0,0,0,3000,3000,115,0
28.78,climb_cruise,454.8,454.8,34996.2,-181,4.51,0.00,360.00,4.56,15.0,125.0,0,0,45.56,-0.00,0.00,-0.142,-0.000,-0.000,1.000,1.000,1.000,1.000,1,102.0,102.0,804,804,0,0,0,0,3000,3000,115,0
28.80,climb_cruise,454.8,454.8,34996.1,-159,5.38,0.00,360.00,5.42,15.0,125.0,0,0,39.47,-0.00,0.00,-0.133,-0.000,-0.000,1.000,1.000,1.000,1.000,1,102.0,102.0,804,804,0,0,0,0,3000,3000,115,0
28.82,climb_cruise,454.8,454.8,34996.0,-132,6.11,0.00,360.00,6.15,15.0,125.0,0,0,32.06,-0.00,0.00,-0.122,-0.000,-0.000,1.000,1.000,1.000,1.000,1,102.0,102.0,804,804,0,0,0,0,3000,3000,116,0
28.84,climb_cruise,454.8,454.8,34996.0,-101,6.68,0.00,360.00,6.71,15.0,125.0,0,0,23.67,-0.00,0.00,-0.108,-0.000,-0.000,1.000,1.000,1.000,1.000,1,102.0,102.0,804,804,0,0,0,0,3000,3000,114,0
28.86,climb_cruise,454.8,454.8,34995.9,-66,7.08,0.00,360.00,7.11,15.0,125.0,0,0,14.69,-0.00,0.00,-0.092,-0.000,-0.000,1.000,1.000,1.000,1.000,1,102.0,102.0,804,804,0,0,0,0,3000,3000,116,0
28.88,climb_cruise,454.8,454.8,34995.9,-29,7.30,0.00,360.00,7.32,15.0,125.0,0,0,5.45,-0.00,-0.00,-0.074,-0.000,-0.000,1.000,1.000,1.000,1.000,1,102.0,102.0,804,804,0,0,0,0,3000,3000,115,0
28.90,climb_cruise,454.8,454.8,34995.9,8,7.33,0.00,360.00,7.34,15.0,125.0,0,0,-3.71,-0.00,-0.00,-0.055,-0.000,-0.000,1.000,1.000,1.000,1.000,1,102.0,102.0,804,804,0,0,0,0,3000,3000,114,0
28.92,climb_cruise,454.7,454.7,34995.9,46,7.18,0.00,360.00,7.18,15.0,125.0,0,0,-12.52,-0.00,-0.00,-0.035,0.000,-0.000,1.000,1.000,1.000,1.000,1,102.0,102.0,804,804,0,0,0,0,3000,3000,114,0
28.94,climb_cruise,454.7,454.7,34995.9,82,6.86,0.00,360.00,6.85,15.0,125.0,0,0,-20.75,-0.00,-0.00,-0.014,0.000,-0.000,1.000,1.000,1.000,1.000,1,102.0,102.0,804,804,0,0,0,0,3000,3000,114,0
28.96,climb_cruise,454.7,454.7,34996.0,116,6.38,0.00,360.00,6.36,15.0,125.0,0,0,-28.23,-0.00,-0.00,0.007,0.000,-0.000,1.000,1.000,1.000,1.000,1,102.0,102.0,804,804,0,0,0,0,3000,3000,115,0
28.98,climb_cruise,454.7,454.7,34996.1,146,5.76,0.00,360.00,5.72,15.0,125.0,0,0,-34.84,-0.00,-0.00,0.029,0.000,-0.000,1.000,1.000,1.000,1.000,1,102.0,102.0,804,804,0,0,0,0,3000,3000,116,0
29.00,climb_cruise,454.7,454.7,34996.2,173,5.02,0.00,360.00,4.96,15.0,125.0,0,0,-40.51,-0.00,-0.00,0.051,0.000,-0.000,1.000,1.000,1.000,1.000,1,102.0,102.0,804,804,0,0,0,0,3000,3000,116,0
29.02,climb_cruise,454.7,454.7,34996.3,195,4.16,0.00,360.00,4.10,15.0,125.0,0,0,-45.22,-0.00,-0.00,0.074,0.000,-0.000,1.000,1.000,1.000,1.000,1,102.0,102.0,804,804,0,0,0,0,3000,3000,114,0
29.04,climb_cruise,454.7,454.7,34996.4,211,3.22,0.00,360.00,3.16,15.0,125.0,0,0,-48.98,0.00,-0.00,0.097,0.000,-0.000,1.000,1.000,1.000,1.000,1,102.0,102.0,804,804,0,0,0,0,3000,3000,116,0
29.06,climb_cruise,454.7,454.7,34996.5,221,2.22,0.00,360.00,2.15,15.0,125.0,0,0,-51.84,0.00,-0.00,0.120,0.000,-0.000,1.000,1.000,1.000,1.000,1,102.0,102.0,804,804,0,0,0,0,3000,3000,115,0
29.08,climb_cruise,454.7,454.7,34996.7,225,1.17,0.00,360.00,1.10,15.0,125.0,0,0,-53.14,0.00,-0.00,0.134,0.000,-0.000,1.000,1.000,1.000,1.000,1,102.0,102.0,804,804,0,0,0,0,3000,3000,114,0
29.10,climb_cruise,454.7,454.7,34996.8,223,0.10,0.00,360.00,0.04,15.0,125.0,0,0,-52.55,0.00,-0.00,0.140,0.000,-0.000,1.000,1.000,1.000,1.000,1,102.0,102.0,804,804,0,0,0,0,3000,3000,115,0
29.12,climb_cruise,454.7,454.7,34996.9,214,-0.93,0.00,360.00,-1.00,15.0,125.0,0,0,-49.98,0.00,-0.00,0.140,0.000,-0.000,1.000,1.000,1.000,1.000,1,102.0,102.0,804,804,0,0,0,0,3000,3000,115,0
29.14,climb_cruise,454.7,454.7,34997.0,198,-1.90,0.00,360.00,-1.96,15.0,125.0,0,0,-45.54,0.00,-0.00,0.136,0.000,-0.000,1.000,1.000,1.000,1.000,1,102.0,102.0,804,804,0,0,0,0,3000,3000,116,0
29.16,climb_cruise,454.8,454.8,34997.1,176,-2.76,0.00,360.00,-2.82,15.0,125.0,0,0,-39.45,0.00,-0.00,0.127,0.000,-0.000,1.000,1.000,1.000,1.000,1,102.0,102.0,804,804,0,0,0,0,3000,3000,115,0
29.18,climb_cruise,454.8,454.8,34997.2,149,-3.49,0.00,360.00,-3.55,15.0,125.0,0,0,-32.04,0.00,-0.00,0.115,0.000,-0.000,1.000,1.000,1.000,1.000,1,102.0,102.0,804,804,0,0,0,0,3000,3000,116,0
29.20,climb_cruise,454.8,454.8,34997.3,118,-4.06,0.00,360.00,-4.12,15.0,125.0,0,0,-23.66,0.00,0.00,0.101,0.000,-0.000,1.000,1.000,1.000,1.000,1,102.0,102.0,804,804,0,0,0,0,3000,3000,115,0
29.22,climb_cruise,454.8,454.8,34997.4,84,-4.46,0.00,360.00,-4.51,15.0,125.0,0,0,-14.68,0.00,0.00,0.085,0.000,-0.000,1.000,1.000,1.000,1.000,1,102.0,102.0,804,804,0,0,0,0,3000,3000,114,0
29.24,climb_cruise,454.8,454.8,34997.4,47,-4.68,0.00,360.00,-4.72,15.0,125.0,0,0,-5.44,0.00,0.00,0.067,0.000,-0.000,1.000,1.000,1.000,1.000,1,102.0,102.0,804,804,0,0,0,0,3000,3000,114,0
29.26,climb_cruise,454.8,454.8,34997.4,10,-4.71,0.00,360.00,-4.74,15.0,125.0,0,0,3.72,0.00,0.00,0.049,0.000,-0.000,1.000,1.000,1.000,1.000,1,102.0,102.0,804,804,0,0,0,0,3000,3000,115,0
29.28,climb_cruise,454.8,454.8,34997.4,-28,-4.56,0.00,360.00,-4.58,15.0,125.0,0,0,12.53,0.00,0.00,0.029,0.000,-0.000,1.000,1.000,1.000,1.000,1,102.0,102.0,804,804,0,0,0,0,3000,3000,115,0
29.30,climb_cruise,454.8,454.8,34997.4,-64,-4.24,0.00,360.00,-4.25,15.0,125.0,0,0,20.77,0.00,0.00,0.008,0.000,-0.000,1.000,1.000,1.000,1.000,1,102.0,102.0,804,804,0,0,0,0,3000,3000,115,0
29.32,climb_cruise,454.9,454.9,34997.3,-98,-3.76,0.00,360.00,-3.76,15.0,125.0,0,0,28.25,0.00,0.00,-0.014,0.000,-0.000,1.000,1.000,1.000,1.000,1,102.0,102.0,804,804,0,0,0,0,3000,3000,114,0
29.34,climb_cruise,454.9,454.9,34997.2,-128,-3.14,0.00,360.00,-3.12,15.0,125.0,0,0,34.86,0.00,0.00,-0.036,0.000,-0.000,1.000,1.000,1.000,1.000,1,102.0,102.0,804,804,0,0,0,0,3000,3000,115,0
29.36,climb_cruise,454.9,454.9,34997.1,-154,-2.39,0.00,360.00,-2.37,15.0,125.0,0,0,40.54,0.00,0.00,-0.058,0.000,-0.000,1.000,1.000,1.000,1.000,1,102.0,102.0,804,804,0,0,0,0,3000,3000,116,0
29.38,climb_cruise,454.9,454.9,34997.0,-176,-1.54,0.00,360.00,-1.50,15.0,125.0,0,0,45.25,0.00,0.00,-0.081,0.000,-0.000,1.000,1.000,1.000,1.000,1,102.0,102.0,804,804,0,0,0,0,3000,3000,114,0
29.40,climb_cruise,454.9,454.9,34996.9,-192,-0.60,0.00,360.00,-0.56,15.0,125.0,0,0,49.01,-0.00,0.00,-0.103,0.000,-0.000,1.000,1.000,1.000,1.000,1,102.0,102.0,804,804,0,0,0,0,3000,3000,116,0
29.42,climb_cruise,455.0,455.0,34996.8,-202,0.41,0.00,360.00,0.45,15.0,125.0,0,0,51.88,-0.00,0.00,-0.127,0.000,-0.000,1.000,1.000,1.000,1.000,1,102.0,102.0,804,804,0,0,0,0,3000,3000,115,0
29.44,climb_cruise,455.0,455.0,34996.7,-206,1.46,0.00,360.00,1.50,15.0,125.0,0,0,53.18,-0.00,0.00,-0.140,0.000,-0.000,1.000,1.000,1.000,1.000,1,102.0,102.0,804,804,0,0,0,0,3000,3000,115,0
29.46,climb_cruise,455.0,455.0,34996.6,-203,2.52,0.00,360.00,2.56,15.0,125.0,0,0,52.58,-0.00,0.00,-0.147,0.000,-0.000,1.000,1.000,1.000,1.000,1,102.0,102.0,804,804,0,0,0,0,3000,3000,115,0
29.48,climb_cruise,455.0,455.0,34996.4,-194,3.56,0.00,360.00,3.60,15.0,125.0,0,0,50.00,-0.00,0.00,-0.147,0.000,-0.000,1.000,1.000,1.000,1.000,1,102.0,102.0,804,804,0,0,0,0,3000,3000,115,0
29.50,climb_cruise,455.0,455.0,34996.3,-178,4.52,0.00,360.00,4.56,15.0,125.0,0,0,45.55,-0.00,0.00,-0.142,-0.000,-0.000,1.000,1.000,1.000,1.000,1,102.0,102.0,804,804,0,0,0,0,3000,3000,115,0
29.52,climb_cruise,455.0,455.0,34996.2,-156,5.39,0.00,360.00,5.42,15.0,125.0,0,0,39.46,-0.00,0.00,-0.133,-0.000,-0.000,1.000,1.000,1.000,1.000,1,102.0,102.0,804,804,0,0,0,0,3000,3000,115,0
29.54,climb_cruise,455.0,455.0,34996.1,-129,6.12,0.00,360.00,6.15,15.0,125.0,0,0,32.04,-0.00,0.00,-0.122,-0.000,-0.000,1.000,1.000,1.000,1.000,1,102.0,102.0,804,804,0,0,0,0,3000,3000,114,0
29.56,climb_cruise,455.0,455.0,34996.1,-98,6.69,0.00,360.00,6.72,15.0,125.0,0,0,23.65,-0.00,0.00,-0.108,-0.000,-0.000,1.000,1.000,1.000,1.000,1,102.0,102.0,804,804,0,0,0,0,3000,3000,114,0
29.58,climb_cruise,455.0,455.0,34996.0,-63,7.09,0.00,360.00,7.11,15.0,125.0,0,0,14.66,-0.00,0.00,-0.092,-0.000,-0.000,1.000,1.000,1.000,1.000,1,102.0,102.0,804,804,0,0,0,0,3000,3000,116,0
29.60,climb_cruise,454.9,454.9,34996.0,-26,7.30,0.00,360.00,7.32,15.0,125.0,0,0,5.42,-0.00,-0.00,-0.074,-0.000,-0.000,1.000,1.000,1.000,1.000,1,102.0,102.0,804,804,0,0,0,0,3000,3000,116,0
29.62,climb_cruise,454.9,454.9,34996.0,11,7.34,0.00,360.00,7.34,15.0,125.0,0,0,-3.74,-0.00,-0.00,-0.055,-0.000,-0.000,1.000,1.000,1.000,1.000,1,102.0,102.0,804,804,0,0,0,0,3000,3000,115,0
29.64,climb_cruise,454.9,454.9,34996.0,49,7.19,0.00,360.00,7.18,15.0,125.0,0,0,-12.55,-0.00,-0.00,-0.035,0.000,-0.000,1.000,1.000,1.000,1.000,1,102.0,102.0,804,804,0,0,0,0,3000,3000,115,0
29.66,climb_cruise,454.9,454.9,34996.1,85,6.87,0.00,360.00,6.85,15.0,125.0,0,0,-20.78,-0.00,-0.00,-0.014,0.000,-0.000,1.000,1.000,1.000,1.000,1,102.0,102.0,804,804,0,0,0,0,3000,3000,115,0
29.68,climb_cruise,454.8,454.8,34996.1,119,6.39,0.00,360.00,6.35,15.0,125.0,0,0,-28.26,-0.00,-0.00,0.007,0.000,-0.000,1.000,1.000,1.000,1.000,1,102.0,102.0,804,804,0,0,0,0,3000,3000,115,0
29.70,climb_cruise,454.8,454.8,34996.2,150,5.76,0.00,360.00,5.72,15.0,125.0,0,0,-34.86,-0.00,-0.00,0.029,0.000,-0.000,1.000,1.000,1.000,1.000,1,102.0,102.0,804,804,0,0,0,0,3000,3000,115,0
29.72,climb_cruise,454.8,454.8,34996.3,176,5.02,0.00,360.00,4.96,15.0,125.0,0,0,-40.53,-0.00,-0.00,0.051,0.000,-0.000,1.000,1.000,1.000,1.000,1,102.0,102.0,804,804,0,0,0,0,3000,3000,116,0
29.74,climb_cruise,454.8,454.8,34996.4,198,4.16,0.00,360.00,4.10,15.0,125.0,0,0,-45.24,-0.00,-0.00,0.074,0.000,-0.000,1.000,1.000,1.000,1.000,1,102.0,102.0,804,804,0,0,0,0,3000,3000,115,0
29.76,climb_cruise,454.8,454.8,34996.5,214,3.22,0.00,360.00,3.16,15.0,125.0,0,0,-48.99,0.00,-0.00,0.097,0.000,-0.000,1.000,1.000,1.000,1.000,1,102.0,102.0,804,804,0,0,0,0,3000,3000,115,0
29.78,climb_cruise,454.8,454.8,34996.6,225,2.22,0.00,360.00,2.15,15.0,125.0,0,0,-51.85,0.00,-0.00,0.120,0.000,-0.000,1.000,1.000,1.000,1.000,1,102.0,102.0,804,804,0,0,0,0,3000,3000,115,0
29.80,climb_cruise,454.8,454.8,34996.8,229,1.17,0.00,360.00,1.09,15.0,125.0,0,0,-53.15,0.00,-0.00,0.134,0.000,-0.000,1.000,1.000,1.000,1.000,1,102.0,102.0,804,804,0,0,0,0,3000,3000,115,0
29.82,climb_cruise,454.9,454.9,34996.9,226,0.10,0.00,360.00,0.03,15.0,125.0,0,0,-52.55,0.00,-0.00,0.140,0.000,-0.000,1.000,1.000,1.000,1.000,1,102.0,102.0,804,804,0,0,0,0,3000,3000,116,0
29.84,climb_cruise,454.9,454.9,34997.0,217,-0.93,0.00,360.00,-1.00,15.0,125.0,0,0,-49.97,0.00,-0.00,0.140,0.000,-0.000,1.000,1.000,1.000,1.000,1,102.0,102.0,804,804,0,0,0,0,3000,3000,115,0
29.86,climb_cruise,454.9,454.9,34997.2,201,-1.89,0.00,360.00,-1.96,15.0,125.0,0,0,-45.52,0.00,-0.00,0.136,0.000,-0.000,1.000,1.000,1.000,1.000,1,102.0,102.0,804,804,0,0,0,0,3000,3000,114,0
29.88,climb_cruise,454.9,454.9,34997.3,180,-2.76,0.00,360.00,-2.82,15.0,125.0,0,0,-39.43,0.00,-0.00,0.127,0.000,-0.000,1.000,1.000,1.000,1.000,1,102.0,102.0,804,804,0,0,0,0,3000,3000,116,0
29.90,climb_cruise,454.9,454.9,34997.4,153,-3.49,0.00,360.00,-3.55,15.0,125.0,0,0,-32.02,0.00,-0.00,0.115,0.000,-0.000,1.000,1.000,1.000,1.000,1,102.0,102.0,804,804,0,0,0,0,3000,3000,115,0
29.92,climb_cruise,454.9,454.9,34997.4,122,-4.06,0.00,360.00,-4.12,15.0,125.0,0,0,-23.63,0.00,0.00,0.101,0.000,-0.000,1.000,1.000,1.000,1.000,1,102.0,102.0,804,804,0,0,0,0,3000,3000,115,0
29.94,climb_cruise,455.0,455.0,34997.5,87,-4.46,0.00,360.00,-4.51,15.0,125.0,0,0,-14.65,0.00,0.00,0.085,0.000,-0.000,1.000,1.000,1.000,1.000,1,102.0,102.0,804,804,0,0,0,0,3000,3000,116,0
29.96,climb_cruise,455.0,455.0,34997.5,51,-4.67,0.00,360.00,-4.72,15.0,125.0,0,0,-5.41,0.00,0.00,0.067,0.000,-0.000,1.000,1.000,1.000,1.000,1,102.0,102.0,804,804,0,0,0,0,3000,3000,116,0
29.98,climb_cruise,455.0,455.0,34997.5,13,-4.71,0.00,360.00,-4.74,15.0,125.0,0,0,3.75,0.00,0.00,0.049,0.000,-0.000,1.000,1.000,1.000,1.000,1,102.0,102.0,804,804,0,0,0,0,3000,3000,116,0