time,altitude,airspeed,pitch,throttle
0,35000.00112,466.715984,0,0.47
2.0000000000000004,35077.5445399115,469.1636843895297,0,0.47
3.0000000000000013,35197.187466418334,474.2155067269227,0,0.47
4.000000000000002,35402.33006370033,485.54036211475756,0,0.47