route_id,leg_sequence,from_fix,airway,to_fix,region_code,aip_cycle
CN-2605-AGAVO-ARGUK,1,AGAVO,G597,DONVO,CN,2605
CN-2605-AGAVO-ARGUK,2,DONVO,A326,SANKO,CN,2605
CN-2605-AGAVO-ARGUK,3,SANKO,W107,CHI,CN,2605
CN-2605-AGAVO-ARGUK,4,CHI,A588,HRB,CN,2605
CN-2605-AGAVO-ARGUK,5,HRB,G212,ARGUK,CN,2605
CN-2605-AGAVO-AS,1,AGAVO,G597,DONVO,CN,2605
CN-2605-AGAVO-AS,2,DONVO,A326,SANKO,CN,2605
CN-2605-AGAVO-AS,3,SANKO,W107,CHI,CN,2605
CN-2605-AGAVO-AS,4,CHI,A588,HRB,CN,2605
CN-2605-AGAVO-AS,5,HRB,G212,ARGUK,CN,2605
CN-2605-AGAVO-AS,6,ARGUK,DCT,AGAVO,CN,2605
CN-2605-AGAVO-AS,7,AGAVO,G597,DONVO,CN,2605
CN-2605-AGAVO-AS,8,DONVO,A326,SANKO,CN,2605
CN-2605-AGAVO-AS,9,SANKO,W107,CHI,CN,2605
CN-2605-AGAVO-AS,10,CHI,A588,SIMLI,CN,2605
CN-2605-AGAVO-B339-KAMUD,1,AGAVO,A591,IKEKA,CN,2605
CN-2605-AGAVO-B339-KAMUD,2,IKEKA,W4,HCH,CN,2605
CN-2605-AGAVO-B339-KAMUD,3,HCH,W200,DOVIV,CN,2605
CN-2605-AGAVO-B339-KAMUD,4,DOVIV,W55,PAMRU,CN,2605
CN-2605-AGAVO-B339-KAMUD,5,PAMRU,W34,LADIX,CN,2605
CN-2605-AGAVO-B339-KAMUD,6,LADIX,B339,ASILA,CN,2605
CN-2605-AGAVO-B339-KAMUD,7,ASILA,A575,UPREK,CN,2605
CN-2605-AGAVO-B339-KAMUD,8,UPREK,W28,LAGEB,CN,2605
CN-2605-AGAVO-B339-KAMUD,9,LAGEB,W66,NUKTI,CN,2605
CN-2605-AGAVO-B339-KAMUD,10,NUKTI,B215,KABDO,CN,2605
CN-2605-AGAVO-B339-KAMUD,11,KABDO,W119,LIMDO,CN,2605
CN-2605-AGAVO-B339-KAMUD,12,LIMDO,A468,KAMUD,CN,2605
CN-2605-AGAVO-B339-PURPA,1,AGAVO,A591,IKEKA,CN,2605
CN-2605-AGAVO-B339-PURPA,2,IKEKA,W4,HCH,CN,2605
CN-2605-AGAVO-B339-PURPA,3,HCH,W200,DOVIV,CN,2605
CN-2605-AGAVO-B339-PURPA,4,DOVIV,W55,PAMRU,CN,2605
CN-2605-AGAVO-B339-PURPA,5,PAMRU,W34,LADIX,CN,2605
CN-2605-AGAVO-B339-PURPA,6,LADIX,B339,ASILA,CN,2605
CN-2605-AGAVO-B339-PURPA,7,ASILA,A575,UPREK,CN,2605
CN-2605-AGAVO-B339-PURPA,8,UPREK,W28,LAGEB,CN,2605
CN-2605-AGAVO-B339-PURPA,9,LAGEB,W66,NUKTI,CN,2605
CN-2605-AGAVO-B339-PURPA,10,NUKTI,B215,IBANO,CN,2605
CN-2605-AGAVO-B339-PURPA,11,IBANO,W187,TUSLI,CN,2605
CN-2605-AGAVO-B339-PURPA,12,TUSLI,W112,PURPA,CN,2605
CN-2605-AGAVO-B339-RULAD,1,AGAVO,A591,IKEKA,CN,2605
CN-2605-AGAVO-B339-RULAD,2,IKEKA,W4,HCH,CN,2605
CN-2605-AGAVO-B339-RULAD,3,HCH,W200,DOVIV,CN,2605
CN-2605-AGAVO-B339-RULAD,4,DOVIV,W55,PAMRU,CN,2605
CN-2605-AGAVO-B339-RULAD,5,PAMRU,W34,LADIX,CN,2605
CN-2605-AGAVO-B339-RULAD,6,LADIX,B339,ASILA,CN,2605
CN-2605-AGAVO-B339-RULAD,7,ASILA,A575,UPREK,CN,2605
CN-2605-AGAVO-B339-RULAD,8,UPREK,W28,LAGEB,CN,2605
CN-2605-AGAVO-B339-RULAD,9,LAGEB,W66,NUKTI,CN,2605
CN-2605-AGAVO-B339-RULAD,10,NUKTI,B215,KABDO,CN,2605
CN-2605-AGAVO-B339-RULAD,11,KABDO,W119,GOBOK,CN,2605
CN-2605-AGAVO-B339-RULAD,12,GOBOK,A343,RULAD,CN,2605
CN-2605-AGAVO-B339-SARIN,1,AGAVO,A591,IKEKA,CN,2605
CN-2605-AGAVO-B339-SARIN,2,IKEKA,W4,HCH,CN,2605
CN-2605-AGAVO-B339-SARIN,3,HCH,W200,DOVIV,CN,2605
CN-2605-AGAVO-B339-SARIN,4,DOVIV,W55,PAMRU,CN,2605
CN-2605-AGAVO-B339-SARIN,5,PAMRU,W34,LADIX,CN,2605
CN-2605-AGAVO-B339-SARIN,6,LADIX,B339,ASILA,CN,2605
CN-2605-AGAVO-B339-SARIN,7,ASILA,A575,UPREK,CN,2605
CN-2605-AGAVO-B339-SARIN,8,UPREK,W28,LAGEB,CN,2605
CN-2605-AGAVO-B339-SARIN,9,LAGEB,W66,NUKTI,CN,2605
CN-2605-AGAVO-B339-SARIN,10,NUKTI,B215,FKG,CN,2605
CN-2605-AGAVO-B339-SARIN,11,FKG,A368,SARIN,CN,2605
CN-2605-AGAVO-B339-SRK,1,AGAVO,A591,IKEKA,CN,2605
CN-2605-AGAVO-B339-SRK,2,IKEKA,W4,HCH,CN,2605
CN-2605-AGAVO-B339-SRK,3,HCH,W200,DOVIV,CN,2605
CN-2605-AGAVO-B339-SRK,4,DOVIV,W55,PAMRU,CN,2605
CN-2605-AGAVO-B339-SRK,5,PAMRU,W34,LADIX,CN,2605
CN-2605-AGAVO-B339-SRK,6,LADIX,B339,ASILA,CN,2605
CN-2605-AGAVO-B339-SRK,7,ASILA,A575,UPREK,CN,2605
CN-2605-AGAVO-B339-SRK,8,UPREK,W28,KEVOB,CN,2605
CN-2605-AGAVO-B339-SRK,9,KEVOB,W28,LAGEB,CN,2605
CN-2605-AGAVO-B339-SRK,10,LAGEB,W66,NUKTI,CN,2605
CN-2605-AGAVO-B339-SRK,11,NUKTI,B215,FKG,CN,2605
CN-2605-AGAVO-B339-SRK,12,FKG,A368,SARIN,CN,2605
CN-2605-AGAVO-B339-SRK,13,SARIN,DCT,AGAVO,CN,2605
CN-2605-AGAVO-B339-SRK,14,AGAVO,A591,IKEKA,CN,2605
CN-2605-AGAVO-B339-SRK,15,IKEKA,W4,HCH,CN,2605
CN-2605-AGAVO-B339-SRK,16,HCH,W200,DOVIV,CN,2605
CN-2605-AGAVO-B339-SRK,17,DOVIV,W55,PAMRU,CN,2605
CN-2605-AGAVO-B339-SRK,18,PAMRU,W34,LADIX,CN,2605
CN-2605-AGAVO-B339-SRK,19,LADIX,B339,ASILA,CN,2605
CN-2605-AGAVO-B339-SRK,20,ASILA,A575,UPREK,CN,2605
CN-2605-AGAVO-B339-SRK,21,UPREK,W28,KEVOB,CN,2605
CN-2605-AGAVO-B339-SRK,22,KEVOB,W28,LAGEB,CN,2605
CN-2605-AGAVO-B339-SRK,23,LAGEB,W66,NUKTI,CN,2605
CN-2605-AGAVO-B339-SRK,24,NUKTI,B215,KABDO,CN,2605
CN-2605-AGAVO-B339-SRK,25,KABDO,W119,GOBOK,CN,2605
CN-2605-AGAVO-B339-SRK,26,GOBOK,A343,RULAD,CN,2605
CN-2605-AGAVO-B339-SRK,27,RULAD,DCT,AGAVO,CN,2605
CN-2605-AGAVO-B339-SRK,28,AGAVO,A591,IKEKA,CN,2605
CN-2605-AGAVO-B339-SRK,29,IKEKA,W4,HCH,CN,2605
CN-2605-AGAVO-B339-SRK,30,HCH,W200,DOVIV,CN,2605
CN-2605-AGAVO-B339-SRK,31,DOVIV,W55,PAMRU,CN,2605
CN-2605-AGAVO-B339-SRK,32,PAMRU,W34,LADIX,CN,2605
CN-2605-AGAVO-B339-SRK,33,LADIX,B339,ASILA,CN,2605
CN-2605-AGAVO-B339-SRK,34,ASILA,A575,UPREK,CN,2605
CN-2605-AGAVO-B339-SRK,35,UPREK,W28,KEVOB,CN,2605
CN-2605-AGAVO-B339-SRK,36,KEVOB,W28,LAGEB,CN,2605
CN-2605-AGAVO-B339-SRK,37,LAGEB,W66,NUKTI,CN,2605
CN-2605-AGAVO-B339-SRK,38,NUKTI,B215,KABDO,CN,2605
CN-2605-AGAVO-B339-SRK,39,KABDO,W119,LIMDO,CN,2605
CN-2605-AGAVO-B339-SRK,40,LIMDO,A468,KAMUD,CN,2605
CN-2605-AGAVO-BISUN,1,AGAVO,G597,DONVO,CN,2605
CN-2605-AGAVO-BISUN,2,DONVO,A326,SANKO,CN,2605
CN-2605-AGAVO-BISUN,3,SANKO,W107,CHI,CN,2605
CN-2605-AGAVO-BISUN,4,CHI,A588,LJB,CN,2605
CN-2605-AGAVO-BISUN,5,LJB,G341,WQG,CN,2605
CN-2605-AGAVO-BISUN,6,WQG,B451,BISUN,CN,2605
CN-2605-AGAVO-KAMUD,1,AGAVO,A591,IKEKA,CN,2605
CN-2605-AGAVO-KAMUD,2,IKEKA,W4,HCH,CN,2605
CN-2605-AGAVO-KAMUD,3,HCH,W200,DOVIV,CN,2605
CN-2605-AGAVO-KAMUD,4,DOVIV,W55,PAMRU,CN,2605
CN-2605-AGAVO-KAMUD,5,PAMRU,W34,VYK,CN,2605
CN-2605-AGAVO-KAMUD,6,VYK,B215,YHD,CN,2605
CN-2605-AGAVO-KAMUD,7,YHD,W199,ALGOT,CN,2605
CN-2605-AGAVO-KAMUD,8,ALGOT,W195,ESPED,CN,2605
CN-2605-AGAVO-KAMUD,9,ESPED,W66,NUKTI,CN,2605
CN-2605-AGAVO-KAMUD,10,NUKTI,B215,KABDO,CN,2605
CN-2605-AGAVO-KAMUD,11,KABDO,W119,LIMDO,CN,2605
CN-2605-AGAVO-KAMUD,12,LIMDO,A468,KAMUD,CN,2605
CN-2605-AGAVO-LINSO,1,AGAVO,A591,IKEKA,CN,2605
CN-2605-AGAVO-LINSO,2,IKEKA,W4,IPNIT,CN,2605
CN-2605-AGAVO-LINSO,3,IPNIT,W37,DUBAS,CN,2605
CN-2605-AGAVO-LINSO,4,DUBAS,R343,WHA,CN,2605
CN-2605-AGAVO-LINSO,5,WHA,A581,QNX,CN,2605
CN-2605-AGAVO-LINSO,6,QNX,W136,XISLI,CN,2605
CN-2605-AGAVO-LINSO,7,XISLI,A581,SGM,CN,2605
CN-2605-AGAVO-LINSO,8,SGM,A599,LINSO,CN,2605
CN-2605-AGAVO-POLHO,1,AGAVO,A591,IKEKA,CN,2605
CN-2605-AGAVO-POLHO,2,IKEKA,W4,HCH,CN,2605
CN-2605-AGAVO-POLHO,3,HCH,W200,DOVIV,CN,2605
CN-2605-AGAVO-POLHO,4,DOVIV,W55,PAMRU,CN,2605
CN-2605-AGAVO-POLHO,5,PAMRU,W34,LADIX,CN,2605
CN-2605-AGAVO-POLHO,6,LADIX,B339,POLHO,CN,2605
CN-2605-AGAVO-RK,1,AGAVO,A591,IKEKA,CN,2605
CN-2605-AGAVO-RK,2,IKEKA,W4,HCH,CN,2605
CN-2605-AGAVO-RK,3,HCH,W200,DOVIV,CN,2605
CN-2605-AGAVO-RK,4,DOVIV,W55,PAMRU,CN,2605
CN-2605-AGAVO-RK,5,PAMRU,W34,VYK,CN,2605
CN-2605-AGAVO-RK,6,VYK,B215,YHD,CN,2605
CN-2605-AGAVO-RK,7,YHD,W199,ALGOT,CN,2605
CN-2605-AGAVO-RK,8,ALGOT,W195,ESPED,CN,2605
CN-2605-AGAVO-RK,9,ESPED,W66,NUKTI,CN,2605
CN-2605-AGAVO-RK,10,NUKTI,B215,KABDO,CN,2605
CN-2605-AGAVO-RK,11,KABDO,W119,GOBOK,CN,2605
CN-2605-AGAVO-RK,12,GOBOK,A343,RULAD,CN,2605
CN-2605-AGAVO-RK,13,RULAD,DCT,AGAVO,CN,2605
CN-2605-AGAVO-RK,14,AGAVO,A591,IKEKA,CN,2605
CN-2605-AGAVO-RK,15,IKEKA,W4,HCH,CN,2605
CN-2605-AGAVO-RK,16,HCH,W200,DOVIV,CN,2605
CN-2605-AGAVO-RK,17,DOVIV,W55,PAMRU,CN,2605
CN-2605-AGAVO-RK,18,PAMRU,W34,VYK,CN,2605
CN-2605-AGAVO-RK,19,VYK,B215,YHD,CN,2605
CN-2605-AGAVO-RK,20,YHD,W199,ALGOT,CN,2605
CN-2605-AGAVO-RK,21,ALGOT,W195,ESPED,CN,2605
CN-2605-AGAVO-RK,22,ESPED,W66,NUKTI,CN,2605
CN-2605-AGAVO-RK,23,NUKTI,B215,KABDO,CN,2605
CN-2605-AGAVO-RK,24,KABDO,W119,LIMDO,CN,2605
CN-2605-AGAVO-RK,25,LIMDO,A468,KAMUD,CN,2605
CN-2605-AGAVO-RKL,1,AGAVO,A591,IKEKA,CN,2605
CN-2605-AGAVO-RKL,2,IKEKA,W4,HCH,CN,2605
CN-2605-AGAVO-RKL,3,HCH,W200,DOVIV,CN,2605
CN-2605-AGAVO-RKL,4,DOVIV,W55,PAMRU,CN,2605
CN-2605-AGAVO-RKL,5,PAMRU,W34,VYK,CN,2605
CN-2605-AGAVO-RKL,6,VYK,B215,YHD,CN,2605
CN-2605-AGAVO-RKL,7,YHD,W199,ALGOT,CN,2605
CN-2605-AGAVO-RKL,8,ALGOT,W195,ESPED,CN,2605
CN-2605-AGAVO-RKL,9,ESPED,W66,NUKTI,CN,2605
CN-2605-AGAVO-RKL,10,NUKTI,B215,KABDO,CN,2605
CN-2605-AGAVO-RKL,11,KABDO,W119,GOBOK,CN,2605
CN-2605-AGAVO-RKL,12,GOBOK,A343,RULAD,CN,2605
CN-2605-AGAVO-RKL,13,RULAD,DCT,AGAVO,CN,2605
CN-2605-AGAVO-RKL,14,AGAVO,A591,IKEKA,CN,2605
CN-2605-AGAVO-RKL,15,IKEKA,W4,HCH,CN,2605
CN-2605-AGAVO-RKL,16,HCH,W200,DOVIV,CN,2605
CN-2605-AGAVO-RKL,17,DOVIV,W55,PAMRU,CN,2605
CN-2605-AGAVO-RKL,18,PAMRU,W34,VYK,CN,2605
CN-2605-AGAVO-RKL,19,VYK,B215,YHD,CN,2605
CN-2605-AGAVO-RKL,20,YHD,W199,ALGOT,CN,2605
CN-2605-AGAVO-RKL,21,ALGOT,W195,ESPED,CN,2605
CN-2605-AGAVO-RKL,22,ESPED,W66,NUKTI,CN,2605
CN-2605-AGAVO-RKL,23,NUKTI,B215,KABDO,CN,2605
CN-2605-AGAVO-RKL,24,KABDO,W119,LIMDO,CN,2605
CN-2605-AGAVO-RKL,25,LIMDO,A468,KAMUD,CN,2605
CN-2605-AGAVO-RKL,26,KAMUD,DCT,AGAVO,CN,2605
CN-2605-AGAVO-RKL,27,AGAVO,A591,IKEKA,CN,2605
CN-2605-AGAVO-RKL,28,IKEKA,W4,IPNIT,CN,2605
CN-2605-AGAVO-RKL,29,IPNIT,W37,DUBAS,CN,2605
CN-2605-AGAVO-RKL,30,DUBAS,R343,WHA,CN,2605
CN-2605-AGAVO-RKL,31,WHA,A581,QNX,CN,2605
CN-2605-AGAVO-RKL,32,QNX,W136,XISLI,CN,2605
CN-2605-AGAVO-RKL,33,XISLI,A581,SGM,CN,2605
CN-2605-AGAVO-RKL,34,SGM,A599,LINSO,CN,2605
CN-2605-AGAVO-RULAD,1,AGAVO,A591,IKEKA,CN,2605
CN-2605-AGAVO-RULAD,2,IKEKA,W4,HCH,CN,2605
CN-2605-AGAVO-RULAD,3,HCH,W200,DOVIV,CN,2605
CN-2605-AGAVO-RULAD,4,DOVIV,W55,PAMRU,CN,2605
CN-2605-AGAVO-RULAD,5,PAMRU,W34,VYK,CN,2605
CN-2605-AGAVO-RULAD,6,VYK,B215,YHD,CN,2605
CN-2605-AGAVO-RULAD,7,YHD,W199,ALGOT,CN,2605
CN-2605-AGAVO-RULAD,8,ALGOT,W195,ESPED,CN,2605
CN-2605-AGAVO-RULAD,9,ESPED,W66,NUKTI,CN,2605
CN-2605-AGAVO-RULAD,10,NUKTI,B215,KABDO,CN,2605
CN-2605-AGAVO-RULAD,11,KABDO,W119,GOBOK,CN,2605
CN-2605-AGAVO-RULAD,12,GOBOK,A343,RULAD,CN,2605
CN-2605-AGAVO-SARIN,1,AGAVO,A591,IKEKA,CN,2605
CN-2605-AGAVO-SARIN,2,IKEKA,W4,HCH,CN,2605
CN-2605-AGAVO-SARIN,3,HCH,W200,DOVIV,CN,2605
CN-2605-AGAVO-SARIN,4,DOVIV,W55,PAMRU,CN,2605
CN-2605-AGAVO-SARIN,5,PAMRU,W34,VYK,CN,2605
CN-2605-AGAVO-SARIN,6,VYK,B215,YHD,CN,2605
CN-2605-AGAVO-SARIN,7,YHD,W199,ALGOT,CN,2605
CN-2605-AGAVO-SARIN,8,ALGOT,W195,ESPED,CN,2605
CN-2605-AGAVO-SARIN,9,ESPED,W66,NUKTI,CN,2605
CN-2605-AGAVO-SARIN,10,NUKTI,B215,FKG,CN,2605
CN-2605-AGAVO-SARIN,11,FKG,A368,SARIN,CN,2605
CN-2605-AGAVO-SIMLI,1,AGAVO,G597,DONVO,CN,2605
CN-2605-AGAVO-SIMLI,2,DONVO,A326,SANKO,CN,2605
CN-2605-AGAVO-SIMLI,3,SANKO,W107,CHI,CN,2605
CN-2605-AGAVO-SIMLI,4,CHI,A588,SIMLI,CN,2605
CN-2605-AGAVO-TAMOT,1,AGAVO,A591,IKEKA,CN,2605
CN-2605-AGAVO-TAMOT,2,IKEKA,A326,AKARA,CN,2605
CN-2605-AGAVO-TAMOT,3,AKARA,A593,PUD,CN,2605
CN-2605-AGAVO-TAMOT,4,PUD,A599,NXD,CN,2605
CN-2605-AGAVO-TAMOT,5,NXD,W131,AKDIM,CN,2605
CN-2605-AGAVO-TAMOT,6,AKDIM,A470,DUBGO,CN,2605
CN-2605-AGAVO-TAMOT,7,DUBGO,W134,ELNEX,CN,2605
CN-2605-AGAVO-TAMOT,8,ELNEX,A599,PLT,CN,2605
CN-2605-AGAVO-TAMOT,9,PLT,W19,NOMAR,CN,2605
CN-2605-AGAVO-TAMOT,10,NOMAR,W18,TAMOT,CN,2605
CN-2605-AGAVO-TEBAK,1,AGAVO,A591,IKEKA,CN,2605
CN-2605-AGAVO-TEBAK,2,IKEKA,A326,AKARA,CN,2605
CN-2605-AGAVO-TEBAK,3,AKARA,A593,PK,CN,2605
CN-2605-AGAVO-TEBAK,4,PK,R343,MADUK,CN,2605
CN-2605-AGAVO-TEBAK,5,MADUK,W51,LEGIV,CN,2605
CN-2605-AGAVO-TEBAK,6,LEGIV,W164,ADGOL,CN,2605
CN-2605-AGAVO-TEBAK,7,ADGOL,W50,XSH,CN,2605
CN-2605-AGAVO-TEBAK,8,XSH,W80,UDUMI,CN,2605
CN-2605-AGAVO-TEBAK,9,UDUMI,W37,OLMIB,CN,2605
CN-2605-AGAVO-TEBAK,10,OLMIB,W83,GOSMA,CN,2605
CN-2605-AGAVO-TEBAK,11,GOSMA,R343,WUY,CN,2605
CN-2605-AGAVO-TEBAK,12,WUY,R474,TEBAK,CN,2605
CN-2605-AGAVO-TELOK,1,AGAVO,G597,DONVO,CN,2605
CN-2605-AGAVO-TELOK,2,DONVO,A326,SANKO,CN,2605
CN-2605-AGAVO-TELOK,3,SANKO,W107,CHI,CN,2605
CN-2605-AGAVO-TELOK,4,CHI,A588,BIDIB,CN,2605
CN-2605-AGAVO-TELOK,5,BIDIB,A345,TELOK,CN,2605
CN-2605-AGAVO-VHHH,1,AGAVO,A591,IKEKA,CN,2605
CN-2605-AGAVO-VHHH,2,IKEKA,A326,AKARA,CN,2605
CN-2605-AGAVO-VHHH,3,AKARA,A593,PUD,CN,2605
CN-2605-AGAVO-VHHH,4,PUD,A599,NXD,CN,2605
CN-2605-AGAVO-VHHH,5,NXD,W131,AKDIM,CN,2605
CN-2605-AGAVO-VHHH,6,AKDIM,A470,DUBGO,CN,2605
CN-2605-AGAVO-VHHH,7,DUBGO,W134,ELNEX,CN,2605
CN-2605-AGAVO-VHHH,8,ELNEX,A599,PLT,CN,2605
CN-2605-AGAVO-VHHH,9,PLT,W19,NOMAR,CN,2605
CN-2605-AGAVO-VHHH,10,NOMAR,W18,NLG,CN,2605
CN-2605-AGAVO-VHHH,11,NLG,W23,ZUH,CN,2605
CN-2605-AGAVO-VHHH,12,ZUH,R473,SIERA,CN,2605
CN-2605-AGAVO-W104-SARIN,1,AGAVO,A591,IKEKA,CN,2605
CN-2605-AGAVO-W104-SARIN,2,IKEKA,W4,HCH,CN,2605
CN-2605-AGAVO-W104-SARIN,3,HCH,W200,DOVIV,CN,2605
CN-2605-AGAVO-W104-SARIN,4,DOVIV,W55,PAMRU,CN,2605
CN-2605-AGAVO-W104-SARIN,5,PAMRU,W34,VYK,CN,2605
CN-2605-AGAVO-W104-SARIN,6,VYK,B215,AGVUR,CN,2605
CN-2605-AGAVO-W104-SARIN,7,AGVUR,B215,APOGO,CN,2605
CN-2605-AGAVO-W104-SARIN,8,APOGO,W218,YLX,CN,2605
CN-2605-AGAVO-W104-SARIN,9,YLX,W193,ALGIB,CN,2605
CN-2605-AGAVO-W104-SARIN,10,ALGIB,W47,IDSOT,CN,2605
CN-2605-AGAVO-W104-SARIN,11,IDSOT,W48,DKO,CN,2605
CN-2605-AGAVO-W104-SARIN,12,DKO,W66,NUKTI,CN,2605
CN-2605-AGAVO-W104-SARIN,13,NUKTI,B215,FKG,CN,2605
CN-2605-AGAVO-W104-SARIN,14,FKG,A368,SARIN,CN,2605
CN-2605-AGAVO-W112-PURPA,1,AGAVO,A591,IKEKA,CN,2605
CN-2605-AGAVO-W112-PURPA,2,IKEKA,W4,HCH,CN,2605
CN-2605-AGAVO-W112-PURPA,3,HCH,W200,DOVIV,CN,2605
CN-2605-AGAVO-W112-PURPA,4,DOVIV,W55,PAMRU,CN,2605
CN-2605-AGAVO-W112-PURPA,5,PAMRU,W34,VYK,CN,2605
CN-2605-AGAVO-W112-PURPA,6,VYK,B215,YHD,CN,2605
CN-2605-AGAVO-W112-PURPA,7,YHD,W199,ALGOT,CN,2605
CN-2605-AGAVO-W112-PURPA,8,ALGOT,W195,ESPED,CN,2605
CN-2605-AGAVO-W112-PURPA,9,ESPED,W66,NUKTI,CN,2605
CN-2605-AGAVO-W112-PURPA,10,NUKTI,B215,IBANO,CN,2605
CN-2605-AGAVO-W112-PURPA,11,IBANO,W187,TUSLI,CN,2605
CN-2605-AGAVO-W112-PURPA,12,TUSLI,W112,PURPA,CN,2605
CN-2605-AGAVO-ZBAA-01,1,AGAVO,A591,IKEKA,CN,2605
CN-2605-AGAVO-ZBAA-01,2,IKEKA,W4,HCH,CN,2605
CN-2605-AGAVO-ZBAA-01,3,HCH,W200,DOVIV,CN,2605
CN-2605-AGAVO-ZBAA-01,4,DOVIV,W55,DUMAP,CN,2605
CN-2605-AGAVO-ZBAD-01,1,AGAVO,A591,IKEKA,CN,2605
CN-2605-AGAVO-ZBAD-01,2,IKEKA,W4,HCH,CN,2605
CN-2605-AGAVO-ZBAD-01,3,HCH,W200,DOVIV,CN,2605
CN-2605-AGAVO-ZBAD-01,4,DOVIV,W55,DUMAP,CN,2605
CN-2605-AGAVO-ZBDS-01,1,AGAVO,A591,IKEKA,CN,2605
CN-2605-AGAVO-ZBDS-01,2,IKEKA,W4,HCH,CN,2605
CN-2605-AGAVO-ZBDS-01,3,HCH,W200,DOVIV,CN,2605
CN-2605-AGAVO-ZBDS-01,4,DOVIV,W55,PAMRU,CN,2605
CN-2605-AGAVO-ZBDS-01,5,PAMRU,W34,VYK,CN,2605
CN-2605-AGAVO-ZBDS-01,6,VYK,B215,APOGO,CN,2605
CN-2605-AGAVO-ZBDS-01,7,APOGO,W218,YLX,CN,2605
CN-2605-AGAVO-ZBHH-01,1,AGAVO,A591,IKEKA,CN,2605
CN-2605-AGAVO-ZBHH-01,2,IKEKA,W4,HCH,CN,2605
CN-2605-AGAVO-ZBHH-01,3,HCH,W200,DOVIV,CN,2605
CN-2605-AGAVO-ZBHH-01,4,DOVIV,W55,PAMRU,CN,2605
CN-2605-AGAVO-ZBHH-01,5,PAMRU,W34,VYK,CN,2605
CN-2605-AGAVO-ZBHH-01,6,VYK,B215,AGVUR,CN,2605
CN-2605-AGAVO-ZBHH-01,7,AGVUR,B208,TODAM,CN,2605
CN-2605-AGAVO-ZBOW-01,1,AGAVO,A591,IKEKA,CN,2605
CN-2605-AGAVO-ZBOW-01,2,IKEKA,W4,HCH,CN,2605
CN-2605-AGAVO-ZBOW-01,3,HCH,W200,DOVIV,CN,2605
CN-2605-AGAVO-ZBOW-01,4,DOVIV,W55,PAMRU,CN,2605
CN-2605-AGAVO-ZBOW-01,5,PAMRU,W34,VYK,CN,2605
CN-2605-AGAVO-ZBOW-01,6,VYK,B215,APOGO,CN,2605
CN-2605-AGAVO-ZBOW-01,7,APOGO,W218,YLX,CN,2605
CN-2605-AGAVO-ZBOW-01,8,YLX,W193,ALGOV,CN,2605
CN-2605-AGAVO-ZBSJ-01,1,AGAVO,A591,IKEKA,CN,2605
CN-2605-AGAVO-ZBSJ-01,2,IKEKA,W4,HCH,CN,2605
CN-2605-AGAVO-ZBSJ-01,3,HCH,W200,DOVIV,CN,2605
CN-2605-AGAVO-ZBSJ-01,4,DOVIV,W55,PAMRU,CN,2605
CN-2605-AGAVO-ZBSJ-01,5,PAMRU,W34,VYK,CN,2605
CN-2605-AGAVO-ZBSJ-01,6,VYK,B215,IDGIS,CN,2605
CN-2605-AGAVO-ZBTJ-01,1,AGAVO,A591,IKEKA,CN,2605
CN-2605-AGAVO-ZBTJ-01,2,IKEKA,W4,HCH,CN,2605
CN-2605-AGAVO-ZBTJ-01,3,HCH,W200,DOVIV,CN,2605
CN-2605-AGAVO-ZBTJ-01,4,DOVIV,W55,DUMAP,CN,2605
CN-2605-AGAVO-ZBYN-01,1,AGAVO,A591,IKEKA,CN,2605
CN-2605-AGAVO-ZBYN-01,2,IKEKA,W4,HCH,CN,2605
CN-2605-AGAVO-ZBYN-01,3,HCH,W200,DOVIV,CN,2605
CN-2605-AGAVO-ZBYN-01,4,DOVIV,W55,PAMRU,CN,2605
CN-2605-AGAVO-ZBYN-01,5,PAMRU,W34,VYK,CN,2605
CN-2605-AGAVO-ZBYN-01,6,VYK,B215,TOKUD,CN,2605
CN-2605-AGAVO-ZGHA-01,1,AGAVO,A591,IKEKA,CN,2605
CN-2605-AGAVO-ZGHA-01,2,IKEKA,W4,IPNIT,CN,2605
CN-2605-AGAVO-ZGHA-01,3,IPNIT,W37,GUSIV,CN,2605
CN-2605-AGAVO-ZHCC-01,1,AGAVO,A591,IKEKA,CN,2605
CN-2605-AGAVO-ZHCC-01,2,IKEKA,W4,TAMIX,CN,2605
CN-2605-AGAVO-ZHCC-01,3,TAMIX,B208,NOPIN,CN,2605
CN-2605-AGAVO-ZHEC-01,1,AGAVO,A591,IKEKA,CN,2605
CN-2605-AGAVO-ZHEC-01,2,IKEKA,W4,IPNIT,CN,2605
CN-2605-AGAVO-ZHEC-01,3,IPNIT,W37,ENLAB,CN,2605
CN-2605-AGAVO-ZHHH-01,1,AGAVO,A591,IKEKA,CN,2605
CN-2605-AGAVO-ZHHH-01,2,IKEKA,W4,IPNIT,CN,2605
CN-2605-AGAVO-ZHHH-01,3,IPNIT,W37,PONUD,CN,2605
CN-2605-AGAVO-ZLIC-01,1,AGAVO,A591,IKEKA,CN,2605
CN-2605-AGAVO-ZLIC-01,2,IKEKA,W4,HCH,CN,2605
CN-2605-AGAVO-ZLIC-01,3,HCH,W200,DOVIV,CN,2605
CN-2605-AGAVO-ZLIC-01,4,DOVIV,W55,PAMRU,CN,2605
CN-2605-AGAVO-ZLIC-01,5,PAMRU,W34,VYK,CN,2605
CN-2605-AGAVO-ZLIC-01,6,VYK,B215,APOGO,CN,2605
CN-2605-AGAVO-ZLIC-01,7,APOGO,W218,TUTGO,CN,2605
CN-2605-AGAVO-ZLIC-01,8,TUTGO,W220,NIRUV,CN,2605
CN-2605-AGAVO-ZLIC-01,9,NIRUV,B215,YHD,CN,2605
CN-2605-AGAVO-ZLXY-01,1,AGAVO,A591,IKEKA,CN,2605
CN-2605-AGAVO-ZLXY-01,2,IKEKA,W4,HCH,CN,2605
CN-2605-AGAVO-ZLXY-01,3,HCH,W200,DOVIV,CN,2605
CN-2605-AGAVO-ZLXY-01,4,DOVIV,W55,PAMRU,CN,2605
CN-2605-AGAVO-ZLXY-01,5,PAMRU,W34,VYK,CN,2605
CN-2605-AGAVO-ZLXY-01,6,VYK,B215,KAPDO,CN,2605
CN-2605-AGAVO-ZLXY-01,7,KAPDO,W276,LOVRA,CN,2605
CN-2605-AGAVO-ZPPP-01,1,AGAVO,A591,IKEKA,CN,2605
CN-2605-AGAVO-ZPPP-01,2,IKEKA,W4,IPNIT,CN,2605
CN-2605-AGAVO-ZPPP-01,3,IPNIT,W37,DUBAS,CN,2605
CN-2605-AGAVO-ZPPP-01,4,DUBAS,R343,WHA,CN,2605
CN-2605-AGAVO-ZPPP-01,5,WHA,A581,QNX,CN,2605
CN-2605-AGAVO-ZPPP-01,6,QNX,W136,XISLI,CN,2605
CN-2605-AGAVO-ZSJN-01,1,AGAVO,A591,IKEKA,CN,2605
CN-2605-AGAVO-ZSJN-01,2,IKEKA,W4,BASOV,CN,2605
CN-2605-AGAVO-ZSNJ-01,1,AGAVO,W209,OMLIB,CN,2605
CN-2605-AGAVO-ZSNJ-01,2,OMLIB,A326,IKADI,CN,2605
CN-2605-AGAVO-ZSNJ-01,3,IKADI,W113,YCH,CN,2605
CN-2605-AGAVO-ZSNJ-01,4,YCH,W177,HUN,CN,2605
CN-2605-AGAVO-ZSNJ-01,5,HUN,W525,LAGAL,CN,2605
CN-2605-AGAVO-ZSNJ-01,6,LAGAL,W178,OF,CN,2605
CN-2605-AGAVO-ZSNJ-02,1,AGAVO,W209,OMLIB,CN,2605
CN-2605-AGAVO-ZSNJ-02,2,OMLIB,A326,IKADI,CN,2605
CN-2605-AGAVO-ZSNJ-02,3,IKADI,W113,YCH,CN,2605
CN-2605-AGAVO-ZSNJ-02,4,YCH,W185,OF,CN,2605
CN-2605-AGAVO-ZSPD-01,1,AGAVO,W209,OMLIB,CN,2605
CN-2605-AGAVO-ZSPD-01,2,OMLIB,A326,AKARA,CN,2605
CN-2605-AGAVO-ZSPD-01,3,AKARA,A593,PUD,CN,2605
CN-2605-AGAVO-ZSPD-02,1,AGAVO,W209,OMLIB,CN,2605
CN-2605-AGAVO-ZSPD-02,2,OMLIB,A326,IKADI,CN,2605
CN-2605-AGAVO-ZSPD-02,3,IKADI,W113,SOSMA,CN,2605
CN-2605-AGAVO-ZSPD-02,4,SOSMA,W108,MATNU,CN,2605
CN-2605-AGAVO-ZSPD-02,5,MATNU,W115,PINOT,CN,2605
CN-2605-AGAVO-ZSQD-01,1,AGAVO,W209,LATUX,CN,2605
CN-2605-AGAVO-ZSWH-01,1,AGAVO,A591,IKEKA,CN,2605
CN-2605-AGAVO-ZSWH-01,2,IKEKA,W4,WEH,CN,2605
CN-2605-AGAVO-ZSXZ-01,1,AGAVO,W209,OMLIB,CN,2605
CN-2605-AGAVO-ZSXZ-01,2,OMLIB,A326,IKADI,CN,2605
CN-2605-AGAVO-ZSXZ-01,3,IKADI,W113,YCH,CN,2605
CN-2605-AGAVO-ZSXZ-01,4,YCH,W177,OMUDI,CN,2605
CN-2605-AGAVO-ZSXZ-01,5,OMUDI,W125,DO,CN,2605
CN-2605-AGAVO-ZSYA-01,1,AGAVO,W209,OMLIB,CN,2605
CN-2605-AGAVO-ZSYA-01,2,OMLIB,A326,IKADI,CN,2605
CN-2605-AGAVO-ZSYA-01,3,IKADI,W113,YCH,CN,2605
CN-2605-AGAVO-ZSYA-01,4,YCH,W185,NIXEM,CN,2605
CN-2605-AGAVO-ZSYN-01,1,AGAVO,W209,OMLIB,CN,2605
CN-2605-AGAVO-ZSYN-01,2,OMLIB,A326,IKADI,CN,2605
CN-2605-AGAVO-ZSYN-01,3,IKADI,W113,YCH,CN,2605
CN-2605-AGAVO-ZSYT-01,1,AGAVO,A591,IKEKA,CN,2605
CN-2605-AGAVO-ZSYT-01,2,IKEKA,W4,FZ,CN,2605
CN-2605-AGAVO-ZUCK-01,1,AGAVO,A591,IKEKA,CN,2605
CN-2605-AGAVO-ZUCK-01,2,IKEKA,W4,LIMGI,CN,2605
CN-2605-AGAVO-ZUCK-01,3,LIMGI,W152,URGOD,CN,2605
CN-2605-AGAVO-ZUCK-01,4,URGOD,W278,AVDIG,CN,2605
CN-2605-AGAVO-ZUCK-01,5,AVDIG,W666,VINEX,CN,2605
CN-2605-AGAVO-ZUGY-01,1,AGAVO,A591,IKEKA,CN,2605
CN-2605-AGAVO-ZUGY-01,2,IKEKA,W4,IPNIT,CN,2605
CN-2605-AGAVO-ZUGY-01,3,IPNIT,W37,DUBAS,CN,2605
CN-2605-AGAVO-ZUGY-01,4,DUBAS,R343,WHA,CN,2605
CN-2605-AGAVO-ZUGY-01,5,WHA,A581,HUY,CN,2605
CN-2605-AGAVO-ZUGY-01,6,HUY,W183,TRN,CN,2605
CN-2605-AGAVO-ZUGY-01,7,TRN,W680,UBGUP,CN,2605
CN-2605-AGAVO-ZUTF-01,1,AGAVO,A591,IKEKA,CN,2605
CN-2605-AGAVO-ZUTF-01,2,IKEKA,W4,HCH,CN,2605
CN-2605-AGAVO-ZUTF-01,3,HCH,W200,DOVIV,CN,2605
CN-2605-AGAVO-ZUTF-01,4,DOVIV,W55,PAMRU,CN,2605
CN-2605-AGAVO-ZUTF-01,5,PAMRU,W34,VYK,CN,2605
CN-2605-AGAVO-ZUTF-01,6,VYK,B215,KAPDO,CN,2605
CN-2605-AGAVO-ZUTF-01,7,KAPDO,W276,ANRUG,CN,2605
CN-2605-AGAVO-ZUTF-01,8,ANRUG,W279,ONEBA,CN,2605
CN-2605-AGAVO-ZUTF-01,9,ONEBA,G212,BUPMI,CN,2605
CN-2605-AGAVO-ZUTF-02,1,AGAVO,A591,IKEKA,CN,2605
CN-2605-AGAVO-ZUTF-02,2,IKEKA,W4,LIMGI,CN,2605
CN-2605-AGAVO-ZUTF-02,3,LIMGI,W152,BUBDU,CN,2605
CN-2605-AGAVO-ZUTF-02,4,BUBDU,W276,ANRUG,CN,2605
CN-2605-AGAVO-ZUTF-02,5,ANRUG,W279,ONEBA,CN,2605
CN-2605-AGAVO-ZUTF-02,6,ONEBA,G212,BUPMI,CN,2605
CN-2605-AGAVO-ZUUU-01,1,AGAVO,A591,IKEKA,CN,2605
CN-2605-AGAVO-ZUUU-01,2,IKEKA,W4,HCH,CN,2605
CN-2605-AGAVO-ZUUU-01,3,HCH,W200,DOVIV,CN,2605
CN-2605-AGAVO-ZUUU-01,4,DOVIV,W55,PAMRU,CN,2605
CN-2605-AGAVO-ZUUU-01,5,PAMRU,W34,VYK,CN,2605
CN-2605-AGAVO-ZUUU-01,6,VYK,B215,KAPDO,CN,2605
CN-2605-AGAVO-ZUUU-01,7,KAPDO,W276,ANRUG,CN,2605
CN-2605-AGAVO-ZUUU-01,8,ANRUG,W279,ONEBA,CN,2605
CN-2605-AGAVO-ZUUU-01,9,ONEBA,G212,SUBUL,CN,2605
CN-2605-AGAVO-ZUUU-01,10,SUBUL,W230,AKDIK,CN,2605
CN-2605-AGAVO-ZUUU-02,1,AGAVO,A591,IKEKA,CN,2605
CN-2605-AGAVO-ZUUU-02,2,IKEKA,W4,LIMGI,CN,2605
CN-2605-AGAVO-ZUUU-02,3,LIMGI,W152,BUBDU,CN,2605
CN-2605-AGAVO-ZUUU-02,4,BUBDU,W276,ANRUG,CN,2605
CN-2605-AGAVO-ZUUU-02,5,ANRUG,W279,ONEBA,CN,2605
CN-2605-AGAVO-ZUUU-02,6,ONEBA,G212,SUBUL,CN,2605
CN-2605-AGAVO-ZUUU-02,7,SUBUL,W230,AKDIK,CN,2605
CN-2605-AGAVO-ZYCC-01,1,AGAVO,G597,DONVO,CN,2605
CN-2605-AGAVO-ZYCC-01,2,DONVO,A326,SANKO,CN,2605
CN-2605-AGAVO-ZYCC-01,3,SANKO,W107,CHI,CN,2605
CN-2605-AGAVO-ZYCC-01,4,CHI,A588,LEMOT,CN,2605
CN-2605-AGAVO-ZYHB-01,1,AGAVO,G597,DONVO,CN,2605
CN-2605-AGAVO-ZYHB-01,2,DONVO,A326,SANKO,CN,2605
CN-2605-AGAVO-ZYHB-01,3,SANKO,W107,CHI,CN,2605
CN-2605-AGAVO-ZYHB-01,4,CHI,A588,NULRA,CN,2605
CN-2605-AGAVO-ZYHB-01,5,NULRA,W206,MAGBI,CN,2605
CN-2605-AGAVO-ZYHB-01,6,MAGBI,W656,ISLUK,CN,2605
CN-2605-AGAVO-ZYHB-01,7,ISLUK,W629,LARUN,CN,2605
CN-2605-AGAVO-ZYJM-01,1,AGAVO,G597,DONVO,CN,2605
CN-2605-AGAVO-ZYJM-01,2,DONVO,A326,SANKO,CN,2605
CN-2605-AGAVO-ZYJM-01,3,SANKO,W107,CHI,CN,2605
CN-2605-AGAVO-ZYJM-01,4,CHI,A588,HRB,CN,2605
CN-2605-AGAVO-ZYJM-01,5,HRB,G212,JMU,CN,2605
CN-2605-AGAVO-ZYTL-01,1,AGAVO,G597,DONVO,CN,2605
CN-2605-AGAVO-ZYTL-01,2,DONVO,A326,SANKO,CN,2605
CN-2605-AGAVO-ZYTL-01,3,SANKO,W579,RUPID,CN,2605
CN-2605-AGAVO-ZYTX-01,1,AGAVO,G597,DONVO,CN,2605
CN-2605-AGAVO-ZYTX-01,2,DONVO,A326,SANKO,CN,2605
CN-2605-AGAVO-ZYTX-01,3,SANKO,W107,CHI,CN,2605
CN-2605-AGAVO-ZYTX-01,4,CHI,A588,TOSID,CN,2605
CN-2605-AGVUT-ZBAA-01R,1,AGVUT,L181,DSC,CN,2605
CN-2605-AGVUT-ZBAA-01R,2,DSC,B215,FKG,CN,2605
CN-2605-AGVUT-ZBAA-01R,3,FKG,W188,LIKMI,CN,2605
CN-2605-AGVUT-ZBAA-01R,4,LIKMI,W270,DKO,CN,2605
CN-2605-AGVUT-ZBAA-01R,5,DKO,W69,GUVBA,CN,2605
CN-2605-AGVUT-ZBAA-02R,1,AGVUT,L181,DSC,CN,2605
CN-2605-AGVUT-ZBAA-02R,2,DSC,B215,MAGIV,CN,2605
CN-2605-AGVUT-ZBAA-02R,3,MAGIV,W187,DNH,CN,2605
CN-2605-AGVUT-ZBAA-02R,4,DNH,W621,NIXUK,CN,2605
CN-2605-AGVUT-ZBAA-02R,5,NIXUK,W271,BOTKI,CN,2605
CN-2605-AGVUT-ZBAA-02R,6,BOTKI,W270,DKO,CN,2605
CN-2605-AGVUT-ZBAA-02R,7,DKO,W69,GUVBA,CN,2605
CN-2605-AGVUT-ZGGG-01R,1,AGVUT,L181,DSC,CN,2605
CN-2605-AGVUT-ZGGG-01R,2,DSC,B215,FKG,CN,2605
CN-2605-AGVUT-ZGGG-01R,3,FKG,W192,ESDEX,CN,2605
CN-2605-AGVUT-ZGGG-01R,4,ESDEX,W191,DNC,CN,2605
CN-2605-AGVUT-ZGGG-01R,5,DNC,W565,BIGUX,CN,2605
CN-2605-AGVUT-ZGGG-01R,6,BIGUX,B330,KWE,CN,2605
CN-2605-AGVUT-ZGGG-01R,7,KWE,W181,DUDIT,CN,2605
CN-2605-AGVUT-ZGGG-01R,8,DUDIT,A599,GYA,CN,2605
CN-2605-AGVUT-ZGGG-02R,1,AGVUT,L181,DSC,CN,2605
CN-2605-AGVUT-ZGGG-02R,2,DSC,B215,MAGIV,CN,2605
CN-2605-AGVUT-ZGGG-02R,3,MAGIV,W187,TUSLI,CN,2605
CN-2605-AGVUT-ZGGG-02R,4,TUSLI,W112,VIKUP,CN,2605
CN-2605-AGVUT-ZGGG-02R,5,VIKUP,W191,DNC,CN,2605
CN-2605-AGVUT-ZGGG-02R,6,DNC,W565,BIGUX,CN,2605
CN-2605-AGVUT-ZGGG-02R,7,BIGUX,B330,KWE,CN,2605
CN-2605-AGVUT-ZGGG-02R,8,KWE,W181,DUDIT,CN,2605
CN-2605-AGVUT-ZGGG-02R,9,DUDIT,A599,GYA,CN,2605
CN-2605-AGVUT-ZGSZ-01R,1,AGVUT,L181,DSC,CN,2605
CN-2605-AGVUT-ZGSZ-01R,2,DSC,B215,MAGIV,CN,2605
CN-2605-AGVUT-ZGSZ-01R,3,MAGIV,W187,TUSLI,CN,2605
CN-2605-AGVUT-ZGSZ-01R,4,TUSLI,W112,VIKUP,CN,2605
CN-2605-AGVUT-ZGSZ-01R,5,VIKUP,W191,DNC,CN,2605
CN-2605-AGVUT-ZGSZ-01R,6,DNC,W565,BIGUX,CN,2605
CN-2605-AGVUT-ZGSZ-01R,7,BIGUX,B330,KWE,CN,2605
CN-2605-AGVUT-ZGSZ-01R,8,KWE,W181,DUDIT,CN,2605
CN-2605-AGVUT-ZGSZ-01R,9,DUDIT,A599,POU,CN,2605
CN-2605-AGVUT-ZGSZ-01R,10,POU,W7,SAREX,CN,2605
CN-2605-AGVUT-ZLXY-01R,1,AGVUT,L181,DSC,CN,2605
CN-2605-AGVUT-ZLXY-01R,2,DSC,B215,MAGIV,CN,2605
CN-2605-AGVUT-ZLXY-01R,3,MAGIV,W187,TUSLI,CN,2605
CN-2605-AGVUT-ZLXY-01R,4,TUSLI,W112,VIKUP,CN,2605
CN-2605-AGVUT-ZLXY-01R,5,VIKUP,W191,DNC,CN,2605
CN-2605-AGVUT-ZLXY-01R,6,DNC,W565,BIGUX,CN,2605
CN-2605-AGVUT-ZLXY-01R,7,BIGUX,W214,HO,CN,2605
CN-2605-AGVUT-ZUTF-01R,1,AGVUT,L181,DSC,CN,2605
CN-2605-AGVUT-ZUTF-01R,2,DSC,B215,MAGIV,CN,2605
CN-2605-AGVUT-ZUTF-01R,3,MAGIV,W187,TUSLI,CN,2605
CN-2605-AGVUT-ZUTF-01R,4,TUSLI,W112,VIKUP,CN,2605
CN-2605-AGVUT-ZUTF-01R,5,VIKUP,W191,DNC,CN,2605
CN-2605-AGVUT-ZUTF-01R,6,DNC,W565,BIGUX,CN,2605
CN-2605-AGVUT-ZUTF-01R,7,BIGUX,B330,MEXAD,CN,2605
CN-2605-AGVUT-ZWWW-01R,1,AGVUT,L181,DSC,CN,2605
CN-2605-AGVUT-ZWWW-01R,2,DSC,B215,EPDAG,CN,2605
CN-2605-APITO-ZSPD-01,1,APITO,A326,AKARA,CN,2605
CN-2605-APITO-ZSPD-01,2,AKARA,A593,PUD,CN,2605
CN-2605-ASSAD-SIKOU,1,ASSAD,A202,SIKOU,CN,2605
CN-2605-ASSAD-ZGGG-01,1,ASSAD,A202,SIKOU,CN,2605
CN-2605-ASSAD-ZGGG-01,2,SIKOU,DCT,TAMOT,CN,2605
CN-2605-ASSAD-ZGGG-01,3,TAMOT,W68,IDUMA,CN,2605
CN-2605-ASSAD-ZGSZ-01,1,ASSAD,A202,SIKOU,CN,2605
CN-2605-ASSAD-ZGSZ-01,2,SIKOU,DCT,LANDA,CN,2605
CN-2605-ASSAD-ZGSZ-02,1,ASSAD,A202,AGPOR,CN,2605
CN-2605-ASSAD-ZGSZ-02,2,AGPOR,W71,LH,CN,2605
CN-2605-ASSAD-ZGSZ-02,3,LH,R200,BIGRO,CN,2605
CN-2605-ASSAD-ZGSZ-02,4,BIGRO,W552,LOVTA,CN,2605
CN-2605-ASSAD-ZGZJ-01,1,ASSAD,A202,AGPOR,CN,2605
CN-2605-ASSAD-ZGZJ-01,2,AGPOR,W71,LH,CN,2605
CN-2605-ASSAD-ZJHK-01,1,ASSAD,A202,SAMAS,CN,2605
CN-2605-ASSAD-ZJHK-01,2,SAMAS,DCT,MLT,CN,2605
CN-2605-ASSAD-ZSAM-01,1,ASSAD,A202,AGPOR,CN,2605
CN-2605-ASSAD-ZSAM-01,2,AGPOR,W71,LH,CN,2605
CN-2605-ASSAD-ZSAM-01,3,LH,R200,BEBEM,CN,2605
CN-2605-ASSAD-ZSAM-01,4,BEBEM,A470,TEBON,CN,2605
CN-2605-ASSAD-ZSFZ-01,1,ASSAD,A202,AGPOR,CN,2605
CN-2605-ASSAD-ZSFZ-01,2,AGPOR,W71,LH,CN,2605
CN-2605-ASSAD-ZSFZ-01,3,LH,R200,BEBEM,CN,2605
CN-2605-ASSAD-ZSFZ-01,4,BEBEM,A470,ENVEN,CN,2605
CN-2605-ASSAD-ZSHC-01,1,ASSAD,A202,AGPOR,CN,2605
CN-2605-ASSAD-ZSHC-01,2,AGPOR,W71,LH,CN,2605
CN-2605-ASSAD-ZSHC-01,3,LH,R200,BEBEM,CN,2605
CN-2605-ASSAD-ZSHC-01,4,BEBEM,A470,UGAGO,CN,2605
CN-2605-ASSAD-ZSNB-01,1,ASSAD,A202,AGPOR,CN,2605
CN-2605-ASSAD-ZSNB-01,2,AGPOR,W71,LH,CN,2605
CN-2605-ASSAD-ZSNB-01,3,LH,R200,BEBEM,CN,2605
CN-2605-ASSAD-ZSNB-01,4,BEBEM,A470,LJG,CN,2605
CN-2605-ASSAD-ZSNB-01,5,LJG,B221,SHZ,CN,2605
CN-2605-ASSAD-ZSWZ-01,1,ASSAD,A202,SIKOU,CN,2605
CN-2605-ASSAD-ZSWZ-01,2,SIKOU,DCT,MAGOG,CN,2605
CN-2605-ASSAD-ZSWZ-01,3,MAGOG,A470,LJG,CN,2605
CN-2605-ASSAD-ZSWZ-01,4,LJG,B221,MUDOD,CN,2605
CN-2605-ASSAD-ZSWZ-01,5,MUDOD,W76,UNRUP,CN,2605
CN-2605-BEKOL-AGAVO,1,BEKOL,A461,SHL,CN,2605
CN-2605-BEKOL-AGAVO,2,SHL,W26,UPRIK,CN,2605
CN-2605-BEKOL-AGAVO,3,UPRIK,W41,OMDUP,CN,2605
CN-2605-BEKOL-AGAVO,4,OMDUP,G471,PLT,CN,2605
CN-2605-BEKOL-AGAVO,5,PLT,A599,PUD,CN,2605
CN-2605-BEKOL-AGAVO,6,PUD,A593,AKARA,CN,2605
CN-2605-BEKOL-AGAVO,7,AKARA,A326,IKEKA,CN,2605
CN-2605-BEKOL-AGAVO,8,IKEKA,A591,AGAVO,CN,2605
CN-2605-BEKOL-APSMS,1,BEKOL,A461,BUBDA,CN,2605
CN-2605-BEKOL-APSMS,2,BUBDA,W56,VYK,CN,2605
CN-2605-BEKOL-APSMS,3,VYK,G212,SOTMU,CN,2605
CN-2605-BEKOL-APSMS,4,SOTMU,B339,HUR,CN,2605
CN-2605-BEKOL-APSMS,5,HUR,B334,TGO,CN,2605
CN-2605-BEKOL-APSMS,6,TGO,G212,ARGUK,CN,2605
CN-2605-BEKOL-APSMS,7,ARGUK,DCT,BEKOL,CN,2605
CN-2605-BEKOL-APSMS,8,BEKOL,A461,BUBDA,CN,2605
CN-2605-BEKOL-APSMS,9,BUBDA,W56,OBMEP,CN,2605
CN-2605-BEKOL-APSMS,10,OBMEP,B208,HET,CN,2605
CN-2605-BEKOL-APSMS,11,HET,G218,POLHO,CN,2605
CN-2605-BEKOL-APSMS,12,POLHO,DCT,BEKOL,CN,2605
CN-2605-BEKOL-APSMS,13,BEKOL,A461,BUBDA,CN,2605
CN-2605-BEKOL-APSMS,14,BUBDA,W56,VYK,CN,2605
CN-2605-BEKOL-APSMS,15,VYK,G212,SOTMU,CN,2605
CN-2605-BEKOL-APSMS,16,SOTMU,B339,HUR,CN,2605
CN-2605-BEKOL-APSMS,17,HUR,B334,TGO,CN,2605
CN-2605-BEKOL-APSMS,18,TGO,G212,HRB,CN,2605
CN-2605-BEKOL-APSMS,19,HRB,A588,SIMLI,CN,2605
CN-2605-BEKOL-APSMS,20,SIMLI,DCT,BEKOL,CN,2605
CN-2605-BEKOL-APSMS,21,BEKOL,A461,SHL,CN,2605
CN-2605-BEKOL-APSMS,22,SHL,W22,TEPID,CN,2605
CN-2605-BEKOL-APSMS,23,TEPID,W24,OSNOV,CN,2605
CN-2605-BEKOL-APSMS,24,OSNOV,G586,QP,CN,2605
CN-2605-BEKOL-APSMS,25,QP,B330,ELKAL,CN,2605
CN-2605-BEKOL-APSMS,26,ELKAL,W179,OMBON,CN,2605
CN-2605-BEKOL-APSMS,27,OMBON,W195,MORIT,CN,2605
CN-2605-BEKOL-APSMS,28,MORIT,DCT,BEKOL,CN,2605
CN-2605-BEKOL-APSMS,29,BEKOL,A461,SHL,CN,2605
CN-2605-BEKOL-APSMS,30,SHL,W26,UPRIK,CN,2605
CN-2605-BEKOL-APSMS,31,UPRIK,W41,OMDUP,CN,2605
CN-2605-BEKOL-APSMS,32,OMDUP,G471,PLT,CN,2605
CN-2605-BEKOL-APSMS,33,PLT,A599,JTN,CN,2605
CN-2605-BEKOL-APSMS,34,JTN,G327,LAMEN,CN,2605
CN-2605-BEKOL-APSMS,35,LAMEN,A593,SADLI,CN,2605
CN-2605-BEKOL-ARGUK,1,BEKOL,A461,BUBDA,CN,2605
CN-2605-BEKOL-ARGUK,2,BUBDA,W56,VYK,CN,2605
CN-2605-BEKOL-ARGUK,3,VYK,G212,SOTMU,CN,2605
CN-2605-BEKOL-ARGUK,4,SOTMU,B339,HUR,CN,2605
CN-2605-BEKOL-ARGUK,5,HUR,B334,TGO,CN,2605
CN-2605-BEKOL-ARGUK,6,TGO,G212,ARGUK,CN,2605
CN-2605-BEKOL-BISUN,1,BEKOL,A461,BUBDA,CN,2605
CN-2605-BEKOL-BISUN,2,BUBDA,W56,VYK,CN,2605
CN-2605-BEKOL-BISUN,3,VYK,G212,SOTMU,CN,2605
CN-2605-BEKOL-BISUN,4,SOTMU,B339,HUR,CN,2605
CN-2605-BEKOL-BISUN,5,HUR,B334,TGO,CN,2605
CN-2605-BEKOL-BISUN,6,TGO,G341,WQG,CN,2605
CN-2605-BEKOL-BISUN,7,WQG,B451,BISUN,CN,2605
CN-2605-BEKOL-G470-KAMUD,1,BEKOL,A461,SHL,CN,2605
CN-2605-BEKOL-G470-KAMUD,2,SHL,W22,TEPID,CN,2605
CN-2605-BEKOL-G470-KAMUD,3,TEPID,W24,OSNOV,CN,2605
CN-2605-BEKOL-G470-KAMUD,4,OSNOV,G586,QP,CN,2605
CN-2605-BEKOL-G470-KAMUD,5,QP,B330,ELKAL,CN,2605
CN-2605-BEKOL-G470-KAMUD,6,ELKAL,W179,OMBON,CN,2605
CN-2605-BEKOL-G470-KAMUD,7,OMBON,W195,IDOPA,CN,2605
CN-2605-BEKOL-G470-KAMUD,8,IDOPA,W197,ANDIM,CN,2605
CN-2605-BEKOL-G470-KAMUD,9,ANDIM,B215,IBANO,CN,2605
CN-2605-BEKOL-G470-KAMUD,10,IBANO,G470,AKLAS,CN,2605
CN-2605-BEKOL-G470-KAMUD,11,AKLAS,W192,FKG,CN,2605
CN-2605-BEKOL-G470-KAMUD,12,FKG,B215,KABDO,CN,2605
CN-2605-BEKOL-G470-KAMUD,13,KABDO,W119,LIMDO,CN,2605
CN-2605-BEKOL-G470-KAMUD,14,LIMDO,A468,KAMUD,CN,2605
CN-2605-BEKOL-G470-RULAD,1,BEKOL,A461,SHL,CN,2605
CN-2605-BEKOL-G470-RULAD,2,SHL,W22,TEPID,CN,2605
CN-2605-BEKOL-G470-RULAD,3,TEPID,W24,OSNOV,CN,2605
CN-2605-BEKOL-G470-RULAD,4,OSNOV,G586,QP,CN,2605
CN-2605-BEKOL-G470-RULAD,5,QP,B330,ELKAL,CN,2605
CN-2605-BEKOL-G470-RULAD,6,ELKAL,W179,OMBON,CN,2605
CN-2605-BEKOL-G470-RULAD,7,OMBON,W195,IDOPA,CN,2605
CN-2605-BEKOL-G470-RULAD,8,IDOPA,W197,ANDIM,CN,2605
CN-2605-BEKOL-G470-RULAD,9,ANDIM,B215,IBANO,CN,2605
CN-2605-BEKOL-G470-RULAD,10,IBANO,G470,AKLAS,CN,2605
CN-2605-BEKOL-G470-RULAD,11,AKLAS,W192,FKG,CN,2605
CN-2605-BEKOL-G470-RULAD,12,FKG,B215,KABDO,CN,2605
CN-2605-BEKOL-G470-RULAD,13,KABDO,W119,GOBOK,CN,2605
CN-2605-BEKOL-G470-RULAD,14,GOBOK,A343,RULAD,CN,2605
CN-2605-BEKOL-G470-SARIN,1,BEKOL,A461,SHL,CN,2605
CN-2605-BEKOL-G470-SARIN,2,SHL,W22,TEPID,CN,2605
CN-2605-BEKOL-G470-SARIN,3,TEPID,W24,OSNOV,CN,2605
CN-2605-BEKOL-G470-SARIN,4,OSNOV,G586,QP,CN,2605
CN-2605-BEKOL-G470-SARIN,5,QP,B330,ELKAL,CN,2605
CN-2605-BEKOL-G470-SARIN,6,ELKAL,W179,OMBON,CN,2605
CN-2605-BEKOL-G470-SARIN,7,OMBON,W195,IDOPA,CN,2605
CN-2605-BEKOL-G470-SARIN,8,IDOPA,W197,ANDIM,CN,2605
CN-2605-BEKOL-G470-SARIN,9,ANDIM,B215,IBANO,CN,2605
CN-2605-BEKOL-G470-SARIN,10,IBANO,G470,AKLAS,CN,2605
CN-2605-BEKOL-G470-SARIN,11,AKLAS,W192,FKG,CN,2605
CN-2605-BEKOL-G470-SARIN,12,FKG,A368,SARIN,CN,2605
CN-2605-BEKOL-G470-SGM,1,BEKOL,A461,SHL,CN,2605
CN-2605-BEKOL-G470-SGM,2,SHL,W22,TEPID,CN,2605
CN-2605-BEKOL-G470-SGM,3,TEPID,W24,OSNOV,CN,2605
CN-2605-BEKOL-G470-SGM,4,OSNOV,G586,QP,CN,2605
CN-2605-BEKOL-G470-SGM,5,QP,B330,ELKAL,CN,2605
CN-2605-BEKOL-G470-SGM,6,ELKAL,W179,OMBON,CN,2605
CN-2605-BEKOL-G470-SGM,7,OMBON,W195,IDOPA,CN,2605
CN-2605-BEKOL-G470-SGM,8,IDOPA,W197,ANDIM,CN,2605
CN-2605-BEKOL-G470-SGM,9,ANDIM,B215,IBANO,CN,2605
CN-2605-BEKOL-G470-SGM,10,IBANO,G470,AKLAS,CN,2605
CN-2605-BEKOL-G470-SGM,11,AKLAS,W192,FKG,CN,2605
CN-2605-BEKOL-G470-SGM,12,FKG,A368,SARIN,CN,2605
CN-2605-BEKOL-G470-SGM,13,SARIN,DCT,BEKOL,CN,2605
CN-2605-BEKOL-G470-SGM,14,BEKOL,A461,SHL,CN,2605
CN-2605-BEKOL-G470-SGM,15,SHL,W22,TEPID,CN,2605
CN-2605-BEKOL-G470-SGM,16,TEPID,W24,OSNOV,CN,2605
CN-2605-BEKOL-G470-SGM,17,OSNOV,G586,QP,CN,2605
CN-2605-BEKOL-G470-SGM,18,QP,B330,ELKAL,CN,2605
CN-2605-BEKOL-G470-SGM,19,ELKAL,W179,OMBON,CN,2605
CN-2605-BEKOL-G470-SGM,20,OMBON,W195,IDOPA,CN,2605
CN-2605-BEKOL-G470-SGM,21,IDOPA,W197,ANDIM,CN,2605
CN-2605-BEKOL-G470-SGM,22,ANDIM,B215,IBANO,CN,2605
CN-2605-BEKOL-G470-SGM,23,IBANO,G470,AKLAS,CN,2605
CN-2605-BEKOL-G470-SGM,24,AKLAS,W192,FKG,CN,2605
CN-2605-BEKOL-G470-SGM,25,FKG,G588,NIRAV,CN,2605
CN-2605-BEKOL-G470-SGM,26,NIRAV,B206,GOPTO,CN,2605
CN-2605-BEKOL-G470-SGM,27,GOPTO,DCT,BEKOL,CN,2605
CN-2605-BEKOL-G470-SGM,28,BEKOL,A461,SHL,CN,2605
CN-2605-BEKOL-G470-SGM,29,SHL,W22,TEPID,CN,2605
CN-2605-BEKOL-G470-SGM,30,TEPID,W24,OSNOV,CN,2605
CN-2605-BEKOL-G470-SGM,31,OSNOV,G586,QP,CN,2605
CN-2605-BEKOL-G470-SGM,32,QP,B330,ELKAL,CN,2605
CN-2605-BEKOL-G470-SGM,33,ELKAL,W179,OMBON,CN,2605
CN-2605-BEKOL-G470-SGM,34,OMBON,W195,MORIT,CN,2605
CN-2605-BEKOL-G470-SGMN,1,BEKOL,A461,SHL,CN,2605
CN-2605-BEKOL-G470-SGMN,2,SHL,W22,TEPID,CN,2605
CN-2605-BEKOL-G470-SGMN,3,TEPID,W24,OSNOV,CN,2605
CN-2605-BEKOL-G470-SGMN,4,OSNOV,G586,QP,CN,2605
CN-2605-BEKOL-G470-SGMN,5,QP,B330,ELKAL,CN,2605
CN-2605-BEKOL-G470-SGMN,6,ELKAL,W179,OMBON,CN,2605
CN-2605-BEKOL-G470-SGMN,7,OMBON,W195,IDOPA,CN,2605
CN-2605-BEKOL-G470-SGMN,8,IDOPA,W197,ANDIM,CN,2605
CN-2605-BEKOL-G470-SGMN,9,ANDIM,B215,IBANO,CN,2605
CN-2605-BEKOL-G470-SGMN,10,IBANO,G470,AKLAS,CN,2605
CN-2605-BEKOL-G470-SGMN,11,AKLAS,W192,FKG,CN,2605
CN-2605-BEKOL-G470-SGMN,12,FKG,A368,SARIN,CN,2605
CN-2605-BEKOL-G470-SGMN,13,SARIN,DCT,BEKOL,CN,2605
CN-2605-BEKOL-G470-SGMN,14,BEKOL,A461,SHL,CN,2605
CN-2605-BEKOL-G470-SGMN,15,SHL,W22,TEPID,CN,2605
CN-2605-BEKOL-G470-SGMN,16,TEPID,W24,OSNOV,CN,2605
CN-2605-BEKOL-G470-SGMN,17,OSNOV,G586,QP,CN,2605
CN-2605-BEKOL-G470-SGMN,18,QP,B330,ELKAL,CN,2605
CN-2605-BEKOL-G470-SGMN,19,ELKAL,W179,OMBON,CN,2605
CN-2605-BEKOL-G470-SGMN,20,OMBON,W195,IDOPA,CN,2605
CN-2605-BEKOL-G470-SGMN,21,IDOPA,W197,ANDIM,CN,2605
CN-2605-BEKOL-G470-SGMN,22,ANDIM,B215,IBANO,CN,2605
CN-2605-BEKOL-G470-SGMN,23,IBANO,G470,AKLAS,CN,2605
CN-2605-BEKOL-G470-SGMN,24,AKLAS,W192,FKG,CN,2605
CN-2605-BEKOL-G470-SGMN,25,FKG,G588,NIRAV,CN,2605
CN-2605-BEKOL-G470-SGMN,26,NIRAV,B206,GOPTO,CN,2605
CN-2605-BEKOL-G470-SGMN,27,GOPTO,DCT,BEKOL,CN,2605
CN-2605-BEKOL-G470-SGMN,28,BEKOL,A461,SHL,CN,2605
CN-2605-BEKOL-G470-SGMN,29,SHL,W22,TEPID,CN,2605
CN-2605-BEKOL-G470-SGMN,30,TEPID,W24,OSNOV,CN,2605
CN-2605-BEKOL-G470-SGMN,31,OSNOV,G586,QP,CN,2605
CN-2605-BEKOL-G470-SGMN,32,QP,B330,ELKAL,CN,2605
CN-2605-BEKOL-G470-SGMN,33,ELKAL,W179,OMBON,CN,2605
CN-2605-BEKOL-G470-SGMN,34,OMBON,W195,MORIT,CN,2605
CN-2605-BEKOL-G470-SGMN,35,MORIT,DCT,BEKOL,CN,2605
CN-2605-BEKOL-G470-SGMN,36,BEKOL,A461,BUBDA,CN,2605
CN-2605-BEKOL-G470-SGMN,37,BUBDA,W56,OBMEP,CN,2605
CN-2605-BEKOL-G470-SGMN,38,OBMEP,B208,NIXAL,CN,2605
CN-2605-BEKOL-G470-SGMRK,1,BEKOL,A461,SHL,CN,2605
CN-2605-BEKOL-G470-SGMRK,2,SHL,W22,TEPID,CN,2605
CN-2605-BEKOL-G470-SGMRK,3,TEPID,W24,OSNOV,CN,2605
CN-2605-BEKOL-G470-SGMRK,4,OSNOV,G586,QP,CN,2605
CN-2605-BEKOL-G470-SGMRK,5,QP,B330,ELKAL,CN,2605
CN-2605-BEKOL-G470-SGMRK,6,ELKAL,W179,OMBON,CN,2605
CN-2605-BEKOL-G470-SGMRK,7,OMBON,W195,IDOPA,CN,2605
CN-2605-BEKOL-G470-SGMRK,8,IDOPA,W197,ANDIM,CN,2605
CN-2605-BEKOL-G470-SGMRK,9,ANDIM,B215,IBANO,CN,2605
CN-2605-BEKOL-G470-SGMRK,10,IBANO,G470,AKLAS,CN,2605
CN-2605-BEKOL-G470-SGMRK,11,AKLAS,W192,FKG,CN,2605
CN-2605-BEKOL-G470-SGMRK,12,FKG,A368,SARIN,CN,2605
CN-2605-BEKOL-G470-SGMRK,13,SARIN,DCT,BEKOL,CN,2605
CN-2605-BEKOL-G470-SGMRK,14,BEKOL,A461,SHL,CN,2605
CN-2605-BEKOL-G470-SGMRK,15,SHL,W22,TEPID,CN,2605
CN-2605-BEKOL-G470-SGMRK,16,TEPID,W24,OSNOV,CN,2605
CN-2605-BEKOL-G470-SGMRK,17,OSNOV,G586,QP,CN,2605
CN-2605-BEKOL-G470-SGMRK,18,QP,B330,ELKAL,CN,2605
CN-2605-BEKOL-G470-SGMRK,19,ELKAL,W179,OMBON,CN,2605
CN-2605-BEKOL-G470-SGMRK,20,OMBON,W195,IDOPA,CN,2605
CN-2605-BEKOL-G470-SGMRK,21,IDOPA,W197,ANDIM,CN,2605
CN-2605-BEKOL-G470-SGMRK,22,ANDIM,B215,IBANO,CN,2605
CN-2605-BEKOL-G470-SGMRK,23,IBANO,G470,AKLAS,CN,2605
CN-2605-BEKOL-G470-SGMRK,24,AKLAS,W192,FKG,CN,2605
CN-2605-BEKOL-G470-SGMRK,25,FKG,G588,NIRAV,CN,2605
CN-2605-BEKOL-G470-SGMRK,26,NIRAV,B206,GOPTO,CN,2605
CN-2605-BEKOL-G470-SGMRK,27,GOPTO,DCT,BEKOL,CN,2605
CN-2605-BEKOL-G470-SGMRK,28,BEKOL,A461,SHL,CN,2605
CN-2605-BEKOL-G470-SGMRK,29,SHL,W22,TEPID,CN,2605
CN-2605-BEKOL-G470-SGMRK,30,TEPID,W24,OSNOV,CN,2605
CN-2605-BEKOL-G470-SGMRK,31,OSNOV,G586,QP,CN,2605
CN-2605-BEKOL-G470-SGMRK,32,QP,B330,ELKAL,CN,2605
CN-2605-BEKOL-G470-SGMRK,33,ELKAL,W179,OMBON,CN,2605
CN-2605-BEKOL-G470-SGMRK,34,OMBON,W195,MORIT,CN,2605
CN-2605-BEKOL-G470-SGMRK,35,MORIT,DCT,BEKOL,CN,2605
CN-2605-BEKOL-G470-SGMRK,36,BEKOL,A461,SHL,CN,2605
CN-2605-BEKOL-G470-SGMRK,37,SHL,W22,TEPID,CN,2605
CN-2605-BEKOL-G470-SGMRK,38,TEPID,W24,OSNOV,CN,2605
CN-2605-BEKOL-G470-SGMRK,39,OSNOV,G586,QP,CN,2605
CN-2605-BEKOL-G470-SGMRK,40,QP,B330,ELKAL,CN,2605
CN-2605-BEKOL-G470-SGMRK,41,ELKAL,W179,OMBON,CN,2605
CN-2605-BEKOL-G470-SGMRK,42,OMBON,W195,IDOPA,CN,2605
CN-2605-BEKOL-G470-SGMRK,43,IDOPA,W197,ANDIM,CN,2605
CN-2605-BEKOL-G470-SGMRK,44,ANDIM,B215,IBANO,CN,2605
CN-2605-BEKOL-G470-SGMRK,45,IBANO,G470,AKLAS,CN,2605
CN-2605-BEKOL-G470-SGMRK,46,AKLAS,W192,FKG,CN,2605
CN-2605-BEKOL-G470-SGMRK,47,FKG,B215,KABDO,CN,2605
CN-2605-BEKOL-G470-SGMRK,48,KABDO,W119,GOBOK,CN,2605
CN-2605-BEKOL-G470-SGMRK,49,GOBOK,A343,RULAD,CN,2605
CN-2605-BEKOL-G470-SGMRK,50,RULAD,DCT,BEKOL,CN,2605
CN-2605-BEKOL-G470-SGMRK,51,BEKOL,A461,SHL,CN,2605
CN-2605-BEKOL-G470-SGMRK,52,SHL,W22,TEPID,CN,2605
CN-2605-BEKOL-G470-SGMRK,53,TEPID,W24,OSNOV,CN,2605
CN-2605-BEKOL-G470-SGMRK,54,OSNOV,G586,QP,CN,2605
CN-2605-BEKOL-G470-SGMRK,55,QP,B330,ELKAL,CN,2605
CN-2605-BEKOL-G470-SGMRK,56,ELKAL,W179,OMBON,CN,2605
CN-2605-BEKOL-G470-SGMRK,57,OMBON,W195,IDOPA,CN,2605
CN-2605-BEKOL-G470-SGMRK,58,IDOPA,W197,ANDIM,CN,2605
CN-2605-BEKOL-G470-SGMRK,59,ANDIM,B215,IBANO,CN,2605
CN-2605-BEKOL-G470-SGMRK,60,IBANO,G470,AKLAS,CN,2605
CN-2605-BEKOL-G470-SGMRK,61,AKLAS,W192,FKG,CN,2605
CN-2605-BEKOL-G470-SGMRK,62,FKG,B215,KABDO,CN,2605
CN-2605-BEKOL-G470-SGMRK,63,KABDO,W119,LIMDO,CN,2605
CN-2605-BEKOL-G470-SGMRK,64,LIMDO,A468,KAMUD,CN,2605
CN-2605-BEKOL-G470-SGMRN,1,BEKOL,A461,SHL,CN,2605
CN-2605-BEKOL-G470-SGMRN,2,SHL,W22,TEPID,CN,2605
CN-2605-BEKOL-G470-SGMRN,3,TEPID,W24,OSNOV,CN,2605
CN-2605-BEKOL-G470-SGMRN,4,OSNOV,G586,QP,CN,2605
CN-2605-BEKOL-G470-SGMRN,5,QP,B330,ELKAL,CN,2605
CN-2605-BEKOL-G470-SGMRN,6,ELKAL,W179,OMBON,CN,2605
CN-2605-BEKOL-G470-SGMRN,7,OMBON,W195,IDOPA,CN,2605
CN-2605-BEKOL-G470-SGMRN,8,IDOPA,W197,ANDIM,CN,2605
CN-2605-BEKOL-G470-SGMRN,9,ANDIM,B215,IBANO,CN,2605
CN-2605-BEKOL-G470-SGMRN,10,IBANO,G470,AKLAS,CN,2605
CN-2605-BEKOL-G470-SGMRN,11,AKLAS,W192,FKG,CN,2605
CN-2605-BEKOL-G470-SGMRN,12,FKG,A368,SARIN,CN,2605
CN-2605-BEKOL-G470-SGMRN,13,SARIN,DCT,BEKOL,CN,2605
CN-2605-BEKOL-G470-SGMRN,14,BEKOL,A461,SHL,CN,2605
CN-2605-BEKOL-G470-SGMRN,15,SHL,W22,TEPID,CN,2605
CN-2605-BEKOL-G470-SGMRN,16,TEPID,W24,OSNOV,CN,2605
CN-2605-BEKOL-G470-SGMRN,17,OSNOV,G586,QP,CN,2605
CN-2605-BEKOL-G470-SGMRN,18,QP,B330,ELKAL,CN,2605
CN-2605-BEKOL-G470-SGMRN,19,ELKAL,W179,OMBON,CN,2605
CN-2605-BEKOL-G470-SGMRN,20,OMBON,W195,IDOPA,CN,2605
CN-2605-BEKOL-G470-SGMRN,21,IDOPA,W197,ANDIM,CN,2605
CN-2605-BEKOL-G470-SGMRN,22,ANDIM,B215,IBANO,CN,2605
CN-2605-BEKOL-G470-SGMRN,23,IBANO,G470,AKLAS,CN,2605
CN-2605-BEKOL-G470-SGMRN,24,AKLAS,W192,FKG,CN,2605
CN-2605-BEKOL-G470-SGMRN,25,FKG,G588,NIRAV,CN,2605
CN-2605-BEKOL-G470-SGMRN,26,NIRAV,B206,GOPTO,CN,2605
CN-2605-BEKOL-G470-SGMRN,27,GOPTO,DCT,BEKOL,CN,2605
CN-2605-BEKOL-G470-SGMRN,28,BEKOL,A461,SHL,CN,2605
CN-2605-BEKOL-G470-SGMRN,29,SHL,W22,TEPID,CN,2605
CN-2605-BEKOL-G470-SGMRN,30,TEPID,W24,OSNOV,CN,2605
CN-2605-BEKOL-G470-SGMRN,31,OSNOV,G586,QP,CN,2605
CN-2605-BEKOL-G470-SGMRN,32,QP,B330,ELKAL,CN,2605
CN-2605-BEKOL-G470-SGMRN,33,ELKAL,W179,OMBON,CN,2605
CN-2605-BEKOL-G470-SGMRN,34,OMBON,W195,MORIT,CN,2605
CN-2605-BEKOL-G470-SGMRN,35,MORIT,DCT,BEKOL,CN,2605
CN-2605-BEKOL-G470-SGMRN,36,BEKOL,A461,SHL,CN,2605
CN-2605-BEKOL-G470-SGMRN,37,SHL,W22,TEPID,CN,2605
CN-2605-BEKOL-G470-SGMRN,38,TEPID,W24,OSNOV,CN,2605
CN-2605-BEKOL-G470-SGMRN,39,OSNOV,G586,QP,CN,2605
CN-2605-BEKOL-G470-SGMRN,40,QP,B330,ELKAL,CN,2605
CN-2605-BEKOL-G470-SGMRN,41,ELKAL,W179,OMBON,CN,2605
CN-2605-BEKOL-G470-SGMRN,42,OMBON,W195,IDOPA,CN,2605
CN-2605-BEKOL-G470-SGMRN,43,IDOPA,W197,ANDIM,CN,2605
CN-2605-BEKOL-G470-SGMRN,44,ANDIM,B215,IBANO,CN,2605
CN-2605-BEKOL-G470-SGMRN,45,IBANO,G470,AKLAS,CN,2605
CN-2605-BEKOL-G470-SGMRN,46,AKLAS,W192,FKG,CN,2605
CN-2605-BEKOL-G470-SGMRN,47,FKG,B215,KABDO,CN,2605
CN-2605-BEKOL-G470-SGMRN,48,KABDO,W119,GOBOK,CN,2605
CN-2605-BEKOL-G470-SGMRN,49,GOBOK,A343,RULAD,CN,2605
CN-2605-BEKOL-G470-SGMRN,50,RULAD,DCT,BEKOL,CN,2605
CN-2605-BEKOL-G470-SGMRN,51,BEKOL,A461,BUBDA,CN,2605
CN-2605-BEKOL-G470-SGMRN,52,BUBDA,W56,OBMEP,CN,2605
CN-2605-BEKOL-G470-SGMRN,53,OBMEP,B208,NIXAL,CN,2605
CN-2605-BEKOL-G470-SM,1,BEKOL,A461,SHL,CN,2605
CN-2605-BEKOL-G470-SM,2,SHL,W22,TEPID,CN,2605
CN-2605-BEKOL-G470-SM,3,TEPID,W24,OSNOV,CN,2605
CN-2605-BEKOL-G470-SM,4,OSNOV,G586,QP,CN,2605
CN-2605-BEKOL-G470-SM,5,QP,B330,ELKAL,CN,2605
CN-2605-BEKOL-G470-SM,6,ELKAL,W179,OMBON,CN,2605
CN-2605-BEKOL-G470-SM,7,OMBON,W195,IDOPA,CN,2605
CN-2605-BEKOL-G470-SM,8,IDOPA,W197,ANDIM,CN,2605
CN-2605-BEKOL-G470-SM,9,ANDIM,B215,IBANO,CN,2605
CN-2605-BEKOL-G470-SM,10,IBANO,G470,AKLAS,CN,2605
CN-2605-BEKOL-G470-SM,11,AKLAS,W192,FKG,CN,2605
CN-2605-BEKOL-G470-SM,12,FKG,A368,SARIN,CN,2605
CN-2605-BEKOL-G470-SM,13,SARIN,DCT,BEKOL,CN,2605
CN-2605-BEKOL-G470-SM,14,BEKOL,A461,SHL,CN,2605
CN-2605-BEKOL-G470-SM,15,SHL,W22,TEPID,CN,2605
CN-2605-BEKOL-G470-SM,16,TEPID,W24,OSNOV,CN,2605
CN-2605-BEKOL-G470-SM,17,OSNOV,G586,QP,CN,2605
CN-2605-BEKOL-G470-SM,18,QP,B330,ELKAL,CN,2605
CN-2605-BEKOL-G470-SM,19,ELKAL,W179,OMBON,CN,2605
CN-2605-BEKOL-G470-SM,20,OMBON,W195,MORIT,CN,2605
CN-2605-BEKOL-G470-SRK,1,BEKOL,A461,SHL,CN,2605
CN-2605-BEKOL-G470-SRK,2,SHL,W22,TEPID,CN,2605
CN-2605-BEKOL-G470-SRK,3,TEPID,W24,OSNOV,CN,2605
CN-2605-BEKOL-G470-SRK,4,OSNOV,G586,QP,CN,2605
CN-2605-BEKOL-G470-SRK,5,QP,B330,ELKAL,CN,2605
CN-2605-BEKOL-G470-SRK,6,ELKAL,W179,OMBON,CN,2605
CN-2605-BEKOL-G470-SRK,7,OMBON,W195,IDOPA,CN,2605
CN-2605-BEKOL-G470-SRK,8,IDOPA,W197,ANDIM,CN,2605
CN-2605-BEKOL-G470-SRK,9,ANDIM,B215,IBANO,CN,2605
CN-2605-BEKOL-G470-SRK,10,IBANO,G470,AKLAS,CN,2605
CN-2605-BEKOL-G470-SRK,11,AKLAS,W192,FKG,CN,2605
CN-2605-BEKOL-G470-SRK,12,FKG,A368,SARIN,CN,2605
CN-2605-BEKOL-G470-SRK,13,SARIN,DCT,BEKOL,CN,2605
CN-2605-BEKOL-G470-SRK,14,BEKOL,A461,SHL,CN,2605
CN-2605-BEKOL-G470-SRK,15,SHL,W22,TEPID,CN,2605
CN-2605-BEKOL-G470-SRK,16,TEPID,W24,OSNOV,CN,2605
CN-2605-BEKOL-G470-SRK,17,OSNOV,G586,QP,CN,2605
CN-2605-BEKOL-G470-SRK,18,QP,B330,ELKAL,CN,2605
CN-2605-BEKOL-G470-SRK,19,ELKAL,W179,OMBON,CN,2605
CN-2605-BEKOL-G470-SRK,20,OMBON,W195,IDOPA,CN,2605
CN-2605-BEKOL-G470-SRK,21,IDOPA,W197,ANDIM,CN,2605
CN-2605-BEKOL-G470-SRK,22,ANDIM,B215,IBANO,CN,2605
CN-2605-BEKOL-G470-SRK,23,IBANO,G470,AKLAS,CN,2605
CN-2605-BEKOL-G470-SRK,24,AKLAS,W192,FKG,CN,2605
CN-2605-BEKOL-G470-SRK,25,FKG,B215,KABDO,CN,2605
CN-2605-BEKOL-G470-SRK,26,KABDO,W119,GOBOK,CN,2605
CN-2605-BEKOL-G470-SRK,27,GOBOK,A343,RULAD,CN,2605
CN-2605-BEKOL-G470-SRK,28,RULAD,DCT,BEKOL,CN,2605
CN-2605-BEKOL-G470-SRK,29,BEKOL,A461,SHL,CN,2605
CN-2605-BEKOL-G470-SRK,30,SHL,W22,TEPID,CN,2605
CN-2605-BEKOL-G470-SRK,31,TEPID,W24,OSNOV,CN,2605
CN-2605-BEKOL-G470-SRK,32,OSNOV,G586,QP,CN,2605
CN-2605-BEKOL-G470-SRK,33,QP,B330,ELKAL,CN,2605
CN-2605-BEKOL-G470-SRK,34,ELKAL,W179,OMBON,CN,2605
CN-2605-BEKOL-G470-SRK,35,OMBON,W195,IDOPA,CN,2605
CN-2605-BEKOL-G470-SRK,36,IDOPA,W197,ANDIM,CN,2605
CN-2605-BEKOL-G470-SRK,37,ANDIM,B215,IBANO,CN,2605
CN-2605-BEKOL-G470-SRK,38,IBANO,G470,AKLAS,CN,2605
CN-2605-BEKOL-G470-SRK,39,AKLAS,W192,FKG,CN,2605
CN-2605-BEKOL-G470-SRK,40,FKG,B215,KABDO,CN,2605
CN-2605-BEKOL-G470-SRK,41,KABDO,W119,LIMDO,CN,2605
CN-2605-BEKOL-G470-SRK,42,LIMDO,A468,KAMUD,CN,2605
CN-2605-BEKOL-G470-SRKL,1,BEKOL,A461,SHL,CN,2605
CN-2605-BEKOL-G470-SRKL,2,SHL,W22,TEPID,CN,2605
CN-2605-BEKOL-G470-SRKL,3,TEPID,W24,OSNOV,CN,2605
CN-2605-BEKOL-G470-SRKL,4,OSNOV,G586,QP,CN,2605
CN-2605-BEKOL-G470-SRKL,5,QP,B330,ELKAL,CN,2605
CN-2605-BEKOL-G470-SRKL,6,ELKAL,W179,OMBON,CN,2605
CN-2605-BEKOL-G470-SRKL,7,OMBON,W195,IDOPA,CN,2605
CN-2605-BEKOL-G470-SRKL,8,IDOPA,W197,ANDIM,CN,2605
CN-2605-BEKOL-G470-SRKL,9,ANDIM,B215,IBANO,CN,2605
CN-2605-BEKOL-G470-SRKL,10,IBANO,G470,AKLAS,CN,2605
CN-2605-BEKOL-G470-SRKL,11,AKLAS,W192,FKG,CN,2605
CN-2605-BEKOL-G470-SRKL,12,FKG,A368,SARIN,CN,2605
CN-2605-BEKOL-G470-SRKL,13,SARIN,DCT,BEKOL,CN,2605
CN-2605-BEKOL-G470-SRKL,14,BEKOL,A461,SHL,CN,2605
CN-2605-BEKOL-G470-SRKL,15,SHL,W22,TEPID,CN,2605
CN-2605-BEKOL-G470-SRKL,16,TEPID,W24,OSNOV,CN,2605
CN-2605-BEKOL-G470-SRKL,17,OSNOV,G586,QP,CN,2605
CN-2605-BEKOL-G470-SRKL,18,QP,B330,ELKAL,CN,2605
CN-2605-BEKOL-G470-SRKL,19,ELKAL,W179,OMBON,CN,2605
CN-2605-BEKOL-G470-SRKL,20,OMBON,W195,IDOPA,CN,2605
CN-2605-BEKOL-G470-SRKL,21,IDOPA,W197,ANDIM,CN,2605
CN-2605-BEKOL-G470-SRKL,22,ANDIM,B215,IBANO,CN,2605
CN-2605-BEKOL-G470-SRKL,23,IBANO,G470,AKLAS,CN,2605
CN-2605-BEKOL-G470-SRKL,24,AKLAS,W192,FKG,CN,2605
CN-2605-BEKOL-G470-SRKL,25,FKG,B215,KABDO,CN,2605
CN-2605-BEKOL-G470-SRKL,26,KABDO,W119,GOBOK,CN,2605
CN-2605-BEKOL-G470-SRKL,27,GOBOK,A343,RULAD,CN,2605
CN-2605-BEKOL-G470-SRKL,28,RULAD,DCT,BEKOL,CN,2605
CN-2605-BEKOL-G470-SRKL,29,BEKOL,A461,SHL,CN,2605
CN-2605-BEKOL-G470-SRKL,30,SHL,W22,TEPID,CN,2605
CN-2605-BEKOL-G470-SRKL,31,TEPID,W24,OSNOV,CN,2605
CN-2605-BEKOL-G470-SRKL,32,OSNOV,G586,QP,CN,2605
CN-2605-BEKOL-G470-SRKL,33,QP,B330,ELKAL,CN,2605
CN-2605-BEKOL-G470-SRKL,34,ELKAL,W179,OMBON,CN,2605
CN-2605-BEKOL-G470-SRKL,35,OMBON,W195,IDOPA,CN,2605
CN-2605-BEKOL-G470-SRKL,36,IDOPA,W197,ANDIM,CN,2605
CN-2605-BEKOL-G470-SRKL,37,ANDIM,B215,IBANO,CN,2605
CN-2605-BEKOL-G470-SRKL,38,IBANO,G470,AKLAS,CN,2605
CN-2605-BEKOL-G470-SRKL,39,AKLAS,W192,FKG,CN,2605
CN-2605-BEKOL-G470-SRKL,40,FKG,B215,KABDO,CN,2605
CN-2605-BEKOL-G470-SRKL,41,KABDO,W119,LIMDO,CN,2605
CN-2605-BEKOL-G470-SRKL,42,LIMDO,A468,KAMUD,CN,2605
CN-2605-BEKOL-G470-SRKL,43,KAMUD,DCT,BEKOL,CN,2605
CN-2605-BEKOL-G470-SRKL,44,BEKOL,A461,SHL,CN,2605
CN-2605-BEKOL-G470-SRKL,45,SHL,W22,TEPID,CN,2605
CN-2605-BEKOL-G470-SRKL,46,TEPID,W24,OSNOV,CN,2605
CN-2605-BEKOL-G470-SRKL,47,OSNOV,G586,QP,CN,2605
CN-2605-BEKOL-G470-SRKL,48,QP,B330,ELKAL,CN,2605
CN-2605-BEKOL-G470-SRKL,49,ELKAL,W179,BIPIP,CN,2605
CN-2605-BEKOL-G470-SRKL,50,BIPIP,A581,QNX,CN,2605
CN-2605-BEKOL-G470-SRKL,51,QNX,W136,XISLI,CN,2605
CN-2605-BEKOL-G470-SRKL,52,XISLI,A581,SGM,CN,2605
CN-2605-BEKOL-G470-SRKL,53,SGM,A599,LINSO,CN,2605
CN-2605-BEKOL-G470-SRL,1,BEKOL,A461,SHL,CN,2605
CN-2605-BEKOL-G470-SRL,2,SHL,W22,TEPID,CN,2605
CN-2605-BEKOL-G470-SRL,3,TEPID,W24,OSNOV,CN,2605
CN-2605-BEKOL-G470-SRL,4,OSNOV,G586,QP,CN,2605
CN-2605-BEKOL-G470-SRL,5,QP,B330,ELKAL,CN,2605
CN-2605-BEKOL-G470-SRL,6,ELKAL,W179,OMBON,CN,2605
CN-2605-BEKOL-G470-SRL,7,OMBON,W195,IDOPA,CN,2605
CN-2605-BEKOL-G470-SRL,8,IDOPA,W197,ANDIM,CN,2605
CN-2605-BEKOL-G470-SRL,9,ANDIM,B215,IBANO,CN,2605
CN-2605-BEKOL-G470-SRL,10,IBANO,G470,AKLAS,CN,2605
CN-2605-BEKOL-G470-SRL,11,AKLAS,W192,FKG,CN,2605
CN-2605-BEKOL-G470-SRL,12,FKG,A368,SARIN,CN,2605
CN-2605-BEKOL-G470-SRL,13,SARIN,DCT,BEKOL,CN,2605
CN-2605-BEKOL-G470-SRL,14,BEKOL,A461,SHL,CN,2605
CN-2605-BEKOL-G470-SRL,15,SHL,W22,TEPID,CN,2605
CN-2605-BEKOL-G470-SRL,16,TEPID,W24,OSNOV,CN,2605
CN-2605-BEKOL-G470-SRL,17,OSNOV,G586,QP,CN,2605
CN-2605-BEKOL-G470-SRL,18,QP,B330,ELKAL,CN,2605
CN-2605-BEKOL-G470-SRL,19,ELKAL,W179,OMBON,CN,2605
CN-2605-BEKOL-G470-SRL,20,OMBON,W195,IDOPA,CN,2605
CN-2605-BEKOL-G470-SRL,21,IDOPA,W197,ANDIM,CN,2605
CN-2605-BEKOL-G470-SRL,22,ANDIM,B215,IBANO,CN,2605
CN-2605-BEKOL-G470-SRL,23,IBANO,G470,AKLAS,CN,2605
CN-2605-BEKOL-G470-SRL,24,AKLAS,W192,FKG,CN,2605
CN-2605-BEKOL-G470-SRL,25,FKG,B215,KABDO,CN,2605
CN-2605-BEKOL-G470-SRL,26,KABDO,W119,GOBOK,CN,2605
CN-2605-BEKOL-G470-SRL,27,GOBOK,A343,RULAD,CN,2605
CN-2605-BEKOL-G470-SRL,28,RULAD,DCT,BEKOL,CN,2605
CN-2605-BEKOL-G470-SRL,29,BEKOL,A461,SHL,CN,2605
CN-2605-BEKOL-G470-SRL,30,SHL,W22,TEPID,CN,2605
CN-2605-BEKOL-G470-SRL,31,TEPID,W24,OSNOV,CN,2605
CN-2605-BEKOL-G470-SRL,32,OSNOV,G586,QP,CN,2605
CN-2605-BEKOL-G470-SRL,33,QP,B330,ELKAL,CN,2605
CN-2605-BEKOL-G470-SRL,34,ELKAL,W179,BIPIP,CN,2605
CN-2605-BEKOL-G470-SRL,35,BIPIP,A581,QNX,CN,2605
CN-2605-BEKOL-G470-SRL,36,QNX,W136,XISLI,CN,2605
CN-2605-BEKOL-G470-SRL,37,XISLI,A581,SGM,CN,2605
CN-2605-BEKOL-G470-SRL,38,SGM,A599,LINSO,CN,2605
CN-2605-BEKOL-G470/L888-SGMRK,1,BEKOL,A461,SHL,CN,2605
CN-2605-BEKOL-G470/L888-SGMRK,2,SHL,W22,TEPID,CN,2605
CN-2605-BEKOL-G470/L888-SGMRK,3,TEPID,W24,OSNOV,CN,2605
CN-2605-BEKOL-G470/L888-SGMRK,4,OSNOV,G586,QP,CN,2605
CN-2605-BEKOL-G470/L888-SGMRK,5,QP,B330,ELKAL,CN,2605
CN-2605-BEKOL-G470/L888-SGMRK,6,ELKAL,W179,OMBON,CN,2605
CN-2605-BEKOL-G470/L888-SGMRK,7,OMBON,W195,IDOPA,CN,2605
CN-2605-BEKOL-G470/L888-SGMRK,8,IDOPA,W197,ANDIM,CN,2605
CN-2605-BEKOL-G470/L888-SGMRK,9,ANDIM,B215,IBANO,CN,2605
CN-2605-BEKOL-G470/L888-SGMRK,10,IBANO,G470,AKLAS,CN,2605
CN-2605-BEKOL-G470/L888-SGMRK,11,AKLAS,W192,FKG,CN,2605
CN-2605-BEKOL-G470/L888-SGMRK,12,FKG,A368,SARIN,CN,2605
CN-2605-BEKOL-G470/L888-SGMRK,13,SARIN,DCT,BEKOL,CN,2605
CN-2605-BEKOL-G470/L888-SGMRK,14,BEKOL,A461,SHL,CN,2605
CN-2605-BEKOL-G470/L888-SGMRK,15,SHL,W22,TEPID,CN,2605
CN-2605-BEKOL-G470/L888-SGMRK,16,TEPID,W24,OSNOV,CN,2605
CN-2605-BEKOL-G470/L888-SGMRK,17,OSNOV,G586,QP,CN,2605
CN-2605-BEKOL-G470/L888-SGMRK,18,QP,B330,ELKAL,CN,2605
CN-2605-BEKOL-G470/L888-SGMRK,19,ELKAL,W179,OMBON,CN,2605
CN-2605-BEKOL-G470/L888-SGMRK,20,OMBON,W195,IDOPA,CN,2605
CN-2605-BEKOL-G470/L888-SGMRK,21,IDOPA,W197,ANDIM,CN,2605
CN-2605-BEKOL-G470/L888-SGMRK,22,ANDIM,B215,IBANO,CN,2605
CN-2605-BEKOL-G470/L888-SGMRK,23,IBANO,G470,AKLAS,CN,2605
CN-2605-BEKOL-G470/L888-SGMRK,24,AKLAS,W192,FKG,CN,2605
CN-2605-BEKOL-G470/L888-SGMRK,25,FKG,G588,NIRAV,CN,2605
CN-2605-BEKOL-G470/L888-SGMRK,26,NIRAV,B206,GOPTO,CN,2605
CN-2605-BEKOL-G470/L888-SGMRK,27,GOPTO,DCT,BEKOL,CN,2605
CN-2605-BEKOL-G470/L888-SGMRK,28,BEKOL,A461,SHL,CN,2605
CN-2605-BEKOL-G470/L888-SGMRK,29,SHL,W22,TEPID,CN,2605
CN-2605-BEKOL-G470/L888-SGMRK,30,TEPID,W24,OSNOV,CN,2605
CN-2605-BEKOL-G470/L888-SGMRK,31,OSNOV,G586,QP,CN,2605
CN-2605-BEKOL-G470/L888-SGMRK,32,QP,B330,ELKAL,CN,2605
CN-2605-BEKOL-G470/L888-SGMRK,33,ELKAL,W179,OMBON,CN,2605
CN-2605-BEKOL-G470/L888-SGMRK,34,OMBON,W195,MORIT,CN,2605
CN-2605-BEKOL-G470/L888-SGMRK,35,MORIT,DCT,BEKOL,CN,2605
CN-2605-BEKOL-G470/L888-SGMRK,36,BEKOL,A461,SHL,CN,2605
CN-2605-BEKOL-G470/L888-SGMRK,37,SHL,W22,TEPID,CN,2605
CN-2605-BEKOL-G470/L888-SGMRK,38,TEPID,W24,OSNOV,CN,2605
CN-2605-BEKOL-G470/L888-SGMRK,39,OSNOV,G586,QP,CN,2605
CN-2605-BEKOL-G470/L888-SGMRK,40,QP,B330,ELKAL,CN,2605
CN-2605-BEKOL-G470/L888-SGMRK,41,ELKAL,W179,WFX,CN,2605
CN-2605-BEKOL-G470/L888-SGMRK,42,WFX,B213,PEXUN,CN,2605
CN-2605-BEKOL-G470/L888-SGMRK,43,PEXUN,L888,XKC,CN,2605
CN-2605-BEKOL-G470/L888-SGMRK,44,XKC,A460,RULAD,CN,2605
CN-2605-BEKOL-G470/L888-SGMRK,45,RULAD,DCT,BEKOL,CN,2605
CN-2605-BEKOL-G470/L888-SGMRK,46,BEKOL,A461,SHL,CN,2605
CN-2605-BEKOL-G470/L888-SGMRK,47,SHL,W22,TEPID,CN,2605
CN-2605-BEKOL-G470/L888-SGMRK,48,TEPID,W24,OSNOV,CN,2605
CN-2605-BEKOL-G470/L888-SGMRK,49,OSNOV,G586,QP,CN,2605
CN-2605-BEKOL-G470/L888-SGMRK,50,QP,B330,ELKAL,CN,2605
CN-2605-BEKOL-G470/L888-SGMRK,51,ELKAL,W179,OMBON,CN,2605
CN-2605-BEKOL-G470/L888-SGMRK,52,OMBON,Y1,SADAN,CN,2605
CN-2605-BEKOL-G470/L888-SGMRK,53,SADAN,W186,KAMUD,CN,2605
CN-2605-BEKOL-G470/L888-SGMRN,1,BEKOL,A461,SHL,CN,2605
CN-2605-BEKOL-G470/L888-SGMRN,2,SHL,W22,TEPID,CN,2605
CN-2605-BEKOL-G470/L888-SGMRN,3,TEPID,W24,OSNOV,CN,2605
CN-2605-BEKOL-G470/L888-SGMRN,4,OSNOV,G586,QP,CN,2605
CN-2605-BEKOL-G470/L888-SGMRN,5,QP,B330,ELKAL,CN,2605
CN-2605-BEKOL-G470/L888-SGMRN,6,ELKAL,W179,OMBON,CN,2605
CN-2605-BEKOL-G470/L888-SGMRN,7,OMBON,W195,IDOPA,CN,2605
CN-2605-BEKOL-G470/L888-SGMRN,8,IDOPA,W197,ANDIM,CN,2605
CN-2605-BEKOL-G470/L888-SGMRN,9,ANDIM,B215,IBANO,CN,2605
CN-2605-BEKOL-G470/L888-SGMRN,10,IBANO,G470,AKLAS,CN,2605
CN-2605-BEKOL-G470/L888-SGMRN,11,AKLAS,W192,FKG,CN,2605
CN-2605-BEKOL-G470/L888-SGMRN,12,FKG,A368,SARIN,CN,2605
CN-2605-BEKOL-G470/L888-SGMRN,13,SARIN,DCT,BEKOL,CN,2605
CN-2605-BEKOL-G470/L888-SGMRN,14,BEKOL,A461,SHL,CN,2605
CN-2605-BEKOL-G470/L888-SGMRN,15,SHL,W22,TEPID,CN,2605
CN-2605-BEKOL-G470/L888-SGMRN,16,TEPID,W24,OSNOV,CN,2605
CN-2605-BEKOL-G470/L888-SGMRN,17,OSNOV,G586,QP,CN,2605
CN-2605-BEKOL-G470/L888-SGMRN,18,QP,B330,ELKAL,CN,2605
CN-2605-BEKOL-G470/L888-SGMRN,19,ELKAL,W179,OMBON,CN,2605
CN-2605-BEKOL-G470/L888-SGMRN,20,OMBON,W195,IDOPA,CN,2605
CN-2605-BEKOL-G470/L888-SGMRN,21,IDOPA,W197,ANDIM,CN,2605
CN-2605-BEKOL-G470/L888-SGMRN,22,ANDIM,B215,IBANO,CN,2605
CN-2605-BEKOL-G470/L888-SGMRN,23,IBANO,G470,AKLAS,CN,2605
CN-2605-BEKOL-G470/L888-SGMRN,24,AKLAS,W192,FKG,CN,2605
CN-2605-BEKOL-G470/L888-SGMRN,25,FKG,G588,NIRAV,CN,2605
CN-2605-BEKOL-G470/L888-SGMRN,26,NIRAV,B206,GOPTO,CN,2605
CN-2605-BEKOL-G470/L888-SGMRN,27,GOPTO,DCT,BEKOL,CN,2605
CN-2605-BEKOL-G470/L888-SGMRN,28,BEKOL,A461,SHL,CN,2605
CN-2605-BEKOL-G470/L888-SGMRN,29,SHL,W22,TEPID,CN,2605
CN-2605-BEKOL-G470/L888-SGMRN,30,TEPID,W24,OSNOV,CN,2605
CN-2605-BEKOL-G470/L888-SGMRN,31,OSNOV,G586,QP,CN,2605
CN-2605-BEKOL-G470/L888-SGMRN,32,QP,B330,ELKAL,CN,2605
CN-2605-BEKOL-G470/L888-SGMRN,33,ELKAL,W179,OMBON,CN,2605
CN-2605-BEKOL-G470/L888-SGMRN,34,OMBON,W195,MORIT,CN,2605
CN-2605-BEKOL-G470/L888-SGMRN,35,MORIT,DCT,BEKOL,CN,2605
CN-2605-BEKOL-G470/L888-SGMRN,36,BEKOL,A461,SHL,CN,2605
CN-2605-BEKOL-G470/L888-SGMRN,37,SHL,W22,TEPID,CN,2605
CN-2605-BEKOL-G470/L888-SGMRN,38,TEPID,W24,OSNOV,CN,2605
CN-2605-BEKOL-G470/L888-SGMRN,39,OSNOV,G586,QP,CN,2605
CN-2605-BEKOL-G470/L888-SGMRN,40,QP,B330,ELKAL,CN,2605
CN-2605-BEKOL-G470/L888-SGMRN,41,ELKAL,W179,WFX,CN,2605
CN-2605-BEKOL-G470/L888-SGMRN,42,WFX,B213,PEXUN,CN,2605
CN-2605-BEKOL-G470/L888-SGMRN,43,PEXUN,L888,XKC,CN,2605
CN-2605-BEKOL-G470/L888-SGMRN,44,XKC,A460,RULAD,CN,2605
CN-2605-BEKOL-G470/L888-SGMRN,45,RULAD,DCT,BEKOL,CN,2605
CN-2605-BEKOL-G470/L888-SGMRN,46,BEKOL,A461,BUBDA,CN,2605
CN-2605-BEKOL-G470/L888-SGMRN,47,BUBDA,W56,OBMEP,CN,2605
CN-2605-BEKOL-G470/L888-SGMRN,48,OBMEP,B208,NIXAL,CN,2605
CN-2605-BEKOL-G470/L888-SRK,1,BEKOL,A461,SHL,CN,2605
CN-2605-BEKOL-G470/L888-SRK,2,SHL,W22,TEPID,CN,2605
CN-2605-BEKOL-G470/L888-SRK,3,TEPID,W24,OSNOV,CN,2605
CN-2605-BEKOL-G470/L888-SRK,4,OSNOV,G586,QP,CN,2605
CN-2605-BEKOL-G470/L888-SRK,5,QP,B330,ELKAL,CN,2605
CN-2605-BEKOL-G470/L888-SRK,6,ELKAL,W179,OMBON,CN,2605
CN-2605-BEKOL-G470/L888-SRK,7,OMBON,W195,IDOPA,CN,2605
CN-2605-BEKOL-G470/L888-SRK,8,IDOPA,W197,ANDIM,CN,2605
CN-2605-BEKOL-G470/L888-SRK,9,ANDIM,B215,IBANO,CN,2605
CN-2605-BEKOL-G470/L888-SRK,10,IBANO,G470,AKLAS,CN,2605
CN-2605-BEKOL-G470/L888-SRK,11,AKLAS,W192,FKG,CN,2605
CN-2605-BEKOL-G470/L888-SRK,12,FKG,A368,SARIN,CN,2605
CN-2605-BEKOL-G470/L888-SRK,13,SARIN,DCT,BEKOL,CN,2605
CN-2605-BEKOL-G470/L888-SRK,14,BEKOL,A461,SHL,CN,2605
CN-2605-BEKOL-G470/L888-SRK,15,SHL,W22,TEPID,CN,2605
CN-2605-BEKOL-G470/L888-SRK,16,TEPID,W24,OSNOV,CN,2605
CN-2605-BEKOL-G470/L888-SRK,17,OSNOV,G586,QP,CN,2605
CN-2605-BEKOL-G470/L888-SRK,18,QP,B330,ELKAL,CN,2605
CN-2605-BEKOL-G470/L888-SRK,19,ELKAL,W179,WFX,CN,2605
CN-2605-BEKOL-G470/L888-SRK,20,WFX,B213,PEXUN,CN,2605
CN-2605-BEKOL-G470/L888-SRK,21,PEXUN,L888,XKC,CN,2605
CN-2605-BEKOL-G470/L888-SRK,22,XKC,A460,RULAD,CN,2605
CN-2605-BEKOL-G470/L888-SRK,23,RULAD,DCT,BEKOL,CN,2605
CN-2605-BEKOL-G470/L888-SRK,24,BEKOL,A461,SHL,CN,2605
CN-2605-BEKOL-G470/L888-SRK,25,SHL,W22,TEPID,CN,2605
CN-2605-BEKOL-G470/L888-SRK,26,TEPID,W24,OSNOV,CN,2605
CN-2605-BEKOL-G470/L888-SRK,27,OSNOV,G586,QP,CN,2605
CN-2605-BEKOL-G470/L888-SRK,28,QP,B330,ELKAL,CN,2605
CN-2605-BEKOL-G470/L888-SRK,29,ELKAL,W179,OMBON,CN,2605
CN-2605-BEKOL-G470/L888-SRK,30,OMBON,Y1,SADAN,CN,2605
CN-2605-BEKOL-G470/L888-SRK,31,SADAN,W186,KAMUD,CN,2605
CN-2605-BEKOL-G470/L888-SRKL,1,BEKOL,A461,SHL,CN,2605
CN-2605-BEKOL-G470/L888-SRKL,2,SHL,W22,TEPID,CN,2605
CN-2605-BEKOL-G470/L888-SRKL,3,TEPID,W24,OSNOV,CN,2605
CN-2605-BEKOL-G470/L888-SRKL,4,OSNOV,G586,QP,CN,2605
CN-2605-BEKOL-G470/L888-SRKL,5,QP,B330,ELKAL,CN,2605
CN-2605-BEKOL-G470/L888-SRKL,6,ELKAL,W179,OMBON,CN,2605
CN-2605-BEKOL-G470/L888-SRKL,7,OMBON,W195,IDOPA,CN,2605
CN-2605-BEKOL-G470/L888-SRKL,8,IDOPA,W197,ANDIM,CN,2605
CN-2605-BEKOL-G470/L888-SRKL,9,ANDIM,B215,IBANO,CN,2605
CN-2605-BEKOL-G470/L888-SRKL,10,IBANO,G470,AKLAS,CN,2605
CN-2605-BEKOL-G470/L888-SRKL,11,AKLAS,W192,FKG,CN,2605
CN-2605-BEKOL-G470/L888-SRKL,12,FKG,A368,SARIN,CN,2605
CN-2605-BEKOL-G470/L888-SRKL,13,SARIN,DCT,BEKOL,CN,2605
CN-2605-BEKOL-G470/L888-SRKL,14,BEKOL,A461,SHL,CN,2605
CN-2605-BEKOL-G470/L888-SRKL,15,SHL,W22,TEPID,CN,2605
CN-2605-BEKOL-G470/L888-SRKL,16,TEPID,W24,OSNOV,CN,2605
CN-2605-BEKOL-G470/L888-SRKL,17,OSNOV,G586,QP,CN,2605
CN-2605-BEKOL-G470/L888-SRKL,18,QP,B330,ELKAL,CN,2605
CN-2605-BEKOL-G470/L888-SRKL,19,ELKAL,W179,WFX,CN,2605
CN-2605-BEKOL-G470/L888-SRKL,20,WFX,B213,PEXUN,CN,2605
CN-2605-BEKOL-G470/L888-SRKL,21,PEXUN,L888,XKC,CN,2605
CN-2605-BEKOL-G470/L888-SRKL,22,XKC,A460,RULAD,CN,2605
CN-2605-BEKOL-G470/L888-SRKL,23,RULAD,DCT,BEKOL,CN,2605
CN-2605-BEKOL-G470/L888-SRKL,24,BEKOL,A461,SHL,CN,2605
CN-2605-BEKOL-G470/L888-SRKL,25,SHL,W22,TEPID,CN,2605
CN-2605-BEKOL-G470/L888-SRKL,26,TEPID,W24,OSNOV,CN,2605
CN-2605-BEKOL-G470/L888-SRKL,27,OSNOV,G586,QP,CN,2605
CN-2605-BEKOL-G470/L888-SRKL,28,QP,B330,ELKAL,CN,2605
CN-2605-BEKOL-G470/L888-SRKL,29,ELKAL,W179,OMBON,CN,2605
CN-2605-BEKOL-G470/L888-SRKL,30,OMBON,Y1,SADAN,CN,2605
CN-2605-BEKOL-G470/L888-SRKL,31,SADAN,W186,KAMUD,CN,2605
CN-2605-BEKOL-G470/L888-SRKL,32,KAMUD,DCT,BEKOL,CN,2605
CN-2605-BEKOL-G470/L888-SRKL,33,BEKOL,A461,SHL,CN,2605
CN-2605-BEKOL-G470/L888-SRKL,34,SHL,W22,TEPID,CN,2605
CN-2605-BEKOL-G470/L888-SRKL,35,TEPID,W24,OSNOV,CN,2605
CN-2605-BEKOL-G470/L888-SRKL,36,OSNOV,G586,QP,CN,2605
CN-2605-BEKOL-G470/L888-SRKL,37,QP,B330,ELKAL,CN,2605
CN-2605-BEKOL-G470/L888-SRKL,38,ELKAL,W179,BIPIP,CN,2605
CN-2605-BEKOL-G470/L888-SRKL,39,BIPIP,A581,QNX,CN,2605
CN-2605-BEKOL-G470/L888-SRKL,40,QNX,W136,XISLI,CN,2605
CN-2605-BEKOL-G470/L888-SRKL,41,XISLI,A581,SGM,CN,2605
CN-2605-BEKOL-G470/L888-SRKL,42,SGM,A599,LINSO,CN,2605
CN-2605-BEKOL-G470/L888-SRL,1,BEKOL,A461,SHL,CN,2605
CN-2605-BEKOL-G470/L888-SRL,2,SHL,W22,TEPID,CN,2605
CN-2605-BEKOL-G470/L888-SRL,3,TEPID,W24,OSNOV,CN,2605
CN-2605-BEKOL-G470/L888-SRL,4,OSNOV,G586,QP,CN,2605
CN-2605-BEKOL-G470/L888-SRL,5,QP,B330,ELKAL,CN,2605
CN-2605-BEKOL-G470/L888-SRL,6,ELKAL,W179,OMBON,CN,2605
CN-2605-BEKOL-G470/L888-SRL,7,OMBON,W195,IDOPA,CN,2605
CN-2605-BEKOL-G470/L888-SRL,8,IDOPA,W197,ANDIM,CN,2605
CN-2605-BEKOL-G470/L888-SRL,9,ANDIM,B215,IBANO,CN,2605
CN-2605-BEKOL-G470/L888-SRL,10,IBANO,G470,AKLAS,CN,2605
CN-2605-BEKOL-G470/L888-SRL,11,AKLAS,W192,FKG,CN,2605
CN-2605-BEKOL-G470/L888-SRL,12,FKG,A368,SARIN,CN,2605
CN-2605-BEKOL-G470/L888-SRL,13,SARIN,DCT,BEKOL,CN,2605
CN-2605-BEKOL-G470/L888-SRL,14,BEKOL,A461,SHL,CN,2605
CN-2605-BEKOL-G470/L888-SRL,15,SHL,W22,TEPID,CN,2605
CN-2605-BEKOL-G470/L888-SRL,16,TEPID,W24,OSNOV,CN,2605
CN-2605-BEKOL-G470/L888-SRL,17,OSNOV,G586,QP,CN,2605
CN-2605-BEKOL-G470/L888-SRL,18,QP,B330,ELKAL,CN,2605
CN-2605-BEKOL-G470/L888-SRL,19,ELKAL,W179,WFX,CN,2605
CN-2605-BEKOL-G470/L888-SRL,20,WFX,B213,PEXUN,CN,2605
CN-2605-BEKOL-G470/L888-SRL,21,PEXUN,L888,XKC,CN,2605
CN-2605-BEKOL-G470/L888-SRL,22,XKC,A460,RULAD,CN,2605
CN-2605-BEKOL-G470/L888-SRL,23,RULAD,DCT,BEKOL,CN,2605
CN-2605-BEKOL-G470/L888-SRL,24,BEKOL,A461,SHL,CN,2605
CN-2605-BEKOL-G470/L888-SRL,25,SHL,W22,TEPID,CN,2605
CN-2605-BEKOL-G470/L888-SRL,26,TEPID,W24,OSNOV,CN,2605
CN-2605-BEKOL-G470/L888-SRL,27,OSNOV,G586,QP,CN,2605
CN-2605-BEKOL-G470/L888-SRL,28,QP,B330,ELKAL,CN,2605
CN-2605-BEKOL-G470/L888-SRL,29,ELKAL,W179,BIPIP,CN,2605
CN-2605-BEKOL-G470/L888-SRL,30,BIPIP,A581,QNX,CN,2605
CN-2605-BEKOL-G470/L888-SRL,31,QNX,W136,XISLI,CN,2605
CN-2605-BEKOL-G470/L888-SRL,32,XISLI,A581,SGM,CN,2605
CN-2605-BEKOL-G470/L888-SRL,33,SGM,A599,LINSO,CN,2605
CN-2605-BEKOL-G470/Y1-SGMRK,1,BEKOL,A461,SHL,CN,2605
CN-2605-BEKOL-G470/Y1-SGMRK,2,SHL,W22,TEPID,CN,2605
CN-2605-BEKOL-G470/Y1-SGMRK,3,TEPID,W24,OSNOV,CN,2605
CN-2605-BEKOL-G470/Y1-SGMRK,4,OSNOV,G586,QP,CN,2605
CN-2605-BEKOL-G470/Y1-SGMRK,5,QP,B330,ELKAL,CN,2605
CN-2605-BEKOL-G470/Y1-SGMRK,6,ELKAL,W179,OMBON,CN,2605
CN-2605-BEKOL-G470/Y1-SGMRK,7,OMBON,W195,IDOPA,CN,2605
CN-2605-BEKOL-G470/Y1-SGMRK,8,IDOPA,W197,ANDIM,CN,2605
CN-2605-BEKOL-G470/Y1-SGMRK,9,ANDIM,B215,IBANO,CN,2605
CN-2605-BEKOL-G470/Y1-SGMRK,10,IBANO,G470,AKLAS,CN,2605
CN-2605-BEKOL-G470/Y1-SGMRK,11,AKLAS,W192,FKG,CN,2605
CN-2605-BEKOL-G470/Y1-SGMRK,12,FKG,A368,SARIN,CN,2605
CN-2605-BEKOL-G470/Y1-SGMRK,13,SARIN,DCT,BEKOL,CN,2605
CN-2605-BEKOL-G470/Y1-SGMRK,14,BEKOL,A461,SHL,CN,2605
CN-2605-BEKOL-G470/Y1-SGMRK,15,SHL,W22,TEPID,CN,2605
CN-2605-BEKOL-G470/Y1-SGMRK,16,TEPID,W24,OSNOV,CN,2605
CN-2605-BEKOL-G470/Y1-SGMRK,17,OSNOV,G586,QP,CN,2605
CN-2605-BEKOL-G470/Y1-SGMRK,18,QP,B330,ELKAL,CN,2605
CN-2605-BEKOL-G470/Y1-SGMRK,19,ELKAL,W179,OMBON,CN,2605
CN-2605-BEKOL-G470/Y1-SGMRK,20,OMBON,W195,IDOPA,CN,2605
CN-2605-BEKOL-G470/Y1-SGMRK,21,IDOPA,W197,ANDIM,CN,2605
CN-2605-BEKOL-G470/Y1-SGMRK,22,ANDIM,B215,IBANO,CN,2605
CN-2605-BEKOL-G470/Y1-SGMRK,23,IBANO,G470,AKLAS,CN,2605
CN-2605-BEKOL-G470/Y1-SGMRK,24,AKLAS,W192,FKG,CN,2605
CN-2605-BEKOL-G470/Y1-SGMRK,25,FKG,G588,NIRAV,CN,2605
CN-2605-BEKOL-G470/Y1-SGMRK,26,NIRAV,B206,GOPTO,CN,2605
CN-2605-BEKOL-G470/Y1-SGMRK,27,GOPTO,DCT,BEKOL,CN,2605
CN-2605-BEKOL-G470/Y1-SGMRK,28,BEKOL,A461,SHL,CN,2605
CN-2605-BEKOL-G470/Y1-SGMRK,29,SHL,W22,TEPID,CN,2605
CN-2605-BEKOL-G470/Y1-SGMRK,30,TEPID,W24,OSNOV,CN,2605
CN-2605-BEKOL-G470/Y1-SGMRK,31,OSNOV,G586,QP,CN,2605
CN-2605-BEKOL-G470/Y1-SGMRK,32,QP,B330,ELKAL,CN,2605
CN-2605-BEKOL-G470/Y1-SGMRK,33,ELKAL,W179,OMBON,CN,2605
CN-2605-BEKOL-G470/Y1-SGMRK,34,OMBON,W195,MORIT,CN,2605
CN-2605-BEKOL-G470/Y1-SGMRK,35,MORIT,DCT,BEKOL,CN,2605
CN-2605-BEKOL-G470/Y1-SGMRK,36,BEKOL,A461,SHL,CN,2605
CN-2605-BEKOL-G470/Y1-SGMRK,37,SHL,W22,TEPID,CN,2605
CN-2605-BEKOL-G470/Y1-SGMRK,38,TEPID,W24,OSNOV,CN,2605
CN-2605-BEKOL-G470/Y1-SGMRK,39,OSNOV,G586,QP,CN,2605
CN-2605-BEKOL-G470/Y1-SGMRK,40,QP,B330,ELKAL,CN,2605
CN-2605-BEKOL-G470/Y1-SGMRK,41,ELKAL,W179,OMBON,CN,2605
CN-2605-BEKOL-G470/Y1-SGMRK,42,OMBON,Y1,SADAN,CN,2605
CN-2605-BEKOL-G470/Y1-SGMRK,43,SADAN,L888,XKC,CN,2605
CN-2605-BEKOL-G470/Y1-SGMRK,44,XKC,A460,RULAD,CN,2605
CN-2605-BEKOL-G470/Y1-SGMRK,45,RULAD,DCT,BEKOL,CN,2605
CN-2605-BEKOL-G470/Y1-SGMRK,46,BEKOL,A461,SHL,CN,2605
CN-2605-BEKOL-G470/Y1-SGMRK,47,SHL,W22,TEPID,CN,2605
CN-2605-BEKOL-G470/Y1-SGMRK,48,TEPID,W24,OSNOV,CN,2605
CN-2605-BEKOL-G470/Y1-SGMRK,49,OSNOV,G586,QP,CN,2605
CN-2605-BEKOL-G470/Y1-SGMRK,50,QP,B330,ELKAL,CN,2605
CN-2605-BEKOL-G470/Y1-SGMRK,51,ELKAL,W179,OMBON,CN,2605
CN-2605-BEKOL-G470/Y1-SGMRK,52,OMBON,Y1,SADAN,CN,2605
CN-2605-BEKOL-G470/Y1-SGMRK,53,SADAN,W186,KAMUD,CN,2605
CN-2605-BEKOL-G470/Y1-SGMRN,1,BEKOL,A461,SHL,CN,2605
CN-2605-BEKOL-G470/Y1-SGMRN,2,SHL,W22,TEPID,CN,2605
CN-2605-BEKOL-G470/Y1-SGMRN,3,TEPID,W24,OSNOV,CN,2605
CN-2605-BEKOL-G470/Y1-SGMRN,4,OSNOV,G586,QP,CN,2605
CN-2605-BEKOL-G470/Y1-SGMRN,5,QP,B330,ELKAL,CN,2605
CN-2605-BEKOL-G470/Y1-SGMRN,6,ELKAL,W179,OMBON,CN,2605
CN-2605-BEKOL-G470/Y1-SGMRN,7,OMBON,W195,IDOPA,CN,2605
CN-2605-BEKOL-G470/Y1-SGMRN,8,IDOPA,W197,ANDIM,CN,2605
CN-2605-BEKOL-G470/Y1-SGMRN,9,ANDIM,B215,IBANO,CN,2605
CN-2605-BEKOL-G470/Y1-SGMRN,10,IBANO,G470,AKLAS,CN,2605
CN-2605-BEKOL-G470/Y1-SGMRN,11,AKLAS,W192,FKG,CN,2605
CN-2605-BEKOL-G470/Y1-SGMRN,12,FKG,A368,SARIN,CN,2605
CN-2605-BEKOL-G470/Y1-SGMRN,13,SARIN,DCT,BEKOL,CN,2605
CN-2605-BEKOL-G470/Y1-SGMRN,14,BEKOL,A461,SHL,CN,2605
CN-2605-BEKOL-G470/Y1-SGMRN,15,SHL,W22,TEPID,CN,2605
CN-2605-BEKOL-G470/Y1-SGMRN,16,TEPID,W24,OSNOV,CN,2605
CN-2605-BEKOL-G470/Y1-SGMRN,17,OSNOV,G586,QP,CN,2605
CN-2605-BEKOL-G470/Y1-SGMRN,18,QP,B330,ELKAL,CN,2605
CN-2605-BEKOL-G470/Y1-SGMRN,19,ELKAL,W179,OMBON,CN,2605
CN-2605-BEKOL-G470/Y1-SGMRN,20,OMBON,W195,IDOPA,CN,2605
CN-2605-BEKOL-G470/Y1-SGMRN,21,IDOPA,W197,ANDIM,CN,2605
CN-2605-BEKOL-G470/Y1-SGMRN,22,ANDIM,B215,IBANO,CN,2605
CN-2605-BEKOL-G470/Y1-SGMRN,23,IBANO,G470,AKLAS,CN,2605
CN-2605-BEKOL-G470/Y1-SGMRN,24,AKLAS,W192,FKG,CN,2605
CN-2605-BEKOL-G470/Y1-SGMRN,25,FKG,G588,NIRAV,CN,2605
CN-2605-BEKOL-G470/Y1-SGMRN,26,NIRAV,B206,GOPTO,CN,2605
CN-2605-BEKOL-G470/Y1-SGMRN,27,GOPTO,DCT,BEKOL,CN,2605
CN-2605-BEKOL-G470/Y1-SGMRN,28,BEKOL,A461,SHL,CN,2605
CN-2605-BEKOL-G470/Y1-SGMRN,29,SHL,W22,TEPID,CN,2605
CN-2605-BEKOL-G470/Y1-SGMRN,30,TEPID,W24,OSNOV,CN,2605
CN-2605-BEKOL-G470/Y1-SGMRN,31,OSNOV,G586,QP,CN,2605
CN-2605-BEKOL-G470/Y1-SGMRN,32,QP,B330,ELKAL,CN,2605
CN-2605-BEKOL-G470/Y1-SGMRN,33,ELKAL,W179,OMBON,CN,2605
CN-2605-BEKOL-G470/Y1-SGMRN,34,OMBON,W195,MORIT,CN,2605
CN-2605-BEKOL-G470/Y1-SGMRN,35,MORIT,DCT,BEKOL,CN,2605
CN-2605-BEKOL-G470/Y1-SGMRN,36,BEKOL,A461,SHL,CN,2605
CN-2605-BEKOL-G470/Y1-SGMRN,37,SHL,W22,TEPID,CN,2605
CN-2605-BEKOL-G470/Y1-SGMRN,38,TEPID,W24,OSNOV,CN,2605
CN-2605-BEKOL-G470/Y1-SGMRN,39,OSNOV,G586,QP,CN,2605
CN-2605-BEKOL-G470/Y1-SGMRN,40,QP,B330,ELKAL,CN,2605
CN-2605-BEKOL-G470/Y1-SGMRN,41,ELKAL,W179,OMBON,CN,2605
CN-2605-BEKOL-G470/Y1-SGMRN,42,OMBON,Y1,SADAN,CN,2605
CN-2605-BEKOL-G470/Y1-SGMRN,43,SADAN,L888,XKC,CN,2605
CN-2605-BEKOL-G470/Y1-SGMRN,44,XKC,A460,RULAD,CN,2605
CN-2605-BEKOL-G470/Y1-SGMRN,45,RULAD,DCT,BEKOL,CN,2605
CN-2605-BEKOL-G470/Y1-SGMRN,46,BEKOL,A461,BUBDA,CN,2605
CN-2605-BEKOL-G470/Y1-SGMRN,47,BUBDA,W56,OBMEP,CN,2605
CN-2605-BEKOL-G470/Y1-SGMRN,48,OBMEP,B208,NIXAL,CN,2605
CN-2605-BEKOL-G470/Y1-SRKL,1,BEKOL,A461,SHL,CN,2605
CN-2605-BEKOL-G470/Y1-SRKL,2,SHL,W22,TEPID,CN,2605
CN-2605-BEKOL-G470/Y1-SRKL,3,TEPID,W24,OSNOV,CN,2605
CN-2605-BEKOL-G470/Y1-SRKL,4,OSNOV,G586,QP,CN,2605
CN-2605-BEKOL-G470/Y1-SRKL,5,QP,B330,ELKAL,CN,2605
CN-2605-BEKOL-G470/Y1-SRKL,6,ELKAL,W179,OMBON,CN,2605
CN-2605-BEKOL-G470/Y1-SRKL,7,OMBON,W195,IDOPA,CN,2605
CN-2605-BEKOL-G470/Y1-SRKL,8,IDOPA,W197,ANDIM,CN,2605
CN-2605-BEKOL-G470/Y1-SRKL,9,ANDIM,B215,IBANO,CN,2605
CN-2605-BEKOL-G470/Y1-SRKL,10,IBANO,G470,AKLAS,CN,2605
CN-2605-BEKOL-G470/Y1-SRKL,11,AKLAS,W192,FKG,CN,2605
CN-2605-BEKOL-G470/Y1-SRKL,12,FKG,A368,SARIN,CN,2605
CN-2605-BEKOL-G470/Y1-SRKL,13,SARIN,DCT,BEKOL,CN,2605
CN-2605-BEKOL-G470/Y1-SRKL,14,BEKOL,A461,SHL,CN,2605
CN-2605-BEKOL-G470/Y1-SRKL,15,SHL,W22,TEPID,CN,2605
CN-2605-BEKOL-G470/Y1-SRKL,16,TEPID,W24,OSNOV,CN,2605
CN-2605-BEKOL-G470/Y1-SRKL,17,OSNOV,G586,QP,CN,2605
CN-2605-BEKOL-G470/Y1-SRKL,18,QP,B330,ELKAL,CN,2605
CN-2605-BEKOL-G470/Y1-SRKL,19,ELKAL,W179,OMBON,CN,2605
CN-2605-BEKOL-G470/Y1-SRKL,20,OMBON,Y1,SADAN,CN,2605
CN-2605-BEKOL-G470/Y1-SRKL,21,SADAN,L888,XKC,CN,2605
CN-2605-BEKOL-G470/Y1-SRKL,22,XKC,A460,RULAD,CN,2605
CN-2605-BEKOL-G470/Y1-SRKL,23,RULAD,DCT,BEKOL,CN,2605
CN-2605-BEKOL-G470/Y1-SRKL,24,BEKOL,A461,SHL,CN,2605
CN-2605-BEKOL-G470/Y1-SRKL,25,SHL,W22,TEPID,CN,2605
CN-2605-BEKOL-G470/Y1-SRKL,26,TEPID,W24,OSNOV,CN,2605
CN-2605-BEKOL-G470/Y1-SRKL,27,OSNOV,G586,QP,CN,2605
CN-2605-BEKOL-G470/Y1-SRKL,28,QP,B330,ELKAL,CN,2605
CN-2605-BEKOL-G470/Y1-SRKL,29,ELKAL,W179,OMBON,CN,2605
CN-2605-BEKOL-G470/Y1-SRKL,30,OMBON,Y1,SADAN,CN,2605
CN-2605-BEKOL-G470/Y1-SRKL,31,SADAN,W186,KAMUD,CN,2605
CN-2605-BEKOL-G470/Y1-SRKL,32,KAMUD,DCT,BEKOL,CN,2605
CN-2605-BEKOL-G470/Y1-SRKL,33,BEKOL,A461,SHL,CN,2605
CN-2605-BEKOL-G470/Y1-SRKL,34,SHL,W22,TEPID,CN,2605
CN-2605-BEKOL-G470/Y1-SRKL,35,TEPID,W24,OSNOV,CN,2605
CN-2605-BEKOL-G470/Y1-SRKL,36,OSNOV,G586,QP,CN,2605
CN-2605-BEKOL-G470/Y1-SRKL,37,QP,B330,ELKAL,CN,2605
CN-2605-BEKOL-G470/Y1-SRKL,38,ELKAL,W179,BIPIP,CN,2605
CN-2605-BEKOL-G470/Y1-SRKL,39,BIPIP,A581,QNX,CN,2605
CN-2605-BEKOL-G470/Y1-SRKL,40,QNX,W136,XISLI,CN,2605
CN-2605-BEKOL-G470/Y1-SRKL,41,XISLI,A581,SGM,CN,2605
CN-2605-BEKOL-G470/Y1-SRKL,42,SGM,A599,LINSO,CN,2605
CN-2605-BEKOL-G470/Y1-SRL,1,BEKOL,A461,SHL,CN,2605
CN-2605-BEKOL-G470/Y1-SRL,2,SHL,W22,TEPID,CN,2605
CN-2605-BEKOL-G470/Y1-SRL,3,TEPID,W24,OSNOV,CN,2605
CN-2605-BEKOL-G470/Y1-SRL,4,OSNOV,G586,QP,CN,2605
CN-2605-BEKOL-G470/Y1-SRL,5,QP,B330,ELKAL,CN,2605
CN-2605-BEKOL-G470/Y1-SRL,6,ELKAL,W179,OMBON,CN,2605
CN-2605-BEKOL-G470/Y1-SRL,7,OMBON,W195,IDOPA,CN,2605
CN-2605-BEKOL-G470/Y1-SRL,8,IDOPA,W197,ANDIM,CN,2605
CN-2605-BEKOL-G470/Y1-SRL,9,ANDIM,B215,IBANO,CN,2605
CN-2605-BEKOL-G470/Y1-SRL,10,IBANO,G470,AKLAS,CN,2605
CN-2605-BEKOL-G470/Y1-SRL,11,AKLAS,W192,FKG,CN,2605
CN-2605-BEKOL-G470/Y1-SRL,12,FKG,A368,SARIN,CN,2605
CN-2605-BEKOL-G470/Y1-SRL,13,SARIN,DCT,BEKOL,CN,2605
CN-2605-BEKOL-G470/Y1-SRL,14,BEKOL,A461,SHL,CN,2605
CN-2605-BEKOL-G470/Y1-SRL,15,SHL,W22,TEPID,CN,2605
CN-2605-BEKOL-G470/Y1-SRL,16,TEPID,W24,OSNOV,CN,2605
CN-2605-BEKOL-G470/Y1-SRL,17,OSNOV,G586,QP,CN,2605
CN-2605-BEKOL-G470/Y1-SRL,18,QP,B330,ELKAL,CN,2605
CN-2605-BEKOL-G470/Y1-SRL,19,ELKAL,W179,OMBON,CN,2605
CN-2605-BEKOL-G470/Y1-SRL,20,OMBON,Y1,SADAN,CN,2605
CN-2605-BEKOL-G470/Y1-SRL,21,SADAN,L888,XKC,CN,2605
CN-2605-BEKOL-G470/Y1-SRL,22,XKC,A460,RULAD,CN,2605
CN-2605-BEKOL-G470/Y1-SRL,23,RULAD,DCT,BEKOL,CN,2605
CN-2605-BEKOL-G470/Y1-SRL,24,BEKOL,A461,SHL,CN,2605
CN-2605-BEKOL-G470/Y1-SRL,25,SHL,W22,TEPID,CN,2605
CN-2605-BEKOL-G470/Y1-SRL,26,TEPID,W24,OSNOV,CN,2605
CN-2605-BEKOL-G470/Y1-SRL,27,OSNOV,G586,QP,CN,2605
CN-2605-BEKOL-G470/Y1-SRL,28,QP,B330,ELKAL,CN,2605
CN-2605-BEKOL-G470/Y1-SRL,29,ELKAL,W179,BIPIP,CN,2605
CN-2605-BEKOL-G470/Y1-SRL,30,BIPIP,A581,QNX,CN,2605
CN-2605-BEKOL-G470/Y1-SRL,31,QNX,W136,XISLI,CN,2605
CN-2605-BEKOL-G470/Y1-SRL,32,XISLI,A581,SGM,CN,2605
CN-2605-BEKOL-G470/Y1-SRL,33,SGM,A599,LINSO,CN,2605
CN-2605-BEKOL-GOPTO,1,BEKOL,A461,SHL,CN,2605
CN-2605-BEKOL-GOPTO,2,SHL,W22,TEPID,CN,2605
CN-2605-BEKOL-GOPTO,3,TEPID,W24,OSNOV,CN,2605
CN-2605-BEKOL-GOPTO,4,OSNOV,G586,QP,CN,2605
CN-2605-BEKOL-GOPTO,5,QP,B330,ELKAL,CN,2605
CN-2605-BEKOL-GOPTO,6,ELKAL,W179,OMBON,CN,2605
CN-2605-BEKOL-GOPTO,7,OMBON,W195,ESPED,CN,2605
CN-2605-BEKOL-GOPTO,8,ESPED,W66,NUKTI,CN,2605
CN-2605-BEKOL-GOPTO,9,NUKTI,B215,HAM,CN,2605
CN-2605-BEKOL-GOPTO,10,HAM,W99,QTV,CN,2605
CN-2605-BEKOL-GOPTO,11,QTV,W190,ADPET,CN,2605
CN-2605-BEKOL-GOPTO,12,ADPET,B206,GOPTO,CN,2605
CN-2605-BEKOL-INTIK,1,BEKOL,A461,BUBDA,CN,2605
CN-2605-BEKOL-INTIK,2,BUBDA,W56,OBMEP,CN,2605
CN-2605-BEKOL-INTIK,3,OBMEP,B208,HET,CN,2605
CN-2605-BEKOL-INTIK,4,HET,W32,INTIK,CN,2605
CN-2605-BEKOL-KAMUD,1,BEKOL,A461,SHL,CN,2605
CN-2605-BEKOL-KAMUD,2,SHL,W22,TEPID,CN,2605
CN-2605-BEKOL-KAMUD,3,TEPID,W24,OSNOV,CN,2605
CN-2605-BEKOL-KAMUD,4,OSNOV,G586,QP,CN,2605
CN-2605-BEKOL-KAMUD,5,QP,B330,ELKAL,CN,2605
CN-2605-BEKOL-KAMUD,6,ELKAL,W179,OMBON,CN,2605
CN-2605-BEKOL-KAMUD,7,OMBON,W195,ESPED,CN,2605
CN-2605-BEKOL-KAMUD,8,ESPED,W66,NUKTI,CN,2605
CN-2605-BEKOL-KAMUD,9,NUKTI,B215,KABDO,CN,2605
CN-2605-BEKOL-KAMUD,10,KABDO,W119,LIMDO,CN,2605
CN-2605-BEKOL-KAMUD,11,LIMDO,A468,KAMUD,CN,2605
CN-2605-BEKOL-L888-RULAD,1,BEKOL,A461,SHL,CN,2605
CN-2605-BEKOL-L888-RULAD,2,SHL,W22,TEPID,CN,2605
CN-2605-BEKOL-L888-RULAD,3,TEPID,W24,OSNOV,CN,2605
CN-2605-BEKOL-L888-RULAD,4,OSNOV,G586,QP,CN,2605
CN-2605-BEKOL-L888-RULAD,5,QP,B330,ELKAL,CN,2605
CN-2605-BEKOL-L888-RULAD,6,ELKAL,W179,WFX,CN,2605
CN-2605-BEKOL-L888-RULAD,7,WFX,B213,PEXUN,CN,2605
CN-2605-BEKOL-L888-RULAD,8,PEXUN,L888,XKC,CN,2605
CN-2605-BEKOL-L888-RULAD,9,XKC,A460,RULAD,CN,2605
CN-2605-BEKOL-MN,1,BEKOL,A461,SHL,CN,2605
CN-2605-BEKOL-MN,2,SHL,W22,TEPID,CN,2605
CN-2605-BEKOL-MN,3,TEPID,W24,OSNOV,CN,2605
CN-2605-BEKOL-MN,4,OSNOV,G586,QP,CN,2605
CN-2605-BEKOL-MN,5,QP,B330,ELKAL,CN,2605
CN-2605-BEKOL-MN,6,ELKAL,W179,OMBON,CN,2605
CN-2605-BEKOL-MN,7,OMBON,W195,MORIT,CN,2605
CN-2605-BEKOL-MN,8,MORIT,DCT,BEKOL,CN,2605
CN-2605-BEKOL-MN,9,BEKOL,A461,BUBDA,CN,2605
CN-2605-BEKOL-MN,10,BUBDA,W56,OBMEP,CN,2605
CN-2605-BEKOL-MN,11,OBMEP,B208,NIXAL,CN,2605
CN-2605-BEKOL-MORIT,1,BEKOL,A461,SHL,CN,2605
CN-2605-BEKOL-MORIT,2,SHL,W22,TEPID,CN,2605
CN-2605-BEKOL-MORIT,3,TEPID,W24,OSNOV,CN,2605
CN-2605-BEKOL-MORIT,4,OSNOV,G586,QP,CN,2605
CN-2605-BEKOL-MORIT,5,QP,B330,ELKAL,CN,2605
CN-2605-BEKOL-MORIT,6,ELKAL,W179,OMBON,CN,2605
CN-2605-BEKOL-MORIT,7,OMBON,W195,MORIT,CN,2605
CN-2605-BEKOL-NIXAL,1,BEKOL,A461,BUBDA,CN,2605
CN-2605-BEKOL-NIXAL,2,BUBDA,W56,OBMEP,CN,2605
CN-2605-BEKOL-NIXAL,3,OBMEP,B208,NIXAL,CN,2605
CN-2605-BEKOL-POLHO,1,BEKOL,A461,BUBDA,CN,2605
CN-2605-BEKOL-POLHO,2,BUBDA,W56,OBMEP,CN,2605
CN-2605-BEKOL-POLHO,3,OBMEP,B208,HET,CN,2605
CN-2605-BEKOL-POLHO,4,HET,G218,POLHO,CN,2605
CN-2605-BEKOL-RULAD,1,BEKOL,A461,SHL,CN,2605
CN-2605-BEKOL-RULAD,2,SHL,W22,TEPID,CN,2605
CN-2605-BEKOL-RULAD,3,TEPID,W24,OSNOV,CN,2605
CN-2605-BEKOL-RULAD,4,OSNOV,G586,QP,CN,2605
CN-2605-BEKOL-RULAD,5,QP,B330,ELKAL,CN,2605
CN-2605-BEKOL-RULAD,6,ELKAL,W179,OMBON,CN,2605
CN-2605-BEKOL-RULAD,7,OMBON,W195,ESPED,CN,2605
CN-2605-BEKOL-RULAD,8,ESPED,W66,NUKTI,CN,2605
CN-2605-BEKOL-RULAD,9,NUKTI,B215,KABDO,CN,2605
CN-2605-BEKOL-RULAD,10,KABDO,W119,GOBOK,CN,2605
CN-2605-BEKOL-RULAD,11,GOBOK,A343,RULAD,CN,2605
CN-2605-BEKOL-SADLI,1,BEKOL,A461,SHL,CN,2605
CN-2605-BEKOL-SADLI,2,SHL,W26,UPRIK,CN,2605
CN-2605-BEKOL-SADLI,3,UPRIK,W41,OMDUP,CN,2605
CN-2605-BEKOL-SADLI,4,OMDUP,G471,PLT,CN,2605
CN-2605-BEKOL-SADLI,5,PLT,A599,JTN,CN,2605
CN-2605-BEKOL-SADLI,6,JTN,G327,LAMEN,CN,2605
CN-2605-BEKOL-SADLI,7,LAMEN,A593,SADLI,CN,2605
CN-2605-BEKOL-SARIN,1,BEKOL,A461,SHL,CN,2605
CN-2605-BEKOL-SARIN,2,SHL,W22,TEPID,CN,2605
CN-2605-BEKOL-SARIN,3,TEPID,W24,OSNOV,CN,2605
CN-2605-BEKOL-SARIN,4,OSNOV,G586,QP,CN,2605
CN-2605-BEKOL-SARIN,5,QP,B330,ELKAL,CN,2605
CN-2605-BEKOL-SARIN,6,ELKAL,W179,OMBON,CN,2605
CN-2605-BEKOL-SARIN,7,OMBON,W195,ESPED,CN,2605
CN-2605-BEKOL-SARIN,8,ESPED,W66,NUKTI,CN,2605
CN-2605-BEKOL-SARIN,9,NUKTI,B215,FKG,CN,2605
CN-2605-BEKOL-SARIN,10,FKG,A368,SARIN,CN,2605
CN-2605-BEKOL-SGM,1,BEKOL,A461,SHL,CN,2605
CN-2605-BEKOL-SGM,2,SHL,W22,TEPID,CN,2605
CN-2605-BEKOL-SGM,3,TEPID,W24,OSNOV,CN,2605
CN-2605-BEKOL-SGM,4,OSNOV,G586,QP,CN,2605
CN-2605-BEKOL-SGM,5,QP,B330,ELKAL,CN,2605
CN-2605-BEKOL-SGM,6,ELKAL,W179,OMBON,CN,2605
CN-2605-BEKOL-SGM,7,OMBON,W195,ESPED,CN,2605
CN-2605-BEKOL-SGM,8,ESPED,W66,NUKTI,CN,2605
CN-2605-BEKOL-SGM,9,NUKTI,B215,FKG,CN,2605
CN-2605-BEKOL-SGM,10,FKG,A368,SARIN,CN,2605
CN-2605-BEKOL-SGM,11,SARIN,DCT,BEKOL,CN,2605
CN-2605-BEKOL-SGM,12,BEKOL,A461,SHL,CN,2605
CN-2605-BEKOL-SGM,13,SHL,W22,TEPID,CN,2605
CN-2605-BEKOL-SGM,14,TEPID,W24,OSNOV,CN,2605
CN-2605-BEKOL-SGM,15,OSNOV,G586,QP,CN,2605
CN-2605-BEKOL-SGM,16,QP,B330,ELKAL,CN,2605
CN-2605-BEKOL-SGM,17,ELKAL,W179,OMBON,CN,2605
CN-2605-BEKOL-SGM,18,OMBON,W195,ESPED,CN,2605
CN-2605-BEKOL-SGM,19,ESPED,W66,NUKTI,CN,2605
CN-2605-BEKOL-SGM,20,NUKTI,B215,HAM,CN,2605
CN-2605-BEKOL-SGM,21,HAM,W99,QTV,CN,2605
CN-2605-BEKOL-SGM,22,QTV,W190,ADPET,CN,2605
CN-2605-BEKOL-SGM,23,ADPET,B206,GOPTO,CN,2605
CN-2605-BEKOL-SGM,24,GOPTO,DCT,BEKOL,CN,2605
CN-2605-BEKOL-SGM,25,BEKOL,A461,SHL,CN,2605
CN-2605-BEKOL-SGM,26,SHL,W22,TEPID,CN,2605
CN-2605-BEKOL-SGM,27,TEPID,W24,OSNOV,CN,2605
CN-2605-BEKOL-SGM,28,OSNOV,G586,QP,CN,2605
CN-2605-BEKOL-SGM,29,QP,B330,ELKAL,CN,2605
CN-2605-BEKOL-SGM,30,ELKAL,W179,OMBON,CN,2605
CN-2605-BEKOL-SGM,31,OMBON,W195,MORIT,CN,2605
CN-2605-BEKOL-SGMN,1,BEKOL,A461,SHL,CN,2605
CN-2605-BEKOL-SGMN,2,SHL,W22,TEPID,CN,2605
CN-2605-BEKOL-SGMN,3,TEPID,W24,OSNOV,CN,2605
CN-2605-BEKOL-SGMN,4,OSNOV,G586,QP,CN,2605
CN-2605-BEKOL-SGMN,5,QP,B330,ELKAL,CN,2605
CN-2605-BEKOL-SGMN,6,ELKAL,W179,OMBON,CN,2605
CN-2605-BEKOL-SGMN,7,OMBON,W195,ESPED,CN,2605
CN-2605-BEKOL-SGMN,8,ESPED,W66,NUKTI,CN,2605
CN-2605-BEKOL-SGMN,9,NUKTI,B215,FKG,CN,2605
CN-2605-BEKOL-SGMN,10,FKG,A368,SARIN,CN,2605
CN-2605-BEKOL-SGMN,11,SARIN,DCT,BEKOL,CN,2605
CN-2605-BEKOL-SGMN,12,BEKOL,A461,SHL,CN,2605
CN-2605-BEKOL-SGMN,13,SHL,W22,TEPID,CN,2605
CN-2605-BEKOL-SGMN,14,TEPID,W24,OSNOV,CN,2605
CN-2605-BEKOL-SGMN,15,OSNOV,G586,QP,CN,2605
CN-2605-BEKOL-SGMN,16,QP,B330,ELKAL,CN,2605
CN-2605-BEKOL-SGMN,17,ELKAL,W179,OMBON,CN,2605
CN-2605-BEKOL-SGMN,18,OMBON,W195,ESPED,CN,2605
CN-2605-BEKOL-SGMN,19,ESPED,W66,NUKTI,CN,2605
CN-2605-BEKOL-SGMN,20,NUKTI,B215,HAM,CN,2605
CN-2605-BEKOL-SGMN,21,HAM,W99,QTV,CN,2605
CN-2605-BEKOL-SGMN,22,QTV,W190,ADPET,CN,2605
CN-2605-BEKOL-SGMN,23,ADPET,B206,GOPTO,CN,2605
CN-2605-BEKOL-SGMN,24,GOPTO,DCT,BEKOL,CN,2605
CN-2605-BEKOL-SGMN,25,BEKOL,A461,SHL,CN,2605
CN-2605-BEKOL-SGMN,26,SHL,W22,TEPID,CN,2605
CN-2605-BEKOL-SGMN,27,TEPID,W24,OSNOV,CN,2605
CN-2605-BEKOL-SGMN,28,OSNOV,G586,QP,CN,2605
CN-2605-BEKOL-SGMN,29,QP,B330,ELKAL,CN,2605
CN-2605-BEKOL-SGMN,30,ELKAL,W179,OMBON,CN,2605
CN-2605-BEKOL-SGMN,31,OMBON,W195,MORIT,CN,2605
CN-2605-BEKOL-SGMN,32,MORIT,DCT,BEKOL,CN,2605
CN-2605-BEKOL-SGMN,33,BEKOL,A461,BUBDA,CN,2605
CN-2605-BEKOL-SGMN,34,BUBDA,W56,OBMEP,CN,2605
CN-2605-BEKOL-SGMN,35,OBMEP,B208,NIXAL,CN,2605
CN-2605-BEKOL-SIMLI,1,BEKOL,A461,BUBDA,CN,2605
CN-2605-BEKOL-SIMLI,2,BUBDA,W56,VYK,CN,2605
CN-2605-BEKOL-SIMLI,3,VYK,G212,SOTMU,CN,2605
CN-2605-BEKOL-SIMLI,4,SOTMU,B339,HUR,CN,2605
CN-2605-BEKOL-SIMLI,5,HUR,B334,TGO,CN,2605
CN-2605-BEKOL-SIMLI,6,TGO,G212,HRB,CN,2605
CN-2605-BEKOL-SIMLI,7,HRB,A588,SIMLI,CN,2605
CN-2605-BEKOL-SRKL,1,BEKOL,A461,SHL,CN,2605
CN-2605-BEKOL-SRKL,2,SHL,W22,TEPID,CN,2605
CN-2605-BEKOL-SRKL,3,TEPID,W24,OSNOV,CN,2605
CN-2605-BEKOL-SRKL,4,OSNOV,G586,QP,CN,2605
CN-2605-BEKOL-SRKL,5,QP,B330,ELKAL,CN,2605
CN-2605-BEKOL-SRKL,6,ELKAL,W179,OMBON,CN,2605
CN-2605-BEKOL-SRKL,7,OMBON,W195,ESPED,CN,2605
CN-2605-BEKOL-SRKL,8,ESPED,W66,NUKTI,CN,2605
CN-2605-BEKOL-SRKL,9,NUKTI,B215,FKG,CN,2605
CN-2605-BEKOL-SRKL,10,FKG,A368,SARIN,CN,2605
CN-2605-BEKOL-SRKL,11,SARIN,DCT,BEKOL,CN,2605
CN-2605-BEKOL-SRKL,12,BEKOL,A461,SHL,CN,2605
CN-2605-BEKOL-SRKL,13,SHL,W22,TEPID,CN,2605
CN-2605-BEKOL-SRKL,14,TEPID,W24,OSNOV,CN,2605
CN-2605-BEKOL-SRKL,15,OSNOV,G586,QP,CN,2605
CN-2605-BEKOL-SRKL,16,QP,B330,ELKAL,CN,2605
CN-2605-BEKOL-SRKL,17,ELKAL,W179,OMBON,CN,2605
CN-2605-BEKOL-SRKL,18,OMBON,W195,ESPED,CN,2605
CN-2605-BEKOL-SRKL,19,ESPED,W66,NUKTI,CN,2605
CN-2605-BEKOL-SRKL,20,NUKTI,B215,KABDO,CN,2605
CN-2605-BEKOL-SRKL,21,KABDO,W119,GOBOK,CN,2605
CN-2605-BEKOL-SRKL,22,GOBOK,A343,RULAD,CN,2605
CN-2605-BEKOL-SRKL,23,RULAD,DCT,BEKOL,CN,2605
CN-2605-BEKOL-SRKL,24,BEKOL,A461,SHL,CN,2605
CN-2605-BEKOL-SRKL,25,SHL,W22,TEPID,CN,2605
CN-2605-BEKOL-SRKL,26,TEPID,W24,OSNOV,CN,2605
CN-2605-BEKOL-SRKL,27,OSNOV,G586,QP,CN,2605
CN-2605-BEKOL-SRKL,28,QP,B330,ELKAL,CN,2605
CN-2605-BEKOL-SRKL,29,ELKAL,W179,OMBON,CN,2605
CN-2605-BEKOL-SRKL,30,OMBON,W195,ESPED,CN,2605
CN-2605-BEKOL-SRKL,31,ESPED,W66,NUKTI,CN,2605
CN-2605-BEKOL-SRKL,32,NUKTI,B215,KABDO,CN,2605
CN-2605-BEKOL-SRKL,33,KABDO,W119,LIMDO,CN,2605
CN-2605-BEKOL-SRKL,34,LIMDO,A468,KAMUD,CN,2605
CN-2605-BEKOL-SRKL,35,KAMUD,DCT,BEKOL,CN,2605
CN-2605-BEKOL-SRKL,36,BEKOL,A461,SHL,CN,2605
CN-2605-BEKOL-SRKL,37,SHL,W22,TEPID,CN,2605
CN-2605-BEKOL-SRKL,38,TEPID,W24,OSNOV,CN,2605
CN-2605-BEKOL-SRKL,39,OSNOV,G586,QP,CN,2605
CN-2605-BEKOL-SRKL,40,QP,B330,ELKAL,CN,2605
CN-2605-BEKOL-SRKL,41,ELKAL,W179,BIPIP,CN,2605
CN-2605-BEKOL-SRKL,42,BIPIP,A581,QNX,CN,2605
CN-2605-BEKOL-SRKL,43,QNX,W136,XISLI,CN,2605
CN-2605-BEKOL-SRKL,44,XISLI,A581,SGM,CN,2605
CN-2605-BEKOL-SRKL,45,SGM,A599,LINSO,CN,2605
CN-2605-BEKOL-SRL,1,BEKOL,A461,SHL,CN,2605
CN-2605-BEKOL-SRL,2,SHL,W22,TEPID,CN,2605
CN-2605-BEKOL-SRL,3,TEPID,W24,OSNOV,CN,2605
CN-2605-BEKOL-SRL,4,OSNOV,G586,QP,CN,2605
CN-2605-BEKOL-SRL,5,QP,B330,ELKAL,CN,2605
CN-2605-BEKOL-SRL,6,ELKAL,W179,OMBON,CN,2605
CN-2605-BEKOL-SRL,7,OMBON,W195,ESPED,CN,2605
CN-2605-BEKOL-SRL,8,ESPED,W66,NUKTI,CN,2605
CN-2605-BEKOL-SRL,9,NUKTI,B215,FKG,CN,2605
CN-2605-BEKOL-SRL,10,FKG,A368,SARIN,CN,2605
CN-2605-BEKOL-SRL,11,SARIN,DCT,BEKOL,CN,2605
CN-2605-BEKOL-SRL,12,BEKOL,A461,SHL,CN,2605
CN-2605-BEKOL-SRL,13,SHL,W22,TEPID,CN,2605
CN-2605-BEKOL-SRL,14,TEPID,W24,OSNOV,CN,2605
CN-2605-BEKOL-SRL,15,OSNOV,G586,QP,CN,2605
CN-2605-BEKOL-SRL,16,QP,B330,ELKAL,CN,2605
CN-2605-BEKOL-SRL,17,ELKAL,W179,OMBON,CN,2605
CN-2605-BEKOL-SRL,18,OMBON,W195,ESPED,CN,2605
CN-2605-BEKOL-SRL,19,ESPED,W66,NUKTI,CN,2605
CN-2605-BEKOL-SRL,20,NUKTI,B215,KABDO,CN,2605
CN-2605-BEKOL-SRL,21,KABDO,W119,GOBOK,CN,2605
CN-2605-BEKOL-SRL,22,GOBOK,A343,RULAD,CN,2605
CN-2605-BEKOL-SRL,23,RULAD,DCT,BEKOL,CN,2605
CN-2605-BEKOL-SRL,24,BEKOL,A461,SHL,CN,2605
CN-2605-BEKOL-SRL,25,SHL,W22,TEPID,CN,2605
CN-2605-BEKOL-SRL,26,TEPID,W24,OSNOV,CN,2605
CN-2605-BEKOL-SRL,27,OSNOV,G586,QP,CN,2605
CN-2605-BEKOL-SRL,28,QP,B330,ELKAL,CN,2605
CN-2605-BEKOL-SRL,29,ELKAL,W179,BIPIP,CN,2605
CN-2605-BEKOL-SRL,30,BIPIP,A581,QNX,CN,2605
CN-2605-BEKOL-SRL,31,QNX,W136,XISLI,CN,2605
CN-2605-BEKOL-SRL,32,XISLI,A581,SGM,CN,2605
CN-2605-BEKOL-SRL,33,SGM,A599,LINSO,CN,2605
CN-2605-BEKOL-TOMUK,1,BEKOL,A461,BUBDA,CN,2605
CN-2605-BEKOL-TOMUK,2,BUBDA,W56,VYK,CN,2605
CN-2605-BEKOL-TOMUK,3,VYK,W34,VAPGU,CN,2605
CN-2605-BEKOL-TOMUK,4,VAPGU,W100,ORAVA,CN,2605
CN-2605-BEKOL-TOMUK,5,ORAVA,W201,UNSEK,CN,2605
CN-2605-BEKOL-TOMUK,6,UNSEK,A326,SANKO,CN,2605
CN-2605-BEKOL-TOMUK,7,SANKO,B332,TOMUK,CN,2605
CN-2605-BEKOL-Y1-KAMUD,1,BEKOL,A461,SHL,CN,2605
CN-2605-BEKOL-Y1-KAMUD,2,SHL,W22,TEPID,CN,2605
CN-2605-BEKOL-Y1-KAMUD,3,TEPID,W24,OSNOV,CN,2605
CN-2605-BEKOL-Y1-KAMUD,4,OSNOV,G586,QP,CN,2605
CN-2605-BEKOL-Y1-KAMUD,5,QP,B330,ELKAL,CN,2605
CN-2605-BEKOL-Y1-KAMUD,6,ELKAL,W179,OMBON,CN,2605
CN-2605-BEKOL-Y1-KAMUD,7,OMBON,Y1,SADAN,CN,2605
CN-2605-BEKOL-Y1-KAMUD,8,SADAN,W186,KAMUD,CN,2605
CN-2605-BEKOL-Y1-RULAD,1,BEKOL,A461,SHL,CN,2605
CN-2605-BEKOL-Y1-RULAD,2,SHL,W22,TEPID,CN,2605
CN-2605-BEKOL-Y1-RULAD,3,TEPID,W24,OSNOV,CN,2605
CN-2605-BEKOL-Y1-RULAD,4,OSNOV,G586,QP,CN,2605
CN-2605-BEKOL-Y1-RULAD,5,QP,B330,ELKAL,CN,2605
CN-2605-BEKOL-Y1-RULAD,6,ELKAL,W179,OMBON,CN,2605
CN-2605-BEKOL-Y1-RULAD,7,OMBON,Y1,SADAN,CN,2605
CN-2605-BEKOL-Y1-RULAD,8,SADAN,L888,XKC,CN,2605
CN-2605-BEKOL-Y1-RULAD,9,XKC,A460,RULAD,CN,2605
CN-2605-BEKOL-Y1-SRK,1,BEKOL,A461,SHL,CN,2605
CN-2605-BEKOL-Y1-SRK,2,SHL,W22,TEPID,CN,2605
CN-2605-BEKOL-Y1-SRK,3,TEPID,W24,OSNOV,CN,2605
CN-2605-BEKOL-Y1-SRK,4,OSNOV,G586,QP,CN,2605
CN-2605-BEKOL-Y1-SRK,5,QP,B330,ELKAL,CN,2605
CN-2605-BEKOL-Y1-SRK,6,ELKAL,W179,OMBON,CN,2605
CN-2605-BEKOL-Y1-SRK,7,OMBON,W195,IDOPA,CN,2605
CN-2605-BEKOL-Y1-SRK,8,IDOPA,W197,ANDIM,CN,2605
CN-2605-BEKOL-Y1-SRK,9,ANDIM,B215,IBANO,CN,2605
CN-2605-BEKOL-Y1-SRK,10,IBANO,G470,AKLAS,CN,2605
CN-2605-BEKOL-Y1-SRK,11,AKLAS,W192,FKG,CN,2605
CN-2605-BEKOL-Y1-SRK,12,FKG,A368,SARIN,CN,2605
CN-2605-BEKOL-Y1-SRK,13,SARIN,DCT,BEKOL,CN,2605
CN-2605-BEKOL-Y1-SRK,14,BEKOL,A461,SHL,CN,2605
CN-2605-BEKOL-Y1-SRK,15,SHL,W22,TEPID,CN,2605
CN-2605-BEKOL-Y1-SRK,16,TEPID,W24,OSNOV,CN,2605
CN-2605-BEKOL-Y1-SRK,17,OSNOV,G586,QP,CN,2605
CN-2605-BEKOL-Y1-SRK,18,QP,B330,ELKAL,CN,2605
CN-2605-BEKOL-Y1-SRK,19,ELKAL,W179,OMBON,CN,2605
CN-2605-BEKOL-Y1-SRK,20,OMBON,Y1,SADAN,CN,2605
CN-2605-BEKOL-Y1-SRK,21,SADAN,L888,XKC,CN,2605
CN-2605-BEKOL-Y1-SRK,22,XKC,A460,RULAD,CN,2605
CN-2605-BEKOL-Y1-SRK,23,RULAD,DCT,BEKOL,CN,2605
CN-2605-BEKOL-Y1-SRK,24,BEKOL,A461,SHL,CN,2605
CN-2605-BEKOL-Y1-SRK,25,SHL,W22,TEPID,CN,2605
CN-2605-BEKOL-Y1-SRK,26,TEPID,W24,OSNOV,CN,2605
CN-2605-BEKOL-Y1-SRK,27,OSNOV,G586,QP,CN,2605
CN-2605-BEKOL-Y1-SRK,28,QP,B330,ELKAL,CN,2605
CN-2605-BEKOL-Y1-SRK,29,ELKAL,W179,OMBON,CN,2605
CN-2605-BEKOL-Y1-SRK,30,OMBON,Y1,SADAN,CN,2605
CN-2605-BEKOL-Y1-SRK,31,SADAN,W186,KAMUD,CN,2605
CN-2605-BEKOL-ZBAA-01,1,BEKOL,A461,BUBDA,CN,2605
CN-2605-BEKOL-ZBAA-01,2,BUBDA,W56,DUGEB,CN,2605
CN-2605-BEKOL-ZBAD-01,1,BEKOL,A461,BUBDA,CN,2605
CN-2605-BEKOL-ZBAD-01,2,BUBDA,W56,ORODO,CN,2605
CN-2605-BEKOL-ZBAD-01,3,ORODO,W62,TEKIL,CN,2605
CN-2605-BEKOL-ZBAD-01,4,TEKIL,G212,BELAX,CN,2605
CN-2605-BEKOL-ZBHH-01,1,BEKOL,A461,BUBDA,CN,2605
CN-2605-BEKOL-ZBHH-01,2,BUBDA,W56,OBMEP,CN,2605
CN-2605-BEKOL-ZBHH-01,3,OBMEP,B208,TODAM,CN,2605
CN-2605-BEKOL-ZBSJ-01,1,BEKOL,A461,BUBDA,CN,2605
CN-2605-BEKOL-ZBSJ-01,2,BUBDA,W56,ORODO,CN,2605
CN-2605-BEKOL-ZBSJ-01,3,ORODO,W62,AVLIS,CN,2605
CN-2605-BEKOL-ZBTJ-01,1,BEKOL,A461,BUBDA,CN,2605
CN-2605-BEKOL-ZBTJ-01,2,BUBDA,W56,GUVRI,CN,2605
CN-2605-BEKOL-ZBTJ-01,3,GUVRI,W85,OMDEK,CN,2605
CN-2605-BEKOL-ZBYN-01,1,BEKOL,A461,BUBDA,CN,2605
CN-2605-BEKOL-ZBYN-01,2,BUBDA,W56,OBMEP,CN,2605
CN-2605-BEKOL-ZBYN-01,3,OBMEP,B208,ANPIG,CN,2605
CN-2605-BEKOL-ZGHA-01,1,BEKOL,A461,MEXON,CN,2605
CN-2605-BEKOL-ZGKL-01,1,BEKOL,A461,SHL,CN,2605
CN-2605-BEKOL-ZGKL-01,2,SHL,W22,TEPID,CN,2605
CN-2605-BEKOL-ZGKL-01,3,TEPID,W24,OSNOV,CN,2605
CN-2605-BEKOL-ZGKL-01,4,OSNOV,G586,QP,CN,2605
CN-2605-BEKOL-ZGSZ-01,1,BEKOL,DCT,KEVAR,CN,2605
CN-2605-BEKOL-ZHCC-01,1,BEKOL,A461,BUBDA,CN,2605
CN-2605-BEKOL-ZHCC-01,2,BUBDA,W56,IGMIG,CN,2605
CN-2605-BEKOL-ZHEC-01,1,BEKOL,A461,BUBDA,CN,2605
CN-2605-BEKOL-ZHEC-01,2,BUBDA,W56,UPMAT,CN,2605
CN-2605-BEKOL-ZHHH-01,1,BEKOL,A461,BUBDA,CN,2605
CN-2605-BEKOL-ZHHH-01,2,BUBDA,W56,UPMAT,CN,2605
CN-2605-BEKOL-ZLXY-01,1,BEKOL,A461,SHL,CN,2605
CN-2605-BEKOL-ZLXY-01,2,SHL,W22,TEPID,CN,2605
CN-2605-BEKOL-ZLXY-01,3,TEPID,W24,OSNOV,CN,2605
CN-2605-BEKOL-ZLXY-01,4,OSNOV,G586,QP,CN,2605
CN-2605-BEKOL-ZLXY-01,5,QP,B330,ELKAL,CN,2605
CN-2605-BEKOL-ZLXY-01,6,ELKAL,W179,WFX,CN,2605
CN-2605-BEKOL-ZLXY-01,7,WFX,W81,APIMI,CN,2605
CN-2605-BEKOL-ZLXY-01,8,APIMI,W275,NSH,CN,2605
CN-2605-BEKOL-ZLXY-02,1,BEKOL,A461,SHL,CN,2605
CN-2605-BEKOL-ZLXY-02,2,SHL,W22,TEPID,CN,2605
CN-2605-BEKOL-ZLXY-02,3,TEPID,W24,OSNOV,CN,2605
CN-2605-BEKOL-ZLXY-02,4,OSNOV,G586,QP,CN,2605
CN-2605-BEKOL-ZLXY-02,5,QP,B330,SJG,CN,2605
CN-2605-BEKOL-ZLXY-02,6,SJG,W102,VELVI,CN,2605
CN-2605-BEKOL-ZLXY-02,7,VELVI,W698,IGEPA,CN,2605
CN-2605-BEKOL-ZSCN-01,1,BEKOL,A461,SHL,CN,2605
CN-2605-BEKOL-ZSCN-01,2,SHL,W26,UPRIK,CN,2605
CN-2605-BEKOL-ZSCN-01,3,UPRIK,W41,OMDUP,CN,2605
CN-2605-BEKOL-ZSCN-01,4,OMDUP,G471,PLT,CN,2605
CN-2605-BEKOL-ZSCN-01,5,PLT,W19,OSONO,CN,2605
CN-2605-BEKOL-ZSHC-01,1,BEKOL,A461,SHL,CN,2605
CN-2605-BEKOL-ZSHC-01,2,SHL,W26,UPRIK,CN,2605
CN-2605-BEKOL-ZSHC-01,3,UPRIK,W41,OMDUP,CN,2605
CN-2605-BEKOL-ZSHC-01,4,OMDUP,G471,PLT,CN,2605
CN-2605-BEKOL-ZSHC-01,5,PLT,A599,ELNEX,CN,2605
CN-2605-BEKOL-ZSJN-01,1,BEKOL,A461,BUBDA,CN,2605
CN-2605-BEKOL-ZSJN-01,2,BUBDA,W56,VADMO,CN,2605
CN-2605-BEKOL-ZSJN-01,3,VADMO,W4,WXI,CN,2605
CN-2605-BEKOL-ZSJN-01,4,WXI,W59,UBSIS,CN,2605
CN-2605-BEKOL-ZSLY-01,1,BEKOL,A461,BUBDA,CN,2605
CN-2605-BEKOL-ZSLY-01,2,BUBDA,W56,IDPOG,CN,2605
CN-2605-BEKOL-ZSLY-01,3,IDPOG,A581,WHA,CN,2605
CN-2605-BEKOL-ZSLY-01,4,WHA,R343,HFE,CN,2605
CN-2605-BEKOL-ZSLY-01,5,HFE,W127,XUZ,CN,2605
CN-2605-BEKOL-ZSLY-01,6,XUZ,W125,DO,CN,2605
CN-2605-BEKOL-ZSLY-01,7,DO,W126,DPX,CN,2605
CN-2605-BEKOL-ZSLY-01,8,DPX,A593,AVPEP,CN,2605
CN-2605-BEKOL-ZSNJ-01,1,BEKOL,A461,SHL,CN,2605
CN-2605-BEKOL-ZSNJ-01,2,SHL,W26,UPRIK,CN,2605
CN-2605-BEKOL-ZSNJ-01,3,UPRIK,W41,OMDUP,CN,2605
CN-2605-BEKOL-ZSNJ-01,4,OMDUP,G471,PLT,CN,2605
CN-2605-BEKOL-ZSNJ-01,5,PLT,A599,TUPGA,CN,2605
CN-2605-BEKOL-ZSNJ-01,6,TUPGA,W135,GOSRO,CN,2605
CN-2605-BEKOL-ZSOF-01,1,BEKOL,A461,BUBDA,CN,2605
CN-2605-BEKOL-ZSOF-01,2,BUBDA,W56,IDPOG,CN,2605
CN-2605-BEKOL-ZSOF-01,3,IDPOG,A581,WHA,CN,2605
CN-2605-BEKOL-ZSOF-01,4,WHA,R343,MIDOX,CN,2605
CN-2605-BEKOL-ZSPD-01,1,BEKOL,A461,SHL,CN,2605
CN-2605-BEKOL-ZSPD-01,2,SHL,W26,UPRIK,CN,2605
CN-2605-BEKOL-ZSPD-01,3,UPRIK,W41,OMDUP,CN,2605
CN-2605-BEKOL-ZSPD-01,4,OMDUP,G471,PLT,CN,2605
CN-2605-BEKOL-ZSPD-01,5,PLT,A599,ELNEX,CN,2605
CN-2605-BEKOL-ZSPD-01,6,ELNEX,G204,SHZ,CN,2605
CN-2605-BEKOL-ZSPD-01,7,SHZ,W58,XSY,CN,2605
CN-2605-BEKOL-ZSSH-01,1,BEKOL,A461,BUBDA,CN,2605
CN-2605-BEKOL-ZSSH-01,2,BUBDA,W56,IDPOG,CN,2605
CN-2605-BEKOL-ZSSH-01,3,IDPOG,A581,WHA,CN,2605
CN-2605-BEKOL-ZSSH-01,4,WHA,R343,MADUK,CN,2605
CN-2605-BEKOL-ZSSH-01,5,MADUK,W73,NOBEM,CN,2605
CN-2605-BEKOL-ZSSH-01,6,NOBEM,W95,OF,CN,2605
CN-2605-BEKOL-ZSSH-01,7,OF,W178,LAGAL,CN,2605
CN-2605-BEKOL-ZSSH-01,8,LAGAL,W525,HUN,CN,2605
CN-2605-BEKOL-ZSSS-01,1,BEKOL,A461,SHL,CN,2605
CN-2605-BEKOL-ZSSS-01,2,SHL,W26,UPRIK,CN,2605
CN-2605-BEKOL-ZSSS-01,3,UPRIK,W41,OMDUP,CN,2605
CN-2605-BEKOL-ZSSS-01,4,OMDUP,G471,PLT,CN,2605
CN-2605-BEKOL-ZSSS-01,5,PLT,A599,ELNEX,CN,2605
CN-2605-BEKOL-ZSSS-01,6,ELNEX,G204,JTN,CN,2605
CN-2605-BEKOL-ZSXZ-01,1,BEKOL,A461,SHL,CN,2605
CN-2605-BEKOL-ZSXZ-01,2,SHL,W26,UPRIK,CN,2605
CN-2605-BEKOL-ZSXZ-01,3,UPRIK,W41,OMDUP,CN,2605
CN-2605-BEKOL-ZSXZ-01,4,OMDUP,G471,PLT,CN,2605
CN-2605-BEKOL-ZSXZ-01,5,PLT,A599,TUPGA,CN,2605
CN-2605-BEKOL-ZSXZ-01,6,TUPGA,W135,DOGVI,CN,2605
CN-2605-BEKOL-ZSXZ-01,7,DOGVI,A470,DPX,CN,2605
CN-2605-BEKOL-ZSXZ-01,8,DPX,W126,DO,CN,2605
CN-2605-BEKOL-ZSYA-01,1,BEKOL,A461,BUBDA,CN,2605
CN-2605-BEKOL-ZSYA-01,2,BUBDA,W56,IDPOG,CN,2605
CN-2605-BEKOL-ZSYA-01,3,IDPOG,A581,WHA,CN,2605
CN-2605-BEKOL-ZSYA-01,4,WHA,R343,OLRIS,CN,2605
CN-2605-BEKOL-ZSYA-01,5,OLRIS,G345,ZJ,CN,2605
CN-2605-BEKOL-ZSYA-01,6,ZJ,W184,PIMOL,CN,2605
CN-2605-BEKOL-ZSYT-01,1,BEKOL,A461,BUBDA,CN,2605
CN-2605-BEKOL-ZSYT-01,2,BUBDA,W56,VADMO,CN,2605
CN-2605-BEKOL-ZSYT-01,3,VADMO,W4,WXI,CN,2605
CN-2605-BEKOL-ZSYT-01,4,WXI,W59,SUNOK,CN,2605
CN-2605-BEKOL-ZSYT-01,5,SUNOK,W103,YQG,CN,2605
CN-2605-BEKOL-ZSYT-01,6,YQG,W569,NOBUP,CN,2605
CN-2605-BEKOL-ZSYT-01,7,NOBUP,W4,HCH,CN,2605
CN-2605-BEKOL-ZUCK-01,1,BEKOL,A461,SHL,CN,2605
CN-2605-BEKOL-ZUCK-01,2,SHL,W22,TEPID,CN,2605
CN-2605-BEKOL-ZUCK-01,3,TEPID,W24,OSNOV,CN,2605
CN-2605-BEKOL-ZUCK-01,4,OSNOV,G586,QP,CN,2605
CN-2605-BEKOL-ZUCK-01,5,QP,B330,ELKAL,CN,2605
CN-2605-BEKOL-ZUCK-01,6,ELKAL,W179,SUMUN,CN,2605
CN-2605-BEKOL-ZUCK-01,7,SUMUN,W3,ASIPO,CN,2605
CN-2605-BEKOL-ZUCK-01,8,ASIPO,W678,SEGDA,CN,2605
CN-2605-BEKOL-ZUGY-01,1,BEKOL,A461,SHL,CN,2605
CN-2605-BEKOL-ZUGY-01,2,SHL,W22,TEPID,CN,2605
CN-2605-BEKOL-ZUGY-01,3,TEPID,W24,OSNOV,CN,2605
CN-2605-BEKOL-ZUGY-01,4,OSNOV,G586,QP,CN,2605
CN-2605-BEKOL-ZUGY-01,5,QP,B330,ELKAL,CN,2605
CN-2605-BEKOL-ZUTF-01,1,BEKOL,A461,SHL,CN,2605
CN-2605-BEKOL-ZUTF-01,2,SHL,W22,TEPID,CN,2605
CN-2605-BEKOL-ZUTF-01,3,TEPID,W24,OSNOV,CN,2605
CN-2605-BEKOL-ZUTF-01,4,OSNOV,G586,QP,CN,2605
CN-2605-BEKOL-ZUTF-01,5,QP,B330,ELKAL,CN,2605
CN-2605-BEKOL-ZUTF-01,6,ELKAL,W179,RIRKI,CN,2605
CN-2605-BEKOL-ZUTF-01,7,RIRKI,W232,ELDUD,CN,2605
CN-2605-BEKOL-ZUUU-01,1,BEKOL,A461,SHL,CN,2605
CN-2605-BEKOL-ZUUU-01,2,SHL,W22,TEPID,CN,2605
CN-2605-BEKOL-ZUUU-01,3,TEPID,W24,OSNOV,CN,2605
CN-2605-BEKOL-ZUUU-01,4,OSNOV,G586,QP,CN,2605
CN-2605-BEKOL-ZUUU-01,5,QP,B330,ELKAL,CN,2605
CN-2605-BEKOL-ZUUU-01,6,ELKAL,W179,IGNAK,CN,2605
CN-2605-BEKOL-ZYCC-01,1,BEKOL,A461,BUBDA,CN,2605
CN-2605-BEKOL-ZYCC-01,2,BUBDA,W56,VYK,CN,2605
CN-2605-BEKOL-ZYCC-01,3,VYK,G212,SOTMU,CN,2605
CN-2605-BEKOL-ZYCC-01,4,SOTMU,B339,HUR,CN,2605
CN-2605-BEKOL-ZYCC-01,5,HUR,B334,TGO,CN,2605
CN-2605-BEKOL-ZYCC-01,6,TGO,G341,BUTET,CN,2605
CN-2605-BEKOL-ZYHB-01,1,BEKOL,A461,BUBDA,CN,2605
CN-2605-BEKOL-ZYHB-01,2,BUBDA,W56,VYK,CN,2605
CN-2605-BEKOL-ZYHB-01,3,VYK,G212,SOTMU,CN,2605
CN-2605-BEKOL-ZYHB-01,4,SOTMU,B339,HUR,CN,2605
CN-2605-BEKOL-ZYHB-01,5,HUR,B334,TGO,CN,2605
CN-2605-BEKOL-ZYHB-01,6,TGO,G212,RUSBO,CN,2605
CN-2605-BEKOL-ZYHB-01,7,RUSBO,W203,PIGAM,CN,2605
CN-2605-BEKOL-ZYTL-01,1,BEKOL,A461,BUBDA,CN,2605
CN-2605-BEKOL-ZYTL-01,2,BUBDA,W56,VADMO,CN,2605
CN-2605-BEKOL-ZYTL-01,3,VADMO,W4,WXI,CN,2605
CN-2605-BEKOL-ZYTL-01,4,WXI,W59,SUNOK,CN,2605
CN-2605-BEKOL-ZYTL-01,5,SUNOK,W103,YQG,CN,2605
CN-2605-BEKOL-ZYTL-01,6,YQG,W569,NOBUP,CN,2605
CN-2605-BEKOL-ZYTL-01,7,NOBUP,W4,HCH,CN,2605
CN-2605-BEKOL-ZYTL-01,8,HCH,W173,NIXEP,CN,2605
CN-2605-BEKOL-ZYTX-01,1,BEKOL,A461,BUBDA,CN,2605
CN-2605-BEKOL-ZYTX-01,2,BUBDA,W56,VYK,CN,2605
CN-2605-BEKOL-ZYTX-01,3,VYK,W34,PAMRU,CN,2605
CN-2605-BEKOL-ZYTX-01,4,PAMRU,W244,IGMOR,CN,2605
CN-2605-BEKOL-ZYTX-01,5,IGMOR,W36,ENVAV,CN,2605
CN-2605-BEKOL-ZYTX-01,6,ENVAV,W243,OTBUL,CN,2605
CN-2605-BEKOL-ZYTX-01,7,OTBUL,W35,CHG,CN,2605
CN-2605-BEKOL-ZYTX-01,8,CHG,A575,OMDUS,CN,2605
CN-2605-BISUN-AGAVO,1,BISUN,B451,WQG,CN,2605
CN-2605-BISUN-AGAVO,2,WQG,G341,LJB,CN,2605
CN-2605-BISUN-AGAVO,3,LJB,A588,CHI,CN,2605
CN-2605-BISUN-AGAVO,4,CHI,W107,SANKO,CN,2605
CN-2605-BISUN-AGAVO,5,SANKO,A326,DONVO,CN,2605
CN-2605-BISUN-AGAVO,6,DONVO,G597,AGAVO,CN,2605
CN-2605-BISUN-LINSO,1,BISUN,B451,WQG,CN,2605
CN-2605-BISUN-LINSO,2,WQG,G341,TGO,CN,2605
CN-2605-BISUN-LINSO,3,TGO,G212,VYK,CN,2605
CN-2605-BISUN-LINSO,4,VYK,W37,DUBAS,CN,2605
CN-2605-BISUN-LINSO,5,DUBAS,R343,WHA,CN,2605
CN-2605-BISUN-LINSO,6,WHA,A581,QNX,CN,2605
CN-2605-BISUN-LINSO,7,QNX,W136,XISLI,CN,2605
CN-2605-BISUN-LINSO,8,XISLI,A581,SGM,CN,2605
CN-2605-BISUN-LINSO,9,SGM,A599,LINSO,CN,2605
CN-2605-BISUN-SAGAG,1,BISUN,B451,WQG,CN,2605
CN-2605-BISUN-SAGAG,2,WQG,G341,TGO,CN,2605
CN-2605-BISUN-SAGAG,3,TGO,G212,BUMDU,CN,2605
CN-2605-BISUN-SAGAG,4,BUMDU,W47,ASAVA,CN,2605
CN-2605-BISUN-SAGAG,5,ASAVA,W45,LIN,CN,2605
CN-2605-BISUN-SAGAG,6,LIN,A581,QNX,CN,2605
CN-2605-BISUN-SAGAG,7,QNX,W136,XISLI,CN,2605
CN-2605-BISUN-SAGAG,8,XISLI,A581,SAGAG,CN,2605
CN-2605-BISUN-TEBAK,1,BISUN,B451,WQG,CN,2605
CN-2605-BISUN-TEBAK,2,WQG,G341,TGO,CN,2605
CN-2605-BISUN-TEBAK,3,TGO,G212,BUMDU,CN,2605
CN-2605-BISUN-TEBAK,4,BUMDU,W47,ASAVA,CN,2605
CN-2605-BISUN-TEBAK,5,ASAVA,W45,NUPTI,CN,2605
CN-2605-BISUN-TEBAK,6,NUPTI,R343,WUY,CN,2605
CN-2605-BISUN-TEBAK,7,WUY,R474,TEBAK,CN,2605
CN-2605-BISUN-TELOK,1,BISUN,B451,HLD,CN,2605
CN-2605-BISUN-TELOK,2,HLD,A345,TELOK,CN,2605
CN-2605-BISUN-VHHH,1,BISUN,B451,WQG,CN,2605
CN-2605-BISUN-VHHH,2,WQG,G341,TGO,CN,2605
CN-2605-BISUN-VHHH,3,TGO,G212,VYK,CN,2605
CN-2605-BISUN-VHHH,4,VYK,W37,OMBEB,CN,2605
CN-2605-BISUN-VHHH,5,OMBEB,R473,WYN,CN,2605
CN-2605-BISUN-VHHH,6,WYN,W18,NLG,CN,2605
CN-2605-BISUN-VHHH,7,NLG,W23,ZUH,CN,2605
CN-2605-BISUN-VHHH,8,ZUH,R473,SIERA,CN,2605
CN-2605-BISUN-VMMC,1,BISUN,B451,WQG,CN,2605
CN-2605-BISUN-VMMC,2,WQG,G341,TGO,CN,2605
CN-2605-BISUN-VMMC,3,TGO,G212,VYK,CN,2605
CN-2605-BISUN-VMMC,4,VYK,W37,OMBEB,CN,2605
CN-2605-BISUN-VMMC,5,OMBEB,R473,NOLON,CN,2605
CN-2605-BISUN-VMMC,6,NOLON,W90,POU,CN,2605
CN-2605-BISUN-VMMC,7,POU,W7,SAREX,CN,2605
CN-2605-BISUN-VMMC,8,SAREX,W6,LATOP,CN,2605
CN-2605-BISUN-ZBAA-01,1,BISUN,B451,WQG,CN,2605
CN-2605-BISUN-ZBAA-01,2,WQG,G341,TGO,CN,2605
CN-2605-BISUN-ZBAA-01,3,TGO,G212,UKDUM,CN,2605
CN-2605-BISUN-ZBAA-01,4,UKDUM,W49,OSUBA,CN,2605
CN-2605-BISUN-ZBAD-01,1,BISUN,B451,WQG,CN,2605
CN-2605-BISUN-ZBAD-01,2,WQG,G341,TGO,CN,2605
CN-2605-BISUN-ZBAD-01,3,TGO,G212,BUMDU,CN,2605
CN-2605-BISUN-ZBTJ-01,1,BISUN,B451,WQG,CN,2605
CN-2605-BISUN-ZBTJ-01,2,WQG,G341,LJB,CN,2605
CN-2605-BISUN-ZBTJ-01,3,LJB,A588,VENOS,CN,2605
CN-2605-BISUN-ZBTJ-01,4,VENOS,W573,DBL,CN,2605
CN-2605-BISUN-ZBTJ-01,5,DBL,W5,EKULI,CN,2605
CN-2605-BISUN-ZBTJ-01,6,EKULI,W576,OVTUP,CN,2605
CN-2605-BISUN-ZBTJ-01,7,OVTUP,W55,DUMAP,CN,2605
CN-2605-BISUN-ZGHA-01,1,BISUN,B451,WQG,CN,2605
CN-2605-BISUN-ZGHA-01,2,WQG,G341,TGO,CN,2605
CN-2605-BISUN-ZGHA-01,3,TGO,G212,VYK,CN,2605
CN-2605-BISUN-ZGHA-01,4,VYK,W37,GUSIV,CN,2605
CN-2605-BISUN-ZGSZ-01,1,BISUN,B451,WQG,CN,2605
CN-2605-BISUN-ZGSZ-01,2,WQG,G341,TGO,CN,2605
CN-2605-BISUN-ZGSZ-01,3,TGO,G212,VYK,CN,2605
CN-2605-BISUN-ZGSZ-01,4,VYK,W37,OMBEB,CN,2605
CN-2605-BISUN-ZGSZ-01,5,OMBEB,R473,NOLON,CN,2605
CN-2605-BISUN-ZGSZ-01,6,NOLON,W90,POU,CN,2605
CN-2605-BISUN-ZGSZ-01,7,POU,W7,SAREX,CN,2605
CN-2605-BISUN-ZHCC-01,1,BISUN,B451,WQG,CN,2605
CN-2605-BISUN-ZHCC-01,2,WQG,G341,LJB,CN,2605
CN-2605-BISUN-ZHCC-01,3,LJB,A588,UDETI,CN,2605
CN-2605-BISUN-ZHCC-01,4,UDETI,W106,MAKNO,CN,2605
CN-2605-BISUN-ZHCC-01,5,MAKNO,W5,HCH,CN,2605
CN-2605-BISUN-ZHCC-01,6,HCH,W4,TAMIX,CN,2605
CN-2605-BISUN-ZHCC-01,7,TAMIX,B208,NOPIN,CN,2605
CN-2605-BISUN-ZHHH-01,1,BISUN,B451,WQG,CN,2605
CN-2605-BISUN-ZHHH-01,2,WQG,G341,LJB,CN,2605
CN-2605-BISUN-ZHHH-01,3,LJB,A588,UDETI,CN,2605
CN-2605-BISUN-ZHHH-01,4,UDETI,W106,MAKNO,CN,2605
CN-2605-BISUN-ZHHH-01,5,MAKNO,W5,HCH,CN,2605
CN-2605-BISUN-ZHHH-01,6,HCH,W4,IPNIT,CN,2605
CN-2605-BISUN-ZHHH-01,7,IPNIT,W37,PONUD,CN,2605
CN-2605-BISUN-ZJSY-01,1,BISUN,B451,WQG,CN,2605
CN-2605-BISUN-ZJSY-01,2,WQG,G341,TGO,CN,2605
CN-2605-BISUN-ZJSY-01,3,TGO,G212,VYK,CN,2605
CN-2605-BISUN-ZJSY-01,4,VYK,W37,OMBEB,CN,2605
CN-2605-BISUN-ZJSY-01,5,OMBEB,R473,POU,CN,2605
CN-2605-BISUN-ZJSY-01,6,POU,B330,TAMOT,CN,2605
CN-2605-BISUN-ZJSY-01,7,TAMOT,DCT,SIKOU,CN,2605
CN-2605-BISUN-ZJSY-01,8,SIKOU,A202,SAMAS,CN,2605
CN-2605-BISUN-ZJSY-01,9,SAMAS,G221,WL,CN,2605
CN-2605-BISUN-ZSNJ-01,1,BISUN,B451,WQG,CN,2605
CN-2605-BISUN-ZSNJ-01,2,WQG,G341,TGO,CN,2605
CN-2605-BISUN-ZSNJ-01,3,TGO,G212,SOTMU,CN,2605
CN-2605-BISUN-ZSNJ-01,4,SOTMU,W98,ELKUR,CN,2605
CN-2605-BISUN-ZSNJ-01,5,ELKUR,W40,YQG,CN,2605
CN-2605-BISUN-ZSNJ-01,6,YQG,W142,DALIM,CN,2605
CN-2605-BISUN-ZSNJ-01,7,DALIM,A593,DPX,CN,2605
CN-2605-BISUN-ZSNJ-01,8,DPX,A470,OF,CN,2605
CN-2605-BISUN-ZSPD-01,1,BISUN,B451,WQG,CN,2605
CN-2605-BISUN-ZSPD-01,2,WQG,G341,LJB,CN,2605
CN-2605-BISUN-ZSPD-01,3,LJB,A588,CHI,CN,2605
CN-2605-BISUN-ZSPD-01,4,CHI,W107,SANKO,CN,2605
CN-2605-BISUN-ZSPD-01,5,SANKO,A326,AKARA,CN,2605
CN-2605-BISUN-ZSPD-01,6,AKARA,A593,PUD,CN,2605
CN-2605-BISUN-ZYCC-01,1,BISUN,B451,WQG,CN,2605
CN-2605-BISUN-ZYCC-01,2,WQG,G341,LJB,CN,2605
CN-2605-BISUN-ZYHB-01,1,BISUN,B451,KETOV,CN,2605
CN-2605-BISUN-ZYMD-01,1,BISUN,B451,UGABI,CN,2605
CN-2605-BISUN-ZYMD-01,2,UGABI,W39,MDJ,CN,2605
CN-2605-BISUN-ZYTL-01,1,BISUN,B451,WQG,CN,2605
CN-2605-BISUN-ZYTL-01,2,WQG,G341,LJB,CN,2605
CN-2605-BISUN-ZYTL-01,3,LJB,A588,VENOS,CN,2605
CN-2605-BISUN-ZYTX-01,1,BISUN,B451,WQG,CN,2605
CN-2605-BISUN-ZYTX-01,2,WQG,G341,LJB,CN,2605
CN-2605-BISUN-ZYTX-01,3,LJB,A588,LEMOT,CN,2605
CN-2605-BUNTA-ZBAA-01,1,BUNTA,G221,SYX,CN,2605
CN-2605-BUNTA-ZBAA-01,2,SYX,W222,NUMKU,CN,2605
CN-2605-BUNTA-ZBAA-01,3,NUMKU,W223,AGTEL,CN,2605
CN-2605-BUNTA-ZBAA-01,4,AGTEL,W71,LH,CN,2605
CN-2605-BUNTA-ZBAA-01,5,LH,R339,BHY,CN,2605
CN-2605-BUNTA-ZBAA-01,6,BHY,W159,LBN,CN,2605
CN-2605-BUNTA-ZBAA-01,7,LBN,W2,SJG,CN,2605
CN-2605-BUNTA-ZBAA-01,8,SJG,W102,EMVIL,CN,2605
CN-2605-BUNTA-ZBAA-01,9,EMVIL,W282,UPSIK,CN,2605
CN-2605-BUNTA-ZBAA-01,10,UPSIK,W4,VADMO,CN,2605
CN-2605-BUNTA-ZBAA-01,11,VADMO,W56,DUGEB,CN,2605
CN-2605-BUNTA-ZBAD-01,1,BUNTA,G221,SYX,CN,2605
CN-2605-BUNTA-ZBAD-01,2,SYX,W222,NUMKU,CN,2605
CN-2605-BUNTA-ZBAD-01,3,NUMKU,W223,AGTEL,CN,2605
CN-2605-BUNTA-ZBAD-01,4,AGTEL,W71,LH,CN,2605
CN-2605-BUNTA-ZBAD-01,5,LH,R339,BHY,CN,2605
CN-2605-BUNTA-ZBAD-01,6,BHY,W159,LBN,CN,2605
CN-2605-BUNTA-ZBAD-01,7,LBN,W2,SJG,CN,2605
CN-2605-BUNTA-ZBAD-01,8,SJG,W102,EMVIL,CN,2605
CN-2605-BUNTA-ZBAD-01,9,EMVIL,W282,UPSIK,CN,2605
CN-2605-BUNTA-ZBAD-01,10,UPSIK,W4,LIMGI,CN,2605
CN-2605-BUNTA-ZBAD-01,11,LIMGI,W175,OLGUP,CN,2605
CN-2605-BUNTA-ZBAD-01,12,OLGUP,G212,BELAX,CN,2605
CN-2605-BUNTA-ZGGG-01,1,BUNTA,A1,IKELA,CN,2605
CN-2605-BUNTA-ZGGG-01,2,IKELA,DCT,TAMOT,CN,2605
CN-2605-BUNTA-ZGGG-01,3,TAMOT,W68,IDUMA,CN,2605
CN-2605-BUNTA-ZGNN-01,1,BUNTA,G221,SYX,CN,2605
CN-2605-BUNTA-ZGNN-01,2,SYX,W222,NUMKU,CN,2605
CN-2605-BUNTA-ZGNN-01,3,NUMKU,W223,AGTEL,CN,2605
CN-2605-BUNTA-ZGNN-01,4,AGTEL,W71,LH,CN,2605
CN-2605-BUNTA-ZGNN-01,5,LH,R339,WUY,CN,2605
CN-2605-BUNTA-ZGOW-01,1,BUNTA,A1,IKELA,CN,2605
CN-2605-BUNTA-ZGOW-01,2,IKELA,DCT,DOTMI,CN,2605
CN-2605-BUNTA-ZGZJ-01,1,BUNTA,G221,SYX,CN,2605
CN-2605-BUNTA-ZGZJ-01,2,SYX,W222,NUMKU,CN,2605
CN-2605-BUNTA-ZGZJ-01,3,NUMKU,W223,AGTEL,CN,2605
CN-2605-BUNTA-ZGZJ-01,4,AGTEL,W71,LH,CN,2605
CN-2605-BUNTA-ZJHK-01,1,BUNTA,G221,SYX,CN,2605
CN-2605-BUNTA-ZJHK-01,2,SYX,W222,NUMKU,CN,2605
CN-2605-BUNTA-ZJQH-01,1,BUNTA,G221,ANPIM,CN,2605
CN-2605-BUNTA-ZJSY-01,1,BUNTA,G221,WL,CN,2605
CN-2605-BUNTA-ZSAM-01,1,BUNTA,A1,IKELA,CN,2605
CN-2605-BUNTA-ZSAM-01,2,IKELA,DCT,MAGOG,CN,2605
CN-2605-BUNTA-ZSAM-01,3,MAGOG,A470,TEBON,CN,2605
CN-2605-BUNTA-ZSFZ-01,1,BUNTA,A1,IKELA,CN,2605
CN-2605-BUNTA-ZSFZ-01,2,IKELA,DCT,MAGOG,CN,2605
CN-2605-BUNTA-ZSFZ-01,3,MAGOG,A470,ENVEN,CN,2605
CN-2605-BUNTA-ZSHC-01,1,BUNTA,A1,IKELA,CN,2605
CN-2605-BUNTA-ZSHC-01,2,IKELA,DCT,MAGOG,CN,2605
CN-2605-BUNTA-ZSHC-01,3,MAGOG,A470,UGAGO,CN,2605
CN-2605-BUNTA-ZSNB-01,1,BUNTA,A1,IKELA,CN,2605
CN-2605-BUNTA-ZSNB-01,2,IKELA,DCT,MAGOG,CN,2605
CN-2605-BUNTA-ZSNB-01,3,MAGOG,A470,LJG,CN,2605
CN-2605-BUNTA-ZSNB-01,4,LJG,B221,SHZ,CN,2605
CN-2605-GOLOT-TEBAK,1,GOLOT,A345,BIDIB,CN,2605
CN-2605-GOLOT-TEBAK,2,BIDIB,A575,CHG,CN,2605
CN-2605-GOLOT-TEBAK,3,CHG,G332,MUDAM,CN,2605
CN-2605-GOLOT-TEBAK,4,MUDAM,G212,BUMDU,CN,2605
CN-2605-GOLOT-TEBAK,5,BUMDU,W47,ASAVA,CN,2605
CN-2605-GOLOT-TEBAK,6,ASAVA,W45,NUPTI,CN,2605
CN-2605-GOLOT-TEBAK,7,NUPTI,R343,WUY,CN,2605
CN-2605-GOLOT-TEBAK,8,WUY,R474,TEBAK,CN,2605
CN-2605-GOLOT-TELOK,1,GOLOT,A345,TELOK,CN,2605
CN-2605-GOLOT-VMMC,1,GOLOT,A345,BIDIB,CN,2605
CN-2605-GOLOT-VMMC,2,BIDIB,A575,CHG,CN,2605
CN-2605-GOLOT-VMMC,3,CHG,G332,MUDAM,CN,2605
CN-2605-GOLOT-VMMC,4,MUDAM,G212,VYK,CN,2605
CN-2605-GOLOT-VMMC,5,VYK,W37,OMBEB,CN,2605
CN-2605-GOLOT-VMMC,6,OMBEB,R473,NOLON,CN,2605
CN-2605-GOLOT-VMMC,7,NOLON,W90,POU,CN,2605
CN-2605-GOLOT-VMMC,8,POU,W7,SAREX,CN,2605
CN-2605-GOLOT-VMMC,9,SAREX,W6,LATOP,CN,2605
CN-2605-GOLOT-ZBAA-01,1,GOLOT,A345,BIDIB,CN,2605
CN-2605-GOLOT-ZBAA-01,2,BIDIB,A575,UKDUM,CN,2605
CN-2605-GOLOT-ZBAA-01,3,UKDUM,W49,OSUBA,CN,2605
CN-2605-GOLOT-ZYCC-01,1,GOLOT,A345,BIDIB,CN,2605
CN-2605-GOLOT-ZYCC-01,2,BIDIB,A588,LEMOT,CN,2605
CN-2605-GOLOT-ZYTX-01,1,GOLOT,A345,ANSUK,CN,2605
CN-2605-GOPTO-PURPA,1,GOPTO,B206,NIRAV,CN,2605
CN-2605-GOPTO-PURPA,2,NIRAV,G588,FKG,CN,2605
CN-2605-GOPTO-PURPA,3,FKG,B215,KABDO,CN,2605
CN-2605-GOPTO-PURPA,4,KABDO,W119,LESVI,CN,2605
CN-2605-GOPTO-PURPA,5,LESVI,B215,PURPA,CN,2605
CN-2605-GOPTO-TAMOT,1,GOPTO,B206,ADPET,CN,2605
CN-2605-GOPTO-TAMOT,2,ADPET,W188,LIKMI,CN,2605
CN-2605-GOPTO-TAMOT,3,LIKMI,W270,NOLOM,CN,2605
CN-2605-GOPTO-TAMOT,4,NOLOM,B330,KWE,CN,2605
CN-2605-GOPTO-TAMOT,5,KWE,W181,DUDIT,CN,2605
CN-2605-GOPTO-TAMOT,6,DUDIT,A599,POU,CN,2605
CN-2605-GOPTO-TAMOT,7,POU,B330,TAMOT,CN,2605
CN-2605-GOPTO-TEBAK,1,GOPTO,B206,ADPET,CN,2605
CN-2605-GOPTO-TEBAK,2,ADPET,W188,LIKMI,CN,2605
CN-2605-GOPTO-TEBAK,3,LIKMI,W270,NOLOM,CN,2605
CN-2605-GOPTO-TEBAK,4,NOLOM,B330,SJG,CN,2605
CN-2605-GOPTO-TEBAK,5,SJG,W2,LBN,CN,2605
CN-2605-GOPTO-TEBAK,6,LBN,R343,WUY,CN,2605
CN-2605-GOPTO-TEBAK,7,WUY,R474,TEBAK,CN,2605
CN-2605-GOPTO-VHHH,1,GOPTO,B206,ADPET,CN,2605
CN-2605-GOPTO-VHHH,2,ADPET,W188,LIKMI,CN,2605
CN-2605-GOPTO-VHHH,3,LIKMI,W270,NOLOM,CN,2605
CN-2605-GOPTO-VHHH,4,NOLOM,B330,KWE,CN,2605
CN-2605-GOPTO-VHHH,5,KWE,W181,DUDIT,CN,2605
CN-2605-GOPTO-VHHH,6,DUDIT,A599,POU,CN,2605
CN-2605-GOPTO-VHHH,7,POU,R473,SIERA,CN,2605
CN-2605-GOPTO-ZGSZ-01,1,GOPTO,B206,NIRAV,CN,2605
CN-2605-GOPTO-ZGSZ-01,2,NIRAV,G588,FKG,CN,2605
CN-2605-GOPTO-ZGSZ-01,3,FKG,W192,ESDEX,CN,2605
CN-2605-GOPTO-ZGSZ-01,4,ESDEX,W191,DNC,CN,2605
CN-2605-GOPTO-ZGSZ-01,5,DNC,W565,BIGUX,CN,2605
CN-2605-GOPTO-ZGSZ-01,6,BIGUX,B330,KWE,CN,2605
CN-2605-GOPTO-ZGSZ-01,7,KWE,W181,DUDIT,CN,2605
CN-2605-GOPTO-ZGSZ-01,8,DUDIT,A599,POU,CN,2605
CN-2605-GOPTO-ZGSZ-01,9,POU,W7,SAREX,CN,2605
CN-2605-GOPTO-ZGSZ-02,1,GOPTO,B206,ADPET,CN,2605
CN-2605-GOPTO-ZGSZ-02,2,ADPET,W188,DAKPA,CN,2605
CN-2605-GOPTO-ZGSZ-02,3,DAKPA,W189,AKLAS,CN,2605
CN-2605-GOPTO-ZGSZ-02,4,AKLAS,W192,ESDEX,CN,2605
CN-2605-GOPTO-ZGSZ-02,5,ESDEX,W191,DNC,CN,2605
CN-2605-GOPTO-ZGSZ-02,6,DNC,W565,BIGUX,CN,2605
CN-2605-GOPTO-ZGSZ-02,7,BIGUX,B330,KWE,CN,2605
CN-2605-GOPTO-ZGSZ-02,8,KWE,W181,DUDIT,CN,2605
CN-2605-GOPTO-ZGSZ-02,9,DUDIT,A599,POU,CN,2605
CN-2605-GOPTO-ZGSZ-02,10,POU,W7,SAREX,CN,2605
CN-2605-GOPTO-ZPPP-01,1,GOPTO,B206,ADPET,CN,2605
CN-2605-GOPTO-ZPPP-01,2,ADPET,W188,DAKPA,CN,2605
CN-2605-GOPTO-ZPPP-01,3,DAKPA,W189,AKLAS,CN,2605
CN-2605-GOPTO-ZPPP-01,4,AKLAS,W192,ESDEX,CN,2605
CN-2605-GOPTO-ZPPP-01,5,ESDEX,W191,DNC,CN,2605
CN-2605-GOPTO-ZPPP-01,6,DNC,W565,BIGUX,CN,2605
CN-2605-GOPTO-ZPPP-01,7,BIGUX,B330,UBKER,CN,2605
CN-2605-GOPTO-ZPPP-01,8,UBKER,G212,SGM,CN,2605
CN-2605-GOPTO-ZUUU-01,1,GOPTO,B206,NIRAV,CN,2605
CN-2605-GOPTO-ZUUU-01,2,NIRAV,G588,FKG,CN,2605
CN-2605-GOPTO-ZUUU-01,3,FKG,W192,ESDEX,CN,2605
CN-2605-GOPTO-ZUUU-01,4,ESDEX,W191,DNC,CN,2605
CN-2605-GOPTO-ZUUU-01,5,DNC,W565,BIGUX,CN,2605
CN-2605-GOPTO-ZUUU-01,6,BIGUX,B330,MEXAD,CN,2605
CN-2605-GOPTO-ZUUU-02,1,GOPTO,B206,ADPET,CN,2605
CN-2605-GOPTO-ZUUU-02,2,ADPET,W188,DAKPA,CN,2605
CN-2605-GOPTO-ZUUU-02,3,DAKPA,W189,AKLAS,CN,2605
CN-2605-GOPTO-ZUUU-02,4,AKLAS,W192,ESDEX,CN,2605
CN-2605-GOPTO-ZUUU-02,5,ESDEX,W191,DNC,CN,2605
CN-2605-GOPTO-ZUUU-02,6,DNC,W565,BIGUX,CN,2605
CN-2605-GOPTO-ZUUU-02,7,BIGUX,B330,MEXAD,CN,2605
CN-2605-GOPTO-ZWWW-01,1,GOPTO,B206,ADPET,CN,2605
CN-2605-GOPTO-ZWWW-01,2,ADPET,W190,QTV,CN,2605
CN-2605-GOPTO-ZWWW-01,3,QTV,W99,FKG,CN,2605
CN-2605-GOPTO-ZWWW-01,4,FKG,B215,WUR,CN,2605
CN-2605-INTIK-SADLI,1,INTIK,W32,HET,CN,2605
CN-2605-INTIK-SADLI,2,HET,B208,CGO,CN,2605
CN-2605-INTIK-SADLI,3,CGO,W129,KAMDA,CN,2605
CN-2605-INTIK-SADLI,4,KAMDA,W128,FYG,CN,2605
CN-2605-INTIK-SADLI,5,FYG,B208,HFE,CN,2605
CN-2605-INTIK-SADLI,6,HFE,R343,PK,CN,2605
CN-2605-INTIK-SADLI,7,PK,W116,JTN,CN,2605
CN-2605-INTIK-SADLI,8,JTN,G327,LAMEN,CN,2605
CN-2605-INTIK-SADLI,9,LAMEN,A593,SADLI,CN,2605
CN-2605-INTIK-TAMOT,1,INTIK,A575,LHT,CN,2605
CN-2605-INTIK-TAMOT,2,LHT,B458,DADGA,CN,2605
CN-2605-INTIK-TAMOT,3,DADGA,W37,OMBEB,CN,2605
CN-2605-INTIK-TAMOT,4,OMBEB,R473,WYN,CN,2605
CN-2605-INTIK-TAMOT,5,WYN,W18,TAMOT,CN,2605
CN-2605-INTIK-TEBAK,1,INTIK,W32,HET,CN,2605
CN-2605-INTIK-TEBAK,2,HET,B208,SQ,CN,2605
CN-2605-INTIK-TEBAK,3,SQ,W45,NUPTI,CN,2605
CN-2605-INTIK-TEBAK,4,NUPTI,R343,WUY,CN,2605
CN-2605-INTIK-TEBAK,5,WUY,R474,TEBAK,CN,2605
CN-2605-INTIK-VHHH,1,INTIK,A575,LHT,CN,2605
CN-2605-INTIK-VHHH,2,LHT,B458,DADGA,CN,2605
CN-2605-INTIK-VHHH,3,DADGA,W37,OMBEB,CN,2605
CN-2605-INTIK-VHHH,4,OMBEB,R473,WYN,CN,2605
CN-2605-INTIK-VHHH,5,WYN,W18,NLG,CN,2605
CN-2605-INTIK-VHHH,6,NLG,W23,ZUH,CN,2605
CN-2605-INTIK-VHHH,7,ZUH,R473,SIERA,CN,2605
CN-2605-INTIK-ZBAA-01,1,INTIK,A575,LHT,CN,2605
CN-2605-INTIK-ZBAA-01,2,LHT,B458,BIKUT,CN,2605
CN-2605-INTIK-ZBAA-01,3,BIKUT,W69,GUVBA,CN,2605
CN-2605-INTIK-ZBAD-01,1,INTIK,A575,LHT,CN,2605
CN-2605-INTIK-ZBAD-01,2,LHT,B458,TMR,CN,2605
CN-2605-INTIK-ZBAD-01,3,TMR,W65,SELGO,CN,2605
CN-2605-INTIK-ZBAD-01,4,SELGO,W247,IVTIN,CN,2605
CN-2605-INTIK-ZBAD-01,5,IVTIN,W64,ELAPU,CN,2605
CN-2605-INTIK-ZBDS-01,1,INTIK,W32,HET,CN,2605
CN-2605-INTIK-ZBDS-01,2,HET,W84,TOREL,CN,2605
CN-2605-INTIK-ZBDS-01,3,TOREL,W69,DUDIL,CN,2605
CN-2605-INTIK-ZBDS-01,4,DUDIL,W101,ALGOV,CN,2605
CN-2605-INTIK-ZBER-01,1,INTIK,A575,LHT,CN,2605
CN-2605-INTIK-ZBHH-01,1,INTIK,A575,LHT,CN,2605
CN-2605-INTIK-ZBHH-01,2,LHT,B458,TMR,CN,2605
CN-2605-INTIK-ZBSJ-01,1,INTIK,W32,HET,CN,2605
CN-2605-INTIK-ZBSJ-01,2,HET,B208,AGVUR,CN,2605
CN-2605-INTIK-ZBSJ-01,3,AGVUR,W87,BESGI,CN,2605
CN-2605-INTIK-ZBSJ-01,4,BESGI,G212,TONOV,CN,2605
CN-2605-INTIK-ZBTJ-01,1,INTIK,A575,LHT,CN,2605
CN-2605-INTIK-ZBTJ-01,2,LHT,B458,BIKUT,CN,2605
CN-2605-INTIK-ZBTJ-01,3,BIKUT,W69,GUVBA,CN,2605
CN-2605-INTIK-ZGSZ-01,1,INTIK,A575,LHT,CN,2605
CN-2605-INTIK-ZGSZ-01,2,LHT,B458,DADGA,CN,2605
CN-2605-INTIK-ZGSZ-01,3,DADGA,W37,OMBEB,CN,2605
CN-2605-INTIK-ZGSZ-01,4,OMBEB,R473,NOLON,CN,2605
CN-2605-INTIK-ZGSZ-01,5,NOLON,W90,POU,CN,2605
CN-2605-INTIK-ZGSZ-01,6,POU,W7,SAREX,CN,2605
CN-2605-INTIK-ZLXY-01,1,INTIK,W32,HET,CN,2605
CN-2605-INTIK-ZLXY-01,2,HET,W84,IBARO,CN,2605
CN-2605-INTIK-ZLXY-01,3,IBARO,W47,LOVRA,CN,2605
CN-2605-INTIK-ZSNJ-01,1,INTIK,W32,HET,CN,2605
CN-2605-INTIK-ZSNJ-01,2,HET,B208,CGO,CN,2605
CN-2605-INTIK-ZSNJ-01,3,CGO,W129,KAMDA,CN,2605
CN-2605-INTIK-ZSNJ-01,4,KAMDA,W128,FYG,CN,2605
CN-2605-INTIK-ZSNJ-01,5,FYG,B208,HFE,CN,2605
CN-2605-INTIK-ZSNJ-01,6,HFE,W51,LEGIV,CN,2605
CN-2605-INTIK-ZSNJ-01,7,LEGIV,W164,OREVO,CN,2605
CN-2605-INTIK-ZYCC-01,1,INTIK,A575,LHT,CN,2605
CN-2605-INTIK-ZYCC-01,2,LHT,B458,TMR,CN,2605
CN-2605-INTIK-ZYCC-01,3,TMR,W86,KAKAT,CN,2605
CN-2605-INTIK-ZYCC-01,4,KAKAT,B334,TGO,CN,2605
CN-2605-INTIK-ZYCC-01,5,TGO,G341,BUTET,CN,2605
CN-2605-INTIK-ZYTX-01,1,INTIK,A575,OMDUS,CN,2605
CN-2605-KAMUD-AGAVO,1,KAMUD,A468,XKC,CN,2605
CN-2605-KAMUD-AGAVO,2,XKC,B215,FKG,CN,2605
CN-2605-KAMUD-AGAVO,3,FKG,W188,LIKMI,CN,2605
CN-2605-KAMUD-AGAVO,4,LIKMI,W270,DKO,CN,2605
CN-2605-KAMUD-AGAVO,5,DKO,W69,HUR,CN,2605
CN-2605-KAMUD-AGAVO,6,HUR,B339,LADIX,CN,2605
CN-2605-KAMUD-AGAVO,7,LADIX,W34,VAPGU,CN,2605
CN-2605-KAMUD-AGAVO,8,VAPGU,W100,ORAVA,CN,2605
CN-2605-KAMUD-AGAVO,9,ORAVA,W201,UNSEK,CN,2605
CN-2605-KAMUD-AGAVO,10,UNSEK,A326,DONVO,CN,2605
CN-2605-KAMUD-AGAVO,11,DONVO,G597,AGAVO,CN,2605
CN-2605-KAMUD-G470-TAMOT,1,KAMUD,A468,XKC,CN,2605
CN-2605-KAMUD-G470-TAMOT,2,XKC,B215,FKG,CN,2605
CN-2605-KAMUD-G470-TAMOT,3,FKG,W192,ESDEX,CN,2605
CN-2605-KAMUD-G470-TAMOT,4,ESDEX,W191,DNC,CN,2605
CN-2605-KAMUD-G470-TAMOT,5,DNC,W565,BIGUX,CN,2605
CN-2605-KAMUD-G470-TAMOT,6,BIGUX,B330,KWE,CN,2605
CN-2605-KAMUD-G470-TAMOT,7,KWE,W181,DUDIT,CN,2605
CN-2605-KAMUD-G470-TAMOT,8,DUDIT,A599,POU,CN,2605
CN-2605-KAMUD-G470-TAMOT,9,POU,B330,TAMOT,CN,2605
CN-2605-KAMUD-G470-VHHH,1,KAMUD,A468,XKC,CN,2605
CN-2605-KAMUD-G470-VHHH,2,XKC,B215,FKG,CN,2605
CN-2605-KAMUD-G470-VHHH,3,FKG,W192,ESDEX,CN,2605
CN-2605-KAMUD-G470-VHHH,4,ESDEX,W191,DNC,CN,2605
CN-2605-KAMUD-G470-VHHH,5,DNC,W565,BIGUX,CN,2605
CN-2605-KAMUD-G470-VHHH,6,BIGUX,B330,KWE,CN,2605
CN-2605-KAMUD-G470-VHHH,7,KWE,W181,DUDIT,CN,2605
CN-2605-KAMUD-G470-VHHH,8,DUDIT,A599,POU,CN,2605
CN-2605-KAMUD-G470-VHHH,9,POU,R473,SIERA,CN,2605
CN-2605-KAMUD-SAGAG,1,KAMUD,W186,SADAN,CN,2605
CN-2605-KAMUD-SAGAG,2,SADAN,W187,TUSLI,CN,2605
CN-2605-KAMUD-SAGAG,3,TUSLI,W112,VIKUP,CN,2605
CN-2605-KAMUD-SAGAG,4,VIKUP,W191,DNC,CN,2605
CN-2605-KAMUD-SAGAG,5,DNC,W565,BIGUX,CN,2605
CN-2605-KAMUD-SAGAG,6,BIGUX,B330,UBKER,CN,2605
CN-2605-KAMUD-SAGAG,7,UBKER,G212,SGM,CN,2605
CN-2605-KAMUD-SAGAG,8,SGM,A581,SAGAG,CN,2605
CN-2605-KAMUD-TAMOT,1,KAMUD,A468,XKC,CN,2605
CN-2605-KAMUD-TAMOT,2,XKC,B215,FKG,CN,2605
CN-2605-KAMUD-TAMOT,3,FKG,W188,LIKMI,CN,2605
CN-2605-KAMUD-TAMOT,4,LIKMI,W270,NOLOM,CN,2605
CN-2605-KAMUD-TAMOT,5,NOLOM,B330,KWE,CN,2605
CN-2605-KAMUD-TAMOT,6,KWE,W181,DUDIT,CN,2605
CN-2605-KAMUD-TAMOT,7,DUDIT,A599,POU,CN,2605
CN-2605-KAMUD-TAMOT,8,POU,B330,TAMOT,CN,2605
CN-2605-KAMUD-VHHH,1,KAMUD,A468,XKC,CN,2605
CN-2605-KAMUD-VHHH,2,XKC,B215,FKG,CN,2605
CN-2605-KAMUD-VHHH,3,FKG,W188,LIKMI,CN,2605
CN-2605-KAMUD-VHHH,4,LIKMI,W270,NOLOM,CN,2605
CN-2605-KAMUD-VHHH,5,NOLOM,B330,KWE,CN,2605
CN-2605-KAMUD-VHHH,6,KWE,W181,DUDIT,CN,2605
CN-2605-KAMUD-VHHH,7,DUDIT,A599,POU,CN,2605
CN-2605-KAMUD-VHHH,8,POU,R473,SIERA,CN,2605
CN-2605-KAMUD-W186-VHHH,1,KAMUD,W186,SADAN,CN,2605
CN-2605-KAMUD-W186-VHHH,2,SADAN,W187,TUSLI,CN,2605
CN-2605-KAMUD-W186-VHHH,3,TUSLI,W112,VIKUP,CN,2605
CN-2605-KAMUD-W186-VHHH,4,VIKUP,W191,DNC,CN,2605
CN-2605-KAMUD-W186-VHHH,5,DNC,W565,BIGUX,CN,2605
CN-2605-KAMUD-W186-VHHH,6,BIGUX,B330,KWE,CN,2605
CN-2605-KAMUD-W186-VHHH,7,KWE,W181,DUDIT,CN,2605
CN-2605-KAMUD-W186-VHHH,8,DUDIT,A599,POU,CN,2605
CN-2605-KAMUD-W186-VHHH,9,POU,R473,SIERA,CN,2605
CN-2605-KAMUD-Y1-TAMOT,1,KAMUD,W186,SADAN,CN,2605
CN-2605-KAMUD-Y1-TAMOT,2,SADAN,Y1,OMBON,CN,2605
CN-2605-KAMUD-Y1-TAMOT,3,OMBON,W245,OVRAL,CN,2605
CN-2605-KAMUD-Y1-TAMOT,4,OVRAL,B330,KWE,CN,2605
CN-2605-KAMUD-Y1-TAMOT,5,KWE,W181,DUDIT,CN,2605
CN-2605-KAMUD-Y1-TAMOT,6,DUDIT,A599,POU,CN,2605
CN-2605-KAMUD-Y1-TAMOT,7,POU,B330,TAMOT,CN,2605
CN-2605-KAMUD-Y1-VHHH,1,KAMUD,W186,SADAN,CN,2605
CN-2605-KAMUD-Y1-VHHH,2,SADAN,Y1,OMBON,CN,2605
CN-2605-KAMUD-Y1-VHHH,3,OMBON,W245,OVRAL,CN,2605
CN-2605-KAMUD-Y1-VHHH,4,OVRAL,B330,KWE,CN,2605
CN-2605-KAMUD-Y1-VHHH,5,KWE,W181,DUDIT,CN,2605
CN-2605-KAMUD-Y1-VHHH,6,DUDIT,A599,POU,CN,2605
CN-2605-KAMUD-Y1-VHHH,7,POU,R473,SIERA,CN,2605
CN-2605-KAMUD-ZBAA-01,1,KAMUD,A468,XKC,CN,2605
CN-2605-KAMUD-ZBAA-01,2,XKC,B215,FKG,CN,2605
CN-2605-KAMUD-ZBAA-01,3,FKG,W188,LIKMI,CN,2605
CN-2605-KAMUD-ZBAA-01,4,LIKMI,W270,DKO,CN,2605
CN-2605-KAMUD-ZBAA-01,5,DKO,W69,GUVBA,CN,2605
CN-2605-KAMUD-ZBAD-01,1,KAMUD,A468,XKC,CN,2605
CN-2605-KAMUD-ZBAD-01,2,XKC,B215,FKG,CN,2605
CN-2605-KAMUD-ZBAD-01,3,FKG,W188,LIKMI,CN,2605
CN-2605-KAMUD-ZBAD-01,4,LIKMI,W270,DKO,CN,2605
CN-2605-KAMUD-ZBAD-01,5,DKO,W64,ELAPU,CN,2605
CN-2605-KAMUD-ZBAD-02,1,KAMUD,W186,SADAN,CN,2605
CN-2605-KAMUD-ZBAD-02,2,SADAN,W187,TUSLI,CN,2605
CN-2605-KAMUD-ZBAD-02,3,TUSLI,W112,VIKUP,CN,2605
CN-2605-KAMUD-ZBAD-02,4,VIKUP,W191,PANRA,CN,2605
CN-2605-KAMUD-ZBAD-02,5,PANRA,W212,ATERO,CN,2605
CN-2605-KAMUD-ZBAD-02,6,ATERO,W211,ZWX,CN,2605
CN-2605-KAMUD-ZBAD-02,7,ZWX,W219,YHD,CN,2605
CN-2605-KAMUD-ZBAD-02,8,YHD,W217,VIKON,CN,2605
CN-2605-KAMUD-ZBAD-02,9,VIKON,W72,OMGEL,CN,2605
CN-2605-KAMUD-ZBAD-02,10,OMGEL,W64,ELAPU,CN,2605
CN-2605-KAMUD-ZBTJ-01,1,KAMUD,A468,XKC,CN,2605
CN-2605-KAMUD-ZBTJ-01,2,XKC,B215,FKG,CN,2605
CN-2605-KAMUD-ZBTJ-01,3,FKG,W188,LIKMI,CN,2605
CN-2605-KAMUD-ZBTJ-01,4,LIKMI,W270,DKO,CN,2605
CN-2605-KAMUD-ZBTJ-01,5,DKO,W69,GUVBA,CN,2605
CN-2605-KAMUD-ZGGG-01,1,KAMUD,A468,XKC,CN,2605
CN-2605-KAMUD-ZGGG-01,2,XKC,B215,FKG,CN,2605
CN-2605-KAMUD-ZGGG-01,3,FKG,W192,ESDEX,CN,2605
CN-2605-KAMUD-ZGGG-01,4,ESDEX,W191,DNC,CN,2605
CN-2605-KAMUD-ZGGG-01,5,DNC,W565,BIGUX,CN,2605
CN-2605-KAMUD-ZGGG-01,6,BIGUX,B330,KWE,CN,2605
CN-2605-KAMUD-ZGGG-01,7,KWE,W181,DUDIT,CN,2605
CN-2605-KAMUD-ZGGG-01,8,DUDIT,A599,GYA,CN,2605
CN-2605-KAMUD-ZGGG-02,1,KAMUD,W186,SADAN,CN,2605
CN-2605-KAMUD-ZGGG-02,2,SADAN,W187,TUSLI,CN,2605
CN-2605-KAMUD-ZGGG-02,3,TUSLI,W112,VIKUP,CN,2605
CN-2605-KAMUD-ZGGG-02,4,VIKUP,W191,DNC,CN,2605
CN-2605-KAMUD-ZGGG-02,5,DNC,W565,BIGUX,CN,2605
CN-2605-KAMUD-ZGGG-02,6,BIGUX,B330,KWE,CN,2605
CN-2605-KAMUD-ZGGG-02,7,KWE,W181,DUDIT,CN,2605
CN-2605-KAMUD-ZGGG-02,8,DUDIT,A599,GYA,CN,2605
CN-2605-KAMUD-ZLIC-01,1,KAMUD,A468,XKC,CN,2605
CN-2605-KAMUD-ZLIC-01,2,XKC,B215,FKG,CN,2605
CN-2605-KAMUD-ZLIC-01,3,FKG,W188,LIKMI,CN,2605
CN-2605-KAMUD-ZLIC-01,4,LIKMI,W270,NOLOM,CN,2605
CN-2605-KAMUD-ZLIC-01,5,NOLOM,B330,ELRUB,CN,2605
CN-2605-KAMUD-ZLIC-01,6,ELRUB,W199,YHD,CN,2605
CN-2605-KAMUD-ZLXY-01,1,KAMUD,W186,SADAN,CN,2605
CN-2605-KAMUD-ZLXY-01,2,SADAN,W187,TUSLI,CN,2605
CN-2605-KAMUD-ZLXY-01,3,TUSLI,W112,VIKUP,CN,2605
CN-2605-KAMUD-ZLXY-01,4,VIKUP,W191,DNC,CN,2605
CN-2605-KAMUD-ZLXY-01,5,DNC,W565,BIGUX,CN,2605
CN-2605-KAMUD-ZLXY-01,6,BIGUX,W214,HO,CN,2605
CN-2605-KAMUD-ZLXY-02,1,KAMUD,A468,XKC,CN,2605
CN-2605-KAMUD-ZLXY-02,2,XKC,B215,FKG,CN,2605
CN-2605-KAMUD-ZLXY-02,3,FKG,W192,ESDEX,CN,2605
CN-2605-KAMUD-ZLXY-02,4,ESDEX,W191,DNC,CN,2605
CN-2605-KAMUD-ZLXY-02,5,DNC,W565,BIGUX,CN,2605
CN-2605-KAMUD-ZLXY-02,6,BIGUX,W214,HO,CN,2605
CN-2605-KAMUD-ZLXY-03,1,KAMUD,A468,XKC,CN,2605
CN-2605-KAMUD-ZLXY-03,2,XKC,B215,FKG,CN,2605
CN-2605-KAMUD-ZLXY-03,3,FKG,W188,LIKMI,CN,2605
CN-2605-KAMUD-ZLXY-03,4,LIKMI,W270,NOLOM,CN,2605
CN-2605-KAMUD-ZLXY-03,5,NOLOM,B330,BIGUX,CN,2605
CN-2605-KAMUD-ZLXY-03,6,BIGUX,W214,HO,CN,2605
CN-2605-KAMUD-ZSAM-01,1,KAMUD,A468,XKC,CN,2605
CN-2605-KAMUD-ZSAM-01,2,XKC,B215,FKG,CN,2605
CN-2605-KAMUD-ZSAM-01,3,FKG,W188,LIKMI,CN,2605
CN-2605-KAMUD-ZSAM-01,4,LIKMI,W270,DKO,CN,2605
CN-2605-KAMUD-ZSAM-01,5,DKO,W69,HUR,CN,2605
CN-2605-KAMUD-ZSAM-01,6,HUR,B339,SOTMU,CN,2605
CN-2605-KAMUD-ZSAM-01,7,SOTMU,W98,ELKUR,CN,2605
CN-2605-KAMUD-ZSAM-01,8,ELKUR,W40,YQG,CN,2605
CN-2605-KAMUD-ZSAM-01,9,YQG,W142,DALIM,CN,2605
CN-2605-KAMUD-ZSAM-01,10,DALIM,A593,DPX,CN,2605
CN-2605-KAMUD-ZSAM-01,11,DPX,A470,ENVEN,CN,2605
CN-2605-KAMUD-ZSHC-01,1,KAMUD,A468,XKC,CN,2605
CN-2605-KAMUD-ZSHC-01,2,XKC,B215,FKG,CN,2605
CN-2605-KAMUD-ZSHC-01,3,FKG,W188,LIKMI,CN,2605
CN-2605-KAMUD-ZSHC-01,4,LIKMI,W270,DKO,CN,2605
CN-2605-KAMUD-ZSHC-01,5,DKO,W64,NUTLO,CN,2605
CN-2605-KAMUD-ZSHC-01,6,NUTLO,B208,CGO,CN,2605
CN-2605-KAMUD-ZSHC-01,7,CGO,W129,KAMDA,CN,2605
CN-2605-KAMUD-ZSHC-01,8,KAMDA,W128,FYG,CN,2605
CN-2605-KAMUD-ZSHC-01,9,FYG,B208,HFE,CN,2605
CN-2605-KAMUD-ZSHC-01,10,HFE,R343,UPLEL,CN,2605
CN-2605-KAMUD-ZSHC-01,11,UPLEL,W95,SAPIN,CN,2605
CN-2605-KAMUD-ZSHC-01,12,SAPIN,A470,IGRAT,CN,2605
CN-2605-KAMUD-ZSNJ-01,1,KAMUD,A468,XKC,CN,2605
CN-2605-KAMUD-ZSNJ-01,2,XKC,B215,FKG,CN,2605
CN-2605-KAMUD-ZSNJ-01,3,FKG,W192,ESDEX,CN,2605
CN-2605-KAMUD-ZSNJ-01,4,ESDEX,W191,DNC,CN,2605
CN-2605-KAMUD-ZSNJ-01,5,DNC,W565,BIGUX,CN,2605
CN-2605-KAMUD-ZSNJ-01,6,BIGUX,B330,VIMAM,CN,2605
CN-2605-KAMUD-ZSNJ-01,7,VIMAM,W235,UBRAB,CN,2605
CN-2605-KAMUD-ZSNJ-01,8,UBRAB,B213,WHA,CN,2605
CN-2605-KAMUD-ZSNJ-01,9,WHA,R343,HFE,CN,2605
CN-2605-KAMUD-ZSNJ-01,10,HFE,W51,LEGIV,CN,2605
CN-2605-KAMUD-ZSNJ-01,11,LEGIV,W164,OREVO,CN,2605
CN-2605-KAMUD-ZSPD-01,1,KAMUD,A468,XKC,CN,2605
CN-2605-KAMUD-ZSPD-01,2,XKC,B215,FKG,CN,2605
CN-2605-KAMUD-ZSPD-01,3,FKG,W188,LIKMI,CN,2605
CN-2605-KAMUD-ZSPD-01,4,LIKMI,W270,DKO,CN,2605
CN-2605-KAMUD-ZSPD-01,5,DKO,W69,HUR,CN,2605
CN-2605-KAMUD-ZSPD-01,6,HUR,B339,SOTMU,CN,2605
CN-2605-KAMUD-ZSPD-01,7,SOTMU,W98,ELKUR,CN,2605
CN-2605-KAMUD-ZSPD-01,8,ELKUR,W40,YQG,CN,2605
CN-2605-KAMUD-ZSPD-01,9,YQG,W142,DALIM,CN,2605
CN-2605-KAMUD-ZSPD-01,10,DALIM,A593,DPX,CN,2605
CN-2605-KAMUD-ZSPD-01,11,DPX,A470,DALNU,CN,2605
CN-2605-KAMUD-ZSPD-01,12,DALNU,W166,ZJ,CN,2605
CN-2605-KAMUD-ZSPD-01,13,ZJ,W167,SASAN,CN,2605
CN-2605-KAMUD-ZSPD-01,14,SASAN,R343,EKIMU,CN,2605
CN-2605-KAMUD-ZUCK-01,1,KAMUD,W186,SADAN,CN,2605
CN-2605-KAMUD-ZUCK-01,2,SADAN,W187,TUSLI,CN,2605
CN-2605-KAMUD-ZUCK-01,3,TUSLI,W112,VIKUP,CN,2605
CN-2605-KAMUD-ZUCK-01,4,VIKUP,W191,DNC,CN,2605
CN-2605-KAMUD-ZUCK-01,5,DNC,W565,BIGUX,CN,2605
CN-2605-KAMUD-ZUCK-01,6,BIGUX,B330,OVRAL,CN,2605
CN-2605-KAMUD-ZUCK-01,7,OVRAL,W242,VIPAG,CN,2605
CN-2605-KAMUD-ZUCK-01,8,VIPAG,W666,VINEX,CN,2605
CN-2605-KAMUD-ZUTF-01,1,KAMUD,W186,SADAN,CN,2605
CN-2605-KAMUD-ZUTF-01,2,SADAN,W187,TUSLI,CN,2605
CN-2605-KAMUD-ZUTF-01,3,TUSLI,W112,VIKUP,CN,2605
CN-2605-KAMUD-ZUTF-01,4,VIKUP,W191,DNC,CN,2605
CN-2605-KAMUD-ZUTF-01,5,DNC,W565,BIGUX,CN,2605
CN-2605-KAMUD-ZUTF-01,6,BIGUX,B330,MEXAD,CN,2605
CN-2605-KAMUD-ZUTF-02,1,KAMUD,A468,XKC,CN,2605
CN-2605-KAMUD-ZUTF-02,2,XKC,B215,FKG,CN,2605
CN-2605-KAMUD-ZUTF-02,3,FKG,W188,LIKMI,CN,2605
CN-2605-KAMUD-ZUTF-02,4,LIKMI,W270,NOLOM,CN,2605
CN-2605-KAMUD-ZUTF-02,5,NOLOM,B330,MEXAD,CN,2605
CN-2605-KAMUD-ZUTF-03,1,KAMUD,A468,XKC,CN,2605
CN-2605-KAMUD-ZUTF-03,2,XKC,B215,FKG,CN,2605
CN-2605-KAMUD-ZUTF-03,3,FKG,W192,ESDEX,CN,2605
CN-2605-KAMUD-ZUTF-03,4,ESDEX,W191,DNC,CN,2605
CN-2605-KAMUD-ZUTF-03,5,DNC,W565,BIGUX,CN,2605
CN-2605-KAMUD-ZUTF-03,6,BIGUX,B330,MEXAD,CN,2605
CN-2605-KAMUD-ZUUU-01,1,KAMUD,W186,SADAN,CN,2605
CN-2605-KAMUD-ZUUU-01,2,SADAN,W187,TUSLI,CN,2605
CN-2605-KAMUD-ZUUU-01,3,TUSLI,W112,VIKUP,CN,2605
CN-2605-KAMUD-ZUUU-01,4,VIKUP,W191,DNC,CN,2605
CN-2605-KAMUD-ZUUU-01,5,DNC,W565,BIGUX,CN,2605
CN-2605-KAMUD-ZUUU-01,6,BIGUX,B330,MEXAD,CN,2605
CN-2605-KAMUD-ZWSH-01,1,KAMUD,W186,KQS,CN,2605
CN-2605-KAMUD-ZWSH-01,2,KQS,W176,KHG,CN,2605
CN-2605-KAMUD-ZWWW-01,1,KAMUD,A468,XKC,CN,2605
CN-2605-KAMUD-ZWWW-01,2,XKC,B215,EPDAG,CN,2605
CN-2605-KATBO-MORIT,1,KATBO,R471,ADBAG,CN,2605
CN-2605-KATBO-MORIT,2,ADBAG,A599,SGM,CN,2605
CN-2605-KATBO-MORIT,3,SGM,W144,IGNAK,CN,2605
CN-2605-KATBO-MORIT,4,IGNAK,W179,OMBON,CN,2605
CN-2605-KATBO-MORIT,5,OMBON,W195,MORIT,CN,2605
CN-2605-KATBO-ZBDS-01,1,KATBO,R471,ADBAG,CN,2605
CN-2605-KATBO-ZBDS-01,2,ADBAG,A599,SGM,CN,2605
CN-2605-KATBO-ZBDS-01,3,SGM,W144,IGNAK,CN,2605
CN-2605-KATBO-ZBDS-01,4,IGNAK,W179,JTG,CN,2605
CN-2605-KATBO-ZBDS-01,5,JTG,W277,MIGIR,CN,2605
CN-2605-KATBO-ZBDS-01,6,MIGIR,W193,YLX,CN,2605
CN-2605-KATBO-ZGDY-01,1,KATBO,R471,ADBAG,CN,2605
CN-2605-KATBO-ZGDY-01,2,ADBAG,A599,SGM,CN,2605
CN-2605-KATBO-ZGDY-01,3,SGM,A581,HUY,CN,2605
CN-2605-KATBO-ZGDY-01,4,HUY,W140,DYG,CN,2605
CN-2605-KATBO-ZLIC-01,1,KATBO,R471,ADBAG,CN,2605
CN-2605-KATBO-ZLIC-01,2,ADBAG,A599,SGM,CN,2605
CN-2605-KATBO-ZLIC-01,3,SGM,W144,IGNAK,CN,2605
CN-2605-KATBO-ZLIC-01,4,IGNAK,W179,OMBON,CN,2605
CN-2605-KATBO-ZLIC-01,5,OMBON,W195,ATERO,CN,2605
CN-2605-KATBO-ZLIC-01,6,ATERO,W211,ZWX,CN,2605
CN-2605-KATBO-ZLIC-01,7,ZWX,W219,YHD,CN,2605
CN-2605-KATBO-ZLLL-01,1,KATBO,R471,ADBAG,CN,2605
CN-2605-KATBO-ZLLL-01,2,ADBAG,A599,SGM,CN,2605
CN-2605-KATBO-ZLLL-01,3,SGM,W144,IGNAK,CN,2605
CN-2605-KATBO-ZLLL-01,4,IGNAK,W179,OMBON,CN,2605
CN-2605-KATBO-ZLLL-01,5,OMBON,W195,ORUNA,CN,2605
CN-2605-KATBO-ZLXY-01,1,KATBO,R471,ADBAG,CN,2605
CN-2605-KATBO-ZLXY-01,2,ADBAG,A599,SGM,CN,2605
CN-2605-KATBO-ZLXY-01,3,SGM,W144,IGNAK,CN,2605
CN-2605-KATBO-ZLXY-01,4,IGNAK,W179,WFX,CN,2605
CN-2605-KATBO-ZLXY-01,5,WFX,W81,APIMI,CN,2605
CN-2605-KATBO-ZLXY-01,6,APIMI,W275,NSH,CN,2605
CN-2605-KATBO-ZPLJ-01,1,KATBO,R471,ADBAG,CN,2605
CN-2605-KATBO-ZPLJ-01,2,ADBAG,A599,GULOT,CN,2605
CN-2605-KATBO-ZPLJ-01,3,GULOT,W146,BUBSU,CN,2605
CN-2605-KATBO-ZPLJ-01,4,BUBSU,W162,DAL,CN,2605
CN-2605-KATBO-ZPPP-01,1,KATBO,R471,ADBAG,CN,2605
CN-2605-KATBO-ZPPP-01,2,ADBAG,A599,LXI,CN,2605
CN-2605-KATBO-ZUCK-01,1,KATBO,R471,ADBAG,CN,2605
CN-2605-KATBO-ZUCK-01,2,ADBAG,A599,SGM,CN,2605
CN-2605-KATBO-ZUCK-01,3,SGM,W144,ZAT,CN,2605
CN-2605-KATBO-ZUCK-01,4,ZAT,W145,IDSID,CN,2605
CN-2605-KATBO-ZUCK-01,5,IDSID,W30,URGUS,CN,2605
CN-2605-KATBO-ZUCK-01,6,URGUS,W91,EGARA,CN,2605
CN-2605-KATBO-ZUCK-01,7,EGARA,W3,ASIPO,CN,2605
CN-2605-KATBO-ZUCK-01,8,ASIPO,W678,SEGDA,CN,2605
CN-2605-KATBO-ZUGY-01,1,KATBO,R471,ADBAG,CN,2605
CN-2605-KATBO-ZUGY-01,2,ADBAG,A599,SGM,CN,2605
CN-2605-KATBO-ZUGY-01,3,SGM,A581,QNX,CN,2605
CN-2605-KATBO-ZUTF-01,1,KATBO,R471,ADBAG,CN,2605
CN-2605-KATBO-ZUTF-01,2,ADBAG,A599,SGM,CN,2605
CN-2605-KATBO-ZUTF-01,3,SGM,W144,IGNAK,CN,2605
CN-2605-KATBO-ZUUU-01,1,KATBO,R471,ADBAG,CN,2605
CN-2605-KATBO-ZUUU-01,2,ADBAG,A599,SGM,CN,2605
CN-2605-KATBO-ZUUU-01,3,SGM,W144,IGNAK,CN,2605
CN-2605-LAMEN-ZBAA-01,1,LAMEN,A593,DALIM,CN,2605
CN-2605-LAMEN-ZBAA-01,2,DALIM,W157,AVBOX,CN,2605
CN-2605-LAMEN-ZGDY-01,1,LAMEN,A593,PK,CN,2605
CN-2605-LAMEN-ZGDY-01,2,PK,R343,MADUK,CN,2605
CN-2605-LAMEN-ZGDY-01,3,MADUK,W51,LEGIV,CN,2605
CN-2605-LAMEN-ZGDY-01,4,LEGIV,W164,ADGOL,CN,2605
CN-2605-LAMEN-ZGDY-01,5,ADGOL,W50,XSH,CN,2605
CN-2605-LAMEN-ZGDY-01,6,XSH,W80,IDGAG,CN,2605
CN-2605-LAMEN-ZGDY-01,7,IDGAG,A581,LIN,CN,2605
CN-2605-LAMEN-ZGDY-01,8,LIN,W141,DYG,CN,2605
CN-2605-LAMEN-ZGGG-01,1,LAMEN,A593,PUD,CN,2605
CN-2605-LAMEN-ZGGG-01,2,PUD,A599,NXD,CN,2605
CN-2605-LAMEN-ZGGG-01,3,NXD,W131,AKDIM,CN,2605
CN-2605-LAMEN-ZGGG-01,4,AKDIM,A470,DUBGO,CN,2605
CN-2605-LAMEN-ZGGG-01,5,DUBGO,W134,ELNEX,CN,2605
CN-2605-LAMEN-ZGGG-01,6,ELNEX,A599,PLT,CN,2605
CN-2605-LAMEN-ZGGG-01,7,PLT,W19,OLPAB,CN,2605
CN-2605-LAMEN-ZGHA-01,1,LAMEN,A593,PK,CN,2605
CN-2605-LAMEN-ZGHA-01,2,PK,R343,MADUK,CN,2605
CN-2605-LAMEN-ZGHA-01,3,MADUK,W51,LEGIV,CN,2605
CN-2605-LAMEN-ZGHA-01,4,LEGIV,W164,ADGOL,CN,2605
CN-2605-LAMEN-ZGHA-01,5,ADGOL,W50,XSH,CN,2605
CN-2605-LAMEN-ZGHA-01,6,XSH,W80,UDUMI,CN,2605
CN-2605-LAMEN-ZGHA-01,7,UDUMI,W37,GUSIV,CN,2605
CN-2605-LAMEN-ZGKL-01,1,LAMEN,A593,PK,CN,2605
CN-2605-LAMEN-ZGKL-01,2,PK,R343,MADUK,CN,2605
CN-2605-LAMEN-ZGKL-01,3,MADUK,W51,LEGIV,CN,2605
CN-2605-LAMEN-ZGKL-01,4,LEGIV,W164,ADGOL,CN,2605
CN-2605-LAMEN-ZGKL-01,5,ADGOL,W50,XSH,CN,2605
CN-2605-LAMEN-ZGKL-01,6,XSH,W80,UDUMI,CN,2605
CN-2605-LAMEN-ZGKL-01,7,UDUMI,W37,OLMIB,CN,2605
CN-2605-LAMEN-ZGKL-01,8,OLMIB,W83,GOSMA,CN,2605
CN-2605-LAMEN-ZGKL-01,9,GOSMA,R343,ONEMI,CN,2605
CN-2605-LAMEN-ZGNN-01,1,LAMEN,A593,PK,CN,2605
CN-2605-LAMEN-ZGNN-01,2,PK,R343,MADUK,CN,2605
CN-2605-LAMEN-ZGNN-01,3,MADUK,W51,LEGIV,CN,2605
CN-2605-LAMEN-ZGNN-01,4,LEGIV,W164,ADGOL,CN,2605
CN-2605-LAMEN-ZGNN-01,5,ADGOL,W50,XSH,CN,2605
CN-2605-LAMEN-ZGNN-01,6,XSH,W80,UDUMI,CN,2605
CN-2605-LAMEN-ZGNN-01,7,UDUMI,W37,OLMIB,CN,2605
CN-2605-LAMEN-ZGNN-01,8,OLMIB,W83,GOSMA,CN,2605
CN-2605-LAMEN-ZGNN-01,9,GOSMA,R343,LBN,CN,2605
CN-2605-LAMEN-ZGOW-01,1,LAMEN,A593,PUD,CN,2605
CN-2605-LAMEN-ZGOW-01,2,PUD,A599,NXD,CN,2605
CN-2605-LAMEN-ZGOW-01,3,NXD,W131,AKDIM,CN,2605
CN-2605-LAMEN-ZGOW-01,4,AKDIM,A470,TEBON,CN,2605
CN-2605-LAMEN-ZGOW-01,5,TEBON,W155,VETIB,CN,2605
CN-2605-LAMEN-ZGSZ-01,1,LAMEN,A593,PUD,CN,2605
CN-2605-LAMEN-ZGSZ-01,2,PUD,A599,NXD,CN,2605
CN-2605-LAMEN-ZGSZ-01,3,NXD,W131,AKDIM,CN,2605
CN-2605-LAMEN-ZGSZ-01,4,AKDIM,A470,DUBGO,CN,2605
CN-2605-LAMEN-ZGSZ-01,5,DUBGO,W134,ELNEX,CN,2605
CN-2605-LAMEN-ZGSZ-01,6,ELNEX,A599,PLT,CN,2605
CN-2605-LAMEN-ZGSZ-01,7,PLT,W19,ATKAV,CN,2605
CN-2605-LAMEN-ZGSZ-01,8,ATKAV,W20,SALIV,CN,2605
CN-2605-LAMEN-ZGSZ-01,9,SALIV,R473,NOLON,CN,2605
CN-2605-LAMEN-ZGSZ-01,10,NOLON,W90,POU,CN,2605
CN-2605-LAMEN-ZGSZ-01,11,POU,W7,SAREX,CN,2605
CN-2605-LAMEN-ZGSZ-02,1,LAMEN,A593,DUMET,CN,2605
CN-2605-LAMEN-ZGSZ-02,2,DUMET,W114,LASAN,CN,2605
CN-2605-LAMEN-ZGSZ-02,3,LASAN,W13,BEGMO,CN,2605
CN-2605-LAMEN-ZGSZ-02,4,BEGMO,M503,LAPUG,CN,2605
CN-2605-LAMEN-ZGSZ-02,5,LAPUG,R200,GUBLO,CN,2605
CN-2605-LAMEN-ZHCC-01,1,LAMEN,A593,PK,CN,2605
CN-2605-LAMEN-ZHCC-01,2,PK,R343,HFE,CN,2605
CN-2605-LAMEN-ZHCC-01,3,HFE,B208,FYG,CN,2605
CN-2605-LAMEN-ZHCC-01,4,FYG,W596,UNTEL,CN,2605
CN-2605-LAMEN-ZHEC-01,1,LAMEN,A593,PK,CN,2605
CN-2605-LAMEN-ZHEC-01,2,PK,R343,MADUK,CN,2605
CN-2605-LAMEN-ZHEC-01,3,MADUK,W51,LEGIV,CN,2605
CN-2605-LAMEN-ZHEC-01,4,LEGIV,W164,ADGOL,CN,2605
CN-2605-LAMEN-ZHEC-01,5,ADGOL,W50,XSH,CN,2605
CN-2605-LAMEN-ZHHH-01,1,LAMEN,A593,PK,CN,2605
CN-2605-LAMEN-ZHHH-01,2,PK,R343,MADUK,CN,2605
CN-2605-LAMEN-ZHHH-01,3,MADUK,W51,LEGIV,CN,2605
CN-2605-LAMEN-ZHHH-01,4,LEGIV,W164,ADGOL,CN,2605
CN-2605-LAMEN-ZHHH-01,5,ADGOL,W50,XSH,CN,2605
CN-2605-LAMEN-ZHYC-01,1,LAMEN,A593,PK,CN,2605
CN-2605-LAMEN-ZHYC-01,2,PK,R343,MADUK,CN,2605
CN-2605-LAMEN-ZHYC-01,3,MADUK,W51,LEGIV,CN,2605
CN-2605-LAMEN-ZHYC-01,4,LEGIV,W164,ADGOL,CN,2605
CN-2605-LAMEN-ZHYC-01,5,ADGOL,W50,XSH,CN,2605
CN-2605-LAMEN-ZHYC-01,6,XSH,W80,UPGUR,CN,2605
CN-2605-LAMEN-ZHYC-01,7,UPGUR,W156,YIH,CN,2605
CN-2605-LAMEN-ZJHK-01,1,LAMEN,A593,PUD,CN,2605
CN-2605-LAMEN-ZJHK-01,2,PUD,A599,NXD,CN,2605
CN-2605-LAMEN-ZJHK-01,3,NXD,W131,AKDIM,CN,2605
CN-2605-LAMEN-ZJHK-01,4,AKDIM,A470,DUBGO,CN,2605
CN-2605-LAMEN-ZJHK-01,5,DUBGO,W134,ELNEX,CN,2605
CN-2605-LAMEN-ZJHK-01,6,ELNEX,A599,PLT,CN,2605
CN-2605-LAMEN-ZJHK-01,7,PLT,W19,NOMAR,CN,2605
CN-2605-LAMEN-ZJHK-01,8,NOMAR,W18,TAMOT,CN,2605
CN-2605-LAMEN-ZJHK-01,9,TAMOT,DCT,SIKOU,CN,2605
CN-2605-LAMEN-ZJHK-01,10,SIKOU,A202,ISBIG,CN,2605
CN-2605-LAMEN-ZJHK-01,11,ISBIG,W605,DOMGO,CN,2605
CN-2605-LAMEN-ZJSY-01,1,LAMEN,A593,PUD,CN,2605
CN-2605-LAMEN-ZJSY-01,2,PUD,A599,NXD,CN,2605
CN-2605-LAMEN-ZJSY-01,3,NXD,W131,AKDIM,CN,2605
CN-2605-LAMEN-ZJSY-01,4,AKDIM,A470,DUBGO,CN,2605
CN-2605-LAMEN-ZJSY-01,5,DUBGO,W134,ELNEX,CN,2605
CN-2605-LAMEN-ZJSY-01,6,ELNEX,A599,PLT,CN,2605
CN-2605-LAMEN-ZJSY-01,7,PLT,W19,NOMAR,CN,2605
CN-2605-LAMEN-ZJSY-01,8,NOMAR,W18,TAMOT,CN,2605
CN-2605-LAMEN-ZJSY-01,9,TAMOT,DCT,SIKOU,CN,2605
CN-2605-LAMEN-ZJSY-01,10,SIKOU,A202,SAMAS,CN,2605
CN-2605-LAMEN-ZJSY-01,11,SAMAS,G221,WL,CN,2605
CN-2605-LAMEN-ZJSY-02,1,LAMEN,A593,PUD,CN,2605
CN-2605-LAMEN-ZJSY-02,2,PUD,A599,NXD,CN,2605
CN-2605-LAMEN-ZJSY-02,3,NXD,W131,AKDIM,CN,2605
CN-2605-LAMEN-ZJSY-02,4,AKDIM,A470,DUBGO,CN,2605
CN-2605-LAMEN-ZJSY-02,5,DUBGO,W134,ELNEX,CN,2605
CN-2605-LAMEN-ZJSY-02,6,ELNEX,A599,PLT,CN,2605
CN-2605-LAMEN-ZJSY-02,7,PLT,W19,NOMAR,CN,2605
CN-2605-LAMEN-ZJSY-02,8,NOMAR,W18,NLG,CN,2605
CN-2605-LAMEN-ZJSY-02,9,NLG,W23,ZUH,CN,2605
CN-2605-LAMEN-ZJSY-02,10,ZUH,R200,BIGRO,CN,2605
CN-2605-LAMEN-ZJSY-02,11,BIGRO,G221,WL,CN,2605
CN-2605-LAMEN-ZPPP-01,1,LAMEN,A593,PK,CN,2605
CN-2605-LAMEN-ZPPP-01,2,PK,R343,MADUK,CN,2605
CN-2605-LAMEN-ZPPP-01,3,MADUK,W51,LEGIV,CN,2605
CN-2605-LAMEN-ZPPP-01,4,LEGIV,W164,ADGOL,CN,2605
CN-2605-LAMEN-ZPPP-01,5,ADGOL,W50,XSH,CN,2605
CN-2605-LAMEN-ZPPP-01,6,XSH,W80,IDGAG,CN,2605
CN-2605-LAMEN-ZPPP-01,7,IDGAG,A581,QNX,CN,2605
CN-2605-LAMEN-ZPPP-01,8,QNX,W136,XISLI,CN,2605
CN-2605-LAMEN-ZSAM-01,1,LAMEN,A593,DUMET,CN,2605
CN-2605-LAMEN-ZSAM-01,2,DUMET,W114,LASAN,CN,2605
CN-2605-LAMEN-ZSAM-01,3,LASAN,W13,BEGMO,CN,2605
CN-2605-LAMEN-ZSAM-01,4,BEGMO,W117,DST,CN,2605
CN-2605-LAMEN-ZSAM-01,5,DST,B221,LJG,CN,2605
CN-2605-LAMEN-ZSAM-01,6,LJG,A470,ENVEN,CN,2605
CN-2605-LAMEN-ZSAM-02,1,LAMEN,A593,DUMET,CN,2605
CN-2605-LAMEN-ZSAM-02,2,DUMET,W114,LASAN,CN,2605
CN-2605-LAMEN-ZSAM-02,3,LASAN,W13,BEGMO,CN,2605
CN-2605-LAMEN-ZSAM-02,4,BEGMO,M503,APAKA,CN,2605
CN-2605-LAMEN-ZSCN-01,1,LAMEN,A593,PK,CN,2605
CN-2605-LAMEN-ZSCN-01,2,PK,R343,MADUK,CN,2605
CN-2605-LAMEN-ZSCN-01,3,MADUK,W51,LEGIV,CN,2605
CN-2605-LAMEN-ZSCN-01,4,LEGIV,W164,ADGOL,CN,2605
CN-2605-LAMEN-ZSCN-01,5,ADGOL,W50,XSH,CN,2605
CN-2605-LAMEN-ZSCN-01,6,XSH,W105,PEXEK,CN,2605
CN-2605-LAMEN-ZSCN-02,1,LAMEN,A593,PK,CN,2605
CN-2605-LAMEN-ZSCN-02,2,PK,R343,MADUK,CN,2605
CN-2605-LAMEN-ZSCN-02,3,MADUK,W51,LEGIV,CN,2605
CN-2605-LAMEN-ZSCN-02,4,LEGIV,W164,ADGOL,CN,2605
CN-2605-LAMEN-ZSCN-02,5,ADGOL,W50,XSH,CN,2605
CN-2605-LAMEN-ZSCN-02,6,XSH,W105,NCH,CN,2605
CN-2605-LAMEN-ZSFZ-01,1,LAMEN,A593,DUMET,CN,2605
CN-2605-LAMEN-ZSFZ-01,2,DUMET,W114,LASAN,CN,2605
CN-2605-LAMEN-ZSFZ-01,3,LASAN,W13,BEGMO,CN,2605
CN-2605-LAMEN-ZSFZ-01,4,BEGMO,W117,DST,CN,2605
CN-2605-LAMEN-ZSFZ-01,5,DST,B221,ANLUD,CN,2605
CN-2605-LAMEN-ZSFZ-02,1,LAMEN,A593,DUMET,CN,2605
CN-2605-LAMEN-ZSFZ-02,2,DUMET,W114,LASAN,CN,2605
CN-2605-LAMEN-ZSFZ-02,3,LASAN,W13,BEGMO,CN,2605
CN-2605-LAMEN-ZSFZ-02,4,BEGMO,M503,PONEN,CN,2605
CN-2605-LAMEN-ZSHC-01,1,LAMEN,A593,DUMET,CN,2605
CN-2605-LAMEN-ZSHC-01,2,DUMET,W114,LASAN,CN,2605
CN-2605-LAMEN-ZSHC-01,3,LASAN,G327,NINAS,CN,2605
CN-2605-LAMEN-ZSHC-01,4,NINAS,B221,SUPAR,CN,2605
CN-2605-LAMEN-ZSHC-01,5,SUPAR,W505,DSH,CN,2605
CN-2605-LAMEN-ZSJN-01,1,LAMEN,A593,ABTUB,CN,2605
CN-2605-LAMEN-ZSNB-01,1,LAMEN,A593,IPRAG,CN,2605
CN-2605-LAMEN-ZSNB-01,2,IPRAG,W13,HSN,CN,2605
CN-2605-LAMEN-ZSNB-01,3,HSN,W67,OVNEV,CN,2605
CN-2605-LAMEN-ZSNJ-01,1,LAMEN,A593,PK,CN,2605
CN-2605-LAMEN-ZSNJ-01,2,PK,R343,ESBAG,CN,2605
CN-2605-LAMEN-ZSNJ-02,1,LAMEN,A593,AKARA,CN,2605
CN-2605-LAMEN-ZSNJ-02,2,AKARA,A326,IKADI,CN,2605
CN-2605-LAMEN-ZSNJ-02,3,IKADI,W113,YCH,CN,2605
CN-2605-LAMEN-ZSNJ-02,4,YCH,W185,OF,CN,2605
CN-2605-LAMEN-ZSNT-01,1,LAMEN,A593,PK,CN,2605
CN-2605-LAMEN-ZSNT-01,2,PK,G330,XIREM,CN,2605
CN-2605-LAMEN-ZSNT-01,3,XIREM,W591,NTG,CN,2605
CN-2605-LAMEN-ZSOF-01,1,LAMEN,A593,PK,CN,2605
CN-2605-LAMEN-ZSOF-01,2,PK,R343,MADUK,CN,2605
CN-2605-LAMEN-ZSPD-01,1,LAMEN,A593,PUD,CN,2605
CN-2605-LAMEN-ZSQD-01,1,LAMEN,A593,AKARA,CN,2605
CN-2605-LAMEN-ZSQD-01,2,AKARA,A326,IKADI,CN,2605
CN-2605-LAMEN-ZSQD-01,3,IKADI,W113,GORPI,CN,2605
CN-2605-LAMEN-ZSQD-01,4,GORPI,B221,IDVEL,CN,2605
CN-2605-LAMEN-ZSSH-01,1,LAMEN,A593,LAGAL,CN,2605
CN-2605-LAMEN-ZSSH-01,2,LAGAL,W525,HUN,CN,2605
CN-2605-LAMEN-ZSSH-02,1,LAMEN,A593,AKARA,CN,2605
CN-2605-LAMEN-ZSSH-02,2,AKARA,A326,IKADI,CN,2605
CN-2605-LAMEN-ZSSH-02,3,IKADI,W113,YCH,CN,2605
CN-2605-LAMEN-ZSSH-02,4,YCH,W185,NIXEM,CN,2605
CN-2605-LAMEN-ZSSH-02,5,NIXEM,A593,LAGAL,CN,2605
CN-2605-LAMEN-ZSSH-02,6,LAGAL,W525,HUN,CN,2605
CN-2605-LAMEN-ZSSS-01,1,LAMEN,A593,PUD,CN,2605
CN-2605-LAMEN-ZSSS-01,2,PUD,DCT,SHA,CN,2605
CN-2605-LAMEN-ZSTX-01,1,LAMEN,A593,PUD,CN,2605
CN-2605-LAMEN-ZSTX-01,2,PUD,A599,NXD,CN,2605
CN-2605-LAMEN-ZSTX-01,3,NXD,W131,AKDIM,CN,2605
CN-2605-LAMEN-ZSTX-01,4,AKDIM,A470,DUBGO,CN,2605
CN-2605-LAMEN-ZSTX-01,5,DUBGO,W133,ABVIL,CN,2605
CN-2605-LAMEN-ZSTX-01,6,ABVIL,G204,TXN,CN,2605
CN-2605-LAMEN-ZSWZ-01,1,LAMEN,A593,DUMET,CN,2605
CN-2605-LAMEN-ZSWZ-01,2,DUMET,W114,LASAN,CN,2605
CN-2605-LAMEN-ZSWZ-01,3,LASAN,W13,BEGMO,CN,2605
CN-2605-LAMEN-ZSXZ-01,1,LAMEN,A593,OMUDI,CN,2605
CN-2605-LAMEN-ZSXZ-01,2,OMUDI,W125,DO,CN,2605
CN-2605-LAMEN-ZSYA-01,1,LAMEN,A593,PIMOL,CN,2605
CN-2605-LAMEN-ZUCK-01,1,LAMEN,A593,PK,CN,2605
CN-2605-LAMEN-ZUCK-01,2,PK,R343,MADUK,CN,2605
CN-2605-LAMEN-ZUCK-01,3,MADUK,W51,LEGIV,CN,2605
CN-2605-LAMEN-ZUCK-01,4,LEGIV,W164,ADGOL,CN,2605
CN-2605-LAMEN-ZUCK-01,5,ADGOL,W50,XSH,CN,2605
CN-2605-LAMEN-ZUCK-01,6,XSH,W80,IRPOG,CN,2605
CN-2605-LAMEN-ZUGY-01,1,LAMEN,A593,PK,CN,2605
CN-2605-LAMEN-ZUGY-01,2,PK,R343,MADUK,CN,2605
CN-2605-LAMEN-ZUGY-01,3,MADUK,W51,LEGIV,CN,2605
CN-2605-LAMEN-ZUGY-01,4,LEGIV,W164,ADGOL,CN,2605
CN-2605-LAMEN-ZUGY-01,5,ADGOL,W50,XSH,CN,2605
CN-2605-LAMEN-ZUGY-01,6,XSH,W80,IDGAG,CN,2605
CN-2605-LAMEN-ZUGY-01,7,IDGAG,A581,HUY,CN,2605
CN-2605-LAMEN-ZUGY-01,8,HUY,W183,TRN,CN,2605
CN-2605-LAMEN-ZUGY-01,9,TRN,W680,UBGUP,CN,2605
CN-2605-LAMEN-ZUTF-01,1,LAMEN,A593,PK,CN,2605
CN-2605-LAMEN-ZUTF-01,2,PK,R343,MADUK,CN,2605
CN-2605-LAMEN-ZUTF-01,3,MADUK,W51,LEGIV,CN,2605
CN-2605-LAMEN-ZUTF-01,4,LEGIV,W164,ADGOL,CN,2605
CN-2605-LAMEN-ZUTF-01,5,ADGOL,W50,XSH,CN,2605
CN-2605-LAMEN-ZUTF-01,6,XSH,W80,AKOPI,CN,2605
CN-2605-LAMEN-ZUUU-01,1,LAMEN,A593,PK,CN,2605
CN-2605-LAMEN-ZUUU-01,2,PK,R343,MADUK,CN,2605
CN-2605-LAMEN-ZUUU-01,3,MADUK,W51,LEGIV,CN,2605
CN-2605-LAMEN-ZUUU-01,4,LEGIV,W164,ADGOL,CN,2605
CN-2605-LAMEN-ZUUU-01,5,ADGOL,W50,XSH,CN,2605
CN-2605-LAMEN-ZUUU-01,6,XSH,W80,URGEG,CN,2605
CN-2605-LAMEN-ZUUU-01,7,URGEG,W231,EKOKA,CN,2605
CN-2605-LANDA-ZGSZ-01,1,LANDA,W130,UJ,CN,2605
CN-2605-LANDA-ZGSZ-01,2,UJ,W553,ZUH,CN,2605
CN-2605-LANDA-ZGSZ-01,3,ZUH,W23,NLG,CN,2605
CN-2605-LANDA-ZGSZ-01,4,NLG,W509,KEVAR,CN,2605
CN-2605-LINSO-AGAVO,1,LINSO,A599,SGM,CN,2605
CN-2605-LINSO-AGAVO,2,SGM,A581,IDPOG,CN,2605
CN-2605-LINSO-AGAVO,3,IDPOG,W56,VADMO,CN,2605
CN-2605-LINSO-AGAVO,4,VADMO,W4,WXI,CN,2605
CN-2605-LINSO-AGAVO,5,WXI,W59,SUNOK,CN,2605
CN-2605-LINSO-AGAVO,6,SUNOK,W103,YQG,CN,2605
CN-2605-LINSO-AGAVO,7,YQG,W569,NOBUP,CN,2605
CN-2605-LINSO-AGAVO,8,NOBUP,W4,IKEKA,CN,2605
CN-2605-LINSO-AGAVO,9,IKEKA,A591,AGAVO,CN,2605
CN-2605-LINSO-BISUN,1,LINSO,A599,SGM,CN,2605
CN-2605-LINSO-BISUN,2,SGM,A581,IDPOG,CN,2605
CN-2605-LINSO-BISUN,3,IDPOG,W56,VYK,CN,2605
CN-2605-LINSO-BISUN,4,VYK,G212,SOTMU,CN,2605
CN-2605-LINSO-BISUN,5,SOTMU,B339,HUR,CN,2605
CN-2605-LINSO-BISUN,6,HUR,B334,TGO,CN,2605
CN-2605-LINSO-BISUN,7,TGO,G341,WQG,CN,2605
CN-2605-LINSO-BISUN,8,WQG,B451,BISUN,CN,2605
CN-2605-LINSO-MORIT,1,LINSO,A599,SGM,CN,2605
CN-2605-LINSO-MORIT,2,SGM,W144,IGNAK,CN,2605
CN-2605-LINSO-MORIT,3,IGNAK,W179,OMBON,CN,2605
CN-2605-LINSO-MORIT,4,OMBON,W195,MORIT,CN,2605
CN-2605-LINSO-RULAD,1,LINSO,A599,SGM,CN,2605
CN-2605-LINSO-RULAD,2,SGM,W144,IGNAK,CN,2605
CN-2605-LINSO-RULAD,3,IGNAK,W179,OMBON,CN,2605
CN-2605-LINSO-RULAD,4,OMBON,W195,IDOPA,CN,2605
CN-2605-LINSO-RULAD,5,IDOPA,W197,ANDIM,CN,2605
CN-2605-LINSO-RULAD,6,ANDIM,B215,IBANO,CN,2605
CN-2605-LINSO-RULAD,7,IBANO,G470,AKLAS,CN,2605
CN-2605-LINSO-RULAD,8,AKLAS,W192,FKG,CN,2605
CN-2605-LINSO-RULAD,9,FKG,B215,KABDO,CN,2605
CN-2605-LINSO-RULAD,10,KABDO,W119,GOBOK,CN,2605
CN-2605-LINSO-RULAD,11,GOBOK,A343,RULAD,CN,2605
CN-2605-LINSO-SADLI,1,LINSO,A599,POU,CN,2605
CN-2605-LINSO-SADLI,2,POU,G471,SHL,CN,2605
CN-2605-LINSO-SADLI,3,SHL,W26,UPRIK,CN,2605
CN-2605-LINSO-SADLI,4,UPRIK,W41,OMDUP,CN,2605
CN-2605-LINSO-SADLI,5,OMDUP,G471,PLT,CN,2605
CN-2605-LINSO-SADLI,6,PLT,A599,JTN,CN,2605
CN-2605-LINSO-SADLI,7,JTN,G327,LAMEN,CN,2605
CN-2605-LINSO-SADLI,8,LAMEN,A593,SADLI,CN,2605
CN-2605-LINSO-SARIN,1,LINSO,A599,SGM,CN,2605
CN-2605-LINSO-SARIN,2,SGM,W144,IGNAK,CN,2605
CN-2605-LINSO-SARIN,3,IGNAK,W179,OMBON,CN,2605
CN-2605-LINSO-SARIN,4,OMBON,W195,IDOPA,CN,2605
CN-2605-LINSO-SARIN,5,IDOPA,W197,ANDIM,CN,2605
CN-2605-LINSO-SARIN,6,ANDIM,B215,IBANO,CN,2605
CN-2605-LINSO-SARIN,7,IBANO,G470,AKLAS,CN,2605
CN-2605-LINSO-SARIN,8,AKLAS,W192,FKG,CN,2605
CN-2605-LINSO-SARIN,9,FKG,A368,SARIN,CN,2605
CN-2605-LINSO-TAMOT,1,LINSO,A599,POU,CN,2605
CN-2605-LINSO-TAMOT,2,POU,B330,TAMOT,CN,2605
CN-2605-LINSO-VHHH,1,LINSO,A599,POU,CN,2605
CN-2605-LINSO-VHHH,2,POU,R473,SIERA,CN,2605
CN-2605-LINSO-VMMC,1,LINSO,A599,POU,CN,2605
CN-2605-LINSO-VMMC,2,POU,W7,SAREX,CN,2605
CN-2605-LINSO-VMMC,3,SAREX,W6,LATOP,CN,2605
CN-2605-LINSO-WHA-SADLI,1,LINSO,A599,SGM,CN,2605
CN-2605-LINSO-WHA-SADLI,2,SGM,A581,WHA,CN,2605
CN-2605-LINSO-WHA-SADLI,3,WHA,R343,PK,CN,2605
CN-2605-LINSO-WHA-SADLI,4,PK,W116,JTN,CN,2605
CN-2605-LINSO-WHA-SADLI,5,JTN,G327,LAMEN,CN,2605
CN-2605-LINSO-WHA-SADLI,6,LAMEN,A593,SADLI,CN,2605
CN-2605-LINSO-ZBAA-01,1,LINSO,A599,SGM,CN,2605
CN-2605-LINSO-ZBAA-01,2,SGM,A581,IDPOG,CN,2605
CN-2605-LINSO-ZBAA-01,3,IDPOG,W56,DUGEB,CN,2605
CN-2605-LINSO-ZBAA-02,1,LINSO,A599,SGM,CN,2605
CN-2605-LINSO-ZBAA-02,2,SGM,W144,IGNAK,CN,2605
CN-2605-LINSO-ZBAA-02,3,IGNAK,W179,JTG,CN,2605
CN-2605-LINSO-ZBAA-02,4,JTG,W277,VARSO,CN,2605
CN-2605-LINSO-ZBAA-02,5,VARSO,W69,GUVBA,CN,2605
CN-2605-LINSO-ZBAD-01,1,LINSO,A599,SGM,CN,2605
CN-2605-LINSO-ZBAD-01,2,SGM,A581,IDPOG,CN,2605
CN-2605-LINSO-ZBAD-01,3,IDPOG,W56,ORODO,CN,2605
CN-2605-LINSO-ZBAD-01,4,ORODO,W62,TEKIL,CN,2605
CN-2605-LINSO-ZBAD-01,5,TEKIL,G212,BELAX,CN,2605
CN-2605-LINSO-ZBAD-02,1,LINSO,A599,SGM,CN,2605
CN-2605-LINSO-ZBAD-02,2,SGM,W144,IGNAK,CN,2605
CN-2605-LINSO-ZBAD-02,3,IGNAK,W179,WFX,CN,2605
CN-2605-LINSO-ZBAD-02,4,WFX,W81,APIMI,CN,2605
CN-2605-LINSO-ZBAD-02,5,APIMI,W275,WJC,CN,2605
CN-2605-LINSO-ZBAD-02,6,WJC,G212,BELAX,CN,2605
CN-2605-LINSO-ZBHH-01,1,LINSO,A599,SGM,CN,2605
CN-2605-LINSO-ZBHH-01,2,SGM,A581,IDPOG,CN,2605
CN-2605-LINSO-ZBHH-01,3,IDPOG,W56,OBMEP,CN,2605
CN-2605-LINSO-ZBHH-01,4,OBMEP,B208,TODAM,CN,2605
CN-2605-LINSO-ZBSJ-01,1,LINSO,A599,SGM,CN,2605
CN-2605-LINSO-ZBSJ-01,2,SGM,W144,IGNAK,CN,2605
CN-2605-LINSO-ZBSJ-01,3,IGNAK,W179,WFX,CN,2605
CN-2605-LINSO-ZBSJ-01,4,WFX,W81,APIMI,CN,2605
CN-2605-LINSO-ZBSJ-01,5,APIMI,W275,WJC,CN,2605
CN-2605-LINSO-ZBSJ-01,6,WJC,G212,TONOV,CN,2605
CN-2605-LINSO-ZBTJ-01,1,LINSO,A599,SGM,CN,2605
CN-2605-LINSO-ZBTJ-01,2,SGM,A581,IDPOG,CN,2605
CN-2605-LINSO-ZBTJ-01,3,IDPOG,W56,GUVRI,CN,2605
CN-2605-LINSO-ZBTJ-01,4,GUVRI,W85,OMDEK,CN,2605
CN-2605-LINSO-ZBTJ-02,1,LINSO,A599,SGM,CN,2605
CN-2605-LINSO-ZBTJ-02,2,SGM,W144,IGNAK,CN,2605
CN-2605-LINSO-ZBTJ-02,3,IGNAK,W179,WFX,CN,2605
CN-2605-LINSO-ZBTJ-02,4,WFX,W81,APIMI,CN,2605
CN-2605-LINSO-ZBTJ-02,5,APIMI,W275,WJC,CN,2605
CN-2605-LINSO-ZBTJ-02,6,WJC,G212,TEKIL,CN,2605
CN-2605-LINSO-ZBTJ-02,7,TEKIL,W85,OMDEK,CN,2605
CN-2605-LINSO-ZBYN-01,1,LINSO,A599,SGM,CN,2605
CN-2605-LINSO-ZBYN-01,2,SGM,W144,IGNAK,CN,2605
CN-2605-LINSO-ZBYN-01,3,IGNAK,W179,WFX,CN,2605
CN-2605-LINSO-ZBYN-01,4,WFX,W81,APIMI,CN,2605
CN-2605-LINSO-ZBYN-01,5,APIMI,W275,WJC,CN,2605
CN-2605-LINSO-ZBYN-01,6,WJC,G212,RUNBU,CN,2605
CN-2605-LINSO-ZGGG-01,1,LINSO,A599,GYA,CN,2605
CN-2605-LINSO-ZGHA-01,1,LINSO,A599,SGM,CN,2605
CN-2605-LINSO-ZGHA-01,2,SGM,A581,NOMUK,CN,2605
CN-2605-LINSO-ZGHA-01,3,NOMUK,W194,LLC,CN,2605
CN-2605-LINSO-ZGHA-01,4,LLC,W138,RUKLI,CN,2605
CN-2605-LINSO-ZGNN-01,1,LINSO,A599,BSE,CN,2605
CN-2605-LINSO-ZGNN-01,2,BSE,R339,UVUNO,CN,2605
CN-2605-LINSO-ZGSZ-01,1,LINSO,A599,POU,CN,2605
CN-2605-LINSO-ZGSZ-01,2,POU,W7,SAREX,CN,2605
CN-2605-LINSO-ZHCC-01,1,LINSO,A599,SGM,CN,2605
CN-2605-LINSO-ZHCC-01,2,SGM,A581,IDPOG,CN,2605
CN-2605-LINSO-ZHCC-01,3,IDPOG,W56,IGMIG,CN,2605
CN-2605-LINSO-ZHEC-01,1,LINSO,A599,SGM,CN,2605
CN-2605-LINSO-ZHEC-01,2,SGM,A581,LIN,CN,2605
CN-2605-LINSO-ZHEC-01,3,LIN,W207,TIKME,CN,2605
CN-2605-LINSO-ZHEC-01,4,TIKME,W208,WTM,CN,2605
CN-2605-LINSO-ZHHH-01,1,LINSO,A599,SGM,CN,2605
CN-2605-LINSO-ZHHH-01,2,SGM,A581,LIN,CN,2605
CN-2605-LINSO-ZHHH-01,3,LIN,W207,TIKME,CN,2605
CN-2605-LINSO-ZHHH-01,4,TIKME,W208,WTM,CN,2605
CN-2605-LINSO-ZJHK-01,1,LINSO,A599,BSE,CN,2605
CN-2605-LINSO-ZJHK-01,2,BSE,R339,BHY,CN,2605
CN-2605-LINSO-ZJHK-01,3,BHY,W70,NYB,CN,2605
CN-2605-LINSO-ZJSY-01,1,LINSO,A599,BSE,CN,2605
CN-2605-LINSO-ZJSY-01,2,BSE,R339,BHY,CN,2605
CN-2605-LINSO-ZJSY-01,3,BHY,W70,NYB,CN,2605
CN-2605-LINSO-ZJSY-01,4,NYB,G221,WL,CN,2605
CN-2605-LINSO-ZLIC-01,1,LINSO,A599,SGM,CN,2605
CN-2605-LINSO-ZLIC-01,2,SGM,W144,IGNAK,CN,2605
CN-2605-LINSO-ZLIC-01,3,IGNAK,W179,OMBON,CN,2605
CN-2605-LINSO-ZLIC-01,4,OMBON,W195,ATERO,CN,2605
CN-2605-LINSO-ZLIC-01,5,ATERO,W211,ZWX,CN,2605
CN-2605-LINSO-ZLIC-01,6,ZWX,W219,YHD,CN,2605
CN-2605-LINSO-ZLLL-01,1,LINSO,A599,SGM,CN,2605
CN-2605-LINSO-ZLLL-01,2,SGM,W144,IGNAK,CN,2605
CN-2605-LINSO-ZLLL-01,3,IGNAK,W179,OMBON,CN,2605
CN-2605-LINSO-ZLLL-01,4,OMBON,W195,ORUNA,CN,2605
CN-2605-LINSO-ZLXY-01,1,LINSO,A599,SGM,CN,2605
CN-2605-LINSO-ZLXY-01,2,SGM,W144,IGNAK,CN,2605
CN-2605-LINSO-ZLXY-01,3,IGNAK,W179,WFX,CN,2605
CN-2605-LINSO-ZLXY-01,4,WFX,W81,APIMI,CN,2605
CN-2605-LINSO-ZLXY-01,5,APIMI,W275,NSH,CN,2605
CN-2605-LINSO-ZPLJ-01,1,LINSO,A599,GULOT,CN,2605
CN-2605-LINSO-ZPLJ-01,2,GULOT,W146,BUBSU,CN,2605
CN-2605-LINSO-ZPLJ-01,3,BUBSU,W162,CEH,CN,2605
CN-2605-LINSO-ZPMS-01,1,LINSO,A599,GMA,CN,2605
CN-2605-LINSO-ZPMS-01,2,GMA,W633,TOSEM,CN,2605
CN-2605-LINSO-ZPPP-01,1,LINSO,A599,GULOT,CN,2605
CN-2605-LINSO-ZSAM-01,1,LINSO,A599,POU,CN,2605
CN-2605-LINSO-ZSAM-01,2,POU,G471,SHL,CN,2605
CN-2605-LINSO-ZSAM-01,3,SHL,W22,GUBLO,CN,2605
CN-2605-LINSO-ZSAM-01,4,GUBLO,R200,BEBEM,CN,2605
CN-2605-LINSO-ZSAM-01,5,BEBEM,A470,TEBON,CN,2605
CN-2605-LINSO-ZSCN-01,1,LINSO,A599,SGM,CN,2605
CN-2605-LINSO-ZSCN-01,2,SGM,A581,IDPOG,CN,2605
CN-2605-LINSO-ZSCN-01,3,IDPOG,W56,REPUV,CN,2605
CN-2605-LINSO-ZSCN-01,4,REPUV,W50,XSH,CN,2605
CN-2605-LINSO-ZSCN-01,5,XSH,W105,PEXEK,CN,2605
CN-2605-LINSO-ZSFZ-01,1,LINSO,A599,POU,CN,2605
CN-2605-LINSO-ZSFZ-01,2,POU,G471,SHL,CN,2605
CN-2605-LINSO-ZSFZ-01,3,SHL,W22,GUBLO,CN,2605
CN-2605-LINSO-ZSFZ-01,4,GUBLO,R200,BEBEM,CN,2605
CN-2605-LINSO-ZSFZ-01,5,BEBEM,A470,ENVEN,CN,2605
CN-2605-LINSO-ZSHC-01,1,LINSO,A599,SGM,CN,2605
CN-2605-LINSO-ZSHC-01,2,SGM,A581,WHA,CN,2605
CN-2605-LINSO-ZSHC-01,3,WHA,R343,UPLEL,CN,2605
CN-2605-LINSO-ZSHC-01,4,UPLEL,W95,SAPIN,CN,2605
CN-2605-LINSO-ZSHC-01,5,SAPIN,A470,IGRAT,CN,2605
CN-2605-LINSO-ZSJN-01,1,LINSO,A599,SGM,CN,2605
CN-2605-LINSO-ZSJN-01,2,SGM,A581,IDPOG,CN,2605
CN-2605-LINSO-ZSJN-01,3,IDPOG,W56,VADMO,CN,2605
CN-2605-LINSO-ZSJN-01,4,VADMO,W4,WXI,CN,2605
CN-2605-LINSO-ZSJN-01,5,WXI,W59,UBSIS,CN,2605
CN-2605-LINSO-ZSNB-01,1,LINSO,A599,SGM,CN,2605
CN-2605-LINSO-ZSNB-01,2,SGM,A581,WHA,CN,2605
CN-2605-LINSO-ZSNB-01,3,WHA,R343,UPLEL,CN,2605
CN-2605-LINSO-ZSNB-01,4,UPLEL,W95,SAPIN,CN,2605
CN-2605-LINSO-ZSNB-01,5,SAPIN,A470,UGAGO,CN,2605
CN-2605-LINSO-ZSNB-01,6,UGAGO,G204,SHZ,CN,2605
CN-2605-LINSO-ZSNJ-01,1,LINSO,A599,SGM,CN,2605
CN-2605-LINSO-ZSNJ-01,2,SGM,A581,WHA,CN,2605
CN-2605-LINSO-ZSNJ-01,3,WHA,R343,HFE,CN,2605
CN-2605-LINSO-ZSNJ-01,4,HFE,W51,LEGIV,CN,2605
CN-2605-LINSO-ZSNJ-01,5,LEGIV,W164,OREVO,CN,2605
CN-2605-LINSO-ZSNT-01,1,LINSO,A599,SGM,CN,2605
CN-2605-LINSO-ZSNT-01,2,SGM,A581,WHA,CN,2605
CN-2605-LINSO-ZSNT-01,3,WHA,R343,OLRIS,CN,2605
CN-2605-LINSO-ZSNT-01,4,OLRIS,G345,UNTAN,CN,2605
CN-2605-LINSO-ZSNT-01,5,UNTAN,G330,PIKAS,CN,2605
CN-2605-LINSO-ZSNT-01,6,PIKAS,W109,NTG,CN,2605
CN-2605-LINSO-ZSOF-01,1,LINSO,A599,SGM,CN,2605
CN-2605-LINSO-ZSOF-01,2,SGM,A581,WHA,CN,2605
CN-2605-LINSO-ZSOF-01,3,WHA,R343,MIDOX,CN,2605
CN-2605-LINSO-ZSPD-01,1,LINSO,A599,SGM,CN,2605
CN-2605-LINSO-ZSPD-01,2,SGM,A581,WHA,CN,2605
CN-2605-LINSO-ZSPD-01,3,WHA,R343,EKIMU,CN,2605
CN-2605-LINSO-ZSPD-02,1,LINSO,A599,GYA,CN,2605
CN-2605-LINSO-ZSPD-02,2,GYA,B330,POU,CN,2605
CN-2605-LINSO-ZSPD-02,3,POU,G471,SHL,CN,2605
CN-2605-LINSO-ZSPD-02,4,SHL,W26,UPRIK,CN,2605
CN-2605-LINSO-ZSPD-02,5,UPRIK,W41,OMDUP,CN,2605
CN-2605-LINSO-ZSPD-02,6,OMDUP,G471,PLT,CN,2605
CN-2605-LINSO-ZSPD-02,7,PLT,A599,ELNEX,CN,2605
CN-2605-LINSO-ZSPD-02,8,ELNEX,G204,SHZ,CN,2605
CN-2605-LINSO-ZSPD-02,9,SHZ,W58,XSY,CN,2605
CN-2605-LINSO-ZSQD-01,1,LINSO,A599,SGM,CN,2605
CN-2605-LINSO-ZSQD-01,2,SGM,A581,IDPOG,CN,2605
CN-2605-LINSO-ZSQD-01,3,IDPOG,W56,VADMO,CN,2605
CN-2605-LINSO-ZSQD-01,4,VADMO,W4,WXI,CN,2605
CN-2605-LINSO-ZSQD-01,5,WXI,W59,SUNOK,CN,2605
CN-2605-LINSO-ZSQD-01,6,SUNOK,W103,WFG,CN,2605
CN-2605-LINSO-ZSQD-02,1,LINSO,A599,SGM,CN,2605
CN-2605-LINSO-ZSQD-02,2,SGM,W144,IGNAK,CN,2605
CN-2605-LINSO-ZSQD-02,3,IGNAK,W179,WFX,CN,2605
CN-2605-LINSO-ZSQD-02,4,WFX,W81,APIMI,CN,2605
CN-2605-LINSO-ZSQD-02,5,APIMI,W275,NSH,CN,2605
CN-2605-LINSO-ZSQD-02,6,NSH,W280,SUDGO,CN,2605
CN-2605-LINSO-ZSQD-02,7,SUDGO,W4,WXI,CN,2605
CN-2605-LINSO-ZSQD-02,8,WXI,W59,SUNOK,CN,2605
CN-2605-LINSO-ZSQD-02,9,SUNOK,W103,WFG,CN,2605
CN-2605-LINSO-ZSSS-01,1,LINSO,A599,SGM,CN,2605
CN-2605-LINSO-ZSSS-01,2,SGM,A581,WHA,CN,2605
CN-2605-LINSO-ZSSS-01,3,WHA,R343,PK,CN,2605
CN-2605-LINSO-ZSSS-02,1,LINSO,A599,GYA,CN,2605
CN-2605-LINSO-ZSSS-02,2,GYA,B330,POU,CN,2605
CN-2605-LINSO-ZSSS-02,3,POU,G471,SHL,CN,2605
CN-2605-LINSO-ZSSS-02,4,SHL,W26,UPRIK,CN,2605
CN-2605-LINSO-ZSSS-02,5,UPRIK,W41,OMDUP,CN,2605
CN-2605-LINSO-ZSSS-02,6,OMDUP,G471,PLT,CN,2605
CN-2605-LINSO-ZSSS-02,7,PLT,A599,ELNEX,CN,2605
CN-2605-LINSO-ZSSS-02,8,ELNEX,G204,JTN,CN,2605
CN-2605-LINSO-ZSXZ-01,1,LINSO,A599,SGM,CN,2605
CN-2605-LINSO-ZSXZ-01,2,SGM,A581,WHA,CN,2605
CN-2605-LINSO-ZSXZ-01,3,WHA,R343,HFE,CN,2605
CN-2605-LINSO-ZSXZ-01,4,HFE,W127,ATVIM,CN,2605
CN-2605-LINSO-ZSYA-01,1,LINSO,A599,SGM,CN,2605
CN-2605-LINSO-ZSYA-01,2,SGM,A581,WHA,CN,2605
CN-2605-LINSO-ZSYA-01,3,WHA,R343,OLRIS,CN,2605
CN-2605-LINSO-ZSYA-01,4,OLRIS,G345,ZJ,CN,2605
CN-2605-LINSO-ZSYA-01,5,ZJ,W184,PIMOL,CN,2605
CN-2605-LINSO-ZSYT-01,1,LINSO,A599,SGM,CN,2605
CN-2605-LINSO-ZSYT-01,2,SGM,A581,IDPOG,CN,2605
CN-2605-LINSO-ZSYT-01,3,IDPOG,W56,VADMO,CN,2605
CN-2605-LINSO-ZSYT-01,4,VADMO,W4,WXI,CN,2605
CN-2605-LINSO-ZSYT-01,5,WXI,W59,SUNOK,CN,2605
CN-2605-LINSO-ZSYT-01,6,SUNOK,W103,YQG,CN,2605
CN-2605-LINSO-ZSYT-01,7,YQG,W569,NOBUP,CN,2605
CN-2605-LINSO-ZSYT-01,8,NOBUP,W4,HCH,CN,2605
CN-2605-LINSO-ZUCK-01,1,LINSO,A599,SGM,CN,2605
CN-2605-LINSO-ZUCK-01,2,SGM,W144,ZAT,CN,2605
CN-2605-LINSO-ZUCK-01,3,ZAT,W145,IDSID,CN,2605
CN-2605-LINSO-ZUCK-01,4,IDSID,W30,URGUS,CN,2605
CN-2605-LINSO-ZUCK-01,5,URGUS,W91,EGARA,CN,2605
CN-2605-LINSO-ZUCK-01,6,EGARA,W3,ASIPO,CN,2605
CN-2605-LINSO-ZUCK-01,7,ASIPO,W678,SEGDA,CN,2605
CN-2605-LINSO-ZUGY-01,1,LINSO,A599,SGM,CN,2605
CN-2605-LINSO-ZUGY-01,2,SGM,A581,QNX,CN,2605
CN-2605-LINSO-ZUTF-01,1,LINSO,A599,SGM,CN,2605
CN-2605-LINSO-ZUTF-01,2,SGM,W144,IGNAK,CN,2605
CN-2605-LINSO-ZUUU-01,1,LINSO,A599,SGM,CN,2605
CN-2605-LINSO-ZUUU-01,2,SGM,W144,IGNAK,CN,2605
CN-2605-MAGIT-AGAVO,1,MAGIT,R213,JMU,CN,2605
CN-2605-MAGIT-AGAVO,2,JMU,G212,HRB,CN,2605
CN-2605-MAGIT-AGAVO,3,HRB,A588,CHI,CN,2605
CN-2605-MAGIT-AGAVO,4,CHI,W107,SANKO,CN,2605
CN-2605-MAGIT-AGAVO,5,SANKO,A326,DONVO,CN,2605
CN-2605-MAGIT-AGAVO,6,DONVO,G597,AGAVO,CN,2605
CN-2605-MAGIT-TAMOT,1,MAGIT,R213,JMU,CN,2605
CN-2605-MAGIT-TAMOT,2,JMU,G212,VYK,CN,2605
CN-2605-MAGIT-TAMOT,3,VYK,W37,OMBEB,CN,2605
CN-2605-MAGIT-TAMOT,4,OMBEB,R473,WYN,CN,2605
CN-2605-MAGIT-TAMOT,5,WYN,W18,TAMOT,CN,2605
CN-2605-MAGIT-TEBAK,1,MAGIT,R213,JMU,CN,2605
CN-2605-MAGIT-TEBAK,2,JMU,G212,BUMDU,CN,2605
CN-2605-MAGIT-TEBAK,3,BUMDU,W47,ASAVA,CN,2605
CN-2605-MAGIT-TEBAK,4,ASAVA,W45,NUPTI,CN,2605
CN-2605-MAGIT-TEBAK,5,NUPTI,R343,WUY,CN,2605
CN-2605-MAGIT-TEBAK,6,WUY,R474,TEBAK,CN,2605
CN-2605-MAGIT-VHHH,1,MAGIT,R213,JMU,CN,2605
CN-2605-MAGIT-VHHH,2,JMU,G212,VYK,CN,2605
CN-2605-MAGIT-VHHH,3,VYK,W37,OMBEB,CN,2605
CN-2605-MAGIT-VHHH,4,OMBEB,R473,WYN,CN,2605
CN-2605-MAGIT-VHHH,5,WYN,W18,NLG,CN,2605
CN-2605-MAGIT-VHHH,6,NLG,W23,ZUH,CN,2605
CN-2605-MAGIT-VHHH,7,ZUH,R473,SIERA,CN,2605
CN-2605-MAGIT-ZBAA-01,1,MAGIT,R213,JMU,CN,2605
CN-2605-MAGIT-ZBAA-01,2,JMU,G212,UKDUM,CN,2605
CN-2605-MAGIT-ZBAA-01,3,UKDUM,W49,OSUBA,CN,2605
CN-2605-MAGIT-ZBAD-01,1,MAGIT,R213,JMU,CN,2605
CN-2605-MAGIT-ZBAD-01,2,JMU,G212,BUMDU,CN,2605
CN-2605-MAGIT-ZBHH-01,1,MAGIT,R213,JMU,CN,2605
CN-2605-MAGIT-ZBHH-01,2,JMU,G212,TGO,CN,2605
CN-2605-MAGIT-ZBHH-01,3,TGO,B334,KAKAT,CN,2605
CN-2605-MAGIT-ZBHH-01,4,KAKAT,W28,ISKOB,CN,2605
CN-2605-MAGIT-ZBHH-01,5,ISKOB,G218,TMR,CN,2605
CN-2605-MAGIT-ZBTJ-01,1,MAGIT,R213,JMU,CN,2605
CN-2605-MAGIT-ZBTJ-01,2,JMU,G212,HRB,CN,2605
CN-2605-MAGIT-ZBTJ-01,3,HRB,A588,VENOS,CN,2605
CN-2605-MAGIT-ZBTJ-01,4,VENOS,W573,DBL,CN,2605
CN-2605-MAGIT-ZBTJ-01,5,DBL,W5,EKULI,CN,2605
CN-2605-MAGIT-ZBTJ-01,6,EKULI,W576,OVTUP,CN,2605
CN-2605-MAGIT-ZBTJ-01,7,OVTUP,W55,DUMAP,CN,2605
CN-2605-MAGIT-ZBYN-01,1,MAGIT,R213,JMU,CN,2605
CN-2605-MAGIT-ZBYN-01,2,JMU,G212,VYK,CN,2605
CN-2605-MAGIT-ZBYN-01,3,VYK,B215,TOKUD,CN,2605
CN-2605-MAGIT-ZGHA-01,1,MAGIT,R213,JMU,CN,2605
CN-2605-MAGIT-ZGHA-01,2,JMU,G212,HRB,CN,2605
CN-2605-MAGIT-ZGHA-01,3,HRB,A588,UDETI,CN,2605
CN-2605-MAGIT-ZGHA-01,4,UDETI,W106,MAKNO,CN,2605
CN-2605-MAGIT-ZGHA-01,5,MAKNO,W5,HCH,CN,2605
CN-2605-MAGIT-ZGHA-01,6,HCH,W4,IPNIT,CN,2605
CN-2605-MAGIT-ZGHA-01,7,IPNIT,W37,GUSIV,CN,2605
CN-2605-MAGIT-ZGSZ-01,1,MAGIT,R213,JMU,CN,2605
CN-2605-MAGIT-ZGSZ-01,2,JMU,G212,VYK,CN,2605
CN-2605-MAGIT-ZGSZ-01,3,VYK,W37,OMBEB,CN,2605
CN-2605-MAGIT-ZGSZ-01,4,OMBEB,R473,NOLON,CN,2605
CN-2605-MAGIT-ZGSZ-01,5,NOLON,W90,POU,CN,2605
CN-2605-MAGIT-ZGSZ-01,6,POU,W7,SAREX,CN,2605
CN-2605-MAGIT-ZHCC-01,1,MAGIT,R213,JMU,CN,2605
CN-2605-MAGIT-ZHCC-01,2,JMU,G212,VYK,CN,2605
CN-2605-MAGIT-ZHCC-01,3,VYK,B215,AGVUR,CN,2605
CN-2605-MAGIT-ZHCC-01,4,AGVUR,B208,NOPIN,CN,2605
CN-2605-MAGIT-ZHEC-01,1,MAGIT,R213,JMU,CN,2605
CN-2605-MAGIT-ZHEC-01,2,JMU,G212,VYK,CN,2605
CN-2605-MAGIT-ZHEC-01,3,VYK,W37,ENLAB,CN,2605
CN-2605-MAGIT-ZHHH-01,1,MAGIT,R213,JMU,CN,2605
CN-2605-MAGIT-ZHHH-01,2,JMU,G212,HRB,CN,2605
CN-2605-MAGIT-ZHHH-01,3,HRB,A588,UDETI,CN,2605
CN-2605-MAGIT-ZHHH-01,4,UDETI,W106,MAKNO,CN,2605
CN-2605-MAGIT-ZHHH-01,5,MAKNO,W5,HCH,CN,2605
CN-2605-MAGIT-ZHHH-01,6,HCH,W4,IPNIT,CN,2605
CN-2605-MAGIT-ZHHH-01,7,IPNIT,W37,PONUD,CN,2605
CN-2605-MAGIT-ZJSY-01,1,MAGIT,R213,JMU,CN,2605
CN-2605-MAGIT-ZJSY-01,2,JMU,G212,VYK,CN,2605
CN-2605-MAGIT-ZJSY-01,3,VYK,W37,OMBEB,CN,2605
CN-2605-MAGIT-ZJSY-01,4,OMBEB,R473,WYN,CN,2605
CN-2605-MAGIT-ZJSY-01,5,WYN,W18,TAMOT,CN,2605
CN-2605-MAGIT-ZJSY-01,6,TAMOT,DCT,SIKOU,CN,2605
CN-2605-MAGIT-ZJSY-01,7,SIKOU,A202,SAMAS,CN,2605
CN-2605-MAGIT-ZJSY-01,8,SAMAS,G221,WL,CN,2605
CN-2605-MAGIT-ZLXY-01,1,MAGIT,R213,JMU,CN,2605
CN-2605-MAGIT-ZLXY-01,2,JMU,G212,BUMDU,CN,2605
CN-2605-MAGIT-ZLXY-01,3,BUMDU,W47,LOVRA,CN,2605
CN-2605-MAGIT-ZSHC-01,1,MAGIT,R213,JMU,CN,2605
CN-2605-MAGIT-ZSHC-01,2,JMU,G212,HRB,CN,2605
CN-2605-MAGIT-ZSHC-01,3,HRB,A588,CHI,CN,2605
CN-2605-MAGIT-ZSHC-01,4,CHI,W107,SANKO,CN,2605
CN-2605-MAGIT-ZSHC-01,5,SANKO,A326,AKARA,CN,2605
CN-2605-MAGIT-ZSHC-01,6,AKARA,A593,DUMET,CN,2605
CN-2605-MAGIT-ZSHC-01,7,DUMET,W114,LASAN,CN,2605
CN-2605-MAGIT-ZSHC-01,8,LASAN,G327,NINAS,CN,2605
CN-2605-MAGIT-ZSHC-01,9,NINAS,B221,SUPAR,CN,2605
CN-2605-MAGIT-ZSHC-01,10,SUPAR,W505,DSH,CN,2605
CN-2605-MAGIT-ZSHC-02,1,MAGIT,R213,JMU,CN,2605
CN-2605-MAGIT-ZSHC-02,2,JMU,G212,SOTMU,CN,2605
CN-2605-MAGIT-ZSHC-02,3,SOTMU,W98,ELKUR,CN,2605
CN-2605-MAGIT-ZSHC-02,4,ELKUR,W40,YQG,CN,2605
CN-2605-MAGIT-ZSHC-02,5,YQG,W142,DALIM,CN,2605
CN-2605-MAGIT-ZSHC-02,6,DALIM,A593,DPX,CN,2605
CN-2605-MAGIT-ZSHC-02,7,DPX,A470,OF,CN,2605
CN-2605-MAGIT-ZSHC-02,8,OF,W95,SAPIN,CN,2605
CN-2605-MAGIT-ZSHC-02,9,SAPIN,A470,IGRAT,CN,2605
CN-2605-MAGIT-ZSJN-01,1,MAGIT,R213,JMU,CN,2605
CN-2605-MAGIT-ZSJN-01,2,JMU,G212,HRB,CN,2605
CN-2605-MAGIT-ZSJN-01,3,HRB,A588,UDETI,CN,2605
CN-2605-MAGIT-ZSJN-01,4,UDETI,W106,MAKNO,CN,2605
CN-2605-MAGIT-ZSJN-01,5,MAKNO,W5,HCH,CN,2605
CN-2605-MAGIT-ZSJN-01,6,HCH,W4,BASOV,CN,2605
CN-2605-MAGIT-ZSNJ-01,1,MAGIT,R213,JMU,CN,2605
CN-2605-MAGIT-ZSNJ-01,2,JMU,G212,SOTMU,CN,2605
CN-2605-MAGIT-ZSNJ-01,3,SOTMU,W98,ELKUR,CN,2605
CN-2605-MAGIT-ZSNJ-01,4,ELKUR,W40,YQG,CN,2605
CN-2605-MAGIT-ZSNJ-01,5,YQG,W142,DALIM,CN,2605
CN-2605-MAGIT-ZSNJ-01,6,DALIM,A593,DPX,CN,2605
CN-2605-MAGIT-ZSNJ-01,7,DPX,A470,OF,CN,2605
CN-2605-MAGIT-ZSPD-01,1,MAGIT,R213,JMU,CN,2605
CN-2605-MAGIT-ZSPD-01,2,JMU,G212,SOTMU,CN,2605
CN-2605-MAGIT-ZSPD-01,3,SOTMU,W98,ELKUR,CN,2605
CN-2605-MAGIT-ZSPD-01,4,ELKUR,W40,YQG,CN,2605
CN-2605-MAGIT-ZSPD-01,5,YQG,W142,DALIM,CN,2605
CN-2605-MAGIT-ZSPD-01,6,DALIM,A593,DPX,CN,2605
CN-2605-MAGIT-ZSPD-01,7,DPX,A470,DALNU,CN,2605
CN-2605-MAGIT-ZSPD-01,8,DALNU,W166,ZJ,CN,2605
CN-2605-MAGIT-ZSPD-01,9,ZJ,W167,SASAN,CN,2605
CN-2605-MAGIT-ZSPD-01,10,SASAN,R343,EKIMU,CN,2605
CN-2605-MAGIT-ZSPD-02,1,MAGIT,R213,JMU,CN,2605
CN-2605-MAGIT-ZSPD-02,2,JMU,G212,HRB,CN,2605
CN-2605-MAGIT-ZSPD-02,3,HRB,A588,CHI,CN,2605
CN-2605-MAGIT-ZSPD-02,4,CHI,W107,SANKO,CN,2605
CN-2605-MAGIT-ZSPD-02,5,SANKO,A326,AKARA,CN,2605
CN-2605-MAGIT-ZSPD-02,6,AKARA,A593,PUD,CN,2605
CN-2605-MAGIT-ZSQD-01,1,MAGIT,R213,JMU,CN,2605
CN-2605-MAGIT-ZSQD-01,2,JMU,G212,HRB,CN,2605
CN-2605-MAGIT-ZSQD-01,3,HRB,A588,UDETI,CN,2605
CN-2605-MAGIT-ZSQD-01,4,UDETI,W106,MAKNO,CN,2605
CN-2605-MAGIT-ZSQD-01,5,MAKNO,W5,HCH,CN,2605
CN-2605-MAGIT-ZSQD-01,6,HCH,W651,NOKUD,CN,2605
CN-2605-MAGIT-ZSSS-01,1,MAGIT,R213,JMU,CN,2605
CN-2605-MAGIT-ZSSS-01,2,JMU,G212,SOTMU,CN,2605
CN-2605-MAGIT-ZSSS-01,3,SOTMU,W98,ELKUR,CN,2605
CN-2605-MAGIT-ZSSS-01,4,ELKUR,W40,YQG,CN,2605
CN-2605-MAGIT-ZSSS-01,5,YQG,W142,DALIM,CN,2605
CN-2605-MAGIT-ZSSS-01,6,DALIM,A593,DPX,CN,2605
CN-2605-MAGIT-ZSSS-01,7,DPX,A470,DALNU,CN,2605
CN-2605-MAGIT-ZSSS-01,8,DALNU,W166,ZJ,CN,2605
CN-2605-MAGIT-ZSSS-01,9,ZJ,W167,SASAN,CN,2605
CN-2605-MAGIT-ZSSS-01,10,SASAN,R343,PK,CN,2605
CN-2605-MAGIT-ZSYT-01,1,MAGIT,R213,JMU,CN,2605
CN-2605-MAGIT-ZSYT-01,2,JMU,G212,HRB,CN,2605
CN-2605-MAGIT-ZSYT-01,3,HRB,A588,VENOS,CN,2605
CN-2605-MAGIT-ZSYT-01,4,VENOS,W573,DBL,CN,2605
CN-2605-MAGIT-ZSYT-01,5,DBL,W5,GUMED,CN,2605
CN-2605-MAGIT-ZUCK-01,1,MAGIT,R213,JMU,CN,2605
CN-2605-MAGIT-ZUCK-01,2,JMU,G212,VYK,CN,2605
CN-2605-MAGIT-ZUCK-01,3,VYK,W37,DUBAS,CN,2605
CN-2605-MAGIT-ZUCK-01,4,DUBAS,R343,WHA,CN,2605
CN-2605-MAGIT-ZUCK-01,5,WHA,A581,IDGAG,CN,2605
CN-2605-MAGIT-ZUCK-01,6,IDGAG,W80,IRPOG,CN,2605
CN-2605-MAGIT-ZUGY-01,1,MAGIT,R213,JMU,CN,2605
CN-2605-MAGIT-ZUGY-01,2,JMU,G212,VYK,CN,2605
CN-2605-MAGIT-ZUGY-01,3,VYK,W37,DUBAS,CN,2605
CN-2605-MAGIT-ZUGY-01,4,DUBAS,R343,WHA,CN,2605
CN-2605-MAGIT-ZUGY-01,5,WHA,A581,HUY,CN,2605
CN-2605-MAGIT-ZUGY-01,6,HUY,W183,TRN,CN,2605
CN-2605-MAGIT-ZUGY-01,7,TRN,W680,UBGUP,CN,2605
CN-2605-MAGIT-ZUTF-01,1,MAGIT,R213,JMU,CN,2605
CN-2605-MAGIT-ZUTF-01,2,JMU,G212,BUMDU,CN,2605
CN-2605-MAGIT-ZUTF-01,3,BUMDU,W47,ASAVA,CN,2605
CN-2605-MAGIT-ZUTF-01,4,ASAVA,W45,ATMIL,CN,2605
CN-2605-MAGIT-ZUTF-01,5,ATMIL,W276,ANRUG,CN,2605
CN-2605-MAGIT-ZUTF-01,6,ANRUG,W279,ONEBA,CN,2605
CN-2605-MAGIT-ZUTF-01,7,ONEBA,G212,BUPMI,CN,2605
CN-2605-MAGIT-ZUUU-01,1,MAGIT,R213,JMU,CN,2605
CN-2605-MAGIT-ZUUU-01,2,JMU,G212,VYK,CN,2605
CN-2605-MAGIT-ZUUU-01,3,VYK,B215,KAPDO,CN,2605
CN-2605-MAGIT-ZUUU-01,4,KAPDO,W276,ANRUG,CN,2605
CN-2605-MAGIT-ZUUU-01,5,ANRUG,W279,ONEBA,CN,2605
CN-2605-MAGIT-ZUUU-01,6,ONEBA,G212,SUBUL,CN,2605
CN-2605-MAGIT-ZUUU-01,7,SUBUL,W230,AKDIK,CN,2605
CN-2605-MAGIT-ZUUU-02,1,MAGIT,R213,JMU,CN,2605
CN-2605-MAGIT-ZUUU-02,2,JMU,G212,BUMDU,CN,2605
CN-2605-MAGIT-ZUUU-02,3,BUMDU,W47,ASAVA,CN,2605
CN-2605-MAGIT-ZUUU-02,4,ASAVA,W45,ATMIL,CN,2605
CN-2605-MAGIT-ZUUU-02,5,ATMIL,W276,ANRUG,CN,2605
CN-2605-MAGIT-ZUUU-02,6,ANRUG,W279,ONEBA,CN,2605
CN-2605-MAGIT-ZUUU-02,7,ONEBA,G212,SUBUL,CN,2605
CN-2605-MAGIT-ZUUU-02,8,SUBUL,W230,AKDIK,CN,2605
CN-2605-MAGIT-ZYCC-01,1,MAGIT,R213,JMU,CN,2605
CN-2605-MAGIT-ZYCC-01,2,JMU,G212,HRB,CN,2605
CN-2605-MAGIT-ZYCC-01,3,HRB,A588,PABKI,CN,2605
CN-2605-MAGIT-ZYCC-01,4,PABKI,W655,DUKIR,CN,2605
CN-2605-MAGIT-ZYHB-01,1,MAGIT,R213,JMU,CN,2605
CN-2605-MAGIT-ZYHB-01,2,JMU,G212,IGADO,CN,2605
CN-2605-MAGIT-ZYTL-01,1,MAGIT,R213,JMU,CN,2605
CN-2605-MAGIT-ZYTL-01,2,JMU,G212,HRB,CN,2605
CN-2605-MAGIT-ZYTL-01,3,HRB,A588,VENOS,CN,2605
CN-2605-MAGIT-ZYTX-01,1,MAGIT,R213,JMU,CN,2605
CN-2605-MAGIT-ZYTX-01,2,JMU,G212,HRB,CN,2605
CN-2605-MAGIT-ZYTX-01,3,HRB,A588,LEMOT,CN,2605
CN-2605-MAGOG-SADLI,1,MAGOG,A470,TOL,CN,2605
CN-2605-MAGOG-SADLI,2,TOL,A599,JTN,CN,2605
CN-2605-MAGOG-SADLI,3,JTN,G327,LAMEN,CN,2605
CN-2605-MAGOG-SADLI,4,LAMEN,A593,SADLI,CN,2605
CN-2605-MAGOG-ZGOW-01,1,MAGOG,A470,DOTMI,CN,2605
CN-2605-MAGOG-ZSAM-01,1,MAGOG,A470,TEBON,CN,2605
CN-2605-MAGOG-ZSFZ-01,1,MAGOG,A470,ENVEN,CN,2605
CN-2605-MAGOG-ZSHC-01,1,MAGOG,A470,UGAGO,CN,2605
CN-2605-MAGOG-ZSNB-01,1,MAGOG,A470,LJG,CN,2605
CN-2605-MAGOG-ZSNB-01,2,LJG,B221,SHZ,CN,2605
CN-2605-MAGOG-ZSNJ-01,1,MAGOG,A470,EMRID,CN,2605
CN-2605-MAGOG-ZSNJ-01,2,EMRID,W135,GOSRO,CN,2605
CN-2605-MAGOG-ZSNT-01,1,MAGOG,A470,LJG,CN,2605
CN-2605-MAGOG-ZSNT-01,2,LJG,B221,SHZ,CN,2605
CN-2605-MAGOG-ZSNT-01,3,SHZ,G204,JTN,CN,2605
CN-2605-MAGOG-ZSNT-01,4,JTN,W116,PK,CN,2605
CN-2605-MAGOG-ZSNT-01,5,PK,G330,XIREM,CN,2605
CN-2605-MAGOG-ZSNT-01,6,XIREM,W591,NTG,CN,2605
CN-2605-MAGOG-ZSPD-01,1,MAGOG,A470,LJG,CN,2605
CN-2605-MAGOG-ZSPD-01,2,LJG,B221,SHZ,CN,2605
CN-2605-MAGOG-ZSPD-01,3,SHZ,W58,XSY,CN,2605
CN-2605-MAGOG-ZSQD-01,1,MAGOG,A470,LJG,CN,2605
CN-2605-MAGOG-ZSQD-01,2,LJG,B221,DST,CN,2605
CN-2605-MAGOG-ZSQD-01,3,DST,W117,BEGMO,CN,2605
CN-2605-MAGOG-ZSQD-01,4,BEGMO,W13,PINOT,CN,2605
CN-2605-MAGOG-ZSQD-01,5,PINOT,B221,IDVEL,CN,2605
CN-2605-MAGOG-ZSQZ-01,1,MAGOG,A470,TEBON,CN,2605
CN-2605-MAGOG-ZSSH-01,1,MAGOG,A470,EMRID,CN,2605
CN-2605-MAGOG-ZSSH-01,2,EMRID,W135,DOGVI,CN,2605
CN-2605-MAGOG-ZSSH-01,3,DOGVI,A470,OF,CN,2605
CN-2605-MAGOG-ZSSH-01,4,OF,W178,LAGAL,CN,2605
CN-2605-MAGOG-ZSSH-01,5,LAGAL,W525,HUN,CN,2605
CN-2605-MAGOG-ZSSS-01,1,MAGOG,A470,LJG,CN,2605
CN-2605-MAGOG-ZSSS-01,2,LJG,B221,SHZ,CN,2605
CN-2605-MAGOG-ZSSS-01,3,SHZ,G204,JTN,CN,2605
CN-2605-MAGOG-ZSTX-01,1,MAGOG,A470,UGAGO,CN,2605
CN-2605-MAGOG-ZSTX-01,2,UGAGO,G204,TXN,CN,2605
CN-2605-MAGOG-ZSWZ-01,1,MAGOG,A470,LJG,CN,2605
CN-2605-MAGOG-ZSWZ-01,2,LJG,B221,MUDOD,CN,2605
CN-2605-MAGOG-ZSWZ-01,3,MUDOD,W76,UNRUP,CN,2605
CN-2605-MAGOG-ZSXZ-01,1,MAGOG,A470,EMRID,CN,2605
CN-2605-MAGOG-ZSXZ-01,2,EMRID,W135,DOGVI,CN,2605
CN-2605-MAGOG-ZSXZ-01,3,DOGVI,A470,DPX,CN,2605
CN-2605-MAGOG-ZSXZ-01,4,DPX,W126,DO,CN,2605
CN-2605-MN-TAMOT,1,MORIT,B330,KWE,CN,2605
CN-2605-MN-TAMOT,2,KWE,W181,DUDIT,CN,2605
CN-2605-MN-TAMOT,3,DUDIT,A599,POU,CN,2605
CN-2605-MN-TAMOT,4,POU,B330,TAMOT,CN,2605
CN-2605-MN-TAMOT,5,TAMOT,DCT,NIXAL,CN,2605
CN-2605-MN-TAMOT,6,NIXAL,G343,TMR,CN,2605
CN-2605-MN-TAMOT,7,TMR,B458,DADGA,CN,2605
CN-2605-MN-TAMOT,8,DADGA,W37,OMBEB,CN,2605
CN-2605-MN-TAMOT,9,OMBEB,R473,WYN,CN,2605
CN-2605-MN-TAMOT,10,WYN,W18,TAMOT,CN,2605
CN-2605-MN-VHHH,1,MORIT,B330,KWE,CN,2605
CN-2605-MN-VHHH,2,KWE,W181,DUDIT,CN,2605
CN-2605-MN-VHHH,3,DUDIT,A599,POU,CN,2605
CN-2605-MN-VHHH,4,POU,R473,SIERA,CN,2605
CN-2605-MN-VHHH,5,SIERA,DCT,NIXAL,CN,2605
CN-2605-MN-VHHH,6,NIXAL,G343,TMR,CN,2605
CN-2605-MN-VHHH,7,TMR,B458,DADGA,CN,2605
CN-2605-MN-VHHH,8,DADGA,W37,OMBEB,CN,2605
CN-2605-MN-VHHH,9,OMBEB,R473,WYN,CN,2605
CN-2605-MN-VHHH,10,WYN,W18,NLG,CN,2605
CN-2605-MN-VHHH,11,NLG,W23,ZUH,CN,2605
CN-2605-MN-VHHH,12,ZUH,R473,SIERA,CN,2605
CN-2605-MORIT-KATBO,1,MORIT,B330,UBKER,CN,2605
CN-2605-MORIT-KATBO,2,UBKER,G212,SGM,CN,2605
CN-2605-MORIT-KATBO,3,SGM,A599,ADBAG,CN,2605
CN-2605-MORIT-KATBO,4,ADBAG,R471,KATBO,CN,2605
CN-2605-MORIT-LINSO,1,MORIT,B330,UBKER,CN,2605
CN-2605-MORIT-LINSO,2,UBKER,G212,SGM,CN,2605
CN-2605-MORIT-LINSO,3,SGM,A599,LINSO,CN,2605
CN-2605-MORIT-SAGAG,1,MORIT,B330,UBKER,CN,2605
CN-2605-MORIT-SAGAG,2,UBKER,G212,SGM,CN,2605
CN-2605-MORIT-SAGAG,3,SGM,A581,SAGAG,CN,2605
CN-2605-MORIT-TAMOT,1,MORIT,B330,KWE,CN,2605
CN-2605-MORIT-TAMOT,2,KWE,W181,DUDIT,CN,2605
CN-2605-MORIT-TAMOT,3,DUDIT,A599,POU,CN,2605
CN-2605-MORIT-TAMOT,4,POU,B330,TAMOT,CN,2605
CN-2605-MORIT-VHHH,1,MORIT,B330,KWE,CN,2605
CN-2605-MORIT-VHHH,2,KWE,W181,DUDIT,CN,2605
CN-2605-MORIT-VHHH,3,DUDIT,A599,POU,CN,2605
CN-2605-MORIT-VHHH,4,POU,R473,SIERA,CN,2605
CN-2605-MORIT-VMMC,1,MORIT,B330,KWE,CN,2605
CN-2605-MORIT-VMMC,2,KWE,W181,DUDIT,CN,2605
CN-2605-MORIT-VMMC,3,DUDIT,A599,POU,CN,2605
CN-2605-MORIT-VMMC,4,POU,W7,SAREX,CN,2605
CN-2605-MORIT-VMMC,5,SAREX,W6,LATOP,CN,2605
CN-2605-MORIT-ZBDS-01,1,MORIT,B330,NOLOM,CN,2605
CN-2605-MORIT-ZBDS-01,2,NOLOM,W270,DKO,CN,2605
CN-2605-MORIT-ZBDS-01,3,DKO,W64,OMGEL,CN,2605
CN-2605-MORIT-ZBDS-01,4,OMGEL,W193,ALGOV,CN,2605
CN-2605-MORIT-ZGGG-01,1,MORIT,B330,KWE,CN,2605
CN-2605-MORIT-ZGGG-01,2,KWE,W181,DUDIT,CN,2605
CN-2605-MORIT-ZGGG-01,3,DUDIT,A599,GYA,CN,2605
CN-2605-MORIT-ZGSZ-01,1,MORIT,B330,KWE,CN,2605
CN-2605-MORIT-ZGSZ-01,2,KWE,W181,DUDIT,CN,2605
CN-2605-MORIT-ZGSZ-01,3,DUDIT,A599,POU,CN,2605
CN-2605-MORIT-ZGSZ-01,4,POU,W7,SAREX,CN,2605
CN-2605-MORIT-ZJHK-01,1,MORIT,B330,KWE,CN,2605
CN-2605-MORIT-ZJHK-01,2,KWE,W181,DUDIT,CN,2605
CN-2605-MORIT-ZJHK-01,3,DUDIT,A599,LBN,CN,2605
CN-2605-MORIT-ZJHK-01,4,LBN,W159,BHY,CN,2605
CN-2605-MORIT-ZJHK-01,5,BHY,W70,NYB,CN,2605
CN-2605-MORIT-ZJSY-01,1,MORIT,B330,KWE,CN,2605
CN-2605-MORIT-ZJSY-01,2,KWE,W181,DUDIT,CN,2605
CN-2605-MORIT-ZJSY-01,3,DUDIT,A599,LBN,CN,2605
CN-2605-MORIT-ZJSY-01,4,LBN,W159,BHY,CN,2605
CN-2605-MORIT-ZJSY-01,5,BHY,W70,NYB,CN,2605
CN-2605-MORIT-ZJSY-01,6,NYB,G221,WL,CN,2605
CN-2605-MORIT-ZLIC-01,1,MORIT,B330,ELRUB,CN,2605
CN-2605-MORIT-ZLIC-01,2,ELRUB,W199,YHD,CN,2605
CN-2605-MORIT-ZLLL-01,1,MORIT,B330,IDUGI,CN,2605
CN-2605-MORIT-ZLXY-01,1,MORIT,B330,BIGUX,CN,2605
CN-2605-MORIT-ZLXY-01,2,BIGUX,W214,HO,CN,2605
CN-2605-MORIT-ZPPP-01,1,MORIT,B330,UBKER,CN,2605
CN-2605-MORIT-ZPPP-01,2,UBKER,G212,SGM,CN,2605
CN-2605-MORIT-ZUCK-01,1,MORIT,B330,OVRAL,CN,2605
CN-2605-MORIT-ZUCK-01,2,OVRAL,W242,VIPAG,CN,2605
CN-2605-MORIT-ZUCK-01,3,VIPAG,W666,VINEX,CN,2605
CN-2605-MORIT-ZUGY-01,1,MORIT,B330,QNX,CN,2605
CN-2605-MORIT-ZUTF-01,1,MORIT,B330,MEXAD,CN,2605
CN-2605-MORIT-ZUUU-01,1,MORIT,B330,MEXAD,CN,2605
CN-2605-MORIT-ZWWW-01,1,MORIT,B330,IPDAT,CN,2605
CN-2605-MORIT-ZWWW-01,2,IPDAT,W66,NUKTI,CN,2605
CN-2605-MORIT-ZWWW-01,3,NUKTI,B215,HAM,CN,2605
CN-2605-MORIT-ZWWW-01,4,HAM,W99,FKG,CN,2605
CN-2605-MORIT-ZWWW-01,5,FKG,B215,WUR,CN,2605
CN-2605-MPSMS-TAMOT,1,MAGIT,R213,JMU,CN,2605
CN-2605-MPSMS-TAMOT,2,JMU,G212,VYK,CN,2605
CN-2605-MPSMS-TAMOT,3,VYK,W37,OMBEB,CN,2605
CN-2605-MPSMS-TAMOT,4,OMBEB,R473,WYN,CN,2605
CN-2605-MPSMS-TAMOT,5,WYN,W18,TAMOT,CN,2605
CN-2605-MPSMS-TAMOT,6,TAMOT,DCT,POLHO,CN,2605
CN-2605-MPSMS-TAMOT,7,POLHO,G218,TMR,CN,2605
CN-2605-MPSMS-TAMOT,8,TMR,B458,DADGA,CN,2605
CN-2605-MPSMS-TAMOT,9,DADGA,W37,OMBEB,CN,2605
CN-2605-MPSMS-TAMOT,10,OMBEB,R473,WYN,CN,2605
CN-2605-MPSMS-TAMOT,11,WYN,W18,TAMOT,CN,2605
CN-2605-MPSMS-TAMOT,12,TAMOT,DCT,SIMLI,CN,2605
CN-2605-MPSMS-TAMOT,13,SIMLI,A588,HRB,CN,2605
CN-2605-MPSMS-TAMOT,14,HRB,G212,VYK,CN,2605
CN-2605-MPSMS-TAMOT,15,VYK,W37,OMBEB,CN,2605
CN-2605-MPSMS-TAMOT,16,OMBEB,R473,WYN,CN,2605
CN-2605-MPSMS-TAMOT,17,WYN,W18,TAMOT,CN,2605
CN-2605-MPSMS-TAMOT,18,TAMOT,DCT,MORIT,CN,2605
CN-2605-MPSMS-TAMOT,19,MORIT,B330,KWE,CN,2605
CN-2605-MPSMS-TAMOT,20,KWE,W181,DUDIT,CN,2605
CN-2605-MPSMS-TAMOT,21,DUDIT,A599,POU,CN,2605
CN-2605-MPSMS-TAMOT,22,POU,B330,TAMOT,CN,2605
CN-2605-MPSMS-TAMOT,23,TAMOT,DCT,SADLI,CN,2605
CN-2605-MPSMS-TAMOT,24,SADLI,A593,PUD,CN,2605
CN-2605-MPSMS-TAMOT,25,PUD,A599,NXD,CN,2605
CN-2605-MPSMS-TAMOT,26,NXD,W131,AKDIM,CN,2605
CN-2605-MPSMS-TAMOT,27,AKDIM,A470,DUBGO,CN,2605
CN-2605-MPSMS-TAMOT,28,DUBGO,W134,ELNEX,CN,2605
CN-2605-MPSMS-TAMOT,29,ELNEX,A599,PLT,CN,2605
CN-2605-MPSMS-TAMOT,30,PLT,W19,NOMAR,CN,2605
CN-2605-MPSMS-TAMOT,31,NOMAR,W18,TAMOT,CN,2605
CN-2605-MPSMS-VHHH,1,MAGIT,R213,JMU,CN,2605
CN-2605-MPSMS-VHHH,2,JMU,G212,VYK,CN,2605
CN-2605-MPSMS-VHHH,3,VYK,W37,OMBEB,CN,2605
CN-2605-MPSMS-VHHH,4,OMBEB,R473,WYN,CN,2605
CN-2605-MPSMS-VHHH,5,WYN,W18,NLG,CN,2605
CN-2605-MPSMS-VHHH,6,NLG,W23,ZUH,CN,2605
CN-2605-MPSMS-VHHH,7,ZUH,R473,SIERA,CN,2605
CN-2605-MPSMS-VHHH,8,SIERA,DCT,POLHO,CN,2605
CN-2605-MPSMS-VHHH,9,POLHO,G218,TMR,CN,2605
CN-2605-MPSMS-VHHH,10,TMR,B458,DADGA,CN,2605
CN-2605-MPSMS-VHHH,11,DADGA,W37,OMBEB,CN,2605
CN-2605-MPSMS-VHHH,12,OMBEB,R473,WYN,CN,2605
CN-2605-MPSMS-VHHH,13,WYN,W18,NLG,CN,2605
CN-2605-MPSMS-VHHH,14,NLG,W23,ZUH,CN,2605
CN-2605-MPSMS-VHHH,15,ZUH,R473,SIERA,CN,2605
CN-2605-MPSMS-VHHH,16,SIERA,DCT,SIMLI,CN,2605
CN-2605-MPSMS-VHHH,17,SIMLI,A588,HRB,CN,2605
CN-2605-MPSMS-VHHH,18,HRB,G212,VYK,CN,2605
CN-2605-MPSMS-VHHH,19,VYK,W37,OMBEB,CN,2605
CN-2605-MPSMS-VHHH,20,OMBEB,R473,WYN,CN,2605
CN-2605-MPSMS-VHHH,21,WYN,W18,NLG,CN,2605
CN-2605-MPSMS-VHHH,22,NLG,W23,ZUH,CN,2605
CN-2605-MPSMS-VHHH,23,ZUH,R473,SIERA,CN,2605
CN-2605-MPSMS-VHHH,24,SIERA,DCT,MORIT,CN,2605
CN-2605-MPSMS-VHHH,25,MORIT,B330,KWE,CN,2605
CN-2605-MPSMS-VHHH,26,KWE,W181,DUDIT,CN,2605
CN-2605-MPSMS-VHHH,27,DUDIT,A599,POU,CN,2605
CN-2605-MPSMS-VHHH,28,POU,R473,SIERA,CN,2605
CN-2605-MPSMS-VHHH,29,SIERA,DCT,SADLI,CN,2605
CN-2605-MPSMS-VHHH,30,SADLI,A593,PUD,CN,2605
CN-2605-MPSMS-VHHH,31,PUD,A599,NXD,CN,2605
CN-2605-MPSMS-VHHH,32,NXD,W131,AKDIM,CN,2605
CN-2605-MPSMS-VHHH,33,AKDIM,A470,DUBGO,CN,2605
CN-2605-MPSMS-VHHH,34,DUBGO,W134,ELNEX,CN,2605
CN-2605-MPSMS-VHHH,35,ELNEX,A599,PLT,CN,2605
CN-2605-MPSMS-VHHH,36,PLT,W19,NOMAR,CN,2605
CN-2605-MPSMS-VHHH,37,NOMAR,W18,NLG,CN,2605
CN-2605-MPSMS-VHHH,38,NLG,W23,ZUH,CN,2605
CN-2605-MPSMS-VHHH,39,ZUH,R473,SIERA,CN,2605
CN-2605-NIXAL-SADLI,1,NIXAL,B208,CGO,CN,2605
CN-2605-NIXAL-SADLI,2,CGO,W129,KAMDA,CN,2605
CN-2605-NIXAL-SADLI,3,KAMDA,W128,FYG,CN,2605
CN-2605-NIXAL-SADLI,4,FYG,B208,HFE,CN,2605
CN-2605-NIXAL-SADLI,5,HFE,R343,PK,CN,2605
CN-2605-NIXAL-SADLI,6,PK,W116,JTN,CN,2605
CN-2605-NIXAL-SADLI,7,JTN,G327,LAMEN,CN,2605
CN-2605-NIXAL-SADLI,8,LAMEN,A593,SADLI,CN,2605
CN-2605-NIXAL-SAGAG,1,NIXAL,B208,ESDIB,CN,2605
CN-2605-NIXAL-SAGAG,2,ESDIB,W276,ANRUG,CN,2605
CN-2605-NIXAL-SAGAG,3,ANRUG,W279,ONEBA,CN,2605
CN-2605-NIXAL-SAGAG,4,ONEBA,G212,SGM,CN,2605
CN-2605-NIXAL-SAGAG,5,SGM,A581,SAGAG,CN,2605
CN-2605-NIXAL-TAMOT,1,NIXAL,G343,TMR,CN,2605
CN-2605-NIXAL-TAMOT,2,TMR,B458,DADGA,CN,2605
CN-2605-NIXAL-TAMOT,3,DADGA,W37,OMBEB,CN,2605
CN-2605-NIXAL-TAMOT,4,OMBEB,R473,WYN,CN,2605
CN-2605-NIXAL-TAMOT,5,WYN,W18,TAMOT,CN,2605
CN-2605-NIXAL-TEBAK,1,NIXAL,B208,SQ,CN,2605
CN-2605-NIXAL-TEBAK,2,SQ,W45,NUPTI,CN,2605
CN-2605-NIXAL-TEBAK,3,NUPTI,R343,WUY,CN,2605
CN-2605-NIXAL-TEBAK,4,WUY,R474,TEBAK,CN,2605
CN-2605-NIXAL-VHHH,1,NIXAL,G343,TMR,CN,2605
CN-2605-NIXAL-VHHH,2,TMR,B458,DADGA,CN,2605
CN-2605-NIXAL-VHHH,3,DADGA,W37,OMBEB,CN,2605
CN-2605-NIXAL-VHHH,4,OMBEB,R473,WYN,CN,2605
CN-2605-NIXAL-VHHH,5,WYN,W18,NLG,CN,2605
CN-2605-NIXAL-VHHH,6,NLG,W23,ZUH,CN,2605
CN-2605-NIXAL-VHHH,7,ZUH,R473,SIERA,CN,2605
CN-2605-NIXAL-ZBDS-01,1,NIXAL,B208,HET,CN,2605
CN-2605-NIXAL-ZBDS-01,2,HET,W84,TOREL,CN,2605
CN-2605-NIXAL-ZBDS-01,3,TOREL,W69,DUDIL,CN,2605
CN-2605-NIXAL-ZBDS-01,4,DUDIL,W101,ALGOV,CN,2605
CN-2605-NIXAL-ZBHH-01,1,NIXAL,G343,TMR,CN,2605
CN-2605-NIXAL-ZBSJ-01,1,NIXAL,B208,AGVUR,CN,2605
CN-2605-NIXAL-ZBSJ-01,2,AGVUR,W87,BESGI,CN,2605
CN-2605-NIXAL-ZBSJ-01,3,BESGI,G212,TONOV,CN,2605
CN-2605-NIXAL-ZBYN-01,1,NIXAL,B208,AGVUR,CN,2605
CN-2605-NIXAL-ZGHA-01,1,NIXAL,B208,CGO,CN,2605
CN-2605-NIXAL-ZGHA-01,2,CGO,W129,KAMDA,CN,2605
CN-2605-NIXAL-ZGHA-01,3,KAMDA,W128,DUDBI,CN,2605
CN-2605-NIXAL-ZGHA-01,4,DUDBI,W37,GUSIV,CN,2605
CN-2605-NIXAL-ZGSZ-01,1,NIXAL,G343,TMR,CN,2605
CN-2605-NIXAL-ZGSZ-01,2,TMR,B458,DADGA,CN,2605
CN-2605-NIXAL-ZGSZ-01,3,DADGA,W37,OMBEB,CN,2605
CN-2605-NIXAL-ZGSZ-01,4,OMBEB,R473,NOLON,CN,2605
CN-2605-NIXAL-ZGSZ-01,5,NOLON,W90,POU,CN,2605
CN-2605-NIXAL-ZGSZ-01,6,POU,W7,SAREX,CN,2605
CN-2605-NIXAL-ZHCC-01,1,NIXAL,B208,NOPIN,CN,2605
CN-2605-NIXAL-ZHEC-01,1,NIXAL,B208,CGO,CN,2605
CN-2605-NIXAL-ZHEC-01,2,CGO,W129,KAMDA,CN,2605
CN-2605-NIXAL-ZHEC-01,3,KAMDA,W128,DUDBI,CN,2605
CN-2605-NIXAL-ZHEC-01,4,DUDBI,W37,ENLAB,CN,2605
CN-2605-NIXAL-ZHHH-01,1,NIXAL,B208,CGO,CN,2605
CN-2605-NIXAL-ZHHH-01,2,CGO,W129,KAMDA,CN,2605
CN-2605-NIXAL-ZHHH-01,3,KAMDA,W128,DUDBI,CN,2605
CN-2605-NIXAL-ZHHH-01,4,DUDBI,W37,PONUD,CN,2605
CN-2605-NIXAL-ZSAM-01,1,NIXAL,B208,CGO,CN,2605
CN-2605-NIXAL-ZSAM-01,2,CGO,W129,KAMDA,CN,2605
CN-2605-NIXAL-ZSAM-01,3,KAMDA,W128,FYG,CN,2605
CN-2605-NIXAL-ZSAM-01,4,FYG,B208,HFE,CN,2605
CN-2605-NIXAL-ZSAM-01,5,HFE,R343,UPLEL,CN,2605
CN-2605-NIXAL-ZSAM-01,6,UPLEL,W95,SAPIN,CN,2605
CN-2605-NIXAL-ZSAM-01,7,SAPIN,A470,ENVEN,CN,2605
CN-2605-NIXAL-ZSCN-01,1,NIXAL,B208,CGO,CN,2605
CN-2605-NIXAL-ZSCN-01,2,CGO,W129,KAMDA,CN,2605
CN-2605-NIXAL-ZSCN-01,3,KAMDA,W128,DUDBI,CN,2605
CN-2605-NIXAL-ZSCN-01,4,DUDBI,W37,HG,CN,2605
CN-2605-NIXAL-ZSCN-01,5,HG,W50,XSH,CN,2605
CN-2605-NIXAL-ZSCN-01,6,XSH,W105,PEXEK,CN,2605
CN-2605-NIXAL-ZSFZ-01,1,NIXAL,B208,CGO,CN,2605
CN-2605-NIXAL-ZSFZ-01,2,CGO,W129,KAMDA,CN,2605
CN-2605-NIXAL-ZSFZ-01,3,KAMDA,W128,FYG,CN,2605
CN-2605-NIXAL-ZSFZ-01,4,FYG,B208,HFE,CN,2605
CN-2605-NIXAL-ZSFZ-01,5,HFE,R343,UPLEL,CN,2605
CN-2605-NIXAL-ZSFZ-01,6,UPLEL,W95,SAPIN,CN,2605
CN-2605-NIXAL-ZSFZ-01,7,SAPIN,A470,PADRU,CN,2605
CN-2605-NIXAL-ZSHC-01,1,NIXAL,B208,CGO,CN,2605
CN-2605-NIXAL-ZSHC-01,2,CGO,W129,KAMDA,CN,2605
CN-2605-NIXAL-ZSHC-01,3,KAMDA,W128,FYG,CN,2605
CN-2605-NIXAL-ZSHC-01,4,FYG,B208,HFE,CN,2605
CN-2605-NIXAL-ZSHC-01,5,HFE,R343,UPLEL,CN,2605
CN-2605-NIXAL-ZSHC-01,6,UPLEL,W95,SAPIN,CN,2605
CN-2605-NIXAL-ZSHC-01,7,SAPIN,A470,IGRAT,CN,2605
CN-2605-NIXAL-ZSNJ-01,1,NIXAL,B208,CGO,CN,2605
CN-2605-NIXAL-ZSNJ-01,2,CGO,W129,KAMDA,CN,2605
CN-2605-NIXAL-ZSNJ-01,3,KAMDA,W128,FYG,CN,2605
CN-2605-NIXAL-ZSNJ-01,4,FYG,B208,HFE,CN,2605
CN-2605-NIXAL-ZSNJ-01,5,HFE,W51,LEGIV,CN,2605
CN-2605-NIXAL-ZSNJ-01,6,LEGIV,W164,OREVO,CN,2605
CN-2605-NIXAL-ZSOF-01,1,NIXAL,B208,CGO,CN,2605
CN-2605-NIXAL-ZSOF-01,2,CGO,W129,KAMDA,CN,2605
CN-2605-NIXAL-ZSOF-01,3,KAMDA,W128,FYG,CN,2605
CN-2605-NIXAL-ZSOF-01,4,FYG,B208,BIPIM,CN,2605
CN-2605-NIXAL-ZSPD-01,1,NIXAL,B208,CGO,CN,2605
CN-2605-NIXAL-ZSPD-01,2,CGO,W129,KAMDA,CN,2605
CN-2605-NIXAL-ZSPD-01,3,KAMDA,W128,FYG,CN,2605
CN-2605-NIXAL-ZSPD-01,4,FYG,B208,HFE,CN,2605
CN-2605-NIXAL-ZSPD-01,5,HFE,R343,EKIMU,CN,2605
CN-2605-NIXAL-ZSSS-01,1,NIXAL,B208,CGO,CN,2605
CN-2605-NIXAL-ZSSS-01,2,CGO,W129,KAMDA,CN,2605
CN-2605-NIXAL-ZSSS-01,3,KAMDA,W128,FYG,CN,2605
CN-2605-NIXAL-ZSSS-01,4,FYG,B208,HFE,CN,2605
CN-2605-NIXAL-ZSSS-01,5,HFE,R343,PK,CN,2605
CN-2605-NIXAL-ZSWZ-01,1,NIXAL,B208,CGO,CN,2605
CN-2605-NIXAL-ZSWZ-01,2,CGO,W129,KAMDA,CN,2605
CN-2605-NIXAL-ZSWZ-01,3,KAMDA,W128,FYG,CN,2605
CN-2605-NIXAL-ZSWZ-01,4,FYG,B208,HFE,CN,2605
CN-2605-NIXAL-ZSWZ-01,5,HFE,R343,UPLEL,CN,2605
CN-2605-NIXAL-ZSWZ-01,6,UPLEL,W95,SAPIN,CN,2605
CN-2605-NIXAL-ZSWZ-01,7,SAPIN,A470,KAGED,CN,2605
CN-2605-NIXAL-ZUUU-01,1,NIXAL,B208,ESDIB,CN,2605
CN-2605-NIXAL-ZUUU-01,2,ESDIB,W276,ANRUG,CN,2605
CN-2605-NIXAL-ZUUU-01,3,ANRUG,W279,ONEBA,CN,2605
CN-2605-NIXAL-ZUUU-01,4,ONEBA,G212,SUBUL,CN,2605
CN-2605-NIXAL-ZUUU-01,5,SUBUL,W230,AKDIK,CN,2605
CN-2605-NONIM-ZBAA-01,1,NONIM,B345,LXA,CN,2605
CN-2605-NONIM-ZBAA-01,2,LXA,W500,DM,CN,2605
CN-2605-NONIM-ZBAA-01,3,DM,W9,CZH,CN,2605
CN-2605-NONIM-ZBAA-01,4,CZH,B213,WFX,CN,2605
CN-2605-NONIM-ZBAA-01,5,WFX,W179,JTG,CN,2605
CN-2605-NONIM-ZBAA-01,6,JTG,W277,VARSO,CN,2605
CN-2605-NONIM-ZBAA-01,7,VARSO,W69,GUVBA,CN,2605
CN-2605-NONIM-ZBAD-01,1,NONIM,B345,LXA,CN,2605
CN-2605-NONIM-ZBAD-01,2,LXA,W500,DM,CN,2605
CN-2605-NONIM-ZBAD-01,3,DM,W9,CZH,CN,2605
CN-2605-NONIM-ZBAD-01,4,CZH,B213,WFX,CN,2605
CN-2605-NONIM-ZBAD-01,5,WFX,W81,APIMI,CN,2605
CN-2605-NONIM-ZBAD-01,6,APIMI,W275,WJC,CN,2605
CN-2605-NONIM-ZBAD-01,7,WJC,G212,BELAX,CN,2605
CN-2605-NONIM-ZLXY-01,1,NONIM,B345,LXA,CN,2605
CN-2605-NONIM-ZLXY-01,2,LXA,W500,DM,CN,2605
CN-2605-NONIM-ZLXY-01,3,DM,W9,CZH,CN,2605
CN-2605-NONIM-ZLXY-01,4,CZH,B213,WFX,CN,2605
CN-2605-NONIM-ZLXY-01,5,WFX,W81,APIMI,CN,2605
CN-2605-NONIM-ZLXY-01,6,APIMI,W275,NSH,CN,2605
CN-2605-NONIM-ZUCK-01,1,NONIM,B345,LXA,CN,2605
CN-2605-NONIM-ZUCK-01,2,LXA,W500,DM,CN,2605
CN-2605-NONIM-ZUCK-01,3,DM,W9,CZH,CN,2605
CN-2605-NONIM-ZUCK-01,4,CZH,B213,VINEX,CN,2605
CN-2605-NONIM-ZULS-01,1,NONIM,B345,LXA,CN,2605
CN-2605-NONIM-ZUTF-01,1,NONIM,B345,LXA,CN,2605
CN-2605-NONIM-ZUTF-01,2,LXA,W500,DM,CN,2605
CN-2605-NONIM-ZUTF-01,3,DM,W9,LADUP,CN,2605
CN-2605-NONIM-ZUUU-01,1,NONIM,B345,LXA,CN,2605
CN-2605-NONIM-ZUUU-01,2,LXA,W500,DM,CN,2605
CN-2605-NONIM-ZUUU-01,3,DM,W9,LADUP,CN,2605
CN-2605-OGIGI-PURPA,1,OGIGI,L43,KHG,CN,2605
CN-2605-OGIGI-PURPA,2,KHG,W176,MAGIV,CN,2605
CN-2605-OGIGI-PURPA,3,MAGIV,B215,PURPA,CN,2605
CN-2605-OGIGI-ZBAD-01,1,OGIGI,L43,KHG,CN,2605
CN-2605-OGIGI-ZBAD-01,2,KHG,W176,MAGIV,CN,2605
CN-2605-OGIGI-ZBAD-01,3,MAGIV,B215,FKG,CN,2605
CN-2605-OGIGI-ZBAD-01,4,FKG,W188,LIKMI,CN,2605
CN-2605-OGIGI-ZBAD-01,5,LIKMI,W270,DKO,CN,2605
CN-2605-OGIGI-ZBAD-01,6,DKO,W64,ELAPU,CN,2605
CN-2605-OGIGI-ZGGG-01,1,OGIGI,L43,KHG,CN,2605
CN-2605-OGIGI-ZGGG-01,2,KHG,W176,MAGIV,CN,2605
CN-2605-OGIGI-ZGGG-01,3,MAGIV,W187,TUSLI,CN,2605
CN-2605-OGIGI-ZGGG-01,4,TUSLI,W112,VIKUP,CN,2605
CN-2605-OGIGI-ZGGG-01,5,VIKUP,W191,DNC,CN,2605
CN-2605-OGIGI-ZGGG-01,6,DNC,W565,BIGUX,CN,2605
CN-2605-OGIGI-ZGGG-01,7,BIGUX,B330,KWE,CN,2605
CN-2605-OGIGI-ZGGG-01,8,KWE,W181,DUDIT,CN,2605
CN-2605-OGIGI-ZGGG-01,9,DUDIT,A599,GYA,CN,2605
CN-2605-OGIGI-ZLXY-01,1,OGIGI,L43,KHG,CN,2605
CN-2605-OGIGI-ZLXY-01,2,KHG,W176,MAGIV,CN,2605
CN-2605-OGIGI-ZLXY-01,3,MAGIV,W187,TUSLI,CN,2605
CN-2605-OGIGI-ZLXY-01,4,TUSLI,W112,VIKUP,CN,2605
CN-2605-OGIGI-ZLXY-01,5,VIKUP,W191,DNC,CN,2605
CN-2605-OGIGI-ZLXY-01,6,DNC,W565,BIGUX,CN,2605
CN-2605-OGIGI-ZLXY-01,7,BIGUX,W214,HO,CN,2605
CN-2605-OGIGI-ZWSH-01,1,OGIGI,L43,KHG,CN,2605
CN-2605-OGIGI-ZWWW-01,1,OGIGI,L43,KHG,CN,2605
CN-2605-OGIGI-ZWWW-01,2,KHG,W176,MAGIV,CN,2605
CN-2605-OGIGI-ZWWW-01,3,MAGIV,B215,EPDAG,CN,2605
CN-2605-POLHO-AGAVO,1,POLHO,W33,UKDUM,CN,2605
CN-2605-POLHO-AGAVO,2,UKDUM,W201,UNSEK,CN,2605
CN-2605-POLHO-AGAVO,3,UNSEK,A326,DONVO,CN,2605
CN-2605-POLHO-AGAVO,4,DONVO,G597,AGAVO,CN,2605
CN-2605-POLHO-VHHH,1,POLHO,G218,TMR,CN,2605
CN-2605-POLHO-VHHH,2,TMR,B458,DADGA,CN,2605
CN-2605-POLHO-VHHH,3,DADGA,W37,OMBEB,CN,2605
CN-2605-POLHO-VHHH,4,OMBEB,R473,WYN,CN,2605
CN-2605-POLHO-VHHH,5,WYN,W18,NLG,CN,2605
CN-2605-POLHO-VHHH,6,NLG,W23,ZUH,CN,2605
CN-2605-POLHO-VHHH,7,ZUH,R473,SIERA,CN,2605
CN-2605-POLHO-ZBAA-01,1,POLHO,G218,TMR,CN,2605
CN-2605-POLHO-ZBAA-01,2,TMR,B458,BIKUT,CN,2605
CN-2605-POLHO-ZBAA-01,3,BIKUT,W69,GUVBA,CN,2605
CN-2605-POLHO-ZBAD-01,1,POLHO,G218,TMR,CN,2605
CN-2605-POLHO-ZBAD-01,2,TMR,W65,SELGO,CN,2605
CN-2605-POLHO-ZBAD-01,3,SELGO,W247,IVTIN,CN,2605
CN-2605-POLHO-ZBAD-01,4,IVTIN,W64,ELAPU,CN,2605
CN-2605-POLHO-ZGGG-01,1,POLHO,G218,TMR,CN,2605
CN-2605-POLHO-ZGGG-01,2,TMR,B458,DADGA,CN,2605
CN-2605-POLHO-ZGGG-01,3,DADGA,W37,OMBEB,CN,2605
CN-2605-POLHO-ZGGG-01,4,OMBEB,R473,BEMAG,CN,2605
CN-2605-POLHO-ZGGG-01,5,BEMAG,V5,ENVIP,CN,2605
CN-2605-POLHO-ZGSZ-01,1,POLHO,G218,TMR,CN,2605
CN-2605-POLHO-ZGSZ-01,2,TMR,B458,DADGA,CN,2605
CN-2605-POLHO-ZGSZ-01,3,DADGA,W37,OMBEB,CN,2605
CN-2605-POLHO-ZGSZ-01,4,OMBEB,R473,NOLON,CN,2605
CN-2605-POLHO-ZGSZ-01,5,NOLON,W90,POU,CN,2605
CN-2605-POLHO-ZGSZ-01,6,POU,W7,SAREX,CN,2605
CN-2605-POLHO-ZHHH-01,1,POLHO,G218,TMR,CN,2605
CN-2605-POLHO-ZHHH-01,2,TMR,B458,DADGA,CN,2605
CN-2605-POLHO-ZHHH-01,3,DADGA,W37,PONUD,CN,2605
CN-2605-POLHO-ZJSY-01,1,POLHO,G218,TMR,CN,2605
CN-2605-POLHO-ZJSY-01,2,TMR,B458,DADGA,CN,2605
CN-2605-POLHO-ZJSY-01,3,DADGA,W37,OMBEB,CN,2605
CN-2605-POLHO-ZJSY-01,4,OMBEB,R473,WYN,CN,2605
CN-2605-POLHO-ZJSY-01,5,WYN,W18,TAMOT,CN,2605
CN-2605-POLHO-ZJSY-01,6,TAMOT,DCT,SIKOU,CN,2605
CN-2605-POLHO-ZJSY-01,7,SIKOU,A202,SAMAS,CN,2605
CN-2605-POLHO-ZJSY-01,8,SAMAS,G221,WL,CN,2605
CN-2605-POLHO-ZLXY-01,1,POLHO,G218,HET,CN,2605
CN-2605-POLHO-ZLXY-01,2,HET,W84,IBARO,CN,2605
CN-2605-POLHO-ZLXY-01,3,IBARO,W47,LOVRA,CN,2605
CN-2605-POLHO-ZSAM-01,1,POLHO,W33,NUVPU,CN,2605
CN-2605-POLHO-ZSAM-01,2,NUVPU,W52,MUDAM,CN,2605
CN-2605-POLHO-ZSAM-01,3,MUDAM,G212,SOTMU,CN,2605
CN-2605-POLHO-ZSAM-01,4,SOTMU,W98,ELKUR,CN,2605
CN-2605-POLHO-ZSAM-01,5,ELKUR,W40,YQG,CN,2605
CN-2605-POLHO-ZSAM-01,6,YQG,W142,DALIM,CN,2605
CN-2605-POLHO-ZSAM-01,7,DALIM,A593,DPX,CN,2605
CN-2605-POLHO-ZSAM-01,8,DPX,A470,ENVEN,CN,2605
CN-2605-POLHO-ZSFZ-01,1,POLHO,W33,NUVPU,CN,2605
CN-2605-POLHO-ZSFZ-01,2,NUVPU,W52,MUDAM,CN,2605
CN-2605-POLHO-ZSFZ-01,3,MUDAM,G212,SOTMU,CN,2605
CN-2605-POLHO-ZSFZ-01,4,SOTMU,W98,ELKUR,CN,2605
CN-2605-POLHO-ZSFZ-01,5,ELKUR,W40,YQG,CN,2605
CN-2605-POLHO-ZSFZ-01,6,YQG,W142,DALIM,CN,2605
CN-2605-POLHO-ZSFZ-01,7,DALIM,A593,DPX,CN,2605
CN-2605-POLHO-ZSFZ-01,8,DPX,A470,PADRU,CN,2605
CN-2605-POLHO-ZSHC-01,1,POLHO,W33,NUVPU,CN,2605
CN-2605-POLHO-ZSHC-01,2,NUVPU,W52,MUDAM,CN,2605
CN-2605-POLHO-ZSHC-01,3,MUDAM,G212,SOTMU,CN,2605
CN-2605-POLHO-ZSHC-01,4,SOTMU,W98,ELKUR,CN,2605
CN-2605-POLHO-ZSHC-01,5,ELKUR,W40,YQG,CN,2605
CN-2605-POLHO-ZSHC-01,6,YQG,W142,DALIM,CN,2605
CN-2605-POLHO-ZSHC-01,7,DALIM,A593,DPX,CN,2605
CN-2605-POLHO-ZSHC-01,8,DPX,A470,OF,CN,2605
CN-2605-POLHO-ZSHC-01,9,OF,W95,SAPIN,CN,2605
CN-2605-POLHO-ZSHC-01,10,SAPIN,A470,IGRAT,CN,2605
CN-2605-POLHO-ZSJN-01,1,POLHO,W33,NUVPU,CN,2605
CN-2605-POLHO-ZSJN-01,2,NUVPU,W52,MUDAM,CN,2605
CN-2605-POLHO-ZSJN-01,3,MUDAM,G212,SOTMU,CN,2605
CN-2605-POLHO-ZSJN-01,4,SOTMU,W98,ELKUR,CN,2605
CN-2605-POLHO-ZSJN-01,5,ELKUR,W40,PANKI,CN,2605
CN-2605-POLHO-ZSNJ-01,1,POLHO,W33,NUVPU,CN,2605
CN-2605-POLHO-ZSNJ-01,2,NUVPU,W52,MUDAM,CN,2605
CN-2605-POLHO-ZSNJ-01,3,MUDAM,G212,SOTMU,CN,2605
CN-2605-POLHO-ZSNJ-01,4,SOTMU,W98,ELKUR,CN,2605
CN-2605-POLHO-ZSNJ-01,5,ELKUR,W40,YQG,CN,2605
CN-2605-POLHO-ZSNJ-01,6,YQG,W142,DALIM,CN,2605
CN-2605-POLHO-ZSNJ-01,7,DALIM,A593,DPX,CN,2605
CN-2605-POLHO-ZSNJ-01,8,DPX,A470,OF,CN,2605
CN-2605-POLHO-ZSPD-01,1,POLHO,W33,NUVPU,CN,2605
CN-2605-POLHO-ZSPD-01,2,NUVPU,W52,MUDAM,CN,2605
CN-2605-POLHO-ZSPD-01,3,MUDAM,G212,SOTMU,CN,2605
CN-2605-POLHO-ZSPD-01,4,SOTMU,W98,ELKUR,CN,2605
CN-2605-POLHO-ZSPD-01,5,ELKUR,W40,YQG,CN,2605
CN-2605-POLHO-ZSPD-01,6,YQG,W142,DALIM,CN,2605
CN-2605-POLHO-ZSPD-01,7,DALIM,A593,DPX,CN,2605
CN-2605-POLHO-ZSPD-01,8,DPX,A470,DALNU,CN,2605
CN-2605-POLHO-ZSPD-01,9,DALNU,W166,ZJ,CN,2605
CN-2605-POLHO-ZSPD-01,10,ZJ,W167,SASAN,CN,2605
CN-2605-POLHO-ZSPD-01,11,SASAN,R343,EKIMU,CN,2605
CN-2605-POLHO-ZSQD-01,1,POLHO,W33,UKDUM,CN,2605
CN-2605-POLHO-ZSQD-01,2,UKDUM,W201,UNSEK,CN,2605
CN-2605-POLHO-ZSQD-01,3,UNSEK,A326,OMLIB,CN,2605
CN-2605-POLHO-ZSQD-01,4,OMLIB,W209,LATUX,CN,2605
CN-2605-POLHO-ZSQD-02,1,POLHO,W33,UKDUM,CN,2605
CN-2605-POLHO-ZSQD-02,2,UKDUM,W201,HCH,CN,2605
CN-2605-POLHO-ZSQD-02,3,HCH,W651,NOKUD,CN,2605
CN-2605-POLHO-ZSSS-01,1,POLHO,W33,NUVPU,CN,2605
CN-2605-POLHO-ZSSS-01,2,NUVPU,W52,MUDAM,CN,2605
CN-2605-POLHO-ZSSS-01,3,MUDAM,G212,SOTMU,CN,2605
CN-2605-POLHO-ZSSS-01,4,SOTMU,W98,ELKUR,CN,2605
CN-2605-POLHO-ZSSS-01,5,ELKUR,W40,YQG,CN,2605
CN-2605-POLHO-ZSSS-01,6,YQG,W142,DALIM,CN,2605
CN-2605-POLHO-ZSSS-01,7,DALIM,A593,DPX,CN,2605
CN-2605-POLHO-ZSSS-01,8,DPX,A470,DALNU,CN,2605
CN-2605-POLHO-ZSSS-01,9,DALNU,W166,ZJ,CN,2605
CN-2605-POLHO-ZSSS-01,10,ZJ,W167,SASAN,CN,2605
CN-2605-POLHO-ZSSS-01,11,SASAN,R343,PK,CN,2605
CN-2605-POLHO-ZSWZ-01,1,POLHO,W33,NUVPU,CN,2605
CN-2605-POLHO-ZSWZ-01,2,NUVPU,W52,MUDAM,CN,2605
CN-2605-POLHO-ZSWZ-01,3,MUDAM,G212,SOTMU,CN,2605
CN-2605-POLHO-ZSWZ-01,4,SOTMU,W98,ELKUR,CN,2605
CN-2605-POLHO-ZSWZ-01,5,ELKUR,W40,YQG,CN,2605
CN-2605-POLHO-ZSWZ-01,6,YQG,W142,DALIM,CN,2605
CN-2605-POLHO-ZSWZ-01,7,DALIM,A593,PK,CN,2605
CN-2605-POLHO-ZSWZ-01,8,PK,W116,JTN,CN,2605
CN-2605-POLHO-ZSWZ-01,9,JTN,G204,SHZ,CN,2605
CN-2605-POLHO-ZSWZ-01,10,SHZ,B221,REMIM,CN,2605
CN-2605-POLHO-ZUCK-01,1,POLHO,G218,HET,CN,2605
CN-2605-POLHO-ZUCK-01,2,HET,W84,IBARO,CN,2605
CN-2605-POLHO-ZUCK-01,3,IBARO,W47,LOVRA,CN,2605
CN-2605-POLHO-ZUCK-01,4,LOVRA,W276,AVDIG,CN,2605
CN-2605-POLHO-ZUCK-01,5,AVDIG,W666,VINEX,CN,2605
CN-2605-POLHO-ZUTF-01,1,POLHO,G218,HET,CN,2605
CN-2605-POLHO-ZUTF-01,2,HET,W84,IBARO,CN,2605
CN-2605-POLHO-ZUTF-01,3,IBARO,W47,LOVRA,CN,2605
CN-2605-POLHO-ZUTF-01,4,LOVRA,W276,ANRUG,CN,2605
CN-2605-POLHO-ZUTF-01,5,ANRUG,W279,ONEBA,CN,2605
CN-2605-POLHO-ZUTF-01,6,ONEBA,G212,BUPMI,CN,2605
CN-2605-POLHO-ZUUU-01,1,POLHO,G218,HET,CN,2605
CN-2605-POLHO-ZUUU-01,2,HET,B208,ESDIB,CN,2605
CN-2605-POLHO-ZUUU-01,3,ESDIB,W276,ANRUG,CN,2605
CN-2605-POLHO-ZUUU-01,4,ANRUG,W279,ONEBA,CN,2605
CN-2605-POLHO-ZUUU-01,5,ONEBA,G212,SUBUL,CN,2605
CN-2605-POLHO-ZUUU-01,6,SUBUL,W230,AKDIK,CN,2605
CN-2605-POLHO-ZUUU-02,1,POLHO,G218,HET,CN,2605
CN-2605-POLHO-ZUUU-02,2,HET,W84,IBARO,CN,2605
CN-2605-POLHO-ZUUU-02,3,IBARO,W47,LOVRA,CN,2605
CN-2605-POLHO-ZUUU-02,4,LOVRA,W276,ANRUG,CN,2605
CN-2605-POLHO-ZUUU-02,5,ANRUG,W279,ONEBA,CN,2605
CN-2605-POLHO-ZUUU-02,6,ONEBA,G212,SUBUL,CN,2605
CN-2605-POLHO-ZUUU-02,7,SUBUL,W230,AKDIK,CN,2605
CN-2605-POLHO-ZYTL-01,1,POLHO,W33,UKDUM,CN,2605
CN-2605-POLHO-ZYTL-01,2,UKDUM,W201,GOTSU,CN,2605
CN-2605-POLHO-ZYTL-01,3,GOTSU,W575,INTIV,CN,2605
CN-2605-PURPA-GOPTO,1,PURPA,B215,FKG,CN,2605
CN-2605-PURPA-GOPTO,2,FKG,G588,NIRAV,CN,2605
CN-2605-PURPA-GOPTO,3,NIRAV,B206,GOPTO,CN,2605
CN-2605-PURPA-L888-SAGAG,1,PURPA,W112,NOLEP,CN,2605
CN-2605-PURPA-L888-SAGAG,2,NOLEP,L888,BIDRU,CN,2605
CN-2605-PURPA-L888-SAGAG,3,BIDRU,A581,SAGAG,CN,2605
CN-2605-PURPA-OGIGI,1,PURPA,B215,MAGIV,CN,2605
CN-2605-PURPA-OGIGI,2,MAGIV,W176,KHG,CN,2605
CN-2605-PURPA-OGIGI,3,KHG,L43,OGIGI,CN,2605
CN-2605-PURPA-RULAD,1,PURPA,B215,XKC,CN,2605
CN-2605-PURPA-RULAD,2,XKC,A460,RULAD,CN,2605
CN-2605-PURPA-W112-AGAVO,1,PURPA,W112,TUSLI,CN,2605
CN-2605-PURPA-W112-AGAVO,2,TUSLI,W187,DNH,CN,2605
CN-2605-PURPA-W112-AGAVO,3,DNH,W621,NIXUK,CN,2605
CN-2605-PURPA-W112-AGAVO,4,NIXUK,W271,BOTKI,CN,2605
CN-2605-PURPA-W112-AGAVO,5,BOTKI,W270,DKO,CN,2605
CN-2605-PURPA-W112-AGAVO,6,DKO,W69,HUR,CN,2605
CN-2605-PURPA-W112-AGAVO,7,HUR,B339,LADIX,CN,2605
CN-2605-PURPA-W112-AGAVO,8,LADIX,W34,VAPGU,CN,2605
CN-2605-PURPA-W112-AGAVO,9,VAPGU,W100,ORAVA,CN,2605
CN-2605-PURPA-W112-AGAVO,10,ORAVA,W201,UNSEK,CN,2605
CN-2605-PURPA-W112-AGAVO,11,UNSEK,A326,DONVO,CN,2605
CN-2605-PURPA-W112-AGAVO,12,DONVO,G597,AGAVO,CN,2605
CN-2605-PURPA-W112-SAGAG,1,PURPA,W112,TUSLI,CN,2605
CN-2605-PURPA-W112-SAGAG,2,TUSLI,W187,DNH,CN,2605
CN-2605-PURPA-W112-SAGAG,3,DNH,W621,NIXUK,CN,2605
CN-2605-PURPA-W112-SAGAG,4,NIXUK,W271,BOTKI,CN,2605
CN-2605-PURPA-W112-SAGAG,5,BOTKI,W270,NOLOM,CN,2605
CN-2605-PURPA-W112-SAGAG,6,NOLOM,B330,UBKER,CN,2605
CN-2605-PURPA-W112-SAGAG,7,UBKER,G212,SGM,CN,2605
CN-2605-PURPA-W112-SAGAG,8,SGM,A581,SAGAG,CN,2605
CN-2605-PURPA-W112-VHHH,1,PURPA,W112,VIKUP,CN,2605
CN-2605-PURPA-W112-VHHH,2,VIKUP,W191,DNC,CN,2605
CN-2605-PURPA-W112-VHHH,3,DNC,W565,BIGUX,CN,2605
CN-2605-PURPA-W112-VHHH,4,BIGUX,B330,KWE,CN,2605
CN-2605-PURPA-W112-VHHH,5,KWE,W181,DUDIT,CN,2605
CN-2605-PURPA-W112-VHHH,6,DUDIT,A599,POU,CN,2605
CN-2605-PURPA-W112-VHHH,7,POU,R473,SIERA,CN,2605
CN-2605-PURPA-ZBAA-01,1,PURPA,B215,MAGIV,CN,2605
CN-2605-PURPA-ZBAA-01,2,MAGIV,W187,DNH,CN,2605
CN-2605-PURPA-ZBAA-01,3,DNH,W621,NIXUK,CN,2605
CN-2605-PURPA-ZBAA-01,4,NIXUK,W271,BOTKI,CN,2605
CN-2605-PURPA-ZBAA-01,5,BOTKI,W270,DKO,CN,2605
CN-2605-PURPA-ZBAA-01,6,DKO,W69,GUVBA,CN,2605
CN-2605-PURPA-ZBAA-02,1,PURPA,W112,TUSLI,CN,2605
CN-2605-PURPA-ZBAA-02,2,TUSLI,W187,DNH,CN,2605
CN-2605-PURPA-ZBAA-02,3,DNH,W621,NIXUK,CN,2605
CN-2605-PURPA-ZBAA-02,4,NIXUK,W271,BOTKI,CN,2605
CN-2605-PURPA-ZBAA-02,5,BOTKI,W270,DKO,CN,2605
CN-2605-PURPA-ZBAA-02,6,DKO,W69,GUVBA,CN,2605
CN-2605-PURPA-ZBAD-01,1,PURPA,B215,MAGIV,CN,2605
CN-2605-PURPA-ZBAD-01,2,MAGIV,W187,DNH,CN,2605
CN-2605-PURPA-ZBAD-01,3,DNH,W621,NIXUK,CN,2605
CN-2605-PURPA-ZBAD-01,4,NIXUK,W271,BOTKI,CN,2605
CN-2605-PURPA-ZBAD-01,5,BOTKI,W270,DKO,CN,2605
CN-2605-PURPA-ZBAD-01,6,DKO,W64,ELAPU,CN,2605
CN-2605-PURPA-ZBAD-02,1,PURPA,W112,TUSLI,CN,2605
CN-2605-PURPA-ZBAD-02,2,TUSLI,W187,DNH,CN,2605
CN-2605-PURPA-ZBAD-02,3,DNH,W621,NIXUK,CN,2605
CN-2605-PURPA-ZBAD-02,4,NIXUK,W271,BOTKI,CN,2605
CN-2605-PURPA-ZBAD-02,5,BOTKI,W270,DKO,CN,2605
CN-2605-PURPA-ZBAD-02,6,DKO,W64,ELAPU,CN,2605
CN-2605-PURPA-ZBTJ-01,1,PURPA,B215,MAGIV,CN,2605
CN-2605-PURPA-ZBTJ-01,2,MAGIV,W187,DNH,CN,2605
CN-2605-PURPA-ZBTJ-01,3,DNH,W621,NIXUK,CN,2605
CN-2605-PURPA-ZBTJ-01,4,NIXUK,W271,BOTKI,CN,2605
CN-2605-PURPA-ZBTJ-01,5,BOTKI,W270,DKO,CN,2605
CN-2605-PURPA-ZBTJ-01,6,DKO,W69,GUVBA,CN,2605
CN-2605-PURPA-ZBTJ-02,1,PURPA,W112,TUSLI,CN,2605
CN-2605-PURPA-ZBTJ-02,2,TUSLI,W187,DNH,CN,2605
CN-2605-PURPA-ZBTJ-02,3,DNH,W621,NIXUK,CN,2605
CN-2605-PURPA-ZBTJ-02,4,NIXUK,W271,BOTKI,CN,2605
CN-2605-PURPA-ZBTJ-02,5,BOTKI,W270,DKO,CN,2605
CN-2605-PURPA-ZBTJ-02,6,DKO,W69,GUVBA,CN,2605
CN-2605-PURPA-ZLXY-01,1,PURPA,B215,MAGIV,CN,2605
CN-2605-PURPA-ZLXY-01,2,MAGIV,W187,KARVI,CN,2605
CN-2605-PURPA-ZLXY-01,3,KARVI,W191,DNC,CN,2605
CN-2605-PURPA-ZLXY-01,4,DNC,W565,BIGUX,CN,2605
CN-2605-PURPA-ZLXY-01,5,BIGUX,W214,HO,CN,2605
CN-2605-PURPA-ZSPD-01,1,PURPA,B215,MAGIV,CN,2605
CN-2605-PURPA-ZSPD-01,2,MAGIV,W187,DNH,CN,2605
CN-2605-PURPA-ZSPD-01,3,DNH,W621,NIXUK,CN,2605
CN-2605-PURPA-ZSPD-01,4,NIXUK,W271,BOTKI,CN,2605
CN-2605-PURPA-ZSPD-01,5,BOTKI,W270,DKO,CN,2605
CN-2605-PURPA-ZSPD-01,6,DKO,W69,HUR,CN,2605
CN-2605-PURPA-ZSPD-01,7,HUR,B339,SOTMU,CN,2605
CN-2605-PURPA-ZSPD-01,8,SOTMU,W98,ELKUR,CN,2605
CN-2605-PURPA-ZSPD-01,9,ELKUR,W40,YQG,CN,2605
CN-2605-PURPA-ZSPD-01,10,YQG,W142,DALIM,CN,2605
CN-2605-PURPA-ZSPD-01,11,DALIM,A593,DPX,CN,2605
CN-2605-PURPA-ZSPD-01,12,DPX,A470,DALNU,CN,2605
CN-2605-PURPA-ZSPD-01,13,DALNU,W166,ZJ,CN,2605
CN-2605-PURPA-ZSPD-01,14,ZJ,W167,SASAN,CN,2605
CN-2605-PURPA-ZSPD-01,15,SASAN,R343,EKIMU,CN,2605
CN-2605-PURPA-ZSPD-02,1,PURPA,W112,TUSLI,CN,2605
CN-2605-PURPA-ZSPD-02,2,TUSLI,W187,DNH,CN,2605
CN-2605-PURPA-ZSPD-02,3,DNH,W621,NIXUK,CN,2605
CN-2605-PURPA-ZSPD-02,4,NIXUK,W271,BOTKI,CN,2605
CN-2605-PURPA-ZSPD-02,5,BOTKI,W270,DKO,CN,2605
CN-2605-PURPA-ZSPD-02,6,DKO,W64,NUTLO,CN,2605
CN-2605-PURPA-ZSPD-02,7,NUTLO,B208,CGO,CN,2605
CN-2605-PURPA-ZSPD-02,8,CGO,W129,KAMDA,CN,2605
CN-2605-PURPA-ZSPD-02,9,KAMDA,W128,FYG,CN,2605
CN-2605-PURPA-ZSPD-02,10,FYG,B208,HFE,CN,2605
CN-2605-PURPA-ZSPD-02,11,HFE,R343,EKIMU,CN,2605
CN-2605-PURPA-ZSPD-03,1,PURPA,W112,TUSLI,CN,2605
CN-2605-PURPA-ZSPD-03,2,TUSLI,W187,DNH,CN,2605
CN-2605-PURPA-ZSPD-03,3,DNH,W621,NIXUK,CN,2605
CN-2605-PURPA-ZSPD-03,4,NIXUK,W271,BOTKI,CN,2605
CN-2605-PURPA-ZSPD-03,5,BOTKI,W270,DKO,CN,2605
CN-2605-PURPA-ZSPD-03,6,DKO,W69,HUR,CN,2605
CN-2605-PURPA-ZSPD-03,7,HUR,B339,SOTMU,CN,2605
CN-2605-PURPA-ZSPD-03,8,SOTMU,W98,ELKUR,CN,2605
CN-2605-PURPA-ZSPD-03,9,ELKUR,W40,YQG,CN,2605
CN-2605-PURPA-ZSPD-03,10,YQG,W142,DALIM,CN,2605
CN-2605-PURPA-ZSPD-03,11,DALIM,A593,DPX,CN,2605
CN-2605-PURPA-ZSPD-03,12,DPX,A470,DALNU,CN,2605
CN-2605-PURPA-ZSPD-03,13,DALNU,W166,ZJ,CN,2605
CN-2605-PURPA-ZSPD-03,14,ZJ,W167,SASAN,CN,2605
CN-2605-PURPA-ZSPD-03,15,SASAN,R343,EKIMU,CN,2605
CN-2605-PURPA-ZSPD-04,1,PURPA,B215,MAGIV,CN,2605
CN-2605-PURPA-ZSPD-04,2,MAGIV,W187,DNH,CN,2605
CN-2605-PURPA-ZSPD-04,3,DNH,W621,NIXUK,CN,2605
CN-2605-PURPA-ZSPD-04,4,NIXUK,W271,BOTKI,CN,2605
CN-2605-PURPA-ZSPD-04,5,BOTKI,W270,DKO,CN,2605
CN-2605-PURPA-ZSPD-04,6,DKO,W64,NUTLO,CN,2605
CN-2605-PURPA-ZSPD-04,7,NUTLO,B208,CGO,CN,2605
CN-2605-PURPA-ZSPD-04,8,CGO,W129,KAMDA,CN,2605
CN-2605-PURPA-ZSPD-04,9,KAMDA,W128,FYG,CN,2605
CN-2605-PURPA-ZSPD-04,10,FYG,B208,HFE,CN,2605
CN-2605-PURPA-ZSPD-04,11,HFE,R343,EKIMU,CN,2605
CN-2605-PURPA-ZSSS-01,1,PURPA,B215,MAGIV,CN,2605
CN-2605-PURPA-ZSSS-01,2,MAGIV,W187,DNH,CN,2605
CN-2605-PURPA-ZSSS-01,3,DNH,W621,NIXUK,CN,2605
CN-2605-PURPA-ZSSS-01,4,NIXUK,W271,BOTKI,CN,2605
CN-2605-PURPA-ZSSS-01,5,BOTKI,W270,DKO,CN,2605
CN-2605-PURPA-ZSSS-01,6,DKO,W69,HUR,CN,2605
CN-2605-PURPA-ZSSS-01,7,HUR,B339,SOTMU,CN,2605
CN-2605-PURPA-ZSSS-01,8,SOTMU,W98,ELKUR,CN,2605
CN-2605-PURPA-ZSSS-01,9,ELKUR,W40,YQG,CN,2605
CN-2605-PURPA-ZSSS-01,10,YQG,W142,DALIM,CN,2605
CN-2605-PURPA-ZSSS-01,11,DALIM,A593,DPX,CN,2605
CN-2605-PURPA-ZSSS-01,12,DPX,A470,DALNU,CN,2605
CN-2605-PURPA-ZSSS-01,13,DALNU,W166,ZJ,CN,2605
CN-2605-PURPA-ZSSS-01,14,ZJ,W167,SASAN,CN,2605
CN-2605-PURPA-ZSSS-01,15,SASAN,R343,PK,CN,2605
CN-2605-PURPA-ZSSS-02,1,PURPA,W112,TUSLI,CN,2605
CN-2605-PURPA-ZSSS-02,2,TUSLI,W187,DNH,CN,2605
CN-2605-PURPA-ZSSS-02,3,DNH,W621,NIXUK,CN,2605
CN-2605-PURPA-ZSSS-02,4,NIXUK,W271,BOTKI,CN,2605
CN-2605-PURPA-ZSSS-02,5,BOTKI,W270,DKO,CN,2605
CN-2605-PURPA-ZSSS-02,6,DKO,W69,HUR,CN,2605
CN-2605-PURPA-ZSSS-02,7,HUR,B339,SOTMU,CN,2605
CN-2605-PURPA-ZSSS-02,8,SOTMU,W98,ELKUR,CN,2605
CN-2605-PURPA-ZSSS-02,9,ELKUR,W40,YQG,CN,2605
CN-2605-PURPA-ZSSS-02,10,YQG,W142,DALIM,CN,2605
CN-2605-PURPA-ZSSS-02,11,DALIM,A593,DPX,CN,2605
CN-2605-PURPA-ZSSS-02,12,DPX,A470,DALNU,CN,2605
CN-2605-PURPA-ZSSS-02,13,DALNU,W166,ZJ,CN,2605
CN-2605-PURPA-ZSSS-02,14,ZJ,W167,SASAN,CN,2605
CN-2605-PURPA-ZSSS-02,15,SASAN,R343,PK,CN,2605
CN-2605-PURPA-ZUCK-01,1,PURPA,B215,MAGIV,CN,2605
CN-2605-PURPA-ZUCK-01,2,MAGIV,W187,KARVI,CN,2605
CN-2605-PURPA-ZUCK-01,3,KARVI,W191,DNC,CN,2605
CN-2605-PURPA-ZUCK-01,4,DNC,W565,BIGUX,CN,2605
CN-2605-PURPA-ZUCK-01,5,BIGUX,B330,OVRAL,CN,2605
CN-2605-PURPA-ZUCK-01,6,OVRAL,W242,VIPAG,CN,2605
CN-2605-PURPA-ZUCK-01,7,VIPAG,W666,VINEX,CN,2605
CN-2605-PURPA-ZWSH-01,1,PURPA,B215,MAGIV,CN,2605
CN-2605-PURPA-ZWSH-01,2,MAGIV,W176,KHG,CN,2605
CN-2605-PURPA-ZWWW-01,1,PURPA,B215,EPDAG,CN,2605
CN-2605-PURPA-ZYTL-01,1,PURPA,B215,MAGIV,CN,2605
CN-2605-PURPA-ZYTL-01,2,MAGIV,W187,DNH,CN,2605
CN-2605-PURPA-ZYTL-01,3,DNH,W621,NIXUK,CN,2605
CN-2605-PURPA-ZYTL-01,4,NIXUK,W271,BOTKI,CN,2605
CN-2605-PURPA-ZYTL-01,5,BOTKI,W270,DKO,CN,2605
CN-2605-PURPA-ZYTL-01,6,DKO,W69,HUR,CN,2605
CN-2605-PURPA-ZYTL-01,7,HUR,B339,LADIX,CN,2605
CN-2605-PURPA-ZYTL-01,8,LADIX,W34,ANRAT,CN,2605
CN-2605-PURPA-ZYTL-01,9,ANRAT,W575,INTIV,CN,2605
CN-2605-PURPA-ZYTL-02,1,PURPA,W112,TUSLI,CN,2605
CN-2605-PURPA-ZYTL-02,2,TUSLI,W187,DNH,CN,2605
CN-2605-PURPA-ZYTL-02,3,DNH,W621,NIXUK,CN,2605
CN-2605-PURPA-ZYTL-02,4,NIXUK,W271,BOTKI,CN,2605
CN-2605-PURPA-ZYTL-02,5,BOTKI,W270,DKO,CN,2605
CN-2605-PURPA-ZYTL-02,6,DKO,W69,HUR,CN,2605
CN-2605-PURPA-ZYTL-02,7,HUR,B339,LADIX,CN,2605
CN-2605-PURPA-ZYTL-02,8,LADIX,W34,ANRAT,CN,2605
CN-2605-PURPA-ZYTL-02,9,ANRAT,W575,INTIV,CN,2605
CN-2605-RCBS-ZBTJ-01,1,SULEM,R596,BZ,CN,2605
CN-2605-RCBS-ZBTJ-01,2,BZ,A470,EMRID,CN,2605
CN-2605-RCBS-ZBTJ-01,3,EMRID,W135,DOGVI,CN,2605
CN-2605-RCBS-ZBTJ-01,4,DOGVI,A470,DPX,CN,2605
CN-2605-RCBS-ZBTJ-01,5,DPX,A593,DALIM,CN,2605
CN-2605-RCBS-ZBTJ-01,6,DALIM,W157,AVBOX,CN,2605
CN-2605-RCBS-ZLXY-01,1,SULEM,R596,BZ,CN,2605
CN-2605-RCBS-ZLXY-01,2,BZ,A470,EMRID,CN,2605
CN-2605-RCBS-ZLXY-01,3,EMRID,W135,DOGVI,CN,2605
CN-2605-RCBS-ZLXY-01,4,DOGVI,W545,VEMEX,CN,2605
CN-2605-RCBS-ZLXY-01,5,VEMEX,W163,HFE,CN,2605
CN-2605-RCBS-ZLXY-01,6,HFE,B208,AGVUR,CN,2605
CN-2605-RCBS-ZLXY-01,7,AGVUR,W287,MENED,CN,2605
CN-2605-RCBS-ZLXY-01,8,MENED,W276,LOVRA,CN,2605
CN-2605-RCBS-ZPPP-01,1,OLDID,R200,LH,CN,2605
CN-2605-RCBS-ZPPP-01,2,LH,R339,BSE,CN,2605
CN-2605-RCBS-ZPPP-01,3,BSE,A599,LXI,CN,2605
CN-2605-RCFN-ZBTJ-01,1,SULEM,R596,BZ,CN,2605
CN-2605-RCFN-ZBTJ-01,2,BZ,A470,EMRID,CN,2605
CN-2605-RCFN-ZBTJ-01,3,EMRID,W135,DOGVI,CN,2605
CN-2605-RCFN-ZBTJ-01,4,DOGVI,A470,DPX,CN,2605
CN-2605-RCFN-ZBTJ-01,5,DPX,A593,DALIM,CN,2605
CN-2605-RCFN-ZBTJ-01,6,DALIM,W157,AVBOX,CN,2605
CN-2605-RCKH-ZBAA-01,1,SULEM,R596,BZ,CN,2605
CN-2605-RCKH-ZBAA-01,2,BZ,A470,EMRID,CN,2605
CN-2605-RCKH-ZBAA-01,3,EMRID,W135,DOGVI,CN,2605
CN-2605-RCKH-ZBAA-01,4,DOGVI,A470,DPX,CN,2605
CN-2605-RCKH-ZBAA-01,5,DPX,A593,DALIM,CN,2605
CN-2605-RCKH-ZBAA-01,6,DALIM,W157,AVBOX,CN,2605
CN-2605-RCKH-ZBSJ-01,1,SULEM,R596,BZ,CN,2605
CN-2605-RCKH-ZBSJ-01,2,BZ,A470,EMRID,CN,2605
CN-2605-RCKH-ZBSJ-01,3,EMRID,W135,DOGVI,CN,2605
CN-2605-RCKH-ZBSJ-01,4,DOGVI,W545,VEMEX,CN,2605
CN-2605-RCKH-ZBSJ-01,5,VEMEX,W163,HFE,CN,2605
CN-2605-RCKH-ZBSJ-01,6,HFE,B208,OBMEP,CN,2605
CN-2605-RCKH-ZBSJ-01,7,OBMEP,W56,ORODO,CN,2605
CN-2605-RCKH-ZBSJ-01,8,ORODO,W62,IGDID,CN,2605
CN-2605-RCKH-ZBTJ-01,1,SULEM,R596,BZ,CN,2605
CN-2605-RCKH-ZBTJ-01,2,BZ,A470,EMRID,CN,2605
CN-2605-RCKH-ZBTJ-01,3,EMRID,W135,DOGVI,CN,2605
CN-2605-RCKH-ZBTJ-01,4,DOGVI,A470,DPX,CN,2605
CN-2605-RCKH-ZBTJ-01,5,DPX,A593,DALIM,CN,2605
CN-2605-RCKH-ZBTJ-01,6,DALIM,W157,AVBOX,CN,2605
CN-2605-RCKH-ZBYN-01,1,SULEM,R596,BZ,CN,2605
CN-2605-RCKH-ZBYN-01,2,BZ,A470,EMRID,CN,2605
CN-2605-RCKH-ZBYN-01,3,EMRID,W135,DOGVI,CN,2605
CN-2605-RCKH-ZBYN-01,4,DOGVI,W545,VEMEX,CN,2605
CN-2605-RCKH-ZBYN-01,5,VEMEX,W163,HFE,CN,2605
CN-2605-RCKH-ZBYN-01,6,HFE,B208,ANPIG,CN,2605
CN-2605-RCKH-ZGGG-01,1,OLDID,R200,GUBLO,CN,2605
CN-2605-RCKH-ZGGG-01,2,GUBLO,W22,IDUMA,CN,2605
CN-2605-RCKH-ZGHA-01,1,BEKOL,A461,MEXON,CN,2605
CN-2605-RCKH-ZGKL-01,1,OLDID,R200,GUBLO,CN,2605
CN-2605-RCKH-ZGKL-01,2,GUBLO,W22,TEPID,CN,2605
CN-2605-RCKH-ZGKL-01,3,TEPID,W24,OSNOV,CN,2605
CN-2605-RCKH-ZGKL-01,4,OSNOV,G586,QP,CN,2605
CN-2605-RCKH-ZGNN-01,1,OLDID,R200,LH,CN,2605
CN-2605-RCKH-ZGNN-01,2,LH,R339,WUY,CN,2605
CN-2605-RCKH-ZGOW-01,1,OLDID,R200,BEBEM,CN,2605
CN-2605-RCKH-ZGOW-01,2,BEBEM,A470,SWA,CN,2605
CN-2605-RCKH-ZGSZ-01,1,OLDID,R200,GUBLO,CN,2605
CN-2605-RCKH-ZHCC-01,1,SULEM,R596,BZ,CN,2605
CN-2605-RCKH-ZHCC-01,2,BZ,A470,EMRID,CN,2605
CN-2605-RCKH-ZHCC-01,3,EMRID,W135,DOGVI,CN,2605
CN-2605-RCKH-ZHCC-01,4,DOGVI,W545,VEMEX,CN,2605
CN-2605-RCKH-ZHCC-01,5,VEMEX,W163,HFE,CN,2605
CN-2605-RCKH-ZHCC-01,6,HFE,B208,FYG,CN,2605
CN-2605-RCKH-ZHCC-01,7,FYG,W596,UNTEL,CN,2605
CN-2605-RCKH-ZHHH-01,1,SULEM,R596,BZ,CN,2605
CN-2605-RCKH-ZHHH-01,2,BZ,A470,EMRID,CN,2605
CN-2605-RCKH-ZHHH-01,3,EMRID,W135,DOGVI,CN,2605
CN-2605-RCKH-ZHHH-01,4,DOGVI,W545,VEMEX,CN,2605
CN-2605-RCKH-ZHHH-01,5,VEMEX,W73,MADUK,CN,2605
CN-2605-RCKH-ZHHH-01,6,MADUK,W51,LEGIV,CN,2605
CN-2605-RCKH-ZHHH-01,7,LEGIV,W164,ADGOL,CN,2605
CN-2605-RCKH-ZHHH-01,8,ADGOL,W50,XSH,CN,2605
CN-2605-RCKH-ZHHH-02,1,BEKOL,A461,BUBDA,CN,2605
CN-2605-RCKH-ZHHH-02,2,BUBDA,W56,UPMAT,CN,2605
CN-2605-RCKH-ZJHK-01,1,OLDID,R200,BIGRO,CN,2605
CN-2605-RCKH-ZJHK-01,2,BIGRO,G221,GIVIV,CN,2605
CN-2605-RCKH-ZJHK-01,3,GIVIV,W605,DOMGO,CN,2605
CN-2605-RCKH-ZJSY-01,1,OLDID,R200,BIGRO,CN,2605
CN-2605-RCKH-ZJSY-01,2,BIGRO,G221,WL,CN,2605
CN-2605-RCKH-ZLXY-01,1,SULEM,R596,BZ,CN,2605
CN-2605-RCKH-ZLXY-01,2,BZ,A470,EMRID,CN,2605
CN-2605-RCKH-ZLXY-01,3,EMRID,W135,DOGVI,CN,2605
CN-2605-RCKH-ZLXY-01,4,DOGVI,W545,VEMEX,CN,2605
CN-2605-RCKH-ZLXY-01,5,VEMEX,W163,HFE,CN,2605
CN-2605-RCKH-ZLXY-01,6,HFE,B208,AGVUR,CN,2605
CN-2605-RCKH-ZLXY-01,7,AGVUR,W287,MENED,CN,2605
CN-2605-RCKH-ZLXY-01,8,MENED,W276,LOVRA,CN,2605
CN-2605-RCKH-ZPPP-01,1,OLDID,R200,LH,CN,2605
CN-2605-RCKH-ZPPP-01,2,LH,R339,BSE,CN,2605
CN-2605-RCKH-ZPPP-01,3,BSE,A599,LXI,CN,2605
CN-2605-RCKH-ZSAM-01,1,OLDID,R200,BEBEM,CN,2605
CN-2605-RCKH-ZSAM-01,2,BEBEM,A470,TEBON,CN,2605
CN-2605-RCKH-ZSCN-01,1,SULEM,R596,BZ,CN,2605
CN-2605-RCKH-ZSCN-01,2,BZ,A470,EMRID,CN,2605
CN-2605-RCKH-ZSCN-01,3,EMRID,W135,DOGVI,CN,2605
CN-2605-RCKH-ZSCN-01,4,DOGVI,W545,VEMEX,CN,2605
CN-2605-RCKH-ZSCN-01,5,VEMEX,W73,MADUK,CN,2605
CN-2605-RCKH-ZSCN-01,6,MADUK,W51,LEGIV,CN,2605
CN-2605-RCKH-ZSCN-01,7,LEGIV,W164,ADGOL,CN,2605
CN-2605-RCKH-ZSCN-01,8,ADGOL,W50,XSH,CN,2605
CN-2605-RCKH-ZSCN-01,9,XSH,W105,PEXEK,CN,2605
CN-2605-RCKH-ZSCN-02,1,BEKOL,A461,SHL,CN,2605
CN-2605-RCKH-ZSCN-02,2,SHL,W26,UPRIK,CN,2605
CN-2605-RCKH-ZSCN-02,3,UPRIK,W41,OMDUP,CN,2605
CN-2605-RCKH-ZSCN-02,4,OMDUP,G471,PLT,CN,2605
CN-2605-RCKH-ZSCN-02,5,PLT,W19,OSONO,CN,2605
CN-2605-RCKH-ZSFZ-01,1,SULEM,R596,DST,CN,2605
CN-2605-RCKH-ZSFZ-01,2,DST,B221,ANLUD,CN,2605
CN-2605-RCKH-ZSFZ-02,1,OLDID,R200,BEBEM,CN,2605
CN-2605-RCKH-ZSFZ-02,2,BEBEM,A470,ENVEN,CN,2605
CN-2605-RCKH-ZSFZ-03,1,SULEM,R596,OKATO,CN,2605
CN-2605-RCKH-ZSFZ-03,2,OKATO,M503,PONEN,CN,2605
CN-2605-RCKH-ZSHC-01,1,SULEM,R596,BZ,CN,2605
CN-2605-RCKH-ZSHC-01,2,BZ,A470,UGAGO,CN,2605
CN-2605-RCKH-ZSJN-01,1,SULEM,R596,BZ,CN,2605
CN-2605-RCKH-ZSJN-01,2,BZ,A470,EMRID,CN,2605
CN-2605-RCKH-ZSJN-01,3,EMRID,W135,DOGVI,CN,2605
CN-2605-RCKH-ZSJN-01,4,DOGVI,A470,DPX,CN,2605
CN-2605-RCKH-ZSJN-01,5,DPX,A593,ABTUB,CN,2605
CN-2605-RCKH-ZSNB-01,1,SULEM,R596,DST,CN,2605
CN-2605-RCKH-ZSNB-01,2,DST,B221,SHZ,CN,2605
CN-2605-RCKH-ZSNJ-01,1,SULEM,R596,BZ,CN,2605
CN-2605-RCKH-ZSNJ-01,2,BZ,A470,EMRID,CN,2605
CN-2605-RCKH-ZSNJ-01,3,EMRID,W135,GOSRO,CN,2605
CN-2605-RCKH-ZSOF-01,1,SULEM,R596,BZ,CN,2605
CN-2605-RCKH-ZSOF-01,2,BZ,A470,EMRID,CN,2605
CN-2605-RCKH-ZSOF-01,3,EMRID,W135,LUPVI,CN,2605
CN-2605-RCKH-ZSOF-01,4,LUPVI,R343,MADUK,CN,2605
CN-2605-RCKH-ZSPD-01,1,SULEM,R596,DST,CN,2605
CN-2605-RCKH-ZSPD-01,2,DST,B221,SHZ,CN,2605
CN-2605-RCKH-ZSPD-01,3,SHZ,W58,XSY,CN,2605
CN-2605-RCKH-ZSQD-01,1,SULEM,R596,OKATO,CN,2605
CN-2605-RCKH-ZSQD-01,2,OKATO,W13,PINOT,CN,2605
CN-2605-RCKH-ZSQD-01,3,PINOT,B221,IDVEL,CN,2605
CN-2605-RCKH-ZSSS-01,1,SULEM,R596,DST,CN,2605
CN-2605-RCKH-ZSSS-01,2,DST,B221,SHZ,CN,2605
CN-2605-RCKH-ZSSS-01,3,SHZ,G204,JTN,CN,2605
CN-2605-RCKH-ZSTX-01,1,SULEM,R596,BZ,CN,2605
CN-2605-RCKH-ZSTX-01,2,BZ,A470,UGAGO,CN,2605
CN-2605-RCKH-ZSTX-01,3,UGAGO,G204,TXN,CN,2605
CN-2605-RCKH-ZSWZ-01,1,SULEM,R596,OKATO,CN,2605
CN-2605-RCKH-ZSXZ-01,1,SULEM,R596,BZ,CN,2605
CN-2605-RCKH-ZSXZ-01,2,BZ,A470,EMRID,CN,2605
CN-2605-RCKH-ZSXZ-01,3,EMRID,W135,DOGVI,CN,2605
CN-2605-RCKH-ZSXZ-01,4,DOGVI,A470,DPX,CN,2605
CN-2605-RCKH-ZSXZ-01,5,DPX,W126,DO,CN,2605
CN-2605-RCKH-ZSYT-01,1,KASKA,B591,MIGOL,CN,2605
CN-2605-RCKH-ZSYT-01,2,MIGOL,A326,IKEKA,CN,2605
CN-2605-RCKH-ZSYT-01,3,IKEKA,W4,FZ,CN,2605
CN-2605-RCKH-ZUCK-01,1,OLDID,R200,GUBLO,CN,2605
CN-2605-RCKH-ZUCK-01,2,GUBLO,W22,TEPID,CN,2605
CN-2605-RCKH-ZUCK-01,3,TEPID,W24,OSNOV,CN,2605
CN-2605-RCKH-ZUCK-01,4,OSNOV,G586,QP,CN,2605
CN-2605-RCKH-ZUCK-01,5,QP,B330,ELKAL,CN,2605
CN-2605-RCKH-ZUCK-01,6,ELKAL,W179,SUMUN,CN,2605
CN-2605-RCKH-ZUCK-01,7,SUMUN,W3,ASIPO,CN,2605
CN-2605-RCKH-ZUCK-01,8,ASIPO,W678,SEGDA,CN,2605
CN-2605-RCKH-ZUGY-01,1,OLDID,R200,GUBLO,CN,2605
CN-2605-RCKH-ZUGY-01,2,GUBLO,W22,TEPID,CN,2605
CN-2605-RCKH-ZUGY-01,3,TEPID,W24,OSNOV,CN,2605
CN-2605-RCKH-ZUGY-01,4,OSNOV,G586,QP,CN,2605
CN-2605-RCKH-ZUGY-01,5,QP,B330,ELKAL,CN,2605
CN-2605-RCKH-ZUUU-01,1,OLDID,R200,GUBLO,CN,2605
CN-2605-RCKH-ZUUU-01,2,GUBLO,W22,TEPID,CN,2605
CN-2605-RCKH-ZUUU-01,3,TEPID,W24,OSNOV,CN,2605
CN-2605-RCKH-ZUUU-01,4,OSNOV,G586,QP,CN,2605
CN-2605-RCKH-ZUUU-01,5,QP,B330,ELKAL,CN,2605
CN-2605-RCKH-ZUUU-01,6,ELKAL,W179,IGNAK,CN,2605
CN-2605-RCKH-ZYCC-01,1,KASKA,B591,MIGOL,CN,2605
CN-2605-RCKH-ZYCC-01,2,MIGOL,A326,SANKO,CN,2605
CN-2605-RCKH-ZYCC-01,3,SANKO,W107,CHI,CN,2605
CN-2605-RCKH-ZYCC-01,4,CHI,A588,LEMOT,CN,2605
CN-2605-RCKH-ZYHB-01,1,KASKA,B591,MIGOL,CN,2605
CN-2605-RCKH-ZYHB-01,2,MIGOL,A326,SANKO,CN,2605
CN-2605-RCKH-ZYHB-01,3,SANKO,W107,CHI,CN,2605
CN-2605-RCKH-ZYHB-01,4,CHI,A588,NULRA,CN,2605
CN-2605-RCKH-ZYHB-01,5,NULRA,W206,MAGBI,CN,2605
CN-2605-RCKH-ZYHB-01,6,MAGBI,W656,ISLUK,CN,2605
CN-2605-RCKH-ZYHB-01,7,ISLUK,W629,LARUN,CN,2605
CN-2605-RCKH-ZYTL-01,1,KASKA,B591,MIGOL,CN,2605
CN-2605-RCKH-ZYTL-01,2,MIGOL,A326,SANKO,CN,2605
CN-2605-RCKH-ZYTL-01,3,SANKO,W579,RUPID,CN,2605
CN-2605-RCKH-ZYTX-01,1,KASKA,B591,MIGOL,CN,2605
CN-2605-RCKH-ZYTX-01,2,MIGOL,A326,SANKO,CN,2605
CN-2605-RCKH-ZYTX-01,3,SANKO,W107,CHI,CN,2605
CN-2605-RCKH-ZYTX-01,4,CHI,A588,TOSID,CN,2605
CN-2605-RCMQ-ZBTJ-01,1,SULEM,R596,BZ,CN,2605
CN-2605-RCMQ-ZBTJ-01,2,BZ,A470,EMRID,CN,2605
CN-2605-RCMQ-ZBTJ-01,3,EMRID,W135,DOGVI,CN,2605
CN-2605-RCMQ-ZBTJ-01,4,DOGVI,A470,DPX,CN,2605
CN-2605-RCMQ-ZBTJ-01,5,DPX,A593,DALIM,CN,2605
CN-2605-RCMQ-ZBTJ-01,6,DALIM,W157,AVBOX,CN,2605
CN-2605-RCMQ-ZBYN-01,1,SULEM,R596,BZ,CN,2605
CN-2605-RCMQ-ZBYN-01,2,BZ,A470,EMRID,CN,2605
CN-2605-RCMQ-ZBYN-01,3,EMRID,W135,DOGVI,CN,2605
CN-2605-RCMQ-ZBYN-01,4,DOGVI,W545,VEMEX,CN,2605
CN-2605-RCMQ-ZBYN-01,5,VEMEX,W163,HFE,CN,2605
CN-2605-RCMQ-ZBYN-01,6,HFE,B208,ANPIG,CN,2605
CN-2605-RCMQ-ZGGG-01,1,OLDID,R200,GUBLO,CN,2605
CN-2605-RCMQ-ZGGG-01,2,GUBLO,W22,IDUMA,CN,2605
CN-2605-RCMQ-ZGSZ-01,1,OLDID,R200,GUBLO,CN,2605
CN-2605-RCMQ-ZJHK-01,1,OLDID,R200,BIGRO,CN,2605
CN-2605-RCMQ-ZJHK-01,2,BIGRO,G221,GIVIV,CN,2605
CN-2605-RCMQ-ZJHK-01,3,GIVIV,W605,DOMGO,CN,2605
CN-2605-RCMQ-ZJSY-01,1,OLDID,R200,BIGRO,CN,2605
CN-2605-RCMQ-ZJSY-01,2,BIGRO,G221,WL,CN,2605
CN-2605-RCMQ-ZLXY-01,1,SULEM,R596,BZ,CN,2605
CN-2605-RCMQ-ZLXY-01,2,BZ,A470,EMRID,CN,2605
CN-2605-RCMQ-ZLXY-01,3,EMRID,W135,DOGVI,CN,2605
CN-2605-RCMQ-ZLXY-01,4,DOGVI,W545,VEMEX,CN,2605
CN-2605-RCMQ-ZLXY-01,5,VEMEX,W163,HFE,CN,2605
CN-2605-RCMQ-ZLXY-01,6,HFE,B208,AGVUR,CN,2605
CN-2605-RCMQ-ZLXY-01,7,AGVUR,W287,MENED,CN,2605
CN-2605-RCMQ-ZLXY-01,8,MENED,W276,LOVRA,CN,2605
CN-2605-RCMQ-ZPPP-01,1,OLDID,R200,LH,CN,2605
CN-2605-RCMQ-ZPPP-01,2,LH,R339,BSE,CN,2605
CN-2605-RCMQ-ZPPP-01,3,BSE,A599,LXI,CN,2605
CN-2605-RCMQ-ZSJN-01,1,SULEM,R596,BZ,CN,2605
CN-2605-RCMQ-ZSJN-01,2,BZ,A470,EMRID,CN,2605
CN-2605-RCMQ-ZSJN-01,3,EMRID,W135,DOGVI,CN,2605
CN-2605-RCMQ-ZSJN-01,4,DOGVI,A470,DPX,CN,2605
CN-2605-RCMQ-ZSJN-01,5,DPX,A593,ABTUB,CN,2605
CN-2605-RCMQ-ZSNJ-01,1,SULEM,R596,BZ,CN,2605
CN-2605-RCMQ-ZSNJ-01,2,BZ,A470,EMRID,CN,2605
CN-2605-RCMQ-ZSNJ-01,3,EMRID,W135,GOSRO,CN,2605
CN-2605-RCMQ-ZSOF-01,1,SULEM,R596,BZ,CN,2605
CN-2605-RCMQ-ZSOF-01,2,BZ,A470,EMRID,CN,2605
CN-2605-RCMQ-ZSOF-01,3,EMRID,W135,LUPVI,CN,2605
CN-2605-RCMQ-ZSOF-01,4,LUPVI,R343,MADUK,CN,2605
CN-2605-RCMQ-ZSPD-01,1,SULEM,R596,DST,CN,2605
CN-2605-RCMQ-ZSPD-01,2,DST,B221,SHZ,CN,2605
CN-2605-RCMQ-ZSPD-01,3,SHZ,W58,XSY,CN,2605
CN-2605-RCMQ-ZSQD-01,1,SULEM,R596,OKATO,CN,2605
CN-2605-RCMQ-ZSQD-01,2,OKATO,W13,PINOT,CN,2605
CN-2605-RCMQ-ZSQD-01,3,PINOT,B221,IDVEL,CN,2605
CN-2605-RCMQ-ZSSS-01,1,SULEM,R596,DST,CN,2605
CN-2605-RCMQ-ZSSS-01,2,DST,B221,SHZ,CN,2605
CN-2605-RCMQ-ZSSS-01,3,SHZ,G204,JTN,CN,2605
CN-2605-RCMQ-ZUCK-01,1,OLDID,R200,GUBLO,CN,2605
CN-2605-RCMQ-ZUCK-01,2,GUBLO,W22,TEPID,CN,2605
CN-2605-RCMQ-ZUCK-01,3,TEPID,W24,OSNOV,CN,2605
CN-2605-RCMQ-ZUCK-01,4,OSNOV,G586,QP,CN,2605
CN-2605-RCMQ-ZUCK-01,5,QP,B330,ELKAL,CN,2605
CN-2605-RCMQ-ZUCK-01,6,ELKAL,W179,SUMUN,CN,2605
CN-2605-RCMQ-ZUCK-01,7,SUMUN,W3,ASIPO,CN,2605
CN-2605-RCMQ-ZUCK-01,8,ASIPO,W678,SEGDA,CN,2605
CN-2605-RCMQ-ZUUU-01,1,OLDID,R200,GUBLO,CN,2605
CN-2605-RCMQ-ZUUU-01,2,GUBLO,W22,TEPID,CN,2605
CN-2605-RCMQ-ZUUU-01,3,TEPID,W24,OSNOV,CN,2605
CN-2605-RCMQ-ZUUU-01,4,OSNOV,G586,QP,CN,2605
CN-2605-RCMQ-ZUUU-01,5,QP,B330,ELKAL,CN,2605
CN-2605-RCMQ-ZUUU-01,6,ELKAL,W179,IGNAK,CN,2605
CN-2605-RCMQ-ZYCC-01,1,KASKA,B591,MIGOL,CN,2605
CN-2605-RCMQ-ZYCC-01,2,MIGOL,A326,SANKO,CN,2605
CN-2605-RCMQ-ZYCC-01,3,SANKO,W107,CHI,CN,2605
CN-2605-RCMQ-ZYCC-01,4,CHI,A588,LEMOT,CN,2605
CN-2605-RCMQ-ZYHB-01,1,KASKA,B591,MIGOL,CN,2605
CN-2605-RCMQ-ZYHB-01,2,MIGOL,A326,SANKO,CN,2605
CN-2605-RCMQ-ZYHB-01,3,SANKO,W107,CHI,CN,2605
CN-2605-RCMQ-ZYHB-01,4,CHI,A588,NULRA,CN,2605
CN-2605-RCMQ-ZYHB-01,5,NULRA,W206,MAGBI,CN,2605
CN-2605-RCMQ-ZYHB-01,6,MAGBI,W656,ISLUK,CN,2605
CN-2605-RCMQ-ZYHB-01,7,ISLUK,W629,LARUN,CN,2605
CN-2605-RCNN-ZBTJ-01,1,SULEM,R596,BZ,CN,2605
CN-2605-RCNN-ZBTJ-01,2,BZ,A470,EMRID,CN,2605
CN-2605-RCNN-ZBTJ-01,3,EMRID,W135,DOGVI,CN,2605
CN-2605-RCNN-ZBTJ-01,4,DOGVI,A470,DPX,CN,2605
CN-2605-RCNN-ZBTJ-01,5,DPX,A593,DALIM,CN,2605
CN-2605-RCNN-ZBTJ-01,6,DALIM,W157,AVBOX,CN,2605
CN-2605-RCNN-ZHHH-01,1,SULEM,R596,BZ,CN,2605
CN-2605-RCNN-ZHHH-01,2,BZ,A470,EMRID,CN,2605
CN-2605-RCNN-ZHHH-01,3,EMRID,W135,DOGVI,CN,2605
CN-2605-RCNN-ZHHH-01,4,DOGVI,W545,VEMEX,CN,2605
CN-2605-RCNN-ZHHH-01,5,VEMEX,W73,MADUK,CN,2605
CN-2605-RCNN-ZHHH-01,6,MADUK,W51,LEGIV,CN,2605
CN-2605-RCNN-ZHHH-01,7,LEGIV,W164,ADGOL,CN,2605
CN-2605-RCNN-ZHHH-01,8,ADGOL,W50,XSH,CN,2605
CN-2605-RCQC-ZHHH-01,1,BEKOL,A461,BUBDA,CN,2605
CN-2605-RCQC-ZHHH-01,2,BUBDA,W56,UPMAT,CN,2605
CN-2605-RCQC-ZLXY-01,1,SULEM,R596,BZ,CN,2605
CN-2605-RCQC-ZLXY-01,2,BZ,A470,EMRID,CN,2605
CN-2605-RCQC-ZLXY-01,3,EMRID,W135,DOGVI,CN,2605
CN-2605-RCQC-ZLXY-01,4,DOGVI,W545,VEMEX,CN,2605
CN-2605-RCQC-ZLXY-01,5,VEMEX,W163,HFE,CN,2605
CN-2605-RCQC-ZLXY-01,6,HFE,B208,AGVUR,CN,2605
CN-2605-RCQC-ZLXY-01,7,AGVUR,W287,MENED,CN,2605
CN-2605-RCQC-ZLXY-01,8,MENED,W276,LOVRA,CN,2605
CN-2605-RCSS-ZBTJ-01,1,SULEM,R596,BZ,CN,2605
CN-2605-RCSS-ZBTJ-01,2,BZ,A470,EMRID,CN,2605
CN-2605-RCSS-ZBTJ-01,3,EMRID,W135,DOGVI,CN,2605
CN-2605-RCSS-ZBTJ-01,4,DOGVI,A470,DPX,CN,2605
CN-2605-RCSS-ZBTJ-01,5,DPX,A593,DALIM,CN,2605
CN-2605-RCSS-ZBTJ-01,6,DALIM,W157,AVBOX,CN,2605
CN-2605-RCSS-ZHHH-01,1,SULEM,R596,BZ,CN,2605
CN-2605-RCSS-ZHHH-01,2,BZ,A470,EMRID,CN,2605
CN-2605-RCSS-ZHHH-01,3,EMRID,W135,DOGVI,CN,2605
CN-2605-RCSS-ZHHH-01,4,DOGVI,W545,VEMEX,CN,2605
CN-2605-RCSS-ZHHH-01,5,VEMEX,W73,MADUK,CN,2605
CN-2605-RCSS-ZHHH-01,6,MADUK,W51,LEGIV,CN,2605
CN-2605-RCSS-ZHHH-01,7,LEGIV,W164,ADGOL,CN,2605
CN-2605-RCSS-ZHHH-01,8,ADGOL,W50,XSH,CN,2605
CN-2605-RCSS-ZSAM-01,1,OLDID,R200,BEBEM,CN,2605
CN-2605-RCSS-ZSAM-01,2,BEBEM,A470,TEBON,CN,2605
CN-2605-RCSS-ZSFZ-01,1,SULEM,R596,DST,CN,2605
CN-2605-RCSS-ZSFZ-01,2,DST,B221,ANLUD,CN,2605
CN-2605-RCSS-ZSFZ-02,1,SULEM,R596,OKATO,CN,2605
CN-2605-RCSS-ZSFZ-02,2,OKATO,M503,PONEN,CN,2605
CN-2605-RCSS-ZSHC-01,1,SULEM,R596,BZ,CN,2605
CN-2605-RCSS-ZSHC-01,2,BZ,A470,UGAGO,CN,2605
CN-2605-RCSS-ZSPD-01,1,SULEM,R596,DST,CN,2605
CN-2605-RCSS-ZSPD-01,2,DST,B221,SHZ,CN,2605
CN-2605-RCSS-ZSPD-01,3,SHZ,W58,XSY,CN,2605
CN-2605-RCSS-ZSSS-01,1,SULEM,R596,DST,CN,2605
CN-2605-RCSS-ZSSS-01,2,DST,B221,SHZ,CN,2605
CN-2605-RCSS-ZSSS-01,3,SHZ,G204,JTN,CN,2605
CN-2605-RCSS-ZUCK-01,1,OLDID,R200,GUBLO,CN,2605
CN-2605-RCSS-ZUCK-01,2,GUBLO,W22,TEPID,CN,2605
CN-2605-RCSS-ZUCK-01,3,TEPID,W24,OSNOV,CN,2605
CN-2605-RCSS-ZUCK-01,4,OSNOV,G586,QP,CN,2605
CN-2605-RCSS-ZUCK-01,5,QP,B330,ELKAL,CN,2605
CN-2605-RCSS-ZUCK-01,6,ELKAL,W179,SUMUN,CN,2605
CN-2605-RCSS-ZUCK-01,7,SUMUN,W3,ASIPO,CN,2605
CN-2605-RCSS-ZUCK-01,8,ASIPO,W678,SEGDA,CN,2605
CN-2605-RCSS-ZUTF-01,1,OLDID,R200,GUBLO,CN,2605
CN-2605-RCSS-ZUTF-01,2,GUBLO,W22,TEPID,CN,2605
CN-2605-RCSS-ZUTF-01,3,TEPID,W24,OSNOV,CN,2605
CN-2605-RCSS-ZUTF-01,4,OSNOV,G586,QP,CN,2605
CN-2605-RCSS-ZUTF-01,5,QP,B330,ELKAL,CN,2605
CN-2605-RCSS-ZUTF-01,6,ELKAL,W179,RIRKI,CN,2605
CN-2605-RCSS-ZUTF-01,7,RIRKI,W232,ELDUD,CN,2605
CN-2605-RCSS-ZUUU-01,1,OLDID,R200,GUBLO,CN,2605
CN-2605-RCSS-ZUUU-01,2,GUBLO,W22,TEPID,CN,2605
CN-2605-RCSS-ZUUU-01,3,TEPID,W24,OSNOV,CN,2605
CN-2605-RCSS-ZUUU-01,4,OSNOV,G586,QP,CN,2605
CN-2605-RCSS-ZUUU-01,5,QP,B330,ELKAL,CN,2605
CN-2605-RCSS-ZUUU-01,6,ELKAL,W179,IGNAK,CN,2605
CN-2605-RCTP-ZBAA-01,1,SULEM,R596,BZ,CN,2605
CN-2605-RCTP-ZBAA-01,2,BZ,A470,EMRID,CN,2605
CN-2605-RCTP-ZBAA-01,3,EMRID,W135,DOGVI,CN,2605
CN-2605-RCTP-ZBAA-01,4,DOGVI,A470,DPX,CN,2605
CN-2605-RCTP-ZBAA-01,5,DPX,A593,DALIM,CN,2605
CN-2605-RCTP-ZBAA-01,6,DALIM,W157,AVBOX,CN,2605
CN-2605-RCTP-ZBHH-01,1,SULEM,R596,BZ,CN,2605
CN-2605-RCTP-ZBHH-01,2,BZ,A470,EMRID,CN,2605
CN-2605-RCTP-ZBHH-01,3,EMRID,W135,DOGVI,CN,2605
CN-2605-RCTP-ZBHH-01,4,DOGVI,W545,VEMEX,CN,2605
CN-2605-RCTP-ZBHH-01,5,VEMEX,W163,HFE,CN,2605
CN-2605-RCTP-ZBHH-01,6,HFE,B208,TODAM,CN,2605
CN-2605-RCTP-ZBLA-01,1,KASKA,B591,MIGOL,CN,2605
CN-2605-RCTP-ZBLA-01,2,MIGOL,A326,SANKO,CN,2605
CN-2605-RCTP-ZBLA-01,3,SANKO,W107,CHI,CN,2605
CN-2605-RCTP-ZBLA-01,4,CHI,A588,BIDIB,CN,2605
CN-2605-RCTP-ZBLA-01,5,BIDIB,A345,HLD,CN,2605
CN-2605-RCTP-ZBSJ-01,1,SULEM,R596,BZ,CN,2605
CN-2605-RCTP-ZBSJ-01,2,BZ,A470,EMRID,CN,2605
CN-2605-RCTP-ZBSJ-01,3,EMRID,W135,DOGVI,CN,2605
CN-2605-RCTP-ZBSJ-01,4,DOGVI,W545,VEMEX,CN,2605
CN-2605-RCTP-ZBSJ-01,5,VEMEX,W163,HFE,CN,2605
CN-2605-RCTP-ZBSJ-01,6,HFE,B208,OBMEP,CN,2605
CN-2605-RCTP-ZBSJ-01,7,OBMEP,W56,ORODO,CN,2605
CN-2605-RCTP-ZBSJ-01,8,ORODO,W62,IGDID,CN,2605
CN-2605-RCTP-ZBTJ-01,1,SULEM,R596,BZ,CN,2605
CN-2605-RCTP-ZBTJ-01,2,BZ,A470,EMRID,CN,2605
CN-2605-RCTP-ZBTJ-01,3,EMRID,W135,DOGVI,CN,2605
CN-2605-RCTP-ZBTJ-01,4,DOGVI,A470,DPX,CN,2605
CN-2605-RCTP-ZBTJ-01,5,DPX,A593,DALIM,CN,2605
CN-2605-RCTP-ZBTJ-01,6,DALIM,W157,AVBOX,CN,2605
CN-2605-RCTP-ZBYN-01,1,SULEM,R596,BZ,CN,2605
CN-2605-RCTP-ZBYN-01,2,BZ,A470,EMRID,CN,2605
CN-2605-RCTP-ZBYN-01,3,EMRID,W135,DOGVI,CN,2605
CN-2605-RCTP-ZBYN-01,4,DOGVI,W545,VEMEX,CN,2605
CN-2605-RCTP-ZBYN-01,5,VEMEX,W163,HFE,CN,2605
CN-2605-RCTP-ZBYN-01,6,HFE,B208,ANPIG,CN,2605
CN-2605-RCTP-ZGDY-01,1,SULEM,R596,BZ,CN,2605
CN-2605-RCTP-ZGDY-01,2,BZ,A470,EMRID,CN,2605
CN-2605-RCTP-ZGDY-01,3,EMRID,W135,DOGVI,CN,2605
CN-2605-RCTP-ZGDY-01,4,DOGVI,W545,VEMEX,CN,2605
CN-2605-RCTP-ZGDY-01,5,VEMEX,W73,MADUK,CN,2605
CN-2605-RCTP-ZGDY-01,6,MADUK,W51,LEGIV,CN,2605
CN-2605-RCTP-ZGDY-01,7,LEGIV,W164,ADGOL,CN,2605
CN-2605-RCTP-ZGDY-01,8,ADGOL,W50,XSH,CN,2605
CN-2605-RCTP-ZGDY-01,9,XSH,W80,IDGAG,CN,2605
CN-2605-RCTP-ZGDY-01,10,IDGAG,A581,LIN,CN,2605
CN-2605-RCTP-ZGDY-01,11,LIN,W141,DYG,CN,2605
CN-2605-RCTP-ZGGG-01,1,OLDID,R200,GUBLO,CN,2605
CN-2605-RCTP-ZGGG-01,2,GUBLO,W22,IDUMA,CN,2605
CN-2605-RCTP-ZGHA-01,1,BEKOL,A461,MEXON,CN,2605
CN-2605-RCTP-ZGKL-01,1,OLDID,R200,GUBLO,CN,2605
CN-2605-RCTP-ZGKL-01,2,GUBLO,W22,TEPID,CN,2605
CN-2605-RCTP-ZGKL-01,3,TEPID,W24,OSNOV,CN,2605
CN-2605-RCTP-ZGKL-01,4,OSNOV,G586,QP,CN,2605
CN-2605-RCTP-ZGNN-01,1,OLDID,R200,LH,CN,2605
CN-2605-RCTP-ZGNN-01,2,LH,R339,WUY,CN,2605
CN-2605-RCTP-ZGOW-01,1,OLDID,R200,BEBEM,CN,2605
CN-2605-RCTP-ZGOW-01,2,BEBEM,A470,SWA,CN,2605
CN-2605-RCTP-ZGSZ-01,1,OLDID,R200,GUBLO,CN,2605
CN-2605-RCTP-ZHCC-01,1,SULEM,R596,BZ,CN,2605
CN-2605-RCTP-ZHCC-01,2,BZ,A470,EMRID,CN,2605
CN-2605-RCTP-ZHCC-01,3,EMRID,W135,DOGVI,CN,2605
CN-2605-RCTP-ZHCC-01,4,DOGVI,W545,VEMEX,CN,2605
CN-2605-RCTP-ZHCC-01,5,VEMEX,W163,HFE,CN,2605
CN-2605-RCTP-ZHCC-01,6,HFE,B208,FYG,CN,2605
CN-2605-RCTP-ZHCC-01,7,FYG,W596,UNTEL,CN,2605
CN-2605-RCTP-ZHHH-01,1,SULEM,R596,BZ,CN,2605
CN-2605-RCTP-ZHHH-01,2,BZ,A470,EMRID,CN,2605
CN-2605-RCTP-ZHHH-01,3,EMRID,W135,DOGVI,CN,2605
CN-2605-RCTP-ZHHH-01,4,DOGVI,W545,VEMEX,CN,2605
CN-2605-RCTP-ZHHH-01,5,VEMEX,W73,MADUK,CN,2605
CN-2605-RCTP-ZHHH-01,6,MADUK,W51,LEGIV,CN,2605
CN-2605-RCTP-ZHHH-01,7,LEGIV,W164,ADGOL,CN,2605
CN-2605-RCTP-ZHHH-01,8,ADGOL,W50,XSH,CN,2605
CN-2605-RCTP-ZJHK-01,1,OLDID,R200,BIGRO,CN,2605
CN-2605-RCTP-ZJHK-01,2,BIGRO,G221,GIVIV,CN,2605
CN-2605-RCTP-ZJHK-01,3,GIVIV,W605,DOMGO,CN,2605
CN-2605-RCTP-ZJSY-01,1,OLDID,R200,BIGRO,CN,2605
CN-2605-RCTP-ZJSY-01,2,BIGRO,G221,WL,CN,2605
CN-2605-RCTP-ZLIC-01,1,SULEM,R596,BZ,CN,2605
CN-2605-RCTP-ZLIC-01,2,BZ,A470,EMRID,CN,2605
CN-2605-RCTP-ZLIC-01,3,EMRID,W135,DOGVI,CN,2605
CN-2605-RCTP-ZLIC-01,4,DOGVI,W545,VEMEX,CN,2605
CN-2605-RCTP-ZLIC-01,5,VEMEX,W163,HFE,CN,2605
CN-2605-RCTP-ZLIC-01,6,HFE,B208,AGVUR,CN,2605
CN-2605-RCTP-ZLIC-01,7,AGVUR,B215,APOGO,CN,2605
CN-2605-RCTP-ZLIC-01,8,APOGO,W218,TUTGO,CN,2605
CN-2605-RCTP-ZLIC-01,9,TUTGO,W220,NIRUV,CN,2605
CN-2605-RCTP-ZLIC-01,10,NIRUV,B215,YHD,CN,2605
CN-2605-RCTP-ZLXN-01,1,OLDID,R200,GUBLO,CN,2605
CN-2605-RCTP-ZLXN-01,2,GUBLO,W22,TEPID,CN,2605
CN-2605-RCTP-ZLXN-01,3,TEPID,W24,OSNOV,CN,2605
CN-2605-RCTP-ZLXN-01,4,OSNOV,G586,QP,CN,2605
CN-2605-RCTP-ZLXN-01,5,QP,B330,ELKAL,CN,2605
CN-2605-RCTP-ZLXN-01,6,ELKAL,W179,OMBON,CN,2605
CN-2605-RCTP-ZLXN-01,7,OMBON,W195,IGDOB,CN,2605
CN-2605-RCTP-ZLXN-01,8,IGDOB,W111,XNN,CN,2605
CN-2605-RCTP-ZLXY-01,1,SULEM,R596,BZ,CN,2605
CN-2605-RCTP-ZLXY-01,2,BZ,A470,EMRID,CN,2605
CN-2605-RCTP-ZLXY-01,3,EMRID,W135,DOGVI,CN,2605
CN-2605-RCTP-ZLXY-01,4,DOGVI,W545,VEMEX,CN,2605
CN-2605-RCTP-ZLXY-01,5,VEMEX,W163,HFE,CN,2605
CN-2605-RCTP-ZLXY-01,6,HFE,B208,AGVUR,CN,2605
CN-2605-RCTP-ZLXY-01,7,AGVUR,W287,MENED,CN,2605
CN-2605-RCTP-ZLXY-01,8,MENED,W276,LOVRA,CN,2605
CN-2605-RCTP-ZPLJ-01,1,OLDID,R200,LH,CN,2605
CN-2605-RCTP-ZPLJ-01,2,LH,R339,BSE,CN,2605
CN-2605-RCTP-ZPLJ-01,3,BSE,A599,GULOT,CN,2605
CN-2605-RCTP-ZPLJ-01,4,GULOT,W146,BUBSU,CN,2605
CN-2605-RCTP-ZPLJ-01,5,BUBSU,W162,CEH,CN,2605
CN-2605-RCTP-ZPPP-01,1,OLDID,R200,LH,CN,2605
CN-2605-RCTP-ZPPP-01,2,LH,R339,BSE,CN,2605
CN-2605-RCTP-ZPPP-01,3,BSE,A599,LXI,CN,2605
CN-2605-RCTP-ZSAM-01,1,OLDID,R200,BEBEM,CN,2605
CN-2605-RCTP-ZSAM-01,2,BEBEM,A470,TEBON,CN,2605
CN-2605-RCTP-ZSCN-01,1,SULEM,R596,BZ,CN,2605
CN-2605-RCTP-ZSCN-01,2,BZ,A470,EMRID,CN,2605
CN-2605-RCTP-ZSCN-01,3,EMRID,W135,DOGVI,CN,2605
CN-2605-RCTP-ZSCN-01,4,DOGVI,W545,VEMEX,CN,2605
CN-2605-RCTP-ZSCN-01,5,VEMEX,W73,MADUK,CN,2605
CN-2605-RCTP-ZSCN-01,6,MADUK,W51,LEGIV,CN,2605
CN-2605-RCTP-ZSCN-01,7,LEGIV,W164,ADGOL,CN,2605
CN-2605-RCTP-ZSCN-01,8,ADGOL,W50,XSH,CN,2605
CN-2605-RCTP-ZSCN-01,9,XSH,W105,PEXEK,CN,2605
CN-2605-RCTP-ZSFZ-01,1,SULEM,R596,DST,CN,2605
CN-2605-RCTP-ZSFZ-01,2,DST,B221,ANLUD,CN,2605
CN-2605-RCTP-ZSFZ-02,1,SULEM,R596,OKATO,CN,2605
CN-2605-RCTP-ZSFZ-02,2,OKATO,M503,PONEN,CN,2605
CN-2605-RCTP-ZSHC-01,1,SULEM,R596,BZ,CN,2605
CN-2605-RCTP-ZSHC-01,2,BZ,A470,UGAGO,CN,2605
CN-2605-RCTP-ZSJN-01,1,SULEM,R596,BZ,CN,2605
CN-2605-RCTP-ZSJN-01,2,BZ,A470,EMRID,CN,2605
CN-2605-RCTP-ZSJN-01,3,EMRID,W135,DOGVI,CN,2605
CN-2605-RCTP-ZSJN-01,4,DOGVI,A470,DPX,CN,2605
CN-2605-RCTP-ZSJN-01,5,DPX,A593,ABTUB,CN,2605
CN-2605-RCTP-ZSNB-01,1,SULEM,R596,DST,CN,2605
CN-2605-RCTP-ZSNB-01,2,DST,B221,SHZ,CN,2605
CN-2605-RCTP-ZSNJ-01,1,SULEM,R596,BZ,CN,2605
CN-2605-RCTP-ZSNJ-01,2,BZ,A470,EMRID,CN,2605
CN-2605-RCTP-ZSNJ-01,3,EMRID,W135,GOSRO,CN,2605
CN-2605-RCTP-ZSNT-01,1,SULEM,R596,DST,CN,2605
CN-2605-RCTP-ZSNT-01,2,DST,B221,SHZ,CN,2605
CN-2605-RCTP-ZSNT-01,3,SHZ,G204,JTN,CN,2605
CN-2605-RCTP-ZSNT-01,4,JTN,W116,PK,CN,2605
CN-2605-RCTP-ZSNT-01,5,PK,G330,XIREM,CN,2605
CN-2605-RCTP-ZSNT-01,6,XIREM,W591,NTG,CN,2605
CN-2605-RCTP-ZSOF-01,1,SULEM,R596,BZ,CN,2605
CN-2605-RCTP-ZSOF-01,2,BZ,A470,EMRID,CN,2605
CN-2605-RCTP-ZSOF-01,3,EMRID,W135,LUPVI,CN,2605
CN-2605-RCTP-ZSOF-01,4,LUPVI,R343,MADUK,CN,2605
CN-2605-RCTP-ZSPD-01,1,SULEM,R596,DST,CN,2605
CN-2605-RCTP-ZSPD-01,2,DST,B221,SHZ,CN,2605
CN-2605-RCTP-ZSPD-01,3,SHZ,W58,XSY,CN,2605
CN-2605-RCTP-ZSQD-01,1,SULEM,R596,OKATO,CN,2605
CN-2605-RCTP-ZSQD-01,2,OKATO,W13,PINOT,CN,2605
CN-2605-RCTP-ZSQD-01,3,PINOT,B221,IDVEL,CN,2605
CN-2605-RCTP-ZSSH-01,1,SULEM,R596,BZ,CN,2605
CN-2605-RCTP-ZSSH-01,2,BZ,A470,EMRID,CN,2605
CN-2605-RCTP-ZSSH-01,3,EMRID,W135,DOGVI,CN,2605
CN-2605-RCTP-ZSSH-01,4,DOGVI,A470,OF,CN,2605
CN-2605-RCTP-ZSSH-01,5,OF,W178,LAGAL,CN,2605
CN-2605-RCTP-ZSSH-01,6,LAGAL,W525,HUN,CN,2605
CN-2605-RCTP-ZSSS-01,1,SULEM,R596,DST,CN,2605
CN-2605-RCTP-ZSSS-01,2,DST,B221,SHZ,CN,2605
CN-2605-RCTP-ZSSS-01,3,SHZ,G204,JTN,CN,2605
CN-2605-RCTP-ZSTX-01,1,SULEM,R596,BZ,CN,2605
CN-2605-RCTP-ZSTX-01,2,BZ,A470,UGAGO,CN,2605
CN-2605-RCTP-ZSTX-01,3,UGAGO,G204,TXN,CN,2605
CN-2605-RCTP-ZSWZ-01,1,SULEM,R596,OKATO,CN,2605
CN-2605-RCTP-ZSXZ-01,1,SULEM,R596,BZ,CN,2605
CN-2605-RCTP-ZSXZ-01,2,BZ,A470,EMRID,CN,2605
CN-2605-RCTP-ZSXZ-01,3,EMRID,W135,DOGVI,CN,2605
CN-2605-RCTP-ZSXZ-01,4,DOGVI,A470,DPX,CN,2605
CN-2605-RCTP-ZSXZ-01,5,DPX,W126,DO,CN,2605
CN-2605-RCTP-ZSYA-01,1,SULEM,R596,OKATO,CN,2605
CN-2605-RCTP-ZSYA-01,2,OKATO,W13,PINOT,CN,2605
CN-2605-RCTP-ZSYA-01,3,PINOT,B221,GORPI,CN,2605
CN-2605-RCTP-ZSYA-01,4,GORPI,W113,YCH,CN,2605
CN-2605-RCTP-ZSYA-01,5,YCH,W185,NIXEM,CN,2605
CN-2605-RCTP-ZSYT-01,1,KASKA,B591,MIGOL,CN,2605
CN-2605-RCTP-ZSYT-01,2,MIGOL,A326,IKEKA,CN,2605
CN-2605-RCTP-ZSYT-01,3,IKEKA,W4,FZ,CN,2605
CN-2605-RCTP-ZUCK-01,1,OLDID,R200,GUBLO,CN,2605
CN-2605-RCTP-ZUCK-01,2,GUBLO,W22,TEPID,CN,2605
CN-2605-RCTP-ZUCK-01,3,TEPID,W24,OSNOV,CN,2605
CN-2605-RCTP-ZUCK-01,4,OSNOV,G586,QP,CN,2605
CN-2605-RCTP-ZUCK-01,5,QP,B330,ELKAL,CN,2605
CN-2605-RCTP-ZUCK-01,6,ELKAL,W179,SUMUN,CN,2605
CN-2605-RCTP-ZUCK-01,7,SUMUN,W3,ASIPO,CN,2605
CN-2605-RCTP-ZUCK-01,8,ASIPO,W678,SEGDA,CN,2605
CN-2605-RCTP-ZUGY-01,1,OLDID,R200,GUBLO,CN,2605
CN-2605-RCTP-ZUGY-01,2,GUBLO,W22,TEPID,CN,2605
CN-2605-RCTP-ZUGY-01,3,TEPID,W24,OSNOV,CN,2605
CN-2605-RCTP-ZUGY-01,4,OSNOV,G586,QP,CN,2605
CN-2605-RCTP-ZUGY-01,5,QP,B330,ELKAL,CN,2605
CN-2605-RCTP-ZUTF-01,1,OLDID,R200,GUBLO,CN,2605
CN-2605-RCTP-ZUTF-01,2,GUBLO,W22,TEPID,CN,2605
CN-2605-RCTP-ZUTF-01,3,TEPID,W24,OSNOV,CN,2605
CN-2605-RCTP-ZUTF-01,4,OSNOV,G586,QP,CN,2605
CN-2605-RCTP-ZUTF-01,5,QP,B330,ELKAL,CN,2605
CN-2605-RCTP-ZUTF-01,6,ELKAL,W179,RIRKI,CN,2605
CN-2605-RCTP-ZUTF-01,7,RIRKI,W232,ELDUD,CN,2605
CN-2605-RCTP-ZUUU-01,1,OLDID,R200,GUBLO,CN,2605
CN-2605-RCTP-ZUUU-01,2,GUBLO,W22,TEPID,CN,2605
CN-2605-RCTP-ZUUU-01,3,TEPID,W24,OSNOV,CN,2605
CN-2605-RCTP-ZUUU-01,4,OSNOV,G586,QP,CN,2605
CN-2605-RCTP-ZUUU-01,5,QP,B330,ELKAL,CN,2605
CN-2605-RCTP-ZUUU-01,6,ELKAL,W179,IGNAK,CN,2605
CN-2605-RCTP-ZYCC-01,1,KASKA,B591,MIGOL,CN,2605
CN-2605-RCTP-ZYCC-01,2,MIGOL,A326,SANKO,CN,2605
CN-2605-RCTP-ZYCC-01,3,SANKO,W107,CHI,CN,2605
CN-2605-RCTP-ZYCC-01,4,CHI,A588,LEMOT,CN,2605
CN-2605-RCTP-ZYHB-01,1,KASKA,B591,MIGOL,CN,2605
CN-2605-RCTP-ZYHB-01,2,MIGOL,A326,SANKO,CN,2605
CN-2605-RCTP-ZYHB-01,3,SANKO,W107,CHI,CN,2605
CN-2605-RCTP-ZYHB-01,4,CHI,A588,NULRA,CN,2605
CN-2605-RCTP-ZYHB-01,5,NULRA,W206,MAGBI,CN,2605
CN-2605-RCTP-ZYHB-01,6,MAGBI,W656,ISLUK,CN,2605
CN-2605-RCTP-ZYHB-01,7,ISLUK,W629,LARUN,CN,2605
CN-2605-RCTP-ZYTL-01,1,KASKA,B591,MIGOL,CN,2605
CN-2605-RCTP-ZYTL-01,2,MIGOL,A326,SANKO,CN,2605
CN-2605-RCTP-ZYTL-01,3,SANKO,W579,RUPID,CN,2605
CN-2605-RCTP-ZYTX-01,1,KASKA,B591,MIGOL,CN,2605
CN-2605-RCTP-ZYTX-01,2,MIGOL,A326,SANKO,CN,2605
CN-2605-RCTP-ZYTX-01,3,SANKO,W107,CHI,CN,2605
CN-2605-RCTP-ZYTX-01,4,CHI,A588,TOSID,CN,2605
CN-2605-RCYU-ZBAA-01,1,SULEM,R596,BZ,CN,2605
CN-2605-RCYU-ZBAA-01,2,BZ,A470,EMRID,CN,2605
CN-2605-RCYU-ZBAA-01,3,EMRID,W135,DOGVI,CN,2605
CN-2605-RCYU-ZBAA-01,4,DOGVI,A470,DPX,CN,2605
CN-2605-RCYU-ZBAA-01,5,DPX,A593,DALIM,CN,2605
CN-2605-RCYU-ZBAA-01,6,DALIM,W157,AVBOX,CN,2605
CN-2605-RCYU-ZBSJ-01,1,SULEM,R596,BZ,CN,2605
CN-2605-RCYU-ZBSJ-01,2,BZ,A470,EMRID,CN,2605
CN-2605-RCYU-ZBSJ-01,3,EMRID,W135,DOGVI,CN,2605
CN-2605-RCYU-ZBSJ-01,4,DOGVI,W545,VEMEX,CN,2605
CN-2605-RCYU-ZBSJ-01,5,VEMEX,W163,HFE,CN,2605
CN-2605-RCYU-ZBSJ-01,6,HFE,B208,OBMEP,CN,2605
CN-2605-RCYU-ZBSJ-01,7,OBMEP,W56,ORODO,CN,2605
CN-2605-RCYU-ZBSJ-01,8,ORODO,W62,IGDID,CN,2605
CN-2605-RCYU-ZBTJ-01,1,SULEM,R596,BZ,CN,2605
CN-2605-RCYU-ZBTJ-01,2,BZ,A470,EMRID,CN,2605
CN-2605-RCYU-ZBTJ-01,3,EMRID,W135,DOGVI,CN,2605
CN-2605-RCYU-ZBTJ-01,4,DOGVI,A470,DPX,CN,2605
CN-2605-RCYU-ZBTJ-01,5,DPX,A593,DALIM,CN,2605
CN-2605-RCYU-ZBTJ-01,6,DALIM,W157,AVBOX,CN,2605
CN-2605-RCYU-ZBYN-01,1,SULEM,R596,BZ,CN,2605
CN-2605-RCYU-ZBYN-01,2,BZ,A470,EMRID,CN,2605
CN-2605-RCYU-ZBYN-01,3,EMRID,W135,DOGVI,CN,2605
CN-2605-RCYU-ZBYN-01,4,DOGVI,W545,VEMEX,CN,2605
CN-2605-RCYU-ZBYN-01,5,VEMEX,W163,HFE,CN,2605
CN-2605-RCYU-ZBYN-01,6,HFE,B208,ANPIG,CN,2605
CN-2605-RCYU-ZGGG-01,1,OLDID,R200,GUBLO,CN,2605
CN-2605-RCYU-ZGGG-01,2,GUBLO,W22,IDUMA,CN,2605
CN-2605-RCYU-ZGHA-01,1,BEKOL,A461,MEXON,CN,2605
CN-2605-RCYU-ZGKL-01,1,OLDID,R200,GUBLO,CN,2605
CN-2605-RCYU-ZGKL-01,2,GUBLO,W22,TEPID,CN,2605
CN-2605-RCYU-ZGKL-01,3,TEPID,W24,OSNOV,CN,2605
CN-2605-RCYU-ZGKL-01,4,OSNOV,G586,QP,CN,2605
CN-2605-RCYU-ZGNN-01,1,OLDID,R200,LH,CN,2605
CN-2605-RCYU-ZGNN-01,2,LH,R339,WUY,CN,2605
CN-2605-RCYU-ZGSZ-01,1,OLDID,R200,GUBLO,CN,2605
CN-2605-RCYU-ZHCC-01,1,SULEM,R596,BZ,CN,2605
CN-2605-RCYU-ZHCC-01,2,BZ,A470,EMRID,CN,2605
CN-2605-RCYU-ZHCC-01,3,EMRID,W135,DOGVI,CN,2605
CN-2605-RCYU-ZHCC-01,4,DOGVI,W545,VEMEX,CN,2605
CN-2605-RCYU-ZHCC-01,5,VEMEX,W163,HFE,CN,2605
CN-2605-RCYU-ZHCC-01,6,HFE,B208,FYG,CN,2605
CN-2605-RCYU-ZHCC-01,7,FYG,W596,UNTEL,CN,2605
CN-2605-RCYU-ZHHH-01,1,SULEM,R596,BZ,CN,2605
CN-2605-RCYU-ZHHH-01,2,BZ,A470,EMRID,CN,2605
CN-2605-RCYU-ZHHH-01,3,EMRID,W135,DOGVI,CN,2605
CN-2605-RCYU-ZHHH-01,4,DOGVI,W545,VEMEX,CN,2605
CN-2605-RCYU-ZHHH-01,5,VEMEX,W73,MADUK,CN,2605
CN-2605-RCYU-ZHHH-01,6,MADUK,W51,LEGIV,CN,2605
CN-2605-RCYU-ZHHH-01,7,LEGIV,W164,ADGOL,CN,2605
CN-2605-RCYU-ZHHH-01,8,ADGOL,W50,XSH,CN,2605
CN-2605-RCYU-ZJHK-01,1,OLDID,R200,BIGRO,CN,2605
CN-2605-RCYU-ZJHK-01,2,BIGRO,G221,GIVIV,CN,2605
CN-2605-RCYU-ZJHK-01,3,GIVIV,W605,DOMGO,CN,2605
CN-2605-RCYU-ZJSY-01,1,OLDID,R200,BIGRO,CN,2605
CN-2605-RCYU-ZJSY-01,2,BIGRO,G221,WL,CN,2605
CN-2605-RCYU-ZLXY-01,1,SULEM,R596,BZ,CN,2605
CN-2605-RCYU-ZLXY-01,2,BZ,A470,EMRID,CN,2605
CN-2605-RCYU-ZLXY-01,3,EMRID,W135,DOGVI,CN,2605
CN-2605-RCYU-ZLXY-01,4,DOGVI,W545,VEMEX,CN,2605
CN-2605-RCYU-ZLXY-01,5,VEMEX,W163,HFE,CN,2605
CN-2605-RCYU-ZLXY-01,6,HFE,B208,AGVUR,CN,2605
CN-2605-RCYU-ZLXY-01,7,AGVUR,W287,MENED,CN,2605
CN-2605-RCYU-ZLXY-01,8,MENED,W276,LOVRA,CN,2605
CN-2605-RCYU-ZPPP-01,1,OLDID,R200,LH,CN,2605
CN-2605-RCYU-ZPPP-01,2,LH,R339,BSE,CN,2605
CN-2605-RCYU-ZPPP-01,3,BSE,A599,LXI,CN,2605
CN-2605-RCYU-ZSAM-01,1,OLDID,R200,BEBEM,CN,2605
CN-2605-RCYU-ZSAM-01,2,BEBEM,A470,TEBON,CN,2605
CN-2605-RCYU-ZSCN-01,1,SULEM,R596,BZ,CN,2605
CN-2605-RCYU-ZSCN-01,2,BZ,A470,EMRID,CN,2605
CN-2605-RCYU-ZSCN-01,3,EMRID,W135,DOGVI,CN,2605
CN-2605-RCYU-ZSCN-01,4,DOGVI,W545,VEMEX,CN,2605
CN-2605-RCYU-ZSCN-01,5,VEMEX,W73,MADUK,CN,2605
CN-2605-RCYU-ZSCN-01,6,MADUK,W51,LEGIV,CN,2605
CN-2605-RCYU-ZSCN-01,7,LEGIV,W164,ADGOL,CN,2605
CN-2605-RCYU-ZSCN-01,8,ADGOL,W50,XSH,CN,2605
CN-2605-RCYU-ZSCN-01,9,XSH,W105,PEXEK,CN,2605
CN-2605-RCYU-ZSFZ-01,1,SULEM,R596,DST,CN,2605
CN-2605-RCYU-ZSFZ-01,2,DST,B221,ANLUD,CN,2605
CN-2605-RCYU-ZSHC-01,1,SULEM,R596,BZ,CN,2605
CN-2605-RCYU-ZSHC-01,2,BZ,A470,UGAGO,CN,2605
CN-2605-RCYU-ZSJN-01,1,SULEM,R596,BZ,CN,2605
CN-2605-RCYU-ZSJN-01,2,BZ,A470,EMRID,CN,2605
CN-2605-RCYU-ZSJN-01,3,EMRID,W135,DOGVI,CN,2605
CN-2605-RCYU-ZSJN-01,4,DOGVI,A470,DPX,CN,2605
CN-2605-RCYU-ZSJN-01,5,DPX,A593,ABTUB,CN,2605
CN-2605-RCYU-ZSNB-01,1,SULEM,R596,DST,CN,2605
CN-2605-RCYU-ZSNB-01,2,DST,B221,SHZ,CN,2605
CN-2605-RCYU-ZSNJ-01,1,SULEM,R596,BZ,CN,2605
CN-2605-RCYU-ZSNJ-01,2,BZ,A470,EMRID,CN,2605
CN-2605-RCYU-ZSNJ-01,3,EMRID,W135,GOSRO,CN,2605
CN-2605-RCYU-ZSOF-01,1,SULEM,R596,BZ,CN,2605
CN-2605-RCYU-ZSOF-01,2,BZ,A470,EMRID,CN,2605
CN-2605-RCYU-ZSOF-01,3,EMRID,W135,LUPVI,CN,2605
CN-2605-RCYU-ZSOF-01,4,LUPVI,R343,MADUK,CN,2605
CN-2605-RCYU-ZSPD-01,1,SULEM,R596,DST,CN,2605
CN-2605-RCYU-ZSPD-01,2,DST,B221,SHZ,CN,2605
CN-2605-RCYU-ZSPD-01,3,SHZ,W58,XSY,CN,2605
CN-2605-RCYU-ZSQD-01,1,SULEM,R596,OKATO,CN,2605
CN-2605-RCYU-ZSQD-01,2,OKATO,W13,PINOT,CN,2605
CN-2605-RCYU-ZSQD-01,3,PINOT,B221,IDVEL,CN,2605
CN-2605-RCYU-ZSSS-01,1,SULEM,R596,DST,CN,2605
CN-2605-RCYU-ZSSS-01,2,DST,B221,SHZ,CN,2605
CN-2605-RCYU-ZSSS-01,3,SHZ,G204,JTN,CN,2605
CN-2605-RCYU-ZSTX-01,1,SULEM,R596,BZ,CN,2605
CN-2605-RCYU-ZSTX-01,2,BZ,A470,UGAGO,CN,2605
CN-2605-RCYU-ZSTX-01,3,UGAGO,G204,TXN,CN,2605
CN-2605-RCYU-ZSWZ-01,1,SULEM,R596,OKATO,CN,2605
CN-2605-RCYU-ZSXZ-01,1,SULEM,R596,BZ,CN,2605
CN-2605-RCYU-ZSXZ-01,2,BZ,A470,EMRID,CN,2605
CN-2605-RCYU-ZSXZ-01,3,EMRID,W135,DOGVI,CN,2605
CN-2605-RCYU-ZSXZ-01,4,DOGVI,A470,DPX,CN,2605
CN-2605-RCYU-ZSXZ-01,5,DPX,W126,DO,CN,2605
CN-2605-RCYU-ZSYT-01,1,KASKA,B591,MIGOL,CN,2605
CN-2605-RCYU-ZSYT-01,2,MIGOL,A326,IKEKA,CN,2605
CN-2605-RCYU-ZSYT-01,3,IKEKA,W4,FZ,CN,2605
CN-2605-RCYU-ZUCK-01,1,OLDID,R200,GUBLO,CN,2605
CN-2605-RCYU-ZUCK-01,2,GUBLO,W22,TEPID,CN,2605
CN-2605-RCYU-ZUCK-01,3,TEPID,W24,OSNOV,CN,2605
CN-2605-RCYU-ZUCK-01,4,OSNOV,G586,QP,CN,2605
CN-2605-RCYU-ZUCK-01,5,QP,B330,ELKAL,CN,2605
CN-2605-RCYU-ZUCK-01,6,ELKAL,W179,SUMUN,CN,2605
CN-2605-RCYU-ZUCK-01,7,SUMUN,W3,ASIPO,CN,2605
CN-2605-RCYU-ZUCK-01,8,ASIPO,W678,SEGDA,CN,2605
CN-2605-RCYU-ZUGY-01,1,OLDID,R200,GUBLO,CN,2605
CN-2605-RCYU-ZUGY-01,2,GUBLO,W22,TEPID,CN,2605
CN-2605-RCYU-ZUGY-01,3,TEPID,W24,OSNOV,CN,2605
CN-2605-RCYU-ZUGY-01,4,OSNOV,G586,QP,CN,2605
CN-2605-RCYU-ZUGY-01,5,QP,B330,ELKAL,CN,2605
CN-2605-RCYU-ZUUU-01,1,OLDID,R200,GUBLO,CN,2605
CN-2605-RCYU-ZUUU-01,2,GUBLO,W22,TEPID,CN,2605
CN-2605-RCYU-ZUUU-01,3,TEPID,W24,OSNOV,CN,2605
CN-2605-RCYU-ZUUU-01,4,OSNOV,G586,QP,CN,2605
CN-2605-RCYU-ZUUU-01,5,QP,B330,ELKAL,CN,2605
CN-2605-RCYU-ZUUU-01,6,ELKAL,W179,IGNAK,CN,2605
CN-2605-RCYU-ZYCC-01,1,KASKA,B591,MIGOL,CN,2605
CN-2605-RCYU-ZYCC-01,2,MIGOL,A326,SANKO,CN,2605
CN-2605-RCYU-ZYCC-01,3,SANKO,W107,CHI,CN,2605
CN-2605-RCYU-ZYCC-01,4,CHI,A588,LEMOT,CN,2605
CN-2605-RCYU-ZYHB-01,1,KASKA,B591,MIGOL,CN,2605
CN-2605-RCYU-ZYHB-01,2,MIGOL,A326,SANKO,CN,2605
CN-2605-RCYU-ZYHB-01,3,SANKO,W107,CHI,CN,2605
CN-2605-RCYU-ZYHB-01,4,CHI,A588,NULRA,CN,2605
CN-2605-RCYU-ZYHB-01,5,NULRA,W206,MAGBI,CN,2605
CN-2605-RCYU-ZYHB-01,6,MAGBI,W656,ISLUK,CN,2605
CN-2605-RCYU-ZYHB-01,7,ISLUK,W629,LARUN,CN,2605
CN-2605-RCYU-ZYTL-01,1,KASKA,B591,MIGOL,CN,2605
CN-2605-RCYU-ZYTL-01,2,MIGOL,A326,SANKO,CN,2605
CN-2605-RCYU-ZYTL-01,3,SANKO,W579,RUPID,CN,2605
CN-2605-RCYU-ZYTX-01,1,KASKA,B591,MIGOL,CN,2605
CN-2605-RCYU-ZYTX-01,2,MIGOL,A326,SANKO,CN,2605
CN-2605-RCYU-ZYTX-01,3,SANKO,W107,CHI,CN,2605
CN-2605-RCYU-ZYTX-01,4,CHI,A588,TOSID,CN,2605
CN-2605-RK-AGAVO,1,RULAD,A343,POSOT,CN,2605
CN-2605-RK-AGAVO,2,POSOT,B215,FKG,CN,2605
CN-2605-RK-AGAVO,3,FKG,W188,LIKMI,CN,2605
CN-2605-RK-AGAVO,4,LIKMI,W270,DKO,CN,2605
CN-2605-RK-AGAVO,5,DKO,W69,HUR,CN,2605
CN-2605-RK-AGAVO,6,HUR,B339,LADIX,CN,2605
CN-2605-RK-AGAVO,7,LADIX,W34,VAPGU,CN,2605
CN-2605-RK-AGAVO,8,VAPGU,W100,ORAVA,CN,2605
CN-2605-RK-AGAVO,9,ORAVA,W201,UNSEK,CN,2605
CN-2605-RK-AGAVO,10,UNSEK,A326,DONVO,CN,2605
CN-2605-RK-AGAVO,11,DONVO,G597,AGAVO,CN,2605
CN-2605-RK-AGAVO,12,AGAVO,DCT,KAMUD,CN,2605
CN-2605-RK-AGAVO,13,KAMUD,A468,XKC,CN,2605
CN-2605-RK-AGAVO,14,XKC,B215,FKG,CN,2605
CN-2605-RK-AGAVO,15,FKG,W188,LIKMI,CN,2605
CN-2605-RK-AGAVO,16,LIKMI,W270,DKO,CN,2605
CN-2605-RK-AGAVO,17,DKO,W69,HUR,CN,2605
CN-2605-RK-AGAVO,18,HUR,B339,LADIX,CN,2605
CN-2605-RK-AGAVO,19,LADIX,W34,VAPGU,CN,2605
CN-2605-RK-AGAVO,20,VAPGU,W100,ORAVA,CN,2605
CN-2605-RK-AGAVO,21,ORAVA,W201,UNSEK,CN,2605
CN-2605-RK-AGAVO,22,UNSEK,A326,DONVO,CN,2605
CN-2605-RK-AGAVO,23,DONVO,G597,AGAVO,CN,2605
CN-2605-RKL-AGAVO,1,RULAD,A343,POSOT,CN,2605
CN-2605-RKL-AGAVO,2,POSOT,B215,FKG,CN,2605
CN-2605-RKL-AGAVO,3,FKG,W188,LIKMI,CN,2605
CN-2605-RKL-AGAVO,4,LIKMI,W270,DKO,CN,2605
CN-2605-RKL-AGAVO,5,DKO,W69,HUR,CN,2605
CN-2605-RKL-AGAVO,6,HUR,B339,LADIX,CN,2605
CN-2605-RKL-AGAVO,7,LADIX,W34,VAPGU,CN,2605
CN-2605-RKL-AGAVO,8,VAPGU,W100,ORAVA,CN,2605
CN-2605-RKL-AGAVO,9,ORAVA,W201,UNSEK,CN,2605
CN-2605-RKL-AGAVO,10,UNSEK,A326,DONVO,CN,2605
CN-2605-RKL-AGAVO,11,DONVO,G597,AGAVO,CN,2605
CN-2605-RKL-AGAVO,12,AGAVO,DCT,KAMUD,CN,2605
CN-2605-RKL-AGAVO,13,KAMUD,A468,XKC,CN,2605
CN-2605-RKL-AGAVO,14,XKC,B215,FKG,CN,2605
CN-2605-RKL-AGAVO,15,FKG,W188,LIKMI,CN,2605
CN-2605-RKL-AGAVO,16,LIKMI,W270,DKO,CN,2605
CN-2605-RKL-AGAVO,17,DKO,W69,HUR,CN,2605
CN-2605-RKL-AGAVO,18,HUR,B339,LADIX,CN,2605
CN-2605-RKL-AGAVO,19,LADIX,W34,VAPGU,CN,2605
CN-2605-RKL-AGAVO,20,VAPGU,W100,ORAVA,CN,2605
CN-2605-RKL-AGAVO,21,ORAVA,W201,UNSEK,CN,2605
CN-2605-RKL-AGAVO,22,UNSEK,A326,DONVO,CN,2605
CN-2605-RKL-AGAVO,23,DONVO,G597,AGAVO,CN,2605
CN-2605-RKL-AGAVO,24,AGAVO,DCT,LINSO,CN,2605
CN-2605-RKL-AGAVO,25,LINSO,A599,SGM,CN,2605
CN-2605-RKL-AGAVO,26,SGM,A581,IDPOG,CN,2605
CN-2605-RKL-AGAVO,27,IDPOG,W56,VADMO,CN,2605
CN-2605-RKL-AGAVO,28,VADMO,W4,WXI,CN,2605
CN-2605-RKL-AGAVO,29,WXI,W59,SUNOK,CN,2605
CN-2605-RKL-AGAVO,30,SUNOK,W103,YQG,CN,2605
CN-2605-RKL-AGAVO,31,YQG,W569,NOBUP,CN,2605
CN-2605-RKL-AGAVO,32,NOBUP,W4,IKEKA,CN,2605
CN-2605-RKL-AGAVO,33,IKEKA,A591,AGAVO,CN,2605
CN-2605-RULAD-AGAVO,1,RULAD,A343,POSOT,CN,2605
CN-2605-RULAD-AGAVO,2,POSOT,B215,FKG,CN,2605
CN-2605-RULAD-AGAVO,3,FKG,W188,LIKMI,CN,2605
CN-2605-RULAD-AGAVO,4,LIKMI,W270,DKO,CN,2605
CN-2605-RULAD-AGAVO,5,DKO,W69,HUR,CN,2605
CN-2605-RULAD-AGAVO,6,HUR,B339,LADIX,CN,2605
CN-2605-RULAD-AGAVO,7,LADIX,W34,VAPGU,CN,2605
CN-2605-RULAD-AGAVO,8,VAPGU,W100,ORAVA,CN,2605
CN-2605-RULAD-AGAVO,9,ORAVA,W201,UNSEK,CN,2605
CN-2605-RULAD-AGAVO,10,UNSEK,A326,DONVO,CN,2605
CN-2605-RULAD-AGAVO,11,DONVO,G597,AGAVO,CN,2605
CN-2605-RULAD-G470-SAGAG,1,RULAD,A343,POSOT,CN,2605
CN-2605-RULAD-G470-SAGAG,2,POSOT,B215,FKG,CN,2605
CN-2605-RULAD-G470-SAGAG,3,FKG,W192,ESDEX,CN,2605
CN-2605-RULAD-G470-SAGAG,4,ESDEX,W191,DNC,CN,2605
CN-2605-RULAD-G470-SAGAG,5,DNC,W565,BIGUX,CN,2605
CN-2605-RULAD-G470-SAGAG,6,BIGUX,B330,UBKER,CN,2605
CN-2605-RULAD-G470-SAGAG,7,UBKER,G212,SGM,CN,2605
CN-2605-RULAD-G470-SAGAG,8,SGM,A581,SAGAG,CN,2605
CN-2605-RULAD-G470-TAMOT,1,RULAD,A343,POSOT,CN,2605
CN-2605-RULAD-G470-TAMOT,2,POSOT,B215,FKG,CN,2605
CN-2605-RULAD-G470-TAMOT,3,FKG,W192,ESDEX,CN,2605
CN-2605-RULAD-G470-TAMOT,4,ESDEX,W191,DNC,CN,2605
CN-2605-RULAD-G470-TAMOT,5,DNC,W565,BIGUX,CN,2605
CN-2605-RULAD-G470-TAMOT,6,BIGUX,B330,KWE,CN,2605
CN-2605-RULAD-G470-TAMOT,7,KWE,W181,DUDIT,CN,2605
CN-2605-RULAD-G470-TAMOT,8,DUDIT,A599,POU,CN,2605
CN-2605-RULAD-G470-TAMOT,9,POU,B330,TAMOT,CN,2605
CN-2605-RULAD-G470-VHHH,1,RULAD,A343,POSOT,CN,2605
CN-2605-RULAD-G470-VHHH,2,POSOT,B215,FKG,CN,2605
CN-2605-RULAD-G470-VHHH,3,FKG,W192,ESDEX,CN,2605
CN-2605-RULAD-G470-VHHH,4,ESDEX,W191,DNC,CN,2605
CN-2605-RULAD-G470-VHHH,5,DNC,W565,BIGUX,CN,2605
CN-2605-RULAD-G470-VHHH,6,BIGUX,B330,KWE,CN,2605
CN-2605-RULAD-G470-VHHH,7,KWE,W181,DUDIT,CN,2605
CN-2605-RULAD-G470-VHHH,8,DUDIT,A599,POU,CN,2605
CN-2605-RULAD-G470-VHHH,9,POU,R473,SIERA,CN,2605
CN-2605-RULAD-L888-SAGAG,1,RULAD,A460,XKC,CN,2605
CN-2605-RULAD-L888-SAGAG,2,XKC,L888,BIDRU,CN,2605
CN-2605-RULAD-L888-SAGAG,3,BIDRU,A581,SAGAG,CN,2605
CN-2605-RULAD-L888-TAMOT,1,RULAD,A460,XKC,CN,2605
CN-2605-RULAD-L888-TAMOT,2,XKC,L888,BIGOR,CN,2605
CN-2605-RULAD-L888-TAMOT,3,BIGOR,W9,CZH,CN,2605
CN-2605-RULAD-L888-TAMOT,4,CZH,B213,CTU,CN,2605
CN-2605-RULAD-L888-TAMOT,5,CTU,W237,IDBOR,CN,2605
CN-2605-RULAD-L888-TAMOT,6,IDBOR,B330,KWE,CN,2605
CN-2605-RULAD-L888-TAMOT,7,KWE,W181,DUDIT,CN,2605
CN-2605-RULAD-L888-TAMOT,8,DUDIT,A599,POU,CN,2605
CN-2605-RULAD-L888-TAMOT,9,POU,B330,TAMOT,CN,2605
CN-2605-RULAD-L888-VHHH,1,RULAD,A460,XKC,CN,2605
CN-2605-RULAD-L888-VHHH,2,XKC,L888,BIGOR,CN,2605
CN-2605-RULAD-L888-VHHH,3,BIGOR,W9,CZH,CN,2605
CN-2605-RULAD-L888-VHHH,4,CZH,B213,CTU,CN,2605
CN-2605-RULAD-L888-VHHH,5,CTU,W237,IDBOR,CN,2605
CN-2605-RULAD-L888-VHHH,6,IDBOR,B330,KWE,CN,2605
CN-2605-RULAD-L888-VHHH,7,KWE,W181,DUDIT,CN,2605
CN-2605-RULAD-L888-VHHH,8,DUDIT,A599,POU,CN,2605
CN-2605-RULAD-L888-VHHH,9,POU,R473,SIERA,CN,2605
CN-2605-RULAD-LINSO,1,RULAD,A343,POSOT,CN,2605
CN-2605-RULAD-LINSO,2,POSOT,B215,FKG,CN,2605
CN-2605-RULAD-LINSO,3,FKG,W192,ESDEX,CN,2605
CN-2605-RULAD-LINSO,4,ESDEX,W191,DNC,CN,2605
CN-2605-RULAD-LINSO,5,DNC,W565,BIGUX,CN,2605
CN-2605-RULAD-LINSO,6,BIGUX,B330,UBKER,CN,2605
CN-2605-RULAD-LINSO,7,UBKER,G212,SGM,CN,2605
CN-2605-RULAD-LINSO,8,SGM,A599,LINSO,CN,2605
CN-2605-RULAD-PURPA,1,RULAD,A460,EXURU,CN,2605
CN-2605-RULAD-PURPA,2,EXURU,W119,LESVI,CN,2605
CN-2605-RULAD-PURPA,3,LESVI,B215,PURPA,CN,2605
CN-2605-RULAD-SADLI,1,RULAD,A343,POSOT,CN,2605
CN-2605-RULAD-SADLI,2,POSOT,B215,FKG,CN,2605
CN-2605-RULAD-SADLI,3,FKG,W188,LIKMI,CN,2605
CN-2605-RULAD-SADLI,4,LIKMI,W270,DKO,CN,2605
CN-2605-RULAD-SADLI,5,DKO,W69,HUR,CN,2605
CN-2605-RULAD-SADLI,6,HUR,B339,SOTMU,CN,2605
CN-2605-RULAD-SADLI,7,SOTMU,W98,ELKUR,CN,2605
CN-2605-RULAD-SADLI,8,ELKUR,W40,YQG,CN,2605
CN-2605-RULAD-SADLI,9,YQG,W142,DALIM,CN,2605
CN-2605-RULAD-SADLI,10,DALIM,A593,PK,CN,2605
CN-2605-RULAD-SADLI,11,PK,W116,JTN,CN,2605
CN-2605-RULAD-SADLI,12,JTN,G327,LAMEN,CN,2605
CN-2605-RULAD-SADLI,13,LAMEN,A593,SADLI,CN,2605
CN-2605-RULAD-SAGAG,1,RULAD,A343,POSOT,CN,2605
CN-2605-RULAD-SAGAG,2,POSOT,B215,FKG,CN,2605
CN-2605-RULAD-SAGAG,3,FKG,W188,LIKMI,CN,2605
CN-2605-RULAD-SAGAG,4,LIKMI,W270,NOLOM,CN,2605
CN-2605-RULAD-SAGAG,5,NOLOM,B330,UBKER,CN,2605
CN-2605-RULAD-SAGAG,6,UBKER,G212,SGM,CN,2605
CN-2605-RULAD-SAGAG,7,SGM,A581,SAGAG,CN,2605
CN-2605-RULAD-TAMOT,1,RULAD,A343,POSOT,CN,2605
CN-2605-RULAD-TAMOT,2,POSOT,B215,FKG,CN,2605
CN-2605-RULAD-TAMOT,3,FKG,W188,LIKMI,CN,2605
CN-2605-RULAD-TAMOT,4,LIKMI,W270,NOLOM,CN,2605
CN-2605-RULAD-TAMOT,5,NOLOM,B330,KWE,CN,2605
CN-2605-RULAD-TAMOT,6,KWE,W181,DUDIT,CN,2605
CN-2605-RULAD-TAMOT,7,DUDIT,A599,POU,CN,2605
CN-2605-RULAD-TAMOT,8,POU,B330,TAMOT,CN,2605
CN-2605-RULAD-TEBUS,1,RULAD,A343,POSOT,CN,2605
CN-2605-RULAD-TEBUS,2,POSOT,B215,FKG,CN,2605
CN-2605-RULAD-TEBUS,3,FKG,G588,TEBUS,CN,2605
CN-2605-RULAD-VHHH,1,RULAD,A343,POSOT,CN,2605
CN-2605-RULAD-VHHH,2,POSOT,B215,FKG,CN,2605
CN-2605-RULAD-VHHH,3,FKG,W188,LIKMI,CN,2605
CN-2605-RULAD-VHHH,4,LIKMI,W270,NOLOM,CN,2605
CN-2605-RULAD-VHHH,5,NOLOM,B330,KWE,CN,2605
CN-2605-RULAD-VHHH,6,KWE,W181,DUDIT,CN,2605
CN-2605-RULAD-VHHH,7,DUDIT,A599,POU,CN,2605
CN-2605-RULAD-VHHH,8,POU,R473,SIERA,CN,2605
CN-2605-RULAD-VMMC,1,RULAD,A343,POSOT,CN,2605
CN-2605-RULAD-VMMC,2,POSOT,B215,FKG,CN,2605
CN-2605-RULAD-VMMC,3,FKG,W188,LIKMI,CN,2605
CN-2605-RULAD-VMMC,4,LIKMI,W270,NOLOM,CN,2605
CN-2605-RULAD-VMMC,5,NOLOM,B330,KWE,CN,2605
CN-2605-RULAD-VMMC,6,KWE,W181,DUDIT,CN,2605
CN-2605-RULAD-VMMC,7,DUDIT,A599,POU,CN,2605
CN-2605-RULAD-VMMC,8,POU,W7,SAREX,CN,2605
CN-2605-RULAD-VMMC,9,SAREX,W6,LATOP,CN,2605
CN-2605-RULAD-Y1-SAGAG,1,RULAD,A460,XKC,CN,2605
CN-2605-RULAD-Y1-SAGAG,2,XKC,L888,SADAN,CN,2605
CN-2605-RULAD-Y1-SAGAG,3,SADAN,Y1,OMBON,CN,2605
CN-2605-RULAD-Y1-SAGAG,4,OMBON,W245,OVRAL,CN,2605
CN-2605-RULAD-Y1-SAGAG,5,OVRAL,B330,UBKER,CN,2605
CN-2605-RULAD-Y1-SAGAG,6,UBKER,G212,SGM,CN,2605
CN-2605-RULAD-Y1-SAGAG,7,SGM,A581,SAGAG,CN,2605
CN-2605-RULAD-Y1-TAMOT,1,RULAD,A460,XKC,CN,2605
CN-2605-RULAD-Y1-TAMOT,2,XKC,L888,SADAN,CN,2605
CN-2605-RULAD-Y1-TAMOT,3,SADAN,Y1,OMBON,CN,2605
CN-2605-RULAD-Y1-TAMOT,4,OMBON,W245,OVRAL,CN,2605
CN-2605-RULAD-Y1-TAMOT,5,OVRAL,B330,KWE,CN,2605
CN-2605-RULAD-Y1-TAMOT,6,KWE,W181,DUDIT,CN,2605
CN-2605-RULAD-Y1-TAMOT,7,DUDIT,A599,POU,CN,2605
CN-2605-RULAD-Y1-TAMOT,8,POU,B330,TAMOT,CN,2605
CN-2605-RULAD-Y1-VHHH,1,RULAD,A460,XKC,CN,2605
CN-2605-RULAD-Y1-VHHH,2,XKC,L888,SADAN,CN,2605
CN-2605-RULAD-Y1-VHHH,3,SADAN,Y1,OMBON,CN,2605
CN-2605-RULAD-Y1-VHHH,4,OMBON,W245,OVRAL,CN,2605
CN-2605-RULAD-Y1-VHHH,5,OVRAL,B330,KWE,CN,2605
CN-2605-RULAD-Y1-VHHH,6,KWE,W181,DUDIT,CN,2605
CN-2605-RULAD-Y1-VHHH,7,DUDIT,A599,POU,CN,2605
CN-2605-RULAD-Y1-VHHH,8,POU,R473,SIERA,CN,2605
CN-2605-RULAD-ZBAA-01,1,RULAD,A343,POSOT,CN,2605
CN-2605-RULAD-ZBAA-01,2,POSOT,B215,FKG,CN,2605
CN-2605-RULAD-ZBAA-01,3,FKG,W188,LIKMI,CN,2605
CN-2605-RULAD-ZBAA-01,4,LIKMI,W270,DKO,CN,2605
CN-2605-RULAD-ZBAA-01,5,DKO,W69,GUVBA,CN,2605
CN-2605-RULAD-ZBAD-01,1,RULAD,A343,POSOT,CN,2605
CN-2605-RULAD-ZBAD-01,2,POSOT,B215,FKG,CN,2605
CN-2605-RULAD-ZBAD-01,3,FKG,W188,LIKMI,CN,2605
CN-2605-RULAD-ZBAD-01,4,LIKMI,W270,DKO,CN,2605
CN-2605-RULAD-ZBAD-01,5,DKO,W64,ELAPU,CN,2605
CN-2605-RULAD-ZBTJ-01,1,RULAD,A343,POSOT,CN,2605
CN-2605-RULAD-ZBTJ-01,2,POSOT,B215,FKG,CN,2605
CN-2605-RULAD-ZBTJ-01,3,FKG,W188,LIKMI,CN,2605
CN-2605-RULAD-ZBTJ-01,4,LIKMI,W270,DKO,CN,2605
CN-2605-RULAD-ZBTJ-01,5,DKO,W69,GUVBA,CN,2605
CN-2605-RULAD-ZGGG-01,1,RULAD,A343,POSOT,CN,2605
CN-2605-RULAD-ZGGG-01,2,POSOT,B215,FKG,CN,2605
CN-2605-RULAD-ZGGG-01,3,FKG,W192,ESDEX,CN,2605
CN-2605-RULAD-ZGGG-01,4,ESDEX,W191,DNC,CN,2605
CN-2605-RULAD-ZGGG-01,5,DNC,W565,BIGUX,CN,2605
CN-2605-RULAD-ZGGG-01,6,BIGUX,B330,KWE,CN,2605
CN-2605-RULAD-ZGGG-01,7,KWE,W181,DUDIT,CN,2605
CN-2605-RULAD-ZGGG-01,8,DUDIT,A599,GYA,CN,2605
CN-2605-RULAD-ZGSZ-01,1,RULAD,A343,POSOT,CN,2605
CN-2605-RULAD-ZGSZ-01,2,POSOT,B215,FKG,CN,2605
CN-2605-RULAD-ZGSZ-01,3,FKG,W192,ESDEX,CN,2605
CN-2605-RULAD-ZGSZ-01,4,ESDEX,W191,DNC,CN,2605
CN-2605-RULAD-ZGSZ-01,5,DNC,W565,BIGUX,CN,2605
CN-2605-RULAD-ZGSZ-01,6,BIGUX,B330,KWE,CN,2605
CN-2605-RULAD-ZGSZ-01,7,KWE,W181,DUDIT,CN,2605
CN-2605-RULAD-ZGSZ-01,8,DUDIT,A599,POU,CN,2605
CN-2605-RULAD-ZGSZ-01,9,POU,W7,SAREX,CN,2605
CN-2605-RULAD-ZHCC-01,1,RULAD,A343,POSOT,CN,2605
CN-2605-RULAD-ZHCC-01,2,POSOT,B215,FKG,CN,2605
CN-2605-RULAD-ZHCC-01,3,FKG,W188,LIKMI,CN,2605
CN-2605-RULAD-ZHCC-01,4,LIKMI,W270,DKO,CN,2605
CN-2605-RULAD-ZHCC-01,5,DKO,W64,NUTLO,CN,2605
CN-2605-RULAD-ZHCC-01,6,NUTLO,B208,NOPIN,CN,2605
CN-2605-RULAD-ZJHK-01,1,RULAD,A343,POSOT,CN,2605
CN-2605-RULAD-ZJHK-01,2,POSOT,B215,FKG,CN,2605
CN-2605-RULAD-ZJHK-01,3,FKG,W188,LIKMI,CN,2605
CN-2605-RULAD-ZJHK-01,4,LIKMI,W270,NOLOM,CN,2605
CN-2605-RULAD-ZJHK-01,5,NOLOM,B330,SJG,CN,2605
CN-2605-RULAD-ZJHK-01,6,SJG,W2,LBN,CN,2605
CN-2605-RULAD-ZJHK-01,7,LBN,W159,BHY,CN,2605
CN-2605-RULAD-ZJHK-01,8,BHY,W70,NYB,CN,2605
CN-2605-RULAD-ZJHK-02,1,RULAD,A343,POSOT,CN,2605
CN-2605-RULAD-ZJHK-02,2,POSOT,B215,FKG,CN,2605
CN-2605-RULAD-ZJHK-02,3,FKG,W192,ESDEX,CN,2605
CN-2605-RULAD-ZJHK-02,4,ESDEX,W191,DNC,CN,2605
CN-2605-RULAD-ZJHK-02,5,DNC,W565,BIGUX,CN,2605
CN-2605-RULAD-ZJHK-02,6,BIGUX,B330,KWE,CN,2605
CN-2605-RULAD-ZJHK-02,7,KWE,W181,DUDIT,CN,2605
CN-2605-RULAD-ZJHK-02,8,DUDIT,A599,LBN,CN,2605
CN-2605-RULAD-ZJHK-02,9,LBN,W159,BHY,CN,2605
CN-2605-RULAD-ZJHK-02,10,BHY,W70,NYB,CN,2605
CN-2605-RULAD-ZJSY-01,1,RULAD,A343,POSOT,CN,2605
CN-2605-RULAD-ZJSY-01,2,POSOT,B215,FKG,CN,2605
CN-2605-RULAD-ZJSY-01,3,FKG,W188,LIKMI,CN,2605
CN-2605-RULAD-ZJSY-01,4,LIKMI,W270,NOLOM,CN,2605
CN-2605-RULAD-ZJSY-01,5,NOLOM,B330,SJG,CN,2605
CN-2605-RULAD-ZJSY-01,6,SJG,W2,LBN,CN,2605
CN-2605-RULAD-ZJSY-01,7,LBN,W159,BHY,CN,2605
CN-2605-RULAD-ZJSY-01,8,BHY,W70,NYB,CN,2605
CN-2605-RULAD-ZJSY-01,9,NYB,G221,WL,CN,2605
CN-2605-RULAD-ZJSY-02,1,RULAD,A343,POSOT,CN,2605
CN-2605-RULAD-ZJSY-02,2,POSOT,B215,FKG,CN,2605
CN-2605-RULAD-ZJSY-02,3,FKG,W192,ESDEX,CN,2605
CN-2605-RULAD-ZJSY-02,4,ESDEX,W191,DNC,CN,2605
CN-2605-RULAD-ZJSY-02,5,DNC,W565,BIGUX,CN,2605
CN-2605-RULAD-ZJSY-02,6,BIGUX,B330,KWE,CN,2605
CN-2605-RULAD-ZJSY-02,7,KWE,W181,DUDIT,CN,2605
CN-2605-RULAD-ZJSY-02,8,DUDIT,A599,LBN,CN,2605
CN-2605-RULAD-ZJSY-02,9,LBN,W159,BHY,CN,2605
CN-2605-RULAD-ZJSY-02,10,BHY,W70,NYB,CN,2605
CN-2605-RULAD-ZJSY-02,11,NYB,G221,WL,CN,2605
CN-2605-RULAD-ZLLL-01,1,RULAD,A343,POSOT,CN,2605
CN-2605-RULAD-ZLLL-01,2,POSOT,B215,FKG,CN,2605
CN-2605-RULAD-ZLLL-01,3,FKG,W192,ESDEX,CN,2605
CN-2605-RULAD-ZLLL-01,4,ESDEX,W191,AVBUD,CN,2605
CN-2605-RULAD-ZLXY-01,1,RULAD,A343,POSOT,CN,2605
CN-2605-RULAD-ZLXY-01,2,POSOT,B215,FKG,CN,2605
CN-2605-RULAD-ZLXY-01,3,FKG,W188,LIKMI,CN,2605
CN-2605-RULAD-ZLXY-01,4,LIKMI,W270,NOLOM,CN,2605
CN-2605-RULAD-ZLXY-01,5,NOLOM,B330,BIGUX,CN,2605
CN-2605-RULAD-ZLXY-01,6,BIGUX,W214,HO,CN,2605
CN-2605-RULAD-ZLXY-02,1,RULAD,A343,POSOT,CN,2605
CN-2605-RULAD-ZLXY-02,2,POSOT,B215,FKG,CN,2605
CN-2605-RULAD-ZLXY-02,3,FKG,W192,ESDEX,CN,2605
CN-2605-RULAD-ZLXY-02,4,ESDEX,W191,DNC,CN,2605
CN-2605-RULAD-ZLXY-02,5,DNC,W565,BIGUX,CN,2605
CN-2605-RULAD-ZLXY-02,6,BIGUX,W214,HO,CN,2605
CN-2605-RULAD-ZSPD-01,1,RULAD,A343,POSOT,CN,2605
CN-2605-RULAD-ZSPD-01,2,POSOT,B215,FKG,CN,2605
CN-2605-RULAD-ZSPD-01,3,FKG,W188,LIKMI,CN,2605
CN-2605-RULAD-ZSPD-01,4,LIKMI,W270,DKO,CN,2605
CN-2605-RULAD-ZSPD-01,5,DKO,W69,HUR,CN,2605
CN-2605-RULAD-ZSPD-01,6,HUR,B339,SOTMU,CN,2605
CN-2605-RULAD-ZSPD-01,7,SOTMU,W98,ELKUR,CN,2605
CN-2605-RULAD-ZSPD-01,8,ELKUR,W40,YQG,CN,2605
CN-2605-RULAD-ZSPD-01,9,YQG,W142,DALIM,CN,2605
CN-2605-RULAD-ZSPD-01,10,DALIM,A593,DPX,CN,2605
CN-2605-RULAD-ZSPD-01,11,DPX,A470,DALNU,CN,2605
CN-2605-RULAD-ZSPD-01,12,DALNU,W166,ZJ,CN,2605
CN-2605-RULAD-ZSPD-01,13,ZJ,W167,SASAN,CN,2605
CN-2605-RULAD-ZSPD-01,14,SASAN,R343,EKIMU,CN,2605
CN-2605-RULAD-ZSYT-01,1,RULAD,A343,POSOT,CN,2605
CN-2605-RULAD-ZSYT-01,2,POSOT,B215,FKG,CN,2605
CN-2605-RULAD-ZSYT-01,3,FKG,W188,LIKMI,CN,2605
CN-2605-RULAD-ZSYT-01,4,LIKMI,W270,DKO,CN,2605
CN-2605-RULAD-ZSYT-01,5,DKO,W69,HUR,CN,2605
CN-2605-RULAD-ZSYT-01,6,HUR,B339,LADIX,CN,2605
CN-2605-RULAD-ZSYT-01,7,LADIX,W34,VAPGU,CN,2605
CN-2605-RULAD-ZSYT-01,8,VAPGU,W100,ORAVA,CN,2605
CN-2605-RULAD-ZSYT-01,9,ORAVA,W201,OSVEN,CN,2605
CN-2605-RULAD-ZSYT-01,10,OSVEN,W588,GUMED,CN,2605
CN-2605-RULAD-ZUCK-01,1,RULAD,A343,POSOT,CN,2605
CN-2605-RULAD-ZUCK-01,2,POSOT,B215,FKG,CN,2605
CN-2605-RULAD-ZUCK-01,3,FKG,W192,ESDEX,CN,2605
CN-2605-RULAD-ZUCK-01,4,ESDEX,W191,DNC,CN,2605
CN-2605-RULAD-ZUCK-01,5,DNC,W565,BIGUX,CN,2605
CN-2605-RULAD-ZUCK-01,6,BIGUX,B330,OVRAL,CN,2605
CN-2605-RULAD-ZUCK-01,7,OVRAL,W242,VIPAG,CN,2605
CN-2605-RULAD-ZUCK-01,8,VIPAG,W666,VINEX,CN,2605
CN-2605-RULAD-ZUTF-01,1,RULAD,A343,POSOT,CN,2605
CN-2605-RULAD-ZUTF-01,2,POSOT,B215,FKG,CN,2605
CN-2605-RULAD-ZUTF-01,3,FKG,W192,ESDEX,CN,2605
CN-2605-RULAD-ZUTF-01,4,ESDEX,W191,DNC,CN,2605
CN-2605-RULAD-ZUTF-01,5,DNC,W565,BIGUX,CN,2605
CN-2605-RULAD-ZUTF-01,6,BIGUX,B330,MEXAD,CN,2605
CN-2605-RULAD-ZUUU-01,1,RULAD,A343,POSOT,CN,2605
CN-2605-RULAD-ZUUU-01,2,POSOT,B215,FKG,CN,2605
CN-2605-RULAD-ZUUU-01,3,FKG,W192,ESDEX,CN,2605
CN-2605-RULAD-ZUUU-01,4,ESDEX,W191,DNC,CN,2605
CN-2605-RULAD-ZUUU-01,5,DNC,W565,BIGUX,CN,2605
CN-2605-RULAD-ZUUU-01,6,BIGUX,B330,MEXAD,CN,2605
CN-2605-RULAD-ZWWW-01,1,RULAD,A460,XKC,CN,2605
CN-2605-RULAD-ZWWW-01,2,XKC,B215,EPDAG,CN,2605
CN-2605-RULAD-ZWWW-02,1,RULAD,A343,POSOT,CN,2605
CN-2605-RULAD-ZWWW-02,2,POSOT,B215,EPDAG,CN,2605
CN-2605-SADLI-INTIK,1,SADLI,A593,PK,CN,2605
CN-2605-SADLI-INTIK,2,PK,R343,HFE,CN,2605
CN-2605-SADLI-INTIK,3,HFE,B208,HET,CN,2605
CN-2605-SADLI-INTIK,4,HET,W32,INTIK,CN,2605
CN-2605-SADLI-LINSO,1,SADLI,A593,PUD,CN,2605
CN-2605-SADLI-LINSO,2,PUD,A599,NXD,CN,2605
CN-2605-SADLI-LINSO,3,NXD,W131,AKDIM,CN,2605
CN-2605-SADLI-LINSO,4,AKDIM,A470,DUBGO,CN,2605
CN-2605-SADLI-LINSO,5,DUBGO,W134,ELNEX,CN,2605
CN-2605-SADLI-LINSO,6,ELNEX,A599,LINSO,CN,2605
CN-2605-SADLI-M503-MAGOG,1,SADLI,A593,DUMET,CN,2605
CN-2605-SADLI-M503-MAGOG,2,DUMET,W114,LASAN,CN,2605
CN-2605-SADLI-M503-MAGOG,3,LASAN,W13,BEGMO,CN,2605
CN-2605-SADLI-M503-MAGOG,4,BEGMO,M503,LAPUG,CN,2605
CN-2605-SADLI-M503-MAGOG,5,LAPUG,R200,BEBEM,CN,2605
CN-2605-SADLI-M503-MAGOG,6,BEBEM,A470,MAGOG,CN,2605
CN-2605-SADLI-MAGOG,1,SADLI,A593,PUD,CN,2605
CN-2605-SADLI-MAGOG,2,PUD,A599,NXD,CN,2605
CN-2605-SADLI-MAGOG,3,NXD,W131,AKDIM,CN,2605
CN-2605-SADLI-MAGOG,4,AKDIM,A470,MAGOG,CN,2605
CN-2605-SADLI-NIXAL,1,SADLI,A593,PK,CN,2605
CN-2605-SADLI-NIXAL,2,PK,R343,HFE,CN,2605
CN-2605-SADLI-NIXAL,3,HFE,B208,NIXAL,CN,2605
CN-2605-SADLI-RULAD,1,SADLI,A593,DALIM,CN,2605
CN-2605-SADLI-RULAD,2,DALIM,W157,VYK,CN,2605
CN-2605-SADLI-RULAD,3,VYK,G212,SOTMU,CN,2605
CN-2605-SADLI-RULAD,4,SOTMU,B339,ASILA,CN,2605
CN-2605-SADLI-RULAD,5,ASILA,A575,UPREK,CN,2605
CN-2605-SADLI-RULAD,6,UPREK,W28,LAGEB,CN,2605
CN-2605-SADLI-RULAD,7,LAGEB,W66,NUKTI,CN,2605
CN-2605-SADLI-RULAD,8,NUKTI,B215,KABDO,CN,2605
CN-2605-SADLI-RULAD,9,KABDO,W119,GOBOK,CN,2605
CN-2605-SADLI-RULAD,10,GOBOK,A343,RULAD,CN,2605
CN-2605-SADLI-SAGAG,1,SADLI,A593,PK,CN,2605
CN-2605-SADLI-SAGAG,2,PK,R343,MADUK,CN,2605
CN-2605-SADLI-SAGAG,3,MADUK,W51,LEGIV,CN,2605
CN-2605-SADLI-SAGAG,4,LEGIV,W164,ADGOL,CN,2605
CN-2605-SADLI-SAGAG,5,ADGOL,W50,XSH,CN,2605
CN-2605-SADLI-SAGAG,6,XSH,W80,IDGAG,CN,2605
CN-2605-SADLI-SAGAG,7,IDGAG,A581,QNX,CN,2605
CN-2605-SADLI-SAGAG,8,QNX,W136,XISLI,CN,2605
CN-2605-SADLI-SAGAG,9,XISLI,A581,SAGAG,CN,2605
CN-2605-SADLI-TAMOT,1,SADLI,A593,PUD,CN,2605
CN-2605-SADLI-TAMOT,2,PUD,A599,NXD,CN,2605
CN-2605-SADLI-TAMOT,3,NXD,W131,AKDIM,CN,2605
CN-2605-SADLI-TAMOT,4,AKDIM,A470,DUBGO,CN,2605
CN-2605-SADLI-TAMOT,5,DUBGO,W134,ELNEX,CN,2605
CN-2605-SADLI-TAMOT,6,ELNEX,A599,PLT,CN,2605
CN-2605-SADLI-TAMOT,7,PLT,W19,NOMAR,CN,2605
CN-2605-SADLI-TAMOT,8,NOMAR,W18,TAMOT,CN,2605
CN-2605-SADLI-TEBAK,1,SADLI,A593,PUD,CN,2605
CN-2605-SADLI-TEBAK,2,PUD,A599,NXD,CN,2605
CN-2605-SADLI-TEBAK,3,NXD,W131,AKDIM,CN,2605
CN-2605-SADLI-TEBAK,4,AKDIM,A470,DUBGO,CN,2605
CN-2605-SADLI-TEBAK,5,DUBGO,W134,ELNEX,CN,2605
CN-2605-SADLI-TEBAK,6,ELNEX,A599,GYA,CN,2605
CN-2605-SADLI-TEBAK,7,GYA,R474,TEBAK,CN,2605
CN-2605-SADLI-VHHH,1,SADLI,A593,PUD,CN,2605
CN-2605-SADLI-VHHH,2,PUD,A599,NXD,CN,2605
CN-2605-SADLI-VHHH,3,NXD,W131,AKDIM,CN,2605
CN-2605-SADLI-VHHH,4,AKDIM,A470,DUBGO,CN,2605
CN-2605-SADLI-VHHH,5,DUBGO,W134,ELNEX,CN,2605
CN-2605-SADLI-VHHH,6,ELNEX,A599,PLT,CN,2605
CN-2605-SADLI-VHHH,7,PLT,W19,NOMAR,CN,2605
CN-2605-SADLI-VHHH,8,NOMAR,W18,NLG,CN,2605
CN-2605-SADLI-VHHH,9,NLG,W23,ZUH,CN,2605
CN-2605-SADLI-VHHH,10,ZUH,R473,SIERA,CN,2605
CN-2605-SADLI-VMMC,1,SADLI,A593,PUD,CN,2605
CN-2605-SADLI-VMMC,2,PUD,A599,NXD,CN,2605
CN-2605-SADLI-VMMC,3,NXD,W131,AKDIM,CN,2605
CN-2605-SADLI-VMMC,4,AKDIM,A470,DUBGO,CN,2605
CN-2605-SADLI-VMMC,5,DUBGO,W134,ELNEX,CN,2605
CN-2605-SADLI-VMMC,6,ELNEX,A599,PLT,CN,2605
CN-2605-SADLI-VMMC,7,PLT,W19,ATKAV,CN,2605
CN-2605-SADLI-VMMC,8,ATKAV,W20,SALIV,CN,2605
CN-2605-SADLI-VMMC,9,SALIV,R473,NOLON,CN,2605
CN-2605-SADLI-VMMC,10,NOLON,W90,POU,CN,2605
CN-2605-SADLI-VMMC,11,POU,W7,SAREX,CN,2605
CN-2605-SADLI-VMMC,12,SAREX,W6,LATOP,CN,2605
CN-2605-SADLI-WHA-LINSO,1,SADLI,A593,PK,CN,2605
CN-2605-SADLI-WHA-LINSO,2,PK,R343,MADUK,CN,2605
CN-2605-SADLI-WHA-LINSO,3,MADUK,W51,LEGIV,CN,2605
CN-2605-SADLI-WHA-LINSO,4,LEGIV,W164,ADGOL,CN,2605
CN-2605-SADLI-WHA-LINSO,5,ADGOL,W50,XSH,CN,2605
CN-2605-SADLI-WHA-LINSO,6,XSH,W80,IDGAG,CN,2605
CN-2605-SADLI-WHA-LINSO,7,IDGAG,A581,QNX,CN,2605
CN-2605-SADLI-WHA-LINSO,8,QNX,W136,XISLI,CN,2605
CN-2605-SADLI-WHA-LINSO,9,XISLI,A581,SGM,CN,2605
CN-2605-SADLI-WHA-LINSO,10,SGM,A599,LINSO,CN,2605
CN-2605-SADLI-WHA-TEBAK,1,SADLI,A593,PK,CN,2605
CN-2605-SADLI-WHA-TEBAK,2,PK,R343,MADUK,CN,2605
CN-2605-SADLI-WHA-TEBAK,3,MADUK,W51,LEGIV,CN,2605
CN-2605-SADLI-WHA-TEBAK,4,LEGIV,W164,ADGOL,CN,2605
CN-2605-SADLI-WHA-TEBAK,5,ADGOL,W50,XSH,CN,2605
CN-2605-SADLI-WHA-TEBAK,6,XSH,W80,UDUMI,CN,2605
CN-2605-SADLI-WHA-TEBAK,7,UDUMI,W37,OLMIB,CN,2605
CN-2605-SADLI-WHA-TEBAK,8,OLMIB,W83,GOSMA,CN,2605
CN-2605-SADLI-WHA-TEBAK,9,GOSMA,R343,WUY,CN,2605
CN-2605-SADLI-WHA-TEBAK,10,WUY,R474,TEBAK,CN,2605
CN-2605-SAGAG-BISUN,1,SAGAG,A581,IDPOG,CN,2605
CN-2605-SAGAG-BISUN,2,IDPOG,W56,VYK,CN,2605
CN-2605-SAGAG-BISUN,3,VYK,G212,SOTMU,CN,2605
CN-2605-SAGAG-BISUN,4,SOTMU,B339,HUR,CN,2605
CN-2605-SAGAG-BISUN,5,HUR,B334,TGO,CN,2605
CN-2605-SAGAG-BISUN,6,TGO,G341,WQG,CN,2605
CN-2605-SAGAG-BISUN,7,WQG,B451,BISUN,CN,2605
CN-2605-SAGAG-G470-RULAD,1,SAGAG,A581,SGM,CN,2605
CN-2605-SAGAG-G470-RULAD,2,SGM,W144,IGNAK,CN,2605
CN-2605-SAGAG-G470-RULAD,3,IGNAK,W179,OMBON,CN,2605
CN-2605-SAGAG-G470-RULAD,4,OMBON,W195,IDOPA,CN,2605
CN-2605-SAGAG-G470-RULAD,5,IDOPA,W197,ANDIM,CN,2605
CN-2605-SAGAG-G470-RULAD,6,ANDIM,B215,IBANO,CN,2605
CN-2605-SAGAG-G470-RULAD,7,IBANO,G470,AKLAS,CN,2605
CN-2605-SAGAG-G470-RULAD,8,AKLAS,W192,FKG,CN,2605
CN-2605-SAGAG-G470-RULAD,9,FKG,B215,KABDO,CN,2605
CN-2605-SAGAG-G470-RULAD,10,KABDO,W119,GOBOK,CN,2605
CN-2605-SAGAG-G470-RULAD,11,GOBOK,A343,RULAD,CN,2605
CN-2605-SAGAG-G470-SARIN,1,SAGAG,A581,SGM,CN,2605
CN-2605-SAGAG-G470-SARIN,2,SGM,W144,IGNAK,CN,2605
CN-2605-SAGAG-G470-SARIN,3,IGNAK,W179,OMBON,CN,2605
CN-2605-SAGAG-G470-SARIN,4,OMBON,W195,IDOPA,CN,2605
CN-2605-SAGAG-G470-SARIN,5,IDOPA,W197,ANDIM,CN,2605
CN-2605-SAGAG-G470-SARIN,6,ANDIM,B215,IBANO,CN,2605
CN-2605-SAGAG-G470-SARIN,7,IBANO,G470,AKLAS,CN,2605
CN-2605-SAGAG-G470-SARIN,8,AKLAS,W192,FKG,CN,2605
CN-2605-SAGAG-G470-SARIN,9,FKG,A368,SARIN,CN,2605
CN-2605-SAGAG-KAMUD,1,SAGAG,A581,SGM,CN,2605
CN-2605-SAGAG-KAMUD,2,SGM,W144,IGNAK,CN,2605
CN-2605-SAGAG-KAMUD,3,IGNAK,W179,OMBON,CN,2605
CN-2605-SAGAG-KAMUD,4,OMBON,W195,IDOPA,CN,2605
CN-2605-SAGAG-KAMUD,5,IDOPA,W197,ANDIM,CN,2605
CN-2605-SAGAG-KAMUD,6,ANDIM,B215,TODOD,CN,2605
CN-2605-SAGAG-KAMUD,7,TODOD,W112,TUSLI,CN,2605
CN-2605-SAGAG-KAMUD,8,TUSLI,W187,SADAN,CN,2605
CN-2605-SAGAG-KAMUD,9,SADAN,W186,KAMUD,CN,2605
CN-2605-SAGAG-L888-PURPA,1,SAGAG,A581,BIDRU,CN,2605
CN-2605-SAGAG-L888-PURPA,2,BIDRU,L888,NOLEP,CN,2605
CN-2605-SAGAG-L888-PURPA,3,NOLEP,W112,PURPA,CN,2605
CN-2605-SAGAG-L888-RULAD,1,SAGAG,A581,BIDRU,CN,2605
CN-2605-SAGAG-L888-RULAD,2,BIDRU,L888,XKC,CN,2605
CN-2605-SAGAG-L888-RULAD,3,XKC,A460,RULAD,CN,2605
CN-2605-SAGAG-MORIT,1,SAGAG,A581,SGM,CN,2605
CN-2605-SAGAG-MORIT,2,SGM,W144,IGNAK,CN,2605
CN-2605-SAGAG-MORIT,3,IGNAK,W179,OMBON,CN,2605
CN-2605-SAGAG-MORIT,4,OMBON,W195,MORIT,CN,2605
CN-2605-SAGAG-NIXAL,1,SAGAG,A581,SGM,CN,2605
CN-2605-SAGAG-NIXAL,2,SGM,W144,IGNAK,CN,2605
CN-2605-SAGAG-NIXAL,3,IGNAK,W179,JTG,CN,2605
CN-2605-SAGAG-NIXAL,4,JTG,W277,MIGIR,CN,2605
CN-2605-SAGAG-NIXAL,5,MIGIR,W193,ALGOV,CN,2605
CN-2605-SAGAG-NIXAL,6,ALGOV,W101,DUDIL,CN,2605
CN-2605-SAGAG-NIXAL,7,DUDIL,W69,TOREL,CN,2605
CN-2605-SAGAG-NIXAL,8,TOREL,W84,HET,CN,2605
CN-2605-SAGAG-NIXAL,9,HET,B208,NIXAL,CN,2605
CN-2605-SAGAG-RULAD,1,SAGAG,A581,SGM,CN,2605
CN-2605-SAGAG-RULAD,2,SGM,W144,IGNAK,CN,2605
CN-2605-SAGAG-RULAD,3,IGNAK,W179,OMBON,CN,2605
CN-2605-SAGAG-RULAD,4,OMBON,W195,ESPED,CN,2605
CN-2605-SAGAG-RULAD,5,ESPED,W66,NUKTI,CN,2605
CN-2605-SAGAG-RULAD,6,NUKTI,B215,KABDO,CN,2605
CN-2605-SAGAG-RULAD,7,KABDO,W119,GOBOK,CN,2605
CN-2605-SAGAG-RULAD,8,GOBOK,A343,RULAD,CN,2605
CN-2605-SAGAG-SADLI,1,SAGAG,A581,WHA,CN,2605
CN-2605-SAGAG-SADLI,2,WHA,R343,PK,CN,2605
CN-2605-SAGAG-SADLI,3,PK,W116,JTN,CN,2605
CN-2605-SAGAG-SADLI,4,JTN,G327,LAMEN,CN,2605
CN-2605-SAGAG-SADLI,5,LAMEN,A593,SADLI,CN,2605
CN-2605-SAGAG-SARIN,1,SAGAG,A581,SGM,CN,2605
CN-2605-SAGAG-SARIN,2,SGM,W144,IGNAK,CN,2605
CN-2605-SAGAG-SARIN,3,IGNAK,W179,OMBON,CN,2605
CN-2605-SAGAG-SARIN,4,OMBON,W195,ESPED,CN,2605
CN-2605-SAGAG-SARIN,5,ESPED,W66,NUKTI,CN,2605
CN-2605-SAGAG-SARIN,6,NUKTI,B215,FKG,CN,2605
CN-2605-SAGAG-SARIN,7,FKG,A368,SARIN,CN,2605
CN-2605-SAGAG-Y1-RULAD,1,SAGAG,A581,SGM,CN,2605
CN-2605-SAGAG-Y1-RULAD,2,SGM,W144,IGNAK,CN,2605
CN-2605-SAGAG-Y1-RULAD,3,IGNAK,W179,OMBON,CN,2605
CN-2605-SAGAG-Y1-RULAD,4,OMBON,Y1,SADAN,CN,2605
CN-2605-SAGAG-Y1-RULAD,5,SADAN,L888,XKC,CN,2605
CN-2605-SAGAG-Y1-RULAD,6,XKC,A460,RULAD,CN,2605
CN-2605-SAGAG-ZBAA-01,1,SAGAG,A581,IDPOG,CN,2605
CN-2605-SAGAG-ZBAA-01,2,IDPOG,W56,DUGEB,CN,2605
CN-2605-SAGAG-ZBAA-02,1,SAGAG,A581,SGM,CN,2605
CN-2605-SAGAG-ZBAA-02,2,SGM,W144,IGNAK,CN,2605
CN-2605-SAGAG-ZBAA-02,3,IGNAK,W179,JTG,CN,2605
CN-2605-SAGAG-ZBAA-02,4,JTG,W277,VARSO,CN,2605
CN-2605-SAGAG-ZBAA-02,5,VARSO,W69,GUVBA,CN,2605
CN-2605-SAGAG-ZBAD-01,1,SAGAG,A581,IDPOG,CN,2605
CN-2605-SAGAG-ZBAD-01,2,IDPOG,W56,ORODO,CN,2605
CN-2605-SAGAG-ZBAD-01,3,ORODO,W62,TEKIL,CN,2605
CN-2605-SAGAG-ZBAD-01,4,TEKIL,G212,BELAX,CN,2605
CN-2605-SAGAG-ZBDS-01,1,SAGAG,A581,SGM,CN,2605
CN-2605-SAGAG-ZBDS-01,2,SGM,W144,IGNAK,CN,2605
CN-2605-SAGAG-ZBDS-01,3,IGNAK,W179,JTG,CN,2605
CN-2605-SAGAG-ZBDS-01,4,JTG,W277,MIGIR,CN,2605
CN-2605-SAGAG-ZBDS-01,5,MIGIR,W193,YLX,CN,2605
CN-2605-SAGAG-ZBHH-01,1,SAGAG,A581,SGM,CN,2605
CN-2605-SAGAG-ZBHH-01,2,SGM,W144,IGNAK,CN,2605
CN-2605-SAGAG-ZBHH-01,3,IGNAK,W179,JTG,CN,2605
CN-2605-SAGAG-ZBHH-01,4,JTG,W277,MIGIR,CN,2605
CN-2605-SAGAG-ZBHH-01,5,MIGIR,W193,ALGOV,CN,2605
CN-2605-SAGAG-ZBHH-01,6,ALGOV,W101,VALNI,CN,2605
CN-2605-SAGAG-ZBOW-01,1,SAGAG,A581,SGM,CN,2605
CN-2605-SAGAG-ZBOW-01,2,SGM,W144,IGNAK,CN,2605
CN-2605-SAGAG-ZBOW-01,3,IGNAK,W179,JTG,CN,2605
CN-2605-SAGAG-ZBOW-01,4,JTG,W277,MIGIR,CN,2605
CN-2605-SAGAG-ZBOW-01,5,MIGIR,W193,ALGOV,CN,2605
CN-2605-SAGAG-ZBSJ-01,1,SAGAG,A581,SGM,CN,2605
CN-2605-SAGAG-ZBSJ-01,2,SGM,W144,IGNAK,CN,2605
CN-2605-SAGAG-ZBSJ-01,3,IGNAK,W179,WFX,CN,2605
CN-2605-SAGAG-ZBSJ-01,4,WFX,W81,APIMI,CN,2605
CN-2605-SAGAG-ZBSJ-01,5,APIMI,W275,WJC,CN,2605
CN-2605-SAGAG-ZBSJ-01,6,WJC,G212,TONOV,CN,2605
CN-2605-SAGAG-ZBTJ-01,1,SAGAG,A581,IDPOG,CN,2605
CN-2605-SAGAG-ZBTJ-01,2,IDPOG,W56,GUVRI,CN,2605
CN-2605-SAGAG-ZBTJ-01,3,GUVRI,W85,OMDEK,CN,2605
CN-2605-SAGAG-ZBYN-01,1,SAGAG,A581,SGM,CN,2605
CN-2605-SAGAG-ZBYN-01,2,SGM,W144,IGNAK,CN,2605
CN-2605-SAGAG-ZBYN-01,3,IGNAK,W179,WFX,CN,2605
CN-2605-SAGAG-ZBYN-01,4,WFX,W81,APIMI,CN,2605
CN-2605-SAGAG-ZBYN-01,5,APIMI,W275,WJC,CN,2605
CN-2605-SAGAG-ZBYN-01,6,WJC,G212,RUNBU,CN,2605
CN-2605-SAGAG-ZHHH-01,1,SAGAG,A581,LIN,CN,2605
CN-2605-SAGAG-ZHHH-01,2,LIN,W207,TIKME,CN,2605
CN-2605-SAGAG-ZHHH-01,3,TIKME,W208,WTM,CN,2605
CN-2605-SAGAG-ZLDH-01,1,SAGAG,A581,SGM,CN,2605
CN-2605-SAGAG-ZLDH-01,2,SGM,W144,IGNAK,CN,2605
CN-2605-SAGAG-ZLDH-01,3,IGNAK,W179,OMBON,CN,2605
CN-2605-SAGAG-ZLDH-01,4,OMBON,W195,IDOPA,CN,2605
CN-2605-SAGAG-ZLDH-01,5,IDOPA,W197,ANDIM,CN,2605
CN-2605-SAGAG-ZLDH-01,6,ANDIM,B215,TODOD,CN,2605
CN-2605-SAGAG-ZLIC-01,1,SAGAG,A581,SGM,CN,2605
CN-2605-SAGAG-ZLIC-01,2,SGM,W144,IGNAK,CN,2605
CN-2605-SAGAG-ZLIC-01,3,IGNAK,W179,OMBON,CN,2605
CN-2605-SAGAG-ZLIC-01,4,OMBON,W195,ATERO,CN,2605
CN-2605-SAGAG-ZLIC-01,5,ATERO,W211,ZWX,CN,2605
CN-2605-SAGAG-ZLIC-01,6,ZWX,W219,YHD,CN,2605
CN-2605-SAGAG-ZLLL-01,1,SAGAG,A581,SGM,CN,2605
CN-2605-SAGAG-ZLLL-01,2,SGM,W144,IGNAK,CN,2605
CN-2605-SAGAG-ZLLL-01,3,IGNAK,W179,OMBON,CN,2605
CN-2605-SAGAG-ZLLL-01,4,OMBON,W195,ORUNA,CN,2605
CN-2605-SAGAG-ZLXN-01,1,SAGAG,A581,SGM,CN,2605
CN-2605-SAGAG-ZLXN-01,2,SGM,W144,IGNAK,CN,2605
CN-2605-SAGAG-ZLXN-01,3,IGNAK,W179,OMBON,CN,2605
CN-2605-SAGAG-ZLXN-01,4,OMBON,W195,IGDOB,CN,2605
CN-2605-SAGAG-ZLXN-01,5,IGDOB,W111,XNN,CN,2605
CN-2605-SAGAG-ZLXY-01,1,SAGAG,A581,SGM,CN,2605
CN-2605-SAGAG-ZLXY-01,2,SGM,W144,IGNAK,CN,2605
CN-2605-SAGAG-ZLXY-01,3,IGNAK,W179,WFX,CN,2605
CN-2605-SAGAG-ZLXY-01,4,WFX,W81,APIMI,CN,2605
CN-2605-SAGAG-ZLXY-01,5,APIMI,W275,NSH,CN,2605
CN-2605-SAGAG-ZPJH-01,1,SAGAG,A581,GUKRU,CN,2605
CN-2605-SAGAG-ZPJH-01,2,GUKRU,W641,JHG,CN,2605
CN-2605-SAGAG-ZPLJ-01,1,SAGAG,A581,SGM,CN,2605
CN-2605-SAGAG-ZPLJ-01,2,SGM,A599,GULOT,CN,2605
CN-2605-SAGAG-ZPLJ-01,3,GULOT,W146,BUBSU,CN,2605
CN-2605-SAGAG-ZPLJ-01,4,BUBSU,W162,CEH,CN,2605
CN-2605-SAGAG-ZPPP-01,1,SAGAG,A581,ELASU,CN,2605
CN-2605-SAGAG-ZSJN-01,1,SAGAG,A581,SGM,CN,2605
CN-2605-SAGAG-ZSJN-01,2,SGM,W144,IGNAK,CN,2605
CN-2605-SAGAG-ZSJN-01,3,IGNAK,W179,WFX,CN,2605
CN-2605-SAGAG-ZSJN-01,4,WFX,W81,APIMI,CN,2605
CN-2605-SAGAG-ZSJN-01,5,APIMI,W275,NSH,CN,2605
CN-2605-SAGAG-ZSJN-01,6,NSH,W280,SUDGO,CN,2605
CN-2605-SAGAG-ZSJN-01,7,SUDGO,W4,WXI,CN,2605
CN-2605-SAGAG-ZSJN-01,8,WXI,W59,UBSIS,CN,2605
CN-2605-SAGAG-ZSNJ-01,1,SAGAG,A581,WHA,CN,2605
CN-2605-SAGAG-ZSNJ-01,2,WHA,R343,HFE,CN,2605
CN-2605-SAGAG-ZSNJ-01,3,HFE,W51,LEGIV,CN,2605
CN-2605-SAGAG-ZSNJ-01,4,LEGIV,W164,OREVO,CN,2605
CN-2605-SAGAG-ZSOF-01,1,SAGAG,A581,WHA,CN,2605
CN-2605-SAGAG-ZSOF-01,2,WHA,R343,MIDOX,CN,2605
CN-2605-SAGAG-ZUCK-01,1,SAGAG,A581,SGM,CN,2605
CN-2605-SAGAG-ZUCK-01,2,SGM,W144,ZAT,CN,2605
CN-2605-SAGAG-ZUCK-01,3,ZAT,W145,IDSID,CN,2605
CN-2605-SAGAG-ZUCK-01,4,IDSID,W30,URGUS,CN,2605
CN-2605-SAGAG-ZUCK-01,5,URGUS,W91,EGARA,CN,2605
CN-2605-SAGAG-ZUCK-01,6,EGARA,W3,ASIPO,CN,2605
CN-2605-SAGAG-ZUCK-01,7,ASIPO,W678,SEGDA,CN,2605
CN-2605-SAGAG-ZUGY-01,1,SAGAG,A581,QNX,CN,2605
CN-2605-SAGAG-ZUTF-01,1,SAGAG,A581,SGM,CN,2605
CN-2605-SAGAG-ZUTF-01,2,SGM,W144,IGNAK,CN,2605
CN-2605-SAGAG-ZUUU-01,1,SAGAG,A581,SGM,CN,2605
CN-2605-SAGAG-ZUUU-01,2,SGM,W144,IGNAK,CN,2605
CN-2605-SAGAG-ZWWW-01,1,SAGAG,A581,SGM,CN,2605
CN-2605-SAGAG-ZWWW-01,2,SGM,W144,IGNAK,CN,2605
CN-2605-SAGAG-ZWWW-01,3,IGNAK,W179,OMBON,CN,2605
CN-2605-SAGAG-ZWWW-01,4,OMBON,W195,ESPED,CN,2605
CN-2605-SAGAG-ZWWW-01,5,ESPED,W66,NUKTI,CN,2605
CN-2605-SAGAG-ZWWW-01,6,NUKTI,B215,HAM,CN,2605
CN-2605-SAGAG-ZWWW-01,7,HAM,W99,FKG,CN,2605
CN-2605-SAGAG-ZWWW-01,8,FKG,B215,WUR,CN,2605
CN-2605-SAGAG-ZWWW-02,1,SAGAG,A581,SGM,CN,2605
CN-2605-SAGAG-ZWWW-02,2,SGM,W144,IGNAK,CN,2605
CN-2605-SAGAG-ZWWW-02,3,IGNAK,W179,OMBON,CN,2605
CN-2605-SAGAG-ZWWW-02,4,OMBON,W195,IDOPA,CN,2605
CN-2605-SAGAG-ZWWW-02,5,IDOPA,W197,ANDIM,CN,2605
CN-2605-SAGAG-ZWWW-02,6,ANDIM,B215,IBANO,CN,2605
CN-2605-SAGAG-ZWWW-02,7,IBANO,G470,QTV,CN,2605
CN-2605-SAGAG-ZWWW-02,8,QTV,W99,FKG,CN,2605
CN-2605-SAGAG-ZWWW-02,9,FKG,B215,WUR,CN,2605
CN-2605-SAGAG-ZYTX-01,1,SAGAG,A581,SGM,CN,2605
CN-2605-SAGAG-ZYTX-01,2,SGM,W144,IGNAK,CN,2605
CN-2605-SAGAG-ZYTX-01,3,IGNAK,W179,WFX,CN,2605
CN-2605-SAGAG-ZYTX-01,4,WFX,W81,APIMI,CN,2605
CN-2605-SAGAG-ZYTX-01,5,APIMI,W275,WJC,CN,2605
CN-2605-SAGAG-ZYTX-01,6,WJC,G212,VYK,CN,2605
CN-2605-SAGAG-ZYTX-01,7,VYK,W34,PAMRU,CN,2605
CN-2605-SAGAG-ZYTX-01,8,PAMRU,W244,IGMOR,CN,2605
CN-2605-SAGAG-ZYTX-01,9,IGMOR,W36,ENVAV,CN,2605
CN-2605-SAGAG-ZYTX-01,10,ENVAV,W243,OTBUL,CN,2605
CN-2605-SAGAG-ZYTX-01,11,OTBUL,W35,CHG,CN,2605
CN-2605-SAGAG-ZYTX-01,12,CHG,A575,OMDUS,CN,2605
CN-2605-SARIN-AGAVO,1,SARIN,A368,FKG,CN,2605
CN-2605-SARIN-AGAVO,2,FKG,W188,LIKMI,CN,2605
CN-2605-SARIN-AGAVO,3,LIKMI,W270,DKO,CN,2605
CN-2605-SARIN-AGAVO,4,DKO,W69,HUR,CN,2605
CN-2605-SARIN-AGAVO,5,HUR,B339,LADIX,CN,2605
CN-2605-SARIN-AGAVO,6,LADIX,W34,VAPGU,CN,2605
CN-2605-SARIN-AGAVO,7,VAPGU,W100,ORAVA,CN,2605
CN-2605-SARIN-AGAVO,8,ORAVA,W201,UNSEK,CN,2605
CN-2605-SARIN-AGAVO,9,UNSEK,A326,DONVO,CN,2605
CN-2605-SARIN-AGAVO,10,DONVO,G597,AGAVO,CN,2605
CN-2605-SARIN-G470-SAGAG,1,SARIN,A368,FKG,CN,2605
CN-2605-SARIN-G470-SAGAG,2,FKG,W192,ESDEX,CN,2605
CN-2605-SARIN-G470-SAGAG,3,ESDEX,W191,DNC,CN,2605
CN-2605-SARIN-G470-SAGAG,4,DNC,W565,BIGUX,CN,2605
CN-2605-SARIN-G470-SAGAG,5,BIGUX,B330,UBKER,CN,2605
CN-2605-SARIN-G470-SAGAG,6,UBKER,G212,SGM,CN,2605
CN-2605-SARIN-G470-SAGAG,7,SGM,A581,SAGAG,CN,2605
CN-2605-SARIN-G470-TAMOT,1,SARIN,A368,FKG,CN,2605
CN-2605-SARIN-G470-TAMOT,2,FKG,W192,ESDEX,CN,2605
CN-2605-SARIN-G470-TAMOT,3,ESDEX,W191,DNC,CN,2605
CN-2605-SARIN-G470-TAMOT,4,DNC,W565,BIGUX,CN,2605
CN-2605-SARIN-G470-TAMOT,5,BIGUX,B330,KWE,CN,2605
CN-2605-SARIN-G470-TAMOT,6,KWE,W181,DUDIT,CN,2605
CN-2605-SARIN-G470-TAMOT,7,DUDIT,A599,POU,CN,2605
CN-2605-SARIN-G470-TAMOT,8,POU,B330,TAMOT,CN,2605
CN-2605-SARIN-G470-TEBAK,1,SARIN,A368,FKG,CN,2605
CN-2605-SARIN-G470-TEBAK,2,FKG,W192,ESDEX,CN,2605
CN-2605-SARIN-G470-TEBAK,3,ESDEX,W191,DNC,CN,2605
CN-2605-SARIN-G470-TEBAK,4,DNC,W565,BIGUX,CN,2605
CN-2605-SARIN-G470-TEBAK,5,BIGUX,B330,SJG,CN,2605
CN-2605-SARIN-G470-TEBAK,6,SJG,W2,LBN,CN,2605
CN-2605-SARIN-G470-TEBAK,7,LBN,R343,WUY,CN,2605
CN-2605-SARIN-G470-TEBAK,8,WUY,R474,TEBAK,CN,2605
CN-2605-SARIN-G470-VHHH,1,SARIN,A368,FKG,CN,2605
CN-2605-SARIN-G470-VHHH,2,FKG,W192,ESDEX,CN,2605
CN-2605-SARIN-G470-VHHH,3,ESDEX,W191,DNC,CN,2605
CN-2605-SARIN-G470-VHHH,4,DNC,W565,BIGUX,CN,2605
CN-2605-SARIN-G470-VHHH,5,BIGUX,B330,KWE,CN,2605
CN-2605-SARIN-G470-VHHH,6,KWE,W181,DUDIT,CN,2605
CN-2605-SARIN-G470-VHHH,7,DUDIT,A599,POU,CN,2605
CN-2605-SARIN-G470-VHHH,8,POU,R473,SIERA,CN,2605
CN-2605-SARIN-LINSO,1,SARIN,A368,FKG,CN,2605
CN-2605-SARIN-LINSO,2,FKG,W192,ESDEX,CN,2605
CN-2605-SARIN-LINSO,3,ESDEX,W191,DNC,CN,2605
CN-2605-SARIN-LINSO,4,DNC,W565,BIGUX,CN,2605
CN-2605-SARIN-LINSO,5,BIGUX,B330,UBKER,CN,2605
CN-2605-SARIN-LINSO,6,UBKER,G212,SGM,CN,2605
CN-2605-SARIN-LINSO,7,SGM,A599,LINSO,CN,2605
CN-2605-SARIN-SAGAG,1,SARIN,A368,FKG,CN,2605
CN-2605-SARIN-SAGAG,2,FKG,W188,LIKMI,CN,2605
CN-2605-SARIN-SAGAG,3,LIKMI,W270,NOLOM,CN,2605
CN-2605-SARIN-SAGAG,4,NOLOM,B330,UBKER,CN,2605
CN-2605-SARIN-SAGAG,5,UBKER,G212,SGM,CN,2605
CN-2605-SARIN-SAGAG,6,SGM,A581,SAGAG,CN,2605
CN-2605-SARIN-TEBUS,1,SARIN,A368,FKG,CN,2605
CN-2605-SARIN-TEBUS,2,FKG,G588,TEBUS,CN,2605
CN-2605-SARIN-VHHH,1,SARIN,A368,FKG,CN,2605
CN-2605-SARIN-VHHH,2,FKG,W188,LIKMI,CN,2605
CN-2605-SARIN-VHHH,3,LIKMI,W270,NOLOM,CN,2605
CN-2605-SARIN-VHHH,4,NOLOM,B330,KWE,CN,2605
CN-2605-SARIN-VHHH,5,KWE,W181,DUDIT,CN,2605
CN-2605-SARIN-VHHH,6,DUDIT,A599,POU,CN,2605
CN-2605-SARIN-VHHH,7,POU,R473,SIERA,CN,2605
CN-2605-SARIN-ZBAA-01,1,SARIN,A368,FKG,CN,2605
CN-2605-SARIN-ZBAA-01,2,FKG,W188,LIKMI,CN,2605
CN-2605-SARIN-ZBAA-01,3,LIKMI,W270,DKO,CN,2605
CN-2605-SARIN-ZBAA-01,4,DKO,W69,GUVBA,CN,2605
CN-2605-SARIN-ZBAD-01,1,SARIN,A368,FKG,CN,2605
CN-2605-SARIN-ZBAD-01,2,FKG,W188,LIKMI,CN,2605
CN-2605-SARIN-ZBAD-01,3,LIKMI,W270,DKO,CN,2605
CN-2605-SARIN-ZBAD-01,4,DKO,W64,ELAPU,CN,2605
CN-2605-SARIN-ZBHH-01,1,SARIN,A368,FKG,CN,2605
CN-2605-SARIN-ZBHH-01,2,FKG,W188,LIKMI,CN,2605
CN-2605-SARIN-ZBHH-01,3,LIKMI,W270,DKO,CN,2605
CN-2605-SARIN-ZBHH-01,4,DKO,W64,VALNI,CN,2605
CN-2605-SARIN-ZBTJ-01,1,SARIN,A368,FKG,CN,2605
CN-2605-SARIN-ZBTJ-01,2,FKG,W188,LIKMI,CN,2605
CN-2605-SARIN-ZBTJ-01,3,LIKMI,W270,DKO,CN,2605
CN-2605-SARIN-ZBTJ-01,4,DKO,W69,GUVBA,CN,2605
CN-2605-SARIN-ZGGG-01,1,SARIN,A368,FKG,CN,2605
CN-2605-SARIN-ZGGG-01,2,FKG,W192,ESDEX,CN,2605
CN-2605-SARIN-ZGGG-01,3,ESDEX,W191,DNC,CN,2605
CN-2605-SARIN-ZGGG-01,4,DNC,W565,BIGUX,CN,2605
CN-2605-SARIN-ZGGG-01,5,BIGUX,B330,KWE,CN,2605
CN-2605-SARIN-ZGGG-01,6,KWE,W181,DUDIT,CN,2605
CN-2605-SARIN-ZGGG-01,7,DUDIT,A599,GYA,CN,2605
CN-2605-SARIN-ZGGG-02,1,SARIN,A368,FKG,CN,2605
CN-2605-SARIN-ZGGG-02,2,FKG,W188,LIKMI,CN,2605
CN-2605-SARIN-ZGGG-02,3,LIKMI,W270,NOLOM,CN,2605
CN-2605-SARIN-ZGGG-02,4,NOLOM,B330,KWE,CN,2605
CN-2605-SARIN-ZGGG-02,5,KWE,W181,DUDIT,CN,2605
CN-2605-SARIN-ZGGG-02,6,DUDIT,A599,GYA,CN,2605
CN-2605-SARIN-ZGSZ-01,1,SARIN,A368,FKG,CN,2605
CN-2605-SARIN-ZGSZ-01,2,FKG,W192,ESDEX,CN,2605
CN-2605-SARIN-ZGSZ-01,3,ESDEX,W191,DNC,CN,2605
CN-2605-SARIN-ZGSZ-01,4,DNC,W565,BIGUX,CN,2605
CN-2605-SARIN-ZGSZ-01,5,BIGUX,B330,KWE,CN,2605
CN-2605-SARIN-ZGSZ-01,6,KWE,W181,DUDIT,CN,2605
CN-2605-SARIN-ZGSZ-01,7,DUDIT,A599,POU,CN,2605
CN-2605-SARIN-ZGSZ-01,8,POU,W7,SAREX,CN,2605
CN-2605-SARIN-ZGSZ-02,1,SARIN,A368,FKG,CN,2605
CN-2605-SARIN-ZGSZ-02,2,FKG,W188,LIKMI,CN,2605
CN-2605-SARIN-ZGSZ-02,3,LIKMI,W270,NOLOM,CN,2605
CN-2605-SARIN-ZGSZ-02,4,NOLOM,B330,KWE,CN,2605
CN-2605-SARIN-ZGSZ-02,5,KWE,W181,DUDIT,CN,2605
CN-2605-SARIN-ZGSZ-02,6,DUDIT,A599,POU,CN,2605
CN-2605-SARIN-ZGSZ-02,7,POU,W7,SAREX,CN,2605
CN-2605-SARIN-ZHCC-01,1,SARIN,A368,FKG,CN,2605
CN-2605-SARIN-ZHCC-01,2,FKG,W188,LIKMI,CN,2605
CN-2605-SARIN-ZHCC-01,3,LIKMI,W270,DKO,CN,2605
CN-2605-SARIN-ZHCC-01,4,DKO,W64,NUTLO,CN,2605
CN-2605-SARIN-ZHCC-01,5,NUTLO,B208,NOPIN,CN,2605
CN-2605-SARIN-ZJHK-01,1,SARIN,A368,FKG,CN,2605
CN-2605-SARIN-ZJHK-01,2,FKG,W188,LIKMI,CN,2605
CN-2605-SARIN-ZJHK-01,3,LIKMI,W270,NOLOM,CN,2605
CN-2605-SARIN-ZJHK-01,4,NOLOM,B330,SJG,CN,2605
CN-2605-SARIN-ZJHK-01,5,SJG,W2,LBN,CN,2605
CN-2605-SARIN-ZJHK-01,6,LBN,W159,BHY,CN,2605
CN-2605-SARIN-ZJHK-01,7,BHY,W70,NYB,CN,2605
CN-2605-SARIN-ZJSY-01,1,SARIN,A368,FKG,CN,2605
CN-2605-SARIN-ZJSY-01,2,FKG,W188,LIKMI,CN,2605
CN-2605-SARIN-ZJSY-01,3,LIKMI,W270,NOLOM,CN,2605
CN-2605-SARIN-ZJSY-01,4,NOLOM,B330,SJG,CN,2605
CN-2605-SARIN-ZJSY-01,5,SJG,W2,LBN,CN,2605
CN-2605-SARIN-ZJSY-01,6,LBN,W159,BHY,CN,2605
CN-2605-SARIN-ZJSY-01,7,BHY,W70,NYB,CN,2605
CN-2605-SARIN-ZJSY-01,8,NYB,G221,WL,CN,2605
CN-2605-SARIN-ZJSY-02,1,SARIN,A368,FKG,CN,2605
CN-2605-SARIN-ZJSY-02,2,FKG,W192,ESDEX,CN,2605
CN-2605-SARIN-ZJSY-02,3,ESDEX,W191,DNC,CN,2605
CN-2605-SARIN-ZJSY-02,4,DNC,W565,BIGUX,CN,2605
CN-2605-SARIN-ZJSY-02,5,BIGUX,B330,KWE,CN,2605
CN-2605-SARIN-ZJSY-02,6,KWE,W181,DUDIT,CN,2605
CN-2605-SARIN-ZJSY-02,7,DUDIT,A599,LBN,CN,2605
CN-2605-SARIN-ZJSY-02,8,LBN,W159,BHY,CN,2605
CN-2605-SARIN-ZJSY-02,9,BHY,W70,NYB,CN,2605
CN-2605-SARIN-ZJSY-02,10,NYB,G221,WL,CN,2605
CN-2605-SARIN-ZLIC-01,1,SARIN,A368,FKG,CN,2605
CN-2605-SARIN-ZLIC-01,2,FKG,W188,LIKMI,CN,2605
CN-2605-SARIN-ZLIC-01,3,LIKMI,W270,NOLOM,CN,2605
CN-2605-SARIN-ZLIC-01,4,NOLOM,B330,ELRUB,CN,2605
CN-2605-SARIN-ZLIC-01,5,ELRUB,W199,YHD,CN,2605
CN-2605-SARIN-ZLLL-01,1,SARIN,A368,FKG,CN,2605
CN-2605-SARIN-ZLLL-01,2,FKG,W188,LIKMI,CN,2605
CN-2605-SARIN-ZLLL-01,3,LIKMI,W270,NOLOM,CN,2605
CN-2605-SARIN-ZLLL-01,4,NOLOM,B330,IDUGI,CN,2605
CN-2605-SARIN-ZLLL-02,1,SARIN,A368,FKG,CN,2605
CN-2605-SARIN-ZLLL-02,2,FKG,W192,ESDEX,CN,2605
CN-2605-SARIN-ZLLL-02,3,ESDEX,W191,AVBUD,CN,2605
CN-2605-SARIN-ZLXY-01,1,SARIN,A368,FKG,CN,2605
CN-2605-SARIN-ZLXY-01,2,FKG,W188,LIKMI,CN,2605
CN-2605-SARIN-ZLXY-01,3,LIKMI,W270,NOLOM,CN,2605
CN-2605-SARIN-ZLXY-01,4,NOLOM,B330,BIGUX,CN,2605
CN-2605-SARIN-ZLXY-01,5,BIGUX,W214,HO,CN,2605
CN-2605-SARIN-ZLXY-02,1,SARIN,A368,FKG,CN,2605
CN-2605-SARIN-ZLXY-02,2,FKG,W192,ESDEX,CN,2605
CN-2605-SARIN-ZLXY-02,3,ESDEX,W191,DNC,CN,2605
CN-2605-SARIN-ZLXY-02,4,DNC,W565,BIGUX,CN,2605
CN-2605-SARIN-ZLXY-02,5,BIGUX,W214,HO,CN,2605
CN-2605-SARIN-ZPPP-01,1,SARIN,A368,FKG,CN,2605
CN-2605-SARIN-ZPPP-01,2,FKG,W192,ESDEX,CN,2605
CN-2605-SARIN-ZPPP-01,3,ESDEX,W191,DNC,CN,2605
CN-2605-SARIN-ZPPP-01,4,DNC,W565,BIGUX,CN,2605
CN-2605-SARIN-ZPPP-01,5,BIGUX,B330,UBKER,CN,2605
CN-2605-SARIN-ZPPP-01,6,UBKER,G212,SGM,CN,2605
CN-2605-SARIN-ZPPP-02,1,SARIN,A368,FKG,CN,2605
CN-2605-SARIN-ZPPP-02,2,FKG,W188,LIKMI,CN,2605
CN-2605-SARIN-ZPPP-02,3,LIKMI,W270,NOLOM,CN,2605
CN-2605-SARIN-ZPPP-02,4,NOLOM,B330,UBKER,CN,2605
CN-2605-SARIN-ZPPP-02,5,UBKER,G212,SGM,CN,2605
CN-2605-SARIN-ZSCN-01,1,SARIN,A368,FKG,CN,2605
CN-2605-SARIN-ZSCN-01,2,FKG,W192,ESDEX,CN,2605
CN-2605-SARIN-ZSCN-01,3,ESDEX,W191,DNC,CN,2605
CN-2605-SARIN-ZSCN-01,4,DNC,W565,BIGUX,CN,2605
CN-2605-SARIN-ZSCN-01,5,BIGUX,B330,VIMAM,CN,2605
CN-2605-SARIN-ZSCN-01,6,VIMAM,W235,UBRAB,CN,2605
CN-2605-SARIN-ZSCN-01,7,UBRAB,B213,WHA,CN,2605
CN-2605-SARIN-ZSCN-01,8,WHA,R343,SAGUD,CN,2605
CN-2605-SARIN-ZSCN-01,9,SAGUD,W50,XSH,CN,2605
CN-2605-SARIN-ZSCN-01,10,XSH,W105,PEXEK,CN,2605
CN-2605-SARIN-ZSCN-02,1,SARIN,A368,FKG,CN,2605
CN-2605-SARIN-ZSCN-02,2,FKG,W188,LIKMI,CN,2605
CN-2605-SARIN-ZSCN-02,3,LIKMI,W270,DKO,CN,2605
CN-2605-SARIN-ZSCN-02,4,DKO,W64,NUTLO,CN,2605
CN-2605-SARIN-ZSCN-02,5,NUTLO,B208,CGO,CN,2605
CN-2605-SARIN-ZSCN-02,6,CGO,W129,KAMDA,CN,2605
CN-2605-SARIN-ZSCN-02,7,KAMDA,W128,DUDBI,CN,2605
CN-2605-SARIN-ZSCN-02,8,DUDBI,W37,HG,CN,2605
CN-2605-SARIN-ZSCN-02,9,HG,W50,XSH,CN,2605
CN-2605-SARIN-ZSCN-02,10,XSH,W105,PEXEK,CN,2605
CN-2605-SARIN-ZSHC-01,1,SARIN,A368,FKG,CN,2605
CN-2605-SARIN-ZSHC-01,2,FKG,W188,LIKMI,CN,2605
CN-2605-SARIN-ZSHC-01,3,LIKMI,W270,DKO,CN,2605
CN-2605-SARIN-ZSHC-01,4,DKO,W64,NUTLO,CN,2605
CN-2605-SARIN-ZSHC-01,5,NUTLO,B208,CGO,CN,2605
CN-2605-SARIN-ZSHC-01,6,CGO,W129,KAMDA,CN,2605
CN-2605-SARIN-ZSHC-01,7,KAMDA,W128,FYG,CN,2605
CN-2605-SARIN-ZSHC-01,8,FYG,B208,HFE,CN,2605
CN-2605-SARIN-ZSHC-01,9,HFE,R343,UPLEL,CN,2605
CN-2605-SARIN-ZSHC-01,10,UPLEL,W95,SAPIN,CN,2605
CN-2605-SARIN-ZSHC-01,11,SAPIN,A470,IGRAT,CN,2605
CN-2605-SARIN-ZSJN-01,1,SARIN,A368,FKG,CN,2605
CN-2605-SARIN-ZSJN-01,2,FKG,W188,LIKMI,CN,2605
CN-2605-SARIN-ZSJN-01,3,LIKMI,W270,DKO,CN,2605
CN-2605-SARIN-ZSJN-01,4,DKO,W69,HUR,CN,2605
CN-2605-SARIN-ZSJN-01,5,HUR,B339,SOTMU,CN,2605
CN-2605-SARIN-ZSJN-01,6,SOTMU,W98,ELKUR,CN,2605
CN-2605-SARIN-ZSJN-01,7,ELKUR,W40,PANKI,CN,2605
CN-2605-SARIN-ZSNJ-01,1,SARIN,A368,FKG,CN,2605
CN-2605-SARIN-ZSNJ-01,2,FKG,W192,ESDEX,CN,2605
CN-2605-SARIN-ZSNJ-01,3,ESDEX,W191,DNC,CN,2605
CN-2605-SARIN-ZSNJ-01,4,DNC,W565,BIGUX,CN,2605
CN-2605-SARIN-ZSNJ-01,5,BIGUX,B330,VIMAM,CN,2605
CN-2605-SARIN-ZSNJ-01,6,VIMAM,W235,UBRAB,CN,2605
CN-2605-SARIN-ZSNJ-01,7,UBRAB,B213,WHA,CN,2605
CN-2605-SARIN-ZSNJ-01,8,WHA,R343,HFE,CN,2605
CN-2605-SARIN-ZSNJ-01,9,HFE,W51,LEGIV,CN,2605
CN-2605-SARIN-ZSNJ-01,10,LEGIV,W164,OREVO,CN,2605
CN-2605-SARIN-ZSPD-01,1,SARIN,A368,FKG,CN,2605
CN-2605-SARIN-ZSPD-01,2,FKG,W188,LIKMI,CN,2605
CN-2605-SARIN-ZSPD-01,3,LIKMI,W270,DKO,CN,2605
CN-2605-SARIN-ZSPD-01,4,DKO,W64,NUTLO,CN,2605
CN-2605-SARIN-ZSPD-01,5,NUTLO,B208,CGO,CN,2605
CN-2605-SARIN-ZSPD-01,6,CGO,W129,KAMDA,CN,2605
CN-2605-SARIN-ZSPD-01,7,KAMDA,W128,FYG,CN,2605
CN-2605-SARIN-ZSPD-01,8,FYG,B208,HFE,CN,2605
CN-2605-SARIN-ZSPD-01,9,HFE,R343,EKIMU,CN,2605
CN-2605-SARIN-ZSPD-02,1,SARIN,A368,FKG,CN,2605
CN-2605-SARIN-ZSPD-02,2,FKG,W188,LIKMI,CN,2605
CN-2605-SARIN-ZSPD-02,3,LIKMI,W270,DKO,CN,2605
CN-2605-SARIN-ZSPD-02,4,DKO,W69,HUR,CN,2605
CN-2605-SARIN-ZSPD-02,5,HUR,B339,SOTMU,CN,2605
CN-2605-SARIN-ZSPD-02,6,SOTMU,W98,ELKUR,CN,2605
CN-2605-SARIN-ZSPD-02,7,ELKUR,W40,YQG,CN,2605
CN-2605-SARIN-ZSPD-02,8,YQG,W142,DALIM,CN,2605
CN-2605-SARIN-ZSPD-02,9,DALIM,A593,DPX,CN,2605
CN-2605-SARIN-ZSPD-02,10,DPX,A470,DALNU,CN,2605
CN-2605-SARIN-ZSPD-02,11,DALNU,W166,ZJ,CN,2605
CN-2605-SARIN-ZSPD-02,12,ZJ,W167,SASAN,CN,2605
CN-2605-SARIN-ZSPD-02,13,SASAN,R343,EKIMU,CN,2605
CN-2605-SARIN-ZSSS-01,1,SARIN,A368,FKG,CN,2605
CN-2605-SARIN-ZSSS-01,2,FKG,W188,LIKMI,CN,2605
CN-2605-SARIN-ZSSS-01,3,LIKMI,W270,DKO,CN,2605
CN-2605-SARIN-ZSSS-01,4,DKO,W69,HUR,CN,2605
CN-2605-SARIN-ZSSS-01,5,HUR,B339,SOTMU,CN,2605
CN-2605-SARIN-ZSSS-01,6,SOTMU,W98,ELKUR,CN,2605
CN-2605-SARIN-ZSSS-01,7,ELKUR,W40,YQG,CN,2605
CN-2605-SARIN-ZSSS-01,8,YQG,W142,DALIM,CN,2605
CN-2605-SARIN-ZSSS-01,9,DALIM,A593,DPX,CN,2605
CN-2605-SARIN-ZSSS-01,10,DPX,A470,DALNU,CN,2605
CN-2605-SARIN-ZSSS-01,11,DALNU,W166,ZJ,CN,2605
CN-2605-SARIN-ZSSS-01,12,ZJ,W167,SASAN,CN,2605
CN-2605-SARIN-ZSSS-01,13,SASAN,R343,PK,CN,2605
CN-2605-SARIN-ZSYT-01,1,SARIN,A368,FKG,CN,2605
CN-2605-SARIN-ZSYT-01,2,FKG,W188,LIKMI,CN,2605
CN-2605-SARIN-ZSYT-01,3,LIKMI,W270,DKO,CN,2605
CN-2605-SARIN-ZSYT-01,4,DKO,W69,HUR,CN,2605
CN-2605-SARIN-ZSYT-01,5,HUR,B339,LADIX,CN,2605
CN-2605-SARIN-ZSYT-01,6,LADIX,W34,VAPGU,CN,2605
CN-2605-SARIN-ZSYT-01,7,VAPGU,W100,ORAVA,CN,2605
CN-2605-SARIN-ZSYT-01,8,ORAVA,W201,OSVEN,CN,2605
CN-2605-SARIN-ZSYT-01,9,OSVEN,W588,GUMED,CN,2605
CN-2605-SARIN-ZUCK-01,1,SARIN,A368,FKG,CN,2605
CN-2605-SARIN-ZUCK-01,2,FKG,W192,ESDEX,CN,2605
CN-2605-SARIN-ZUCK-01,3,ESDEX,W191,DNC,CN,2605
CN-2605-SARIN-ZUCK-01,4,DNC,W565,BIGUX,CN,2605
CN-2605-SARIN-ZUCK-01,5,BIGUX,B330,OVRAL,CN,2605
CN-2605-SARIN-ZUCK-01,6,OVRAL,W242,VIPAG,CN,2605
CN-2605-SARIN-ZUCK-01,7,VIPAG,W666,VINEX,CN,2605
CN-2605-SARIN-ZUCK-02,1,SARIN,A368,FKG,CN,2605
CN-2605-SARIN-ZUCK-02,2,FKG,W188,LIKMI,CN,2605
CN-2605-SARIN-ZUCK-02,3,LIKMI,W270,NOLOM,CN,2605
CN-2605-SARIN-ZUCK-02,4,NOLOM,B330,OVRAL,CN,2605
CN-2605-SARIN-ZUCK-02,5,OVRAL,W242,VIPAG,CN,2605
CN-2605-SARIN-ZUCK-02,6,VIPAG,W666,VINEX,CN,2605
CN-2605-SARIN-ZUGY-01,1,SARIN,A368,FKG,CN,2605
CN-2605-SARIN-ZUGY-01,2,FKG,W188,LIKMI,CN,2605
CN-2605-SARIN-ZUGY-01,3,LIKMI,W270,NOLOM,CN,2605
CN-2605-SARIN-ZUGY-01,4,NOLOM,B330,QNX,CN,2605
CN-2605-SARIN-ZUGY-02,1,SARIN,A368,FKG,CN,2605
CN-2605-SARIN-ZUGY-02,2,FKG,W192,ESDEX,CN,2605
CN-2605-SARIN-ZUGY-02,3,ESDEX,W191,DNC,CN,2605
CN-2605-SARIN-ZUGY-02,4,DNC,W565,BIGUX,CN,2605
CN-2605-SARIN-ZUGY-02,5,BIGUX,B330,QNX,CN,2605
CN-2605-SARIN-ZUTF-01,1,SARIN,A368,FKG,CN,2605
CN-2605-SARIN-ZUTF-01,2,FKG,W192,ESDEX,CN,2605
CN-2605-SARIN-ZUTF-01,3,ESDEX,W191,DNC,CN,2605
CN-2605-SARIN-ZUTF-01,4,DNC,W565,BIGUX,CN,2605
CN-2605-SARIN-ZUTF-01,5,BIGUX,B330,MEXAD,CN,2605
CN-2605-SARIN-ZUTF-02,1,SARIN,A368,FKG,CN,2605
CN-2605-SARIN-ZUTF-02,2,FKG,W188,LIKMI,CN,2605
CN-2605-SARIN-ZUTF-02,3,LIKMI,W270,NOLOM,CN,2605
CN-2605-SARIN-ZUTF-02,4,NOLOM,B330,MEXAD,CN,2605
CN-2605-SARIN-ZUUU-01,1,SARIN,A368,FKG,CN,2605
CN-2605-SARIN-ZUUU-01,2,FKG,W192,ESDEX,CN,2605
CN-2605-SARIN-ZUUU-01,3,ESDEX,W191,DNC,CN,2605
CN-2605-SARIN-ZUUU-01,4,DNC,W565,BIGUX,CN,2605
CN-2605-SARIN-ZUUU-01,5,BIGUX,B330,MEXAD,CN,2605
CN-2605-SARIN-ZUUU-02,1,SARIN,A368,FKG,CN,2605
CN-2605-SARIN-ZUUU-02,2,FKG,W188,LIKMI,CN,2605
CN-2605-SARIN-ZUUU-02,3,LIKMI,W270,NOLOM,CN,2605
CN-2605-SARIN-ZUUU-02,4,NOLOM,B330,MEXAD,CN,2605
CN-2605-SARIN-ZWWW-01,1,SARIN,A368,FKG,CN,2605
CN-2605-SARIN-ZWWW-01,2,FKG,B215,WUR,CN,2605
CN-2605-SARUL-ZBLA-01,1,SARUL,G338,KAGAK,CN,2605
CN-2605-SARUL-ZBLA-01,2,KAGAK,A345,HLD,CN,2605
CN-2605-SARUL-ZBMZ-01,1,SARUL,G338,IKARU,CN,2605
CN-2605-SARUL-ZBMZ-01,2,IKARU,W606,MZL,CN,2605
CN-2605-SARUL-ZYCC-01,1,SARUL,G338,KAGAK,CN,2605
CN-2605-SARUL-ZYCC-01,2,KAGAK,A345,HLD,CN,2605
CN-2605-SARUL-ZYCC-01,3,HLD,B451,HRB,CN,2605
CN-2605-SARUL-ZYCC-01,4,HRB,A588,PABKI,CN,2605
CN-2605-SARUL-ZYCC-01,5,PABKI,W655,DUKIR,CN,2605
CN-2605-SG-G470-TAMOT,1,SARIN,A368,FKG,CN,2605
CN-2605-SG-G470-TAMOT,2,FKG,W192,ESDEX,CN,2605
CN-2605-SG-G470-TAMOT,3,ESDEX,W191,DNC,CN,2605
CN-2605-SG-G470-TAMOT,4,DNC,W565,BIGUX,CN,2605
CN-2605-SG-G470-TAMOT,5,BIGUX,B330,KWE,CN,2605
CN-2605-SG-G470-TAMOT,6,KWE,W181,DUDIT,CN,2605
CN-2605-SG-G470-TAMOT,7,DUDIT,A599,POU,CN,2605
CN-2605-SG-G470-TAMOT,8,POU,B330,TAMOT,CN,2605
CN-2605-SG-G470-TAMOT,9,TAMOT,DCT,GOPTO,CN,2605
CN-2605-SG-G470-TAMOT,10,GOPTO,B206,ADPET,CN,2605
CN-2605-SG-G470-TAMOT,11,ADPET,W188,DAKPA,CN,2605
CN-2605-SG-G470-TAMOT,12,DAKPA,W189,AKLAS,CN,2605
CN-2605-SG-G470-TAMOT,13,AKLAS,W192,ESDEX,CN,2605
CN-2605-SG-G470-TAMOT,14,ESDEX,W191,DNC,CN,2605
CN-2605-SG-G470-TAMOT,15,DNC,W565,BIGUX,CN,2605
CN-2605-SG-G470-TAMOT,16,BIGUX,B330,KWE,CN,2605
CN-2605-SG-G470-TAMOT,17,KWE,W181,DUDIT,CN,2605
CN-2605-SG-G470-TAMOT,18,DUDIT,A599,POU,CN,2605
CN-2605-SG-G470-TAMOT,19,POU,B330,TAMOT,CN,2605
CN-2605-SG-G470-VHHH,1,SARIN,A368,FKG,CN,2605
CN-2605-SG-G470-VHHH,2,FKG,W192,ESDEX,CN,2605
CN-2605-SG-G470-VHHH,3,ESDEX,W191,DNC,CN,2605
CN-2605-SG-G470-VHHH,4,DNC,W565,BIGUX,CN,2605
CN-2605-SG-G470-VHHH,5,BIGUX,B330,KWE,CN,2605
CN-2605-SG-G470-VHHH,6,KWE,W181,DUDIT,CN,2605
CN-2605-SG-G470-VHHH,7,DUDIT,A599,POU,CN,2605
CN-2605-SG-G470-VHHH,8,POU,R473,SIERA,CN,2605
CN-2605-SG-G470-VHHH,9,SIERA,DCT,GOPTO,CN,2605
CN-2605-SG-G470-VHHH,10,GOPTO,B206,ADPET,CN,2605
CN-2605-SG-G470-VHHH,11,ADPET,W188,DAKPA,CN,2605
CN-2605-SG-G470-VHHH,12,DAKPA,W189,AKLAS,CN,2605
CN-2605-SG-G470-VHHH,13,AKLAS,W192,ESDEX,CN,2605
CN-2605-SG-G470-VHHH,14,ESDEX,W191,DNC,CN,2605
CN-2605-SG-G470-VHHH,15,DNC,W565,BIGUX,CN,2605
CN-2605-SG-G470-VHHH,16,BIGUX,B330,KWE,CN,2605
CN-2605-SG-G470-VHHH,17,KWE,W181,DUDIT,CN,2605
CN-2605-SG-G470-VHHH,18,DUDIT,A599,POU,CN,2605
CN-2605-SG-G470-VHHH,19,POU,R473,SIERA,CN,2605
CN-2605-SGM-G470-TAMOT,1,SARIN,A368,FKG,CN,2605
CN-2605-SGM-G470-TAMOT,2,FKG,W192,ESDEX,CN,2605
CN-2605-SGM-G470-TAMOT,3,ESDEX,W191,DNC,CN,2605
CN-2605-SGM-G470-TAMOT,4,DNC,W565,BIGUX,CN,2605
CN-2605-SGM-G470-TAMOT,5,BIGUX,B330,KWE,CN,2605
CN-2605-SGM-G470-TAMOT,6,KWE,W181,DUDIT,CN,2605
CN-2605-SGM-G470-TAMOT,7,DUDIT,A599,POU,CN,2605
CN-2605-SGM-G470-TAMOT,8,POU,B330,TAMOT,CN,2605
CN-2605-SGM-G470-TAMOT,9,TAMOT,DCT,GOPTO,CN,2605
CN-2605-SGM-G470-TAMOT,10,GOPTO,B206,ADPET,CN,2605
CN-2605-SGM-G470-TAMOT,11,ADPET,W188,DAKPA,CN,2605
CN-2605-SGM-G470-TAMOT,12,DAKPA,W189,AKLAS,CN,2605
CN-2605-SGM-G470-TAMOT,13,AKLAS,W192,ESDEX,CN,2605
CN-2605-SGM-G470-TAMOT,14,ESDEX,W191,DNC,CN,2605
CN-2605-SGM-G470-TAMOT,15,DNC,W565,BIGUX,CN,2605
CN-2605-SGM-G470-TAMOT,16,BIGUX,B330,KWE,CN,2605
CN-2605-SGM-G470-TAMOT,17,KWE,W181,DUDIT,CN,2605
CN-2605-SGM-G470-TAMOT,18,DUDIT,A599,POU,CN,2605
CN-2605-SGM-G470-TAMOT,19,POU,B330,TAMOT,CN,2605
CN-2605-SGM-G470-TAMOT,20,TAMOT,DCT,MORIT,CN,2605
CN-2605-SGM-G470-TAMOT,21,MORIT,B330,KWE,CN,2605
CN-2605-SGM-G470-TAMOT,22,KWE,W181,DUDIT,CN,2605
CN-2605-SGM-G470-TAMOT,23,DUDIT,A599,POU,CN,2605
CN-2605-SGM-G470-TAMOT,24,POU,B330,TAMOT,CN,2605
CN-2605-SGM-G470-VHHH,1,SARIN,A368,FKG,CN,2605
CN-2605-SGM-G470-VHHH,2,FKG,W192,ESDEX,CN,2605
CN-2605-SGM-G470-VHHH,3,ESDEX,W191,DNC,CN,2605
CN-2605-SGM-G470-VHHH,4,DNC,W565,BIGUX,CN,2605
CN-2605-SGM-G470-VHHH,5,BIGUX,B330,KWE,CN,2605
CN-2605-SGM-G470-VHHH,6,KWE,W181,DUDIT,CN,2605
CN-2605-SGM-G470-VHHH,7,DUDIT,A599,POU,CN,2605
CN-2605-SGM-G470-VHHH,8,POU,R473,SIERA,CN,2605
CN-2605-SGM-G470-VHHH,9,SIERA,DCT,GOPTO,CN,2605
CN-2605-SGM-G470-VHHH,10,GOPTO,B206,ADPET,CN,2605
CN-2605-SGM-G470-VHHH,11,ADPET,W188,DAKPA,CN,2605
CN-2605-SGM-G470-VHHH,12,DAKPA,W189,AKLAS,CN,2605
CN-2605-SGM-G470-VHHH,13,AKLAS,W192,ESDEX,CN,2605
CN-2605-SGM-G470-VHHH,14,ESDEX,W191,DNC,CN,2605
CN-2605-SGM-G470-VHHH,15,DNC,W565,BIGUX,CN,2605
CN-2605-SGM-G470-VHHH,16,BIGUX,B330,KWE,CN,2605
CN-2605-SGM-G470-VHHH,17,KWE,W181,DUDIT,CN,2605
CN-2605-SGM-G470-VHHH,18,DUDIT,A599,POU,CN,2605
CN-2605-SGM-G470-VHHH,19,POU,R473,SIERA,CN,2605
CN-2605-SGM-G470-VHHH,20,SIERA,DCT,MORIT,CN,2605
CN-2605-SGM-G470-VHHH,21,MORIT,B330,KWE,CN,2605
CN-2605-SGM-G470-VHHH,22,KWE,W181,DUDIT,CN,2605
CN-2605-SGM-G470-VHHH,23,DUDIT,A599,POU,CN,2605
CN-2605-SGM-G470-VHHH,24,POU,R473,SIERA,CN,2605
CN-2605-SGM-TAMOT,1,SARIN,A368,FKG,CN,2605
CN-2605-SGM-TAMOT,2,FKG,W188,LIKMI,CN,2605
CN-2605-SGM-TAMOT,3,LIKMI,W270,NOLOM,CN,2605
CN-2605-SGM-TAMOT,4,NOLOM,B330,KWE,CN,2605
CN-2605-SGM-TAMOT,5,KWE,W181,DUDIT,CN,2605
CN-2605-SGM-TAMOT,6,DUDIT,A599,POU,CN,2605
CN-2605-SGM-TAMOT,7,POU,B330,TAMOT,CN,2605
CN-2605-SGM-TAMOT,8,TAMOT,DCT,GOPTO,CN,2605
CN-2605-SGM-TAMOT,9,GOPTO,B206,ADPET,CN,2605
CN-2605-SGM-TAMOT,10,ADPET,W188,LIKMI,CN,2605
CN-2605-SGM-TAMOT,11,LIKMI,W270,NOLOM,CN,2605
CN-2605-SGM-TAMOT,12,NOLOM,B330,KWE,CN,2605
CN-2605-SGM-TAMOT,13,KWE,W181,DUDIT,CN,2605
CN-2605-SGM-TAMOT,14,DUDIT,A599,POU,CN,2605
CN-2605-SGM-TAMOT,15,POU,B330,TAMOT,CN,2605
CN-2605-SGM-TAMOT,16,TAMOT,DCT,MORIT,CN,2605
CN-2605-SGM-TAMOT,17,MORIT,B330,KWE,CN,2605
CN-2605-SGM-TAMOT,18,KWE,W181,DUDIT,CN,2605
CN-2605-SGM-TAMOT,19,DUDIT,A599,POU,CN,2605
CN-2605-SGM-TAMOT,20,POU,B330,TAMOT,CN,2605
CN-2605-SGM-VHHH,1,SARIN,A368,FKG,CN,2605
CN-2605-SGM-VHHH,2,FKG,W188,LIKMI,CN,2605
CN-2605-SGM-VHHH,3,LIKMI,W270,NOLOM,CN,2605
CN-2605-SGM-VHHH,4,NOLOM,B330,KWE,CN,2605
CN-2605-SGM-VHHH,5,KWE,W181,DUDIT,CN,2605
CN-2605-SGM-VHHH,6,DUDIT,A599,POU,CN,2605
CN-2605-SGM-VHHH,7,POU,R473,SIERA,CN,2605
CN-2605-SGM-VHHH,8,SIERA,DCT,GOPTO,CN,2605
CN-2605-SGM-VHHH,9,GOPTO,B206,ADPET,CN,2605
CN-2605-SGM-VHHH,10,ADPET,W188,LIKMI,CN,2605
CN-2605-SGM-VHHH,11,LIKMI,W270,NOLOM,CN,2605
CN-2605-SGM-VHHH,12,NOLOM,B330,KWE,CN,2605
CN-2605-SGM-VHHH,13,KWE,W181,DUDIT,CN,2605
CN-2605-SGM-VHHH,14,DUDIT,A599,POU,CN,2605
CN-2605-SGM-VHHH,15,POU,R473,SIERA,CN,2605
CN-2605-SGM-VHHH,16,SIERA,DCT,MORIT,CN,2605
CN-2605-SGM-VHHH,17,MORIT,B330,KWE,CN,2605
CN-2605-SGM-VHHH,18,KWE,W181,DUDIT,CN,2605
CN-2605-SGM-VHHH,19,DUDIT,A599,POU,CN,2605
CN-2605-SGM-VHHH,20,POU,R473,SIERA,CN,2605
CN-2605-SGMN-G470-TAMOT,1,SARIN,A368,FKG,CN,2605
CN-2605-SGMN-G470-TAMOT,2,FKG,W192,ESDEX,CN,2605
CN-2605-SGMN-G470-TAMOT,3,ESDEX,W191,DNC,CN,2605
CN-2605-SGMN-G470-TAMOT,4,DNC,W565,BIGUX,CN,2605
CN-2605-SGMN-G470-TAMOT,5,BIGUX,B330,KWE,CN,2605
CN-2605-SGMN-G470-TAMOT,6,KWE,W181,DUDIT,CN,2605
CN-2605-SGMN-G470-TAMOT,7,DUDIT,A599,POU,CN,2605
CN-2605-SGMN-G470-TAMOT,8,POU,B330,TAMOT,CN,2605
CN-2605-SGMN-G470-TAMOT,9,TAMOT,DCT,GOPTO,CN,2605
CN-2605-SGMN-G470-TAMOT,10,GOPTO,B206,ADPET,CN,2605
CN-2605-SGMN-G470-TAMOT,11,ADPET,W188,DAKPA,CN,2605
CN-2605-SGMN-G470-TAMOT,12,DAKPA,W189,AKLAS,CN,2605
CN-2605-SGMN-G470-TAMOT,13,AKLAS,W192,ESDEX,CN,2605
CN-2605-SGMN-G470-TAMOT,14,ESDEX,W191,DNC,CN,2605
CN-2605-SGMN-G470-TAMOT,15,DNC,W565,BIGUX,CN,2605
CN-2605-SGMN-G470-TAMOT,16,BIGUX,B330,KWE,CN,2605
CN-2605-SGMN-G470-TAMOT,17,KWE,W181,DUDIT,CN,2605
CN-2605-SGMN-G470-TAMOT,18,DUDIT,A599,POU,CN,2605
CN-2605-SGMN-G470-TAMOT,19,POU,B330,TAMOT,CN,2605
CN-2605-SGMN-G470-TAMOT,20,TAMOT,DCT,MORIT,CN,2605
CN-2605-SGMN-G470-TAMOT,21,MORIT,B330,KWE,CN,2605
CN-2605-SGMN-G470-TAMOT,22,KWE,W181,DUDIT,CN,2605
CN-2605-SGMN-G470-TAMOT,23,DUDIT,A599,POU,CN,2605
CN-2605-SGMN-G470-TAMOT,24,POU,B330,TAMOT,CN,2605
CN-2605-SGMN-G470-TAMOT,25,TAMOT,DCT,NIXAL,CN,2605
CN-2605-SGMN-G470-TAMOT,26,NIXAL,G343,TMR,CN,2605
CN-2605-SGMN-G470-TAMOT,27,TMR,B458,DADGA,CN,2605
CN-2605-SGMN-G470-TAMOT,28,DADGA,W37,OMBEB,CN,2605
CN-2605-SGMN-G470-TAMOT,29,OMBEB,R473,WYN,CN,2605
CN-2605-SGMN-G470-TAMOT,30,WYN,W18,TAMOT,CN,2605
CN-2605-SGMN-G470-VHHH,1,SARIN,A368,FKG,CN,2605
CN-2605-SGMN-G470-VHHH,2,FKG,W192,ESDEX,CN,2605
CN-2605-SGMN-G470-VHHH,3,ESDEX,W191,DNC,CN,2605
CN-2605-SGMN-G470-VHHH,4,DNC,W565,BIGUX,CN,2605
CN-2605-SGMN-G470-VHHH,5,BIGUX,B330,KWE,CN,2605
CN-2605-SGMN-G470-VHHH,6,KWE,W181,DUDIT,CN,2605
CN-2605-SGMN-G470-VHHH,7,DUDIT,A599,POU,CN,2605
CN-2605-SGMN-G470-VHHH,8,POU,R473,SIERA,CN,2605
CN-2605-SGMN-G470-VHHH,9,SIERA,DCT,GOPTO,CN,2605
CN-2605-SGMN-G470-VHHH,10,GOPTO,B206,ADPET,CN,2605
CN-2605-SGMN-G470-VHHH,11,ADPET,W188,DAKPA,CN,2605
CN-2605-SGMN-G470-VHHH,12,DAKPA,W189,AKLAS,CN,2605
CN-2605-SGMN-G470-VHHH,13,AKLAS,W192,ESDEX,CN,2605
CN-2605-SGMN-G470-VHHH,14,ESDEX,W191,DNC,CN,2605
CN-2605-SGMN-G470-VHHH,15,DNC,W565,BIGUX,CN,2605
CN-2605-SGMN-G470-VHHH,16,BIGUX,B330,KWE,CN,2605
CN-2605-SGMN-G470-VHHH,17,KWE,W181,DUDIT,CN,2605
CN-2605-SGMN-G470-VHHH,18,DUDIT,A599,POU,CN,2605
CN-2605-SGMN-G470-VHHH,19,POU,R473,SIERA,CN,2605
CN-2605-SGMN-G470-VHHH,20,SIERA,DCT,MORIT,CN,2605
CN-2605-SGMN-G470-VHHH,21,MORIT,B330,KWE,CN,2605
CN-2605-SGMN-G470-VHHH,22,KWE,W181,DUDIT,CN,2605
CN-2605-SGMN-G470-VHHH,23,DUDIT,A599,POU,CN,2605
CN-2605-SGMN-G470-VHHH,24,POU,R473,SIERA,CN,2605
CN-2605-SGMN-G470-VHHH,25,SIERA,DCT,NIXAL,CN,2605
CN-2605-SGMN-G470-VHHH,26,NIXAL,G343,TMR,CN,2605
CN-2605-SGMN-G470-VHHH,27,TMR,B458,DADGA,CN,2605
CN-2605-SGMN-G470-VHHH,28,DADGA,W37,OMBEB,CN,2605
CN-2605-SGMN-G470-VHHH,29,OMBEB,R473,WYN,CN,2605
CN-2605-SGMN-G470-VHHH,30,WYN,W18,NLG,CN,2605
CN-2605-SGMN-G470-VHHH,31,NLG,W23,ZUH,CN,2605
CN-2605-SGMN-G470-VHHH,32,ZUH,R473,SIERA,CN,2605
CN-2605-SGMN-TAMOT,1,SARIN,A368,FKG,CN,2605
CN-2605-SGMN-TAMOT,2,FKG,W188,LIKMI,CN,2605
CN-2605-SGMN-TAMOT,3,LIKMI,W270,NOLOM,CN,2605
CN-2605-SGMN-TAMOT,4,NOLOM,B330,KWE,CN,2605
CN-2605-SGMN-TAMOT,5,KWE,W181,DUDIT,CN,2605
CN-2605-SGMN-TAMOT,6,DUDIT,A599,POU,CN,2605
CN-2605-SGMN-TAMOT,7,POU,B330,TAMOT,CN,2605
CN-2605-SGMN-TAMOT,8,TAMOT,DCT,GOPTO,CN,2605
CN-2605-SGMN-TAMOT,9,GOPTO,B206,ADPET,CN,2605
CN-2605-SGMN-TAMOT,10,ADPET,W188,LIKMI,CN,2605
CN-2605-SGMN-TAMOT,11,LIKMI,W270,NOLOM,CN,2605
CN-2605-SGMN-TAMOT,12,NOLOM,B330,KWE,CN,2605
CN-2605-SGMN-TAMOT,13,KWE,W181,DUDIT,CN,2605
CN-2605-SGMN-TAMOT,14,DUDIT,A599,POU,CN,2605
CN-2605-SGMN-TAMOT,15,POU,B330,TAMOT,CN,2605
CN-2605-SGMN-TAMOT,16,TAMOT,DCT,MORIT,CN,2605
CN-2605-SGMN-TAMOT,17,MORIT,B330,KWE,CN,2605
CN-2605-SGMN-TAMOT,18,KWE,W181,DUDIT,CN,2605
CN-2605-SGMN-TAMOT,19,DUDIT,A599,POU,CN,2605
CN-2605-SGMN-TAMOT,20,POU,B330,TAMOT,CN,2605
CN-2605-SGMN-TAMOT,21,TAMOT,DCT,NIXAL,CN,2605
CN-2605-SGMN-TAMOT,22,NIXAL,G343,TMR,CN,2605
CN-2605-SGMN-TAMOT,23,TMR,B458,DADGA,CN,2605
CN-2605-SGMN-TAMOT,24,DADGA,W37,OMBEB,CN,2605
CN-2605-SGMN-TAMOT,25,OMBEB,R473,WYN,CN,2605
CN-2605-SGMN-TAMOT,26,WYN,W18,TAMOT,CN,2605
CN-2605-SGMN-VHHH,1,SARIN,A368,FKG,CN,2605
CN-2605-SGMN-VHHH,2,FKG,W188,LIKMI,CN,2605
CN-2605-SGMN-VHHH,3,LIKMI,W270,NOLOM,CN,2605
CN-2605-SGMN-VHHH,4,NOLOM,B330,KWE,CN,2605
CN-2605-SGMN-VHHH,5,KWE,W181,DUDIT,CN,2605
CN-2605-SGMN-VHHH,6,DUDIT,A599,POU,CN,2605
CN-2605-SGMN-VHHH,7,POU,R473,SIERA,CN,2605
CN-2605-SGMN-VHHH,8,SIERA,DCT,GOPTO,CN,2605
CN-2605-SGMN-VHHH,9,GOPTO,B206,ADPET,CN,2605
CN-2605-SGMN-VHHH,10,ADPET,W188,DAKPA,CN,2605
CN-2605-SGMN-VHHH,11,DAKPA,W189,AKLAS,CN,2605
CN-2605-SGMN-VHHH,12,AKLAS,W192,ESDEX,CN,2605
CN-2605-SGMN-VHHH,13,ESDEX,W191,DNC,CN,2605
CN-2605-SGMN-VHHH,14,DNC,W565,BIGUX,CN,2605
CN-2605-SGMN-VHHH,15,BIGUX,B330,KWE,CN,2605
CN-2605-SGMN-VHHH,16,KWE,W181,DUDIT,CN,2605
CN-2605-SGMN-VHHH,17,DUDIT,A599,POU,CN,2605
CN-2605-SGMN-VHHH,18,POU,R473,SIERA,CN,2605
CN-2605-SGMN-VHHH,19,SIERA,DCT,MORIT,CN,2605
CN-2605-SGMN-VHHH,20,MORIT,B330,KWE,CN,2605
CN-2605-SGMN-VHHH,21,KWE,W181,DUDIT,CN,2605
CN-2605-SGMN-VHHH,22,DUDIT,A599,POU,CN,2605
CN-2605-SGMN-VHHH,23,POU,R473,SIERA,CN,2605
CN-2605-SGMN-VHHH,24,SIERA,DCT,NIXAL,CN,2605
CN-2605-SGMN-VHHH,25,NIXAL,G343,TMR,CN,2605
CN-2605-SGMN-VHHH,26,TMR,B458,DADGA,CN,2605
CN-2605-SGMN-VHHH,27,DADGA,W37,OMBEB,CN,2605
CN-2605-SGMN-VHHH,28,OMBEB,R473,WYN,CN,2605
CN-2605-SGMN-VHHH,29,WYN,W18,NLG,CN,2605
CN-2605-SGMN-VHHH,30,NLG,W23,ZUH,CN,2605
CN-2605-SGMN-VHHH,31,ZUH,R473,SIERA,CN,2605
CN-2605-SGMRK-G470-TAMOT,1,SARIN,A368,FKG,CN,2605
CN-2605-SGMRK-G470-TAMOT,2,FKG,W192,ESDEX,CN,2605
CN-2605-SGMRK-G470-TAMOT,3,ESDEX,W191,DNC,CN,2605
CN-2605-SGMRK-G470-TAMOT,4,DNC,W565,BIGUX,CN,2605
CN-2605-SGMRK-G470-TAMOT,5,BIGUX,B330,KWE,CN,2605
CN-2605-SGMRK-G470-TAMOT,6,KWE,W181,DUDIT,CN,2605
CN-2605-SGMRK-G470-TAMOT,7,DUDIT,A599,POU,CN,2605
CN-2605-SGMRK-G470-TAMOT,8,POU,B330,TAMOT,CN,2605
CN-2605-SGMRK-G470-TAMOT,9,TAMOT,DCT,GOPTO,CN,2605
CN-2605-SGMRK-G470-TAMOT,10,GOPTO,B206,ADPET,CN,2605
CN-2605-SGMRK-G470-TAMOT,11,ADPET,W188,DAKPA,CN,2605
CN-2605-SGMRK-G470-TAMOT,12,DAKPA,W189,AKLAS,CN,2605
CN-2605-SGMRK-G470-TAMOT,13,AKLAS,W192,ESDEX,CN,2605
CN-2605-SGMRK-G470-TAMOT,14,ESDEX,W191,DNC,CN,2605
CN-2605-SGMRK-G470-TAMOT,15,DNC,W565,BIGUX,CN,2605
CN-2605-SGMRK-G470-TAMOT,16,BIGUX,B330,KWE,CN,2605
CN-2605-SGMRK-G470-TAMOT,17,KWE,W181,DUDIT,CN,2605
CN-2605-SGMRK-G470-TAMOT,18,DUDIT,A599,POU,CN,2605
CN-2605-SGMRK-G470-TAMOT,19,POU,B330,TAMOT,CN,2605
CN-2605-SGMRK-G470-TAMOT,20,TAMOT,DCT,MORIT,CN,2605
CN-2605-SGMRK-G470-TAMOT,21,MORIT,B330,KWE,CN,2605
CN-2605-SGMRK-G470-TAMOT,22,KWE,W181,DUDIT,CN,2605
CN-2605-SGMRK-G470-TAMOT,23,DUDIT,A599,POU,CN,2605
CN-2605-SGMRK-G470-TAMOT,24,POU,B330,TAMOT,CN,2605
CN-2605-SGMRK-G470-TAMOT,25,TAMOT,DCT,RULAD,CN,2605
CN-2605-SGMRK-G470-TAMOT,26,RULAD,A343,POSOT,CN,2605
CN-2605-SGMRK-G470-TAMOT,27,POSOT,B215,FKG,CN,2605
CN-2605-SGMRK-G470-TAMOT,28,FKG,W192,ESDEX,CN,2605
CN-2605-SGMRK-G470-TAMOT,29,ESDEX,W191,DNC,CN,2605
CN-2605-SGMRK-G470-TAMOT,30,DNC,W565,BIGUX,CN,2605
CN-2605-SGMRK-G470-TAMOT,31,BIGUX,B330,KWE,CN,2605
CN-2605-SGMRK-G470-TAMOT,32,KWE,W181,DUDIT,CN,2605
CN-2605-SGMRK-G470-TAMOT,33,DUDIT,A599,POU,CN,2605
CN-2605-SGMRK-G470-TAMOT,34,POU,B330,TAMOT,CN,2605
CN-2605-SGMRK-G470-TAMOT,35,TAMOT,DCT,KAMUD,CN,2605
CN-2605-SGMRK-G470-TAMOT,36,KAMUD,A468,XKC,CN,2605
CN-2605-SGMRK-G470-TAMOT,37,XKC,B215,FKG,CN,2605
CN-2605-SGMRK-G470-TAMOT,38,FKG,W192,ESDEX,CN,2605
CN-2605-SGMRK-G470-TAMOT,39,ESDEX,W191,DNC,CN,2605
CN-2605-SGMRK-G470-TAMOT,40,DNC,W565,BIGUX,CN,2605
CN-2605-SGMRK-G470-TAMOT,41,BIGUX,B330,KWE,CN,2605
CN-2605-SGMRK-G470-TAMOT,42,KWE,W181,DUDIT,CN,2605
CN-2605-SGMRK-G470-TAMOT,43,DUDIT,A599,POU,CN,2605
CN-2605-SGMRK-G470-TAMOT,44,POU,B330,TAMOT,CN,2605
CN-2605-SGMRK-G470-VHHH,1,SARIN,A368,FKG,CN,2605
CN-2605-SGMRK-G470-VHHH,2,FKG,W192,ESDEX,CN,2605
CN-2605-SGMRK-G470-VHHH,3,ESDEX,W191,DNC,CN,2605
CN-2605-SGMRK-G470-VHHH,4,DNC,W565,BIGUX,CN,2605
CN-2605-SGMRK-G470-VHHH,5,BIGUX,B330,KWE,CN,2605
CN-2605-SGMRK-G470-VHHH,6,KWE,W181,DUDIT,CN,2605
CN-2605-SGMRK-G470-VHHH,7,DUDIT,A599,POU,CN,2605
CN-2605-SGMRK-G470-VHHH,8,POU,R473,SIERA,CN,2605
CN-2605-SGMRK-G470-VHHH,9,SIERA,DCT,GOPTO,CN,2605
CN-2605-SGMRK-G470-VHHH,10,GOPTO,B206,ADPET,CN,2605
CN-2605-SGMRK-G470-VHHH,11,ADPET,W188,DAKPA,CN,2605
CN-2605-SGMRK-G470-VHHH,12,DAKPA,W189,AKLAS,CN,2605
CN-2605-SGMRK-G470-VHHH,13,AKLAS,W192,ESDEX,CN,2605
CN-2605-SGMRK-G470-VHHH,14,ESDEX,W191,DNC,CN,2605
CN-2605-SGMRK-G470-VHHH,15,DNC,W565,BIGUX,CN,2605
CN-2605-SGMRK-G470-VHHH,16,BIGUX,B330,KWE,CN,2605
CN-2605-SGMRK-G470-VHHH,17,KWE,W181,DUDIT,CN,2605
CN-2605-SGMRK-G470-VHHH,18,DUDIT,A599,POU,CN,2605
CN-2605-SGMRK-G470-VHHH,19,POU,R473,SIERA,CN,2605
CN-2605-SGMRK-G470-VHHH,20,SIERA,DCT,MORIT,CN,2605
CN-2605-SGMRK-G470-VHHH,21,MORIT,B330,KWE,CN,2605
CN-2605-SGMRK-G470-VHHH,22,KWE,W181,DUDIT,CN,2605
CN-2605-SGMRK-G470-VHHH,23,DUDIT,A599,POU,CN,2605
CN-2605-SGMRK-G470-VHHH,24,POU,R473,SIERA,CN,2605
CN-2605-SGMRK-G470-VHHH,25,SIERA,DCT,RULAD,CN,2605
CN-2605-SGMRK-G470-VHHH,26,RULAD,A343,POSOT,CN,2605
CN-2605-SGMRK-G470-VHHH,27,POSOT,B215,FKG,CN,2605
CN-2605-SGMRK-G470-VHHH,28,FKG,W192,ESDEX,CN,2605
CN-2605-SGMRK-G470-VHHH,29,ESDEX,W191,DNC,CN,2605
CN-2605-SGMRK-G470-VHHH,30,DNC,W565,BIGUX,CN,2605
CN-2605-SGMRK-G470-VHHH,31,BIGUX,B330,KWE,CN,2605
CN-2605-SGMRK-G470-VHHH,32,KWE,W181,DUDIT,CN,2605
CN-2605-SGMRK-G470-VHHH,33,DUDIT,A599,POU,CN,2605
CN-2605-SGMRK-G470-VHHH,34,POU,R473,SIERA,CN,2605
CN-2605-SGMRK-G470-VHHH,35,SIERA,DCT,KAMUD,CN,2605
CN-2605-SGMRK-G470-VHHH,36,KAMUD,A468,XKC,CN,2605
CN-2605-SGMRK-G470-VHHH,37,XKC,B215,FKG,CN,2605
CN-2605-SGMRK-G470-VHHH,38,FKG,W192,ESDEX,CN,2605
CN-2605-SGMRK-G470-VHHH,39,ESDEX,W191,DNC,CN,2605
CN-2605-SGMRK-G470-VHHH,40,DNC,W565,BIGUX,CN,2605
CN-2605-SGMRK-G470-VHHH,41,BIGUX,B330,KWE,CN,2605
CN-2605-SGMRK-G470-VHHH,42,KWE,W181,DUDIT,CN,2605
CN-2605-SGMRK-G470-VHHH,43,DUDIT,A599,POU,CN,2605
CN-2605-SGMRK-G470-VHHH,44,POU,R473,SIERA,CN,2605
CN-2605-SGMRK-G470/L888-TAMOT,1,SARIN,A368,FKG,CN,2605
CN-2605-SGMRK-G470/L888-TAMOT,2,FKG,W192,ESDEX,CN,2605
CN-2605-SGMRK-G470/L888-TAMOT,3,ESDEX,W191,DNC,CN,2605
CN-2605-SGMRK-G470/L888-TAMOT,4,DNC,W565,BIGUX,CN,2605
CN-2605-SGMRK-G470/L888-TAMOT,5,BIGUX,B330,KWE,CN,2605
CN-2605-SGMRK-G470/L888-TAMOT,6,KWE,W181,DUDIT,CN,2605
CN-2605-SGMRK-G470/L888-TAMOT,7,DUDIT,A599,POU,CN,2605
CN-2605-SGMRK-G470/L888-TAMOT,8,POU,B330,TAMOT,CN,2605
CN-2605-SGMRK-G470/L888-TAMOT,9,TAMOT,DCT,GOPTO,CN,2605
CN-2605-SGMRK-G470/L888-TAMOT,10,GOPTO,B206,ADPET,CN,2605
CN-2605-SGMRK-G470/L888-TAMOT,11,ADPET,W188,DAKPA,CN,2605
CN-2605-SGMRK-G470/L888-TAMOT,12,DAKPA,W189,AKLAS,CN,2605
CN-2605-SGMRK-G470/L888-TAMOT,13,AKLAS,W192,ESDEX,CN,2605
CN-2605-SGMRK-G470/L888-TAMOT,14,ESDEX,W191,DNC,CN,2605
CN-2605-SGMRK-G470/L888-TAMOT,15,DNC,W565,BIGUX,CN,2605
CN-2605-SGMRK-G470/L888-TAMOT,16,BIGUX,B330,KWE,CN,2605
CN-2605-SGMRK-G470/L888-TAMOT,17,KWE,W181,DUDIT,CN,2605
CN-2605-SGMRK-G470/L888-TAMOT,18,DUDIT,A599,POU,CN,2605
CN-2605-SGMRK-G470/L888-TAMOT,19,POU,B330,TAMOT,CN,2605
CN-2605-SGMRK-G470/L888-TAMOT,20,TAMOT,DCT,MORIT,CN,2605
CN-2605-SGMRK-G470/L888-TAMOT,21,MORIT,B330,KWE,CN,2605
CN-2605-SGMRK-G470/L888-TAMOT,22,KWE,W181,DUDIT,CN,2605
CN-2605-SGMRK-G470/L888-TAMOT,23,DUDIT,A599,POU,CN,2605
CN-2605-SGMRK-G470/L888-TAMOT,24,POU,B330,TAMOT,CN,2605
CN-2605-SGMRK-G470/L888-TAMOT,25,TAMOT,DCT,RULAD,CN,2605
CN-2605-SGMRK-G470/L888-TAMOT,26,RULAD,A460,XKC,CN,2605
CN-2605-SGMRK-G470/L888-TAMOT,27,XKC,L888,BIGOR,CN,2605
CN-2605-SGMRK-G470/L888-TAMOT,28,BIGOR,W9,CZH,CN,2605
CN-2605-SGMRK-G470/L888-TAMOT,29,CZH,B213,CTU,CN,2605
CN-2605-SGMRK-G470/L888-TAMOT,30,CTU,W237,IDBOR,CN,2605
CN-2605-SGMRK-G470/L888-TAMOT,31,IDBOR,B330,KWE,CN,2605
CN-2605-SGMRK-G470/L888-TAMOT,32,KWE,W181,DUDIT,CN,2605
CN-2605-SGMRK-G470/L888-TAMOT,33,DUDIT,A599,POU,CN,2605
CN-2605-SGMRK-G470/L888-TAMOT,34,POU,B330,TAMOT,CN,2605
CN-2605-SGMRK-G470/L888-TAMOT,35,TAMOT,DCT,KAMUD,CN,2605
CN-2605-SGMRK-G470/L888-TAMOT,36,KAMUD,W186,SADAN,CN,2605
CN-2605-SGMRK-G470/L888-TAMOT,37,SADAN,Y1,OMBON,CN,2605
CN-2605-SGMRK-G470/L888-TAMOT,38,OMBON,W245,OVRAL,CN,2605
CN-2605-SGMRK-G470/L888-TAMOT,39,OVRAL,B330,KWE,CN,2605
CN-2605-SGMRK-G470/L888-TAMOT,40,KWE,W181,DUDIT,CN,2605
CN-2605-SGMRK-G470/L888-TAMOT,41,DUDIT,A599,POU,CN,2605
CN-2605-SGMRK-G470/L888-TAMOT,42,POU,B330,TAMOT,CN,2605
CN-2605-SGMRK-G470/L888-VHHH,1,SARIN,A368,FKG,CN,2605
CN-2605-SGMRK-G470/L888-VHHH,2,FKG,W192,ESDEX,CN,2605
CN-2605-SGMRK-G470/L888-VHHH,3,ESDEX,W191,DNC,CN,2605
CN-2605-SGMRK-G470/L888-VHHH,4,DNC,W565,BIGUX,CN,2605
CN-2605-SGMRK-G470/L888-VHHH,5,BIGUX,B330,KWE,CN,2605
CN-2605-SGMRK-G470/L888-VHHH,6,KWE,W181,DUDIT,CN,2605
CN-2605-SGMRK-G470/L888-VHHH,7,DUDIT,A599,POU,CN,2605
CN-2605-SGMRK-G470/L888-VHHH,8,POU,R473,SIERA,CN,2605
CN-2605-SGMRK-G470/L888-VHHH,9,SIERA,DCT,GOPTO,CN,2605
CN-2605-SGMRK-G470/L888-VHHH,10,GOPTO,B206,ADPET,CN,2605
CN-2605-SGMRK-G470/L888-VHHH,11,ADPET,W188,DAKPA,CN,2605
CN-2605-SGMRK-G470/L888-VHHH,12,DAKPA,W189,AKLAS,CN,2605
CN-2605-SGMRK-G470/L888-VHHH,13,AKLAS,W192,ESDEX,CN,2605
CN-2605-SGMRK-G470/L888-VHHH,14,ESDEX,W191,DNC,CN,2605
CN-2605-SGMRK-G470/L888-VHHH,15,DNC,W565,BIGUX,CN,2605
CN-2605-SGMRK-G470/L888-VHHH,16,BIGUX,B330,KWE,CN,2605
CN-2605-SGMRK-G470/L888-VHHH,17,KWE,W181,DUDIT,CN,2605
CN-2605-SGMRK-G470/L888-VHHH,18,DUDIT,A599,POU,CN,2605
CN-2605-SGMRK-G470/L888-VHHH,19,POU,R473,SIERA,CN,2605
CN-2605-SGMRK-G470/L888-VHHH,20,SIERA,DCT,MORIT,CN,2605
CN-2605-SGMRK-G470/L888-VHHH,21,MORIT,B330,KWE,CN,2605
CN-2605-SGMRK-G470/L888-VHHH,22,KWE,W181,DUDIT,CN,2605
CN-2605-SGMRK-G470/L888-VHHH,23,DUDIT,A599,POU,CN,2605
CN-2605-SGMRK-G470/L888-VHHH,24,POU,R473,SIERA,CN,2605
CN-2605-SGMRK-G470/L888-VHHH,25,SIERA,DCT,RULAD,CN,2605
CN-2605-SGMRK-G470/L888-VHHH,26,RULAD,A460,XKC,CN,2605
CN-2605-SGMRK-G470/L888-VHHH,27,XKC,L888,BIGOR,CN,2605
CN-2605-SGMRK-G470/L888-VHHH,28,BIGOR,W9,CZH,CN,2605
CN-2605-SGMRK-G470/L888-VHHH,29,CZH,B213,CTU,CN,2605
CN-2605-SGMRK-G470/L888-VHHH,30,CTU,W237,IDBOR,CN,2605
CN-2605-SGMRK-G470/L888-VHHH,31,IDBOR,B330,KWE,CN,2605
CN-2605-SGMRK-G470/L888-VHHH,32,KWE,W181,DUDIT,CN,2605
CN-2605-SGMRK-G470/L888-VHHH,33,DUDIT,A599,POU,CN,2605
CN-2605-SGMRK-G470/L888-VHHH,34,POU,R473,SIERA,CN,2605
CN-2605-SGMRK-G470/L888-VHHH,35,SIERA,DCT,KAMUD,CN,2605
CN-2605-SGMRK-G470/L888-VHHH,36,KAMUD,W186,SADAN,CN,2605
CN-2605-SGMRK-G470/L888-VHHH,37,SADAN,Y1,OMBON,CN,2605
CN-2605-SGMRK-G470/L888-VHHH,38,OMBON,W245,OVRAL,CN,2605
CN-2605-SGMRK-G470/L888-VHHH,39,OVRAL,B330,KWE,CN,2605
CN-2605-SGMRK-G470/L888-VHHH,40,KWE,W181,DUDIT,CN,2605
CN-2605-SGMRK-G470/L888-VHHH,41,DUDIT,A599,POU,CN,2605
CN-2605-SGMRK-G470/L888-VHHH,42,POU,R473,SIERA,CN,2605
CN-2605-SGMRK-G470/Y1-TAMOT,1,SARIN,A368,FKG,CN,2605
CN-2605-SGMRK-G470/Y1-TAMOT,2,FKG,W192,ESDEX,CN,2605
CN-2605-SGMRK-G470/Y1-TAMOT,3,ESDEX,W191,DNC,CN,2605
CN-2605-SGMRK-G470/Y1-TAMOT,4,DNC,W565,BIGUX,CN,2605
CN-2605-SGMRK-G470/Y1-TAMOT,5,BIGUX,B330,KWE,CN,2605
CN-2605-SGMRK-G470/Y1-TAMOT,6,KWE,W181,DUDIT,CN,2605
CN-2605-SGMRK-G470/Y1-TAMOT,7,DUDIT,A599,POU,CN,2605
CN-2605-SGMRK-G470/Y1-TAMOT,8,POU,B330,TAMOT,CN,2605
CN-2605-SGMRK-G470/Y1-TAMOT,9,TAMOT,DCT,GOPTO,CN,2605
CN-2605-SGMRK-G470/Y1-TAMOT,10,GOPTO,B206,ADPET,CN,2605
CN-2605-SGMRK-G470/Y1-TAMOT,11,ADPET,W188,DAKPA,CN,2605
CN-2605-SGMRK-G470/Y1-TAMOT,12,DAKPA,W189,AKLAS,CN,2605
CN-2605-SGMRK-G470/Y1-TAMOT,13,AKLAS,W192,ESDEX,CN,2605
CN-2605-SGMRK-G470/Y1-TAMOT,14,ESDEX,W191,DNC,CN,2605
CN-2605-SGMRK-G470/Y1-TAMOT,15,DNC,W565,BIGUX,CN,2605
CN-2605-SGMRK-G470/Y1-TAMOT,16,BIGUX,B330,KWE,CN,2605
CN-2605-SGMRK-G470/Y1-TAMOT,17,KWE,W181,DUDIT,CN,2605
CN-2605-SGMRK-G470/Y1-TAMOT,18,DUDIT,A599,POU,CN,2605
CN-2605-SGMRK-G470/Y1-TAMOT,19,POU,B330,TAMOT,CN,2605
CN-2605-SGMRK-G470/Y1-TAMOT,20,TAMOT,DCT,MORIT,CN,2605
CN-2605-SGMRK-G470/Y1-TAMOT,21,MORIT,B330,KWE,CN,2605
CN-2605-SGMRK-G470/Y1-TAMOT,22,KWE,W181,DUDIT,CN,2605
CN-2605-SGMRK-G470/Y1-TAMOT,23,DUDIT,A599,POU,CN,2605
CN-2605-SGMRK-G470/Y1-TAMOT,24,POU,B330,TAMOT,CN,2605
CN-2605-SGMRK-G470/Y1-TAMOT,25,TAMOT,DCT,RULAD,CN,2605
CN-2605-SGMRK-G470/Y1-TAMOT,26,RULAD,A460,XKC,CN,2605
CN-2605-SGMRK-G470/Y1-TAMOT,27,XKC,L888,SADAN,CN,2605
CN-2605-SGMRK-G470/Y1-TAMOT,28,SADAN,Y1,OMBON,CN,2605
CN-2605-SGMRK-G470/Y1-TAMOT,29,OMBON,W245,OVRAL,CN,2605
CN-2605-SGMRK-G470/Y1-TAMOT,30,OVRAL,B330,KWE,CN,2605
CN-2605-SGMRK-G470/Y1-TAMOT,31,KWE,W181,DUDIT,CN,2605
CN-2605-SGMRK-G470/Y1-TAMOT,32,DUDIT,A599,POU,CN,2605
CN-2605-SGMRK-G470/Y1-TAMOT,33,POU,B330,TAMOT,CN,2605
CN-2605-SGMRK-G470/Y1-TAMOT,34,TAMOT,DCT,KAMUD,CN,2605
CN-2605-SGMRK-G470/Y1-TAMOT,35,KAMUD,W186,SADAN,CN,2605
CN-2605-SGMRK-G470/Y1-TAMOT,36,SADAN,Y1,OMBON,CN,2605
CN-2605-SGMRK-G470/Y1-TAMOT,37,OMBON,W245,OVRAL,CN,2605
CN-2605-SGMRK-G470/Y1-TAMOT,38,OVRAL,B330,KWE,CN,2605
CN-2605-SGMRK-G470/Y1-TAMOT,39,KWE,W181,DUDIT,CN,2605
CN-2605-SGMRK-G470/Y1-TAMOT,40,DUDIT,A599,POU,CN,2605
CN-2605-SGMRK-G470/Y1-TAMOT,41,POU,B330,TAMOT,CN,2605
CN-2605-SGMRK-G470/Y1-VHHH,1,SARIN,A368,FKG,CN,2605
CN-2605-SGMRK-G470/Y1-VHHH,2,FKG,W192,ESDEX,CN,2605
CN-2605-SGMRK-G470/Y1-VHHH,3,ESDEX,W191,DNC,CN,2605
CN-2605-SGMRK-G470/Y1-VHHH,4,DNC,W565,BIGUX,CN,2605
CN-2605-SGMRK-G470/Y1-VHHH,5,BIGUX,B330,KWE,CN,2605
CN-2605-SGMRK-G470/Y1-VHHH,6,KWE,W181,DUDIT,CN,2605
CN-2605-SGMRK-G470/Y1-VHHH,7,DUDIT,A599,POU,CN,2605
CN-2605-SGMRK-G470/Y1-VHHH,8,POU,R473,SIERA,CN,2605
CN-2605-SGMRK-G470/Y1-VHHH,9,SIERA,DCT,GOPTO,CN,2605
CN-2605-SGMRK-G470/Y1-VHHH,10,GOPTO,B206,ADPET,CN,2605
CN-2605-SGMRK-G470/Y1-VHHH,11,ADPET,W188,DAKPA,CN,2605
CN-2605-SGMRK-G470/Y1-VHHH,12,DAKPA,W189,AKLAS,CN,2605
CN-2605-SGMRK-G470/Y1-VHHH,13,AKLAS,W192,ESDEX,CN,2605
CN-2605-SGMRK-G470/Y1-VHHH,14,ESDEX,W191,DNC,CN,2605
CN-2605-SGMRK-G470/Y1-VHHH,15,DNC,W565,BIGUX,CN,2605
CN-2605-SGMRK-G470/Y1-VHHH,16,BIGUX,B330,KWE,CN,2605
CN-2605-SGMRK-G470/Y1-VHHH,17,KWE,W181,DUDIT,CN,2605
CN-2605-SGMRK-G470/Y1-VHHH,18,DUDIT,A599,POU,CN,2605
CN-2605-SGMRK-G470/Y1-VHHH,19,POU,R473,SIERA,CN,2605
CN-2605-SGMRK-G470/Y1-VHHH,20,SIERA,DCT,MORIT,CN,2605
CN-2605-SGMRK-G470/Y1-VHHH,21,MORIT,B330,KWE,CN,2605
CN-2605-SGMRK-G470/Y1-VHHH,22,KWE,W181,DUDIT,CN,2605
CN-2605-SGMRK-G470/Y1-VHHH,23,DUDIT,A599,POU,CN,2605
CN-2605-SGMRK-G470/Y1-VHHH,24,POU,R473,SIERA,CN,2605
CN-2605-SGMRK-G470/Y1-VHHH,25,SIERA,DCT,RULAD,CN,2605
CN-2605-SGMRK-G470/Y1-VHHH,26,RULAD,A460,XKC,CN,2605
CN-2605-SGMRK-G470/Y1-VHHH,27,XKC,L888,SADAN,CN,2605
CN-2605-SGMRK-G470/Y1-VHHH,28,SADAN,Y1,OMBON,CN,2605
CN-2605-SGMRK-G470/Y1-VHHH,29,OMBON,W245,OVRAL,CN,2605
CN-2605-SGMRK-G470/Y1-VHHH,30,OVRAL,B330,KWE,CN,2605
CN-2605-SGMRK-G470/Y1-VHHH,31,KWE,W181,DUDIT,CN,2605
CN-2605-SGMRK-G470/Y1-VHHH,32,DUDIT,A599,POU,CN,2605
CN-2605-SGMRK-G470/Y1-VHHH,33,POU,R473,SIERA,CN,2605
CN-2605-SGMRK-G470/Y1-VHHH,34,SIERA,DCT,KAMUD,CN,2605
CN-2605-SGMRK-G470/Y1-VHHH,35,KAMUD,W186,SADAN,CN,2605
CN-2605-SGMRK-G470/Y1-VHHH,36,SADAN,Y1,OMBON,CN,2605
CN-2605-SGMRK-G470/Y1-VHHH,37,OMBON,W245,OVRAL,CN,2605
CN-2605-SGMRK-G470/Y1-VHHH,38,OVRAL,B330,KWE,CN,2605
CN-2605-SGMRK-G470/Y1-VHHH,39,KWE,W181,DUDIT,CN,2605
CN-2605-SGMRK-G470/Y1-VHHH,40,DUDIT,A599,POU,CN,2605
CN-2605-SGMRK-G470/Y1-VHHH,41,POU,R473,SIERA,CN,2605
CN-2605-SGMRN-G470-TAMOT,1,SARIN,A368,FKG,CN,2605
CN-2605-SGMRN-G470-TAMOT,2,FKG,W192,ESDEX,CN,2605
CN-2605-SGMRN-G470-TAMOT,3,ESDEX,W191,DNC,CN,2605
CN-2605-SGMRN-G470-TAMOT,4,DNC,W565,BIGUX,CN,2605
CN-2605-SGMRN-G470-TAMOT,5,BIGUX,B330,KWE,CN,2605
CN-2605-SGMRN-G470-TAMOT,6,KWE,W181,DUDIT,CN,2605
CN-2605-SGMRN-G470-TAMOT,7,DUDIT,A599,POU,CN,2605
CN-2605-SGMRN-G470-TAMOT,8,POU,B330,TAMOT,CN,2605
CN-2605-SGMRN-G470-TAMOT,9,TAMOT,DCT,GOPTO,CN,2605
CN-2605-SGMRN-G470-TAMOT,10,GOPTO,B206,ADPET,CN,2605
CN-2605-SGMRN-G470-TAMOT,11,ADPET,W188,DAKPA,CN,2605
CN-2605-SGMRN-G470-TAMOT,12,DAKPA,W189,AKLAS,CN,2605
CN-2605-SGMRN-G470-TAMOT,13,AKLAS,W192,ESDEX,CN,2605
CN-2605-SGMRN-G470-TAMOT,14,ESDEX,W191,DNC,CN,2605
CN-2605-SGMRN-G470-TAMOT,15,DNC,W565,BIGUX,CN,2605
CN-2605-SGMRN-G470-TAMOT,16,BIGUX,B330,KWE,CN,2605
CN-2605-SGMRN-G470-TAMOT,17,KWE,W181,DUDIT,CN,2605
CN-2605-SGMRN-G470-TAMOT,18,DUDIT,A599,POU,CN,2605
CN-2605-SGMRN-G470-TAMOT,19,POU,B330,TAMOT,CN,2605
CN-2605-SGMRN-G470-TAMOT,20,TAMOT,DCT,MORIT,CN,2605
CN-2605-SGMRN-G470-TAMOT,21,MORIT,B330,KWE,CN,2605
CN-2605-SGMRN-G470-TAMOT,22,KWE,W181,DUDIT,CN,2605
CN-2605-SGMRN-G470-TAMOT,23,DUDIT,A599,POU,CN,2605
CN-2605-SGMRN-G470-TAMOT,24,POU,B330,TAMOT,CN,2605
CN-2605-SGMRN-G470-TAMOT,25,TAMOT,DCT,RULAD,CN,2605
CN-2605-SGMRN-G470-TAMOT,26,RULAD,A343,POSOT,CN,2605
CN-2605-SGMRN-G470-TAMOT,27,POSOT,B215,FKG,CN,2605
CN-2605-SGMRN-G470-TAMOT,28,FKG,W192,ESDEX,CN,2605
CN-2605-SGMRN-G470-TAMOT,29,ESDEX,W191,DNC,CN,2605
CN-2605-SGMRN-G470-TAMOT,30,DNC,W565,BIGUX,CN,2605
CN-2605-SGMRN-G470-TAMOT,31,BIGUX,B330,KWE,CN,2605
CN-2605-SGMRN-G470-TAMOT,32,KWE,W181,DUDIT,CN,2605
CN-2605-SGMRN-G470-TAMOT,33,DUDIT,A599,POU,CN,2605
CN-2605-SGMRN-G470-TAMOT,34,POU,B330,TAMOT,CN,2605
CN-2605-SGMRN-G470-TAMOT,35,TAMOT,DCT,NIXAL,CN,2605
CN-2605-SGMRN-G470-TAMOT,36,NIXAL,G343,TMR,CN,2605
CN-2605-SGMRN-G470-TAMOT,37,TMR,B458,DADGA,CN,2605
CN-2605-SGMRN-G470-TAMOT,38,DADGA,W37,OMBEB,CN,2605
CN-2605-SGMRN-G470-TAMOT,39,OMBEB,R473,WYN,CN,2605
CN-2605-SGMRN-G470-TAMOT,40,WYN,W18,TAMOT,CN,2605
CN-2605-SGMRN-G470-VHHH,1,SARIN,A368,FKG,CN,2605
CN-2605-SGMRN-G470-VHHH,2,FKG,W192,ESDEX,CN,2605
CN-2605-SGMRN-G470-VHHH,3,ESDEX,W191,DNC,CN,2605
CN-2605-SGMRN-G470-VHHH,4,DNC,W565,BIGUX,CN,2605
CN-2605-SGMRN-G470-VHHH,5,BIGUX,B330,KWE,CN,2605
CN-2605-SGMRN-G470-VHHH,6,KWE,W181,DUDIT,CN,2605
CN-2605-SGMRN-G470-VHHH,7,DUDIT,A599,POU,CN,2605
CN-2605-SGMRN-G470-VHHH,8,POU,R473,SIERA,CN,2605
CN-2605-SGMRN-G470-VHHH,9,SIERA,DCT,GOPTO,CN,2605
CN-2605-SGMRN-G470-VHHH,10,GOPTO,B206,ADPET,CN,2605
CN-2605-SGMRN-G470-VHHH,11,ADPET,W188,DAKPA,CN,2605
CN-2605-SGMRN-G470-VHHH,12,DAKPA,W189,AKLAS,CN,2605
CN-2605-SGMRN-G470-VHHH,13,AKLAS,W192,ESDEX,CN,2605
CN-2605-SGMRN-G470-VHHH,14,ESDEX,W191,DNC,CN,2605
CN-2605-SGMRN-G470-VHHH,15,DNC,W565,BIGUX,CN,2605
CN-2605-SGMRN-G470-VHHH,16,BIGUX,B330,KWE,CN,2605
CN-2605-SGMRN-G470-VHHH,17,KWE,W181,DUDIT,CN,2605
CN-2605-SGMRN-G470-VHHH,18,DUDIT,A599,POU,CN,2605
CN-2605-SGMRN-G470-VHHH,19,POU,R473,SIERA,CN,2605
CN-2605-SGMRN-G470-VHHH,20,SIERA,DCT,MORIT,CN,2605
CN-2605-SGMRN-G470-VHHH,21,MORIT,B330,KWE,CN,2605
CN-2605-SGMRN-G470-VHHH,22,KWE,W181,DUDIT,CN,2605
CN-2605-SGMRN-G470-VHHH,23,DUDIT,A599,POU,CN,2605
CN-2605-SGMRN-G470-VHHH,24,POU,R473,SIERA,CN,2605
CN-2605-SGMRN-G470-VHHH,25,SIERA,DCT,RULAD,CN,2605
CN-2605-SGMRN-G470-VHHH,26,RULAD,A343,POSOT,CN,2605
CN-2605-SGMRN-G470-VHHH,27,POSOT,B215,FKG,CN,2605
CN-2605-SGMRN-G470-VHHH,28,FKG,W192,ESDEX,CN,2605
CN-2605-SGMRN-G470-VHHH,29,ESDEX,W191,DNC,CN,2605
CN-2605-SGMRN-G470-VHHH,30,DNC,W565,BIGUX,CN,2605
CN-2605-SGMRN-G470-VHHH,31,BIGUX,B330,KWE,CN,2605
CN-2605-SGMRN-G470-VHHH,32,KWE,W181,DUDIT,CN,2605
CN-2605-SGMRN-G470-VHHH,33,DUDIT,A599,POU,CN,2605
CN-2605-SGMRN-G470-VHHH,34,POU,R473,SIERA,CN,2605
CN-2605-SGMRN-G470-VHHH,35,SIERA,DCT,NIXAL,CN,2605
CN-2605-SGMRN-G470-VHHH,36,NIXAL,G343,TMR,CN,2605
CN-2605-SGMRN-G470-VHHH,37,TMR,B458,DADGA,CN,2605
CN-2605-SGMRN-G470-VHHH,38,DADGA,W37,OMBEB,CN,2605
CN-2605-SGMRN-G470-VHHH,39,OMBEB,R473,WYN,CN,2605
CN-2605-SGMRN-G470-VHHH,40,WYN,W18,NLG,CN,2605
CN-2605-SGMRN-G470-VHHH,41,NLG,W23,ZUH,CN,2605
CN-2605-SGMRN-G470-VHHH,42,ZUH,R473,SIERA,CN,2605
CN-2605-SGMRN-G470/L888-TAMOT,1,SARIN,A368,FKG,CN,2605
CN-2605-SGMRN-G470/L888-TAMOT,2,FKG,W192,ESDEX,CN,2605
CN-2605-SGMRN-G470/L888-TAMOT,3,ESDEX,W191,DNC,CN,2605
CN-2605-SGMRN-G470/L888-TAMOT,4,DNC,W565,BIGUX,CN,2605
CN-2605-SGMRN-G470/L888-TAMOT,5,BIGUX,B330,KWE,CN,2605
CN-2605-SGMRN-G470/L888-TAMOT,6,KWE,W181,DUDIT,CN,2605
CN-2605-SGMRN-G470/L888-TAMOT,7,DUDIT,A599,POU,CN,2605
CN-2605-SGMRN-G470/L888-TAMOT,8,POU,B330,TAMOT,CN,2605
CN-2605-SGMRN-G470/L888-TAMOT,9,TAMOT,DCT,GOPTO,CN,2605
CN-2605-SGMRN-G470/L888-TAMOT,10,GOPTO,B206,ADPET,CN,2605
CN-2605-SGMRN-G470/L888-TAMOT,11,ADPET,W188,DAKPA,CN,2605
CN-2605-SGMRN-G470/L888-TAMOT,12,DAKPA,W189,AKLAS,CN,2605
CN-2605-SGMRN-G470/L888-TAMOT,13,AKLAS,W192,ESDEX,CN,2605
CN-2605-SGMRN-G470/L888-TAMOT,14,ESDEX,W191,DNC,CN,2605
CN-2605-SGMRN-G470/L888-TAMOT,15,DNC,W565,BIGUX,CN,2605
CN-2605-SGMRN-G470/L888-TAMOT,16,BIGUX,B330,KWE,CN,2605
CN-2605-SGMRN-G470/L888-TAMOT,17,KWE,W181,DUDIT,CN,2605
CN-2605-SGMRN-G470/L888-TAMOT,18,DUDIT,A599,POU,CN,2605
CN-2605-SGMRN-G470/L888-TAMOT,19,POU,B330,TAMOT,CN,2605
CN-2605-SGMRN-G470/L888-TAMOT,20,TAMOT,DCT,MORIT,CN,2605
CN-2605-SGMRN-G470/L888-TAMOT,21,MORIT,B330,KWE,CN,2605
CN-2605-SGMRN-G470/L888-TAMOT,22,KWE,W181,DUDIT,CN,2605
CN-2605-SGMRN-G470/L888-TAMOT,23,DUDIT,A599,POU,CN,2605
CN-2605-SGMRN-G470/L888-TAMOT,24,POU,B330,TAMOT,CN,2605
CN-2605-SGMRN-G470/L888-TAMOT,25,TAMOT,DCT,RULAD,CN,2605
CN-2605-SGMRN-G470/L888-TAMOT,26,RULAD,A460,XKC,CN,2605
CN-2605-SGMRN-G470/L888-TAMOT,27,XKC,L888,BIGOR,CN,2605
CN-2605-SGMRN-G470/L888-TAMOT,28,BIGOR,W9,CZH,CN,2605
CN-2605-SGMRN-G470/L888-TAMOT,29,CZH,B213,CTU,CN,2605
CN-2605-SGMRN-G470/L888-TAMOT,30,CTU,W237,IDBOR,CN,2605
CN-2605-SGMRN-G470/L888-TAMOT,31,IDBOR,B330,KWE,CN,2605
CN-2605-SGMRN-G470/L888-TAMOT,32,KWE,W181,DUDIT,CN,2605
CN-2605-SGMRN-G470/L888-TAMOT,33,DUDIT,A599,POU,CN,2605
CN-2605-SGMRN-G470/L888-TAMOT,34,POU,B330,TAMOT,CN,2605
CN-2605-SGMRN-G470/L888-TAMOT,35,TAMOT,DCT,NIXAL,CN,2605
CN-2605-SGMRN-G470/L888-TAMOT,36,NIXAL,G343,TMR,CN,2605
CN-2605-SGMRN-G470/L888-TAMOT,37,TMR,B458,DADGA,CN,2605
CN-2605-SGMRN-G470/L888-TAMOT,38,DADGA,W37,OMBEB,CN,2605
CN-2605-SGMRN-G470/L888-TAMOT,39,OMBEB,R473,WYN,CN,2605
CN-2605-SGMRN-G470/L888-TAMOT,40,WYN,W18,TAMOT,CN,2605
CN-2605-SGMRN-G470/L888-VHHH,1,SARIN,A368,FKG,CN,2605
CN-2605-SGMRN-G470/L888-VHHH,2,FKG,W192,ESDEX,CN,2605
CN-2605-SGMRN-G470/L888-VHHH,3,ESDEX,W191,DNC,CN,2605
CN-2605-SGMRN-G470/L888-VHHH,4,DNC,W565,BIGUX,CN,2605
CN-2605-SGMRN-G470/L888-VHHH,5,BIGUX,B330,KWE,CN,2605
CN-2605-SGMRN-G470/L888-VHHH,6,KWE,W181,DUDIT,CN,2605
CN-2605-SGMRN-G470/L888-VHHH,7,DUDIT,A599,POU,CN,2605
CN-2605-SGMRN-G470/L888-VHHH,8,POU,R473,SIERA,CN,2605
CN-2605-SGMRN-G470/L888-VHHH,9,SIERA,DCT,GOPTO,CN,2605
CN-2605-SGMRN-G470/L888-VHHH,10,GOPTO,B206,ADPET,CN,2605
CN-2605-SGMRN-G470/L888-VHHH,11,ADPET,W188,DAKPA,CN,2605
CN-2605-SGMRN-G470/L888-VHHH,12,DAKPA,W189,AKLAS,CN,2605
CN-2605-SGMRN-G470/L888-VHHH,13,AKLAS,W192,ESDEX,CN,2605
CN-2605-SGMRN-G470/L888-VHHH,14,ESDEX,W191,DNC,CN,2605
CN-2605-SGMRN-G470/L888-VHHH,15,DNC,W565,BIGUX,CN,2605
CN-2605-SGMRN-G470/L888-VHHH,16,BIGUX,B330,KWE,CN,2605
CN-2605-SGMRN-G470/L888-VHHH,17,KWE,W181,DUDIT,CN,2605
CN-2605-SGMRN-G470/L888-VHHH,18,DUDIT,A599,POU,CN,2605
CN-2605-SGMRN-G470/L888-VHHH,19,POU,R473,SIERA,CN,2605
CN-2605-SGMRN-G470/L888-VHHH,20,SIERA,DCT,MORIT,CN,2605
CN-2605-SGMRN-G470/L888-VHHH,21,MORIT,B330,KWE,CN,2605
CN-2605-SGMRN-G470/L888-VHHH,22,KWE,W181,DUDIT,CN,2605
CN-2605-SGMRN-G470/L888-VHHH,23,DUDIT,A599,POU,CN,2605
CN-2605-SGMRN-G470/L888-VHHH,24,POU,R473,SIERA,CN,2605
CN-2605-SGMRN-G470/L888-VHHH,25,SIERA,DCT,RULAD,CN,2605
CN-2605-SGMRN-G470/L888-VHHH,26,RULAD,A460,XKC,CN,2605
CN-2605-SGMRN-G470/L888-VHHH,27,XKC,L888,BIGOR,CN,2605
CN-2605-SGMRN-G470/L888-VHHH,28,BIGOR,W9,CZH,CN,2605
CN-2605-SGMRN-G470/L888-VHHH,29,CZH,B213,CTU,CN,2605
CN-2605-SGMRN-G470/L888-VHHH,30,CTU,W237,IDBOR,CN,2605
CN-2605-SGMRN-G470/L888-VHHH,31,IDBOR,B330,KWE,CN,2605
CN-2605-SGMRN-G470/L888-VHHH,32,KWE,W181,DUDIT,CN,2605
CN-2605-SGMRN-G470/L888-VHHH,33,DUDIT,A599,POU,CN,2605
CN-2605-SGMRN-G470/L888-VHHH,34,POU,R473,SIERA,CN,2605
CN-2605-SGMRN-G470/L888-VHHH,35,SIERA,DCT,NIXAL,CN,2605
CN-2605-SGMRN-G470/L888-VHHH,36,NIXAL,G343,TMR,CN,2605
CN-2605-SGMRN-G470/L888-VHHH,37,TMR,B458,DADGA,CN,2605
CN-2605-SGMRN-G470/L888-VHHH,38,DADGA,W37,OMBEB,CN,2605
CN-2605-SGMRN-G470/L888-VHHH,39,OMBEB,R473,WYN,CN,2605
CN-2605-SGMRN-G470/L888-VHHH,40,WYN,W18,NLG,CN,2605
CN-2605-SGMRN-G470/L888-VHHH,41,NLG,W23,ZUH,CN,2605
CN-2605-SGMRN-G470/L888-VHHH,42,ZUH,R473,SIERA,CN,2605
CN-2605-SGMRN-G470/Y1-TAMOT,1,SARIN,A368,FKG,CN,2605
CN-2605-SGMRN-G470/Y1-TAMOT,2,FKG,W192,ESDEX,CN,2605
CN-2605-SGMRN-G470/Y1-TAMOT,3,ESDEX,W191,DNC,CN,2605
CN-2605-SGMRN-G470/Y1-TAMOT,4,DNC,W565,BIGUX,CN,2605
CN-2605-SGMRN-G470/Y1-TAMOT,5,BIGUX,B330,KWE,CN,2605
CN-2605-SGMRN-G470/Y1-TAMOT,6,KWE,W181,DUDIT,CN,2605
CN-2605-SGMRN-G470/Y1-TAMOT,7,DUDIT,A599,POU,CN,2605
CN-2605-SGMRN-G470/Y1-TAMOT,8,POU,B330,TAMOT,CN,2605
CN-2605-SGMRN-G470/Y1-TAMOT,9,TAMOT,DCT,GOPTO,CN,2605
CN-2605-SGMRN-G470/Y1-TAMOT,10,GOPTO,B206,ADPET,CN,2605
CN-2605-SGMRN-G470/Y1-TAMOT,11,ADPET,W188,DAKPA,CN,2605
CN-2605-SGMRN-G470/Y1-TAMOT,12,DAKPA,W189,AKLAS,CN,2605
CN-2605-SGMRN-G470/Y1-TAMOT,13,AKLAS,W192,ESDEX,CN,2605
CN-2605-SGMRN-G470/Y1-TAMOT,14,ESDEX,W191,DNC,CN,2605
CN-2605-SGMRN-G470/Y1-TAMOT,15,DNC,W565,BIGUX,CN,2605
CN-2605-SGMRN-G470/Y1-TAMOT,16,BIGUX,B330,KWE,CN,2605
CN-2605-SGMRN-G470/Y1-TAMOT,17,KWE,W181,DUDIT,CN,2605
CN-2605-SGMRN-G470/Y1-TAMOT,18,DUDIT,A599,POU,CN,2605
CN-2605-SGMRN-G470/Y1-TAMOT,19,POU,B330,TAMOT,CN,2605
CN-2605-SGMRN-G470/Y1-TAMOT,20,TAMOT,DCT,MORIT,CN,2605
CN-2605-SGMRN-G470/Y1-TAMOT,21,MORIT,B330,KWE,CN,2605
CN-2605-SGMRN-G470/Y1-TAMOT,22,KWE,W181,DUDIT,CN,2605
CN-2605-SGMRN-G470/Y1-TAMOT,23,DUDIT,A599,POU,CN,2605
CN-2605-SGMRN-G470/Y1-TAMOT,24,POU,B330,TAMOT,CN,2605
CN-2605-SGMRN-G470/Y1-TAMOT,25,TAMOT,DCT,RULAD,CN,2605
CN-2605-SGMRN-G470/Y1-TAMOT,26,RULAD,A460,XKC,CN,2605
CN-2605-SGMRN-G470/Y1-TAMOT,27,XKC,L888,SADAN,CN,2605
CN-2605-SGMRN-G470/Y1-TAMOT,28,SADAN,Y1,OMBON,CN,2605
CN-2605-SGMRN-G470/Y1-TAMOT,29,OMBON,W245,OVRAL,CN,2605
CN-2605-SGMRN-G470/Y1-TAMOT,30,OVRAL,B330,KWE,CN,2605
CN-2605-SGMRN-G470/Y1-TAMOT,31,KWE,W181,DUDIT,CN,2605
CN-2605-SGMRN-G470/Y1-TAMOT,32,DUDIT,A599,POU,CN,2605
CN-2605-SGMRN-G470/Y1-TAMOT,33,POU,B330,TAMOT,CN,2605
CN-2605-SGMRN-G470/Y1-TAMOT,34,TAMOT,DCT,NIXAL,CN,2605
CN-2605-SGMRN-G470/Y1-TAMOT,35,NIXAL,G343,TMR,CN,2605
CN-2605-SGMRN-G470/Y1-TAMOT,36,TMR,B458,DADGA,CN,2605
CN-2605-SGMRN-G470/Y1-TAMOT,37,DADGA,W37,OMBEB,CN,2605
CN-2605-SGMRN-G470/Y1-TAMOT,38,OMBEB,R473,WYN,CN,2605
CN-2605-SGMRN-G470/Y1-TAMOT,39,WYN,W18,TAMOT,CN,2605
CN-2605-SGMRN-G470/Y1-VHHH,1,SARIN,A368,FKG,CN,2605
CN-2605-SGMRN-G470/Y1-VHHH,2,FKG,W192,ESDEX,CN,2605
CN-2605-SGMRN-G470/Y1-VHHH,3,ESDEX,W191,DNC,CN,2605
CN-2605-SGMRN-G470/Y1-VHHH,4,DNC,W565,BIGUX,CN,2605
CN-2605-SGMRN-G470/Y1-VHHH,5,BIGUX,B330,KWE,CN,2605
CN-2605-SGMRN-G470/Y1-VHHH,6,KWE,W181,DUDIT,CN,2605
CN-2605-SGMRN-G470/Y1-VHHH,7,DUDIT,A599,POU,CN,2605
CN-2605-SGMRN-G470/Y1-VHHH,8,POU,R473,SIERA,CN,2605
CN-2605-SGMRN-G470/Y1-VHHH,9,SIERA,DCT,GOPTO,CN,2605
CN-2605-SGMRN-G470/Y1-VHHH,10,GOPTO,B206,ADPET,CN,2605
CN-2605-SGMRN-G470/Y1-VHHH,11,ADPET,W188,DAKPA,CN,2605
CN-2605-SGMRN-G470/Y1-VHHH,12,DAKPA,W189,AKLAS,CN,2605
CN-2605-SGMRN-G470/Y1-VHHH,13,AKLAS,W192,ESDEX,CN,2605
CN-2605-SGMRN-G470/Y1-VHHH,14,ESDEX,W191,DNC,CN,2605
CN-2605-SGMRN-G470/Y1-VHHH,15,DNC,W565,BIGUX,CN,2605
CN-2605-SGMRN-G470/Y1-VHHH,16,BIGUX,B330,KWE,CN,2605
CN-2605-SGMRN-G470/Y1-VHHH,17,KWE,W181,DUDIT,CN,2605
CN-2605-SGMRN-G470/Y1-VHHH,18,DUDIT,A599,POU,CN,2605
CN-2605-SGMRN-G470/Y1-VHHH,19,POU,R473,SIERA,CN,2605
CN-2605-SGMRN-G470/Y1-VHHH,20,SIERA,DCT,MORIT,CN,2605
CN-2605-SGMRN-G470/Y1-VHHH,21,MORIT,B330,KWE,CN,2605
CN-2605-SGMRN-G470/Y1-VHHH,22,KWE,W181,DUDIT,CN,2605
CN-2605-SGMRN-G470/Y1-VHHH,23,DUDIT,A599,POU,CN,2605
CN-2605-SGMRN-G470/Y1-VHHH,24,POU,R473,SIERA,CN,2605
CN-2605-SGMRN-G470/Y1-VHHH,25,SIERA,DCT,RULAD,CN,2605
CN-2605-SGMRN-G470/Y1-VHHH,26,RULAD,A460,XKC,CN,2605
CN-2605-SGMRN-G470/Y1-VHHH,27,XKC,L888,SADAN,CN,2605
CN-2605-SGMRN-G470/Y1-VHHH,28,SADAN,Y1,OMBON,CN,2605
CN-2605-SGMRN-G470/Y1-VHHH,29,OMBON,W245,OVRAL,CN,2605
CN-2605-SGMRN-G470/Y1-VHHH,30,OVRAL,B330,KWE,CN,2605
CN-2605-SGMRN-G470/Y1-VHHH,31,KWE,W181,DUDIT,CN,2605
CN-2605-SGMRN-G470/Y1-VHHH,32,DUDIT,A599,POU,CN,2605
CN-2605-SGMRN-G470/Y1-VHHH,33,POU,R473,SIERA,CN,2605
CN-2605-SGMRN-G470/Y1-VHHH,34,SIERA,DCT,NIXAL,CN,2605
CN-2605-SGMRN-G470/Y1-VHHH,35,NIXAL,G343,TMR,CN,2605
CN-2605-SGMRN-G470/Y1-VHHH,36,TMR,B458,DADGA,CN,2605
CN-2605-SGMRN-G470/Y1-VHHH,37,DADGA,W37,OMBEB,CN,2605
CN-2605-SGMRN-G470/Y1-VHHH,38,OMBEB,R473,WYN,CN,2605
CN-2605-SGMRN-G470/Y1-VHHH,39,WYN,W18,NLG,CN,2605
CN-2605-SGMRN-G470/Y1-VHHH,40,NLG,W23,ZUH,CN,2605
CN-2605-SGMRN-G470/Y1-VHHH,41,ZUH,R473,SIERA,CN,2605
CN-2605-SIKOU-ASSAD,1,SIKOU,A202,ASSAD,CN,2605
CN-2605-SIKOU-LINSO,1,SIKOU,R339,BSE,CN,2605
CN-2605-SIKOU-LINSO,2,BSE,A599,LINSO,CN,2605
CN-2605-SIKOU-SARIN,1,SIKOU,R339,BSE,CN,2605
CN-2605-SIKOU-SARIN,2,BSE,A599,SGM,CN,2605
CN-2605-SIKOU-SARIN,3,SGM,W144,IGNAK,CN,2605
CN-2605-SIKOU-SARIN,4,IGNAK,W179,OMBON,CN,2605
CN-2605-SIKOU-SARIN,5,OMBON,W195,IDOPA,CN,2605
CN-2605-SIKOU-SARIN,6,IDOPA,W197,ANDIM,CN,2605
CN-2605-SIKOU-SARIN,7,ANDIM,B215,IBANO,CN,2605
CN-2605-SIKOU-SARIN,8,IBANO,G470,AKLAS,CN,2605
CN-2605-SIKOU-SARIN,9,AKLAS,W192,FKG,CN,2605
CN-2605-SIKOU-SARIN,10,FKG,A368,SARIN,CN,2605
CN-2605-SIKOU-TEBAK,1,SIKOU,R339,WUY,CN,2605
CN-2605-SIKOU-TEBAK,2,WUY,R474,TEBAK,CN,2605
CN-2605-SIKOU-ZGNN-01,1,SIKOU,R339,WUY,CN,2605
CN-2605-SIKOU-ZJHK-01,1,SIKOU,A202,ISBIG,CN,2605
CN-2605-SIKOU-ZJHK-01,2,ISBIG,W605,DOMGO,CN,2605
CN-2605-SIKOU-ZJSY-01,1,SIKOU,A202,SAMAS,CN,2605
CN-2605-SIKOU-ZJSY-01,2,SAMAS,G221,WL,CN,2605
CN-2605-SIKOU-ZPPP-01,1,SIKOU,R339,BSE,CN,2605
CN-2605-SIKOU-ZPPP-01,2,BSE,A599,LXI,CN,2605
CN-2605-SIMLI-AGAVO,1,SIMLI,A588,CHI,CN,2605
CN-2605-SIMLI-AGAVO,2,CHI,W107,SANKO,CN,2605
CN-2605-SIMLI-AGAVO,3,SANKO,A326,DONVO,CN,2605
CN-2605-SIMLI-AGAVO,4,DONVO,G597,AGAVO,CN,2605
CN-2605-SIMLI-TAMOT,1,SIMLI,A588,HRB,CN,2605
CN-2605-SIMLI-TAMOT,2,HRB,G212,VYK,CN,2605
CN-2605-SIMLI-TAMOT,3,VYK,W37,OMBEB,CN,2605
CN-2605-SIMLI-TAMOT,4,OMBEB,R473,WYN,CN,2605
CN-2605-SIMLI-TAMOT,5,WYN,W18,TAMOT,CN,2605
CN-2605-SIMLI-VHHH,1,SIMLI,A588,HRB,CN,2605
CN-2605-SIMLI-VHHH,2,HRB,G212,VYK,CN,2605
CN-2605-SIMLI-VHHH,3,VYK,W37,OMBEB,CN,2605
CN-2605-SIMLI-VHHH,4,OMBEB,R473,WYN,CN,2605
CN-2605-SIMLI-VHHH,5,WYN,W18,NLG,CN,2605
CN-2605-SIMLI-VHHH,6,NLG,W23,ZUH,CN,2605
CN-2605-SIMLI-VHHH,7,ZUH,R473,SIERA,CN,2605
CN-2605-SIMLI-ZBAA-01,1,SIMLI,A588,HRB,CN,2605
CN-2605-SIMLI-ZBAA-01,2,HRB,G212,UKDUM,CN,2605
CN-2605-SIMLI-ZBAA-01,3,UKDUM,W49,OSUBA,CN,2605
CN-2605-SIMLI-ZBAD-01,1,SIMLI,A588,HRB,CN,2605
CN-2605-SIMLI-ZBAD-01,2,HRB,G212,BUMDU,CN,2605
CN-2605-SIMLI-ZBTJ-01,1,SIMLI,A588,VENOS,CN,2605
CN-2605-SIMLI-ZBTJ-01,2,VENOS,W573,DBL,CN,2605
CN-2605-SIMLI-ZBTJ-01,3,DBL,W5,EKULI,CN,2605
CN-2605-SIMLI-ZBTJ-01,4,EKULI,W576,OVTUP,CN,2605
CN-2605-SIMLI-ZBTJ-01,5,OVTUP,W55,DUMAP,CN,2605
CN-2605-SIMLI-ZGSZ-01,1,SIMLI,A588,HRB,CN,2605
CN-2605-SIMLI-ZGSZ-01,2,HRB,G212,VYK,CN,2605
CN-2605-SIMLI-ZGSZ-01,3,VYK,W37,OMBEB,CN,2605
CN-2605-SIMLI-ZGSZ-01,4,OMBEB,R473,NOLON,CN,2605
CN-2605-SIMLI-ZGSZ-01,5,NOLON,W90,POU,CN,2605
CN-2605-SIMLI-ZGSZ-01,6,POU,W7,SAREX,CN,2605
CN-2605-SIMLI-ZHHH-01,1,SIMLI,A588,HRB,CN,2605
CN-2605-SIMLI-ZHHH-01,2,HRB,G212,VYK,CN,2605
CN-2605-SIMLI-ZHHH-01,3,VYK,W37,PONUD,CN,2605
CN-2605-SIMLI-ZJSY-01,1,SIMLI,A588,HRB,CN,2605
CN-2605-SIMLI-ZJSY-01,2,HRB,G212,VYK,CN,2605
CN-2605-SIMLI-ZJSY-01,3,VYK,W37,OMBEB,CN,2605
CN-2605-SIMLI-ZJSY-01,4,OMBEB,R473,WYN,CN,2605
CN-2605-SIMLI-ZJSY-01,5,WYN,W18,TAMOT,CN,2605
CN-2605-SIMLI-ZJSY-01,6,TAMOT,DCT,SIKOU,CN,2605
CN-2605-SIMLI-ZJSY-01,7,SIKOU,A202,SAMAS,CN,2605
CN-2605-SIMLI-ZJSY-01,8,SAMAS,G221,WL,CN,2605
CN-2605-SIMLI-ZLXY-01,1,SIMLI,A588,HRB,CN,2605
CN-2605-SIMLI-ZLXY-01,2,HRB,G212,BUMDU,CN,2605
CN-2605-SIMLI-ZLXY-01,3,BUMDU,W47,LOVRA,CN,2605
CN-2605-SIMLI-ZSHC-01,1,SIMLI,A588,HRB,CN,2605
CN-2605-SIMLI-ZSHC-01,2,HRB,G212,SOTMU,CN,2605
CN-2605-SIMLI-ZSHC-01,3,SOTMU,W98,ELKUR,CN,2605
CN-2605-SIMLI-ZSHC-01,4,ELKUR,W40,YQG,CN,2605
CN-2605-SIMLI-ZSHC-01,5,YQG,W142,DALIM,CN,2605
CN-2605-SIMLI-ZSHC-01,6,DALIM,A593,DPX,CN,2605
CN-2605-SIMLI-ZSHC-01,7,DPX,A470,OF,CN,2605
CN-2605-SIMLI-ZSHC-01,8,OF,W95,SAPIN,CN,2605
CN-2605-SIMLI-ZSHC-01,9,SAPIN,A470,IGRAT,CN,2605
CN-2605-SIMLI-ZSHC-02,1,SIMLI,A588,CHI,CN,2605
CN-2605-SIMLI-ZSHC-02,2,CHI,W107,SANKO,CN,2605
CN-2605-SIMLI-ZSHC-02,3,SANKO,A326,AKARA,CN,2605
CN-2605-SIMLI-ZSHC-02,4,AKARA,A593,DUMET,CN,2605
CN-2605-SIMLI-ZSHC-02,5,DUMET,W114,LASAN,CN,2605
CN-2605-SIMLI-ZSHC-02,6,LASAN,G327,NINAS,CN,2605
CN-2605-SIMLI-ZSHC-02,7,NINAS,B221,SUPAR,CN,2605
CN-2605-SIMLI-ZSHC-02,8,SUPAR,W505,DSH,CN,2605
CN-2605-SIMLI-ZSPD-01,1,SIMLI,A588,HRB,CN,2605
CN-2605-SIMLI-ZSPD-01,2,HRB,G212,SOTMU,CN,2605
CN-2605-SIMLI-ZSPD-01,3,SOTMU,W98,ELKUR,CN,2605
CN-2605-SIMLI-ZSPD-01,4,ELKUR,W40,YQG,CN,2605
CN-2605-SIMLI-ZSPD-01,5,YQG,W142,DALIM,CN,2605
CN-2605-SIMLI-ZSPD-01,6,DALIM,A593,DPX,CN,2605
CN-2605-SIMLI-ZSPD-01,7,DPX,A470,DALNU,CN,2605
CN-2605-SIMLI-ZSPD-01,8,DALNU,W166,ZJ,CN,2605
CN-2605-SIMLI-ZSPD-01,9,ZJ,W167,SASAN,CN,2605
CN-2605-SIMLI-ZSPD-01,10,SASAN,R343,EKIMU,CN,2605
CN-2605-SIMLI-ZSPD-02,1,SIMLI,A588,CHI,CN,2605
CN-2605-SIMLI-ZSPD-02,2,CHI,W107,SANKO,CN,2605
CN-2605-SIMLI-ZSPD-02,3,SANKO,A326,AKARA,CN,2605
CN-2605-SIMLI-ZSPD-02,4,AKARA,A593,PUD,CN,2605
CN-2605-SIMLI-ZSQD-01,1,SIMLI,A588,UDETI,CN,2605
CN-2605-SIMLI-ZSQD-01,2,UDETI,W106,MAKNO,CN,2605
CN-2605-SIMLI-ZSQD-01,3,MAKNO,W5,HCH,CN,2605
CN-2605-SIMLI-ZSQD-01,4,HCH,W651,NOKUD,CN,2605
CN-2605-SIMLI-ZSSS-01,1,SIMLI,A588,HRB,CN,2605
CN-2605-SIMLI-ZSSS-01,2,HRB,G212,SOTMU,CN,2605
CN-2605-SIMLI-ZSSS-01,3,SOTMU,W98,ELKUR,CN,2605
CN-2605-SIMLI-ZSSS-01,4,ELKUR,W40,YQG,CN,2605
CN-2605-SIMLI-ZSSS-01,5,YQG,W142,DALIM,CN,2605
CN-2605-SIMLI-ZSSS-01,6,DALIM,A593,DPX,CN,2605
CN-2605-SIMLI-ZSSS-01,7,DPX,A470,DALNU,CN,2605
CN-2605-SIMLI-ZSSS-01,8,DALNU,W166,ZJ,CN,2605
CN-2605-SIMLI-ZSSS-01,9,ZJ,W167,SASAN,CN,2605
CN-2605-SIMLI-ZSSS-01,10,SASAN,R343,PK,CN,2605
CN-2605-SIMLI-ZUUU-01,1,SIMLI,A588,HRB,CN,2605
CN-2605-SIMLI-ZUUU-01,2,HRB,G212,VYK,CN,2605
CN-2605-SIMLI-ZUUU-01,3,VYK,B215,KAPDO,CN,2605
CN-2605-SIMLI-ZUUU-01,4,KAPDO,W276,ANRUG,CN,2605
CN-2605-SIMLI-ZUUU-01,5,ANRUG,W279,ONEBA,CN,2605
CN-2605-SIMLI-ZUUU-01,6,ONEBA,G212,SUBUL,CN,2605
CN-2605-SIMLI-ZUUU-01,7,SUBUL,W230,AKDIK,CN,2605
CN-2605-SIMLI-ZYHB-01,1,SIMLI,A588,BUBDI,CN,2605
CN-2605-SIMLI-ZYTL-01,1,SIMLI,A588,VENOS,CN,2605
CN-2605-SM-AGAVO,1,SIMLI,A588,CHI,CN,2605
CN-2605-SM-AGAVO,2,CHI,W107,SANKO,CN,2605
CN-2605-SM-AGAVO,3,SANKO,A326,DONVO,CN,2605
CN-2605-SM-AGAVO,4,DONVO,G597,AGAVO,CN,2605
CN-2605-SM-AGAVO,5,AGAVO,DCT,MAGIT,CN,2605
CN-2605-SM-AGAVO,6,MAGIT,R213,JMU,CN,2605
CN-2605-SM-AGAVO,7,JMU,G212,HRB,CN,2605
CN-2605-SM-AGAVO,8,HRB,A588,CHI,CN,2605
CN-2605-SM-AGAVO,9,CHI,W107,SANKO,CN,2605
CN-2605-SM-AGAVO,10,SANKO,A326,DONVO,CN,2605
CN-2605-SM-AGAVO,11,DONVO,G597,AGAVO,CN,2605
CN-2605-SM-TAMOT,1,SARIN,A368,FKG,CN,2605
CN-2605-SM-TAMOT,2,FKG,W192,ESDEX,CN,2605
CN-2605-SM-TAMOT,3,ESDEX,W191,DNC,CN,2605
CN-2605-SM-TAMOT,4,DNC,W565,BIGUX,CN,2605
CN-2605-SM-TAMOT,5,BIGUX,B330,KWE,CN,2605
CN-2605-SM-TAMOT,6,KWE,W181,DUDIT,CN,2605
CN-2605-SM-TAMOT,7,DUDIT,A599,POU,CN,2605
CN-2605-SM-TAMOT,8,POU,B330,TAMOT,CN,2605
CN-2605-SM-TAMOT,9,TAMOT,DCT,MORIT,CN,2605
CN-2605-SM-TAMOT,10,MORIT,B330,KWE,CN,2605
CN-2605-SM-TAMOT,11,KWE,W181,DUDIT,CN,2605
CN-2605-SM-TAMOT,12,DUDIT,A599,POU,CN,2605
CN-2605-SM-TAMOT,13,POU,B330,TAMOT,CN,2605
CN-2605-SM-VHHH,1,SARIN,A368,FKG,CN,2605
CN-2605-SM-VHHH,2,FKG,W192,ESDEX,CN,2605
CN-2605-SM-VHHH,3,ESDEX,W191,DNC,CN,2605
CN-2605-SM-VHHH,4,DNC,W565,BIGUX,CN,2605
CN-2605-SM-VHHH,5,BIGUX,B330,KWE,CN,2605
CN-2605-SM-VHHH,6,KWE,W181,DUDIT,CN,2605
CN-2605-SM-VHHH,7,DUDIT,A599,POU,CN,2605
CN-2605-SM-VHHH,8,POU,R473,SIERA,CN,2605
CN-2605-SM-VHHH,9,SIERA,DCT,MORIT,CN,2605
CN-2605-SM-VHHH,10,MORIT,B330,KWE,CN,2605
CN-2605-SM-VHHH,11,KWE,W181,DUDIT,CN,2605
CN-2605-SM-VHHH,12,DUDIT,A599,POU,CN,2605
CN-2605-SM-VHHH,13,POU,R473,SIERA,CN,2605
CN-2605-SRK-AGAVO,1,SARIN,A368,FKG,CN,2605
CN-2605-SRK-AGAVO,2,FKG,W188,LIKMI,CN,2605
CN-2605-SRK-AGAVO,3,LIKMI,W270,DKO,CN,2605
CN-2605-SRK-AGAVO,4,DKO,W69,HUR,CN,2605
CN-2605-SRK-AGAVO,5,HUR,B339,LADIX,CN,2605
CN-2605-SRK-AGAVO,6,LADIX,W34,VAPGU,CN,2605
CN-2605-SRK-AGAVO,7,VAPGU,W100,ORAVA,CN,2605
CN-2605-SRK-AGAVO,8,ORAVA,W201,UNSEK,CN,2605
CN-2605-SRK-AGAVO,9,UNSEK,A326,DONVO,CN,2605
CN-2605-SRK-AGAVO,10,DONVO,G597,AGAVO,CN,2605
CN-2605-SRK-AGAVO,11,AGAVO,DCT,RULAD,CN,2605
CN-2605-SRK-AGAVO,12,RULAD,A343,POSOT,CN,2605
CN-2605-SRK-AGAVO,13,POSOT,B215,FKG,CN,2605
CN-2605-SRK-AGAVO,14,FKG,W188,LIKMI,CN,2605
CN-2605-SRK-AGAVO,15,LIKMI,W270,DKO,CN,2605
CN-2605-SRK-AGAVO,16,DKO,W69,HUR,CN,2605
CN-2605-SRK-AGAVO,17,HUR,B339,LADIX,CN,2605
CN-2605-SRK-AGAVO,18,LADIX,W34,VAPGU,CN,2605
CN-2605-SRK-AGAVO,19,VAPGU,W100,ORAVA,CN,2605
CN-2605-SRK-AGAVO,20,ORAVA,W201,UNSEK,CN,2605
CN-2605-SRK-AGAVO,21,UNSEK,A326,DONVO,CN,2605
CN-2605-SRK-AGAVO,22,DONVO,G597,AGAVO,CN,2605
CN-2605-SRK-AGAVO,23,AGAVO,DCT,KAMUD,CN,2605
CN-2605-SRK-AGAVO,24,KAMUD,A468,XKC,CN,2605
CN-2605-SRK-AGAVO,25,XKC,B215,FKG,CN,2605
CN-2605-SRK-AGAVO,26,FKG,W188,LIKMI,CN,2605
CN-2605-SRK-AGAVO,27,LIKMI,W270,DKO,CN,2605
CN-2605-SRK-AGAVO,28,DKO,W69,HUR,CN,2605
CN-2605-SRK-AGAVO,29,HUR,B339,LADIX,CN,2605
CN-2605-SRK-AGAVO,30,LADIX,W34,VAPGU,CN,2605
CN-2605-SRK-AGAVO,31,VAPGU,W100,ORAVA,CN,2605
CN-2605-SRK-AGAVO,32,ORAVA,W201,UNSEK,CN,2605
CN-2605-SRK-AGAVO,33,UNSEK,A326,DONVO,CN,2605
CN-2605-SRK-AGAVO,34,DONVO,G597,AGAVO,CN,2605
CN-2605-SRK-L888-TAMOT,1,SARIN,A368,FKG,CN,2605
CN-2605-SRK-L888-TAMOT,2,FKG,W192,ESDEX,CN,2605
CN-2605-SRK-L888-TAMOT,3,ESDEX,W191,DNC,CN,2605
CN-2605-SRK-L888-TAMOT,4,DNC,W565,BIGUX,CN,2605
CN-2605-SRK-L888-TAMOT,5,BIGUX,B330,KWE,CN,2605
CN-2605-SRK-L888-TAMOT,6,KWE,W181,DUDIT,CN,2605
CN-2605-SRK-L888-TAMOT,7,DUDIT,A599,POU,CN,2605
CN-2605-SRK-L888-TAMOT,8,POU,B330,TAMOT,CN,2605
CN-2605-SRK-L888-TAMOT,9,TAMOT,DCT,RULAD,CN,2605
CN-2605-SRK-L888-TAMOT,10,RULAD,A460,XKC,CN,2605
CN-2605-SRK-L888-TAMOT,11,XKC,L888,BIGOR,CN,2605
CN-2605-SRK-L888-TAMOT,12,BIGOR,W9,CZH,CN,2605
CN-2605-SRK-L888-TAMOT,13,CZH,B213,CTU,CN,2605
CN-2605-SRK-L888-TAMOT,14,CTU,W237,IDBOR,CN,2605
CN-2605-SRK-L888-TAMOT,15,IDBOR,B330,KWE,CN,2605
CN-2605-SRK-L888-TAMOT,16,KWE,W181,DUDIT,CN,2605
CN-2605-SRK-L888-TAMOT,17,DUDIT,A599,POU,CN,2605
CN-2605-SRK-L888-TAMOT,18,POU,B330,TAMOT,CN,2605
CN-2605-SRK-L888-TAMOT,19,TAMOT,DCT,KAMUD,CN,2605
CN-2605-SRK-L888-TAMOT,20,KAMUD,W186,SADAN,CN,2605
CN-2605-SRK-L888-TAMOT,21,SADAN,Y1,OMBON,CN,2605
CN-2605-SRK-L888-TAMOT,22,OMBON,W245,OVRAL,CN,2605
CN-2605-SRK-L888-TAMOT,23,OVRAL,B330,KWE,CN,2605
CN-2605-SRK-L888-TAMOT,24,KWE,W181,DUDIT,CN,2605
CN-2605-SRK-L888-TAMOT,25,DUDIT,A599,POU,CN,2605
CN-2605-SRK-L888-TAMOT,26,POU,B330,TAMOT,CN,2605
CN-2605-SRK-L888-VHHH,1,SARIN,A368,FKG,CN,2605
CN-2605-SRK-L888-VHHH,2,FKG,W192,ESDEX,CN,2605
CN-2605-SRK-L888-VHHH,3,ESDEX,W191,DNC,CN,2605
CN-2605-SRK-L888-VHHH,4,DNC,W565,BIGUX,CN,2605
CN-2605-SRK-L888-VHHH,5,BIGUX,B330,KWE,CN,2605
CN-2605-SRK-L888-VHHH,6,KWE,W181,DUDIT,CN,2605
CN-2605-SRK-L888-VHHH,7,DUDIT,A599,POU,CN,2605
CN-2605-SRK-L888-VHHH,8,POU,R473,SIERA,CN,2605
CN-2605-SRK-L888-VHHH,9,SIERA,DCT,RULAD,CN,2605
CN-2605-SRK-L888-VHHH,10,RULAD,A460,XKC,CN,2605
CN-2605-SRK-L888-VHHH,11,XKC,L888,BIGOR,CN,2605
CN-2605-SRK-L888-VHHH,12,BIGOR,W9,CZH,CN,2605
CN-2605-SRK-L888-VHHH,13,CZH,B213,CTU,CN,2605
CN-2605-SRK-L888-VHHH,14,CTU,W237,IDBOR,CN,2605
CN-2605-SRK-L888-VHHH,15,IDBOR,B330,KWE,CN,2605
CN-2605-SRK-L888-VHHH,16,KWE,W181,DUDIT,CN,2605
CN-2605-SRK-L888-VHHH,17,DUDIT,A599,POU,CN,2605
CN-2605-SRK-L888-VHHH,18,POU,R473,SIERA,CN,2605
CN-2605-SRK-L888-VHHH,19,SIERA,DCT,KAMUD,CN,2605
CN-2605-SRK-L888-VHHH,20,KAMUD,W186,SADAN,CN,2605
CN-2605-SRK-L888-VHHH,21,SADAN,Y1,OMBON,CN,2605
CN-2605-SRK-L888-VHHH,22,OMBON,W245,OVRAL,CN,2605
CN-2605-SRK-L888-VHHH,23,OVRAL,B330,KWE,CN,2605
CN-2605-SRK-L888-VHHH,24,KWE,W181,DUDIT,CN,2605
CN-2605-SRK-L888-VHHH,25,DUDIT,A599,POU,CN,2605
CN-2605-SRK-L888-VHHH,26,POU,R473,SIERA,CN,2605
CN-2605-SRK-TAMOT,1,SARIN,A368,FKG,CN,2605
CN-2605-SRK-TAMOT,2,FKG,W192,ESDEX,CN,2605
CN-2605-SRK-TAMOT,3,ESDEX,W191,DNC,CN,2605
CN-2605-SRK-TAMOT,4,DNC,W565,BIGUX,CN,2605
CN-2605-SRK-TAMOT,5,BIGUX,B330,KWE,CN,2605
CN-2605-SRK-TAMOT,6,KWE,W181,DUDIT,CN,2605
CN-2605-SRK-TAMOT,7,DUDIT,A599,POU,CN,2605
CN-2605-SRK-TAMOT,8,POU,B330,TAMOT,CN,2605
CN-2605-SRK-TAMOT,9,TAMOT,DCT,RULAD,CN,2605
CN-2605-SRK-TAMOT,10,RULAD,A343,POSOT,CN,2605
CN-2605-SRK-TAMOT,11,POSOT,B215,FKG,CN,2605
CN-2605-SRK-TAMOT,12,FKG,W192,ESDEX,CN,2605
CN-2605-SRK-TAMOT,13,ESDEX,W191,DNC,CN,2605
CN-2605-SRK-TAMOT,14,DNC,W565,BIGUX,CN,2605
CN-2605-SRK-TAMOT,15,BIGUX,B330,KWE,CN,2605
CN-2605-SRK-TAMOT,16,KWE,W181,DUDIT,CN,2605
CN-2605-SRK-TAMOT,17,DUDIT,A599,POU,CN,2605
CN-2605-SRK-TAMOT,18,POU,B330,TAMOT,CN,2605
CN-2605-SRK-TAMOT,19,TAMOT,DCT,KAMUD,CN,2605
CN-2605-SRK-TAMOT,20,KAMUD,A468,XKC,CN,2605
CN-2605-SRK-TAMOT,21,XKC,B215,FKG,CN,2605
CN-2605-SRK-TAMOT,22,FKG,W192,ESDEX,CN,2605
CN-2605-SRK-TAMOT,23,ESDEX,W191,DNC,CN,2605
CN-2605-SRK-TAMOT,24,DNC,W565,BIGUX,CN,2605
CN-2605-SRK-TAMOT,25,BIGUX,B330,KWE,CN,2605
CN-2605-SRK-TAMOT,26,KWE,W181,DUDIT,CN,2605
CN-2605-SRK-TAMOT,27,DUDIT,A599,POU,CN,2605
CN-2605-SRK-TAMOT,28,POU,B330,TAMOT,CN,2605
CN-2605-SRK-VHHH,1,SARIN,A368,FKG,CN,2605
CN-2605-SRK-VHHH,2,FKG,W192,ESDEX,CN,2605
CN-2605-SRK-VHHH,3,ESDEX,W191,DNC,CN,2605
CN-2605-SRK-VHHH,4,DNC,W565,BIGUX,CN,2605
CN-2605-SRK-VHHH,5,BIGUX,B330,KWE,CN,2605
CN-2605-SRK-VHHH,6,KWE,W181,DUDIT,CN,2605
CN-2605-SRK-VHHH,7,DUDIT,A599,POU,CN,2605
CN-2605-SRK-VHHH,8,POU,R473,SIERA,CN,2605
CN-2605-SRK-VHHH,9,SIERA,DCT,RULAD,CN,2605
CN-2605-SRK-VHHH,10,RULAD,A343,POSOT,CN,2605
CN-2605-SRK-VHHH,11,POSOT,B215,FKG,CN,2605
CN-2605-SRK-VHHH,12,FKG,W192,ESDEX,CN,2605
CN-2605-SRK-VHHH,13,ESDEX,W191,DNC,CN,2605
CN-2605-SRK-VHHH,14,DNC,W565,BIGUX,CN,2605
CN-2605-SRK-VHHH,15,BIGUX,B330,KWE,CN,2605
CN-2605-SRK-VHHH,16,KWE,W181,DUDIT,CN,2605
CN-2605-SRK-VHHH,17,DUDIT,A599,POU,CN,2605
CN-2605-SRK-VHHH,18,POU,R473,SIERA,CN,2605
CN-2605-SRK-VHHH,19,SIERA,DCT,KAMUD,CN,2605
CN-2605-SRK-VHHH,20,KAMUD,A468,XKC,CN,2605
CN-2605-SRK-VHHH,21,XKC,B215,FKG,CN,2605
CN-2605-SRK-VHHH,22,FKG,W192,ESDEX,CN,2605
CN-2605-SRK-VHHH,23,ESDEX,W191,DNC,CN,2605
CN-2605-SRK-VHHH,24,DNC,W565,BIGUX,CN,2605
CN-2605-SRK-VHHH,25,BIGUX,B330,KWE,CN,2605
CN-2605-SRK-VHHH,26,KWE,W181,DUDIT,CN,2605
CN-2605-SRK-VHHH,27,DUDIT,A599,POU,CN,2605
CN-2605-SRK-VHHH,28,POU,R473,SIERA,CN,2605
CN-2605-SRK-Y1-TAMOT,1,SARIN,A368,FKG,CN,2605
CN-2605-SRK-Y1-TAMOT,2,FKG,W192,ESDEX,CN,2605
CN-2605-SRK-Y1-TAMOT,3,ESDEX,W191,DNC,CN,2605
CN-2605-SRK-Y1-TAMOT,4,DNC,W565,BIGUX,CN,2605
CN-2605-SRK-Y1-TAMOT,5,BIGUX,B330,KWE,CN,2605
CN-2605-SRK-Y1-TAMOT,6,KWE,W181,DUDIT,CN,2605
CN-2605-SRK-Y1-TAMOT,7,DUDIT,A599,POU,CN,2605
CN-2605-SRK-Y1-TAMOT,8,POU,B330,TAMOT,CN,2605
CN-2605-SRK-Y1-TAMOT,9,TAMOT,DCT,RULAD,CN,2605
CN-2605-SRK-Y1-TAMOT,10,RULAD,A460,XKC,CN,2605
CN-2605-SRK-Y1-TAMOT,11,XKC,L888,SADAN,CN,2605
CN-2605-SRK-Y1-TAMOT,12,SADAN,Y1,OMBON,CN,2605
CN-2605-SRK-Y1-TAMOT,13,OMBON,W245,OVRAL,CN,2605
CN-2605-SRK-Y1-TAMOT,14,OVRAL,B330,KWE,CN,2605
CN-2605-SRK-Y1-TAMOT,15,KWE,W181,DUDIT,CN,2605
CN-2605-SRK-Y1-TAMOT,16,DUDIT,A599,POU,CN,2605
CN-2605-SRK-Y1-TAMOT,17,POU,B330,TAMOT,CN,2605
CN-2605-SRK-Y1-TAMOT,18,TAMOT,DCT,KAMUD,CN,2605
CN-2605-SRK-Y1-TAMOT,19,KAMUD,W186,SADAN,CN,2605
CN-2605-SRK-Y1-TAMOT,20,SADAN,Y1,OMBON,CN,2605
CN-2605-SRK-Y1-TAMOT,21,OMBON,W245,OVRAL,CN,2605
CN-2605-SRK-Y1-TAMOT,22,OVRAL,B330,KWE,CN,2605
CN-2605-SRK-Y1-TAMOT,23,KWE,W181,DUDIT,CN,2605
CN-2605-SRK-Y1-TAMOT,24,DUDIT,A599,POU,CN,2605
CN-2605-SRK-Y1-TAMOT,25,POU,B330,TAMOT,CN,2605
CN-2605-SRK-Y1-VHHH,1,SARIN,A368,FKG,CN,2605
CN-2605-SRK-Y1-VHHH,2,FKG,W192,ESDEX,CN,2605
CN-2605-SRK-Y1-VHHH,3,ESDEX,W191,DNC,CN,2605
CN-2605-SRK-Y1-VHHH,4,DNC,W565,BIGUX,CN,2605
CN-2605-SRK-Y1-VHHH,5,BIGUX,B330,KWE,CN,2605
CN-2605-SRK-Y1-VHHH,6,KWE,W181,DUDIT,CN,2605
CN-2605-SRK-Y1-VHHH,7,DUDIT,A599,POU,CN,2605
CN-2605-SRK-Y1-VHHH,8,POU,R473,SIERA,CN,2605
CN-2605-SRK-Y1-VHHH,9,SIERA,DCT,RULAD,CN,2605
CN-2605-SRK-Y1-VHHH,10,RULAD,A460,XKC,CN,2605
CN-2605-SRK-Y1-VHHH,11,XKC,L888,SADAN,CN,2605
CN-2605-SRK-Y1-VHHH,12,SADAN,Y1,OMBON,CN,2605
CN-2605-SRK-Y1-VHHH,13,OMBON,W245,OVRAL,CN,2605
CN-2605-SRK-Y1-VHHH,14,OVRAL,B330,KWE,CN,2605
CN-2605-SRK-Y1-VHHH,15,KWE,W181,DUDIT,CN,2605
CN-2605-SRK-Y1-VHHH,16,DUDIT,A599,POU,CN,2605
CN-2605-SRK-Y1-VHHH,17,POU,R473,SIERA,CN,2605
CN-2605-SRK-Y1-VHHH,18,SIERA,DCT,KAMUD,CN,2605
CN-2605-SRK-Y1-VHHH,19,KAMUD,W186,SADAN,CN,2605
CN-2605-SRK-Y1-VHHH,20,SADAN,Y1,OMBON,CN,2605
CN-2605-SRK-Y1-VHHH,21,OMBON,W245,OVRAL,CN,2605
CN-2605-SRK-Y1-VHHH,22,OVRAL,B330,KWE,CN,2605
CN-2605-SRK-Y1-VHHH,23,KWE,W181,DUDIT,CN,2605
CN-2605-SRK-Y1-VHHH,24,DUDIT,A599,POU,CN,2605
CN-2605-SRK-Y1-VHHH,25,POU,R473,SIERA,CN,2605
CN-2605-SRKL-L888-VHHH,1,SARIN,A368,FKG,CN,2605
CN-2605-SRKL-L888-VHHH,2,FKG,W188,LIKMI,CN,2605
CN-2605-SRKL-L888-VHHH,3,LIKMI,W270,NOLOM,CN,2605
CN-2605-SRKL-L888-VHHH,4,NOLOM,B330,KWE,CN,2605
CN-2605-SRKL-L888-VHHH,5,KWE,W181,DUDIT,CN,2605
CN-2605-SRKL-L888-VHHH,6,DUDIT,A599,POU,CN,2605
CN-2605-SRKL-L888-VHHH,7,POU,R473,SIERA,CN,2605
CN-2605-SRKL-L888-VHHH,8,SIERA,DCT,RULAD,CN,2605
CN-2605-SRKL-L888-VHHH,9,RULAD,A460,XKC,CN,2605
CN-2605-SRKL-L888-VHHH,10,XKC,L888,BIGOR,CN,2605
CN-2605-SRKL-L888-VHHH,11,BIGOR,W9,CZH,CN,2605
CN-2605-SRKL-L888-VHHH,12,CZH,B213,CTU,CN,2605
CN-2605-SRKL-L888-VHHH,13,CTU,W237,IDBOR,CN,2605
CN-2605-SRKL-L888-VHHH,14,IDBOR,B330,KWE,CN,2605
CN-2605-SRKL-L888-VHHH,15,KWE,W181,DUDIT,CN,2605
CN-2605-SRKL-L888-VHHH,16,DUDIT,A599,POU,CN,2605
CN-2605-SRKL-L888-VHHH,17,POU,R473,SIERA,CN,2605
CN-2605-SRKL-L888-VHHH,18,SIERA,DCT,KAMUD,CN,2605
CN-2605-SRKL-L888-VHHH,19,KAMUD,W186,SADAN,CN,2605
CN-2605-SRKL-L888-VHHH,20,SADAN,Y1,OMBON,CN,2605
CN-2605-SRKL-L888-VHHH,21,OMBON,W245,OVRAL,CN,2605
CN-2605-SRKL-L888-VHHH,22,OVRAL,B330,KWE,CN,2605
CN-2605-SRKL-L888-VHHH,23,KWE,W181,DUDIT,CN,2605
CN-2605-SRKL-L888-VHHH,24,DUDIT,A599,POU,CN,2605
CN-2605-SRKL-L888-VHHH,25,POU,R473,SIERA,CN,2605
CN-2605-SRKL-L888-VHHH,26,SIERA,DCT,LINSO,CN,2605
CN-2605-SRKL-L888-VHHH,27,LINSO,A599,POU,CN,2605
CN-2605-SRKL-L888-VHHH,28,POU,R473,SIERA,CN,2605
CN-2605-SRKL-VHHH,1,SARIN,A368,FKG,CN,2605
CN-2605-SRKL-VHHH,2,FKG,W188,LIKMI,CN,2605
CN-2605-SRKL-VHHH,3,LIKMI,W270,NOLOM,CN,2605
CN-2605-SRKL-VHHH,4,NOLOM,B330,KWE,CN,2605
CN-2605-SRKL-VHHH,5,KWE,W181,DUDIT,CN,2605
CN-2605-SRKL-VHHH,6,DUDIT,A599,POU,CN,2605
CN-2605-SRKL-VHHH,7,POU,R473,SIERA,CN,2605
CN-2605-SRKL-VHHH,8,SIERA,DCT,RULAD,CN,2605
CN-2605-SRKL-VHHH,9,RULAD,A343,POSOT,CN,2605
CN-2605-SRKL-VHHH,10,POSOT,B215,FKG,CN,2605
CN-2605-SRKL-VHHH,11,FKG,W192,ESDEX,CN,2605
CN-2605-SRKL-VHHH,12,ESDEX,W191,DNC,CN,2605
CN-2605-SRKL-VHHH,13,DNC,W565,BIGUX,CN,2605
CN-2605-SRKL-VHHH,14,BIGUX,B330,KWE,CN,2605
CN-2605-SRKL-VHHH,15,KWE,W181,DUDIT,CN,2605
CN-2605-SRKL-VHHH,16,DUDIT,A599,POU,CN,2605
CN-2605-SRKL-VHHH,17,POU,R473,SIERA,CN,2605
CN-2605-SRKL-VHHH,18,SIERA,DCT,KAMUD,CN,2605
CN-2605-SRKL-VHHH,19,KAMUD,A468,XKC,CN,2605
CN-2605-SRKL-VHHH,20,XKC,B215,FKG,CN,2605
CN-2605-SRKL-VHHH,21,FKG,W192,ESDEX,CN,2605
CN-2605-SRKL-VHHH,22,ESDEX,W191,DNC,CN,2605
CN-2605-SRKL-VHHH,23,DNC,W565,BIGUX,CN,2605
CN-2605-SRKL-VHHH,24,BIGUX,B330,KWE,CN,2605
CN-2605-SRKL-VHHH,25,KWE,W181,DUDIT,CN,2605
CN-2605-SRKL-VHHH,26,DUDIT,A599,POU,CN,2605
CN-2605-SRKL-VHHH,27,POU,R473,SIERA,CN,2605
CN-2605-SRKL-VHHH,28,SIERA,DCT,LINSO,CN,2605
CN-2605-SRKL-VHHH,29,LINSO,A599,POU,CN,2605
CN-2605-SRKL-VHHH,30,POU,R473,SIERA,CN,2605
CN-2605-SRKL-W191-TAMOT,1,SARIN,A368,FKG,CN,2605
CN-2605-SRKL-W191-TAMOT,2,FKG,W192,ESDEX,CN,2605
CN-2605-SRKL-W191-TAMOT,3,ESDEX,W191,DNC,CN,2605
CN-2605-SRKL-W191-TAMOT,4,DNC,W565,BIGUX,CN,2605
CN-2605-SRKL-W191-TAMOT,5,BIGUX,B330,KWE,CN,2605
CN-2605-SRKL-W191-TAMOT,6,KWE,W181,DUDIT,CN,2605
CN-2605-SRKL-W191-TAMOT,7,DUDIT,A599,POU,CN,2605
CN-2605-SRKL-W191-TAMOT,8,POU,B330,TAMOT,CN,2605
CN-2605-SRKL-W191-TAMOT,9,TAMOT,DCT,RULAD,CN,2605
CN-2605-SRKL-W191-TAMOT,10,RULAD,A343,POSOT,CN,2605
CN-2605-SRKL-W191-TAMOT,11,POSOT,B215,FKG,CN,2605
CN-2605-SRKL-W191-TAMOT,12,FKG,W192,ESDEX,CN,2605
CN-2605-SRKL-W191-TAMOT,13,ESDEX,W191,DNC,CN,2605
CN-2605-SRKL-W191-TAMOT,14,DNC,W565,BIGUX,CN,2605
CN-2605-SRKL-W191-TAMOT,15,BIGUX,B330,KWE,CN,2605
CN-2605-SRKL-W191-TAMOT,16,KWE,W181,DUDIT,CN,2605
CN-2605-SRKL-W191-TAMOT,17,DUDIT,A599,POU,CN,2605
CN-2605-SRKL-W191-TAMOT,18,POU,B330,TAMOT,CN,2605
CN-2605-SRKL-W191-TAMOT,19,TAMOT,DCT,KAMUD,CN,2605
CN-2605-SRKL-W191-TAMOT,20,KAMUD,A468,XKC,CN,2605
CN-2605-SRKL-W191-TAMOT,21,XKC,B215,FKG,CN,2605
CN-2605-SRKL-W191-TAMOT,22,FKG,W192,ESDEX,CN,2605
CN-2605-SRKL-W191-TAMOT,23,ESDEX,W191,DNC,CN,2605
CN-2605-SRKL-W191-TAMOT,24,DNC,W565,BIGUX,CN,2605
CN-2605-SRKL-W191-TAMOT,25,BIGUX,B330,KWE,CN,2605
CN-2605-SRKL-W191-TAMOT,26,KWE,W181,DUDIT,CN,2605
CN-2605-SRKL-W191-TAMOT,27,DUDIT,A599,POU,CN,2605
CN-2605-SRKL-W191-TAMOT,28,POU,B330,TAMOT,CN,2605
CN-2605-SRKL-W191-TAMOT,29,TAMOT,DCT,LINSO,CN,2605
CN-2605-SRKL-W191-TAMOT,30,LINSO,A599,POU,CN,2605
CN-2605-SRKL-W191-TAMOT,31,POU,B330,TAMOT,CN,2605
CN-2605-SRKL-W191-VHHH,1,SARIN,A368,FKG,CN,2605
CN-2605-SRKL-W191-VHHH,2,FKG,W192,ESDEX,CN,2605
CN-2605-SRKL-W191-VHHH,3,ESDEX,W191,DNC,CN,2605
CN-2605-SRKL-W191-VHHH,4,DNC,W565,BIGUX,CN,2605
CN-2605-SRKL-W191-VHHH,5,BIGUX,B330,KWE,CN,2605
CN-2605-SRKL-W191-VHHH,6,KWE,W181,DUDIT,CN,2605
CN-2605-SRKL-W191-VHHH,7,DUDIT,A599,POU,CN,2605
CN-2605-SRKL-W191-VHHH,8,POU,R473,SIERA,CN,2605
CN-2605-SRKL-W191-VHHH,9,SIERA,DCT,RULAD,CN,2605
CN-2605-SRKL-W191-VHHH,10,RULAD,A343,POSOT,CN,2605
CN-2605-SRKL-W191-VHHH,11,POSOT,B215,FKG,CN,2605
CN-2605-SRKL-W191-VHHH,12,FKG,W192,ESDEX,CN,2605
CN-2605-SRKL-W191-VHHH,13,ESDEX,W191,DNC,CN,2605
CN-2605-SRKL-W191-VHHH,14,DNC,W565,BIGUX,CN,2605
CN-2605-SRKL-W191-VHHH,15,BIGUX,B330,KWE,CN,2605
CN-2605-SRKL-W191-VHHH,16,KWE,W181,DUDIT,CN,2605
CN-2605-SRKL-W191-VHHH,17,DUDIT,A599,POU,CN,2605
CN-2605-SRKL-W191-VHHH,18,POU,R473,SIERA,CN,2605
CN-2605-SRKL-W191-VHHH,19,SIERA,DCT,KAMUD,CN,2605
CN-2605-SRKL-W191-VHHH,20,KAMUD,A468,XKC,CN,2605
CN-2605-SRKL-W191-VHHH,21,XKC,B215,FKG,CN,2605
CN-2605-SRKL-W191-VHHH,22,FKG,W192,ESDEX,CN,2605
CN-2605-SRKL-W191-VHHH,23,ESDEX,W191,DNC,CN,2605
CN-2605-SRKL-W191-VHHH,24,DNC,W565,BIGUX,CN,2605
CN-2605-SRKL-W191-VHHH,25,BIGUX,B330,KWE,CN,2605
CN-2605-SRKL-W191-VHHH,26,KWE,W181,DUDIT,CN,2605
CN-2605-SRKL-W191-VHHH,27,DUDIT,A599,POU,CN,2605
CN-2605-SRKL-W191-VHHH,28,POU,R473,SIERA,CN,2605
CN-2605-SRKL-W191-VHHH,29,SIERA,DCT,LINSO,CN,2605
CN-2605-SRKL-W191-VHHH,30,LINSO,A599,POU,CN,2605
CN-2605-SRKL-W191-VHHH,31,POU,R473,SIERA,CN,2605
CN-2605-SRKL-W191/L888-TAMOT,1,SARIN,A368,FKG,CN,2605
CN-2605-SRKL-W191/L888-TAMOT,2,FKG,W192,ESDEX,CN,2605
CN-2605-SRKL-W191/L888-TAMOT,3,ESDEX,W191,DNC,CN,2605
CN-2605-SRKL-W191/L888-TAMOT,4,DNC,W565,BIGUX,CN,2605
CN-2605-SRKL-W191/L888-TAMOT,5,BIGUX,B330,KWE,CN,2605
CN-2605-SRKL-W191/L888-TAMOT,6,KWE,W181,DUDIT,CN,2605
CN-2605-SRKL-W191/L888-TAMOT,7,DUDIT,A599,POU,CN,2605
CN-2605-SRKL-W191/L888-TAMOT,8,POU,B330,TAMOT,CN,2605
CN-2605-SRKL-W191/L888-TAMOT,9,TAMOT,DCT,RULAD,CN,2605
CN-2605-SRKL-W191/L888-TAMOT,10,RULAD,A460,XKC,CN,2605
CN-2605-SRKL-W191/L888-TAMOT,11,XKC,L888,BIGOR,CN,2605
CN-2605-SRKL-W191/L888-TAMOT,12,BIGOR,W9,CZH,CN,2605
CN-2605-SRKL-W191/L888-TAMOT,13,CZH,B213,CTU,CN,2605
CN-2605-SRKL-W191/L888-TAMOT,14,CTU,W237,IDBOR,CN,2605
CN-2605-SRKL-W191/L888-TAMOT,15,IDBOR,B330,KWE,CN,2605
CN-2605-SRKL-W191/L888-TAMOT,16,KWE,W181,DUDIT,CN,2605
CN-2605-SRKL-W191/L888-TAMOT,17,DUDIT,A599,POU,CN,2605
CN-2605-SRKL-W191/L888-TAMOT,18,POU,B330,TAMOT,CN,2605
CN-2605-SRKL-W191/L888-TAMOT,19,TAMOT,DCT,KAMUD,CN,2605
CN-2605-SRKL-W191/L888-TAMOT,20,KAMUD,W186,SADAN,CN,2605
CN-2605-SRKL-W191/L888-TAMOT,21,SADAN,Y1,OMBON,CN,2605
CN-2605-SRKL-W191/L888-TAMOT,22,OMBON,W245,OVRAL,CN,2605
CN-2605-SRKL-W191/L888-TAMOT,23,OVRAL,B330,KWE,CN,2605
CN-2605-SRKL-W191/L888-TAMOT,24,KWE,W181,DUDIT,CN,2605
CN-2605-SRKL-W191/L888-TAMOT,25,DUDIT,A599,POU,CN,2605
CN-2605-SRKL-W191/L888-TAMOT,26,POU,B330,TAMOT,CN,2605
CN-2605-SRKL-W191/L888-TAMOT,27,TAMOT,DCT,LINSO,CN,2605
CN-2605-SRKL-W191/L888-TAMOT,28,LINSO,A599,POU,CN,2605
CN-2605-SRKL-W191/L888-TAMOT,29,POU,B330,TAMOT,CN,2605
CN-2605-SRKL-W191/L888-VHHH,1,SARIN,A368,FKG,CN,2605
CN-2605-SRKL-W191/L888-VHHH,2,FKG,W192,ESDEX,CN,2605
CN-2605-SRKL-W191/L888-VHHH,3,ESDEX,W191,DNC,CN,2605
CN-2605-SRKL-W191/L888-VHHH,4,DNC,W565,BIGUX,CN,2605
CN-2605-SRKL-W191/L888-VHHH,5,BIGUX,B330,KWE,CN,2605
CN-2605-SRKL-W191/L888-VHHH,6,KWE,W181,DUDIT,CN,2605
CN-2605-SRKL-W191/L888-VHHH,7,DUDIT,A599,POU,CN,2605
CN-2605-SRKL-W191/L888-VHHH,8,POU,R473,SIERA,CN,2605
CN-2605-SRKL-W191/L888-VHHH,9,SIERA,DCT,RULAD,CN,2605
CN-2605-SRKL-W191/L888-VHHH,10,RULAD,A460,XKC,CN,2605
CN-2605-SRKL-W191/L888-VHHH,11,XKC,L888,BIGOR,CN,2605
CN-2605-SRKL-W191/L888-VHHH,12,BIGOR,W9,CZH,CN,2605
CN-2605-SRKL-W191/L888-VHHH,13,CZH,B213,CTU,CN,2605
CN-2605-SRKL-W191/L888-VHHH,14,CTU,W237,IDBOR,CN,2605
CN-2605-SRKL-W191/L888-VHHH,15,IDBOR,B330,KWE,CN,2605
CN-2605-SRKL-W191/L888-VHHH,16,KWE,W181,DUDIT,CN,2605
CN-2605-SRKL-W191/L888-VHHH,17,DUDIT,A599,POU,CN,2605
CN-2605-SRKL-W191/L888-VHHH,18,POU,R473,SIERA,CN,2605
CN-2605-SRKL-W191/L888-VHHH,19,SIERA,DCT,KAMUD,CN,2605
CN-2605-SRKL-W191/L888-VHHH,20,KAMUD,W186,SADAN,CN,2605
CN-2605-SRKL-W191/L888-VHHH,21,SADAN,Y1,OMBON,CN,2605
CN-2605-SRKL-W191/L888-VHHH,22,OMBON,W245,OVRAL,CN,2605
CN-2605-SRKL-W191/L888-VHHH,23,OVRAL,B330,KWE,CN,2605
CN-2605-SRKL-W191/L888-VHHH,24,KWE,W181,DUDIT,CN,2605
CN-2605-SRKL-W191/L888-VHHH,25,DUDIT,A599,POU,CN,2605
CN-2605-SRKL-W191/L888-VHHH,26,POU,R473,SIERA,CN,2605
CN-2605-SRKL-W191/L888-VHHH,27,SIERA,DCT,LINSO,CN,2605
CN-2605-SRKL-W191/L888-VHHH,28,LINSO,A599,POU,CN,2605
CN-2605-SRKL-W191/L888-VHHH,29,POU,R473,SIERA,CN,2605
CN-2605-SRKL-W191/Y1-TAMOT,1,SARIN,A368,FKG,CN,2605
CN-2605-SRKL-W191/Y1-TAMOT,2,FKG,W192,ESDEX,CN,2605
CN-2605-SRKL-W191/Y1-TAMOT,3,ESDEX,W191,DNC,CN,2605
CN-2605-SRKL-W191/Y1-TAMOT,4,DNC,W565,BIGUX,CN,2605
CN-2605-SRKL-W191/Y1-TAMOT,5,BIGUX,B330,KWE,CN,2605
CN-2605-SRKL-W191/Y1-TAMOT,6,KWE,W181,DUDIT,CN,2605
CN-2605-SRKL-W191/Y1-TAMOT,7,DUDIT,A599,POU,CN,2605
CN-2605-SRKL-W191/Y1-TAMOT,8,POU,B330,TAMOT,CN,2605
CN-2605-SRKL-W191/Y1-TAMOT,9,TAMOT,DCT,RULAD,CN,2605
CN-2605-SRKL-W191/Y1-TAMOT,10,RULAD,A460,XKC,CN,2605
CN-2605-SRKL-W191/Y1-TAMOT,11,XKC,L888,SADAN,CN,2605
CN-2605-SRKL-W191/Y1-TAMOT,12,SADAN,Y1,OMBON,CN,2605
CN-2605-SRKL-W191/Y1-TAMOT,13,OMBON,W245,OVRAL,CN,2605
CN-2605-SRKL-W191/Y1-TAMOT,14,OVRAL,B330,KWE,CN,2605
CN-2605-SRKL-W191/Y1-TAMOT,15,KWE,W181,DUDIT,CN,2605
CN-2605-SRKL-W191/Y1-TAMOT,16,DUDIT,A599,POU,CN,2605
CN-2605-SRKL-W191/Y1-TAMOT,17,POU,B330,TAMOT,CN,2605
CN-2605-SRKL-W191/Y1-TAMOT,18,TAMOT,DCT,KAMUD,CN,2605
CN-2605-SRKL-W191/Y1-TAMOT,19,KAMUD,W186,SADAN,CN,2605
CN-2605-SRKL-W191/Y1-TAMOT,20,SADAN,Y1,OMBON,CN,2605
CN-2605-SRKL-W191/Y1-TAMOT,21,OMBON,W245,OVRAL,CN,2605
CN-2605-SRKL-W191/Y1-TAMOT,22,OVRAL,B330,KWE,CN,2605
CN-2605-SRKL-W191/Y1-TAMOT,23,KWE,W181,DUDIT,CN,2605
CN-2605-SRKL-W191/Y1-TAMOT,24,DUDIT,A599,POU,CN,2605
CN-2605-SRKL-W191/Y1-TAMOT,25,POU,B330,TAMOT,CN,2605
CN-2605-SRKL-W191/Y1-TAMOT,26,TAMOT,DCT,LINSO,CN,2605
CN-2605-SRKL-W191/Y1-TAMOT,27,LINSO,A599,POU,CN,2605
CN-2605-SRKL-W191/Y1-TAMOT,28,POU,B330,TAMOT,CN,2605
CN-2605-SRKL-W191/Y1-VHHH,1,SARIN,A368,FKG,CN,2605
CN-2605-SRKL-W191/Y1-VHHH,2,FKG,W192,ESDEX,CN,2605
CN-2605-SRKL-W191/Y1-VHHH,3,ESDEX,W191,DNC,CN,2605
CN-2605-SRKL-W191/Y1-VHHH,4,DNC,W565,BIGUX,CN,2605
CN-2605-SRKL-W191/Y1-VHHH,5,BIGUX,B330,KWE,CN,2605
CN-2605-SRKL-W191/Y1-VHHH,6,KWE,W181,DUDIT,CN,2605
CN-2605-SRKL-W191/Y1-VHHH,7,DUDIT,A599,POU,CN,2605
CN-2605-SRKL-W191/Y1-VHHH,8,POU,R473,SIERA,CN,2605
CN-2605-SRKL-W191/Y1-VHHH,9,SIERA,DCT,RULAD,CN,2605
CN-2605-SRKL-W191/Y1-VHHH,10,RULAD,A460,XKC,CN,2605
CN-2605-SRKL-W191/Y1-VHHH,11,XKC,L888,SADAN,CN,2605
CN-2605-SRKL-W191/Y1-VHHH,12,SADAN,Y1,OMBON,CN,2605
CN-2605-SRKL-W191/Y1-VHHH,13,OMBON,W245,OVRAL,CN,2605
CN-2605-SRKL-W191/Y1-VHHH,14,OVRAL,B330,KWE,CN,2605
CN-2605-SRKL-W191/Y1-VHHH,15,KWE,W181,DUDIT,CN,2605
CN-2605-SRKL-W191/Y1-VHHH,16,DUDIT,A599,POU,CN,2605
CN-2605-SRKL-W191/Y1-VHHH,17,POU,R473,SIERA,CN,2605
CN-2605-SRKL-W191/Y1-VHHH,18,SIERA,DCT,KAMUD,CN,2605
CN-2605-SRKL-W191/Y1-VHHH,19,KAMUD,W186,SADAN,CN,2605
CN-2605-SRKL-W191/Y1-VHHH,20,SADAN,Y1,OMBON,CN,2605
CN-2605-SRKL-W191/Y1-VHHH,21,OMBON,W245,OVRAL,CN,2605
CN-2605-SRKL-W191/Y1-VHHH,22,OVRAL,B330,KWE,CN,2605
CN-2605-SRKL-W191/Y1-VHHH,23,KWE,W181,DUDIT,CN,2605
CN-2605-SRKL-W191/Y1-VHHH,24,DUDIT,A599,POU,CN,2605
CN-2605-SRKL-W191/Y1-VHHH,25,POU,R473,SIERA,CN,2605
CN-2605-SRKL-W191/Y1-VHHH,26,SIERA,DCT,LINSO,CN,2605
CN-2605-SRKL-W191/Y1-VHHH,27,LINSO,A599,POU,CN,2605
CN-2605-SRKL-W191/Y1-VHHH,28,POU,R473,SIERA,CN,2605
CN-2605-SRKL-Y1-VHHH,1,SARIN,A368,FKG,CN,2605
CN-2605-SRKL-Y1-VHHH,2,FKG,W188,LIKMI,CN,2605
CN-2605-SRKL-Y1-VHHH,3,LIKMI,W270,NOLOM,CN,2605
CN-2605-SRKL-Y1-VHHH,4,NOLOM,B330,KWE,CN,2605
CN-2605-SRKL-Y1-VHHH,5,KWE,W181,DUDIT,CN,2605
CN-2605-SRKL-Y1-VHHH,6,DUDIT,A599,POU,CN,2605
CN-2605-SRKL-Y1-VHHH,7,POU,R473,SIERA,CN,2605
CN-2605-SRKL-Y1-VHHH,8,SIERA,DCT,RULAD,CN,2605
CN-2605-SRKL-Y1-VHHH,9,RULAD,A460,XKC,CN,2605
CN-2605-SRKL-Y1-VHHH,10,XKC,L888,SADAN,CN,2605
CN-2605-SRKL-Y1-VHHH,11,SADAN,Y1,OMBON,CN,2605
CN-2605-SRKL-Y1-VHHH,12,OMBON,W245,OVRAL,CN,2605
CN-2605-SRKL-Y1-VHHH,13,OVRAL,B330,KWE,CN,2605
CN-2605-SRKL-Y1-VHHH,14,KWE,W181,DUDIT,CN,2605
CN-2605-SRKL-Y1-VHHH,15,DUDIT,A599,POU,CN,2605
CN-2605-SRKL-Y1-VHHH,16,POU,R473,SIERA,CN,2605
CN-2605-SRKL-Y1-VHHH,17,SIERA,DCT,KAMUD,CN,2605
CN-2605-SRKL-Y1-VHHH,18,KAMUD,W186,SADAN,CN,2605
CN-2605-SRKL-Y1-VHHH,19,SADAN,Y1,OMBON,CN,2605
CN-2605-SRKL-Y1-VHHH,20,OMBON,W245,OVRAL,CN,2605
CN-2605-SRKL-Y1-VHHH,21,OVRAL,B330,KWE,CN,2605
CN-2605-SRKL-Y1-VHHH,22,KWE,W181,DUDIT,CN,2605
CN-2605-SRKL-Y1-VHHH,23,DUDIT,A599,POU,CN,2605
CN-2605-SRKL-Y1-VHHH,24,POU,R473,SIERA,CN,2605
CN-2605-SRKL-Y1-VHHH,25,SIERA,DCT,LINSO,CN,2605
CN-2605-SRKL-Y1-VHHH,26,LINSO,A599,POU,CN,2605
CN-2605-SRKL-Y1-VHHH,27,POU,R473,SIERA,CN,2605
CN-2605-SRL-L888-VHHH,1,SARIN,A368,FKG,CN,2605
CN-2605-SRL-L888-VHHH,2,FKG,W188,LIKMI,CN,2605
CN-2605-SRL-L888-VHHH,3,LIKMI,W270,NOLOM,CN,2605
CN-2605-SRL-L888-VHHH,4,NOLOM,B330,KWE,CN,2605
CN-2605-SRL-L888-VHHH,5,KWE,W181,DUDIT,CN,2605
CN-2605-SRL-L888-VHHH,6,DUDIT,A599,POU,CN,2605
CN-2605-SRL-L888-VHHH,7,POU,R473,SIERA,CN,2605
CN-2605-SRL-L888-VHHH,8,SIERA,DCT,RULAD,CN,2605
CN-2605-SRL-L888-VHHH,9,RULAD,A460,XKC,CN,2605
CN-2605-SRL-L888-VHHH,10,XKC,L888,BIGOR,CN,2605
CN-2605-SRL-L888-VHHH,11,BIGOR,W9,CZH,CN,2605
CN-2605-SRL-L888-VHHH,12,CZH,B213,CTU,CN,2605
CN-2605-SRL-L888-VHHH,13,CTU,W237,IDBOR,CN,2605
CN-2605-SRL-L888-VHHH,14,IDBOR,B330,KWE,CN,2605
CN-2605-SRL-L888-VHHH,15,KWE,W181,DUDIT,CN,2605
CN-2605-SRL-L888-VHHH,16,DUDIT,A599,POU,CN,2605
CN-2605-SRL-L888-VHHH,17,POU,R473,SIERA,CN,2605
CN-2605-SRL-L888-VHHH,18,SIERA,DCT,LINSO,CN,2605
CN-2605-SRL-L888-VHHH,19,LINSO,A599,POU,CN,2605
CN-2605-SRL-L888-VHHH,20,POU,R473,SIERA,CN,2605
CN-2605-SRL-TAMOT,1,SARIN,A368,FKG,CN,2605
CN-2605-SRL-TAMOT,2,FKG,W188,LIKMI,CN,2605
CN-2605-SRL-TAMOT,3,LIKMI,W270,NOLOM,CN,2605
CN-2605-SRL-TAMOT,4,NOLOM,B330,KWE,CN,2605
CN-2605-SRL-TAMOT,5,KWE,W181,DUDIT,CN,2605
CN-2605-SRL-TAMOT,6,DUDIT,A599,POU,CN,2605
CN-2605-SRL-TAMOT,7,POU,B330,TAMOT,CN,2605
CN-2605-SRL-TAMOT,8,TAMOT,DCT,RULAD,CN,2605
CN-2605-SRL-TAMOT,9,RULAD,A343,POSOT,CN,2605
CN-2605-SRL-TAMOT,10,POSOT,B215,FKG,CN,2605
CN-2605-SRL-TAMOT,11,FKG,W188,LIKMI,CN,2605
CN-2605-SRL-TAMOT,12,LIKMI,W270,NOLOM,CN,2605
CN-2605-SRL-TAMOT,13,NOLOM,B330,KWE,CN,2605
CN-2605-SRL-TAMOT,14,KWE,W181,DUDIT,CN,2605
CN-2605-SRL-TAMOT,15,DUDIT,A599,POU,CN,2605
CN-2605-SRL-TAMOT,16,POU,B330,TAMOT,CN,2605
CN-2605-SRL-TAMOT,17,TAMOT,DCT,LINSO,CN,2605
CN-2605-SRL-TAMOT,18,LINSO,A599,POU,CN,2605
CN-2605-SRL-TAMOT,19,POU,B330,TAMOT,CN,2605
CN-2605-SRL-VHHH,1,SARIN,A368,FKG,CN,2605
CN-2605-SRL-VHHH,2,FKG,W188,LIKMI,CN,2605
CN-2605-SRL-VHHH,3,LIKMI,W270,NOLOM,CN,2605
CN-2605-SRL-VHHH,4,NOLOM,B330,KWE,CN,2605
CN-2605-SRL-VHHH,5,KWE,W181,DUDIT,CN,2605
CN-2605-SRL-VHHH,6,DUDIT,A599,POU,CN,2605
CN-2605-SRL-VHHH,7,POU,R473,SIERA,CN,2605
CN-2605-SRL-VHHH,8,SIERA,DCT,RULAD,CN,2605
CN-2605-SRL-VHHH,9,RULAD,A343,POSOT,CN,2605
CN-2605-SRL-VHHH,10,POSOT,B215,FKG,CN,2605
CN-2605-SRL-VHHH,11,FKG,W192,ESDEX,CN,2605
CN-2605-SRL-VHHH,12,ESDEX,W191,DNC,CN,2605
CN-2605-SRL-VHHH,13,DNC,W565,BIGUX,CN,2605
CN-2605-SRL-VHHH,14,BIGUX,B330,KWE,CN,2605
CN-2605-SRL-VHHH,15,KWE,W181,DUDIT,CN,2605
CN-2605-SRL-VHHH,16,DUDIT,A599,POU,CN,2605
CN-2605-SRL-VHHH,17,POU,R473,SIERA,CN,2605
CN-2605-SRL-VHHH,18,SIERA,DCT,LINSO,CN,2605
CN-2605-SRL-VHHH,19,LINSO,A599,POU,CN,2605
CN-2605-SRL-VHHH,20,POU,R473,SIERA,CN,2605
CN-2605-SRL-W191-TAMOT,1,SARIN,A368,FKG,CN,2605
CN-2605-SRL-W191-TAMOT,2,FKG,W192,ESDEX,CN,2605
CN-2605-SRL-W191-TAMOT,3,ESDEX,W191,DNC,CN,2605
CN-2605-SRL-W191-TAMOT,4,DNC,W565,BIGUX,CN,2605
CN-2605-SRL-W191-TAMOT,5,BIGUX,B330,KWE,CN,2605
CN-2605-SRL-W191-TAMOT,6,KWE,W181,DUDIT,CN,2605
CN-2605-SRL-W191-TAMOT,7,DUDIT,A599,POU,CN,2605
CN-2605-SRL-W191-TAMOT,8,POU,B330,TAMOT,CN,2605
CN-2605-SRL-W191-TAMOT,9,TAMOT,DCT,RULAD,CN,2605
CN-2605-SRL-W191-TAMOT,10,RULAD,A343,POSOT,CN,2605
CN-2605-SRL-W191-TAMOT,11,POSOT,B215,FKG,CN,2605
CN-2605-SRL-W191-TAMOT,12,FKG,W192,ESDEX,CN,2605
CN-2605-SRL-W191-TAMOT,13,ESDEX,W191,DNC,CN,2605
CN-2605-SRL-W191-TAMOT,14,DNC,W565,BIGUX,CN,2605
CN-2605-SRL-W191-TAMOT,15,BIGUX,B330,KWE,CN,2605
CN-2605-SRL-W191-TAMOT,16,KWE,W181,DUDIT,CN,2605
CN-2605-SRL-W191-TAMOT,17,DUDIT,A599,POU,CN,2605
CN-2605-SRL-W191-TAMOT,18,POU,B330,TAMOT,CN,2605
CN-2605-SRL-W191-TAMOT,19,TAMOT,DCT,LINSO,CN,2605
CN-2605-SRL-W191-TAMOT,20,LINSO,A599,POU,CN,2605
CN-2605-SRL-W191-TAMOT,21,POU,B330,TAMOT,CN,2605
CN-2605-SRL-W191-VHHH,1,SARIN,A368,FKG,CN,2605
CN-2605-SRL-W191-VHHH,2,FKG,W192,ESDEX,CN,2605
CN-2605-SRL-W191-VHHH,3,ESDEX,W191,DNC,CN,2605
CN-2605-SRL-W191-VHHH,4,DNC,W565,BIGUX,CN,2605
CN-2605-SRL-W191-VHHH,5,BIGUX,B330,KWE,CN,2605
CN-2605-SRL-W191-VHHH,6,KWE,W181,DUDIT,CN,2605
CN-2605-SRL-W191-VHHH,7,DUDIT,A599,POU,CN,2605
CN-2605-SRL-W191-VHHH,8,POU,R473,SIERA,CN,2605
CN-2605-SRL-W191-VHHH,9,SIERA,DCT,RULAD,CN,2605
CN-2605-SRL-W191-VHHH,10,RULAD,A343,POSOT,CN,2605
CN-2605-SRL-W191-VHHH,11,POSOT,B215,FKG,CN,2605
CN-2605-SRL-W191-VHHH,12,FKG,W192,ESDEX,CN,2605
CN-2605-SRL-W191-VHHH,13,ESDEX,W191,DNC,CN,2605
CN-2605-SRL-W191-VHHH,14,DNC,W565,BIGUX,CN,2605
CN-2605-SRL-W191-VHHH,15,BIGUX,B330,KWE,CN,2605
CN-2605-SRL-W191-VHHH,16,KWE,W181,DUDIT,CN,2605
CN-2605-SRL-W191-VHHH,17,DUDIT,A599,POU,CN,2605
CN-2605-SRL-W191-VHHH,18,POU,R473,SIERA,CN,2605
CN-2605-SRL-W191-VHHH,19,SIERA,DCT,LINSO,CN,2605
CN-2605-SRL-W191-VHHH,20,LINSO,A599,POU,CN,2605
CN-2605-SRL-W191-VHHH,21,POU,R473,SIERA,CN,2605
CN-2605-SRL-W191/L888-TAMOT,1,SARIN,A368,FKG,CN,2605
CN-2605-SRL-W191/L888-TAMOT,2,FKG,W192,ESDEX,CN,2605
CN-2605-SRL-W191/L888-TAMOT,3,ESDEX,W191,DNC,CN,2605
CN-2605-SRL-W191/L888-TAMOT,4,DNC,W565,BIGUX,CN,2605
CN-2605-SRL-W191/L888-TAMOT,5,BIGUX,B330,KWE,CN,2605
CN-2605-SRL-W191/L888-TAMOT,6,KWE,W181,DUDIT,CN,2605
CN-2605-SRL-W191/L888-TAMOT,7,DUDIT,A599,POU,CN,2605
CN-2605-SRL-W191/L888-TAMOT,8,POU,B330,TAMOT,CN,2605
CN-2605-SRL-W191/L888-TAMOT,9,TAMOT,DCT,RULAD,CN,2605
CN-2605-SRL-W191/L888-TAMOT,10,RULAD,A460,XKC,CN,2605
CN-2605-SRL-W191/L888-TAMOT,11,XKC,L888,BIGOR,CN,2605
CN-2605-SRL-W191/L888-TAMOT,12,BIGOR,W9,CZH,CN,2605
CN-2605-SRL-W191/L888-TAMOT,13,CZH,B213,CTU,CN,2605
CN-2605-SRL-W191/L888-TAMOT,14,CTU,W237,IDBOR,CN,2605
CN-2605-SRL-W191/L888-TAMOT,15,IDBOR,B330,KWE,CN,2605
CN-2605-SRL-W191/L888-TAMOT,16,KWE,W181,DUDIT,CN,2605
CN-2605-SRL-W191/L888-TAMOT,17,DUDIT,A599,POU,CN,2605
CN-2605-SRL-W191/L888-TAMOT,18,POU,B330,TAMOT,CN,2605
CN-2605-SRL-W191/L888-TAMOT,19,TAMOT,DCT,LINSO,CN,2605
CN-2605-SRL-W191/L888-TAMOT,20,LINSO,A599,POU,CN,2605
CN-2605-SRL-W191/L888-TAMOT,21,POU,B330,TAMOT,CN,2605
CN-2605-SRL-W191/L888-VHHH,1,SARIN,A368,FKG,CN,2605
CN-2605-SRL-W191/L888-VHHH,2,FKG,W192,ESDEX,CN,2605
CN-2605-SRL-W191/L888-VHHH,3,ESDEX,W191,DNC,CN,2605
CN-2605-SRL-W191/L888-VHHH,4,DNC,W565,BIGUX,CN,2605
CN-2605-SRL-W191/L888-VHHH,5,BIGUX,B330,KWE,CN,2605
CN-2605-SRL-W191/L888-VHHH,6,KWE,W181,DUDIT,CN,2605
CN-2605-SRL-W191/L888-VHHH,7,DUDIT,A599,POU,CN,2605
CN-2605-SRL-W191/L888-VHHH,8,POU,R473,SIERA,CN,2605
CN-2605-SRL-W191/L888-VHHH,9,SIERA,DCT,RULAD,CN,2605
CN-2605-SRL-W191/L888-VHHH,10,RULAD,A460,XKC,CN,2605
CN-2605-SRL-W191/L888-VHHH,11,XKC,L888,BIGOR,CN,2605
CN-2605-SRL-W191/L888-VHHH,12,BIGOR,W9,CZH,CN,2605
CN-2605-SRL-W191/L888-VHHH,13,CZH,B213,CTU,CN,2605
CN-2605-SRL-W191/L888-VHHH,14,CTU,W237,IDBOR,CN,2605
CN-2605-SRL-W191/L888-VHHH,15,IDBOR,B330,KWE,CN,2605
CN-2605-SRL-W191/L888-VHHH,16,KWE,W181,DUDIT,CN,2605
CN-2605-SRL-W191/L888-VHHH,17,DUDIT,A599,POU,CN,2605
CN-2605-SRL-W191/L888-VHHH,18,POU,R473,SIERA,CN,2605
CN-2605-SRL-W191/L888-VHHH,19,SIERA,DCT,LINSO,CN,2605
CN-2605-SRL-W191/L888-VHHH,20,LINSO,A599,POU,CN,2605
CN-2605-SRL-W191/L888-VHHH,21,POU,R473,SIERA,CN,2605
CN-2605-SRL-W191/Y1-TAMOT,1,SARIN,A368,FKG,CN,2605
CN-2605-SRL-W191/Y1-TAMOT,2,FKG,W192,ESDEX,CN,2605
CN-2605-SRL-W191/Y1-TAMOT,3,ESDEX,W191,DNC,CN,2605
CN-2605-SRL-W191/Y1-TAMOT,4,DNC,W565,BIGUX,CN,2605
CN-2605-SRL-W191/Y1-TAMOT,5,BIGUX,B330,KWE,CN,2605
CN-2605-SRL-W191/Y1-TAMOT,6,KWE,W181,DUDIT,CN,2605
CN-2605-SRL-W191/Y1-TAMOT,7,DUDIT,A599,POU,CN,2605
CN-2605-SRL-W191/Y1-TAMOT,8,POU,B330,TAMOT,CN,2605
CN-2605-SRL-W191/Y1-TAMOT,9,TAMOT,DCT,RULAD,CN,2605
CN-2605-SRL-W191/Y1-TAMOT,10,RULAD,A460,XKC,CN,2605
CN-2605-SRL-W191/Y1-TAMOT,11,XKC,L888,SADAN,CN,2605
CN-2605-SRL-W191/Y1-TAMOT,12,SADAN,Y1,OMBON,CN,2605
CN-2605-SRL-W191/Y1-TAMOT,13,OMBON,W245,OVRAL,CN,2605
CN-2605-SRL-W191/Y1-TAMOT,14,OVRAL,B330,KWE,CN,2605
CN-2605-SRL-W191/Y1-TAMOT,15,KWE,W181,DUDIT,CN,2605
CN-2605-SRL-W191/Y1-TAMOT,16,DUDIT,A599,POU,CN,2605
CN-2605-SRL-W191/Y1-TAMOT,17,POU,B330,TAMOT,CN,2605
CN-2605-SRL-W191/Y1-TAMOT,18,TAMOT,DCT,LINSO,CN,2605
CN-2605-SRL-W191/Y1-TAMOT,19,LINSO,A599,POU,CN,2605
CN-2605-SRL-W191/Y1-TAMOT,20,POU,B330,TAMOT,CN,2605
CN-2605-SRL-W191/Y1-VHHH,1,SARIN,A368,FKG,CN,2605
CN-2605-SRL-W191/Y1-VHHH,2,FKG,W192,ESDEX,CN,2605
CN-2605-SRL-W191/Y1-VHHH,3,ESDEX,W191,DNC,CN,2605
CN-2605-SRL-W191/Y1-VHHH,4,DNC,W565,BIGUX,CN,2605
CN-2605-SRL-W191/Y1-VHHH,5,BIGUX,B330,KWE,CN,2605
CN-2605-SRL-W191/Y1-VHHH,6,KWE,W181,DUDIT,CN,2605
CN-2605-SRL-W191/Y1-VHHH,7,DUDIT,A599,POU,CN,2605
CN-2605-SRL-W191/Y1-VHHH,8,POU,R473,SIERA,CN,2605
CN-2605-SRL-W191/Y1-VHHH,9,SIERA,DCT,RULAD,CN,2605
CN-2605-SRL-W191/Y1-VHHH,10,RULAD,A460,XKC,CN,2605
CN-2605-SRL-W191/Y1-VHHH,11,XKC,L888,SADAN,CN,2605
CN-2605-SRL-W191/Y1-VHHH,12,SADAN,Y1,OMBON,CN,2605
CN-2605-SRL-W191/Y1-VHHH,13,OMBON,W245,OVRAL,CN,2605
CN-2605-SRL-W191/Y1-VHHH,14,OVRAL,B330,KWE,CN,2605
CN-2605-SRL-W191/Y1-VHHH,15,KWE,W181,DUDIT,CN,2605
CN-2605-SRL-W191/Y1-VHHH,16,DUDIT,A599,POU,CN,2605
CN-2605-SRL-W191/Y1-VHHH,17,POU,R473,SIERA,CN,2605
CN-2605-SRL-W191/Y1-VHHH,18,SIERA,DCT,LINSO,CN,2605
CN-2605-SRL-W191/Y1-VHHH,19,LINSO,A599,POU,CN,2605
CN-2605-SRL-W191/Y1-VHHH,20,POU,R473,SIERA,CN,2605
CN-2605-SRL-Y1-VHHH,1,SARIN,A368,FKG,CN,2605
CN-2605-SRL-Y1-VHHH,2,FKG,W188,LIKMI,CN,2605
CN-2605-SRL-Y1-VHHH,3,LIKMI,W270,NOLOM,CN,2605
CN-2605-SRL-Y1-VHHH,4,NOLOM,B330,KWE,CN,2605
CN-2605-SRL-Y1-VHHH,5,KWE,W181,DUDIT,CN,2605
CN-2605-SRL-Y1-VHHH,6,DUDIT,A599,POU,CN,2605
CN-2605-SRL-Y1-VHHH,7,POU,R473,SIERA,CN,2605
CN-2605-SRL-Y1-VHHH,8,SIERA,DCT,RULAD,CN,2605
CN-2605-SRL-Y1-VHHH,9,RULAD,A460,XKC,CN,2605
CN-2605-SRL-Y1-VHHH,10,XKC,L888,SADAN,CN,2605
CN-2605-SRL-Y1-VHHH,11,SADAN,Y1,OMBON,CN,2605
CN-2605-SRL-Y1-VHHH,12,OMBON,W245,OVRAL,CN,2605
CN-2605-SRL-Y1-VHHH,13,OVRAL,B330,KWE,CN,2605
CN-2605-SRL-Y1-VHHH,14,KWE,W181,DUDIT,CN,2605
CN-2605-SRL-Y1-VHHH,15,DUDIT,A599,POU,CN,2605
CN-2605-SRL-Y1-VHHH,16,POU,R473,SIERA,CN,2605
CN-2605-SRL-Y1-VHHH,17,SIERA,DCT,LINSO,CN,2605
CN-2605-SRL-Y1-VHHH,18,LINSO,A599,POU,CN,2605
CN-2605-SRL-Y1-VHHH,19,POU,R473,SIERA,CN,2605
CN-2605-TAMOT-ZGGG-01,1,TAMOT,W68,IDUMA,CN,2605
CN-2605-TEBAK-AGAVO,1,TEBAK,R474,WUY,CN,2605
CN-2605-TEBAK-AGAVO,2,WUY,R343,GOSMA,CN,2605
CN-2605-TEBAK-AGAVO,3,GOSMA,W82,UPMAT,CN,2605
CN-2605-TEBAK-AGAVO,4,UPMAT,W56,IDPOG,CN,2605
CN-2605-TEBAK-AGAVO,5,IDPOG,A581,WHA,CN,2605
CN-2605-TEBAK-AGAVO,6,WHA,R343,PK,CN,2605
CN-2605-TEBAK-AGAVO,7,PK,A593,AKARA,CN,2605
CN-2605-TEBAK-AGAVO,8,AKARA,A326,IKEKA,CN,2605
CN-2605-TEBAK-AGAVO,9,IKEKA,A591,AGAVO,CN,2605
CN-2605-TEBAK-ARGUK,1,TEBAK,R474,WUY,CN,2605
CN-2605-TEBAK-ARGUK,2,WUY,R343,GOSMA,CN,2605
CN-2605-TEBAK-ARGUK,3,GOSMA,W82,UPMAT,CN,2605
CN-2605-TEBAK-ARGUK,4,UPMAT,W56,VYK,CN,2605
CN-2605-TEBAK-ARGUK,5,VYK,G212,SOTMU,CN,2605
CN-2605-TEBAK-ARGUK,6,SOTMU,B339,HUR,CN,2605
CN-2605-TEBAK-ARGUK,7,HUR,B334,TGO,CN,2605
CN-2605-TEBAK-ARGUK,8,TGO,G212,ARGUK,CN,2605
CN-2605-TEBAK-BISUN,1,TEBAK,R474,WUY,CN,2605
CN-2605-TEBAK-BISUN,2,WUY,R343,GOSMA,CN,2605
CN-2605-TEBAK-BISUN,3,GOSMA,W82,UPMAT,CN,2605
CN-2605-TEBAK-BISUN,4,UPMAT,W56,VYK,CN,2605
CN-2605-TEBAK-BISUN,5,VYK,G212,SOTMU,CN,2605
CN-2605-TEBAK-BISUN,6,SOTMU,B339,HUR,CN,2605
CN-2605-TEBAK-BISUN,7,HUR,B334,TGO,CN,2605
CN-2605-TEBAK-BISUN,8,TGO,G341,WQG,CN,2605
CN-2605-TEBAK-BISUN,9,WQG,B451,BISUN,CN,2605
CN-2605-TEBAK-GOLOT,1,TEBAK,R474,WUY,CN,2605
CN-2605-TEBAK-GOLOT,2,WUY,R343,GOSMA,CN,2605
CN-2605-TEBAK-GOLOT,3,GOSMA,W82,UPMAT,CN,2605
CN-2605-TEBAK-GOLOT,4,UPMAT,W56,VYK,CN,2605
CN-2605-TEBAK-GOLOT,5,VYK,W34,PAMRU,CN,2605
CN-2605-TEBAK-GOLOT,6,PAMRU,W244,IGMOR,CN,2605
CN-2605-TEBAK-GOLOT,7,IGMOR,W36,ENVAV,CN,2605
CN-2605-TEBAK-GOLOT,8,ENVAV,W243,OTBUL,CN,2605
CN-2605-TEBAK-GOLOT,9,OTBUL,W35,CHG,CN,2605
CN-2605-TEBAK-GOLOT,10,CHG,A575,BIDIB,CN,2605
CN-2605-TEBAK-GOLOT,11,BIDIB,A345,GOLOT,CN,2605
CN-2605-TEBAK-GOPTO,1,TEBAK,R474,WUY,CN,2605
CN-2605-TEBAK-GOPTO,2,WUY,R343,LBN,CN,2605
CN-2605-TEBAK-GOPTO,3,LBN,W2,SJG,CN,2605
CN-2605-TEBAK-GOPTO,4,SJG,B330,ELKAL,CN,2605
CN-2605-TEBAK-GOPTO,5,ELKAL,W179,OMBON,CN,2605
CN-2605-TEBAK-GOPTO,6,OMBON,W195,IDOPA,CN,2605
CN-2605-TEBAK-GOPTO,7,IDOPA,W197,ANDIM,CN,2605
CN-2605-TEBAK-GOPTO,8,ANDIM,B215,IBANO,CN,2605
CN-2605-TEBAK-GOPTO,9,IBANO,G470,AKLAS,CN,2605
CN-2605-TEBAK-GOPTO,10,AKLAS,W192,FKG,CN,2605
CN-2605-TEBAK-GOPTO,11,FKG,G588,NIRAV,CN,2605
CN-2605-TEBAK-GOPTO,12,NIRAV,B206,GOPTO,CN,2605
CN-2605-TEBAK-INTIK,1,TEBAK,R474,WUY,CN,2605
CN-2605-TEBAK-INTIK,2,WUY,R343,GOSMA,CN,2605
CN-2605-TEBAK-INTIK,3,GOSMA,W82,UPMAT,CN,2605
CN-2605-TEBAK-INTIK,4,UPMAT,W56,OBMEP,CN,2605
CN-2605-TEBAK-INTIK,5,OBMEP,B208,HET,CN,2605
CN-2605-TEBAK-INTIK,6,HET,W32,INTIK,CN,2605
CN-2605-TEBAK-NIXAL,1,TEBAK,R474,WUY,CN,2605
CN-2605-TEBAK-NIXAL,2,WUY,R343,GOSMA,CN,2605
CN-2605-TEBAK-NIXAL,3,GOSMA,W82,UPMAT,CN,2605
CN-2605-TEBAK-NIXAL,4,UPMAT,W56,OBMEP,CN,2605
CN-2605-TEBAK-NIXAL,5,OBMEP,B208,NIXAL,CN,2605
CN-2605-TEBAK-SADLI,1,TEBAK,R474,GYA,CN,2605
CN-2605-TEBAK-SADLI,2,GYA,B330,POU,CN,2605
CN-2605-TEBAK-SADLI,3,POU,G471,SHL,CN,2605
CN-2605-TEBAK-SADLI,4,SHL,W26,UPRIK,CN,2605
CN-2605-TEBAK-SADLI,5,UPRIK,W41,OMDUP,CN,2605
CN-2605-TEBAK-SADLI,6,OMDUP,G471,PLT,CN,2605
CN-2605-TEBAK-SADLI,7,PLT,A599,JTN,CN,2605
CN-2605-TEBAK-SADLI,8,JTN,G327,LAMEN,CN,2605
CN-2605-TEBAK-SADLI,9,LAMEN,A593,SADLI,CN,2605
CN-2605-TEBAK-SARIN,1,TEBAK,R474,WUY,CN,2605
CN-2605-TEBAK-SARIN,2,WUY,R343,LBN,CN,2605
CN-2605-TEBAK-SARIN,3,LBN,W2,SJG,CN,2605
CN-2605-TEBAK-SARIN,4,SJG,B330,ELKAL,CN,2605
CN-2605-TEBAK-SARIN,5,ELKAL,W179,OMBON,CN,2605
CN-2605-TEBAK-SARIN,6,OMBON,W195,IDOPA,CN,2605
CN-2605-TEBAK-SARIN,7,IDOPA,W197,ANDIM,CN,2605
CN-2605-TEBAK-SARIN,8,ANDIM,B215,IBANO,CN,2605
CN-2605-TEBAK-SARIN,9,IBANO,G470,AKLAS,CN,2605
CN-2605-TEBAK-SARIN,10,AKLAS,W192,FKG,CN,2605
CN-2605-TEBAK-SARIN,11,FKG,A368,SARIN,CN,2605
CN-2605-TEBAK-TAMOT,1,TEBAK,R474,GYA,CN,2605
CN-2605-TEBAK-TAMOT,2,GYA,B330,TAMOT,CN,2605
CN-2605-TEBAK-TOMUK,1,TEBAK,R474,WUY,CN,2605
CN-2605-TEBAK-TOMUK,2,WUY,R343,GOSMA,CN,2605
CN-2605-TEBAK-TOMUK,3,GOSMA,W82,UPMAT,CN,2605
CN-2605-TEBAK-TOMUK,4,UPMAT,W56,VYK,CN,2605
CN-2605-TEBAK-TOMUK,5,VYK,W34,VAPGU,CN,2605
CN-2605-TEBAK-TOMUK,6,VAPGU,W100,ORAVA,CN,2605
CN-2605-TEBAK-TOMUK,7,ORAVA,W201,UNSEK,CN,2605
CN-2605-TEBAK-TOMUK,8,UNSEK,A326,SANKO,CN,2605
CN-2605-TEBAK-TOMUK,9,SANKO,B332,TOMUK,CN,2605
CN-2605-TEBAK-VHHH,1,TEBAK,R474,GYA,CN,2605
CN-2605-TEBAK-VHHH,2,GYA,B330,POU,CN,2605
CN-2605-TEBAK-VHHH,3,POU,R473,SIERA,CN,2605
CN-2605-TEBAK-VMMC,1,TEBAK,R474,GYA,CN,2605
CN-2605-TEBAK-VMMC,2,GYA,B330,POU,CN,2605
CN-2605-TEBAK-VMMC,3,POU,W7,SAREX,CN,2605
CN-2605-TEBAK-VMMC,4,SAREX,W6,LATOP,CN,2605
CN-2605-TEBAK-WHA-SADLI,1,TEBAK,R474,WUY,CN,2605
CN-2605-TEBAK-WHA-SADLI,2,WUY,R343,GOSMA,CN,2605
CN-2605-TEBAK-WHA-SADLI,3,GOSMA,W82,UPMAT,CN,2605
CN-2605-TEBAK-WHA-SADLI,4,UPMAT,W56,IDPOG,CN,2605
CN-2605-TEBAK-WHA-SADLI,5,IDPOG,A581,WHA,CN,2605
CN-2605-TEBAK-WHA-SADLI,6,WHA,R343,PK,CN,2605
CN-2605-TEBAK-WHA-SADLI,7,PK,W116,JTN,CN,2605
CN-2605-TEBAK-WHA-SADLI,8,JTN,G327,LAMEN,CN,2605
CN-2605-TEBAK-WHA-SADLI,9,LAMEN,A593,SADLI,CN,2605
CN-2605-TEBAK-ZBAA-01,1,TEBAK,R474,WUY,CN,2605
CN-2605-TEBAK-ZBAA-01,2,WUY,R343,GOSMA,CN,2605
CN-2605-TEBAK-ZBAA-01,3,GOSMA,W82,UPMAT,CN,2605
CN-2605-TEBAK-ZBAA-01,4,UPMAT,W56,DUGEB,CN,2605
CN-2605-TEBAK-ZBAD-01,1,TEBAK,R474,WUY,CN,2605
CN-2605-TEBAK-ZBAD-01,2,WUY,R343,GOSMA,CN,2605
CN-2605-TEBAK-ZBAD-01,3,GOSMA,W82,UPMAT,CN,2605
CN-2605-TEBAK-ZBAD-01,4,UPMAT,W56,ORODO,CN,2605
CN-2605-TEBAK-ZBAD-01,5,ORODO,W62,TEKIL,CN,2605
CN-2605-TEBAK-ZBAD-01,6,TEKIL,G212,BELAX,CN,2605
CN-2605-TEBAK-ZBHH-01,1,TEBAK,R474,WUY,CN,2605
CN-2605-TEBAK-ZBHH-01,2,WUY,R343,GOSMA,CN,2605
CN-2605-TEBAK-ZBHH-01,3,GOSMA,W82,UPMAT,CN,2605
CN-2605-TEBAK-ZBHH-01,4,UPMAT,W56,OBMEP,CN,2605
CN-2605-TEBAK-ZBHH-01,5,OBMEP,B208,TODAM,CN,2605
CN-2605-TEBAK-ZBLA-01,1,TEBAK,R474,WUY,CN,2605
CN-2605-TEBAK-ZBLA-01,2,WUY,R343,GOSMA,CN,2605
CN-2605-TEBAK-ZBLA-01,3,GOSMA,W82,UPMAT,CN,2605
CN-2605-TEBAK-ZBLA-01,4,UPMAT,W56,VYK,CN,2605
CN-2605-TEBAK-ZBLA-01,5,VYK,G212,SOTMU,CN,2605
CN-2605-TEBAK-ZBLA-01,6,SOTMU,B339,HUR,CN,2605
CN-2605-TEBAK-ZBLA-01,7,HUR,B334,TGO,CN,2605
CN-2605-TEBAK-ZBLA-01,8,TGO,W27,IKITI,CN,2605
CN-2605-TEBAK-ZBLA-01,9,IKITI,A345,HLD,CN,2605
CN-2605-TEBAK-ZBSJ-01,1,TEBAK,R474,WUY,CN,2605
CN-2605-TEBAK-ZBSJ-01,2,WUY,R343,GOSMA,CN,2605
CN-2605-TEBAK-ZBSJ-01,3,GOSMA,W82,UPMAT,CN,2605
CN-2605-TEBAK-ZBSJ-01,4,UPMAT,W56,ORODO,CN,2605
CN-2605-TEBAK-ZBSJ-01,5,ORODO,W62,AVLIS,CN,2605
CN-2605-TEBAK-ZBTJ-01,1,TEBAK,R474,WUY,CN,2605
CN-2605-TEBAK-ZBTJ-01,2,WUY,R343,GOSMA,CN,2605
CN-2605-TEBAK-ZBTJ-01,3,GOSMA,W82,UPMAT,CN,2605
CN-2605-TEBAK-ZBTJ-01,4,UPMAT,W56,GUVRI,CN,2605
CN-2605-TEBAK-ZBTJ-01,5,GUVRI,W85,OMDEK,CN,2605
CN-2605-TEBAK-ZBYN-01,1,TEBAK,R474,WUY,CN,2605
CN-2605-TEBAK-ZBYN-01,2,WUY,R343,GOSMA,CN,2605
CN-2605-TEBAK-ZBYN-01,3,GOSMA,W82,UPMAT,CN,2605
CN-2605-TEBAK-ZBYN-01,4,UPMAT,W56,OBMEP,CN,2605
CN-2605-TEBAK-ZBYN-01,5,OBMEP,B208,ANPIG,CN,2605
CN-2605-TEBAK-ZGDY-01,1,TEBAK,R474,WUY,CN,2605
CN-2605-TEBAK-ZGDY-01,2,WUY,R343,LLC,CN,2605
CN-2605-TEBAK-ZGDY-01,3,LLC,W138,DYG,CN,2605
CN-2605-TEBAK-ZGGG-01,1,TEBAK,R474,GYA,CN,2605
CN-2605-TEBAK-ZGHA-01,1,TEBAK,R474,WUY,CN,2605
CN-2605-TEBAK-ZGHA-01,2,WUY,R343,AVNEL,CN,2605
CN-2605-TEBAK-ZGHA-01,3,AVNEL,W618,SEBMO,CN,2605
CN-2605-TEBAK-ZGHA-01,4,SEBMO,W227,RUKLI,CN,2605
CN-2605-TEBAK-ZGKL-01,1,TEBAK,R474,WUY,CN,2605
CN-2605-TEBAK-ZGKL-01,2,WUY,R343,LBN,CN,2605
CN-2605-TEBAK-ZGKL-01,3,LBN,W2,MOTOM,CN,2605
CN-2605-TEBAK-ZGNN-01,1,TEBAK,R474,XEREN,CN,2605
CN-2605-TEBAK-ZGSZ-01,1,TEBAK,R474,GYA,CN,2605
CN-2605-TEBAK-ZGSZ-01,2,GYA,A599,POU,CN,2605
CN-2605-TEBAK-ZGSZ-01,3,POU,W7,SAREX,CN,2605
CN-2605-TEBAK-ZGZJ-01,1,TEBAK,R474,WUY,CN,2605
CN-2605-TEBAK-ZGZJ-01,2,WUY,R339,BHY,CN,2605
CN-2605-TEBAK-ZHCC-01,1,TEBAK,R474,WUY,CN,2605
CN-2605-TEBAK-ZHCC-01,2,WUY,R343,GOSMA,CN,2605
CN-2605-TEBAK-ZHCC-01,3,GOSMA,W82,UPMAT,CN,2605
CN-2605-TEBAK-ZHCC-01,4,UPMAT,W56,IGMIG,CN,2605
CN-2605-TEBAK-ZHEC-01,1,TEBAK,R474,WUY,CN,2605
CN-2605-TEBAK-ZHEC-01,2,WUY,R343,GOSMA,CN,2605
CN-2605-TEBAK-ZHEC-01,3,GOSMA,W82,UPMAT,CN,2605
CN-2605-TEBAK-ZHHH-01,1,TEBAK,R474,WUY,CN,2605
CN-2605-TEBAK-ZHHH-01,2,WUY,R343,GOSMA,CN,2605
CN-2605-TEBAK-ZHHH-01,3,GOSMA,W82,UPMAT,CN,2605
CN-2605-TEBAK-ZJHK-01,1,TEBAK,R474,WUY,CN,2605
CN-2605-TEBAK-ZJHK-01,2,WUY,R339,BHY,CN,2605
CN-2605-TEBAK-ZJHK-01,3,BHY,W70,NYB,CN,2605
CN-2605-TEBAK-ZJSY-01,1,TEBAK,R474,WUY,CN,2605
CN-2605-TEBAK-ZJSY-01,2,WUY,R339,BHY,CN,2605
CN-2605-TEBAK-ZJSY-01,3,BHY,W70,NYB,CN,2605
CN-2605-TEBAK-ZJSY-01,4,NYB,G221,WL,CN,2605
CN-2605-TEBAK-ZLIC-01,1,TEBAK,R474,WUY,CN,2605
CN-2605-TEBAK-ZLIC-01,2,WUY,R343,GOSMA,CN,2605
CN-2605-TEBAK-ZLIC-01,3,GOSMA,W82,UPMAT,CN,2605
CN-2605-TEBAK-ZLIC-01,4,UPMAT,W56,OBMEP,CN,2605
CN-2605-TEBAK-ZLIC-01,5,OBMEP,B208,AGVUR,CN,2605
CN-2605-TEBAK-ZLIC-01,6,AGVUR,B215,APOGO,CN,2605
CN-2605-TEBAK-ZLIC-01,7,APOGO,W218,TUTGO,CN,2605
CN-2605-TEBAK-ZLIC-01,8,TUTGO,W220,NIRUV,CN,2605
CN-2605-TEBAK-ZLIC-01,9,NIRUV,B215,YHD,CN,2605
CN-2605-TEBAK-ZSAM-01,1,TEBAK,R474,GYA,CN,2605
CN-2605-TEBAK-ZSAM-01,2,GYA,A599,POU,CN,2605
CN-2605-TEBAK-ZSAM-01,3,POU,G471,SHL,CN,2605
CN-2605-TEBAK-ZSAM-01,4,SHL,W22,GUBLO,CN,2605
CN-2605-TEBAK-ZSAM-01,5,GUBLO,R200,BEBEM,CN,2605
CN-2605-TEBAK-ZSAM-01,6,BEBEM,A470,TEBON,CN,2605
CN-2605-TEBAK-ZSCN-01,1,TEBAK,R474,WUY,CN,2605
CN-2605-TEBAK-ZSCN-01,2,WUY,R343,ABTUD,CN,2605
CN-2605-TEBAK-ZSCN-01,3,ABTUD,W227,GUTGO,CN,2605
CN-2605-TEBAK-ZSHC-01,1,TEBAK,R474,GYA,CN,2605
CN-2605-TEBAK-ZSHC-01,2,GYA,B330,POU,CN,2605
CN-2605-TEBAK-ZSHC-01,3,POU,G471,SHL,CN,2605
CN-2605-TEBAK-ZSHC-01,4,SHL,W26,UPRIK,CN,2605
CN-2605-TEBAK-ZSHC-01,5,UPRIK,W41,OMDUP,CN,2605
CN-2605-TEBAK-ZSHC-01,6,OMDUP,G471,PLT,CN,2605
CN-2605-TEBAK-ZSHC-01,7,PLT,A599,ELNEX,CN,2605
CN-2605-TEBAK-ZSJN-01,1,TEBAK,R474,WUY,CN,2605
CN-2605-TEBAK-ZSJN-01,2,WUY,R343,GOSMA,CN,2605
CN-2605-TEBAK-ZSJN-01,3,GOSMA,W82,UPMAT,CN,2605
CN-2605-TEBAK-ZSJN-01,4,UPMAT,W56,VADMO,CN,2605
CN-2605-TEBAK-ZSJN-01,5,VADMO,W4,WXI,CN,2605
CN-2605-TEBAK-ZSJN-01,6,WXI,W59,UBSIS,CN,2605
CN-2605-TEBAK-ZSLY-01,1,TEBAK,R474,WUY,CN,2605
CN-2605-TEBAK-ZSLY-01,2,WUY,R343,GOSMA,CN,2605
CN-2605-TEBAK-ZSLY-01,3,GOSMA,W82,UPMAT,CN,2605
CN-2605-TEBAK-ZSLY-01,4,UPMAT,W56,IDPOG,CN,2605
CN-2605-TEBAK-ZSLY-01,5,IDPOG,A581,WHA,CN,2605
CN-2605-TEBAK-ZSLY-01,6,WHA,R343,HFE,CN,2605
CN-2605-TEBAK-ZSLY-01,7,HFE,W127,XUZ,CN,2605
CN-2605-TEBAK-ZSLY-01,8,XUZ,W125,DO,CN,2605
CN-2605-TEBAK-ZSLY-01,9,DO,W126,DPX,CN,2605
CN-2605-TEBAK-ZSLY-01,10,DPX,A593,AVPEP,CN,2605
CN-2605-TEBAK-ZSNB-01,1,TEBAK,R474,GYA,CN,2605
CN-2605-TEBAK-ZSNB-01,2,GYA,B330,POU,CN,2605
CN-2605-TEBAK-ZSNB-01,3,POU,G471,SHL,CN,2605
CN-2605-TEBAK-ZSNB-01,4,SHL,W26,UPRIK,CN,2605
CN-2605-TEBAK-ZSNB-01,5,UPRIK,W41,OMDUP,CN,2605
CN-2605-TEBAK-ZSNB-01,6,OMDUP,G471,PLT,CN,2605
CN-2605-TEBAK-ZSNB-01,7,PLT,A599,ELNEX,CN,2605
CN-2605-TEBAK-ZSNB-01,8,ELNEX,G204,SHZ,CN,2605
CN-2605-TEBAK-ZSNB-02,1,TEBAK,R474,GYA,CN,2605
CN-2605-TEBAK-ZSNB-02,2,GYA,B330,POU,CN,2605
CN-2605-TEBAK-ZSNB-02,3,POU,G471,SHL,CN,2605
CN-2605-TEBAK-ZSNB-02,4,SHL,W26,UPRIK,CN,2605
CN-2605-TEBAK-ZSNB-02,5,UPRIK,W41,OMDUP,CN,2605
CN-2605-TEBAK-ZSNB-02,6,OMDUP,G471,PLT,CN,2605
CN-2605-TEBAK-ZSNB-02,7,PLT,A599,ELNEX,CN,2605
CN-2605-TEBAK-ZSNB-02,8,ELNEX,G204,SHZ,CN,2605
CN-2605-TEBAK-ZSNB-02,9,SHZ,W58,BK,CN,2605
CN-2605-TEBAK-ZSNJ-01,1,TEBAK,R474,WUY,CN,2605
CN-2605-TEBAK-ZSNJ-01,2,WUY,R343,GOSMA,CN,2605
CN-2605-TEBAK-ZSNJ-01,3,GOSMA,W82,UPMAT,CN,2605
CN-2605-TEBAK-ZSNJ-01,4,UPMAT,W56,IDPOG,CN,2605
CN-2605-TEBAK-ZSNJ-01,5,IDPOG,A581,WHA,CN,2605
CN-2605-TEBAK-ZSNJ-01,6,WHA,R343,HFE,CN,2605
CN-2605-TEBAK-ZSNJ-01,7,HFE,W51,LEGIV,CN,2605
CN-2605-TEBAK-ZSNJ-01,8,LEGIV,W164,OREVO,CN,2605
CN-2605-TEBAK-ZSNT-01,1,TEBAK,R474,WUY,CN,2605
CN-2605-TEBAK-ZSNT-01,2,WUY,R343,GOSMA,CN,2605
CN-2605-TEBAK-ZSNT-01,3,GOSMA,W82,UPMAT,CN,2605
CN-2605-TEBAK-ZSNT-01,4,UPMAT,W56,IDPOG,CN,2605
CN-2605-TEBAK-ZSNT-01,5,IDPOG,A581,WHA,CN,2605
CN-2605-TEBAK-ZSNT-01,6,WHA,R343,OLRIS,CN,2605
CN-2605-TEBAK-ZSNT-01,7,OLRIS,G345,UNTAN,CN,2605
CN-2605-TEBAK-ZSNT-01,8,UNTAN,G330,PIKAS,CN,2605
CN-2605-TEBAK-ZSNT-01,9,PIKAS,W109,NTG,CN,2605
CN-2605-TEBAK-ZSOF-01,1,TEBAK,R474,WUY,CN,2605
CN-2605-TEBAK-ZSOF-01,2,WUY,R343,GOSMA,CN,2605
CN-2605-TEBAK-ZSOF-01,3,GOSMA,W82,UPMAT,CN,2605
CN-2605-TEBAK-ZSOF-01,4,UPMAT,W56,IDPOG,CN,2605
CN-2605-TEBAK-ZSOF-01,5,IDPOG,A581,WHA,CN,2605
CN-2605-TEBAK-ZSOF-01,6,WHA,R343,MIDOX,CN,2605
CN-2605-TEBAK-ZSPD-01,1,TEBAK,R474,WUY,CN,2605
CN-2605-TEBAK-ZSPD-01,2,WUY,R343,GOSMA,CN,2605
CN-2605-TEBAK-ZSPD-01,3,GOSMA,W82,UPMAT,CN,2605
CN-2605-TEBAK-ZSPD-01,4,UPMAT,W56,IDPOG,CN,2605
CN-2605-TEBAK-ZSPD-01,5,IDPOG,A581,WHA,CN,2605
CN-2605-TEBAK-ZSPD-01,6,WHA,R343,EKIMU,CN,2605
CN-2605-TEBAK-ZSQD-01,1,TEBAK,R474,WUY,CN,2605
CN-2605-TEBAK-ZSQD-01,2,WUY,R343,GOSMA,CN,2605
CN-2605-TEBAK-ZSQD-01,3,GOSMA,W82,UPMAT,CN,2605
CN-2605-TEBAK-ZSQD-01,4,UPMAT,W56,VADMO,CN,2605
CN-2605-TEBAK-ZSQD-01,5,VADMO,W4,WXI,CN,2605
CN-2605-TEBAK-ZSQD-01,6,WXI,W59,SUNOK,CN,2605
CN-2605-TEBAK-ZSQD-01,7,SUNOK,W103,YQG,CN,2605
CN-2605-TEBAK-ZSQD-01,8,YQG,W569,NOBUP,CN,2605
CN-2605-TEBAK-ZSQD-01,9,NOBUP,W4,HCH,CN,2605
CN-2605-TEBAK-ZSQD-01,10,HCH,W651,NOKUD,CN,2605
CN-2605-TEBAK-ZSQD-02,1,TEBAK,R474,WUY,CN,2605
CN-2605-TEBAK-ZSQD-02,2,WUY,R343,GOSMA,CN,2605
CN-2605-TEBAK-ZSQD-02,3,GOSMA,W82,UPMAT,CN,2605
CN-2605-TEBAK-ZSQD-02,4,UPMAT,W56,VADMO,CN,2605
CN-2605-TEBAK-ZSQD-02,5,VADMO,W4,WXI,CN,2605
CN-2605-TEBAK-ZSQD-02,6,WXI,W59,SUNOK,CN,2605
CN-2605-TEBAK-ZSQD-02,7,SUNOK,W103,WFG,CN,2605
CN-2605-TEBAK-ZSSH-01,1,TEBAK,R474,WUY,CN,2605
CN-2605-TEBAK-ZSSH-01,2,WUY,R343,GOSMA,CN,2605
CN-2605-TEBAK-ZSSH-01,3,GOSMA,W82,UPMAT,CN,2605
CN-2605-TEBAK-ZSSH-01,4,UPMAT,W56,IDPOG,CN,2605
CN-2605-TEBAK-ZSSH-01,5,IDPOG,A581,WHA,CN,2605
CN-2605-TEBAK-ZSSH-01,6,WHA,R343,MADUK,CN,2605
CN-2605-TEBAK-ZSSH-01,7,MADUK,W73,NOBEM,CN,2605
CN-2605-TEBAK-ZSSH-01,8,NOBEM,W95,OF,CN,2605
CN-2605-TEBAK-ZSSH-01,9,OF,W178,LAGAL,CN,2605
CN-2605-TEBAK-ZSSH-01,10,LAGAL,W525,HUN,CN,2605
CN-2605-TEBAK-ZSSS-01,1,TEBAK,R474,WUY,CN,2605
CN-2605-TEBAK-ZSSS-01,2,WUY,R343,GOSMA,CN,2605
CN-2605-TEBAK-ZSSS-01,3,GOSMA,W82,UPMAT,CN,2605
CN-2605-TEBAK-ZSSS-01,4,UPMAT,W56,IDPOG,CN,2605
CN-2605-TEBAK-ZSSS-01,5,IDPOG,A581,WHA,CN,2605
CN-2605-TEBAK-ZSSS-01,6,WHA,R343,PK,CN,2605
CN-2605-TEBAK-ZSTX-01,1,TEBAK,R474,GYA,CN,2605
CN-2605-TEBAK-ZSTX-01,2,GYA,B330,POU,CN,2605
CN-2605-TEBAK-ZSTX-01,3,POU,G471,SHL,CN,2605
CN-2605-TEBAK-ZSTX-01,4,SHL,W26,UPRIK,CN,2605
CN-2605-TEBAK-ZSTX-01,5,UPRIK,W41,OMDUP,CN,2605
CN-2605-TEBAK-ZSTX-01,6,OMDUP,G471,PLT,CN,2605
CN-2605-TEBAK-ZSTX-01,7,PLT,A599,ELNEX,CN,2605
CN-2605-TEBAK-ZSTX-01,8,ELNEX,G204,TXN,CN,2605
CN-2605-TEBAK-ZSXZ-01,1,TEBAK,R474,WUY,CN,2605
CN-2605-TEBAK-ZSXZ-01,2,WUY,R343,GOSMA,CN,2605
CN-2605-TEBAK-ZSXZ-01,3,GOSMA,W82,UPMAT,CN,2605
CN-2605-TEBAK-ZSXZ-01,4,UPMAT,W56,IDPOG,CN,2605
CN-2605-TEBAK-ZSXZ-01,5,IDPOG,A581,WHA,CN,2605
CN-2605-TEBAK-ZSXZ-01,6,WHA,R343,HFE,CN,2605
CN-2605-TEBAK-ZSXZ-01,7,HFE,W127,ATVIM,CN,2605
CN-2605-TEBAK-ZSYA-01,1,TEBAK,R474,WUY,CN,2605
CN-2605-TEBAK-ZSYA-01,2,WUY,R343,GOSMA,CN,2605
CN-2605-TEBAK-ZSYA-01,3,GOSMA,W82,UPMAT,CN,2605
CN-2605-TEBAK-ZSYA-01,4,UPMAT,W56,IDPOG,CN,2605
CN-2605-TEBAK-ZSYA-01,5,IDPOG,A581,WHA,CN,2605
CN-2605-TEBAK-ZSYA-01,6,WHA,R343,OLRIS,CN,2605
CN-2605-TEBAK-ZSYA-01,7,OLRIS,G345,ZJ,CN,2605
CN-2605-TEBAK-ZSYA-01,8,ZJ,W184,PIMOL,CN,2605
CN-2605-TEBAK-ZUGY-01,1,TEBAK,R474,WUY,CN,2605
CN-2605-TEBAK-ZUGY-01,2,WUY,R343,LBN,CN,2605
CN-2605-TEBAK-ZUGY-01,3,LBN,W2,SJG,CN,2605
CN-2605-TEBAK-ZUGY-01,4,SJG,B330,ELKAL,CN,2605
CN-2605-TEBAK-ZYCC-01,1,TEBAK,R474,WUY,CN,2605
CN-2605-TEBAK-ZYCC-01,2,WUY,R343,GOSMA,CN,2605
CN-2605-TEBAK-ZYCC-01,3,GOSMA,W82,UPMAT,CN,2605
CN-2605-TEBAK-ZYCC-01,4,UPMAT,W56,VYK,CN,2605
CN-2605-TEBAK-ZYCC-01,5,VYK,G212,SOTMU,CN,2605
CN-2605-TEBAK-ZYCC-01,6,SOTMU,B339,HUR,CN,2605
CN-2605-TEBAK-ZYCC-01,7,HUR,B334,TGO,CN,2605
CN-2605-TEBAK-ZYCC-01,8,TGO,G341,BUTET,CN,2605
CN-2605-TEBAK-ZYHB-01,1,TEBAK,R474,WUY,CN,2605
CN-2605-TEBAK-ZYHB-01,2,WUY,R343,GOSMA,CN,2605
CN-2605-TEBAK-ZYHB-01,3,GOSMA,W82,UPMAT,CN,2605
CN-2605-TEBAK-ZYHB-01,4,UPMAT,W56,VYK,CN,2605
CN-2605-TEBAK-ZYHB-01,5,VYK,G212,SOTMU,CN,2605
CN-2605-TEBAK-ZYHB-01,6,SOTMU,B339,HUR,CN,2605
CN-2605-TEBAK-ZYHB-01,7,HUR,B334,TGO,CN,2605
CN-2605-TEBAK-ZYHB-01,8,TGO,G212,RUSBO,CN,2605
CN-2605-TEBAK-ZYHB-01,9,RUSBO,W203,PIGAM,CN,2605
CN-2605-TEBAK-ZYTL-01,1,TEBAK,R474,WUY,CN,2605
CN-2605-TEBAK-ZYTL-01,2,WUY,R343,GOSMA,CN,2605
CN-2605-TEBAK-ZYTL-01,3,GOSMA,W82,UPMAT,CN,2605
CN-2605-TEBAK-ZYTL-01,4,UPMAT,W56,VADMO,CN,2605
CN-2605-TEBAK-ZYTL-01,5,VADMO,W4,WXI,CN,2605
CN-2605-TEBAK-ZYTL-01,6,WXI,W59,SUNOK,CN,2605
CN-2605-TEBAK-ZYTL-01,7,SUNOK,W103,YQG,CN,2605
CN-2605-TEBAK-ZYTL-01,8,YQG,W569,NOBUP,CN,2605
CN-2605-TEBAK-ZYTL-01,9,NOBUP,W4,HCH,CN,2605
CN-2605-TEBAK-ZYTL-01,10,HCH,W173,NIXEP,CN,2605
CN-2605-TEBAK-ZYTX-01,1,TEBAK,R474,WUY,CN,2605
CN-2605-TEBAK-ZYTX-01,2,WUY,R343,GOSMA,CN,2605
CN-2605-TEBAK-ZYTX-01,3,GOSMA,W82,UPMAT,CN,2605
CN-2605-TEBAK-ZYTX-01,4,UPMAT,W56,VYK,CN,2605
CN-2605-TEBAK-ZYTX-01,5,VYK,W34,PAMRU,CN,2605
CN-2605-TEBAK-ZYTX-01,6,PAMRU,W244,IGMOR,CN,2605
CN-2605-TEBAK-ZYTX-01,7,IGMOR,W36,ENVAV,CN,2605
CN-2605-TEBAK-ZYTX-01,8,ENVAV,W243,OTBUL,CN,2605
CN-2605-TEBAK-ZYTX-01,9,OTBUL,W35,CHG,CN,2605
CN-2605-TEBAK-ZYTX-01,10,CHG,A575,OMDUS,CN,2605
CN-2605-TEBUS-RULAD,1,TEBUS,G588,FKG,CN,2605
CN-2605-TEBUS-RULAD,2,FKG,B215,KABDO,CN,2605
CN-2605-TEBUS-RULAD,3,KABDO,W119,GOBOK,CN,2605
CN-2605-TEBUS-RULAD,4,GOBOK,A343,RULAD,CN,2605
CN-2605-TEBUS-SARIN,1,TEBUS,G588,FKG,CN,2605
CN-2605-TEBUS-SARIN,2,FKG,A368,SARIN,CN,2605
CN-2605-TEBUS-ZWWW-01,1,TEBUS,G588,FKG,CN,2605
CN-2605-TEBUS-ZWWW-01,2,FKG,B215,WUR,CN,2605
CN-2605-TELOK-BISUN,1,TELOK,A345,HLD,CN,2605
CN-2605-TELOK-BISUN,2,HLD,B451,BISUN,CN,2605
CN-2605-TELOK-GOLOT,1,TELOK,A345,GOLOT,CN,2605
CN-2605-TELOK-VASRO,1,TELOK,A345,HLD,CN,2605
CN-2605-TELOK-VASRO,2,HLD,B451,UGABI,CN,2605
CN-2605-TELOK-VASRO,3,UGABI,W39,YNJ,CN,2605
CN-2605-TELOK-VASRO,4,YNJ,R224,VASRO,CN,2605
CN-2605-TELOK-ZBAA-01,1,TELOK,A345,IKITI,CN,2605
CN-2605-TELOK-ZBAA-01,2,IKITI,W27,TGO,CN,2605
CN-2605-TELOK-ZBAA-01,3,TGO,G212,UKDUM,CN,2605
CN-2605-TELOK-ZBAA-01,4,UKDUM,W49,OSUBA,CN,2605
CN-2605-TELOK-ZBLA-01,1,TELOK,A345,HLD,CN,2605
CN-2605-TELOK-ZBMZ-01,1,TELOK,A345,MANLI,CN,2605
CN-2605-TELOK-ZBMZ-01,2,MANLI,W539,MZL,CN,2605
CN-2605-TELOK-ZSPD-01,1,TELOK,A345,BIDIB,CN,2605
CN-2605-TELOK-ZSPD-01,2,BIDIB,A588,CHI,CN,2605
CN-2605-TELOK-ZSPD-01,3,CHI,W107,SANKO,CN,2605
CN-2605-TELOK-ZSPD-01,4,SANKO,A326,AKARA,CN,2605
CN-2605-TELOK-ZSPD-01,5,AKARA,A593,PUD,CN,2605
CN-2605-TELOK-ZYCC-01,1,TELOK,A345,HLD,CN,2605
CN-2605-TELOK-ZYCC-01,2,HLD,B451,HRB,CN,2605
CN-2605-TELOK-ZYCC-01,3,HRB,A588,PABKI,CN,2605
CN-2605-TELOK-ZYCC-01,4,PABKI,W655,DUKIR,CN,2605
CN-2605-TELOK-ZYHB-01,1,TELOK,A345,HLD,CN,2605
CN-2605-TELOK-ZYHB-01,2,HLD,B451,ONINA,CN,2605
CN-2605-TELOK-ZYTL-01,1,TELOK,A345,BIDIB,CN,2605
CN-2605-TELOK-ZYTL-01,2,BIDIB,A588,VENOS,CN,2605
CN-2605-TELOK-ZYTX-01,1,TELOK,A345,KYU,CN,2605
CN-2605-TOMUK-TAMOT,1,TOMUK,B332,SANKO,CN,2605
CN-2605-TOMUK-TAMOT,2,SANKO,A326,UNSEK,CN,2605
CN-2605-TOMUK-TAMOT,3,UNSEK,W55,PAMRU,CN,2605
CN-2605-TOMUK-TAMOT,4,PAMRU,W34,VYK,CN,2605
CN-2605-TOMUK-TAMOT,5,VYK,W37,OMBEB,CN,2605
CN-2605-TOMUK-TAMOT,6,OMBEB,R473,WYN,CN,2605
CN-2605-TOMUK-TAMOT,7,WYN,W18,TAMOT,CN,2605
CN-2605-TOMUK-TEBAK,1,TOMUK,B332,SANKO,CN,2605
CN-2605-TOMUK-TEBAK,2,SANKO,A326,UNSEK,CN,2605
CN-2605-TOMUK-TEBAK,3,UNSEK,W55,PAMRU,CN,2605
CN-2605-TOMUK-TEBAK,4,PAMRU,W34,VYK,CN,2605
CN-2605-TOMUK-TEBAK,5,VYK,W37,OLMIB,CN,2605
CN-2605-TOMUK-TEBAK,6,OLMIB,W83,GOSMA,CN,2605
CN-2605-TOMUK-TEBAK,7,GOSMA,R343,WUY,CN,2605
CN-2605-TOMUK-TEBAK,8,WUY,R474,TEBAK,CN,2605
CN-2605-TOMUK-VMMC,1,TOMUK,B332,SANKO,CN,2605
CN-2605-TOMUK-VMMC,2,SANKO,A326,UNSEK,CN,2605
CN-2605-TOMUK-VMMC,3,UNSEK,W55,PAMRU,CN,2605
CN-2605-TOMUK-VMMC,4,PAMRU,W34,VYK,CN,2605
CN-2605-TOMUK-VMMC,5,VYK,W37,OMBEB,CN,2605
CN-2605-TOMUK-VMMC,6,OMBEB,R473,NOLON,CN,2605
CN-2605-TOMUK-VMMC,7,NOLON,W90,POU,CN,2605
CN-2605-TOMUK-VMMC,8,POU,W7,SAREX,CN,2605
CN-2605-TOMUK-VMMC,9,SAREX,W6,LATOP,CN,2605
CN-2605-TOMUK-ZBTJ-01,1,TOMUK,B332,SANKO,CN,2605
CN-2605-TOMUK-ZBTJ-01,2,SANKO,A326,UNSEK,CN,2605
CN-2605-TOMUK-ZBTJ-01,3,UNSEK,W55,DUMAP,CN,2605
CN-2605-TOMUK-ZHCC-01,1,TOMUK,B332,SANKO,CN,2605
CN-2605-TOMUK-ZHCC-01,2,SANKO,A326,MAKNO,CN,2605
CN-2605-TOMUK-ZHCC-01,3,MAKNO,W5,HCH,CN,2605
CN-2605-TOMUK-ZHCC-01,4,HCH,W4,TAMIX,CN,2605
CN-2605-TOMUK-ZHCC-01,5,TAMIX,B208,NOPIN,CN,2605
CN-2605-TOMUK-ZSJN-01,1,TOMUK,B332,SANKO,CN,2605
CN-2605-TOMUK-ZSJN-01,2,SANKO,A326,MAKNO,CN,2605
CN-2605-TOMUK-ZSJN-01,3,MAKNO,W5,HCH,CN,2605
CN-2605-TOMUK-ZSJN-01,4,HCH,W4,BASOV,CN,2605
CN-2605-TOMUK-ZSPD-01,1,TOMUK,B332,SANKO,CN,2605
CN-2605-TOMUK-ZSPD-01,2,SANKO,A326,AKARA,CN,2605
CN-2605-TOMUK-ZSPD-01,3,AKARA,A593,PUD,CN,2605
CN-2605-TOMUK-ZYTL-01,1,TOMUK,B332,SANKO,CN,2605
CN-2605-TOMUK-ZYTL-01,2,SANKO,W579,RUPID,CN,2605
CN-2605-VASRO-TELOK,1,VASRO,R224,YNJ,CN,2605
CN-2605-VASRO-TELOK,2,YNJ,W39,UGABI,CN,2605
CN-2605-VASRO-TELOK,3,UGABI,B451,HLD,CN,2605
CN-2605-VASRO-TELOK,4,HLD,A345,TELOK,CN,2605
CN-2605-VHHH-ZBAA-01,1,BEKOL,A461,BUBDA,CN,2605
CN-2605-VHHH-ZBAA-01,2,BUBDA,W56,DUGEB,CN,2605
CN-2605-VHHH-ZBAD-01,1,BEKOL,A461,BUBDA,CN,2605
CN-2605-VHHH-ZBAD-01,2,BUBDA,W56,ORODO,CN,2605
CN-2605-VHHH-ZBAD-01,3,ORODO,W62,TEKIL,CN,2605
CN-2605-VHHH-ZBAD-01,4,TEKIL,G212,BELAX,CN,2605
CN-2605-VHHH-ZBDS-01,1,BEKOL,A461,BUBDA,CN,2605
CN-2605-VHHH-ZBDS-01,2,BUBDA,W56,OBMEP,CN,2605
CN-2605-VHHH-ZBDS-01,3,OBMEP,B208,AGVUR,CN,2605
CN-2605-VHHH-ZBDS-01,4,AGVUR,B215,APOGO,CN,2605
CN-2605-VHHH-ZBDS-01,5,APOGO,W218,YLX,CN,2605
CN-2605-VHHH-ZBDT-01,1,BEKOL,A461,BUBDA,CN,2605
CN-2605-VHHH-ZBDT-01,2,BUBDA,W56,OBMEP,CN,2605
CN-2605-VHHH-ZBDT-01,3,OBMEP,B208,NUTLO,CN,2605
CN-2605-VHHH-ZBDT-01,4,NUTLO,W64,IVTIN,CN,2605
CN-2605-VHHH-ZBHH-01,1,BEKOL,A461,BUBDA,CN,2605
CN-2605-VHHH-ZBHH-01,2,BUBDA,W56,OBMEP,CN,2605
CN-2605-VHHH-ZBHH-01,3,OBMEP,B208,TODAM,CN,2605
CN-2605-VHHH-ZBLA-01,1,BEKOL,A461,BUBDA,CN,2605
CN-2605-VHHH-ZBLA-01,2,BUBDA,W56,VYK,CN,2605
CN-2605-VHHH-ZBLA-01,3,VYK,G212,SOTMU,CN,2605
CN-2605-VHHH-ZBLA-01,4,SOTMU,B339,HUR,CN,2605
CN-2605-VHHH-ZBLA-01,5,HUR,B334,TGO,CN,2605
CN-2605-VHHH-ZBLA-01,6,TGO,W27,IKITI,CN,2605
CN-2605-VHHH-ZBLA-01,7,IKITI,A345,HLD,CN,2605
CN-2605-VHHH-ZBSJ-01,1,BEKOL,A461,BUBDA,CN,2605
CN-2605-VHHH-ZBSJ-01,2,BUBDA,W56,ORODO,CN,2605
CN-2605-VHHH-ZBSJ-01,3,ORODO,W62,AVLIS,CN,2605
CN-2605-VHHH-ZBTJ-01,1,BEKOL,A461,BUBDA,CN,2605
CN-2605-VHHH-ZBTJ-01,2,BUBDA,W56,GUVRI,CN,2605
CN-2605-VHHH-ZBTJ-01,3,GUVRI,W85,OMDEK,CN,2605
CN-2605-VHHH-ZBYN-01,1,BEKOL,A461,BUBDA,CN,2605
CN-2605-VHHH-ZBYN-01,2,BUBDA,W56,OBMEP,CN,2605
CN-2605-VHHH-ZBYN-01,3,OBMEP,B208,ANPIG,CN,2605
CN-2605-VHHH-ZGDY-01,1,BEKOL,A461,BUBDA,CN,2605
CN-2605-VHHH-ZGDY-01,2,BUBDA,W56,OBLUV,CN,2605
CN-2605-VHHH-ZGDY-01,3,OBLUV,W226,IPMUG,CN,2605
CN-2605-VHHH-ZGDY-01,4,IPMUG,W611,BIVAV,CN,2605
CN-2605-VHHH-ZGDY-01,5,BIVAV,W138,DYG,CN,2605
CN-2605-VHHH-ZGGG-01,1,BEKOL,A461,IDUMA,CN,2605
CN-2605-VHHH-ZGHA-01,1,BEKOL,A461,MEXON,CN,2605
CN-2605-VHHH-ZGKL-01,1,BEKOL,A461,SHL,CN,2605
CN-2605-VHHH-ZGKL-01,2,SHL,W22,TEPID,CN,2605
CN-2605-VHHH-ZGKL-01,3,TEPID,W24,OSNOV,CN,2605
CN-2605-VHHH-ZGKL-01,4,OSNOV,G586,QP,CN,2605
CN-2605-VHHH-ZGNN-01,1,SIKOU,R339,WUY,CN,2605
CN-2605-VHHH-ZGOW-01,1,MAGOG,A470,DOTMI,CN,2605
CN-2605-VHHH-ZGSZ-01,1,BEKOL,DCT,KEVAR,CN,2605
CN-2605-VHHH-ZGZJ-01,1,SIKOU,R339,LH,CN,2605
CN-2605-VHHH-ZHCC-01,1,BEKOL,A461,BUBDA,CN,2605
CN-2605-VHHH-ZHCC-01,2,BUBDA,W56,IGMIG,CN,2605
CN-2605-VHHH-ZHEC-01,1,BEKOL,A461,BUBDA,CN,2605
CN-2605-VHHH-ZHEC-01,2,BUBDA,W56,UPMAT,CN,2605
CN-2605-VHHH-ZHHH-01,1,BEKOL,A461,BUBDA,CN,2605
CN-2605-VHHH-ZHHH-01,2,BUBDA,W56,UPMAT,CN,2605
CN-2605-VHHH-ZJHK-01,1,SIKOU,A202,ISBIG,CN,2605
CN-2605-VHHH-ZJHK-01,2,ISBIG,W605,DOMGO,CN,2605
CN-2605-VHHH-ZJSY-01,1,SIKOU,A202,SAMAS,CN,2605
CN-2605-VHHH-ZJSY-01,2,SAMAS,G221,WL,CN,2605
CN-2605-VHHH-ZLLL-01,1,BEKOL,A461,SHL,CN,2605
CN-2605-VHHH-ZLLL-01,2,SHL,W22,TEPID,CN,2605
CN-2605-VHHH-ZLLL-01,3,TEPID,W24,OSNOV,CN,2605
CN-2605-VHHH-ZLLL-01,4,OSNOV,G586,QP,CN,2605
CN-2605-VHHH-ZLLL-01,5,QP,B330,ELKAL,CN,2605
CN-2605-VHHH-ZLLL-01,6,ELKAL,W179,OMBON,CN,2605
CN-2605-VHHH-ZLLL-01,7,OMBON,W195,ORUNA,CN,2605
CN-2605-VHHH-ZLXY-01,1,BEKOL,A461,SHL,CN,2605
CN-2605-VHHH-ZLXY-01,2,SHL,W22,TEPID,CN,2605
CN-2605-VHHH-ZLXY-01,3,TEPID,W24,OSNOV,CN,2605
CN-2605-VHHH-ZLXY-01,4,OSNOV,G586,QP,CN,2605
CN-2605-VHHH-ZLXY-01,5,QP,B330,ELKAL,CN,2605
CN-2605-VHHH-ZLXY-01,6,ELKAL,W179,WFX,CN,2605
CN-2605-VHHH-ZLXY-01,7,WFX,W81,APIMI,CN,2605
CN-2605-VHHH-ZLXY-01,8,APIMI,W275,NSH,CN,2605
CN-2605-VHHH-ZPJH-01,1,SIKOU,R339,BSE,CN,2605
CN-2605-VHHH-ZPJH-01,2,BSE,A599,GODUL,CN,2605
CN-2605-VHHH-ZPJH-01,3,GODUL,W225,IDPUG,CN,2605
CN-2605-VHHH-ZPJH-01,4,IDPUG,W147,ELASU,CN,2605
CN-2605-VHHH-ZPJH-01,5,ELASU,A581,BIDRU,CN,2605
CN-2605-VHHH-ZPPP-01,1,SIKOU,R339,BSE,CN,2605
CN-2605-VHHH-ZPPP-01,2,BSE,A599,LXI,CN,2605
CN-2605-VHHH-ZSAM-01,1,MAGOG,A470,TEBON,CN,2605
CN-2605-VHHH-ZSCN-01,1,BEKOL,A461,SHL,CN,2605
CN-2605-VHHH-ZSCN-01,2,SHL,W26,UPRIK,CN,2605
CN-2605-VHHH-ZSCN-01,3,UPRIK,W41,OMDUP,CN,2605
CN-2605-VHHH-ZSCN-01,4,OMDUP,G471,PLT,CN,2605
CN-2605-VHHH-ZSCN-01,5,PLT,W19,OSONO,CN,2605
CN-2605-VHHH-ZSFZ-01,1,MAGOG,A470,ENVEN,CN,2605
CN-2605-VHHH-ZSHC-01,1,MAGOG,A470,UGAGO,CN,2605
CN-2605-VHHH-ZSJN-01,1,BEKOL,A461,BUBDA,CN,2605
CN-2605-VHHH-ZSJN-01,2,BUBDA,W56,VADMO,CN,2605
CN-2605-VHHH-ZSJN-01,3,VADMO,W4,WXI,CN,2605
CN-2605-VHHH-ZSJN-01,4,WXI,W59,UBSIS,CN,2605
CN-2605-VHHH-ZSNB-01,1,MAGOG,A470,LJG,CN,2605
CN-2605-VHHH-ZSNB-01,2,LJG,B221,SHZ,CN,2605
CN-2605-VHHH-ZSNJ-01,1,MAGOG,A470,EMRID,CN,2605
CN-2605-VHHH-ZSNJ-01,2,EMRID,W135,GOSRO,CN,2605
CN-2605-VHHH-ZSNT-01,1,MAGOG,A470,LJG,CN,2605
CN-2605-VHHH-ZSNT-01,2,LJG,B221,SHZ,CN,2605
CN-2605-VHHH-ZSNT-01,3,SHZ,G204,JTN,CN,2605
CN-2605-VHHH-ZSNT-01,4,JTN,W116,PK,CN,2605
CN-2605-VHHH-ZSNT-01,5,PK,G330,XIREM,CN,2605
CN-2605-VHHH-ZSNT-01,6,XIREM,W591,NTG,CN,2605
CN-2605-VHHH-ZSOF-01,1,BEKOL,A461,BUBDA,CN,2605
CN-2605-VHHH-ZSOF-01,2,BUBDA,W56,IDPOG,CN,2605
CN-2605-VHHH-ZSOF-01,3,IDPOG,A581,WHA,CN,2605
CN-2605-VHHH-ZSOF-01,4,WHA,R343,MIDOX,CN,2605
CN-2605-VHHH-ZSPD-01,1,MAGOG,A470,LJG,CN,2605
CN-2605-VHHH-ZSPD-01,2,LJG,B221,SHZ,CN,2605
CN-2605-VHHH-ZSPD-01,3,SHZ,W58,XSY,CN,2605
CN-2605-VHHH-ZSPD-02,1,LELIM,M503,NUDPO,CN,2605
CN-2605-VHHH-ZSPD-02,2,NUDPO,W121,DST,CN,2605
CN-2605-VHHH-ZSPD-02,3,DST,B221,SHZ,CN,2605
CN-2605-VHHH-ZSPD-02,4,SHZ,W58,XSY,CN,2605
CN-2605-VHHH-ZSQD-01,1,MAGOG,A470,LJG,CN,2605
CN-2605-VHHH-ZSQD-01,2,LJG,B221,DST,CN,2605
CN-2605-VHHH-ZSQD-01,3,DST,W117,BEGMO,CN,2605
CN-2605-VHHH-ZSQD-01,4,BEGMO,W13,PINOT,CN,2605
CN-2605-VHHH-ZSQD-01,5,PINOT,B221,IDVEL,CN,2605
CN-2605-VHHH-ZSQD-02,1,LELIM,M503,BEGMO,CN,2605
CN-2605-VHHH-ZSQD-02,2,BEGMO,W13,PINOT,CN,2605
CN-2605-VHHH-ZSQD-02,3,PINOT,B221,IDVEL,CN,2605
CN-2605-VHHH-ZSQZ-01,1,MAGOG,A470,TEBON,CN,2605
CN-2605-VHHH-ZSSH-01,1,MAGOG,A470,EMRID,CN,2605
CN-2605-VHHH-ZSSH-01,2,EMRID,W135,DOGVI,CN,2605
CN-2605-VHHH-ZSSH-01,3,DOGVI,A470,OF,CN,2605
CN-2605-VHHH-ZSSH-01,4,OF,W178,LAGAL,CN,2605
CN-2605-VHHH-ZSSH-01,5,LAGAL,W525,HUN,CN,2605
CN-2605-VHHH-ZSSS-01,1,MAGOG,A470,LJG,CN,2605
CN-2605-VHHH-ZSSS-01,2,LJG,B221,SHZ,CN,2605
CN-2605-VHHH-ZSSS-01,3,SHZ,G204,JTN,CN,2605
CN-2605-VHHH-ZSTX-01,1,BEKOL,A461,SHL,CN,2605
CN-2605-VHHH-ZSTX-01,2,SHL,W26,UPRIK,CN,2605
CN-2605-VHHH-ZSTX-01,3,UPRIK,W41,OMDUP,CN,2605
CN-2605-VHHH-ZSTX-01,4,OMDUP,G471,PLT,CN,2605
CN-2605-VHHH-ZSTX-01,5,PLT,A599,ELNEX,CN,2605
CN-2605-VHHH-ZSTX-01,6,ELNEX,G204,TXN,CN,2605
CN-2605-VHHH-ZSWZ-01,1,MAGOG,A470,LJG,CN,2605
CN-2605-VHHH-ZSWZ-01,2,LJG,B221,MUDOD,CN,2605
CN-2605-VHHH-ZSWZ-01,3,MUDOD,W76,UNRUP,CN,2605
CN-2605-VHHH-ZSXZ-01,1,MAGOG,A470,EMRID,CN,2605
CN-2605-VHHH-ZSXZ-01,2,EMRID,W135,DOGVI,CN,2605
CN-2605-VHHH-ZSXZ-01,3,DOGVI,A470,DPX,CN,2605
CN-2605-VHHH-ZSXZ-01,4,DPX,W126,DO,CN,2605
CN-2605-VHHH-ZSYW-01,1,MAGOG,A470,OSPAM,CN,2605
CN-2605-VHHH-ZUCK-01,1,BEKOL,A461,SHL,CN,2605
CN-2605-VHHH-ZUCK-01,2,SHL,W22,TEPID,CN,2605
CN-2605-VHHH-ZUCK-01,3,TEPID,W24,OSNOV,CN,2605
CN-2605-VHHH-ZUCK-01,4,OSNOV,G586,QP,CN,2605
CN-2605-VHHH-ZUCK-01,5,QP,B330,ELKAL,CN,2605
CN-2605-VHHH-ZUCK-01,6,ELKAL,W179,SUMUN,CN,2605
CN-2605-VHHH-ZUCK-01,7,SUMUN,W3,ASIPO,CN,2605
CN-2605-VHHH-ZUCK-01,8,ASIPO,W678,SEGDA,CN,2605
CN-2605-VHHH-ZUGY-01,1,BEKOL,A461,SHL,CN,2605
CN-2605-VHHH-ZUGY-01,2,SHL,W22,TEPID,CN,2605
CN-2605-VHHH-ZUGY-01,3,TEPID,W24,OSNOV,CN,2605
CN-2605-VHHH-ZUGY-01,4,OSNOV,G586,QP,CN,2605
CN-2605-VHHH-ZUGY-01,5,QP,B330,ELKAL,CN,2605
CN-2605-VHHH-ZUTF-01,1,BEKOL,A461,SHL,CN,2605
CN-2605-VHHH-ZUTF-01,2,SHL,W22,TEPID,CN,2605
CN-2605-VHHH-ZUTF-01,3,TEPID,W24,OSNOV,CN,2605
CN-2605-VHHH-ZUTF-01,4,OSNOV,G586,QP,CN,2605
CN-2605-VHHH-ZUTF-01,5,QP,B330,ELKAL,CN,2605
CN-2605-VHHH-ZUTF-01,6,ELKAL,W179,RIRKI,CN,2605
CN-2605-VHHH-ZUTF-01,7,RIRKI,W232,ELDUD,CN,2605
CN-2605-VHHH-ZUUU-01,1,BEKOL,A461,SHL,CN,2605
CN-2605-VHHH-ZUUU-01,2,SHL,W22,TEPID,CN,2605
CN-2605-VHHH-ZUUU-01,3,TEPID,W24,OSNOV,CN,2605
CN-2605-VHHH-ZUUU-01,4,OSNOV,G586,QP,CN,2605
CN-2605-VHHH-ZUUU-01,5,QP,B330,ELKAL,CN,2605
CN-2605-VHHH-ZUUU-01,6,ELKAL,W179,IGNAK,CN,2605
CN-2605-VHHH-ZWWW-01,1,BEKOL,A461,SHL,CN,2605
CN-2605-VHHH-ZWWW-01,2,SHL,W22,TEPID,CN,2605
CN-2605-VHHH-ZWWW-01,3,TEPID,W24,OSNOV,CN,2605
CN-2605-VHHH-ZWWW-01,4,OSNOV,G586,QP,CN,2605
CN-2605-VHHH-ZWWW-01,5,QP,B330,ELKAL,CN,2605
CN-2605-VHHH-ZWWW-01,6,ELKAL,W179,OMBON,CN,2605
CN-2605-VHHH-ZWWW-01,7,OMBON,W195,IDOPA,CN,2605
CN-2605-VHHH-ZWWW-01,8,IDOPA,W197,ANDIM,CN,2605
CN-2605-VHHH-ZWWW-01,9,ANDIM,B215,IBANO,CN,2605
CN-2605-VHHH-ZWWW-01,10,IBANO,G470,QTV,CN,2605
CN-2605-VHHH-ZWWW-01,11,QTV,W99,FKG,CN,2605
CN-2605-VHHH-ZWWW-01,12,FKG,B215,WUR,CN,2605
CN-2605-VHHH-ZWWW-02,1,BEKOL,A461,SHL,CN,2605
CN-2605-VHHH-ZWWW-02,2,SHL,W22,TEPID,CN,2605
CN-2605-VHHH-ZWWW-02,3,TEPID,W24,OSNOV,CN,2605
CN-2605-VHHH-ZWWW-02,4,OSNOV,G586,QP,CN,2605
CN-2605-VHHH-ZWWW-02,5,QP,B330,ELKAL,CN,2605
CN-2605-VHHH-ZWWW-02,6,ELKAL,W179,OMBON,CN,2605
CN-2605-VHHH-ZWWW-02,7,OMBON,W195,ESPED,CN,2605
CN-2605-VHHH-ZWWW-02,8,ESPED,W66,NUKTI,CN,2605
CN-2605-VHHH-ZWWW-02,9,NUKTI,B215,HAM,CN,2605
CN-2605-VHHH-ZWWW-02,10,HAM,W99,FKG,CN,2605
CN-2605-VHHH-ZWWW-02,11,FKG,B215,WUR,CN,2605
CN-2605-VHHH-ZYCC-01,1,BEKOL,A461,BUBDA,CN,2605
CN-2605-VHHH-ZYCC-01,2,BUBDA,W56,VYK,CN,2605
CN-2605-VHHH-ZYCC-01,3,VYK,G212,SOTMU,CN,2605
CN-2605-VHHH-ZYCC-01,4,SOTMU,B339,HUR,CN,2605
CN-2605-VHHH-ZYCC-01,5,HUR,B334,TGO,CN,2605
CN-2605-VHHH-ZYCC-01,6,TGO,G341,BUTET,CN,2605
CN-2605-VHHH-ZYHB-01,1,BEKOL,A461,BUBDA,CN,2605
CN-2605-VHHH-ZYHB-01,2,BUBDA,W56,VYK,CN,2605
CN-2605-VHHH-ZYHB-01,3,VYK,G212,SOTMU,CN,2605
CN-2605-VHHH-ZYHB-01,4,SOTMU,B339,HUR,CN,2605
CN-2605-VHHH-ZYHB-01,5,HUR,B334,TGO,CN,2605
CN-2605-VHHH-ZYHB-01,6,TGO,G212,RUSBO,CN,2605
CN-2605-VHHH-ZYHB-01,7,RUSBO,W203,PIGAM,CN,2605
CN-2605-VHHH-ZYTL-01,1,BEKOL,A461,BUBDA,CN,2605
CN-2605-VHHH-ZYTL-01,2,BUBDA,W56,VADMO,CN,2605
CN-2605-VHHH-ZYTL-01,3,VADMO,W4,WXI,CN,2605
CN-2605-VHHH-ZYTL-01,4,WXI,W59,SUNOK,CN,2605
CN-2605-VHHH-ZYTL-01,5,SUNOK,W103,YQG,CN,2605
CN-2605-VHHH-ZYTL-01,6,YQG,W569,NOBUP,CN,2605
CN-2605-VHHH-ZYTL-01,7,NOBUP,W4,HCH,CN,2605
CN-2605-VHHH-ZYTL-01,8,HCH,W173,NIXEP,CN,2605
CN-2605-VHHH-ZYTL-02,1,MAGOG,A470,LJG,CN,2605
CN-2605-VHHH-ZYTL-02,2,LJG,B221,DST,CN,2605
CN-2605-VHHH-ZYTL-02,3,DST,W117,BEGMO,CN,2605
CN-2605-VHHH-ZYTL-02,4,BEGMO,W13,PINOT,CN,2605
CN-2605-VHHH-ZYTL-02,5,PINOT,B221,XDX,CN,2605
CN-2605-VHHH-ZYTL-02,6,XDX,W174,FD,CN,2605
CN-2605-VHHH-ZYTL-02,7,FD,W172,IGDEG,CN,2605
CN-2605-VHHH-ZYTL-02,8,IGDEG,W173,NIXEP,CN,2605
CN-2605-VHHH-ZYTL-03,1,LELIM,M503,BEGMO,CN,2605
CN-2605-VHHH-ZYTL-03,2,BEGMO,W13,PINOT,CN,2605
CN-2605-VHHH-ZYTL-03,3,PINOT,B221,XDX,CN,2605
CN-2605-VHHH-ZYTL-03,4,XDX,W174,FD,CN,2605
CN-2605-VHHH-ZYTL-03,5,FD,W172,IGDEG,CN,2605
CN-2605-VHHH-ZYTL-03,6,IGDEG,W173,NIXEP,CN,2605
CN-2605-VHHH-ZYTX-01,1,BEKOL,A461,BUBDA,CN,2605
CN-2605-VHHH-ZYTX-01,2,BUBDA,W56,VYK,CN,2605
CN-2605-VHHH-ZYTX-01,3,VYK,W34,PAMRU,CN,2605
CN-2605-VHHH-ZYTX-01,4,PAMRU,W244,IGMOR,CN,2605
CN-2605-VHHH-ZYTX-01,5,IGMOR,W36,ENVAV,CN,2605
CN-2605-VHHH-ZYTX-01,6,ENVAV,W243,OTBUL,CN,2605
CN-2605-VHHH-ZYTX-01,7,OTBUL,W35,CHG,CN,2605
CN-2605-VHHH-ZYTX-01,8,CHG,A575,OMDUS,CN,2605
CN-2605-VMMC-ARGUK,1,ZAO,DCT,GUBLO,CN,2605
CN-2605-VMMC-ARGUK,2,GUBLO,W21,TEPID,CN,2605
CN-2605-VMMC-ARGUK,3,TEPID,W22,YIN,CN,2605
CN-2605-VMMC-ARGUK,4,YIN,A461,BUBDA,CN,2605
CN-2605-VMMC-ARGUK,5,BUBDA,W56,VYK,CN,2605
CN-2605-VMMC-ARGUK,6,VYK,G212,SOTMU,CN,2605
CN-2605-VMMC-ARGUK,7,SOTMU,B339,HUR,CN,2605
CN-2605-VMMC-ARGUK,8,HUR,B334,TGO,CN,2605
CN-2605-VMMC-ARGUK,9,TGO,G212,ARGUK,CN,2605
CN-2605-VMMC-BISUN,1,ZAO,DCT,GUBLO,CN,2605
CN-2605-VMMC-BISUN,2,GUBLO,W21,TEPID,CN,2605
CN-2605-VMMC-BISUN,3,TEPID,W22,YIN,CN,2605
CN-2605-VMMC-BISUN,4,YIN,A461,BUBDA,CN,2605
CN-2605-VMMC-BISUN,5,BUBDA,W56,VYK,CN,2605
CN-2605-VMMC-BISUN,6,VYK,G212,SOTMU,CN,2605
CN-2605-VMMC-BISUN,7,SOTMU,B339,HUR,CN,2605
CN-2605-VMMC-BISUN,8,HUR,B334,TGO,CN,2605
CN-2605-VMMC-BISUN,9,TGO,G341,WQG,CN,2605
CN-2605-VMMC-BISUN,10,WQG,B451,BISUN,CN,2605
CN-2605-VMMC-GOLOT,1,ZAO,DCT,GUBLO,CN,2605
CN-2605-VMMC-GOLOT,2,GUBLO,W21,TEPID,CN,2605
CN-2605-VMMC-GOLOT,3,TEPID,W22,YIN,CN,2605
CN-2605-VMMC-GOLOT,4,YIN,A461,BUBDA,CN,2605
CN-2605-VMMC-GOLOT,5,BUBDA,W56,VYK,CN,2605
CN-2605-VMMC-GOLOT,6,VYK,W34,PAMRU,CN,2605
CN-2605-VMMC-GOLOT,7,PAMRU,W244,IGMOR,CN,2605
CN-2605-VMMC-GOLOT,8,IGMOR,W36,ENVAV,CN,2605
CN-2605-VMMC-GOLOT,9,ENVAV,W243,OTBUL,CN,2605
CN-2605-VMMC-GOLOT,10,OTBUL,W35,CHG,CN,2605
CN-2605-VMMC-GOLOT,11,CHG,A575,BIDIB,CN,2605
CN-2605-VMMC-GOLOT,12,BIDIB,A345,GOLOT,CN,2605
CN-2605-VMMC-LINSO,1,ZUH,R200,LH,CN,2605
CN-2605-VMMC-LINSO,2,LH,R339,BSE,CN,2605
CN-2605-VMMC-LINSO,3,BSE,A599,LINSO,CN,2605
CN-2605-VMMC-MORIT,1,ZAO,DCT,GUBLO,CN,2605
CN-2605-VMMC-MORIT,2,GUBLO,W21,TEPID,CN,2605
CN-2605-VMMC-MORIT,3,TEPID,W24,OSNOV,CN,2605
CN-2605-VMMC-MORIT,4,OSNOV,G586,QP,CN,2605
CN-2605-VMMC-MORIT,5,QP,B330,ELKAL,CN,2605
CN-2605-VMMC-MORIT,6,ELKAL,W179,OMBON,CN,2605
CN-2605-VMMC-MORIT,7,OMBON,W195,MORIT,CN,2605
CN-2605-VMMC-RULAD,1,ZAO,DCT,GUBLO,CN,2605
CN-2605-VMMC-RULAD,2,GUBLO,W21,TEPID,CN,2605
CN-2605-VMMC-RULAD,3,TEPID,W24,OSNOV,CN,2605
CN-2605-VMMC-RULAD,4,OSNOV,G586,QP,CN,2605
CN-2605-VMMC-RULAD,5,QP,B330,ELKAL,CN,2605
CN-2605-VMMC-RULAD,6,ELKAL,W179,OMBON,CN,2605
CN-2605-VMMC-RULAD,7,OMBON,W195,IDOPA,CN,2605
CN-2605-VMMC-RULAD,8,IDOPA,W197,ANDIM,CN,2605
CN-2605-VMMC-RULAD,9,ANDIM,B215,IBANO,CN,2605
CN-2605-VMMC-RULAD,10,IBANO,G470,AKLAS,CN,2605
CN-2605-VMMC-RULAD,11,AKLAS,W192,FKG,CN,2605
CN-2605-VMMC-RULAD,12,FKG,B215,KABDO,CN,2605
CN-2605-VMMC-RULAD,13,KABDO,W119,GOBOK,CN,2605
CN-2605-VMMC-RULAD,14,GOBOK,A343,RULAD,CN,2605
CN-2605-VMMC-SADLI,1,IDUMA,W41,OMDUP,CN,2605
CN-2605-VMMC-SADLI,2,OMDUP,G471,PLT,CN,2605
CN-2605-VMMC-SADLI,3,PLT,A599,JTN,CN,2605
CN-2605-VMMC-SADLI,4,JTN,G327,LAMEN,CN,2605
CN-2605-VMMC-SADLI,5,LAMEN,A593,SADLI,CN,2605
CN-2605-VMMC-TEBAK,1,ZUH,R200,LH,CN,2605
CN-2605-VMMC-TEBAK,2,LH,R339,WUY,CN,2605
CN-2605-VMMC-TEBAK,3,WUY,R474,TEBAK,CN,2605
CN-2605-VMMC-TOMUK,1,ZAO,DCT,GUBLO,CN,2605
CN-2605-VMMC-TOMUK,2,GUBLO,W21,TEPID,CN,2605
CN-2605-VMMC-TOMUK,3,TEPID,W22,YIN,CN,2605
CN-2605-VMMC-TOMUK,4,YIN,A461,BUBDA,CN,2605
CN-2605-VMMC-TOMUK,5,BUBDA,W56,VYK,CN,2605
CN-2605-VMMC-TOMUK,6,VYK,W34,VAPGU,CN,2605
CN-2605-VMMC-TOMUK,7,VAPGU,W100,ORAVA,CN,2605
CN-2605-VMMC-TOMUK,8,ORAVA,W201,UNSEK,CN,2605
CN-2605-VMMC-TOMUK,9,UNSEK,A326,SANKO,CN,2605
CN-2605-VMMC-TOMUK,10,SANKO,B332,TOMUK,CN,2605
CN-2605-VMMC-ZBAA-01,1,ZAO,DCT,GUBLO,CN,2605
CN-2605-VMMC-ZBAA-01,2,GUBLO,W21,TEPID,CN,2605
CN-2605-VMMC-ZBAA-01,3,TEPID,W22,YIN,CN,2605
CN-2605-VMMC-ZBAA-01,4,YIN,A461,BUBDA,CN,2605
CN-2605-VMMC-ZBAA-01,5,BUBDA,W56,DUGEB,CN,2605
CN-2605-VMMC-ZBAD-01,1,ZAO,DCT,GUBLO,CN,2605
CN-2605-VMMC-ZBAD-01,2,GUBLO,W21,TEPID,CN,2605
CN-2605-VMMC-ZBAD-01,3,TEPID,W22,YIN,CN,2605
CN-2605-VMMC-ZBAD-01,4,YIN,A461,BUBDA,CN,2605
CN-2605-VMMC-ZBAD-01,5,BUBDA,W56,ORODO,CN,2605
CN-2605-VMMC-ZBAD-01,6,ORODO,W62,TEKIL,CN,2605
CN-2605-VMMC-ZBAD-01,7,TEKIL,G212,BELAX,CN,2605
CN-2605-VMMC-ZBSJ-01,1,ZAO,DCT,GUBLO,CN,2605
CN-2605-VMMC-ZBSJ-01,2,GUBLO,W21,TEPID,CN,2605
CN-2605-VMMC-ZBSJ-01,3,TEPID,W22,YIN,CN,2605
CN-2605-VMMC-ZBSJ-01,4,YIN,A461,BUBDA,CN,2605
CN-2605-VMMC-ZBSJ-01,5,BUBDA,W56,ORODO,CN,2605
CN-2605-VMMC-ZBSJ-01,6,ORODO,W62,AVLIS,CN,2605
CN-2605-VMMC-ZBTJ-01,1,ZAO,DCT,GUBLO,CN,2605
CN-2605-VMMC-ZBTJ-01,2,GUBLO,W21,TEPID,CN,2605
CN-2605-VMMC-ZBTJ-01,3,TEPID,W22,YIN,CN,2605
CN-2605-VMMC-ZBTJ-01,4,YIN,A461,BUBDA,CN,2605
CN-2605-VMMC-ZBTJ-01,5,BUBDA,W56,GUVRI,CN,2605
CN-2605-VMMC-ZBTJ-01,6,GUVRI,W85,OMDEK,CN,2605
CN-2605-VMMC-ZBYN-01,1,ZAO,DCT,GUBLO,CN,2605
CN-2605-VMMC-ZBYN-01,2,GUBLO,W21,TEPID,CN,2605
CN-2605-VMMC-ZBYN-01,3,TEPID,W22,YIN,CN,2605
CN-2605-VMMC-ZBYN-01,4,YIN,A461,BUBDA,CN,2605
CN-2605-VMMC-ZBYN-01,5,BUBDA,W56,OBMEP,CN,2605
CN-2605-VMMC-ZBYN-01,6,OBMEP,B208,ANPIG,CN,2605
CN-2605-VMMC-ZGGG-01,1,ZAO,DCT,GUBLO,CN,2605
CN-2605-VMMC-ZGGG-01,2,GUBLO,W22,IDUMA,CN,2605
CN-2605-VMMC-ZGHA-01,1,ZAO,DCT,GUBLO,CN,2605
CN-2605-VMMC-ZGHA-01,2,GUBLO,W21,TEPID,CN,2605
CN-2605-VMMC-ZGHA-01,3,TEPID,W22,YIN,CN,2605
CN-2605-VMMC-ZGHA-01,4,YIN,A461,MEXON,CN,2605
CN-2605-VMMC-ZGKL-01,1,ZAO,DCT,GUBLO,CN,2605
CN-2605-VMMC-ZGKL-01,2,GUBLO,W21,TEPID,CN,2605
CN-2605-VMMC-ZGKL-01,3,TEPID,W24,OSNOV,CN,2605
CN-2605-VMMC-ZGKL-01,4,OSNOV,G586,QP,CN,2605
CN-2605-VMMC-ZGNN-01,1,ZUH,R200,LH,CN,2605
CN-2605-VMMC-ZGNN-01,2,LH,R339,WUY,CN,2605
CN-2605-VMMC-ZGOW-01,1,MAGOG,A470,DOTMI,CN,2605
CN-2605-VMMC-ZGSZ-01,1,LATOP,W6,NLG,CN,2605
CN-2605-VMMC-ZHCC-01,1,ZAO,DCT,GUBLO,CN,2605
CN-2605-VMMC-ZHCC-01,2,GUBLO,W21,TEPID,CN,2605
CN-2605-VMMC-ZHCC-01,3,TEPID,W22,YIN,CN,2605
CN-2605-VMMC-ZHCC-01,4,YIN,A461,BUBDA,CN,2605
CN-2605-VMMC-ZHCC-01,5,BUBDA,W56,IGMIG,CN,2605
CN-2605-VMMC-ZHHH-01,1,ZAO,DCT,GUBLO,CN,2605
CN-2605-VMMC-ZHHH-01,2,GUBLO,W21,TEPID,CN,2605
CN-2605-VMMC-ZHHH-01,3,TEPID,W22,YIN,CN,2605
CN-2605-VMMC-ZHHH-01,4,YIN,A461,BUBDA,CN,2605
CN-2605-VMMC-ZHHH-01,5,BUBDA,W56,UPMAT,CN,2605
CN-2605-VMMC-ZJHK-01,1,SIKOU,A202,ISBIG,CN,2605
CN-2605-VMMC-ZJHK-01,2,ISBIG,W605,DOMGO,CN,2605
CN-2605-VMMC-ZJSY-01,1,SIKOU,A202,SAMAS,CN,2605
CN-2605-VMMC-ZJSY-01,2,SAMAS,G221,WL,CN,2605
CN-2605-VMMC-ZLLL-01,1,ZAO,DCT,GUBLO,CN,2605
CN-2605-VMMC-ZLLL-01,2,GUBLO,W21,TEPID,CN,2605
CN-2605-VMMC-ZLLL-01,3,TEPID,W24,OSNOV,CN,2605
CN-2605-VMMC-ZLLL-01,4,OSNOV,G586,QP,CN,2605
CN-2605-VMMC-ZLLL-01,5,QP,B330,ELKAL,CN,2605
CN-2605-VMMC-ZLLL-01,6,ELKAL,W179,OMBON,CN,2605
CN-2605-VMMC-ZLLL-01,7,OMBON,W195,ORUNA,CN,2605
CN-2605-VMMC-ZLXY-01,1,ZAO,DCT,GUBLO,CN,2605
CN-2605-VMMC-ZLXY-01,2,GUBLO,W21,TEPID,CN,2605
CN-2605-VMMC-ZLXY-01,3,TEPID,W24,OSNOV,CN,2605
CN-2605-VMMC-ZLXY-01,4,OSNOV,G586,QP,CN,2605
CN-2605-VMMC-ZLXY-01,5,QP,B330,SJG,CN,2605
CN-2605-VMMC-ZLXY-01,6,SJG,W102,VELVI,CN,2605
CN-2605-VMMC-ZLXY-01,7,VELVI,W698,IGEPA,CN,2605
CN-2605-VMMC-ZPPP-01,1,ZUH,R200,LH,CN,2605
CN-2605-VMMC-ZPPP-01,2,LH,R339,BSE,CN,2605
CN-2605-VMMC-ZPPP-01,3,BSE,A599,LXI,CN,2605
CN-2605-VMMC-ZSAM-01,1,MAGOG,A470,TEBON,CN,2605
CN-2605-VMMC-ZSCN-01,1,IDUMA,W41,OMDUP,CN,2605
CN-2605-VMMC-ZSCN-01,2,OMDUP,G471,PLT,CN,2605
CN-2605-VMMC-ZSCN-01,3,PLT,W19,OSONO,CN,2605
CN-2605-VMMC-ZSFZ-01,1,MAGOG,A470,ENVEN,CN,2605
CN-2605-VMMC-ZSHC-01,1,MAGOG,A470,UGAGO,CN,2605
CN-2605-VMMC-ZSNB-01,1,MAGOG,A470,LJG,CN,2605
CN-2605-VMMC-ZSNB-01,2,LJG,B221,SHZ,CN,2605
CN-2605-VMMC-ZSNJ-01,1,MAGOG,A470,EMRID,CN,2605
CN-2605-VMMC-ZSNJ-01,2,EMRID,W135,GOSRO,CN,2605
CN-2605-VMMC-ZSNT-01,1,MAGOG,A470,LJG,CN,2605
CN-2605-VMMC-ZSNT-01,2,LJG,B221,SHZ,CN,2605
CN-2605-VMMC-ZSNT-01,3,SHZ,G204,JTN,CN,2605
CN-2605-VMMC-ZSNT-01,4,JTN,W116,PK,CN,2605
CN-2605-VMMC-ZSNT-01,5,PK,G330,XIREM,CN,2605
CN-2605-VMMC-ZSNT-01,6,XIREM,W591,NTG,CN,2605
CN-2605-VMMC-ZSOF-01,1,ZAO,DCT,GUBLO,CN,2605
CN-2605-VMMC-ZSOF-01,2,GUBLO,W21,TEPID,CN,2605
CN-2605-VMMC-ZSOF-01,3,TEPID,W22,YIN,CN,2605
CN-2605-VMMC-ZSOF-01,4,YIN,A461,BUBDA,CN,2605
CN-2605-VMMC-ZSOF-01,5,BUBDA,W56,IDPOG,CN,2605
CN-2605-VMMC-ZSOF-01,6,IDPOG,A581,WHA,CN,2605
CN-2605-VMMC-ZSOF-01,7,WHA,R343,MIDOX,CN,2605
CN-2605-VMMC-ZSOF-02,1,MAGOG,A470,EMRID,CN,2605
CN-2605-VMMC-ZSOF-02,2,EMRID,W135,LUPVI,CN,2605
CN-2605-VMMC-ZSOF-02,3,LUPVI,R343,MADUK,CN,2605
CN-2605-VMMC-ZSPD-01,1,MAGOG,A470,LJG,CN,2605
CN-2605-VMMC-ZSPD-01,2,LJG,B221,SHZ,CN,2605
CN-2605-VMMC-ZSPD-01,3,SHZ,W58,XSY,CN,2605
CN-2605-VMMC-ZSPD-02,1,LELIM,M503,NUDPO,CN,2605
CN-2605-VMMC-ZSPD-02,2,NUDPO,W121,DST,CN,2605
CN-2605-VMMC-ZSPD-02,3,DST,B221,SHZ,CN,2605
CN-2605-VMMC-ZSPD-02,4,SHZ,W58,XSY,CN,2605
CN-2605-VMMC-ZSQD-01,1,MAGOG,A470,LJG,CN,2605
CN-2605-VMMC-ZSQD-01,2,LJG,B221,DST,CN,2605
CN-2605-VMMC-ZSQD-01,3,DST,W117,BEGMO,CN,2605
CN-2605-VMMC-ZSQD-01,4,BEGMO,W13,PINOT,CN,2605
CN-2605-VMMC-ZSQD-01,5,PINOT,B221,IDVEL,CN,2605
CN-2605-VMMC-ZSQD-02,1,LELIM,M503,BEGMO,CN,2605
CN-2605-VMMC-ZSQD-02,2,BEGMO,W13,PINOT,CN,2605
CN-2605-VMMC-ZSQD-02,3,PINOT,B221,IDVEL,CN,2605
CN-2605-VMMC-ZSSS-01,1,MAGOG,A470,LJG,CN,2605
CN-2605-VMMC-ZSSS-01,2,LJG,B221,SHZ,CN,2605
CN-2605-VMMC-ZSSS-01,3,SHZ,G204,JTN,CN,2605
CN-2605-VMMC-ZSWZ-01,1,MAGOG,A470,LJG,CN,2605
CN-2605-VMMC-ZSWZ-01,2,LJG,B221,MUDOD,CN,2605
CN-2605-VMMC-ZSWZ-01,3,MUDOD,W76,UNRUP,CN,2605
CN-2605-VMMC-ZUCK-01,1,ZAO,DCT,GUBLO,CN,2605
CN-2605-VMMC-ZUCK-01,2,GUBLO,W21,TEPID,CN,2605
CN-2605-VMMC-ZUCK-01,3,TEPID,W24,OSNOV,CN,2605
CN-2605-VMMC-ZUCK-01,4,OSNOV,G586,QP,CN,2605
CN-2605-VMMC-ZUCK-01,5,QP,B330,ELKAL,CN,2605
CN-2605-VMMC-ZUCK-01,6,ELKAL,W179,SUMUN,CN,2605
CN-2605-VMMC-ZUCK-01,7,SUMUN,W3,ASIPO,CN,2605
CN-2605-VMMC-ZUCK-01,8,ASIPO,W678,SEGDA,CN,2605
CN-2605-VMMC-ZUCK-02,1,ZAO,DCT,GUBLO,CN,2605
CN-2605-VMMC-ZUCK-02,2,GUBLO,W22,TEPID,CN,2605
CN-2605-VMMC-ZUCK-02,3,TEPID,W24,OSNOV,CN,2605
CN-2605-VMMC-ZUCK-02,4,OSNOV,G586,QP,CN,2605
CN-2605-VMMC-ZUCK-02,5,QP,B330,ELKAL,CN,2605
CN-2605-VMMC-ZUCK-02,6,ELKAL,W179,SUMUN,CN,2605
CN-2605-VMMC-ZUCK-02,7,SUMUN,W3,ASIPO,CN,2605
CN-2605-VMMC-ZUCK-02,8,ASIPO,W678,SEGDA,CN,2605
CN-2605-VMMC-ZUGY-01,1,ZAO,DCT,GUBLO,CN,2605
CN-2605-VMMC-ZUGY-01,2,GUBLO,W21,TEPID,CN,2605
CN-2605-VMMC-ZUGY-01,3,TEPID,W24,OSNOV,CN,2605
CN-2605-VMMC-ZUGY-01,4,OSNOV,G586,QP,CN,2605
CN-2605-VMMC-ZUGY-01,5,QP,B330,ELKAL,CN,2605
CN-2605-VMMC-ZUTF-01,1,ZAO,DCT,GUBLO,CN,2605
CN-2605-VMMC-ZUTF-01,2,GUBLO,W21,TEPID,CN,2605
CN-2605-VMMC-ZUTF-01,3,TEPID,W24,OSNOV,CN,2605
CN-2605-VMMC-ZUTF-01,4,OSNOV,G586,QP,CN,2605
CN-2605-VMMC-ZUTF-01,5,QP,B330,ELKAL,CN,2605
CN-2605-VMMC-ZUTF-01,6,ELKAL,W179,RIRKI,CN,2605
CN-2605-VMMC-ZUTF-01,7,RIRKI,W232,ELDUD,CN,2605
CN-2605-VMMC-ZUUU-01,1,ZAO,DCT,GUBLO,CN,2605
CN-2605-VMMC-ZUUU-01,2,GUBLO,W21,TEPID,CN,2605
CN-2605-VMMC-ZUUU-01,3,TEPID,W24,OSNOV,CN,2605
CN-2605-VMMC-ZUUU-01,4,OSNOV,G586,QP,CN,2605
CN-2605-VMMC-ZUUU-01,5,QP,B330,ELKAL,CN,2605
CN-2605-VMMC-ZUUU-01,6,ELKAL,W179,IGNAK,CN,2605
CN-2605-VMMC-ZWWW-01,1,ZAO,DCT,GUBLO,CN,2605
CN-2605-VMMC-ZWWW-01,2,GUBLO,W21,TEPID,CN,2605
CN-2605-VMMC-ZWWW-01,3,TEPID,W24,OSNOV,CN,2605
CN-2605-VMMC-ZWWW-01,4,OSNOV,G586,QP,CN,2605
CN-2605-VMMC-ZWWW-01,5,QP,B330,ELKAL,CN,2605
CN-2605-VMMC-ZWWW-01,6,ELKAL,W179,OMBON,CN,2605
CN-2605-VMMC-ZWWW-01,7,OMBON,W195,IDOPA,CN,2605
CN-2605-VMMC-ZWWW-01,8,IDOPA,W197,ANDIM,CN,2605
CN-2605-VMMC-ZWWW-01,9,ANDIM,B215,IBANO,CN,2605
CN-2605-VMMC-ZWWW-01,10,IBANO,G470,QTV,CN,2605
CN-2605-VMMC-ZWWW-01,11,QTV,W99,FKG,CN,2605
CN-2605-VMMC-ZWWW-01,12,FKG,B215,WUR,CN,2605
CN-2605-VMMC-ZYHB-01,1,ZAO,DCT,GUBLO,CN,2605
CN-2605-VMMC-ZYHB-01,2,GUBLO,W21,TEPID,CN,2605
CN-2605-VMMC-ZYHB-01,3,TEPID,W22,YIN,CN,2605
CN-2605-VMMC-ZYHB-01,4,YIN,A461,BUBDA,CN,2605
CN-2605-VMMC-ZYHB-01,5,BUBDA,W56,VYK,CN,2605
CN-2605-VMMC-ZYHB-01,6,VYK,G212,SOTMU,CN,2605
CN-2605-VMMC-ZYHB-01,7,SOTMU,B339,HUR,CN,2605
CN-2605-VMMC-ZYHB-01,8,HUR,B334,TGO,CN,2605
CN-2605-VMMC-ZYHB-01,9,TGO,G212,RUSBO,CN,2605
CN-2605-VMMC-ZYHB-01,10,RUSBO,W203,PIGAM,CN,2605
CN-2605-VMMC-ZYTX-01,1,ZAO,DCT,GUBLO,CN,2605
CN-2605-VMMC-ZYTX-01,2,GUBLO,W21,TEPID,CN,2605
CN-2605-VMMC-ZYTX-01,3,TEPID,W22,YIN,CN,2605
CN-2605-VMMC-ZYTX-01,4,YIN,A461,BUBDA,CN,2605
CN-2605-VMMC-ZYTX-01,5,BUBDA,W56,VYK,CN,2605
CN-2605-VMMC-ZYTX-01,6,VYK,W34,PAMRU,CN,2605
CN-2605-VMMC-ZYTX-01,7,PAMRU,W244,IGMOR,CN,2605
CN-2605-VMMC-ZYTX-01,8,IGMOR,W36,ENVAV,CN,2605
CN-2605-VMMC-ZYTX-01,9,ENVAV,W243,OTBUL,CN,2605
CN-2605-VMMC-ZYTX-01,10,OTBUL,W35,CHG,CN,2605
CN-2605-VMMC-ZYTX-01,11,CHG,A575,OMDUS,CN,2605
CN-2605-ZBAA-AGAVO-01,1,MUGLO,W34,VAPGU,CN,2605
CN-2605-ZBAA-AGAVO-01,2,VAPGU,W100,ORAVA,CN,2605
CN-2605-ZBAA-AGAVO-01,3,ORAVA,W201,UNSEK,CN,2605
CN-2605-ZBAA-AGAVO-01,4,UNSEK,A326,DONVO,CN,2605
CN-2605-ZBAA-AGAVO-01,5,DONVO,G597,AGAVO,CN,2605
CN-2605-ZBAA-AGVUT-01R,1,IDKEX,B339,ASILA,CN,2605
CN-2605-ZBAA-AGVUT-01R,2,ASILA,A575,UPREK,CN,2605
CN-2605-ZBAA-AGVUT-01R,3,UPREK,W28,LAGEB,CN,2605
CN-2605-ZBAA-AGVUT-01R,4,LAGEB,W66,NUKTI,CN,2605
CN-2605-ZBAA-AGVUT-01R,5,NUKTI,B215,KABDO,CN,2605
CN-2605-ZBAA-AGVUT-01R,6,KABDO,W119,LESVI,CN,2605
CN-2605-ZBAA-AGVUT-01R,7,LESVI,B215,DSC,CN,2605
CN-2605-ZBAA-AGVUT-01R,8,DSC,L181,AGVUT,CN,2605
CN-2605-ZBAA-AGVUT-02R,1,IDKEX,B339,ASILA,CN,2605
CN-2605-ZBAA-AGVUT-02R,2,ASILA,A575,UPREK,CN,2605
CN-2605-ZBAA-AGVUT-02R,3,UPREK,W28,LAGEB,CN,2605
CN-2605-ZBAA-AGVUT-02R,4,LAGEB,W66,NUKTI,CN,2605
CN-2605-ZBAA-AGVUT-02R,5,NUKTI,B215,IBANO,CN,2605
CN-2605-ZBAA-AGVUT-02R,6,IBANO,W187,MAGIV,CN,2605
CN-2605-ZBAA-AGVUT-02R,7,MAGIV,B215,DSC,CN,2605
CN-2605-ZBAA-AGVUT-02R,8,DSC,L181,AGVUT,CN,2605
CN-2605-ZBAA-ARGUK-01,1,DOTRA,B334,TGO,CN,2605
CN-2605-ZBAA-ARGUK-01,2,TGO,G212,ARGUK,CN,2605
CN-2605-ZBAA-BISUN-01,1,DOTRA,B334,TGO,CN,2605
CN-2605-ZBAA-BISUN-01,2,TGO,G341,WQG,CN,2605
CN-2605-ZBAA-BISUN-01,3,WQG,B451,BISUN,CN,2605
CN-2605-ZBAA-GOLOT-01,1,DOTRA,B334,KAKAT,CN,2605
CN-2605-ZBAA-GOLOT-01,2,KAKAT,W31,CHG,CN,2605
CN-2605-ZBAA-GOLOT-01,3,CHG,A575,BIDIB,CN,2605
CN-2605-ZBAA-GOLOT-01,4,BIDIB,A345,GOLOT,CN,2605
CN-2605-ZBAA-INTIK-01,1,IDKEX,B339,ASILA,CN,2605
CN-2605-ZBAA-INTIK-01,2,ASILA,A575,INTIK,CN,2605
CN-2605-ZBAA-KAMUD-01,1,IDKEX,B339,ASILA,CN,2605
CN-2605-ZBAA-KAMUD-01,2,ASILA,A575,UPREK,CN,2605
CN-2605-ZBAA-KAMUD-01,3,UPREK,W28,LAGEB,CN,2605
CN-2605-ZBAA-KAMUD-01,4,LAGEB,W66,NUKTI,CN,2605
CN-2605-ZBAA-KAMUD-01,5,NUKTI,B215,KABDO,CN,2605
CN-2605-ZBAA-KAMUD-01,6,KABDO,W119,LIMDO,CN,2605
CN-2605-ZBAA-KAMUD-01,7,LIMDO,A468,KAMUD,CN,2605
CN-2605-ZBAA-LAMEN-01,1,ELKUR,W40,YQG,CN,2605
CN-2605-ZBAA-LAMEN-01,2,YQG,W142,DALIM,CN,2605
CN-2605-ZBAA-LAMEN-01,3,DALIM,A593,PK,CN,2605
CN-2605-ZBAA-LAMEN-01,4,PK,W116,JTN,CN,2605
CN-2605-ZBAA-LAMEN-01,5,JTN,G327,LAMEN,CN,2605
CN-2605-ZBAA-LINSO-01,1,RUSDO,W45,ATMIL,CN,2605
CN-2605-ZBAA-LINSO-01,2,ATMIL,W276,ARELA,CN,2605
CN-2605-ZBAA-LINSO-01,3,ARELA,W30,XFA,CN,2605
CN-2605-ZBAA-LINSO-01,4,XFA,A581,SGM,CN,2605
CN-2605-ZBAA-LINSO-01,5,SGM,A599,LINSO,CN,2605
CN-2605-ZBAA-POLHO-01,1,IDKEX,B339,POLHO,CN,2605
CN-2605-ZBAA-PURPA-01,1,IDKEX,B339,ASILA,CN,2605
CN-2605-ZBAA-PURPA-01,2,ASILA,A575,UPREK,CN,2605
CN-2605-ZBAA-PURPA-01,3,UPREK,W28,LAGEB,CN,2605
CN-2605-ZBAA-PURPA-01,4,LAGEB,W66,NUKTI,CN,2605
CN-2605-ZBAA-PURPA-01,5,NUKTI,B215,IBANO,CN,2605
CN-2605-ZBAA-PURPA-01,6,IBANO,W187,MAGIV,CN,2605
CN-2605-ZBAA-PURPA-01,7,MAGIV,B215,PURPA,CN,2605
CN-2605-ZBAA-PURPA-02,1,IDKEX,B339,ASILA,CN,2605
CN-2605-ZBAA-PURPA-02,2,ASILA,A575,UPREK,CN,2605
CN-2605-ZBAA-PURPA-02,3,UPREK,W28,LAGEB,CN,2605
CN-2605-ZBAA-PURPA-02,4,LAGEB,W66,NUKTI,CN,2605
CN-2605-ZBAA-PURPA-02,5,NUKTI,B215,IBANO,CN,2605
CN-2605-ZBAA-PURPA-02,6,IBANO,W187,TUSLI,CN,2605
CN-2605-ZBAA-PURPA-02,7,TUSLI,W112,PURPA,CN,2605
CN-2605-ZBAA-RCKH-01,1,ELKUR,W40,YQG,CN,2605
CN-2605-ZBAA-RCKH-01,2,YQG,W142,DALIM,CN,2605
CN-2605-ZBAA-RCKH-01,3,DALIM,A593,PK,CN,2605
CN-2605-ZBAA-RCKH-01,4,PK,W116,JTN,CN,2605
CN-2605-ZBAA-RCKH-01,5,JTN,G327,BOLEX,CN,2605
CN-2605-ZBAA-RCKH-01,6,BOLEX,B591,KASKA,CN,2605
CN-2605-ZBAA-RCTP-01,1,ELKUR,W40,YQG,CN,2605
CN-2605-ZBAA-RCTP-01,2,YQG,W142,DALIM,CN,2605
CN-2605-ZBAA-RCTP-01,3,DALIM,A593,PK,CN,2605
CN-2605-ZBAA-RCTP-01,4,PK,W116,JTN,CN,2605
CN-2605-ZBAA-RCTP-01,5,JTN,G327,BOLEX,CN,2605
CN-2605-ZBAA-RCTP-01,6,BOLEX,B591,KASKA,CN,2605
CN-2605-ZBAA-RCYU-01,1,ELKUR,W40,YQG,CN,2605
CN-2605-ZBAA-RCYU-01,2,YQG,W142,DALIM,CN,2605
CN-2605-ZBAA-RCYU-01,3,DALIM,A593,PK,CN,2605
CN-2605-ZBAA-RCYU-01,4,PK,W116,JTN,CN,2605
CN-2605-ZBAA-RCYU-01,5,JTN,G327,BOLEX,CN,2605
CN-2605-ZBAA-RCYU-01,6,BOLEX,B591,KASKA,CN,2605
CN-2605-ZBAA-RULAD-01,1,IDKEX,B339,ASILA,CN,2605
CN-2605-ZBAA-RULAD-01,2,ASILA,A575,UPREK,CN,2605
CN-2605-ZBAA-RULAD-01,3,UPREK,W28,LAGEB,CN,2605
CN-2605-ZBAA-RULAD-01,4,LAGEB,W66,NUKTI,CN,2605
CN-2605-ZBAA-RULAD-01,5,NUKTI,B215,KABDO,CN,2605
CN-2605-ZBAA-RULAD-01,6,KABDO,W119,GOBOK,CN,2605
CN-2605-ZBAA-RULAD-01,7,GOBOK,A343,RULAD,CN,2605
CN-2605-ZBAA-SAGAG-01,1,RUSDO,W45,ATMIL,CN,2605
CN-2605-ZBAA-SAGAG-01,2,ATMIL,W276,ARELA,CN,2605
CN-2605-ZBAA-SAGAG-01,3,ARELA,W30,XFA,CN,2605
CN-2605-ZBAA-SAGAG-01,4,XFA,A581,SAGAG,CN,2605
CN-2605-ZBAA-SARIN-01,1,IDKEX,B339,ASILA,CN,2605
CN-2605-ZBAA-SARIN-01,2,ASILA,A575,UPREK,CN,2605
CN-2605-ZBAA-SARIN-01,3,UPREK,W28,LAGEB,CN,2605
CN-2605-ZBAA-SARIN-01,4,LAGEB,W66,NUKTI,CN,2605
CN-2605-ZBAA-SARIN-01,5,NUKTI,B215,FKG,CN,2605
CN-2605-ZBAA-SARIN-01,6,FKG,A368,SARIN,CN,2605
CN-2605-ZBAA-SIMLI-01,1,DOTRA,B334,TGO,CN,2605
CN-2605-ZBAA-SIMLI-01,2,TGO,G212,HRB,CN,2605
CN-2605-ZBAA-SIMLI-01,3,HRB,A588,SIMLI,CN,2605
CN-2605-ZBAA-TAMOT-01,1,RUSDO,W45,IPLEV,CN,2605
CN-2605-ZBAA-TAMOT-01,2,IPLEV,B458,DADGA,CN,2605
CN-2605-ZBAA-TAMOT-01,3,DADGA,W37,OMBEB,CN,2605
CN-2605-ZBAA-TAMOT-01,4,OMBEB,R473,WYN,CN,2605
CN-2605-ZBAA-TAMOT-01,5,WYN,W18,TAMOT,CN,2605
CN-2605-ZBAA-TELOK-01,1,DOTRA,B334,TGO,CN,2605
CN-2605-ZBAA-TELOK-01,2,TGO,W27,IKITI,CN,2605
CN-2605-ZBAA-TELOK-01,3,IKITI,A345,TELOK,CN,2605
CN-2605-ZBAA-VHHH-01,1,RUSDO,W45,IPLEV,CN,2605
CN-2605-ZBAA-VHHH-01,2,IPLEV,B458,DADGA,CN,2605
CN-2605-ZBAA-VHHH-01,3,DADGA,W37,OMBEB,CN,2605
CN-2605-ZBAA-VHHH-01,4,OMBEB,R473,WYN,CN,2605
CN-2605-ZBAA-VHHH-01,5,WYN,W18,NLG,CN,2605
CN-2605-ZBAA-VHHH-01,6,NLG,W23,ZUH,CN,2605
CN-2605-ZBAA-VHHH-01,7,ZUH,R473,SIERA,CN,2605
CN-2605-ZBAA-VMMC-01,1,RUSDO,W45,IPLEV,CN,2605
CN-2605-ZBAA-VMMC-01,2,IPLEV,B458,DADGA,CN,2605
CN-2605-ZBAA-VMMC-01,3,DADGA,W37,OMBEB,CN,2605
CN-2605-ZBAA-VMMC-01,4,OMBEB,R473,NOLON,CN,2605
CN-2605-ZBAA-VMMC-01,5,NOLON,W90,POU,CN,2605
CN-2605-ZBAA-VMMC-01,6,POU,W7,SAREX,CN,2605
CN-2605-ZBAA-VMMC-01,7,SAREX,W6,LATOP,CN,2605
CN-2605-ZBAD-AGAVO-01,1,MUGLO,W34,VAPGU,CN,2605
CN-2605-ZBAD-AGAVO-01,2,VAPGU,W100,ORAVA,CN,2605
CN-2605-ZBAD-AGAVO-01,3,ORAVA,W201,UNSEK,CN,2605
CN-2605-ZBAD-AGAVO-01,4,UNSEK,A326,DONVO,CN,2605
CN-2605-ZBAD-AGAVO-01,5,DONVO,G597,AGAVO,CN,2605
CN-2605-ZBAD-ARGUK-01,1,DOTRA,B334,TGO,CN,2605
CN-2605-ZBAD-ARGUK-01,2,TGO,G212,ARGUK,CN,2605
CN-2605-ZBAD-BISUN-01,1,DOTRA,B334,TGO,CN,2605
CN-2605-ZBAD-BISUN-01,2,TGO,G341,WQG,CN,2605
CN-2605-ZBAD-BISUN-01,3,WQG,B451,BISUN,CN,2605
CN-2605-ZBAD-INTIK-01,1,IDKEX,B339,ASILA,CN,2605
CN-2605-ZBAD-INTIK-01,2,ASILA,A575,INTIK,CN,2605
CN-2605-ZBAD-KAMUD-01,1,IDKEX,B339,ASILA,CN,2605
CN-2605-ZBAD-KAMUD-01,2,ASILA,A575,UPREK,CN,2605
CN-2605-ZBAD-KAMUD-01,3,UPREK,W28,LAGEB,CN,2605
CN-2605-ZBAD-KAMUD-01,4,LAGEB,W66,NUKTI,CN,2605
CN-2605-ZBAD-KAMUD-01,5,NUKTI,B215,KABDO,CN,2605
CN-2605-ZBAD-KAMUD-01,6,KABDO,W119,LIMDO,CN,2605
CN-2605-ZBAD-KAMUD-01,7,LIMDO,A468,KAMUD,CN,2605
CN-2605-ZBAD-LINSO-01,1,OMDEK,W37,DUBAS,CN,2605
CN-2605-ZBAD-LINSO-01,2,DUBAS,R343,WHA,CN,2605
CN-2605-ZBAD-LINSO-01,3,WHA,A581,QNX,CN,2605
CN-2605-ZBAD-LINSO-01,4,QNX,W136,XISLI,CN,2605
CN-2605-ZBAD-LINSO-01,5,XISLI,A581,SGM,CN,2605
CN-2605-ZBAD-LINSO-01,6,SGM,A599,LINSO,CN,2605
CN-2605-ZBAD-LINSO-02,1,PEGSO,B215,AGVUR,CN,2605
CN-2605-ZBAD-LINSO-02,2,AGVUR,W287,MENED,CN,2605
CN-2605-ZBAD-LINSO-02,3,MENED,W276,ARELA,CN,2605
CN-2605-ZBAD-LINSO-02,4,ARELA,W30,XFA,CN,2605
CN-2605-ZBAD-LINSO-02,5,XFA,A581,SGM,CN,2605
CN-2605-ZBAD-LINSO-02,6,SGM,A599,LINSO,CN,2605
CN-2605-ZBAD-NONIM-01,1,PEGSO,B215,AGVUR,CN,2605
CN-2605-ZBAD-NONIM-01,2,AGVUR,W287,MENED,CN,2605
CN-2605-ZBAD-NONIM-01,3,MENED,W276,ANRUG,CN,2605
CN-2605-ZBAD-NONIM-01,4,ANRUG,W279,ONEBA,CN,2605
CN-2605-ZBAD-NONIM-01,5,ONEBA,G212,JTG,CN,2605
CN-2605-ZBAD-NONIM-01,6,JTG,W236,CTU,CN,2605
CN-2605-ZBAD-NONIM-01,7,CTU,B213,LXA,CN,2605
CN-2605-ZBAD-NONIM-01,8,LXA,B345,NONIM,CN,2605
CN-2605-ZBAD-OGIGI-01,1,IDKEX,B339,ASILA,CN,2605
CN-2605-ZBAD-OGIGI-01,2,ASILA,A575,UPREK,CN,2605
CN-2605-ZBAD-OGIGI-01,3,UPREK,W28,LAGEB,CN,2605
CN-2605-ZBAD-OGIGI-01,4,LAGEB,W66,NUKTI,CN,2605
CN-2605-ZBAD-OGIGI-01,5,NUKTI,B215,KABDO,CN,2605
CN-2605-ZBAD-OGIGI-01,6,KABDO,W119,KQS,CN,2605
CN-2605-ZBAD-OGIGI-01,7,KQS,W176,KHG,CN,2605
CN-2605-ZBAD-OGIGI-01,8,KHG,L43,OGIGI,CN,2605
CN-2605-ZBAD-POLHO-01,1,IDKEX,B339,POLHO,CN,2605
CN-2605-ZBAD-PURPA-01,1,IDKEX,B339,ASILA,CN,2605
CN-2605-ZBAD-PURPA-01,2,ASILA,A575,UPREK,CN,2605
CN-2605-ZBAD-PURPA-01,3,UPREK,W28,LAGEB,CN,2605
CN-2605-ZBAD-PURPA-01,4,LAGEB,W66,NUKTI,CN,2605
CN-2605-ZBAD-PURPA-01,5,NUKTI,B215,IBANO,CN,2605
CN-2605-ZBAD-PURPA-01,6,IBANO,W187,MAGIV,CN,2605
CN-2605-ZBAD-PURPA-01,7,MAGIV,B215,PURPA,CN,2605
CN-2605-ZBAD-PURPA-02,1,IDKEX,B339,ASILA,CN,2605
CN-2605-ZBAD-PURPA-02,2,ASILA,A575,UPREK,CN,2605
CN-2605-ZBAD-PURPA-02,3,UPREK,W28,LAGEB,CN,2605
CN-2605-ZBAD-PURPA-02,4,LAGEB,W66,NUKTI,CN,2605
CN-2605-ZBAD-PURPA-02,5,NUKTI,B215,IBANO,CN,2605
CN-2605-ZBAD-PURPA-02,6,IBANO,W187,TUSLI,CN,2605
CN-2605-ZBAD-PURPA-02,7,TUSLI,W112,PURPA,CN,2605
CN-2605-ZBAD-RULAD-01,1,IDKEX,B339,ASILA,CN,2605
CN-2605-ZBAD-RULAD-01,2,ASILA,A575,UPREK,CN,2605
CN-2605-ZBAD-RULAD-01,3,UPREK,W28,LAGEB,CN,2605
CN-2605-ZBAD-RULAD-01,4,LAGEB,W66,NUKTI,CN,2605
CN-2605-ZBAD-RULAD-01,5,NUKTI,B215,KABDO,CN,2605
CN-2605-ZBAD-RULAD-01,6,KABDO,W119,GOBOK,CN,2605
CN-2605-ZBAD-RULAD-01,7,GOBOK,A343,RULAD,CN,2605
CN-2605-ZBAD-SARIN-01,1,IDKEX,B339,ASILA,CN,2605
CN-2605-ZBAD-SARIN-01,2,ASILA,A575,UPREK,CN,2605
CN-2605-ZBAD-SARIN-01,3,UPREK,W28,LAGEB,CN,2605
CN-2605-ZBAD-SARIN-01,4,LAGEB,W66,NUKTI,CN,2605
CN-2605-ZBAD-SARIN-01,5,NUKTI,B215,FKG,CN,2605
CN-2605-ZBAD-SARIN-01,6,FKG,A368,SARIN,CN,2605
CN-2605-ZBAD-SIMLI-01,1,DOTRA,B334,TGO,CN,2605
CN-2605-ZBAD-SIMLI-01,2,TGO,G212,HRB,CN,2605
CN-2605-ZBAD-SIMLI-01,3,HRB,A588,SIMLI,CN,2605
CN-2605-ZBAD-TAMOT-01,1,OMDEK,W37,OMBEB,CN,2605
CN-2605-ZBAD-TAMOT-01,2,OMBEB,R473,WYN,CN,2605
CN-2605-ZBAD-TAMOT-01,3,WYN,W18,TAMOT,CN,2605
CN-2605-ZBAD-TEBAK-01,1,OMDEK,W37,OLMIB,CN,2605
CN-2605-ZBAD-TEBAK-01,2,OLMIB,W83,GOSMA,CN,2605
CN-2605-ZBAD-TEBAK-01,3,GOSMA,R343,WUY,CN,2605
CN-2605-ZBAD-TEBAK-01,4,WUY,R474,TEBAK,CN,2605
CN-2605-ZBAD-VHHH-01,1,OMDEK,W37,OMBEB,CN,2605
CN-2605-ZBAD-VHHH-01,2,OMBEB,R473,WYN,CN,2605
CN-2605-ZBAD-VHHH-01,3,WYN,W18,NLG,CN,2605
CN-2605-ZBAD-VHHH-01,4,NLG,W23,ZUH,CN,2605
CN-2605-ZBAD-VHHH-01,5,ZUH,R473,SIERA,CN,2605
CN-2605-ZBAD-VMMC-01,1,OMDEK,W37,OMBEB,CN,2605
CN-2605-ZBAD-VMMC-01,2,OMBEB,R473,NOLON,CN,2605
CN-2605-ZBAD-VMMC-01,3,NOLON,W90,POU,CN,2605
CN-2605-ZBAD-VMMC-01,4,POU,W7,SAREX,CN,2605
CN-2605-ZBAD-VMMC-01,5,SAREX,W6,LATOP,CN,2605
CN-2605-ZBDS-AGAVO-01,1,KIBIP,W47,OKISO,CN,2605
CN-2605-ZBDS-AGAVO-01,2,OKISO,B215,AGVUR,CN,2605
CN-2605-ZBDS-AGAVO-01,3,AGVUR,W87,BESGI,CN,2605
CN-2605-ZBDS-AGAVO-01,4,BESGI,G212,VYK,CN,2605
CN-2605-ZBDS-AGAVO-01,5,VYK,W34,VAPGU,CN,2605
CN-2605-ZBDS-AGAVO-01,6,VAPGU,W100,ORAVA,CN,2605
CN-2605-ZBDS-AGAVO-01,7,ORAVA,W201,UNSEK,CN,2605
CN-2605-ZBDS-AGAVO-01,8,UNSEK,A326,DONVO,CN,2605
CN-2605-ZBDS-AGAVO-01,9,DONVO,G597,AGAVO,CN,2605
CN-2605-ZBDS-INTIK-01,1,ALGOV,W101,VALNI,CN,2605
CN-2605-ZBDS-INTIK-01,2,VALNI,W64,UBRAG,CN,2605
CN-2605-ZBDS-INTIK-01,3,UBRAG,W84,HET,CN,2605
CN-2605-ZBDS-INTIK-01,4,HET,W32,INTIK,CN,2605
CN-2605-ZBDS-KATBO-01,1,YLX,W193,WJC,CN,2605
CN-2605-ZBDS-KATBO-01,2,WJC,G212,SGM,CN,2605
CN-2605-ZBDS-KATBO-01,3,SGM,A599,ADBAG,CN,2605
CN-2605-ZBDS-KATBO-01,4,ADBAG,R471,KATBO,CN,2605
CN-2605-ZBDS-MORIT-01,1,ALGOV,W193,EGILO,CN,2605
CN-2605-ZBDS-MORIT-01,2,EGILO,W69,DKO,CN,2605
CN-2605-ZBDS-MORIT-01,3,DKO,W66,ESPED,CN,2605
CN-2605-ZBDS-MORIT-01,4,ESPED,W195,MORIT,CN,2605
CN-2605-ZBDS-MORIT-02,1,LAVOM,W48,DKO,CN,2605
CN-2605-ZBDS-MORIT-02,2,DKO,W66,ESPED,CN,2605
CN-2605-ZBDS-MORIT-02,3,ESPED,W195,MORIT,CN,2605
CN-2605-ZBDS-NIXAL-01,1,ALGOV,W101,VALNI,CN,2605
CN-2605-ZBDS-NIXAL-01,2,VALNI,W64,UBRAG,CN,2605
CN-2605-ZBDS-NIXAL-01,3,UBRAG,W84,HET,CN,2605
CN-2605-ZBDS-NIXAL-01,4,HET,B208,NIXAL,CN,2605
CN-2605-ZBDS-SAGAG-01,1,YLX,W193,WJC,CN,2605
CN-2605-ZBDS-SAGAG-01,2,WJC,G212,SGM,CN,2605
CN-2605-ZBDS-SAGAG-01,3,SGM,A581,SAGAG,CN,2605
CN-2605-ZBDS-VHHH-01,1,KIBIP,W47,OKISO,CN,2605
CN-2605-ZBDS-VHHH-01,2,OKISO,B215,AGVUR,CN,2605
CN-2605-ZBDS-VHHH-01,3,AGVUR,B208,CGO,CN,2605
CN-2605-ZBDS-VHHH-01,4,CGO,W129,KAMDA,CN,2605
CN-2605-ZBDS-VHHH-01,5,KAMDA,W128,DUDBI,CN,2605
CN-2605-ZBDS-VHHH-01,6,DUDBI,W37,OMBEB,CN,2605
CN-2605-ZBDS-VHHH-01,7,OMBEB,R473,WYN,CN,2605
CN-2605-ZBDS-VHHH-01,8,WYN,W18,NLG,CN,2605
CN-2605-ZBDS-VHHH-01,9,NLG,W23,ZUH,CN,2605
CN-2605-ZBDS-VHHH-01,10,ZUH,R473,SIERA,CN,2605
CN-2605-ZBDT-VHHH-01,1,VIGEK,B458,IPLEV,CN,2605
CN-2605-ZBDT-VHHH-01,2,IPLEV,W45,SQ,CN,2605
CN-2605-ZBDT-VHHH-01,3,SQ,B208,CGO,CN,2605
CN-2605-ZBDT-VHHH-01,4,CGO,W129,KAMDA,CN,2605
CN-2605-ZBDT-VHHH-01,5,KAMDA,W128,DUDBI,CN,2605
CN-2605-ZBDT-VHHH-01,6,DUDBI,W37,OMBEB,CN,2605
CN-2605-ZBDT-VHHH-01,7,OMBEB,R473,WYN,CN,2605
CN-2605-ZBDT-VHHH-01,8,WYN,W18,NLG,CN,2605
CN-2605-ZBDT-VHHH-01,9,NLG,W23,ZUH,CN,2605
CN-2605-ZBDT-VHHH-01,10,ZUH,R473,SIERA,CN,2605
CN-2605-ZBER-INTIK-01,1,LHT,A575,INTIK,CN,2605
CN-2605-ZBHH-AGAVO-01,1,LUGVU,W69,HUR,CN,2605
CN-2605-ZBHH-AGAVO-01,2,HUR,B339,LADIX,CN,2605
CN-2605-ZBHH-AGAVO-01,3,LADIX,W34,VAPGU,CN,2605
CN-2605-ZBHH-AGAVO-01,4,VAPGU,W100,ORAVA,CN,2605
CN-2605-ZBHH-AGAVO-01,5,ORAVA,W201,UNSEK,CN,2605
CN-2605-ZBHH-AGAVO-01,6,UNSEK,A326,DONVO,CN,2605
CN-2605-ZBHH-AGAVO-01,7,DONVO,G597,AGAVO,CN,2605
CN-2605-ZBHH-ARGUK-01,1,TMR,W86,KAKAT,CN,2605
CN-2605-ZBHH-ARGUK-01,2,KAKAT,B334,TGO,CN,2605
CN-2605-ZBHH-ARGUK-01,3,TGO,G212,ARGUK,CN,2605
CN-2605-ZBHH-INTIK-01,1,TMR,B458,LHT,CN,2605
CN-2605-ZBHH-INTIK-01,2,LHT,A575,INTIK,CN,2605
CN-2605-ZBHH-NIXAL-01,1,TMR,G343,NIXAL,CN,2605
CN-2605-ZBHH-RCTP-01,1,TODAM,B208,CGO,CN,2605
CN-2605-ZBHH-RCTP-01,2,CGO,W129,KAMDA,CN,2605
CN-2605-ZBHH-RCTP-01,3,KAMDA,W128,FYG,CN,2605
CN-2605-ZBHH-RCTP-01,4,FYG,B208,HFE,CN,2605
CN-2605-ZBHH-RCTP-01,5,HFE,R343,UPLEL,CN,2605
CN-2605-ZBHH-RCTP-01,6,UPLEL,W95,SAPIN,CN,2605
CN-2605-ZBHH-RCTP-01,7,SAPIN,A470,BZ,CN,2605
CN-2605-ZBHH-RCTP-01,8,BZ,R596,SULEM,CN,2605
CN-2605-ZBHH-SAGAG-01,1,IBARO,W47,LOVRA,CN,2605
CN-2605-ZBHH-SAGAG-01,2,LOVRA,W276,ARELA,CN,2605
CN-2605-ZBHH-SAGAG-01,3,ARELA,W30,XFA,CN,2605
CN-2605-ZBHH-SAGAG-01,4,XFA,A581,SAGAG,CN,2605
CN-2605-ZBHH-SARIN-01,1,DUDIL,W69,DKO,CN,2605
CN-2605-ZBHH-SARIN-01,2,DKO,W66,NUKTI,CN,2605
CN-2605-ZBHH-SARIN-01,3,NUKTI,B215,FKG,CN,2605
CN-2605-ZBHH-SARIN-01,4,FKG,A368,SARIN,CN,2605
CN-2605-ZBHH-TAMOT-01,1,TODAM,B208,CGO,CN,2605
CN-2605-ZBHH-TAMOT-01,2,CGO,W129,KAMDA,CN,2605
CN-2605-ZBHH-TAMOT-01,3,KAMDA,W128,DUDBI,CN,2605
CN-2605-ZBHH-TAMOT-01,4,DUDBI,W37,OMBEB,CN,2605
CN-2605-ZBHH-TAMOT-01,5,OMBEB,R473,WYN,CN,2605
CN-2605-ZBHH-TAMOT-01,6,WYN,W18,TAMOT,CN,2605
CN-2605-ZBHH-VHHH-01,1,TODAM,B208,CGO,CN,2605
CN-2605-ZBHH-VHHH-01,2,CGO,W129,KAMDA,CN,2605
CN-2605-ZBHH-VHHH-01,3,KAMDA,W128,DUDBI,CN,2605
CN-2605-ZBHH-VHHH-01,4,DUDBI,W37,OMBEB,CN,2605
CN-2605-ZBHH-VHHH-01,5,OMBEB,R473,WYN,CN,2605
CN-2605-ZBHH-VHHH-01,6,WYN,W18,NLG,CN,2605
CN-2605-ZBHH-VHHH-01,7,NLG,W23,ZUH,CN,2605
CN-2605-ZBHH-VHHH-01,8,ZUH,R473,SIERA,CN,2605
CN-2605-ZBLA-RCTP-01,1,HLD,A345,BIDIB,CN,2605
CN-2605-ZBLA-RCTP-01,2,BIDIB,A588,CHI,CN,2605
CN-2605-ZBLA-RCTP-01,3,CHI,W107,SANKO,CN,2605
CN-2605-ZBLA-RCTP-01,4,SANKO,A326,MIGOL,CN,2605
CN-2605-ZBLA-RCTP-01,5,MIGOL,B591,KASKA,CN,2605
CN-2605-ZBLA-SARUL-01,1,HLD,A345,KAGAK,CN,2605
CN-2605-ZBLA-SARUL-01,2,KAGAK,G338,SARUL,CN,2605
CN-2605-ZBLA-TELOK-01,1,HLD,A345,TELOK,CN,2605
CN-2605-ZBLA-VHHH-01,1,HLD,A345,IKITI,CN,2605
CN-2605-ZBLA-VHHH-01,2,IKITI,W27,TGO,CN,2605
CN-2605-ZBLA-VHHH-01,3,TGO,G212,VYK,CN,2605
CN-2605-ZBLA-VHHH-01,4,VYK,W37,OMBEB,CN,2605
CN-2605-ZBLA-VHHH-01,5,OMBEB,R473,WYN,CN,2605
CN-2605-ZBLA-VHHH-01,6,WYN,W18,NLG,CN,2605
CN-2605-ZBLA-VHHH-01,7,NLG,W23,ZUH,CN,2605
CN-2605-ZBLA-VHHH-01,8,ZUH,R473,SIERA,CN,2605
CN-2605-ZBMZ-SARUL-01,1,MZL,W606,IKARU,CN,2605
CN-2605-ZBMZ-SARUL-01,2,IKARU,G338,SARUL,CN,2605
CN-2605-ZBMZ-TELOK-01,1,MZL,W539,MANLI,CN,2605
CN-2605-ZBMZ-TELOK-01,2,MANLI,A345,TELOK,CN,2605
CN-2605-ZBOW-AGAVO-01,1,BAV,W193,OMGEL,CN,2605
CN-2605-ZBOW-AGAVO-01,2,OMGEL,W64,UBRAG,CN,2605
CN-2605-ZBOW-AGAVO-01,3,UBRAG,W84,TOREL,CN,2605
CN-2605-ZBOW-AGAVO-01,4,TOREL,W69,HUR,CN,2605
CN-2605-ZBOW-AGAVO-01,5,HUR,B339,LADIX,CN,2605
CN-2605-ZBOW-AGAVO-01,6,LADIX,W34,VAPGU,CN,2605
CN-2605-ZBOW-AGAVO-01,7,VAPGU,W100,ORAVA,CN,2605
CN-2605-ZBOW-AGAVO-01,8,ORAVA,W201,UNSEK,CN,2605
CN-2605-ZBOW-AGAVO-01,9,UNSEK,A326,DONVO,CN,2605
CN-2605-ZBOW-AGAVO-01,10,DONVO,G597,AGAVO,CN,2605
CN-2605-ZBOW-SAGAG-01,1,ALGOV,W193,HDS,CN,2605
CN-2605-ZBOW-SAGAG-01,2,HDS,W48,IDSOT,CN,2605
CN-2605-ZBOW-SAGAG-01,3,IDSOT,W47,LOVRA,CN,2605
CN-2605-ZBOW-SAGAG-01,4,LOVRA,W276,ARELA,CN,2605
CN-2605-ZBOW-SAGAG-01,5,ARELA,W30,XFA,CN,2605
CN-2605-ZBOW-SAGAG-01,6,XFA,A581,SAGAG,CN,2605
CN-2605-ZBSJ-AGAVO-01,1,AREKU,W640,BELAX,CN,2605
CN-2605-ZBSJ-AGAVO-01,2,BELAX,G212,VYK,CN,2605
CN-2605-ZBSJ-AGAVO-01,3,VYK,W34,VAPGU,CN,2605
CN-2605-ZBSJ-AGAVO-01,4,VAPGU,W100,ORAVA,CN,2605
CN-2605-ZBSJ-AGAVO-01,5,ORAVA,W201,UNSEK,CN,2605
CN-2605-ZBSJ-AGAVO-01,6,UNSEK,A326,DONVO,CN,2605
CN-2605-ZBSJ-AGAVO-01,7,DONVO,G597,AGAVO,CN,2605
CN-2605-ZBSJ-INTIK-01,1,ADBES,B215,AGVUR,CN,2605
CN-2605-ZBSJ-INTIK-01,2,AGVUR,B208,HET,CN,2605
CN-2605-ZBSJ-INTIK-01,3,HET,W32,INTIK,CN,2605
CN-2605-ZBSJ-LAMEN-01,1,UKMIS,W562,OVNUG,CN,2605
CN-2605-ZBSJ-LAMEN-01,2,OVNUG,W40,YQG,CN,2605
CN-2605-ZBSJ-LAMEN-01,3,YQG,W142,DALIM,CN,2605
CN-2605-ZBSJ-LAMEN-01,4,DALIM,A593,PK,CN,2605
CN-2605-ZBSJ-LAMEN-01,5,PK,W116,JTN,CN,2605
CN-2605-ZBSJ-LAMEN-01,6,JTN,G327,LAMEN,CN,2605
CN-2605-ZBSJ-LINSO-01,1,ADBES,B215,KAPDO,CN,2605
CN-2605-ZBSJ-LINSO-01,2,KAPDO,W276,ANRUG,CN,2605
CN-2605-ZBSJ-LINSO-01,3,ANRUG,W279,ONEBA,CN,2605
CN-2605-ZBSJ-LINSO-01,4,ONEBA,G212,SGM,CN,2605
CN-2605-ZBSJ-LINSO-01,5,SGM,A599,LINSO,CN,2605
CN-2605-ZBSJ-NIXAL-01,1,ADBES,B215,AGVUR,CN,2605
CN-2605-ZBSJ-NIXAL-01,2,AGVUR,B208,NIXAL,CN,2605
CN-2605-ZBSJ-RCKH-01,1,UKMIS,W624,OTKAB,CN,2605
CN-2605-ZBSJ-RCKH-01,2,OTKAB,W37,GUTOV,CN,2605
CN-2605-ZBSJ-RCKH-01,3,GUTOV,B208,HFE,CN,2605
CN-2605-ZBSJ-RCKH-01,4,HFE,R343,UPLEL,CN,2605
CN-2605-ZBSJ-RCKH-01,5,UPLEL,W95,SAPIN,CN,2605
CN-2605-ZBSJ-RCKH-01,6,SAPIN,A470,BZ,CN,2605
CN-2605-ZBSJ-RCKH-01,7,BZ,R596,SULEM,CN,2605
CN-2605-ZBSJ-RCTP-01,1,UKMIS,W624,OTKAB,CN,2605
CN-2605-ZBSJ-RCTP-01,2,OTKAB,W37,GUTOV,CN,2605
CN-2605-ZBSJ-RCTP-01,3,GUTOV,B208,HFE,CN,2605
CN-2605-ZBSJ-RCTP-01,4,HFE,R343,UPLEL,CN,2605
CN-2605-ZBSJ-RCTP-01,5,UPLEL,W95,SAPIN,CN,2605
CN-2605-ZBSJ-RCTP-01,6,SAPIN,A470,BZ,CN,2605
CN-2605-ZBSJ-RCTP-01,7,BZ,R596,SULEM,CN,2605
CN-2605-ZBSJ-RCYU-01,1,UKMIS,W624,OTKAB,CN,2605
CN-2605-ZBSJ-RCYU-01,2,OTKAB,W37,GUTOV,CN,2605
CN-2605-ZBSJ-RCYU-01,3,GUTOV,B208,HFE,CN,2605
CN-2605-ZBSJ-RCYU-01,4,HFE,R343,UPLEL,CN,2605
CN-2605-ZBSJ-RCYU-01,5,UPLEL,W95,SAPIN,CN,2605
CN-2605-ZBSJ-RCYU-01,6,SAPIN,A470,BZ,CN,2605
CN-2605-ZBSJ-RCYU-01,7,BZ,R596,SULEM,CN,2605
CN-2605-ZBSJ-SAGAG-01,1,ADBES,B215,KAPDO,CN,2605
CN-2605-ZBSJ-SAGAG-01,2,KAPDO,W276,ARELA,CN,2605
CN-2605-ZBSJ-SAGAG-01,3,ARELA,W30,XFA,CN,2605
CN-2605-ZBSJ-SAGAG-01,4,XFA,A581,SAGAG,CN,2605
CN-2605-ZBSJ-TAMOT-01,1,UKMIS,W624,OTKAB,CN,2605
CN-2605-ZBSJ-TAMOT-01,2,OTKAB,W37,OMBEB,CN,2605
CN-2605-ZBSJ-TAMOT-01,3,OMBEB,R473,WYN,CN,2605
CN-2605-ZBSJ-TAMOT-01,4,WYN,W18,TAMOT,CN,2605
CN-2605-ZBSJ-VHHH-01,1,UKMIS,W624,OTKAB,CN,2605
CN-2605-ZBSJ-VHHH-01,2,OTKAB,W37,OMBEB,CN,2605
CN-2605-ZBSJ-VHHH-01,3,OMBEB,R473,WYN,CN,2605
CN-2605-ZBSJ-VHHH-01,4,WYN,W18,NLG,CN,2605
CN-2605-ZBSJ-VHHH-01,5,NLG,W23,ZUH,CN,2605
CN-2605-ZBSJ-VHHH-01,6,ZUH,R473,SIERA,CN,2605
CN-2605-ZBSJ-VMMC-01,1,UKMIS,W624,OTKAB,CN,2605
CN-2605-ZBSJ-VMMC-01,2,OTKAB,W37,OMBEB,CN,2605
CN-2605-ZBSJ-VMMC-01,3,OMBEB,R473,NOLON,CN,2605
CN-2605-ZBSJ-VMMC-01,4,NOLON,W90,POU,CN,2605
CN-2605-ZBSJ-VMMC-01,5,POU,W7,SAREX,CN,2605
CN-2605-ZBSJ-VMMC-01,6,SAREX,W6,LATOP,CN,2605
CN-2605-ZBTJ-AGAVO-01,1,MUGLO,W34,VAPGU,CN,2605
CN-2605-ZBTJ-AGAVO-01,2,VAPGU,W100,ORAVA,CN,2605
CN-2605-ZBTJ-AGAVO-01,3,ORAVA,W201,UNSEK,CN,2605
CN-2605-ZBTJ-AGAVO-01,4,UNSEK,A326,DONVO,CN,2605
CN-2605-ZBTJ-AGAVO-01,5,DONVO,G597,AGAVO,CN,2605
CN-2605-ZBTJ-ARGUK-01,1,MUGLO,W34,VAPGU,CN,2605
CN-2605-ZBTJ-ARGUK-01,2,VAPGU,W100,ORAVA,CN,2605
CN-2605-ZBTJ-ARGUK-01,3,ORAVA,W201,UNSEK,CN,2605
CN-2605-ZBTJ-ARGUK-01,4,UNSEK,A326,MAKNO,CN,2605
CN-2605-ZBTJ-ARGUK-01,5,MAKNO,W106,UDETI,CN,2605
CN-2605-ZBTJ-ARGUK-01,6,UDETI,A588,HRB,CN,2605
CN-2605-ZBTJ-ARGUK-01,7,HRB,G212,ARGUK,CN,2605
CN-2605-ZBTJ-BISUN-01,1,MUGLO,W34,VAPGU,CN,2605
CN-2605-ZBTJ-BISUN-01,2,VAPGU,W100,ORAVA,CN,2605
CN-2605-ZBTJ-BISUN-01,3,ORAVA,W201,UNSEK,CN,2605
CN-2605-ZBTJ-BISUN-01,4,UNSEK,A326,MAKNO,CN,2605
CN-2605-ZBTJ-BISUN-01,5,MAKNO,W106,UDETI,CN,2605
CN-2605-ZBTJ-BISUN-01,6,UDETI,A588,LJB,CN,2605
CN-2605-ZBTJ-BISUN-01,7,LJB,G341,WQG,CN,2605
CN-2605-ZBTJ-BISUN-01,8,WQG,B451,BISUN,CN,2605
CN-2605-ZBTJ-INTIK-01,1,IDKEX,B339,ASILA,CN,2605
CN-2605-ZBTJ-INTIK-01,2,ASILA,A575,INTIK,CN,2605
CN-2605-ZBTJ-KAMUD-01,1,IDKEX,B339,ASILA,CN,2605
CN-2605-ZBTJ-KAMUD-01,2,ASILA,A575,UPREK,CN,2605
CN-2605-ZBTJ-KAMUD-01,3,UPREK,W28,LAGEB,CN,2605
CN-2605-ZBTJ-KAMUD-01,4,LAGEB,W66,NUKTI,CN,2605
CN-2605-ZBTJ-KAMUD-01,5,NUKTI,B215,KABDO,CN,2605
CN-2605-ZBTJ-KAMUD-01,6,KABDO,W119,LIMDO,CN,2605
CN-2605-ZBTJ-KAMUD-01,7,LIMDO,A468,KAMUD,CN,2605
CN-2605-ZBTJ-LINSO-01,1,OMDEK,W37,DUBAS,CN,2605
CN-2605-ZBTJ-LINSO-01,2,DUBAS,R343,WHA,CN,2605
CN-2605-ZBTJ-LINSO-01,3,WHA,A581,QNX,CN,2605
CN-2605-ZBTJ-LINSO-01,4,QNX,W136,XISLI,CN,2605
CN-2605-ZBTJ-LINSO-01,5,XISLI,A581,SGM,CN,2605
CN-2605-ZBTJ-LINSO-01,6,SGM,A599,LINSO,CN,2605
CN-2605-ZBTJ-LINSO-02,1,PEGSO,B215,KAPDO,CN,2605
CN-2605-ZBTJ-LINSO-02,2,KAPDO,W276,ARELA,CN,2605
CN-2605-ZBTJ-LINSO-02,3,ARELA,W30,XFA,CN,2605
CN-2605-ZBTJ-LINSO-02,4,XFA,A581,SGM,CN,2605
CN-2605-ZBTJ-LINSO-02,5,SGM,A599,LINSO,CN,2605
CN-2605-ZBTJ-PURPA-01,1,IDKEX,B339,ASILA,CN,2605
CN-2605-ZBTJ-PURPA-01,2,ASILA,A575,UPREK,CN,2605
CN-2605-ZBTJ-PURPA-01,3,UPREK,W28,LAGEB,CN,2605
CN-2605-ZBTJ-PURPA-01,4,LAGEB,W66,NUKTI,CN,2605
CN-2605-ZBTJ-PURPA-01,5,NUKTI,B215,IBANO,CN,2605
CN-2605-ZBTJ-PURPA-01,6,IBANO,W187,MAGIV,CN,2605
CN-2605-ZBTJ-PURPA-01,7,MAGIV,B215,PURPA,CN,2605
CN-2605-ZBTJ-PURPA-02,1,IDKEX,B339,ASILA,CN,2605
CN-2605-ZBTJ-PURPA-02,2,ASILA,A575,UPREK,CN,2605
CN-2605-ZBTJ-PURPA-02,3,UPREK,W28,LAGEB,CN,2605
CN-2605-ZBTJ-PURPA-02,4,LAGEB,W66,NUKTI,CN,2605
CN-2605-ZBTJ-PURPA-02,5,NUKTI,B215,IBANO,CN,2605
CN-2605-ZBTJ-PURPA-02,6,IBANO,W187,TUSLI,CN,2605
CN-2605-ZBTJ-PURPA-02,7,TUSLI,W112,PURPA,CN,2605
CN-2605-ZBTJ-RCBS-01,1,ELKUR,W40,YQG,CN,2605
CN-2605-ZBTJ-RCBS-01,2,YQG,W142,DALIM,CN,2605
CN-2605-ZBTJ-RCBS-01,3,DALIM,A593,PK,CN,2605
CN-2605-ZBTJ-RCBS-01,4,PK,W116,JTN,CN,2605
CN-2605-ZBTJ-RCBS-01,5,JTN,G327,BOLEX,CN,2605
CN-2605-ZBTJ-RCBS-01,6,BOLEX,B591,KASKA,CN,2605
CN-2605-ZBTJ-RCFN-01,1,ELKUR,W40,YQG,CN,2605
CN-2605-ZBTJ-RCFN-01,2,YQG,W142,DALIM,CN,2605
CN-2605-ZBTJ-RCFN-01,3,DALIM,A593,PK,CN,2605
CN-2605-ZBTJ-RCFN-01,4,PK,W116,JTN,CN,2605
CN-2605-ZBTJ-RCFN-01,5,JTN,G327,BOLEX,CN,2605
CN-2605-ZBTJ-RCFN-01,6,BOLEX,B591,KASKA,CN,2605
CN-2605-ZBTJ-RCKH-01,1,ELKUR,W40,YQG,CN,2605
CN-2605-ZBTJ-RCKH-01,2,YQG,W142,DALIM,CN,2605
CN-2605-ZBTJ-RCKH-01,3,DALIM,A593,PK,CN,2605
CN-2605-ZBTJ-RCKH-01,4,PK,W116,JTN,CN,2605
CN-2605-ZBTJ-RCKH-01,5,JTN,G327,BOLEX,CN,2605
CN-2605-ZBTJ-RCKH-01,6,BOLEX,B591,KASKA,CN,2605
CN-2605-ZBTJ-RCMQ-01,1,ELKUR,W40,YQG,CN,2605
CN-2605-ZBTJ-RCMQ-01,2,YQG,W142,DALIM,CN,2605
CN-2605-ZBTJ-RCMQ-01,3,DALIM,A593,PK,CN,2605
CN-2605-ZBTJ-RCMQ-01,4,PK,W116,JTN,CN,2605
CN-2605-ZBTJ-RCMQ-01,5,JTN,G327,BOLEX,CN,2605
CN-2605-ZBTJ-RCMQ-01,6,BOLEX,B591,KASKA,CN,2605
CN-2605-ZBTJ-RCNN-01,1,ELKUR,W40,YQG,CN,2605
CN-2605-ZBTJ-RCNN-01,2,YQG,W142,DALIM,CN,2605
CN-2605-ZBTJ-RCNN-01,3,DALIM,A593,PK,CN,2605
CN-2605-ZBTJ-RCNN-01,4,PK,W116,JTN,CN,2605
CN-2605-ZBTJ-RCNN-01,5,JTN,G327,BOLEX,CN,2605
CN-2605-ZBTJ-RCNN-01,6,BOLEX,B591,KASKA,CN,2605
CN-2605-ZBTJ-RCSS-01,1,ELKUR,W40,YQG,CN,2605
CN-2605-ZBTJ-RCSS-01,2,YQG,W142,DALIM,CN,2605
CN-2605-ZBTJ-RCSS-01,3,DALIM,A593,PK,CN,2605
CN-2605-ZBTJ-RCSS-01,4,PK,W116,JTN,CN,2605
CN-2605-ZBTJ-RCSS-01,5,JTN,G327,BOLEX,CN,2605
CN-2605-ZBTJ-RCSS-01,6,BOLEX,B591,KASKA,CN,2605
CN-2605-ZBTJ-RCTP-01,1,ELKUR,W40,YQG,CN,2605
CN-2605-ZBTJ-RCTP-01,2,YQG,W142,DALIM,CN,2605
CN-2605-ZBTJ-RCTP-01,3,DALIM,A593,PK,CN,2605
CN-2605-ZBTJ-RCTP-01,4,PK,W116,JTN,CN,2605
CN-2605-ZBTJ-RCTP-01,5,JTN,G327,BOLEX,CN,2605
CN-2605-ZBTJ-RCTP-01,6,BOLEX,B591,KASKA,CN,2605
CN-2605-ZBTJ-RCYU-01,1,ELKUR,W40,YQG,CN,2605
CN-2605-ZBTJ-RCYU-01,2,YQG,W142,DALIM,CN,2605
CN-2605-ZBTJ-RCYU-01,3,DALIM,A593,PK,CN,2605
CN-2605-ZBTJ-RCYU-01,4,PK,W116,JTN,CN,2605
CN-2605-ZBTJ-RCYU-01,5,JTN,G327,BOLEX,CN,2605
CN-2605-ZBTJ-RCYU-01,6,BOLEX,B591,KASKA,CN,2605
CN-2605-ZBTJ-RULAD-01,1,IDKEX,B339,ASILA,CN,2605
CN-2605-ZBTJ-RULAD-01,2,ASILA,A575,UPREK,CN,2605
CN-2605-ZBTJ-RULAD-01,3,UPREK,W28,LAGEB,CN,2605
CN-2605-ZBTJ-RULAD-01,4,LAGEB,W66,NUKTI,CN,2605
CN-2605-ZBTJ-RULAD-01,5,NUKTI,B215,KABDO,CN,2605
CN-2605-ZBTJ-RULAD-01,6,KABDO,W119,GOBOK,CN,2605
CN-2605-ZBTJ-RULAD-01,7,GOBOK,A343,RULAD,CN,2605
CN-2605-ZBTJ-SAGAG-01,1,OMDEK,W37,DUBAS,CN,2605
CN-2605-ZBTJ-SAGAG-01,2,DUBAS,R343,WHA,CN,2605
CN-2605-ZBTJ-SAGAG-01,3,WHA,A581,QNX,CN,2605
CN-2605-ZBTJ-SAGAG-01,4,QNX,W136,XISLI,CN,2605
CN-2605-ZBTJ-SAGAG-01,5,XISLI,A581,SAGAG,CN,2605
CN-2605-ZBTJ-SARIN-01,1,IDKEX,B339,ASILA,CN,2605
CN-2605-ZBTJ-SARIN-01,2,ASILA,A575,UPREK,CN,2605
CN-2605-ZBTJ-SARIN-01,3,UPREK,W28,LAGEB,CN,2605
CN-2605-ZBTJ-SARIN-01,4,LAGEB,W66,NUKTI,CN,2605
CN-2605-ZBTJ-SARIN-01,5,NUKTI,B215,FKG,CN,2605
CN-2605-ZBTJ-SARIN-01,6,FKG,A368,SARIN,CN,2605
CN-2605-ZBTJ-SIMLI-01,1,MUGLO,W34,VAPGU,CN,2605
CN-2605-ZBTJ-SIMLI-01,2,VAPGU,W100,ORAVA,CN,2605
CN-2605-ZBTJ-SIMLI-01,3,ORAVA,W201,UNSEK,CN,2605
CN-2605-ZBTJ-SIMLI-01,4,UNSEK,A326,MAKNO,CN,2605
CN-2605-ZBTJ-SIMLI-01,5,MAKNO,W106,UDETI,CN,2605
CN-2605-ZBTJ-SIMLI-01,6,UDETI,A588,SIMLI,CN,2605
CN-2605-ZBTJ-TAMOT-01,1,OMDEK,W37,OMBEB,CN,2605
CN-2605-ZBTJ-TAMOT-01,2,OMBEB,R473,WYN,CN,2605
CN-2605-ZBTJ-TAMOT-01,3,WYN,W18,TAMOT,CN,2605
CN-2605-ZBTJ-TEBAK-01,1,OMDEK,W37,OLMIB,CN,2605
CN-2605-ZBTJ-TEBAK-01,2,OLMIB,W83,GOSMA,CN,2605
CN-2605-ZBTJ-TEBAK-01,3,GOSMA,R343,WUY,CN,2605
CN-2605-ZBTJ-TEBAK-01,4,WUY,R474,TEBAK,CN,2605
CN-2605-ZBTJ-TOMUK-01,1,MUGLO,W34,VAPGU,CN,2605
CN-2605-ZBTJ-TOMUK-01,2,VAPGU,W100,ORAVA,CN,2605
CN-2605-ZBTJ-TOMUK-01,3,ORAVA,W201,UNSEK,CN,2605
CN-2605-ZBTJ-TOMUK-01,4,UNSEK,A326,SANKO,CN,2605
CN-2605-ZBTJ-TOMUK-01,5,SANKO,B332,TOMUK,CN,2605
CN-2605-ZBTJ-VHHH-01,1,OMDEK,W37,OMBEB,CN,2605
CN-2605-ZBTJ-VHHH-01,2,OMBEB,R473,WYN,CN,2605
CN-2605-ZBTJ-VHHH-01,3,WYN,W18,NLG,CN,2605
CN-2605-ZBTJ-VHHH-01,4,NLG,W23,ZUH,CN,2605
CN-2605-ZBTJ-VHHH-01,5,ZUH,R473,SIERA,CN,2605
CN-2605-ZBTJ-VMMC-01,1,OMDEK,W37,OMBEB,CN,2605
CN-2605-ZBTJ-VMMC-01,2,OMBEB,R473,NOLON,CN,2605
CN-2605-ZBTJ-VMMC-01,3,NOLON,W90,POU,CN,2605
CN-2605-ZBTJ-VMMC-01,4,POU,W7,SAREX,CN,2605
CN-2605-ZBTJ-VMMC-01,5,SAREX,W6,LATOP,CN,2605
CN-2605-ZBYN-AGAVO-01,1,ISLEP,G212,VYK,CN,2605
CN-2605-ZBYN-AGAVO-01,2,VYK,W34,VAPGU,CN,2605
CN-2605-ZBYN-AGAVO-01,3,VAPGU,W100,ORAVA,CN,2605
CN-2605-ZBYN-AGAVO-01,4,ORAVA,W201,UNSEK,CN,2605
CN-2605-ZBYN-AGAVO-01,5,UNSEK,A326,DONVO,CN,2605
CN-2605-ZBYN-AGAVO-01,6,DONVO,G597,AGAVO,CN,2605
CN-2605-ZBYN-ARGUK-01,1,ISLEP,G212,SOTMU,CN,2605
CN-2605-ZBYN-ARGUK-01,2,SOTMU,B339,HUR,CN,2605
CN-2605-ZBYN-ARGUK-01,3,HUR,B334,TGO,CN,2605
CN-2605-ZBYN-ARGUK-01,4,TGO,G212,ARGUK,CN,2605
CN-2605-ZBYN-BISUN-01,1,AGVUR,B208,HET,CN,2605
CN-2605-ZBYN-BISUN-01,2,HET,G218,TMR,CN,2605
CN-2605-ZBYN-BISUN-01,3,TMR,W86,KAKAT,CN,2605
CN-2605-ZBYN-BISUN-01,4,KAKAT,B334,TGO,CN,2605
CN-2605-ZBYN-BISUN-01,5,TGO,G341,WQG,CN,2605
CN-2605-ZBYN-BISUN-01,6,WQG,B451,BISUN,CN,2605
CN-2605-ZBYN-LINSO-01,1,IDLEL,W276,ANRUG,CN,2605
CN-2605-ZBYN-LINSO-01,2,ANRUG,W279,ONEBA,CN,2605
CN-2605-ZBYN-LINSO-01,3,ONEBA,G212,SGM,CN,2605
CN-2605-ZBYN-LINSO-01,4,SGM,A599,LINSO,CN,2605
CN-2605-ZBYN-LINSO-02,1,IDLEL,W276,ARELA,CN,2605
CN-2605-ZBYN-LINSO-02,2,ARELA,W30,XFA,CN,2605
CN-2605-ZBYN-LINSO-02,3,XFA,A581,SGM,CN,2605
CN-2605-ZBYN-LINSO-02,4,SGM,A599,LINSO,CN,2605
CN-2605-ZBYN-NIXAL-01,1,AGVUR,B208,NIXAL,CN,2605
CN-2605-ZBYN-RCKH-01,1,BISAL,W175,BIVAT,CN,2605
CN-2605-ZBYN-RCKH-01,2,BIVAT,W210,PADNO,CN,2605
CN-2605-ZBYN-RCKH-01,3,PADNO,B208,CGO,CN,2605
CN-2605-ZBYN-RCKH-01,4,CGO,W129,KAMDA,CN,2605
CN-2605-ZBYN-RCKH-01,5,KAMDA,W128,FYG,CN,2605
CN-2605-ZBYN-RCKH-01,6,FYG,B208,HFE,CN,2605
CN-2605-ZBYN-RCKH-01,7,HFE,R343,UPLEL,CN,2605
CN-2605-ZBYN-RCKH-01,8,UPLEL,W95,SAPIN,CN,2605
CN-2605-ZBYN-RCKH-01,9,SAPIN,A470,BZ,CN,2605
CN-2605-ZBYN-RCKH-01,10,BZ,R596,SULEM,CN,2605
CN-2605-ZBYN-RCMQ-01,1,BISAL,W175,BIVAT,CN,2605
CN-2605-ZBYN-RCMQ-01,2,BIVAT,W210,PADNO,CN,2605
CN-2605-ZBYN-RCMQ-01,3,PADNO,B208,CGO,CN,2605
CN-2605-ZBYN-RCMQ-01,4,CGO,W129,KAMDA,CN,2605
CN-2605-ZBYN-RCMQ-01,5,KAMDA,W128,FYG,CN,2605
CN-2605-ZBYN-RCMQ-01,6,FYG,B208,HFE,CN,2605
CN-2605-ZBYN-RCMQ-01,7,HFE,R343,UPLEL,CN,2605
CN-2605-ZBYN-RCMQ-01,8,UPLEL,W95,SAPIN,CN,2605
CN-2605-ZBYN-RCMQ-01,9,SAPIN,A470,BZ,CN,2605
CN-2605-ZBYN-RCMQ-01,10,BZ,R596,SULEM,CN,2605
CN-2605-ZBYN-RCTP-01,1,BISAL,W175,BIVAT,CN,2605
CN-2605-ZBYN-RCTP-01,2,BIVAT,W210,PADNO,CN,2605
CN-2605-ZBYN-RCTP-01,3,PADNO,B208,CGO,CN,2605
CN-2605-ZBYN-RCTP-01,4,CGO,W129,KAMDA,CN,2605
CN-2605-ZBYN-RCTP-01,5,KAMDA,W128,FYG,CN,2605
CN-2605-ZBYN-RCTP-01,6,FYG,B208,HFE,CN,2605
CN-2605-ZBYN-RCTP-01,7,HFE,R343,UPLEL,CN,2605
CN-2605-ZBYN-RCTP-01,8,UPLEL,W95,SAPIN,CN,2605
CN-2605-ZBYN-RCTP-01,9,SAPIN,A470,BZ,CN,2605
CN-2605-ZBYN-RCTP-01,10,BZ,R596,SULEM,CN,2605
CN-2605-ZBYN-RCYU-01,1,BISAL,W175,BIVAT,CN,2605
CN-2605-ZBYN-RCYU-01,2,BIVAT,W210,PADNO,CN,2605
CN-2605-ZBYN-RCYU-01,3,PADNO,B208,CGO,CN,2605
CN-2605-ZBYN-RCYU-01,4,CGO,W129,KAMDA,CN,2605
CN-2605-ZBYN-RCYU-01,5,KAMDA,W128,FYG,CN,2605
CN-2605-ZBYN-RCYU-01,6,FYG,B208,HFE,CN,2605
CN-2605-ZBYN-RCYU-01,7,HFE,R343,UPLEL,CN,2605
CN-2605-ZBYN-RCYU-01,8,UPLEL,W95,SAPIN,CN,2605
CN-2605-ZBYN-RCYU-01,9,SAPIN,A470,BZ,CN,2605
CN-2605-ZBYN-RCYU-01,10,BZ,R596,SULEM,CN,2605
CN-2605-ZBYN-SAGAG-01,1,IDLEL,W276,ANRUG,CN,2605
CN-2605-ZBYN-SAGAG-01,2,ANRUG,W279,ONEBA,CN,2605
CN-2605-ZBYN-SAGAG-01,3,ONEBA,G212,SGM,CN,2605
CN-2605-ZBYN-SAGAG-01,4,SGM,A581,SAGAG,CN,2605
CN-2605-ZBYN-SAGAG-02,1,IDLEL,W276,ARELA,CN,2605
CN-2605-ZBYN-SAGAG-02,2,ARELA,W30,XFA,CN,2605
CN-2605-ZBYN-SAGAG-02,3,XFA,A581,SAGAG,CN,2605
CN-2605-ZBYN-TAMOT-01,1,BISAL,W175,BIVAT,CN,2605
CN-2605-ZBYN-TAMOT-01,2,BIVAT,W210,PADNO,CN,2605
CN-2605-ZBYN-TAMOT-01,3,PADNO,B208,CGO,CN,2605
CN-2605-ZBYN-TAMOT-01,4,CGO,W129,KAMDA,CN,2605
CN-2605-ZBYN-TAMOT-01,5,KAMDA,W128,DUDBI,CN,2605
CN-2605-ZBYN-TAMOT-01,6,DUDBI,W37,OMBEB,CN,2605
CN-2605-ZBYN-TAMOT-01,7,OMBEB,R473,WYN,CN,2605
CN-2605-ZBYN-TAMOT-01,8,WYN,W18,TAMOT,CN,2605
CN-2605-ZBYN-VHHH-01,1,BISAL,W175,BIVAT,CN,2605
CN-2605-ZBYN-VHHH-01,2,BIVAT,W210,PADNO,CN,2605
CN-2605-ZBYN-VHHH-01,3,PADNO,B208,CGO,CN,2605
CN-2605-ZBYN-VHHH-01,4,CGO,W129,KAMDA,CN,2605
CN-2605-ZBYN-VHHH-01,5,KAMDA,W128,DUDBI,CN,2605
CN-2605-ZBYN-VHHH-01,6,DUDBI,W37,OMBEB,CN,2605
CN-2605-ZBYN-VHHH-01,7,OMBEB,R473,WYN,CN,2605
CN-2605-ZBYN-VHHH-01,8,WYN,W18,NLG,CN,2605
CN-2605-ZBYN-VHHH-01,9,NLG,W23,ZUH,CN,2605
CN-2605-ZBYN-VHHH-01,10,ZUH,R473,SIERA,CN,2605
CN-2605-ZBYN-VMMC-01,1,BISAL,W175,BIVAT,CN,2605
CN-2605-ZBYN-VMMC-01,2,BIVAT,W210,PADNO,CN,2605
CN-2605-ZBYN-VMMC-01,3,PADNO,B208,CGO,CN,2605
CN-2605-ZBYN-VMMC-01,4,CGO,W129,KAMDA,CN,2605
CN-2605-ZBYN-VMMC-01,5,KAMDA,W128,DUDBI,CN,2605
CN-2605-ZBYN-VMMC-01,6,DUDBI,W37,OMBEB,CN,2605
CN-2605-ZBYN-VMMC-01,7,OMBEB,R473,NOLON,CN,2605
CN-2605-ZBYN-VMMC-01,8,NOLON,W90,POU,CN,2605
CN-2605-ZBYN-VMMC-01,9,POU,W7,SAREX,CN,2605
CN-2605-ZBYN-VMMC-01,10,SAREX,W6,LATOP,CN,2605
CN-2605-ZGDY-KATBO-01,1,DYG,W140,HUY,CN,2605
CN-2605-ZGDY-KATBO-01,2,HUY,A581,QNX,CN,2605
CN-2605-ZGDY-KATBO-01,3,QNX,W136,XISLI,CN,2605
CN-2605-ZGDY-KATBO-01,4,XISLI,A581,SGM,CN,2605
CN-2605-ZGDY-KATBO-01,5,SGM,A599,ADBAG,CN,2605
CN-2605-ZGDY-KATBO-01,6,ADBAG,R471,KATBO,CN,2605
CN-2605-ZGDY-LAMEN-01,1,DYG,W141,LIN,CN,2605
CN-2605-ZGDY-LAMEN-01,2,LIN,A581,WHA,CN,2605
CN-2605-ZGDY-LAMEN-01,3,WHA,R343,PK,CN,2605
CN-2605-ZGDY-LAMEN-01,4,PK,W116,JTN,CN,2605
CN-2605-ZGDY-LAMEN-01,5,JTN,G327,LAMEN,CN,2605
CN-2605-ZGDY-RCTP-01,1,DYG,W141,LIN,CN,2605
CN-2605-ZGDY-RCTP-01,2,LIN,A581,WHA,CN,2605
CN-2605-ZGDY-RCTP-01,3,WHA,R343,UPLEL,CN,2605
CN-2605-ZGDY-RCTP-01,4,UPLEL,W95,SAPIN,CN,2605
CN-2605-ZGDY-RCTP-01,5,SAPIN,A470,BZ,CN,2605
CN-2605-ZGDY-RCTP-01,6,BZ,R596,SULEM,CN,2605
CN-2605-ZGDY-TEBAK-01,1,DYG,W138,LLC,CN,2605
CN-2605-ZGDY-TEBAK-01,2,LLC,R343,WUY,CN,2605
CN-2605-ZGDY-TEBAK-01,3,WUY,R474,TEBAK,CN,2605
CN-2605-ZGGG-AGVUT-01R,1,AGVIL,W24,OSNOV,CN,2605
CN-2605-ZGGG-AGVUT-01R,2,OSNOV,G586,QP,CN,2605
CN-2605-ZGGG-AGVUT-01R,3,QP,B330,ELKAL,CN,2605
CN-2605-ZGGG-AGVUT-01R,4,ELKAL,W179,OMBON,CN,2605
CN-2605-ZGGG-AGVUT-01R,5,OMBON,W195,IDOPA,CN,2605
CN-2605-ZGGG-AGVUT-01R,6,IDOPA,W197,ANDIM,CN,2605
CN-2605-ZGGG-AGVUT-01R,7,ANDIM,B215,IBANO,CN,2605
CN-2605-ZGGG-AGVUT-01R,8,IBANO,G470,AKLAS,CN,2605
CN-2605-ZGGG-AGVUT-01R,9,AKLAS,W192,FKG,CN,2605
CN-2605-ZGGG-AGVUT-01R,10,FKG,B215,KABDO,CN,2605
CN-2605-ZGGG-AGVUT-01R,11,KABDO,W119,LESVI,CN,2605
CN-2605-ZGGG-AGVUT-01R,12,LESVI,B215,DSC,CN,2605
CN-2605-ZGGG-AGVUT-01R,13,DSC,L181,AGVUT,CN,2605
CN-2605-ZGGG-AGVUT-02R,1,AGVIL,W24,OSNOV,CN,2605
CN-2605-ZGGG-AGVUT-02R,2,OSNOV,G586,QP,CN,2605
CN-2605-ZGGG-AGVUT-02R,3,QP,B330,ELKAL,CN,2605
CN-2605-ZGGG-AGVUT-02R,4,ELKAL,W179,OMBON,CN,2605
CN-2605-ZGGG-AGVUT-02R,5,OMBON,W195,IDOPA,CN,2605
CN-2605-ZGGG-AGVUT-02R,6,IDOPA,W197,ANDIM,CN,2605
CN-2605-ZGGG-AGVUT-02R,7,ANDIM,B215,TODOD,CN,2605
CN-2605-ZGGG-AGVUT-02R,8,TODOD,W112,TUSLI,CN,2605
CN-2605-ZGGG-AGVUT-02R,9,TUSLI,W187,MAGIV,CN,2605
CN-2605-ZGGG-AGVUT-02R,10,MAGIV,B215,DSC,CN,2605
CN-2605-ZGGG-AGVUT-02R,11,DSC,L181,AGVUT,CN,2605
CN-2605-ZGGG-ARGUK-01,1,MIKIP,A461,BUBDA,CN,2605
CN-2605-ZGGG-ARGUK-01,2,BUBDA,W56,VYK,CN,2605
CN-2605-ZGGG-ARGUK-01,3,VYK,G212,SOTMU,CN,2605
CN-2605-ZGGG-ARGUK-01,4,SOTMU,B339,HUR,CN,2605
CN-2605-ZGGG-ARGUK-01,5,HUR,B334,TGO,CN,2605
CN-2605-ZGGG-ARGUK-01,6,TGO,G212,ARGUK,CN,2605
CN-2605-ZGGG-ASSAD-01,1,VIBOS,R473,ZUH,CN,2605
CN-2605-ZGGG-ASSAD-01,2,ZUH,R200,BIGRO,CN,2605
CN-2605-ZGGG-ASSAD-01,3,BIGRO,G221,SAMAS,CN,2605
CN-2605-ZGGG-ASSAD-01,4,SAMAS,A202,ASSAD,CN,2605
CN-2605-ZGGG-ASSAD-02,1,VIBOS,R473,SIERA,CN,2605
CN-2605-ZGGG-ASSAD-02,2,SIERA,DCT,SIKOU,CN,2605
CN-2605-ZGGG-ASSAD-02,3,SIKOU,A202,ASSAD,CN,2605
CN-2605-ZGGG-BUNTA-01,1,VIBOS,R473,SIERA,CN,2605
CN-2605-ZGGG-BUNTA-01,2,SIERA,DCT,IKELA,CN,2605
CN-2605-ZGGG-BUNTA-01,3,IKELA,A1,BUNTA,CN,2605
CN-2605-ZGGG-INTIK-01,1,MIKIP,A461,BUBDA,CN,2605
CN-2605-ZGGG-INTIK-01,2,BUBDA,W56,OBMEP,CN,2605
CN-2605-ZGGG-INTIK-01,3,OBMEP,B208,HET,CN,2605
CN-2605-ZGGG-INTIK-01,4,HET,W32,INTIK,CN,2605
CN-2605-ZGGG-KAMUD-01,1,AGVIL,W24,OSNOV,CN,2605
CN-2605-ZGGG-KAMUD-01,2,OSNOV,G586,QP,CN,2605
CN-2605-ZGGG-KAMUD-01,3,QP,B330,ELKAL,CN,2605
CN-2605-ZGGG-KAMUD-01,4,ELKAL,W179,OMBON,CN,2605
CN-2605-ZGGG-KAMUD-01,5,OMBON,W195,IDOPA,CN,2605
CN-2605-ZGGG-KAMUD-01,6,IDOPA,W197,ANDIM,CN,2605
CN-2605-ZGGG-KAMUD-01,7,ANDIM,B215,IBANO,CN,2605
CN-2605-ZGGG-KAMUD-01,8,IBANO,G470,AKLAS,CN,2605
CN-2605-ZGGG-KAMUD-01,9,AKLAS,W192,FKG,CN,2605
CN-2605-ZGGG-KAMUD-01,10,FKG,B215,KABDO,CN,2605
CN-2605-ZGGG-KAMUD-01,11,KABDO,W119,LIMDO,CN,2605
CN-2605-ZGGG-KAMUD-01,12,LIMDO,A468,KAMUD,CN,2605
CN-2605-ZGGG-KAMUD-02,1,AGVIL,W24,OSNOV,CN,2605
CN-2605-ZGGG-KAMUD-02,2,OSNOV,G586,QP,CN,2605
CN-2605-ZGGG-KAMUD-02,3,QP,B330,ELKAL,CN,2605
CN-2605-ZGGG-KAMUD-02,4,ELKAL,W179,OMBON,CN,2605
CN-2605-ZGGG-KAMUD-02,5,OMBON,W195,IDOPA,CN,2605
CN-2605-ZGGG-KAMUD-02,6,IDOPA,W197,ANDIM,CN,2605
CN-2605-ZGGG-KAMUD-02,7,ANDIM,B215,TODOD,CN,2605
CN-2605-ZGGG-KAMUD-02,8,TODOD,W112,TUSLI,CN,2605
CN-2605-ZGGG-KAMUD-02,9,TUSLI,W187,SADAN,CN,2605
CN-2605-ZGGG-KAMUD-02,10,SADAN,W186,KAMUD,CN,2605
CN-2605-ZGGG-LAMEN-01,1,BOVMA,W41,OMDUP,CN,2605
CN-2605-ZGGG-LAMEN-01,2,OMDUP,G471,PLT,CN,2605
CN-2605-ZGGG-LAMEN-01,3,PLT,A599,JTN,CN,2605
CN-2605-ZGGG-LAMEN-01,4,JTN,G327,LAMEN,CN,2605
CN-2605-ZGGG-LINSO-01,1,VIBOS,R473,ZUH,CN,2605
CN-2605-ZGGG-LINSO-01,2,ZUH,R200,LH,CN,2605
CN-2605-ZGGG-LINSO-01,3,LH,R339,BSE,CN,2605
CN-2605-ZGGG-LINSO-01,4,BSE,A599,LINSO,CN,2605
CN-2605-ZGGG-MORIT-01,1,AGVIL,W24,OSNOV,CN,2605
CN-2605-ZGGG-MORIT-01,2,OSNOV,G586,QP,CN,2605
CN-2605-ZGGG-MORIT-01,3,QP,B330,ELKAL,CN,2605
CN-2605-ZGGG-MORIT-01,4,ELKAL,W179,OMBON,CN,2605
CN-2605-ZGGG-MORIT-01,5,OMBON,W195,MORIT,CN,2605
CN-2605-ZGGG-NIXAL-01,1,MIKIP,A461,BUBDA,CN,2605
CN-2605-ZGGG-NIXAL-01,2,BUBDA,W56,OBMEP,CN,2605
CN-2605-ZGGG-NIXAL-01,3,OBMEP,B208,NIXAL,CN,2605
CN-2605-ZGGG-OGIGI-01,1,AGVIL,W24,OSNOV,CN,2605
CN-2605-ZGGG-OGIGI-01,2,OSNOV,G586,QP,CN,2605
CN-2605-ZGGG-OGIGI-01,3,QP,B330,ELKAL,CN,2605
CN-2605-ZGGG-OGIGI-01,4,ELKAL,W179,OMBON,CN,2605
CN-2605-ZGGG-OGIGI-01,5,OMBON,W195,IDOPA,CN,2605
CN-2605-ZGGG-OGIGI-01,6,IDOPA,W197,ANDIM,CN,2605
CN-2605-ZGGG-OGIGI-01,7,ANDIM,B215,TODOD,CN,2605
CN-2605-ZGGG-OGIGI-01,8,TODOD,W112,TUSLI,CN,2605
CN-2605-ZGGG-OGIGI-01,9,TUSLI,W187,SADAN,CN,2605
CN-2605-ZGGG-OGIGI-01,10,SADAN,W186,KQS,CN,2605
CN-2605-ZGGG-OGIGI-01,11,KQS,W176,KHG,CN,2605
CN-2605-ZGGG-OGIGI-01,12,KHG,L43,OGIGI,CN,2605
CN-2605-ZGGG-POLHO-01,1,MIKIP,A461,BUBDA,CN,2605
CN-2605-ZGGG-POLHO-01,2,BUBDA,W56,OBMEP,CN,2605
CN-2605-ZGGG-POLHO-01,3,OBMEP,B208,HET,CN,2605
CN-2605-ZGGG-POLHO-01,4,HET,G218,POLHO,CN,2605
CN-2605-ZGGG-RCKH-01,1,VIBOS,R473,SIERA,CN,2605
CN-2605-ZGGG-RCMQ-01,1,VIBOS,R473,SIERA,CN,2605
CN-2605-ZGGG-RCTP-01,1,VIBOS,R473,SIERA,CN,2605
CN-2605-ZGGG-RCYU-01,1,VIBOS,R473,SIERA,CN,2605
CN-2605-ZGGG-RULAD-01,1,AGVIL,W24,OSNOV,CN,2605
CN-2605-ZGGG-RULAD-01,2,OSNOV,G586,QP,CN,2605
CN-2605-ZGGG-RULAD-01,3,QP,B330,ELKAL,CN,2605
CN-2605-ZGGG-RULAD-01,4,ELKAL,W179,OMBON,CN,2605
CN-2605-ZGGG-RULAD-01,5,OMBON,W195,IDOPA,CN,2605
CN-2605-ZGGG-RULAD-01,6,IDOPA,W197,ANDIM,CN,2605
CN-2605-ZGGG-RULAD-01,7,ANDIM,B215,IBANO,CN,2605
CN-2605-ZGGG-RULAD-01,8,IBANO,G470,AKLAS,CN,2605
CN-2605-ZGGG-RULAD-01,9,AKLAS,W192,FKG,CN,2605
CN-2605-ZGGG-RULAD-01,10,FKG,B215,KABDO,CN,2605
CN-2605-ZGGG-RULAD-01,11,KABDO,W119,GOBOK,CN,2605
CN-2605-ZGGG-RULAD-01,12,GOBOK,A343,RULAD,CN,2605
CN-2605-ZGGG-SARIN-01,1,AGVIL,W24,OSNOV,CN,2605
CN-2605-ZGGG-SARIN-01,2,OSNOV,G586,QP,CN,2605
CN-2605-ZGGG-SARIN-01,3,QP,B330,ELKAL,CN,2605
CN-2605-ZGGG-SARIN-01,4,ELKAL,W179,OMBON,CN,2605
CN-2605-ZGGG-SARIN-01,5,OMBON,W195,IDOPA,CN,2605
CN-2605-ZGGG-SARIN-01,6,IDOPA,W197,ANDIM,CN,2605
CN-2605-ZGGG-SARIN-01,7,ANDIM,B215,IBANO,CN,2605
CN-2605-ZGGG-SARIN-01,8,IBANO,G470,AKLAS,CN,2605
CN-2605-ZGGG-SARIN-01,9,AKLAS,W192,FKG,CN,2605
CN-2605-ZGGG-SARIN-01,10,FKG,A368,SARIN,CN,2605
CN-2605-ZGGG-SARIN-02,1,AGVIL,W24,OSNOV,CN,2605
CN-2605-ZGGG-SARIN-02,2,OSNOV,G586,QP,CN,2605
CN-2605-ZGGG-SARIN-02,3,QP,B330,ELKAL,CN,2605
CN-2605-ZGGG-SARIN-02,4,ELKAL,W179,OMBON,CN,2605
CN-2605-ZGGG-SARIN-02,5,OMBON,W195,ESPED,CN,2605
CN-2605-ZGGG-SARIN-02,6,ESPED,W66,NUKTI,CN,2605
CN-2605-ZGGG-SARIN-02,7,NUKTI,B215,FKG,CN,2605
CN-2605-ZGGG-SARIN-02,8,FKG,A368,SARIN,CN,2605
CN-2605-ZGGG-SIERA-01,1,VIBOS,R473,SIERA,CN,2605
CN-2605-ZGGG-SIMLI-01,1,MIKIP,A461,BUBDA,CN,2605
CN-2605-ZGGG-SIMLI-01,2,BUBDA,W56,VYK,CN,2605
CN-2605-ZGGG-SIMLI-01,3,VYK,G212,SOTMU,CN,2605
CN-2605-ZGGG-SIMLI-01,4,SOTMU,B339,HUR,CN,2605
CN-2605-ZGGG-SIMLI-01,5,HUR,B334,TGO,CN,2605
CN-2605-ZGGG-SIMLI-01,6,TGO,G212,HRB,CN,2605
CN-2605-ZGGG-SIMLI-01,7,HRB,A588,SIMLI,CN,2605
CN-2605-ZGGG-TEBAK-01,1,VIBOS,R473,ZUH,CN,2605
CN-2605-ZGGG-TEBAK-01,2,ZUH,R200,LH,CN,2605
CN-2605-ZGGG-TEBAK-01,3,LH,R339,WUY,CN,2605
CN-2605-ZGGG-TEBAK-01,4,WUY,R474,TEBAK,CN,2605
CN-2605-ZGGG-TOMUK-01,1,BOVMA,W41,OMDUP,CN,2605
CN-2605-ZGGG-TOMUK-01,2,OMDUP,G471,PLT,CN,2605
CN-2605-ZGGG-TOMUK-01,3,PLT,A599,JTN,CN,2605
CN-2605-ZGGG-TOMUK-01,4,JTN,G327,TONIX,CN,2605
CN-2605-ZGGG-TOMUK-01,5,TONIX,A326,SANKO,CN,2605
CN-2605-ZGGG-TOMUK-01,6,SANKO,B332,TOMUK,CN,2605
CN-2605-ZGGG-VHHH-01,1,VIBOS,R473,SIERA,CN,2605
CN-2605-ZGGG-VMMC-01,1,SAREX,W6,LATOP,CN,2605
CN-2605-ZGHA-AGAVO-01,1,GUDRO,W56,VADMO,CN,2605
CN-2605-ZGHA-AGAVO-01,2,VADMO,W4,WXI,CN,2605
CN-2605-ZGHA-AGAVO-01,3,WXI,W59,SUNOK,CN,2605
CN-2605-ZGHA-AGAVO-01,4,SUNOK,W103,YQG,CN,2605
CN-2605-ZGHA-AGAVO-01,5,YQG,W569,NOBUP,CN,2605
CN-2605-ZGHA-AGAVO-01,6,NOBUP,W4,IKEKA,CN,2605
CN-2605-ZGHA-AGAVO-01,7,IKEKA,A591,AGAVO,CN,2605
CN-2605-ZGHA-ARGUK-01,1,GUDRO,W56,VYK,CN,2605
CN-2605-ZGHA-ARGUK-01,2,VYK,G212,SOTMU,CN,2605
CN-2605-ZGHA-ARGUK-01,3,SOTMU,B339,HUR,CN,2605
CN-2605-ZGHA-ARGUK-01,4,HUR,B334,TGO,CN,2605
CN-2605-ZGHA-ARGUK-01,5,TGO,G212,ARGUK,CN,2605
CN-2605-ZGHA-BISUN-01,1,GUDRO,W56,VYK,CN,2605
CN-2605-ZGHA-BISUN-01,2,VYK,G212,SOTMU,CN,2605
CN-2605-ZGHA-BISUN-01,3,SOTMU,B339,HUR,CN,2605
CN-2605-ZGHA-BISUN-01,4,HUR,B334,TGO,CN,2605
CN-2605-ZGHA-BISUN-01,5,TGO,G341,WQG,CN,2605
CN-2605-ZGHA-BISUN-01,6,WQG,B451,BISUN,CN,2605
CN-2605-ZGHA-LAMEN-01,1,GUDRO,W56,IDPOG,CN,2605
CN-2605-ZGHA-LAMEN-01,2,IDPOG,A581,WHA,CN,2605
CN-2605-ZGHA-LAMEN-01,3,WHA,R343,PK,CN,2605
CN-2605-ZGHA-LAMEN-01,4,PK,W116,JTN,CN,2605
CN-2605-ZGHA-LAMEN-01,5,JTN,G327,LAMEN,CN,2605
CN-2605-ZGHA-LINSO-01,1,OLTUS,W226,IPMUG,CN,2605
CN-2605-ZGHA-LINSO-01,2,IPMUG,W611,BIVAV,CN,2605
CN-2605-ZGHA-LINSO-01,3,BIVAV,W138,DYG,CN,2605
CN-2605-ZGHA-LINSO-01,4,DYG,W140,HUY,CN,2605
CN-2605-ZGHA-LINSO-01,5,HUY,A581,QNX,CN,2605
CN-2605-ZGHA-LINSO-01,6,QNX,W136,XISLI,CN,2605
CN-2605-ZGHA-LINSO-01,7,XISLI,A581,SGM,CN,2605
CN-2605-ZGHA-LINSO-01,8,SGM,A599,LINSO,CN,2605
CN-2605-ZGHA-NIXAL-01,1,GUDRO,W56,OBMEP,CN,2605
CN-2605-ZGHA-NIXAL-01,2,OBMEP,B208,NIXAL,CN,2605
CN-2605-ZGHA-RCKH-01,1,UBMOG,W615,IDAXI,CN,2605
CN-2605-ZGHA-RCKH-01,2,IDAXI,R473,WYN,CN,2605
CN-2605-ZGHA-RCKH-01,3,WYN,W18,TAMOT,CN,2605
CN-2605-ZGHA-RCTP-01,1,UBMOG,W615,IDAXI,CN,2605
CN-2605-ZGHA-RCTP-01,2,IDAXI,R473,WYN,CN,2605
CN-2605-ZGHA-RCTP-01,3,WYN,W18,TAMOT,CN,2605
CN-2605-ZGHA-RCYU-01,1,UBMOG,W615,IDAXI,CN,2605
CN-2605-ZGHA-RCYU-01,2,IDAXI,R473,WYN,CN,2605
CN-2605-ZGHA-RCYU-01,3,WYN,W18,TAMOT,CN,2605
CN-2605-ZGHA-TAMOT-01,1,UBMOG,W615,IDAXI,CN,2605
CN-2605-ZGHA-TAMOT-01,2,IDAXI,R473,WYN,CN,2605
CN-2605-ZGHA-TAMOT-01,3,WYN,W18,TAMOT,CN,2605
CN-2605-ZGHA-TEBAK-01,1,OLTUS,R343,WUY,CN,2605
CN-2605-ZGHA-TEBAK-01,2,WUY,R474,TEBAK,CN,2605
CN-2605-ZGHA-VHHH-01,1,UBMOG,W615,IDAXI,CN,2605
CN-2605-ZGHA-VHHH-01,2,IDAXI,R473,WYN,CN,2605
CN-2605-ZGHA-VHHH-01,3,WYN,W18,NLG,CN,2605
CN-2605-ZGHA-VHHH-01,4,NLG,W23,ZUH,CN,2605
CN-2605-ZGHA-VHHH-01,5,ZUH,R473,SIERA,CN,2605
CN-2605-ZGHA-VMMC-01,1,UBMOG,W615,IDAXI,CN,2605
CN-2605-ZGHA-VMMC-01,2,IDAXI,R473,NOLON,CN,2605
CN-2605-ZGHA-VMMC-01,3,NOLON,W90,POU,CN,2605
CN-2605-ZGHA-VMMC-01,4,POU,W7,SAREX,CN,2605
CN-2605-ZGHA-VMMC-01,5,SAREX,W6,LATOP,CN,2605
CN-2605-ZGKL-LAMEN-01,1,ONEMI,R343,GOSMA,CN,2605
CN-2605-ZGKL-LAMEN-01,2,GOSMA,W82,UPMAT,CN,2605
CN-2605-ZGKL-LAMEN-01,3,UPMAT,W56,IDPOG,CN,2605
CN-2605-ZGKL-LAMEN-01,4,IDPOG,A581,WHA,CN,2605
CN-2605-ZGKL-LAMEN-01,5,WHA,R343,PK,CN,2605
CN-2605-ZGKL-LAMEN-01,6,PK,W116,JTN,CN,2605
CN-2605-ZGKL-LAMEN-01,7,JTN,G327,LAMEN,CN,2605
CN-2605-ZGKL-RCKH-01,1,QP,B330,POU,CN,2605
CN-2605-ZGKL-RCKH-01,2,POU,G471,SHL,CN,2605
CN-2605-ZGKL-RCKH-01,3,SHL,W22,GUBLO,CN,2605
CN-2605-ZGKL-RCKH-01,4,GUBLO,R200,OLDID,CN,2605
CN-2605-ZGKL-RCTP-01,1,QP,B330,POU,CN,2605
CN-2605-ZGKL-RCTP-01,2,POU,G471,SHL,CN,2605
CN-2605-ZGKL-RCTP-01,3,SHL,W22,GUBLO,CN,2605
CN-2605-ZGKL-RCTP-01,4,GUBLO,R200,OLDID,CN,2605
CN-2605-ZGKL-RCYU-01,1,QP,B330,POU,CN,2605
CN-2605-ZGKL-RCYU-01,2,POU,G471,SHL,CN,2605
CN-2605-ZGKL-RCYU-01,3,SHL,W22,GUBLO,CN,2605
CN-2605-ZGKL-RCYU-01,4,GUBLO,R200,OLDID,CN,2605
CN-2605-ZGKL-TAMOT-01,1,QP,B330,TAMOT,CN,2605
CN-2605-ZGKL-TEBAK-01,1,MOTOM,W2,LBN,CN,2605
CN-2605-ZGKL-TEBAK-01,2,LBN,R343,WUY,CN,2605
CN-2605-ZGKL-TEBAK-01,3,WUY,R474,TEBAK,CN,2605
CN-2605-ZGKL-VHHH-01,1,QP,B330,POU,CN,2605
CN-2605-ZGKL-VHHH-01,2,POU,R473,SIERA,CN,2605
CN-2605-ZGKL-VMMC-01,1,QP,B330,POU,CN,2605
CN-2605-ZGKL-VMMC-01,2,POU,W7,SAREX,CN,2605
CN-2605-ZGKL-VMMC-01,3,SAREX,W6,LATOP,CN,2605
CN-2605-ZGNN-BUNTA-01,1,BHY,W70,NYB,CN,2605
CN-2605-ZGNN-BUNTA-01,2,NYB,G221,BUNTA,CN,2605
CN-2605-ZGNN-LAMEN-01,1,SARUG,R343,GOSMA,CN,2605
CN-2605-ZGNN-LAMEN-01,2,GOSMA,W82,UPMAT,CN,2605
CN-2605-ZGNN-LAMEN-01,3,UPMAT,W56,IDPOG,CN,2605
CN-2605-ZGNN-LAMEN-01,4,IDPOG,A581,WHA,CN,2605
CN-2605-ZGNN-LAMEN-01,5,WHA,R343,PK,CN,2605
CN-2605-ZGNN-LAMEN-01,6,PK,W116,JTN,CN,2605
CN-2605-ZGNN-LAMEN-01,7,JTN,G327,LAMEN,CN,2605
CN-2605-ZGNN-LINSO-01,1,UVUNO,R339,BSE,CN,2605
CN-2605-ZGNN-LINSO-01,2,BSE,A599,LINSO,CN,2605
CN-2605-ZGNN-RCKH-01,1,VAPNA,R474,GYA,CN,2605
CN-2605-ZGNN-RCKH-01,2,GYA,A599,POU,CN,2605
CN-2605-ZGNN-RCKH-01,3,POU,G471,SHL,CN,2605
CN-2605-ZGNN-RCKH-01,4,SHL,W22,GUBLO,CN,2605
CN-2605-ZGNN-RCKH-01,5,GUBLO,R200,OLDID,CN,2605
CN-2605-ZGNN-RCTP-01,1,VAPNA,R474,GYA,CN,2605
CN-2605-ZGNN-RCTP-01,2,GYA,A599,POU,CN,2605
CN-2605-ZGNN-RCTP-01,3,POU,G471,SHL,CN,2605
CN-2605-ZGNN-RCTP-01,4,SHL,W22,GUBLO,CN,2605
CN-2605-ZGNN-RCTP-01,5,GUBLO,R200,OLDID,CN,2605
CN-2605-ZGNN-RCYU-01,1,VAPNA,R474,GYA,CN,2605
CN-2605-ZGNN-RCYU-01,2,GYA,A599,POU,CN,2605
CN-2605-ZGNN-RCYU-01,3,POU,G471,SHL,CN,2605
CN-2605-ZGNN-RCYU-01,4,SHL,W22,GUBLO,CN,2605
CN-2605-ZGNN-RCYU-01,5,GUBLO,R200,OLDID,CN,2605
CN-2605-ZGNN-TAMOT-01,1,VAPNA,R474,GYA,CN,2605
CN-2605-ZGNN-TAMOT-01,2,GYA,B330,TAMOT,CN,2605
CN-2605-ZGNN-TEBAK-01,1,XEREN,R474,TEBAK,CN,2605
CN-2605-ZGNN-VHHH-01,1,VAPNA,R474,GYA,CN,2605
CN-2605-ZGNN-VHHH-01,2,GYA,A599,POU,CN,2605
CN-2605-ZGNN-VHHH-01,3,POU,R473,SIERA,CN,2605
CN-2605-ZGNN-VMMC-01,1,VAPNA,R474,GYA,CN,2605
CN-2605-ZGNN-VMMC-01,2,GYA,A599,POU,CN,2605
CN-2605-ZGNN-VMMC-01,3,POU,W7,SAREX,CN,2605
CN-2605-ZGNN-VMMC-01,4,SAREX,W6,LATOP,CN,2605
CN-2605-ZGOW-LAMEN-01,1,VETIB,W155,TEBON,CN,2605
CN-2605-ZGOW-LAMEN-01,2,TEBON,A470,TOL,CN,2605
CN-2605-ZGOW-LAMEN-01,3,TOL,A599,JTN,CN,2605
CN-2605-ZGOW-LAMEN-01,4,JTN,G327,LAMEN,CN,2605
CN-2605-ZGOW-MAGOG-01,1,DOTMI,A470,MAGOG,CN,2605
CN-2605-ZGOW-RCKH-01,1,SWA,A470,BEBEM,CN,2605
CN-2605-ZGOW-RCKH-01,2,BEBEM,R200,OLDID,CN,2605
CN-2605-ZGOW-RCTP-01,1,SWA,A470,BEBEM,CN,2605
CN-2605-ZGOW-RCTP-01,2,BEBEM,R200,OLDID,CN,2605
CN-2605-ZGOW-VHHH-01,1,DOTMI,A470,MAGOG,CN,2605
CN-2605-ZGOW-VMMC-01,1,DOTMI,A470,MAGOG,CN,2605
CN-2605-ZGSZ-ARGUK-01,1,MIPAG,W21,TEPID,CN,2605
CN-2605-ZGSZ-ARGUK-01,2,TEPID,W22,YIN,CN,2605
CN-2605-ZGSZ-ARGUK-01,3,YIN,A461,BUBDA,CN,2605
CN-2605-ZGSZ-ARGUK-01,4,BUBDA,W56,VYK,CN,2605
CN-2605-ZGSZ-ARGUK-01,5,VYK,G212,SOTMU,CN,2605
CN-2605-ZGSZ-ARGUK-01,6,SOTMU,B339,HUR,CN,2605
CN-2605-ZGSZ-ARGUK-01,7,HUR,B334,TGO,CN,2605
CN-2605-ZGSZ-ARGUK-01,8,TGO,G212,ARGUK,CN,2605
CN-2605-ZGSZ-ASSAD-01,1,NLG,W23,ZUH,CN,2605
CN-2605-ZGSZ-ASSAD-01,2,ZUH,R473,SIERA,CN,2605
CN-2605-ZGSZ-ASSAD-01,3,SIERA,DCT,SIKOU,CN,2605
CN-2605-ZGSZ-ASSAD-01,4,SIKOU,A202,ASSAD,CN,2605
CN-2605-ZGSZ-ASSAD-02,1,NLG,W23,ZUH,CN,2605
CN-2605-ZGSZ-ASSAD-02,2,ZUH,R200,BIGRO,CN,2605
CN-2605-ZGSZ-ASSAD-02,3,BIGRO,G221,SAMAS,CN,2605
CN-2605-ZGSZ-ASSAD-02,4,SAMAS,A202,ASSAD,CN,2605
CN-2605-ZGSZ-BISUN-01,1,MIPAG,W21,TEPID,CN,2605
CN-2605-ZGSZ-BISUN-01,2,TEPID,W22,YIN,CN,2605
CN-2605-ZGSZ-BISUN-01,3,YIN,A461,BUBDA,CN,2605
CN-2605-ZGSZ-BISUN-01,4,BUBDA,W56,VYK,CN,2605
CN-2605-ZGSZ-BISUN-01,5,VYK,G212,SOTMU,CN,2605
CN-2605-ZGSZ-BISUN-01,6,SOTMU,B339,HUR,CN,2605
CN-2605-ZGSZ-BISUN-01,7,HUR,B334,TGO,CN,2605
CN-2605-ZGSZ-BISUN-01,8,TGO,G341,WQG,CN,2605
CN-2605-ZGSZ-BISUN-01,9,WQG,B451,BISUN,CN,2605
CN-2605-ZGSZ-GOPTO-01,1,MIPAG,W21,TEPID,CN,2605
CN-2605-ZGSZ-GOPTO-01,2,TEPID,W24,OSNOV,CN,2605
CN-2605-ZGSZ-GOPTO-01,3,OSNOV,G586,QP,CN,2605
CN-2605-ZGSZ-GOPTO-01,4,QP,B330,ELKAL,CN,2605
CN-2605-ZGSZ-GOPTO-01,5,ELKAL,W179,OMBON,CN,2605
CN-2605-ZGSZ-GOPTO-01,6,OMBON,W195,IDOPA,CN,2605
CN-2605-ZGSZ-GOPTO-01,7,IDOPA,W197,ANDIM,CN,2605
CN-2605-ZGSZ-GOPTO-01,8,ANDIM,B215,IBANO,CN,2605
CN-2605-ZGSZ-GOPTO-01,9,IBANO,G470,AKLAS,CN,2605
CN-2605-ZGSZ-GOPTO-01,10,AKLAS,W192,FKG,CN,2605
CN-2605-ZGSZ-GOPTO-01,11,FKG,G588,NIRAV,CN,2605
CN-2605-ZGSZ-GOPTO-01,12,NIRAV,B206,GOPTO,CN,2605
CN-2605-ZGSZ-GOPTO-02,1,MIPAG,W21,TEPID,CN,2605
CN-2605-ZGSZ-GOPTO-02,2,TEPID,W24,OSNOV,CN,2605
CN-2605-ZGSZ-GOPTO-02,3,OSNOV,G586,QP,CN,2605
CN-2605-ZGSZ-GOPTO-02,4,QP,B330,ELKAL,CN,2605
CN-2605-ZGSZ-GOPTO-02,5,ELKAL,W179,OMBON,CN,2605
CN-2605-ZGSZ-GOPTO-02,6,OMBON,W195,IDOPA,CN,2605
CN-2605-ZGSZ-GOPTO-02,7,IDOPA,W197,ANDIM,CN,2605
CN-2605-ZGSZ-GOPTO-02,8,ANDIM,B215,IBANO,CN,2605
CN-2605-ZGSZ-GOPTO-02,9,IBANO,G470,QTV,CN,2605
CN-2605-ZGSZ-GOPTO-02,10,QTV,W190,ADPET,CN,2605
CN-2605-ZGSZ-GOPTO-02,11,ADPET,B206,GOPTO,CN,2605
CN-2605-ZGSZ-INTIK-01,1,MIPAG,W21,TEPID,CN,2605
CN-2605-ZGSZ-INTIK-01,2,TEPID,W22,YIN,CN,2605
CN-2605-ZGSZ-INTIK-01,3,YIN,A461,BUBDA,CN,2605
CN-2605-ZGSZ-INTIK-01,4,BUBDA,W56,OBMEP,CN,2605
CN-2605-ZGSZ-INTIK-01,5,OBMEP,B208,HET,CN,2605
CN-2605-ZGSZ-INTIK-01,6,HET,W32,INTIK,CN,2605
CN-2605-ZGSZ-LAMEN-01,1,IDUMA,W41,OMDUP,CN,2605
CN-2605-ZGSZ-LAMEN-01,2,OMDUP,G471,PLT,CN,2605
CN-2605-ZGSZ-LAMEN-01,3,PLT,A599,JTN,CN,2605
CN-2605-ZGSZ-LAMEN-01,4,JTN,G327,LAMEN,CN,2605
CN-2605-ZGSZ-LAMEN-02,1,GUBLO,R200,BEBEM,CN,2605
CN-2605-ZGSZ-LAMEN-02,2,BEBEM,A470,LJG,CN,2605
CN-2605-ZGSZ-LAMEN-02,3,LJG,B221,DST,CN,2605
CN-2605-ZGSZ-LAMEN-02,4,DST,W117,BEGMO,CN,2605
CN-2605-ZGSZ-LAMEN-02,5,BEGMO,W13,LASAN,CN,2605
CN-2605-ZGSZ-LAMEN-02,6,LASAN,G327,LAMEN,CN,2605
CN-2605-ZGSZ-LINSO-01,1,NLG,DCT,KIBAS,CN,2605
CN-2605-ZGSZ-LINSO-01,2,KIBAS,R200,LH,CN,2605
CN-2605-ZGSZ-LINSO-01,3,LH,R339,BSE,CN,2605
CN-2605-ZGSZ-LINSO-01,4,BSE,A599,LINSO,CN,2605
CN-2605-ZGSZ-LUKBU-01,1,ZGSZ,DCT,LUKBU,CN,2605
CN-2605-ZGSZ-MORIT-01,1,MIPAG,W21,TEPID,CN,2605
CN-2605-ZGSZ-MORIT-01,2,TEPID,W24,OSNOV,CN,2605
CN-2605-ZGSZ-MORIT-01,3,OSNOV,G586,QP,CN,2605
CN-2605-ZGSZ-MORIT-01,4,QP,B330,ELKAL,CN,2605
CN-2605-ZGSZ-MORIT-01,5,ELKAL,W179,OMBON,CN,2605
CN-2605-ZGSZ-MORIT-01,6,OMBON,W195,MORIT,CN,2605
CN-2605-ZGSZ-NIXAL-01,1,MIPAG,W21,TEPID,CN,2605
CN-2605-ZGSZ-NIXAL-01,2,TEPID,W22,YIN,CN,2605
CN-2605-ZGSZ-NIXAL-01,3,YIN,A461,BUBDA,CN,2605
CN-2605-ZGSZ-NIXAL-01,4,BUBDA,W56,OBMEP,CN,2605
CN-2605-ZGSZ-NIXAL-01,5,OBMEP,B208,NIXAL,CN,2605
CN-2605-ZGSZ-POLHO-01,1,MIPAG,W21,TEPID,CN,2605
CN-2605-ZGSZ-POLHO-01,2,TEPID,W22,YIN,CN,2605
CN-2605-ZGSZ-POLHO-01,3,YIN,A461,BUBDA,CN,2605
CN-2605-ZGSZ-POLHO-01,4,BUBDA,W56,OBMEP,CN,2605
CN-2605-ZGSZ-POLHO-01,5,OBMEP,B208,HET,CN,2605
CN-2605-ZGSZ-POLHO-01,6,HET,G218,POLHO,CN,2605
CN-2605-ZGSZ-RCKH-01,1,GUBLO,R200,OLDID,CN,2605
CN-2605-ZGSZ-RCMQ-01,1,GUBLO,R200,OLDID,CN,2605
CN-2605-ZGSZ-RCTP-01,1,GUBLO,R200,OLDID,CN,2605
CN-2605-ZGSZ-RCYU-01,1,GUBLO,R200,OLDID,CN,2605
CN-2605-ZGSZ-RULAD-01,1,MIPAG,W21,TEPID,CN,2605
CN-2605-ZGSZ-RULAD-01,2,TEPID,W24,OSNOV,CN,2605
CN-2605-ZGSZ-RULAD-01,3,OSNOV,G586,QP,CN,2605
CN-2605-ZGSZ-RULAD-01,4,QP,B330,ELKAL,CN,2605
CN-2605-ZGSZ-RULAD-01,5,ELKAL,W179,OMBON,CN,2605
CN-2605-ZGSZ-RULAD-01,6,OMBON,W195,IDOPA,CN,2605
CN-2605-ZGSZ-RULAD-01,7,IDOPA,W197,ANDIM,CN,2605
CN-2605-ZGSZ-RULAD-01,8,ANDIM,B215,IBANO,CN,2605
CN-2605-ZGSZ-RULAD-01,9,IBANO,G470,AKLAS,CN,2605
CN-2605-ZGSZ-RULAD-01,10,AKLAS,W192,FKG,CN,2605
CN-2605-ZGSZ-RULAD-01,11,FKG,B215,KABDO,CN,2605
CN-2605-ZGSZ-RULAD-01,12,KABDO,W119,GOBOK,CN,2605
CN-2605-ZGSZ-RULAD-01,13,GOBOK,A343,RULAD,CN,2605
CN-2605-ZGSZ-SARIN-01,1,MIPAG,W21,TEPID,CN,2605
CN-2605-ZGSZ-SARIN-01,2,TEPID,W24,OSNOV,CN,2605
CN-2605-ZGSZ-SARIN-01,3,OSNOV,G586,QP,CN,2605
CN-2605-ZGSZ-SARIN-01,4,QP,B330,ELKAL,CN,2605
CN-2605-ZGSZ-SARIN-01,5,ELKAL,W179,OMBON,CN,2605
CN-2605-ZGSZ-SARIN-01,6,OMBON,W195,IDOPA,CN,2605
CN-2605-ZGSZ-SARIN-01,7,IDOPA,W197,ANDIM,CN,2605
CN-2605-ZGSZ-SARIN-01,8,ANDIM,B215,IBANO,CN,2605
CN-2605-ZGSZ-SARIN-01,9,IBANO,G470,AKLAS,CN,2605
CN-2605-ZGSZ-SARIN-01,10,AKLAS,W192,FKG,CN,2605
CN-2605-ZGSZ-SARIN-01,11,FKG,A368,SARIN,CN,2605
CN-2605-ZGSZ-SARIN-02,1,IDUMA,W22,TEPID,CN,2605
CN-2605-ZGSZ-SARIN-02,2,TEPID,W24,OSNOV,CN,2605
CN-2605-ZGSZ-SARIN-02,3,OSNOV,G586,QP,CN,2605
CN-2605-ZGSZ-SARIN-02,4,QP,B330,ELKAL,CN,2605
CN-2605-ZGSZ-SARIN-02,5,ELKAL,W179,OMBON,CN,2605
CN-2605-ZGSZ-SARIN-02,6,OMBON,W195,IDOPA,CN,2605
CN-2605-ZGSZ-SARIN-02,7,IDOPA,W197,ANDIM,CN,2605
CN-2605-ZGSZ-SARIN-02,8,ANDIM,B215,IBANO,CN,2605
CN-2605-ZGSZ-SARIN-02,9,IBANO,G470,AKLAS,CN,2605
CN-2605-ZGSZ-SARIN-02,10,AKLAS,W192,FKG,CN,2605
CN-2605-ZGSZ-SARIN-02,11,FKG,A368,SARIN,CN,2605
CN-2605-ZGSZ-SARIN-03,1,MIPAG,W21,TEPID,CN,2605
CN-2605-ZGSZ-SARIN-03,2,TEPID,W24,OSNOV,CN,2605
CN-2605-ZGSZ-SARIN-03,3,OSNOV,G586,QP,CN,2605
CN-2605-ZGSZ-SARIN-03,4,QP,B330,ELKAL,CN,2605
CN-2605-ZGSZ-SARIN-03,5,ELKAL,W179,OMBON,CN,2605
CN-2605-ZGSZ-SARIN-03,6,OMBON,W195,ESPED,CN,2605
CN-2605-ZGSZ-SARIN-03,7,ESPED,W66,NUKTI,CN,2605
CN-2605-ZGSZ-SARIN-03,8,NUKTI,B215,FKG,CN,2605
CN-2605-ZGSZ-SARIN-03,9,FKG,A368,SARIN,CN,2605
CN-2605-ZGSZ-SIERA-01,1,NLG,W23,ZUH,CN,2605
CN-2605-ZGSZ-SIERA-01,2,ZUH,R473,SIERA,CN,2605
CN-2605-ZGSZ-SIMLI-01,1,MIPAG,W21,TEPID,CN,2605
CN-2605-ZGSZ-SIMLI-01,2,TEPID,W22,YIN,CN,2605
CN-2605-ZGSZ-SIMLI-01,3,YIN,A461,BUBDA,CN,2605
CN-2605-ZGSZ-SIMLI-01,4,BUBDA,W56,VYK,CN,2605
CN-2605-ZGSZ-SIMLI-01,5,VYK,G212,SOTMU,CN,2605
CN-2605-ZGSZ-SIMLI-01,6,SOTMU,B339,HUR,CN,2605
CN-2605-ZGSZ-SIMLI-01,7,HUR,B334,TGO,CN,2605
CN-2605-ZGSZ-SIMLI-01,8,TGO,G212,HRB,CN,2605
CN-2605-ZGSZ-SIMLI-01,9,HRB,A588,SIMLI,CN,2605
CN-2605-ZGSZ-TEBAK-01,1,NLG,DCT,KIBAS,CN,2605
CN-2605-ZGSZ-TEBAK-01,2,KIBAS,R200,LH,CN,2605
CN-2605-ZGSZ-TEBAK-01,3,LH,R339,WUY,CN,2605
CN-2605-ZGSZ-TEBAK-01,4,WUY,R474,TEBAK,CN,2605
CN-2605-ZGSZ-VHHH-01,1,NLG,W23,ZUH,CN,2605
CN-2605-ZGSZ-VHHH-01,2,ZUH,R473,SIERA,CN,2605
CN-2605-ZGSZ-VMMC-01,1,NLG,W6,LATOP,CN,2605
CN-2605-ZGZJ-ASSAD-01,1,AGTEL,W71,AGPOR,CN,2605
CN-2605-ZGZJ-ASSAD-01,2,AGPOR,A202,ASSAD,CN,2605
CN-2605-ZGZJ-BUNTA-01,1,AGTEL,W71,AGPOR,CN,2605
CN-2605-ZGZJ-BUNTA-01,2,AGPOR,V12,NYB,CN,2605
CN-2605-ZGZJ-BUNTA-01,3,NYB,G221,BUNTA,CN,2605
CN-2605-ZGZJ-TEBAK-01,1,BHY,R339,WUY,CN,2605
CN-2605-ZGZJ-TEBAK-01,2,WUY,R474,TEBAK,CN,2605
CN-2605-ZGZJ-VHHH-01,1,LH,R339,SIKOU,CN,2605
CN-2605-ZHCC-AGAVO-01,1,OKTOX,W56,VADMO,CN,2605
CN-2605-ZHCC-AGAVO-01,2,VADMO,W4,WXI,CN,2605
CN-2605-ZHCC-AGAVO-01,3,WXI,W59,SUNOK,CN,2605
CN-2605-ZHCC-AGAVO-01,4,SUNOK,W103,YQG,CN,2605
CN-2605-ZHCC-AGAVO-01,5,YQG,W569,NOBUP,CN,2605
CN-2605-ZHCC-AGAVO-01,6,NOBUP,W4,IKEKA,CN,2605
CN-2605-ZHCC-AGAVO-01,7,IKEKA,A591,AGAVO,CN,2605
CN-2605-ZHCC-ARGUK-01,1,OKTOX,W56,VYK,CN,2605
CN-2605-ZHCC-ARGUK-01,2,VYK,G212,SOTMU,CN,2605
CN-2605-ZHCC-ARGUK-01,3,SOTMU,B339,HUR,CN,2605
CN-2605-ZHCC-ARGUK-01,4,HUR,B334,TGO,CN,2605
CN-2605-ZHCC-ARGUK-01,5,TGO,G212,ARGUK,CN,2605
CN-2605-ZHCC-BISUN-01,1,OKTOX,W56,VYK,CN,2605
CN-2605-ZHCC-BISUN-01,2,VYK,G212,SOTMU,CN,2605
CN-2605-ZHCC-BISUN-01,3,SOTMU,B339,HUR,CN,2605
CN-2605-ZHCC-BISUN-01,4,HUR,B334,TGO,CN,2605
CN-2605-ZHCC-BISUN-01,5,TGO,G341,WQG,CN,2605
CN-2605-ZHCC-BISUN-01,6,WQG,B451,BISUN,CN,2605
CN-2605-ZHCC-LAMEN-01,1,RUMGU,W594,EPGOS,CN,2605
CN-2605-ZHCC-LAMEN-01,2,EPGOS,W128,FYG,CN,2605
CN-2605-ZHCC-LAMEN-01,3,FYG,B208,HFE,CN,2605
CN-2605-ZHCC-LAMEN-01,4,HFE,R343,PK,CN,2605
CN-2605-ZHCC-LAMEN-01,5,PK,W116,JTN,CN,2605
CN-2605-ZHCC-LAMEN-01,6,JTN,G327,LAMEN,CN,2605
CN-2605-ZHCC-LINSO-01,1,DUDBI,W37,DUBAS,CN,2605
CN-2605-ZHCC-LINSO-01,2,DUBAS,R343,WHA,CN,2605
CN-2605-ZHCC-LINSO-01,3,WHA,A581,QNX,CN,2605
CN-2605-ZHCC-LINSO-01,4,QNX,W136,XISLI,CN,2605
CN-2605-ZHCC-LINSO-01,5,XISLI,A581,SGM,CN,2605
CN-2605-ZHCC-LINSO-01,6,SGM,A599,LINSO,CN,2605
CN-2605-ZHCC-NIXAL-01,1,NOPIN,B208,NIXAL,CN,2605
CN-2605-ZHCC-RCKH-01,1,RUMGU,W594,EPGOS,CN,2605
CN-2605-ZHCC-RCKH-01,2,EPGOS,W128,FYG,CN,2605
CN-2605-ZHCC-RCKH-01,3,FYG,B208,HFE,CN,2605
CN-2605-ZHCC-RCKH-01,4,HFE,R343,UPLEL,CN,2605
CN-2605-ZHCC-RCKH-01,5,UPLEL,W95,SAPIN,CN,2605
CN-2605-ZHCC-RCKH-01,6,SAPIN,A470,BZ,CN,2605
CN-2605-ZHCC-RCKH-01,7,BZ,R596,SULEM,CN,2605
CN-2605-ZHCC-RCTP-01,1,RUMGU,W594,EPGOS,CN,2605
CN-2605-ZHCC-RCTP-01,2,EPGOS,W128,FYG,CN,2605
CN-2605-ZHCC-RCTP-01,3,FYG,B208,HFE,CN,2605
CN-2605-ZHCC-RCTP-01,4,HFE,R343,UPLEL,CN,2605
CN-2605-ZHCC-RCTP-01,5,UPLEL,W95,SAPIN,CN,2605
CN-2605-ZHCC-RCTP-01,6,SAPIN,A470,BZ,CN,2605
CN-2605-ZHCC-RCTP-01,7,BZ,R596,SULEM,CN,2605
CN-2605-ZHCC-RCYU-01,1,RUMGU,W594,EPGOS,CN,2605
CN-2605-ZHCC-RCYU-01,2,EPGOS,W128,FYG,CN,2605
CN-2605-ZHCC-RCYU-01,3,FYG,B208,HFE,CN,2605
CN-2605-ZHCC-RCYU-01,4,HFE,R343,UPLEL,CN,2605
CN-2605-ZHCC-RCYU-01,5,UPLEL,W95,SAPIN,CN,2605
CN-2605-ZHCC-RCYU-01,6,SAPIN,A470,BZ,CN,2605
CN-2605-ZHCC-RCYU-01,7,BZ,R596,SULEM,CN,2605
CN-2605-ZHCC-RULAD-01,1,NOPIN,B208,LAXAG,CN,2605
CN-2605-ZHCC-RULAD-01,2,LAXAG,W28,LAGEB,CN,2605
CN-2605-ZHCC-RULAD-01,3,LAGEB,W66,NUKTI,CN,2605
CN-2605-ZHCC-RULAD-01,4,NUKTI,B215,KABDO,CN,2605
CN-2605-ZHCC-RULAD-01,5,KABDO,W119,GOBOK,CN,2605
CN-2605-ZHCC-RULAD-01,6,GOBOK,A343,RULAD,CN,2605
CN-2605-ZHCC-SARIN-01,1,NOPIN,B208,LAXAG,CN,2605
CN-2605-ZHCC-SARIN-01,2,LAXAG,W28,LAGEB,CN,2605
CN-2605-ZHCC-SARIN-01,3,LAGEB,W66,NUKTI,CN,2605
CN-2605-ZHCC-SARIN-01,4,NUKTI,B215,FKG,CN,2605
CN-2605-ZHCC-SARIN-01,5,FKG,A368,SARIN,CN,2605
CN-2605-ZHCC-SIMLI-01,1,OKTOX,W56,VYK,CN,2605
CN-2605-ZHCC-SIMLI-01,2,VYK,G212,SOTMU,CN,2605
CN-2605-ZHCC-SIMLI-01,3,SOTMU,B339,HUR,CN,2605
CN-2605-ZHCC-SIMLI-01,4,HUR,B334,TGO,CN,2605
CN-2605-ZHCC-SIMLI-01,5,TGO,G212,HRB,CN,2605
CN-2605-ZHCC-SIMLI-01,6,HRB,A588,SIMLI,CN,2605
CN-2605-ZHCC-TAMOT-01,1,DUDBI,W37,OMBEB,CN,2605
CN-2605-ZHCC-TAMOT-01,2,OMBEB,R473,WYN,CN,2605
CN-2605-ZHCC-TAMOT-01,3,WYN,W18,TAMOT,CN,2605
CN-2605-ZHCC-TEBAK-01,1,DUDBI,W37,OLMIB,CN,2605
CN-2605-ZHCC-TEBAK-01,2,OLMIB,W83,GOSMA,CN,2605
CN-2605-ZHCC-TEBAK-01,3,GOSMA,R343,WUY,CN,2605
CN-2605-ZHCC-TEBAK-01,4,WUY,R474,TEBAK,CN,2605
CN-2605-ZHCC-VHHH-01,1,DUDBI,W37,OMBEB,CN,2605
CN-2605-ZHCC-VHHH-01,2,OMBEB,R473,WYN,CN,2605
CN-2605-ZHCC-VHHH-01,3,WYN,W18,NLG,CN,2605
CN-2605-ZHCC-VHHH-01,4,NLG,W23,ZUH,CN,2605
CN-2605-ZHCC-VHHH-01,5,ZUH,R473,SIERA,CN,2605
CN-2605-ZHCC-VMMC-01,1,DUDBI,W37,OMBEB,CN,2605
CN-2605-ZHCC-VMMC-01,2,OMBEB,R473,NOLON,CN,2605
CN-2605-ZHCC-VMMC-01,3,NOLON,W90,POU,CN,2605
CN-2605-ZHCC-VMMC-01,4,POU,W7,SAREX,CN,2605
CN-2605-ZHCC-VMMC-01,5,SAREX,W6,LATOP,CN,2605
CN-2605-ZHEC-AGAVO-01,1,BENBI,W56,VADMO,CN,2605
CN-2605-ZHEC-AGAVO-01,2,VADMO,W4,WXI,CN,2605
CN-2605-ZHEC-AGAVO-01,3,WXI,W59,SUNOK,CN,2605
CN-2605-ZHEC-AGAVO-01,4,SUNOK,W103,YQG,CN,2605
CN-2605-ZHEC-AGAVO-01,5,YQG,W569,NOBUP,CN,2605
CN-2605-ZHEC-AGAVO-01,6,NOBUP,W4,IKEKA,CN,2605
CN-2605-ZHEC-AGAVO-01,7,IKEKA,A591,AGAVO,CN,2605
CN-2605-ZHEC-ARGUK-01,1,BENBI,W56,VYK,CN,2605
CN-2605-ZHEC-ARGUK-01,2,VYK,G212,SOTMU,CN,2605
CN-2605-ZHEC-ARGUK-01,3,SOTMU,B339,HUR,CN,2605
CN-2605-ZHEC-ARGUK-01,4,HUR,B334,TGO,CN,2605
CN-2605-ZHEC-ARGUK-01,5,TGO,G212,ARGUK,CN,2605
CN-2605-ZHEC-KAMUD-01,1,BENBI,W56,OBMEP,CN,2605
CN-2605-ZHEC-KAMUD-01,2,OBMEP,B208,LAXAG,CN,2605
CN-2605-ZHEC-KAMUD-01,3,LAXAG,W28,LAGEB,CN,2605
CN-2605-ZHEC-KAMUD-01,4,LAGEB,W66,NUKTI,CN,2605
CN-2605-ZHEC-KAMUD-01,5,NUKTI,B215,KABDO,CN,2605
CN-2605-ZHEC-KAMUD-01,6,KABDO,W119,LIMDO,CN,2605
CN-2605-ZHEC-KAMUD-01,7,LIMDO,A468,KAMUD,CN,2605
CN-2605-ZHEC-LAMEN-01,1,URGEB,R343,PK,CN,2605
CN-2605-ZHEC-LAMEN-01,2,PK,W116,JTN,CN,2605
CN-2605-ZHEC-LAMEN-01,3,JTN,G327,LAMEN,CN,2605
CN-2605-ZHEC-LINSO-01,1,GUGAM,A581,QNX,CN,2605
CN-2605-ZHEC-LINSO-01,2,QNX,W136,XISLI,CN,2605
CN-2605-ZHEC-LINSO-01,3,XISLI,A581,SGM,CN,2605
CN-2605-ZHEC-LINSO-01,4,SGM,A599,LINSO,CN,2605
CN-2605-ZHEC-NIXAL-01,1,BENBI,W56,OBMEP,CN,2605
CN-2605-ZHEC-NIXAL-01,2,OBMEP,B208,NIXAL,CN,2605
CN-2605-ZHEC-RULAD-01,1,BENBI,W56,OBMEP,CN,2605
CN-2605-ZHEC-RULAD-01,2,OBMEP,B208,LAXAG,CN,2605
CN-2605-ZHEC-RULAD-01,3,LAXAG,W28,LAGEB,CN,2605
CN-2605-ZHEC-RULAD-01,4,LAGEB,W66,NUKTI,CN,2605
CN-2605-ZHEC-RULAD-01,5,NUKTI,B215,KABDO,CN,2605
CN-2605-ZHEC-RULAD-01,6,KABDO,W119,GOBOK,CN,2605
CN-2605-ZHEC-RULAD-01,7,GOBOK,A343,RULAD,CN,2605
CN-2605-ZHEC-TAMOT-01,1,OLMIB,W37,OMBEB,CN,2605
CN-2605-ZHEC-TAMOT-01,2,OMBEB,R473,WYN,CN,2605
CN-2605-ZHEC-TAMOT-01,3,WYN,W18,TAMOT,CN,2605
CN-2605-ZHEC-VHHH-01,1,OLMIB,W37,OMBEB,CN,2605
CN-2605-ZHEC-VHHH-01,2,OMBEB,R473,WYN,CN,2605
CN-2605-ZHEC-VHHH-01,3,WYN,W18,NLG,CN,2605
CN-2605-ZHEC-VHHH-01,4,NLG,W23,ZUH,CN,2605
CN-2605-ZHEC-VHHH-01,5,ZUH,R473,SIERA,CN,2605
CN-2605-ZHHH-AGAVO-01,1,BENBI,W56,VADMO,CN,2605
CN-2605-ZHHH-AGAVO-01,2,VADMO,W4,WXI,CN,2605
CN-2605-ZHHH-AGAVO-01,3,WXI,W59,SUNOK,CN,2605
CN-2605-ZHHH-AGAVO-01,4,SUNOK,W103,YQG,CN,2605
CN-2605-ZHHH-AGAVO-01,5,YQG,W569,NOBUP,CN,2605
CN-2605-ZHHH-AGAVO-01,6,NOBUP,W4,IKEKA,CN,2605
CN-2605-ZHHH-AGAVO-01,7,IKEKA,A591,AGAVO,CN,2605
CN-2605-ZHHH-ARGUK-01,1,BENBI,W56,VYK,CN,2605
CN-2605-ZHHH-ARGUK-01,2,VYK,G212,SOTMU,CN,2605
CN-2605-ZHHH-ARGUK-01,3,SOTMU,B339,HUR,CN,2605
CN-2605-ZHHH-ARGUK-01,4,HUR,B334,TGO,CN,2605
CN-2605-ZHHH-ARGUK-01,5,TGO,G212,ARGUK,CN,2605
CN-2605-ZHHH-BISUN-01,1,BENBI,W56,VYK,CN,2605
CN-2605-ZHHH-BISUN-01,2,VYK,G212,SOTMU,CN,2605
CN-2605-ZHHH-BISUN-01,3,SOTMU,B339,HUR,CN,2605
CN-2605-ZHHH-BISUN-01,4,HUR,B334,TGO,CN,2605
CN-2605-ZHHH-BISUN-01,5,TGO,G341,WQG,CN,2605
CN-2605-ZHHH-BISUN-01,6,WQG,B451,BISUN,CN,2605
CN-2605-ZHHH-KAMUD-01,1,BENBI,W56,OBMEP,CN,2605
CN-2605-ZHHH-KAMUD-01,2,OBMEP,B208,LAXAG,CN,2605
CN-2605-ZHHH-KAMUD-01,3,LAXAG,W28,LAGEB,CN,2605
CN-2605-ZHHH-KAMUD-01,4,LAGEB,W66,NUKTI,CN,2605
CN-2605-ZHHH-KAMUD-01,5,NUKTI,B215,KABDO,CN,2605
CN-2605-ZHHH-KAMUD-01,6,KABDO,W119,LIMDO,CN,2605
CN-2605-ZHHH-KAMUD-01,7,LIMDO,A468,KAMUD,CN,2605
CN-2605-ZHHH-LAMEN-01,1,BIVIP,R343,PK,CN,2605
CN-2605-ZHHH-LAMEN-01,2,PK,W116,JTN,CN,2605
CN-2605-ZHHH-LAMEN-01,3,JTN,G327,LAMEN,CN,2605
CN-2605-ZHHH-LINSO-01,1,GUGAM,A581,QNX,CN,2605
CN-2605-ZHHH-LINSO-01,2,QNX,W136,XISLI,CN,2605
CN-2605-ZHHH-LINSO-01,3,XISLI,A581,SGM,CN,2605
CN-2605-ZHHH-LINSO-01,4,SGM,A599,LINSO,CN,2605
CN-2605-ZHHH-NIXAL-01,1,BENBI,W56,OBMEP,CN,2605
CN-2605-ZHHH-NIXAL-01,2,OBMEP,B208,NIXAL,CN,2605
CN-2605-ZHHH-POLHO-01,1,BENBI,W56,OBMEP,CN,2605
CN-2605-ZHHH-POLHO-01,2,OBMEP,B208,HET,CN,2605
CN-2605-ZHHH-POLHO-01,3,HET,G218,POLHO,CN,2605
CN-2605-ZHHH-RCKH-01,1,BIVIP,R343,UPLEL,CN,2605
CN-2605-ZHHH-RCKH-01,2,UPLEL,W95,SAPIN,CN,2605
CN-2605-ZHHH-RCKH-01,3,SAPIN,A470,BZ,CN,2605
CN-2605-ZHHH-RCKH-01,4,BZ,R596,SULEM,CN,2605
CN-2605-ZHHH-RCKH-02,1,OLMIB,W37,OMBEB,CN,2605
CN-2605-ZHHH-RCKH-02,2,OMBEB,R473,WYN,CN,2605
CN-2605-ZHHH-RCKH-02,3,WYN,W18,TAMOT,CN,2605
CN-2605-ZHHH-RCNN-01,1,BIVIP,R343,UPLEL,CN,2605
CN-2605-ZHHH-RCNN-01,2,UPLEL,W95,SAPIN,CN,2605
CN-2605-ZHHH-RCNN-01,3,SAPIN,A470,BZ,CN,2605
CN-2605-ZHHH-RCNN-01,4,BZ,R596,SULEM,CN,2605
CN-2605-ZHHH-RCQC-01,1,OLMIB,W37,OMBEB,CN,2605
CN-2605-ZHHH-RCQC-01,2,OMBEB,R473,WYN,CN,2605
CN-2605-ZHHH-RCQC-01,3,WYN,W18,TAMOT,CN,2605
CN-2605-ZHHH-RCSS-01,1,BIVIP,R343,UPLEL,CN,2605
CN-2605-ZHHH-RCSS-01,2,UPLEL,W95,SAPIN,CN,2605
CN-2605-ZHHH-RCSS-01,3,SAPIN,A470,BZ,CN,2605
CN-2605-ZHHH-RCSS-01,4,BZ,R596,SULEM,CN,2605
CN-2605-ZHHH-RCTP-01,1,BIVIP,R343,UPLEL,CN,2605
CN-2605-ZHHH-RCTP-01,2,UPLEL,W95,SAPIN,CN,2605
CN-2605-ZHHH-RCTP-01,3,SAPIN,A470,BZ,CN,2605
CN-2605-ZHHH-RCTP-01,4,BZ,R596,SULEM,CN,2605
CN-2605-ZHHH-RCYU-01,1,BIVIP,R343,UPLEL,CN,2605
CN-2605-ZHHH-RCYU-01,2,UPLEL,W95,SAPIN,CN,2605
CN-2605-ZHHH-RCYU-01,3,SAPIN,A470,BZ,CN,2605
CN-2605-ZHHH-RCYU-01,4,BZ,R596,SULEM,CN,2605
CN-2605-ZHHH-RULAD-01,1,BENBI,W56,OBMEP,CN,2605
CN-2605-ZHHH-RULAD-01,2,OBMEP,B208,LAXAG,CN,2605
CN-2605-ZHHH-RULAD-01,3,LAXAG,W28,LAGEB,CN,2605
CN-2605-ZHHH-RULAD-01,4,LAGEB,W66,NUKTI,CN,2605
CN-2605-ZHHH-RULAD-01,5,NUKTI,B215,KABDO,CN,2605
CN-2605-ZHHH-RULAD-01,6,KABDO,W119,GOBOK,CN,2605
CN-2605-ZHHH-RULAD-01,7,GOBOK,A343,RULAD,CN,2605
CN-2605-ZHHH-SAGAG-01,1,GUGAM,A581,QNX,CN,2605
CN-2605-ZHHH-SAGAG-01,2,QNX,W136,XISLI,CN,2605
CN-2605-ZHHH-SAGAG-01,3,XISLI,A581,SAGAG,CN,2605
CN-2605-ZHHH-SARIN-01,1,BENBI,W56,OBMEP,CN,2605
CN-2605-ZHHH-SARIN-01,2,OBMEP,B208,LAXAG,CN,2605
CN-2605-ZHHH-SARIN-01,3,LAXAG,W28,LAGEB,CN,2605
CN-2605-ZHHH-SARIN-01,4,LAGEB,W66,NUKTI,CN,2605
CN-2605-ZHHH-SARIN-01,5,NUKTI,B215,FKG,CN,2605
CN-2605-ZHHH-SARIN-01,6,FKG,A368,SARIN,CN,2605
CN-2605-ZHHH-SIMLI-01,1,BENBI,W56,VYK,CN,2605
CN-2605-ZHHH-SIMLI-01,2,VYK,G212,SOTMU,CN,2605
CN-2605-ZHHH-SIMLI-01,3,SOTMU,B339,HUR,CN,2605
CN-2605-ZHHH-SIMLI-01,4,HUR,B334,TGO,CN,2605
CN-2605-ZHHH-SIMLI-01,5,TGO,G212,HRB,CN,2605
CN-2605-ZHHH-SIMLI-01,6,HRB,A588,SIMLI,CN,2605
CN-2605-ZHHH-TAMOT-01,1,OLMIB,W37,OMBEB,CN,2605
CN-2605-ZHHH-TAMOT-01,2,OMBEB,R473,WYN,CN,2605
CN-2605-ZHHH-TAMOT-01,3,WYN,W18,TAMOT,CN,2605
CN-2605-ZHHH-VHHH-01,1,OLMIB,W37,OMBEB,CN,2605
CN-2605-ZHHH-VHHH-01,2,OMBEB,R473,WYN,CN,2605
CN-2605-ZHHH-VHHH-01,3,WYN,W18,NLG,CN,2605
CN-2605-ZHHH-VHHH-01,4,NLG,W23,ZUH,CN,2605
CN-2605-ZHHH-VHHH-01,5,ZUH,R473,SIERA,CN,2605
CN-2605-ZHHH-VMMC-01,1,OLMIB,W37,OMBEB,CN,2605
CN-2605-ZHHH-VMMC-01,2,OMBEB,R473,NOLON,CN,2605
CN-2605-ZHHH-VMMC-01,3,NOLON,W90,POU,CN,2605
CN-2605-ZHHH-VMMC-01,4,POU,W7,SAREX,CN,2605
CN-2605-ZHHH-VMMC-01,5,SAREX,W6,LATOP,CN,2605
CN-2605-ZHYC-LAMEN-01,1,YIH,W53,UBKOX,CN,2605
CN-2605-ZHYC-LAMEN-01,2,UBKOX,B213,WHA,CN,2605
CN-2605-ZHYC-LAMEN-01,3,WHA,R343,PK,CN,2605
CN-2605-ZHYC-LAMEN-01,4,PK,W116,JTN,CN,2605
CN-2605-ZHYC-LAMEN-01,5,JTN,G327,LAMEN,CN,2605
CN-2605-ZJHK-ASSAD-01,1,MLT,DCT,SAMAS,CN,2605
CN-2605-ZJHK-ASSAD-01,2,SAMAS,A202,ASSAD,CN,2605
CN-2605-ZJHK-BUNTA-01,1,NYB,G221,BUNTA,CN,2605
CN-2605-ZJHK-LAMEN-01,1,MLT,DCT,SAMAS,CN,2605
CN-2605-ZJHK-LAMEN-01,2,SAMAS,A202,SIKOU,CN,2605
CN-2605-ZJHK-LAMEN-01,3,SIKOU,DCT,BEKOL,CN,2605
CN-2605-ZJHK-LAMEN-01,4,BEKOL,A461,SHL,CN,2605
CN-2605-ZJHK-LAMEN-01,5,SHL,W26,UPRIK,CN,2605
CN-2605-ZJHK-LAMEN-01,6,UPRIK,W41,OMDUP,CN,2605
CN-2605-ZJHK-LAMEN-01,7,OMDUP,G471,PLT,CN,2605
CN-2605-ZJHK-LAMEN-01,8,PLT,A599,JTN,CN,2605
CN-2605-ZJHK-LAMEN-01,9,JTN,G327,LAMEN,CN,2605
CN-2605-ZJHK-LINSO-01,1,AGTEL,W71,LH,CN,2605
CN-2605-ZJHK-LINSO-01,2,LH,R339,BSE,CN,2605
CN-2605-ZJHK-LINSO-01,3,BSE,A599,LINSO,CN,2605
CN-2605-ZJHK-MORIT-01,1,AGTEL,W71,LH,CN,2605
CN-2605-ZJHK-MORIT-01,2,LH,R339,BHY,CN,2605
CN-2605-ZJHK-MORIT-01,3,BHY,W159,LBN,CN,2605
CN-2605-ZJHK-MORIT-01,4,LBN,W2,SJG,CN,2605
CN-2605-ZJHK-MORIT-01,5,SJG,B330,ELKAL,CN,2605
CN-2605-ZJHK-MORIT-01,6,ELKAL,W179,OMBON,CN,2605
CN-2605-ZJHK-MORIT-01,7,OMBON,W195,MORIT,CN,2605
CN-2605-ZJHK-RCKH-01,1,MLT,DCT,SAMAS,CN,2605
CN-2605-ZJHK-RCKH-01,2,SAMAS,A202,SIKOU,CN,2605
CN-2605-ZJHK-RCMQ-01,1,MLT,DCT,SAMAS,CN,2605
CN-2605-ZJHK-RCMQ-01,2,SAMAS,A202,SIKOU,CN,2605
CN-2605-ZJHK-RCTP-01,1,MLT,DCT,SAMAS,CN,2605
CN-2605-ZJHK-RCTP-01,2,SAMAS,A202,SIKOU,CN,2605
CN-2605-ZJHK-RCYU-01,1,MLT,DCT,SAMAS,CN,2605
CN-2605-ZJHK-RCYU-01,2,SAMAS,A202,SIKOU,CN,2605
CN-2605-ZJHK-RULAD-01,1,AGTEL,W71,LH,CN,2605
CN-2605-ZJHK-RULAD-01,2,LH,R339,BHY,CN,2605
CN-2605-ZJHK-RULAD-01,3,BHY,W159,LBN,CN,2605
CN-2605-ZJHK-RULAD-01,4,LBN,W2,SJG,CN,2605
CN-2605-ZJHK-RULAD-01,5,SJG,B330,ELKAL,CN,2605
CN-2605-ZJHK-RULAD-01,6,ELKAL,W179,OMBON,CN,2605
CN-2605-ZJHK-RULAD-01,7,OMBON,W195,ESPED,CN,2605
CN-2605-ZJHK-RULAD-01,8,ESPED,W66,NUKTI,CN,2605
CN-2605-ZJHK-RULAD-01,9,NUKTI,B215,KABDO,CN,2605
CN-2605-ZJHK-RULAD-01,10,KABDO,W119,GOBOK,CN,2605
CN-2605-ZJHK-RULAD-01,11,GOBOK,A343,RULAD,CN,2605
CN-2605-ZJHK-RULAD-02,1,AGTEL,W71,LH,CN,2605
CN-2605-ZJHK-RULAD-02,2,LH,R339,BHY,CN,2605
CN-2605-ZJHK-RULAD-02,3,BHY,W159,LBN,CN,2605
CN-2605-ZJHK-RULAD-02,4,LBN,W2,SJG,CN,2605
CN-2605-ZJHK-RULAD-02,5,SJG,B330,ELKAL,CN,2605
CN-2605-ZJHK-RULAD-02,6,ELKAL,W179,OMBON,CN,2605
CN-2605-ZJHK-RULAD-02,7,OMBON,W195,IDOPA,CN,2605
CN-2605-ZJHK-RULAD-02,8,IDOPA,W197,ANDIM,CN,2605
CN-2605-ZJHK-RULAD-02,9,ANDIM,B215,IBANO,CN,2605
CN-2605-ZJHK-RULAD-02,10,IBANO,G470,AKLAS,CN,2605
CN-2605-ZJHK-RULAD-02,11,AKLAS,W192,FKG,CN,2605
CN-2605-ZJHK-RULAD-02,12,FKG,B215,KABDO,CN,2605
CN-2605-ZJHK-RULAD-02,13,KABDO,W119,GOBOK,CN,2605
CN-2605-ZJHK-RULAD-02,14,GOBOK,A343,RULAD,CN,2605
CN-2605-ZJHK-SARIN-01,1,AGTEL,W71,LH,CN,2605
CN-2605-ZJHK-SARIN-01,2,LH,R339,BHY,CN,2605
CN-2605-ZJHK-SARIN-01,3,BHY,W159,LBN,CN,2605
CN-2605-ZJHK-SARIN-01,4,LBN,W2,SJG,CN,2605
CN-2605-ZJHK-SARIN-01,5,SJG,B330,ELKAL,CN,2605
CN-2605-ZJHK-SARIN-01,6,ELKAL,W179,OMBON,CN,2605
CN-2605-ZJHK-SARIN-01,7,OMBON,W195,ESPED,CN,2605
CN-2605-ZJHK-SARIN-01,8,ESPED,W66,NUKTI,CN,2605
CN-2605-ZJHK-SARIN-01,9,NUKTI,B215,FKG,CN,2605
CN-2605-ZJHK-SARIN-01,10,FKG,A368,SARIN,CN,2605
CN-2605-ZJHK-SIKOU-01,1,MLT,DCT,SAMAS,CN,2605
CN-2605-ZJHK-SIKOU-01,2,SAMAS,A202,SIKOU,CN,2605
CN-2605-ZJHK-TEBAK-01,1,AGTEL,W71,LH,CN,2605
CN-2605-ZJHK-TEBAK-01,2,LH,R339,WUY,CN,2605
CN-2605-ZJHK-TEBAK-01,3,WUY,R474,TEBAK,CN,2605
CN-2605-ZJHK-VHHH-01,1,MLT,DCT,SAMAS,CN,2605
CN-2605-ZJHK-VHHH-01,2,SAMAS,A202,SIKOU,CN,2605
CN-2605-ZJHK-VMMC-01,1,MLT,DCT,SAMAS,CN,2605
CN-2605-ZJHK-VMMC-01,2,SAMAS,A202,SIKOU,CN,2605
CN-2605-ZJQH-BUNTA-01,1,GULUN,G221,BUNTA,CN,2605
CN-2605-ZJSY-ARGUK-01,1,PORAP,W222,SAMAS,CN,2605
CN-2605-ZJSY-ARGUK-01,2,SAMAS,A202,SIKOU,CN,2605
CN-2605-ZJSY-ARGUK-01,3,SIKOU,DCT,BEKOL,CN,2605
CN-2605-ZJSY-ARGUK-01,4,BEKOL,A461,BUBDA,CN,2605
CN-2605-ZJSY-ARGUK-01,5,BUBDA,W56,VYK,CN,2605
CN-2605-ZJSY-ARGUK-01,6,VYK,G212,SOTMU,CN,2605
CN-2605-ZJSY-ARGUK-01,7,SOTMU,B339,HUR,CN,2605
CN-2605-ZJSY-ARGUK-01,8,HUR,B334,TGO,CN,2605
CN-2605-ZJSY-ARGUK-01,9,TGO,G212,ARGUK,CN,2605
CN-2605-ZJSY-BISUN-01,1,PORAP,W222,SAMAS,CN,2605
CN-2605-ZJSY-BISUN-01,2,SAMAS,A202,SIKOU,CN,2605
CN-2605-ZJSY-BISUN-01,3,SIKOU,DCT,BEKOL,CN,2605
CN-2605-ZJSY-BISUN-01,4,BEKOL,A461,BUBDA,CN,2605
CN-2605-ZJSY-BISUN-01,5,BUBDA,W56,VYK,CN,2605
CN-2605-ZJSY-BISUN-01,6,VYK,G212,SOTMU,CN,2605
CN-2605-ZJSY-BISUN-01,7,SOTMU,B339,HUR,CN,2605
CN-2605-ZJSY-BISUN-01,8,HUR,B334,TGO,CN,2605
CN-2605-ZJSY-BISUN-01,9,TGO,G341,WQG,CN,2605
CN-2605-ZJSY-BISUN-01,10,WQG,B451,BISUN,CN,2605
CN-2605-ZJSY-BISUN-02,1,PORAP,W222,NUMKU,CN,2605
CN-2605-ZJSY-BISUN-02,2,NUMKU,W223,AGTEL,CN,2605
CN-2605-ZJSY-BISUN-02,3,AGTEL,W71,LH,CN,2605
CN-2605-ZJSY-BISUN-02,4,LH,R339,BHY,CN,2605
CN-2605-ZJSY-BISUN-02,5,BHY,W159,IVPUB,CN,2605
CN-2605-ZJSY-BISUN-02,6,IVPUB,W120,ENKUS,CN,2605
CN-2605-ZJSY-BISUN-02,7,ENKUS,R343,GOSMA,CN,2605
CN-2605-ZJSY-BISUN-02,8,GOSMA,W82,UPMAT,CN,2605
CN-2605-ZJSY-BISUN-02,9,UPMAT,W56,VYK,CN,2605
CN-2605-ZJSY-BISUN-02,10,VYK,G212,SOTMU,CN,2605
CN-2605-ZJSY-BISUN-02,11,SOTMU,B339,HUR,CN,2605
CN-2605-ZJSY-BISUN-02,12,HUR,B334,TGO,CN,2605
CN-2605-ZJSY-BISUN-02,13,TGO,G341,WQG,CN,2605
CN-2605-ZJSY-BISUN-02,14,WQG,B451,BISUN,CN,2605
CN-2605-ZJSY-BUNTA-01,1,WL,G221,BUNTA,CN,2605
CN-2605-ZJSY-LAMEN-01,1,PORAP,W222,SAMAS,CN,2605
CN-2605-ZJSY-LAMEN-01,2,SAMAS,A202,SIKOU,CN,2605
CN-2605-ZJSY-LAMEN-01,3,SIKOU,DCT,BEKOL,CN,2605
CN-2605-ZJSY-LAMEN-01,4,BEKOL,A461,SHL,CN,2605
CN-2605-ZJSY-LAMEN-01,5,SHL,W26,UPRIK,CN,2605
CN-2605-ZJSY-LAMEN-01,6,UPRIK,W41,OMDUP,CN,2605
CN-2605-ZJSY-LAMEN-01,7,OMDUP,G471,PLT,CN,2605
CN-2605-ZJSY-LAMEN-01,8,PLT,A599,JTN,CN,2605
CN-2605-ZJSY-LAMEN-01,9,JTN,G327,LAMEN,CN,2605
CN-2605-ZJSY-LAMEN-02,1,VEGDO,W170,SAVNO,CN,2605
CN-2605-ZJSY-LAMEN-02,2,SAVNO,W171,LENKO,CN,2605
CN-2605-ZJSY-LAMEN-02,3,LENKO,A1,IKELA,CN,2605
CN-2605-ZJSY-LAMEN-02,4,IKELA,DCT,BEKOL,CN,2605
CN-2605-ZJSY-LAMEN-02,5,BEKOL,A461,SHL,CN,2605
CN-2605-ZJSY-LAMEN-02,6,SHL,W26,UPRIK,CN,2605
CN-2605-ZJSY-LAMEN-02,7,UPRIK,W41,OMDUP,CN,2605
CN-2605-ZJSY-LAMEN-02,8,OMDUP,G471,PLT,CN,2605
CN-2605-ZJSY-LAMEN-02,9,PLT,A599,JTN,CN,2605
CN-2605-ZJSY-LAMEN-02,10,JTN,G327,LAMEN,CN,2605
CN-2605-ZJSY-LINSO-01,1,SYX,W222,NUMKU,CN,2605
CN-2605-ZJSY-LINSO-01,2,NUMKU,W223,AGTEL,CN,2605
CN-2605-ZJSY-LINSO-01,3,AGTEL,W71,LH,CN,2605
CN-2605-ZJSY-LINSO-01,4,LH,R339,BSE,CN,2605
CN-2605-ZJSY-LINSO-01,5,BSE,A599,LINSO,CN,2605
CN-2605-ZJSY-MORIT-01,1,PORAP,W222,NUMKU,CN,2605
CN-2605-ZJSY-MORIT-01,2,NUMKU,W223,AGTEL,CN,2605
CN-2605-ZJSY-MORIT-01,3,AGTEL,W71,LH,CN,2605
CN-2605-ZJSY-MORIT-01,4,LH,R339,BHY,CN,2605
CN-2605-ZJSY-MORIT-01,5,BHY,W159,LBN,CN,2605
CN-2605-ZJSY-MORIT-01,6,LBN,W2,SJG,CN,2605
CN-2605-ZJSY-MORIT-01,7,SJG,B330,ELKAL,CN,2605
CN-2605-ZJSY-MORIT-01,8,ELKAL,W179,OMBON,CN,2605
CN-2605-ZJSY-MORIT-01,9,OMBON,W195,MORIT,CN,2605
CN-2605-ZJSY-NIXAL-01,1,PORAP,W222,SAMAS,CN,2605
CN-2605-ZJSY-NIXAL-01,2,SAMAS,A202,SIKOU,CN,2605
CN-2605-ZJSY-NIXAL-01,3,SIKOU,DCT,BEKOL,CN,2605
CN-2605-ZJSY-NIXAL-01,4,BEKOL,A461,BUBDA,CN,2605
CN-2605-ZJSY-NIXAL-01,5,BUBDA,W56,OBMEP,CN,2605
CN-2605-ZJSY-NIXAL-01,6,OBMEP,B208,NIXAL,CN,2605
CN-2605-ZJSY-NIXAL-02,1,PORAP,W222,NUMKU,CN,2605
CN-2605-ZJSY-NIXAL-02,2,NUMKU,W223,AGTEL,CN,2605
CN-2605-ZJSY-NIXAL-02,3,AGTEL,W71,LH,CN,2605
CN-2605-ZJSY-NIXAL-02,4,LH,R339,BHY,CN,2605
CN-2605-ZJSY-NIXAL-02,5,BHY,W159,IVPUB,CN,2605
CN-2605-ZJSY-NIXAL-02,6,IVPUB,W120,ENKUS,CN,2605
CN-2605-ZJSY-NIXAL-02,7,ENKUS,R343,GOSMA,CN,2605
CN-2605-ZJSY-NIXAL-02,8,GOSMA,W82,UPMAT,CN,2605
CN-2605-ZJSY-NIXAL-02,9,UPMAT,W56,OBMEP,CN,2605
CN-2605-ZJSY-NIXAL-02,10,OBMEP,B208,NIXAL,CN,2605
CN-2605-ZJSY-POLHO-01,1,PORAP,W222,SAMAS,CN,2605
CN-2605-ZJSY-POLHO-01,2,SAMAS,A202,SIKOU,CN,2605
CN-2605-ZJSY-POLHO-01,3,SIKOU,DCT,BEKOL,CN,2605
CN-2605-ZJSY-POLHO-01,4,BEKOL,A461,BUBDA,CN,2605
CN-2605-ZJSY-POLHO-01,5,BUBDA,W56,OBMEP,CN,2605
CN-2605-ZJSY-POLHO-01,6,OBMEP,B208,HET,CN,2605
CN-2605-ZJSY-POLHO-01,7,HET,G218,POLHO,CN,2605
CN-2605-ZJSY-RCKH-01,1,PORAP,W222,SAMAS,CN,2605
CN-2605-ZJSY-RCKH-01,2,SAMAS,A202,SIKOU,CN,2605
CN-2605-ZJSY-RCMQ-01,1,PORAP,W222,SAMAS,CN,2605
CN-2605-ZJSY-RCMQ-01,2,SAMAS,A202,SIKOU,CN,2605
CN-2605-ZJSY-RCTP-01,1,PORAP,W222,SAMAS,CN,2605
CN-2605-ZJSY-RCTP-01,2,SAMAS,A202,SIKOU,CN,2605
CN-2605-ZJSY-RCYU-01,1,PORAP,W222,SAMAS,CN,2605
CN-2605-ZJSY-RCYU-01,2,SAMAS,A202,SIKOU,CN,2605
CN-2605-ZJSY-RULAD-01,1,PORAP,W222,NUMKU,CN,2605
CN-2605-ZJSY-RULAD-01,2,NUMKU,W223,AGTEL,CN,2605
CN-2605-ZJSY-RULAD-01,3,AGTEL,W71,LH,CN,2605
CN-2605-ZJSY-RULAD-01,4,LH,R339,BHY,CN,2605
CN-2605-ZJSY-RULAD-01,5,BHY,W159,LBN,CN,2605
CN-2605-ZJSY-RULAD-01,6,LBN,W2,SJG,CN,2605
CN-2605-ZJSY-RULAD-01,7,SJG,B330,ELKAL,CN,2605
CN-2605-ZJSY-RULAD-01,8,ELKAL,W179,OMBON,CN,2605
CN-2605-ZJSY-RULAD-01,9,OMBON,W195,IDOPA,CN,2605
CN-2605-ZJSY-RULAD-01,10,IDOPA,W197,ANDIM,CN,2605
CN-2605-ZJSY-RULAD-01,11,ANDIM,B215,IBANO,CN,2605
CN-2605-ZJSY-RULAD-01,12,IBANO,G470,AKLAS,CN,2605
CN-2605-ZJSY-RULAD-01,13,AKLAS,W192,FKG,CN,2605
CN-2605-ZJSY-RULAD-01,14,FKG,B215,KABDO,CN,2605
CN-2605-ZJSY-RULAD-01,15,KABDO,W119,GOBOK,CN,2605
CN-2605-ZJSY-RULAD-01,16,GOBOK,A343,RULAD,CN,2605
CN-2605-ZJSY-RULAD-02,1,PORAP,W222,NUMKU,CN,2605
CN-2605-ZJSY-RULAD-02,2,NUMKU,W223,AGTEL,CN,2605
CN-2605-ZJSY-RULAD-02,3,AGTEL,W71,LH,CN,2605
CN-2605-ZJSY-RULAD-02,4,LH,R339,BHY,CN,2605
CN-2605-ZJSY-RULAD-02,5,BHY,W159,LBN,CN,2605
CN-2605-ZJSY-RULAD-02,6,LBN,W2,SJG,CN,2605
CN-2605-ZJSY-RULAD-02,7,SJG,B330,ELKAL,CN,2605
CN-2605-ZJSY-RULAD-02,8,ELKAL,W179,OMBON,CN,2605
CN-2605-ZJSY-RULAD-02,9,OMBON,W195,ESPED,CN,2605
CN-2605-ZJSY-RULAD-02,10,ESPED,W66,NUKTI,CN,2605
CN-2605-ZJSY-RULAD-02,11,NUKTI,B215,KABDO,CN,2605
CN-2605-ZJSY-RULAD-02,12,KABDO,W119,GOBOK,CN,2605
CN-2605-ZJSY-RULAD-02,13,GOBOK,A343,RULAD,CN,2605
CN-2605-ZJSY-SARIN-01,1,PORAP,W222,NUMKU,CN,2605
CN-2605-ZJSY-SARIN-01,2,NUMKU,W223,AGTEL,CN,2605
CN-2605-ZJSY-SARIN-01,3,AGTEL,W71,LH,CN,2605
CN-2605-ZJSY-SARIN-01,4,LH,R339,BHY,CN,2605
CN-2605-ZJSY-SARIN-01,5,BHY,W159,LBN,CN,2605
CN-2605-ZJSY-SARIN-01,6,LBN,W2,SJG,CN,2605
CN-2605-ZJSY-SARIN-01,7,SJG,B330,ELKAL,CN,2605
CN-2605-ZJSY-SARIN-01,8,ELKAL,W179,OMBON,CN,2605
CN-2605-ZJSY-SARIN-01,9,OMBON,W195,ESPED,CN,2605
CN-2605-ZJSY-SARIN-01,10,ESPED,W66,NUKTI,CN,2605
CN-2605-ZJSY-SARIN-01,11,NUKTI,B215,FKG,CN,2605
CN-2605-ZJSY-SARIN-01,12,FKG,A368,SARIN,CN,2605
CN-2605-ZJSY-SARIN-02,1,PORAP,W222,NUMKU,CN,2605
CN-2605-ZJSY-SARIN-02,2,NUMKU,W223,AGTEL,CN,2605
CN-2605-ZJSY-SARIN-02,3,AGTEL,W71,LH,CN,2605
CN-2605-ZJSY-SARIN-02,4,LH,R339,BHY,CN,2605
CN-2605-ZJSY-SARIN-02,5,BHY,W159,LBN,CN,2605
CN-2605-ZJSY-SARIN-02,6,LBN,W2,SJG,CN,2605
CN-2605-ZJSY-SARIN-02,7,SJG,B330,ELKAL,CN,2605
CN-2605-ZJSY-SARIN-02,8,ELKAL,W179,OMBON,CN,2605
CN-2605-ZJSY-SARIN-02,9,OMBON,W195,IDOPA,CN,2605
CN-2605-ZJSY-SARIN-02,10,IDOPA,W197,ANDIM,CN,2605
CN-2605-ZJSY-SARIN-02,11,ANDIM,B215,IBANO,CN,2605
CN-2605-ZJSY-SARIN-02,12,IBANO,G470,AKLAS,CN,2605
CN-2605-ZJSY-SARIN-02,13,AKLAS,W192,FKG,CN,2605
CN-2605-ZJSY-SARIN-02,14,FKG,A368,SARIN,CN,2605
CN-2605-ZJSY-SIKOU-01,1,PORAP,W222,SAMAS,CN,2605
CN-2605-ZJSY-SIKOU-01,2,SAMAS,A202,SIKOU,CN,2605
CN-2605-ZJSY-SIMLI-01,1,PORAP,W222,SAMAS,CN,2605
CN-2605-ZJSY-SIMLI-01,2,SAMAS,A202,SIKOU,CN,2605
CN-2605-ZJSY-SIMLI-01,3,SIKOU,DCT,BEKOL,CN,2605
CN-2605-ZJSY-SIMLI-01,4,BEKOL,A461,BUBDA,CN,2605
CN-2605-ZJSY-SIMLI-01,5,BUBDA,W56,VYK,CN,2605
CN-2605-ZJSY-SIMLI-01,6,VYK,G212,SOTMU,CN,2605
CN-2605-ZJSY-SIMLI-01,7,SOTMU,B339,HUR,CN,2605
CN-2605-ZJSY-SIMLI-01,8,HUR,B334,TGO,CN,2605
CN-2605-ZJSY-SIMLI-01,9,TGO,G212,HRB,CN,2605
CN-2605-ZJSY-SIMLI-01,10,HRB,A588,SIMLI,CN,2605
CN-2605-ZJSY-TEBAK-01,1,PORAP,W222,NUMKU,CN,2605
CN-2605-ZJSY-TEBAK-01,2,NUMKU,W223,AGTEL,CN,2605
CN-2605-ZJSY-TEBAK-01,3,AGTEL,W71,LH,CN,2605
CN-2605-ZJSY-TEBAK-01,4,LH,R339,WUY,CN,2605
CN-2605-ZJSY-TEBAK-01,5,WUY,R474,TEBAK,CN,2605
CN-2605-ZJSY-VHHH-01,1,PORAP,W222,SAMAS,CN,2605
CN-2605-ZJSY-VHHH-01,2,SAMAS,A202,SIKOU,CN,2605
CN-2605-ZJSY-VHHH-02,1,VEGDO,W170,SAVNO,CN,2605
CN-2605-ZJSY-VHHH-02,2,SAVNO,W171,LENKO,CN,2605
CN-2605-ZJSY-VHHH-02,3,LENKO,A1,IKELA,CN,2605
CN-2605-ZJSY-VMMC-01,1,PORAP,W222,SAMAS,CN,2605
CN-2605-ZJSY-VMMC-01,2,SAMAS,A202,SIKOU,CN,2605
CN-2605-ZLDH-AGAVO-01,1,DNH,W621,NIXUK,CN,2605
CN-2605-ZLDH-AGAVO-01,2,NIXUK,W271,BOTKI,CN,2605
CN-2605-ZLDH-AGAVO-01,3,BOTKI,W270,DKO,CN,2605
CN-2605-ZLDH-AGAVO-01,4,DKO,W69,HUR,CN,2605
CN-2605-ZLDH-AGAVO-01,5,HUR,B339,LADIX,CN,2605
CN-2605-ZLDH-AGAVO-01,6,LADIX,W34,VAPGU,CN,2605
CN-2605-ZLDH-AGAVO-01,7,VAPGU,W100,ORAVA,CN,2605
CN-2605-ZLDH-AGAVO-01,8,ORAVA,W201,UNSEK,CN,2605
CN-2605-ZLDH-AGAVO-01,9,UNSEK,A326,DONVO,CN,2605
CN-2605-ZLDH-AGAVO-01,10,DONVO,G597,AGAVO,CN,2605
CN-2605-ZLDH-SAGAG-01,1,DNH,W621,NIXUK,CN,2605
CN-2605-ZLDH-SAGAG-01,2,NIXUK,W271,BOTKI,CN,2605
CN-2605-ZLDH-SAGAG-01,3,BOTKI,W270,NOLOM,CN,2605
CN-2605-ZLDH-SAGAG-01,4,NOLOM,B330,UBKER,CN,2605
CN-2605-ZLDH-SAGAG-01,5,UBKER,G212,SGM,CN,2605
CN-2605-ZLDH-SAGAG-01,6,SGM,A581,SAGAG,CN,2605
CN-2605-ZLIC-AGAVO-01,1,YHD,W217,UPKUN,CN,2605
CN-2605-ZLIC-AGAVO-01,2,UPKUN,W218,APOGO,CN,2605
CN-2605-ZLIC-AGAVO-01,3,APOGO,B215,AGVUR,CN,2605
CN-2605-ZLIC-AGAVO-01,4,AGVUR,W87,BESGI,CN,2605
CN-2605-ZLIC-AGAVO-01,5,BESGI,G212,VYK,CN,2605
CN-2605-ZLIC-AGAVO-01,6,VYK,W34,VAPGU,CN,2605
CN-2605-ZLIC-AGAVO-01,7,VAPGU,W100,ORAVA,CN,2605
CN-2605-ZLIC-AGAVO-01,8,ORAVA,W201,UNSEK,CN,2605
CN-2605-ZLIC-AGAVO-01,9,UNSEK,A326,DONVO,CN,2605
CN-2605-ZLIC-AGAVO-01,10,DONVO,G597,AGAVO,CN,2605
CN-2605-ZLIC-INTIK-01,1,YHD,W217,VIKON,CN,2605
CN-2605-ZLIC-INTIK-01,2,VIKON,W72,OMGEL,CN,2605
CN-2605-ZLIC-INTIK-01,3,OMGEL,W64,UBRAG,CN,2605
CN-2605-ZLIC-INTIK-01,4,UBRAG,W84,HET,CN,2605
CN-2605-ZLIC-INTIK-01,5,HET,G218,TMR,CN,2605
CN-2605-ZLIC-INTIK-01,6,TMR,B458,LHT,CN,2605
CN-2605-ZLIC-INTIK-01,7,LHT,A575,INTIK,CN,2605
CN-2605-ZLIC-KAMUD-01,1,YHD,W199,ALGOT,CN,2605
CN-2605-ZLIC-KAMUD-01,2,ALGOT,W195,ESPED,CN,2605
CN-2605-ZLIC-KAMUD-01,3,ESPED,W66,NUKTI,CN,2605
CN-2605-ZLIC-KAMUD-01,4,NUKTI,B215,KABDO,CN,2605
CN-2605-ZLIC-KAMUD-01,5,KABDO,W119,LIMDO,CN,2605
CN-2605-ZLIC-KAMUD-01,6,LIMDO,A468,KAMUD,CN,2605
CN-2605-ZLIC-KATBO-01,1,YHD,B215,IDUGI,CN,2605
CN-2605-ZLIC-KATBO-01,2,IDUGI,B330,UBKER,CN,2605
CN-2605-ZLIC-KATBO-01,3,UBKER,G212,SGM,CN,2605
CN-2605-ZLIC-KATBO-01,4,SGM,A599,ADBAG,CN,2605
CN-2605-ZLIC-KATBO-01,5,ADBAG,R471,KATBO,CN,2605
CN-2605-ZLIC-LINSO-01,1,YHD,B215,IDUGI,CN,2605
CN-2605-ZLIC-LINSO-01,2,IDUGI,B330,UBKER,CN,2605
CN-2605-ZLIC-LINSO-01,3,UBKER,G212,SGM,CN,2605
CN-2605-ZLIC-LINSO-01,4,SGM,A599,LINSO,CN,2605
CN-2605-ZLIC-MORIT-01,1,YHD,W199,ALGOT,CN,2605
CN-2605-ZLIC-MORIT-01,2,ALGOT,W195,MORIT,CN,2605
CN-2605-ZLIC-RCTP-01,1,YHD,W217,UPKUN,CN,2605
CN-2605-ZLIC-RCTP-01,2,UPKUN,W218,APOGO,CN,2605
CN-2605-ZLIC-RCTP-01,3,APOGO,B215,AGVUR,CN,2605
CN-2605-ZLIC-RCTP-01,4,AGVUR,B208,CGO,CN,2605
CN-2605-ZLIC-RCTP-01,5,CGO,W129,KAMDA,CN,2605
CN-2605-ZLIC-RCTP-01,6,KAMDA,W128,FYG,CN,2605
CN-2605-ZLIC-RCTP-01,7,FYG,B208,HFE,CN,2605
CN-2605-ZLIC-RCTP-01,8,HFE,R343,UPLEL,CN,2605
CN-2605-ZLIC-RCTP-01,9,UPLEL,W95,SAPIN,CN,2605
CN-2605-ZLIC-RCTP-01,10,SAPIN,A470,BZ,CN,2605
CN-2605-ZLIC-RCTP-01,11,BZ,R596,SULEM,CN,2605
CN-2605-ZLIC-SAGAG-01,1,YHD,B215,IDUGI,CN,2605
CN-2605-ZLIC-SAGAG-01,2,IDUGI,B330,UBKER,CN,2605
CN-2605-ZLIC-SAGAG-01,3,UBKER,G212,SGM,CN,2605
CN-2605-ZLIC-SAGAG-01,4,SGM,A581,SAGAG,CN,2605
CN-2605-ZLIC-SARIN-01,1,YHD,W199,ALGOT,CN,2605
CN-2605-ZLIC-SARIN-01,2,ALGOT,W195,ESPED,CN,2605
CN-2605-ZLIC-SARIN-01,3,ESPED,W66,NUKTI,CN,2605
CN-2605-ZLIC-SARIN-01,4,NUKTI,B215,FKG,CN,2605
CN-2605-ZLIC-SARIN-01,5,FKG,A368,SARIN,CN,2605
CN-2605-ZLLL-KAMUD-01,1,ANDIM,B215,TODOD,CN,2605
CN-2605-ZLLL-KAMUD-01,2,TODOD,W112,TUSLI,CN,2605
CN-2605-ZLLL-KAMUD-01,3,TUSLI,W187,SADAN,CN,2605
CN-2605-ZLLL-KAMUD-01,4,SADAN,W186,KAMUD,CN,2605
CN-2605-ZLLL-KATBO-01,1,IRMUB,B330,UBKER,CN,2605
CN-2605-ZLLL-KATBO-01,2,UBKER,G212,SGM,CN,2605
CN-2605-ZLLL-KATBO-01,3,SGM,A599,ADBAG,CN,2605
CN-2605-ZLLL-KATBO-01,4,ADBAG,R471,KATBO,CN,2605
CN-2605-ZLLL-LINSO-01,1,IRMUB,B330,UBKER,CN,2605
CN-2605-ZLLL-LINSO-01,2,UBKER,G212,SGM,CN,2605
CN-2605-ZLLL-LINSO-01,3,SGM,A599,LINSO,CN,2605
CN-2605-ZLLL-MORIT-01,1,OLSUG,W195,MORIT,CN,2605
CN-2605-ZLLL-RULAD-01,1,ANDIM,B215,IBANO,CN,2605
CN-2605-ZLLL-RULAD-01,2,IBANO,G470,AKLAS,CN,2605
CN-2605-ZLLL-RULAD-01,3,AKLAS,W192,FKG,CN,2605
CN-2605-ZLLL-RULAD-01,4,FKG,B215,KABDO,CN,2605
CN-2605-ZLLL-RULAD-01,5,KABDO,W119,GOBOK,CN,2605
CN-2605-ZLLL-RULAD-01,6,GOBOK,A343,RULAD,CN,2605
CN-2605-ZLLL-SAGAG-01,1,IRMUB,B330,UBKER,CN,2605
CN-2605-ZLLL-SAGAG-01,2,UBKER,G212,SGM,CN,2605
CN-2605-ZLLL-SAGAG-01,3,SGM,A581,SAGAG,CN,2605
CN-2605-ZLLL-SARIN-01,1,OLSUG,W195,ESPED,CN,2605
CN-2605-ZLLL-SARIN-01,2,ESPED,W66,NUKTI,CN,2605
CN-2605-ZLLL-SARIN-01,3,NUKTI,B215,FKG,CN,2605
CN-2605-ZLLL-SARIN-01,4,FKG,A368,SARIN,CN,2605
CN-2605-ZLLL-VHHH-01,1,IRMUB,B330,KWE,CN,2605
CN-2605-ZLLL-VHHH-01,2,KWE,W181,DUDIT,CN,2605
CN-2605-ZLLL-VHHH-01,3,DUDIT,A599,POU,CN,2605
CN-2605-ZLLL-VHHH-01,4,POU,R473,SIERA,CN,2605
CN-2605-ZLLL-VMMC-01,1,IRMUB,B330,KWE,CN,2605
CN-2605-ZLLL-VMMC-01,2,KWE,W181,DUDIT,CN,2605
CN-2605-ZLLL-VMMC-01,3,DUDIT,A599,POU,CN,2605
CN-2605-ZLLL-VMMC-01,4,POU,W7,SAREX,CN,2605
CN-2605-ZLLL-VMMC-01,5,SAREX,W6,LATOP,CN,2605
CN-2605-ZLXN-RCTP-01,1,UPVOP,W111,BIGUX,CN,2605
CN-2605-ZLXN-RCTP-01,2,BIGUX,B330,KWE,CN,2605
CN-2605-ZLXN-RCTP-01,3,KWE,W181,DUDIT,CN,2605
CN-2605-ZLXN-RCTP-01,4,DUDIT,A599,POU,CN,2605
CN-2605-ZLXN-RCTP-01,5,POU,G471,SHL,CN,2605
CN-2605-ZLXN-RCTP-01,6,SHL,W22,GUBLO,CN,2605
CN-2605-ZLXN-RCTP-01,7,GUBLO,R200,OLDID,CN,2605
CN-2605-ZLXN-SAGAG-01,1,UPVOP,W111,BIGUX,CN,2605
CN-2605-ZLXN-SAGAG-01,2,BIGUX,B330,UBKER,CN,2605
CN-2605-ZLXN-SAGAG-01,3,UBKER,G212,SGM,CN,2605
CN-2605-ZLXN-SAGAG-01,4,SGM,A581,SAGAG,CN,2605
CN-2605-ZLXN-TAMOT-01,1,UPVOP,W111,BIGUX,CN,2605
CN-2605-ZLXN-TAMOT-01,2,BIGUX,B330,KWE,CN,2605
CN-2605-ZLXN-TAMOT-01,3,KWE,W181,DUDIT,CN,2605
CN-2605-ZLXN-TAMOT-01,4,DUDIT,A599,POU,CN,2605
CN-2605-ZLXN-TAMOT-01,5,POU,B330,TAMOT,CN,2605
CN-2605-ZLXY-AGAVO-01,1,WJC,G212,VYK,CN,2605
CN-2605-ZLXY-AGAVO-01,2,VYK,W34,VAPGU,CN,2605
CN-2605-ZLXY-AGAVO-01,3,VAPGU,W100,ORAVA,CN,2605
CN-2605-ZLXY-AGAVO-01,4,ORAVA,W201,UNSEK,CN,2605
CN-2605-ZLXY-AGAVO-01,5,UNSEK,A326,DONVO,CN,2605
CN-2605-ZLXY-AGAVO-01,6,DONVO,G597,AGAVO,CN,2605
CN-2605-ZLXY-AGVUT-01R,1,TEBIB,W541,OVKAB,CN,2605
CN-2605-ZLXY-AGVUT-01R,2,OVKAB,W94,XFG,CN,2605
CN-2605-ZLXY-AGVUT-01R,3,XFG,W213,APESU,CN,2605
CN-2605-ZLXY-AGVUT-01R,4,APESU,W197,ANDIM,CN,2605
CN-2605-ZLXY-AGVUT-01R,5,ANDIM,B215,TODOD,CN,2605
CN-2605-ZLXY-AGVUT-01R,6,TODOD,W112,TUSLI,CN,2605
CN-2605-ZLXY-AGVUT-01R,7,TUSLI,W187,MAGIV,CN,2605
CN-2605-ZLXY-AGVUT-01R,8,MAGIV,B215,DSC,CN,2605
CN-2605-ZLXY-AGVUT-01R,9,DSC,L181,AGVUT,CN,2605
CN-2605-ZLXY-ARGUK-01,1,WJC,W193,ALGOV,CN,2605
CN-2605-ZLXY-ARGUK-01,2,ALGOV,W101,DUDIL,CN,2605
CN-2605-ZLXY-ARGUK-01,3,DUDIL,W69,BAXOD,CN,2605
CN-2605-ZLXY-ARGUK-01,4,BAXOD,B208,HET,CN,2605
CN-2605-ZLXY-ARGUK-01,5,HET,G218,TMR,CN,2605
CN-2605-ZLXY-ARGUK-01,6,TMR,W86,KAKAT,CN,2605
CN-2605-ZLXY-ARGUK-01,7,KAKAT,B334,TGO,CN,2605
CN-2605-ZLXY-ARGUK-01,8,TGO,G212,ARGUK,CN,2605
CN-2605-ZLXY-INTIK-01,1,WJC,W193,ALGOV,CN,2605
CN-2605-ZLXY-INTIK-01,2,ALGOV,W101,DUDIL,CN,2605
CN-2605-ZLXY-INTIK-01,3,DUDIL,W69,TOREL,CN,2605
CN-2605-ZLXY-INTIK-01,4,TOREL,W84,HET,CN,2605
CN-2605-ZLXY-INTIK-01,5,HET,W32,INTIK,CN,2605
CN-2605-ZLXY-KAMUD-01,1,TEBIB,W541,OVKAB,CN,2605
CN-2605-ZLXY-KAMUD-01,2,OVKAB,W94,XFG,CN,2605
CN-2605-ZLXY-KAMUD-01,3,XFG,W213,APESU,CN,2605
CN-2605-ZLXY-KAMUD-01,4,APESU,W197,ANDIM,CN,2605
CN-2605-ZLXY-KAMUD-01,5,ANDIM,B215,TODOD,CN,2605
CN-2605-ZLXY-KAMUD-01,6,TODOD,W112,TUSLI,CN,2605
CN-2605-ZLXY-KAMUD-01,7,TUSLI,W187,SADAN,CN,2605
CN-2605-ZLXY-KAMUD-01,8,SADAN,W186,KAMUD,CN,2605
CN-2605-ZLXY-KAMUD-02,1,TEBIB,W541,OVKAB,CN,2605
CN-2605-ZLXY-KAMUD-02,2,OVKAB,W94,XFG,CN,2605
CN-2605-ZLXY-KAMUD-02,3,XFG,W213,APESU,CN,2605
CN-2605-ZLXY-KAMUD-02,4,APESU,W197,ANDIM,CN,2605
CN-2605-ZLXY-KAMUD-02,5,ANDIM,B215,IBANO,CN,2605
CN-2605-ZLXY-KAMUD-02,6,IBANO,G470,AKLAS,CN,2605
CN-2605-ZLXY-KAMUD-02,7,AKLAS,W192,FKG,CN,2605
CN-2605-ZLXY-KAMUD-02,8,FKG,B215,KABDO,CN,2605
CN-2605-ZLXY-KAMUD-02,9,KABDO,W119,LIMDO,CN,2605
CN-2605-ZLXY-KAMUD-02,10,LIMDO,A468,KAMUD,CN,2605
CN-2605-ZLXY-KATBO-01,1,ESKUG,W276,ANRUG,CN,2605
CN-2605-ZLXY-KATBO-01,2,ANRUG,W279,ONEBA,CN,2605
CN-2605-ZLXY-KATBO-01,3,ONEBA,G212,SGM,CN,2605
CN-2605-ZLXY-KATBO-01,4,SGM,A599,ADBAG,CN,2605
CN-2605-ZLXY-KATBO-01,5,ADBAG,R471,KATBO,CN,2605
CN-2605-ZLXY-LINSO-01,1,ESKUG,W276,ANRUG,CN,2605
CN-2605-ZLXY-LINSO-01,2,ANRUG,W279,ONEBA,CN,2605
CN-2605-ZLXY-LINSO-01,3,ONEBA,G212,SGM,CN,2605
CN-2605-ZLXY-LINSO-01,4,SGM,A599,LINSO,CN,2605
CN-2605-ZLXY-MORIT-01,1,TEBIB,W541,OVKAB,CN,2605
CN-2605-ZLXY-MORIT-01,2,OVKAB,W94,XFG,CN,2605
CN-2605-ZLXY-MORIT-01,3,XFG,W213,APESU,CN,2605
CN-2605-ZLXY-MORIT-01,4,APESU,W197,IDOPA,CN,2605
CN-2605-ZLXY-MORIT-01,5,IDOPA,W195,MORIT,CN,2605
CN-2605-ZLXY-NONIM-01,1,ESKUG,W276,ANRUG,CN,2605
CN-2605-ZLXY-NONIM-01,2,ANRUG,W279,ONEBA,CN,2605
CN-2605-ZLXY-NONIM-01,3,ONEBA,G212,JTG,CN,2605
CN-2605-ZLXY-NONIM-01,4,JTG,W236,CTU,CN,2605
CN-2605-ZLXY-NONIM-01,5,CTU,B213,LXA,CN,2605
CN-2605-ZLXY-NONIM-01,6,LXA,B345,NONIM,CN,2605
CN-2605-ZLXY-OGIGI-01,1,TEBIB,W541,OVKAB,CN,2605
CN-2605-ZLXY-OGIGI-01,2,OVKAB,W94,XFG,CN,2605
CN-2605-ZLXY-OGIGI-01,3,XFG,W213,APESU,CN,2605
CN-2605-ZLXY-OGIGI-01,4,APESU,W197,ANDIM,CN,2605
CN-2605-ZLXY-OGIGI-01,5,ANDIM,B215,TODOD,CN,2605
CN-2605-ZLXY-OGIGI-01,6,TODOD,W112,TUSLI,CN,2605
CN-2605-ZLXY-OGIGI-01,7,TUSLI,W187,SADAN,CN,2605
CN-2605-ZLXY-OGIGI-01,8,SADAN,W186,KQS,CN,2605
CN-2605-ZLXY-OGIGI-01,9,KQS,W176,KHG,CN,2605
CN-2605-ZLXY-OGIGI-01,10,KHG,L43,OGIGI,CN,2605
CN-2605-ZLXY-POLHO-01,1,WJC,W193,ALGOV,CN,2605
CN-2605-ZLXY-POLHO-01,2,ALGOV,W101,DUDIL,CN,2605
CN-2605-ZLXY-POLHO-01,3,DUDIL,W69,TOREL,CN,2605
CN-2605-ZLXY-POLHO-01,4,TOREL,W84,HET,CN,2605
CN-2605-ZLXY-POLHO-01,5,HET,G218,POLHO,CN,2605
CN-2605-ZLXY-RCBS-01,1,WJC,G212,GUNLI,CN,2605
CN-2605-ZLXY-RCBS-01,2,GUNLI,B208,CGO,CN,2605
CN-2605-ZLXY-RCBS-01,3,CGO,W129,KAMDA,CN,2605
CN-2605-ZLXY-RCBS-01,4,KAMDA,W128,FYG,CN,2605
CN-2605-ZLXY-RCBS-01,5,FYG,B208,HFE,CN,2605
CN-2605-ZLXY-RCBS-01,6,HFE,R343,UPLEL,CN,2605
CN-2605-ZLXY-RCBS-01,7,UPLEL,W95,SAPIN,CN,2605
CN-2605-ZLXY-RCBS-01,8,SAPIN,A470,BZ,CN,2605
CN-2605-ZLXY-RCBS-01,9,BZ,R596,SULEM,CN,2605
CN-2605-ZLXY-RCKH-01,1,WJC,G212,GUNLI,CN,2605
CN-2605-ZLXY-RCKH-01,2,GUNLI,B208,CGO,CN,2605
CN-2605-ZLXY-RCKH-01,3,CGO,W129,KAMDA,CN,2605
CN-2605-ZLXY-RCKH-01,4,KAMDA,W128,FYG,CN,2605
CN-2605-ZLXY-RCKH-01,5,FYG,B208,HFE,CN,2605
CN-2605-ZLXY-RCKH-01,6,HFE,R343,UPLEL,CN,2605
CN-2605-ZLXY-RCKH-01,7,UPLEL,W95,SAPIN,CN,2605
CN-2605-ZLXY-RCKH-01,8,SAPIN,A470,BZ,CN,2605
CN-2605-ZLXY-RCKH-01,9,BZ,R596,SULEM,CN,2605
CN-2605-ZLXY-RCMQ-01,1,WJC,G212,GUNLI,CN,2605
CN-2605-ZLXY-RCMQ-01,2,GUNLI,B208,CGO,CN,2605
CN-2605-ZLXY-RCMQ-01,3,CGO,W129,KAMDA,CN,2605
CN-2605-ZLXY-RCMQ-01,4,KAMDA,W128,FYG,CN,2605
CN-2605-ZLXY-RCMQ-01,5,FYG,B208,HFE,CN,2605
CN-2605-ZLXY-RCMQ-01,6,HFE,R343,UPLEL,CN,2605
CN-2605-ZLXY-RCMQ-01,7,UPLEL,W95,SAPIN,CN,2605
CN-2605-ZLXY-RCMQ-01,8,SAPIN,A470,BZ,CN,2605
CN-2605-ZLXY-RCMQ-01,9,BZ,R596,SULEM,CN,2605
CN-2605-ZLXY-RCQC-01,1,WJC,G212,GUNLI,CN,2605
CN-2605-ZLXY-RCQC-01,2,GUNLI,B208,CGO,CN,2605
CN-2605-ZLXY-RCQC-01,3,CGO,W129,KAMDA,CN,2605
CN-2605-ZLXY-RCQC-01,4,KAMDA,W128,FYG,CN,2605
CN-2605-ZLXY-RCQC-01,5,FYG,B208,HFE,CN,2605
CN-2605-ZLXY-RCQC-01,6,HFE,R343,UPLEL,CN,2605
CN-2605-ZLXY-RCQC-01,7,UPLEL,W95,SAPIN,CN,2605
CN-2605-ZLXY-RCQC-01,8,SAPIN,A470,BZ,CN,2605
CN-2605-ZLXY-RCQC-01,9,BZ,R596,SULEM,CN,2605
CN-2605-ZLXY-RCTP-01,1,WJC,G212,GUNLI,CN,2605
CN-2605-ZLXY-RCTP-01,2,GUNLI,B208,CGO,CN,2605
CN-2605-ZLXY-RCTP-01,3,CGO,W129,KAMDA,CN,2605
CN-2605-ZLXY-RCTP-01,4,KAMDA,W128,FYG,CN,2605
CN-2605-ZLXY-RCTP-01,5,FYG,B208,HFE,CN,2605
CN-2605-ZLXY-RCTP-01,6,HFE,R343,UPLEL,CN,2605
CN-2605-ZLXY-RCTP-01,7,UPLEL,W95,SAPIN,CN,2605
CN-2605-ZLXY-RCTP-01,8,SAPIN,A470,BZ,CN,2605
CN-2605-ZLXY-RCTP-01,9,BZ,R596,SULEM,CN,2605
CN-2605-ZLXY-RCYU-01,1,WJC,G212,GUNLI,CN,2605
CN-2605-ZLXY-RCYU-01,2,GUNLI,B208,CGO,CN,2605
CN-2605-ZLXY-RCYU-01,3,CGO,W129,KAMDA,CN,2605
CN-2605-ZLXY-RCYU-01,4,KAMDA,W128,FYG,CN,2605
CN-2605-ZLXY-RCYU-01,5,FYG,B208,HFE,CN,2605
CN-2605-ZLXY-RCYU-01,6,HFE,R343,UPLEL,CN,2605
CN-2605-ZLXY-RCYU-01,7,UPLEL,W95,SAPIN,CN,2605
CN-2605-ZLXY-RCYU-01,8,SAPIN,A470,BZ,CN,2605
CN-2605-ZLXY-RCYU-01,9,BZ,R596,SULEM,CN,2605
CN-2605-ZLXY-RULAD-01,1,TEBIB,W541,OVKAB,CN,2605
CN-2605-ZLXY-RULAD-01,2,OVKAB,W94,XFG,CN,2605
CN-2605-ZLXY-RULAD-01,3,XFG,W213,APESU,CN,2605
CN-2605-ZLXY-RULAD-01,4,APESU,W197,IDOPA,CN,2605
CN-2605-ZLXY-RULAD-01,5,IDOPA,W195,ESPED,CN,2605
CN-2605-ZLXY-RULAD-01,6,ESPED,W66,NUKTI,CN,2605
CN-2605-ZLXY-RULAD-01,7,NUKTI,B215,KABDO,CN,2605
CN-2605-ZLXY-RULAD-01,8,KABDO,W119,GOBOK,CN,2605
CN-2605-ZLXY-RULAD-01,9,GOBOK,A343,RULAD,CN,2605
CN-2605-ZLXY-RULAD-02,1,TEBIB,W541,OVKAB,CN,2605
CN-2605-ZLXY-RULAD-02,2,OVKAB,W94,XFG,CN,2605
CN-2605-ZLXY-RULAD-02,3,XFG,W213,APESU,CN,2605
CN-2605-ZLXY-RULAD-02,4,APESU,W197,ANDIM,CN,2605
CN-2605-ZLXY-RULAD-02,5,ANDIM,B215,IBANO,CN,2605
CN-2605-ZLXY-RULAD-02,6,IBANO,G470,AKLAS,CN,2605
CN-2605-ZLXY-RULAD-02,7,AKLAS,W192,FKG,CN,2605
CN-2605-ZLXY-RULAD-02,8,FKG,B215,KABDO,CN,2605
CN-2605-ZLXY-RULAD-02,9,KABDO,W119,GOBOK,CN,2605
CN-2605-ZLXY-RULAD-02,10,GOBOK,A343,RULAD,CN,2605
CN-2605-ZLXY-SAGAG-01,1,ESKUG,W276,ANRUG,CN,2605
CN-2605-ZLXY-SAGAG-01,2,ANRUG,W279,ONEBA,CN,2605
CN-2605-ZLXY-SAGAG-01,3,ONEBA,G212,SGM,CN,2605
CN-2605-ZLXY-SAGAG-01,4,SGM,A581,SAGAG,CN,2605
CN-2605-ZLXY-SARIN-01,1,TEBIB,W541,OVKAB,CN,2605
CN-2605-ZLXY-SARIN-01,2,OVKAB,W94,XFG,CN,2605
CN-2605-ZLXY-SARIN-01,3,XFG,W213,APESU,CN,2605
CN-2605-ZLXY-SARIN-01,4,APESU,W197,ANDIM,CN,2605
CN-2605-ZLXY-SARIN-01,5,ANDIM,B215,IBANO,CN,2605
CN-2605-ZLXY-SARIN-01,6,IBANO,G470,AKLAS,CN,2605
CN-2605-ZLXY-SARIN-01,7,AKLAS,W192,FKG,CN,2605
CN-2605-ZLXY-SARIN-01,8,FKG,A368,SARIN,CN,2605
CN-2605-ZLXY-SARIN-02,1,TEBIB,W541,OVKAB,CN,2605
CN-2605-ZLXY-SARIN-02,2,OVKAB,W94,XFG,CN,2605
CN-2605-ZLXY-SARIN-02,3,XFG,W213,APESU,CN,2605
CN-2605-ZLXY-SARIN-02,4,APESU,W197,IDOPA,CN,2605
CN-2605-ZLXY-SARIN-02,5,IDOPA,W195,ESPED,CN,2605
CN-2605-ZLXY-SARIN-02,6,ESPED,W66,NUKTI,CN,2605
CN-2605-ZLXY-SARIN-02,7,NUKTI,B215,FKG,CN,2605
CN-2605-ZLXY-SARIN-02,8,FKG,A368,SARIN,CN,2605
CN-2605-ZLXY-SIMLI-01,1,WJC,W193,ALGOV,CN,2605
CN-2605-ZLXY-SIMLI-01,2,ALGOV,W101,DUDIL,CN,2605
CN-2605-ZLXY-SIMLI-01,3,DUDIL,W69,BAXOD,CN,2605
CN-2605-ZLXY-SIMLI-01,4,BAXOD,B208,HET,CN,2605
CN-2605-ZLXY-SIMLI-01,5,HET,G218,TMR,CN,2605
CN-2605-ZLXY-SIMLI-01,6,TMR,W86,KAKAT,CN,2605
CN-2605-ZLXY-SIMLI-01,7,KAKAT,B334,TGO,CN,2605
CN-2605-ZLXY-SIMLI-01,8,TGO,G212,HRB,CN,2605
CN-2605-ZLXY-SIMLI-01,9,HRB,A588,SIMLI,CN,2605
CN-2605-ZLXY-TAMOT-01,1,UPDUM,W285,DUMAX,CN,2605
CN-2605-ZLXY-TAMOT-01,2,DUMAX,W278,AVDIG,CN,2605
CN-2605-ZLXY-TAMOT-01,3,AVDIG,W276,ARELA,CN,2605
CN-2605-ZLXY-TAMOT-01,4,ARELA,W30,TAMUS,CN,2605
CN-2605-ZLXY-TAMOT-01,5,TAMUS,W180,ELBAV,CN,2605
CN-2605-ZLXY-TAMOT-01,6,ELBAV,W181,DUDIT,CN,2605
CN-2605-ZLXY-TAMOT-01,7,DUDIT,A599,POU,CN,2605
CN-2605-ZLXY-TAMOT-01,8,POU,B330,TAMOT,CN,2605
CN-2605-ZLXY-TAMOT-02,1,UPDUM,W285,DUMAX,CN,2605
CN-2605-ZLXY-TAMOT-02,2,DUMAX,W278,AVDIG,CN,2605
CN-2605-ZLXY-TAMOT-02,3,AVDIG,W276,ARELA,CN,2605
CN-2605-ZLXY-TAMOT-02,4,ARELA,W30,TAMUS,CN,2605
CN-2605-ZLXY-TAMOT-02,5,TAMUS,W180,LIDMA,CN,2605
CN-2605-ZLXY-TAMOT-02,6,LIDMA,W182,LAGEX,CN,2605
CN-2605-ZLXY-TAMOT-02,7,LAGEX,G586,SJG,CN,2605
CN-2605-ZLXY-TAMOT-02,8,SJG,B330,TAMOT,CN,2605
CN-2605-ZLXY-VHHH-01,1,UPDUM,W285,DUMAX,CN,2605
CN-2605-ZLXY-VHHH-01,2,DUMAX,W278,AVDIG,CN,2605
CN-2605-ZLXY-VHHH-01,3,AVDIG,W276,ARELA,CN,2605
CN-2605-ZLXY-VHHH-01,4,ARELA,W30,TAMUS,CN,2605
CN-2605-ZLXY-VHHH-01,5,TAMUS,W180,ELBAV,CN,2605
CN-2605-ZLXY-VHHH-01,6,ELBAV,W181,DUDIT,CN,2605
CN-2605-ZLXY-VHHH-01,7,DUDIT,A599,POU,CN,2605
CN-2605-ZLXY-VHHH-01,8,POU,R473,SIERA,CN,2605
CN-2605-ZLXY-VHHH-02,1,UPDUM,W285,DUMAX,CN,2605
CN-2605-ZLXY-VHHH-02,2,DUMAX,W278,AVDIG,CN,2605
CN-2605-ZLXY-VHHH-02,3,AVDIG,W276,ARELA,CN,2605
CN-2605-ZLXY-VHHH-02,4,ARELA,W30,TAMUS,CN,2605
CN-2605-ZLXY-VHHH-02,5,TAMUS,W180,LIDMA,CN,2605
CN-2605-ZLXY-VHHH-02,6,LIDMA,W182,LAGEX,CN,2605
CN-2605-ZLXY-VHHH-02,7,LAGEX,G586,SJG,CN,2605
CN-2605-ZLXY-VHHH-02,8,SJG,B330,POU,CN,2605
CN-2605-ZLXY-VHHH-02,9,POU,R473,SIERA,CN,2605
CN-2605-ZLXY-VMMC-01,1,UPDUM,W285,DUMAX,CN,2605
CN-2605-ZLXY-VMMC-01,2,DUMAX,W278,AVDIG,CN,2605
CN-2605-ZLXY-VMMC-01,3,AVDIG,W276,ARELA,CN,2605
CN-2605-ZLXY-VMMC-01,4,ARELA,W30,TAMUS,CN,2605
CN-2605-ZLXY-VMMC-01,5,TAMUS,W180,LIDMA,CN,2605
CN-2605-ZLXY-VMMC-01,6,LIDMA,W182,LAGEX,CN,2605
CN-2605-ZLXY-VMMC-01,7,LAGEX,G586,SJG,CN,2605
CN-2605-ZLXY-VMMC-01,8,SJG,B330,POU,CN,2605
CN-2605-ZLXY-VMMC-01,9,POU,W7,SAREX,CN,2605
CN-2605-ZLXY-VMMC-01,10,SAREX,W6,LATOP,CN,2605
CN-2605-ZPJH-SAGAG-01,1,GUKRU,A581,SAGAG,CN,2605
CN-2605-ZPJH-VHHH-01,1,BIDRU,A581,ELASU,CN,2605
CN-2605-ZPJH-VHHH-01,2,ELASU,W147,IDPUG,CN,2605
CN-2605-ZPJH-VHHH-01,3,IDPUG,W225,GODUL,CN,2605
CN-2605-ZPJH-VHHH-01,4,GODUL,A599,POU,CN,2605
CN-2605-ZPJH-VHHH-01,5,POU,R473,SIERA,CN,2605
CN-2605-ZPLJ-KATBO-01,1,DAL,W162,BUBSU,CN,2605
CN-2605-ZPLJ-KATBO-01,2,BUBSU,W146,GULOT,CN,2605
CN-2605-ZPLJ-KATBO-01,3,GULOT,A599,ADBAG,CN,2605
CN-2605-ZPLJ-KATBO-01,4,ADBAG,R471,KATBO,CN,2605
CN-2605-ZPLJ-LINSO-01,1,CEH,W162,BUBSU,CN,2605
CN-2605-ZPLJ-LINSO-01,2,BUBSU,W146,GULOT,CN,2605
CN-2605-ZPLJ-LINSO-01,3,GULOT,A599,LINSO,CN,2605
CN-2605-ZPLJ-RCTP-01,1,CEH,W162,BUBSU,CN,2605
CN-2605-ZPLJ-RCTP-01,2,BUBSU,W146,GULOT,CN,2605
CN-2605-ZPLJ-RCTP-01,3,GULOT,A599,POU,CN,2605
CN-2605-ZPLJ-RCTP-01,4,POU,G471,SHL,CN,2605
CN-2605-ZPLJ-RCTP-01,5,SHL,W22,GUBLO,CN,2605
CN-2605-ZPLJ-RCTP-01,6,GUBLO,R200,OLDID,CN,2605
CN-2605-ZPLJ-SAGAG-01,1,CEH,W162,BUBSU,CN,2605
CN-2605-ZPLJ-SAGAG-01,2,BUBSU,W146,GULOT,CN,2605
CN-2605-ZPLJ-SAGAG-01,3,GULOT,A599,SGM,CN,2605
CN-2605-ZPLJ-SAGAG-01,4,SGM,A581,SAGAG,CN,2605
CN-2605-ZPMS-LINSO-01,1,TOSEM,W633,GMA,CN,2605
CN-2605-ZPMS-LINSO-01,2,GMA,A599,LINSO,CN,2605
CN-2605-ZPMS-SAGAG-01,1,TOSEM,W632,GULOT,CN,2605
CN-2605-ZPMS-SAGAG-01,2,GULOT,A599,SGM,CN,2605
CN-2605-ZPMS-SAGAG-01,3,SGM,A581,SAGAG,CN,2605
CN-2605-ZPPP-AGAVO-01,1,NODIB,W137,LPS,CN,2605
CN-2605-ZPPP-AGAVO-01,2,LPS,A581,IDPOG,CN,2605
CN-2605-ZPPP-AGAVO-01,3,IDPOG,W56,VADMO,CN,2605
CN-2605-ZPPP-AGAVO-01,4,VADMO,W4,WXI,CN,2605
CN-2605-ZPPP-AGAVO-01,5,WXI,W59,SUNOK,CN,2605
CN-2605-ZPPP-AGAVO-01,6,SUNOK,W103,YQG,CN,2605
CN-2605-ZPPP-AGAVO-01,7,YQG,W569,NOBUP,CN,2605
CN-2605-ZPPP-AGAVO-01,8,NOBUP,W4,IKEKA,CN,2605
CN-2605-ZPPP-AGAVO-01,9,IKEKA,A591,AGAVO,CN,2605
CN-2605-ZPPP-ARGUK-01,1,DADOL,W144,IGNAK,CN,2605
CN-2605-ZPPP-ARGUK-01,2,IGNAK,W179,JTG,CN,2605
CN-2605-ZPPP-ARGUK-01,3,JTG,W277,MIGIR,CN,2605
CN-2605-ZPPP-ARGUK-01,4,MIGIR,W193,ALGOV,CN,2605
CN-2605-ZPPP-ARGUK-01,5,ALGOV,W101,DUDIL,CN,2605
CN-2605-ZPPP-ARGUK-01,6,DUDIL,W69,BAXOD,CN,2605
CN-2605-ZPPP-ARGUK-01,7,BAXOD,B208,HET,CN,2605
CN-2605-ZPPP-ARGUK-01,8,HET,G218,TMR,CN,2605
CN-2605-ZPPP-ARGUK-01,9,TMR,W86,KAKAT,CN,2605
CN-2605-ZPPP-ARGUK-01,10,KAKAT,B334,TGO,CN,2605
CN-2605-ZPPP-ARGUK-01,11,TGO,G212,ARGUK,CN,2605
CN-2605-ZPPP-GOPTO-01,1,DADOL,W144,IGNAK,CN,2605
CN-2605-ZPPP-GOPTO-01,2,IGNAK,W179,OMBON,CN,2605
CN-2605-ZPPP-GOPTO-01,3,OMBON,W195,IDOPA,CN,2605
CN-2605-ZPPP-GOPTO-01,4,IDOPA,W197,ANDIM,CN,2605
CN-2605-ZPPP-GOPTO-01,5,ANDIM,B215,IBANO,CN,2605
CN-2605-ZPPP-GOPTO-01,6,IBANO,G470,QTV,CN,2605
CN-2605-ZPPP-GOPTO-01,7,QTV,W190,ADPET,CN,2605
CN-2605-ZPPP-GOPTO-01,8,ADPET,B206,GOPTO,CN,2605
CN-2605-ZPPP-KATBO-01,1,LXI,A599,ADBAG,CN,2605
CN-2605-ZPPP-KATBO-01,2,ADBAG,R471,KATBO,CN,2605
CN-2605-ZPPP-LAMEN-01,1,NODIB,W137,LPS,CN,2605
CN-2605-ZPPP-LAMEN-01,2,LPS,A581,WHA,CN,2605
CN-2605-ZPPP-LAMEN-01,3,WHA,R343,PK,CN,2605
CN-2605-ZPPP-LAMEN-01,4,PK,W116,JTN,CN,2605
CN-2605-ZPPP-LAMEN-01,5,JTN,G327,LAMEN,CN,2605
CN-2605-ZPPP-LINSO-01,1,GULOT,A599,LINSO,CN,2605
CN-2605-ZPPP-MORIT-01,1,DADOL,W144,IGNAK,CN,2605
CN-2605-ZPPP-MORIT-01,2,IGNAK,W179,OMBON,CN,2605
CN-2605-ZPPP-MORIT-01,3,OMBON,W195,MORIT,CN,2605
CN-2605-ZPPP-RCBS-01,1,LXI,A599,POU,CN,2605
CN-2605-ZPPP-RCBS-01,2,POU,G471,SHL,CN,2605
CN-2605-ZPPP-RCBS-01,3,SHL,W22,GUBLO,CN,2605
CN-2605-ZPPP-RCBS-01,4,GUBLO,R200,OLDID,CN,2605
CN-2605-ZPPP-RCKH-01,1,LXI,A599,POU,CN,2605
CN-2605-ZPPP-RCKH-01,2,POU,G471,SHL,CN,2605
CN-2605-ZPPP-RCKH-01,3,SHL,W22,GUBLO,CN,2605
CN-2605-ZPPP-RCKH-01,4,GUBLO,R200,OLDID,CN,2605
CN-2605-ZPPP-RCMQ-01,1,LXI,A599,POU,CN,2605
CN-2605-ZPPP-RCMQ-01,2,POU,G471,SHL,CN,2605
CN-2605-ZPPP-RCMQ-01,3,SHL,W22,GUBLO,CN,2605
CN-2605-ZPPP-RCMQ-01,4,GUBLO,R200,OLDID,CN,2605
CN-2605-ZPPP-RCTP-01,1,LXI,A599,POU,CN,2605
CN-2605-ZPPP-RCTP-01,2,POU,G471,SHL,CN,2605
CN-2605-ZPPP-RCTP-01,3,SHL,W22,GUBLO,CN,2605
CN-2605-ZPPP-RCTP-01,4,GUBLO,R200,OLDID,CN,2605
CN-2605-ZPPP-RCYU-01,1,LXI,A599,POU,CN,2605
CN-2605-ZPPP-RCYU-01,2,POU,G471,SHL,CN,2605
CN-2605-ZPPP-RCYU-01,3,SHL,W22,GUBLO,CN,2605
CN-2605-ZPPP-RCYU-01,4,GUBLO,R200,OLDID,CN,2605
CN-2605-ZPPP-SAGAG-01,1,ELASU,A581,SAGAG,CN,2605
CN-2605-ZPPP-SARIN-01,1,DADOL,W144,IGNAK,CN,2605
CN-2605-ZPPP-SARIN-01,2,IGNAK,W179,OMBON,CN,2605
CN-2605-ZPPP-SARIN-01,3,OMBON,W195,IDOPA,CN,2605
CN-2605-ZPPP-SARIN-01,4,IDOPA,W197,ANDIM,CN,2605
CN-2605-ZPPP-SARIN-01,5,ANDIM,B215,IBANO,CN,2605
CN-2605-ZPPP-SARIN-01,6,IBANO,G470,AKLAS,CN,2605
CN-2605-ZPPP-SARIN-01,7,AKLAS,W192,FKG,CN,2605
CN-2605-ZPPP-SARIN-01,8,FKG,A368,SARIN,CN,2605
CN-2605-ZPPP-SARIN-02,1,DADOL,W144,IGNAK,CN,2605
CN-2605-ZPPP-SARIN-02,2,IGNAK,W179,OMBON,CN,2605
CN-2605-ZPPP-SARIN-02,3,OMBON,W195,ESPED,CN,2605
CN-2605-ZPPP-SARIN-02,4,ESPED,W66,NUKTI,CN,2605
CN-2605-ZPPP-SARIN-02,5,NUKTI,B215,FKG,CN,2605
CN-2605-ZPPP-SARIN-02,6,FKG,A368,SARIN,CN,2605
CN-2605-ZPPP-SIKOU-01,1,LXI,A599,BSE,CN,2605
CN-2605-ZPPP-SIKOU-01,2,BSE,R339,SIKOU,CN,2605
CN-2605-ZPPP-TAMOT-01,1,LXI,A599,POU,CN,2605
CN-2605-ZPPP-TAMOT-01,2,POU,B330,TAMOT,CN,2605
CN-2605-ZPPP-VHHH-01,1,LXI,A599,POU,CN,2605
CN-2605-ZPPP-VHHH-01,2,POU,R473,SIERA,CN,2605
CN-2605-ZPPP-VMMC-01,1,LXI,A599,POU,CN,2605
CN-2605-ZPPP-VMMC-01,2,POU,W7,SAREX,CN,2605
CN-2605-ZPPP-VMMC-01,3,SAREX,W6,LATOP,CN,2605
CN-2605-ZSAM-ASSAD-01,1,NUSPA,W597,IKATA,CN,2605
CN-2605-ZSAM-ASSAD-01,2,IKATA,A470,BEBEM,CN,2605
CN-2605-ZSAM-ASSAD-01,3,BEBEM,R200,BIGRO,CN,2605
CN-2605-ZSAM-ASSAD-01,4,BIGRO,G221,SAMAS,CN,2605
CN-2605-ZSAM-ASSAD-01,5,SAMAS,A202,ASSAD,CN,2605
CN-2605-ZSAM-KAMUD-01,1,DOVPU,W643,FOC,CN,2605
CN-2605-ZSAM-KAMUD-01,2,FOC,W644,AKAVO,CN,2605
CN-2605-ZSAM-KAMUD-01,3,AKAVO,A470,EMRID,CN,2605
CN-2605-ZSAM-KAMUD-01,4,EMRID,W135,DOGVI,CN,2605
CN-2605-ZSAM-KAMUD-01,5,DOGVI,A470,DPX,CN,2605
CN-2605-ZSAM-KAMUD-01,6,DPX,A593,DALIM,CN,2605
CN-2605-ZSAM-KAMUD-01,7,DALIM,W157,VYK,CN,2605
CN-2605-ZSAM-KAMUD-01,8,VYK,G212,SOTMU,CN,2605
CN-2605-ZSAM-KAMUD-01,9,SOTMU,B339,ASILA,CN,2605
CN-2605-ZSAM-KAMUD-01,10,ASILA,A575,UPREK,CN,2605
CN-2605-ZSAM-KAMUD-01,11,UPREK,W28,LAGEB,CN,2605
CN-2605-ZSAM-KAMUD-01,12,LAGEB,W66,NUKTI,CN,2605
CN-2605-ZSAM-KAMUD-01,13,NUKTI,B215,KABDO,CN,2605
CN-2605-ZSAM-KAMUD-01,14,KABDO,W119,LIMDO,CN,2605
CN-2605-ZSAM-KAMUD-01,15,LIMDO,A468,KAMUD,CN,2605
CN-2605-ZSAM-LAMEN-01,1,DOVPU,W643,FOC,CN,2605
CN-2605-ZSAM-LAMEN-01,2,FOC,W644,ANLUD,CN,2605
CN-2605-ZSAM-LAMEN-01,3,ANLUD,B221,DST,CN,2605
CN-2605-ZSAM-LAMEN-01,4,DST,W117,BEGMO,CN,2605
CN-2605-ZSAM-LAMEN-01,5,BEGMO,W13,LASAN,CN,2605
CN-2605-ZSAM-LAMEN-01,6,LASAN,G327,LAMEN,CN,2605
CN-2605-ZSAM-LINSO-01,1,NUSPA,W597,IKATA,CN,2605
CN-2605-ZSAM-LINSO-01,2,IKATA,A470,BEBEM,CN,2605
CN-2605-ZSAM-LINSO-01,3,BEBEM,R200,LH,CN,2605
CN-2605-ZSAM-LINSO-01,4,LH,R339,BSE,CN,2605
CN-2605-ZSAM-LINSO-01,5,BSE,A599,LINSO,CN,2605
CN-2605-ZSAM-MAGOG-01,1,NUSPA,W597,IKATA,CN,2605
CN-2605-ZSAM-MAGOG-01,2,IKATA,A470,MAGOG,CN,2605
CN-2605-ZSAM-NIXAL-01,1,DOVPU,W643,FOC,CN,2605
CN-2605-ZSAM-NIXAL-01,2,FOC,W644,AKAVO,CN,2605
CN-2605-ZSAM-NIXAL-01,3,AKAVO,A470,EMRID,CN,2605
CN-2605-ZSAM-NIXAL-01,4,EMRID,W135,DOGVI,CN,2605
CN-2605-ZSAM-NIXAL-01,5,DOGVI,W545,VEMEX,CN,2605
CN-2605-ZSAM-NIXAL-01,6,VEMEX,W163,HFE,CN,2605
CN-2605-ZSAM-NIXAL-01,7,HFE,B208,NIXAL,CN,2605
CN-2605-ZSAM-POLHO-01,1,DOVPU,W643,FOC,CN,2605
CN-2605-ZSAM-POLHO-01,2,FOC,W644,AKAVO,CN,2605
CN-2605-ZSAM-POLHO-01,3,AKAVO,A470,EMRID,CN,2605
CN-2605-ZSAM-POLHO-01,4,EMRID,W135,DOGVI,CN,2605
CN-2605-ZSAM-POLHO-01,5,DOGVI,A470,DPX,CN,2605
CN-2605-ZSAM-POLHO-01,6,DPX,A593,DALIM,CN,2605
CN-2605-ZSAM-POLHO-01,7,DALIM,W157,VYK,CN,2605
CN-2605-ZSAM-POLHO-01,8,VYK,G212,SOTMU,CN,2605
CN-2605-ZSAM-POLHO-01,9,SOTMU,B339,POLHO,CN,2605
CN-2605-ZSAM-RCKH-01,1,NUSPA,W597,IKATA,CN,2605
CN-2605-ZSAM-RCKH-01,2,IKATA,A470,BEBEM,CN,2605
CN-2605-ZSAM-RCKH-01,3,BEBEM,R200,OLDID,CN,2605
CN-2605-ZSAM-RCSS-01,1,NUSPA,W597,IKATA,CN,2605
CN-2605-ZSAM-RCSS-01,2,IKATA,A470,BEBEM,CN,2605
CN-2605-ZSAM-RCSS-01,3,BEBEM,R200,OLDID,CN,2605
CN-2605-ZSAM-RCTP-01,1,NUSPA,W597,IKATA,CN,2605
CN-2605-ZSAM-RCTP-01,2,IKATA,A470,BEBEM,CN,2605
CN-2605-ZSAM-RCTP-01,3,BEBEM,R200,OLDID,CN,2605
CN-2605-ZSAM-RCYU-01,1,NUSPA,W597,IKATA,CN,2605
CN-2605-ZSAM-RCYU-01,2,IKATA,A470,BEBEM,CN,2605
CN-2605-ZSAM-RCYU-01,3,BEBEM,R200,OLDID,CN,2605
CN-2605-ZSAM-TEBAK-01,1,NUSPA,W597,IKATA,CN,2605
CN-2605-ZSAM-TEBAK-01,2,IKATA,A470,BEBEM,CN,2605
CN-2605-ZSAM-TEBAK-01,3,BEBEM,R200,LH,CN,2605
CN-2605-ZSAM-TEBAK-01,4,LH,R339,WUY,CN,2605
CN-2605-ZSAM-TEBAK-01,5,WUY,R474,TEBAK,CN,2605
CN-2605-ZSAM-VHHH-01,1,NUSPA,W597,IKATA,CN,2605
CN-2605-ZSAM-VHHH-01,2,IKATA,A470,MAGOG,CN,2605
CN-2605-ZSAM-VMMC-01,1,NUSPA,W597,IKATA,CN,2605
CN-2605-ZSAM-VMMC-01,2,IKATA,A470,MAGOG,CN,2605
CN-2605-ZSCN-ASSAD-01,1,OSONO,W19,NOMAR,CN,2605
CN-2605-ZSCN-ASSAD-01,2,NOMAR,W18,NLG,CN,2605
CN-2605-ZSCN-ASSAD-01,3,NLG,W23,ZUH,CN,2605
CN-2605-ZSCN-ASSAD-01,4,ZUH,R200,BIGRO,CN,2605
CN-2605-ZSCN-ASSAD-01,5,BIGRO,G221,SAMAS,CN,2605
CN-2605-ZSCN-ASSAD-01,6,SAMAS,A202,ASSAD,CN,2605
CN-2605-ZSCN-LAMEN-01,1,PEXEK,W105,XSH,CN,2605
CN-2605-ZSCN-LAMEN-01,2,XSH,W50,HFE,CN,2605
CN-2605-ZSCN-LAMEN-01,3,HFE,R343,PK,CN,2605
CN-2605-ZSCN-LAMEN-01,4,PK,W116,JTN,CN,2605
CN-2605-ZSCN-LAMEN-01,5,JTN,G327,LAMEN,CN,2605
CN-2605-ZSCN-LAMEN-02,1,NCH,W105,XSH,CN,2605
CN-2605-ZSCN-LAMEN-02,2,XSH,W50,HFE,CN,2605
CN-2605-ZSCN-LAMEN-02,3,HFE,R343,PK,CN,2605
CN-2605-ZSCN-LAMEN-02,4,PK,W116,JTN,CN,2605
CN-2605-ZSCN-LAMEN-02,5,JTN,G327,LAMEN,CN,2605
CN-2605-ZSCN-LINSO-01,1,PEXEK,W105,XSH,CN,2605
CN-2605-ZSCN-LINSO-01,2,XSH,W80,IDGAG,CN,2605
CN-2605-ZSCN-LINSO-01,3,IDGAG,A581,QNX,CN,2605
CN-2605-ZSCN-LINSO-01,4,QNX,W136,XISLI,CN,2605
CN-2605-ZSCN-LINSO-01,5,XISLI,A581,SGM,CN,2605
CN-2605-ZSCN-LINSO-01,6,SGM,A599,LINSO,CN,2605
CN-2605-ZSCN-NIXAL-01,1,PEXEK,W105,XSH,CN,2605
CN-2605-ZSCN-NIXAL-01,2,XSH,W50,REPUV,CN,2605
CN-2605-ZSCN-NIXAL-01,3,REPUV,W56,OBMEP,CN,2605
CN-2605-ZSCN-NIXAL-01,4,OBMEP,B208,NIXAL,CN,2605
CN-2605-ZSCN-POLHO-01,1,BIRIR,W226,OBLUV,CN,2605
CN-2605-ZSCN-POLHO-01,2,OBLUV,W56,VYK,CN,2605
CN-2605-ZSCN-POLHO-01,3,VYK,G212,SOTMU,CN,2605
CN-2605-ZSCN-POLHO-01,4,SOTMU,B339,POLHO,CN,2605
CN-2605-ZSCN-RCKH-01,1,PEXEK,W105,XSH,CN,2605
CN-2605-ZSCN-RCKH-01,2,XSH,W50,HFE,CN,2605
CN-2605-ZSCN-RCKH-01,3,HFE,R343,UPLEL,CN,2605
CN-2605-ZSCN-RCKH-01,4,UPLEL,W95,SAPIN,CN,2605
CN-2605-ZSCN-RCKH-01,5,SAPIN,A470,BZ,CN,2605
CN-2605-ZSCN-RCKH-01,6,BZ,R596,SULEM,CN,2605
CN-2605-ZSCN-RCKH-02,1,OSONO,W19,NOMAR,CN,2605
CN-2605-ZSCN-RCKH-02,2,NOMAR,W18,TAMOT,CN,2605
CN-2605-ZSCN-RCTP-01,1,PEXEK,W105,XSH,CN,2605
CN-2605-ZSCN-RCTP-01,2,XSH,W50,HFE,CN,2605
CN-2605-ZSCN-RCTP-01,3,HFE,R343,UPLEL,CN,2605
CN-2605-ZSCN-RCTP-01,4,UPLEL,W95,SAPIN,CN,2605
CN-2605-ZSCN-RCTP-01,5,SAPIN,A470,BZ,CN,2605
CN-2605-ZSCN-RCTP-01,6,BZ,R596,SULEM,CN,2605
CN-2605-ZSCN-RCYU-01,1,PEXEK,W105,XSH,CN,2605
CN-2605-ZSCN-RCYU-01,2,XSH,W50,HFE,CN,2605
CN-2605-ZSCN-RCYU-01,3,HFE,R343,UPLEL,CN,2605
CN-2605-ZSCN-RCYU-01,4,UPLEL,W95,SAPIN,CN,2605
CN-2605-ZSCN-RCYU-01,5,SAPIN,A470,BZ,CN,2605
CN-2605-ZSCN-RCYU-01,6,BZ,R596,SULEM,CN,2605
CN-2605-ZSCN-RULAD-01,1,PEXEK,W105,XSH,CN,2605
CN-2605-ZSCN-RULAD-01,2,XSH,W50,REPUV,CN,2605
CN-2605-ZSCN-RULAD-01,3,REPUV,W56,OBMEP,CN,2605
CN-2605-ZSCN-RULAD-01,4,OBMEP,B208,LAXAG,CN,2605
CN-2605-ZSCN-RULAD-01,5,LAXAG,W28,LAGEB,CN,2605
CN-2605-ZSCN-RULAD-01,6,LAGEB,W66,NUKTI,CN,2605
CN-2605-ZSCN-RULAD-01,7,NUKTI,B215,KABDO,CN,2605
CN-2605-ZSCN-RULAD-01,8,KABDO,W119,GOBOK,CN,2605
CN-2605-ZSCN-RULAD-01,9,GOBOK,A343,RULAD,CN,2605
CN-2605-ZSCN-SARIN-01,1,PEXEK,W105,XSH,CN,2605
CN-2605-ZSCN-SARIN-01,2,XSH,W50,REPUV,CN,2605
CN-2605-ZSCN-SARIN-01,3,REPUV,W56,OBMEP,CN,2605
CN-2605-ZSCN-SARIN-01,4,OBMEP,B208,LAXAG,CN,2605
CN-2605-ZSCN-SARIN-01,5,LAXAG,W28,LAGEB,CN,2605
CN-2605-ZSCN-SARIN-01,6,LAGEB,W66,NUKTI,CN,2605
CN-2605-ZSCN-SARIN-01,7,NUKTI,B215,FKG,CN,2605
CN-2605-ZSCN-SARIN-01,8,FKG,A368,SARIN,CN,2605
CN-2605-ZSCN-TAMOT-01,1,OSONO,W19,NOMAR,CN,2605
CN-2605-ZSCN-TAMOT-01,2,NOMAR,W18,TAMOT,CN,2605
CN-2605-ZSCN-TEBAK-01,1,BIRIR,W226,OLTUS,CN,2605
CN-2605-ZSCN-TEBAK-01,2,OLTUS,R343,WUY,CN,2605
CN-2605-ZSCN-TEBAK-01,3,WUY,R474,TEBAK,CN,2605
CN-2605-ZSCN-VHHH-01,1,OSONO,W19,NOMAR,CN,2605
CN-2605-ZSCN-VHHH-01,2,NOMAR,W18,NLG,CN,2605
CN-2605-ZSCN-VHHH-01,3,NLG,W23,ZUH,CN,2605
CN-2605-ZSCN-VHHH-01,4,ZUH,R473,SIERA,CN,2605
CN-2605-ZSCN-VMMC-01,1,OSONO,W19,ATKAV,CN,2605
CN-2605-ZSCN-VMMC-01,2,ATKAV,W20,SALIV,CN,2605
CN-2605-ZSCN-VMMC-01,3,SALIV,R473,NOLON,CN,2605
CN-2605-ZSCN-VMMC-01,4,NOLON,W90,POU,CN,2605
CN-2605-ZSCN-VMMC-01,5,POU,W7,SAREX,CN,2605
CN-2605-ZSCN-VMMC-01,6,SAREX,W6,LATOP,CN,2605
CN-2605-ZSFZ-ASSAD-01,1,DOVPU,W643,ATSAB,CN,2605
CN-2605-ZSFZ-ASSAD-01,2,ATSAB,A470,BEBEM,CN,2605
CN-2605-ZSFZ-ASSAD-01,3,BEBEM,R200,BIGRO,CN,2605
CN-2605-ZSFZ-ASSAD-01,4,BIGRO,G221,SAMAS,CN,2605
CN-2605-ZSFZ-ASSAD-01,5,SAMAS,A202,ASSAD,CN,2605
CN-2605-ZSFZ-LAMEN-01,1,LJG,B221,DST,CN,2605
CN-2605-ZSFZ-LAMEN-01,2,DST,W117,BEGMO,CN,2605
CN-2605-ZSFZ-LAMEN-01,3,BEGMO,W13,LASAN,CN,2605
CN-2605-ZSFZ-LAMEN-01,4,LASAN,G327,LAMEN,CN,2605
CN-2605-ZSFZ-LINSO-01,1,DOVPU,W643,ATSAB,CN,2605
CN-2605-ZSFZ-LINSO-01,2,ATSAB,A470,BEBEM,CN,2605
CN-2605-ZSFZ-LINSO-01,3,BEBEM,R200,LH,CN,2605
CN-2605-ZSFZ-LINSO-01,4,LH,R339,BSE,CN,2605
CN-2605-ZSFZ-LINSO-01,5,BSE,A599,LINSO,CN,2605
CN-2605-ZSFZ-MAGOG-01,1,DOVPU,W643,ATSAB,CN,2605
CN-2605-ZSFZ-MAGOG-01,2,ATSAB,A470,MAGOG,CN,2605
CN-2605-ZSFZ-NIXAL-01,1,BZ,A470,EMRID,CN,2605
CN-2605-ZSFZ-NIXAL-01,2,EMRID,W135,DOGVI,CN,2605
CN-2605-ZSFZ-NIXAL-01,3,DOGVI,W545,VEMEX,CN,2605
CN-2605-ZSFZ-NIXAL-01,4,VEMEX,W163,HFE,CN,2605
CN-2605-ZSFZ-NIXAL-01,5,HFE,B208,NIXAL,CN,2605
CN-2605-ZSFZ-POLHO-01,1,BZ,A470,EMRID,CN,2605
CN-2605-ZSFZ-POLHO-01,2,EMRID,W135,DOGVI,CN,2605
CN-2605-ZSFZ-POLHO-01,3,DOGVI,A470,DPX,CN,2605
CN-2605-ZSFZ-POLHO-01,4,DPX,A593,DALIM,CN,2605
CN-2605-ZSFZ-POLHO-01,5,DALIM,W157,VYK,CN,2605
CN-2605-ZSFZ-POLHO-01,6,VYK,G212,SOTMU,CN,2605
CN-2605-ZSFZ-POLHO-01,7,SOTMU,B339,POLHO,CN,2605
CN-2605-ZSFZ-RCKH-01,1,LJG,B221,DST,CN,2605
CN-2605-ZSFZ-RCKH-01,2,DST,R596,SULEM,CN,2605
CN-2605-ZSFZ-RCKH-02,1,DOVPU,W643,ATSAB,CN,2605
CN-2605-ZSFZ-RCKH-02,2,ATSAB,A470,BEBEM,CN,2605
CN-2605-ZSFZ-RCKH-02,3,BEBEM,R200,OLDID,CN,2605
CN-2605-ZSFZ-RCSS-01,1,LJG,B221,DST,CN,2605
CN-2605-ZSFZ-RCSS-01,2,DST,R596,SULEM,CN,2605
CN-2605-ZSFZ-RCTP-01,1,LJG,B221,DST,CN,2605
CN-2605-ZSFZ-RCTP-01,2,DST,R596,SULEM,CN,2605
CN-2605-ZSFZ-RCYU-01,1,LJG,B221,DST,CN,2605
CN-2605-ZSFZ-RCYU-01,2,DST,R596,SULEM,CN,2605
CN-2605-ZSFZ-VHHH-01,1,DOVPU,W643,ATSAB,CN,2605
CN-2605-ZSFZ-VHHH-01,2,ATSAB,A470,MAGOG,CN,2605
CN-2605-ZSFZ-VMMC-01,1,DOVPU,W643,ATSAB,CN,2605
CN-2605-ZSFZ-VMMC-01,2,ATSAB,A470,MAGOG,CN,2605
CN-2605-ZSHC-ASSAD-01,1,ELNEX,A599,PLT,CN,2605
CN-2605-ZSHC-ASSAD-01,2,PLT,W19,NOMAR,CN,2605
CN-2605-ZSHC-ASSAD-01,3,NOMAR,W18,NLG,CN,2605
CN-2605-ZSHC-ASSAD-01,4,NLG,W23,ZUH,CN,2605
CN-2605-ZSHC-ASSAD-01,5,ZUH,R200,BIGRO,CN,2605
CN-2605-ZSHC-ASSAD-01,6,BIGRO,G221,SAMAS,CN,2605
CN-2605-ZSHC-ASSAD-01,7,SAMAS,A202,ASSAD,CN,2605
CN-2605-ZSHC-ASSAD-02,1,UGAGO,A470,BEBEM,CN,2605
CN-2605-ZSHC-ASSAD-02,2,BEBEM,R200,BIGRO,CN,2605
CN-2605-ZSHC-ASSAD-02,3,BIGRO,G221,SAMAS,CN,2605
CN-2605-ZSHC-ASSAD-02,4,SAMAS,A202,ASSAD,CN,2605
CN-2605-ZSHC-BUNTA-01,1,ELNEX,A599,PLT,CN,2605
CN-2605-ZSHC-BUNTA-01,2,PLT,W19,NOMAR,CN,2605
CN-2605-ZSHC-BUNTA-01,3,NOMAR,W18,NLG,CN,2605
CN-2605-ZSHC-BUNTA-01,4,NLG,W23,ZUH,CN,2605
CN-2605-ZSHC-BUNTA-01,5,ZUH,R200,BIGRO,CN,2605
CN-2605-ZSHC-BUNTA-01,6,BIGRO,G221,BUNTA,CN,2605
CN-2605-ZSHC-INTIK-01,1,NIVIK,W135,DOGVI,CN,2605
CN-2605-ZSHC-INTIK-01,2,DOGVI,A470,DPX,CN,2605
CN-2605-ZSHC-INTIK-01,3,DPX,A593,DALIM,CN,2605
CN-2605-ZSHC-INTIK-01,4,DALIM,W157,VYK,CN,2605
CN-2605-ZSHC-INTIK-01,5,VYK,G212,SOTMU,CN,2605
CN-2605-ZSHC-INTIK-01,6,SOTMU,B339,ASILA,CN,2605
CN-2605-ZSHC-INTIK-01,7,ASILA,A575,INTIK,CN,2605
CN-2605-ZSHC-LAMEN-01,1,DSH,W505,SUPAR,CN,2605
CN-2605-ZSHC-LAMEN-01,2,SUPAR,B221,NINAS,CN,2605
CN-2605-ZSHC-LAMEN-01,3,NINAS,G327,LAMEN,CN,2605
CN-2605-ZSHC-LINSO-01,1,NIVIK,W135,DOGVI,CN,2605
CN-2605-ZSHC-LINSO-01,2,DOGVI,W545,VEMEX,CN,2605
CN-2605-ZSHC-LINSO-01,3,VEMEX,W73,MADUK,CN,2605
CN-2605-ZSHC-LINSO-01,4,MADUK,W51,LEGIV,CN,2605
CN-2605-ZSHC-LINSO-01,5,LEGIV,W164,ADGOL,CN,2605
CN-2605-ZSHC-LINSO-01,6,ADGOL,W50,XSH,CN,2605
CN-2605-ZSHC-LINSO-01,7,XSH,W80,IDGAG,CN,2605
CN-2605-ZSHC-LINSO-01,8,IDGAG,A581,QNX,CN,2605
CN-2605-ZSHC-LINSO-01,9,QNX,W136,XISLI,CN,2605
CN-2605-ZSHC-LINSO-01,10,XISLI,A581,SGM,CN,2605
CN-2605-ZSHC-LINSO-01,11,SGM,A599,LINSO,CN,2605
CN-2605-ZSHC-MAGOG-01,1,UGAGO,A470,MAGOG,CN,2605
CN-2605-ZSHC-NIXAL-01,1,NIVIK,W135,DOGVI,CN,2605
CN-2605-ZSHC-NIXAL-01,2,DOGVI,W545,VEMEX,CN,2605
CN-2605-ZSHC-NIXAL-01,3,VEMEX,W163,HFE,CN,2605
CN-2605-ZSHC-NIXAL-01,4,HFE,B208,NIXAL,CN,2605
CN-2605-ZSHC-POLHO-01,1,NIVIK,W135,DOGVI,CN,2605
CN-2605-ZSHC-POLHO-01,2,DOGVI,A470,DPX,CN,2605
CN-2605-ZSHC-POLHO-01,3,DPX,A593,DALIM,CN,2605
CN-2605-ZSHC-POLHO-01,4,DALIM,W157,VYK,CN,2605
CN-2605-ZSHC-POLHO-01,5,VYK,G212,SOTMU,CN,2605
CN-2605-ZSHC-POLHO-01,6,SOTMU,B339,POLHO,CN,2605
CN-2605-ZSHC-RCKH-01,1,UGAGO,A470,BZ,CN,2605
CN-2605-ZSHC-RCKH-01,2,BZ,R596,SULEM,CN,2605
CN-2605-ZSHC-RCSS-01,1,UGAGO,A470,BZ,CN,2605
CN-2605-ZSHC-RCSS-01,2,BZ,R596,SULEM,CN,2605
CN-2605-ZSHC-RCTP-01,1,UGAGO,A470,BZ,CN,2605
CN-2605-ZSHC-RCTP-01,2,BZ,R596,SULEM,CN,2605
CN-2605-ZSHC-RCYU-01,1,UGAGO,A470,BZ,CN,2605
CN-2605-ZSHC-RCYU-01,2,BZ,R596,SULEM,CN,2605
CN-2605-ZSHC-SARIN-01,1,NIVIK,W135,DOGVI,CN,2605
CN-2605-ZSHC-SARIN-01,2,DOGVI,W545,VEMEX,CN,2605
CN-2605-ZSHC-SARIN-01,3,VEMEX,W163,HFE,CN,2605
CN-2605-ZSHC-SARIN-01,4,HFE,B208,LAXAG,CN,2605
CN-2605-ZSHC-SARIN-01,5,LAXAG,W28,LAGEB,CN,2605
CN-2605-ZSHC-SARIN-01,6,LAGEB,W66,NUKTI,CN,2605
CN-2605-ZSHC-SARIN-01,7,NUKTI,B215,FKG,CN,2605
CN-2605-ZSHC-SARIN-01,8,FKG,A368,SARIN,CN,2605
CN-2605-ZSHC-TAMOT-01,1,ELNEX,A599,PLT,CN,2605
CN-2605-ZSHC-TAMOT-01,2,PLT,W19,NOMAR,CN,2605
CN-2605-ZSHC-TAMOT-01,3,NOMAR,W18,TAMOT,CN,2605
CN-2605-ZSHC-TEBAK-01,1,ELNEX,A599,GYA,CN,2605
CN-2605-ZSHC-TEBAK-01,2,GYA,R474,TEBAK,CN,2605
CN-2605-ZSHC-VHHH-01,1,UGAGO,A470,MAGOG,CN,2605
CN-2605-ZSHC-VMMC-01,1,UGAGO,A470,MAGOG,CN,2605
CN-2605-ZSJN-AGAVO-01,1,BASOV,W4,IKEKA,CN,2605
CN-2605-ZSJN-AGAVO-01,2,IKEKA,A591,AGAVO,CN,2605
CN-2605-ZSJN-LAMEN-01,1,ABTUB,A593,PK,CN,2605
CN-2605-ZSJN-LAMEN-01,2,PK,W116,JTN,CN,2605
CN-2605-ZSJN-LAMEN-01,3,JTN,G327,LAMEN,CN,2605
CN-2605-ZSJN-LINSO-01,1,EXUVU,W4,IPNIT,CN,2605
CN-2605-ZSJN-LINSO-01,2,IPNIT,W37,DUBAS,CN,2605
CN-2605-ZSJN-LINSO-01,3,DUBAS,R343,WHA,CN,2605
CN-2605-ZSJN-LINSO-01,4,WHA,A581,QNX,CN,2605
CN-2605-ZSJN-LINSO-01,5,QNX,W136,XISLI,CN,2605
CN-2605-ZSJN-LINSO-01,6,XISLI,A581,SGM,CN,2605
CN-2605-ZSJN-LINSO-01,7,SGM,A599,LINSO,CN,2605
CN-2605-ZSJN-RCKH-01,1,ABTUB,A593,PK,CN,2605
CN-2605-ZSJN-RCKH-01,2,PK,W116,JTN,CN,2605
CN-2605-ZSJN-RCKH-01,3,JTN,G327,BOLEX,CN,2605
CN-2605-ZSJN-RCKH-01,4,BOLEX,B591,KASKA,CN,2605
CN-2605-ZSJN-RCMQ-01,1,ABTUB,A593,PK,CN,2605
CN-2605-ZSJN-RCMQ-01,2,PK,W116,JTN,CN,2605
CN-2605-ZSJN-RCMQ-01,3,JTN,G327,BOLEX,CN,2605
CN-2605-ZSJN-RCMQ-01,4,BOLEX,B591,KASKA,CN,2605
CN-2605-ZSJN-RCTP-01,1,ABTUB,A593,PK,CN,2605
CN-2605-ZSJN-RCTP-01,2,PK,W116,JTN,CN,2605
CN-2605-ZSJN-RCTP-01,3,JTN,G327,BOLEX,CN,2605
CN-2605-ZSJN-RCTP-01,4,BOLEX,B591,KASKA,CN,2605
CN-2605-ZSJN-RCYU-01,1,ABTUB,A593,PK,CN,2605
CN-2605-ZSJN-RCYU-01,2,PK,W116,JTN,CN,2605
CN-2605-ZSJN-RCYU-01,3,JTN,G327,BOLEX,CN,2605
CN-2605-ZSJN-RCYU-01,4,BOLEX,B591,KASKA,CN,2605
CN-2605-ZSJN-SAGAG-01,1,EXUVU,W4,LIMGI,CN,2605
CN-2605-ZSJN-SAGAG-01,2,LIMGI,W152,URGOD,CN,2605
CN-2605-ZSJN-SAGAG-01,3,URGOD,W278,AVDIG,CN,2605
CN-2605-ZSJN-SAGAG-01,4,AVDIG,W276,ARELA,CN,2605
CN-2605-ZSJN-SAGAG-01,5,ARELA,W30,XFA,CN,2605
CN-2605-ZSJN-SAGAG-01,6,XFA,A581,SAGAG,CN,2605
CN-2605-ZSJN-TAMOT-01,1,EXUVU,W4,IPNIT,CN,2605
CN-2605-ZSJN-TAMOT-01,2,IPNIT,W37,OMBEB,CN,2605
CN-2605-ZSJN-TAMOT-01,3,OMBEB,R473,WYN,CN,2605
CN-2605-ZSJN-TAMOT-01,4,WYN,W18,TAMOT,CN,2605
CN-2605-ZSJN-TEBAK-01,1,EXUVU,W4,IPNIT,CN,2605
CN-2605-ZSJN-TEBAK-01,2,IPNIT,W37,OLMIB,CN,2605
CN-2605-ZSJN-TEBAK-01,3,OLMIB,W83,GOSMA,CN,2605
CN-2605-ZSJN-TEBAK-01,4,GOSMA,R343,WUY,CN,2605
CN-2605-ZSJN-TEBAK-01,5,WUY,R474,TEBAK,CN,2605
CN-2605-ZSJN-VHHH-01,1,EXUVU,W4,IPNIT,CN,2605
CN-2605-ZSJN-VHHH-01,2,IPNIT,W37,OMBEB,CN,2605
CN-2605-ZSJN-VHHH-01,3,OMBEB,R473,WYN,CN,2605
CN-2605-ZSJN-VHHH-01,4,WYN,W18,NLG,CN,2605
CN-2605-ZSJN-VHHH-01,5,NLG,W23,ZUH,CN,2605
CN-2605-ZSJN-VHHH-01,6,ZUH,R473,SIERA,CN,2605
CN-2605-ZSLY-TAMOT-01,1,AVPEP,A593,DPX,CN,2605
CN-2605-ZSLY-TAMOT-01,2,DPX,W126,DO,CN,2605
CN-2605-ZSLY-TAMOT-01,3,DO,W125,XUZ,CN,2605
CN-2605-ZSLY-TAMOT-01,4,XUZ,W127,HFE,CN,2605
CN-2605-ZSLY-TAMOT-01,5,HFE,W50,XSH,CN,2605
CN-2605-ZSLY-TAMOT-01,6,XSH,W80,UDUMI,CN,2605
CN-2605-ZSLY-TAMOT-01,7,UDUMI,W37,OMBEB,CN,2605
CN-2605-ZSLY-TAMOT-01,8,OMBEB,R473,WYN,CN,2605
CN-2605-ZSLY-TAMOT-01,9,WYN,W18,TAMOT,CN,2605
CN-2605-ZSLY-TEBAK-01,1,AVPEP,A593,DPX,CN,2605
CN-2605-ZSLY-TEBAK-01,2,DPX,W126,DO,CN,2605
CN-2605-ZSLY-TEBAK-01,3,DO,W125,XUZ,CN,2605
CN-2605-ZSLY-TEBAK-01,4,XUZ,W127,HFE,CN,2605
CN-2605-ZSLY-TEBAK-01,5,HFE,W50,XSH,CN,2605
CN-2605-ZSLY-TEBAK-01,6,XSH,W80,UDUMI,CN,2605
CN-2605-ZSLY-TEBAK-01,7,UDUMI,W37,OLMIB,CN,2605
CN-2605-ZSLY-TEBAK-01,8,OLMIB,W83,GOSMA,CN,2605
CN-2605-ZSLY-TEBAK-01,9,GOSMA,R343,WUY,CN,2605
CN-2605-ZSLY-TEBAK-01,10,WUY,R474,TEBAK,CN,2605
CN-2605-ZSNB-ASSAD-01,1,SHZ,B221,LJG,CN,2605
CN-2605-ZSNB-ASSAD-01,2,LJG,A470,BEBEM,CN,2605
CN-2605-ZSNB-ASSAD-01,3,BEBEM,R200,BIGRO,CN,2605
CN-2605-ZSNB-ASSAD-01,4,BIGRO,G221,SAMAS,CN,2605
CN-2605-ZSNB-ASSAD-01,5,SAMAS,A202,ASSAD,CN,2605
CN-2605-ZSNB-LAMEN-01,1,OVNEV,W67,HSN,CN,2605
CN-2605-ZSNB-LAMEN-01,2,HSN,W13,LASAN,CN,2605
CN-2605-ZSNB-LAMEN-01,3,LASAN,G327,LAMEN,CN,2605
CN-2605-ZSNB-LINSO-01,1,SHZ,G204,UGAGO,CN,2605
CN-2605-ZSNB-LINSO-01,2,UGAGO,A470,TOL,CN,2605
CN-2605-ZSNB-LINSO-01,3,TOL,A599,KAKIS,CN,2605
CN-2605-ZSNB-LINSO-01,4,KAKIS,W135,DOGVI,CN,2605
CN-2605-ZSNB-LINSO-01,5,DOGVI,W545,VEMEX,CN,2605
CN-2605-ZSNB-LINSO-01,6,VEMEX,W73,MADUK,CN,2605
CN-2605-ZSNB-LINSO-01,7,MADUK,W51,LEGIV,CN,2605
CN-2605-ZSNB-LINSO-01,8,LEGIV,W164,ADGOL,CN,2605
CN-2605-ZSNB-LINSO-01,9,ADGOL,W50,XSH,CN,2605
CN-2605-ZSNB-LINSO-01,10,XSH,W80,IDGAG,CN,2605
CN-2605-ZSNB-LINSO-01,11,IDGAG,A581,QNX,CN,2605
CN-2605-ZSNB-LINSO-01,12,QNX,W136,XISLI,CN,2605
CN-2605-ZSNB-LINSO-01,13,XISLI,A581,SGM,CN,2605
CN-2605-ZSNB-LINSO-01,14,SGM,A599,LINSO,CN,2605
CN-2605-ZSNB-MAGOG-01,1,SHZ,B221,LJG,CN,2605
CN-2605-ZSNB-MAGOG-01,2,LJG,A470,MAGOG,CN,2605
CN-2605-ZSNB-RCKH-01,1,SHZ,B221,DST,CN,2605
CN-2605-ZSNB-RCKH-01,2,DST,R596,SULEM,CN,2605
CN-2605-ZSNB-RCTP-01,1,SHZ,B221,DST,CN,2605
CN-2605-ZSNB-RCTP-01,2,DST,R596,SULEM,CN,2605
CN-2605-ZSNB-RCYU-01,1,SHZ,B221,DST,CN,2605
CN-2605-ZSNB-RCYU-01,2,DST,R596,SULEM,CN,2605
CN-2605-ZSNB-TEBAK-01,1,SHZ,G204,ELNEX,CN,2605
CN-2605-ZSNB-TEBAK-01,2,ELNEX,A599,GYA,CN,2605
CN-2605-ZSNB-TEBAK-01,3,GYA,R474,TEBAK,CN,2605
CN-2605-ZSNB-TEBAK-02,1,BK,W58,SHZ,CN,2605
CN-2605-ZSNB-TEBAK-02,2,SHZ,G204,ELNEX,CN,2605
CN-2605-ZSNB-TEBAK-02,3,ELNEX,A599,GYA,CN,2605
CN-2605-ZSNB-TEBAK-02,4,GYA,R474,TEBAK,CN,2605
CN-2605-ZSNB-VHHH-01,1,SHZ,B221,LJG,CN,2605
CN-2605-ZSNB-VHHH-01,2,LJG,A470,MAGOG,CN,2605
CN-2605-ZSNB-VMMC-01,1,SHZ,B221,LJG,CN,2605
CN-2605-ZSNB-VMMC-01,2,LJG,A470,MAGOG,CN,2605
CN-2605-ZSNJ-AGAVO-01,1,OF,W178,LAGAL,CN,2605
CN-2605-ZSNJ-AGAVO-01,2,LAGAL,W525,HUN,CN,2605
CN-2605-ZSNJ-AGAVO-01,3,HUN,W177,YCH,CN,2605
CN-2605-ZSNJ-AGAVO-01,4,YCH,W113,IKADI,CN,2605
CN-2605-ZSNJ-AGAVO-01,5,IKADI,A326,OMLIB,CN,2605
CN-2605-ZSNJ-AGAVO-01,6,OMLIB,W209,AGAVO,CN,2605
CN-2605-ZSNJ-AGAVO-02,1,OF,W185,YCH,CN,2605
CN-2605-ZSNJ-AGAVO-02,2,YCH,W113,IKADI,CN,2605
CN-2605-ZSNJ-AGAVO-02,3,IKADI,A326,OMLIB,CN,2605
CN-2605-ZSNJ-AGAVO-02,4,OMLIB,W209,AGAVO,CN,2605
CN-2605-ZSNJ-ARGUK-01,1,OF,A470,DPX,CN,2605
CN-2605-ZSNJ-ARGUK-01,2,DPX,A593,DALIM,CN,2605
CN-2605-ZSNJ-ARGUK-01,3,DALIM,W157,VYK,CN,2605
CN-2605-ZSNJ-ARGUK-01,4,VYK,G212,SOTMU,CN,2605
CN-2605-ZSNJ-ARGUK-01,5,SOTMU,B339,HUR,CN,2605
CN-2605-ZSNJ-ARGUK-01,6,HUR,B334,TGO,CN,2605
CN-2605-ZSNJ-ARGUK-01,7,TGO,G212,ARGUK,CN,2605
CN-2605-ZSNJ-ASSAD-01,1,TESIG,A470,DUBGO,CN,2605
CN-2605-ZSNJ-ASSAD-01,2,DUBGO,W134,ELNEX,CN,2605
CN-2605-ZSNJ-ASSAD-01,3,ELNEX,A599,PLT,CN,2605
CN-2605-ZSNJ-ASSAD-01,4,PLT,W19,NOMAR,CN,2605
CN-2605-ZSNJ-ASSAD-01,5,NOMAR,W18,NLG,CN,2605
CN-2605-ZSNJ-ASSAD-01,6,NLG,W23,ZUH,CN,2605
CN-2605-ZSNJ-ASSAD-01,7,ZUH,R200,BIGRO,CN,2605
CN-2605-ZSNJ-ASSAD-01,8,BIGRO,G221,SAMAS,CN,2605
CN-2605-ZSNJ-ASSAD-01,9,SAMAS,A202,ASSAD,CN,2605
CN-2605-ZSNJ-BISUN-01,1,OF,A470,DPX,CN,2605
CN-2605-ZSNJ-BISUN-01,2,DPX,A593,DALIM,CN,2605
CN-2605-ZSNJ-BISUN-01,3,DALIM,W157,VYK,CN,2605
CN-2605-ZSNJ-BISUN-01,4,VYK,G212,SOTMU,CN,2605
CN-2605-ZSNJ-BISUN-01,5,SOTMU,B339,HUR,CN,2605
CN-2605-ZSNJ-BISUN-01,6,HUR,B334,TGO,CN,2605
CN-2605-ZSNJ-BISUN-01,7,TGO,G341,WQG,CN,2605
CN-2605-ZSNJ-BISUN-01,8,WQG,B451,BISUN,CN,2605
CN-2605-ZSNJ-INTIK-01,1,HFE,B208,HET,CN,2605
CN-2605-ZSNJ-INTIK-01,2,HET,W32,INTIK,CN,2605
CN-2605-ZSNJ-KAMUD-01,1,HFE,W50,XSH,CN,2605
CN-2605-ZSNJ-KAMUD-01,2,XSH,W80,WFX,CN,2605
CN-2605-ZSNJ-KAMUD-01,3,WFX,W179,OMBON,CN,2605
CN-2605-ZSNJ-KAMUD-01,4,OMBON,W195,IDOPA,CN,2605
CN-2605-ZSNJ-KAMUD-01,5,IDOPA,W197,ANDIM,CN,2605
CN-2605-ZSNJ-KAMUD-01,6,ANDIM,B215,IBANO,CN,2605
CN-2605-ZSNJ-KAMUD-01,7,IBANO,G470,AKLAS,CN,2605
CN-2605-ZSNJ-KAMUD-01,8,AKLAS,W192,FKG,CN,2605
CN-2605-ZSNJ-KAMUD-01,9,FKG,B215,KABDO,CN,2605
CN-2605-ZSNJ-KAMUD-01,10,KABDO,W119,LIMDO,CN,2605
CN-2605-ZSNJ-KAMUD-01,11,LIMDO,A468,KAMUD,CN,2605
CN-2605-ZSNJ-LAMEN-01,1,ESBAG,R343,PK,CN,2605
CN-2605-ZSNJ-LAMEN-01,2,PK,W116,JTN,CN,2605
CN-2605-ZSNJ-LAMEN-01,3,JTN,G327,LAMEN,CN,2605
CN-2605-ZSNJ-LAMEN-02,1,OF,W185,YCH,CN,2605
CN-2605-ZSNJ-LAMEN-02,2,YCH,W113,SOSMA,CN,2605
CN-2605-ZSNJ-LAMEN-02,3,SOSMA,W108,MATNU,CN,2605
CN-2605-ZSNJ-LAMEN-02,4,MATNU,G455,LAMEN,CN,2605
CN-2605-ZSNJ-LAMEN-03,1,OF,W185,YCH,CN,2605
CN-2605-ZSNJ-LAMEN-03,2,YCH,W113,IKADI,CN,2605
CN-2605-ZSNJ-LAMEN-03,3,IKADI,A326,SURAK,CN,2605
CN-2605-ZSNJ-LAMEN-03,4,SURAK,G455,LAMEN,CN,2605
CN-2605-ZSNJ-LINSO-01,1,HFE,W50,XSH,CN,2605
CN-2605-ZSNJ-LINSO-01,2,XSH,W80,IDGAG,CN,2605
CN-2605-ZSNJ-LINSO-01,3,IDGAG,A581,QNX,CN,2605
CN-2605-ZSNJ-LINSO-01,4,QNX,W136,XISLI,CN,2605
CN-2605-ZSNJ-LINSO-01,5,XISLI,A581,SGM,CN,2605
CN-2605-ZSNJ-LINSO-01,6,SGM,A599,LINSO,CN,2605
CN-2605-ZSNJ-MAGOG-01,1,TESIG,A470,MAGOG,CN,2605
CN-2605-ZSNJ-NIXAL-01,1,HFE,B208,NIXAL,CN,2605
CN-2605-ZSNJ-POLHO-01,1,OF,A470,DPX,CN,2605
CN-2605-ZSNJ-POLHO-01,2,DPX,A593,DALIM,CN,2605
CN-2605-ZSNJ-POLHO-01,3,DALIM,W157,VYK,CN,2605
CN-2605-ZSNJ-POLHO-01,4,VYK,G212,SOTMU,CN,2605
CN-2605-ZSNJ-POLHO-01,5,SOTMU,B339,POLHO,CN,2605
CN-2605-ZSNJ-RCKH-01,1,TESIG,A470,BZ,CN,2605
CN-2605-ZSNJ-RCKH-01,2,BZ,R596,SULEM,CN,2605
CN-2605-ZSNJ-RCMQ-01,1,TESIG,A470,BZ,CN,2605
CN-2605-ZSNJ-RCMQ-01,2,BZ,R596,SULEM,CN,2605
CN-2605-ZSNJ-RCTP-01,1,TESIG,A470,BZ,CN,2605
CN-2605-ZSNJ-RCTP-01,2,BZ,R596,SULEM,CN,2605
CN-2605-ZSNJ-RCYU-01,1,TESIG,A470,BZ,CN,2605
CN-2605-ZSNJ-RCYU-01,2,BZ,R596,SULEM,CN,2605
CN-2605-ZSNJ-SAGAG-01,1,HFE,W50,XSH,CN,2605
CN-2605-ZSNJ-SAGAG-01,2,XSH,W80,IDGAG,CN,2605
CN-2605-ZSNJ-SAGAG-01,3,IDGAG,A581,QNX,CN,2605
CN-2605-ZSNJ-SAGAG-01,4,QNX,W136,XISLI,CN,2605
CN-2605-ZSNJ-SAGAG-01,5,XISLI,A581,SAGAG,CN,2605
CN-2605-ZSNJ-SARIN-01,1,HFE,W50,XSH,CN,2605
CN-2605-ZSNJ-SARIN-01,2,XSH,W80,WFX,CN,2605
CN-2605-ZSNJ-SARIN-01,3,WFX,W179,OMBON,CN,2605
CN-2605-ZSNJ-SARIN-01,4,OMBON,W195,IDOPA,CN,2605
CN-2605-ZSNJ-SARIN-01,5,IDOPA,W197,ANDIM,CN,2605
CN-2605-ZSNJ-SARIN-01,6,ANDIM,B215,IBANO,CN,2605
CN-2605-ZSNJ-SARIN-01,7,IBANO,G470,AKLAS,CN,2605
CN-2605-ZSNJ-SARIN-01,8,AKLAS,W192,FKG,CN,2605
CN-2605-ZSNJ-SARIN-01,9,FKG,A368,SARIN,CN,2605
CN-2605-ZSNJ-TAMOT-01,1,TESIG,A470,DUBGO,CN,2605
CN-2605-ZSNJ-TAMOT-01,2,DUBGO,W134,ELNEX,CN,2605
CN-2605-ZSNJ-TAMOT-01,3,ELNEX,A599,PLT,CN,2605
CN-2605-ZSNJ-TAMOT-01,4,PLT,W19,NOMAR,CN,2605
CN-2605-ZSNJ-TAMOT-01,5,NOMAR,W18,TAMOT,CN,2605
CN-2605-ZSNJ-TEBAK-01,1,HFE,W50,XSH,CN,2605
CN-2605-ZSNJ-TEBAK-01,2,XSH,W80,UDUMI,CN,2605
CN-2605-ZSNJ-TEBAK-01,3,UDUMI,W37,OLMIB,CN,2605
CN-2605-ZSNJ-TEBAK-01,4,OLMIB,W83,GOSMA,CN,2605
CN-2605-ZSNJ-TEBAK-01,5,GOSMA,R343,WUY,CN,2605
CN-2605-ZSNJ-TEBAK-01,6,WUY,R474,TEBAK,CN,2605
CN-2605-ZSNJ-VHHH-01,1,TESIG,A470,MAGOG,CN,2605
CN-2605-ZSNJ-VMMC-01,1,TESIG,A470,MAGOG,CN,2605
CN-2605-ZSNT-LAMEN-01,1,NTG,W591,XIREM,CN,2605
CN-2605-ZSNT-LAMEN-01,2,XIREM,G330,PK,CN,2605
CN-2605-ZSNT-LAMEN-01,3,PK,W116,JTN,CN,2605
CN-2605-ZSNT-LAMEN-01,4,JTN,G327,LAMEN,CN,2605
CN-2605-ZSNT-LINSO-01,1,NTG,W109,PIKAS,CN,2605
CN-2605-ZSNT-LINSO-01,2,PIKAS,G330,UNTAN,CN,2605
CN-2605-ZSNT-LINSO-01,3,UNTAN,G345,OLRIS,CN,2605
CN-2605-ZSNT-LINSO-01,4,OLRIS,R343,MADUK,CN,2605
CN-2605-ZSNT-LINSO-01,5,MADUK,W51,LEGIV,CN,2605
CN-2605-ZSNT-LINSO-01,6,LEGIV,W164,ADGOL,CN,2605
CN-2605-ZSNT-LINSO-01,7,ADGOL,W50,XSH,CN,2605
CN-2605-ZSNT-LINSO-01,8,XSH,W80,IDGAG,CN,2605
CN-2605-ZSNT-LINSO-01,9,IDGAG,A581,QNX,CN,2605
CN-2605-ZSNT-LINSO-01,10,QNX,W136,XISLI,CN,2605
CN-2605-ZSNT-LINSO-01,11,XISLI,A581,SGM,CN,2605
CN-2605-ZSNT-LINSO-01,12,SGM,A599,LINSO,CN,2605
CN-2605-ZSNT-MAGOG-01,1,NTG,W591,XIREM,CN,2605
CN-2605-ZSNT-MAGOG-01,2,XIREM,G330,PK,CN,2605
CN-2605-ZSNT-MAGOG-01,3,PK,W116,JTN,CN,2605
CN-2605-ZSNT-MAGOG-01,4,JTN,A599,NXD,CN,2605
CN-2605-ZSNT-MAGOG-01,5,NXD,W131,AKDIM,CN,2605
CN-2605-ZSNT-MAGOG-01,6,AKDIM,A470,MAGOG,CN,2605
CN-2605-ZSNT-RCTP-01,1,NTG,W591,XIREM,CN,2605
CN-2605-ZSNT-RCTP-01,2,XIREM,G330,PK,CN,2605
CN-2605-ZSNT-RCTP-01,3,PK,W116,JTN,CN,2605
CN-2605-ZSNT-RCTP-01,4,JTN,A599,NXD,CN,2605
CN-2605-ZSNT-RCTP-01,5,NXD,W131,AKDIM,CN,2605
CN-2605-ZSNT-RCTP-01,6,AKDIM,A470,BZ,CN,2605
CN-2605-ZSNT-RCTP-01,7,BZ,R596,SULEM,CN,2605
CN-2605-ZSNT-TEBAK-01,1,NTG,W109,PIKAS,CN,2605
CN-2605-ZSNT-TEBAK-01,2,PIKAS,G330,UNTAN,CN,2605
CN-2605-ZSNT-TEBAK-01,3,UNTAN,G345,OLRIS,CN,2605
CN-2605-ZSNT-TEBAK-01,4,OLRIS,R343,MADUK,CN,2605
CN-2605-ZSNT-TEBAK-01,5,MADUK,W51,LEGIV,CN,2605
CN-2605-ZSNT-TEBAK-01,6,LEGIV,W164,ADGOL,CN,2605
CN-2605-ZSNT-TEBAK-01,7,ADGOL,W50,XSH,CN,2605
CN-2605-ZSNT-TEBAK-01,8,XSH,W80,UDUMI,CN,2605
CN-2605-ZSNT-TEBAK-01,9,UDUMI,W37,OLMIB,CN,2605
CN-2605-ZSNT-TEBAK-01,10,OLMIB,W83,GOSMA,CN,2605
CN-2605-ZSNT-TEBAK-01,11,GOSMA,R343,WUY,CN,2605
CN-2605-ZSNT-TEBAK-01,12,WUY,R474,TEBAK,CN,2605
CN-2605-ZSNT-VHHH-01,1,NTG,W591,XIREM,CN,2605
CN-2605-ZSNT-VHHH-01,2,XIREM,G330,PK,CN,2605
CN-2605-ZSNT-VHHH-01,3,PK,W116,JTN,CN,2605
CN-2605-ZSNT-VHHH-01,4,JTN,A599,NXD,CN,2605
CN-2605-ZSNT-VHHH-01,5,NXD,W131,AKDIM,CN,2605
CN-2605-ZSNT-VHHH-01,6,AKDIM,A470,MAGOG,CN,2605
CN-2605-ZSNT-VMMC-01,1,NTG,W591,XIREM,CN,2605
CN-2605-ZSNT-VMMC-01,2,XIREM,G330,PK,CN,2605
CN-2605-ZSNT-VMMC-01,3,PK,W116,JTN,CN,2605
CN-2605-ZSNT-VMMC-01,4,JTN,A599,NXD,CN,2605
CN-2605-ZSNT-VMMC-01,5,NXD,W131,AKDIM,CN,2605
CN-2605-ZSNT-VMMC-01,6,AKDIM,A470,MAGOG,CN,2605
CN-2605-ZSOF-LAMEN-01,1,MADUK,R343,PK,CN,2605
CN-2605-ZSOF-LAMEN-01,2,PK,W116,JTN,CN,2605
CN-2605-ZSOF-LAMEN-01,3,JTN,G327,LAMEN,CN,2605
CN-2605-ZSOF-LINSO-01,1,IKUBA,W50,XSH,CN,2605
CN-2605-ZSOF-LINSO-01,2,XSH,W80,IDGAG,CN,2605
CN-2605-ZSOF-LINSO-01,3,IDGAG,A581,QNX,CN,2605
CN-2605-ZSOF-LINSO-01,4,QNX,W136,XISLI,CN,2605
CN-2605-ZSOF-LINSO-01,5,XISLI,A581,SGM,CN,2605
CN-2605-ZSOF-LINSO-01,6,SGM,A599,LINSO,CN,2605
CN-2605-ZSOF-NIXAL-01,1,BIPIM,B208,NIXAL,CN,2605
CN-2605-ZSOF-RCKH-01,1,MADUK,R343,UPLEL,CN,2605
CN-2605-ZSOF-RCKH-01,2,UPLEL,W95,SAPIN,CN,2605
CN-2605-ZSOF-RCKH-01,3,SAPIN,A470,BZ,CN,2605
CN-2605-ZSOF-RCKH-01,4,BZ,R596,SULEM,CN,2605
CN-2605-ZSOF-RCMQ-01,1,MADUK,R343,UPLEL,CN,2605
CN-2605-ZSOF-RCMQ-01,2,UPLEL,W95,SAPIN,CN,2605
CN-2605-ZSOF-RCMQ-01,3,SAPIN,A470,BZ,CN,2605
CN-2605-ZSOF-RCMQ-01,4,BZ,R596,SULEM,CN,2605
CN-2605-ZSOF-RCTP-01,1,MADUK,R343,UPLEL,CN,2605
CN-2605-ZSOF-RCTP-01,2,UPLEL,W95,SAPIN,CN,2605
CN-2605-ZSOF-RCTP-01,3,SAPIN,A470,BZ,CN,2605
CN-2605-ZSOF-RCTP-01,4,BZ,R596,SULEM,CN,2605
CN-2605-ZSOF-RCYU-01,1,MADUK,R343,UPLEL,CN,2605
CN-2605-ZSOF-RCYU-01,2,UPLEL,W95,SAPIN,CN,2605
CN-2605-ZSOF-RCYU-01,3,SAPIN,A470,BZ,CN,2605
CN-2605-ZSOF-RCYU-01,4,BZ,R596,SULEM,CN,2605
CN-2605-ZSOF-SAGAG-01,1,IKUBA,W50,XSH,CN,2605
CN-2605-ZSOF-SAGAG-01,2,XSH,W80,IDGAG,CN,2605
CN-2605-ZSOF-SAGAG-01,3,IDGAG,A581,QNX,CN,2605
CN-2605-ZSOF-SAGAG-01,4,QNX,W136,XISLI,CN,2605
CN-2605-ZSOF-SAGAG-01,5,XISLI,A581,SAGAG,CN,2605
CN-2605-ZSOF-TAMOT-01,1,IKUBA,W50,XSH,CN,2605
CN-2605-ZSOF-TAMOT-01,2,XSH,W80,UDUMI,CN,2605
CN-2605-ZSOF-TAMOT-01,3,UDUMI,W37,OMBEB,CN,2605
CN-2605-ZSOF-TAMOT-01,4,OMBEB,R473,WYN,CN,2605
CN-2605-ZSOF-TAMOT-01,5,WYN,W18,TAMOT,CN,2605
CN-2605-ZSOF-TEBAK-01,1,IKUBA,W50,XSH,CN,2605
CN-2605-ZSOF-TEBAK-01,2,XSH,W80,UDUMI,CN,2605
CN-2605-ZSOF-TEBAK-01,3,UDUMI,W37,OLMIB,CN,2605
CN-2605-ZSOF-TEBAK-01,4,OLMIB,W83,GOSMA,CN,2605
CN-2605-ZSOF-TEBAK-01,5,GOSMA,R343,WUY,CN,2605
CN-2605-ZSOF-TEBAK-01,6,WUY,R474,TEBAK,CN,2605
CN-2605-ZSOF-VHHH-01,1,IKUBA,W50,XSH,CN,2605
CN-2605-ZSOF-VHHH-01,2,XSH,W80,UDUMI,CN,2605
CN-2605-ZSOF-VHHH-01,3,UDUMI,W37,OMBEB,CN,2605
CN-2605-ZSOF-VHHH-01,4,OMBEB,R473,WYN,CN,2605
CN-2605-ZSOF-VHHH-01,5,WYN,W18,NLG,CN,2605
CN-2605-ZSOF-VHHH-01,6,NLG,W23,ZUH,CN,2605
CN-2605-ZSOF-VHHH-01,7,ZUH,R473,SIERA,CN,2605
CN-2605-ZSOF-VMMC-01,1,MADUK,R343,UPLEL,CN,2605
CN-2605-ZSOF-VMMC-01,2,UPLEL,W95,SAPIN,CN,2605
CN-2605-ZSOF-VMMC-01,3,SAPIN,A470,MAGOG,CN,2605
CN-2605-ZSOF-VMMC-02,1,IKUBA,W50,XSH,CN,2605
CN-2605-ZSOF-VMMC-02,2,XSH,W80,UDUMI,CN,2605
CN-2605-ZSOF-VMMC-02,3,UDUMI,W37,OMBEB,CN,2605
CN-2605-ZSOF-VMMC-02,4,OMBEB,R473,NOLON,CN,2605
CN-2605-ZSOF-VMMC-02,5,NOLON,W90,POU,CN,2605
CN-2605-ZSOF-VMMC-02,6,POU,W7,SAREX,CN,2605
CN-2605-ZSOF-VMMC-02,7,SAREX,W6,LATOP,CN,2605
CN-2605-ZSPD-AGAVO-01,1,SURAK,A326,OMLIB,CN,2605
CN-2605-ZSPD-AGAVO-01,2,OMLIB,W209,AGAVO,CN,2605
CN-2605-ZSPD-APITO-01,1,BOLEX,B591,MIGOL,CN,2605
CN-2605-ZSPD-APITO-01,2,MIGOL,A326,APITO,CN,2605
CN-2605-ZSPD-ARGUK-01,1,POMOK,G330,PIMOL,CN,2605
CN-2605-ZSPD-ARGUK-01,2,PIMOL,A593,DALIM,CN,2605
CN-2605-ZSPD-ARGUK-01,3,DALIM,W157,VYK,CN,2605
CN-2605-ZSPD-ARGUK-01,4,VYK,G212,SOTMU,CN,2605
CN-2605-ZSPD-ARGUK-01,5,SOTMU,B339,HUR,CN,2605
CN-2605-ZSPD-ARGUK-01,6,HUR,B334,TGO,CN,2605
CN-2605-ZSPD-ARGUK-01,7,TGO,G212,ARGUK,CN,2605
CN-2605-ZSPD-ARGUK-02,1,SURAK,A326,SANKO,CN,2605
CN-2605-ZSPD-ARGUK-02,2,SANKO,W107,CHI,CN,2605
CN-2605-ZSPD-ARGUK-02,3,CHI,A588,HRB,CN,2605
CN-2605-ZSPD-ARGUK-02,4,HRB,G212,ARGUK,CN,2605
CN-2605-ZSPD-ASSAD-01,1,NXD,W131,AKDIM,CN,2605
CN-2605-ZSPD-ASSAD-01,2,AKDIM,A470,DUBGO,CN,2605
CN-2605-ZSPD-ASSAD-01,3,DUBGO,W134,ELNEX,CN,2605
CN-2605-ZSPD-ASSAD-01,4,ELNEX,A599,PLT,CN,2605
CN-2605-ZSPD-ASSAD-01,5,PLT,W19,NOMAR,CN,2605
CN-2605-ZSPD-ASSAD-01,6,NOMAR,W18,NLG,CN,2605
CN-2605-ZSPD-ASSAD-01,7,NLG,W23,ZUH,CN,2605
CN-2605-ZSPD-ASSAD-01,8,ZUH,R200,BIGRO,CN,2605
CN-2605-ZSPD-ASSAD-01,9,BIGRO,G221,SAMAS,CN,2605
CN-2605-ZSPD-ASSAD-01,10,SAMAS,A202,ASSAD,CN,2605
CN-2605-ZSPD-ASSAD-02,1,PONAB,W13,BEGMO,CN,2605
CN-2605-ZSPD-ASSAD-02,2,BEGMO,M503,LAPUG,CN,2605
CN-2605-ZSPD-ASSAD-02,3,LAPUG,R200,BEBEM,CN,2605
CN-2605-ZSPD-ASSAD-02,4,BEBEM,A470,MAGOG,CN,2605
CN-2605-ZSPD-ASSAD-02,5,MAGOG,DCT,SIKOU,CN,2605
CN-2605-ZSPD-ASSAD-02,6,SIKOU,A202,ASSAD,CN,2605
CN-2605-ZSPD-BISUN-01,1,SURAK,A326,SANKO,CN,2605
CN-2605-ZSPD-BISUN-01,2,SANKO,W107,CHI,CN,2605
CN-2605-ZSPD-BISUN-01,3,CHI,A588,LJB,CN,2605
CN-2605-ZSPD-BISUN-01,4,LJB,G341,WQG,CN,2605
CN-2605-ZSPD-BISUN-01,5,WQG,B451,BISUN,CN,2605
CN-2605-ZSPD-INTIK-01,1,POMOK,G330,PIMOL,CN,2605
CN-2605-ZSPD-INTIK-01,2,PIMOL,A593,DALIM,CN,2605
CN-2605-ZSPD-INTIK-01,3,DALIM,W157,VYK,CN,2605
CN-2605-ZSPD-INTIK-01,4,VYK,G212,SOTMU,CN,2605
CN-2605-ZSPD-INTIK-01,5,SOTMU,B339,ASILA,CN,2605
CN-2605-ZSPD-INTIK-01,6,ASILA,A575,INTIK,CN,2605
CN-2605-ZSPD-KAMUD-01,1,POMOK,G330,PIMOL,CN,2605
CN-2605-ZSPD-KAMUD-01,2,PIMOL,A593,DALIM,CN,2605
CN-2605-ZSPD-KAMUD-01,3,DALIM,W157,VYK,CN,2605
CN-2605-ZSPD-KAMUD-01,4,VYK,G212,SOTMU,CN,2605
CN-2605-ZSPD-KAMUD-01,5,SOTMU,B339,ASILA,CN,2605
CN-2605-ZSPD-KAMUD-01,6,ASILA,A575,UPREK,CN,2605
CN-2605-ZSPD-KAMUD-01,7,UPREK,W28,LAGEB,CN,2605
CN-2605-ZSPD-KAMUD-01,8,LAGEB,W66,NUKTI,CN,2605
CN-2605-ZSPD-KAMUD-01,9,NUKTI,B215,KABDO,CN,2605
CN-2605-ZSPD-KAMUD-01,10,KABDO,W119,LIMDO,CN,2605
CN-2605-ZSPD-KAMUD-01,11,LIMDO,A468,KAMUD,CN,2605
CN-2605-ZSPD-LAMEN-01,1,BONGI,G327,LAMEN,CN,2605
CN-2605-ZSPD-LAMEN-02,1,EMSAN,G455,LAMEN,CN,2605
CN-2605-ZSPD-LINSO-01,1,POMOK,G330,UNTAN,CN,2605
CN-2605-ZSPD-LINSO-01,2,UNTAN,G345,OLRIS,CN,2605
CN-2605-ZSPD-LINSO-01,3,OLRIS,R343,MADUK,CN,2605
CN-2605-ZSPD-LINSO-01,4,MADUK,W51,LEGIV,CN,2605
CN-2605-ZSPD-LINSO-01,5,LEGIV,W164,ADGOL,CN,2605
CN-2605-ZSPD-LINSO-01,6,ADGOL,W50,XSH,CN,2605
CN-2605-ZSPD-LINSO-01,7,XSH,W80,IDGAG,CN,2605
CN-2605-ZSPD-LINSO-01,8,IDGAG,A581,QNX,CN,2605
CN-2605-ZSPD-LINSO-01,9,QNX,W136,XISLI,CN,2605
CN-2605-ZSPD-LINSO-01,10,XISLI,A581,SGM,CN,2605
CN-2605-ZSPD-LINSO-01,11,SGM,A599,LINSO,CN,2605
CN-2605-ZSPD-LINSO-02,1,NXD,W131,AKDIM,CN,2605
CN-2605-ZSPD-LINSO-02,2,AKDIM,A470,DUBGO,CN,2605
CN-2605-ZSPD-LINSO-02,3,DUBGO,W134,ELNEX,CN,2605
CN-2605-ZSPD-LINSO-02,4,ELNEX,A599,LINSO,CN,2605
CN-2605-ZSPD-MAGOG-01,1,PONAB,W13,BEGMO,CN,2605
CN-2605-ZSPD-MAGOG-01,2,BEGMO,M503,LAPUG,CN,2605
CN-2605-ZSPD-MAGOG-01,3,LAPUG,R200,BEBEM,CN,2605
CN-2605-ZSPD-MAGOG-01,4,BEBEM,A470,MAGOG,CN,2605
CN-2605-ZSPD-MAGOG-02,1,PONAB,W13,BEGMO,CN,2605
CN-2605-ZSPD-MAGOG-02,2,BEGMO,W117,DST,CN,2605
CN-2605-ZSPD-MAGOG-02,3,DST,B221,LJG,CN,2605
CN-2605-ZSPD-MAGOG-02,4,LJG,A470,MAGOG,CN,2605
CN-2605-ZSPD-NIXAL-01,1,POMOK,G330,UNTAN,CN,2605
CN-2605-ZSPD-NIXAL-01,2,UNTAN,G345,OLRIS,CN,2605
CN-2605-ZSPD-NIXAL-01,3,OLRIS,R343,HFE,CN,2605
CN-2605-ZSPD-NIXAL-01,4,HFE,B208,NIXAL,CN,2605
CN-2605-ZSPD-POLHO-01,1,POMOK,G330,PIMOL,CN,2605
CN-2605-ZSPD-POLHO-01,2,PIMOL,A593,DALIM,CN,2605
CN-2605-ZSPD-POLHO-01,3,DALIM,W157,VYK,CN,2605
CN-2605-ZSPD-POLHO-01,4,VYK,G212,SOTMU,CN,2605
CN-2605-ZSPD-POLHO-01,5,SOTMU,B339,POLHO,CN,2605
CN-2605-ZSPD-PURPA-01,1,POMOK,G330,PIMOL,CN,2605
CN-2605-ZSPD-PURPA-01,2,PIMOL,A593,DALIM,CN,2605
CN-2605-ZSPD-PURPA-01,3,DALIM,W157,VYK,CN,2605
CN-2605-ZSPD-PURPA-01,4,VYK,G212,SOTMU,CN,2605
CN-2605-ZSPD-PURPA-01,5,SOTMU,B339,ASILA,CN,2605
CN-2605-ZSPD-PURPA-01,6,ASILA,A575,UPREK,CN,2605
CN-2605-ZSPD-PURPA-01,7,UPREK,W28,LAGEB,CN,2605
CN-2605-ZSPD-PURPA-01,8,LAGEB,W66,NUKTI,CN,2605
CN-2605-ZSPD-PURPA-01,9,NUKTI,B215,IBANO,CN,2605
CN-2605-ZSPD-PURPA-01,10,IBANO,W187,TUSLI,CN,2605
CN-2605-ZSPD-PURPA-01,11,TUSLI,W112,PURPA,CN,2605
CN-2605-ZSPD-PURPA-02,1,POMOK,G330,PIMOL,CN,2605
CN-2605-ZSPD-PURPA-02,2,PIMOL,A593,DALIM,CN,2605
CN-2605-ZSPD-PURPA-02,3,DALIM,W157,VYK,CN,2605
CN-2605-ZSPD-PURPA-02,4,VYK,G212,SOTMU,CN,2605
CN-2605-ZSPD-PURPA-02,5,SOTMU,B339,ASILA,CN,2605
CN-2605-ZSPD-PURPA-02,6,ASILA,A575,UPREK,CN,2605
CN-2605-ZSPD-PURPA-02,7,UPREK,W28,LAGEB,CN,2605
CN-2605-ZSPD-PURPA-02,8,LAGEB,W66,NUKTI,CN,2605
CN-2605-ZSPD-PURPA-02,9,NUKTI,B215,IBANO,CN,2605
CN-2605-ZSPD-PURPA-02,10,IBANO,W187,MAGIV,CN,2605
CN-2605-ZSPD-PURPA-02,11,MAGIV,B215,PURPA,CN,2605
CN-2605-ZSPD-RCKH-01,1,BOLEX,B591,KASKA,CN,2605
CN-2605-ZSPD-RCKH-02,1,PONAB,W13,OKATO,CN,2605
CN-2605-ZSPD-RCKH-02,2,OKATO,R596,SULEM,CN,2605
CN-2605-ZSPD-RCMQ-01,1,BOLEX,B591,KASKA,CN,2605
CN-2605-ZSPD-RCSS-01,1,BOLEX,B591,KASKA,CN,2605
CN-2605-ZSPD-RCTP-01,1,BOLEX,B591,KASKA,CN,2605
CN-2605-ZSPD-RCTP-02,1,PONAB,W13,OKATO,CN,2605
CN-2605-ZSPD-RCTP-02,2,OKATO,R596,SULEM,CN,2605
CN-2605-ZSPD-RCYU-01,1,BOLEX,B591,KASKA,CN,2605
CN-2605-ZSPD-RULAD-01,1,POMOK,G330,PIMOL,CN,2605
CN-2605-ZSPD-RULAD-01,2,PIMOL,A593,DALIM,CN,2605
CN-2605-ZSPD-RULAD-01,3,DALIM,W157,VYK,CN,2605
CN-2605-ZSPD-RULAD-01,4,VYK,G212,SOTMU,CN,2605
CN-2605-ZSPD-RULAD-01,5,SOTMU,B339,ASILA,CN,2605
CN-2605-ZSPD-RULAD-01,6,ASILA,A575,UPREK,CN,2605
CN-2605-ZSPD-RULAD-01,7,UPREK,W28,LAGEB,CN,2605
CN-2605-ZSPD-RULAD-01,8,LAGEB,W66,NUKTI,CN,2605
CN-2605-ZSPD-RULAD-01,9,NUKTI,B215,KABDO,CN,2605
CN-2605-ZSPD-RULAD-01,10,KABDO,W119,GOBOK,CN,2605
CN-2605-ZSPD-RULAD-01,11,GOBOK,A343,RULAD,CN,2605
CN-2605-ZSPD-SARIN-01,1,POMOK,G330,PIMOL,CN,2605
CN-2605-ZSPD-SARIN-01,2,PIMOL,A593,DALIM,CN,2605
CN-2605-ZSPD-SARIN-01,3,DALIM,W157,VYK,CN,2605
CN-2605-ZSPD-SARIN-01,4,VYK,G212,SOTMU,CN,2605
CN-2605-ZSPD-SARIN-01,5,SOTMU,B339,ASILA,CN,2605
CN-2605-ZSPD-SARIN-01,6,ASILA,A575,UPREK,CN,2605
CN-2605-ZSPD-SARIN-01,7,UPREK,W28,LAGEB,CN,2605
CN-2605-ZSPD-SARIN-01,8,LAGEB,W66,NUKTI,CN,2605
CN-2605-ZSPD-SARIN-01,9,NUKTI,B215,FKG,CN,2605
CN-2605-ZSPD-SARIN-01,10,FKG,A368,SARIN,CN,2605
CN-2605-ZSPD-SIMLI-01,1,POMOK,G330,PIMOL,CN,2605
CN-2605-ZSPD-SIMLI-01,2,PIMOL,A593,DALIM,CN,2605
CN-2605-ZSPD-SIMLI-01,3,DALIM,W157,VYK,CN,2605
CN-2605-ZSPD-SIMLI-01,4,VYK,G212,SOTMU,CN,2605
CN-2605-ZSPD-SIMLI-01,5,SOTMU,B339,HUR,CN,2605
CN-2605-ZSPD-SIMLI-01,6,HUR,B334,TGO,CN,2605
CN-2605-ZSPD-SIMLI-01,7,TGO,G212,HRB,CN,2605
CN-2605-ZSPD-SIMLI-01,8,HRB,A588,SIMLI,CN,2605
CN-2605-ZSPD-SIMLI-02,1,SURAK,A326,SANKO,CN,2605
CN-2605-ZSPD-SIMLI-02,2,SANKO,W107,CHI,CN,2605
CN-2605-ZSPD-SIMLI-02,3,CHI,A588,SIMLI,CN,2605
CN-2605-ZSPD-TAMOT-01,1,NXD,W131,AKDIM,CN,2605
CN-2605-ZSPD-TAMOT-01,2,AKDIM,A470,DUBGO,CN,2605
CN-2605-ZSPD-TAMOT-01,3,DUBGO,W134,ELNEX,CN,2605
CN-2605-ZSPD-TAMOT-01,4,ELNEX,A599,PLT,CN,2605
CN-2605-ZSPD-TAMOT-01,5,PLT,W19,NOMAR,CN,2605
CN-2605-ZSPD-TAMOT-01,6,NOMAR,W18,TAMOT,CN,2605
CN-2605-ZSPD-TEBAK-01,1,POMOK,G330,UNTAN,CN,2605
CN-2605-ZSPD-TEBAK-01,2,UNTAN,G345,OLRIS,CN,2605
CN-2605-ZSPD-TEBAK-01,3,OLRIS,R343,MADUK,CN,2605
CN-2605-ZSPD-TEBAK-01,4,MADUK,W51,LEGIV,CN,2605
CN-2605-ZSPD-TEBAK-01,5,LEGIV,W164,ADGOL,CN,2605
CN-2605-ZSPD-TEBAK-01,6,ADGOL,W50,XSH,CN,2605
CN-2605-ZSPD-TEBAK-01,7,XSH,W80,UDUMI,CN,2605
CN-2605-ZSPD-TEBAK-01,8,UDUMI,W37,OLMIB,CN,2605
CN-2605-ZSPD-TEBAK-01,9,OLMIB,W83,GOSMA,CN,2605
CN-2605-ZSPD-TEBAK-01,10,GOSMA,R343,WUY,CN,2605
CN-2605-ZSPD-TEBAK-01,11,WUY,R474,TEBAK,CN,2605
CN-2605-ZSPD-TEBAK-02,1,NXD,W131,AKDIM,CN,2605
CN-2605-ZSPD-TEBAK-02,2,AKDIM,A470,DUBGO,CN,2605
CN-2605-ZSPD-TEBAK-02,3,DUBGO,W134,ELNEX,CN,2605
CN-2605-ZSPD-TEBAK-02,4,ELNEX,A599,GYA,CN,2605
CN-2605-ZSPD-TEBAK-02,5,GYA,R474,TEBAK,CN,2605
CN-2605-ZSPD-TELOK-01,1,SURAK,A326,SANKO,CN,2605
CN-2605-ZSPD-TELOK-01,2,SANKO,W107,CHI,CN,2605
CN-2605-ZSPD-TELOK-01,3,CHI,A588,BIDIB,CN,2605
CN-2605-ZSPD-TELOK-01,4,BIDIB,A345,TELOK,CN,2605
CN-2605-ZSPD-TOMUK-01,1,SURAK,A326,SANKO,CN,2605
CN-2605-ZSPD-TOMUK-01,2,SANKO,B332,TOMUK,CN,2605
CN-2605-ZSPD-VHHH-01,1,PONAB,W13,BEGMO,CN,2605
CN-2605-ZSPD-VHHH-01,2,BEGMO,W117,DST,CN,2605
CN-2605-ZSPD-VHHH-01,3,DST,B221,LJG,CN,2605
CN-2605-ZSPD-VHHH-01,4,LJG,A470,MAGOG,CN,2605
CN-2605-ZSPD-VHHH-02,1,PONAB,W13,BEGMO,CN,2605
CN-2605-ZSPD-VHHH-02,2,BEGMO,M503,LELIM,CN,2605
CN-2605-ZSPD-VHHH-03,1,NXD,W131,AKDIM,CN,2605
CN-2605-ZSPD-VHHH-03,2,AKDIM,A470,DUBGO,CN,2605
CN-2605-ZSPD-VHHH-03,3,DUBGO,W134,ELNEX,CN,2605
CN-2605-ZSPD-VHHH-03,4,ELNEX,A599,PLT,CN,2605
CN-2605-ZSPD-VHHH-03,5,PLT,W19,NOMAR,CN,2605
CN-2605-ZSPD-VHHH-03,6,NOMAR,W18,NLG,CN,2605
CN-2605-ZSPD-VHHH-03,7,NLG,W23,ZUH,CN,2605
CN-2605-ZSPD-VHHH-03,8,ZUH,R473,SIERA,CN,2605
CN-2605-ZSPD-VMMC-01,1,PONAB,W13,BEGMO,CN,2605
CN-2605-ZSPD-VMMC-01,2,BEGMO,W117,DST,CN,2605
CN-2605-ZSPD-VMMC-01,3,DST,B221,LJG,CN,2605
CN-2605-ZSPD-VMMC-01,4,LJG,A470,MAGOG,CN,2605
CN-2605-ZSPD-VMMC-02,1,PONAB,W13,BEGMO,CN,2605
CN-2605-ZSPD-VMMC-02,2,BEGMO,M503,LAPUG,CN,2605
CN-2605-ZSPD-VMMC-02,3,LAPUG,R200,BEBEM,CN,2605
CN-2605-ZSPD-VMMC-02,4,BEBEM,A470,MAGOG,CN,2605
CN-2605-ZSPD-VMMC-03,1,PONAB,W13,BEGMO,CN,2605
CN-2605-ZSPD-VMMC-03,2,BEGMO,M503,LELIM,CN,2605
CN-2605-ZSPD-VMMC-04,1,NXD,W131,AKDIM,CN,2605
CN-2605-ZSPD-VMMC-04,2,AKDIM,A470,DUBGO,CN,2605
CN-2605-ZSPD-VMMC-04,3,DUBGO,W134,ELNEX,CN,2605
CN-2605-ZSPD-VMMC-04,4,ELNEX,A599,PLT,CN,2605
CN-2605-ZSPD-VMMC-04,5,PLT,W19,ATKAV,CN,2605
CN-2605-ZSPD-VMMC-04,6,ATKAV,W20,SALIV,CN,2605
CN-2605-ZSPD-VMMC-04,7,SALIV,R473,NOLON,CN,2605
CN-2605-ZSPD-VMMC-04,8,NOLON,W90,POU,CN,2605
CN-2605-ZSPD-VMMC-04,9,POU,W7,SAREX,CN,2605
CN-2605-ZSPD-VMMC-04,10,SAREX,W6,LATOP,CN,2605
CN-2605-ZSQD-AGAVO-01,1,LATUX,W209,AGAVO,CN,2605
CN-2605-ZSQD-ARGUK-01,1,TEKAM,W172,IGDEG,CN,2605
CN-2605-ZSQD-ARGUK-01,2,IGDEG,W173,NIXEP,CN,2605
CN-2605-ZSQD-ARGUK-01,3,NIXEP,W8,DOBGA,CN,2605
CN-2605-ZSQD-ARGUK-01,4,DOBGA,W202,UDETI,CN,2605
CN-2605-ZSQD-ARGUK-01,5,UDETI,A588,HRB,CN,2605
CN-2605-ZSQD-ARGUK-01,6,HRB,G212,ARGUK,CN,2605
CN-2605-ZSQD-LAMEN-01,1,LATUX,W108,MATNU,CN,2605
CN-2605-ZSQD-LAMEN-01,2,MATNU,G455,LAMEN,CN,2605
CN-2605-ZSQD-LINSO-01,1,WFG,W103,YQG,CN,2605
CN-2605-ZSQD-LINSO-01,2,YQG,W567,UNVON,CN,2605
CN-2605-ZSQD-LINSO-01,3,UNVON,W4,IPNIT,CN,2605
CN-2605-ZSQD-LINSO-01,4,IPNIT,W37,DUBAS,CN,2605
CN-2605-ZSQD-LINSO-01,5,DUBAS,R343,WHA,CN,2605
CN-2605-ZSQD-LINSO-01,6,WHA,A581,QNX,CN,2605
CN-2605-ZSQD-LINSO-01,7,QNX,W136,XISLI,CN,2605
CN-2605-ZSQD-LINSO-01,8,XISLI,A581,SGM,CN,2605
CN-2605-ZSQD-LINSO-01,9,SGM,A599,LINSO,CN,2605
CN-2605-ZSQD-LINSO-02,1,WFG,W103,YQG,CN,2605
CN-2605-ZSQD-LINSO-02,2,YQG,W567,UNVON,CN,2605
CN-2605-ZSQD-LINSO-02,3,UNVON,W4,LIMGI,CN,2605
CN-2605-ZSQD-LINSO-02,4,LIMGI,W152,URGOD,CN,2605
CN-2605-ZSQD-LINSO-02,5,URGOD,W278,AVDIG,CN,2605
CN-2605-ZSQD-LINSO-02,6,AVDIG,W276,ARELA,CN,2605
CN-2605-ZSQD-LINSO-02,7,ARELA,W30,XFA,CN,2605
CN-2605-ZSQD-LINSO-02,8,XFA,A581,SGM,CN,2605
CN-2605-ZSQD-LINSO-02,9,SGM,A599,LINSO,CN,2605
CN-2605-ZSQD-MAGOG-01,1,LATUX,W108,MATNU,CN,2605
CN-2605-ZSQD-MAGOG-01,2,MATNU,W115,PINOT,CN,2605
CN-2605-ZSQD-MAGOG-01,3,PINOT,W13,BEGMO,CN,2605
CN-2605-ZSQD-MAGOG-01,4,BEGMO,M503,LAPUG,CN,2605
CN-2605-ZSQD-MAGOG-01,5,LAPUG,R200,BEBEM,CN,2605
CN-2605-ZSQD-MAGOG-01,6,BEBEM,A470,MAGOG,CN,2605
CN-2605-ZSQD-MAGOG-02,1,LATUX,W108,MATNU,CN,2605
CN-2605-ZSQD-MAGOG-02,2,MATNU,W115,PINOT,CN,2605
CN-2605-ZSQD-MAGOG-02,3,PINOT,W13,BEGMO,CN,2605
CN-2605-ZSQD-MAGOG-02,4,BEGMO,W117,DST,CN,2605
CN-2605-ZSQD-MAGOG-02,5,DST,B221,LJG,CN,2605
CN-2605-ZSQD-MAGOG-02,6,LJG,A470,MAGOG,CN,2605
CN-2605-ZSQD-POLHO-01,1,TEKAM,W4,HCH,CN,2605
CN-2605-ZSQD-POLHO-01,2,HCH,W200,DOVIV,CN,2605
CN-2605-ZSQD-POLHO-01,3,DOVIV,W55,PAMRU,CN,2605
CN-2605-ZSQD-POLHO-01,4,PAMRU,W34,LADIX,CN,2605
CN-2605-ZSQD-POLHO-01,5,LADIX,B339,POLHO,CN,2605
CN-2605-ZSQD-RCKH-01,1,LATUX,W108,MATNU,CN,2605
CN-2605-ZSQD-RCKH-01,2,MATNU,W115,PINOT,CN,2605
CN-2605-ZSQD-RCKH-01,3,PINOT,W13,LASAN,CN,2605
CN-2605-ZSQD-RCKH-01,4,LASAN,G327,BOLEX,CN,2605
CN-2605-ZSQD-RCKH-01,5,BOLEX,B591,KASKA,CN,2605
CN-2605-ZSQD-RCMQ-01,1,LATUX,W108,MATNU,CN,2605
CN-2605-ZSQD-RCMQ-01,2,MATNU,W115,PINOT,CN,2605
CN-2605-ZSQD-RCMQ-01,3,PINOT,W13,LASAN,CN,2605
CN-2605-ZSQD-RCMQ-01,4,LASAN,G327,BOLEX,CN,2605
CN-2605-ZSQD-RCMQ-01,5,BOLEX,B591,KASKA,CN,2605
CN-2605-ZSQD-RCTP-01,1,LATUX,W108,MATNU,CN,2605
CN-2605-ZSQD-RCTP-01,2,MATNU,W115,PINOT,CN,2605
CN-2605-ZSQD-RCTP-01,3,PINOT,W13,LASAN,CN,2605
CN-2605-ZSQD-RCTP-01,4,LASAN,G327,BOLEX,CN,2605
CN-2605-ZSQD-RCTP-01,5,BOLEX,B591,KASKA,CN,2605
CN-2605-ZSQD-RCYU-01,1,LATUX,W108,MATNU,CN,2605
CN-2605-ZSQD-RCYU-01,2,MATNU,W115,PINOT,CN,2605
CN-2605-ZSQD-RCYU-01,3,PINOT,W13,LASAN,CN,2605
CN-2605-ZSQD-RCYU-01,4,LASAN,G327,BOLEX,CN,2605
CN-2605-ZSQD-RCYU-01,5,BOLEX,B591,KASKA,CN,2605
CN-2605-ZSQD-SIMLI-01,1,TEKAM,W172,IGDEG,CN,2605
CN-2605-ZSQD-SIMLI-01,2,IGDEG,W173,NIXEP,CN,2605
CN-2605-ZSQD-SIMLI-01,3,NIXEP,W8,DOBGA,CN,2605
CN-2605-ZSQD-SIMLI-01,4,DOBGA,W202,UDETI,CN,2605
CN-2605-ZSQD-SIMLI-01,5,UDETI,A588,SIMLI,CN,2605
CN-2605-ZSQD-VHHH-01,1,LATUX,W108,MATNU,CN,2605
CN-2605-ZSQD-VHHH-01,2,MATNU,W115,PINOT,CN,2605
CN-2605-ZSQD-VHHH-01,3,PINOT,W13,BEGMO,CN,2605
CN-2605-ZSQD-VHHH-01,4,BEGMO,M503,LELIM,CN,2605
CN-2605-ZSQD-VHHH-02,1,LATUX,W108,MATNU,CN,2605
CN-2605-ZSQD-VHHH-02,2,MATNU,W115,PINOT,CN,2605
CN-2605-ZSQD-VHHH-02,3,PINOT,W13,BEGMO,CN,2605
CN-2605-ZSQD-VHHH-02,4,BEGMO,W117,DST,CN,2605
CN-2605-ZSQD-VHHH-02,5,DST,B221,LJG,CN,2605
CN-2605-ZSQD-VHHH-02,6,LJG,A470,MAGOG,CN,2605
CN-2605-ZSQD-VMMC-01,1,LATUX,W108,MATNU,CN,2605
CN-2605-ZSQD-VMMC-01,2,MATNU,W115,PINOT,CN,2605
CN-2605-ZSQD-VMMC-01,3,PINOT,W13,BEGMO,CN,2605
CN-2605-ZSQD-VMMC-01,4,BEGMO,M503,LAPUG,CN,2605
CN-2605-ZSQD-VMMC-01,5,LAPUG,R200,BEBEM,CN,2605
CN-2605-ZSQD-VMMC-01,6,BEBEM,A470,MAGOG,CN,2605
CN-2605-ZSQD-VMMC-02,1,LATUX,W108,MATNU,CN,2605
CN-2605-ZSQD-VMMC-02,2,MATNU,W115,PINOT,CN,2605
CN-2605-ZSQD-VMMC-02,3,PINOT,W13,BEGMO,CN,2605
CN-2605-ZSQD-VMMC-02,4,BEGMO,W117,DST,CN,2605
CN-2605-ZSQD-VMMC-02,5,DST,B221,LJG,CN,2605
CN-2605-ZSQD-VMMC-02,6,LJG,A470,MAGOG,CN,2605
CN-2605-ZSQD-VMMC-03,1,LATUX,W108,MATNU,CN,2605
CN-2605-ZSQD-VMMC-03,2,MATNU,W115,PINOT,CN,2605
CN-2605-ZSQD-VMMC-03,3,PINOT,W13,BEGMO,CN,2605
CN-2605-ZSQD-VMMC-03,4,BEGMO,M503,LELIM,CN,2605
CN-2605-ZSQZ-MAGOG-01,1,NUSPA,W597,IKATA,CN,2605
CN-2605-ZSQZ-MAGOG-01,2,IKATA,A470,MAGOG,CN,2605
CN-2605-ZSQZ-VHHH-01,1,NUSPA,W597,IKATA,CN,2605
CN-2605-ZSQZ-VHHH-01,2,IKATA,A470,MAGOG,CN,2605
CN-2605-ZSSH-LAMEN-01,1,HUN,W525,LAGAL,CN,2605
CN-2605-ZSSH-LAMEN-01,2,LAGAL,A593,PK,CN,2605
CN-2605-ZSSH-LAMEN-01,3,PK,W116,JTN,CN,2605
CN-2605-ZSSH-LAMEN-01,4,JTN,G327,LAMEN,CN,2605
CN-2605-ZSSH-LAMEN-02,1,HUN,W525,LAGAL,CN,2605
CN-2605-ZSSH-LAMEN-02,2,LAGAL,A593,NIXEM,CN,2605
CN-2605-ZSSH-LAMEN-02,3,NIXEM,W185,YCH,CN,2605
CN-2605-ZSSH-LAMEN-02,4,YCH,W113,SOSMA,CN,2605
CN-2605-ZSSH-LAMEN-02,5,SOSMA,W108,MATNU,CN,2605
CN-2605-ZSSH-LAMEN-02,6,MATNU,G455,LAMEN,CN,2605
CN-2605-ZSSH-MAGOG-01,1,HUN,W525,LAGAL,CN,2605
CN-2605-ZSSH-MAGOG-01,2,LAGAL,W178,OF,CN,2605
CN-2605-ZSSH-MAGOG-01,3,OF,A470,MAGOG,CN,2605
CN-2605-ZSSH-RCTP-01,1,HUN,W525,LAGAL,CN,2605
CN-2605-ZSSH-RCTP-01,2,LAGAL,W178,OF,CN,2605
CN-2605-ZSSH-RCTP-01,3,OF,A470,BZ,CN,2605
CN-2605-ZSSH-RCTP-01,4,BZ,R596,SULEM,CN,2605
CN-2605-ZSSH-TAMOT-01,1,HUN,W525,LAGAL,CN,2605
CN-2605-ZSSH-TAMOT-01,2,LAGAL,W178,OF,CN,2605
CN-2605-ZSSH-TAMOT-01,3,OF,W95,NOBEM,CN,2605
CN-2605-ZSSH-TAMOT-01,4,NOBEM,W73,MADUK,CN,2605
CN-2605-ZSSH-TAMOT-01,5,MADUK,W51,LEGIV,CN,2605
CN-2605-ZSSH-TAMOT-01,6,LEGIV,W164,ADGOL,CN,2605
CN-2605-ZSSH-TAMOT-01,7,ADGOL,W50,XSH,CN,2605
CN-2605-ZSSH-TAMOT-01,8,XSH,W80,UDUMI,CN,2605
CN-2605-ZSSH-TAMOT-01,9,UDUMI,W37,OMBEB,CN,2605
CN-2605-ZSSH-TAMOT-01,10,OMBEB,R473,WYN,CN,2605
CN-2605-ZSSH-TAMOT-01,11,WYN,W18,TAMOT,CN,2605
CN-2605-ZSSH-TEBAK-01,1,HUN,W525,LAGAL,CN,2605
CN-2605-ZSSH-TEBAK-01,2,LAGAL,W178,OF,CN,2605
CN-2605-ZSSH-TEBAK-01,3,OF,W95,NOBEM,CN,2605
CN-2605-ZSSH-TEBAK-01,4,NOBEM,W73,MADUK,CN,2605
CN-2605-ZSSH-TEBAK-01,5,MADUK,W51,LEGIV,CN,2605
CN-2605-ZSSH-TEBAK-01,6,LEGIV,W164,ADGOL,CN,2605
CN-2605-ZSSH-TEBAK-01,7,ADGOL,W50,XSH,CN,2605
CN-2605-ZSSH-TEBAK-01,8,XSH,W80,UDUMI,CN,2605
CN-2605-ZSSH-TEBAK-01,9,UDUMI,W37,OLMIB,CN,2605
CN-2605-ZSSH-TEBAK-01,10,OLMIB,W83,GOSMA,CN,2605
CN-2605-ZSSH-TEBAK-01,11,GOSMA,R343,WUY,CN,2605
CN-2605-ZSSH-TEBAK-01,12,WUY,R474,TEBAK,CN,2605
CN-2605-ZSSH-VHHH-01,1,HUN,W525,LAGAL,CN,2605
CN-2605-ZSSH-VHHH-01,2,LAGAL,W178,OF,CN,2605
CN-2605-ZSSH-VHHH-01,3,OF,A470,MAGOG,CN,2605
CN-2605-ZSSS-ARGUK-01,1,POMOK,G330,PIMOL,CN,2605
CN-2605-ZSSS-ARGUK-01,2,PIMOL,A593,DALIM,CN,2605
CN-2605-ZSSS-ARGUK-01,3,DALIM,W157,VYK,CN,2605
CN-2605-ZSSS-ARGUK-01,4,VYK,G212,SOTMU,CN,2605
CN-2605-ZSSS-ARGUK-01,5,SOTMU,B339,HUR,CN,2605
CN-2605-ZSSS-ARGUK-01,6,HUR,B334,TGO,CN,2605
CN-2605-ZSSS-ARGUK-01,7,TGO,G212,ARGUK,CN,2605
CN-2605-ZSSS-ASSAD-01,1,NXD,W131,AKDIM,CN,2605
CN-2605-ZSSS-ASSAD-01,2,AKDIM,A470,DUBGO,CN,2605
CN-2605-ZSSS-ASSAD-01,3,DUBGO,W134,ELNEX,CN,2605
CN-2605-ZSSS-ASSAD-01,4,ELNEX,A599,PLT,CN,2605
CN-2605-ZSSS-ASSAD-01,5,PLT,W19,NOMAR,CN,2605
CN-2605-ZSSS-ASSAD-01,6,NOMAR,W18,NLG,CN,2605
CN-2605-ZSSS-ASSAD-01,7,NLG,W23,ZUH,CN,2605
CN-2605-ZSSS-ASSAD-01,8,ZUH,R200,BIGRO,CN,2605
CN-2605-ZSSS-ASSAD-01,9,BIGRO,G221,SAMAS,CN,2605
CN-2605-ZSSS-ASSAD-01,10,SAMAS,A202,ASSAD,CN,2605
CN-2605-ZSSS-LAMEN-01,1,BONGI,G327,LAMEN,CN,2605
CN-2605-ZSSS-LAMEN-02,1,EMSAN,G455,LAMEN,CN,2605
CN-2605-ZSSS-LINSO-01,1,POMOK,G330,UNTAN,CN,2605
CN-2605-ZSSS-LINSO-01,2,UNTAN,G345,OLRIS,CN,2605
CN-2605-ZSSS-LINSO-01,3,OLRIS,R343,MADUK,CN,2605
CN-2605-ZSSS-LINSO-01,4,MADUK,W51,LEGIV,CN,2605
CN-2605-ZSSS-LINSO-01,5,LEGIV,W164,ADGOL,CN,2605
CN-2605-ZSSS-LINSO-01,6,ADGOL,W50,XSH,CN,2605
CN-2605-ZSSS-LINSO-01,7,XSH,W80,IDGAG,CN,2605
CN-2605-ZSSS-LINSO-01,8,IDGAG,A581,QNX,CN,2605
CN-2605-ZSSS-LINSO-01,9,QNX,W136,XISLI,CN,2605
CN-2605-ZSSS-LINSO-01,10,XISLI,A581,SGM,CN,2605
CN-2605-ZSSS-LINSO-01,11,SGM,A599,LINSO,CN,2605
CN-2605-ZSSS-LINSO-02,1,NXD,W131,AKDIM,CN,2605
CN-2605-ZSSS-LINSO-02,2,AKDIM,A470,DUBGO,CN,2605
CN-2605-ZSSS-LINSO-02,3,DUBGO,W134,ELNEX,CN,2605
CN-2605-ZSSS-LINSO-02,4,ELNEX,A599,LINSO,CN,2605
CN-2605-ZSSS-MAGOG-01,1,NXD,W131,AKDIM,CN,2605
CN-2605-ZSSS-MAGOG-01,2,AKDIM,A470,MAGOG,CN,2605
CN-2605-ZSSS-NIXAL-01,1,POMOK,G330,UNTAN,CN,2605
CN-2605-ZSSS-NIXAL-01,2,UNTAN,G345,OLRIS,CN,2605
CN-2605-ZSSS-NIXAL-01,3,OLRIS,R343,HFE,CN,2605
CN-2605-ZSSS-NIXAL-01,4,HFE,B208,NIXAL,CN,2605
CN-2605-ZSSS-POLHO-01,1,POMOK,G330,PIMOL,CN,2605
CN-2605-ZSSS-POLHO-01,2,PIMOL,A593,DALIM,CN,2605
CN-2605-ZSSS-POLHO-01,3,DALIM,W157,VYK,CN,2605
CN-2605-ZSSS-POLHO-01,4,VYK,G212,SOTMU,CN,2605
CN-2605-ZSSS-POLHO-01,5,SOTMU,B339,POLHO,CN,2605
CN-2605-ZSSS-PURPA-01,1,POMOK,G330,PIMOL,CN,2605
CN-2605-ZSSS-PURPA-01,2,PIMOL,A593,DALIM,CN,2605
CN-2605-ZSSS-PURPA-01,3,DALIM,W157,VYK,CN,2605
CN-2605-ZSSS-PURPA-01,4,VYK,G212,SOTMU,CN,2605
CN-2605-ZSSS-PURPA-01,5,SOTMU,B339,ASILA,CN,2605
CN-2605-ZSSS-PURPA-01,6,ASILA,A575,UPREK,CN,2605
CN-2605-ZSSS-PURPA-01,7,UPREK,W28,LAGEB,CN,2605
CN-2605-ZSSS-PURPA-01,8,LAGEB,W66,NUKTI,CN,2605
CN-2605-ZSSS-PURPA-01,9,NUKTI,B215,IBANO,CN,2605
CN-2605-ZSSS-PURPA-01,10,IBANO,W187,MAGIV,CN,2605
CN-2605-ZSSS-PURPA-01,11,MAGIV,B215,PURPA,CN,2605
CN-2605-ZSSS-PURPA-02,1,POMOK,G330,PIMOL,CN,2605
CN-2605-ZSSS-PURPA-02,2,PIMOL,A593,DALIM,CN,2605
CN-2605-ZSSS-PURPA-02,3,DALIM,W157,VYK,CN,2605
CN-2605-ZSSS-PURPA-02,4,VYK,G212,SOTMU,CN,2605
CN-2605-ZSSS-PURPA-02,5,SOTMU,B339,ASILA,CN,2605
CN-2605-ZSSS-PURPA-02,6,ASILA,A575,UPREK,CN,2605
CN-2605-ZSSS-PURPA-02,7,UPREK,W28,LAGEB,CN,2605
CN-2605-ZSSS-PURPA-02,8,LAGEB,W66,NUKTI,CN,2605
CN-2605-ZSSS-PURPA-02,9,NUKTI,B215,IBANO,CN,2605
CN-2605-ZSSS-PURPA-02,10,IBANO,W187,TUSLI,CN,2605
CN-2605-ZSSS-PURPA-02,11,TUSLI,W112,PURPA,CN,2605
CN-2605-ZSSS-RCKH-01,1,NXD,W131,AKDIM,CN,2605
CN-2605-ZSSS-RCKH-01,2,AKDIM,A470,BZ,CN,2605
CN-2605-ZSSS-RCKH-01,3,BZ,R596,SULEM,CN,2605
CN-2605-ZSSS-RCMQ-01,1,NXD,W131,AKDIM,CN,2605
CN-2605-ZSSS-RCMQ-01,2,AKDIM,A470,BZ,CN,2605
CN-2605-ZSSS-RCMQ-01,3,BZ,R596,SULEM,CN,2605
CN-2605-ZSSS-RCSS-01,1,NXD,W131,AKDIM,CN,2605
CN-2605-ZSSS-RCSS-01,2,AKDIM,A470,BZ,CN,2605
CN-2605-ZSSS-RCSS-01,3,BZ,R596,SULEM,CN,2605
CN-2605-ZSSS-RCSS-02,1,BOLEX,B591,KASKA,CN,2605
CN-2605-ZSSS-RCTP-01,1,NXD,W131,AKDIM,CN,2605
CN-2605-ZSSS-RCTP-01,2,AKDIM,A470,BZ,CN,2605
CN-2605-ZSSS-RCTP-01,3,BZ,R596,SULEM,CN,2605
CN-2605-ZSSS-RCYU-01,1,NXD,W131,AKDIM,CN,2605
CN-2605-ZSSS-RCYU-01,2,AKDIM,A470,BZ,CN,2605
CN-2605-ZSSS-RCYU-01,3,BZ,R596,SULEM,CN,2605
CN-2605-ZSSS-SARIN-01,1,POMOK,G330,PIMOL,CN,2605
CN-2605-ZSSS-SARIN-01,2,PIMOL,A593,DALIM,CN,2605
CN-2605-ZSSS-SARIN-01,3,DALIM,W157,VYK,CN,2605
CN-2605-ZSSS-SARIN-01,4,VYK,G212,SOTMU,CN,2605
CN-2605-ZSSS-SARIN-01,5,SOTMU,B339,ASILA,CN,2605
CN-2605-ZSSS-SARIN-01,6,ASILA,A575,UPREK,CN,2605
CN-2605-ZSSS-SARIN-01,7,UPREK,W28,LAGEB,CN,2605
CN-2605-ZSSS-SARIN-01,8,LAGEB,W66,NUKTI,CN,2605
CN-2605-ZSSS-SARIN-01,9,NUKTI,B215,FKG,CN,2605
CN-2605-ZSSS-SARIN-01,10,FKG,A368,SARIN,CN,2605
CN-2605-ZSSS-SIMLI-01,1,POMOK,G330,PIMOL,CN,2605
CN-2605-ZSSS-SIMLI-01,2,PIMOL,A593,DALIM,CN,2605
CN-2605-ZSSS-SIMLI-01,3,DALIM,W157,VYK,CN,2605
CN-2605-ZSSS-SIMLI-01,4,VYK,G212,SOTMU,CN,2605
CN-2605-ZSSS-SIMLI-01,5,SOTMU,B339,HUR,CN,2605
CN-2605-ZSSS-SIMLI-01,6,HUR,B334,TGO,CN,2605
CN-2605-ZSSS-SIMLI-01,7,TGO,G212,HRB,CN,2605
CN-2605-ZSSS-SIMLI-01,8,HRB,A588,SIMLI,CN,2605
CN-2605-ZSSS-TAMOT-01,1,NXD,W131,AKDIM,CN,2605
CN-2605-ZSSS-TAMOT-01,2,AKDIM,A470,DUBGO,CN,2605
CN-2605-ZSSS-TAMOT-01,3,DUBGO,W134,ELNEX,CN,2605
CN-2605-ZSSS-TAMOT-01,4,ELNEX,A599,PLT,CN,2605
CN-2605-ZSSS-TAMOT-01,5,PLT,W19,NOMAR,CN,2605
CN-2605-ZSSS-TAMOT-01,6,NOMAR,W18,TAMOT,CN,2605
CN-2605-ZSSS-TEBAK-01,1,POMOK,G330,UNTAN,CN,2605
CN-2605-ZSSS-TEBAK-01,2,UNTAN,G345,OLRIS,CN,2605
CN-2605-ZSSS-TEBAK-01,3,OLRIS,R343,MADUK,CN,2605
CN-2605-ZSSS-TEBAK-01,4,MADUK,W51,LEGIV,CN,2605
CN-2605-ZSSS-TEBAK-01,5,LEGIV,W164,ADGOL,CN,2605
CN-2605-ZSSS-TEBAK-01,6,ADGOL,W50,XSH,CN,2605
CN-2605-ZSSS-TEBAK-01,7,XSH,W80,UDUMI,CN,2605
CN-2605-ZSSS-TEBAK-01,8,UDUMI,W37,OLMIB,CN,2605
CN-2605-ZSSS-TEBAK-01,9,OLMIB,W83,GOSMA,CN,2605
CN-2605-ZSSS-TEBAK-01,10,GOSMA,R343,WUY,CN,2605
CN-2605-ZSSS-TEBAK-01,11,WUY,R474,TEBAK,CN,2605
CN-2605-ZSSS-VHHH-01,1,NXD,W131,AKDIM,CN,2605
CN-2605-ZSSS-VHHH-01,2,AKDIM,A470,MAGOG,CN,2605
CN-2605-ZSSS-VHHH-02,1,NXD,W131,AKDIM,CN,2605
CN-2605-ZSSS-VHHH-02,2,AKDIM,A470,DUBGO,CN,2605
CN-2605-ZSSS-VHHH-02,3,DUBGO,W134,ELNEX,CN,2605
CN-2605-ZSSS-VHHH-02,4,ELNEX,A599,PLT,CN,2605
CN-2605-ZSSS-VHHH-02,5,PLT,W19,NOMAR,CN,2605
CN-2605-ZSSS-VHHH-02,6,NOMAR,W18,NLG,CN,2605
CN-2605-ZSSS-VHHH-02,7,NLG,W23,ZUH,CN,2605
CN-2605-ZSSS-VHHH-02,8,ZUH,R473,SIERA,CN,2605
CN-2605-ZSSS-VMMC-01,1,NXD,W131,AKDIM,CN,2605
CN-2605-ZSSS-VMMC-01,2,AKDIM,A470,MAGOG,CN,2605
CN-2605-ZSSS-VMMC-02,1,NXD,W131,AKDIM,CN,2605
CN-2605-ZSSS-VMMC-02,2,AKDIM,A470,DUBGO,CN,2605
CN-2605-ZSSS-VMMC-02,3,DUBGO,W134,ELNEX,CN,2605
CN-2605-ZSSS-VMMC-02,4,ELNEX,A599,PLT,CN,2605
CN-2605-ZSSS-VMMC-02,5,PLT,W19,ATKAV,CN,2605
CN-2605-ZSSS-VMMC-02,6,ATKAV,W20,SALIV,CN,2605
CN-2605-ZSSS-VMMC-02,7,SALIV,R473,NOLON,CN,2605
CN-2605-ZSSS-VMMC-02,8,NOLON,W90,POU,CN,2605
CN-2605-ZSSS-VMMC-02,9,POU,W7,SAREX,CN,2605
CN-2605-ZSSS-VMMC-02,10,SAREX,W6,LATOP,CN,2605
CN-2605-ZSTX-LAMEN-01,1,ELNEX,A599,JTN,CN,2605
CN-2605-ZSTX-LAMEN-01,2,JTN,G327,LAMEN,CN,2605
CN-2605-ZSTX-MAGOG-01,1,ELNEX,G204,UGAGO,CN,2605
CN-2605-ZSTX-MAGOG-01,2,UGAGO,A470,MAGOG,CN,2605
CN-2605-ZSTX-RCKH-01,1,ELNEX,G204,UGAGO,CN,2605
CN-2605-ZSTX-RCKH-01,2,UGAGO,A470,BZ,CN,2605
CN-2605-ZSTX-RCKH-01,3,BZ,R596,SULEM,CN,2605
CN-2605-ZSTX-RCTP-01,1,ELNEX,G204,UGAGO,CN,2605
CN-2605-ZSTX-RCTP-01,2,UGAGO,A470,BZ,CN,2605
CN-2605-ZSTX-RCTP-01,3,BZ,R596,SULEM,CN,2605
CN-2605-ZSTX-RCYU-01,1,ELNEX,G204,UGAGO,CN,2605
CN-2605-ZSTX-RCYU-01,2,UGAGO,A470,BZ,CN,2605
CN-2605-ZSTX-RCYU-01,3,BZ,R596,SULEM,CN,2605
CN-2605-ZSTX-TEBAK-01,1,ELNEX,A599,GYA,CN,2605
CN-2605-ZSTX-TEBAK-01,2,GYA,R474,TEBAK,CN,2605
CN-2605-ZSTX-VHHH-01,1,ELNEX,A599,PLT,CN,2605
CN-2605-ZSTX-VHHH-01,2,PLT,W19,NOMAR,CN,2605
CN-2605-ZSTX-VHHH-01,3,NOMAR,W18,NLG,CN,2605
CN-2605-ZSTX-VHHH-01,4,NLG,W23,ZUH,CN,2605
CN-2605-ZSTX-VHHH-01,5,ZUH,R473,SIERA,CN,2605
CN-2605-ZSWH-AGAVO-01,1,WEH,W4,IKEKA,CN,2605
CN-2605-ZSWH-AGAVO-01,2,IKEKA,A591,AGAVO,CN,2605
CN-2605-ZSWZ-ASSAD-01,1,RUPOX,B221,LJG,CN,2605
CN-2605-ZSWZ-ASSAD-01,2,LJG,A470,BEBEM,CN,2605
CN-2605-ZSWZ-ASSAD-01,3,BEBEM,R200,BIGRO,CN,2605
CN-2605-ZSWZ-ASSAD-01,4,BIGRO,G221,SAMAS,CN,2605
CN-2605-ZSWZ-ASSAD-01,5,SAMAS,A202,ASSAD,CN,2605
CN-2605-ZSWZ-ASSAD-02,1,RUPOX,B221,LJG,CN,2605
CN-2605-ZSWZ-ASSAD-02,2,LJG,A470,MAGOG,CN,2605
CN-2605-ZSWZ-ASSAD-02,3,MAGOG,DCT,SIKOU,CN,2605
CN-2605-ZSWZ-ASSAD-02,4,SIKOU,A202,ASSAD,CN,2605
CN-2605-ZSWZ-LAMEN-01,1,REMIM,B221,SHZ,CN,2605
CN-2605-ZSWZ-LAMEN-01,2,SHZ,G204,AND,CN,2605
CN-2605-ZSWZ-LAMEN-01,3,AND,B221,NINAS,CN,2605
CN-2605-ZSWZ-LAMEN-01,4,NINAS,G327,LAMEN,CN,2605
CN-2605-ZSWZ-LAMEN-02,1,BEGMO,W13,LASAN,CN,2605
CN-2605-ZSWZ-LAMEN-02,2,LASAN,G327,LAMEN,CN,2605
CN-2605-ZSWZ-MAGOG-01,1,RUPOX,B221,LJG,CN,2605
CN-2605-ZSWZ-MAGOG-01,2,LJG,A470,MAGOG,CN,2605
CN-2605-ZSWZ-NIXAL-01,1,BZ,A470,EMRID,CN,2605
CN-2605-ZSWZ-NIXAL-01,2,EMRID,W135,DOGVI,CN,2605
CN-2605-ZSWZ-NIXAL-01,3,DOGVI,W545,VEMEX,CN,2605
CN-2605-ZSWZ-NIXAL-01,4,VEMEX,W163,HFE,CN,2605
CN-2605-ZSWZ-NIXAL-01,5,HFE,B208,NIXAL,CN,2605
CN-2605-ZSWZ-POLHO-01,1,REMIM,B221,AND,CN,2605
CN-2605-ZSWZ-POLHO-01,2,AND,G204,JTN,CN,2605
CN-2605-ZSWZ-POLHO-01,3,JTN,W116,PK,CN,2605
CN-2605-ZSWZ-POLHO-01,4,PK,G330,PIMOL,CN,2605
CN-2605-ZSWZ-POLHO-01,5,PIMOL,A593,DALIM,CN,2605
CN-2605-ZSWZ-POLHO-01,6,DALIM,W157,VYK,CN,2605
CN-2605-ZSWZ-POLHO-01,7,VYK,G212,SOTMU,CN,2605
CN-2605-ZSWZ-POLHO-01,8,SOTMU,B339,POLHO,CN,2605
CN-2605-ZSWZ-RCKH-01,1,OKATO,R596,SULEM,CN,2605
CN-2605-ZSWZ-RCTP-01,1,OKATO,R596,SULEM,CN,2605
CN-2605-ZSWZ-RCYU-01,1,OKATO,R596,SULEM,CN,2605
CN-2605-ZSWZ-VHHH-01,1,RUPOX,B221,LJG,CN,2605
CN-2605-ZSWZ-VHHH-01,2,LJG,A470,MAGOG,CN,2605
CN-2605-ZSWZ-VMMC-01,1,RUPOX,B221,LJG,CN,2605
CN-2605-ZSWZ-VMMC-01,2,LJG,A470,MAGOG,CN,2605
CN-2605-ZSXZ-AGAVO-01,1,DO,W125,OMUDI,CN,2605
CN-2605-ZSXZ-AGAVO-01,2,OMUDI,W177,YCH,CN,2605
CN-2605-ZSXZ-AGAVO-01,3,YCH,W113,IKADI,CN,2605
CN-2605-ZSXZ-AGAVO-01,4,IKADI,A326,OMLIB,CN,2605
CN-2605-ZSXZ-AGAVO-01,5,OMLIB,W209,AGAVO,CN,2605
CN-2605-ZSXZ-LAMEN-01,1,DO,W125,OMUDI,CN,2605
CN-2605-ZSXZ-LAMEN-01,2,OMUDI,A593,PK,CN,2605
CN-2605-ZSXZ-LAMEN-01,3,PK,W116,JTN,CN,2605
CN-2605-ZSXZ-LAMEN-01,4,JTN,G327,LAMEN,CN,2605
CN-2605-ZSXZ-LINSO-01,1,ATVIM,W127,HFE,CN,2605
CN-2605-ZSXZ-LINSO-01,2,HFE,W50,XSH,CN,2605
CN-2605-ZSXZ-LINSO-01,3,XSH,W80,IDGAG,CN,2605
CN-2605-ZSXZ-LINSO-01,4,IDGAG,A581,QNX,CN,2605
CN-2605-ZSXZ-LINSO-01,5,QNX,W136,XISLI,CN,2605
CN-2605-ZSXZ-LINSO-01,6,XISLI,A581,SGM,CN,2605
CN-2605-ZSXZ-LINSO-01,7,SGM,A599,LINSO,CN,2605
CN-2605-ZSXZ-MAGOG-01,1,DO,W126,DPX,CN,2605
CN-2605-ZSXZ-MAGOG-01,2,DPX,A470,MAGOG,CN,2605
CN-2605-ZSXZ-RCKH-01,1,DO,W126,DPX,CN,2605
CN-2605-ZSXZ-RCKH-01,2,DPX,A470,BZ,CN,2605
CN-2605-ZSXZ-RCKH-01,3,BZ,R596,SULEM,CN,2605
CN-2605-ZSXZ-RCTP-01,1,DO,W126,DPX,CN,2605
CN-2605-ZSXZ-RCTP-01,2,DPX,A470,BZ,CN,2605
CN-2605-ZSXZ-RCTP-01,3,BZ,R596,SULEM,CN,2605
CN-2605-ZSXZ-RCYU-01,1,DO,W126,DPX,CN,2605
CN-2605-ZSXZ-RCYU-01,2,DPX,A470,BZ,CN,2605
CN-2605-ZSXZ-RCYU-01,3,BZ,R596,SULEM,CN,2605
CN-2605-ZSXZ-TAMOT-01,1,DO,W126,DPX,CN,2605
CN-2605-ZSXZ-TAMOT-01,2,DPX,A470,DUBGO,CN,2605
CN-2605-ZSXZ-TAMOT-01,3,DUBGO,W134,ELNEX,CN,2605
CN-2605-ZSXZ-TAMOT-01,4,ELNEX,A599,PLT,CN,2605
CN-2605-ZSXZ-TAMOT-01,5,PLT,W19,NOMAR,CN,2605
CN-2605-ZSXZ-TAMOT-01,6,NOMAR,W18,TAMOT,CN,2605
CN-2605-ZSXZ-TEBAK-01,1,ATVIM,W127,HFE,CN,2605
CN-2605-ZSXZ-TEBAK-01,2,HFE,W50,XSH,CN,2605
CN-2605-ZSXZ-TEBAK-01,3,XSH,W80,UDUMI,CN,2605
CN-2605-ZSXZ-TEBAK-01,4,UDUMI,W37,OLMIB,CN,2605
CN-2605-ZSXZ-TEBAK-01,5,OLMIB,W83,GOSMA,CN,2605
CN-2605-ZSXZ-TEBAK-01,6,GOSMA,R343,WUY,CN,2605
CN-2605-ZSXZ-TEBAK-01,7,WUY,R474,TEBAK,CN,2605
CN-2605-ZSXZ-VHHH-01,1,DO,W126,DPX,CN,2605
CN-2605-ZSXZ-VHHH-01,2,DPX,A470,MAGOG,CN,2605
CN-2605-ZSYA-AGAVO-01,1,NIXEM,W185,YCH,CN,2605
CN-2605-ZSYA-AGAVO-01,2,YCH,W113,IKADI,CN,2605
CN-2605-ZSYA-AGAVO-01,3,IKADI,A326,OMLIB,CN,2605
CN-2605-ZSYA-AGAVO-01,4,OMLIB,W209,AGAVO,CN,2605
CN-2605-ZSYA-LAMEN-01,1,PIMOL,A593,PK,CN,2605
CN-2605-ZSYA-LAMEN-01,2,PK,W116,JTN,CN,2605
CN-2605-ZSYA-LAMEN-01,3,JTN,G327,LAMEN,CN,2605
CN-2605-ZSYA-LINSO-01,1,PIMOL,W184,ZJ,CN,2605
CN-2605-ZSYA-LINSO-01,2,ZJ,G345,OLRIS,CN,2605
CN-2605-ZSYA-LINSO-01,3,OLRIS,R343,MADUK,CN,2605
CN-2605-ZSYA-LINSO-01,4,MADUK,W51,LEGIV,CN,2605
CN-2605-ZSYA-LINSO-01,5,LEGIV,W164,ADGOL,CN,2605
CN-2605-ZSYA-LINSO-01,6,ADGOL,W50,XSH,CN,2605
CN-2605-ZSYA-LINSO-01,7,XSH,W80,IDGAG,CN,2605
CN-2605-ZSYA-LINSO-01,8,IDGAG,A581,QNX,CN,2605
CN-2605-ZSYA-LINSO-01,9,QNX,W136,XISLI,CN,2605
CN-2605-ZSYA-LINSO-01,10,XISLI,A581,SGM,CN,2605
CN-2605-ZSYA-LINSO-01,11,SGM,A599,LINSO,CN,2605
CN-2605-ZSYA-RCTP-01,1,NIXEM,W185,YCH,CN,2605
CN-2605-ZSYA-RCTP-01,2,YCH,W113,SOSMA,CN,2605
CN-2605-ZSYA-RCTP-01,3,SOSMA,W108,MATNU,CN,2605
CN-2605-ZSYA-RCTP-01,4,MATNU,W115,PINOT,CN,2605
CN-2605-ZSYA-RCTP-01,5,PINOT,W13,LASAN,CN,2605
CN-2605-ZSYA-RCTP-01,6,LASAN,G327,BOLEX,CN,2605
CN-2605-ZSYA-RCTP-01,7,BOLEX,B591,KASKA,CN,2605
CN-2605-ZSYA-TAMOT-01,1,PIMOL,W184,ZJ,CN,2605
CN-2605-ZSYA-TAMOT-01,2,ZJ,G345,OLRIS,CN,2605
CN-2605-ZSYA-TAMOT-01,3,OLRIS,A470,DUBGO,CN,2605
CN-2605-ZSYA-TAMOT-01,4,DUBGO,W134,ELNEX,CN,2605
CN-2605-ZSYA-TAMOT-01,5,ELNEX,A599,PLT,CN,2605
CN-2605-ZSYA-TAMOT-01,6,PLT,W19,NOMAR,CN,2605
CN-2605-ZSYA-TAMOT-01,7,NOMAR,W18,TAMOT,CN,2605
CN-2605-ZSYA-TEBAK-01,1,PIMOL,W184,ZJ,CN,2605
CN-2605-ZSYA-TEBAK-01,2,ZJ,G345,OLRIS,CN,2605
CN-2605-ZSYA-TEBAK-01,3,OLRIS,R343,MADUK,CN,2605
CN-2605-ZSYA-TEBAK-01,4,MADUK,W51,LEGIV,CN,2605
CN-2605-ZSYA-TEBAK-01,5,LEGIV,W164,ADGOL,CN,2605
CN-2605-ZSYA-TEBAK-01,6,ADGOL,W50,XSH,CN,2605
CN-2605-ZSYA-TEBAK-01,7,XSH,W80,UDUMI,CN,2605
CN-2605-ZSYA-TEBAK-01,8,UDUMI,W37,OLMIB,CN,2605
CN-2605-ZSYA-TEBAK-01,9,OLMIB,W83,GOSMA,CN,2605
CN-2605-ZSYA-TEBAK-01,10,GOSMA,R343,WUY,CN,2605
CN-2605-ZSYA-TEBAK-01,11,WUY,R474,TEBAK,CN,2605
CN-2605-ZSYN-AGAVO-01,1,YCH,W113,IKADI,CN,2605
CN-2605-ZSYN-AGAVO-01,2,IKADI,A326,OMLIB,CN,2605
CN-2605-ZSYN-AGAVO-01,3,OMLIB,W209,AGAVO,CN,2605
CN-2605-ZSYT-AGAVO-01,1,FZ,W4,IKEKA,CN,2605
CN-2605-ZSYT-AGAVO-01,2,IKEKA,A591,AGAVO,CN,2605
CN-2605-ZSYT-LINSO-01,1,HCH,W4,IPNIT,CN,2605
CN-2605-ZSYT-LINSO-01,2,IPNIT,W37,DUBAS,CN,2605
CN-2605-ZSYT-LINSO-01,3,DUBAS,R343,WHA,CN,2605
CN-2605-ZSYT-LINSO-01,4,WHA,A581,QNX,CN,2605
CN-2605-ZSYT-LINSO-01,5,QNX,W136,XISLI,CN,2605
CN-2605-ZSYT-LINSO-01,6,XISLI,A581,SGM,CN,2605
CN-2605-ZSYT-LINSO-01,7,SGM,A599,LINSO,CN,2605
CN-2605-ZSYT-MAGOG-01,1,FZ,W4,IKEKA,CN,2605
CN-2605-ZSYT-MAGOG-01,2,IKEKA,A326,AKARA,CN,2605
CN-2605-ZSYT-MAGOG-01,3,AKARA,A593,PUD,CN,2605
CN-2605-ZSYT-MAGOG-01,4,PUD,A599,NXD,CN,2605
CN-2605-ZSYT-MAGOG-01,5,NXD,W131,AKDIM,CN,2605
CN-2605-ZSYT-MAGOG-01,6,AKDIM,A470,MAGOG,CN,2605
CN-2605-ZSYT-POLHO-01,1,HCH,W200,DOVIV,CN,2605
CN-2605-ZSYT-POLHO-01,2,DOVIV,W55,PAMRU,CN,2605
CN-2605-ZSYT-POLHO-01,3,PAMRU,W34,LADIX,CN,2605
CN-2605-ZSYT-POLHO-01,4,LADIX,B339,POLHO,CN,2605
CN-2605-ZSYT-RCKH-01,1,FZ,W4,IKEKA,CN,2605
CN-2605-ZSYT-RCKH-01,2,IKEKA,A326,MIGOL,CN,2605
CN-2605-ZSYT-RCKH-01,3,MIGOL,B591,KASKA,CN,2605
CN-2605-ZSYT-RCTP-01,1,FZ,W4,IKEKA,CN,2605
CN-2605-ZSYT-RCTP-01,2,IKEKA,A326,MIGOL,CN,2605
CN-2605-ZSYT-RCTP-01,3,MIGOL,B591,KASKA,CN,2605
CN-2605-ZSYT-RCYU-01,1,FZ,W4,IKEKA,CN,2605
CN-2605-ZSYT-RCYU-01,2,IKEKA,A326,MIGOL,CN,2605
CN-2605-ZSYT-RCYU-01,3,MIGOL,B591,KASKA,CN,2605
CN-2605-ZSYT-RULAD-01,1,HCH,W200,DOVIV,CN,2605
CN-2605-ZSYT-RULAD-01,2,DOVIV,W55,PAMRU,CN,2605
CN-2605-ZSYT-RULAD-01,3,PAMRU,W34,LADIX,CN,2605
CN-2605-ZSYT-RULAD-01,4,LADIX,B339,ASILA,CN,2605
CN-2605-ZSYT-RULAD-01,5,ASILA,A575,UPREK,CN,2605
CN-2605-ZSYT-RULAD-01,6,UPREK,W28,LAGEB,CN,2605
CN-2605-ZSYT-RULAD-01,7,LAGEB,W66,NUKTI,CN,2605
CN-2605-ZSYT-RULAD-01,8,NUKTI,B215,KABDO,CN,2605
CN-2605-ZSYT-RULAD-01,9,KABDO,W119,GOBOK,CN,2605
CN-2605-ZSYT-RULAD-01,10,GOBOK,A343,RULAD,CN,2605
CN-2605-ZSYT-SAGAG-01,1,HCH,W4,LIMGI,CN,2605
CN-2605-ZSYT-SAGAG-01,2,LIMGI,W152,URGOD,CN,2605
CN-2605-ZSYT-SAGAG-01,3,URGOD,W278,AVDIG,CN,2605
CN-2605-ZSYT-SAGAG-01,4,AVDIG,W276,ARELA,CN,2605
CN-2605-ZSYT-SAGAG-01,5,ARELA,W30,XFA,CN,2605
CN-2605-ZSYT-SAGAG-01,6,XFA,A581,SAGAG,CN,2605
CN-2605-ZSYT-SARIN-01,1,HCH,W200,DOVIV,CN,2605
CN-2605-ZSYT-SARIN-01,2,DOVIV,W55,PAMRU,CN,2605
CN-2605-ZSYT-SARIN-01,3,PAMRU,W34,LADIX,CN,2605
CN-2605-ZSYT-SARIN-01,4,LADIX,B339,ASILA,CN,2605
CN-2605-ZSYT-SARIN-01,5,ASILA,A575,UPREK,CN,2605
CN-2605-ZSYT-SARIN-01,6,UPREK,W28,LAGEB,CN,2605
CN-2605-ZSYT-SARIN-01,7,LAGEB,W66,NUKTI,CN,2605
CN-2605-ZSYT-SARIN-01,8,NUKTI,B215,FKG,CN,2605
CN-2605-ZSYT-SARIN-01,9,FKG,A368,SARIN,CN,2605
CN-2605-ZSYW-VHHH-01,1,OSPAM,A470,MAGOG,CN,2605
CN-2605-ZUCK-AGAVO-01,1,OVNUL,W677,IGIRO,CN,2605
CN-2605-ZUCK-AGAVO-01,2,IGIRO,W4,LIMGI,CN,2605
CN-2605-ZUCK-AGAVO-01,3,LIMGI,W175,OLGUP,CN,2605
CN-2605-ZUCK-AGAVO-01,4,OLGUP,G212,VYK,CN,2605
CN-2605-ZUCK-AGAVO-01,5,VYK,W34,VAPGU,CN,2605
CN-2605-ZUCK-AGAVO-01,6,VAPGU,W100,ORAVA,CN,2605
CN-2605-ZUCK-AGAVO-01,7,ORAVA,W201,UNSEK,CN,2605
CN-2605-ZUCK-AGAVO-01,8,UNSEK,A326,DONVO,CN,2605
CN-2605-ZUCK-AGAVO-01,9,DONVO,G597,AGAVO,CN,2605
CN-2605-ZUCK-ARGUK-01,1,OVNUL,W677,IGIRO,CN,2605
CN-2605-ZUCK-ARGUK-01,2,IGIRO,W4,LIMGI,CN,2605
CN-2605-ZUCK-ARGUK-01,3,LIMGI,W175,OLGUP,CN,2605
CN-2605-ZUCK-ARGUK-01,4,OLGUP,G212,SOTMU,CN,2605
CN-2605-ZUCK-ARGUK-01,5,SOTMU,B339,HUR,CN,2605
CN-2605-ZUCK-ARGUK-01,6,HUR,B334,TGO,CN,2605
CN-2605-ZUCK-ARGUK-01,7,TGO,G212,ARGUK,CN,2605
CN-2605-ZUCK-KAMUD-01,1,URGEG,W80,WFX,CN,2605
CN-2605-ZUCK-KAMUD-01,2,WFX,W179,OMBON,CN,2605
CN-2605-ZUCK-KAMUD-01,3,OMBON,W195,IDOPA,CN,2605
CN-2605-ZUCK-KAMUD-01,4,IDOPA,W197,ANDIM,CN,2605
CN-2605-ZUCK-KAMUD-01,5,ANDIM,B215,TODOD,CN,2605
CN-2605-ZUCK-KAMUD-01,6,TODOD,W112,TUSLI,CN,2605
CN-2605-ZUCK-KAMUD-01,7,TUSLI,W187,SADAN,CN,2605
CN-2605-ZUCK-KAMUD-01,8,SADAN,W186,KAMUD,CN,2605
CN-2605-ZUCK-KATBO-01,1,NUDVO,W30,XFA,CN,2605
CN-2605-ZUCK-KATBO-01,2,XFA,A581,SGM,CN,2605
CN-2605-ZUCK-KATBO-01,3,SGM,A599,ADBAG,CN,2605
CN-2605-ZUCK-KATBO-01,4,ADBAG,R471,KATBO,CN,2605
CN-2605-ZUCK-LAMEN-01,1,OLNER,B213,WHA,CN,2605
CN-2605-ZUCK-LAMEN-01,2,WHA,R343,PK,CN,2605
CN-2605-ZUCK-LAMEN-01,3,PK,W116,JTN,CN,2605
CN-2605-ZUCK-LAMEN-01,4,JTN,G327,LAMEN,CN,2605
CN-2605-ZUCK-LINSO-01,1,NUDVO,W30,XFA,CN,2605
CN-2605-ZUCK-LINSO-01,2,XFA,A581,SGM,CN,2605
CN-2605-ZUCK-LINSO-01,3,SGM,A599,LINSO,CN,2605
CN-2605-ZUCK-MORIT-01,1,URGEG,W80,WFX,CN,2605
CN-2605-ZUCK-MORIT-01,2,WFX,W179,OMBON,CN,2605
CN-2605-ZUCK-MORIT-01,3,OMBON,W195,MORIT,CN,2605
CN-2605-ZUCK-NONIM-01,1,URGEG,W80,WFX,CN,2605
CN-2605-ZUCK-NONIM-01,2,WFX,B213,LXA,CN,2605
CN-2605-ZUCK-NONIM-01,3,LXA,B345,NONIM,CN,2605
CN-2605-ZUCK-POLHO-01,1,OVNUL,W677,KADPU,CN,2605
CN-2605-ZUCK-POLHO-01,2,KADPU,W275,WJC,CN,2605
CN-2605-ZUCK-POLHO-01,3,WJC,W193,ALGOV,CN,2605
CN-2605-ZUCK-POLHO-01,4,ALGOV,W101,DUDIL,CN,2605
CN-2605-ZUCK-POLHO-01,5,DUDIL,W69,TOREL,CN,2605
CN-2605-ZUCK-POLHO-01,6,TOREL,W84,HET,CN,2605
CN-2605-ZUCK-POLHO-01,7,HET,G218,POLHO,CN,2605
CN-2605-ZUCK-PURPA-01,1,URGEG,W80,WFX,CN,2605
CN-2605-ZUCK-PURPA-01,2,WFX,W179,OMBON,CN,2605
CN-2605-ZUCK-PURPA-01,3,OMBON,W195,IDOPA,CN,2605
CN-2605-ZUCK-PURPA-01,4,IDOPA,W197,ANDIM,CN,2605
CN-2605-ZUCK-PURPA-01,5,ANDIM,B215,NIXUK,CN,2605
CN-2605-ZUCK-PURPA-01,6,NIXUK,W621,DNH,CN,2605
CN-2605-ZUCK-PURPA-01,7,DNH,W187,MAGIV,CN,2605
CN-2605-ZUCK-PURPA-01,8,MAGIV,B215,PURPA,CN,2605
CN-2605-ZUCK-RCKH-01,1,VILUS,W180,LIDMA,CN,2605
CN-2605-ZUCK-RCKH-01,2,LIDMA,W182,LAGEX,CN,2605
CN-2605-ZUCK-RCKH-01,3,LAGEX,G586,SJG,CN,2605
CN-2605-ZUCK-RCKH-01,4,SJG,B330,POU,CN,2605
CN-2605-ZUCK-RCKH-01,5,POU,G471,SHL,CN,2605
CN-2605-ZUCK-RCKH-01,6,SHL,W22,GUBLO,CN,2605
CN-2605-ZUCK-RCKH-01,7,GUBLO,R200,OLDID,CN,2605
CN-2605-ZUCK-RCMQ-01,1,VILUS,W180,LIDMA,CN,2605
CN-2605-ZUCK-RCMQ-01,2,LIDMA,W182,LAGEX,CN,2605
CN-2605-ZUCK-RCMQ-01,3,LAGEX,G586,SJG,CN,2605
CN-2605-ZUCK-RCMQ-01,4,SJG,B330,POU,CN,2605
CN-2605-ZUCK-RCMQ-01,5,POU,G471,SHL,CN,2605
CN-2605-ZUCK-RCMQ-01,6,SHL,W22,GUBLO,CN,2605
CN-2605-ZUCK-RCMQ-01,7,GUBLO,R200,OLDID,CN,2605
CN-2605-ZUCK-RCSS-01,1,VILUS,W180,LIDMA,CN,2605
CN-2605-ZUCK-RCSS-01,2,LIDMA,W182,LAGEX,CN,2605
CN-2605-ZUCK-RCSS-01,3,LAGEX,G586,SJG,CN,2605
CN-2605-ZUCK-RCSS-01,4,SJG,B330,POU,CN,2605
CN-2605-ZUCK-RCSS-01,5,POU,G471,SHL,CN,2605
CN-2605-ZUCK-RCSS-01,6,SHL,W22,GUBLO,CN,2605
CN-2605-ZUCK-RCSS-01,7,GUBLO,R200,OLDID,CN,2605
CN-2605-ZUCK-RCTP-01,1,VILUS,W180,LIDMA,CN,2605
CN-2605-ZUCK-RCTP-01,2,LIDMA,W182,LAGEX,CN,2605
CN-2605-ZUCK-RCTP-01,3,LAGEX,G586,SJG,CN,2605
CN-2605-ZUCK-RCTP-01,4,SJG,B330,POU,CN,2605
CN-2605-ZUCK-RCTP-01,5,POU,G471,SHL,CN,2605
CN-2605-ZUCK-RCTP-01,6,SHL,W22,GUBLO,CN,2605
CN-2605-ZUCK-RCTP-01,7,GUBLO,R200,OLDID,CN,2605
CN-2605-ZUCK-RCYU-01,1,VILUS,W180,LIDMA,CN,2605
CN-2605-ZUCK-RCYU-01,2,LIDMA,W182,LAGEX,CN,2605
CN-2605-ZUCK-RCYU-01,3,LAGEX,G586,SJG,CN,2605
CN-2605-ZUCK-RCYU-01,4,SJG,B330,POU,CN,2605
CN-2605-ZUCK-RCYU-01,5,POU,G471,SHL,CN,2605
CN-2605-ZUCK-RCYU-01,6,SHL,W22,GUBLO,CN,2605
CN-2605-ZUCK-RCYU-01,7,GUBLO,R200,OLDID,CN,2605
CN-2605-ZUCK-RULAD-01,1,URGEG,W80,WFX,CN,2605
CN-2605-ZUCK-RULAD-01,2,WFX,W179,OMBON,CN,2605
CN-2605-ZUCK-RULAD-01,3,OMBON,W195,IDOPA,CN,2605
CN-2605-ZUCK-RULAD-01,4,IDOPA,W197,ANDIM,CN,2605
CN-2605-ZUCK-RULAD-01,5,ANDIM,B215,IBANO,CN,2605
CN-2605-ZUCK-RULAD-01,6,IBANO,G470,AKLAS,CN,2605
CN-2605-ZUCK-RULAD-01,7,AKLAS,W192,FKG,CN,2605
CN-2605-ZUCK-RULAD-01,8,FKG,B215,KABDO,CN,2605
CN-2605-ZUCK-RULAD-01,9,KABDO,W119,GOBOK,CN,2605
CN-2605-ZUCK-RULAD-01,10,GOBOK,A343,RULAD,CN,2605
CN-2605-ZUCK-SAGAG-01,1,NUDVO,W30,XFA,CN,2605
CN-2605-ZUCK-SAGAG-01,2,XFA,A581,SAGAG,CN,2605
CN-2605-ZUCK-SARIN-01,1,URGEG,W80,WFX,CN,2605
CN-2605-ZUCK-SARIN-01,2,WFX,W179,OMBON,CN,2605
CN-2605-ZUCK-SARIN-01,3,OMBON,W195,IDOPA,CN,2605
CN-2605-ZUCK-SARIN-01,4,IDOPA,W197,ANDIM,CN,2605
CN-2605-ZUCK-SARIN-01,5,ANDIM,B215,IBANO,CN,2605
CN-2605-ZUCK-SARIN-01,6,IBANO,G470,AKLAS,CN,2605
CN-2605-ZUCK-SARIN-01,7,AKLAS,W192,FKG,CN,2605
CN-2605-ZUCK-SARIN-01,8,FKG,A368,SARIN,CN,2605
CN-2605-ZUCK-SARIN-02,1,URGEG,W80,WFX,CN,2605
CN-2605-ZUCK-SARIN-02,2,WFX,W179,OMBON,CN,2605
CN-2605-ZUCK-SARIN-02,3,OMBON,W195,ESPED,CN,2605
CN-2605-ZUCK-SARIN-02,4,ESPED,W66,NUKTI,CN,2605
CN-2605-ZUCK-SARIN-02,5,NUKTI,B215,FKG,CN,2605
CN-2605-ZUCK-SARIN-02,6,FKG,A368,SARIN,CN,2605
CN-2605-ZUCK-SIMLI-01,1,OVNUL,W677,IGIRO,CN,2605
CN-2605-ZUCK-SIMLI-01,2,IGIRO,W4,LIMGI,CN,2605
CN-2605-ZUCK-SIMLI-01,3,LIMGI,W175,OLGUP,CN,2605
CN-2605-ZUCK-SIMLI-01,4,OLGUP,G212,SOTMU,CN,2605
CN-2605-ZUCK-SIMLI-01,5,SOTMU,B339,HUR,CN,2605
CN-2605-ZUCK-SIMLI-01,6,HUR,B334,TGO,CN,2605
CN-2605-ZUCK-SIMLI-01,7,TGO,G212,HRB,CN,2605
CN-2605-ZUCK-SIMLI-01,8,HRB,A588,SIMLI,CN,2605
CN-2605-ZUCK-TAMOT-01,1,VILUS,W180,LIDMA,CN,2605
CN-2605-ZUCK-TAMOT-01,2,LIDMA,W182,LAGEX,CN,2605
CN-2605-ZUCK-TAMOT-01,3,LAGEX,G586,SJG,CN,2605
CN-2605-ZUCK-TAMOT-01,4,SJG,B330,TAMOT,CN,2605
CN-2605-ZUCK-VHHH-01,1,VILUS,W180,LIDMA,CN,2605
CN-2605-ZUCK-VHHH-01,2,LIDMA,W182,LAGEX,CN,2605
CN-2605-ZUCK-VHHH-01,3,LAGEX,G586,SJG,CN,2605
CN-2605-ZUCK-VHHH-01,4,SJG,B330,POU,CN,2605
CN-2605-ZUCK-VHHH-01,5,POU,R473,SIERA,CN,2605
CN-2605-ZUCK-VMMC-01,1,VILUS,W180,LIDMA,CN,2605
CN-2605-ZUCK-VMMC-01,2,LIDMA,W182,LAGEX,CN,2605
CN-2605-ZUCK-VMMC-01,3,LAGEX,G586,SJG,CN,2605
CN-2605-ZUCK-VMMC-01,4,SJG,B330,POU,CN,2605
CN-2605-ZUCK-VMMC-01,5,POU,W7,SAREX,CN,2605
CN-2605-ZUCK-VMMC-01,6,SAREX,W6,LATOP,CN,2605
CN-2605-ZUGY-AGAVO-01,1,AVBOB,W586,TRN,CN,2605
CN-2605-ZUGY-AGAVO-01,2,TRN,W183,HUY,CN,2605
CN-2605-ZUGY-AGAVO-01,3,HUY,A581,IDPOG,CN,2605
CN-2605-ZUGY-AGAVO-01,4,IDPOG,W56,VADMO,CN,2605
CN-2605-ZUGY-AGAVO-01,5,VADMO,W4,WXI,CN,2605
CN-2605-ZUGY-AGAVO-01,6,WXI,W59,SUNOK,CN,2605
CN-2605-ZUGY-AGAVO-01,7,SUNOK,W103,YQG,CN,2605
CN-2605-ZUGY-AGAVO-01,8,YQG,W569,NOBUP,CN,2605
CN-2605-ZUGY-AGAVO-01,9,NOBUP,W4,IKEKA,CN,2605
CN-2605-ZUGY-AGAVO-01,10,IKEKA,A591,AGAVO,CN,2605
CN-2605-ZUGY-ARGUK-01,1,AVBOB,W586,TRN,CN,2605
CN-2605-ZUGY-ARGUK-01,2,TRN,W183,HUY,CN,2605
CN-2605-ZUGY-ARGUK-01,3,HUY,A581,BODUV,CN,2605
CN-2605-ZUGY-ARGUK-01,4,BODUV,W102,EMVIL,CN,2605
CN-2605-ZUGY-ARGUK-01,5,EMVIL,W282,UPSIK,CN,2605
CN-2605-ZUGY-ARGUK-01,6,UPSIK,W4,LIMGI,CN,2605
CN-2605-ZUGY-ARGUK-01,7,LIMGI,W175,OLGUP,CN,2605
CN-2605-ZUGY-ARGUK-01,8,OLGUP,G212,SOTMU,CN,2605
CN-2605-ZUGY-ARGUK-01,9,SOTMU,B339,HUR,CN,2605
CN-2605-ZUGY-ARGUK-01,10,HUR,B334,TGO,CN,2605
CN-2605-ZUGY-ARGUK-01,11,TGO,G212,ARGUK,CN,2605
CN-2605-ZUGY-KATBO-01,1,BIPIP,A581,QNX,CN,2605
CN-2605-ZUGY-KATBO-01,2,QNX,W136,XISLI,CN,2605
CN-2605-ZUGY-KATBO-01,3,XISLI,A581,SGM,CN,2605
CN-2605-ZUGY-KATBO-01,4,SGM,A599,ADBAG,CN,2605
CN-2605-ZUGY-KATBO-01,5,ADBAG,R471,KATBO,CN,2605
CN-2605-ZUGY-LAMEN-01,1,AVBOB,W586,TRN,CN,2605
CN-2605-ZUGY-LAMEN-01,2,TRN,W183,HUY,CN,2605
CN-2605-ZUGY-LAMEN-01,3,HUY,A581,WHA,CN,2605
CN-2605-ZUGY-LAMEN-01,4,WHA,R343,PK,CN,2605
CN-2605-ZUGY-LAMEN-01,5,PK,W116,JTN,CN,2605
CN-2605-ZUGY-LAMEN-01,6,JTN,G327,LAMEN,CN,2605
CN-2605-ZUGY-LINSO-01,1,BIPIP,A581,QNX,CN,2605
CN-2605-ZUGY-LINSO-01,2,QNX,W136,XISLI,CN,2605
CN-2605-ZUGY-LINSO-01,3,XISLI,A581,SGM,CN,2605
CN-2605-ZUGY-LINSO-01,4,SGM,A599,LINSO,CN,2605
CN-2605-ZUGY-MORIT-01,1,BIPIP,W179,OMBON,CN,2605
CN-2605-ZUGY-MORIT-01,2,OMBON,W195,MORIT,CN,2605
CN-2605-ZUGY-RCKH-01,1,DAGVO,W682,LAGEX,CN,2605
CN-2605-ZUGY-RCKH-01,2,LAGEX,G586,SJG,CN,2605
CN-2605-ZUGY-RCKH-01,3,SJG,B330,POU,CN,2605
CN-2605-ZUGY-RCKH-01,4,POU,G471,SHL,CN,2605
CN-2605-ZUGY-RCKH-01,5,SHL,W22,GUBLO,CN,2605
CN-2605-ZUGY-RCKH-01,6,GUBLO,R200,OLDID,CN,2605
CN-2605-ZUGY-RCTP-01,1,DAGVO,W682,LAGEX,CN,2605
CN-2605-ZUGY-RCTP-01,2,LAGEX,G586,SJG,CN,2605
CN-2605-ZUGY-RCTP-01,3,SJG,B330,POU,CN,2605
CN-2605-ZUGY-RCTP-01,4,POU,G471,SHL,CN,2605
CN-2605-ZUGY-RCTP-01,5,SHL,W22,GUBLO,CN,2605
CN-2605-ZUGY-RCTP-01,6,GUBLO,R200,OLDID,CN,2605
CN-2605-ZUGY-RCYU-01,1,DAGVO,W682,LAGEX,CN,2605
CN-2605-ZUGY-RCYU-01,2,LAGEX,G586,SJG,CN,2605
CN-2605-ZUGY-RCYU-01,3,SJG,B330,POU,CN,2605
CN-2605-ZUGY-RCYU-01,4,POU,G471,SHL,CN,2605
CN-2605-ZUGY-RCYU-01,5,SHL,W22,GUBLO,CN,2605
CN-2605-ZUGY-RCYU-01,6,GUBLO,R200,OLDID,CN,2605
CN-2605-ZUGY-SAGAG-01,1,BIPIP,A581,QNX,CN,2605
CN-2605-ZUGY-SAGAG-01,2,QNX,W136,XISLI,CN,2605
CN-2605-ZUGY-SAGAG-01,3,XISLI,A581,SAGAG,CN,2605
CN-2605-ZUGY-SARIN-01,1,BIPIP,W179,OMBON,CN,2605
CN-2605-ZUGY-SARIN-01,2,OMBON,W195,ESPED,CN,2605
CN-2605-ZUGY-SARIN-01,3,ESPED,W66,NUKTI,CN,2605
CN-2605-ZUGY-SARIN-01,4,NUKTI,B215,FKG,CN,2605
CN-2605-ZUGY-SARIN-01,5,FKG,A368,SARIN,CN,2605
CN-2605-ZUGY-SARIN-02,1,BIPIP,W179,OMBON,CN,2605
CN-2605-ZUGY-SARIN-02,2,OMBON,W195,IDOPA,CN,2605
CN-2605-ZUGY-SARIN-02,3,IDOPA,W197,ANDIM,CN,2605
CN-2605-ZUGY-SARIN-02,4,ANDIM,B215,IBANO,CN,2605
CN-2605-ZUGY-SARIN-02,5,IBANO,G470,AKLAS,CN,2605
CN-2605-ZUGY-SARIN-02,6,AKLAS,W192,FKG,CN,2605
CN-2605-ZUGY-SARIN-02,7,FKG,A368,SARIN,CN,2605
CN-2605-ZUGY-TAMOT-01,1,DAGVO,W682,LAGEX,CN,2605
CN-2605-ZUGY-TAMOT-01,2,LAGEX,G586,SJG,CN,2605
CN-2605-ZUGY-TAMOT-01,3,SJG,B330,TAMOT,CN,2605
CN-2605-ZUGY-TEBAK-01,1,DAGVO,W682,LAGEX,CN,2605
CN-2605-ZUGY-TEBAK-01,2,LAGEX,G586,SJG,CN,2605
CN-2605-ZUGY-TEBAK-01,3,SJG,W2,LBN,CN,2605
CN-2605-ZUGY-TEBAK-01,4,LBN,R343,WUY,CN,2605
CN-2605-ZUGY-TEBAK-01,5,WUY,R474,TEBAK,CN,2605
CN-2605-ZUGY-VHHH-01,1,DAGVO,W682,LAGEX,CN,2605
CN-2605-ZUGY-VHHH-01,2,LAGEX,G586,SJG,CN,2605
CN-2605-ZUGY-VHHH-01,3,SJG,B330,POU,CN,2605
CN-2605-ZUGY-VHHH-01,4,POU,R473,SIERA,CN,2605
CN-2605-ZUGY-VMMC-01,1,DAGVO,W682,LAGEX,CN,2605
CN-2605-ZUGY-VMMC-01,2,LAGEX,G586,SJG,CN,2605
CN-2605-ZUGY-VMMC-01,3,SJG,B330,POU,CN,2605
CN-2605-ZUGY-VMMC-01,4,POU,W7,SAREX,CN,2605
CN-2605-ZUGY-VMMC-01,5,SAREX,W6,LATOP,CN,2605
CN-2605-ZULS-NONIM-01,1,LXA,B345,NONIM,CN,2605
CN-2605-ZUTF-AGAVO-01,1,SAGPI,W81,APIMI,CN,2605
CN-2605-ZUTF-AGAVO-01,2,APIMI,W275,WJC,CN,2605
CN-2605-ZUTF-AGAVO-01,3,WJC,G212,VYK,CN,2605
CN-2605-ZUTF-AGAVO-01,4,VYK,W34,VAPGU,CN,2605
CN-2605-ZUTF-AGAVO-01,5,VAPGU,W100,ORAVA,CN,2605
CN-2605-ZUTF-AGAVO-01,6,ORAVA,W201,UNSEK,CN,2605
CN-2605-ZUTF-AGAVO-01,7,UNSEK,A326,DONVO,CN,2605
CN-2605-ZUTF-AGAVO-01,8,DONVO,G597,AGAVO,CN,2605
CN-2605-ZUTF-AGVUT-01R,1,BOKIR,W179,OMBON,CN,2605
CN-2605-ZUTF-AGVUT-01R,2,OMBON,W195,IDOPA,CN,2605
CN-2605-ZUTF-AGVUT-01R,3,IDOPA,W197,ANDIM,CN,2605
CN-2605-ZUTF-AGVUT-01R,4,ANDIM,B215,TODOD,CN,2605
CN-2605-ZUTF-AGVUT-01R,5,TODOD,W112,TUSLI,CN,2605
CN-2605-ZUTF-AGVUT-01R,6,TUSLI,W187,MAGIV,CN,2605
CN-2605-ZUTF-AGVUT-01R,7,MAGIV,B215,DSC,CN,2605
CN-2605-ZUTF-AGVUT-01R,8,DSC,L181,AGVUT,CN,2605
CN-2605-ZUTF-ARGUK-01,1,PEBMO,W694,IPDOX,CN,2605
CN-2605-ZUTF-ARGUK-01,2,IPDOX,W277,MIGIR,CN,2605
CN-2605-ZUTF-ARGUK-01,3,MIGIR,W193,ALGOV,CN,2605
CN-2605-ZUTF-ARGUK-01,4,ALGOV,W101,DUDIL,CN,2605
CN-2605-ZUTF-ARGUK-01,5,DUDIL,W69,BAXOD,CN,2605
CN-2605-ZUTF-ARGUK-01,6,BAXOD,B208,HET,CN,2605
CN-2605-ZUTF-ARGUK-01,7,HET,G218,TMR,CN,2605
CN-2605-ZUTF-ARGUK-01,8,TMR,W86,KAKAT,CN,2605
CN-2605-ZUTF-ARGUK-01,9,KAKAT,B334,TGO,CN,2605
CN-2605-ZUTF-ARGUK-01,10,TGO,G212,ARGUK,CN,2605
CN-2605-ZUTF-KAMUD-01,1,BOKIR,W179,OMBON,CN,2605
CN-2605-ZUTF-KAMUD-01,2,OMBON,W195,IDOPA,CN,2605
CN-2605-ZUTF-KAMUD-01,3,IDOPA,W197,ANDIM,CN,2605
CN-2605-ZUTF-KAMUD-01,4,ANDIM,B215,NIXUK,CN,2605
CN-2605-ZUTF-KAMUD-01,5,NIXUK,W621,DNH,CN,2605
CN-2605-ZUTF-KAMUD-01,6,DNH,W187,SADAN,CN,2605
CN-2605-ZUTF-KAMUD-01,7,SADAN,W186,KAMUD,CN,2605
CN-2605-ZUTF-KAMUD-02,1,BOKIR,W179,OMBON,CN,2605
CN-2605-ZUTF-KAMUD-02,2,OMBON,W195,IDOPA,CN,2605
CN-2605-ZUTF-KAMUD-02,3,IDOPA,W197,ANDIM,CN,2605
CN-2605-ZUTF-KAMUD-02,4,ANDIM,B215,IBANO,CN,2605
CN-2605-ZUTF-KAMUD-02,5,IBANO,G470,AKLAS,CN,2605
CN-2605-ZUTF-KAMUD-02,6,AKLAS,W192,FKG,CN,2605
CN-2605-ZUTF-KAMUD-02,7,FKG,B215,KABDO,CN,2605
CN-2605-ZUTF-KAMUD-02,8,KABDO,W119,LIMDO,CN,2605
CN-2605-ZUTF-KAMUD-02,9,LIMDO,A468,KAMUD,CN,2605
CN-2605-ZUTF-KAMUD-03,1,BOKIR,W179,OMBON,CN,2605
CN-2605-ZUTF-KAMUD-03,2,OMBON,W195,ESPED,CN,2605
CN-2605-ZUTF-KAMUD-03,3,ESPED,W66,NUKTI,CN,2605
CN-2605-ZUTF-KAMUD-03,4,NUKTI,B215,KABDO,CN,2605
CN-2605-ZUTF-KAMUD-03,5,KABDO,W119,LIMDO,CN,2605
CN-2605-ZUTF-KAMUD-03,6,LIMDO,A468,KAMUD,CN,2605
CN-2605-ZUTF-KAMUD-04,1,BOKIR,W179,OMBON,CN,2605
CN-2605-ZUTF-KAMUD-04,2,OMBON,W195,IDOPA,CN,2605
CN-2605-ZUTF-KAMUD-04,3,IDOPA,W197,ANDIM,CN,2605
CN-2605-ZUTF-KAMUD-04,4,ANDIM,B215,TODOD,CN,2605
CN-2605-ZUTF-KAMUD-04,5,TODOD,W112,TUSLI,CN,2605
CN-2605-ZUTF-KAMUD-04,6,TUSLI,W187,SADAN,CN,2605
CN-2605-ZUTF-KAMUD-04,7,SADAN,W186,KAMUD,CN,2605
CN-2605-ZUTF-KATBO-01,1,LUVEN,G212,SGM,CN,2605
CN-2605-ZUTF-KATBO-01,2,SGM,A599,ADBAG,CN,2605
CN-2605-ZUTF-KATBO-01,3,ADBAG,R471,KATBO,CN,2605
CN-2605-ZUTF-LAMEN-01,1,UBRAB,B213,WHA,CN,2605
CN-2605-ZUTF-LAMEN-01,2,WHA,R343,PK,CN,2605
CN-2605-ZUTF-LAMEN-01,3,PK,W116,JTN,CN,2605
CN-2605-ZUTF-LAMEN-01,4,JTN,G327,LAMEN,CN,2605
CN-2605-ZUTF-LINSO-01,1,LUVEN,G212,SGM,CN,2605
CN-2605-ZUTF-LINSO-01,2,SGM,A599,LINSO,CN,2605
CN-2605-ZUTF-MORIT-01,1,BOKIR,W179,OMBON,CN,2605
CN-2605-ZUTF-MORIT-01,2,OMBON,W195,MORIT,CN,2605
CN-2605-ZUTF-NONIM-01,1,MUMGO,B213,LXA,CN,2605
CN-2605-ZUTF-NONIM-01,2,LXA,B345,NONIM,CN,2605
CN-2605-ZUTF-POLHO-01,1,PEBMO,W694,IPDOX,CN,2605
CN-2605-ZUTF-POLHO-01,2,IPDOX,W277,MIGIR,CN,2605
CN-2605-ZUTF-POLHO-01,3,MIGIR,W193,ALGOV,CN,2605
CN-2605-ZUTF-POLHO-01,4,ALGOV,W101,DUDIL,CN,2605
CN-2605-ZUTF-POLHO-01,5,DUDIL,W69,TOREL,CN,2605
CN-2605-ZUTF-POLHO-01,6,TOREL,W84,HET,CN,2605
CN-2605-ZUTF-POLHO-01,7,HET,G218,POLHO,CN,2605
CN-2605-ZUTF-PURPA-01,1,BOKIR,W179,OMBON,CN,2605
CN-2605-ZUTF-PURPA-01,2,OMBON,W195,IDOPA,CN,2605
CN-2605-ZUTF-PURPA-01,3,IDOPA,W197,ANDIM,CN,2605
CN-2605-ZUTF-PURPA-01,4,ANDIM,B215,TODOD,CN,2605
CN-2605-ZUTF-PURPA-01,5,TODOD,W112,TUSLI,CN,2605
CN-2605-ZUTF-PURPA-01,6,TUSLI,W187,MAGIV,CN,2605
CN-2605-ZUTF-PURPA-01,7,MAGIV,B215,PURPA,CN,2605
CN-2605-ZUTF-RCSS-01,1,ATVAX,W234,NIXID,CN,2605
CN-2605-ZUTF-RCSS-01,2,NIXID,B330,KWE,CN,2605
CN-2605-ZUTF-RCSS-01,3,KWE,W181,DUDIT,CN,2605
CN-2605-ZUTF-RCSS-01,4,DUDIT,A599,POU,CN,2605
CN-2605-ZUTF-RCSS-01,5,POU,G471,SHL,CN,2605
CN-2605-ZUTF-RCSS-01,6,SHL,W22,GUBLO,CN,2605
CN-2605-ZUTF-RCSS-01,7,GUBLO,R200,OLDID,CN,2605
CN-2605-ZUTF-RCTP-01,1,ATVAX,W234,NIXID,CN,2605
CN-2605-ZUTF-RCTP-01,2,NIXID,B330,KWE,CN,2605
CN-2605-ZUTF-RCTP-01,3,KWE,W181,DUDIT,CN,2605
CN-2605-ZUTF-RCTP-01,4,DUDIT,A599,POU,CN,2605
CN-2605-ZUTF-RCTP-01,5,POU,G471,SHL,CN,2605
CN-2605-ZUTF-RCTP-01,6,SHL,W22,GUBLO,CN,2605
CN-2605-ZUTF-RCTP-01,7,GUBLO,R200,OLDID,CN,2605
CN-2605-ZUTF-RULAD-01,1,BOKIR,W179,OMBON,CN,2605
CN-2605-ZUTF-RULAD-01,2,OMBON,W195,IDOPA,CN,2605
CN-2605-ZUTF-RULAD-01,3,IDOPA,W197,ANDIM,CN,2605
CN-2605-ZUTF-RULAD-01,4,ANDIM,B215,IBANO,CN,2605
CN-2605-ZUTF-RULAD-01,5,IBANO,G470,AKLAS,CN,2605
CN-2605-ZUTF-RULAD-01,6,AKLAS,W192,FKG,CN,2605
CN-2605-ZUTF-RULAD-01,7,FKG,B215,KABDO,CN,2605
CN-2605-ZUTF-RULAD-01,8,KABDO,W119,GOBOK,CN,2605
CN-2605-ZUTF-RULAD-01,9,GOBOK,A343,RULAD,CN,2605
CN-2605-ZUTF-SAGAG-01,1,LUVEN,G212,SGM,CN,2605
CN-2605-ZUTF-SAGAG-01,2,SGM,A581,SAGAG,CN,2605
CN-2605-ZUTF-SARIN-01,1,BOKIR,W179,OMBON,CN,2605
CN-2605-ZUTF-SARIN-01,2,OMBON,W195,IDOPA,CN,2605
CN-2605-ZUTF-SARIN-01,3,IDOPA,W197,ANDIM,CN,2605
CN-2605-ZUTF-SARIN-01,4,ANDIM,B215,IBANO,CN,2605
CN-2605-ZUTF-SARIN-01,5,IBANO,G470,AKLAS,CN,2605
CN-2605-ZUTF-SARIN-01,6,AKLAS,W192,FKG,CN,2605
CN-2605-ZUTF-SARIN-01,7,FKG,A368,SARIN,CN,2605
CN-2605-ZUTF-SARIN-02,1,BOKIR,W179,OMBON,CN,2605
CN-2605-ZUTF-SARIN-02,2,OMBON,W195,ESPED,CN,2605
CN-2605-ZUTF-SARIN-02,3,ESPED,W66,NUKTI,CN,2605
CN-2605-ZUTF-SARIN-02,4,NUKTI,B215,FKG,CN,2605
CN-2605-ZUTF-SARIN-02,5,FKG,A368,SARIN,CN,2605
CN-2605-ZUTF-TAMOT-01,1,ATVAX,W234,NIXID,CN,2605
CN-2605-ZUTF-TAMOT-01,2,NIXID,B330,KWE,CN,2605
CN-2605-ZUTF-TAMOT-01,3,KWE,W181,DUDIT,CN,2605
CN-2605-ZUTF-TAMOT-01,4,DUDIT,A599,POU,CN,2605
CN-2605-ZUTF-TAMOT-01,5,POU,B330,TAMOT,CN,2605
CN-2605-ZUTF-VHHH-01,1,ATVAX,W234,NIXID,CN,2605
CN-2605-ZUTF-VHHH-01,2,NIXID,B330,KWE,CN,2605
CN-2605-ZUTF-VHHH-01,3,KWE,W181,DUDIT,CN,2605
CN-2605-ZUTF-VHHH-01,4,DUDIT,A599,POU,CN,2605
CN-2605-ZUTF-VHHH-01,5,POU,R473,SIERA,CN,2605
CN-2605-ZUTF-VMMC-01,1,ATVAX,W234,NIXID,CN,2605
CN-2605-ZUTF-VMMC-01,2,NIXID,B330,KWE,CN,2605
CN-2605-ZUTF-VMMC-01,3,KWE,W181,DUDIT,CN,2605
CN-2605-ZUTF-VMMC-01,4,DUDIT,A599,POU,CN,2605
CN-2605-ZUTF-VMMC-01,5,POU,W7,SAREX,CN,2605
CN-2605-ZUTF-VMMC-01,6,SAREX,W6,LATOP,CN,2605
CN-2605-ZUUU-AGAVO-01,1,GURET,W233,AGULU,CN,2605
CN-2605-ZUUU-AGAVO-01,2,AGULU,W81,APIMI,CN,2605
CN-2605-ZUUU-AGAVO-01,3,APIMI,W275,WJC,CN,2605
CN-2605-ZUUU-AGAVO-01,4,WJC,G212,VYK,CN,2605
CN-2605-ZUUU-AGAVO-01,5,VYK,W34,VAPGU,CN,2605
CN-2605-ZUUU-AGAVO-01,6,VAPGU,W100,ORAVA,CN,2605
CN-2605-ZUUU-AGAVO-01,7,ORAVA,W201,UNSEK,CN,2605
CN-2605-ZUUU-AGAVO-01,8,UNSEK,A326,DONVO,CN,2605
CN-2605-ZUUU-AGAVO-01,9,DONVO,G597,AGAVO,CN,2605
CN-2605-ZUUU-ARGUK-01,1,PEBMO,W694,IPDOX,CN,2605
CN-2605-ZUUU-ARGUK-01,2,IPDOX,W277,MIGIR,CN,2605
CN-2605-ZUUU-ARGUK-01,3,MIGIR,W193,ALGOV,CN,2605
CN-2605-ZUUU-ARGUK-01,4,ALGOV,W101,DUDIL,CN,2605
CN-2605-ZUUU-ARGUK-01,5,DUDIL,W69,BAXOD,CN,2605
CN-2605-ZUUU-ARGUK-01,6,BAXOD,B208,HET,CN,2605
CN-2605-ZUUU-ARGUK-01,7,HET,G218,TMR,CN,2605
CN-2605-ZUUU-ARGUK-01,8,TMR,W86,KAKAT,CN,2605
CN-2605-ZUUU-ARGUK-01,9,KAKAT,B334,TGO,CN,2605
CN-2605-ZUUU-ARGUK-01,10,TGO,G212,ARGUK,CN,2605
CN-2605-ZUUU-GOPTO-01,1,BOKIR,W179,OMBON,CN,2605
CN-2605-ZUUU-GOPTO-01,2,OMBON,W195,IDOPA,CN,2605
CN-2605-ZUUU-GOPTO-01,3,IDOPA,W197,ANDIM,CN,2605
CN-2605-ZUUU-GOPTO-01,4,ANDIM,B215,IBANO,CN,2605
CN-2605-ZUUU-GOPTO-01,5,IBANO,G470,AKLAS,CN,2605
CN-2605-ZUUU-GOPTO-01,6,AKLAS,W192,FKG,CN,2605
CN-2605-ZUUU-GOPTO-01,7,FKG,G588,NIRAV,CN,2605
CN-2605-ZUUU-GOPTO-01,8,NIRAV,B206,GOPTO,CN,2605
CN-2605-ZUUU-GOPTO-02,1,BOKIR,W179,OMBON,CN,2605
CN-2605-ZUUU-GOPTO-02,2,OMBON,W195,IDOPA,CN,2605
CN-2605-ZUUU-GOPTO-02,3,IDOPA,W197,ANDIM,CN,2605
CN-2605-ZUUU-GOPTO-02,4,ANDIM,B215,IBANO,CN,2605
CN-2605-ZUUU-GOPTO-02,5,IBANO,G470,QTV,CN,2605
CN-2605-ZUUU-GOPTO-02,6,QTV,W190,ADPET,CN,2605
CN-2605-ZUUU-GOPTO-02,7,ADPET,B206,GOPTO,CN,2605
CN-2605-ZUUU-KAMUD-01,1,BOKIR,W179,OMBON,CN,2605
CN-2605-ZUUU-KAMUD-01,2,OMBON,W195,IDOPA,CN,2605
CN-2605-ZUUU-KAMUD-01,3,IDOPA,W197,ANDIM,CN,2605
CN-2605-ZUUU-KAMUD-01,4,ANDIM,B215,NIXUK,CN,2605
CN-2605-ZUUU-KAMUD-01,5,NIXUK,W621,DNH,CN,2605
CN-2605-ZUUU-KAMUD-01,6,DNH,W187,SADAN,CN,2605
CN-2605-ZUUU-KAMUD-01,7,SADAN,W186,KAMUD,CN,2605
CN-2605-ZUUU-KAMUD-02,1,BOKIR,W179,OMBON,CN,2605
CN-2605-ZUUU-KAMUD-02,2,OMBON,W195,IDOPA,CN,2605
CN-2605-ZUUU-KAMUD-02,3,IDOPA,W197,ANDIM,CN,2605
CN-2605-ZUUU-KAMUD-02,4,ANDIM,B215,TODOD,CN,2605
CN-2605-ZUUU-KAMUD-02,5,TODOD,W112,TUSLI,CN,2605
CN-2605-ZUUU-KAMUD-02,6,TUSLI,W187,SADAN,CN,2605
CN-2605-ZUUU-KAMUD-02,7,SADAN,W186,KAMUD,CN,2605
CN-2605-ZUUU-KATBO-01,1,LUVEN,G212,SGM,CN,2605
CN-2605-ZUUU-KATBO-01,2,SGM,A599,ADBAG,CN,2605
CN-2605-ZUUU-KATBO-01,3,ADBAG,R471,KATBO,CN,2605
CN-2605-ZUUU-LAMEN-01,1,UBRAB,B213,WHA,CN,2605
CN-2605-ZUUU-LAMEN-01,2,WHA,R343,PK,CN,2605
CN-2605-ZUUU-LAMEN-01,3,PK,W116,JTN,CN,2605
CN-2605-ZUUU-LAMEN-01,4,JTN,G327,LAMEN,CN,2605
CN-2605-ZUUU-LINSO-01,1,LUVEN,G212,SGM,CN,2605
CN-2605-ZUUU-LINSO-01,2,SGM,A599,LINSO,CN,2605
CN-2605-ZUUU-MORIT-01,1,BOKIR,W179,OMBON,CN,2605
CN-2605-ZUUU-MORIT-01,2,OMBON,W195,MORIT,CN,2605
CN-2605-ZUUU-NIXAL-01,1,PEBMO,W694,IPDOX,CN,2605
CN-2605-ZUUU-NIXAL-01,2,IPDOX,W277,MIGIR,CN,2605
CN-2605-ZUUU-NIXAL-01,3,MIGIR,W193,ALGOV,CN,2605
CN-2605-ZUUU-NIXAL-01,4,ALGOV,W101,DUDIL,CN,2605
CN-2605-ZUUU-NIXAL-01,5,DUDIL,W69,TOREL,CN,2605
CN-2605-ZUUU-NIXAL-01,6,TOREL,W84,HET,CN,2605
CN-2605-ZUUU-NIXAL-01,7,HET,B208,NIXAL,CN,2605
CN-2605-ZUUU-NONIM-01,1,MUMGO,B213,LXA,CN,2605
CN-2605-ZUUU-NONIM-01,2,LXA,B345,NONIM,CN,2605
CN-2605-ZUUU-POLHO-01,1,PEBMO,W694,IPDOX,CN,2605
CN-2605-ZUUU-POLHO-01,2,IPDOX,W277,MIGIR,CN,2605
CN-2605-ZUUU-POLHO-01,3,MIGIR,W193,ALGOV,CN,2605
CN-2605-ZUUU-POLHO-01,4,ALGOV,W101,DUDIL,CN,2605
CN-2605-ZUUU-POLHO-01,5,DUDIL,W69,TOREL,CN,2605
CN-2605-ZUUU-POLHO-01,6,TOREL,W84,HET,CN,2605
CN-2605-ZUUU-POLHO-01,7,HET,G218,POLHO,CN,2605
CN-2605-ZUUU-PURPA-01,1,BOKIR,W179,OMBON,CN,2605
CN-2605-ZUUU-PURPA-01,2,OMBON,W195,IDOPA,CN,2605
CN-2605-ZUUU-PURPA-01,3,IDOPA,W197,ANDIM,CN,2605
CN-2605-ZUUU-PURPA-01,4,ANDIM,B215,TODOD,CN,2605
CN-2605-ZUUU-PURPA-01,5,TODOD,W112,TUSLI,CN,2605
CN-2605-ZUUU-PURPA-01,6,TUSLI,W187,MAGIV,CN,2605
CN-2605-ZUUU-PURPA-01,7,MAGIV,B215,PURPA,CN,2605
CN-2605-ZUUU-RCKH-01,1,IDBOR,B330,KWE,CN,2605
CN-2605-ZUUU-RCKH-01,2,KWE,W181,DUDIT,CN,2605
CN-2605-ZUUU-RCKH-01,3,DUDIT,A599,POU,CN,2605
CN-2605-ZUUU-RCKH-01,4,POU,G471,SHL,CN,2605
CN-2605-ZUUU-RCKH-01,5,SHL,W22,GUBLO,CN,2605
CN-2605-ZUUU-RCKH-01,6,GUBLO,R200,OLDID,CN,2605
CN-2605-ZUUU-RCMQ-01,1,IDBOR,B330,KWE,CN,2605
CN-2605-ZUUU-RCMQ-01,2,KWE,W181,DUDIT,CN,2605
CN-2605-ZUUU-RCMQ-01,3,DUDIT,A599,POU,CN,2605
CN-2605-ZUUU-RCMQ-01,4,POU,G471,SHL,CN,2605
CN-2605-ZUUU-RCMQ-01,5,SHL,W22,GUBLO,CN,2605
CN-2605-ZUUU-RCMQ-01,6,GUBLO,R200,OLDID,CN,2605
CN-2605-ZUUU-RCSS-01,1,IDBOR,B330,KWE,CN,2605
CN-2605-ZUUU-RCSS-01,2,KWE,W181,DUDIT,CN,2605
CN-2605-ZUUU-RCSS-01,3,DUDIT,A599,POU,CN,2605
CN-2605-ZUUU-RCSS-01,4,POU,G471,SHL,CN,2605
CN-2605-ZUUU-RCSS-01,5,SHL,W22,GUBLO,CN,2605
CN-2605-ZUUU-RCSS-01,6,GUBLO,R200,OLDID,CN,2605
CN-2605-ZUUU-RCTP-01,1,IDBOR,B330,KWE,CN,2605
CN-2605-ZUUU-RCTP-01,2,KWE,W181,DUDIT,CN,2605
CN-2605-ZUUU-RCTP-01,3,DUDIT,A599,POU,CN,2605
CN-2605-ZUUU-RCTP-01,4,POU,G471,SHL,CN,2605
CN-2605-ZUUU-RCTP-01,5,SHL,W22,GUBLO,CN,2605
CN-2605-ZUUU-RCTP-01,6,GUBLO,R200,OLDID,CN,2605
CN-2605-ZUUU-RCYU-01,1,IDBOR,B330,KWE,CN,2605
CN-2605-ZUUU-RCYU-01,2,KWE,W181,DUDIT,CN,2605
CN-2605-ZUUU-RCYU-01,3,DUDIT,A599,POU,CN,2605
CN-2605-ZUUU-RCYU-01,4,POU,G471,SHL,CN,2605
CN-2605-ZUUU-RCYU-01,5,SHL,W22,GUBLO,CN,2605
CN-2605-ZUUU-RCYU-01,6,GUBLO,R200,OLDID,CN,2605
CN-2605-ZUUU-RULAD-01,1,BOKIR,W179,OMBON,CN,2605
CN-2605-ZUUU-RULAD-01,2,OMBON,W195,IDOPA,CN,2605
CN-2605-ZUUU-RULAD-01,3,IDOPA,W197,ANDIM,CN,2605
CN-2605-ZUUU-RULAD-01,4,ANDIM,B215,IBANO,CN,2605
CN-2605-ZUUU-RULAD-01,5,IBANO,G470,AKLAS,CN,2605
CN-2605-ZUUU-RULAD-01,6,AKLAS,W192,FKG,CN,2605
CN-2605-ZUUU-RULAD-01,7,FKG,B215,KABDO,CN,2605
CN-2605-ZUUU-RULAD-01,8,KABDO,W119,GOBOK,CN,2605
CN-2605-ZUUU-RULAD-01,9,GOBOK,A343,RULAD,CN,2605
CN-2605-ZUUU-SAGAG-01,1,LUVEN,G212,SGM,CN,2605
CN-2605-ZUUU-SAGAG-01,2,SGM,A581,SAGAG,CN,2605
CN-2605-ZUUU-SARIN-01,1,BOKIR,W179,OMBON,CN,2605
CN-2605-ZUUU-SARIN-01,2,OMBON,W195,IDOPA,CN,2605
CN-2605-ZUUU-SARIN-01,3,IDOPA,W197,ANDIM,CN,2605
CN-2605-ZUUU-SARIN-01,4,ANDIM,B215,IBANO,CN,2605
CN-2605-ZUUU-SARIN-01,5,IBANO,G470,AKLAS,CN,2605
CN-2605-ZUUU-SARIN-01,6,AKLAS,W192,FKG,CN,2605
CN-2605-ZUUU-SARIN-01,7,FKG,A368,SARIN,CN,2605
CN-2605-ZUUU-SARIN-02,1,BOKIR,W179,OMBON,CN,2605
CN-2605-ZUUU-SARIN-02,2,OMBON,W195,ESPED,CN,2605
CN-2605-ZUUU-SARIN-02,3,ESPED,W66,NUKTI,CN,2605
CN-2605-ZUUU-SARIN-02,4,NUKTI,B215,FKG,CN,2605
CN-2605-ZUUU-SARIN-02,5,FKG,A368,SARIN,CN,2605
CN-2605-ZUUU-SIMLI-01,1,PEBMO,W694,IPDOX,CN,2605
CN-2605-ZUUU-SIMLI-01,2,IPDOX,W277,MIGIR,CN,2605
CN-2605-ZUUU-SIMLI-01,3,MIGIR,W193,ALGOV,CN,2605
CN-2605-ZUUU-SIMLI-01,4,ALGOV,W101,DUDIL,CN,2605
CN-2605-ZUUU-SIMLI-01,5,DUDIL,W69,BAXOD,CN,2605
CN-2605-ZUUU-SIMLI-01,6,BAXOD,B208,HET,CN,2605
CN-2605-ZUUU-SIMLI-01,7,HET,G218,TMR,CN,2605
CN-2605-ZUUU-SIMLI-01,8,TMR,W86,KAKAT,CN,2605
CN-2605-ZUUU-SIMLI-01,9,KAKAT,B334,TGO,CN,2605
CN-2605-ZUUU-SIMLI-01,10,TGO,G212,HRB,CN,2605
CN-2605-ZUUU-SIMLI-01,11,HRB,A588,SIMLI,CN,2605
CN-2605-ZUUU-TAMOT-01,1,IDBOR,B330,KWE,CN,2605
CN-2605-ZUUU-TAMOT-01,2,KWE,W181,DUDIT,CN,2605
CN-2605-ZUUU-TAMOT-01,3,DUDIT,A599,POU,CN,2605
CN-2605-ZUUU-TAMOT-01,4,POU,B330,TAMOT,CN,2605
CN-2605-ZUUU-VHHH-01,1,IDBOR,B330,KWE,CN,2605
CN-2605-ZUUU-VHHH-01,2,KWE,W181,DUDIT,CN,2605
CN-2605-ZUUU-VHHH-01,3,DUDIT,A599,POU,CN,2605
CN-2605-ZUUU-VHHH-01,4,POU,R473,SIERA,CN,2605
CN-2605-ZUUU-VMMC-01,1,IDBOR,B330,KWE,CN,2605
CN-2605-ZUUU-VMMC-01,2,KWE,W181,DUDIT,CN,2605
CN-2605-ZUUU-VMMC-01,3,DUDIT,A599,POU,CN,2605
CN-2605-ZUUU-VMMC-01,4,POU,W7,SAREX,CN,2605
CN-2605-ZUUU-VMMC-01,5,SAREX,W6,LATOP,CN,2605
CN-2605-ZWSH-KAMUD-01,1,KHG,W176,MAGIV,CN,2605
CN-2605-ZWSH-KAMUD-01,2,MAGIV,B215,LESVI,CN,2605
CN-2605-ZWSH-KAMUD-01,3,LESVI,W119,KQS,CN,2605
CN-2605-ZWSH-KAMUD-01,4,KQS,W186,KAMUD,CN,2605
CN-2605-ZWSH-OGIGI-01,1,KHG,L43,OGIGI,CN,2605
CN-2605-ZWSH-PURPA-01,1,KHG,W176,MAGIV,CN,2605
CN-2605-ZWSH-PURPA-01,2,MAGIV,B215,PURPA,CN,2605
CN-2605-ZWWW-AGAVO-01,1,WUR,W190,ADPET,CN,2605
CN-2605-ZWWW-AGAVO-01,2,ADPET,W188,LIKMI,CN,2605
CN-2605-ZWWW-AGAVO-01,3,LIKMI,W270,DKO,CN,2605
CN-2605-ZWWW-AGAVO-01,4,DKO,W69,HUR,CN,2605
CN-2605-ZWWW-AGAVO-01,5,HUR,B339,LADIX,CN,2605
CN-2605-ZWWW-AGAVO-01,6,LADIX,W34,VAPGU,CN,2605
CN-2605-ZWWW-AGAVO-01,7,VAPGU,W100,ORAVA,CN,2605
CN-2605-ZWWW-AGAVO-01,8,ORAVA,W201,UNSEK,CN,2605
CN-2605-ZWWW-AGAVO-01,9,UNSEK,A326,DONVO,CN,2605
CN-2605-ZWWW-AGAVO-01,10,DONVO,G597,AGAVO,CN,2605
CN-2605-ZWWW-AGVUT-01R,1,NIXER,W119,LESVI,CN,2605
CN-2605-ZWWW-AGVUT-01R,2,LESVI,B215,DSC,CN,2605
CN-2605-ZWWW-AGVUT-01R,3,DSC,L181,AGVUT,CN,2605
CN-2605-ZWWW-GOPTO-01,1,WUR,W190,ADPET,CN,2605
CN-2605-ZWWW-GOPTO-01,2,ADPET,B206,GOPTO,CN,2605
CN-2605-ZWWW-KAMUD-01,1,NIXER,W119,LIMDO,CN,2605
CN-2605-ZWWW-KAMUD-01,2,LIMDO,A468,KAMUD,CN,2605
CN-2605-ZWWW-KAMUD-02,1,KABDO,W119,LIMDO,CN,2605
CN-2605-ZWWW-KAMUD-02,2,LIMDO,A468,KAMUD,CN,2605
CN-2605-ZWWW-MORIT-01,1,WUR,W190,ADPET,CN,2605
CN-2605-ZWWW-MORIT-01,2,ADPET,W188,LIKMI,CN,2605
CN-2605-ZWWW-MORIT-01,3,LIKMI,W270,BUVEM,CN,2605
CN-2605-ZWWW-MORIT-01,4,BUVEM,W195,MORIT,CN,2605
CN-2605-ZWWW-OGIGI-01,1,NIXER,W119,KQS,CN,2605
CN-2605-ZWWW-OGIGI-01,2,KQS,W176,KHG,CN,2605
CN-2605-ZWWW-OGIGI-01,3,KHG,L43,OGIGI,CN,2605
CN-2605-ZWWW-PURPA-01,1,NIXER,W119,LESVI,CN,2605
CN-2605-ZWWW-PURPA-01,2,LESVI,B215,PURPA,CN,2605
CN-2605-ZWWW-RCTP-01,1,WUR,W190,ADPET,CN,2605
CN-2605-ZWWW-RCTP-01,2,ADPET,W188,LIKMI,CN,2605
CN-2605-ZWWW-RCTP-01,3,LIKMI,W270,DKO,CN,2605
CN-2605-ZWWW-RCTP-01,4,DKO,W64,NUTLO,CN,2605
CN-2605-ZWWW-RCTP-01,5,NUTLO,B208,CGO,CN,2605
CN-2605-ZWWW-RCTP-01,6,CGO,W129,KAMDA,CN,2605
CN-2605-ZWWW-RCTP-01,7,KAMDA,W128,FYG,CN,2605
CN-2605-ZWWW-RCTP-01,8,FYG,B208,HFE,CN,2605
CN-2605-ZWWW-RCTP-01,9,HFE,R343,UPLEL,CN,2605
CN-2605-ZWWW-RCTP-01,10,UPLEL,W95,SAPIN,CN,2605
CN-2605-ZWWW-RCTP-01,11,SAPIN,A470,BZ,CN,2605
CN-2605-ZWWW-RCTP-01,12,BZ,R596,SULEM,CN,2605
CN-2605-ZWWW-RULAD-01,1,NIXER,W119,GOBOK,CN,2605
CN-2605-ZWWW-RULAD-01,2,GOBOK,A343,RULAD,CN,2605
CN-2605-ZWWW-SAGAG-01,1,WUR,W190,ADPET,CN,2605
CN-2605-ZWWW-SAGAG-01,2,ADPET,W188,LIKMI,CN,2605
CN-2605-ZWWW-SAGAG-01,3,LIKMI,W270,NOLOM,CN,2605
CN-2605-ZWWW-SAGAG-01,4,NOLOM,B330,UBKER,CN,2605
CN-2605-ZWWW-SAGAG-01,5,UBKER,G212,SGM,CN,2605
CN-2605-ZWWW-SAGAG-01,6,SGM,A581,SAGAG,CN,2605
CN-2605-ZWWW-SAGAG-02,1,WUR,W190,ADPET,CN,2605
CN-2605-ZWWW-SAGAG-02,2,ADPET,W188,DAKPA,CN,2605
CN-2605-ZWWW-SAGAG-02,3,DAKPA,W189,AKLAS,CN,2605
CN-2605-ZWWW-SAGAG-02,4,AKLAS,W192,ESDEX,CN,2605
CN-2605-ZWWW-SAGAG-02,5,ESDEX,W191,DNC,CN,2605
CN-2605-ZWWW-SAGAG-02,6,DNC,W565,BIGUX,CN,2605
CN-2605-ZWWW-SAGAG-02,7,BIGUX,B330,UBKER,CN,2605
CN-2605-ZWWW-SAGAG-02,8,UBKER,G212,SGM,CN,2605
CN-2605-ZWWW-SAGAG-02,9,SGM,A581,SAGAG,CN,2605
CN-2605-ZWWW-SARIN-01,1,WUR,W190,VARMI,CN,2605
CN-2605-ZWWW-SARIN-01,2,VARMI,A368,SARIN,CN,2605
CN-2605-ZWWW-TEBUS-01,1,WUR,W190,MULOR,CN,2605
CN-2605-ZWWW-TEBUS-01,2,MULOR,G588,TEBUS,CN,2605
CN-2605-ZWWW-VHHH-01,1,WUR,W190,ADPET,CN,2605
CN-2605-ZWWW-VHHH-01,2,ADPET,W188,DAKPA,CN,2605
CN-2605-ZWWW-VHHH-01,3,DAKPA,W189,AKLAS,CN,2605
CN-2605-ZWWW-VHHH-01,4,AKLAS,W192,ESDEX,CN,2605
CN-2605-ZWWW-VHHH-01,5,ESDEX,W191,DNC,CN,2605
CN-2605-ZWWW-VHHH-01,6,DNC,W565,BIGUX,CN,2605
CN-2605-ZWWW-VHHH-01,7,BIGUX,B330,KWE,CN,2605
CN-2605-ZWWW-VHHH-01,8,KWE,W181,DUDIT,CN,2605
CN-2605-ZWWW-VHHH-01,9,DUDIT,A599,POU,CN,2605
CN-2605-ZWWW-VHHH-01,10,POU,R473,SIERA,CN,2605
CN-2605-ZWWW-VHHH-02,1,WUR,W190,ADPET,CN,2605
CN-2605-ZWWW-VHHH-02,2,ADPET,W188,LIKMI,CN,2605
CN-2605-ZWWW-VHHH-02,3,LIKMI,W270,NOLOM,CN,2605
CN-2605-ZWWW-VHHH-02,4,NOLOM,B330,KWE,CN,2605
CN-2605-ZWWW-VHHH-02,5,KWE,W181,DUDIT,CN,2605
CN-2605-ZWWW-VHHH-02,6,DUDIT,A599,POU,CN,2605
CN-2605-ZWWW-VHHH-02,7,POU,R473,SIERA,CN,2605
CN-2605-ZWWW-VMMC-01,1,WUR,W190,ADPET,CN,2605
CN-2605-ZWWW-VMMC-01,2,ADPET,W188,DAKPA,CN,2605
CN-2605-ZWWW-VMMC-01,3,DAKPA,W189,AKLAS,CN,2605
CN-2605-ZWWW-VMMC-01,4,AKLAS,W192,ESDEX,CN,2605
CN-2605-ZWWW-VMMC-01,5,ESDEX,W191,DNC,CN,2605
CN-2605-ZWWW-VMMC-01,6,DNC,W565,BIGUX,CN,2605
CN-2605-ZWWW-VMMC-01,7,BIGUX,B330,KWE,CN,2605
CN-2605-ZWWW-VMMC-01,8,KWE,W181,DUDIT,CN,2605
CN-2605-ZWWW-VMMC-01,9,DUDIT,A599,POU,CN,2605
CN-2605-ZWWW-VMMC-01,10,POU,W7,SAREX,CN,2605
CN-2605-ZWWW-VMMC-01,11,SAREX,W6,LATOP,CN,2605
CN-2605-ZYCC-AGAVO-01,1,LEMOT,A588,CHI,CN,2605
CN-2605-ZYCC-AGAVO-01,2,CHI,W107,SANKO,CN,2605
CN-2605-ZYCC-AGAVO-01,3,SANKO,A326,DONVO,CN,2605
CN-2605-ZYCC-AGAVO-01,4,DONVO,G597,AGAVO,CN,2605
CN-2605-ZYCC-ARGUK-01,1,ISLUK,W656,PABKI,CN,2605
CN-2605-ZYCC-ARGUK-01,2,PABKI,A588,HRB,CN,2605
CN-2605-ZYCC-ARGUK-01,3,HRB,G212,ARGUK,CN,2605
CN-2605-ZYCC-BISUN-01,1,LJB,G341,WQG,CN,2605
CN-2605-ZYCC-BISUN-01,2,WQG,B451,BISUN,CN,2605
CN-2605-ZYCC-GOLOT-01,1,LEMOT,A588,BIDIB,CN,2605
CN-2605-ZYCC-GOLOT-01,2,BIDIB,A345,GOLOT,CN,2605
CN-2605-ZYCC-INTIK-01,1,BUTET,G341,TGO,CN,2605
CN-2605-ZYCC-INTIK-01,2,TGO,B334,KAKAT,CN,2605
CN-2605-ZYCC-INTIK-01,3,KAKAT,W28,UPREK,CN,2605
CN-2605-ZYCC-INTIK-01,4,UPREK,A575,INTIK,CN,2605
CN-2605-ZYCC-RCKH-01,1,LEMOT,A588,CHI,CN,2605
CN-2605-ZYCC-RCKH-01,2,CHI,W107,SANKO,CN,2605
CN-2605-ZYCC-RCKH-01,3,SANKO,A326,MIGOL,CN,2605
CN-2605-ZYCC-RCKH-01,4,MIGOL,B591,KASKA,CN,2605
CN-2605-ZYCC-RCMQ-01,1,LEMOT,A588,CHI,CN,2605
CN-2605-ZYCC-RCMQ-01,2,CHI,W107,SANKO,CN,2605
CN-2605-ZYCC-RCMQ-01,3,SANKO,A326,MIGOL,CN,2605
CN-2605-ZYCC-RCMQ-01,4,MIGOL,B591,KASKA,CN,2605
CN-2605-ZYCC-RCTP-01,1,LEMOT,A588,CHI,CN,2605
CN-2605-ZYCC-RCTP-01,2,CHI,W107,SANKO,CN,2605
CN-2605-ZYCC-RCTP-01,3,SANKO,A326,MIGOL,CN,2605
CN-2605-ZYCC-RCTP-01,4,MIGOL,B591,KASKA,CN,2605
CN-2605-ZYCC-RCYU-01,1,LEMOT,A588,CHI,CN,2605
CN-2605-ZYCC-RCYU-01,2,CHI,W107,SANKO,CN,2605
CN-2605-ZYCC-RCYU-01,3,SANKO,A326,MIGOL,CN,2605
CN-2605-ZYCC-RCYU-01,4,MIGOL,B591,KASKA,CN,2605
CN-2605-ZYCC-SARUL-01,1,ISLUK,W656,PABKI,CN,2605
CN-2605-ZYCC-SARUL-01,2,PABKI,A588,HRB,CN,2605
CN-2605-ZYCC-SARUL-01,3,HRB,B451,HLD,CN,2605
CN-2605-ZYCC-SARUL-01,4,HLD,A345,KAGAK,CN,2605
CN-2605-ZYCC-SARUL-01,5,KAGAK,G338,SARUL,CN,2605
CN-2605-ZYCC-TAMOT-01,1,BUTET,G341,TGO,CN,2605
CN-2605-ZYCC-TAMOT-01,2,TGO,G212,VYK,CN,2605
CN-2605-ZYCC-TAMOT-01,3,VYK,W37,OMBEB,CN,2605
CN-2605-ZYCC-TAMOT-01,4,OMBEB,R473,WYN,CN,2605
CN-2605-ZYCC-TAMOT-01,5,WYN,W18,TAMOT,CN,2605
CN-2605-ZYCC-TELOK-01,1,ISLUK,W656,PABKI,CN,2605
CN-2605-ZYCC-TELOK-01,2,PABKI,A588,HRB,CN,2605
CN-2605-ZYCC-TELOK-01,3,HRB,B451,HLD,CN,2605
CN-2605-ZYCC-TELOK-01,4,HLD,A345,TELOK,CN,2605
CN-2605-ZYCC-VHHH-01,1,BUTET,G341,TGO,CN,2605
CN-2605-ZYCC-VHHH-01,2,TGO,G212,VYK,CN,2605
CN-2605-ZYCC-VHHH-01,3,VYK,W37,OMBEB,CN,2605
CN-2605-ZYCC-VHHH-01,4,OMBEB,R473,WYN,CN,2605
CN-2605-ZYCC-VHHH-01,5,WYN,W18,NLG,CN,2605
CN-2605-ZYCC-VHHH-01,6,NLG,W23,ZUH,CN,2605
CN-2605-ZYCC-VHHH-01,7,ZUH,R473,SIERA,CN,2605
CN-2605-ZYHB-AGAVO-01,1,DUKIR,W655,NIMEM,CN,2605
CN-2605-ZYHB-AGAVO-01,2,NIMEM,W205,NULRA,CN,2605
CN-2605-ZYHB-AGAVO-01,3,NULRA,A588,CHI,CN,2605
CN-2605-ZYHB-AGAVO-01,4,CHI,W107,SANKO,CN,2605
CN-2605-ZYHB-AGAVO-01,5,SANKO,A326,DONVO,CN,2605
CN-2605-ZYHB-AGAVO-01,6,DONVO,G597,AGAVO,CN,2605
CN-2605-ZYHB-ARGUK-01,1,IGADO,G212,ARGUK,CN,2605
CN-2605-ZYHB-BISUN-01,1,KETOV,B451,BISUN,CN,2605
CN-2605-ZYHB-RCKH-01,1,DUKIR,W655,NIMEM,CN,2605
CN-2605-ZYHB-RCKH-01,2,NIMEM,W205,NULRA,CN,2605
CN-2605-ZYHB-RCKH-01,3,NULRA,A588,CHI,CN,2605
CN-2605-ZYHB-RCKH-01,4,CHI,W107,SANKO,CN,2605
CN-2605-ZYHB-RCKH-01,5,SANKO,A326,MIGOL,CN,2605
CN-2605-ZYHB-RCKH-01,6,MIGOL,B591,KASKA,CN,2605
CN-2605-ZYHB-RCMQ-01,1,DUKIR,W655,NIMEM,CN,2605
CN-2605-ZYHB-RCMQ-01,2,NIMEM,W205,NULRA,CN,2605
CN-2605-ZYHB-RCMQ-01,3,NULRA,A588,CHI,CN,2605
CN-2605-ZYHB-RCMQ-01,4,CHI,W107,SANKO,CN,2605
CN-2605-ZYHB-RCMQ-01,5,SANKO,A326,MIGOL,CN,2605
CN-2605-ZYHB-RCMQ-01,6,MIGOL,B591,KASKA,CN,2605
CN-2605-ZYHB-RCTP-01,1,DUKIR,W655,NIMEM,CN,2605
CN-2605-ZYHB-RCTP-01,2,NIMEM,W205,NULRA,CN,2605
CN-2605-ZYHB-RCTP-01,3,NULRA,A588,CHI,CN,2605
CN-2605-ZYHB-RCTP-01,4,CHI,W107,SANKO,CN,2605
CN-2605-ZYHB-RCTP-01,5,SANKO,A326,MIGOL,CN,2605
CN-2605-ZYHB-RCTP-01,6,MIGOL,B591,KASKA,CN,2605
CN-2605-ZYHB-RCYU-01,1,DUKIR,W655,NIMEM,CN,2605
CN-2605-ZYHB-RCYU-01,2,NIMEM,W205,NULRA,CN,2605
CN-2605-ZYHB-RCYU-01,3,NULRA,A588,CHI,CN,2605
CN-2605-ZYHB-RCYU-01,4,CHI,W107,SANKO,CN,2605
CN-2605-ZYHB-RCYU-01,5,SANKO,A326,MIGOL,CN,2605
CN-2605-ZYHB-RCYU-01,6,MIGOL,B591,KASKA,CN,2605
CN-2605-ZYHB-SIMLI-01,1,BUBDI,A588,SIMLI,CN,2605
CN-2605-ZYHB-TAMOT-01,1,LEGAG,W204,RUSBO,CN,2605
CN-2605-ZYHB-TAMOT-01,2,RUSBO,G212,VYK,CN,2605
CN-2605-ZYHB-TAMOT-01,3,VYK,W37,OMBEB,CN,2605
CN-2605-ZYHB-TAMOT-01,4,OMBEB,R473,WYN,CN,2605
CN-2605-ZYHB-TAMOT-01,5,WYN,W18,TAMOT,CN,2605
CN-2605-ZYHB-TELOK-01,1,ONINA,B451,HLD,CN,2605
CN-2605-ZYHB-TELOK-01,2,HLD,A345,TELOK,CN,2605
CN-2605-ZYHB-VHHH-01,1,LEGAG,W204,RUSBO,CN,2605
CN-2605-ZYHB-VHHH-01,2,RUSBO,G212,VYK,CN,2605
CN-2605-ZYHB-VHHH-01,3,VYK,W37,OMBEB,CN,2605
CN-2605-ZYHB-VHHH-01,4,OMBEB,R473,WYN,CN,2605
CN-2605-ZYHB-VHHH-01,5,WYN,W18,NLG,CN,2605
CN-2605-ZYHB-VHHH-01,6,NLG,W23,ZUH,CN,2605
CN-2605-ZYHB-VHHH-01,7,ZUH,R473,SIERA,CN,2605
CN-2605-ZYHB-VMMC-01,1,LEGAG,W204,RUSBO,CN,2605
CN-2605-ZYHB-VMMC-01,2,RUSBO,G212,VYK,CN,2605
CN-2605-ZYHB-VMMC-01,3,VYK,W37,OMBEB,CN,2605
CN-2605-ZYHB-VMMC-01,4,OMBEB,R473,NOLON,CN,2605
CN-2605-ZYHB-VMMC-01,5,NOLON,W90,POU,CN,2605
CN-2605-ZYHB-VMMC-01,6,POU,W7,SAREX,CN,2605
CN-2605-ZYHB-VMMC-01,7,SAREX,W6,LATOP,CN,2605
CN-2605-ZYJM-AGAVO-01,1,JMU,G212,HRB,CN,2605
CN-2605-ZYJM-AGAVO-01,2,HRB,A588,CHI,CN,2605
CN-2605-ZYJM-AGAVO-01,3,CHI,W107,SANKO,CN,2605
CN-2605-ZYJM-AGAVO-01,4,SANKO,A326,DONVO,CN,2605
CN-2605-ZYJM-AGAVO-01,5,DONVO,G597,AGAVO,CN,2605
CN-2605-ZYMD-BISUN-01,1,MDJ,W39,UGABI,CN,2605
CN-2605-ZYMD-BISUN-01,2,UGABI,B451,BISUN,CN,2605
CN-2605-ZYTL-AGAVO-01,1,POVAG,A326,DONVO,CN,2605
CN-2605-ZYTL-AGAVO-01,2,DONVO,G597,AGAVO,CN,2605
CN-2605-ZYTL-ARGUK-01,1,VENOS,A588,HRB,CN,2605
CN-2605-ZYTL-ARGUK-01,2,HRB,G212,ARGUK,CN,2605
CN-2605-ZYTL-BISUN-01,1,VENOS,A588,LJB,CN,2605
CN-2605-ZYTL-BISUN-01,2,LJB,G341,WQG,CN,2605
CN-2605-ZYTL-BISUN-01,3,WQG,B451,BISUN,CN,2605
CN-2605-ZYTL-POLHO-01,1,ORAVA,W576,OVTUP,CN,2605
CN-2605-ZYTL-POLHO-01,2,OVTUP,W55,PAMRU,CN,2605
CN-2605-ZYTL-POLHO-01,3,PAMRU,W34,LADIX,CN,2605
CN-2605-ZYTL-POLHO-01,4,LADIX,B339,POLHO,CN,2605
CN-2605-ZYTL-RCKH-01,1,POVAG,A326,MIGOL,CN,2605
CN-2605-ZYTL-RCKH-01,2,MIGOL,B591,KASKA,CN,2605
CN-2605-ZYTL-RCTP-01,1,POVAG,A326,MIGOL,CN,2605
CN-2605-ZYTL-RCTP-01,2,MIGOL,B591,KASKA,CN,2605
CN-2605-ZYTL-RCYU-01,1,POVAG,A326,MIGOL,CN,2605
CN-2605-ZYTL-RCYU-01,2,MIGOL,B591,KASKA,CN,2605
CN-2605-ZYTL-SIMLI-01,1,VENOS,A588,SIMLI,CN,2605
CN-2605-ZYTL-TAMOT-01,1,KARPI,W5,HCH,CN,2605
CN-2605-ZYTL-TAMOT-01,2,HCH,W4,IPNIT,CN,2605
CN-2605-ZYTL-TAMOT-01,3,IPNIT,W37,OMBEB,CN,2605
CN-2605-ZYTL-TAMOT-01,4,OMBEB,R473,WYN,CN,2605
CN-2605-ZYTL-TAMOT-01,5,WYN,W18,TAMOT,CN,2605
CN-2605-ZYTL-TELOK-01,1,VENOS,A588,BIDIB,CN,2605
CN-2605-ZYTL-TELOK-01,2,BIDIB,A345,TELOK,CN,2605
CN-2605-ZYTL-TOMUK-01,1,POVAG,A326,SANKO,CN,2605
CN-2605-ZYTL-TOMUK-01,2,SANKO,B332,TOMUK,CN,2605
CN-2605-ZYTL-VHHH-01,1,KARPI,W5,HCH,CN,2605
CN-2605-ZYTL-VHHH-01,2,HCH,W4,IPNIT,CN,2605
CN-2605-ZYTL-VHHH-01,3,IPNIT,W37,OMBEB,CN,2605
CN-2605-ZYTL-VHHH-01,4,OMBEB,R473,WYN,CN,2605
CN-2605-ZYTL-VHHH-01,5,WYN,W18,NLG,CN,2605
CN-2605-ZYTL-VHHH-01,6,NLG,W23,ZUH,CN,2605
CN-2605-ZYTL-VHHH-01,7,ZUH,R473,SIERA,CN,2605
CN-2605-ZYTX-AGAVO-01,1,TOSID,A588,CHI,CN,2605
CN-2605-ZYTX-AGAVO-01,2,CHI,W107,SANKO,CN,2605
CN-2605-ZYTX-AGAVO-01,3,SANKO,A326,DONVO,CN,2605
CN-2605-ZYTX-AGAVO-01,4,DONVO,G597,AGAVO,CN,2605
CN-2605-ZYTX-ARGUK-01,1,LEMOT,A588,HRB,CN,2605
CN-2605-ZYTX-ARGUK-01,2,HRB,G212,ARGUK,CN,2605
CN-2605-ZYTX-BISUN-01,1,LEMOT,A588,LJB,CN,2605
CN-2605-ZYTX-BISUN-01,2,LJB,G341,WQG,CN,2605
CN-2605-ZYTX-BISUN-01,3,WQG,B451,BISUN,CN,2605
CN-2605-ZYTX-GOLOT-01,1,ANSUK,A345,GOLOT,CN,2605
CN-2605-ZYTX-INTIK-01,1,OMDUS,A575,INTIK,CN,2605
CN-2605-ZYTX-RCKH-01,1,TOSID,A588,CHI,CN,2605
CN-2605-ZYTX-RCKH-01,2,CHI,W107,SANKO,CN,2605
CN-2605-ZYTX-RCKH-01,3,SANKO,A326,MIGOL,CN,2605
CN-2605-ZYTX-RCKH-01,4,MIGOL,B591,KASKA,CN,2605
CN-2605-ZYTX-RCTP-01,1,TOSID,A588,CHI,CN,2605
CN-2605-ZYTX-RCTP-01,2,CHI,W107,SANKO,CN,2605
CN-2605-ZYTX-RCTP-01,3,SANKO,A326,MIGOL,CN,2605
CN-2605-ZYTX-RCTP-01,4,MIGOL,B591,KASKA,CN,2605
CN-2605-ZYTX-RCYU-01,1,TOSID,A588,CHI,CN,2605
CN-2605-ZYTX-RCYU-01,2,CHI,W107,SANKO,CN,2605
CN-2605-ZYTX-RCYU-01,3,SANKO,A326,MIGOL,CN,2605
CN-2605-ZYTX-RCYU-01,4,MIGOL,B591,KASKA,CN,2605
CN-2605-ZYTX-RULAD-01,1,OMDUS,A575,CHG,CN,2605
CN-2605-ZYTX-RULAD-01,2,CHG,W31,KAKAT,CN,2605
CN-2605-ZYTX-RULAD-01,3,KAKAT,W28,LAGEB,CN,2605
CN-2605-ZYTX-RULAD-01,4,LAGEB,W66,NUKTI,CN,2605
CN-2605-ZYTX-RULAD-01,5,NUKTI,B215,KABDO,CN,2605
CN-2605-ZYTX-RULAD-01,6,KABDO,W119,GOBOK,CN,2605
CN-2605-ZYTX-RULAD-01,7,GOBOK,A343,RULAD,CN,2605
CN-2605-ZYTX-SAGAG-01,1,OMDUS,A575,CHG,CN,2605
CN-2605-ZYTX-SAGAG-01,2,CHG,G332,MUDAM,CN,2605
CN-2605-ZYTX-SAGAG-01,3,MUDAM,G212,VYK,CN,2605
CN-2605-ZYTX-SAGAG-01,4,VYK,B215,KAPDO,CN,2605
CN-2605-ZYTX-SAGAG-01,5,KAPDO,W276,ANRUG,CN,2605
CN-2605-ZYTX-SAGAG-01,6,ANRUG,W279,ONEBA,CN,2605
CN-2605-ZYTX-SAGAG-01,7,ONEBA,G212,SGM,CN,2605
CN-2605-ZYTX-SAGAG-01,8,SGM,A581,SAGAG,CN,2605
CN-2605-ZYTX-SIMLI-01,1,LEMOT,A588,SIMLI,CN,2605
CN-2605-ZYTX-TAMOT-01,1,OMDUS,A575,CHG,CN,2605
CN-2605-ZYTX-TAMOT-01,2,CHG,G332,MUDAM,CN,2605
CN-2605-ZYTX-TAMOT-01,3,MUDAM,G212,VYK,CN,2605
CN-2605-ZYTX-TAMOT-01,4,VYK,W37,OMBEB,CN,2605
CN-2605-ZYTX-TAMOT-01,5,OMBEB,R473,WYN,CN,2605
CN-2605-ZYTX-TAMOT-01,6,WYN,W18,TAMOT,CN,2605
CN-2605-ZYTX-TELOK-01,1,KYU,A345,TELOK,CN,2605
CN-2605-ZYTX-VHHH-01,1,OMDUS,A575,CHG,CN,2605
CN-2605-ZYTX-VHHH-01,2,CHG,G332,MUDAM,CN,2605
CN-2605-ZYTX-VHHH-01,3,MUDAM,G212,VYK,CN,2605
CN-2605-ZYTX-VHHH-01,4,VYK,W37,OMBEB,CN,2605
CN-2605-ZYTX-VHHH-01,5,OMBEB,R473,WYN,CN,2605
CN-2605-ZYTX-VHHH-01,6,WYN,W18,NLG,CN,2605
CN-2605-ZYTX-VHHH-01,7,NLG,W23,ZUH,CN,2605
CN-2605-ZYTX-VHHH-01,8,ZUH,R473,SIERA,CN,2605
CN-2605-ZYTX-VMMC-01,1,OMDUS,A575,CHG,CN,2605
CN-2605-ZYTX-VMMC-01,2,CHG,G332,MUDAM,CN,2605
CN-2605-ZYTX-VMMC-01,3,MUDAM,G212,VYK,CN,2605
CN-2605-ZYTX-VMMC-01,4,VYK,W37,OMBEB,CN,2605
CN-2605-ZYTX-VMMC-01,5,OMBEB,R473,NOLON,CN,2605
CN-2605-ZYTX-VMMC-01,6,NOLON,W90,POU,CN,2605
CN-2605-ZYTX-VMMC-01,7,POU,W7,SAREX,CN,2605
CN-2605-ZYTX-VMMC-01,8,SAREX,W6,LATOP,CN,2605
FR-2605-A2-23,1,LATOURDUPINLYONEST,A2,RUBLO,FR,2605
FR-2605-A2-23,2,RUBLO,A2,GIRED,FR,2605
FR-2605-A2-23,3,GIRED,A2,BARAN,FR,2605
FR-2605-A2-23,4,BARAN,A2,DANBO,FR,2605
FR-2605-A2-23,5,DANBO,A2,BUSIL,FR,2605
FR-2605-A2-23,6,BUSIL,A2,AMORO,FR,2605
FR-2605-A2-23,7,AMORO,A2,PIBAT,FR,2605
FR-2605-A2-23,8,PIBAT,A2,CACHI,FR,2605
FR-2605-A2-23,9,CACHI,A2,AVLON,FR,2605
FR-2605-A2-23,10,AVLON,A2,OKRIX,FR,2605
FR-2605-A2-23,11,OKRIX,A2,BRAYSURSEINE,FR,2605
FR-2605-A25-425,1,SKESO,A25,LERAK,FR,2605
FR-2605-A25-425,2,LERAK,A25,DINARDPLEURTUITSAINTMALO,FR,2605
FR-2605-A25-425,3,DINARDPLEURTUITSAINTMALO,A25,LABUL,FR,2605
FR-2605-A25-425,4,LABUL,A25,GODAN,FR,2605
FR-2605-A25-425,5,GODAN,A25,TIRAV,FR,2605
FR-2605-A25-425,6,TIRAV,A25,LUSON,FR,2605
FR-2605-A25-425,7,LUSON,A25,PIQFU,FR,2605
FR-2605-A25-425,8,PIQFU,A25,OLERO,FR,2605
FR-2605-A25-425,9,OLERO,A25,MAREN,FR,2605
FR-2605-A25-425,10,MAREN,A25,ROYAN,FR,2605
FR-2605-A25-425,11,ROYAN,A25,ESUZE,FR,2605
FR-2605-A25-425,12,ESUZE,A25,ETPAR,FR,2605
FR-2605-A25-425,13,ETPAR,A25,OBLOC,FR,2605
FR-2605-A25-425,14,OBLOC,A25,TOULOUSEBDRY,FR,2605
FR-2605-A25-425,15,TOULOUSEBDRY,A25,RARAK,FR,2605
FR-2605-A25-425,16,RARAK,A25,AGENGAUDONVILLE,FR,2605
FR-2605-A27-514,1,KANIG,A27,SIJAN,FR,2605
FR-2605-A27-514,2,SIJAN,A27,BRUSC,FR,2605
FR-2605-A27-514,3,BRUSC,A27,MOKDI,FR,2605
FR-2605-A27-514,4,MOKDI,A27,MINPA,FR,2605
FR-2605-A27-514,5,MINPA,A27,PESAN,FR,2605
FR-2605-A27-514,6,PESAN,A27,BAKNO,FR,2605
FR-2605-A27-514,7,BAKNO,A27,MOULINS,FR,2605
FR-2605-A27-514,8,MOULINS,A27,OSKIN,FR,2605
FR-2605-A27-514,9,OSKIN,A27,BRAYSURSEINE,FR,2605
FR-2605-A29-558,1,GIROM,A29,ASPET,FR,2605
FR-2605-A29-558,2,ASPET,A29,AGENGAUDONVILLE,FR,2605
FR-2605-A3-71,1,DOMOD,A3,GILUX,FR,2605
FR-2605-A3-71,2,GILUX,A3,MOTAL,FR,2605
FR-2605-A3-71,3,MOTAL,A3,SANCE,FR,2605
FR-2605-A3-71,4,SANCE,A3,KOTIS,FR,2605
FR-2605-A3-71,5,KOTIS,A3,TRARE,FR,2605
FR-2605-A3-71,6,TRARE,A3,LAMUT,FR,2605
FR-2605-A3-71,7,LAMUT,A3,ATRID,FR,2605
FR-2605-A3-71,8,ATRID,A3,MOULINS,FR,2605
FR-2605-A3-71,9,MOULINS,A3,OMANI,FR,2605
FR-2605-A3-71,10,OMANI,A3,FEDZI,FR,2605
FR-2605-A3-71,11,FEDZI,A3,LESPI,FR,2605
FR-2605-A3-71,12,LESPI,A3,BELVU,FR,2605
FR-2605-A3-71,13,BELVU,A3,ONZON,FR,2605
FR-2605-A3-71,14,ONZON,A3,BELEP,FR,2605
FR-2605-A3-71,15,BELEP,A3,MURRO,FR,2605
FR-2605-A3-71,16,MURRO,A3,AMIKO,FR,2605
FR-2605-A3-71,17,AMIKO,A3,MONTELIMARANCONE,FR,2605
FR-2605-A3-71,18,MONTELIMARANCONE,A3,EVALA,FR,2605
FR-2605-A3-71,19,EVALA,A3,RETNO,FR,2605
FR-2605-A3-71,20,RETNO,A3,PERUS,FR,2605
FR-2605-A3-71,21,PERUS,A3,GEMFU,FR,2605
FR-2605-A3-71,22,GEMFU,A3,AMFOU,FR,2605
FR-2605-A3-71,23,AMFOU,A3,GILON,FR,2605
FR-2605-A3-71,24,GILON,A3,RUBIT,FR,2605
FR-2605-A3-71,25,RUBIT,A3,SAINTTROPEZ,FR,2605
FR-2605-A3-71,26,SAINTTROPEZ,A3,LERMA,FR,2605
FR-2605-A3-71,27,LERMA,A3,OMARD,FR,2605
FR-2605-A3-71,28,OMARD,A3,MERLU,FR,2605
FR-2605-A3-71,29,MERLU,A3,GURPA,FR,2605
FR-2605-A3-71,30,GURPA,A3,SODRI,FR,2605
FR-2605-A3-71,31,SODRI,A3,NORKA,FR,2605
FR-2605-A3-71,32,NORKA,A3,SUDAS,FR,2605
FR-2605-A3-71,33,SUDAS,A3,MILNO,FR,2605
FR-2605-A3-71,34,MILNO,A3,CAPCO,FR,2605
FR-2605-A3-71,35,CAPCO,A3,MIRSA,FR,2605
FR-2605-A30-568,1,TRACA,A30,RUCAC,FR,2605
FR-2605-A30-568,2,RUCAC,A30,IRKUN,FR,2605
FR-2605-A32-600,1,MERLU,A32,CALNO,FR,2605
FR-2605-A32-600,2,CALNO,A32,GORIT,FR,2605
FR-2605-A34-635,1,SITET,A34,ETRAT,FR,2605
FR-2605-A34-635,2,ETRAT,A34,LISEU,FR,2605
FR-2605-A34-635,3,LISEU,A34,LAIGLE,FR,2605
FR-2605-A34-635,4,LAIGLE,A34,BOBSA,FR,2605
FR-2605-A34-635,5,BOBSA,A34,BENAR,FR,2605
FR-2605-A34-635,6,BENAR,A34,KOVAK,FR,2605
FR-2605-A34-635,7,KOVAK,A34,VANAD,FR,2605
FR-2605-A34-635,8,VANAD,A34,AMBOISE,FR,2605
FR-2605-A34-635,9,AMBOISE,A34,SOPIL,FR,2605
FR-2605-A34-635,10,SOPIL,A34,OLINO,FR,2605
FR-2605-A34-635,11,OLINO,A34,BALAN,FR,2605
FR-2605-A34-635,12,BALAN,A34,LIMOGES,FR,2605
FR-2605-A34-635,13,LIMOGES,A34,MAVAC,FR,2605
FR-2605-A34-635,14,MAVAC,A34,PERIG,FR,2605
FR-2605-A34-635,15,PERIG,A34,BUGUS,FR,2605
FR-2605-A34-635,16,BUGUS,A34,RUMEL,FR,2605
FR-2605-A34-635,17,RUMEL,A34,LACOU,FR,2605
FR-2605-A34-635,18,LACOU,A34,AGENGAUDONVILLE,FR,2605
FR-2605-A361-810,1,ELCOB,A361,DETUR,FR,2605
FR-2605-A361-810,2,DETUR,A361,LAIGLE,FR,2605
FR-2605-A361-810,3,LAIGLE,A361,PEPAL,FR,2605
FR-2605-A361-810,4,PEPAL,A361,SAMPO,FR,2605
FR-2605-A5-229,1,LAIGLE,A5,ROLEN,FR,2605
FR-2605-A5-229,2,ROLEN,A5,DIDAK,FR,2605
FR-2605-A5-229,3,DIDAK,A5,ARDOD,FR,2605
FR-2605-A5-229,4,ARDOD,A5,VALAX,FR,2605
FR-2605-A5-229,5,VALAX,A5,NEDAN,FR,2605
FR-2605-A5-229,6,NEDAN,A5,NORMI,FR,2605
FR-2605-A5-229,7,NORMI,A5,EPIXO,FR,2605
FR-2605-A5-229,8,EPIXO,A5,LOTEE,FR,2605
FR-2605-A53-738,1,RONAX,A53,OBATO,FR,2605
FR-2605-A53-738,2,OBATO,A53,NAMAR,FR,2605
FR-2605-A53-738,3,NAMAR,A53,ANGERS,FR,2605
FR-2605-A53-738,4,ANGERS,A53,MONTU,FR,2605
FR-2605-A53-738,5,MONTU,A53,BOBRI,FR,2605
FR-2605-A53-738,6,BOBRI,A53,LUSON,FR,2605
FR-2605-A53-738,7,LUSON,A53,GROSTENQUIN,FR,2605
FR-2605-A53-738,8,GROSTENQUIN,A53,KEZOH,FR,2605
FR-2605-A53-738,9,KEZOH,A53,POGOL,FR,2605
FR-2605-A53-738,10,POGOL,A53,IZPIQ,FR,2605
FR-2605-A53-738,11,IZPIQ,A53,LASAT,FR,2605
FR-2605-A53-738,12,LASAT,A53,MIRGU,FR,2605
FR-2605-A53-738,13,MIRGU,A53,TIRSO,FR,2605
FR-2605-A53-738,14,TIRSO,A53,ARPUS,FR,2605
FR-2605-A53-738,15,ARPUS,A53,HERICOURT,FR,2605
FR-2605-A532-833,1,ROLEN,A532,PEPON,FR,2605
FR-2605-A532-833,2,PEPON,A532,TABIL,FR,2605
FR-2605-A532-833,3,TABIL,A532,GIGOT,FR,2605
FR-2605-A532-833,4,GIGOT,A532,KURIS,FR,2605
FR-2605-A532-833,5,KURIS,A532,RODSA,FR,2605
FR-2605-A532-833,6,RODSA,A532,ROLAMPONT,FR,2605
FR-2605-A532-833,7,ROLAMPONT,A532,VUCTU,FR,2605
FR-2605-A532-833,8,VUCTU,A532,VATRI,FR,2605
FR-2605-A532-833,9,VATRI,A532,DIKOL,FR,2605
FR-2605-A532-833,10,DIKOL,A532,REIMS,FR,2605
FR-2605-A532-833,11,REIMS,A532,BILGO,FR,2605
FR-2605-A532-833,12,BILGO,A532,VERMA,FR,2605
FR-2605-A532-833,13,VERMA,A532,TRACA,FR,2605
FR-2605-A532-833,14,TRACA,A532,RINTI,FR,2605
FR-2605-A6-288,1,BAVOL,A6,BAXIR,FR,2605
FR-2605-A6-288,2,BAXIR,A6,ALIMO,FR,2605
FR-2605-A6-288,3,ALIMO,A6,ARSIL,FR,2605
FR-2605-A6-288,4,ARSIL,A6,SOMDA,FR,2605
FR-2605-A6-288,5,SOMDA,A6,ERTIP,FR,2605
FR-2605-A6-288,6,ERTIP,A6,BALMU,FR,2605
FR-2605-A6-288,7,BALMU,A6,DIJONLONGVIC,FR,2605
FR-2605-A6-288,8,DIJONLONGVIC,A6,ALURA,FR,2605
FR-2605-A6-288,9,ALURA,A6,UBEXU,FR,2605
FR-2605-A6-288,10,UBEXU,A6,BOBSI,FR,2605
FR-2605-A6-288,11,BOBSI,A6,DANBO,FR,2605
FR-2605-A6-288,12,DANBO,A6,LYONSAINTEXUPERY,FR,2605
FR-2605-A6-288,13,LYONSAINTEXUPERY,A6,LUXAN,FR,2605
FR-2605-A6-288,14,LUXAN,A6,ROMAM,FR,2605
FR-2605-A6-288,15,ROMAM,A6,KURIR,FR,2605
FR-2605-A6-288,16,KURIR,A6,MONTELIMARANCONE,FR,2605
FR-2605-A6-288,17,MONTELIMARANCONE,A6,AVIGNONCAUMONT,FR,2605
FR-2605-A6-288,18,AVIGNONCAUMONT,A6,MARTIGUES,FR,2605
FR-2605-A6-288,19,MARTIGUES,A6,BALMO,FR,2605
FR-2605-A6-288,20,BALMO,A6,DIBER,FR,2605
FR-2605-A9-378,1,TORTU,A9,AKUTI,FR,2605
FR-2605-A9-378,2,AKUTI,A9,SUDAS,FR,2605
FR-2605-A9-378,3,SUDAS,A9,OKROK,FR,2605
FR-2605-A9-378,4,OKROK,A9,RECIF,FR,2605
FR-2605-A9-378,5,RECIF,A9,LIBLO,FR,2605
FR-2605-A9-378,6,LIBLO,A9,AJACCIOCOTICHIAVARI,FR,2605
FR-2605-A9-378,7,AJACCIOCOTICHIAVARI,A9,CORSI,FR,2605
FR-2605-B13-916,1,BAVOL,B13,BAXIR,FR,2605
FR-2605-B13-916,2,BAXIR,B13,ALIMO,FR,2605
FR-2605-B13-916,3,ALIMO,B13,ARSIL,FR,2605
FR-2605-B13-916,4,ARSIL,B13,SOMDA,FR,2605
FR-2605-B13-916,5,SOMDA,B13,ROLAMPONT,FR,2605
FR-2605-B19-955,1,AMBOISE,B19,OMARI,FR,2605
FR-2605-B19-955,2,OMARI,B19,POITIERSBIARD,FR,2605
FR-2605-B19-955,3,POITIERSBIARD,B19,VERAC,FR,2605
FR-2605-B19-955,4,VERAC,B19,VAVIX,FR,2605
FR-2605-B19-955,5,VAVIX,B19,ENSAC,FR,2605
FR-2605-B19-955,6,ENSAC,B19,EGOZE,FR,2605
FR-2605-B19-955,7,EGOZE,B19,NEBRU,FR,2605
FR-2605-B19-955,8,NEBRU,B19,DIPER,FR,2605
FR-2605-B19-955,9,DIPER,B19,RUCAC,FR,2605
FR-2605-B25-1003,1,LYONSAINTEXUPERY,B25,LESPI,FR,2605
FR-2605-B25-1003,2,LESPI,B25,SINPO,FR,2605
FR-2605-B31-1037,1,GAILLACCASTELNEAUDEMONTMIRAIL,B31,MONIX,FR,2605
FR-2605-B31-1037,2,MONIX,B31,RIBOU,FR,2605
FR-2605-B31-1037,3,RIBOU,B31,PUMAL,FR,2605
FR-2605-B373-1052,1,MOULINS,B373,NEPAP,FR,2605
FR-2605-B373-1052,2,NEPAP,B373,AVLON,FR,2605
FR-2605-B373-1052,3,AVLON,B373,LUREN,FR,2605
FR-2605-B373-1052,4,LUREN,B373,TROYESBARBEREY,FR,2605
FR-2605-B373-1052,5,TROYESBARBEREY,B373,EPURI,FR,2605
FR-2605-B373-1052,6,EPURI,B373,OKABO,FR,2605
FR-2605-G116-1542,1,NIRDO,G116,NORKA,FR,2605
FR-2605-G27-1273,1,ERCOZ,G27,BADUR,FR,2605
FR-2605-G27-1273,2,BADUR,G27,LERAK,FR,2605
FR-2605-G27-1273,3,LERAK,G27,JERSEY,FR,2605
FR-2605-G27-1273,4,JERSEY,G27,KETIK,FR,2605
FR-2605-G27-1273,5,KETIK,G27,BENIX,FR,2605
FR-2605-G27-1273,6,BENIX,G27,AKIKI,FR,2605
FR-2605-G27-1273,7,AKIKI,G27,EPATI,FR,2605
FR-2605-G27-1273,8,EPATI,G27,ANGLO,FR,2605
FR-2605-G27-1273,9,ANGLO,G27,NEVIL,FR,2605
FR-2605-G271-1549,1,GULDA,G271,BENIX,FR,2605
FR-2605-G272-1553,1,LUSIT,G272,BENIX,FR,2605
FR-2605-G273-1557,1,ANGLO,G273,DIKRO,FR,2605
FR-2605-G273-1557,2,DIKRO,G273,RAVIG,FR,2605
FR-2605-G273-1557,3,RAVIG,G273,BEVAV,FR,2605
FR-2605-G274-1588,1,CAENCARPIQUET,G274,SENLO,FR,2605
FR-2605-G274-1588,2,SENLO,G274,BEVAV,FR,2605
FR-2605-G274-1588,3,BEVAV,G274,BASTIAPORETTA,FR,2605
FR-2605-G274-1588,4,BASTIAPORETTA,G274,RATAP,FR,2605
FR-2605-G274-1588,5,RATAP,G274,RAPUR,FR,2605
FR-2605-G274-1588,6,RAPUR,G274,SODRI,FR,2605
FR-2605-G274-1588,7,SODRI,G274,DIVUL,FR,2605
FR-2605-G274-1588,8,DIVUL,G274,XAMAL,FR,2605
FR-2605-G274-1588,9,XAMAL,G274,AGEVU,FR,2605
FR-2605-G274-1588,10,AGEVU,G274,PERUS,FR,2605
FR-2605-G28-1308,1,CHATEAUROUXDEOLSCTX,G28,GUSON,FR,2605
FR-2605-G28-1308,2,GUSON,G28,LIMOGES,FR,2605
FR-2605-G36-1343,1,LIMOGES,G36,MAKOX,FR,2605
FR-2605-G36-1343,2,MAKOX,G36,ESISI,FR,2605
FR-2605-G36-1343,3,ESISI,G36,RATRA,FR,2605
FR-2605-G36-1343,4,RATRA,G36,LAVRA,FR,2605
FR-2605-G36-1343,5,LAVRA,G36,AULON,FR,2605
FR-2605-G36-1343,6,AULON,G36,GOSAD,FR,2605
FR-2605-G36-1343,7,GOSAD,G36,FINOT,FR,2605
FR-2605-G36-1343,8,FINOT,G36,MASAM,FR,2605
FR-2605-G36-1343,9,MASAM,G36,SALSI,FR,2605
FR-2605-G36-1343,10,SALSI,G36,ORBIL,FR,2605
FR-2605-G39-1387,1,AFRIC,G39,AMOLO,FR,2605
FR-2605-G39-1387,2,AMOLO,G39,MEDAP,FR,2605
FR-2605-G39-1387,3,MEDAP,G39,GAILLACCASTELNEAUDEMONTMIRAIL,FR,2605
FR-2605-G39-1387,4,GAILLACCASTELNEAUDEMONTMIRAIL,G39,LACOU,FR,2605
FR-2605-G39-1387,5,LACOU,G39,SECHE,FR,2605
FR-2605-G39-1387,6,SECHE,G39,OBLOC,FR,2605
FR-2605-G393-1632,1,MONTPELLIERMEDITERRANEE,G393,GIGNA,FR,2605
FR-2605-G393-1632,2,GIGNA,G393,BRUSC,FR,2605
FR-2605-G393-1632,3,BRUSC,G393,AFRIC,FR,2605
FR-2605-G393-1632,4,AFRIC,G393,FINOT,FR,2605
FR-2605-G40-1429,1,PIBAT,G40,TROYESBARBEREY,FR,2605
FR-2605-G40-1429,2,TROYESBARBEREY,G40,ARSIL,FR,2605
FR-2605-G40-1429,3,ARSIL,G40,VATRI,FR,2605
FR-2605-G40-1429,4,VATRI,G40,LUXEUIL,FR,2605
FR-2605-G40-1429,5,LUXEUIL,G40,ARPUS,FR,2605
FR-2605-G40-1429,6,ARPUS,G40,BALEMULHOUSEBLM,FR,2605
FR-2605-G53-1456,1,NINUN,G53,MEZIN,FR,2605
FR-2605-G53-1456,2,MEZIN,G53,AGREV,FR,2605
FR-2605-G53-1456,3,AGREV,G53,AMIKO,FR,2605
FR-2605-G53-1456,4,AMIKO,G53,ETREK,FR,2605
FR-2605-G53-1456,5,ETREK,G53,LUXAN,FR,2605
FR-2605-G54-1508,1,POLLY,G54,GIPEX,FR,2605
FR-2605-G54-1508,2,GIPEX,G54,KUSEK,FR,2605
FR-2605-G54-1508,3,KUSEK,G54,ABDOS,FR,2605
FR-2605-G54-1508,4,ABDOS,G54,VEROS,FR,2605
FR-2605-G54-1508,5,VEROS,G54,DEPOM,FR,2605
FR-2605-G54-1508,6,DEPOM,G54,CHATEAUROUXDEOLSCTX,FR,2605
FR-2605-G54-1508,7,CHATEAUROUXDEOLSCTX,G54,OLINO,FR,2605
FR-2605-G54-1508,8,OLINO,G54,POITIERSBIARD,FR,2605
FR-2605-G54-1508,9,POITIERSBIARD,G54,BETOB,FR,2605
FR-2605-G54-1508,10,BETOB,G54,ABSIE,FR,2605
FR-2605-G54-1508,11,ABSIE,G54,LUGEN,FR,2605
FR-2605-G54-1508,12,LUGEN,G54,TIRAV,FR,2605
FR-2605-G7-1093,1,RUBIT,G7,CUERS,FR,2605
FR-2605-G7-1093,2,CUERS,G7,LANKO,FR,2605
FR-2605-G7-1093,3,LANKO,G7,RIKPO,FR,2605
FR-2605-G7-1093,4,RIKPO,G7,MARSEILLEPROVENCEOB,FR,2605
FR-2605-G7-1093,5,MARSEILLEPROVENCEOB,G7,POMEG,FR,2605
FR-2605-G7-1093,6,POMEG,G7,MARTIGUES,FR,2605
FR-2605-G7-1093,7,MARTIGUES,G7,DIVKO,FR,2605
FR-2605-G7-1093,8,DIVKO,G7,MAMES,FR,2605
FR-2605-G7-1093,9,MAMES,G7,AGENGAUDONVILLE,FR,2605
FR-2605-G7-1093,10,AGENGAUDONVILLE,G7,AUCHE,FR,2605
FR-2605-G7-1093,11,AUCHE,G7,USAKU,FR,2605
FR-2605-G7-1093,12,USAKU,G7,DISIS,FR,2605
FR-2605-G7-1093,13,DISIS,G7,LEMBEYE,FR,2605
FR-2605-G7-1093,14,LEMBEYE,G7,ORTEZ,FR,2605
FR-2605-G7-1093,15,ORTEZ,G7,SOVOS,FR,2605
FR-2605-G7-1093,16,SOVOS,G7,BIDAC,FR,2605
FR-2605-G7-1093,17,BIDAC,G7,LIMOGES,FR,2605
FR-2605-G7-1093,18,LIMOGES,G7,GUERE,FR,2605
FR-2605-G7-1093,19,GUERE,G7,LARON,FR,2605
FR-2605-G7-1093,20,LARON,G7,RISUN,FR,2605
FR-2605-G7-1093,21,RISUN,G7,LEMIN,FR,2605
FR-2605-G7-1093,22,LEMIN,G7,KUKOR,FR,2605
FR-2605-G7-1093,23,KUKOR,G7,MENOX,FR,2605
FR-2605-G7-1093,24,MENOX,G7,ENUPA,FR,2605
FR-2605-G7-1093,25,ENUPA,G7,MOULINS,FR,2605
FR-2605-G7-1093,26,MOULINS,G7,CACHI,FR,2605
FR-2605-G7-1093,27,CACHI,G7,KASON,FR,2605
FR-2605-G7-1093,28,KASON,G7,ROLAMPONT,FR,2605
FR-2605-G7-1093,29,ROLAMPONT,G7,EPINALMIRECOURT,FR,2605
FR-2605-G7-1093,30,EPINALMIRECOURT,G7,GIVOR,FR,2605
FR-2605-G7-1093,31,GIVOR,G7,MONCE,FR,2605
FR-2605-G7-1093,32,MONCE,G7,GROSTENQUIN,FR,2605
FR-2605-G7-1093,33,GROSTENQUIN,G7,MAKOT,FR,2605
FR-2605-G701-1673,1,MARTIGUES,G701,LACAZ,FR,2605
FR-2605-G701-1673,2,LACAZ,G701,TRETS,FR,2605
FR-2605-G701-1673,3,TRETS,G701,OGREN,FR,2605
FR-2605-G701-1673,4,OGREN,G701,ODEGA,FR,2605
FR-2605-G701-1673,5,ODEGA,G701,BIRGO,FR,2605
FR-2605-G701-1673,6,BIRGO,G701,LELUCLECANNET,FR,2605
FR-2605-G702-1703,1,MILNO,G702,EVIRI,FR,2605
FR-2605-G702-1703,2,EVIRI,G702,AKUTI,FR,2605
FR-2605-H20-1748,1,ELVES,H20,BILGO,FR,2605
FR-2605-H20-1748,2,BILGO,H20,PERON,FR,2605
FR-2605-H20-1748,3,PERON,H20,XORBI,FR,2605
FR-2605-H20-1748,4,XORBI,H20,BANTI,FR,2605
FR-2605-H20-1748,5,BANTI,H20,OKRUZ,FR,2605
FR-2605-H20-1748,6,OKRUZ,H20,OLMES,FR,2605
FR-2605-H20-1748,7,OLMES,H20,ELBOX,FR,2605
FR-2605-H20-1748,8,ELBOX,H20,EVRUK,FR,2605
FR-2605-H20-1748,9,EVRUK,H20,LAIGLE,FR,2605
FR-2605-H20-1748,10,LAIGLE,H20,BOBSA,FR,2605
FR-2605-H20-1748,11,BOBSA,H20,BENAR,FR,2605
FR-2605-H20-1748,12,BENAR,H20,KOVAK,FR,2605
FR-2605-H20-1748,13,KOVAK,H20,DOMOD,FR,2605
FR-2605-H20-1748,14,DOMOD,H20,OXOTO,FR,2605
FR-2605-H20-1748,15,OXOTO,H20,OLZOM,FR,2605
FR-2605-H20-1748,16,OLZOM,H20,ABBEVILLE,FR,2605
FR-2605-H34-1818,1,ROSPO,H34,OXIDA,FR,2605
FR-2605-H34-1818,2,OXIDA,H34,DEGEX,FR,2605
FR-2605-H34-1818,3,DEGEX,H34,BAGAD,FR,2605
FR-2605-H34-1818,4,BAGAD,H34,LUTAS,FR,2605
FR-2605-H34-1818,5,LUTAS,H34,ERBIN,FR,2605
FR-2605-H34-1818,6,ERBIN,H34,OGLOT,FR,2605
FR-2605-H34-1818,7,OGLOT,H34,TACRO,FR,2605
FR-2605-H34-1818,8,TACRO,H34,ANGERS,FR,2605
FR-2605-H34-1818,9,ANGERS,H34,SABLE,FR,2605
FR-2605-H34-1818,10,SABLE,H34,TUNAX,FR,2605
FR-2605-H34-1818,11,TUNAX,H34,LUMAN,FR,2605
FR-2605-H34-1818,12,LUMAN,H34,KOVAK,FR,2605
FR-2605-H34-1818,13,KOVAK,H34,CHATEAUDUN,FR,2605
FR-2605-H38-1862,1,RUSIT,H38,MEBAK,FR,2605
FR-2605-H38-1862,2,MEBAK,H38,MADOT,FR,2605
FR-2605-H38-1862,3,MADOT,H38,BELEP,FR,2605
FR-2605-H38-1862,4,BELEP,H38,THIERS,FR,2605
FR-2605-H38-1862,5,THIERS,H38,XORBI,FR,2605
FR-2605-H38-1862,6,XORBI,H38,NEBRU,FR,2605
FR-2605-H38-1862,7,NEBRU,H38,ABBEVILLE,FR,2605
FR-2605-H490-1909,1,LAIGLE,H490,ARGED,FR,2605
FR-2605-H490-1909,2,ARGED,H490,SENLO,FR,2605
FR-2605-H9-1724,1,SUIPE,H9,REIMS,FR,2605
FR-2605-J10-1919,1,NEPAR,J10,NIPOR,FR,2605
FR-2605-J10-1919,2,NIPOR,J10,DIKOL,FR,2605
FR-2605-J10-1919,3,DIKOL,J10,SUIPE,FR,2605
FR-2605-J150-2071,1,PETAX,J150,VELOL,FR,2605
FR-2605-J150-2071,2,VELOL,J150,VEPET,FR,2605
FR-2605-J150-2071,3,VEPET,J150,NEMED,FR,2605
FR-2605-J150-2071,4,NEMED,J150,MATID,FR,2605
FR-2605-J150-2071,5,MATID,J150,MOBRO,FR,2605
FR-2605-J150-2071,6,MOBRO,J150,PITAV,FR,2605
FR-2605-J150-2071,7,PITAV,J150,PEXIR,FR,2605
FR-2605-J150-2071,8,PEXIR,J150,GOTRO,FR,2605
FR-2605-J18-1927,1,KOTAP,J18,OLZOM,FR,2605
FR-2605-J18-1927,2,OLZOM,J18,MOTAL,FR,2605
FR-2605-J18-1927,3,MOTAL,J18,VEROS,FR,2605
FR-2605-J19-1940,1,AJACCIOCOTICHIAVARI,J19,TEREZ,FR,2605
FR-2605-J19-1940,2,TEREZ,J19,OPALE,FR,2605
FR-2605-J19-1940,3,OPALE,J19,ABBEVILLE,FR,2605
FR-2605-J19-1940,4,ABBEVILLE,J19,ATREX,FR,2605
FR-2605-J19-1940,5,ATREX,J19,VESAN,FR,2605
FR-2605-J27-1975,1,KELAM,J27,AFRIC,FR,2605
FR-2605-J27-1975,2,AFRIC,J27,BASLI,FR,2605
FR-2605-J301-2098,1,ROLAMPONT,J301,GORET,FR,2605
FR-2605-J301-2098,2,GORET,J301,DIVDA,FR,2605
FR-2605-J301-2098,3,DIVDA,J301,OKRIX,FR,2605
FR-2605-J301-2098,4,OKRIX,J301,EBOMA,FR,2605
FR-2605-J301-2098,5,EBOMA,J301,MOLBA,FR,2605
FR-2605-J301-2098,6,MOLBA,J301,TROYESBARBEREY,FR,2605
FR-2605-J301-2098,7,TROYESBARBEREY,J301,URELO,FR,2605
FR-2605-J34-1998,1,BUSIL,J34,MOULINS,FR,2605
FR-2605-J55-2006,1,LAIGLE,J55,RONAX,FR,2605
FR-2605-J55-2006,2,RONAX,J55,TUNAX,FR,2605
FR-2605-J55-2006,3,TUNAX,J55,LUTIL,FR,2605
FR-2605-J55-2006,4,LUTIL,J55,GINON,FR,2605
FR-2605-J55-2006,5,GINON,J55,POITIERSBIARD,FR,2605
FR-2605-J55-2006,6,POITIERSBIARD,J55,CAENCARPIQUET,FR,2605
FR-2605-J55-2006,7,CAENCARPIQUET,J55,PESUK,FR,2605
FR-2605-J55-2006,8,PESUK,J55,PEXIR,FR,2605
FR-2605-J55-2006,9,PEXIR,J55,PITAV,FR,2605
FR-2605-J55-2006,10,PITAV,J55,KOLIV,FR,2605
FR-2605-J55-2006,11,KOLIV,J55,MOPAR,FR,2605
FR-2605-J685-2141,1,MARSEILLEPROVENCE,J685,JULEE,FR,2605
FR-2605-J924-2150,1,ENESO,J924,ROMGI,FR,2605
FR-2605-J924-2150,2,ROMGI,J924,ARSOM,FR,2605
FR-2605-J924-2150,3,ARSOM,J924,LESPI,FR,2605
FR-2605-L146-2223,1,MOULE,L146,BASTIAPORETTA,FR,2605
FR-2605-L146-2223,2,BASTIAPORETTA,L146,LIBLO,FR,2605
FR-2605-L47-2180,1,MOREG,L47,SIROD,FR,2605
FR-2605-L47-2180,2,SIROD,L47,ARBOS,FR,2605
FR-2605-L47-2180,3,ARBOS,L47,ROMAM,FR,2605
FR-2605-L47-2180,4,ROMAM,L47,NEDRU,FR,2605
FR-2605-L47-2180,5,NEDRU,L47,RILIP,FR,2605
FR-2605-L615-2285,1,BRAYSURSEINE,L615,LUREN,FR,2605
FR-2605-L615-2285,2,LUREN,L615,DIJONLONGVIC,FR,2605
FR-2605-L615-2285,3,DIJONLONGVIC,L615,LISMO,FR,2605
FR-2605-L615-2285,4,LISMO,L615,SIROD,FR,2605
FR-2605-L615-2285,5,SIROD,L615,DINOX,FR,2605
FR-2605-L615-2285,6,DINOX,L615,SAPRE,FR,2605
FR-2605-L615-2285,7,SAPRE,L615,SOFIK,FR,2605
FR-2605-L615-2285,8,SOFIK,L615,ODNUP,FR,2605
FR-2605-L615-2285,9,ODNUP,L615,WEBCA,FR,2605
FR-2605-L615-2285,10,WEBCA,L615,BANKO,FR,2605
FR-2605-L615-2285,11,BANKO,L615,MOROK,FR,2605
FR-2605-L615-2285,12,MOROK,L615,MEDIM,FR,2605
FR-2605-L615-2285,13,MEDIM,L615,PENDU,FR,2605
FR-2605-L978-2379,1,GOPAT,L978,IWAZA,FR,2605
FR-2605-L978-2379,2,IWAZA,L978,OBOBO,FR,2605
FR-2605-L978-2379,3,OBOBO,L978,BEBEV,FR,2605
FR-2605-M194-2500,1,REVDO,M194,MUREN,FR,2605
FR-2605-M194-2500,2,MUREN,M194,BALEN,FR,2605
FR-2605-M194-2500,3,BALEN,M194,BUKID,FR,2605
FR-2605-M194-2500,4,BUKID,M194,GINOX,FR,2605
FR-2605-M194-2500,5,GINOX,M194,MORSS,FR,2605
FR-2605-M194-2500,6,MORSS,M194,RIPAL,FR,2605
FR-2605-M194-2500,7,RIPAL,M194,BAVON,FR,2605
FR-2605-M194-2500,8,BAVON,M194,ORKUM,FR,2605
FR-2605-M194-2500,9,ORKUM,M194,ELSAG,FR,2605
FR-2605-M194-2500,10,ELSAG,M194,XIDIL,FR,2605
FR-2605-M194-2500,11,XIDIL,M194,PETAX,FR,2605
FR-2605-M194-2500,12,PETAX,M194,BIBAX,FR,2605
FR-2605-M622-2615,1,AJACCIOCOTICHIAVARI,M622,BEBEV,FR,2605
FR-2605-M622-2615,2,BEBEV,M622,OMEDA,FR,2605
FR-2605-M622-2615,3,OMEDA,M622,LONSU,FR,2605
FR-2605-M622-2615,4,LONSU,M622,MERLU,FR,2605
FR-2605-M622-2615,5,MERLU,M622,DIVUL,FR,2605
FR-2605-M622-2615,6,DIVUL,M622,PIGOS,FR,2605
FR-2605-M622-2615,7,PIGOS,M622,NICECOTEDAZUR,FR,2605
FR-2605-M623-2680,1,XAMAL,M623,EBORA,FR,2605
FR-2605-M623-2680,2,EBORA,M623,OMARD,FR,2605
FR-2605-M623-2680,3,OMARD,M623,VAREK,FR,2605
FR-2605-M623-2680,4,VAREK,M623,LOKDU,FR,2605
FR-2605-M623-2680,5,LOKDU,M623,ZEFIR,FR,2605
FR-2605-M623-2680,6,ZEFIR,M623,RIDHO,FR,2605
FR-2605-M623-2680,7,RIDHO,M623,AMPES,FR,2605
FR-2605-M623-2680,8,AMPES,M623,PELOS,FR,2605
FR-2605-M731-2759,1,SALIN,M731,DIVKO,FR,2605
FR-2605-M731-2759,2,DIVKO,M731,TINOT,FR,2605
FR-2605-M731-2759,3,TINOT,M731,BATIV,FR,2605
FR-2605-M731-2759,4,BATIV,M731,MAGOP,FR,2605
FR-2605-M731-2759,5,MAGOP,M731,PELOS,FR,2605
FR-2605-N160-2941,1,LIZAD,N160,TUNIT,FR,2605
FR-2605-N160-2941,2,TUNIT,N160,JERSEY,FR,2605
FR-2605-N160-2941,3,JERSEY,N160,LUSIT,FR,2605
FR-2605-N160-2941,4,LUSIT,N160,XOVPA,FR,2605
FR-2605-N160-2941,5,XOVPA,N160,LISEU,FR,2605
FR-2605-N160-2941,6,LISEU,N160,BERNO,FR,2605
FR-2605-N160-2941,7,BERNO,N160,EVRUK,FR,2605
FR-2605-N160-2941,8,EVRUK,N160,ELCOB,FR,2605
FR-2605-N163-3014,1,OMARD,N163,EPOLO,FR,2605
FR-2605-N163-3014,2,EPOLO,N163,JULEE,FR,2605
FR-2605-N163-3014,3,JULEE,N163,MARTIGUES,FR,2605
FR-2605-N736-3208,1,IVLAM,N736,PETUR,FR,2605
FR-2605-N736-3208,2,PETUR,N736,PIGOS,FR,2605
FR-2605-N853-3280,1,VANAS,N853,MOBLO,FR,2605
FR-2605-N853-3280,2,MOBLO,N853,UBIMA,FR,2605
FR-2605-N853-3280,3,UBIMA,N853,MOLUS,FR,2605
FR-2605-N86-2908,1,PIGOS,N86,ADUDU,FR,2605
FR-2605-N86-2908,2,ADUDU,N86,LERMA,FR,2605
FR-2605-N86-2908,3,LERMA,N86,EPOLO,FR,2605
FR-2605-N86-2908,4,EPOLO,N86,TINOT,FR,2605
FR-2605-N86-2908,5,TINOT,N86,SOSUR,FR,2605
FR-2605-N86-2908,6,SOSUR,N86,BALMO,FR,2605
FR-2605-N86-2908,7,BALMO,N86,MAMES,FR,2605
FR-2605-N867-3460,1,AKIKI,N867,GARMI,FR,2605
FR-2605-N871-3520,1,GIPNO,N871,NAVLA,FR,2605
FR-2605-N871-3520,2,NAVLA,N871,SOPLO,FR,2605
FR-2605-N871-3520,3,SOPLO,N871,OMASI,FR,2605
FR-2605-N871-3520,4,OMASI,N871,KINNI,FR,2605
FR-2605-N871-3520,5,KINNI,N871,MOLUS,FR,2605
FR-2605-N872-3564,1,MEDIL,N872,PITHI,FR,2605
FR-2605-N872-3564,2,PITHI,N872,LESDO,FR,2605
FR-2605-P856-3741,1,ABLAK,P856,MOTIM,FR,2605
FR-2605-P856-3741,2,MOTIM,P856,GILON,FR,2605
FR-2605-P856-3741,3,GILON,P856,NASIK,FR,2605
FR-2605-P856-3741,4,NASIK,P856,RAPED,FR,2605
FR-2605-P856-3741,5,RAPED,P856,ADUDU,FR,2605
FR-2605-P856-3741,6,ADUDU,P856,EBORA,FR,2605
FR-2605-P856-3741,7,EBORA,P856,DIVUL,FR,2605
FR-2605-P856-3741,8,DIVUL,P856,NIRDO,FR,2605
FR-2605-P856-3741,9,NIRDO,P856,EVIRI,FR,2605
FR-2605-P856-3741,10,EVIRI,P856,ALISO,FR,2605
FR-2605-P872-3810,1,OKIVA,P872,DIKEL,FR,2605
FR-2605-P872-3810,2,DIKEL,P872,RATAP,FR,2605
FR-2605-P872-3810,3,RATAP,P872,MEGER,FR,2605
FR-2605-Q226-3871,1,PASSEIRY,Q226,RUMIL,FR,2605
FR-2605-Q226-3871,2,RUMIL,Q226,BEVEN,FR,2605
FR-2605-Q226-3871,3,BEVEN,Q226,BALSI,FR,2605
FR-2605-Q226-3871,4,BALSI,Q226,GROSTENQUIN,FR,2605
FR-2605-Q226-3871,5,GROSTENQUIN,Q226,ERADI,FR,2605
FR-2605-Q226-3871,6,ERADI,Q226,LACAZ,FR,2605
FR-2605-Q226-3871,7,LACAZ,Q226,ABLAK,FR,2605
FR-2605-Q226-3871,8,ABLAK,Q226,ABILI,FR,2605
FR-2605-Q226-3871,9,ABILI,Q226,UGLET,FR,2605
FR-2605-Q226-3871,10,UGLET,Q226,AMFOU,FR,2605
FR-2605-Q763-3910,1,TALUD,Q763,RAPOR,FR,2605
FR-2605-Q763-3910,2,RAPOR,Q763,RENSA,FR,2605
FR-2605-Q763-3910,3,RENSA,Q763,SONUR,FR,2605
FR-2605-Q763-3910,4,SONUR,Q763,SOTUS,FR,2605
FR-2605-Q763-3910,5,SOTUS,Q763,GITAN,FR,2605
FR-2605-Q763-3910,6,GITAN,Q763,GIMER,FR,2605
FR-2605-Q763-3910,7,GIMER,Q763,VEBEK,FR,2605
FR-2605-R10-3983,1,ODILO,R10,SOTIP,FR,2605
FR-2605-R10-3983,2,SOTIP,R10,CHATEAUDUN,FR,2605
FR-2605-R10-3983,3,CHATEAUDUN,R10,DOMOD,FR,2605
FR-2605-R10-3983,4,DOMOD,R10,AMBOISE,FR,2605
FR-2605-R10-3983,5,AMBOISE,R10,SOPIL,FR,2605
FR-2605-R10-3983,6,SOPIL,R10,OLINO,FR,2605
FR-2605-R10-3983,7,OLINO,R10,BALAN,FR,2605
FR-2605-R10-3983,8,BALAN,R10,LIMOGES,FR,2605
FR-2605-R10-3983,9,LIMOGES,R10,NORON,FR,2605
FR-2605-R10-3983,10,NORON,R10,VELIN,FR,2605
FR-2605-R10-3983,11,VELIN,R10,OBLOC,FR,2605
FR-2605-R10-3983,12,OBLOC,R10,ENSAC,FR,2605
FR-2605-R10-3983,13,ENSAC,R10,RILON,FR,2605
FR-2605-R10-3983,14,RILON,R10,MAGEC,FR,2605
FR-2605-R10-3983,15,MAGEC,R10,URUNA,FR,2605
FR-2605-R10-3983,16,URUNA,R10,MOTAL,FR,2605
FR-2605-R10-3983,17,MOTAL,R10,OSKIN,FR,2605
FR-2605-R10-3983,18,OSKIN,R10,KUTAN,FR,2605
FR-2605-R10-3983,19,KUTAN,R10,BALMU,FR,2605
FR-2605-R10-3983,20,BALMU,R10,ROLAMPONT,FR,2605
FR-2605-R10-3983,21,ROLAMPONT,R10,EPINALMIRECOURT,FR,2605
FR-2605-R10-3983,22,EPINALMIRECOURT,R10,POGOL,FR,2605
FR-2605-R10-3983,23,POGOL,R10,PIMZI,FR,2605
FR-2605-R10-3983,24,PIMZI,R10,OBORN,FR,2605
FR-2605-R111-4458,1,DINARDPLEURTUITSAINTMALO,R111,UPALO,FR,2605
FR-2605-R111-4458,2,UPALO,R111,EKRAS,FR,2605
FR-2605-R111-4458,3,EKRAS,R111,LAIGLE,FR,2605
FR-2605-R111-4458,4,LAIGLE,R111,LUXEUIL,FR,2605
FR-2605-R111-4458,5,LUXEUIL,R111,MIRGU,FR,2605
FR-2605-R111-4458,6,MIRGU,R111,BUZUC,FR,2605
FR-2605-R111-4458,7,BUZUC,R111,OBORN,FR,2605
FR-2605-R14-4133,1,EPIXO,R14,ERIGA,FR,2605
FR-2605-R14-4133,2,ERIGA,R14,NORMI,FR,2605
FR-2605-R14-4133,3,NORMI,R14,BALNI,FR,2605
FR-2605-R14-4133,4,BALNI,R14,LABUL,FR,2605
FR-2605-R14-4133,5,LABUL,R14,MINQI,FR,2605
FR-2605-R16-4167,1,KERIT,R16,AKUTI,FR,2605
FR-2605-R16-4167,2,AKUTI,R16,GUNPI,FR,2605
FR-2605-R16-4167,3,GUNPI,R16,GIRAG,FR,2605
FR-2605-R16-4167,4,GIRAG,R16,DOBIM,FR,2605
FR-2605-R161-4519,1,LALUX,R161,MONOT,FR,2605
FR-2605-R161-4519,2,MONOT,R161,GIPEX,FR,2605
FR-2605-R161-4519,3,GIPEX,R161,TRARE,FR,2605
FR-2605-R161-4519,4,TRARE,R161,LEMIN,FR,2605
FR-2605-R161-4519,5,LEMIN,R161,RIVEK,FR,2605
FR-2605-R161-4519,6,RIVEK,R161,CLERMONTFERRANDAUVERGNE,FR,2605
FR-2605-R161-4519,7,CLERMONTFERRANDAUVERGNE,R161,MINDI,FR,2605
FR-2605-R161-4519,8,MINDI,R161,MEZIN,FR,2605
FR-2605-R161-4519,9,MEZIN,R161,MONTELIMARANCONE,FR,2605
FR-2605-R161-4519,10,MONTELIMARANCONE,R161,ABDIL,FR,2605
FR-2605-R161-4519,11,ABDIL,R161,MEDOK,FR,2605
FR-2605-R161-4519,12,MEDOK,R161,AMFOU,FR,2605
FR-2605-R17-4200,1,UVELI,R17,VELIN,FR,2605
FR-2605-R17-4200,2,VELIN,R17,MIRBA,FR,2605
FR-2605-R17-4200,3,MIRBA,R17,SECHE,FR,2605
FR-2605-R17-4200,4,SECHE,R17,DEGUK,FR,2605
FR-2605-R17-4200,5,DEGUK,R17,AGENGAUDONVILLE,FR,2605
FR-2605-R17-4200,6,AGENGAUDONVILLE,R17,LOMRA,FR,2605
FR-2605-R17-4200,7,LOMRA,R17,MONIX,FR,2605
FR-2605-R17-4200,8,MONIX,R17,MORIL,FR,2605
FR-2605-R17-4200,9,MORIL,R17,ODEBU,FR,2605
FR-2605-R17-4200,10,ODEBU,R17,OKASI,FR,2605
FR-2605-R17-4200,11,OKASI,R17,OKEKO,FR,2605
FR-2605-R17-4200,12,OKEKO,R17,OKEPI,FR,2605
FR-2605-R17-4200,13,OKEPI,R17,MOULINS,FR,2605
FR-2605-R31-4272,1,EDOXA,R31,OLZOM,FR,2605
FR-2605-R31-4272,2,OLZOM,R31,ABDOS,FR,2605
FR-2605-R31-4272,3,ABDOS,R31,SANCE,FR,2605
FR-2605-R31-4272,4,SANCE,R31,KOTIS,FR,2605
FR-2605-R31-4272,5,KOTIS,R31,TRARE,FR,2605
FR-2605-R31-4272,6,TRARE,R31,MENOX,FR,2605
FR-2605-R31-4272,7,MENOX,R31,OLUGI,FR,2605
FR-2605-R31-4272,8,OLUGI,R31,THIERS,FR,2605
FR-2605-R31-4272,9,THIERS,R31,PIMAK,FR,2605
FR-2605-R31-4272,10,PIMAK,R31,VEROT,FR,2605
FR-2605-R31-4272,11,VEROT,R31,AGREV,FR,2605
FR-2605-R31-4272,12,AGREV,R31,MONTELIMARANCONE,FR,2605
FR-2605-R491-4570,1,LAIGLE,R491,GALBO,FR,2605
FR-2605-R491-4570,2,GALBO,R491,GILRA,FR,2605
FR-2605-R491-4570,3,GILRA,R491,EKRAS,FR,2605
FR-2605-R491-4570,4,EKRAS,R491,LUMEL,FR,2605
FR-2605-R491-4570,5,LUMEL,R491,TORPA,FR,2605
FR-2605-R491-4570,6,TORPA,R491,SOBLI,FR,2605
FR-2605-R491-4570,7,SOBLI,R491,ROBIR,FR,2605
FR-2605-R50-4316,1,OKRUZ,R50,ABBEVILLE,FR,2605
FR-2605-R50-4316,2,ABBEVILLE,R50,OBIVA,FR,2605
FR-2605-R52-4360,1,SAMPO,R52,GILRA,FR,2605
FR-2605-R66-4371,1,SINPO,R66,RIVEK,FR,2605
FR-2605-R66-4371,2,RIVEK,R66,EMLUG,FR,2605
FR-2605-R66-4371,3,EMLUG,R66,RISUN,FR,2605
FR-2605-R66-4371,4,RISUN,R66,ETUKU,FR,2605
FR-2605-R66-4371,5,ETUKU,R66,GUSON,FR,2605
FR-2605-R66-4371,6,GUSON,R66,BALAN,FR,2605
FR-2605-R66-4371,7,BALAN,R66,TUDRA,FR,2605
FR-2605-R66-4371,8,TUDRA,R66,ADABI,FR,2605
FR-2605-R66-4371,9,ADABI,R66,POITIERSBIARD,FR,2605
FR-2605-R66-4371,10,POITIERSBIARD,R66,BETOB,FR,2605
FR-2605-R66-4371,11,BETOB,R66,ABSIE,FR,2605
FR-2605-R66-4371,12,ABSIE,R66,LUGEN,FR,2605
FR-2605-R66-4371,13,LUGEN,R66,BOBRI,FR,2605
FR-2605-R66-4371,14,BOBRI,R66,RIMON,FR,2605
FR-2605-R66-4371,15,RIMON,R66,KORER,FR,2605
FR-2605-R66-4371,16,KORER,R66,LENSU,FR,2605
FR-2605-R66-4371,17,LENSU,R66,ERCOZ,FR,2605
FR-2605-R66-4371,18,ERCOZ,R66,ADADA,FR,2605
FR-2605-R66-4371,19,ADADA,R66,AGOPA,FR,2605
FR-2605-R66-4371,20,AGOPA,R66,ARKIP,FR,2605
FR-2605-R7-3946,1,GROSTENQUIN,R7,UFONE,FR,2605
FR-2605-R7-3946,2,UFONE,R7,PHALO,FR,2605
FR-2605-R7-3946,3,PHALO,R7,LUPEN,FR,2605
FR-2605-T11-4613,1,OSKIN,T11,DIVDA,FR,2605
FR-2605-T11-4613,2,DIVDA,T11,LUREN,FR,2605
FR-2605-T11-4613,3,LUREN,T11,SOMDA,FR,2605
FR-2605-T11-4613,4,SOMDA,T11,VATRI,FR,2605
FR-2605-T11-4613,5,VATRI,T11,ARNOT,FR,2605
FR-2605-T11-4613,6,ARNOT,T11,MOROK,FR,2605
FR-2605-T11-4613,7,MOROK,T11,PELOK,FR,2605
FR-2605-T11-4613,8,PELOK,T11,GILIR,FR,2605
FR-2605-T11-4613,9,GILIR,T11,TUROM,FR,2605
FR-2605-T11-4613,10,TUROM,T11,BOLGI,FR,2605
FR-2605-T11-4613,11,BOLGI,T11,MILPA,FR,2605
FR-2605-T11-4613,12,MILPA,T11,GIRKU,FR,2605
FR-2605-T11-4613,13,GIRKU,T11,ONNOF,FR,2605
FR-2605-T11-4613,14,ONNOF,T11,SABLE,FR,2605
FR-2605-T11-4613,15,SABLE,T11,ARDOD,FR,2605
FR-2605-T11-4613,16,ARDOD,T11,KURIS,FR,2605
FR-2605-T11-4613,17,KURIS,T11,BENAR,FR,2605
FR-2605-T11-4613,18,BENAR,T11,CHATEAUDUN,FR,2605
FR-2605-T11-4613,19,CHATEAUDUN,T11,OBLOC,FR,2605
FR-2605-T11-4613,20,OBLOC,T11,LIMOGESBDRY,FR,2605
FR-2605-T11-4613,21,LIMOGESBDRY,T11,RUBGI,FR,2605
FR-2605-T11-4613,22,RUBGI,T11,SOMTI,FR,2605
FR-2605-T11-4613,23,SOMTI,T11,ABBEVILLE,FR,2605
FR-2605-T11-4613,24,ABBEVILLE,T11,DIMAL,FR,2605
FR-2605-T11-4613,25,DIMAL,T11,ALESO,FR,2605
FR-2605-T11-4613,26,ALESO,T11,RATUK,FR,2605
FR-2605-T11-4613,27,RATUK,T11,PEKIM,FR,2605
FR-2605-T11-4613,28,PEKIM,T11,PILUL,FR,2605
FR-2605-T11-4613,29,PILUL,T11,PIMUP,FR,2605
FR-2605-T120-4953,1,UPALO,T120,BADUR,FR,2605
FR-2605-T120-4953,2,BADUR,T120,ANLEV,FR,2605
FR-2605-T120-4953,3,ANLEV,T120,SOPEX,FR,2605
FR-2605-T120-4953,4,SOPEX,T120,BODIL,FR,2605
FR-2605-T120-4953,5,BODIL,T120,ARDEG,FR,2605
FR-2605-T123-4981,1,SAURG,T123,KURIR,FR,2605
FR-2605-T123-4981,2,KURIR,T123,MONCE,FR,2605
FR-2605-T123-4981,3,MONCE,T123,POGOL,FR,2605
FR-2605-T123-4981,4,POGOL,T123,BEVOL,FR,2605
FR-2605-T123-4981,5,BEVOL,T123,AMBOISE,FR,2605
FR-2605-T123-4981,6,AMBOISE,T123,DIBES,FR,2605
FR-2605-T123-4981,7,DIBES,T123,DOMOD,FR,2605
FR-2605-T123-4981,8,DOMOD,T123,CHATEAUDUN,FR,2605
FR-2605-T123-4981,9,CHATEAUDUN,T123,TINOT,FR,2605
FR-2605-T123-4981,10,TINOT,T123,OKSER,FR,2605
FR-2605-T123-4981,11,OKSER,T123,APRUR,FR,2605
FR-2605-T123-4981,12,APRUR,T123,NISEK,FR,2605
FR-2605-T258-5124,1,USAKU,T258,RARAK,FR,2605
FR-2605-T258-5124,2,RARAK,T258,DEGUK,FR,2605
FR-2605-T258-5124,3,DEGUK,T258,LACOU,FR,2605
FR-2605-T258-5124,4,LACOU,T258,DISIS,FR,2605
FR-2605-T258-5124,5,DISIS,T258,SECHE,FR,2605
FR-2605-T330-5185,1,GILIR,T330,MOLUS,FR,2605
FR-2605-T330-5185,2,MOLUS,T330,VENAT,FR,2605
FR-2605-T345-5191,1,PASSEIRY,T345,ODIKI,FR,2605
FR-2605-T345-5191,2,ODIKI,T345,ROCCA,FR,2605
FR-2605-T345-5191,3,ROCCA,T345,ABULO,FR,2605
FR-2605-T345-5191,4,ABULO,T345,VERMA,FR,2605
FR-2605-T345-5191,5,VERMA,T345,LESDO,FR,2605
FR-2605-T37-4752,1,CHATILLONSURMARNE,T37,TROYESBARBEREY,FR,2605
FR-2605-T37-4752,2,TROYESBARBEREY,T37,BOLLY,FR,2605
FR-2605-T37-4752,3,BOLLY,T37,KASON,FR,2605
FR-2605-T37-4752,4,KASON,T37,DIJONLONGVIC,FR,2605
FR-2605-T37-4752,5,DIJONLONGVIC,T37,IBABA,FR,2605
FR-2605-T37-4752,6,IBABA,T37,LUKID,FR,2605
FR-2605-T37-4752,7,LUKID,T37,DIPIR,FR,2605
FR-2605-T37-4752,8,DIPIR,T37,KELUK,FR,2605
FR-2605-T37-4752,9,KELUK,T37,KOVAR,FR,2605
FR-2605-T37-4752,10,KOVAR,T37,PASSEIRY,FR,2605
FR-2605-T37-4752,11,PASSEIRY,T37,EMGUT,FR,2605
FR-2605-T37-4752,12,EMGUT,T37,PADCA,FR,2605
FR-2605-T37-4752,13,PADCA,T37,NIFKU,FR,2605
FR-2605-T37-4752,14,NIFKU,T37,BANKO,FR,2605
FR-2605-T37-4752,15,BANKO,T37,LISMO,FR,2605
FR-2605-T37-4752,16,LISMO,T37,REVLI,FR,2605
FR-2605-T37-4752,17,REVLI,T37,REPSI,FR,2605
FR-2605-T37-4752,18,REPSI,T37,PIMAK,FR,2605
FR-2605-T37-4752,19,PIMAK,T37,LERGA,FR,2605
FR-2605-T421-5212,1,OPALE,T421,KESAX,FR,2605
FR-2605-T421-5212,2,KESAX,T421,KUNAV,FR,2605
FR-2605-T43-4854,1,ROMAM,T43,LUKUM,FR,2605
FR-2605-T43-4854,2,LUKUM,T43,BEPER,FR,2605
FR-2605-T43-4854,3,BEPER,T43,EVALA,FR,2605
FR-2605-T43-4854,4,EVALA,T43,ABDIL,FR,2605
FR-2605-T43-4854,5,ABDIL,T43,TUPOX,FR,2605
FR-2605-T43-4854,6,TUPOX,T43,RISOR,FR,2605
FR-2605-T43-4854,7,RISOR,T43,ASLEG,FR,2605
FR-2605-T43-4854,8,ASLEG,T43,VENAT,FR,2605
FR-2605-T43-4854,9,VENAT,T43,SOSAL,FR,2605
FR-2605-T43-4854,10,SOSAL,T43,LAMDO,FR,2605
FR-2605-T43-4854,11,LAMDO,T43,GEMLA,FR,2605
FR-2605-T48-4892,1,CLERMONTFERRANDAUVERGNE,T48,LERGA,FR,2605
FR-2605-T48-4892,2,LERGA,T48,LATAM,FR,2605
FR-2605-T48-4892,3,LATAM,T48,LASUN,FR,2605
FR-2605-T48-4892,4,LASUN,T48,BULOL,FR,2605
FR-2605-T48-4892,5,BULOL,T48,BOBSI,FR,2605
FR-2605-T48-4892,6,BOBSI,T48,LUMAN,FR,2605
FR-2605-T48-4892,7,LUMAN,T48,ROMGO,FR,2605
FR-2605-T48-4892,8,ROMGO,T48,NERKI,FR,2605
FR-2605-T48-4892,9,NERKI,T48,BANOX,FR,2605
FR-2605-T493-5229,1,LUKEM,T493,UPALO,FR,2605
FR-2605-T493-5229,2,UPALO,T493,EKRAS,FR,2605
FR-2605-T493-5229,3,EKRAS,T493,ARGED,FR,2605
FR-2605-T496-5262,1,EKRAS,T496,BEVAV,FR,2605
FR-2605-T497-5266,1,BALNI,T497,RINSO,FR,2605
FR-2605-T498-5274,1,UPALO,T498,LERAK,FR,2605
FR-2605-T499-5278,1,QUIMPERPLUGUFFAN,T499,LEGMO,FR,2605
FR-2605-T499-5278,2,LEGMO,T499,IDRIK,FR,2605
FR-2605-T499-5278,3,IDRIK,T499,ADSET,FR,2605
FR-2605-T499-5278,4,ADSET,T499,LUTAS,FR,2605
FR-2605-T499-5278,5,LUTAS,T499,RIMON,FR,2605
FR-2605-T501-5326,1,TIRAV,T501,USODA,FR,2605
FR-2605-T501-5326,2,USODA,T501,OGLOT,FR,2605
FR-2605-T501-5326,3,OGLOT,T501,ENOKI,FR,2605
FR-2605-T501-5326,4,ENOKI,T501,RINSO,FR,2605
FR-2605-T501-5326,5,RINSO,T501,ATNIS,FR,2605
FR-2605-T501-5326,6,ATNIS,T501,EKRAS,FR,2605
FR-2605-T501-5326,7,EKRAS,T501,LUKEM,FR,2605
FR-2605-T501-5326,8,LUKEM,T501,RAVIG,FR,2605
FR-2605-T544-5388,1,AUCHE,T544,TOULOUSEBLAGNAC,FR,2605
FR-2605-T544-5388,2,TOULOUSEBLAGNAC,T544,DEPES,FR,2605
FR-2605-T544-5388,3,DEPES,T544,ESPAL,FR,2605
FR-2605-T544-5388,4,ESPAL,T544,REMDU,FR,2605
FR-2605-T544-5388,5,REMDU,T544,MINDI,FR,2605
FR-2605-T544-5388,6,MINDI,T544,VEROT,FR,2605
FR-2605-T544-5388,7,VEROT,T544,MURRO,FR,2605
FR-2605-T544-5388,8,MURRO,T544,DEPUL,FR,2605
FR-2605-T544-5388,9,DEPUL,T544,ARGIS,FR,2605
FR-2605-T544-5388,10,ARGIS,T544,TOKDO,FR,2605
FR-2605-T544-5388,11,TOKDO,T544,PASSEIRY,FR,2605
FR-2605-T544-5388,12,PASSEIRY,T544,GEVEA,FR,2605
FR-2605-T544-5388,13,GEVEA,T544,PETAL,FR,2605
FR-2605-T544-5388,14,PETAL,T544,SAPRE,FR,2605
FR-2605-T544-5388,15,SAPRE,T544,OBLOC,FR,2605
FR-2605-T544-5388,16,OBLOC,T544,ESISI,FR,2605
FR-2605-T544-5388,17,ESISI,T544,XERAK,FR,2605
FR-2605-T544-5388,18,XERAK,T544,XUPAL,FR,2605
FR-2605-T544-5388,19,XUPAL,T544,MINPA,FR,2605
FR-2605-T626-5512,1,HERICOURT,T626,DOUCI,FR,2605
FR-2605-T976-5518,1,SAURG,T976,DIKRO,FR,2605
FR-2605-UL127-2197,1,MARSEILLEPROVENCEOB,UL127,PADKO,FR,2605
FR-2605-UL14-2167,1,TEPRA,UL14,YURZI,FR,2605
FR-2605-UL194-2238,1,VEZAQ,UL194,KUVIV,FR,2605
FR-2605-UL194-2238,2,KUVIV,UL194,ODEBU,FR,2605
FR-2605-UL194-2238,3,ODEBU,UL194,XAMAB,FR,2605
FR-2605-UL194-2238,4,XAMAB,UL194,VEULE,FR,2605
FR-2605-UL194-2238,5,VEULE,UL194,INPAX,FR,2605
FR-2605-UL194-2238,6,INPAX,UL194,RESMI,FR,2605
FR-2605-UL194-2238,7,RESMI,UL194,OGULO,FR,2605
FR-2605-UL194-2238,8,OGULO,UL194,DIPER,FR,2605
FR-2605-UL194-2238,9,DIPER,UL194,VESAN,FR,2605
FR-2605-UL194-2238,10,VESAN,UL194,RATUK,FR,2605
FR-2605-UL194-2238,11,RATUK,UL194,SOVAT,FR,2605
FR-2605-UL976-2363,1,ANGERS,UL976,OBATO,FR,2605
FR-2605-UL976-2363,2,OBATO,UL976,RONAX,FR,2605
FR-2605-UL976-2363,3,RONAX,UL976,CHARTRESLALOUPE,FR,2605
FR-2605-UL976-2363,4,CHARTRESLALOUPE,UL976,VADOM,FR,2605
FR-2605-UL976-2363,5,VADOM,UL976,TABOV,FR,2605
FR-2605-UL976-2363,6,TABOV,UL976,TOUSSUSLENOBLE,FR,2605
FR-2605-UM154-2399,1,SOSUR,UM154,OBLAD,FR,2605
FR-2605-UM154-2399,2,OBLAD,UM154,SUIPE,FR,2605
FR-2605-UM163-2414,1,OBATO,UM163,TABOV,FR,2605
FR-2605-UM163-2414,2,TABOV,UM163,TOUSSUSLENOBLE,FR,2605
FR-2605-UM163-2414,3,TOUSSUSLENOBLE,UM163,LEQOS,FR,2605
FR-2605-UM184-2445,1,KOTEM,UM184,EPATI,FR,2605
FR-2605-UM184-2445,2,EPATI,UM184,DIKRO,FR,2605
FR-2605-UM184-2445,3,DIKRO,UM184,EKRAS,FR,2605
FR-2605-UM184-2445,4,EKRAS,UM184,RINSO,FR,2605
FR-2605-UM184-2445,5,RINSO,UM184,EPAPU,FR,2605
FR-2605-UM184-2445,6,EPAPU,UM184,USODA,FR,2605
FR-2605-UM184-2445,7,USODA,UM184,LUGEN,FR,2605
FR-2605-UM184-2445,8,LUGEN,UM184,TUPAR,FR,2605
FR-2605-UM185-2476,1,DIKRO,UM185,ELDOP,FR,2605
FR-2605-UM185-2476,2,ELDOP,UM185,LUGIS,FR,2605
FR-2605-UM189-2492,1,JERSEY,UM189,AKIKI,FR,2605
FR-2605-UM189-2492,2,AKIKI,UM189,EPATI,FR,2605
FR-2605-UM189-2492,3,EPATI,UM189,ANGLO,FR,2605
FR-2605-UM25-2387,1,ANNET,UM25,UVSUV,FR,2605
FR-2605-UM25-2387,2,UVSUV,UM25,INGOR,FR,2605
FR-2605-UM25-2387,3,INGOR,UM25,LUKIP,FR,2605
FR-2605-UM605-2553,1,XIDIL,UM605,PETAX,FR,2605
FR-2605-UM605-2553,2,PETAX,UM605,BIBAX,FR,2605
FR-2605-UM616-2559,1,KORER,UM616,TERPO,FR,2605
FR-2605-UM616-2559,2,TERPO,UM616,USODA,FR,2605
FR-2605-UM616-2559,3,USODA,UM616,LUGEN,FR,2605
FR-2605-UM616-2559,4,LUGEN,UM616,TUPAR,FR,2605
FR-2605-UM616-2559,5,TUPAR,UM616,ETREK,FR,2605
FR-2605-UM616-2559,6,ETREK,UM616,KOTIT,FR,2605
FR-2605-UM616-2559,7,KOTIT,UM616,PIGOS,FR,2605
FR-2605-UM616-2559,8,PIGOS,UM616,BABED,FR,2605
FR-2605-UM616-2559,9,BABED,UM616,AKUTI,FR,2605
FR-2605-UM616-2559,10,AKUTI,UM616,ROBAL,FR,2605
FR-2605-UM728-2722,1,DUCRA,UM728,RESMI,FR,2605
FR-2605-UM728-2722,2,RESMI,UM728,KOTAP,FR,2605
FR-2605-UM728-2722,3,KOTAP,UM728,KETEX,FR,2605
FR-2605-UM729-2736,1,COHPA,UM729,RESMI,FR,2605
FR-2605-UM731-2786,1,MONTPELLIERMEDITERRANEE,UM731,DIVKO,FR,2605
FR-2605-UM731-2786,2,DIVKO,UM731,NISEK,FR,2605
FR-2605-UM731-2786,3,NISEK,UM731,GINOX,FR,2605
FR-2605-UM732-2797,1,NIVDA,UM732,NESUL,FR,2605
FR-2605-UM732-2797,2,NESUL,UM732,NISEK,FR,2605
FR-2605-UM975-2803,1,RESMI,UM975,PEKIM,FR,2605
FR-2605-UM976-2809,1,LUMAS,UM976,SOSUR,FR,2605
FR-2605-UM984-2813,1,PADKO,UM984,DIVKO,FR,2605
FR-2605-UM984-2813,2,DIVKO,UM984,REQIN,FR,2605
FR-2605-UM984-2813,3,REQIN,UM984,ETEKO,FR,2605
FR-2605-UM984-2813,4,ETEKO,UM984,ERETI,FR,2605
FR-2605-UM984-2813,5,ERETI,UM984,KUPIM,FR,2605
FR-2605-UM984-2813,6,KUPIM,UM984,ORKUM,FR,2605
FR-2605-UM989-2848,1,SOSUR,UM989,NEVIX,FR,2605
FR-2605-UM989-2848,2,NEVIX,UM989,OLNUL,FR,2605
FR-2605-UM989-2848,3,OLNUL,UM989,ABBEVILLE,FR,2605
FR-2605-UM989-2848,4,ABBEVILLE,UM989,KUNAV,FR,2605
FR-2605-UN160-2999,1,JERSEY,UN160,IXINI,FR,2605
FR-2605-UN160-2999,2,IXINI,UN160,BUSUK,FR,2605
FR-2605-UN160-2999,3,BUSUK,UN160,PIGOP,FR,2605
FR-2605-UN26-2862,1,KORER,UN26,NORMI,FR,2605
FR-2605-UN26-2862,2,NORMI,UN26,UVUDO,FR,2605
FR-2605-UN29-2868,1,OZNOH,UN29,BULOX,FR,2605
FR-2605-UN29-2868,2,BULOX,UN29,EGOZE,FR,2605
FR-2605-UN29-2868,3,EGOZE,UN29,ABBEVILLE,FR,2605
FR-2605-UN29-2868,4,ABBEVILLE,UN29,DEVAL,FR,2605
FR-2605-UN461-3042,1,TERPO,UN461,AKEMO,FR,2605
FR-2605-UN471-3056,1,NANTESATLANTIQUE,UN471,OLEBA,FR,2605
FR-2605-UN471-3056,2,OLEBA,UN471,AKEMO,FR,2605
FR-2605-UN480-3090,1,ETIKIPOINTDENTRESORTIERVSM,UN480,REGHI,FR,2605
FR-2605-UN482-3096,1,KORER,UN482,GODAN,FR,2605
FR-2605-UN482-3096,2,GODAN,UN482,KURIS,FR,2605
FR-2605-UN482-3096,3,KURIS,UN482,ANGERS,FR,2605
FR-2605-UN482-3096,4,ANGERS,UN482,DEKJA,FR,2605
FR-2605-UN482-3096,5,DEKJA,UN482,NIMER,FR,2605
FR-2605-UN482-3096,6,NIMER,UN482,SOMED,FR,2605
FR-2605-UN482-3096,7,SOMED,UN482,DIBES,FR,2605
FR-2605-UN490-3112,1,TERPO,UN490,EPINALMIRECOURT,FR,2605
FR-2605-UN490-3112,2,EPINALMIRECOURT,UN490,LASAT,FR,2605
FR-2605-UN491-3123,1,OTOFE,UN491,UPALO,FR,2605
FR-2605-UN491-3123,2,UPALO,UN491,EKRAS,FR,2605
FR-2605-UN491-3123,3,EKRAS,UN491,GALBO,FR,2605
FR-2605-UN491-3123,4,GALBO,UN491,LAIGLE,FR,2605
FR-2605-UN491-3123,5,LAIGLE,UN491,DITAL,FR,2605
FR-2605-UN491-3123,6,DITAL,UN491,PIGOP,FR,2605
FR-2605-UN491-3123,7,PIGOP,UN491,TABOV,FR,2605
FR-2605-UN491-3123,8,TABOV,UN491,RESMI,FR,2605
FR-2605-UN491-3123,9,RESMI,UN491,TEPRI,FR,2605
FR-2605-UN491-3123,10,TEPRI,UN491,POGZI,FR,2605
FR-2605-UN502-3171,1,JERSEY,UN502,SENLO,FR,2605
FR-2605-UN502-3171,2,SENLO,UN502,ARGED,FR,2605
FR-2605-UN502-3171,3,ARGED,UN502,LAIGLE,FR,2605
FR-2605-UN536-3182,1,BUNAV,UN536,TIVLU,FR,2605
FR-2605-UN585-3186,1,INGOR,UN585,EKRAS,FR,2605
FR-2605-UN585-3186,2,EKRAS,UN585,UPALO,FR,2605
FR-2605-UN585-3186,3,UPALO,UN585,FEJAC,FR,2605
FR-2605-UN585-3186,4,FEJAC,UN585,OSPOK,FR,2605
FR-2605-UN585-3186,5,OSPOK,UN585,INKIR,FR,2605
FR-2605-UN585-3186,6,INKIR,UN585,ORKUM,FR,2605
FR-2605-UN734-3201,1,UMLER,UN734,UMOXA,FR,2605
FR-2605-UN741-3214,1,AZFIC,UN741,ERIGA,FR,2605
FR-2605-UN741-3214,2,ERIGA,UN741,MOKOR,FR,2605
FR-2605-UN741-3214,3,MOKOR,UN741,ANGERS,FR,2605
FR-2605-UN741-3214,4,ANGERS,UN741,TEMTO,FR,2605
FR-2605-UN741-3214,5,TEMTO,UN741,KEPER,FR,2605
FR-2605-UN851-3230,1,ISTER,UN851,LUNOR,FR,2605
FR-2605-UN851-3230,2,LUNOR,UN851,NESUL,FR,2605
FR-2605-UN851-3230,3,NESUL,UN851,SOVAG,FR,2605
FR-2605-UN851-3230,4,SOVAG,UN851,NEGAT,FR,2605
FR-2605-UN851-3230,5,NEGAT,UN851,RAPUR,FR,2605
FR-2605-UN851-3230,6,RAPUR,UN851,TORTU,FR,2605
FR-2605-UN851-3230,7,TORTU,UN851,SUTAL,FR,2605
FR-2605-UN851-3230,8,SUTAL,UN851,AKELU,FR,2605
FR-2605-UN851-3230,9,AKELU,UN851,EXHOM,FR,2605
FR-2605-UN851-3230,10,EXHOM,UN851,GROSTENQUIN,FR,2605
FR-2605-UN852-3276,1,DIVKO,UN852,VATIR,FR,2605
FR-2605-UN854-3288,1,RASPA,UN854,MEBEL,FR,2605
FR-2605-UN854-3288,2,MEBEL,UN854,TINOT,FR,2605
FR-2605-UN854-3288,3,TINOT,UN854,MARSEILLEPROVENCE,FR,2605
FR-2605-UN854-3288,4,MARSEILLEPROVENCE,UN854,ETREK,FR,2605
FR-2605-UN854-3288,5,ETREK,UN854,BULOL,FR,2605
FR-2605-UN854-3288,6,BULOL,UN854,LOGNI,FR,2605
FR-2605-UN857-3328,1,AHVEC,UN857,RESMI,FR,2605
FR-2605-UN857-3328,2,RESMI,UN857,DEKOD,FR,2605
FR-2605-UN857-3328,3,DEKOD,UN857,DISAK,FR,2605
FR-2605-UN858-3342,1,BOKNO,UN858,DEVRO,FR,2605
FR-2605-UN858-3342,2,DEVRO,UN858,VANAD,FR,2605
FR-2605-UN858-3342,3,VANAD,UN858,TABOV,FR,2605
FR-2605-UN858-3342,4,TABOV,UN858,TOUSSUSLENOBLE,FR,2605
FR-2605-UN858-3342,5,TOUSSUSLENOBLE,UN858,OQQAL,FR,2605
FR-2605-UN859-3360,1,SITET,UN859,ETRAT,FR,2605
FR-2605-UN859-3360,2,ETRAT,UN859,LAIGLE,FR,2605
FR-2605-UN859-3360,3,LAIGLE,UN859,SORAP,FR,2605
FR-2605-UN859-3360,4,SORAP,UN859,BENAR,FR,2605
FR-2605-UN859-3360,5,BENAR,UN859,VANAD,FR,2605
FR-2605-UN859-3360,6,VANAD,UN859,AMBOISE,FR,2605
FR-2605-UN859-3360,7,AMBOISE,UN859,SOPIL,FR,2605
FR-2605-UN861-3414,1,TUPAR,UN861,ANGERS,FR,2605
FR-2605-UN861-3414,2,ANGERS,UN861,DIKRO,FR,2605
FR-2605-UN862-3430,1,SKESO,UN862,UPALO,FR,2605
FR-2605-UN862-3430,2,UPALO,UN862,GODAN,FR,2605
FR-2605-UN862-3430,3,GODAN,UN862,TERPO,FR,2605
FR-2605-UN862-3430,4,TERPO,UN862,UVUDO,FR,2605
FR-2605-UN862-3430,5,UVUDO,UN862,UTISO,FR,2605
FR-2605-UN867-3484,1,TEPRA,UN867,NORMI,FR,2605
FR-2605-UN867-3484,2,NORMI,UN867,MOKOR,FR,2605
FR-2605-UN867-3484,3,MOKOR,UN867,TERPO,FR,2605
FR-2605-UN867-3484,4,TERPO,UN867,RINSO,FR,2605
FR-2605-UN867-3484,5,RINSO,UN867,EKRAS,FR,2605
FR-2605-UN867-3484,6,EKRAS,UN867,AKIKI,FR,2605
FR-2605-UN867-3484,7,AKIKI,UN867,GARMI,FR,2605
FR-2605-UN867-3484,8,GARMI,UN867,NINTU,FR,2605
FR-2605-UN867-3484,9,NINTU,UN867,MILPA,FR,2605
FR-2605-UN867-3484,10,MILPA,UN867,VEROX,FR,2605
FR-2605-UN870-3516,1,DIBER,UN870,SOSUR,FR,2605
FR-2605-UN872-3578,1,KIHVI,UN872,VEXIN,FR,2605
FR-2605-UN872-3578,2,VEXIN,UN872,DITAL,FR,2605
FR-2605-UN872-3578,3,DITAL,UN872,GODIX,FR,2605
FR-2605-UN872-3578,4,GODIX,UN872,DIDAK,FR,2605
FR-2605-UN872-3578,5,DIDAK,UN872,KURIS,FR,2605
FR-2605-UN872-3578,6,KURIS,UN872,TERPO,FR,2605
FR-2605-UN872-3578,7,TERPO,UN872,ERIGA,FR,2605
FR-2605-UN872-3578,8,ERIGA,UN872,ADUTO,FR,2605
FR-2605-UN872-3578,9,ADUTO,UN872,VEKIN,FR,2605
FR-2605-UN873-3628,1,TEPRA,UN873,NORMI,FR,2605
FR-2605-UN873-3628,2,NORMI,UN873,MOKOR,FR,2605
FR-2605-UN873-3628,3,MOKOR,UN873,OLEBA,FR,2605
FR-2605-UN873-3628,4,OLEBA,UN873,BAKUL,FR,2605
FR-2605-UN873-3628,5,BAKUL,UN873,ARDOD,FR,2605
FR-2605-UN873-3628,6,ARDOD,UN873,OBATO,FR,2605
FR-2605-UN873-3628,7,OBATO,UN873,RONAX,FR,2605
FR-2605-UN873-3628,8,RONAX,UN873,SORAP,FR,2605
FR-2605-UN873-3628,9,SORAP,UN873,DITAL,FR,2605
FR-2605-UN873-3628,10,DITAL,UN873,ELCOB,FR,2605
FR-2605-UN873-3628,11,ELCOB,UN873,PODEM,FR,2605
FR-2605-UN873-3628,12,PODEM,UN873,BAZOS,FR,2605
FR-2605-UN873-3628,13,BAZOS,UN873,VEKIN,FR,2605
FR-2605-UN873-3628,14,VEKIN,UN873,SULEX,FR,2605
FR-2605-UN873-3628,15,SULEX,UN873,PERON,FR,2605
FR-2605-UN873-3628,16,PERON,UN873,NURMO,FR,2605
FR-2605-UN873-3628,17,NURMO,UN873,VENOR,FR,2605
FR-2605-UN873-3628,18,VENOR,UN873,EGOZE,FR,2605
FR-2605-UN874-3680,1,VANAD,UN874,PIWIZ,FR,2605
FR-2605-UN874-3680,2,PIWIZ,UN874,VADOM,FR,2605
FR-2605-UN874-3680,3,VADOM,UN874,BAMES,FR,2605
FR-2605-UN874-3680,4,BAMES,UN874,ARSAF,FR,2605
FR-2605-UP860-3795,1,LEMKA,UP860,RALIX,FR,2605
FR-2605-UP860-3795,2,RALIX,UP860,MOKUP,FR,2605
FR-2605-UP87-3711,1,DIDIG,UP87,MOKOR,FR,2605
FR-2605-UP87-3711,2,MOKOR,UP87,TERPO,FR,2605
FR-2605-UP87-3711,3,TERPO,UP87,GODAN,FR,2605
FR-2605-UP87-3711,4,GODAN,UP87,UPALO,FR,2605
FR-2605-UP87-3711,5,UPALO,UP87,REVTU,FR,2605
FR-2605-UP87-3711,6,REVTU,UP87,BOLRO,FR,2605
FR-2605-UP88-3734,1,REVTU,UP88,ODREP,FR,2605
FR-2605-UP991-3825,1,NARTI,UP991,NIRDO,FR,2605
FR-2605-UP991-3825,2,NIRDO,UP991,MURRO,FR,2605
FR-2605-UP991-3825,3,MURRO,UP991,MEZIN,FR,2605
FR-2605-UP991-3825,4,MEZIN,UP991,MEBAK,FR,2605
FR-2605-UP991-3825,5,MEBAK,UP991,SOPAD,FR,2605
FR-2605-UP991-3825,6,SOPAD,UP991,SULOT,FR,2605
FR-2605-UP991-3825,7,SULOT,UP991,ORTAC,FR,2605
FR-2605-UP991-3825,8,ORTAC,UP991,DOMOK,FR,2605
FR-2605-UT176-5035,1,ELCOB,UT176,BUSUK,FR,2605
FR-2605-UT176-5035,2,BUSUK,UT176,LAIGLE,FR,2605
FR-2605-UT176-5035,3,LAIGLE,UT176,ROLEN,FR,2605
FR-2605-UT176-5035,4,ROLEN,UT176,PEPON,FR,2605
FR-2605-UT176-5035,5,PEPON,UT176,KURIS,FR,2605
FR-2605-UT176-5035,6,KURIS,UT176,TERPO,FR,2605
FR-2605-UT182-5055,1,PEPAX,UT182,NIMER,FR,2605
FR-2605-UT182-5055,2,NIMER,UT182,KEPER,FR,2605
FR-2605-UT182-5055,3,KEPER,UT182,LUMAN,FR,2605
FR-2605-UT182-5055,4,LUMAN,UT182,ROMGO,FR,2605
FR-2605-UT183-5084,1,MANAK,UT183,TIRAV,FR,2605
FR-2605-UT183-5084,2,TIRAV,UT183,MOKOR,FR,2605
FR-2605-UT183-5084,3,MOKOR,UT183,BAGAD,FR,2605
FR-2605-UT183-5084,4,BAGAD,UT183,ANGERS,FR,2605
FR-2605-UT183-5084,5,ANGERS,UT183,CHARTRESLALOUPE,FR,2605
FR-2605-UT183-5084,6,CHARTRESLALOUPE,UT183,LAIGLE,FR,2605
FR-2605-UT183-5084,7,LAIGLE,UT183,GODIX,FR,2605
FR-2605-UT191-5109,1,BAMES,UT191,PODEM,FR,2605
FR-2605-UT191-5109,2,PODEM,UT191,KORIQ,FR,2605
FR-2605-UT250-5118,1,BALEN,UT250,MAXOS,FR,2605
FR-2605-UT250-5118,2,MAXOS,UT250,RIXOT,FR,2605
FR-2605-UT260-5146,1,DOMOK,UT260,UPALO,FR,2605
FR-2605-UT300-5170,1,ESTOC,UT300,VEXIN,FR,2605
FR-2605-UT300-5170,2,VEXIN,UT300,ELCOB,FR,2605
FR-2605-UT300-5170,3,ELCOB,UT300,RUBIX,FR,2605
FR-2605-UT300-5170,4,RUBIX,UT300,SENLO,FR,2605
FR-2605-UT451-5221,1,NEGAT,UT451,BUKID,FR,2605
FR-2605-UT501-5352,1,TIRAV,UT501,USODA,FR,2605
FR-2605-UT501-5352,2,USODA,UT501,EKRAS,FR,2605
FR-2605-UT501-5352,3,EKRAS,UT501,REVTU,FR,2605
FR-2605-UT510-5361,1,UPALO,UT510,DIKRO,FR,2605
FR-2605-UT512-5365,1,ADSET,UT512,ANGERS,FR,2605
FR-2605-UY110-6264,1,MANAK,UY110,TIRAV,FR,2605
FR-2605-UY110-6264,2,TIRAV,UY110,DIXAD,FR,2605
FR-2605-UY110-6264,3,DIXAD,UY110,BAKUL,FR,2605
FR-2605-UY110-6264,4,BAKUL,UY110,UPALO,FR,2605
FR-2605-UY110-6264,5,UPALO,UY110,REVTU,FR,2605
FR-2605-UY110-6264,6,REVTU,UY110,ORIST,FR,2605
FR-2605-UY111-6288,1,JERSEY,UY111,INGOR,FR,2605
FR-2605-UY111-6288,2,INGOR,UY111,BRAYSURSEINE,FR,2605
FR-2605-UY111-6288,3,BRAYSURSEINE,UY111,TROYESBARBEREY,FR,2605
FR-2605-UY111-6288,4,TROYESBARBEREY,UY111,ERTIP,FR,2605
FR-2605-UY111-6288,5,ERTIP,UY111,ROLAMPONT,FR,2605
FR-2605-UY111-6288,6,ROLAMPONT,UY111,RESPO,FR,2605
FR-2605-UY111-6288,7,RESPO,UY111,LUXEUIL,FR,2605
FR-2605-UY111-6288,8,LUXEUIL,UY111,HERICOURT,FR,2605
FR-2605-UY111-6288,9,HERICOURT,UY111,HOCHWALD,FR,2605
FR-2605-UY111-6288,10,HOCHWALD,UY111,TUPAR,FR,2605
FR-2605-UY111-6288,11,TUPAR,UY111,RALIX,FR,2605
FR-2605-UY111-6288,12,RALIX,UY111,IBSUS,FR,2605
FR-2605-UY111-6288,13,IBSUS,UY111,AKIKI,FR,2605
FR-2605-UY16-6005,1,ETIDO,UY16,KURIR,FR,2605
FR-2605-UY16-6005,2,KURIR,UY16,NIVDA,FR,2605
FR-2605-UY16-6005,3,NIVDA,UY16,UTORU,FR,2605
FR-2605-UY16-6005,4,UTORU,UY16,PELOS,FR,2605
FR-2605-UY22-6033,1,LATAM,UY22,TUNUR,FR,2605
FR-2605-UY24-6056,1,GAPDO,UY24,NICECOTEDAZUR,FR,2605
FR-2605-UY305-6370,1,LYONSAINTEXUPERY,UY305,RUSIT,FR,2605
FR-2605-UY305-6370,2,RUSIT,UY305,ESIDA,FR,2605
FR-2605-UY342-6409,1,BULTO,UY342,PADKO,FR,2605
FR-2605-UY342-6409,2,PADKO,UY342,LUMIL,FR,2605
FR-2605-UY342-6409,3,LUMIL,UY342,TULNI,FR,2605
FR-2605-UZ15-6440,1,ROLEN,UZ15,DIDAK,FR,2605
FR-2605-UZ15-6440,2,DIDAK,UZ15,ARDOD,FR,2605
FR-2605-UZ218-6842,1,ERIGA,UZ218,FUJTI,FR,2605
FR-2605-UZ218-6842,2,FUJTI,UZ218,NESUL,FR,2605
FR-2605-UZ218-6842,3,NESUL,UZ218,RENKO,FR,2605
FR-2605-UZ218-6842,4,RENKO,UZ218,PELOS,FR,2605
FR-2605-UZ273-6878,1,NEVIL,UZ273,ANGLO,FR,2605
FR-2605-UZ273-6878,2,ANGLO,UZ273,DIKRO,FR,2605
FR-2605-UZ273-6878,3,DIKRO,UZ273,BEVAV,FR,2605
FR-2605-UZ296-6901,1,PETAX,UZ296,VELOL,FR,2605
FR-2605-UZ297-6905,1,INGOR,UZ297,PESUK,FR,2605
FR-2605-UZ297-6905,2,PESUK,UZ297,PEXIR,FR,2605
FR-2605-UZ297-6905,3,PEXIR,UZ297,ERTIP,FR,2605
FR-2605-UZ297-6905,4,ERTIP,UZ297,NANOP,FR,2605
FR-2605-UZ297-6905,5,NANOP,UZ297,URELO,FR,2605
FR-2605-UZ297-6905,6,URELO,UZ297,OKIPA,FR,2605
FR-2605-UZ297-6905,7,OKIPA,UZ297,ROLAMPONT,FR,2605
FR-2605-UZ297-6905,8,ROLAMPONT,UZ297,BOLLY,FR,2605
FR-2605-V12-5561,1,GAILLACCASTELNEAUDEMONTMIRAIL,V12,BIBDO,FR,2605
FR-2605-V12-5561,2,BIBDO,V12,NASEP,FR,2605
FR-2605-V12-5561,3,NASEP,V12,GILUR,FR,2605
FR-2605-V12-5561,4,GILUR,V12,XUPAL,FR,2605
FR-2605-V12-5561,5,XUPAL,V12,SOMTI,FR,2605
FR-2605-V12-5561,6,SOMTI,V12,LARON,FR,2605
FR-2605-V12-5561,7,LARON,V12,BEPMI,FR,2605
FR-2605-V12-5561,8,BEPMI,V12,GERVA,FR,2605
FR-2605-V12-5561,9,GERVA,V12,THIERS,FR,2605
FR-2605-V14-5610,1,OBLOC,V14,IBDER,FR,2605
FR-2605-V14-5610,2,IBDER,V14,LAVRA,FR,2605
FR-2605-V14-5610,3,LAVRA,V14,GILUR,FR,2605
FR-2605-V14-5610,4,GILUR,V14,ROMAK,FR,2605
FR-2605-V14-5610,5,ROMAK,V14,TAKAT,FR,2605
FR-2605-V14-5610,6,TAKAT,V14,LIMOGES,FR,2605
FR-2605-V14-5610,7,LIMOGES,V14,LASEV,FR,2605
FR-2605-V14-5610,8,LASEV,V14,EVBIS,FR,2605
FR-2605-V14-5610,9,EVBIS,V14,GERVA,FR,2605
FR-2605-V14-5610,10,GERVA,V14,GROSTENQUIN,FR,2605
FR-2605-V14-5610,11,GROSTENQUIN,V14,ZERFI,FR,2605
FR-2605-V14-5610,12,ZERFI,V14,SOREM,FR,2605
FR-2605-V14-5610,13,SOREM,V14,OBORN,FR,2605
FR-2605-V14-5610,14,OBORN,V14,LUPEN,FR,2605
FR-2605-V18-5684,1,RISUN,V18,ENESO,FR,2605
FR-2605-V18-5684,2,ENESO,V18,THIERS,FR,2605
FR-2605-V20-5715,1,ORVAL,V20,UPALO,FR,2605
FR-2605-V20-5715,2,UPALO,V20,LUVOP,FR,2605
FR-2605-V20-5715,3,LUVOP,V20,RINSO,FR,2605
FR-2605-V20-5715,4,RINSO,V20,VAKSI,FR,2605
FR-2605-V20-5715,5,VAKSI,V20,TABIL,FR,2605
FR-2605-V20-5715,6,TABIL,V20,NAMAR,FR,2605
FR-2605-V20-5715,7,NAMAR,V20,SABLE,FR,2605
FR-2605-V21-5750,1,GAILLACCASTELNEAUDEMONTMIRAIL,V21,TOBVO,FR,2605
FR-2605-V21-5750,2,TOBVO,V21,TAKAT,FR,2605
FR-2605-V21-5750,3,TAKAT,V21,LOBMO,FR,2605
FR-2605-V21-5750,4,LOBMO,V21,MINPA,FR,2605
FR-2605-V25-5772,1,DIPIR,V25,LERDU,FR,2605
FR-2605-V25-5772,2,LERDU,V25,ARBOS,FR,2605
FR-2605-V27-5807,1,LUXEUIL,V27,EPIKO,FR,2605
FR-2605-V27-5807,2,EPIKO,V27,ANIGU,FR,2605
FR-2605-V27-5807,3,ANIGU,V27,ANGERS,FR,2605
FR-2605-V27-5807,4,ANGERS,V27,VALAX,FR,2605
FR-2605-V27-5807,5,VALAX,V27,RODSA,FR,2605
FR-2605-V27-5807,6,RODSA,V27,RIMON,FR,2605
FR-2605-V27-5807,7,RIMON,V27,KORER,FR,2605
FR-2605-V27-5807,8,KORER,V27,LENSU,FR,2605
FR-2605-V27-5807,9,LENSU,V27,ROSPO,FR,2605
FR-2605-V27-5807,10,ROSPO,V27,DINOX,FR,2605
FR-2605-V27-5807,11,DINOX,V27,MILPA,FR,2605
FR-2605-V27-5807,12,MILPA,V27,EPINALMIRECOURT,FR,2605
FR-2605-V27-5807,13,EPINALMIRECOURT,V27,BERUG,FR,2605
FR-2605-V35-5865,1,GILON,V35,BIRGO,FR,2605
FR-2605-V35-5865,2,BIRGO,V35,CUERS,FR,2605
FR-2605-V35-5865,3,CUERS,V35,MEDUS,FR,2605
FR-2605-V35-5865,4,MEDUS,V35,GIVOR,FR,2605
FR-2605-V35-5865,5,GIVOR,V35,EQRAZ,FR,2605
FR-2605-V35-5865,6,EQRAZ,V35,SORAL,FR,2605
FR-2605-V35-5865,7,SORAL,V35,AKELU,FR,2605
FR-2605-V40-5909,1,TORPA,V40,LUXEUIL,FR,2605
FR-2605-V44-5914,1,MONTELIMARANCONE,V44,AMONI,FR,2605
FR-2605-V44-5914,2,AMONI,V44,ROLIR,FR,2605
FR-2605-V44-5914,3,ROLIR,V44,VAREK,FR,2605
FR-2605-Y1-5945,1,MOKIP,Y1,MILPA,FR,2605
FR-2605-Y1-5945,2,MILPA,Y1,GEVEA,FR,2605
FR-2605-Y1-5945,3,GEVEA,Y1,VALOR,FR,2605
FR-2605-Y1-5945,4,VALOR,Y1,SAINTTROPEZ,FR,2605
FR-2605-Y1-5945,5,SAINTTROPEZ,Y1,RAPED,FR,2605
FR-2605-Y1-5945,6,RAPED,Y1,XAMAL,FR,2605
FR-2605-Y1-5945,7,XAMAL,Y1,PIGOS,FR,2605
FR-2605-Y1-5945,8,PIGOS,Y1,MIKRU,FR,2605
FR-2605-Y1-5945,9,MIKRU,Y1,USANO,FR,2605
FR-2605-Y16-5992,1,MEGER,Y16,GUNPI,FR,2605
FR-2605-Y16-5992,2,GUNPI,Y16,MILNO,FR,2605
FR-2605-Y21-6017,1,PASSEIRY,Y21,ESAPI,FR,2605
FR-2605-Y21-6017,2,ESAPI,Y21,PENJO,FR,2605
FR-2605-Y21-6017,3,PENJO,Y21,VANAS,FR,2605
FR-2605-Y21-6017,4,VANAS,Y21,VEDIK,FR,2605
FR-2605-Y21-6017,5,VEDIK,Y21,AMFOU,FR,2605
FR-2605-Y223-6360,1,VENAT,Y223,VALOR,FR,2605
FR-2605-Y224-6364,1,MOBLO,Y224,VALOR,FR,2605
FR-2605-Y25-6060,1,ERGUL,Y25,ESERA,FR,2605
FR-2605-Y25-6060,2,ESERA,Y25,MONTPELLIERMEDITERRANEE,FR,2605
FR-2605-Y25-6060,3,MONTPELLIERMEDITERRANEE,Y25,MARRI,FR,2605
FR-2605-Y25-6060,4,MARRI,Y25,SALIN,FR,2605
FR-2605-Y25-6060,5,SALIN,Y25,MARTIGUES,FR,2605
FR-2605-Y25-6060,6,MARTIGUES,Y25,TUPOX,FR,2605
FR-2605-Y25-6060,7,TUPOX,Y25,RUBEB,FR,2605
FR-2605-Y25-6060,8,RUBEB,Y25,BATEX,FR,2605
FR-2605-Y25-6060,9,BATEX,Y25,UGLET,FR,2605
FR-2605-Y25-6060,10,UGLET,Y25,GILON,FR,2605
FR-2605-Y341-6397,1,SALIN,Y341,BULTO,FR,2605
FR-2605-Y341-6397,2,BULTO,Y341,MARTIGUES,FR,2605
FR-2605-Y42-6113,1,KOTIT,Y42,LASUR,FR,2605
FR-2605-Y42-6113,2,LASUR,Y42,SUDAS,FR,2605
FR-2605-Y42-6113,3,SUDAS,Y42,GORIT,FR,2605
FR-2605-Y42-6113,4,GORIT,Y42,BEBEV,FR,2605
FR-2605-Y491-6418,1,SOMEN,Y491,BETUV,FR,2605
FR-2605-Y491-6418,2,BETUV,Y491,UPALO,FR,2605
FR-2605-Y50-6150,1,IDOKO,Y50,MATIX,FR,2605
FR-2605-Y50-6150,2,MATIX,Y50,ELVES,FR,2605
FR-2605-Y50-6150,3,ELVES,Y50,VAKOS,FR,2605
FR-2605-Y50-6150,4,VAKOS,Y50,GITAN,FR,2605
FR-2605-Y50-6150,5,GITAN,Y50,REIMS,FR,2605
FR-2605-Y51-6165,1,VANAS,Y51,ROCCA,FR,2605
FR-2605-Y51-6165,2,ROCCA,Y51,PAWUS,FR,2605
FR-2605-Y51-6165,3,PAWUS,Y51,GOLEB,FR,2605
FR-2605-Y51-6165,4,GOLEB,Y51,OMXEB,FR,2605
FR-2605-Y51-6165,5,OMXEB,Y51,ASSEQ,FR,2605
FR-2605-Y51-6165,6,ASSEQ,Y51,SAPRE,FR,2605
FR-2605-Y52-6190,1,BANKO,Y52,GOLEB,FR,2605
FR-2605-Y52-6190,2,GOLEB,Y52,VALBU,FR,2605
FR-2605-Y52-6190,3,VALBU,Y52,SUVEL,FR,2605
FR-2605-Y52-6190,4,SUVEL,Y52,BIVLO,FR,2605
FR-2605-Y52-6190,5,BIVLO,Y52,SALEV,FR,2605
FR-2605-Y55-6227,1,LIRKO,Y55,DINIG,FR,2605
FR-2605-Y55-6227,2,DINIG,Y55,SOVAD,FR,2605
FR-2605-Y55-6227,3,SOVAD,Y55,GEVEA,FR,2605
FR-2605-Y55-6227,4,GEVEA,Y55,SALEV,FR,2605
FR-2605-Y55-6227,5,SALEV,Y55,FRIBU,FR,2605
FR-2605-Y55-6227,6,FRIBU,Y55,SAPRE,FR,2605
FR-2605-Y600-6428,1,CACHI,Y600,NEPAP,FR,2605
FR-2605-Y600-6428,2,NEPAP,Y600,ATRID,FR,2605
FR-2605-Y600-6428,3,ATRID,Y600,OLIRI,FR,2605
FR-2605-Y600-6428,4,OLIRI,Y600,NEKEM,FR,2605
FR-2605-Y600-6428,5,NEKEM,Y600,ARSOM,FR,2605
FR-2605-Y95-6260,1,TIRAV,Y95,LUTAS,FR,2605
FR-2605-Z110-6736,1,LIMGO,Z110,AMPUM,FR,2605
FR-2605-Z110-6736,2,AMPUM,Z110,VAVOT,FR,2605
FR-2605-Z110-6736,3,VAVOT,Z110,SIROD,FR,2605
FR-2605-Z110-6736,4,SIROD,Z110,IBABA,FR,2605
FR-2605-Z110-6736,5,IBABA,Z110,AGAKI,FR,2605
FR-2605-Z110-6736,6,AGAKI,Z110,LIPSU,FR,2605
FR-2605-Z110-6736,7,LIPSU,Z110,LACAZ,FR,2605
FR-2605-Z110-6736,8,LACAZ,Z110,BULTO,FR,2605
FR-2605-Z110-6736,9,BULTO,Z110,IDELO,FR,2605
FR-2605-Z110-6736,10,IDELO,Z110,TINOT,FR,2605
FR-2605-Z110-6736,11,TINOT,Z110,RUBAS,FR,2605
FR-2605-Z110-6736,12,RUBAS,Z110,PAFFO,FR,2605
FR-2605-Z110-6736,13,PAFFO,Z110,LOKDU,FR,2605
FR-2605-Z110-6736,14,LOKDU,Z110,URATO,FR,2605
FR-2605-Z110-6736,15,URATO,Z110,OBOBO,FR,2605
FR-2605-Z110-6736,16,OBOBO,Z110,AJACCIOCOTICHIAVARI,FR,2605
FR-2605-Z157-6819,1,RAPOR,Z157,VEDUS,FR,2605
FR-2605-Z157-6819,2,VEDUS,Z157,XERAM,FR,2605
FR-2605-Z157-6819,3,XERAM,Z157,ENORI,FR,2605
FR-2605-Z157-6819,4,ENORI,Z157,DEVIM,FR,2605
FR-2605-Z157-6819,5,DEVIM,Z157,LORNI,FR,2605
FR-2605-Z16-6469,1,PASSEIRY,Z16,RILTI,FR,2605
FR-2605-Z16-6469,2,RILTI,Z16,BELUS,FR,2605
FR-2605-Z16-6469,3,BELUS,Z16,ROMAM,FR,2605
FR-2605-Z16-6469,4,ROMAM,Z16,MONTELIMARANCONE,FR,2605
FR-2605-Z16-6469,5,MONTELIMARANCONE,Z16,RARUS,FR,2605
FR-2605-Z16-6469,6,RARUS,Z16,MARTIGUES,FR,2605
FR-2605-Z16-6469,7,MARTIGUES,Z16,IDELO,FR,2605
FR-2605-Z16-6469,8,IDELO,Z16,AGAKI,FR,2605
FR-2605-Z16-6469,9,AGAKI,Z16,SOSUR,FR,2605
FR-2605-Z16-6469,10,SOSUR,Z16,LUMAS,FR,2605
FR-2605-Z173-6831,1,VEKIN,Z173,ARVOL,FR,2605
FR-2605-Z206-6835,1,PERUS,Z206,AMIRO,FR,2605
FR-2605-Z24-6563,1,MOROK,Z24,AKITO,FR,2605
FR-2605-Z24-6563,2,AKITO,Z24,DOMIL,FR,2605
FR-2605-Z24-6563,3,DOMIL,Z24,BOLGI,FR,2605
FR-2605-Z24-6563,4,BOLGI,Z24,LIRKO,FR,2605
FR-2605-Z257-6872,1,MONTMEDYDUNSURMEUSE,Z257,RENSA,FR,2605
FR-2605-Z293-6886,1,VEPET,Z293,KOLIV,FR,2605
FR-2605-Z293-6886,2,KOLIV,Z293,PESUK,FR,2605
FR-2605-Z293-6886,3,PESUK,Z293,LUKIP,FR,2605
FR-2605-Z295-6897,1,LAIGLE,Z295,PEXIR,FR,2605
FR-2605-Z319-6947,1,KENAP,Z319,XERAM,FR,2605
FR-2605-Z319-6947,2,XERAM,Z319,SOTUS,FR,2605
FR-2605-Z32-6579,1,BOBSI,Z32,MABES,FR,2605
FR-2605-Z32-6579,2,MABES,Z32,RONLA,FR,2605
FR-2605-Z32-6579,3,RONLA,Z32,MOREG,FR,2605
FR-2605-Z32-6579,4,MOREG,Z32,GLEND,FR,2605
FR-2605-Z32-6579,5,GLEND,Z32,MOLUS,FR,2605
FR-2605-Z32-6579,6,MOLUS,Z32,GIGUS,FR,2605
FR-2605-Z32-6579,7,GIGUS,Z32,AMVAR,FR,2605
FR-2605-Z32-6579,8,AMVAR,Z32,OSMAS,FR,2605
FR-2605-Z373-6953,1,CAMBRAIEPINOY,Z373,ARVOL,FR,2605
FR-2605-Z42-6609,1,RETNO,Z42,LASUR,FR,2605
FR-2605-Z42-6609,2,LASUR,Z42,PINED,FR,2605
FR-2605-Z42-6609,3,PINED,Z42,LATOURDUPINLYONEST,FR,2605
FR-2605-Z42-6609,4,LATOURDUPINLYONEST,Z42,MEZIN,FR,2605
FR-2605-Z42-6609,5,MEZIN,Z42,NELEN,FR,2605
FR-2605-Z42-6609,6,NELEN,Z42,ROLIR,FR,2605
FR-2605-Z42-6609,7,ROLIR,Z42,ETREK,FR,2605
FR-2605-Z42-6609,8,ETREK,Z42,PIMAK,FR,2605
FR-2605-Z42-6609,9,PIMAK,Z42,OTOFE,FR,2605
FR-2605-Z42-6609,10,OTOFE,Z42,BULOX,FR,2605
FR-2605-Z42-6609,11,BULOX,Z42,LATGO,FR,2605
FR-2605-Z42-6609,12,LATGO,Z42,DEREM,FR,2605
FR-2605-Z42-6609,13,DEREM,Z42,NAMEL,FR,2605
FR-2605-Z42-6609,14,NAMEL,Z42,TINAM,FR,2605
FR-2605-Z42-6609,15,TINAM,Z42,MOLUS,FR,2605
FR-2605-Z42-6609,16,MOLUS,Z42,ODNUP,FR,2605
FR-2605-Z42-6609,17,ODNUP,Z42,SAPRE,FR,2605
FR-2605-Z42-6609,18,SAPRE,Z42,LIRKO,FR,2605
FR-2605-Z42-6609,19,LIRKO,Z42,SAUNI,FR,2605
FR-2605-Z42-6609,20,SAUNI,Z42,LUSAR,FR,2605
FR-2605-Z600-6963,1,HERICOURT,Z600,LUMEL,FR,2605
FR-2605-Z600-6963,2,LUMEL,Z600,MILPA,FR,2605
FR-2605-Z600-6963,3,MILPA,Z600,VADAR,FR,2605
FR-2605-Z600-6963,4,VADAR,Z600,ROMAK,FR,2605
FR-2605-Z600-6963,5,ROMAK,Z600,NASEP,FR,2605
FR-2605-Z600-6963,6,NASEP,Z600,NARAK,FR,2605
FR-2605-Z600-6963,7,NARAK,Z600,SUPUX,FR,2605
FR-2605-Z600-6963,8,SUPUX,Z600,KUPIM,FR,2605
FR-2605-Z600-6963,9,KUPIM,Z600,SUXER,FR,2605
FR-2605-Z600-6963,10,SUXER,Z600,RIPAL,FR,2605
FR-2605-Z600-6963,11,RIPAL,Z600,MUPPO,FR,2605
FR-2605-Z600-6963,12,MUPPO,Z600,HORQO,FR,2605
FR-2605-Z600-6963,13,HORQO,Z600,PONNE,FR,2605
FR-2605-Z600-6963,14,PONNE,Z600,LAZUZ,FR,2605
FR-2605-Z600-6963,15,LAZUZ,Z600,RISOR,FR,2605
FR-2605-Z65-6689,1,GLEND,Z65,MILPA,FR,2605
FR-2605-Z66-6695,1,MILPA,Z66,ARGIS,FR,2605
FR-2605-Z66-6695,2,ARGIS,Z66,KINNI,FR,2605
FR-2605-Z66-6695,3,KINNI,Z66,VENAT,FR,2605
FR-2605-Z66-6695,4,VENAT,Z66,LAMUR,FR,2605
FR-2605-Z66-6695,5,LAMUR,Z66,RUSIT,FR,2605
FR-2605-Z66-6695,6,RUSIT,Z66,RUBLO,FR,2605
FR-2605-Z66-6695,7,RUBLO,Z66,BELUS,FR,2605
FR-2605-Z66-6695,8,BELUS,Z66,SOPLO,FR,2605
GB-2605-L10-447,1,RINTI,L10,DOVER,GB,2605
GB-2605-L10-447,2,DOVER,L10,ITVIP,GB,2605
GB-2605-L10-447,3,ITVIP,L10,LAMBOURNE,GB,2605
GB-2605-L10-447,4,LAMBOURNE,L10,BROOKMANS,GB,2605
GB-2605-L10-447,5,BROOKMANS,L10,BUZAD,GB,2605
GB-2605-L10-447,6,BUZAD,L10,WOBUN,GB,2605
GB-2605-L10-447,7,WOBUN,L10,DAVENTRY,GB,2605
GB-2605-L10-447,8,DAVENTRY,L10,HONILEY,GB,2605
GB-2605-L10-447,9,HONILEY,L10,WALLASEY,GB,2605
GB-2605-L10-447,10,WALLASEY,L10,PENIL,GB,2605
GB-2605-L10-447,11,PENIL,L10,CASEL,GB,2605
GB-2605-L10-447,12,CASEL,L10,KELLY,GB,2605
GB-2605-L10-447,13,KELLY,L10,ISLEOFMAN,GB,2605
GB-2605-L10-447,14,ISLEOFMAN,L10,SLYDA,GB,2605
GB-2605-L10-447,15,SLYDA,L10,RINGA,GB,2605
GB-2605-L10-447,16,RINGA,L10,DUFFY,GB,2605
GB-2605-L10-447,17,DUFFY,L10,BELZU,GB,2605
GB-2605-L149-2059,1,BIGNO,L149,KLAKI,GB,2605
GB-2605-L149-2059,2,KLAKI,L149,BUDXE,GB,2605
GB-2605-L149-2059,3,BUDXE,L149,DAWLY,GB,2605
GB-2605-L15-763,1,MOTOX,L15,SANDY,GB,2605
GB-2605-L15-763,2,SANDY,L15,BIGGIN,GB,2605
GB-2605-L15-763,3,BIGGIN,L15,BETPO,GB,2605
GB-2605-L15-763,4,BETPO,L15,FINMA,GB,2605
GB-2605-L15-763,5,FINMA,L15,PIXUP,GB,2605
GB-2605-L15-763,6,PIXUP,L15,HONILEY,GB,2605
GB-2605-L15-763,7,HONILEY,L15,KEPAD,GB,2605
GB-2605-L15-763,8,KEPAD,L15,RISLA,GB,2605
GB-2605-L15-763,9,RISLA,L15,AMPIT,GB,2605
GB-2605-L15-763,10,AMPIT,L15,BETWEEN,GB,2605
GB-2605-L15-763,11,BETWEEN,L15,EPOXI,GB,2605
GB-2605-L15-763,12,EPOXI,L15,MALUD,GB,2605
GB-2605-L15-763,13,MALUD,L15,GIGTO,GB,2605
GB-2605-L15-763,14,GIGTO,L15,SOSIM,GB,2605
GB-2605-L15-763,15,SOSIM,L15,MAKUX,GB,2605
GB-2605-L15-763,16,MAKUX,L15,VAKPO,GB,2605
GB-2605-L15-763,17,VAKPO,L15,PEPOD,GB,2605
GB-2605-L15-763,18,PEPOD,L15,DUFFY,GB,2605
GB-2605-L151-2091,1,SITET,L151,DRAKE,GB,2605
GB-2605-L151-2091,2,DRAKE,L151,MIDHURST,GB,2605
GB-2605-L151-2091,3,MIDHURST,L151,LINDY,GB,2605
GB-2605-L151-2091,4,LINDY,L151,KIDLI,GB,2605
GB-2605-L151-2091,5,KIDLI,L151,NEDEX,GB,2605
GB-2605-L151-2091,6,NEDEX,L151,NANUM,GB,2605
GB-2605-L151-2091,7,NANUM,L151,TUBSU,GB,2605
GB-2605-L151-2091,8,TUBSU,L151,DISIT,GB,2605
GB-2605-L151-2091,9,DISIT,L151,PEPUL,GB,2605
GB-2605-L151-2091,10,PEPUL,L151,BRUMI,GB,2605
GB-2605-L151-2091,11,BRUMI,L151,VIDOK,GB,2605
GB-2605-L151-2091,12,VIDOK,L151,TELBA,GB,2605
GB-2605-L151-2091,13,TELBA,L151,KEPAD,GB,2605
GB-2605-L151-2091,14,KEPAD,L151,WALLASEY,GB,2605
GB-2605-L17-1068,1,MOLIX,L17,RAMID,GB,2605
GB-2605-L17-1068,2,RAMID,L17,BODSO,GB,2605
GB-2605-L179-2417,1,GILTI,L179,PIBUX,GB,2605
GB-2605-L179-2417,2,PIBUX,L179,ERING,GB,2605
GB-2605-L179-2417,3,ERING,L179,TOBIX,GB,2605
GB-2605-L179-2417,4,TOBIX,L179,TUGPO,GB,2605
GB-2605-L179-2417,5,TUGPO,L179,TERKO,GB,2605
GB-2605-L179-2417,6,TERKO,L179,SIRGO,GB,2605
GB-2605-L179-2417,7,SIRGO,L179,FERIT,GB,2605
GB-2605-L179-2417,8,FERIT,L179,LAMBOURNE,GB,2605
GB-2605-L179-2417,9,LAMBOURNE,L179,UGBET,GB,2605
GB-2605-L179-2417,10,UGBET,L179,ICTAM,GB,2605
GB-2605-L179-2417,11,ICTAM,L179,SAWPE,GB,2605
GB-2605-L18-1112,1,VABIK,L18,DOVER,GB,2605
GB-2605-L18-1112,2,DOVER,L18,WIZAD,GB,2605
GB-2605-L18-1112,3,WIZAD,L18,MAYFIELD,GB,2605
GB-2605-L18-1112,4,MAYFIELD,L18,MIDHURST,GB,2605
GB-2605-L18-1112,5,MIDHURST,L18,VAPID,GB,2605
GB-2605-L18-1112,6,VAPID,L18,NIGIT,GB,2605
GB-2605-L18-1112,7,NIGIT,L18,NUBRI,GB,2605
GB-2605-L18-1112,8,NUBRI,L18,NUCHU,GB,2605
GB-2605-L18-1112,9,NUCHU,L18,UNZIB,GB,2605
GB-2605-L18-1112,10,UNZIB,L18,CONKO,GB,2605
GB-2605-L18-1112,11,CONKO,L18,LANON,GB,2605
GB-2605-L18-1112,12,LANON,L18,BADSI,GB,2605
GB-2605-L18-1112,13,BADSI,L18,ABLIN,GB,2605
GB-2605-L18-1112,14,ABLIN,L18,IRKUM,GB,2605
GB-2605-L18-1112,15,IRKUM,L18,LIPGO,GB,2605
GB-2605-L180-2680,1,LEKCI,L180,ZIPWE,GB,2605
GB-2605-L180-2680,2,ZIPWE,L180,TIGWE,GB,2605
GB-2605-L180-2680,3,TIGWE,L180,OXCUD,GB,2605
GB-2605-L180-2680,4,OXCUD,L180,FIGZI,GB,2605
GB-2605-L186-2769,1,TURNBERRY,L186,NORBO,GB,2605
GB-2605-L22-1356,1,SKERY,L22,EMWIP,GB,2605
GB-2605-L28-1374,1,TRENT,L28,RODOL,GB,2605
GB-2605-L28-1374,2,RODOL,L28,MANCHESTER,GB,2605
GB-2605-L28-1374,3,MANCHESTER,L28,ASNIP,GB,2605
GB-2605-L28-1374,4,ASNIP,L28,AGLIL,GB,2605
GB-2605-L28-1374,5,AGLIL,L28,PENIL,GB,2605
GB-2605-L28-1374,6,PENIL,L28,DANDI,GB,2605
GB-2605-L28-1374,7,DANDI,L28,LELDO,GB,2605
GB-2605-L28-1374,8,LELDO,L28,SOSIM,GB,2605
GB-2605-L37-1448,1,OVZOG,L37,LEDGO,GB,2605
GB-2605-L38-1488,1,CANZI,L38,SAMON,GB,2605
GB-2605-L46-1510,1,NALAX,L46,LIBSO,GB,2605
GB-2605-L46-1510,2,LIBSO,L46,ESHIN,GB,2605
GB-2605-L46-1510,3,ESHIN,L46,MITSO,GB,2605
GB-2605-L46-1510,4,MITSO,L46,RIMTO,GB,2605
GB-2605-L46-1510,5,RIMTO,L46,HALIF,GB,2605
GB-2605-L46-1510,6,HALIF,L46,GETNO,GB,2605
GB-2605-L6-14,1,DOVER,L6,DETLING,GB,2605
GB-2605-L60-1615,1,ENZEN,L60,SOPEK,GB,2605
GB-2605-L60-1615,2,SOPEK,L60,OTBED,GB,2605
GB-2605-L60-1615,3,OTBED,L60,ENCOD,GB,2605
GB-2605-L60-1615,4,ENCOD,L60,NISBI,GB,2605
GB-2605-L60-1615,5,NISBI,L60,DOPEK,GB,2605
GB-2605-L60-1615,6,DOPEK,L60,ARTIX,GB,2605
GB-2605-L60-1615,7,ARTIX,L60,MOGMO,GB,2605
GB-2605-L60-1615,8,MOGMO,L60,BETWEEN,GB,2605
GB-2605-L60-1615,9,BETWEEN,L60,MAMUL,GB,2605
GB-2605-L60-1615,10,MAMUL,L60,ADELU,GB,2605
GB-2605-L60-1615,11,ADELU,L60,BOLBI,GB,2605
GB-2605-L60-1615,12,BOLBI,L60,SONEX,GB,2605
GB-2605-L60-1615,13,SONEX,L60,PENIL,GB,2605
GB-2605-L602-2797,1,MIMVA,L602,EMLON,GB,2605
GB-2605-L602-2797,2,EMLON,L602,LEGRO,GB,2605
GB-2605-L602-2797,3,LEGRO,L602,NALAX,GB,2605
GB-2605-L602-2797,4,NALAX,L602,OTTRINGHAM,GB,2605
GB-2605-L602-2797,5,OTTRINGHAM,L602,ERKIT,GB,2605
GB-2605-L603-2874,1,LAMSO,L603,BUKUT,GB,2605
GB-2605-L603-2874,2,BUKUT,L603,DIBAL,GB,2605
GB-2605-L603-2874,3,DIBAL,L603,DOLAS,GB,2605
GB-2605-L603-2874,4,DOLAS,L603,AMVEL,GB,2605
GB-2605-L603-2874,5,AMVEL,L603,ROGAG,GB,2605
GB-2605-L603-2874,6,ROGAG,L603,EVKAL,GB,2605
GB-2605-L603-2874,7,EVKAL,L603,LAMIX,GB,2605
GB-2605-L603-2874,8,LAMIX,L603,EDUXO,GB,2605
GB-2605-L603-2874,9,EDUXO,L603,MAMUL,GB,2605
GB-2605-L603-2874,10,MAMUL,L603,ELNOD,GB,2605
GB-2605-L603-2874,11,ELNOD,L603,DESIG,GB,2605
GB-2605-L603-2874,12,DESIG,L603,TENSO,GB,2605
GB-2605-L603-2874,13,TENSO,L603,BELOX,GB,2605
GB-2605-L603-2874,14,BELOX,L603,ISLEOFMAN,GB,2605
GB-2605-L603-2874,15,ISLEOFMAN,L603,PEPOD,GB,2605
GB-2605-L603-2874,16,PEPOD,L603,LISBO,GB,2605
GB-2605-L607-3084,1,KONAN,L607,BIGGIN,GB,2605
GB-2605-L607-3084,2,BIGGIN,L607,ALHAD,GB,2605
GB-2605-L607-3084,3,ALHAD,L607,ELSOF,GB,2605
GB-2605-L607-3084,4,ELSOF,L607,NUCHU,GB,2605
GB-2605-L607-3084,5,NUCHU,L607,UNZIB,GB,2605
GB-2605-L607-3084,6,UNZIB,L607,BUCFA,GB,2605
GB-2605-L607-3084,7,BUCFA,L607,YORQI,GB,2605
GB-2605-L607-3084,8,YORQI,L607,HAWFA,GB,2605
GB-2605-L607-3084,9,HAWFA,L607,RUHUN,GB,2605
GB-2605-L608-3228,1,SUMUM,L608,LOGAN,GB,2605
GB-2605-L608-3228,2,LOGAN,L608,CLACTON,GB,2605
GB-2605-L608-3228,3,CLACTON,L608,ADMIS,GB,2605
GB-2605-L608-3228,4,ADMIS,L608,POTON,GB,2605
GB-2605-L608-3228,5,POTON,L608,OLNEY,GB,2605
GB-2605-L608-3228,6,OLNEY,L608,DAVENTRY,GB,2605
GB-2605-L608-3228,7,DAVENTRY,L608,UNGAP,GB,2605
GB-2605-L610-3380,1,RAPIX,L610,SUNUP,GB,2605
GB-2605-L610-3380,2,SUNUP,L610,TEBRA,GB,2605
GB-2605-L610-3380,3,TEBRA,L610,KOPUL,GB,2605
GB-2605-L610-3380,4,KOPUL,L610,UNSAD,GB,2605
GB-2605-L610-3380,5,UNSAD,L610,NILON,GB,2605
GB-2605-L610-3380,6,NILON,L610,GILDA,GB,2605
GB-2605-L610-3380,7,GILDA,L610,LAMBOURNE,GB,2605
GB-2605-L610-3380,8,LAMBOURNE,L610,HEMEL,GB,2605
GB-2605-L612-3509,1,XAMAB,L612,HAWKE,GB,2605
GB-2605-L612-3509,2,HAWKE,L612,BENBO,GB,2605
GB-2605-L612-3509,3,BENBO,L612,BOGNA,GB,2605
GB-2605-L612-3509,4,BOGNA,L612,MIDHURST,GB,2605
GB-2605-L612-3509,5,MIDHURST,L612,WOODLEY,GB,2605
GB-2605-L612-3509,6,WOODLEY,L612,COWLY,GB,2605
GB-2605-L612-3509,7,COWLY,L612,EMKUK,GB,2605
GB-2605-L612-3509,8,EMKUK,L612,IXURA,GB,2605
GB-2605-L612-3509,9,IXURA,L612,HONILEY,GB,2605
GB-2605-L612-3509,10,HONILEY,L612,LISTO,GB,2605
GB-2605-L612-3509,11,LISTO,L612,LOVEL,GB,2605
GB-2605-L612-3509,12,LOVEL,L612,BARTN,GB,2605
GB-2605-L612-3509,13,BARTN,L612,CROFT,GB,2605
GB-2605-L612-3509,14,CROFT,L612,CALDA,GB,2605
GB-2605-L612-3509,15,CALDA,L612,OBUNI,GB,2605
GB-2605-L612-3509,16,OBUNI,L612,VAMEB,GB,2605
GB-2605-L612-3509,17,VAMEB,L612,LAKEY,GB,2605
GB-2605-L612-3509,18,LAKEY,L612,ASCOM,GB,2605
GB-2605-L612-3509,19,ASCOM,L612,DEANCROSS,GB,2605
GB-2605-L612-3509,20,DEANCROSS,L612,BEBNI,GB,2605
GB-2605-L612-3509,21,BEBNI,L612,NAVSO,GB,2605
GB-2605-L612-3509,22,NAVSO,L612,ELBUS,GB,2605
GB-2605-L612-3509,23,ELBUS,L612,LUSIV,GB,2605
GB-2605-L612-3509,24,LUSIV,L612,FENIK,GB,2605
GB-2605-L612-3509,25,FENIK,L612,GLASGOW,GB,2605
GB-2605-L613-3848,1,SOVAT,L613,SANDY,GB,2605
GB-2605-L613-3848,2,SANDY,L613,STOAT,GB,2605
GB-2605-L613-3848,3,STOAT,L613,MOGLI,GB,2605
GB-2605-L613-3848,4,MOGLI,L613,BETAX,GB,2605
GB-2605-L613-3848,5,BETAX,L613,MAMUL,GB,2605
GB-2605-L613-3848,6,MAMUL,L613,HALIF,GB,2605
GB-2605-L613-3848,7,HALIF,L613,LEHOC,GB,2605
GB-2605-L620-3943,1,DAWLY,L620,BRIPO,GB,2605
GB-2605-L620-3943,2,BRIPO,L620,GIBSO,GB,2605
GB-2605-L620-3943,3,GIBSO,L620,BEVUP,GB,2605
GB-2605-L620-3943,4,BEVUP,L620,ABKIM,GB,2605
GB-2605-L620-3943,5,ABKIM,L620,SOUTHAMPTON,GB,2605
GB-2605-L620-3943,6,SOUTHAMPTON,L620,HAZEL,GB,2605
GB-2605-L620-3943,7,HAZEL,L620,NIBDA,GB,2605
GB-2605-L620-3943,8,NIBDA,L620,NOVMA,GB,2605
GB-2605-L620-3943,9,NOVMA,L620,MIDHURST,GB,2605
GB-2605-L620-3943,10,MIDHURST,L620,GILDA,GB,2605
GB-2605-L620-3943,11,GILDA,L620,SIRGO,GB,2605
GB-2605-L620-3943,12,SIRGO,L620,MANGO,GB,2605
GB-2605-L620-3943,13,MANGO,L620,CLACTON,GB,2605
GB-2605-L620-3943,14,CLACTON,L620,REDFA,GB,2605
GB-2605-L70-1801,1,DESIG,L70,KOLID,GB,2605
GB-2605-L70-1801,2,KOLID,L70,TADAL,GB,2605
GB-2605-L70-1801,3,TADAL,L70,GUNTU,GB,2605
GB-2605-L70-1801,4,GUNTU,L70,PENIL,GB,2605
GB-2605-L70-1801,5,PENIL,L70,BABRA,GB,2605
GB-2605-L70-1801,6,BABRA,L70,GIGTO,GB,2605
GB-2605-L70-1801,7,GIGTO,L70,UNDUX,GB,2605
GB-2605-L70-1801,8,UNDUX,L70,SOPAX,GB,2605
GB-2605-L70-1801,9,SOPAX,L70,RAMOX,GB,2605
GB-2605-L70-1801,10,RAMOX,L70,OGTUG,GB,2605
GB-2605-L70-1801,11,OGTUG,L70,BAGSO,GB,2605
GB-2605-L722-4155,1,SANDY,L722,HABCI,GB,2605
GB-2605-L722-4155,2,HABCI,L722,ICTAM,GB,2605
GB-2605-L74-1907,1,TOPPA,L74,LARDI,GB,2605
GB-2605-L8-54,1,BUGUP,L8,NANUM,GB,2605
GB-2605-L8-54,2,NANUM,L8,HONILEY,GB,2605
GB-2605-L8-54,3,HONILEY,L8,STAFA,GB,2605
GB-2605-L8-54,4,STAFA,L8,NANTI,GB,2605
GB-2605-L8-54,5,NANTI,L8,UMKIL,GB,2605
GB-2605-L8-54,6,UMKIL,L8,VABKA,GB,2605
GB-2605-L8-54,7,VABKA,L8,ASNIP,GB,2605
GB-2605-L8-54,8,ASNIP,L8,TADAL,GB,2605
GB-2605-L89-1929,1,KATHY,L89,HAZEL,GB,2605
GB-2605-L89-1929,2,HAZEL,L89,WOODLEY,GB,2605
GB-2605-L9-157,1,KONAN,L9,DOVER,GB,2605
GB-2605-L9-157,2,DOVER,L9,UMTUM,GB,2605
GB-2605-L9-157,3,UMTUM,L9,EMKAD,GB,2605
GB-2605-L9-157,4,EMKAD,L9,DIKVU,GB,2605
GB-2605-L9-157,5,DIKVU,L9,BIGGIN,GB,2605
GB-2605-L9-157,6,BIGGIN,L9,GOXUL,GB,2605
GB-2605-L9-157,7,GOXUL,L9,NORRY,GB,2605
GB-2605-L9-157,8,NORRY,L9,COMPTON,GB,2605
GB-2605-L9-157,9,COMPTON,L9,DIDZA,GB,2605
GB-2605-L9-157,10,DIDZA,L9,OKSAW,GB,2605
GB-2605-L9-157,11,OKSAW,L9,BIBPE,GB,2605
GB-2605-L9-157,12,BIBPE,L9,KITFE,GB,2605
GB-2605-L9-157,13,KITFE,L9,ELWIS,GB,2605
GB-2605-L9-157,14,ELWIS,L9,BUCGO,GB,2605
GB-2605-L9-157,15,BUCGO,L9,TIGWE,GB,2605
GB-2605-L9-157,16,TIGWE,L9,ARPAK,GB,2605
GB-2605-L9-157,17,ARPAK,L9,FELCA,GB,2605
GB-2605-L9-157,18,FELCA,L9,AGBOS,GB,2605
GB-2605-L9-157,19,AGBOS,L9,ACCAQ,GB,2605
GB-2605-L9-157,20,ACCAQ,L9,FADZU,GB,2605
GB-2605-L9-157,21,FADZU,L9,NICXI,GB,2605
GB-2605-L9-157,22,NICXI,L9,OFSOX,GB,2605
GB-2605-L9-157,23,OFSOX,L9,SLANY,GB,2605
GB-2605-L90-2002,1,DOLAS,L90,SUPEL,GB,2605
GB-2605-L90-2002,2,SUPEL,L90,LIBSO,GB,2605
GB-2605-L90-2002,3,LIBSO,L90,OTTRINGHAM,GB,2605
GB-2605-L975-4196,1,GOLES,L975,ARPUB,GB,2605
GB-2605-L975-4196,2,ARPUB,L975,UPTON,GB,2605
GB-2605-L975-4196,3,UPTON,L975,UNIGO,GB,2605
GB-2605-L975-4196,4,UNIGO,L975,DESIG,GB,2605
GB-2605-L975-4196,5,DESIG,L975,DENBY,GB,2605
GB-2605-L975-4196,6,DENBY,L975,SONEX,GB,2605
GB-2605-L975-4196,7,SONEX,L975,BARTN,GB,2605
GB-2605-L975-4196,8,BARTN,L975,ASMIM,GB,2605
GB-2605-L975-4196,9,ASMIM,L975,WALLASEY,GB,2605
GB-2605-L975-4196,10,WALLASEY,L975,MALUD,GB,2605
GB-2605-L975-4196,11,MALUD,L975,ROLEX,GB,2605
GB-2605-L975-4196,12,ROLEX,L975,LYNAS,GB,2605
GB-2605-L975-4196,13,LYNAS,L975,NATKO,GB,2605
GB-2605-L975-4196,14,NATKO,L975,GINIS,GB,2605
GB-2605-L975-4196,15,GINIS,L975,IDEXA,GB,2605
GB-2605-L975-4196,16,IDEXA,L975,LIFFY,GB,2605
GB-2605-L980-4339,1,VEXEN,L980,DOMUT,GB,2605
GB-2605-L980-4339,2,DOMUT,L980,KATHY,GB,2605
GB-2605-L980-4339,3,KATHY,L980,ABSAV,GB,2605
GB-2605-L980-4339,4,ABSAV,L980,AVANT,GB,2605
GB-2605-L980-4339,5,AVANT,L980,MIDHURST,GB,2605
GB-2605-L980-4339,6,MIDHURST,L980,LAMBOURNE,GB,2605
GB-2605-L980-4339,7,LAMBOURNE,L980,EVNAS,GB,2605
GB-2605-L980-4339,8,EVNAS,L980,WESUL,GB,2605
GB-2605-L980-4339,9,WESUL,L980,BRASO,GB,2605
GB-2605-L980-4339,10,BRASO,L980,MANGO,GB,2605
GB-2605-L980-4339,11,MANGO,L980,LIVSU,GB,2605
GB-2605-L980-4339,12,LIVSU,L980,SABER,GB,2605
GB-2605-L980-4339,13,SABER,L980,TRIPO,GB,2605
GB-2605-L980-4339,14,TRIPO,L980,JACKO,GB,2605
GB-2605-L980-4339,15,JACKO,L980,LOGAN,GB,2605
GB-2605-L980-4339,16,LOGAN,L980,XAMAN,GB,2605
GB-2605-L982-4595,1,ORIST,L982,ERGUM,GB,2605
GB-2605-L982-4595,2,ERGUM,L982,ROXOG,GB,2605
GB-2605-L982-4595,3,ROXOG,L982,VASUX,GB,2605
GB-2605-L982-4595,4,VASUX,L982,DISVO,GB,2605
GB-2605-L982-4595,5,DISVO,L982,TELTU,GB,2605
GB-2605-L989-4664,1,BODSO,L989,SOPEK,GB,2605
GB-2605-M14-4721,1,GILDA,M14,FERIT,GB,2605
GB-2605-M14-4721,2,FERIT,M14,WESUL,GB,2605
GB-2605-M14-4721,3,WESUL,M14,STOAT,GB,2605
GB-2605-M140-5189,1,OXLOW,M140,SOUTHAMPTON,GB,2605
GB-2605-M140-5189,2,SOUTHAMPTON,M140,ROKKE,GB,2605
GB-2605-M140-5189,3,ROKKE,M140,PENUX,GB,2605
GB-2605-M140-5189,4,PENUX,M140,DOVER,GB,2605
GB-2605-M142-5235,1,OXLOW,M142,ROKKE,GB,2605
GB-2605-M144-5277,1,PENIL,M144,BABRA,GB,2605
GB-2605-M144-5277,2,BABRA,M144,GIGTO,GB,2605
GB-2605-M144-5277,3,GIGTO,M144,UNDUX,GB,2605
GB-2605-M144-5277,4,UNDUX,M144,SOPAX,GB,2605
GB-2605-M144-5277,5,SOPAX,M144,RAMOX,GB,2605
GB-2605-M144-5277,6,RAMOX,M144,OGTUG,GB,2605
GB-2605-M144-5277,7,OGTUG,M144,BAGSO,GB,2605
GB-2605-M145-5379,1,BAGSO,M145,RIMVU,GB,2605
GB-2605-M145-5379,2,RIMVU,M145,SITKU,GB,2605
GB-2605-M145-5379,3,SITKU,M145,LANVA,GB,2605
GB-2605-M145-5379,4,LANVA,M145,LELDO,GB,2605
GB-2605-M146-5454,1,WALLASEY,M146,AGLIL,GB,2605
GB-2605-M146-5454,2,AGLIL,M146,DIGMA,GB,2605
GB-2605-M146-5454,3,DIGMA,M146,ERDUV,GB,2605
GB-2605-M146-5454,4,ERDUV,M146,LUSOD,GB,2605
GB-2605-M146-5454,5,LUSOD,M146,PEPEG,GB,2605
GB-2605-M146-5454,6,PEPEG,M146,BETWEEN,GB,2605
GB-2605-M146-5454,7,BETWEEN,M146,ROBOP,GB,2605
GB-2605-M146-5454,8,ROBOP,M146,IPSET,GB,2605
GB-2605-M147-5554,1,UVPOK,M147,NOPKI,GB,2605
GB-2605-M147-5554,2,NOPKI,M147,MATUT,GB,2605
GB-2605-M147-5554,3,MATUT,M147,ROBOP,GB,2605
GB-2605-M147-5554,4,ROBOP,M147,MAGEE,GB,2605
GB-2605-M148-5588,1,NINEB,M148,MASOP,GB,2605
GB-2605-M148-5588,2,MASOP,M148,IDGAS,GB,2605
GB-2605-M148-5588,3,IDGAS,M148,IBTES,GB,2605
GB-2605-M148-5588,4,IBTES,M148,LIMKA,GB,2605
GB-2605-M148-5588,5,LIMKA,M148,MAGEE,GB,2605
GB-2605-M16-4761,1,DOLAS,M16,NAPEX,GB,2605
GB-2605-M16-4761,2,NAPEX,M16,XAPOS,GB,2605
GB-2605-M16-4761,3,XAPOS,M16,MANCHESTER,GB,2605
GB-2605-M16-4761,4,MANCHESTER,M16,WALLASEY,GB,2605
GB-2605-M17-4802,1,NICXI,M17,PEMOB,GB,2605
GB-2605-M17-4802,2,PEMOB,M17,LEMGU,GB,2605
GB-2605-M17-4802,3,LEMGU,M17,VATRY,GB,2605
GB-2605-M183-5646,1,COMPTON,M183,SILVA,GB,2605
GB-2605-M183-5646,2,SILVA,M183,NUGBO,GB,2605
GB-2605-M183-5646,3,NUGBO,M183,BARKWAY,GB,2605
GB-2605-M183-5646,4,BARKWAY,M183,ADMIS,GB,2605
GB-2605-M183-5646,5,ADMIS,M183,TEDSA,GB,2605
GB-2605-M183-5646,6,TEDSA,M183,SONDO,GB,2605
GB-2605-M183-5646,7,SONDO,M183,SONOG,GB,2605
GB-2605-M183-5646,8,SONOG,M183,REDFA,GB,2605
GB-2605-M184-5847,1,KOTEM,M184,PILIP,GB,2605
GB-2605-M184-5847,2,PILIP,M184,NELKO,GB,2605
GB-2605-M184-5847,3,NELKO,M184,AVANT,GB,2605
GB-2605-M184-5847,4,AVANT,M184,HEMEL,GB,2605
GB-2605-M185-5927,1,LUGIS,M185,ADLOG,GB,2605
GB-2605-M185-5927,2,ADLOG,M185,DESNA,GB,2605
GB-2605-M185-5927,3,DESNA,M185,TELTU,GB,2605
GB-2605-M185-5927,4,TELTU,M185,MIDHURST,GB,2605
GB-2605-M185-5927,5,MIDHURST,M185,MODMI,GB,2605
GB-2605-M185-5927,6,MODMI,M185,OCKHAM,GB,2605
GB-2605-M185-5927,7,OCKHAM,M185,KOBBI,GB,2605
GB-2605-M185-5927,8,KOBBI,M185,BROOKMANS,GB,2605
GB-2605-M189-6053,1,NEVIL,M189,OSPOL,GB,2605
GB-2605-M189-6053,2,OSPOL,M189,HAWKE,GB,2605
GB-2605-M189-6053,3,HAWKE,M189,WAFFU,GB,2605
GB-2605-M189-6053,4,WAFFU,M189,HASTY,GB,2605
GB-2605-M189-6053,5,HASTY,M189,LYDD,GB,2605
GB-2605-M189-6053,6,LYDD,M189,SANDY,GB,2605
GB-2605-M189-6053,7,SANDY,M189,DOVER,GB,2605
GB-2605-M189-6053,8,DOVER,M189,JACKO,GB,2605
GB-2605-M189-6053,9,JACKO,M189,CLACTON,GB,2605
GB-2605-M189-6053,10,CLACTON,M189,GASBA,GB,2605
GB-2605-M195-6166,1,LORKU,M195,MARUK,GB,2605
GB-2605-M195-6166,2,MARUK,M195,IBNID,GB,2605
GB-2605-M195-6166,3,IBNID,M195,SOUTHAMPTON,GB,2605
GB-2605-M197-6218,1,ENHAQ,M197,ICTAM,GB,2605
GB-2605-M197-6218,2,ICTAM,M197,IPRIL,GB,2605
GB-2605-M197-6218,3,IPRIL,M197,KOBBI,GB,2605
GB-2605-M197-6218,4,KOBBI,M197,BRAIN,GB,2605
GB-2605-M197-6218,5,BRAIN,M197,GASBA,GB,2605
GB-2605-M197-6218,6,GASBA,M197,RATLO,GB,2605
GB-2605-M197-6218,7,RATLO,M197,REDFA,GB,2605
GB-2605-M40-4855,1,UMBUR,M40,IPKUS,GB,2605
GB-2605-M40-4855,2,IPKUS,M40,NILON,GB,2605
GB-2605-M40-4855,3,NILON,M40,TERKO,GB,2605
GB-2605-M40-4855,4,TERKO,M40,SABER,GB,2605
GB-2605-M40-4855,5,SABER,M40,IDESI,GB,2605
GB-2605-M40-4855,6,IDESI,M40,RINIS,GB,2605
GB-2605-M604-6416,1,LYDD,M604,DETLING,GB,2605
GB-2605-M604-6416,2,DETLING,M604,FRANE,GB,2605
GB-2605-M604-6416,3,FRANE,M604,SPEAR,GB,2605
GB-2605-M604-6416,4,SPEAR,M604,TOVGU,GB,2605
GB-2605-M604-6416,5,TOVGU,M604,DAGGA,GB,2605
GB-2605-M604-6416,6,DAGGA,M604,GASBA,GB,2605
GB-2605-M604-6416,7,GASBA,M604,PAAVO,GB,2605
GB-2605-M604-6416,8,PAAVO,M604,TEDSA,GB,2605
GB-2605-M604-6416,9,TEDSA,M604,LAPRA,GB,2605
GB-2605-M604-6416,10,LAPRA,M604,BANEM,GB,2605
GB-2605-M604-6416,11,BANEM,M604,EFMIH,GB,2605
GB-2605-M604-6416,12,EFMIH,M604,BEKMO,GB,2605
GB-2605-M604-6416,13,BEKMO,M604,GIVPO,GB,2605
GB-2605-M605-6575,1,XIDIL,M605,HARDY,GB,2605
GB-2605-M605-6575,2,HARDY,M605,WAFFU,GB,2605
GB-2605-M605-6575,3,WAFFU,M605,SEAFORD,GB,2605
GB-2605-M605-6575,4,SEAFORD,M605,WOODLEY,GB,2605
GB-2605-M605-6575,5,WOODLEY,M605,BENSU,GB,2605
GB-2605-M605-6575,6,BENSU,M605,SILVA,GB,2605
GB-2605-M605-6575,7,SILVA,M605,FINMA,GB,2605
GB-2605-M605-6575,8,FINMA,M605,DAVENTRY,GB,2605
GB-2605-M605-6575,9,DAVENTRY,M605,PEDIG,GB,2605
GB-2605-M605-6575,10,PEDIG,M605,BETWEEN,GB,2605
GB-2605-M605-6575,11,BETWEEN,M605,POLEHILL,GB,2605
GB-2605-M733-6735,1,SUBIP,M733,BANVA,GB,2605
GB-2605-M733-6735,2,BANVA,M733,UNDUG,GB,2605
GB-2605-M733-6735,3,UNDUG,M733,MAYFIELD,GB,2605
GB-2605-M79-4938,1,EMLON,M79,TENDO,GB,2605
GB-2605-M8-4692,1,SUBIP,M8,ELDAX,GB,2605
GB-2605-M8-4692,2,ELDAX,M8,WAFFU,GB,2605
GB-2605-M84-4968,1,KONAN,M84,ABTUM,GB,2605
GB-2605-M84-4968,2,ABTUM,M84,NONVA,GB,2605
GB-2605-M84-4968,3,NONVA,M84,EVMEK,GB,2605
GB-2605-M84-4968,4,EVMEK,M84,CLACTON,GB,2605
GB-2605-M84-4968,5,CLACTON,M84,TOVGU,GB,2605
GB-2605-M84-4968,6,TOVGU,M84,ODUKU,GB,2605
GB-2605-M85-5065,1,ITVIP,M85,DAGGA,GB,2605
GB-2605-M868-6778,1,TRENT,M868,TIPIL,GB,2605
GB-2605-M868-6778,2,TIPIL,M868,EVSON,GB,2605
GB-2605-M868-6778,3,EVSON,M868,ADELU,GB,2605
GB-2605-M87-5086,1,UMTUM,M87,EKNIV,GB,2605
GB-2605-M87-5086,2,EKNIV,M87,SODVU,GB,2605
GB-2605-M87-5086,3,SODVU,M87,SOQQA,GB,2605
GB-2605-M91-5141,1,IRKUN,M91,LYDD,GB,2605
GB-2605-M91-5141,2,LYDD,M91,EMKAD,GB,2605
GB-2605-M91-5141,3,EMKAD,M91,EKNIV,GB,2605
GB-2605-M981-6817,1,GODOS,M981,ROXAT,GB,2605
GB-2605-M982-6849,1,TOPPA,M982,ROKAN,GB,2605
GB-2605-N110-8630,1,DOLAS,N110,ABTOS,GB,2605
GB-2605-N110-8630,2,ABTOS,N110,ESHIN,GB,2605
GB-2605-N110-8630,3,ESHIN,N110,USEKA,GB,2605
GB-2605-N110-8630,4,USEKA,N110,ERKIT,GB,2605
GB-2605-N12-6901,1,EVTOL,N12,NIRIF,GB,2605
GB-2605-N14-6939,1,NIBDA,N14,VOUGA,GB,2605
GB-2605-N14-6939,2,VOUGA,N14,NUBRI,GB,2605
GB-2605-N14-6939,3,NUBRI,N14,HEKXA,GB,2605
GB-2605-N14-6939,4,HEKXA,N14,DIDZA,GB,2605
GB-2605-N14-6939,5,DIDZA,N14,OKSAW,GB,2605
GB-2605-N14-6939,6,OKSAW,N14,BIBPE,GB,2605
GB-2605-N14-6939,7,BIBPE,N14,OKTAD,GB,2605
GB-2605-N14-6939,8,OKTAD,N14,ELNIF,GB,2605
GB-2605-N14-6939,9,ELNIF,N14,DOBEM,GB,2605
GB-2605-N16-7099,1,GIBSO,N16,BEGTO,GB,2605
GB-2605-N16-7099,2,BEGTO,N16,AVANT,GB,2605
GB-2605-N16-7099,3,AVANT,N16,GOODWOOD,GB,2605
GB-2605-N16-7099,4,GOODWOOD,N16,OTSID,GB,2605
GB-2605-N16-7099,5,OTSID,N16,BIGGIN,GB,2605
GB-2605-N16-7099,6,BIGGIN,N16,BROOKMANS,GB,2605
GB-2605-N16-7099,7,BROOKMANS,N16,BARKWAY,GB,2605
GB-2605-N160-8697,1,EVCOR,N160,LEDGO,GB,2605
GB-2605-N17-7268,1,DAWLY,N17,ELRIP,GB,2605
GB-2605-N17-7268,2,ELRIP,N17,OTMET,GB,2605
GB-2605-N17-7268,3,OTMET,N17,SOKDU,GB,2605
GB-2605-N17-7268,4,SOKDU,N17,NEDUL,GB,2605
GB-2605-N17-7268,5,NEDUL,N17,TELTU,GB,2605
GB-2605-N18-7331,1,GUBJE,N18,ECCIT,GB,2605
GB-2605-N18-7331,2,ECCIT,N18,RUKOH,GB,2605
GB-2605-N19-7368,1,ADKIK,N19,NULGU,GB,2605
GB-2605-N19-7368,2,NULGU,N19,SOUTHAMPTON,GB,2605
GB-2605-N20-7396,1,KUNAV,N20,ELDAX,GB,2605
GB-2605-N20-7396,2,ELDAX,N20,NOTGI,GB,2605
GB-2605-N20-7396,3,NOTGI,N20,EVEXU,GB,2605
GB-2605-N21-7442,1,CAWZE,N21,YORQI,GB,2605
GB-2605-N22-7461,1,FIMCA,N22,BERRYHEAD,GB,2605
GB-2605-N24-7483,1,ADHAV,N24,GUBJE,GB,2605
GB-2605-N24-7483,2,GUBJE,N24,BAKUR,GB,2605
GB-2605-N27-7518,1,ICTAM,N27,DEGGE,GB,2605
GB-2605-N27-7518,2,DEGGE,N27,RODNI,GB,2605
GB-2605-N27-7518,3,RODNI,N27,HENTON,GB,2605
GB-2605-N27-7518,4,HENTON,N27,SAXBI,GB,2605
GB-2605-N30-7590,1,ADHAV,N30,BANBA,GB,2605
GB-2605-N34-7626,1,NEVRI,N34,ABSUN,GB,2605
GB-2605-N34-7626,2,ABSUN,N34,BELZU,GB,2605
GB-2605-N38-7662,1,AVTIC,N38,ANJAK,GB,2605
GB-2605-N38-7662,2,ANJAK,N38,NOKIN,GB,2605
GB-2605-N40-7696,1,KLAKI,N40,SIDHO,GB,2605
GB-2605-N40-7696,2,SIDHO,N40,LUFMA,GB,2605
GB-2605-N40-7696,3,LUFMA,N40,EXMOR,GB,2605
GB-2605-N42-7763,1,MIDJO,N42,ELLIQ,GB,2605
GB-2605-N42-7763,2,ELLIQ,N42,REXAM,GB,2605
GB-2605-N514-8719,1,ADKIK,N514,OSNUG,GB,2605
GB-2605-N514-8719,2,OSNUG,N514,EXARO,GB,2605
GB-2605-N514-8719,3,EXARO,N514,EVTES,GB,2605
GB-2605-N514-8719,4,EVTES,N514,GASGU,GB,2605
GB-2605-N546-8784,1,NICXI,N546,EVTOL,GB,2605
GB-2605-N546-8784,2,EVTOL,N546,BAKUR,GB,2605
GB-2605-N552-8820,1,RUBEX,N552,MACHRIHANISH,GB,2605
GB-2605-N560-8843,1,GLASGOW,N560,FOYLE,GB,2605
GB-2605-N560-8843,2,FOYLE,N560,ERSON,GB,2605
GB-2605-N560-8843,3,ERSON,N560,INBAS,GB,2605
GB-2605-N560-8843,4,INBAS,N560,LAGAV,GB,2605
GB-2605-N560-8843,5,LAGAV,N560,NESDI,GB,2605
GB-2605-N560-8843,6,NESDI,N560,GUSSI,GB,2605
GB-2605-N560-8843,7,GUSSI,N560,DAVOT,GB,2605
GB-2605-N560-8843,8,DAVOT,N560,RIMOL,GB,2605
GB-2605-N560-8843,9,RIMOL,N560,BONBY,GB,2605
GB-2605-N560-8843,10,BONBY,N560,CHINN,GB,2605
GB-2605-N560-8843,11,CHINN,N560,WICK,GB,2605
GB-2605-N560-8843,12,WICK,N560,KOKAL,GB,2605
GB-2605-N562-8956,1,TURNBERRY,N562,HERON,GB,2605
GB-2605-N562-8956,2,HERON,N562,MACHRIHANISH,GB,2605
GB-2605-N562-8956,3,MACHRIHANISH,N562,AMCON,GB,2605
GB-2605-N562-8956,4,AMCON,N562,DONIB,GB,2605
GB-2605-N562-8956,5,DONIB,N562,MIMKU,GB,2605
GB-2605-N57-7800,1,DEVAL,N57,SANDY,GB,2605
GB-2605-N57-7800,2,SANDY,N57,DETLING,GB,2605
GB-2605-N57-7800,3,DETLING,N57,LAMBOURNE,GB,2605
GB-2605-N57-7800,4,LAMBOURNE,N57,WELIN,GB,2605
GB-2605-N57-7800,5,WELIN,N57,SAPCO,GB,2605
GB-2605-N57-7800,6,SAPCO,N57,TRENT,GB,2605
GB-2605-N57-7800,7,TRENT,N57,TIPIL,GB,2605
GB-2605-N57-7800,8,TIPIL,N57,DENBY,GB,2605
GB-2605-N57-7800,9,DENBY,N57,POLEHILL,GB,2605
GB-2605-N57-7800,10,POLEHILL,N57,BAMEP,GB,2605
GB-2605-N57-7800,11,BAMEP,N57,SETEL,GB,2605
GB-2605-N57-7800,12,SETEL,N57,OLPOP,GB,2605
GB-2605-N57-7800,13,OLPOP,N57,IPNOX,GB,2605
GB-2605-N57-7800,14,IPNOX,N57,DEANCROSS,GB,2605
GB-2605-N58-8001,1,KARNO,N58,BETWEEN,GB,2605
GB-2605-N58-8001,2,BETWEEN,N58,BARTN,GB,2605
GB-2605-N6-6872,1,PILIP,N6,TIGGY,GB,2605
GB-2605-N6-6872,2,TIGGY,N6,TELTU,GB,2605
GB-2605-N601-9020,1,DETLING,N601,BROOKMANS,GB,2605
GB-2605-N601-9020,2,BROOKMANS,N601,POTON,GB,2605
GB-2605-N601-9020,3,POTON,N601,BEDFO,GB,2605
GB-2605-N601-9020,4,BEDFO,N601,EBOTO,GB,2605
GB-2605-N601-9020,5,EBOTO,N601,PIPIN,GB,2605
GB-2605-N601-9020,6,PIPIN,N601,LESTA,GB,2605
GB-2605-N601-9020,7,LESTA,N601,EMBOR,GB,2605
GB-2605-N601-9020,8,EMBOR,N601,XAPOS,GB,2605
GB-2605-N601-9020,9,XAPOS,N601,BOLBI,GB,2605
GB-2605-N601-9020,10,BOLBI,N601,ULSAX,GB,2605
GB-2605-N601-9020,11,ULSAX,N601,POLEHILL,GB,2605
GB-2605-N601-9020,12,POLEHILL,N601,NELSA,GB,2605
GB-2605-N601-9020,13,NELSA,N601,RIBEL,GB,2605
GB-2605-N601-9020,14,RIBEL,N601,ERGAB,GB,2605
GB-2605-N601-9020,15,ERGAB,N601,SHAPP,GB,2605
GB-2605-N601-9020,16,SHAPP,N601,ABEVI,GB,2605
GB-2605-N601-9020,17,ABEVI,N601,INPIP,GB,2605
GB-2605-N601-9020,18,INPIP,N601,UTOGU,GB,2605
GB-2605-N601-9020,19,UTOGU,N601,INREV,GB,2605
GB-2605-N601-9020,20,INREV,N601,ESKDO,GB,2605
GB-2605-N601-9020,21,ESKDO,N601,IPDOR,GB,2605
GB-2605-N601-9020,22,IPDOR,N601,TALLA,GB,2605
GB-2605-N601-9020,23,TALLA,N601,GRICE,GB,2605
GB-2605-N621-9292,1,LELNA,N621,MARUK,GB,2605
GB-2605-N621-9292,2,MARUK,N621,KAPEX,GB,2605
GB-2605-N621-9292,3,KAPEX,N621,SOUTHAMPTON,GB,2605
GB-2605-N621-9292,4,SOUTHAMPTON,N621,EVTES,GB,2605
GB-2605-N621-9292,5,EVTES,N621,GOGSI,GB,2605
GB-2605-N63-8054,1,LELNA,N63,OLGUD,GB,2605
GB-2605-N63-8054,2,OLGUD,N63,SOUTHAMPTON,GB,2605
GB-2605-N63-8054,3,SOUTHAMPTON,N63,VOUGA,GB,2605
GB-2605-N63-8054,4,VOUGA,N63,IMVUR,GB,2605
GB-2605-N80-8142,1,OZZIL,N80,ARPAK,GB,2605
GB-2605-N83-8177,1,OFSOX,N83,GUBJE,GB,2605
GB-2605-N83-8177,2,GUBJE,N83,ENJEX,GB,2605
GB-2605-N84-8205,1,DIDZA,N84,HENTON,GB,2605
GB-2605-N859-9362,1,SITET,N859,DRAKE,GB,2605
GB-2605-N859-9362,2,DRAKE,N859,INKEK,GB,2605
GB-2605-N859-9362,3,INKEK,N859,EVEXU,GB,2605
GB-2605-N859-9362,4,EVEXU,N859,GOODWOOD,GB,2605
GB-2605-N859-9362,5,GOODWOOD,N859,VAPID,GB,2605
GB-2605-N859-9362,6,VAPID,N859,ALHAD,GB,2605
GB-2605-N859-9362,7,ALHAD,N859,COMPTON,GB,2605
GB-2605-N859-9362,8,COMPTON,N859,DIGUT,GB,2605
GB-2605-N859-9362,9,DIGUT,N859,KIDLI,GB,2605
GB-2605-N859-9362,10,KIDLI,N859,HONILEY,GB,2605
GB-2605-N859-9362,11,HONILEY,N859,UTUXA,GB,2605
GB-2605-N859-9362,12,UTUXA,N859,SANBA,GB,2605
GB-2605-N862-9599,1,SKESO,N862,SKERY,GB,2605
GB-2605-N862-9599,2,SKERY,N862,ENHEL,GB,2605
GB-2605-N862-9599,3,ENHEL,N862,TONQU,GB,2605
GB-2605-N862-9599,4,TONQU,N862,BUDXE,GB,2605
GB-2605-N862-9599,5,BUDXE,N862,SIDHO,GB,2605
GB-2605-N862-9599,6,SIDHO,N862,PACSE,GB,2605
GB-2605-N862-9599,7,PACSE,N862,ABWIV,GB,2605
GB-2605-N862-9599,8,ABWIV,N862,UBCAM,GB,2605
GB-2605-N862-9599,9,UBCAM,N862,WEVBE,GB,2605
GB-2605-N862-9599,10,WEVBE,N862,RUMKE,GB,2605
GB-2605-N862-9599,11,RUMKE,N862,LUCSA,GB,2605
GB-2605-N862-9599,12,LUCSA,N862,ALHUP,GB,2605
GB-2605-N862-9599,13,ALHUP,N862,OGTAW,GB,2605
GB-2605-N862-9599,14,OGTAW,N862,KARNO,GB,2605
GB-2605-N862-9599,15,KARNO,N862,RISLA,GB,2605
GB-2605-N862-9599,16,RISLA,N862,NOKIN,GB,2605
GB-2605-N862-9599,17,NOKIN,N862,WALLASEY,GB,2605
GB-2605-N864-9844,1,SKERY,N864,BERRYHEAD,GB,2605
GB-2605-N864-9844,2,BERRYHEAD,N864,ABBEW,GB,2605
GB-2605-N864-9844,3,ABBEW,N864,DAWLY,GB,2605
GB-2605-N864-9844,4,DAWLY,N864,WIGGU,GB,2605
GB-2605-N864-9844,5,WIGGU,N864,CARWI,GB,2605
GB-2605-N864-9844,6,CARWI,N864,ETNAH,GB,2605
GB-2605-N864-9844,7,ETNAH,N864,TIGWE,GB,2605
GB-2605-N864-9844,8,TIGWE,N864,AZCAL,GB,2605
GB-2605-N864-9844,9,AZCAL,N864,DIZIM,GB,2605
GB-2605-N864-9844,10,DIZIM,N864,KIPWI,GB,2605
GB-2605-N864-9844,11,KIPWI,N864,KISWO,GB,2605
GB-2605-N864-9844,12,KISWO,N864,AVTIC,GB,2605
GB-2605-N864-9844,13,AVTIC,N864,OSWEZ,GB,2605
GB-2605-N864-9844,14,OSWEZ,N864,MONTY,GB,2605
GB-2605-N864-9844,15,MONTY,N864,GODPA,GB,2605
GB-2605-N864-9844,16,GODPA,N864,REXAM,GB,2605
GB-2605-N864-9844,17,REXAM,N864,IVLOD,GB,2605
GB-2605-N864-9844,18,IVLOD,N864,WALLASEY,GB,2605
GB-2605-N864-9844,19,WALLASEY,N864,GUNTU,GB,2605
GB-2605-N864-9844,20,GUNTU,N864,BILVO,GB,2605
GB-2605-N864-9844,21,BILVO,N864,EGTOC,GB,2605
GB-2605-N864-9844,22,EGTOC,N864,SUBUK,GB,2605
GB-2605-N864-9844,23,SUBUK,N864,DEANCROSS,GB,2605
GB-2605-N864-9844,24,DEANCROSS,N864,ASRUS,GB,2605
GB-2605-N864-9844,25,ASRUS,N864,UNURO,GB,2605
GB-2605-N864-9844,26,UNURO,N864,TALLA,GB,2605
GB-2605-N864-9844,27,TALLA,N864,PIPAR,GB,2605
GB-2605-N864-9844,28,PIPAR,N864,NOVBA,GB,2605
GB-2605-N864-9844,29,NOVBA,N864,IBOLU,GB,2605
GB-2605-N864-9844,30,IBOLU,N864,ASNUD,GB,2605
GB-2605-N866-10222,1,LORKU,N866,LAWJO,GB,2605
GB-2605-N866-10222,2,LAWJO,N866,ROKSI,GB,2605
GB-2605-N866-10222,3,ROKSI,N866,BILNI,GB,2605
GB-2605-N866-10222,4,BILNI,N866,SOUTHAMPTON,GB,2605
GB-2605-N866-10222,5,SOUTHAMPTON,N866,GASGU,GB,2605
GB-2605-N866-10222,6,GASGU,N866,DIGSU,GB,2605
GB-2605-N866-10222,7,DIGSU,N866,BANEM,GB,2605
GB-2605-N866-10222,8,BANEM,N866,BUKUT,GB,2605
GB-2605-N866-10222,9,BUKUT,N866,KUBAX,GB,2605
GB-2605-N866-10222,10,KUBAX,N866,TOLSA,GB,2605
GB-2605-N866-10222,11,TOLSA,N866,AKOKO,GB,2605
GB-2605-N867-10362,1,GARMI,N867,BETWEEN,GB,2605
GB-2605-N867-10362,2,BETWEEN,N867,VASUX,GB,2605
GB-2605-N867-10362,3,VASUX,N867,AVANT,GB,2605
GB-2605-N90-8242,1,SKESO,N90,EPLEF,GB,2605
GB-2605-N90-8242,2,EPLEF,N90,ENHEL,GB,2605
GB-2605-N90-8242,3,ENHEL,N90,ZEFIQ,GB,2605
GB-2605-N90-8242,4,ZEFIQ,N90,ABBEW,GB,2605
GB-2605-N91-8294,1,EPACE,N91,CARWI,GB,2605
GB-2605-N91-8294,2,CARWI,N91,MULYM,GB,2605
GB-2605-N91-8294,3,MULYM,N91,FIGZI,GB,2605
GB-2605-N92-8349,1,DAWLY,N92,TIVER,GB,2605
GB-2605-N92-8349,2,TIVER,N92,EXMOR,GB,2605
GB-2605-N92-8349,3,EXMOR,N92,WIGGU,GB,2605
GB-2605-N92-8349,4,WIGGU,N92,PACSE,GB,2605
GB-2605-N92-8349,5,PACSE,N92,ZESPE,GB,2605
GB-2605-N92-8349,6,ZESPE,N92,ICCIN,GB,2605
GB-2605-N92-8349,7,ICCIN,N92,BUCGO,GB,2605
GB-2605-N92-8349,8,BUCGO,N92,OKTAD,GB,2605
GB-2605-N92-8349,9,OKTAD,N92,DUCNO,GB,2605
GB-2605-N92-8349,10,DUCNO,N92,LUXTO,GB,2605
GB-2605-N92-8349,11,LUXTO,N92,BRUMI,GB,2605
GB-2605-N93-8559,1,LUXTO,N93,PEPUL,GB,2605
GB-2605-N93-8559,2,PEPUL,N93,BETWEEN,GB,2605
GB-2605-N93-8559,3,BETWEEN,N93,ADMEX,GB,2605
GB-2605-P1-10409,1,GODOS,P1,BINBO,GB,2605
GB-2605-P1-10409,2,BINBO,P1,ROKAN,GB,2605
GB-2605-P137-12020,1,REDFA,P137,SIVDA,GB,2605
GB-2605-P144-12049,1,MATCH,P144,DIGSU,GB,2605
GB-2605-P144-12049,2,DIGSU,P144,TUZLA,GB,2605
GB-2605-P144-12049,3,TUZLA,P144,LATMU,GB,2605
GB-2605-P144-12049,4,LATMU,P144,SAMHO,GB,2605
GB-2605-P155-12127,1,SOMVA,P155,ABEDA,GB,2605
GB-2605-P155-12127,2,ABEDA,P155,BANEM,GB,2605
GB-2605-P155-12127,3,BANEM,P155,UMBAG,GB,2605
GB-2605-P155-12127,4,UMBAG,P155,SIVDA,GB,2605
GB-2605-P155-12127,5,SIVDA,P155,BANTO,GB,2605
GB-2605-P155-12127,6,BANTO,P155,EBOTO,GB,2605
GB-2605-P155-12127,7,EBOTO,P155,UNGAP,GB,2605
GB-2605-P155-12127,8,UNGAP,P155,HONILEY,GB,2605
GB-2605-P155-12127,9,HONILEY,P155,FACTU,GB,2605
GB-2605-P16-10836,1,SKESO,P16,LIFOX,GB,2605
GB-2605-P16-10836,2,LIFOX,P16,EMWIP,GB,2605
GB-2605-P16-10836,3,EMWIP,P16,FIMCA,GB,2605
GB-2605-P16-10836,4,FIMCA,P16,TOJAQ,GB,2605
GB-2605-P16-10836,5,TOJAQ,P16,ILZIC,GB,2605
GB-2605-P16-10836,6,ILZIC,P16,EXKIC,GB,2605
GB-2605-P16-10836,7,EXKIC,P16,FARJO,GB,2605
GB-2605-P16-10836,8,FARJO,P16,EPACE,GB,2605
GB-2605-P16-10836,9,EPACE,P16,ACCOP,GB,2605
GB-2605-P16-10836,10,ACCOP,P16,BIFCU,GB,2605
GB-2605-P16-10836,11,BIFCU,P16,MOCQO,GB,2605
GB-2605-P16-10836,12,MOCQO,P16,PEPZE,GB,2605
GB-2605-P16-10836,13,PEPZE,P16,AXCIS,GB,2605
GB-2605-P16-10836,14,AXCIS,P16,MOFWE,GB,2605
GB-2605-P16-10836,15,MOFWE,P16,MONTY,GB,2605
GB-2605-P16-10836,16,MONTY,P16,NOKIN,GB,2605
GB-2605-P16-10836,17,NOKIN,P16,ASMIM,GB,2605
GB-2605-P16-10836,18,ASMIM,P16,CROFT,GB,2605
GB-2605-P16-10836,19,CROFT,P16,RIBEL,GB,2605
GB-2605-P16-10836,20,RIBEL,P16,GASKO,GB,2605
GB-2605-P166-12224,1,DAVENTRY,P166,WELIN,GB,2605
GB-2605-P166-12224,2,WELIN,P166,BANTO,GB,2605
GB-2605-P17-11054,1,ZESPE,P17,ELNIF,GB,2605
GB-2605-P17-11054,2,ELNIF,P17,OXCUD,GB,2605
GB-2605-P17-11054,3,OXCUD,P17,OSSEP,GB,2605
GB-2605-P17-11054,4,OSSEP,P17,EDFAR,GB,2605
GB-2605-P17-11054,5,EDFAR,P17,BEPHE,GB,2605
GB-2605-P17-11054,6,BEPHE,P17,ATHAS,GB,2605
GB-2605-P17-11054,7,ATHAS,P17,CONHA,GB,2605
GB-2605-P17-11054,8,CONHA,P17,MIDJO,GB,2605
GB-2605-P17-11054,9,MIDJO,P17,NOKIN,GB,2605
GB-2605-P17-11054,10,NOKIN,P17,KUXEM,GB,2605
GB-2605-P17-11054,11,KUXEM,P17,BARTN,GB,2605
GB-2605-P17-11054,12,BARTN,P17,POLEHILL,GB,2605
GB-2605-P17-11054,13,POLEHILL,P17,NUKPE,GB,2605
GB-2605-P17-11054,14,NUKPE,P17,IPSIR,GB,2605
GB-2605-P17-11054,15,IPSIR,P17,OBOXA,GB,2605
GB-2605-P17-11054,16,OBOXA,P17,MEJAC,GB,2605
GB-2605-P18-11229,1,TELBA,P18,STAFA,GB,2605
GB-2605-P18-11229,2,STAFA,P18,UTUXA,GB,2605
GB-2605-P18-11229,3,UTUXA,P18,LISTO,GB,2605
GB-2605-P18-11229,4,LISTO,P18,POLEHILL,GB,2605
GB-2605-P18-11229,5,POLEHILL,P18,LEHOC,GB,2605
GB-2605-P18-11229,6,LEHOC,P18,IDKOL,GB,2605
GB-2605-P18-11229,7,IDKOL,P18,ABKAT,GB,2605
GB-2605-P18-11229,8,ABKAT,P18,GASKO,GB,2605
GB-2605-P18-11229,9,GASKO,P18,UVAVU,GB,2605
GB-2605-P18-11229,10,UVAVU,P18,TILNI,GB,2605
GB-2605-P18-11229,11,TILNI,P18,GIRLI,GB,2605
GB-2605-P18-11229,12,GIRLI,P18,NATEB,GB,2605
GB-2605-P18-11229,13,NATEB,P18,ELMUD,GB,2605
GB-2605-P18-11229,14,ELMUD,P18,ALASO,GB,2605
GB-2605-P18-11229,15,ALASO,P18,RITSI,GB,2605
GB-2605-P18-11229,16,RITSI,P18,MADAD,GB,2605
GB-2605-P18-11229,17,MADAD,P18,NEXUS,GB,2605
GB-2605-P18-11229,18,NEXUS,P18,BALID,GB,2605
GB-2605-P18-11229,19,BALID,P18,UPGET,GB,2605
GB-2605-P18-11229,20,UPGET,P18,OKPAL,GB,2605
GB-2605-P18-11229,21,OKPAL,P18,EPCAN,GB,2605
GB-2605-P18-11229,22,EPCAN,P18,ABERDEEN,GB,2605
GB-2605-P2-10439,1,DOVER,P2,ZORFE,GB,2605
GB-2605-P2-10439,2,ZORFE,P2,HABCI,GB,2605
GB-2605-P2-10439,3,HABCI,P2,PAWDE,GB,2605
GB-2605-P2-10439,4,PAWDE,P2,NIGIT,GB,2605
GB-2605-P2-10439,5,NIGIT,P2,SIRIC,GB,2605
GB-2605-P2-10439,6,SIRIC,P2,CAWZE,GB,2605
GB-2605-P2-10439,7,CAWZE,P2,ORZEB,GB,2605
GB-2605-P2-10439,8,ORZEB,P2,AMFUL,GB,2605
GB-2605-P25-11456,1,LAPRA,P25,MIPVO,GB,2605
GB-2605-P25-11456,2,MIPVO,P25,DITOB,GB,2605
GB-2605-P25-11456,3,DITOB,P25,MEGEL,GB,2605
GB-2605-P25-11456,4,MEGEL,P25,BARMI,GB,2605
GB-2605-P4-10582,1,HAWFA,P4,LEKCI,GB,2605
GB-2605-P4-10582,2,LEKCI,P4,BRECON,GB,2605
GB-2605-P4-10582,3,BRECON,P4,TIZDU,GB,2605
GB-2605-P4-10582,4,TIZDU,P4,FELCA,GB,2605
GB-2605-P44-11494,1,BRAIN,P44,DAGGA,GB,2605
GB-2605-P44-11494,2,DAGGA,P44,CLACTON,GB,2605
GB-2605-P44-11494,3,CLACTON,P44,RATLO,GB,2605
GB-2605-P44-11494,4,RATLO,P44,PIXAM,GB,2605
GB-2605-P44-11494,5,PIXAM,P44,SOMVA,GB,2605
GB-2605-P49-11577,1,XAMAN,P49,IDESI,GB,2605
GB-2605-P49-11577,2,IDESI,P49,LAPRA,GB,2605
GB-2605-P5-10679,1,DIGSU,P5,UMBAG,GB,2605
GB-2605-P5-10679,2,UMBAG,P5,ELNAB,GB,2605
GB-2605-P5-10679,3,ELNAB,P5,BUZDE,GB,2605
GB-2605-P6-10736,1,LESTA,P6,RODOL,GB,2605
GB-2605-P6-10736,2,RODOL,P6,NELBO,GB,2605
GB-2605-P6-10736,3,NELBO,P6,IPSET,GB,2605
GB-2605-P6-10736,4,IPSET,P6,BELZU,GB,2605
GB-2605-P600-12252,1,ROTEV,P600,GOTNA,GB,2605
GB-2605-P600-12252,2,GOTNA,P600,BLACA,GB,2605
GB-2605-P600-12252,3,BLACA,P600,TUNSO,GB,2605
GB-2605-P600-12252,4,TUNSO,P600,GIRVA,GB,2605
GB-2605-P600-12252,5,GIRVA,P600,TURNBERRY,GB,2605
GB-2605-P600-12252,6,TURNBERRY,P600,FENIK,GB,2605
GB-2605-P600-12252,7,FENIK,P600,GOSAM,GB,2605
GB-2605-P600-12252,8,GOSAM,P600,GRICE,GB,2605
GB-2605-P600-12252,9,GRICE,P600,ENUKU,GB,2605
GB-2605-P600-12252,10,ENUKU,P600,EDONU,GB,2605
GB-2605-P600-12252,11,EDONU,P600,FINDO,GB,2605
GB-2605-P600-12252,12,FINDO,P600,PERTH,GB,2605
GB-2605-P600-12252,13,PERTH,P600,ASNUD,GB,2605
GB-2605-P600-12252,14,ASNUD,P600,GANKI,GB,2605
GB-2605-P600-12252,15,GANKI,P600,GLESK,GB,2605
GB-2605-P600-12252,16,GLESK,P600,NAXIL,GB,2605
GB-2605-P600-12252,17,NAXIL,P600,ABERDEEN,GB,2605
GB-2605-P600-12252,18,ABERDEEN,P600,OSLEL,GB,2605
GB-2605-P600-12252,19,OSLEL,P600,LESNI,GB,2605
GB-2605-P600-12252,20,LESNI,P600,BUDON,GB,2605
GB-2605-P600-12252,21,BUDON,P600,OVDAN,GB,2605
GB-2605-P620-12464,1,NIMAT,P620,NUMPI,GB,2605
GB-2605-P620-12464,2,NUMPI,P620,NELBO,GB,2605
GB-2605-P620-12464,3,NELBO,P620,BLACA,GB,2605
GB-2605-P69-11626,1,BRECON,P69,EXBUM,GB,2605
GB-2605-P69-11626,2,EXBUM,P69,FEBWI,GB,2605
GB-2605-P69-11626,3,FEBWI,P69,INFUS,GB,2605
GB-2605-P69-11626,4,INFUS,P69,DIZIM,GB,2605
GB-2605-P7-10786,1,LOGAN,P7,IDESI,GB,2605
GB-2605-P7-10786,2,IDESI,P7,SONOG,GB,2605
GB-2605-P7-10786,3,SONOG,P7,BARMI,GB,2605
GB-2605-P7-10786,4,BARMI,P7,BUKUT,GB,2605
GB-2605-P70-11711,1,AGCAT,P70,ADHAV,GB,2605
GB-2605-P70-11711,2,ADHAV,P70,ENJEX,GB,2605
GB-2605-P72-11739,1,ALHAD,P72,IPRIL,GB,2605
GB-2605-P72-11739,2,IPRIL,P72,BROOKMANS,GB,2605
GB-2605-P73-11800,1,GOBNU,P73,REFQI,GB,2605
GB-2605-P73-11800,2,REFQI,P73,NUCHU,GB,2605
GB-2605-P83-11836,1,BOLRO,P83,BETWEEN,GB,2605
GB-2605-P83-11836,2,BETWEEN,P83,KATHY,GB,2605
GB-2605-P83-11836,3,KATHY,P83,ELDER,GB,2605
GB-2605-P83-11836,4,ELDER,P83,SOUTHAMPTON,GB,2605
GB-2605-P86-11882,1,SAWPE,P86,DIDZA,GB,2605
GB-2605-P86-11882,2,DIDZA,P86,SILVA,GB,2605
GB-2605-P87-11934,1,BOLRO,P87,BETWEEN,GB,2605
GB-2605-P87-11934,2,BETWEEN,P87,ROXOG,GB,2605
GB-2605-P88-11966,1,ODREP,P88,GOKTU,GB,2605
GB-2605-P88-11966,2,GOKTU,P88,BETWEEN,GB,2605
GB-2605-P88-11966,3,BETWEEN,P88,VASUX,GB,2605
GB-2605-Q295-13727,1,NUCHU,Q295,ICTAM,GB,2605
GB-2605-Q295-13727,2,ICTAM,Q295,BROOKMANS,GB,2605
GB-2605-Q295-13727,3,BROOKMANS,Q295,TOTRI,GB,2605
GB-2605-Q295-13727,4,TOTRI,Q295,MATCH,GB,2605
GB-2605-Q295-13727,5,MATCH,Q295,BRAIN,GB,2605
GB-2605-Q295-13727,6,BRAIN,Q295,PAAVO,GB,2605
GB-2605-Q295-13727,7,PAAVO,Q295,SOMVA,GB,2605
GB-2605-Q3-12506,1,LAMBOURNE,Q3,OCKHAM,GB,2605
GB-2605-Q3-12506,2,OCKHAM,Q3,HEMEL,GB,2605
GB-2605-Q3-12506,3,HEMEL,Q3,MOGLI,GB,2605
GB-2605-Q36-12648,1,NUGRA,Q36,EPOXI,GB,2605
GB-2605-Q36-12648,2,EPOXI,Q36,NOSLO,GB,2605
GB-2605-Q36-12648,3,NOSLO,Q36,ALAVA,GB,2605
GB-2605-Q36-12648,4,ALAVA,Q36,ABGEP,GB,2605
GB-2605-Q36-12648,5,ABGEP,Q36,RULAV,GB,2605
GB-2605-Q36-12648,6,RULAV,Q36,ENDEQ,GB,2605
GB-2605-Q37-12751,1,MALUD,Q37,DONAX,GB,2605
GB-2605-Q37-12751,2,DONAX,Q37,BAVUD,GB,2605
GB-2605-Q37-12751,3,BAVUD,Q37,BAKOX,GB,2605
GB-2605-Q37-12751,4,BAKOX,Q37,BOFUM,GB,2605
GB-2605-Q38-12828,1,NUGRA,Q38,VOLFI,GB,2605
GB-2605-Q38-12828,2,VOLFI,Q38,MALUD,GB,2605
GB-2605-Q38-12828,3,MALUD,Q38,GIGTO,GB,2605
GB-2605-Q38-12828,4,GIGTO,Q38,SOSIM,GB,2605
GB-2605-Q38-12828,5,SOSIM,Q38,MAKUX,GB,2605
GB-2605-Q38-12828,6,MAKUX,Q38,BETWEEN,GB,2605
GB-2605-Q38-12828,7,BETWEEN,Q38,VAKPO,GB,2605
GB-2605-Q38-12828,8,VAKPO,Q38,PEPOD,GB,2605
GB-2605-Q39-12925,1,NOMSU,Q39,DANDI,GB,2605
GB-2605-Q39-12925,2,DANDI,Q39,INKOB,GB,2605
GB-2605-Q39-12925,3,INKOB,Q39,TIMIS,GB,2605
GB-2605-Q39-12925,4,TIMIS,Q39,ETIGA,GB,2605
GB-2605-Q39-12925,5,ETIGA,Q39,BABGU,GB,2605
GB-2605-Q39-12925,6,BABGU,Q39,RINGA,GB,2605
GB-2605-Q4-12582,1,EMBOR,Q4,TRENT,GB,2605
GB-2605-Q4-12582,2,TRENT,Q4,LISTO,GB,2605
GB-2605-Q4-12582,3,LISTO,Q4,VABKA,GB,2605
GB-2605-Q4-12582,4,VABKA,Q4,WALLASEY,GB,2605
GB-2605-Q4-12582,5,WALLASEY,Q4,NOMSU,GB,2605
GB-2605-Q4-12582,6,NOMSU,Q4,GIGTO,GB,2605
GB-2605-Q41-12995,1,ORTAC,Q41,THRED,GB,2605
GB-2605-Q41-12995,2,THRED,Q41,NEDUL,GB,2605
GB-2605-Q41-12995,3,NEDUL,Q41,SOUTHAMPTON,GB,2605
GB-2605-Q41-12995,4,SOUTHAMPTON,Q41,PEPIS,GB,2605
GB-2605-Q41-12995,5,PEPIS,Q41,TABEN,GB,2605
GB-2605-Q41-12995,6,TABEN,Q41,NORRY,GB,2605
GB-2605-Q41-12995,7,NORRY,Q41,COWLY,GB,2605
GB-2605-Q41-12995,8,COWLY,Q41,SILVA,GB,2605
GB-2605-Q60-13147,1,KOPUL,Q60,UGBET,GB,2605
GB-2605-Q60-13147,2,UGBET,Q60,OKSAW,GB,2605
GB-2605-Q602-13936,1,GLASGOW,Q602,CLYDE,GB,2605
GB-2605-Q602-13936,2,CLYDE,Q602,FYNER,GB,2605
GB-2605-Q602-13936,3,FYNER,Q602,BRUCE,GB,2605
GB-2605-Q602-13936,4,BRUCE,Q602,TIREE,GB,2605
GB-2605-Q63-13200,1,SUMUM,Q63,BLIXY,GB,2605
GB-2605-Q63-13200,2,BLIXY,Q63,ARREK,GB,2605
GB-2605-Q63-13200,3,ARREK,Q63,ERING,GB,2605
GB-2605-Q63-13200,4,ERING,Q63,KOPUL,GB,2605
GB-2605-Q63-13200,5,KOPUL,Q63,IDITU,GB,2605
GB-2605-Q63-13200,6,IDITU,Q63,IPKUS,GB,2605
GB-2605-Q63-13200,7,IPKUS,Q63,ICTAM,GB,2605
GB-2605-Q63-13200,8,ICTAM,Q63,COMPTON,GB,2605
GB-2605-Q63-13200,9,COMPTON,Q63,HEKXA,GB,2605
GB-2605-Q63-13200,10,HEKXA,Q63,SAWPE,GB,2605
GB-2605-Q63-13200,11,SAWPE,Q63,ASHUM,GB,2605
GB-2605-Q63-13200,12,ASHUM,Q63,CONKO,GB,2605
GB-2605-Q63-13200,13,CONKO,Q63,OZZIL,GB,2605
GB-2605-Q63-13200,14,OZZIL,Q63,ICCIN,GB,2605
GB-2605-Q63-13200,15,ICCIN,Q63,ETNAH,GB,2605
GB-2605-Q63-13200,16,ETNAH,Q63,ZIPWE,GB,2605
GB-2605-Q63-13200,17,ZIPWE,Q63,EGRUF,GB,2605
GB-2605-Q63-13200,18,EGRUF,Q63,AXNEF,GB,2605
GB-2605-Q63-13200,19,AXNEF,Q63,AMWAB,GB,2605
GB-2605-Q63-13200,20,AMWAB,Q63,BAJJA,GB,2605
GB-2605-Q63-13200,21,BAJJA,Q63,AGCAT,GB,2605
GB-2605-Q63-13200,22,AGCAT,Q63,NICXI,GB,2605
GB-2605-Q63-13200,23,NICXI,Q63,LANPI,GB,2605
GB-2605-Q63-13200,24,LANPI,Q63,TIBGA,GB,2605
GB-2605-Q63-13200,25,TIBGA,Q63,VATRY,GB,2605
GB-2605-Q70-13584,1,VABIK,Q70,MOKBU,GB,2605
GB-2605-Q70-13584,2,MOKBU,Q70,ITVIP,GB,2605
GB-2605-Q70-13584,3,ITVIP,Q70,DETLING,GB,2605
GB-2605-Q70-13584,4,DETLING,Q70,BIGGIN,GB,2605
GB-2605-Q70-13584,5,BIGGIN,Q70,BENSU,GB,2605
GB-2605-Q70-13584,6,BENSU,Q70,COWLY,GB,2605
GB-2605-Q75-13684,1,BUZAD,Q75,UTAVA,GB,2605
GB-2605-Q75-13684,2,UTAVA,Q75,BARKWAY,GB,2605
GB-2605-T256-14039,1,DEANCROSS,T256,RIPNO,GB,2605
GB-2605-T256-14039,2,RIPNO,T256,OSMEG,GB,2605
GB-2605-T256-14039,3,OSMEG,T256,ORVUL,GB,2605
GB-2605-T256-14039,4,ORVUL,T256,ROVLA,GB,2605
GB-2605-T256-14039,5,ROVLA,T256,NORBO,GB,2605
GB-2605-T418-14094,1,UMLAT,T418,WOBUN,GB,2605
GB-2605-T418-14094,2,WOBUN,T418,WELIN,GB,2605
GB-2605-T420-14131,1,ALESO,T420,ROTNO,GB,2605
GB-2605-T420-14131,2,ROTNO,T420,ETVAX,GB,2605
GB-2605-T420-14131,3,ETVAX,T420,TIGER,GB,2605
GB-2605-T420-14131,4,TIGER,T420,BIGGIN,GB,2605
GB-2605-T420-14131,5,BIGGIN,T420,ULTIB,GB,2605
GB-2605-T420-14131,6,ULTIB,T420,HEMEL,GB,2605
GB-2605-T420-14131,7,HEMEL,T420,BUZAD,GB,2605
GB-2605-T420-14131,8,BUZAD,T420,OLNEY,GB,2605
GB-2605-T420-14131,9,OLNEY,T420,WELIN,GB,2605
GB-2605-T420-14131,10,WELIN,T420,AKUPA,GB,2605
GB-2605-T420-14131,11,AKUPA,T420,TIMPO,GB,2605
GB-2605-T420-14131,12,TIMPO,T420,ELVOS,GB,2605
GB-2605-T420-14131,13,ELVOS,T420,TRENT,GB,2605
GB-2605-T421-14453,1,KUNAV,T421,NIVKO,GB,2605
GB-2605-T421-14453,2,NIVKO,T421,BISRU,GB,2605
GB-2605-T421-14453,3,BISRU,T421,BIGGIN,GB,2605
GB-2605-T421-14453,4,BIGGIN,T421,ICTAM,GB,2605
GB-2605-T421-14453,5,ICTAM,T421,DIDZA,GB,2605
GB-2605-T71-14005,1,VAPID,T71,TEVSI,GB,2605
GB-2605-T71-14005,2,TEVSI,T71,COWLY,GB,2605
GB-2605-UL28-14780,1,TRENT,UL28,RODOL,GB,2605
GB-2605-UL28-14780,2,RODOL,UL28,MANCHESTER,GB,2605
GB-2605-UL28-14780,3,MANCHESTER,UL28,ASNIP,GB,2605
GB-2605-UL28-14780,4,ASNIP,UL28,AGLIL,GB,2605
GB-2605-UL28-14780,5,AGLIL,UL28,PENIL,GB,2605
GB-2605-UL28-14780,6,PENIL,UL28,DANDI,GB,2605
GB-2605-UL28-14780,7,DANDI,UL28,LELDO,GB,2605
GB-2605-UL28-14780,8,LELDO,UL28,SOSIM,GB,2605
GB-2605-UL612-15033,1,XAMAB,UL612,HAWKE,GB,2605
GB-2605-UL612-15033,2,HAWKE,UL612,BENBO,GB,2605
GB-2605-UL612-15033,3,BENBO,UL612,BOGNA,GB,2605
GB-2605-UL612-15033,4,BOGNA,UL612,MIDHURST,GB,2605
GB-2605-UL612-15033,5,MIDHURST,UL612,WOODLEY,GB,2605
GB-2605-UL612-15033,6,WOODLEY,UL612,COWLY,GB,2605
GB-2605-UL612-15033,7,COWLY,UL612,EMKUK,GB,2605
GB-2605-UL612-15033,8,EMKUK,UL612,IXURA,GB,2605
GB-2605-UL612-15033,9,IXURA,UL612,HONILEY,GB,2605
GB-2605-UL612-15033,10,HONILEY,UL612,LISTO,GB,2605
GB-2605-UL612-15033,11,LISTO,UL612,LOVEL,GB,2605
GB-2605-UL612-15033,12,LOVEL,UL612,BARTN,GB,2605
GB-2605-UL612-15033,13,BARTN,UL612,CROFT,GB,2605
GB-2605-UL612-15033,14,CROFT,UL612,CALDA,GB,2605
GB-2605-UL612-15033,15,CALDA,UL612,OBUNI,GB,2605
GB-2605-UL612-15033,16,OBUNI,UL612,VAMEB,GB,2605
GB-2605-UL70-14883,1,DESIG,UL70,KOLID,GB,2605
GB-2605-UL70-14883,2,KOLID,UL70,TADAL,GB,2605
GB-2605-UL70-14883,3,TADAL,UL70,GUNTU,GB,2605
GB-2605-UL70-14883,4,GUNTU,UL70,PENIL,GB,2605
GB-2605-UL70-14883,5,PENIL,UL70,BABRA,GB,2605
GB-2605-UL70-14883,6,BABRA,UL70,GIGTO,GB,2605
GB-2605-UL70-14883,7,GIGTO,UL70,UNDUX,GB,2605
GB-2605-UL70-14883,8,UNDUX,UL70,SOPAX,GB,2605
GB-2605-UL70-14883,9,SOPAX,UL70,RAMOX,GB,2605
GB-2605-UL70-14883,10,RAMOX,UL70,OGTUG,GB,2605
GB-2605-UL70-14883,11,OGTUG,UL70,BAGSO,GB,2605
GB-2605-UL8-14573,1,STAFA,UL8,NANTI,GB,2605
GB-2605-UL8-14573,2,NANTI,UL8,UMKIL,GB,2605
GB-2605-UL8-14573,3,UMKIL,UL8,VABKA,GB,2605
GB-2605-UL8-14573,4,VABKA,UL8,ASNIP,GB,2605
GB-2605-UL8-14573,5,ASNIP,UL8,TADAL,GB,2605
GB-2605-UL8-14573,6,TADAL,UL8,BILVO,GB,2605
GB-2605-UL9-14656,1,KONAN,UL9,DOVER,GB,2605
GB-2605-UL9-14656,2,DOVER,UL9,UMTUM,GB,2605
GB-2605-UL9-14656,3,UMTUM,UL9,EMKAD,GB,2605
GB-2605-UL9-14656,4,EMKAD,UL9,LAVRI,GB,2605
GB-2605-UL9-14656,5,LAVRI,UL9,DIKVU,GB,2605
GB-2605-UL9-14656,6,DIKVU,UL9,BIGGIN,GB,2605
GB-2605-UL9-14656,7,BIGGIN,UL9,GOXUL,GB,2605
GB-2605-UL9-14656,8,GOXUL,UL9,LINDY,GB,2605
GB-2605-UL9-14656,9,LINDY,UL9,NORRY,GB,2605
GB-2605-UL9-14656,10,NORRY,UL9,COMPTON,GB,2605
GB-2605-UL975-15239,1,LIFFY,UL975,IDEXA,GB,2605
GB-2605-UL975-15239,2,IDEXA,UL975,GINIS,GB,2605
GB-2605-UL975-15239,3,GINIS,UL975,NATKO,GB,2605
GB-2605-UL975-15239,4,NATKO,UL975,LYNAS,GB,2605
GB-2605-UL975-15239,5,LYNAS,UL975,ROLEX,GB,2605
GB-2605-UL975-15239,6,ROLEX,UL975,MALUD,GB,2605
GB-2605-UL975-15239,7,MALUD,UL975,WALLASEY,GB,2605
GB-2605-UL975-15239,8,WALLASEY,UL975,ASMIM,GB,2605
GB-2605-UL975-15239,9,ASMIM,UL975,BARTN,GB,2605
GB-2605-UL975-15239,10,BARTN,UL975,SONEX,GB,2605
GB-2605-UL975-15239,11,SONEX,UL975,DENBY,GB,2605
GB-2605-UL975-15239,12,DENBY,UL975,DESIG,GB,2605
GB-2605-UL975-15239,13,DESIG,UL975,UNIGO,GB,2605
GB-2605-UL975-15239,14,UNIGO,UL975,UPTON,GB,2605
GB-2605-UL975-15239,15,UPTON,UL975,ARPUB,GB,2605
GB-2605-UL975-15239,16,ARPUB,UL975,GOLES,GB,2605
GB-2605-UL975-15239,17,GOLES,UL975,FIZED,GB,2605
GB-2605-UL975-15239,18,FIZED,UL975,LIBSO,GB,2605
GB-2605-UL975-15239,19,LIBSO,UL975,ERDOW,GB,2605
GB-2605-UM184-15549,1,KOTEM,UM184,PILIP,GB,2605
GB-2605-UM184-15549,2,PILIP,UM184,NELKO,GB,2605
GB-2605-UM184-15549,3,NELKO,UM184,AVANT,GB,2605
GB-2605-UM184-15549,4,AVANT,UM184,HEMEL,GB,2605
GB-2605-UM185-15619,1,LUGIS,UM185,ADLOG,GB,2605
GB-2605-UM185-15619,2,ADLOG,UM185,DESNA,GB,2605
GB-2605-UM185-15619,3,DESNA,UM185,TELTU,GB,2605
GB-2605-UM185-15619,4,TELTU,UM185,MIDHURST,GB,2605
GB-2605-UM185-15619,5,MIDHURST,UM185,MODMI,GB,2605
GB-2605-UM185-15619,6,MODMI,UM185,OCKHAM,GB,2605
GB-2605-UM185-15619,7,OCKHAM,UM185,KOBBI,GB,2605
GB-2605-UM185-15619,8,KOBBI,UM185,BROOKMANS,GB,2605
GB-2605-UM185-15619,9,BROOKMANS,UM185,DIGSU,GB,2605
GB-2605-UM185-15619,10,DIGSU,UM185,ADGEG,GB,2605
GB-2605-UM185-15619,11,ADGEG,UM185,EZTIM,GB,2605
GB-2605-UM189-15773,1,DRAKE,UM189,HAWKE,GB,2605
GB-2605-UM189-15773,2,HAWKE,UM189,WAFFU,GB,2605
GB-2605-UM189-15773,3,WAFFU,UM189,LYDD,GB,2605
GB-2605-UM605-15834,1,XIDIL,UM605,HARDY,GB,2605
GB-2605-UM605-15834,2,HARDY,UM605,WAFFU,GB,2605
GB-2605-UM605-15834,3,WAFFU,UM605,SEAFORD,GB,2605
GB-2605-UM605-15834,4,SEAFORD,UM605,WOODLEY,GB,2605
GB-2605-UM605-15834,5,WOODLEY,UM605,BENSU,GB,2605
GB-2605-UM605-15834,6,BENSU,UM605,SILVA,GB,2605
GB-2605-UM605-15834,7,SILVA,UM605,FINMA,GB,2605
GB-2605-UM605-15834,8,FINMA,UM605,DAVENTRY,GB,2605
GB-2605-UM65-15527,1,RODOL,UM65,TENSO,GB,2605
GB-2605-UM733-15926,1,SUBIP,UM733,BANVA,GB,2605
GB-2605-UM733-15926,2,BANVA,UM733,UNDUG,GB,2605
GB-2605-UM733-15926,3,UNDUG,UM733,MAYFIELD,GB,2605
GB-2605-UM8-15485,1,SUBIP,UM8,ELDAX,GB,2605
GB-2605-UM8-15485,2,ELDAX,UM8,WAFFU,GB,2605
GB-2605-UM868-15973,1,TRENT,UM868,TIPIL,GB,2605
GB-2605-UM868-15973,2,TIPIL,UM868,EVSON,GB,2605
GB-2605-UM868-15973,3,EVSON,UM868,ADELU,GB,2605
GB-2605-UN57-16051,1,SANDY,UN57,LAMBOURNE,GB,2605
GB-2605-UN57-16051,2,LAMBOURNE,UN57,WELIN,GB,2605
GB-2605-UN57-16051,3,WELIN,UN57,SAPCO,GB,2605
GB-2605-UN57-16051,4,SAPCO,UN57,TRENT,GB,2605
GB-2605-UN57-16051,5,TRENT,UN57,POLEHILL,GB,2605
GB-2605-UN6-16025,1,PILIP,UN6,TIGGY,GB,2605
GB-2605-UN6-16025,2,TIGGY,UN6,TELTU,GB,2605
GB-2605-UN601-16131,1,SANDY,UN601,DETLING,GB,2605
GB-2605-UN601-16131,2,DETLING,UN601,BROOKMANS,GB,2605
GB-2605-UN601-16131,3,BROOKMANS,UN601,POTON,GB,2605
GB-2605-UN601-16131,4,POTON,UN601,BEDFO,GB,2605
GB-2605-UN601-16131,5,BEDFO,UN601,EBOTO,GB,2605
GB-2605-UN601-16131,6,EBOTO,UN601,PIPIN,GB,2605
GB-2605-UN601-16131,7,PIPIN,UN601,LESTA,GB,2605
GB-2605-UN601-16131,8,LESTA,UN601,EMBOR,GB,2605
GB-2605-UN601-16131,9,EMBOR,UN601,XAPOS,GB,2605
GB-2605-UN601-16131,10,XAPOS,UN601,BOLBI,GB,2605
GB-2605-UN601-16131,11,BOLBI,UN601,ULSAX,GB,2605
GB-2605-UN601-16131,12,ULSAX,UN601,POLEHILL,GB,2605
GB-2605-UN601-16131,13,POLEHILL,UN601,NELSA,GB,2605
GB-2605-UN601-16131,14,NELSA,UN601,RIBEL,GB,2605
GB-2605-UN601-16131,15,RIBEL,UN601,524757N0004834W,GB,2605
GB-2605-UN601-16131,16,524757N0004834W,UN601,532003N0013042W,GB,2605
GB-2605-UN601-16131,17,532003N0013042W,UN601,532012N0011840W,GB,2605
GB-2605-UN601-16131,18,532012N0011840W,UN601,530016N0010043W,GB,2605
GB-2605-UN601-16131,19,530016N0010043W,UN601,522632N0003702W,GB,2605
GB-2605-UN859-16315,1,SITET,UN859,GOODWOOD,GB,2605
GB-2605-UN859-16315,2,GOODWOOD,UN859,VAPID,GB,2605
GB-2605-UN859-16315,3,VAPID,UN859,ALHAD,GB,2605
GB-2605-UN859-16315,4,ALHAD,UN859,COMPTON,GB,2605
GB-2605-UN859-16315,5,COMPTON,UN859,DIGUT,GB,2605
GB-2605-UN859-16315,6,DIGUT,UN859,KIDLI,GB,2605
GB-2605-UN859-16315,7,KIDLI,UN859,HONILEY,GB,2605
GB-2605-UN859-16315,8,HONILEY,UN859,UTUXA,GB,2605
GB-2605-UN859-16315,9,UTUXA,UN859,SANBA,GB,2605
GB-2605-UN864-16430,1,MONTY,UN864,GODPA,GB,2605
GB-2605-UN864-16430,2,GODPA,UN864,REXAM,GB,2605
GB-2605-UN864-16430,3,REXAM,UN864,IVLOD,GB,2605
GB-2605-UN864-16430,4,IVLOD,UN864,WALLASEY,GB,2605
GB-2605-UN864-16430,5,WALLASEY,UN864,GUNTU,GB,2605
GB-2605-UN864-16430,6,GUNTU,UN864,BILVO,GB,2605
GB-2605-UN864-16430,7,BILVO,UN864,EGTOC,GB,2605
GB-2605-UN867-16550,1,GARMI,UN867,VASUX,GB,2605
GB-2605-UN867-16550,2,VASUX,UN867,AVANT,GB,2605
GB-2605-UP16-16659,1,MONTY,UP16,NOKIN,GB,2605
GB-2605-UP16-16659,2,NOKIN,UP16,ASMIM,GB,2605
GB-2605-UP16-16659,3,ASMIM,UP16,CROFT,GB,2605
GB-2605-UP16-16659,4,CROFT,UP16,RIBEL,GB,2605
GB-2605-UP17-16730,1,NOKIN,UP17,KUXEM,GB,2605
GB-2605-UP17-16730,2,KUXEM,UP17,BARTN,GB,2605
GB-2605-UP17-16730,3,BARTN,UP17,POLEHILL,GB,2605
GB-2605-UP18-16792,1,POLEHILL,UP18,LEHOC,GB,2605
GB-2605-UP6-16580,1,MOGLI,UP6,LESTA,GB,2605
GB-2605-UP6-16580,2,LESTA,UP6,TUMTI,GB,2605
GB-2605-UP6-16580,3,TUMTI,UP6,RODOL,GB,2605
GB-2605-UP6-16580,4,RODOL,UP6,KOLID,GB,2605
GB-2605-UP6-16580,5,KOLID,UP6,BILVO,GB,2605
GB-2605-UP6-16580,6,BILVO,UP6,TUPEM,GB,2605
GB-2605-UP83-16815,1,BOLRO,UP83,KATHY,GB,2605
GB-2605-UP83-16815,2,KATHY,UP83,ELDER,GB,2605
GB-2605-UP83-16815,3,ELDER,UP83,SOUTHAMPTON,GB,2605
GB-2605-UP87-16867,1,BOLRO,UP87,ROXOG,GB,2605
GB-2605-UP88-16891,1,ODREP,UP88,GOKTU,GB,2605
GB-2605-UP88-16891,2,GOKTU,UP88,VASUX,GB,2605
GB-2605-UQ4-16937,1,TRENT,UQ4,LISTO,GB,2605
GB-2605-UQ4-16937,2,LISTO,UQ4,VABKA,GB,2605
GB-2605-UQ4-16937,3,VABKA,UQ4,WALLASEY,GB,2605
GB-2605-UQ4-16937,4,WALLASEY,UQ4,NOMSU,GB,2605
GB-2605-UQ4-16937,5,NOMSU,UQ4,GIGTO,GB,2605
GB-2605-UT29-17015,1,LAMIX,UT29,VEGUS,GB,2605
GB-2605-UT29-17015,2,VEGUS,UT29,LIBSO,GB,2605
GB-2605-UT71-17046,1,VAPID,UT71,TEVSI,GB,2605
GB-2605-UT71-17046,2,TEVSI,UT71,COWLY,GB,2605
GB-2605-UY124-17198,1,LISTO,UY124,MOGTA,GB,2605
GB-2605-UY124-17198,2,MOGTA,UY124,AMPIT,GB,2605
GB-2605-UY124-17198,3,AMPIT,UY124,DOLOP,GB,2605
GB-2605-UY124-17198,4,DOLOP,UY124,BAGIT,GB,2605
GB-2605-UY124-17198,5,BAGIT,UY124,LUTIP,GB,2605
GB-2605-UY124-17198,6,LUTIP,UY124,LOMVO,GB,2605
GB-2605-UY124-17198,7,LOMVO,UY124,DEXEN,GB,2605
GB-2605-UY250-17304,1,DAVENTRY,UY250,AKUPA,GB,2605
GB-2605-UY250-17304,2,AKUPA,UY250,LESTA,GB,2605
GB-2605-UY250-17304,3,LESTA,UY250,MAMUL,GB,2605
GB-2605-UY250-17304,4,MAMUL,UY250,UPTON,GB,2605
GB-2605-UY250-17304,5,UPTON,UY250,BATLI,GB,2605
GB-2605-UY250-17304,6,BATLI,UY250,RIMTO,GB,2605
GB-2605-UY250-17304,7,RIMTO,UY250,KEFTE,GB,2605
GB-2605-UY47-17089,1,DRAKE,UY47,BENBO,GB,2605
GB-2605-UY47-17089,2,BENBO,UY47,SEAFORD,GB,2605
GB-2605-UY53-17118,1,DAVENTRY,UY53,SAPCO,GB,2605
GB-2605-UY53-17118,2,SAPCO,UY53,NUGRA,GB,2605
GB-2605-UY53-17118,3,NUGRA,UY53,NANTI,GB,2605
GB-2605-UY53-17118,4,NANTI,UY53,MOGTA,GB,2605
GB-2605-UY53-17118,5,MOGTA,UY53,EKLAD,GB,2605
GB-2605-UY53-17118,6,EKLAD,UY53,WALLASEY,GB,2605
GB-2605-Y110-18070,1,ORIST,Y110,VEXEN,GB,2605
GB-2605-Y110-18070,2,VEXEN,Y110,THRED,GB,2605
GB-2605-Y124-18134,1,LISTO,Y124,MOGTA,GB,2605
GB-2605-Y124-18134,2,MOGTA,Y124,AMPIT,GB,2605
GB-2605-Y124-18134,3,AMPIT,Y124,DOLOP,GB,2605
GB-2605-Y124-18134,4,DOLOP,Y124,BAGIT,GB,2605
GB-2605-Y124-18134,5,BAGIT,Y124,LUTIP,GB,2605
GB-2605-Y124-18134,6,LUTIP,Y124,LOMVO,GB,2605
GB-2605-Y124-18134,7,LOMVO,Y124,DEXEN,GB,2605
GB-2605-Y125-18212,1,FITBO,Y125,BETWEEN,GB,2605
GB-2605-Y125-18212,2,BETWEEN,Y125,RETSI,GB,2605
GB-2605-Y125-18212,3,RETSI,Y125,BERUL,GB,2605
GB-2605-Y250-18251,1,DAVENTRY,Y250,AKUPA,GB,2605
GB-2605-Y250-18251,2,AKUPA,Y250,LESTA,GB,2605
GB-2605-Y250-18251,3,LESTA,Y250,MAMUL,GB,2605
GB-2605-Y250-18251,4,MAMUL,Y250,UPTON,GB,2605
GB-2605-Y250-18251,5,UPTON,Y250,BATLI,GB,2605
GB-2605-Y250-18251,6,BATLI,Y250,RIMTO,GB,2605
GB-2605-Y250-18251,7,RIMTO,Y250,KEFTE,GB,2605
GB-2605-Y250-18251,8,KEFTE,Y250,OBOXA,GB,2605
GB-2605-Y250-18251,9,OBOXA,Y250,GASKO,GB,2605
GB-2605-Y311-18340,1,DOVER,Y311,ODVIK,GB,2605
GB-2605-Y312-18360,1,DOVER,Y312,MIMFO,GB,2605
GB-2605-Y321-18389,1,EXARO,Y321,PEPIS,GB,2605
GB-2605-Y321-18389,2,PEPIS,Y321,NUBRI,GB,2605
GB-2605-Y321-18389,3,NUBRI,Y321,COMPTON,GB,2605
GB-2605-Y321-18389,4,COMPTON,Y321,EMKUK,GB,2605
GB-2605-Y321-18389,5,EMKUK,Y321,ADMEX,GB,2605
GB-2605-Y322-18522,1,BUGUP,Y322,PEPUL,GB,2605
GB-2605-Y4-17403,1,TEBRA,Y4,PIBUX,GB,2605
GB-2605-Y4-17403,2,PIBUX,Y4,ARREK,GB,2605
GB-2605-Y4-17403,3,ARREK,Y4,ODROB,GB,2605
GB-2605-Y4-17403,4,ODROB,Y4,SONOG,GB,2605
GB-2605-Y47-17667,1,DRAKE,Y47,BENBO,GB,2605
GB-2605-Y47-17667,2,BENBO,Y47,SEAFORD,GB,2605
GB-2605-Y47-17667,3,SEAFORD,Y47,MAYFIELD,GB,2605
GB-2605-Y53-17705,1,DAVENTRY,Y53,SAPCO,GB,2605
GB-2605-Y53-17705,2,SAPCO,Y53,PEDIG,GB,2605
GB-2605-Y53-17705,3,PEDIG,Y53,NUGRA,GB,2605
GB-2605-Y53-17705,4,NUGRA,Y53,NANTI,GB,2605
GB-2605-Y53-17705,5,NANTI,Y53,MOGTA,GB,2605
GB-2605-Y53-17705,6,MOGTA,Y53,EKLAD,GB,2605
GB-2605-Y53-17705,7,EKLAD,Y53,WALLASEY,GB,2605
GB-2605-Y6-17477,1,SUMUM,Y6,TOSVA,GB,2605
GB-2605-Y6-17477,2,TOSVA,Y6,IDESI,GB,2605
GB-2605-Y6-17477,3,IDESI,Y6,BANEM,GB,2605
GB-2605-Y70-17805,1,RAVLO,Y70,BODSO,GB,2605
GB-2605-Y70-17805,2,BODSO,Y70,SUPEL,GB,2605
GB-2605-Y70-17805,3,SUPEL,Y70,ABTOS,GB,2605
GB-2605-Y70-17805,4,ABTOS,Y70,OTBED,GB,2605
GB-2605-Y70-17805,5,OTBED,Y70,VEGUS,GB,2605
GB-2605-Y70-17805,6,VEGUS,Y70,SIVBU,GB,2605
GB-2605-Y70-17805,7,SIVBU,Y70,GIPLO,GB,2605
GB-2605-Y70-17805,8,GIPLO,Y70,BETWEEN,GB,2605
GB-2605-Y70-17805,9,BETWEEN,Y70,GOLES,GB,2605
GB-2605-Y70-17805,10,GOLES,Y70,BATLI,GB,2605
GB-2605-Y70-17805,11,BATLI,Y70,POLEHILL,GB,2605
GB-2605-Y70-17805,12,POLEHILL,Y70,CROFT,GB,2605
GB-2605-Y70-17805,13,CROFT,Y70,KOLID,GB,2605
GB-2605-Y70-17805,14,KOLID,Y70,533835N0013503W,GB,2605
GB-2605-Y70-17805,15,533835N0013503W,Y70,53462698N001193700W,GB,2605
GB-2605-Y70-17805,16,53462698N001193700W,Y70,53412782N001035797W,GB,2605
GB-2605-Y70-17805,17,53412782N001035797W,Y70,532845N0013215W,GB,2605
GB-2605-Y70-17805,18,532845N0013215W,Y70,533142N0010734W,GB,2605
GB-2605-Y70-17805,19,533142N0010734W,Y70,533109N0010751W,GB,2605
GB-2605-Y70-17805,20,533109N0010751W,Y70,534402N0012252W,GB,2605
GB-2605-Y70-17805,21,534402N0012252W,Y70,534007N0011937W,GB,2605
GB-2605-Y8-17545,1,KUNAV,Y8,BANVA,GB,2605
GB-2605-Y8-17545,2,BANVA,Y8,WAFFU,GB,2605
GB-2605-Y8-17545,3,WAFFU,Y8,GOODWOOD,GB,2605
GB-2605-Y8-17545,4,GOODWOOD,Y8,SOUTHAMPTON,GB,2605
GB-2605-Y803-18541,1,LYDD,Y803,SEAFORD,GB,2605
GB-2605-Y803-18541,2,SEAFORD,Y803,MIDHURST,GB,2605
GB-2605-Y803-18541,3,MIDHURST,Y803,MAXIT,GB,2605
GB-2605-Y904-18638,1,ABERDEEN,Y904,NANEV,GB,2605
GB-2605-Y904-18638,2,NANEV,Y904,SMOKI,GB,2605
GB-2605-Y904-18638,3,SMOKI,Y904,WICK,GB,2605
GB-2605-Y905-18678,1,ABERDEEN,Y905,PETOX,GB,2605
GB-2605-Y905-18678,2,PETOX,Y905,RISDU,GB,2605
GB-2605-Y905-18678,3,RISDU,Y905,MONAV,GB,2605
GB-2605-Y905-18678,4,MONAV,Y905,BEKET,GB,2605
GB-2605-Y905-18678,5,BEKET,Y905,ERDOG,GB,2605
GB-2605-Y905-18678,6,ERDOG,Y905,GAVEL,GB,2605
GB-2605-Y905-18678,7,GAVEL,Y905,RAVDI,GB,2605
GB-2605-Y905-18678,8,RAVDI,Y905,MOCHA,GB,2605
GB-2605-Y905-18678,9,MOCHA,Y905,WAFIL,GB,2605
GB-2605-Y906-18789,1,RIMOL,Y906,GARVA,GB,2605
GB-2605-Y906-18789,2,GARVA,Y906,ULLAP,GB,2605
GB-2605-Y906-18789,3,ULLAP,Y906,STORNOWAY,GB,2605
GB-2605-Y911-18829,1,BOYNE,Y911,NOCAD,GB,2605
GB-2605-Y911-18829,2,NOCAD,Y911,BETWEEN,GB,2605
GB-2605-Y911-18829,3,BETWEEN,Y911,ISLEOFMAN,GB,2605
GB-2605-Y958-18895,1,BRUCE,Y958,TOBMO,GB,2605
GB-2605-Y96-18001,1,NATEB,Y96,AGPED,GB,2605
GB-2605-Y96-18001,2,AGPED,Y96,OTBUN,GB,2605
GB-2605-Y96-18001,3,OTBUN,Y96,IPSAD,GB,2605
GB-2605-Y96-18001,4,IPSAD,Y96,HAVEN,GB,2605
GB-2605-Y96-18001,5,HAVEN,Y96,TALLA,GB,2605
GB-2605-Y96-18001,6,TALLA,Y96,NORBO,GB,2605
GB-2605-Z150-18929,1,MEGEL,Z150,AMFEP,GB,2605
GB-2605-Z150-18929,2,AMFEP,Z150,KUBAX,GB,2605
GB-2605-Z171-18953,1,LELNA,Z171,THRED,GB,2605
GB-2605-Z171-18953,2,THRED,Z171,NEDUL,GB,2605
GB-2605-Z171-18953,3,NEDUL,Z171,SOUTHAMPTON,GB,2605
GB-2605-Z195-19001,1,ALAVA,Z195,MALUD,GB,2605
GB-2605-Z196-19023,1,GUNTU,Z196,DIGMA,GB,2605
GB-2605-Z196-19023,2,DIGMA,Z196,LELDO,GB,2605
GB-2605-Z197-19063,1,LISTO,Z197,EKLAD,GB,2605
GB-2605-Z197-19063,2,EKLAD,Z197,VOLFI,GB,2605
GB-2605-Z197-19063,3,VOLFI,Z197,NOSLO,GB,2605
GB-2605-Z198-19114,1,ERDUV,Z198,MASOP,GB,2605
GB-2605-Z246-19141,1,HERON,Z246,DAUNT,GB,2605
GB-2605-Z247-19160,1,HERON,Z247,AKODA,GB,2605
GB-2605-Z248-19179,1,OSMEG,Z248,LUCCO,GB,2605
GB-2605-Z249-19209,1,OSMEG,Z249,SUDBY,GB,2605
GB-2605-Z250-19229,1,LUCCO,Z250,SUMIN,GB,2605
GB-2605-Z250-19229,2,SUMIN,Z250,HAVEN,GB,2605
HK-2605-A1-24,1,IKELA,A1,IDOSI,HK,2605
HK-2605-A1-24,2,IDOSI,A1,BIGEX,HK,2605
HK-2605-A1-24,3,BIGEX,A1,MAGOG,HK,2605
HK-2605-A1-24,4,MAGOG,A1,ELATO,HK,2605
HK-2605-A202-116,1,SIKOU,A202,BIGEX,HK,2605
HK-2605-A461-155,1,NOMAN,A461,BIGEX,HK,2605
HK-2605-A461-155,2,BIGEX,A461,BEKOL,HK,2605
HK-2605-A470-213,1,MAGOG,A470,DOTMI,HK,2605
HK-2605-A583-247,1,SABNO,A583,BIGEX,HK,2605
HK-2605-B330-289,1,BIGEX,B330,TAMOT,HK,2605
HK-2605-G581-328,1,BIGEX,G581,MAGOG,HK,2605
HK-2605-G581-328,2,MAGOG,G581,ELATO,HK,2605
HK-2605-G86-372,1,KAPLI,G86,BIGEX,HK,2605
RU-2605-FL055-2113,1,NUGBI,FL055,VELUS,RU,2605
RU-2605-FL055-2113,2,VELUS,FL055,BEGBA,RU,2605
RU-2605-FL055-2113,3,BEGBA,FL055,OGUSO,RU,2605
RU-2605-FL055-2113,4,OGUSO,FL055,KUKSA,RU,2605
RU-2605-FL055-2113,5,KUKSA,FL055,AGMIN,RU,2605
RU-2605-FL055-2113,6,AGMIN,FL055,GONUT,RU,2605
RU-2605-FL055-2113,7,GONUT,FL055,BIBSU,RU,2605
RU-2605-FL055-2113,8,BIBSU,FL055,POBEM,RU,2605
RU-2605-FL055-2113,9,POBEM,FL055,UTITA,RU,2605
RU-2605-FL055-2113,10,UTITA,FL055,VUDGE,RU,2605
RU-2605-FL055-2113,11,VUDGE,FL055,KOMEK,RU,2605
RU-2605-FL055-2113,12,KOMEK,FL055,INBAP,RU,2605
RU-2605-FL055-2113,13,INBAP,FL055,BESNO,RU,2605
RU-2605-FL055-2113,14,BESNO,FL055,UREPI,RU,2605
RU-2605-FL055-2113,15,UREPI,FL055,LONHU,RU,2605
RU-2605-FL055-2113,16,LONHU,FL055,RUROS,RU,2605
RU-2605-FL055-2113,17,RUROS,FL055,PODKAMENNAYATUNGUSKA,RU,2605
RU-2605-FL055-2113,18,PODKAMENNAYATUNGUSKA,FL055,LELTU,RU,2605
RU-2605-FL055-2113,19,LELTU,FL055,SAKAT,RU,2605
RU-2605-FL055-2113,20,SAKAT,FL055,OKUPA,RU,2605
RU-2605-FL055-2113,21,OKUPA,FL055,MOLAG,RU,2605
RU-2605-FL055-2113,22,MOLAG,FL055,TUROG,RU,2605
RU-2605-FL055-2113,23,TUROG,FL055,BAROR,RU,2605
RU-2605-FL055-2113,24,BAROR,FL055,DILOS,RU,2605
RU-2605-FL055-2113,25,DILOS,FL055,KHATANGAVORDME,RU,2605
RU-2605-FL055-2113,26,KHATANGAVORDME,FL055,LUPUD,RU,2605
RU-2605-FL055-2113,27,LUPUD,FL055,RORSI,RU,2605
RU-2605-FL055-2113,28,RORSI,FL055,NAZOT,RU,2605
RU-2605-FL055-2113,29,NAZOT,FL055,GISUS,RU,2605
RU-2605-FL055-2113,30,GISUS,FL055,ARNER,RU,2605
RU-2605-FL055-2113,31,ARNER,FL055,MAKOG,RU,2605
RU-2605-FL055-2113,32,MAKOG,FL055,LALET,RU,2605
RU-2605-FL055-2113,33,LALET,FL055,NIROT,RU,2605
RU-2605-FL055-2113,34,NIROT,FL055,SOTIR,RU,2605
RU-2605-FL055-2113,35,SOTIR,FL055,LATMA,RU,2605
RU-2605-FL055-2113,36,LATMA,FL055,TOPIS,RU,2605
RU-2605-FL055-2113,37,TOPIS,FL055,MIZAL,RU,2605
RU-2605-FL055-2113,38,MIZAL,FL055,KENER,RU,2605
RU-2605-FL055-2113,39,KENER,FL055,SORUS,RU,2605
RU-2605-FL055-2113,40,SORUS,FL055,LUTEL,RU,2605
RU-2605-FL055-2113,41,LUTEL,FL055,SOROG,RU,2605
RU-2605-FL055-2113,42,SOROG,FL055,GIPAL,RU,2605
RU-2605-FL055-2113,43,GIPAL,FL055,BELAK,RU,2605
RU-2605-FL055-2113,44,BELAK,FL055,DELIP,RU,2605
RU-2605-FL055-2113,45,DELIP,FL055,NULAR,RU,2605
RU-2605-FL055-2113,46,NULAR,FL055,RANOK,RU,2605
RU-2605-FL055-2113,47,RANOK,FL055,ABNAB,RU,2605
RU-2605-FL055-2113,48,ABNAB,FL055,OTVOV,RU,2605
RU-2605-FL055-2113,49,OTVOV,FL055,ARISA,RU,2605
RU-2605-FL055-2113,50,ARISA,FL055,TEDKI,RU,2605
RU-2605-FL055-2113,51,TEDKI,FL055,PELAP,RU,2605
RU-2605-FL055-2113,52,PELAP,FL055,RULAT,RU,2605
RU-2605-FL055-2113,53,RULAT,FL055,MOPOL,RU,2605
RU-2605-FL055-2113,54,MOPOL,FL055,UGMET,RU,2605
RU-2605-FL055-2113,55,UGMET,FL055,KUNIM,RU,2605
RU-2605-FL055-2113,56,KUNIM,FL055,ORTAT,RU,2605
RU-2605-FL055-2113,57,ORTAT,FL055,UNLAK,RU,2605
RU-2605-FL055-2113,58,UNLAK,FL055,ADSAT,RU,2605
RU-2605-FL055-2113,59,ADSAT,FL055,GEKPA,RU,2605
RU-2605-FL055-2113,60,GEKPA,FL055,GOLRI,RU,2605
RU-2605-FL055-2113,61,GOLRI,FL055,IDPIS,RU,2605
RU-2605-FL055-2113,62,IDPIS,FL055,OLOPI,RU,2605
RU-2605-FL055-2113,63,OLOPI,FL055,LODKU,RU,2605
RU-2605-FL055-2113,64,LODKU,FL055,ENOSI,RU,2605
RU-2605-FL055-2113,65,ENOSI,FL055,SOTOG,RU,2605
RU-2605-FL055-2113,66,SOTOG,FL055,GITIK,RU,2605
RU-2605-FL055-2113,67,GITIK,FL055,GODBI,RU,2605
RU-2605-FL055-2113,68,GODBI,FL055,NEBSU,RU,2605
RU-2605-FL055-2113,69,NEBSU,FL055,ASKIL,RU,2605
RU-2605-FL055-2113,70,ASKIL,FL055,KRAKI,RU,2605
RU-2605-FL055-2113,71,KRAKI,FL055,BENAL,RU,2605
RU-2605-FL055-2113,72,BENAL,FL055,NEDRA,RU,2605
RU-2605-FL055-2113,73,NEDRA,FL055,RUTAM,RU,2605
RU-2605-FL055-2113,74,RUTAM,FL055,GOMED,RU,2605
RU-2605-FL055-2113,75,GOMED,FL055,IRBAD,RU,2605
RU-2605-FL055-2113,76,IRBAD,FL055,REPMI,RU,2605
RU-2605-FL055-2113,77,REPMI,FL055,NERIG,RU,2605
RU-2605-FL055-2113,78,NERIG,FL055,OLEMU,RU,2605
RU-2605-FL055-2113,79,OLEMU,FL055,OSKUK,RU,2605
RU-2605-FL055-2113,80,OSKUK,FL055,AGNUM,RU,2605
RU-2605-FL055-2113,81,AGNUM,FL055,UPKOL,RU,2605
RU-2605-FL055-2113,82,UPKOL,FL055,IDKES,RU,2605
RU-2605-FL055-2113,83,IDKES,FL055,GIPTO,RU,2605
RU-2605-FL055-2113,84,GIPTO,FL055,UPINO,RU,2605
RU-2605-FL055-2113,85,UPINO,FL055,MABOK,RU,2605
RU-2605-FL055-2113,86,MABOK,FL055,NIGES,RU,2605
RU-2605-FL055-2113,87,NIGES,FL055,GOLAD,RU,2605
RU-2605-FL055-2113,88,GOLAD,FL055,RUSNE,RU,2605
RU-2605-FL055-2113,89,RUSNE,FL055,BUGOR,RU,2605
RU-2605-FL055-2113,90,BUGOR,FL055,ABUTO,RU,2605
RU-2605-FL055-2113,91,ABUTO,FL055,UNIGA,RU,2605
RU-2605-FL055-2113,92,UNIGA,FL055,MAKOD,RU,2605
RU-2605-FL055-2113,93,MAKOD,FL055,TALID,RU,2605
RU-2605-FL055-2113,94,TALID,FL055,UBONA,RU,2605
RU-2605-FL055-2113,95,UBONA,FL055,BEPLU,RU,2605
RU-2605-FL055-2113,96,BEPLU,FL055,OKLOT,RU,2605
RU-2605-FL055-2113,97,OKLOT,FL055,RONUM,RU,2605
RU-2605-FL055-2113,98,RONUM,FL055,RODAT,RU,2605
RU-2605-FL055-2113,99,RODAT,FL055,ETANI,RU,2605
RU-2605-FL055-2113,100,ETANI,FL055,NEDKU,RU,2605
RU-2605-FL055-2113,101,NEDKU,FL055,DOSED,RU,2605
RU-2605-FL055-2113,102,DOSED,FL055,OGALA,RU,2605
RU-2605-FL055-2113,103,OGALA,FL055,ATLOG,RU,2605
RU-2605-FL055-2113,104,ATLOG,FL055,BAPNA,RU,2605
RU-2605-FL055-2113,105,BAPNA,FL055,INPIT,RU,2605
RU-2605-FL055-2113,106,INPIT,FL055,ULSAL,RU,2605
RU-2605-FL055-2113,107,ULSAL,FL055,ATMUK,RU,2605
RU-2605-FL055-2113,108,ATMUK,FL055,MOKRO,RU,2605
RU-2605-FL055-2113,109,MOKRO,FL055,NEKIR,RU,2605
RU-2605-FL055-2113,110,NEKIR,FL055,TIRET,RU,2605
RU-2605-FL055-2113,111,TIRET,FL055,RUBEK,RU,2605
RU-2605-FL055-2113,112,RUBEK,FL055,KUPOK,RU,2605
RU-2605-FL055-2113,113,KUPOK,FL055,TUSNO,RU,2605
RU-2605-FL055-2113,114,TUSNO,FL055,GIRIM,RU,2605
RU-2605-FL055-2113,115,GIRIM,FL055,NILFA,RU,2605
RU-2605-FL055-2113,116,NILFA,FL055,BUGOT,RU,2605
RU-2605-FL055-2113,117,BUGOT,FL055,UNLOP,RU,2605
RU-2605-FL055-2113,118,UNLOP,FL055,TILMU,RU,2605
RU-2605-FL055-2113,119,TILMU,FL055,OKAMO,RU,2605
RU-2605-FL055-2113,120,OKAMO,FL055,INPON,RU,2605
RU-2605-FL055-2113,121,INPON,FL055,IPROK,RU,2605
RU-2605-FL055-2113,122,IPROK,FL055,ARTEB,RU,2605
RU-2605-FL055-2113,123,ARTEB,FL055,IMANA,RU,2605
RU-2605-FL055-2113,124,IMANA,FL055,LUTAT,RU,2605
RU-2605-FL055-2113,125,LUTAT,FL055,ARGIT,RU,2605
RU-2605-FL055-2113,126,ARGIT,FL055,TUPKI,RU,2605
RU-2605-FL055-2113,127,TUPKI,FL055,NOMGU,RU,2605
RU-2605-FL055-2113,128,NOMGU,FL055,BASAB,RU,2605
RU-2605-FL055-2113,129,BASAB,FL055,ADABU,RU,2605
RU-2605-FL055-2113,130,ADABU,FL055,KEROM,RU,2605
RU-2605-FL055-2113,131,KEROM,FL055,LIBMA,RU,2605
RU-2605-FL055-2113,132,LIBMA,FL055,LUKAS,RU,2605
RU-2605-FL055-2113,133,LUKAS,FL055,KUTAL,RU,2605
RU-2605-FL055-2113,134,KUTAL,FL055,DIMUR,RU,2605
RU-2605-FL055-2113,135,DIMUR,FL055,NB,RU,2605
RU-2605-FL055-2113,136,NB,FL055,BEBIT,RU,2605
RU-2605-FL055-2113,137,BEBIT,FL055,BETAM,RU,2605
RU-2605-FL055-2113,138,BETAM,FL055,OKARA,RU,2605
RU-2605-FL055-2113,139,OKARA,FL055,LUMIR,RU,2605
RU-2605-FL055-2113,140,LUMIR,FL055,GINUL,RU,2605
RU-2605-FL055-2113,141,GINUL,FL055,BUMAT,RU,2605
RU-2605-FL055-2113,142,BUMAT,FL055,VALIG,RU,2605
RU-2605-FL055-2113,143,VALIG,FL055,SOPUR,RU,2605
RU-2605-FL055-2113,144,SOPUR,FL055,LEKNI,RU,2605
RU-2605-FL055-2113,145,LEKNI,FL055,GULKU,RU,2605
RU-2605-FL055-2113,146,GULKU,FL055,ARGUP,RU,2605
RU-2605-FL055-2113,147,ARGUP,FL055,AMETO,RU,2605
RU-2605-FL055-2113,148,AMETO,FL055,TUREP,RU,2605
RU-2605-FL055-2113,149,TUREP,FL055,TISUR,RU,2605
RU-2605-FL055-2113,150,TISUR,FL055,MOTEB,RU,2605
RU-2605-FL055-2113,151,MOTEB,FL055,NIBUT,RU,2605
RU-2605-FL055-2113,152,NIBUT,FL055,ODORA,RU,2605
RU-2605-FL055-2113,153,ODORA,FL055,AGUBI,RU,2605
RU-2605-FL055-2113,154,AGUBI,FL055,ABOMA,RU,2605
RU-2605-FL055-2113,155,ABOMA,FL055,NIKTU,RU,2605
RU-2605-FL055-2113,156,NIKTU,FL055,RUPON,RU,2605
RU-2605-FL055-2113,157,RUPON,FL055,KUNAB,RU,2605
RU-2605-FL055-2113,158,KUNAB,FL055,AMKUD,RU,2605
RU-2605-FL055-2113,159,AMKUD,FL055,DITOR,RU,2605
RU-2605-FL055-2113,160,DITOR,FL055,OLUTA,RU,2605
RU-2605-FL055-2113,161,OLUTA,FL055,RUTAL,RU,2605
RU-2605-FL055-2113,162,RUTAL,FL055,TUTIB,RU,2605
RU-2605-FL055-2113,163,TUTIB,FL055,ODONI,RU,2605
RU-2605-FL055-2113,164,ODONI,FL055,BULOD,RU,2605
RU-2605-FL055-2113,165,BULOD,FL055,TUPNA,RU,2605
RU-2605-FL055-2113,166,TUPNA,FL055,NITIN,RU,2605
RU-2605-FL055-2113,167,NITIN,FL055,ERONO,RU,2605
RU-2605-FL055-2113,168,ERONO,FL055,DIRUL,RU,2605
RU-2605-FL055-2113,169,DIRUL,FL055,ORTEP,RU,2605
RU-2605-FL055-2113,170,ORTEP,FL055,ASMER,RU,2605
RU-2605-FL055-2113,171,ASMER,FL055,ODIBA,RU,2605
RU-2605-FL055-2113,172,ODIBA,FL055,MANIT,RU,2605
RU-2605-FL055-2113,173,MANIT,FL055,LURED,RU,2605
RU-2605-FL055-2113,174,LURED,FL055,TISOM,RU,2605
RU-2605-FL055-2113,175,TISOM,FL055,KULEM,RU,2605
RU-2605-FL055-2113,176,KULEM,FL055,LASOR,RU,2605
RU-2605-FL055-2113,177,LASOR,FL055,LUNAT,RU,2605
RU-2605-FL055-2113,178,LUNAT,FL055,DESEL,RU,2605
RU-2605-FL055-2113,179,DESEL,FL055,BOMKI,RU,2605
RU-2605-FL055-2113,180,BOMKI,FL055,BAMUP,RU,2605
RU-2605-FL055-2113,181,BAMUP,FL055,ADINA,RU,2605
RU-2605-FL055-2113,182,ADINA,FL055,BANUR,RU,2605
RU-2605-FL055-2113,183,BANUR,FL055,ROMOK,RU,2605
RU-2605-FL055-2113,184,ROMOK,FL055,LAGIR,RU,2605
RU-2605-FL055-2113,185,LAGIR,FL055,SUGUL,RU,2605
RU-2605-FL055-2113,186,SUGUL,FL055,KUGOS,RU,2605
RU-2605-FL055-2113,187,KUGOS,FL055,NATLO,RU,2605
RU-2605-FL055-2113,188,NATLO,FL055,UDSAN,RU,2605
RU-2605-FL055-2113,189,UDSAN,FL055,TIBTA,RU,2605
RU-2605-FL055-2113,190,TIBTA,FL055,SALAR,RU,2605
RU-2605-FL055-2113,191,SALAR,FL055,POMNI,RU,2605
RU-2605-FL055-2113,192,POMNI,FL055,SOMOG,RU,2605
RU-2605-FL055-2113,193,SOMOG,FL055,IRGUM,RU,2605
RU-2605-FL055-2113,194,IRGUM,FL055,TODLA,RU,2605
RU-2605-FL055-2113,195,TODLA,FL055,EMKOD,RU,2605
RU-2605-FL055-2113,196,EMKOD,FL055,AVGOK,RU,2605
RU-2605-FL055-2113,197,AVGOK,FL055,BARIB,RU,2605
RU-2605-FL055-2113,198,BARIB,FL055,KERET,RU,2605
RU-2605-FL055-2113,199,KERET,FL055,DEPOR,RU,2605
RU-2605-FL055-2113,200,DEPOR,FL055,AGAPO,RU,2605
RU-2605-FL055-2113,201,AGAPO,FL055,OKILI,RU,2605
RU-2605-FL055-2113,202,OKILI,FL055,FI,RU,2605
RU-2605-FL055-2113,203,FI,FL055,RELPI,RU,2605
RU-2605-FL055-2113,204,RELPI,FL055,TIRAK,RU,2605
RU-2605-FL055-2113,205,TIRAK,FL055,OBUTA,RU,2605
RU-2605-FL055-2113,206,OBUTA,FL055,GODIK,RU,2605
RU-2605-FL055-2113,207,GODIK,FL055,FA,RU,2605
RU-2605-FL055-2113,208,FA,FL055,RIDLO,RU,2605
RU-2605-FL055-2113,209,RIDLO,FL055,OGMUS,RU,2605
RU-2605-FL055-2113,210,OGMUS,FL055,ARKOD,RU,2605
RU-2605-FL055-2113,211,ARKOD,FL055,OMOSA,RU,2605
RU-2605-FL055-2113,212,OMOSA,FL055,OKNOR,RU,2605
RU-2605-FL055-2113,213,OKNOR,FL055,MAKIN,RU,2605
RU-2605-FL055-2113,214,MAKIN,FL055,SORNU,RU,2605
RU-2605-FL055-2113,215,SORNU,FL055,ASMUR,RU,2605
RU-2605-FL055-2113,216,ASMUR,FL055,RIKLI,RU,2605
RU-2605-FL055-2113,217,RIKLI,FL055,SOREL,RU,2605
RU-2605-FL055-2113,218,SOREL,FL055,URILA,RU,2605
RU-2605-FL055-2113,219,URILA,FL055,NESUM,RU,2605
RU-2605-FL055-2113,220,NESUM,FL055,MOTED,RU,2605
RU-2605-FL055-2113,221,MOTED,FL055,NITIM,RU,2605
RU-2605-FL055-2113,222,NITIM,FL055,TOSGI,RU,2605
RU-2605-FL055-2113,223,TOSGI,FL055,RELNA,RU,2605
RU-2605-FL055-2113,224,RELNA,FL055,KESIS,RU,2605
RU-2605-FL055-2113,225,KESIS,FL055,ATNOR,RU,2605
RU-2605-FL055-2113,226,ATNOR,FL055,RADON,RU,2605
RU-2605-FL055-2113,227,RADON,FL055,KERUK,RU,2605
RU-2605-FL055-2113,228,KERUK,FL055,TEGMO,RU,2605
RU-2605-FL055-2113,229,TEGMO,FL055,TEMOT,RU,2605
RU-2605-FL055-2113,230,TEMOT,FL055,TUDRI,RU,2605
RU-2605-FL055-2113,231,TUDRI,FL055,LARVI,RU,2605
RU-2605-FL055-2113,232,LARVI,FL055,KUMIR,RU,2605
RU-2605-FL055-2113,233,KUMIR,FL055,NIBNU,RU,2605
RU-2605-FL055-2113,234,NIBNU,FL055,TUPEG,RU,2605
RU-2605-FL055-2113,235,TUPEG,FL055,STONI,RU,2605
RU-2605-FL055-2113,236,STONI,FL055,ULGUN,RU,2605
RU-2605-FL055-2113,237,ULGUN,FL055,ZORKI,RU,2605
RU-2605-FL055-2113,238,ZORKI,FL055,KOVER,RU,2605
RU-2605-FL055-2113,239,KOVER,FL055,STELA,RU,2605
RU-2605-FL055-2113,240,STELA,FL055,KUPEN,RU,2605
RU-2605-FL055-2113,241,KUPEN,FL055,KHANTYMANSIYSK,RU,2605
RU-2605-FL055-2113,242,KHANTYMANSIYSK,FL055,RATRI,RU,2605
RU-2605-FL055-2113,243,RATRI,FL055,TIRAR,RU,2605
RU-2605-FL055-2113,244,TIRAR,FL055,UNISO,RU,2605
RU-2605-FL055-2113,245,UNISO,FL055,NIGOK,RU,2605
RU-2605-FL055-2113,246,NIGOK,FL055,KUDED,RU,2605
RU-2605-FL055-2113,247,KUDED,FL055,TUNAL,RU,2605
RU-2605-FL055-2113,248,TUNAL,FL055,PITIN,RU,2605
RU-2605-FL055-2113,249,PITIN,FL055,UNKET,RU,2605
RU-2605-FL055-2113,250,UNKET,FL055,GUMRO,RU,2605
RU-2605-FL055-2113,251,GUMRO,FL055,DIKEP,RU,2605
RU-2605-FL055-2113,252,DIKEP,FL055,TISRU,RU,2605
RU-2605-FL055-2113,253,TISRU,FL055,BASEG,RU,2605
RU-2605-FL055-2113,254,BASEG,FL055,ODRIG,RU,2605
RU-2605-FL055-2113,255,ODRIG,FL055,PODAP,RU,2605
RU-2605-FL055-2113,256,PODAP,FL055,AGDON,RU,2605
RU-2605-FL055-2113,257,AGDON,FL055,ODNUS,RU,2605
RU-2605-FL055-2113,258,ODNUS,FL055,ROMUM,RU,2605
RU-2605-FL055-2113,259,ROMUM,FL055,GITOT,RU,2605
RU-2605-FL055-2113,260,GITOT,FL055,ADLIN,RU,2605
RU-2605-FL055-2113,261,ADLIN,FL055,NEPEN,RU,2605
RU-2605-FL055-2113,262,NEPEN,FL055,MOGPI,RU,2605
RU-2605-FL055-2113,263,MOGPI,FL055,IDRAK,RU,2605
RU-2605-FL055-2113,264,IDRAK,FL055,TUBNI,RU,2605
RU-2605-FL055-2113,265,TUBNI,FL055,UMUTA,RU,2605
RU-2605-FL055-2113,266,UMUTA,FL055,BAPOK,RU,2605
RU-2605-FL055-2113,267,BAPOK,FL055,UMODI,RU,2605
RU-2605-FL055-2113,268,UMODI,FL055,TURAL,RU,2605
RU-2605-FL055-2113,269,TURAL,FL055,OKBES,RU,2605
RU-2605-FL055-2113,270,OKBES,FL055,RANVA,RU,2605
RU-2605-FL055-2113,271,RANVA,FL055,POGOD,RU,2605
RU-2605-FL055-2113,272,POGOD,FL055,TINAL,RU,2605
RU-2605-FL055-2113,273,TINAL,FL055,NL,RU,2605
RU-2605-FL055-2113,274,NL,FL055,RENBA,RU,2605
RU-2605-FL055-2113,275,RENBA,FL055,INBAK,RU,2605
RU-2605-FL055-2113,276,INBAK,FL055,PEVAT,RU,2605
RU-2605-FL055-2113,277,PEVAT,FL055,SOBLO,RU,2605
RU-2605-FL055-2113,278,SOBLO,FL055,TARUN,RU,2605
RU-2605-FL055-2113,279,TARUN,FL055,KALININGRADKHRABROVO,RU,2605
RU-2605-FL055-2113,280,KALININGRADKHRABROVO,FL055,RILEP,RU,2605
RU-2605-FL055-2113,281,RILEP,FL055,VADRU,RU,2605
RU-2605-FL055-2113,282,VADRU,FL055,BALIT,RU,2605
RU-2605-FL055-2113,283,BALIT,FL055,PERAG,RU,2605
RU-2605-FL055-2113,284,PERAG,FL055,ABNUS,RU,2605
RU-2605-FL055-2113,285,ABNUS,FL055,OKROD,RU,2605
RU-2605-FL055-2113,286,OKROD,FL055,UNITU,RU,2605
RU-2605-FL055-2113,287,UNITU,FL055,ODMOR,RU,2605
RU-2605-FL055-2113,288,ODMOR,FL055,BANAB,RU,2605
RU-2605-FL055-2113,289,BANAB,FL055,BAGRA,RU,2605
RU-2605-FL055-2113,290,BAGRA,FL055,OSKEL,RU,2605
RU-2605-FL055-2113,291,OSKEL,FL055,GUDAD,RU,2605
RU-2605-FL055-2113,292,GUDAD,FL055,GITLU,RU,2605
RU-2605-FL055-2113,293,GITLU,FL055,EROGU,RU,2605
RU-2605-FL055-2113,294,EROGU,FL055,LOBVI,RU,2605
RU-2605-FL055-2113,295,LOBVI,FL055,ASTED,RU,2605
RU-2605-FL055-2113,296,ASTED,FL055,LURIM,RU,2605
RU-2605-FL055-2113,297,LURIM,FL055,IRBOM,RU,2605
RU-2605-FL055-2113,298,IRBOM,FL055,RASOB,RU,2605
RU-2605-FL055-2113,299,RASOB,FL055,OBETU,RU,2605
RU-2605-FL055-2113,300,OBETU,FL055,DIGTU,RU,2605
RU-2605-FL055-2113,301,DIGTU,FL055,PENEN,RU,2605
RU-2605-FL055-2113,302,PENEN,FL055,TEDNA,RU,2605
RU-2605-FL055-2113,303,TEDNA,FL055,NILET,RU,2605
RU-2605-FL055-2113,304,NILET,FL055,BIBNI,RU,2605
RU-2605-FL055-2113,305,BIBNI,FL055,NOGRI,RU,2605
RU-2605-FL055-2113,306,NOGRI,FL055,DEGEB,RU,2605
RU-2605-FL055-2113,307,DEGEB,FL055,BATOG,RU,2605
RU-2605-FL055-2113,308,BATOG,FL055,LUNIN,RU,2605
RU-2605-FL055-2113,309,LUNIN,FL055,BABDI,RU,2605
RU-2605-FL055-2113,310,BABDI,FL055,ATKIT,RU,2605
RU-2605-FL055-2113,311,ATKIT,FL055,TUSEB,RU,2605
RU-2605-FL055-2113,312,TUSEB,FL055,PITIR,RU,2605
RU-2605-FL055-2113,313,PITIR,FL055,REDKI,RU,2605
RU-2605-FL055-2113,314,REDKI,FL055,EKDOR,RU,2605
RU-2605-FL055-2113,315,EKDOR,FL055,BENAP,RU,2605
RU-2605-FL055-2113,316,BENAP,FL055,MULTA,RU,2605
RU-2605-FL055-2113,317,MULTA,FL055,SANIR,RU,2605
RU-2605-FL055-2113,318,SANIR,FL055,EKMEN,RU,2605
RU-2605-FL055-2113,319,EKMEN,FL055,KUPOM,RU,2605
RU-2605-FL055-2113,320,KUPOM,FL055,BANAK,RU,2605
RU-2605-FL055-2113,321,BANAK,FL055,MAGNITOGORSKVORDME,RU,2605
RU-2605-FL055-2113,322,MAGNITOGORSKVORDME,FL055,ETREL,RU,2605
RU-2605-FL055-2113,323,ETREL,FL055,IDNOS,RU,2605
RU-2605-FL055-2113,324,IDNOS,FL055,LANTO,RU,2605
RU-2605-FL055-2113,325,LANTO,FL055,NEBIS,RU,2605
RU-2605-FL055-2113,326,NEBIS,FL055,GOGTA,RU,2605
RU-2605-FL055-2113,327,GOGTA,FL055,KEGOM,RU,2605
RU-2605-FL055-2113,328,KEGOM,FL055,YEKATERINBURGKOLTSOVO,RU,2605
RU-2605-FL055-2113,329,YEKATERINBURGKOLTSOVO,FL055,ANATU,RU,2605
RU-2605-FL055-2113,330,ANATU,FL055,DOSUM,RU,2605
RU-2605-FL055-2113,331,DOSUM,FL055,ORTOD,RU,2605
RU-2605-FL055-2113,332,ORTOD,FL055,NAMOL,RU,2605
RU-2605-FL055-2113,333,NAMOL,FL055,LOKNI,RU,2605
RU-2605-FL055-2113,334,LOKNI,FL055,GIMAK,RU,2605
RU-2605-FL055-2113,335,GIMAK,FL055,IDKOM,RU,2605
RU-2605-FL055-2113,336,IDKOM,FL055,TUDMI,RU,2605
RU-2605-FL055-2113,337,TUDMI,FL055,PITET,RU,2605
RU-2605-FL055-2113,338,PITET,FL055,OBONI,RU,2605
RU-2605-FL055-2113,339,OBONI,FL055,LUTUL,RU,2605
RU-2605-FL055-2113,340,LUTUL,FL055,GITEK,RU,2605
RU-2605-FL055-2113,341,GITEK,FL055,TIPKO,RU,2605
RU-2605-FL055-2113,342,TIPKO,FL055,OSTIT,RU,2605
RU-2605-FL055-2113,343,OSTIT,FL055,SOMUG,RU,2605
RU-2605-FL055-2113,344,SOMUG,FL055,DIMEG,RU,2605
RU-2605-FL055-2113,345,DIMEG,FL055,PODUT,RU,2605
RU-2605-FL055-2113,346,PODUT,FL055,NALID,RU,2605
RU-2605-FL055-2113,347,NALID,FL055,AMTUS,RU,2605
RU-2605-FL055-2113,348,AMTUS,FL055,LENTA,RU,2605
RU-2605-FL055-2113,349,LENTA,FL055,NAMUD,RU,2605
RU-2605-FL055-2113,350,NAMUD,FL055,AMELO,RU,2605
RU-2605-FL055-2113,351,AMELO,FL055,RAFIK,RU,2605
RU-2605-FL055-2113,352,RAFIK,FL055,DILUP,RU,2605
RU-2605-FL055-2113,353,DILUP,FL055,MILUN,RU,2605
RU-2605-FL055-2113,354,MILUN,FL055,OSNOK,RU,2605
RU-2605-FL055-2113,355,OSNOK,FL055,ODEBA,RU,2605
RU-2605-FL055-2113,356,ODEBA,FL055,BATAL,RU,2605
RU-2605-FL055-2113,357,BATAL,FL055,BURIG,RU,2605
RU-2605-FL055-2113,358,BURIG,FL055,TITUR,RU,2605
RU-2605-FL055-2113,359,TITUR,FL055,RATIN,RU,2605
RU-2605-FL055-2113,360,RATIN,FL055,AMKUK,RU,2605
RU-2605-FL055-2113,361,AMKUK,FL055,BAPRO,RU,2605
RU-2605-FL055-2113,362,BAPRO,FL055,AGLAN,RU,2605
RU-2605-FL055-2113,363,AGLAN,FL055,UMSIS,RU,2605
RU-2605-FL055-2113,364,UMSIS,FL055,RIRAB,RU,2605
RU-2605-FL055-2113,365,RIRAB,FL055,NIBIM,RU,2605
RU-2605-FL055-2113,366,NIBIM,FL055,AMDEL,RU,2605
RU-2605-FL055-2113,367,AMDEL,FL055,MOROZOVSKVORDME,RU,2605
RU-2605-FL055-2113,368,MOROZOVSKVORDME,FL055,RUGOT,RU,2605
RU-2605-FL055-2113,369,RUGOT,FL055,OKNOS,RU,2605
RU-2605-FL055-2113,370,OKNOS,FL055,USEMA,RU,2605
RU-2605-FL055-2113,371,USEMA,FL055,BEMIT,RU,2605
RU-2605-FL055-2113,372,BEMIT,FL055,NOSAK,RU,2605
RU-2605-FL055-2113,373,NOSAK,FL055,DIMOB,RU,2605
RU-2605-FL055-2113,374,DIMOB,FL055,ALZIT,RU,2605
RU-2605-H24-12997,1,PILAN,H24,MOVIT,RU,2605
RU-2605-H24-12997,2,MOVIT,H24,GIMET,RU,2605
RU-2605-H24-12997,3,GIMET,H24,LUPIP,RU,2605
RU-2605-H24-12997,4,LUPIP,H24,DIDOT,RU,2605
RU-2605-H24-12997,5,DIDOT,H24,NERTO,RU,2605
RU-2605-H24-12997,6,NERTO,H24,BAKDA,RU,2605
RU-2605-H24-12997,7,BAKDA,H24,REMRA,RU,2605
RU-2605-H24-12997,8,REMRA,H24,UTITA,RU,2605
RU-2605-H24-12997,9,UTITA,H24,ADOTA,RU,2605
RU-2605-H24-12997,10,ADOTA,H24,OSNAN,RU,2605
RU-2605-H24-12997,11,OSNAN,H24,NOVRO,RU,2605
RU-2605-H24-12997,12,NOVRO,H24,ANVOZ,RU,2605
RU-2605-H24-12997,13,ANVOZ,H24,MIFAN,RU,2605
RU-2605-H24-12997,14,MIFAN,H24,BELOZERSKVORDME,RU,2605
RU-2605-H24-12997,15,BELOZERSKVORDME,H24,NUMPA,RU,2605
RU-2605-H24-12997,16,NUMPA,H24,SIZAV,RU,2605
RU-2605-H24-12997,17,SIZAV,H24,UREPI,RU,2605
RU-2605-H24-12997,18,UREPI,H24,ADIMU,RU,2605
RU-2605-H24-12997,19,ADIMU,H24,ARKON,RU,2605
RU-2605-H24-12997,20,ARKON,H24,AMEGO,RU,2605
RU-2605-H24-12997,21,AMEGO,H24,ADUSI,RU,2605
RU-2605-H24-12997,22,ADUSI,H24,ROMTA,RU,2605
RU-2605-H24-12997,23,ROMTA,H24,ELMOD,RU,2605
RU-2605-H24-12997,24,ELMOD,H24,IPROK,RU,2605
RU-2605-H24-12997,25,IPROK,H24,TUNLU,RU,2605
RU-2605-H24-12997,26,TUNLU,H24,UROBO,RU,2605
RU-2605-H24-12997,27,UROBO,H24,ABNOT,RU,2605
RU-2605-H24-12997,28,ABNOT,H24,KR,RU,2605
RU-2605-H24-12997,29,KR,H24,DAFOS,RU,2605
RU-2605-H24-12997,30,DAFOS,H24,MAKEM,RU,2605
RU-2605-H24-12997,31,MAKEM,H24,BEBNO,RU,2605
RU-2605-H24-12997,32,BEBNO,H24,ARSES,RU,2605
RU-2605-H24-12997,33,ARSES,H24,MOPOL,RU,2605
RU-2605-H24-12997,34,MOPOL,H24,LUTUL,RU,2605
RU-2605-H24-12997,35,LUTUL,H24,LOBRU,RU,2605
RU-2605-H24-12997,36,LOBRU,H24,TUNIG,RU,2605
RU-2605-H24-12997,37,TUNIG,H24,SAMARAKURUMOCH,RU,2605
RU-2605-H24-12997,38,SAMARAKURUMOCH,H24,PIRIK,RU,2605
RU-2605-H24-12997,39,PIRIK,H24,KODZI,RU,2605
RU-2605-H24-12997,40,KODZI,H24,BUGOT,RU,2605
RU-2605-H24-12997,41,BUGOT,H24,URARI,RU,2605
RU-2605-H24-12997,42,URARI,H24,IPMAS,RU,2605
RU-2605-H24-12997,43,IPMAS,H24,OGMEL,RU,2605
RU-2605-H24-12997,44,OGMEL,H24,BATOG,RU,2605
RU-2605-H24-12997,45,BATOG,H24,UBIRA,RU,2605
RU-2605-H24-12997,46,UBIRA,H24,MIGTI,RU,2605
RU-2605-H24-12997,47,MIGTI,H24,OSMIM,RU,2605
RU-2605-H24-12997,48,OSMIM,H24,URUNI,RU,2605
RU-2605-H24-12997,49,URUNI,H24,LOMBI,RU,2605
RU-2605-H24-12997,50,LOMBI,H24,BAGOK,RU,2605
RU-2605-H24-12997,51,BAGOK,H24,RAREK,RU,2605
RU-2605-H24-12997,52,RAREK,H24,LEBLA,RU,2605
RU-2605-H24-12997,53,LEBLA,H24,ANATU,RU,2605
RU-2605-H24-12997,54,ANATU,H24,BEGMA,RU,2605
RU-2605-H24-12997,55,BEGMA,H24,SOPUS,RU,2605
RU-2605-H24-12997,56,SOPUS,H24,GIBUL,RU,2605
RU-2605-H24-12997,57,GIBUL,H24,REDKI,RU,2605
RU-2605-H24-12997,58,REDKI,H24,SUMIL,RU,2605
RU-2605-H24-12997,59,SUMIL,H24,KUPOM,RU,2605
RU-2605-H24-12997,60,KUPOM,H24,PODKAMENNAYATUNGUSKA,RU,2605
RU-2605-H24-12997,61,PODKAMENNAYATUNGUSKA,H24,DERUT,RU,2605
RU-2605-H24-12997,62,DERUT,H24,LANAP,RU,2605
RU-2605-H24-12997,63,LANAP,H24,PEMID,RU,2605
RU-2605-H24-12997,64,PEMID,H24,RUPIS,RU,2605
RU-2605-H24-12997,65,RUPIS,H24,SUTOS,RU,2605
RU-2605-H24-12997,66,SUTOS,H24,KOPLI,RU,2605
RU-2605-H24-12997,67,KOPLI,H24,UTOKA,RU,2605
RU-2605-H24-12997,68,UTOKA,H24,RUDID,RU,2605
RU-2605-H24-12997,69,RUDID,H24,ILMUK,RU,2605
RU-2605-H24-12997,70,ILMUK,H24,ASBAT,RU,2605
RU-2605-H24-12997,71,ASBAT,H24,BUMAT,RU,2605
RU-2605-H24-12997,72,BUMAT,H24,GOBUN,RU,2605
RU-2605-H24-12997,73,GOBUN,H24,ELRIS,RU,2605
RU-2605-H24-12997,74,ELRIS,H24,ODATI,RU,2605
RU-2605-H24-12997,75,ODATI,H24,RISDA,RU,2605
RU-2605-H24-12997,76,RISDA,H24,ROBGA,RU,2605
RU-2605-H24-12997,77,ROBGA,H24,LUTIT,RU,2605
RU-2605-H24-12997,78,LUTIT,H24,LIGRU,RU,2605
RU-2605-H24-12997,79,LIGRU,H24,BAPIN,RU,2605
RU-2605-H24-12997,80,BAPIN,H24,NUNRO,RU,2605
RU-2605-H24-12997,81,NUNRO,H24,OKBES,RU,2605
RU-2605-H24-12997,82,OKBES,H24,ATLUM,RU,2605
RU-2605-H24-12997,83,ATLUM,H24,TUMIT,RU,2605
RU-2605-H24-12997,84,TUMIT,H24,UMKEL,RU,2605
RU-2605-H24-12997,85,UMKEL,H24,MOVUN,RU,2605
RU-2605-H24-12997,86,MOVUN,H24,DIKOK,RU,2605
RU-2605-H24-12997,87,DIKOK,H24,VELUS,RU,2605
RU-2605-H24-12997,88,VELUS,H24,RIPOG,RU,2605
RU-2605-H24-12997,89,RIPOG,H24,ALAKI,RU,2605
RU-2605-H24-12997,90,ALAKI,H24,SONIB,RU,2605
RU-2605-H24-12997,91,SONIB,H24,SIMLI,RU,2605
RU-2605-H24-12997,92,SIMLI,H24,PARIS,RU,2605
RU-2605-H24-12997,93,PARIS,H24,TISUL,RU,2605
RU-2605-H24-12997,94,TISUL,H24,DELUK,RU,2605
RU-2605-H24-12997,95,DELUK,H24,OLMAK,RU,2605
RU-2605-H24-12997,96,OLMAK,H24,MANOD,RU,2605
RU-2605-H24-12997,97,MANOD,H24,LUTUN,RU,2605
RU-2605-H24-12997,98,LUTUN,H24,FA,RU,2605
RU-2605-H24-12997,99,FA,H24,ANDAT,RU,2605
RU-2605-H24-12997,100,ANDAT,H24,POZIP,RU,2605
RU-2605-H24-12997,101,POZIP,H24,IPMEL,RU,2605
RU-2605-H24-12997,102,IPMEL,H24,UNEBO,RU,2605
RU-2605-H24-12997,103,UNEBO,H24,KORHE,RU,2605
RU-2605-H24-12997,104,KORHE,H24,ODEDA,RU,2605
RU-2605-H24-12997,105,ODEDA,H24,RUROS,RU,2605
RU-2605-H24-12997,106,RUROS,H24,NUSLU,RU,2605
RU-2605-H24-12997,107,NUSLU,H24,OKDON,RU,2605
RU-2605-H24-12997,108,OKDON,H24,ODOBA,RU,2605
RU-2605-H24-12997,109,ODOBA,H24,DISUP,RU,2605
RU-2605-H24-12997,110,DISUP,H24,NIHAZ,RU,2605
RU-2605-H24-12997,111,NIHAZ,H24,MASIS,RU,2605
RU-2605-H24-12997,112,MASIS,H24,RILIR,RU,2605
RU-2605-H24-12997,113,RILIR,H24,RATLA,RU,2605
RU-2605-H24-12997,114,RATLA,H24,SEGUN,RU,2605
RU-2605-H24-12997,115,SEGUN,H24,NURBA,RU,2605
RU-2605-H24-12997,116,NURBA,H24,GIMAG,RU,2605
RU-2605-H24-12997,117,GIMAG,H24,SW,RU,2605
RU-2605-H24-12997,118,SW,H24,OBETA,RU,2605
RU-2605-H24-12997,119,OBETA,H24,SUMON,RU,2605
RU-2605-H24-12997,120,SUMON,H24,GAKTA,RU,2605
RU-2605-H24-12997,121,GAKTA,H24,UK,RU,2605
RU-2605-H24-12997,122,UK,H24,MURTA,RU,2605
RU-2605-H24-12997,123,MURTA,H24,BALUB,RU,2605
RU-2605-H24-12997,124,BALUB,H24,BAMOK,RU,2605
RU-2605-H24-12997,125,BAMOK,H24,EKSER,RU,2605
RU-2605-H24-12997,126,EKSER,H24,PESAB,RU,2605
RU-2605-H24-12997,127,PESAB,H24,OTKOL,RU,2605
RU-2605-H24-12997,128,OTKOL,H24,RINGU,RU,2605
RU-2605-H24-12997,129,RINGU,H24,AMAMU,RU,2605
RU-2605-H24-12997,130,AMAMU,H24,DOSED,RU,2605
RU-2605-H24-12997,131,DOSED,H24,UMRAL,RU,2605
RU-2605-H24-12997,132,UMRAL,H24,LADIM,RU,2605
RU-2605-H24-12997,133,LADIM,H24,LAMKO,RU,2605
RU-2605-H24-12997,134,LAMKO,H24,GOLRI,RU,2605
RU-2605-H24-12997,135,GOLRI,H24,AGNIP,RU,2605
RU-2605-H24-12997,136,AGNIP,H24,ULKID,RU,2605
RU-2605-H24-12997,137,ULKID,H24,KERUN,RU,2605
RU-2605-H24-12997,138,KERUN,H24,NURKA,RU,2605
RU-2605-H24-12997,139,NURKA,H24,KAMZA,RU,2605
RU-2605-H24-12997,140,KAMZA,H24,IDMOR,RU,2605
RU-2605-H24-12997,141,IDMOR,H24,BABOD,RU,2605
RU-2605-H24-12997,142,BABOD,H24,UMPER,RU,2605
RU-2605-H24-12997,143,UMPER,H24,IPSIL,RU,2605
RU-2605-H24-12997,144,IPSIL,H24,ROKUR,RU,2605
RU-2605-H24-12997,145,ROKUR,H24,NENEL,RU,2605
RU-2605-H24-12997,146,NENEL,H24,GAKLU,RU,2605
RU-2605-H24-12997,147,GAKLU,H24,IBOGI,RU,2605
RU-2605-H24-12997,148,IBOGI,H24,DESUD,RU,2605
RU-2605-H24-12997,149,DESUD,H24,PINOK,RU,2605
RU-2605-H24-12997,150,PINOK,H24,BEGBA,RU,2605
RU-2605-H24-12997,151,BEGBA,H24,GIGON,RU,2605
RU-2605-H24-12997,152,GIGON,H24,RENTU,RU,2605
RU-2605-H24-12997,153,RENTU,H24,RITKI,RU,2605
RU-2605-H24-12997,154,RITKI,H24,UGMIS,RU,2605
RU-2605-H24-12997,155,UGMIS,H24,AGNOG,RU,2605
RU-2605-H24-12997,156,AGNOG,H24,NESIP,RU,2605
RU-2605-H24-12997,157,NESIP,H24,AMTAL,RU,2605
RU-2605-H24-12997,158,AMTAL,H24,KODUG,RU,2605
RU-2605-H24-12997,159,KODUG,H24,RANUD,RU,2605
RU-2605-H24-12997,160,RANUD,H24,ADVUK,RU,2605
RU-2605-H24-12997,161,ADVUK,H24,INKUG,RU,2605
RU-2605-H24-12997,162,INKUG,H24,ETREN,RU,2605
RU-2605-H24-12997,163,ETREN,H24,ASREG,RU,2605
RU-2605-H24-12997,164,ASREG,H24,RALED,RU,2605
RU-2605-H24-12997,165,RALED,H24,NIDUB,RU,2605
RU-2605-H24-12997,166,NIDUB,H24,BAPKA,RU,2605
RU-2605-H24-12997,167,BAPKA,H24,OTPIS,RU,2605
RU-2605-H24-12997,168,OTPIS,H24,DOGIT,RU,2605
RU-2605-H24-12997,169,DOGIT,H24,TERDI,RU,2605
RU-2605-H24-12997,170,TERDI,H24,UMDIG,RU,2605
RU-2605-H24-12997,171,UMDIG,H24,NANEP,RU,2605
RU-2605-H24-12997,172,NANEP,H24,GOLRA,RU,2605
RU-2605-H24-12997,173,GOLRA,H24,MOKRO,RU,2605
RU-2605-H24-12997,174,MOKRO,H24,IDESU,RU,2605
RU-2605-H24-12997,175,IDESU,H24,KUNIM,RU,2605
RU-2605-H24-12997,176,KUNIM,H24,ULTAD,RU,2605
RU-2605-H24-12997,177,ULTAD,H24,IRGUM,RU,2605
RU-2605-H24-12997,178,IRGUM,H24,EPIKI,RU,2605
RU-2605-H24-12997,179,EPIKI,H24,TARSA,RU,2605
RU-2605-H24-12997,180,TARSA,H24,KUTAM,RU,2605
RU-2605-H24-12997,181,KUTAM,H24,PISEP,RU,2605
RU-2605-H24-12997,182,PISEP,H24,UROKA,RU,2605
RU-2605-H24-12997,183,UROKA,H24,RILUD,RU,2605
RU-2605-H24-12997,184,RILUD,H24,AMISA,RU,2605
RU-2605-H24-12997,185,AMISA,H24,PIPAP,RU,2605
RU-2605-H24-12997,186,PIPAP,H24,UNTAM,RU,2605
RU-2605-H24-12997,187,UNTAM,H24,BUKOT,RU,2605
RU-2605-H24-12997,188,BUKOT,H24,OGTES,RU,2605
RU-2605-H24-12997,189,OGTES,H24,DIPEK,RU,2605
RU-2605-H24-12997,190,DIPEK,H24,LUNOP,RU,2605
RU-2605-H24-12997,191,LUNOP,H24,DIREN,RU,2605
RU-2605-H24-12997,192,DIREN,H24,MIFRA,RU,2605
RU-2605-H24-12997,193,MIFRA,H24,SUBEK,RU,2605
RU-2605-H24-12997,194,SUBEK,H24,TOZAR,RU,2605
RU-2605-H24-12997,195,TOZAR,H24,ITURUPVORDME,RU,2605
RU-2605-H24-12997,196,ITURUPVORDME,H24,UREBI,RU,2605
RU-2605-H24-12997,197,UREBI,H24,ODERI,RU,2605
RU-2605-H24-12997,198,ODERI,H24,ERALI,RU,2605
RU-2605-H24-12997,199,ERALI,H24,NETRI,RU,2605
RU-2605-H24-12997,200,NETRI,H24,DONUN,RU,2605
RU-2605-H24-12997,201,DONUN,H24,DENZI,RU,2605
RU-2605-H24-12997,202,DENZI,H24,UMBOS,RU,2605
RU-2605-H24-12997,203,UMBOS,H24,LOLSA,RU,2605
RU-2605-H24-12997,204,LOLSA,H24,IBRAS,RU,2605
RU-2605-H24-12997,205,IBRAS,H24,LUMES,RU,2605
RU-2605-H24-12997,206,LUMES,H24,NAMUL,RU,2605
RU-2605-H24-12997,207,NAMUL,H24,ROMUK,RU,2605
RU-2605-H24-12997,208,ROMUK,H24,BARUL,RU,2605
RU-2605-H24-12997,209,BARUL,H24,ARDOK,RU,2605
RU-2605-H24-12997,210,ARDOK,H24,DITOR,RU,2605
RU-2605-H24-12997,211,DITOR,H24,NALAM,RU,2605
RU-2605-H24-12997,212,NALAM,H24,OKREK,RU,2605
RU-2605-H24-12997,213,OKREK,H24,AKOLA,RU,2605
RU-2605-H24-12997,214,AKOLA,H24,BEKES,RU,2605
RU-2605-H24-12997,215,BEKES,H24,DOSET,RU,2605
RU-2605-H24-12997,216,DOSET,H24,AGAPO,RU,2605
RU-2605-H24-12997,217,AGAPO,H24,TIFON,RU,2605
RU-2605-H24-12997,218,TIFON,H24,KENER,RU,2605
RU-2605-H24-12997,219,KENER,H24,BANAS,RU,2605
RU-2605-H24-12997,220,BANAS,H24,GIRAM,RU,2605
RU-2605-H24-12997,221,GIRAM,H24,REZOK,RU,2605
RU-2605-H24-12997,222,REZOK,H24,ARGUK,RU,2605
RU-2605-H24-12997,223,ARGUK,H24,FI,RU,2605
RU-2605-H24-12997,224,FI,H24,NIROT,RU,2605
RU-2605-H24-12997,225,NIROT,H24,BAGDU,RU,2605
RU-2605-H24-12997,226,BAGDU,H24,REPIK,RU,2605
RU-2605-H24-12997,227,REPIK,H24,LEGVI,RU,2605
RU-2605-H24-12997,228,LEGVI,H24,ADITO,RU,2605
RU-2605-H24-12997,229,ADITO,H24,SOKMU,RU,2605
RU-2605-H24-12997,230,SOKMU,H24,LANRI,RU,2605
RU-2605-H24-12997,231,LANRI,H24,KUNAB,RU,2605
RU-2605-H24-12997,232,KUNAB,H24,TAKAD,RU,2605
RU-2605-H24-12997,233,TAKAD,H24,BENOK,RU,2605
RU-2605-H24-12997,234,BENOK,H24,UNELA,RU,2605
RU-2605-H24-12997,235,UNELA,H24,TUBLA,RU,2605
RU-2605-H24-12997,236,TUBLA,H24,LEDRU,RU,2605
RU-2605-H24-12997,237,LEDRU,H24,UB,RU,2605
RU-2605-H24-12997,238,UB,H24,TK,RU,2605
RU-2605-H24-12997,239,TK,H24,LEMBA,RU,2605
RU-2605-H24-12997,240,LEMBA,H24,DIVIN,RU,2605
RU-2605-H24-12997,241,DIVIN,H24,AMETO,RU,2605
RU-2605-H24-12997,242,AMETO,H24,NARIT,RU,2605
RU-2605-H24-12997,243,NARIT,H24,BAMUN,RU,2605
RU-2605-H24-12997,244,BAMUN,H24,BENGA,RU,2605
RU-2605-H24-12997,245,BENGA,H24,BEBAT,RU,2605
RU-2605-H24-12997,246,BEBAT,H24,GRUMA,RU,2605
RU-2605-H24-12997,247,GRUMA,H24,IGODA,RU,2605
RU-2605-H24-12997,248,IGODA,H24,MOLUT,RU,2605
RU-2605-H24-12997,249,MOLUT,H24,LAKIN,RU,2605
RU-2605-H24-12997,250,LAKIN,H24,GIRUD,RU,2605
RU-2605-H24-12997,251,GIRUD,H24,UMDEL,RU,2605
RU-2605-H24-12997,252,UMDEL,H24,KUDZA,RU,2605
RU-2605-H24-12997,253,KUDZA,H24,VERIT,RU,2605
RU-2605-H24-12997,254,VERIT,H24,IMZOT,RU,2605
RU-2605-H24-12997,255,IMZOT,H24,PELOR,RU,2605
RU-2605-H24-12997,256,PELOR,H24,UVSUR,RU,2605
RU-2605-H24-12997,257,UVSUR,H24,KROTA,RU,2605
RU-2605-H24-12997,258,KROTA,H24,AKATI,RU,2605
RU-2605-H24-12997,259,AKATI,H24,OLENA,RU,2605
RU-2605-H24-12997,260,OLENA,H24,LEMTO,RU,2605
RU-2605-H24-12997,261,LEMTO,H24,NOMPA,RU,2605
RU-2605-H24-12997,262,NOMPA,H24,OTRAD,RU,2605
RU-2605-H24-12997,263,OTRAD,H24,GIPAR,RU,2605
RU-2605-H24-12997,264,GIPAR,H24,ROGTA,RU,2605
RU-2605-H24-12997,265,ROGTA,H24,RUKIN,RU,2605
RU-2605-H24-12997,266,RUKIN,H24,URUSO,RU,2605
RU-2605-H24-12997,267,URUSO,H24,UMUMI,RU,2605
RU-2605-H24-12997,268,UMUMI,H24,GIMKI,RU,2605
RU-2605-H24-12997,269,GIMKI,H24,SOSEB,RU,2605
RU-2605-H24-12997,270,SOSEB,H24,GEKSU,RU,2605
RU-2605-H24-12997,271,GEKSU,H24,ABNOL,RU,2605
RU-2605-H24-12997,272,ABNOL,H24,OKMIT,RU,2605
RU-2605-H24-12997,273,OKMIT,H24,NOTAR,RU,2605
RU-2605-H24-12997,274,NOTAR,H24,LATLA,RU,2605
RU-2605-H24-12997,275,LATLA,H24,UNPOR,RU,2605
RU-2605-H24-12997,276,UNPOR,H24,GORAB,RU,2605
RU-2605-H24-12997,277,GORAB,H24,OKBAV,RU,2605
RU-2605-H24-12997,278,OKBAV,H24,VUZPU,RU,2605
RU-2605-H24-12997,279,VUZPU,H24,GIKEN,RU,2605
RU-2605-H24-12997,280,GIKEN,H24,MIKFO,RU,2605
RU-2605-H24-12997,281,MIKFO,H24,ZOVKI,RU,2605
RU-2605-H24-12997,282,ZOVKI,H24,OKMEK,RU,2605
RU-2605-H24-12997,283,OKMEK,H24,OKBOS,RU,2605
RU-2605-H24-12997,284,OKBOS,H24,IPLIT,RU,2605
RU-2605-H24-12997,285,IPLIT,H24,ABNAB,RU,2605
RU-2605-H24-12997,286,ABNAB,H24,TIGNU,RU,2605
RU-2605-H24-12997,287,TIGNU,H24,RANOK,RU,2605
RU-2605-H24-12997,288,RANOK,H24,DEVID,RU,2605
RU-2605-H24-12997,289,DEVID,H24,DIRIP,RU,2605
RU-2605-H24-12997,290,DIRIP,H24,KUTET,RU,2605
RU-2605-H24-12997,291,KUTET,H24,NOTIS,RU,2605
RU-2605-H24-12997,292,NOTIS,H24,EVGOR,RU,2605
RU-2605-H24-12997,293,EVGOR,H24,BADAL,RU,2605
RU-2605-H24-12997,294,BADAL,H24,NEBOL,RU,2605
RU-2605-H24-12997,295,NEBOL,H24,RONID,RU,2605
RU-2605-H24-12997,296,RONID,H24,ROKDI,RU,2605
RU-2605-H24-12997,297,ROKDI,H24,OSVOD,RU,2605
RU-2605-H24-12997,298,OSVOD,H24,ANAMI,RU,2605
RU-2605-H24-12997,299,ANAMI,H24,LONZA,RU,2605
RU-2605-H24-12997,300,LONZA,H24,ROMBI,RU,2605
RU-2605-H24-12997,301,ROMBI,H24,ALUBI,RU,2605
RU-2605-H24-12997,302,ALUBI,H24,ROTLI,RU,2605
RU-2605-H24-12997,303,ROTLI,H24,LUMET,RU,2605
RU-2605-H24-12997,304,LUMET,H24,NIGOR,RU,2605
RU-2605-H24-12997,305,NIGOR,H24,REVDU,RU,2605
RU-2605-H24-12997,306,REVDU,H24,DIBAB,RU,2605
RU-2605-H24-12997,307,DIBAB,H24,SONAT,RU,2605
RU-2605-H24-12997,308,SONAT,H24,TIKRO,RU,2605
RU-2605-H24-12997,309,TIKRO,H24,BAMAL,RU,2605
RU-2605-H24-12997,310,BAMAL,H24,NEGOK,RU,2605
RU-2605-H24-12997,311,NEGOK,H24,FALBU,RU,2605
RU-2605-H24-12997,312,FALBU,H24,MOTUB,RU,2605
RU-2605-H24-12997,313,MOTUB,H24,ADANU,RU,2605
RU-2605-H24-12997,314,ADANU,H24,GIMAK,RU,2605
RU-2605-H24-12997,315,GIMAK,H24,GOLON,RU,2605
RU-2605-H24-12997,316,GOLON,H24,LERPI,RU,2605
RU-2605-H24-12997,317,LERPI,H24,INKOR,RU,2605
RU-2605-H24-12997,318,INKOR,H24,MINOR,RU,2605
RU-2605-H24-12997,319,MINOR,H24,NEVKI,RU,2605
RU-2605-H24-12997,320,NEVKI,H24,NN,RU,2605
RU-2605-H24-12997,321,NN,H24,TIMGU,RU,2605
RU-2605-H24-12997,322,TIMGU,H24,RUPES,RU,2605
RU-2605-H24-12997,323,RUPES,H24,BEDLI,RU,2605
RU-2605-H24-12997,324,BEDLI,H24,ABK,RU,2605
RU-2605-H24-12997,325,ABK,H24,BEKPU,RU,2605
RU-2605-H24-12997,326,BEKPU,H24,GINOM,RU,2605
RU-2605-H24-12997,327,GINOM,H24,KUDAR,RU,2605
RU-2605-H24-12997,328,KUDAR,H24,SILON,RU,2605
RU-2605-H24-12997,329,SILON,H24,KUMOK,RU,2605
RU-2605-H24-12997,330,KUMOK,H24,KARAL,RU,2605
RU-2605-H24-12997,331,KARAL,H24,LASOP,RU,2605
RU-2605-H24-12997,332,LASOP,H24,KU,RU,2605
RU-2605-H24-12997,333,KU,H24,URUSA,RU,2605
RU-2605-H24-12997,334,URUSA,H24,NIKTO,RU,2605
RU-2605-H24-12997,335,NIKTO,H24,BAPTA,RU,2605
RU-2605-H24-12997,336,BAPTA,H24,ODMAK,RU,2605
RU-2605-H24-12997,337,ODMAK,H24,DEMIB,RU,2605
RU-2605-H24-12997,338,DEMIB,H24,DIKIN,RU,2605
RU-2605-H24-12997,339,DIKIN,H24,KURUP,RU,2605
RU-2605-H24-12997,340,KURUP,H24,UDREM,RU,2605
RU-2605-H24-12997,341,UDREM,H24,LESOK,RU,2605
RU-2605-H24-12997,342,LESOK,H24,BEMDA,RU,2605
RU-2605-H24-12997,343,BEMDA,H24,BAPUN,RU,2605
RU-2605-H24-12997,344,BAPUN,H24,OBEKO,RU,2605
RU-2605-H24-12997,345,OBEKO,H24,GUGNI,RU,2605
RU-2605-H24-12997,346,GUGNI,H24,RULEN,RU,2605
RU-2605-H24-12997,347,RULEN,H24,ZENKO,RU,2605
RU-2605-H24-12997,348,ZENKO,H24,SOFAS,RU,2605
RU-2605-H24-12997,349,SOFAS,H24,GITLU,RU,2605
RU-2605-H24-12997,350,GITLU,H24,KUKSA,RU,2605
RU-2605-H24-12997,351,KUKSA,H24,VEZAR,RU,2605
RU-2605-H24-12997,352,VEZAR,H24,DIEZA,RU,2605
RU-2605-H24-12997,353,DIEZA,H24,DOHAR,RU,2605
RU-2605-H24-12997,354,DOHAR,H24,REKZE,RU,2605
RU-2605-H24-12997,355,REKZE,H24,VEVUG,RU,2605
RU-2605-H24-12997,356,VEVUG,H24,INSOK,RU,2605
RU-2605-H24-12997,357,INSOK,H24,NIVKU,RU,2605
RU-2605-H24-12997,358,NIVKU,H24,NEMKI,RU,2605
RU-2605-H24-12997,359,NEMKI,H24,AMDEN,RU,2605
RU-2605-H24-12997,360,AMDEN,H24,PRIBI,RU,2605
RU-2605-H24-12997,361,PRIBI,H24,BEPOL,RU,2605
RU-2605-H24-12997,362,BEPOL,H24,DARNO,RU,2605
RU-2605-H24-12997,363,DARNO,H24,LAMSU,RU,2605
RU-2605-H24-12997,364,LAMSU,H24,TR,RU,2605
RU-2605-H24-12997,365,TR,H24,ODMEL,RU,2605
RU-2605-H24-12997,366,ODMEL,H24,SULIG,RU,2605
RU-2605-H24-12997,367,SULIG,H24,ISANA,RU,2605
RU-2605-H24-12997,368,ISANA,H24,IRKUT,RU,2605
RU-2605-H24-12997,369,IRKUT,H24,LEKOS,RU,2605
RU-2605-H24-12997,370,LEKOS,H24,MEMUR,RU,2605
RU-2605-H24-12997,371,MEMUR,H24,ABROG,RU,2605
RU-2605-H24-12997,372,ABROG,H24,NEGEK,RU,2605
RU-2605-H24-12997,373,NEGEK,H24,NILOK,RU,2605
RU-2605-H24-12997,374,NILOK,H24,PELEK,RU,2605
RU-2605-H24-12997,375,PELEK,H24,UNKIS,RU,2605
RU-2605-H24-12997,376,UNKIS,H24,TIFAS,RU,2605
RU-2605-H24-12997,377,TIFAS,H24,NH,RU,2605
RU-2605-H24-12997,378,NH,H24,MOLEG,RU,2605
RU-2605-H24-12997,379,MOLEG,H24,UGLIT,RU,2605
RU-2605-H24-12997,380,UGLIT,H24,MAPUN,RU,2605
RU-2605-H24-12997,381,MAPUN,H24,UTORA,RU,2605
RU-2605-H24-12997,382,UTORA,H24,GIKES,RU,2605
RU-2605-H24-12997,383,GIKES,H24,SOMUD,RU,2605
RU-2605-H24-12997,384,SOMUD,H24,BADIK,RU,2605
RU-2605-H24-12997,385,BADIK,H24,LOBVI,RU,2605
RU-2605-H24-12997,386,LOBVI,H24,KEMEB,RU,2605
RU-2605-H24-12997,387,KEMEB,H24,LIKNU,RU,2605
RU-2605-H24-12997,388,LIKNU,H24,PENUD,RU,2605
RU-2605-H24-12997,389,PENUD,H24,BEMIR,RU,2605
RU-2605-H24-12997,390,BEMIR,H24,RILER,RU,2605
RU-2605-H24-12997,391,RILER,H24,ALZOS,RU,2605
RU-2605-H24-12997,392,ALZOS,H24,LUPOK,RU,2605
RU-2605-H24-12997,393,LUPOK,H24,OGSIN,RU,2605
RU-2605-H24-12997,394,OGSIN,H24,MADOB,RU,2605
RU-2605-H24-12997,395,MADOB,H24,KUKOT,RU,2605
RU-2605-H24-12997,396,KUKOT,H24,DIGTU,RU,2605
RU-2605-H24-12997,397,DIGTU,H24,SUMOM,RU,2605
RU-2605-H24-12997,398,SUMOM,H24,IPRAT,RU,2605
RU-2605-H24-12997,399,IPRAT,H24,GANPO,RU,2605
RU-2605-H24-12997,400,GANPO,H24,ULPAS,RU,2605
RU-2605-H24-12997,401,ULPAS,H24,ODMUR,RU,2605
RU-2605-H24-12997,402,ODMUR,H24,ABDIR,RU,2605
RU-2605-H24-12997,403,ABDIR,H24,ORTOD,RU,2605
RU-2605-H24-12997,404,ORTOD,H24,ATMEB,RU,2605
RU-2605-H24-12997,405,ATMEB,H24,GINPA,RU,2605
RU-2605-H24-12997,406,GINPA,H24,TINRI,RU,2605
RU-2605-H24-12997,407,TINRI,H24,LEGBI,RU,2605
RU-2605-H24-12997,408,LEGBI,H24,GISMA,RU,2605
RU-2605-H24-12997,409,GISMA,H24,ABESA,RU,2605
RU-2605-H24-12997,410,ABESA,H24,LUMER,RU,2605
RU-2605-H24-12997,411,LUMER,H24,RALEG,RU,2605
RU-2605-H24-12997,412,RALEG,H24,IDERI,RU,2605
RU-2605-H24-12997,413,IDERI,H24,AMRAD,RU,2605
RU-2605-H24-12997,414,AMRAD,H24,KUDEB,RU,2605
RU-2605-H24-12997,415,KUDEB,H24,TELRU,RU,2605
RU-2605-H24-12997,416,TELRU,H24,SOPTI,RU,2605
RU-2605-H24-12997,417,SOPTI,H24,LARNO,RU,2605
RU-2605-H24-12997,418,LARNO,H24,OSPOM,RU,2605
RU-2605-H24-12997,419,OSPOM,H24,UNUSA,RU,2605
RU-2605-H24-12997,420,UNUSA,H24,URAGO,RU,2605
RU-2605-H24-12997,421,URAGO,H24,OSNEN,RU,2605
RU-2605-H24-12997,422,OSNEN,H24,PABMA,RU,2605
RU-2605-H24-12997,423,PABMA,H24,PESOB,RU,2605
RU-2605-H24-12997,424,PESOB,H24,GUMLA,RU,2605
RU-2605-H24-12997,425,GUMLA,H24,ODNAK,RU,2605
RU-2605-H24-12997,426,ODNAK,H24,BETEG,RU,2605
RU-2605-H24-12997,427,BETEG,H24,DOKOD,RU,2605
RU-2605-H24-12997,428,DOKOD,H24,ZURRU,RU,2605
RU-2605-H24-12997,429,ZURRU,H24,TIPNA,RU,2605
RU-2605-H24-12997,430,TIPNA,H24,GITOT,RU,2605
RU-2605-H24-12997,431,GITOT,H24,BEGBI,RU,2605
RU-2605-H24-12997,432,BEGBI,H24,LAPIG,RU,2605
RU-2605-H24-12997,433,LAPIG,H24,RUPAD,RU,2605
RU-2605-H24-12997,434,RUPAD,H24,MEGAS,RU,2605
RU-2605-H24-12997,435,MEGAS,H24,POTKE,RU,2605
RU-2605-H24-12997,436,POTKE,H24,BESNO,RU,2605
RU-2605-H24-12997,437,BESNO,H24,ORSUR,RU,2605
RU-2605-H24-12997,438,ORSUR,H24,KERIS,RU,2605
RU-2605-H24-12997,439,KERIS,H24,OBIBA,RU,2605
RU-2605-H24-12997,440,OBIBA,H24,ASNAS,RU,2605
RU-2605-H24-12997,441,ASNAS,H24,TITEN,RU,2605
RU-2605-H24-12997,442,TITEN,H24,ARMAB,RU,2605
RU-2605-H24-12997,443,ARMAB,H24,KOTLASVORDME,RU,2605
RU-2605-H24-12997,444,KOTLASVORDME,H24,KOROT,RU,2605
RU-2605-H24-12997,445,KOROT,H24,ASBUL,RU,2605
RU-2605-H24-12997,446,ASBUL,H24,ADKOL,RU,2605
RU-2605-H24-12997,447,ADKOL,H24,DIKEP,RU,2605
RU-2605-H24-12997,448,DIKEP,H24,UMGUG,RU,2605
RU-2605-H24-12997,449,UMGUG,H24,OGUMA,RU,2605
RU-2605-H24-12997,450,OGUMA,H24,NETLU,RU,2605
RU-2605-H24-12997,451,NETLU,H24,SORLI,RU,2605
RU-2605-H24-12997,452,SORLI,H24,ATBAR,RU,2605
RU-2605-H24-12997,453,ATBAR,H24,URAMI,RU,2605
RU-2605-H24-12997,454,URAMI,H24,RINOB,RU,2605
RU-2605-H24-12997,455,RINOB,H24,EKREG,RU,2605
RU-2605-H24-12997,456,EKREG,H24,KUMIR,RU,2605
RU-2605-H24-12997,457,KUMIR,H24,DUBES,RU,2605
RU-2605-H24-12997,458,DUBES,H24,SEVIK,RU,2605
RU-2605-H24-12997,459,SEVIK,H24,GIRIP,RU,2605
RU-2605-H24-12997,460,GIRIP,H24,TURUK,RU,2605
RU-2605-H24-12997,461,TURUK,H24,LUZLO,RU,2605
RU-2605-H24-12997,462,LUZLO,H24,LAGAT,RU,2605
RU-2605-H24-12997,463,LAGAT,H24,MIGTU,RU,2605
RU-2605-H24-12997,464,MIGTU,H24,UMUTA,RU,2605
RU-2605-H24-12997,465,UMUTA,H24,ABREL,RU,2605
RU-2605-H24-12997,466,ABREL,H24,UMKAN,RU,2605
RU-2605-H24-12997,467,UMKAN,H24,RAMEP,RU,2605
RU-2605-H24-12997,468,RAMEP,H24,AKUGI,RU,2605
RU-2605-H24-12997,469,AKUGI,H24,MOSON,RU,2605
RU-2605-H24-12997,470,MOSON,H24,KUDRE,RU,2605
RU-2605-H24-12997,471,KUDRE,H24,KOVOD,RU,2605
RU-2605-H24-12997,472,KOVOD,H24,MALNE,RU,2605
RU-2605-H24-12997,473,MALNE,H24,BILRU,RU,2605
RU-2605-H24-12997,474,BILRU,H24,INLOG,RU,2605
RU-2605-H24-12997,475,INLOG,H24,BAPOK,RU,2605
RU-2605-H24-12997,476,BAPOK,H24,BEGSI,RU,2605
RU-2605-H24-12997,477,BEGSI,H24,LUPUN,RU,2605
RU-2605-H24-12997,478,LUPUN,H24,NIRGI,RU,2605
RU-2605-H24-12997,479,NIRGI,H24,PESIL,RU,2605
RU-2605-H24-12997,480,PESIL,H24,IDLIT,RU,2605
RU-2605-H24-12997,481,IDLIT,H24,NAMIN,RU,2605
RU-2605-H24-12997,482,NAMIN,H24,ARNUL,RU,2605
RU-2605-H24-12997,483,ARNUL,H24,DIZOR,RU,2605
RU-2605-H24-12997,484,DIZOR,H24,BANIN,RU,2605
RU-2605-H24-12997,485,BANIN,H24,ADOBA,RU,2605
RU-2605-H24-12997,486,ADOBA,H24,LANBI,RU,2605
RU-2605-H24-12997,487,LANBI,H24,GOPTO,RU,2605
RU-2605-H24-12997,488,GOPTO,H24,AKTAS,RU,2605
RU-2605-H24-12997,489,AKTAS,H24,KOPOK,RU,2605
RU-2605-H24-12997,490,KOPOK,H24,NOPUS,RU,2605
RU-2605-H24-12997,491,NOPUS,H24,INRUG,RU,2605
RU-2605-H24-12997,492,INRUG,H24,ARNAD,RU,2605
RU-2605-H24-12997,493,ARNAD,H24,EKTEN,RU,2605
RU-2605-H24-12997,494,EKTEN,H24,NOFUL,RU,2605
RU-2605-H24-12997,495,NOFUL,H24,USKUZ,RU,2605
RU-2605-H24-12997,496,USKUZ,H24,PIMAM,RU,2605
RU-2605-H24-12997,497,PIMAM,H24,EVMUV,RU,2605
RU-2605-H24-12997,498,EVMUV,H24,LIMUS,RU,2605
RU-2605-H24-12997,499,LIMUS,H24,POLIARNYVORDME,RU,2605
RU-2605-H24-12997,500,POLIARNYVORDME,H24,GAGRU,RU,2605
RU-2605-H24-12997,501,GAGRU,H24,TORSA,RU,2605
RU-2605-H24-12997,502,TORSA,H24,GANPA,RU,2605
RU-2605-H24-12997,503,GANPA,H24,BEMON,RU,2605
RU-2605-H24-12997,504,BEMON,H24,BEPSA,RU,2605
RU-2605-H24-12997,505,BEPSA,H24,UTIGA,RU,2605
RU-2605-H24-12997,506,UTIGA,H24,NIRGU,RU,2605
RU-2605-H24-12997,507,NIRGU,H24,LURET,RU,2605
RU-2605-H24-12997,508,LURET,H24,OLOPA,RU,2605
RU-2605-H24-12997,509,OLOPA,H24,RISIP,RU,2605
RU-2605-H24-12997,510,RISIP,H24,GOPAN,RU,2605
RU-2605-H24-12997,511,GOPAN,H24,NOSPI,RU,2605
RU-2605-H24-12997,512,NOSPI,H24,TUMOL,RU,2605
RU-2605-H24-12997,513,TUMOL,H24,TUPAM,RU,2605
RU-2605-H24-12997,514,TUPAM,H24,REDMI,RU,2605
RU-2605-H24-12997,515,REDMI,H24,ULYANOVSKBARATAYEVKA,RU,2605
RU-2605-H24-12997,516,ULYANOVSKBARATAYEVKA,H24,AGUTO,RU,2605
RU-2605-H24-12997,517,AGUTO,H24,GUBOM,RU,2605
RU-2605-H24-12997,518,GUBOM,H24,BESLO,RU,2605
RU-2605-H24-12997,519,BESLO,H24,RIMIP,RU,2605
RU-2605-H24-12997,520,RIMIP,H24,OBOSA,RU,2605
RU-2605-H24-12997,521,OBOSA,H24,OKDIP,RU,2605
RU-2605-H24-12997,522,OKDIP,H24,MIRDU,RU,2605
RU-2605-H24-12997,523,MIRDU,H24,OGBAR,RU,2605
RU-2605-H24-12997,524,OGBAR,H24,UNANI,RU,2605
RU-2605-H24-12997,525,UNANI,H24,SUROL,RU,2605
RU-2605-H24-12997,526,SUROL,H24,ADLAB,RU,2605
RU-2605-H24-12997,527,ADLAB,H24,ALOPU,RU,2605
RU-2605-H24-12997,528,ALOPU,H24,LOZAN,RU,2605
RU-2605-H24-12997,529,LOZAN,H24,URIRA,RU,2605
RU-2605-H24-12997,530,URIRA,H24,PENIB,RU,2605
RU-2605-H24-12997,531,PENIB,H24,NILIN,RU,2605
RU-2605-H24-12997,532,NILIN,H24,NUMTA,RU,2605
RU-2605-H24-12997,533,NUMTA,H24,IBEBO,RU,2605
RU-2605-H24-12997,534,IBEBO,H24,UKHTAVORDME,RU,2605
RU-2605-H24-12997,535,UKHTAVORDME,H24,LAMLI,RU,2605
RU-2605-H24-12997,536,LAMLI,H24,SOGTE,RU,2605
RU-2605-H24-12997,537,SOGTE,H24,SONMI,RU,2605
RU-2605-H24-12997,538,SONMI,H24,GONUT,RU,2605
RU-2605-H24-12997,539,GONUT,H24,EROGU,RU,2605
RU-2605-H24-12997,540,EROGU,H24,ASTED,RU,2605
RU-2605-H24-12997,541,ASTED,H24,LURIM,RU,2605
RU-2605-H24-12997,542,LURIM,H24,IRBOM,RU,2605
RU-2605-H24-12997,543,IRBOM,H24,RASOB,RU,2605
RU-2605-H24-12997,544,RASOB,H24,OBETU,RU,2605
RU-2605-H24-12997,545,OBETU,H24,PENEN,RU,2605
RU-2605-H24-12997,546,PENEN,H24,TEDNA,RU,2605
RU-2605-H24-12997,547,TEDNA,H24,NILET,RU,2605
RU-2605-H24-12997,548,NILET,H24,BIBNI,RU,2605
RU-2605-H24-12997,549,BIBNI,H24,NOGRI,RU,2605
RU-2605-H24-12997,550,NOGRI,H24,DEGEB,RU,2605
RU-2605-H24-12997,551,DEGEB,H24,OKAMO,RU,2605
RU-2605-H24-12997,552,OKAMO,H24,RELNU,RU,2605
RU-2605-H24-12997,553,RELNU,H24,ROTSU,RU,2605
RU-2605-H24-12997,554,ROTSU,H24,DILUP,RU,2605
RU-2605-H24-12997,555,DILUP,H24,IBSIL,RU,2605
RU-2605-H24-12997,556,IBSIL,H24,EKRIM,RU,2605
RU-2605-H24-12997,557,EKRIM,H24,NALUS,RU,2605
RU-2605-H24-12997,558,NALUS,H24,MOTIN,RU,2605
RU-2605-H24-12997,559,MOTIN,H24,KOMMO,RU,2605
RU-2605-H24-12997,560,KOMMO,H24,OGNUR,RU,2605
RU-2605-H24-12997,561,OGNUR,H24,ARLEN,RU,2605
RU-2605-H24-12997,562,ARLEN,H24,USINA,RU,2605
RU-2605-H24-12997,563,USINA,H24,NILOL,RU,2605
RU-2605-H24-12997,564,NILOL,H24,UDARE,RU,2605
RU-2605-H24-12997,565,UDARE,H24,OBIRU,RU,2605
RU-2605-H24-12997,566,OBIRU,H24,GONIB,RU,2605
RU-2605-H24-12997,567,GONIB,H24,NAZOL,RU,2605
RU-2605-H24-12997,568,NAZOL,H24,ROLUG,RU,2605
RU-2605-H24-12997,569,ROLUG,H24,MEGTE,RU,2605
RU-2605-H24-12997,570,MEGTE,H24,ORVES,RU,2605
RU-2605-H24-12997,571,ORVES,H24,GOBOM,RU,2605
RU-2605-H24-12997,572,GOBOM,H24,MATUB,RU,2605
RU-2605-H24-12997,573,MATUB,H24,LEDNU,RU,2605
RU-2605-H24-12997,574,LEDNU,H24,PADUS,RU,2605
RU-2605-H24-12997,575,PADUS,H24,ABATA,RU,2605
RU-2605-H24-12997,576,ABATA,H24,BEPIN,RU,2605
RU-2605-H24-12997,577,BEPIN,H24,LEBMO,RU,2605
RU-2605-H24-12997,578,LEBMO,H24,TURDI,RU,2605
RU-2605-H24-12997,579,TURDI,H24,ARPOG,RU,2605
RU-2605-H24-12997,580,ARPOG,H24,RUDKO,RU,2605
RU-2605-H24-12997,581,RUDKO,H24,BODKU,RU,2605
RU-2605-H24-12997,582,BODKU,H24,NOTBU,RU,2605
RU-2605-H24-12997,583,NOTBU,H24,ULKAS,RU,2605
RU-2605-H24-12997,584,ULKAS,H24,KUNER,RU,2605
RU-2605-H24-12997,585,KUNER,H24,OKPAN,RU,2605
RU-2605-H24-12997,586,OKPAN,H24,RONUN,RU,2605
RU-2605-H24-12997,587,RONUN,H24,ADLIN,RU,2605
RU-2605-H24-12997,588,ADLIN,H24,OKBIR,RU,2605
RU-2605-H24-12997,589,OKBIR,H24,RALUR,RU,2605
RU-2605-H24-12997,590,RALUR,H24,NEROB,RU,2605
RU-2605-H24-12997,591,NEROB,H24,NORBA,RU,2605
RU-2605-H24-12997,592,NORBA,H24,NL,RU,2605
RU-2605-H24-12997,593,NL,H24,RUMOL,RU,2605
RU-2605-H24-12997,594,RUMOL,H24,GOGUR,RU,2605
RU-2605-H24-12997,595,GOGUR,H24,KUGEK,RU,2605
RU-2605-H24-12997,596,KUGEK,H24,RILKA,RU,2605
RU-2605-H24-12997,597,RILKA,H24,GILAP,RU,2605
RU-2605-H24-12997,598,GILAP,H24,ASKIL,RU,2605
RU-2605-H24-12997,599,ASKIL,H24,TIBTA,RU,2605
RU-2605-H24-12997,600,TIBTA,H24,DERFU,RU,2605
RU-2605-H24-12997,601,DERFU,H24,DIVEK,RU,2605
RU-2605-H24-12997,602,DIVEK,H24,BUKUB,RU,2605
RU-2605-H24-12997,603,BUKUB,H24,KOLED,RU,2605
RU-2605-H24-12997,604,KOLED,H24,ABTAS,RU,2605
RU-2605-H24-12997,605,ABTAS,H24,INBUK,RU,2605
RU-2605-H24-12997,606,INBUK,H24,ESOLO,RU,2605
RU-2605-H24-12997,607,ESOLO,H24,TOKNU,RU,2605
RU-2605-H24-12997,608,TOKNU,H24,STAPA,RU,2605
RU-2605-H24-12997,609,STAPA,H24,OSNOL,RU,2605
RU-2605-H24-12997,610,OSNOL,H24,UMRIS,RU,2605
RU-2605-H24-12997,611,UMRIS,H24,LUMAK,RU,2605
RU-2605-H24-12997,612,LUMAK,H24,ABEBI,RU,2605
RU-2605-H24-12997,613,ABEBI,H24,OLUGA,RU,2605
RU-2605-H24-12997,614,OLUGA,H24,DEGOP,RU,2605
RU-2605-H24-12997,615,DEGOP,H24,RIRAT,RU,2605
RU-2605-H24-12997,616,RIRAT,H24,URIDU,RU,2605
RU-2605-H24-12997,617,URIDU,H24,ESETU,RU,2605
RU-2605-H24-12997,618,ESETU,H24,GODBI,RU,2605
RU-2605-H24-12997,619,GODBI,H24,LEBGI,RU,2605
RU-2605-H24-12997,620,LEBGI,H24,OLFID,RU,2605
RU-2605-H24-12997,621,OLFID,H24,ABUTO,RU,2605
RU-2605-H24-12997,622,ABUTO,H24,BERUN,RU,2605
RU-2605-H24-12997,623,BERUN,H24,UBONA,RU,2605
RU-2605-H24-12997,624,UBONA,H24,TENRI,RU,2605
RU-2605-H24-12997,625,TENRI,H24,OTPAD,RU,2605
RU-2605-H24-12997,626,OTPAD,H24,UNORI,RU,2605
RU-2605-H24-12997,627,UNORI,H24,LEKDO,RU,2605
RU-2605-H24-12997,628,LEKDO,H24,TURAT,RU,2605
RU-2605-H24-12997,629,TURAT,H24,OBARO,RU,2605
RU-2605-H24-12997,630,OBARO,H24,OMAKO,RU,2605
RU-2605-H24-12997,631,OMAKO,H24,BITKO,RU,2605
RU-2605-H24-12997,632,BITKO,H24,ABAGI,RU,2605
RU-2605-H24-12997,633,ABAGI,H24,BANAM,RU,2605
RU-2605-H24-12997,634,BANAM,H24,YEKATERINBURGKOLTSOVO,RU,2605
RU-2605-H24-12997,635,YEKATERINBURGKOLTSOVO,H24,ASLIM,RU,2605
RU-2605-H24-12997,636,ASLIM,H24,CHELYABINSKBALANDINO,RU,2605
RU-2605-H24-12997,637,CHELYABINSKBALANDINO,H24,MIKUS,RU,2605
RU-2605-H24-12997,638,MIKUS,H24,IMANA,RU,2605
RU-2605-H24-12997,639,IMANA,H24,NAMOL,RU,2605
RU-2605-H24-12997,640,NAMOL,H24,DOSUM,RU,2605
RU-2605-H24-12997,641,DOSUM,H24,SALER,RU,2605
RU-2605-H24-12997,642,SALER,H24,DOSAB,RU,2605
RU-2605-H24-12997,643,DOSAB,H24,SOTOG,RU,2605
RU-2605-H24-12997,644,SOTOG,H24,VAROV,RU,2605
RU-2605-H24-12997,645,VAROV,H24,OBOMI,RU,2605
RU-2605-H24-12997,646,OBOMI,H24,INOFA,RU,2605
RU-2605-H24-12997,647,INOFA,H24,GILAM,RU,2605
RU-2605-H24-12997,648,GILAM,H24,ASDES,RU,2605
RU-2605-H24-12997,649,ASDES,H24,BEPLU,RU,2605
RU-2605-H24-12997,650,BEPLU,H24,INKIN,RU,2605
RU-2605-H24-12997,651,INKIN,H24,PISAR,RU,2605
RU-2605-H24-12997,652,PISAR,H24,OLODO,RU,2605
RU-2605-H24-12997,653,OLODO,H24,UNLAK,RU,2605
RU-2605-H24-12997,654,UNLAK,H24,LASBI,RU,2605
RU-2605-H24-12997,655,LASBI,H24,TODLA,RU,2605
RU-2605-H24-12997,656,TODLA,H24,RILKU,RU,2605
RU-2605-H24-12997,657,RILKU,H24,SOKUR,RU,2605
RU-2605-H24-12997,658,SOKUR,H24,PETUK,RU,2605
RU-2605-H24-12997,659,PETUK,H24,IRMAL,RU,2605
RU-2605-H24-12997,660,IRMAL,H24,ATLOG,RU,2605
RU-2605-H24-12997,661,ATLOG,H24,OLARA,RU,2605
RU-2605-H24-12997,662,OLARA,H24,GITIL,RU,2605
RU-2605-H24-12997,663,GITIL,H24,PIPPE,RU,2605
RU-2605-H24-12997,664,PIPPE,H24,ADOGI,RU,2605
RU-2605-H24-12997,665,ADOGI,H24,NELUM,RU,2605
RU-2605-H24-12997,666,NELUM,H24,RODUK,RU,2605
RU-2605-H24-12997,667,RODUK,H24,ABMIS,RU,2605
RU-2605-H24-12997,668,ABMIS,H24,BAMIR,RU,2605
RU-2605-H24-12997,669,BAMIR,H24,LUKEL,RU,2605
RU-2605-H24-12997,670,LUKEL,H24,RAVUL,RU,2605
RU-2605-H24-12997,671,RAVUL,H24,LABAR,RU,2605
RU-2605-H24-12997,672,LABAR,H24,MORUT,RU,2605
RU-2605-H24-12997,673,MORUT,H24,OLEGA,RU,2605
RU-2605-H24-12997,674,OLEGA,H24,ULKAM,RU,2605
RU-2605-H24-12997,675,ULKAM,H24,KENAK,RU,2605
RU-2605-H24-12997,676,KENAK,H24,BANEP,RU,2605
RU-2605-H24-12997,677,BANEP,H24,USURA,RU,2605
RU-2605-H24-12997,678,USURA,H24,NAKIR,RU,2605
RU-2605-H24-12997,679,NAKIR,H24,ELMAR,RU,2605
RU-2605-H24-12997,680,ELMAR,H24,OKNID,RU,2605
RU-2605-H24-12997,681,OKNID,H24,GEGRI,RU,2605
RU-2605-H24-12997,682,GEGRI,H24,ARKUB,RU,2605
RU-2605-H24-12997,683,ARKUB,H24,EZMUB,RU,2605
RU-2605-H24-12997,684,EZMUB,H24,POGAS,RU,2605
RU-2605-H24-12997,685,POGAS,H24,ISVIZ,RU,2605
RU-2605-H24-12997,686,ISVIZ,H24,USTOK,RU,2605
RU-2605-H24-12997,687,USTOK,H24,ARPIK,RU,2605
RU-2605-H24-12997,688,ARPIK,H24,NIKEB,RU,2605
RU-2605-H24-12997,689,NIKEB,H24,IRDAK,RU,2605
RU-2605-H24-12997,690,IRDAK,H24,LESHUKONSKOYEVORDME,RU,2605
RU-2605-H24-12997,691,LESHUKONSKOYEVORDME,H24,RUBOR,RU,2605
RU-2605-H24-12997,692,RUBOR,H24,LEBED,RU,2605
RU-2605-H24-12997,693,LEBED,H24,NAPOR,RU,2605
RU-2605-H24-12997,694,NAPOR,H24,BEPAR,RU,2605
RU-2605-H24-12997,695,BEPAR,H24,LUNAG,RU,2605
RU-2605-H24-12997,696,LUNAG,H24,RIPEM,RU,2605
RU-2605-H24-12997,697,RIPEM,H24,INPIL,RU,2605
RU-2605-H24-12997,698,INPIL,H24,BENAP,RU,2605
RU-2605-H24-12997,699,BENAP,H24,REBTI,RU,2605
RU-2605-H24-12997,700,REBTI,H24,BANAK,RU,2605
RU-2605-H24-12997,701,BANAK,H24,BURIG,RU,2605
RU-2605-H24-12997,702,BURIG,H24,GOBES,RU,2605
RU-2605-H24-12997,703,GOBES,H24,UROMI,RU,2605
RU-2605-H24-12997,704,UROMI,H24,GUPRI,RU,2605
RU-2605-H24-12997,705,GUPRI,H24,MAGEM,RU,2605
RU-2605-H24-12997,706,MAGEM,H24,INLID,RU,2605
RU-2605-H24-12997,707,INLID,H24,LUMAG,RU,2605
RU-2605-H24-12997,708,LUMAG,H24,TITAL,RU,2605
RU-2605-H24-12997,709,TITAL,H24,DERUD,RU,2605
RU-2605-H24-12997,710,DERUD,H24,OMSUKCHAN,RU,2605
RU-2605-H24-12997,711,OMSUKCHAN,H24,UTUKO,RU,2605
RU-2605-H24-12997,712,UTUKO,H24,OSKON,RU,2605
RU-2605-H24-12997,713,OSKON,H24,OKEPA,RU,2605
RU-2605-H24-12997,714,OKEPA,H24,MAKUB,RU,2605
RU-2605-H24-12997,715,MAKUB,H24,BEKMI,RU,2605
RU-2605-H24-12997,716,BEKMI,H24,NISEL,RU,2605
RU-2605-H24-12997,717,NISEL,H24,NIDAR,RU,2605
RU-2605-H24-12997,718,NIDAR,H24,GOROM,RU,2605
RU-2605-H24-12997,719,GOROM,H24,TOSMA,RU,2605
RU-2605-H24-12997,720,TOSMA,H24,LORKI,RU,2605
RU-2605-H24-12997,721,LORKI,H24,ASMOK,RU,2605
RU-2605-H24-12997,722,ASMOK,H24,BUSUL,RU,2605
RU-2605-H24-12997,723,BUSUL,H24,GINAN,RU,2605
RU-2605-H24-12997,724,GINAN,H24,MEBAR,RU,2605
RU-2605-H24-12997,725,MEBAR,H24,PETAP,RU,2605
RU-2605-H24-12997,726,PETAP,H24,NOSDA,RU,2605
RU-2605-H24-12997,727,NOSDA,H24,ROGOP,RU,2605
RU-2605-H24-12997,728,ROGOP,H24,OGTUM,RU,2605
RU-2605-H24-12997,729,OGTUM,H24,LULOR,RU,2605
RU-2605-H24-12997,730,LULOR,H24,GIKUR,RU,2605
RU-2605-H24-12997,731,GIKUR,H24,TEDNI,RU,2605
RU-2605-H24-12997,732,TEDNI,H24,PAMKE,RU,2605
RU-2605-H24-12997,733,PAMKE,H24,NAMNA,RU,2605
RU-2605-H24-12997,734,NAMNA,H24,OKRIL,RU,2605
RU-2605-H24-12997,735,OKRIL,H24,LIMPI,RU,2605
RU-2605-H24-12997,736,LIMPI,H24,BAMDO,RU,2605
RU-2605-H24-12997,737,BAMDO,H24,ABDIS,RU,2605
RU-2605-H24-12997,738,ABDIS,H24,VALIK,RU,2605
RU-2605-H24-12997,739,VALIK,H24,ARLEP,RU,2605
RU-2605-H24-12997,740,ARLEP,H24,EMKOD,RU,2605
RU-2605-H24-12997,741,EMKOD,H24,MURFA,RU,2605
RU-2605-H24-12997,742,MURFA,H24,INBUS,RU,2605
RU-2605-H24-12997,743,INBUS,H24,UTILE,RU,2605
RU-2605-H24-12997,744,UTILE,H24,ESEGO,RU,2605
RU-2605-H24-12997,745,ESEGO,H24,ZEKNA,RU,2605
RU-2605-H24-12997,746,ZEKNA,H24,TIKRA,RU,2605
RU-2605-H24-12997,747,TIKRA,H24,BOGTO,RU,2605
RU-2605-H24-12997,748,BOGTO,H24,ABNUK,RU,2605
RU-2605-H24-12997,749,ABNUK,H24,ZADAK,RU,2605
RU-2605-H24-12997,750,ZADAK,H24,DANMI,RU,2605
RU-2605-H24-12997,751,DANMI,H24,ALODO,RU,2605
RU-2605-H24-12997,752,ALODO,H24,MIRMU,RU,2605
RU-2605-H24-12997,753,MIRMU,H24,MAKSI,RU,2605
RU-2605-H24-12997,754,MAKSI,H24,OBUKI,RU,2605
RU-2605-H24-12997,755,OBUKI,H24,TORVO,RU,2605
RU-2605-H24-12997,756,TORVO,H24,RANTO,RU,2605
RU-2605-H24-12997,757,RANTO,H24,USELE,RU,2605
RU-2605-H24-12997,758,USELE,H24,NEVED,RU,2605
RU-2605-H24-12997,759,NEVED,H24,BIVLA,RU,2605
RU-2605-H24-12997,760,BIVLA,H24,MEFIR,RU,2605
RU-2605-H24-12997,761,MEFIR,H24,IBRAL,RU,2605
RU-2605-H24-12997,762,IBRAL,H24,OSBUR,RU,2605
RU-2605-H24-12997,763,OSBUR,H24,MOKVI,RU,2605
RU-2605-H24-12997,764,MOKVI,H24,KOSUL,RU,2605
RU-2605-H24-12997,765,KOSUL,H24,MEZET,RU,2605
RU-2605-H24-12997,766,MEZET,H24,RUBEK,RU,2605
RU-2605-H24-12997,767,RUBEK,H24,NATUR,RU,2605
RU-2605-H24-12997,768,NATUR,H24,RELBO,RU,2605
RU-2605-H24-12997,769,RELBO,H24,REGRI,RU,2605
RU-2605-H24-12997,770,REGRI,H24,DELUD,RU,2605
RU-2605-H24-12997,771,DELUD,H24,AGURA,RU,2605
RU-2605-H24-12997,772,AGURA,H24,TIMNU,RU,2605
RU-2605-H24-12997,773,TIMNU,H24,DIRAT,RU,2605
RU-2605-H24-12997,774,DIRAT,H24,NIRBA,RU,2605
RU-2605-H24-12997,775,NIRBA,H24,NALOK,RU,2605
RU-2605-H24-12997,776,NALOK,H24,PANAR,RU,2605
RU-2605-H24-12997,777,PANAR,H24,BALOM,RU,2605
RU-2605-H24-12997,778,BALOM,H24,UNIPI,RU,2605
RU-2605-H24-12997,779,UNIPI,H24,NIDUM,RU,2605
RU-2605-H24-12997,780,NIDUM,H24,KETEM,RU,2605
RU-2605-H24-12997,781,KETEM,H24,ASLEN,RU,2605
RU-2605-H24-12997,782,ASLEN,H24,ERGOL,RU,2605
RU-2605-H24-12997,783,ERGOL,H24,TISOM,RU,2605
RU-2605-H24-12997,784,TISOM,H24,KUSAL,RU,2605
RU-2605-H24-12997,785,KUSAL,H24,BURUD,RU,2605
RU-2605-H24-12997,786,BURUD,H24,ALINO,RU,2605
RU-2605-H24-12997,787,ALINO,H24,SUGUL,RU,2605
RU-2605-H24-12997,788,SUGUL,H24,TUNSA,RU,2605
RU-2605-H24-12997,789,TUNSA,H24,SOROK,RU,2605
RU-2605-H24-12997,790,SOROK,H24,BALED,RU,2605
RU-2605-H24-12997,791,BALED,H24,BERTU,RU,2605
RU-2605-H24-12997,792,BERTU,H24,INBAK,RU,2605
RU-2605-H24-12997,793,INBAK,H24,SIMFEROPOLVORDME,RU,2605
RU-2605-H24-12997,794,SIMFEROPOLVORDME,H24,TITAG,RU,2605
RU-2605-H24-12997,795,TITAG,H24,MABEP,RU,2605
RU-2605-H24-12997,796,MABEP,H24,LOZZA,RU,2605
RU-2605-H24-12997,797,LOZZA,H24,NIRUT,RU,2605
RU-2605-H24-12997,798,NIRUT,H24,ADOTI,RU,2605
RU-2605-H24-12997,799,ADOTI,H24,BAGOG,RU,2605
RU-2605-H24-12997,800,BAGOG,H24,GIMON,RU,2605
RU-2605-H24-12997,801,GIMON,H24,AGATA,RU,2605
RU-2605-H24-12997,802,AGATA,H24,ROTLA,RU,2605
RU-2605-H24-12997,803,ROTLA,H24,PIBOL,RU,2605
RU-2605-H24-12997,804,PIBOL,H24,TILGA,RU,2605
RU-2605-H24-12997,805,TILGA,H24,ORTUP,RU,2605
RU-2605-H24-12997,806,ORTUP,H24,ZUTNA,RU,2605
RU-2605-H24-12997,807,ZUTNA,H24,IFOMA,RU,2605
RU-2605-H24-12997,808,IFOMA,H24,DAMNU,RU,2605
RU-2605-H24-12997,809,DAMNU,H24,UFENI,RU,2605
RU-2605-H24-12997,810,UFENI,H24,IKFON,RU,2605
RU-2605-H24-12997,811,IKFON,H24,ODSEL,RU,2605
RU-2605-H24-12997,812,ODSEL,H24,OGBAS,RU,2605
RU-2605-H24-12997,813,OGBAS,H24,VELZE,RU,2605
RU-2605-H24-12997,814,VELZE,H24,AMEDO,RU,2605
RU-2605-H24-12997,815,AMEDO,H24,ALUPO,RU,2605
RU-2605-H24-12997,816,ALUPO,H24,MUFRI,RU,2605
RU-2605-H24-12997,817,MUFRI,H24,ADMON,RU,2605
RU-2605-H24-12997,818,ADMON,H24,GUDES,RU,2605
RU-2605-H24-12997,819,GUDES,H24,KOMEL,RU,2605
RU-2605-H24-12997,820,KOMEL,H24,ANODI,RU,2605
RU-2605-H24-12997,821,ANODI,H24,MABIR,RU,2605
RU-2605-H24-12997,822,MABIR,H24,RORGU,RU,2605
RU-2605-H24-12997,823,RORGU,H24,OSDEL,RU,2605
RU-2605-H24-12997,824,OSDEL,H24,EKTUT,RU,2605
RU-2605-H24-12997,825,EKTUT,H24,NULNA,RU,2605
RU-2605-H24-12997,826,NULNA,H24,UDAPO,RU,2605
RU-2605-H24-12997,827,UDAPO,H24,TONBU,RU,2605
RU-2605-H24-12997,828,TONBU,H24,DEGAG,RU,2605
RU-2605-H24-12997,829,DEGAG,H24,OKNAN,RU,2605
RU-2605-H24-12997,830,OKNAN,H24,ATBEM,RU,2605
RU-2605-H24-12997,831,ATBEM,H24,IBROT,RU,2605
RU-2605-H24-12997,832,IBROT,H24,BAKOL,RU,2605
RU-2605-H24-12997,833,BAKOL,H24,ROPNA,RU,2605
RU-2605-H24-12997,834,ROPNA,H24,TELNA,RU,2605
RU-2605-H24-12997,835,TELNA,H24,GIRTA,RU,2605
RU-2605-H24-12997,836,GIRTA,H24,PESON,RU,2605
RU-2605-H24-12997,837,PESON,H24,ODAMI,RU,2605
RU-2605-H24-12997,838,ODAMI,H24,ROMBA,RU,2605
RU-2605-H24-12997,839,ROMBA,H24,ORSUN,RU,2605
RU-2605-H24-12997,840,ORSUN,H24,NEDEM,RU,2605
RU-2605-H24-12997,841,NEDEM,H24,TESMA,RU,2605
RU-2605-H24-12997,842,TESMA,H24,TEPIN,RU,2605
RU-2605-H24-12997,843,TEPIN,H24,SUDON,RU,2605
RU-2605-H24-12997,844,SUDON,H24,TALAP,RU,2605
RU-2605-H24-12997,845,TALAP,H24,RABID,RU,2605
RU-2605-H24-12997,846,RABID,H24,NASUM,RU,2605
RU-2605-H24-12997,847,NASUM,H24,ODETA,RU,2605
RU-2605-H24-12997,848,ODETA,H24,RINON,RU,2605
RU-2605-H24-12997,849,RINON,H24,ADELI,RU,2605
RU-2605-H24-12997,850,ADELI,H24,BAMUS,RU,2605
RU-2605-H24-12997,851,BAMUS,H24,LADIK,RU,2605
RU-2605-H24-12997,852,LADIK,H24,LASBA,RU,2605
RU-2605-H24-12997,853,LASBA,H24,BETAM,RU,2605
RU-2605-H24-12997,854,BETAM,H24,PELAK,RU,2605
RU-2605-H24-12997,855,PELAK,H24,MOPES,RU,2605
RU-2605-H24-12997,856,MOPES,H24,OGEMA,RU,2605
RU-2605-H24-12997,857,OGEMA,H24,RUNAS,RU,2605
RU-2605-H24-12997,858,RUNAS,H24,RAMKA,RU,2605
RU-2605-H24-12997,859,RAMKA,H24,UNBEL,RU,2605
RU-2605-H24-12997,860,UNBEL,H24,ABOSU,RU,2605
RU-2605-H24-12997,861,ABOSU,H24,ODNUS,RU,2605
RU-2605-H24-12997,862,ODNUS,H24,BAKNU,RU,2605
RU-2605-H24-12997,863,BAKNU,H24,BODBI,RU,2605
RU-2605-H24-12997,864,BODBI,H24,BANAB,RU,2605
RU-2605-H24-12997,865,BANAB,H24,EPOTI,RU,2605
RU-2605-H24-12997,866,EPOTI,H24,KEDOR,RU,2605
RU-2605-H24-12997,867,KEDOR,H24,SIFIT,RU,2605
RU-2605-H24-12997,868,SIFIT,H24,BETIG,RU,2605
RU-2605-H24-12997,869,BETIG,H24,BEBIR,RU,2605
RU-2605-H24-12997,870,BEBIR,H24,ODNOR,RU,2605
RU-2605-H24-12997,871,ODNOR,H24,VIPRA,RU,2605
RU-2605-H24-12997,872,VIPRA,H24,NENUS,RU,2605
RU-2605-H24-12997,873,NENUS,H24,ARLIP,RU,2605
RU-2605-H24-12997,874,ARLIP,H24,SORIB,RU,2605
RU-2605-H24-12997,875,SORIB,H24,SONKA,RU,2605
RU-2605-H24-12997,876,SONKA,H24,VEREL,RU,2605
RU-2605-H24-12997,877,VEREL,H24,NOGLO,RU,2605
RU-2605-H24-12997,878,NOGLO,H24,RALON,RU,2605
RU-2605-H24-12997,879,RALON,H24,TURMA,RU,2605
RU-2605-H24-12997,880,TURMA,H24,OKONI,RU,2605
RU-2605-H24-12997,881,OKONI,H24,MOKIT,RU,2605
RU-2605-H24-12997,882,MOKIT,H24,SUMES,RU,2605
RU-2605-H24-12997,883,SUMES,H24,LEBNA,RU,2605
RU-2605-H24-12997,884,LEBNA,H24,RIRAB,RU,2605
RU-2605-H24-12997,885,RIRAB,H24,OTVUT,RU,2605
RU-2605-H24-12997,886,OTVUT,H24,POZEL,RU,2605
RU-2605-H24-12997,887,POZEL,H24,VUKLE,RU,2605
RU-2605-H24-12997,888,VUKLE,H24,UDPUR,RU,2605
RU-2605-H24-12997,889,UDPUR,H24,ERGES,RU,2605
RU-2605-H24-12997,890,ERGES,H24,TULSO,RU,2605
RU-2605-H24-12997,891,TULSO,H24,GOMAK,RU,2605
RU-2605-H24-12997,892,GOMAK,H24,EKNOL,RU,2605
RU-2605-H24-12997,893,EKNOL,H24,PEKUN,RU,2605
RU-2605-H24-12997,894,PEKUN,H24,RENAT,RU,2605
RU-2605-H24-12997,895,RENAT,H24,KULEM,RU,2605
RU-2605-H24-12997,896,KULEM,H24,PEVAT,RU,2605
RU-2605-H24-12997,897,PEVAT,H24,PIDIT,RU,2605
RU-2605-H24-12997,898,PIDIT,H24,TOTMA,RU,2605
RU-2605-H24-12997,899,TOTMA,H24,DOLOT,RU,2605
RU-2605-H24-12997,900,DOLOT,H24,ROMOK,RU,2605
RU-2605-H24-12997,901,ROMOK,H24,INKOM,RU,2605
RU-2605-H24-12997,902,INKOM,H24,TISNI,RU,2605
RU-2605-H24-12997,903,TISNI,H24,IDPIS,RU,2605
RU-2605-H24-12997,904,IDPIS,H24,RAMUT,RU,2605
RU-2605-H24-12997,905,RAMUT,H24,ABABO,RU,2605
RU-2605-H24-12997,906,ABABO,H24,OLOPI,RU,2605
RU-2605-H24-12997,907,OLOPI,H24,SL,RU,2605
RU-2605-H24-12997,908,SL,H24,ST,RU,2605
RU-2605-H24-12997,909,ST,H24,INBAL,RU,2605
RU-2605-H24-12997,910,INBAL,H24,NIBIM,RU,2605
RU-2605-H24-12997,911,NIBIM,H24,ALUGU,RU,2605
RU-2605-H24-12997,912,ALUGU,H24,BAKSU,RU,2605
RU-2605-H24-12997,913,BAKSU,H24,KEPED,RU,2605
RU-2605-H24-12997,914,KEPED,H24,OSLAK,RU,2605
RU-2605-H24-12997,915,OSLAK,H24,ROKUB,RU,2605
RU-2605-H24-12997,916,ROKUB,H24,UTITO,RU,2605
RU-2605-H24-12997,917,UTITO,H24,MINMA,RU,2605
RU-2605-H24-12997,918,MINMA,H24,OSBOB,RU,2605
RU-2605-H24-12997,919,OSBOB,H24,NEGMU,RU,2605
RU-2605-H24-12997,920,NEGMU,H24,USEMU,RU,2605
RU-2605-H24-12997,921,USEMU,H24,GIDLI,RU,2605
RU-2605-H24-12997,922,GIDLI,H24,REMPU,RU,2605
RU-2605-H24-12997,923,REMPU,H24,NUDKO,RU,2605
RU-2605-H24-12997,924,NUDKO,H24,UDAPI,RU,2605
RU-2605-H24-12997,925,UDAPI,H24,INBAP,RU,2605
RU-2605-H24-12997,926,INBAP,H24,INRON,RU,2605
RU-2605-H24-12997,927,INRON,H24,OKBOR,RU,2605
RU-2605-H24-12997,928,OKBOR,H24,TURAL,RU,2605
RU-2605-H24-12997,929,TURAL,H24,LEDUN,RU,2605
RU-2605-H24-12997,930,LEDUN,H24,VEKIL,RU,2605
RU-2605-H24-12997,931,VEKIL,H24,RUSOR,RU,2605
RU-2605-H24-12997,932,RUSOR,H24,BERUD,RU,2605
RU-2605-H24-12997,933,BERUD,H24,SUNIP,RU,2605
RU-2605-H24-12997,934,SUNIP,H24,GITRU,RU,2605
RU-2605-H24-12997,935,GITRU,H24,GEBTA,RU,2605
RU-2605-H24-12997,936,GEBTA,H24,ODIPA,RU,2605
RU-2605-H24-12997,937,ODIPA,H24,LETSA,RU,2605
RU-2605-H24-12997,938,LETSA,H24,INRUK,RU,2605
RU-2605-H24-12997,939,INRUK,H24,MAPEG,RU,2605
RU-2605-H24-12997,940,MAPEG,H24,UMOLA,RU,2605
RU-2605-H24-12997,941,UMOLA,H24,MOROG,RU,2605
RU-2605-H24-12997,942,MOROG,H24,PAKLI,RU,2605
RU-2605-H24-12997,943,PAKLI,H24,URABI,RU,2605
RU-2605-H24-12997,944,URABI,H24,KIRUN,RU,2605
RU-2605-H24-12997,945,KIRUN,H24,NIKSI,RU,2605
RU-2605-H24-12997,946,NIKSI,H24,DIPMA,RU,2605
RU-2605-H24-12997,947,DIPMA,H24,OGISA,RU,2605
RU-2605-H24-12997,948,OGISA,H24,ODORA,RU,2605
RU-2605-H24-12997,949,ODORA,H24,BOKNA,RU,2605
RU-2605-H24-12997,950,BOKNA,H24,ROMEM,RU,2605
RU-2605-H24-12997,951,ROMEM,H24,OLAMA,RU,2605
RU-2605-H24-12997,952,OLAMA,H24,TUNUN,RU,2605
RU-2605-H24-12997,953,TUNUN,H24,TIRIS,RU,2605
RU-2605-H24-12997,954,TIRIS,H24,RUDOS,RU,2605
RU-2605-H24-12997,955,RUDOS,H24,LUKAM,RU,2605
RU-2605-H24-12997,956,LUKAM,H24,NOSTI,RU,2605
RU-2605-H24-12997,957,NOSTI,H24,GUBIS,RU,2605
RU-2605-H24-12997,958,GUBIS,H24,ANIMO,RU,2605
RU-2605-H24-12997,959,ANIMO,H24,MAGNITOGORSKVORDME,RU,2605
RU-2605-H24-12997,960,MAGNITOGORSKVORDME,H24,NERNI,RU,2605
RU-2605-H24-12997,961,NERNI,H24,ROGMU,RU,2605
RU-2605-H24-12997,962,ROGMU,H24,RUSUR,RU,2605
RU-2605-H24-12997,963,RUSUR,H24,SALEKHARDVORDME,RU,2605
RU-2605-H24-12997,964,SALEKHARDVORDME,H24,KIRZI,RU,2605
RU-2605-H24-12997,965,KIRZI,H24,VATRE,RU,2605
RU-2605-H24-12997,966,VATRE,H24,NARYANMARVORDME,RU,2605
RU-2605-H24-12997,967,NARYANMARVORDME,H24,BLAGO,RU,2605
RU-2605-H24-12997,968,BLAGO,H24,IZEVA,RU,2605
RU-2605-H24-12997,969,IZEVA,H24,ODIMA,RU,2605
RU-2605-H24-12997,970,ODIMA,H24,KELEK,RU,2605
RU-2605-H24-12997,971,KELEK,H24,NISEN,RU,2605
RU-2605-H24-12997,972,NISEN,H24,NUTLA,RU,2605
RU-2605-H24-12997,973,NUTLA,H24,BALUD,RU,2605
RU-2605-H24-12997,974,BALUD,H24,TUMOM,RU,2605
RU-2605-H24-12997,975,TUMOM,H24,IDIMA,RU,2605
RU-2605-H24-12997,976,IDIMA,H24,BEKOP,RU,2605
RU-2605-H24-12997,977,BEKOP,H24,GILIK,RU,2605
RU-2605-H24-12997,978,GILIK,H24,RUMUB,RU,2605
RU-2605-H24-12997,979,RUMUB,H24,RITAK,RU,2605
RU-2605-H24-12997,980,RITAK,H24,KENEL,RU,2605
RU-2605-H24-12997,981,KENEL,H24,ARKOL,RU,2605
RU-2605-H24-12997,982,ARKOL,H24,LUNAD,RU,2605
RU-2605-H24-12997,983,LUNAD,H24,UDADI,RU,2605
RU-2605-H24-12997,984,UDADI,H24,BAMOL,RU,2605
RU-2605-H24-12997,985,BAMOL,H24,PITUG,RU,2605
RU-2605-H24-12997,986,PITUG,H24,ABGIR,RU,2605
RU-2605-H24-12997,987,ABGIR,H24,OTLIM,RU,2605
RU-2605-H24-12997,988,OTLIM,H24,AKANI,RU,2605
RU-2605-H24-12997,989,AKANI,H24,LUNIB,RU,2605
RU-2605-H24-12997,990,LUNIB,H24,GIRAN,RU,2605
RU-2605-H24-12997,991,GIRAN,H24,PIRAL,RU,2605
RU-2605-H24-12997,992,PIRAL,H24,EMGOL,RU,2605
RU-2605-H24-12997,993,EMGOL,H24,SUMOG,RU,2605
RU-2605-H24-12997,994,SUMOG,H24,TENLA,RU,2605
RU-2605-H24-12997,995,TENLA,H24,PAREN,RU,2605
RU-2605-H24-12997,996,PAREN,H24,MAVUN,RU,2605
RU-2605-H24-12997,997,MAVUN,H24,DEPOR,RU,2605
RU-2605-H24-12997,998,DEPOR,H24,BAPRI,RU,2605
RU-2605-H24-12997,999,BAPRI,H24,NEBKA,RU,2605
RU-2605-H24-12997,1000,NEBKA,H24,LUTEL,RU,2605
RU-2605-H24-12997,1001,LUTEL,H24,TD,RU,2605
RU-2605-H24-12997,1002,TD,H24,CHITAVORDME,RU,2605
RU-2605-H24-12997,1003,CHITAVORDME,H24,DIKRA,RU,2605
RU-2605-H24-12997,1004,DIKRA,H24,NEGNI,RU,2605
RU-2605-H24-12997,1005,NEGNI,H24,ARKAN,RU,2605
RU-2605-H24-12997,1006,ARKAN,H24,OBUKA,RU,2605
RU-2605-H24-12997,1007,OBUKA,H24,GIKOS,RU,2605
RU-2605-H24-12997,1008,GIKOS,H24,RIMEG,RU,2605
RU-2605-H24-12997,1009,RIMEG,H24,SOPON,RU,2605
RU-2605-H24-12997,1010,SOPON,H24,IRLAK,RU,2605
RU-2605-H24-12997,1011,IRLAK,H24,NEKUT,RU,2605
RU-2605-H24-12997,1012,NEKUT,H24,OLGEN,RU,2605
RU-2605-H24-12997,1013,OLGEN,H24,GOMUN,RU,2605
RU-2605-H24-12997,1014,GOMUN,H24,NALEB,RU,2605
RU-2605-H24-12997,1015,NALEB,H24,ODENA,RU,2605
RU-2605-H24-12997,1016,ODENA,H24,ULTUR,RU,2605
RU-2605-H24-12997,1017,ULTUR,H24,MOKET,RU,2605
RU-2605-H24-12997,1018,MOKET,H24,ARNUP,RU,2605
RU-2605-H24-12997,1019,ARNUP,H24,ADLAT,RU,2605
RU-2605-H24-12997,1020,ADLAT,H24,MOMES,RU,2605
RU-2605-H24-12997,1021,MOMES,H24,LUSAK,RU,2605
RU-2605-H24-12997,1022,LUSAK,H24,NIKOLAYEVSKNAAMURE,RU,2605
RU-2605-H24-12997,1023,NIKOLAYEVSKNAAMURE,H24,ODEPI,RU,2605
RU-2605-H24-12997,1024,ODEPI,H24,MASET,RU,2605
RU-2605-H24-12997,1025,MASET,H24,ABOMA,RU,2605
RU-2605-H24-12997,1026,ABOMA,H24,DIVIL,RU,2605
RU-2605-H24-12997,1027,DIVIL,H24,OSMIN,RU,2605
RU-2605-H24-12997,1028,OSMIN,H24,BIGET,RU,2605
RU-2605-H24-12997,1029,BIGET,H24,SAMIK,RU,2605
RU-2605-H24-12997,1030,SAMIK,H24,PETIN,RU,2605
RU-2605-H24-12997,1031,PETIN,H24,PIRUT,RU,2605
RU-2605-H24-12997,1032,PIRUT,H24,OSTUL,RU,2605
RU-2605-H24-12997,1033,OSTUL,H24,TUSOM,RU,2605
RU-2605-H24-12997,1034,TUSOM,H24,RAPAK,RU,2605
RU-2605-H24-12997,1035,RAPAK,H24,LITUN,RU,2605
RU-2605-H24-12997,1036,LITUN,H24,ADMUR,RU,2605
RU-2605-H24-12997,1037,ADMUR,H24,UNEKI,RU,2605
RU-2605-H24-12997,1038,UNEKI,H24,RITNA,RU,2605
RU-2605-H24-12997,1039,RITNA,H24,PIGUR,RU,2605
RU-2605-H24-12997,1040,PIGUR,H24,SADER,RU,2605
RU-2605-H24-12997,1041,SADER,H24,TUDMI,RU,2605
RU-2605-H24-12997,1042,TUDMI,H24,OGPAS,RU,2605
RU-2605-H24-12997,1043,OGPAS,H24,OKATI,RU,2605
RU-2605-H24-12997,1044,OKATI,H24,POBEM,RU,2605
RU-2605-H24-12997,1045,POBEM,H24,RAMUG,RU,2605
RU-2605-H24-12997,1046,RAMUG,H24,PEPOR,RU,2605
RU-2605-H24-12997,1047,PEPOR,H24,TUKMO,RU,2605
RU-2605-H24-12997,1048,TUKMO,H24,KOKAD,RU,2605
RU-2605-H24-12997,1049,KOKAD,H24,IRGOS,RU,2605
RU-2605-H24-12997,1050,IRGOS,H24,DOGOB,RU,2605
RU-2605-H24-12997,1051,DOGOB,H24,LINRU,RU,2605
RU-2605-H24-12997,1052,LINRU,H24,OSPER,RU,2605
RU-2605-H24-12997,1053,OSPER,H24,MAGOK,RU,2605
RU-2605-H24-12997,1054,MAGOK,H24,ODRIL,RU,2605
RU-2605-H24-12997,1055,ODRIL,H24,OGALA,RU,2605
RU-2605-H24-12997,1056,OGALA,H24,LUGIL,RU,2605
RU-2605-H24-12997,1057,LUGIL,H24,NEGLE,RU,2605
RU-2605-H24-12997,1058,NEGLE,H24,OLMUN,RU,2605
RU-2605-H24-12997,1059,OLMUN,H24,INLEN,RU,2605
RU-2605-H24-12997,1060,INLEN,H24,NIPRA,RU,2605
RU-2605-H24-12997,1061,NIPRA,H24,TUNAL,RU,2605
RU-2605-H24-12997,1062,TUNAL,H24,ABLOR,RU,2605
RU-2605-H24-12997,1063,ABLOR,H24,GEPLA,RU,2605
RU-2605-H24-12997,1064,GEPLA,H24,ABELO,RU,2605
RU-2605-H24-12997,1065,ABELO,H24,URMAN,RU,2605
RU-2605-H24-12997,1066,URMAN,H24,GISOT,RU,2605
RU-2605-H24-12997,1067,GISOT,H24,ARMEK,RU,2605
RU-2605-H24-12997,1068,ARMEK,H24,ZORKI,RU,2605
RU-2605-H24-12997,1069,ZORKI,H24,DIGAP,RU,2605
RU-2605-H24-12997,1070,DIGAP,H24,NIZHNEVARTOVSKDVORDME,RU,2605
RU-2605-H24-12997,1071,NIZHNEVARTOVSKDVORDME,H24,PAROM,RU,2605
RU-2605-H24-12997,1072,PAROM,H24,SOREB,RU,2605
RU-2605-H24-12997,1073,SOREB,H24,SOTIM,RU,2605
RU-2605-H24-12997,1074,SOTIM,H24,CE,RU,2605
RU-2605-H24-12997,1075,CE,H24,RONIK,RU,2605
RU-2605-H24-12997,1076,RONIK,H24,NOVRA,RU,2605
RU-2605-H24-12997,1077,NOVRA,H24,SURIP,RU,2605
RU-2605-H24-12997,1078,SURIP,H24,USOPA,RU,2605
RU-2605-H24-12997,1079,USOPA,H24,RO,RU,2605
RU-2605-H24-12997,1080,RO,H24,IMNUS,RU,2605
RU-2605-H24-12997,1081,IMNUS,H24,LONTE,RU,2605
RU-2605-H24-12997,1082,LONTE,H24,RISAT,RU,2605
RU-2605-H24-12997,1083,RISAT,H24,KOLET,RU,2605
RU-2605-H24-12997,1084,KOLET,H24,IBTAR,RU,2605
RU-2605-H24-12997,1085,IBTAR,H24,BUSIM,RU,2605
RU-2605-H24-12997,1086,BUSIM,H24,GOBTO,RU,2605
RU-2605-H24-12997,1087,GOBTO,H24,ARNAP,RU,2605
RU-2605-H24-12997,1088,ARNAP,H24,MONOG,RU,2605
RU-2605-H24-12997,1089,MONOG,H24,GOPNA,RU,2605
RU-2605-H24-12997,1090,GOPNA,H24,RUKAR,RU,2605
RU-2605-H24-12997,1091,RUKAR,H24,BISMA,RU,2605
RU-2605-H24-12997,1092,BISMA,H24,BANOT,RU,2605
RU-2605-H24-12997,1093,BANOT,H24,OVGAR,RU,2605
RU-2605-H24-12997,1094,OVGAR,H24,RELDI,RU,2605
RU-2605-H24-12997,1095,RELDI,H24,DIREB,RU,2605
RU-2605-H24-12997,1096,DIREB,H24,SOPIN,RU,2605
RU-2605-H24-12997,1097,SOPIN,H24,NILOT,RU,2605
RU-2605-H24-12997,1098,NILOT,H24,GITAK,RU,2605
RU-2605-H24-12997,1099,GITAK,H24,KUNON,RU,2605
RU-2605-H24-12997,1100,KUNON,H24,LUPAT,RU,2605
RU-2605-H24-12997,1101,LUPAT,H24,OBUTA,RU,2605
RU-2605-H24-12997,1102,OBUTA,H24,IBOLI,RU,2605
RU-2605-H24-12997,1103,IBOLI,H24,OLGIR,RU,2605
RU-2605-H24-12997,1104,OLGIR,H24,SUKOP,RU,2605
RU-2605-H24-12997,1105,SUKOP,H24,LAPNI,RU,2605
RU-2605-H24-12997,1106,LAPNI,H24,BESPA,RU,2605
RU-2605-H24-12997,1107,BESPA,H24,OGNIT,RU,2605
RU-2605-H24-12997,1108,OGNIT,H24,PENOK,RU,2605
RU-2605-H24-12997,1109,PENOK,H24,ODEKA,RU,2605
RU-2605-H24-12997,1110,ODEKA,H24,MAGIT,RU,2605
RU-2605-H24-12997,1111,MAGIT,H24,PIRUS,RU,2605
RU-2605-H24-12997,1112,PIRUS,H24,TULGI,RU,2605
RU-2605-H24-12997,1113,TULGI,H24,SUGIN,RU,2605
RU-2605-H24-12997,1114,SUGIN,H24,RIPUT,RU,2605
RU-2605-H24-12997,1115,RIPUT,H24,OLIRU,RU,2605
RU-2605-H24-12997,1116,OLIRU,H24,DIVDO,RU,2605
RU-2605-H24-12997,1117,DIVDO,H24,ABOBA,RU,2605
RU-2605-H24-12997,1118,ABOBA,H24,NUGBI,RU,2605
RU-2605-H24-12997,1119,NUGBI,H24,TOSPI,RU,2605
RU-2605-H24-12997,1120,TOSPI,H24,RUBMA,RU,2605
RU-2605-H24-12997,1121,RUBMA,H24,SURER,RU,2605
RU-2605-H24-12997,1122,SURER,H24,SUNAD,RU,2605
RU-2605-H24-12997,1123,SUNAD,H24,OKTIL,RU,2605
RU-2605-H24-12997,1124,OKTIL,H24,ABODI,RU,2605
RU-2605-H24-12997,1125,ABODI,H24,DETEG,RU,2605
RU-2605-H24-12997,1126,DETEG,H24,PITET,RU,2605
RU-2605-H24-12997,1127,PITET,H24,LUNOG,RU,2605
RU-2605-H24-12997,1128,LUNOG,H24,ATROD,RU,2605
RU-2605-H24-12997,1129,ATROD,H24,NIDEN,RU,2605
RU-2605-H24-12997,1130,NIDEN,H24,OLEMU,RU,2605
RU-2605-H24-12997,1131,OLEMU,H24,NIROB,RU,2605
RU-2605-H24-12997,1132,NIROB,H24,ASTAK,RU,2605
RU-2605-H24-12997,1133,ASTAK,H24,UTUKI,RU,2605
RU-2605-H24-12997,1134,UTUKI,H24,IPTER,RU,2605
RU-2605-H24-12997,1135,IPTER,H24,RUDBA,RU,2605
RU-2605-H24-12997,1136,RUDBA,H24,LULIR,RU,2605
RU-2605-H24-12997,1137,LULIR,H24,KEMED,RU,2605
RU-2605-H24-12997,1138,KEMED,H24,OLMIN,RU,2605
RU-2605-H24-12997,1139,OLMIN,H24,RIRMA,RU,2605
RU-2605-H24-12997,1140,RIRMA,H24,OKMIB,RU,2605
RU-2605-H24-12997,1141,OKMIB,H24,OMOMA,RU,2605
RU-2605-H24-12997,1142,OMOMA,H24,GUDOR,RU,2605
RU-2605-H24-12997,1143,GUDOR,H24,INSUP,RU,2605
RU-2605-H24-12997,1144,INSUP,H24,LOGRI,RU,2605
RU-2605-H24-12997,1145,LOGRI,H24,OSPAT,RU,2605
RU-2605-H24-12997,1146,OSPAT,H24,LOGMO,RU,2605
RU-2605-H24-12997,1147,LOGMO,H24,ARTUN,RU,2605
RU-2605-H24-12997,1148,ARTUN,H24,TALER,RU,2605
RU-2605-H24-12997,1149,TALER,H24,OBANA,RU,2605
RU-2605-H24-12997,1150,OBANA,H24,DITEL,RU,2605
RU-2605-H24-12997,1151,DITEL,H24,OLATU,RU,2605
RU-2605-H24-12997,1152,OLATU,H24,NENVA,RU,2605
RU-2605-H24-12997,1153,NENVA,H24,ARLUM,RU,2605
RU-2605-H24-12997,1154,ARLUM,H24,TIPID,RU,2605
RU-2605-H24-12997,1155,TIPID,H24,DEMAK,RU,2605
RU-2605-H24-12997,1156,DEMAK,H24,KELIM,RU,2605
RU-2605-H24-12997,1157,KELIM,H24,GIRUS,RU,2605
RU-2605-H24-12997,1158,GIRUS,H24,TABUS,RU,2605
RU-2605-H24-12997,1159,TABUS,H24,OKSUS,RU,2605
RU-2605-H24-12997,1160,OKSUS,H24,LUPUD,RU,2605
RU-2605-H24-12997,1161,LUPUD,H24,DONIT,RU,2605
RU-2605-H24-12997,1162,DONIT,H24,SALAK,RU,2605
RU-2605-H24-12997,1163,SALAK,H24,OSKUK,RU,2605
RU-2605-H24-12997,1164,OSKUK,H24,SUPAN,RU,2605
RU-2605-H24-12997,1165,SUPAN,H24,OGIRI,RU,2605
RU-2605-H24-12997,1166,OGIRI,H24,BEKIB,RU,2605
RU-2605-H24-12997,1167,BEKIB,H24,LANIM,RU,2605
RU-2605-H24-12997,1168,LANIM,H24,NILRI,RU,2605
RU-2605-H24-12997,1169,NILRI,H24,SULOP,RU,2605
RU-2605-H24-12997,1170,SULOP,H24,KEDUK,RU,2605
RU-2605-H24-12997,1171,KEDUK,H24,ABMAG,RU,2605
RU-2605-H24-12997,1172,ABMAG,H24,OTRIT,RU,2605
RU-2605-H24-12997,1173,OTRIT,H24,GUGLI,RU,2605
RU-2605-H24-12997,1174,GUGLI,H24,GIMAR,RU,2605
RU-2605-H24-12997,1175,GIMAR,H24,MASOM,RU,2605
RU-2605-H24-12997,1176,MASOM,H24,RATPI,RU,2605
RU-2605-H24-12997,1177,RATPI,H24,ARGUT,RU,2605
RU-2605-H24-12997,1178,ARGUT,H24,DIREK,RU,2605
RU-2605-H24-12997,1179,DIREK,H24,NAPED,RU,2605
RU-2605-H24-12997,1180,NAPED,H24,GABAL,RU,2605
RU-2605-H24-12997,1181,GABAL,H24,DISEG,RU,2605
RU-2605-H24-12997,1182,DISEG,H24,TELOK,RU,2605
RU-2605-H24-12997,1183,TELOK,H24,ERNIK,RU,2605
RU-2605-H24-12997,1184,ERNIK,H24,NOKID,RU,2605
RU-2605-H24-12997,1185,NOKID,H24,BE,RU,2605
RU-2605-H24-12997,1186,BE,H24,BALUR,RU,2605
RU-2605-H24-12997,1187,BALUR,H24,OKLED,RU,2605
RU-2605-H24-12997,1188,OKLED,H24,LUTEG,RU,2605
RU-2605-H24-12997,1189,LUTEG,H24,DELAM,RU,2605
RU-2605-H24-12997,1190,DELAM,H24,BANIT,RU,2605
RU-2605-H24-12997,1191,BANIT,H24,OBENA,RU,2605
RU-2605-H24-12997,1192,OBENA,H24,REDNA,RU,2605
RU-2605-H24-12997,1193,REDNA,H24,DOLET,RU,2605
RU-2605-H24-12997,1194,DOLET,H24,NELTA,RU,2605
RU-2605-H24-12997,1195,NELTA,H24,EDONI,RU,2605
RU-2605-H24-12997,1196,EDONI,H24,MITKI,RU,2605
RU-2605-H24-12997,1197,MITKI,H24,BAKUN,RU,2605
RU-2605-H24-12997,1198,BAKUN,H24,GERDO,RU,2605
RU-2605-H24-12997,1199,GERDO,H24,MABOK,RU,2605
RU-2605-H24-12997,1200,MABOK,H24,ROREP,RU,2605
RU-2605-H24-12997,1201,ROREP,H24,ABAGA,RU,2605
RU-2605-H24-12997,1202,ABAGA,H24,GIKSI,RU,2605
RU-2605-H24-12997,1203,GIKSI,H24,RENSO,RU,2605
RU-2605-H24-12997,1204,RENSO,H24,BADRO,RU,2605
RU-2605-H24-12997,1205,BADRO,H24,TINOD,RU,2605
RU-2605-H24-12997,1206,TINOD,H24,DOGOT,RU,2605
RU-2605-H24-12997,1207,DOGOT,H24,VASAP,RU,2605
RU-2605-H24-12997,1208,VASAP,H24,DOSON,RU,2605
RU-2605-H24-12997,1209,DOSON,H24,ADIRI,RU,2605
RU-2605-H24-12997,1210,ADIRI,H24,MISOR,RU,2605
RU-2605-H24-12997,1211,MISOR,H24,OBUSI,RU,2605
RU-2605-H24-12997,1212,OBUSI,H24,BASEB,RU,2605
RU-2605-H24-12997,1213,BASEB,H24,KUSET,RU,2605
RU-2605-H24-12997,1214,KUSET,H24,GT,RU,2605
RU-2605-H24-12997,1215,GT,H24,ORMUT,RU,2605
RU-2605-H24-12997,1216,ORMUT,H24,URENA,RU,2605
RU-2605-H24-12997,1217,URENA,H24,NOLBI,RU,2605
RU-2605-H24-12997,1218,NOLBI,H24,BAGIK,RU,2605
RU-2605-H24-12997,1219,BAGIK,H24,BENIG,RU,2605
RU-2605-H24-12997,1220,BENIG,H24,UNOMA,RU,2605
RU-2605-H24-12997,1221,UNOMA,H24,CHAPAYEV,RU,2605
RU-2605-H24-12997,1222,CHAPAYEV,H24,IPMAN,RU,2605
RU-2605-H24-12997,1223,IPMAN,H24,GOKTI,RU,2605
RU-2605-H24-12997,1224,GOKTI,H24,BAPNA,RU,2605
RU-2605-H24-12997,1225,BAPNA,H24,PELNE,RU,2605
RU-2605-H24-12997,1226,PELNE,H24,GEKPA,RU,2605
RU-2605-H24-12997,1227,GEKPA,H24,NATOP,RU,2605
RU-2605-H24-12997,1228,NATOP,H24,IDGEK,RU,2605
RU-2605-H24-12997,1229,IDGEK,H24,LADOD,RU,2605
RU-2605-H24-12997,1230,LADOD,H24,PILEN,RU,2605
RU-2605-H24-12997,1231,PILEN,H24,UGLAD,RU,2605
RU-2605-H24-12997,1232,UGLAD,H24,OLNIP,RU,2605
RU-2605-H24-12997,1233,OLNIP,H24,RAPIT,RU,2605
RU-2605-H24-12997,1234,RAPIT,H24,NISUT,RU,2605
RU-2605-H24-12997,1235,NISUT,H24,NALID,RU,2605
RU-2605-H24-12997,1236,NALID,H24,NIRUR,RU,2605
RU-2605-H24-12997,1237,NIRUR,H24,SOGTA,RU,2605
RU-2605-H24-12997,1238,SOGTA,H24,MANAM,RU,2605
RU-2605-H24-12997,1239,MANAM,H24,TOKNO,RU,2605
RU-2605-H24-12997,1240,TOKNO,H24,OBABI,RU,2605
RU-2605-H24-12997,1241,OBABI,H24,APVUL,RU,2605
RU-2605-H24-12997,1242,APVUL,H24,NIMTA,RU,2605
RU-2605-H24-12997,1243,NIMTA,H24,USINO,RU,2605
RU-2605-H24-12997,1244,USINO,H24,IBSOM,RU,2605
RU-2605-H24-12997,1245,IBSOM,H24,PENZAVORDME,RU,2605
RU-2605-H24-12997,1246,PENZAVORDME,H24,TUTED,RU,2605
RU-2605-H24-12997,1247,TUTED,H24,BAMIG,RU,2605
RU-2605-H24-12997,1248,BAMIG,H24,TAKIB,RU,2605
RU-2605-H24-12997,1249,TAKIB,H24,SEKME,RU,2605
RU-2605-H24-12997,1250,SEKME,H24,UNABI,RU,2605
RU-2605-H24-12997,1251,UNABI,H24,GEMKI,RU,2605
RU-2605-H24-12997,1252,GEMKI,H24,NUTNO,RU,2605
RU-2605-H24-12997,1253,NUTNO,H24,BAKAP,RU,2605
RU-2605-H24-12997,1254,BAKAP,H24,LEKBO,RU,2605
RU-2605-H24-12997,1255,LEKBO,H24,NAMUD,RU,2605
RU-2605-H24-12997,1256,NAMUD,H24,OBINI,RU,2605
RU-2605-H24-12997,1257,OBINI,H24,DOGUR,RU,2605
RU-2605-H24-12997,1258,DOGUR,H24,KUPOK,RU,2605
RU-2605-H24-12997,1259,KUPOK,H24,IDLET,RU,2605
RU-2605-H24-12997,1260,IDLET,H24,URUKA,RU,2605
RU-2605-H24-12997,1261,URUKA,H24,RAFLA,RU,2605
RU-2605-H24-12997,1262,RAFLA,H24,GITEK,RU,2605
RU-2605-H24-12997,1263,GITEK,H24,NIBIR,RU,2605
RU-2605-H24-12997,1264,NIBIR,H24,OLNAD,RU,2605
RU-2605-H24-12997,1265,OLNAD,H24,PELAP,RU,2605
RU-2605-H24-12997,1266,PELAP,H24,SOMOG,RU,2605
RU-2605-H24-12997,1267,SOMOG,H24,DIBGA,RU,2605
RU-2605-H24-12997,1268,DIBGA,H24,IPNAS,RU,2605
RU-2605-H24-12997,1269,IPNAS,H24,OSBAM,RU,2605
RU-2605-H24-12997,1270,OSBAM,H24,TEDKI,RU,2605
RU-2605-H24-12997,1271,TEDKI,H24,DENUD,RU,2605
RU-2605-H24-12997,1272,DENUD,H24,GUDED,RU,2605
RU-2605-H24-12997,1273,GUDED,H24,SOMUG,RU,2605
RU-2605-H24-12997,1274,SOMUG,H24,KORIR,RU,2605
RU-2605-H24-12997,1275,KORIR,H24,OKDIS,RU,2605
RU-2605-H24-12997,1276,OKDIS,H24,NEREP,RU,2605
RU-2605-H24-12997,1277,NEREP,H24,RORGO,RU,2605
RU-2605-H24-12997,1278,RORGO,H24,OSBOT,RU,2605
RU-2605-H24-12997,1279,OSBOT,H24,ODEBA,RU,2605
RU-2605-H24-12997,1280,ODEBA,H24,LANUD,RU,2605
RU-2605-H24-12997,1281,LANUD,H24,AGMUT,RU,2605
RU-2605-H24-12997,1282,AGMUT,H24,ATROB,RU,2605
RU-2605-H24-12997,1283,ATROB,H24,TUBNI,RU,2605
RU-2605-H24-12997,1284,TUBNI,H24,RELNI,RU,2605
RU-2605-H24-12997,1285,RELNI,H24,GOGIM,RU,2605
RU-2605-H24-12997,1286,GOGIM,H24,NANUD,RU,2605
RU-2605-H24-12997,1287,NANUD,H24,TOBMA,RU,2605
RU-2605-H24-12997,1288,TOBMA,H24,BEMOT,RU,2605
RU-2605-H24-12997,1289,BEMOT,H24,VUDGE,RU,2605
RU-2605-H24-12997,1290,VUDGE,H24,RILBI,RU,2605
RU-2605-H24-12997,1291,RILBI,H24,DOBAM,RU,2605
RU-2605-H24-12997,1292,DOBAM,H24,NOKEZ,RU,2605
RU-2605-H24-12997,1293,NOKEZ,H24,OTMOL,RU,2605
RU-2605-H24-12997,1294,OTMOL,H24,OTNAK,RU,2605
RU-2605-H24-20710,1,ESOGA,H24,ASGOR,RU,2605
RU-2605-H24-20710,2,ASGOR,H24,RAMUG,RU,2605
RU-2605-H24-20710,3,RAMUG,H24,ULMER,RU,2605
RU-2605-H24-20710,4,ULMER,H24,KROTA,RU,2605
RU-2605-H24-20710,5,KROTA,H24,NUDKO,RU,2605
RU-2605-H24-20710,6,NUDKO,H24,PELOB,RU,2605
RU-2605-H24-20710,7,PELOB,H24,IBOGI,RU,2605
RU-2605-H24-20710,8,IBOGI,H24,INLEN,RU,2605
RU-2605-H24-20710,9,INLEN,H24,OLATU,RU,2605
RU-2605-H24-20710,10,OLATU,H24,POGAS,RU,2605
RU-2605-H24-20710,11,POGAS,H24,TUNEG,RU,2605
RU-2605-H24-20710,12,TUNEG,H24,DEGOP,RU,2605
RU-2605-H24-20710,13,DEGOP,H24,GOBOM,RU,2605
RU-2605-H24-20710,14,GOBOM,H24,ABLES,RU,2605
RU-2605-H24-20710,15,ABLES,H24,BIKBA,RU,2605
RU-2605-H24-20710,16,BIKBA,H24,SIGFA,RU,2605
RU-2605-H24-20710,17,SIGFA,H24,TIPNA,RU,2605
RU-2605-H24-20710,18,TIPNA,H24,VEVUG,RU,2605
RU-2605-H24-20710,19,VEVUG,H24,ODEDA,RU,2605
RU-2605-H24-20710,20,ODEDA,H24,NIMRE,RU,2605
RU-2605-H24-20710,21,NIMRE,H24,ADLIN,RU,2605
RU-2605-H24-20710,22,ADLIN,H24,GIPEN,RU,2605
RU-2605-H24-20710,23,GIPEN,H24,PIGOM,RU,2605
RU-2605-H24-20710,24,PIGOM,H24,INDOS,RU,2605
RU-2605-H24-20710,25,INDOS,H24,INLID,RU,2605
RU-2605-H24-20710,26,INLID,H24,BEBDA,RU,2605
RU-2605-H24-20710,27,BEBDA,H24,ODLON,RU,2605
RU-2605-H24-20710,28,ODLON,H24,OTRIB,RU,2605
RU-2605-H24-20710,29,OTRIB,H24,TUTAG,RU,2605
RU-2605-H24-20710,30,TUTAG,H24,SORUT,RU,2605
RU-2605-H24-20710,31,SORUT,H24,OBEGA,RU,2605
RU-2605-H24-20710,32,OBEGA,H24,OTLES,RU,2605
RU-2605-H24-20710,33,OTLES,H24,MOVIT,RU,2605
RU-2605-H24-20710,34,MOVIT,H24,ARMAD,RU,2605
RU-2605-H24-20710,35,ARMAD,H24,KANON,RU,2605
RU-2605-H24-20710,36,KANON,H24,RUNUD,RU,2605
RU-2605-H24-20710,37,RUNUD,H24,NIBIM,RU,2605
RU-2605-H24-20710,38,NIBIM,H24,PEPOR,RU,2605
RU-2605-H24-20710,39,PEPOR,H24,RUTUB,RU,2605
RU-2605-H24-20710,40,RUTUB,H24,RINGU,RU,2605
RU-2605-H24-20710,41,RINGU,H24,NERAP,RU,2605
RU-2605-H24-20710,42,NERAP,H24,OSDAS,RU,2605
RU-2605-H24-20710,43,OSDAS,H24,GAKLU,RU,2605
RU-2605-H24-20710,44,GAKLU,H24,LALEP,RU,2605
RU-2605-H24-20710,45,LALEP,H24,EKMEN,RU,2605
RU-2605-H24-20710,46,EKMEN,H24,BENAP,RU,2605
RU-2605-H24-20710,47,BENAP,H24,GOGIN,RU,2605
RU-2605-H24-20710,48,GOGIN,H24,PODUT,RU,2605
RU-2605-H24-20710,49,PODUT,H24,KORIR,RU,2605
RU-2605-H24-20710,50,KORIR,H24,LOPDA,RU,2605
RU-2605-H24-20710,51,LOPDA,H24,LETLA,RU,2605
RU-2605-H24-20710,52,LETLA,H24,UDATA,RU,2605
RU-2605-H24-20710,53,UDATA,H24,SAMARAKURUMOCH,RU,2605
RU-2605-H24-20710,54,SAMARAKURUMOCH,H24,TUPAM,RU,2605
RU-2605-H24-20710,55,TUPAM,H24,REDMI,RU,2605
RU-2605-H24-20710,56,REDMI,H24,ULYANOVSKBARATAYEVKA,RU,2605
RU-2605-H24-20710,57,ULYANOVSKBARATAYEVKA,H24,DOGIT,RU,2605
RU-2605-H24-20710,58,DOGIT,H24,ARPUD,RU,2605
RU-2605-H24-20710,59,ARPUD,H24,OKSUD,RU,2605
RU-2605-H24-20710,60,OKSUD,H24,AMSAL,RU,2605
RU-2605-H24-20710,61,AMSAL,H24,SIVNI,RU,2605
RU-2605-H24-20710,62,SIVNI,H24,ORSOP,RU,2605
RU-2605-H24-20710,63,ORSOP,H24,DURTI,RU,2605
RU-2605-H24-20710,64,DURTI,H24,RIRLA,RU,2605
RU-2605-H24-20710,65,RIRLA,H24,AMDOR,RU,2605
RU-2605-H24-20710,66,AMDOR,H24,VELIKIYELUKIVORDME,RU,2605
RU-2605-H24-20710,67,VELIKIYELUKIVORDME,H24,OTRAM,RU,2605
RU-2605-H24-20710,68,OTRAM,H24,GUBIT,RU,2605
RU-2605-H24-20710,69,GUBIT,H24,OBBED,RU,2605
RU-2605-H24-20710,70,OBBED,H24,ATROB,RU,2605
RU-2605-H24-20710,71,ATROB,H24,PEMAS,RU,2605
RU-2605-H24-20710,72,PEMAS,H24,RODUK,RU,2605
RU-2605-H24-20710,73,RODUK,H24,GITIL,RU,2605
RU-2605-H24-20710,74,GITIL,H24,RAMUT,RU,2605
RU-2605-H24-20710,75,RAMUT,H24,GOLRI,RU,2605
RU-2605-H24-20710,76,GOLRI,H24,NATOP,RU,2605
RU-2605-H24-20710,77,NATOP,H24,DEDUG,RU,2605
RU-2605-H24-20710,78,DEDUG,H24,UBELA,RU,2605
RU-2605-H24-20710,79,UBELA,H24,RILPO,RU,2605
RU-2605-H24-20710,80,RILPO,H24,RANTO,RU,2605
RU-2605-H24-20710,81,RANTO,H24,AGBIR,RU,2605
RU-2605-H24-20710,82,AGBIR,H24,MIGRI,RU,2605
RU-2605-H24-20710,83,MIGRI,H24,TUNOB,RU,2605
RU-2605-H24-20710,84,TUNOB,H24,ABOBA,RU,2605
RU-2605-H24-20710,85,ABOBA,H24,TITEN,RU,2605
RU-2605-H24-20710,86,TITEN,H24,ODNUS,RU,2605
RU-2605-H24-20710,87,ODNUS,H24,ARPOT,RU,2605
RU-2605-H24-20710,88,ARPOT,H24,UNRAL,RU,2605
RU-2605-H24-20710,89,UNRAL,H24,GOSUM,RU,2605
RU-2605-H24-20710,90,GOSUM,H24,ABOKI,RU,2605
RU-2605-H24-20710,91,ABOKI,H24,AMEDO,RU,2605
RU-2605-H24-20710,92,AMEDO,H24,NARUD,RU,2605
RU-2605-H24-20710,93,NARUD,H24,GEGRI,RU,2605
RU-2605-H24-20710,94,GEGRI,H24,NULGA,RU,2605
RU-2605-H24-20710,95,NULGA,H24,OSLAB,RU,2605
RU-2605-H24-20710,96,OSLAB,H24,NARYANMARVORDME,RU,2605
RU-2605-H24-20710,97,NARYANMARVORDME,H24,BILMI,RU,2605
RU-2605-H24-20710,98,BILMI,H24,ALZUK,RU,2605
RU-2605-H24-20710,99,ALZUK,H24,GIGES,RU,2605
RU-2605-H24-20710,100,GIGES,H24,USINA,RU,2605
RU-2605-H24-20710,101,USINA,H24,PILAN,RU,2605
RU-2605-H24-20710,102,PILAN,H24,RATLU,RU,2605
RU-2605-H24-20710,103,RATLU,H24,LUZLO,RU,2605
RU-2605-H24-20710,104,LUZLO,H24,LURAM,RU,2605
RU-2605-H24-20710,105,LURAM,H24,NETLU,RU,2605
RU-2605-H24-20710,106,NETLU,H24,OGROM,RU,2605
RU-2605-H24-20710,107,OGROM,H24,OSKEL,RU,2605
RU-2605-H24-20710,108,OSKEL,H24,SOGTE,RU,2605
RU-2605-H24-20710,109,SOGTE,H24,BAPES,RU,2605
RU-2605-H24-20710,110,BAPES,H24,GUDES,RU,2605
RU-2605-H24-20710,111,GUDES,H24,IDLIR,RU,2605
RU-2605-H24-20710,112,IDLIR,H24,ERSOM,RU,2605
RU-2605-H24-20710,113,ERSOM,H24,UMTAK,RU,2605
RU-2605-H24-20710,114,UMTAK,H24,ROTLO,RU,2605
RU-2605-H24-20710,115,ROTLO,H24,EKMOK,RU,2605
RU-2605-H24-20710,116,EKMOK,H24,RISIM,RU,2605
RU-2605-H24-20710,117,RISIM,H24,BAPEG,RU,2605
RU-2605-H24-20710,118,BAPEG,H24,IPSES,RU,2605
RU-2605-H24-20710,119,IPSES,H24,BULAT,RU,2605
RU-2605-H24-20710,120,BULAT,H24,SOTOG,RU,2605
RU-2605-H24-20710,121,SOTOG,H24,GOGSU,RU,2605
RU-2605-H24-20710,122,GOGSU,H24,OKBOS,RU,2605
RU-2605-H24-20710,123,OKBOS,H24,GOLRO,RU,2605
RU-2605-H24-20710,124,GOLRO,H24,UREPI,RU,2605
RU-2605-H24-20710,125,UREPI,H24,IRBUN,RU,2605
RU-2605-H24-20710,126,IRBUN,H24,UNSIR,RU,2605
RU-2605-H24-20710,127,UNSIR,H24,IPRUT,RU,2605
RU-2605-H24-20710,128,IPRUT,H24,TULPA,RU,2605
RU-2605-H24-20710,129,TULPA,H24,DITOT,RU,2605
RU-2605-H24-20710,130,DITOT,H24,OSDIR,RU,2605
RU-2605-H24-20710,131,OSDIR,H24,ODMUS,RU,2605
RU-2605-H24-20710,132,ODMUS,H24,GORAB,RU,2605
RU-2605-H24-20710,133,GORAB,H24,RELSU,RU,2605
RU-2605-H24-20710,134,RELSU,H24,ULTOP,RU,2605
RU-2605-H24-20710,135,ULTOP,H24,LANTO,RU,2605
RU-2605-H24-20710,136,LANTO,H24,URANA,RU,2605
RU-2605-H24-20710,137,URANA,H24,ASPUM,RU,2605
RU-2605-H24-20710,138,ASPUM,H24,UMKAR,RU,2605
RU-2605-H24-20710,139,UMKAR,H24,UFAVORDME,RU,2605
RU-2605-H24-20710,140,UFAVORDME,H24,GAPMA,RU,2605
RU-2605-H24-20710,141,GAPMA,H24,IDNID,RU,2605
RU-2605-H24-20710,142,IDNID,H24,UMLIN,RU,2605
RU-2605-H24-20710,143,UMLIN,H24,EKRIM,RU,2605
RU-2605-H24-20710,144,EKRIM,H24,NALUS,RU,2605
RU-2605-H24-20710,145,NALUS,H24,ABDIS,RU,2605
RU-2605-H24-20710,146,ABDIS,H24,TIRET,RU,2605
RU-2605-H24-20710,147,TIRET,H24,GINOB,RU,2605
RU-2605-H24-20710,148,GINOB,H24,GOLRA,RU,2605
RU-2605-H24-20710,149,GOLRA,H24,BAMIG,RU,2605
RU-2605-H24-20710,150,BAMIG,H24,PISAR,RU,2605
RU-2605-H24-20710,151,PISAR,H24,GEKPA,RU,2605
RU-2605-H24-20710,152,GEKPA,H24,UKHTAVORDME,RU,2605
RU-2605-H24-20710,153,UKHTAVORDME,H24,INROR,RU,2605
RU-2605-H24-20710,154,INROR,H24,NILIN,RU,2605
RU-2605-H24-20710,155,NILIN,H24,BASEG,RU,2605
RU-2605-H24-20710,156,BASEG,H24,BELRU,RU,2605
RU-2605-H24-20710,157,BELRU,H24,ODAGI,RU,2605
RU-2605-H24-20710,158,ODAGI,H24,RIPOG,RU,2605
RU-2605-H24-20710,159,RIPOG,H24,TOSPI,RU,2605
RU-2605-H24-20710,160,TOSPI,H24,RESTA,RU,2605
RU-2605-H24-20710,161,RESTA,H24,LORPI,RU,2605
RU-2605-H24-20710,162,LORPI,H24,BALOB,RU,2605
RU-2605-H24-20710,163,BALOB,H24,RUKUT,RU,2605
RU-2605-H24-20710,164,RUKUT,H24,LUMAK,RU,2605
RU-2605-H24-20710,165,LUMAK,H24,ISKOR,RU,2605
RU-2605-H24-20710,166,ISKOR,H24,ARKUK,RU,2605
RU-2605-H24-20710,167,ARKUK,H24,ARLEN,RU,2605
RU-2605-H24-20710,168,ARLEN,H24,SUBEP,RU,2605
RU-2605-H24-20710,169,SUBEP,H24,INGER,RU,2605
RU-2605-H24-20710,170,INGER,H24,ROGIS,RU,2605
RU-2605-H24-20710,171,ROGIS,H24,LUPIP,RU,2605
RU-2605-H24-20710,172,LUPIP,H24,LEKRI,RU,2605
RU-2605-H24-20710,173,LEKRI,H24,OSKUN,RU,2605
RU-2605-H24-20710,174,OSKUN,H24,BESUM,RU,2605
RU-2605-H24-20710,175,BESUM,H24,OGRAT,RU,2605
RU-2605-H24-20710,176,OGRAT,H24,ARGIP,RU,2605
RU-2605-H24-20710,177,ARGIP,H24,ROBMA,RU,2605
RU-2605-H24-20710,178,ROBMA,H24,ADINU,RU,2605
RU-2605-H24-20710,179,ADINU,H24,LIKPA,RU,2605
RU-2605-H24-20710,180,LIKPA,H24,PINEG,RU,2605
RU-2605-H24-20710,181,PINEG,H24,ADMES,RU,2605
RU-2605-H24-20710,182,ADMES,H24,OBIRU,RU,2605
RU-2605-H24-20710,183,OBIRU,H24,ASNAT,RU,2605
RU-2605-H24-20710,184,ASNAT,H24,OTMIL,RU,2605
RU-2605-H24-20710,185,OTMIL,H24,URIRA,RU,2605
RU-2605-H24-20710,186,URIRA,H24,REBGA,RU,2605
RU-2605-H24-20710,187,REBGA,H24,BALRI,RU,2605
RU-2605-H24-20710,188,BALRI,H24,NEGOK,RU,2605
RU-2605-H24-20710,189,NEGOK,H24,ABMUD,RU,2605
RU-2605-H24-20710,190,ABMUD,H24,LURIM,RU,2605
RU-2605-H24-20710,191,LURIM,H24,GEBSI,RU,2605
RU-2605-H24-20710,192,GEBSI,H24,GANPO,RU,2605
RU-2605-H24-20710,193,GANPO,H24,PERMBOLSHOESAVINO,RU,2605
RU-2605-H24-20710,194,PERMBOLSHOESAVINO,H24,DIDRO,RU,2605
RU-2605-H24-20710,195,DIDRO,H24,PENUS,RU,2605
RU-2605-H24-20710,196,PENUS,H24,BIKMA,RU,2605
RU-2605-H24-20710,197,BIKMA,H24,UMTEK,RU,2605
RU-2605-H24-20710,198,UMTEK,H24,RAREK,RU,2605
RU-2605-H24-20710,199,RAREK,H24,NEBNA,RU,2605
RU-2605-H24-20710,200,NEBNA,H24,ALUMA,RU,2605
RU-2605-H24-20710,201,ALUMA,H24,ASLIM,RU,2605
RU-2605-H24-20710,202,ASLIM,H24,ULSUN,RU,2605
RU-2605-H24-20710,203,ULSUN,H24,BASAB,RU,2605
RU-2605-H24-20710,204,BASAB,H24,TABES,RU,2605
RU-2605-H24-20710,205,TABES,H24,MILSU,RU,2605
RU-2605-H24-20710,206,MILSU,H24,ABALI,RU,2605
RU-2605-H24-20710,207,ABALI,H24,GITEK,RU,2605
RU-2605-H24-20710,208,GITEK,H24,NITOD,RU,2605
RU-2605-H24-20710,209,NITOD,H24,RUSUR,RU,2605
RU-2605-H24-20710,210,RUSUR,H24,PITIR,RU,2605
RU-2605-H24-20710,211,PITIR,H24,TEDMI,RU,2605
RU-2605-H24-20710,212,TEDMI,H24,OSNOK,RU,2605
RU-2605-H24-20710,213,OSNOK,H24,LANUD,RU,2605
RU-2605-H24-20710,214,LANUD,H24,BAPUL,RU,2605
RU-2605-H24-20710,215,BAPUL,H24,BUREM,RU,2605
RU-2605-H24-20710,216,BUREM,H24,GUPRI,RU,2605
RU-2605-H24-20710,217,GUPRI,H24,OLIKI,RU,2605
RU-2605-H24-20710,218,OLIKI,H24,GAKPA,RU,2605
RU-2605-H24-20710,219,GAKPA,H24,DONUS,RU,2605
RU-2605-H24-20710,220,DONUS,H24,AGMIL,RU,2605
RU-2605-H24-20710,221,AGMIL,H24,URAMI,RU,2605
RU-2605-H24-20710,222,URAMI,H24,ULGUN,RU,2605
RU-2605-H24-20710,223,ULGUN,H24,GISUR,RU,2605
RU-2605-H24-20710,224,GISUR,H24,SIRMA,RU,2605
RU-2605-H24-20710,225,SIRMA,H24,ANIKI,RU,2605
RU-2605-H24-20710,226,ANIKI,H24,NUTSA,RU,2605
RU-2605-H24-20710,227,NUTSA,H24,TODES,RU,2605
RU-2605-H24-20710,228,TODES,H24,GARMU,RU,2605
RU-2605-H24-20710,229,GARMU,H24,UNEKI,RU,2605
RU-2605-H24-20710,230,UNEKI,H24,BAVDA,RU,2605
RU-2605-H24-20710,231,BAVDA,H24,MAPUN,RU,2605
RU-2605-H24-20710,232,MAPUN,H24,BIMLO,RU,2605
RU-2605-H24-20710,233,BIMLO,H24,GINES,RU,2605
RU-2605-H24-20710,234,GINES,H24,AKERA,RU,2605
RU-2605-H24-20710,235,AKERA,H24,ATMEB,RU,2605
RU-2605-H24-20710,236,ATMEB,H24,REPSA,RU,2605
RU-2605-H24-20710,237,REPSA,H24,BEGMA,RU,2605
RU-2605-H24-20710,238,BEGMA,H24,YEKATERINBURGKOLTSOVO,RU,2605
RU-2605-H24-20710,239,YEKATERINBURGKOLTSOVO,H24,OBILU,RU,2605
RU-2605-H24-20710,240,OBILU,H24,INLEB,RU,2605
RU-2605-H24-20710,241,INLEB,H24,MIKUS,RU,2605
RU-2605-H24-20710,242,MIKUS,H24,SOTIG,RU,2605
RU-2605-H24-20710,243,SOTIG,H24,KUGUL,RU,2605
RU-2605-H24-20710,244,KUGUL,H24,LAGES,RU,2605
RU-2605-H24-20710,245,LAGES,H24,IPROK,RU,2605
RU-2605-H24-20710,246,IPROK,H24,TADED,RU,2605
RU-2605-H24-20710,247,TADED,H24,LUNIN,RU,2605
RU-2605-H24-20710,248,LUNIN,H24,KAZIR,RU,2605
RU-2605-H24-20710,249,KAZIR,H24,DILUP,RU,2605
RU-2605-H24-20710,250,DILUP,H24,IBSIL,RU,2605
RU-2605-H24-20710,251,IBSIL,H24,RULEM,RU,2605
RU-2605-H24-20710,252,RULEM,H24,NESOP,RU,2605
RU-2605-H24-20710,253,NESOP,H24,ODNAL,RU,2605
RU-2605-H24-20710,254,ODNAL,H24,RULAT,RU,2605
RU-2605-H24-20710,255,RULAT,H24,UDRAN,RU,2605
RU-2605-H24-20710,256,UDRAN,H24,TIBDO,RU,2605
RU-2605-H24-20710,257,TIBDO,H24,MAKEM,RU,2605
RU-2605-H24-20710,258,MAKEM,H24,PESAB,RU,2605
RU-2605-H24-20710,259,PESAB,H24,NAMER,RU,2605
RU-2605-H24-20710,260,NAMER,H24,EMDAN,RU,2605
RU-2605-H24-20710,261,EMDAN,H24,REPNO,RU,2605
RU-2605-H24-20710,262,REPNO,H24,OBOSA,RU,2605
RU-2605-H24-20710,263,OBOSA,H24,GEMKI,RU,2605
RU-2605-H24-20710,264,GEMKI,H24,UNUKO,RU,2605
RU-2605-H24-20710,265,UNUKO,H24,SUBIK,RU,2605
RU-2605-H24-20710,266,SUBIK,H24,GINOR,RU,2605
RU-2605-H24-20710,267,GINOR,H24,INGEN,RU,2605
RU-2605-H24-20710,268,INGEN,H24,SUBEL,RU,2605
RU-2605-H24-20710,269,SUBEL,H24,GORLI,RU,2605
RU-2605-H24-20710,270,GORLI,H24,PENEN,RU,2605
RU-2605-H24-20710,271,PENEN,H24,SUMOM,RU,2605
RU-2605-H24-20710,272,SUMOM,H24,LEBRA,RU,2605
RU-2605-H24-20710,273,LEBRA,H24,POBEM,RU,2605
RU-2605-H24-20710,274,POBEM,H24,GIPAK,RU,2605
RU-2605-H24-20710,275,GIPAK,H24,UNKET,RU,2605
RU-2605-H24-20710,276,UNKET,H24,KULUB,RU,2605
RU-2605-H24-20710,277,KULUB,H24,LALPA,RU,2605
RU-2605-H24-20710,278,LALPA,H24,LIDLA,RU,2605
RU-2605-H24-20710,279,LIDLA,H24,UBUNA,RU,2605
RU-2605-H24-20710,280,UBUNA,H24,DESEP,RU,2605
RU-2605-H24-20710,281,DESEP,H24,NIKDI,RU,2605
RU-2605-H24-20710,282,NIKDI,H24,LABUB,RU,2605
RU-2605-H24-20710,283,LABUB,H24,SONUM,RU,2605
RU-2605-H24-20710,284,SONUM,H24,MOKED,RU,2605
RU-2605-H24-20710,285,MOKED,H24,KESON,RU,2605
RU-2605-H24-20710,286,KESON,H24,UBASO,RU,2605
RU-2605-H24-20710,287,UBASO,H24,UGLAD,RU,2605
RU-2605-H24-20710,288,UGLAD,H24,SOTAN,RU,2605
RU-2605-H24-20710,289,SOTAN,H24,PILEN,RU,2605
RU-2605-H24-20710,290,PILEN,H24,IPLEG,RU,2605
RU-2605-H24-20710,291,IPLEG,H24,OKMID,RU,2605
RU-2605-H24-20710,292,OKMID,H24,TERDI,RU,2605
RU-2605-H24-20710,293,TERDI,H24,RUBEK,RU,2605
RU-2605-H24-20710,294,RUBEK,H24,OLDAP,RU,2605
RU-2605-H24-20710,295,OLDAP,H24,OSPIL,RU,2605
RU-2605-H24-20710,296,OSPIL,H24,KUDRE,RU,2605
RU-2605-H24-20710,297,KUDRE,H24,ABTAS,RU,2605
RU-2605-H24-20710,298,ABTAS,H24,NUTKI,RU,2605
RU-2605-H24-20710,299,NUTKI,H24,BILRU,RU,2605
RU-2605-H24-20710,300,BILRU,H24,OKLAL,RU,2605
RU-2605-H24-20710,301,OKLAL,H24,TUDMA,RU,2605
RU-2605-H24-20710,302,TUDMA,H24,LOBRU,RU,2605
RU-2605-H24-20710,303,LOBRU,H24,LIDRI,RU,2605
RU-2605-H24-20710,304,LIDRI,H24,NEGMU,RU,2605
RU-2605-H24-20710,305,NEGMU,H24,ANEDU,RU,2605
RU-2605-H24-20710,306,ANEDU,H24,REPNU,RU,2605
RU-2605-H24-20710,307,REPNU,H24,DITBI,RU,2605
RU-2605-H24-20710,308,DITBI,H24,OKMIT,RU,2605
RU-2605-H24-20710,309,OKMIT,H24,BEPUT,RU,2605
RU-2605-H24-20710,310,BEPUT,H24,ASNIL,RU,2605
RU-2605-H24-20710,311,ASNIL,H24,KOLET,RU,2605
RU-2605-H24-20710,312,KOLET,H24,LIRBA,RU,2605
RU-2605-H24-20710,313,LIRBA,H24,ODRIL,RU,2605
RU-2605-H24-20710,314,ODRIL,H24,DENUD,RU,2605
RU-2605-H24-20710,315,DENUD,H24,IDLET,RU,2605
RU-2605-H24-20710,316,IDLET,H24,ULPON,RU,2605
RU-2605-H24-20710,317,ULPON,H24,UMDIG,RU,2605
RU-2605-H24-20710,318,UMDIG,H24,UNABI,RU,2605
RU-2605-H24-20710,319,UNABI,H24,BUDOM,RU,2605
RU-2605-H24-20710,320,BUDOM,H24,OTKOL,RU,2605
RU-2605-H24-20710,321,OTKOL,H24,LARNO,RU,2605
RU-2605-H24-20710,322,LARNO,H24,IBROT,RU,2605
RU-2605-H24-20710,323,IBROT,H24,ADMUL,RU,2605
RU-2605-H24-20710,324,ADMUL,H24,ROKUR,RU,2605
RU-2605-H24-20710,325,ROKUR,H24,OKMEK,RU,2605
RU-2605-H24-20710,326,OKMEK,H24,ODETI,RU,2605
RU-2605-H24-20710,327,ODETI,H24,EZMAT,RU,2605
RU-2605-H24-20710,328,EZMAT,H24,DOKOD,RU,2605
RU-2605-H24-20710,329,DOKOD,H24,ROGDA,RU,2605
RU-2605-H24-20710,330,ROGDA,H24,AZUZO,RU,2605
RU-2605-H24-20710,331,AZUZO,H24,VELFA,RU,2605
RU-2605-H24-20710,332,VELFA,H24,LUZIK,RU,2605
RU-2605-H24-20710,333,LUZIK,H24,DETAT,RU,2605
RU-2605-H24-20710,334,DETAT,H24,LUSEB,RU,2605
RU-2605-H24-20710,335,LUSEB,H24,ROSNI,RU,2605
RU-2605-H24-20710,336,ROSNI,H24,NEMKI,RU,2605
RU-2605-H24-20710,337,NEMKI,H24,RUROS,RU,2605
RU-2605-H24-20710,338,RUROS,H24,LIGTI,RU,2605
RU-2605-H24-20710,339,LIGTI,H24,PEMEM,RU,2605
RU-2605-H24-20710,340,PEMEM,H24,GIKEN,RU,2605
RU-2605-H24-20710,341,GIKEN,H24,UVROK,RU,2605
RU-2605-H24-20710,342,UVROK,H24,OLUGA,RU,2605
RU-2605-H24-20710,343,OLUGA,H24,APTAR,RU,2605
RU-2605-H24-20710,344,APTAR,H24,BAPKA,RU,2605
RU-2605-H24-20710,345,BAPKA,H24,KOSUL,RU,2605
RU-2605-H24-20710,346,KOSUL,H24,OSPOM,RU,2605
RU-2605-H24-20710,347,OSPOM,H24,OKNAN,RU,2605
RU-2605-H24-20710,348,OKNAN,H24,TIPID,RU,2605
RU-2605-H24-20710,349,TIPID,H24,URAGO,RU,2605
RU-2605-H24-20710,350,URAGO,H24,UNORO,RU,2605
RU-2605-H24-20710,351,UNORO,H24,KOROM,RU,2605
RU-2605-H24-20710,352,KOROM,H24,GUBOM,RU,2605
RU-2605-H24-20710,353,GUBOM,H24,INTAR,RU,2605
RU-2605-H24-20710,354,INTAR,H24,NAMUD,RU,2605
RU-2605-H24-20710,355,NAMUD,H24,APSIG,RU,2605
RU-2605-H24-20710,356,APSIG,H24,OLNIP,RU,2605
RU-2605-H24-20710,357,OLNIP,H24,NEREP,RU,2605
RU-2605-H24-20710,358,NEREP,H24,DAFOS,RU,2605
RU-2605-H24-20710,359,DAFOS,H24,RUGAM,RU,2605
RU-2605-H24-20710,360,RUGAM,H24,OGRER,RU,2605
RU-2605-H24-20710,361,OGRER,H24,REBRA,RU,2605
RU-2605-H24-20710,362,REBRA,H24,UGMET,RU,2605
RU-2605-H24-20710,363,UGMET,H24,RORNA,RU,2605
RU-2605-H24-20710,364,RORNA,H24,VALIK,RU,2605
RU-2605-H24-20710,365,VALIK,H24,NEPNI,RU,2605
RU-2605-H24-20710,366,NEPNI,H24,ERELI,RU,2605
RU-2605-H24-20710,367,ERELI,H24,AGUTO,RU,2605
RU-2605-H24-20710,368,AGUTO,H24,BESLO,RU,2605
RU-2605-H24-20710,369,BESLO,H24,RIMIP,RU,2605
RU-2605-H24-20710,370,RIMIP,H24,OKDIP,RU,2605
RU-2605-H24-20710,371,OKDIP,H24,MIRDU,RU,2605
RU-2605-H24-20710,372,MIRDU,H24,OGBAR,RU,2605
RU-2605-H24-20710,373,OGBAR,H24,MADOB,RU,2605
RU-2605-H24-20710,374,MADOB,H24,UNANI,RU,2605
RU-2605-H24-20710,375,UNANI,H24,NIDOG,RU,2605
RU-2605-H24-20710,376,NIDOG,H24,BALGI,RU,2605
RU-2605-H24-20710,377,BALGI,H24,KUNIM,RU,2605
RU-2605-H24-20710,378,KUNIM,H24,TODLA,RU,2605
RU-2605-H24-20710,379,TODLA,H24,GOKTI,RU,2605
RU-2605-H24-20710,380,GOKTI,H24,TISOR,RU,2605
RU-2605-H24-20710,381,TISOR,H24,REVDU,RU,2605
RU-2605-H24-20710,382,REVDU,H24,MOVUN,RU,2605
RU-2605-H24-20710,383,MOVUN,H24,SUBIB,RU,2605
RU-2605-H24-20710,384,SUBIB,H24,NUGBI,RU,2605
RU-2605-H24-20710,385,NUGBI,H24,RONRA,RU,2605
RU-2605-H24-20710,386,RONRA,H24,KOTLASVORDME,RU,2605
RU-2605-H24-20710,387,KOTLASVORDME,H24,NAZOL,RU,2605
RU-2605-H24-20710,388,NAZOL,H24,GONIB,RU,2605
RU-2605-H24-20710,389,GONIB,H24,ADMON,RU,2605
RU-2605-H24-20710,390,ADMON,H24,NUMTA,RU,2605
RU-2605-H24-20710,391,NUMTA,H24,RITUM,RU,2605
RU-2605-H24-20710,392,RITUM,H24,SUKAB,RU,2605
RU-2605-H24-20710,393,SUKAB,H24,TOVGI,RU,2605
RU-2605-H24-20710,394,TOVGI,H24,PERAG,RU,2605
RU-2605-H24-20710,395,PERAG,H24,ERGAV,RU,2605
RU-2605-H24-20710,396,ERGAV,H24,BABEM,RU,2605
RU-2605-H24-20710,397,BABEM,H24,ROLEK,RU,2605
RU-2605-H24-20710,398,ROLEK,H24,NENAM,RU,2605
RU-2605-H24-20710,399,NENAM,H24,ABNOK,RU,2605
RU-2605-H24-20710,400,ABNOK,H24,UNVIN,RU,2605
RU-2605-H24-20710,401,UNVIN,H24,LUSIP,RU,2605
RU-2605-H24-20710,402,LUSIP,H24,MOGTO,RU,2605
RU-2605-H24-20710,403,MOGTO,H24,LORTI,RU,2605
RU-2605-H24-20710,404,LORTI,H24,NEGER,RU,2605
RU-2605-H24-20710,405,NEGER,H24,RIMAG,RU,2605
RU-2605-H24-20710,406,RIMAG,H24,OBUSI,RU,2605
RU-2605-H24-20710,407,OBUSI,H24,MESKO,RU,2605
RU-2605-H24-20710,408,MESKO,H24,BI,RU,2605
RU-2605-H24-20710,409,BI,H24,VUZPU,RU,2605
RU-2605-H24-20710,410,VUZPU,H24,EGVOH,RU,2605
RU-2605-H24-20710,411,EGVOH,H24,OKDON,RU,2605
RU-2605-H24-20710,412,OKDON,H24,KUPOK,RU,2605
RU-2605-H24-20710,413,KUPOK,H24,ODRUT,RU,2605
RU-2605-H24-20710,414,ODRUT,H24,OGVIR,RU,2605
RU-2605-H24-20710,415,OGVIR,H24,TONSI,RU,2605
RU-2605-H24-20710,416,TONSI,H24,DIKMU,RU,2605
RU-2605-H24-20710,417,DIKMU,H24,NURKA,RU,2605
RU-2605-H24-20710,418,NURKA,H24,RUGUT,RU,2605
RU-2605-H24-20710,419,RUGUT,H24,DINTU,RU,2605
RU-2605-H24-20710,420,DINTU,H24,DIKIN,RU,2605
RU-2605-H24-20710,421,DIKIN,H24,OKBUM,RU,2605
RU-2605-H24-20710,422,OKBUM,H24,GOBKA,RU,2605
RU-2605-H24-20710,423,GOBKA,H24,ALOPU,RU,2605
RU-2605-H24-20710,424,ALOPU,H24,TIKRO,RU,2605
RU-2605-H24-20710,425,TIKRO,H24,LIKNU,RU,2605
RU-2605-H24-20710,426,LIKNU,H24,LOZAN,RU,2605
RU-2605-H24-20710,427,LOZAN,H24,KUKSA,RU,2605
RU-2605-H24-20710,428,KUKSA,H24,PENIB,RU,2605
RU-2605-H24-20710,429,PENIB,H24,SONIB,RU,2605
RU-2605-H24-20710,430,SONIB,H24,IBEBO,RU,2605
RU-2605-H24-20710,431,IBEBO,H24,NILTU,RU,2605
RU-2605-H24-20710,432,NILTU,H24,GUPVU,RU,2605
RU-2605-H24-20710,433,GUPVU,H24,SUZBA,RU,2605
RU-2605-H24-20710,434,SUZBA,H24,ATGOR,RU,2605
RU-2605-H24-20710,435,ATGOR,H24,KEKUT,RU,2605
RU-2605-H24-20710,436,KEKUT,H24,AMLIS,RU,2605
RU-2605-H24-20710,437,AMLIS,H24,ABAGI,RU,2605
RU-2605-H24-20710,438,ABAGI,H24,TAKIB,RU,2605
RU-2605-H24-20710,439,TAKIB,H24,NANEP,RU,2605
RU-2605-H24-20710,440,NANEP,H24,OBESI,RU,2605
RU-2605-H24-20710,441,OBESI,H24,MALUT,RU,2605
RU-2605-H24-20710,442,MALUT,H24,BEPLU,RU,2605
RU-2605-H24-20710,443,BEPLU,H24,GIGDO,RU,2605
RU-2605-H24-20710,444,GIGDO,H24,UROBI,RU,2605
RU-2605-H24-20710,445,UROBI,H24,PIGUR,RU,2605
RU-2605-H24-20710,446,PIGUR,H24,MILGA,RU,2605
RU-2605-H24-20710,447,MILGA,H24,GIMAK,RU,2605
RU-2605-H24-20710,448,GIMAK,H24,GIKES,RU,2605
RU-2605-H24-20710,449,GIKES,H24,UMSOR,RU,2605
RU-2605-H24-20710,450,UMSOR,H24,ODMUR,RU,2605
RU-2605-H24-20710,451,ODMUR,H24,RIPEM,RU,2605
RU-2605-H24-20710,452,RIPEM,H24,KUMEP,RU,2605
RU-2605-H24-20710,453,KUMEP,H24,AGNOK,RU,2605
RU-2605-H24-20710,454,AGNOK,H24,BIBNI,RU,2605
RU-2605-H24-20710,455,BIBNI,H24,ATROT,RU,2605
RU-2605-H24-20710,456,ATROT,H24,BIPMA,RU,2605
RU-2605-H24-20710,457,BIPMA,H24,NATBI,RU,2605
RU-2605-H24-20710,458,NATBI,H24,NUTNO,RU,2605
RU-2605-H24-20710,459,NUTNO,H24,ORTIM,RU,2605
RU-2605-H24-20710,460,ORTIM,H24,LUNEP,RU,2605
RU-2605-H24-20710,461,LUNEP,H24,DINOL,RU,2605
RU-2605-H24-20710,462,DINOL,H24,PAMIR,RU,2605
RU-2605-H24-20710,463,PAMIR,H24,KANAL,RU,2605
RU-2605-H24-20710,464,KANAL,H24,INDUS,RU,2605
RU-2605-H24-20710,465,INDUS,H24,GOBLA,RU,2605
RU-2605-H24-20710,466,GOBLA,H24,DISAB,RU,2605
RU-2605-H24-20710,467,DISAB,H24,LONGI,RU,2605
RU-2605-H24-20710,468,LONGI,H24,UVATA,RU,2605
RU-2605-H24-20710,469,UVATA,H24,KULAM,RU,2605
RU-2605-H24-20710,470,KULAM,H24,NASDA,RU,2605
RU-2605-H24-20710,471,NASDA,H24,NERUG,RU,2605
RU-2605-H24-20710,472,NERUG,H24,TINRI,RU,2605
RU-2605-H24-20710,473,TINRI,H24,BUKOS,RU,2605
RU-2605-H24-20710,474,BUKOS,H24,KUSEB,RU,2605
RU-2605-H24-20710,475,KUSEB,H24,LERDA,RU,2605
RU-2605-H24-20710,476,LERDA,H24,TUPKI,RU,2605
RU-2605-H24-20710,477,TUPKI,H24,SISPO,RU,2605
RU-2605-H24-20710,478,SISPO,H24,CHELYABINSKBALANDINO,RU,2605
RU-2605-H24-20710,479,CHELYABINSKBALANDINO,H24,IDETA,RU,2605
RU-2605-H24-20710,480,IDETA,H24,GERSI,RU,2605
RU-2605-H24-20710,481,GERSI,H24,MALES,RU,2605
RU-2605-H24-20710,482,MALES,H24,OLMAD,RU,2605
RU-2605-H24-20710,483,OLMAD,H24,MAGNITOGORSKVORDME,RU,2605
RU-2605-H24-20710,484,MAGNITOGORSKVORDME,H24,KUDON,RU,2605
RU-2605-H24-20710,485,KUDON,H24,UTENA,RU,2605
RU-2605-H24-20710,486,UTENA,H24,AMTUS,RU,2605
RU-2605-H24-20710,487,AMTUS,H24,OSVOD,RU,2605
RU-2605-H24-20710,488,OSVOD,H24,BETKA,RU,2605
RU-2605-H24-20710,489,BETKA,H24,BASEB,RU,2605
RU-2605-H24-20710,490,BASEB,H24,BUGOS,RU,2605
RU-2605-H24-20710,491,BUGOS,H24,NURGI,RU,2605
RU-2605-H24-20710,492,NURGI,H24,NIREL,RU,2605
RU-2605-H24-20710,493,NIREL,H24,NOROT,RU,2605
RU-2605-H24-20710,494,NOROT,H24,REFRI,RU,2605
RU-2605-H24-20710,495,REFRI,H24,TOMRA,RU,2605
RU-2605-H24-20710,496,TOMRA,H24,SALEKHARDVORDME,RU,2605
RU-2605-H24-20710,497,SALEKHARDVORDME,H24,SUTOT,RU,2605
RU-2605-H24-20710,498,SUTOT,H24,ZUPPU,RU,2605
RU-2605-H24-20710,499,ZUPPU,H24,NAREK,RU,2605
RU-2605-H24-20710,500,NAREK,H24,BATUT,RU,2605
RU-2605-H24-20710,501,BATUT,H24,DIGUR,RU,2605
RU-2605-H24-20710,502,DIGUR,H24,ABNUS,RU,2605
RU-2605-H24-20710,503,ABNUS,H24,MARAM,RU,2605
RU-2605-H24-20710,504,MARAM,H24,AGIDI,RU,2605
RU-2605-H24-20710,505,AGIDI,H24,BAPON,RU,2605
RU-2605-H24-20710,506,BAPON,H24,ROMUM,RU,2605
RU-2605-H24-20710,507,ROMUM,H24,ANVOZ,RU,2605
RU-2605-H24-20710,508,ANVOZ,H24,AMDEN,RU,2605
RU-2605-H24-20710,509,AMDEN,H24,ARNAD,RU,2605
RU-2605-H24-20710,510,ARNAD,H24,SARME,RU,2605
RU-2605-H24-20710,511,SARME,H24,DM,RU,2605
RU-2605-H24-20710,512,DM,H24,TOLBA,RU,2605
RU-2605-H24-20710,513,TOLBA,H24,SIMFEROPOLVORDME,RU,2605
RU-2605-H24-20710,514,SIMFEROPOLVORDME,H24,BAPAN,RU,2605
RU-2605-H24-20710,515,BAPAN,H24,UDAMA,RU,2605
RU-2605-H24-20710,516,UDAMA,H24,PINEB,RU,2605
RU-2605-H24-20710,517,PINEB,H24,ODEKI,RU,2605
RU-2605-H24-20710,518,ODEKI,H24,GIPAT,RU,2605
RU-2605-H24-20710,519,GIPAT,H24,GAPRA,RU,2605
RU-2605-H24-20710,520,GAPRA,H24,TELRA,RU,2605
RU-2605-H24-20710,521,TELRA,H24,DIKUD,RU,2605
RU-2605-H24-20710,522,DIKUD,H24,SURER,RU,2605
RU-2605-H24-20710,523,SURER,H24,OSKIT,RU,2605
RU-2605-H24-20710,524,OSKIT,H24,BEMIR,RU,2605
RU-2605-H24-20710,525,BEMIR,H24,SONAT,RU,2605
RU-2605-H24-20710,526,SONAT,H24,OLNUP,RU,2605
RU-2605-H24-20710,527,OLNUP,H24,BEMDA,RU,2605
RU-2605-H24-20710,528,BEMDA,H24,ASBIR,RU,2605
RU-2605-H24-20710,529,ASBIR,H24,KODUG,RU,2605
RU-2605-H24-20710,530,KODUG,H24,ROMTA,RU,2605
RU-2605-H24-20710,531,ROMTA,H24,IBTUV,RU,2605
RU-2605-H24-20710,532,IBTUV,H24,TIKRI,RU,2605
RU-2605-H24-20710,533,TIKRI,H24,LAMLI,RU,2605
RU-2605-H24-20710,534,LAMLI,H24,SONMI,RU,2605
RU-2605-H24-20710,535,SONMI,H24,GITLU,RU,2605
RU-2605-H24-20710,536,GITLU,H24,BIBSU,RU,2605
RU-2605-H24-20710,537,BIBSU,H24,FALBU,RU,2605
RU-2605-H24-20710,538,FALBU,H24,DIRVO,RU,2605
RU-2605-H24-20710,539,DIRVO,H24,MIGTU,RU,2605
RU-2605-H24-20710,540,MIGTU,H24,PETAP,RU,2605
RU-2605-H24-20710,541,PETAP,H24,ZAMGE,RU,2605
RU-2605-H24-20710,542,ZAMGE,H24,ALUGA,RU,2605
RU-2605-H24-20710,543,ALUGA,H24,RUZUF,RU,2605
RU-2605-H24-20710,544,RUZUF,H24,DISUP,RU,2605
RU-2605-H24-20710,545,DISUP,H24,ROGID,RU,2605
RU-2605-H24-20710,546,ROGID,H24,BOBMU,RU,2605
RU-2605-H24-20710,547,BOBMU,H24,INDIL,RU,2605
RU-2605-H24-20710,548,INDIL,H24,SOPID,RU,2605
RU-2605-H24-20710,549,SOPID,H24,ADOTA,RU,2605
RU-2605-H24-20710,550,ADOTA,H24,DELUL,RU,2605
RU-2605-H24-20710,551,DELUL,H24,MAKOG,RU,2605
RU-2605-H24-20710,552,MAKOG,H24,UROGI,RU,2605
RU-2605-H24-20710,553,UROGI,H24,NETRU,RU,2605
RU-2605-H24-20710,554,NETRU,H24,GUMSA,RU,2605
RU-2605-H24-20710,555,GUMSA,H24,PINOD,RU,2605
RU-2605-H24-20710,556,PINOD,H24,MOBTU,RU,2605
RU-2605-H24-20710,557,MOBTU,H24,LESHUKONSKOYEVORDME,RU,2605
RU-2605-H24-20710,558,LESHUKONSKOYEVORDME,H24,DESOG,RU,2605
RU-2605-H24-20710,559,DESOG,H24,NAKIR,RU,2605
RU-2605-H24-20710,560,NAKIR,H24,VELZE,RU,2605
RU-2605-H24-20710,561,VELZE,H24,OSSET,RU,2605
RU-2605-H24-20710,562,OSSET,H24,RULEN,RU,2605
RU-2605-H24-20710,563,RULEN,H24,DEMIB,RU,2605
RU-2605-H24-20710,564,DEMIB,H24,SUROL,RU,2605
RU-2605-H24-20710,565,SUROL,H24,ADLAB,RU,2605
RU-2605-H24-20710,566,ADLAB,H24,INDEB,RU,2605
RU-2605-H24-20710,567,INDEB,H24,PENUD,RU,2605
RU-2605-H24-20710,568,PENUD,H24,TISAG,RU,2605
RU-2605-H24-20710,569,TISAG,H24,INSOT,RU,2605
RU-2605-H24-20710,570,INSOT,H24,OLERU,RU,2605
RU-2605-H24-20710,571,OLERU,H24,BITBA,RU,2605
RU-2605-H24-20710,572,BITBA,H24,PODAP,RU,2605
RU-2605-H24-20710,573,PODAP,H24,AMRET,RU,2605
RU-2605-H24-20710,574,AMRET,H24,TUSUP,RU,2605
RU-2605-H24-20710,575,TUSUP,H24,ABDID,RU,2605
RU-2605-H24-20710,576,ABDID,H24,BAGUP,RU,2605
RU-2605-H24-20710,577,BAGUP,H24,PIBER,RU,2605
RU-2605-H24-20710,578,PIBER,H24,AGBOR,RU,2605
RU-2605-H24-20710,579,AGBOR,H24,SOTIS,RU,2605
RU-2605-H24-20710,580,SOTIS,H24,BEMRU,RU,2605
RU-2605-H24-20710,581,BEMRU,H24,TOKRO,RU,2605
RU-2605-H24-20710,582,TOKRO,H24,ABLIK,RU,2605
RU-2605-H24-20710,583,ABLIK,H24,ABDOL,RU,2605
RU-2605-H24-20710,584,ABDOL,H24,LOPRA,RU,2605
RU-2605-H24-20710,585,LOPRA,H24,TAMAD,RU,2605
RU-2605-H24-20710,586,TAMAD,H24,BESNO,RU,2605
RU-2605-H24-20710,587,BESNO,H24,SUGIN,RU,2605
RU-2605-H24-20710,588,SUGIN,H24,DIPMI,RU,2605
RU-2605-H24-20710,589,DIPMI,H24,NIBER,RU,2605
RU-2605-H24-20710,590,NIBER,H24,AMTUR,RU,2605
RU-2605-H24-20710,591,AMTUR,H24,TONSO,RU,2605
RU-2605-H24-20710,592,TONSO,H24,IDANA,RU,2605
RU-2605-H24-20710,593,IDANA,H24,EKKET,RU,2605
RU-2605-H24-20710,594,EKKET,H24,UPEMA,RU,2605
RU-2605-H24-20710,595,UPEMA,H24,OGTUL,RU,2605
RU-2605-H24-20710,596,OGTUL,H24,GOPIL,RU,2605
RU-2605-H24-20710,597,GOPIL,H24,INSOK,RU,2605
RU-2605-H24-20710,598,INSOK,H24,OLIRU,RU,2605
RU-2605-H24-20710,599,OLIRU,H24,KEPZO,RU,2605
RU-2605-H24-20710,600,KEPZO,H24,GISUS,RU,2605
RU-2605-H24-20710,601,GISUS,H24,RUPAD,RU,2605
RU-2605-H24-20710,602,RUPAD,H24,ABELU,RU,2605
RU-2605-H24-20710,603,ABELU,H24,OKLEK,RU,2605
RU-2605-H24-20710,604,OKLEK,H24,BADMI,RU,2605
RU-2605-H24-20710,605,BADMI,H24,BAGUK,RU,2605
RU-2605-H24-20710,606,BAGUK,H24,RILDA,RU,2605
RU-2605-H24-20710,607,RILDA,H24,AMKUK,RU,2605
RU-2605-H24-20710,608,AMKUK,H24,ESONU,RU,2605
RU-2605-H24-20710,609,ESONU,H24,VALSO,RU,2605
RU-2605-H24-20710,610,VALSO,H24,DIPOP,RU,2605
RU-2605-H24-20710,611,DIPOP,H24,OBODA,RU,2605
RU-2605-H24-20710,612,OBODA,H24,BALKI,RU,2605
RU-2605-H24-20710,613,BALKI,H24,OGDAR,RU,2605
RU-2605-H24-20710,614,OGDAR,H24,OLDEM,RU,2605
RU-2605-H24-20710,615,OLDEM,H24,BAGEN,RU,2605
RU-2605-H24-20710,616,BAGEN,H24,GONOK,RU,2605
RU-2605-H24-20710,617,GONOK,H24,RAKOT,RU,2605
RU-2605-H24-20710,618,RAKOT,H24,GIMIR,RU,2605
RU-2605-H24-20710,619,GIMIR,H24,RIKBI,RU,2605
RU-2605-H24-20710,620,RIKBI,H24,LEBUL,RU,2605
RU-2605-H24-20710,621,LEBUL,H24,URMAN,RU,2605
RU-2605-H24-20710,622,URMAN,H24,ATREM,RU,2605
RU-2605-H24-20710,623,ATREM,H24,LUGIK,RU,2605
RU-2605-H24-20710,624,LUGIK,H24,EMGAS,RU,2605
RU-2605-H24-20710,625,EMGAS,H24,EKTUT,RU,2605
RU-2605-H24-20710,626,EKTUT,H24,OSPER,RU,2605
RU-2605-H24-20710,627,OSPER,H24,NIBOK,RU,2605
RU-2605-H24-20710,628,NIBOK,H24,DISKI,RU,2605
RU-2605-H24-20710,629,DISKI,H24,TEDMO,RU,2605
RU-2605-H24-20710,630,TEDMO,H24,PETUK,RU,2605
RU-2605-H24-20710,631,PETUK,H24,OTVUT,RU,2605
RU-2605-H24-20710,632,OTVUT,H24,RITUN,RU,2605
RU-2605-H24-20710,633,RITUN,H24,OLBEG,RU,2605
RU-2605-H24-20710,634,OLBEG,H24,ANIGI,RU,2605
RU-2605-H24-20710,635,ANIGI,H24,TOFRI,RU,2605
RU-2605-H24-20710,636,TOFRI,H24,AMKAT,RU,2605
RU-2605-H24-20710,637,AMKAT,H24,TEKBO,RU,2605
RU-2605-H24-20710,638,TEKBO,H24,DIPGO,RU,2605
RU-2605-H24-20710,639,DIPGO,H24,IPSIL,RU,2605
RU-2605-H24-20710,640,IPSIL,H24,LAMGU,RU,2605
RU-2605-H24-20710,641,LAMGU,H24,ABMOM,RU,2605
RU-2605-H24-20710,642,ABMOM,H24,LUNOM,RU,2605
RU-2605-H24-20710,643,LUNOM,H24,EPOGI,RU,2605
RU-2605-H24-20710,644,EPOGI,H24,ATLOG,RU,2605
RU-2605-H24-20710,645,ATLOG,H24,UPERI,RU,2605
RU-2605-H24-20710,646,UPERI,H24,TOGMO,RU,2605
RU-2605-H24-20710,647,TOGMO,H24,DESUD,RU,2605
RU-2605-H24-20710,648,DESUD,H24,OLEGI,RU,2605
RU-2605-H24-20710,649,OLEGI,H24,OSKAD,RU,2605
RU-2605-H24-20710,650,OSKAD,H24,ADOKU,RU,2605
RU-2605-H24-20710,651,ADOKU,H24,BEKIP,RU,2605
RU-2605-H24-20710,652,BEKIP,H24,UNIGA,RU,2605
RU-2605-H24-20710,653,UNIGA,H24,NETOT,RU,2605
RU-2605-H24-20710,654,NETOT,H24,ASKIB,RU,2605
RU-2605-H24-20710,655,ASKIB,H24,UBOKA,RU,2605
RU-2605-H24-20710,656,UBOKA,H24,NILOT,RU,2605
RU-2605-H24-20710,657,NILOT,H24,RALOD,RU,2605
RU-2605-H24-20710,658,RALOD,H24,LAKIN,RU,2605
RU-2605-H24-20710,659,LAKIN,H24,DOKIR,RU,2605
RU-2605-H24-20710,660,DOKIR,H24,NIKOLAYEVSKNAAMURE,RU,2605
RU-2605-H24-20710,661,NIKOLAYEVSKNAAMURE,H24,NOGRI,RU,2605
RU-2605-H24-20710,662,NOGRI,H24,KUSIT,RU,2605
RU-2605-H24-20710,663,KUSIT,H24,MIGTI,RU,2605
RU-2605-H24-20710,664,MIGTI,H24,BIBET,RU,2605
RU-2605-H24-20710,665,BIBET,H24,IMANA,RU,2605
RU-2605-H24-20710,666,IMANA,H24,NIRGI,RU,2605
RU-2605-H24-20710,667,NIRGI,H24,PINOK,RU,2605
RU-2605-H24-20710,668,PINOK,H24,LALUD,RU,2605
RU-2605-H24-20710,669,LALUD,H24,TOKNU,RU,2605
RU-2605-H24-20710,670,TOKNU,H24,ODATI,RU,2605
RU-2605-H24-20710,671,ODATI,H24,BOKRU,RU,2605
RU-2605-H24-20710,672,BOKRU,H24,GUBLI,RU,2605
RU-2605-H24-20710,673,GUBLI,H24,GENPA,RU,2605
RU-2605-H24-20710,674,GENPA,H24,LAMKO,RU,2605
RU-2605-H24-20710,675,LAMKO,H24,LEKDO,RU,2605
RU-2605-H24-20710,676,LEKDO,H24,OMZER,RU,2605
RU-2605-H24-20710,677,OMZER,H24,AKARU,RU,2605
RU-2605-H24-20710,678,AKARU,H24,VUDGE,RU,2605
RU-2605-H24-20710,679,VUDGE,H24,KETOL,RU,2605
RU-2605-H24-20710,680,KETOL,H24,UNEBO,RU,2605
RU-2605-H24-20710,681,UNEBO,H24,BELOZERSKVORDME,RU,2605
RU-2605-H24-20710,682,BELOZERSKVORDME,H24,OLEMU,RU,2605
RU-2605-H24-20710,683,OLEMU,H24,SUPAN,RU,2605
RU-2605-H24-20710,684,SUPAN,H24,BAMIS,RU,2605
RU-2605-H24-20710,685,BAMIS,H24,RUGOL,RU,2605
RU-2605-H24-20710,686,RUGOL,H24,GIMOS,RU,2605
RU-2605-H24-20710,687,GIMOS,H24,NESPA,RU,2605
RU-2605-H24-20710,688,NESPA,H24,GILEM,RU,2605
RU-2605-H24-20710,689,GILEM,H24,IDIMA,RU,2605
RU-2605-H24-20710,690,IDIMA,H24,SALAK,RU,2605
RU-2605-H24-20710,691,SALAK,H24,OTSON,RU,2605
RU-2605-H24-20710,692,OTSON,H24,GERDO,RU,2605
RU-2605-H24-20710,693,GERDO,H24,NIGES,RU,2605
RU-2605-H24-4307,1,NAMOD,H24,GUSLI,RU,2605
RU-2605-H24-4307,2,GUSLI,H24,TOBLO,RU,2605
RU-2605-H24-4307,3,TOBLO,H24,ABUTO,RU,2605
RU-2605-H24-4307,4,ABUTO,H24,LODKU,RU,2605
RU-2605-H24-4307,5,LODKU,H24,TOGMO,RU,2605
RU-2605-H24-4307,6,TOGMO,H24,UPLOP,RU,2605
RU-2605-H24-4307,7,UPLOP,H24,DOSAG,RU,2605
RU-2605-H24-4307,8,DOSAG,H24,ULKID,RU,2605
RU-2605-H24-4307,9,ULKID,H24,DEDUG,RU,2605
RU-2605-H24-4307,10,DEDUG,H24,ABAGI,RU,2605
RU-2605-H24-4307,11,ABAGI,H24,PISAR,RU,2605
RU-2605-H24-4307,12,PISAR,H24,NERIK,RU,2605
RU-2605-H24-4307,13,NERIK,H24,TUTED,RU,2605
RU-2605-H24-4307,14,TUTED,H24,ATMUK,RU,2605
RU-2605-H24-4307,15,ATMUK,H24,IDESU,RU,2605
RU-2605-H24-4307,16,IDESU,H24,RORNA,RU,2605
RU-2605-H24-4307,17,RORNA,H24,AKOBO,RU,2605
RU-2605-H24-4307,18,AKOBO,H24,LUTUL,RU,2605
RU-2605-H24-4307,19,LUTUL,H24,ODNAL,RU,2605
RU-2605-H24-4307,20,ODNAL,H24,NIBIR,RU,2605
RU-2605-H24-4307,21,NIBIR,H24,DENUD,RU,2605
RU-2605-H24-4307,22,DENUD,H24,BEKAS,RU,2605
RU-2605-H24-4307,23,BEKAS,H24,BESUM,RU,2605
RU-2605-H24-4307,24,BESUM,H24,ODLON,RU,2605
RU-2605-H24-4307,25,ODLON,H24,ULNIR,RU,2605
RU-2605-H24-4307,26,ULNIR,H24,NERTO,RU,2605
RU-2605-H24-4307,27,NERTO,H24,ASNOD,RU,2605
RU-2605-H24-4307,28,ASNOD,H24,PESOB,RU,2605
RU-2605-H24-4307,29,PESOB,H24,AGAMO,RU,2605
RU-2605-H24-4307,30,AGAMO,H24,RIGNI,RU,2605
RU-2605-H24-4307,31,RIGNI,H24,KUPUK,RU,2605
RU-2605-H24-4307,32,KUPUK,H24,ARPIK,RU,2605
RU-2605-H24-4307,33,ARPIK,H24,AMLEN,RU,2605
RU-2605-H24-4307,34,AMLEN,H24,KOMOV,RU,2605
RU-2605-H24-4307,35,KOMOV,H24,UNARI,RU,2605
RU-2605-H24-4307,36,UNARI,H24,PIBER,RU,2605
RU-2605-H24-4307,37,PIBER,H24,PETIR,RU,2605
RU-2605-H24-4307,38,PETIR,H24,ARGIP,RU,2605
RU-2605-H24-4307,39,ARGIP,H24,NERUD,RU,2605
RU-2605-H24-4307,40,NERUD,H24,GINUM,RU,2605
RU-2605-H24-4307,41,GINUM,H24,OBIRA,RU,2605
RU-2605-H24-4307,42,OBIRA,H24,ARNER,RU,2605
RU-2605-H24-4307,43,ARNER,H24,PIGOM,RU,2605
RU-2605-H24-4307,44,PIGOM,H24,RIDSA,RU,2605
RU-2605-H24-4307,45,RIDSA,H24,OSNAN,RU,2605
RU-2605-H24-4307,46,OSNAN,H24,KOKAT,RU,2605
RU-2605-H24-4307,47,KOKAT,H24,LULOR,RU,2605
RU-2605-H24-4307,48,LULOR,H24,PABMA,RU,2605
RU-2605-H24-4557,1,UTITA,H24,DELUL,RU,2605
RU-2605-H24-4557,2,DELUL,H24,INDOS,RU,2605
RU-2605-H24-4557,3,INDOS,H24,ARNER,RU,2605
RU-2605-H24-4557,4,ARNER,H24,RUPAD,RU,2605
RU-2605-H24-4557,5,RUPAD,H24,TODSA,RU,2605
RU-2605-H24-4557,6,TODSA,H24,TUSUP,RU,2605
RU-2605-H24-4557,7,TUSUP,H24,PINEG,RU,2605
RU-2605-H24-4557,8,PINEG,H24,GOSUM,RU,2605
RU-2605-H24-4557,9,GOSUM,H24,NIDMA,RU,2605
RU-2605-H24-4557,10,NIDMA,H24,MUFRI,RU,2605
RU-2605-H24-4557,11,MUFRI,H24,IBEBO,RU,2605
RU-2605-H24-4557,12,IBEBO,H24,UKHTAVORDME,RU,2605
RU-2605-H24-4557,13,UKHTAVORDME,H24,OKRAN,RU,2605
RU-2605-H24-4557,14,OKRAN,H24,ODMOR,RU,2605
RU-2605-H24-4557,15,ODMOR,H24,EPOTI,RU,2605
RU-2605-H24-4557,16,EPOTI,H24,GOGAT,RU,2605
RU-2605-H24-4557,17,GOGAT,H24,ERUSA,RU,2605
RU-2605-H24-4557,18,ERUSA,H24,KAZUZ,RU,2605
RU-2605-H24-4557,19,KAZUZ,H24,SORLI,RU,2605
RU-2605-H24-4557,20,SORLI,H24,ABGIL,RU,2605
RU-2605-H24-4557,21,ABGIL,H24,LARTU,RU,2605
RU-2605-H24-4557,22,LARTU,H24,NEGNA,RU,2605
RU-2605-H24-4557,23,NEGNA,H24,OGIKA,RU,2605
RU-2605-H24-4557,24,OGIKA,H24,ULGUN,RU,2605
RU-2605-H24-4557,25,ULGUN,H24,APRAN,RU,2605
RU-2605-H24-4557,26,APRAN,H24,TETSI,RU,2605
RU-2605-H24-4557,27,TETSI,H24,NIZHNEVARTOVSKDVORDME,RU,2605
RU-2605-H24-4557,28,NIZHNEVARTOVSKDVORDME,H24,GEBSI,RU,2605
RU-2605-H24-4557,29,GEBSI,H24,IRBOM,RU,2605
RU-2605-H24-4557,30,IRBOM,H24,BAPTA,RU,2605
RU-2605-H24-4557,31,BAPTA,H24,ABGER,RU,2605
RU-2605-H24-4557,32,ABGER,H24,SUROL,RU,2605
RU-2605-H24-4557,33,SUROL,H24,OKBUM,RU,2605
RU-2605-H24-4557,34,OKBUM,H24,NIKUB,RU,2605
RU-2605-H24-4557,35,NIKUB,H24,APTOL,RU,2605
RU-2605-H24-4557,36,APTOL,H24,SONAT,RU,2605
RU-2605-H24-4557,37,SONAT,H24,ANDAT,RU,2605
RU-2605-H24-4557,38,ANDAT,H24,LORPI,RU,2605
RU-2605-H24-4557,39,LORPI,H24,DORAK,RU,2605
RU-2605-H24-4557,40,DORAK,H24,MEGTE,RU,2605
RU-2605-H24-4557,41,MEGTE,H24,APSAS,RU,2605
RU-2605-H24-4557,42,APSAS,H24,AKEGA,RU,2605
RU-2605-H24-4557,43,AKEGA,H24,ODETI,RU,2605
RU-2605-H24-4557,44,ODETI,H24,TIPNA,RU,2605
RU-2605-H24-4557,45,TIPNA,H24,INSOK,RU,2605
RU-2605-H24-4557,46,INSOK,H24,ROSNI,RU,2605
RU-2605-H24-4557,47,ROSNI,H24,VUZMI,RU,2605
RU-2605-H24-4557,48,VUZMI,H24,LEDBA,RU,2605
RU-2605-H24-4557,49,LEDBA,H24,OSKEM,RU,2605
RU-2605-H24-4557,50,OSKEM,H24,BESNO,RU,2605
RU-2605-H24-4557,51,BESNO,H24,UMODI,RU,2605
RU-2605-H24-4557,52,UMODI,H24,UTETA,RU,2605
RU-2605-H24-4557,53,UTETA,H24,ATLUM,RU,2605
RU-2605-H24-4557,54,ATLUM,H24,BEGSI,RU,2605
RU-2605-H24-4557,55,BEGSI,H24,BEDKI,RU,2605
RU-2605-H24-4557,56,BEDKI,H24,MIKFO,RU,2605
RU-2605-H24-4557,57,MIKFO,H24,AMLUK,RU,2605
RU-2605-H24-4557,58,AMLUK,H24,BATID,RU,2605
RU-2605-H24-4557,59,BATID,H24,GESPI,RU,2605
RU-2605-H24-4557,60,GESPI,H24,NESNO,RU,2605
RU-2605-H24-4557,61,NESNO,H24,ODFUG,RU,2605
RU-2605-H24-4557,62,ODFUG,H24,DOKOD,RU,2605
RU-2605-H24-4557,63,DOKOD,H24,OMOBU,RU,2605
RU-2605-H24-4557,64,OMOBU,H24,TUNOB,RU,2605
RU-2605-H24-4557,65,TUNOB,H24,BALOB,RU,2605
RU-2605-H24-4557,66,BALOB,H24,DIBAB,RU,2605
RU-2605-H24-4557,67,DIBAB,H24,AGNOG,RU,2605
RU-2605-H24-4557,68,AGNOG,H24,OLNUP,RU,2605
RU-2605-H24-4557,69,OLNUP,H24,OGIDA,RU,2605
RU-2605-H24-4557,70,OGIDA,H24,OKTIP,RU,2605
RU-2605-H24-4557,71,OKTIP,H24,DIKIN,RU,2605
RU-2605-H24-4557,72,DIKIN,H24,UNANI,RU,2605
RU-2605-H24-4557,73,UNANI,H24,IBZON,RU,2605
RU-2605-H24-4557,74,IBZON,H24,OBETU,RU,2605
RU-2605-H24-4557,75,OBETU,H24,SUMOM,RU,2605
RU-2605-H24-4557,76,SUMOM,H24,LUMAT,RU,2605
RU-2605-H24-4557,77,LUMAT,H24,KUKID,RU,2605
RU-2605-H24-4557,78,KUKID,H24,LEMBO,RU,2605
RU-2605-H24-4557,79,LEMBO,H24,EDOLI,RU,2605
RU-2605-H24-4557,80,EDOLI,H24,UTALU,RU,2605
RU-2605-H24-4557,81,UTALU,H24,LULED,RU,2605
RU-2605-H24-4557,82,LULED,H24,ROROL,RU,2605
RU-2605-H24-4557,83,ROROL,H24,OBEKI,RU,2605
RU-2605-H24-4557,84,OBEKI,H24,KESUM,RU,2605
RU-2605-H24-4557,85,KESUM,H24,LIBZI,RU,2605
RU-2605-H24-4557,86,LIBZI,H24,RINMU,RU,2605
RU-2605-H24-4557,87,RINMU,H24,BIVNA,RU,2605
RU-2605-H24-4557,88,BIVNA,H24,TUTEK,RU,2605
RU-2605-H24-4557,89,TUTEK,H24,KUDEB,RU,2605
RU-2605-H24-4557,90,KUDEB,H24,ERSIP,RU,2605
RU-2605-H24-4557,91,ERSIP,H24,TISUP,RU,2605
RU-2605-H24-4557,92,TISUP,H24,BEKPU,RU,2605
RU-2605-H24-4557,93,BEKPU,H24,UNZIR,RU,2605
RU-2605-H24-4557,94,UNZIR,H24,GOPAP,RU,2605
RU-2605-H24-4557,95,GOPAP,H24,BD,RU,2605
RU-2605-H24-4557,96,BD,H24,BOKIS,RU,2605
RU-2605-H24-4557,97,BOKIS,H24,ROKVO,RU,2605
RU-2605-H24-4557,98,ROKVO,H24,SOPTI,RU,2605
RU-2605-H24-4557,99,SOPTI,H24,GUFOS,RU,2605
RU-2605-H24-4557,100,GUFOS,H24,TR,RU,2605
RU-2605-H24-4557,101,TR,H24,GRIBA,RU,2605
RU-2605-H24-4557,102,GRIBA,H24,RIPLA,RU,2605
RU-2605-H24-4557,103,RIPLA,H24,EKVER,RU,2605
RU-2605-H24-4557,104,EKVER,H24,SKERD,RU,2605
RU-2605-H24-4557,105,SKERD,H24,NH,RU,2605
RU-2605-H24-4557,106,NH,H24,KA,RU,2605
RU-2605-H24-4557,107,KA,H24,GATRI,RU,2605
RU-2605-H24-4557,108,GATRI,H24,OTMOL,RU,2605
RU-2605-H24-4557,109,OTMOL,H24,KUKUM,RU,2605
RU-2605-H24-4557,110,KUKUM,H24,GIMET,RU,2605
RU-2605-H24-4557,111,GIMET,H24,OTLES,RU,2605
RU-2605-H24-4557,112,OTLES,H24,UNAKI,RU,2605
RU-2605-H24-4557,113,UNAKI,H24,BINGI,RU,2605
RU-2605-H24-4557,114,BINGI,H24,ODIMA,RU,2605
RU-2605-H24-4557,115,ODIMA,H24,LURAM,RU,2605
RU-2605-H24-4557,116,LURAM,H24,ARBUK,RU,2605
RU-2605-H24-4557,117,ARBUK,H24,DOMED,RU,2605
RU-2605-H24-4557,118,DOMED,H24,ZUTNA,RU,2605
RU-2605-H24-4557,119,ZUTNA,H24,RINOV,RU,2605
RU-2605-H24-4557,120,RINOV,H24,KUDEP,RU,2605
RU-2605-H24-4557,121,KUDEP,H24,ABGAR,RU,2605
RU-2605-H24-4557,122,ABGAR,H24,ULKAM,RU,2605
RU-2605-H24-4557,123,ULKAM,H24,LEPES,RU,2605
RU-2605-H24-4557,124,LEPES,H24,NONRA,RU,2605
RU-2605-H24-4557,125,NONRA,H24,AGOMI,RU,2605
RU-2605-H24-4557,126,AGOMI,H24,BALKI,RU,2605
RU-2605-H24-4557,127,BALKI,H24,MONAG,RU,2605
RU-2605-H24-4557,128,MONAG,H24,MISOR,RU,2605
RU-2605-H24-4557,129,MISOR,H24,BI,RU,2605
RU-2605-H24-4557,130,BI,H24,OSVOD,RU,2605
RU-2605-H24-4557,131,OSVOD,H24,ANESO,RU,2605
RU-2605-H24-4557,132,ANESO,H24,PENOP,RU,2605
RU-2605-H24-4557,133,PENOP,H24,BEKAL,RU,2605
RU-2605-H24-4557,134,BEKAL,H24,MOLAG,RU,2605
RU-2605-H24-4557,135,MOLAG,H24,SAKUR,RU,2605
RU-2605-H24-4557,136,SAKUR,H24,ODITA,RU,2605
RU-2605-H24-4557,137,ODITA,H24,SURIN,RU,2605
RU-2605-H24-4557,138,SURIN,H24,POLIARNYVORDME,RU,2605
RU-2605-H24-4557,139,POLIARNYVORDME,H24,SULOP,RU,2605
RU-2605-H24-4557,140,SULOP,H24,OKIMA,RU,2605
RU-2605-H24-4557,141,OKIMA,H24,ARTUN,RU,2605
RU-2605-H24-4557,142,ARTUN,H24,VEDEK,RU,2605
RU-2605-H24-4557,143,VEDEK,H24,RETMA,RU,2605
RU-2605-H24-4557,144,RETMA,H24,DILAG,RU,2605
RU-2605-H24-4557,145,DILAG,H24,INROL,RU,2605
RU-2605-H24-4557,146,INROL,H24,TOMBA,RU,2605
RU-2605-H24-4557,147,TOMBA,H24,BEDNA,RU,2605
RU-2605-H24-4557,148,BEDNA,H24,IDORA,RU,2605
RU-2605-H24-4557,149,IDORA,H24,ARELI,RU,2605
RU-2605-H24-4557,150,ARELI,H24,RIDLO,RU,2605
RU-2605-H24-4557,151,RIDLO,H24,MOKET,RU,2605
RU-2605-H24-4557,152,MOKET,H24,MANOD,RU,2605
RU-2605-H24-4557,153,MANOD,H24,DOTAK,RU,2605
RU-2605-H24-4557,154,DOTAK,H24,GIGAT,RU,2605
RU-2605-H24-4557,155,GIGAT,H24,DOMON,RU,2605
RU-2605-H24-4557,156,DOMON,H24,LAPNI,RU,2605
RU-2605-H24-4557,157,LAPNI,H24,URIMA,RU,2605
RU-2605-H24-4557,158,URIMA,H24,IVADA,RU,2605
RU-2605-H24-4557,159,IVADA,H24,AKSUN,RU,2605
RU-2605-H24-4557,160,AKSUN,H24,NENUR,RU,2605
RU-2605-H24-4557,161,NENUR,H24,TEMRA,RU,2605
RU-2605-H24-4557,162,TEMRA,H24,ODONI,RU,2605
RU-2605-H24-4557,163,ODONI,H24,VASIN,RU,2605
RU-2605-H24-4557,164,VASIN,H24,OLDAN,RU,2605
RU-2605-H24-4557,165,OLDAN,H24,LEPRO,RU,2605
RU-2605-H24-4557,166,LEPRO,H24,TENLA,RU,2605
RU-2605-H24-4557,167,TENLA,H24,BEKES,RU,2605
RU-2605-H24-4557,168,BEKES,H24,DASKO,RU,2605
RU-2605-H24-4557,169,DASKO,H24,BAGDU,RU,2605
RU-2605-H24-4557,170,BAGDU,H24,LALET,RU,2605
RU-2605-H24-4557,171,LALET,H24,AMUPI,RU,2605
RU-2605-H24-4557,172,AMUPI,H24,KUNON,RU,2605
RU-2605-H24-4557,173,KUNON,H24,OKBER,RU,2605
RU-2605-H24-4557,174,OKBER,H24,ARNUP,RU,2605
RU-2605-H24-4557,175,ARNUP,H24,OBERI,RU,2605
RU-2605-H24-4557,176,OBERI,H24,URETA,RU,2605
RU-2605-H24-4557,177,URETA,H24,LIGDA,RU,2605
RU-2605-H24-4557,178,LIGDA,H24,SOLNI,RU,2605
RU-2605-H24-4557,179,SOLNI,H24,ODVOL,RU,2605
RU-2605-H24-4557,180,ODVOL,H24,GITEN,RU,2605
RU-2605-H24-4557,181,GITEN,H24,NATOM,RU,2605
RU-2605-H24-4557,182,NATOM,H24,ODANA,RU,2605
RU-2605-H24-4557,183,ODANA,H24,LALUG,RU,2605
RU-2605-H24-4557,184,LALUG,H24,DINTO,RU,2605
RU-2605-H24-4557,185,DINTO,H24,VEDAL,RU,2605
RU-2605-H24-4557,186,VEDAL,H24,LANIM,RU,2605
RU-2605-H24-4557,187,LANIM,H24,OLEMU,RU,2605
RU-2605-H24-4557,188,OLEMU,H24,ROPIG,RU,2605
RU-2605-H24-4557,189,ROPIG,H24,AGADA,RU,2605
RU-2605-H24-4557,190,AGADA,H24,TIKMI,RU,2605
RU-2605-H24-4557,191,TIKMI,H24,HATANGAVORDME,RU,2605
RU-2605-H24-4557,192,HATANGAVORDME,H24,RELTA,RU,2605
RU-2605-H24-4557,193,RELTA,H24,NEBOL,RU,2605
RU-2605-H24-4557,194,NEBOL,H24,OLODI,RU,2605
RU-2605-H24-4557,195,OLODI,H24,LEBKA,RU,2605
RU-2605-H24-4557,196,LEBKA,H24,DOSON,RU,2605
RU-2605-H24-4557,197,DOSON,H24,URELI,RU,2605
RU-2605-H24-4557,198,URELI,H24,GOLOM,RU,2605
RU-2605-H24-4557,199,GOLOM,H24,SUNEB,RU,2605
RU-2605-H24-4557,200,SUNEB,H24,TUMOK,RU,2605
RU-2605-H24-4557,201,TUMOK,H24,LABAR,RU,2605
RU-2605-H24-4557,202,LABAR,H24,GISAP,RU,2605
RU-2605-H24-4557,203,GISAP,H24,NAMIP,RU,2605
RU-2605-H24-4557,204,NAMIP,H24,DINUL,RU,2605
RU-2605-H24-4557,205,DINUL,H24,OKRID,RU,2605
RU-2605-H24-4557,206,OKRID,H24,PESUS,RU,2605
RU-2605-H24-4557,207,PESUS,H24,GOSUR,RU,2605
RU-2605-H24-4557,208,GOSUR,H24,ORTIB,RU,2605
RU-2605-H24-4557,209,ORTIB,H24,NARYANMARVORDME,RU,2605
RU-2605-H24-4557,210,NARYANMARVORDME,H24,TISNA,RU,2605
RU-2605-H24-4557,211,TISNA,H24,LUSEK,RU,2605
RU-2605-H24-4557,212,LUSEK,H24,DIRPU,RU,2605
RU-2605-H24-4557,213,DIRPU,H24,OGBAS,RU,2605
RU-2605-H24-4557,214,OGBAS,H24,NAKIR,RU,2605
RU-2605-H24-4557,215,NAKIR,H24,LEDNA,RU,2605
RU-2605-H24-4557,216,LEDNA,H24,ROGIS,RU,2605
RU-2605-H24-4557,217,ROGIS,H24,AMRET,RU,2605
RU-2605-H24-4557,218,AMRET,H24,KUTOB,RU,2605
RU-2605-H24-4557,219,KUTOB,H24,ROMUM,RU,2605
RU-2605-H24-4557,220,ROMUM,H24,KEPAG,RU,2605
RU-2605-H24-4557,221,KEPAG,H24,OKBOS,RU,2605
RU-2605-H24-4557,222,OKBOS,H24,KORHE,RU,2605
RU-2605-H24-4557,223,KORHE,H24,UFLIK,RU,2605
RU-2605-H24-4557,224,UFLIK,H24,LUTAG,RU,2605
RU-2605-H24-4557,225,LUTAG,H24,SIGFA,RU,2605
RU-2605-H24-4557,226,SIGFA,H24,VELFA,RU,2605
RU-2605-H24-4557,227,VELFA,H24,UVROK,RU,2605
RU-2605-H24-4557,228,UVROK,H24,AMEGO,RU,2605
RU-2605-H24-4557,229,AMEGO,H24,DEVID,RU,2605
RU-2605-H24-4557,230,DEVID,H24,BADRO,RU,2605
RU-2605-H24-4557,231,BADRO,H24,BESON,RU,2605
RU-2605-H24-4557,232,BESON,H24,EDONI,RU,2605
RU-2605-H24-4557,233,EDONI,H24,TOLIK,RU,2605
RU-2605-H24-4557,234,TOLIK,H24,INTES,RU,2605
RU-2605-H24-4557,235,INTES,H24,BUMET,RU,2605
RU-2605-H24-4557,236,BUMET,H24,RUNIP,RU,2605
RU-2605-H24-4557,237,RUNIP,H24,ARBUL,RU,2605
RU-2605-H24-4557,238,ARBUL,H24,TURMA,RU,2605
RU-2605-H24-4557,239,TURMA,H24,OSNAR,RU,2605
RU-2605-H24-4557,240,OSNAR,H24,GOPTA,RU,2605
RU-2605-H24-4557,241,GOPTA,H24,TEGMO,RU,2605
RU-2605-H24-4557,242,TEGMO,H24,BAGAL,RU,2605
RU-2605-H24-4557,243,BAGAL,H24,VELNA,RU,2605
RU-2605-H24-4557,244,VELNA,H24,RITON,RU,2605
RU-2605-H24-4557,245,RITON,H24,BEPLA,RU,2605
RU-2605-H24-4557,246,BEPLA,H24,GOMAK,RU,2605
RU-2605-H24-4557,247,GOMAK,H24,RUNOG,RU,2605
RU-2605-H24-4557,248,RUNOG,H24,BRATSKVORDME,RU,2605
RU-2605-H24-4557,249,BRATSKVORDME,H24,OTLIP,RU,2605
RU-2605-H24-4557,250,OTLIP,H24,GIMED,RU,2605
RU-2605-H24-4557,251,GIMED,H24,NAPEG,RU,2605
RU-2605-H24-4557,252,NAPEG,H24,AGEMA,RU,2605
RU-2605-H24-4557,253,AGEMA,H24,NEBOK,RU,2605
RU-2605-H24-4557,254,NEBOK,H24,LADUT,RU,2605
RU-2605-H24-4557,255,LADUT,H24,REBKO,RU,2605
RU-2605-H24-4557,256,REBKO,H24,MAPUT,RU,2605
RU-2605-H24-4557,257,MAPUT,H24,PISEM,RU,2605
RU-2605-H24-4557,258,PISEM,H24,AMDAN,RU,2605
RU-2605-H24-4557,259,AMDAN,H24,ABRES,RU,2605
RU-2605-H24-4557,260,ABRES,H24,LUTEM,RU,2605
RU-2605-H24-4557,261,LUTEM,H24,RITOT,RU,2605
RU-2605-H24-4557,262,RITOT,H24,TIDRO,RU,2605
RU-2605-H24-4557,263,TIDRO,H24,OLKES,RU,2605
RU-2605-H24-4557,264,OLKES,H24,OLMIN,RU,2605
RU-2605-H24-4557,265,OLMIN,H24,TURAN,RU,2605
RU-2605-H24-4557,266,TURAN,H24,TUTET,RU,2605
RU-2605-H24-4557,267,TUTET,H24,GINOP,RU,2605
RU-2605-H24-4557,268,GINOP,H24,RIMOM,RU,2605
RU-2605-H24-4557,269,RIMOM,H24,UGBUL,RU,2605
RU-2605-H24-4557,270,UGBUL,H24,LITLU,RU,2605
RU-2605-H24-4557,271,LITLU,H24,AGIDU,RU,2605
RU-2605-H24-4557,272,AGIDU,H24,NIMLI,RU,2605
RU-2605-H24-4557,273,NIMLI,H24,ASKIB,RU,2605
RU-2605-H24-4557,274,ASKIB,H24,RATOP,RU,2605
RU-2605-H24-4557,275,RATOP,H24,UMRAK,RU,2605
RU-2605-H24-4557,276,UMRAK,H24,GIRUD,RU,2605
RU-2605-H24-4557,277,GIRUD,H24,LUNOG,RU,2605
RU-2605-H24-4557,278,LUNOG,H24,RISIP,RU,2605
RU-2605-H24-4557,279,RISIP,H24,NOGDA,RU,2605
RU-2605-H24-4557,280,NOGDA,H24,LUSOP,RU,2605
RU-2605-H24-4557,281,LUSOP,H24,RIRMA,RU,2605
RU-2605-H24-4557,282,RIRMA,H24,DOMOR,RU,2605
RU-2605-H24-4557,283,DOMOR,H24,SIPVI,RU,2605
RU-2605-H24-4557,284,SIPVI,H24,NERPA,RU,2605
RU-2605-H24-4557,285,NERPA,H24,SUROK,RU,2605
RU-2605-H24-4557,286,SUROK,H24,ULSER,RU,2605
RU-2605-H24-4557,287,ULSER,H24,NELAG,RU,2605
RU-2605-H24-4557,288,NELAG,H24,BENAN,RU,2605
RU-2605-H24-4557,289,BENAN,H24,RUGIM,RU,2605
RU-2605-H24-4557,290,RUGIM,H24,MOKSI,RU,2605
RU-2605-H24-4557,291,MOKSI,H24,FA,RU,2605
RU-2605-H24-4557,292,FA,H24,NEGOD,RU,2605
RU-2605-H24-4557,293,NEGOD,H24,NEBUL,RU,2605
RU-2605-H24-4557,294,NEBUL,H24,KEGES,RU,2605
RU-2605-H24-4557,295,KEGES,H24,MORAB,RU,2605
RU-2605-H24-4557,296,MORAB,H24,GUDMA,RU,2605
RU-2605-H24-4557,297,GUDMA,H24,REDGA,RU,2605
RU-2605-H24-4557,298,REDGA,H24,MAGIT,RU,2605
RU-2605-H24-4557,299,MAGIT,H24,BAMOK,RU,2605
RU-2605-H24-4557,300,BAMOK,H24,DIPNA,RU,2605
RU-2605-H24-4557,301,DIPNA,H24,NOKRO,RU,2605
RU-2605-H24-4557,302,NOKRO,H24,IBRAS,RU,2605
RU-2605-H24-4557,303,IBRAS,H24,RAPAK,RU,2605
RU-2605-H24-4557,304,RAPAK,H24,RIMLI,RU,2605
RU-2605-H24-4557,305,RIMLI,H24,OTLER,RU,2605
RU-2605-H24-4557,306,OTLER,H24,NETRI,RU,2605
RU-2605-H24-4557,307,NETRI,H24,DONIS,RU,2605
RU-2605-H24-4557,308,DONIS,H24,ODERI,RU,2605
RU-2605-H24-4557,309,ODERI,H24,SERNA,RU,2605
RU-2605-H24-4557,310,SERNA,H24,GUSIN,RU,2605
RU-2605-H24-4557,311,GUSIN,H24,BUMES,RU,2605
RU-2605-H24-4557,312,BUMES,H24,BALOG,RU,2605
RU-2605-H24-4557,313,BALOG,H24,GINAD,RU,2605
RU-2605-H24-4557,314,GINAD,H24,AKUPI,RU,2605
RU-2605-H24-4557,315,AKUPI,H24,TOBSA,RU,2605
RU-2605-H24-4557,316,TOBSA,H24,SOTOK,RU,2605
RU-2605-H24-4557,317,SOTOK,H24,TUPLI,RU,2605
RU-2605-H24-4557,318,TUPLI,H24,LUMIG,RU,2605
RU-2605-H24-4557,319,LUMIG,H24,ABLAS,RU,2605
RU-2605-H24-4557,320,ABLAS,H24,ROMIP,RU,2605
RU-2605-H24-4557,321,ROMIP,H24,UNDAT,RU,2605
RU-2605-H24-4557,322,UNDAT,H24,TUREM,RU,2605
RU-2605-H24-4557,323,TUREM,H24,KERUK,RU,2605
RU-2605-H24-4557,324,KERUK,H24,UREPA,RU,2605
RU-2605-H24-4557,325,UREPA,H24,OKONI,RU,2605
RU-2605-H24-4557,326,OKONI,H24,UNILA,RU,2605
RU-2605-H24-4557,327,UNILA,H24,MOLOD,RU,2605
RU-2605-H24-4557,328,MOLOD,H24,ADOLI,RU,2605
RU-2605-H24-4557,329,ADOLI,H24,LEMRI,RU,2605
RU-2605-H24-4557,330,LEMRI,H24,BENEN,RU,2605
RU-2605-H24-4557,331,BENEN,H24,VEDOT,RU,2605
RU-2605-H24-4557,332,VEDOT,H24,USATO,RU,2605
RU-2605-H24-4557,333,USATO,H24,TUSUM,RU,2605
RU-2605-H24-4557,334,TUSUM,H24,BINTA,RU,2605
RU-2605-H24-4557,335,BINTA,H24,KUTET,RU,2605
RU-2605-H24-4557,336,KUTET,H24,MOTEM,RU,2605
RU-2605-H24-4557,337,MOTEM,H24,RAVUL,RU,2605
RU-2605-H24-4557,338,RAVUL,H24,ABERI,RU,2605
RU-2605-H24-4557,339,ABERI,H24,KUNER,RU,2605
RU-2605-H24-4557,340,KUNER,H24,TIGNU,RU,2605
RU-2605-H24-4557,341,TIGNU,H24,PILUN,RU,2605
RU-2605-H24-4557,342,PILUN,H24,IPTER,RU,2605
RU-2605-H24-4557,343,IPTER,H24,AGURI,RU,2605
RU-2605-H24-4557,344,AGURI,H24,PETIV,RU,2605
RU-2605-H24-4557,345,PETIV,H24,BELEK,RU,2605
RU-2605-H24-4557,346,BELEK,H24,RODOK,RU,2605
RU-2605-H24-4557,347,RODOK,H24,EKTEN,RU,2605
RU-2605-H24-4557,348,EKTEN,H24,DIMEG,RU,2605
RU-2605-H24-4557,349,DIMEG,H24,KORIR,RU,2605
RU-2605-H24-4557,350,KORIR,H24,RUSUR,RU,2605
RU-2605-H24-4557,351,RUSUR,H24,IDNID,RU,2605
RU-2605-H24-4557,352,IDNID,H24,DILUP,RU,2605
RU-2605-H24-4557,353,DILUP,H24,ROTSU,RU,2605
RU-2605-H24-4557,354,ROTSU,H24,RELNU,RU,2605
RU-2605-H24-4557,355,RELNU,H24,OKAMO,RU,2605
RU-2605-H24-4557,356,OKAMO,H24,UBIRA,RU,2605
RU-2605-H24-4557,357,UBIRA,H24,KUSIT,RU,2605
RU-2605-H24-4557,358,KUSIT,H24,MIPMA,RU,2605
RU-2605-H24-4557,359,MIPMA,H24,IPTEN,RU,2605
RU-2605-H24-4557,360,IPTEN,H24,AGNOK,RU,2605
RU-2605-H24-4557,361,AGNOK,H24,GEKTO,RU,2605
RU-2605-H24-4557,362,GEKTO,H24,ABGUL,RU,2605
RU-2605-H24-4557,363,ABGUL,H24,PERMBOLSHOESAVINO,RU,2605
RU-2605-H24-4557,364,PERMBOLSHOESAVINO,H24,GOLAD,RU,2605
RU-2605-H24-4557,365,GOLAD,H24,KRAKI,RU,2605
RU-2605-H24-4557,366,KRAKI,H24,BADOM,RU,2605
RU-2605-H24-4557,367,BADOM,H24,RUNET,RU,2605
RU-2605-H24-4557,368,RUNET,H24,BLAGOVESHCHENSKIGNATYEVO,RU,2605
RU-2605-H24-4557,369,BLAGOVESHCHENSKIGNATYEVO,H24,SIMLI,RU,2605
RU-2605-H24-4557,370,SIMLI,H24,INTAR,RU,2605
RU-2605-H24-4557,371,INTAR,H24,UPETO,RU,2605
RU-2605-H24-4557,372,UPETO,H24,DOGUR,RU,2605
RU-2605-H24-4557,373,DOGUR,H24,TUSNO,RU,2605
RU-2605-H24-4557,374,TUSNO,H24,SAMARAKURUMOCH,RU,2605
RU-2605-H24-4557,375,SAMARAKURUMOCH,H24,RULEM,RU,2605
RU-2605-H24-4557,376,RULEM,H24,NITOD,RU,2605
RU-2605-H24-4557,377,NITOD,H24,TIPKO,RU,2605
RU-2605-H24-4557,378,TIPKO,H24,DENUD,RU,2605
RU-2605-H24-4557,379,DENUD,H24,GUTAN,RU,2605
RU-2605-H24-4557,380,GUTAN,H24,OKDIS,RU,2605
RU-2605-H24-4557,381,OKDIS,H24,PODUT,RU,2605
RU-2605-H24-4557,382,PODUT,H24,PIMAM,RU,2605
RU-2605-H24-4557,383,PIMAM,H24,ORENBURGVORDME,RU,2605
RU-2605-H24-4557,384,ORENBURGVORDME,H24,RONIB,RU,2605
RU-2605-H24-4557,385,RONIB,H24,MULTA,RU,2605
RU-2605-H24-4557,386,MULTA,H24,NEDSA,RU,2605
RU-2605-H24-4557,387,NEDSA,H24,RALUT,RU,2605
RU-2605-H24-4557,388,RALUT,H24,MOLEB,RU,2605
RU-2605-H24-4557,389,MOLEB,H24,BEKMI,RU,2605
RU-2605-H24-4557,390,BEKMI,H24,ADEMA,RU,2605
RU-2605-H24-4557,391,ADEMA,H24,LUREG,RU,2605
RU-2605-H24-4557,392,LUREG,H24,BALUD,RU,2605
RU-2605-H24-4557,393,BALUD,H24,GIMON,RU,2605
RU-2605-H24-4557,394,GIMON,H24,SONEP,RU,2605
RU-2605-H24-4557,395,SONEP,H24,NALEL,RU,2605
RU-2605-H24-4557,396,NALEL,H24,BOGDA,RU,2605
RU-2605-H24-4557,397,BOGDA,H24,LAGOM,RU,2605
RU-2605-H24-4557,398,LAGOM,H24,SUBEP,RU,2605
RU-2605-H24-4557,399,SUBEP,H24,UMTIT,RU,2605
RU-2605-H24-4557,400,UMTIT,H24,PERAG,RU,2605
RU-2605-H24-4557,401,PERAG,H24,DIGUR,RU,2605
RU-2605-H24-4557,402,DIGUR,H24,DISEB,RU,2605
RU-2605-H24-4557,403,DISEB,H24,ROGRI,RU,2605
RU-2605-H24-4557,404,ROGRI,H24,DITLI,RU,2605
RU-2605-H24-4557,405,DITLI,H24,ABLOR,RU,2605
RU-2605-H24-4557,406,ABLOR,H24,KUDED,RU,2605
RU-2605-H24-4557,407,KUDED,H24,MINPU,RU,2605
RU-2605-H24-4557,408,MINPU,H24,DIKDA,RU,2605
RU-2605-H24-4557,409,DIKDA,H24,DETEG,RU,2605
RU-2605-H24-4557,410,DETEG,H24,OGPAS,RU,2605
RU-2605-H24-4557,411,OGPAS,H24,ULRES,RU,2605
RU-2605-H24-4557,412,ULRES,H24,GIMAK,RU,2605
RU-2605-H24-4557,413,GIMAK,H24,BIBLI,RU,2605
RU-2605-H24-4557,414,BIBLI,H24,AKERA,RU,2605
RU-2605-H24-4557,415,AKERA,H24,RURAK,RU,2605
RU-2605-H24-4557,416,RURAK,H24,KUSEB,RU,2605
RU-2605-H24-4557,417,KUSEB,H24,BASAB,RU,2605
RU-2605-H24-4557,418,BASAB,H24,GINUR,RU,2605
RU-2605-H24-4557,419,GINUR,H24,NELTI,RU,2605
RU-2605-H24-4557,420,NELTI,H24,IRMAK,RU,2605
RU-2605-H24-4557,421,IRMAK,H24,BAKUN,RU,2605
RU-2605-H24-4557,422,BAKUN,H24,ROMUL,RU,2605
RU-2605-H24-4557,423,ROMUL,H24,SALAK,RU,2605
RU-2605-H24-4557,424,SALAK,H24,IRBIS,RU,2605
RU-2605-H24-4557,425,IRBIS,H24,GIBRI,RU,2605
RU-2605-H24-4557,426,GIBRI,H24,KOPZI,RU,2605
RU-2605-H24-4557,427,KOPZI,H24,DORIP,RU,2605
RU-2605-H24-4557,428,DORIP,H24,PEKUN,RU,2605
RU-2605-H24-4557,429,PEKUN,H24,BIPLU,RU,2605
RU-2605-H24-4557,430,BIPLU,H24,OKTEN,RU,2605
RU-2605-H24-4557,431,OKTEN,H24,GAKPO,RU,2605
RU-2605-H24-4557,432,GAKPO,H24,OKDIR,RU,2605
RU-2605-H24-4557,433,OKDIR,H24,URAMO,RU,2605
RU-2605-H24-4557,434,URAMO,H24,IDIMA,RU,2605
RU-2605-H24-4557,435,IDIMA,H24,OGTIL,RU,2605
RU-2605-H24-4557,436,OGTIL,H24,GIKSI,RU,2605
RU-2605-H24-4557,437,GIKSI,H24,UNGUL,RU,2605
RU-2605-H24-4557,438,UNGUL,H24,LIBDU,RU,2605
RU-2605-H24-4557,439,LIBDU,H24,PANAR,RU,2605
RU-2605-H24-4557,440,PANAR,H24,ARPOG,RU,2605
RU-2605-H24-4557,441,ARPOG,H24,LEDNU,RU,2605
RU-2605-H24-4557,442,LEDNU,H24,BEMON,RU,2605
RU-2605-H24-4557,443,BEMON,H24,BUNIT,RU,2605
RU-2605-H24-4557,444,BUNIT,H24,GONRA,RU,2605
RU-2605-H24-4557,445,GONRA,H24,OSPAT,RU,2605
RU-2605-H24-4557,446,OSPAT,H24,YAKUTSKVORDME,RU,2605
RU-2605-H24-4557,447,YAKUTSKVORDME,H24,ABDAD,RU,2605
RU-2605-H24-4557,448,ABDAD,H24,PEMON,RU,2605
RU-2605-H24-4557,449,PEMON,H24,AMDUS,RU,2605
RU-2605-H24-4557,450,AMDUS,H24,RUTOG,RU,2605
RU-2605-H24-4557,451,RUTOG,H24,OLURA,RU,2605
RU-2605-H24-4557,452,OLURA,H24,ARKOD,RU,2605
RU-2605-H24-4557,453,ARKOD,H24,RUTIN,RU,2605
RU-2605-H24-4557,454,RUTIN,H24,REBNO,RU,2605
RU-2605-H24-4557,455,REBNO,H24,ROSBA,RU,2605
RU-2605-H24-4557,456,ROSBA,H24,BALOM,RU,2605
RU-2605-H24-4557,457,BALOM,H24,ABATA,RU,2605
RU-2605-H24-4557,458,ABATA,H24,RUNON,RU,2605
RU-2605-H24-4557,459,RUNON,H24,OKSEL,RU,2605
RU-2605-H24-4557,460,OKSEL,H24,BAGOT,RU,2605
RU-2605-H24-4557,461,BAGOT,H24,OKLOS,RU,2605
RU-2605-H24-4557,462,OKLOS,H24,OTRUL,RU,2605
RU-2605-H24-4557,463,OTRUL,H24,LOGRI,RU,2605
RU-2605-H24-4557,464,LOGRI,H24,IDMUN,RU,2605
RU-2605-H24-4557,465,IDMUN,H24,ORTAN,RU,2605
RU-2605-H24-4557,466,ORTAN,H24,TIGLA,RU,2605
RU-2605-H24-4557,467,TIGLA,H24,PEMID,RU,2605
RU-2605-H24-4557,468,PEMID,H24,NATUR,RU,2605
RU-2605-H24-4557,469,NATUR,H24,TEPIN,RU,2605
RU-2605-H24-4557,470,TEPIN,H24,RABID,RU,2605
RU-2605-H24-4557,471,RABID,H24,DOGIS,RU,2605
RU-2605-H24-4557,472,DOGIS,H24,VIKRI,RU,2605
RU-2605-H24-4557,473,VIKRI,H24,FRENK,RU,2605
RU-2605-H24-4557,474,FRENK,H24,NEKON,RU,2605
RU-2605-H24-4557,475,NEKON,H24,NISEL,RU,2605
RU-2605-H24-4557,476,NISEL,H24,ROPNA,RU,2605
RU-2605-H24-4557,477,ROPNA,H24,TALAP,RU,2605
RU-2605-H24-4557,478,TALAP,H24,ODETA,RU,2605
RU-2605-H24-4557,479,ODETA,H24,RANOP,RU,2605
RU-2605-H24-4557,480,RANOP,H24,BATMA,RU,2605
RU-2605-H24-4557,481,BATMA,H24,KUMOG,RU,2605
RU-2605-H24-4557,482,KUMOG,H24,DENUK,RU,2605
RU-2605-H24-4557,483,DENUK,H24,STENA,RU,2605
RU-2605-H24-4557,484,STENA,H24,LA,RU,2605
RU-2605-H24-4557,485,LA,H24,MELEK,RU,2605
RU-2605-H24-4557,486,MELEK,H24,KUTAL,RU,2605
RU-2605-H24-4557,487,KUTAL,H24,USORU,RU,2605
RU-2605-H24-4557,488,USORU,H24,ETNUR,RU,2605
RU-2605-H24-4557,489,ETNUR,H24,RUZEN,RU,2605
RU-2605-H24-4557,490,RUZEN,H24,BEKOP,RU,2605
RU-2605-H24-4557,491,BEKOP,H24,ABLEB,RU,2605
RU-2605-H24-4557,492,ABLEB,H24,UGNOR,RU,2605
RU-2605-H24-4557,493,UGNOR,H24,ULKAS,RU,2605
RU-2605-H24-4557,494,ULKAS,H24,ETARA,RU,2605
RU-2605-H24-4557,495,ETARA,H24,OKMUT,RU,2605
RU-2605-H24-4557,496,OKMUT,H24,AKEBA,RU,2605
RU-2605-H24-4557,497,AKEBA,H24,RUMUB,RU,2605
RU-2605-H24-4557,498,RUMUB,H24,ULSIB,RU,2605
RU-2605-H24-4557,499,ULSIB,H24,OGSOM,RU,2605
RU-2605-H24-4557,500,OGSOM,H24,MOTIN,RU,2605
RU-2605-H24-4557,501,MOTIN,H24,BUMON,RU,2605
RU-2605-H24-4557,502,BUMON,H24,RENVE,RU,2605
RU-2605-H24-4557,503,RENVE,H24,RUPAG,RU,2605
RU-2605-H24-4557,504,RUPAG,H24,SOPEG,RU,2605
RU-2605-H24-4557,505,SOPEG,H24,USAGA,RU,2605
RU-2605-H24-4557,506,USAGA,H24,ADNEL,RU,2605
RU-2605-H24-4557,507,ADNEL,H24,GIKSA,RU,2605
RU-2605-H24-4557,508,GIKSA,H24,BOLNI,RU,2605
RU-2605-H24-4557,509,BOLNI,H24,INREP,RU,2605
RU-2605-H24-4557,510,INREP,H24,TEMGA,RU,2605
RU-2605-H24-4557,511,TEMGA,H24,EROBI,RU,2605
RU-2605-H24-4557,512,EROBI,H24,TISRE,RU,2605
RU-2605-H24-4557,513,TISRE,H24,DIBUL,RU,2605
RU-2605-H24-4557,514,DIBUL,H24,TURDI,RU,2605
RU-2605-H24-4557,515,TURDI,H24,TISOM,RU,2605
RU-2605-H24-4557,516,TISOM,H24,RENBA,RU,2605
RU-2605-H24-4557,517,RENBA,H24,RUSUS,RU,2605
RU-2605-H24-4557,518,RUSUS,H24,OTPOL,RU,2605
RU-2605-H24-4557,519,OTPOL,H24,LAROM,RU,2605
RU-2605-H24-4557,520,LAROM,H24,RASIL,RU,2605
RU-2605-H24-4557,521,RASIL,H24,KELEK,RU,2605
RU-2605-H24-4557,522,KELEK,H24,VERIT,RU,2605
RU-2605-H24-4557,523,VERIT,H24,OTNAK,RU,2605
RU-2605-H24-4557,524,OTNAK,H24,BIPKA,RU,2605
RU-2605-H24-4557,525,BIPKA,H24,MOVIT,RU,2605
RU-2605-H24-4557,526,MOVIT,H24,NOKEZ,RU,2605
RU-2605-H24-4557,527,NOKEZ,H24,ATKUP,RU,2605
RU-2605-H24-4557,528,ATKUP,H24,LIMUS,RU,2605
RU-2605-H24-4557,529,LIMUS,H24,SOBKE,RU,2605
RU-2605-H24-4557,530,SOBKE,H24,TALAM,RU,2605
RU-2605-H24-4557,531,TALAM,H24,PESED,RU,2605
RU-2605-H24-4557,532,PESED,H24,ROPUT,RU,2605
RU-2605-H24-4557,533,ROPUT,H24,DOLOT,RU,2605
RU-2605-H24-4557,534,DOLOT,H24,SOBLO,RU,2605
RU-2605-H24-4557,535,SOBLO,H24,NL,RU,2605
RU-2605-H24-4557,536,NL,H24,NOMPA,RU,2605
RU-2605-H24-4557,537,NOMPA,H24,IPKOR,RU,2605
RU-2605-H24-4557,538,IPKOR,H24,KUGOS,RU,2605
RU-2605-H24-4557,539,KUGOS,H24,DIPAS,RU,2605
RU-2605-H24-4557,540,DIPAS,H24,PIDIT,RU,2605
RU-2605-H24-4557,541,PIDIT,H24,INBAK,RU,2605
RU-2605-H24-4557,542,INBAK,H24,ALINO,RU,2605
RU-2605-H24-4557,543,ALINO,H24,SOGTA,RU,2605
RU-2605-H24-4557,544,SOGTA,H24,UTOMU,RU,2605
RU-2605-H24-4557,545,UTOMU,H24,NALEG,RU,2605
RU-2605-H24-4557,546,NALEG,H24,MEBUP,RU,2605
RU-2605-H24-4557,547,MEBUP,H24,TOFRI,RU,2605
RU-2605-H24-4557,548,TOFRI,H24,TUMIT,RU,2605
RU-2605-H24-4557,549,TUMIT,H24,SUMOL,RU,2605
RU-2605-H24-4557,550,SUMOL,H24,SUGUL,RU,2605
RU-2605-H24-4557,551,SUGUL,H24,IBROK,RU,2605
RU-2605-H24-4557,552,IBROK,H24,BOMKI,RU,2605
RU-2605-H24-4557,553,BOMKI,H24,PERUN,RU,2605
RU-2605-H24-4557,554,PERUN,H24,KETOL,RU,2605
RU-2605-H24-4557,555,KETOL,H24,ROGID,RU,2605
RU-2605-H24-4557,556,ROGID,H24,PILAN,RU,2605
RU-2605-H24-4557,557,PILAN,H24,ROMOG,RU,2605
RU-2605-H24-4557,558,ROMOG,H24,BOGBI,RU,2605
RU-2605-H24-4557,559,BOGBI,H24,ASNOD,RU,2605
RU-2605-H24-4557,560,ASNOD,H24,GUDEB,RU,2605
RU-2605-H24-4557,561,GUDEB,H24,PABMA,RU,2605
RU-2605-H24-4557,562,PABMA,H24,KUSAG,RU,2605
RU-2605-H24-4557,563,KUSAG,H24,ODOBA,RU,2605
RU-2605-H24-4557,564,ODOBA,H24,GIKUR,RU,2605
RU-2605-H24-4557,565,GIKUR,H24,MOGPI,RU,2605
RU-2605-H24-4557,566,MOGPI,H24,ODMET,RU,2605
RU-2605-H24-4557,567,ODMET,H24,UMKAN,RU,2605
RU-2605-H24-4557,568,UMKAN,H24,ORSUR,RU,2605
RU-2605-H24-4557,569,ORSUR,H24,DIGOK,RU,2605
RU-2605-H24-4557,570,DIGOK,H24,NETEG,RU,2605
RU-2605-H24-4557,571,NETEG,H24,INBAP,RU,2605
RU-2605-H24-4557,572,INBAP,H24,ROBGA,RU,2605
RU-2605-H24-4557,573,ROBGA,H24,OSDIR,RU,2605
RU-2605-H24-4557,574,OSDIR,H24,GILAP,RU,2605
RU-2605-H24-4557,575,GILAP,H24,ABNOL,RU,2605
RU-2605-H24-4557,576,ABNOL,H24,KUGEK,RU,2605
RU-2605-H24-4557,577,KUGEK,H24,VELIKIYELUKIVORDME,RU,2605
RU-2605-H24-4557,578,VELIKIYELUKIVORDME,H24,SUDER,RU,2605
RU-2605-H24-4557,579,SUDER,H24,OLAGO,RU,2605
RU-2605-H24-4557,580,OLAGO,H24,DIGAM,RU,2605
RU-2605-H24-4557,581,DIGAM,H24,ROMOK,RU,2605
RU-2605-H24-4557,582,ROMOK,H24,RAKUR,RU,2605
RU-2605-H24-4557,583,RAKUR,H24,NEVKA,RU,2605
RU-2605-H24-4557,584,NEVKA,H24,TUNSA,RU,2605
RU-2605-H24-4557,585,TUNSA,H24,BIRMA,RU,2605
RU-2605-H24-4557,586,BIRMA,H24,BABIN,RU,2605
RU-2605-H24-4557,587,BABIN,H24,GISMA,RU,2605
RU-2605-H24-4557,588,GISMA,H24,TINOG,RU,2605
RU-2605-H24-4557,589,TINOG,H24,ABITI,RU,2605
RU-2605-H24-4557,590,ABITI,H24,LUKAS,RU,2605
RU-2605-H24-4557,591,LUKAS,H24,OGTON,RU,2605
RU-2605-H24-4557,592,OGTON,H24,NIBOD,RU,2605
RU-2605-H24-4557,593,NIBOD,H24,LIBMI,RU,2605
RU-2605-H24-4557,594,LIBMI,H24,OKPAR,RU,2605
RU-2605-H24-4557,595,OKPAR,H24,YEKATERINBURGKOLTSOVO,RU,2605
RU-2605-H24-4557,596,YEKATERINBURGKOLTSOVO,H24,UMTEK,RU,2605
RU-2605-H24-4557,597,UMTEK,H24,LUNAG,RU,2605
RU-2605-H24-4557,598,LUNAG,H24,ADAGI,RU,2605
RU-2605-H24-4557,599,ADAGI,H24,ENIGO,RU,2605
RU-2605-H24-4557,600,ENIGO,H24,NILET,RU,2605
RU-2605-H24-4557,601,NILET,H24,KOSID,RU,2605
RU-2605-H24-4557,602,KOSID,H24,INGEN,RU,2605
RU-2605-H24-4557,603,INGEN,H24,MOKNA,RU,2605
RU-2605-H24-4557,604,MOKNA,H24,MUROT,RU,2605
RU-2605-H24-4557,605,MUROT,H24,KERUN,RU,2605
RU-2605-H24-4557,606,KERUN,H24,MIRDU,RU,2605
RU-2605-H24-4557,607,MIRDU,H24,RUGUT,RU,2605
RU-2605-H24-4557,608,RUGUT,H24,GENRU,RU,2605
RU-2605-H24-4557,609,GENRU,H24,UTEPA,RU,2605
RU-2605-H24-4557,610,UTEPA,H24,OTNET,RU,2605
RU-2605-H24-4557,611,OTNET,H24,IDMOR,RU,2605
RU-2605-H24-4557,612,IDMOR,H24,EKSER,RU,2605
RU-2605-H24-4557,613,EKSER,H24,GEMPU,RU,2605
RU-2605-H24-4557,614,GEMPU,H24,INKEB,RU,2605
RU-2605-H24-4557,615,INKEB,H24,DOGOB,RU,2605
RU-2605-H24-4557,616,DOGOB,H24,IBROT,RU,2605
RU-2605-H24-4557,617,IBROT,H24,NENVA,RU,2605
RU-2605-H24-4557,618,NENVA,H24,EKPIR,RU,2605
RU-2605-H24-4557,619,EKPIR,H24,TEKBO,RU,2605
RU-2605-H24-4557,620,TEKBO,H24,OGDAT,RU,2605
RU-2605-H24-4557,621,OGDAT,H24,ELMOD,RU,2605
RU-2605-H24-4557,622,ELMOD,H24,DIPOP,RU,2605
RU-2605-H24-4557,623,DIPOP,H24,GIDLI,RU,2605
RU-2605-H24-4557,624,GIDLI,H24,AGLAN,RU,2605
RU-2605-H24-4557,625,AGLAN,H24,DURTI,RU,2605
RU-2605-H24-4557,626,DURTI,H24,ODNAP,RU,2605
RU-2605-H24-4557,627,ODNAP,H24,BOMGI,RU,2605
RU-2605-H24-4557,628,BOMGI,H24,SONUN,RU,2605
RU-2605-H24-4557,629,SONUN,H24,AGMUT,RU,2605
RU-2605-H24-4557,630,AGMUT,H24,IGORO,RU,2605
RU-2605-H24-4557,631,IGORO,H24,LATMI,RU,2605
RU-2605-H24-4557,632,LATMI,H24,OLMOR,RU,2605
RU-2605-H24-4557,633,OLMOR,H24,OKPAN,RU,2605
RU-2605-H24-4557,634,OKPAN,H24,GAREK,RU,2605
RU-2605-H24-4557,635,GAREK,H24,SUNUN,RU,2605
RU-2605-H24-4557,636,SUNUN,H24,RAVKA,RU,2605
RU-2605-H24-4557,637,RAVKA,H24,STAPA,RU,2605
RU-2605-H24-4557,638,STAPA,H24,SOSEB,RU,2605
RU-2605-H24-4557,639,SOSEB,H24,RUMAP,RU,2605
RU-2605-H24-4557,640,RUMAP,H24,OTRAM,RU,2605
RU-2605-H24-4557,641,OTRAM,H24,DITBI,RU,2605
RU-2605-H24-4557,642,DITBI,H24,OPOKA,RU,2605
RU-2605-H24-4557,643,OPOKA,H24,LUMIT,RU,2605
RU-2605-H24-4557,644,LUMIT,H24,TIRAS,RU,2605
RU-2605-H24-4557,645,TIRAS,H24,ABUTO,RU,2605
RU-2605-H24-4557,646,ABUTO,H24,KUBOK,RU,2605
RU-2605-H24-4557,647,KUBOK,H24,ELRIS,RU,2605
RU-2605-H24-4557,648,ELRIS,H24,OSLAK,RU,2605
RU-2605-H24-4557,649,OSLAK,H24,UMSIS,RU,2605
RU-2605-H24-4557,650,UMSIS,H24,IRLIB,RU,2605
RU-2605-H24-4557,651,IRLIB,H24,TEDMO,RU,2605
RU-2605-H24-4557,652,TEDMO,H24,OLARA,RU,2605
RU-2605-H24-4557,653,OLARA,H24,NEDKU,RU,2605
RU-2605-H24-4557,654,NEDKU,H24,AMAMU,RU,2605
RU-2605-H24-4557,655,AMAMU,H24,LUGIL,RU,2605
RU-2605-H24-4557,656,LUGIL,H24,ERNID,RU,2605
RU-2605-H24-4557,657,ERNID,H24,GOKTI,RU,2605
RU-2605-H24-4557,658,GOKTI,H24,BENOB,RU,2605
RU-2605-H24-4557,659,BENOB,H24,RILKU,RU,2605
RU-2605-H24-4557,660,RILKU,H24,IRGUM,RU,2605
RU-2605-H24-4557,661,IRGUM,H24,REBRA,RU,2605
RU-2605-H24-4557,662,REBRA,H24,ARSES,RU,2605
RU-2605-H24-4557,663,ARSES,H24,RULAT,RU,2605
RU-2605-H24-4557,664,RULAT,H24,OLNAD,RU,2605
RU-2605-H24-4557,665,OLNAD,H24,RINTA,RU,2605
RU-2605-H24-4557,666,RINTA,H24,OTKAM,RU,2605
RU-2605-H24-4557,667,OTKAM,H24,OLIKU,RU,2605
RU-2605-H24-4557,668,OLIKU,H24,AGDUM,RU,2605
RU-2605-H24-4557,669,AGDUM,H24,TIRBU,RU,2605
RU-2605-H24-4557,670,TIRBU,H24,AMRIR,RU,2605
RU-2605-H24-4557,671,AMRIR,H24,BALIT,RU,2605
RU-2605-H24-4557,672,BALIT,H24,GISON,RU,2605
RU-2605-H24-4557,673,GISON,H24,GOMIR,RU,2605
RU-2605-H24-4557,674,GOMIR,H24,ADOBA,RU,2605
RU-2605-H24-4557,675,ADOBA,H24,AKTAS,RU,2605
RU-2605-H24-4557,676,AKTAS,H24,RUSNE,RU,2605
RU-2605-H24-4557,677,RUSNE,H24,ASNIG,RU,2605
RU-2605-H24-4557,678,ASNIG,H24,KALININGRADKHRABROVO,RU,2605
RU-2605-H24-4557,679,KALININGRADKHRABROVO,H24,URAMA,RU,2605
RU-2605-H24-4557,680,URAMA,H24,GOMED,RU,2605
RU-2605-H24-4557,681,GOMED,H24,BODRO,RU,2605
RU-2605-H24-4557,682,BODRO,H24,FORMA,RU,2605
RU-2605-H24-4557,683,FORMA,H24,PELUG,RU,2605
RU-2605-H24-4557,684,PELUG,H24,ITVUL,RU,2605
RU-2605-H24-4557,685,ITVUL,H24,PELOR,RU,2605
RU-2605-H24-4557,686,PELOR,H24,AGONA,RU,2605
RU-2605-H24-4557,687,AGONA,H24,TURIP,RU,2605
RU-2605-H24-4557,688,TURIP,H24,REPMI,RU,2605
RU-2605-H24-4557,689,REPMI,H24,RUTAM,RU,2605
RU-2605-H24-4557,690,RUTAM,H24,GITOV,RU,2605
RU-2605-H24-4557,691,GITOV,H24,IVGOR,RU,2605
RU-2605-H24-4557,692,IVGOR,H24,LASKA,RU,2605
RU-2605-H24-4557,693,LASKA,H24,DITEK,RU,2605
RU-2605-H24-4557,694,DITEK,H24,KOTOD,RU,2605
RU-2605-H24-4557,695,KOTOD,H24,GOLMA,RU,2605
RU-2605-H24-4557,696,GOLMA,H24,UP,RU,2605
RU-2605-H24-4557,697,UP,H24,BASKO,RU,2605
RU-2605-H24-4557,698,BASKO,H24,LIDUS,RU,2605
RU-2605-H24-4557,699,LIDUS,H24,SUBED,RU,2605
RU-2605-H24-4557,700,SUBED,H24,SL,RU,2605
RU-2605-H24-4557,701,SL,H24,MOLED,RU,2605
RU-2605-H24-4557,702,MOLED,H24,OBABI,RU,2605
RU-2605-H24-4557,703,OBABI,H24,MONAB,RU,2605
RU-2605-H24-4557,704,MONAB,H24,RINGU,RU,2605
RU-2605-H24-4557,705,RINGU,H24,EPOGI,RU,2605
RU-2605-H24-4557,706,EPOGI,H24,TUKMO,RU,2605
RU-2605-H24-4557,707,TUKMO,H24,IPRIG,RU,2605
RU-2605-H24-4557,708,IPRIG,H24,NEGLE,RU,2605
RU-2605-H24-4557,709,NEGLE,H24,UDAPO,RU,2605
RU-2605-H24-4557,710,UDAPO,H24,OLOPI,RU,2605
RU-2605-H24-4557,711,OLOPI,H24,PIKID,RU,2605
RU-2605-H24-4557,712,PIKID,H24,LAKEG,RU,2605
RU-2605-H24-4557,713,LAKEG,H24,NATLO,RU,2605
RU-2605-H24-4557,714,NATLO,H24,OBUKI,RU,2605
RU-2605-H24-4557,715,OBUKI,H24,USIDA,RU,2605
RU-2605-H24-4557,716,USIDA,H24,NUDKO,RU,2605
RU-2605-H24-4557,717,NUDKO,H24,PINOK,RU,2605
RU-2605-H24-4557,718,PINOK,H24,NINGO,RU,2605
RU-2605-H24-4557,719,NINGO,H24,TULPA,RU,2605
RU-2605-H24-4557,720,TULPA,H24,GENPA,RU,2605
RU-2605-H24-4557,721,GENPA,H24,TURAT,RU,2605
RU-2605-H24-4557,722,TURAT,H24,DERFU,RU,2605
RU-2605-H24-4557,723,DERFU,H24,OBARO,RU,2605
RU-2605-H24-4557,724,OBARO,H24,OLKUD,RU,2605
RU-2605-H24-4557,725,OLKUD,H24,OTPAD,RU,2605
RU-2605-H24-4557,726,OTPAD,H24,AKOSA,RU,2605
RU-2605-H24-4557,727,AKOSA,H24,EKTUT,RU,2605
RU-2605-H24-4557,728,EKTUT,H24,GIGDO,RU,2605
RU-2605-H24-4557,729,GIGDO,H24,ABMOM,RU,2605
RU-2605-H24-4557,730,ABMOM,H24,RONUM,RU,2605
RU-2605-H24-4557,731,RONUM,H24,OLBEG,RU,2605
RU-2605-H24-4557,732,OLBEG,H24,RUTUB,RU,2605
RU-2605-H24-4557,733,RUTUB,H24,GEDNI,RU,2605
RU-2605-H24-4557,734,GEDNI,H24,AMUTI,RU,2605
RU-2605-H24-4557,735,AMUTI,H24,ST,RU,2605
RU-2605-H24-4557,736,ST,H24,VOLGOGRADGUMRAK,RU,2605
RU-2605-H24-4557,737,VOLGOGRADGUMRAK,H24,TUSAB,RU,2605
RU-2605-H24-4557,738,TUSAB,H24,NOKLI,RU,2605
RU-2605-H24-4557,739,NOKLI,H24,DUBOS,RU,2605
RU-2605-H24-4557,740,DUBOS,H24,OLINU,RU,2605
RU-2605-H24-4557,741,OLINU,H24,BALEL,RU,2605
RU-2605-H24-4557,742,BALEL,H24,BODNA,RU,2605
RU-2605-H24-4557,743,BODNA,H24,BEGNU,RU,2605
RU-2605-H24-4557,744,BEGNU,H24,GORNU,RU,2605
RU-2605-H24-4557,745,GORNU,H24,MOMER,RU,2605
RU-2605-H24-4557,746,MOMER,H24,KUDAS,RU,2605
RU-2605-H24-4557,747,KUDAS,H24,PENUK,RU,2605
RU-2605-H24-4557,748,PENUK,H24,BISNA,RU,2605
RU-2605-H24-4557,749,BISNA,H24,LAPTO,RU,2605
RU-2605-H24-4557,750,LAPTO,H24,OKRAR,RU,2605
RU-2605-H24-4557,751,OKRAR,H24,TAFIK,RU,2605
RU-2605-H24-4557,752,TAFIK,H24,OKARU,RU,2605
RU-2605-H24-4557,753,OKARU,H24,URILU,RU,2605
RU-2605-H24-4557,754,URILU,H24,OGEMO,RU,2605
RU-2605-H24-4557,755,OGEMO,H24,UGBES,RU,2605
RU-2605-H24-4557,756,UGBES,H24,NIRGA,RU,2605
RU-2605-H24-4557,757,NIRGA,H24,IKZAL,RU,2605
RU-2605-H24-4557,758,IKZAL,H24,ADOSU,RU,2605
RU-2605-H24-4557,759,ADOSU,H24,UMSUR,RU,2605
RU-2605-H24-4557,760,UMSUR,H24,BIMDI,RU,2605
RU-2605-H24-4557,761,BIMDI,H24,NEPUT,RU,2605
RU-2605-H24-4557,762,NEPUT,H24,AGNAR,RU,2605
RU-2605-H24-4557,763,AGNAR,H24,GIMKI,RU,2605
RU-2605-H24-4557,764,GIMKI,H24,INROD,RU,2605
RU-2605-H24-4557,765,INROD,H24,BASED,RU,2605
RU-2605-H24-4557,766,BASED,H24,INBAL,RU,2605
RU-2605-H24-4557,767,INBAL,H24,INGIM,RU,2605
RU-2605-H24-4557,768,INGIM,H24,IRMAL,RU,2605
RU-2605-H24-4557,769,IRMAL,H24,RATGA,RU,2605
RU-2605-H24-4557,770,RATGA,H24,RODAT,RU,2605
RU-2605-H24-4557,771,RODAT,H24,KOMEK,RU,2605
RU-2605-H24-4557,772,KOMEK,H24,TOBMA,RU,2605
RU-2605-H24-4557,773,TOBMA,H24,OKDON,RU,2605
RU-2605-H24-4557,774,OKDON,H24,NEPEN,RU,2605
RU-2605-H24-4557,775,NEPEN,H24,MIFAN,RU,2605
RU-2605-H24-4557,776,MIFAN,H24,BODAYBOVORDME,RU,2605
RU-2605-H24-4557,777,BODAYBOVORDME,H24,DIPEN,RU,2605
RU-2605-H24-4557,778,DIPEN,H24,IVPAR,RU,2605
RU-2605-H24-4557,779,IVPAR,H24,PINNU,RU,2605
RU-2605-H24-4557,780,PINNU,H24,OLKOP,RU,2605
RU-2605-H24-4557,781,OLKOP,H24,NOLZO,RU,2605
RU-2605-H24-4557,782,NOLZO,H24,IRZET,RU,2605
RU-2605-H24-4557,783,IRZET,H24,ARDIB,RU,2605
RU-2605-H24-4557,784,ARDIB,H24,VOBBO,RU,2605
RU-2605-H24-4557,785,VOBBO,H24,TITOL,RU,2605
RU-2605-H24-4557,786,TITOL,H24,LATEN,RU,2605
RU-2605-H24-4557,787,LATEN,H24,ADOTI,RU,2605
RU-2605-H24-4557,788,ADOTI,H24,PIBOL,RU,2605
RU-2605-H24-4557,789,PIBOL,H24,TIMUN,RU,2605
RU-2605-H24-4557,790,TIMUN,H24,ANODI,RU,2605
RU-2605-H24-4557,791,ANODI,H24,LIKUN,RU,2605
RU-2605-H24-4557,792,LIKUN,H24,DOGOT,RU,2605
RU-2605-H24-4557,793,DOGOT,H24,NARKI,RU,2605
RU-2605-H24-4557,794,NARKI,H24,TISBI,RU,2605
RU-2605-H24-4557,795,TISBI,H24,ARKUK,RU,2605
RU-2605-H24-4557,796,ARKUK,H24,ADIBI,RU,2605
RU-2605-H24-4557,797,ADIBI,H24,LISBI,RU,2605
RU-2605-H24-4557,798,LISBI,H24,TIKMA,RU,2605
RU-2605-H24-4557,799,TIKMA,H24,AGODI,RU,2605
RU-2605-H24-4557,800,AGODI,H24,NERNA,RU,2605
RU-2605-H24-4557,801,NERNA,H24,UFENI,RU,2605
RU-2605-H24-4557,802,UFENI,H24,LEDBI,RU,2605
RU-2605-H24-4557,803,LEDBI,H24,BEMRU,RU,2605
RU-2605-H24-4557,804,BEMRU,H24,RUDAM,RU,2605
RU-2605-H24-4557,805,RUDAM,H24,GIMDA,RU,2605
RU-2605-H24-4557,806,GIMDA,H24,GOBOM,RU,2605
RU-2605-H24-4557,807,GOBOM,H24,MIGRI,RU,2605
RU-2605-H24-4557,808,MIGRI,H24,RENTU,RU,2605
RU-2605-H24-4557,809,RENTU,H24,ABINU,RU,2605
RU-2605-H24-4557,810,ABINU,H24,OSKIT,RU,2605
RU-2605-H24-4557,811,OSKIT,H24,KUKSA,RU,2605
RU-2605-H24-4557,812,KUKSA,H24,REBGA,RU,2605
RU-2605-H24-4557,813,REBGA,H24,SUNAD,RU,2605
RU-2605-H24-4557,814,SUNAD,H24,NIPRA,RU,2605
RU-2605-H24-4557,815,NIPRA,H24,ARKIM,RU,2605
RU-2605-H24-4557,816,ARKIM,H24,UNISO,RU,2605
RU-2605-H24-4557,817,UNISO,H24,MASOL,RU,2605
RU-2605-H24-4557,818,MASOL,H24,APSUD,RU,2605
RU-2605-H24-4557,819,APSUD,H24,LUMUL,RU,2605
RU-2605-H24-4557,820,LUMUL,H24,ANIGI,RU,2605
RU-2605-H24-4557,821,ANIGI,H24,TIMTU,RU,2605
RU-2605-H24-4557,822,TIMTU,H24,MALUT,RU,2605
RU-2605-H24-4557,823,MALUT,H24,UBONA,RU,2605
RU-2605-H24-4557,824,UBONA,H24,RORGU,RU,2605
RU-2605-H24-4557,825,RORGU,H24,SUPUD,RU,2605
RU-2605-H24-4557,826,SUPUD,H24,ENOSI,RU,2605
RU-2605-H24-4557,827,ENOSI,H24,BULAT,RU,2605
RU-2605-H24-4557,828,BULAT,H24,UNBEL,RU,2605
RU-2605-H24-4557,829,UNBEL,H24,UPEMA,RU,2605
RU-2605-H24-4557,830,UPEMA,H24,OLIRU,RU,2605
RU-2605-H24-4557,831,OLIRU,H24,GIPEN,RU,2605
RU-2605-H24-4557,832,GIPEN,H24,OTRUP,RU,2605
RU-2605-H24-4557,833,OTRUP,H24,LIRKI,RU,2605
RU-2605-H24-4557,834,LIRKI,H24,RUBLU,RU,2605
RU-2605-H24-4557,835,RUBLU,H24,ALUGU,RU,2605
RU-2605-H24-4557,836,ALUGU,H24,RUNUD,RU,2605
RU-2605-H24-4557,837,RUNUD,H24,ARKOK,RU,2605
RU-2605-H24-4557,838,ARKOK,H24,GOTIL,RU,2605
RU-2605-H24-4557,839,GOTIL,H24,INDUL,RU,2605
RU-2605-H24-4557,840,INDUL,H24,ANAGI,RU,2605
RU-2605-H24-4557,841,ANAGI,H24,ABLOG,RU,2605
RU-2605-H24-4557,842,ABLOG,H24,OGURA,RU,2605
RU-2605-H24-4557,843,OGURA,H24,SUDIR,RU,2605
RU-2605-H24-4557,844,SUDIR,H24,ND,RU,2605
RU-2605-H24-4557,845,ND,H24,LENIR,RU,2605
RU-2605-H24-4557,846,LENIR,H24,ROPTA,RU,2605
RU-2605-H24-9324,1,ADNET,H24,EMGER,RU,2605
RU-2605-H24-9324,2,EMGER,H24,PROZR,RU,2605
RU-2605-H24-9324,3,PROZR,H24,TABAN,RU,2605
RU-2605-H24-9324,4,TABAN,H24,OGMOS,RU,2605
RU-2605-H24-9324,5,OGMOS,H24,TUDEK,RU,2605
RU-2605-H24-9324,6,TUDEK,H24,BEBLU,RU,2605
RU-2605-H24-9324,7,BEBLU,H24,NIBOD,RU,2605
RU-2605-H24-9324,8,NIBOD,H24,MALIB,RU,2605
RU-2605-H24-9324,9,MALIB,H24,TINRI,RU,2605
RU-2605-H24-9324,10,TINRI,H24,DELEN,RU,2605
RU-2605-H24-9324,11,DELEN,H24,ALAGI,RU,2605
RU-2605-H24-9324,12,ALAGI,H24,MAPUN,RU,2605
RU-2605-H24-9324,13,MAPUN,H24,KOVUD,RU,2605
RU-2605-H24-9324,14,KOVUD,H24,LARUS,RU,2605
RU-2605-H24-9324,15,LARUS,H24,PIGUR,RU,2605
RU-2605-H24-9324,16,PIGUR,H24,NODRA,RU,2605
RU-2605-H24-9324,17,NODRA,H24,GITIR,RU,2605
RU-2605-H24-9324,18,GITIR,H24,ABELO,RU,2605
RU-2605-H24-9324,19,ABELO,H24,NETLU,RU,2605
RU-2605-H24-9324,20,NETLU,H24,ATKOR,RU,2605
RU-2605-H24-9324,21,ATKOR,H24,BEBIR,RU,2605
RU-2605-H24-9324,22,BEBIR,H24,MONAR,RU,2605
RU-2605-H24-9324,23,MONAR,H24,PIKOK,RU,2605
RU-2605-H24-9324,24,PIKOK,H24,KUGET,RU,2605
RU-2605-H24-9324,25,KUGET,H24,PENIG,RU,2605
RU-2605-H24-9324,26,PENIG,H24,DIPAR,RU,2605
RU-2605-H24-9324,27,DIPAR,H24,SALEKHARDVORDME,RU,2605
RU-2605-H24-9324,28,SALEKHARDVORDME,H24,SONUG,RU,2605
RU-2605-H24-9324,29,SONUG,H24,BAVRU,RU,2605
RU-2605-H24-9324,30,BAVRU,H24,GERPI,RU,2605
RU-2605-H24-9324,31,GERPI,H24,TALNA,RU,2605
RU-2605-H24-9324,32,TALNA,H24,AGOMI,RU,2605
RU-2605-H24-9324,33,AGOMI,H24,OSLIG,RU,2605
RU-2605-H24-9324,34,OSLIG,H24,BATNA,RU,2605
RU-2605-H24-9324,35,BATNA,H24,OLDAP,RU,2605
RU-2605-H24-9324,36,OLDAP,H24,OKRIL,RU,2605
RU-2605-H24-9324,37,OKRIL,H24,LIVDA,RU,2605
RU-2605-H24-9324,38,LIVDA,H24,NAVUG,RU,2605
RU-2605-H24-9324,39,NAVUG,H24,MINMA,RU,2605
RU-2605-H24-9324,40,MINMA,H24,BILRU,RU,2605
RU-2605-H24-9324,41,BILRU,H24,TEMGU,RU,2605
RU-2605-H24-9324,42,TEMGU,H24,RIRLA,RU,2605
RU-2605-H24-9324,43,RIRLA,H24,ODNAP,RU,2605
RU-2605-H24-9324,44,ODNAP,H24,TEDNI,RU,2605
RU-2605-H24-9324,45,TEDNI,H24,RIBKO,RU,2605
RU-2605-H24-9324,46,RIBKO,H24,VALSO,RU,2605
RU-2605-H24-9324,47,VALSO,H24,ROSUB,RU,2605
RU-2605-H24-9324,48,ROSUB,H24,TUMUN,RU,2605
RU-2605-H24-9324,49,TUMUN,H24,DIPOP,RU,2605
RU-2605-H24-9324,50,DIPOP,H24,AGMIL,RU,2605
RU-2605-H24-9324,51,AGMIL,H24,BAKUD,RU,2605
RU-2605-H24-9324,52,BAKUD,H24,DIZNA,RU,2605
RU-2605-H24-9324,53,DIZNA,H24,BASAB,RU,2605
RU-2605-H24-9324,54,BASAB,H24,OTPAT,RU,2605
RU-2605-H24-9324,55,OTPAT,H24,NEKER,RU,2605
RU-2605-H24-9324,56,NEKER,H24,ALUMA,RU,2605
RU-2605-H24-9324,57,ALUMA,H24,KEGOM,RU,2605
RU-2605-H24-9324,58,KEGOM,H24,OBILU,RU,2605
RU-2605-H24-9324,59,OBILU,H24,BAGOK,RU,2605
RU-2605-H24-9324,60,BAGOK,H24,LUNAG,RU,2605
RU-2605-H24-9324,61,LUNAG,H24,GOKLI,RU,2605
RU-2605-H24-9324,62,GOKLI,H24,PENUS,RU,2605
RU-2605-H24-9324,63,PENUS,H24,RUMOL,RU,2605
RU-2605-H24-9324,64,RUMOL,H24,OTRIP,RU,2605
RU-2605-H24-9324,65,OTRIP,H24,LUMIT,RU,2605
RU-2605-H24-9324,66,LUMIT,H24,KEDOR,RU,2605
RU-2605-H24-9324,67,KEDOR,H24,GOGAT,RU,2605
RU-2605-H24-9324,68,GOGAT,H24,BAGRA,RU,2605
RU-2605-H24-9324,69,BAGRA,H24,SOGTE,RU,2605
RU-2605-H24-9324,70,SOGTE,H24,NIPSI,RU,2605
RU-2605-H24-9324,71,NIPSI,H24,UGBAT,RU,2605
RU-2605-H24-9324,72,UGBAT,H24,TISRU,RU,2605
RU-2605-H24-9324,73,TISRU,H24,SONIB,RU,2605
RU-2605-H24-9324,74,SONIB,H24,RATUN,RU,2605
RU-2605-H24-9324,75,RATUN,H24,BITBA,RU,2605
RU-2605-H24-9324,76,BITBA,H24,IBREL,RU,2605
RU-2605-H24-9324,77,IBREL,H24,DIEZA,RU,2605
RU-2605-H24-9324,78,DIEZA,H24,RESTA,RU,2605
RU-2605-H24-9324,79,RESTA,H24,ALZOS,RU,2605
RU-2605-H24-9324,80,ALZOS,H24,POZIP,RU,2605
RU-2605-H24-9324,81,POZIP,H24,DORAK,RU,2605
RU-2605-H24-9324,82,DORAK,H24,MIGRI,RU,2605
RU-2605-H24-9324,83,MIGRI,H24,RONIT,RU,2605
RU-2605-H24-9324,84,RONIT,H24,UNIGA,RU,2605
RU-2605-H24-9324,85,UNIGA,H24,BERUN,RU,2605
RU-2605-H24-9324,86,BERUN,H24,SUPUD,RU,2605
RU-2605-H24-9324,87,SUPUD,H24,BADIK,RU,2605
RU-2605-H24-9324,88,BADIK,H24,ASTED,RU,2605
RU-2605-H24-9324,89,ASTED,H24,ABMUD,RU,2605
RU-2605-H24-9324,90,ABMUD,H24,IRKEM,RU,2605
RU-2605-H24-9324,91,IRKEM,H24,ADLAB,RU,2605
RU-2605-H24-9324,92,ADLAB,H24,GOBKA,RU,2605
RU-2605-H24-9324,93,GOBKA,H24,NIKUB,RU,2605
RU-2605-H24-9324,94,NIKUB,H24,NIBOL,RU,2605
RU-2605-H24-9324,95,NIBOL,H24,ABKOS,RU,2605
RU-2605-H24-9324,96,ABKOS,H24,OLNUP,RU,2605
RU-2605-H24-9324,97,OLNUP,H24,BAPUN,RU,2605
RU-2605-H24-9324,98,BAPUN,H24,OSNOL,RU,2605
RU-2605-H24-9324,99,OSNOL,H24,ROTLO,RU,2605
RU-2605-H24-9324,100,ROTLO,H24,GOBOM,RU,2605
RU-2605-H24-9324,101,GOBOM,H24,REKPA,RU,2605
RU-2605-H24-9324,102,REKPA,H24,ROMTA,RU,2605
RU-2605-H24-9324,103,ROMTA,H24,IRDEK,RU,2605
RU-2605-H24-9324,104,IRDEK,H24,ULMIG,RU,2605
RU-2605-H24-9324,105,ULMIG,H24,NATLO,RU,2605
RU-2605-H24-9324,106,NATLO,H24,SOTOG,RU,2605
RU-2605-H24-9324,107,SOTOG,H24,DIVEK,RU,2605
RU-2605-H24-9324,108,DIVEK,H24,OBARO,RU,2605
RU-2605-H24-9324,109,OBARO,H24,LIMPI,RU,2605
RU-2605-H24-9324,110,LIMPI,H24,ABUTO,RU,2605
RU-2605-H24-9324,111,ABUTO,H24,PIMEN,RU,2605
RU-2605-H24-9324,112,PIMEN,H24,KETOL,RU,2605
RU-2605-H24-9324,113,KETOL,H24,TOBMA,RU,2605
RU-2605-H24-9324,114,TOBMA,H24,KUSAG,RU,2605
RU-2605-H24-9324,115,KUSAG,H24,GITOS,RU,2605
RU-2605-H24-9324,116,GITOS,H24,GEMRO,RU,2605
RU-2605-H24-9324,117,GEMRO,H24,SOGTA,RU,2605
RU-2605-H24-9324,118,SOGTA,H24,PEREV,RU,2605
RU-2605-H24-9324,119,PEREV,H24,SARME,RU,2605
RU-2605-H24-9324,120,SARME,H24,BETEG,RU,2605
RU-2605-H24-9324,121,BETEG,H24,PALER,RU,2605
RU-2605-H24-9324,122,PALER,H24,BUSAP,RU,2605
RU-2605-H24-9324,123,BUSAP,H24,GAMAN,RU,2605
RU-2605-H24-9324,124,GAMAN,H24,KOMEK,RU,2605
RU-2605-H24-9324,125,KOMEK,H24,BEMOT,RU,2605
RU-2605-H24-9324,126,BEMOT,H24,INDIL,RU,2605
RU-2605-H24-9324,127,INDIL,H24,LOLBA,RU,2605
RU-2605-H24-9324,128,LOLBA,H24,RUROS,RU,2605
RU-2605-H24-9324,129,RUROS,H24,OKBIR,RU,2605
RU-2605-H24-9324,130,OKBIR,H24,MIFAN,RU,2605
RU-2605-H24-9324,131,MIFAN,H24,OLIRU,RU,2605
RU-2605-H24-9324,132,OLIRU,H24,TIPNA,RU,2605
RU-2605-H24-9324,133,TIPNA,H24,UPEKA,RU,2605
RU-2605-H24-9324,134,UPEKA,H24,TUNOB,RU,2605
RU-2605-H24-9324,135,TUNOB,H24,ARGUK,RU,2605
RU-2605-H24-9324,136,ARGUK,H24,KHABAROVSKNOVYVORDME,RU,2605
RU-2605-H24-9324,137,KHABAROVSKNOVYVORDME,H24,TOMSU,RU,2605
RU-2605-H24-9324,138,TOMSU,H24,FI,RU,2605
RU-2605-H24-9324,139,FI,H24,LALET,RU,2605
RU-2605-H24-9324,140,LALET,H24,SUTEK,RU,2605
RU-2605-H24-9324,141,SUTEK,H24,TERBO,RU,2605
RU-2605-H24-9324,142,TERBO,H24,LEKBI,RU,2605
RU-2605-H24-9324,143,LEKBI,H24,NIKOLAYEVSKNAAMURE,RU,2605
RU-2605-H24-9324,144,NIKOLAYEVSKNAAMURE,H24,OMARU,RU,2605
RU-2605-H24-9324,145,OMARU,H24,IGODA,RU,2605
RU-2605-H24-9324,146,IGODA,H24,GRUMA,RU,2605
RU-2605-H24-9324,147,GRUMA,H24,GAKRA,RU,2605
RU-2605-H24-9324,148,GAKRA,H24,DATIR,RU,2605
RU-2605-H24-9324,149,DATIR,H24,UMKOL,RU,2605
RU-2605-H24-9324,150,UMKOL,H24,RUDNA,RU,2605
RU-2605-H24-9324,151,RUDNA,H24,PITUK,RU,2605
RU-2605-H24-9324,152,PITUK,H24,URABI,RU,2605
RU-2605-H24-9324,153,URABI,H24,ORTOB,RU,2605
RU-2605-H24-9324,154,ORTOB,H24,ASLUT,RU,2605
RU-2605-H24-9324,155,ASLUT,H24,BUMAT,RU,2605
RU-2605-H24-9324,156,BUMAT,H24,GORAS,RU,2605
RU-2605-H24-9324,157,GORAS,H24,ARNAP,RU,2605
RU-2605-H24-9324,158,ARNAP,H24,BETAM,RU,2605
RU-2605-H24-9324,159,BETAM,H24,USAMA,RU,2605
RU-2605-H24-9324,160,USAMA,H24,LAMKU,RU,2605
RU-2605-H24-9324,161,LAMKU,H24,LUNAD,RU,2605
RU-2605-H24-9324,162,LUNAD,H24,GETKA,RU,2605
RU-2605-H24-9324,163,GETKA,H24,BUMUL,RU,2605
RU-2605-H24-9324,164,BUMUL,H24,GIRLO,RU,2605
RU-2605-H24-9324,165,GIRLO,H24,BC,RU,2605
RU-2605-H24-9324,166,BC,H24,ABINA,RU,2605
RU-2605-H24-9324,167,ABINA,H24,VALDA,RU,2605
RU-2605-H24-9324,168,VALDA,H24,INKOM,RU,2605
RU-2605-H24-9324,169,INKOM,H24,BANUR,RU,2605
RU-2605-H24-9324,170,BANUR,H24,LAROM,RU,2605
RU-2605-H24-9324,171,LAROM,H24,PERUN,RU,2605
RU-2605-H24-9324,172,PERUN,H24,BALED,RU,2605
RU-2605-H24-9324,173,BALED,H24,NIBTA,RU,2605
RU-2605-H24-9324,174,NIBTA,H24,GOBUN,RU,2605
RU-2605-H24-9324,175,GOBUN,H24,APSUD,RU,2605
RU-2605-H24-9324,176,APSUD,H24,BAKSU,RU,2605
RU-2605-H24-9324,177,BAKSU,H24,NITMO,RU,2605
RU-2605-H24-9324,178,NITMO,H24,RUBLU,RU,2605
RU-2605-H24-9324,179,RUBLU,H24,RIRAB,RU,2605
RU-2605-H24-9324,180,RIRAB,H24,OLBEG,RU,2605
RU-2605-H24-9324,181,OLBEG,H24,RINGU,RU,2605
RU-2605-H24-9324,182,RINGU,H24,LUGIL,RU,2605
RU-2605-H24-9324,183,LUGIL,H24,ATLOG,RU,2605
RU-2605-H24-9324,184,ATLOG,H24,PISAR,RU,2605
RU-2605-H24-9324,185,PISAR,H24,LADOD,RU,2605
RU-2605-H24-9324,186,LADOD,H24,UMGIK,RU,2605
RU-2605-H24-9324,187,UMGIK,H24,OKBET,RU,2605
RU-2605-H24-9324,188,OKBET,H24,BUDOM,RU,2605
RU-2605-H24-9324,189,BUDOM,H24,OKSUD,RU,2605
RU-2605-H24-9324,190,OKSUD,H24,RULUB,RU,2605
RU-2605-H24-9324,191,RULUB,H24,KOKAD,RU,2605
RU-2605-H24-9324,192,KOKAD,H24,PESAB,RU,2605
RU-2605-H24-9324,193,PESAB,H24,LOGBI,RU,2605
RU-2605-H24-9324,194,LOGBI,H24,GEMPU,RU,2605
RU-2605-H24-9324,195,GEMPU,H24,UMPER,RU,2605
RU-2605-H24-9324,196,UMPER,H24,LAMGU,RU,2605
RU-2605-H24-9324,197,LAMGU,H24,KODUG,RU,2605
RU-2605-H24-9324,198,KODUG,H24,OGSIN,RU,2605
RU-2605-H24-9324,199,OGSIN,H24,DINTU,RU,2605
RU-2605-H24-9324,200,DINTU,H24,GUDLU,RU,2605
RU-2605-H24-9324,201,GUDLU,H24,UNANI,RU,2605
RU-2605-H24-9324,202,UNANI,H24,NETAD,RU,2605
RU-2605-H24-9324,203,NETAD,H24,BAPTA,RU,2605
RU-2605-H24-9324,204,BAPTA,H24,LURIM,RU,2605
RU-2605-H24-9324,205,LURIM,H24,DIRVO,RU,2605
RU-2605-H24-9324,206,DIRVO,H24,LEBRA,RU,2605
RU-2605-H24-9324,207,LEBRA,H24,GIKET,RU,2605
RU-2605-H24-9324,208,GIKET,H24,UDRAL,RU,2605
RU-2605-H24-9324,209,UDRAL,H24,ADANU,RU,2605
RU-2605-H24-9324,210,ADANU,H24,ULRES,RU,2605
RU-2605-H24-9324,211,ULRES,H24,IDKOM,RU,2605
RU-2605-H24-9324,212,IDKOM,H24,NALOG,RU,2605
RU-2605-H24-9324,213,NALOG,H24,KESEB,RU,2605
RU-2605-H24-9324,214,KESEB,H24,NEMON,RU,2605
RU-2605-H24-9324,215,NEMON,H24,KHANTYMANSIYSK,RU,2605
RU-2605-H24-9324,216,KHANTYMANSIYSK,H24,LAGIR,RU,2605
RU-2605-H24-9324,217,LAGIR,H24,URITA,RU,2605
RU-2605-H24-9324,218,URITA,H24,SOBLO,RU,2605
RU-2605-H24-9324,219,SOBLO,H24,NOTAR,RU,2605
RU-2605-H24-9324,220,NOTAR,H24,ORTOK,RU,2605
RU-2605-H24-9324,221,ORTOK,H24,KOGME,RU,2605
RU-2605-H24-9324,222,KOGME,H24,UNPOR,RU,2605
RU-2605-H24-9324,223,UNPOR,H24,OBBED,RU,2605
RU-2605-H24-9324,224,OBBED,H24,KUGEK,RU,2605
RU-2605-H24-9324,225,KUGEK,H24,LEMRO,RU,2605
RU-2605-H24-9324,226,LEMRO,H24,DURTI,RU,2605
RU-2605-H24-9324,227,DURTI,H24,BAPRO,RU,2605
RU-2605-H24-9324,228,BAPRO,H24,NEMEB,RU,2605
RU-2605-H24-9324,229,NEMEB,H24,REPNU,RU,2605
RU-2605-H24-9324,230,REPNU,H24,KOLED,RU,2605
RU-2605-H24-9324,231,KOLED,H24,KOVOD,RU,2605
RU-2605-H24-9324,232,KOVOD,H24,URIMI,RU,2605
RU-2605-H24-9324,233,URIMI,H24,GODBI,RU,2605
RU-2605-H24-9324,234,GODBI,H24,TALID,RU,2605
RU-2605-H24-9324,235,TALID,H24,ULNER,RU,2605
RU-2605-H24-9324,236,ULNER,H24,PIREL,RU,2605
RU-2605-H24-9324,237,PIREL,H24,ANODI,RU,2605
RU-2605-H24-9324,238,ANODI,H24,MELAM,RU,2605
RU-2605-H24-9324,239,MELAM,H24,TINEM,RU,2605
RU-2605-H24-9324,240,TINEM,H24,KUROM,RU,2605
RU-2605-H24-9324,241,KUROM,H24,DOSON,RU,2605
RU-2605-H24-9324,242,DOSON,H24,TUSIR,RU,2605
RU-2605-H24-9324,243,TUSIR,H24,OSVOD,RU,2605
RU-2605-H24-9324,244,OSVOD,H24,ABERI,RU,2605
RU-2605-H24-9324,245,ABERI,H24,LUKEL,RU,2605
RU-2605-H24-9324,246,LUKEL,H24,KELIM,RU,2605
RU-2605-H24-9324,247,KELIM,H24,LIKUN,RU,2605
RU-2605-H24-9324,248,LIKUN,H24,NOMRA,RU,2605
RU-2605-H24-9324,249,NOMRA,H24,ENODA,RU,2605
RU-2605-H24-9324,250,ENODA,H24,SIMFEROPOLVORDME,RU,2605
RU-2605-H24-9324,251,SIMFEROPOLVORDME,H24,NL,RU,2605
RU-2605-H24-9324,252,NL,H24,SOTAM,RU,2605
RU-2605-H24-9324,253,SOTAM,H24,DESEL,RU,2605
RU-2605-H24-9324,254,DESEL,H24,IBROK,RU,2605
RU-2605-H24-9324,255,IBROK,H24,PESED,RU,2605
RU-2605-H24-9324,256,PESED,H24,TIGLA,RU,2605
RU-2605-H24-9324,257,TIGLA,H24,ASLAR,RU,2605
RU-2605-H24-9324,258,ASLAR,H24,GIKSI,RU,2605
RU-2605-H24-9324,259,GIKSI,H24,TEMGA,RU,2605
RU-2605-H24-9324,260,TEMGA,H24,OLIKU,RU,2605
RU-2605-H24-9324,261,OLIKU,H24,GANPA,RU,2605
RU-2605-H24-9324,262,GANPA,H24,ARTUN,RU,2605
RU-2605-H24-9324,263,ARTUN,H24,NAROV,RU,2605
RU-2605-H24-9324,264,NAROV,H24,DEBED,RU,2605
RU-2605-H24-9324,265,DEBED,H24,PITIL,RU,2605
RU-2605-H24-9324,266,PITIL,H24,OLDEP,RU,2605
RU-2605-H24-9324,267,OLDEP,H24,OKUNI,RU,2605
RU-2605-H24-9324,268,OKUNI,H24,RELSO,RU,2605
RU-2605-H24-9324,269,RELSO,H24,RIKLI,RU,2605
RU-2605-H24-9324,270,RIKLI,H24,UNARU,RU,2605
RU-2605-H24-9324,271,UNARU,H24,IDRAN,RU,2605
RU-2605-H24-9324,272,IDRAN,H24,URIPA,RU,2605
RU-2605-H24-9324,273,URIPA,H24,BALOP,RU,2605
RU-2605-H24-9324,274,BALOP,H24,TINEG,RU,2605
RU-2605-H24-9324,275,TINEG,H24,TEBRI,RU,2605
RU-2605-H24-9324,276,TEBRI,H24,GABAL,RU,2605
RU-2605-H24-9324,277,GABAL,H24,NEKLU,RU,2605
RU-2605-H24-9324,278,NEKLU,H24,BIGMA,RU,2605
RU-2605-H24-9324,279,BIGMA,H24,SULOK,RU,2605
RU-2605-H24-9324,280,SULOK,H24,TURDI,RU,2605
RU-2605-H24-9324,281,TURDI,H24,UTARO,RU,2605
RU-2605-H24-9324,282,UTARO,H24,LURET,RU,2605
RU-2605-H24-9324,283,LURET,H24,BELEK,RU,2605
RU-2605-H24-9324,284,BELEK,H24,GUDOR,RU,2605
RU-2605-H24-9324,285,GUDOR,H24,NAMES,RU,2605
RU-2605-H24-9324,286,NAMES,H24,MIGRO,RU,2605
RU-2605-H24-9324,287,MIGRO,H24,UTEDA,RU,2605
RU-2605-H24-9324,288,UTEDA,H24,KUNIK,RU,2605
RU-2605-H24-9324,289,KUNIK,H24,ODANA,RU,2605
RU-2605-H24-9324,290,ODANA,H24,OGTIN,RU,2605
RU-2605-H24-9324,291,OGTIN,H24,IDORA,RU,2605
RU-2605-H24-9324,292,IDORA,H24,BAMGA,RU,2605
RU-2605-H24-9324,293,BAMGA,H24,RONET,RU,2605
RU-2605-H24-9324,294,RONET,H24,OLOTO,RU,2605
RU-2605-H24-9324,295,OLOTO,H24,ARKOD,RU,2605
RU-2605-H24-9324,296,ARKOD,H24,LALIR,RU,2605
RU-2605-H24-9324,297,LALIR,H24,NALEB,RU,2605
RU-2605-H24-9324,298,NALEB,H24,GISEL,RU,2605
RU-2605-H24-9324,299,GISEL,H24,UDRIL,RU,2605
RU-2605-H24-9324,300,UDRIL,H24,BADOM,RU,2605
RU-2605-H24-9324,301,BADOM,H24,KURAG,RU,2605
RU-2605-H24-9324,302,KURAG,H24,KORIP,RU,2605
RU-2605-H24-9324,303,KORIP,H24,RODOK,RU,2605
RU-2605-H24-9324,304,RODOK,H24,INSUP,RU,2605
RU-2605-H24-9324,305,INSUP,H24,PESEK,RU,2605
RU-2605-H24-9324,306,PESEK,H24,YAKUTSKVORDME,RU,2605
RU-2605-H24-9324,307,YAKUTSKVORDME,H24,BAKOD,RU,2605
RU-2605-H24-9324,308,BAKOD,H24,DILAG,RU,2605
RU-2605-H24-9324,309,DILAG,H24,ARDIB,RU,2605
RU-2605-H24-9324,310,ARDIB,H24,DOKUR,RU,2605
RU-2605-H24-9324,311,DOKUR,H24,LAGOR,RU,2605
RU-2605-H24-9324,312,LAGOR,H24,BANLI,RU,2605
RU-2605-H24-9324,313,BANLI,H24,MAKIN,RU,2605
RU-2605-H24-9324,314,MAKIN,H24,IDMIR,RU,2605
RU-2605-H24-9324,315,IDMIR,H24,NUDKA,RU,2605
RU-2605-H24-9324,316,NUDKA,H24,NISOT,RU,2605
RU-2605-H24-9324,317,NISOT,H24,BRODA,RU,2605
RU-2605-H24-9324,318,BRODA,H24,DITSI,RU,2605
RU-2605-H24-9324,319,DITSI,H24,KU,RU,2605
RU-2605-H24-9324,320,KU,H24,AGABI,RU,2605
RU-2605-H24-9324,321,AGABI,H24,GETRU,RU,2605
RU-2605-H24-9324,322,GETRU,H24,PENOL,RU,2605
RU-2605-H24-9324,323,PENOL,H24,TELOK,RU,2605
RU-2605-H24-9324,324,TELOK,H24,ULKAS,RU,2605
RU-2605-H24-9324,325,ULKAS,H24,AMLAT,RU,2605
RU-2605-H24-9324,326,AMLAT,H24,TISRE,RU,2605
RU-2605-H24-9324,327,TISRE,H24,TIRBU,RU,2605
RU-2605-H24-9324,328,TIRBU,H24,NIRGU,RU,2605
RU-2605-H24-9324,329,NIRGU,H24,BAKUK,RU,2605
RU-2605-H24-9324,330,BAKUK,H24,BAMTI,RU,2605
RU-2605-H24-9324,331,BAMTI,H24,FRENK,RU,2605
RU-2605-H24-9324,332,FRENK,H24,KURIP,RU,2605
RU-2605-H24-9324,333,KURIP,H24,KUMOG,RU,2605
RU-2605-H24-9324,334,KUMOG,H24,RATET,RU,2605
RU-2605-H24-9324,335,RATET,H24,BAMUS,RU,2605
RU-2605-H24-9324,336,BAMUS,H24,UTILI,RU,2605
RU-2605-H24-9324,337,UTILI,H24,OGETO,RU,2605
RU-2605-H24-9324,338,OGETO,H24,LORKI,RU,2605
RU-2605-H24-9324,339,LORKI,H24,ASMOK,RU,2605
RU-2605-H24-9324,340,ASMOK,H24,ASBAT,RU,2605
RU-2605-H24-9324,341,ASBAT,H24,GODIG,RU,2605
RU-2605-H24-9324,342,GODIG,H24,EKRUT,RU,2605
RU-2605-H24-9324,343,EKRUT,H24,UTUKO,RU,2605
RU-2605-H24-9324,344,UTUKO,H24,LALNA,RU,2605
RU-2605-H24-9324,345,LALNA,H24,LC,RU,2605
RU-2605-H24-9324,346,LC,H24,LISKI,RU,2605
RU-2605-H24-9324,347,LISKI,H24,ARLIM,RU,2605
RU-2605-H24-9324,348,ARLIM,H24,BEKMI,RU,2605
RU-2605-H24-9324,349,BEKMI,H24,RESBU,RU,2605
RU-2605-H24-9324,350,RESBU,H24,IDARI,RU,2605
RU-2605-H24-9324,351,IDARI,H24,LAVGI,RU,2605
RU-2605-H24-9324,352,LAVGI,H24,OLMIN,RU,2605
RU-2605-H24-9324,353,OLMIN,H24,LIRTA,RU,2605
RU-2605-H24-9324,354,LIRTA,H24,LUMON,RU,2605
RU-2605-H24-9324,355,LUMON,H24,DIRKI,RU,2605
RU-2605-H24-9324,356,DIRKI,H24,RITUR,RU,2605
RU-2605-H24-9324,357,RITUR,H24,NERPA,RU,2605
RU-2605-H24-9324,358,NERPA,H24,IVADA,RU,2605
RU-2605-H24-9324,359,IVADA,H24,MOSOL,RU,2605
RU-2605-H24-9324,360,MOSOL,H24,SUKOP,RU,2605
RU-2605-H24-9324,361,SUKOP,H24,PESOM,RU,2605
RU-2605-H24-9324,362,PESOM,H24,GEMRA,RU,2605
RU-2605-H24-9324,363,GEMRA,H24,FA,RU,2605
RU-2605-H24-9324,364,FA,H24,ARELI,RU,2605
RU-2605-H24-9324,365,ARELI,H24,RUTOG,RU,2605
RU-2605-H24-9324,366,RUTOG,H24,PESAD,RU,2605
RU-2605-H24-9324,367,PESAD,H24,DORUL,RU,2605
RU-2605-H24-9324,368,DORUL,H24,IRZET,RU,2605
RU-2605-H24-9324,369,IRZET,H24,GALKA,RU,2605
RU-2605-H24-9324,370,GALKA,H24,VATOL,RU,2605
RU-2605-H24-9324,371,VATOL,H24,MIRNYVORDME,RU,2605
RU-2605-H24-9324,372,MIRNYVORDME,H24,NITNO,RU,2605
RU-2605-H24-9324,373,NITNO,H24,VADAS,RU,2605
RU-2605-H24-9324,374,VADAS,H24,UNILA,RU,2605
RU-2605-H24-9324,375,UNILA,H24,GOLUK,RU,2605
RU-2605-H24-9324,376,GOLUK,H24,SAKAT,RU,2605
RU-2605-H24-9324,377,SAKAT,H24,TURUKHANSKDVORDME,RU,2605
RU-2605-H24-9324,378,TURUKHANSKDVORDME,H24,BANTA,RU,2605
RU-2605-H24-9324,379,BANTA,H24,URENA,RU,2605
RU-2605-H24-9324,380,URENA,H24,MEMBA,RU,2605
RU-2605-H24-9324,381,MEMBA,H24,OKLIN,RU,2605
RU-2605-H24-9324,382,OKLIN,H24,OKRAM,RU,2605
RU-2605-H24-9324,383,OKRAM,H24,LAGNI,RU,2605
RU-2605-H24-9324,384,LAGNI,H24,BURIB,RU,2605
RU-2605-H24-9324,385,BURIB,H24,OLAPI,RU,2605
RU-2605-H24-9324,386,OLAPI,H24,DISEB,RU,2605
RU-2605-H24-9324,387,DISEB,H24,OKROD,RU,2605
RU-2605-H24-9324,388,OKROD,H24,TUKPO,RU,2605
RU-2605-H24-9324,389,TUKPO,H24,UKHTAVORDME,RU,2605
RU-2605-H24-9324,390,UKHTAVORDME,H24,TONLO,RU,2605
RU-2605-H24-9324,391,TONLO,H24,ROGIS,RU,2605
RU-2605-H24-9324,392,ROGIS,H24,LIKPA,RU,2605
RU-2605-H24-9324,393,LIKPA,H24,NANIN,RU,2605
RU-2605-H24-9324,394,NANIN,H24,OKLEK,RU,2605
RU-2605-H24-9324,395,OKLEK,H24,GINUM,RU,2605
RU-2605-H24-9324,396,GINUM,H24,MAKOG,RU,2605
RU-2605-H24-9324,397,MAKOG,H24,BEBDA,RU,2605
RU-2605-H24-9324,398,BEBDA,H24,ULNET,RU,2605
RU-2605-H24-9324,399,ULNET,H24,BAKDA,RU,2605
RU-2605-H24-9324,400,BAKDA,H24,ASNOD,RU,2605
RU-2605-H24-9324,401,ASNOD,H24,MOGRA,RU,2605
RU-2605-H24-9324,402,MOGRA,H24,AGMUT,RU,2605
RU-2605-H24-9324,403,AGMUT,H24,DITBI,RU,2605
RU-2605-H24-9324,404,DITBI,H24,UMTAD,RU,2605
RU-2605-H24-9324,405,UMTAD,H24,BABTO,RU,2605
RU-2605-H24-9324,406,BABTO,H24,IRBUG,RU,2605
RU-2605-H24-9324,407,IRBUG,H24,GITIL,RU,2605
RU-2605-H24-9324,408,GITIL,H24,NUGOF,RU,2605
RU-2605-H24-9324,409,NUGOF,H24,KOLET,RU,2605
RU-2605-H24-9324,410,KOLET,H24,KOKAT,RU,2605
RU-2605-H24-9324,411,KOKAT,H24,RILBI,RU,2605
RU-2605-H24-9324,412,RILBI,H24,GUDEB,RU,2605
RU-2605-H24-9324,413,GUDEB,H24,REMRA,RU,2605
RU-2605-H24-9324,414,REMRA,H24,TUPTA,RU,2605
RU-2605-H24-9324,415,TUPTA,H24,MAGEM,RU,2605
RU-2605-H24-9324,416,MAGEM,H24,RUGOK,RU,2605
RU-2605-H24-9324,417,RUGOK,H24,ARGIP,RU,2605
RU-2605-H24-9324,418,ARGIP,H24,BAGUP,RU,2605
RU-2605-H24-9324,419,BAGUP,H24,LIPKI,RU,2605
RU-2605-H24-9324,420,LIPKI,H24,OGBAS,RU,2605
RU-2605-H24-9324,421,OGBAS,H24,DILED,RU,2605
RU-2605-H24-9324,422,DILED,H24,GEGRI,RU,2605
RU-2605-H24-9324,423,GEGRI,H24,ATGOR,RU,2605
RU-2605-H24-9324,424,ATGOR,H24,DESEP,RU,2605
RU-2605-H24-9324,425,DESEP,H24,SUBEP,RU,2605
RU-2605-H24-9324,426,SUBEP,H24,ROLEK,RU,2605
RU-2605-H24-9324,427,ROLEK,H24,INTAN,RU,2605
RU-2605-H24-9324,428,INTAN,H24,KAMNI,RU,2605
RU-2605-H24-9324,429,KAMNI,H24,EGGAK,RU,2605
RU-2605-H24-9324,430,EGGAK,H24,REKSA,RU,2605
RU-2605-H24-9324,431,REKSA,H24,BISPU,RU,2605
RU-2605-H24-9324,432,BISPU,H24,BEMOS,RU,2605
RU-2605-H24-9324,433,BEMOS,H24,BAGUL,RU,2605
RU-2605-H24-9324,434,BAGUL,H24,ANESU,RU,2605
RU-2605-H24-9324,435,ANESU,H24,DIROR,RU,2605
RU-2605-H24-9324,436,DIROR,H24,RALON,RU,2605
RU-2605-H24-9324,437,RALON,H24,TEMUR,RU,2605
RU-2605-H24-9324,438,TEMUR,H24,SOSNA,RU,2605
RU-2605-H24-9324,439,SOSNA,H24,ATNOR,RU,2605
RU-2605-H24-9324,440,ATNOR,H24,DISED,RU,2605
RU-2605-H24-9324,441,DISED,H24,RAMIS,RU,2605
RU-2605-H24-9324,442,RAMIS,H24,UGLIR,RU,2605
RU-2605-H24-9324,443,UGLIR,H24,SONEK,RU,2605
RU-2605-H24-9324,444,SONEK,H24,AMIBI,RU,2605
RU-2605-H24-9324,445,AMIBI,H24,DIREK,RU,2605
RU-2605-H24-9324,446,DIREK,H24,BIMTA,RU,2605
RU-2605-H24-9324,447,BIMTA,H24,NEMAD,RU,2605
RU-2605-H24-9324,448,NEMAD,H24,RULAS,RU,2605
RU-2605-H24-9324,449,RULAS,H24,AGUKA,RU,2605
RU-2605-H24-9324,450,AGUKA,H24,BABID,RU,2605
RU-2605-H24-9324,451,BABID,H24,IRLAK,RU,2605
RU-2605-H24-9324,452,IRLAK,H24,GU,RU,2605
RU-2605-H24-9324,453,GU,H24,TEKBO,RU,2605
RU-2605-H24-9324,454,TEKBO,H24,BULAT,RU,2605
RU-2605-H24-9324,455,BULAT,H24,POKAG,RU,2605
RU-2605-H24-9324,456,POKAG,H24,ALODO,RU,2605
RU-2605-H24-9324,457,ALODO,H24,VEPIS,RU,2605
RU-2605-H24-9324,458,VEPIS,H24,ARKAT,RU,2605
RU-2605-H24-9324,459,ARKAT,H24,ORTEM,RU,2605
RU-2605-H24-9324,460,ORTEM,H24,HATANGAVORDME,RU,2605
RU-2605-H24-9324,461,HATANGAVORDME,H24,RIBNA,RU,2605
RU-2605-H24-9324,462,RIBNA,H24,LOGAT,RU,2605
RU-2605-H24-9324,463,LOGAT,H24,KOMBI,RU,2605
RU-2605-H24-9324,464,KOMBI,H24,MININ,RU,2605
RU-2605-H24-9324,465,MININ,H24,MAMAT,RU,2605
RU-2605-H24-9324,466,MAMAT,H24,OBEMA,RU,2605
RU-2605-H24-9324,467,OBEMA,H24,ULKAM,RU,2605
RU-2605-H24-9324,468,ULKAM,H24,OKREP,RU,2605
RU-2605-H24-9324,469,OKREP,H24,NALEL,RU,2605
RU-2605-H24-9324,470,NALEL,H24,IFOMA,RU,2605
RU-2605-H24-9324,471,IFOMA,H24,OSBUT,RU,2605
RU-2605-H24-9324,472,OSBUT,H24,BEMRU,RU,2605
RU-2605-H24-9324,473,BEMRU,H24,ODMUL,RU,2605
RU-2605-H24-9324,474,ODMUL,H24,SOGTO,RU,2605
RU-2605-H24-9324,475,SOGTO,H24,TUTAG,RU,2605
RU-2605-H24-9324,476,TUTAG,H24,LIGBO,RU,2605
RU-2605-H24-9324,477,LIGBO,H24,DIDOT,RU,2605
RU-2605-H24-9324,478,DIDOT,H24,BOGBI,RU,2605
RU-2605-H24-9324,479,BOGBI,H24,DOBAM,RU,2605
RU-2605-H24-9324,480,DOBAM,H24,AGAMO,RU,2605
RU-2605-H24-9324,481,AGAMO,H24,LAMSU,RU,2605
RU-2605-H24-9324,482,LAMSU,H24,LONTE,RU,2605
RU-2605-H24-9324,483,LONTE,H24,IMNUS,RU,2605
RU-2605-H24-9324,484,IMNUS,H24,RO,RU,2605
RU-2605-H24-9324,485,RO,H24,OGANO,RU,2605
RU-2605-H24-9324,486,OGANO,H24,ROTLI,RU,2605
RU-2605-H24-9324,487,ROTLI,H24,KELOK,RU,2605
RU-2605-H24-9324,488,KELOK,H24,KUMOD,RU,2605
RU-2605-H24-9324,489,KUMOD,H24,ADIMA,RU,2605
RU-2605-H24-9324,490,ADIMA,H24,TEBGI,RU,2605
RU-2605-H24-9324,491,TEBGI,H24,MEKSI,RU,2605
RU-2605-H24-9324,492,MEKSI,H24,IMETA,RU,2605
RU-2605-H24-9324,493,IMETA,H24,LITUN,RU,2605
RU-2605-H24-9324,494,LITUN,H24,IBRIL,RU,2605
RU-2605-H24-9324,495,IBRIL,H24,GARMU,RU,2605
RU-2605-H24-9324,496,GARMU,H24,OGOLA,RU,2605
RU-2605-H24-9324,497,OGOLA,H24,AGMUS,RU,2605
RU-2605-H24-9324,498,AGMUS,H24,DINRA,RU,2605
RU-2605-H24-9324,499,DINRA,H24,UNISO,RU,2605
RU-2605-H24-9324,500,UNISO,H24,ABIPA,RU,2605
RU-2605-H24-9324,501,ABIPA,H24,DIKDA,RU,2605
RU-2605-H24-9324,502,DIKDA,H24,ARPOS,RU,2605
RU-2605-H24-9324,503,ARPOS,H24,POBEM,RU,2605
RU-2605-H24-9324,504,POBEM,H24,EROGU,RU,2605
RU-2605-H24-9324,505,EROGU,H24,RURAD,RU,2605
RU-2605-H24-9324,506,RURAD,H24,LIKNU,RU,2605
RU-2605-H24-9324,507,LIKNU,H24,INDEB,RU,2605
RU-2605-H24-9324,508,INDEB,H24,SONAT,RU,2605
RU-2605-H24-9324,509,SONAT,H24,AGNOG,RU,2605
RU-2605-H24-9324,510,AGNOG,H24,IBREN,RU,2605
RU-2605-H24-9324,511,IBREN,H24,TUNEG,RU,2605
RU-2605-H24-9324,512,TUNEG,H24,RANTO,RU,2605
RU-2605-H24-9324,513,RANTO,H24,GAKLU,RU,2605
RU-2605-H24-9324,514,GAKLU,H24,INBUK,RU,2605
RU-2605-H24-9324,515,INBUK,H24,IDLIT,RU,2605
RU-2605-H24-9324,516,IDLIT,H24,OSKAD,RU,2605
RU-2605-H24-9324,517,OSKAD,H24,LALUD,RU,2605
RU-2605-H24-9324,518,LALUD,H24,GEMDI,RU,2605
RU-2605-H24-9324,519,GEMDI,H24,AMLIN,RU,2605
RU-2605-H24-9324,520,AMLIN,H24,USIDA,RU,2605
RU-2605-H24-9324,521,USIDA,H24,STAPA,RU,2605
RU-2605-H24-9324,522,STAPA,H24,INLAL,RU,2605
RU-2605-H24-9324,523,INLAL,H24,RATIN,RU,2605
RU-2605-H24-9324,524,RATIN,H24,URUSU,RU,2605
RU-2605-H24-9324,525,URUSU,H24,GITAM,RU,2605
RU-2605-H24-9324,526,GITAM,H24,KUPOM,RU,2605
RU-2605-H24-9324,527,KUPOM,H24,REBTI,RU,2605
RU-2605-H24-9324,528,REBTI,H24,UTENA,RU,2605
RU-2605-H24-9324,529,UTENA,H24,UMISO,RU,2605
RU-2605-H24-9324,530,UMISO,H24,ROGMU,RU,2605
RU-2605-H24-9324,531,ROGMU,H24,OSBOT,RU,2605
RU-2605-H24-9324,532,OSBOT,H24,TEDMI,RU,2605
RU-2605-H24-9324,533,TEDMI,H24,MILUN,RU,2605
RU-2605-H24-9324,534,MILUN,H24,NOGBA,RU,2605
RU-2605-H24-9324,535,NOGBA,H24,UMKAR,RU,2605
RU-2605-H24-9324,536,UMKAR,H24,BOZOL,RU,2605
RU-2605-H24-9324,537,BOZOL,H24,TADED,RU,2605
RU-2605-H24-9324,538,TADED,H24,INPON,RU,2605
RU-2605-H24-9324,539,INPON,H24,UBIRA,RU,2605
RU-2605-H24-9324,540,UBIRA,H24,NOGRI,RU,2605
RU-2605-H24-9324,541,NOGRI,H24,ATROT,RU,2605
RU-2605-H24-9324,542,ATROT,H24,ODEMA,RU,2605
RU-2605-H24-9324,543,ODEMA,H24,INGEN,RU,2605
RU-2605-H24-9324,544,INGEN,H24,UROKI,RU,2605
RU-2605-H24-9324,545,UROKI,H24,RULEN,RU,2605
RU-2605-H24-9324,546,RULEN,H24,VAROV,RU,2605
RU-2605-H24-9324,547,VAROV,H24,FUKAN,RU,2605
RU-2605-H24-9324,548,FUKAN,H24,UDREM,RU,2605
RU-2605-H24-9324,549,UDREM,H24,AKTAS,RU,2605
RU-2605-H24-9324,550,AKTAS,H24,BANIN,RU,2605
RU-2605-H24-9324,551,BANIN,H24,ROKVO,RU,2605
RU-2605-H24-9324,552,ROKVO,H24,RUBID,RU,2605
RU-2605-H24-9324,553,RUBID,H24,LAGMO,RU,2605
RU-2605-H24-9324,554,LAGMO,H24,TITUR,RU,2605
RU-2605-H24-9324,555,TITUR,H24,GOBES,RU,2605
RU-2605-H24-9324,556,GOBES,H24,OLMAD,RU,2605
RU-2605-H24-9324,557,OLMAD,H24,LANUD,RU,2605
RU-2605-H24-9324,558,LANUD,H24,NINRA,RU,2605
RU-2605-H24-9324,559,NINRA,H24,UFAVORDME,RU,2605
RU-2605-H24-9324,560,UFAVORDME,H24,DAFOR,RU,2605
RU-2605-H24-9324,561,DAFOR,H24,LUNIN,RU,2605
RU-2605-H24-9324,562,LUNIN,H24,RELNU,RU,2605
RU-2605-H24-9324,563,RELNU,H24,TILMU,RU,2605
RU-2605-H24-9324,564,TILMU,H24,IPMAS,RU,2605
RU-2605-H24-9324,565,IPMAS,H24,UNBUS,RU,2605
RU-2605-H24-9324,566,UNBUS,H24,ATKAM,RU,2605
RU-2605-H24-9324,567,ATKAM,H24,LEKBO,RU,2605
RU-2605-H24-9324,568,LEKBO,H24,ORTIM,RU,2605
RU-2605-H24-9324,569,ORTIM,H24,GEBSI,RU,2605
RU-2605-H24-9324,570,GEBSI,H24,IPRAT,RU,2605
RU-2605-H24-9324,571,IPRAT,H24,ABGUL,RU,2605
RU-2605-H24-9324,572,ABGUL,H24,INPIL,RU,2605
RU-2605-H24-9324,573,INPIL,H24,LIGTU,RU,2605
RU-2605-H24-9324,574,LIGTU,H24,URUNI,RU,2605
RU-2605-H24-9324,575,URUNI,H24,LUSET,RU,2605
RU-2605-H24-9324,576,LUSET,H24,IMANA,RU,2605
RU-2605-H24-9324,577,IMANA,H24,LETIK,RU,2605
RU-2605-H24-9324,578,LETIK,H24,ABALI,RU,2605
RU-2605-H24-9324,579,ABALI,H24,KEROM,RU,2605
RU-2605-H24-9324,580,KEROM,H24,OGTON,RU,2605
RU-2605-H24-9324,581,OGTON,H24,GOREN,RU,2605
RU-2605-H24-9324,582,GOREN,H24,SALER,RU,2605
RU-2605-H24-9324,583,SALER,H24,GINES,RU,2605
RU-2605-H24-9324,584,GINES,H24,BIBLI,RU,2605
RU-2605-H24-9324,585,BIBLI,H24,GIKES,RU,2605
RU-2605-H24-9324,586,GIKES,H24,URILI,RU,2605
RU-2605-H24-9324,587,URILI,H24,GITLU,RU,2605
RU-2605-H24-9324,588,GITLU,H24,SUNAD,RU,2605
RU-2605-H24-9324,589,SUNAD,H24,SUGES,RU,2605
RU-2605-H24-9324,590,SUGES,H24,BASEG,RU,2605
RU-2605-H24-9324,591,BASEG,H24,NIGES,RU,2605
RU-2605-H24-9324,592,NIGES,H24,RANEN,RU,2605
RU-2605-H24-9324,593,RANEN,H24,ABAGA,RU,2605
RU-2605-H24-9324,594,ABAGA,H24,NESPA,RU,2605
RU-2605-H24-9324,595,NESPA,H24,ETNUR,RU,2605
RU-2605-H24-9324,596,ETNUR,H24,OKMUT,RU,2605
RU-2605-H24-9324,597,OKMUT,H24,INREP,RU,2605
RU-2605-H24-9324,598,INREP,H24,OTKAM,RU,2605
RU-2605-H24-9324,599,OTKAM,H24,MAGUN,RU,2605
RU-2605-H24-9324,600,MAGUN,H24,DEMAK,RU,2605
RU-2605-H24-9324,601,DEMAK,H24,BESED,RU,2605
RU-2605-H24-9324,602,BESED,H24,IRGON,RU,2605
RU-2605-H24-9324,603,IRGON,H24,PINOG,RU,2605
RU-2605-H24-9324,604,PINOG,H24,SUNEB,RU,2605
RU-2605-H24-9324,605,SUNEB,H24,MELIM,RU,2605
RU-2605-H24-9324,606,MELIM,H24,NEGER,RU,2605
RU-2605-H24-9324,607,NEGER,H24,REFRI,RU,2605
RU-2605-H24-9324,608,REFRI,H24,GIMIR,RU,2605
RU-2605-H24-9324,609,GIMIR,H24,DIGLU,RU,2605
RU-2605-H24-9324,610,DIGLU,H24,OKARO,RU,2605
RU-2605-H24-9324,611,OKARO,H24,RAPID,RU,2605
RU-2605-H24-9324,612,RAPID,H24,INDUS,RU,2605
RU-2605-H24-9324,613,INDUS,H24,GISUR,RU,2605
RU-2605-H24-9324,614,GISUR,H24,NESPI,RU,2605
RU-2605-H24-9324,615,NESPI,H24,GIMAS,RU,2605
RU-2605-H24-9324,616,GIMAS,H24,SUTEG,RU,2605
RU-2605-H24-9324,617,SUTEG,H24,CHAPAYEV,RU,2605
RU-2605-H24-9324,618,CHAPAYEV,H24,DORON,RU,2605
RU-2605-H24-9324,619,DORON,H24,POGIR,RU,2605
RU-2605-H24-9324,620,POGIR,H24,OMONA,RU,2605
RU-2605-H24-9324,621,OMONA,H24,ALODA,RU,2605
RU-2605-H24-9324,622,ALODA,H24,DAKIN,RU,2605
RU-2605-H24-9324,623,DAKIN,H24,AGURA,RU,2605
RU-2605-H24-9324,624,AGURA,H24,DOGIS,RU,2605
RU-2605-H24-9324,625,DOGIS,H24,DISNA,RU,2605
RU-2605-H24-9324,626,DISNA,H24,BATMA,RU,2605
RU-2605-H24-9324,627,BATMA,H24,NB,RU,2605
RU-2605-H24-9324,628,NB,H24,LASBA,RU,2605
RU-2605-H24-9324,629,LASBA,H24,GOBTO,RU,2605
RU-2605-H24-9324,630,GOBTO,H24,RUDID,RU,2605
RU-2605-H24-9324,631,RUDID,H24,LUROG,RU,2605
RU-2605-H24-9324,632,LUROG,H24,OSKON,RU,2605
RU-2605-H24-9324,633,OSKON,H24,KUMEP,RU,2605
RU-2605-H24-9324,634,KUMEP,H24,ABDIR,RU,2605
RU-2605-H24-9324,635,ABDIR,H24,NAMOL,RU,2605
RU-2605-H24-9324,636,NAMOL,H24,AKERA,RU,2605
RU-2605-H24-9324,637,AKERA,H24,ATMES,RU,2605
RU-2605-H24-9324,638,ATMES,H24,KULAM,RU,2605
RU-2605-H24-9324,639,KULAM,H24,MIDET,RU,2605
RU-2605-H24-9324,640,MIDET,H24,NH,RU,2605
RU-2605-H24-9324,641,NH,H24,DINAT,RU,2605
RU-2605-H24-9324,642,DINAT,H24,NIKUL,RU,2605
RU-2605-H24-9324,643,NIKUL,H24,XV,RU,2605
RU-2605-H24-9324,644,XV,H24,LAMEG,RU,2605
RU-2605-H24-9324,645,LAMEG,H24,CE,RU,2605
RU-2605-H24-9324,646,CE,H24,DOLIR,RU,2605
RU-2605-H24-9324,647,DOLIR,H24,KESOP,RU,2605
RU-2605-H24-9324,648,KESOP,H24,ENS,RU,2605
RU-2605-H24-9324,649,ENS,H24,BUMON,RU,2605
RU-2605-H24-9324,650,BUMON,H24,OLBIG,RU,2605
RU-2605-H24-9324,651,OLBIG,H24,BARIK,RU,2605
RU-2605-H24-9324,652,BARIK,H24,RITON,RU,2605
RU-2605-H24-9324,653,RITON,H24,LIMKI,RU,2605
RU-2605-H24-9324,654,LIMKI,H24,KIRENSKVORDME,RU,2605
RU-2605-H24-9324,655,KIRENSKVORDME,H24,LEGLI,RU,2605
RU-2605-H24-9324,656,LEGLI,H24,TIRKA,RU,2605
RU-2605-H24-9324,657,TIRKA,H24,ABGEL,RU,2605
RU-2605-H24-9324,658,ABGEL,H24,SOTEN,RU,2605
RU-2605-H24-9324,659,SOTEN,H24,LEGRA,RU,2605
RU-2605-H24-9324,660,LEGRA,H24,LEDIS,RU,2605
RU-2605-H24-9324,661,LEDIS,H24,AMBAR,RU,2605
RU-2605-H24-9324,662,AMBAR,H24,BADNA,RU,2605
RU-2605-H24-9324,663,BADNA,H24,SOPON,RU,2605
RU-2605-H24-9324,664,SOPON,H24,SOVIK,RU,2605
RU-2605-H24-9324,665,SOVIK,H24,PARIS,RU,2605
RU-2605-H24-9324,666,PARIS,H24,OGROL,RU,2605
RU-2605-H24-9324,667,OGROL,H24,GUDMA,RU,2605
RU-2605-H24-9324,668,GUDMA,H24,TORMA,RU,2605
RU-2605-H24-9324,669,TORMA,H24,OGNIT,RU,2605
RU-2605-H24-9324,670,OGNIT,H24,PERID,RU,2605
RU-2605-H24-9324,671,PERID,H24,KUKEL,RU,2605
RU-2605-H24-9324,672,KUKEL,H24,DIDEK,RU,2605
RU-2605-H24-9324,673,DIDEK,H24,BANAS,RU,2605
RU-2605-H24-9324,674,BANAS,H24,SORUS,RU,2605
RU-2605-H24-9324,675,SORUS,H24,NEBKA,RU,2605
RU-2605-H24-9324,676,NEBKA,H24,GIMES,RU,2605
RU-2605-H24-9324,677,GIMES,H24,VELTA,RU,2605
RU-2605-H24-9324,678,VELTA,H24,PELON,RU,2605
RU-2605-H24-9324,679,PELON,H24,DIRUL,RU,2605
RU-2605-H24-9324,680,DIRUL,H24,AVGOK,RU,2605
RU-2605-H24-9324,681,AVGOK,H24,PAZAK,RU,2605
RU-2605-H24-9324,682,PAZAK,H24,DIKIN,RU,2605
RU-2605-H24-9324,683,DIKIN,H24,ABURI,RU,2605
RU-2605-H24-9324,684,ABURI,H24,AGNOK,RU,2605
RU-2605-H24-9324,685,AGNOK,H24,UNIDU,RU,2605
RU-2605-H24-9324,686,UNIDU,H24,DIFAN,RU,2605
RU-2605-H24-9324,687,DIFAN,H24,OSMIM,RU,2605
RU-2605-H24-9324,688,OSMIM,H24,REKPU,RU,2605
RU-2605-H24-9324,689,REKPU,H24,SOTIG,RU,2605
RU-2605-H24-9324,690,SOTIG,H24,BEDOT,RU,2605
RU-2605-H24-9324,691,BEDOT,H24,ULTOP,RU,2605
RU-2605-H24-9324,692,ULTOP,H24,LIZET,RU,2605
RU-2605-H24-9324,693,LIZET,H24,BUREM,RU,2605
RU-2605-H24-9324,694,BUREM,H24,LANOR,RU,2605
RU-2605-H24-9324,695,LANOR,H24,MAKOD,RU,2605
RU-2605-H24-9324,696,MAKOD,H24,UMDAN,RU,2605
RU-2605-H24-9324,697,UMDAN,H24,OBIPO,RU,2605
RU-2605-H24-9324,698,OBIPO,H24,ROROL,RU,2605
RU-2605-H24-9324,699,ROROL,H24,KUKID,RU,2605
RU-2605-H24-9324,700,KUKID,H24,FORMA,RU,2605
RU-2605-H24-9324,701,FORMA,H24,SUBOG,RU,2605
RU-2605-H24-9324,702,SUBOG,H24,NEROB,RU,2605
RU-2605-H24-9324,703,NEROB,H24,NISUT,RU,2605
RU-2605-H24-9324,704,NISUT,H24,KUPIL,RU,2605
RU-2605-H24-9324,705,KUPIL,H24,DOLOT,RU,2605
RU-2605-H24-9324,706,DOLOT,H24,SUMOL,RU,2605
RU-2605-H24-9324,707,SUMOL,H24,KUNER,RU,2605
RU-2605-H24-9324,708,KUNER,H24,OLMOR,RU,2605
RU-2605-H24-9324,709,OLMOR,H24,BALIT,RU,2605
RU-2605-H24-9324,710,BALIT,H24,RUDAM,RU,2605
RU-2605-H24-9324,711,RUDAM,H24,KUDZA,RU,2605
RU-2605-H24-9324,712,KUDZA,H24,NEKSU,RU,2605
RU-2605-H24-9324,713,NEKSU,H24,BAMOB,RU,2605
RU-2605-H24-9324,714,BAMOB,H24,ROREN,RU,2605
RU-2605-H24-9324,715,ROREN,H24,BINGI,RU,2605
RU-2605-H24-9324,716,BINGI,H24,KUMEL,RU,2605
RU-2605-H24-9324,717,KUMEL,H24,LAGAT,RU,2605
RU-2605-H24-9324,718,LAGAT,H24,SOTIS,RU,2605
RU-2605-H24-9324,719,SOTIS,H24,ROKUT,RU,2605
RU-2605-H24-9324,720,ROKUT,H24,KOMOV,RU,2605
RU-2605-H24-9324,721,KOMOV,H24,LESHUKONSKOYEVORDME,RU,2605
RU-2605-H24-9324,722,LESHUKONSKOYEVORDME,H24,DIDAG,RU,2605
RU-2605-H24-9324,723,DIDAG,H24,LEDNA,RU,2605
RU-2605-H24-9324,724,LEDNA,H24,ABOKI,RU,2605
RU-2605-H24-9324,725,ABOKI,H24,LANEP,RU,2605
RU-2605-H24-9324,726,LANEP,H24,UTUKA,RU,2605
RU-2605-H24-9324,727,UTUKA,H24,VANOS,RU,2605
RU-2605-H24-9324,728,VANOS,H24,NISEN,RU,2605
RU-2605-H24-9324,729,NISEN,H24,PELOR,RU,2605
SG-2605-A224-16,1,VJB,A224,VMR,SG,2605
SG-2605-A457-49,1,VJB,A457,SABKA,SG,2605
SG-2605-A457-49,2,SABKA,A457,MASBO,SG,2605
SG-2605-A464-87,1,ARAMA,A464,35DMESJ,SG,2605
SG-2605-A464-87,2,35DMESJ,A464,LELIB,SG,2605
SG-2605-A464-87,3,LELIB,A464,MASNI,SG,2605
SG-2605-A464-87,4,MASNI,A464,SJ,SG,2605
SG-2605-A464-87,5,SJ,A464,AVPIV,SG,2605
SG-2605-A464-87,6,AVPIV,A464,IRTAD,SG,2605
SG-2605-A464-87,7,IRTAD,A464,TPG,SG,2605
SG-2605-A576-157,1,REKOP,A576,PIMOK,SG,2605
SG-2605-A576-157,2,PIMOK,A576,BONSU,SG,2605
SG-2605-A576-157,3,BONSU,A576,SJ,SG,2605
SG-2605-B338-207,1,VMR,B338,20DMEPU,SG,2605
SG-2605-B338-207,2,20DMEPU,B338,VTK,SG,2605
SG-2605-B338-207,3,VTK,B338,ENVUM,SG,2605
SG-2605-B338-207,4,ENVUM,B338,IRTAD,SG,2605
SG-2605-B338-207,5,IRTAD,B338,AKVOM,SG,2605
SG-2605-B338-207,6,AKVOM,B338,IDMAS,SG,2605
SG-2605-B338-207,7,IDMAS,B338,ANITO,SG,2605
SG-2605-B469-269,1,VPK,B469,PADLIDELEGATEDAIRSPACE,SG,2605
SG-2605-B469-269,2,PADLIDELEGATEDAIRSPACE,B469,90DMEPU,SG,2605
SG-2605-B469-269,3,90DMEPU,B469,BIKTA,SG,2605
SG-2605-B469-269,4,BIKTA,B469,VMR,SG,2605
SG-2605-B469-269,5,VMR,B469,30DMEPU,SG,2605
SG-2605-B469-269,6,30DMEPU,B469,AKOMA,SG,2605
SG-2605-B469-269,7,AKOMA,B469,10DMEPU,SG,2605
SG-2605-B469-269,8,10DMEPU,B469,PU,SG,2605
SG-2605-B469-269,9,PU,B469,SJ,SG,2605
SG-2605-B469-269,10,SJ,B469,ATLIR,SG,2605
SG-2605-B469-269,11,ATLIR,B469,OMDUD,SG,2605
SG-2605-B469-269,12,OMDUD,B469,BAVAL,SG,2605
SG-2605-B469-269,13,BAVAL,B469,POSOG,SG,2605
SG-2605-B469-269,14,POSOG,B469,ENPUX,SG,2605
SG-2605-B470-378,1,SJ,B470,VEPGA,SG,2605
SG-2605-B470-378,2,VEPGA,B470,IRPUG,SG,2605
SG-2605-B470-378,3,IRPUG,B470,UDONI,SG,2605
SG-2605-B470-378,4,UDONI,B470,ANITOUNIDIRECTIONALROUTEFORFLIGHTSFROMSINGAPOREFIRTOJAKARTAFIRANDBEYONDFORFLIGHTSTOTHESEDESTINATIONAERODROMESWICCWIHHWIIIWAHHWAHSFL300FL320FL340FL360FL380ANDFL400AREAVAILABLE,SG,2605
SG-2605-G219-429,1,NIVAM,G219,30VTK,SG,2605
SG-2605-G219-429,2,30VTK,G219,VTK,SG,2605
SG-2605-G219-429,3,VTK,G219,SINGAPOREKUALALUMPURFIRBOUNDARYAPPROXIMATELY12NMNORTHOFVTK,SG,2605
SG-2605-G334-477,1,IDEMO,G334,KIBOL,SG,2605
SG-2605-G334-477,2,KIBOL,G334,EMSUX,SG,2605
SG-2605-G334-477,3,EMSUX,G334,IRSAB,SG,2605
SG-2605-G579-530,1,VJB,G579,GUMPU,SG,2605
SG-2605-G579-530,2,GUMPU,G579,LAPOL,SG,2605
SG-2605-G579-530,3,LAPOL,G579,LEGOL,SG,2605
SG-2605-G579-530,4,LEGOL,G579,SJ,SG,2605
SG-2605-G579-530,5,SJ,G579,OLNUB,SG,2605
SG-2605-G579-530,6,OLNUB,G579,EMSIB,SG,2605
SG-2605-G579-530,7,EMSIB,G579,REMES,SG,2605
SG-2605-G579-530,8,REMES,G579,UXATI,SG,2605
SG-2605-G579-530,9,UXATI,G579,REPOV,SG,2605
SG-2605-G579-530,10,REPOV,G579,PARDI,SG,2605
SG-2605-G580-622,1,SJ,G580,HOSBA,SG,2605
SG-2605-G580-622,2,HOSBA,G580,DOWON,SG,2605
SG-2605-G580-622,3,DOWON,G580,TOMAN,SG,2605
SG-2605-G580-622,4,TOMAN,G580,DODSO,SG,2605
SG-2605-R208-669,1,IGARI,R208,IKUKOPORTIONOFR208WITHINTHESINGAPOREFIRTOBERELEASEDTOLUMPURACCDAILYSUBJECTTOCOORDINATIONBTNSINGAPOREACCANDLUMPURACC15,SG,2605
SG-2605-R469-706,1,TAROS,R469,ASUNA,SG,2605
SG-2605-R469-706,2,ASUNA,R469,BOBAG,SG,2605
SG-2605-R469-706,3,BOBAG,R469,SAMKO,SG,2605
SG-2605-W22-744,1,TUSNU,W22,TPG,SG,2605
SG-2605-W24-778,1,ENPUX,W24,TPG,SG,2605
SG-2605-W26-816,1,TPG,W26,KIRDA,SG,2605
SG-2605-W401-853,1,HOSBA,W401,OMKOM,SG,2605
SG-2605-W401-853,2,OMKOM,W401,ALFA,SG,2605
SG-2605-W401-853,3,ALFA,W401,GUMPU,SG,2605
SG-2605-W401-853,4,GUMPU,W401,LELIB,SG,2605
SG-2605-W401-853,5,LELIB,W401,PIMOKCONTROLLINGAUTHORITYSINGAPOREACCAIRSPACEBELOWAIRWAYCONTROLLEDBYJOHORAPPROACH,SG,2605
SG-2605-W407-898,1,VTK,W407,SAPEX,SG,2605
SG-2605-W407-898,2,SAPEX,W407,SAMKOSINGAPOREAPPFREQ,SG,2605
SG-2605-W534-939,1,TOPOR,W534,VJB,SG,2605
SG-2605-W651-970,1,VJB,W651,OMKOM,SG,2605
