region_code,aip_cycle,from_fix,to_fix,airway,route_id,route_code,leg_sequence
CN,2605,ABTUB,PK,A593,CN-2605-ZSJN-LAMEN-01,ZSJN-LAMEN-01,1
CN,2605,ABTUB,PK,A593,CN-2605-ZSJN-RCKH-01,ZSJN-RCKH-01,1
CN,2605,ABTUB,PK,A593,CN-2605-ZSJN-RCMQ-01,ZSJN-RCMQ-01,1
CN,2605,ABTUB,PK,A593,CN-2605-ZSJN-RCTP-01,ZSJN-RCTP-01,1
CN,2605,ABTUB,PK,A593,CN-2605-ZSJN-RCYU-01,ZSJN-RCYU-01,1
CN,2605,ABTUD,GUTGO,W227,CN-2605-TEBAK-ZSCN-01,TEBAK-ZSCN-01,3
CN,2605,ABVIL,TXN,G204,CN-2605-LAMEN-ZSTX-01,LAMEN-ZSTX-01,6
CN,2605,ADBAG,GULOT,A599,CN-2605-KATBO-ZPLJ-01,KATBO-ZPLJ-01,2
CN,2605,ADBAG,KATBO,R471,CN-2605-MORIT-KATBO,MORIT-KATBO,4
CN,2605,ADBAG,KATBO,R471,CN-2605-ZBDS-KATBO-01,ZBDS-KATBO-01,4
CN,2605,ADBAG,KATBO,R471,CN-2605-ZGDY-KATBO-01,ZGDY-KATBO-01,6
CN,2605,ADBAG,KATBO,R471,CN-2605-ZLIC-KATBO-01,ZLIC-KATBO-01,5
CN,2605,ADBAG,KATBO,R471,CN-2605-ZLLL-KATBO-01,ZLLL-KATBO-01,4
CN,2605,ADBAG,KATBO,R471,CN-2605-ZLXY-KATBO-01,ZLXY-KATBO-01,5
CN,2605,ADBAG,KATBO,R471,CN-2605-ZPLJ-KATBO-01,ZPLJ-KATBO-01,4
CN,2605,ADBAG,KATBO,R471,CN-2605-ZPPP-KATBO-01,ZPPP-KATBO-01,2
CN,2605,ADBAG,KATBO,R471,CN-2605-ZUCK-KATBO-01,ZUCK-KATBO-01,4
CN,2605,ADBAG,KATBO,R471,CN-2605-ZUGY-KATBO-01,ZUGY-KATBO-01,5
CN,2605,ADBAG,KATBO,R471,CN-2605-ZUTF-KATBO-01,ZUTF-KATBO-01,3
CN,2605,ADBAG,KATBO,R471,CN-2605-ZUUU-KATBO-01,ZUUU-KATBO-01,3
CN,2605,ADBAG,LXI,A599,CN-2605-KATBO-ZPPP-01,KATBO-ZPPP-01,2
CN,2605,ADBAG,SGM,A599,CN-2605-KATBO-MORIT,KATBO-MORIT,2
CN,2605,ADBAG,SGM,A599,CN-2605-KATBO-ZBDS-01,KATBO-ZBDS-01,2
CN,2605,ADBAG,SGM,A599,CN-2605-KATBO-ZGDY-01,KATBO-ZGDY-01,2
CN,2605,ADBAG,SGM,A599,CN-2605-KATBO-ZLIC-01,KATBO-ZLIC-01,2
CN,2605,ADBAG,SGM,A599,CN-2605-KATBO-ZLLL-01,KATBO-ZLLL-01,2
CN,2605,ADBAG,SGM,A599,CN-2605-KATBO-ZLXY-01,KATBO-ZLXY-01,2
CN,2605,ADBAG,SGM,A599,CN-2605-KATBO-ZUCK-01,KATBO-ZUCK-01,2
CN,2605,ADBAG,SGM,A599,CN-2605-KATBO-ZUGY-01,KATBO-ZUGY-01,2
CN,2605,ADBAG,SGM,A599,CN-2605-KATBO-ZUTF-01,KATBO-ZUTF-01,2
CN,2605,ADBAG,SGM,A599,CN-2605-KATBO-ZUUU-01,KATBO-ZUUU-01,2
CN,2605,ADBES,AGVUR,B215,CN-2605-ZBSJ-INTIK-01,ZBSJ-INTIK-01,1
CN,2605,ADBES,AGVUR,B215,CN-2605-ZBSJ-NIXAL-01,ZBSJ-NIXAL-01,1
CN,2605,ADBES,KAPDO,B215,CN-2605-ZBSJ-LINSO-01,ZBSJ-LINSO-01,1
CN,2605,ADBES,KAPDO,B215,CN-2605-ZBSJ-SAGAG-01,ZBSJ-SAGAG-01,1
CN,2605,ADGOL,XSH,W50,CN-2605-AGAVO-TEBAK,AGAVO-TEBAK,7
CN,2605,ADGOL,XSH,W50,CN-2605-LAMEN-ZGDY-01,LAMEN-ZGDY-01,5
CN,2605,ADGOL,XSH,W50,CN-2605-LAMEN-ZGHA-01,LAMEN-ZGHA-01,5
CN,2605,ADGOL,XSH,W50,CN-2605-LAMEN-ZGKL-01,LAMEN-ZGKL-01,5
CN,2605,ADGOL,XSH,W50,CN-2605-LAMEN-ZGNN-01,LAMEN-ZGNN-01,5
CN,2605,ADGOL,XSH,W50,CN-2605-LAMEN-ZHEC-01,LAMEN-ZHEC-01,5
CN,2605,ADGOL,XSH,W50,CN-2605-LAMEN-ZHHH-01,LAMEN-ZHHH-01,5
CN,2605,ADGOL,XSH,W50,CN-2605-LAMEN-ZHYC-01,LAMEN-ZHYC-01,5
CN,2605,ADGOL,XSH,W50,CN-2605-LAMEN-ZPPP-01,LAMEN-ZPPP-01,5
CN,2605,ADGOL,XSH,W50,CN-2605-LAMEN-ZSCN-01,LAMEN-ZSCN-01,5
CN,2605,ADGOL,XSH,W50,CN-2605-LAMEN-ZSCN-02,LAMEN-ZSCN-02,5
CN,2605,ADGOL,XSH,W50,CN-2605-LAMEN-ZUCK-01,LAMEN-ZUCK-01,5
CN,2605,ADGOL,XSH,W50,CN-2605-LAMEN-ZUGY-01,LAMEN-ZUGY-01,5
CN,2605,ADGOL,XSH,W50,CN-2605-LAMEN-ZUTF-01,LAMEN-ZUTF-01,5
CN,2605,ADGOL,XSH,W50,CN-2605-LAMEN-ZUUU-01,LAMEN-ZUUU-01,5
CN,2605,ADGOL,XSH,W50,CN-2605-RCKH-ZHHH-01,RCKH-ZHHH-01,8
CN,2605,ADGOL,XSH,W50,CN-2605-RCKH-ZSCN-01,RCKH-ZSCN-01,8
CN,2605,ADGOL,XSH,W50,CN-2605-RCNN-ZHHH-01,RCNN-ZHHH-01,8
CN,2605,ADGOL,XSH,W50,CN-2605-RCSS-ZHHH-01,RCSS-ZHHH-01,8
CN,2605,ADGOL,XSH,W50,CN-2605-RCTP-ZGDY-01,RCTP-ZGDY-01,8
CN,2605,ADGOL,XSH,W50,CN-2605-RCTP-ZHHH-01,RCTP-ZHHH-01,8
CN,2605,ADGOL,XSH,W50,CN-2605-RCTP-ZSCN-01,RCTP-ZSCN-01,8
CN,2605,ADGOL,XSH,W50,CN-2605-RCYU-ZHHH-01,RCYU-ZHHH-01,8
CN,2605,ADGOL,XSH,W50,CN-2605-RCYU-ZSCN-01,RCYU-ZSCN-01,8
CN,2605,ADGOL,XSH,W50,CN-2605-SADLI-SAGAG,SADLI-SAGAG,5
CN,2605,ADGOL,XSH,W50,CN-2605-SADLI-WHA-LINSO,SADLI-WHA-LINSO,5
CN,2605,ADGOL,XSH,W50,CN-2605-SADLI-WHA-TEBAK,SADLI-WHA-TEBAK,5
CN,2605,ADGOL,XSH,W50,CN-2605-ZSHC-LINSO-01,ZSHC-LINSO-01,6
CN,2605,ADGOL,XSH,W50,CN-2605-ZSNB-LINSO-01,ZSNB-LINSO-01,9
CN,2605,ADGOL,XSH,W50,CN-2605-ZSNT-LINSO-01,ZSNT-LINSO-01,7
CN,2605,ADGOL,XSH,W50,CN-2605-ZSNT-TEBAK-01,ZSNT-TEBAK-01,7
CN,2605,ADGOL,XSH,W50,CN-2605-ZSPD-LINSO-01,ZSPD-LINSO-01,6
CN,2605,ADGOL,XSH,W50,CN-2605-ZSPD-TEBAK-01,ZSPD-TEBAK-01,6
CN,2605,ADGOL,XSH,W50,CN-2605-ZSSH-TAMOT-01,ZSSH-TAMOT-01,7
CN,2605,ADGOL,XSH,W50,CN-2605-ZSSH-TEBAK-01,ZSSH-TEBAK-01,7
CN,2605,ADGOL,XSH,W50,CN-2605-ZSSS-LINSO-01,ZSSS-LINSO-01,6
CN,2605,ADGOL,XSH,W50,CN-2605-ZSSS-TEBAK-01,ZSSS-TEBAK-01,6
CN,2605,ADGOL,XSH,W50,CN-2605-ZSYA-LINSO-01,ZSYA-LINSO-01,6
CN,2605,ADGOL,XSH,W50,CN-2605-ZSYA-TEBAK-01,ZSYA-TEBAK-01,6
CN,2605,ADPET,DAKPA,W188,CN-2605-GOPTO-ZGSZ-02,GOPTO-ZGSZ-02,2
CN,2605,ADPET,DAKPA,W188,CN-2605-GOPTO-ZPPP-01,GOPTO-ZPPP-01,2
CN,2605,ADPET,DAKPA,W188,CN-2605-GOPTO-ZUUU-02,GOPTO-ZUUU-02,2
CN,2605,ADPET,DAKPA,W188,CN-2605-SG-G470-TAMOT,SG-G470-TAMOT,11
CN,2605,ADPET,DAKPA,W188,CN-2605-SG-G470-VHHH,SG-G470-VHHH,11
CN,2605,ADPET,DAKPA,W188,CN-2605-SGM-G470-TAMOT,SGM-G470-TAMOT,11
CN,2605,ADPET,DAKPA,W188,CN-2605-SGM-G470-VHHH,SGM-G470-VHHH,11
CN,2605,ADPET,DAKPA,W188,CN-2605-SGMN-G470-TAMOT,SGMN-G470-TAMOT,11
CN,2605,ADPET,DAKPA,W188,CN-2605-SGMN-G470-VHHH,SGMN-G470-VHHH,11
CN,2605,ADPET,DAKPA,W188,CN-2605-SGMN-VHHH,SGMN-VHHH,10
CN,2605,ADPET,DAKPA,W188,CN-2605-SGMRK-G470-TAMOT,SGMRK-G470-TAMOT,11
CN,2605,ADPET,DAKPA,W188,CN-2605-SGMRK-G470-VHHH,SGMRK-G470-VHHH,11
CN,2605,ADPET,DAKPA,W188,CN-2605-SGMRK-G470/L888-TAMOT,SGMRK-G470/L888-TAMOT,11
CN,2605,ADPET,DAKPA,W188,CN-2605-SGMRK-G470/L888-VHHH,SGMRK-G470/L888-VHHH,11
CN,2605,ADPET,DAKPA,W188,CN-2605-SGMRK-G470/Y1-TAMOT,SGMRK-G470/Y1-TAMOT,11
CN,2605,ADPET,DAKPA,W188,CN-2605-SGMRK-G470/Y1-VHHH,SGMRK-G470/Y1-VHHH,11
CN,2605,ADPET,DAKPA,W188,CN-2605-SGMRN-G470-TAMOT,SGMRN-G470-TAMOT,11
CN,2605,ADPET,DAKPA,W188,CN-2605-SGMRN-G470-VHHH,SGMRN-G470-VHHH,11
CN,2605,ADPET,DAKPA,W188,CN-2605-SGMRN-G470/L888-TAMOT,SGMRN-G470/L888-TAMOT,11
CN,2605,ADPET,DAKPA,W188,CN-2605-SGMRN-G470/L888-VHHH,SGMRN-G470/L888-VHHH,11
CN,2605,ADPET,DAKPA,W188,CN-2605-SGMRN-G470/Y1-TAMOT,SGMRN-G470/Y1-TAMOT,11
CN,2605,ADPET,DAKPA,W188,CN-2605-SGMRN-G470/Y1-VHHH,SGMRN-G470/Y1-VHHH,11
CN,2605,ADPET,DAKPA,W188,CN-2605-ZWWW-SAGAG-02,ZWWW-SAGAG-02,2
CN,2605,ADPET,DAKPA,W188,CN-2605-ZWWW-VHHH-01,ZWWW-VHHH-01,2
CN,2605,ADPET,DAKPA,W188,CN-2605-ZWWW-VMMC-01,ZWWW-VMMC-01,2
CN,2605,ADPET,GOPTO,B206,CN-2605-BEKOL-GOPTO,BEKOL-GOPTO,12
CN,2605,ADPET,GOPTO,B206,CN-2605-BEKOL-SGM,BEKOL-SGM,23
CN,2605,ADPET,GOPTO,B206,CN-2605-BEKOL-SGMN,BEKOL-SGMN,23
CN,2605,ADPET,GOPTO,B206,CN-2605-ZGSZ-GOPTO-02,ZGSZ-GOPTO-02,11
CN,2605,ADPET,GOPTO,B206,CN-2605-ZPPP-GOPTO-01,ZPPP-GOPTO-01,8
CN,2605,ADPET,GOPTO,B206,CN-2605-ZUUU-GOPTO-02,ZUUU-GOPTO-02,7
CN,2605,ADPET,GOPTO,B206,CN-2605-ZWWW-GOPTO-01,ZWWW-GOPTO-01,2
CN,2605,ADPET,LIKMI,W188,CN-2605-GOPTO-TAMOT,GOPTO-TAMOT,2
CN,2605,ADPET,LIKMI,W188,CN-2605-GOPTO-TEBAK,GOPTO-TEBAK,2
CN,2605,ADPET,LIKMI,W188,CN-2605-GOPTO-VHHH,GOPTO-VHHH,2
CN,2605,ADPET,LIKMI,W188,CN-2605-SGM-TAMOT,SGM-TAMOT,10
CN,2605,ADPET,LIKMI,W188,CN-2605-SGM-VHHH,SGM-VHHH,10
CN,2605,ADPET,LIKMI,W188,CN-2605-SGMN-TAMOT,SGMN-TAMOT,10
CN,2605,ADPET,LIKMI,W188,CN-2605-ZWWW-AGAVO-01,ZWWW-AGAVO-01,2
CN,2605,ADPET,LIKMI,W188,CN-2605-ZWWW-MORIT-01,ZWWW-MORIT-01,2
CN,2605,ADPET,LIKMI,W188,CN-2605-ZWWW-RCTP-01,ZWWW-RCTP-01,2
CN,2605,ADPET,LIKMI,W188,CN-2605-ZWWW-SAGAG-01,ZWWW-SAGAG-01,2
CN,2605,ADPET,LIKMI,W188,CN-2605-ZWWW-VHHH-02,ZWWW-VHHH-02,2
CN,2605,ADPET,QTV,W190,CN-2605-GOPTO-ZWWW-01,GOPTO-ZWWW-01,2
CN,2605,AGAVO,DONVO,G597,CN-2605-AGAVO-ARGUK,AGAVO-ARGUK,1
CN,2605,AGAVO,DONVO,G597,CN-2605-AGAVO-AS,AGAVO-AS,1
CN,2605,AGAVO,DONVO,G597,CN-2605-AGAVO-AS,AGAVO-AS,7
CN,2605,AGAVO,DONVO,G597,CN-2605-AGAVO-BISUN,AGAVO-BISUN,1
CN,2605,AGAVO,DONVO,G597,CN-2605-AGAVO-SIMLI,AGAVO-SIMLI,1
CN,2605,AGAVO,DONVO,G597,CN-2605-AGAVO-TELOK,AGAVO-TELOK,1
CN,2605,AGAVO,DONVO,G597,CN-2605-AGAVO-ZYCC-01,AGAVO-ZYCC-01,1
CN,2605,AGAVO,DONVO,G597,CN-2605-AGAVO-ZYHB-01,AGAVO-ZYHB-01,1
CN,2605,AGAVO,DONVO,G597,CN-2605-AGAVO-ZYJM-01,AGAVO-ZYJM-01,1
CN,2605,AGAVO,DONVO,G597,CN-2605-AGAVO-ZYTL-01,AGAVO-ZYTL-01,1
CN,2605,AGAVO,DONVO,G597,CN-2605-AGAVO-ZYTX-01,AGAVO-ZYTX-01,1
CN,2605,AGAVO,IKEKA,A591,CN-2605-AGAVO-B339-KAMUD,AGAVO-B339-KAMUD,1
CN,2605,AGAVO,IKEKA,A591,CN-2605-AGAVO-B339-PURPA,AGAVO-B339-PURPA,1
CN,2605,AGAVO,IKEKA,A591,CN-2605-AGAVO-B339-RULAD,AGAVO-B339-RULAD,1
CN,2605,AGAVO,IKEKA,A591,CN-2605-AGAVO-B339-SARIN,AGAVO-B339-SARIN,1
CN,2605,AGAVO,IKEKA,A591,CN-2605-AGAVO-B339-SRK,AGAVO-B339-SRK,1
CN,2605,AGAVO,IKEKA,A591,CN-2605-AGAVO-B339-SRK,AGAVO-B339-SRK,14
CN,2605,AGAVO,IKEKA,A591,CN-2605-AGAVO-B339-SRK,AGAVO-B339-SRK,28
CN,2605,AGAVO,IKEKA,A591,CN-2605-AGAVO-KAMUD,AGAVO-KAMUD,1
CN,2605,AGAVO,IKEKA,A591,CN-2605-AGAVO-LINSO,AGAVO-LINSO,1
CN,2605,AGAVO,IKEKA,A591,CN-2605-AGAVO-POLHO,AGAVO-POLHO,1
CN,2605,AGAVO,IKEKA,A591,CN-2605-AGAVO-RK,AGAVO-RK,1
CN,2605,AGAVO,IKEKA,A591,CN-2605-AGAVO-RK,AGAVO-RK,14
CN,2605,AGAVO,IKEKA,A591,CN-2605-AGAVO-RKL,AGAVO-RKL,1
CN,2605,AGAVO,IKEKA,A591,CN-2605-AGAVO-RKL,AGAVO-RKL,14
CN,2605,AGAVO,IKEKA,A591,CN-2605-AGAVO-RKL,AGAVO-RKL,27
CN,2605,AGAVO,IKEKA,A591,CN-2605-AGAVO-RULAD,AGAVO-RULAD,1
CN,2605,AGAVO,IKEKA,A591,CN-2605-AGAVO-SARIN,AGAVO-SARIN,1
CN,2605,AGAVO,IKEKA,A591,CN-2605-AGAVO-TAMOT,AGAVO-TAMOT,1
CN,2605,AGAVO,IKEKA,A591,CN-2605-AGAVO-TEBAK,AGAVO-TEBAK,1
CN,2605,AGAVO,IKEKA,A591,CN-2605-AGAVO-VHHH,AGAVO-VHHH,1
CN,2605,AGAVO,IKEKA,A591,CN-2605-AGAVO-W104-SARIN,AGAVO-W104-SARIN,1
CN,2605,AGAVO,IKEKA,A591,CN-2605-AGAVO-W112-PURPA,AGAVO-W112-PURPA,1
CN,2605,AGAVO,IKEKA,A591,CN-2605-AGAVO-ZBAA-01,AGAVO-ZBAA-01,1
CN,2605,AGAVO,IKEKA,A591,CN-2605-AGAVO-ZBAD-01,AGAVO-ZBAD-01,1
CN,2605,AGAVO,IKEKA,A591,CN-2605-AGAVO-ZBDS-01,AGAVO-ZBDS-01,1
CN,2605,AGAVO,IKEKA,A591,CN-2605-AGAVO-ZBHH-01,AGAVO-ZBHH-01,1
CN,2605,AGAVO,IKEKA,A591,CN-2605-AGAVO-ZBOW-01,AGAVO-ZBOW-01,1
CN,2605,AGAVO,IKEKA,A591,CN-2605-AGAVO-ZBSJ-01,AGAVO-ZBSJ-01,1
CN,2605,AGAVO,IKEKA,A591,CN-2605-AGAVO-ZBTJ-01,AGAVO-ZBTJ-01,1
CN,2605,AGAVO,IKEKA,A591,CN-2605-AGAVO-ZBYN-01,AGAVO-ZBYN-01,1
CN,2605,AGAVO,IKEKA,A591,CN-2605-AGAVO-ZGHA-01,AGAVO-ZGHA-01,1
CN,2605,AGAVO,IKEKA,A591,CN-2605-AGAVO-ZHCC-01,AGAVO-ZHCC-01,1
CN,2605,AGAVO,IKEKA,A591,CN-2605-AGAVO-ZHEC-01,AGAVO-ZHEC-01,1
CN,2605,AGAVO,IKEKA,A591,CN-2605-AGAVO-ZHHH-01,AGAVO-ZHHH-01,1
CN,2605,AGAVO,IKEKA,A591,CN-2605-AGAVO-ZLIC-01,AGAVO-ZLIC-01,1
CN,2605,AGAVO,IKEKA,A591,CN-2605-AGAVO-ZLXY-01,AGAVO-ZLXY-01,1
CN,2605,AGAVO,IKEKA,A591,CN-2605-AGAVO-ZPPP-01,AGAVO-ZPPP-01,1
CN,2605,AGAVO,IKEKA,A591,CN-2605-AGAVO-ZSJN-01,AGAVO-ZSJN-01,1
CN,2605,AGAVO,IKEKA,A591,CN-2605-AGAVO-ZSWH-01,AGAVO-ZSWH-01,1
CN,2605,AGAVO,IKEKA,A591,CN-2605-AGAVO-ZSYT-01,AGAVO-ZSYT-01,1
CN,2605,AGAVO,IKEKA,A591,CN-2605-AGAVO-ZUCK-01,AGAVO-ZUCK-01,1
CN,2605,AGAVO,IKEKA,A591,CN-2605-AGAVO-ZUGY-01,AGAVO-ZUGY-01,1
CN,2605,AGAVO,IKEKA,A591,CN-2605-AGAVO-ZUTF-01,AGAVO-ZUTF-01,1
CN,2605,AGAVO,IKEKA,A591,CN-2605-AGAVO-ZUTF-02,AGAVO-ZUTF-02,1
CN,2605,AGAVO,IKEKA,A591,CN-2605-AGAVO-ZUUU-01,AGAVO-ZUUU-01,1
CN,2605,AGAVO,IKEKA,A591,CN-2605-AGAVO-ZUUU-02,AGAVO-ZUUU-02,1
CN,2605,AGAVO,KAMUD,DCT,CN-2605-RK-AGAVO,RK-AGAVO,12
CN,2605,AGAVO,KAMUD,DCT,CN-2605-RKL-AGAVO,RKL-AGAVO,12
CN,2605,AGAVO,KAMUD,DCT,CN-2605-SRK-AGAVO,SRK-AGAVO,23
CN,2605,AGAVO,LATUX,W209,CN-2605-AGAVO-ZSQD-01,AGAVO-ZSQD-01,1
CN,2605,AGAVO,LINSO,DCT,CN-2605-RKL-AGAVO,RKL-AGAVO,24
CN,2605,AGAVO,MAGIT,DCT,CN-2605-SM-AGAVO,SM-AGAVO,5
CN,2605,AGAVO,OMLIB,W209,CN-2605-AGAVO-ZSNJ-01,AGAVO-ZSNJ-01,1
CN,2605,AGAVO,OMLIB,W209,CN-2605-AGAVO-ZSNJ-02,AGAVO-ZSNJ-02,1
CN,2605,AGAVO,OMLIB,W209,CN-2605-AGAVO-ZSPD-01,AGAVO-ZSPD-01,1
CN,2605,AGAVO,OMLIB,W209,CN-2605-AGAVO-ZSPD-02,AGAVO-ZSPD-02,1
CN,2605,AGAVO,OMLIB,W209,CN-2605-AGAVO-ZSXZ-01,AGAVO-ZSXZ-01,1
CN,2605,AGAVO,OMLIB,W209,CN-2605-AGAVO-ZSYA-01,AGAVO-ZSYA-01,1
CN,2605,AGAVO,OMLIB,W209,CN-2605-AGAVO-ZSYN-01,AGAVO-ZSYN-01,1
CN,2605,AGAVO,RULAD,DCT,CN-2605-SRK-AGAVO,SRK-AGAVO,11
CN,2605,AGPOR,ASSAD,A202,CN-2605-ZGZJ-ASSAD-01,ZGZJ-ASSAD-01,2
CN,2605,AGPOR,LH,W71,CN-2605-ASSAD-ZGSZ-02,ASSAD-ZGSZ-02,2
CN,2605,AGPOR,LH,W71,CN-2605-ASSAD-ZGZJ-01,ASSAD-ZGZJ-01,2
CN,2605,AGPOR,LH,W71,CN-2605-ASSAD-ZSAM-01,ASSAD-ZSAM-01,2
CN,2605,AGPOR,LH,W71,CN-2605-ASSAD-ZSFZ-01,ASSAD-ZSFZ-01,2
CN,2605,AGPOR,LH,W71,CN-2605-ASSAD-ZSHC-01,ASSAD-ZSHC-01,2
CN,2605,AGPOR,LH,W71,CN-2605-ASSAD-ZSNB-01,ASSAD-ZSNB-01,2
CN,2605,AGPOR,NYB,V12,CN-2605-ZGZJ-BUNTA-01,ZGZJ-BUNTA-01,2
CN,2605,AGTEL,AGPOR,W71,CN-2605-ZGZJ-ASSAD-01,ZGZJ-ASSAD-01,1
CN,2605,AGTEL,AGPOR,W71,CN-2605-ZGZJ-BUNTA-01,ZGZJ-BUNTA-01,1
CN,2605,AGTEL,LH,W71,CN-2605-BUNTA-ZBAA-01,BUNTA-ZBAA-01,4
CN,2605,AGTEL,LH,W71,CN-2605-BUNTA-ZBAD-01,BUNTA-ZBAD-01,4
CN,2605,AGTEL,LH,W71,CN-2605-BUNTA-ZGNN-01,BUNTA-ZGNN-01,4
CN,2605,AGTEL,LH,W71,CN-2605-BUNTA-ZGZJ-01,BUNTA-ZGZJ-01,4
CN,2605,AGTEL,LH,W71,CN-2605-ZJHK-LINSO-01,ZJHK-LINSO-01,1
CN,2605,AGTEL,LH,W71,CN-2605-ZJHK-MORIT-01,ZJHK-MORIT-01,1
CN,2605,AGTEL,LH,W71,CN-2605-ZJHK-RULAD-01,ZJHK-RULAD-01,1
CN,2605,AGTEL,LH,W71,CN-2605-ZJHK-RULAD-02,ZJHK-RULAD-02,1
CN,2605,AGTEL,LH,W71,CN-2605-ZJHK-SARIN-01,ZJHK-SARIN-01,1
CN,2605,AGTEL,LH,W71,CN-2605-ZJHK-TEBAK-01,ZJHK-TEBAK-01,1
CN,2605,AGTEL,LH,W71,CN-2605-ZJSY-BISUN-02,ZJSY-BISUN-02,3
CN,2605,AGTEL,LH,W71,CN-2605-ZJSY-LINSO-01,ZJSY-LINSO-01,3
CN,2605,AGTEL,LH,W71,CN-2605-ZJSY-MORIT-01,ZJSY-MORIT-01,3
CN,2605,AGTEL,LH,W71,CN-2605-ZJSY-NIXAL-02,ZJSY-NIXAL-02,3
CN,2605,AGTEL,LH,W71,CN-2605-ZJSY-RULAD-01,ZJSY-RULAD-01,3
CN,2605,AGTEL,LH,W71,CN-2605-ZJSY-RULAD-02,ZJSY-RULAD-02,3
CN,2605,AGTEL,LH,W71,CN-2605-ZJSY-SARIN-01,ZJSY-SARIN-01,3
CN,2605,AGTEL,LH,W71,CN-2605-ZJSY-SARIN-02,ZJSY-SARIN-02,3
CN,2605,AGTEL,LH,W71,CN-2605-ZJSY-TEBAK-01,ZJSY-TEBAK-01,3
CN,2605,AGULU,APIMI,W81,CN-2605-ZUUU-AGAVO-01,ZUUU-AGAVO-01,2
CN,2605,AGVIL,OSNOV,W24,CN-2605-ZGGG-AGVUT-01R,ZGGG-AGVUT-01R,1
CN,2605,AGVIL,OSNOV,W24,CN-2605-ZGGG-AGVUT-02R,ZGGG-AGVUT-02R,1
CN,2605,AGVIL,OSNOV,W24,CN-2605-ZGGG-KAMUD-01,ZGGG-KAMUD-01,1
CN,2605,AGVIL,OSNOV,W24,CN-2605-ZGGG-KAMUD-02,ZGGG-KAMUD-02,1
CN,2605,AGVIL,OSNOV,W24,CN-2605-ZGGG-MORIT-01,ZGGG-MORIT-01,1
CN,2605,AGVIL,OSNOV,W24,CN-2605-ZGGG-OGIGI-01,ZGGG-OGIGI-01,1
CN,2605,AGVIL,OSNOV,W24,CN-2605-ZGGG-RULAD-01,ZGGG-RULAD-01,1
CN,2605,AGVIL,OSNOV,W24,CN-2605-ZGGG-SARIN-01,ZGGG-SARIN-01,1
CN,2605,AGVIL,OSNOV,W24,CN-2605-ZGGG-SARIN-02,ZGGG-SARIN-02,1
CN,2605,AGVUR,APOGO,B215,CN-2605-AGAVO-W104-SARIN,AGAVO-W104-SARIN,7
CN,2605,AGVUR,APOGO,B215,CN-2605-RCTP-ZLIC-01,RCTP-ZLIC-01,7
CN,2605,AGVUR,APOGO,B215,CN-2605-TEBAK-ZLIC-01,TEBAK-ZLIC-01,6
CN,2605,AGVUR,APOGO,B215,CN-2605-VHHH-ZBDS-01,VHHH-ZBDS-01,4
CN,2605,AGVUR,BESGI,W87,CN-2605-INTIK-ZBSJ-01,INTIK-ZBSJ-01,3
CN,2605,AGVUR,BESGI,W87,CN-2605-NIXAL-ZBSJ-01,NIXAL-ZBSJ-01,2
CN,2605,AGVUR,BESGI,W87,CN-2605-ZBDS-AGAVO-01,ZBDS-AGAVO-01,3
CN,2605,AGVUR,BESGI,W87,CN-2605-ZLIC-AGAVO-01,ZLIC-AGAVO-01,4
CN,2605,AGVUR,CGO,B208,CN-2605-ZBDS-VHHH-01,ZBDS-VHHH-01,3
CN,2605,AGVUR,CGO,B208,CN-2605-ZLIC-RCTP-01,ZLIC-RCTP-01,4
CN,2605,AGVUR,HET,B208,CN-2605-ZBSJ-INTIK-01,ZBSJ-INTIK-01,2
CN,2605,AGVUR,HET,B208,CN-2605-ZBYN-BISUN-01,ZBYN-BISUN-01,1
CN,2605,AGVUR,MENED,W287,CN-2605-RCBS-ZLXY-01,RCBS-ZLXY-01,7
CN,2605,AGVUR,MENED,W287,CN-2605-RCKH-ZLXY-01,RCKH-ZLXY-01,7
CN,2605,AGVUR,MENED,W287,CN-2605-RCMQ-ZLXY-01,RCMQ-ZLXY-01,7
CN,2605,AGVUR,MENED,W287,CN-2605-RCQC-ZLXY-01,RCQC-ZLXY-01,7
CN,2605,AGVUR,MENED,W287,CN-2605-RCTP-ZLXY-01,RCTP-ZLXY-01,7
CN,2605,AGVUR,MENED,W287,CN-2605-RCYU-ZLXY-01,RCYU-ZLXY-01,7
CN,2605,AGVUR,MENED,W287,CN-2605-ZBAD-LINSO-02,ZBAD-LINSO-02,2
CN,2605,AGVUR,MENED,W287,CN-2605-ZBAD-NONIM-01,ZBAD-NONIM-01,2
CN,2605,AGVUR,NIXAL,B208,CN-2605-ZBSJ-NIXAL-01,ZBSJ-NIXAL-01,2
CN,2605,AGVUR,NIXAL,B208,CN-2605-ZBYN-NIXAL-01,ZBYN-NIXAL-01,1
CN,2605,AGVUR,NOPIN,B208,CN-2605-MAGIT-ZHCC-01,MAGIT-ZHCC-01,4
CN,2605,AGVUR,TODAM,B208,CN-2605-AGAVO-ZBHH-01,AGAVO-ZBHH-01,7
CN,2605,AGVUT,DSC,L181,CN-2605-AGVUT-ZBAA-01R,AGVUT-ZBAA-01R,1
CN,2605,AGVUT,DSC,L181,CN-2605-AGVUT-ZBAA-02R,AGVUT-ZBAA-02R,1
CN,2605,AGVUT,DSC,L181,CN-2605-AGVUT-ZGGG-01R,AGVUT-ZGGG-01R,1
CN,2605,AGVUT,DSC,L181,CN-2605-AGVUT-ZGGG-02R,AGVUT-ZGGG-02R,1
CN,2605,AGVUT,DSC,L181,CN-2605-AGVUT-ZGSZ-01R,AGVUT-ZGSZ-01R,1
CN,2605,AGVUT,DSC,L181,CN-2605-AGVUT-ZLXY-01R,AGVUT-ZLXY-01R,1
CN,2605,AGVUT,DSC,L181,CN-2605-AGVUT-ZUTF-01R,AGVUT-ZUTF-01R,1
CN,2605,AGVUT,DSC,L181,CN-2605-AGVUT-ZWWW-01R,AGVUT-ZWWW-01R,1
CN,2605,AKARA,DUMET,A593,CN-2605-MAGIT-ZSHC-01,MAGIT-ZSHC-01,6
CN,2605,AKARA,DUMET,A593,CN-2605-SIMLI-ZSHC-02,SIMLI-ZSHC-02,4
CN,2605,AKARA,IKADI,A326,CN-2605-LAMEN-ZSNJ-02,LAMEN-ZSNJ-02,2
CN,2605,AKARA,IKADI,A326,CN-2605-LAMEN-ZSQD-01,LAMEN-ZSQD-01,2
CN,2605,AKARA,IKADI,A326,CN-2605-LAMEN-ZSSH-02,LAMEN-ZSSH-02,2
CN,2605,AKARA,IKEKA,A326,CN-2605-BEKOL-AGAVO,BEKOL-AGAVO,7
CN,2605,AKARA,IKEKA,A326,CN-2605-TEBAK-AGAVO,TEBAK-AGAVO,8
CN,2605,AKARA,PK,A593,CN-2605-AGAVO-TEBAK,AGAVO-TEBAK,3
CN,2605,AKARA,PUD,A593,CN-2605-AGAVO-TAMOT,AGAVO-TAMOT,3
CN,2605,AKARA,PUD,A593,CN-2605-AGAVO-VHHH,AGAVO-VHHH,3
CN,2605,AKARA,PUD,A593,CN-2605-AGAVO-ZSPD-01,AGAVO-ZSPD-01,3
CN,2605,AKARA,PUD,A593,CN-2605-APITO-ZSPD-01,APITO-ZSPD-01,2
CN,2605,AKARA,PUD,A593,CN-2605-BISUN-ZSPD-01,BISUN-ZSPD-01,6
CN,2605,AKARA,PUD,A593,CN-2605-MAGIT-ZSPD-02,MAGIT-ZSPD-02,6
CN,2605,AKARA,PUD,A593,CN-2605-SIMLI-ZSPD-02,SIMLI-ZSPD-02,4
CN,2605,AKARA,PUD,A593,CN-2605-TELOK-ZSPD-01,TELOK-ZSPD-01,5
CN,2605,AKARA,PUD,A593,CN-2605-TOMUK-ZSPD-01,TOMUK-ZSPD-01,3
CN,2605,AKARA,PUD,A593,CN-2605-ZSYT-MAGOG-01,ZSYT-MAGOG-01,3
CN,2605,AKAVO,EMRID,A470,CN-2605-ZSAM-KAMUD-01,ZSAM-KAMUD-01,3
CN,2605,AKAVO,EMRID,A470,CN-2605-ZSAM-NIXAL-01,ZSAM-NIXAL-01,3
CN,2605,AKAVO,EMRID,A470,CN-2605-ZSAM-POLHO-01,ZSAM-POLHO-01,3
CN,2605,AKDIM,BZ,A470,CN-2605-ZSNT-RCTP-01,ZSNT-RCTP-01,6
CN,2605,AKDIM,BZ,A470,CN-2605-ZSSS-RCKH-01,ZSSS-RCKH-01,2
CN,2605,AKDIM,BZ,A470,CN-2605-ZSSS-RCMQ-01,ZSSS-RCMQ-01,2
CN,2605,AKDIM,BZ,A470,CN-2605-ZSSS-RCSS-01,ZSSS-RCSS-01,2
CN,2605,AKDIM,BZ,A470,CN-2605-ZSSS-RCTP-01,ZSSS-RCTP-01,2
CN,2605,AKDIM,BZ,A470,CN-2605-ZSSS-RCYU-01,ZSSS-RCYU-01,2
CN,2605,AKDIM,DUBGO,A470,CN-2605-AGAVO-TAMOT,AGAVO-TAMOT,6
CN,2605,AKDIM,DUBGO,A470,CN-2605-AGAVO-VHHH,AGAVO-VHHH,6
CN,2605,AKDIM,DUBGO,A470,CN-2605-LAMEN-ZGGG-01,LAMEN-ZGGG-01,4
CN,2605,AKDIM,DUBGO,A470,CN-2605-LAMEN-ZGSZ-01,LAMEN-ZGSZ-01,4
CN,2605,AKDIM,DUBGO,A470,CN-2605-LAMEN-ZJHK-01,LAMEN-ZJHK-01,4
CN,2605,AKDIM,DUBGO,A470,CN-2605-LAMEN-ZJSY-01,LAMEN-ZJSY-01,4
CN,2605,AKDIM,DUBGO,A470,CN-2605-LAMEN-ZJSY-02,LAMEN-ZJSY-02,4
CN,2605,AKDIM,DUBGO,A470,CN-2605-LAMEN-ZSTX-01,LAMEN-ZSTX-01,4
CN,2605,AKDIM,DUBGO,A470,CN-2605-MPSMS-TAMOT,MPSMS-TAMOT,27
CN,2605,AKDIM,DUBGO,A470,CN-2605-MPSMS-VHHH,MPSMS-VHHH,33
CN,2605,AKDIM,DUBGO,A470,CN-2605-SADLI-LINSO,SADLI-LINSO,4
CN,2605,AKDIM,DUBGO,A470,CN-2605-SADLI-TAMOT,SADLI-TAMOT,4
CN,2605,AKDIM,DUBGO,A470,CN-2605-SADLI-TEBAK,SADLI-TEBAK,4
CN,2605,AKDIM,DUBGO,A470,CN-2605-SADLI-VHHH,SADLI-VHHH,4
CN,2605,AKDIM,DUBGO,A470,CN-2605-SADLI-VMMC,SADLI-VMMC,4
CN,2605,AKDIM,DUBGO,A470,CN-2605-ZSPD-ASSAD-01,ZSPD-ASSAD-01,2
CN,2605,AKDIM,DUBGO,A470,CN-2605-ZSPD-LINSO-02,ZSPD-LINSO-02,2
CN,2605,AKDIM,DUBGO,A470,CN-2605-ZSPD-TAMOT-01,ZSPD-TAMOT-01,2
CN,2605,AKDIM,DUBGO,A470,CN-2605-ZSPD-TEBAK-02,ZSPD-TEBAK-02,2
CN,2605,AKDIM,DUBGO,A470,CN-2605-ZSPD-VHHH-03,ZSPD-VHHH-03,2
CN,2605,AKDIM,DUBGO,A470,CN-2605-ZSPD-VMMC-04,ZSPD-VMMC-04,2
CN,2605,AKDIM,DUBGO,A470,CN-2605-ZSSS-ASSAD-01,ZSSS-ASSAD-01,2
CN,2605,AKDIM,DUBGO,A470,CN-2605-ZSSS-LINSO-02,ZSSS-LINSO-02,2
CN,2605,AKDIM,DUBGO,A470,CN-2605-ZSSS-TAMOT-01,ZSSS-TAMOT-01,2
CN,2605,AKDIM,DUBGO,A470,CN-2605-ZSSS-VHHH-02,ZSSS-VHHH-02,2
CN,2605,AKDIM,DUBGO,A470,CN-2605-ZSSS-VMMC-02,ZSSS-VMMC-02,2
CN,2605,AKDIM,MAGOG,A470,CN-2605-SADLI-MAGOG,SADLI-MAGOG,4
CN,2605,AKDIM,MAGOG,A470,CN-2605-ZSNT-MAGOG-01,ZSNT-MAGOG-01,6
CN,2605,AKDIM,MAGOG,A470,CN-2605-ZSNT-VHHH-01,ZSNT-VHHH-01,6
CN,2605,AKDIM,MAGOG,A470,CN-2605-ZSNT-VMMC-01,ZSNT-VMMC-01,6
CN,2605,AKDIM,MAGOG,A470,CN-2605-ZSSS-MAGOG-01,ZSSS-MAGOG-01,2
CN,2605,AKDIM,MAGOG,A470,CN-2605-ZSSS-VHHH-01,ZSSS-VHHH-01,2
CN,2605,AKDIM,MAGOG,A470,CN-2605-ZSSS-VMMC-01,ZSSS-VMMC-01,2
CN,2605,AKDIM,MAGOG,A470,CN-2605-ZSYT-MAGOG-01,ZSYT-MAGOG-01,6
CN,2605,AKDIM,TEBON,A470,CN-2605-LAMEN-ZGOW-01,LAMEN-ZGOW-01,4
CN,2605,AKLAS,ESDEX,W192,CN-2605-GOPTO-ZGSZ-02,GOPTO-ZGSZ-02,4
CN,2605,AKLAS,ESDEX,W192,CN-2605-GOPTO-ZPPP-01,GOPTO-ZPPP-01,4
CN,2605,AKLAS,ESDEX,W192,CN-2605-GOPTO-ZUUU-02,GOPTO-ZUUU-02,4
CN,2605,AKLAS,ESDEX,W192,CN-2605-SG-G470-TAMOT,SG-G470-TAMOT,13
CN,2605,AKLAS,ESDEX,W192,CN-2605-SG-G470-VHHH,SG-G470-VHHH,13
CN,2605,AKLAS,ESDEX,W192,CN-2605-SGM-G470-TAMOT,SGM-G470-TAMOT,13
CN,2605,AKLAS,ESDEX,W192,CN-2605-SGM-G470-VHHH,SGM-G470-VHHH,13
CN,2605,AKLAS,ESDEX,W192,CN-2605-SGMN-G470-TAMOT,SGMN-G470-TAMOT,13
CN,2605,AKLAS,ESDEX,W192,CN-2605-SGMN-G470-VHHH,SGMN-G470-VHHH,13
CN,2605,AKLAS,ESDEX,W192,CN-2605-SGMN-VHHH,SGMN-VHHH,12
CN,2605,AKLAS,ESDEX,W192,CN-2605-SGMRK-G470-TAMOT,SGMRK-G470-TAMOT,13
CN,2605,AKLAS,ESDEX,W192,CN-2605-SGMRK-G470-VHHH,SGMRK-G470-VHHH,13
CN,2605,AKLAS,ESDEX,W192,CN-2605-SGMRK-G470/L888-TAMOT,SGMRK-G470/L888-TAMOT,13
CN,2605,AKLAS,ESDEX,W192,CN-2605-SGMRK-G470/L888-VHHH,SGMRK-G470/L888-VHHH,13
CN,2605,AKLAS,ESDEX,W192,CN-2605-SGMRK-G470/Y1-TAMOT,SGMRK-G470/Y1-TAMOT,13
CN,2605,AKLAS,ESDEX,W192,CN-2605-SGMRK-G470/Y1-VHHH,SGMRK-G470/Y1-VHHH,13
CN,2605,AKLAS,ESDEX,W192,CN-2605-SGMRN-G470-TAMOT,SGMRN-G470-TAMOT,13
CN,2605,AKLAS,ESDEX,W192,CN-2605-SGMRN-G470-VHHH,SGMRN-G470-VHHH,13
CN,2605,AKLAS,ESDEX,W192,CN-2605-SGMRN-G470/L888-TAMOT,SGMRN-G470/L888-TAMOT,13
CN,2605,AKLAS,ESDEX,W192,CN-2605-SGMRN-G470/L888-VHHH,SGMRN-G470/L888-VHHH,13
CN,2605,AKLAS,ESDEX,W192,CN-2605-SGMRN-G470/Y1-TAMOT,SGMRN-G470/Y1-TAMOT,13
CN,2605,AKLAS,ESDEX,W192,CN-2605-SGMRN-G470/Y1-VHHH,SGMRN-G470/Y1-VHHH,13
CN,2605,AKLAS,ESDEX,W192,CN-2605-ZWWW-SAGAG-02,ZWWW-SAGAG-02,4
CN,2605,AKLAS,ESDEX,W192,CN-2605-ZWWW-VHHH-01,ZWWW-VHHH-01,4
CN,2605,AKLAS,ESDEX,W192,CN-2605-ZWWW-VMMC-01,ZWWW-VMMC-01,4
CN,2605,AKLAS,FKG,W192,CN-2605-BEKOL-G470-KAMUD,BEKOL-G470-KAMUD,11
CN,2605,AKLAS,FKG,W192,CN-2605-BEKOL-G470-RULAD,BEKOL-G470-RULAD,11
CN,2605,AKLAS,FKG,W192,CN-2605-BEKOL-G470-SARIN,BEKOL-G470-SARIN,11
CN,2605,AKLAS,FKG,W192,CN-2605-BEKOL-G470-SGM,BEKOL-G470-SGM,11
CN,2605,AKLAS,FKG,W192,CN-2605-BEKOL-G470-SGM,BEKOL-G470-SGM,24
CN,2605,AKLAS,FKG,W192,CN-2605-BEKOL-G470-SGMN,BEKOL-G470-SGMN,11
CN,2605,AKLAS,FKG,W192,CN-2605-BEKOL-G470-SGMN,BEKOL-G470-SGMN,24
CN,2605,AKLAS,FKG,W192,CN-2605-BEKOL-G470-SGMRK,BEKOL-G470-SGMRK,11
CN,2605,AKLAS,FKG,W192,CN-2605-BEKOL-G470-SGMRK,BEKOL-G470-SGMRK,24
CN,2605,AKLAS,FKG,W192,CN-2605-BEKOL-G470-SGMRK,BEKOL-G470-SGMRK,46
CN,2605,AKLAS,FKG,W192,CN-2605-BEKOL-G470-SGMRK,BEKOL-G470-SGMRK,61
CN,2605,AKLAS,FKG,W192,CN-2605-BEKOL-G470-SGMRN,BEKOL-G470-SGMRN,11
CN,2605,AKLAS,FKG,W192,CN-2605-BEKOL-G470-SGMRN,BEKOL-G470-SGMRN,24
CN,2605,AKLAS,FKG,W192,CN-2605-BEKOL-G470-SGMRN,BEKOL-G470-SGMRN,46
CN,2605,AKLAS,FKG,W192,CN-2605-BEKOL-G470-SM,BEKOL-G470-SM,11
CN,2605,AKLAS,FKG,W192,CN-2605-BEKOL-G470-SRK,BEKOL-G470-SRK,11
CN,2605,AKLAS,FKG,W192,CN-2605-BEKOL-G470-SRK,BEKOL-G470-SRK,24
CN,2605,AKLAS,FKG,W192,CN-2605-BEKOL-G470-SRK,BEKOL-G470-SRK,39
CN,2605,AKLAS,FKG,W192,CN-2605-BEKOL-G470-SRKL,BEKOL-G470-SRKL,11
CN,2605,AKLAS,FKG,W192,CN-2605-BEKOL-G470-SRKL,BEKOL-G470-SRKL,24
CN,2605,AKLAS,FKG,W192,CN-2605-BEKOL-G470-SRKL,BEKOL-G470-SRKL,39
CN,2605,AKLAS,FKG,W192,CN-2605-BEKOL-G470-SRL,BEKOL-G470-SRL,11
CN,2605,AKLAS,FKG,W192,CN-2605-BEKOL-G470-SRL,BEKOL-G470-SRL,24
CN,2605,AKLAS,FKG,W192,CN-2605-BEKOL-G470/L888-SGMRK,BEKOL-G470/L888-SGMRK,11
CN,2605,AKLAS,FKG,W192,CN-2605-BEKOL-G470/L888-SGMRK,BEKOL-G470/L888-SGMRK,24
CN,2605,AKLAS,FKG,W192,CN-2605-BEKOL-G470/L888-SGMRN,BEKOL-G470/L888-SGMRN,11
CN,2605,AKLAS,FKG,W192,CN-2605-BEKOL-G470/L888-SGMRN,BEKOL-G470/L888-SGMRN,24
CN,2605,AKLAS,FKG,W192,CN-2605-BEKOL-G470/L888-SRK,BEKOL-G470/L888-SRK,11
CN,2605,AKLAS,FKG,W192,CN-2605-BEKOL-G470/L888-SRKL,BEKOL-G470/L888-SRKL,11
CN,2605,AKLAS,FKG,W192,CN-2605-BEKOL-G470/L888-SRL,BEKOL-G470/L888-SRL,11
CN,2605,AKLAS,FKG,W192,CN-2605-BEKOL-G470/Y1-SGMRK,BEKOL-G470/Y1-SGMRK,11
CN,2605,AKLAS,FKG,W192,CN-2605-BEKOL-G470/Y1-SGMRK,BEKOL-G470/Y1-SGMRK,24
CN,2605,AKLAS,FKG,W192,CN-2605-BEKOL-G470/Y1-SGMRN,BEKOL-G470/Y1-SGMRN,11
CN,2605,AKLAS,FKG,W192,CN-2605-BEKOL-G470/Y1-SGMRN,BEKOL-G470/Y1-SGMRN,24
CN,2605,AKLAS,FKG,W192,CN-2605-BEKOL-G470/Y1-SRKL,BEKOL-G470/Y1-SRKL,11
CN,2605,AKLAS,FKG,W192,CN-2605-BEKOL-G470/Y1-SRL,BEKOL-G470/Y1-SRL,11
CN,2605,AKLAS,FKG,W192,CN-2605-BEKOL-Y1-SRK,BEKOL-Y1-SRK,11
CN,2605,AKLAS,FKG,W192,CN-2605-LINSO-RULAD,LINSO-RULAD,8
CN,2605,AKLAS,FKG,W192,CN-2605-LINSO-SARIN,LINSO-SARIN,8
CN,2605,AKLAS,FKG,W192,CN-2605-SAGAG-G470-RULAD,SAGAG-G470-RULAD,8
CN,2605,AKLAS,FKG,W192,CN-2605-SAGAG-G470-SARIN,SAGAG-G470-SARIN,8
CN,2605,AKLAS,FKG,W192,CN-2605-SIKOU-SARIN,SIKOU-SARIN,9
CN,2605,AKLAS,FKG,W192,CN-2605-TEBAK-GOPTO,TEBAK-GOPTO,10
CN,2605,AKLAS,FKG,W192,CN-2605-TEBAK-SARIN,TEBAK-SARIN,10
CN,2605,AKLAS,FKG,W192,CN-2605-VMMC-RULAD,VMMC-RULAD,11
CN,2605,AKLAS,FKG,W192,CN-2605-ZGGG-AGVUT-01R,ZGGG-AGVUT-01R,9
CN,2605,AKLAS,FKG,W192,CN-2605-ZGGG-KAMUD-01,ZGGG-KAMUD-01,9
CN,2605,AKLAS,FKG,W192,CN-2605-ZGGG-RULAD-01,ZGGG-RULAD-01,9
CN,2605,AKLAS,FKG,W192,CN-2605-ZGGG-SARIN-01,ZGGG-SARIN-01,9
CN,2605,AKLAS,FKG,W192,CN-2605-ZGSZ-GOPTO-01,ZGSZ-GOPTO-01,10
CN,2605,AKLAS,FKG,W192,CN-2605-ZGSZ-RULAD-01,ZGSZ-RULAD-01,10
CN,2605,AKLAS,FKG,W192,CN-2605-ZGSZ-SARIN-01,ZGSZ-SARIN-01,10
CN,2605,AKLAS,FKG,W192,CN-2605-ZGSZ-SARIN-02,ZGSZ-SARIN-02,10
CN,2605,AKLAS,FKG,W192,CN-2605-ZJHK-RULAD-02,ZJHK-RULAD-02,11
CN,2605,AKLAS,FKG,W192,CN-2605-ZJSY-RULAD-01,ZJSY-RULAD-01,13
CN,2605,AKLAS,FKG,W192,CN-2605-ZJSY-SARIN-02,ZJSY-SARIN-02,13
CN,2605,AKLAS,FKG,W192,CN-2605-ZLLL-RULAD-01,ZLLL-RULAD-01,3
CN,2605,AKLAS,FKG,W192,CN-2605-ZLXY-KAMUD-02,ZLXY-KAMUD-02,7
CN,2605,AKLAS,FKG,W192,CN-2605-ZLXY-RULAD-02,ZLXY-RULAD-02,7
CN,2605,AKLAS,FKG,W192,CN-2605-ZLXY-SARIN-01,ZLXY-SARIN-01,7
CN,2605,AKLAS,FKG,W192,CN-2605-ZPPP-SARIN-01,ZPPP-SARIN-01,7
CN,2605,AKLAS,FKG,W192,CN-2605-ZSNJ-KAMUD-01,ZSNJ-KAMUD-01,8
CN,2605,AKLAS,FKG,W192,CN-2605-ZSNJ-SARIN-01,ZSNJ-SARIN-01,8
CN,2605,AKLAS,FKG,W192,CN-2605-ZUCK-RULAD-01,ZUCK-RULAD-01,7
CN,2605,AKLAS,FKG,W192,CN-2605-ZUCK-SARIN-01,ZUCK-SARIN-01,7
CN,2605,AKLAS,FKG,W192,CN-2605-ZUGY-SARIN-02,ZUGY-SARIN-02,6
CN,2605,AKLAS,FKG,W192,CN-2605-ZUTF-KAMUD-02,ZUTF-KAMUD-02,6
CN,2605,AKLAS,FKG,W192,CN-2605-ZUTF-RULAD-01,ZUTF-RULAD-01,6
CN,2605,AKLAS,FKG,W192,CN-2605-ZUTF-SARIN-01,ZUTF-SARIN-01,6
CN,2605,AKLAS,FKG,W192,CN-2605-ZUUU-GOPTO-01,ZUUU-GOPTO-01,6
CN,2605,AKLAS,FKG,W192,CN-2605-ZUUU-RULAD-01,ZUUU-RULAD-01,6
CN,2605,AKLAS,FKG,W192,CN-2605-ZUUU-SARIN-01,ZUUU-SARIN-01,6
CN,2605,ALGIB,IDSOT,W47,CN-2605-AGAVO-W104-SARIN,AGAVO-W104-SARIN,10
CN,2605,ALGOT,ESPED,W195,CN-2605-AGAVO-KAMUD,AGAVO-KAMUD,8
CN,2605,ALGOT,ESPED,W195,CN-2605-AGAVO-RK,AGAVO-RK,8
CN,2605,ALGOT,ESPED,W195,CN-2605-AGAVO-RK,AGAVO-RK,21
CN,2605,ALGOT,ESPED,W195,CN-2605-AGAVO-RKL,AGAVO-RKL,8
CN,2605,ALGOT,ESPED,W195,CN-2605-AGAVO-RKL,AGAVO-RKL,21
CN,2605,ALGOT,ESPED,W195,CN-2605-AGAVO-RULAD,AGAVO-RULAD,8
CN,2605,ALGOT,ESPED,W195,CN-2605-AGAVO-SARIN,AGAVO-SARIN,8
CN,2605,ALGOT,ESPED,W195,CN-2605-AGAVO-W112-PURPA,AGAVO-W112-PURPA,8
CN,2605,ALGOT,ESPED,W195,CN-2605-ZLIC-KAMUD-01,ZLIC-KAMUD-01,2
CN,2605,ALGOT,ESPED,W195,CN-2605-ZLIC-SARIN-01,ZLIC-SARIN-01,2
CN,2605,ALGOT,MORIT,W195,CN-2605-ZLIC-MORIT-01,ZLIC-MORIT-01,2
CN,2605,ALGOV,DUDIL,W101,CN-2605-SAGAG-NIXAL,SAGAG-NIXAL,6
CN,2605,ALGOV,DUDIL,W101,CN-2605-ZLXY-ARGUK-01,ZLXY-ARGUK-01,2
CN,2605,ALGOV,DUDIL,W101,CN-2605-ZLXY-INTIK-01,ZLXY-INTIK-01,2
CN,2605,ALGOV,DUDIL,W101,CN-2605-ZLXY-POLHO-01,ZLXY-POLHO-01,2
CN,2605,ALGOV,DUDIL,W101,CN-2605-ZLXY-SIMLI-01,ZLXY-SIMLI-01,2
CN,2605,ALGOV,DUDIL,W101,CN-2605-ZPPP-ARGUK-01,ZPPP-ARGUK-01,5
CN,2605,ALGOV,DUDIL,W101,CN-2605-ZUCK-POLHO-01,ZUCK-POLHO-01,4
CN,2605,ALGOV,DUDIL,W101,CN-2605-ZUTF-ARGUK-01,ZUTF-ARGUK-01,4
CN,2605,ALGOV,DUDIL,W101,CN-2605-ZUTF-POLHO-01,ZUTF-POLHO-01,4
CN,2605,ALGOV,DUDIL,W101,CN-2605-ZUUU-ARGUK-01,ZUUU-ARGUK-01,4
CN,2605,ALGOV,DUDIL,W101,CN-2605-ZUUU-NIXAL-01,ZUUU-NIXAL-01,4
CN,2605,ALGOV,DUDIL,W101,CN-2605-ZUUU-POLHO-01,ZUUU-POLHO-01,4
CN,2605,ALGOV,DUDIL,W101,CN-2605-ZUUU-SIMLI-01,ZUUU-SIMLI-01,4
CN,2605,ALGOV,EGILO,W193,CN-2605-ZBDS-MORIT-01,ZBDS-MORIT-01,1
CN,2605,ALGOV,HDS,W193,CN-2605-ZBOW-SAGAG-01,ZBOW-SAGAG-01,1
CN,2605,ALGOV,VALNI,W101,CN-2605-SAGAG-ZBHH-01,SAGAG-ZBHH-01,6
CN,2605,ALGOV,VALNI,W101,CN-2605-ZBDS-INTIK-01,ZBDS-INTIK-01,1
CN,2605,ALGOV,VALNI,W101,CN-2605-ZBDS-NIXAL-01,ZBDS-NIXAL-01,1
CN,2605,AND,JTN,G204,CN-2605-ZSWZ-POLHO-01,ZSWZ-POLHO-01,2
CN,2605,AND,NINAS,B221,CN-2605-ZSWZ-LAMEN-01,ZSWZ-LAMEN-01,3
CN,2605,ANDIM,IBANO,B215,CN-2605-BEKOL-G470-KAMUD,BEKOL-G470-KAMUD,9
CN,2605,ANDIM,IBANO,B215,CN-2605-BEKOL-G470-RULAD,BEKOL-G470-RULAD,9
CN,2605,ANDIM,IBANO,B215,CN-2605-BEKOL-G470-SARIN,BEKOL-G470-SARIN,9
CN,2605,ANDIM,IBANO,B215,CN-2605-BEKOL-G470-SGM,BEKOL-G470-SGM,9
CN,2605,ANDIM,IBANO,B215,CN-2605-BEKOL-G470-SGM,BEKOL-G470-SGM,22
CN,2605,ANDIM,IBANO,B215,CN-2605-BEKOL-G470-SGMN,BEKOL-G470-SGMN,9
CN,2605,ANDIM,IBANO,B215,CN-2605-BEKOL-G470-SGMN,BEKOL-G470-SGMN,22
CN,2605,ANDIM,IBANO,B215,CN-2605-BEKOL-G470-SGMRK,BEKOL-G470-SGMRK,9
CN,2605,ANDIM,IBANO,B215,CN-2605-BEKOL-G470-SGMRK,BEKOL-G470-SGMRK,22
CN,2605,ANDIM,IBANO,B215,CN-2605-BEKOL-G470-SGMRK,BEKOL-G470-SGMRK,44
CN,2605,ANDIM,IBANO,B215,CN-2605-BEKOL-G470-SGMRK,BEKOL-G470-SGMRK,59
CN,2605,ANDIM,IBANO,B215,CN-2605-BEKOL-G470-SGMRN,BEKOL-G470-SGMRN,9
CN,2605,ANDIM,IBANO,B215,CN-2605-BEKOL-G470-SGMRN,BEKOL-G470-SGMRN,22
CN,2605,ANDIM,IBANO,B215,CN-2605-BEKOL-G470-SGMRN,BEKOL-G470-SGMRN,44
CN,2605,ANDIM,IBANO,B215,CN-2605-BEKOL-G470-SM,BEKOL-G470-SM,9
CN,2605,ANDIM,IBANO,B215,CN-2605-BEKOL-G470-SRK,BEKOL-G470-SRK,9
CN,2605,ANDIM,IBANO,B215,CN-2605-BEKOL-G470-SRK,BEKOL-G470-SRK,22
CN,2605,ANDIM,IBANO,B215,CN-2605-BEKOL-G470-SRK,BEKOL-G470-SRK,37
CN,2605,ANDIM,IBANO,B215,CN-2605-BEKOL-G470-SRKL,BEKOL-G470-SRKL,9
CN,2605,ANDIM,IBANO,B215,CN-2605-BEKOL-G470-SRKL,BEKOL-G470-SRKL,22
CN,2605,ANDIM,IBANO,B215,CN-2605-BEKOL-G470-SRKL,BEKOL-G470-SRKL,37
CN,2605,ANDIM,IBANO,B215,CN-2605-BEKOL-G470-SRL,BEKOL-G470-SRL,9
CN,2605,ANDIM,IBANO,B215,CN-2605-BEKOL-G470-SRL,BEKOL-G470-SRL,22
CN,2605,ANDIM,IBANO,B215,CN-2605-BEKOL-G470/L888-SGMRK,BEKOL-G470/L888-SGMRK,9
CN,2605,ANDIM,IBANO,B215,CN-2605-BEKOL-G470/L888-SGMRK,BEKOL-G470/L888-SGMRK,22
CN,2605,ANDIM,IBANO,B215,CN-2605-BEKOL-G470/L888-SGMRN,BEKOL-G470/L888-SGMRN,9
CN,2605,ANDIM,IBANO,B215,CN-2605-BEKOL-G470/L888-SGMRN,BEKOL-G470/L888-SGMRN,22
CN,2605,ANDIM,IBANO,B215,CN-2605-BEKOL-G470/L888-SRK,BEKOL-G470/L888-SRK,9
CN,2605,ANDIM,IBANO,B215,CN-2605-BEKOL-G470/L888-SRKL,BEKOL-G470/L888-SRKL,9
CN,2605,ANDIM,IBANO,B215,CN-2605-BEKOL-G470/L888-SRL,BEKOL-G470/L888-SRL,9
CN,2605,ANDIM,IBANO,B215,CN-2605-BEKOL-G470/Y1-SGMRK,BEKOL-G470/Y1-SGMRK,9
CN,2605,ANDIM,IBANO,B215,CN-2605-BEKOL-G470/Y1-SGMRK,BEKOL-G470/Y1-SGMRK,22
CN,2605,ANDIM,IBANO,B215,CN-2605-BEKOL-G470/Y1-SGMRN,BEKOL-G470/Y1-SGMRN,9
CN,2605,ANDIM,IBANO,B215,CN-2605-BEKOL-G470/Y1-SGMRN,BEKOL-G470/Y1-SGMRN,22
CN,2605,ANDIM,IBANO,B215,CN-2605-BEKOL-G470/Y1-SRKL,BEKOL-G470/Y1-SRKL,9
CN,2605,ANDIM,IBANO,B215,CN-2605-BEKOL-G470/Y1-SRL,BEKOL-G470/Y1-SRL,9
CN,2605,ANDIM,IBANO,B215,CN-2605-BEKOL-Y1-SRK,BEKOL-Y1-SRK,9
CN,2605,ANDIM,IBANO,B215,CN-2605-LINSO-RULAD,LINSO-RULAD,6
CN,2605,ANDIM,IBANO,B215,CN-2605-LINSO-SARIN,LINSO-SARIN,6
CN,2605,ANDIM,IBANO,B215,CN-2605-SAGAG-G470-RULAD,SAGAG-G470-RULAD,6
CN,2605,ANDIM,IBANO,B215,CN-2605-SAGAG-G470-SARIN,SAGAG-G470-SARIN,6
CN,2605,ANDIM,IBANO,B215,CN-2605-SAGAG-ZWWW-02,SAGAG-ZWWW-02,6
CN,2605,ANDIM,IBANO,B215,CN-2605-SIKOU-SARIN,SIKOU-SARIN,7
CN,2605,ANDIM,IBANO,B215,CN-2605-TEBAK-GOPTO,TEBAK-GOPTO,8
CN,2605,ANDIM,IBANO,B215,CN-2605-TEBAK-SARIN,TEBAK-SARIN,8
CN,2605,ANDIM,IBANO,B215,CN-2605-VHHH-ZWWW-01,VHHH-ZWWW-01,9
CN,2605,ANDIM,IBANO,B215,CN-2605-VMMC-RULAD,VMMC-RULAD,9
CN,2605,ANDIM,IBANO,B215,CN-2605-VMMC-ZWWW-01,VMMC-ZWWW-01,9
CN,2605,ANDIM,IBANO,B215,CN-2605-ZGGG-AGVUT-01R,ZGGG-AGVUT-01R,7
CN,2605,ANDIM,IBANO,B215,CN-2605-ZGGG-KAMUD-01,ZGGG-KAMUD-01,7
CN,2605,ANDIM,IBANO,B215,CN-2605-ZGGG-RULAD-01,ZGGG-RULAD-01,7
CN,2605,ANDIM,IBANO,B215,CN-2605-ZGGG-SARIN-01,ZGGG-SARIN-01,7
CN,2605,ANDIM,IBANO,B215,CN-2605-ZGSZ-GOPTO-01,ZGSZ-GOPTO-01,8
CN,2605,ANDIM,IBANO,B215,CN-2605-ZGSZ-GOPTO-02,ZGSZ-GOPTO-02,8
CN,2605,ANDIM,IBANO,B215,CN-2605-ZGSZ-RULAD-01,ZGSZ-RULAD-01,8
CN,2605,ANDIM,IBANO,B215,CN-2605-ZGSZ-SARIN-01,ZGSZ-SARIN-01,8
CN,2605,ANDIM,IBANO,B215,CN-2605-ZGSZ-SARIN-02,ZGSZ-SARIN-02,8
CN,2605,ANDIM,IBANO,B215,CN-2605-ZJHK-RULAD-02,ZJHK-RULAD-02,9
CN,2605,ANDIM,IBANO,B215,CN-2605-ZJSY-RULAD-01,ZJSY-RULAD-01,11
CN,2605,ANDIM,IBANO,B215,CN-2605-ZJSY-SARIN-02,ZJSY-SARIN-02,11
CN,2605,ANDIM,IBANO,B215,CN-2605-ZLLL-RULAD-01,ZLLL-RULAD-01,1
CN,2605,ANDIM,IBANO,B215,CN-2605-ZLXY-KAMUD-02,ZLXY-KAMUD-02,5
CN,2605,ANDIM,IBANO,B215,CN-2605-ZLXY-RULAD-02,ZLXY-RULAD-02,5
CN,2605,ANDIM,IBANO,B215,CN-2605-ZLXY-SARIN-01,ZLXY-SARIN-01,5
CN,2605,ANDIM,IBANO,B215,CN-2605-ZPPP-GOPTO-01,ZPPP-GOPTO-01,5
CN,2605,ANDIM,IBANO,B215,CN-2605-ZPPP-SARIN-01,ZPPP-SARIN-01,5
CN,2605,ANDIM,IBANO,B215,CN-2605-ZSNJ-KAMUD-01,ZSNJ-KAMUD-01,6
CN,2605,ANDIM,IBANO,B215,CN-2605-ZSNJ-SARIN-01,ZSNJ-SARIN-01,6
CN,2605,ANDIM,IBANO,B215,CN-2605-ZUCK-RULAD-01,ZUCK-RULAD-01,5
CN,2605,ANDIM,IBANO,B215,CN-2605-ZUCK-SARIN-01,ZUCK-SARIN-01,5
CN,2605,ANDIM,IBANO,B215,CN-2605-ZUGY-SARIN-02,ZUGY-SARIN-02,4
CN,2605,ANDIM,IBANO,B215,CN-2605-ZUTF-KAMUD-02,ZUTF-KAMUD-02,4
CN,2605,ANDIM,IBANO,B215,CN-2605-ZUTF-RULAD-01,ZUTF-RULAD-01,4
CN,2605,ANDIM,IBANO,B215,CN-2605-ZUTF-SARIN-01,ZUTF-SARIN-01,4
CN,2605,ANDIM,IBANO,B215,CN-2605-ZUUU-GOPTO-01,ZUUU-GOPTO-01,4
CN,2605,ANDIM,IBANO,B215,CN-2605-ZUUU-GOPTO-02,ZUUU-GOPTO-02,4
CN,2605,ANDIM,IBANO,B215,CN-2605-ZUUU-RULAD-01,ZUUU-RULAD-01,4
CN,2605,ANDIM,IBANO,B215,CN-2605-ZUUU-SARIN-01,ZUUU-SARIN-01,4
CN,2605,ANDIM,NIXUK,B215,CN-2605-ZUCK-PURPA-01,ZUCK-PURPA-01,5
CN,2605,ANDIM,NIXUK,B215,CN-2605-ZUTF-KAMUD-01,ZUTF-KAMUD-01,4
CN,2605,ANDIM,NIXUK,B215,CN-2605-ZUUU-KAMUD-01,ZUUU-KAMUD-01,4
CN,2605,ANDIM,TODOD,B215,CN-2605-SAGAG-KAMUD,SAGAG-KAMUD,6
CN,2605,ANDIM,TODOD,B215,CN-2605-SAGAG-ZLDH-01,SAGAG-ZLDH-01,6
CN,2605,ANDIM,TODOD,B215,CN-2605-ZGGG-AGVUT-02R,ZGGG-AGVUT-02R,7
CN,2605,ANDIM,TODOD,B215,CN-2605-ZGGG-KAMUD-02,ZGGG-KAMUD-02,7
CN,2605,ANDIM,TODOD,B215,CN-2605-ZGGG-OGIGI-01,ZGGG-OGIGI-01,7
CN,2605,ANDIM,TODOD,B215,CN-2605-ZLLL-KAMUD-01,ZLLL-KAMUD-01,1
CN,2605,ANDIM,TODOD,B215,CN-2605-ZLXY-AGVUT-01R,ZLXY-AGVUT-01R,5
CN,2605,ANDIM,TODOD,B215,CN-2605-ZLXY-KAMUD-01,ZLXY-KAMUD-01,5
CN,2605,ANDIM,TODOD,B215,CN-2605-ZLXY-OGIGI-01,ZLXY-OGIGI-01,5
CN,2605,ANDIM,TODOD,B215,CN-2605-ZUCK-KAMUD-01,ZUCK-KAMUD-01,5
CN,2605,ANDIM,TODOD,B215,CN-2605-ZUTF-AGVUT-01R,ZUTF-AGVUT-01R,4
CN,2605,ANDIM,TODOD,B215,CN-2605-ZUTF-KAMUD-04,ZUTF-KAMUD-04,4
CN,2605,ANDIM,TODOD,B215,CN-2605-ZUTF-PURPA-01,ZUTF-PURPA-01,4
CN,2605,ANDIM,TODOD,B215,CN-2605-ZUUU-KAMUD-02,ZUUU-KAMUD-02,4
CN,2605,ANDIM,TODOD,B215,CN-2605-ZUUU-PURPA-01,ZUUU-PURPA-01,4
CN,2605,ANLUD,DST,B221,CN-2605-ZSAM-LAMEN-01,ZSAM-LAMEN-01,3
CN,2605,ANRAT,INTIV,W575,CN-2605-PURPA-ZYTL-01,PURPA-ZYTL-01,9
CN,2605,ANRAT,INTIV,W575,CN-2605-PURPA-ZYTL-02,PURPA-ZYTL-02,9
CN,2605,ANRUG,ONEBA,W279,CN-2605-AGAVO-ZUTF-01,AGAVO-ZUTF-01,8
CN,2605,ANRUG,ONEBA,W279,CN-2605-AGAVO-ZUTF-02,AGAVO-ZUTF-02,5
CN,2605,ANRUG,ONEBA,W279,CN-2605-AGAVO-ZUUU-01,AGAVO-ZUUU-01,8
CN,2605,ANRUG,ONEBA,W279,CN-2605-AGAVO-ZUUU-02,AGAVO-ZUUU-02,5
CN,2605,ANRUG,ONEBA,W279,CN-2605-MAGIT-ZUTF-01,MAGIT-ZUTF-01,6
CN,2605,ANRUG,ONEBA,W279,CN-2605-MAGIT-ZUUU-01,MAGIT-ZUUU-01,5
CN,2605,ANRUG,ONEBA,W279,CN-2605-MAGIT-ZUUU-02,MAGIT-ZUUU-02,6
CN,2605,ANRUG,ONEBA,W279,CN-2605-NIXAL-SAGAG,NIXAL-SAGAG,3
CN,2605,ANRUG,ONEBA,W279,CN-2605-NIXAL-ZUUU-01,NIXAL-ZUUU-01,3
CN,2605,ANRUG,ONEBA,W279,CN-2605-POLHO-ZUTF-01,POLHO-ZUTF-01,5
CN,2605,ANRUG,ONEBA,W279,CN-2605-POLHO-ZUUU-01,POLHO-ZUUU-01,4
CN,2605,ANRUG,ONEBA,W279,CN-2605-POLHO-ZUUU-02,POLHO-ZUUU-02,5
CN,2605,ANRUG,ONEBA,W279,CN-2605-SIMLI-ZUUU-01,SIMLI-ZUUU-01,5
CN,2605,ANRUG,ONEBA,W279,CN-2605-ZBAD-NONIM-01,ZBAD-NONIM-01,4
CN,2605,ANRUG,ONEBA,W279,CN-2605-ZBSJ-LINSO-01,ZBSJ-LINSO-01,3
CN,2605,ANRUG,ONEBA,W279,CN-2605-ZBYN-LINSO-01,ZBYN-LINSO-01,2
CN,2605,ANRUG,ONEBA,W279,CN-2605-ZBYN-SAGAG-01,ZBYN-SAGAG-01,2
CN,2605,ANRUG,ONEBA,W279,CN-2605-ZLXY-KATBO-01,ZLXY-KATBO-01,2
CN,2605,ANRUG,ONEBA,W279,CN-2605-ZLXY-LINSO-01,ZLXY-LINSO-01,2
CN,2605,ANRUG,ONEBA,W279,CN-2605-ZLXY-NONIM-01,ZLXY-NONIM-01,2
CN,2605,ANRUG,ONEBA,W279,CN-2605-ZLXY-SAGAG-01,ZLXY-SAGAG-01,2
CN,2605,ANRUG,ONEBA,W279,CN-2605-ZYTX-SAGAG-01,ZYTX-SAGAG-01,6
CN,2605,ANSUK,GOLOT,A345,CN-2605-ZYTX-GOLOT-01,ZYTX-GOLOT-01,1
CN,2605,APESU,ANDIM,W197,CN-2605-ZLXY-AGVUT-01R,ZLXY-AGVUT-01R,4
CN,2605,APESU,ANDIM,W197,CN-2605-ZLXY-KAMUD-01,ZLXY-KAMUD-01,4
CN,2605,APESU,ANDIM,W197,CN-2605-ZLXY-KAMUD-02,ZLXY-KAMUD-02,4
CN,2605,APESU,ANDIM,W197,CN-2605-ZLXY-OGIGI-01,ZLXY-OGIGI-01,4
CN,2605,APESU,ANDIM,W197,CN-2605-ZLXY-RULAD-02,ZLXY-RULAD-02,4
CN,2605,APESU,ANDIM,W197,CN-2605-ZLXY-SARIN-01,ZLXY-SARIN-01,4
CN,2605,APESU,IDOPA,W197,CN-2605-ZLXY-MORIT-01,ZLXY-MORIT-01,4
CN,2605,APESU,IDOPA,W197,CN-2605-ZLXY-RULAD-01,ZLXY-RULAD-01,4
CN,2605,APESU,IDOPA,W197,CN-2605-ZLXY-SARIN-02,ZLXY-SARIN-02,4
CN,2605,APIMI,NSH,W275,CN-2605-BEKOL-ZLXY-01,BEKOL-ZLXY-01,8
CN,2605,APIMI,NSH,W275,CN-2605-KATBO-ZLXY-01,KATBO-ZLXY-01,6
CN,2605,APIMI,NSH,W275,CN-2605-LINSO-ZLXY-01,LINSO-ZLXY-01,5
CN,2605,APIMI,NSH,W275,CN-2605-LINSO-ZSQD-02,LINSO-ZSQD-02,5
CN,2605,APIMI,NSH,W275,CN-2605-NONIM-ZLXY-01,NONIM-ZLXY-01,6
CN,2605,APIMI,NSH,W275,CN-2605-SAGAG-ZLXY-01,SAGAG-ZLXY-01,5
CN,2605,APIMI,NSH,W275,CN-2605-SAGAG-ZSJN-01,SAGAG-ZSJN-01,5
CN,2605,APIMI,NSH,W275,CN-2605-VHHH-ZLXY-01,VHHH-ZLXY-01,8
CN,2605,APIMI,WJC,W275,CN-2605-LINSO-ZBAD-02,LINSO-ZBAD-02,5
CN,2605,APIMI,WJC,W275,CN-2605-LINSO-ZBSJ-01,LINSO-ZBSJ-01,5
CN,2605,APIMI,WJC,W275,CN-2605-LINSO-ZBTJ-02,LINSO-ZBTJ-02,5
CN,2605,APIMI,WJC,W275,CN-2605-LINSO-ZBYN-01,LINSO-ZBYN-01,5
CN,2605,APIMI,WJC,W275,CN-2605-NONIM-ZBAD-01,NONIM-ZBAD-01,6
CN,2605,APIMI,WJC,W275,CN-2605-SAGAG-ZBSJ-01,SAGAG-ZBSJ-01,5
CN,2605,APIMI,WJC,W275,CN-2605-SAGAG-ZBYN-01,SAGAG-ZBYN-01,5
CN,2605,APIMI,WJC,W275,CN-2605-SAGAG-ZYTX-01,SAGAG-ZYTX-01,5
CN,2605,APIMI,WJC,W275,CN-2605-ZUTF-AGAVO-01,ZUTF-AGAVO-01,2
CN,2605,APIMI,WJC,W275,CN-2605-ZUUU-AGAVO-01,ZUUU-AGAVO-01,3
CN,2605,APITO,AKARA,A326,CN-2605-APITO-ZSPD-01,APITO-ZSPD-01,1
CN,2605,APOGO,AGVUR,B215,CN-2605-ZLIC-AGAVO-01,ZLIC-AGAVO-01,3
CN,2605,APOGO,AGVUR,B215,CN-2605-ZLIC-RCTP-01,ZLIC-RCTP-01,3
CN,2605,APOGO,TUTGO,W218,CN-2605-AGAVO-ZLIC-01,AGAVO-ZLIC-01,7
CN,2605,APOGO,TUTGO,W218,CN-2605-RCTP-ZLIC-01,RCTP-ZLIC-01,8
CN,2605,APOGO,TUTGO,W218,CN-2605-TEBAK-ZLIC-01,TEBAK-ZLIC-01,7
CN,2605,APOGO,YLX,W218,CN-2605-AGAVO-W104-SARIN,AGAVO-W104-SARIN,8
CN,2605,APOGO,YLX,W218,CN-2605-AGAVO-ZBDS-01,AGAVO-ZBDS-01,7
CN,2605,APOGO,YLX,W218,CN-2605-AGAVO-ZBOW-01,AGAVO-ZBOW-01,7
CN,2605,APOGO,YLX,W218,CN-2605-VHHH-ZBDS-01,VHHH-ZBDS-01,5
CN,2605,AREKU,BELAX,W640,CN-2605-ZBSJ-AGAVO-01,ZBSJ-AGAVO-01,1
CN,2605,ARELA,TAMUS,W30,CN-2605-ZLXY-TAMOT-01,ZLXY-TAMOT-01,4
CN,2605,ARELA,TAMUS,W30,CN-2605-ZLXY-TAMOT-02,ZLXY-TAMOT-02,4
CN,2605,ARELA,TAMUS,W30,CN-2605-ZLXY-VHHH-01,ZLXY-VHHH-01,4
CN,2605,ARELA,TAMUS,W30,CN-2605-ZLXY-VHHH-02,ZLXY-VHHH-02,4
CN,2605,ARELA,TAMUS,W30,CN-2605-ZLXY-VMMC-01,ZLXY-VMMC-01,4
CN,2605,ARELA,XFA,W30,CN-2605-ZBAA-LINSO-01,ZBAA-LINSO-01,3
CN,2605,ARELA,XFA,W30,CN-2605-ZBAA-SAGAG-01,ZBAA-SAGAG-01,3
CN,2605,ARELA,XFA,W30,CN-2605-ZBAD-LINSO-02,ZBAD-LINSO-02,4
CN,2605,ARELA,XFA,W30,CN-2605-ZBHH-SAGAG-01,ZBHH-SAGAG-01,3
CN,2605,ARELA,XFA,W30,CN-2605-ZBOW-SAGAG-01,ZBOW-SAGAG-01,5
CN,2605,ARELA,XFA,W30,CN-2605-ZBSJ-SAGAG-01,ZBSJ-SAGAG-01,3
CN,2605,ARELA,XFA,W30,CN-2605-ZBTJ-LINSO-02,ZBTJ-LINSO-02,3
CN,2605,ARELA,XFA,W30,CN-2605-ZBYN-LINSO-02,ZBYN-LINSO-02,2
CN,2605,ARELA,XFA,W30,CN-2605-ZBYN-SAGAG-02,ZBYN-SAGAG-02,2
CN,2605,ARELA,XFA,W30,CN-2605-ZSJN-SAGAG-01,ZSJN-SAGAG-01,5
CN,2605,ARELA,XFA,W30,CN-2605-ZSQD-LINSO-02,ZSQD-LINSO-02,7
CN,2605,ARELA,XFA,W30,CN-2605-ZSYT-SAGAG-01,ZSYT-SAGAG-01,5
CN,2605,ARGUK,AGAVO,DCT,CN-2605-AGAVO-AS,AGAVO-AS,6
CN,2605,ARGUK,BEKOL,DCT,CN-2605-BEKOL-APSMS,BEKOL-APSMS,7
CN,2605,ASAVA,ATMIL,W45,CN-2605-MAGIT-ZUTF-01,MAGIT-ZUTF-01,4
CN,2605,ASAVA,ATMIL,W45,CN-2605-MAGIT-ZUUU-02,MAGIT-ZUUU-02,4
CN,2605,ASAVA,LIN,W45,CN-2605-BISUN-SAGAG,BISUN-SAGAG,5
CN,2605,ASAVA,NUPTI,W45,CN-2605-BISUN-TEBAK,BISUN-TEBAK,5
CN,2605,ASAVA,NUPTI,W45,CN-2605-GOLOT-TEBAK,GOLOT-TEBAK,6
CN,2605,ASAVA,NUPTI,W45,CN-2605-MAGIT-TEBAK,MAGIT-TEBAK,4
CN,2605,ASILA,INTIK,A575,CN-2605-ZBAA-INTIK-01,ZBAA-INTIK-01,2
CN,2605,ASILA,INTIK,A575,CN-2605-ZBAD-INTIK-01,ZBAD-INTIK-01,2
CN,2605,ASILA,INTIK,A575,CN-2605-ZBTJ-INTIK-01,ZBTJ-INTIK-01,2
CN,2605,ASILA,INTIK,A575,CN-2605-ZSHC-INTIK-01,ZSHC-INTIK-01,7
CN,2605,ASILA,INTIK,A575,CN-2605-ZSPD-INTIK-01,ZSPD-INTIK-01,6
CN,2605,ASILA,UPREK,A575,CN-2605-AGAVO-B339-KAMUD,AGAVO-B339-KAMUD,7
CN,2605,ASILA,UPREK,A575,CN-2605-AGAVO-B339-PURPA,AGAVO-B339-PURPA,7
CN,2605,ASILA,UPREK,A575,CN-2605-AGAVO-B339-RULAD,AGAVO-B339-RULAD,7
CN,2605,ASILA,UPREK,A575,CN-2605-AGAVO-B339-SARIN,AGAVO-B339-SARIN,7
CN,2605,ASILA,UPREK,A575,CN-2605-AGAVO-B339-SRK,AGAVO-B339-SRK,7
CN,2605,ASILA,UPREK,A575,CN-2605-AGAVO-B339-SRK,AGAVO-B339-SRK,20
CN,2605,ASILA,UPREK,A575,CN-2605-AGAVO-B339-SRK,AGAVO-B339-SRK,34
CN,2605,ASILA,UPREK,A575,CN-2605-SADLI-RULAD,SADLI-RULAD,5
CN,2605,ASILA,UPREK,A575,CN-2605-ZBAA-AGVUT-01R,ZBAA-AGVUT-01R,2
CN,2605,ASILA,UPREK,A575,CN-2605-ZBAA-AGVUT-02R,ZBAA-AGVUT-02R,2
CN,2605,ASILA,UPREK,A575,CN-2605-ZBAA-KAMUD-01,ZBAA-KAMUD-01,2
CN,2605,ASILA,UPREK,A575,CN-2605-ZBAA-PURPA-01,ZBAA-PURPA-01,2
CN,2605,ASILA,UPREK,A575,CN-2605-ZBAA-PURPA-02,ZBAA-PURPA-02,2
CN,2605,ASILA,UPREK,A575,CN-2605-ZBAA-RULAD-01,ZBAA-RULAD-01,2
CN,2605,ASILA,UPREK,A575,CN-2605-ZBAA-SARIN-01,ZBAA-SARIN-01,2
CN,2605,ASILA,UPREK,A575,CN-2605-ZBAD-KAMUD-01,ZBAD-KAMUD-01,2
CN,2605,ASILA,UPREK,A575,CN-2605-ZBAD-OGIGI-01,ZBAD-OGIGI-01,2
CN,2605,ASILA,UPREK,A575,CN-2605-ZBAD-PURPA-01,ZBAD-PURPA-01,2
CN,2605,ASILA,UPREK,A575,CN-2605-ZBAD-PURPA-02,ZBAD-PURPA-02,2
CN,2605,ASILA,UPREK,A575,CN-2605-ZBAD-RULAD-01,ZBAD-RULAD-01,2
CN,2605,ASILA,UPREK,A575,CN-2605-ZBAD-SARIN-01,ZBAD-SARIN-01,2
CN,2605,ASILA,UPREK,A575,CN-2605-ZBTJ-KAMUD-01,ZBTJ-KAMUD-01,2
CN,2605,ASILA,UPREK,A575,CN-2605-ZBTJ-PURPA-01,ZBTJ-PURPA-01,2
CN,2605,ASILA,UPREK,A575,CN-2605-ZBTJ-PURPA-02,ZBTJ-PURPA-02,2
CN,2605,ASILA,UPREK,A575,CN-2605-ZBTJ-RULAD-01,ZBTJ-RULAD-01,2
CN,2605,ASILA,UPREK,A575,CN-2605-ZBTJ-SARIN-01,ZBTJ-SARIN-01,2
CN,2605,ASILA,UPREK,A575,CN-2605-ZSAM-KAMUD-01,ZSAM-KAMUD-01,10
CN,2605,ASILA,UPREK,A575,CN-2605-ZSPD-KAMUD-01,ZSPD-KAMUD-01,6
CN,2605,ASILA,UPREK,A575,CN-2605-ZSPD-PURPA-01,ZSPD-PURPA-01,6
CN,2605,ASILA,UPREK,A575,CN-2605-ZSPD-PURPA-02,ZSPD-PURPA-02,6
CN,2605,ASILA,UPREK,A575,CN-2605-ZSPD-RULAD-01,ZSPD-RULAD-01,6
CN,2605,ASILA,UPREK,A575,CN-2605-ZSPD-SARIN-01,ZSPD-SARIN-01,6
CN,2605,ASILA,UPREK,A575,CN-2605-ZSSS-PURPA-01,ZSSS-PURPA-01,6
CN,2605,ASILA,UPREK,A575,CN-2605-ZSSS-PURPA-02,ZSSS-PURPA-02,6
CN,2605,ASILA,UPREK,A575,CN-2605-ZSSS-SARIN-01,ZSSS-SARIN-01,6
CN,2605,ASILA,UPREK,A575,CN-2605-ZSYT-RULAD-01,ZSYT-RULAD-01,5
CN,2605,ASILA,UPREK,A575,CN-2605-ZSYT-SARIN-01,ZSYT-SARIN-01,5
CN,2605,ASIPO,SEGDA,W678,CN-2605-BEKOL-ZUCK-01,BEKOL-ZUCK-01,8
CN,2605,ASIPO,SEGDA,W678,CN-2605-KATBO-ZUCK-01,KATBO-ZUCK-01,8
CN,2605,ASIPO,SEGDA,W678,CN-2605-LINSO-ZUCK-01,LINSO-ZUCK-01,7
CN,2605,ASIPO,SEGDA,W678,CN-2605-RCKH-ZUCK-01,RCKH-ZUCK-01,8
CN,2605,ASIPO,SEGDA,W678,CN-2605-RCMQ-ZUCK-01,RCMQ-ZUCK-01,8
CN,2605,ASIPO,SEGDA,W678,CN-2605-RCSS-ZUCK-01,RCSS-ZUCK-01,8
CN,2605,ASIPO,SEGDA,W678,CN-2605-RCTP-ZUCK-01,RCTP-ZUCK-01,8
CN,2605,ASIPO,SEGDA,W678,CN-2605-RCYU-ZUCK-01,RCYU-ZUCK-01,8
CN,2605,ASIPO,SEGDA,W678,CN-2605-SAGAG-ZUCK-01,SAGAG-ZUCK-01,7
CN,2605,ASIPO,SEGDA,W678,CN-2605-VHHH-ZUCK-01,VHHH-ZUCK-01,8
CN,2605,ASIPO,SEGDA,W678,CN-2605-VMMC-ZUCK-01,VMMC-ZUCK-01,8
CN,2605,ASIPO,SEGDA,W678,CN-2605-VMMC-ZUCK-02,VMMC-ZUCK-02,8
CN,2605,ASSAD,AGPOR,A202,CN-2605-ASSAD-ZGSZ-02,ASSAD-ZGSZ-02,1
CN,2605,ASSAD,AGPOR,A202,CN-2605-ASSAD-ZGZJ-01,ASSAD-ZGZJ-01,1
CN,2605,ASSAD,AGPOR,A202,CN-2605-ASSAD-ZSAM-01,ASSAD-ZSAM-01,1
CN,2605,ASSAD,AGPOR,A202,CN-2605-ASSAD-ZSFZ-01,ASSAD-ZSFZ-01,1
CN,2605,ASSAD,AGPOR,A202,CN-2605-ASSAD-ZSHC-01,ASSAD-ZSHC-01,1
CN,2605,ASSAD,AGPOR,A202,CN-2605-ASSAD-ZSNB-01,ASSAD-ZSNB-01,1
CN,2605,ASSAD,SAMAS,A202,CN-2605-ASSAD-ZJHK-01,ASSAD-ZJHK-01,1
CN,2605,ASSAD,SIKOU,A202,CN-2605-ASSAD-SIKOU,ASSAD-SIKOU,1
CN,2605,ASSAD,SIKOU,A202,CN-2605-ASSAD-ZGGG-01,ASSAD-ZGGG-01,1
CN,2605,ASSAD,SIKOU,A202,CN-2605-ASSAD-ZGSZ-01,ASSAD-ZGSZ-01,1
CN,2605,ASSAD,SIKOU,A202,CN-2605-ASSAD-ZSWZ-01,ASSAD-ZSWZ-01,1
CN,2605,ATERO,ZWX,W211,CN-2605-KAMUD-ZBAD-02,KAMUD-ZBAD-02,6
CN,2605,ATERO,ZWX,W211,CN-2605-KATBO-ZLIC-01,KATBO-ZLIC-01,6
CN,2605,ATERO,ZWX,W211,CN-2605-LINSO-ZLIC-01,LINSO-ZLIC-01,5
CN,2605,ATERO,ZWX,W211,CN-2605-SAGAG-ZLIC-01,SAGAG-ZLIC-01,5
CN,2605,ATKAV,SALIV,W20,CN-2605-LAMEN-ZGSZ-01,LAMEN-ZGSZ-01,8
CN,2605,ATKAV,SALIV,W20,CN-2605-SADLI-VMMC,SADLI-VMMC,8
CN,2605,ATKAV,SALIV,W20,CN-2605-ZSCN-VMMC-01,ZSCN-VMMC-01,2
CN,2605,ATKAV,SALIV,W20,CN-2605-ZSPD-VMMC-04,ZSPD-VMMC-04,6
CN,2605,ATKAV,SALIV,W20,CN-2605-ZSSS-VMMC-02,ZSSS-VMMC-02,6
CN,2605,ATMIL,ANRUG,W276,CN-2605-MAGIT-ZUTF-01,MAGIT-ZUTF-01,5
CN,2605,ATMIL,ANRUG,W276,CN-2605-MAGIT-ZUUU-02,MAGIT-ZUUU-02,5
CN,2605,ATMIL,ARELA,W276,CN-2605-ZBAA-LINSO-01,ZBAA-LINSO-01,2
CN,2605,ATMIL,ARELA,W276,CN-2605-ZBAA-SAGAG-01,ZBAA-SAGAG-01,2
CN,2605,ATSAB,BEBEM,A470,CN-2605-ZSFZ-ASSAD-01,ZSFZ-ASSAD-01,2
CN,2605,ATSAB,BEBEM,A470,CN-2605-ZSFZ-LINSO-01,ZSFZ-LINSO-01,2
CN,2605,ATSAB,BEBEM,A470,CN-2605-ZSFZ-RCKH-02,ZSFZ-RCKH-02,2
CN,2605,ATSAB,MAGOG,A470,CN-2605-ZSFZ-MAGOG-01,ZSFZ-MAGOG-01,2
CN,2605,ATSAB,MAGOG,A470,CN-2605-ZSFZ-VHHH-01,ZSFZ-VHHH-01,2
CN,2605,ATSAB,MAGOG,A470,CN-2605-ZSFZ-VMMC-01,ZSFZ-VMMC-01,2
CN,2605,ATVAX,NIXID,W234,CN-2605-ZUTF-RCSS-01,ZUTF-RCSS-01,1
CN,2605,ATVAX,NIXID,W234,CN-2605-ZUTF-RCTP-01,ZUTF-RCTP-01,1
CN,2605,ATVAX,NIXID,W234,CN-2605-ZUTF-TAMOT-01,ZUTF-TAMOT-01,1
CN,2605,ATVAX,NIXID,W234,CN-2605-ZUTF-VHHH-01,ZUTF-VHHH-01,1
CN,2605,ATVAX,NIXID,W234,CN-2605-ZUTF-VMMC-01,ZUTF-VMMC-01,1
CN,2605,ATVIM,HFE,W127,CN-2605-ZSXZ-LINSO-01,ZSXZ-LINSO-01,1
CN,2605,ATVIM,HFE,W127,CN-2605-ZSXZ-TEBAK-01,ZSXZ-TEBAK-01,1
CN,2605,AVBOB,TRN,W586,CN-2605-ZUGY-AGAVO-01,ZUGY-AGAVO-01,1
CN,2605,AVBOB,TRN,W586,CN-2605-ZUGY-ARGUK-01,ZUGY-ARGUK-01,1
CN,2605,AVBOB,TRN,W586,CN-2605-ZUGY-LAMEN-01,ZUGY-LAMEN-01,1
CN,2605,AVDIG,ARELA,W276,CN-2605-ZLXY-TAMOT-01,ZLXY-TAMOT-01,3
CN,2605,AVDIG,ARELA,W276,CN-2605-ZLXY-TAMOT-02,ZLXY-TAMOT-02,3
CN,2605,AVDIG,ARELA,W276,CN-2605-ZLXY-VHHH-01,ZLXY-VHHH-01,3
CN,2605,AVDIG,ARELA,W276,CN-2605-ZLXY-VHHH-02,ZLXY-VHHH-02,3
CN,2605,AVDIG,ARELA,W276,CN-2605-ZLXY-VMMC-01,ZLXY-VMMC-01,3
CN,2605,AVDIG,ARELA,W276,CN-2605-ZSJN-SAGAG-01,ZSJN-SAGAG-01,4
CN,2605,AVDIG,ARELA,W276,CN-2605-ZSQD-LINSO-02,ZSQD-LINSO-02,6
CN,2605,AVDIG,ARELA,W276,CN-2605-ZSYT-SAGAG-01,ZSYT-SAGAG-01,4
CN,2605,AVDIG,VINEX,W666,CN-2605-AGAVO-ZUCK-01,AGAVO-ZUCK-01,5
CN,2605,AVDIG,VINEX,W666,CN-2605-POLHO-ZUCK-01,POLHO-ZUCK-01,5
CN,2605,AVNEL,SEBMO,W618,CN-2605-TEBAK-ZGHA-01,TEBAK-ZGHA-01,3
CN,2605,AVPEP,DPX,A593,CN-2605-ZSLY-TAMOT-01,ZSLY-TAMOT-01,1
CN,2605,AVPEP,DPX,A593,CN-2605-ZSLY-TEBAK-01,ZSLY-TEBAK-01,1
CN,2605,BASOV,IKEKA,W4,CN-2605-ZSJN-AGAVO-01,ZSJN-AGAVO-01,1
CN,2605,BAV,OMGEL,W193,CN-2605-ZBOW-AGAVO-01,ZBOW-AGAVO-01,1
CN,2605,BAXOD,HET,B208,CN-2605-ZLXY-ARGUK-01,ZLXY-ARGUK-01,4
CN,2605,BAXOD,HET,B208,CN-2605-ZLXY-SIMLI-01,ZLXY-SIMLI-01,4
CN,2605,BAXOD,HET,B208,CN-2605-ZPPP-ARGUK-01,ZPPP-ARGUK-01,7
CN,2605,BAXOD,HET,B208,CN-2605-ZUTF-ARGUK-01,ZUTF-ARGUK-01,6
CN,2605,BAXOD,HET,B208,CN-2605-ZUUU-ARGUK-01,ZUUU-ARGUK-01,6
CN,2605,BAXOD,HET,B208,CN-2605-ZUUU-SIMLI-01,ZUUU-SIMLI-01,6
CN,2605,BEBEM,BIGRO,R200,CN-2605-ZSAM-ASSAD-01,ZSAM-ASSAD-01,3
CN,2605,BEBEM,BIGRO,R200,CN-2605-ZSFZ-ASSAD-01,ZSFZ-ASSAD-01,3
CN,2605,BEBEM,BIGRO,R200,CN-2605-ZSHC-ASSAD-02,ZSHC-ASSAD-02,2
CN,2605,BEBEM,BIGRO,R200,CN-2605-ZSNB-ASSAD-01,ZSNB-ASSAD-01,3
CN,2605,BEBEM,BIGRO,R200,CN-2605-ZSWZ-ASSAD-01,ZSWZ-ASSAD-01,3
CN,2605,BEBEM,ENVEN,A470,CN-2605-ASSAD-ZSFZ-01,ASSAD-ZSFZ-01,4
CN,2605,BEBEM,ENVEN,A470,CN-2605-LINSO-ZSFZ-01,LINSO-ZSFZ-01,5
CN,2605,BEBEM,ENVEN,A470,CN-2605-RCKH-ZSFZ-02,RCKH-ZSFZ-02,2
CN,2605,BEBEM,LH,R200,CN-2605-ZSAM-LINSO-01,ZSAM-LINSO-01,3
CN,2605,BEBEM,LH,R200,CN-2605-ZSAM-TEBAK-01,ZSAM-TEBAK-01,3
CN,2605,BEBEM,LH,R200,CN-2605-ZSFZ-LINSO-01,ZSFZ-LINSO-01,3
CN,2605,BEBEM,LJG,A470,CN-2605-ASSAD-ZSNB-01,ASSAD-ZSNB-01,4
CN,2605,BEBEM,LJG,A470,CN-2605-ZGSZ-LAMEN-02,ZGSZ-LAMEN-02,2
CN,2605,BEBEM,MAGOG,A470,CN-2605-SADLI-M503-MAGOG,SADLI-M503-MAGOG,6
CN,2605,BEBEM,MAGOG,A470,CN-2605-ZSPD-ASSAD-02,ZSPD-ASSAD-02,4
CN,2605,BEBEM,MAGOG,A470,CN-2605-ZSPD-MAGOG-01,ZSPD-MAGOG-01,4
CN,2605,BEBEM,MAGOG,A470,CN-2605-ZSPD-VMMC-02,ZSPD-VMMC-02,4
CN,2605,BEBEM,MAGOG,A470,CN-2605-ZSQD-MAGOG-01,ZSQD-MAGOG-01,6
CN,2605,BEBEM,MAGOG,A470,CN-2605-ZSQD-VMMC-01,ZSQD-VMMC-01,6
CN,2605,BEBEM,OLDID,R200,CN-2605-ZGOW-RCKH-01,ZGOW-RCKH-01,2
CN,2605,BEBEM,OLDID,R200,CN-2605-ZGOW-RCTP-01,ZGOW-RCTP-01,2
CN,2605,BEBEM,OLDID,R200,CN-2605-ZSAM-RCKH-01,ZSAM-RCKH-01,3
CN,2605,BEBEM,OLDID,R200,CN-2605-ZSAM-RCSS-01,ZSAM-RCSS-01,3
CN,2605,BEBEM,OLDID,R200,CN-2605-ZSAM-RCTP-01,ZSAM-RCTP-01,3
CN,2605,BEBEM,OLDID,R200,CN-2605-ZSAM-RCYU-01,ZSAM-RCYU-01,3
CN,2605,BEBEM,OLDID,R200,CN-2605-ZSFZ-RCKH-02,ZSFZ-RCKH-02,3
CN,2605,BEBEM,SWA,A470,CN-2605-RCKH-ZGOW-01,RCKH-ZGOW-01,2
CN,2605,BEBEM,SWA,A470,CN-2605-RCTP-ZGOW-01,RCTP-ZGOW-01,2
CN,2605,BEBEM,TEBON,A470,CN-2605-ASSAD-ZSAM-01,ASSAD-ZSAM-01,4
CN,2605,BEBEM,TEBON,A470,CN-2605-LINSO-ZSAM-01,LINSO-ZSAM-01,5
CN,2605,BEBEM,TEBON,A470,CN-2605-RCKH-ZSAM-01,RCKH-ZSAM-01,2
CN,2605,BEBEM,TEBON,A470,CN-2605-RCSS-ZSAM-01,RCSS-ZSAM-01,2
CN,2605,BEBEM,TEBON,A470,CN-2605-RCTP-ZSAM-01,RCTP-ZSAM-01,2
CN,2605,BEBEM,TEBON,A470,CN-2605-RCYU-ZSAM-01,RCYU-ZSAM-01,2
CN,2605,BEBEM,TEBON,A470,CN-2605-TEBAK-ZSAM-01,TEBAK-ZSAM-01,6
CN,2605,BEBEM,UGAGO,A470,CN-2605-ASSAD-ZSHC-01,ASSAD-ZSHC-01,4
CN,2605,BEGMO,APAKA,M503,CN-2605-LAMEN-ZSAM-02,LAMEN-ZSAM-02,4
CN,2605,BEGMO,DST,W117,CN-2605-LAMEN-ZSAM-01,LAMEN-ZSAM-01,4
CN,2605,BEGMO,DST,W117,CN-2605-LAMEN-ZSFZ-01,LAMEN-ZSFZ-01,4
CN,2605,BEGMO,DST,W117,CN-2605-ZSPD-MAGOG-02,ZSPD-MAGOG-02,2
CN,2605,BEGMO,DST,W117,CN-2605-ZSPD-VHHH-01,ZSPD-VHHH-01,2
CN,2605,BEGMO,DST,W117,CN-2605-ZSPD-VMMC-01,ZSPD-VMMC-01,2
CN,2605,BEGMO,DST,W117,CN-2605-ZSQD-MAGOG-02,ZSQD-MAGOG-02,4
CN,2605,BEGMO,DST,W117,CN-2605-ZSQD-VHHH-02,ZSQD-VHHH-02,4
CN,2605,BEGMO,DST,W117,CN-2605-ZSQD-VMMC-02,ZSQD-VMMC-02,4
CN,2605,BEGMO,LAPUG,M503,CN-2605-LAMEN-ZGSZ-02,LAMEN-ZGSZ-02,4
CN,2605,BEGMO,LAPUG,M503,CN-2605-SADLI-M503-MAGOG,SADLI-M503-MAGOG,4
CN,2605,BEGMO,LAPUG,M503,CN-2605-ZSPD-ASSAD-02,ZSPD-ASSAD-02,2
CN,2605,BEGMO,LAPUG,M503,CN-2605-ZSPD-MAGOG-01,ZSPD-MAGOG-01,2
CN,2605,BEGMO,LAPUG,M503,CN-2605-ZSPD-VMMC-02,ZSPD-VMMC-02,2
CN,2605,BEGMO,LAPUG,M503,CN-2605-ZSQD-MAGOG-01,ZSQD-MAGOG-01,4
CN,2605,BEGMO,LAPUG,M503,CN-2605-ZSQD-VMMC-01,ZSQD-VMMC-01,4
CN,2605,BEGMO,LASAN,W13,CN-2605-ZGSZ-LAMEN-02,ZGSZ-LAMEN-02,5
CN,2605,BEGMO,LASAN,W13,CN-2605-ZSAM-LAMEN-01,ZSAM-LAMEN-01,5
CN,2605,BEGMO,LASAN,W13,CN-2605-ZSFZ-LAMEN-01,ZSFZ-LAMEN-01,3
CN,2605,BEGMO,LASAN,W13,CN-2605-ZSWZ-LAMEN-02,ZSWZ-LAMEN-02,1
CN,2605,BEGMO,LELIM,M503,CN-2605-ZSPD-VHHH-02,ZSPD-VHHH-02,2
CN,2605,BEGMO,LELIM,M503,CN-2605-ZSPD-VMMC-03,ZSPD-VMMC-03,2
CN,2605,BEGMO,LELIM,M503,CN-2605-ZSQD-VHHH-01,ZSQD-VHHH-01,4
CN,2605,BEGMO,LELIM,M503,CN-2605-ZSQD-VMMC-03,ZSQD-VMMC-03,4
CN,2605,BEGMO,PINOT,W13,CN-2605-MAGOG-ZSQD-01,MAGOG-ZSQD-01,4
CN,2605,BEGMO,PINOT,W13,CN-2605-VHHH-ZSQD-01,VHHH-ZSQD-01,4
CN,2605,BEGMO,PINOT,W13,CN-2605-VHHH-ZSQD-02,VHHH-ZSQD-02,2
CN,2605,BEGMO,PINOT,W13,CN-2605-VHHH-ZYTL-02,VHHH-ZYTL-02,4
CN,2605,BEGMO,PINOT,W13,CN-2605-VHHH-ZYTL-03,VHHH-ZYTL-03,2
CN,2605,BEGMO,PINOT,W13,CN-2605-VMMC-ZSQD-01,VMMC-ZSQD-01,4
CN,2605,BEGMO,PINOT,W13,CN-2605-VMMC-ZSQD-02,VMMC-ZSQD-02,2
CN,2605,BEGMO,PONEN,M503,CN-2605-LAMEN-ZSFZ-02,LAMEN-ZSFZ-02,4
CN,2605,BEKOL,BUBDA,A461,CN-2605-BEKOL-APSMS,BEKOL-APSMS,1
CN,2605,BEKOL,BUBDA,A461,CN-2605-BEKOL-APSMS,BEKOL-APSMS,8
CN,2605,BEKOL,BUBDA,A461,CN-2605-BEKOL-APSMS,BEKOL-APSMS,13
CN,2605,BEKOL,BUBDA,A461,CN-2605-BEKOL-ARGUK,BEKOL-ARGUK,1
CN,2605,BEKOL,BUBDA,A461,CN-2605-BEKOL-BISUN,BEKOL-BISUN,1
CN,2605,BEKOL,BUBDA,A461,CN-2605-BEKOL-G470-SGMN,BEKOL-G470-SGMN,36
CN,2605,BEKOL,BUBDA,A461,CN-2605-BEKOL-G470-SGMRN,BEKOL-G470-SGMRN,51
CN,2605,BEKOL,BUBDA,A461,CN-2605-BEKOL-G470/L888-SGMRN,BEKOL-G470/L888-SGMRN,46
CN,2605,BEKOL,BUBDA,A461,CN-2605-BEKOL-G470/Y1-SGMRN,BEKOL-G470/Y1-SGMRN,46
CN,2605,BEKOL,BUBDA,A461,CN-2605-BEKOL-INTIK,BEKOL-INTIK,1
CN,2605,BEKOL,BUBDA,A461,CN-2605-BEKOL-MN,BEKOL-MN,9
CN,2605,BEKOL,BUBDA,A461,CN-2605-BEKOL-NIXAL,BEKOL-NIXAL,1
CN,2605,BEKOL,BUBDA,A461,CN-2605-BEKOL-POLHO,BEKOL-POLHO,1
CN,2605,BEKOL,BUBDA,A461,CN-2605-BEKOL-SGMN,BEKOL-SGMN,33
CN,2605,BEKOL,BUBDA,A461,CN-2605-BEKOL-SIMLI,BEKOL-SIMLI,1
CN,2605,BEKOL,BUBDA,A461,CN-2605-BEKOL-TOMUK,BEKOL-TOMUK,1
CN,2605,BEKOL,BUBDA,A461,CN-2605-BEKOL-ZBAA-01,BEKOL-ZBAA-01,1
CN,2605,BEKOL,BUBDA,A461,CN-2605-BEKOL-ZBAD-01,BEKOL-ZBAD-01,1
CN,2605,BEKOL,BUBDA,A461,CN-2605-BEKOL-ZBHH-01,BEKOL-ZBHH-01,1
CN,2605,BEKOL,BUBDA,A461,CN-2605-BEKOL-ZBSJ-01,BEKOL-ZBSJ-01,1
CN,2605,BEKOL,BUBDA,A461,CN-2605-BEKOL-ZBTJ-01,BEKOL-ZBTJ-01,1
CN,2605,BEKOL,BUBDA,A461,CN-2605-BEKOL-ZBYN-01,BEKOL-ZBYN-01,1
CN,2605,BEKOL,BUBDA,A461,CN-2605-BEKOL-ZHCC-01,BEKOL-ZHCC-01,1
CN,2605,BEKOL,BUBDA,A461,CN-2605-BEKOL-ZHEC-01,BEKOL-ZHEC-01,1
CN,2605,BEKOL,BUBDA,A461,CN-2605-BEKOL-ZHHH-01,BEKOL-ZHHH-01,1
CN,2605,BEKOL,BUBDA,A461,CN-2605-BEKOL-ZSJN-01,BEKOL-ZSJN-01,1
CN,2605,BEKOL,BUBDA,A461,CN-2605-BEKOL-ZSLY-01,BEKOL-ZSLY-01,1
CN,2605,BEKOL,BUBDA,A461,CN-2605-BEKOL-ZSOF-01,BEKOL-ZSOF-01,1
CN,2605,BEKOL,BUBDA,A461,CN-2605-BEKOL-ZSSH-01,BEKOL-ZSSH-01,1
CN,2605,BEKOL,BUBDA,A461,CN-2605-BEKOL-ZSYA-01,BEKOL-ZSYA-01,1
CN,2605,BEKOL,BUBDA,A461,CN-2605-BEKOL-ZSYT-01,BEKOL-ZSYT-01,1
CN,2605,BEKOL,BUBDA,A461,CN-2605-BEKOL-ZYCC-01,BEKOL-ZYCC-01,1
CN,2605,BEKOL,BUBDA,A461,CN-2605-BEKOL-ZYHB-01,BEKOL-ZYHB-01,1
CN,2605,BEKOL,BUBDA,A461,CN-2605-BEKOL-ZYTL-01,BEKOL-ZYTL-01,1
CN,2605,BEKOL,BUBDA,A461,CN-2605-BEKOL-ZYTX-01,BEKOL-ZYTX-01,1
CN,2605,BEKOL,BUBDA,A461,CN-2605-RCKH-ZHHH-02,RCKH-ZHHH-02,1
CN,2605,BEKOL,BUBDA,A461,CN-2605-RCQC-ZHHH-01,RCQC-ZHHH-01,1
CN,2605,BEKOL,BUBDA,A461,CN-2605-VHHH-ZBAA-01,VHHH-ZBAA-01,1
CN,2605,BEKOL,BUBDA,A461,CN-2605-VHHH-ZBAD-01,VHHH-ZBAD-01,1
CN,2605,BEKOL,BUBDA,A461,CN-2605-VHHH-ZBDS-01,VHHH-ZBDS-01,1
CN,2605,BEKOL,BUBDA,A461,CN-2605-VHHH-ZBDT-01,VHHH-ZBDT-01,1
CN,2605,BEKOL,BUBDA,A461,CN-2605-VHHH-ZBHH-01,VHHH-ZBHH-01,1
CN,2605,BEKOL,BUBDA,A461,CN-2605-VHHH-ZBLA-01,VHHH-ZBLA-01,1
CN,2605,BEKOL,BUBDA,A461,CN-2605-VHHH-ZBSJ-01,VHHH-ZBSJ-01,1
CN,2605,BEKOL,BUBDA,A461,CN-2605-VHHH-ZBTJ-01,VHHH-ZBTJ-01,1
CN,2605,BEKOL,BUBDA,A461,CN-2605-VHHH-ZBYN-01,VHHH-ZBYN-01,1
CN,2605,BEKOL,BUBDA,A461,CN-2605-VHHH-ZGDY-01,VHHH-ZGDY-01,1
CN,2605,BEKOL,BUBDA,A461,CN-2605-VHHH-ZHCC-01,VHHH-ZHCC-01,1
CN,2605,BEKOL,BUBDA,A461,CN-2605-VHHH-ZHEC-01,VHHH-ZHEC-01,1
CN,2605,BEKOL,BUBDA,A461,CN-2605-VHHH-ZHHH-01,VHHH-ZHHH-01,1
CN,2605,BEKOL,BUBDA,A461,CN-2605-VHHH-ZSJN-01,VHHH-ZSJN-01,1
CN,2605,BEKOL,BUBDA,A461,CN-2605-VHHH-ZSOF-01,VHHH-ZSOF-01,1
CN,2605,BEKOL,BUBDA,A461,CN-2605-VHHH-ZYCC-01,VHHH-ZYCC-01,1
CN,2605,BEKOL,BUBDA,A461,CN-2605-VHHH-ZYHB-01,VHHH-ZYHB-01,1
CN,2605,BEKOL,BUBDA,A461,CN-2605-VHHH-ZYTL-01,VHHH-ZYTL-01,1
CN,2605,BEKOL,BUBDA,A461,CN-2605-VHHH-ZYTX-01,VHHH-ZYTX-01,1
CN,2605,BEKOL,BUBDA,A461,CN-2605-ZJSY-ARGUK-01,ZJSY-ARGUK-01,4
CN,2605,BEKOL,BUBDA,A461,CN-2605-ZJSY-BISUN-01,ZJSY-BISUN-01,4
CN,2605,BEKOL,BUBDA,A461,CN-2605-ZJSY-NIXAL-01,ZJSY-NIXAL-01,4
CN,2605,BEKOL,BUBDA,A461,CN-2605-ZJSY-POLHO-01,ZJSY-POLHO-01,4
CN,2605,BEKOL,BUBDA,A461,CN-2605-ZJSY-SIMLI-01,ZJSY-SIMLI-01,4
CN,2605,BEKOL,IDUMA,A461,CN-2605-VHHH-ZGGG-01,VHHH-ZGGG-01,1
CN,2605,BEKOL,KEVAR,DCT,CN-2605-BEKOL-ZGSZ-01,BEKOL-ZGSZ-01,1
CN,2605,BEKOL,KEVAR,DCT,CN-2605-VHHH-ZGSZ-01,VHHH-ZGSZ-01,1
CN,2605,BEKOL,MEXON,A461,CN-2605-BEKOL-ZGHA-01,BEKOL-ZGHA-01,1
CN,2605,BEKOL,MEXON,A461,CN-2605-RCKH-ZGHA-01,RCKH-ZGHA-01,1
CN,2605,BEKOL,MEXON,A461,CN-2605-RCTP-ZGHA-01,RCTP-ZGHA-01,1
CN,2605,BEKOL,MEXON,A461,CN-2605-RCYU-ZGHA-01,RCYU-ZGHA-01,1
CN,2605,BEKOL,MEXON,A461,CN-2605-VHHH-ZGHA-01,VHHH-ZGHA-01,1
CN,2605,BEKOL,SHL,A461,CN-2605-BEKOL-AGAVO,BEKOL-AGAVO,1
CN,2605,BEKOL,SHL,A461,CN-2605-BEKOL-APSMS,BEKOL-APSMS,21
CN,2605,BEKOL,SHL,A461,CN-2605-BEKOL-APSMS,BEKOL-APSMS,29
CN,2605,BEKOL,SHL,A461,CN-2605-BEKOL-G470-KAMUD,BEKOL-G470-KAMUD,1
CN,2605,BEKOL,SHL,A461,CN-2605-BEKOL-G470-RULAD,BEKOL-G470-RULAD,1
CN,2605,BEKOL,SHL,A461,CN-2605-BEKOL-G470-SARIN,BEKOL-G470-SARIN,1
CN,2605,BEKOL,SHL,A461,CN-2605-BEKOL-G470-SGM,BEKOL-G470-SGM,1
CN,2605,BEKOL,SHL,A461,CN-2605-BEKOL-G470-SGM,BEKOL-G470-SGM,14
CN,2605,BEKOL,SHL,A461,CN-2605-BEKOL-G470-SGM,BEKOL-G470-SGM,28
CN,2605,BEKOL,SHL,A461,CN-2605-BEKOL-G470-SGMN,BEKOL-G470-SGMN,1
CN,2605,BEKOL,SHL,A461,CN-2605-BEKOL-G470-SGMN,BEKOL-G470-SGMN,14
CN,2605,BEKOL,SHL,A461,CN-2605-BEKOL-G470-SGMN,BEKOL-G470-SGMN,28
CN,2605,BEKOL,SHL,A461,CN-2605-BEKOL-G470-SGMRK,BEKOL-G470-SGMRK,1
CN,2605,BEKOL,SHL,A461,CN-2605-BEKOL-G470-SGMRK,BEKOL-G470-SGMRK,14
CN,2605,BEKOL,SHL,A461,CN-2605-BEKOL-G470-SGMRK,BEKOL-G470-SGMRK,28
CN,2605,BEKOL,SHL,A461,CN-2605-BEKOL-G470-SGMRK,BEKOL-G470-SGMRK,36
CN,2605,BEKOL,SHL,A461,CN-2605-BEKOL-G470-SGMRK,BEKOL-G470-SGMRK,51
CN,2605,BEKOL,SHL,A461,CN-2605-BEKOL-G470-SGMRN,BEKOL-G470-SGMRN,1
CN,2605,BEKOL,SHL,A461,CN-2605-BEKOL-G470-SGMRN,BEKOL-G470-SGMRN,14
CN,2605,BEKOL,SHL,A461,CN-2605-BEKOL-G470-SGMRN,BEKOL-G470-SGMRN,28
CN,2605,BEKOL,SHL,A461,CN-2605-BEKOL-G470-SGMRN,BEKOL-G470-SGMRN,36
CN,2605,BEKOL,SHL,A461,CN-2605-BEKOL-G470-SM,BEKOL-G470-SM,1
CN,2605,BEKOL,SHL,A461,CN-2605-BEKOL-G470-SM,BEKOL-G470-SM,14
CN,2605,BEKOL,SHL,A461,CN-2605-BEKOL-G470-SRK,BEKOL-G470-SRK,1
CN,2605,BEKOL,SHL,A461,CN-2605-BEKOL-G470-SRK,BEKOL-G470-SRK,14
CN,2605,BEKOL,SHL,A461,CN-2605-BEKOL-G470-SRK,BEKOL-G470-SRK,29
CN,2605,BEKOL,SHL,A461,CN-2605-BEKOL-G470-SRKL,BEKOL-G470-SRKL,1
CN,2605,BEKOL,SHL,A461,CN-2605-BEKOL-G470-SRKL,BEKOL-G470-SRKL,14
CN,2605,BEKOL,SHL,A461,CN-2605-BEKOL-G470-SRKL,BEKOL-G470-SRKL,29
CN,2605,BEKOL,SHL,A461,CN-2605-BEKOL-G470-SRKL,BEKOL-G470-SRKL,44
CN,2605,BEKOL,SHL,A461,CN-2605-BEKOL-G470-SRL,BEKOL-G470-SRL,1
CN,2605,BEKOL,SHL,A461,CN-2605-BEKOL-G470-SRL,BEKOL-G470-SRL,14
CN,2605,BEKOL,SHL,A461,CN-2605-BEKOL-G470-SRL,BEKOL-G470-SRL,29
CN,2605,BEKOL,SHL,A461,CN-2605-BEKOL-G470/L888-SGMRK,BEKOL-G470/L888-SGMRK,1
CN,2605,BEKOL,SHL,A461,CN-2605-BEKOL-G470/L888-SGMRK,BEKOL-G470/L888-SGMRK,14
CN,2605,BEKOL,SHL,A461,CN-2605-BEKOL-G470/L888-SGMRK,BEKOL-G470/L888-SGMRK,28
CN,2605,BEKOL,SHL,A461,CN-2605-BEKOL-G470/L888-SGMRK,BEKOL-G470/L888-SGMRK,36
CN,2605,BEKOL,SHL,A461,CN-2605-BEKOL-G470/L888-SGMRK,BEKOL-G470/L888-SGMRK,46
CN,2605,BEKOL,SHL,A461,CN-2605-BEKOL-G470/L888-SGMRN,BEKOL-G470/L888-SGMRN,1
CN,2605,BEKOL,SHL,A461,CN-2605-BEKOL-G470/L888-SGMRN,BEKOL-G470/L888-SGMRN,14
CN,2605,BEKOL,SHL,A461,CN-2605-BEKOL-G470/L888-SGMRN,BEKOL-G470/L888-SGMRN,28
CN,2605,BEKOL,SHL,A461,CN-2605-BEKOL-G470/L888-SGMRN,BEKOL-G470/L888-SGMRN,36
CN,2605,BEKOL,SHL,A461,CN-2605-BEKOL-G470/L888-SRK,BEKOL-G470/L888-SRK,1
CN,2605,BEKOL,SHL,A461,CN-2605-BEKOL-G470/L888-SRK,BEKOL-G470/L888-SRK,14
CN,2605,BEKOL,SHL,A461,CN-2605-BEKOL-G470/L888-SRK,BEKOL-G470/L888-SRK,24
CN,2605,BEKOL,SHL,A461,CN-2605-BEKOL-G470/L888-SRKL,BEKOL-G470/L888-SRKL,1
CN,2605,BEKOL,SHL,A461,CN-2605-BEKOL-G470/L888-SRKL,BEKOL-G470/L888-SRKL,14
CN,2605,BEKOL,SHL,A461,CN-2605-BEKOL-G470/L888-SRKL,BEKOL-G470/L888-SRKL,24
CN,2605,BEKOL,SHL,A461,CN-2605-BEKOL-G470/L888-SRKL,BEKOL-G470/L888-SRKL,33
CN,2605,BEKOL,SHL,A461,CN-2605-BEKOL-G470/L888-SRL,BEKOL-G470/L888-SRL,1
CN,2605,BEKOL,SHL,A461,CN-2605-BEKOL-G470/L888-SRL,BEKOL-G470/L888-SRL,14
CN,2605,BEKOL,SHL,A461,CN-2605-BEKOL-G470/L888-SRL,BEKOL-G470/L888-SRL,24
CN,2605,BEKOL,SHL,A461,CN-2605-BEKOL-G470/Y1-SGMRK,BEKOL-G470/Y1-SGMRK,1
CN,2605,BEKOL,SHL,A461,CN-2605-BEKOL-G470/Y1-SGMRK,BEKOL-G470/Y1-SGMRK,14
CN,2605,BEKOL,SHL,A461,CN-2605-BEKOL-G470/Y1-SGMRK,BEKOL-G470/Y1-SGMRK,28
CN,2605,BEKOL,SHL,A461,CN-2605-BEKOL-G470/Y1-SGMRK,BEKOL-G470/Y1-SGMRK,36
CN,2605,BEKOL,SHL,A461,CN-2605-BEKOL-G470/Y1-SGMRK,BEKOL-G470/Y1-SGMRK,46
CN,2605,BEKOL,SHL,A461,CN-2605-BEKOL-G470/Y1-SGMRN,BEKOL-G470/Y1-SGMRN,1
CN,2605,BEKOL,SHL,A461,CN-2605-BEKOL-G470/Y1-SGMRN,BEKOL-G470/Y1-SGMRN,14
CN,2605,BEKOL,SHL,A461,CN-2605-BEKOL-G470/Y1-SGMRN,BEKOL-G470/Y1-SGMRN,28
CN,2605,BEKOL,SHL,A461,CN-2605-BEKOL-G470/Y1-SGMRN,BEKOL-G470/Y1-SGMRN,36
CN,2605,BEKOL,SHL,A461,CN-2605-BEKOL-G470/Y1-SRKL,BEKOL-G470/Y1-SRKL,1
CN,2605,BEKOL,SHL,A461,CN-2605-BEKOL-G470/Y1-SRKL,BEKOL-G470/Y1-SRKL,14
CN,2605,BEKOL,SHL,A461,CN-2605-BEKOL-G470/Y1-SRKL,BEKOL-G470/Y1-SRKL,24
CN,2605,BEKOL,SHL,A461,CN-2605-BEKOL-G470/Y1-SRKL,BEKOL-G470/Y1-SRKL,33
CN,2605,BEKOL,SHL,A461,CN-2605-BEKOL-G470/Y1-SRL,BEKOL-G470/Y1-SRL,1
CN,2605,BEKOL,SHL,A461,CN-2605-BEKOL-G470/Y1-SRL,BEKOL-G470/Y1-SRL,14
CN,2605,BEKOL,SHL,A461,CN-2605-BEKOL-G470/Y1-SRL,BEKOL-G470/Y1-SRL,24
CN,2605,BEKOL,SHL,A461,CN-2605-BEKOL-GOPTO,BEKOL-GOPTO,1
CN,2605,BEKOL,SHL,A461,CN-2605-BEKOL-KAMUD,BEKOL-KAMUD,1
CN,2605,BEKOL,SHL,A461,CN-2605-BEKOL-L888-RULAD,BEKOL-L888-RULAD,1
CN,2605,BEKOL,SHL,A461,CN-2605-BEKOL-MN,BEKOL-MN,1
CN,2605,BEKOL,SHL,A461,CN-2605-BEKOL-MORIT,BEKOL-MORIT,1
CN,2605,BEKOL,SHL,A461,CN-2605-BEKOL-RULAD,BEKOL-RULAD,1
CN,2605,BEKOL,SHL,A461,CN-2605-BEKOL-SADLI,BEKOL-SADLI,1
CN,2605,BEKOL,SHL,A461,CN-2605-BEKOL-SARIN,BEKOL-SARIN,1
CN,2605,BEKOL,SHL,A461,CN-2605-BEKOL-SGM,BEKOL-SGM,1
CN,2605,BEKOL,SHL,A461,CN-2605-BEKOL-SGM,BEKOL-SGM,12
CN,2605,BEKOL,SHL,A461,CN-2605-BEKOL-SGM,BEKOL-SGM,25
CN,2605,BEKOL,SHL,A461,CN-2605-BEKOL-SGMN,BEKOL-SGMN,1
CN,2605,BEKOL,SHL,A461,CN-2605-BEKOL-SGMN,BEKOL-SGMN,12
CN,2605,BEKOL,SHL,A461,CN-2605-BEKOL-SGMN,BEKOL-SGMN,25
CN,2605,BEKOL,SHL,A461,CN-2605-BEKOL-SRKL,BEKOL-SRKL,1
CN,2605,BEKOL,SHL,A461,CN-2605-BEKOL-SRKL,BEKOL-SRKL,12
CN,2605,BEKOL,SHL,A461,CN-2605-BEKOL-SRKL,BEKOL-SRKL,24
CN,2605,BEKOL,SHL,A461,CN-2605-BEKOL-SRKL,BEKOL-SRKL,36
CN,2605,BEKOL,SHL,A461,CN-2605-BEKOL-SRL,BEKOL-SRL,1
CN,2605,BEKOL,SHL,A461,CN-2605-BEKOL-SRL,BEKOL-SRL,12
CN,2605,BEKOL,SHL,A461,CN-2605-BEKOL-SRL,BEKOL-SRL,24
CN,2605,BEKOL,SHL,A461,CN-2605-BEKOL-Y1-KAMUD,BEKOL-Y1-KAMUD,1
CN,2605,BEKOL,SHL,A461,CN-2605-BEKOL-Y1-RULAD,BEKOL-Y1-RULAD,1
CN,2605,BEKOL,SHL,A461,CN-2605-BEKOL-Y1-SRK,BEKOL-Y1-SRK,1
CN,2605,BEKOL,SHL,A461,CN-2605-BEKOL-Y1-SRK,BEKOL-Y1-SRK,14
CN,2605,BEKOL,SHL,A461,CN-2605-BEKOL-Y1-SRK,BEKOL-Y1-SRK,24
CN,2605,BEKOL,SHL,A461,CN-2605-BEKOL-ZGKL-01,BEKOL-ZGKL-01,1
CN,2605,BEKOL,SHL,A461,CN-2605-BEKOL-ZLXY-01,BEKOL-ZLXY-01,1
CN,2605,BEKOL,SHL,A461,CN-2605-BEKOL-ZLXY-02,BEKOL-ZLXY-02,1
CN,2605,BEKOL,SHL,A461,CN-2605-BEKOL-ZSCN-01,BEKOL-ZSCN-01,1
CN,2605,BEKOL,SHL,A461,CN-2605-BEKOL-ZSHC-01,BEKOL-ZSHC-01,1
CN,2605,BEKOL,SHL,A461,CN-2605-BEKOL-ZSNJ-01,BEKOL-ZSNJ-01,1
CN,2605,BEKOL,SHL,A461,CN-2605-BEKOL-ZSPD-01,BEKOL-ZSPD-01,1
CN,2605,BEKOL,SHL,A461,CN-2605-BEKOL-ZSSS-01,BEKOL-ZSSS-01,1
CN,2605,BEKOL,SHL,A461,CN-2605-BEKOL-ZSXZ-01,BEKOL-ZSXZ-01,1
CN,2605,BEKOL,SHL,A461,CN-2605-BEKOL-ZUCK-01,BEKOL-ZUCK-01,1
CN,2605,BEKOL,SHL,A461,CN-2605-BEKOL-ZUGY-01,BEKOL-ZUGY-01,1
CN,2605,BEKOL,SHL,A461,CN-2605-BEKOL-ZUTF-01,BEKOL-ZUTF-01,1
CN,2605,BEKOL,SHL,A461,CN-2605-BEKOL-ZUUU-01,BEKOL-ZUUU-01,1
CN,2605,BEKOL,SHL,A461,CN-2605-RCKH-ZSCN-02,RCKH-ZSCN-02,1
CN,2605,BEKOL,SHL,A461,CN-2605-VHHH-ZGKL-01,VHHH-ZGKL-01,1
CN,2605,BEKOL,SHL,A461,CN-2605-VHHH-ZLLL-01,VHHH-ZLLL-01,1
CN,2605,BEKOL,SHL,A461,CN-2605-VHHH-ZLXY-01,VHHH-ZLXY-01,1
CN,2605,BEKOL,SHL,A461,CN-2605-VHHH-ZSCN-01,VHHH-ZSCN-01,1
CN,2605,BEKOL,SHL,A461,CN-2605-VHHH-ZSTX-01,VHHH-ZSTX-01,1
CN,2605,BEKOL,SHL,A461,CN-2605-VHHH-ZUCK-01,VHHH-ZUCK-01,1
CN,2605,BEKOL,SHL,A461,CN-2605-VHHH-ZUGY-01,VHHH-ZUGY-01,1
CN,2605,BEKOL,SHL,A461,CN-2605-VHHH-ZUTF-01,VHHH-ZUTF-01,1
CN,2605,BEKOL,SHL,A461,CN-2605-VHHH-ZUUU-01,VHHH-ZUUU-01,1
CN,2605,BEKOL,SHL,A461,CN-2605-VHHH-ZWWW-01,VHHH-ZWWW-01,1
CN,2605,BEKOL,SHL,A461,CN-2605-VHHH-ZWWW-02,VHHH-ZWWW-02,1
CN,2605,BEKOL,SHL,A461,CN-2605-ZJHK-LAMEN-01,ZJHK-LAMEN-01,4
CN,2605,BEKOL,SHL,A461,CN-2605-ZJSY-LAMEN-01,ZJSY-LAMEN-01,4
CN,2605,BEKOL,SHL,A461,CN-2605-ZJSY-LAMEN-02,ZJSY-LAMEN-02,5
CN,2605,BELAX,VYK,G212,CN-2605-ZBSJ-AGAVO-01,ZBSJ-AGAVO-01,2
CN,2605,BEMAG,ENVIP,V5,CN-2605-POLHO-ZGGG-01,POLHO-ZGGG-01,5
CN,2605,BENBI,OBMEP,W56,CN-2605-ZHEC-KAMUD-01,ZHEC-KAMUD-01,1
CN,2605,BENBI,OBMEP,W56,CN-2605-ZHEC-NIXAL-01,ZHEC-NIXAL-01,1
CN,2605,BENBI,OBMEP,W56,CN-2605-ZHEC-RULAD-01,ZHEC-RULAD-01,1
CN,2605,BENBI,OBMEP,W56,CN-2605-ZHHH-KAMUD-01,ZHHH-KAMUD-01,1
CN,2605,BENBI,OBMEP,W56,CN-2605-ZHHH-NIXAL-01,ZHHH-NIXAL-01,1
CN,2605,BENBI,OBMEP,W56,CN-2605-ZHHH-POLHO-01,ZHHH-POLHO-01,1
CN,2605,BENBI,OBMEP,W56,CN-2605-ZHHH-RULAD-01,ZHHH-RULAD-01,1
CN,2605,BENBI,OBMEP,W56,CN-2605-ZHHH-SARIN-01,ZHHH-SARIN-01,1
CN,2605,BENBI,VADMO,W56,CN-2605-ZHEC-AGAVO-01,ZHEC-AGAVO-01,1
CN,2605,BENBI,VADMO,W56,CN-2605-ZHHH-AGAVO-01,ZHHH-AGAVO-01,1
CN,2605,BENBI,VYK,W56,CN-2605-ZHEC-ARGUK-01,ZHEC-ARGUK-01,1
CN,2605,BENBI,VYK,W56,CN-2605-ZHHH-ARGUK-01,ZHHH-ARGUK-01,1
CN,2605,BENBI,VYK,W56,CN-2605-ZHHH-BISUN-01,ZHHH-BISUN-01,1
CN,2605,BENBI,VYK,W56,CN-2605-ZHHH-SIMLI-01,ZHHH-SIMLI-01,1
CN,2605,BESGI,TONOV,G212,CN-2605-INTIK-ZBSJ-01,INTIK-ZBSJ-01,4
CN,2605,BESGI,TONOV,G212,CN-2605-NIXAL-ZBSJ-01,NIXAL-ZBSJ-01,3
CN,2605,BESGI,VYK,G212,CN-2605-ZBDS-AGAVO-01,ZBDS-AGAVO-01,4
CN,2605,BESGI,VYK,G212,CN-2605-ZLIC-AGAVO-01,ZLIC-AGAVO-01,5
CN,2605,BHY,IVPUB,W159,CN-2605-ZJSY-BISUN-02,ZJSY-BISUN-02,5
CN,2605,BHY,IVPUB,W159,CN-2605-ZJSY-NIXAL-02,ZJSY-NIXAL-02,5
CN,2605,BHY,LBN,W159,CN-2605-BUNTA-ZBAA-01,BUNTA-ZBAA-01,6
CN,2605,BHY,LBN,W159,CN-2605-BUNTA-ZBAD-01,BUNTA-ZBAD-01,6
CN,2605,BHY,LBN,W159,CN-2605-ZJHK-MORIT-01,ZJHK-MORIT-01,3
CN,2605,BHY,LBN,W159,CN-2605-ZJHK-RULAD-01,ZJHK-RULAD-01,3
CN,2605,BHY,LBN,W159,CN-2605-ZJHK-RULAD-02,ZJHK-RULAD-02,3
CN,2605,BHY,LBN,W159,CN-2605-ZJHK-SARIN-01,ZJHK-SARIN-01,3
CN,2605,BHY,LBN,W159,CN-2605-ZJSY-MORIT-01,ZJSY-MORIT-01,5
CN,2605,BHY,LBN,W159,CN-2605-ZJSY-RULAD-01,ZJSY-RULAD-01,5
CN,2605,BHY,LBN,W159,CN-2605-ZJSY-RULAD-02,ZJSY-RULAD-02,5
CN,2605,BHY,LBN,W159,CN-2605-ZJSY-SARIN-01,ZJSY-SARIN-01,5
CN,2605,BHY,LBN,W159,CN-2605-ZJSY-SARIN-02,ZJSY-SARIN-02,5
CN,2605,BHY,NYB,W70,CN-2605-LINSO-ZJHK-01,LINSO-ZJHK-01,3
CN,2605,BHY,NYB,W70,CN-2605-LINSO-ZJSY-01,LINSO-ZJSY-01,3
CN,2605,BHY,NYB,W70,CN-2605-MORIT-ZJHK-01,MORIT-ZJHK-01,5
CN,2605,BHY,NYB,W70,CN-2605-MORIT-ZJSY-01,MORIT-ZJSY-01,5
CN,2605,BHY,NYB,W70,CN-2605-RULAD-ZJHK-01,RULAD-ZJHK-01,8
CN,2605,BHY,NYB,W70,CN-2605-RULAD-ZJHK-02,RULAD-ZJHK-02,10
CN,2605,BHY,NYB,W70,CN-2605-RULAD-ZJSY-01,RULAD-ZJSY-01,8
CN,2605,BHY,NYB,W70,CN-2605-RULAD-ZJSY-02,RULAD-ZJSY-02,10
CN,2605,BHY,NYB,W70,CN-2605-SARIN-ZJHK-01,SARIN-ZJHK-01,7
CN,2605,BHY,NYB,W70,CN-2605-SARIN-ZJSY-01,SARIN-ZJSY-01,7
CN,2605,BHY,NYB,W70,CN-2605-SARIN-ZJSY-02,SARIN-ZJSY-02,9
CN,2605,BHY,NYB,W70,CN-2605-TEBAK-ZJHK-01,TEBAK-ZJHK-01,3
CN,2605,BHY,NYB,W70,CN-2605-TEBAK-ZJSY-01,TEBAK-ZJSY-01,3
CN,2605,BHY,NYB,W70,CN-2605-ZGNN-BUNTA-01,ZGNN-BUNTA-01,1
CN,2605,BHY,WUY,R339,CN-2605-ZGZJ-TEBAK-01,ZGZJ-TEBAK-01,1
CN,2605,BIDIB,CHG,A575,CN-2605-GOLOT-TEBAK,GOLOT-TEBAK,2
CN,2605,BIDIB,CHG,A575,CN-2605-GOLOT-VMMC,GOLOT-VMMC,2
CN,2605,BIDIB,CHI,A588,CN-2605-TELOK-ZSPD-01,TELOK-ZSPD-01,2
CN,2605,BIDIB,CHI,A588,CN-2605-ZBLA-RCTP-01,ZBLA-RCTP-01,2
CN,2605,BIDIB,GOLOT,A345,CN-2605-TEBAK-GOLOT,TEBAK-GOLOT,11
CN,2605,BIDIB,GOLOT,A345,CN-2605-VMMC-GOLOT,VMMC-GOLOT,12
CN,2605,BIDIB,GOLOT,A345,CN-2605-ZBAA-GOLOT-01,ZBAA-GOLOT-01,4
CN,2605,BIDIB,GOLOT,A345,CN-2605-ZYCC-GOLOT-01,ZYCC-GOLOT-01,2
CN,2605,BIDIB,HLD,A345,CN-2605-RCTP-ZBLA-01,RCTP-ZBLA-01,5
CN,2605,BIDIB,LEMOT,A588,CN-2605-GOLOT-ZYCC-01,GOLOT-ZYCC-01,2
CN,2605,BIDIB,TELOK,A345,CN-2605-AGAVO-TELOK,AGAVO-TELOK,5
CN,2605,BIDIB,TELOK,A345,CN-2605-ZSPD-TELOK-01,ZSPD-TELOK-01,4
CN,2605,BIDIB,TELOK,A345,CN-2605-ZYTL-TELOK-01,ZYTL-TELOK-01,2
CN,2605,BIDIB,UKDUM,A575,CN-2605-GOLOT-ZBAA-01,GOLOT-ZBAA-01,2
CN,2605,BIDIB,VENOS,A588,CN-2605-TELOK-ZYTL-01,TELOK-ZYTL-01,2
CN,2605,BIDRU,ELASU,A581,CN-2605-ZPJH-VHHH-01,ZPJH-VHHH-01,1
CN,2605,BIDRU,NOLEP,L888,CN-2605-SAGAG-L888-PURPA,SAGAG-L888-PURPA,2
CN,2605,BIDRU,SAGAG,A581,CN-2605-PURPA-L888-SAGAG,PURPA-L888-SAGAG,3
CN,2605,BIDRU,SAGAG,A581,CN-2605-RULAD-L888-SAGAG,RULAD-L888-SAGAG,3
CN,2605,BIDRU,XKC,L888,CN-2605-SAGAG-L888-RULAD,SAGAG-L888-RULAD,2
CN,2605,BIGOR,CZH,W9,CN-2605-RULAD-L888-TAMOT,RULAD-L888-TAMOT,3
CN,2605,BIGOR,CZH,W9,CN-2605-RULAD-L888-VHHH,RULAD-L888-VHHH,3
CN,2605,BIGOR,CZH,W9,CN-2605-SGMRK-G470/L888-TAMOT,SGMRK-G470/L888-TAMOT,28
CN,2605,BIGOR,CZH,W9,CN-2605-SGMRK-G470/L888-VHHH,SGMRK-G470/L888-VHHH,28
CN,2605,BIGOR,CZH,W9,CN-2605-SGMRN-G470/L888-TAMOT,SGMRN-G470/L888-TAMOT,28
CN,2605,BIGOR,CZH,W9,CN-2605-SGMRN-G470/L888-VHHH,SGMRN-G470/L888-VHHH,28
CN,2605,BIGOR,CZH,W9,CN-2605-SRK-L888-TAMOT,SRK-L888-TAMOT,12
CN,2605,BIGOR,CZH,W9,CN-2605-SRK-L888-VHHH,SRK-L888-VHHH,12
CN,2605,BIGOR,CZH,W9,CN-2605-SRKL-L888-VHHH,SRKL-L888-VHHH,11
CN,2605,BIGOR,CZH,W9,CN-2605-SRKL-W191/L888-TAMOT,SRKL-W191/L888-TAMOT,12
CN,2605,BIGOR,CZH,W9,CN-2605-SRKL-W191/L888-VHHH,SRKL-W191/L888-VHHH,12
CN,2605,BIGOR,CZH,W9,CN-2605-SRL-L888-VHHH,SRL-L888-VHHH,11
CN,2605,BIGOR,CZH,W9,CN-2605-SRL-W191/L888-TAMOT,SRL-W191/L888-TAMOT,12
CN,2605,BIGOR,CZH,W9,CN-2605-SRL-W191/L888-VHHH,SRL-W191/L888-VHHH,12
CN,2605,BIGRO,BUNTA,G221,CN-2605-ZSHC-BUNTA-01,ZSHC-BUNTA-01,6
CN,2605,BIGRO,GIVIV,G221,CN-2605-RCKH-ZJHK-01,RCKH-ZJHK-01,2
CN,2605,BIGRO,GIVIV,G221,CN-2605-RCMQ-ZJHK-01,RCMQ-ZJHK-01,2
CN,2605,BIGRO,GIVIV,G221,CN-2605-RCTP-ZJHK-01,RCTP-ZJHK-01,2
CN,2605,BIGRO,GIVIV,G221,CN-2605-RCYU-ZJHK-01,RCYU-ZJHK-01,2
CN,2605,BIGRO,LOVTA,W552,CN-2605-ASSAD-ZGSZ-02,ASSAD-ZGSZ-02,4
CN,2605,BIGRO,SAMAS,G221,CN-2605-ZGGG-ASSAD-01,ZGGG-ASSAD-01,3
CN,2605,BIGRO,SAMAS,G221,CN-2605-ZGSZ-ASSAD-02,ZGSZ-ASSAD-02,3
CN,2605,BIGRO,SAMAS,G221,CN-2605-ZSAM-ASSAD-01,ZSAM-ASSAD-01,4
CN,2605,BIGRO,SAMAS,G221,CN-2605-ZSCN-ASSAD-01,ZSCN-ASSAD-01,5
CN,2605,BIGRO,SAMAS,G221,CN-2605-ZSFZ-ASSAD-01,ZSFZ-ASSAD-01,4
CN,2605,BIGRO,SAMAS,G221,CN-2605-ZSHC-ASSAD-01,ZSHC-ASSAD-01,6
CN,2605,BIGRO,SAMAS,G221,CN-2605-ZSHC-ASSAD-02,ZSHC-ASSAD-02,3
CN,2605,BIGRO,SAMAS,G221,CN-2605-ZSNB-ASSAD-01,ZSNB-ASSAD-01,4
CN,2605,BIGRO,SAMAS,G221,CN-2605-ZSNJ-ASSAD-01,ZSNJ-ASSAD-01,8
CN,2605,BIGRO,SAMAS,G221,CN-2605-ZSPD-ASSAD-01,ZSPD-ASSAD-01,9
CN,2605,BIGRO,SAMAS,G221,CN-2605-ZSSS-ASSAD-01,ZSSS-ASSAD-01,9
CN,2605,BIGRO,SAMAS,G221,CN-2605-ZSWZ-ASSAD-01,ZSWZ-ASSAD-01,4
CN,2605,BIGRO,WL,G221,CN-2605-LAMEN-ZJSY-02,LAMEN-ZJSY-02,11
CN,2605,BIGRO,WL,G221,CN-2605-RCKH-ZJSY-01,RCKH-ZJSY-01,2
CN,2605,BIGRO,WL,G221,CN-2605-RCMQ-ZJSY-01,RCMQ-ZJSY-01,2
CN,2605,BIGRO,WL,G221,CN-2605-RCTP-ZJSY-01,RCTP-ZJSY-01,2
CN,2605,BIGRO,WL,G221,CN-2605-RCYU-ZJSY-01,RCYU-ZJSY-01,2
CN,2605,BIGUX,HO,W214,CN-2605-AGVUT-ZLXY-01R,AGVUT-ZLXY-01R,7
CN,2605,BIGUX,HO,W214,CN-2605-KAMUD-ZLXY-01,KAMUD-ZLXY-01,6
CN,2605,BIGUX,HO,W214,CN-2605-KAMUD-ZLXY-02,KAMUD-ZLXY-02,6
CN,2605,BIGUX,HO,W214,CN-2605-KAMUD-ZLXY-03,KAMUD-ZLXY-03,6
CN,2605,BIGUX,HO,W214,CN-2605-MORIT-ZLXY-01,MORIT-ZLXY-01,2
CN,2605,BIGUX,HO,W214,CN-2605-OGIGI-ZLXY-01,OGIGI-ZLXY-01,7
CN,2605,BIGUX,HO,W214,CN-2605-PURPA-ZLXY-01,PURPA-ZLXY-01,5
CN,2605,BIGUX,HO,W214,CN-2605-RULAD-ZLXY-01,RULAD-ZLXY-01,6
CN,2605,BIGUX,HO,W214,CN-2605-RULAD-ZLXY-02,RULAD-ZLXY-02,6
CN,2605,BIGUX,HO,W214,CN-2605-SARIN-ZLXY-01,SARIN-ZLXY-01,5
CN,2605,BIGUX,HO,W214,CN-2605-SARIN-ZLXY-02,SARIN-ZLXY-02,5
CN,2605,BIGUX,KWE,B330,CN-2605-AGVUT-ZGGG-01R,AGVUT-ZGGG-01R,6
CN,2605,BIGUX,KWE,B330,CN-2605-AGVUT-ZGGG-02R,AGVUT-ZGGG-02R,7
CN,2605,BIGUX,KWE,B330,CN-2605-AGVUT-ZGSZ-01R,AGVUT-ZGSZ-01R,7
CN,2605,BIGUX,KWE,B330,CN-2605-GOPTO-ZGSZ-01,GOPTO-ZGSZ-01,6
CN,2605,BIGUX,KWE,B330,CN-2605-GOPTO-ZGSZ-02,GOPTO-ZGSZ-02,7
CN,2605,BIGUX,KWE,B330,CN-2605-KAMUD-G470-TAMOT,KAMUD-G470-TAMOT,6
CN,2605,BIGUX,KWE,B330,CN-2605-KAMUD-G470-VHHH,KAMUD-G470-VHHH,6
CN,2605,BIGUX,KWE,B330,CN-2605-KAMUD-W186-VHHH,KAMUD-W186-VHHH,6
CN,2605,BIGUX,KWE,B330,CN-2605-KAMUD-ZGGG-01,KAMUD-ZGGG-01,6
CN,2605,BIGUX,KWE,B330,CN-2605-KAMUD-ZGGG-02,KAMUD-ZGGG-02,6
CN,2605,BIGUX,KWE,B330,CN-2605-OGIGI-ZGGG-01,OGIGI-ZGGG-01,7
CN,2605,BIGUX,KWE,B330,CN-2605-PURPA-W112-VHHH,PURPA-W112-VHHH,4
CN,2605,BIGUX,KWE,B330,CN-2605-RULAD-G470-TAMOT,RULAD-G470-TAMOT,6
CN,2605,BIGUX,KWE,B330,CN-2605-RULAD-G470-VHHH,RULAD-G470-VHHH,6
CN,2605,BIGUX,KWE,B330,CN-2605-RULAD-ZGGG-01,RULAD-ZGGG-01,6
CN,2605,BIGUX,KWE,B330,CN-2605-RULAD-ZGSZ-01,RULAD-ZGSZ-01,6
CN,2605,BIGUX,KWE,B330,CN-2605-RULAD-ZJHK-02,RULAD-ZJHK-02,6
CN,2605,BIGUX,KWE,B330,CN-2605-RULAD-ZJSY-02,RULAD-ZJSY-02,6
CN,2605,BIGUX,KWE,B330,CN-2605-SARIN-G470-TAMOT,SARIN-G470-TAMOT,5
CN,2605,BIGUX,KWE,B330,CN-2605-SARIN-G470-VHHH,SARIN-G470-VHHH,5
CN,2605,BIGUX,KWE,B330,CN-2605-SARIN-ZGGG-01,SARIN-ZGGG-01,5
CN,2605,BIGUX,KWE,B330,CN-2605-SARIN-ZGSZ-01,SARIN-ZGSZ-01,5
CN,2605,BIGUX,KWE,B330,CN-2605-SARIN-ZJSY-02,SARIN-ZJSY-02,5
CN,2605,BIGUX,KWE,B330,CN-2605-SG-G470-TAMOT,SG-G470-TAMOT,5
CN,2605,BIGUX,KWE,B330,CN-2605-SG-G470-TAMOT,SG-G470-TAMOT,16
CN,2605,BIGUX,KWE,B330,CN-2605-SG-G470-VHHH,SG-G470-VHHH,5
CN,2605,BIGUX,KWE,B330,CN-2605-SG-G470-VHHH,SG-G470-VHHH,16
CN,2605,BIGUX,KWE,B330,CN-2605-SGM-G470-TAMOT,SGM-G470-TAMOT,5
CN,2605,BIGUX,KWE,B330,CN-2605-SGM-G470-TAMOT,SGM-G470-TAMOT,16
CN,2605,BIGUX,KWE,B330,CN-2605-SGM-G470-VHHH,SGM-G470-VHHH,5
CN,2605,BIGUX,KWE,B330,CN-2605-SGM-G470-VHHH,SGM-G470-VHHH,16
CN,2605,BIGUX,KWE,B330,CN-2605-SGMN-G470-TAMOT,SGMN-G470-TAMOT,5
CN,2605,BIGUX,KWE,B330,CN-2605-SGMN-G470-TAMOT,SGMN-G470-TAMOT,16
CN,2605,BIGUX,KWE,B330,CN-2605-SGMN-G470-VHHH,SGMN-G470-VHHH,5
CN,2605,BIGUX,KWE,B330,CN-2605-SGMN-G470-VHHH,SGMN-G470-VHHH,16
CN,2605,BIGUX,KWE,B330,CN-2605-SGMN-VHHH,SGMN-VHHH,15
CN,2605,BIGUX,KWE,B330,CN-2605-SGMRK-G470-TAMOT,SGMRK-G470-TAMOT,5
CN,2605,BIGUX,KWE,B330,CN-2605-SGMRK-G470-TAMOT,SGMRK-G470-TAMOT,16
CN,2605,BIGUX,KWE,B330,CN-2605-SGMRK-G470-TAMOT,SGMRK-G470-TAMOT,31
CN,2605,BIGUX,KWE,B330,CN-2605-SGMRK-G470-TAMOT,SGMRK-G470-TAMOT,41
CN,2605,BIGUX,KWE,B330,CN-2605-SGMRK-G470-VHHH,SGMRK-G470-VHHH,5
CN,2605,BIGUX,KWE,B330,CN-2605-SGMRK-G470-VHHH,SGMRK-G470-VHHH,16
CN,2605,BIGUX,KWE,B330,CN-2605-SGMRK-G470-VHHH,SGMRK-G470-VHHH,31
CN,2605,BIGUX,KWE,B330,CN-2605-SGMRK-G470-VHHH,SGMRK-G470-VHHH,41
CN,2605,BIGUX,KWE,B330,CN-2605-SGMRK-G470/L888-TAMOT,SGMRK-G470/L888-TAMOT,5
CN,2605,BIGUX,KWE,B330,CN-2605-SGMRK-G470/L888-TAMOT,SGMRK-G470/L888-TAMOT,16
CN,2605,BIGUX,KWE,B330,CN-2605-SGMRK-G470/L888-VHHH,SGMRK-G470/L888-VHHH,5
CN,2605,BIGUX,KWE,B330,CN-2605-SGMRK-G470/L888-VHHH,SGMRK-G470/L888-VHHH,16
CN,2605,BIGUX,KWE,B330,CN-2605-SGMRK-G470/Y1-TAMOT,SGMRK-G470/Y1-TAMOT,5
CN,2605,BIGUX,KWE,B330,CN-2605-SGMRK-G470/Y1-TAMOT,SGMRK-G470/Y1-TAMOT,16
CN,2605,BIGUX,KWE,B330,CN-2605-SGMRK-G470/Y1-VHHH,SGMRK-G470/Y1-VHHH,5
CN,2605,BIGUX,KWE,B330,CN-2605-SGMRK-G470/Y1-VHHH,SGMRK-G470/Y1-VHHH,16
CN,2605,BIGUX,KWE,B330,CN-2605-SGMRN-G470-TAMOT,SGMRN-G470-TAMOT,5
CN,2605,BIGUX,KWE,B330,CN-2605-SGMRN-G470-TAMOT,SGMRN-G470-TAMOT,16
CN,2605,BIGUX,KWE,B330,CN-2605-SGMRN-G470-TAMOT,SGMRN-G470-TAMOT,31
CN,2605,BIGUX,KWE,B330,CN-2605-SGMRN-G470-VHHH,SGMRN-G470-VHHH,5
CN,2605,BIGUX,KWE,B330,CN-2605-SGMRN-G470-VHHH,SGMRN-G470-VHHH,16
CN,2605,BIGUX,KWE,B330,CN-2605-SGMRN-G470-VHHH,SGMRN-G470-VHHH,31
CN,2605,BIGUX,KWE,B330,CN-2605-SGMRN-G470/L888-TAMOT,SGMRN-G470/L888-TAMOT,5
CN,2605,BIGUX,KWE,B330,CN-2605-SGMRN-G470/L888-TAMOT,SGMRN-G470/L888-TAMOT,16
CN,2605,BIGUX,KWE,B330,CN-2605-SGMRN-G470/L888-VHHH,SGMRN-G470/L888-VHHH,5
CN,2605,BIGUX,KWE,B330,CN-2605-SGMRN-G470/L888-VHHH,SGMRN-G470/L888-VHHH,16
CN,2605,BIGUX,KWE,B330,CN-2605-SGMRN-G470/Y1-TAMOT,SGMRN-G470/Y1-TAMOT,5
CN,2605,BIGUX,KWE,B330,CN-2605-SGMRN-G470/Y1-TAMOT,SGMRN-G470/Y1-TAMOT,16
CN,2605,BIGUX,KWE,B330,CN-2605-SGMRN-G470/Y1-VHHH,SGMRN-G470/Y1-VHHH,5
CN,2605,BIGUX,KWE,B330,CN-2605-SGMRN-G470/Y1-VHHH,SGMRN-G470/Y1-VHHH,16
CN,2605,BIGUX,KWE,B330,CN-2605-SM-TAMOT,SM-TAMOT,5
CN,2605,BIGUX,KWE,B330,CN-2605-SM-VHHH,SM-VHHH,5
CN,2605,BIGUX,KWE,B330,CN-2605-SRK-L888-TAMOT,SRK-L888-TAMOT,5
CN,2605,BIGUX,KWE,B330,CN-2605-SRK-L888-VHHH,SRK-L888-VHHH,5
CN,2605,BIGUX,KWE,B330,CN-2605-SRK-TAMOT,SRK-TAMOT,5
CN,2605,BIGUX,KWE,B330,CN-2605-SRK-TAMOT,SRK-TAMOT,15
CN,2605,BIGUX,KWE,B330,CN-2605-SRK-TAMOT,SRK-TAMOT,25
CN,2605,BIGUX,KWE,B330,CN-2605-SRK-VHHH,SRK-VHHH,5
CN,2605,BIGUX,KWE,B330,CN-2605-SRK-VHHH,SRK-VHHH,15
CN,2605,BIGUX,KWE,B330,CN-2605-SRK-VHHH,SRK-VHHH,25
CN,2605,BIGUX,KWE,B330,CN-2605-SRK-Y1-TAMOT,SRK-Y1-TAMOT,5
CN,2605,BIGUX,KWE,B330,CN-2605-SRK-Y1-VHHH,SRK-Y1-VHHH,5
CN,2605,BIGUX,KWE,B330,CN-2605-SRKL-VHHH,SRKL-VHHH,14
CN,2605,BIGUX,KWE,B330,CN-2605-SRKL-VHHH,SRKL-VHHH,24
CN,2605,BIGUX,KWE,B330,CN-2605-SRKL-W191-TAMOT,SRKL-W191-TAMOT,5
CN,2605,BIGUX,KWE,B330,CN-2605-SRKL-W191-TAMOT,SRKL-W191-TAMOT,15
CN,2605,BIGUX,KWE,B330,CN-2605-SRKL-W191-TAMOT,SRKL-W191-TAMOT,25
CN,2605,BIGUX,KWE,B330,CN-2605-SRKL-W191-VHHH,SRKL-W191-VHHH,5
CN,2605,BIGUX,KWE,B330,CN-2605-SRKL-W191-VHHH,SRKL-W191-VHHH,15
CN,2605,BIGUX,KWE,B330,CN-2605-SRKL-W191-VHHH,SRKL-W191-VHHH,25
CN,2605,BIGUX,KWE,B330,CN-2605-SRKL-W191/L888-TAMOT,SRKL-W191/L888-TAMOT,5
CN,2605,BIGUX,KWE,B330,CN-2605-SRKL-W191/L888-VHHH,SRKL-W191/L888-VHHH,5
CN,2605,BIGUX,KWE,B330,CN-2605-SRKL-W191/Y1-TAMOT,SRKL-W191/Y1-TAMOT,5
CN,2605,BIGUX,KWE,B330,CN-2605-SRKL-W191/Y1-VHHH,SRKL-W191/Y1-VHHH,5
CN,2605,BIGUX,KWE,B330,CN-2605-SRL-VHHH,SRL-VHHH,14
CN,2605,BIGUX,KWE,B330,CN-2605-SRL-W191-TAMOT,SRL-W191-TAMOT,5
CN,2605,BIGUX,KWE,B330,CN-2605-SRL-W191-TAMOT,SRL-W191-TAMOT,15
CN,2605,BIGUX,KWE,B330,CN-2605-SRL-W191-VHHH,SRL-W191-VHHH,5
CN,2605,BIGUX,KWE,B330,CN-2605-SRL-W191-VHHH,SRL-W191-VHHH,15
CN,2605,BIGUX,KWE,B330,CN-2605-SRL-W191/L888-TAMOT,SRL-W191/L888-TAMOT,5
CN,2605,BIGUX,KWE,B330,CN-2605-SRL-W191/L888-VHHH,SRL-W191/L888-VHHH,5
CN,2605,BIGUX,KWE,B330,CN-2605-SRL-W191/Y1-TAMOT,SRL-W191/Y1-TAMOT,5
CN,2605,BIGUX,KWE,B330,CN-2605-SRL-W191/Y1-VHHH,SRL-W191/Y1-VHHH,5
CN,2605,BIGUX,KWE,B330,CN-2605-ZLXN-RCTP-01,ZLXN-RCTP-01,2
CN,2605,BIGUX,KWE,B330,CN-2605-ZLXN-TAMOT-01,ZLXN-TAMOT-01,2
CN,2605,BIGUX,KWE,B330,CN-2605-ZWWW-VHHH-01,ZWWW-VHHH-01,7
CN,2605,BIGUX,KWE,B330,CN-2605-ZWWW-VMMC-01,ZWWW-VMMC-01,7
CN,2605,BIGUX,MEXAD,B330,CN-2605-AGVUT-ZUTF-01R,AGVUT-ZUTF-01R,7
CN,2605,BIGUX,MEXAD,B330,CN-2605-GOPTO-ZUUU-01,GOPTO-ZUUU-01,6
CN,2605,BIGUX,MEXAD,B330,CN-2605-GOPTO-ZUUU-02,GOPTO-ZUUU-02,7
CN,2605,BIGUX,MEXAD,B330,CN-2605-KAMUD-ZUTF-01,KAMUD-ZUTF-01,6
CN,2605,BIGUX,MEXAD,B330,CN-2605-KAMUD-ZUTF-03,KAMUD-ZUTF-03,6
CN,2605,BIGUX,MEXAD,B330,CN-2605-KAMUD-ZUUU-01,KAMUD-ZUUU-01,6
CN,2605,BIGUX,MEXAD,B330,CN-2605-RULAD-ZUTF-01,RULAD-ZUTF-01,6
CN,2605,BIGUX,MEXAD,B330,CN-2605-RULAD-ZUUU-01,RULAD-ZUUU-01,6
CN,2605,BIGUX,MEXAD,B330,CN-2605-SARIN-ZUTF-01,SARIN-ZUTF-01,5
CN,2605,BIGUX,MEXAD,B330,CN-2605-SARIN-ZUUU-01,SARIN-ZUUU-01,5
CN,2605,BIGUX,OVRAL,B330,CN-2605-KAMUD-ZUCK-01,KAMUD-ZUCK-01,6
CN,2605,BIGUX,OVRAL,B330,CN-2605-PURPA-ZUCK-01,PURPA-ZUCK-01,5
CN,2605,BIGUX,OVRAL,B330,CN-2605-RULAD-ZUCK-01,RULAD-ZUCK-01,6
CN,2605,BIGUX,OVRAL,B330,CN-2605-SARIN-ZUCK-01,SARIN-ZUCK-01,5
CN,2605,BIGUX,QNX,B330,CN-2605-SARIN-ZUGY-02,SARIN-ZUGY-02,5
CN,2605,BIGUX,SJG,B330,CN-2605-SARIN-G470-TEBAK,SARIN-G470-TEBAK,5
CN,2605,BIGUX,UBKER,B330,CN-2605-GOPTO-ZPPP-01,GOPTO-ZPPP-01,7
CN,2605,BIGUX,UBKER,B330,CN-2605-KAMUD-SAGAG,KAMUD-SAGAG,6
CN,2605,BIGUX,UBKER,B330,CN-2605-RULAD-G470-SAGAG,RULAD-G470-SAGAG,6
CN,2605,BIGUX,UBKER,B330,CN-2605-RULAD-LINSO,RULAD-LINSO,6
CN,2605,BIGUX,UBKER,B330,CN-2605-SARIN-G470-SAGAG,SARIN-G470-SAGAG,5
CN,2605,BIGUX,UBKER,B330,CN-2605-SARIN-LINSO,SARIN-LINSO,5
CN,2605,BIGUX,UBKER,B330,CN-2605-SARIN-ZPPP-01,SARIN-ZPPP-01,5
CN,2605,BIGUX,UBKER,B330,CN-2605-ZLXN-SAGAG-01,ZLXN-SAGAG-01,2
CN,2605,BIGUX,UBKER,B330,CN-2605-ZWWW-SAGAG-02,ZWWW-SAGAG-02,7
CN,2605,BIGUX,VIMAM,B330,CN-2605-KAMUD-ZSNJ-01,KAMUD-ZSNJ-01,6
CN,2605,BIGUX,VIMAM,B330,CN-2605-SARIN-ZSCN-01,SARIN-ZSCN-01,5
CN,2605,BIGUX,VIMAM,B330,CN-2605-SARIN-ZSNJ-01,SARIN-ZSNJ-01,5
CN,2605,BIKUT,GUVBA,W69,CN-2605-INTIK-ZBAA-01,INTIK-ZBAA-01,3
CN,2605,BIKUT,GUVBA,W69,CN-2605-INTIK-ZBTJ-01,INTIK-ZBTJ-01,3
CN,2605,BIKUT,GUVBA,W69,CN-2605-POLHO-ZBAA-01,POLHO-ZBAA-01,3
CN,2605,BIPIM,NIXAL,B208,CN-2605-ZSOF-NIXAL-01,ZSOF-NIXAL-01,1
CN,2605,BIPIP,OMBON,W179,CN-2605-ZUGY-MORIT-01,ZUGY-MORIT-01,1
CN,2605,BIPIP,OMBON,W179,CN-2605-ZUGY-SARIN-01,ZUGY-SARIN-01,1
CN,2605,BIPIP,OMBON,W179,CN-2605-ZUGY-SARIN-02,ZUGY-SARIN-02,1
CN,2605,BIPIP,QNX,A581,CN-2605-BEKOL-G470-SRKL,BEKOL-G470-SRKL,50
CN,2605,BIPIP,QNX,A581,CN-2605-BEKOL-G470-SRL,BEKOL-G470-SRL,35
CN,2605,BIPIP,QNX,A581,CN-2605-BEKOL-G470/L888-SRKL,BEKOL-G470/L888-SRKL,39
CN,2605,BIPIP,QNX,A581,CN-2605-BEKOL-G470/L888-SRL,BEKOL-G470/L888-SRL,30
CN,2605,BIPIP,QNX,A581,CN-2605-BEKOL-G470/Y1-SRKL,BEKOL-G470/Y1-SRKL,39
CN,2605,BIPIP,QNX,A581,CN-2605-BEKOL-G470/Y1-SRL,BEKOL-G470/Y1-SRL,30
CN,2605,BIPIP,QNX,A581,CN-2605-BEKOL-SRKL,BEKOL-SRKL,42
CN,2605,BIPIP,QNX,A581,CN-2605-BEKOL-SRL,BEKOL-SRL,30
CN,2605,BIPIP,QNX,A581,CN-2605-ZUGY-KATBO-01,ZUGY-KATBO-01,1
CN,2605,BIPIP,QNX,A581,CN-2605-ZUGY-LINSO-01,ZUGY-LINSO-01,1
CN,2605,BIPIP,QNX,A581,CN-2605-ZUGY-SAGAG-01,ZUGY-SAGAG-01,1
CN,2605,BIRIR,OBLUV,W226,CN-2605-ZSCN-POLHO-01,ZSCN-POLHO-01,1
CN,2605,BIRIR,OLTUS,W226,CN-2605-ZSCN-TEBAK-01,ZSCN-TEBAK-01,1
CN,2605,BISAL,BIVAT,W175,CN-2605-ZBYN-RCKH-01,ZBYN-RCKH-01,1
CN,2605,BISAL,BIVAT,W175,CN-2605-ZBYN-RCMQ-01,ZBYN-RCMQ-01,1
CN,2605,BISAL,BIVAT,W175,CN-2605-ZBYN-RCTP-01,ZBYN-RCTP-01,1
CN,2605,BISAL,BIVAT,W175,CN-2605-ZBYN-RCYU-01,ZBYN-RCYU-01,1
CN,2605,BISAL,BIVAT,W175,CN-2605-ZBYN-TAMOT-01,ZBYN-TAMOT-01,1
CN,2605,BISAL,BIVAT,W175,CN-2605-ZBYN-VHHH-01,ZBYN-VHHH-01,1
CN,2605,BISAL,BIVAT,W175,CN-2605-ZBYN-VMMC-01,ZBYN-VMMC-01,1
CN,2605,BISUN,HLD,B451,CN-2605-BISUN-TELOK,BISUN-TELOK,1
CN,2605,BISUN,KETOV,B451,CN-2605-BISUN-ZYHB-01,BISUN-ZYHB-01,1
CN,2605,BISUN,UGABI,B451,CN-2605-BISUN-ZYMD-01,BISUN-ZYMD-01,1
CN,2605,BISUN,WQG,B451,CN-2605-BISUN-AGAVO,BISUN-AGAVO,1
CN,2605,BISUN,WQG,B451,CN-2605-BISUN-LINSO,BISUN-LINSO,1
CN,2605,BISUN,WQG,B451,CN-2605-BISUN-SAGAG,BISUN-SAGAG,1
CN,2605,BISUN,WQG,B451,CN-2605-BISUN-TEBAK,BISUN-TEBAK,1
CN,2605,BISUN,WQG,B451,CN-2605-BISUN-VHHH,BISUN-VHHH,1
CN,2605,BISUN,WQG,B451,CN-2605-BISUN-VMMC,BISUN-VMMC,1
CN,2605,BISUN,WQG,B451,CN-2605-BISUN-ZBAA-01,BISUN-ZBAA-01,1
CN,2605,BISUN,WQG,B451,CN-2605-BISUN-ZBAD-01,BISUN-ZBAD-01,1
CN,2605,BISUN,WQG,B451,CN-2605-BISUN-ZBTJ-01,BISUN-ZBTJ-01,1
CN,2605,BISUN,WQG,B451,CN-2605-BISUN-ZGHA-01,BISUN-ZGHA-01,1
CN,2605,BISUN,WQG,B451,CN-2605-BISUN-ZGSZ-01,BISUN-ZGSZ-01,1
CN,2605,BISUN,WQG,B451,CN-2605-BISUN-ZHCC-01,BISUN-ZHCC-01,1
CN,2605,BISUN,WQG,B451,CN-2605-BISUN-ZHHH-01,BISUN-ZHHH-01,1
CN,2605,BISUN,WQG,B451,CN-2605-BISUN-ZJSY-01,BISUN-ZJSY-01,1
CN,2605,BISUN,WQG,B451,CN-2605-BISUN-ZSNJ-01,BISUN-ZSNJ-01,1
CN,2605,BISUN,WQG,B451,CN-2605-BISUN-ZSPD-01,BISUN-ZSPD-01,1
CN,2605,BISUN,WQG,B451,CN-2605-BISUN-ZYCC-01,BISUN-ZYCC-01,1
CN,2605,BISUN,WQG,B451,CN-2605-BISUN-ZYTL-01,BISUN-ZYTL-01,1
CN,2605,BISUN,WQG,B451,CN-2605-BISUN-ZYTX-01,BISUN-ZYTX-01,1
CN,2605,BIVAT,PADNO,W210,CN-2605-ZBYN-RCKH-01,ZBYN-RCKH-01,2
CN,2605,BIVAT,PADNO,W210,CN-2605-ZBYN-RCMQ-01,ZBYN-RCMQ-01,2
CN,2605,BIVAT,PADNO,W210,CN-2605-ZBYN-RCTP-01,ZBYN-RCTP-01,2
CN,2605,BIVAT,PADNO,W210,CN-2605-ZBYN-RCYU-01,ZBYN-RCYU-01,2
CN,2605,BIVAT,PADNO,W210,CN-2605-ZBYN-TAMOT-01,ZBYN-TAMOT-01,2
CN,2605,BIVAT,PADNO,W210,CN-2605-ZBYN-VHHH-01,ZBYN-VHHH-01,2
CN,2605,BIVAT,PADNO,W210,CN-2605-ZBYN-VMMC-01,ZBYN-VMMC-01,2
CN,2605,BIVAV,DYG,W138,CN-2605-VHHH-ZGDY-01,VHHH-ZGDY-01,5
CN,2605,BIVAV,DYG,W138,CN-2605-ZGHA-LINSO-01,ZGHA-LINSO-01,3
CN,2605,BIVIP,PK,R343,CN-2605-ZHHH-LAMEN-01,ZHHH-LAMEN-01,1
CN,2605,BIVIP,UPLEL,R343,CN-2605-ZHHH-RCKH-01,ZHHH-RCKH-01,1
CN,2605,BIVIP,UPLEL,R343,CN-2605-ZHHH-RCNN-01,ZHHH-RCNN-01,1
CN,2605,BIVIP,UPLEL,R343,CN-2605-ZHHH-RCSS-01,ZHHH-RCSS-01,1
CN,2605,BIVIP,UPLEL,R343,CN-2605-ZHHH-RCTP-01,ZHHH-RCTP-01,1
CN,2605,BIVIP,UPLEL,R343,CN-2605-ZHHH-RCYU-01,ZHHH-RCYU-01,1
CN,2605,BK,SHZ,W58,CN-2605-ZSNB-TEBAK-02,ZSNB-TEBAK-02,1
CN,2605,BODUV,EMVIL,W102,CN-2605-ZUGY-ARGUK-01,ZUGY-ARGUK-01,4
CN,2605,BOKIR,OMBON,W179,CN-2605-ZUTF-AGVUT-01R,ZUTF-AGVUT-01R,1
CN,2605,BOKIR,OMBON,W179,CN-2605-ZUTF-KAMUD-01,ZUTF-KAMUD-01,1
CN,2605,BOKIR,OMBON,W179,CN-2605-ZUTF-KAMUD-02,ZUTF-KAMUD-02,1
CN,2605,BOKIR,OMBON,W179,CN-2605-ZUTF-KAMUD-03,ZUTF-KAMUD-03,1
CN,2605,BOKIR,OMBON,W179,CN-2605-ZUTF-KAMUD-04,ZUTF-KAMUD-04,1
CN,2605,BOKIR,OMBON,W179,CN-2605-ZUTF-MORIT-01,ZUTF-MORIT-01,1
CN,2605,BOKIR,OMBON,W179,CN-2605-ZUTF-PURPA-01,ZUTF-PURPA-01,1
CN,2605,BOKIR,OMBON,W179,CN-2605-ZUTF-RULAD-01,ZUTF-RULAD-01,1
CN,2605,BOKIR,OMBON,W179,CN-2605-ZUTF-SARIN-01,ZUTF-SARIN-01,1
CN,2605,BOKIR,OMBON,W179,CN-2605-ZUTF-SARIN-02,ZUTF-SARIN-02,1
CN,2605,BOKIR,OMBON,W179,CN-2605-ZUUU-GOPTO-01,ZUUU-GOPTO-01,1
CN,2605,BOKIR,OMBON,W179,CN-2605-ZUUU-GOPTO-02,ZUUU-GOPTO-02,1
CN,2605,BOKIR,OMBON,W179,CN-2605-ZUUU-KAMUD-01,ZUUU-KAMUD-01,1
CN,2605,BOKIR,OMBON,W179,CN-2605-ZUUU-KAMUD-02,ZUUU-KAMUD-02,1
CN,2605,BOKIR,OMBON,W179,CN-2605-ZUUU-MORIT-01,ZUUU-MORIT-01,1
CN,2605,BOKIR,OMBON,W179,CN-2605-ZUUU-PURPA-01,ZUUU-PURPA-01,1
CN,2605,BOKIR,OMBON,W179,CN-2605-ZUUU-RULAD-01,ZUUU-RULAD-01,1
CN,2605,BOKIR,OMBON,W179,CN-2605-ZUUU-SARIN-01,ZUUU-SARIN-01,1
CN,2605,BOKIR,OMBON,W179,CN-2605-ZUUU-SARIN-02,ZUUU-SARIN-02,1
CN,2605,BOLEX,KASKA,B591,CN-2605-ZBAA-RCKH-01,ZBAA-RCKH-01,6
CN,2605,BOLEX,KASKA,B591,CN-2605-ZBAA-RCTP-01,ZBAA-RCTP-01,6
CN,2605,BOLEX,KASKA,B591,CN-2605-ZBAA-RCYU-01,ZBAA-RCYU-01,6
CN,2605,BOLEX,KASKA,B591,CN-2605-ZBTJ-RCBS-01,ZBTJ-RCBS-01,6
CN,2605,BOLEX,KASKA,B591,CN-2605-ZBTJ-RCFN-01,ZBTJ-RCFN-01,6
CN,2605,BOLEX,KASKA,B591,CN-2605-ZBTJ-RCKH-01,ZBTJ-RCKH-01,6
CN,2605,BOLEX,KASKA,B591,CN-2605-ZBTJ-RCMQ-01,ZBTJ-RCMQ-01,6
CN,2605,BOLEX,KASKA,B591,CN-2605-ZBTJ-RCNN-01,ZBTJ-RCNN-01,6
CN,2605,BOLEX,KASKA,B591,CN-2605-ZBTJ-RCSS-01,ZBTJ-RCSS-01,6
CN,2605,BOLEX,KASKA,B591,CN-2605-ZBTJ-RCTP-01,ZBTJ-RCTP-01,6
CN,2605,BOLEX,KASKA,B591,CN-2605-ZBTJ-RCYU-01,ZBTJ-RCYU-01,6
CN,2605,BOLEX,KASKA,B591,CN-2605-ZSJN-RCKH-01,ZSJN-RCKH-01,4
CN,2605,BOLEX,KASKA,B591,CN-2605-ZSJN-RCMQ-01,ZSJN-RCMQ-01,4
CN,2605,BOLEX,KASKA,B591,CN-2605-ZSJN-RCTP-01,ZSJN-RCTP-01,4
CN,2605,BOLEX,KASKA,B591,CN-2605-ZSJN-RCYU-01,ZSJN-RCYU-01,4
CN,2605,BOLEX,KASKA,B591,CN-2605-ZSPD-RCKH-01,ZSPD-RCKH-01,1
CN,2605,BOLEX,KASKA,B591,CN-2605-ZSPD-RCMQ-01,ZSPD-RCMQ-01,1
CN,2605,BOLEX,KASKA,B591,CN-2605-ZSPD-RCSS-01,ZSPD-RCSS-01,1
CN,2605,BOLEX,KASKA,B591,CN-2605-ZSPD-RCTP-01,ZSPD-RCTP-01,1
CN,2605,BOLEX,KASKA,B591,CN-2605-ZSPD-RCYU-01,ZSPD-RCYU-01,1
CN,2605,BOLEX,KASKA,B591,CN-2605-ZSQD-RCKH-01,ZSQD-RCKH-01,5
CN,2605,BOLEX,KASKA,B591,CN-2605-ZSQD-RCMQ-01,ZSQD-RCMQ-01,5
CN,2605,BOLEX,KASKA,B591,CN-2605-ZSQD-RCTP-01,ZSQD-RCTP-01,5
CN,2605,BOLEX,KASKA,B591,CN-2605-ZSQD-RCYU-01,ZSQD-RCYU-01,5
CN,2605,BOLEX,KASKA,B591,CN-2605-ZSSS-RCSS-02,ZSSS-RCSS-02,1
CN,2605,BOLEX,KASKA,B591,CN-2605-ZSYA-RCTP-01,ZSYA-RCTP-01,7
CN,2605,BOLEX,MIGOL,B591,CN-2605-ZSPD-APITO-01,ZSPD-APITO-01,1
CN,2605,BONGI,LAMEN,G327,CN-2605-ZSPD-LAMEN-01,ZSPD-LAMEN-01,1
CN,2605,BONGI,LAMEN,G327,CN-2605-ZSSS-LAMEN-01,ZSSS-LAMEN-01,1
CN,2605,BOTKI,DKO,W270,CN-2605-AGVUT-ZBAA-02R,AGVUT-ZBAA-02R,6
CN,2605,BOTKI,DKO,W270,CN-2605-PURPA-W112-AGAVO,PURPA-W112-AGAVO,5
CN,2605,BOTKI,DKO,W270,CN-2605-PURPA-ZBAA-01,PURPA-ZBAA-01,5
CN,2605,BOTKI,DKO,W270,CN-2605-PURPA-ZBAA-02,PURPA-ZBAA-02,5
CN,2605,BOTKI,DKO,W270,CN-2605-PURPA-ZBAD-01,PURPA-ZBAD-01,5
CN,2605,BOTKI,DKO,W270,CN-2605-PURPA-ZBAD-02,PURPA-ZBAD-02,5
CN,2605,BOTKI,DKO,W270,CN-2605-PURPA-ZBTJ-01,PURPA-ZBTJ-01,5
CN,2605,BOTKI,DKO,W270,CN-2605-PURPA-ZBTJ-02,PURPA-ZBTJ-02,5
CN,2605,BOTKI,DKO,W270,CN-2605-PURPA-ZSPD-01,PURPA-ZSPD-01,5
CN,2605,BOTKI,DKO,W270,CN-2605-PURPA-ZSPD-02,PURPA-ZSPD-02,5
CN,2605,BOTKI,DKO,W270,CN-2605-PURPA-ZSPD-03,PURPA-ZSPD-03,5
CN,2605,BOTKI,DKO,W270,CN-2605-PURPA-ZSPD-04,PURPA-ZSPD-04,5
CN,2605,BOTKI,DKO,W270,CN-2605-PURPA-ZSSS-01,PURPA-ZSSS-01,5
CN,2605,BOTKI,DKO,W270,CN-2605-PURPA-ZSSS-02,PURPA-ZSSS-02,5
CN,2605,BOTKI,DKO,W270,CN-2605-PURPA-ZYTL-01,PURPA-ZYTL-01,5
CN,2605,BOTKI,DKO,W270,CN-2605-PURPA-ZYTL-02,PURPA-ZYTL-02,5
CN,2605,BOTKI,DKO,W270,CN-2605-ZLDH-AGAVO-01,ZLDH-AGAVO-01,3
CN,2605,BOTKI,NOLOM,W270,CN-2605-PURPA-W112-SAGAG,PURPA-W112-SAGAG,5
CN,2605,BOTKI,NOLOM,W270,CN-2605-ZLDH-SAGAG-01,ZLDH-SAGAG-01,3
CN,2605,BOVMA,OMDUP,W41,CN-2605-ZGGG-LAMEN-01,ZGGG-LAMEN-01,1
CN,2605,BOVMA,OMDUP,W41,CN-2605-ZGGG-TOMUK-01,ZGGG-TOMUK-01,1
CN,2605,BSE,BHY,R339,CN-2605-LINSO-ZJHK-01,LINSO-ZJHK-01,2
CN,2605,BSE,BHY,R339,CN-2605-LINSO-ZJSY-01,LINSO-ZJSY-01,2
CN,2605,BSE,GODUL,A599,CN-2605-VHHH-ZPJH-01,VHHH-ZPJH-01,2
CN,2605,BSE,GULOT,A599,CN-2605-RCTP-ZPLJ-01,RCTP-ZPLJ-01,3
CN,2605,BSE,LINSO,A599,CN-2605-SIKOU-LINSO,SIKOU-LINSO,2
CN,2605,BSE,LINSO,A599,CN-2605-VMMC-LINSO,VMMC-LINSO,3
CN,2605,BSE,LINSO,A599,CN-2605-ZGGG-LINSO-01,ZGGG-LINSO-01,4
CN,2605,BSE,LINSO,A599,CN-2605-ZGNN-LINSO-01,ZGNN-LINSO-01,2
CN,2605,BSE,LINSO,A599,CN-2605-ZGSZ-LINSO-01,ZGSZ-LINSO-01,4
CN,2605,BSE,LINSO,A599,CN-2605-ZJHK-LINSO-01,ZJHK-LINSO-01,3
CN,2605,BSE,LINSO,A599,CN-2605-ZJSY-LINSO-01,ZJSY-LINSO-01,5
CN,2605,BSE,LINSO,A599,CN-2605-ZSAM-LINSO-01,ZSAM-LINSO-01,5
CN,2605,BSE,LINSO,A599,CN-2605-ZSFZ-LINSO-01,ZSFZ-LINSO-01,5
CN,2605,BSE,LXI,A599,CN-2605-RCBS-ZPPP-01,RCBS-ZPPP-01,3
CN,2605,BSE,LXI,A599,CN-2605-RCKH-ZPPP-01,RCKH-ZPPP-01,3
CN,2605,BSE,LXI,A599,CN-2605-RCMQ-ZPPP-01,RCMQ-ZPPP-01,3
CN,2605,BSE,LXI,A599,CN-2605-RCTP-ZPPP-01,RCTP-ZPPP-01,3
CN,2605,BSE,LXI,A599,CN-2605-RCYU-ZPPP-01,RCYU-ZPPP-01,3
CN,2605,BSE,LXI,A599,CN-2605-SIKOU-ZPPP-01,SIKOU-ZPPP-01,2
CN,2605,BSE,LXI,A599,CN-2605-VHHH-ZPPP-01,VHHH-ZPPP-01,2
CN,2605,BSE,LXI,A599,CN-2605-VMMC-ZPPP-01,VMMC-ZPPP-01,3
CN,2605,BSE,SGM,A599,CN-2605-SIKOU-SARIN,SIKOU-SARIN,2
CN,2605,BSE,SIKOU,R339,CN-2605-ZPPP-SIKOU-01,ZPPP-SIKOU-01,2
CN,2605,BSE,UVUNO,R339,CN-2605-LINSO-ZGNN-01,LINSO-ZGNN-01,2
CN,2605,BUBDA,DUGEB,W56,CN-2605-BEKOL-ZBAA-01,BEKOL-ZBAA-01,2
CN,2605,BUBDA,DUGEB,W56,CN-2605-VHHH-ZBAA-01,VHHH-ZBAA-01,2
CN,2605,BUBDA,DUGEB,W56,CN-2605-VMMC-ZBAA-01,VMMC-ZBAA-01,5
CN,2605,BUBDA,GUVRI,W56,CN-2605-BEKOL-ZBTJ-01,BEKOL-ZBTJ-01,2
CN,2605,BUBDA,GUVRI,W56,CN-2605-VHHH-ZBTJ-01,VHHH-ZBTJ-01,2
CN,2605,BUBDA,GUVRI,W56,CN-2605-VMMC-ZBTJ-01,VMMC-ZBTJ-01,5
CN,2605,BUBDA,IDPOG,W56,CN-2605-BEKOL-ZSLY-01,BEKOL-ZSLY-01,2
CN,2605,BUBDA,IDPOG,W56,CN-2605-BEKOL-ZSOF-01,BEKOL-ZSOF-01,2
CN,2605,BUBDA,IDPOG,W56,CN-2605-BEKOL-ZSSH-01,BEKOL-ZSSH-01,2
CN,2605,BUBDA,IDPOG,W56,CN-2605-BEKOL-ZSYA-01,BEKOL-ZSYA-01,2
CN,2605,BUBDA,IDPOG,W56,CN-2605-VHHH-ZSOF-01,VHHH-ZSOF-01,2
CN,2605,BUBDA,IDPOG,W56,CN-2605-VMMC-ZSOF-01,VMMC-ZSOF-01,5
CN,2605,BUBDA,IGMIG,W56,CN-2605-BEKOL-ZHCC-01,BEKOL-ZHCC-01,2
CN,2605,BUBDA,IGMIG,W56,CN-2605-VHHH-ZHCC-01,VHHH-ZHCC-01,2
CN,2605,BUBDA,IGMIG,W56,CN-2605-VMMC-ZHCC-01,VMMC-ZHCC-01,5
CN,2605,BUBDA,OBLUV,W56,CN-2605-VHHH-ZGDY-01,VHHH-ZGDY-01,2
CN,2605,BUBDA,OBMEP,W56,CN-2605-BEKOL-APSMS,BEKOL-APSMS,9
CN,2605,BUBDA,OBMEP,W56,CN-2605-BEKOL-G470-SGMN,BEKOL-G470-SGMN,37
CN,2605,BUBDA,OBMEP,W56,CN-2605-BEKOL-G470-SGMRN,BEKOL-G470-SGMRN,52
CN,2605,BUBDA,OBMEP,W56,CN-2605-BEKOL-G470/L888-SGMRN,BEKOL-G470/L888-SGMRN,47
CN,2605,BUBDA,OBMEP,W56,CN-2605-BEKOL-G470/Y1-SGMRN,BEKOL-G470/Y1-SGMRN,47
CN,2605,BUBDA,OBMEP,W56,CN-2605-BEKOL-INTIK,BEKOL-INTIK,2
CN,2605,BUBDA,OBMEP,W56,CN-2605-BEKOL-MN,BEKOL-MN,10
CN,2605,BUBDA,OBMEP,W56,CN-2605-BEKOL-NIXAL,BEKOL-NIXAL,2
CN,2605,BUBDA,OBMEP,W56,CN-2605-BEKOL-POLHO,BEKOL-POLHO,2
CN,2605,BUBDA,OBMEP,W56,CN-2605-BEKOL-SGMN,BEKOL-SGMN,34
CN,2605,BUBDA,OBMEP,W56,CN-2605-BEKOL-ZBHH-01,BEKOL-ZBHH-01,2
CN,2605,BUBDA,OBMEP,W56,CN-2605-BEKOL-ZBYN-01,BEKOL-ZBYN-01,2
CN,2605,BUBDA,OBMEP,W56,CN-2605-VHHH-ZBDS-01,VHHH-ZBDS-01,2
CN,2605,BUBDA,OBMEP,W56,CN-2605-VHHH-ZBDT-01,VHHH-ZBDT-01,2
CN,2605,BUBDA,OBMEP,W56,CN-2605-VHHH-ZBHH-01,VHHH-ZBHH-01,2
CN,2605,BUBDA,OBMEP,W56,CN-2605-VHHH-ZBYN-01,VHHH-ZBYN-01,2
CN,2605,BUBDA,OBMEP,W56,CN-2605-VMMC-ZBYN-01,VMMC-ZBYN-01,5
CN,2605,BUBDA,OBMEP,W56,CN-2605-ZGGG-INTIK-01,ZGGG-INTIK-01,2
CN,2605,BUBDA,OBMEP,W56,CN-2605-ZGGG-NIXAL-01,ZGGG-NIXAL-01,2
CN,2605,BUBDA,OBMEP,W56,CN-2605-ZGGG-POLHO-01,ZGGG-POLHO-01,2
CN,2605,BUBDA,OBMEP,W56,CN-2605-ZGSZ-INTIK-01,ZGSZ-INTIK-01,4
CN,2605,BUBDA,OBMEP,W56,CN-2605-ZGSZ-NIXAL-01,ZGSZ-NIXAL-01,4
CN,2605,BUBDA,OBMEP,W56,CN-2605-ZGSZ-POLHO-01,ZGSZ-POLHO-01,4
CN,2605,BUBDA,OBMEP,W56,CN-2605-ZJSY-NIXAL-01,ZJSY-NIXAL-01,5
CN,2605,BUBDA,OBMEP,W56,CN-2605-ZJSY-POLHO-01,ZJSY-POLHO-01,5
CN,2605,BUBDA,ORODO,W56,CN-2605-BEKOL-ZBAD-01,BEKOL-ZBAD-01,2
CN,2605,BUBDA,ORODO,W56,CN-2605-BEKOL-ZBSJ-01,BEKOL-ZBSJ-01,2
CN,2605,BUBDA,ORODO,W56,CN-2605-VHHH-ZBAD-01,VHHH-ZBAD-01,2
CN,2605,BUBDA,ORODO,W56,CN-2605-VHHH-ZBSJ-01,VHHH-ZBSJ-01,2
CN,2605,BUBDA,ORODO,W56,CN-2605-VMMC-ZBAD-01,VMMC-ZBAD-01,5
CN,2605,BUBDA,ORODO,W56,CN-2605-VMMC-ZBSJ-01,VMMC-ZBSJ-01,5
CN,2605,BUBDA,UPMAT,W56,CN-2605-BEKOL-ZHEC-01,BEKOL-ZHEC-01,2
CN,2605,BUBDA,UPMAT,W56,CN-2605-BEKOL-ZHHH-01,BEKOL-ZHHH-01,2
CN,2605,BUBDA,UPMAT,W56,CN-2605-RCKH-ZHHH-02,RCKH-ZHHH-02,2
CN,2605,BUBDA,UPMAT,W56,CN-2605-RCQC-ZHHH-01,RCQC-ZHHH-01,2
CN,2605,BUBDA,UPMAT,W56,CN-2605-VHHH-ZHEC-01,VHHH-ZHEC-01,2
CN,2605,BUBDA,UPMAT,W56,CN-2605-VHHH-ZHHH-01,VHHH-ZHHH-01,2
CN,2605,BUBDA,UPMAT,W56,CN-2605-VMMC-ZHHH-01,VMMC-ZHHH-01,5
CN,2605,BUBDA,VADMO,W56,CN-2605-BEKOL-ZSJN-01,BEKOL-ZSJN-01,2
CN,2605,BUBDA,VADMO,W56,CN-2605-BEKOL-ZSYT-01,BEKOL-ZSYT-01,2
CN,2605,BUBDA,VADMO,W56,CN-2605-BEKOL-ZYTL-01,BEKOL-ZYTL-01,2
CN,2605,BUBDA,VADMO,W56,CN-2605-VHHH-ZSJN-01,VHHH-ZSJN-01,2
CN,2605,BUBDA,VADMO,W56,CN-2605-VHHH-ZYTL-01,VHHH-ZYTL-01,2
CN,2605,BUBDA,VYK,W56,CN-2605-BEKOL-APSMS,BEKOL-APSMS,2
CN,2605,BUBDA,VYK,W56,CN-2605-BEKOL-APSMS,BEKOL-APSMS,14
CN,2605,BUBDA,VYK,W56,CN-2605-BEKOL-ARGUK,BEKOL-ARGUK,2
CN,2605,BUBDA,VYK,W56,CN-2605-BEKOL-BISUN,BEKOL-BISUN,2
CN,2605,BUBDA,VYK,W56,CN-2605-BEKOL-SIMLI,BEKOL-SIMLI,2
CN,2605,BUBDA,VYK,W56,CN-2605-BEKOL-TOMUK,BEKOL-TOMUK,2
CN,2605,BUBDA,VYK,W56,CN-2605-BEKOL-ZYCC-01,BEKOL-ZYCC-01,2
CN,2605,BUBDA,VYK,W56,CN-2605-BEKOL-ZYHB-01,BEKOL-ZYHB-01,2
CN,2605,BUBDA,VYK,W56,CN-2605-BEKOL-ZYTX-01,BEKOL-ZYTX-01,2
CN,2605,BUBDA,VYK,W56,CN-2605-VHHH-ZBLA-01,VHHH-ZBLA-01,2
CN,2605,BUBDA,VYK,W56,CN-2605-VHHH-ZYCC-01,VHHH-ZYCC-01,2
CN,2605,BUBDA,VYK,W56,CN-2605-VHHH-ZYHB-01,VHHH-ZYHB-01,2
CN,2605,BUBDA,VYK,W56,CN-2605-VHHH-ZYTX-01,VHHH-ZYTX-01,2
CN,2605,BUBDA,VYK,W56,CN-2605-VMMC-ARGUK,VMMC-ARGUK,5
CN,2605,BUBDA,VYK,W56,CN-2605-VMMC-BISUN,VMMC-BISUN,5
CN,2605,BUBDA,VYK,W56,CN-2605-VMMC-GOLOT,VMMC-GOLOT,5
CN,2605,BUBDA,VYK,W56,CN-2605-VMMC-TOMUK,VMMC-TOMUK,5
CN,2605,BUBDA,VYK,W56,CN-2605-VMMC-ZYHB-01,VMMC-ZYHB-01,5
CN,2605,BUBDA,VYK,W56,CN-2605-VMMC-ZYTX-01,VMMC-ZYTX-01,5
CN,2605,BUBDA,VYK,W56,CN-2605-ZGGG-ARGUK-01,ZGGG-ARGUK-01,2
CN,2605,BUBDA,VYK,W56,CN-2605-ZGGG-SIMLI-01,ZGGG-SIMLI-01,2
CN,2605,BUBDA,VYK,W56,CN-2605-ZGSZ-ARGUK-01,ZGSZ-ARGUK-01,4
CN,2605,BUBDA,VYK,W56,CN-2605-ZGSZ-BISUN-01,ZGSZ-BISUN-01,4
CN,2605,BUBDA,VYK,W56,CN-2605-ZGSZ-SIMLI-01,ZGSZ-SIMLI-01,4
CN,2605,BUBDA,VYK,W56,CN-2605-ZJSY-ARGUK-01,ZJSY-ARGUK-01,5
CN,2605,BUBDA,VYK,W56,CN-2605-ZJSY-BISUN-01,ZJSY-BISUN-01,5
CN,2605,BUBDA,VYK,W56,CN-2605-ZJSY-SIMLI-01,ZJSY-SIMLI-01,5
CN,2605,BUBDI,SIMLI,A588,CN-2605-ZYHB-SIMLI-01,ZYHB-SIMLI-01,1
CN,2605,BUBDU,ANRUG,W276,CN-2605-AGAVO-ZUTF-02,AGAVO-ZUTF-02,4
CN,2605,BUBDU,ANRUG,W276,CN-2605-AGAVO-ZUUU-02,AGAVO-ZUUU-02,4
CN,2605,BUBSU,CEH,W162,CN-2605-LINSO-ZPLJ-01,LINSO-ZPLJ-01,3
CN,2605,BUBSU,CEH,W162,CN-2605-RCTP-ZPLJ-01,RCTP-ZPLJ-01,5
CN,2605,BUBSU,CEH,W162,CN-2605-SAGAG-ZPLJ-01,SAGAG-ZPLJ-01,4
CN,2605,BUBSU,DAL,W162,CN-2605-KATBO-ZPLJ-01,KATBO-ZPLJ-01,4
CN,2605,BUBSU,GULOT,W146,CN-2605-ZPLJ-KATBO-01,ZPLJ-KATBO-01,2
CN,2605,BUBSU,GULOT,W146,CN-2605-ZPLJ-LINSO-01,ZPLJ-LINSO-01,2
CN,2605,BUBSU,GULOT,W146,CN-2605-ZPLJ-RCTP-01,ZPLJ-RCTP-01,2
CN,2605,BUBSU,GULOT,W146,CN-2605-ZPLJ-SAGAG-01,ZPLJ-SAGAG-01,2
CN,2605,BUMDU,ASAVA,W47,CN-2605-BISUN-SAGAG,BISUN-SAGAG,4
CN,2605,BUMDU,ASAVA,W47,CN-2605-BISUN-TEBAK,BISUN-TEBAK,4
CN,2605,BUMDU,ASAVA,W47,CN-2605-GOLOT-TEBAK,GOLOT-TEBAK,5
CN,2605,BUMDU,ASAVA,W47,CN-2605-MAGIT-TEBAK,MAGIT-TEBAK,3
CN,2605,BUMDU,ASAVA,W47,CN-2605-MAGIT-ZUTF-01,MAGIT-ZUTF-01,3
CN,2605,BUMDU,ASAVA,W47,CN-2605-MAGIT-ZUUU-02,MAGIT-ZUUU-02,3
CN,2605,BUMDU,LOVRA,W47,CN-2605-MAGIT-ZLXY-01,MAGIT-ZLXY-01,3
CN,2605,BUMDU,LOVRA,W47,CN-2605-SIMLI-ZLXY-01,SIMLI-ZLXY-01,3
CN,2605,BUNTA,ANPIM,G221,CN-2605-BUNTA-ZJQH-01,BUNTA-ZJQH-01,1
CN,2605,BUNTA,IKELA,A1,CN-2605-BUNTA-ZGGG-01,BUNTA-ZGGG-01,1
CN,2605,BUNTA,IKELA,A1,CN-2605-BUNTA-ZGOW-01,BUNTA-ZGOW-01,1
CN,2605,BUNTA,IKELA,A1,CN-2605-BUNTA-ZSAM-01,BUNTA-ZSAM-01,1
CN,2605,BUNTA,IKELA,A1,CN-2605-BUNTA-ZSFZ-01,BUNTA-ZSFZ-01,1
CN,2605,BUNTA,IKELA,A1,CN-2605-BUNTA-ZSHC-01,BUNTA-ZSHC-01,1
CN,2605,BUNTA,IKELA,A1,CN-2605-BUNTA-ZSNB-01,BUNTA-ZSNB-01,1
CN,2605,BUNTA,SYX,G221,CN-2605-BUNTA-ZBAA-01,BUNTA-ZBAA-01,1
CN,2605,BUNTA,SYX,G221,CN-2605-BUNTA-ZBAD-01,BUNTA-ZBAD-01,1
CN,2605,BUNTA,SYX,G221,CN-2605-BUNTA-ZGNN-01,BUNTA-ZGNN-01,1
CN,2605,BUNTA,SYX,G221,CN-2605-BUNTA-ZGZJ-01,BUNTA-ZGZJ-01,1
CN,2605,BUNTA,SYX,G221,CN-2605-BUNTA-ZJHK-01,BUNTA-ZJHK-01,1
CN,2605,BUNTA,WL,G221,CN-2605-BUNTA-ZJSY-01,BUNTA-ZJSY-01,1
CN,2605,BUTET,TGO,G341,CN-2605-ZYCC-INTIK-01,ZYCC-INTIK-01,1
CN,2605,BUTET,TGO,G341,CN-2605-ZYCC-TAMOT-01,ZYCC-TAMOT-01,1
CN,2605,BUTET,TGO,G341,CN-2605-ZYCC-VHHH-01,ZYCC-VHHH-01,1
CN,2605,BUVEM,MORIT,W195,CN-2605-ZWWW-MORIT-01,ZWWW-MORIT-01,4
CN,2605,BZ,EMRID,A470,CN-2605-RCBS-ZBTJ-01,RCBS-ZBTJ-01,2
CN,2605,BZ,EMRID,A470,CN-2605-RCBS-ZLXY-01,RCBS-ZLXY-01,2
CN,2605,BZ,EMRID,A470,CN-2605-RCFN-ZBTJ-01,RCFN-ZBTJ-01,2
CN,2605,BZ,EMRID,A470,CN-2605-RCKH-ZBAA-01,RCKH-ZBAA-01,2
CN,2605,BZ,EMRID,A470,CN-2605-RCKH-ZBSJ-01,RCKH-ZBSJ-01,2
CN,2605,BZ,EMRID,A470,CN-2605-RCKH-ZBTJ-01,RCKH-ZBTJ-01,2
CN,2605,BZ,EMRID,A470,CN-2605-RCKH-ZBYN-01,RCKH-ZBYN-01,2
CN,2605,BZ,EMRID,A470,CN-2605-RCKH-ZHCC-01,RCKH-ZHCC-01,2
CN,2605,BZ,EMRID,A470,CN-2605-RCKH-ZHHH-01,RCKH-ZHHH-01,2
CN,2605,BZ,EMRID,A470,CN-2605-RCKH-ZLXY-01,RCKH-ZLXY-01,2
CN,2605,BZ,EMRID,A470,CN-2605-RCKH-ZSCN-01,RCKH-ZSCN-01,2
CN,2605,BZ,EMRID,A470,CN-2605-RCKH-ZSJN-01,RCKH-ZSJN-01,2
CN,2605,BZ,EMRID,A470,CN-2605-RCKH-ZSNJ-01,RCKH-ZSNJ-01,2
CN,2605,BZ,EMRID,A470,CN-2605-RCKH-ZSOF-01,RCKH-ZSOF-01,2
CN,2605,BZ,EMRID,A470,CN-2605-RCKH-ZSXZ-01,RCKH-ZSXZ-01,2
CN,2605,BZ,EMRID,A470,CN-2605-RCMQ-ZBTJ-01,RCMQ-ZBTJ-01,2
CN,2605,BZ,EMRID,A470,CN-2605-RCMQ-ZBYN-01,RCMQ-ZBYN-01,2
CN,2605,BZ,EMRID,A470,CN-2605-RCMQ-ZLXY-01,RCMQ-ZLXY-01,2
CN,2605,BZ,EMRID,A470,CN-2605-RCMQ-ZSJN-01,RCMQ-ZSJN-01,2
CN,2605,BZ,EMRID,A470,CN-2605-RCMQ-ZSNJ-01,RCMQ-ZSNJ-01,2
CN,2605,BZ,EMRID,A470,CN-2605-RCMQ-ZSOF-01,RCMQ-ZSOF-01,2
CN,2605,BZ,EMRID,A470,CN-2605-RCNN-ZBTJ-01,RCNN-ZBTJ-01,2
CN,2605,BZ,EMRID,A470,CN-2605-RCNN-ZHHH-01,RCNN-ZHHH-01,2
CN,2605,BZ,EMRID,A470,CN-2605-RCQC-ZLXY-01,RCQC-ZLXY-01,2
CN,2605,BZ,EMRID,A470,CN-2605-RCSS-ZBTJ-01,RCSS-ZBTJ-01,2
CN,2605,BZ,EMRID,A470,CN-2605-RCSS-ZHHH-01,RCSS-ZHHH-01,2
CN,2605,BZ,EMRID,A470,CN-2605-RCTP-ZBAA-01,RCTP-ZBAA-01,2
CN,2605,BZ,EMRID,A470,CN-2605-RCTP-ZBHH-01,RCTP-ZBHH-01,2
CN,2605,BZ,EMRID,A470,CN-2605-RCTP-ZBSJ-01,RCTP-ZBSJ-01,2
CN,2605,BZ,EMRID,A470,CN-2605-RCTP-ZBTJ-01,RCTP-ZBTJ-01,2
CN,2605,BZ,EMRID,A470,CN-2605-RCTP-ZBYN-01,RCTP-ZBYN-01,2
CN,2605,BZ,EMRID,A470,CN-2605-RCTP-ZGDY-01,RCTP-ZGDY-01,2
CN,2605,BZ,EMRID,A470,CN-2605-RCTP-ZHCC-01,RCTP-ZHCC-01,2
CN,2605,BZ,EMRID,A470,CN-2605-RCTP-ZHHH-01,RCTP-ZHHH-01,2
CN,2605,BZ,EMRID,A470,CN-2605-RCTP-ZLIC-01,RCTP-ZLIC-01,2
CN,2605,BZ,EMRID,A470,CN-2605-RCTP-ZLXY-01,RCTP-ZLXY-01,2
CN,2605,BZ,EMRID,A470,CN-2605-RCTP-ZSCN-01,RCTP-ZSCN-01,2
CN,2605,BZ,EMRID,A470,CN-2605-RCTP-ZSJN-01,RCTP-ZSJN-01,2
CN,2605,BZ,EMRID,A470,CN-2605-RCTP-ZSNJ-01,RCTP-ZSNJ-01,2
CN,2605,BZ,EMRID,A470,CN-2605-RCTP-ZSOF-01,RCTP-ZSOF-01,2
CN,2605,BZ,EMRID,A470,CN-2605-RCTP-ZSSH-01,RCTP-ZSSH-01,2
CN,2605,BZ,EMRID,A470,CN-2605-RCTP-ZSXZ-01,RCTP-ZSXZ-01,2
CN,2605,BZ,EMRID,A470,CN-2605-RCYU-ZBAA-01,RCYU-ZBAA-01,2
CN,2605,BZ,EMRID,A470,CN-2605-RCYU-ZBSJ-01,RCYU-ZBSJ-01,2
CN,2605,BZ,EMRID,A470,CN-2605-RCYU-ZBTJ-01,RCYU-ZBTJ-01,2
CN,2605,BZ,EMRID,A470,CN-2605-RCYU-ZBYN-01,RCYU-ZBYN-01,2
CN,2605,BZ,EMRID,A470,CN-2605-RCYU-ZHCC-01,RCYU-ZHCC-01,2
CN,2605,BZ,EMRID,A470,CN-2605-RCYU-ZHHH-01,RCYU-ZHHH-01,2
CN,2605,BZ,EMRID,A470,CN-2605-RCYU-ZLXY-01,RCYU-ZLXY-01,2
CN,2605,BZ,EMRID,A470,CN-2605-RCYU-ZSCN-01,RCYU-ZSCN-01,2
CN,2605,BZ,EMRID,A470,CN-2605-RCYU-ZSJN-01,RCYU-ZSJN-01,2
CN,2605,BZ,EMRID,A470,CN-2605-RCYU-ZSNJ-01,RCYU-ZSNJ-01,2
CN,2605,BZ,EMRID,A470,CN-2605-RCYU-ZSOF-01,RCYU-ZSOF-01,2
CN,2605,BZ,EMRID,A470,CN-2605-RCYU-ZSXZ-01,RCYU-ZSXZ-01,2
CN,2605,BZ,EMRID,A470,CN-2605-ZSFZ-NIXAL-01,ZSFZ-NIXAL-01,1
CN,2605,BZ,EMRID,A470,CN-2605-ZSFZ-POLHO-01,ZSFZ-POLHO-01,1
CN,2605,BZ,EMRID,A470,CN-2605-ZSWZ-NIXAL-01,ZSWZ-NIXAL-01,1
CN,2605,BZ,SULEM,R596,CN-2605-ZBHH-RCTP-01,ZBHH-RCTP-01,8
CN,2605,BZ,SULEM,R596,CN-2605-ZBSJ-RCKH-01,ZBSJ-RCKH-01,7
CN,2605,BZ,SULEM,R596,CN-2605-ZBSJ-RCTP-01,ZBSJ-RCTP-01,7
CN,2605,BZ,SULEM,R596,CN-2605-ZBSJ-RCYU-01,ZBSJ-RCYU-01,7
CN,2605,BZ,SULEM,R596,CN-2605-ZBYN-RCKH-01,ZBYN-RCKH-01,10
CN,2605,BZ,SULEM,R596,CN-2605-ZBYN-RCMQ-01,ZBYN-RCMQ-01,10
CN,2605,BZ,SULEM,R596,CN-2605-ZBYN-RCTP-01,ZBYN-RCTP-01,10
CN,2605,BZ,SULEM,R596,CN-2605-ZBYN-RCYU-01,ZBYN-RCYU-01,10
CN,2605,BZ,SULEM,R596,CN-2605-ZGDY-RCTP-01,ZGDY-RCTP-01,6
CN,2605,BZ,SULEM,R596,CN-2605-ZHCC-RCKH-01,ZHCC-RCKH-01,7
CN,2605,BZ,SULEM,R596,CN-2605-ZHCC-RCTP-01,ZHCC-RCTP-01,7
CN,2605,BZ,SULEM,R596,CN-2605-ZHCC-RCYU-01,ZHCC-RCYU-01,7
CN,2605,BZ,SULEM,R596,CN-2605-ZHHH-RCKH-01,ZHHH-RCKH-01,4
CN,2605,BZ,SULEM,R596,CN-2605-ZHHH-RCNN-01,ZHHH-RCNN-01,4
CN,2605,BZ,SULEM,R596,CN-2605-ZHHH-RCSS-01,ZHHH-RCSS-01,4
CN,2605,BZ,SULEM,R596,CN-2605-ZHHH-RCTP-01,ZHHH-RCTP-01,4
CN,2605,BZ,SULEM,R596,CN-2605-ZHHH-RCYU-01,ZHHH-RCYU-01,4
CN,2605,BZ,SULEM,R596,CN-2605-ZLIC-RCTP-01,ZLIC-RCTP-01,11
CN,2605,BZ,SULEM,R596,CN-2605-ZLXY-RCBS-01,ZLXY-RCBS-01,9
CN,2605,BZ,SULEM,R596,CN-2605-ZLXY-RCKH-01,ZLXY-RCKH-01,9
CN,2605,BZ,SULEM,R596,CN-2605-ZLXY-RCMQ-01,ZLXY-RCMQ-01,9
CN,2605,BZ,SULEM,R596,CN-2605-ZLXY-RCQC-01,ZLXY-RCQC-01,9
CN,2605,BZ,SULEM,R596,CN-2605-ZLXY-RCTP-01,ZLXY-RCTP-01,9
CN,2605,BZ,SULEM,R596,CN-2605-ZLXY-RCYU-01,ZLXY-RCYU-01,9
CN,2605,BZ,SULEM,R596,CN-2605-ZSCN-RCKH-01,ZSCN-RCKH-01,6
CN,2605,BZ,SULEM,R596,CN-2605-ZSCN-RCTP-01,ZSCN-RCTP-01,6
CN,2605,BZ,SULEM,R596,CN-2605-ZSCN-RCYU-01,ZSCN-RCYU-01,6
CN,2605,BZ,SULEM,R596,CN-2605-ZSHC-RCKH-01,ZSHC-RCKH-01,2
CN,2605,BZ,SULEM,R596,CN-2605-ZSHC-RCSS-01,ZSHC-RCSS-01,2
CN,2605,BZ,SULEM,R596,CN-2605-ZSHC-RCTP-01,ZSHC-RCTP-01,2
CN,2605,BZ,SULEM,R596,CN-2605-ZSHC-RCYU-01,ZSHC-RCYU-01,2
CN,2605,BZ,SULEM,R596,CN-2605-ZSNJ-RCKH-01,ZSNJ-RCKH-01,2
CN,2605,BZ,SULEM,R596,CN-2605-ZSNJ-RCMQ-01,ZSNJ-RCMQ-01,2
CN,2605,BZ,SULEM,R596,CN-2605-ZSNJ-RCTP-01,ZSNJ-RCTP-01,2
CN,2605,BZ,SULEM,R596,CN-2605-ZSNJ-RCYU-01,ZSNJ-RCYU-01,2
CN,2605,BZ,SULEM,R596,CN-2605-ZSNT-RCTP-01,ZSNT-RCTP-01,7
CN,2605,BZ,SULEM,R596,CN-2605-ZSOF-RCKH-01,ZSOF-RCKH-01,4
CN,2605,BZ,SULEM,R596,CN-2605-ZSOF-RCMQ-01,ZSOF-RCMQ-01,4
CN,2605,BZ,SULEM,R596,CN-2605-ZSOF-RCTP-01,ZSOF-RCTP-01,4
CN,2605,BZ,SULEM,R596,CN-2605-ZSOF-RCYU-01,ZSOF-RCYU-01,4
CN,2605,BZ,SULEM,R596,CN-2605-ZSSH-RCTP-01,ZSSH-RCTP-01,4
CN,2605,BZ,SULEM,R596,CN-2605-ZSSS-RCKH-01,ZSSS-RCKH-01,3
CN,2605,BZ,SULEM,R596,CN-2605-ZSSS-RCMQ-01,ZSSS-RCMQ-01,3
CN,2605,BZ,SULEM,R596,CN-2605-ZSSS-RCSS-01,ZSSS-RCSS-01,3
CN,2605,BZ,SULEM,R596,CN-2605-ZSSS-RCTP-01,ZSSS-RCTP-01,3
CN,2605,BZ,SULEM,R596,CN-2605-ZSSS-RCYU-01,ZSSS-RCYU-01,3
CN,2605,BZ,SULEM,R596,CN-2605-ZSTX-RCKH-01,ZSTX-RCKH-01,3
CN,2605,BZ,SULEM,R596,CN-2605-ZSTX-RCTP-01,ZSTX-RCTP-01,3
CN,2605,BZ,SULEM,R596,CN-2605-ZSTX-RCYU-01,ZSTX-RCYU-01,3
CN,2605,BZ,SULEM,R596,CN-2605-ZSXZ-RCKH-01,ZSXZ-RCKH-01,3
CN,2605,BZ,SULEM,R596,CN-2605-ZSXZ-RCTP-01,ZSXZ-RCTP-01,3
CN,2605,BZ,SULEM,R596,CN-2605-ZSXZ-RCYU-01,ZSXZ-RCYU-01,3
CN,2605,BZ,SULEM,R596,CN-2605-ZWWW-RCTP-01,ZWWW-RCTP-01,12
CN,2605,BZ,UGAGO,A470,CN-2605-RCKH-ZSHC-01,RCKH-ZSHC-01,2
CN,2605,BZ,UGAGO,A470,CN-2605-RCKH-ZSTX-01,RCKH-ZSTX-01,2
CN,2605,BZ,UGAGO,A470,CN-2605-RCSS-ZSHC-01,RCSS-ZSHC-01,2
CN,2605,BZ,UGAGO,A470,CN-2605-RCTP-ZSHC-01,RCTP-ZSHC-01,2
CN,2605,BZ,UGAGO,A470,CN-2605-RCTP-ZSTX-01,RCTP-ZSTX-01,2
CN,2605,BZ,UGAGO,A470,CN-2605-RCYU-ZSHC-01,RCYU-ZSHC-01,2
CN,2605,BZ,UGAGO,A470,CN-2605-RCYU-ZSTX-01,RCYU-ZSTX-01,2
CN,2605,CEH,BUBSU,W162,CN-2605-ZPLJ-LINSO-01,ZPLJ-LINSO-01,1
CN,2605,CEH,BUBSU,W162,CN-2605-ZPLJ-RCTP-01,ZPLJ-RCTP-01,1
CN,2605,CEH,BUBSU,W162,CN-2605-ZPLJ-SAGAG-01,ZPLJ-SAGAG-01,1
CN,2605,CGO,KAMDA,W129,CN-2605-INTIK-SADLI,INTIK-SADLI,3
CN,2605,CGO,KAMDA,W129,CN-2605-INTIK-ZSNJ-01,INTIK-ZSNJ-01,3
CN,2605,CGO,KAMDA,W129,CN-2605-KAMUD-ZSHC-01,KAMUD-ZSHC-01,7
CN,2605,CGO,KAMDA,W129,CN-2605-NIXAL-SADLI,NIXAL-SADLI,2
CN,2605,CGO,KAMDA,W129,CN-2605-NIXAL-ZGHA-01,NIXAL-ZGHA-01,2
CN,2605,CGO,KAMDA,W129,CN-2605-NIXAL-ZHEC-01,NIXAL-ZHEC-01,2
CN,2605,CGO,KAMDA,W129,CN-2605-NIXAL-ZHHH-01,NIXAL-ZHHH-01,2
CN,2605,CGO,KAMDA,W129,CN-2605-NIXAL-ZSAM-01,NIXAL-ZSAM-01,2
CN,2605,CGO,KAMDA,W129,CN-2605-NIXAL-ZSCN-01,NIXAL-ZSCN-01,2
CN,2605,CGO,KAMDA,W129,CN-2605-NIXAL-ZSFZ-01,NIXAL-ZSFZ-01,2
CN,2605,CGO,KAMDA,W129,CN-2605-NIXAL-ZSHC-01,NIXAL-ZSHC-01,2
CN,2605,CGO,KAMDA,W129,CN-2605-NIXAL-ZSNJ-01,NIXAL-ZSNJ-01,2
CN,2605,CGO,KAMDA,W129,CN-2605-NIXAL-ZSOF-01,NIXAL-ZSOF-01,2
CN,2605,CGO,KAMDA,W129,CN-2605-NIXAL-ZSPD-01,NIXAL-ZSPD-01,2
CN,2605,CGO,KAMDA,W129,CN-2605-NIXAL-ZSSS-01,NIXAL-ZSSS-01,2
CN,2605,CGO,KAMDA,W129,CN-2605-NIXAL-ZSWZ-01,NIXAL-ZSWZ-01,2
CN,2605,CGO,KAMDA,W129,CN-2605-PURPA-ZSPD-02,PURPA-ZSPD-02,8
CN,2605,CGO,KAMDA,W129,CN-2605-PURPA-ZSPD-04,PURPA-ZSPD-04,8
CN,2605,CGO,KAMDA,W129,CN-2605-SARIN-ZSCN-02,SARIN-ZSCN-02,6
CN,2605,CGO,KAMDA,W129,CN-2605-SARIN-ZSHC-01,SARIN-ZSHC-01,6
CN,2605,CGO,KAMDA,W129,CN-2605-SARIN-ZSPD-01,SARIN-ZSPD-01,6
CN,2605,CGO,KAMDA,W129,CN-2605-ZBDS-VHHH-01,ZBDS-VHHH-01,4
CN,2605,CGO,KAMDA,W129,CN-2605-ZBDT-VHHH-01,ZBDT-VHHH-01,4
CN,2605,CGO,KAMDA,W129,CN-2605-ZBHH-RCTP-01,ZBHH-RCTP-01,2
CN,2605,CGO,KAMDA,W129,CN-2605-ZBHH-TAMOT-01,ZBHH-TAMOT-01,2
CN,2605,CGO,KAMDA,W129,CN-2605-ZBHH-VHHH-01,ZBHH-VHHH-01,2
CN,2605,CGO,KAMDA,W129,CN-2605-ZBYN-RCKH-01,ZBYN-RCKH-01,4
CN,2605,CGO,KAMDA,W129,CN-2605-ZBYN-RCMQ-01,ZBYN-RCMQ-01,4
CN,2605,CGO,KAMDA,W129,CN-2605-ZBYN-RCTP-01,ZBYN-RCTP-01,4
CN,2605,CGO,KAMDA,W129,CN-2605-ZBYN-RCYU-01,ZBYN-RCYU-01,4
CN,2605,CGO,KAMDA,W129,CN-2605-ZBYN-TAMOT-01,ZBYN-TAMOT-01,4
CN,2605,CGO,KAMDA,W129,CN-2605-ZBYN-VHHH-01,ZBYN-VHHH-01,4
CN,2605,CGO,KAMDA,W129,CN-2605-ZBYN-VMMC-01,ZBYN-VMMC-01,4
CN,2605,CGO,KAMDA,W129,CN-2605-ZLIC-RCTP-01,ZLIC-RCTP-01,5
CN,2605,CGO,KAMDA,W129,CN-2605-ZLXY-RCBS-01,ZLXY-RCBS-01,3
CN,2605,CGO,KAMDA,W129,CN-2605-ZLXY-RCKH-01,ZLXY-RCKH-01,3
CN,2605,CGO,KAMDA,W129,CN-2605-ZLXY-RCMQ-01,ZLXY-RCMQ-01,3
CN,2605,CGO,KAMDA,W129,CN-2605-ZLXY-RCQC-01,ZLXY-RCQC-01,3
CN,2605,CGO,KAMDA,W129,CN-2605-ZLXY-RCTP-01,ZLXY-RCTP-01,3
CN,2605,CGO,KAMDA,W129,CN-2605-ZLXY-RCYU-01,ZLXY-RCYU-01,3
CN,2605,CGO,KAMDA,W129,CN-2605-ZWWW-RCTP-01,ZWWW-RCTP-01,6
CN,2605,CHG,BIDIB,A575,CN-2605-TEBAK-GOLOT,TEBAK-GOLOT,10
CN,2605,CHG,BIDIB,A575,CN-2605-VMMC-GOLOT,VMMC-GOLOT,11
CN,2605,CHG,BIDIB,A575,CN-2605-ZBAA-GOLOT-01,ZBAA-GOLOT-01,3
CN,2605,CHG,KAKAT,W31,CN-2605-ZYTX-RULAD-01,ZYTX-RULAD-01,2
CN,2605,CHG,MUDAM,G332,CN-2605-GOLOT-TEBAK,GOLOT-TEBAK,3
CN,2605,CHG,MUDAM,G332,CN-2605-GOLOT-VMMC,GOLOT-VMMC,3
CN,2605,CHG,MUDAM,G332,CN-2605-ZYTX-SAGAG-01,ZYTX-SAGAG-01,2
CN,2605,CHG,MUDAM,G332,CN-2605-ZYTX-TAMOT-01,ZYTX-TAMOT-01,2
CN,2605,CHG,MUDAM,G332,CN-2605-ZYTX-VHHH-01,ZYTX-VHHH-01,2
CN,2605,CHG,MUDAM,G332,CN-2605-ZYTX-VMMC-01,ZYTX-VMMC-01,2
CN,2605,CHG,OMDUS,A575,CN-2605-BEKOL-ZYTX-01,BEKOL-ZYTX-01,8
CN,2605,CHG,OMDUS,A575,CN-2605-SAGAG-ZYTX-01,SAGAG-ZYTX-01,12
CN,2605,CHG,OMDUS,A575,CN-2605-TEBAK-ZYTX-01,TEBAK-ZYTX-01,10
CN,2605,CHG,OMDUS,A575,CN-2605-VHHH-ZYTX-01,VHHH-ZYTX-01,8
CN,2605,CHG,OMDUS,A575,CN-2605-VMMC-ZYTX-01,VMMC-ZYTX-01,11
CN,2605,CHI,BIDIB,A588,CN-2605-AGAVO-TELOK,AGAVO-TELOK,4
CN,2605,CHI,BIDIB,A588,CN-2605-RCTP-ZBLA-01,RCTP-ZBLA-01,4
CN,2605,CHI,BIDIB,A588,CN-2605-ZSPD-TELOK-01,ZSPD-TELOK-01,3
CN,2605,CHI,HRB,A588,CN-2605-AGAVO-ARGUK,AGAVO-ARGUK,4
CN,2605,CHI,HRB,A588,CN-2605-AGAVO-AS,AGAVO-AS,4
CN,2605,CHI,HRB,A588,CN-2605-AGAVO-ZYJM-01,AGAVO-ZYJM-01,4
CN,2605,CHI,HRB,A588,CN-2605-ZSPD-ARGUK-02,ZSPD-ARGUK-02,3
CN,2605,CHI,LEMOT,A588,CN-2605-AGAVO-ZYCC-01,AGAVO-ZYCC-01,4
CN,2605,CHI,LEMOT,A588,CN-2605-RCKH-ZYCC-01,RCKH-ZYCC-01,4
CN,2605,CHI,LEMOT,A588,CN-2605-RCMQ-ZYCC-01,RCMQ-ZYCC-01,4
CN,2605,CHI,LEMOT,A588,CN-2605-RCTP-ZYCC-01,RCTP-ZYCC-01,4
CN,2605,CHI,LEMOT,A588,CN-2605-RCYU-ZYCC-01,RCYU-ZYCC-01,4
CN,2605,CHI,LJB,A588,CN-2605-AGAVO-BISUN,AGAVO-BISUN,4
CN,2605,CHI,LJB,A588,CN-2605-ZSPD-BISUN-01,ZSPD-BISUN-01,3
CN,2605,CHI,NULRA,A588,CN-2605-AGAVO-ZYHB-01,AGAVO-ZYHB-01,4
CN,2605,CHI,NULRA,A588,CN-2605-RCKH-ZYHB-01,RCKH-ZYHB-01,4
CN,2605,CHI,NULRA,A588,CN-2605-RCMQ-ZYHB-01,RCMQ-ZYHB-01,4
CN,2605,CHI,NULRA,A588,CN-2605-RCTP-ZYHB-01,RCTP-ZYHB-01,4
CN,2605,CHI,NULRA,A588,CN-2605-RCYU-ZYHB-01,RCYU-ZYHB-01,4
CN,2605,CHI,SANKO,W107,CN-2605-BISUN-AGAVO,BISUN-AGAVO,4
CN,2605,CHI,SANKO,W107,CN-2605-BISUN-ZSPD-01,BISUN-ZSPD-01,4
CN,2605,CHI,SANKO,W107,CN-2605-MAGIT-AGAVO,MAGIT-AGAVO,4
CN,2605,CHI,SANKO,W107,CN-2605-MAGIT-ZSHC-01,MAGIT-ZSHC-01,4
CN,2605,CHI,SANKO,W107,CN-2605-MAGIT-ZSPD-02,MAGIT-ZSPD-02,4
CN,2605,CHI,SANKO,W107,CN-2605-SIMLI-AGAVO,SIMLI-AGAVO,2
CN,2605,CHI,SANKO,W107,CN-2605-SIMLI-ZSHC-02,SIMLI-ZSHC-02,2
CN,2605,CHI,SANKO,W107,CN-2605-SIMLI-ZSPD-02,SIMLI-ZSPD-02,2
CN,2605,CHI,SANKO,W107,CN-2605-SM-AGAVO,SM-AGAVO,2
CN,2605,CHI,SANKO,W107,CN-2605-SM-AGAVO,SM-AGAVO,9
CN,2605,CHI,SANKO,W107,CN-2605-TELOK-ZSPD-01,TELOK-ZSPD-01,3
CN,2605,CHI,SANKO,W107,CN-2605-ZBLA-RCTP-01,ZBLA-RCTP-01,3
CN,2605,CHI,SANKO,W107,CN-2605-ZYCC-AGAVO-01,ZYCC-AGAVO-01,2
CN,2605,CHI,SANKO,W107,CN-2605-ZYCC-RCKH-01,ZYCC-RCKH-01,2
CN,2605,CHI,SANKO,W107,CN-2605-ZYCC-RCMQ-01,ZYCC-RCMQ-01,2
CN,2605,CHI,SANKO,W107,CN-2605-ZYCC-RCTP-01,ZYCC-RCTP-01,2
CN,2605,CHI,SANKO,W107,CN-2605-ZYCC-RCYU-01,ZYCC-RCYU-01,2
CN,2605,CHI,SANKO,W107,CN-2605-ZYHB-AGAVO-01,ZYHB-AGAVO-01,4
CN,2605,CHI,SANKO,W107,CN-2605-ZYHB-RCKH-01,ZYHB-RCKH-01,4
CN,2605,CHI,SANKO,W107,CN-2605-ZYHB-RCMQ-01,ZYHB-RCMQ-01,4
CN,2605,CHI,SANKO,W107,CN-2605-ZYHB-RCTP-01,ZYHB-RCTP-01,4
CN,2605,CHI,SANKO,W107,CN-2605-ZYHB-RCYU-01,ZYHB-RCYU-01,4
CN,2605,CHI,SANKO,W107,CN-2605-ZYJM-AGAVO-01,ZYJM-AGAVO-01,3
CN,2605,CHI,SANKO,W107,CN-2605-ZYTX-AGAVO-01,ZYTX-AGAVO-01,2
CN,2605,CHI,SANKO,W107,CN-2605-ZYTX-RCKH-01,ZYTX-RCKH-01,2
CN,2605,CHI,SANKO,W107,CN-2605-ZYTX-RCTP-01,ZYTX-RCTP-01,2
CN,2605,CHI,SANKO,W107,CN-2605-ZYTX-RCYU-01,ZYTX-RCYU-01,2
CN,2605,CHI,SIMLI,A588,CN-2605-AGAVO-AS,AGAVO-AS,10
CN,2605,CHI,SIMLI,A588,CN-2605-AGAVO-SIMLI,AGAVO-SIMLI,4
CN,2605,CHI,SIMLI,A588,CN-2605-ZSPD-SIMLI-02,ZSPD-SIMLI-02,3
CN,2605,CHI,TOSID,A588,CN-2605-AGAVO-ZYTX-01,AGAVO-ZYTX-01,4
CN,2605,CHI,TOSID,A588,CN-2605-RCKH-ZYTX-01,RCKH-ZYTX-01,4
CN,2605,CHI,TOSID,A588,CN-2605-RCTP-ZYTX-01,RCTP-ZYTX-01,4
CN,2605,CHI,TOSID,A588,CN-2605-RCYU-ZYTX-01,RCYU-ZYTX-01,4
CN,2605,CTU,IDBOR,W237,CN-2605-RULAD-L888-TAMOT,RULAD-L888-TAMOT,5
CN,2605,CTU,IDBOR,W237,CN-2605-RULAD-L888-VHHH,RULAD-L888-VHHH,5
CN,2605,CTU,IDBOR,W237,CN-2605-SGMRK-G470/L888-TAMOT,SGMRK-G470/L888-TAMOT,30
CN,2605,CTU,IDBOR,W237,CN-2605-SGMRK-G470/L888-VHHH,SGMRK-G470/L888-VHHH,30
CN,2605,CTU,IDBOR,W237,CN-2605-SGMRN-G470/L888-TAMOT,SGMRN-G470/L888-TAMOT,30
CN,2605,CTU,IDBOR,W237,CN-2605-SGMRN-G470/L888-VHHH,SGMRN-G470/L888-VHHH,30
CN,2605,CTU,IDBOR,W237,CN-2605-SRK-L888-TAMOT,SRK-L888-TAMOT,14
CN,2605,CTU,IDBOR,W237,CN-2605-SRK-L888-VHHH,SRK-L888-VHHH,14
CN,2605,CTU,IDBOR,W237,CN-2605-SRKL-L888-VHHH,SRKL-L888-VHHH,13
CN,2605,CTU,IDBOR,W237,CN-2605-SRKL-W191/L888-TAMOT,SRKL-W191/L888-TAMOT,14
CN,2605,CTU,IDBOR,W237,CN-2605-SRKL-W191/L888-VHHH,SRKL-W191/L888-VHHH,14
CN,2605,CTU,IDBOR,W237,CN-2605-SRL-L888-VHHH,SRL-L888-VHHH,13
CN,2605,CTU,IDBOR,W237,CN-2605-SRL-W191/L888-TAMOT,SRL-W191/L888-TAMOT,14
CN,2605,CTU,IDBOR,W237,CN-2605-SRL-W191/L888-VHHH,SRL-W191/L888-VHHH,14
CN,2605,CTU,LXA,B213,CN-2605-ZBAD-NONIM-01,ZBAD-NONIM-01,7
CN,2605,CTU,LXA,B213,CN-2605-ZLXY-NONIM-01,ZLXY-NONIM-01,5
CN,2605,CZH,CTU,B213,CN-2605-RULAD-L888-TAMOT,RULAD-L888-TAMOT,4
CN,2605,CZH,CTU,B213,CN-2605-RULAD-L888-VHHH,RULAD-L888-VHHH,4
CN,2605,CZH,CTU,B213,CN-2605-SGMRK-G470/L888-TAMOT,SGMRK-G470/L888-TAMOT,29
CN,2605,CZH,CTU,B213,CN-2605-SGMRK-G470/L888-VHHH,SGMRK-G470/L888-VHHH,29
CN,2605,CZH,CTU,B213,CN-2605-SGMRN-G470/L888-TAMOT,SGMRN-G470/L888-TAMOT,29
CN,2605,CZH,CTU,B213,CN-2605-SGMRN-G470/L888-VHHH,SGMRN-G470/L888-VHHH,29
CN,2605,CZH,CTU,B213,CN-2605-SRK-L888-TAMOT,SRK-L888-TAMOT,13
CN,2605,CZH,CTU,B213,CN-2605-SRK-L888-VHHH,SRK-L888-VHHH,13
CN,2605,CZH,CTU,B213,CN-2605-SRKL-L888-VHHH,SRKL-L888-VHHH,12
CN,2605,CZH,CTU,B213,CN-2605-SRKL-W191/L888-TAMOT,SRKL-W191/L888-TAMOT,13
CN,2605,CZH,CTU,B213,CN-2605-SRKL-W191/L888-VHHH,SRKL-W191/L888-VHHH,13
CN,2605,CZH,CTU,B213,CN-2605-SRL-L888-VHHH,SRL-L888-VHHH,12
CN,2605,CZH,CTU,B213,CN-2605-SRL-W191/L888-TAMOT,SRL-W191/L888-TAMOT,13
CN,2605,CZH,CTU,B213,CN-2605-SRL-W191/L888-VHHH,SRL-W191/L888-VHHH,13
CN,2605,CZH,VINEX,B213,CN-2605-NONIM-ZUCK-01,NONIM-ZUCK-01,4
CN,2605,CZH,WFX,B213,CN-2605-NONIM-ZBAA-01,NONIM-ZBAA-01,4
CN,2605,CZH,WFX,B213,CN-2605-NONIM-ZBAD-01,NONIM-ZBAD-01,4
CN,2605,CZH,WFX,B213,CN-2605-NONIM-ZLXY-01,NONIM-ZLXY-01,4
CN,2605,DADGA,OMBEB,W37,CN-2605-INTIK-TAMOT,INTIK-TAMOT,3
CN,2605,DADGA,OMBEB,W37,CN-2605-INTIK-VHHH,INTIK-VHHH,3
CN,2605,DADGA,OMBEB,W37,CN-2605-INTIK-ZGSZ-01,INTIK-ZGSZ-01,3
CN,2605,DADGA,OMBEB,W37,CN-2605-MN-TAMOT,MN-TAMOT,8
CN,2605,DADGA,OMBEB,W37,CN-2605-MN-VHHH,MN-VHHH,8
CN,2605,DADGA,OMBEB,W37,CN-2605-MPSMS-TAMOT,MPSMS-TAMOT,9
CN,2605,DADGA,OMBEB,W37,CN-2605-MPSMS-VHHH,MPSMS-VHHH,11
CN,2605,DADGA,OMBEB,W37,CN-2605-NIXAL-TAMOT,NIXAL-TAMOT,3
CN,2605,DADGA,OMBEB,W37,CN-2605-NIXAL-VHHH,NIXAL-VHHH,3
CN,2605,DADGA,OMBEB,W37,CN-2605-NIXAL-ZGSZ-01,NIXAL-ZGSZ-01,3
CN,2605,DADGA,OMBEB,W37,CN-2605-POLHO-VHHH,POLHO-VHHH,3
CN,2605,DADGA,OMBEB,W37,CN-2605-POLHO-ZGGG-01,POLHO-ZGGG-01,3
CN,2605,DADGA,OMBEB,W37,CN-2605-POLHO-ZGSZ-01,POLHO-ZGSZ-01,3
CN,2605,DADGA,OMBEB,W37,CN-2605-POLHO-ZJSY-01,POLHO-ZJSY-01,3
CN,2605,DADGA,OMBEB,W37,CN-2605-SGMN-G470-TAMOT,SGMN-G470-TAMOT,28
CN,2605,DADGA,OMBEB,W37,CN-2605-SGMN-G470-VHHH,SGMN-G470-VHHH,28
CN,2605,DADGA,OMBEB,W37,CN-2605-SGMN-TAMOT,SGMN-TAMOT,24
CN,2605,DADGA,OMBEB,W37,CN-2605-SGMN-VHHH,SGMN-VHHH,27
CN,2605,DADGA,OMBEB,W37,CN-2605-SGMRN-G470-TAMOT,SGMRN-G470-TAMOT,38
CN,2605,DADGA,OMBEB,W37,CN-2605-SGMRN-G470-VHHH,SGMRN-G470-VHHH,38
CN,2605,DADGA,OMBEB,W37,CN-2605-SGMRN-G470/L888-TAMOT,SGMRN-G470/L888-TAMOT,38
CN,2605,DADGA,OMBEB,W37,CN-2605-SGMRN-G470/L888-VHHH,SGMRN-G470/L888-VHHH,38
CN,2605,DADGA,OMBEB,W37,CN-2605-SGMRN-G470/Y1-TAMOT,SGMRN-G470/Y1-TAMOT,37
CN,2605,DADGA,OMBEB,W37,CN-2605-SGMRN-G470/Y1-VHHH,SGMRN-G470/Y1-VHHH,37
CN,2605,DADGA,OMBEB,W37,CN-2605-ZBAA-TAMOT-01,ZBAA-TAMOT-01,3
CN,2605,DADGA,OMBEB,W37,CN-2605-ZBAA-VHHH-01,ZBAA-VHHH-01,3
CN,2605,DADGA,OMBEB,W37,CN-2605-ZBAA-VMMC-01,ZBAA-VMMC-01,3
CN,2605,DADGA,PONUD,W37,CN-2605-POLHO-ZHHH-01,POLHO-ZHHH-01,3
CN,2605,DADOL,IGNAK,W144,CN-2605-ZPPP-ARGUK-01,ZPPP-ARGUK-01,1
CN,2605,DADOL,IGNAK,W144,CN-2605-ZPPP-GOPTO-01,ZPPP-GOPTO-01,1
CN,2605,DADOL,IGNAK,W144,CN-2605-ZPPP-MORIT-01,ZPPP-MORIT-01,1
CN,2605,DADOL,IGNAK,W144,CN-2605-ZPPP-SARIN-01,ZPPP-SARIN-01,1
CN,2605,DADOL,IGNAK,W144,CN-2605-ZPPP-SARIN-02,ZPPP-SARIN-02,1
CN,2605,DAGVO,LAGEX,W682,CN-2605-ZUGY-RCKH-01,ZUGY-RCKH-01,1
CN,2605,DAGVO,LAGEX,W682,CN-2605-ZUGY-RCTP-01,ZUGY-RCTP-01,1
CN,2605,DAGVO,LAGEX,W682,CN-2605-ZUGY-RCYU-01,ZUGY-RCYU-01,1
CN,2605,DAGVO,LAGEX,W682,CN-2605-ZUGY-TAMOT-01,ZUGY-TAMOT-01,1
CN,2605,DAGVO,LAGEX,W682,CN-2605-ZUGY-TEBAK-01,ZUGY-TEBAK-01,1
CN,2605,DAGVO,LAGEX,W682,CN-2605-ZUGY-VHHH-01,ZUGY-VHHH-01,1
CN,2605,DAGVO,LAGEX,W682,CN-2605-ZUGY-VMMC-01,ZUGY-VMMC-01,1
CN,2605,DAKPA,AKLAS,W189,CN-2605-GOPTO-ZGSZ-02,GOPTO-ZGSZ-02,3
CN,2605,DAKPA,AKLAS,W189,CN-2605-GOPTO-ZPPP-01,GOPTO-ZPPP-01,3
CN,2605,DAKPA,AKLAS,W189,CN-2605-GOPTO-ZUUU-02,GOPTO-ZUUU-02,3
CN,2605,DAKPA,AKLAS,W189,CN-2605-SG-G470-TAMOT,SG-G470-TAMOT,12
CN,2605,DAKPA,AKLAS,W189,CN-2605-SG-G470-VHHH,SG-G470-VHHH,12
CN,2605,DAKPA,AKLAS,W189,CN-2605-SGM-G470-TAMOT,SGM-G470-TAMOT,12
CN,2605,DAKPA,AKLAS,W189,CN-2605-SGM-G470-VHHH,SGM-G470-VHHH,12
CN,2605,DAKPA,AKLAS,W189,CN-2605-SGMN-G470-TAMOT,SGMN-G470-TAMOT,12
CN,2605,DAKPA,AKLAS,W189,CN-2605-SGMN-G470-VHHH,SGMN-G470-VHHH,12
CN,2605,DAKPA,AKLAS,W189,CN-2605-SGMN-VHHH,SGMN-VHHH,11
CN,2605,DAKPA,AKLAS,W189,CN-2605-SGMRK-G470-TAMOT,SGMRK-G470-TAMOT,12
CN,2605,DAKPA,AKLAS,W189,CN-2605-SGMRK-G470-VHHH,SGMRK-G470-VHHH,12
CN,2605,DAKPA,AKLAS,W189,CN-2605-SGMRK-G470/L888-TAMOT,SGMRK-G470/L888-TAMOT,12
CN,2605,DAKPA,AKLAS,W189,CN-2605-SGMRK-G470/L888-VHHH,SGMRK-G470/L888-VHHH,12
CN,2605,DAKPA,AKLAS,W189,CN-2605-SGMRK-G470/Y1-TAMOT,SGMRK-G470/Y1-TAMOT,12
CN,2605,DAKPA,AKLAS,W189,CN-2605-SGMRK-G470/Y1-VHHH,SGMRK-G470/Y1-VHHH,12
CN,2605,DAKPA,AKLAS,W189,CN-2605-SGMRN-G470-TAMOT,SGMRN-G470-TAMOT,12
CN,2605,DAKPA,AKLAS,W189,CN-2605-SGMRN-G470-VHHH,SGMRN-G470-VHHH,12
CN,2605,DAKPA,AKLAS,W189,CN-2605-SGMRN-G470/L888-TAMOT,SGMRN-G470/L888-TAMOT,12
CN,2605,DAKPA,AKLAS,W189,CN-2605-SGMRN-G470/L888-VHHH,SGMRN-G470/L888-VHHH,12
CN,2605,DAKPA,AKLAS,W189,CN-2605-SGMRN-G470/Y1-TAMOT,SGMRN-G470/Y1-TAMOT,12
CN,2605,DAKPA,AKLAS,W189,CN-2605-SGMRN-G470/Y1-VHHH,SGMRN-G470/Y1-VHHH,12
CN,2605,DAKPA,AKLAS,W189,CN-2605-ZWWW-SAGAG-02,ZWWW-SAGAG-02,3
CN,2605,DAKPA,AKLAS,W189,CN-2605-ZWWW-VHHH-01,ZWWW-VHHH-01,3
CN,2605,DAKPA,AKLAS,W189,CN-2605-ZWWW-VMMC-01,ZWWW-VMMC-01,3
CN,2605,DAL,BUBSU,W162,CN-2605-ZPLJ-KATBO-01,ZPLJ-KATBO-01,1
CN,2605,DALIM,AVBOX,W157,CN-2605-LAMEN-ZBAA-01,LAMEN-ZBAA-01,2
CN,2605,DALIM,AVBOX,W157,CN-2605-RCBS-ZBTJ-01,RCBS-ZBTJ-01,6
CN,2605,DALIM,AVBOX,W157,CN-2605-RCFN-ZBTJ-01,RCFN-ZBTJ-01,6
CN,2605,DALIM,AVBOX,W157,CN-2605-RCKH-ZBAA-01,RCKH-ZBAA-01,6
CN,2605,DALIM,AVBOX,W157,CN-2605-RCKH-ZBTJ-01,RCKH-ZBTJ-01,6
CN,2605,DALIM,AVBOX,W157,CN-2605-RCMQ-ZBTJ-01,RCMQ-ZBTJ-01,6
CN,2605,DALIM,AVBOX,W157,CN-2605-RCNN-ZBTJ-01,RCNN-ZBTJ-01,6
CN,2605,DALIM,AVBOX,W157,CN-2605-RCSS-ZBTJ-01,RCSS-ZBTJ-01,6
CN,2605,DALIM,AVBOX,W157,CN-2605-RCTP-ZBAA-01,RCTP-ZBAA-01,6
CN,2605,DALIM,AVBOX,W157,CN-2605-RCTP-ZBTJ-01,RCTP-ZBTJ-01,6
CN,2605,DALIM,AVBOX,W157,CN-2605-RCYU-ZBAA-01,RCYU-ZBAA-01,6
CN,2605,DALIM,AVBOX,W157,CN-2605-RCYU-ZBTJ-01,RCYU-ZBTJ-01,6
CN,2605,DALIM,DPX,A593,CN-2605-BISUN-ZSNJ-01,BISUN-ZSNJ-01,7
CN,2605,DALIM,DPX,A593,CN-2605-KAMUD-ZSAM-01,KAMUD-ZSAM-01,10
CN,2605,DALIM,DPX,A593,CN-2605-KAMUD-ZSPD-01,KAMUD-ZSPD-01,10
CN,2605,DALIM,DPX,A593,CN-2605-MAGIT-ZSHC-02,MAGIT-ZSHC-02,6
CN,2605,DALIM,DPX,A593,CN-2605-MAGIT-ZSNJ-01,MAGIT-ZSNJ-01,6
CN,2605,DALIM,DPX,A593,CN-2605-MAGIT-ZSPD-01,MAGIT-ZSPD-01,6
CN,2605,DALIM,DPX,A593,CN-2605-MAGIT-ZSSS-01,MAGIT-ZSSS-01,6
CN,2605,DALIM,DPX,A593,CN-2605-POLHO-ZSAM-01,POLHO-ZSAM-01,7
CN,2605,DALIM,DPX,A593,CN-2605-POLHO-ZSFZ-01,POLHO-ZSFZ-01,7
CN,2605,DALIM,DPX,A593,CN-2605-POLHO-ZSHC-01,POLHO-ZSHC-01,7
CN,2605,DALIM,DPX,A593,CN-2605-POLHO-ZSNJ-01,POLHO-ZSNJ-01,7
CN,2605,DALIM,DPX,A593,CN-2605-POLHO-ZSPD-01,POLHO-ZSPD-01,7
CN,2605,DALIM,DPX,A593,CN-2605-POLHO-ZSSS-01,POLHO-ZSSS-01,7
CN,2605,DALIM,DPX,A593,CN-2605-PURPA-ZSPD-01,PURPA-ZSPD-01,11
CN,2605,DALIM,DPX,A593,CN-2605-PURPA-ZSPD-03,PURPA-ZSPD-03,11
CN,2605,DALIM,DPX,A593,CN-2605-PURPA-ZSSS-01,PURPA-ZSSS-01,11
CN,2605,DALIM,DPX,A593,CN-2605-PURPA-ZSSS-02,PURPA-ZSSS-02,11
CN,2605,DALIM,DPX,A593,CN-2605-RULAD-ZSPD-01,RULAD-ZSPD-01,10
CN,2605,DALIM,DPX,A593,CN-2605-SARIN-ZSPD-02,SARIN-ZSPD-02,9
CN,2605,DALIM,DPX,A593,CN-2605-SARIN-ZSSS-01,SARIN-ZSSS-01,9
CN,2605,DALIM,DPX,A593,CN-2605-SIMLI-ZSHC-01,SIMLI-ZSHC-01,6
CN,2605,DALIM,DPX,A593,CN-2605-SIMLI-ZSPD-01,SIMLI-ZSPD-01,6
CN,2605,DALIM,DPX,A593,CN-2605-SIMLI-ZSSS-01,SIMLI-ZSSS-01,6
CN,2605,DALIM,PK,A593,CN-2605-POLHO-ZSWZ-01,POLHO-ZSWZ-01,7
CN,2605,DALIM,PK,A593,CN-2605-RULAD-SADLI,RULAD-SADLI,10
CN,2605,DALIM,PK,A593,CN-2605-ZBAA-LAMEN-01,ZBAA-LAMEN-01,3
CN,2605,DALIM,PK,A593,CN-2605-ZBAA-RCKH-01,ZBAA-RCKH-01,3
CN,2605,DALIM,PK,A593,CN-2605-ZBAA-RCTP-01,ZBAA-RCTP-01,3
CN,2605,DALIM,PK,A593,CN-2605-ZBAA-RCYU-01,ZBAA-RCYU-01,3
CN,2605,DALIM,PK,A593,CN-2605-ZBSJ-LAMEN-01,ZBSJ-LAMEN-01,4
CN,2605,DALIM,PK,A593,CN-2605-ZBTJ-RCBS-01,ZBTJ-RCBS-01,3
CN,2605,DALIM,PK,A593,CN-2605-ZBTJ-RCFN-01,ZBTJ-RCFN-01,3
CN,2605,DALIM,PK,A593,CN-2605-ZBTJ-RCKH-01,ZBTJ-RCKH-01,3
CN,2605,DALIM,PK,A593,CN-2605-ZBTJ-RCMQ-01,ZBTJ-RCMQ-01,3
CN,2605,DALIM,PK,A593,CN-2605-ZBTJ-RCNN-01,ZBTJ-RCNN-01,3
CN,2605,DALIM,PK,A593,CN-2605-ZBTJ-RCSS-01,ZBTJ-RCSS-01,3
CN,2605,DALIM,PK,A593,CN-2605-ZBTJ-RCTP-01,ZBTJ-RCTP-01,3
CN,2605,DALIM,PK,A593,CN-2605-ZBTJ-RCYU-01,ZBTJ-RCYU-01,3
CN,2605,DALIM,VYK,W157,CN-2605-SADLI-RULAD,SADLI-RULAD,2
CN,2605,DALIM,VYK,W157,CN-2605-ZSAM-KAMUD-01,ZSAM-KAMUD-01,7
CN,2605,DALIM,VYK,W157,CN-2605-ZSAM-POLHO-01,ZSAM-POLHO-01,7
CN,2605,DALIM,VYK,W157,CN-2605-ZSFZ-POLHO-01,ZSFZ-POLHO-01,5
CN,2605,DALIM,VYK,W157,CN-2605-ZSHC-INTIK-01,ZSHC-INTIK-01,4
CN,2605,DALIM,VYK,W157,CN-2605-ZSHC-POLHO-01,ZSHC-POLHO-01,4
CN,2605,DALIM,VYK,W157,CN-2605-ZSNJ-ARGUK-01,ZSNJ-ARGUK-01,3
CN,2605,DALIM,VYK,W157,CN-2605-ZSNJ-BISUN-01,ZSNJ-BISUN-01,3
CN,2605,DALIM,VYK,W157,CN-2605-ZSNJ-POLHO-01,ZSNJ-POLHO-01,3
CN,2605,DALIM,VYK,W157,CN-2605-ZSPD-ARGUK-01,ZSPD-ARGUK-01,3
CN,2605,DALIM,VYK,W157,CN-2605-ZSPD-INTIK-01,ZSPD-INTIK-01,3
CN,2605,DALIM,VYK,W157,CN-2605-ZSPD-KAMUD-01,ZSPD-KAMUD-01,3
CN,2605,DALIM,VYK,W157,CN-2605-ZSPD-POLHO-01,ZSPD-POLHO-01,3
CN,2605,DALIM,VYK,W157,CN-2605-ZSPD-PURPA-01,ZSPD-PURPA-01,3
CN,2605,DALIM,VYK,W157,CN-2605-ZSPD-PURPA-02,ZSPD-PURPA-02,3
CN,2605,DALIM,VYK,W157,CN-2605-ZSPD-RULAD-01,ZSPD-RULAD-01,3
CN,2605,DALIM,VYK,W157,CN-2605-ZSPD-SARIN-01,ZSPD-SARIN-01,3
CN,2605,DALIM,VYK,W157,CN-2605-ZSPD-SIMLI-01,ZSPD-SIMLI-01,3
CN,2605,DALIM,VYK,W157,CN-2605-ZSSS-ARGUK-01,ZSSS-ARGUK-01,3
CN,2605,DALIM,VYK,W157,CN-2605-ZSSS-POLHO-01,ZSSS-POLHO-01,3
CN,2605,DALIM,VYK,W157,CN-2605-ZSSS-PURPA-01,ZSSS-PURPA-01,3
CN,2605,DALIM,VYK,W157,CN-2605-ZSSS-PURPA-02,ZSSS-PURPA-02,3
CN,2605,DALIM,VYK,W157,CN-2605-ZSSS-SARIN-01,ZSSS-SARIN-01,3
CN,2605,DALIM,VYK,W157,CN-2605-ZSSS-SIMLI-01,ZSSS-SIMLI-01,3
CN,2605,DALIM,VYK,W157,CN-2605-ZSWZ-POLHO-01,ZSWZ-POLHO-01,6
CN,2605,DALNU,ZJ,W166,CN-2605-KAMUD-ZSPD-01,KAMUD-ZSPD-01,12
CN,2605,DALNU,ZJ,W166,CN-2605-MAGIT-ZSPD-01,MAGIT-ZSPD-01,8
CN,2605,DALNU,ZJ,W166,CN-2605-MAGIT-ZSSS-01,MAGIT-ZSSS-01,8
CN,2605,DALNU,ZJ,W166,CN-2605-POLHO-ZSPD-01,POLHO-ZSPD-01,9
CN,2605,DALNU,ZJ,W166,CN-2605-POLHO-ZSSS-01,POLHO-ZSSS-01,9
CN,2605,DALNU,ZJ,W166,CN-2605-PURPA-ZSPD-01,PURPA-ZSPD-01,13
CN,2605,DALNU,ZJ,W166,CN-2605-PURPA-ZSPD-03,PURPA-ZSPD-03,13
CN,2605,DALNU,ZJ,W166,CN-2605-PURPA-ZSSS-01,PURPA-ZSSS-01,13
CN,2605,DALNU,ZJ,W166,CN-2605-PURPA-ZSSS-02,PURPA-ZSSS-02,13
CN,2605,DALNU,ZJ,W166,CN-2605-RULAD-ZSPD-01,RULAD-ZSPD-01,12
CN,2605,DALNU,ZJ,W166,CN-2605-SARIN-ZSPD-02,SARIN-ZSPD-02,11
CN,2605,DALNU,ZJ,W166,CN-2605-SARIN-ZSSS-01,SARIN-ZSSS-01,11
CN,2605,DALNU,ZJ,W166,CN-2605-SIMLI-ZSPD-01,SIMLI-ZSPD-01,8
CN,2605,DALNU,ZJ,W166,CN-2605-SIMLI-ZSSS-01,SIMLI-ZSSS-01,8
CN,2605,DBL,EKULI,W5,CN-2605-BISUN-ZBTJ-01,BISUN-ZBTJ-01,5
CN,2605,DBL,EKULI,W5,CN-2605-MAGIT-ZBTJ-01,MAGIT-ZBTJ-01,5
CN,2605,DBL,EKULI,W5,CN-2605-SIMLI-ZBTJ-01,SIMLI-ZBTJ-01,3
CN,2605,DBL,GUMED,W5,CN-2605-MAGIT-ZSYT-01,MAGIT-ZSYT-01,5
CN,2605,DKO,ELAPU,W64,CN-2605-KAMUD-ZBAD-01,KAMUD-ZBAD-01,5
CN,2605,DKO,ELAPU,W64,CN-2605-OGIGI-ZBAD-01,OGIGI-ZBAD-01,6
CN,2605,DKO,ELAPU,W64,CN-2605-PURPA-ZBAD-01,PURPA-ZBAD-01,6
CN,2605,DKO,ELAPU,W64,CN-2605-PURPA-ZBAD-02,PURPA-ZBAD-02,6
CN,2605,DKO,ELAPU,W64,CN-2605-RULAD-ZBAD-01,RULAD-ZBAD-01,5
CN,2605,DKO,ELAPU,W64,CN-2605-SARIN-ZBAD-01,SARIN-ZBAD-01,4
CN,2605,DKO,ESPED,W66,CN-2605-ZBDS-MORIT-01,ZBDS-MORIT-01,3
CN,2605,DKO,ESPED,W66,CN-2605-ZBDS-MORIT-02,ZBDS-MORIT-02,2
CN,2605,DKO,GUVBA,W69,CN-2605-AGVUT-ZBAA-01R,AGVUT-ZBAA-01R,5
CN,2605,DKO,GUVBA,W69,CN-2605-AGVUT-ZBAA-02R,AGVUT-ZBAA-02R,7
CN,2605,DKO,GUVBA,W69,CN-2605-KAMUD-ZBAA-01,KAMUD-ZBAA-01,5
CN,2605,DKO,GUVBA,W69,CN-2605-KAMUD-ZBTJ-01,KAMUD-ZBTJ-01,5
CN,2605,DKO,GUVBA,W69,CN-2605-PURPA-ZBAA-01,PURPA-ZBAA-01,6
CN,2605,DKO,GUVBA,W69,CN-2605-PURPA-ZBAA-02,PURPA-ZBAA-02,6
CN,2605,DKO,GUVBA,W69,CN-2605-PURPA-ZBTJ-01,PURPA-ZBTJ-01,6
CN,2605,DKO,GUVBA,W69,CN-2605-PURPA-ZBTJ-02,PURPA-ZBTJ-02,6
CN,2605,DKO,GUVBA,W69,CN-2605-RULAD-ZBAA-01,RULAD-ZBAA-01,5
CN,2605,DKO,GUVBA,W69,CN-2605-RULAD-ZBTJ-01,RULAD-ZBTJ-01,5
CN,2605,DKO,GUVBA,W69,CN-2605-SARIN-ZBAA-01,SARIN-ZBAA-01,4
CN,2605,DKO,GUVBA,W69,CN-2605-SARIN-ZBTJ-01,SARIN-ZBTJ-01,4
CN,2605,DKO,HUR,W69,CN-2605-KAMUD-AGAVO,KAMUD-AGAVO,5
CN,2605,DKO,HUR,W69,CN-2605-KAMUD-ZSAM-01,KAMUD-ZSAM-01,5
CN,2605,DKO,HUR,W69,CN-2605-KAMUD-ZSPD-01,KAMUD-ZSPD-01,5
CN,2605,DKO,HUR,W69,CN-2605-PURPA-W112-AGAVO,PURPA-W112-AGAVO,6
CN,2605,DKO,HUR,W69,CN-2605-PURPA-ZSPD-01,PURPA-ZSPD-01,6
CN,2605,DKO,HUR,W69,CN-2605-PURPA-ZSPD-03,PURPA-ZSPD-03,6
CN,2605,DKO,HUR,W69,CN-2605-PURPA-ZSSS-01,PURPA-ZSSS-01,6
CN,2605,DKO,HUR,W69,CN-2605-PURPA-ZSSS-02,PURPA-ZSSS-02,6
CN,2605,DKO,HUR,W69,CN-2605-PURPA-ZYTL-01,PURPA-ZYTL-01,6
CN,2605,DKO,HUR,W69,CN-2605-PURPA-ZYTL-02,PURPA-ZYTL-02,6
CN,2605,DKO,HUR,W69,CN-2605-RK-AGAVO,RK-AGAVO,5
CN,2605,DKO,HUR,W69,CN-2605-RK-AGAVO,RK-AGAVO,17
CN,2605,DKO,HUR,W69,CN-2605-RKL-AGAVO,RKL-AGAVO,5
CN,2605,DKO,HUR,W69,CN-2605-RKL-AGAVO,RKL-AGAVO,17
CN,2605,DKO,HUR,W69,CN-2605-RULAD-AGAVO,RULAD-AGAVO,5
CN,2605,DKO,HUR,W69,CN-2605-RULAD-SADLI,RULAD-SADLI,5
CN,2605,DKO,HUR,W69,CN-2605-RULAD-ZSPD-01,RULAD-ZSPD-01,5
CN,2605,DKO,HUR,W69,CN-2605-RULAD-ZSYT-01,RULAD-ZSYT-01,5
CN,2605,DKO,HUR,W69,CN-2605-SARIN-AGAVO,SARIN-AGAVO,4
CN,2605,DKO,HUR,W69,CN-2605-SARIN-ZSJN-01,SARIN-ZSJN-01,4
CN,2605,DKO,HUR,W69,CN-2605-SARIN-ZSPD-02,SARIN-ZSPD-02,4
CN,2605,DKO,HUR,W69,CN-2605-SARIN-ZSSS-01,SARIN-ZSSS-01,4
CN,2605,DKO,HUR,W69,CN-2605-SARIN-ZSYT-01,SARIN-ZSYT-01,4
CN,2605,DKO,HUR,W69,CN-2605-SRK-AGAVO,SRK-AGAVO,4
CN,2605,DKO,HUR,W69,CN-2605-SRK-AGAVO,SRK-AGAVO,16
CN,2605,DKO,HUR,W69,CN-2605-SRK-AGAVO,SRK-AGAVO,28
CN,2605,DKO,HUR,W69,CN-2605-ZLDH-AGAVO-01,ZLDH-AGAVO-01,4
CN,2605,DKO,HUR,W69,CN-2605-ZWWW-AGAVO-01,ZWWW-AGAVO-01,4
CN,2605,DKO,NUKTI,W66,CN-2605-AGAVO-W104-SARIN,AGAVO-W104-SARIN,12
CN,2605,DKO,NUKTI,W66,CN-2605-ZBHH-SARIN-01,ZBHH-SARIN-01,2
CN,2605,DKO,NUTLO,W64,CN-2605-KAMUD-ZSHC-01,KAMUD-ZSHC-01,5
CN,2605,DKO,NUTLO,W64,CN-2605-PURPA-ZSPD-02,PURPA-ZSPD-02,6
CN,2605,DKO,NUTLO,W64,CN-2605-PURPA-ZSPD-04,PURPA-ZSPD-04,6
CN,2605,DKO,NUTLO,W64,CN-2605-RULAD-ZHCC-01,RULAD-ZHCC-01,5
CN,2605,DKO,NUTLO,W64,CN-2605-SARIN-ZHCC-01,SARIN-ZHCC-01,4
CN,2605,DKO,NUTLO,W64,CN-2605-SARIN-ZSCN-02,SARIN-ZSCN-02,4
CN,2605,DKO,NUTLO,W64,CN-2605-SARIN-ZSHC-01,SARIN-ZSHC-01,4
CN,2605,DKO,NUTLO,W64,CN-2605-SARIN-ZSPD-01,SARIN-ZSPD-01,4
CN,2605,DKO,NUTLO,W64,CN-2605-ZWWW-RCTP-01,ZWWW-RCTP-01,4
CN,2605,DKO,OMGEL,W64,CN-2605-MORIT-ZBDS-01,MORIT-ZBDS-01,3
CN,2605,DKO,VALNI,W64,CN-2605-SARIN-ZBHH-01,SARIN-ZBHH-01,4
CN,2605,DM,CZH,W9,CN-2605-NONIM-ZBAA-01,NONIM-ZBAA-01,3
CN,2605,DM,CZH,W9,CN-2605-NONIM-ZBAD-01,NONIM-ZBAD-01,3
CN,2605,DM,CZH,W9,CN-2605-NONIM-ZLXY-01,NONIM-ZLXY-01,3
CN,2605,DM,CZH,W9,CN-2605-NONIM-ZUCK-01,NONIM-ZUCK-01,3
CN,2605,DM,LADUP,W9,CN-2605-NONIM-ZUTF-01,NONIM-ZUTF-01,3
CN,2605,DM,LADUP,W9,CN-2605-NONIM-ZUUU-01,NONIM-ZUUU-01,3
CN,2605,DNC,BIGUX,W565,CN-2605-AGVUT-ZGGG-01R,AGVUT-ZGGG-01R,5
CN,2605,DNC,BIGUX,W565,CN-2605-AGVUT-ZGGG-02R,AGVUT-ZGGG-02R,6
CN,2605,DNC,BIGUX,W565,CN-2605-AGVUT-ZGSZ-01R,AGVUT-ZGSZ-01R,6
CN,2605,DNC,BIGUX,W565,CN-2605-AGVUT-ZLXY-01R,AGVUT-ZLXY-01R,6
CN,2605,DNC,BIGUX,W565,CN-2605-AGVUT-ZUTF-01R,AGVUT-ZUTF-01R,6
CN,2605,DNC,BIGUX,W565,CN-2605-GOPTO-ZGSZ-01,GOPTO-ZGSZ-01,5
CN,2605,DNC,BIGUX,W565,CN-2605-GOPTO-ZGSZ-02,GOPTO-ZGSZ-02,6
CN,2605,DNC,BIGUX,W565,CN-2605-GOPTO-ZPPP-01,GOPTO-ZPPP-01,6
CN,2605,DNC,BIGUX,W565,CN-2605-GOPTO-ZUUU-01,GOPTO-ZUUU-01,5
CN,2605,DNC,BIGUX,W565,CN-2605-GOPTO-ZUUU-02,GOPTO-ZUUU-02,6
CN,2605,DNC,BIGUX,W565,CN-2605-KAMUD-G470-TAMOT,KAMUD-G470-TAMOT,5
CN,2605,DNC,BIGUX,W565,CN-2605-KAMUD-G470-VHHH,KAMUD-G470-VHHH,5
CN,2605,DNC,BIGUX,W565,CN-2605-KAMUD-SAGAG,KAMUD-SAGAG,5
CN,2605,DNC,BIGUX,W565,CN-2605-KAMUD-W186-VHHH,KAMUD-W186-VHHH,5
CN,2605,DNC,BIGUX,W565,CN-2605-KAMUD-ZGGG-01,KAMUD-ZGGG-01,5
CN,2605,DNC,BIGUX,W565,CN-2605-KAMUD-ZGGG-02,KAMUD-ZGGG-02,5
CN,2605,DNC,BIGUX,W565,CN-2605-KAMUD-ZLXY-01,KAMUD-ZLXY-01,5
CN,2605,DNC,BIGUX,W565,CN-2605-KAMUD-ZLXY-02,KAMUD-ZLXY-02,5
CN,2605,DNC,BIGUX,W565,CN-2605-KAMUD-ZSNJ-01,KAMUD-ZSNJ-01,5
CN,2605,DNC,BIGUX,W565,CN-2605-KAMUD-ZUCK-01,KAMUD-ZUCK-01,5
CN,2605,DNC,BIGUX,W565,CN-2605-KAMUD-ZUTF-01,KAMUD-ZUTF-01,5
CN,2605,DNC,BIGUX,W565,CN-2605-KAMUD-ZUTF-03,KAMUD-ZUTF-03,5
CN,2605,DNC,BIGUX,W565,CN-2605-KAMUD-ZUUU-01,KAMUD-ZUUU-01,5
CN,2605,DNC,BIGUX,W565,CN-2605-OGIGI-ZGGG-01,OGIGI-ZGGG-01,6
CN,2605,DNC,BIGUX,W565,CN-2605-OGIGI-ZLXY-01,OGIGI-ZLXY-01,6
CN,2605,DNC,BIGUX,W565,CN-2605-PURPA-W112-VHHH,PURPA-W112-VHHH,3
CN,2605,DNC,BIGUX,W565,CN-2605-PURPA-ZLXY-01,PURPA-ZLXY-01,4
CN,2605,DNC,BIGUX,W565,CN-2605-PURPA-ZUCK-01,PURPA-ZUCK-01,4
CN,2605,DNC,BIGUX,W565,CN-2605-RULAD-G470-SAGAG,RULAD-G470-SAGAG,5
CN,2605,DNC,BIGUX,W565,CN-2605-RULAD-G470-TAMOT,RULAD-G470-TAMOT,5
CN,2605,DNC,BIGUX,W565,CN-2605-RULAD-G470-VHHH,RULAD-G470-VHHH,5
CN,2605,DNC,BIGUX,W565,CN-2605-RULAD-LINSO,RULAD-LINSO,5
CN,2605,DNC,BIGUX,W565,CN-2605-RULAD-ZGGG-01,RULAD-ZGGG-01,5
CN,2605,DNC,BIGUX,W565,CN-2605-RULAD-ZGSZ-01,RULAD-ZGSZ-01,5
CN,2605,DNC,BIGUX,W565,CN-2605-RULAD-ZJHK-02,RULAD-ZJHK-02,5
CN,2605,DNC,BIGUX,W565,CN-2605-RULAD-ZJSY-02,RULAD-ZJSY-02,5
CN,2605,DNC,BIGUX,W565,CN-2605-RULAD-ZLXY-02,RULAD-ZLXY-02,5
CN,2605,DNC,BIGUX,W565,CN-2605-RULAD-ZUCK-01,RULAD-ZUCK-01,5
CN,2605,DNC,BIGUX,W565,CN-2605-RULAD-ZUTF-01,RULAD-ZUTF-01,5
CN,2605,DNC,BIGUX,W565,CN-2605-RULAD-ZUUU-01,RULAD-ZUUU-01,5
CN,2605,DNC,BIGUX,W565,CN-2605-SARIN-G470-SAGAG,SARIN-G470-SAGAG,4
CN,2605,DNC,BIGUX,W565,CN-2605-SARIN-G470-TAMOT,SARIN-G470-TAMOT,4
CN,2605,DNC,BIGUX,W565,CN-2605-SARIN-G470-TEBAK,SARIN-G470-TEBAK,4
CN,2605,DNC,BIGUX,W565,CN-2605-SARIN-G470-VHHH,SARIN-G470-VHHH,4
CN,2605,DNC,BIGUX,W565,CN-2605-SARIN-LINSO,SARIN-LINSO,4
CN,2605,DNC,BIGUX,W565,CN-2605-SARIN-ZGGG-01,SARIN-ZGGG-01,4
CN,2605,DNC,BIGUX,W565,CN-2605-SARIN-ZGSZ-01,SARIN-ZGSZ-01,4
CN,2605,DNC,BIGUX,W565,CN-2605-SARIN-ZJSY-02,SARIN-ZJSY-02,4
CN,2605,DNC,BIGUX,W565,CN-2605-SARIN-ZLXY-02,SARIN-ZLXY-02,4
CN,2605,DNC,BIGUX,W565,CN-2605-SARIN-ZPPP-01,SARIN-ZPPP-01,4
CN,2605,DNC,BIGUX,W565,CN-2605-SARIN-ZSCN-01,SARIN-ZSCN-01,4
CN,2605,DNC,BIGUX,W565,CN-2605-SARIN-ZSNJ-01,SARIN-ZSNJ-01,4
CN,2605,DNC,BIGUX,W565,CN-2605-SARIN-ZUCK-01,SARIN-ZUCK-01,4
CN,2605,DNC,BIGUX,W565,CN-2605-SARIN-ZUGY-02,SARIN-ZUGY-02,4
CN,2605,DNC,BIGUX,W565,CN-2605-SARIN-ZUTF-01,SARIN-ZUTF-01,4
CN,2605,DNC,BIGUX,W565,CN-2605-SARIN-ZUUU-01,SARIN-ZUUU-01,4
CN,2605,DNC,BIGUX,W565,CN-2605-SG-G470-TAMOT,SG-G470-TAMOT,4
CN,2605,DNC,BIGUX,W565,CN-2605-SG-G470-TAMOT,SG-G470-TAMOT,15
CN,2605,DNC,BIGUX,W565,CN-2605-SG-G470-VHHH,SG-G470-VHHH,4
CN,2605,DNC,BIGUX,W565,CN-2605-SG-G470-VHHH,SG-G470-VHHH,15
CN,2605,DNC,BIGUX,W565,CN-2605-SGM-G470-TAMOT,SGM-G470-TAMOT,4
CN,2605,DNC,BIGUX,W565,CN-2605-SGM-G470-TAMOT,SGM-G470-TAMOT,15
CN,2605,DNC,BIGUX,W565,CN-2605-SGM-G470-VHHH,SGM-G470-VHHH,4
CN,2605,DNC,BIGUX,W565,CN-2605-SGM-G470-VHHH,SGM-G470-VHHH,15
CN,2605,DNC,BIGUX,W565,CN-2605-SGMN-G470-TAMOT,SGMN-G470-TAMOT,4
CN,2605,DNC,BIGUX,W565,CN-2605-SGMN-G470-TAMOT,SGMN-G470-TAMOT,15
CN,2605,DNC,BIGUX,W565,CN-2605-SGMN-G470-VHHH,SGMN-G470-VHHH,4
CN,2605,DNC,BIGUX,W565,CN-2605-SGMN-G470-VHHH,SGMN-G470-VHHH,15
CN,2605,DNC,BIGUX,W565,CN-2605-SGMN-VHHH,SGMN-VHHH,14
CN,2605,DNC,BIGUX,W565,CN-2605-SGMRK-G470-TAMOT,SGMRK-G470-TAMOT,4
CN,2605,DNC,BIGUX,W565,CN-2605-SGMRK-G470-TAMOT,SGMRK-G470-TAMOT,15
CN,2605,DNC,BIGUX,W565,CN-2605-SGMRK-G470-TAMOT,SGMRK-G470-TAMOT,30
CN,2605,DNC,BIGUX,W565,CN-2605-SGMRK-G470-TAMOT,SGMRK-G470-TAMOT,40
CN,2605,DNC,BIGUX,W565,CN-2605-SGMRK-G470-VHHH,SGMRK-G470-VHHH,4
CN,2605,DNC,BIGUX,W565,CN-2605-SGMRK-G470-VHHH,SGMRK-G470-VHHH,15
CN,2605,DNC,BIGUX,W565,CN-2605-SGMRK-G470-VHHH,SGMRK-G470-VHHH,30
CN,2605,DNC,BIGUX,W565,CN-2605-SGMRK-G470-VHHH,SGMRK-G470-VHHH,40
CN,2605,DNC,BIGUX,W565,CN-2605-SGMRK-G470/L888-TAMOT,SGMRK-G470/L888-TAMOT,4
CN,2605,DNC,BIGUX,W565,CN-2605-SGMRK-G470/L888-TAMOT,SGMRK-G470/L888-TAMOT,15
CN,2605,DNC,BIGUX,W565,CN-2605-SGMRK-G470/L888-VHHH,SGMRK-G470/L888-VHHH,4
CN,2605,DNC,BIGUX,W565,CN-2605-SGMRK-G470/L888-VHHH,SGMRK-G470/L888-VHHH,15
CN,2605,DNC,BIGUX,W565,CN-2605-SGMRK-G470/Y1-TAMOT,SGMRK-G470/Y1-TAMOT,4
CN,2605,DNC,BIGUX,W565,CN-2605-SGMRK-G470/Y1-TAMOT,SGMRK-G470/Y1-TAMOT,15
CN,2605,DNC,BIGUX,W565,CN-2605-SGMRK-G470/Y1-VHHH,SGMRK-G470/Y1-VHHH,4
CN,2605,DNC,BIGUX,W565,CN-2605-SGMRK-G470/Y1-VHHH,SGMRK-G470/Y1-VHHH,15
CN,2605,DNC,BIGUX,W565,CN-2605-SGMRN-G470-TAMOT,SGMRN-G470-TAMOT,4
CN,2605,DNC,BIGUX,W565,CN-2605-SGMRN-G470-TAMOT,SGMRN-G470-TAMOT,15
CN,2605,DNC,BIGUX,W565,CN-2605-SGMRN-G470-TAMOT,SGMRN-G470-TAMOT,30
CN,2605,DNC,BIGUX,W565,CN-2605-SGMRN-G470-VHHH,SGMRN-G470-VHHH,4
CN,2605,DNC,BIGUX,W565,CN-2605-SGMRN-G470-VHHH,SGMRN-G470-VHHH,15
CN,2605,DNC,BIGUX,W565,CN-2605-SGMRN-G470-VHHH,SGMRN-G470-VHHH,30
CN,2605,DNC,BIGUX,W565,CN-2605-SGMRN-G470/L888-TAMOT,SGMRN-G470/L888-TAMOT,4
CN,2605,DNC,BIGUX,W565,CN-2605-SGMRN-G470/L888-TAMOT,SGMRN-G470/L888-TAMOT,15
CN,2605,DNC,BIGUX,W565,CN-2605-SGMRN-G470/L888-VHHH,SGMRN-G470/L888-VHHH,4
CN,2605,DNC,BIGUX,W565,CN-2605-SGMRN-G470/L888-VHHH,SGMRN-G470/L888-VHHH,15
CN,2605,DNC,BIGUX,W565,CN-2605-SGMRN-G470/Y1-TAMOT,SGMRN-G470/Y1-TAMOT,4
CN,2605,DNC,BIGUX,W565,CN-2605-SGMRN-G470/Y1-TAMOT,SGMRN-G470/Y1-TAMOT,15
CN,2605,DNC,BIGUX,W565,CN-2605-SGMRN-G470/Y1-VHHH,SGMRN-G470/Y1-VHHH,4
CN,2605,DNC,BIGUX,W565,CN-2605-SGMRN-G470/Y1-VHHH,SGMRN-G470/Y1-VHHH,15
CN,2605,DNC,BIGUX,W565,CN-2605-SM-TAMOT,SM-TAMOT,4
CN,2605,DNC,BIGUX,W565,CN-2605-SM-VHHH,SM-VHHH,4
CN,2605,DNC,BIGUX,W565,CN-2605-SRK-L888-TAMOT,SRK-L888-TAMOT,4
CN,2605,DNC,BIGUX,W565,CN-2605-SRK-L888-VHHH,SRK-L888-VHHH,4
CN,2605,DNC,BIGUX,W565,CN-2605-SRK-TAMOT,SRK-TAMOT,4
CN,2605,DNC,BIGUX,W565,CN-2605-SRK-TAMOT,SRK-TAMOT,14
CN,2605,DNC,BIGUX,W565,CN-2605-SRK-TAMOT,SRK-TAMOT,24
CN,2605,DNC,BIGUX,W565,CN-2605-SRK-VHHH,SRK-VHHH,4
CN,2605,DNC,BIGUX,W565,CN-2605-SRK-VHHH,SRK-VHHH,14
CN,2605,DNC,BIGUX,W565,CN-2605-SRK-VHHH,SRK-VHHH,24
CN,2605,DNC,BIGUX,W565,CN-2605-SRK-Y1-TAMOT,SRK-Y1-TAMOT,4
CN,2605,DNC,BIGUX,W565,CN-2605-SRK-Y1-VHHH,SRK-Y1-VHHH,4
CN,2605,DNC,BIGUX,W565,CN-2605-SRKL-VHHH,SRKL-VHHH,13
CN,2605,DNC,BIGUX,W565,CN-2605-SRKL-VHHH,SRKL-VHHH,23
CN,2605,DNC,BIGUX,W565,CN-2605-SRKL-W191-TAMOT,SRKL-W191-TAMOT,4
CN,2605,DNC,BIGUX,W565,CN-2605-SRKL-W191-TAMOT,SRKL-W191-TAMOT,14
CN,2605,DNC,BIGUX,W565,CN-2605-SRKL-W191-TAMOT,SRKL-W191-TAMOT,24
CN,2605,DNC,BIGUX,W565,CN-2605-SRKL-W191-VHHH,SRKL-W191-VHHH,4
CN,2605,DNC,BIGUX,W565,CN-2605-SRKL-W191-VHHH,SRKL-W191-VHHH,14
CN,2605,DNC,BIGUX,W565,CN-2605-SRKL-W191-VHHH,SRKL-W191-VHHH,24
CN,2605,DNC,BIGUX,W565,CN-2605-SRKL-W191/L888-TAMOT,SRKL-W191/L888-TAMOT,4
CN,2605,DNC,BIGUX,W565,CN-2605-SRKL-W191/L888-VHHH,SRKL-W191/L888-VHHH,4
CN,2605,DNC,BIGUX,W565,CN-2605-SRKL-W191/Y1-TAMOT,SRKL-W191/Y1-TAMOT,4
CN,2605,DNC,BIGUX,W565,CN-2605-SRKL-W191/Y1-VHHH,SRKL-W191/Y1-VHHH,4
CN,2605,DNC,BIGUX,W565,CN-2605-SRL-VHHH,SRL-VHHH,13
CN,2605,DNC,BIGUX,W565,CN-2605-SRL-W191-TAMOT,SRL-W191-TAMOT,4
CN,2605,DNC,BIGUX,W565,CN-2605-SRL-W191-TAMOT,SRL-W191-TAMOT,14
CN,2605,DNC,BIGUX,W565,CN-2605-SRL-W191-VHHH,SRL-W191-VHHH,4
CN,2605,DNC,BIGUX,W565,CN-2605-SRL-W191-VHHH,SRL-W191-VHHH,14
CN,2605,DNC,BIGUX,W565,CN-2605-SRL-W191/L888-TAMOT,SRL-W191/L888-TAMOT,4
CN,2605,DNC,BIGUX,W565,CN-2605-SRL-W191/L888-VHHH,SRL-W191/L888-VHHH,4
CN,2605,DNC,BIGUX,W565,CN-2605-SRL-W191/Y1-TAMOT,SRL-W191/Y1-TAMOT,4
CN,2605,DNC,BIGUX,W565,CN-2605-SRL-W191/Y1-VHHH,SRL-W191/Y1-VHHH,4
CN,2605,DNC,BIGUX,W565,CN-2605-ZWWW-SAGAG-02,ZWWW-SAGAG-02,6
CN,2605,DNC,BIGUX,W565,CN-2605-ZWWW-VHHH-01,ZWWW-VHHH-01,6
CN,2605,DNC,BIGUX,W565,CN-2605-ZWWW-VMMC-01,ZWWW-VMMC-01,6
CN,2605,DNH,MAGIV,W187,CN-2605-ZUCK-PURPA-01,ZUCK-PURPA-01,7
CN,2605,DNH,NIXUK,W621,CN-2605-AGVUT-ZBAA-02R,AGVUT-ZBAA-02R,4
CN,2605,DNH,NIXUK,W621,CN-2605-PURPA-W112-AGAVO,PURPA-W112-AGAVO,3
CN,2605,DNH,NIXUK,W621,CN-2605-PURPA-W112-SAGAG,PURPA-W112-SAGAG,3
CN,2605,DNH,NIXUK,W621,CN-2605-PURPA-ZBAA-01,PURPA-ZBAA-01,3
CN,2605,DNH,NIXUK,W621,CN-2605-PURPA-ZBAA-02,PURPA-ZBAA-02,3
CN,2605,DNH,NIXUK,W621,CN-2605-PURPA-ZBAD-01,PURPA-ZBAD-01,3
CN,2605,DNH,NIXUK,W621,CN-2605-PURPA-ZBAD-02,PURPA-ZBAD-02,3
CN,2605,DNH,NIXUK,W621,CN-2605-PURPA-ZBTJ-01,PURPA-ZBTJ-01,3
CN,2605,DNH,NIXUK,W621,CN-2605-PURPA-ZBTJ-02,PURPA-ZBTJ-02,3
CN,2605,DNH,NIXUK,W621,CN-2605-PURPA-ZSPD-01,PURPA-ZSPD-01,3
CN,2605,DNH,NIXUK,W621,CN-2605-PURPA-ZSPD-02,PURPA-ZSPD-02,3
CN,2605,DNH,NIXUK,W621,CN-2605-PURPA-ZSPD-03,PURPA-ZSPD-03,3
CN,2605,DNH,NIXUK,W621,CN-2605-PURPA-ZSPD-04,PURPA-ZSPD-04,3
CN,2605,DNH,NIXUK,W621,CN-2605-PURPA-ZSSS-01,PURPA-ZSSS-01,3
CN,2605,DNH,NIXUK,W621,CN-2605-PURPA-ZSSS-02,PURPA-ZSSS-02,3
CN,2605,DNH,NIXUK,W621,CN-2605-PURPA-ZYTL-01,PURPA-ZYTL-01,3
CN,2605,DNH,NIXUK,W621,CN-2605-PURPA-ZYTL-02,PURPA-ZYTL-02,3
CN,2605,DNH,NIXUK,W621,CN-2605-ZLDH-AGAVO-01,ZLDH-AGAVO-01,1
CN,2605,DNH,NIXUK,W621,CN-2605-ZLDH-SAGAG-01,ZLDH-SAGAG-01,1
CN,2605,DNH,SADAN,W187,CN-2605-ZUTF-KAMUD-01,ZUTF-KAMUD-01,6
CN,2605,DNH,SADAN,W187,CN-2605-ZUUU-KAMUD-01,ZUUU-KAMUD-01,6
CN,2605,DO,DPX,W126,CN-2605-BEKOL-ZSLY-01,BEKOL-ZSLY-01,7
CN,2605,DO,DPX,W126,CN-2605-TEBAK-ZSLY-01,TEBAK-ZSLY-01,9
CN,2605,DO,DPX,W126,CN-2605-ZSXZ-MAGOG-01,ZSXZ-MAGOG-01,1
CN,2605,DO,DPX,W126,CN-2605-ZSXZ-RCKH-01,ZSXZ-RCKH-01,1
CN,2605,DO,DPX,W126,CN-2605-ZSXZ-RCTP-01,ZSXZ-RCTP-01,1
CN,2605,DO,DPX,W126,CN-2605-ZSXZ-RCYU-01,ZSXZ-RCYU-01,1
CN,2605,DO,DPX,W126,CN-2605-ZSXZ-TAMOT-01,ZSXZ-TAMOT-01,1
CN,2605,DO,DPX,W126,CN-2605-ZSXZ-VHHH-01,ZSXZ-VHHH-01,1
CN,2605,DO,OMUDI,W125,CN-2605-ZSXZ-AGAVO-01,ZSXZ-AGAVO-01,1
CN,2605,DO,OMUDI,W125,CN-2605-ZSXZ-LAMEN-01,ZSXZ-LAMEN-01,1
CN,2605,DO,XUZ,W125,CN-2605-ZSLY-TAMOT-01,ZSLY-TAMOT-01,3
CN,2605,DO,XUZ,W125,CN-2605-ZSLY-TEBAK-01,ZSLY-TEBAK-01,3
CN,2605,DOBGA,UDETI,W202,CN-2605-ZSQD-ARGUK-01,ZSQD-ARGUK-01,4
CN,2605,DOBGA,UDETI,W202,CN-2605-ZSQD-SIMLI-01,ZSQD-SIMLI-01,4
CN,2605,DOGVI,DPX,A470,CN-2605-BEKOL-ZSXZ-01,BEKOL-ZSXZ-01,7
CN,2605,DOGVI,DPX,A470,CN-2605-MAGOG-ZSXZ-01,MAGOG-ZSXZ-01,3
CN,2605,DOGVI,DPX,A470,CN-2605-RCBS-ZBTJ-01,RCBS-ZBTJ-01,4
CN,2605,DOGVI,DPX,A470,CN-2605-RCFN-ZBTJ-01,RCFN-ZBTJ-01,4
CN,2605,DOGVI,DPX,A470,CN-2605-RCKH-ZBAA-01,RCKH-ZBAA-01,4
CN,2605,DOGVI,DPX,A470,CN-2605-RCKH-ZBTJ-01,RCKH-ZBTJ-01,4
CN,2605,DOGVI,DPX,A470,CN-2605-RCKH-ZSJN-01,RCKH-ZSJN-01,4
CN,2605,DOGVI,DPX,A470,CN-2605-RCKH-ZSXZ-01,RCKH-ZSXZ-01,4
CN,2605,DOGVI,DPX,A470,CN-2605-RCMQ-ZBTJ-01,RCMQ-ZBTJ-01,4
CN,2605,DOGVI,DPX,A470,CN-2605-RCMQ-ZSJN-01,RCMQ-ZSJN-01,4
CN,2605,DOGVI,DPX,A470,CN-2605-RCNN-ZBTJ-01,RCNN-ZBTJ-01,4
CN,2605,DOGVI,DPX,A470,CN-2605-RCSS-ZBTJ-01,RCSS-ZBTJ-01,4
CN,2605,DOGVI,DPX,A470,CN-2605-RCTP-ZBAA-01,RCTP-ZBAA-01,4
CN,2605,DOGVI,DPX,A470,CN-2605-RCTP-ZBTJ-01,RCTP-ZBTJ-01,4
CN,2605,DOGVI,DPX,A470,CN-2605-RCTP-ZSJN-01,RCTP-ZSJN-01,4
CN,2605,DOGVI,DPX,A470,CN-2605-RCTP-ZSXZ-01,RCTP-ZSXZ-01,4
CN,2605,DOGVI,DPX,A470,CN-2605-RCYU-ZBAA-01,RCYU-ZBAA-01,4
CN,2605,DOGVI,DPX,A470,CN-2605-RCYU-ZBTJ-01,RCYU-ZBTJ-01,4
CN,2605,DOGVI,DPX,A470,CN-2605-RCYU-ZSJN-01,RCYU-ZSJN-01,4
CN,2605,DOGVI,DPX,A470,CN-2605-RCYU-ZSXZ-01,RCYU-ZSXZ-01,4
CN,2605,DOGVI,DPX,A470,CN-2605-VHHH-ZSXZ-01,VHHH-ZSXZ-01,3
CN,2605,DOGVI,DPX,A470,CN-2605-ZSAM-KAMUD-01,ZSAM-KAMUD-01,5
CN,2605,DOGVI,DPX,A470,CN-2605-ZSAM-POLHO-01,ZSAM-POLHO-01,5
CN,2605,DOGVI,DPX,A470,CN-2605-ZSFZ-POLHO-01,ZSFZ-POLHO-01,3
CN,2605,DOGVI,DPX,A470,CN-2605-ZSHC-INTIK-01,ZSHC-INTIK-01,2
CN,2605,DOGVI,DPX,A470,CN-2605-ZSHC-POLHO-01,ZSHC-POLHO-01,2
CN,2605,DOGVI,OF,A470,CN-2605-MAGOG-ZSSH-01,MAGOG-ZSSH-01,3
CN,2605,DOGVI,OF,A470,CN-2605-RCTP-ZSSH-01,RCTP-ZSSH-01,4
CN,2605,DOGVI,OF,A470,CN-2605-VHHH-ZSSH-01,VHHH-ZSSH-01,3
CN,2605,DOGVI,VEMEX,W545,CN-2605-RCBS-ZLXY-01,RCBS-ZLXY-01,4
CN,2605,DOGVI,VEMEX,W545,CN-2605-RCKH-ZBSJ-01,RCKH-ZBSJ-01,4
CN,2605,DOGVI,VEMEX,W545,CN-2605-RCKH-ZBYN-01,RCKH-ZBYN-01,4
CN,2605,DOGVI,VEMEX,W545,CN-2605-RCKH-ZHCC-01,RCKH-ZHCC-01,4
CN,2605,DOGVI,VEMEX,W545,CN-2605-RCKH-ZHHH-01,RCKH-ZHHH-01,4
CN,2605,DOGVI,VEMEX,W545,CN-2605-RCKH-ZLXY-01,RCKH-ZLXY-01,4
CN,2605,DOGVI,VEMEX,W545,CN-2605-RCKH-ZSCN-01,RCKH-ZSCN-01,4
CN,2605,DOGVI,VEMEX,W545,CN-2605-RCMQ-ZBYN-01,RCMQ-ZBYN-01,4
CN,2605,DOGVI,VEMEX,W545,CN-2605-RCMQ-ZLXY-01,RCMQ-ZLXY-01,4
CN,2605,DOGVI,VEMEX,W545,CN-2605-RCNN-ZHHH-01,RCNN-ZHHH-01,4
CN,2605,DOGVI,VEMEX,W545,CN-2605-RCQC-ZLXY-01,RCQC-ZLXY-01,4
CN,2605,DOGVI,VEMEX,W545,CN-2605-RCSS-ZHHH-01,RCSS-ZHHH-01,4
CN,2605,DOGVI,VEMEX,W545,CN-2605-RCTP-ZBHH-01,RCTP-ZBHH-01,4
CN,2605,DOGVI,VEMEX,W545,CN-2605-RCTP-ZBSJ-01,RCTP-ZBSJ-01,4
CN,2605,DOGVI,VEMEX,W545,CN-2605-RCTP-ZBYN-01,RCTP-ZBYN-01,4
CN,2605,DOGVI,VEMEX,W545,CN-2605-RCTP-ZGDY-01,RCTP-ZGDY-01,4
CN,2605,DOGVI,VEMEX,W545,CN-2605-RCTP-ZHCC-01,RCTP-ZHCC-01,4
CN,2605,DOGVI,VEMEX,W545,CN-2605-RCTP-ZHHH-01,RCTP-ZHHH-01,4
CN,2605,DOGVI,VEMEX,W545,CN-2605-RCTP-ZLIC-01,RCTP-ZLIC-01,4
CN,2605,DOGVI,VEMEX,W545,CN-2605-RCTP-ZLXY-01,RCTP-ZLXY-01,4
CN,2605,DOGVI,VEMEX,W545,CN-2605-RCTP-ZSCN-01,RCTP-ZSCN-01,4
CN,2605,DOGVI,VEMEX,W545,CN-2605-RCYU-ZBSJ-01,RCYU-ZBSJ-01,4
CN,2605,DOGVI,VEMEX,W545,CN-2605-RCYU-ZBYN-01,RCYU-ZBYN-01,4
CN,2605,DOGVI,VEMEX,W545,CN-2605-RCYU-ZHCC-01,RCYU-ZHCC-01,4
CN,2605,DOGVI,VEMEX,W545,CN-2605-RCYU-ZHHH-01,RCYU-ZHHH-01,4
CN,2605,DOGVI,VEMEX,W545,CN-2605-RCYU-ZLXY-01,RCYU-ZLXY-01,4
CN,2605,DOGVI,VEMEX,W545,CN-2605-RCYU-ZSCN-01,RCYU-ZSCN-01,4
CN,2605,DOGVI,VEMEX,W545,CN-2605-ZSAM-NIXAL-01,ZSAM-NIXAL-01,5
CN,2605,DOGVI,VEMEX,W545,CN-2605-ZSFZ-NIXAL-01,ZSFZ-NIXAL-01,3
CN,2605,DOGVI,VEMEX,W545,CN-2605-ZSHC-LINSO-01,ZSHC-LINSO-01,2
CN,2605,DOGVI,VEMEX,W545,CN-2605-ZSHC-NIXAL-01,ZSHC-NIXAL-01,2
CN,2605,DOGVI,VEMEX,W545,CN-2605-ZSHC-SARIN-01,ZSHC-SARIN-01,2
CN,2605,DOGVI,VEMEX,W545,CN-2605-ZSNB-LINSO-01,ZSNB-LINSO-01,5
CN,2605,DOGVI,VEMEX,W545,CN-2605-ZSWZ-NIXAL-01,ZSWZ-NIXAL-01,3
CN,2605,DONVO,AGAVO,G597,CN-2605-BISUN-AGAVO,BISUN-AGAVO,6
CN,2605,DONVO,AGAVO,G597,CN-2605-KAMUD-AGAVO,KAMUD-AGAVO,11
CN,2605,DONVO,AGAVO,G597,CN-2605-MAGIT-AGAVO,MAGIT-AGAVO,6
CN,2605,DONVO,AGAVO,G597,CN-2605-POLHO-AGAVO,POLHO-AGAVO,4
CN,2605,DONVO,AGAVO,G597,CN-2605-PURPA-W112-AGAVO,PURPA-W112-AGAVO,12
CN,2605,DONVO,AGAVO,G597,CN-2605-RK-AGAVO,RK-AGAVO,11
CN,2605,DONVO,AGAVO,G597,CN-2605-RK-AGAVO,RK-AGAVO,23
CN,2605,DONVO,AGAVO,G597,CN-2605-RKL-AGAVO,RKL-AGAVO,11
CN,2605,DONVO,AGAVO,G597,CN-2605-RKL-AGAVO,RKL-AGAVO,23
CN,2605,DONVO,AGAVO,G597,CN-2605-RULAD-AGAVO,RULAD-AGAVO,11
CN,2605,DONVO,AGAVO,G597,CN-2605-SARIN-AGAVO,SARIN-AGAVO,10
CN,2605,DONVO,AGAVO,G597,CN-2605-SIMLI-AGAVO,SIMLI-AGAVO,4
CN,2605,DONVO,AGAVO,G597,CN-2605-SM-AGAVO,SM-AGAVO,4
CN,2605,DONVO,AGAVO,G597,CN-2605-SM-AGAVO,SM-AGAVO,11
CN,2605,DONVO,AGAVO,G597,CN-2605-SRK-AGAVO,SRK-AGAVO,10
CN,2605,DONVO,AGAVO,G597,CN-2605-SRK-AGAVO,SRK-AGAVO,22
CN,2605,DONVO,AGAVO,G597,CN-2605-SRK-AGAVO,SRK-AGAVO,34
CN,2605,DONVO,AGAVO,G597,CN-2605-ZBAA-AGAVO-01,ZBAA-AGAVO-01,5
CN,2605,DONVO,AGAVO,G597,CN-2605-ZBAD-AGAVO-01,ZBAD-AGAVO-01,5
CN,2605,DONVO,AGAVO,G597,CN-2605-ZBDS-AGAVO-01,ZBDS-AGAVO-01,9
CN,2605,DONVO,AGAVO,G597,CN-2605-ZBHH-AGAVO-01,ZBHH-AGAVO-01,7
CN,2605,DONVO,AGAVO,G597,CN-2605-ZBOW-AGAVO-01,ZBOW-AGAVO-01,10
CN,2605,DONVO,AGAVO,G597,CN-2605-ZBSJ-AGAVO-01,ZBSJ-AGAVO-01,7
CN,2605,DONVO,AGAVO,G597,CN-2605-ZBTJ-AGAVO-01,ZBTJ-AGAVO-01,5
CN,2605,DONVO,AGAVO,G597,CN-2605-ZBYN-AGAVO-01,ZBYN-AGAVO-01,6
CN,2605,DONVO,AGAVO,G597,CN-2605-ZLDH-AGAVO-01,ZLDH-AGAVO-01,10
CN,2605,DONVO,AGAVO,G597,CN-2605-ZLIC-AGAVO-01,ZLIC-AGAVO-01,10
CN,2605,DONVO,AGAVO,G597,CN-2605-ZLXY-AGAVO-01,ZLXY-AGAVO-01,6
CN,2605,DONVO,AGAVO,G597,CN-2605-ZUCK-AGAVO-01,ZUCK-AGAVO-01,9
CN,2605,DONVO,AGAVO,G597,CN-2605-ZUTF-AGAVO-01,ZUTF-AGAVO-01,8
CN,2605,DONVO,AGAVO,G597,CN-2605-ZUUU-AGAVO-01,ZUUU-AGAVO-01,9
CN,2605,DONVO,AGAVO,G597,CN-2605-ZWWW-AGAVO-01,ZWWW-AGAVO-01,10
CN,2605,DONVO,AGAVO,G597,CN-2605-ZYCC-AGAVO-01,ZYCC-AGAVO-01,4
CN,2605,DONVO,AGAVO,G597,CN-2605-ZYHB-AGAVO-01,ZYHB-AGAVO-01,6
CN,2605,DONVO,AGAVO,G597,CN-2605-ZYJM-AGAVO-01,ZYJM-AGAVO-01,5
CN,2605,DONVO,AGAVO,G597,CN-2605-ZYTL-AGAVO-01,ZYTL-AGAVO-01,2
CN,2605,DONVO,AGAVO,G597,CN-2605-ZYTX-AGAVO-01,ZYTX-AGAVO-01,4
CN,2605,DONVO,SANKO,A326,CN-2605-AGAVO-ARGUK,AGAVO-ARGUK,2
CN,2605,DONVO,SANKO,A326,CN-2605-AGAVO-AS,AGAVO-AS,2
CN,2605,DONVO,SANKO,A326,CN-2605-AGAVO-AS,AGAVO-AS,8
CN,2605,DONVO,SANKO,A326,CN-2605-AGAVO-BISUN,AGAVO-BISUN,2
CN,2605,DONVO,SANKO,A326,CN-2605-AGAVO-SIMLI,AGAVO-SIMLI,2
CN,2605,DONVO,SANKO,A326,CN-2605-AGAVO-TELOK,AGAVO-TELOK,2
CN,2605,DONVO,SANKO,A326,CN-2605-AGAVO-ZYCC-01,AGAVO-ZYCC-01,2
CN,2605,DONVO,SANKO,A326,CN-2605-AGAVO-ZYHB-01,AGAVO-ZYHB-01,2
CN,2605,DONVO,SANKO,A326,CN-2605-AGAVO-ZYJM-01,AGAVO-ZYJM-01,2
CN,2605,DONVO,SANKO,A326,CN-2605-AGAVO-ZYTL-01,AGAVO-ZYTL-01,2
CN,2605,DONVO,SANKO,A326,CN-2605-AGAVO-ZYTX-01,AGAVO-ZYTX-01,2
CN,2605,DOTMI,MAGOG,A470,CN-2605-ZGOW-MAGOG-01,ZGOW-MAGOG-01,1
CN,2605,DOTMI,MAGOG,A470,CN-2605-ZGOW-VHHH-01,ZGOW-VHHH-01,1
CN,2605,DOTMI,MAGOG,A470,CN-2605-ZGOW-VMMC-01,ZGOW-VMMC-01,1
CN,2605,DOTRA,KAKAT,B334,CN-2605-ZBAA-GOLOT-01,ZBAA-GOLOT-01,1
CN,2605,DOTRA,TGO,B334,CN-2605-ZBAA-ARGUK-01,ZBAA-ARGUK-01,1
CN,2605,DOTRA,TGO,B334,CN-2605-ZBAA-BISUN-01,ZBAA-BISUN-01,1
CN,2605,DOTRA,TGO,B334,CN-2605-ZBAA-SIMLI-01,ZBAA-SIMLI-01,1
CN,2605,DOTRA,TGO,B334,CN-2605-ZBAA-TELOK-01,ZBAA-TELOK-01,1
CN,2605,DOTRA,TGO,B334,CN-2605-ZBAD-ARGUK-01,ZBAD-ARGUK-01,1
CN,2605,DOTRA,TGO,B334,CN-2605-ZBAD-BISUN-01,ZBAD-BISUN-01,1
CN,2605,DOTRA,TGO,B334,CN-2605-ZBAD-SIMLI-01,ZBAD-SIMLI-01,1
CN,2605,DOVIV,DUMAP,W55,CN-2605-AGAVO-ZBAA-01,AGAVO-ZBAA-01,4
CN,2605,DOVIV,DUMAP,W55,CN-2605-AGAVO-ZBAD-01,AGAVO-ZBAD-01,4
CN,2605,DOVIV,DUMAP,W55,CN-2605-AGAVO-ZBTJ-01,AGAVO-ZBTJ-01,4
CN,2605,DOVIV,PAMRU,W55,CN-2605-AGAVO-B339-KAMUD,AGAVO-B339-KAMUD,4
CN,2605,DOVIV,PAMRU,W55,CN-2605-AGAVO-B339-PURPA,AGAVO-B339-PURPA,4
CN,2605,DOVIV,PAMRU,W55,CN-2605-AGAVO-B339-RULAD,AGAVO-B339-RULAD,4
CN,2605,DOVIV,PAMRU,W55,CN-2605-AGAVO-B339-SARIN,AGAVO-B339-SARIN,4
CN,2605,DOVIV,PAMRU,W55,CN-2605-AGAVO-B339-SRK,AGAVO-B339-SRK,4
CN,2605,DOVIV,PAMRU,W55,CN-2605-AGAVO-B339-SRK,AGAVO-B339-SRK,17
CN,2605,DOVIV,PAMRU,W55,CN-2605-AGAVO-B339-SRK,AGAVO-B339-SRK,31
CN,2605,DOVIV,PAMRU,W55,CN-2605-AGAVO-KAMUD,AGAVO-KAMUD,4
CN,2605,DOVIV,PAMRU,W55,CN-2605-AGAVO-POLHO,AGAVO-POLHO,4
CN,2605,DOVIV,PAMRU,W55,CN-2605-AGAVO-RK,AGAVO-RK,4
CN,2605,DOVIV,PAMRU,W55,CN-2605-AGAVO-RK,AGAVO-RK,17
CN,2605,DOVIV,PAMRU,W55,CN-2605-AGAVO-RKL,AGAVO-RKL,4
CN,2605,DOVIV,PAMRU,W55,CN-2605-AGAVO-RKL,AGAVO-RKL,17
CN,2605,DOVIV,PAMRU,W55,CN-2605-AGAVO-RULAD,AGAVO-RULAD,4
CN,2605,DOVIV,PAMRU,W55,CN-2605-AGAVO-SARIN,AGAVO-SARIN,4
CN,2605,DOVIV,PAMRU,W55,CN-2605-AGAVO-W104-SARIN,AGAVO-W104-SARIN,4
CN,2605,DOVIV,PAMRU,W55,CN-2605-AGAVO-W112-PURPA,AGAVO-W112-PURPA,4
CN,2605,DOVIV,PAMRU,W55,CN-2605-AGAVO-ZBDS-01,AGAVO-ZBDS-01,4
CN,2605,DOVIV,PAMRU,W55,CN-2605-AGAVO-ZBHH-01,AGAVO-ZBHH-01,4
CN,2605,DOVIV,PAMRU,W55,CN-2605-AGAVO-ZBOW-01,AGAVO-ZBOW-01,4
CN,2605,DOVIV,PAMRU,W55,CN-2605-AGAVO-ZBSJ-01,AGAVO-ZBSJ-01,4
CN,2605,DOVIV,PAMRU,W55,CN-2605-AGAVO-ZBYN-01,AGAVO-ZBYN-01,4
CN,2605,DOVIV,PAMRU,W55,CN-2605-AGAVO-ZLIC-01,AGAVO-ZLIC-01,4
CN,2605,DOVIV,PAMRU,W55,CN-2605-AGAVO-ZLXY-01,AGAVO-ZLXY-01,4
CN,2605,DOVIV,PAMRU,W55,CN-2605-AGAVO-ZUTF-01,AGAVO-ZUTF-01,4
CN,2605,DOVIV,PAMRU,W55,CN-2605-AGAVO-ZUUU-01,AGAVO-ZUUU-01,4
CN,2605,DOVIV,PAMRU,W55,CN-2605-ZSQD-POLHO-01,ZSQD-POLHO-01,3
CN,2605,DOVIV,PAMRU,W55,CN-2605-ZSYT-POLHO-01,ZSYT-POLHO-01,2
CN,2605,DOVIV,PAMRU,W55,CN-2605-ZSYT-RULAD-01,ZSYT-RULAD-01,2
CN,2605,DOVIV,PAMRU,W55,CN-2605-ZSYT-SARIN-01,ZSYT-SARIN-01,2
CN,2605,DOVPU,ATSAB,W643,CN-2605-ZSFZ-ASSAD-01,ZSFZ-ASSAD-01,1
CN,2605,DOVPU,ATSAB,W643,CN-2605-ZSFZ-LINSO-01,ZSFZ-LINSO-01,1
CN,2605,DOVPU,ATSAB,W643,CN-2605-ZSFZ-MAGOG-01,ZSFZ-MAGOG-01,1
CN,2605,DOVPU,ATSAB,W643,CN-2605-ZSFZ-RCKH-02,ZSFZ-RCKH-02,1
CN,2605,DOVPU,ATSAB,W643,CN-2605-ZSFZ-VHHH-01,ZSFZ-VHHH-01,1
CN,2605,DOVPU,ATSAB,W643,CN-2605-ZSFZ-VMMC-01,ZSFZ-VMMC-01,1
CN,2605,DOVPU,FOC,W643,CN-2605-ZSAM-KAMUD-01,ZSAM-KAMUD-01,1
CN,2605,DOVPU,FOC,W643,CN-2605-ZSAM-LAMEN-01,ZSAM-LAMEN-01,1
CN,2605,DOVPU,FOC,W643,CN-2605-ZSAM-NIXAL-01,ZSAM-NIXAL-01,1
CN,2605,DOVPU,FOC,W643,CN-2605-ZSAM-POLHO-01,ZSAM-POLHO-01,1
CN,2605,DPX,ABTUB,A593,CN-2605-RCKH-ZSJN-01,RCKH-ZSJN-01,5
CN,2605,DPX,ABTUB,A593,CN-2605-RCMQ-ZSJN-01,RCMQ-ZSJN-01,5
CN,2605,DPX,ABTUB,A593,CN-2605-RCTP-ZSJN-01,RCTP-ZSJN-01,5
CN,2605,DPX,ABTUB,A593,CN-2605-RCYU-ZSJN-01,RCYU-ZSJN-01,5
CN,2605,DPX,AVPEP,A593,CN-2605-BEKOL-ZSLY-01,BEKOL-ZSLY-01,8
CN,2605,DPX,AVPEP,A593,CN-2605-TEBAK-ZSLY-01,TEBAK-ZSLY-01,10
CN,2605,DPX,BZ,A470,CN-2605-ZSXZ-RCKH-01,ZSXZ-RCKH-01,2
CN,2605,DPX,BZ,A470,CN-2605-ZSXZ-RCTP-01,ZSXZ-RCTP-01,2
CN,2605,DPX,BZ,A470,CN-2605-ZSXZ-RCYU-01,ZSXZ-RCYU-01,2
CN,2605,DPX,DALIM,A593,CN-2605-RCBS-ZBTJ-01,RCBS-ZBTJ-01,5
CN,2605,DPX,DALIM,A593,CN-2605-RCFN-ZBTJ-01,RCFN-ZBTJ-01,5
CN,2605,DPX,DALIM,A593,CN-2605-RCKH-ZBAA-01,RCKH-ZBAA-01,5
CN,2605,DPX,DALIM,A593,CN-2605-RCKH-ZBTJ-01,RCKH-ZBTJ-01,5
CN,2605,DPX,DALIM,A593,CN-2605-RCMQ-ZBTJ-01,RCMQ-ZBTJ-01,5
CN,2605,DPX,DALIM,A593,CN-2605-RCNN-ZBTJ-01,RCNN-ZBTJ-01,5
CN,2605,DPX,DALIM,A593,CN-2605-RCSS-ZBTJ-01,RCSS-ZBTJ-01,5
CN,2605,DPX,DALIM,A593,CN-2605-RCTP-ZBAA-01,RCTP-ZBAA-01,5
CN,2605,DPX,DALIM,A593,CN-2605-RCTP-ZBTJ-01,RCTP-ZBTJ-01,5
CN,2605,DPX,DALIM,A593,CN-2605-RCYU-ZBAA-01,RCYU-ZBAA-01,5
CN,2605,DPX,DALIM,A593,CN-2605-RCYU-ZBTJ-01,RCYU-ZBTJ-01,5
CN,2605,DPX,DALIM,A593,CN-2605-ZSAM-KAMUD-01,ZSAM-KAMUD-01,6
CN,2605,DPX,DALIM,A593,CN-2605-ZSAM-POLHO-01,ZSAM-POLHO-01,6
CN,2605,DPX,DALIM,A593,CN-2605-ZSFZ-POLHO-01,ZSFZ-POLHO-01,4
CN,2605,DPX,DALIM,A593,CN-2605-ZSHC-INTIK-01,ZSHC-INTIK-01,3
CN,2605,DPX,DALIM,A593,CN-2605-ZSHC-POLHO-01,ZSHC-POLHO-01,3
CN,2605,DPX,DALIM,A593,CN-2605-ZSNJ-ARGUK-01,ZSNJ-ARGUK-01,2
CN,2605,DPX,DALIM,A593,CN-2605-ZSNJ-BISUN-01,ZSNJ-BISUN-01,2
CN,2605,DPX,DALIM,A593,CN-2605-ZSNJ-POLHO-01,ZSNJ-POLHO-01,2
CN,2605,DPX,DALNU,A470,CN-2605-KAMUD-ZSPD-01,KAMUD-ZSPD-01,11
CN,2605,DPX,DALNU,A470,CN-2605-MAGIT-ZSPD-01,MAGIT-ZSPD-01,7
CN,2605,DPX,DALNU,A470,CN-2605-MAGIT-ZSSS-01,MAGIT-ZSSS-01,7
CN,2605,DPX,DALNU,A470,CN-2605-POLHO-ZSPD-01,POLHO-ZSPD-01,8
CN,2605,DPX,DALNU,A470,CN-2605-POLHO-ZSSS-01,POLHO-ZSSS-01,8
CN,2605,DPX,DALNU,A470,CN-2605-PURPA-ZSPD-01,PURPA-ZSPD-01,12
CN,2605,DPX,DALNU,A470,CN-2605-PURPA-ZSPD-03,PURPA-ZSPD-03,12
CN,2605,DPX,DALNU,A470,CN-2605-PURPA-ZSSS-01,PURPA-ZSSS-01,12
CN,2605,DPX,DALNU,A470,CN-2605-PURPA-ZSSS-02,PURPA-ZSSS-02,12
CN,2605,DPX,DALNU,A470,CN-2605-RULAD-ZSPD-01,RULAD-ZSPD-01,11
CN,2605,DPX,DALNU,A470,CN-2605-SARIN-ZSPD-02,SARIN-ZSPD-02,10
CN,2605,DPX,DALNU,A470,CN-2605-SARIN-ZSSS-01,SARIN-ZSSS-01,10
CN,2605,DPX,DALNU,A470,CN-2605-SIMLI-ZSPD-01,SIMLI-ZSPD-01,7
CN,2605,DPX,DALNU,A470,CN-2605-SIMLI-ZSSS-01,SIMLI-ZSSS-01,7
CN,2605,DPX,DO,W126,CN-2605-BEKOL-ZSXZ-01,BEKOL-ZSXZ-01,8
CN,2605,DPX,DO,W126,CN-2605-MAGOG-ZSXZ-01,MAGOG-ZSXZ-01,4
CN,2605,DPX,DO,W126,CN-2605-RCKH-ZSXZ-01,RCKH-ZSXZ-01,5
CN,2605,DPX,DO,W126,CN-2605-RCTP-ZSXZ-01,RCTP-ZSXZ-01,5
CN,2605,DPX,DO,W126,CN-2605-RCYU-ZSXZ-01,RCYU-ZSXZ-01,5
CN,2605,DPX,DO,W126,CN-2605-VHHH-ZSXZ-01,VHHH-ZSXZ-01,4
CN,2605,DPX,DO,W126,CN-2605-ZSLY-TAMOT-01,ZSLY-TAMOT-01,2
CN,2605,DPX,DO,W126,CN-2605-ZSLY-TEBAK-01,ZSLY-TEBAK-01,2
CN,2605,DPX,DUBGO,A470,CN-2605-ZSXZ-TAMOT-01,ZSXZ-TAMOT-01,2
CN,2605,DPX,ENVEN,A470,CN-2605-KAMUD-ZSAM-01,KAMUD-ZSAM-01,11
CN,2605,DPX,ENVEN,A470,CN-2605-POLHO-ZSAM-01,POLHO-ZSAM-01,8
CN,2605,DPX,MAGOG,A470,CN-2605-ZSXZ-MAGOG-01,ZSXZ-MAGOG-01,2
CN,2605,DPX,MAGOG,A470,CN-2605-ZSXZ-VHHH-01,ZSXZ-VHHH-01,2
CN,2605,DPX,OF,A470,CN-2605-BISUN-ZSNJ-01,BISUN-ZSNJ-01,8
CN,2605,DPX,OF,A470,CN-2605-MAGIT-ZSHC-02,MAGIT-ZSHC-02,7
CN,2605,DPX,OF,A470,CN-2605-MAGIT-ZSNJ-01,MAGIT-ZSNJ-01,7
CN,2605,DPX,OF,A470,CN-2605-POLHO-ZSHC-01,POLHO-ZSHC-01,8
CN,2605,DPX,OF,A470,CN-2605-POLHO-ZSNJ-01,POLHO-ZSNJ-01,8
CN,2605,DPX,OF,A470,CN-2605-SIMLI-ZSHC-01,SIMLI-ZSHC-01,7
CN,2605,DPX,PADRU,A470,CN-2605-POLHO-ZSFZ-01,POLHO-ZSFZ-01,8
CN,2605,DSC,AGVUT,L181,CN-2605-ZBAA-AGVUT-01R,ZBAA-AGVUT-01R,8
CN,2605,DSC,AGVUT,L181,CN-2605-ZBAA-AGVUT-02R,ZBAA-AGVUT-02R,8
CN,2605,DSC,AGVUT,L181,CN-2605-ZGGG-AGVUT-01R,ZGGG-AGVUT-01R,13
CN,2605,DSC,AGVUT,L181,CN-2605-ZGGG-AGVUT-02R,ZGGG-AGVUT-02R,11
CN,2605,DSC,AGVUT,L181,CN-2605-ZLXY-AGVUT-01R,ZLXY-AGVUT-01R,9
CN,2605,DSC,AGVUT,L181,CN-2605-ZUTF-AGVUT-01R,ZUTF-AGVUT-01R,8
CN,2605,DSC,AGVUT,L181,CN-2605-ZWWW-AGVUT-01R,ZWWW-AGVUT-01R,3
CN,2605,DSC,EPDAG,B215,CN-2605-AGVUT-ZWWW-01R,AGVUT-ZWWW-01R,2
CN,2605,DSC,FKG,B215,CN-2605-AGVUT-ZBAA-01R,AGVUT-ZBAA-01R,2
CN,2605,DSC,FKG,B215,CN-2605-AGVUT-ZGGG-01R,AGVUT-ZGGG-01R,2
CN,2605,DSC,MAGIV,B215,CN-2605-AGVUT-ZBAA-02R,AGVUT-ZBAA-02R,2
CN,2605,DSC,MAGIV,B215,CN-2605-AGVUT-ZGGG-02R,AGVUT-ZGGG-02R,2
CN,2605,DSC,MAGIV,B215,CN-2605-AGVUT-ZGSZ-01R,AGVUT-ZGSZ-01R,2
CN,2605,DSC,MAGIV,B215,CN-2605-AGVUT-ZLXY-01R,AGVUT-ZLXY-01R,2
CN,2605,DSC,MAGIV,B215,CN-2605-AGVUT-ZUTF-01R,AGVUT-ZUTF-01R,2
CN,2605,DSH,SUPAR,W505,CN-2605-ZSHC-LAMEN-01,ZSHC-LAMEN-01,1
CN,2605,DST,ANLUD,B221,CN-2605-LAMEN-ZSFZ-01,LAMEN-ZSFZ-01,5
CN,2605,DST,ANLUD,B221,CN-2605-RCKH-ZSFZ-01,RCKH-ZSFZ-01,2
CN,2605,DST,ANLUD,B221,CN-2605-RCSS-ZSFZ-01,RCSS-ZSFZ-01,2
CN,2605,DST,ANLUD,B221,CN-2605-RCTP-ZSFZ-01,RCTP-ZSFZ-01,2
CN,2605,DST,ANLUD,B221,CN-2605-RCYU-ZSFZ-01,RCYU-ZSFZ-01,2
CN,2605,DST,BEGMO,W117,CN-2605-MAGOG-ZSQD-01,MAGOG-ZSQD-01,3
CN,2605,DST,BEGMO,W117,CN-2605-VHHH-ZSQD-01,VHHH-ZSQD-01,3
CN,2605,DST,BEGMO,W117,CN-2605-VHHH-ZYTL-02,VHHH-ZYTL-02,3
CN,2605,DST,BEGMO,W117,CN-2605-VMMC-ZSQD-01,VMMC-ZSQD-01,3
CN,2605,DST,BEGMO,W117,CN-2605-ZGSZ-LAMEN-02,ZGSZ-LAMEN-02,4
CN,2605,DST,BEGMO,W117,CN-2605-ZSAM-LAMEN-01,ZSAM-LAMEN-01,4
CN,2605,DST,BEGMO,W117,CN-2605-ZSFZ-LAMEN-01,ZSFZ-LAMEN-01,2
CN,2605,DST,LJG,B221,CN-2605-LAMEN-ZSAM-01,LAMEN-ZSAM-01,5
CN,2605,DST,LJG,B221,CN-2605-ZSPD-MAGOG-02,ZSPD-MAGOG-02,3
CN,2605,DST,LJG,B221,CN-2605-ZSPD-VHHH-01,ZSPD-VHHH-01,3
CN,2605,DST,LJG,B221,CN-2605-ZSPD-VMMC-01,ZSPD-VMMC-01,3
CN,2605,DST,LJG,B221,CN-2605-ZSQD-MAGOG-02,ZSQD-MAGOG-02,5
CN,2605,DST,LJG,B221,CN-2605-ZSQD-VHHH-02,ZSQD-VHHH-02,5
CN,2605,DST,LJG,B221,CN-2605-ZSQD-VMMC-02,ZSQD-VMMC-02,5
CN,2605,DST,SHZ,B221,CN-2605-RCKH-ZSNB-01,RCKH-ZSNB-01,2
CN,2605,DST,SHZ,B221,CN-2605-RCKH-ZSPD-01,RCKH-ZSPD-01,2
CN,2605,DST,SHZ,B221,CN-2605-RCKH-ZSSS-01,RCKH-ZSSS-01,2
CN,2605,DST,SHZ,B221,CN-2605-RCMQ-ZSPD-01,RCMQ-ZSPD-01,2
CN,2605,DST,SHZ,B221,CN-2605-RCMQ-ZSSS-01,RCMQ-ZSSS-01,2
CN,2605,DST,SHZ,B221,CN-2605-RCSS-ZSPD-01,RCSS-ZSPD-01,2
CN,2605,DST,SHZ,B221,CN-2605-RCSS-ZSSS-01,RCSS-ZSSS-01,2
CN,2605,DST,SHZ,B221,CN-2605-RCTP-ZSNB-01,RCTP-ZSNB-01,2
CN,2605,DST,SHZ,B221,CN-2605-RCTP-ZSNT-01,RCTP-ZSNT-01,2
CN,2605,DST,SHZ,B221,CN-2605-RCTP-ZSPD-01,RCTP-ZSPD-01,2
CN,2605,DST,SHZ,B221,CN-2605-RCTP-ZSSS-01,RCTP-ZSSS-01,2
CN,2605,DST,SHZ,B221,CN-2605-RCYU-ZSNB-01,RCYU-ZSNB-01,2
CN,2605,DST,SHZ,B221,CN-2605-RCYU-ZSPD-01,RCYU-ZSPD-01,2
CN,2605,DST,SHZ,B221,CN-2605-RCYU-ZSSS-01,RCYU-ZSSS-01,2
CN,2605,DST,SHZ,B221,CN-2605-VHHH-ZSPD-02,VHHH-ZSPD-02,3
CN,2605,DST,SHZ,B221,CN-2605-VMMC-ZSPD-02,VMMC-ZSPD-02,3
CN,2605,DST,SULEM,R596,CN-2605-ZSFZ-RCKH-01,ZSFZ-RCKH-01,2
CN,2605,DST,SULEM,R596,CN-2605-ZSFZ-RCSS-01,ZSFZ-RCSS-01,2
CN,2605,DST,SULEM,R596,CN-2605-ZSFZ-RCTP-01,ZSFZ-RCTP-01,2
CN,2605,DST,SULEM,R596,CN-2605-ZSFZ-RCYU-01,ZSFZ-RCYU-01,2
CN,2605,DST,SULEM,R596,CN-2605-ZSNB-RCKH-01,ZSNB-RCKH-01,2
CN,2605,DST,SULEM,R596,CN-2605-ZSNB-RCTP-01,ZSNB-RCTP-01,2
CN,2605,DST,SULEM,R596,CN-2605-ZSNB-RCYU-01,ZSNB-RCYU-01,2
CN,2605,DUBAS,WHA,R343,CN-2605-AGAVO-LINSO,AGAVO-LINSO,4
CN,2605,DUBAS,WHA,R343,CN-2605-AGAVO-RKL,AGAVO-RKL,30
CN,2605,DUBAS,WHA,R343,CN-2605-AGAVO-ZPPP-01,AGAVO-ZPPP-01,4
CN,2605,DUBAS,WHA,R343,CN-2605-AGAVO-ZUGY-01,AGAVO-ZUGY-01,4
CN,2605,DUBAS,WHA,R343,CN-2605-BISUN-LINSO,BISUN-LINSO,5
CN,2605,DUBAS,WHA,R343,CN-2605-MAGIT-ZUCK-01,MAGIT-ZUCK-01,4
CN,2605,DUBAS,WHA,R343,CN-2605-MAGIT-ZUGY-01,MAGIT-ZUGY-01,4
CN,2605,DUBAS,WHA,R343,CN-2605-ZBAD-LINSO-01,ZBAD-LINSO-01,2
CN,2605,DUBAS,WHA,R343,CN-2605-ZBTJ-LINSO-01,ZBTJ-LINSO-01,2
CN,2605,DUBAS,WHA,R343,CN-2605-ZBTJ-SAGAG-01,ZBTJ-SAGAG-01,2
CN,2605,DUBAS,WHA,R343,CN-2605-ZHCC-LINSO-01,ZHCC-LINSO-01,2
CN,2605,DUBAS,WHA,R343,CN-2605-ZSJN-LINSO-01,ZSJN-LINSO-01,3
CN,2605,DUBAS,WHA,R343,CN-2605-ZSQD-LINSO-01,ZSQD-LINSO-01,5
CN,2605,DUBAS,WHA,R343,CN-2605-ZSYT-LINSO-01,ZSYT-LINSO-01,3
CN,2605,DUBGO,ABVIL,W133,CN-2605-LAMEN-ZSTX-01,LAMEN-ZSTX-01,5
CN,2605,DUBGO,ELNEX,W134,CN-2605-AGAVO-TAMOT,AGAVO-TAMOT,7
CN,2605,DUBGO,ELNEX,W134,CN-2605-AGAVO-VHHH,AGAVO-VHHH,7
CN,2605,DUBGO,ELNEX,W134,CN-2605-LAMEN-ZGGG-01,LAMEN-ZGGG-01,5
CN,2605,DUBGO,ELNEX,W134,CN-2605-LAMEN-ZGSZ-01,LAMEN-ZGSZ-01,5
CN,2605,DUBGO,ELNEX,W134,CN-2605-LAMEN-ZJHK-01,LAMEN-ZJHK-01,5
CN,2605,DUBGO,ELNEX,W134,CN-2605-LAMEN-ZJSY-01,LAMEN-ZJSY-01,5
CN,2605,DUBGO,ELNEX,W134,CN-2605-LAMEN-ZJSY-02,LAMEN-ZJSY-02,5
CN,2605,DUBGO,ELNEX,W134,CN-2605-MPSMS-TAMOT,MPSMS-TAMOT,28
CN,2605,DUBGO,ELNEX,W134,CN-2605-MPSMS-VHHH,MPSMS-VHHH,34
CN,2605,DUBGO,ELNEX,W134,CN-2605-SADLI-LINSO,SADLI-LINSO,5
CN,2605,DUBGO,ELNEX,W134,CN-2605-SADLI-TAMOT,SADLI-TAMOT,5
CN,2605,DUBGO,ELNEX,W134,CN-2605-SADLI-TEBAK,SADLI-TEBAK,5
CN,2605,DUBGO,ELNEX,W134,CN-2605-SADLI-VHHH,SADLI-VHHH,5
CN,2605,DUBGO,ELNEX,W134,CN-2605-SADLI-VMMC,SADLI-VMMC,5
CN,2605,DUBGO,ELNEX,W134,CN-2605-ZSNJ-ASSAD-01,ZSNJ-ASSAD-01,2
CN,2605,DUBGO,ELNEX,W134,CN-2605-ZSNJ-TAMOT-01,ZSNJ-TAMOT-01,2
CN,2605,DUBGO,ELNEX,W134,CN-2605-ZSPD-ASSAD-01,ZSPD-ASSAD-01,3
CN,2605,DUBGO,ELNEX,W134,CN-2605-ZSPD-LINSO-02,ZSPD-LINSO-02,3
CN,2605,DUBGO,ELNEX,W134,CN-2605-ZSPD-TAMOT-01,ZSPD-TAMOT-01,3
CN,2605,DUBGO,ELNEX,W134,CN-2605-ZSPD-TEBAK-02,ZSPD-TEBAK-02,3
CN,2605,DUBGO,ELNEX,W134,CN-2605-ZSPD-VHHH-03,ZSPD-VHHH-03,3
CN,2605,DUBGO,ELNEX,W134,CN-2605-ZSPD-VMMC-04,ZSPD-VMMC-04,3
CN,2605,DUBGO,ELNEX,W134,CN-2605-ZSSS-ASSAD-01,ZSSS-ASSAD-01,3
CN,2605,DUBGO,ELNEX,W134,CN-2605-ZSSS-LINSO-02,ZSSS-LINSO-02,3
CN,2605,DUBGO,ELNEX,W134,CN-2605-ZSSS-TAMOT-01,ZSSS-TAMOT-01,3
CN,2605,DUBGO,ELNEX,W134,CN-2605-ZSSS-VHHH-02,ZSSS-VHHH-02,3
CN,2605,DUBGO,ELNEX,W134,CN-2605-ZSSS-VMMC-02,ZSSS-VMMC-02,3
CN,2605,DUBGO,ELNEX,W134,CN-2605-ZSXZ-TAMOT-01,ZSXZ-TAMOT-01,3
CN,2605,DUBGO,ELNEX,W134,CN-2605-ZSYA-TAMOT-01,ZSYA-TAMOT-01,4
CN,2605,DUDBI,DUBAS,W37,CN-2605-ZHCC-LINSO-01,ZHCC-LINSO-01,1
CN,2605,DUDBI,ENLAB,W37,CN-2605-NIXAL-ZHEC-01,NIXAL-ZHEC-01,4
CN,2605,DUDBI,GUSIV,W37,CN-2605-NIXAL-ZGHA-01,NIXAL-ZGHA-01,4
CN,2605,DUDBI,HG,W37,CN-2605-NIXAL-ZSCN-01,NIXAL-ZSCN-01,4
CN,2605,DUDBI,HG,W37,CN-2605-SARIN-ZSCN-02,SARIN-ZSCN-02,8
CN,2605,DUDBI,OLMIB,W37,CN-2605-ZHCC-TEBAK-01,ZHCC-TEBAK-01,1
CN,2605,DUDBI,OMBEB,W37,CN-2605-ZBDS-VHHH-01,ZBDS-VHHH-01,6
CN,2605,DUDBI,OMBEB,W37,CN-2605-ZBDT-VHHH-01,ZBDT-VHHH-01,6
CN,2605,DUDBI,OMBEB,W37,CN-2605-ZBHH-TAMOT-01,ZBHH-TAMOT-01,4
CN,2605,DUDBI,OMBEB,W37,CN-2605-ZBHH-VHHH-01,ZBHH-VHHH-01,4
CN,2605,DUDBI,OMBEB,W37,CN-2605-ZBYN-TAMOT-01,ZBYN-TAMOT-01,6
CN,2605,DUDBI,OMBEB,W37,CN-2605-ZBYN-VHHH-01,ZBYN-VHHH-01,6
CN,2605,DUDBI,OMBEB,W37,CN-2605-ZBYN-VMMC-01,ZBYN-VMMC-01,6
CN,2605,DUDBI,OMBEB,W37,CN-2605-ZHCC-TAMOT-01,ZHCC-TAMOT-01,1
CN,2605,DUDBI,OMBEB,W37,CN-2605-ZHCC-VHHH-01,ZHCC-VHHH-01,1
CN,2605,DUDBI,OMBEB,W37,CN-2605-ZHCC-VMMC-01,ZHCC-VMMC-01,1
CN,2605,DUDBI,PONUD,W37,CN-2605-NIXAL-ZHHH-01,NIXAL-ZHHH-01,4
CN,2605,DUDIL,ALGOV,W101,CN-2605-INTIK-ZBDS-01,INTIK-ZBDS-01,4
CN,2605,DUDIL,ALGOV,W101,CN-2605-NIXAL-ZBDS-01,NIXAL-ZBDS-01,4
CN,2605,DUDIL,BAXOD,W69,CN-2605-ZLXY-ARGUK-01,ZLXY-ARGUK-01,3
CN,2605,DUDIL,BAXOD,W69,CN-2605-ZLXY-SIMLI-01,ZLXY-SIMLI-01,3
CN,2605,DUDIL,BAXOD,W69,CN-2605-ZPPP-ARGUK-01,ZPPP-ARGUK-01,6
CN,2605,DUDIL,BAXOD,W69,CN-2605-ZUTF-ARGUK-01,ZUTF-ARGUK-01,5
CN,2605,DUDIL,BAXOD,W69,CN-2605-ZUUU-ARGUK-01,ZUUU-ARGUK-01,5
CN,2605,DUDIL,BAXOD,W69,CN-2605-ZUUU-SIMLI-01,ZUUU-SIMLI-01,5
CN,2605,DUDIL,DKO,W69,CN-2605-ZBHH-SARIN-01,ZBHH-SARIN-01,1
CN,2605,DUDIL,TOREL,W69,CN-2605-SAGAG-NIXAL,SAGAG-NIXAL,7
CN,2605,DUDIL,TOREL,W69,CN-2605-ZLXY-INTIK-01,ZLXY-INTIK-01,3
CN,2605,DUDIL,TOREL,W69,CN-2605-ZLXY-POLHO-01,ZLXY-POLHO-01,3
CN,2605,DUDIL,TOREL,W69,CN-2605-ZUCK-POLHO-01,ZUCK-POLHO-01,5
CN,2605,DUDIL,TOREL,W69,CN-2605-ZUTF-POLHO-01,ZUTF-POLHO-01,5
CN,2605,DUDIL,TOREL,W69,CN-2605-ZUUU-NIXAL-01,ZUUU-NIXAL-01,5
CN,2605,DUDIL,TOREL,W69,CN-2605-ZUUU-POLHO-01,ZUUU-POLHO-01,5
CN,2605,DUDIT,GYA,A599,CN-2605-AGVUT-ZGGG-01R,AGVUT-ZGGG-01R,8
CN,2605,DUDIT,GYA,A599,CN-2605-AGVUT-ZGGG-02R,AGVUT-ZGGG-02R,9
CN,2605,DUDIT,GYA,A599,CN-2605-KAMUD-ZGGG-01,KAMUD-ZGGG-01,8
CN,2605,DUDIT,GYA,A599,CN-2605-KAMUD-ZGGG-02,KAMUD-ZGGG-02,8
CN,2605,DUDIT,GYA,A599,CN-2605-MORIT-ZGGG-01,MORIT-ZGGG-01,3
CN,2605,DUDIT,GYA,A599,CN-2605-OGIGI-ZGGG-01,OGIGI-ZGGG-01,9
CN,2605,DUDIT,GYA,A599,CN-2605-RULAD-ZGGG-01,RULAD-ZGGG-01,8
CN,2605,DUDIT,GYA,A599,CN-2605-SARIN-ZGGG-01,SARIN-ZGGG-01,7
CN,2605,DUDIT,GYA,A599,CN-2605-SARIN-ZGGG-02,SARIN-ZGGG-02,6
CN,2605,DUDIT,LBN,A599,CN-2605-MORIT-ZJHK-01,MORIT-ZJHK-01,3
CN,2605,DUDIT,LBN,A599,CN-2605-MORIT-ZJSY-01,MORIT-ZJSY-01,3
CN,2605,DUDIT,LBN,A599,CN-2605-RULAD-ZJHK-02,RULAD-ZJHK-02,8
CN,2605,DUDIT,LBN,A599,CN-2605-RULAD-ZJSY-02,RULAD-ZJSY-02,8
CN,2605,DUDIT,LBN,A599,CN-2605-SARIN-ZJSY-02,SARIN-ZJSY-02,7
CN,2605,DUDIT,POU,A599,CN-2605-AGVUT-ZGSZ-01R,AGVUT-ZGSZ-01R,9
CN,2605,DUDIT,POU,A599,CN-2605-GOPTO-TAMOT,GOPTO-TAMOT,6
CN,2605,DUDIT,POU,A599,CN-2605-GOPTO-VHHH,GOPTO-VHHH,6
CN,2605,DUDIT,POU,A599,CN-2605-GOPTO-ZGSZ-01,GOPTO-ZGSZ-01,8
CN,2605,DUDIT,POU,A599,CN-2605-GOPTO-ZGSZ-02,GOPTO-ZGSZ-02,9
CN,2605,DUDIT,POU,A599,CN-2605-KAMUD-G470-TAMOT,KAMUD-G470-TAMOT,8
CN,2605,DUDIT,POU,A599,CN-2605-KAMUD-G470-VHHH,KAMUD-G470-VHHH,8
CN,2605,DUDIT,POU,A599,CN-2605-KAMUD-TAMOT,KAMUD-TAMOT,7
CN,2605,DUDIT,POU,A599,CN-2605-KAMUD-VHHH,KAMUD-VHHH,7
CN,2605,DUDIT,POU,A599,CN-2605-KAMUD-W186-VHHH,KAMUD-W186-VHHH,8
CN,2605,DUDIT,POU,A599,CN-2605-KAMUD-Y1-TAMOT,KAMUD-Y1-TAMOT,6
CN,2605,DUDIT,POU,A599,CN-2605-KAMUD-Y1-VHHH,KAMUD-Y1-VHHH,6
CN,2605,DUDIT,POU,A599,CN-2605-MN-TAMOT,MN-TAMOT,3
CN,2605,DUDIT,POU,A599,CN-2605-MN-VHHH,MN-VHHH,3
CN,2605,DUDIT,POU,A599,CN-2605-MORIT-TAMOT,MORIT-TAMOT,3
CN,2605,DUDIT,POU,A599,CN-2605-MORIT-VHHH,MORIT-VHHH,3
CN,2605,DUDIT,POU,A599,CN-2605-MORIT-VMMC,MORIT-VMMC,3
CN,2605,DUDIT,POU,A599,CN-2605-MORIT-ZGSZ-01,MORIT-ZGSZ-01,3
CN,2605,DUDIT,POU,A599,CN-2605-MPSMS-TAMOT,MPSMS-TAMOT,21
CN,2605,DUDIT,POU,A599,CN-2605-MPSMS-VHHH,MPSMS-VHHH,27
CN,2605,DUDIT,POU,A599,CN-2605-PURPA-W112-VHHH,PURPA-W112-VHHH,6
CN,2605,DUDIT,POU,A599,CN-2605-RULAD-G470-TAMOT,RULAD-G470-TAMOT,8
CN,2605,DUDIT,POU,A599,CN-2605-RULAD-G470-VHHH,RULAD-G470-VHHH,8
CN,2605,DUDIT,POU,A599,CN-2605-RULAD-L888-TAMOT,RULAD-L888-TAMOT,8
CN,2605,DUDIT,POU,A599,CN-2605-RULAD-L888-VHHH,RULAD-L888-VHHH,8
CN,2605,DUDIT,POU,A599,CN-2605-RULAD-TAMOT,RULAD-TAMOT,7
CN,2605,DUDIT,POU,A599,CN-2605-RULAD-VHHH,RULAD-VHHH,7
CN,2605,DUDIT,POU,A599,CN-2605-RULAD-VMMC,RULAD-VMMC,7
CN,2605,DUDIT,POU,A599,CN-2605-RULAD-Y1-TAMOT,RULAD-Y1-TAMOT,7
CN,2605,DUDIT,POU,A599,CN-2605-RULAD-Y1-VHHH,RULAD-Y1-VHHH,7
CN,2605,DUDIT,POU,A599,CN-2605-RULAD-ZGSZ-01,RULAD-ZGSZ-01,8
CN,2605,DUDIT,POU,A599,CN-2605-SARIN-G470-TAMOT,SARIN-G470-TAMOT,7
CN,2605,DUDIT,POU,A599,CN-2605-SARIN-G470-VHHH,SARIN-G470-VHHH,7
CN,2605,DUDIT,POU,A599,CN-2605-SARIN-VHHH,SARIN-VHHH,6
CN,2605,DUDIT,POU,A599,CN-2605-SARIN-ZGSZ-01,SARIN-ZGSZ-01,7
CN,2605,DUDIT,POU,A599,CN-2605-SARIN-ZGSZ-02,SARIN-ZGSZ-02,6
CN,2605,DUDIT,POU,A599,CN-2605-SG-G470-TAMOT,SG-G470-TAMOT,7
CN,2605,DUDIT,POU,A599,CN-2605-SG-G470-TAMOT,SG-G470-TAMOT,18
CN,2605,DUDIT,POU,A599,CN-2605-SG-G470-VHHH,SG-G470-VHHH,7
CN,2605,DUDIT,POU,A599,CN-2605-SG-G470-VHHH,SG-G470-VHHH,18
CN,2605,DUDIT,POU,A599,CN-2605-SGM-G470-TAMOT,SGM-G470-TAMOT,7
CN,2605,DUDIT,POU,A599,CN-2605-SGM-G470-TAMOT,SGM-G470-TAMOT,18
CN,2605,DUDIT,POU,A599,CN-2605-SGM-G470-TAMOT,SGM-G470-TAMOT,23
CN,2605,DUDIT,POU,A599,CN-2605-SGM-G470-VHHH,SGM-G470-VHHH,7
CN,2605,DUDIT,POU,A599,CN-2605-SGM-G470-VHHH,SGM-G470-VHHH,18
CN,2605,DUDIT,POU,A599,CN-2605-SGM-G470-VHHH,SGM-G470-VHHH,23
CN,2605,DUDIT,POU,A599,CN-2605-SGM-TAMOT,SGM-TAMOT,6
CN,2605,DUDIT,POU,A599,CN-2605-SGM-TAMOT,SGM-TAMOT,14
CN,2605,DUDIT,POU,A599,CN-2605-SGM-TAMOT,SGM-TAMOT,19
CN,2605,DUDIT,POU,A599,CN-2605-SGM-VHHH,SGM-VHHH,6
CN,2605,DUDIT,POU,A599,CN-2605-SGM-VHHH,SGM-VHHH,14
CN,2605,DUDIT,POU,A599,CN-2605-SGM-VHHH,SGM-VHHH,19
CN,2605,DUDIT,POU,A599,CN-2605-SGMN-G470-TAMOT,SGMN-G470-TAMOT,7
CN,2605,DUDIT,POU,A599,CN-2605-SGMN-G470-TAMOT,SGMN-G470-TAMOT,18
CN,2605,DUDIT,POU,A599,CN-2605-SGMN-G470-TAMOT,SGMN-G470-TAMOT,23
CN,2605,DUDIT,POU,A599,CN-2605-SGMN-G470-VHHH,SGMN-G470-VHHH,7
CN,2605,DUDIT,POU,A599,CN-2605-SGMN-G470-VHHH,SGMN-G470-VHHH,18
CN,2605,DUDIT,POU,A599,CN-2605-SGMN-G470-VHHH,SGMN-G470-VHHH,23
CN,2605,DUDIT,POU,A599,CN-2605-SGMN-TAMOT,SGMN-TAMOT,6
CN,2605,DUDIT,POU,A599,CN-2605-SGMN-TAMOT,SGMN-TAMOT,14
CN,2605,DUDIT,POU,A599,CN-2605-SGMN-TAMOT,SGMN-TAMOT,19
CN,2605,DUDIT,POU,A599,CN-2605-SGMN-VHHH,SGMN-VHHH,6
CN,2605,DUDIT,POU,A599,CN-2605-SGMN-VHHH,SGMN-VHHH,17
CN,2605,DUDIT,POU,A599,CN-2605-SGMN-VHHH,SGMN-VHHH,22
CN,2605,DUDIT,POU,A599,CN-2605-SGMRK-G470-TAMOT,SGMRK-G470-TAMOT,7
CN,2605,DUDIT,POU,A599,CN-2605-SGMRK-G470-TAMOT,SGMRK-G470-TAMOT,18
CN,2605,DUDIT,POU,A599,CN-2605-SGMRK-G470-TAMOT,SGMRK-G470-TAMOT,23
CN,2605,DUDIT,POU,A599,CN-2605-SGMRK-G470-TAMOT,SGMRK-G470-TAMOT,33
CN,2605,DUDIT,POU,A599,CN-2605-SGMRK-G470-TAMOT,SGMRK-G470-TAMOT,43
CN,2605,DUDIT,POU,A599,CN-2605-SGMRK-G470-VHHH,SGMRK-G470-VHHH,7
CN,2605,DUDIT,POU,A599,CN-2605-SGMRK-G470-VHHH,SGMRK-G470-VHHH,18
CN,2605,DUDIT,POU,A599,CN-2605-SGMRK-G470-VHHH,SGMRK-G470-VHHH,23
CN,2605,DUDIT,POU,A599,CN-2605-SGMRK-G470-VHHH,SGMRK-G470-VHHH,33
CN,2605,DUDIT,POU,A599,CN-2605-SGMRK-G470-VHHH,SGMRK-G470-VHHH,43
CN,2605,DUDIT,POU,A599,CN-2605-SGMRK-G470/L888-TAMOT,SGMRK-G470/L888-TAMOT,7
CN,2605,DUDIT,POU,A599,CN-2605-SGMRK-G470/L888-TAMOT,SGMRK-G470/L888-TAMOT,18
CN,2605,DUDIT,POU,A599,CN-2605-SGMRK-G470/L888-TAMOT,SGMRK-G470/L888-TAMOT,23
CN,2605,DUDIT,POU,A599,CN-2605-SGMRK-G470/L888-TAMOT,SGMRK-G470/L888-TAMOT,33
CN,2605,DUDIT,POU,A599,CN-2605-SGMRK-G470/L888-TAMOT,SGMRK-G470/L888-TAMOT,41
CN,2605,DUDIT,POU,A599,CN-2605-SGMRK-G470/L888-VHHH,SGMRK-G470/L888-VHHH,7
CN,2605,DUDIT,POU,A599,CN-2605-SGMRK-G470/L888-VHHH,SGMRK-G470/L888-VHHH,18
CN,2605,DUDIT,POU,A599,CN-2605-SGMRK-G470/L888-VHHH,SGMRK-G470/L888-VHHH,23
CN,2605,DUDIT,POU,A599,CN-2605-SGMRK-G470/L888-VHHH,SGMRK-G470/L888-VHHH,33
CN,2605,DUDIT,POU,A599,CN-2605-SGMRK-G470/L888-VHHH,SGMRK-G470/L888-VHHH,41
CN,2605,DUDIT,POU,A599,CN-2605-SGMRK-G470/Y1-TAMOT,SGMRK-G470/Y1-TAMOT,7
CN,2605,DUDIT,POU,A599,CN-2605-SGMRK-G470/Y1-TAMOT,SGMRK-G470/Y1-TAMOT,18
CN,2605,DUDIT,POU,A599,CN-2605-SGMRK-G470/Y1-TAMOT,SGMRK-G470/Y1-TAMOT,23
CN,2605,DUDIT,POU,A599,CN-2605-SGMRK-G470/Y1-TAMOT,SGMRK-G470/Y1-TAMOT,32
CN,2605,DUDIT,POU,A599,CN-2605-SGMRK-G470/Y1-TAMOT,SGMRK-G470/Y1-TAMOT,40
CN,2605,DUDIT,POU,A599,CN-2605-SGMRK-G470/Y1-VHHH,SGMRK-G470/Y1-VHHH,7
CN,2605,DUDIT,POU,A599,CN-2605-SGMRK-G470/Y1-VHHH,SGMRK-G470/Y1-VHHH,18
CN,2605,DUDIT,POU,A599,CN-2605-SGMRK-G470/Y1-VHHH,SGMRK-G470/Y1-VHHH,23
CN,2605,DUDIT,POU,A599,CN-2605-SGMRK-G470/Y1-VHHH,SGMRK-G470/Y1-VHHH,32
CN,2605,DUDIT,POU,A599,CN-2605-SGMRK-G470/Y1-VHHH,SGMRK-G470/Y1-VHHH,40
CN,2605,DUDIT,POU,A599,CN-2605-SGMRN-G470-TAMOT,SGMRN-G470-TAMOT,7
CN,2605,DUDIT,POU,A599,CN-2605-SGMRN-G470-TAMOT,SGMRN-G470-TAMOT,18
CN,2605,DUDIT,POU,A599,CN-2605-SGMRN-G470-TAMOT,SGMRN-G470-TAMOT,23
CN,2605,DUDIT,POU,A599,CN-2605-SGMRN-G470-TAMOT,SGMRN-G470-TAMOT,33
CN,2605,DUDIT,POU,A599,CN-2605-SGMRN-G470-VHHH,SGMRN-G470-VHHH,7
CN,2605,DUDIT,POU,A599,CN-2605-SGMRN-G470-VHHH,SGMRN-G470-VHHH,18
CN,2605,DUDIT,POU,A599,CN-2605-SGMRN-G470-VHHH,SGMRN-G470-VHHH,23
CN,2605,DUDIT,POU,A599,CN-2605-SGMRN-G470-VHHH,SGMRN-G470-VHHH,33
CN,2605,DUDIT,POU,A599,CN-2605-SGMRN-G470/L888-TAMOT,SGMRN-G470/L888-TAMOT,7
CN,2605,DUDIT,POU,A599,CN-2605-SGMRN-G470/L888-TAMOT,SGMRN-G470/L888-TAMOT,18
CN,2605,DUDIT,POU,A599,CN-2605-SGMRN-G470/L888-TAMOT,SGMRN-G470/L888-TAMOT,23
CN,2605,DUDIT,POU,A599,CN-2605-SGMRN-G470/L888-TAMOT,SGMRN-G470/L888-TAMOT,33
CN,2605,DUDIT,POU,A599,CN-2605-SGMRN-G470/L888-VHHH,SGMRN-G470/L888-VHHH,7
CN,2605,DUDIT,POU,A599,CN-2605-SGMRN-G470/L888-VHHH,SGMRN-G470/L888-VHHH,18
CN,2605,DUDIT,POU,A599,CN-2605-SGMRN-G470/L888-VHHH,SGMRN-G470/L888-VHHH,23
CN,2605,DUDIT,POU,A599,CN-2605-SGMRN-G470/L888-VHHH,SGMRN-G470/L888-VHHH,33
CN,2605,DUDIT,POU,A599,CN-2605-SGMRN-G470/Y1-TAMOT,SGMRN-G470/Y1-TAMOT,7
CN,2605,DUDIT,POU,A599,CN-2605-SGMRN-G470/Y1-TAMOT,SGMRN-G470/Y1-TAMOT,18
CN,2605,DUDIT,POU,A599,CN-2605-SGMRN-G470/Y1-TAMOT,SGMRN-G470/Y1-TAMOT,23
CN,2605,DUDIT,POU,A599,CN-2605-SGMRN-G470/Y1-TAMOT,SGMRN-G470/Y1-TAMOT,32
CN,2605,DUDIT,POU,A599,CN-2605-SGMRN-G470/Y1-VHHH,SGMRN-G470/Y1-VHHH,7
CN,2605,DUDIT,POU,A599,CN-2605-SGMRN-G470/Y1-VHHH,SGMRN-G470/Y1-VHHH,18
CN,2605,DUDIT,POU,A599,CN-2605-SGMRN-G470/Y1-VHHH,SGMRN-G470/Y1-VHHH,23
CN,2605,DUDIT,POU,A599,CN-2605-SGMRN-G470/Y1-VHHH,SGMRN-G470/Y1-VHHH,32
CN,2605,DUDIT,POU,A599,CN-2605-SM-TAMOT,SM-TAMOT,7
CN,2605,DUDIT,POU,A599,CN-2605-SM-TAMOT,SM-TAMOT,12
CN,2605,DUDIT,POU,A599,CN-2605-SM-VHHH,SM-VHHH,7
CN,2605,DUDIT,POU,A599,CN-2605-SM-VHHH,SM-VHHH,12
CN,2605,DUDIT,POU,A599,CN-2605-SRK-L888-TAMOT,SRK-L888-TAMOT,7
CN,2605,DUDIT,POU,A599,CN-2605-SRK-L888-TAMOT,SRK-L888-TAMOT,17
CN,2605,DUDIT,POU,A599,CN-2605-SRK-L888-TAMOT,SRK-L888-TAMOT,25
CN,2605,DUDIT,POU,A599,CN-2605-SRK-L888-VHHH,SRK-L888-VHHH,7
CN,2605,DUDIT,POU,A599,CN-2605-SRK-L888-VHHH,SRK-L888-VHHH,17
CN,2605,DUDIT,POU,A599,CN-2605-SRK-L888-VHHH,SRK-L888-VHHH,25
CN,2605,DUDIT,POU,A599,CN-2605-SRK-TAMOT,SRK-TAMOT,7
CN,2605,DUDIT,POU,A599,CN-2605-SRK-TAMOT,SRK-TAMOT,17
CN,2605,DUDIT,POU,A599,CN-2605-SRK-TAMOT,SRK-TAMOT,27
CN,2605,DUDIT,POU,A599,CN-2605-SRK-VHHH,SRK-VHHH,7
CN,2605,DUDIT,POU,A599,CN-2605-SRK-VHHH,SRK-VHHH,17
CN,2605,DUDIT,POU,A599,CN-2605-SRK-VHHH,SRK-VHHH,27
CN,2605,DUDIT,POU,A599,CN-2605-SRK-Y1-TAMOT,SRK-Y1-TAMOT,7
CN,2605,DUDIT,POU,A599,CN-2605-SRK-Y1-TAMOT,SRK-Y1-TAMOT,16
CN,2605,DUDIT,POU,A599,CN-2605-SRK-Y1-TAMOT,SRK-Y1-TAMOT,24
CN,2605,DUDIT,POU,A599,CN-2605-SRK-Y1-VHHH,SRK-Y1-VHHH,7
CN,2605,DUDIT,POU,A599,CN-2605-SRK-Y1-VHHH,SRK-Y1-VHHH,16
CN,2605,DUDIT,POU,A599,CN-2605-SRK-Y1-VHHH,SRK-Y1-VHHH,24
CN,2605,DUDIT,POU,A599,CN-2605-SRKL-L888-VHHH,SRKL-L888-VHHH,6
CN,2605,DUDIT,POU,A599,CN-2605-SRKL-L888-VHHH,SRKL-L888-VHHH,16
CN,2605,DUDIT,POU,A599,CN-2605-SRKL-L888-VHHH,SRKL-L888-VHHH,24
CN,2605,DUDIT,POU,A599,CN-2605-SRKL-VHHH,SRKL-VHHH,6
CN,2605,DUDIT,POU,A599,CN-2605-SRKL-VHHH,SRKL-VHHH,16
CN,2605,DUDIT,POU,A599,CN-2605-SRKL-VHHH,SRKL-VHHH,26
CN,2605,DUDIT,POU,A599,CN-2605-SRKL-W191-TAMOT,SRKL-W191-TAMOT,7
CN,2605,DUDIT,POU,A599,CN-2605-SRKL-W191-TAMOT,SRKL-W191-TAMOT,17
CN,2605,DUDIT,POU,A599,CN-2605-SRKL-W191-TAMOT,SRKL-W191-TAMOT,27
CN,2605,DUDIT,POU,A599,CN-2605-SRKL-W191-VHHH,SRKL-W191-VHHH,7
CN,2605,DUDIT,POU,A599,CN-2605-SRKL-W191-VHHH,SRKL-W191-VHHH,17
CN,2605,DUDIT,POU,A599,CN-2605-SRKL-W191-VHHH,SRKL-W191-VHHH,27
CN,2605,DUDIT,POU,A599,CN-2605-SRKL-W191/L888-TAMOT,SRKL-W191/L888-TAMOT,7
CN,2605,DUDIT,POU,A599,CN-2605-SRKL-W191/L888-TAMOT,SRKL-W191/L888-TAMOT,17
CN,2605,DUDIT,POU,A599,CN-2605-SRKL-W191/L888-TAMOT,SRKL-W191/L888-TAMOT,25
CN,2605,DUDIT,POU,A599,CN-2605-SRKL-W191/L888-VHHH,SRKL-W191/L888-VHHH,7
CN,2605,DUDIT,POU,A599,CN-2605-SRKL-W191/L888-VHHH,SRKL-W191/L888-VHHH,17
CN,2605,DUDIT,POU,A599,CN-2605-SRKL-W191/L888-VHHH,SRKL-W191/L888-VHHH,25
CN,2605,DUDIT,POU,A599,CN-2605-SRKL-W191/Y1-TAMOT,SRKL-W191/Y1-TAMOT,7
CN,2605,DUDIT,POU,A599,CN-2605-SRKL-W191/Y1-TAMOT,SRKL-W191/Y1-TAMOT,16
CN,2605,DUDIT,POU,A599,CN-2605-SRKL-W191/Y1-TAMOT,SRKL-W191/Y1-TAMOT,24
CN,2605,DUDIT,POU,A599,CN-2605-SRKL-W191/Y1-VHHH,SRKL-W191/Y1-VHHH,7
CN,2605,DUDIT,POU,A599,CN-2605-SRKL-W191/Y1-VHHH,SRKL-W191/Y1-VHHH,16
CN,2605,DUDIT,POU,A599,CN-2605-SRKL-W191/Y1-VHHH,SRKL-W191/Y1-VHHH,24
CN,2605,DUDIT,POU,A599,CN-2605-SRKL-Y1-VHHH,SRKL-Y1-VHHH,6
CN,2605,DUDIT,POU,A599,CN-2605-SRKL-Y1-VHHH,SRKL-Y1-VHHH,15
CN,2605,DUDIT,POU,A599,CN-2605-SRKL-Y1-VHHH,SRKL-Y1-VHHH,23
CN,2605,DUDIT,POU,A599,CN-2605-SRL-L888-VHHH,SRL-L888-VHHH,6
CN,2605,DUDIT,POU,A599,CN-2605-SRL-L888-VHHH,SRL-L888-VHHH,16
CN,2605,DUDIT,POU,A599,CN-2605-SRL-TAMOT,SRL-TAMOT,6
CN,2605,DUDIT,POU,A599,CN-2605-SRL-TAMOT,SRL-TAMOT,15
CN,2605,DUDIT,POU,A599,CN-2605-SRL-VHHH,SRL-VHHH,6
CN,2605,DUDIT,POU,A599,CN-2605-SRL-VHHH,SRL-VHHH,16
CN,2605,DUDIT,POU,A599,CN-2605-SRL-W191-TAMOT,SRL-W191-TAMOT,7
CN,2605,DUDIT,POU,A599,CN-2605-SRL-W191-TAMOT,SRL-W191-TAMOT,17
CN,2605,DUDIT,POU,A599,CN-2605-SRL-W191-VHHH,SRL-W191-VHHH,7
CN,2605,DUDIT,POU,A599,CN-2605-SRL-W191-VHHH,SRL-W191-VHHH,17
CN,2605,DUDIT,POU,A599,CN-2605-SRL-W191/L888-TAMOT,SRL-W191/L888-TAMOT,7
CN,2605,DUDIT,POU,A599,CN-2605-SRL-W191/L888-TAMOT,SRL-W191/L888-TAMOT,17
CN,2605,DUDIT,POU,A599,CN-2605-SRL-W191/L888-VHHH,SRL-W191/L888-VHHH,7
CN,2605,DUDIT,POU,A599,CN-2605-SRL-W191/L888-VHHH,SRL-W191/L888-VHHH,17
CN,2605,DUDIT,POU,A599,CN-2605-SRL-W191/Y1-TAMOT,SRL-W191/Y1-TAMOT,7
CN,2605,DUDIT,POU,A599,CN-2605-SRL-W191/Y1-TAMOT,SRL-W191/Y1-TAMOT,16
CN,2605,DUDIT,POU,A599,CN-2605-SRL-W191/Y1-VHHH,SRL-W191/Y1-VHHH,7
CN,2605,DUDIT,POU,A599,CN-2605-SRL-W191/Y1-VHHH,SRL-W191/Y1-VHHH,16
CN,2605,DUDIT,POU,A599,CN-2605-SRL-Y1-VHHH,SRL-Y1-VHHH,6
CN,2605,DUDIT,POU,A599,CN-2605-SRL-Y1-VHHH,SRL-Y1-VHHH,15
CN,2605,DUDIT,POU,A599,CN-2605-ZLLL-VHHH-01,ZLLL-VHHH-01,3
CN,2605,DUDIT,POU,A599,CN-2605-ZLLL-VMMC-01,ZLLL-VMMC-01,3
CN,2605,DUDIT,POU,A599,CN-2605-ZLXN-RCTP-01,ZLXN-RCTP-01,4
CN,2605,DUDIT,POU,A599,CN-2605-ZLXN-TAMOT-01,ZLXN-TAMOT-01,4
CN,2605,DUDIT,POU,A599,CN-2605-ZLXY-TAMOT-01,ZLXY-TAMOT-01,7
CN,2605,DUDIT,POU,A599,CN-2605-ZLXY-VHHH-01,ZLXY-VHHH-01,7
CN,2605,DUDIT,POU,A599,CN-2605-ZUTF-RCSS-01,ZUTF-RCSS-01,4
CN,2605,DUDIT,POU,A599,CN-2605-ZUTF-RCTP-01,ZUTF-RCTP-01,4
CN,2605,DUDIT,POU,A599,CN-2605-ZUTF-TAMOT-01,ZUTF-TAMOT-01,4
CN,2605,DUDIT,POU,A599,CN-2605-ZUTF-VHHH-01,ZUTF-VHHH-01,4
CN,2605,DUDIT,POU,A599,CN-2605-ZUTF-VMMC-01,ZUTF-VMMC-01,4
CN,2605,DUDIT,POU,A599,CN-2605-ZUUU-RCKH-01,ZUUU-RCKH-01,3
CN,2605,DUDIT,POU,A599,CN-2605-ZUUU-RCMQ-01,ZUUU-RCMQ-01,3
CN,2605,DUDIT,POU,A599,CN-2605-ZUUU-RCSS-01,ZUUU-RCSS-01,3
CN,2605,DUDIT,POU,A599,CN-2605-ZUUU-RCTP-01,ZUUU-RCTP-01,3
CN,2605,DUDIT,POU,A599,CN-2605-ZUUU-RCYU-01,ZUUU-RCYU-01,3
CN,2605,DUDIT,POU,A599,CN-2605-ZUUU-TAMOT-01,ZUUU-TAMOT-01,3
CN,2605,DUDIT,POU,A599,CN-2605-ZUUU-VHHH-01,ZUUU-VHHH-01,3
CN,2605,DUDIT,POU,A599,CN-2605-ZUUU-VMMC-01,ZUUU-VMMC-01,3
CN,2605,DUDIT,POU,A599,CN-2605-ZWWW-VHHH-01,ZWWW-VHHH-01,9
CN,2605,DUDIT,POU,A599,CN-2605-ZWWW-VHHH-02,ZWWW-VHHH-02,6
CN,2605,DUDIT,POU,A599,CN-2605-ZWWW-VMMC-01,ZWWW-VMMC-01,9
CN,2605,DUKIR,NIMEM,W655,CN-2605-ZYHB-AGAVO-01,ZYHB-AGAVO-01,1
CN,2605,DUKIR,NIMEM,W655,CN-2605-ZYHB-RCKH-01,ZYHB-RCKH-01,1
CN,2605,DUKIR,NIMEM,W655,CN-2605-ZYHB-RCMQ-01,ZYHB-RCMQ-01,1
CN,2605,DUKIR,NIMEM,W655,CN-2605-ZYHB-RCTP-01,ZYHB-RCTP-01,1
CN,2605,DUKIR,NIMEM,W655,CN-2605-ZYHB-RCYU-01,ZYHB-RCYU-01,1
CN,2605,DUMAX,AVDIG,W278,CN-2605-ZLXY-TAMOT-01,ZLXY-TAMOT-01,2
CN,2605,DUMAX,AVDIG,W278,CN-2605-ZLXY-TAMOT-02,ZLXY-TAMOT-02,2
CN,2605,DUMAX,AVDIG,W278,CN-2605-ZLXY-VHHH-01,ZLXY-VHHH-01,2
CN,2605,DUMAX,AVDIG,W278,CN-2605-ZLXY-VHHH-02,ZLXY-VHHH-02,2
CN,2605,DUMAX,AVDIG,W278,CN-2605-ZLXY-VMMC-01,ZLXY-VMMC-01,2
CN,2605,DUMET,LASAN,W114,CN-2605-LAMEN-ZGSZ-02,LAMEN-ZGSZ-02,2
CN,2605,DUMET,LASAN,W114,CN-2605-LAMEN-ZSAM-01,LAMEN-ZSAM-01,2
CN,2605,DUMET,LASAN,W114,CN-2605-LAMEN-ZSAM-02,LAMEN-ZSAM-02,2
CN,2605,DUMET,LASAN,W114,CN-2605-LAMEN-ZSFZ-01,LAMEN-ZSFZ-01,2
CN,2605,DUMET,LASAN,W114,CN-2605-LAMEN-ZSFZ-02,LAMEN-ZSFZ-02,2
CN,2605,DUMET,LASAN,W114,CN-2605-LAMEN-ZSHC-01,LAMEN-ZSHC-01,2
CN,2605,DUMET,LASAN,W114,CN-2605-LAMEN-ZSWZ-01,LAMEN-ZSWZ-01,2
CN,2605,DUMET,LASAN,W114,CN-2605-MAGIT-ZSHC-01,MAGIT-ZSHC-01,7
CN,2605,DUMET,LASAN,W114,CN-2605-SADLI-M503-MAGOG,SADLI-M503-MAGOG,2
CN,2605,DUMET,LASAN,W114,CN-2605-SIMLI-ZSHC-02,SIMLI-ZSHC-02,5
CN,2605,DYG,HUY,W140,CN-2605-ZGDY-KATBO-01,ZGDY-KATBO-01,1
CN,2605,DYG,HUY,W140,CN-2605-ZGHA-LINSO-01,ZGHA-LINSO-01,4
CN,2605,DYG,LIN,W141,CN-2605-ZGDY-LAMEN-01,ZGDY-LAMEN-01,1
CN,2605,DYG,LIN,W141,CN-2605-ZGDY-RCTP-01,ZGDY-RCTP-01,1
CN,2605,DYG,LLC,W138,CN-2605-ZGDY-TEBAK-01,ZGDY-TEBAK-01,1
CN,2605,EGARA,ASIPO,W3,CN-2605-KATBO-ZUCK-01,KATBO-ZUCK-01,7
CN,2605,EGARA,ASIPO,W3,CN-2605-LINSO-ZUCK-01,LINSO-ZUCK-01,6
CN,2605,EGARA,ASIPO,W3,CN-2605-SAGAG-ZUCK-01,SAGAG-ZUCK-01,6
CN,2605,EGILO,DKO,W69,CN-2605-ZBDS-MORIT-01,ZBDS-MORIT-01,2
CN,2605,EKULI,OVTUP,W576,CN-2605-BISUN-ZBTJ-01,BISUN-ZBTJ-01,6
CN,2605,EKULI,OVTUP,W576,CN-2605-MAGIT-ZBTJ-01,MAGIT-ZBTJ-01,6
CN,2605,EKULI,OVTUP,W576,CN-2605-SIMLI-ZBTJ-01,SIMLI-ZBTJ-01,4
CN,2605,ELASU,BIDRU,A581,CN-2605-VHHH-ZPJH-01,VHHH-ZPJH-01,5
CN,2605,ELASU,IDPUG,W147,CN-2605-ZPJH-VHHH-01,ZPJH-VHHH-01,2
CN,2605,ELASU,SAGAG,A581,CN-2605-ZPPP-SAGAG-01,ZPPP-SAGAG-01,1
CN,2605,ELBAV,DUDIT,W181,CN-2605-ZLXY-TAMOT-01,ZLXY-TAMOT-01,6
CN,2605,ELBAV,DUDIT,W181,CN-2605-ZLXY-VHHH-01,ZLXY-VHHH-01,6
CN,2605,ELKAL,BIPIP,W179,CN-2605-BEKOL-G470-SRKL,BEKOL-G470-SRKL,49
CN,2605,ELKAL,BIPIP,W179,CN-2605-BEKOL-G470-SRL,BEKOL-G470-SRL,34
CN,2605,ELKAL,BIPIP,W179,CN-2605-BEKOL-G470/L888-SRKL,BEKOL-G470/L888-SRKL,38
CN,2605,ELKAL,BIPIP,W179,CN-2605-BEKOL-G470/L888-SRL,BEKOL-G470/L888-SRL,29
CN,2605,ELKAL,BIPIP,W179,CN-2605-BEKOL-G470/Y1-SRKL,BEKOL-G470/Y1-SRKL,38
CN,2605,ELKAL,BIPIP,W179,CN-2605-BEKOL-G470/Y1-SRL,BEKOL-G470/Y1-SRL,29
CN,2605,ELKAL,BIPIP,W179,CN-2605-BEKOL-SRKL,BEKOL-SRKL,41
CN,2605,ELKAL,BIPIP,W179,CN-2605-BEKOL-SRL,BEKOL-SRL,29
CN,2605,ELKAL,IGNAK,W179,CN-2605-BEKOL-ZUUU-01,BEKOL-ZUUU-01,6
CN,2605,ELKAL,IGNAK,W179,CN-2605-RCKH-ZUUU-01,RCKH-ZUUU-01,6
CN,2605,ELKAL,IGNAK,W179,CN-2605-RCMQ-ZUUU-01,RCMQ-ZUUU-01,6
CN,2605,ELKAL,IGNAK,W179,CN-2605-RCSS-ZUUU-01,RCSS-ZUUU-01,6
CN,2605,ELKAL,IGNAK,W179,CN-2605-RCTP-ZUUU-01,RCTP-ZUUU-01,6
CN,2605,ELKAL,IGNAK,W179,CN-2605-RCYU-ZUUU-01,RCYU-ZUUU-01,6
CN,2605,ELKAL,IGNAK,W179,CN-2605-VHHH-ZUUU-01,VHHH-ZUUU-01,6
CN,2605,ELKAL,IGNAK,W179,CN-2605-VMMC-ZUUU-01,VMMC-ZUUU-01,6
CN,2605,ELKAL,OMBON,W179,CN-2605-BEKOL-APSMS,BEKOL-APSMS,26
CN,2605,ELKAL,OMBON,W179,CN-2605-BEKOL-G470-KAMUD,BEKOL-G470-KAMUD,6
CN,2605,ELKAL,OMBON,W179,CN-2605-BEKOL-G470-RULAD,BEKOL-G470-RULAD,6
CN,2605,ELKAL,OMBON,W179,CN-2605-BEKOL-G470-SARIN,BEKOL-G470-SARIN,6
CN,2605,ELKAL,OMBON,W179,CN-2605-BEKOL-G470-SGM,BEKOL-G470-SGM,6
CN,2605,ELKAL,OMBON,W179,CN-2605-BEKOL-G470-SGM,BEKOL-G470-SGM,19
CN,2605,ELKAL,OMBON,W179,CN-2605-BEKOL-G470-SGM,BEKOL-G470-SGM,33
CN,2605,ELKAL,OMBON,W179,CN-2605-BEKOL-G470-SGMN,BEKOL-G470-SGMN,6
CN,2605,ELKAL,OMBON,W179,CN-2605-BEKOL-G470-SGMN,BEKOL-G470-SGMN,19
CN,2605,ELKAL,OMBON,W179,CN-2605-BEKOL-G470-SGMN,BEKOL-G470-SGMN,33
CN,2605,ELKAL,OMBON,W179,CN-2605-BEKOL-G470-SGMRK,BEKOL-G470-SGMRK,6
CN,2605,ELKAL,OMBON,W179,CN-2605-BEKOL-G470-SGMRK,BEKOL-G470-SGMRK,19
CN,2605,ELKAL,OMBON,W179,CN-2605-BEKOL-G470-SGMRK,BEKOL-G470-SGMRK,33
CN,2605,ELKAL,OMBON,W179,CN-2605-BEKOL-G470-SGMRK,BEKOL-G470-SGMRK,41
CN,2605,ELKAL,OMBON,W179,CN-2605-BEKOL-G470-SGMRK,BEKOL-G470-SGMRK,56
CN,2605,ELKAL,OMBON,W179,CN-2605-BEKOL-G470-SGMRN,BEKOL-G470-SGMRN,6
CN,2605,ELKAL,OMBON,W179,CN-2605-BEKOL-G470-SGMRN,BEKOL-G470-SGMRN,19
CN,2605,ELKAL,OMBON,W179,CN-2605-BEKOL-G470-SGMRN,BEKOL-G470-SGMRN,33
CN,2605,ELKAL,OMBON,W179,CN-2605-BEKOL-G470-SGMRN,BEKOL-G470-SGMRN,41
CN,2605,ELKAL,OMBON,W179,CN-2605-BEKOL-G470-SM,BEKOL-G470-SM,6
CN,2605,ELKAL,OMBON,W179,CN-2605-BEKOL-G470-SM,BEKOL-G470-SM,19
CN,2605,ELKAL,OMBON,W179,CN-2605-BEKOL-G470-SRK,BEKOL-G470-SRK,6
CN,2605,ELKAL,OMBON,W179,CN-2605-BEKOL-G470-SRK,BEKOL-G470-SRK,19
CN,2605,ELKAL,OMBON,W179,CN-2605-BEKOL-G470-SRK,BEKOL-G470-SRK,34
CN,2605,ELKAL,OMBON,W179,CN-2605-BEKOL-G470-SRKL,BEKOL-G470-SRKL,6
CN,2605,ELKAL,OMBON,W179,CN-2605-BEKOL-G470-SRKL,BEKOL-G470-SRKL,19
CN,2605,ELKAL,OMBON,W179,CN-2605-BEKOL-G470-SRKL,BEKOL-G470-SRKL,34
CN,2605,ELKAL,OMBON,W179,CN-2605-BEKOL-G470-SRL,BEKOL-G470-SRL,6
CN,2605,ELKAL,OMBON,W179,CN-2605-BEKOL-G470-SRL,BEKOL-G470-SRL,19
CN,2605,ELKAL,OMBON,W179,CN-2605-BEKOL-G470/L888-SGMRK,BEKOL-G470/L888-SGMRK,6
CN,2605,ELKAL,OMBON,W179,CN-2605-BEKOL-G470/L888-SGMRK,BEKOL-G470/L888-SGMRK,19
CN,2605,ELKAL,OMBON,W179,CN-2605-BEKOL-G470/L888-SGMRK,BEKOL-G470/L888-SGMRK,33
CN,2605,ELKAL,OMBON,W179,CN-2605-BEKOL-G470/L888-SGMRK,BEKOL-G470/L888-SGMRK,51
CN,2605,ELKAL,OMBON,W179,CN-2605-BEKOL-G470/L888-SGMRN,BEKOL-G470/L888-SGMRN,6
CN,2605,ELKAL,OMBON,W179,CN-2605-BEKOL-G470/L888-SGMRN,BEKOL-G470/L888-SGMRN,19
CN,2605,ELKAL,OMBON,W179,CN-2605-BEKOL-G470/L888-SGMRN,BEKOL-G470/L888-SGMRN,33
CN,2605,ELKAL,OMBON,W179,CN-2605-BEKOL-G470/L888-SRK,BEKOL-G470/L888-SRK,6
CN,2605,ELKAL,OMBON,W179,CN-2605-BEKOL-G470/L888-SRK,BEKOL-G470/L888-SRK,29
CN,2605,ELKAL,OMBON,W179,CN-2605-BEKOL-G470/L888-SRKL,BEKOL-G470/L888-SRKL,6
CN,2605,ELKAL,OMBON,W179,CN-2605-BEKOL-G470/L888-SRKL,BEKOL-G470/L888-SRKL,29
CN,2605,ELKAL,OMBON,W179,CN-2605-BEKOL-G470/L888-SRL,BEKOL-G470/L888-SRL,6
CN,2605,ELKAL,OMBON,W179,CN-2605-BEKOL-G470/Y1-SGMRK,BEKOL-G470/Y1-SGMRK,6
CN,2605,ELKAL,OMBON,W179,CN-2605-BEKOL-G470/Y1-SGMRK,BEKOL-G470/Y1-SGMRK,19
CN,2605,ELKAL,OMBON,W179,CN-2605-BEKOL-G470/Y1-SGMRK,BEKOL-G470/Y1-SGMRK,33
CN,2605,ELKAL,OMBON,W179,CN-2605-BEKOL-G470/Y1-SGMRK,BEKOL-G470/Y1-SGMRK,41
CN,2605,ELKAL,OMBON,W179,CN-2605-BEKOL-G470/Y1-SGMRK,BEKOL-G470/Y1-SGMRK,51
CN,2605,ELKAL,OMBON,W179,CN-2605-BEKOL-G470/Y1-SGMRN,BEKOL-G470/Y1-SGMRN,6
CN,2605,ELKAL,OMBON,W179,CN-2605-BEKOL-G470/Y1-SGMRN,BEKOL-G470/Y1-SGMRN,19
CN,2605,ELKAL,OMBON,W179,CN-2605-BEKOL-G470/Y1-SGMRN,BEKOL-G470/Y1-SGMRN,33
CN,2605,ELKAL,OMBON,W179,CN-2605-BEKOL-G470/Y1-SGMRN,BEKOL-G470/Y1-SGMRN,41
CN,2605,ELKAL,OMBON,W179,CN-2605-BEKOL-G470/Y1-SRKL,BEKOL-G470/Y1-SRKL,6
CN,2605,ELKAL,OMBON,W179,CN-2605-BEKOL-G470/Y1-SRKL,BEKOL-G470/Y1-SRKL,19
CN,2605,ELKAL,OMBON,W179,CN-2605-BEKOL-G470/Y1-SRKL,BEKOL-G470/Y1-SRKL,29
CN,2605,ELKAL,OMBON,W179,CN-2605-BEKOL-G470/Y1-SRL,BEKOL-G470/Y1-SRL,6
CN,2605,ELKAL,OMBON,W179,CN-2605-BEKOL-G470/Y1-SRL,BEKOL-G470/Y1-SRL,19
CN,2605,ELKAL,OMBON,W179,CN-2605-BEKOL-GOPTO,BEKOL-GOPTO,6
CN,2605,ELKAL,OMBON,W179,CN-2605-BEKOL-KAMUD,BEKOL-KAMUD,6
CN,2605,ELKAL,OMBON,W179,CN-2605-BEKOL-MN,BEKOL-MN,6
CN,2605,ELKAL,OMBON,W179,CN-2605-BEKOL-MORIT,BEKOL-MORIT,6
CN,2605,ELKAL,OMBON,W179,CN-2605-BEKOL-RULAD,BEKOL-RULAD,6
CN,2605,ELKAL,OMBON,W179,CN-2605-BEKOL-SARIN,BEKOL-SARIN,6
CN,2605,ELKAL,OMBON,W179,CN-2605-BEKOL-SGM,BEKOL-SGM,6
CN,2605,ELKAL,OMBON,W179,CN-2605-BEKOL-SGM,BEKOL-SGM,17
CN,2605,ELKAL,OMBON,W179,CN-2605-BEKOL-SGM,BEKOL-SGM,30
CN,2605,ELKAL,OMBON,W179,CN-2605-BEKOL-SGMN,BEKOL-SGMN,6
CN,2605,ELKAL,OMBON,W179,CN-2605-BEKOL-SGMN,BEKOL-SGMN,17
CN,2605,ELKAL,OMBON,W179,CN-2605-BEKOL-SGMN,BEKOL-SGMN,30
CN,2605,ELKAL,OMBON,W179,CN-2605-BEKOL-SRKL,BEKOL-SRKL,6
CN,2605,ELKAL,OMBON,W179,CN-2605-BEKOL-SRKL,BEKOL-SRKL,17
CN,2605,ELKAL,OMBON,W179,CN-2605-BEKOL-SRKL,BEKOL-SRKL,29
CN,2605,ELKAL,OMBON,W179,CN-2605-BEKOL-SRL,BEKOL-SRL,6
CN,2605,ELKAL,OMBON,W179,CN-2605-BEKOL-SRL,BEKOL-SRL,17
CN,2605,ELKAL,OMBON,W179,CN-2605-BEKOL-Y1-KAMUD,BEKOL-Y1-KAMUD,6
CN,2605,ELKAL,OMBON,W179,CN-2605-BEKOL-Y1-RULAD,BEKOL-Y1-RULAD,6
CN,2605,ELKAL,OMBON,W179,CN-2605-BEKOL-Y1-SRK,BEKOL-Y1-SRK,6
CN,2605,ELKAL,OMBON,W179,CN-2605-BEKOL-Y1-SRK,BEKOL-Y1-SRK,19
CN,2605,ELKAL,OMBON,W179,CN-2605-BEKOL-Y1-SRK,BEKOL-Y1-SRK,29
CN,2605,ELKAL,OMBON,W179,CN-2605-RCTP-ZLXN-01,RCTP-ZLXN-01,6
CN,2605,ELKAL,OMBON,W179,CN-2605-TEBAK-GOPTO,TEBAK-GOPTO,5
CN,2605,ELKAL,OMBON,W179,CN-2605-TEBAK-SARIN,TEBAK-SARIN,5
CN,2605,ELKAL,OMBON,W179,CN-2605-VHHH-ZLLL-01,VHHH-ZLLL-01,6
CN,2605,ELKAL,OMBON,W179,CN-2605-VHHH-ZWWW-01,VHHH-ZWWW-01,6
CN,2605,ELKAL,OMBON,W179,CN-2605-VHHH-ZWWW-02,VHHH-ZWWW-02,6
CN,2605,ELKAL,OMBON,W179,CN-2605-VMMC-MORIT,VMMC-MORIT,6
CN,2605,ELKAL,OMBON,W179,CN-2605-VMMC-RULAD,VMMC-RULAD,6
CN,2605,ELKAL,OMBON,W179,CN-2605-VMMC-ZLLL-01,VMMC-ZLLL-01,6
CN,2605,ELKAL,OMBON,W179,CN-2605-VMMC-ZWWW-01,VMMC-ZWWW-01,6
CN,2605,ELKAL,OMBON,W179,CN-2605-ZGGG-AGVUT-01R,ZGGG-AGVUT-01R,4
CN,2605,ELKAL,OMBON,W179,CN-2605-ZGGG-AGVUT-02R,ZGGG-AGVUT-02R,4
CN,2605,ELKAL,OMBON,W179,CN-2605-ZGGG-KAMUD-01,ZGGG-KAMUD-01,4
CN,2605,ELKAL,OMBON,W179,CN-2605-ZGGG-KAMUD-02,ZGGG-KAMUD-02,4
CN,2605,ELKAL,OMBON,W179,CN-2605-ZGGG-MORIT-01,ZGGG-MORIT-01,4
CN,2605,ELKAL,OMBON,W179,CN-2605-ZGGG-OGIGI-01,ZGGG-OGIGI-01,4
CN,2605,ELKAL,OMBON,W179,CN-2605-ZGGG-RULAD-01,ZGGG-RULAD-01,4
CN,2605,ELKAL,OMBON,W179,CN-2605-ZGGG-SARIN-01,ZGGG-SARIN-01,4
CN,2605,ELKAL,OMBON,W179,CN-2605-ZGGG-SARIN-02,ZGGG-SARIN-02,4
CN,2605,ELKAL,OMBON,W179,CN-2605-ZGSZ-GOPTO-01,ZGSZ-GOPTO-01,5
CN,2605,ELKAL,OMBON,W179,CN-2605-ZGSZ-GOPTO-02,ZGSZ-GOPTO-02,5
CN,2605,ELKAL,OMBON,W179,CN-2605-ZGSZ-MORIT-01,ZGSZ-MORIT-01,5
CN,2605,ELKAL,OMBON,W179,CN-2605-ZGSZ-RULAD-01,ZGSZ-RULAD-01,5
CN,2605,ELKAL,OMBON,W179,CN-2605-ZGSZ-SARIN-01,ZGSZ-SARIN-01,5
CN,2605,ELKAL,OMBON,W179,CN-2605-ZGSZ-SARIN-02,ZGSZ-SARIN-02,5
CN,2605,ELKAL,OMBON,W179,CN-2605-ZGSZ-SARIN-03,ZGSZ-SARIN-03,5
CN,2605,ELKAL,OMBON,W179,CN-2605-ZJHK-MORIT-01,ZJHK-MORIT-01,6
CN,2605,ELKAL,OMBON,W179,CN-2605-ZJHK-RULAD-01,ZJHK-RULAD-01,6
CN,2605,ELKAL,OMBON,W179,CN-2605-ZJHK-RULAD-02,ZJHK-RULAD-02,6
CN,2605,ELKAL,OMBON,W179,CN-2605-ZJHK-SARIN-01,ZJHK-SARIN-01,6
CN,2605,ELKAL,OMBON,W179,CN-2605-ZJSY-MORIT-01,ZJSY-MORIT-01,8
CN,2605,ELKAL,OMBON,W179,CN-2605-ZJSY-RULAD-01,ZJSY-RULAD-01,8
CN,2605,ELKAL,OMBON,W179,CN-2605-ZJSY-RULAD-02,ZJSY-RULAD-02,8
CN,2605,ELKAL,OMBON,W179,CN-2605-ZJSY-SARIN-01,ZJSY-SARIN-01,8
CN,2605,ELKAL,OMBON,W179,CN-2605-ZJSY-SARIN-02,ZJSY-SARIN-02,8
CN,2605,ELKAL,RIRKI,W179,CN-2605-BEKOL-ZUTF-01,BEKOL-ZUTF-01,6
CN,2605,ELKAL,RIRKI,W179,CN-2605-RCSS-ZUTF-01,RCSS-ZUTF-01,6
CN,2605,ELKAL,RIRKI,W179,CN-2605-RCTP-ZUTF-01,RCTP-ZUTF-01,6
CN,2605,ELKAL,RIRKI,W179,CN-2605-VHHH-ZUTF-01,VHHH-ZUTF-01,6
CN,2605,ELKAL,RIRKI,W179,CN-2605-VMMC-ZUTF-01,VMMC-ZUTF-01,6
CN,2605,ELKAL,SUMUN,W179,CN-2605-BEKOL-ZUCK-01,BEKOL-ZUCK-01,6
CN,2605,ELKAL,SUMUN,W179,CN-2605-RCKH-ZUCK-01,RCKH-ZUCK-01,6
CN,2605,ELKAL,SUMUN,W179,CN-2605-RCMQ-ZUCK-01,RCMQ-ZUCK-01,6
CN,2605,ELKAL,SUMUN,W179,CN-2605-RCSS-ZUCK-01,RCSS-ZUCK-01,6
CN,2605,ELKAL,SUMUN,W179,CN-2605-RCTP-ZUCK-01,RCTP-ZUCK-01,6
CN,2605,ELKAL,SUMUN,W179,CN-2605-RCYU-ZUCK-01,RCYU-ZUCK-01,6
CN,2605,ELKAL,SUMUN,W179,CN-2605-VHHH-ZUCK-01,VHHH-ZUCK-01,6
CN,2605,ELKAL,SUMUN,W179,CN-2605-VMMC-ZUCK-01,VMMC-ZUCK-01,6
CN,2605,ELKAL,SUMUN,W179,CN-2605-VMMC-ZUCK-02,VMMC-ZUCK-02,6
CN,2605,ELKAL,WFX,W179,CN-2605-BEKOL-G470/L888-SGMRK,BEKOL-G470/L888-SGMRK,41
CN,2605,ELKAL,WFX,W179,CN-2605-BEKOL-G470/L888-SGMRN,BEKOL-G470/L888-SGMRN,41
CN,2605,ELKAL,WFX,W179,CN-2605-BEKOL-G470/L888-SRK,BEKOL-G470/L888-SRK,19
CN,2605,ELKAL,WFX,W179,CN-2605-BEKOL-G470/L888-SRKL,BEKOL-G470/L888-SRKL,19
CN,2605,ELKAL,WFX,W179,CN-2605-BEKOL-G470/L888-SRL,BEKOL-G470/L888-SRL,19
CN,2605,ELKAL,WFX,W179,CN-2605-BEKOL-L888-RULAD,BEKOL-L888-RULAD,6
CN,2605,ELKAL,WFX,W179,CN-2605-BEKOL-ZLXY-01,BEKOL-ZLXY-01,6
CN,2605,ELKAL,WFX,W179,CN-2605-VHHH-ZLXY-01,VHHH-ZLXY-01,6
CN,2605,ELKUR,PANKI,W40,CN-2605-POLHO-ZSJN-01,POLHO-ZSJN-01,5
CN,2605,ELKUR,PANKI,W40,CN-2605-SARIN-ZSJN-01,SARIN-ZSJN-01,7
CN,2605,ELKUR,YQG,W40,CN-2605-BISUN-ZSNJ-01,BISUN-ZSNJ-01,5
CN,2605,ELKUR,YQG,W40,CN-2605-KAMUD-ZSAM-01,KAMUD-ZSAM-01,8
CN,2605,ELKUR,YQG,W40,CN-2605-KAMUD-ZSPD-01,KAMUD-ZSPD-01,8
CN,2605,ELKUR,YQG,W40,CN-2605-MAGIT-ZSHC-02,MAGIT-ZSHC-02,4
CN,2605,ELKUR,YQG,W40,CN-2605-MAGIT-ZSNJ-01,MAGIT-ZSNJ-01,4
CN,2605,ELKUR,YQG,W40,CN-2605-MAGIT-ZSPD-01,MAGIT-ZSPD-01,4
CN,2605,ELKUR,YQG,W40,CN-2605-MAGIT-ZSSS-01,MAGIT-ZSSS-01,4
CN,2605,ELKUR,YQG,W40,CN-2605-POLHO-ZSAM-01,POLHO-ZSAM-01,5
CN,2605,ELKUR,YQG,W40,CN-2605-POLHO-ZSFZ-01,POLHO-ZSFZ-01,5
CN,2605,ELKUR,YQG,W40,CN-2605-POLHO-ZSHC-01,POLHO-ZSHC-01,5
CN,2605,ELKUR,YQG,W40,CN-2605-POLHO-ZSNJ-01,POLHO-ZSNJ-01,5
CN,2605,ELKUR,YQG,W40,CN-2605-POLHO-ZSPD-01,POLHO-ZSPD-01,5
CN,2605,ELKUR,YQG,W40,CN-2605-POLHO-ZSSS-01,POLHO-ZSSS-01,5
CN,2605,ELKUR,YQG,W40,CN-2605-POLHO-ZSWZ-01,POLHO-ZSWZ-01,5
CN,2605,ELKUR,YQG,W40,CN-2605-PURPA-ZSPD-01,PURPA-ZSPD-01,9
CN,2605,ELKUR,YQG,W40,CN-2605-PURPA-ZSPD-03,PURPA-ZSPD-03,9
CN,2605,ELKUR,YQG,W40,CN-2605-PURPA-ZSSS-01,PURPA-ZSSS-01,9
CN,2605,ELKUR,YQG,W40,CN-2605-PURPA-ZSSS-02,PURPA-ZSSS-02,9
CN,2605,ELKUR,YQG,W40,CN-2605-RULAD-SADLI,RULAD-SADLI,8
CN,2605,ELKUR,YQG,W40,CN-2605-RULAD-ZSPD-01,RULAD-ZSPD-01,8
CN,2605,ELKUR,YQG,W40,CN-2605-SARIN-ZSPD-02,SARIN-ZSPD-02,7
CN,2605,ELKUR,YQG,W40,CN-2605-SARIN-ZSSS-01,SARIN-ZSSS-01,7
CN,2605,ELKUR,YQG,W40,CN-2605-SIMLI-ZSHC-01,SIMLI-ZSHC-01,4
CN,2605,ELKUR,YQG,W40,CN-2605-SIMLI-ZSPD-01,SIMLI-ZSPD-01,4
CN,2605,ELKUR,YQG,W40,CN-2605-SIMLI-ZSSS-01,SIMLI-ZSSS-01,4
CN,2605,ELKUR,YQG,W40,CN-2605-ZBAA-LAMEN-01,ZBAA-LAMEN-01,1
CN,2605,ELKUR,YQG,W40,CN-2605-ZBAA-RCKH-01,ZBAA-RCKH-01,1
CN,2605,ELKUR,YQG,W40,CN-2605-ZBAA-RCTP-01,ZBAA-RCTP-01,1
CN,2605,ELKUR,YQG,W40,CN-2605-ZBAA-RCYU-01,ZBAA-RCYU-01,1
CN,2605,ELKUR,YQG,W40,CN-2605-ZBTJ-RCBS-01,ZBTJ-RCBS-01,1
CN,2605,ELKUR,YQG,W40,CN-2605-ZBTJ-RCFN-01,ZBTJ-RCFN-01,1
CN,2605,ELKUR,YQG,W40,CN-2605-ZBTJ-RCKH-01,ZBTJ-RCKH-01,1
CN,2605,ELKUR,YQG,W40,CN-2605-ZBTJ-RCMQ-01,ZBTJ-RCMQ-01,1
CN,2605,ELKUR,YQG,W40,CN-2605-ZBTJ-RCNN-01,ZBTJ-RCNN-01,1
CN,2605,ELKUR,YQG,W40,CN-2605-ZBTJ-RCSS-01,ZBTJ-RCSS-01,1
CN,2605,ELKUR,YQG,W40,CN-2605-ZBTJ-RCTP-01,ZBTJ-RCTP-01,1
CN,2605,ELKUR,YQG,W40,CN-2605-ZBTJ-RCYU-01,ZBTJ-RCYU-01,1
CN,2605,ELNEX,GYA,A599,CN-2605-SADLI-TEBAK,SADLI-TEBAK,6
CN,2605,ELNEX,GYA,A599,CN-2605-ZSHC-TEBAK-01,ZSHC-TEBAK-01,1
CN,2605,ELNEX,GYA,A599,CN-2605-ZSNB-TEBAK-01,ZSNB-TEBAK-01,2
CN,2605,ELNEX,GYA,A599,CN-2605-ZSNB-TEBAK-02,ZSNB-TEBAK-02,3
CN,2605,ELNEX,GYA,A599,CN-2605-ZSPD-TEBAK-02,ZSPD-TEBAK-02,4
CN,2605,ELNEX,GYA,A599,CN-2605-ZSTX-TEBAK-01,ZSTX-TEBAK-01,1
CN,2605,ELNEX,JTN,A599,CN-2605-ZSTX-LAMEN-01,ZSTX-LAMEN-01,1
CN,2605,ELNEX,JTN,G204,CN-2605-BEKOL-ZSSS-01,BEKOL-ZSSS-01,6
CN,2605,ELNEX,JTN,G204,CN-2605-LINSO-ZSSS-02,LINSO-ZSSS-02,8
CN,2605,ELNEX,LINSO,A599,CN-2605-SADLI-LINSO,SADLI-LINSO,6
CN,2605,ELNEX,LINSO,A599,CN-2605-ZSPD-LINSO-02,ZSPD-LINSO-02,4
CN,2605,ELNEX,LINSO,A599,CN-2605-ZSSS-LINSO-02,ZSSS-LINSO-02,4
CN,2605,ELNEX,PLT,A599,CN-2605-AGAVO-TAMOT,AGAVO-TAMOT,8
CN,2605,ELNEX,PLT,A599,CN-2605-AGAVO-VHHH,AGAVO-VHHH,8
CN,2605,ELNEX,PLT,A599,CN-2605-LAMEN-ZGGG-01,LAMEN-ZGGG-01,6
CN,2605,ELNEX,PLT,A599,CN-2605-LAMEN-ZGSZ-01,LAMEN-ZGSZ-01,6
CN,2605,ELNEX,PLT,A599,CN-2605-LAMEN-ZJHK-01,LAMEN-ZJHK-01,6
CN,2605,ELNEX,PLT,A599,CN-2605-LAMEN-ZJSY-01,LAMEN-ZJSY-01,6
CN,2605,ELNEX,PLT,A599,CN-2605-LAMEN-ZJSY-02,LAMEN-ZJSY-02,6
CN,2605,ELNEX,PLT,A599,CN-2605-MPSMS-TAMOT,MPSMS-TAMOT,29
CN,2605,ELNEX,PLT,A599,CN-2605-MPSMS-VHHH,MPSMS-VHHH,35
CN,2605,ELNEX,PLT,A599,CN-2605-SADLI-TAMOT,SADLI-TAMOT,6
CN,2605,ELNEX,PLT,A599,CN-2605-SADLI-VHHH,SADLI-VHHH,6
CN,2605,ELNEX,PLT,A599,CN-2605-SADLI-VMMC,SADLI-VMMC,6
CN,2605,ELNEX,PLT,A599,CN-2605-ZSHC-ASSAD-01,ZSHC-ASSAD-01,1
CN,2605,ELNEX,PLT,A599,CN-2605-ZSHC-BUNTA-01,ZSHC-BUNTA-01,1
CN,2605,ELNEX,PLT,A599,CN-2605-ZSHC-TAMOT-01,ZSHC-TAMOT-01,1
CN,2605,ELNEX,PLT,A599,CN-2605-ZSNJ-ASSAD-01,ZSNJ-ASSAD-01,3
CN,2605,ELNEX,PLT,A599,CN-2605-ZSNJ-TAMOT-01,ZSNJ-TAMOT-01,3
CN,2605,ELNEX,PLT,A599,CN-2605-ZSPD-ASSAD-01,ZSPD-ASSAD-01,4
CN,2605,ELNEX,PLT,A599,CN-2605-ZSPD-TAMOT-01,ZSPD-TAMOT-01,4
CN,2605,ELNEX,PLT,A599,CN-2605-ZSPD-VHHH-03,ZSPD-VHHH-03,4
CN,2605,ELNEX,PLT,A599,CN-2605-ZSPD-VMMC-04,ZSPD-VMMC-04,4
CN,2605,ELNEX,PLT,A599,CN-2605-ZSSS-ASSAD-01,ZSSS-ASSAD-01,4
CN,2605,ELNEX,PLT,A599,CN-2605-ZSSS-TAMOT-01,ZSSS-TAMOT-01,4
CN,2605,ELNEX,PLT,A599,CN-2605-ZSSS-VHHH-02,ZSSS-VHHH-02,4
CN,2605,ELNEX,PLT,A599,CN-2605-ZSSS-VMMC-02,ZSSS-VMMC-02,4
CN,2605,ELNEX,PLT,A599,CN-2605-ZSTX-VHHH-01,ZSTX-VHHH-01,1
CN,2605,ELNEX,PLT,A599,CN-2605-ZSXZ-TAMOT-01,ZSXZ-TAMOT-01,4
CN,2605,ELNEX,PLT,A599,CN-2605-ZSYA-TAMOT-01,ZSYA-TAMOT-01,5
CN,2605,ELNEX,SHZ,G204,CN-2605-BEKOL-ZSPD-01,BEKOL-ZSPD-01,6
CN,2605,ELNEX,SHZ,G204,CN-2605-LINSO-ZSPD-02,LINSO-ZSPD-02,8
CN,2605,ELNEX,SHZ,G204,CN-2605-TEBAK-ZSNB-01,TEBAK-ZSNB-01,8
CN,2605,ELNEX,SHZ,G204,CN-2605-TEBAK-ZSNB-02,TEBAK-ZSNB-02,8
CN,2605,ELNEX,TXN,G204,CN-2605-TEBAK-ZSTX-01,TEBAK-ZSTX-01,8
CN,2605,ELNEX,TXN,G204,CN-2605-VHHH-ZSTX-01,VHHH-ZSTX-01,6
CN,2605,ELNEX,UGAGO,G204,CN-2605-ZSTX-MAGOG-01,ZSTX-MAGOG-01,1
CN,2605,ELNEX,UGAGO,G204,CN-2605-ZSTX-RCKH-01,ZSTX-RCKH-01,1
CN,2605,ELNEX,UGAGO,G204,CN-2605-ZSTX-RCTP-01,ZSTX-RCTP-01,1
CN,2605,ELNEX,UGAGO,G204,CN-2605-ZSTX-RCYU-01,ZSTX-RCYU-01,1
CN,2605,ELRUB,YHD,W199,CN-2605-KAMUD-ZLIC-01,KAMUD-ZLIC-01,6
CN,2605,ELRUB,YHD,W199,CN-2605-MORIT-ZLIC-01,MORIT-ZLIC-01,2
CN,2605,ELRUB,YHD,W199,CN-2605-SARIN-ZLIC-01,SARIN-ZLIC-01,5
CN,2605,EMRID,DOGVI,W135,CN-2605-MAGOG-ZSSH-01,MAGOG-ZSSH-01,2
CN,2605,EMRID,DOGVI,W135,CN-2605-MAGOG-ZSXZ-01,MAGOG-ZSXZ-01,2
CN,2605,EMRID,DOGVI,W135,CN-2605-RCBS-ZBTJ-01,RCBS-ZBTJ-01,3
CN,2605,EMRID,DOGVI,W135,CN-2605-RCBS-ZLXY-01,RCBS-ZLXY-01,3
CN,2605,EMRID,DOGVI,W135,CN-2605-RCFN-ZBTJ-01,RCFN-ZBTJ-01,3
CN,2605,EMRID,DOGVI,W135,CN-2605-RCKH-ZBAA-01,RCKH-ZBAA-01,3
CN,2605,EMRID,DOGVI,W135,CN-2605-RCKH-ZBSJ-01,RCKH-ZBSJ-01,3
CN,2605,EMRID,DOGVI,W135,CN-2605-RCKH-ZBTJ-01,RCKH-ZBTJ-01,3
CN,2605,EMRID,DOGVI,W135,CN-2605-RCKH-ZBYN-01,RCKH-ZBYN-01,3
CN,2605,EMRID,DOGVI,W135,CN-2605-RCKH-ZHCC-01,RCKH-ZHCC-01,3
CN,2605,EMRID,DOGVI,W135,CN-2605-RCKH-ZHHH-01,RCKH-ZHHH-01,3
CN,2605,EMRID,DOGVI,W135,CN-2605-RCKH-ZLXY-01,RCKH-ZLXY-01,3
CN,2605,EMRID,DOGVI,W135,CN-2605-RCKH-ZSCN-01,RCKH-ZSCN-01,3
CN,2605,EMRID,DOGVI,W135,CN-2605-RCKH-ZSJN-01,RCKH-ZSJN-01,3
CN,2605,EMRID,DOGVI,W135,CN-2605-RCKH-ZSXZ-01,RCKH-ZSXZ-01,3
CN,2605,EMRID,DOGVI,W135,CN-2605-RCMQ-ZBTJ-01,RCMQ-ZBTJ-01,3
CN,2605,EMRID,DOGVI,W135,CN-2605-RCMQ-ZBYN-01,RCMQ-ZBYN-01,3
CN,2605,EMRID,DOGVI,W135,CN-2605-RCMQ-ZLXY-01,RCMQ-ZLXY-01,3
CN,2605,EMRID,DOGVI,W135,CN-2605-RCMQ-ZSJN-01,RCMQ-ZSJN-01,3
CN,2605,EMRID,DOGVI,W135,CN-2605-RCNN-ZBTJ-01,RCNN-ZBTJ-01,3
CN,2605,EMRID,DOGVI,W135,CN-2605-RCNN-ZHHH-01,RCNN-ZHHH-01,3
CN,2605,EMRID,DOGVI,W135,CN-2605-RCQC-ZLXY-01,RCQC-ZLXY-01,3
CN,2605,EMRID,DOGVI,W135,CN-2605-RCSS-ZBTJ-01,RCSS-ZBTJ-01,3
CN,2605,EMRID,DOGVI,W135,CN-2605-RCSS-ZHHH-01,RCSS-ZHHH-01,3
CN,2605,EMRID,DOGVI,W135,CN-2605-RCTP-ZBAA-01,RCTP-ZBAA-01,3
CN,2605,EMRID,DOGVI,W135,CN-2605-RCTP-ZBHH-01,RCTP-ZBHH-01,3
CN,2605,EMRID,DOGVI,W135,CN-2605-RCTP-ZBSJ-01,RCTP-ZBSJ-01,3
CN,2605,EMRID,DOGVI,W135,CN-2605-RCTP-ZBTJ-01,RCTP-ZBTJ-01,3
CN,2605,EMRID,DOGVI,W135,CN-2605-RCTP-ZBYN-01,RCTP-ZBYN-01,3
CN,2605,EMRID,DOGVI,W135,CN-2605-RCTP-ZGDY-01,RCTP-ZGDY-01,3
CN,2605,EMRID,DOGVI,W135,CN-2605-RCTP-ZHCC-01,RCTP-ZHCC-01,3
CN,2605,EMRID,DOGVI,W135,CN-2605-RCTP-ZHHH-01,RCTP-ZHHH-01,3
CN,2605,EMRID,DOGVI,W135,CN-2605-RCTP-ZLIC-01,RCTP-ZLIC-01,3
CN,2605,EMRID,DOGVI,W135,CN-2605-RCTP-ZLXY-01,RCTP-ZLXY-01,3
CN,2605,EMRID,DOGVI,W135,CN-2605-RCTP-ZSCN-01,RCTP-ZSCN-01,3
CN,2605,EMRID,DOGVI,W135,CN-2605-RCTP-ZSJN-01,RCTP-ZSJN-01,3
CN,2605,EMRID,DOGVI,W135,CN-2605-RCTP-ZSSH-01,RCTP-ZSSH-01,3
CN,2605,EMRID,DOGVI,W135,CN-2605-RCTP-ZSXZ-01,RCTP-ZSXZ-01,3
CN,2605,EMRID,DOGVI,W135,CN-2605-RCYU-ZBAA-01,RCYU-ZBAA-01,3
CN,2605,EMRID,DOGVI,W135,CN-2605-RCYU-ZBSJ-01,RCYU-ZBSJ-01,3
CN,2605,EMRID,DOGVI,W135,CN-2605-RCYU-ZBTJ-01,RCYU-ZBTJ-01,3
CN,2605,EMRID,DOGVI,W135,CN-2605-RCYU-ZBYN-01,RCYU-ZBYN-01,3
CN,2605,EMRID,DOGVI,W135,CN-2605-RCYU-ZHCC-01,RCYU-ZHCC-01,3
CN,2605,EMRID,DOGVI,W135,CN-2605-RCYU-ZHHH-01,RCYU-ZHHH-01,3
CN,2605,EMRID,DOGVI,W135,CN-2605-RCYU-ZLXY-01,RCYU-ZLXY-01,3
CN,2605,EMRID,DOGVI,W135,CN-2605-RCYU-ZSCN-01,RCYU-ZSCN-01,3
CN,2605,EMRID,DOGVI,W135,CN-2605-RCYU-ZSJN-01,RCYU-ZSJN-01,3
CN,2605,EMRID,DOGVI,W135,CN-2605-RCYU-ZSXZ-01,RCYU-ZSXZ-01,3
CN,2605,EMRID,DOGVI,W135,CN-2605-VHHH-ZSSH-01,VHHH-ZSSH-01,2
CN,2605,EMRID,DOGVI,W135,CN-2605-VHHH-ZSXZ-01,VHHH-ZSXZ-01,2
CN,2605,EMRID,DOGVI,W135,CN-2605-ZSAM-KAMUD-01,ZSAM-KAMUD-01,4
CN,2605,EMRID,DOGVI,W135,CN-2605-ZSAM-NIXAL-01,ZSAM-NIXAL-01,4
CN,2605,EMRID,DOGVI,W135,CN-2605-ZSAM-POLHO-01,ZSAM-POLHO-01,4
CN,2605,EMRID,DOGVI,W135,CN-2605-ZSFZ-NIXAL-01,ZSFZ-NIXAL-01,2
CN,2605,EMRID,DOGVI,W135,CN-2605-ZSFZ-POLHO-01,ZSFZ-POLHO-01,2
CN,2605,EMRID,DOGVI,W135,CN-2605-ZSWZ-NIXAL-01,ZSWZ-NIXAL-01,2
CN,2605,EMRID,GOSRO,W135,CN-2605-MAGOG-ZSNJ-01,MAGOG-ZSNJ-01,2
CN,2605,EMRID,GOSRO,W135,CN-2605-RCKH-ZSNJ-01,RCKH-ZSNJ-01,3
CN,2605,EMRID,GOSRO,W135,CN-2605-RCMQ-ZSNJ-01,RCMQ-ZSNJ-01,3
CN,2605,EMRID,GOSRO,W135,CN-2605-RCTP-ZSNJ-01,RCTP-ZSNJ-01,3
CN,2605,EMRID,GOSRO,W135,CN-2605-RCYU-ZSNJ-01,RCYU-ZSNJ-01,3
CN,2605,EMRID,GOSRO,W135,CN-2605-VHHH-ZSNJ-01,VHHH-ZSNJ-01,2
CN,2605,EMRID,GOSRO,W135,CN-2605-VMMC-ZSNJ-01,VMMC-ZSNJ-01,2
CN,2605,EMRID,LUPVI,W135,CN-2605-RCKH-ZSOF-01,RCKH-ZSOF-01,3
CN,2605,EMRID,LUPVI,W135,CN-2605-RCMQ-ZSOF-01,RCMQ-ZSOF-01,3
CN,2605,EMRID,LUPVI,W135,CN-2605-RCTP-ZSOF-01,RCTP-ZSOF-01,3
CN,2605,EMRID,LUPVI,W135,CN-2605-RCYU-ZSOF-01,RCYU-ZSOF-01,3
CN,2605,EMRID,LUPVI,W135,CN-2605-VMMC-ZSOF-02,VMMC-ZSOF-02,2
CN,2605,EMSAN,LAMEN,G455,CN-2605-ZSPD-LAMEN-02,ZSPD-LAMEN-02,1
CN,2605,EMSAN,LAMEN,G455,CN-2605-ZSSS-LAMEN-02,ZSSS-LAMEN-02,1
CN,2605,EMVIL,UPSIK,W282,CN-2605-BUNTA-ZBAA-01,BUNTA-ZBAA-01,9
CN,2605,EMVIL,UPSIK,W282,CN-2605-BUNTA-ZBAD-01,BUNTA-ZBAD-01,9
CN,2605,EMVIL,UPSIK,W282,CN-2605-ZUGY-ARGUK-01,ZUGY-ARGUK-01,5
CN,2605,ENKUS,GOSMA,R343,CN-2605-ZJSY-BISUN-02,ZJSY-BISUN-02,7
CN,2605,ENKUS,GOSMA,R343,CN-2605-ZJSY-NIXAL-02,ZJSY-NIXAL-02,7
CN,2605,ENVAV,OTBUL,W243,CN-2605-BEKOL-ZYTX-01,BEKOL-ZYTX-01,6
CN,2605,ENVAV,OTBUL,W243,CN-2605-SAGAG-ZYTX-01,SAGAG-ZYTX-01,10
CN,2605,ENVAV,OTBUL,W243,CN-2605-TEBAK-GOLOT,TEBAK-GOLOT,8
CN,2605,ENVAV,OTBUL,W243,CN-2605-TEBAK-ZYTX-01,TEBAK-ZYTX-01,8
CN,2605,ENVAV,OTBUL,W243,CN-2605-VHHH-ZYTX-01,VHHH-ZYTX-01,6
CN,2605,ENVAV,OTBUL,W243,CN-2605-VMMC-GOLOT,VMMC-GOLOT,9
CN,2605,ENVAV,OTBUL,W243,CN-2605-VMMC-ZYTX-01,VMMC-ZYTX-01,9
CN,2605,EPGOS,FYG,W128,CN-2605-ZHCC-LAMEN-01,ZHCC-LAMEN-01,2
CN,2605,EPGOS,FYG,W128,CN-2605-ZHCC-RCKH-01,ZHCC-RCKH-01,2
CN,2605,EPGOS,FYG,W128,CN-2605-ZHCC-RCTP-01,ZHCC-RCTP-01,2
CN,2605,EPGOS,FYG,W128,CN-2605-ZHCC-RCYU-01,ZHCC-RCYU-01,2
CN,2605,ESBAG,PK,R343,CN-2605-ZSNJ-LAMEN-01,ZSNJ-LAMEN-01,1
CN,2605,ESDEX,AVBUD,W191,CN-2605-RULAD-ZLLL-01,RULAD-ZLLL-01,4
CN,2605,ESDEX,AVBUD,W191,CN-2605-SARIN-ZLLL-02,SARIN-ZLLL-02,3
CN,2605,ESDEX,DNC,W191,CN-2605-AGVUT-ZGGG-01R,AGVUT-ZGGG-01R,4
CN,2605,ESDEX,DNC,W191,CN-2605-GOPTO-ZGSZ-01,GOPTO-ZGSZ-01,4
CN,2605,ESDEX,DNC,W191,CN-2605-GOPTO-ZGSZ-02,GOPTO-ZGSZ-02,5
CN,2605,ESDEX,DNC,W191,CN-2605-GOPTO-ZPPP-01,GOPTO-ZPPP-01,5
CN,2605,ESDEX,DNC,W191,CN-2605-GOPTO-ZUUU-01,GOPTO-ZUUU-01,4
CN,2605,ESDEX,DNC,W191,CN-2605-GOPTO-ZUUU-02,GOPTO-ZUUU-02,5
CN,2605,ESDEX,DNC,W191,CN-2605-KAMUD-G470-TAMOT,KAMUD-G470-TAMOT,4
CN,2605,ESDEX,DNC,W191,CN-2605-KAMUD-G470-VHHH,KAMUD-G470-VHHH,4
CN,2605,ESDEX,DNC,W191,CN-2605-KAMUD-ZGGG-01,KAMUD-ZGGG-01,4
CN,2605,ESDEX,DNC,W191,CN-2605-KAMUD-ZLXY-02,KAMUD-ZLXY-02,4
CN,2605,ESDEX,DNC,W191,CN-2605-KAMUD-ZSNJ-01,KAMUD-ZSNJ-01,4
CN,2605,ESDEX,DNC,W191,CN-2605-KAMUD-ZUTF-03,KAMUD-ZUTF-03,4
CN,2605,ESDEX,DNC,W191,CN-2605-RULAD-G470-SAGAG,RULAD-G470-SAGAG,4
CN,2605,ESDEX,DNC,W191,CN-2605-RULAD-G470-TAMOT,RULAD-G470-TAMOT,4
CN,2605,ESDEX,DNC,W191,CN-2605-RULAD-G470-VHHH,RULAD-G470-VHHH,4
CN,2605,ESDEX,DNC,W191,CN-2605-RULAD-LINSO,RULAD-LINSO,4
CN,2605,ESDEX,DNC,W191,CN-2605-RULAD-ZGGG-01,RULAD-ZGGG-01,4
CN,2605,ESDEX,DNC,W191,CN-2605-RULAD-ZGSZ-01,RULAD-ZGSZ-01,4
CN,2605,ESDEX,DNC,W191,CN-2605-RULAD-ZJHK-02,RULAD-ZJHK-02,4
CN,2605,ESDEX,DNC,W191,CN-2605-RULAD-ZJSY-02,RULAD-ZJSY-02,4
CN,2605,ESDEX,DNC,W191,CN-2605-RULAD-ZLXY-02,RULAD-ZLXY-02,4
CN,2605,ESDEX,DNC,W191,CN-2605-RULAD-ZUCK-01,RULAD-ZUCK-01,4
CN,2605,ESDEX,DNC,W191,CN-2605-RULAD-ZUTF-01,RULAD-ZUTF-01,4
CN,2605,ESDEX,DNC,W191,CN-2605-RULAD-ZUUU-01,RULAD-ZUUU-01,4
CN,2605,ESDEX,DNC,W191,CN-2605-SARIN-G470-SAGAG,SARIN-G470-SAGAG,3
CN,2605,ESDEX,DNC,W191,CN-2605-SARIN-G470-TAMOT,SARIN-G470-TAMOT,3
CN,2605,ESDEX,DNC,W191,CN-2605-SARIN-G470-TEBAK,SARIN-G470-TEBAK,3
CN,2605,ESDEX,DNC,W191,CN-2605-SARIN-G470-VHHH,SARIN-G470-VHHH,3
CN,2605,ESDEX,DNC,W191,CN-2605-SARIN-LINSO,SARIN-LINSO,3
CN,2605,ESDEX,DNC,W191,CN-2605-SARIN-ZGGG-01,SARIN-ZGGG-01,3
CN,2605,ESDEX,DNC,W191,CN-2605-SARIN-ZGSZ-01,SARIN-ZGSZ-01,3
CN,2605,ESDEX,DNC,W191,CN-2605-SARIN-ZJSY-02,SARIN-ZJSY-02,3
CN,2605,ESDEX,DNC,W191,CN-2605-SARIN-ZLXY-02,SARIN-ZLXY-02,3
CN,2605,ESDEX,DNC,W191,CN-2605-SARIN-ZPPP-01,SARIN-ZPPP-01,3
CN,2605,ESDEX,DNC,W191,CN-2605-SARIN-ZSCN-01,SARIN-ZSCN-01,3
CN,2605,ESDEX,DNC,W191,CN-2605-SARIN-ZSNJ-01,SARIN-ZSNJ-01,3
CN,2605,ESDEX,DNC,W191,CN-2605-SARIN-ZUCK-01,SARIN-ZUCK-01,3
CN,2605,ESDEX,DNC,W191,CN-2605-SARIN-ZUGY-02,SARIN-ZUGY-02,3
CN,2605,ESDEX,DNC,W191,CN-2605-SARIN-ZUTF-01,SARIN-ZUTF-01,3
CN,2605,ESDEX,DNC,W191,CN-2605-SARIN-ZUUU-01,SARIN-ZUUU-01,3
CN,2605,ESDEX,DNC,W191,CN-2605-SG-G470-TAMOT,SG-G470-TAMOT,3
CN,2605,ESDEX,DNC,W191,CN-2605-SG-G470-TAMOT,SG-G470-TAMOT,14
CN,2605,ESDEX,DNC,W191,CN-2605-SG-G470-VHHH,SG-G470-VHHH,3
CN,2605,ESDEX,DNC,W191,CN-2605-SG-G470-VHHH,SG-G470-VHHH,14
CN,2605,ESDEX,DNC,W191,CN-2605-SGM-G470-TAMOT,SGM-G470-TAMOT,3
CN,2605,ESDEX,DNC,W191,CN-2605-SGM-G470-TAMOT,SGM-G470-TAMOT,14
CN,2605,ESDEX,DNC,W191,CN-2605-SGM-G470-VHHH,SGM-G470-VHHH,3
CN,2605,ESDEX,DNC,W191,CN-2605-SGM-G470-VHHH,SGM-G470-VHHH,14
CN,2605,ESDEX,DNC,W191,CN-2605-SGMN-G470-TAMOT,SGMN-G470-TAMOT,3
CN,2605,ESDEX,DNC,W191,CN-2605-SGMN-G470-TAMOT,SGMN-G470-TAMOT,14
CN,2605,ESDEX,DNC,W191,CN-2605-SGMN-G470-VHHH,SGMN-G470-VHHH,3
CN,2605,ESDEX,DNC,W191,CN-2605-SGMN-G470-VHHH,SGMN-G470-VHHH,14
CN,2605,ESDEX,DNC,W191,CN-2605-SGMN-VHHH,SGMN-VHHH,13
CN,2605,ESDEX,DNC,W191,CN-2605-SGMRK-G470-TAMOT,SGMRK-G470-TAMOT,3
CN,2605,ESDEX,DNC,W191,CN-2605-SGMRK-G470-TAMOT,SGMRK-G470-TAMOT,14
CN,2605,ESDEX,DNC,W191,CN-2605-SGMRK-G470-TAMOT,SGMRK-G470-TAMOT,29
CN,2605,ESDEX,DNC,W191,CN-2605-SGMRK-G470-TAMOT,SGMRK-G470-TAMOT,39
CN,2605,ESDEX,DNC,W191,CN-2605-SGMRK-G470-VHHH,SGMRK-G470-VHHH,3
CN,2605,ESDEX,DNC,W191,CN-2605-SGMRK-G470-VHHH,SGMRK-G470-VHHH,14
CN,2605,ESDEX,DNC,W191,CN-2605-SGMRK-G470-VHHH,SGMRK-G470-VHHH,29
CN,2605,ESDEX,DNC,W191,CN-2605-SGMRK-G470-VHHH,SGMRK-G470-VHHH,39
CN,2605,ESDEX,DNC,W191,CN-2605-SGMRK-G470/L888-TAMOT,SGMRK-G470/L888-TAMOT,3
CN,2605,ESDEX,DNC,W191,CN-2605-SGMRK-G470/L888-TAMOT,SGMRK-G470/L888-TAMOT,14
CN,2605,ESDEX,DNC,W191,CN-2605-SGMRK-G470/L888-VHHH,SGMRK-G470/L888-VHHH,3
CN,2605,ESDEX,DNC,W191,CN-2605-SGMRK-G470/L888-VHHH,SGMRK-G470/L888-VHHH,14
CN,2605,ESDEX,DNC,W191,CN-2605-SGMRK-G470/Y1-TAMOT,SGMRK-G470/Y1-TAMOT,3
CN,2605,ESDEX,DNC,W191,CN-2605-SGMRK-G470/Y1-TAMOT,SGMRK-G470/Y1-TAMOT,14
CN,2605,ESDEX,DNC,W191,CN-2605-SGMRK-G470/Y1-VHHH,SGMRK-G470/Y1-VHHH,3
CN,2605,ESDEX,DNC,W191,CN-2605-SGMRK-G470/Y1-VHHH,SGMRK-G470/Y1-VHHH,14
CN,2605,ESDEX,DNC,W191,CN-2605-SGMRN-G470-TAMOT,SGMRN-G470-TAMOT,3
CN,2605,ESDEX,DNC,W191,CN-2605-SGMRN-G470-TAMOT,SGMRN-G470-TAMOT,14
CN,2605,ESDEX,DNC,W191,CN-2605-SGMRN-G470-TAMOT,SGMRN-G470-TAMOT,29
CN,2605,ESDEX,DNC,W191,CN-2605-SGMRN-G470-VHHH,SGMRN-G470-VHHH,3
CN,2605,ESDEX,DNC,W191,CN-2605-SGMRN-G470-VHHH,SGMRN-G470-VHHH,14
CN,2605,ESDEX,DNC,W191,CN-2605-SGMRN-G470-VHHH,SGMRN-G470-VHHH,29
CN,2605,ESDEX,DNC,W191,CN-2605-SGMRN-G470/L888-TAMOT,SGMRN-G470/L888-TAMOT,3
CN,2605,ESDEX,DNC,W191,CN-2605-SGMRN-G470/L888-TAMOT,SGMRN-G470/L888-TAMOT,14
CN,2605,ESDEX,DNC,W191,CN-2605-SGMRN-G470/L888-VHHH,SGMRN-G470/L888-VHHH,3
CN,2605,ESDEX,DNC,W191,CN-2605-SGMRN-G470/L888-VHHH,SGMRN-G470/L888-VHHH,14
CN,2605,ESDEX,DNC,W191,CN-2605-SGMRN-G470/Y1-TAMOT,SGMRN-G470/Y1-TAMOT,3
CN,2605,ESDEX,DNC,W191,CN-2605-SGMRN-G470/Y1-TAMOT,SGMRN-G470/Y1-TAMOT,14
CN,2605,ESDEX,DNC,W191,CN-2605-SGMRN-G470/Y1-VHHH,SGMRN-G470/Y1-VHHH,3
CN,2605,ESDEX,DNC,W191,CN-2605-SGMRN-G470/Y1-VHHH,SGMRN-G470/Y1-VHHH,14
CN,2605,ESDEX,DNC,W191,CN-2605-SM-TAMOT,SM-TAMOT,3
CN,2605,ESDEX,DNC,W191,CN-2605-SM-VHHH,SM-VHHH,3
CN,2605,ESDEX,DNC,W191,CN-2605-SRK-L888-TAMOT,SRK-L888-TAMOT,3
CN,2605,ESDEX,DNC,W191,CN-2605-SRK-L888-VHHH,SRK-L888-VHHH,3
CN,2605,ESDEX,DNC,W191,CN-2605-SRK-TAMOT,SRK-TAMOT,3
CN,2605,ESDEX,DNC,W191,CN-2605-SRK-TAMOT,SRK-TAMOT,13
CN,2605,ESDEX,DNC,W191,CN-2605-SRK-TAMOT,SRK-TAMOT,23
CN,2605,ESDEX,DNC,W191,CN-2605-SRK-VHHH,SRK-VHHH,3
CN,2605,ESDEX,DNC,W191,CN-2605-SRK-VHHH,SRK-VHHH,13
CN,2605,ESDEX,DNC,W191,CN-2605-SRK-VHHH,SRK-VHHH,23
CN,2605,ESDEX,DNC,W191,CN-2605-SRK-Y1-TAMOT,SRK-Y1-TAMOT,3
CN,2605,ESDEX,DNC,W191,CN-2605-SRK-Y1-VHHH,SRK-Y1-VHHH,3
CN,2605,ESDEX,DNC,W191,CN-2605-SRKL-VHHH,SRKL-VHHH,12
CN,2605,ESDEX,DNC,W191,CN-2605-SRKL-VHHH,SRKL-VHHH,22
CN,2605,ESDEX,DNC,W191,CN-2605-SRKL-W191-TAMOT,SRKL-W191-TAMOT,3
CN,2605,ESDEX,DNC,W191,CN-2605-SRKL-W191-TAMOT,SRKL-W191-TAMOT,13
CN,2605,ESDEX,DNC,W191,CN-2605-SRKL-W191-TAMOT,SRKL-W191-TAMOT,23
CN,2605,ESDEX,DNC,W191,CN-2605-SRKL-W191-VHHH,SRKL-W191-VHHH,3
CN,2605,ESDEX,DNC,W191,CN-2605-SRKL-W191-VHHH,SRKL-W191-VHHH,13
CN,2605,ESDEX,DNC,W191,CN-2605-SRKL-W191-VHHH,SRKL-W191-VHHH,23
CN,2605,ESDEX,DNC,W191,CN-2605-SRKL-W191/L888-TAMOT,SRKL-W191/L888-TAMOT,3
CN,2605,ESDEX,DNC,W191,CN-2605-SRKL-W191/L888-VHHH,SRKL-W191/L888-VHHH,3
CN,2605,ESDEX,DNC,W191,CN-2605-SRKL-W191/Y1-TAMOT,SRKL-W191/Y1-TAMOT,3
CN,2605,ESDEX,DNC,W191,CN-2605-SRKL-W191/Y1-VHHH,SRKL-W191/Y1-VHHH,3
CN,2605,ESDEX,DNC,W191,CN-2605-SRL-VHHH,SRL-VHHH,12
CN,2605,ESDEX,DNC,W191,CN-2605-SRL-W191-TAMOT,SRL-W191-TAMOT,3
CN,2605,ESDEX,DNC,W191,CN-2605-SRL-W191-TAMOT,SRL-W191-TAMOT,13
CN,2605,ESDEX,DNC,W191,CN-2605-SRL-W191-VHHH,SRL-W191-VHHH,3
CN,2605,ESDEX,DNC,W191,CN-2605-SRL-W191-VHHH,SRL-W191-VHHH,13
CN,2605,ESDEX,DNC,W191,CN-2605-SRL-W191/L888-TAMOT,SRL-W191/L888-TAMOT,3
CN,2605,ESDEX,DNC,W191,CN-2605-SRL-W191/L888-VHHH,SRL-W191/L888-VHHH,3
CN,2605,ESDEX,DNC,W191,CN-2605-SRL-W191/Y1-TAMOT,SRL-W191/Y1-TAMOT,3
CN,2605,ESDEX,DNC,W191,CN-2605-SRL-W191/Y1-VHHH,SRL-W191/Y1-VHHH,3
CN,2605,ESDEX,DNC,W191,CN-2605-ZWWW-SAGAG-02,ZWWW-SAGAG-02,5
CN,2605,ESDEX,DNC,W191,CN-2605-ZWWW-VHHH-01,ZWWW-VHHH-01,5
CN,2605,ESDEX,DNC,W191,CN-2605-ZWWW-VMMC-01,ZWWW-VMMC-01,5
CN,2605,ESDIB,ANRUG,W276,CN-2605-NIXAL-SAGAG,NIXAL-SAGAG,2
CN,2605,ESDIB,ANRUG,W276,CN-2605-NIXAL-ZUUU-01,NIXAL-ZUUU-01,2
CN,2605,ESDIB,ANRUG,W276,CN-2605-POLHO-ZUUU-01,POLHO-ZUUU-01,3
CN,2605,ESKUG,ANRUG,W276,CN-2605-ZLXY-KATBO-01,ZLXY-KATBO-01,1
CN,2605,ESKUG,ANRUG,W276,CN-2605-ZLXY-LINSO-01,ZLXY-LINSO-01,1
CN,2605,ESKUG,ANRUG,W276,CN-2605-ZLXY-NONIM-01,ZLXY-NONIM-01,1
CN,2605,ESKUG,ANRUG,W276,CN-2605-ZLXY-SAGAG-01,ZLXY-SAGAG-01,1
CN,2605,ESPED,MORIT,W195,CN-2605-ZBDS-MORIT-01,ZBDS-MORIT-01,4
CN,2605,ESPED,MORIT,W195,CN-2605-ZBDS-MORIT-02,ZBDS-MORIT-02,3
CN,2605,ESPED,NUKTI,W66,CN-2605-AGAVO-KAMUD,AGAVO-KAMUD,9
CN,2605,ESPED,NUKTI,W66,CN-2605-AGAVO-RK,AGAVO-RK,9
CN,2605,ESPED,NUKTI,W66,CN-2605-AGAVO-RK,AGAVO-RK,22
CN,2605,ESPED,NUKTI,W66,CN-2605-AGAVO-RKL,AGAVO-RKL,9
CN,2605,ESPED,NUKTI,W66,CN-2605-AGAVO-RKL,AGAVO-RKL,22
CN,2605,ESPED,NUKTI,W66,CN-2605-AGAVO-RULAD,AGAVO-RULAD,9
CN,2605,ESPED,NUKTI,W66,CN-2605-AGAVO-SARIN,AGAVO-SARIN,9
CN,2605,ESPED,NUKTI,W66,CN-2605-AGAVO-W112-PURPA,AGAVO-W112-PURPA,9
CN,2605,ESPED,NUKTI,W66,CN-2605-BEKOL-GOPTO,BEKOL-GOPTO,8
CN,2605,ESPED,NUKTI,W66,CN-2605-BEKOL-KAMUD,BEKOL-KAMUD,8
CN,2605,ESPED,NUKTI,W66,CN-2605-BEKOL-RULAD,BEKOL-RULAD,8
CN,2605,ESPED,NUKTI,W66,CN-2605-BEKOL-SARIN,BEKOL-SARIN,8
CN,2605,ESPED,NUKTI,W66,CN-2605-BEKOL-SGM,BEKOL-SGM,8
CN,2605,ESPED,NUKTI,W66,CN-2605-BEKOL-SGM,BEKOL-SGM,19
CN,2605,ESPED,NUKTI,W66,CN-2605-BEKOL-SGMN,BEKOL-SGMN,8
CN,2605,ESPED,NUKTI,W66,CN-2605-BEKOL-SGMN,BEKOL-SGMN,19
CN,2605,ESPED,NUKTI,W66,CN-2605-BEKOL-SRKL,BEKOL-SRKL,8
CN,2605,ESPED,NUKTI,W66,CN-2605-BEKOL-SRKL,BEKOL-SRKL,19
CN,2605,ESPED,NUKTI,W66,CN-2605-BEKOL-SRKL,BEKOL-SRKL,31
CN,2605,ESPED,NUKTI,W66,CN-2605-BEKOL-SRL,BEKOL-SRL,8
CN,2605,ESPED,NUKTI,W66,CN-2605-BEKOL-SRL,BEKOL-SRL,19
CN,2605,ESPED,NUKTI,W66,CN-2605-SAGAG-RULAD,SAGAG-RULAD,5
CN,2605,ESPED,NUKTI,W66,CN-2605-SAGAG-SARIN,SAGAG-SARIN,5
CN,2605,ESPED,NUKTI,W66,CN-2605-SAGAG-ZWWW-01,SAGAG-ZWWW-01,5
CN,2605,ESPED,NUKTI,W66,CN-2605-VHHH-ZWWW-02,VHHH-ZWWW-02,8
CN,2605,ESPED,NUKTI,W66,CN-2605-ZGGG-SARIN-02,ZGGG-SARIN-02,6
CN,2605,ESPED,NUKTI,W66,CN-2605-ZGSZ-SARIN-03,ZGSZ-SARIN-03,7
CN,2605,ESPED,NUKTI,W66,CN-2605-ZJHK-RULAD-01,ZJHK-RULAD-01,8
CN,2605,ESPED,NUKTI,W66,CN-2605-ZJHK-SARIN-01,ZJHK-SARIN-01,8
CN,2605,ESPED,NUKTI,W66,CN-2605-ZJSY-RULAD-02,ZJSY-RULAD-02,10
CN,2605,ESPED,NUKTI,W66,CN-2605-ZJSY-SARIN-01,ZJSY-SARIN-01,10
CN,2605,ESPED,NUKTI,W66,CN-2605-ZLIC-KAMUD-01,ZLIC-KAMUD-01,3
CN,2605,ESPED,NUKTI,W66,CN-2605-ZLIC-SARIN-01,ZLIC-SARIN-01,3
CN,2605,ESPED,NUKTI,W66,CN-2605-ZLLL-SARIN-01,ZLLL-SARIN-01,2
CN,2605,ESPED,NUKTI,W66,CN-2605-ZLXY-RULAD-01,ZLXY-RULAD-01,6
CN,2605,ESPED,NUKTI,W66,CN-2605-ZLXY-SARIN-02,ZLXY-SARIN-02,6
CN,2605,ESPED,NUKTI,W66,CN-2605-ZPPP-SARIN-02,ZPPP-SARIN-02,4
CN,2605,ESPED,NUKTI,W66,CN-2605-ZUCK-SARIN-02,ZUCK-SARIN-02,4
CN,2605,ESPED,NUKTI,W66,CN-2605-ZUGY-SARIN-01,ZUGY-SARIN-01,3
CN,2605,ESPED,NUKTI,W66,CN-2605-ZUTF-KAMUD-03,ZUTF-KAMUD-03,3
CN,2605,ESPED,NUKTI,W66,CN-2605-ZUTF-SARIN-02,ZUTF-SARIN-02,3
CN,2605,ESPED,NUKTI,W66,CN-2605-ZUUU-SARIN-02,ZUUU-SARIN-02,3
CN,2605,EXURU,LESVI,W119,CN-2605-RULAD-PURPA,RULAD-PURPA,2
CN,2605,EXUVU,IPNIT,W4,CN-2605-ZSJN-LINSO-01,ZSJN-LINSO-01,1
CN,2605,EXUVU,IPNIT,W4,CN-2605-ZSJN-TAMOT-01,ZSJN-TAMOT-01,1
CN,2605,EXUVU,IPNIT,W4,CN-2605-ZSJN-TEBAK-01,ZSJN-TEBAK-01,1
CN,2605,EXUVU,IPNIT,W4,CN-2605-ZSJN-VHHH-01,ZSJN-VHHH-01,1
CN,2605,EXUVU,LIMGI,W4,CN-2605-ZSJN-SAGAG-01,ZSJN-SAGAG-01,1
CN,2605,FD,IGDEG,W172,CN-2605-VHHH-ZYTL-02,VHHH-ZYTL-02,7
CN,2605,FD,IGDEG,W172,CN-2605-VHHH-ZYTL-03,VHHH-ZYTL-03,5
CN,2605,FKG,ESDEX,W192,CN-2605-AGVUT-ZGGG-01R,AGVUT-ZGGG-01R,3
CN,2605,FKG,ESDEX,W192,CN-2605-GOPTO-ZGSZ-01,GOPTO-ZGSZ-01,3
CN,2605,FKG,ESDEX,W192,CN-2605-GOPTO-ZUUU-01,GOPTO-ZUUU-01,3
CN,2605,FKG,ESDEX,W192,CN-2605-KAMUD-G470-TAMOT,KAMUD-G470-TAMOT,3
CN,2605,FKG,ESDEX,W192,CN-2605-KAMUD-G470-VHHH,KAMUD-G470-VHHH,3
CN,2605,FKG,ESDEX,W192,CN-2605-KAMUD-ZGGG-01,KAMUD-ZGGG-01,3
CN,2605,FKG,ESDEX,W192,CN-2605-KAMUD-ZLXY-02,KAMUD-ZLXY-02,3
CN,2605,FKG,ESDEX,W192,CN-2605-KAMUD-ZSNJ-01,KAMUD-ZSNJ-01,3
CN,2605,FKG,ESDEX,W192,CN-2605-KAMUD-ZUTF-03,KAMUD-ZUTF-03,3
CN,2605,FKG,ESDEX,W192,CN-2605-RULAD-G470-SAGAG,RULAD-G470-SAGAG,3
CN,2605,FKG,ESDEX,W192,CN-2605-RULAD-G470-TAMOT,RULAD-G470-TAMOT,3
CN,2605,FKG,ESDEX,W192,CN-2605-RULAD-G470-VHHH,RULAD-G470-VHHH,3
CN,2605,FKG,ESDEX,W192,CN-2605-RULAD-LINSO,RULAD-LINSO,3
CN,2605,FKG,ESDEX,W192,CN-2605-RULAD-ZGGG-01,RULAD-ZGGG-01,3
CN,2605,FKG,ESDEX,W192,CN-2605-RULAD-ZGSZ-01,RULAD-ZGSZ-01,3
CN,2605,FKG,ESDEX,W192,CN-2605-RULAD-ZJHK-02,RULAD-ZJHK-02,3
CN,2605,FKG,ESDEX,W192,CN-2605-RULAD-ZJSY-02,RULAD-ZJSY-02,3
CN,2605,FKG,ESDEX,W192,CN-2605-RULAD-ZLLL-01,RULAD-ZLLL-01,3
CN,2605,FKG,ESDEX,W192,CN-2605-RULAD-ZLXY-02,RULAD-ZLXY-02,3
CN,2605,FKG,ESDEX,W192,CN-2605-RULAD-ZUCK-01,RULAD-ZUCK-01,3
CN,2605,FKG,ESDEX,W192,CN-2605-RULAD-ZUTF-01,RULAD-ZUTF-01,3
CN,2605,FKG,ESDEX,W192,CN-2605-RULAD-ZUUU-01,RULAD-ZUUU-01,3
CN,2605,FKG,ESDEX,W192,CN-2605-SARIN-G470-SAGAG,SARIN-G470-SAGAG,2
CN,2605,FKG,ESDEX,W192,CN-2605-SARIN-G470-TAMOT,SARIN-G470-TAMOT,2
CN,2605,FKG,ESDEX,W192,CN-2605-SARIN-G470-TEBAK,SARIN-G470-TEBAK,2
CN,2605,FKG,ESDEX,W192,CN-2605-SARIN-G470-VHHH,SARIN-G470-VHHH,2
CN,2605,FKG,ESDEX,W192,CN-2605-SARIN-LINSO,SARIN-LINSO,2
CN,2605,FKG,ESDEX,W192,CN-2605-SARIN-ZGGG-01,SARIN-ZGGG-01,2
CN,2605,FKG,ESDEX,W192,CN-2605-SARIN-ZGSZ-01,SARIN-ZGSZ-01,2
CN,2605,FKG,ESDEX,W192,CN-2605-SARIN-ZJSY-02,SARIN-ZJSY-02,2
CN,2605,FKG,ESDEX,W192,CN-2605-SARIN-ZLLL-02,SARIN-ZLLL-02,2
CN,2605,FKG,ESDEX,W192,CN-2605-SARIN-ZLXY-02,SARIN-ZLXY-02,2
CN,2605,FKG,ESDEX,W192,CN-2605-SARIN-ZPPP-01,SARIN-ZPPP-01,2
CN,2605,FKG,ESDEX,W192,CN-2605-SARIN-ZSCN-01,SARIN-ZSCN-01,2
CN,2605,FKG,ESDEX,W192,CN-2605-SARIN-ZSNJ-01,SARIN-ZSNJ-01,2
CN,2605,FKG,ESDEX,W192,CN-2605-SARIN-ZUCK-01,SARIN-ZUCK-01,2
CN,2605,FKG,ESDEX,W192,CN-2605-SARIN-ZUGY-02,SARIN-ZUGY-02,2
CN,2605,FKG,ESDEX,W192,CN-2605-SARIN-ZUTF-01,SARIN-ZUTF-01,2
CN,2605,FKG,ESDEX,W192,CN-2605-SARIN-ZUUU-01,SARIN-ZUUU-01,2
CN,2605,FKG,ESDEX,W192,CN-2605-SG-G470-TAMOT,SG-G470-TAMOT,2
CN,2605,FKG,ESDEX,W192,CN-2605-SG-G470-VHHH,SG-G470-VHHH,2
CN,2605,FKG,ESDEX,W192,CN-2605-SGM-G470-TAMOT,SGM-G470-TAMOT,2
CN,2605,FKG,ESDEX,W192,CN-2605-SGM-G470-VHHH,SGM-G470-VHHH,2
CN,2605,FKG,ESDEX,W192,CN-2605-SGMN-G470-TAMOT,SGMN-G470-TAMOT,2
CN,2605,FKG,ESDEX,W192,CN-2605-SGMN-G470-VHHH,SGMN-G470-VHHH,2
CN,2605,FKG,ESDEX,W192,CN-2605-SGMRK-G470-TAMOT,SGMRK-G470-TAMOT,2
CN,2605,FKG,ESDEX,W192,CN-2605-SGMRK-G470-TAMOT,SGMRK-G470-TAMOT,28
CN,2605,FKG,ESDEX,W192,CN-2605-SGMRK-G470-TAMOT,SGMRK-G470-TAMOT,38
CN,2605,FKG,ESDEX,W192,CN-2605-SGMRK-G470-VHHH,SGMRK-G470-VHHH,2
CN,2605,FKG,ESDEX,W192,CN-2605-SGMRK-G470-VHHH,SGMRK-G470-VHHH,28
CN,2605,FKG,ESDEX,W192,CN-2605-SGMRK-G470-VHHH,SGMRK-G470-VHHH,38
CN,2605,FKG,ESDEX,W192,CN-2605-SGMRK-G470/L888-TAMOT,SGMRK-G470/L888-TAMOT,2
CN,2605,FKG,ESDEX,W192,CN-2605-SGMRK-G470/L888-VHHH,SGMRK-G470/L888-VHHH,2
CN,2605,FKG,ESDEX,W192,CN-2605-SGMRK-G470/Y1-TAMOT,SGMRK-G470/Y1-TAMOT,2
CN,2605,FKG,ESDEX,W192,CN-2605-SGMRK-G470/Y1-VHHH,SGMRK-G470/Y1-VHHH,2
CN,2605,FKG,ESDEX,W192,CN-2605-SGMRN-G470-TAMOT,SGMRN-G470-TAMOT,2
CN,2605,FKG,ESDEX,W192,CN-2605-SGMRN-G470-TAMOT,SGMRN-G470-TAMOT,28
CN,2605,FKG,ESDEX,W192,CN-2605-SGMRN-G470-VHHH,SGMRN-G470-VHHH,2
CN,2605,FKG,ESDEX,W192,CN-2605-SGMRN-G470-VHHH,SGMRN-G470-VHHH,28
CN,2605,FKG,ESDEX,W192,CN-2605-SGMRN-G470/L888-TAMOT,SGMRN-G470/L888-TAMOT,2
CN,2605,FKG,ESDEX,W192,CN-2605-SGMRN-G470/L888-VHHH,SGMRN-G470/L888-VHHH,2
CN,2605,FKG,ESDEX,W192,CN-2605-SGMRN-G470/Y1-TAMOT,SGMRN-G470/Y1-TAMOT,2
CN,2605,FKG,ESDEX,W192,CN-2605-SGMRN-G470/Y1-VHHH,SGMRN-G470/Y1-VHHH,2
CN,2605,FKG,ESDEX,W192,CN-2605-SM-TAMOT,SM-TAMOT,2
CN,2605,FKG,ESDEX,W192,CN-2605-SM-VHHH,SM-VHHH,2
CN,2605,FKG,ESDEX,W192,CN-2605-SRK-L888-TAMOT,SRK-L888-TAMOT,2
CN,2605,FKG,ESDEX,W192,CN-2605-SRK-L888-VHHH,SRK-L888-VHHH,2
CN,2605,FKG,ESDEX,W192,CN-2605-SRK-TAMOT,SRK-TAMOT,2
CN,2605,FKG,ESDEX,W192,CN-2605-SRK-TAMOT,SRK-TAMOT,12
CN,2605,FKG,ESDEX,W192,CN-2605-SRK-TAMOT,SRK-TAMOT,22
CN,2605,FKG,ESDEX,W192,CN-2605-SRK-VHHH,SRK-VHHH,2
CN,2605,FKG,ESDEX,W192,CN-2605-SRK-VHHH,SRK-VHHH,12
CN,2605,FKG,ESDEX,W192,CN-2605-SRK-VHHH,SRK-VHHH,22
CN,2605,FKG,ESDEX,W192,CN-2605-SRK-Y1-TAMOT,SRK-Y1-TAMOT,2
CN,2605,FKG,ESDEX,W192,CN-2605-SRK-Y1-VHHH,SRK-Y1-VHHH,2
CN,2605,FKG,ESDEX,W192,CN-2605-SRKL-VHHH,SRKL-VHHH,11
CN,2605,FKG,ESDEX,W192,CN-2605-SRKL-VHHH,SRKL-VHHH,21
CN,2605,FKG,ESDEX,W192,CN-2605-SRKL-W191-TAMOT,SRKL-W191-TAMOT,2
CN,2605,FKG,ESDEX,W192,CN-2605-SRKL-W191-TAMOT,SRKL-W191-TAMOT,12
CN,2605,FKG,ESDEX,W192,CN-2605-SRKL-W191-TAMOT,SRKL-W191-TAMOT,22
CN,2605,FKG,ESDEX,W192,CN-2605-SRKL-W191-VHHH,SRKL-W191-VHHH,2
CN,2605,FKG,ESDEX,W192,CN-2605-SRKL-W191-VHHH,SRKL-W191-VHHH,12
CN,2605,FKG,ESDEX,W192,CN-2605-SRKL-W191-VHHH,SRKL-W191-VHHH,22
CN,2605,FKG,ESDEX,W192,CN-2605-SRKL-W191/L888-TAMOT,SRKL-W191/L888-TAMOT,2
CN,2605,FKG,ESDEX,W192,CN-2605-SRKL-W191/L888-VHHH,SRKL-W191/L888-VHHH,2
CN,2605,FKG,ESDEX,W192,CN-2605-SRKL-W191/Y1-TAMOT,SRKL-W191/Y1-TAMOT,2
CN,2605,FKG,ESDEX,W192,CN-2605-SRKL-W191/Y1-VHHH,SRKL-W191/Y1-VHHH,2
CN,2605,FKG,ESDEX,W192,CN-2605-SRL-VHHH,SRL-VHHH,11
CN,2605,FKG,ESDEX,W192,CN-2605-SRL-W191-TAMOT,SRL-W191-TAMOT,2
CN,2605,FKG,ESDEX,W192,CN-2605-SRL-W191-TAMOT,SRL-W191-TAMOT,12
CN,2605,FKG,ESDEX,W192,CN-2605-SRL-W191-VHHH,SRL-W191-VHHH,2
CN,2605,FKG,ESDEX,W192,CN-2605-SRL-W191-VHHH,SRL-W191-VHHH,12
CN,2605,FKG,ESDEX,W192,CN-2605-SRL-W191/L888-TAMOT,SRL-W191/L888-TAMOT,2
CN,2605,FKG,ESDEX,W192,CN-2605-SRL-W191/L888-VHHH,SRL-W191/L888-VHHH,2
CN,2605,FKG,ESDEX,W192,CN-2605-SRL-W191/Y1-TAMOT,SRL-W191/Y1-TAMOT,2
CN,2605,FKG,ESDEX,W192,CN-2605-SRL-W191/Y1-VHHH,SRL-W191/Y1-VHHH,2
CN,2605,FKG,KABDO,B215,CN-2605-BEKOL-G470-KAMUD,BEKOL-G470-KAMUD,12
CN,2605,FKG,KABDO,B215,CN-2605-BEKOL-G470-RULAD,BEKOL-G470-RULAD,12
CN,2605,FKG,KABDO,B215,CN-2605-BEKOL-G470-SGMRK,BEKOL-G470-SGMRK,47
CN,2605,FKG,KABDO,B215,CN-2605-BEKOL-G470-SGMRK,BEKOL-G470-SGMRK,62
CN,2605,FKG,KABDO,B215,CN-2605-BEKOL-G470-SGMRN,BEKOL-G470-SGMRN,47
CN,2605,FKG,KABDO,B215,CN-2605-BEKOL-G470-SRK,BEKOL-G470-SRK,25
CN,2605,FKG,KABDO,B215,CN-2605-BEKOL-G470-SRK,BEKOL-G470-SRK,40
CN,2605,FKG,KABDO,B215,CN-2605-BEKOL-G470-SRKL,BEKOL-G470-SRKL,25
CN,2605,FKG,KABDO,B215,CN-2605-BEKOL-G470-SRKL,BEKOL-G470-SRKL,40
CN,2605,FKG,KABDO,B215,CN-2605-BEKOL-G470-SRL,BEKOL-G470-SRL,25
CN,2605,FKG,KABDO,B215,CN-2605-GOPTO-PURPA,GOPTO-PURPA,3
CN,2605,FKG,KABDO,B215,CN-2605-LINSO-RULAD,LINSO-RULAD,9
CN,2605,FKG,KABDO,B215,CN-2605-SAGAG-G470-RULAD,SAGAG-G470-RULAD,9
CN,2605,FKG,KABDO,B215,CN-2605-TEBUS-RULAD,TEBUS-RULAD,2
CN,2605,FKG,KABDO,B215,CN-2605-VMMC-RULAD,VMMC-RULAD,12
CN,2605,FKG,KABDO,B215,CN-2605-ZGGG-AGVUT-01R,ZGGG-AGVUT-01R,10
CN,2605,FKG,KABDO,B215,CN-2605-ZGGG-KAMUD-01,ZGGG-KAMUD-01,10
CN,2605,FKG,KABDO,B215,CN-2605-ZGGG-RULAD-01,ZGGG-RULAD-01,10
CN,2605,FKG,KABDO,B215,CN-2605-ZGSZ-RULAD-01,ZGSZ-RULAD-01,11
CN,2605,FKG,KABDO,B215,CN-2605-ZJHK-RULAD-02,ZJHK-RULAD-02,12
CN,2605,FKG,KABDO,B215,CN-2605-ZJSY-RULAD-01,ZJSY-RULAD-01,14
CN,2605,FKG,KABDO,B215,CN-2605-ZLLL-RULAD-01,ZLLL-RULAD-01,4
CN,2605,FKG,KABDO,B215,CN-2605-ZLXY-KAMUD-02,ZLXY-KAMUD-02,8
CN,2605,FKG,KABDO,B215,CN-2605-ZLXY-RULAD-02,ZLXY-RULAD-02,8
CN,2605,FKG,KABDO,B215,CN-2605-ZSNJ-KAMUD-01,ZSNJ-KAMUD-01,9
CN,2605,FKG,KABDO,B215,CN-2605-ZUCK-RULAD-01,ZUCK-RULAD-01,8
CN,2605,FKG,KABDO,B215,CN-2605-ZUTF-KAMUD-02,ZUTF-KAMUD-02,7
CN,2605,FKG,KABDO,B215,CN-2605-ZUTF-RULAD-01,ZUTF-RULAD-01,7
CN,2605,FKG,KABDO,B215,CN-2605-ZUUU-RULAD-01,ZUUU-RULAD-01,7
CN,2605,FKG,LIKMI,W188,CN-2605-AGVUT-ZBAA-01R,AGVUT-ZBAA-01R,3
CN,2605,FKG,LIKMI,W188,CN-2605-KAMUD-AGAVO,KAMUD-AGAVO,3
CN,2605,FKG,LIKMI,W188,CN-2605-KAMUD-TAMOT,KAMUD-TAMOT,3
CN,2605,FKG,LIKMI,W188,CN-2605-KAMUD-VHHH,KAMUD-VHHH,3
CN,2605,FKG,LIKMI,W188,CN-2605-KAMUD-ZBAA-01,KAMUD-ZBAA-01,3
CN,2605,FKG,LIKMI,W188,CN-2605-KAMUD-ZBAD-01,KAMUD-ZBAD-01,3
CN,2605,FKG,LIKMI,W188,CN-2605-KAMUD-ZBTJ-01,KAMUD-ZBTJ-01,3
CN,2605,FKG,LIKMI,W188,CN-2605-KAMUD-ZLIC-01,KAMUD-ZLIC-01,3
CN,2605,FKG,LIKMI,W188,CN-2605-KAMUD-ZLXY-03,KAMUD-ZLXY-03,3
CN,2605,FKG,LIKMI,W188,CN-2605-KAMUD-ZSAM-01,KAMUD-ZSAM-01,3
CN,2605,FKG,LIKMI,W188,CN-2605-KAMUD-ZSHC-01,KAMUD-ZSHC-01,3
CN,2605,FKG,LIKMI,W188,CN-2605-KAMUD-ZSPD-01,KAMUD-ZSPD-01,3
CN,2605,FKG,LIKMI,W188,CN-2605-KAMUD-ZUTF-02,KAMUD-ZUTF-02,3
CN,2605,FKG,LIKMI,W188,CN-2605-OGIGI-ZBAD-01,OGIGI-ZBAD-01,4
CN,2605,FKG,LIKMI,W188,CN-2605-RK-AGAVO,RK-AGAVO,3
CN,2605,FKG,LIKMI,W188,CN-2605-RK-AGAVO,RK-AGAVO,15
CN,2605,FKG,LIKMI,W188,CN-2605-RKL-AGAVO,RKL-AGAVO,3
CN,2605,FKG,LIKMI,W188,CN-2605-RKL-AGAVO,RKL-AGAVO,15
CN,2605,FKG,LIKMI,W188,CN-2605-RULAD-AGAVO,RULAD-AGAVO,3
CN,2605,FKG,LIKMI,W188,CN-2605-RULAD-SADLI,RULAD-SADLI,3
CN,2605,FKG,LIKMI,W188,CN-2605-RULAD-SAGAG,RULAD-SAGAG,3
CN,2605,FKG,LIKMI,W188,CN-2605-RULAD-TAMOT,RULAD-TAMOT,3
CN,2605,FKG,LIKMI,W188,CN-2605-RULAD-VHHH,RULAD-VHHH,3
CN,2605,FKG,LIKMI,W188,CN-2605-RULAD-VMMC,RULAD-VMMC,3
CN,2605,FKG,LIKMI,W188,CN-2605-RULAD-ZBAA-01,RULAD-ZBAA-01,3
CN,2605,FKG,LIKMI,W188,CN-2605-RULAD-ZBAD-01,RULAD-ZBAD-01,3
CN,2605,FKG,LIKMI,W188,CN-2605-RULAD-ZBTJ-01,RULAD-ZBTJ-01,3
CN,2605,FKG,LIKMI,W188,CN-2605-RULAD-ZHCC-01,RULAD-ZHCC-01,3
CN,2605,FKG,LIKMI,W188,CN-2605-RULAD-ZJHK-01,RULAD-ZJHK-01,3
CN,2605,FKG,LIKMI,W188,CN-2605-RULAD-ZJSY-01,RULAD-ZJSY-01,3
CN,2605,FKG,LIKMI,W188,CN-2605-RULAD-ZLXY-01,RULAD-ZLXY-01,3
CN,2605,FKG,LIKMI,W188,CN-2605-RULAD-ZSPD-01,RULAD-ZSPD-01,3
CN,2605,FKG,LIKMI,W188,CN-2605-RULAD-ZSYT-01,RULAD-ZSYT-01,3
CN,2605,FKG,LIKMI,W188,CN-2605-SARIN-AGAVO,SARIN-AGAVO,2
CN,2605,FKG,LIKMI,W188,CN-2605-SARIN-SAGAG,SARIN-SAGAG,2
CN,2605,FKG,LIKMI,W188,CN-2605-SARIN-VHHH,SARIN-VHHH,2
CN,2605,FKG,LIKMI,W188,CN-2605-SARIN-ZBAA-01,SARIN-ZBAA-01,2
CN,2605,FKG,LIKMI,W188,CN-2605-SARIN-ZBAD-01,SARIN-ZBAD-01,2
CN,2605,FKG,LIKMI,W188,CN-2605-SARIN-ZBHH-01,SARIN-ZBHH-01,2
CN,2605,FKG,LIKMI,W188,CN-2605-SARIN-ZBTJ-01,SARIN-ZBTJ-01,2
CN,2605,FKG,LIKMI,W188,CN-2605-SARIN-ZGGG-02,SARIN-ZGGG-02,2
CN,2605,FKG,LIKMI,W188,CN-2605-SARIN-ZGSZ-02,SARIN-ZGSZ-02,2
CN,2605,FKG,LIKMI,W188,CN-2605-SARIN-ZHCC-01,SARIN-ZHCC-01,2
CN,2605,FKG,LIKMI,W188,CN-2605-SARIN-ZJHK-01,SARIN-ZJHK-01,2
CN,2605,FKG,LIKMI,W188,CN-2605-SARIN-ZJSY-01,SARIN-ZJSY-01,2
CN,2605,FKG,LIKMI,W188,CN-2605-SARIN-ZLIC-01,SARIN-ZLIC-01,2
CN,2605,FKG,LIKMI,W188,CN-2605-SARIN-ZLLL-01,SARIN-ZLLL-01,2
CN,2605,FKG,LIKMI,W188,CN-2605-SARIN-ZLXY-01,SARIN-ZLXY-01,2
CN,2605,FKG,LIKMI,W188,CN-2605-SARIN-ZPPP-02,SARIN-ZPPP-02,2
CN,2605,FKG,LIKMI,W188,CN-2605-SARIN-ZSCN-02,SARIN-ZSCN-02,2
CN,2605,FKG,LIKMI,W188,CN-2605-SARIN-ZSHC-01,SARIN-ZSHC-01,2
CN,2605,FKG,LIKMI,W188,CN-2605-SARIN-ZSJN-01,SARIN-ZSJN-01,2
CN,2605,FKG,LIKMI,W188,CN-2605-SARIN-ZSPD-01,SARIN-ZSPD-01,2
CN,2605,FKG,LIKMI,W188,CN-2605-SARIN-ZSPD-02,SARIN-ZSPD-02,2
CN,2605,FKG,LIKMI,W188,CN-2605-SARIN-ZSSS-01,SARIN-ZSSS-01,2
CN,2605,FKG,LIKMI,W188,CN-2605-SARIN-ZSYT-01,SARIN-ZSYT-01,2
CN,2605,FKG,LIKMI,W188,CN-2605-SARIN-ZUCK-02,SARIN-ZUCK-02,2
CN,2605,FKG,LIKMI,W188,CN-2605-SARIN-ZUGY-01,SARIN-ZUGY-01,2
CN,2605,FKG,LIKMI,W188,CN-2605-SARIN-ZUTF-02,SARIN-ZUTF-02,2
CN,2605,FKG,LIKMI,W188,CN-2605-SARIN-ZUUU-02,SARIN-ZUUU-02,2
CN,2605,FKG,LIKMI,W188,CN-2605-SGM-TAMOT,SGM-TAMOT,2
CN,2605,FKG,LIKMI,W188,CN-2605-SGM-VHHH,SGM-VHHH,2
CN,2605,FKG,LIKMI,W188,CN-2605-SGMN-TAMOT,SGMN-TAMOT,2
CN,2605,FKG,LIKMI,W188,CN-2605-SGMN-VHHH,SGMN-VHHH,2
CN,2605,FKG,LIKMI,W188,CN-2605-SRK-AGAVO,SRK-AGAVO,2
CN,2605,FKG,LIKMI,W188,CN-2605-SRK-AGAVO,SRK-AGAVO,14
CN,2605,FKG,LIKMI,W188,CN-2605-SRK-AGAVO,SRK-AGAVO,26
CN,2605,FKG,LIKMI,W188,CN-2605-SRKL-L888-VHHH,SRKL-L888-VHHH,2
CN,2605,FKG,LIKMI,W188,CN-2605-SRKL-VHHH,SRKL-VHHH,2
CN,2605,FKG,LIKMI,W188,CN-2605-SRKL-Y1-VHHH,SRKL-Y1-VHHH,2
CN,2605,FKG,LIKMI,W188,CN-2605-SRL-L888-VHHH,SRL-L888-VHHH,2
CN,2605,FKG,LIKMI,W188,CN-2605-SRL-TAMOT,SRL-TAMOT,2
CN,2605,FKG,LIKMI,W188,CN-2605-SRL-TAMOT,SRL-TAMOT,11
CN,2605,FKG,LIKMI,W188,CN-2605-SRL-VHHH,SRL-VHHH,2
CN,2605,FKG,LIKMI,W188,CN-2605-SRL-Y1-VHHH,SRL-Y1-VHHH,2
CN,2605,FKG,NIRAV,G588,CN-2605-BEKOL-G470-SGM,BEKOL-G470-SGM,25
CN,2605,FKG,NIRAV,G588,CN-2605-BEKOL-G470-SGMN,BEKOL-G470-SGMN,25
CN,2605,FKG,NIRAV,G588,CN-2605-BEKOL-G470-SGMRK,BEKOL-G470-SGMRK,25
CN,2605,FKG,NIRAV,G588,CN-2605-BEKOL-G470-SGMRN,BEKOL-G470-SGMRN,25
CN,2605,FKG,NIRAV,G588,CN-2605-BEKOL-G470/L888-SGMRK,BEKOL-G470/L888-SGMRK,25
CN,2605,FKG,NIRAV,G588,CN-2605-BEKOL-G470/L888-SGMRN,BEKOL-G470/L888-SGMRN,25
CN,2605,FKG,NIRAV,G588,CN-2605-BEKOL-G470/Y1-SGMRK,BEKOL-G470/Y1-SGMRK,25
CN,2605,FKG,NIRAV,G588,CN-2605-BEKOL-G470/Y1-SGMRN,BEKOL-G470/Y1-SGMRN,25
CN,2605,FKG,NIRAV,G588,CN-2605-PURPA-GOPTO,PURPA-GOPTO,2
CN,2605,FKG,NIRAV,G588,CN-2605-TEBAK-GOPTO,TEBAK-GOPTO,11
CN,2605,FKG,NIRAV,G588,CN-2605-ZGSZ-GOPTO-01,ZGSZ-GOPTO-01,11
CN,2605,FKG,NIRAV,G588,CN-2605-ZUUU-GOPTO-01,ZUUU-GOPTO-01,7
CN,2605,FKG,SARIN,A368,CN-2605-AGAVO-B339-SARIN,AGAVO-B339-SARIN,11
CN,2605,FKG,SARIN,A368,CN-2605-AGAVO-B339-SRK,AGAVO-B339-SRK,12
CN,2605,FKG,SARIN,A368,CN-2605-AGAVO-SARIN,AGAVO-SARIN,11
CN,2605,FKG,SARIN,A368,CN-2605-AGAVO-W104-SARIN,AGAVO-W104-SARIN,14
CN,2605,FKG,SARIN,A368,CN-2605-BEKOL-G470-SARIN,BEKOL-G470-SARIN,12
CN,2605,FKG,SARIN,A368,CN-2605-BEKOL-G470-SGM,BEKOL-G470-SGM,12
CN,2605,FKG,SARIN,A368,CN-2605-BEKOL-G470-SGMN,BEKOL-G470-SGMN,12
CN,2605,FKG,SARIN,A368,CN-2605-BEKOL-G470-SGMRK,BEKOL-G470-SGMRK,12
CN,2605,FKG,SARIN,A368,CN-2605-BEKOL-G470-SGMRN,BEKOL-G470-SGMRN,12
CN,2605,FKG,SARIN,A368,CN-2605-BEKOL-G470-SM,BEKOL-G470-SM,12
CN,2605,FKG,SARIN,A368,CN-2605-BEKOL-G470-SRK,BEKOL-G470-SRK,12
CN,2605,FKG,SARIN,A368,CN-2605-BEKOL-G470-SRKL,BEKOL-G470-SRKL,12
CN,2605,FKG,SARIN,A368,CN-2605-BEKOL-G470-SRL,BEKOL-G470-SRL,12
CN,2605,FKG,SARIN,A368,CN-2605-BEKOL-G470/L888-SGMRK,BEKOL-G470/L888-SGMRK,12
CN,2605,FKG,SARIN,A368,CN-2605-BEKOL-G470/L888-SGMRN,BEKOL-G470/L888-SGMRN,12
CN,2605,FKG,SARIN,A368,CN-2605-BEKOL-G470/L888-SRK,BEKOL-G470/L888-SRK,12
CN,2605,FKG,SARIN,A368,CN-2605-BEKOL-G470/L888-SRKL,BEKOL-G470/L888-SRKL,12
CN,2605,FKG,SARIN,A368,CN-2605-BEKOL-G470/L888-SRL,BEKOL-G470/L888-SRL,12
CN,2605,FKG,SARIN,A368,CN-2605-BEKOL-G470/Y1-SGMRK,BEKOL-G470/Y1-SGMRK,12
CN,2605,FKG,SARIN,A368,CN-2605-BEKOL-G470/Y1-SGMRN,BEKOL-G470/Y1-SGMRN,12
CN,2605,FKG,SARIN,A368,CN-2605-BEKOL-G470/Y1-SRKL,BEKOL-G470/Y1-SRKL,12
CN,2605,FKG,SARIN,A368,CN-2605-BEKOL-G470/Y1-SRL,BEKOL-G470/Y1-SRL,12
CN,2605,FKG,SARIN,A368,CN-2605-BEKOL-SARIN,BEKOL-SARIN,10
CN,2605,FKG,SARIN,A368,CN-2605-BEKOL-SGM,BEKOL-SGM,10
CN,2605,FKG,SARIN,A368,CN-2605-BEKOL-SGMN,BEKOL-SGMN,10
CN,2605,FKG,SARIN,A368,CN-2605-BEKOL-SRKL,BEKOL-SRKL,10
CN,2605,FKG,SARIN,A368,CN-2605-BEKOL-SRL,BEKOL-SRL,10
CN,2605,FKG,SARIN,A368,CN-2605-BEKOL-Y1-SRK,BEKOL-Y1-SRK,12
CN,2605,FKG,SARIN,A368,CN-2605-LINSO-SARIN,LINSO-SARIN,9
CN,2605,FKG,SARIN,A368,CN-2605-SAGAG-G470-SARIN,SAGAG-G470-SARIN,9
CN,2605,FKG,SARIN,A368,CN-2605-SAGAG-SARIN,SAGAG-SARIN,7
CN,2605,FKG,SARIN,A368,CN-2605-SIKOU-SARIN,SIKOU-SARIN,10
CN,2605,FKG,SARIN,A368,CN-2605-TEBAK-SARIN,TEBAK-SARIN,11
CN,2605,FKG,SARIN,A368,CN-2605-TEBUS-SARIN,TEBUS-SARIN,2
CN,2605,FKG,SARIN,A368,CN-2605-ZBAA-SARIN-01,ZBAA-SARIN-01,6
CN,2605,FKG,SARIN,A368,CN-2605-ZBAD-SARIN-01,ZBAD-SARIN-01,6
CN,2605,FKG,SARIN,A368,CN-2605-ZBHH-SARIN-01,ZBHH-SARIN-01,4
CN,2605,FKG,SARIN,A368,CN-2605-ZBTJ-SARIN-01,ZBTJ-SARIN-01,6
CN,2605,FKG,SARIN,A368,CN-2605-ZGGG-SARIN-01,ZGGG-SARIN-01,10
CN,2605,FKG,SARIN,A368,CN-2605-ZGGG-SARIN-02,ZGGG-SARIN-02,8
CN,2605,FKG,SARIN,A368,CN-2605-ZGSZ-SARIN-01,ZGSZ-SARIN-01,11
CN,2605,FKG,SARIN,A368,CN-2605-ZGSZ-SARIN-02,ZGSZ-SARIN-02,11
CN,2605,FKG,SARIN,A368,CN-2605-ZGSZ-SARIN-03,ZGSZ-SARIN-03,9
CN,2605,FKG,SARIN,A368,CN-2605-ZHCC-SARIN-01,ZHCC-SARIN-01,5
CN,2605,FKG,SARIN,A368,CN-2605-ZHHH-SARIN-01,ZHHH-SARIN-01,6
CN,2605,FKG,SARIN,A368,CN-2605-ZJHK-SARIN-01,ZJHK-SARIN-01,10
CN,2605,FKG,SARIN,A368,CN-2605-ZJSY-SARIN-01,ZJSY-SARIN-01,12
CN,2605,FKG,SARIN,A368,CN-2605-ZJSY-SARIN-02,ZJSY-SARIN-02,14
CN,2605,FKG,SARIN,A368,CN-2605-ZLIC-SARIN-01,ZLIC-SARIN-01,5
CN,2605,FKG,SARIN,A368,CN-2605-ZLLL-SARIN-01,ZLLL-SARIN-01,4
CN,2605,FKG,SARIN,A368,CN-2605-ZLXY-SARIN-01,ZLXY-SARIN-01,8
CN,2605,FKG,SARIN,A368,CN-2605-ZLXY-SARIN-02,ZLXY-SARIN-02,8
CN,2605,FKG,SARIN,A368,CN-2605-ZPPP-SARIN-01,ZPPP-SARIN-01,8
CN,2605,FKG,SARIN,A368,CN-2605-ZPPP-SARIN-02,ZPPP-SARIN-02,6
CN,2605,FKG,SARIN,A368,CN-2605-ZSCN-SARIN-01,ZSCN-SARIN-01,8
CN,2605,FKG,SARIN,A368,CN-2605-ZSHC-SARIN-01,ZSHC-SARIN-01,8
CN,2605,FKG,SARIN,A368,CN-2605-ZSNJ-SARIN-01,ZSNJ-SARIN-01,9
CN,2605,FKG,SARIN,A368,CN-2605-ZSPD-SARIN-01,ZSPD-SARIN-01,10
CN,2605,FKG,SARIN,A368,CN-2605-ZSSS-SARIN-01,ZSSS-SARIN-01,10
CN,2605,FKG,SARIN,A368,CN-2605-ZSYT-SARIN-01,ZSYT-SARIN-01,9
CN,2605,FKG,SARIN,A368,CN-2605-ZUCK-SARIN-01,ZUCK-SARIN-01,8
CN,2605,FKG,SARIN,A368,CN-2605-ZUCK-SARIN-02,ZUCK-SARIN-02,6
CN,2605,FKG,SARIN,A368,CN-2605-ZUGY-SARIN-01,ZUGY-SARIN-01,5
CN,2605,FKG,SARIN,A368,CN-2605-ZUGY-SARIN-02,ZUGY-SARIN-02,7
CN,2605,FKG,SARIN,A368,CN-2605-ZUTF-SARIN-01,ZUTF-SARIN-01,7
CN,2605,FKG,SARIN,A368,CN-2605-ZUTF-SARIN-02,ZUTF-SARIN-02,5
CN,2605,FKG,SARIN,A368,CN-2605-ZUUU-SARIN-01,ZUUU-SARIN-01,7
CN,2605,FKG,SARIN,A368,CN-2605-ZUUU-SARIN-02,ZUUU-SARIN-02,5
CN,2605,FKG,TEBUS,G588,CN-2605-RULAD-TEBUS,RULAD-TEBUS,3
CN,2605,FKG,TEBUS,G588,CN-2605-SARIN-TEBUS,SARIN-TEBUS,2
CN,2605,FKG,WUR,B215,CN-2605-GOPTO-ZWWW-01,GOPTO-ZWWW-01,4
CN,2605,FKG,WUR,B215,CN-2605-MORIT-ZWWW-01,MORIT-ZWWW-01,5
CN,2605,FKG,WUR,B215,CN-2605-SAGAG-ZWWW-01,SAGAG-ZWWW-01,8
CN,2605,FKG,WUR,B215,CN-2605-SAGAG-ZWWW-02,SAGAG-ZWWW-02,9
CN,2605,FKG,WUR,B215,CN-2605-SARIN-ZWWW-01,SARIN-ZWWW-01,2
CN,2605,FKG,WUR,B215,CN-2605-TEBUS-ZWWW-01,TEBUS-ZWWW-01,2
CN,2605,FKG,WUR,B215,CN-2605-VHHH-ZWWW-01,VHHH-ZWWW-01,12
CN,2605,FKG,WUR,B215,CN-2605-VHHH-ZWWW-02,VHHH-ZWWW-02,11
CN,2605,FKG,WUR,B215,CN-2605-VMMC-ZWWW-01,VMMC-ZWWW-01,12
CN,2605,FOC,AKAVO,W644,CN-2605-ZSAM-KAMUD-01,ZSAM-KAMUD-01,2
CN,2605,FOC,AKAVO,W644,CN-2605-ZSAM-NIXAL-01,ZSAM-NIXAL-01,2
CN,2605,FOC,AKAVO,W644,CN-2605-ZSAM-POLHO-01,ZSAM-POLHO-01,2
CN,2605,FOC,ANLUD,W644,CN-2605-ZSAM-LAMEN-01,ZSAM-LAMEN-01,2
CN,2605,FYG,BIPIM,B208,CN-2605-NIXAL-ZSOF-01,NIXAL-ZSOF-01,4
CN,2605,FYG,HFE,B208,CN-2605-INTIK-SADLI,INTIK-SADLI,5
CN,2605,FYG,HFE,B208,CN-2605-INTIK-ZSNJ-01,INTIK-ZSNJ-01,5
CN,2605,FYG,HFE,B208,CN-2605-KAMUD-ZSHC-01,KAMUD-ZSHC-01,9
CN,2605,FYG,HFE,B208,CN-2605-NIXAL-SADLI,NIXAL-SADLI,4
CN,2605,FYG,HFE,B208,CN-2605-NIXAL-ZSAM-01,NIXAL-ZSAM-01,4
CN,2605,FYG,HFE,B208,CN-2605-NIXAL-ZSFZ-01,NIXAL-ZSFZ-01,4
CN,2605,FYG,HFE,B208,CN-2605-NIXAL-ZSHC-01,NIXAL-ZSHC-01,4
CN,2605,FYG,HFE,B208,CN-2605-NIXAL-ZSNJ-01,NIXAL-ZSNJ-01,4
CN,2605,FYG,HFE,B208,CN-2605-NIXAL-ZSPD-01,NIXAL-ZSPD-01,4
CN,2605,FYG,HFE,B208,CN-2605-NIXAL-ZSSS-01,NIXAL-ZSSS-01,4
CN,2605,FYG,HFE,B208,CN-2605-NIXAL-ZSWZ-01,NIXAL-ZSWZ-01,4
CN,2605,FYG,HFE,B208,CN-2605-PURPA-ZSPD-02,PURPA-ZSPD-02,10
CN,2605,FYG,HFE,B208,CN-2605-PURPA-ZSPD-04,PURPA-ZSPD-04,10
CN,2605,FYG,HFE,B208,CN-2605-SARIN-ZSHC-01,SARIN-ZSHC-01,8
CN,2605,FYG,HFE,B208,CN-2605-SARIN-ZSPD-01,SARIN-ZSPD-01,8
CN,2605,FYG,HFE,B208,CN-2605-ZBHH-RCTP-01,ZBHH-RCTP-01,4
CN,2605,FYG,HFE,B208,CN-2605-ZBYN-RCKH-01,ZBYN-RCKH-01,6
CN,2605,FYG,HFE,B208,CN-2605-ZBYN-RCMQ-01,ZBYN-RCMQ-01,6
CN,2605,FYG,HFE,B208,CN-2605-ZBYN-RCTP-01,ZBYN-RCTP-01,6
CN,2605,FYG,HFE,B208,CN-2605-ZBYN-RCYU-01,ZBYN-RCYU-01,6
CN,2605,FYG,HFE,B208,CN-2605-ZHCC-LAMEN-01,ZHCC-LAMEN-01,3
CN,2605,FYG,HFE,B208,CN-2605-ZHCC-RCKH-01,ZHCC-RCKH-01,3
CN,2605,FYG,HFE,B208,CN-2605-ZHCC-RCTP-01,ZHCC-RCTP-01,3
CN,2605,FYG,HFE,B208,CN-2605-ZHCC-RCYU-01,ZHCC-RCYU-01,3
CN,2605,FYG,HFE,B208,CN-2605-ZLIC-RCTP-01,ZLIC-RCTP-01,7
CN,2605,FYG,HFE,B208,CN-2605-ZLXY-RCBS-01,ZLXY-RCBS-01,5
CN,2605,FYG,HFE,B208,CN-2605-ZLXY-RCKH-01,ZLXY-RCKH-01,5
CN,2605,FYG,HFE,B208,CN-2605-ZLXY-RCMQ-01,ZLXY-RCMQ-01,5
CN,2605,FYG,HFE,B208,CN-2605-ZLXY-RCQC-01,ZLXY-RCQC-01,5
CN,2605,FYG,HFE,B208,CN-2605-ZLXY-RCTP-01,ZLXY-RCTP-01,5
CN,2605,FYG,HFE,B208,CN-2605-ZLXY-RCYU-01,ZLXY-RCYU-01,5
CN,2605,FYG,HFE,B208,CN-2605-ZWWW-RCTP-01,ZWWW-RCTP-01,8
CN,2605,FYG,UNTEL,W596,CN-2605-LAMEN-ZHCC-01,LAMEN-ZHCC-01,4
CN,2605,FYG,UNTEL,W596,CN-2605-RCKH-ZHCC-01,RCKH-ZHCC-01,7
CN,2605,FYG,UNTEL,W596,CN-2605-RCTP-ZHCC-01,RCTP-ZHCC-01,7
CN,2605,FYG,UNTEL,W596,CN-2605-RCYU-ZHCC-01,RCYU-ZHCC-01,7
CN,2605,FZ,IKEKA,W4,CN-2605-ZSYT-AGAVO-01,ZSYT-AGAVO-01,1
CN,2605,FZ,IKEKA,W4,CN-2605-ZSYT-MAGOG-01,ZSYT-MAGOG-01,1
CN,2605,FZ,IKEKA,W4,CN-2605-ZSYT-RCKH-01,ZSYT-RCKH-01,1
CN,2605,FZ,IKEKA,W4,CN-2605-ZSYT-RCTP-01,ZSYT-RCTP-01,1
CN,2605,FZ,IKEKA,W4,CN-2605-ZSYT-RCYU-01,ZSYT-RCYU-01,1
CN,2605,GIVIV,DOMGO,W605,CN-2605-RCKH-ZJHK-01,RCKH-ZJHK-01,3
CN,2605,GIVIV,DOMGO,W605,CN-2605-RCMQ-ZJHK-01,RCMQ-ZJHK-01,3
CN,2605,GIVIV,DOMGO,W605,CN-2605-RCTP-ZJHK-01,RCTP-ZJHK-01,3
CN,2605,GIVIV,DOMGO,W605,CN-2605-RCYU-ZJHK-01,RCYU-ZJHK-01,3
CN,2605,GMA,LINSO,A599,CN-2605-ZPMS-LINSO-01,ZPMS-LINSO-01,2
CN,2605,GMA,TOSEM,W633,CN-2605-LINSO-ZPMS-01,LINSO-ZPMS-01,2
CN,2605,GOBOK,RULAD,A343,CN-2605-AGAVO-B339-RULAD,AGAVO-B339-RULAD,12
CN,2605,GOBOK,RULAD,A343,CN-2605-AGAVO-B339-SRK,AGAVO-B339-SRK,26
CN,2605,GOBOK,RULAD,A343,CN-2605-AGAVO-RK,AGAVO-RK,12
CN,2605,GOBOK,RULAD,A343,CN-2605-AGAVO-RKL,AGAVO-RKL,12
CN,2605,GOBOK,RULAD,A343,CN-2605-AGAVO-RULAD,AGAVO-RULAD,12
CN,2605,GOBOK,RULAD,A343,CN-2605-BEKOL-G470-RULAD,BEKOL-G470-RULAD,14
CN,2605,GOBOK,RULAD,A343,CN-2605-BEKOL-G470-SGMRK,BEKOL-G470-SGMRK,49
CN,2605,GOBOK,RULAD,A343,CN-2605-BEKOL-G470-SGMRN,BEKOL-G470-SGMRN,49
CN,2605,GOBOK,RULAD,A343,CN-2605-BEKOL-G470-SRK,BEKOL-G470-SRK,27
CN,2605,GOBOK,RULAD,A343,CN-2605-BEKOL-G470-SRKL,BEKOL-G470-SRKL,27
CN,2605,GOBOK,RULAD,A343,CN-2605-BEKOL-G470-SRL,BEKOL-G470-SRL,27
CN,2605,GOBOK,RULAD,A343,CN-2605-BEKOL-RULAD,BEKOL-RULAD,11
CN,2605,GOBOK,RULAD,A343,CN-2605-BEKOL-SRKL,BEKOL-SRKL,22
CN,2605,GOBOK,RULAD,A343,CN-2605-BEKOL-SRL,BEKOL-SRL,22
CN,2605,GOBOK,RULAD,A343,CN-2605-LINSO-RULAD,LINSO-RULAD,11
CN,2605,GOBOK,RULAD,A343,CN-2605-SADLI-RULAD,SADLI-RULAD,10
CN,2605,GOBOK,RULAD,A343,CN-2605-SAGAG-G470-RULAD,SAGAG-G470-RULAD,11
CN,2605,GOBOK,RULAD,A343,CN-2605-SAGAG-RULAD,SAGAG-RULAD,8
CN,2605,GOBOK,RULAD,A343,CN-2605-TEBUS-RULAD,TEBUS-RULAD,4
CN,2605,GOBOK,RULAD,A343,CN-2605-VMMC-RULAD,VMMC-RULAD,14
CN,2605,GOBOK,RULAD,A343,CN-2605-ZBAA-RULAD-01,ZBAA-RULAD-01,7
CN,2605,GOBOK,RULAD,A343,CN-2605-ZBAD-RULAD-01,ZBAD-RULAD-01,7
CN,2605,GOBOK,RULAD,A343,CN-2605-ZBTJ-RULAD-01,ZBTJ-RULAD-01,7
CN,2605,GOBOK,RULAD,A343,CN-2605-ZGGG-RULAD-01,ZGGG-RULAD-01,12
CN,2605,GOBOK,RULAD,A343,CN-2605-ZGSZ-RULAD-01,ZGSZ-RULAD-01,13
CN,2605,GOBOK,RULAD,A343,CN-2605-ZHCC-RULAD-01,ZHCC-RULAD-01,6
CN,2605,GOBOK,RULAD,A343,CN-2605-ZHEC-RULAD-01,ZHEC-RULAD-01,7
CN,2605,GOBOK,RULAD,A343,CN-2605-ZHHH-RULAD-01,ZHHH-RULAD-01,7
CN,2605,GOBOK,RULAD,A343,CN-2605-ZJHK-RULAD-01,ZJHK-RULAD-01,11
CN,2605,GOBOK,RULAD,A343,CN-2605-ZJHK-RULAD-02,ZJHK-RULAD-02,14
CN,2605,GOBOK,RULAD,A343,CN-2605-ZJSY-RULAD-01,ZJSY-RULAD-01,16
CN,2605,GOBOK,RULAD,A343,CN-2605-ZJSY-RULAD-02,ZJSY-RULAD-02,13
CN,2605,GOBOK,RULAD,A343,CN-2605-ZLLL-RULAD-01,ZLLL-RULAD-01,6
CN,2605,GOBOK,RULAD,A343,CN-2605-ZLXY-RULAD-01,ZLXY-RULAD-01,9
CN,2605,GOBOK,RULAD,A343,CN-2605-ZLXY-RULAD-02,ZLXY-RULAD-02,10
CN,2605,GOBOK,RULAD,A343,CN-2605-ZSCN-RULAD-01,ZSCN-RULAD-01,9
CN,2605,GOBOK,RULAD,A343,CN-2605-ZSPD-RULAD-01,ZSPD-RULAD-01,11
CN,2605,GOBOK,RULAD,A343,CN-2605-ZSYT-RULAD-01,ZSYT-RULAD-01,10
CN,2605,GOBOK,RULAD,A343,CN-2605-ZUCK-RULAD-01,ZUCK-RULAD-01,10
CN,2605,GOBOK,RULAD,A343,CN-2605-ZUTF-RULAD-01,ZUTF-RULAD-01,9
CN,2605,GOBOK,RULAD,A343,CN-2605-ZUUU-RULAD-01,ZUUU-RULAD-01,9
CN,2605,GOBOK,RULAD,A343,CN-2605-ZWWW-RULAD-01,ZWWW-RULAD-01,2
CN,2605,GOBOK,RULAD,A343,CN-2605-ZYTX-RULAD-01,ZYTX-RULAD-01,7
CN,2605,GODUL,IDPUG,W225,CN-2605-VHHH-ZPJH-01,VHHH-ZPJH-01,3
CN,2605,GODUL,POU,A599,CN-2605-ZPJH-VHHH-01,ZPJH-VHHH-01,4
CN,2605,GOLOT,ANSUK,A345,CN-2605-GOLOT-ZYTX-01,GOLOT-ZYTX-01,1
CN,2605,GOLOT,BIDIB,A345,CN-2605-GOLOT-TEBAK,GOLOT-TEBAK,1
CN,2605,GOLOT,BIDIB,A345,CN-2605-GOLOT-VMMC,GOLOT-VMMC,1
CN,2605,GOLOT,BIDIB,A345,CN-2605-GOLOT-ZBAA-01,GOLOT-ZBAA-01,1
CN,2605,GOLOT,BIDIB,A345,CN-2605-GOLOT-ZYCC-01,GOLOT-ZYCC-01,1
CN,2605,GOLOT,TELOK,A345,CN-2605-GOLOT-TELOK,GOLOT-TELOK,1
CN,2605,GOPTO,ADPET,B206,CN-2605-GOPTO-TAMOT,GOPTO-TAMOT,1
CN,2605,GOPTO,ADPET,B206,CN-2605-GOPTO-TEBAK,GOPTO-TEBAK,1
CN,2605,GOPTO,ADPET,B206,CN-2605-GOPTO-VHHH,GOPTO-VHHH,1
CN,2605,GOPTO,ADPET,B206,CN-2605-GOPTO-ZGSZ-02,GOPTO-ZGSZ-02,1
CN,2605,GOPTO,ADPET,B206,CN-2605-GOPTO-ZPPP-01,GOPTO-ZPPP-01,1
CN,2605,GOPTO,ADPET,B206,CN-2605-GOPTO-ZUUU-02,GOPTO-ZUUU-02,1
CN,2605,GOPTO,ADPET,B206,CN-2605-GOPTO-ZWWW-01,GOPTO-ZWWW-01,1
CN,2605,GOPTO,ADPET,B206,CN-2605-SG-G470-TAMOT,SG-G470-TAMOT,10
CN,2605,GOPTO,ADPET,B206,CN-2605-SG-G470-VHHH,SG-G470-VHHH,10
CN,2605,GOPTO,ADPET,B206,CN-2605-SGM-G470-TAMOT,SGM-G470-TAMOT,10
CN,2605,GOPTO,ADPET,B206,CN-2605-SGM-G470-VHHH,SGM-G470-VHHH,10
CN,2605,GOPTO,ADPET,B206,CN-2605-SGM-TAMOT,SGM-TAMOT,9
CN,2605,GOPTO,ADPET,B206,CN-2605-SGM-VHHH,SGM-VHHH,9
CN,2605,GOPTO,ADPET,B206,CN-2605-SGMN-G470-TAMOT,SGMN-G470-TAMOT,10
CN,2605,GOPTO,ADPET,B206,CN-2605-SGMN-G470-VHHH,SGMN-G470-VHHH,10
CN,2605,GOPTO,ADPET,B206,CN-2605-SGMN-TAMOT,SGMN-TAMOT,9
CN,2605,GOPTO,ADPET,B206,CN-2605-SGMN-VHHH,SGMN-VHHH,9
CN,2605,GOPTO,ADPET,B206,CN-2605-SGMRK-G470-TAMOT,SGMRK-G470-TAMOT,10
CN,2605,GOPTO,ADPET,B206,CN-2605-SGMRK-G470-VHHH,SGMRK-G470-VHHH,10
CN,2605,GOPTO,ADPET,B206,CN-2605-SGMRK-G470/L888-TAMOT,SGMRK-G470/L888-TAMOT,10
CN,2605,GOPTO,ADPET,B206,CN-2605-SGMRK-G470/L888-VHHH,SGMRK-G470/L888-VHHH,10
CN,2605,GOPTO,ADPET,B206,CN-2605-SGMRK-G470/Y1-TAMOT,SGMRK-G470/Y1-TAMOT,10
CN,2605,GOPTO,ADPET,B206,CN-2605-SGMRK-G470/Y1-VHHH,SGMRK-G470/Y1-VHHH,10
CN,2605,GOPTO,ADPET,B206,CN-2605-SGMRN-G470-TAMOT,SGMRN-G470-TAMOT,10
CN,2605,GOPTO,ADPET,B206,CN-2605-SGMRN-G470-VHHH,SGMRN-G470-VHHH,10
CN,2605,GOPTO,ADPET,B206,CN-2605-SGMRN-G470/L888-TAMOT,SGMRN-G470/L888-TAMOT,10
CN,2605,GOPTO,ADPET,B206,CN-2605-SGMRN-G470/L888-VHHH,SGMRN-G470/L888-VHHH,10
CN,2605,GOPTO,ADPET,B206,CN-2605-SGMRN-G470/Y1-TAMOT,SGMRN-G470/Y1-TAMOT,10
CN,2605,GOPTO,ADPET,B206,CN-2605-SGMRN-G470/Y1-VHHH,SGMRN-G470/Y1-VHHH,10
CN,2605,GOPTO,BEKOL,DCT,CN-2605-BEKOL-G470-SGM,BEKOL-G470-SGM,27
CN,2605,GOPTO,BEKOL,DCT,CN-2605-BEKOL-G470-SGMN,BEKOL-G470-SGMN,27
CN,2605,GOPTO,BEKOL,DCT,CN-2605-BEKOL-G470-SGMRK,BEKOL-G470-SGMRK,27
CN,2605,GOPTO,BEKOL,DCT,CN-2605-BEKOL-G470-SGMRN,BEKOL-G470-SGMRN,27
CN,2605,GOPTO,BEKOL,DCT,CN-2605-BEKOL-G470/L888-SGMRK,BEKOL-G470/L888-SGMRK,27
CN,2605,GOPTO,BEKOL,DCT,CN-2605-BEKOL-G470/L888-SGMRN,BEKOL-G470/L888-SGMRN,27
CN,2605,GOPTO,BEKOL,DCT,CN-2605-BEKOL-G470/Y1-SGMRK,BEKOL-G470/Y1-SGMRK,27
CN,2605,GOPTO,BEKOL,DCT,CN-2605-BEKOL-G470/Y1-SGMRN,BEKOL-G470/Y1-SGMRN,27
CN,2605,GOPTO,BEKOL,DCT,CN-2605-BEKOL-SGM,BEKOL-SGM,24
CN,2605,GOPTO,BEKOL,DCT,CN-2605-BEKOL-SGMN,BEKOL-SGMN,24
CN,2605,GOPTO,NIRAV,B206,CN-2605-GOPTO-PURPA,GOPTO-PURPA,1
CN,2605,GOPTO,NIRAV,B206,CN-2605-GOPTO-ZGSZ-01,GOPTO-ZGSZ-01,1
CN,2605,GOPTO,NIRAV,B206,CN-2605-GOPTO-ZUUU-01,GOPTO-ZUUU-01,1
CN,2605,GORPI,IDVEL,B221,CN-2605-LAMEN-ZSQD-01,LAMEN-ZSQD-01,4
CN,2605,GORPI,YCH,W113,CN-2605-RCTP-ZSYA-01,RCTP-ZSYA-01,4
CN,2605,GOSMA,LBN,R343,CN-2605-LAMEN-ZGNN-01,LAMEN-ZGNN-01,9
CN,2605,GOSMA,ONEMI,R343,CN-2605-LAMEN-ZGKL-01,LAMEN-ZGKL-01,9
CN,2605,GOSMA,UPMAT,W82,CN-2605-TEBAK-AGAVO,TEBAK-AGAVO,3
CN,2605,GOSMA,UPMAT,W82,CN-2605-TEBAK-ARGUK,TEBAK-ARGUK,3
CN,2605,GOSMA,UPMAT,W82,CN-2605-TEBAK-BISUN,TEBAK-BISUN,3
CN,2605,GOSMA,UPMAT,W82,CN-2605-TEBAK-GOLOT,TEBAK-GOLOT,3
CN,2605,GOSMA,UPMAT,W82,CN-2605-TEBAK-INTIK,TEBAK-INTIK,3
CN,2605,GOSMA,UPMAT,W82,CN-2605-TEBAK-NIXAL,TEBAK-NIXAL,3
CN,2605,GOSMA,UPMAT,W82,CN-2605-TEBAK-TOMUK,TEBAK-TOMUK,3
CN,2605,GOSMA,UPMAT,W82,CN-2605-TEBAK-WHA-SADLI,TEBAK-WHA-SADLI,3
CN,2605,GOSMA,UPMAT,W82,CN-2605-TEBAK-ZBAA-01,TEBAK-ZBAA-01,3
CN,2605,GOSMA,UPMAT,W82,CN-2605-TEBAK-ZBAD-01,TEBAK-ZBAD-01,3
CN,2605,GOSMA,UPMAT,W82,CN-2605-TEBAK-ZBHH-01,TEBAK-ZBHH-01,3
CN,2605,GOSMA,UPMAT,W82,CN-2605-TEBAK-ZBLA-01,TEBAK-ZBLA-01,3
CN,2605,GOSMA,UPMAT,W82,CN-2605-TEBAK-ZBSJ-01,TEBAK-ZBSJ-01,3
CN,2605,GOSMA,UPMAT,W82,CN-2605-TEBAK-ZBTJ-01,TEBAK-ZBTJ-01,3
CN,2605,GOSMA,UPMAT,W82,CN-2605-TEBAK-ZBYN-01,TEBAK-ZBYN-01,3
CN,2605,GOSMA,UPMAT,W82,CN-2605-TEBAK-ZHCC-01,TEBAK-ZHCC-01,3
CN,2605,GOSMA,UPMAT,W82,CN-2605-TEBAK-ZHEC-01,TEBAK-ZHEC-01,3
CN,2605,GOSMA,UPMAT,W82,CN-2605-TEBAK-ZHHH-01,TEBAK-ZHHH-01,3
CN,2605,GOSMA,UPMAT,W82,CN-2605-TEBAK-ZLIC-01,TEBAK-ZLIC-01,3
CN,2605,GOSMA,UPMAT,W82,CN-2605-TEBAK-ZSJN-01,TEBAK-ZSJN-01,3
CN,2605,GOSMA,UPMAT,W82,CN-2605-TEBAK-ZSLY-01,TEBAK-ZSLY-01,3
CN,2605,GOSMA,UPMAT,W82,CN-2605-TEBAK-ZSNJ-01,TEBAK-ZSNJ-01,3
CN,2605,GOSMA,UPMAT,W82,CN-2605-TEBAK-ZSNT-01,TEBAK-ZSNT-01,3
CN,2605,GOSMA,UPMAT,W82,CN-2605-TEBAK-ZSOF-01,TEBAK-ZSOF-01,3
CN,2605,GOSMA,UPMAT,W82,CN-2605-TEBAK-ZSPD-01,TEBAK-ZSPD-01,3
CN,2605,GOSMA,UPMAT,W82,CN-2605-TEBAK-ZSQD-01,TEBAK-ZSQD-01,3
CN,2605,GOSMA,UPMAT,W82,CN-2605-TEBAK-ZSQD-02,TEBAK-ZSQD-02,3
CN,2605,GOSMA,UPMAT,W82,CN-2605-TEBAK-ZSSH-01,TEBAK-ZSSH-01,3
CN,2605,GOSMA,UPMAT,W82,CN-2605-TEBAK-ZSSS-01,TEBAK-ZSSS-01,3
CN,2605,GOSMA,UPMAT,W82,CN-2605-TEBAK-ZSXZ-01,TEBAK-ZSXZ-01,3
CN,2605,GOSMA,UPMAT,W82,CN-2605-TEBAK-ZSYA-01,TEBAK-ZSYA-01,3
CN,2605,GOSMA,UPMAT,W82,CN-2605-TEBAK-ZYCC-01,TEBAK-ZYCC-01,3
CN,2605,GOSMA,UPMAT,W82,CN-2605-TEBAK-ZYHB-01,TEBAK-ZYHB-01,3
CN,2605,GOSMA,UPMAT,W82,CN-2605-TEBAK-ZYTL-01,TEBAK-ZYTL-01,3
CN,2605,GOSMA,UPMAT,W82,CN-2605-TEBAK-ZYTX-01,TEBAK-ZYTX-01,3
CN,2605,GOSMA,UPMAT,W82,CN-2605-ZGKL-LAMEN-01,ZGKL-LAMEN-01,2
CN,2605,GOSMA,UPMAT,W82,CN-2605-ZGNN-LAMEN-01,ZGNN-LAMEN-01,2
CN,2605,GOSMA,UPMAT,W82,CN-2605-ZJSY-BISUN-02,ZJSY-BISUN-02,8
CN,2605,GOSMA,UPMAT,W82,CN-2605-ZJSY-NIXAL-02,ZJSY-NIXAL-02,8
CN,2605,GOSMA,WUY,R343,CN-2605-AGAVO-TEBAK,AGAVO-TEBAK,11
CN,2605,GOSMA,WUY,R343,CN-2605-SADLI-WHA-TEBAK,SADLI-WHA-TEBAK,9
CN,2605,GOSMA,WUY,R343,CN-2605-TOMUK-TEBAK,TOMUK-TEBAK,7
CN,2605,GOSMA,WUY,R343,CN-2605-ZBAD-TEBAK-01,ZBAD-TEBAK-01,3
CN,2605,GOSMA,WUY,R343,CN-2605-ZBTJ-TEBAK-01,ZBTJ-TEBAK-01,3
CN,2605,GOSMA,WUY,R343,CN-2605-ZHCC-TEBAK-01,ZHCC-TEBAK-01,3
CN,2605,GOSMA,WUY,R343,CN-2605-ZSJN-TEBAK-01,ZSJN-TEBAK-01,4
CN,2605,GOSMA,WUY,R343,CN-2605-ZSLY-TEBAK-01,ZSLY-TEBAK-01,9
CN,2605,GOSMA,WUY,R343,CN-2605-ZSNJ-TEBAK-01,ZSNJ-TEBAK-01,5
CN,2605,GOSMA,WUY,R343,CN-2605-ZSNT-TEBAK-01,ZSNT-TEBAK-01,11
CN,2605,GOSMA,WUY,R343,CN-2605-ZSOF-TEBAK-01,ZSOF-TEBAK-01,5
CN,2605,GOSMA,WUY,R343,CN-2605-ZSPD-TEBAK-01,ZSPD-TEBAK-01,10
CN,2605,GOSMA,WUY,R343,CN-2605-ZSSH-TEBAK-01,ZSSH-TEBAK-01,11
CN,2605,GOSMA,WUY,R343,CN-2605-ZSSS-TEBAK-01,ZSSS-TEBAK-01,10
CN,2605,GOSMA,WUY,R343,CN-2605-ZSXZ-TEBAK-01,ZSXZ-TEBAK-01,6
CN,2605,GOSMA,WUY,R343,CN-2605-ZSYA-TEBAK-01,ZSYA-TEBAK-01,10
CN,2605,GOTSU,INTIV,W575,CN-2605-POLHO-ZYTL-01,POLHO-ZYTL-01,3
CN,2605,GUBLO,BEBEM,R200,CN-2605-LINSO-ZSAM-01,LINSO-ZSAM-01,4
CN,2605,GUBLO,BEBEM,R200,CN-2605-LINSO-ZSFZ-01,LINSO-ZSFZ-01,4
CN,2605,GUBLO,BEBEM,R200,CN-2605-TEBAK-ZSAM-01,TEBAK-ZSAM-01,5
CN,2605,GUBLO,BEBEM,R200,CN-2605-ZGSZ-LAMEN-02,ZGSZ-LAMEN-02,1
CN,2605,GUBLO,IDUMA,W22,CN-2605-RCKH-ZGGG-01,RCKH-ZGGG-01,2
CN,2605,GUBLO,IDUMA,W22,CN-2605-RCMQ-ZGGG-01,RCMQ-ZGGG-01,2
CN,2605,GUBLO,IDUMA,W22,CN-2605-RCTP-ZGGG-01,RCTP-ZGGG-01,2
CN,2605,GUBLO,IDUMA,W22,CN-2605-RCYU-ZGGG-01,RCYU-ZGGG-01,2
CN,2605,GUBLO,IDUMA,W22,CN-2605-VMMC-ZGGG-01,VMMC-ZGGG-01,2
CN,2605,GUBLO,OLDID,R200,CN-2605-ZGKL-RCKH-01,ZGKL-RCKH-01,4
CN,2605,GUBLO,OLDID,R200,CN-2605-ZGKL-RCTP-01,ZGKL-RCTP-01,4
CN,2605,GUBLO,OLDID,R200,CN-2605-ZGKL-RCYU-01,ZGKL-RCYU-01,4
CN,2605,GUBLO,OLDID,R200,CN-2605-ZGNN-RCKH-01,ZGNN-RCKH-01,5
CN,2605,GUBLO,OLDID,R200,CN-2605-ZGNN-RCTP-01,ZGNN-RCTP-01,5
CN,2605,GUBLO,OLDID,R200,CN-2605-ZGNN-RCYU-01,ZGNN-RCYU-01,5
CN,2605,GUBLO,OLDID,R200,CN-2605-ZGSZ-RCKH-01,ZGSZ-RCKH-01,1
CN,2605,GUBLO,OLDID,R200,CN-2605-ZGSZ-RCMQ-01,ZGSZ-RCMQ-01,1
CN,2605,GUBLO,OLDID,R200,CN-2605-ZGSZ-RCTP-01,ZGSZ-RCTP-01,1
CN,2605,GUBLO,OLDID,R200,CN-2605-ZGSZ-RCYU-01,ZGSZ-RCYU-01,1
CN,2605,GUBLO,OLDID,R200,CN-2605-ZLXN-RCTP-01,ZLXN-RCTP-01,7
CN,2605,GUBLO,OLDID,R200,CN-2605-ZPLJ-RCTP-01,ZPLJ-RCTP-01,6
CN,2605,GUBLO,OLDID,R200,CN-2605-ZPPP-RCBS-01,ZPPP-RCBS-01,4
CN,2605,GUBLO,OLDID,R200,CN-2605-ZPPP-RCKH-01,ZPPP-RCKH-01,4
CN,2605,GUBLO,OLDID,R200,CN-2605-ZPPP-RCMQ-01,ZPPP-RCMQ-01,4
CN,2605,GUBLO,OLDID,R200,CN-2605-ZPPP-RCTP-01,ZPPP-RCTP-01,4
CN,2605,GUBLO,OLDID,R200,CN-2605-ZPPP-RCYU-01,ZPPP-RCYU-01,4
CN,2605,GUBLO,OLDID,R200,CN-2605-ZUCK-RCKH-01,ZUCK-RCKH-01,7
CN,2605,GUBLO,OLDID,R200,CN-2605-ZUCK-RCMQ-01,ZUCK-RCMQ-01,7
CN,2605,GUBLO,OLDID,R200,CN-2605-ZUCK-RCSS-01,ZUCK-RCSS-01,7
CN,2605,GUBLO,OLDID,R200,CN-2605-ZUCK-RCTP-01,ZUCK-RCTP-01,7
CN,2605,GUBLO,OLDID,R200,CN-2605-ZUCK-RCYU-01,ZUCK-RCYU-01,7
CN,2605,GUBLO,OLDID,R200,CN-2605-ZUGY-RCKH-01,ZUGY-RCKH-01,6
CN,2605,GUBLO,OLDID,R200,CN-2605-ZUGY-RCTP-01,ZUGY-RCTP-01,6
CN,2605,GUBLO,OLDID,R200,CN-2605-ZUGY-RCYU-01,ZUGY-RCYU-01,6
CN,2605,GUBLO,OLDID,R200,CN-2605-ZUTF-RCSS-01,ZUTF-RCSS-01,7
CN,2605,GUBLO,OLDID,R200,CN-2605-ZUTF-RCTP-01,ZUTF-RCTP-01,7
CN,2605,GUBLO,OLDID,R200,CN-2605-ZUUU-RCKH-01,ZUUU-RCKH-01,6
CN,2605,GUBLO,OLDID,R200,CN-2605-ZUUU-RCMQ-01,ZUUU-RCMQ-01,6
CN,2605,GUBLO,OLDID,R200,CN-2605-ZUUU-RCSS-01,ZUUU-RCSS-01,6
CN,2605,GUBLO,OLDID,R200,CN-2605-ZUUU-RCTP-01,ZUUU-RCTP-01,6
CN,2605,GUBLO,OLDID,R200,CN-2605-ZUUU-RCYU-01,ZUUU-RCYU-01,6
CN,2605,GUBLO,TEPID,W21,CN-2605-VMMC-ARGUK,VMMC-ARGUK,2
CN,2605,GUBLO,TEPID,W21,CN-2605-VMMC-BISUN,VMMC-BISUN,2
CN,2605,GUBLO,TEPID,W21,CN-2605-VMMC-GOLOT,VMMC-GOLOT,2
CN,2605,GUBLO,TEPID,W21,CN-2605-VMMC-MORIT,VMMC-MORIT,2
CN,2605,GUBLO,TEPID,W21,CN-2605-VMMC-RULAD,VMMC-RULAD,2
CN,2605,GUBLO,TEPID,W21,CN-2605-VMMC-TOMUK,VMMC-TOMUK,2
CN,2605,GUBLO,TEPID,W21,CN-2605-VMMC-ZBAA-01,VMMC-ZBAA-01,2
CN,2605,GUBLO,TEPID,W21,CN-2605-VMMC-ZBAD-01,VMMC-ZBAD-01,2
CN,2605,GUBLO,TEPID,W21,CN-2605-VMMC-ZBSJ-01,VMMC-ZBSJ-01,2
CN,2605,GUBLO,TEPID,W21,CN-2605-VMMC-ZBTJ-01,VMMC-ZBTJ-01,2
CN,2605,GUBLO,TEPID,W21,CN-2605-VMMC-ZBYN-01,VMMC-ZBYN-01,2
CN,2605,GUBLO,TEPID,W21,CN-2605-VMMC-ZGHA-01,VMMC-ZGHA-01,2
CN,2605,GUBLO,TEPID,W21,CN-2605-VMMC-ZGKL-01,VMMC-ZGKL-01,2
CN,2605,GUBLO,TEPID,W21,CN-2605-VMMC-ZHCC-01,VMMC-ZHCC-01,2
CN,2605,GUBLO,TEPID,W21,CN-2605-VMMC-ZHHH-01,VMMC-ZHHH-01,2
CN,2605,GUBLO,TEPID,W21,CN-2605-VMMC-ZLLL-01,VMMC-ZLLL-01,2
CN,2605,GUBLO,TEPID,W21,CN-2605-VMMC-ZLXY-01,VMMC-ZLXY-01,2
CN,2605,GUBLO,TEPID,W21,CN-2605-VMMC-ZSOF-01,VMMC-ZSOF-01,2
CN,2605,GUBLO,TEPID,W21,CN-2605-VMMC-ZUCK-01,VMMC-ZUCK-01,2
CN,2605,GUBLO,TEPID,W21,CN-2605-VMMC-ZUGY-01,VMMC-ZUGY-01,2
CN,2605,GUBLO,TEPID,W21,CN-2605-VMMC-ZUTF-01,VMMC-ZUTF-01,2
CN,2605,GUBLO,TEPID,W21,CN-2605-VMMC-ZUUU-01,VMMC-ZUUU-01,2
CN,2605,GUBLO,TEPID,W21,CN-2605-VMMC-ZWWW-01,VMMC-ZWWW-01,2
CN,2605,GUBLO,TEPID,W21,CN-2605-VMMC-ZYHB-01,VMMC-ZYHB-01,2
CN,2605,GUBLO,TEPID,W21,CN-2605-VMMC-ZYTX-01,VMMC-ZYTX-01,2
CN,2605,GUBLO,TEPID,W22,CN-2605-RCKH-ZGKL-01,RCKH-ZGKL-01,2
CN,2605,GUBLO,TEPID,W22,CN-2605-RCKH-ZUCK-01,RCKH-ZUCK-01,2
CN,2605,GUBLO,TEPID,W22,CN-2605-RCKH-ZUGY-01,RCKH-ZUGY-01,2
CN,2605,GUBLO,TEPID,W22,CN-2605-RCKH-ZUUU-01,RCKH-ZUUU-01,2
CN,2605,GUBLO,TEPID,W22,CN-2605-RCMQ-ZUCK-01,RCMQ-ZUCK-01,2
CN,2605,GUBLO,TEPID,W22,CN-2605-RCMQ-ZUUU-01,RCMQ-ZUUU-01,2
CN,2605,GUBLO,TEPID,W22,CN-2605-RCSS-ZUCK-01,RCSS-ZUCK-01,2
CN,2605,GUBLO,TEPID,W22,CN-2605-RCSS-ZUTF-01,RCSS-ZUTF-01,2
CN,2605,GUBLO,TEPID,W22,CN-2605-RCSS-ZUUU-01,RCSS-ZUUU-01,2
CN,2605,GUBLO,TEPID,W22,CN-2605-RCTP-ZGKL-01,RCTP-ZGKL-01,2
CN,2605,GUBLO,TEPID,W22,CN-2605-RCTP-ZLXN-01,RCTP-ZLXN-01,2
CN,2605,GUBLO,TEPID,W22,CN-2605-RCTP-ZUCK-01,RCTP-ZUCK-01,2
CN,2605,GUBLO,TEPID,W22,CN-2605-RCTP-ZUGY-01,RCTP-ZUGY-01,2
CN,2605,GUBLO,TEPID,W22,CN-2605-RCTP-ZUTF-01,RCTP-ZUTF-01,2
CN,2605,GUBLO,TEPID,W22,CN-2605-RCTP-ZUUU-01,RCTP-ZUUU-01,2
CN,2605,GUBLO,TEPID,W22,CN-2605-RCYU-ZGKL-01,RCYU-ZGKL-01,2
CN,2605,GUBLO,TEPID,W22,CN-2605-RCYU-ZUCK-01,RCYU-ZUCK-01,2
CN,2605,GUBLO,TEPID,W22,CN-2605-RCYU-ZUGY-01,RCYU-ZUGY-01,2
CN,2605,GUBLO,TEPID,W22,CN-2605-RCYU-ZUUU-01,RCYU-ZUUU-01,2
CN,2605,GUBLO,TEPID,W22,CN-2605-VMMC-ZUCK-02,VMMC-ZUCK-02,2
CN,2605,GUDRO,IDPOG,W56,CN-2605-ZGHA-LAMEN-01,ZGHA-LAMEN-01,1
CN,2605,GUDRO,OBMEP,W56,CN-2605-ZGHA-NIXAL-01,ZGHA-NIXAL-01,1
CN,2605,GUDRO,VADMO,W56,CN-2605-ZGHA-AGAVO-01,ZGHA-AGAVO-01,1
CN,2605,GUDRO,VYK,W56,CN-2605-ZGHA-ARGUK-01,ZGHA-ARGUK-01,1
CN,2605,GUDRO,VYK,W56,CN-2605-ZGHA-BISUN-01,ZGHA-BISUN-01,1
CN,2605,GUGAM,QNX,A581,CN-2605-ZHEC-LINSO-01,ZHEC-LINSO-01,1
CN,2605,GUGAM,QNX,A581,CN-2605-ZHHH-LINSO-01,ZHHH-LINSO-01,1
CN,2605,GUGAM,QNX,A581,CN-2605-ZHHH-SAGAG-01,ZHHH-SAGAG-01,1
CN,2605,GUKRU,JHG,W641,CN-2605-SAGAG-ZPJH-01,SAGAG-ZPJH-01,2
CN,2605,GUKRU,SAGAG,A581,CN-2605-ZPJH-SAGAG-01,ZPJH-SAGAG-01,1
CN,2605,GULOT,ADBAG,A599,CN-2605-ZPLJ-KATBO-01,ZPLJ-KATBO-01,3
CN,2605,GULOT,BUBSU,W146,CN-2605-KATBO-ZPLJ-01,KATBO-ZPLJ-01,3
CN,2605,GULOT,BUBSU,W146,CN-2605-LINSO-ZPLJ-01,LINSO-ZPLJ-01,2
CN,2605,GULOT,BUBSU,W146,CN-2605-RCTP-ZPLJ-01,RCTP-ZPLJ-01,4
CN,2605,GULOT,BUBSU,W146,CN-2605-SAGAG-ZPLJ-01,SAGAG-ZPLJ-01,3
CN,2605,GULOT,LINSO,A599,CN-2605-ZPLJ-LINSO-01,ZPLJ-LINSO-01,3
CN,2605,GULOT,LINSO,A599,CN-2605-ZPPP-LINSO-01,ZPPP-LINSO-01,1
CN,2605,GULOT,POU,A599,CN-2605-ZPLJ-RCTP-01,ZPLJ-RCTP-01,3
CN,2605,GULOT,SGM,A599,CN-2605-ZPLJ-SAGAG-01,ZPLJ-SAGAG-01,3
CN,2605,GULOT,SGM,A599,CN-2605-ZPMS-SAGAG-01,ZPMS-SAGAG-01,2
CN,2605,GULUN,BUNTA,G221,CN-2605-ZJQH-BUNTA-01,ZJQH-BUNTA-01,1
CN,2605,GUNLI,CGO,B208,CN-2605-ZLXY-RCBS-01,ZLXY-RCBS-01,2
CN,2605,GUNLI,CGO,B208,CN-2605-ZLXY-RCKH-01,ZLXY-RCKH-01,2
CN,2605,GUNLI,CGO,B208,CN-2605-ZLXY-RCMQ-01,ZLXY-RCMQ-01,2
CN,2605,GUNLI,CGO,B208,CN-2605-ZLXY-RCQC-01,ZLXY-RCQC-01,2
CN,2605,GUNLI,CGO,B208,CN-2605-ZLXY-RCTP-01,ZLXY-RCTP-01,2
CN,2605,GUNLI,CGO,B208,CN-2605-ZLXY-RCYU-01,ZLXY-RCYU-01,2
CN,2605,GURET,AGULU,W233,CN-2605-ZUUU-AGAVO-01,ZUUU-AGAVO-01,1
CN,2605,GUTOV,HFE,B208,CN-2605-ZBSJ-RCKH-01,ZBSJ-RCKH-01,3
CN,2605,GUTOV,HFE,B208,CN-2605-ZBSJ-RCTP-01,ZBSJ-RCTP-01,3
CN,2605,GUTOV,HFE,B208,CN-2605-ZBSJ-RCYU-01,ZBSJ-RCYU-01,3
CN,2605,GUVRI,OMDEK,W85,CN-2605-BEKOL-ZBTJ-01,BEKOL-ZBTJ-01,3
CN,2605,GUVRI,OMDEK,W85,CN-2605-LINSO-ZBTJ-01,LINSO-ZBTJ-01,4
CN,2605,GUVRI,OMDEK,W85,CN-2605-SAGAG-ZBTJ-01,SAGAG-ZBTJ-01,3
CN,2605,GUVRI,OMDEK,W85,CN-2605-TEBAK-ZBTJ-01,TEBAK-ZBTJ-01,5
CN,2605,GUVRI,OMDEK,W85,CN-2605-VHHH-ZBTJ-01,VHHH-ZBTJ-01,3
CN,2605,GUVRI,OMDEK,W85,CN-2605-VMMC-ZBTJ-01,VMMC-ZBTJ-01,6
CN,2605,GYA,POU,A599,CN-2605-TEBAK-ZGSZ-01,TEBAK-ZGSZ-01,2
CN,2605,GYA,POU,A599,CN-2605-TEBAK-ZSAM-01,TEBAK-ZSAM-01,2
CN,2605,GYA,POU,A599,CN-2605-ZGNN-RCKH-01,ZGNN-RCKH-01,2
CN,2605,GYA,POU,A599,CN-2605-ZGNN-RCTP-01,ZGNN-RCTP-01,2
CN,2605,GYA,POU,A599,CN-2605-ZGNN-RCYU-01,ZGNN-RCYU-01,2
CN,2605,GYA,POU,A599,CN-2605-ZGNN-VHHH-01,ZGNN-VHHH-01,2
CN,2605,GYA,POU,A599,CN-2605-ZGNN-VMMC-01,ZGNN-VMMC-01,2
CN,2605,GYA,POU,B330,CN-2605-LINSO-ZSPD-02,LINSO-ZSPD-02,2
CN,2605,GYA,POU,B330,CN-2605-LINSO-ZSSS-02,LINSO-ZSSS-02,2
CN,2605,GYA,POU,B330,CN-2605-TEBAK-SADLI,TEBAK-SADLI,2
CN,2605,GYA,POU,B330,CN-2605-TEBAK-VHHH,TEBAK-VHHH,2
CN,2605,GYA,POU,B330,CN-2605-TEBAK-VMMC,TEBAK-VMMC,2
CN,2605,GYA,POU,B330,CN-2605-TEBAK-ZSHC-01,TEBAK-ZSHC-01,2
CN,2605,GYA,POU,B330,CN-2605-TEBAK-ZSNB-01,TEBAK-ZSNB-01,2
CN,2605,GYA,POU,B330,CN-2605-TEBAK-ZSNB-02,TEBAK-ZSNB-02,2
CN,2605,GYA,POU,B330,CN-2605-TEBAK-ZSTX-01,TEBAK-ZSTX-01,2
CN,2605,GYA,TAMOT,B330,CN-2605-TEBAK-TAMOT,TEBAK-TAMOT,2
CN,2605,GYA,TAMOT,B330,CN-2605-ZGNN-TAMOT-01,ZGNN-TAMOT-01,2
CN,2605,GYA,TEBAK,R474,CN-2605-SADLI-TEBAK,SADLI-TEBAK,7
CN,2605,GYA,TEBAK,R474,CN-2605-ZSHC-TEBAK-01,ZSHC-TEBAK-01,2
CN,2605,GYA,TEBAK,R474,CN-2605-ZSNB-TEBAK-01,ZSNB-TEBAK-01,3
CN,2605,GYA,TEBAK,R474,CN-2605-ZSNB-TEBAK-02,ZSNB-TEBAK-02,4
CN,2605,GYA,TEBAK,R474,CN-2605-ZSPD-TEBAK-02,ZSPD-TEBAK-02,5
CN,2605,GYA,TEBAK,R474,CN-2605-ZSTX-TEBAK-01,ZSTX-TEBAK-01,2
CN,2605,HAM,FKG,W99,CN-2605-MORIT-ZWWW-01,MORIT-ZWWW-01,4
CN,2605,HAM,FKG,W99,CN-2605-SAGAG-ZWWW-01,SAGAG-ZWWW-01,7
CN,2605,HAM,FKG,W99,CN-2605-VHHH-ZWWW-02,VHHH-ZWWW-02,10
CN,2605,HAM,QTV,W99,CN-2605-BEKOL-GOPTO,BEKOL-GOPTO,10
CN,2605,HAM,QTV,W99,CN-2605-BEKOL-SGM,BEKOL-SGM,21
CN,2605,HAM,QTV,W99,CN-2605-BEKOL-SGMN,BEKOL-SGMN,21
CN,2605,HCH,BASOV,W4,CN-2605-MAGIT-ZSJN-01,MAGIT-ZSJN-01,6
CN,2605,HCH,BASOV,W4,CN-2605-TOMUK-ZSJN-01,TOMUK-ZSJN-01,4
CN,2605,HCH,DOVIV,W200,CN-2605-AGAVO-B339-KAMUD,AGAVO-B339-KAMUD,3
CN,2605,HCH,DOVIV,W200,CN-2605-AGAVO-B339-PURPA,AGAVO-B339-PURPA,3
CN,2605,HCH,DOVIV,W200,CN-2605-AGAVO-B339-RULAD,AGAVO-B339-RULAD,3
CN,2605,HCH,DOVIV,W200,CN-2605-AGAVO-B339-SARIN,AGAVO-B339-SARIN,3
CN,2605,HCH,DOVIV,W200,CN-2605-AGAVO-B339-SRK,AGAVO-B339-SRK,3
CN,2605,HCH,DOVIV,W200,CN-2605-AGAVO-B339-SRK,AGAVO-B339-SRK,16
CN,2605,HCH,DOVIV,W200,CN-2605-AGAVO-B339-SRK,AGAVO-B339-SRK,30
CN,2605,HCH,DOVIV,W200,CN-2605-AGAVO-KAMUD,AGAVO-KAMUD,3
CN,2605,HCH,DOVIV,W200,CN-2605-AGAVO-POLHO,AGAVO-POLHO,3
CN,2605,HCH,DOVIV,W200,CN-2605-AGAVO-RK,AGAVO-RK,3
CN,2605,HCH,DOVIV,W200,CN-2605-AGAVO-RK,AGAVO-RK,16
CN,2605,HCH,DOVIV,W200,CN-2605-AGAVO-RKL,AGAVO-RKL,3
CN,2605,HCH,DOVIV,W200,CN-2605-AGAVO-RKL,AGAVO-RKL,16
CN,2605,HCH,DOVIV,W200,CN-2605-AGAVO-RULAD,AGAVO-RULAD,3
CN,2605,HCH,DOVIV,W200,CN-2605-AGAVO-SARIN,AGAVO-SARIN,3
CN,2605,HCH,DOVIV,W200,CN-2605-AGAVO-W104-SARIN,AGAVO-W104-SARIN,3
CN,2605,HCH,DOVIV,W200,CN-2605-AGAVO-W112-PURPA,AGAVO-W112-PURPA,3
CN,2605,HCH,DOVIV,W200,CN-2605-AGAVO-ZBAA-01,AGAVO-ZBAA-01,3
CN,2605,HCH,DOVIV,W200,CN-2605-AGAVO-ZBAD-01,AGAVO-ZBAD-01,3
CN,2605,HCH,DOVIV,W200,CN-2605-AGAVO-ZBDS-01,AGAVO-ZBDS-01,3
CN,2605,HCH,DOVIV,W200,CN-2605-AGAVO-ZBHH-01,AGAVO-ZBHH-01,3
CN,2605,HCH,DOVIV,W200,CN-2605-AGAVO-ZBOW-01,AGAVO-ZBOW-01,3
CN,2605,HCH,DOVIV,W200,CN-2605-AGAVO-ZBSJ-01,AGAVO-ZBSJ-01,3
CN,2605,HCH,DOVIV,W200,CN-2605-AGAVO-ZBTJ-01,AGAVO-ZBTJ-01,3
CN,2605,HCH,DOVIV,W200,CN-2605-AGAVO-ZBYN-01,AGAVO-ZBYN-01,3
CN,2605,HCH,DOVIV,W200,CN-2605-AGAVO-ZLIC-01,AGAVO-ZLIC-01,3
CN,2605,HCH,DOVIV,W200,CN-2605-AGAVO-ZLXY-01,AGAVO-ZLXY-01,3
CN,2605,HCH,DOVIV,W200,CN-2605-AGAVO-ZUTF-01,AGAVO-ZUTF-01,3
CN,2605,HCH,DOVIV,W200,CN-2605-AGAVO-ZUUU-01,AGAVO-ZUUU-01,3
CN,2605,HCH,DOVIV,W200,CN-2605-ZSQD-POLHO-01,ZSQD-POLHO-01,2
CN,2605,HCH,DOVIV,W200,CN-2605-ZSYT-POLHO-01,ZSYT-POLHO-01,1
CN,2605,HCH,DOVIV,W200,CN-2605-ZSYT-RULAD-01,ZSYT-RULAD-01,1
CN,2605,HCH,DOVIV,W200,CN-2605-ZSYT-SARIN-01,ZSYT-SARIN-01,1
CN,2605,HCH,IPNIT,W4,CN-2605-BISUN-ZHHH-01,BISUN-ZHHH-01,6
CN,2605,HCH,IPNIT,W4,CN-2605-MAGIT-ZGHA-01,MAGIT-ZGHA-01,6
CN,2605,HCH,IPNIT,W4,CN-2605-MAGIT-ZHHH-01,MAGIT-ZHHH-01,6
CN,2605,HCH,IPNIT,W4,CN-2605-ZSYT-LINSO-01,ZSYT-LINSO-01,1
CN,2605,HCH,IPNIT,W4,CN-2605-ZYTL-TAMOT-01,ZYTL-TAMOT-01,2
CN,2605,HCH,IPNIT,W4,CN-2605-ZYTL-VHHH-01,ZYTL-VHHH-01,2
CN,2605,HCH,LIMGI,W4,CN-2605-ZSYT-SAGAG-01,ZSYT-SAGAG-01,1
CN,2605,HCH,NIXEP,W173,CN-2605-BEKOL-ZYTL-01,BEKOL-ZYTL-01,8
CN,2605,HCH,NIXEP,W173,CN-2605-TEBAK-ZYTL-01,TEBAK-ZYTL-01,10
CN,2605,HCH,NIXEP,W173,CN-2605-VHHH-ZYTL-01,VHHH-ZYTL-01,8
CN,2605,HCH,NOKUD,W651,CN-2605-MAGIT-ZSQD-01,MAGIT-ZSQD-01,6
CN,2605,HCH,NOKUD,W651,CN-2605-POLHO-ZSQD-02,POLHO-ZSQD-02,3
CN,2605,HCH,NOKUD,W651,CN-2605-SIMLI-ZSQD-01,SIMLI-ZSQD-01,4
CN,2605,HCH,NOKUD,W651,CN-2605-TEBAK-ZSQD-01,TEBAK-ZSQD-01,10
CN,2605,HCH,TAMIX,W4,CN-2605-BISUN-ZHCC-01,BISUN-ZHCC-01,6
CN,2605,HCH,TAMIX,W4,CN-2605-TOMUK-ZHCC-01,TOMUK-ZHCC-01,4
CN,2605,HDS,IDSOT,W48,CN-2605-ZBOW-SAGAG-01,ZBOW-SAGAG-01,2
CN,2605,HET,AGVUR,B208,CN-2605-INTIK-ZBSJ-01,INTIK-ZBSJ-01,2
CN,2605,HET,CGO,B208,CN-2605-INTIK-SADLI,INTIK-SADLI,2
CN,2605,HET,CGO,B208,CN-2605-INTIK-ZSNJ-01,INTIK-ZSNJ-01,2
CN,2605,HET,ESDIB,B208,CN-2605-POLHO-ZUUU-01,POLHO-ZUUU-01,2
CN,2605,HET,IBARO,W84,CN-2605-INTIK-ZLXY-01,INTIK-ZLXY-01,2
CN,2605,HET,IBARO,W84,CN-2605-POLHO-ZLXY-01,POLHO-ZLXY-01,2
CN,2605,HET,IBARO,W84,CN-2605-POLHO-ZUCK-01,POLHO-ZUCK-01,2
CN,2605,HET,IBARO,W84,CN-2605-POLHO-ZUTF-01,POLHO-ZUTF-01,2
CN,2605,HET,IBARO,W84,CN-2605-POLHO-ZUUU-02,POLHO-ZUUU-02,2
CN,2605,HET,INTIK,W32,CN-2605-BEKOL-INTIK,BEKOL-INTIK,4
CN,2605,HET,INTIK,W32,CN-2605-SADLI-INTIK,SADLI-INTIK,4
CN,2605,HET,INTIK,W32,CN-2605-TEBAK-INTIK,TEBAK-INTIK,6
CN,2605,HET,INTIK,W32,CN-2605-ZBDS-INTIK-01,ZBDS-INTIK-01,4
CN,2605,HET,INTIK,W32,CN-2605-ZBSJ-INTIK-01,ZBSJ-INTIK-01,3
CN,2605,HET,INTIK,W32,CN-2605-ZGGG-INTIK-01,ZGGG-INTIK-01,4
CN,2605,HET,INTIK,W32,CN-2605-ZGSZ-INTIK-01,ZGSZ-INTIK-01,6
CN,2605,HET,INTIK,W32,CN-2605-ZLXY-INTIK-01,ZLXY-INTIK-01,5
CN,2605,HET,INTIK,W32,CN-2605-ZSNJ-INTIK-01,ZSNJ-INTIK-01,2
CN,2605,HET,NIXAL,B208,CN-2605-SAGAG-NIXAL,SAGAG-NIXAL,9
CN,2605,HET,NIXAL,B208,CN-2605-ZBDS-NIXAL-01,ZBDS-NIXAL-01,4
CN,2605,HET,NIXAL,B208,CN-2605-ZUUU-NIXAL-01,ZUUU-NIXAL-01,7
CN,2605,HET,POLHO,G218,CN-2605-BEKOL-APSMS,BEKOL-APSMS,11
CN,2605,HET,POLHO,G218,CN-2605-BEKOL-POLHO,BEKOL-POLHO,4
CN,2605,HET,POLHO,G218,CN-2605-ZGGG-POLHO-01,ZGGG-POLHO-01,4
CN,2605,HET,POLHO,G218,CN-2605-ZGSZ-POLHO-01,ZGSZ-POLHO-01,6
CN,2605,HET,POLHO,G218,CN-2605-ZHHH-POLHO-01,ZHHH-POLHO-01,3
CN,2605,HET,POLHO,G218,CN-2605-ZJSY-POLHO-01,ZJSY-POLHO-01,7
CN,2605,HET,POLHO,G218,CN-2605-ZLXY-POLHO-01,ZLXY-POLHO-01,5
CN,2605,HET,POLHO,G218,CN-2605-ZUCK-POLHO-01,ZUCK-POLHO-01,7
CN,2605,HET,POLHO,G218,CN-2605-ZUTF-POLHO-01,ZUTF-POLHO-01,7
CN,2605,HET,POLHO,G218,CN-2605-ZUUU-POLHO-01,ZUUU-POLHO-01,7
CN,2605,HET,SQ,B208,CN-2605-INTIK-TEBAK,INTIK-TEBAK,2
CN,2605,HET,TMR,G218,CN-2605-ZBYN-BISUN-01,ZBYN-BISUN-01,2
CN,2605,HET,TMR,G218,CN-2605-ZLIC-INTIK-01,ZLIC-INTIK-01,5
CN,2605,HET,TMR,G218,CN-2605-ZLXY-ARGUK-01,ZLXY-ARGUK-01,5
CN,2605,HET,TMR,G218,CN-2605-ZLXY-SIMLI-01,ZLXY-SIMLI-01,5
CN,2605,HET,TMR,G218,CN-2605-ZPPP-ARGUK-01,ZPPP-ARGUK-01,8
CN,2605,HET,TMR,G218,CN-2605-ZUTF-ARGUK-01,ZUTF-ARGUK-01,7
CN,2605,HET,TMR,G218,CN-2605-ZUUU-ARGUK-01,ZUUU-ARGUK-01,7
CN,2605,HET,TMR,G218,CN-2605-ZUUU-SIMLI-01,ZUUU-SIMLI-01,7
CN,2605,HET,TOREL,W84,CN-2605-INTIK-ZBDS-01,INTIK-ZBDS-01,2
CN,2605,HET,TOREL,W84,CN-2605-NIXAL-ZBDS-01,NIXAL-ZBDS-01,2
CN,2605,HFE,AGVUR,B208,CN-2605-RCBS-ZLXY-01,RCBS-ZLXY-01,6
CN,2605,HFE,AGVUR,B208,CN-2605-RCKH-ZLXY-01,RCKH-ZLXY-01,6
CN,2605,HFE,AGVUR,B208,CN-2605-RCMQ-ZLXY-01,RCMQ-ZLXY-01,6
CN,2605,HFE,AGVUR,B208,CN-2605-RCQC-ZLXY-01,RCQC-ZLXY-01,6
CN,2605,HFE,AGVUR,B208,CN-2605-RCTP-ZLIC-01,RCTP-ZLIC-01,6
CN,2605,HFE,AGVUR,B208,CN-2605-RCTP-ZLXY-01,RCTP-ZLXY-01,6
CN,2605,HFE,AGVUR,B208,CN-2605-RCYU-ZLXY-01,RCYU-ZLXY-01,6
CN,2605,HFE,ANPIG,B208,CN-2605-RCKH-ZBYN-01,RCKH-ZBYN-01,6
CN,2605,HFE,ANPIG,B208,CN-2605-RCMQ-ZBYN-01,RCMQ-ZBYN-01,6
CN,2605,HFE,ANPIG,B208,CN-2605-RCTP-ZBYN-01,RCTP-ZBYN-01,6
CN,2605,HFE,ANPIG,B208,CN-2605-RCYU-ZBYN-01,RCYU-ZBYN-01,6
CN,2605,HFE,ATVIM,W127,CN-2605-LINSO-ZSXZ-01,LINSO-ZSXZ-01,4
CN,2605,HFE,ATVIM,W127,CN-2605-TEBAK-ZSXZ-01,TEBAK-ZSXZ-01,7
CN,2605,HFE,EKIMU,R343,CN-2605-NIXAL-ZSPD-01,NIXAL-ZSPD-01,5
CN,2605,HFE,EKIMU,R343,CN-2605-PURPA-ZSPD-02,PURPA-ZSPD-02,11
CN,2605,HFE,EKIMU,R343,CN-2605-PURPA-ZSPD-04,PURPA-ZSPD-04,11
CN,2605,HFE,EKIMU,R343,CN-2605-SARIN-ZSPD-01,SARIN-ZSPD-01,9
CN,2605,HFE,FYG,B208,CN-2605-LAMEN-ZHCC-01,LAMEN-ZHCC-01,3
CN,2605,HFE,FYG,B208,CN-2605-RCKH-ZHCC-01,RCKH-ZHCC-01,6
CN,2605,HFE,FYG,B208,CN-2605-RCTP-ZHCC-01,RCTP-ZHCC-01,6
CN,2605,HFE,FYG,B208,CN-2605-RCYU-ZHCC-01,RCYU-ZHCC-01,6
CN,2605,HFE,HET,B208,CN-2605-SADLI-INTIK,SADLI-INTIK,3
CN,2605,HFE,HET,B208,CN-2605-ZSNJ-INTIK-01,ZSNJ-INTIK-01,1
CN,2605,HFE,LAXAG,B208,CN-2605-ZSHC-SARIN-01,ZSHC-SARIN-01,4
CN,2605,HFE,LEGIV,W51,CN-2605-INTIK-ZSNJ-01,INTIK-ZSNJ-01,6
CN,2605,HFE,LEGIV,W51,CN-2605-KAMUD-ZSNJ-01,KAMUD-ZSNJ-01,10
CN,2605,HFE,LEGIV,W51,CN-2605-LINSO-ZSNJ-01,LINSO-ZSNJ-01,4
CN,2605,HFE,LEGIV,W51,CN-2605-NIXAL-ZSNJ-01,NIXAL-ZSNJ-01,5
CN,2605,HFE,LEGIV,W51,CN-2605-SAGAG-ZSNJ-01,SAGAG-ZSNJ-01,3
CN,2605,HFE,LEGIV,W51,CN-2605-SARIN-ZSNJ-01,SARIN-ZSNJ-01,9
CN,2605,HFE,LEGIV,W51,CN-2605-TEBAK-ZSNJ-01,TEBAK-ZSNJ-01,7
CN,2605,HFE,NIXAL,B208,CN-2605-SADLI-NIXAL,SADLI-NIXAL,3
CN,2605,HFE,NIXAL,B208,CN-2605-ZSAM-NIXAL-01,ZSAM-NIXAL-01,7
CN,2605,HFE,NIXAL,B208,CN-2605-ZSFZ-NIXAL-01,ZSFZ-NIXAL-01,5
CN,2605,HFE,NIXAL,B208,CN-2605-ZSHC-NIXAL-01,ZSHC-NIXAL-01,4
CN,2605,HFE,NIXAL,B208,CN-2605-ZSNJ-NIXAL-01,ZSNJ-NIXAL-01,1
CN,2605,HFE,NIXAL,B208,CN-2605-ZSPD-NIXAL-01,ZSPD-NIXAL-01,4
CN,2605,HFE,NIXAL,B208,CN-2605-ZSSS-NIXAL-01,ZSSS-NIXAL-01,4
CN,2605,HFE,NIXAL,B208,CN-2605-ZSWZ-NIXAL-01,ZSWZ-NIXAL-01,5
CN,2605,HFE,OBMEP,B208,CN-2605-RCKH-ZBSJ-01,RCKH-ZBSJ-01,6
CN,2605,HFE,OBMEP,B208,CN-2605-RCTP-ZBSJ-01,RCTP-ZBSJ-01,6
CN,2605,HFE,OBMEP,B208,CN-2605-RCYU-ZBSJ-01,RCYU-ZBSJ-01,6
CN,2605,HFE,PK,R343,CN-2605-INTIK-SADLI,INTIK-SADLI,6
CN,2605,HFE,PK,R343,CN-2605-NIXAL-SADLI,NIXAL-SADLI,5
CN,2605,HFE,PK,R343,CN-2605-NIXAL-ZSSS-01,NIXAL-ZSSS-01,5
CN,2605,HFE,PK,R343,CN-2605-ZHCC-LAMEN-01,ZHCC-LAMEN-01,4
CN,2605,HFE,PK,R343,CN-2605-ZSCN-LAMEN-01,ZSCN-LAMEN-01,3
CN,2605,HFE,PK,R343,CN-2605-ZSCN-LAMEN-02,ZSCN-LAMEN-02,3
CN,2605,HFE,TODAM,B208,CN-2605-RCTP-ZBHH-01,RCTP-ZBHH-01,6
CN,2605,HFE,UPLEL,R343,CN-2605-KAMUD-ZSHC-01,KAMUD-ZSHC-01,10
CN,2605,HFE,UPLEL,R343,CN-2605-NIXAL-ZSAM-01,NIXAL-ZSAM-01,5
CN,2605,HFE,UPLEL,R343,CN-2605-NIXAL-ZSFZ-01,NIXAL-ZSFZ-01,5
CN,2605,HFE,UPLEL,R343,CN-2605-NIXAL-ZSHC-01,NIXAL-ZSHC-01,5
CN,2605,HFE,UPLEL,R343,CN-2605-NIXAL-ZSWZ-01,NIXAL-ZSWZ-01,5
CN,2605,HFE,UPLEL,R343,CN-2605-SARIN-ZSHC-01,SARIN-ZSHC-01,9
CN,2605,HFE,UPLEL,R343,CN-2605-ZBHH-RCTP-01,ZBHH-RCTP-01,5
CN,2605,HFE,UPLEL,R343,CN-2605-ZBSJ-RCKH-01,ZBSJ-RCKH-01,4
CN,2605,HFE,UPLEL,R343,CN-2605-ZBSJ-RCTP-01,ZBSJ-RCTP-01,4
CN,2605,HFE,UPLEL,R343,CN-2605-ZBSJ-RCYU-01,ZBSJ-RCYU-01,4
CN,2605,HFE,UPLEL,R343,CN-2605-ZBYN-RCKH-01,ZBYN-RCKH-01,7
CN,2605,HFE,UPLEL,R343,CN-2605-ZBYN-RCMQ-01,ZBYN-RCMQ-01,7
CN,2605,HFE,UPLEL,R343,CN-2605-ZBYN-RCTP-01,ZBYN-RCTP-01,7
CN,2605,HFE,UPLEL,R343,CN-2605-ZBYN-RCYU-01,ZBYN-RCYU-01,7
CN,2605,HFE,UPLEL,R343,CN-2605-ZHCC-RCKH-01,ZHCC-RCKH-01,4
CN,2605,HFE,UPLEL,R343,CN-2605-ZHCC-RCTP-01,ZHCC-RCTP-01,4
CN,2605,HFE,UPLEL,R343,CN-2605-ZHCC-RCYU-01,ZHCC-RCYU-01,4
CN,2605,HFE,UPLEL,R343,CN-2605-ZLIC-RCTP-01,ZLIC-RCTP-01,8
CN,2605,HFE,UPLEL,R343,CN-2605-ZLXY-RCBS-01,ZLXY-RCBS-01,6
CN,2605,HFE,UPLEL,R343,CN-2605-ZLXY-RCKH-01,ZLXY-RCKH-01,6
CN,2605,HFE,UPLEL,R343,CN-2605-ZLXY-RCMQ-01,ZLXY-RCMQ-01,6
CN,2605,HFE,UPLEL,R343,CN-2605-ZLXY-RCQC-01,ZLXY-RCQC-01,6
CN,2605,HFE,UPLEL,R343,CN-2605-ZLXY-RCTP-01,ZLXY-RCTP-01,6
CN,2605,HFE,UPLEL,R343,CN-2605-ZLXY-RCYU-01,ZLXY-RCYU-01,6
CN,2605,HFE,UPLEL,R343,CN-2605-ZSCN-RCKH-01,ZSCN-RCKH-01,3
CN,2605,HFE,UPLEL,R343,CN-2605-ZSCN-RCTP-01,ZSCN-RCTP-01,3
CN,2605,HFE,UPLEL,R343,CN-2605-ZSCN-RCYU-01,ZSCN-RCYU-01,3
CN,2605,HFE,UPLEL,R343,CN-2605-ZWWW-RCTP-01,ZWWW-RCTP-01,9
CN,2605,HFE,XSH,W50,CN-2605-ZSLY-TAMOT-01,ZSLY-TAMOT-01,5
CN,2605,HFE,XSH,W50,CN-2605-ZSLY-TEBAK-01,ZSLY-TEBAK-01,5
CN,2605,HFE,XSH,W50,CN-2605-ZSNJ-KAMUD-01,ZSNJ-KAMUD-01,1
CN,2605,HFE,XSH,W50,CN-2605-ZSNJ-LINSO-01,ZSNJ-LINSO-01,1
CN,2605,HFE,XSH,W50,CN-2605-ZSNJ-SAGAG-01,ZSNJ-SAGAG-01,1
CN,2605,HFE,XSH,W50,CN-2605-ZSNJ-SARIN-01,ZSNJ-SARIN-01,1
CN,2605,HFE,XSH,W50,CN-2605-ZSNJ-TEBAK-01,ZSNJ-TEBAK-01,1
CN,2605,HFE,XSH,W50,CN-2605-ZSXZ-LINSO-01,ZSXZ-LINSO-01,2
CN,2605,HFE,XSH,W50,CN-2605-ZSXZ-TEBAK-01,ZSXZ-TEBAK-01,2
CN,2605,HFE,XUZ,W127,CN-2605-BEKOL-ZSLY-01,BEKOL-ZSLY-01,5
CN,2605,HFE,XUZ,W127,CN-2605-TEBAK-ZSLY-01,TEBAK-ZSLY-01,7
CN,2605,HG,XSH,W50,CN-2605-NIXAL-ZSCN-01,NIXAL-ZSCN-01,5
CN,2605,HG,XSH,W50,CN-2605-SARIN-ZSCN-02,SARIN-ZSCN-02,9
CN,2605,HLD,BIDIB,A345,CN-2605-ZBLA-RCTP-01,ZBLA-RCTP-01,1
CN,2605,HLD,BISUN,B451,CN-2605-TELOK-BISUN,TELOK-BISUN,2
CN,2605,HLD,HRB,B451,CN-2605-SARUL-ZYCC-01,SARUL-ZYCC-01,3
CN,2605,HLD,HRB,B451,CN-2605-TELOK-ZYCC-01,TELOK-ZYCC-01,2
CN,2605,HLD,IKITI,A345,CN-2605-ZBLA-VHHH-01,ZBLA-VHHH-01,1
CN,2605,HLD,KAGAK,A345,CN-2605-ZBLA-SARUL-01,ZBLA-SARUL-01,1
CN,2605,HLD,KAGAK,A345,CN-2605-ZYCC-SARUL-01,ZYCC-SARUL-01,4
CN,2605,HLD,ONINA,B451,CN-2605-TELOK-ZYHB-01,TELOK-ZYHB-01,2
CN,2605,HLD,TELOK,A345,CN-2605-BISUN-TELOK,BISUN-TELOK,2
CN,2605,HLD,TELOK,A345,CN-2605-VASRO-TELOK,VASRO-TELOK,4
CN,2605,HLD,TELOK,A345,CN-2605-ZBLA-TELOK-01,ZBLA-TELOK-01,1
CN,2605,HLD,TELOK,A345,CN-2605-ZYCC-TELOK-01,ZYCC-TELOK-01,4
CN,2605,HLD,TELOK,A345,CN-2605-ZYHB-TELOK-01,ZYHB-TELOK-01,2
CN,2605,HLD,UGABI,B451,CN-2605-TELOK-VASRO,TELOK-VASRO,2
CN,2605,HRB,ARGUK,G212,CN-2605-AGAVO-ARGUK,AGAVO-ARGUK,5
CN,2605,HRB,ARGUK,G212,CN-2605-AGAVO-AS,AGAVO-AS,5
CN,2605,HRB,ARGUK,G212,CN-2605-ZBTJ-ARGUK-01,ZBTJ-ARGUK-01,7
CN,2605,HRB,ARGUK,G212,CN-2605-ZSPD-ARGUK-02,ZSPD-ARGUK-02,4
CN,2605,HRB,ARGUK,G212,CN-2605-ZSQD-ARGUK-01,ZSQD-ARGUK-01,6
CN,2605,HRB,ARGUK,G212,CN-2605-ZYCC-ARGUK-01,ZYCC-ARGUK-01,3
CN,2605,HRB,ARGUK,G212,CN-2605-ZYTL-ARGUK-01,ZYTL-ARGUK-01,2
CN,2605,HRB,ARGUK,G212,CN-2605-ZYTX-ARGUK-01,ZYTX-ARGUK-01,2
CN,2605,HRB,BUMDU,G212,CN-2605-SIMLI-ZBAD-01,SIMLI-ZBAD-01,2
CN,2605,HRB,BUMDU,G212,CN-2605-SIMLI-ZLXY-01,SIMLI-ZLXY-01,2
CN,2605,HRB,CHI,A588,CN-2605-MAGIT-AGAVO,MAGIT-AGAVO,3
CN,2605,HRB,CHI,A588,CN-2605-MAGIT-ZSHC-01,MAGIT-ZSHC-01,3
CN,2605,HRB,CHI,A588,CN-2605-MAGIT-ZSPD-02,MAGIT-ZSPD-02,3
CN,2605,HRB,CHI,A588,CN-2605-SM-AGAVO,SM-AGAVO,8
CN,2605,HRB,CHI,A588,CN-2605-ZYJM-AGAVO-01,ZYJM-AGAVO-01,2
CN,2605,HRB,HLD,B451,CN-2605-ZYCC-SARUL-01,ZYCC-SARUL-01,3
CN,2605,HRB,HLD,B451,CN-2605-ZYCC-TELOK-01,ZYCC-TELOK-01,3
CN,2605,HRB,JMU,G212,CN-2605-AGAVO-ZYJM-01,AGAVO-ZYJM-01,5
CN,2605,HRB,LEMOT,A588,CN-2605-MAGIT-ZYTX-01,MAGIT-ZYTX-01,3
CN,2605,HRB,PABKI,A588,CN-2605-MAGIT-ZYCC-01,MAGIT-ZYCC-01,3
CN,2605,HRB,PABKI,A588,CN-2605-SARUL-ZYCC-01,SARUL-ZYCC-01,4
CN,2605,HRB,PABKI,A588,CN-2605-TELOK-ZYCC-01,TELOK-ZYCC-01,3
CN,2605,HRB,SIMLI,A588,CN-2605-BEKOL-APSMS,BEKOL-APSMS,19
CN,2605,HRB,SIMLI,A588,CN-2605-BEKOL-SIMLI,BEKOL-SIMLI,7
CN,2605,HRB,SIMLI,A588,CN-2605-ZBAA-SIMLI-01,ZBAA-SIMLI-01,3
CN,2605,HRB,SIMLI,A588,CN-2605-ZBAD-SIMLI-01,ZBAD-SIMLI-01,3
CN,2605,HRB,SIMLI,A588,CN-2605-ZGGG-SIMLI-01,ZGGG-SIMLI-01,7
CN,2605,HRB,SIMLI,A588,CN-2605-ZGSZ-SIMLI-01,ZGSZ-SIMLI-01,9
CN,2605,HRB,SIMLI,A588,CN-2605-ZHCC-SIMLI-01,ZHCC-SIMLI-01,6
CN,2605,HRB,SIMLI,A588,CN-2605-ZHHH-SIMLI-01,ZHHH-SIMLI-01,6
CN,2605,HRB,SIMLI,A588,CN-2605-ZJSY-SIMLI-01,ZJSY-SIMLI-01,10
CN,2605,HRB,SIMLI,A588,CN-2605-ZLXY-SIMLI-01,ZLXY-SIMLI-01,9
CN,2605,HRB,SIMLI,A588,CN-2605-ZSPD-SIMLI-01,ZSPD-SIMLI-01,8
CN,2605,HRB,SIMLI,A588,CN-2605-ZSSS-SIMLI-01,ZSSS-SIMLI-01,8
CN,2605,HRB,SIMLI,A588,CN-2605-ZUCK-SIMLI-01,ZUCK-SIMLI-01,8
CN,2605,HRB,SIMLI,A588,CN-2605-ZUUU-SIMLI-01,ZUUU-SIMLI-01,11
CN,2605,HRB,SOTMU,G212,CN-2605-SIMLI-ZSHC-01,SIMLI-ZSHC-01,2
CN,2605,HRB,SOTMU,G212,CN-2605-SIMLI-ZSPD-01,SIMLI-ZSPD-01,2
CN,2605,HRB,SOTMU,G212,CN-2605-SIMLI-ZSSS-01,SIMLI-ZSSS-01,2
CN,2605,HRB,UDETI,A588,CN-2605-MAGIT-ZGHA-01,MAGIT-ZGHA-01,3
CN,2605,HRB,UDETI,A588,CN-2605-MAGIT-ZHHH-01,MAGIT-ZHHH-01,3
CN,2605,HRB,UDETI,A588,CN-2605-MAGIT-ZSJN-01,MAGIT-ZSJN-01,3
CN,2605,HRB,UDETI,A588,CN-2605-MAGIT-ZSQD-01,MAGIT-ZSQD-01,3
CN,2605,HRB,UKDUM,G212,CN-2605-SIMLI-ZBAA-01,SIMLI-ZBAA-01,2
CN,2605,HRB,VENOS,A588,CN-2605-MAGIT-ZBTJ-01,MAGIT-ZBTJ-01,3
CN,2605,HRB,VENOS,A588,CN-2605-MAGIT-ZSYT-01,MAGIT-ZSYT-01,3
CN,2605,HRB,VENOS,A588,CN-2605-MAGIT-ZYTL-01,MAGIT-ZYTL-01,3
CN,2605,HRB,VYK,G212,CN-2605-MPSMS-TAMOT,MPSMS-TAMOT,14
CN,2605,HRB,VYK,G212,CN-2605-MPSMS-VHHH,MPSMS-VHHH,18
CN,2605,HRB,VYK,G212,CN-2605-SIMLI-TAMOT,SIMLI-TAMOT,2
CN,2605,HRB,VYK,G212,CN-2605-SIMLI-VHHH,SIMLI-VHHH,2
CN,2605,HRB,VYK,G212,CN-2605-SIMLI-ZGSZ-01,SIMLI-ZGSZ-01,2
CN,2605,HRB,VYK,G212,CN-2605-SIMLI-ZHHH-01,SIMLI-ZHHH-01,2
CN,2605,HRB,VYK,G212,CN-2605-SIMLI-ZJSY-01,SIMLI-ZJSY-01,2
CN,2605,HRB,VYK,G212,CN-2605-SIMLI-ZUUU-01,SIMLI-ZUUU-01,2
CN,2605,HSN,LASAN,W13,CN-2605-ZSNB-LAMEN-01,ZSNB-LAMEN-01,2
CN,2605,HSN,OVNEV,W67,CN-2605-LAMEN-ZSNB-01,LAMEN-ZSNB-01,3
CN,2605,HUN,LAGAL,W525,CN-2605-AGAVO-ZSNJ-01,AGAVO-ZSNJ-01,5
CN,2605,HUN,LAGAL,W525,CN-2605-ZSSH-LAMEN-01,ZSSH-LAMEN-01,1
CN,2605,HUN,LAGAL,W525,CN-2605-ZSSH-LAMEN-02,ZSSH-LAMEN-02,1
CN,2605,HUN,LAGAL,W525,CN-2605-ZSSH-MAGOG-01,ZSSH-MAGOG-01,1
CN,2605,HUN,LAGAL,W525,CN-2605-ZSSH-RCTP-01,ZSSH-RCTP-01,1
CN,2605,HUN,LAGAL,W525,CN-2605-ZSSH-TAMOT-01,ZSSH-TAMOT-01,1
CN,2605,HUN,LAGAL,W525,CN-2605-ZSSH-TEBAK-01,ZSSH-TEBAK-01,1
CN,2605,HUN,LAGAL,W525,CN-2605-ZSSH-VHHH-01,ZSSH-VHHH-01,1
CN,2605,HUN,YCH,W177,CN-2605-ZSNJ-AGAVO-01,ZSNJ-AGAVO-01,3
CN,2605,HUR,LADIX,B339,CN-2605-KAMUD-AGAVO,KAMUD-AGAVO,6
CN,2605,HUR,LADIX,B339,CN-2605-PURPA-W112-AGAVO,PURPA-W112-AGAVO,7
CN,2605,HUR,LADIX,B339,CN-2605-PURPA-ZYTL-01,PURPA-ZYTL-01,7
CN,2605,HUR,LADIX,B339,CN-2605-PURPA-ZYTL-02,PURPA-ZYTL-02,7
CN,2605,HUR,LADIX,B339,CN-2605-RK-AGAVO,RK-AGAVO,6
CN,2605,HUR,LADIX,B339,CN-2605-RK-AGAVO,RK-AGAVO,18
CN,2605,HUR,LADIX,B339,CN-2605-RKL-AGAVO,RKL-AGAVO,6
CN,2605,HUR,LADIX,B339,CN-2605-RKL-AGAVO,RKL-AGAVO,18
CN,2605,HUR,LADIX,B339,CN-2605-RULAD-AGAVO,RULAD-AGAVO,6
CN,2605,HUR,LADIX,B339,CN-2605-RULAD-ZSYT-01,RULAD-ZSYT-01,6
CN,2605,HUR,LADIX,B339,CN-2605-SARIN-AGAVO,SARIN-AGAVO,5
CN,2605,HUR,LADIX,B339,CN-2605-SARIN-ZSYT-01,SARIN-ZSYT-01,5
CN,2605,HUR,LADIX,B339,CN-2605-SRK-AGAVO,SRK-AGAVO,5
CN,2605,HUR,LADIX,B339,CN-2605-SRK-AGAVO,SRK-AGAVO,17
CN,2605,HUR,LADIX,B339,CN-2605-SRK-AGAVO,SRK-AGAVO,29
CN,2605,HUR,LADIX,B339,CN-2605-ZBHH-AGAVO-01,ZBHH-AGAVO-01,2
CN,2605,HUR,LADIX,B339,CN-2605-ZBOW-AGAVO-01,ZBOW-AGAVO-01,5
CN,2605,HUR,LADIX,B339,CN-2605-ZLDH-AGAVO-01,ZLDH-AGAVO-01,5
CN,2605,HUR,LADIX,B339,CN-2605-ZWWW-AGAVO-01,ZWWW-AGAVO-01,5
CN,2605,HUR,SOTMU,B339,CN-2605-KAMUD-ZSAM-01,KAMUD-ZSAM-01,6
CN,2605,HUR,SOTMU,B339,CN-2605-KAMUD-ZSPD-01,KAMUD-ZSPD-01,6
CN,2605,HUR,SOTMU,B339,CN-2605-PURPA-ZSPD-01,PURPA-ZSPD-01,7
CN,2605,HUR,SOTMU,B339,CN-2605-PURPA-ZSPD-03,PURPA-ZSPD-03,7
CN,2605,HUR,SOTMU,B339,CN-2605-PURPA-ZSSS-01,PURPA-ZSSS-01,7
CN,2605,HUR,SOTMU,B339,CN-2605-PURPA-ZSSS-02,PURPA-ZSSS-02,7
CN,2605,HUR,SOTMU,B339,CN-2605-RULAD-SADLI,RULAD-SADLI,6
CN,2605,HUR,SOTMU,B339,CN-2605-RULAD-ZSPD-01,RULAD-ZSPD-01,6
CN,2605,HUR,SOTMU,B339,CN-2605-SARIN-ZSJN-01,SARIN-ZSJN-01,5
CN,2605,HUR,SOTMU,B339,CN-2605-SARIN-ZSPD-02,SARIN-ZSPD-02,5
CN,2605,HUR,SOTMU,B339,CN-2605-SARIN-ZSSS-01,SARIN-ZSSS-01,5
CN,2605,HUR,TGO,B334,CN-2605-BEKOL-APSMS,BEKOL-APSMS,5
CN,2605,HUR,TGO,B334,CN-2605-BEKOL-APSMS,BEKOL-APSMS,17
CN,2605,HUR,TGO,B334,CN-2605-BEKOL-ARGUK,BEKOL-ARGUK,5
CN,2605,HUR,TGO,B334,CN-2605-BEKOL-BISUN,BEKOL-BISUN,5
CN,2605,HUR,TGO,B334,CN-2605-BEKOL-SIMLI,BEKOL-SIMLI,5
CN,2605,HUR,TGO,B334,CN-2605-BEKOL-ZYCC-01,BEKOL-ZYCC-01,5
CN,2605,HUR,TGO,B334,CN-2605-BEKOL-ZYHB-01,BEKOL-ZYHB-01,5
CN,2605,HUR,TGO,B334,CN-2605-LINSO-BISUN,LINSO-BISUN,6
CN,2605,HUR,TGO,B334,CN-2605-SAGAG-BISUN,SAGAG-BISUN,5
CN,2605,HUR,TGO,B334,CN-2605-TEBAK-ARGUK,TEBAK-ARGUK,7
CN,2605,HUR,TGO,B334,CN-2605-TEBAK-BISUN,TEBAK-BISUN,7
CN,2605,HUR,TGO,B334,CN-2605-TEBAK-ZBLA-01,TEBAK-ZBLA-01,7
CN,2605,HUR,TGO,B334,CN-2605-TEBAK-ZYCC-01,TEBAK-ZYCC-01,7
CN,2605,HUR,TGO,B334,CN-2605-TEBAK-ZYHB-01,TEBAK-ZYHB-01,7
CN,2605,HUR,TGO,B334,CN-2605-VHHH-ZBLA-01,VHHH-ZBLA-01,5
CN,2605,HUR,TGO,B334,CN-2605-VHHH-ZYCC-01,VHHH-ZYCC-01,5
CN,2605,HUR,TGO,B334,CN-2605-VHHH-ZYHB-01,VHHH-ZYHB-01,5
CN,2605,HUR,TGO,B334,CN-2605-VMMC-ARGUK,VMMC-ARGUK,8
CN,2605,HUR,TGO,B334,CN-2605-VMMC-BISUN,VMMC-BISUN,8
CN,2605,HUR,TGO,B334,CN-2605-VMMC-ZYHB-01,VMMC-ZYHB-01,8
CN,2605,HUR,TGO,B334,CN-2605-ZBYN-ARGUK-01,ZBYN-ARGUK-01,3
CN,2605,HUR,TGO,B334,CN-2605-ZGGG-ARGUK-01,ZGGG-ARGUK-01,5
CN,2605,HUR,TGO,B334,CN-2605-ZGGG-SIMLI-01,ZGGG-SIMLI-01,5
CN,2605,HUR,TGO,B334,CN-2605-ZGHA-ARGUK-01,ZGHA-ARGUK-01,4
CN,2605,HUR,TGO,B334,CN-2605-ZGHA-BISUN-01,ZGHA-BISUN-01,4
CN,2605,HUR,TGO,B334,CN-2605-ZGSZ-ARGUK-01,ZGSZ-ARGUK-01,7
CN,2605,HUR,TGO,B334,CN-2605-ZGSZ-BISUN-01,ZGSZ-BISUN-01,7
CN,2605,HUR,TGO,B334,CN-2605-ZGSZ-SIMLI-01,ZGSZ-SIMLI-01,7
CN,2605,HUR,TGO,B334,CN-2605-ZHCC-ARGUK-01,ZHCC-ARGUK-01,4
CN,2605,HUR,TGO,B334,CN-2605-ZHCC-BISUN-01,ZHCC-BISUN-01,4
CN,2605,HUR,TGO,B334,CN-2605-ZHCC-SIMLI-01,ZHCC-SIMLI-01,4
CN,2605,HUR,TGO,B334,CN-2605-ZHEC-ARGUK-01,ZHEC-ARGUK-01,4
CN,2605,HUR,TGO,B334,CN-2605-ZHHH-ARGUK-01,ZHHH-ARGUK-01,4
CN,2605,HUR,TGO,B334,CN-2605-ZHHH-BISUN-01,ZHHH-BISUN-01,4
CN,2605,HUR,TGO,B334,CN-2605-ZHHH-SIMLI-01,ZHHH-SIMLI-01,4
CN,2605,HUR,TGO,B334,CN-2605-ZJSY-ARGUK-01,ZJSY-ARGUK-01,8
CN,2605,HUR,TGO,B334,CN-2605-ZJSY-BISUN-01,ZJSY-BISUN-01,8
CN,2605,HUR,TGO,B334,CN-2605-ZJSY-BISUN-02,ZJSY-BISUN-02,12
CN,2605,HUR,TGO,B334,CN-2605-ZJSY-SIMLI-01,ZJSY-SIMLI-01,8
CN,2605,HUR,TGO,B334,CN-2605-ZSNJ-ARGUK-01,ZSNJ-ARGUK-01,6
CN,2605,HUR,TGO,B334,CN-2605-ZSNJ-BISUN-01,ZSNJ-BISUN-01,6
CN,2605,HUR,TGO,B334,CN-2605-ZSPD-ARGUK-01,ZSPD-ARGUK-01,6
CN,2605,HUR,TGO,B334,CN-2605-ZSPD-SIMLI-01,ZSPD-SIMLI-01,6
CN,2605,HUR,TGO,B334,CN-2605-ZSSS-ARGUK-01,ZSSS-ARGUK-01,6
CN,2605,HUR,TGO,B334,CN-2605-ZSSS-SIMLI-01,ZSSS-SIMLI-01,6
CN,2605,HUR,TGO,B334,CN-2605-ZUCK-ARGUK-01,ZUCK-ARGUK-01,6
CN,2605,HUR,TGO,B334,CN-2605-ZUCK-SIMLI-01,ZUCK-SIMLI-01,6
CN,2605,HUR,TGO,B334,CN-2605-ZUGY-ARGUK-01,ZUGY-ARGUK-01,10
CN,2605,HUY,BODUV,A581,CN-2605-ZUGY-ARGUK-01,ZUGY-ARGUK-01,3
CN,2605,HUY,DYG,W140,CN-2605-KATBO-ZGDY-01,KATBO-ZGDY-01,4
CN,2605,HUY,IDPOG,A581,CN-2605-ZUGY-AGAVO-01,ZUGY-AGAVO-01,3
CN,2605,HUY,QNX,A581,CN-2605-ZGDY-KATBO-01,ZGDY-KATBO-01,2
CN,2605,HUY,QNX,A581,CN-2605-ZGHA-LINSO-01,ZGHA-LINSO-01,5
CN,2605,HUY,TRN,W183,CN-2605-AGAVO-ZUGY-01,AGAVO-ZUGY-01,6
CN,2605,HUY,TRN,W183,CN-2605-LAMEN-ZUGY-01,LAMEN-ZUGY-01,8
CN,2605,HUY,TRN,W183,CN-2605-MAGIT-ZUGY-01,MAGIT-ZUGY-01,6
CN,2605,HUY,WHA,A581,CN-2605-ZUGY-LAMEN-01,ZUGY-LAMEN-01,3
CN,2605,IBANO,AKLAS,G470,CN-2605-BEKOL-G470-KAMUD,BEKOL-G470-KAMUD,10
CN,2605,IBANO,AKLAS,G470,CN-2605-BEKOL-G470-RULAD,BEKOL-G470-RULAD,10
CN,2605,IBANO,AKLAS,G470,CN-2605-BEKOL-G470-SARIN,BEKOL-G470-SARIN,10
CN,2605,IBANO,AKLAS,G470,CN-2605-BEKOL-G470-SGM,BEKOL-G470-SGM,10
CN,2605,IBANO,AKLAS,G470,CN-2605-BEKOL-G470-SGM,BEKOL-G470-SGM,23
CN,2605,IBANO,AKLAS,G470,CN-2605-BEKOL-G470-SGMN,BEKOL-G470-SGMN,10
CN,2605,IBANO,AKLAS,G470,CN-2605-BEKOL-G470-SGMN,BEKOL-G470-SGMN,23
CN,2605,IBANO,AKLAS,G470,CN-2605-BEKOL-G470-SGMRK,BEKOL-G470-SGMRK,10
CN,2605,IBANO,AKLAS,G470,CN-2605-BEKOL-G470-SGMRK,BEKOL-G470-SGMRK,23
CN,2605,IBANO,AKLAS,G470,CN-2605-BEKOL-G470-SGMRK,BEKOL-G470-SGMRK,45
CN,2605,IBANO,AKLAS,G470,CN-2605-BEKOL-G470-SGMRK,BEKOL-G470-SGMRK,60
CN,2605,IBANO,AKLAS,G470,CN-2605-BEKOL-G470-SGMRN,BEKOL-G470-SGMRN,10
CN,2605,IBANO,AKLAS,G470,CN-2605-BEKOL-G470-SGMRN,BEKOL-G470-SGMRN,23
CN,2605,IBANO,AKLAS,G470,CN-2605-BEKOL-G470-SGMRN,BEKOL-G470-SGMRN,45
CN,2605,IBANO,AKLAS,G470,CN-2605-BEKOL-G470-SM,BEKOL-G470-SM,10
CN,2605,IBANO,AKLAS,G470,CN-2605-BEKOL-G470-SRK,BEKOL-G470-SRK,10
CN,2605,IBANO,AKLAS,G470,CN-2605-BEKOL-G470-SRK,BEKOL-G470-SRK,23
CN,2605,IBANO,AKLAS,G470,CN-2605-BEKOL-G470-SRK,BEKOL-G470-SRK,38
CN,2605,IBANO,AKLAS,G470,CN-2605-BEKOL-G470-SRKL,BEKOL-G470-SRKL,10
CN,2605,IBANO,AKLAS,G470,CN-2605-BEKOL-G470-SRKL,BEKOL-G470-SRKL,23
CN,2605,IBANO,AKLAS,G470,CN-2605-BEKOL-G470-SRKL,BEKOL-G470-SRKL,38
CN,2605,IBANO,AKLAS,G470,CN-2605-BEKOL-G470-SRL,BEKOL-G470-SRL,10
CN,2605,IBANO,AKLAS,G470,CN-2605-BEKOL-G470-SRL,BEKOL-G470-SRL,23
CN,2605,IBANO,AKLAS,G470,CN-2605-BEKOL-G470/L888-SGMRK,BEKOL-G470/L888-SGMRK,10
CN,2605,IBANO,AKLAS,G470,CN-2605-BEKOL-G470/L888-SGMRK,BEKOL-G470/L888-SGMRK,23
CN,2605,IBANO,AKLAS,G470,CN-2605-BEKOL-G470/L888-SGMRN,BEKOL-G470/L888-SGMRN,10
CN,2605,IBANO,AKLAS,G470,CN-2605-BEKOL-G470/L888-SGMRN,BEKOL-G470/L888-SGMRN,23
CN,2605,IBANO,AKLAS,G470,CN-2605-BEKOL-G470/L888-SRK,BEKOL-G470/L888-SRK,10
CN,2605,IBANO,AKLAS,G470,CN-2605-BEKOL-G470/L888-SRKL,BEKOL-G470/L888-SRKL,10
CN,2605,IBANO,AKLAS,G470,CN-2605-BEKOL-G470/L888-SRL,BEKOL-G470/L888-SRL,10
CN,2605,IBANO,AKLAS,G470,CN-2605-BEKOL-G470/Y1-SGMRK,BEKOL-G470/Y1-SGMRK,10
CN,2605,IBANO,AKLAS,G470,CN-2605-BEKOL-G470/Y1-SGMRK,BEKOL-G470/Y1-SGMRK,23
CN,2605,IBANO,AKLAS,G470,CN-2605-BEKOL-G470/Y1-SGMRN,BEKOL-G470/Y1-SGMRN,10
CN,2605,IBANO,AKLAS,G470,CN-2605-BEKOL-G470/Y1-SGMRN,BEKOL-G470/Y1-SGMRN,23
CN,2605,IBANO,AKLAS,G470,CN-2605-BEKOL-G470/Y1-SRKL,BEKOL-G470/Y1-SRKL,10
CN,2605,IBANO,AKLAS,G470,CN-2605-BEKOL-G470/Y1-SRL,BEKOL-G470/Y1-SRL,10
CN,2605,IBANO,AKLAS,G470,CN-2605-BEKOL-Y1-SRK,BEKOL-Y1-SRK,10
CN,2605,IBANO,AKLAS,G470,CN-2605-LINSO-RULAD,LINSO-RULAD,7
CN,2605,IBANO,AKLAS,G470,CN-2605-LINSO-SARIN,LINSO-SARIN,7
CN,2605,IBANO,AKLAS,G470,CN-2605-SAGAG-G470-RULAD,SAGAG-G470-RULAD,7
CN,2605,IBANO,AKLAS,G470,CN-2605-SAGAG-G470-SARIN,SAGAG-G470-SARIN,7
CN,2605,IBANO,AKLAS,G470,CN-2605-SIKOU-SARIN,SIKOU-SARIN,8
CN,2605,IBANO,AKLAS,G470,CN-2605-TEBAK-GOPTO,TEBAK-GOPTO,9
CN,2605,IBANO,AKLAS,G470,CN-2605-TEBAK-SARIN,TEBAK-SARIN,9
CN,2605,IBANO,AKLAS,G470,CN-2605-VMMC-RULAD,VMMC-RULAD,10
CN,2605,IBANO,AKLAS,G470,CN-2605-ZGGG-AGVUT-01R,ZGGG-AGVUT-01R,8
CN,2605,IBANO,AKLAS,G470,CN-2605-ZGGG-KAMUD-01,ZGGG-KAMUD-01,8
CN,2605,IBANO,AKLAS,G470,CN-2605-ZGGG-RULAD-01,ZGGG-RULAD-01,8
CN,2605,IBANO,AKLAS,G470,CN-2605-ZGGG-SARIN-01,ZGGG-SARIN-01,8
CN,2605,IBANO,AKLAS,G470,CN-2605-ZGSZ-GOPTO-01,ZGSZ-GOPTO-01,9
CN,2605,IBANO,AKLAS,G470,CN-2605-ZGSZ-RULAD-01,ZGSZ-RULAD-01,9
CN,2605,IBANO,AKLAS,G470,CN-2605-ZGSZ-SARIN-01,ZGSZ-SARIN-01,9
CN,2605,IBANO,AKLAS,G470,CN-2605-ZGSZ-SARIN-02,ZGSZ-SARIN-02,9
CN,2605,IBANO,AKLAS,G470,CN-2605-ZJHK-RULAD-02,ZJHK-RULAD-02,10
CN,2605,IBANO,AKLAS,G470,CN-2605-ZJSY-RULAD-01,ZJSY-RULAD-01,12
CN,2605,IBANO,AKLAS,G470,CN-2605-ZJSY-SARIN-02,ZJSY-SARIN-02,12
CN,2605,IBANO,AKLAS,G470,CN-2605-ZLLL-RULAD-01,ZLLL-RULAD-01,2
CN,2605,IBANO,AKLAS,G470,CN-2605-ZLXY-KAMUD-02,ZLXY-KAMUD-02,6
CN,2605,IBANO,AKLAS,G470,CN-2605-ZLXY-RULAD-02,ZLXY-RULAD-02,6
CN,2605,IBANO,AKLAS,G470,CN-2605-ZLXY-SARIN-01,ZLXY-SARIN-01,6
CN,2605,IBANO,AKLAS,G470,CN-2605-ZPPP-SARIN-01,ZPPP-SARIN-01,6
CN,2605,IBANO,AKLAS,G470,CN-2605-ZSNJ-KAMUD-01,ZSNJ-KAMUD-01,7
CN,2605,IBANO,AKLAS,G470,CN-2605-ZSNJ-SARIN-01,ZSNJ-SARIN-01,7
CN,2605,IBANO,AKLAS,G470,CN-2605-ZUCK-RULAD-01,ZUCK-RULAD-01,6
CN,2605,IBANO,AKLAS,G470,CN-2605-ZUCK-SARIN-01,ZUCK-SARIN-01,6
CN,2605,IBANO,AKLAS,G470,CN-2605-ZUGY-SARIN-02,ZUGY-SARIN-02,5
CN,2605,IBANO,AKLAS,G470,CN-2605-ZUTF-KAMUD-02,ZUTF-KAMUD-02,5
CN,2605,IBANO,AKLAS,G470,CN-2605-ZUTF-RULAD-01,ZUTF-RULAD-01,5
CN,2605,IBANO,AKLAS,G470,CN-2605-ZUTF-SARIN-01,ZUTF-SARIN-01,5
CN,2605,IBANO,AKLAS,G470,CN-2605-ZUUU-GOPTO-01,ZUUU-GOPTO-01,5
CN,2605,IBANO,AKLAS,G470,CN-2605-ZUUU-RULAD-01,ZUUU-RULAD-01,5
CN,2605,IBANO,AKLAS,G470,CN-2605-ZUUU-SARIN-01,ZUUU-SARIN-01,5
CN,2605,IBANO,MAGIV,W187,CN-2605-ZBAA-AGVUT-02R,ZBAA-AGVUT-02R,6
CN,2605,IBANO,MAGIV,W187,CN-2605-ZBAA-PURPA-01,ZBAA-PURPA-01,6
CN,2605,IBANO,MAGIV,W187,CN-2605-ZBAD-PURPA-01,ZBAD-PURPA-01,6
CN,2605,IBANO,MAGIV,W187,CN-2605-ZBTJ-PURPA-01,ZBTJ-PURPA-01,6
CN,2605,IBANO,MAGIV,W187,CN-2605-ZSPD-PURPA-02,ZSPD-PURPA-02,10
CN,2605,IBANO,MAGIV,W187,CN-2605-ZSSS-PURPA-01,ZSSS-PURPA-01,10
CN,2605,IBANO,QTV,G470,CN-2605-SAGAG-ZWWW-02,SAGAG-ZWWW-02,7
CN,2605,IBANO,QTV,G470,CN-2605-VHHH-ZWWW-01,VHHH-ZWWW-01,10
CN,2605,IBANO,QTV,G470,CN-2605-VMMC-ZWWW-01,VMMC-ZWWW-01,10
CN,2605,IBANO,QTV,G470,CN-2605-ZGSZ-GOPTO-02,ZGSZ-GOPTO-02,9
CN,2605,IBANO,QTV,G470,CN-2605-ZPPP-GOPTO-01,ZPPP-GOPTO-01,6
CN,2605,IBANO,QTV,G470,CN-2605-ZUUU-GOPTO-02,ZUUU-GOPTO-02,5
CN,2605,IBANO,TUSLI,W187,CN-2605-AGAVO-B339-PURPA,AGAVO-B339-PURPA,11
CN,2605,IBANO,TUSLI,W187,CN-2605-AGAVO-W112-PURPA,AGAVO-W112-PURPA,11
CN,2605,IBANO,TUSLI,W187,CN-2605-ZBAA-PURPA-02,ZBAA-PURPA-02,6
CN,2605,IBANO,TUSLI,W187,CN-2605-ZBAD-PURPA-02,ZBAD-PURPA-02,6
CN,2605,IBANO,TUSLI,W187,CN-2605-ZBTJ-PURPA-02,ZBTJ-PURPA-02,6
CN,2605,IBANO,TUSLI,W187,CN-2605-ZSPD-PURPA-01,ZSPD-PURPA-01,10
CN,2605,IBANO,TUSLI,W187,CN-2605-ZSSS-PURPA-02,ZSSS-PURPA-02,10
CN,2605,IBARO,LOVRA,W47,CN-2605-INTIK-ZLXY-01,INTIK-ZLXY-01,3
CN,2605,IBARO,LOVRA,W47,CN-2605-POLHO-ZLXY-01,POLHO-ZLXY-01,3
CN,2605,IBARO,LOVRA,W47,CN-2605-POLHO-ZUCK-01,POLHO-ZUCK-01,3
CN,2605,IBARO,LOVRA,W47,CN-2605-POLHO-ZUTF-01,POLHO-ZUTF-01,3
CN,2605,IBARO,LOVRA,W47,CN-2605-POLHO-ZUUU-02,POLHO-ZUUU-02,3
CN,2605,IBARO,LOVRA,W47,CN-2605-ZBHH-SAGAG-01,ZBHH-SAGAG-01,1
CN,2605,IDAXI,NOLON,R473,CN-2605-ZGHA-VMMC-01,ZGHA-VMMC-01,2
CN,2605,IDAXI,WYN,R473,CN-2605-ZGHA-RCKH-01,ZGHA-RCKH-01,2
CN,2605,IDAXI,WYN,R473,CN-2605-ZGHA-RCTP-01,ZGHA-RCTP-01,2
CN,2605,IDAXI,WYN,R473,CN-2605-ZGHA-RCYU-01,ZGHA-RCYU-01,2
CN,2605,IDAXI,WYN,R473,CN-2605-ZGHA-TAMOT-01,ZGHA-TAMOT-01,2
CN,2605,IDAXI,WYN,R473,CN-2605-ZGHA-VHHH-01,ZGHA-VHHH-01,2
CN,2605,IDBOR,KWE,B330,CN-2605-RULAD-L888-TAMOT,RULAD-L888-TAMOT,6
CN,2605,IDBOR,KWE,B330,CN-2605-RULAD-L888-VHHH,RULAD-L888-VHHH,6
CN,2605,IDBOR,KWE,B330,CN-2605-SGMRK-G470/L888-TAMOT,SGMRK-G470/L888-TAMOT,31
CN,2605,IDBOR,KWE,B330,CN-2605-SGMRK-G470/L888-VHHH,SGMRK-G470/L888-VHHH,31
CN,2605,IDBOR,KWE,B330,CN-2605-SGMRN-G470/L888-TAMOT,SGMRN-G470/L888-TAMOT,31
CN,2605,IDBOR,KWE,B330,CN-2605-SGMRN-G470/L888-VHHH,SGMRN-G470/L888-VHHH,31
CN,2605,IDBOR,KWE,B330,CN-2605-SRK-L888-TAMOT,SRK-L888-TAMOT,15
CN,2605,IDBOR,KWE,B330,CN-2605-SRK-L888-VHHH,SRK-L888-VHHH,15
CN,2605,IDBOR,KWE,B330,CN-2605-SRKL-L888-VHHH,SRKL-L888-VHHH,14
CN,2605,IDBOR,KWE,B330,CN-2605-SRKL-W191/L888-TAMOT,SRKL-W191/L888-TAMOT,15
CN,2605,IDBOR,KWE,B330,CN-2605-SRKL-W191/L888-VHHH,SRKL-W191/L888-VHHH,15
CN,2605,IDBOR,KWE,B330,CN-2605-SRL-L888-VHHH,SRL-L888-VHHH,14
CN,2605,IDBOR,KWE,B330,CN-2605-SRL-W191/L888-TAMOT,SRL-W191/L888-TAMOT,15
CN,2605,IDBOR,KWE,B330,CN-2605-SRL-W191/L888-VHHH,SRL-W191/L888-VHHH,15
CN,2605,IDBOR,KWE,B330,CN-2605-ZUUU-RCKH-01,ZUUU-RCKH-01,1
CN,2605,IDBOR,KWE,B330,CN-2605-ZUUU-RCMQ-01,ZUUU-RCMQ-01,1
CN,2605,IDBOR,KWE,B330,CN-2605-ZUUU-RCSS-01,ZUUU-RCSS-01,1
CN,2605,IDBOR,KWE,B330,CN-2605-ZUUU-RCTP-01,ZUUU-RCTP-01,1
CN,2605,IDBOR,KWE,B330,CN-2605-ZUUU-RCYU-01,ZUUU-RCYU-01,1
CN,2605,IDBOR,KWE,B330,CN-2605-ZUUU-TAMOT-01,ZUUU-TAMOT-01,1
CN,2605,IDBOR,KWE,B330,CN-2605-ZUUU-VHHH-01,ZUUU-VHHH-01,1
CN,2605,IDBOR,KWE,B330,CN-2605-ZUUU-VMMC-01,ZUUU-VMMC-01,1
CN,2605,IDGAG,HUY,A581,CN-2605-LAMEN-ZUGY-01,LAMEN-ZUGY-01,7
CN,2605,IDGAG,IRPOG,W80,CN-2605-MAGIT-ZUCK-01,MAGIT-ZUCK-01,6
CN,2605,IDGAG,LIN,A581,CN-2605-LAMEN-ZGDY-01,LAMEN-ZGDY-01,7
CN,2605,IDGAG,LIN,A581,CN-2605-RCTP-ZGDY-01,RCTP-ZGDY-01,10
CN,2605,IDGAG,QNX,A581,CN-2605-LAMEN-ZPPP-01,LAMEN-ZPPP-01,7
CN,2605,IDGAG,QNX,A581,CN-2605-SADLI-SAGAG,SADLI-SAGAG,7
CN,2605,IDGAG,QNX,A581,CN-2605-SADLI-WHA-LINSO,SADLI-WHA-LINSO,7
CN,2605,IDGAG,QNX,A581,CN-2605-ZSCN-LINSO-01,ZSCN-LINSO-01,3
CN,2605,IDGAG,QNX,A581,CN-2605-ZSHC-LINSO-01,ZSHC-LINSO-01,8
CN,2605,IDGAG,QNX,A581,CN-2605-ZSNB-LINSO-01,ZSNB-LINSO-01,11
CN,2605,IDGAG,QNX,A581,CN-2605-ZSNJ-LINSO-01,ZSNJ-LINSO-01,3
CN,2605,IDGAG,QNX,A581,CN-2605-ZSNJ-SAGAG-01,ZSNJ-SAGAG-01,3
CN,2605,IDGAG,QNX,A581,CN-2605-ZSNT-LINSO-01,ZSNT-LINSO-01,9
CN,2605,IDGAG,QNX,A581,CN-2605-ZSOF-LINSO-01,ZSOF-LINSO-01,3
CN,2605,IDGAG,QNX,A581,CN-2605-ZSOF-SAGAG-01,ZSOF-SAGAG-01,3
CN,2605,IDGAG,QNX,A581,CN-2605-ZSPD-LINSO-01,ZSPD-LINSO-01,8
CN,2605,IDGAG,QNX,A581,CN-2605-ZSSS-LINSO-01,ZSSS-LINSO-01,8
CN,2605,IDGAG,QNX,A581,CN-2605-ZSXZ-LINSO-01,ZSXZ-LINSO-01,4
CN,2605,IDGAG,QNX,A581,CN-2605-ZSYA-LINSO-01,ZSYA-LINSO-01,8
CN,2605,IDKEX,ASILA,B339,CN-2605-ZBAA-AGVUT-01R,ZBAA-AGVUT-01R,1
CN,2605,IDKEX,ASILA,B339,CN-2605-ZBAA-AGVUT-02R,ZBAA-AGVUT-02R,1
CN,2605,IDKEX,ASILA,B339,CN-2605-ZBAA-INTIK-01,ZBAA-INTIK-01,1
CN,2605,IDKEX,ASILA,B339,CN-2605-ZBAA-KAMUD-01,ZBAA-KAMUD-01,1
CN,2605,IDKEX,ASILA,B339,CN-2605-ZBAA-PURPA-01,ZBAA-PURPA-01,1
CN,2605,IDKEX,ASILA,B339,CN-2605-ZBAA-PURPA-02,ZBAA-PURPA-02,1
CN,2605,IDKEX,ASILA,B339,CN-2605-ZBAA-RULAD-01,ZBAA-RULAD-01,1
CN,2605,IDKEX,ASILA,B339,CN-2605-ZBAA-SARIN-01,ZBAA-SARIN-01,1
CN,2605,IDKEX,ASILA,B339,CN-2605-ZBAD-INTIK-01,ZBAD-INTIK-01,1
CN,2605,IDKEX,ASILA,B339,CN-2605-ZBAD-KAMUD-01,ZBAD-KAMUD-01,1
CN,2605,IDKEX,ASILA,B339,CN-2605-ZBAD-OGIGI-01,ZBAD-OGIGI-01,1
CN,2605,IDKEX,ASILA,B339,CN-2605-ZBAD-PURPA-01,ZBAD-PURPA-01,1
CN,2605,IDKEX,ASILA,B339,CN-2605-ZBAD-PURPA-02,ZBAD-PURPA-02,1
CN,2605,IDKEX,ASILA,B339,CN-2605-ZBAD-RULAD-01,ZBAD-RULAD-01,1
CN,2605,IDKEX,ASILA,B339,CN-2605-ZBAD-SARIN-01,ZBAD-SARIN-01,1
CN,2605,IDKEX,ASILA,B339,CN-2605-ZBTJ-INTIK-01,ZBTJ-INTIK-01,1
CN,2605,IDKEX,ASILA,B339,CN-2605-ZBTJ-KAMUD-01,ZBTJ-KAMUD-01,1
CN,2605,IDKEX,ASILA,B339,CN-2605-ZBTJ-PURPA-01,ZBTJ-PURPA-01,1
CN,2605,IDKEX,ASILA,B339,CN-2605-ZBTJ-PURPA-02,ZBTJ-PURPA-02,1
CN,2605,IDKEX,ASILA,B339,CN-2605-ZBTJ-RULAD-01,ZBTJ-RULAD-01,1
CN,2605,IDKEX,ASILA,B339,CN-2605-ZBTJ-SARIN-01,ZBTJ-SARIN-01,1
CN,2605,IDKEX,POLHO,B339,CN-2605-ZBAA-POLHO-01,ZBAA-POLHO-01,1
CN,2605,IDKEX,POLHO,B339,CN-2605-ZBAD-POLHO-01,ZBAD-POLHO-01,1
CN,2605,IDLEL,ANRUG,W276,CN-2605-ZBYN-LINSO-01,ZBYN-LINSO-01,1
CN,2605,IDLEL,ANRUG,W276,CN-2605-ZBYN-SAGAG-01,ZBYN-SAGAG-01,1
CN,2605,IDLEL,ARELA,W276,CN-2605-ZBYN-LINSO-02,ZBYN-LINSO-02,1
CN,2605,IDLEL,ARELA,W276,CN-2605-ZBYN-SAGAG-02,ZBYN-SAGAG-02,1
CN,2605,IDOPA,ANDIM,W197,CN-2605-BEKOL-G470-KAMUD,BEKOL-G470-KAMUD,8
CN,2605,IDOPA,ANDIM,W197,CN-2605-BEKOL-G470-RULAD,BEKOL-G470-RULAD,8
CN,2605,IDOPA,ANDIM,W197,CN-2605-BEKOL-G470-SARIN,BEKOL-G470-SARIN,8
CN,2605,IDOPA,ANDIM,W197,CN-2605-BEKOL-G470-SGM,BEKOL-G470-SGM,8
CN,2605,IDOPA,ANDIM,W197,CN-2605-BEKOL-G470-SGM,BEKOL-G470-SGM,21
CN,2605,IDOPA,ANDIM,W197,CN-2605-BEKOL-G470-SGMN,BEKOL-G470-SGMN,8
CN,2605,IDOPA,ANDIM,W197,CN-2605-BEKOL-G470-SGMN,BEKOL-G470-SGMN,21
CN,2605,IDOPA,ANDIM,W197,CN-2605-BEKOL-G470-SGMRK,BEKOL-G470-SGMRK,8
CN,2605,IDOPA,ANDIM,W197,CN-2605-BEKOL-G470-SGMRK,BEKOL-G470-SGMRK,21
CN,2605,IDOPA,ANDIM,W197,CN-2605-BEKOL-G470-SGMRK,BEKOL-G470-SGMRK,43
CN,2605,IDOPA,ANDIM,W197,CN-2605-BEKOL-G470-SGMRK,BEKOL-G470-SGMRK,58
CN,2605,IDOPA,ANDIM,W197,CN-2605-BEKOL-G470-SGMRN,BEKOL-G470-SGMRN,8
CN,2605,IDOPA,ANDIM,W197,CN-2605-BEKOL-G470-SGMRN,BEKOL-G470-SGMRN,21
CN,2605,IDOPA,ANDIM,W197,CN-2605-BEKOL-G470-SGMRN,BEKOL-G470-SGMRN,43
CN,2605,IDOPA,ANDIM,W197,CN-2605-BEKOL-G470-SM,BEKOL-G470-SM,8
CN,2605,IDOPA,ANDIM,W197,CN-2605-BEKOL-G470-SRK,BEKOL-G470-SRK,8
CN,2605,IDOPA,ANDIM,W197,CN-2605-BEKOL-G470-SRK,BEKOL-G470-SRK,21
CN,2605,IDOPA,ANDIM,W197,CN-2605-BEKOL-G470-SRK,BEKOL-G470-SRK,36
CN,2605,IDOPA,ANDIM,W197,CN-2605-BEKOL-G470-SRKL,BEKOL-G470-SRKL,8
CN,2605,IDOPA,ANDIM,W197,CN-2605-BEKOL-G470-SRKL,BEKOL-G470-SRKL,21
CN,2605,IDOPA,ANDIM,W197,CN-2605-BEKOL-G470-SRKL,BEKOL-G470-SRKL,36
CN,2605,IDOPA,ANDIM,W197,CN-2605-BEKOL-G470-SRL,BEKOL-G470-SRL,8
CN,2605,IDOPA,ANDIM,W197,CN-2605-BEKOL-G470-SRL,BEKOL-G470-SRL,21
CN,2605,IDOPA,ANDIM,W197,CN-2605-BEKOL-G470/L888-SGMRK,BEKOL-G470/L888-SGMRK,8
CN,2605,IDOPA,ANDIM,W197,CN-2605-BEKOL-G470/L888-SGMRK,BEKOL-G470/L888-SGMRK,21
CN,2605,IDOPA,ANDIM,W197,CN-2605-BEKOL-G470/L888-SGMRN,BEKOL-G470/L888-SGMRN,8
CN,2605,IDOPA,ANDIM,W197,CN-2605-BEKOL-G470/L888-SGMRN,BEKOL-G470/L888-SGMRN,21
CN,2605,IDOPA,ANDIM,W197,CN-2605-BEKOL-G470/L888-SRK,BEKOL-G470/L888-SRK,8
CN,2605,IDOPA,ANDIM,W197,CN-2605-BEKOL-G470/L888-SRKL,BEKOL-G470/L888-SRKL,8
CN,2605,IDOPA,ANDIM,W197,CN-2605-BEKOL-G470/L888-SRL,BEKOL-G470/L888-SRL,8
CN,2605,IDOPA,ANDIM,W197,CN-2605-BEKOL-G470/Y1-SGMRK,BEKOL-G470/Y1-SGMRK,8
CN,2605,IDOPA,ANDIM,W197,CN-2605-BEKOL-G470/Y1-SGMRK,BEKOL-G470/Y1-SGMRK,21
CN,2605,IDOPA,ANDIM,W197,CN-2605-BEKOL-G470/Y1-SGMRN,BEKOL-G470/Y1-SGMRN,8
CN,2605,IDOPA,ANDIM,W197,CN-2605-BEKOL-G470/Y1-SGMRN,BEKOL-G470/Y1-SGMRN,21
CN,2605,IDOPA,ANDIM,W197,CN-2605-BEKOL-G470/Y1-SRKL,BEKOL-G470/Y1-SRKL,8
CN,2605,IDOPA,ANDIM,W197,CN-2605-BEKOL-G470/Y1-SRL,BEKOL-G470/Y1-SRL,8
CN,2605,IDOPA,ANDIM,W197,CN-2605-BEKOL-Y1-SRK,BEKOL-Y1-SRK,8
CN,2605,IDOPA,ANDIM,W197,CN-2605-LINSO-RULAD,LINSO-RULAD,5
CN,2605,IDOPA,ANDIM,W197,CN-2605-LINSO-SARIN,LINSO-SARIN,5
CN,2605,IDOPA,ANDIM,W197,CN-2605-SAGAG-G470-RULAD,SAGAG-G470-RULAD,5
CN,2605,IDOPA,ANDIM,W197,CN-2605-SAGAG-G470-SARIN,SAGAG-G470-SARIN,5
CN,2605,IDOPA,ANDIM,W197,CN-2605-SAGAG-KAMUD,SAGAG-KAMUD,5
CN,2605,IDOPA,ANDIM,W197,CN-2605-SAGAG-ZLDH-01,SAGAG-ZLDH-01,5
CN,2605,IDOPA,ANDIM,W197,CN-2605-SAGAG-ZWWW-02,SAGAG-ZWWW-02,5
CN,2605,IDOPA,ANDIM,W197,CN-2605-SIKOU-SARIN,SIKOU-SARIN,6
CN,2605,IDOPA,ANDIM,W197,CN-2605-TEBAK-GOPTO,TEBAK-GOPTO,7
CN,2605,IDOPA,ANDIM,W197,CN-2605-TEBAK-SARIN,TEBAK-SARIN,7
CN,2605,IDOPA,ANDIM,W197,CN-2605-VHHH-ZWWW-01,VHHH-ZWWW-01,8
CN,2605,IDOPA,ANDIM,W197,CN-2605-VMMC-RULAD,VMMC-RULAD,8
CN,2605,IDOPA,ANDIM,W197,CN-2605-VMMC-ZWWW-01,VMMC-ZWWW-01,8
CN,2605,IDOPA,ANDIM,W197,CN-2605-ZGGG-AGVUT-01R,ZGGG-AGVUT-01R,6
CN,2605,IDOPA,ANDIM,W197,CN-2605-ZGGG-AGVUT-02R,ZGGG-AGVUT-02R,6
CN,2605,IDOPA,ANDIM,W197,CN-2605-ZGGG-KAMUD-01,ZGGG-KAMUD-01,6
CN,2605,IDOPA,ANDIM,W197,CN-2605-ZGGG-KAMUD-02,ZGGG-KAMUD-02,6
CN,2605,IDOPA,ANDIM,W197,CN-2605-ZGGG-OGIGI-01,ZGGG-OGIGI-01,6
CN,2605,IDOPA,ANDIM,W197,CN-2605-ZGGG-RULAD-01,ZGGG-RULAD-01,6
CN,2605,IDOPA,ANDIM,W197,CN-2605-ZGGG-SARIN-01,ZGGG-SARIN-01,6
CN,2605,IDOPA,ANDIM,W197,CN-2605-ZGSZ-GOPTO-01,ZGSZ-GOPTO-01,7
CN,2605,IDOPA,ANDIM,W197,CN-2605-ZGSZ-GOPTO-02,ZGSZ-GOPTO-02,7
CN,2605,IDOPA,ANDIM,W197,CN-2605-ZGSZ-RULAD-01,ZGSZ-RULAD-01,7
CN,2605,IDOPA,ANDIM,W197,CN-2605-ZGSZ-SARIN-01,ZGSZ-SARIN-01,7
CN,2605,IDOPA,ANDIM,W197,CN-2605-ZGSZ-SARIN-02,ZGSZ-SARIN-02,7
CN,2605,IDOPA,ANDIM,W197,CN-2605-ZJHK-RULAD-02,ZJHK-RULAD-02,8
CN,2605,IDOPA,ANDIM,W197,CN-2605-ZJSY-RULAD-01,ZJSY-RULAD-01,10
CN,2605,IDOPA,ANDIM,W197,CN-2605-ZJSY-SARIN-02,ZJSY-SARIN-02,10
CN,2605,IDOPA,ANDIM,W197,CN-2605-ZPPP-GOPTO-01,ZPPP-GOPTO-01,4
CN,2605,IDOPA,ANDIM,W197,CN-2605-ZPPP-SARIN-01,ZPPP-SARIN-01,4
CN,2605,IDOPA,ANDIM,W197,CN-2605-ZSNJ-KAMUD-01,ZSNJ-KAMUD-01,5
CN,2605,IDOPA,ANDIM,W197,CN-2605-ZSNJ-SARIN-01,ZSNJ-SARIN-01,5
CN,2605,IDOPA,ANDIM,W197,CN-2605-ZUCK-KAMUD-01,ZUCK-KAMUD-01,4
CN,2605,IDOPA,ANDIM,W197,CN-2605-ZUCK-PURPA-01,ZUCK-PURPA-01,4
CN,2605,IDOPA,ANDIM,W197,CN-2605-ZUCK-RULAD-01,ZUCK-RULAD-01,4
CN,2605,IDOPA,ANDIM,W197,CN-2605-ZUCK-SARIN-01,ZUCK-SARIN-01,4
CN,2605,IDOPA,ANDIM,W197,CN-2605-ZUGY-SARIN-02,ZUGY-SARIN-02,3
CN,2605,IDOPA,ANDIM,W197,CN-2605-ZUTF-AGVUT-01R,ZUTF-AGVUT-01R,3
CN,2605,IDOPA,ANDIM,W197,CN-2605-ZUTF-KAMUD-01,ZUTF-KAMUD-01,3
CN,2605,IDOPA,ANDIM,W197,CN-2605-ZUTF-KAMUD-02,ZUTF-KAMUD-02,3
CN,2605,IDOPA,ANDIM,W197,CN-2605-ZUTF-KAMUD-04,ZUTF-KAMUD-04,3
CN,2605,IDOPA,ANDIM,W197,CN-2605-ZUTF-PURPA-01,ZUTF-PURPA-01,3
CN,2605,IDOPA,ANDIM,W197,CN-2605-ZUTF-RULAD-01,ZUTF-RULAD-01,3
CN,2605,IDOPA,ANDIM,W197,CN-2605-ZUTF-SARIN-01,ZUTF-SARIN-01,3
CN,2605,IDOPA,ANDIM,W197,CN-2605-ZUUU-GOPTO-01,ZUUU-GOPTO-01,3
CN,2605,IDOPA,ANDIM,W197,CN-2605-ZUUU-GOPTO-02,ZUUU-GOPTO-02,3
CN,2605,IDOPA,ANDIM,W197,CN-2605-ZUUU-KAMUD-01,ZUUU-KAMUD-01,3
CN,2605,IDOPA,ANDIM,W197,CN-2605-ZUUU-KAMUD-02,ZUUU-KAMUD-02,3
CN,2605,IDOPA,ANDIM,W197,CN-2605-ZUUU-PURPA-01,ZUUU-PURPA-01,3
CN,2605,IDOPA,ANDIM,W197,CN-2605-ZUUU-RULAD-01,ZUUU-RULAD-01,3
CN,2605,IDOPA,ANDIM,W197,CN-2605-ZUUU-SARIN-01,ZUUU-SARIN-01,3
CN,2605,IDOPA,ESPED,W195,CN-2605-ZLXY-RULAD-01,ZLXY-RULAD-01,5
CN,2605,IDOPA,ESPED,W195,CN-2605-ZLXY-SARIN-02,ZLXY-SARIN-02,5
CN,2605,IDOPA,MORIT,W195,CN-2605-ZLXY-MORIT-01,ZLXY-MORIT-01,5
CN,2605,IDPOG,DUGEB,W56,CN-2605-LINSO-ZBAA-01,LINSO-ZBAA-01,3
CN,2605,IDPOG,DUGEB,W56,CN-2605-SAGAG-ZBAA-01,SAGAG-ZBAA-01,2
CN,2605,IDPOG,GUVRI,W56,CN-2605-LINSO-ZBTJ-01,LINSO-ZBTJ-01,3
CN,2605,IDPOG,GUVRI,W56,CN-2605-SAGAG-ZBTJ-01,SAGAG-ZBTJ-01,2
CN,2605,IDPOG,IGMIG,W56,CN-2605-LINSO-ZHCC-01,LINSO-ZHCC-01,3
CN,2605,IDPOG,OBMEP,W56,CN-2605-LINSO-ZBHH-01,LINSO-ZBHH-01,3
CN,2605,IDPOG,ORODO,W56,CN-2605-LINSO-ZBAD-01,LINSO-ZBAD-01,3
CN,2605,IDPOG,ORODO,W56,CN-2605-SAGAG-ZBAD-01,SAGAG-ZBAD-01,2
CN,2605,IDPOG,REPUV,W56,CN-2605-LINSO-ZSCN-01,LINSO-ZSCN-01,3
CN,2605,IDPOG,VADMO,W56,CN-2605-LINSO-AGAVO,LINSO-AGAVO,3
CN,2605,IDPOG,VADMO,W56,CN-2605-LINSO-ZSJN-01,LINSO-ZSJN-01,3
CN,2605,IDPOG,VADMO,W56,CN-2605-LINSO-ZSQD-01,LINSO-ZSQD-01,3
CN,2605,IDPOG,VADMO,W56,CN-2605-LINSO-ZSYT-01,LINSO-ZSYT-01,3
CN,2605,IDPOG,VADMO,W56,CN-2605-RKL-AGAVO,RKL-AGAVO,27
CN,2605,IDPOG,VADMO,W56,CN-2605-ZPPP-AGAVO-01,ZPPP-AGAVO-01,3
CN,2605,IDPOG,VADMO,W56,CN-2605-ZUGY-AGAVO-01,ZUGY-AGAVO-01,4
CN,2605,IDPOG,VYK,W56,CN-2605-LINSO-BISUN,LINSO-BISUN,3
CN,2605,IDPOG,VYK,W56,CN-2605-SAGAG-BISUN,SAGAG-BISUN,2
CN,2605,IDPOG,WHA,A581,CN-2605-BEKOL-ZSLY-01,BEKOL-ZSLY-01,3
CN,2605,IDPOG,WHA,A581,CN-2605-BEKOL-ZSOF-01,BEKOL-ZSOF-01,3
CN,2605,IDPOG,WHA,A581,CN-2605-BEKOL-ZSSH-01,BEKOL-ZSSH-01,3
CN,2605,IDPOG,WHA,A581,CN-2605-BEKOL-ZSYA-01,BEKOL-ZSYA-01,3
CN,2605,IDPOG,WHA,A581,CN-2605-TEBAK-AGAVO,TEBAK-AGAVO,5
CN,2605,IDPOG,WHA,A581,CN-2605-TEBAK-WHA-SADLI,TEBAK-WHA-SADLI,5
CN,2605,IDPOG,WHA,A581,CN-2605-TEBAK-ZSLY-01,TEBAK-ZSLY-01,5
CN,2605,IDPOG,WHA,A581,CN-2605-TEBAK-ZSNJ-01,TEBAK-ZSNJ-01,5
CN,2605,IDPOG,WHA,A581,CN-2605-TEBAK-ZSNT-01,TEBAK-ZSNT-01,5
CN,2605,IDPOG,WHA,A581,CN-2605-TEBAK-ZSOF-01,TEBAK-ZSOF-01,5
CN,2605,IDPOG,WHA,A581,CN-2605-TEBAK-ZSPD-01,TEBAK-ZSPD-01,5
CN,2605,IDPOG,WHA,A581,CN-2605-TEBAK-ZSSH-01,TEBAK-ZSSH-01,5
CN,2605,IDPOG,WHA,A581,CN-2605-TEBAK-ZSSS-01,TEBAK-ZSSS-01,5
CN,2605,IDPOG,WHA,A581,CN-2605-TEBAK-ZSXZ-01,TEBAK-ZSXZ-01,5
CN,2605,IDPOG,WHA,A581,CN-2605-TEBAK-ZSYA-01,TEBAK-ZSYA-01,5
CN,2605,IDPOG,WHA,A581,CN-2605-VHHH-ZSOF-01,VHHH-ZSOF-01,3
CN,2605,IDPOG,WHA,A581,CN-2605-VMMC-ZSOF-01,VMMC-ZSOF-01,6
CN,2605,IDPOG,WHA,A581,CN-2605-ZGHA-LAMEN-01,ZGHA-LAMEN-01,2
CN,2605,IDPOG,WHA,A581,CN-2605-ZGKL-LAMEN-01,ZGKL-LAMEN-01,4
CN,2605,IDPOG,WHA,A581,CN-2605-ZGNN-LAMEN-01,ZGNN-LAMEN-01,4
CN,2605,IDPUG,ELASU,W147,CN-2605-VHHH-ZPJH-01,VHHH-ZPJH-01,4
CN,2605,IDPUG,GODUL,W225,CN-2605-ZPJH-VHHH-01,ZPJH-VHHH-01,3
CN,2605,IDSID,URGUS,W30,CN-2605-KATBO-ZUCK-01,KATBO-ZUCK-01,5
CN,2605,IDSID,URGUS,W30,CN-2605-LINSO-ZUCK-01,LINSO-ZUCK-01,4
CN,2605,IDSID,URGUS,W30,CN-2605-SAGAG-ZUCK-01,SAGAG-ZUCK-01,4
CN,2605,IDSOT,DKO,W48,CN-2605-AGAVO-W104-SARIN,AGAVO-W104-SARIN,11
CN,2605,IDSOT,LOVRA,W47,CN-2605-ZBOW-SAGAG-01,ZBOW-SAGAG-01,3
CN,2605,IDUGI,UBKER,B330,CN-2605-ZLIC-KATBO-01,ZLIC-KATBO-01,2
CN,2605,IDUGI,UBKER,B330,CN-2605-ZLIC-LINSO-01,ZLIC-LINSO-01,2
CN,2605,IDUGI,UBKER,B330,CN-2605-ZLIC-SAGAG-01,ZLIC-SAGAG-01,2
CN,2605,IDUMA,OMDUP,W41,CN-2605-VMMC-SADLI,VMMC-SADLI,1
CN,2605,IDUMA,OMDUP,W41,CN-2605-VMMC-ZSCN-01,VMMC-ZSCN-01,1
CN,2605,IDUMA,OMDUP,W41,CN-2605-ZGSZ-LAMEN-01,ZGSZ-LAMEN-01,1
CN,2605,IDUMA,TEPID,W22,CN-2605-ZGSZ-SARIN-02,ZGSZ-SARIN-02,1
CN,2605,IGADO,ARGUK,G212,CN-2605-ZYHB-ARGUK-01,ZYHB-ARGUK-01,1
CN,2605,IGDEG,NIXEP,W173,CN-2605-VHHH-ZYTL-02,VHHH-ZYTL-02,8
CN,2605,IGDEG,NIXEP,W173,CN-2605-VHHH-ZYTL-03,VHHH-ZYTL-03,6
CN,2605,IGDEG,NIXEP,W173,CN-2605-ZSQD-ARGUK-01,ZSQD-ARGUK-01,2
CN,2605,IGDEG,NIXEP,W173,CN-2605-ZSQD-SIMLI-01,ZSQD-SIMLI-01,2
CN,2605,IGDOB,XNN,W111,CN-2605-RCTP-ZLXN-01,RCTP-ZLXN-01,8
CN,2605,IGDOB,XNN,W111,CN-2605-SAGAG-ZLXN-01,SAGAG-ZLXN-01,5
CN,2605,IGIRO,LIMGI,W4,CN-2605-ZUCK-AGAVO-01,ZUCK-AGAVO-01,2
CN,2605,IGIRO,LIMGI,W4,CN-2605-ZUCK-ARGUK-01,ZUCK-ARGUK-01,2
CN,2605,IGIRO,LIMGI,W4,CN-2605-ZUCK-SIMLI-01,ZUCK-SIMLI-01,2
CN,2605,IGMOR,ENVAV,W36,CN-2605-BEKOL-ZYTX-01,BEKOL-ZYTX-01,5
CN,2605,IGMOR,ENVAV,W36,CN-2605-SAGAG-ZYTX-01,SAGAG-ZYTX-01,9
CN,2605,IGMOR,ENVAV,W36,CN-2605-TEBAK-GOLOT,TEBAK-GOLOT,7
CN,2605,IGMOR,ENVAV,W36,CN-2605-TEBAK-ZYTX-01,TEBAK-ZYTX-01,7
CN,2605,IGMOR,ENVAV,W36,CN-2605-VHHH-ZYTX-01,VHHH-ZYTX-01,5
CN,2605,IGMOR,ENVAV,W36,CN-2605-VMMC-GOLOT,VMMC-GOLOT,8
CN,2605,IGMOR,ENVAV,W36,CN-2605-VMMC-ZYTX-01,VMMC-ZYTX-01,8
CN,2605,IGNAK,JTG,W179,CN-2605-KATBO-ZBDS-01,KATBO-ZBDS-01,4
CN,2605,IGNAK,JTG,W179,CN-2605-LINSO-ZBAA-02,LINSO-ZBAA-02,3
CN,2605,IGNAK,JTG,W179,CN-2605-SAGAG-NIXAL,SAGAG-NIXAL,3
CN,2605,IGNAK,JTG,W179,CN-2605-SAGAG-ZBAA-02,SAGAG-ZBAA-02,3
CN,2605,IGNAK,JTG,W179,CN-2605-SAGAG-ZBDS-01,SAGAG-ZBDS-01,3
CN,2605,IGNAK,JTG,W179,CN-2605-SAGAG-ZBHH-01,SAGAG-ZBHH-01,3
CN,2605,IGNAK,JTG,W179,CN-2605-SAGAG-ZBOW-01,SAGAG-ZBOW-01,3
CN,2605,IGNAK,JTG,W179,CN-2605-ZPPP-ARGUK-01,ZPPP-ARGUK-01,2
CN,2605,IGNAK,OMBON,W179,CN-2605-KATBO-MORIT,KATBO-MORIT,4
CN,2605,IGNAK,OMBON,W179,CN-2605-KATBO-ZLIC-01,KATBO-ZLIC-01,4
CN,2605,IGNAK,OMBON,W179,CN-2605-KATBO-ZLLL-01,KATBO-ZLLL-01,4
CN,2605,IGNAK,OMBON,W179,CN-2605-LINSO-MORIT,LINSO-MORIT,3
CN,2605,IGNAK,OMBON,W179,CN-2605-LINSO-RULAD,LINSO-RULAD,3
CN,2605,IGNAK,OMBON,W179,CN-2605-LINSO-SARIN,LINSO-SARIN,3
CN,2605,IGNAK,OMBON,W179,CN-2605-LINSO-ZLIC-01,LINSO-ZLIC-01,3
CN,2605,IGNAK,OMBON,W179,CN-2605-LINSO-ZLLL-01,LINSO-ZLLL-01,3
CN,2605,IGNAK,OMBON,W179,CN-2605-SAGAG-G470-RULAD,SAGAG-G470-RULAD,3
CN,2605,IGNAK,OMBON,W179,CN-2605-SAGAG-G470-SARIN,SAGAG-G470-SARIN,3
CN,2605,IGNAK,OMBON,W179,CN-2605-SAGAG-KAMUD,SAGAG-KAMUD,3
CN,2605,IGNAK,OMBON,W179,CN-2605-SAGAG-MORIT,SAGAG-MORIT,3
CN,2605,IGNAK,OMBON,W179,CN-2605-SAGAG-RULAD,SAGAG-RULAD,3
CN,2605,IGNAK,OMBON,W179,CN-2605-SAGAG-SARIN,SAGAG-SARIN,3
CN,2605,IGNAK,OMBON,W179,CN-2605-SAGAG-Y1-RULAD,SAGAG-Y1-RULAD,3
CN,2605,IGNAK,OMBON,W179,CN-2605-SAGAG-ZLDH-01,SAGAG-ZLDH-01,3
CN,2605,IGNAK,OMBON,W179,CN-2605-SAGAG-ZLIC-01,SAGAG-ZLIC-01,3
CN,2605,IGNAK,OMBON,W179,CN-2605-SAGAG-ZLLL-01,SAGAG-ZLLL-01,3
CN,2605,IGNAK,OMBON,W179,CN-2605-SAGAG-ZLXN-01,SAGAG-ZLXN-01,3
CN,2605,IGNAK,OMBON,W179,CN-2605-SAGAG-ZWWW-01,SAGAG-ZWWW-01,3
CN,2605,IGNAK,OMBON,W179,CN-2605-SAGAG-ZWWW-02,SAGAG-ZWWW-02,3
CN,2605,IGNAK,OMBON,W179,CN-2605-SIKOU-SARIN,SIKOU-SARIN,4
CN,2605,IGNAK,OMBON,W179,CN-2605-ZPPP-GOPTO-01,ZPPP-GOPTO-01,2
CN,2605,IGNAK,OMBON,W179,CN-2605-ZPPP-MORIT-01,ZPPP-MORIT-01,2
CN,2605,IGNAK,OMBON,W179,CN-2605-ZPPP-SARIN-01,ZPPP-SARIN-01,2
CN,2605,IGNAK,OMBON,W179,CN-2605-ZPPP-SARIN-02,ZPPP-SARIN-02,2
CN,2605,IGNAK,WFX,W179,CN-2605-KATBO-ZLXY-01,KATBO-ZLXY-01,4
CN,2605,IGNAK,WFX,W179,CN-2605-LINSO-ZBAD-02,LINSO-ZBAD-02,3
CN,2605,IGNAK,WFX,W179,CN-2605-LINSO-ZBSJ-01,LINSO-ZBSJ-01,3
CN,2605,IGNAK,WFX,W179,CN-2605-LINSO-ZBTJ-02,LINSO-ZBTJ-02,3
CN,2605,IGNAK,WFX,W179,CN-2605-LINSO-ZBYN-01,LINSO-ZBYN-01,3
CN,2605,IGNAK,WFX,W179,CN-2605-LINSO-ZLXY-01,LINSO-ZLXY-01,3
CN,2605,IGNAK,WFX,W179,CN-2605-LINSO-ZSQD-02,LINSO-ZSQD-02,3
CN,2605,IGNAK,WFX,W179,CN-2605-SAGAG-ZBSJ-01,SAGAG-ZBSJ-01,3
CN,2605,IGNAK,WFX,W179,CN-2605-SAGAG-ZBYN-01,SAGAG-ZBYN-01,3
CN,2605,IGNAK,WFX,W179,CN-2605-SAGAG-ZLXY-01,SAGAG-ZLXY-01,3
CN,2605,IGNAK,WFX,W179,CN-2605-SAGAG-ZSJN-01,SAGAG-ZSJN-01,3
CN,2605,IGNAK,WFX,W179,CN-2605-SAGAG-ZYTX-01,SAGAG-ZYTX-01,3
CN,2605,IKADI,GORPI,W113,CN-2605-LAMEN-ZSQD-01,LAMEN-ZSQD-01,3
CN,2605,IKADI,OMLIB,A326,CN-2605-ZSNJ-AGAVO-01,ZSNJ-AGAVO-01,5
CN,2605,IKADI,OMLIB,A326,CN-2605-ZSNJ-AGAVO-02,ZSNJ-AGAVO-02,3
CN,2605,IKADI,OMLIB,A326,CN-2605-ZSXZ-AGAVO-01,ZSXZ-AGAVO-01,4
CN,2605,IKADI,OMLIB,A326,CN-2605-ZSYA-AGAVO-01,ZSYA-AGAVO-01,3
CN,2605,IKADI,OMLIB,A326,CN-2605-ZSYN-AGAVO-01,ZSYN-AGAVO-01,2
CN,2605,IKADI,SOSMA,W113,CN-2605-AGAVO-ZSPD-02,AGAVO-ZSPD-02,3
CN,2605,IKADI,SURAK,A326,CN-2605-ZSNJ-LAMEN-03,ZSNJ-LAMEN-03,3
CN,2605,IKADI,YCH,W113,CN-2605-AGAVO-ZSNJ-01,AGAVO-ZSNJ-01,3
CN,2605,IKADI,YCH,W113,CN-2605-AGAVO-ZSNJ-02,AGAVO-ZSNJ-02,3
CN,2605,IKADI,YCH,W113,CN-2605-AGAVO-ZSXZ-01,AGAVO-ZSXZ-01,3
CN,2605,IKADI,YCH,W113,CN-2605-AGAVO-ZSYA-01,AGAVO-ZSYA-01,3
CN,2605,IKADI,YCH,W113,CN-2605-AGAVO-ZSYN-01,AGAVO-ZSYN-01,3
CN,2605,IKADI,YCH,W113,CN-2605-LAMEN-ZSNJ-02,LAMEN-ZSNJ-02,3
CN,2605,IKADI,YCH,W113,CN-2605-LAMEN-ZSSH-02,LAMEN-ZSSH-02,3
CN,2605,IKARU,MZL,W606,CN-2605-SARUL-ZBMZ-01,SARUL-ZBMZ-01,2
CN,2605,IKARU,SARUL,G338,CN-2605-ZBMZ-SARUL-01,ZBMZ-SARUL-01,2
CN,2605,IKATA,BEBEM,A470,CN-2605-ZSAM-ASSAD-01,ZSAM-ASSAD-01,2
CN,2605,IKATA,BEBEM,A470,CN-2605-ZSAM-LINSO-01,ZSAM-LINSO-01,2
CN,2605,IKATA,BEBEM,A470,CN-2605-ZSAM-RCKH-01,ZSAM-RCKH-01,2
CN,2605,IKATA,BEBEM,A470,CN-2605-ZSAM-RCSS-01,ZSAM-RCSS-01,2
CN,2605,IKATA,BEBEM,A470,CN-2605-ZSAM-RCTP-01,ZSAM-RCTP-01,2
CN,2605,IKATA,BEBEM,A470,CN-2605-ZSAM-RCYU-01,ZSAM-RCYU-01,2
CN,2605,IKATA,BEBEM,A470,CN-2605-ZSAM-TEBAK-01,ZSAM-TEBAK-01,2
CN,2605,IKATA,MAGOG,A470,CN-2605-ZSAM-MAGOG-01,ZSAM-MAGOG-01,2
CN,2605,IKATA,MAGOG,A470,CN-2605-ZSAM-VHHH-01,ZSAM-VHHH-01,2
CN,2605,IKATA,MAGOG,A470,CN-2605-ZSAM-VMMC-01,ZSAM-VMMC-01,2
CN,2605,IKATA,MAGOG,A470,CN-2605-ZSQZ-MAGOG-01,ZSQZ-MAGOG-01,2
CN,2605,IKATA,MAGOG,A470,CN-2605-ZSQZ-VHHH-01,ZSQZ-VHHH-01,2
CN,2605,IKEKA,AGAVO,A591,CN-2605-BEKOL-AGAVO,BEKOL-AGAVO,8
CN,2605,IKEKA,AGAVO,A591,CN-2605-LINSO-AGAVO,LINSO-AGAVO,9
CN,2605,IKEKA,AGAVO,A591,CN-2605-RKL-AGAVO,RKL-AGAVO,33
CN,2605,IKEKA,AGAVO,A591,CN-2605-TEBAK-AGAVO,TEBAK-AGAVO,9
CN,2605,IKEKA,AGAVO,A591,CN-2605-ZGHA-AGAVO-01,ZGHA-AGAVO-01,7
CN,2605,IKEKA,AGAVO,A591,CN-2605-ZHCC-AGAVO-01,ZHCC-AGAVO-01,7
CN,2605,IKEKA,AGAVO,A591,CN-2605-ZHEC-AGAVO-01,ZHEC-AGAVO-01,7
CN,2605,IKEKA,AGAVO,A591,CN-2605-ZHHH-AGAVO-01,ZHHH-AGAVO-01,7
CN,2605,IKEKA,AGAVO,A591,CN-2605-ZPPP-AGAVO-01,ZPPP-AGAVO-01,9
CN,2605,IKEKA,AGAVO,A591,CN-2605-ZSJN-AGAVO-01,ZSJN-AGAVO-01,2
CN,2605,IKEKA,AGAVO,A591,CN-2605-ZSWH-AGAVO-01,ZSWH-AGAVO-01,2
CN,2605,IKEKA,AGAVO,A591,CN-2605-ZSYT-AGAVO-01,ZSYT-AGAVO-01,2
CN,2605,IKEKA,AGAVO,A591,CN-2605-ZUGY-AGAVO-01,ZUGY-AGAVO-01,10
CN,2605,IKEKA,AKARA,A326,CN-2605-AGAVO-TAMOT,AGAVO-TAMOT,2
CN,2605,IKEKA,AKARA,A326,CN-2605-AGAVO-TEBAK,AGAVO-TEBAK,2
CN,2605,IKEKA,AKARA,A326,CN-2605-AGAVO-VHHH,AGAVO-VHHH,2
CN,2605,IKEKA,AKARA,A326,CN-2605-ZSYT-MAGOG-01,ZSYT-MAGOG-01,2
CN,2605,IKEKA,BASOV,W4,CN-2605-AGAVO-ZSJN-01,AGAVO-ZSJN-01,2
CN,2605,IKEKA,FZ,W4,CN-2605-AGAVO-ZSYT-01,AGAVO-ZSYT-01,2
CN,2605,IKEKA,FZ,W4,CN-2605-RCKH-ZSYT-01,RCKH-ZSYT-01,3
CN,2605,IKEKA,FZ,W4,CN-2605-RCTP-ZSYT-01,RCTP-ZSYT-01,3
CN,2605,IKEKA,FZ,W4,CN-2605-RCYU-ZSYT-01,RCYU-ZSYT-01,3
CN,2605,IKEKA,HCH,W4,CN-2605-AGAVO-B339-KAMUD,AGAVO-B339-KAMUD,2
CN,2605,IKEKA,HCH,W4,CN-2605-AGAVO-B339-PURPA,AGAVO-B339-PURPA,2
CN,2605,IKEKA,HCH,W4,CN-2605-AGAVO-B339-RULAD,AGAVO-B339-RULAD,2
CN,2605,IKEKA,HCH,W4,CN-2605-AGAVO-B339-SARIN,AGAVO-B339-SARIN,2
CN,2605,IKEKA,HCH,W4,CN-2605-AGAVO-B339-SRK,AGAVO-B339-SRK,2
CN,2605,IKEKA,HCH,W4,CN-2605-AGAVO-B339-SRK,AGAVO-B339-SRK,15
CN,2605,IKEKA,HCH,W4,CN-2605-AGAVO-B339-SRK,AGAVO-B339-SRK,29
CN,2605,IKEKA,HCH,W4,CN-2605-AGAVO-KAMUD,AGAVO-KAMUD,2
CN,2605,IKEKA,HCH,W4,CN-2605-AGAVO-POLHO,AGAVO-POLHO,2
CN,2605,IKEKA,HCH,W4,CN-2605-AGAVO-RK,AGAVO-RK,2
CN,2605,IKEKA,HCH,W4,CN-2605-AGAVO-RK,AGAVO-RK,15
CN,2605,IKEKA,HCH,W4,CN-2605-AGAVO-RKL,AGAVO-RKL,2
CN,2605,IKEKA,HCH,W4,CN-2605-AGAVO-RKL,AGAVO-RKL,15
CN,2605,IKEKA,HCH,W4,CN-2605-AGAVO-RULAD,AGAVO-RULAD,2
CN,2605,IKEKA,HCH,W4,CN-2605-AGAVO-SARIN,AGAVO-SARIN,2
CN,2605,IKEKA,HCH,W4,CN-2605-AGAVO-W104-SARIN,AGAVO-W104-SARIN,2
CN,2605,IKEKA,HCH,W4,CN-2605-AGAVO-W112-PURPA,AGAVO-W112-PURPA,2
CN,2605,IKEKA,HCH,W4,CN-2605-AGAVO-ZBAA-01,AGAVO-ZBAA-01,2
CN,2605,IKEKA,HCH,W4,CN-2605-AGAVO-ZBAD-01,AGAVO-ZBAD-01,2
CN,2605,IKEKA,HCH,W4,CN-2605-AGAVO-ZBDS-01,AGAVO-ZBDS-01,2
CN,2605,IKEKA,HCH,W4,CN-2605-AGAVO-ZBHH-01,AGAVO-ZBHH-01,2
CN,2605,IKEKA,HCH,W4,CN-2605-AGAVO-ZBOW-01,AGAVO-ZBOW-01,2
CN,2605,IKEKA,HCH,W4,CN-2605-AGAVO-ZBSJ-01,AGAVO-ZBSJ-01,2
CN,2605,IKEKA,HCH,W4,CN-2605-AGAVO-ZBTJ-01,AGAVO-ZBTJ-01,2
CN,2605,IKEKA,HCH,W4,CN-2605-AGAVO-ZBYN-01,AGAVO-ZBYN-01,2
CN,2605,IKEKA,HCH,W4,CN-2605-AGAVO-ZLIC-01,AGAVO-ZLIC-01,2
CN,2605,IKEKA,HCH,W4,CN-2605-AGAVO-ZLXY-01,AGAVO-ZLXY-01,2
CN,2605,IKEKA,HCH,W4,CN-2605-AGAVO-ZUTF-01,AGAVO-ZUTF-01,2
CN,2605,IKEKA,HCH,W4,CN-2605-AGAVO-ZUUU-01,AGAVO-ZUUU-01,2
CN,2605,IKEKA,IPNIT,W4,CN-2605-AGAVO-LINSO,AGAVO-LINSO,2
CN,2605,IKEKA,IPNIT,W4,CN-2605-AGAVO-RKL,AGAVO-RKL,28
CN,2605,IKEKA,IPNIT,W4,CN-2605-AGAVO-ZGHA-01,AGAVO-ZGHA-01,2
CN,2605,IKEKA,IPNIT,W4,CN-2605-AGAVO-ZHEC-01,AGAVO-ZHEC-01,2
CN,2605,IKEKA,IPNIT,W4,CN-2605-AGAVO-ZHHH-01,AGAVO-ZHHH-01,2
CN,2605,IKEKA,IPNIT,W4,CN-2605-AGAVO-ZPPP-01,AGAVO-ZPPP-01,2
CN,2605,IKEKA,IPNIT,W4,CN-2605-AGAVO-ZUGY-01,AGAVO-ZUGY-01,2
CN,2605,IKEKA,LIMGI,W4,CN-2605-AGAVO-ZUCK-01,AGAVO-ZUCK-01,2
CN,2605,IKEKA,LIMGI,W4,CN-2605-AGAVO-ZUTF-02,AGAVO-ZUTF-02,2
CN,2605,IKEKA,LIMGI,W4,CN-2605-AGAVO-ZUUU-02,AGAVO-ZUUU-02,2
CN,2605,IKEKA,MIGOL,A326,CN-2605-ZSYT-RCKH-01,ZSYT-RCKH-01,2
CN,2605,IKEKA,MIGOL,A326,CN-2605-ZSYT-RCTP-01,ZSYT-RCTP-01,2
CN,2605,IKEKA,MIGOL,A326,CN-2605-ZSYT-RCYU-01,ZSYT-RCYU-01,2
CN,2605,IKEKA,TAMIX,W4,CN-2605-AGAVO-ZHCC-01,AGAVO-ZHCC-01,2
CN,2605,IKEKA,WEH,W4,CN-2605-AGAVO-ZSWH-01,AGAVO-ZSWH-01,2
CN,2605,IKELA,BEKOL,DCT,CN-2605-ZJSY-LAMEN-02,ZJSY-LAMEN-02,4
CN,2605,IKELA,BUNTA,A1,CN-2605-ZGGG-BUNTA-01,ZGGG-BUNTA-01,3
CN,2605,IKELA,DOTMI,DCT,CN-2605-BUNTA-ZGOW-01,BUNTA-ZGOW-01,2
CN,2605,IKELA,MAGOG,DCT,CN-2605-BUNTA-ZSAM-01,BUNTA-ZSAM-01,2
CN,2605,IKELA,MAGOG,DCT,CN-2605-BUNTA-ZSFZ-01,BUNTA-ZSFZ-01,2
CN,2605,IKELA,MAGOG,DCT,CN-2605-BUNTA-ZSHC-01,BUNTA-ZSHC-01,2
CN,2605,IKELA,MAGOG,DCT,CN-2605-BUNTA-ZSNB-01,BUNTA-ZSNB-01,2
CN,2605,IKELA,TAMOT,DCT,CN-2605-BUNTA-ZGGG-01,BUNTA-ZGGG-01,2
CN,2605,IKITI,HLD,A345,CN-2605-TEBAK-ZBLA-01,TEBAK-ZBLA-01,9
CN,2605,IKITI,HLD,A345,CN-2605-VHHH-ZBLA-01,VHHH-ZBLA-01,7
CN,2605,IKITI,TELOK,A345,CN-2605-ZBAA-TELOK-01,ZBAA-TELOK-01,3
CN,2605,IKITI,TGO,W27,CN-2605-TELOK-ZBAA-01,TELOK-ZBAA-01,2
CN,2605,IKITI,TGO,W27,CN-2605-ZBLA-VHHH-01,ZBLA-VHHH-01,2
CN,2605,IKUBA,XSH,W50,CN-2605-ZSOF-LINSO-01,ZSOF-LINSO-01,1
CN,2605,IKUBA,XSH,W50,CN-2605-ZSOF-SAGAG-01,ZSOF-SAGAG-01,1
CN,2605,IKUBA,XSH,W50,CN-2605-ZSOF-TAMOT-01,ZSOF-TAMOT-01,1
CN,2605,IKUBA,XSH,W50,CN-2605-ZSOF-TEBAK-01,ZSOF-TEBAK-01,1
CN,2605,IKUBA,XSH,W50,CN-2605-ZSOF-VHHH-01,ZSOF-VHHH-01,1
CN,2605,IKUBA,XSH,W50,CN-2605-ZSOF-VMMC-02,ZSOF-VMMC-02,1
CN,2605,INTIK,HET,W32,CN-2605-INTIK-SADLI,INTIK-SADLI,1
CN,2605,INTIK,HET,W32,CN-2605-INTIK-TEBAK,INTIK-TEBAK,1
CN,2605,INTIK,HET,W32,CN-2605-INTIK-ZBDS-01,INTIK-ZBDS-01,1
CN,2605,INTIK,HET,W32,CN-2605-INTIK-ZBSJ-01,INTIK-ZBSJ-01,1
CN,2605,INTIK,HET,W32,CN-2605-INTIK-ZLXY-01,INTIK-ZLXY-01,1
CN,2605,INTIK,HET,W32,CN-2605-INTIK-ZSNJ-01,INTIK-ZSNJ-01,1
CN,2605,INTIK,LHT,A575,CN-2605-INTIK-TAMOT,INTIK-TAMOT,1
CN,2605,INTIK,LHT,A575,CN-2605-INTIK-VHHH,INTIK-VHHH,1
CN,2605,INTIK,LHT,A575,CN-2605-INTIK-ZBAA-01,INTIK-ZBAA-01,1
CN,2605,INTIK,LHT,A575,CN-2605-INTIK-ZBAD-01,INTIK-ZBAD-01,1
CN,2605,INTIK,LHT,A575,CN-2605-INTIK-ZBER-01,INTIK-ZBER-01,1
CN,2605,INTIK,LHT,A575,CN-2605-INTIK-ZBHH-01,INTIK-ZBHH-01,1
CN,2605,INTIK,LHT,A575,CN-2605-INTIK-ZBTJ-01,INTIK-ZBTJ-01,1
CN,2605,INTIK,LHT,A575,CN-2605-INTIK-ZGSZ-01,INTIK-ZGSZ-01,1
CN,2605,INTIK,LHT,A575,CN-2605-INTIK-ZYCC-01,INTIK-ZYCC-01,1
CN,2605,INTIK,OMDUS,A575,CN-2605-INTIK-ZYTX-01,INTIK-ZYTX-01,1
CN,2605,IPDAT,NUKTI,W66,CN-2605-MORIT-ZWWW-01,MORIT-ZWWW-01,2
CN,2605,IPDOX,MIGIR,W277,CN-2605-ZUTF-ARGUK-01,ZUTF-ARGUK-01,2
CN,2605,IPDOX,MIGIR,W277,CN-2605-ZUTF-POLHO-01,ZUTF-POLHO-01,2
CN,2605,IPDOX,MIGIR,W277,CN-2605-ZUUU-ARGUK-01,ZUUU-ARGUK-01,2
CN,2605,IPDOX,MIGIR,W277,CN-2605-ZUUU-NIXAL-01,ZUUU-NIXAL-01,2
CN,2605,IPDOX,MIGIR,W277,CN-2605-ZUUU-POLHO-01,ZUUU-POLHO-01,2
CN,2605,IPDOX,MIGIR,W277,CN-2605-ZUUU-SIMLI-01,ZUUU-SIMLI-01,2
CN,2605,IPLEV,DADGA,B458,CN-2605-ZBAA-TAMOT-01,ZBAA-TAMOT-01,2
CN,2605,IPLEV,DADGA,B458,CN-2605-ZBAA-VHHH-01,ZBAA-VHHH-01,2
CN,2605,IPLEV,DADGA,B458,CN-2605-ZBAA-VMMC-01,ZBAA-VMMC-01,2
CN,2605,IPLEV,SQ,W45,CN-2605-ZBDT-VHHH-01,ZBDT-VHHH-01,2
CN,2605,IPMUG,BIVAV,W611,CN-2605-VHHH-ZGDY-01,VHHH-ZGDY-01,4
CN,2605,IPMUG,BIVAV,W611,CN-2605-ZGHA-LINSO-01,ZGHA-LINSO-01,2
CN,2605,IPNIT,DUBAS,W37,CN-2605-AGAVO-LINSO,AGAVO-LINSO,3
CN,2605,IPNIT,DUBAS,W37,CN-2605-AGAVO-RKL,AGAVO-RKL,29
CN,2605,IPNIT,DUBAS,W37,CN-2605-AGAVO-ZPPP-01,AGAVO-ZPPP-01,3
CN,2605,IPNIT,DUBAS,W37,CN-2605-AGAVO-ZUGY-01,AGAVO-ZUGY-01,3
CN,2605,IPNIT,DUBAS,W37,CN-2605-ZSJN-LINSO-01,ZSJN-LINSO-01,2
CN,2605,IPNIT,DUBAS,W37,CN-2605-ZSQD-LINSO-01,ZSQD-LINSO-01,4
CN,2605,IPNIT,DUBAS,W37,CN-2605-ZSYT-LINSO-01,ZSYT-LINSO-01,2
CN,2605,IPNIT,ENLAB,W37,CN-2605-AGAVO-ZHEC-01,AGAVO-ZHEC-01,3
CN,2605,IPNIT,GUSIV,W37,CN-2605-AGAVO-ZGHA-01,AGAVO-ZGHA-01,3
CN,2605,IPNIT,GUSIV,W37,CN-2605-MAGIT-ZGHA-01,MAGIT-ZGHA-01,7
CN,2605,IPNIT,OLMIB,W37,CN-2605-ZSJN-TEBAK-01,ZSJN-TEBAK-01,2
CN,2605,IPNIT,OMBEB,W37,CN-2605-ZSJN-TAMOT-01,ZSJN-TAMOT-01,2
CN,2605,IPNIT,OMBEB,W37,CN-2605-ZSJN-VHHH-01,ZSJN-VHHH-01,2
CN,2605,IPNIT,OMBEB,W37,CN-2605-ZYTL-TAMOT-01,ZYTL-TAMOT-01,3
CN,2605,IPNIT,OMBEB,W37,CN-2605-ZYTL-VHHH-01,ZYTL-VHHH-01,3
CN,2605,IPNIT,PONUD,W37,CN-2605-AGAVO-ZHHH-01,AGAVO-ZHHH-01,3
CN,2605,IPNIT,PONUD,W37,CN-2605-BISUN-ZHHH-01,BISUN-ZHHH-01,7
CN,2605,IPNIT,PONUD,W37,CN-2605-MAGIT-ZHHH-01,MAGIT-ZHHH-01,7
CN,2605,IPRAG,HSN,W13,CN-2605-LAMEN-ZSNB-01,LAMEN-ZSNB-01,2
CN,2605,IRMUB,KWE,B330,CN-2605-ZLLL-VHHH-01,ZLLL-VHHH-01,1
CN,2605,IRMUB,KWE,B330,CN-2605-ZLLL-VMMC-01,ZLLL-VMMC-01,1
CN,2605,IRMUB,UBKER,B330,CN-2605-ZLLL-KATBO-01,ZLLL-KATBO-01,1
CN,2605,IRMUB,UBKER,B330,CN-2605-ZLLL-LINSO-01,ZLLL-LINSO-01,1
CN,2605,IRMUB,UBKER,B330,CN-2605-ZLLL-SAGAG-01,ZLLL-SAGAG-01,1
CN,2605,ISBIG,DOMGO,W605,CN-2605-LAMEN-ZJHK-01,LAMEN-ZJHK-01,11
CN,2605,ISBIG,DOMGO,W605,CN-2605-SIKOU-ZJHK-01,SIKOU-ZJHK-01,2
CN,2605,ISBIG,DOMGO,W605,CN-2605-VHHH-ZJHK-01,VHHH-ZJHK-01,2
CN,2605,ISBIG,DOMGO,W605,CN-2605-VMMC-ZJHK-01,VMMC-ZJHK-01,2
CN,2605,ISKOB,TMR,G218,CN-2605-MAGIT-ZBHH-01,MAGIT-ZBHH-01,5
CN,2605,ISLEP,SOTMU,G212,CN-2605-ZBYN-ARGUK-01,ZBYN-ARGUK-01,1
CN,2605,ISLEP,VYK,G212,CN-2605-ZBYN-AGAVO-01,ZBYN-AGAVO-01,1
CN,2605,ISLUK,LARUN,W629,CN-2605-AGAVO-ZYHB-01,AGAVO-ZYHB-01,7
CN,2605,ISLUK,LARUN,W629,CN-2605-RCKH-ZYHB-01,RCKH-ZYHB-01,7
CN,2605,ISLUK,LARUN,W629,CN-2605-RCMQ-ZYHB-01,RCMQ-ZYHB-01,7
CN,2605,ISLUK,LARUN,W629,CN-2605-RCTP-ZYHB-01,RCTP-ZYHB-01,7
CN,2605,ISLUK,LARUN,W629,CN-2605-RCYU-ZYHB-01,RCYU-ZYHB-01,7
CN,2605,ISLUK,PABKI,W656,CN-2605-ZYCC-ARGUK-01,ZYCC-ARGUK-01,1
CN,2605,ISLUK,PABKI,W656,CN-2605-ZYCC-SARUL-01,ZYCC-SARUL-01,1
CN,2605,ISLUK,PABKI,W656,CN-2605-ZYCC-TELOK-01,ZYCC-TELOK-01,1
CN,2605,IVPUB,ENKUS,W120,CN-2605-ZJSY-BISUN-02,ZJSY-BISUN-02,6
CN,2605,IVPUB,ENKUS,W120,CN-2605-ZJSY-NIXAL-02,ZJSY-NIXAL-02,6
CN,2605,IVTIN,ELAPU,W64,CN-2605-INTIK-ZBAD-01,INTIK-ZBAD-01,5
CN,2605,IVTIN,ELAPU,W64,CN-2605-POLHO-ZBAD-01,POLHO-ZBAD-01,4
CN,2605,JMU,BUMDU,G212,CN-2605-MAGIT-TEBAK,MAGIT-TEBAK,2
CN,2605,JMU,BUMDU,G212,CN-2605-MAGIT-ZBAD-01,MAGIT-ZBAD-01,2
CN,2605,JMU,BUMDU,G212,CN-2605-MAGIT-ZLXY-01,MAGIT-ZLXY-01,2
CN,2605,JMU,BUMDU,G212,CN-2605-MAGIT-ZUTF-01,MAGIT-ZUTF-01,2
CN,2605,JMU,BUMDU,G212,CN-2605-MAGIT-ZUUU-02,MAGIT-ZUUU-02,2
CN,2605,JMU,HRB,G212,CN-2605-MAGIT-AGAVO,MAGIT-AGAVO,2
CN,2605,JMU,HRB,G212,CN-2605-MAGIT-ZBTJ-01,MAGIT-ZBTJ-01,2
CN,2605,JMU,HRB,G212,CN-2605-MAGIT-ZGHA-01,MAGIT-ZGHA-01,2
CN,2605,JMU,HRB,G212,CN-2605-MAGIT-ZHHH-01,MAGIT-ZHHH-01,2
CN,2605,JMU,HRB,G212,CN-2605-MAGIT-ZSHC-01,MAGIT-ZSHC-01,2
CN,2605,JMU,HRB,G212,CN-2605-MAGIT-ZSJN-01,MAGIT-ZSJN-01,2
CN,2605,JMU,HRB,G212,CN-2605-MAGIT-ZSPD-02,MAGIT-ZSPD-02,2
CN,2605,JMU,HRB,G212,CN-2605-MAGIT-ZSQD-01,MAGIT-ZSQD-01,2
CN,2605,JMU,HRB,G212,CN-2605-MAGIT-ZSYT-01,MAGIT-ZSYT-01,2
CN,2605,JMU,HRB,G212,CN-2605-MAGIT-ZYCC-01,MAGIT-ZYCC-01,2
CN,2605,JMU,HRB,G212,CN-2605-MAGIT-ZYTL-01,MAGIT-ZYTL-01,2
CN,2605,JMU,HRB,G212,CN-2605-MAGIT-ZYTX-01,MAGIT-ZYTX-01,2
CN,2605,JMU,HRB,G212,CN-2605-SM-AGAVO,SM-AGAVO,7
CN,2605,JMU,HRB,G212,CN-2605-ZYJM-AGAVO-01,ZYJM-AGAVO-01,1
CN,2605,JMU,IGADO,G212,CN-2605-MAGIT-ZYHB-01,MAGIT-ZYHB-01,2
CN,2605,JMU,SOTMU,G212,CN-2605-MAGIT-ZSHC-02,MAGIT-ZSHC-02,2
CN,2605,JMU,SOTMU,G212,CN-2605-MAGIT-ZSNJ-01,MAGIT-ZSNJ-01,2
CN,2605,JMU,SOTMU,G212,CN-2605-MAGIT-ZSPD-01,MAGIT-ZSPD-01,2
CN,2605,JMU,SOTMU,G212,CN-2605-MAGIT-ZSSS-01,MAGIT-ZSSS-01,2
CN,2605,JMU,TGO,G212,CN-2605-MAGIT-ZBHH-01,MAGIT-ZBHH-01,2
CN,2605,JMU,UKDUM,G212,CN-2605-MAGIT-ZBAA-01,MAGIT-ZBAA-01,2
CN,2605,JMU,VYK,G212,CN-2605-MAGIT-TAMOT,MAGIT-TAMOT,2
CN,2605,JMU,VYK,G212,CN-2605-MAGIT-VHHH,MAGIT-VHHH,2
CN,2605,JMU,VYK,G212,CN-2605-MAGIT-ZBYN-01,MAGIT-ZBYN-01,2
CN,2605,JMU,VYK,G212,CN-2605-MAGIT-ZGSZ-01,MAGIT-ZGSZ-01,2
CN,2605,JMU,VYK,G212,CN-2605-MAGIT-ZHCC-01,MAGIT-ZHCC-01,2
CN,2605,JMU,VYK,G212,CN-2605-MAGIT-ZHEC-01,MAGIT-ZHEC-01,2
CN,2605,JMU,VYK,G212,CN-2605-MAGIT-ZJSY-01,MAGIT-ZJSY-01,2
CN,2605,JMU,VYK,G212,CN-2605-MAGIT-ZUCK-01,MAGIT-ZUCK-01,2
CN,2605,JMU,VYK,G212,CN-2605-MAGIT-ZUGY-01,MAGIT-ZUGY-01,2
CN,2605,JMU,VYK,G212,CN-2605-MAGIT-ZUUU-01,MAGIT-ZUUU-01,2
CN,2605,JMU,VYK,G212,CN-2605-MPSMS-TAMOT,MPSMS-TAMOT,2
CN,2605,JMU,VYK,G212,CN-2605-MPSMS-VHHH,MPSMS-VHHH,2
CN,2605,JTG,CTU,W236,CN-2605-ZBAD-NONIM-01,ZBAD-NONIM-01,6
CN,2605,JTG,CTU,W236,CN-2605-ZLXY-NONIM-01,ZLXY-NONIM-01,4
CN,2605,JTG,MIGIR,W277,CN-2605-KATBO-ZBDS-01,KATBO-ZBDS-01,5
CN,2605,JTG,MIGIR,W277,CN-2605-SAGAG-NIXAL,SAGAG-NIXAL,4
CN,2605,JTG,MIGIR,W277,CN-2605-SAGAG-ZBDS-01,SAGAG-ZBDS-01,4
CN,2605,JTG,MIGIR,W277,CN-2605-SAGAG-ZBHH-01,SAGAG-ZBHH-01,4
CN,2605,JTG,MIGIR,W277,CN-2605-SAGAG-ZBOW-01,SAGAG-ZBOW-01,4
CN,2605,JTG,MIGIR,W277,CN-2605-ZPPP-ARGUK-01,ZPPP-ARGUK-01,3
CN,2605,JTG,VARSO,W277,CN-2605-LINSO-ZBAA-02,LINSO-ZBAA-02,4
CN,2605,JTG,VARSO,W277,CN-2605-NONIM-ZBAA-01,NONIM-ZBAA-01,6
CN,2605,JTG,VARSO,W277,CN-2605-SAGAG-ZBAA-02,SAGAG-ZBAA-02,4
CN,2605,JTN,BOLEX,G327,CN-2605-ZBAA-RCKH-01,ZBAA-RCKH-01,5
CN,2605,JTN,BOLEX,G327,CN-2605-ZBAA-RCTP-01,ZBAA-RCTP-01,5
CN,2605,JTN,BOLEX,G327,CN-2605-ZBAA-RCYU-01,ZBAA-RCYU-01,5
CN,2605,JTN,BOLEX,G327,CN-2605-ZBTJ-RCBS-01,ZBTJ-RCBS-01,5
CN,2605,JTN,BOLEX,G327,CN-2605-ZBTJ-RCFN-01,ZBTJ-RCFN-01,5
CN,2605,JTN,BOLEX,G327,CN-2605-ZBTJ-RCKH-01,ZBTJ-RCKH-01,5
CN,2605,JTN,BOLEX,G327,CN-2605-ZBTJ-RCMQ-01,ZBTJ-RCMQ-01,5
CN,2605,JTN,BOLEX,G327,CN-2605-ZBTJ-RCNN-01,ZBTJ-RCNN-01,5
CN,2605,JTN,BOLEX,G327,CN-2605-ZBTJ-RCSS-01,ZBTJ-RCSS-01,5
CN,2605,JTN,BOLEX,G327,CN-2605-ZBTJ-RCTP-01,ZBTJ-RCTP-01,5
CN,2605,JTN,BOLEX,G327,CN-2605-ZBTJ-RCYU-01,ZBTJ-RCYU-01,5
CN,2605,JTN,BOLEX,G327,CN-2605-ZSJN-RCKH-01,ZSJN-RCKH-01,3
CN,2605,JTN,BOLEX,G327,CN-2605-ZSJN-RCMQ-01,ZSJN-RCMQ-01,3
CN,2605,JTN,BOLEX,G327,CN-2605-ZSJN-RCTP-01,ZSJN-RCTP-01,3
CN,2605,JTN,BOLEX,G327,CN-2605-ZSJN-RCYU-01,ZSJN-RCYU-01,3
CN,2605,JTN,LAMEN,G327,CN-2605-BEKOL-APSMS,BEKOL-APSMS,34
CN,2605,JTN,LAMEN,G327,CN-2605-BEKOL-SADLI,BEKOL-SADLI,6
CN,2605,JTN,LAMEN,G327,CN-2605-INTIK-SADLI,INTIK-SADLI,8
CN,2605,JTN,LAMEN,G327,CN-2605-LINSO-SADLI,LINSO-SADLI,7
CN,2605,JTN,LAMEN,G327,CN-2605-LINSO-WHA-SADLI,LINSO-WHA-SADLI,5
CN,2605,JTN,LAMEN,G327,CN-2605-MAGOG-SADLI,MAGOG-SADLI,3
CN,2605,JTN,LAMEN,G327,CN-2605-NIXAL-SADLI,NIXAL-SADLI,7
CN,2605,JTN,LAMEN,G327,CN-2605-RULAD-SADLI,RULAD-SADLI,12
CN,2605,JTN,LAMEN,G327,CN-2605-SAGAG-SADLI,SAGAG-SADLI,4
CN,2605,JTN,LAMEN,G327,CN-2605-TEBAK-SADLI,TEBAK-SADLI,8
CN,2605,JTN,LAMEN,G327,CN-2605-TEBAK-WHA-SADLI,TEBAK-WHA-SADLI,8
CN,2605,JTN,LAMEN,G327,CN-2605-VMMC-SADLI,VMMC-SADLI,4
CN,2605,JTN,LAMEN,G327,CN-2605-ZBAA-LAMEN-01,ZBAA-LAMEN-01,5
CN,2605,JTN,LAMEN,G327,CN-2605-ZBSJ-LAMEN-01,ZBSJ-LAMEN-01,6
CN,2605,JTN,LAMEN,G327,CN-2605-ZGDY-LAMEN-01,ZGDY-LAMEN-01,5
CN,2605,JTN,LAMEN,G327,CN-2605-ZGGG-LAMEN-01,ZGGG-LAMEN-01,4
CN,2605,JTN,LAMEN,G327,CN-2605-ZGHA-LAMEN-01,ZGHA-LAMEN-01,5
CN,2605,JTN,LAMEN,G327,CN-2605-ZGKL-LAMEN-01,ZGKL-LAMEN-01,7
CN,2605,JTN,LAMEN,G327,CN-2605-ZGNN-LAMEN-01,ZGNN-LAMEN-01,7
CN,2605,JTN,LAMEN,G327,CN-2605-ZGOW-LAMEN-01,ZGOW-LAMEN-01,4
CN,2605,JTN,LAMEN,G327,CN-2605-ZGSZ-LAMEN-01,ZGSZ-LAMEN-01,4
CN,2605,JTN,LAMEN,G327,CN-2605-ZHCC-LAMEN-01,ZHCC-LAMEN-01,6
CN,2605,JTN,LAMEN,G327,CN-2605-ZHEC-LAMEN-01,ZHEC-LAMEN-01,3
CN,2605,JTN,LAMEN,G327,CN-2605-ZHHH-LAMEN-01,ZHHH-LAMEN-01,3
CN,2605,JTN,LAMEN,G327,CN-2605-ZHYC-LAMEN-01,ZHYC-LAMEN-01,5
CN,2605,JTN,LAMEN,G327,CN-2605-ZJHK-LAMEN-01,ZJHK-LAMEN-01,9
CN,2605,JTN,LAMEN,G327,CN-2605-ZJSY-LAMEN-01,ZJSY-LAMEN-01,9
CN,2605,JTN,LAMEN,G327,CN-2605-ZJSY-LAMEN-02,ZJSY-LAMEN-02,10
CN,2605,JTN,LAMEN,G327,CN-2605-ZPPP-LAMEN-01,ZPPP-LAMEN-01,5
CN,2605,JTN,LAMEN,G327,CN-2605-ZSCN-LAMEN-01,ZSCN-LAMEN-01,5
CN,2605,JTN,LAMEN,G327,CN-2605-ZSCN-LAMEN-02,ZSCN-LAMEN-02,5
CN,2605,JTN,LAMEN,G327,CN-2605-ZSJN-LAMEN-01,ZSJN-LAMEN-01,3
CN,2605,JTN,LAMEN,G327,CN-2605-ZSNJ-LAMEN-01,ZSNJ-LAMEN-01,3
CN,2605,JTN,LAMEN,G327,CN-2605-ZSNT-LAMEN-01,ZSNT-LAMEN-01,4
CN,2605,JTN,LAMEN,G327,CN-2605-ZSOF-LAMEN-01,ZSOF-LAMEN-01,3
CN,2605,JTN,LAMEN,G327,CN-2605-ZSSH-LAMEN-01,ZSSH-LAMEN-01,4
CN,2605,JTN,LAMEN,G327,CN-2605-ZSTX-LAMEN-01,ZSTX-LAMEN-01,2
CN,2605,JTN,LAMEN,G327,CN-2605-ZSXZ-LAMEN-01,ZSXZ-LAMEN-01,4
CN,2605,JTN,LAMEN,G327,CN-2605-ZSYA-LAMEN-01,ZSYA-LAMEN-01,3
CN,2605,JTN,LAMEN,G327,CN-2605-ZUCK-LAMEN-01,ZUCK-LAMEN-01,4
CN,2605,JTN,LAMEN,G327,CN-2605-ZUGY-LAMEN-01,ZUGY-LAMEN-01,6
CN,2605,JTN,LAMEN,G327,CN-2605-ZUTF-LAMEN-01,ZUTF-LAMEN-01,4
CN,2605,JTN,LAMEN,G327,CN-2605-ZUUU-LAMEN-01,ZUUU-LAMEN-01,4
CN,2605,JTN,NXD,A599,CN-2605-ZSNT-MAGOG-01,ZSNT-MAGOG-01,4
CN,2605,JTN,NXD,A599,CN-2605-ZSNT-RCTP-01,ZSNT-RCTP-01,4
CN,2605,JTN,NXD,A599,CN-2605-ZSNT-VHHH-01,ZSNT-VHHH-01,4
CN,2605,JTN,NXD,A599,CN-2605-ZSNT-VMMC-01,ZSNT-VMMC-01,4
CN,2605,JTN,PK,W116,CN-2605-MAGOG-ZSNT-01,MAGOG-ZSNT-01,4
CN,2605,JTN,PK,W116,CN-2605-RCTP-ZSNT-01,RCTP-ZSNT-01,4
CN,2605,JTN,PK,W116,CN-2605-VHHH-ZSNT-01,VHHH-ZSNT-01,4
CN,2605,JTN,PK,W116,CN-2605-VMMC-ZSNT-01,VMMC-ZSNT-01,4
CN,2605,JTN,PK,W116,CN-2605-ZSWZ-POLHO-01,ZSWZ-POLHO-01,3
CN,2605,JTN,SHZ,G204,CN-2605-POLHO-ZSWZ-01,POLHO-ZSWZ-01,9
CN,2605,JTN,TONIX,G327,CN-2605-ZGGG-TOMUK-01,ZGGG-TOMUK-01,4
CN,2605,KABDO,GOBOK,W119,CN-2605-AGAVO-B339-RULAD,AGAVO-B339-RULAD,11
CN,2605,KABDO,GOBOK,W119,CN-2605-AGAVO-B339-SRK,AGAVO-B339-SRK,25
CN,2605,KABDO,GOBOK,W119,CN-2605-AGAVO-RK,AGAVO-RK,11
CN,2605,KABDO,GOBOK,W119,CN-2605-AGAVO-RKL,AGAVO-RKL,11
CN,2605,KABDO,GOBOK,W119,CN-2605-AGAVO-RULAD,AGAVO-RULAD,11
CN,2605,KABDO,GOBOK,W119,CN-2605-BEKOL-G470-RULAD,BEKOL-G470-RULAD,13
CN,2605,KABDO,GOBOK,W119,CN-2605-BEKOL-G470-SGMRK,BEKOL-G470-SGMRK,48
CN,2605,KABDO,GOBOK,W119,CN-2605-BEKOL-G470-SGMRN,BEKOL-G470-SGMRN,48
CN,2605,KABDO,GOBOK,W119,CN-2605-BEKOL-G470-SRK,BEKOL-G470-SRK,26
CN,2605,KABDO,GOBOK,W119,CN-2605-BEKOL-G470-SRKL,BEKOL-G470-SRKL,26
CN,2605,KABDO,GOBOK,W119,CN-2605-BEKOL-G470-SRL,BEKOL-G470-SRL,26
CN,2605,KABDO,GOBOK,W119,CN-2605-BEKOL-RULAD,BEKOL-RULAD,10
CN,2605,KABDO,GOBOK,W119,CN-2605-BEKOL-SRKL,BEKOL-SRKL,21
CN,2605,KABDO,GOBOK,W119,CN-2605-BEKOL-SRL,BEKOL-SRL,21
CN,2605,KABDO,GOBOK,W119,CN-2605-LINSO-RULAD,LINSO-RULAD,10
CN,2605,KABDO,GOBOK,W119,CN-2605-SADLI-RULAD,SADLI-RULAD,9
CN,2605,KABDO,GOBOK,W119,CN-2605-SAGAG-G470-RULAD,SAGAG-G470-RULAD,10
CN,2605,KABDO,GOBOK,W119,CN-2605-SAGAG-RULAD,SAGAG-RULAD,7
CN,2605,KABDO,GOBOK,W119,CN-2605-TEBUS-RULAD,TEBUS-RULAD,3
CN,2605,KABDO,GOBOK,W119,CN-2605-VMMC-RULAD,VMMC-RULAD,13
CN,2605,KABDO,GOBOK,W119,CN-2605-ZBAA-RULAD-01,ZBAA-RULAD-01,6
CN,2605,KABDO,GOBOK,W119,CN-2605-ZBAD-RULAD-01,ZBAD-RULAD-01,6
CN,2605,KABDO,GOBOK,W119,CN-2605-ZBTJ-RULAD-01,ZBTJ-RULAD-01,6
CN,2605,KABDO,GOBOK,W119,CN-2605-ZGGG-RULAD-01,ZGGG-RULAD-01,11
CN,2605,KABDO,GOBOK,W119,CN-2605-ZGSZ-RULAD-01,ZGSZ-RULAD-01,12
CN,2605,KABDO,GOBOK,W119,CN-2605-ZHCC-RULAD-01,ZHCC-RULAD-01,5
CN,2605,KABDO,GOBOK,W119,CN-2605-ZHEC-RULAD-01,ZHEC-RULAD-01,6
CN,2605,KABDO,GOBOK,W119,CN-2605-ZHHH-RULAD-01,ZHHH-RULAD-01,6
CN,2605,KABDO,GOBOK,W119,CN-2605-ZJHK-RULAD-01,ZJHK-RULAD-01,10
CN,2605,KABDO,GOBOK,W119,CN-2605-ZJHK-RULAD-02,ZJHK-RULAD-02,13
CN,2605,KABDO,GOBOK,W119,CN-2605-ZJSY-RULAD-01,ZJSY-RULAD-01,15
CN,2605,KABDO,GOBOK,W119,CN-2605-ZJSY-RULAD-02,ZJSY-RULAD-02,12
CN,2605,KABDO,GOBOK,W119,CN-2605-ZLLL-RULAD-01,ZLLL-RULAD-01,5
CN,2605,KABDO,GOBOK,W119,CN-2605-ZLXY-RULAD-01,ZLXY-RULAD-01,8
CN,2605,KABDO,GOBOK,W119,CN-2605-ZLXY-RULAD-02,ZLXY-RULAD-02,9
CN,2605,KABDO,GOBOK,W119,CN-2605-ZSCN-RULAD-01,ZSCN-RULAD-01,8
CN,2605,KABDO,GOBOK,W119,CN-2605-ZSPD-RULAD-01,ZSPD-RULAD-01,10
CN,2605,KABDO,GOBOK,W119,CN-2605-ZSYT-RULAD-01,ZSYT-RULAD-01,9
CN,2605,KABDO,GOBOK,W119,CN-2605-ZUCK-RULAD-01,ZUCK-RULAD-01,9
CN,2605,KABDO,GOBOK,W119,CN-2605-ZUTF-RULAD-01,ZUTF-RULAD-01,8
CN,2605,KABDO,GOBOK,W119,CN-2605-ZUUU-RULAD-01,ZUUU-RULAD-01,8
CN,2605,KABDO,GOBOK,W119,CN-2605-ZYTX-RULAD-01,ZYTX-RULAD-01,6
CN,2605,KABDO,KQS,W119,CN-2605-ZBAD-OGIGI-01,ZBAD-OGIGI-01,6
CN,2605,KABDO,LESVI,W119,CN-2605-GOPTO-PURPA,GOPTO-PURPA,4
CN,2605,KABDO,LESVI,W119,CN-2605-ZBAA-AGVUT-01R,ZBAA-AGVUT-01R,6
CN,2605,KABDO,LESVI,W119,CN-2605-ZGGG-AGVUT-01R,ZGGG-AGVUT-01R,11
CN,2605,KABDO,LIMDO,W119,CN-2605-AGAVO-B339-KAMUD,AGAVO-B339-KAMUD,11
CN,2605,KABDO,LIMDO,W119,CN-2605-AGAVO-B339-SRK,AGAVO-B339-SRK,39
CN,2605,KABDO,LIMDO,W119,CN-2605-AGAVO-KAMUD,AGAVO-KAMUD,11
CN,2605,KABDO,LIMDO,W119,CN-2605-AGAVO-RK,AGAVO-RK,24
CN,2605,KABDO,LIMDO,W119,CN-2605-AGAVO-RKL,AGAVO-RKL,24
CN,2605,KABDO,LIMDO,W119,CN-2605-BEKOL-G470-KAMUD,BEKOL-G470-KAMUD,13
CN,2605,KABDO,LIMDO,W119,CN-2605-BEKOL-G470-SGMRK,BEKOL-G470-SGMRK,63
CN,2605,KABDO,LIMDO,W119,CN-2605-BEKOL-G470-SRK,BEKOL-G470-SRK,41
CN,2605,KABDO,LIMDO,W119,CN-2605-BEKOL-G470-SRKL,BEKOL-G470-SRKL,41
CN,2605,KABDO,LIMDO,W119,CN-2605-BEKOL-KAMUD,BEKOL-KAMUD,10
CN,2605,KABDO,LIMDO,W119,CN-2605-BEKOL-SRKL,BEKOL-SRKL,33
CN,2605,KABDO,LIMDO,W119,CN-2605-ZBAA-KAMUD-01,ZBAA-KAMUD-01,6
CN,2605,KABDO,LIMDO,W119,CN-2605-ZBAD-KAMUD-01,ZBAD-KAMUD-01,6
CN,2605,KABDO,LIMDO,W119,CN-2605-ZBTJ-KAMUD-01,ZBTJ-KAMUD-01,6
CN,2605,KABDO,LIMDO,W119,CN-2605-ZGGG-KAMUD-01,ZGGG-KAMUD-01,11
CN,2605,KABDO,LIMDO,W119,CN-2605-ZHEC-KAMUD-01,ZHEC-KAMUD-01,6
CN,2605,KABDO,LIMDO,W119,CN-2605-ZHHH-KAMUD-01,ZHHH-KAMUD-01,6
CN,2605,KABDO,LIMDO,W119,CN-2605-ZLIC-KAMUD-01,ZLIC-KAMUD-01,5
CN,2605,KABDO,LIMDO,W119,CN-2605-ZLXY-KAMUD-02,ZLXY-KAMUD-02,9
CN,2605,KABDO,LIMDO,W119,CN-2605-ZSAM-KAMUD-01,ZSAM-KAMUD-01,14
CN,2605,KABDO,LIMDO,W119,CN-2605-ZSNJ-KAMUD-01,ZSNJ-KAMUD-01,10
CN,2605,KABDO,LIMDO,W119,CN-2605-ZSPD-KAMUD-01,ZSPD-KAMUD-01,10
CN,2605,KABDO,LIMDO,W119,CN-2605-ZUTF-KAMUD-02,ZUTF-KAMUD-02,8
CN,2605,KABDO,LIMDO,W119,CN-2605-ZUTF-KAMUD-03,ZUTF-KAMUD-03,5
CN,2605,KABDO,LIMDO,W119,CN-2605-ZWWW-KAMUD-02,ZWWW-KAMUD-02,1
CN,2605,KADPU,WJC,W275,CN-2605-ZUCK-POLHO-01,ZUCK-POLHO-01,2
CN,2605,KAGAK,HLD,A345,CN-2605-SARUL-ZBLA-01,SARUL-ZBLA-01,2
CN,2605,KAGAK,HLD,A345,CN-2605-SARUL-ZYCC-01,SARUL-ZYCC-01,2
CN,2605,KAGAK,SARUL,G338,CN-2605-ZBLA-SARUL-01,ZBLA-SARUL-01,2
CN,2605,KAGAK,SARUL,G338,CN-2605-ZYCC-SARUL-01,ZYCC-SARUL-01,5
CN,2605,KAKAT,CHG,W31,CN-2605-ZBAA-GOLOT-01,ZBAA-GOLOT-01,2
CN,2605,KAKAT,ISKOB,W28,CN-2605-MAGIT-ZBHH-01,MAGIT-ZBHH-01,4
CN,2605,KAKAT,LAGEB,W28,CN-2605-ZYTX-RULAD-01,ZYTX-RULAD-01,3
CN,2605,KAKAT,TGO,B334,CN-2605-INTIK-ZYCC-01,INTIK-ZYCC-01,4
CN,2605,KAKAT,TGO,B334,CN-2605-ZBHH-ARGUK-01,ZBHH-ARGUK-01,2
CN,2605,KAKAT,TGO,B334,CN-2605-ZBYN-BISUN-01,ZBYN-BISUN-01,4
CN,2605,KAKAT,TGO,B334,CN-2605-ZLXY-ARGUK-01,ZLXY-ARGUK-01,7
CN,2605,KAKAT,TGO,B334,CN-2605-ZLXY-SIMLI-01,ZLXY-SIMLI-01,7
CN,2605,KAKAT,TGO,B334,CN-2605-ZPPP-ARGUK-01,ZPPP-ARGUK-01,10
CN,2605,KAKAT,TGO,B334,CN-2605-ZUTF-ARGUK-01,ZUTF-ARGUK-01,9
CN,2605,KAKAT,TGO,B334,CN-2605-ZUUU-ARGUK-01,ZUUU-ARGUK-01,9
CN,2605,KAKAT,TGO,B334,CN-2605-ZUUU-SIMLI-01,ZUUU-SIMLI-01,9
CN,2605,KAKAT,UPREK,W28,CN-2605-ZYCC-INTIK-01,ZYCC-INTIK-01,3
CN,2605,KAKIS,DOGVI,W135,CN-2605-ZSNB-LINSO-01,ZSNB-LINSO-01,4
CN,2605,KAMDA,DUDBI,W128,CN-2605-NIXAL-ZGHA-01,NIXAL-ZGHA-01,3
CN,2605,KAMDA,DUDBI,W128,CN-2605-NIXAL-ZHEC-01,NIXAL-ZHEC-01,3
CN,2605,KAMDA,DUDBI,W128,CN-2605-NIXAL-ZHHH-01,NIXAL-ZHHH-01,3
CN,2605,KAMDA,DUDBI,W128,CN-2605-NIXAL-ZSCN-01,NIXAL-ZSCN-01,3
CN,2605,KAMDA,DUDBI,W128,CN-2605-SARIN-ZSCN-02,SARIN-ZSCN-02,7
CN,2605,KAMDA,DUDBI,W128,CN-2605-ZBDS-VHHH-01,ZBDS-VHHH-01,5
CN,2605,KAMDA,DUDBI,W128,CN-2605-ZBDT-VHHH-01,ZBDT-VHHH-01,5
CN,2605,KAMDA,DUDBI,W128,CN-2605-ZBHH-TAMOT-01,ZBHH-TAMOT-01,3
CN,2605,KAMDA,DUDBI,W128,CN-2605-ZBHH-VHHH-01,ZBHH-VHHH-01,3
CN,2605,KAMDA,DUDBI,W128,CN-2605-ZBYN-TAMOT-01,ZBYN-TAMOT-01,5
CN,2605,KAMDA,DUDBI,W128,CN-2605-ZBYN-VHHH-01,ZBYN-VHHH-01,5
CN,2605,KAMDA,DUDBI,W128,CN-2605-ZBYN-VMMC-01,ZBYN-VMMC-01,5
CN,2605,KAMDA,FYG,W128,CN-2605-INTIK-SADLI,INTIK-SADLI,4
CN,2605,KAMDA,FYG,W128,CN-2605-INTIK-ZSNJ-01,INTIK-ZSNJ-01,4
CN,2605,KAMDA,FYG,W128,CN-2605-KAMUD-ZSHC-01,KAMUD-ZSHC-01,8
CN,2605,KAMDA,FYG,W128,CN-2605-NIXAL-SADLI,NIXAL-SADLI,3
CN,2605,KAMDA,FYG,W128,CN-2605-NIXAL-ZSAM-01,NIXAL-ZSAM-01,3
CN,2605,KAMDA,FYG,W128,CN-2605-NIXAL-ZSFZ-01,NIXAL-ZSFZ-01,3
CN,2605,KAMDA,FYG,W128,CN-2605-NIXAL-ZSHC-01,NIXAL-ZSHC-01,3
CN,2605,KAMDA,FYG,W128,CN-2605-NIXAL-ZSNJ-01,NIXAL-ZSNJ-01,3
CN,2605,KAMDA,FYG,W128,CN-2605-NIXAL-ZSOF-01,NIXAL-ZSOF-01,3
CN,2605,KAMDA,FYG,W128,CN-2605-NIXAL-ZSPD-01,NIXAL-ZSPD-01,3
CN,2605,KAMDA,FYG,W128,CN-2605-NIXAL-ZSSS-01,NIXAL-ZSSS-01,3
CN,2605,KAMDA,FYG,W128,CN-2605-NIXAL-ZSWZ-01,NIXAL-ZSWZ-01,3
CN,2605,KAMDA,FYG,W128,CN-2605-PURPA-ZSPD-02,PURPA-ZSPD-02,9
CN,2605,KAMDA,FYG,W128,CN-2605-PURPA-ZSPD-04,PURPA-ZSPD-04,9
CN,2605,KAMDA,FYG,W128,CN-2605-SARIN-ZSHC-01,SARIN-ZSHC-01,7
CN,2605,KAMDA,FYG,W128,CN-2605-SARIN-ZSPD-01,SARIN-ZSPD-01,7
CN,2605,KAMDA,FYG,W128,CN-2605-ZBHH-RCTP-01,ZBHH-RCTP-01,3
CN,2605,KAMDA,FYG,W128,CN-2605-ZBYN-RCKH-01,ZBYN-RCKH-01,5
CN,2605,KAMDA,FYG,W128,CN-2605-ZBYN-RCMQ-01,ZBYN-RCMQ-01,5
CN,2605,KAMDA,FYG,W128,CN-2605-ZBYN-RCTP-01,ZBYN-RCTP-01,5
CN,2605,KAMDA,FYG,W128,CN-2605-ZBYN-RCYU-01,ZBYN-RCYU-01,5
CN,2605,KAMDA,FYG,W128,CN-2605-ZLIC-RCTP-01,ZLIC-RCTP-01,6
CN,2605,KAMDA,FYG,W128,CN-2605-ZLXY-RCBS-01,ZLXY-RCBS-01,4
CN,2605,KAMDA,FYG,W128,CN-2605-ZLXY-RCKH-01,ZLXY-RCKH-01,4
CN,2605,KAMDA,FYG,W128,CN-2605-ZLXY-RCMQ-01,ZLXY-RCMQ-01,4
CN,2605,KAMDA,FYG,W128,CN-2605-ZLXY-RCQC-01,ZLXY-RCQC-01,4
CN,2605,KAMDA,FYG,W128,CN-2605-ZLXY-RCTP-01,ZLXY-RCTP-01,4
CN,2605,KAMDA,FYG,W128,CN-2605-ZLXY-RCYU-01,ZLXY-RCYU-01,4
CN,2605,KAMDA,FYG,W128,CN-2605-ZWWW-RCTP-01,ZWWW-RCTP-01,7
CN,2605,KAMUD,AGAVO,DCT,CN-2605-AGAVO-RKL,AGAVO-RKL,26
CN,2605,KAMUD,BEKOL,DCT,CN-2605-BEKOL-G470-SRKL,BEKOL-G470-SRKL,43
CN,2605,KAMUD,BEKOL,DCT,CN-2605-BEKOL-G470/L888-SRKL,BEKOL-G470/L888-SRKL,32
CN,2605,KAMUD,BEKOL,DCT,CN-2605-BEKOL-G470/Y1-SRKL,BEKOL-G470/Y1-SRKL,32
CN,2605,KAMUD,BEKOL,DCT,CN-2605-BEKOL-SRKL,BEKOL-SRKL,35
CN,2605,KAMUD,KQS,W186,CN-2605-KAMUD-ZWSH-01,KAMUD-ZWSH-01,1
CN,2605,KAMUD,SADAN,W186,CN-2605-KAMUD-SAGAG,KAMUD-SAGAG,1
CN,2605,KAMUD,SADAN,W186,CN-2605-KAMUD-W186-VHHH,KAMUD-W186-VHHH,1
CN,2605,KAMUD,SADAN,W186,CN-2605-KAMUD-Y1-TAMOT,KAMUD-Y1-TAMOT,1
CN,2605,KAMUD,SADAN,W186,CN-2605-KAMUD-Y1-VHHH,KAMUD-Y1-VHHH,1
CN,2605,KAMUD,SADAN,W186,CN-2605-KAMUD-ZBAD-02,KAMUD-ZBAD-02,1
CN,2605,KAMUD,SADAN,W186,CN-2605-KAMUD-ZGGG-02,KAMUD-ZGGG-02,1
CN,2605,KAMUD,SADAN,W186,CN-2605-KAMUD-ZLXY-01,KAMUD-ZLXY-01,1
CN,2605,KAMUD,SADAN,W186,CN-2605-KAMUD-ZUCK-01,KAMUD-ZUCK-01,1
CN,2605,KAMUD,SADAN,W186,CN-2605-KAMUD-ZUTF-01,KAMUD-ZUTF-01,1
CN,2605,KAMUD,SADAN,W186,CN-2605-KAMUD-ZUUU-01,KAMUD-ZUUU-01,1
CN,2605,KAMUD,SADAN,W186,CN-2605-SGMRK-G470/L888-TAMOT,SGMRK-G470/L888-TAMOT,36
CN,2605,KAMUD,SADAN,W186,CN-2605-SGMRK-G470/L888-VHHH,SGMRK-G470/L888-VHHH,36
CN,2605,KAMUD,SADAN,W186,CN-2605-SGMRK-G470/Y1-TAMOT,SGMRK-G470/Y1-TAMOT,35
CN,2605,KAMUD,SADAN,W186,CN-2605-SGMRK-G470/Y1-VHHH,SGMRK-G470/Y1-VHHH,35
CN,2605,KAMUD,SADAN,W186,CN-2605-SRK-L888-TAMOT,SRK-L888-TAMOT,20
CN,2605,KAMUD,SADAN,W186,CN-2605-SRK-L888-VHHH,SRK-L888-VHHH,20
CN,2605,KAMUD,SADAN,W186,CN-2605-SRK-Y1-TAMOT,SRK-Y1-TAMOT,19
CN,2605,KAMUD,SADAN,W186,CN-2605-SRK-Y1-VHHH,SRK-Y1-VHHH,19
CN,2605,KAMUD,SADAN,W186,CN-2605-SRKL-L888-VHHH,SRKL-L888-VHHH,19
CN,2605,KAMUD,SADAN,W186,CN-2605-SRKL-W191/L888-TAMOT,SRKL-W191/L888-TAMOT,20
CN,2605,KAMUD,SADAN,W186,CN-2605-SRKL-W191/L888-VHHH,SRKL-W191/L888-VHHH,20
CN,2605,KAMUD,SADAN,W186,CN-2605-SRKL-W191/Y1-TAMOT,SRKL-W191/Y1-TAMOT,19
CN,2605,KAMUD,SADAN,W186,CN-2605-SRKL-W191/Y1-VHHH,SRKL-W191/Y1-VHHH,19
CN,2605,KAMUD,SADAN,W186,CN-2605-SRKL-Y1-VHHH,SRKL-Y1-VHHH,18
CN,2605,KAMUD,XKC,A468,CN-2605-KAMUD-AGAVO,KAMUD-AGAVO,1
CN,2605,KAMUD,XKC,A468,CN-2605-KAMUD-G470-TAMOT,KAMUD-G470-TAMOT,1
CN,2605,KAMUD,XKC,A468,CN-2605-KAMUD-G470-VHHH,KAMUD-G470-VHHH,1
CN,2605,KAMUD,XKC,A468,CN-2605-KAMUD-TAMOT,KAMUD-TAMOT,1
CN,2605,KAMUD,XKC,A468,CN-2605-KAMUD-VHHH,KAMUD-VHHH,1
CN,2605,KAMUD,XKC,A468,CN-2605-KAMUD-ZBAA-01,KAMUD-ZBAA-01,1
CN,2605,KAMUD,XKC,A468,CN-2605-KAMUD-ZBAD-01,KAMUD-ZBAD-01,1
CN,2605,KAMUD,XKC,A468,CN-2605-KAMUD-ZBTJ-01,KAMUD-ZBTJ-01,1
CN,2605,KAMUD,XKC,A468,CN-2605-KAMUD-ZGGG-01,KAMUD-ZGGG-01,1
CN,2605,KAMUD,XKC,A468,CN-2605-KAMUD-ZLIC-01,KAMUD-ZLIC-01,1
CN,2605,KAMUD,XKC,A468,CN-2605-KAMUD-ZLXY-02,KAMUD-ZLXY-02,1
CN,2605,KAMUD,XKC,A468,CN-2605-KAMUD-ZLXY-03,KAMUD-ZLXY-03,1
CN,2605,KAMUD,XKC,A468,CN-2605-KAMUD-ZSAM-01,KAMUD-ZSAM-01,1
CN,2605,KAMUD,XKC,A468,CN-2605-KAMUD-ZSHC-01,KAMUD-ZSHC-01,1
CN,2605,KAMUD,XKC,A468,CN-2605-KAMUD-ZSNJ-01,KAMUD-ZSNJ-01,1
CN,2605,KAMUD,XKC,A468,CN-2605-KAMUD-ZSPD-01,KAMUD-ZSPD-01,1
CN,2605,KAMUD,XKC,A468,CN-2605-KAMUD-ZUTF-02,KAMUD-ZUTF-02,1
CN,2605,KAMUD,XKC,A468,CN-2605-KAMUD-ZUTF-03,KAMUD-ZUTF-03,1
CN,2605,KAMUD,XKC,A468,CN-2605-KAMUD-ZWWW-01,KAMUD-ZWWW-01,1
CN,2605,KAMUD,XKC,A468,CN-2605-RK-AGAVO,RK-AGAVO,13
CN,2605,KAMUD,XKC,A468,CN-2605-RKL-AGAVO,RKL-AGAVO,13
CN,2605,KAMUD,XKC,A468,CN-2605-SGMRK-G470-TAMOT,SGMRK-G470-TAMOT,36
CN,2605,KAMUD,XKC,A468,CN-2605-SGMRK-G470-VHHH,SGMRK-G470-VHHH,36
CN,2605,KAMUD,XKC,A468,CN-2605-SRK-AGAVO,SRK-AGAVO,24
CN,2605,KAMUD,XKC,A468,CN-2605-SRK-TAMOT,SRK-TAMOT,20
CN,2605,KAMUD,XKC,A468,CN-2605-SRK-VHHH,SRK-VHHH,20
CN,2605,KAMUD,XKC,A468,CN-2605-SRKL-VHHH,SRKL-VHHH,19
CN,2605,KAMUD,XKC,A468,CN-2605-SRKL-W191-TAMOT,SRKL-W191-TAMOT,20
CN,2605,KAMUD,XKC,A468,CN-2605-SRKL-W191-VHHH,SRKL-W191-VHHH,20
CN,2605,KAPDO,ANRUG,W276,CN-2605-AGAVO-ZUTF-01,AGAVO-ZUTF-01,7
CN,2605,KAPDO,ANRUG,W276,CN-2605-AGAVO-ZUUU-01,AGAVO-ZUUU-01,7
CN,2605,KAPDO,ANRUG,W276,CN-2605-MAGIT-ZUUU-01,MAGIT-ZUUU-01,4
CN,2605,KAPDO,ANRUG,W276,CN-2605-SIMLI-ZUUU-01,SIMLI-ZUUU-01,4
CN,2605,KAPDO,ANRUG,W276,CN-2605-ZBSJ-LINSO-01,ZBSJ-LINSO-01,2
CN,2605,KAPDO,ANRUG,W276,CN-2605-ZYTX-SAGAG-01,ZYTX-SAGAG-01,5
CN,2605,KAPDO,ARELA,W276,CN-2605-ZBSJ-SAGAG-01,ZBSJ-SAGAG-01,2
CN,2605,KAPDO,ARELA,W276,CN-2605-ZBTJ-LINSO-02,ZBTJ-LINSO-02,2
CN,2605,KAPDO,LOVRA,W276,CN-2605-AGAVO-ZLXY-01,AGAVO-ZLXY-01,7
CN,2605,KARPI,HCH,W5,CN-2605-ZYTL-TAMOT-01,ZYTL-TAMOT-01,1
CN,2605,KARPI,HCH,W5,CN-2605-ZYTL-VHHH-01,ZYTL-VHHH-01,1
CN,2605,KARVI,DNC,W191,CN-2605-PURPA-ZLXY-01,PURPA-ZLXY-01,3
CN,2605,KARVI,DNC,W191,CN-2605-PURPA-ZUCK-01,PURPA-ZUCK-01,3
CN,2605,KASKA,MIGOL,B591,CN-2605-RCKH-ZSYT-01,RCKH-ZSYT-01,1
CN,2605,KASKA,MIGOL,B591,CN-2605-RCKH-ZYCC-01,RCKH-ZYCC-01,1
CN,2605,KASKA,MIGOL,B591,CN-2605-RCKH-ZYHB-01,RCKH-ZYHB-01,1
CN,2605,KASKA,MIGOL,B591,CN-2605-RCKH-ZYTL-01,RCKH-ZYTL-01,1
CN,2605,KASKA,MIGOL,B591,CN-2605-RCKH-ZYTX-01,RCKH-ZYTX-01,1
CN,2605,KASKA,MIGOL,B591,CN-2605-RCMQ-ZYCC-01,RCMQ-ZYCC-01,1
CN,2605,KASKA,MIGOL,B591,CN-2605-RCMQ-ZYHB-01,RCMQ-ZYHB-01,1
CN,2605,KASKA,MIGOL,B591,CN-2605-RCTP-ZBLA-01,RCTP-ZBLA-01,1
CN,2605,KASKA,MIGOL,B591,CN-2605-RCTP-ZSYT-01,RCTP-ZSYT-01,1
CN,2605,KASKA,MIGOL,B591,CN-2605-RCTP-ZYCC-01,RCTP-ZYCC-01,1
CN,2605,KASKA,MIGOL,B591,CN-2605-RCTP-ZYHB-01,RCTP-ZYHB-01,1
CN,2605,KASKA,MIGOL,B591,CN-2605-RCTP-ZYTL-01,RCTP-ZYTL-01,1
CN,2605,KASKA,MIGOL,B591,CN-2605-RCTP-ZYTX-01,RCTP-ZYTX-01,1
CN,2605,KASKA,MIGOL,B591,CN-2605-RCYU-ZSYT-01,RCYU-ZSYT-01,1
CN,2605,KASKA,MIGOL,B591,CN-2605-RCYU-ZYCC-01,RCYU-ZYCC-01,1
CN,2605,KASKA,MIGOL,B591,CN-2605-RCYU-ZYHB-01,RCYU-ZYHB-01,1
CN,2605,KASKA,MIGOL,B591,CN-2605-RCYU-ZYTL-01,RCYU-ZYTL-01,1
CN,2605,KASKA,MIGOL,B591,CN-2605-RCYU-ZYTX-01,RCYU-ZYTX-01,1
CN,2605,KATBO,ADBAG,R471,CN-2605-KATBO-MORIT,KATBO-MORIT,1
CN,2605,KATBO,ADBAG,R471,CN-2605-KATBO-ZBDS-01,KATBO-ZBDS-01,1
CN,2605,KATBO,ADBAG,R471,CN-2605-KATBO-ZGDY-01,KATBO-ZGDY-01,1
CN,2605,KATBO,ADBAG,R471,CN-2605-KATBO-ZLIC-01,KATBO-ZLIC-01,1
CN,2605,KATBO,ADBAG,R471,CN-2605-KATBO-ZLLL-01,KATBO-ZLLL-01,1
CN,2605,KATBO,ADBAG,R471,CN-2605-KATBO-ZLXY-01,KATBO-ZLXY-01,1
CN,2605,KATBO,ADBAG,R471,CN-2605-KATBO-ZPLJ-01,KATBO-ZPLJ-01,1
CN,2605,KATBO,ADBAG,R471,CN-2605-KATBO-ZPPP-01,KATBO-ZPPP-01,1
CN,2605,KATBO,ADBAG,R471,CN-2605-KATBO-ZUCK-01,KATBO-ZUCK-01,1
CN,2605,KATBO,ADBAG,R471,CN-2605-KATBO-ZUGY-01,KATBO-ZUGY-01,1
CN,2605,KATBO,ADBAG,R471,CN-2605-KATBO-ZUTF-01,KATBO-ZUTF-01,1
CN,2605,KATBO,ADBAG,R471,CN-2605-KATBO-ZUUU-01,KATBO-ZUUU-01,1
CN,2605,KETOV,BISUN,B451,CN-2605-ZYHB-BISUN-01,ZYHB-BISUN-01,1
CN,2605,KEVOB,LAGEB,W28,CN-2605-AGAVO-B339-SRK,AGAVO-B339-SRK,9
CN,2605,KEVOB,LAGEB,W28,CN-2605-AGAVO-B339-SRK,AGAVO-B339-SRK,22
CN,2605,KEVOB,LAGEB,W28,CN-2605-AGAVO-B339-SRK,AGAVO-B339-SRK,36
CN,2605,KHG,MAGIV,W176,CN-2605-OGIGI-PURPA,OGIGI-PURPA,2
CN,2605,KHG,MAGIV,W176,CN-2605-OGIGI-ZBAD-01,OGIGI-ZBAD-01,2
CN,2605,KHG,MAGIV,W176,CN-2605-OGIGI-ZGGG-01,OGIGI-ZGGG-01,2
CN,2605,KHG,MAGIV,W176,CN-2605-OGIGI-ZLXY-01,OGIGI-ZLXY-01,2
CN,2605,KHG,MAGIV,W176,CN-2605-OGIGI-ZWWW-01,OGIGI-ZWWW-01,2
CN,2605,KHG,MAGIV,W176,CN-2605-ZWSH-KAMUD-01,ZWSH-KAMUD-01,1
CN,2605,KHG,MAGIV,W176,CN-2605-ZWSH-PURPA-01,ZWSH-PURPA-01,1
CN,2605,KHG,OGIGI,L43,CN-2605-PURPA-OGIGI,PURPA-OGIGI,3
CN,2605,KHG,OGIGI,L43,CN-2605-ZBAD-OGIGI-01,ZBAD-OGIGI-01,8
CN,2605,KHG,OGIGI,L43,CN-2605-ZGGG-OGIGI-01,ZGGG-OGIGI-01,12
CN,2605,KHG,OGIGI,L43,CN-2605-ZLXY-OGIGI-01,ZLXY-OGIGI-01,10
CN,2605,KHG,OGIGI,L43,CN-2605-ZWSH-OGIGI-01,ZWSH-OGIGI-01,1
CN,2605,KHG,OGIGI,L43,CN-2605-ZWWW-OGIGI-01,ZWWW-OGIGI-01,3
CN,2605,KIBAS,LH,R200,CN-2605-ZGSZ-LINSO-01,ZGSZ-LINSO-01,2
CN,2605,KIBAS,LH,R200,CN-2605-ZGSZ-TEBAK-01,ZGSZ-TEBAK-01,2
CN,2605,KIBIP,OKISO,W47,CN-2605-ZBDS-AGAVO-01,ZBDS-AGAVO-01,1
CN,2605,KIBIP,OKISO,W47,CN-2605-ZBDS-VHHH-01,ZBDS-VHHH-01,1
CN,2605,KQS,KAMUD,W186,CN-2605-ZWSH-KAMUD-01,ZWSH-KAMUD-01,4
CN,2605,KQS,KHG,W176,CN-2605-KAMUD-ZWSH-01,KAMUD-ZWSH-01,2
CN,2605,KQS,KHG,W176,CN-2605-ZBAD-OGIGI-01,ZBAD-OGIGI-01,7
CN,2605,KQS,KHG,W176,CN-2605-ZGGG-OGIGI-01,ZGGG-OGIGI-01,11
CN,2605,KQS,KHG,W176,CN-2605-ZLXY-OGIGI-01,ZLXY-OGIGI-01,9
CN,2605,KQS,KHG,W176,CN-2605-ZWWW-OGIGI-01,ZWWW-OGIGI-01,2
CN,2605,KWE,DUDIT,W181,CN-2605-AGVUT-ZGGG-01R,AGVUT-ZGGG-01R,7
CN,2605,KWE,DUDIT,W181,CN-2605-AGVUT-ZGGG-02R,AGVUT-ZGGG-02R,8
CN,2605,KWE,DUDIT,W181,CN-2605-AGVUT-ZGSZ-01R,AGVUT-ZGSZ-01R,8
CN,2605,KWE,DUDIT,W181,CN-2605-GOPTO-TAMOT,GOPTO-TAMOT,5
CN,2605,KWE,DUDIT,W181,CN-2605-GOPTO-VHHH,GOPTO-VHHH,5
CN,2605,KWE,DUDIT,W181,CN-2605-GOPTO-ZGSZ-01,GOPTO-ZGSZ-01,7
CN,2605,KWE,DUDIT,W181,CN-2605-GOPTO-ZGSZ-02,GOPTO-ZGSZ-02,8
CN,2605,KWE,DUDIT,W181,CN-2605-KAMUD-G470-TAMOT,KAMUD-G470-TAMOT,7
CN,2605,KWE,DUDIT,W181,CN-2605-KAMUD-G470-VHHH,KAMUD-G470-VHHH,7
CN,2605,KWE,DUDIT,W181,CN-2605-KAMUD-TAMOT,KAMUD-TAMOT,6
CN,2605,KWE,DUDIT,W181,CN-2605-KAMUD-VHHH,KAMUD-VHHH,6
CN,2605,KWE,DUDIT,W181,CN-2605-KAMUD-W186-VHHH,KAMUD-W186-VHHH,7
CN,2605,KWE,DUDIT,W181,CN-2605-KAMUD-Y1-TAMOT,KAMUD-Y1-TAMOT,5
CN,2605,KWE,DUDIT,W181,CN-2605-KAMUD-Y1-VHHH,KAMUD-Y1-VHHH,5
CN,2605,KWE,DUDIT,W181,CN-2605-KAMUD-ZGGG-01,KAMUD-ZGGG-01,7
CN,2605,KWE,DUDIT,W181,CN-2605-KAMUD-ZGGG-02,KAMUD-ZGGG-02,7
CN,2605,KWE,DUDIT,W181,CN-2605-MN-TAMOT,MN-TAMOT,2
CN,2605,KWE,DUDIT,W181,CN-2605-MN-VHHH,MN-VHHH,2
CN,2605,KWE,DUDIT,W181,CN-2605-MORIT-TAMOT,MORIT-TAMOT,2
CN,2605,KWE,DUDIT,W181,CN-2605-MORIT-VHHH,MORIT-VHHH,2
CN,2605,KWE,DUDIT,W181,CN-2605-MORIT-VMMC,MORIT-VMMC,2
CN,2605,KWE,DUDIT,W181,CN-2605-MORIT-ZGGG-01,MORIT-ZGGG-01,2
CN,2605,KWE,DUDIT,W181,CN-2605-MORIT-ZGSZ-01,MORIT-ZGSZ-01,2
CN,2605,KWE,DUDIT,W181,CN-2605-MORIT-ZJHK-01,MORIT-ZJHK-01,2
CN,2605,KWE,DUDIT,W181,CN-2605-MORIT-ZJSY-01,MORIT-ZJSY-01,2
CN,2605,KWE,DUDIT,W181,CN-2605-MPSMS-TAMOT,MPSMS-TAMOT,20
CN,2605,KWE,DUDIT,W181,CN-2605-MPSMS-VHHH,MPSMS-VHHH,26
CN,2605,KWE,DUDIT,W181,CN-2605-OGIGI-ZGGG-01,OGIGI-ZGGG-01,8
CN,2605,KWE,DUDIT,W181,CN-2605-PURPA-W112-VHHH,PURPA-W112-VHHH,5
CN,2605,KWE,DUDIT,W181,CN-2605-RULAD-G470-TAMOT,RULAD-G470-TAMOT,7
CN,2605,KWE,DUDIT,W181,CN-2605-RULAD-G470-VHHH,RULAD-G470-VHHH,7
CN,2605,KWE,DUDIT,W181,CN-2605-RULAD-L888-TAMOT,RULAD-L888-TAMOT,7
CN,2605,KWE,DUDIT,W181,CN-2605-RULAD-L888-VHHH,RULAD-L888-VHHH,7
CN,2605,KWE,DUDIT,W181,CN-2605-RULAD-TAMOT,RULAD-TAMOT,6
CN,2605,KWE,DUDIT,W181,CN-2605-RULAD-VHHH,RULAD-VHHH,6
CN,2605,KWE,DUDIT,W181,CN-2605-RULAD-VMMC,RULAD-VMMC,6
CN,2605,KWE,DUDIT,W181,CN-2605-RULAD-Y1-TAMOT,RULAD-Y1-TAMOT,6
CN,2605,KWE,DUDIT,W181,CN-2605-RULAD-Y1-VHHH,RULAD-Y1-VHHH,6
CN,2605,KWE,DUDIT,W181,CN-2605-RULAD-ZGGG-01,RULAD-ZGGG-01,7
CN,2605,KWE,DUDIT,W181,CN-2605-RULAD-ZGSZ-01,RULAD-ZGSZ-01,7
CN,2605,KWE,DUDIT,W181,CN-2605-RULAD-ZJHK-02,RULAD-ZJHK-02,7
CN,2605,KWE,DUDIT,W181,CN-2605-RULAD-ZJSY-02,RULAD-ZJSY-02,7
CN,2605,KWE,DUDIT,W181,CN-2605-SARIN-G470-TAMOT,SARIN-G470-TAMOT,6
CN,2605,KWE,DUDIT,W181,CN-2605-SARIN-G470-VHHH,SARIN-G470-VHHH,6
CN,2605,KWE,DUDIT,W181,CN-2605-SARIN-VHHH,SARIN-VHHH,5
CN,2605,KWE,DUDIT,W181,CN-2605-SARIN-ZGGG-01,SARIN-ZGGG-01,6
CN,2605,KWE,DUDIT,W181,CN-2605-SARIN-ZGGG-02,SARIN-ZGGG-02,5
CN,2605,KWE,DUDIT,W181,CN-2605-SARIN-ZGSZ-01,SARIN-ZGSZ-01,6
CN,2605,KWE,DUDIT,W181,CN-2605-SARIN-ZGSZ-02,SARIN-ZGSZ-02,5
CN,2605,KWE,DUDIT,W181,CN-2605-SARIN-ZJSY-02,SARIN-ZJSY-02,6
CN,2605,KWE,DUDIT,W181,CN-2605-SG-G470-TAMOT,SG-G470-TAMOT,6
CN,2605,KWE,DUDIT,W181,CN-2605-SG-G470-TAMOT,SG-G470-TAMOT,17
CN,2605,KWE,DUDIT,W181,CN-2605-SG-G470-VHHH,SG-G470-VHHH,6
CN,2605,KWE,DUDIT,W181,CN-2605-SG-G470-VHHH,SG-G470-VHHH,17
CN,2605,KWE,DUDIT,W181,CN-2605-SGM-G470-TAMOT,SGM-G470-TAMOT,6
CN,2605,KWE,DUDIT,W181,CN-2605-SGM-G470-TAMOT,SGM-G470-TAMOT,17
CN,2605,KWE,DUDIT,W181,CN-2605-SGM-G470-TAMOT,SGM-G470-TAMOT,22
CN,2605,KWE,DUDIT,W181,CN-2605-SGM-G470-VHHH,SGM-G470-VHHH,6
CN,2605,KWE,DUDIT,W181,CN-2605-SGM-G470-VHHH,SGM-G470-VHHH,17
CN,2605,KWE,DUDIT,W181,CN-2605-SGM-G470-VHHH,SGM-G470-VHHH,22
CN,2605,KWE,DUDIT,W181,CN-2605-SGM-TAMOT,SGM-TAMOT,5
CN,2605,KWE,DUDIT,W181,CN-2605-SGM-TAMOT,SGM-TAMOT,13
CN,2605,KWE,DUDIT,W181,CN-2605-SGM-TAMOT,SGM-TAMOT,18
CN,2605,KWE,DUDIT,W181,CN-2605-SGM-VHHH,SGM-VHHH,5
CN,2605,KWE,DUDIT,W181,CN-2605-SGM-VHHH,SGM-VHHH,13
CN,2605,KWE,DUDIT,W181,CN-2605-SGM-VHHH,SGM-VHHH,18
CN,2605,KWE,DUDIT,W181,CN-2605-SGMN-G470-TAMOT,SGMN-G470-TAMOT,6
CN,2605,KWE,DUDIT,W181,CN-2605-SGMN-G470-TAMOT,SGMN-G470-TAMOT,17
CN,2605,KWE,DUDIT,W181,CN-2605-SGMN-G470-TAMOT,SGMN-G470-TAMOT,22
CN,2605,KWE,DUDIT,W181,CN-2605-SGMN-G470-VHHH,SGMN-G470-VHHH,6
CN,2605,KWE,DUDIT,W181,CN-2605-SGMN-G470-VHHH,SGMN-G470-VHHH,17
CN,2605,KWE,DUDIT,W181,CN-2605-SGMN-G470-VHHH,SGMN-G470-VHHH,22
CN,2605,KWE,DUDIT,W181,CN-2605-SGMN-TAMOT,SGMN-TAMOT,5
CN,2605,KWE,DUDIT,W181,CN-2605-SGMN-TAMOT,SGMN-TAMOT,13
CN,2605,KWE,DUDIT,W181,CN-2605-SGMN-TAMOT,SGMN-TAMOT,18
CN,2605,KWE,DUDIT,W181,CN-2605-SGMN-VHHH,SGMN-VHHH,5
CN,2605,KWE,DUDIT,W181,CN-2605-SGMN-VHHH,SGMN-VHHH,16
CN,2605,KWE,DUDIT,W181,CN-2605-SGMN-VHHH,SGMN-VHHH,21
CN,2605,KWE,DUDIT,W181,CN-2605-SGMRK-G470-TAMOT,SGMRK-G470-TAMOT,6
CN,2605,KWE,DUDIT,W181,CN-2605-SGMRK-G470-TAMOT,SGMRK-G470-TAMOT,17
CN,2605,KWE,DUDIT,W181,CN-2605-SGMRK-G470-TAMOT,SGMRK-G470-TAMOT,22
CN,2605,KWE,DUDIT,W181,CN-2605-SGMRK-G470-TAMOT,SGMRK-G470-TAMOT,32
CN,2605,KWE,DUDIT,W181,CN-2605-SGMRK-G470-TAMOT,SGMRK-G470-TAMOT,42
CN,2605,KWE,DUDIT,W181,CN-2605-SGMRK-G470-VHHH,SGMRK-G470-VHHH,6
CN,2605,KWE,DUDIT,W181,CN-2605-SGMRK-G470-VHHH,SGMRK-G470-VHHH,17
CN,2605,KWE,DUDIT,W181,CN-2605-SGMRK-G470-VHHH,SGMRK-G470-VHHH,22
CN,2605,KWE,DUDIT,W181,CN-2605-SGMRK-G470-VHHH,SGMRK-G470-VHHH,32
CN,2605,KWE,DUDIT,W181,CN-2605-SGMRK-G470-VHHH,SGMRK-G470-VHHH,42
CN,2605,KWE,DUDIT,W181,CN-2605-SGMRK-G470/L888-TAMOT,SGMRK-G470/L888-TAMOT,6
CN,2605,KWE,DUDIT,W181,CN-2605-SGMRK-G470/L888-TAMOT,SGMRK-G470/L888-TAMOT,17
CN,2605,KWE,DUDIT,W181,CN-2605-SGMRK-G470/L888-TAMOT,SGMRK-G470/L888-TAMOT,22
CN,2605,KWE,DUDIT,W181,CN-2605-SGMRK-G470/L888-TAMOT,SGMRK-G470/L888-TAMOT,32
CN,2605,KWE,DUDIT,W181,CN-2605-SGMRK-G470/L888-TAMOT,SGMRK-G470/L888-TAMOT,40
CN,2605,KWE,DUDIT,W181,CN-2605-SGMRK-G470/L888-VHHH,SGMRK-G470/L888-VHHH,6
CN,2605,KWE,DUDIT,W181,CN-2605-SGMRK-G470/L888-VHHH,SGMRK-G470/L888-VHHH,17
CN,2605,KWE,DUDIT,W181,CN-2605-SGMRK-G470/L888-VHHH,SGMRK-G470/L888-VHHH,22
CN,2605,KWE,DUDIT,W181,CN-2605-SGMRK-G470/L888-VHHH,SGMRK-G470/L888-VHHH,32
CN,2605,KWE,DUDIT,W181,CN-2605-SGMRK-G470/L888-VHHH,SGMRK-G470/L888-VHHH,40
CN,2605,KWE,DUDIT,W181,CN-2605-SGMRK-G470/Y1-TAMOT,SGMRK-G470/Y1-TAMOT,6
CN,2605,KWE,DUDIT,W181,CN-2605-SGMRK-G470/Y1-TAMOT,SGMRK-G470/Y1-TAMOT,17
CN,2605,KWE,DUDIT,W181,CN-2605-SGMRK-G470/Y1-TAMOT,SGMRK-G470/Y1-TAMOT,22
CN,2605,KWE,DUDIT,W181,CN-2605-SGMRK-G470/Y1-TAMOT,SGMRK-G470/Y1-TAMOT,31
CN,2605,KWE,DUDIT,W181,CN-2605-SGMRK-G470/Y1-TAMOT,SGMRK-G470/Y1-TAMOT,39
CN,2605,KWE,DUDIT,W181,CN-2605-SGMRK-G470/Y1-VHHH,SGMRK-G470/Y1-VHHH,6
CN,2605,KWE,DUDIT,W181,CN-2605-SGMRK-G470/Y1-VHHH,SGMRK-G470/Y1-VHHH,17
CN,2605,KWE,DUDIT,W181,CN-2605-SGMRK-G470/Y1-VHHH,SGMRK-G470/Y1-VHHH,22
CN,2605,KWE,DUDIT,W181,CN-2605-SGMRK-G470/Y1-VHHH,SGMRK-G470/Y1-VHHH,31
CN,2605,KWE,DUDIT,W181,CN-2605-SGMRK-G470/Y1-VHHH,SGMRK-G470/Y1-VHHH,39
CN,2605,KWE,DUDIT,W181,CN-2605-SGMRN-G470-TAMOT,SGMRN-G470-TAMOT,6
CN,2605,KWE,DUDIT,W181,CN-2605-SGMRN-G470-TAMOT,SGMRN-G470-TAMOT,17
CN,2605,KWE,DUDIT,W181,CN-2605-SGMRN-G470-TAMOT,SGMRN-G470-TAMOT,22
CN,2605,KWE,DUDIT,W181,CN-2605-SGMRN-G470-TAMOT,SGMRN-G470-TAMOT,32
CN,2605,KWE,DUDIT,W181,CN-2605-SGMRN-G470-VHHH,SGMRN-G470-VHHH,6
CN,2605,KWE,DUDIT,W181,CN-2605-SGMRN-G470-VHHH,SGMRN-G470-VHHH,17
CN,2605,KWE,DUDIT,W181,CN-2605-SGMRN-G470-VHHH,SGMRN-G470-VHHH,22
CN,2605,KWE,DUDIT,W181,CN-2605-SGMRN-G470-VHHH,SGMRN-G470-VHHH,32
CN,2605,KWE,DUDIT,W181,CN-2605-SGMRN-G470/L888-TAMOT,SGMRN-G470/L888-TAMOT,6
CN,2605,KWE,DUDIT,W181,CN-2605-SGMRN-G470/L888-TAMOT,SGMRN-G470/L888-TAMOT,17
CN,2605,KWE,DUDIT,W181,CN-2605-SGMRN-G470/L888-TAMOT,SGMRN-G470/L888-TAMOT,22
CN,2605,KWE,DUDIT,W181,CN-2605-SGMRN-G470/L888-TAMOT,SGMRN-G470/L888-TAMOT,32
CN,2605,KWE,DUDIT,W181,CN-2605-SGMRN-G470/L888-VHHH,SGMRN-G470/L888-VHHH,6
CN,2605,KWE,DUDIT,W181,CN-2605-SGMRN-G470/L888-VHHH,SGMRN-G470/L888-VHHH,17
CN,2605,KWE,DUDIT,W181,CN-2605-SGMRN-G470/L888-VHHH,SGMRN-G470/L888-VHHH,22
CN,2605,KWE,DUDIT,W181,CN-2605-SGMRN-G470/L888-VHHH,SGMRN-G470/L888-VHHH,32
CN,2605,KWE,DUDIT,W181,CN-2605-SGMRN-G470/Y1-TAMOT,SGMRN-G470/Y1-TAMOT,6
CN,2605,KWE,DUDIT,W181,CN-2605-SGMRN-G470/Y1-TAMOT,SGMRN-G470/Y1-TAMOT,17
CN,2605,KWE,DUDIT,W181,CN-2605-SGMRN-G470/Y1-TAMOT,SGMRN-G470/Y1-TAMOT,22
CN,2605,KWE,DUDIT,W181,CN-2605-SGMRN-G470/Y1-TAMOT,SGMRN-G470/Y1-TAMOT,31
CN,2605,KWE,DUDIT,W181,CN-2605-SGMRN-G470/Y1-VHHH,SGMRN-G470/Y1-VHHH,6
CN,2605,KWE,DUDIT,W181,CN-2605-SGMRN-G470/Y1-VHHH,SGMRN-G470/Y1-VHHH,17
CN,2605,KWE,DUDIT,W181,CN-2605-SGMRN-G470/Y1-VHHH,SGMRN-G470/Y1-VHHH,22
CN,2605,KWE,DUDIT,W181,CN-2605-SGMRN-G470/Y1-VHHH,SGMRN-G470/Y1-VHHH,31
CN,2605,KWE,DUDIT,W181,CN-2605-SM-TAMOT,SM-TAMOT,6
CN,2605,KWE,DUDIT,W181,CN-2605-SM-TAMOT,SM-TAMOT,11
CN,2605,KWE,DUDIT,W181,CN-2605-SM-VHHH,SM-VHHH,6
CN,2605,KWE,DUDIT,W181,CN-2605-SM-VHHH,SM-VHHH,11
CN,2605,KWE,DUDIT,W181,CN-2605-SRK-L888-TAMOT,SRK-L888-TAMOT,6
CN,2605,KWE,DUDIT,W181,CN-2605-SRK-L888-TAMOT,SRK-L888-TAMOT,16
CN,2605,KWE,DUDIT,W181,CN-2605-SRK-L888-TAMOT,SRK-L888-TAMOT,24
CN,2605,KWE,DUDIT,W181,CN-2605-SRK-L888-VHHH,SRK-L888-VHHH,6
CN,2605,KWE,DUDIT,W181,CN-2605-SRK-L888-VHHH,SRK-L888-VHHH,16
CN,2605,KWE,DUDIT,W181,CN-2605-SRK-L888-VHHH,SRK-L888-VHHH,24
CN,2605,KWE,DUDIT,W181,CN-2605-SRK-TAMOT,SRK-TAMOT,6
CN,2605,KWE,DUDIT,W181,CN-2605-SRK-TAMOT,SRK-TAMOT,16
CN,2605,KWE,DUDIT,W181,CN-2605-SRK-TAMOT,SRK-TAMOT,26
CN,2605,KWE,DUDIT,W181,CN-2605-SRK-VHHH,SRK-VHHH,6
CN,2605,KWE,DUDIT,W181,CN-2605-SRK-VHHH,SRK-VHHH,16
CN,2605,KWE,DUDIT,W181,CN-2605-SRK-VHHH,SRK-VHHH,26
CN,2605,KWE,DUDIT,W181,CN-2605-SRK-Y1-TAMOT,SRK-Y1-TAMOT,6
CN,2605,KWE,DUDIT,W181,CN-2605-SRK-Y1-TAMOT,SRK-Y1-TAMOT,15
CN,2605,KWE,DUDIT,W181,CN-2605-SRK-Y1-TAMOT,SRK-Y1-TAMOT,23
CN,2605,KWE,DUDIT,W181,CN-2605-SRK-Y1-VHHH,SRK-Y1-VHHH,6
CN,2605,KWE,DUDIT,W181,CN-2605-SRK-Y1-VHHH,SRK-Y1-VHHH,15
CN,2605,KWE,DUDIT,W181,CN-2605-SRK-Y1-VHHH,SRK-Y1-VHHH,23
CN,2605,KWE,DUDIT,W181,CN-2605-SRKL-L888-VHHH,SRKL-L888-VHHH,5
CN,2605,KWE,DUDIT,W181,CN-2605-SRKL-L888-VHHH,SRKL-L888-VHHH,15
CN,2605,KWE,DUDIT,W181,CN-2605-SRKL-L888-VHHH,SRKL-L888-VHHH,23
CN,2605,KWE,DUDIT,W181,CN-2605-SRKL-VHHH,SRKL-VHHH,5
CN,2605,KWE,DUDIT,W181,CN-2605-SRKL-VHHH,SRKL-VHHH,15
CN,2605,KWE,DUDIT,W181,CN-2605-SRKL-VHHH,SRKL-VHHH,25
CN,2605,KWE,DUDIT,W181,CN-2605-SRKL-W191-TAMOT,SRKL-W191-TAMOT,6
CN,2605,KWE,DUDIT,W181,CN-2605-SRKL-W191-TAMOT,SRKL-W191-TAMOT,16
CN,2605,KWE,DUDIT,W181,CN-2605-SRKL-W191-TAMOT,SRKL-W191-TAMOT,26
CN,2605,KWE,DUDIT,W181,CN-2605-SRKL-W191-VHHH,SRKL-W191-VHHH,6
CN,2605,KWE,DUDIT,W181,CN-2605-SRKL-W191-VHHH,SRKL-W191-VHHH,16
CN,2605,KWE,DUDIT,W181,CN-2605-SRKL-W191-VHHH,SRKL-W191-VHHH,26
CN,2605,KWE,DUDIT,W181,CN-2605-SRKL-W191/L888-TAMOT,SRKL-W191/L888-TAMOT,6
CN,2605,KWE,DUDIT,W181,CN-2605-SRKL-W191/L888-TAMOT,SRKL-W191/L888-TAMOT,16
CN,2605,KWE,DUDIT,W181,CN-2605-SRKL-W191/L888-TAMOT,SRKL-W191/L888-TAMOT,24
CN,2605,KWE,DUDIT,W181,CN-2605-SRKL-W191/L888-VHHH,SRKL-W191/L888-VHHH,6
CN,2605,KWE,DUDIT,W181,CN-2605-SRKL-W191/L888-VHHH,SRKL-W191/L888-VHHH,16
CN,2605,KWE,DUDIT,W181,CN-2605-SRKL-W191/L888-VHHH,SRKL-W191/L888-VHHH,24
CN,2605,KWE,DUDIT,W181,CN-2605-SRKL-W191/Y1-TAMOT,SRKL-W191/Y1-TAMOT,6
CN,2605,KWE,DUDIT,W181,CN-2605-SRKL-W191/Y1-TAMOT,SRKL-W191/Y1-TAMOT,15
CN,2605,KWE,DUDIT,W181,CN-2605-SRKL-W191/Y1-TAMOT,SRKL-W191/Y1-TAMOT,23
CN,2605,KWE,DUDIT,W181,CN-2605-SRKL-W191/Y1-VHHH,SRKL-W191/Y1-VHHH,6
CN,2605,KWE,DUDIT,W181,CN-2605-SRKL-W191/Y1-VHHH,SRKL-W191/Y1-VHHH,15
CN,2605,KWE,DUDIT,W181,CN-2605-SRKL-W191/Y1-VHHH,SRKL-W191/Y1-VHHH,23
CN,2605,KWE,DUDIT,W181,CN-2605-SRKL-Y1-VHHH,SRKL-Y1-VHHH,5
CN,2605,KWE,DUDIT,W181,CN-2605-SRKL-Y1-VHHH,SRKL-Y1-VHHH,14
CN,2605,KWE,DUDIT,W181,CN-2605-SRKL-Y1-VHHH,SRKL-Y1-VHHH,22
CN,2605,KWE,DUDIT,W181,CN-2605-SRL-L888-VHHH,SRL-L888-VHHH,5
CN,2605,KWE,DUDIT,W181,CN-2605-SRL-L888-VHHH,SRL-L888-VHHH,15
CN,2605,KWE,DUDIT,W181,CN-2605-SRL-TAMOT,SRL-TAMOT,5
CN,2605,KWE,DUDIT,W181,CN-2605-SRL-TAMOT,SRL-TAMOT,14
CN,2605,KWE,DUDIT,W181,CN-2605-SRL-VHHH,SRL-VHHH,5
CN,2605,KWE,DUDIT,W181,CN-2605-SRL-VHHH,SRL-VHHH,15
CN,2605,KWE,DUDIT,W181,CN-2605-SRL-W191-TAMOT,SRL-W191-TAMOT,6
CN,2605,KWE,DUDIT,W181,CN-2605-SRL-W191-TAMOT,SRL-W191-TAMOT,16
CN,2605,KWE,DUDIT,W181,CN-2605-SRL-W191-VHHH,SRL-W191-VHHH,6
CN,2605,KWE,DUDIT,W181,CN-2605-SRL-W191-VHHH,SRL-W191-VHHH,16
CN,2605,KWE,DUDIT,W181,CN-2605-SRL-W191/L888-TAMOT,SRL-W191/L888-TAMOT,6
CN,2605,KWE,DUDIT,W181,CN-2605-SRL-W191/L888-TAMOT,SRL-W191/L888-TAMOT,16
CN,2605,KWE,DUDIT,W181,CN-2605-SRL-W191/L888-VHHH,SRL-W191/L888-VHHH,6
CN,2605,KWE,DUDIT,W181,CN-2605-SRL-W191/L888-VHHH,SRL-W191/L888-VHHH,16
CN,2605,KWE,DUDIT,W181,CN-2605-SRL-W191/Y1-TAMOT,SRL-W191/Y1-TAMOT,6
CN,2605,KWE,DUDIT,W181,CN-2605-SRL-W191/Y1-TAMOT,SRL-W191/Y1-TAMOT,15
CN,2605,KWE,DUDIT,W181,CN-2605-SRL-W191/Y1-VHHH,SRL-W191/Y1-VHHH,6
CN,2605,KWE,DUDIT,W181,CN-2605-SRL-W191/Y1-VHHH,SRL-W191/Y1-VHHH,15
CN,2605,KWE,DUDIT,W181,CN-2605-SRL-Y1-VHHH,SRL-Y1-VHHH,5
CN,2605,KWE,DUDIT,W181,CN-2605-SRL-Y1-VHHH,SRL-Y1-VHHH,14
CN,2605,KWE,DUDIT,W181,CN-2605-ZLLL-VHHH-01,ZLLL-VHHH-01,2
CN,2605,KWE,DUDIT,W181,CN-2605-ZLLL-VMMC-01,ZLLL-VMMC-01,2
CN,2605,KWE,DUDIT,W181,CN-2605-ZLXN-RCTP-01,ZLXN-RCTP-01,3
CN,2605,KWE,DUDIT,W181,CN-2605-ZLXN-TAMOT-01,ZLXN-TAMOT-01,3
CN,2605,KWE,DUDIT,W181,CN-2605-ZUTF-RCSS-01,ZUTF-RCSS-01,3
CN,2605,KWE,DUDIT,W181,CN-2605-ZUTF-RCTP-01,ZUTF-RCTP-01,3
CN,2605,KWE,DUDIT,W181,CN-2605-ZUTF-TAMOT-01,ZUTF-TAMOT-01,3
CN,2605,KWE,DUDIT,W181,CN-2605-ZUTF-VHHH-01,ZUTF-VHHH-01,3
CN,2605,KWE,DUDIT,W181,CN-2605-ZUTF-VMMC-01,ZUTF-VMMC-01,3
CN,2605,KWE,DUDIT,W181,CN-2605-ZUUU-RCKH-01,ZUUU-RCKH-01,2
CN,2605,KWE,DUDIT,W181,CN-2605-ZUUU-RCMQ-01,ZUUU-RCMQ-01,2
CN,2605,KWE,DUDIT,W181,CN-2605-ZUUU-RCSS-01,ZUUU-RCSS-01,2
CN,2605,KWE,DUDIT,W181,CN-2605-ZUUU-RCTP-01,ZUUU-RCTP-01,2
CN,2605,KWE,DUDIT,W181,CN-2605-ZUUU-RCYU-01,ZUUU-RCYU-01,2
CN,2605,KWE,DUDIT,W181,CN-2605-ZUUU-TAMOT-01,ZUUU-TAMOT-01,2
CN,2605,KWE,DUDIT,W181,CN-2605-ZUUU-VHHH-01,ZUUU-VHHH-01,2
CN,2605,KWE,DUDIT,W181,CN-2605-ZUUU-VMMC-01,ZUUU-VMMC-01,2
CN,2605,KWE,DUDIT,W181,CN-2605-ZWWW-VHHH-01,ZWWW-VHHH-01,8
CN,2605,KWE,DUDIT,W181,CN-2605-ZWWW-VHHH-02,ZWWW-VHHH-02,5
CN,2605,KWE,DUDIT,W181,CN-2605-ZWWW-VMMC-01,ZWWW-VMMC-01,8
CN,2605,KYU,TELOK,A345,CN-2605-ZYTX-TELOK-01,ZYTX-TELOK-01,1
CN,2605,LADIX,ANRAT,W34,CN-2605-PURPA-ZYTL-01,PURPA-ZYTL-01,8
CN,2605,LADIX,ANRAT,W34,CN-2605-PURPA-ZYTL-02,PURPA-ZYTL-02,8
CN,2605,LADIX,ASILA,B339,CN-2605-AGAVO-B339-KAMUD,AGAVO-B339-KAMUD,6
CN,2605,LADIX,ASILA,B339,CN-2605-AGAVO-B339-PURPA,AGAVO-B339-PURPA,6
CN,2605,LADIX,ASILA,B339,CN-2605-AGAVO-B339-RULAD,AGAVO-B339-RULAD,6
CN,2605,LADIX,ASILA,B339,CN-2605-AGAVO-B339-SARIN,AGAVO-B339-SARIN,6
CN,2605,LADIX,ASILA,B339,CN-2605-AGAVO-B339-SRK,AGAVO-B339-SRK,6
CN,2605,LADIX,ASILA,B339,CN-2605-AGAVO-B339-SRK,AGAVO-B339-SRK,19
CN,2605,LADIX,ASILA,B339,CN-2605-AGAVO-B339-SRK,AGAVO-B339-SRK,33
CN,2605,LADIX,ASILA,B339,CN-2605-ZSYT-RULAD-01,ZSYT-RULAD-01,4
CN,2605,LADIX,ASILA,B339,CN-2605-ZSYT-SARIN-01,ZSYT-SARIN-01,4
CN,2605,LADIX,POLHO,B339,CN-2605-AGAVO-POLHO,AGAVO-POLHO,6
CN,2605,LADIX,POLHO,B339,CN-2605-ZSQD-POLHO-01,ZSQD-POLHO-01,5
CN,2605,LADIX,POLHO,B339,CN-2605-ZSYT-POLHO-01,ZSYT-POLHO-01,4
CN,2605,LADIX,POLHO,B339,CN-2605-ZYTL-POLHO-01,ZYTL-POLHO-01,4
CN,2605,LADIX,VAPGU,W34,CN-2605-KAMUD-AGAVO,KAMUD-AGAVO,7
CN,2605,LADIX,VAPGU,W34,CN-2605-PURPA-W112-AGAVO,PURPA-W112-AGAVO,8
CN,2605,LADIX,VAPGU,W34,CN-2605-RK-AGAVO,RK-AGAVO,7
CN,2605,LADIX,VAPGU,W34,CN-2605-RK-AGAVO,RK-AGAVO,19
CN,2605,LADIX,VAPGU,W34,CN-2605-RKL-AGAVO,RKL-AGAVO,7
CN,2605,LADIX,VAPGU,W34,CN-2605-RKL-AGAVO,RKL-AGAVO,19
CN,2605,LADIX,VAPGU,W34,CN-2605-RULAD-AGAVO,RULAD-AGAVO,7
CN,2605,LADIX,VAPGU,W34,CN-2605-RULAD-ZSYT-01,RULAD-ZSYT-01,7
CN,2605,LADIX,VAPGU,W34,CN-2605-SARIN-AGAVO,SARIN-AGAVO,6
CN,2605,LADIX,VAPGU,W34,CN-2605-SARIN-ZSYT-01,SARIN-ZSYT-01,6
CN,2605,LADIX,VAPGU,W34,CN-2605-SRK-AGAVO,SRK-AGAVO,6
CN,2605,LADIX,VAPGU,W34,CN-2605-SRK-AGAVO,SRK-AGAVO,18
CN,2605,LADIX,VAPGU,W34,CN-2605-SRK-AGAVO,SRK-AGAVO,30
CN,2605,LADIX,VAPGU,W34,CN-2605-ZBHH-AGAVO-01,ZBHH-AGAVO-01,3
CN,2605,LADIX,VAPGU,W34,CN-2605-ZBOW-AGAVO-01,ZBOW-AGAVO-01,6
CN,2605,LADIX,VAPGU,W34,CN-2605-ZLDH-AGAVO-01,ZLDH-AGAVO-01,6
CN,2605,LADIX,VAPGU,W34,CN-2605-ZWWW-AGAVO-01,ZWWW-AGAVO-01,6
CN,2605,LAGAL,HUN,W525,CN-2605-BEKOL-ZSSH-01,BEKOL-ZSSH-01,8
CN,2605,LAGAL,HUN,W525,CN-2605-LAMEN-ZSSH-01,LAMEN-ZSSH-01,2
CN,2605,LAGAL,HUN,W525,CN-2605-LAMEN-ZSSH-02,LAMEN-ZSSH-02,6
CN,2605,LAGAL,HUN,W525,CN-2605-MAGOG-ZSSH-01,MAGOG-ZSSH-01,5
CN,2605,LAGAL,HUN,W525,CN-2605-RCTP-ZSSH-01,RCTP-ZSSH-01,6
CN,2605,LAGAL,HUN,W525,CN-2605-TEBAK-ZSSH-01,TEBAK-ZSSH-01,10
CN,2605,LAGAL,HUN,W525,CN-2605-VHHH-ZSSH-01,VHHH-ZSSH-01,5
CN,2605,LAGAL,HUN,W525,CN-2605-ZSNJ-AGAVO-01,ZSNJ-AGAVO-01,2
CN,2605,LAGAL,NIXEM,A593,CN-2605-ZSSH-LAMEN-02,ZSSH-LAMEN-02,2
CN,2605,LAGAL,OF,W178,CN-2605-AGAVO-ZSNJ-01,AGAVO-ZSNJ-01,6
CN,2605,LAGAL,OF,W178,CN-2605-ZSSH-MAGOG-01,ZSSH-MAGOG-01,2
CN,2605,LAGAL,OF,W178,CN-2605-ZSSH-RCTP-01,ZSSH-RCTP-01,2
CN,2605,LAGAL,OF,W178,CN-2605-ZSSH-TAMOT-01,ZSSH-TAMOT-01,2
CN,2605,LAGAL,OF,W178,CN-2605-ZSSH-TEBAK-01,ZSSH-TEBAK-01,2
CN,2605,LAGAL,OF,W178,CN-2605-ZSSH-VHHH-01,ZSSH-VHHH-01,2
CN,2605,LAGAL,PK,A593,CN-2605-ZSSH-LAMEN-01,ZSSH-LAMEN-01,2
CN,2605,LAGEB,NUKTI,W66,CN-2605-AGAVO-B339-KAMUD,AGAVO-B339-KAMUD,9
CN,2605,LAGEB,NUKTI,W66,CN-2605-AGAVO-B339-PURPA,AGAVO-B339-PURPA,9
CN,2605,LAGEB,NUKTI,W66,CN-2605-AGAVO-B339-RULAD,AGAVO-B339-RULAD,9
CN,2605,LAGEB,NUKTI,W66,CN-2605-AGAVO-B339-SARIN,AGAVO-B339-SARIN,9
CN,2605,LAGEB,NUKTI,W66,CN-2605-AGAVO-B339-SRK,AGAVO-B339-SRK,10
CN,2605,LAGEB,NUKTI,W66,CN-2605-AGAVO-B339-SRK,AGAVO-B339-SRK,23
CN,2605,LAGEB,NUKTI,W66,CN-2605-AGAVO-B339-SRK,AGAVO-B339-SRK,37
CN,2605,LAGEB,NUKTI,W66,CN-2605-SADLI-RULAD,SADLI-RULAD,7
CN,2605,LAGEB,NUKTI,W66,CN-2605-ZBAA-AGVUT-01R,ZBAA-AGVUT-01R,4
CN,2605,LAGEB,NUKTI,W66,CN-2605-ZBAA-AGVUT-02R,ZBAA-AGVUT-02R,4
CN,2605,LAGEB,NUKTI,W66,CN-2605-ZBAA-KAMUD-01,ZBAA-KAMUD-01,4
CN,2605,LAGEB,NUKTI,W66,CN-2605-ZBAA-PURPA-01,ZBAA-PURPA-01,4
CN,2605,LAGEB,NUKTI,W66,CN-2605-ZBAA-PURPA-02,ZBAA-PURPA-02,4
CN,2605,LAGEB,NUKTI,W66,CN-2605-ZBAA-RULAD-01,ZBAA-RULAD-01,4
CN,2605,LAGEB,NUKTI,W66,CN-2605-ZBAA-SARIN-01,ZBAA-SARIN-01,4
CN,2605,LAGEB,NUKTI,W66,CN-2605-ZBAD-KAMUD-01,ZBAD-KAMUD-01,4
CN,2605,LAGEB,NUKTI,W66,CN-2605-ZBAD-OGIGI-01,ZBAD-OGIGI-01,4
CN,2605,LAGEB,NUKTI,W66,CN-2605-ZBAD-PURPA-01,ZBAD-PURPA-01,4
CN,2605,LAGEB,NUKTI,W66,CN-2605-ZBAD-PURPA-02,ZBAD-PURPA-02,4
CN,2605,LAGEB,NUKTI,W66,CN-2605-ZBAD-RULAD-01,ZBAD-RULAD-01,4
CN,2605,LAGEB,NUKTI,W66,CN-2605-ZBAD-SARIN-01,ZBAD-SARIN-01,4
CN,2605,LAGEB,NUKTI,W66,CN-2605-ZBTJ-KAMUD-01,ZBTJ-KAMUD-01,4
CN,2605,LAGEB,NUKTI,W66,CN-2605-ZBTJ-PURPA-01,ZBTJ-PURPA-01,4
CN,2605,LAGEB,NUKTI,W66,CN-2605-ZBTJ-PURPA-02,ZBTJ-PURPA-02,4
CN,2605,LAGEB,NUKTI,W66,CN-2605-ZBTJ-RULAD-01,ZBTJ-RULAD-01,4
CN,2605,LAGEB,NUKTI,W66,CN-2605-ZBTJ-SARIN-01,ZBTJ-SARIN-01,4
CN,2605,LAGEB,NUKTI,W66,CN-2605-ZHCC-RULAD-01,ZHCC-RULAD-01,3
CN,2605,LAGEB,NUKTI,W66,CN-2605-ZHCC-SARIN-01,ZHCC-SARIN-01,3
CN,2605,LAGEB,NUKTI,W66,CN-2605-ZHEC-KAMUD-01,ZHEC-KAMUD-01,4
CN,2605,LAGEB,NUKTI,W66,CN-2605-ZHEC-RULAD-01,ZHEC-RULAD-01,4
CN,2605,LAGEB,NUKTI,W66,CN-2605-ZHHH-KAMUD-01,ZHHH-KAMUD-01,4
CN,2605,LAGEB,NUKTI,W66,CN-2605-ZHHH-RULAD-01,ZHHH-RULAD-01,4
CN,2605,LAGEB,NUKTI,W66,CN-2605-ZHHH-SARIN-01,ZHHH-SARIN-01,4
CN,2605,LAGEB,NUKTI,W66,CN-2605-ZSAM-KAMUD-01,ZSAM-KAMUD-01,12
CN,2605,LAGEB,NUKTI,W66,CN-2605-ZSCN-RULAD-01,ZSCN-RULAD-01,6
CN,2605,LAGEB,NUKTI,W66,CN-2605-ZSCN-SARIN-01,ZSCN-SARIN-01,6
CN,2605,LAGEB,NUKTI,W66,CN-2605-ZSHC-SARIN-01,ZSHC-SARIN-01,6
CN,2605,LAGEB,NUKTI,W66,CN-2605-ZSPD-KAMUD-01,ZSPD-KAMUD-01,8
CN,2605,LAGEB,NUKTI,W66,CN-2605-ZSPD-PURPA-01,ZSPD-PURPA-01,8
CN,2605,LAGEB,NUKTI,W66,CN-2605-ZSPD-PURPA-02,ZSPD-PURPA-02,8
CN,2605,LAGEB,NUKTI,W66,CN-2605-ZSPD-RULAD-01,ZSPD-RULAD-01,8
CN,2605,LAGEB,NUKTI,W66,CN-2605-ZSPD-SARIN-01,ZSPD-SARIN-01,8
CN,2605,LAGEB,NUKTI,W66,CN-2605-ZSSS-PURPA-01,ZSSS-PURPA-01,8
CN,2605,LAGEB,NUKTI,W66,CN-2605-ZSSS-PURPA-02,ZSSS-PURPA-02,8
CN,2605,LAGEB,NUKTI,W66,CN-2605-ZSSS-SARIN-01,ZSSS-SARIN-01,8
CN,2605,LAGEB,NUKTI,W66,CN-2605-ZSYT-RULAD-01,ZSYT-RULAD-01,7
CN,2605,LAGEB,NUKTI,W66,CN-2605-ZSYT-SARIN-01,ZSYT-SARIN-01,7
CN,2605,LAGEB,NUKTI,W66,CN-2605-ZYTX-RULAD-01,ZYTX-RULAD-01,4
CN,2605,LAGEX,SJG,G586,CN-2605-ZLXY-TAMOT-02,ZLXY-TAMOT-02,7
CN,2605,LAGEX,SJG,G586,CN-2605-ZLXY-VHHH-02,ZLXY-VHHH-02,7
CN,2605,LAGEX,SJG,G586,CN-2605-ZLXY-VMMC-01,ZLXY-VMMC-01,7
CN,2605,LAGEX,SJG,G586,CN-2605-ZUCK-RCKH-01,ZUCK-RCKH-01,3
CN,2605,LAGEX,SJG,G586,CN-2605-ZUCK-RCMQ-01,ZUCK-RCMQ-01,3
CN,2605,LAGEX,SJG,G586,CN-2605-ZUCK-RCSS-01,ZUCK-RCSS-01,3
CN,2605,LAGEX,SJG,G586,CN-2605-ZUCK-RCTP-01,ZUCK-RCTP-01,3
CN,2605,LAGEX,SJG,G586,CN-2605-ZUCK-RCYU-01,ZUCK-RCYU-01,3
CN,2605,LAGEX,SJG,G586,CN-2605-ZUCK-TAMOT-01,ZUCK-TAMOT-01,3
CN,2605,LAGEX,SJG,G586,CN-2605-ZUCK-VHHH-01,ZUCK-VHHH-01,3
CN,2605,LAGEX,SJG,G586,CN-2605-ZUCK-VMMC-01,ZUCK-VMMC-01,3
CN,2605,LAGEX,SJG,G586,CN-2605-ZUGY-RCKH-01,ZUGY-RCKH-01,2
CN,2605,LAGEX,SJG,G586,CN-2605-ZUGY-RCTP-01,ZUGY-RCTP-01,2
CN,2605,LAGEX,SJG,G586,CN-2605-ZUGY-RCYU-01,ZUGY-RCYU-01,2
CN,2605,LAGEX,SJG,G586,CN-2605-ZUGY-TAMOT-01,ZUGY-TAMOT-01,2
CN,2605,LAGEX,SJG,G586,CN-2605-ZUGY-TEBAK-01,ZUGY-TEBAK-01,2
CN,2605,LAGEX,SJG,G586,CN-2605-ZUGY-VHHH-01,ZUGY-VHHH-01,2
CN,2605,LAGEX,SJG,G586,CN-2605-ZUGY-VMMC-01,ZUGY-VMMC-01,2
CN,2605,LAMEN,ABTUB,A593,CN-2605-LAMEN-ZSJN-01,LAMEN-ZSJN-01,1
CN,2605,LAMEN,AKARA,A593,CN-2605-LAMEN-ZSNJ-02,LAMEN-ZSNJ-02,1
CN,2605,LAMEN,AKARA,A593,CN-2605-LAMEN-ZSQD-01,LAMEN-ZSQD-01,1
CN,2605,LAMEN,AKARA,A593,CN-2605-LAMEN-ZSSH-02,LAMEN-ZSSH-02,1
CN,2605,LAMEN,DALIM,A593,CN-2605-LAMEN-ZBAA-01,LAMEN-ZBAA-01,1
CN,2605,LAMEN,DUMET,A593,CN-2605-LAMEN-ZGSZ-02,LAMEN-ZGSZ-02,1
CN,2605,LAMEN,DUMET,A593,CN-2605-LAMEN-ZSAM-01,LAMEN-ZSAM-01,1
CN,2605,LAMEN,DUMET,A593,CN-2605-LAMEN-ZSAM-02,LAMEN-ZSAM-02,1
CN,2605,LAMEN,DUMET,A593,CN-2605-LAMEN-ZSFZ-01,LAMEN-ZSFZ-01,1
CN,2605,LAMEN,DUMET,A593,CN-2605-LAMEN-ZSFZ-02,LAMEN-ZSFZ-02,1
CN,2605,LAMEN,DUMET,A593,CN-2605-LAMEN-ZSHC-01,LAMEN-ZSHC-01,1
CN,2605,LAMEN,DUMET,A593,CN-2605-LAMEN-ZSWZ-01,LAMEN-ZSWZ-01,1
CN,2605,LAMEN,IPRAG,A593,CN-2605-LAMEN-ZSNB-01,LAMEN-ZSNB-01,1
CN,2605,LAMEN,LAGAL,A593,CN-2605-LAMEN-ZSSH-01,LAMEN-ZSSH-01,1
CN,2605,LAMEN,OMUDI,A593,CN-2605-LAMEN-ZSXZ-01,LAMEN-ZSXZ-01,1
CN,2605,LAMEN,PIMOL,A593,CN-2605-LAMEN-ZSYA-01,LAMEN-ZSYA-01,1
CN,2605,LAMEN,PK,A593,CN-2605-LAMEN-ZGDY-01,LAMEN-ZGDY-01,1
CN,2605,LAMEN,PK,A593,CN-2605-LAMEN-ZGHA-01,LAMEN-ZGHA-01,1
CN,2605,LAMEN,PK,A593,CN-2605-LAMEN-ZGKL-01,LAMEN-ZGKL-01,1
CN,2605,LAMEN,PK,A593,CN-2605-LAMEN-ZGNN-01,LAMEN-ZGNN-01,1
CN,2605,LAMEN,PK,A593,CN-2605-LAMEN-ZHCC-01,LAMEN-ZHCC-01,1
CN,2605,LAMEN,PK,A593,CN-2605-LAMEN-ZHEC-01,LAMEN-ZHEC-01,1
CN,2605,LAMEN,PK,A593,CN-2605-LAMEN-ZHHH-01,LAMEN-ZHHH-01,1
CN,2605,LAMEN,PK,A593,CN-2605-LAMEN-ZHYC-01,LAMEN-ZHYC-01,1
CN,2605,LAMEN,PK,A593,CN-2605-LAMEN-ZPPP-01,LAMEN-ZPPP-01,1
CN,2605,LAMEN,PK,A593,CN-2605-LAMEN-ZSCN-01,LAMEN-ZSCN-01,1
CN,2605,LAMEN,PK,A593,CN-2605-LAMEN-ZSCN-02,LAMEN-ZSCN-02,1
CN,2605,LAMEN,PK,A593,CN-2605-LAMEN-ZSNJ-01,LAMEN-ZSNJ-01,1
CN,2605,LAMEN,PK,A593,CN-2605-LAMEN-ZSNT-01,LAMEN-ZSNT-01,1
CN,2605,LAMEN,PK,A593,CN-2605-LAMEN-ZSOF-01,LAMEN-ZSOF-01,1
CN,2605,LAMEN,PK,A593,CN-2605-LAMEN-ZUCK-01,LAMEN-ZUCK-01,1
CN,2605,LAMEN,PK,A593,CN-2605-LAMEN-ZUGY-01,LAMEN-ZUGY-01,1
CN,2605,LAMEN,PK,A593,CN-2605-LAMEN-ZUTF-01,LAMEN-ZUTF-01,1
CN,2605,LAMEN,PK,A593,CN-2605-LAMEN-ZUUU-01,LAMEN-ZUUU-01,1
CN,2605,LAMEN,PUD,A593,CN-2605-LAMEN-ZGGG-01,LAMEN-ZGGG-01,1
CN,2605,LAMEN,PUD,A593,CN-2605-LAMEN-ZGOW-01,LAMEN-ZGOW-01,1
CN,2605,LAMEN,PUD,A593,CN-2605-LAMEN-ZGSZ-01,LAMEN-ZGSZ-01,1
CN,2605,LAMEN,PUD,A593,CN-2605-LAMEN-ZJHK-01,LAMEN-ZJHK-01,1
CN,2605,LAMEN,PUD,A593,CN-2605-LAMEN-ZJSY-01,LAMEN-ZJSY-01,1
CN,2605,LAMEN,PUD,A593,CN-2605-LAMEN-ZJSY-02,LAMEN-ZJSY-02,1
CN,2605,LAMEN,PUD,A593,CN-2605-LAMEN-ZSPD-01,LAMEN-ZSPD-01,1
CN,2605,LAMEN,PUD,A593,CN-2605-LAMEN-ZSSS-01,LAMEN-ZSSS-01,1
CN,2605,LAMEN,PUD,A593,CN-2605-LAMEN-ZSTX-01,LAMEN-ZSTX-01,1
CN,2605,LAMEN,SADLI,A593,CN-2605-BEKOL-APSMS,BEKOL-APSMS,35
CN,2605,LAMEN,SADLI,A593,CN-2605-BEKOL-SADLI,BEKOL-SADLI,7
CN,2605,LAMEN,SADLI,A593,CN-2605-INTIK-SADLI,INTIK-SADLI,9
CN,2605,LAMEN,SADLI,A593,CN-2605-LINSO-SADLI,LINSO-SADLI,8
CN,2605,LAMEN,SADLI,A593,CN-2605-LINSO-WHA-SADLI,LINSO-WHA-SADLI,6
CN,2605,LAMEN,SADLI,A593,CN-2605-MAGOG-SADLI,MAGOG-SADLI,4
CN,2605,LAMEN,SADLI,A593,CN-2605-NIXAL-SADLI,NIXAL-SADLI,8
CN,2605,LAMEN,SADLI,A593,CN-2605-RULAD-SADLI,RULAD-SADLI,13
CN,2605,LAMEN,SADLI,A593,CN-2605-SAGAG-SADLI,SAGAG-SADLI,5
CN,2605,LAMEN,SADLI,A593,CN-2605-TEBAK-SADLI,TEBAK-SADLI,9
CN,2605,LAMEN,SADLI,A593,CN-2605-TEBAK-WHA-SADLI,TEBAK-WHA-SADLI,9
CN,2605,LAMEN,SADLI,A593,CN-2605-VMMC-SADLI,VMMC-SADLI,5
CN,2605,LANDA,UJ,W130,CN-2605-LANDA-ZGSZ-01,LANDA-ZGSZ-01,1
CN,2605,LAPUG,BEBEM,R200,CN-2605-SADLI-M503-MAGOG,SADLI-M503-MAGOG,5
CN,2605,LAPUG,BEBEM,R200,CN-2605-ZSPD-ASSAD-02,ZSPD-ASSAD-02,3
CN,2605,LAPUG,BEBEM,R200,CN-2605-ZSPD-MAGOG-01,ZSPD-MAGOG-01,3
CN,2605,LAPUG,BEBEM,R200,CN-2605-ZSPD-VMMC-02,ZSPD-VMMC-02,3
CN,2605,LAPUG,BEBEM,R200,CN-2605-ZSQD-MAGOG-01,ZSQD-MAGOG-01,5
CN,2605,LAPUG,BEBEM,R200,CN-2605-ZSQD-VMMC-01,ZSQD-VMMC-01,5
CN,2605,LAPUG,GUBLO,R200,CN-2605-LAMEN-ZGSZ-02,LAMEN-ZGSZ-02,5
CN,2605,LASAN,BEGMO,W13,CN-2605-LAMEN-ZGSZ-02,LAMEN-ZGSZ-02,3
CN,2605,LASAN,BEGMO,W13,CN-2605-LAMEN-ZSAM-01,LAMEN-ZSAM-01,3
CN,2605,LASAN,BEGMO,W13,CN-2605-LAMEN-ZSAM-02,LAMEN-ZSAM-02,3
CN,2605,LASAN,BEGMO,W13,CN-2605-LAMEN-ZSFZ-01,LAMEN-ZSFZ-01,3
CN,2605,LASAN,BEGMO,W13,CN-2605-LAMEN-ZSFZ-02,LAMEN-ZSFZ-02,3
CN,2605,LASAN,BEGMO,W13,CN-2605-LAMEN-ZSWZ-01,LAMEN-ZSWZ-01,3
CN,2605,LASAN,BEGMO,W13,CN-2605-SADLI-M503-MAGOG,SADLI-M503-MAGOG,3
CN,2605,LASAN,BOLEX,G327,CN-2605-ZSQD-RCKH-01,ZSQD-RCKH-01,4
CN,2605,LASAN,BOLEX,G327,CN-2605-ZSQD-RCMQ-01,ZSQD-RCMQ-01,4
CN,2605,LASAN,BOLEX,G327,CN-2605-ZSQD-RCTP-01,ZSQD-RCTP-01,4
CN,2605,LASAN,BOLEX,G327,CN-2605-ZSQD-RCYU-01,ZSQD-RCYU-01,4
CN,2605,LASAN,BOLEX,G327,CN-2605-ZSYA-RCTP-01,ZSYA-RCTP-01,6
CN,2605,LASAN,LAMEN,G327,CN-2605-ZGSZ-LAMEN-02,ZGSZ-LAMEN-02,6
CN,2605,LASAN,LAMEN,G327,CN-2605-ZSAM-LAMEN-01,ZSAM-LAMEN-01,6
CN,2605,LASAN,LAMEN,G327,CN-2605-ZSFZ-LAMEN-01,ZSFZ-LAMEN-01,4
CN,2605,LASAN,LAMEN,G327,CN-2605-ZSNB-LAMEN-01,ZSNB-LAMEN-01,3
CN,2605,LASAN,LAMEN,G327,CN-2605-ZSWZ-LAMEN-02,ZSWZ-LAMEN-02,2
CN,2605,LASAN,NINAS,G327,CN-2605-LAMEN-ZSHC-01,LAMEN-ZSHC-01,3
CN,2605,LASAN,NINAS,G327,CN-2605-MAGIT-ZSHC-01,MAGIT-ZSHC-01,8
CN,2605,LASAN,NINAS,G327,CN-2605-SIMLI-ZSHC-02,SIMLI-ZSHC-02,6
CN,2605,LATOP,NLG,W6,CN-2605-VMMC-ZGSZ-01,VMMC-ZGSZ-01,1
CN,2605,LATUX,AGAVO,W209,CN-2605-ZSQD-AGAVO-01,ZSQD-AGAVO-01,1
CN,2605,LATUX,MATNU,W108,CN-2605-ZSQD-LAMEN-01,ZSQD-LAMEN-01,1
CN,2605,LATUX,MATNU,W108,CN-2605-ZSQD-MAGOG-01,ZSQD-MAGOG-01,1
CN,2605,LATUX,MATNU,W108,CN-2605-ZSQD-MAGOG-02,ZSQD-MAGOG-02,1
CN,2605,LATUX,MATNU,W108,CN-2605-ZSQD-RCKH-01,ZSQD-RCKH-01,1
CN,2605,LATUX,MATNU,W108,CN-2605-ZSQD-RCMQ-01,ZSQD-RCMQ-01,1
CN,2605,LATUX,MATNU,W108,CN-2605-ZSQD-RCTP-01,ZSQD-RCTP-01,1
CN,2605,LATUX,MATNU,W108,CN-2605-ZSQD-RCYU-01,ZSQD-RCYU-01,1
CN,2605,LATUX,MATNU,W108,CN-2605-ZSQD-VHHH-01,ZSQD-VHHH-01,1
CN,2605,LATUX,MATNU,W108,CN-2605-ZSQD-VHHH-02,ZSQD-VHHH-02,1
CN,2605,LATUX,MATNU,W108,CN-2605-ZSQD-VMMC-01,ZSQD-VMMC-01,1
CN,2605,LATUX,MATNU,W108,CN-2605-ZSQD-VMMC-02,ZSQD-VMMC-02,1
CN,2605,LATUX,MATNU,W108,CN-2605-ZSQD-VMMC-03,ZSQD-VMMC-03,1
CN,2605,LAVOM,DKO,W48,CN-2605-ZBDS-MORIT-02,ZBDS-MORIT-02,1
CN,2605,LAXAG,LAGEB,W28,CN-2605-ZHCC-RULAD-01,ZHCC-RULAD-01,2
CN,2605,LAXAG,LAGEB,W28,CN-2605-ZHCC-SARIN-01,ZHCC-SARIN-01,2
CN,2605,LAXAG,LAGEB,W28,CN-2605-ZHEC-KAMUD-01,ZHEC-KAMUD-01,3
CN,2605,LAXAG,LAGEB,W28,CN-2605-ZHEC-RULAD-01,ZHEC-RULAD-01,3
CN,2605,LAXAG,LAGEB,W28,CN-2605-ZHHH-KAMUD-01,ZHHH-KAMUD-01,3
CN,2605,LAXAG,LAGEB,W28,CN-2605-ZHHH-RULAD-01,ZHHH-RULAD-01,3
CN,2605,LAXAG,LAGEB,W28,CN-2605-ZHHH-SARIN-01,ZHHH-SARIN-01,3
CN,2605,LAXAG,LAGEB,W28,CN-2605-ZSCN-RULAD-01,ZSCN-RULAD-01,5
CN,2605,LAXAG,LAGEB,W28,CN-2605-ZSCN-SARIN-01,ZSCN-SARIN-01,5
CN,2605,LAXAG,LAGEB,W28,CN-2605-ZSHC-SARIN-01,ZSHC-SARIN-01,5
CN,2605,LBN,BHY,W159,CN-2605-MORIT-ZJHK-01,MORIT-ZJHK-01,4
CN,2605,LBN,BHY,W159,CN-2605-MORIT-ZJSY-01,MORIT-ZJSY-01,4
CN,2605,LBN,BHY,W159,CN-2605-RULAD-ZJHK-01,RULAD-ZJHK-01,7
CN,2605,LBN,BHY,W159,CN-2605-RULAD-ZJHK-02,RULAD-ZJHK-02,9
CN,2605,LBN,BHY,W159,CN-2605-RULAD-ZJSY-01,RULAD-ZJSY-01,7
CN,2605,LBN,BHY,W159,CN-2605-RULAD-ZJSY-02,RULAD-ZJSY-02,9
CN,2605,LBN,BHY,W159,CN-2605-SARIN-ZJHK-01,SARIN-ZJHK-01,6
CN,2605,LBN,BHY,W159,CN-2605-SARIN-ZJSY-01,SARIN-ZJSY-01,6
CN,2605,LBN,BHY,W159,CN-2605-SARIN-ZJSY-02,SARIN-ZJSY-02,8
CN,2605,LBN,MOTOM,W2,CN-2605-TEBAK-ZGKL-01,TEBAK-ZGKL-01,3
CN,2605,LBN,SJG,W2,CN-2605-BUNTA-ZBAA-01,BUNTA-ZBAA-01,7
CN,2605,LBN,SJG,W2,CN-2605-BUNTA-ZBAD-01,BUNTA-ZBAD-01,7
CN,2605,LBN,SJG,W2,CN-2605-TEBAK-GOPTO,TEBAK-GOPTO,3
CN,2605,LBN,SJG,W2,CN-2605-TEBAK-SARIN,TEBAK-SARIN,3
CN,2605,LBN,SJG,W2,CN-2605-TEBAK-ZUGY-01,TEBAK-ZUGY-01,3
CN,2605,LBN,SJG,W2,CN-2605-ZJHK-MORIT-01,ZJHK-MORIT-01,4
CN,2605,LBN,SJG,W2,CN-2605-ZJHK-RULAD-01,ZJHK-RULAD-01,4
CN,2605,LBN,SJG,W2,CN-2605-ZJHK-RULAD-02,ZJHK-RULAD-02,4
CN,2605,LBN,SJG,W2,CN-2605-ZJHK-SARIN-01,ZJHK-SARIN-01,4
CN,2605,LBN,SJG,W2,CN-2605-ZJSY-MORIT-01,ZJSY-MORIT-01,6
CN,2605,LBN,SJG,W2,CN-2605-ZJSY-RULAD-01,ZJSY-RULAD-01,6
CN,2605,LBN,SJG,W2,CN-2605-ZJSY-RULAD-02,ZJSY-RULAD-02,6
CN,2605,LBN,SJG,W2,CN-2605-ZJSY-SARIN-01,ZJSY-SARIN-01,6
CN,2605,LBN,SJG,W2,CN-2605-ZJSY-SARIN-02,ZJSY-SARIN-02,6
CN,2605,LBN,WUY,R343,CN-2605-GOPTO-TEBAK,GOPTO-TEBAK,6
CN,2605,LBN,WUY,R343,CN-2605-SARIN-G470-TEBAK,SARIN-G470-TEBAK,7
CN,2605,LBN,WUY,R343,CN-2605-ZGKL-TEBAK-01,ZGKL-TEBAK-01,2
CN,2605,LBN,WUY,R343,CN-2605-ZUGY-TEBAK-01,ZUGY-TEBAK-01,4
CN,2605,LEGAG,RUSBO,W204,CN-2605-ZYHB-TAMOT-01,ZYHB-TAMOT-01,1
CN,2605,LEGAG,RUSBO,W204,CN-2605-ZYHB-VHHH-01,ZYHB-VHHH-01,1
CN,2605,LEGAG,RUSBO,W204,CN-2605-ZYHB-VMMC-01,ZYHB-VMMC-01,1
CN,2605,LEGIV,ADGOL,W164,CN-2605-AGAVO-TEBAK,AGAVO-TEBAK,6
CN,2605,LEGIV,ADGOL,W164,CN-2605-LAMEN-ZGDY-01,LAMEN-ZGDY-01,4
CN,2605,LEGIV,ADGOL,W164,CN-2605-LAMEN-ZGHA-01,LAMEN-ZGHA-01,4
CN,2605,LEGIV,ADGOL,W164,CN-2605-LAMEN-ZGKL-01,LAMEN-ZGKL-01,4
CN,2605,LEGIV,ADGOL,W164,CN-2605-LAMEN-ZGNN-01,LAMEN-ZGNN-01,4
CN,2605,LEGIV,ADGOL,W164,CN-2605-LAMEN-ZHEC-01,LAMEN-ZHEC-01,4
CN,2605,LEGIV,ADGOL,W164,CN-2605-LAMEN-ZHHH-01,LAMEN-ZHHH-01,4
CN,2605,LEGIV,ADGOL,W164,CN-2605-LAMEN-ZHYC-01,LAMEN-ZHYC-01,4
CN,2605,LEGIV,ADGOL,W164,CN-2605-LAMEN-ZPPP-01,LAMEN-ZPPP-01,4
CN,2605,LEGIV,ADGOL,W164,CN-2605-LAMEN-ZSCN-01,LAMEN-ZSCN-01,4
CN,2605,LEGIV,ADGOL,W164,CN-2605-LAMEN-ZSCN-02,LAMEN-ZSCN-02,4
CN,2605,LEGIV,ADGOL,W164,CN-2605-LAMEN-ZUCK-01,LAMEN-ZUCK-01,4
CN,2605,LEGIV,ADGOL,W164,CN-2605-LAMEN-ZUGY-01,LAMEN-ZUGY-01,4
CN,2605,LEGIV,ADGOL,W164,CN-2605-LAMEN-ZUTF-01,LAMEN-ZUTF-01,4
CN,2605,LEGIV,ADGOL,W164,CN-2605-LAMEN-ZUUU-01,LAMEN-ZUUU-01,4
CN,2605,LEGIV,ADGOL,W164,CN-2605-RCKH-ZHHH-01,RCKH-ZHHH-01,7
CN,2605,LEGIV,ADGOL,W164,CN-2605-RCKH-ZSCN-01,RCKH-ZSCN-01,7
CN,2605,LEGIV,ADGOL,W164,CN-2605-RCNN-ZHHH-01,RCNN-ZHHH-01,7
CN,2605,LEGIV,ADGOL,W164,CN-2605-RCSS-ZHHH-01,RCSS-ZHHH-01,7
CN,2605,LEGIV,ADGOL,W164,CN-2605-RCTP-ZGDY-01,RCTP-ZGDY-01,7
CN,2605,LEGIV,ADGOL,W164,CN-2605-RCTP-ZHHH-01,RCTP-ZHHH-01,7
CN,2605,LEGIV,ADGOL,W164,CN-2605-RCTP-ZSCN-01,RCTP-ZSCN-01,7
CN,2605,LEGIV,ADGOL,W164,CN-2605-RCYU-ZHHH-01,RCYU-ZHHH-01,7
CN,2605,LEGIV,ADGOL,W164,CN-2605-RCYU-ZSCN-01,RCYU-ZSCN-01,7
CN,2605,LEGIV,ADGOL,W164,CN-2605-SADLI-SAGAG,SADLI-SAGAG,4
CN,2605,LEGIV,ADGOL,W164,CN-2605-SADLI-WHA-LINSO,SADLI-WHA-LINSO,4
CN,2605,LEGIV,ADGOL,W164,CN-2605-SADLI-WHA-TEBAK,SADLI-WHA-TEBAK,4
CN,2605,LEGIV,ADGOL,W164,CN-2605-ZSHC-LINSO-01,ZSHC-LINSO-01,5
CN,2605,LEGIV,ADGOL,W164,CN-2605-ZSNB-LINSO-01,ZSNB-LINSO-01,8
CN,2605,LEGIV,ADGOL,W164,CN-2605-ZSNT-LINSO-01,ZSNT-LINSO-01,6
CN,2605,LEGIV,ADGOL,W164,CN-2605-ZSNT-TEBAK-01,ZSNT-TEBAK-01,6
CN,2605,LEGIV,ADGOL,W164,CN-2605-ZSPD-LINSO-01,ZSPD-LINSO-01,5
CN,2605,LEGIV,ADGOL,W164,CN-2605-ZSPD-TEBAK-01,ZSPD-TEBAK-01,5
CN,2605,LEGIV,ADGOL,W164,CN-2605-ZSSH-TAMOT-01,ZSSH-TAMOT-01,6
CN,2605,LEGIV,ADGOL,W164,CN-2605-ZSSH-TEBAK-01,ZSSH-TEBAK-01,6
CN,2605,LEGIV,ADGOL,W164,CN-2605-ZSSS-LINSO-01,ZSSS-LINSO-01,5
CN,2605,LEGIV,ADGOL,W164,CN-2605-ZSSS-TEBAK-01,ZSSS-TEBAK-01,5
CN,2605,LEGIV,ADGOL,W164,CN-2605-ZSYA-LINSO-01,ZSYA-LINSO-01,5
CN,2605,LEGIV,ADGOL,W164,CN-2605-ZSYA-TEBAK-01,ZSYA-TEBAK-01,5
CN,2605,LEGIV,OREVO,W164,CN-2605-INTIK-ZSNJ-01,INTIK-ZSNJ-01,7
CN,2605,LEGIV,OREVO,W164,CN-2605-KAMUD-ZSNJ-01,KAMUD-ZSNJ-01,11
CN,2605,LEGIV,OREVO,W164,CN-2605-LINSO-ZSNJ-01,LINSO-ZSNJ-01,5
CN,2605,LEGIV,OREVO,W164,CN-2605-NIXAL-ZSNJ-01,NIXAL-ZSNJ-01,6
CN,2605,LEGIV,OREVO,W164,CN-2605-SAGAG-ZSNJ-01,SAGAG-ZSNJ-01,4
CN,2605,LEGIV,OREVO,W164,CN-2605-SARIN-ZSNJ-01,SARIN-ZSNJ-01,10
CN,2605,LEGIV,OREVO,W164,CN-2605-TEBAK-ZSNJ-01,TEBAK-ZSNJ-01,8
CN,2605,LELIM,BEGMO,M503,CN-2605-VHHH-ZSQD-02,VHHH-ZSQD-02,1
CN,2605,LELIM,BEGMO,M503,CN-2605-VHHH-ZYTL-03,VHHH-ZYTL-03,1
CN,2605,LELIM,BEGMO,M503,CN-2605-VMMC-ZSQD-02,VMMC-ZSQD-02,1
CN,2605,LELIM,NUDPO,M503,CN-2605-VHHH-ZSPD-02,VHHH-ZSPD-02,1
CN,2605,LELIM,NUDPO,M503,CN-2605-VMMC-ZSPD-02,VMMC-ZSPD-02,1
CN,2605,LEMOT,BIDIB,A588,CN-2605-ZYCC-GOLOT-01,ZYCC-GOLOT-01,1
CN,2605,LEMOT,CHI,A588,CN-2605-ZYCC-AGAVO-01,ZYCC-AGAVO-01,1
CN,2605,LEMOT,CHI,A588,CN-2605-ZYCC-RCKH-01,ZYCC-RCKH-01,1
CN,2605,LEMOT,CHI,A588,CN-2605-ZYCC-RCMQ-01,ZYCC-RCMQ-01,1
CN,2605,LEMOT,CHI,A588,CN-2605-ZYCC-RCTP-01,ZYCC-RCTP-01,1
CN,2605,LEMOT,CHI,A588,CN-2605-ZYCC-RCYU-01,ZYCC-RCYU-01,1
CN,2605,LEMOT,HRB,A588,CN-2605-ZYTX-ARGUK-01,ZYTX-ARGUK-01,1
CN,2605,LEMOT,LJB,A588,CN-2605-ZYTX-BISUN-01,ZYTX-BISUN-01,1
CN,2605,LEMOT,SIMLI,A588,CN-2605-ZYTX-SIMLI-01,ZYTX-SIMLI-01,1
CN,2605,LENKO,IKELA,A1,CN-2605-ZJSY-LAMEN-02,ZJSY-LAMEN-02,3
CN,2605,LENKO,IKELA,A1,CN-2605-ZJSY-VHHH-02,ZJSY-VHHH-02,3
CN,2605,LESVI,DSC,B215,CN-2605-ZBAA-AGVUT-01R,ZBAA-AGVUT-01R,7
CN,2605,LESVI,DSC,B215,CN-2605-ZGGG-AGVUT-01R,ZGGG-AGVUT-01R,12
CN,2605,LESVI,DSC,B215,CN-2605-ZWWW-AGVUT-01R,ZWWW-AGVUT-01R,2
CN,2605,LESVI,KQS,W119,CN-2605-ZWSH-KAMUD-01,ZWSH-KAMUD-01,3
CN,2605,LESVI,PURPA,B215,CN-2605-GOPTO-PURPA,GOPTO-PURPA,5
CN,2605,LESVI,PURPA,B215,CN-2605-RULAD-PURPA,RULAD-PURPA,3
CN,2605,LESVI,PURPA,B215,CN-2605-ZWWW-PURPA-01,ZWWW-PURPA-01,2
CN,2605,LH,BEBEM,R200,CN-2605-ASSAD-ZSAM-01,ASSAD-ZSAM-01,3
CN,2605,LH,BEBEM,R200,CN-2605-ASSAD-ZSFZ-01,ASSAD-ZSFZ-01,3
CN,2605,LH,BEBEM,R200,CN-2605-ASSAD-ZSHC-01,ASSAD-ZSHC-01,3
CN,2605,LH,BEBEM,R200,CN-2605-ASSAD-ZSNB-01,ASSAD-ZSNB-01,3
CN,2605,LH,BHY,R339,CN-2605-BUNTA-ZBAA-01,BUNTA-ZBAA-01,5
CN,2605,LH,BHY,R339,CN-2605-BUNTA-ZBAD-01,BUNTA-ZBAD-01,5
CN,2605,LH,BHY,R339,CN-2605-ZJHK-MORIT-01,ZJHK-MORIT-01,2
CN,2605,LH,BHY,R339,CN-2605-ZJHK-RULAD-01,ZJHK-RULAD-01,2
CN,2605,LH,BHY,R339,CN-2605-ZJHK-RULAD-02,ZJHK-RULAD-02,2
CN,2605,LH,BHY,R339,CN-2605-ZJHK-SARIN-01,ZJHK-SARIN-01,2
CN,2605,LH,BHY,R339,CN-2605-ZJSY-BISUN-02,ZJSY-BISUN-02,4
CN,2605,LH,BHY,R339,CN-2605-ZJSY-MORIT-01,ZJSY-MORIT-01,4
CN,2605,LH,BHY,R339,CN-2605-ZJSY-NIXAL-02,ZJSY-NIXAL-02,4
CN,2605,LH,BHY,R339,CN-2605-ZJSY-RULAD-01,ZJSY-RULAD-01,4
CN,2605,LH,BHY,R339,CN-2605-ZJSY-RULAD-02,ZJSY-RULAD-02,4
CN,2605,LH,BHY,R339,CN-2605-ZJSY-SARIN-01,ZJSY-SARIN-01,4
CN,2605,LH,BHY,R339,CN-2605-ZJSY-SARIN-02,ZJSY-SARIN-02,4
CN,2605,LH,BIGRO,R200,CN-2605-ASSAD-ZGSZ-02,ASSAD-ZGSZ-02,3
CN,2605,LH,BSE,R339,CN-2605-RCBS-ZPPP-01,RCBS-ZPPP-01,2
CN,2605,LH,BSE,R339,CN-2605-RCKH-ZPPP-01,RCKH-ZPPP-01,2
CN,2605,LH,BSE,R339,CN-2605-RCMQ-ZPPP-01,RCMQ-ZPPP-01,2
CN,2605,LH,BSE,R339,CN-2605-RCTP-ZPLJ-01,RCTP-ZPLJ-01,2
CN,2605,LH,BSE,R339,CN-2605-RCTP-ZPPP-01,RCTP-ZPPP-01,2
CN,2605,LH,BSE,R339,CN-2605-RCYU-ZPPP-01,RCYU-ZPPP-01,2
CN,2605,LH,BSE,R339,CN-2605-VMMC-LINSO,VMMC-LINSO,2
CN,2605,LH,BSE,R339,CN-2605-VMMC-ZPPP-01,VMMC-ZPPP-01,2
CN,2605,LH,BSE,R339,CN-2605-ZGGG-LINSO-01,ZGGG-LINSO-01,3
CN,2605,LH,BSE,R339,CN-2605-ZGSZ-LINSO-01,ZGSZ-LINSO-01,3
CN,2605,LH,BSE,R339,CN-2605-ZJHK-LINSO-01,ZJHK-LINSO-01,2
CN,2605,LH,BSE,R339,CN-2605-ZJSY-LINSO-01,ZJSY-LINSO-01,4
CN,2605,LH,BSE,R339,CN-2605-ZSAM-LINSO-01,ZSAM-LINSO-01,4
CN,2605,LH,BSE,R339,CN-2605-ZSFZ-LINSO-01,ZSFZ-LINSO-01,4
CN,2605,LH,SIKOU,R339,CN-2605-ZGZJ-VHHH-01,ZGZJ-VHHH-01,1
CN,2605,LH,WUY,R339,CN-2605-BUNTA-ZGNN-01,BUNTA-ZGNN-01,5
CN,2605,LH,WUY,R339,CN-2605-RCKH-ZGNN-01,RCKH-ZGNN-01,2
CN,2605,LH,WUY,R339,CN-2605-RCTP-ZGNN-01,RCTP-ZGNN-01,2
CN,2605,LH,WUY,R339,CN-2605-RCYU-ZGNN-01,RCYU-ZGNN-01,2
CN,2605,LH,WUY,R339,CN-2605-VMMC-TEBAK,VMMC-TEBAK,2
CN,2605,LH,WUY,R339,CN-2605-VMMC-ZGNN-01,VMMC-ZGNN-01,2
CN,2605,LH,WUY,R339,CN-2605-ZGGG-TEBAK-01,ZGGG-TEBAK-01,3
CN,2605,LH,WUY,R339,CN-2605-ZGSZ-TEBAK-01,ZGSZ-TEBAK-01,3
CN,2605,LH,WUY,R339,CN-2605-ZJHK-TEBAK-01,ZJHK-TEBAK-01,2
CN,2605,LH,WUY,R339,CN-2605-ZJSY-TEBAK-01,ZJSY-TEBAK-01,4
CN,2605,LH,WUY,R339,CN-2605-ZSAM-TEBAK-01,ZSAM-TEBAK-01,4
CN,2605,LHT,BIKUT,B458,CN-2605-INTIK-ZBAA-01,INTIK-ZBAA-01,2
CN,2605,LHT,BIKUT,B458,CN-2605-INTIK-ZBTJ-01,INTIK-ZBTJ-01,2
CN,2605,LHT,DADGA,B458,CN-2605-INTIK-TAMOT,INTIK-TAMOT,2
CN,2605,LHT,DADGA,B458,CN-2605-INTIK-VHHH,INTIK-VHHH,2
CN,2605,LHT,DADGA,B458,CN-2605-INTIK-ZGSZ-01,INTIK-ZGSZ-01,2
CN,2605,LHT,INTIK,A575,CN-2605-ZBER-INTIK-01,ZBER-INTIK-01,1
CN,2605,LHT,INTIK,A575,CN-2605-ZBHH-INTIK-01,ZBHH-INTIK-01,2
CN,2605,LHT,INTIK,A575,CN-2605-ZLIC-INTIK-01,ZLIC-INTIK-01,7
CN,2605,LHT,TMR,B458,CN-2605-INTIK-ZBAD-01,INTIK-ZBAD-01,2
CN,2605,LHT,TMR,B458,CN-2605-INTIK-ZBHH-01,INTIK-ZBHH-01,2
CN,2605,LHT,TMR,B458,CN-2605-INTIK-ZYCC-01,INTIK-ZYCC-01,2
CN,2605,LIDMA,LAGEX,W182,CN-2605-ZLXY-TAMOT-02,ZLXY-TAMOT-02,6
CN,2605,LIDMA,LAGEX,W182,CN-2605-ZLXY-VHHH-02,ZLXY-VHHH-02,6
CN,2605,LIDMA,LAGEX,W182,CN-2605-ZLXY-VMMC-01,ZLXY-VMMC-01,6
CN,2605,LIDMA,LAGEX,W182,CN-2605-ZUCK-RCKH-01,ZUCK-RCKH-01,2
CN,2605,LIDMA,LAGEX,W182,CN-2605-ZUCK-RCMQ-01,ZUCK-RCMQ-01,2
CN,2605,LIDMA,LAGEX,W182,CN-2605-ZUCK-RCSS-01,ZUCK-RCSS-01,2
CN,2605,LIDMA,LAGEX,W182,CN-2605-ZUCK-RCTP-01,ZUCK-RCTP-01,2
CN,2605,LIDMA,LAGEX,W182,CN-2605-ZUCK-RCYU-01,ZUCK-RCYU-01,2
CN,2605,LIDMA,LAGEX,W182,CN-2605-ZUCK-TAMOT-01,ZUCK-TAMOT-01,2
CN,2605,LIDMA,LAGEX,W182,CN-2605-ZUCK-VHHH-01,ZUCK-VHHH-01,2
CN,2605,LIDMA,LAGEX,W182,CN-2605-ZUCK-VMMC-01,ZUCK-VMMC-01,2
CN,2605,LIKMI,BUVEM,W270,CN-2605-ZWWW-MORIT-01,ZWWW-MORIT-01,3
CN,2605,LIKMI,DKO,W270,CN-2605-AGVUT-ZBAA-01R,AGVUT-ZBAA-01R,4
CN,2605,LIKMI,DKO,W270,CN-2605-KAMUD-AGAVO,KAMUD-AGAVO,4
CN,2605,LIKMI,DKO,W270,CN-2605-KAMUD-ZBAA-01,KAMUD-ZBAA-01,4
CN,2605,LIKMI,DKO,W270,CN-2605-KAMUD-ZBAD-01,KAMUD-ZBAD-01,4
CN,2605,LIKMI,DKO,W270,CN-2605-KAMUD-ZBTJ-01,KAMUD-ZBTJ-01,4
CN,2605,LIKMI,DKO,W270,CN-2605-KAMUD-ZSAM-01,KAMUD-ZSAM-01,4
CN,2605,LIKMI,DKO,W270,CN-2605-KAMUD-ZSHC-01,KAMUD-ZSHC-01,4
CN,2605,LIKMI,DKO,W270,CN-2605-KAMUD-ZSPD-01,KAMUD-ZSPD-01,4
CN,2605,LIKMI,DKO,W270,CN-2605-OGIGI-ZBAD-01,OGIGI-ZBAD-01,5
CN,2605,LIKMI,DKO,W270,CN-2605-RK-AGAVO,RK-AGAVO,4
CN,2605,LIKMI,DKO,W270,CN-2605-RK-AGAVO,RK-AGAVO,16
CN,2605,LIKMI,DKO,W270,CN-2605-RKL-AGAVO,RKL-AGAVO,4
CN,2605,LIKMI,DKO,W270,CN-2605-RKL-AGAVO,RKL-AGAVO,16
CN,2605,LIKMI,DKO,W270,CN-2605-RULAD-AGAVO,RULAD-AGAVO,4
CN,2605,LIKMI,DKO,W270,CN-2605-RULAD-SADLI,RULAD-SADLI,4
CN,2605,LIKMI,DKO,W270,CN-2605-RULAD-ZBAA-01,RULAD-ZBAA-01,4
CN,2605,LIKMI,DKO,W270,CN-2605-RULAD-ZBAD-01,RULAD-ZBAD-01,4
CN,2605,LIKMI,DKO,W270,CN-2605-RULAD-ZBTJ-01,RULAD-ZBTJ-01,4
CN,2605,LIKMI,DKO,W270,CN-2605-RULAD-ZHCC-01,RULAD-ZHCC-01,4
CN,2605,LIKMI,DKO,W270,CN-2605-RULAD-ZSPD-01,RULAD-ZSPD-01,4
CN,2605,LIKMI,DKO,W270,CN-2605-RULAD-ZSYT-01,RULAD-ZSYT-01,4
CN,2605,LIKMI,DKO,W270,CN-2605-SARIN-AGAVO,SARIN-AGAVO,3
CN,2605,LIKMI,DKO,W270,CN-2605-SARIN-ZBAA-01,SARIN-ZBAA-01,3
CN,2605,LIKMI,DKO,W270,CN-2605-SARIN-ZBAD-01,SARIN-ZBAD-01,3
CN,2605,LIKMI,DKO,W270,CN-2605-SARIN-ZBHH-01,SARIN-ZBHH-01,3
CN,2605,LIKMI,DKO,W270,CN-2605-SARIN-ZBTJ-01,SARIN-ZBTJ-01,3
CN,2605,LIKMI,DKO,W270,CN-2605-SARIN-ZHCC-01,SARIN-ZHCC-01,3
CN,2605,LIKMI,DKO,W270,CN-2605-SARIN-ZSCN-02,SARIN-ZSCN-02,3
CN,2605,LIKMI,DKO,W270,CN-2605-SARIN-ZSHC-01,SARIN-ZSHC-01,3
CN,2605,LIKMI,DKO,W270,CN-2605-SARIN-ZSJN-01,SARIN-ZSJN-01,3
CN,2605,LIKMI,DKO,W270,CN-2605-SARIN-ZSPD-01,SARIN-ZSPD-01,3
CN,2605,LIKMI,DKO,W270,CN-2605-SARIN-ZSPD-02,SARIN-ZSPD-02,3
CN,2605,LIKMI,DKO,W270,CN-2605-SARIN-ZSSS-01,SARIN-ZSSS-01,3
CN,2605,LIKMI,DKO,W270,CN-2605-SARIN-ZSYT-01,SARIN-ZSYT-01,3
CN,2605,LIKMI,DKO,W270,CN-2605-SRK-AGAVO,SRK-AGAVO,3
CN,2605,LIKMI,DKO,W270,CN-2605-SRK-AGAVO,SRK-AGAVO,15
CN,2605,LIKMI,DKO,W270,CN-2605-SRK-AGAVO,SRK-AGAVO,27
CN,2605,LIKMI,DKO,W270,CN-2605-ZWWW-AGAVO-01,ZWWW-AGAVO-01,3
CN,2605,LIKMI,DKO,W270,CN-2605-ZWWW-RCTP-01,ZWWW-RCTP-01,3
CN,2605,LIKMI,NOLOM,W270,CN-2605-GOPTO-TAMOT,GOPTO-TAMOT,3
CN,2605,LIKMI,NOLOM,W270,CN-2605-GOPTO-TEBAK,GOPTO-TEBAK,3
CN,2605,LIKMI,NOLOM,W270,CN-2605-GOPTO-VHHH,GOPTO-VHHH,3
CN,2605,LIKMI,NOLOM,W270,CN-2605-KAMUD-TAMOT,KAMUD-TAMOT,4
CN,2605,LIKMI,NOLOM,W270,CN-2605-KAMUD-VHHH,KAMUD-VHHH,4
CN,2605,LIKMI,NOLOM,W270,CN-2605-KAMUD-ZLIC-01,KAMUD-ZLIC-01,4
CN,2605,LIKMI,NOLOM,W270,CN-2605-KAMUD-ZLXY-03,KAMUD-ZLXY-03,4
CN,2605,LIKMI,NOLOM,W270,CN-2605-KAMUD-ZUTF-02,KAMUD-ZUTF-02,4
CN,2605,LIKMI,NOLOM,W270,CN-2605-RULAD-SAGAG,RULAD-SAGAG,4
CN,2605,LIKMI,NOLOM,W270,CN-2605-RULAD-TAMOT,RULAD-TAMOT,4
CN,2605,LIKMI,NOLOM,W270,CN-2605-RULAD-VHHH,RULAD-VHHH,4
CN,2605,LIKMI,NOLOM,W270,CN-2605-RULAD-VMMC,RULAD-VMMC,4
CN,2605,LIKMI,NOLOM,W270,CN-2605-RULAD-ZJHK-01,RULAD-ZJHK-01,4
CN,2605,LIKMI,NOLOM,W270,CN-2605-RULAD-ZJSY-01,RULAD-ZJSY-01,4
CN,2605,LIKMI,NOLOM,W270,CN-2605-RULAD-ZLXY-01,RULAD-ZLXY-01,4
CN,2605,LIKMI,NOLOM,W270,CN-2605-SARIN-SAGAG,SARIN-SAGAG,3
CN,2605,LIKMI,NOLOM,W270,CN-2605-SARIN-VHHH,SARIN-VHHH,3
CN,2605,LIKMI,NOLOM,W270,CN-2605-SARIN-ZGGG-02,SARIN-ZGGG-02,3
CN,2605,LIKMI,NOLOM,W270,CN-2605-SARIN-ZGSZ-02,SARIN-ZGSZ-02,3
CN,2605,LIKMI,NOLOM,W270,CN-2605-SARIN-ZJHK-01,SARIN-ZJHK-01,3
CN,2605,LIKMI,NOLOM,W270,CN-2605-SARIN-ZJSY-01,SARIN-ZJSY-01,3
CN,2605,LIKMI,NOLOM,W270,CN-2605-SARIN-ZLIC-01,SARIN-ZLIC-01,3
CN,2605,LIKMI,NOLOM,W270,CN-2605-SARIN-ZLLL-01,SARIN-ZLLL-01,3
CN,2605,LIKMI,NOLOM,W270,CN-2605-SARIN-ZLXY-01,SARIN-ZLXY-01,3
CN,2605,LIKMI,NOLOM,W270,CN-2605-SARIN-ZPPP-02,SARIN-ZPPP-02,3
CN,2605,LIKMI,NOLOM,W270,CN-2605-SARIN-ZUCK-02,SARIN-ZUCK-02,3
CN,2605,LIKMI,NOLOM,W270,CN-2605-SARIN-ZUGY-01,SARIN-ZUGY-01,3
CN,2605,LIKMI,NOLOM,W270,CN-2605-SARIN-ZUTF-02,SARIN-ZUTF-02,3
CN,2605,LIKMI,NOLOM,W270,CN-2605-SARIN-ZUUU-02,SARIN-ZUUU-02,3
CN,2605,LIKMI,NOLOM,W270,CN-2605-SGM-TAMOT,SGM-TAMOT,3
CN,2605,LIKMI,NOLOM,W270,CN-2605-SGM-TAMOT,SGM-TAMOT,11
CN,2605,LIKMI,NOLOM,W270,CN-2605-SGM-VHHH,SGM-VHHH,3
CN,2605,LIKMI,NOLOM,W270,CN-2605-SGM-VHHH,SGM-VHHH,11
CN,2605,LIKMI,NOLOM,W270,CN-2605-SGMN-TAMOT,SGMN-TAMOT,3
CN,2605,LIKMI,NOLOM,W270,CN-2605-SGMN-TAMOT,SGMN-TAMOT,11
CN,2605,LIKMI,NOLOM,W270,CN-2605-SGMN-VHHH,SGMN-VHHH,3
CN,2605,LIKMI,NOLOM,W270,CN-2605-SRKL-L888-VHHH,SRKL-L888-VHHH,3
CN,2605,LIKMI,NOLOM,W270,CN-2605-SRKL-VHHH,SRKL-VHHH,3
CN,2605,LIKMI,NOLOM,W270,CN-2605-SRKL-Y1-VHHH,SRKL-Y1-VHHH,3
CN,2605,LIKMI,NOLOM,W270,CN-2605-SRL-L888-VHHH,SRL-L888-VHHH,3
CN,2605,LIKMI,NOLOM,W270,CN-2605-SRL-TAMOT,SRL-TAMOT,3
CN,2605,LIKMI,NOLOM,W270,CN-2605-SRL-TAMOT,SRL-TAMOT,12
CN,2605,LIKMI,NOLOM,W270,CN-2605-SRL-VHHH,SRL-VHHH,3
CN,2605,LIKMI,NOLOM,W270,CN-2605-SRL-Y1-VHHH,SRL-Y1-VHHH,3
CN,2605,LIKMI,NOLOM,W270,CN-2605-ZWWW-SAGAG-01,ZWWW-SAGAG-01,3
CN,2605,LIKMI,NOLOM,W270,CN-2605-ZWWW-VHHH-02,ZWWW-VHHH-02,3
CN,2605,LIMDO,KAMUD,A468,CN-2605-AGAVO-B339-KAMUD,AGAVO-B339-KAMUD,12
CN,2605,LIMDO,KAMUD,A468,CN-2605-AGAVO-B339-SRK,AGAVO-B339-SRK,40
CN,2605,LIMDO,KAMUD,A468,CN-2605-AGAVO-KAMUD,AGAVO-KAMUD,12
CN,2605,LIMDO,KAMUD,A468,CN-2605-AGAVO-RK,AGAVO-RK,25
CN,2605,LIMDO,KAMUD,A468,CN-2605-AGAVO-RKL,AGAVO-RKL,25
CN,2605,LIMDO,KAMUD,A468,CN-2605-BEKOL-G470-KAMUD,BEKOL-G470-KAMUD,14
CN,2605,LIMDO,KAMUD,A468,CN-2605-BEKOL-G470-SGMRK,BEKOL-G470-SGMRK,64
CN,2605,LIMDO,KAMUD,A468,CN-2605-BEKOL-G470-SRK,BEKOL-G470-SRK,42
CN,2605,LIMDO,KAMUD,A468,CN-2605-BEKOL-G470-SRKL,BEKOL-G470-SRKL,42
CN,2605,LIMDO,KAMUD,A468,CN-2605-BEKOL-KAMUD,BEKOL-KAMUD,11
CN,2605,LIMDO,KAMUD,A468,CN-2605-BEKOL-SRKL,BEKOL-SRKL,34
CN,2605,LIMDO,KAMUD,A468,CN-2605-ZBAA-KAMUD-01,ZBAA-KAMUD-01,7
CN,2605,LIMDO,KAMUD,A468,CN-2605-ZBAD-KAMUD-01,ZBAD-KAMUD-01,7
CN,2605,LIMDO,KAMUD,A468,CN-2605-ZBTJ-KAMUD-01,ZBTJ-KAMUD-01,7
CN,2605,LIMDO,KAMUD,A468,CN-2605-ZGGG-KAMUD-01,ZGGG-KAMUD-01,12
CN,2605,LIMDO,KAMUD,A468,CN-2605-ZHEC-KAMUD-01,ZHEC-KAMUD-01,7
CN,2605,LIMDO,KAMUD,A468,CN-2605-ZHHH-KAMUD-01,ZHHH-KAMUD-01,7
CN,2605,LIMDO,KAMUD,A468,CN-2605-ZLIC-KAMUD-01,ZLIC-KAMUD-01,6
CN,2605,LIMDO,KAMUD,A468,CN-2605-ZLXY-KAMUD-02,ZLXY-KAMUD-02,10
CN,2605,LIMDO,KAMUD,A468,CN-2605-ZSAM-KAMUD-01,ZSAM-KAMUD-01,15
CN,2605,LIMDO,KAMUD,A468,CN-2605-ZSNJ-KAMUD-01,ZSNJ-KAMUD-01,11
CN,2605,LIMDO,KAMUD,A468,CN-2605-ZSPD-KAMUD-01,ZSPD-KAMUD-01,11
CN,2605,LIMDO,KAMUD,A468,CN-2605-ZUTF-KAMUD-02,ZUTF-KAMUD-02,9
CN,2605,LIMDO,KAMUD,A468,CN-2605-ZUTF-KAMUD-03,ZUTF-KAMUD-03,6
CN,2605,LIMDO,KAMUD,A468,CN-2605-ZWWW-KAMUD-01,ZWWW-KAMUD-01,2
CN,2605,LIMDO,KAMUD,A468,CN-2605-ZWWW-KAMUD-02,ZWWW-KAMUD-02,2
CN,2605,LIMGI,BUBDU,W152,CN-2605-AGAVO-ZUTF-02,AGAVO-ZUTF-02,3
CN,2605,LIMGI,BUBDU,W152,CN-2605-AGAVO-ZUUU-02,AGAVO-ZUUU-02,3
CN,2605,LIMGI,OLGUP,W175,CN-2605-BUNTA-ZBAD-01,BUNTA-ZBAD-01,11
CN,2605,LIMGI,OLGUP,W175,CN-2605-ZUCK-AGAVO-01,ZUCK-AGAVO-01,3
CN,2605,LIMGI,OLGUP,W175,CN-2605-ZUCK-ARGUK-01,ZUCK-ARGUK-01,3
CN,2605,LIMGI,OLGUP,W175,CN-2605-ZUCK-SIMLI-01,ZUCK-SIMLI-01,3
CN,2605,LIMGI,OLGUP,W175,CN-2605-ZUGY-ARGUK-01,ZUGY-ARGUK-01,7
CN,2605,LIMGI,URGOD,W152,CN-2605-AGAVO-ZUCK-01,AGAVO-ZUCK-01,3
CN,2605,LIMGI,URGOD,W152,CN-2605-ZSJN-SAGAG-01,ZSJN-SAGAG-01,2
CN,2605,LIMGI,URGOD,W152,CN-2605-ZSQD-LINSO-02,ZSQD-LINSO-02,4
CN,2605,LIMGI,URGOD,W152,CN-2605-ZSYT-SAGAG-01,ZSYT-SAGAG-01,2
CN,2605,LIN,DYG,W141,CN-2605-LAMEN-ZGDY-01,LAMEN-ZGDY-01,8
CN,2605,LIN,DYG,W141,CN-2605-RCTP-ZGDY-01,RCTP-ZGDY-01,11
CN,2605,LIN,QNX,A581,CN-2605-BISUN-SAGAG,BISUN-SAGAG,6
CN,2605,LIN,TIKME,W207,CN-2605-LINSO-ZHEC-01,LINSO-ZHEC-01,3
CN,2605,LIN,TIKME,W207,CN-2605-LINSO-ZHHH-01,LINSO-ZHHH-01,3
CN,2605,LIN,TIKME,W207,CN-2605-SAGAG-ZHHH-01,SAGAG-ZHHH-01,2
CN,2605,LIN,WHA,A581,CN-2605-ZGDY-LAMEN-01,ZGDY-LAMEN-01,2
CN,2605,LIN,WHA,A581,CN-2605-ZGDY-RCTP-01,ZGDY-RCTP-01,2
CN,2605,LINSO,BSE,A599,CN-2605-LINSO-ZGNN-01,LINSO-ZGNN-01,1
CN,2605,LINSO,BSE,A599,CN-2605-LINSO-ZJHK-01,LINSO-ZJHK-01,1
CN,2605,LINSO,BSE,A599,CN-2605-LINSO-ZJSY-01,LINSO-ZJSY-01,1
CN,2605,LINSO,GMA,A599,CN-2605-LINSO-ZPMS-01,LINSO-ZPMS-01,1
CN,2605,LINSO,GULOT,A599,CN-2605-LINSO-ZPLJ-01,LINSO-ZPLJ-01,1
CN,2605,LINSO,GULOT,A599,CN-2605-LINSO-ZPPP-01,LINSO-ZPPP-01,1
CN,2605,LINSO,GYA,A599,CN-2605-LINSO-ZGGG-01,LINSO-ZGGG-01,1
CN,2605,LINSO,GYA,A599,CN-2605-LINSO-ZSPD-02,LINSO-ZSPD-02,1
CN,2605,LINSO,GYA,A599,CN-2605-LINSO-ZSSS-02,LINSO-ZSSS-02,1
CN,2605,LINSO,POU,A599,CN-2605-LINSO-SADLI,LINSO-SADLI,1
CN,2605,LINSO,POU,A599,CN-2605-LINSO-TAMOT,LINSO-TAMOT,1
CN,2605,LINSO,POU,A599,CN-2605-LINSO-VHHH,LINSO-VHHH,1
CN,2605,LINSO,POU,A599,CN-2605-LINSO-VMMC,LINSO-VMMC,1
CN,2605,LINSO,POU,A599,CN-2605-LINSO-ZGSZ-01,LINSO-ZGSZ-01,1
CN,2605,LINSO,POU,A599,CN-2605-LINSO-ZSAM-01,LINSO-ZSAM-01,1
CN,2605,LINSO,POU,A599,CN-2605-LINSO-ZSFZ-01,LINSO-ZSFZ-01,1
CN,2605,LINSO,POU,A599,CN-2605-SRKL-L888-VHHH,SRKL-L888-VHHH,27
CN,2605,LINSO,POU,A599,CN-2605-SRKL-VHHH,SRKL-VHHH,29
CN,2605,LINSO,POU,A599,CN-2605-SRKL-W191-TAMOT,SRKL-W191-TAMOT,30
CN,2605,LINSO,POU,A599,CN-2605-SRKL-W191-VHHH,SRKL-W191-VHHH,30
CN,2605,LINSO,POU,A599,CN-2605-SRKL-W191/L888-TAMOT,SRKL-W191/L888-TAMOT,28
CN,2605,LINSO,POU,A599,CN-2605-SRKL-W191/L888-VHHH,SRKL-W191/L888-VHHH,28
CN,2605,LINSO,POU,A599,CN-2605-SRKL-W191/Y1-TAMOT,SRKL-W191/Y1-TAMOT,27
CN,2605,LINSO,POU,A599,CN-2605-SRKL-W191/Y1-VHHH,SRKL-W191/Y1-VHHH,27
CN,2605,LINSO,POU,A599,CN-2605-SRKL-Y1-VHHH,SRKL-Y1-VHHH,26
CN,2605,LINSO,POU,A599,CN-2605-SRL-L888-VHHH,SRL-L888-VHHH,19
CN,2605,LINSO,POU,A599,CN-2605-SRL-TAMOT,SRL-TAMOT,18
CN,2605,LINSO,POU,A599,CN-2605-SRL-VHHH,SRL-VHHH,19
CN,2605,LINSO,POU,A599,CN-2605-SRL-W191-TAMOT,SRL-W191-TAMOT,20
CN,2605,LINSO,POU,A599,CN-2605-SRL-W191-VHHH,SRL-W191-VHHH,20
CN,2605,LINSO,POU,A599,CN-2605-SRL-W191/L888-TAMOT,SRL-W191/L888-TAMOT,20
CN,2605,LINSO,POU,A599,CN-2605-SRL-W191/L888-VHHH,SRL-W191/L888-VHHH,20
CN,2605,LINSO,POU,A599,CN-2605-SRL-W191/Y1-TAMOT,SRL-W191/Y1-TAMOT,19
CN,2605,LINSO,POU,A599,CN-2605-SRL-W191/Y1-VHHH,SRL-W191/Y1-VHHH,19
CN,2605,LINSO,POU,A599,CN-2605-SRL-Y1-VHHH,SRL-Y1-VHHH,18
CN,2605,LINSO,SGM,A599,CN-2605-LINSO-AGAVO,LINSO-AGAVO,1
CN,2605,LINSO,SGM,A599,CN-2605-LINSO-BISUN,LINSO-BISUN,1
CN,2605,LINSO,SGM,A599,CN-2605-LINSO-MORIT,LINSO-MORIT,1
CN,2605,LINSO,SGM,A599,CN-2605-LINSO-RULAD,LINSO-RULAD,1
CN,2605,LINSO,SGM,A599,CN-2605-LINSO-SARIN,LINSO-SARIN,1
CN,2605,LINSO,SGM,A599,CN-2605-LINSO-WHA-SADLI,LINSO-WHA-SADLI,1
CN,2605,LINSO,SGM,A599,CN-2605-LINSO-ZBAA-01,LINSO-ZBAA-01,1
CN,2605,LINSO,SGM,A599,CN-2605-LINSO-ZBAA-02,LINSO-ZBAA-02,1
CN,2605,LINSO,SGM,A599,CN-2605-LINSO-ZBAD-01,LINSO-ZBAD-01,1
CN,2605,LINSO,SGM,A599,CN-2605-LINSO-ZBAD-02,LINSO-ZBAD-02,1
CN,2605,LINSO,SGM,A599,CN-2605-LINSO-ZBHH-01,LINSO-ZBHH-01,1
CN,2605,LINSO,SGM,A599,CN-2605-LINSO-ZBSJ-01,LINSO-ZBSJ-01,1
CN,2605,LINSO,SGM,A599,CN-2605-LINSO-ZBTJ-01,LINSO-ZBTJ-01,1
CN,2605,LINSO,SGM,A599,CN-2605-LINSO-ZBTJ-02,LINSO-ZBTJ-02,1
CN,2605,LINSO,SGM,A599,CN-2605-LINSO-ZBYN-01,LINSO-ZBYN-01,1
CN,2605,LINSO,SGM,A599,CN-2605-LINSO-ZGHA-01,LINSO-ZGHA-01,1
CN,2605,LINSO,SGM,A599,CN-2605-LINSO-ZHCC-01,LINSO-ZHCC-01,1
CN,2605,LINSO,SGM,A599,CN-2605-LINSO-ZHEC-01,LINSO-ZHEC-01,1
CN,2605,LINSO,SGM,A599,CN-2605-LINSO-ZHHH-01,LINSO-ZHHH-01,1
CN,2605,LINSO,SGM,A599,CN-2605-LINSO-ZLIC-01,LINSO-ZLIC-01,1
CN,2605,LINSO,SGM,A599,CN-2605-LINSO-ZLLL-01,LINSO-ZLLL-01,1
CN,2605,LINSO,SGM,A599,CN-2605-LINSO-ZLXY-01,LINSO-ZLXY-01,1
CN,2605,LINSO,SGM,A599,CN-2605-LINSO-ZSCN-01,LINSO-ZSCN-01,1
CN,2605,LINSO,SGM,A599,CN-2605-LINSO-ZSHC-01,LINSO-ZSHC-01,1
CN,2605,LINSO,SGM,A599,CN-2605-LINSO-ZSJN-01,LINSO-ZSJN-01,1
CN,2605,LINSO,SGM,A599,CN-2605-LINSO-ZSNB-01,LINSO-ZSNB-01,1
CN,2605,LINSO,SGM,A599,CN-2605-LINSO-ZSNJ-01,LINSO-ZSNJ-01,1
CN,2605,LINSO,SGM,A599,CN-2605-LINSO-ZSNT-01,LINSO-ZSNT-01,1
CN,2605,LINSO,SGM,A599,CN-2605-LINSO-ZSOF-01,LINSO-ZSOF-01,1
CN,2605,LINSO,SGM,A599,CN-2605-LINSO-ZSPD-01,LINSO-ZSPD-01,1
CN,2605,LINSO,SGM,A599,CN-2605-LINSO-ZSQD-01,LINSO-ZSQD-01,1
CN,2605,LINSO,SGM,A599,CN-2605-LINSO-ZSQD-02,LINSO-ZSQD-02,1
CN,2605,LINSO,SGM,A599,CN-2605-LINSO-ZSSS-01,LINSO-ZSSS-01,1
CN,2605,LINSO,SGM,A599,CN-2605-LINSO-ZSXZ-01,LINSO-ZSXZ-01,1
CN,2605,LINSO,SGM,A599,CN-2605-LINSO-ZSYA-01,LINSO-ZSYA-01,1
CN,2605,LINSO,SGM,A599,CN-2605-LINSO-ZSYT-01,LINSO-ZSYT-01,1
CN,2605,LINSO,SGM,A599,CN-2605-LINSO-ZUCK-01,LINSO-ZUCK-01,1
CN,2605,LINSO,SGM,A599,CN-2605-LINSO-ZUGY-01,LINSO-ZUGY-01,1
CN,2605,LINSO,SGM,A599,CN-2605-LINSO-ZUTF-01,LINSO-ZUTF-01,1
CN,2605,LINSO,SGM,A599,CN-2605-LINSO-ZUUU-01,LINSO-ZUUU-01,1
CN,2605,LINSO,SGM,A599,CN-2605-RKL-AGAVO,RKL-AGAVO,25
CN,2605,LJB,CHI,A588,CN-2605-BISUN-AGAVO,BISUN-AGAVO,3
CN,2605,LJB,CHI,A588,CN-2605-BISUN-ZSPD-01,BISUN-ZSPD-01,3
CN,2605,LJB,LEMOT,A588,CN-2605-BISUN-ZYTX-01,BISUN-ZYTX-01,3
CN,2605,LJB,UDETI,A588,CN-2605-BISUN-ZHCC-01,BISUN-ZHCC-01,3
CN,2605,LJB,UDETI,A588,CN-2605-BISUN-ZHHH-01,BISUN-ZHHH-01,3
CN,2605,LJB,VENOS,A588,CN-2605-BISUN-ZBTJ-01,BISUN-ZBTJ-01,3
CN,2605,LJB,VENOS,A588,CN-2605-BISUN-ZYTL-01,BISUN-ZYTL-01,3
CN,2605,LJB,WQG,G341,CN-2605-AGAVO-BISUN,AGAVO-BISUN,5
CN,2605,LJB,WQG,G341,CN-2605-ZBTJ-BISUN-01,ZBTJ-BISUN-01,7
CN,2605,LJB,WQG,G341,CN-2605-ZSPD-BISUN-01,ZSPD-BISUN-01,4
CN,2605,LJB,WQG,G341,CN-2605-ZYCC-BISUN-01,ZYCC-BISUN-01,1
CN,2605,LJB,WQG,G341,CN-2605-ZYTL-BISUN-01,ZYTL-BISUN-01,2
CN,2605,LJB,WQG,G341,CN-2605-ZYTX-BISUN-01,ZYTX-BISUN-01,2
CN,2605,LJG,BEBEM,A470,CN-2605-ZSNB-ASSAD-01,ZSNB-ASSAD-01,2
CN,2605,LJG,BEBEM,A470,CN-2605-ZSWZ-ASSAD-01,ZSWZ-ASSAD-01,2
CN,2605,LJG,DST,B221,CN-2605-MAGOG-ZSQD-01,MAGOG-ZSQD-01,2
CN,2605,LJG,DST,B221,CN-2605-VHHH-ZSQD-01,VHHH-ZSQD-01,2
CN,2605,LJG,DST,B221,CN-2605-VHHH-ZYTL-02,VHHH-ZYTL-02,2
CN,2605,LJG,DST,B221,CN-2605-VMMC-ZSQD-01,VMMC-ZSQD-01,2
CN,2605,LJG,DST,B221,CN-2605-ZGSZ-LAMEN-02,ZGSZ-LAMEN-02,3
CN,2605,LJG,DST,B221,CN-2605-ZSFZ-LAMEN-01,ZSFZ-LAMEN-01,1
CN,2605,LJG,DST,B221,CN-2605-ZSFZ-RCKH-01,ZSFZ-RCKH-01,1
CN,2605,LJG,DST,B221,CN-2605-ZSFZ-RCSS-01,ZSFZ-RCSS-01,1
CN,2605,LJG,DST,B221,CN-2605-ZSFZ-RCTP-01,ZSFZ-RCTP-01,1
CN,2605,LJG,DST,B221,CN-2605-ZSFZ-RCYU-01,ZSFZ-RCYU-01,1
CN,2605,LJG,ENVEN,A470,CN-2605-LAMEN-ZSAM-01,LAMEN-ZSAM-01,6
CN,2605,LJG,MAGOG,A470,CN-2605-ZSNB-MAGOG-01,ZSNB-MAGOG-01,2
CN,2605,LJG,MAGOG,A470,CN-2605-ZSNB-VHHH-01,ZSNB-VHHH-01,2
CN,2605,LJG,MAGOG,A470,CN-2605-ZSNB-VMMC-01,ZSNB-VMMC-01,2
CN,2605,LJG,MAGOG,A470,CN-2605-ZSPD-MAGOG-02,ZSPD-MAGOG-02,4
CN,2605,LJG,MAGOG,A470,CN-2605-ZSPD-VHHH-01,ZSPD-VHHH-01,4
CN,2605,LJG,MAGOG,A470,CN-2605-ZSPD-VMMC-01,ZSPD-VMMC-01,4
CN,2605,LJG,MAGOG,A470,CN-2605-ZSQD-MAGOG-02,ZSQD-MAGOG-02,6
CN,2605,LJG,MAGOG,A470,CN-2605-ZSQD-VHHH-02,ZSQD-VHHH-02,6
CN,2605,LJG,MAGOG,A470,CN-2605-ZSQD-VMMC-02,ZSQD-VMMC-02,6
CN,2605,LJG,MAGOG,A470,CN-2605-ZSWZ-ASSAD-02,ZSWZ-ASSAD-02,2
CN,2605,LJG,MAGOG,A470,CN-2605-ZSWZ-MAGOG-01,ZSWZ-MAGOG-01,2
CN,2605,LJG,MAGOG,A470,CN-2605-ZSWZ-VHHH-01,ZSWZ-VHHH-01,2
CN,2605,LJG,MAGOG,A470,CN-2605-ZSWZ-VMMC-01,ZSWZ-VMMC-01,2
CN,2605,LJG,MUDOD,B221,CN-2605-ASSAD-ZSWZ-01,ASSAD-ZSWZ-01,4
CN,2605,LJG,MUDOD,B221,CN-2605-MAGOG-ZSWZ-01,MAGOG-ZSWZ-01,2
CN,2605,LJG,MUDOD,B221,CN-2605-VHHH-ZSWZ-01,VHHH-ZSWZ-01,2
CN,2605,LJG,MUDOD,B221,CN-2605-VMMC-ZSWZ-01,VMMC-ZSWZ-01,2
CN,2605,LJG,SHZ,B221,CN-2605-ASSAD-ZSNB-01,ASSAD-ZSNB-01,5
CN,2605,LJG,SHZ,B221,CN-2605-BUNTA-ZSNB-01,BUNTA-ZSNB-01,4
CN,2605,LJG,SHZ,B221,CN-2605-MAGOG-ZSNB-01,MAGOG-ZSNB-01,2
CN,2605,LJG,SHZ,B221,CN-2605-MAGOG-ZSNT-01,MAGOG-ZSNT-01,2
CN,2605,LJG,SHZ,B221,CN-2605-MAGOG-ZSPD-01,MAGOG-ZSPD-01,2
CN,2605,LJG,SHZ,B221,CN-2605-MAGOG-ZSSS-01,MAGOG-ZSSS-01,2
CN,2605,LJG,SHZ,B221,CN-2605-VHHH-ZSNB-01,VHHH-ZSNB-01,2
CN,2605,LJG,SHZ,B221,CN-2605-VHHH-ZSNT-01,VHHH-ZSNT-01,2
CN,2605,LJG,SHZ,B221,CN-2605-VHHH-ZSPD-01,VHHH-ZSPD-01,2
CN,2605,LJG,SHZ,B221,CN-2605-VHHH-ZSSS-01,VHHH-ZSSS-01,2
CN,2605,LJG,SHZ,B221,CN-2605-VMMC-ZSNB-01,VMMC-ZSNB-01,2
CN,2605,LJG,SHZ,B221,CN-2605-VMMC-ZSNT-01,VMMC-ZSNT-01,2
CN,2605,LJG,SHZ,B221,CN-2605-VMMC-ZSPD-01,VMMC-ZSPD-01,2
CN,2605,LJG,SHZ,B221,CN-2605-VMMC-ZSSS-01,VMMC-ZSSS-01,2
CN,2605,LLC,DYG,W138,CN-2605-TEBAK-ZGDY-01,TEBAK-ZGDY-01,3
CN,2605,LLC,RUKLI,W138,CN-2605-LINSO-ZGHA-01,LINSO-ZGHA-01,4
CN,2605,LLC,WUY,R343,CN-2605-ZGDY-TEBAK-01,ZGDY-TEBAK-01,2
CN,2605,LOVRA,ANRUG,W276,CN-2605-POLHO-ZUTF-01,POLHO-ZUTF-01,4
CN,2605,LOVRA,ANRUG,W276,CN-2605-POLHO-ZUUU-02,POLHO-ZUUU-02,4
CN,2605,LOVRA,ARELA,W276,CN-2605-ZBHH-SAGAG-01,ZBHH-SAGAG-01,2
CN,2605,LOVRA,ARELA,W276,CN-2605-ZBOW-SAGAG-01,ZBOW-SAGAG-01,4
CN,2605,LOVRA,AVDIG,W276,CN-2605-POLHO-ZUCK-01,POLHO-ZUCK-01,4
CN,2605,LPS,IDPOG,A581,CN-2605-ZPPP-AGAVO-01,ZPPP-AGAVO-01,2
CN,2605,LPS,WHA,A581,CN-2605-ZPPP-LAMEN-01,ZPPP-LAMEN-01,2
CN,2605,LUGVU,HUR,W69,CN-2605-ZBHH-AGAVO-01,ZBHH-AGAVO-01,1
CN,2605,LUPVI,MADUK,R343,CN-2605-RCKH-ZSOF-01,RCKH-ZSOF-01,4
CN,2605,LUPVI,MADUK,R343,CN-2605-RCMQ-ZSOF-01,RCMQ-ZSOF-01,4
CN,2605,LUPVI,MADUK,R343,CN-2605-RCTP-ZSOF-01,RCTP-ZSOF-01,4
CN,2605,LUPVI,MADUK,R343,CN-2605-RCYU-ZSOF-01,RCYU-ZSOF-01,4
CN,2605,LUPVI,MADUK,R343,CN-2605-VMMC-ZSOF-02,VMMC-ZSOF-02,3
CN,2605,LUVEN,SGM,G212,CN-2605-ZUTF-KATBO-01,ZUTF-KATBO-01,1
CN,2605,LUVEN,SGM,G212,CN-2605-ZUTF-LINSO-01,ZUTF-LINSO-01,1
CN,2605,LUVEN,SGM,G212,CN-2605-ZUTF-SAGAG-01,ZUTF-SAGAG-01,1
CN,2605,LUVEN,SGM,G212,CN-2605-ZUUU-KATBO-01,ZUUU-KATBO-01,1
CN,2605,LUVEN,SGM,G212,CN-2605-ZUUU-LINSO-01,ZUUU-LINSO-01,1
CN,2605,LUVEN,SGM,G212,CN-2605-ZUUU-SAGAG-01,ZUUU-SAGAG-01,1
CN,2605,LXA,DM,W500,CN-2605-NONIM-ZBAA-01,NONIM-ZBAA-01,2
CN,2605,LXA,DM,W500,CN-2605-NONIM-ZBAD-01,NONIM-ZBAD-01,2
CN,2605,LXA,DM,W500,CN-2605-NONIM-ZLXY-01,NONIM-ZLXY-01,2
CN,2605,LXA,DM,W500,CN-2605-NONIM-ZUCK-01,NONIM-ZUCK-01,2
CN,2605,LXA,DM,W500,CN-2605-NONIM-ZUTF-01,NONIM-ZUTF-01,2
CN,2605,LXA,DM,W500,CN-2605-NONIM-ZUUU-01,NONIM-ZUUU-01,2
CN,2605,LXA,NONIM,B345,CN-2605-ZBAD-NONIM-01,ZBAD-NONIM-01,8
CN,2605,LXA,NONIM,B345,CN-2605-ZLXY-NONIM-01,ZLXY-NONIM-01,6
CN,2605,LXA,NONIM,B345,CN-2605-ZUCK-NONIM-01,ZUCK-NONIM-01,3
CN,2605,LXA,NONIM,B345,CN-2605-ZULS-NONIM-01,ZULS-NONIM-01,1
CN,2605,LXA,NONIM,B345,CN-2605-ZUTF-NONIM-01,ZUTF-NONIM-01,2
CN,2605,LXA,NONIM,B345,CN-2605-ZUUU-NONIM-01,ZUUU-NONIM-01,2
CN,2605,LXI,ADBAG,A599,CN-2605-ZPPP-KATBO-01,ZPPP-KATBO-01,1
CN,2605,LXI,BSE,A599,CN-2605-ZPPP-SIKOU-01,ZPPP-SIKOU-01,1
CN,2605,LXI,POU,A599,CN-2605-ZPPP-RCBS-01,ZPPP-RCBS-01,1
CN,2605,LXI,POU,A599,CN-2605-ZPPP-RCKH-01,ZPPP-RCKH-01,1
CN,2605,LXI,POU,A599,CN-2605-ZPPP-RCMQ-01,ZPPP-RCMQ-01,1
CN,2605,LXI,POU,A599,CN-2605-ZPPP-RCTP-01,ZPPP-RCTP-01,1
CN,2605,LXI,POU,A599,CN-2605-ZPPP-RCYU-01,ZPPP-RCYU-01,1
CN,2605,LXI,POU,A599,CN-2605-ZPPP-TAMOT-01,ZPPP-TAMOT-01,1
CN,2605,LXI,POU,A599,CN-2605-ZPPP-VHHH-01,ZPPP-VHHH-01,1
CN,2605,LXI,POU,A599,CN-2605-ZPPP-VMMC-01,ZPPP-VMMC-01,1
CN,2605,MADUK,LEGIV,W51,CN-2605-AGAVO-TEBAK,AGAVO-TEBAK,5
CN,2605,MADUK,LEGIV,W51,CN-2605-LAMEN-ZGDY-01,LAMEN-ZGDY-01,3
CN,2605,MADUK,LEGIV,W51,CN-2605-LAMEN-ZGHA-01,LAMEN-ZGHA-01,3
CN,2605,MADUK,LEGIV,W51,CN-2605-LAMEN-ZGKL-01,LAMEN-ZGKL-01,3
CN,2605,MADUK,LEGIV,W51,CN-2605-LAMEN-ZGNN-01,LAMEN-ZGNN-01,3
CN,2605,MADUK,LEGIV,W51,CN-2605-LAMEN-ZHEC-01,LAMEN-ZHEC-01,3
CN,2605,MADUK,LEGIV,W51,CN-2605-LAMEN-ZHHH-01,LAMEN-ZHHH-01,3
CN,2605,MADUK,LEGIV,W51,CN-2605-LAMEN-ZHYC-01,LAMEN-ZHYC-01,3
CN,2605,MADUK,LEGIV,W51,CN-2605-LAMEN-ZPPP-01,LAMEN-ZPPP-01,3
CN,2605,MADUK,LEGIV,W51,CN-2605-LAMEN-ZSCN-01,LAMEN-ZSCN-01,3
CN,2605,MADUK,LEGIV,W51,CN-2605-LAMEN-ZSCN-02,LAMEN-ZSCN-02,3
CN,2605,MADUK,LEGIV,W51,CN-2605-LAMEN-ZUCK-01,LAMEN-ZUCK-01,3
CN,2605,MADUK,LEGIV,W51,CN-2605-LAMEN-ZUGY-01,LAMEN-ZUGY-01,3
CN,2605,MADUK,LEGIV,W51,CN-2605-LAMEN-ZUTF-01,LAMEN-ZUTF-01,3
CN,2605,MADUK,LEGIV,W51,CN-2605-LAMEN-ZUUU-01,LAMEN-ZUUU-01,3
CN,2605,MADUK,LEGIV,W51,CN-2605-RCKH-ZHHH-01,RCKH-ZHHH-01,6
CN,2605,MADUK,LEGIV,W51,CN-2605-RCKH-ZSCN-01,RCKH-ZSCN-01,6
CN,2605,MADUK,LEGIV,W51,CN-2605-RCNN-ZHHH-01,RCNN-ZHHH-01,6
CN,2605,MADUK,LEGIV,W51,CN-2605-RCSS-ZHHH-01,RCSS-ZHHH-01,6
CN,2605,MADUK,LEGIV,W51,CN-2605-RCTP-ZGDY-01,RCTP-ZGDY-01,6
CN,2605,MADUK,LEGIV,W51,CN-2605-RCTP-ZHHH-01,RCTP-ZHHH-01,6
CN,2605,MADUK,LEGIV,W51,CN-2605-RCTP-ZSCN-01,RCTP-ZSCN-01,6
CN,2605,MADUK,LEGIV,W51,CN-2605-RCYU-ZHHH-01,RCYU-ZHHH-01,6
CN,2605,MADUK,LEGIV,W51,CN-2605-RCYU-ZSCN-01,RCYU-ZSCN-01,6
CN,2605,MADUK,LEGIV,W51,CN-2605-SADLI-SAGAG,SADLI-SAGAG,3
CN,2605,MADUK,LEGIV,W51,CN-2605-SADLI-WHA-LINSO,SADLI-WHA-LINSO,3
CN,2605,MADUK,LEGIV,W51,CN-2605-SADLI-WHA-TEBAK,SADLI-WHA-TEBAK,3
CN,2605,MADUK,LEGIV,W51,CN-2605-ZSHC-LINSO-01,ZSHC-LINSO-01,4
CN,2605,MADUK,LEGIV,W51,CN-2605-ZSNB-LINSO-01,ZSNB-LINSO-01,7
CN,2605,MADUK,LEGIV,W51,CN-2605-ZSNT-LINSO-01,ZSNT-LINSO-01,5
CN,2605,MADUK,LEGIV,W51,CN-2605-ZSNT-TEBAK-01,ZSNT-TEBAK-01,5
CN,2605,MADUK,LEGIV,W51,CN-2605-ZSPD-LINSO-01,ZSPD-LINSO-01,4
CN,2605,MADUK,LEGIV,W51,CN-2605-ZSPD-TEBAK-01,ZSPD-TEBAK-01,4
CN,2605,MADUK,LEGIV,W51,CN-2605-ZSSH-TAMOT-01,ZSSH-TAMOT-01,5
CN,2605,MADUK,LEGIV,W51,CN-2605-ZSSH-TEBAK-01,ZSSH-TEBAK-01,5
CN,2605,MADUK,LEGIV,W51,CN-2605-ZSSS-LINSO-01,ZSSS-LINSO-01,4
CN,2605,MADUK,LEGIV,W51,CN-2605-ZSSS-TEBAK-01,ZSSS-TEBAK-01,4
CN,2605,MADUK,LEGIV,W51,CN-2605-ZSYA-LINSO-01,ZSYA-LINSO-01,4
CN,2605,MADUK,LEGIV,W51,CN-2605-ZSYA-TEBAK-01,ZSYA-TEBAK-01,4
CN,2605,MADUK,NOBEM,W73,CN-2605-BEKOL-ZSSH-01,BEKOL-ZSSH-01,5
CN,2605,MADUK,NOBEM,W73,CN-2605-TEBAK-ZSSH-01,TEBAK-ZSSH-01,7
CN,2605,MADUK,PK,R343,CN-2605-ZSOF-LAMEN-01,ZSOF-LAMEN-01,1
CN,2605,MADUK,UPLEL,R343,CN-2605-ZSOF-RCKH-01,ZSOF-RCKH-01,1
CN,2605,MADUK,UPLEL,R343,CN-2605-ZSOF-RCMQ-01,ZSOF-RCMQ-01,1
CN,2605,MADUK,UPLEL,R343,CN-2605-ZSOF-RCTP-01,ZSOF-RCTP-01,1
CN,2605,MADUK,UPLEL,R343,CN-2605-ZSOF-RCYU-01,ZSOF-RCYU-01,1
CN,2605,MADUK,UPLEL,R343,CN-2605-ZSOF-VMMC-01,ZSOF-VMMC-01,1
CN,2605,MAGBI,ISLUK,W656,CN-2605-AGAVO-ZYHB-01,AGAVO-ZYHB-01,6
CN,2605,MAGBI,ISLUK,W656,CN-2605-RCKH-ZYHB-01,RCKH-ZYHB-01,6
CN,2605,MAGBI,ISLUK,W656,CN-2605-RCMQ-ZYHB-01,RCMQ-ZYHB-01,6
CN,2605,MAGBI,ISLUK,W656,CN-2605-RCTP-ZYHB-01,RCTP-ZYHB-01,6
CN,2605,MAGBI,ISLUK,W656,CN-2605-RCYU-ZYHB-01,RCYU-ZYHB-01,6
CN,2605,MAGIT,JMU,R213,CN-2605-MAGIT-AGAVO,MAGIT-AGAVO,1
CN,2605,MAGIT,JMU,R213,CN-2605-MAGIT-TAMOT,MAGIT-TAMOT,1
CN,2605,MAGIT,JMU,R213,CN-2605-MAGIT-TEBAK,MAGIT-TEBAK,1
CN,2605,MAGIT,JMU,R213,CN-2605-MAGIT-VHHH,MAGIT-VHHH,1
CN,2605,MAGIT,JMU,R213,CN-2605-MAGIT-ZBAA-01,MAGIT-ZBAA-01,1
CN,2605,MAGIT,JMU,R213,CN-2605-MAGIT-ZBAD-01,MAGIT-ZBAD-01,1
CN,2605,MAGIT,JMU,R213,CN-2605-MAGIT-ZBHH-01,MAGIT-ZBHH-01,1
CN,2605,MAGIT,JMU,R213,CN-2605-MAGIT-ZBTJ-01,MAGIT-ZBTJ-01,1
CN,2605,MAGIT,JMU,R213,CN-2605-MAGIT-ZBYN-01,MAGIT-ZBYN-01,1
CN,2605,MAGIT,JMU,R213,CN-2605-MAGIT-ZGHA-01,MAGIT-ZGHA-01,1
CN,2605,MAGIT,JMU,R213,CN-2605-MAGIT-ZGSZ-01,MAGIT-ZGSZ-01,1
CN,2605,MAGIT,JMU,R213,CN-2605-MAGIT-ZHCC-01,MAGIT-ZHCC-01,1
CN,2605,MAGIT,JMU,R213,CN-2605-MAGIT-ZHEC-01,MAGIT-ZHEC-01,1
CN,2605,MAGIT,JMU,R213,CN-2605-MAGIT-ZHHH-01,MAGIT-ZHHH-01,1
CN,2605,MAGIT,JMU,R213,CN-2605-MAGIT-ZJSY-01,MAGIT-ZJSY-01,1
CN,2605,MAGIT,JMU,R213,CN-2605-MAGIT-ZLXY-01,MAGIT-ZLXY-01,1
CN,2605,MAGIT,JMU,R213,CN-2605-MAGIT-ZSHC-01,MAGIT-ZSHC-01,1
CN,2605,MAGIT,JMU,R213,CN-2605-MAGIT-ZSHC-02,MAGIT-ZSHC-02,1
CN,2605,MAGIT,JMU,R213,CN-2605-MAGIT-ZSJN-01,MAGIT-ZSJN-01,1
CN,2605,MAGIT,JMU,R213,CN-2605-MAGIT-ZSNJ-01,MAGIT-ZSNJ-01,1
CN,2605,MAGIT,JMU,R213,CN-2605-MAGIT-ZSPD-01,MAGIT-ZSPD-01,1
CN,2605,MAGIT,JMU,R213,CN-2605-MAGIT-ZSPD-02,MAGIT-ZSPD-02,1
CN,2605,MAGIT,JMU,R213,CN-2605-MAGIT-ZSQD-01,MAGIT-ZSQD-01,1
CN,2605,MAGIT,JMU,R213,CN-2605-MAGIT-ZSSS-01,MAGIT-ZSSS-01,1
CN,2605,MAGIT,JMU,R213,CN-2605-MAGIT-ZSYT-01,MAGIT-ZSYT-01,1
CN,2605,MAGIT,JMU,R213,CN-2605-MAGIT-ZUCK-01,MAGIT-ZUCK-01,1
CN,2605,MAGIT,JMU,R213,CN-2605-MAGIT-ZUGY-01,MAGIT-ZUGY-01,1
CN,2605,MAGIT,JMU,R213,CN-2605-MAGIT-ZUTF-01,MAGIT-ZUTF-01,1
CN,2605,MAGIT,JMU,R213,CN-2605-MAGIT-ZUUU-01,MAGIT-ZUUU-01,1
CN,2605,MAGIT,JMU,R213,CN-2605-MAGIT-ZUUU-02,MAGIT-ZUUU-02,1
CN,2605,MAGIT,JMU,R213,CN-2605-MAGIT-ZYCC-01,MAGIT-ZYCC-01,1
CN,2605,MAGIT,JMU,R213,CN-2605-MAGIT-ZYHB-01,MAGIT-ZYHB-01,1
CN,2605,MAGIT,JMU,R213,CN-2605-MAGIT-ZYTL-01,MAGIT-ZYTL-01,1
CN,2605,MAGIT,JMU,R213,CN-2605-MAGIT-ZYTX-01,MAGIT-ZYTX-01,1
CN,2605,MAGIT,JMU,R213,CN-2605-MPSMS-TAMOT,MPSMS-TAMOT,1
CN,2605,MAGIT,JMU,R213,CN-2605-MPSMS-VHHH,MPSMS-VHHH,1
CN,2605,MAGIT,JMU,R213,CN-2605-SM-AGAVO,SM-AGAVO,6
CN,2605,MAGIV,DNH,W187,CN-2605-AGVUT-ZBAA-02R,AGVUT-ZBAA-02R,3
CN,2605,MAGIV,DNH,W187,CN-2605-PURPA-ZBAA-01,PURPA-ZBAA-01,2
CN,2605,MAGIV,DNH,W187,CN-2605-PURPA-ZBAD-01,PURPA-ZBAD-01,2
CN,2605,MAGIV,DNH,W187,CN-2605-PURPA-ZBTJ-01,PURPA-ZBTJ-01,2
CN,2605,MAGIV,DNH,W187,CN-2605-PURPA-ZSPD-01,PURPA-ZSPD-01,2
CN,2605,MAGIV,DNH,W187,CN-2605-PURPA-ZSPD-04,PURPA-ZSPD-04,2
CN,2605,MAGIV,DNH,W187,CN-2605-PURPA-ZSSS-01,PURPA-ZSSS-01,2
CN,2605,MAGIV,DNH,W187,CN-2605-PURPA-ZYTL-01,PURPA-ZYTL-01,2
CN,2605,MAGIV,DSC,B215,CN-2605-ZBAA-AGVUT-02R,ZBAA-AGVUT-02R,7
CN,2605,MAGIV,DSC,B215,CN-2605-ZGGG-AGVUT-02R,ZGGG-AGVUT-02R,10
CN,2605,MAGIV,DSC,B215,CN-2605-ZLXY-AGVUT-01R,ZLXY-AGVUT-01R,8
CN,2605,MAGIV,DSC,B215,CN-2605-ZUTF-AGVUT-01R,ZUTF-AGVUT-01R,7
CN,2605,MAGIV,EPDAG,B215,CN-2605-OGIGI-ZWWW-01,OGIGI-ZWWW-01,3
CN,2605,MAGIV,FKG,B215,CN-2605-OGIGI-ZBAD-01,OGIGI-ZBAD-01,3
CN,2605,MAGIV,KARVI,W187,CN-2605-PURPA-ZLXY-01,PURPA-ZLXY-01,2
CN,2605,MAGIV,KARVI,W187,CN-2605-PURPA-ZUCK-01,PURPA-ZUCK-01,2
CN,2605,MAGIV,KHG,W176,CN-2605-PURPA-OGIGI,PURPA-OGIGI,2
CN,2605,MAGIV,KHG,W176,CN-2605-PURPA-ZWSH-01,PURPA-ZWSH-01,2
CN,2605,MAGIV,LESVI,B215,CN-2605-ZWSH-KAMUD-01,ZWSH-KAMUD-01,2
CN,2605,MAGIV,PURPA,B215,CN-2605-OGIGI-PURPA,OGIGI-PURPA,3
CN,2605,MAGIV,PURPA,B215,CN-2605-ZBAA-PURPA-01,ZBAA-PURPA-01,7
CN,2605,MAGIV,PURPA,B215,CN-2605-ZBAD-PURPA-01,ZBAD-PURPA-01,7
CN,2605,MAGIV,PURPA,B215,CN-2605-ZBTJ-PURPA-01,ZBTJ-PURPA-01,7
CN,2605,MAGIV,PURPA,B215,CN-2605-ZSPD-PURPA-02,ZSPD-PURPA-02,11
CN,2605,MAGIV,PURPA,B215,CN-2605-ZSSS-PURPA-01,ZSSS-PURPA-01,11
CN,2605,MAGIV,PURPA,B215,CN-2605-ZUCK-PURPA-01,ZUCK-PURPA-01,8
CN,2605,MAGIV,PURPA,B215,CN-2605-ZUTF-PURPA-01,ZUTF-PURPA-01,7
CN,2605,MAGIV,PURPA,B215,CN-2605-ZUUU-PURPA-01,ZUUU-PURPA-01,7
CN,2605,MAGIV,PURPA,B215,CN-2605-ZWSH-PURPA-01,ZWSH-PURPA-01,2
CN,2605,MAGIV,TUSLI,W187,CN-2605-AGVUT-ZGGG-02R,AGVUT-ZGGG-02R,3
CN,2605,MAGIV,TUSLI,W187,CN-2605-AGVUT-ZGSZ-01R,AGVUT-ZGSZ-01R,3
CN,2605,MAGIV,TUSLI,W187,CN-2605-AGVUT-ZLXY-01R,AGVUT-ZLXY-01R,3
CN,2605,MAGIV,TUSLI,W187,CN-2605-AGVUT-ZUTF-01R,AGVUT-ZUTF-01R,3
CN,2605,MAGIV,TUSLI,W187,CN-2605-OGIGI-ZGGG-01,OGIGI-ZGGG-01,3
CN,2605,MAGIV,TUSLI,W187,CN-2605-OGIGI-ZLXY-01,OGIGI-ZLXY-01,3
CN,2605,MAGOG,DOTMI,A470,CN-2605-MAGOG-ZGOW-01,MAGOG-ZGOW-01,1
CN,2605,MAGOG,DOTMI,A470,CN-2605-VHHH-ZGOW-01,VHHH-ZGOW-01,1
CN,2605,MAGOG,DOTMI,A470,CN-2605-VMMC-ZGOW-01,VMMC-ZGOW-01,1
CN,2605,MAGOG,EMRID,A470,CN-2605-MAGOG-ZSNJ-01,MAGOG-ZSNJ-01,1
CN,2605,MAGOG,EMRID,A470,CN-2605-MAGOG-ZSSH-01,MAGOG-ZSSH-01,1
CN,2605,MAGOG,EMRID,A470,CN-2605-MAGOG-ZSXZ-01,MAGOG-ZSXZ-01,1
CN,2605,MAGOG,EMRID,A470,CN-2605-VHHH-ZSNJ-01,VHHH-ZSNJ-01,1
CN,2605,MAGOG,EMRID,A470,CN-2605-VHHH-ZSSH-01,VHHH-ZSSH-01,1
CN,2605,MAGOG,EMRID,A470,CN-2605-VHHH-ZSXZ-01,VHHH-ZSXZ-01,1
CN,2605,MAGOG,EMRID,A470,CN-2605-VMMC-ZSNJ-01,VMMC-ZSNJ-01,1
CN,2605,MAGOG,EMRID,A470,CN-2605-VMMC-ZSOF-02,VMMC-ZSOF-02,1
CN,2605,MAGOG,ENVEN,A470,CN-2605-BUNTA-ZSFZ-01,BUNTA-ZSFZ-01,3
CN,2605,MAGOG,ENVEN,A470,CN-2605-MAGOG-ZSFZ-01,MAGOG-ZSFZ-01,1
CN,2605,MAGOG,ENVEN,A470,CN-2605-VHHH-ZSFZ-01,VHHH-ZSFZ-01,1
CN,2605,MAGOG,ENVEN,A470,CN-2605-VMMC-ZSFZ-01,VMMC-ZSFZ-01,1
CN,2605,MAGOG,LJG,A470,CN-2605-ASSAD-ZSWZ-01,ASSAD-ZSWZ-01,3
CN,2605,MAGOG,LJG,A470,CN-2605-BUNTA-ZSNB-01,BUNTA-ZSNB-01,3
CN,2605,MAGOG,LJG,A470,CN-2605-MAGOG-ZSNB-01,MAGOG-ZSNB-01,1
CN,2605,MAGOG,LJG,A470,CN-2605-MAGOG-ZSNT-01,MAGOG-ZSNT-01,1
CN,2605,MAGOG,LJG,A470,CN-2605-MAGOG-ZSPD-01,MAGOG-ZSPD-01,1
CN,2605,MAGOG,LJG,A470,CN-2605-MAGOG-ZSQD-01,MAGOG-ZSQD-01,1
CN,2605,MAGOG,LJG,A470,CN-2605-MAGOG-ZSSS-01,MAGOG-ZSSS-01,1
CN,2605,MAGOG,LJG,A470,CN-2605-MAGOG-ZSWZ-01,MAGOG-ZSWZ-01,1
CN,2605,MAGOG,LJG,A470,CN-2605-VHHH-ZSNB-01,VHHH-ZSNB-01,1
CN,2605,MAGOG,LJG,A470,CN-2605-VHHH-ZSNT-01,VHHH-ZSNT-01,1
CN,2605,MAGOG,LJG,A470,CN-2605-VHHH-ZSPD-01,VHHH-ZSPD-01,1
CN,2605,MAGOG,LJG,A470,CN-2605-VHHH-ZSQD-01,VHHH-ZSQD-01,1
CN,2605,MAGOG,LJG,A470,CN-2605-VHHH-ZSSS-01,VHHH-ZSSS-01,1
CN,2605,MAGOG,LJG,A470,CN-2605-VHHH-ZSWZ-01,VHHH-ZSWZ-01,1
CN,2605,MAGOG,LJG,A470,CN-2605-VHHH-ZYTL-02,VHHH-ZYTL-02,1
CN,2605,MAGOG,LJG,A470,CN-2605-VMMC-ZSNB-01,VMMC-ZSNB-01,1
CN,2605,MAGOG,LJG,A470,CN-2605-VMMC-ZSNT-01,VMMC-ZSNT-01,1
CN,2605,MAGOG,LJG,A470,CN-2605-VMMC-ZSPD-01,VMMC-ZSPD-01,1
CN,2605,MAGOG,LJG,A470,CN-2605-VMMC-ZSQD-01,VMMC-ZSQD-01,1
CN,2605,MAGOG,LJG,A470,CN-2605-VMMC-ZSSS-01,VMMC-ZSSS-01,1
CN,2605,MAGOG,LJG,A470,CN-2605-VMMC-ZSWZ-01,VMMC-ZSWZ-01,1
CN,2605,MAGOG,OSPAM,A470,CN-2605-VHHH-ZSYW-01,VHHH-ZSYW-01,1
CN,2605,MAGOG,SIKOU,DCT,CN-2605-ZSPD-ASSAD-02,ZSPD-ASSAD-02,5
CN,2605,MAGOG,SIKOU,DCT,CN-2605-ZSWZ-ASSAD-02,ZSWZ-ASSAD-02,3
CN,2605,MAGOG,TEBON,A470,CN-2605-BUNTA-ZSAM-01,BUNTA-ZSAM-01,3
CN,2605,MAGOG,TEBON,A470,CN-2605-MAGOG-ZSAM-01,MAGOG-ZSAM-01,1
CN,2605,MAGOG,TEBON,A470,CN-2605-MAGOG-ZSQZ-01,MAGOG-ZSQZ-01,1
CN,2605,MAGOG,TEBON,A470,CN-2605-VHHH-ZSAM-01,VHHH-ZSAM-01,1
CN,2605,MAGOG,TEBON,A470,CN-2605-VHHH-ZSQZ-01,VHHH-ZSQZ-01,1
CN,2605,MAGOG,TEBON,A470,CN-2605-VMMC-ZSAM-01,VMMC-ZSAM-01,1
CN,2605,MAGOG,TOL,A470,CN-2605-MAGOG-SADLI,MAGOG-SADLI,1
CN,2605,MAGOG,UGAGO,A470,CN-2605-BUNTA-ZSHC-01,BUNTA-ZSHC-01,3
CN,2605,MAGOG,UGAGO,A470,CN-2605-MAGOG-ZSHC-01,MAGOG-ZSHC-01,1
CN,2605,MAGOG,UGAGO,A470,CN-2605-MAGOG-ZSTX-01,MAGOG-ZSTX-01,1
CN,2605,MAGOG,UGAGO,A470,CN-2605-VHHH-ZSHC-01,VHHH-ZSHC-01,1
CN,2605,MAGOG,UGAGO,A470,CN-2605-VMMC-ZSHC-01,VMMC-ZSHC-01,1
CN,2605,MAKNO,HCH,W5,CN-2605-BISUN-ZHCC-01,BISUN-ZHCC-01,5
CN,2605,MAKNO,HCH,W5,CN-2605-BISUN-ZHHH-01,BISUN-ZHHH-01,5
CN,2605,MAKNO,HCH,W5,CN-2605-MAGIT-ZGHA-01,MAGIT-ZGHA-01,5
CN,2605,MAKNO,HCH,W5,CN-2605-MAGIT-ZHHH-01,MAGIT-ZHHH-01,5
CN,2605,MAKNO,HCH,W5,CN-2605-MAGIT-ZSJN-01,MAGIT-ZSJN-01,5
CN,2605,MAKNO,HCH,W5,CN-2605-MAGIT-ZSQD-01,MAGIT-ZSQD-01,5
CN,2605,MAKNO,HCH,W5,CN-2605-SIMLI-ZSQD-01,SIMLI-ZSQD-01,3
CN,2605,MAKNO,HCH,W5,CN-2605-TOMUK-ZHCC-01,TOMUK-ZHCC-01,3
CN,2605,MAKNO,HCH,W5,CN-2605-TOMUK-ZSJN-01,TOMUK-ZSJN-01,3
CN,2605,MAKNO,UDETI,W106,CN-2605-ZBTJ-ARGUK-01,ZBTJ-ARGUK-01,5
CN,2605,MAKNO,UDETI,W106,CN-2605-ZBTJ-BISUN-01,ZBTJ-BISUN-01,5
CN,2605,MAKNO,UDETI,W106,CN-2605-ZBTJ-SIMLI-01,ZBTJ-SIMLI-01,5
CN,2605,MANLI,MZL,W539,CN-2605-TELOK-ZBMZ-01,TELOK-ZBMZ-01,2
CN,2605,MANLI,TELOK,A345,CN-2605-ZBMZ-TELOK-01,ZBMZ-TELOK-01,2
CN,2605,MATNU,LAMEN,G455,CN-2605-ZSNJ-LAMEN-02,ZSNJ-LAMEN-02,4
CN,2605,MATNU,LAMEN,G455,CN-2605-ZSQD-LAMEN-01,ZSQD-LAMEN-01,2
CN,2605,MATNU,LAMEN,G455,CN-2605-ZSSH-LAMEN-02,ZSSH-LAMEN-02,6
CN,2605,MATNU,PINOT,W115,CN-2605-AGAVO-ZSPD-02,AGAVO-ZSPD-02,5
CN,2605,MATNU,PINOT,W115,CN-2605-ZSQD-MAGOG-01,ZSQD-MAGOG-01,2
CN,2605,MATNU,PINOT,W115,CN-2605-ZSQD-MAGOG-02,ZSQD-MAGOG-02,2
CN,2605,MATNU,PINOT,W115,CN-2605-ZSQD-RCKH-01,ZSQD-RCKH-01,2
CN,2605,MATNU,PINOT,W115,CN-2605-ZSQD-RCMQ-01,ZSQD-RCMQ-01,2
CN,2605,MATNU,PINOT,W115,CN-2605-ZSQD-RCTP-01,ZSQD-RCTP-01,2
CN,2605,MATNU,PINOT,W115,CN-2605-ZSQD-RCYU-01,ZSQD-RCYU-01,2
CN,2605,MATNU,PINOT,W115,CN-2605-ZSQD-VHHH-01,ZSQD-VHHH-01,2
CN,2605,MATNU,PINOT,W115,CN-2605-ZSQD-VHHH-02,ZSQD-VHHH-02,2
CN,2605,MATNU,PINOT,W115,CN-2605-ZSQD-VMMC-01,ZSQD-VMMC-01,2
CN,2605,MATNU,PINOT,W115,CN-2605-ZSQD-VMMC-02,ZSQD-VMMC-02,2
CN,2605,MATNU,PINOT,W115,CN-2605-ZSQD-VMMC-03,ZSQD-VMMC-03,2
CN,2605,MATNU,PINOT,W115,CN-2605-ZSYA-RCTP-01,ZSYA-RCTP-01,4
CN,2605,MDJ,UGABI,W39,CN-2605-ZYMD-BISUN-01,ZYMD-BISUN-01,1
CN,2605,MENED,ANRUG,W276,CN-2605-ZBAD-NONIM-01,ZBAD-NONIM-01,3
CN,2605,MENED,ARELA,W276,CN-2605-ZBAD-LINSO-02,ZBAD-LINSO-02,3
CN,2605,MENED,LOVRA,W276,CN-2605-RCBS-ZLXY-01,RCBS-ZLXY-01,8
CN,2605,MENED,LOVRA,W276,CN-2605-RCKH-ZLXY-01,RCKH-ZLXY-01,8
CN,2605,MENED,LOVRA,W276,CN-2605-RCMQ-ZLXY-01,RCMQ-ZLXY-01,8
CN,2605,MENED,LOVRA,W276,CN-2605-RCQC-ZLXY-01,RCQC-ZLXY-01,8
CN,2605,MENED,LOVRA,W276,CN-2605-RCTP-ZLXY-01,RCTP-ZLXY-01,8
CN,2605,MENED,LOVRA,W276,CN-2605-RCYU-ZLXY-01,RCYU-ZLXY-01,8
CN,2605,MIGIR,ALGOV,W193,CN-2605-SAGAG-NIXAL,SAGAG-NIXAL,5
CN,2605,MIGIR,ALGOV,W193,CN-2605-SAGAG-ZBHH-01,SAGAG-ZBHH-01,5
CN,2605,MIGIR,ALGOV,W193,CN-2605-SAGAG-ZBOW-01,SAGAG-ZBOW-01,5
CN,2605,MIGIR,ALGOV,W193,CN-2605-ZPPP-ARGUK-01,ZPPP-ARGUK-01,4
CN,2605,MIGIR,ALGOV,W193,CN-2605-ZUTF-ARGUK-01,ZUTF-ARGUK-01,3
CN,2605,MIGIR,ALGOV,W193,CN-2605-ZUTF-POLHO-01,ZUTF-POLHO-01,3
CN,2605,MIGIR,ALGOV,W193,CN-2605-ZUUU-ARGUK-01,ZUUU-ARGUK-01,3
CN,2605,MIGIR,ALGOV,W193,CN-2605-ZUUU-NIXAL-01,ZUUU-NIXAL-01,3
CN,2605,MIGIR,ALGOV,W193,CN-2605-ZUUU-POLHO-01,ZUUU-POLHO-01,3
CN,2605,MIGIR,ALGOV,W193,CN-2605-ZUUU-SIMLI-01,ZUUU-SIMLI-01,3
CN,2605,MIGIR,YLX,W193,CN-2605-KATBO-ZBDS-01,KATBO-ZBDS-01,6
CN,2605,MIGIR,YLX,W193,CN-2605-SAGAG-ZBDS-01,SAGAG-ZBDS-01,5
CN,2605,MIGOL,APITO,A326,CN-2605-ZSPD-APITO-01,ZSPD-APITO-01,2
CN,2605,MIGOL,IKEKA,A326,CN-2605-RCKH-ZSYT-01,RCKH-ZSYT-01,2
CN,2605,MIGOL,IKEKA,A326,CN-2605-RCTP-ZSYT-01,RCTP-ZSYT-01,2
CN,2605,MIGOL,IKEKA,A326,CN-2605-RCYU-ZSYT-01,RCYU-ZSYT-01,2
CN,2605,MIGOL,KASKA,B591,CN-2605-ZBLA-RCTP-01,ZBLA-RCTP-01,5
CN,2605,MIGOL,KASKA,B591,CN-2605-ZSYT-RCKH-01,ZSYT-RCKH-01,3
CN,2605,MIGOL,KASKA,B591,CN-2605-ZSYT-RCTP-01,ZSYT-RCTP-01,3
CN,2605,MIGOL,KASKA,B591,CN-2605-ZSYT-RCYU-01,ZSYT-RCYU-01,3
CN,2605,MIGOL,KASKA,B591,CN-2605-ZYCC-RCKH-01,ZYCC-RCKH-01,4
CN,2605,MIGOL,KASKA,B591,CN-2605-ZYCC-RCMQ-01,ZYCC-RCMQ-01,4
CN,2605,MIGOL,KASKA,B591,CN-2605-ZYCC-RCTP-01,ZYCC-RCTP-01,4
CN,2605,MIGOL,KASKA,B591,CN-2605-ZYCC-RCYU-01,ZYCC-RCYU-01,4
CN,2605,MIGOL,KASKA,B591,CN-2605-ZYHB-RCKH-01,ZYHB-RCKH-01,6
CN,2605,MIGOL,KASKA,B591,CN-2605-ZYHB-RCMQ-01,ZYHB-RCMQ-01,6
CN,2605,MIGOL,KASKA,B591,CN-2605-ZYHB-RCTP-01,ZYHB-RCTP-01,6
CN,2605,MIGOL,KASKA,B591,CN-2605-ZYHB-RCYU-01,ZYHB-RCYU-01,6
CN,2605,MIGOL,KASKA,B591,CN-2605-ZYTL-RCKH-01,ZYTL-RCKH-01,2
CN,2605,MIGOL,KASKA,B591,CN-2605-ZYTL-RCTP-01,ZYTL-RCTP-01,2
CN,2605,MIGOL,KASKA,B591,CN-2605-ZYTL-RCYU-01,ZYTL-RCYU-01,2
CN,2605,MIGOL,KASKA,B591,CN-2605-ZYTX-RCKH-01,ZYTX-RCKH-01,4
CN,2605,MIGOL,KASKA,B591,CN-2605-ZYTX-RCTP-01,ZYTX-RCTP-01,4
CN,2605,MIGOL,KASKA,B591,CN-2605-ZYTX-RCYU-01,ZYTX-RCYU-01,4
CN,2605,MIGOL,SANKO,A326,CN-2605-RCKH-ZYCC-01,RCKH-ZYCC-01,2
CN,2605,MIGOL,SANKO,A326,CN-2605-RCKH-ZYHB-01,RCKH-ZYHB-01,2
CN,2605,MIGOL,SANKO,A326,CN-2605-RCKH-ZYTL-01,RCKH-ZYTL-01,2
CN,2605,MIGOL,SANKO,A326,CN-2605-RCKH-ZYTX-01,RCKH-ZYTX-01,2
CN,2605,MIGOL,SANKO,A326,CN-2605-RCMQ-ZYCC-01,RCMQ-ZYCC-01,2
CN,2605,MIGOL,SANKO,A326,CN-2605-RCMQ-ZYHB-01,RCMQ-ZYHB-01,2
CN,2605,MIGOL,SANKO,A326,CN-2605-RCTP-ZBLA-01,RCTP-ZBLA-01,2
CN,2605,MIGOL,SANKO,A326,CN-2605-RCTP-ZYCC-01,RCTP-ZYCC-01,2
CN,2605,MIGOL,SANKO,A326,CN-2605-RCTP-ZYHB-01,RCTP-ZYHB-01,2
CN,2605,MIGOL,SANKO,A326,CN-2605-RCTP-ZYTL-01,RCTP-ZYTL-01,2
CN,2605,MIGOL,SANKO,A326,CN-2605-RCTP-ZYTX-01,RCTP-ZYTX-01,2
CN,2605,MIGOL,SANKO,A326,CN-2605-RCYU-ZYCC-01,RCYU-ZYCC-01,2
CN,2605,MIGOL,SANKO,A326,CN-2605-RCYU-ZYHB-01,RCYU-ZYHB-01,2
CN,2605,MIGOL,SANKO,A326,CN-2605-RCYU-ZYTL-01,RCYU-ZYTL-01,2
CN,2605,MIGOL,SANKO,A326,CN-2605-RCYU-ZYTX-01,RCYU-ZYTX-01,2
CN,2605,MIKIP,BUBDA,A461,CN-2605-ZGGG-ARGUK-01,ZGGG-ARGUK-01,1
CN,2605,MIKIP,BUBDA,A461,CN-2605-ZGGG-INTIK-01,ZGGG-INTIK-01,1
CN,2605,MIKIP,BUBDA,A461,CN-2605-ZGGG-NIXAL-01,ZGGG-NIXAL-01,1
CN,2605,MIKIP,BUBDA,A461,CN-2605-ZGGG-POLHO-01,ZGGG-POLHO-01,1
CN,2605,MIKIP,BUBDA,A461,CN-2605-ZGGG-SIMLI-01,ZGGG-SIMLI-01,1
CN,2605,MIPAG,TEPID,W21,CN-2605-ZGSZ-ARGUK-01,ZGSZ-ARGUK-01,1
CN,2605,MIPAG,TEPID,W21,CN-2605-ZGSZ-BISUN-01,ZGSZ-BISUN-01,1
CN,2605,MIPAG,TEPID,W21,CN-2605-ZGSZ-GOPTO-01,ZGSZ-GOPTO-01,1
CN,2605,MIPAG,TEPID,W21,CN-2605-ZGSZ-GOPTO-02,ZGSZ-GOPTO-02,1
CN,2605,MIPAG,TEPID,W21,CN-2605-ZGSZ-INTIK-01,ZGSZ-INTIK-01,1
CN,2605,MIPAG,TEPID,W21,CN-2605-ZGSZ-MORIT-01,ZGSZ-MORIT-01,1
CN,2605,MIPAG,TEPID,W21,CN-2605-ZGSZ-NIXAL-01,ZGSZ-NIXAL-01,1
CN,2605,MIPAG,TEPID,W21,CN-2605-ZGSZ-POLHO-01,ZGSZ-POLHO-01,1
CN,2605,MIPAG,TEPID,W21,CN-2605-ZGSZ-RULAD-01,ZGSZ-RULAD-01,1
CN,2605,MIPAG,TEPID,W21,CN-2605-ZGSZ-SARIN-01,ZGSZ-SARIN-01,1
CN,2605,MIPAG,TEPID,W21,CN-2605-ZGSZ-SARIN-03,ZGSZ-SARIN-03,1
CN,2605,MIPAG,TEPID,W21,CN-2605-ZGSZ-SIMLI-01,ZGSZ-SIMLI-01,1
CN,2605,MLT,SAMAS,DCT,CN-2605-ZJHK-ASSAD-01,ZJHK-ASSAD-01,1
CN,2605,MLT,SAMAS,DCT,CN-2605-ZJHK-LAMEN-01,ZJHK-LAMEN-01,1
CN,2605,MLT,SAMAS,DCT,CN-2605-ZJHK-RCKH-01,ZJHK-RCKH-01,1
CN,2605,MLT,SAMAS,DCT,CN-2605-ZJHK-RCMQ-01,ZJHK-RCMQ-01,1
CN,2605,MLT,SAMAS,DCT,CN-2605-ZJHK-RCTP-01,ZJHK-RCTP-01,1
CN,2605,MLT,SAMAS,DCT,CN-2605-ZJHK-RCYU-01,ZJHK-RCYU-01,1
CN,2605,MLT,SAMAS,DCT,CN-2605-ZJHK-SIKOU-01,ZJHK-SIKOU-01,1
CN,2605,MLT,SAMAS,DCT,CN-2605-ZJHK-VHHH-01,ZJHK-VHHH-01,1
CN,2605,MLT,SAMAS,DCT,CN-2605-ZJHK-VMMC-01,ZJHK-VMMC-01,1
CN,2605,MORIT,BEKOL,DCT,CN-2605-BEKOL-APSMS,BEKOL-APSMS,28
CN,2605,MORIT,BEKOL,DCT,CN-2605-BEKOL-G470-SGMN,BEKOL-G470-SGMN,35
CN,2605,MORIT,BEKOL,DCT,CN-2605-BEKOL-G470-SGMRK,BEKOL-G470-SGMRK,35
CN,2605,MORIT,BEKOL,DCT,CN-2605-BEKOL-G470-SGMRN,BEKOL-G470-SGMRN,35
CN,2605,MORIT,BEKOL,DCT,CN-2605-BEKOL-G470/L888-SGMRK,BEKOL-G470/L888-SGMRK,35
CN,2605,MORIT,BEKOL,DCT,CN-2605-BEKOL-G470/L888-SGMRN,BEKOL-G470/L888-SGMRN,35
CN,2605,MORIT,BEKOL,DCT,CN-2605-BEKOL-G470/Y1-SGMRK,BEKOL-G470/Y1-SGMRK,35
CN,2605,MORIT,BEKOL,DCT,CN-2605-BEKOL-G470/Y1-SGMRN,BEKOL-G470/Y1-SGMRN,35
CN,2605,MORIT,BEKOL,DCT,CN-2605-BEKOL-MN,BEKOL-MN,8
CN,2605,MORIT,BEKOL,DCT,CN-2605-BEKOL-SGMN,BEKOL-SGMN,32
CN,2605,MORIT,BIGUX,B330,CN-2605-MORIT-ZLXY-01,MORIT-ZLXY-01,1
CN,2605,MORIT,ELRUB,B330,CN-2605-MORIT-ZLIC-01,MORIT-ZLIC-01,1
CN,2605,MORIT,IDUGI,B330,CN-2605-MORIT-ZLLL-01,MORIT-ZLLL-01,1
CN,2605,MORIT,IPDAT,B330,CN-2605-MORIT-ZWWW-01,MORIT-ZWWW-01,1
CN,2605,MORIT,KWE,B330,CN-2605-MN-TAMOT,MN-TAMOT,1
CN,2605,MORIT,KWE,B330,CN-2605-MN-VHHH,MN-VHHH,1
CN,2605,MORIT,KWE,B330,CN-2605-MORIT-TAMOT,MORIT-TAMOT,1
CN,2605,MORIT,KWE,B330,CN-2605-MORIT-VHHH,MORIT-VHHH,1
CN,2605,MORIT,KWE,B330,CN-2605-MORIT-VMMC,MORIT-VMMC,1
CN,2605,MORIT,KWE,B330,CN-2605-MORIT-ZGGG-01,MORIT-ZGGG-01,1
CN,2605,MORIT,KWE,B330,CN-2605-MORIT-ZGSZ-01,MORIT-ZGSZ-01,1
CN,2605,MORIT,KWE,B330,CN-2605-MORIT-ZJHK-01,MORIT-ZJHK-01,1
CN,2605,MORIT,KWE,B330,CN-2605-MORIT-ZJSY-01,MORIT-ZJSY-01,1
CN,2605,MORIT,KWE,B330,CN-2605-MPSMS-TAMOT,MPSMS-TAMOT,19
CN,2605,MORIT,KWE,B330,CN-2605-MPSMS-VHHH,MPSMS-VHHH,25
CN,2605,MORIT,KWE,B330,CN-2605-SGM-G470-TAMOT,SGM-G470-TAMOT,21
CN,2605,MORIT,KWE,B330,CN-2605-SGM-G470-VHHH,SGM-G470-VHHH,21
CN,2605,MORIT,KWE,B330,CN-2605-SGM-TAMOT,SGM-TAMOT,17
CN,2605,MORIT,KWE,B330,CN-2605-SGM-VHHH,SGM-VHHH,17
CN,2605,MORIT,KWE,B330,CN-2605-SGMN-G470-TAMOT,SGMN-G470-TAMOT,21
CN,2605,MORIT,KWE,B330,CN-2605-SGMN-G470-VHHH,SGMN-G470-VHHH,21
CN,2605,MORIT,KWE,B330,CN-2605-SGMN-TAMOT,SGMN-TAMOT,17
CN,2605,MORIT,KWE,B330,CN-2605-SGMN-VHHH,SGMN-VHHH,20
CN,2605,MORIT,KWE,B330,CN-2605-SGMRK-G470-TAMOT,SGMRK-G470-TAMOT,21
CN,2605,MORIT,KWE,B330,CN-2605-SGMRK-G470-VHHH,SGMRK-G470-VHHH,21
CN,2605,MORIT,KWE,B330,CN-2605-SGMRK-G470/L888-TAMOT,SGMRK-G470/L888-TAMOT,21
CN,2605,MORIT,KWE,B330,CN-2605-SGMRK-G470/L888-VHHH,SGMRK-G470/L888-VHHH,21
CN,2605,MORIT,KWE,B330,CN-2605-SGMRK-G470/Y1-TAMOT,SGMRK-G470/Y1-TAMOT,21
CN,2605,MORIT,KWE,B330,CN-2605-SGMRK-G470/Y1-VHHH,SGMRK-G470/Y1-VHHH,21
CN,2605,MORIT,KWE,B330,CN-2605-SGMRN-G470-TAMOT,SGMRN-G470-TAMOT,21
CN,2605,MORIT,KWE,B330,CN-2605-SGMRN-G470-VHHH,SGMRN-G470-VHHH,21
CN,2605,MORIT,KWE,B330,CN-2605-SGMRN-G470/L888-TAMOT,SGMRN-G470/L888-TAMOT,21
CN,2605,MORIT,KWE,B330,CN-2605-SGMRN-G470/L888-VHHH,SGMRN-G470/L888-VHHH,21
CN,2605,MORIT,KWE,B330,CN-2605-SGMRN-G470/Y1-TAMOT,SGMRN-G470/Y1-TAMOT,21
CN,2605,MORIT,KWE,B330,CN-2605-SGMRN-G470/Y1-VHHH,SGMRN-G470/Y1-VHHH,21
CN,2605,MORIT,KWE,B330,CN-2605-SM-TAMOT,SM-TAMOT,10
CN,2605,MORIT,KWE,B330,CN-2605-SM-VHHH,SM-VHHH,10
CN,2605,MORIT,MEXAD,B330,CN-2605-MORIT-ZUTF-01,MORIT-ZUTF-01,1
CN,2605,MORIT,MEXAD,B330,CN-2605-MORIT-ZUUU-01,MORIT-ZUUU-01,1
CN,2605,MORIT,NOLOM,B330,CN-2605-MORIT-ZBDS-01,MORIT-ZBDS-01,1
CN,2605,MORIT,OVRAL,B330,CN-2605-MORIT-ZUCK-01,MORIT-ZUCK-01,1
CN,2605,MORIT,QNX,B330,CN-2605-MORIT-ZUGY-01,MORIT-ZUGY-01,1
CN,2605,MORIT,UBKER,B330,CN-2605-MORIT-KATBO,MORIT-KATBO,1
CN,2605,MORIT,UBKER,B330,CN-2605-MORIT-LINSO,MORIT-LINSO,1
CN,2605,MORIT,UBKER,B330,CN-2605-MORIT-SAGAG,MORIT-SAGAG,1
CN,2605,MORIT,UBKER,B330,CN-2605-MORIT-ZPPP-01,MORIT-ZPPP-01,1
CN,2605,MOTOM,LBN,W2,CN-2605-ZGKL-TEBAK-01,ZGKL-TEBAK-01,1
CN,2605,MUDAM,BUMDU,G212,CN-2605-GOLOT-TEBAK,GOLOT-TEBAK,4
CN,2605,MUDAM,SOTMU,G212,CN-2605-POLHO-ZSAM-01,POLHO-ZSAM-01,3
CN,2605,MUDAM,SOTMU,G212,CN-2605-POLHO-ZSFZ-01,POLHO-ZSFZ-01,3
CN,2605,MUDAM,SOTMU,G212,CN-2605-POLHO-ZSHC-01,POLHO-ZSHC-01,3
CN,2605,MUDAM,SOTMU,G212,CN-2605-POLHO-ZSJN-01,POLHO-ZSJN-01,3
CN,2605,MUDAM,SOTMU,G212,CN-2605-POLHO-ZSNJ-01,POLHO-ZSNJ-01,3
CN,2605,MUDAM,SOTMU,G212,CN-2605-POLHO-ZSPD-01,POLHO-ZSPD-01,3
CN,2605,MUDAM,SOTMU,G212,CN-2605-POLHO-ZSSS-01,POLHO-ZSSS-01,3
CN,2605,MUDAM,SOTMU,G212,CN-2605-POLHO-ZSWZ-01,POLHO-ZSWZ-01,3
CN,2605,MUDAM,VYK,G212,CN-2605-GOLOT-VMMC,GOLOT-VMMC,4
CN,2605,MUDAM,VYK,G212,CN-2605-ZYTX-SAGAG-01,ZYTX-SAGAG-01,3
CN,2605,MUDAM,VYK,G212,CN-2605-ZYTX-TAMOT-01,ZYTX-TAMOT-01,3
CN,2605,MUDAM,VYK,G212,CN-2605-ZYTX-VHHH-01,ZYTX-VHHH-01,3
CN,2605,MUDAM,VYK,G212,CN-2605-ZYTX-VMMC-01,ZYTX-VMMC-01,3
CN,2605,MUDOD,UNRUP,W76,CN-2605-ASSAD-ZSWZ-01,ASSAD-ZSWZ-01,5
CN,2605,MUDOD,UNRUP,W76,CN-2605-MAGOG-ZSWZ-01,MAGOG-ZSWZ-01,3
CN,2605,MUDOD,UNRUP,W76,CN-2605-VHHH-ZSWZ-01,VHHH-ZSWZ-01,3
CN,2605,MUDOD,UNRUP,W76,CN-2605-VMMC-ZSWZ-01,VMMC-ZSWZ-01,3
CN,2605,MUGLO,VAPGU,W34,CN-2605-ZBAA-AGAVO-01,ZBAA-AGAVO-01,1
CN,2605,MUGLO,VAPGU,W34,CN-2605-ZBAD-AGAVO-01,ZBAD-AGAVO-01,1
CN,2605,MUGLO,VAPGU,W34,CN-2605-ZBTJ-AGAVO-01,ZBTJ-AGAVO-01,1
CN,2605,MUGLO,VAPGU,W34,CN-2605-ZBTJ-ARGUK-01,ZBTJ-ARGUK-01,1
CN,2605,MUGLO,VAPGU,W34,CN-2605-ZBTJ-BISUN-01,ZBTJ-BISUN-01,1
CN,2605,MUGLO,VAPGU,W34,CN-2605-ZBTJ-SIMLI-01,ZBTJ-SIMLI-01,1
CN,2605,MUGLO,VAPGU,W34,CN-2605-ZBTJ-TOMUK-01,ZBTJ-TOMUK-01,1
CN,2605,MULOR,TEBUS,G588,CN-2605-ZWWW-TEBUS-01,ZWWW-TEBUS-01,2
CN,2605,MUMGO,LXA,B213,CN-2605-ZUTF-NONIM-01,ZUTF-NONIM-01,1
CN,2605,MUMGO,LXA,B213,CN-2605-ZUUU-NONIM-01,ZUUU-NONIM-01,1
CN,2605,MZL,IKARU,W606,CN-2605-ZBMZ-SARUL-01,ZBMZ-SARUL-01,1
CN,2605,MZL,MANLI,W539,CN-2605-ZBMZ-TELOK-01,ZBMZ-TELOK-01,1
CN,2605,NCH,XSH,W105,CN-2605-ZSCN-LAMEN-02,ZSCN-LAMEN-02,1
CN,2605,NIMEM,NULRA,W205,CN-2605-ZYHB-AGAVO-01,ZYHB-AGAVO-01,2
CN,2605,NIMEM,NULRA,W205,CN-2605-ZYHB-RCKH-01,ZYHB-RCKH-01,2
CN,2605,NIMEM,NULRA,W205,CN-2605-ZYHB-RCMQ-01,ZYHB-RCMQ-01,2
CN,2605,NIMEM,NULRA,W205,CN-2605-ZYHB-RCTP-01,ZYHB-RCTP-01,2
CN,2605,NIMEM,NULRA,W205,CN-2605-ZYHB-RCYU-01,ZYHB-RCYU-01,2
CN,2605,NINAS,LAMEN,G327,CN-2605-ZSHC-LAMEN-01,ZSHC-LAMEN-01,3
CN,2605,NINAS,LAMEN,G327,CN-2605-ZSWZ-LAMEN-01,ZSWZ-LAMEN-01,4
CN,2605,NINAS,SUPAR,B221,CN-2605-LAMEN-ZSHC-01,LAMEN-ZSHC-01,4
CN,2605,NINAS,SUPAR,B221,CN-2605-MAGIT-ZSHC-01,MAGIT-ZSHC-01,9
CN,2605,NINAS,SUPAR,B221,CN-2605-SIMLI-ZSHC-02,SIMLI-ZSHC-02,7
CN,2605,NIRAV,FKG,G588,CN-2605-GOPTO-PURPA,GOPTO-PURPA,2
CN,2605,NIRAV,FKG,G588,CN-2605-GOPTO-ZGSZ-01,GOPTO-ZGSZ-01,2
CN,2605,NIRAV,FKG,G588,CN-2605-GOPTO-ZUUU-01,GOPTO-ZUUU-01,2
CN,2605,NIRAV,GOPTO,B206,CN-2605-BEKOL-G470-SGM,BEKOL-G470-SGM,26
CN,2605,NIRAV,GOPTO,B206,CN-2605-BEKOL-G470-SGMN,BEKOL-G470-SGMN,26
CN,2605,NIRAV,GOPTO,B206,CN-2605-BEKOL-G470-SGMRK,BEKOL-G470-SGMRK,26
CN,2605,NIRAV,GOPTO,B206,CN-2605-BEKOL-G470-SGMRN,BEKOL-G470-SGMRN,26
CN,2605,NIRAV,GOPTO,B206,CN-2605-BEKOL-G470/L888-SGMRK,BEKOL-G470/L888-SGMRK,26
CN,2605,NIRAV,GOPTO,B206,CN-2605-BEKOL-G470/L888-SGMRN,BEKOL-G470/L888-SGMRN,26
CN,2605,NIRAV,GOPTO,B206,CN-2605-BEKOL-G470/Y1-SGMRK,BEKOL-G470/Y1-SGMRK,26
CN,2605,NIRAV,GOPTO,B206,CN-2605-BEKOL-G470/Y1-SGMRN,BEKOL-G470/Y1-SGMRN,26
CN,2605,NIRAV,GOPTO,B206,CN-2605-PURPA-GOPTO,PURPA-GOPTO,3
CN,2605,NIRAV,GOPTO,B206,CN-2605-TEBAK-GOPTO,TEBAK-GOPTO,12
CN,2605,NIRAV,GOPTO,B206,CN-2605-ZGSZ-GOPTO-01,ZGSZ-GOPTO-01,12
CN,2605,NIRAV,GOPTO,B206,CN-2605-ZUUU-GOPTO-01,ZUUU-GOPTO-01,8
CN,2605,NIRUV,YHD,B215,CN-2605-AGAVO-ZLIC-01,AGAVO-ZLIC-01,9
CN,2605,NIRUV,YHD,B215,CN-2605-RCTP-ZLIC-01,RCTP-ZLIC-01,10
CN,2605,NIRUV,YHD,B215,CN-2605-TEBAK-ZLIC-01,TEBAK-ZLIC-01,9
CN,2605,NIVIK,DOGVI,W135,CN-2605-ZSHC-INTIK-01,ZSHC-INTIK-01,1
CN,2605,NIVIK,DOGVI,W135,CN-2605-ZSHC-LINSO-01,ZSHC-LINSO-01,1
CN,2605,NIVIK,DOGVI,W135,CN-2605-ZSHC-NIXAL-01,ZSHC-NIXAL-01,1
CN,2605,NIVIK,DOGVI,W135,CN-2605-ZSHC-POLHO-01,ZSHC-POLHO-01,1
CN,2605,NIVIK,DOGVI,W135,CN-2605-ZSHC-SARIN-01,ZSHC-SARIN-01,1
CN,2605,NIXAL,AGVUR,B208,CN-2605-NIXAL-ZBSJ-01,NIXAL-ZBSJ-01,1
CN,2605,NIXAL,AGVUR,B208,CN-2605-NIXAL-ZBYN-01,NIXAL-ZBYN-01,1
CN,2605,NIXAL,CGO,B208,CN-2605-NIXAL-SADLI,NIXAL-SADLI,1
CN,2605,NIXAL,CGO,B208,CN-2605-NIXAL-ZGHA-01,NIXAL-ZGHA-01,1
CN,2605,NIXAL,CGO,B208,CN-2605-NIXAL-ZHEC-01,NIXAL-ZHEC-01,1
CN,2605,NIXAL,CGO,B208,CN-2605-NIXAL-ZHHH-01,NIXAL-ZHHH-01,1
CN,2605,NIXAL,CGO,B208,CN-2605-NIXAL-ZSAM-01,NIXAL-ZSAM-01,1
CN,2605,NIXAL,CGO,B208,CN-2605-NIXAL-ZSCN-01,NIXAL-ZSCN-01,1
CN,2605,NIXAL,CGO,B208,CN-2605-NIXAL-ZSFZ-01,NIXAL-ZSFZ-01,1
CN,2605,NIXAL,CGO,B208,CN-2605-NIXAL-ZSHC-01,NIXAL-ZSHC-01,1
CN,2605,NIXAL,CGO,B208,CN-2605-NIXAL-ZSNJ-01,NIXAL-ZSNJ-01,1
CN,2605,NIXAL,CGO,B208,CN-2605-NIXAL-ZSOF-01,NIXAL-ZSOF-01,1
CN,2605,NIXAL,CGO,B208,CN-2605-NIXAL-ZSPD-01,NIXAL-ZSPD-01,1
CN,2605,NIXAL,CGO,B208,CN-2605-NIXAL-ZSSS-01,NIXAL-ZSSS-01,1
CN,2605,NIXAL,CGO,B208,CN-2605-NIXAL-ZSWZ-01,NIXAL-ZSWZ-01,1
CN,2605,NIXAL,ESDIB,B208,CN-2605-NIXAL-SAGAG,NIXAL-SAGAG,1
CN,2605,NIXAL,ESDIB,B208,CN-2605-NIXAL-ZUUU-01,NIXAL-ZUUU-01,1
CN,2605,NIXAL,HET,B208,CN-2605-NIXAL-ZBDS-01,NIXAL-ZBDS-01,1
CN,2605,NIXAL,NOPIN,B208,CN-2605-NIXAL-ZHCC-01,NIXAL-ZHCC-01,1
CN,2605,NIXAL,SQ,B208,CN-2605-NIXAL-TEBAK,NIXAL-TEBAK,1
CN,2605,NIXAL,TMR,G343,CN-2605-MN-TAMOT,MN-TAMOT,6
CN,2605,NIXAL,TMR,G343,CN-2605-MN-VHHH,MN-VHHH,6
CN,2605,NIXAL,TMR,G343,CN-2605-NIXAL-TAMOT,NIXAL-TAMOT,1
CN,2605,NIXAL,TMR,G343,CN-2605-NIXAL-VHHH,NIXAL-VHHH,1
CN,2605,NIXAL,TMR,G343,CN-2605-NIXAL-ZBHH-01,NIXAL-ZBHH-01,1
CN,2605,NIXAL,TMR,G343,CN-2605-NIXAL-ZGSZ-01,NIXAL-ZGSZ-01,1
CN,2605,NIXAL,TMR,G343,CN-2605-SGMN-G470-TAMOT,SGMN-G470-TAMOT,26
CN,2605,NIXAL,TMR,G343,CN-2605-SGMN-G470-VHHH,SGMN-G470-VHHH,26
CN,2605,NIXAL,TMR,G343,CN-2605-SGMN-TAMOT,SGMN-TAMOT,22
CN,2605,NIXAL,TMR,G343,CN-2605-SGMN-VHHH,SGMN-VHHH,25
CN,2605,NIXAL,TMR,G343,CN-2605-SGMRN-G470-TAMOT,SGMRN-G470-TAMOT,36
CN,2605,NIXAL,TMR,G343,CN-2605-SGMRN-G470-VHHH,SGMRN-G470-VHHH,36
CN,2605,NIXAL,TMR,G343,CN-2605-SGMRN-G470/L888-TAMOT,SGMRN-G470/L888-TAMOT,36
CN,2605,NIXAL,TMR,G343,CN-2605-SGMRN-G470/L888-VHHH,SGMRN-G470/L888-VHHH,36
CN,2605,NIXAL,TMR,G343,CN-2605-SGMRN-G470/Y1-TAMOT,SGMRN-G470/Y1-TAMOT,35
CN,2605,NIXAL,TMR,G343,CN-2605-SGMRN-G470/Y1-VHHH,SGMRN-G470/Y1-VHHH,35
CN,2605,NIXEM,LAGAL,A593,CN-2605-LAMEN-ZSSH-02,LAMEN-ZSSH-02,5
CN,2605,NIXEM,YCH,W185,CN-2605-ZSSH-LAMEN-02,ZSSH-LAMEN-02,3
CN,2605,NIXEM,YCH,W185,CN-2605-ZSYA-AGAVO-01,ZSYA-AGAVO-01,1
CN,2605,NIXEM,YCH,W185,CN-2605-ZSYA-RCTP-01,ZSYA-RCTP-01,1
CN,2605,NIXEP,DOBGA,W8,CN-2605-ZSQD-ARGUK-01,ZSQD-ARGUK-01,3
CN,2605,NIXEP,DOBGA,W8,CN-2605-ZSQD-SIMLI-01,ZSQD-SIMLI-01,3
CN,2605,NIXER,GOBOK,W119,CN-2605-ZWWW-RULAD-01,ZWWW-RULAD-01,1
CN,2605,NIXER,KQS,W119,CN-2605-ZWWW-OGIGI-01,ZWWW-OGIGI-01,1
CN,2605,NIXER,LESVI,W119,CN-2605-ZWWW-AGVUT-01R,ZWWW-AGVUT-01R,1
CN,2605,NIXER,LESVI,W119,CN-2605-ZWWW-PURPA-01,ZWWW-PURPA-01,1
CN,2605,NIXER,LIMDO,W119,CN-2605-ZWWW-KAMUD-01,ZWWW-KAMUD-01,1
CN,2605,NIXID,KWE,B330,CN-2605-ZUTF-RCSS-01,ZUTF-RCSS-01,2
CN,2605,NIXID,KWE,B330,CN-2605-ZUTF-RCTP-01,ZUTF-RCTP-01,2
CN,2605,NIXID,KWE,B330,CN-2605-ZUTF-TAMOT-01,ZUTF-TAMOT-01,2
CN,2605,NIXID,KWE,B330,CN-2605-ZUTF-VHHH-01,ZUTF-VHHH-01,2
CN,2605,NIXID,KWE,B330,CN-2605-ZUTF-VMMC-01,ZUTF-VMMC-01,2
CN,2605,NIXUK,BOTKI,W271,CN-2605-AGVUT-ZBAA-02R,AGVUT-ZBAA-02R,5
CN,2605,NIXUK,BOTKI,W271,CN-2605-PURPA-W112-AGAVO,PURPA-W112-AGAVO,4
CN,2605,NIXUK,BOTKI,W271,CN-2605-PURPA-W112-SAGAG,PURPA-W112-SAGAG,4
CN,2605,NIXUK,BOTKI,W271,CN-2605-PURPA-ZBAA-01,PURPA-ZBAA-01,4
CN,2605,NIXUK,BOTKI,W271,CN-2605-PURPA-ZBAA-02,PURPA-ZBAA-02,4
CN,2605,NIXUK,BOTKI,W271,CN-2605-PURPA-ZBAD-01,PURPA-ZBAD-01,4
CN,2605,NIXUK,BOTKI,W271,CN-2605-PURPA-ZBAD-02,PURPA-ZBAD-02,4
CN,2605,NIXUK,BOTKI,W271,CN-2605-PURPA-ZBTJ-01,PURPA-ZBTJ-01,4
CN,2605,NIXUK,BOTKI,W271,CN-2605-PURPA-ZBTJ-02,PURPA-ZBTJ-02,4
CN,2605,NIXUK,BOTKI,W271,CN-2605-PURPA-ZSPD-01,PURPA-ZSPD-01,4
CN,2605,NIXUK,BOTKI,W271,CN-2605-PURPA-ZSPD-02,PURPA-ZSPD-02,4
CN,2605,NIXUK,BOTKI,W271,CN-2605-PURPA-ZSPD-03,PURPA-ZSPD-03,4
CN,2605,NIXUK,BOTKI,W271,CN-2605-PURPA-ZSPD-04,PURPA-ZSPD-04,4
CN,2605,NIXUK,BOTKI,W271,CN-2605-PURPA-ZSSS-01,PURPA-ZSSS-01,4
CN,2605,NIXUK,BOTKI,W271,CN-2605-PURPA-ZSSS-02,PURPA-ZSSS-02,4
CN,2605,NIXUK,BOTKI,W271,CN-2605-PURPA-ZYTL-01,PURPA-ZYTL-01,4
CN,2605,NIXUK,BOTKI,W271,CN-2605-PURPA-ZYTL-02,PURPA-ZYTL-02,4
CN,2605,NIXUK,BOTKI,W271,CN-2605-ZLDH-AGAVO-01,ZLDH-AGAVO-01,2
CN,2605,NIXUK,BOTKI,W271,CN-2605-ZLDH-SAGAG-01,ZLDH-SAGAG-01,2
CN,2605,NIXUK,DNH,W621,CN-2605-ZUCK-PURPA-01,ZUCK-PURPA-01,6
CN,2605,NIXUK,DNH,W621,CN-2605-ZUTF-KAMUD-01,ZUTF-KAMUD-01,5
CN,2605,NIXUK,DNH,W621,CN-2605-ZUUU-KAMUD-01,ZUUU-KAMUD-01,5
CN,2605,NLG,KEVAR,W509,CN-2605-LANDA-ZGSZ-01,LANDA-ZGSZ-01,4
CN,2605,NLG,KIBAS,DCT,CN-2605-ZGSZ-LINSO-01,ZGSZ-LINSO-01,1
CN,2605,NLG,KIBAS,DCT,CN-2605-ZGSZ-TEBAK-01,ZGSZ-TEBAK-01,1
CN,2605,NLG,LATOP,W6,CN-2605-ZGSZ-VMMC-01,ZGSZ-VMMC-01,1
CN,2605,NLG,ZUH,W23,CN-2605-AGAVO-VHHH,AGAVO-VHHH,11
CN,2605,NLG,ZUH,W23,CN-2605-BISUN-VHHH,BISUN-VHHH,7
CN,2605,NLG,ZUH,W23,CN-2605-INTIK-VHHH,INTIK-VHHH,6
CN,2605,NLG,ZUH,W23,CN-2605-LAMEN-ZJSY-02,LAMEN-ZJSY-02,9
CN,2605,NLG,ZUH,W23,CN-2605-MAGIT-VHHH,MAGIT-VHHH,6
CN,2605,NLG,ZUH,W23,CN-2605-MN-VHHH,MN-VHHH,11
CN,2605,NLG,ZUH,W23,CN-2605-MPSMS-VHHH,MPSMS-VHHH,6
CN,2605,NLG,ZUH,W23,CN-2605-MPSMS-VHHH,MPSMS-VHHH,14
CN,2605,NLG,ZUH,W23,CN-2605-MPSMS-VHHH,MPSMS-VHHH,22
CN,2605,NLG,ZUH,W23,CN-2605-MPSMS-VHHH,MPSMS-VHHH,38
CN,2605,NLG,ZUH,W23,CN-2605-NIXAL-VHHH,NIXAL-VHHH,6
CN,2605,NLG,ZUH,W23,CN-2605-POLHO-VHHH,POLHO-VHHH,6
CN,2605,NLG,ZUH,W23,CN-2605-SADLI-VHHH,SADLI-VHHH,9
CN,2605,NLG,ZUH,W23,CN-2605-SGMN-G470-VHHH,SGMN-G470-VHHH,31
CN,2605,NLG,ZUH,W23,CN-2605-SGMN-VHHH,SGMN-VHHH,30
CN,2605,NLG,ZUH,W23,CN-2605-SGMRN-G470-VHHH,SGMRN-G470-VHHH,41
CN,2605,NLG,ZUH,W23,CN-2605-SGMRN-G470/L888-VHHH,SGMRN-G470/L888-VHHH,41
CN,2605,NLG,ZUH,W23,CN-2605-SGMRN-G470/Y1-VHHH,SGMRN-G470/Y1-VHHH,40
CN,2605,NLG,ZUH,W23,CN-2605-SIMLI-VHHH,SIMLI-VHHH,6
CN,2605,NLG,ZUH,W23,CN-2605-ZBAA-VHHH-01,ZBAA-VHHH-01,6
CN,2605,NLG,ZUH,W23,CN-2605-ZBAD-VHHH-01,ZBAD-VHHH-01,4
CN,2605,NLG,ZUH,W23,CN-2605-ZBDS-VHHH-01,ZBDS-VHHH-01,9
CN,2605,NLG,ZUH,W23,CN-2605-ZBDT-VHHH-01,ZBDT-VHHH-01,9
CN,2605,NLG,ZUH,W23,CN-2605-ZBHH-VHHH-01,ZBHH-VHHH-01,7
CN,2605,NLG,ZUH,W23,CN-2605-ZBLA-VHHH-01,ZBLA-VHHH-01,7
CN,2605,NLG,ZUH,W23,CN-2605-ZBSJ-VHHH-01,ZBSJ-VHHH-01,5
CN,2605,NLG,ZUH,W23,CN-2605-ZBTJ-VHHH-01,ZBTJ-VHHH-01,4
CN,2605,NLG,ZUH,W23,CN-2605-ZBYN-VHHH-01,ZBYN-VHHH-01,9
CN,2605,NLG,ZUH,W23,CN-2605-ZGHA-VHHH-01,ZGHA-VHHH-01,4
CN,2605,NLG,ZUH,W23,CN-2605-ZGSZ-ASSAD-01,ZGSZ-ASSAD-01,1
CN,2605,NLG,ZUH,W23,CN-2605-ZGSZ-ASSAD-02,ZGSZ-ASSAD-02,1
CN,2605,NLG,ZUH,W23,CN-2605-ZGSZ-SIERA-01,ZGSZ-SIERA-01,1
CN,2605,NLG,ZUH,W23,CN-2605-ZGSZ-VHHH-01,ZGSZ-VHHH-01,1
CN,2605,NLG,ZUH,W23,CN-2605-ZHCC-VHHH-01,ZHCC-VHHH-01,4
CN,2605,NLG,ZUH,W23,CN-2605-ZHEC-VHHH-01,ZHEC-VHHH-01,4
CN,2605,NLG,ZUH,W23,CN-2605-ZHHH-VHHH-01,ZHHH-VHHH-01,4
CN,2605,NLG,ZUH,W23,CN-2605-ZSCN-ASSAD-01,ZSCN-ASSAD-01,3
CN,2605,NLG,ZUH,W23,CN-2605-ZSCN-VHHH-01,ZSCN-VHHH-01,3
CN,2605,NLG,ZUH,W23,CN-2605-ZSHC-ASSAD-01,ZSHC-ASSAD-01,4
CN,2605,NLG,ZUH,W23,CN-2605-ZSHC-BUNTA-01,ZSHC-BUNTA-01,4
CN,2605,NLG,ZUH,W23,CN-2605-ZSJN-VHHH-01,ZSJN-VHHH-01,5
CN,2605,NLG,ZUH,W23,CN-2605-ZSNJ-ASSAD-01,ZSNJ-ASSAD-01,6
CN,2605,NLG,ZUH,W23,CN-2605-ZSOF-VHHH-01,ZSOF-VHHH-01,6
CN,2605,NLG,ZUH,W23,CN-2605-ZSPD-ASSAD-01,ZSPD-ASSAD-01,7
CN,2605,NLG,ZUH,W23,CN-2605-ZSPD-VHHH-03,ZSPD-VHHH-03,7
CN,2605,NLG,ZUH,W23,CN-2605-ZSSS-ASSAD-01,ZSSS-ASSAD-01,7
CN,2605,NLG,ZUH,W23,CN-2605-ZSSS-VHHH-02,ZSSS-VHHH-02,7
CN,2605,NLG,ZUH,W23,CN-2605-ZSTX-VHHH-01,ZSTX-VHHH-01,4
CN,2605,NLG,ZUH,W23,CN-2605-ZYCC-VHHH-01,ZYCC-VHHH-01,6
CN,2605,NLG,ZUH,W23,CN-2605-ZYHB-VHHH-01,ZYHB-VHHH-01,6
CN,2605,NLG,ZUH,W23,CN-2605-ZYTL-VHHH-01,ZYTL-VHHH-01,6
CN,2605,NLG,ZUH,W23,CN-2605-ZYTX-VHHH-01,ZYTX-VHHH-01,7
CN,2605,NOBEM,MADUK,W73,CN-2605-ZSSH-TAMOT-01,ZSSH-TAMOT-01,4
CN,2605,NOBEM,MADUK,W73,CN-2605-ZSSH-TEBAK-01,ZSSH-TEBAK-01,4
CN,2605,NOBEM,OF,W95,CN-2605-BEKOL-ZSSH-01,BEKOL-ZSSH-01,6
CN,2605,NOBEM,OF,W95,CN-2605-TEBAK-ZSSH-01,TEBAK-ZSSH-01,8
CN,2605,NOBUP,HCH,W4,CN-2605-BEKOL-ZSYT-01,BEKOL-ZSYT-01,7
CN,2605,NOBUP,HCH,W4,CN-2605-BEKOL-ZYTL-01,BEKOL-ZYTL-01,7
CN,2605,NOBUP,HCH,W4,CN-2605-LINSO-ZSYT-01,LINSO-ZSYT-01,8
CN,2605,NOBUP,HCH,W4,CN-2605-TEBAK-ZSQD-01,TEBAK-ZSQD-01,9
CN,2605,NOBUP,HCH,W4,CN-2605-TEBAK-ZYTL-01,TEBAK-ZYTL-01,9
CN,2605,NOBUP,HCH,W4,CN-2605-VHHH-ZYTL-01,VHHH-ZYTL-01,7
CN,2605,NOBUP,IKEKA,W4,CN-2605-LINSO-AGAVO,LINSO-AGAVO,8
CN,2605,NOBUP,IKEKA,W4,CN-2605-RKL-AGAVO,RKL-AGAVO,32
CN,2605,NOBUP,IKEKA,W4,CN-2605-ZGHA-AGAVO-01,ZGHA-AGAVO-01,6
CN,2605,NOBUP,IKEKA,W4,CN-2605-ZHCC-AGAVO-01,ZHCC-AGAVO-01,6
CN,2605,NOBUP,IKEKA,W4,CN-2605-ZHEC-AGAVO-01,ZHEC-AGAVO-01,6
CN,2605,NOBUP,IKEKA,W4,CN-2605-ZHHH-AGAVO-01,ZHHH-AGAVO-01,6
CN,2605,NOBUP,IKEKA,W4,CN-2605-ZPPP-AGAVO-01,ZPPP-AGAVO-01,8
CN,2605,NOBUP,IKEKA,W4,CN-2605-ZUGY-AGAVO-01,ZUGY-AGAVO-01,9
CN,2605,NODIB,LPS,W137,CN-2605-ZPPP-AGAVO-01,ZPPP-AGAVO-01,1
CN,2605,NODIB,LPS,W137,CN-2605-ZPPP-LAMEN-01,ZPPP-LAMEN-01,1
CN,2605,NOLEP,BIDRU,L888,CN-2605-PURPA-L888-SAGAG,PURPA-L888-SAGAG,2
CN,2605,NOLEP,PURPA,W112,CN-2605-SAGAG-L888-PURPA,SAGAG-L888-PURPA,3
CN,2605,NOLOM,BIGUX,B330,CN-2605-KAMUD-ZLXY-03,KAMUD-ZLXY-03,5
CN,2605,NOLOM,BIGUX,B330,CN-2605-RULAD-ZLXY-01,RULAD-ZLXY-01,5
CN,2605,NOLOM,BIGUX,B330,CN-2605-SARIN-ZLXY-01,SARIN-ZLXY-01,4
CN,2605,NOLOM,DKO,W270,CN-2605-MORIT-ZBDS-01,MORIT-ZBDS-01,2
CN,2605,NOLOM,ELRUB,B330,CN-2605-KAMUD-ZLIC-01,KAMUD-ZLIC-01,5
CN,2605,NOLOM,ELRUB,B330,CN-2605-SARIN-ZLIC-01,SARIN-ZLIC-01,4
CN,2605,NOLOM,IDUGI,B330,CN-2605-SARIN-ZLLL-01,SARIN-ZLLL-01,4
CN,2605,NOLOM,KWE,B330,CN-2605-GOPTO-TAMOT,GOPTO-TAMOT,4
CN,2605,NOLOM,KWE,B330,CN-2605-GOPTO-VHHH,GOPTO-VHHH,4
CN,2605,NOLOM,KWE,B330,CN-2605-KAMUD-TAMOT,KAMUD-TAMOT,5
CN,2605,NOLOM,KWE,B330,CN-2605-KAMUD-VHHH,KAMUD-VHHH,5
CN,2605,NOLOM,KWE,B330,CN-2605-RULAD-TAMOT,RULAD-TAMOT,5
CN,2605,NOLOM,KWE,B330,CN-2605-RULAD-VHHH,RULAD-VHHH,5
CN,2605,NOLOM,KWE,B330,CN-2605-RULAD-VMMC,RULAD-VMMC,5
CN,2605,NOLOM,KWE,B330,CN-2605-SARIN-VHHH,SARIN-VHHH,4
CN,2605,NOLOM,KWE,B330,CN-2605-SARIN-ZGGG-02,SARIN-ZGGG-02,4
CN,2605,NOLOM,KWE,B330,CN-2605-SARIN-ZGSZ-02,SARIN-ZGSZ-02,4
CN,2605,NOLOM,KWE,B330,CN-2605-SGM-TAMOT,SGM-TAMOT,4
CN,2605,NOLOM,KWE,B330,CN-2605-SGM-TAMOT,SGM-TAMOT,12
CN,2605,NOLOM,KWE,B330,CN-2605-SGM-VHHH,SGM-VHHH,4
CN,2605,NOLOM,KWE,B330,CN-2605-SGM-VHHH,SGM-VHHH,12
CN,2605,NOLOM,KWE,B330,CN-2605-SGMN-TAMOT,SGMN-TAMOT,4
CN,2605,NOLOM,KWE,B330,CN-2605-SGMN-TAMOT,SGMN-TAMOT,12
CN,2605,NOLOM,KWE,B330,CN-2605-SGMN-VHHH,SGMN-VHHH,4
CN,2605,NOLOM,KWE,B330,CN-2605-SRKL-L888-VHHH,SRKL-L888-VHHH,4
CN,2605,NOLOM,KWE,B330,CN-2605-SRKL-VHHH,SRKL-VHHH,4
CN,2605,NOLOM,KWE,B330,CN-2605-SRKL-Y1-VHHH,SRKL-Y1-VHHH,4
CN,2605,NOLOM,KWE,B330,CN-2605-SRL-L888-VHHH,SRL-L888-VHHH,4
CN,2605,NOLOM,KWE,B330,CN-2605-SRL-TAMOT,SRL-TAMOT,4
CN,2605,NOLOM,KWE,B330,CN-2605-SRL-TAMOT,SRL-TAMOT,13
CN,2605,NOLOM,KWE,B330,CN-2605-SRL-VHHH,SRL-VHHH,4
CN,2605,NOLOM,KWE,B330,CN-2605-SRL-Y1-VHHH,SRL-Y1-VHHH,4
CN,2605,NOLOM,KWE,B330,CN-2605-ZWWW-VHHH-02,ZWWW-VHHH-02,4
CN,2605,NOLOM,MEXAD,B330,CN-2605-KAMUD-ZUTF-02,KAMUD-ZUTF-02,5
CN,2605,NOLOM,MEXAD,B330,CN-2605-SARIN-ZUTF-02,SARIN-ZUTF-02,4
CN,2605,NOLOM,MEXAD,B330,CN-2605-SARIN-ZUUU-02,SARIN-ZUUU-02,4
CN,2605,NOLOM,OVRAL,B330,CN-2605-SARIN-ZUCK-02,SARIN-ZUCK-02,4
CN,2605,NOLOM,QNX,B330,CN-2605-SARIN-ZUGY-01,SARIN-ZUGY-01,4
CN,2605,NOLOM,SJG,B330,CN-2605-GOPTO-TEBAK,GOPTO-TEBAK,4
CN,2605,NOLOM,SJG,B330,CN-2605-RULAD-ZJHK-01,RULAD-ZJHK-01,5
CN,2605,NOLOM,SJG,B330,CN-2605-RULAD-ZJSY-01,RULAD-ZJSY-01,5
CN,2605,NOLOM,SJG,B330,CN-2605-SARIN-ZJHK-01,SARIN-ZJHK-01,4
CN,2605,NOLOM,SJG,B330,CN-2605-SARIN-ZJSY-01,SARIN-ZJSY-01,4
CN,2605,NOLOM,UBKER,B330,CN-2605-PURPA-W112-SAGAG,PURPA-W112-SAGAG,6
CN,2605,NOLOM,UBKER,B330,CN-2605-RULAD-SAGAG,RULAD-SAGAG,5
CN,2605,NOLOM,UBKER,B330,CN-2605-SARIN-SAGAG,SARIN-SAGAG,4
CN,2605,NOLOM,UBKER,B330,CN-2605-SARIN-ZPPP-02,SARIN-ZPPP-02,4
CN,2605,NOLOM,UBKER,B330,CN-2605-ZLDH-SAGAG-01,ZLDH-SAGAG-01,4
CN,2605,NOLOM,UBKER,B330,CN-2605-ZWWW-SAGAG-01,ZWWW-SAGAG-01,4
CN,2605,NOLON,POU,W90,CN-2605-BISUN-VMMC,BISUN-VMMC,6
CN,2605,NOLON,POU,W90,CN-2605-BISUN-ZGSZ-01,BISUN-ZGSZ-01,6
CN,2605,NOLON,POU,W90,CN-2605-GOLOT-VMMC,GOLOT-VMMC,7
CN,2605,NOLON,POU,W90,CN-2605-INTIK-ZGSZ-01,INTIK-ZGSZ-01,5
CN,2605,NOLON,POU,W90,CN-2605-LAMEN-ZGSZ-01,LAMEN-ZGSZ-01,10
CN,2605,NOLON,POU,W90,CN-2605-MAGIT-ZGSZ-01,MAGIT-ZGSZ-01,5
CN,2605,NOLON,POU,W90,CN-2605-NIXAL-ZGSZ-01,NIXAL-ZGSZ-01,5
CN,2605,NOLON,POU,W90,CN-2605-POLHO-ZGSZ-01,POLHO-ZGSZ-01,5
CN,2605,NOLON,POU,W90,CN-2605-SADLI-VMMC,SADLI-VMMC,10
CN,2605,NOLON,POU,W90,CN-2605-SIMLI-ZGSZ-01,SIMLI-ZGSZ-01,5
CN,2605,NOLON,POU,W90,CN-2605-TOMUK-VMMC,TOMUK-VMMC,7
CN,2605,NOLON,POU,W90,CN-2605-ZBAA-VMMC-01,ZBAA-VMMC-01,5
CN,2605,NOLON,POU,W90,CN-2605-ZBAD-VMMC-01,ZBAD-VMMC-01,3
CN,2605,NOLON,POU,W90,CN-2605-ZBSJ-VMMC-01,ZBSJ-VMMC-01,4
CN,2605,NOLON,POU,W90,CN-2605-ZBTJ-VMMC-01,ZBTJ-VMMC-01,3
CN,2605,NOLON,POU,W90,CN-2605-ZBYN-VMMC-01,ZBYN-VMMC-01,8
CN,2605,NOLON,POU,W90,CN-2605-ZGHA-VMMC-01,ZGHA-VMMC-01,3
CN,2605,NOLON,POU,W90,CN-2605-ZHCC-VMMC-01,ZHCC-VMMC-01,3
CN,2605,NOLON,POU,W90,CN-2605-ZHHH-VMMC-01,ZHHH-VMMC-01,3
CN,2605,NOLON,POU,W90,CN-2605-ZSCN-VMMC-01,ZSCN-VMMC-01,4
CN,2605,NOLON,POU,W90,CN-2605-ZSOF-VMMC-02,ZSOF-VMMC-02,5
CN,2605,NOLON,POU,W90,CN-2605-ZSPD-VMMC-04,ZSPD-VMMC-04,8
CN,2605,NOLON,POU,W90,CN-2605-ZSSS-VMMC-02,ZSSS-VMMC-02,8
CN,2605,NOLON,POU,W90,CN-2605-ZYHB-VMMC-01,ZYHB-VMMC-01,5
CN,2605,NOLON,POU,W90,CN-2605-ZYTX-VMMC-01,ZYTX-VMMC-01,6
CN,2605,NOMAR,NLG,W18,CN-2605-AGAVO-VHHH,AGAVO-VHHH,10
CN,2605,NOMAR,NLG,W18,CN-2605-LAMEN-ZJSY-02,LAMEN-ZJSY-02,8
CN,2605,NOMAR,NLG,W18,CN-2605-MPSMS-VHHH,MPSMS-VHHH,37
CN,2605,NOMAR,NLG,W18,CN-2605-SADLI-VHHH,SADLI-VHHH,8
CN,2605,NOMAR,NLG,W18,CN-2605-ZSCN-ASSAD-01,ZSCN-ASSAD-01,2
CN,2605,NOMAR,NLG,W18,CN-2605-ZSCN-VHHH-01,ZSCN-VHHH-01,2
CN,2605,NOMAR,NLG,W18,CN-2605-ZSHC-ASSAD-01,ZSHC-ASSAD-01,3
CN,2605,NOMAR,NLG,W18,CN-2605-ZSHC-BUNTA-01,ZSHC-BUNTA-01,3
CN,2605,NOMAR,NLG,W18,CN-2605-ZSNJ-ASSAD-01,ZSNJ-ASSAD-01,5
CN,2605,NOMAR,NLG,W18,CN-2605-ZSPD-ASSAD-01,ZSPD-ASSAD-01,6
CN,2605,NOMAR,NLG,W18,CN-2605-ZSPD-VHHH-03,ZSPD-VHHH-03,6
CN,2605,NOMAR,NLG,W18,CN-2605-ZSSS-ASSAD-01,ZSSS-ASSAD-01,6
CN,2605,NOMAR,NLG,W18,CN-2605-ZSSS-VHHH-02,ZSSS-VHHH-02,6
CN,2605,NOMAR,NLG,W18,CN-2605-ZSTX-VHHH-01,ZSTX-VHHH-01,3
CN,2605,NOMAR,TAMOT,W18,CN-2605-AGAVO-TAMOT,AGAVO-TAMOT,10
CN,2605,NOMAR,TAMOT,W18,CN-2605-LAMEN-ZJHK-01,LAMEN-ZJHK-01,8
CN,2605,NOMAR,TAMOT,W18,CN-2605-LAMEN-ZJSY-01,LAMEN-ZJSY-01,8
CN,2605,NOMAR,TAMOT,W18,CN-2605-MPSMS-TAMOT,MPSMS-TAMOT,31
CN,2605,NOMAR,TAMOT,W18,CN-2605-SADLI-TAMOT,SADLI-TAMOT,8
CN,2605,NOMAR,TAMOT,W18,CN-2605-ZSCN-RCKH-02,ZSCN-RCKH-02,2
CN,2605,NOMAR,TAMOT,W18,CN-2605-ZSCN-TAMOT-01,ZSCN-TAMOT-01,2
CN,2605,NOMAR,TAMOT,W18,CN-2605-ZSHC-TAMOT-01,ZSHC-TAMOT-01,3
CN,2605,NOMAR,TAMOT,W18,CN-2605-ZSNJ-TAMOT-01,ZSNJ-TAMOT-01,5
CN,2605,NOMAR,TAMOT,W18,CN-2605-ZSPD-TAMOT-01,ZSPD-TAMOT-01,6
CN,2605,NOMAR,TAMOT,W18,CN-2605-ZSSS-TAMOT-01,ZSSS-TAMOT-01,6
CN,2605,NOMAR,TAMOT,W18,CN-2605-ZSXZ-TAMOT-01,ZSXZ-TAMOT-01,6
CN,2605,NOMAR,TAMOT,W18,CN-2605-ZSYA-TAMOT-01,ZSYA-TAMOT-01,7
CN,2605,NOMUK,LLC,W194,CN-2605-LINSO-ZGHA-01,LINSO-ZGHA-01,3
CN,2605,NONIM,LXA,B345,CN-2605-NONIM-ZBAA-01,NONIM-ZBAA-01,1
CN,2605,NONIM,LXA,B345,CN-2605-NONIM-ZBAD-01,NONIM-ZBAD-01,1
CN,2605,NONIM,LXA,B345,CN-2605-NONIM-ZLXY-01,NONIM-ZLXY-01,1
CN,2605,NONIM,LXA,B345,CN-2605-NONIM-ZUCK-01,NONIM-ZUCK-01,1
CN,2605,NONIM,LXA,B345,CN-2605-NONIM-ZULS-01,NONIM-ZULS-01,1
CN,2605,NONIM,LXA,B345,CN-2605-NONIM-ZUTF-01,NONIM-ZUTF-01,1
CN,2605,NONIM,LXA,B345,CN-2605-NONIM-ZUUU-01,NONIM-ZUUU-01,1
CN,2605,NOPIN,LAXAG,B208,CN-2605-ZHCC-RULAD-01,ZHCC-RULAD-01,1
CN,2605,NOPIN,LAXAG,B208,CN-2605-ZHCC-SARIN-01,ZHCC-SARIN-01,1
CN,2605,NOPIN,NIXAL,B208,CN-2605-ZHCC-NIXAL-01,ZHCC-NIXAL-01,1
CN,2605,NSH,SUDGO,W280,CN-2605-LINSO-ZSQD-02,LINSO-ZSQD-02,6
CN,2605,NSH,SUDGO,W280,CN-2605-SAGAG-ZSJN-01,SAGAG-ZSJN-01,6
CN,2605,NTG,PIKAS,W109,CN-2605-ZSNT-LINSO-01,ZSNT-LINSO-01,1
CN,2605,NTG,PIKAS,W109,CN-2605-ZSNT-TEBAK-01,ZSNT-TEBAK-01,1
CN,2605,NTG,XIREM,W591,CN-2605-ZSNT-LAMEN-01,ZSNT-LAMEN-01,1
CN,2605,NTG,XIREM,W591,CN-2605-ZSNT-MAGOG-01,ZSNT-MAGOG-01,1
CN,2605,NTG,XIREM,W591,CN-2605-ZSNT-RCTP-01,ZSNT-RCTP-01,1
CN,2605,NTG,XIREM,W591,CN-2605-ZSNT-VHHH-01,ZSNT-VHHH-01,1
CN,2605,NTG,XIREM,W591,CN-2605-ZSNT-VMMC-01,ZSNT-VMMC-01,1
CN,2605,NUDPO,DST,W121,CN-2605-VHHH-ZSPD-02,VHHH-ZSPD-02,2
CN,2605,NUDPO,DST,W121,CN-2605-VMMC-ZSPD-02,VMMC-ZSPD-02,2
CN,2605,NUDVO,XFA,W30,CN-2605-ZUCK-KATBO-01,ZUCK-KATBO-01,1
CN,2605,NUDVO,XFA,W30,CN-2605-ZUCK-LINSO-01,ZUCK-LINSO-01,1
CN,2605,NUDVO,XFA,W30,CN-2605-ZUCK-SAGAG-01,ZUCK-SAGAG-01,1
CN,2605,NUKTI,FKG,B215,CN-2605-AGAVO-B339-SARIN,AGAVO-B339-SARIN,10
CN,2605,NUKTI,FKG,B215,CN-2605-AGAVO-B339-SRK,AGAVO-B339-SRK,11
CN,2605,NUKTI,FKG,B215,CN-2605-AGAVO-SARIN,AGAVO-SARIN,10
CN,2605,NUKTI,FKG,B215,CN-2605-AGAVO-W104-SARIN,AGAVO-W104-SARIN,13
CN,2605,NUKTI,FKG,B215,CN-2605-BEKOL-SARIN,BEKOL-SARIN,9
CN,2605,NUKTI,FKG,B215,CN-2605-BEKOL-SGM,BEKOL-SGM,9
CN,2605,NUKTI,FKG,B215,CN-2605-BEKOL-SGMN,BEKOL-SGMN,9
CN,2605,NUKTI,FKG,B215,CN-2605-BEKOL-SRKL,BEKOL-SRKL,9
CN,2605,NUKTI,FKG,B215,CN-2605-BEKOL-SRL,BEKOL-SRL,9
CN,2605,NUKTI,FKG,B215,CN-2605-SAGAG-SARIN,SAGAG-SARIN,6
CN,2605,NUKTI,FKG,B215,CN-2605-ZBAA-SARIN-01,ZBAA-SARIN-01,5
CN,2605,NUKTI,FKG,B215,CN-2605-ZBAD-SARIN-01,ZBAD-SARIN-01,5
CN,2605,NUKTI,FKG,B215,CN-2605-ZBHH-SARIN-01,ZBHH-SARIN-01,3
CN,2605,NUKTI,FKG,B215,CN-2605-ZBTJ-SARIN-01,ZBTJ-SARIN-01,5
CN,2605,NUKTI,FKG,B215,CN-2605-ZGGG-SARIN-02,ZGGG-SARIN-02,7
CN,2605,NUKTI,FKG,B215,CN-2605-ZGSZ-SARIN-03,ZGSZ-SARIN-03,8
CN,2605,NUKTI,FKG,B215,CN-2605-ZHCC-SARIN-01,ZHCC-SARIN-01,4
CN,2605,NUKTI,FKG,B215,CN-2605-ZHHH-SARIN-01,ZHHH-SARIN-01,5
CN,2605,NUKTI,FKG,B215,CN-2605-ZJHK-SARIN-01,ZJHK-SARIN-01,9
CN,2605,NUKTI,FKG,B215,CN-2605-ZJSY-SARIN-01,ZJSY-SARIN-01,11
CN,2605,NUKTI,FKG,B215,CN-2605-ZLIC-SARIN-01,ZLIC-SARIN-01,4
CN,2605,NUKTI,FKG,B215,CN-2605-ZLLL-SARIN-01,ZLLL-SARIN-01,3
CN,2605,NUKTI,FKG,B215,CN-2605-ZLXY-SARIN-02,ZLXY-SARIN-02,7
CN,2605,NUKTI,FKG,B215,CN-2605-ZPPP-SARIN-02,ZPPP-SARIN-02,5
CN,2605,NUKTI,FKG,B215,CN-2605-ZSCN-SARIN-01,ZSCN-SARIN-01,7
CN,2605,NUKTI,FKG,B215,CN-2605-ZSHC-SARIN-01,ZSHC-SARIN-01,7
CN,2605,NUKTI,FKG,B215,CN-2605-ZSPD-SARIN-01,ZSPD-SARIN-01,9
CN,2605,NUKTI,FKG,B215,CN-2605-ZSSS-SARIN-01,ZSSS-SARIN-01,9
CN,2605,NUKTI,FKG,B215,CN-2605-ZSYT-SARIN-01,ZSYT-SARIN-01,8
CN,2605,NUKTI,FKG,B215,CN-2605-ZUCK-SARIN-02,ZUCK-SARIN-02,5
CN,2605,NUKTI,FKG,B215,CN-2605-ZUGY-SARIN-01,ZUGY-SARIN-01,4
CN,2605,NUKTI,FKG,B215,CN-2605-ZUTF-SARIN-02,ZUTF-SARIN-02,4
CN,2605,NUKTI,FKG,B215,CN-2605-ZUUU-SARIN-02,ZUUU-SARIN-02,4
CN,2605,NUKTI,HAM,B215,CN-2605-BEKOL-GOPTO,BEKOL-GOPTO,9
CN,2605,NUKTI,HAM,B215,CN-2605-BEKOL-SGM,BEKOL-SGM,20
CN,2605,NUKTI,HAM,B215,CN-2605-BEKOL-SGMN,BEKOL-SGMN,20
CN,2605,NUKTI,HAM,B215,CN-2605-MORIT-ZWWW-01,MORIT-ZWWW-01,3
CN,2605,NUKTI,HAM,B215,CN-2605-SAGAG-ZWWW-01,SAGAG-ZWWW-01,6
CN,2605,NUKTI,HAM,B215,CN-2605-VHHH-ZWWW-02,VHHH-ZWWW-02,9
CN,2605,NUKTI,IBANO,B215,CN-2605-AGAVO-B339-PURPA,AGAVO-B339-PURPA,10
CN,2605,NUKTI,IBANO,B215,CN-2605-AGAVO-W112-PURPA,AGAVO-W112-PURPA,10
CN,2605,NUKTI,IBANO,B215,CN-2605-ZBAA-AGVUT-02R,ZBAA-AGVUT-02R,5
CN,2605,NUKTI,IBANO,B215,CN-2605-ZBAA-PURPA-01,ZBAA-PURPA-01,5
CN,2605,NUKTI,IBANO,B215,CN-2605-ZBAA-PURPA-02,ZBAA-PURPA-02,5
CN,2605,NUKTI,IBANO,B215,CN-2605-ZBAD-PURPA-01,ZBAD-PURPA-01,5
CN,2605,NUKTI,IBANO,B215,CN-2605-ZBAD-PURPA-02,ZBAD-PURPA-02,5
CN,2605,NUKTI,IBANO,B215,CN-2605-ZBTJ-PURPA-01,ZBTJ-PURPA-01,5
CN,2605,NUKTI,IBANO,B215,CN-2605-ZBTJ-PURPA-02,ZBTJ-PURPA-02,5
CN,2605,NUKTI,IBANO,B215,CN-2605-ZSPD-PURPA-01,ZSPD-PURPA-01,9
CN,2605,NUKTI,IBANO,B215,CN-2605-ZSPD-PURPA-02,ZSPD-PURPA-02,9
CN,2605,NUKTI,IBANO,B215,CN-2605-ZSSS-PURPA-01,ZSSS-PURPA-01,9
CN,2605,NUKTI,IBANO,B215,CN-2605-ZSSS-PURPA-02,ZSSS-PURPA-02,9
CN,2605,NUKTI,KABDO,B215,CN-2605-AGAVO-B339-KAMUD,AGAVO-B339-KAMUD,10
CN,2605,NUKTI,KABDO,B215,CN-2605-AGAVO-B339-RULAD,AGAVO-B339-RULAD,10
CN,2605,NUKTI,KABDO,B215,CN-2605-AGAVO-B339-SRK,AGAVO-B339-SRK,24
CN,2605,NUKTI,KABDO,B215,CN-2605-AGAVO-B339-SRK,AGAVO-B339-SRK,38
CN,2605,NUKTI,KABDO,B215,CN-2605-AGAVO-KAMUD,AGAVO-KAMUD,10
CN,2605,NUKTI,KABDO,B215,CN-2605-AGAVO-RK,AGAVO-RK,10
CN,2605,NUKTI,KABDO,B215,CN-2605-AGAVO-RK,AGAVO-RK,23
CN,2605,NUKTI,KABDO,B215,CN-2605-AGAVO-RKL,AGAVO-RKL,10
CN,2605,NUKTI,KABDO,B215,CN-2605-AGAVO-RKL,AGAVO-RKL,23
CN,2605,NUKTI,KABDO,B215,CN-2605-AGAVO-RULAD,AGAVO-RULAD,10
CN,2605,NUKTI,KABDO,B215,CN-2605-BEKOL-KAMUD,BEKOL-KAMUD,9
CN,2605,NUKTI,KABDO,B215,CN-2605-BEKOL-RULAD,BEKOL-RULAD,9
CN,2605,NUKTI,KABDO,B215,CN-2605-BEKOL-SRKL,BEKOL-SRKL,20
CN,2605,NUKTI,KABDO,B215,CN-2605-BEKOL-SRKL,BEKOL-SRKL,32
CN,2605,NUKTI,KABDO,B215,CN-2605-BEKOL-SRL,BEKOL-SRL,20
CN,2605,NUKTI,KABDO,B215,CN-2605-SADLI-RULAD,SADLI-RULAD,8
CN,2605,NUKTI,KABDO,B215,CN-2605-SAGAG-RULAD,SAGAG-RULAD,6
CN,2605,NUKTI,KABDO,B215,CN-2605-ZBAA-AGVUT-01R,ZBAA-AGVUT-01R,5
CN,2605,NUKTI,KABDO,B215,CN-2605-ZBAA-KAMUD-01,ZBAA-KAMUD-01,5
CN,2605,NUKTI,KABDO,B215,CN-2605-ZBAA-RULAD-01,ZBAA-RULAD-01,5
CN,2605,NUKTI,KABDO,B215,CN-2605-ZBAD-KAMUD-01,ZBAD-KAMUD-01,5
CN,2605,NUKTI,KABDO,B215,CN-2605-ZBAD-OGIGI-01,ZBAD-OGIGI-01,5
CN,2605,NUKTI,KABDO,B215,CN-2605-ZBAD-RULAD-01,ZBAD-RULAD-01,5
CN,2605,NUKTI,KABDO,B215,CN-2605-ZBTJ-KAMUD-01,ZBTJ-KAMUD-01,5
CN,2605,NUKTI,KABDO,B215,CN-2605-ZBTJ-RULAD-01,ZBTJ-RULAD-01,5
CN,2605,NUKTI,KABDO,B215,CN-2605-ZHCC-RULAD-01,ZHCC-RULAD-01,4
CN,2605,NUKTI,KABDO,B215,CN-2605-ZHEC-KAMUD-01,ZHEC-KAMUD-01,5
CN,2605,NUKTI,KABDO,B215,CN-2605-ZHEC-RULAD-01,ZHEC-RULAD-01,5
CN,2605,NUKTI,KABDO,B215,CN-2605-ZHHH-KAMUD-01,ZHHH-KAMUD-01,5
CN,2605,NUKTI,KABDO,B215,CN-2605-ZHHH-RULAD-01,ZHHH-RULAD-01,5
CN,2605,NUKTI,KABDO,B215,CN-2605-ZJHK-RULAD-01,ZJHK-RULAD-01,9
CN,2605,NUKTI,KABDO,B215,CN-2605-ZJSY-RULAD-02,ZJSY-RULAD-02,11
CN,2605,NUKTI,KABDO,B215,CN-2605-ZLIC-KAMUD-01,ZLIC-KAMUD-01,4
CN,2605,NUKTI,KABDO,B215,CN-2605-ZLXY-RULAD-01,ZLXY-RULAD-01,7
CN,2605,NUKTI,KABDO,B215,CN-2605-ZSAM-KAMUD-01,ZSAM-KAMUD-01,13
CN,2605,NUKTI,KABDO,B215,CN-2605-ZSCN-RULAD-01,ZSCN-RULAD-01,7
CN,2605,NUKTI,KABDO,B215,CN-2605-ZSPD-KAMUD-01,ZSPD-KAMUD-01,9
CN,2605,NUKTI,KABDO,B215,CN-2605-ZSPD-RULAD-01,ZSPD-RULAD-01,9
CN,2605,NUKTI,KABDO,B215,CN-2605-ZSYT-RULAD-01,ZSYT-RULAD-01,8
CN,2605,NUKTI,KABDO,B215,CN-2605-ZUTF-KAMUD-03,ZUTF-KAMUD-03,4
CN,2605,NUKTI,KABDO,B215,CN-2605-ZYTX-RULAD-01,ZYTX-RULAD-01,5
CN,2605,NULRA,CHI,A588,CN-2605-ZYHB-AGAVO-01,ZYHB-AGAVO-01,3
CN,2605,NULRA,CHI,A588,CN-2605-ZYHB-RCKH-01,ZYHB-RCKH-01,3
CN,2605,NULRA,CHI,A588,CN-2605-ZYHB-RCMQ-01,ZYHB-RCMQ-01,3
CN,2605,NULRA,CHI,A588,CN-2605-ZYHB-RCTP-01,ZYHB-RCTP-01,3
CN,2605,NULRA,CHI,A588,CN-2605-ZYHB-RCYU-01,ZYHB-RCYU-01,3
CN,2605,NULRA,MAGBI,W206,CN-2605-AGAVO-ZYHB-01,AGAVO-ZYHB-01,5
CN,2605,NULRA,MAGBI,W206,CN-2605-RCKH-ZYHB-01,RCKH-ZYHB-01,5
CN,2605,NULRA,MAGBI,W206,CN-2605-RCMQ-ZYHB-01,RCMQ-ZYHB-01,5
CN,2605,NULRA,MAGBI,W206,CN-2605-RCTP-ZYHB-01,RCTP-ZYHB-01,5
CN,2605,NULRA,MAGBI,W206,CN-2605-RCYU-ZYHB-01,RCYU-ZYHB-01,5
CN,2605,NUMKU,AGTEL,W223,CN-2605-BUNTA-ZBAA-01,BUNTA-ZBAA-01,3
CN,2605,NUMKU,AGTEL,W223,CN-2605-BUNTA-ZBAD-01,BUNTA-ZBAD-01,3
CN,2605,NUMKU,AGTEL,W223,CN-2605-BUNTA-ZGNN-01,BUNTA-ZGNN-01,3
CN,2605,NUMKU,AGTEL,W223,CN-2605-BUNTA-ZGZJ-01,BUNTA-ZGZJ-01,3
CN,2605,NUMKU,AGTEL,W223,CN-2605-ZJSY-BISUN-02,ZJSY-BISUN-02,2
CN,2605,NUMKU,AGTEL,W223,CN-2605-ZJSY-LINSO-01,ZJSY-LINSO-01,2
CN,2605,NUMKU,AGTEL,W223,CN-2605-ZJSY-MORIT-01,ZJSY-MORIT-01,2
CN,2605,NUMKU,AGTEL,W223,CN-2605-ZJSY-NIXAL-02,ZJSY-NIXAL-02,2
CN,2605,NUMKU,AGTEL,W223,CN-2605-ZJSY-RULAD-01,ZJSY-RULAD-01,2
CN,2605,NUMKU,AGTEL,W223,CN-2605-ZJSY-RULAD-02,ZJSY-RULAD-02,2
CN,2605,NUMKU,AGTEL,W223,CN-2605-ZJSY-SARIN-01,ZJSY-SARIN-01,2
CN,2605,NUMKU,AGTEL,W223,CN-2605-ZJSY-SARIN-02,ZJSY-SARIN-02,2
CN,2605,NUMKU,AGTEL,W223,CN-2605-ZJSY-TEBAK-01,ZJSY-TEBAK-01,2
CN,2605,NUPTI,WUY,R343,CN-2605-BISUN-TEBAK,BISUN-TEBAK,6
CN,2605,NUPTI,WUY,R343,CN-2605-GOLOT-TEBAK,GOLOT-TEBAK,7
CN,2605,NUPTI,WUY,R343,CN-2605-INTIK-TEBAK,INTIK-TEBAK,4
CN,2605,NUPTI,WUY,R343,CN-2605-MAGIT-TEBAK,MAGIT-TEBAK,5
CN,2605,NUPTI,WUY,R343,CN-2605-NIXAL-TEBAK,NIXAL-TEBAK,3
CN,2605,NUSPA,IKATA,W597,CN-2605-ZSAM-ASSAD-01,ZSAM-ASSAD-01,1
CN,2605,NUSPA,IKATA,W597,CN-2605-ZSAM-LINSO-01,ZSAM-LINSO-01,1
CN,2605,NUSPA,IKATA,W597,CN-2605-ZSAM-MAGOG-01,ZSAM-MAGOG-01,1
CN,2605,NUSPA,IKATA,W597,CN-2605-ZSAM-RCKH-01,ZSAM-RCKH-01,1
CN,2605,NUSPA,IKATA,W597,CN-2605-ZSAM-RCSS-01,ZSAM-RCSS-01,1
CN,2605,NUSPA,IKATA,W597,CN-2605-ZSAM-RCTP-01,ZSAM-RCTP-01,1
CN,2605,NUSPA,IKATA,W597,CN-2605-ZSAM-RCYU-01,ZSAM-RCYU-01,1
CN,2605,NUSPA,IKATA,W597,CN-2605-ZSAM-TEBAK-01,ZSAM-TEBAK-01,1
CN,2605,NUSPA,IKATA,W597,CN-2605-ZSAM-VHHH-01,ZSAM-VHHH-01,1
CN,2605,NUSPA,IKATA,W597,CN-2605-ZSAM-VMMC-01,ZSAM-VMMC-01,1
CN,2605,NUSPA,IKATA,W597,CN-2605-ZSQZ-MAGOG-01,ZSQZ-MAGOG-01,1
CN,2605,NUSPA,IKATA,W597,CN-2605-ZSQZ-VHHH-01,ZSQZ-VHHH-01,1
CN,2605,NUTLO,CGO,B208,CN-2605-KAMUD-ZSHC-01,KAMUD-ZSHC-01,6
CN,2605,NUTLO,CGO,B208,CN-2605-PURPA-ZSPD-02,PURPA-ZSPD-02,7
CN,2605,NUTLO,CGO,B208,CN-2605-PURPA-ZSPD-04,PURPA-ZSPD-04,7
CN,2605,NUTLO,CGO,B208,CN-2605-SARIN-ZSCN-02,SARIN-ZSCN-02,5
CN,2605,NUTLO,CGO,B208,CN-2605-SARIN-ZSHC-01,SARIN-ZSHC-01,5
CN,2605,NUTLO,CGO,B208,CN-2605-SARIN-ZSPD-01,SARIN-ZSPD-01,5
CN,2605,NUTLO,CGO,B208,CN-2605-ZWWW-RCTP-01,ZWWW-RCTP-01,5
CN,2605,NUTLO,IVTIN,W64,CN-2605-VHHH-ZBDT-01,VHHH-ZBDT-01,4
CN,2605,NUTLO,NOPIN,B208,CN-2605-RULAD-ZHCC-01,RULAD-ZHCC-01,6
CN,2605,NUTLO,NOPIN,B208,CN-2605-SARIN-ZHCC-01,SARIN-ZHCC-01,5
CN,2605,NUVPU,MUDAM,W52,CN-2605-POLHO-ZSAM-01,POLHO-ZSAM-01,2
CN,2605,NUVPU,MUDAM,W52,CN-2605-POLHO-ZSFZ-01,POLHO-ZSFZ-01,2
CN,2605,NUVPU,MUDAM,W52,CN-2605-POLHO-ZSHC-01,POLHO-ZSHC-01,2
CN,2605,NUVPU,MUDAM,W52,CN-2605-POLHO-ZSJN-01,POLHO-ZSJN-01,2
CN,2605,NUVPU,MUDAM,W52,CN-2605-POLHO-ZSNJ-01,POLHO-ZSNJ-01,2
CN,2605,NUVPU,MUDAM,W52,CN-2605-POLHO-ZSPD-01,POLHO-ZSPD-01,2
CN,2605,NUVPU,MUDAM,W52,CN-2605-POLHO-ZSSS-01,POLHO-ZSSS-01,2
CN,2605,NUVPU,MUDAM,W52,CN-2605-POLHO-ZSWZ-01,POLHO-ZSWZ-01,2
CN,2605,NXD,AKDIM,W131,CN-2605-AGAVO-TAMOT,AGAVO-TAMOT,5
CN,2605,NXD,AKDIM,W131,CN-2605-AGAVO-VHHH,AGAVO-VHHH,5
CN,2605,NXD,AKDIM,W131,CN-2605-LAMEN-ZGGG-01,LAMEN-ZGGG-01,3
CN,2605,NXD,AKDIM,W131,CN-2605-LAMEN-ZGOW-01,LAMEN-ZGOW-01,3
CN,2605,NXD,AKDIM,W131,CN-2605-LAMEN-ZGSZ-01,LAMEN-ZGSZ-01,3
CN,2605,NXD,AKDIM,W131,CN-2605-LAMEN-ZJHK-01,LAMEN-ZJHK-01,3
CN,2605,NXD,AKDIM,W131,CN-2605-LAMEN-ZJSY-01,LAMEN-ZJSY-01,3
CN,2605,NXD,AKDIM,W131,CN-2605-LAMEN-ZJSY-02,LAMEN-ZJSY-02,3
CN,2605,NXD,AKDIM,W131,CN-2605-LAMEN-ZSTX-01,LAMEN-ZSTX-01,3
CN,2605,NXD,AKDIM,W131,CN-2605-MPSMS-TAMOT,MPSMS-TAMOT,26
CN,2605,NXD,AKDIM,W131,CN-2605-MPSMS-VHHH,MPSMS-VHHH,32
CN,2605,NXD,AKDIM,W131,CN-2605-SADLI-LINSO,SADLI-LINSO,3
CN,2605,NXD,AKDIM,W131,CN-2605-SADLI-MAGOG,SADLI-MAGOG,3
CN,2605,NXD,AKDIM,W131,CN-2605-SADLI-TAMOT,SADLI-TAMOT,3
CN,2605,NXD,AKDIM,W131,CN-2605-SADLI-TEBAK,SADLI-TEBAK,3
CN,2605,NXD,AKDIM,W131,CN-2605-SADLI-VHHH,SADLI-VHHH,3
CN,2605,NXD,AKDIM,W131,CN-2605-SADLI-VMMC,SADLI-VMMC,3
CN,2605,NXD,AKDIM,W131,CN-2605-ZSNT-MAGOG-01,ZSNT-MAGOG-01,5
CN,2605,NXD,AKDIM,W131,CN-2605-ZSNT-RCTP-01,ZSNT-RCTP-01,5
CN,2605,NXD,AKDIM,W131,CN-2605-ZSNT-VHHH-01,ZSNT-VHHH-01,5
CN,2605,NXD,AKDIM,W131,CN-2605-ZSNT-VMMC-01,ZSNT-VMMC-01,5
CN,2605,NXD,AKDIM,W131,CN-2605-ZSPD-ASSAD-01,ZSPD-ASSAD-01,1
CN,2605,NXD,AKDIM,W131,CN-2605-ZSPD-LINSO-02,ZSPD-LINSO-02,1
CN,2605,NXD,AKDIM,W131,CN-2605-ZSPD-TAMOT-01,ZSPD-TAMOT-01,1
CN,2605,NXD,AKDIM,W131,CN-2605-ZSPD-TEBAK-02,ZSPD-TEBAK-02,1
CN,2605,NXD,AKDIM,W131,CN-2605-ZSPD-VHHH-03,ZSPD-VHHH-03,1
CN,2605,NXD,AKDIM,W131,CN-2605-ZSPD-VMMC-04,ZSPD-VMMC-04,1
CN,2605,NXD,AKDIM,W131,CN-2605-ZSSS-ASSAD-01,ZSSS-ASSAD-01,1
CN,2605,NXD,AKDIM,W131,CN-2605-ZSSS-LINSO-02,ZSSS-LINSO-02,1
CN,2605,NXD,AKDIM,W131,CN-2605-ZSSS-MAGOG-01,ZSSS-MAGOG-01,1
CN,2605,NXD,AKDIM,W131,CN-2605-ZSSS-RCKH-01,ZSSS-RCKH-01,1
CN,2605,NXD,AKDIM,W131,CN-2605-ZSSS-RCMQ-01,ZSSS-RCMQ-01,1
CN,2605,NXD,AKDIM,W131,CN-2605-ZSSS-RCSS-01,ZSSS-RCSS-01,1
CN,2605,NXD,AKDIM,W131,CN-2605-ZSSS-RCTP-01,ZSSS-RCTP-01,1
CN,2605,NXD,AKDIM,W131,CN-2605-ZSSS-RCYU-01,ZSSS-RCYU-01,1
CN,2605,NXD,AKDIM,W131,CN-2605-ZSSS-TAMOT-01,ZSSS-TAMOT-01,1
CN,2605,NXD,AKDIM,W131,CN-2605-ZSSS-VHHH-01,ZSSS-VHHH-01,1
CN,2605,NXD,AKDIM,W131,CN-2605-ZSSS-VHHH-02,ZSSS-VHHH-02,1
CN,2605,NXD,AKDIM,W131,CN-2605-ZSSS-VMMC-01,ZSSS-VMMC-01,1
CN,2605,NXD,AKDIM,W131,CN-2605-ZSSS-VMMC-02,ZSSS-VMMC-02,1
CN,2605,NXD,AKDIM,W131,CN-2605-ZSYT-MAGOG-01,ZSYT-MAGOG-01,5
CN,2605,NYB,BUNTA,G221,CN-2605-ZGNN-BUNTA-01,ZGNN-BUNTA-01,2
CN,2605,NYB,BUNTA,G221,CN-2605-ZGZJ-BUNTA-01,ZGZJ-BUNTA-01,3
CN,2605,NYB,BUNTA,G221,CN-2605-ZJHK-BUNTA-01,ZJHK-BUNTA-01,1
CN,2605,NYB,WL,G221,CN-2605-LINSO-ZJSY-01,LINSO-ZJSY-01,4
CN,2605,NYB,WL,G221,CN-2605-MORIT-ZJSY-01,MORIT-ZJSY-01,6
CN,2605,NYB,WL,G221,CN-2605-RULAD-ZJSY-01,RULAD-ZJSY-01,9
CN,2605,NYB,WL,G221,CN-2605-RULAD-ZJSY-02,RULAD-ZJSY-02,11
CN,2605,NYB,WL,G221,CN-2605-SARIN-ZJSY-01,SARIN-ZJSY-01,8
CN,2605,NYB,WL,G221,CN-2605-SARIN-ZJSY-02,SARIN-ZJSY-02,10
CN,2605,NYB,WL,G221,CN-2605-TEBAK-ZJSY-01,TEBAK-ZJSY-01,4
CN,2605,OBLUV,IPMUG,W226,CN-2605-VHHH-ZGDY-01,VHHH-ZGDY-01,3
CN,2605,OBLUV,VYK,W56,CN-2605-ZSCN-POLHO-01,ZSCN-POLHO-01,2
CN,2605,OBMEP,AGVUR,B208,CN-2605-TEBAK-ZLIC-01,TEBAK-ZLIC-01,5
CN,2605,OBMEP,AGVUR,B208,CN-2605-VHHH-ZBDS-01,VHHH-ZBDS-01,3
CN,2605,OBMEP,ANPIG,B208,CN-2605-BEKOL-ZBYN-01,BEKOL-ZBYN-01,3
CN,2605,OBMEP,ANPIG,B208,CN-2605-TEBAK-ZBYN-01,TEBAK-ZBYN-01,5
CN,2605,OBMEP,ANPIG,B208,CN-2605-VHHH-ZBYN-01,VHHH-ZBYN-01,3
CN,2605,OBMEP,ANPIG,B208,CN-2605-VMMC-ZBYN-01,VMMC-ZBYN-01,6
CN,2605,OBMEP,HET,B208,CN-2605-BEKOL-APSMS,BEKOL-APSMS,10
CN,2605,OBMEP,HET,B208,CN-2605-BEKOL-INTIK,BEKOL-INTIK,3
CN,2605,OBMEP,HET,B208,CN-2605-BEKOL-POLHO,BEKOL-POLHO,3
CN,2605,OBMEP,HET,B208,CN-2605-TEBAK-INTIK,TEBAK-INTIK,5
CN,2605,OBMEP,HET,B208,CN-2605-ZGGG-INTIK-01,ZGGG-INTIK-01,3
CN,2605,OBMEP,HET,B208,CN-2605-ZGGG-POLHO-01,ZGGG-POLHO-01,3
CN,2605,OBMEP,HET,B208,CN-2605-ZGSZ-INTIK-01,ZGSZ-INTIK-01,5
CN,2605,OBMEP,HET,B208,CN-2605-ZGSZ-POLHO-01,ZGSZ-POLHO-01,5
CN,2605,OBMEP,HET,B208,CN-2605-ZHHH-POLHO-01,ZHHH-POLHO-01,2
CN,2605,OBMEP,HET,B208,CN-2605-ZJSY-POLHO-01,ZJSY-POLHO-01,6
CN,2605,OBMEP,LAXAG,B208,CN-2605-ZHEC-KAMUD-01,ZHEC-KAMUD-01,2
CN,2605,OBMEP,LAXAG,B208,CN-2605-ZHEC-RULAD-01,ZHEC-RULAD-01,2
CN,2605,OBMEP,LAXAG,B208,CN-2605-ZHHH-KAMUD-01,ZHHH-KAMUD-01,2
CN,2605,OBMEP,LAXAG,B208,CN-2605-ZHHH-RULAD-01,ZHHH-RULAD-01,2
CN,2605,OBMEP,LAXAG,B208,CN-2605-ZHHH-SARIN-01,ZHHH-SARIN-01,2
CN,2605,OBMEP,LAXAG,B208,CN-2605-ZSCN-RULAD-01,ZSCN-RULAD-01,4
CN,2605,OBMEP,LAXAG,B208,CN-2605-ZSCN-SARIN-01,ZSCN-SARIN-01,4
CN,2605,OBMEP,NIXAL,B208,CN-2605-BEKOL-G470-SGMN,BEKOL-G470-SGMN,38
CN,2605,OBMEP,NIXAL,B208,CN-2605-BEKOL-G470-SGMRN,BEKOL-G470-SGMRN,53
CN,2605,OBMEP,NIXAL,B208,CN-2605-BEKOL-G470/L888-SGMRN,BEKOL-G470/L888-SGMRN,48
CN,2605,OBMEP,NIXAL,B208,CN-2605-BEKOL-G470/Y1-SGMRN,BEKOL-G470/Y1-SGMRN,48
CN,2605,OBMEP,NIXAL,B208,CN-2605-BEKOL-MN,BEKOL-MN,11
CN,2605,OBMEP,NIXAL,B208,CN-2605-BEKOL-NIXAL,BEKOL-NIXAL,3
CN,2605,OBMEP,NIXAL,B208,CN-2605-BEKOL-SGMN,BEKOL-SGMN,35
CN,2605,OBMEP,NIXAL,B208,CN-2605-TEBAK-NIXAL,TEBAK-NIXAL,5
CN,2605,OBMEP,NIXAL,B208,CN-2605-ZGGG-NIXAL-01,ZGGG-NIXAL-01,3
CN,2605,OBMEP,NIXAL,B208,CN-2605-ZGHA-NIXAL-01,ZGHA-NIXAL-01,2
CN,2605,OBMEP,NIXAL,B208,CN-2605-ZGSZ-NIXAL-01,ZGSZ-NIXAL-01,5
CN,2605,OBMEP,NIXAL,B208,CN-2605-ZHEC-NIXAL-01,ZHEC-NIXAL-01,2
CN,2605,OBMEP,NIXAL,B208,CN-2605-ZHHH-NIXAL-01,ZHHH-NIXAL-01,2
CN,2605,OBMEP,NIXAL,B208,CN-2605-ZJSY-NIXAL-01,ZJSY-NIXAL-01,6
CN,2605,OBMEP,NIXAL,B208,CN-2605-ZJSY-NIXAL-02,ZJSY-NIXAL-02,10
CN,2605,OBMEP,NIXAL,B208,CN-2605-ZSCN-NIXAL-01,ZSCN-NIXAL-01,4
CN,2605,OBMEP,NUTLO,B208,CN-2605-VHHH-ZBDT-01,VHHH-ZBDT-01,3
CN,2605,OBMEP,ORODO,W56,CN-2605-RCKH-ZBSJ-01,RCKH-ZBSJ-01,7
CN,2605,OBMEP,ORODO,W56,CN-2605-RCTP-ZBSJ-01,RCTP-ZBSJ-01,7
CN,2605,OBMEP,ORODO,W56,CN-2605-RCYU-ZBSJ-01,RCYU-ZBSJ-01,7
CN,2605,OBMEP,TODAM,B208,CN-2605-BEKOL-ZBHH-01,BEKOL-ZBHH-01,3
CN,2605,OBMEP,TODAM,B208,CN-2605-LINSO-ZBHH-01,LINSO-ZBHH-01,4
CN,2605,OBMEP,TODAM,B208,CN-2605-TEBAK-ZBHH-01,TEBAK-ZBHH-01,5
CN,2605,OBMEP,TODAM,B208,CN-2605-VHHH-ZBHH-01,VHHH-ZBHH-01,3
CN,2605,OF,BZ,A470,CN-2605-ZSSH-RCTP-01,ZSSH-RCTP-01,3
CN,2605,OF,DPX,A470,CN-2605-ZSNJ-ARGUK-01,ZSNJ-ARGUK-01,1
CN,2605,OF,DPX,A470,CN-2605-ZSNJ-BISUN-01,ZSNJ-BISUN-01,1
CN,2605,OF,DPX,A470,CN-2605-ZSNJ-POLHO-01,ZSNJ-POLHO-01,1
CN,2605,OF,LAGAL,W178,CN-2605-BEKOL-ZSSH-01,BEKOL-ZSSH-01,7
CN,2605,OF,LAGAL,W178,CN-2605-MAGOG-ZSSH-01,MAGOG-ZSSH-01,4
CN,2605,OF,LAGAL,W178,CN-2605-RCTP-ZSSH-01,RCTP-ZSSH-01,5
CN,2605,OF,LAGAL,W178,CN-2605-TEBAK-ZSSH-01,TEBAK-ZSSH-01,9
CN,2605,OF,LAGAL,W178,CN-2605-VHHH-ZSSH-01,VHHH-ZSSH-01,4
CN,2605,OF,LAGAL,W178,CN-2605-ZSNJ-AGAVO-01,ZSNJ-AGAVO-01,1
CN,2605,OF,MAGOG,A470,CN-2605-ZSSH-MAGOG-01,ZSSH-MAGOG-01,3
CN,2605,OF,MAGOG,A470,CN-2605-ZSSH-VHHH-01,ZSSH-VHHH-01,3
CN,2605,OF,NOBEM,W95,CN-2605-ZSSH-TAMOT-01,ZSSH-TAMOT-01,3
CN,2605,OF,NOBEM,W95,CN-2605-ZSSH-TEBAK-01,ZSSH-TEBAK-01,3
CN,2605,OF,SAPIN,W95,CN-2605-MAGIT-ZSHC-02,MAGIT-ZSHC-02,8
CN,2605,OF,SAPIN,W95,CN-2605-POLHO-ZSHC-01,POLHO-ZSHC-01,9
CN,2605,OF,SAPIN,W95,CN-2605-SIMLI-ZSHC-01,SIMLI-ZSHC-01,8
CN,2605,OF,YCH,W185,CN-2605-ZSNJ-AGAVO-02,ZSNJ-AGAVO-02,1
CN,2605,OF,YCH,W185,CN-2605-ZSNJ-LAMEN-02,ZSNJ-LAMEN-02,1
CN,2605,OF,YCH,W185,CN-2605-ZSNJ-LAMEN-03,ZSNJ-LAMEN-03,1
CN,2605,OGIGI,KHG,L43,CN-2605-OGIGI-PURPA,OGIGI-PURPA,1
CN,2605,OGIGI,KHG,L43,CN-2605-OGIGI-ZBAD-01,OGIGI-ZBAD-01,1
CN,2605,OGIGI,KHG,L43,CN-2605-OGIGI-ZGGG-01,OGIGI-ZGGG-01,1
CN,2605,OGIGI,KHG,L43,CN-2605-OGIGI-ZLXY-01,OGIGI-ZLXY-01,1
CN,2605,OGIGI,KHG,L43,CN-2605-OGIGI-ZWSH-01,OGIGI-ZWSH-01,1
CN,2605,OGIGI,KHG,L43,CN-2605-OGIGI-ZWWW-01,OGIGI-ZWWW-01,1
CN,2605,OKATO,PINOT,W13,CN-2605-RCKH-ZSQD-01,RCKH-ZSQD-01,2
CN,2605,OKATO,PINOT,W13,CN-2605-RCMQ-ZSQD-01,RCMQ-ZSQD-01,2
CN,2605,OKATO,PINOT,W13,CN-2605-RCTP-ZSQD-01,RCTP-ZSQD-01,2
CN,2605,OKATO,PINOT,W13,CN-2605-RCTP-ZSYA-01,RCTP-ZSYA-01,2
CN,2605,OKATO,PINOT,W13,CN-2605-RCYU-ZSQD-01,RCYU-ZSQD-01,2
CN,2605,OKATO,PONEN,M503,CN-2605-RCKH-ZSFZ-03,RCKH-ZSFZ-03,2
CN,2605,OKATO,PONEN,M503,CN-2605-RCSS-ZSFZ-02,RCSS-ZSFZ-02,2
CN,2605,OKATO,PONEN,M503,CN-2605-RCTP-ZSFZ-02,RCTP-ZSFZ-02,2
CN,2605,OKATO,SULEM,R596,CN-2605-ZSPD-RCKH-02,ZSPD-RCKH-02,2
CN,2605,OKATO,SULEM,R596,CN-2605-ZSPD-RCTP-02,ZSPD-RCTP-02,2
CN,2605,OKATO,SULEM,R596,CN-2605-ZSWZ-RCKH-01,ZSWZ-RCKH-01,1
CN,2605,OKATO,SULEM,R596,CN-2605-ZSWZ-RCTP-01,ZSWZ-RCTP-01,1
CN,2605,OKATO,SULEM,R596,CN-2605-ZSWZ-RCYU-01,ZSWZ-RCYU-01,1
CN,2605,OKISO,AGVUR,B215,CN-2605-ZBDS-AGAVO-01,ZBDS-AGAVO-01,2
CN,2605,OKISO,AGVUR,B215,CN-2605-ZBDS-VHHH-01,ZBDS-VHHH-01,2
CN,2605,OKTOX,VADMO,W56,CN-2605-ZHCC-AGAVO-01,ZHCC-AGAVO-01,1
CN,2605,OKTOX,VYK,W56,CN-2605-ZHCC-ARGUK-01,ZHCC-ARGUK-01,1
CN,2605,OKTOX,VYK,W56,CN-2605-ZHCC-BISUN-01,ZHCC-BISUN-01,1
CN,2605,OKTOX,VYK,W56,CN-2605-ZHCC-SIMLI-01,ZHCC-SIMLI-01,1
CN,2605,OLDID,BEBEM,R200,CN-2605-RCKH-ZGOW-01,RCKH-ZGOW-01,1
CN,2605,OLDID,BEBEM,R200,CN-2605-RCKH-ZSAM-01,RCKH-ZSAM-01,1
CN,2605,OLDID,BEBEM,R200,CN-2605-RCKH-ZSFZ-02,RCKH-ZSFZ-02,1
CN,2605,OLDID,BEBEM,R200,CN-2605-RCSS-ZSAM-01,RCSS-ZSAM-01,1
CN,2605,OLDID,BEBEM,R200,CN-2605-RCTP-ZGOW-01,RCTP-ZGOW-01,1
CN,2605,OLDID,BEBEM,R200,CN-2605-RCTP-ZSAM-01,RCTP-ZSAM-01,1
CN,2605,OLDID,BEBEM,R200,CN-2605-RCYU-ZSAM-01,RCYU-ZSAM-01,1
CN,2605,OLDID,BIGRO,R200,CN-2605-RCKH-ZJHK-01,RCKH-ZJHK-01,1
CN,2605,OLDID,BIGRO,R200,CN-2605-RCKH-ZJSY-01,RCKH-ZJSY-01,1
CN,2605,OLDID,BIGRO,R200,CN-2605-RCMQ-ZJHK-01,RCMQ-ZJHK-01,1
CN,2605,OLDID,BIGRO,R200,CN-2605-RCMQ-ZJSY-01,RCMQ-ZJSY-01,1
CN,2605,OLDID,BIGRO,R200,CN-2605-RCTP-ZJHK-01,RCTP-ZJHK-01,1
CN,2605,OLDID,BIGRO,R200,CN-2605-RCTP-ZJSY-01,RCTP-ZJSY-01,1
CN,2605,OLDID,BIGRO,R200,CN-2605-RCYU-ZJHK-01,RCYU-ZJHK-01,1
CN,2605,OLDID,BIGRO,R200,CN-2605-RCYU-ZJSY-01,RCYU-ZJSY-01,1
CN,2605,OLDID,GUBLO,R200,CN-2605-RCKH-ZGGG-01,RCKH-ZGGG-01,1
CN,2605,OLDID,GUBLO,R200,CN-2605-RCKH-ZGKL-01,RCKH-ZGKL-01,1
CN,2605,OLDID,GUBLO,R200,CN-2605-RCKH-ZGSZ-01,RCKH-ZGSZ-01,1
CN,2605,OLDID,GUBLO,R200,CN-2605-RCKH-ZUCK-01,RCKH-ZUCK-01,1
CN,2605,OLDID,GUBLO,R200,CN-2605-RCKH-ZUGY-01,RCKH-ZUGY-01,1
CN,2605,OLDID,GUBLO,R200,CN-2605-RCKH-ZUUU-01,RCKH-ZUUU-01,1
CN,2605,OLDID,GUBLO,R200,CN-2605-RCMQ-ZGGG-01,RCMQ-ZGGG-01,1
CN,2605,OLDID,GUBLO,R200,CN-2605-RCMQ-ZGSZ-01,RCMQ-ZGSZ-01,1
CN,2605,OLDID,GUBLO,R200,CN-2605-RCMQ-ZUCK-01,RCMQ-ZUCK-01,1
CN,2605,OLDID,GUBLO,R200,CN-2605-RCMQ-ZUUU-01,RCMQ-ZUUU-01,1
CN,2605,OLDID,GUBLO,R200,CN-2605-RCSS-ZUCK-01,RCSS-ZUCK-01,1
CN,2605,OLDID,GUBLO,R200,CN-2605-RCSS-ZUTF-01,RCSS-ZUTF-01,1
CN,2605,OLDID,GUBLO,R200,CN-2605-RCSS-ZUUU-01,RCSS-ZUUU-01,1
CN,2605,OLDID,GUBLO,R200,CN-2605-RCTP-ZGGG-01,RCTP-ZGGG-01,1
CN,2605,OLDID,GUBLO,R200,CN-2605-RCTP-ZGKL-01,RCTP-ZGKL-01,1
CN,2605,OLDID,GUBLO,R200,CN-2605-RCTP-ZGSZ-01,RCTP-ZGSZ-01,1
CN,2605,OLDID,GUBLO,R200,CN-2605-RCTP-ZLXN-01,RCTP-ZLXN-01,1
CN,2605,OLDID,GUBLO,R200,CN-2605-RCTP-ZUCK-01,RCTP-ZUCK-01,1
CN,2605,OLDID,GUBLO,R200,CN-2605-RCTP-ZUGY-01,RCTP-ZUGY-01,1
CN,2605,OLDID,GUBLO,R200,CN-2605-RCTP-ZUTF-01,RCTP-ZUTF-01,1
CN,2605,OLDID,GUBLO,R200,CN-2605-RCTP-ZUUU-01,RCTP-ZUUU-01,1
CN,2605,OLDID,GUBLO,R200,CN-2605-RCYU-ZGGG-01,RCYU-ZGGG-01,1
CN,2605,OLDID,GUBLO,R200,CN-2605-RCYU-ZGKL-01,RCYU-ZGKL-01,1
CN,2605,OLDID,GUBLO,R200,CN-2605-RCYU-ZGSZ-01,RCYU-ZGSZ-01,1
CN,2605,OLDID,GUBLO,R200,CN-2605-RCYU-ZUCK-01,RCYU-ZUCK-01,1
CN,2605,OLDID,GUBLO,R200,CN-2605-RCYU-ZUGY-01,RCYU-ZUGY-01,1
CN,2605,OLDID,GUBLO,R200,CN-2605-RCYU-ZUUU-01,RCYU-ZUUU-01,1
CN,2605,OLDID,LH,R200,CN-2605-RCBS-ZPPP-01,RCBS-ZPPP-01,1
CN,2605,OLDID,LH,R200,CN-2605-RCKH-ZGNN-01,RCKH-ZGNN-01,1
CN,2605,OLDID,LH,R200,CN-2605-RCKH-ZPPP-01,RCKH-ZPPP-01,1
CN,2605,OLDID,LH,R200,CN-2605-RCMQ-ZPPP-01,RCMQ-ZPPP-01,1
CN,2605,OLDID,LH,R200,CN-2605-RCTP-ZGNN-01,RCTP-ZGNN-01,1
CN,2605,OLDID,LH,R200,CN-2605-RCTP-ZPLJ-01,RCTP-ZPLJ-01,1
CN,2605,OLDID,LH,R200,CN-2605-RCTP-ZPPP-01,RCTP-ZPPP-01,1
CN,2605,OLDID,LH,R200,CN-2605-RCYU-ZGNN-01,RCYU-ZGNN-01,1
CN,2605,OLDID,LH,R200,CN-2605-RCYU-ZPPP-01,RCYU-ZPPP-01,1
CN,2605,OLGUP,BELAX,G212,CN-2605-BUNTA-ZBAD-01,BUNTA-ZBAD-01,12
CN,2605,OLGUP,SOTMU,G212,CN-2605-ZUCK-ARGUK-01,ZUCK-ARGUK-01,4
CN,2605,OLGUP,SOTMU,G212,CN-2605-ZUCK-SIMLI-01,ZUCK-SIMLI-01,4
CN,2605,OLGUP,SOTMU,G212,CN-2605-ZUGY-ARGUK-01,ZUGY-ARGUK-01,8
CN,2605,OLGUP,VYK,G212,CN-2605-ZUCK-AGAVO-01,ZUCK-AGAVO-01,4
CN,2605,OLMIB,GOSMA,W83,CN-2605-AGAVO-TEBAK,AGAVO-TEBAK,10
CN,2605,OLMIB,GOSMA,W83,CN-2605-LAMEN-ZGKL-01,LAMEN-ZGKL-01,8
CN,2605,OLMIB,GOSMA,W83,CN-2605-LAMEN-ZGNN-01,LAMEN-ZGNN-01,8
CN,2605,OLMIB,GOSMA,W83,CN-2605-SADLI-WHA-TEBAK,SADLI-WHA-TEBAK,8
CN,2605,OLMIB,GOSMA,W83,CN-2605-TOMUK-TEBAK,TOMUK-TEBAK,6
CN,2605,OLMIB,GOSMA,W83,CN-2605-ZBAD-TEBAK-01,ZBAD-TEBAK-01,2
CN,2605,OLMIB,GOSMA,W83,CN-2605-ZBTJ-TEBAK-01,ZBTJ-TEBAK-01,2
CN,2605,OLMIB,GOSMA,W83,CN-2605-ZHCC-TEBAK-01,ZHCC-TEBAK-01,2
CN,2605,OLMIB,GOSMA,W83,CN-2605-ZSJN-TEBAK-01,ZSJN-TEBAK-01,3
CN,2605,OLMIB,GOSMA,W83,CN-2605-ZSLY-TEBAK-01,ZSLY-TEBAK-01,8
CN,2605,OLMIB,GOSMA,W83,CN-2605-ZSNJ-TEBAK-01,ZSNJ-TEBAK-01,4
CN,2605,OLMIB,GOSMA,W83,CN-2605-ZSNT-TEBAK-01,ZSNT-TEBAK-01,10
CN,2605,OLMIB,GOSMA,W83,CN-2605-ZSOF-TEBAK-01,ZSOF-TEBAK-01,4
CN,2605,OLMIB,GOSMA,W83,CN-2605-ZSPD-TEBAK-01,ZSPD-TEBAK-01,9
CN,2605,OLMIB,GOSMA,W83,CN-2605-ZSSH-TEBAK-01,ZSSH-TEBAK-01,10
CN,2605,OLMIB,GOSMA,W83,CN-2605-ZSSS-TEBAK-01,ZSSS-TEBAK-01,9
CN,2605,OLMIB,GOSMA,W83,CN-2605-ZSXZ-TEBAK-01,ZSXZ-TEBAK-01,5
CN,2605,OLMIB,GOSMA,W83,CN-2605-ZSYA-TEBAK-01,ZSYA-TEBAK-01,9
CN,2605,OLMIB,OMBEB,W37,CN-2605-ZHEC-TAMOT-01,ZHEC-TAMOT-01,1
CN,2605,OLMIB,OMBEB,W37,CN-2605-ZHEC-VHHH-01,ZHEC-VHHH-01,1
CN,2605,OLMIB,OMBEB,W37,CN-2605-ZHHH-RCKH-02,ZHHH-RCKH-02,1
CN,2605,OLMIB,OMBEB,W37,CN-2605-ZHHH-RCQC-01,ZHHH-RCQC-01,1
CN,2605,OLMIB,OMBEB,W37,CN-2605-ZHHH-TAMOT-01,ZHHH-TAMOT-01,1
CN,2605,OLMIB,OMBEB,W37,CN-2605-ZHHH-VHHH-01,ZHHH-VHHH-01,1
CN,2605,OLMIB,OMBEB,W37,CN-2605-ZHHH-VMMC-01,ZHHH-VMMC-01,1
CN,2605,OLNER,WHA,B213,CN-2605-ZUCK-LAMEN-01,ZUCK-LAMEN-01,1
CN,2605,OLRIS,DUBGO,A470,CN-2605-ZSYA-TAMOT-01,ZSYA-TAMOT-01,3
CN,2605,OLRIS,HFE,R343,CN-2605-ZSPD-NIXAL-01,ZSPD-NIXAL-01,3
CN,2605,OLRIS,HFE,R343,CN-2605-ZSSS-NIXAL-01,ZSSS-NIXAL-01,3
CN,2605,OLRIS,MADUK,R343,CN-2605-ZSNT-LINSO-01,ZSNT-LINSO-01,4
CN,2605,OLRIS,MADUK,R343,CN-2605-ZSNT-TEBAK-01,ZSNT-TEBAK-01,4
CN,2605,OLRIS,MADUK,R343,CN-2605-ZSPD-LINSO-01,ZSPD-LINSO-01,3
CN,2605,OLRIS,MADUK,R343,CN-2605-ZSPD-TEBAK-01,ZSPD-TEBAK-01,3
CN,2605,OLRIS,MADUK,R343,CN-2605-ZSSS-LINSO-01,ZSSS-LINSO-01,3
CN,2605,OLRIS,MADUK,R343,CN-2605-ZSSS-TEBAK-01,ZSSS-TEBAK-01,3
CN,2605,OLRIS,MADUK,R343,CN-2605-ZSYA-LINSO-01,ZSYA-LINSO-01,3
CN,2605,OLRIS,MADUK,R343,CN-2605-ZSYA-TEBAK-01,ZSYA-TEBAK-01,3
CN,2605,OLRIS,UNTAN,G345,CN-2605-LINSO-ZSNT-01,LINSO-ZSNT-01,4
CN,2605,OLRIS,UNTAN,G345,CN-2605-TEBAK-ZSNT-01,TEBAK-ZSNT-01,7
CN,2605,OLRIS,ZJ,G345,CN-2605-BEKOL-ZSYA-01,BEKOL-ZSYA-01,5
CN,2605,OLRIS,ZJ,G345,CN-2605-LINSO-ZSYA-01,LINSO-ZSYA-01,4
CN,2605,OLRIS,ZJ,G345,CN-2605-TEBAK-ZSYA-01,TEBAK-ZSYA-01,7
CN,2605,OLSUG,ESPED,W195,CN-2605-ZLLL-SARIN-01,ZLLL-SARIN-01,1
CN,2605,OLSUG,MORIT,W195,CN-2605-ZLLL-MORIT-01,ZLLL-MORIT-01,1
CN,2605,OLTUS,IPMUG,W226,CN-2605-ZGHA-LINSO-01,ZGHA-LINSO-01,1
CN,2605,OLTUS,WUY,R343,CN-2605-ZGHA-TEBAK-01,ZGHA-TEBAK-01,1
CN,2605,OLTUS,WUY,R343,CN-2605-ZSCN-TEBAK-01,ZSCN-TEBAK-01,2
CN,2605,OMBEB,BEMAG,R473,CN-2605-POLHO-ZGGG-01,POLHO-ZGGG-01,4
CN,2605,OMBEB,NOLON,R473,CN-2605-BISUN-VMMC,BISUN-VMMC,5
CN,2605,OMBEB,NOLON,R473,CN-2605-BISUN-ZGSZ-01,BISUN-ZGSZ-01,5
CN,2605,OMBEB,NOLON,R473,CN-2605-GOLOT-VMMC,GOLOT-VMMC,6
CN,2605,OMBEB,NOLON,R473,CN-2605-INTIK-ZGSZ-01,INTIK-ZGSZ-01,4
CN,2605,OMBEB,NOLON,R473,CN-2605-MAGIT-ZGSZ-01,MAGIT-ZGSZ-01,4
CN,2605,OMBEB,NOLON,R473,CN-2605-NIXAL-ZGSZ-01,NIXAL-ZGSZ-01,4
CN,2605,OMBEB,NOLON,R473,CN-2605-POLHO-ZGSZ-01,POLHO-ZGSZ-01,4
CN,2605,OMBEB,NOLON,R473,CN-2605-SIMLI-ZGSZ-01,SIMLI-ZGSZ-01,4
CN,2605,OMBEB,NOLON,R473,CN-2605-TOMUK-VMMC,TOMUK-VMMC,6
CN,2605,OMBEB,NOLON,R473,CN-2605-ZBAA-VMMC-01,ZBAA-VMMC-01,4
CN,2605,OMBEB,NOLON,R473,CN-2605-ZBAD-VMMC-01,ZBAD-VMMC-01,2
CN,2605,OMBEB,NOLON,R473,CN-2605-ZBSJ-VMMC-01,ZBSJ-VMMC-01,3
CN,2605,OMBEB,NOLON,R473,CN-2605-ZBTJ-VMMC-01,ZBTJ-VMMC-01,2
CN,2605,OMBEB,NOLON,R473,CN-2605-ZBYN-VMMC-01,ZBYN-VMMC-01,7
CN,2605,OMBEB,NOLON,R473,CN-2605-ZHCC-VMMC-01,ZHCC-VMMC-01,2
CN,2605,OMBEB,NOLON,R473,CN-2605-ZHHH-VMMC-01,ZHHH-VMMC-01,2
CN,2605,OMBEB,NOLON,R473,CN-2605-ZSOF-VMMC-02,ZSOF-VMMC-02,4
CN,2605,OMBEB,NOLON,R473,CN-2605-ZYHB-VMMC-01,ZYHB-VMMC-01,4
CN,2605,OMBEB,NOLON,R473,CN-2605-ZYTX-VMMC-01,ZYTX-VMMC-01,5
CN,2605,OMBEB,POU,R473,CN-2605-BISUN-ZJSY-01,BISUN-ZJSY-01,5
CN,2605,OMBEB,WYN,R473,CN-2605-BISUN-VHHH,BISUN-VHHH,5
CN,2605,OMBEB,WYN,R473,CN-2605-INTIK-TAMOT,INTIK-TAMOT,4
CN,2605,OMBEB,WYN,R473,CN-2605-INTIK-VHHH,INTIK-VHHH,4
CN,2605,OMBEB,WYN,R473,CN-2605-MAGIT-TAMOT,MAGIT-TAMOT,4
CN,2605,OMBEB,WYN,R473,CN-2605-MAGIT-VHHH,MAGIT-VHHH,4
CN,2605,OMBEB,WYN,R473,CN-2605-MAGIT-ZJSY-01,MAGIT-ZJSY-01,4
CN,2605,OMBEB,WYN,R473,CN-2605-MN-TAMOT,MN-TAMOT,9
CN,2605,OMBEB,WYN,R473,CN-2605-MN-VHHH,MN-VHHH,9
CN,2605,OMBEB,WYN,R473,CN-2605-MPSMS-TAMOT,MPSMS-TAMOT,4
CN,2605,OMBEB,WYN,R473,CN-2605-MPSMS-TAMOT,MPSMS-TAMOT,10
CN,2605,OMBEB,WYN,R473,CN-2605-MPSMS-TAMOT,MPSMS-TAMOT,16
CN,2605,OMBEB,WYN,R473,CN-2605-MPSMS-VHHH,MPSMS-VHHH,4
CN,2605,OMBEB,WYN,R473,CN-2605-MPSMS-VHHH,MPSMS-VHHH,12
CN,2605,OMBEB,WYN,R473,CN-2605-MPSMS-VHHH,MPSMS-VHHH,20
CN,2605,OMBEB,WYN,R473,CN-2605-NIXAL-TAMOT,NIXAL-TAMOT,4
CN,2605,OMBEB,WYN,R473,CN-2605-NIXAL-VHHH,NIXAL-VHHH,4
CN,2605,OMBEB,WYN,R473,CN-2605-POLHO-VHHH,POLHO-VHHH,4
CN,2605,OMBEB,WYN,R473,CN-2605-POLHO-ZJSY-01,POLHO-ZJSY-01,4
CN,2605,OMBEB,WYN,R473,CN-2605-SGMN-G470-TAMOT,SGMN-G470-TAMOT,29
CN,2605,OMBEB,WYN,R473,CN-2605-SGMN-G470-VHHH,SGMN-G470-VHHH,29
CN,2605,OMBEB,WYN,R473,CN-2605-SGMN-TAMOT,SGMN-TAMOT,25
CN,2605,OMBEB,WYN,R473,CN-2605-SGMN-VHHH,SGMN-VHHH,28
CN,2605,OMBEB,WYN,R473,CN-2605-SGMRN-G470-TAMOT,SGMRN-G470-TAMOT,39
CN,2605,OMBEB,WYN,R473,CN-2605-SGMRN-G470-VHHH,SGMRN-G470-VHHH,39
CN,2605,OMBEB,WYN,R473,CN-2605-SGMRN-G470/L888-TAMOT,SGMRN-G470/L888-TAMOT,39
CN,2605,OMBEB,WYN,R473,CN-2605-SGMRN-G470/L888-VHHH,SGMRN-G470/L888-VHHH,39
CN,2605,OMBEB,WYN,R473,CN-2605-SGMRN-G470/Y1-TAMOT,SGMRN-G470/Y1-TAMOT,38
CN,2605,OMBEB,WYN,R473,CN-2605-SGMRN-G470/Y1-VHHH,SGMRN-G470/Y1-VHHH,38
CN,2605,OMBEB,WYN,R473,CN-2605-SIMLI-TAMOT,SIMLI-TAMOT,4
CN,2605,OMBEB,WYN,R473,CN-2605-SIMLI-VHHH,SIMLI-VHHH,4
CN,2605,OMBEB,WYN,R473,CN-2605-SIMLI-ZJSY-01,SIMLI-ZJSY-01,4
CN,2605,OMBEB,WYN,R473,CN-2605-TOMUK-TAMOT,TOMUK-TAMOT,6
CN,2605,OMBEB,WYN,R473,CN-2605-ZBAA-TAMOT-01,ZBAA-TAMOT-01,4
CN,2605,OMBEB,WYN,R473,CN-2605-ZBAA-VHHH-01,ZBAA-VHHH-01,4
CN,2605,OMBEB,WYN,R473,CN-2605-ZBAD-TAMOT-01,ZBAD-TAMOT-01,2
CN,2605,OMBEB,WYN,R473,CN-2605-ZBAD-VHHH-01,ZBAD-VHHH-01,2
CN,2605,OMBEB,WYN,R473,CN-2605-ZBDS-VHHH-01,ZBDS-VHHH-01,7
CN,2605,OMBEB,WYN,R473,CN-2605-ZBDT-VHHH-01,ZBDT-VHHH-01,7
CN,2605,OMBEB,WYN,R473,CN-2605-ZBHH-TAMOT-01,ZBHH-TAMOT-01,5
CN,2605,OMBEB,WYN,R473,CN-2605-ZBHH-VHHH-01,ZBHH-VHHH-01,5
CN,2605,OMBEB,WYN,R473,CN-2605-ZBLA-VHHH-01,ZBLA-VHHH-01,5
CN,2605,OMBEB,WYN,R473,CN-2605-ZBSJ-TAMOT-01,ZBSJ-TAMOT-01,3
CN,2605,OMBEB,WYN,R473,CN-2605-ZBSJ-VHHH-01,ZBSJ-VHHH-01,3
CN,2605,OMBEB,WYN,R473,CN-2605-ZBTJ-TAMOT-01,ZBTJ-TAMOT-01,2
CN,2605,OMBEB,WYN,R473,CN-2605-ZBTJ-VHHH-01,ZBTJ-VHHH-01,2
CN,2605,OMBEB,WYN,R473,CN-2605-ZBYN-TAMOT-01,ZBYN-TAMOT-01,7
CN,2605,OMBEB,WYN,R473,CN-2605-ZBYN-VHHH-01,ZBYN-VHHH-01,7
CN,2605,OMBEB,WYN,R473,CN-2605-ZHCC-TAMOT-01,ZHCC-TAMOT-01,2
CN,2605,OMBEB,WYN,R473,CN-2605-ZHCC-VHHH-01,ZHCC-VHHH-01,2
CN,2605,OMBEB,WYN,R473,CN-2605-ZHEC-TAMOT-01,ZHEC-TAMOT-01,2
CN,2605,OMBEB,WYN,R473,CN-2605-ZHEC-VHHH-01,ZHEC-VHHH-01,2
CN,2605,OMBEB,WYN,R473,CN-2605-ZHHH-RCKH-02,ZHHH-RCKH-02,2
CN,2605,OMBEB,WYN,R473,CN-2605-ZHHH-RCQC-01,ZHHH-RCQC-01,2
CN,2605,OMBEB,WYN,R473,CN-2605-ZHHH-TAMOT-01,ZHHH-TAMOT-01,2
CN,2605,OMBEB,WYN,R473,CN-2605-ZHHH-VHHH-01,ZHHH-VHHH-01,2
CN,2605,OMBEB,WYN,R473,CN-2605-ZSJN-TAMOT-01,ZSJN-TAMOT-01,3
CN,2605,OMBEB,WYN,R473,CN-2605-ZSJN-VHHH-01,ZSJN-VHHH-01,3
CN,2605,OMBEB,WYN,R473,CN-2605-ZSLY-TAMOT-01,ZSLY-TAMOT-01,8
CN,2605,OMBEB,WYN,R473,CN-2605-ZSOF-TAMOT-01,ZSOF-TAMOT-01,4
CN,2605,OMBEB,WYN,R473,CN-2605-ZSOF-VHHH-01,ZSOF-VHHH-01,4
CN,2605,OMBEB,WYN,R473,CN-2605-ZSSH-TAMOT-01,ZSSH-TAMOT-01,10
CN,2605,OMBEB,WYN,R473,CN-2605-ZYCC-TAMOT-01,ZYCC-TAMOT-01,4
CN,2605,OMBEB,WYN,R473,CN-2605-ZYCC-VHHH-01,ZYCC-VHHH-01,4
CN,2605,OMBEB,WYN,R473,CN-2605-ZYHB-TAMOT-01,ZYHB-TAMOT-01,4
CN,2605,OMBEB,WYN,R473,CN-2605-ZYHB-VHHH-01,ZYHB-VHHH-01,4
CN,2605,OMBEB,WYN,R473,CN-2605-ZYTL-TAMOT-01,ZYTL-TAMOT-01,4
CN,2605,OMBEB,WYN,R473,CN-2605-ZYTL-VHHH-01,ZYTL-VHHH-01,4
CN,2605,OMBEB,WYN,R473,CN-2605-ZYTX-TAMOT-01,ZYTX-TAMOT-01,5
CN,2605,OMBEB,WYN,R473,CN-2605-ZYTX-VHHH-01,ZYTX-VHHH-01,5
CN,2605,OMBON,ATERO,W195,CN-2605-KATBO-ZLIC-01,KATBO-ZLIC-01,5
CN,2605,OMBON,ATERO,W195,CN-2605-LINSO-ZLIC-01,LINSO-ZLIC-01,4
CN,2605,OMBON,ATERO,W195,CN-2605-SAGAG-ZLIC-01,SAGAG-ZLIC-01,4
CN,2605,OMBON,ESPED,W195,CN-2605-BEKOL-GOPTO,BEKOL-GOPTO,7
CN,2605,OMBON,ESPED,W195,CN-2605-BEKOL-KAMUD,BEKOL-KAMUD,7
CN,2605,OMBON,ESPED,W195,CN-2605-BEKOL-RULAD,BEKOL-RULAD,7
CN,2605,OMBON,ESPED,W195,CN-2605-BEKOL-SARIN,BEKOL-SARIN,7
CN,2605,OMBON,ESPED,W195,CN-2605-BEKOL-SGM,BEKOL-SGM,7
CN,2605,OMBON,ESPED,W195,CN-2605-BEKOL-SGM,BEKOL-SGM,18
CN,2605,OMBON,ESPED,W195,CN-2605-BEKOL-SGMN,BEKOL-SGMN,7
CN,2605,OMBON,ESPED,W195,CN-2605-BEKOL-SGMN,BEKOL-SGMN,18
CN,2605,OMBON,ESPED,W195,CN-2605-BEKOL-SRKL,BEKOL-SRKL,7
CN,2605,OMBON,ESPED,W195,CN-2605-BEKOL-SRKL,BEKOL-SRKL,18
CN,2605,OMBON,ESPED,W195,CN-2605-BEKOL-SRKL,BEKOL-SRKL,30
CN,2605,OMBON,ESPED,W195,CN-2605-BEKOL-SRL,BEKOL-SRL,7
CN,2605,OMBON,ESPED,W195,CN-2605-BEKOL-SRL,BEKOL-SRL,18
CN,2605,OMBON,ESPED,W195,CN-2605-SAGAG-RULAD,SAGAG-RULAD,4
CN,2605,OMBON,ESPED,W195,CN-2605-SAGAG-SARIN,SAGAG-SARIN,4
CN,2605,OMBON,ESPED,W195,CN-2605-SAGAG-ZWWW-01,SAGAG-ZWWW-01,4
CN,2605,OMBON,ESPED,W195,CN-2605-VHHH-ZWWW-02,VHHH-ZWWW-02,7
CN,2605,OMBON,ESPED,W195,CN-2605-ZGGG-SARIN-02,ZGGG-SARIN-02,5
CN,2605,OMBON,ESPED,W195,CN-2605-ZGSZ-SARIN-03,ZGSZ-SARIN-03,6
CN,2605,OMBON,ESPED,W195,CN-2605-ZJHK-RULAD-01,ZJHK-RULAD-01,7
CN,2605,OMBON,ESPED,W195,CN-2605-ZJHK-SARIN-01,ZJHK-SARIN-01,7
CN,2605,OMBON,ESPED,W195,CN-2605-ZJSY-RULAD-02,ZJSY-RULAD-02,9
CN,2605,OMBON,ESPED,W195,CN-2605-ZJSY-SARIN-01,ZJSY-SARIN-01,9
CN,2605,OMBON,ESPED,W195,CN-2605-ZPPP-SARIN-02,ZPPP-SARIN-02,3
CN,2605,OMBON,ESPED,W195,CN-2605-ZUCK-SARIN-02,ZUCK-SARIN-02,3
CN,2605,OMBON,ESPED,W195,CN-2605-ZUGY-SARIN-01,ZUGY-SARIN-01,2
CN,2605,OMBON,ESPED,W195,CN-2605-ZUTF-KAMUD-03,ZUTF-KAMUD-03,2
CN,2605,OMBON,ESPED,W195,CN-2605-ZUTF-SARIN-02,ZUTF-SARIN-02,2
CN,2605,OMBON,ESPED,W195,CN-2605-ZUUU-SARIN-02,ZUUU-SARIN-02,2
CN,2605,OMBON,IDOPA,W195,CN-2605-BEKOL-G470-KAMUD,BEKOL-G470-KAMUD,7
CN,2605,OMBON,IDOPA,W195,CN-2605-BEKOL-G470-RULAD,BEKOL-G470-RULAD,7
CN,2605,OMBON,IDOPA,W195,CN-2605-BEKOL-G470-SARIN,BEKOL-G470-SARIN,7
CN,2605,OMBON,IDOPA,W195,CN-2605-BEKOL-G470-SGM,BEKOL-G470-SGM,7
CN,2605,OMBON,IDOPA,W195,CN-2605-BEKOL-G470-SGM,BEKOL-G470-SGM,20
CN,2605,OMBON,IDOPA,W195,CN-2605-BEKOL-G470-SGMN,BEKOL-G470-SGMN,7
CN,2605,OMBON,IDOPA,W195,CN-2605-BEKOL-G470-SGMN,BEKOL-G470-SGMN,20
CN,2605,OMBON,IDOPA,W195,CN-2605-BEKOL-G470-SGMRK,BEKOL-G470-SGMRK,7
CN,2605,OMBON,IDOPA,W195,CN-2605-BEKOL-G470-SGMRK,BEKOL-G470-SGMRK,20
CN,2605,OMBON,IDOPA,W195,CN-2605-BEKOL-G470-SGMRK,BEKOL-G470-SGMRK,42
CN,2605,OMBON,IDOPA,W195,CN-2605-BEKOL-G470-SGMRK,BEKOL-G470-SGMRK,57
CN,2605,OMBON,IDOPA,W195,CN-2605-BEKOL-G470-SGMRN,BEKOL-G470-SGMRN,7
CN,2605,OMBON,IDOPA,W195,CN-2605-BEKOL-G470-SGMRN,BEKOL-G470-SGMRN,20
CN,2605,OMBON,IDOPA,W195,CN-2605-BEKOL-G470-SGMRN,BEKOL-G470-SGMRN,42
CN,2605,OMBON,IDOPA,W195,CN-2605-BEKOL-G470-SM,BEKOL-G470-SM,7
CN,2605,OMBON,IDOPA,W195,CN-2605-BEKOL-G470-SRK,BEKOL-G470-SRK,7
CN,2605,OMBON,IDOPA,W195,CN-2605-BEKOL-G470-SRK,BEKOL-G470-SRK,20
CN,2605,OMBON,IDOPA,W195,CN-2605-BEKOL-G470-SRK,BEKOL-G470-SRK,35
CN,2605,OMBON,IDOPA,W195,CN-2605-BEKOL-G470-SRKL,BEKOL-G470-SRKL,7
CN,2605,OMBON,IDOPA,W195,CN-2605-BEKOL-G470-SRKL,BEKOL-G470-SRKL,20
CN,2605,OMBON,IDOPA,W195,CN-2605-BEKOL-G470-SRKL,BEKOL-G470-SRKL,35
CN,2605,OMBON,IDOPA,W195,CN-2605-BEKOL-G470-SRL,BEKOL-G470-SRL,7
CN,2605,OMBON,IDOPA,W195,CN-2605-BEKOL-G470-SRL,BEKOL-G470-SRL,20
CN,2605,OMBON,IDOPA,W195,CN-2605-BEKOL-G470/L888-SGMRK,BEKOL-G470/L888-SGMRK,7
CN,2605,OMBON,IDOPA,W195,CN-2605-BEKOL-G470/L888-SGMRK,BEKOL-G470/L888-SGMRK,20
CN,2605,OMBON,IDOPA,W195,CN-2605-BEKOL-G470/L888-SGMRN,BEKOL-G470/L888-SGMRN,7
CN,2605,OMBON,IDOPA,W195,CN-2605-BEKOL-G470/L888-SGMRN,BEKOL-G470/L888-SGMRN,20
CN,2605,OMBON,IDOPA,W195,CN-2605-BEKOL-G470/L888-SRK,BEKOL-G470/L888-SRK,7
CN,2605,OMBON,IDOPA,W195,CN-2605-BEKOL-G470/L888-SRKL,BEKOL-G470/L888-SRKL,7
CN,2605,OMBON,IDOPA,W195,CN-2605-BEKOL-G470/L888-SRL,BEKOL-G470/L888-SRL,7
CN,2605,OMBON,IDOPA,W195,CN-2605-BEKOL-G470/Y1-SGMRK,BEKOL-G470/Y1-SGMRK,7
CN,2605,OMBON,IDOPA,W195,CN-2605-BEKOL-G470/Y1-SGMRK,BEKOL-G470/Y1-SGMRK,20
CN,2605,OMBON,IDOPA,W195,CN-2605-BEKOL-G470/Y1-SGMRN,BEKOL-G470/Y1-SGMRN,7
CN,2605,OMBON,IDOPA,W195,CN-2605-BEKOL-G470/Y1-SGMRN,BEKOL-G470/Y1-SGMRN,20
CN,2605,OMBON,IDOPA,W195,CN-2605-BEKOL-G470/Y1-SRKL,BEKOL-G470/Y1-SRKL,7
CN,2605,OMBON,IDOPA,W195,CN-2605-BEKOL-G470/Y1-SRL,BEKOL-G470/Y1-SRL,7
CN,2605,OMBON,IDOPA,W195,CN-2605-BEKOL-Y1-SRK,BEKOL-Y1-SRK,7
CN,2605,OMBON,IDOPA,W195,CN-2605-LINSO-RULAD,LINSO-RULAD,4
CN,2605,OMBON,IDOPA,W195,CN-2605-LINSO-SARIN,LINSO-SARIN,4
CN,2605,OMBON,IDOPA,W195,CN-2605-SAGAG-G470-RULAD,SAGAG-G470-RULAD,4
CN,2605,OMBON,IDOPA,W195,CN-2605-SAGAG-G470-SARIN,SAGAG-G470-SARIN,4
CN,2605,OMBON,IDOPA,W195,CN-2605-SAGAG-KAMUD,SAGAG-KAMUD,4
CN,2605,OMBON,IDOPA,W195,CN-2605-SAGAG-ZLDH-01,SAGAG-ZLDH-01,4
CN,2605,OMBON,IDOPA,W195,CN-2605-SAGAG-ZWWW-02,SAGAG-ZWWW-02,4
CN,2605,OMBON,IDOPA,W195,CN-2605-SIKOU-SARIN,SIKOU-SARIN,5
CN,2605,OMBON,IDOPA,W195,CN-2605-TEBAK-GOPTO,TEBAK-GOPTO,6
CN,2605,OMBON,IDOPA,W195,CN-2605-TEBAK-SARIN,TEBAK-SARIN,6
CN,2605,OMBON,IDOPA,W195,CN-2605-VHHH-ZWWW-01,VHHH-ZWWW-01,7
CN,2605,OMBON,IDOPA,W195,CN-2605-VMMC-RULAD,VMMC-RULAD,7
CN,2605,OMBON,IDOPA,W195,CN-2605-VMMC-ZWWW-01,VMMC-ZWWW-01,7
CN,2605,OMBON,IDOPA,W195,CN-2605-ZGGG-AGVUT-01R,ZGGG-AGVUT-01R,5
CN,2605,OMBON,IDOPA,W195,CN-2605-ZGGG-AGVUT-02R,ZGGG-AGVUT-02R,5
CN,2605,OMBON,IDOPA,W195,CN-2605-ZGGG-KAMUD-01,ZGGG-KAMUD-01,5
CN,2605,OMBON,IDOPA,W195,CN-2605-ZGGG-KAMUD-02,ZGGG-KAMUD-02,5
CN,2605,OMBON,IDOPA,W195,CN-2605-ZGGG-OGIGI-01,ZGGG-OGIGI-01,5
CN,2605,OMBON,IDOPA,W195,CN-2605-ZGGG-RULAD-01,ZGGG-RULAD-01,5
CN,2605,OMBON,IDOPA,W195,CN-2605-ZGGG-SARIN-01,ZGGG-SARIN-01,5
CN,2605,OMBON,IDOPA,W195,CN-2605-ZGSZ-GOPTO-01,ZGSZ-GOPTO-01,6
CN,2605,OMBON,IDOPA,W195,CN-2605-ZGSZ-GOPTO-02,ZGSZ-GOPTO-02,6
CN,2605,OMBON,IDOPA,W195,CN-2605-ZGSZ-RULAD-01,ZGSZ-RULAD-01,6
CN,2605,OMBON,IDOPA,W195,CN-2605-ZGSZ-SARIN-01,ZGSZ-SARIN-01,6
CN,2605,OMBON,IDOPA,W195,CN-2605-ZGSZ-SARIN-02,ZGSZ-SARIN-02,6
CN,2605,OMBON,IDOPA,W195,CN-2605-ZJHK-RULAD-02,ZJHK-RULAD-02,7
CN,2605,OMBON,IDOPA,W195,CN-2605-ZJSY-RULAD-01,ZJSY-RULAD-01,9
CN,2605,OMBON,IDOPA,W195,CN-2605-ZJSY-SARIN-02,ZJSY-SARIN-02,9
CN,2605,OMBON,IDOPA,W195,CN-2605-ZPPP-GOPTO-01,ZPPP-GOPTO-01,3
CN,2605,OMBON,IDOPA,W195,CN-2605-ZPPP-SARIN-01,ZPPP-SARIN-01,3
CN,2605,OMBON,IDOPA,W195,CN-2605-ZSNJ-KAMUD-01,ZSNJ-KAMUD-01,4
CN,2605,OMBON,IDOPA,W195,CN-2605-ZSNJ-SARIN-01,ZSNJ-SARIN-01,4
CN,2605,OMBON,IDOPA,W195,CN-2605-ZUCK-KAMUD-01,ZUCK-KAMUD-01,3
CN,2605,OMBON,IDOPA,W195,CN-2605-ZUCK-PURPA-01,ZUCK-PURPA-01,3
CN,2605,OMBON,IDOPA,W195,CN-2605-ZUCK-RULAD-01,ZUCK-RULAD-01,3
CN,2605,OMBON,IDOPA,W195,CN-2605-ZUCK-SARIN-01,ZUCK-SARIN-01,3
CN,2605,OMBON,IDOPA,W195,CN-2605-ZUGY-SARIN-02,ZUGY-SARIN-02,2
CN,2605,OMBON,IDOPA,W195,CN-2605-ZUTF-AGVUT-01R,ZUTF-AGVUT-01R,2
CN,2605,OMBON,IDOPA,W195,CN-2605-ZUTF-KAMUD-01,ZUTF-KAMUD-01,2
CN,2605,OMBON,IDOPA,W195,CN-2605-ZUTF-KAMUD-02,ZUTF-KAMUD-02,2
CN,2605,OMBON,IDOPA,W195,CN-2605-ZUTF-KAMUD-04,ZUTF-KAMUD-04,2
CN,2605,OMBON,IDOPA,W195,CN-2605-ZUTF-PURPA-01,ZUTF-PURPA-01,2
CN,2605,OMBON,IDOPA,W195,CN-2605-ZUTF-RULAD-01,ZUTF-RULAD-01,2
CN,2605,OMBON,IDOPA,W195,CN-2605-ZUTF-SARIN-01,ZUTF-SARIN-01,2
CN,2605,OMBON,IDOPA,W195,CN-2605-ZUUU-GOPTO-01,ZUUU-GOPTO-01,2
CN,2605,OMBON,IDOPA,W195,CN-2605-ZUUU-GOPTO-02,ZUUU-GOPTO-02,2
CN,2605,OMBON,IDOPA,W195,CN-2605-ZUUU-KAMUD-01,ZUUU-KAMUD-01,2
CN,2605,OMBON,IDOPA,W195,CN-2605-ZUUU-KAMUD-02,ZUUU-KAMUD-02,2
CN,2605,OMBON,IDOPA,W195,CN-2605-ZUUU-PURPA-01,ZUUU-PURPA-01,2
CN,2605,OMBON,IDOPA,W195,CN-2605-ZUUU-RULAD-01,ZUUU-RULAD-01,2
CN,2605,OMBON,IDOPA,W195,CN-2605-ZUUU-SARIN-01,ZUUU-SARIN-01,2
CN,2605,OMBON,IGDOB,W195,CN-2605-RCTP-ZLXN-01,RCTP-ZLXN-01,7
CN,2605,OMBON,IGDOB,W195,CN-2605-SAGAG-ZLXN-01,SAGAG-ZLXN-01,4
CN,2605,OMBON,MORIT,W195,CN-2605-BEKOL-APSMS,BEKOL-APSMS,27
CN,2605,OMBON,MORIT,W195,CN-2605-BEKOL-G470-SGM,BEKOL-G470-SGM,34
CN,2605,OMBON,MORIT,W195,CN-2605-BEKOL-G470-SGMN,BEKOL-G470-SGMN,34
CN,2605,OMBON,MORIT,W195,CN-2605-BEKOL-G470-SGMRK,BEKOL-G470-SGMRK,34
CN,2605,OMBON,MORIT,W195,CN-2605-BEKOL-G470-SGMRN,BEKOL-G470-SGMRN,34
CN,2605,OMBON,MORIT,W195,CN-2605-BEKOL-G470-SM,BEKOL-G470-SM,20
CN,2605,OMBON,MORIT,W195,CN-2605-BEKOL-G470/L888-SGMRK,BEKOL-G470/L888-SGMRK,34
CN,2605,OMBON,MORIT,W195,CN-2605-BEKOL-G470/L888-SGMRN,BEKOL-G470/L888-SGMRN,34
CN,2605,OMBON,MORIT,W195,CN-2605-BEKOL-G470/Y1-SGMRK,BEKOL-G470/Y1-SGMRK,34
CN,2605,OMBON,MORIT,W195,CN-2605-BEKOL-G470/Y1-SGMRN,BEKOL-G470/Y1-SGMRN,34
CN,2605,OMBON,MORIT,W195,CN-2605-BEKOL-MN,BEKOL-MN,7
CN,2605,OMBON,MORIT,W195,CN-2605-BEKOL-MORIT,BEKOL-MORIT,7
CN,2605,OMBON,MORIT,W195,CN-2605-BEKOL-SGM,BEKOL-SGM,31
CN,2605,OMBON,MORIT,W195,CN-2605-BEKOL-SGMN,BEKOL-SGMN,31
CN,2605,OMBON,MORIT,W195,CN-2605-KATBO-MORIT,KATBO-MORIT,5
CN,2605,OMBON,MORIT,W195,CN-2605-LINSO-MORIT,LINSO-MORIT,4
CN,2605,OMBON,MORIT,W195,CN-2605-SAGAG-MORIT,SAGAG-MORIT,4
CN,2605,OMBON,MORIT,W195,CN-2605-VMMC-MORIT,VMMC-MORIT,7
CN,2605,OMBON,MORIT,W195,CN-2605-ZGGG-MORIT-01,ZGGG-MORIT-01,5
CN,2605,OMBON,MORIT,W195,CN-2605-ZGSZ-MORIT-01,ZGSZ-MORIT-01,6
CN,2605,OMBON,MORIT,W195,CN-2605-ZJHK-MORIT-01,ZJHK-MORIT-01,7
CN,2605,OMBON,MORIT,W195,CN-2605-ZJSY-MORIT-01,ZJSY-MORIT-01,9
CN,2605,OMBON,MORIT,W195,CN-2605-ZPPP-MORIT-01,ZPPP-MORIT-01,3
CN,2605,OMBON,MORIT,W195,CN-2605-ZUCK-MORIT-01,ZUCK-MORIT-01,3
CN,2605,OMBON,MORIT,W195,CN-2605-ZUGY-MORIT-01,ZUGY-MORIT-01,2
CN,2605,OMBON,MORIT,W195,CN-2605-ZUTF-MORIT-01,ZUTF-MORIT-01,2
CN,2605,OMBON,MORIT,W195,CN-2605-ZUUU-MORIT-01,ZUUU-MORIT-01,2
CN,2605,OMBON,ORUNA,W195,CN-2605-KATBO-ZLLL-01,KATBO-ZLLL-01,5
CN,2605,OMBON,ORUNA,W195,CN-2605-LINSO-ZLLL-01,LINSO-ZLLL-01,4
CN,2605,OMBON,ORUNA,W195,CN-2605-SAGAG-ZLLL-01,SAGAG-ZLLL-01,4
CN,2605,OMBON,ORUNA,W195,CN-2605-VHHH-ZLLL-01,VHHH-ZLLL-01,7
CN,2605,OMBON,ORUNA,W195,CN-2605-VMMC-ZLLL-01,VMMC-ZLLL-01,7
CN,2605,OMBON,OVRAL,W245,CN-2605-KAMUD-Y1-TAMOT,KAMUD-Y1-TAMOT,3
CN,2605,OMBON,OVRAL,W245,CN-2605-KAMUD-Y1-VHHH,KAMUD-Y1-VHHH,3
CN,2605,OMBON,OVRAL,W245,CN-2605-RULAD-Y1-SAGAG,RULAD-Y1-SAGAG,4
CN,2605,OMBON,OVRAL,W245,CN-2605-RULAD-Y1-TAMOT,RULAD-Y1-TAMOT,4
CN,2605,OMBON,OVRAL,W245,CN-2605-RULAD-Y1-VHHH,RULAD-Y1-VHHH,4
CN,2605,OMBON,OVRAL,W245,CN-2605-SGMRK-G470/L888-TAMOT,SGMRK-G470/L888-TAMOT,38
CN,2605,OMBON,OVRAL,W245,CN-2605-SGMRK-G470/L888-VHHH,SGMRK-G470/L888-VHHH,38
CN,2605,OMBON,OVRAL,W245,CN-2605-SGMRK-G470/Y1-TAMOT,SGMRK-G470/Y1-TAMOT,29
CN,2605,OMBON,OVRAL,W245,CN-2605-SGMRK-G470/Y1-TAMOT,SGMRK-G470/Y1-TAMOT,37
CN,2605,OMBON,OVRAL,W245,CN-2605-SGMRK-G470/Y1-VHHH,SGMRK-G470/Y1-VHHH,29
CN,2605,OMBON,OVRAL,W245,CN-2605-SGMRK-G470/Y1-VHHH,SGMRK-G470/Y1-VHHH,37
CN,2605,OMBON,OVRAL,W245,CN-2605-SGMRN-G470/Y1-TAMOT,SGMRN-G470/Y1-TAMOT,29
CN,2605,OMBON,OVRAL,W245,CN-2605-SGMRN-G470/Y1-VHHH,SGMRN-G470/Y1-VHHH,29
CN,2605,OMBON,OVRAL,W245,CN-2605-SRK-L888-TAMOT,SRK-L888-TAMOT,22
CN,2605,OMBON,OVRAL,W245,CN-2605-SRK-L888-VHHH,SRK-L888-VHHH,22
CN,2605,OMBON,OVRAL,W245,CN-2605-SRK-Y1-TAMOT,SRK-Y1-TAMOT,13
CN,2605,OMBON,OVRAL,W245,CN-2605-SRK-Y1-TAMOT,SRK-Y1-TAMOT,21
CN,2605,OMBON,OVRAL,W245,CN-2605-SRK-Y1-VHHH,SRK-Y1-VHHH,13
CN,2605,OMBON,OVRAL,W245,CN-2605-SRK-Y1-VHHH,SRK-Y1-VHHH,21
CN,2605,OMBON,OVRAL,W245,CN-2605-SRKL-L888-VHHH,SRKL-L888-VHHH,21
CN,2605,OMBON,OVRAL,W245,CN-2605-SRKL-W191/L888-TAMOT,SRKL-W191/L888-TAMOT,22
CN,2605,OMBON,OVRAL,W245,CN-2605-SRKL-W191/L888-VHHH,SRKL-W191/L888-VHHH,22
CN,2605,OMBON,OVRAL,W245,CN-2605-SRKL-W191/Y1-TAMOT,SRKL-W191/Y1-TAMOT,13
CN,2605,OMBON,OVRAL,W245,CN-2605-SRKL-W191/Y1-TAMOT,SRKL-W191/Y1-TAMOT,21
CN,2605,OMBON,OVRAL,W245,CN-2605-SRKL-W191/Y1-VHHH,SRKL-W191/Y1-VHHH,13
CN,2605,OMBON,OVRAL,W245,CN-2605-SRKL-W191/Y1-VHHH,SRKL-W191/Y1-VHHH,21
CN,2605,OMBON,OVRAL,W245,CN-2605-SRKL-Y1-VHHH,SRKL-Y1-VHHH,12
CN,2605,OMBON,OVRAL,W245,CN-2605-SRKL-Y1-VHHH,SRKL-Y1-VHHH,20
CN,2605,OMBON,OVRAL,W245,CN-2605-SRL-W191/Y1-TAMOT,SRL-W191/Y1-TAMOT,13
CN,2605,OMBON,OVRAL,W245,CN-2605-SRL-W191/Y1-VHHH,SRL-W191/Y1-VHHH,13
CN,2605,OMBON,OVRAL,W245,CN-2605-SRL-Y1-VHHH,SRL-Y1-VHHH,12
CN,2605,OMBON,SADAN,Y1,CN-2605-BEKOL-G470/L888-SGMRK,BEKOL-G470/L888-SGMRK,52
CN,2605,OMBON,SADAN,Y1,CN-2605-BEKOL-G470/L888-SRK,BEKOL-G470/L888-SRK,30
CN,2605,OMBON,SADAN,Y1,CN-2605-BEKOL-G470/L888-SRKL,BEKOL-G470/L888-SRKL,30
CN,2605,OMBON,SADAN,Y1,CN-2605-BEKOL-G470/Y1-SGMRK,BEKOL-G470/Y1-SGMRK,42
CN,2605,OMBON,SADAN,Y1,CN-2605-BEKOL-G470/Y1-SGMRK,BEKOL-G470/Y1-SGMRK,52
CN,2605,OMBON,SADAN,Y1,CN-2605-BEKOL-G470/Y1-SGMRN,BEKOL-G470/Y1-SGMRN,42
CN,2605,OMBON,SADAN,Y1,CN-2605-BEKOL-G470/Y1-SRKL,BEKOL-G470/Y1-SRKL,20
CN,2605,OMBON,SADAN,Y1,CN-2605-BEKOL-G470/Y1-SRKL,BEKOL-G470/Y1-SRKL,30
CN,2605,OMBON,SADAN,Y1,CN-2605-BEKOL-G470/Y1-SRL,BEKOL-G470/Y1-SRL,20
CN,2605,OMBON,SADAN,Y1,CN-2605-BEKOL-Y1-KAMUD,BEKOL-Y1-KAMUD,7
CN,2605,OMBON,SADAN,Y1,CN-2605-BEKOL-Y1-RULAD,BEKOL-Y1-RULAD,7
CN,2605,OMBON,SADAN,Y1,CN-2605-BEKOL-Y1-SRK,BEKOL-Y1-SRK,20
CN,2605,OMBON,SADAN,Y1,CN-2605-BEKOL-Y1-SRK,BEKOL-Y1-SRK,30
CN,2605,OMBON,SADAN,Y1,CN-2605-SAGAG-Y1-RULAD,SAGAG-Y1-RULAD,4
CN,2605,OMDEK,DUBAS,W37,CN-2605-ZBAD-LINSO-01,ZBAD-LINSO-01,1
CN,2605,OMDEK,DUBAS,W37,CN-2605-ZBTJ-LINSO-01,ZBTJ-LINSO-01,1
CN,2605,OMDEK,DUBAS,W37,CN-2605-ZBTJ-SAGAG-01,ZBTJ-SAGAG-01,1
CN,2605,OMDEK,OLMIB,W37,CN-2605-ZBAD-TEBAK-01,ZBAD-TEBAK-01,1
CN,2605,OMDEK,OLMIB,W37,CN-2605-ZBTJ-TEBAK-01,ZBTJ-TEBAK-01,1
CN,2605,OMDEK,OMBEB,W37,CN-2605-ZBAD-TAMOT-01,ZBAD-TAMOT-01,1
CN,2605,OMDEK,OMBEB,W37,CN-2605-ZBAD-VHHH-01,ZBAD-VHHH-01,1
CN,2605,OMDEK,OMBEB,W37,CN-2605-ZBAD-VMMC-01,ZBAD-VMMC-01,1
CN,2605,OMDEK,OMBEB,W37,CN-2605-ZBTJ-TAMOT-01,ZBTJ-TAMOT-01,1
CN,2605,OMDEK,OMBEB,W37,CN-2605-ZBTJ-VHHH-01,ZBTJ-VHHH-01,1
CN,2605,OMDEK,OMBEB,W37,CN-2605-ZBTJ-VMMC-01,ZBTJ-VMMC-01,1
CN,2605,OMDUP,PLT,G471,CN-2605-BEKOL-AGAVO,BEKOL-AGAVO,4
CN,2605,OMDUP,PLT,G471,CN-2605-BEKOL-APSMS,BEKOL-APSMS,32
CN,2605,OMDUP,PLT,G471,CN-2605-BEKOL-SADLI,BEKOL-SADLI,4
CN,2605,OMDUP,PLT,G471,CN-2605-BEKOL-ZSCN-01,BEKOL-ZSCN-01,4
CN,2605,OMDUP,PLT,G471,CN-2605-BEKOL-ZSHC-01,BEKOL-ZSHC-01,4
CN,2605,OMDUP,PLT,G471,CN-2605-BEKOL-ZSNJ-01,BEKOL-ZSNJ-01,4
CN,2605,OMDUP,PLT,G471,CN-2605-BEKOL-ZSPD-01,BEKOL-ZSPD-01,4
CN,2605,OMDUP,PLT,G471,CN-2605-BEKOL-ZSSS-01,BEKOL-ZSSS-01,4
CN,2605,OMDUP,PLT,G471,CN-2605-BEKOL-ZSXZ-01,BEKOL-ZSXZ-01,4
CN,2605,OMDUP,PLT,G471,CN-2605-LINSO-SADLI,LINSO-SADLI,5
CN,2605,OMDUP,PLT,G471,CN-2605-LINSO-ZSPD-02,LINSO-ZSPD-02,6
CN,2605,OMDUP,PLT,G471,CN-2605-LINSO-ZSSS-02,LINSO-ZSSS-02,6
CN,2605,OMDUP,PLT,G471,CN-2605-RCKH-ZSCN-02,RCKH-ZSCN-02,4
CN,2605,OMDUP,PLT,G471,CN-2605-TEBAK-SADLI,TEBAK-SADLI,6
CN,2605,OMDUP,PLT,G471,CN-2605-TEBAK-ZSHC-01,TEBAK-ZSHC-01,6
CN,2605,OMDUP,PLT,G471,CN-2605-TEBAK-ZSNB-01,TEBAK-ZSNB-01,6
CN,2605,OMDUP,PLT,G471,CN-2605-TEBAK-ZSNB-02,TEBAK-ZSNB-02,6
CN,2605,OMDUP,PLT,G471,CN-2605-TEBAK-ZSTX-01,TEBAK-ZSTX-01,6
CN,2605,OMDUP,PLT,G471,CN-2605-VHHH-ZSCN-01,VHHH-ZSCN-01,4
CN,2605,OMDUP,PLT,G471,CN-2605-VHHH-ZSTX-01,VHHH-ZSTX-01,4
CN,2605,OMDUP,PLT,G471,CN-2605-VMMC-SADLI,VMMC-SADLI,2
CN,2605,OMDUP,PLT,G471,CN-2605-VMMC-ZSCN-01,VMMC-ZSCN-01,2
CN,2605,OMDUP,PLT,G471,CN-2605-ZGGG-LAMEN-01,ZGGG-LAMEN-01,2
CN,2605,OMDUP,PLT,G471,CN-2605-ZGGG-TOMUK-01,ZGGG-TOMUK-01,2
CN,2605,OMDUP,PLT,G471,CN-2605-ZGSZ-LAMEN-01,ZGSZ-LAMEN-01,2
CN,2605,OMDUP,PLT,G471,CN-2605-ZJHK-LAMEN-01,ZJHK-LAMEN-01,7
CN,2605,OMDUP,PLT,G471,CN-2605-ZJSY-LAMEN-01,ZJSY-LAMEN-01,7
CN,2605,OMDUP,PLT,G471,CN-2605-ZJSY-LAMEN-02,ZJSY-LAMEN-02,8
CN,2605,OMDUS,CHG,A575,CN-2605-ZYTX-RULAD-01,ZYTX-RULAD-01,1
CN,2605,OMDUS,CHG,A575,CN-2605-ZYTX-SAGAG-01,ZYTX-SAGAG-01,1
CN,2605,OMDUS,CHG,A575,CN-2605-ZYTX-TAMOT-01,ZYTX-TAMOT-01,1
CN,2605,OMDUS,CHG,A575,CN-2605-ZYTX-VHHH-01,ZYTX-VHHH-01,1
CN,2605,OMDUS,CHG,A575,CN-2605-ZYTX-VMMC-01,ZYTX-VMMC-01,1
CN,2605,OMDUS,INTIK,A575,CN-2605-ZYTX-INTIK-01,ZYTX-INTIK-01,1
CN,2605,OMGEL,ALGOV,W193,CN-2605-MORIT-ZBDS-01,MORIT-ZBDS-01,4
CN,2605,OMGEL,ELAPU,W64,CN-2605-KAMUD-ZBAD-02,KAMUD-ZBAD-02,10
CN,2605,OMGEL,UBRAG,W64,CN-2605-ZBOW-AGAVO-01,ZBOW-AGAVO-01,2
CN,2605,OMGEL,UBRAG,W64,CN-2605-ZLIC-INTIK-01,ZLIC-INTIK-01,3
CN,2605,OMLIB,AGAVO,W209,CN-2605-ZSNJ-AGAVO-01,ZSNJ-AGAVO-01,6
CN,2605,OMLIB,AGAVO,W209,CN-2605-ZSNJ-AGAVO-02,ZSNJ-AGAVO-02,4
CN,2605,OMLIB,AGAVO,W209,CN-2605-ZSPD-AGAVO-01,ZSPD-AGAVO-01,2
CN,2605,OMLIB,AGAVO,W209,CN-2605-ZSXZ-AGAVO-01,ZSXZ-AGAVO-01,5
CN,2605,OMLIB,AGAVO,W209,CN-2605-ZSYA-AGAVO-01,ZSYA-AGAVO-01,4
CN,2605,OMLIB,AGAVO,W209,CN-2605-ZSYN-AGAVO-01,ZSYN-AGAVO-01,3
CN,2605,OMLIB,AKARA,A326,CN-2605-AGAVO-ZSPD-01,AGAVO-ZSPD-01,2
CN,2605,OMLIB,IKADI,A326,CN-2605-AGAVO-ZSNJ-01,AGAVO-ZSNJ-01,2
CN,2605,OMLIB,IKADI,A326,CN-2605-AGAVO-ZSNJ-02,AGAVO-ZSNJ-02,2
CN,2605,OMLIB,IKADI,A326,CN-2605-AGAVO-ZSPD-02,AGAVO-ZSPD-02,2
CN,2605,OMLIB,IKADI,A326,CN-2605-AGAVO-ZSXZ-01,AGAVO-ZSXZ-01,2
CN,2605,OMLIB,IKADI,A326,CN-2605-AGAVO-ZSYA-01,AGAVO-ZSYA-01,2
CN,2605,OMLIB,IKADI,A326,CN-2605-AGAVO-ZSYN-01,AGAVO-ZSYN-01,2
CN,2605,OMLIB,LATUX,W209,CN-2605-POLHO-ZSQD-01,POLHO-ZSQD-01,4
CN,2605,OMUDI,DO,W125,CN-2605-AGAVO-ZSXZ-01,AGAVO-ZSXZ-01,5
CN,2605,OMUDI,DO,W125,CN-2605-LAMEN-ZSXZ-01,LAMEN-ZSXZ-01,2
CN,2605,OMUDI,PK,A593,CN-2605-ZSXZ-LAMEN-01,ZSXZ-LAMEN-01,2
CN,2605,OMUDI,YCH,W177,CN-2605-ZSXZ-AGAVO-01,ZSXZ-AGAVO-01,2
CN,2605,ONEBA,BUPMI,G212,CN-2605-AGAVO-ZUTF-01,AGAVO-ZUTF-01,9
CN,2605,ONEBA,BUPMI,G212,CN-2605-AGAVO-ZUTF-02,AGAVO-ZUTF-02,6
CN,2605,ONEBA,BUPMI,G212,CN-2605-MAGIT-ZUTF-01,MAGIT-ZUTF-01,7
CN,2605,ONEBA,BUPMI,G212,CN-2605-POLHO-ZUTF-01,POLHO-ZUTF-01,6
CN,2605,ONEBA,JTG,G212,CN-2605-ZBAD-NONIM-01,ZBAD-NONIM-01,5
CN,2605,ONEBA,JTG,G212,CN-2605-ZLXY-NONIM-01,ZLXY-NONIM-01,3
CN,2605,ONEBA,SGM,G212,CN-2605-NIXAL-SAGAG,NIXAL-SAGAG,4
CN,2605,ONEBA,SGM,G212,CN-2605-ZBSJ-LINSO-01,ZBSJ-LINSO-01,4
CN,2605,ONEBA,SGM,G212,CN-2605-ZBYN-LINSO-01,ZBYN-LINSO-01,3
CN,2605,ONEBA,SGM,G212,CN-2605-ZBYN-SAGAG-01,ZBYN-SAGAG-01,3
CN,2605,ONEBA,SGM,G212,CN-2605-ZLXY-KATBO-01,ZLXY-KATBO-01,3
CN,2605,ONEBA,SGM,G212,CN-2605-ZLXY-LINSO-01,ZLXY-LINSO-01,3
CN,2605,ONEBA,SGM,G212,CN-2605-ZLXY-SAGAG-01,ZLXY-SAGAG-01,3
CN,2605,ONEBA,SGM,G212,CN-2605-ZYTX-SAGAG-01,ZYTX-SAGAG-01,7
CN,2605,ONEBA,SUBUL,G212,CN-2605-AGAVO-ZUUU-01,AGAVO-ZUUU-01,9
CN,2605,ONEBA,SUBUL,G212,CN-2605-AGAVO-ZUUU-02,AGAVO-ZUUU-02,6
CN,2605,ONEBA,SUBUL,G212,CN-2605-MAGIT-ZUUU-01,MAGIT-ZUUU-01,6
CN,2605,ONEBA,SUBUL,G212,CN-2605-MAGIT-ZUUU-02,MAGIT-ZUUU-02,7
CN,2605,ONEBA,SUBUL,G212,CN-2605-NIXAL-ZUUU-01,NIXAL-ZUUU-01,4
CN,2605,ONEBA,SUBUL,G212,CN-2605-POLHO-ZUUU-01,POLHO-ZUUU-01,5
CN,2605,ONEBA,SUBUL,G212,CN-2605-POLHO-ZUUU-02,POLHO-ZUUU-02,6
CN,2605,ONEBA,SUBUL,G212,CN-2605-SIMLI-ZUUU-01,SIMLI-ZUUU-01,6
CN,2605,ONEMI,GOSMA,R343,CN-2605-ZGKL-LAMEN-01,ZGKL-LAMEN-01,1
CN,2605,ONINA,HLD,B451,CN-2605-ZYHB-TELOK-01,ZYHB-TELOK-01,1
CN,2605,ORAVA,OSVEN,W201,CN-2605-RULAD-ZSYT-01,RULAD-ZSYT-01,9
CN,2605,ORAVA,OSVEN,W201,CN-2605-SARIN-ZSYT-01,SARIN-ZSYT-01,8
CN,2605,ORAVA,OVTUP,W576,CN-2605-ZYTL-POLHO-01,ZYTL-POLHO-01,1
CN,2605,ORAVA,UNSEK,W201,CN-2605-BEKOL-TOMUK,BEKOL-TOMUK,5
CN,2605,ORAVA,UNSEK,W201,CN-2605-KAMUD-AGAVO,KAMUD-AGAVO,9
CN,2605,ORAVA,UNSEK,W201,CN-2605-PURPA-W112-AGAVO,PURPA-W112-AGAVO,10
CN,2605,ORAVA,UNSEK,W201,CN-2605-RK-AGAVO,RK-AGAVO,9
CN,2605,ORAVA,UNSEK,W201,CN-2605-RK-AGAVO,RK-AGAVO,21
CN,2605,ORAVA,UNSEK,W201,CN-2605-RKL-AGAVO,RKL-AGAVO,9
CN,2605,ORAVA,UNSEK,W201,CN-2605-RKL-AGAVO,RKL-AGAVO,21
CN,2605,ORAVA,UNSEK,W201,CN-2605-RULAD-AGAVO,RULAD-AGAVO,9
CN,2605,ORAVA,UNSEK,W201,CN-2605-SARIN-AGAVO,SARIN-AGAVO,8
CN,2605,ORAVA,UNSEK,W201,CN-2605-SRK-AGAVO,SRK-AGAVO,8
CN,2605,ORAVA,UNSEK,W201,CN-2605-SRK-AGAVO,SRK-AGAVO,20
CN,2605,ORAVA,UNSEK,W201,CN-2605-SRK-AGAVO,SRK-AGAVO,32
CN,2605,ORAVA,UNSEK,W201,CN-2605-TEBAK-TOMUK,TEBAK-TOMUK,7
CN,2605,ORAVA,UNSEK,W201,CN-2605-VMMC-TOMUK,VMMC-TOMUK,8
CN,2605,ORAVA,UNSEK,W201,CN-2605-ZBAA-AGAVO-01,ZBAA-AGAVO-01,3
CN,2605,ORAVA,UNSEK,W201,CN-2605-ZBAD-AGAVO-01,ZBAD-AGAVO-01,3
CN,2605,ORAVA,UNSEK,W201,CN-2605-ZBDS-AGAVO-01,ZBDS-AGAVO-01,7
CN,2605,ORAVA,UNSEK,W201,CN-2605-ZBHH-AGAVO-01,ZBHH-AGAVO-01,5
CN,2605,ORAVA,UNSEK,W201,CN-2605-ZBOW-AGAVO-01,ZBOW-AGAVO-01,8
CN,2605,ORAVA,UNSEK,W201,CN-2605-ZBSJ-AGAVO-01,ZBSJ-AGAVO-01,5
CN,2605,ORAVA,UNSEK,W201,CN-2605-ZBTJ-AGAVO-01,ZBTJ-AGAVO-01,3
CN,2605,ORAVA,UNSEK,W201,CN-2605-ZBTJ-ARGUK-01,ZBTJ-ARGUK-01,3
CN,2605,ORAVA,UNSEK,W201,CN-2605-ZBTJ-BISUN-01,ZBTJ-BISUN-01,3
CN,2605,ORAVA,UNSEK,W201,CN-2605-ZBTJ-SIMLI-01,ZBTJ-SIMLI-01,3
CN,2605,ORAVA,UNSEK,W201,CN-2605-ZBTJ-TOMUK-01,ZBTJ-TOMUK-01,3
CN,2605,ORAVA,UNSEK,W201,CN-2605-ZBYN-AGAVO-01,ZBYN-AGAVO-01,4
CN,2605,ORAVA,UNSEK,W201,CN-2605-ZLDH-AGAVO-01,ZLDH-AGAVO-01,8
CN,2605,ORAVA,UNSEK,W201,CN-2605-ZLIC-AGAVO-01,ZLIC-AGAVO-01,8
CN,2605,ORAVA,UNSEK,W201,CN-2605-ZLXY-AGAVO-01,ZLXY-AGAVO-01,4
CN,2605,ORAVA,UNSEK,W201,CN-2605-ZUCK-AGAVO-01,ZUCK-AGAVO-01,7
CN,2605,ORAVA,UNSEK,W201,CN-2605-ZUTF-AGAVO-01,ZUTF-AGAVO-01,6
CN,2605,ORAVA,UNSEK,W201,CN-2605-ZUUU-AGAVO-01,ZUUU-AGAVO-01,7
CN,2605,ORAVA,UNSEK,W201,CN-2605-ZWWW-AGAVO-01,ZWWW-AGAVO-01,8
CN,2605,ORODO,AVLIS,W62,CN-2605-BEKOL-ZBSJ-01,BEKOL-ZBSJ-01,3
CN,2605,ORODO,AVLIS,W62,CN-2605-TEBAK-ZBSJ-01,TEBAK-ZBSJ-01,5
CN,2605,ORODO,AVLIS,W62,CN-2605-VHHH-ZBSJ-01,VHHH-ZBSJ-01,3
CN,2605,ORODO,AVLIS,W62,CN-2605-VMMC-ZBSJ-01,VMMC-ZBSJ-01,6
CN,2605,ORODO,IGDID,W62,CN-2605-RCKH-ZBSJ-01,RCKH-ZBSJ-01,8
CN,2605,ORODO,IGDID,W62,CN-2605-RCTP-ZBSJ-01,RCTP-ZBSJ-01,8
CN,2605,ORODO,IGDID,W62,CN-2605-RCYU-ZBSJ-01,RCYU-ZBSJ-01,8
CN,2605,ORODO,TEKIL,W62,CN-2605-BEKOL-ZBAD-01,BEKOL-ZBAD-01,3
CN,2605,ORODO,TEKIL,W62,CN-2605-LINSO-ZBAD-01,LINSO-ZBAD-01,4
CN,2605,ORODO,TEKIL,W62,CN-2605-SAGAG-ZBAD-01,SAGAG-ZBAD-01,3
CN,2605,ORODO,TEKIL,W62,CN-2605-TEBAK-ZBAD-01,TEBAK-ZBAD-01,5
CN,2605,ORODO,TEKIL,W62,CN-2605-VHHH-ZBAD-01,VHHH-ZBAD-01,3
CN,2605,ORODO,TEKIL,W62,CN-2605-VMMC-ZBAD-01,VMMC-ZBAD-01,6
CN,2605,OSNOV,QP,G586,CN-2605-BEKOL-APSMS,BEKOL-APSMS,24
CN,2605,OSNOV,QP,G586,CN-2605-BEKOL-G470-KAMUD,BEKOL-G470-KAMUD,4
CN,2605,OSNOV,QP,G586,CN-2605-BEKOL-G470-RULAD,BEKOL-G470-RULAD,4
CN,2605,OSNOV,QP,G586,CN-2605-BEKOL-G470-SARIN,BEKOL-G470-SARIN,4
CN,2605,OSNOV,QP,G586,CN-2605-BEKOL-G470-SGM,BEKOL-G470-SGM,4
CN,2605,OSNOV,QP,G586,CN-2605-BEKOL-G470-SGM,BEKOL-G470-SGM,17
CN,2605,OSNOV,QP,G586,CN-2605-BEKOL-G470-SGM,BEKOL-G470-SGM,31
CN,2605,OSNOV,QP,G586,CN-2605-BEKOL-G470-SGMN,BEKOL-G470-SGMN,4
CN,2605,OSNOV,QP,G586,CN-2605-BEKOL-G470-SGMN,BEKOL-G470-SGMN,17
CN,2605,OSNOV,QP,G586,CN-2605-BEKOL-G470-SGMN,BEKOL-G470-SGMN,31
CN,2605,OSNOV,QP,G586,CN-2605-BEKOL-G470-SGMRK,BEKOL-G470-SGMRK,4
CN,2605,OSNOV,QP,G586,CN-2605-BEKOL-G470-SGMRK,BEKOL-G470-SGMRK,17
CN,2605,OSNOV,QP,G586,CN-2605-BEKOL-G470-SGMRK,BEKOL-G470-SGMRK,31
CN,2605,OSNOV,QP,G586,CN-2605-BEKOL-G470-SGMRK,BEKOL-G470-SGMRK,39
CN,2605,OSNOV,QP,G586,CN-2605-BEKOL-G470-SGMRK,BEKOL-G470-SGMRK,54
CN,2605,OSNOV,QP,G586,CN-2605-BEKOL-G470-SGMRN,BEKOL-G470-SGMRN,4
CN,2605,OSNOV,QP,G586,CN-2605-BEKOL-G470-SGMRN,BEKOL-G470-SGMRN,17
CN,2605,OSNOV,QP,G586,CN-2605-BEKOL-G470-SGMRN,BEKOL-G470-SGMRN,31
CN,2605,OSNOV,QP,G586,CN-2605-BEKOL-G470-SGMRN,BEKOL-G470-SGMRN,39
CN,2605,OSNOV,QP,G586,CN-2605-BEKOL-G470-SM,BEKOL-G470-SM,4
CN,2605,OSNOV,QP,G586,CN-2605-BEKOL-G470-SM,BEKOL-G470-SM,17
CN,2605,OSNOV,QP,G586,CN-2605-BEKOL-G470-SRK,BEKOL-G470-SRK,4
CN,2605,OSNOV,QP,G586,CN-2605-BEKOL-G470-SRK,BEKOL-G470-SRK,17
CN,2605,OSNOV,QP,G586,CN-2605-BEKOL-G470-SRK,BEKOL-G470-SRK,32
CN,2605,OSNOV,QP,G586,CN-2605-BEKOL-G470-SRKL,BEKOL-G470-SRKL,4
CN,2605,OSNOV,QP,G586,CN-2605-BEKOL-G470-SRKL,BEKOL-G470-SRKL,17
CN,2605,OSNOV,QP,G586,CN-2605-BEKOL-G470-SRKL,BEKOL-G470-SRKL,32
CN,2605,OSNOV,QP,G586,CN-2605-BEKOL-G470-SRKL,BEKOL-G470-SRKL,47
CN,2605,OSNOV,QP,G586,CN-2605-BEKOL-G470-SRL,BEKOL-G470-SRL,4
CN,2605,OSNOV,QP,G586,CN-2605-BEKOL-G470-SRL,BEKOL-G470-SRL,17
CN,2605,OSNOV,QP,G586,CN-2605-BEKOL-G470-SRL,BEKOL-G470-SRL,32
CN,2605,OSNOV,QP,G586,CN-2605-BEKOL-G470/L888-SGMRK,BEKOL-G470/L888-SGMRK,4
CN,2605,OSNOV,QP,G586,CN-2605-BEKOL-G470/L888-SGMRK,BEKOL-G470/L888-SGMRK,17
CN,2605,OSNOV,QP,G586,CN-2605-BEKOL-G470/L888-SGMRK,BEKOL-G470/L888-SGMRK,31
CN,2605,OSNOV,QP,G586,CN-2605-BEKOL-G470/L888-SGMRK,BEKOL-G470/L888-SGMRK,39
CN,2605,OSNOV,QP,G586,CN-2605-BEKOL-G470/L888-SGMRK,BEKOL-G470/L888-SGMRK,49
CN,2605,OSNOV,QP,G586,CN-2605-BEKOL-G470/L888-SGMRN,BEKOL-G470/L888-SGMRN,4
CN,2605,OSNOV,QP,G586,CN-2605-BEKOL-G470/L888-SGMRN,BEKOL-G470/L888-SGMRN,17
CN,2605,OSNOV,QP,G586,CN-2605-BEKOL-G470/L888-SGMRN,BEKOL-G470/L888-SGMRN,31
CN,2605,OSNOV,QP,G586,CN-2605-BEKOL-G470/L888-SGMRN,BEKOL-G470/L888-SGMRN,39
CN,2605,OSNOV,QP,G586,CN-2605-BEKOL-G470/L888-SRK,BEKOL-G470/L888-SRK,4
CN,2605,OSNOV,QP,G586,CN-2605-BEKOL-G470/L888-SRK,BEKOL-G470/L888-SRK,17
CN,2605,OSNOV,QP,G586,CN-2605-BEKOL-G470/L888-SRK,BEKOL-G470/L888-SRK,27
CN,2605,OSNOV,QP,G586,CN-2605-BEKOL-G470/L888-SRKL,BEKOL-G470/L888-SRKL,4
CN,2605,OSNOV,QP,G586,CN-2605-BEKOL-G470/L888-SRKL,BEKOL-G470/L888-SRKL,17
CN,2605,OSNOV,QP,G586,CN-2605-BEKOL-G470/L888-SRKL,BEKOL-G470/L888-SRKL,27
CN,2605,OSNOV,QP,G586,CN-2605-BEKOL-G470/L888-SRKL,BEKOL-G470/L888-SRKL,36
CN,2605,OSNOV,QP,G586,CN-2605-BEKOL-G470/L888-SRL,BEKOL-G470/L888-SRL,4
CN,2605,OSNOV,QP,G586,CN-2605-BEKOL-G470/L888-SRL,BEKOL-G470/L888-SRL,17
CN,2605,OSNOV,QP,G586,CN-2605-BEKOL-G470/L888-SRL,BEKOL-G470/L888-SRL,27
CN,2605,OSNOV,QP,G586,CN-2605-BEKOL-G470/Y1-SGMRK,BEKOL-G470/Y1-SGMRK,4
CN,2605,OSNOV,QP,G586,CN-2605-BEKOL-G470/Y1-SGMRK,BEKOL-G470/Y1-SGMRK,17
CN,2605,OSNOV,QP,G586,CN-2605-BEKOL-G470/Y1-SGMRK,BEKOL-G470/Y1-SGMRK,31
CN,2605,OSNOV,QP,G586,CN-2605-BEKOL-G470/Y1-SGMRK,BEKOL-G470/Y1-SGMRK,39
CN,2605,OSNOV,QP,G586,CN-2605-BEKOL-G470/Y1-SGMRK,BEKOL-G470/Y1-SGMRK,49
CN,2605,OSNOV,QP,G586,CN-2605-BEKOL-G470/Y1-SGMRN,BEKOL-G470/Y1-SGMRN,4
CN,2605,OSNOV,QP,G586,CN-2605-BEKOL-G470/Y1-SGMRN,BEKOL-G470/Y1-SGMRN,17
CN,2605,OSNOV,QP,G586,CN-2605-BEKOL-G470/Y1-SGMRN,BEKOL-G470/Y1-SGMRN,31
CN,2605,OSNOV,QP,G586,CN-2605-BEKOL-G470/Y1-SGMRN,BEKOL-G470/Y1-SGMRN,39
CN,2605,OSNOV,QP,G586,CN-2605-BEKOL-G470/Y1-SRKL,BEKOL-G470/Y1-SRKL,4
CN,2605,OSNOV,QP,G586,CN-2605-BEKOL-G470/Y1-SRKL,BEKOL-G470/Y1-SRKL,17
CN,2605,OSNOV,QP,G586,CN-2605-BEKOL-G470/Y1-SRKL,BEKOL-G470/Y1-SRKL,27
CN,2605,OSNOV,QP,G586,CN-2605-BEKOL-G470/Y1-SRKL,BEKOL-G470/Y1-SRKL,36
CN,2605,OSNOV,QP,G586,CN-2605-BEKOL-G470/Y1-SRL,BEKOL-G470/Y1-SRL,4
CN,2605,OSNOV,QP,G586,CN-2605-BEKOL-G470/Y1-SRL,BEKOL-G470/Y1-SRL,17
CN,2605,OSNOV,QP,G586,CN-2605-BEKOL-G470/Y1-SRL,BEKOL-G470/Y1-SRL,27
CN,2605,OSNOV,QP,G586,CN-2605-BEKOL-GOPTO,BEKOL-GOPTO,4
CN,2605,OSNOV,QP,G586,CN-2605-BEKOL-KAMUD,BEKOL-KAMUD,4
CN,2605,OSNOV,QP,G586,CN-2605-BEKOL-L888-RULAD,BEKOL-L888-RULAD,4
CN,2605,OSNOV,QP,G586,CN-2605-BEKOL-MN,BEKOL-MN,4
CN,2605,OSNOV,QP,G586,CN-2605-BEKOL-MORIT,BEKOL-MORIT,4
CN,2605,OSNOV,QP,G586,CN-2605-BEKOL-RULAD,BEKOL-RULAD,4
CN,2605,OSNOV,QP,G586,CN-2605-BEKOL-SARIN,BEKOL-SARIN,4
CN,2605,OSNOV,QP,G586,CN-2605-BEKOL-SGM,BEKOL-SGM,4
CN,2605,OSNOV,QP,G586,CN-2605-BEKOL-SGM,BEKOL-SGM,15
CN,2605,OSNOV,QP,G586,CN-2605-BEKOL-SGM,BEKOL-SGM,28
CN,2605,OSNOV,QP,G586,CN-2605-BEKOL-SGMN,BEKOL-SGMN,4
CN,2605,OSNOV,QP,G586,CN-2605-BEKOL-SGMN,BEKOL-SGMN,15
CN,2605,OSNOV,QP,G586,CN-2605-BEKOL-SGMN,BEKOL-SGMN,28
CN,2605,OSNOV,QP,G586,CN-2605-BEKOL-SRKL,BEKOL-SRKL,4
CN,2605,OSNOV,QP,G586,CN-2605-BEKOL-SRKL,BEKOL-SRKL,15
CN,2605,OSNOV,QP,G586,CN-2605-BEKOL-SRKL,BEKOL-SRKL,27
CN,2605,OSNOV,QP,G586,CN-2605-BEKOL-SRKL,BEKOL-SRKL,39
CN,2605,OSNOV,QP,G586,CN-2605-BEKOL-SRL,BEKOL-SRL,4
CN,2605,OSNOV,QP,G586,CN-2605-BEKOL-SRL,BEKOL-SRL,15
CN,2605,OSNOV,QP,G586,CN-2605-BEKOL-SRL,BEKOL-SRL,27
CN,2605,OSNOV,QP,G586,CN-2605-BEKOL-Y1-KAMUD,BEKOL-Y1-KAMUD,4
CN,2605,OSNOV,QP,G586,CN-2605-BEKOL-Y1-RULAD,BEKOL-Y1-RULAD,4
CN,2605,OSNOV,QP,G586,CN-2605-BEKOL-Y1-SRK,BEKOL-Y1-SRK,4
CN,2605,OSNOV,QP,G586,CN-2605-BEKOL-Y1-SRK,BEKOL-Y1-SRK,17
CN,2605,OSNOV,QP,G586,CN-2605-BEKOL-Y1-SRK,BEKOL-Y1-SRK,27
CN,2605,OSNOV,QP,G586,CN-2605-BEKOL-ZGKL-01,BEKOL-ZGKL-01,4
CN,2605,OSNOV,QP,G586,CN-2605-BEKOL-ZLXY-01,BEKOL-ZLXY-01,4
CN,2605,OSNOV,QP,G586,CN-2605-BEKOL-ZLXY-02,BEKOL-ZLXY-02,4
CN,2605,OSNOV,QP,G586,CN-2605-BEKOL-ZUCK-01,BEKOL-ZUCK-01,4
CN,2605,OSNOV,QP,G586,CN-2605-BEKOL-ZUGY-01,BEKOL-ZUGY-01,4
CN,2605,OSNOV,QP,G586,CN-2605-BEKOL-ZUTF-01,BEKOL-ZUTF-01,4
CN,2605,OSNOV,QP,G586,CN-2605-BEKOL-ZUUU-01,BEKOL-ZUUU-01,4
CN,2605,OSNOV,QP,G586,CN-2605-RCKH-ZGKL-01,RCKH-ZGKL-01,4
CN,2605,OSNOV,QP,G586,CN-2605-RCKH-ZUCK-01,RCKH-ZUCK-01,4
CN,2605,OSNOV,QP,G586,CN-2605-RCKH-ZUGY-01,RCKH-ZUGY-01,4
CN,2605,OSNOV,QP,G586,CN-2605-RCKH-ZUUU-01,RCKH-ZUUU-01,4
CN,2605,OSNOV,QP,G586,CN-2605-RCMQ-ZUCK-01,RCMQ-ZUCK-01,4
CN,2605,OSNOV,QP,G586,CN-2605-RCMQ-ZUUU-01,RCMQ-ZUUU-01,4
CN,2605,OSNOV,QP,G586,CN-2605-RCSS-ZUCK-01,RCSS-ZUCK-01,4
CN,2605,OSNOV,QP,G586,CN-2605-RCSS-ZUTF-01,RCSS-ZUTF-01,4
CN,2605,OSNOV,QP,G586,CN-2605-RCSS-ZUUU-01,RCSS-ZUUU-01,4
CN,2605,OSNOV,QP,G586,CN-2605-RCTP-ZGKL-01,RCTP-ZGKL-01,4
CN,2605,OSNOV,QP,G586,CN-2605-RCTP-ZLXN-01,RCTP-ZLXN-01,4
CN,2605,OSNOV,QP,G586,CN-2605-RCTP-ZUCK-01,RCTP-ZUCK-01,4
CN,2605,OSNOV,QP,G586,CN-2605-RCTP-ZUGY-01,RCTP-ZUGY-01,4
CN,2605,OSNOV,QP,G586,CN-2605-RCTP-ZUTF-01,RCTP-ZUTF-01,4
CN,2605,OSNOV,QP,G586,CN-2605-RCTP-ZUUU-01,RCTP-ZUUU-01,4
CN,2605,OSNOV,QP,G586,CN-2605-RCYU-ZGKL-01,RCYU-ZGKL-01,4
CN,2605,OSNOV,QP,G586,CN-2605-RCYU-ZUCK-01,RCYU-ZUCK-01,4
CN,2605,OSNOV,QP,G586,CN-2605-RCYU-ZUGY-01,RCYU-ZUGY-01,4
CN,2605,OSNOV,QP,G586,CN-2605-RCYU-ZUUU-01,RCYU-ZUUU-01,4
CN,2605,OSNOV,QP,G586,CN-2605-VHHH-ZGKL-01,VHHH-ZGKL-01,4
CN,2605,OSNOV,QP,G586,CN-2605-VHHH-ZLLL-01,VHHH-ZLLL-01,4
CN,2605,OSNOV,QP,G586,CN-2605-VHHH-ZLXY-01,VHHH-ZLXY-01,4
CN,2605,OSNOV,QP,G586,CN-2605-VHHH-ZUCK-01,VHHH-ZUCK-01,4
CN,2605,OSNOV,QP,G586,CN-2605-VHHH-ZUGY-01,VHHH-ZUGY-01,4
CN,2605,OSNOV,QP,G586,CN-2605-VHHH-ZUTF-01,VHHH-ZUTF-01,4
CN,2605,OSNOV,QP,G586,CN-2605-VHHH-ZUUU-01,VHHH-ZUUU-01,4
CN,2605,OSNOV,QP,G586,CN-2605-VHHH-ZWWW-01,VHHH-ZWWW-01,4
CN,2605,OSNOV,QP,G586,CN-2605-VHHH-ZWWW-02,VHHH-ZWWW-02,4
CN,2605,OSNOV,QP,G586,CN-2605-VMMC-MORIT,VMMC-MORIT,4
CN,2605,OSNOV,QP,G586,CN-2605-VMMC-RULAD,VMMC-RULAD,4
CN,2605,OSNOV,QP,G586,CN-2605-VMMC-ZGKL-01,VMMC-ZGKL-01,4
CN,2605,OSNOV,QP,G586,CN-2605-VMMC-ZLLL-01,VMMC-ZLLL-01,4
CN,2605,OSNOV,QP,G586,CN-2605-VMMC-ZLXY-01,VMMC-ZLXY-01,4
CN,2605,OSNOV,QP,G586,CN-2605-VMMC-ZUCK-01,VMMC-ZUCK-01,4
CN,2605,OSNOV,QP,G586,CN-2605-VMMC-ZUCK-02,VMMC-ZUCK-02,4
CN,2605,OSNOV,QP,G586,CN-2605-VMMC-ZUGY-01,VMMC-ZUGY-01,4
CN,2605,OSNOV,QP,G586,CN-2605-VMMC-ZUTF-01,VMMC-ZUTF-01,4
CN,2605,OSNOV,QP,G586,CN-2605-VMMC-ZUUU-01,VMMC-ZUUU-01,4
CN,2605,OSNOV,QP,G586,CN-2605-VMMC-ZWWW-01,VMMC-ZWWW-01,4
CN,2605,OSNOV,QP,G586,CN-2605-ZGGG-AGVUT-01R,ZGGG-AGVUT-01R,2
CN,2605,OSNOV,QP,G586,CN-2605-ZGGG-AGVUT-02R,ZGGG-AGVUT-02R,2
CN,2605,OSNOV,QP,G586,CN-2605-ZGGG-KAMUD-01,ZGGG-KAMUD-01,2
CN,2605,OSNOV,QP,G586,CN-2605-ZGGG-KAMUD-02,ZGGG-KAMUD-02,2
CN,2605,OSNOV,QP,G586,CN-2605-ZGGG-MORIT-01,ZGGG-MORIT-01,2
CN,2605,OSNOV,QP,G586,CN-2605-ZGGG-OGIGI-01,ZGGG-OGIGI-01,2
CN,2605,OSNOV,QP,G586,CN-2605-ZGGG-RULAD-01,ZGGG-RULAD-01,2
CN,2605,OSNOV,QP,G586,CN-2605-ZGGG-SARIN-01,ZGGG-SARIN-01,2
CN,2605,OSNOV,QP,G586,CN-2605-ZGGG-SARIN-02,ZGGG-SARIN-02,2
CN,2605,OSNOV,QP,G586,CN-2605-ZGSZ-GOPTO-01,ZGSZ-GOPTO-01,3
CN,2605,OSNOV,QP,G586,CN-2605-ZGSZ-GOPTO-02,ZGSZ-GOPTO-02,3
CN,2605,OSNOV,QP,G586,CN-2605-ZGSZ-MORIT-01,ZGSZ-MORIT-01,3
CN,2605,OSNOV,QP,G586,CN-2605-ZGSZ-RULAD-01,ZGSZ-RULAD-01,3
CN,2605,OSNOV,QP,G586,CN-2605-ZGSZ-SARIN-01,ZGSZ-SARIN-01,3
CN,2605,OSNOV,QP,G586,CN-2605-ZGSZ-SARIN-02,ZGSZ-SARIN-02,3
CN,2605,OSNOV,QP,G586,CN-2605-ZGSZ-SARIN-03,ZGSZ-SARIN-03,3
CN,2605,OSONO,ATKAV,W19,CN-2605-ZSCN-VMMC-01,ZSCN-VMMC-01,1
CN,2605,OSONO,NOMAR,W19,CN-2605-ZSCN-ASSAD-01,ZSCN-ASSAD-01,1
CN,2605,OSONO,NOMAR,W19,CN-2605-ZSCN-RCKH-02,ZSCN-RCKH-02,1
CN,2605,OSONO,NOMAR,W19,CN-2605-ZSCN-TAMOT-01,ZSCN-TAMOT-01,1
CN,2605,OSONO,NOMAR,W19,CN-2605-ZSCN-VHHH-01,ZSCN-VHHH-01,1
CN,2605,OSPAM,MAGOG,A470,CN-2605-ZSYW-VHHH-01,ZSYW-VHHH-01,1
CN,2605,OSVEN,GUMED,W588,CN-2605-RULAD-ZSYT-01,RULAD-ZSYT-01,10
CN,2605,OSVEN,GUMED,W588,CN-2605-SARIN-ZSYT-01,SARIN-ZSYT-01,9
CN,2605,OTBUL,CHG,W35,CN-2605-BEKOL-ZYTX-01,BEKOL-ZYTX-01,7
CN,2605,OTBUL,CHG,W35,CN-2605-SAGAG-ZYTX-01,SAGAG-ZYTX-01,11
CN,2605,OTBUL,CHG,W35,CN-2605-TEBAK-GOLOT,TEBAK-GOLOT,9
CN,2605,OTBUL,CHG,W35,CN-2605-TEBAK-ZYTX-01,TEBAK-ZYTX-01,9
CN,2605,OTBUL,CHG,W35,CN-2605-VHHH-ZYTX-01,VHHH-ZYTX-01,7
CN,2605,OTBUL,CHG,W35,CN-2605-VMMC-GOLOT,VMMC-GOLOT,10
CN,2605,OTBUL,CHG,W35,CN-2605-VMMC-ZYTX-01,VMMC-ZYTX-01,10
CN,2605,OTKAB,GUTOV,W37,CN-2605-ZBSJ-RCKH-01,ZBSJ-RCKH-01,2
CN,2605,OTKAB,GUTOV,W37,CN-2605-ZBSJ-RCTP-01,ZBSJ-RCTP-01,2
CN,2605,OTKAB,GUTOV,W37,CN-2605-ZBSJ-RCYU-01,ZBSJ-RCYU-01,2
CN,2605,OTKAB,OMBEB,W37,CN-2605-ZBSJ-TAMOT-01,ZBSJ-TAMOT-01,2
CN,2605,OTKAB,OMBEB,W37,CN-2605-ZBSJ-VHHH-01,ZBSJ-VHHH-01,2
CN,2605,OTKAB,OMBEB,W37,CN-2605-ZBSJ-VMMC-01,ZBSJ-VMMC-01,2
CN,2605,OVKAB,XFG,W94,CN-2605-ZLXY-AGVUT-01R,ZLXY-AGVUT-01R,2
CN,2605,OVKAB,XFG,W94,CN-2605-ZLXY-KAMUD-01,ZLXY-KAMUD-01,2
CN,2605,OVKAB,XFG,W94,CN-2605-ZLXY-KAMUD-02,ZLXY-KAMUD-02,2
CN,2605,OVKAB,XFG,W94,CN-2605-ZLXY-MORIT-01,ZLXY-MORIT-01,2
CN,2605,OVKAB,XFG,W94,CN-2605-ZLXY-OGIGI-01,ZLXY-OGIGI-01,2
CN,2605,OVKAB,XFG,W94,CN-2605-ZLXY-RULAD-01,ZLXY-RULAD-01,2
CN,2605,OVKAB,XFG,W94,CN-2605-ZLXY-RULAD-02,ZLXY-RULAD-02,2
CN,2605,OVKAB,XFG,W94,CN-2605-ZLXY-SARIN-01,ZLXY-SARIN-01,2
CN,2605,OVKAB,XFG,W94,CN-2605-ZLXY-SARIN-02,ZLXY-SARIN-02,2
CN,2605,OVNEV,HSN,W67,CN-2605-ZSNB-LAMEN-01,ZSNB-LAMEN-01,1
CN,2605,OVNUG,YQG,W40,CN-2605-ZBSJ-LAMEN-01,ZBSJ-LAMEN-01,2
CN,2605,OVNUL,IGIRO,W677,CN-2605-ZUCK-AGAVO-01,ZUCK-AGAVO-01,1
CN,2605,OVNUL,IGIRO,W677,CN-2605-ZUCK-ARGUK-01,ZUCK-ARGUK-01,1
CN,2605,OVNUL,IGIRO,W677,CN-2605-ZUCK-SIMLI-01,ZUCK-SIMLI-01,1
CN,2605,OVNUL,KADPU,W677,CN-2605-ZUCK-POLHO-01,ZUCK-POLHO-01,1
CN,2605,OVRAL,KWE,B330,CN-2605-KAMUD-Y1-TAMOT,KAMUD-Y1-TAMOT,4
CN,2605,OVRAL,KWE,B330,CN-2605-KAMUD-Y1-VHHH,KAMUD-Y1-VHHH,4
CN,2605,OVRAL,KWE,B330,CN-2605-RULAD-Y1-TAMOT,RULAD-Y1-TAMOT,5
CN,2605,OVRAL,KWE,B330,CN-2605-RULAD-Y1-VHHH,RULAD-Y1-VHHH,5
CN,2605,OVRAL,KWE,B330,CN-2605-SGMRK-G470/L888-TAMOT,SGMRK-G470/L888-TAMOT,39
CN,2605,OVRAL,KWE,B330,CN-2605-SGMRK-G470/L888-VHHH,SGMRK-G470/L888-VHHH,39
CN,2605,OVRAL,KWE,B330,CN-2605-SGMRK-G470/Y1-TAMOT,SGMRK-G470/Y1-TAMOT,30
CN,2605,OVRAL,KWE,B330,CN-2605-SGMRK-G470/Y1-TAMOT,SGMRK-G470/Y1-TAMOT,38
CN,2605,OVRAL,KWE,B330,CN-2605-SGMRK-G470/Y1-VHHH,SGMRK-G470/Y1-VHHH,30
CN,2605,OVRAL,KWE,B330,CN-2605-SGMRK-G470/Y1-VHHH,SGMRK-G470/Y1-VHHH,38
CN,2605,OVRAL,KWE,B330,CN-2605-SGMRN-G470/Y1-TAMOT,SGMRN-G470/Y1-TAMOT,30
CN,2605,OVRAL,KWE,B330,CN-2605-SGMRN-G470/Y1-VHHH,SGMRN-G470/Y1-VHHH,30
CN,2605,OVRAL,KWE,B330,CN-2605-SRK-L888-TAMOT,SRK-L888-TAMOT,23
CN,2605,OVRAL,KWE,B330,CN-2605-SRK-L888-VHHH,SRK-L888-VHHH,23
CN,2605,OVRAL,KWE,B330,CN-2605-SRK-Y1-TAMOT,SRK-Y1-TAMOT,14
CN,2605,OVRAL,KWE,B330,CN-2605-SRK-Y1-TAMOT,SRK-Y1-TAMOT,22
CN,2605,OVRAL,KWE,B330,CN-2605-SRK-Y1-VHHH,SRK-Y1-VHHH,14
CN,2605,OVRAL,KWE,B330,CN-2605-SRK-Y1-VHHH,SRK-Y1-VHHH,22
CN,2605,OVRAL,KWE,B330,CN-2605-SRKL-L888-VHHH,SRKL-L888-VHHH,22
CN,2605,OVRAL,KWE,B330,CN-2605-SRKL-W191/L888-TAMOT,SRKL-W191/L888-TAMOT,23
CN,2605,OVRAL,KWE,B330,CN-2605-SRKL-W191/L888-VHHH,SRKL-W191/L888-VHHH,23
CN,2605,OVRAL,KWE,B330,CN-2605-SRKL-W191/Y1-TAMOT,SRKL-W191/Y1-TAMOT,14
CN,2605,OVRAL,KWE,B330,CN-2605-SRKL-W191/Y1-TAMOT,SRKL-W191/Y1-TAMOT,22
CN,2605,OVRAL,KWE,B330,CN-2605-SRKL-W191/Y1-VHHH,SRKL-W191/Y1-VHHH,14
CN,2605,OVRAL,KWE,B330,CN-2605-SRKL-W191/Y1-VHHH,SRKL-W191/Y1-VHHH,22
CN,2605,OVRAL,KWE,B330,CN-2605-SRKL-Y1-VHHH,SRKL-Y1-VHHH,13
CN,2605,OVRAL,KWE,B330,CN-2605-SRKL-Y1-VHHH,SRKL-Y1-VHHH,21
CN,2605,OVRAL,KWE,B330,CN-2605-SRL-W191/Y1-TAMOT,SRL-W191/Y1-TAMOT,14
CN,2605,OVRAL,KWE,B330,CN-2605-SRL-W191/Y1-VHHH,SRL-W191/Y1-VHHH,14
CN,2605,OVRAL,KWE,B330,CN-2605-SRL-Y1-VHHH,SRL-Y1-VHHH,13
CN,2605,OVRAL,UBKER,B330,CN-2605-RULAD-Y1-SAGAG,RULAD-Y1-SAGAG,5
CN,2605,OVRAL,VIPAG,W242,CN-2605-KAMUD-ZUCK-01,KAMUD-ZUCK-01,7
CN,2605,OVRAL,VIPAG,W242,CN-2605-MORIT-ZUCK-01,MORIT-ZUCK-01,2
CN,2605,OVRAL,VIPAG,W242,CN-2605-PURPA-ZUCK-01,PURPA-ZUCK-01,6
CN,2605,OVRAL,VIPAG,W242,CN-2605-RULAD-ZUCK-01,RULAD-ZUCK-01,7
CN,2605,OVRAL,VIPAG,W242,CN-2605-SARIN-ZUCK-01,SARIN-ZUCK-01,6
CN,2605,OVRAL,VIPAG,W242,CN-2605-SARIN-ZUCK-02,SARIN-ZUCK-02,5
CN,2605,OVTUP,DUMAP,W55,CN-2605-BISUN-ZBTJ-01,BISUN-ZBTJ-01,7
CN,2605,OVTUP,DUMAP,W55,CN-2605-MAGIT-ZBTJ-01,MAGIT-ZBTJ-01,7
CN,2605,OVTUP,DUMAP,W55,CN-2605-SIMLI-ZBTJ-01,SIMLI-ZBTJ-01,5
CN,2605,OVTUP,PAMRU,W55,CN-2605-ZYTL-POLHO-01,ZYTL-POLHO-01,2
CN,2605,PABKI,DUKIR,W655,CN-2605-MAGIT-ZYCC-01,MAGIT-ZYCC-01,4
CN,2605,PABKI,DUKIR,W655,CN-2605-SARUL-ZYCC-01,SARUL-ZYCC-01,5
CN,2605,PABKI,DUKIR,W655,CN-2605-TELOK-ZYCC-01,TELOK-ZYCC-01,4
CN,2605,PABKI,HRB,A588,CN-2605-ZYCC-ARGUK-01,ZYCC-ARGUK-01,2
CN,2605,PABKI,HRB,A588,CN-2605-ZYCC-SARUL-01,ZYCC-SARUL-01,2
CN,2605,PABKI,HRB,A588,CN-2605-ZYCC-TELOK-01,ZYCC-TELOK-01,2
CN,2605,PADNO,CGO,B208,CN-2605-ZBYN-RCKH-01,ZBYN-RCKH-01,3
CN,2605,PADNO,CGO,B208,CN-2605-ZBYN-RCMQ-01,ZBYN-RCMQ-01,3
CN,2605,PADNO,CGO,B208,CN-2605-ZBYN-RCTP-01,ZBYN-RCTP-01,3
CN,2605,PADNO,CGO,B208,CN-2605-ZBYN-RCYU-01,ZBYN-RCYU-01,3
CN,2605,PADNO,CGO,B208,CN-2605-ZBYN-TAMOT-01,ZBYN-TAMOT-01,3
CN,2605,PADNO,CGO,B208,CN-2605-ZBYN-VHHH-01,ZBYN-VHHH-01,3
CN,2605,PADNO,CGO,B208,CN-2605-ZBYN-VMMC-01,ZBYN-VMMC-01,3
CN,2605,PAMRU,IGMOR,W244,CN-2605-BEKOL-ZYTX-01,BEKOL-ZYTX-01,4
CN,2605,PAMRU,IGMOR,W244,CN-2605-SAGAG-ZYTX-01,SAGAG-ZYTX-01,8
CN,2605,PAMRU,IGMOR,W244,CN-2605-TEBAK-GOLOT,TEBAK-GOLOT,6
CN,2605,PAMRU,IGMOR,W244,CN-2605-TEBAK-ZYTX-01,TEBAK-ZYTX-01,6
CN,2605,PAMRU,IGMOR,W244,CN-2605-VHHH-ZYTX-01,VHHH-ZYTX-01,4
CN,2605,PAMRU,IGMOR,W244,CN-2605-VMMC-GOLOT,VMMC-GOLOT,7
CN,2605,PAMRU,IGMOR,W244,CN-2605-VMMC-ZYTX-01,VMMC-ZYTX-01,7
CN,2605,PAMRU,LADIX,W34,CN-2605-AGAVO-B339-KAMUD,AGAVO-B339-KAMUD,5
CN,2605,PAMRU,LADIX,W34,CN-2605-AGAVO-B339-PURPA,AGAVO-B339-PURPA,5
CN,2605,PAMRU,LADIX,W34,CN-2605-AGAVO-B339-RULAD,AGAVO-B339-RULAD,5
CN,2605,PAMRU,LADIX,W34,CN-2605-AGAVO-B339-SARIN,AGAVO-B339-SARIN,5
CN,2605,PAMRU,LADIX,W34,CN-2605-AGAVO-B339-SRK,AGAVO-B339-SRK,5
CN,2605,PAMRU,LADIX,W34,CN-2605-AGAVO-B339-SRK,AGAVO-B339-SRK,18
CN,2605,PAMRU,LADIX,W34,CN-2605-AGAVO-B339-SRK,AGAVO-B339-SRK,32
CN,2605,PAMRU,LADIX,W34,CN-2605-AGAVO-POLHO,AGAVO-POLHO,5
CN,2605,PAMRU,LADIX,W34,CN-2605-ZSQD-POLHO-01,ZSQD-POLHO-01,4
CN,2605,PAMRU,LADIX,W34,CN-2605-ZSYT-POLHO-01,ZSYT-POLHO-01,3
CN,2605,PAMRU,LADIX,W34,CN-2605-ZSYT-RULAD-01,ZSYT-RULAD-01,3
CN,2605,PAMRU,LADIX,W34,CN-2605-ZSYT-SARIN-01,ZSYT-SARIN-01,3
CN,2605,PAMRU,LADIX,W34,CN-2605-ZYTL-POLHO-01,ZYTL-POLHO-01,3
CN,2605,PAMRU,VYK,W34,CN-2605-AGAVO-KAMUD,AGAVO-KAMUD,5
CN,2605,PAMRU,VYK,W34,CN-2605-AGAVO-RK,AGAVO-RK,5
CN,2605,PAMRU,VYK,W34,CN-2605-AGAVO-RK,AGAVO-RK,18
CN,2605,PAMRU,VYK,W34,CN-2605-AGAVO-RKL,AGAVO-RKL,5
CN,2605,PAMRU,VYK,W34,CN-2605-AGAVO-RKL,AGAVO-RKL,18
CN,2605,PAMRU,VYK,W34,CN-2605-AGAVO-RULAD,AGAVO-RULAD,5
CN,2605,PAMRU,VYK,W34,CN-2605-AGAVO-SARIN,AGAVO-SARIN,5
CN,2605,PAMRU,VYK,W34,CN-2605-AGAVO-W104-SARIN,AGAVO-W104-SARIN,5
CN,2605,PAMRU,VYK,W34,CN-2605-AGAVO-W112-PURPA,AGAVO-W112-PURPA,5
CN,2605,PAMRU,VYK,W34,CN-2605-AGAVO-ZBDS-01,AGAVO-ZBDS-01,5
CN,2605,PAMRU,VYK,W34,CN-2605-AGAVO-ZBHH-01,AGAVO-ZBHH-01,5
CN,2605,PAMRU,VYK,W34,CN-2605-AGAVO-ZBOW-01,AGAVO-ZBOW-01,5
CN,2605,PAMRU,VYK,W34,CN-2605-AGAVO-ZBSJ-01,AGAVO-ZBSJ-01,5
CN,2605,PAMRU,VYK,W34,CN-2605-AGAVO-ZBYN-01,AGAVO-ZBYN-01,5
CN,2605,PAMRU,VYK,W34,CN-2605-AGAVO-ZLIC-01,AGAVO-ZLIC-01,5
CN,2605,PAMRU,VYK,W34,CN-2605-AGAVO-ZLXY-01,AGAVO-ZLXY-01,5
CN,2605,PAMRU,VYK,W34,CN-2605-AGAVO-ZUTF-01,AGAVO-ZUTF-01,5
CN,2605,PAMRU,VYK,W34,CN-2605-AGAVO-ZUUU-01,AGAVO-ZUUU-01,5
CN,2605,PAMRU,VYK,W34,CN-2605-TOMUK-TAMOT,TOMUK-TAMOT,4
CN,2605,PAMRU,VYK,W34,CN-2605-TOMUK-TEBAK,TOMUK-TEBAK,4
CN,2605,PAMRU,VYK,W34,CN-2605-TOMUK-VMMC,TOMUK-VMMC,4
CN,2605,PANRA,ATERO,W212,CN-2605-KAMUD-ZBAD-02,KAMUD-ZBAD-02,5
CN,2605,PEBMO,IPDOX,W694,CN-2605-ZUTF-ARGUK-01,ZUTF-ARGUK-01,1
CN,2605,PEBMO,IPDOX,W694,CN-2605-ZUTF-POLHO-01,ZUTF-POLHO-01,1
CN,2605,PEBMO,IPDOX,W694,CN-2605-ZUUU-ARGUK-01,ZUUU-ARGUK-01,1
CN,2605,PEBMO,IPDOX,W694,CN-2605-ZUUU-NIXAL-01,ZUUU-NIXAL-01,1
CN,2605,PEBMO,IPDOX,W694,CN-2605-ZUUU-POLHO-01,ZUUU-POLHO-01,1
CN,2605,PEBMO,IPDOX,W694,CN-2605-ZUUU-SIMLI-01,ZUUU-SIMLI-01,1
CN,2605,PEGSO,AGVUR,B215,CN-2605-ZBAD-LINSO-02,ZBAD-LINSO-02,1
CN,2605,PEGSO,AGVUR,B215,CN-2605-ZBAD-NONIM-01,ZBAD-NONIM-01,1
CN,2605,PEGSO,KAPDO,B215,CN-2605-ZBTJ-LINSO-02,ZBTJ-LINSO-02,1
CN,2605,PEXEK,XSH,W105,CN-2605-ZSCN-LAMEN-01,ZSCN-LAMEN-01,1
CN,2605,PEXEK,XSH,W105,CN-2605-ZSCN-LINSO-01,ZSCN-LINSO-01,1
CN,2605,PEXEK,XSH,W105,CN-2605-ZSCN-NIXAL-01,ZSCN-NIXAL-01,1
CN,2605,PEXEK,XSH,W105,CN-2605-ZSCN-RCKH-01,ZSCN-RCKH-01,1
CN,2605,PEXEK,XSH,W105,CN-2605-ZSCN-RCTP-01,ZSCN-RCTP-01,1
CN,2605,PEXEK,XSH,W105,CN-2605-ZSCN-RCYU-01,ZSCN-RCYU-01,1
CN,2605,PEXEK,XSH,W105,CN-2605-ZSCN-RULAD-01,ZSCN-RULAD-01,1
CN,2605,PEXEK,XSH,W105,CN-2605-ZSCN-SARIN-01,ZSCN-SARIN-01,1
CN,2605,PEXUN,XKC,L888,CN-2605-BEKOL-G470/L888-SGMRK,BEKOL-G470/L888-SGMRK,43
CN,2605,PEXUN,XKC,L888,CN-2605-BEKOL-G470/L888-SGMRN,BEKOL-G470/L888-SGMRN,43
CN,2605,PEXUN,XKC,L888,CN-2605-BEKOL-G470/L888-SRK,BEKOL-G470/L888-SRK,21
CN,2605,PEXUN,XKC,L888,CN-2605-BEKOL-G470/L888-SRKL,BEKOL-G470/L888-SRKL,21
CN,2605,PEXUN,XKC,L888,CN-2605-BEKOL-G470/L888-SRL,BEKOL-G470/L888-SRL,21
CN,2605,PEXUN,XKC,L888,CN-2605-BEKOL-L888-RULAD,BEKOL-L888-RULAD,8
CN,2605,PIKAS,NTG,W109,CN-2605-LINSO-ZSNT-01,LINSO-ZSNT-01,6
CN,2605,PIKAS,NTG,W109,CN-2605-TEBAK-ZSNT-01,TEBAK-ZSNT-01,9
CN,2605,PIKAS,UNTAN,G330,CN-2605-ZSNT-LINSO-01,ZSNT-LINSO-01,2
CN,2605,PIKAS,UNTAN,G330,CN-2605-ZSNT-TEBAK-01,ZSNT-TEBAK-01,2
CN,2605,PIMOL,DALIM,A593,CN-2605-ZSPD-ARGUK-01,ZSPD-ARGUK-01,2
CN,2605,PIMOL,DALIM,A593,CN-2605-ZSPD-INTIK-01,ZSPD-INTIK-01,2
CN,2605,PIMOL,DALIM,A593,CN-2605-ZSPD-KAMUD-01,ZSPD-KAMUD-01,2
CN,2605,PIMOL,DALIM,A593,CN-2605-ZSPD-POLHO-01,ZSPD-POLHO-01,2
CN,2605,PIMOL,DALIM,A593,CN-2605-ZSPD-PURPA-01,ZSPD-PURPA-01,2
CN,2605,PIMOL,DALIM,A593,CN-2605-ZSPD-PURPA-02,ZSPD-PURPA-02,2
CN,2605,PIMOL,DALIM,A593,CN-2605-ZSPD-RULAD-01,ZSPD-RULAD-01,2
CN,2605,PIMOL,DALIM,A593,CN-2605-ZSPD-SARIN-01,ZSPD-SARIN-01,2
CN,2605,PIMOL,DALIM,A593,CN-2605-ZSPD-SIMLI-01,ZSPD-SIMLI-01,2
CN,2605,PIMOL,DALIM,A593,CN-2605-ZSSS-ARGUK-01,ZSSS-ARGUK-01,2
CN,2605,PIMOL,DALIM,A593,CN-2605-ZSSS-POLHO-01,ZSSS-POLHO-01,2
CN,2605,PIMOL,DALIM,A593,CN-2605-ZSSS-PURPA-01,ZSSS-PURPA-01,2
CN,2605,PIMOL,DALIM,A593,CN-2605-ZSSS-PURPA-02,ZSSS-PURPA-02,2
CN,2605,PIMOL,DALIM,A593,CN-2605-ZSSS-SARIN-01,ZSSS-SARIN-01,2
CN,2605,PIMOL,DALIM,A593,CN-2605-ZSSS-SIMLI-01,ZSSS-SIMLI-01,2
CN,2605,PIMOL,DALIM,A593,CN-2605-ZSWZ-POLHO-01,ZSWZ-POLHO-01,5
CN,2605,PIMOL,PK,A593,CN-2605-ZSYA-LAMEN-01,ZSYA-LAMEN-01,1
CN,2605,PIMOL,ZJ,W184,CN-2605-ZSYA-LINSO-01,ZSYA-LINSO-01,1
CN,2605,PIMOL,ZJ,W184,CN-2605-ZSYA-TAMOT-01,ZSYA-TAMOT-01,1
CN,2605,PIMOL,ZJ,W184,CN-2605-ZSYA-TEBAK-01,ZSYA-TEBAK-01,1
CN,2605,PINOT,BEGMO,W13,CN-2605-ZSQD-MAGOG-01,ZSQD-MAGOG-01,3
CN,2605,PINOT,BEGMO,W13,CN-2605-ZSQD-MAGOG-02,ZSQD-MAGOG-02,3
CN,2605,PINOT,BEGMO,W13,CN-2605-ZSQD-VHHH-01,ZSQD-VHHH-01,3
CN,2605,PINOT,BEGMO,W13,CN-2605-ZSQD-VHHH-02,ZSQD-VHHH-02,3
CN,2605,PINOT,BEGMO,W13,CN-2605-ZSQD-VMMC-01,ZSQD-VMMC-01,3
CN,2605,PINOT,BEGMO,W13,CN-2605-ZSQD-VMMC-02,ZSQD-VMMC-02,3
CN,2605,PINOT,BEGMO,W13,CN-2605-ZSQD-VMMC-03,ZSQD-VMMC-03,3
CN,2605,PINOT,GORPI,B221,CN-2605-RCTP-ZSYA-01,RCTP-ZSYA-01,3
CN,2605,PINOT,IDVEL,B221,CN-2605-MAGOG-ZSQD-01,MAGOG-ZSQD-01,5
CN,2605,PINOT,IDVEL,B221,CN-2605-RCKH-ZSQD-01,RCKH-ZSQD-01,3
CN,2605,PINOT,IDVEL,B221,CN-2605-RCMQ-ZSQD-01,RCMQ-ZSQD-01,3
CN,2605,PINOT,IDVEL,B221,CN-2605-RCTP-ZSQD-01,RCTP-ZSQD-01,3
CN,2605,PINOT,IDVEL,B221,CN-2605-RCYU-ZSQD-01,RCYU-ZSQD-01,3
CN,2605,PINOT,IDVEL,B221,CN-2605-VHHH-ZSQD-01,VHHH-ZSQD-01,5
CN,2605,PINOT,IDVEL,B221,CN-2605-VHHH-ZSQD-02,VHHH-ZSQD-02,3
CN,2605,PINOT,IDVEL,B221,CN-2605-VMMC-ZSQD-01,VMMC-ZSQD-01,5
CN,2605,PINOT,IDVEL,B221,CN-2605-VMMC-ZSQD-02,VMMC-ZSQD-02,3
CN,2605,PINOT,LASAN,W13,CN-2605-ZSQD-RCKH-01,ZSQD-RCKH-01,3
CN,2605,PINOT,LASAN,W13,CN-2605-ZSQD-RCMQ-01,ZSQD-RCMQ-01,3
CN,2605,PINOT,LASAN,W13,CN-2605-ZSQD-RCTP-01,ZSQD-RCTP-01,3
CN,2605,PINOT,LASAN,W13,CN-2605-ZSQD-RCYU-01,ZSQD-RCYU-01,3
CN,2605,PINOT,LASAN,W13,CN-2605-ZSYA-RCTP-01,ZSYA-RCTP-01,5
CN,2605,PINOT,XDX,B221,CN-2605-VHHH-ZYTL-02,VHHH-ZYTL-02,5
CN,2605,PINOT,XDX,B221,CN-2605-VHHH-ZYTL-03,VHHH-ZYTL-03,3
CN,2605,PK,AKARA,A593,CN-2605-TEBAK-AGAVO,TEBAK-AGAVO,7
CN,2605,PK,ESBAG,R343,CN-2605-LAMEN-ZSNJ-01,LAMEN-ZSNJ-01,2
CN,2605,PK,HFE,R343,CN-2605-LAMEN-ZHCC-01,LAMEN-ZHCC-01,2
CN,2605,PK,HFE,R343,CN-2605-SADLI-INTIK,SADLI-INTIK,2
CN,2605,PK,HFE,R343,CN-2605-SADLI-NIXAL,SADLI-NIXAL,2
CN,2605,PK,JTN,W116,CN-2605-INTIK-SADLI,INTIK-SADLI,7
CN,2605,PK,JTN,W116,CN-2605-LINSO-WHA-SADLI,LINSO-WHA-SADLI,4
CN,2605,PK,JTN,W116,CN-2605-NIXAL-SADLI,NIXAL-SADLI,6
CN,2605,PK,JTN,W116,CN-2605-POLHO-ZSWZ-01,POLHO-ZSWZ-01,8
CN,2605,PK,JTN,W116,CN-2605-RULAD-SADLI,RULAD-SADLI,11
CN,2605,PK,JTN,W116,CN-2605-SAGAG-SADLI,SAGAG-SADLI,3
CN,2605,PK,JTN,W116,CN-2605-TEBAK-WHA-SADLI,TEBAK-WHA-SADLI,7
CN,2605,PK,JTN,W116,CN-2605-ZBAA-LAMEN-01,ZBAA-LAMEN-01,4
CN,2605,PK,JTN,W116,CN-2605-ZBAA-RCKH-01,ZBAA-RCKH-01,4
CN,2605,PK,JTN,W116,CN-2605-ZBAA-RCTP-01,ZBAA-RCTP-01,4
CN,2605,PK,JTN,W116,CN-2605-ZBAA-RCYU-01,ZBAA-RCYU-01,4
CN,2605,PK,JTN,W116,CN-2605-ZBSJ-LAMEN-01,ZBSJ-LAMEN-01,5
CN,2605,PK,JTN,W116,CN-2605-ZBTJ-RCBS-01,ZBTJ-RCBS-01,4
CN,2605,PK,JTN,W116,CN-2605-ZBTJ-RCFN-01,ZBTJ-RCFN-01,4
CN,2605,PK,JTN,W116,CN-2605-ZBTJ-RCKH-01,ZBTJ-RCKH-01,4
CN,2605,PK,JTN,W116,CN-2605-ZBTJ-RCMQ-01,ZBTJ-RCMQ-01,4
CN,2605,PK,JTN,W116,CN-2605-ZBTJ-RCNN-01,ZBTJ-RCNN-01,4
CN,2605,PK,JTN,W116,CN-2605-ZBTJ-RCSS-01,ZBTJ-RCSS-01,4
CN,2605,PK,JTN,W116,CN-2605-ZBTJ-RCTP-01,ZBTJ-RCTP-01,4
CN,2605,PK,JTN,W116,CN-2605-ZBTJ-RCYU-01,ZBTJ-RCYU-01,4
CN,2605,PK,JTN,W116,CN-2605-ZGDY-LAMEN-01,ZGDY-LAMEN-01,4
CN,2605,PK,JTN,W116,CN-2605-ZGHA-LAMEN-01,ZGHA-LAMEN-01,4
CN,2605,PK,JTN,W116,CN-2605-ZGKL-LAMEN-01,ZGKL-LAMEN-01,6
CN,2605,PK,JTN,W116,CN-2605-ZGNN-LAMEN-01,ZGNN-LAMEN-01,6
CN,2605,PK,JTN,W116,CN-2605-ZHCC-LAMEN-01,ZHCC-LAMEN-01,5
CN,2605,PK,JTN,W116,CN-2605-ZHEC-LAMEN-01,ZHEC-LAMEN-01,2
CN,2605,PK,JTN,W116,CN-2605-ZHHH-LAMEN-01,ZHHH-LAMEN-01,2
CN,2605,PK,JTN,W116,CN-2605-ZHYC-LAMEN-01,ZHYC-LAMEN-01,4
CN,2605,PK,JTN,W116,CN-2605-ZPPP-LAMEN-01,ZPPP-LAMEN-01,4
CN,2605,PK,JTN,W116,CN-2605-ZSCN-LAMEN-01,ZSCN-LAMEN-01,4
CN,2605,PK,JTN,W116,CN-2605-ZSCN-LAMEN-02,ZSCN-LAMEN-02,4
CN,2605,PK,JTN,W116,CN-2605-ZSJN-LAMEN-01,ZSJN-LAMEN-01,2
CN,2605,PK,JTN,W116,CN-2605-ZSJN-RCKH-01,ZSJN-RCKH-01,2
CN,2605,PK,JTN,W116,CN-2605-ZSJN-RCMQ-01,ZSJN-RCMQ-01,2
CN,2605,PK,JTN,W116,CN-2605-ZSJN-RCTP-01,ZSJN-RCTP-01,2
CN,2605,PK,JTN,W116,CN-2605-ZSJN-RCYU-01,ZSJN-RCYU-01,2
CN,2605,PK,JTN,W116,CN-2605-ZSNJ-LAMEN-01,ZSNJ-LAMEN-01,2
CN,2605,PK,JTN,W116,CN-2605-ZSNT-LAMEN-01,ZSNT-LAMEN-01,3
CN,2605,PK,JTN,W116,CN-2605-ZSNT-MAGOG-01,ZSNT-MAGOG-01,3
CN,2605,PK,JTN,W116,CN-2605-ZSNT-RCTP-01,ZSNT-RCTP-01,3
CN,2605,PK,JTN,W116,CN-2605-ZSNT-VHHH-01,ZSNT-VHHH-01,3
CN,2605,PK,JTN,W116,CN-2605-ZSNT-VMMC-01,ZSNT-VMMC-01,3
CN,2605,PK,JTN,W116,CN-2605-ZSOF-LAMEN-01,ZSOF-LAMEN-01,2
CN,2605,PK,JTN,W116,CN-2605-ZSSH-LAMEN-01,ZSSH-LAMEN-01,3
CN,2605,PK,JTN,W116,CN-2605-ZSXZ-LAMEN-01,ZSXZ-LAMEN-01,3
CN,2605,PK,JTN,W116,CN-2605-ZSYA-LAMEN-01,ZSYA-LAMEN-01,2
CN,2605,PK,JTN,W116,CN-2605-ZUCK-LAMEN-01,ZUCK-LAMEN-01,3
CN,2605,PK,JTN,W116,CN-2605-ZUGY-LAMEN-01,ZUGY-LAMEN-01,5
CN,2605,PK,JTN,W116,CN-2605-ZUTF-LAMEN-01,ZUTF-LAMEN-01,3
CN,2605,PK,JTN,W116,CN-2605-ZUUU-LAMEN-01,ZUUU-LAMEN-01,3
CN,2605,PK,MADUK,R343,CN-2605-AGAVO-TEBAK,AGAVO-TEBAK,4
CN,2605,PK,MADUK,R343,CN-2605-LAMEN-ZGDY-01,LAMEN-ZGDY-01,2
CN,2605,PK,MADUK,R343,CN-2605-LAMEN-ZGHA-01,LAMEN-ZGHA-01,2
CN,2605,PK,MADUK,R343,CN-2605-LAMEN-ZGKL-01,LAMEN-ZGKL-01,2
CN,2605,PK,MADUK,R343,CN-2605-LAMEN-ZGNN-01,LAMEN-ZGNN-01,2
CN,2605,PK,MADUK,R343,CN-2605-LAMEN-ZHEC-01,LAMEN-ZHEC-01,2
CN,2605,PK,MADUK,R343,CN-2605-LAMEN-ZHHH-01,LAMEN-ZHHH-01,2
CN,2605,PK,MADUK,R343,CN-2605-LAMEN-ZHYC-01,LAMEN-ZHYC-01,2
CN,2605,PK,MADUK,R343,CN-2605-LAMEN-ZPPP-01,LAMEN-ZPPP-01,2
CN,2605,PK,MADUK,R343,CN-2605-LAMEN-ZSCN-01,LAMEN-ZSCN-01,2
CN,2605,PK,MADUK,R343,CN-2605-LAMEN-ZSCN-02,LAMEN-ZSCN-02,2
CN,2605,PK,MADUK,R343,CN-2605-LAMEN-ZSOF-01,LAMEN-ZSOF-01,2
CN,2605,PK,MADUK,R343,CN-2605-LAMEN-ZUCK-01,LAMEN-ZUCK-01,2
CN,2605,PK,MADUK,R343,CN-2605-LAMEN-ZUGY-01,LAMEN-ZUGY-01,2
CN,2605,PK,MADUK,R343,CN-2605-LAMEN-ZUTF-01,LAMEN-ZUTF-01,2
CN,2605,PK,MADUK,R343,CN-2605-LAMEN-ZUUU-01,LAMEN-ZUUU-01,2
CN,2605,PK,MADUK,R343,CN-2605-SADLI-SAGAG,SADLI-SAGAG,2
CN,2605,PK,MADUK,R343,CN-2605-SADLI-WHA-LINSO,SADLI-WHA-LINSO,2
CN,2605,PK,MADUK,R343,CN-2605-SADLI-WHA-TEBAK,SADLI-WHA-TEBAK,2
CN,2605,PK,PIMOL,G330,CN-2605-ZSWZ-POLHO-01,ZSWZ-POLHO-01,4
CN,2605,PK,XIREM,G330,CN-2605-LAMEN-ZSNT-01,LAMEN-ZSNT-01,2
CN,2605,PK,XIREM,G330,CN-2605-MAGOG-ZSNT-01,MAGOG-ZSNT-01,5
CN,2605,PK,XIREM,G330,CN-2605-RCTP-ZSNT-01,RCTP-ZSNT-01,5
CN,2605,PK,XIREM,G330,CN-2605-VHHH-ZSNT-01,VHHH-ZSNT-01,5
CN,2605,PK,XIREM,G330,CN-2605-VMMC-ZSNT-01,VMMC-ZSNT-01,5
CN,2605,PLT,ATKAV,W19,CN-2605-LAMEN-ZGSZ-01,LAMEN-ZGSZ-01,7
CN,2605,PLT,ATKAV,W19,CN-2605-SADLI-VMMC,SADLI-VMMC,7
CN,2605,PLT,ATKAV,W19,CN-2605-ZSPD-VMMC-04,ZSPD-VMMC-04,5
CN,2605,PLT,ATKAV,W19,CN-2605-ZSSS-VMMC-02,ZSSS-VMMC-02,5
CN,2605,PLT,ELNEX,A599,CN-2605-BEKOL-ZSHC-01,BEKOL-ZSHC-01,5
CN,2605,PLT,ELNEX,A599,CN-2605-BEKOL-ZSPD-01,BEKOL-ZSPD-01,5
CN,2605,PLT,ELNEX,A599,CN-2605-BEKOL-ZSSS-01,BEKOL-ZSSS-01,5
CN,2605,PLT,ELNEX,A599,CN-2605-LINSO-ZSPD-02,LINSO-ZSPD-02,7
CN,2605,PLT,ELNEX,A599,CN-2605-LINSO-ZSSS-02,LINSO-ZSSS-02,7
CN,2605,PLT,ELNEX,A599,CN-2605-TEBAK-ZSHC-01,TEBAK-ZSHC-01,7
CN,2605,PLT,ELNEX,A599,CN-2605-TEBAK-ZSNB-01,TEBAK-ZSNB-01,7
CN,2605,PLT,ELNEX,A599,CN-2605-TEBAK-ZSNB-02,TEBAK-ZSNB-02,7
CN,2605,PLT,ELNEX,A599,CN-2605-TEBAK-ZSTX-01,TEBAK-ZSTX-01,7
CN,2605,PLT,ELNEX,A599,CN-2605-VHHH-ZSTX-01,VHHH-ZSTX-01,5
CN,2605,PLT,JTN,A599,CN-2605-BEKOL-APSMS,BEKOL-APSMS,33
CN,2605,PLT,JTN,A599,CN-2605-BEKOL-SADLI,BEKOL-SADLI,5
CN,2605,PLT,JTN,A599,CN-2605-LINSO-SADLI,LINSO-SADLI,6
CN,2605,PLT,JTN,A599,CN-2605-TEBAK-SADLI,TEBAK-SADLI,7
CN,2605,PLT,JTN,A599,CN-2605-VMMC-SADLI,VMMC-SADLI,3
CN,2605,PLT,JTN,A599,CN-2605-ZGGG-LAMEN-01,ZGGG-LAMEN-01,3
CN,2605,PLT,JTN,A599,CN-2605-ZGGG-TOMUK-01,ZGGG-TOMUK-01,3
CN,2605,PLT,JTN,A599,CN-2605-ZGSZ-LAMEN-01,ZGSZ-LAMEN-01,3
CN,2605,PLT,JTN,A599,CN-2605-ZJHK-LAMEN-01,ZJHK-LAMEN-01,8
CN,2605,PLT,JTN,A599,CN-2605-ZJSY-LAMEN-01,ZJSY-LAMEN-01,8
CN,2605,PLT,JTN,A599,CN-2605-ZJSY-LAMEN-02,ZJSY-LAMEN-02,9
CN,2605,PLT,NOMAR,W19,CN-2605-AGAVO-TAMOT,AGAVO-TAMOT,9
CN,2605,PLT,NOMAR,W19,CN-2605-AGAVO-VHHH,AGAVO-VHHH,9
CN,2605,PLT,NOMAR,W19,CN-2605-LAMEN-ZJHK-01,LAMEN-ZJHK-01,7
CN,2605,PLT,NOMAR,W19,CN-2605-LAMEN-ZJSY-01,LAMEN-ZJSY-01,7
CN,2605,PLT,NOMAR,W19,CN-2605-LAMEN-ZJSY-02,LAMEN-ZJSY-02,7
CN,2605,PLT,NOMAR,W19,CN-2605-MPSMS-TAMOT,MPSMS-TAMOT,30
CN,2605,PLT,NOMAR,W19,CN-2605-MPSMS-VHHH,MPSMS-VHHH,36
CN,2605,PLT,NOMAR,W19,CN-2605-SADLI-TAMOT,SADLI-TAMOT,7
CN,2605,PLT,NOMAR,W19,CN-2605-SADLI-VHHH,SADLI-VHHH,7
CN,2605,PLT,NOMAR,W19,CN-2605-ZSHC-ASSAD-01,ZSHC-ASSAD-01,2
CN,2605,PLT,NOMAR,W19,CN-2605-ZSHC-BUNTA-01,ZSHC-BUNTA-01,2
CN,2605,PLT,NOMAR,W19,CN-2605-ZSHC-TAMOT-01,ZSHC-TAMOT-01,2
CN,2605,PLT,NOMAR,W19,CN-2605-ZSNJ-ASSAD-01,ZSNJ-ASSAD-01,4
CN,2605,PLT,NOMAR,W19,CN-2605-ZSNJ-TAMOT-01,ZSNJ-TAMOT-01,4
CN,2605,PLT,NOMAR,W19,CN-2605-ZSPD-ASSAD-01,ZSPD-ASSAD-01,5
CN,2605,PLT,NOMAR,W19,CN-2605-ZSPD-TAMOT-01,ZSPD-TAMOT-01,5
CN,2605,PLT,NOMAR,W19,CN-2605-ZSPD-VHHH-03,ZSPD-VHHH-03,5
CN,2605,PLT,NOMAR,W19,CN-2605-ZSSS-ASSAD-01,ZSSS-ASSAD-01,5
CN,2605,PLT,NOMAR,W19,CN-2605-ZSSS-TAMOT-01,ZSSS-TAMOT-01,5
CN,2605,PLT,NOMAR,W19,CN-2605-ZSSS-VHHH-02,ZSSS-VHHH-02,5
CN,2605,PLT,NOMAR,W19,CN-2605-ZSTX-VHHH-01,ZSTX-VHHH-01,2
CN,2605,PLT,NOMAR,W19,CN-2605-ZSXZ-TAMOT-01,ZSXZ-TAMOT-01,5
CN,2605,PLT,NOMAR,W19,CN-2605-ZSYA-TAMOT-01,ZSYA-TAMOT-01,6
CN,2605,PLT,OLPAB,W19,CN-2605-LAMEN-ZGGG-01,LAMEN-ZGGG-01,7
CN,2605,PLT,OSONO,W19,CN-2605-BEKOL-ZSCN-01,BEKOL-ZSCN-01,5
CN,2605,PLT,OSONO,W19,CN-2605-RCKH-ZSCN-02,RCKH-ZSCN-02,5
CN,2605,PLT,OSONO,W19,CN-2605-VHHH-ZSCN-01,VHHH-ZSCN-01,5
CN,2605,PLT,OSONO,W19,CN-2605-VMMC-ZSCN-01,VMMC-ZSCN-01,3
CN,2605,PLT,PUD,A599,CN-2605-BEKOL-AGAVO,BEKOL-AGAVO,5
CN,2605,PLT,TUPGA,A599,CN-2605-BEKOL-ZSNJ-01,BEKOL-ZSNJ-01,5
CN,2605,PLT,TUPGA,A599,CN-2605-BEKOL-ZSXZ-01,BEKOL-ZSXZ-01,5
CN,2605,POLHO,BEKOL,DCT,CN-2605-BEKOL-APSMS,BEKOL-APSMS,12
CN,2605,POLHO,HET,G218,CN-2605-POLHO-ZLXY-01,POLHO-ZLXY-01,1
CN,2605,POLHO,HET,G218,CN-2605-POLHO-ZUCK-01,POLHO-ZUCK-01,1
CN,2605,POLHO,HET,G218,CN-2605-POLHO-ZUTF-01,POLHO-ZUTF-01,1
CN,2605,POLHO,HET,G218,CN-2605-POLHO-ZUUU-01,POLHO-ZUUU-01,1
CN,2605,POLHO,HET,G218,CN-2605-POLHO-ZUUU-02,POLHO-ZUUU-02,1
CN,2605,POLHO,NUVPU,W33,CN-2605-POLHO-ZSAM-01,POLHO-ZSAM-01,1
CN,2605,POLHO,NUVPU,W33,CN-2605-POLHO-ZSFZ-01,POLHO-ZSFZ-01,1
CN,2605,POLHO,NUVPU,W33,CN-2605-POLHO-ZSHC-01,POLHO-ZSHC-01,1
CN,2605,POLHO,NUVPU,W33,CN-2605-POLHO-ZSJN-01,POLHO-ZSJN-01,1
CN,2605,POLHO,NUVPU,W33,CN-2605-POLHO-ZSNJ-01,POLHO-ZSNJ-01,1
CN,2605,POLHO,NUVPU,W33,CN-2605-POLHO-ZSPD-01,POLHO-ZSPD-01,1
CN,2605,POLHO,NUVPU,W33,CN-2605-POLHO-ZSSS-01,POLHO-ZSSS-01,1
CN,2605,POLHO,NUVPU,W33,CN-2605-POLHO-ZSWZ-01,POLHO-ZSWZ-01,1
CN,2605,POLHO,TMR,G218,CN-2605-MPSMS-TAMOT,MPSMS-TAMOT,7
CN,2605,POLHO,TMR,G218,CN-2605-MPSMS-VHHH,MPSMS-VHHH,9
CN,2605,POLHO,TMR,G218,CN-2605-POLHO-VHHH,POLHO-VHHH,1
CN,2605,POLHO,TMR,G218,CN-2605-POLHO-ZBAA-01,POLHO-ZBAA-01,1
CN,2605,POLHO,TMR,G218,CN-2605-POLHO-ZBAD-01,POLHO-ZBAD-01,1
CN,2605,POLHO,TMR,G218,CN-2605-POLHO-ZGGG-01,POLHO-ZGGG-01,1
CN,2605,POLHO,TMR,G218,CN-2605-POLHO-ZGSZ-01,POLHO-ZGSZ-01,1
CN,2605,POLHO,TMR,G218,CN-2605-POLHO-ZHHH-01,POLHO-ZHHH-01,1
CN,2605,POLHO,TMR,G218,CN-2605-POLHO-ZJSY-01,POLHO-ZJSY-01,1
CN,2605,POLHO,UKDUM,W33,CN-2605-POLHO-AGAVO,POLHO-AGAVO,1
CN,2605,POLHO,UKDUM,W33,CN-2605-POLHO-ZSQD-01,POLHO-ZSQD-01,1
CN,2605,POLHO,UKDUM,W33,CN-2605-POLHO-ZSQD-02,POLHO-ZSQD-02,1
CN,2605,POLHO,UKDUM,W33,CN-2605-POLHO-ZYTL-01,POLHO-ZYTL-01,1
CN,2605,POMOK,PIMOL,G330,CN-2605-ZSPD-ARGUK-01,ZSPD-ARGUK-01,1
CN,2605,POMOK,PIMOL,G330,CN-2605-ZSPD-INTIK-01,ZSPD-INTIK-01,1
CN,2605,POMOK,PIMOL,G330,CN-2605-ZSPD-KAMUD-01,ZSPD-KAMUD-01,1
CN,2605,POMOK,PIMOL,G330,CN-2605-ZSPD-POLHO-01,ZSPD-POLHO-01,1
CN,2605,POMOK,PIMOL,G330,CN-2605-ZSPD-PURPA-01,ZSPD-PURPA-01,1
CN,2605,POMOK,PIMOL,G330,CN-2605-ZSPD-PURPA-02,ZSPD-PURPA-02,1
CN,2605,POMOK,PIMOL,G330,CN-2605-ZSPD-RULAD-01,ZSPD-RULAD-01,1
CN,2605,POMOK,PIMOL,G330,CN-2605-ZSPD-SARIN-01,ZSPD-SARIN-01,1
CN,2605,POMOK,PIMOL,G330,CN-2605-ZSPD-SIMLI-01,ZSPD-SIMLI-01,1
CN,2605,POMOK,PIMOL,G330,CN-2605-ZSSS-ARGUK-01,ZSSS-ARGUK-01,1
CN,2605,POMOK,PIMOL,G330,CN-2605-ZSSS-POLHO-01,ZSSS-POLHO-01,1
CN,2605,POMOK,PIMOL,G330,CN-2605-ZSSS-PURPA-01,ZSSS-PURPA-01,1
CN,2605,POMOK,PIMOL,G330,CN-2605-ZSSS-PURPA-02,ZSSS-PURPA-02,1
CN,2605,POMOK,PIMOL,G330,CN-2605-ZSSS-SARIN-01,ZSSS-SARIN-01,1
CN,2605,POMOK,PIMOL,G330,CN-2605-ZSSS-SIMLI-01,ZSSS-SIMLI-01,1
CN,2605,POMOK,UNTAN,G330,CN-2605-ZSPD-LINSO-01,ZSPD-LINSO-01,1
CN,2605,POMOK,UNTAN,G330,CN-2605-ZSPD-NIXAL-01,ZSPD-NIXAL-01,1
CN,2605,POMOK,UNTAN,G330,CN-2605-ZSPD-TEBAK-01,ZSPD-TEBAK-01,1
CN,2605,POMOK,UNTAN,G330,CN-2605-ZSSS-LINSO-01,ZSSS-LINSO-01,1
CN,2605,POMOK,UNTAN,G330,CN-2605-ZSSS-NIXAL-01,ZSSS-NIXAL-01,1
CN,2605,POMOK,UNTAN,G330,CN-2605-ZSSS-TEBAK-01,ZSSS-TEBAK-01,1
CN,2605,PONAB,BEGMO,W13,CN-2605-ZSPD-ASSAD-02,ZSPD-ASSAD-02,1
CN,2605,PONAB,BEGMO,W13,CN-2605-ZSPD-MAGOG-01,ZSPD-MAGOG-01,1
CN,2605,PONAB,BEGMO,W13,CN-2605-ZSPD-MAGOG-02,ZSPD-MAGOG-02,1
CN,2605,PONAB,BEGMO,W13,CN-2605-ZSPD-VHHH-01,ZSPD-VHHH-01,1
CN,2605,PONAB,BEGMO,W13,CN-2605-ZSPD-VHHH-02,ZSPD-VHHH-02,1
CN,2605,PONAB,BEGMO,W13,CN-2605-ZSPD-VMMC-01,ZSPD-VMMC-01,1
CN,2605,PONAB,BEGMO,W13,CN-2605-ZSPD-VMMC-02,ZSPD-VMMC-02,1
CN,2605,PONAB,BEGMO,W13,CN-2605-ZSPD-VMMC-03,ZSPD-VMMC-03,1
CN,2605,PONAB,OKATO,W13,CN-2605-ZSPD-RCKH-02,ZSPD-RCKH-02,1
CN,2605,PONAB,OKATO,W13,CN-2605-ZSPD-RCTP-02,ZSPD-RCTP-02,1
CN,2605,PORAP,NUMKU,W222,CN-2605-ZJSY-BISUN-02,ZJSY-BISUN-02,1
CN,2605,PORAP,NUMKU,W222,CN-2605-ZJSY-MORIT-01,ZJSY-MORIT-01,1
CN,2605,PORAP,NUMKU,W222,CN-2605-ZJSY-NIXAL-02,ZJSY-NIXAL-02,1
CN,2605,PORAP,NUMKU,W222,CN-2605-ZJSY-RULAD-01,ZJSY-RULAD-01,1
CN,2605,PORAP,NUMKU,W222,CN-2605-ZJSY-RULAD-02,ZJSY-RULAD-02,1
CN,2605,PORAP,NUMKU,W222,CN-2605-ZJSY-SARIN-01,ZJSY-SARIN-01,1
CN,2605,PORAP,NUMKU,W222,CN-2605-ZJSY-SARIN-02,ZJSY-SARIN-02,1
CN,2605,PORAP,NUMKU,W222,CN-2605-ZJSY-TEBAK-01,ZJSY-TEBAK-01,1
CN,2605,PORAP,SAMAS,W222,CN-2605-ZJSY-ARGUK-01,ZJSY-ARGUK-01,1
CN,2605,PORAP,SAMAS,W222,CN-2605-ZJSY-BISUN-01,ZJSY-BISUN-01,1
CN,2605,PORAP,SAMAS,W222,CN-2605-ZJSY-LAMEN-01,ZJSY-LAMEN-01,1
CN,2605,PORAP,SAMAS,W222,CN-2605-ZJSY-NIXAL-01,ZJSY-NIXAL-01,1
CN,2605,PORAP,SAMAS,W222,CN-2605-ZJSY-POLHO-01,ZJSY-POLHO-01,1
CN,2605,PORAP,SAMAS,W222,CN-2605-ZJSY-RCKH-01,ZJSY-RCKH-01,1
CN,2605,PORAP,SAMAS,W222,CN-2605-ZJSY-RCMQ-01,ZJSY-RCMQ-01,1
CN,2605,PORAP,SAMAS,W222,CN-2605-ZJSY-RCTP-01,ZJSY-RCTP-01,1
CN,2605,PORAP,SAMAS,W222,CN-2605-ZJSY-RCYU-01,ZJSY-RCYU-01,1
CN,2605,PORAP,SAMAS,W222,CN-2605-ZJSY-SIKOU-01,ZJSY-SIKOU-01,1
CN,2605,PORAP,SAMAS,W222,CN-2605-ZJSY-SIMLI-01,ZJSY-SIMLI-01,1
CN,2605,PORAP,SAMAS,W222,CN-2605-ZJSY-VHHH-01,ZJSY-VHHH-01,1
CN,2605,PORAP,SAMAS,W222,CN-2605-ZJSY-VMMC-01,ZJSY-VMMC-01,1
CN,2605,POSOT,EPDAG,B215,CN-2605-RULAD-ZWWW-02,RULAD-ZWWW-02,2
CN,2605,POSOT,FKG,B215,CN-2605-RK-AGAVO,RK-AGAVO,2
CN,2605,POSOT,FKG,B215,CN-2605-RKL-AGAVO,RKL-AGAVO,2
CN,2605,POSOT,FKG,B215,CN-2605-RULAD-AGAVO,RULAD-AGAVO,2
CN,2605,POSOT,FKG,B215,CN-2605-RULAD-G470-SAGAG,RULAD-G470-SAGAG,2
CN,2605,POSOT,FKG,B215,CN-2605-RULAD-G470-TAMOT,RULAD-G470-TAMOT,2
CN,2605,POSOT,FKG,B215,CN-2605-RULAD-G470-VHHH,RULAD-G470-VHHH,2
CN,2605,POSOT,FKG,B215,CN-2605-RULAD-LINSO,RULAD-LINSO,2
CN,2605,POSOT,FKG,B215,CN-2605-RULAD-SADLI,RULAD-SADLI,2
CN,2605,POSOT,FKG,B215,CN-2605-RULAD-SAGAG,RULAD-SAGAG,2
CN,2605,POSOT,FKG,B215,CN-2605-RULAD-TAMOT,RULAD-TAMOT,2
CN,2605,POSOT,FKG,B215,CN-2605-RULAD-TEBUS,RULAD-TEBUS,2
CN,2605,POSOT,FKG,B215,CN-2605-RULAD-VHHH,RULAD-VHHH,2
CN,2605,POSOT,FKG,B215,CN-2605-RULAD-VMMC,RULAD-VMMC,2
CN,2605,POSOT,FKG,B215,CN-2605-RULAD-ZBAA-01,RULAD-ZBAA-01,2
CN,2605,POSOT,FKG,B215,CN-2605-RULAD-ZBAD-01,RULAD-ZBAD-01,2
CN,2605,POSOT,FKG,B215,CN-2605-RULAD-ZBTJ-01,RULAD-ZBTJ-01,2
CN,2605,POSOT,FKG,B215,CN-2605-RULAD-ZGGG-01,RULAD-ZGGG-01,2
CN,2605,POSOT,FKG,B215,CN-2605-RULAD-ZGSZ-01,RULAD-ZGSZ-01,2
CN,2605,POSOT,FKG,B215,CN-2605-RULAD-ZHCC-01,RULAD-ZHCC-01,2
CN,2605,POSOT,FKG,B215,CN-2605-RULAD-ZJHK-01,RULAD-ZJHK-01,2
CN,2605,POSOT,FKG,B215,CN-2605-RULAD-ZJHK-02,RULAD-ZJHK-02,2
CN,2605,POSOT,FKG,B215,CN-2605-RULAD-ZJSY-01,RULAD-ZJSY-01,2
CN,2605,POSOT,FKG,B215,CN-2605-RULAD-ZJSY-02,RULAD-ZJSY-02,2
CN,2605,POSOT,FKG,B215,CN-2605-RULAD-ZLLL-01,RULAD-ZLLL-01,2
CN,2605,POSOT,FKG,B215,CN-2605-RULAD-ZLXY-01,RULAD-ZLXY-01,2
CN,2605,POSOT,FKG,B215,CN-2605-RULAD-ZLXY-02,RULAD-ZLXY-02,2
CN,2605,POSOT,FKG,B215,CN-2605-RULAD-ZSPD-01,RULAD-ZSPD-01,2
CN,2605,POSOT,FKG,B215,CN-2605-RULAD-ZSYT-01,RULAD-ZSYT-01,2
CN,2605,POSOT,FKG,B215,CN-2605-RULAD-ZUCK-01,RULAD-ZUCK-01,2
CN,2605,POSOT,FKG,B215,CN-2605-RULAD-ZUTF-01,RULAD-ZUTF-01,2
CN,2605,POSOT,FKG,B215,CN-2605-RULAD-ZUUU-01,RULAD-ZUUU-01,2
CN,2605,POSOT,FKG,B215,CN-2605-SGMRK-G470-TAMOT,SGMRK-G470-TAMOT,27
CN,2605,POSOT,FKG,B215,CN-2605-SGMRK-G470-VHHH,SGMRK-G470-VHHH,27
CN,2605,POSOT,FKG,B215,CN-2605-SGMRN-G470-TAMOT,SGMRN-G470-TAMOT,27
CN,2605,POSOT,FKG,B215,CN-2605-SGMRN-G470-VHHH,SGMRN-G470-VHHH,27
CN,2605,POSOT,FKG,B215,CN-2605-SRK-AGAVO,SRK-AGAVO,13
CN,2605,POSOT,FKG,B215,CN-2605-SRK-TAMOT,SRK-TAMOT,11
CN,2605,POSOT,FKG,B215,CN-2605-SRK-VHHH,SRK-VHHH,11
CN,2605,POSOT,FKG,B215,CN-2605-SRKL-VHHH,SRKL-VHHH,10
CN,2605,POSOT,FKG,B215,CN-2605-SRKL-W191-TAMOT,SRKL-W191-TAMOT,11
CN,2605,POSOT,FKG,B215,CN-2605-SRKL-W191-VHHH,SRKL-W191-VHHH,11
CN,2605,POSOT,FKG,B215,CN-2605-SRL-TAMOT,SRL-TAMOT,10
CN,2605,POSOT,FKG,B215,CN-2605-SRL-VHHH,SRL-VHHH,10
CN,2605,POSOT,FKG,B215,CN-2605-SRL-W191-TAMOT,SRL-W191-TAMOT,11
CN,2605,POSOT,FKG,B215,CN-2605-SRL-W191-VHHH,SRL-W191-VHHH,11
CN,2605,POU,SAREX,W7,CN-2605-AGVUT-ZGSZ-01R,AGVUT-ZGSZ-01R,10
CN,2605,POU,SAREX,W7,CN-2605-BISUN-VMMC,BISUN-VMMC,7
CN,2605,POU,SAREX,W7,CN-2605-BISUN-ZGSZ-01,BISUN-ZGSZ-01,7
CN,2605,POU,SAREX,W7,CN-2605-GOLOT-VMMC,GOLOT-VMMC,8
CN,2605,POU,SAREX,W7,CN-2605-GOPTO-ZGSZ-01,GOPTO-ZGSZ-01,9
CN,2605,POU,SAREX,W7,CN-2605-GOPTO-ZGSZ-02,GOPTO-ZGSZ-02,10
CN,2605,POU,SAREX,W7,CN-2605-INTIK-ZGSZ-01,INTIK-ZGSZ-01,6
CN,2605,POU,SAREX,W7,CN-2605-LAMEN-ZGSZ-01,LAMEN-ZGSZ-01,11
CN,2605,POU,SAREX,W7,CN-2605-LINSO-VMMC,LINSO-VMMC,2
CN,2605,POU,SAREX,W7,CN-2605-LINSO-ZGSZ-01,LINSO-ZGSZ-01,2
CN,2605,POU,SAREX,W7,CN-2605-MAGIT-ZGSZ-01,MAGIT-ZGSZ-01,6
CN,2605,POU,SAREX,W7,CN-2605-MORIT-VMMC,MORIT-VMMC,4
CN,2605,POU,SAREX,W7,CN-2605-MORIT-ZGSZ-01,MORIT-ZGSZ-01,4
CN,2605,POU,SAREX,W7,CN-2605-NIXAL-ZGSZ-01,NIXAL-ZGSZ-01,6
CN,2605,POU,SAREX,W7,CN-2605-POLHO-ZGSZ-01,POLHO-ZGSZ-01,6
CN,2605,POU,SAREX,W7,CN-2605-RULAD-VMMC,RULAD-VMMC,8
CN,2605,POU,SAREX,W7,CN-2605-RULAD-ZGSZ-01,RULAD-ZGSZ-01,9
CN,2605,POU,SAREX,W7,CN-2605-SADLI-VMMC,SADLI-VMMC,11
CN,2605,POU,SAREX,W7,CN-2605-SARIN-ZGSZ-01,SARIN-ZGSZ-01,8
CN,2605,POU,SAREX,W7,CN-2605-SARIN-ZGSZ-02,SARIN-ZGSZ-02,7
CN,2605,POU,SAREX,W7,CN-2605-SIMLI-ZGSZ-01,SIMLI-ZGSZ-01,6
CN,2605,POU,SAREX,W7,CN-2605-TEBAK-VMMC,TEBAK-VMMC,3
CN,2605,POU,SAREX,W7,CN-2605-TEBAK-ZGSZ-01,TEBAK-ZGSZ-01,3
CN,2605,POU,SAREX,W7,CN-2605-TOMUK-VMMC,TOMUK-VMMC,8
CN,2605,POU,SAREX,W7,CN-2605-ZBAA-VMMC-01,ZBAA-VMMC-01,6
CN,2605,POU,SAREX,W7,CN-2605-ZBAD-VMMC-01,ZBAD-VMMC-01,4
CN,2605,POU,SAREX,W7,CN-2605-ZBSJ-VMMC-01,ZBSJ-VMMC-01,5
CN,2605,POU,SAREX,W7,CN-2605-ZBTJ-VMMC-01,ZBTJ-VMMC-01,4
CN,2605,POU,SAREX,W7,CN-2605-ZBYN-VMMC-01,ZBYN-VMMC-01,9
CN,2605,POU,SAREX,W7,CN-2605-ZGHA-VMMC-01,ZGHA-VMMC-01,4
CN,2605,POU,SAREX,W7,CN-2605-ZGKL-VMMC-01,ZGKL-VMMC-01,2
CN,2605,POU,SAREX,W7,CN-2605-ZGNN-VMMC-01,ZGNN-VMMC-01,3
CN,2605,POU,SAREX,W7,CN-2605-ZHCC-VMMC-01,ZHCC-VMMC-01,4
CN,2605,POU,SAREX,W7,CN-2605-ZHHH-VMMC-01,ZHHH-VMMC-01,4
CN,2605,POU,SAREX,W7,CN-2605-ZLLL-VMMC-01,ZLLL-VMMC-01,4
CN,2605,POU,SAREX,W7,CN-2605-ZLXY-VMMC-01,ZLXY-VMMC-01,9
CN,2605,POU,SAREX,W7,CN-2605-ZPPP-VMMC-01,ZPPP-VMMC-01,2
CN,2605,POU,SAREX,W7,CN-2605-ZSCN-VMMC-01,ZSCN-VMMC-01,5
CN,2605,POU,SAREX,W7,CN-2605-ZSOF-VMMC-02,ZSOF-VMMC-02,6
CN,2605,POU,SAREX,W7,CN-2605-ZSPD-VMMC-04,ZSPD-VMMC-04,9
CN,2605,POU,SAREX,W7,CN-2605-ZSSS-VMMC-02,ZSSS-VMMC-02,9
CN,2605,POU,SAREX,W7,CN-2605-ZUCK-VMMC-01,ZUCK-VMMC-01,5
CN,2605,POU,SAREX,W7,CN-2605-ZUGY-VMMC-01,ZUGY-VMMC-01,4
CN,2605,POU,SAREX,W7,CN-2605-ZUTF-VMMC-01,ZUTF-VMMC-01,5
CN,2605,POU,SAREX,W7,CN-2605-ZUUU-VMMC-01,ZUUU-VMMC-01,4
CN,2605,POU,SAREX,W7,CN-2605-ZWWW-VMMC-01,ZWWW-VMMC-01,10
CN,2605,POU,SAREX,W7,CN-2605-ZYHB-VMMC-01,ZYHB-VMMC-01,6
CN,2605,POU,SAREX,W7,CN-2605-ZYTX-VMMC-01,ZYTX-VMMC-01,7
CN,2605,POU,SHL,G471,CN-2605-LINSO-SADLI,LINSO-SADLI,2
CN,2605,POU,SHL,G471,CN-2605-LINSO-ZSAM-01,LINSO-ZSAM-01,2
CN,2605,POU,SHL,G471,CN-2605-LINSO-ZSFZ-01,LINSO-ZSFZ-01,2
CN,2605,POU,SHL,G471,CN-2605-LINSO-ZSPD-02,LINSO-ZSPD-02,3
CN,2605,POU,SHL,G471,CN-2605-LINSO-ZSSS-02,LINSO-ZSSS-02,3
CN,2605,POU,SHL,G471,CN-2605-TEBAK-SADLI,TEBAK-SADLI,3
CN,2605,POU,SHL,G471,CN-2605-TEBAK-ZSAM-01,TEBAK-ZSAM-01,3
CN,2605,POU,SHL,G471,CN-2605-TEBAK-ZSHC-01,TEBAK-ZSHC-01,3
CN,2605,POU,SHL,G471,CN-2605-TEBAK-ZSNB-01,TEBAK-ZSNB-01,3
CN,2605,POU,SHL,G471,CN-2605-TEBAK-ZSNB-02,TEBAK-ZSNB-02,3
CN,2605,POU,SHL,G471,CN-2605-TEBAK-ZSTX-01,TEBAK-ZSTX-01,3
CN,2605,POU,SHL,G471,CN-2605-ZGKL-RCKH-01,ZGKL-RCKH-01,2
CN,2605,POU,SHL,G471,CN-2605-ZGKL-RCTP-01,ZGKL-RCTP-01,2
CN,2605,POU,SHL,G471,CN-2605-ZGKL-RCYU-01,ZGKL-RCYU-01,2
CN,2605,POU,SHL,G471,CN-2605-ZGNN-RCKH-01,ZGNN-RCKH-01,3
CN,2605,POU,SHL,G471,CN-2605-ZGNN-RCTP-01,ZGNN-RCTP-01,3
CN,2605,POU,SHL,G471,CN-2605-ZGNN-RCYU-01,ZGNN-RCYU-01,3
CN,2605,POU,SHL,G471,CN-2605-ZLXN-RCTP-01,ZLXN-RCTP-01,5
CN,2605,POU,SHL,G471,CN-2605-ZPLJ-RCTP-01,ZPLJ-RCTP-01,4
CN,2605,POU,SHL,G471,CN-2605-ZPPP-RCBS-01,ZPPP-RCBS-01,2
CN,2605,POU,SHL,G471,CN-2605-ZPPP-RCKH-01,ZPPP-RCKH-01,2
CN,2605,POU,SHL,G471,CN-2605-ZPPP-RCMQ-01,ZPPP-RCMQ-01,2
CN,2605,POU,SHL,G471,CN-2605-ZPPP-RCTP-01,ZPPP-RCTP-01,2
CN,2605,POU,SHL,G471,CN-2605-ZPPP-RCYU-01,ZPPP-RCYU-01,2
CN,2605,POU,SHL,G471,CN-2605-ZUCK-RCKH-01,ZUCK-RCKH-01,5
CN,2605,POU,SHL,G471,CN-2605-ZUCK-RCMQ-01,ZUCK-RCMQ-01,5
CN,2605,POU,SHL,G471,CN-2605-ZUCK-RCSS-01,ZUCK-RCSS-01,5
CN,2605,POU,SHL,G471,CN-2605-ZUCK-RCTP-01,ZUCK-RCTP-01,5
CN,2605,POU,SHL,G471,CN-2605-ZUCK-RCYU-01,ZUCK-RCYU-01,5
CN,2605,POU,SHL,G471,CN-2605-ZUGY-RCKH-01,ZUGY-RCKH-01,4
CN,2605,POU,SHL,G471,CN-2605-ZUGY-RCTP-01,ZUGY-RCTP-01,4
CN,2605,POU,SHL,G471,CN-2605-ZUGY-RCYU-01,ZUGY-RCYU-01,4
CN,2605,POU,SHL,G471,CN-2605-ZUTF-RCSS-01,ZUTF-RCSS-01,5
CN,2605,POU,SHL,G471,CN-2605-ZUTF-RCTP-01,ZUTF-RCTP-01,5
CN,2605,POU,SHL,G471,CN-2605-ZUUU-RCKH-01,ZUUU-RCKH-01,4
CN,2605,POU,SHL,G471,CN-2605-ZUUU-RCMQ-01,ZUUU-RCMQ-01,4
CN,2605,POU,SHL,G471,CN-2605-ZUUU-RCSS-01,ZUUU-RCSS-01,4
CN,2605,POU,SHL,G471,CN-2605-ZUUU-RCTP-01,ZUUU-RCTP-01,4
CN,2605,POU,SHL,G471,CN-2605-ZUUU-RCYU-01,ZUUU-RCYU-01,4
CN,2605,POU,SIERA,R473,CN-2605-GOPTO-VHHH,GOPTO-VHHH,7
CN,2605,POU,SIERA,R473,CN-2605-KAMUD-G470-VHHH,KAMUD-G470-VHHH,9
CN,2605,POU,SIERA,R473,CN-2605-KAMUD-VHHH,KAMUD-VHHH,8
CN,2605,POU,SIERA,R473,CN-2605-KAMUD-W186-VHHH,KAMUD-W186-VHHH,9
CN,2605,POU,SIERA,R473,CN-2605-KAMUD-Y1-VHHH,KAMUD-Y1-VHHH,7
CN,2605,POU,SIERA,R473,CN-2605-LINSO-VHHH,LINSO-VHHH,2
CN,2605,POU,SIERA,R473,CN-2605-MN-VHHH,MN-VHHH,4
CN,2605,POU,SIERA,R473,CN-2605-MORIT-VHHH,MORIT-VHHH,4
CN,2605,POU,SIERA,R473,CN-2605-MPSMS-VHHH,MPSMS-VHHH,28
CN,2605,POU,SIERA,R473,CN-2605-PURPA-W112-VHHH,PURPA-W112-VHHH,7
CN,2605,POU,SIERA,R473,CN-2605-RULAD-G470-VHHH,RULAD-G470-VHHH,9
CN,2605,POU,SIERA,R473,CN-2605-RULAD-L888-VHHH,RULAD-L888-VHHH,9
CN,2605,POU,SIERA,R473,CN-2605-RULAD-VHHH,RULAD-VHHH,8
CN,2605,POU,SIERA,R473,CN-2605-RULAD-Y1-VHHH,RULAD-Y1-VHHH,8
CN,2605,POU,SIERA,R473,CN-2605-SARIN-G470-VHHH,SARIN-G470-VHHH,8
CN,2605,POU,SIERA,R473,CN-2605-SARIN-VHHH,SARIN-VHHH,7
CN,2605,POU,SIERA,R473,CN-2605-SG-G470-VHHH,SG-G470-VHHH,8
CN,2605,POU,SIERA,R473,CN-2605-SG-G470-VHHH,SG-G470-VHHH,19
CN,2605,POU,SIERA,R473,CN-2605-SGM-G470-VHHH,SGM-G470-VHHH,8
CN,2605,POU,SIERA,R473,CN-2605-SGM-G470-VHHH,SGM-G470-VHHH,19
CN,2605,POU,SIERA,R473,CN-2605-SGM-G470-VHHH,SGM-G470-VHHH,24
CN,2605,POU,SIERA,R473,CN-2605-SGM-VHHH,SGM-VHHH,7
CN,2605,POU,SIERA,R473,CN-2605-SGM-VHHH,SGM-VHHH,15
CN,2605,POU,SIERA,R473,CN-2605-SGM-VHHH,SGM-VHHH,20
CN,2605,POU,SIERA,R473,CN-2605-SGMN-G470-VHHH,SGMN-G470-VHHH,8
CN,2605,POU,SIERA,R473,CN-2605-SGMN-G470-VHHH,SGMN-G470-VHHH,19
CN,2605,POU,SIERA,R473,CN-2605-SGMN-G470-VHHH,SGMN-G470-VHHH,24
CN,2605,POU,SIERA,R473,CN-2605-SGMN-VHHH,SGMN-VHHH,7
CN,2605,POU,SIERA,R473,CN-2605-SGMN-VHHH,SGMN-VHHH,18
CN,2605,POU,SIERA,R473,CN-2605-SGMN-VHHH,SGMN-VHHH,23
CN,2605,POU,SIERA,R473,CN-2605-SGMRK-G470-VHHH,SGMRK-G470-VHHH,8
CN,2605,POU,SIERA,R473,CN-2605-SGMRK-G470-VHHH,SGMRK-G470-VHHH,19
CN,2605,POU,SIERA,R473,CN-2605-SGMRK-G470-VHHH,SGMRK-G470-VHHH,24
CN,2605,POU,SIERA,R473,CN-2605-SGMRK-G470-VHHH,SGMRK-G470-VHHH,34
CN,2605,POU,SIERA,R473,CN-2605-SGMRK-G470-VHHH,SGMRK-G470-VHHH,44
CN,2605,POU,SIERA,R473,CN-2605-SGMRK-G470/L888-VHHH,SGMRK-G470/L888-VHHH,8
CN,2605,POU,SIERA,R473,CN-2605-SGMRK-G470/L888-VHHH,SGMRK-G470/L888-VHHH,19
CN,2605,POU,SIERA,R473,CN-2605-SGMRK-G470/L888-VHHH,SGMRK-G470/L888-VHHH,24
CN,2605,POU,SIERA,R473,CN-2605-SGMRK-G470/L888-VHHH,SGMRK-G470/L888-VHHH,34
CN,2605,POU,SIERA,R473,CN-2605-SGMRK-G470/L888-VHHH,SGMRK-G470/L888-VHHH,42
CN,2605,POU,SIERA,R473,CN-2605-SGMRK-G470/Y1-VHHH,SGMRK-G470/Y1-VHHH,8
CN,2605,POU,SIERA,R473,CN-2605-SGMRK-G470/Y1-VHHH,SGMRK-G470/Y1-VHHH,19
CN,2605,POU,SIERA,R473,CN-2605-SGMRK-G470/Y1-VHHH,SGMRK-G470/Y1-VHHH,24
CN,2605,POU,SIERA,R473,CN-2605-SGMRK-G470/Y1-VHHH,SGMRK-G470/Y1-VHHH,33
CN,2605,POU,SIERA,R473,CN-2605-SGMRK-G470/Y1-VHHH,SGMRK-G470/Y1-VHHH,41
CN,2605,POU,SIERA,R473,CN-2605-SGMRN-G470-VHHH,SGMRN-G470-VHHH,8
CN,2605,POU,SIERA,R473,CN-2605-SGMRN-G470-VHHH,SGMRN-G470-VHHH,19
CN,2605,POU,SIERA,R473,CN-2605-SGMRN-G470-VHHH,SGMRN-G470-VHHH,24
CN,2605,POU,SIERA,R473,CN-2605-SGMRN-G470-VHHH,SGMRN-G470-VHHH,34
CN,2605,POU,SIERA,R473,CN-2605-SGMRN-G470/L888-VHHH,SGMRN-G470/L888-VHHH,8
CN,2605,POU,SIERA,R473,CN-2605-SGMRN-G470/L888-VHHH,SGMRN-G470/L888-VHHH,19
CN,2605,POU,SIERA,R473,CN-2605-SGMRN-G470/L888-VHHH,SGMRN-G470/L888-VHHH,24
CN,2605,POU,SIERA,R473,CN-2605-SGMRN-G470/L888-VHHH,SGMRN-G470/L888-VHHH,34
CN,2605,POU,SIERA,R473,CN-2605-SGMRN-G470/Y1-VHHH,SGMRN-G470/Y1-VHHH,8
CN,2605,POU,SIERA,R473,CN-2605-SGMRN-G470/Y1-VHHH,SGMRN-G470/Y1-VHHH,19
CN,2605,POU,SIERA,R473,CN-2605-SGMRN-G470/Y1-VHHH,SGMRN-G470/Y1-VHHH,24
CN,2605,POU,SIERA,R473,CN-2605-SGMRN-G470/Y1-VHHH,SGMRN-G470/Y1-VHHH,33
CN,2605,POU,SIERA,R473,CN-2605-SM-VHHH,SM-VHHH,8
CN,2605,POU,SIERA,R473,CN-2605-SM-VHHH,SM-VHHH,13
CN,2605,POU,SIERA,R473,CN-2605-SRK-L888-VHHH,SRK-L888-VHHH,8
CN,2605,POU,SIERA,R473,CN-2605-SRK-L888-VHHH,SRK-L888-VHHH,18
CN,2605,POU,SIERA,R473,CN-2605-SRK-L888-VHHH,SRK-L888-VHHH,26
CN,2605,POU,SIERA,R473,CN-2605-SRK-VHHH,SRK-VHHH,8
CN,2605,POU,SIERA,R473,CN-2605-SRK-VHHH,SRK-VHHH,18
CN,2605,POU,SIERA,R473,CN-2605-SRK-VHHH,SRK-VHHH,28
CN,2605,POU,SIERA,R473,CN-2605-SRK-Y1-VHHH,SRK-Y1-VHHH,8
CN,2605,POU,SIERA,R473,CN-2605-SRK-Y1-VHHH,SRK-Y1-VHHH,17
CN,2605,POU,SIERA,R473,CN-2605-SRK-Y1-VHHH,SRK-Y1-VHHH,25
CN,2605,POU,SIERA,R473,CN-2605-SRKL-L888-VHHH,SRKL-L888-VHHH,7
CN,2605,POU,SIERA,R473,CN-2605-SRKL-L888-VHHH,SRKL-L888-VHHH,17
CN,2605,POU,SIERA,R473,CN-2605-SRKL-L888-VHHH,SRKL-L888-VHHH,25
CN,2605,POU,SIERA,R473,CN-2605-SRKL-L888-VHHH,SRKL-L888-VHHH,28
CN,2605,POU,SIERA,R473,CN-2605-SRKL-VHHH,SRKL-VHHH,7
CN,2605,POU,SIERA,R473,CN-2605-SRKL-VHHH,SRKL-VHHH,17
CN,2605,POU,SIERA,R473,CN-2605-SRKL-VHHH,SRKL-VHHH,27
CN,2605,POU,SIERA,R473,CN-2605-SRKL-VHHH,SRKL-VHHH,30
CN,2605,POU,SIERA,R473,CN-2605-SRKL-W191-VHHH,SRKL-W191-VHHH,8
CN,2605,POU,SIERA,R473,CN-2605-SRKL-W191-VHHH,SRKL-W191-VHHH,18
CN,2605,POU,SIERA,R473,CN-2605-SRKL-W191-VHHH,SRKL-W191-VHHH,28
CN,2605,POU,SIERA,R473,CN-2605-SRKL-W191-VHHH,SRKL-W191-VHHH,31
CN,2605,POU,SIERA,R473,CN-2605-SRKL-W191/L888-VHHH,SRKL-W191/L888-VHHH,8
CN,2605,POU,SIERA,R473,CN-2605-SRKL-W191/L888-VHHH,SRKL-W191/L888-VHHH,18
CN,2605,POU,SIERA,R473,CN-2605-SRKL-W191/L888-VHHH,SRKL-W191/L888-VHHH,26
CN,2605,POU,SIERA,R473,CN-2605-SRKL-W191/L888-VHHH,SRKL-W191/L888-VHHH,29
CN,2605,POU,SIERA,R473,CN-2605-SRKL-W191/Y1-VHHH,SRKL-W191/Y1-VHHH,8
CN,2605,POU,SIERA,R473,CN-2605-SRKL-W191/Y1-VHHH,SRKL-W191/Y1-VHHH,17
CN,2605,POU,SIERA,R473,CN-2605-SRKL-W191/Y1-VHHH,SRKL-W191/Y1-VHHH,25
CN,2605,POU,SIERA,R473,CN-2605-SRKL-W191/Y1-VHHH,SRKL-W191/Y1-VHHH,28
CN,2605,POU,SIERA,R473,CN-2605-SRKL-Y1-VHHH,SRKL-Y1-VHHH,7
CN,2605,POU,SIERA,R473,CN-2605-SRKL-Y1-VHHH,SRKL-Y1-VHHH,16
CN,2605,POU,SIERA,R473,CN-2605-SRKL-Y1-VHHH,SRKL-Y1-VHHH,24
CN,2605,POU,SIERA,R473,CN-2605-SRKL-Y1-VHHH,SRKL-Y1-VHHH,27
CN,2605,POU,SIERA,R473,CN-2605-SRL-L888-VHHH,SRL-L888-VHHH,7
CN,2605,POU,SIERA,R473,CN-2605-SRL-L888-VHHH,SRL-L888-VHHH,17
CN,2605,POU,SIERA,R473,CN-2605-SRL-L888-VHHH,SRL-L888-VHHH,20
CN,2605,POU,SIERA,R473,CN-2605-SRL-VHHH,SRL-VHHH,7
CN,2605,POU,SIERA,R473,CN-2605-SRL-VHHH,SRL-VHHH,17
CN,2605,POU,SIERA,R473,CN-2605-SRL-VHHH,SRL-VHHH,20
CN,2605,POU,SIERA,R473,CN-2605-SRL-W191-VHHH,SRL-W191-VHHH,8
CN,2605,POU,SIERA,R473,CN-2605-SRL-W191-VHHH,SRL-W191-VHHH,18
CN,2605,POU,SIERA,R473,CN-2605-SRL-W191-VHHH,SRL-W191-VHHH,21
CN,2605,POU,SIERA,R473,CN-2605-SRL-W191/L888-VHHH,SRL-W191/L888-VHHH,8
CN,2605,POU,SIERA,R473,CN-2605-SRL-W191/L888-VHHH,SRL-W191/L888-VHHH,18
CN,2605,POU,SIERA,R473,CN-2605-SRL-W191/L888-VHHH,SRL-W191/L888-VHHH,21
CN,2605,POU,SIERA,R473,CN-2605-SRL-W191/Y1-VHHH,SRL-W191/Y1-VHHH,8
CN,2605,POU,SIERA,R473,CN-2605-SRL-W191/Y1-VHHH,SRL-W191/Y1-VHHH,17
CN,2605,POU,SIERA,R473,CN-2605-SRL-W191/Y1-VHHH,SRL-W191/Y1-VHHH,20
CN,2605,POU,SIERA,R473,CN-2605-SRL-Y1-VHHH,SRL-Y1-VHHH,7
CN,2605,POU,SIERA,R473,CN-2605-SRL-Y1-VHHH,SRL-Y1-VHHH,16
CN,2605,POU,SIERA,R473,CN-2605-SRL-Y1-VHHH,SRL-Y1-VHHH,19
CN,2605,POU,SIERA,R473,CN-2605-TEBAK-VHHH,TEBAK-VHHH,3
CN,2605,POU,SIERA,R473,CN-2605-ZGKL-VHHH-01,ZGKL-VHHH-01,2
CN,2605,POU,SIERA,R473,CN-2605-ZGNN-VHHH-01,ZGNN-VHHH-01,3
CN,2605,POU,SIERA,R473,CN-2605-ZLLL-VHHH-01,ZLLL-VHHH-01,4
CN,2605,POU,SIERA,R473,CN-2605-ZLXY-VHHH-01,ZLXY-VHHH-01,8
CN,2605,POU,SIERA,R473,CN-2605-ZLXY-VHHH-02,ZLXY-VHHH-02,9
CN,2605,POU,SIERA,R473,CN-2605-ZPJH-VHHH-01,ZPJH-VHHH-01,5
CN,2605,POU,SIERA,R473,CN-2605-ZPPP-VHHH-01,ZPPP-VHHH-01,2
CN,2605,POU,SIERA,R473,CN-2605-ZUCK-VHHH-01,ZUCK-VHHH-01,5
CN,2605,POU,SIERA,R473,CN-2605-ZUGY-VHHH-01,ZUGY-VHHH-01,4
CN,2605,POU,SIERA,R473,CN-2605-ZUTF-VHHH-01,ZUTF-VHHH-01,5
CN,2605,POU,SIERA,R473,CN-2605-ZUUU-VHHH-01,ZUUU-VHHH-01,4
CN,2605,POU,SIERA,R473,CN-2605-ZWWW-VHHH-01,ZWWW-VHHH-01,10
CN,2605,POU,SIERA,R473,CN-2605-ZWWW-VHHH-02,ZWWW-VHHH-02,7
CN,2605,POU,TAMOT,B330,CN-2605-BISUN-ZJSY-01,BISUN-ZJSY-01,6
CN,2605,POU,TAMOT,B330,CN-2605-GOPTO-TAMOT,GOPTO-TAMOT,7
CN,2605,POU,TAMOT,B330,CN-2605-KAMUD-G470-TAMOT,KAMUD-G470-TAMOT,9
CN,2605,POU,TAMOT,B330,CN-2605-KAMUD-TAMOT,KAMUD-TAMOT,8
CN,2605,POU,TAMOT,B330,CN-2605-KAMUD-Y1-TAMOT,KAMUD-Y1-TAMOT,7
CN,2605,POU,TAMOT,B330,CN-2605-LINSO-TAMOT,LINSO-TAMOT,2
CN,2605,POU,TAMOT,B330,CN-2605-MN-TAMOT,MN-TAMOT,4
CN,2605,POU,TAMOT,B330,CN-2605-MORIT-TAMOT,MORIT-TAMOT,4
CN,2605,POU,TAMOT,B330,CN-2605-MPSMS-TAMOT,MPSMS-TAMOT,22
CN,2605,POU,TAMOT,B330,CN-2605-RULAD-G470-TAMOT,RULAD-G470-TAMOT,9
CN,2605,POU,TAMOT,B330,CN-2605-RULAD-L888-TAMOT,RULAD-L888-TAMOT,9
CN,2605,POU,TAMOT,B330,CN-2605-RULAD-TAMOT,RULAD-TAMOT,8
CN,2605,POU,TAMOT,B330,CN-2605-RULAD-Y1-TAMOT,RULAD-Y1-TAMOT,8
CN,2605,POU,TAMOT,B330,CN-2605-SARIN-G470-TAMOT,SARIN-G470-TAMOT,8
CN,2605,POU,TAMOT,B330,CN-2605-SG-G470-TAMOT,SG-G470-TAMOT,8
CN,2605,POU,TAMOT,B330,CN-2605-SG-G470-TAMOT,SG-G470-TAMOT,19
CN,2605,POU,TAMOT,B330,CN-2605-SGM-G470-TAMOT,SGM-G470-TAMOT,8
CN,2605,POU,TAMOT,B330,CN-2605-SGM-G470-TAMOT,SGM-G470-TAMOT,19
CN,2605,POU,TAMOT,B330,CN-2605-SGM-G470-TAMOT,SGM-G470-TAMOT,24
CN,2605,POU,TAMOT,B330,CN-2605-SGM-TAMOT,SGM-TAMOT,7
CN,2605,POU,TAMOT,B330,CN-2605-SGM-TAMOT,SGM-TAMOT,15
CN,2605,POU,TAMOT,B330,CN-2605-SGM-TAMOT,SGM-TAMOT,20
CN,2605,POU,TAMOT,B330,CN-2605-SGMN-G470-TAMOT,SGMN-G470-TAMOT,8
CN,2605,POU,TAMOT,B330,CN-2605-SGMN-G470-TAMOT,SGMN-G470-TAMOT,19
CN,2605,POU,TAMOT,B330,CN-2605-SGMN-G470-TAMOT,SGMN-G470-TAMOT,24
CN,2605,POU,TAMOT,B330,CN-2605-SGMN-TAMOT,SGMN-TAMOT,7
CN,2605,POU,TAMOT,B330,CN-2605-SGMN-TAMOT,SGMN-TAMOT,15
CN,2605,POU,TAMOT,B330,CN-2605-SGMN-TAMOT,SGMN-TAMOT,20
CN,2605,POU,TAMOT,B330,CN-2605-SGMRK-G470-TAMOT,SGMRK-G470-TAMOT,8
CN,2605,POU,TAMOT,B330,CN-2605-SGMRK-G470-TAMOT,SGMRK-G470-TAMOT,19
CN,2605,POU,TAMOT,B330,CN-2605-SGMRK-G470-TAMOT,SGMRK-G470-TAMOT,24
CN,2605,POU,TAMOT,B330,CN-2605-SGMRK-G470-TAMOT,SGMRK-G470-TAMOT,34
CN,2605,POU,TAMOT,B330,CN-2605-SGMRK-G470-TAMOT,SGMRK-G470-TAMOT,44
CN,2605,POU,TAMOT,B330,CN-2605-SGMRK-G470/L888-TAMOT,SGMRK-G470/L888-TAMOT,8
CN,2605,POU,TAMOT,B330,CN-2605-SGMRK-G470/L888-TAMOT,SGMRK-G470/L888-TAMOT,19
CN,2605,POU,TAMOT,B330,CN-2605-SGMRK-G470/L888-TAMOT,SGMRK-G470/L888-TAMOT,24
CN,2605,POU,TAMOT,B330,CN-2605-SGMRK-G470/L888-TAMOT,SGMRK-G470/L888-TAMOT,34
CN,2605,POU,TAMOT,B330,CN-2605-SGMRK-G470/L888-TAMOT,SGMRK-G470/L888-TAMOT,42
CN,2605,POU,TAMOT,B330,CN-2605-SGMRK-G470/Y1-TAMOT,SGMRK-G470/Y1-TAMOT,8
CN,2605,POU,TAMOT,B330,CN-2605-SGMRK-G470/Y1-TAMOT,SGMRK-G470/Y1-TAMOT,19
CN,2605,POU,TAMOT,B330,CN-2605-SGMRK-G470/Y1-TAMOT,SGMRK-G470/Y1-TAMOT,24
CN,2605,POU,TAMOT,B330,CN-2605-SGMRK-G470/Y1-TAMOT,SGMRK-G470/Y1-TAMOT,33
CN,2605,POU,TAMOT,B330,CN-2605-SGMRK-G470/Y1-TAMOT,SGMRK-G470/Y1-TAMOT,41
CN,2605,POU,TAMOT,B330,CN-2605-SGMRN-G470-TAMOT,SGMRN-G470-TAMOT,8
CN,2605,POU,TAMOT,B330,CN-2605-SGMRN-G470-TAMOT,SGMRN-G470-TAMOT,19
CN,2605,POU,TAMOT,B330,CN-2605-SGMRN-G470-TAMOT,SGMRN-G470-TAMOT,24
CN,2605,POU,TAMOT,B330,CN-2605-SGMRN-G470-TAMOT,SGMRN-G470-TAMOT,34
CN,2605,POU,TAMOT,B330,CN-2605-SGMRN-G470/L888-TAMOT,SGMRN-G470/L888-TAMOT,8
CN,2605,POU,TAMOT,B330,CN-2605-SGMRN-G470/L888-TAMOT,SGMRN-G470/L888-TAMOT,19
CN,2605,POU,TAMOT,B330,CN-2605-SGMRN-G470/L888-TAMOT,SGMRN-G470/L888-TAMOT,24
CN,2605,POU,TAMOT,B330,CN-2605-SGMRN-G470/L888-TAMOT,SGMRN-G470/L888-TAMOT,34
CN,2605,POU,TAMOT,B330,CN-2605-SGMRN-G470/Y1-TAMOT,SGMRN-G470/Y1-TAMOT,8
CN,2605,POU,TAMOT,B330,CN-2605-SGMRN-G470/Y1-TAMOT,SGMRN-G470/Y1-TAMOT,19
CN,2605,POU,TAMOT,B330,CN-2605-SGMRN-G470/Y1-TAMOT,SGMRN-G470/Y1-TAMOT,24
CN,2605,POU,TAMOT,B330,CN-2605-SGMRN-G470/Y1-TAMOT,SGMRN-G470/Y1-TAMOT,33
CN,2605,POU,TAMOT,B330,CN-2605-SM-TAMOT,SM-TAMOT,8
CN,2605,POU,TAMOT,B330,CN-2605-SM-TAMOT,SM-TAMOT,13
CN,2605,POU,TAMOT,B330,CN-2605-SRK-L888-TAMOT,SRK-L888-TAMOT,8
CN,2605,POU,TAMOT,B330,CN-2605-SRK-L888-TAMOT,SRK-L888-TAMOT,18
CN,2605,POU,TAMOT,B330,CN-2605-SRK-L888-TAMOT,SRK-L888-TAMOT,26
CN,2605,POU,TAMOT,B330,CN-2605-SRK-TAMOT,SRK-TAMOT,8
CN,2605,POU,TAMOT,B330,CN-2605-SRK-TAMOT,SRK-TAMOT,18
CN,2605,POU,TAMOT,B330,CN-2605-SRK-TAMOT,SRK-TAMOT,28
CN,2605,POU,TAMOT,B330,CN-2605-SRK-Y1-TAMOT,SRK-Y1-TAMOT,8
CN,2605,POU,TAMOT,B330,CN-2605-SRK-Y1-TAMOT,SRK-Y1-TAMOT,17
CN,2605,POU,TAMOT,B330,CN-2605-SRK-Y1-TAMOT,SRK-Y1-TAMOT,25
CN,2605,POU,TAMOT,B330,CN-2605-SRKL-W191-TAMOT,SRKL-W191-TAMOT,8
CN,2605,POU,TAMOT,B330,CN-2605-SRKL-W191-TAMOT,SRKL-W191-TAMOT,18
CN,2605,POU,TAMOT,B330,CN-2605-SRKL-W191-TAMOT,SRKL-W191-TAMOT,28
CN,2605,POU,TAMOT,B330,CN-2605-SRKL-W191-TAMOT,SRKL-W191-TAMOT,31
CN,2605,POU,TAMOT,B330,CN-2605-SRKL-W191/L888-TAMOT,SRKL-W191/L888-TAMOT,8
CN,2605,POU,TAMOT,B330,CN-2605-SRKL-W191/L888-TAMOT,SRKL-W191/L888-TAMOT,18
CN,2605,POU,TAMOT,B330,CN-2605-SRKL-W191/L888-TAMOT,SRKL-W191/L888-TAMOT,26
CN,2605,POU,TAMOT,B330,CN-2605-SRKL-W191/L888-TAMOT,SRKL-W191/L888-TAMOT,29
CN,2605,POU,TAMOT,B330,CN-2605-SRKL-W191/Y1-TAMOT,SRKL-W191/Y1-TAMOT,8
CN,2605,POU,TAMOT,B330,CN-2605-SRKL-W191/Y1-TAMOT,SRKL-W191/Y1-TAMOT,17
CN,2605,POU,TAMOT,B330,CN-2605-SRKL-W191/Y1-TAMOT,SRKL-W191/Y1-TAMOT,25
CN,2605,POU,TAMOT,B330,CN-2605-SRKL-W191/Y1-TAMOT,SRKL-W191/Y1-TAMOT,28
CN,2605,POU,TAMOT,B330,CN-2605-SRL-TAMOT,SRL-TAMOT,7
CN,2605,POU,TAMOT,B330,CN-2605-SRL-TAMOT,SRL-TAMOT,16
CN,2605,POU,TAMOT,B330,CN-2605-SRL-TAMOT,SRL-TAMOT,19
CN,2605,POU,TAMOT,B330,CN-2605-SRL-W191-TAMOT,SRL-W191-TAMOT,8
CN,2605,POU,TAMOT,B330,CN-2605-SRL-W191-TAMOT,SRL-W191-TAMOT,18
CN,2605,POU,TAMOT,B330,CN-2605-SRL-W191-TAMOT,SRL-W191-TAMOT,21
CN,2605,POU,TAMOT,B330,CN-2605-SRL-W191/L888-TAMOT,SRL-W191/L888-TAMOT,8
CN,2605,POU,TAMOT,B330,CN-2605-SRL-W191/L888-TAMOT,SRL-W191/L888-TAMOT,18
CN,2605,POU,TAMOT,B330,CN-2605-SRL-W191/L888-TAMOT,SRL-W191/L888-TAMOT,21
CN,2605,POU,TAMOT,B330,CN-2605-SRL-W191/Y1-TAMOT,SRL-W191/Y1-TAMOT,8
CN,2605,POU,TAMOT,B330,CN-2605-SRL-W191/Y1-TAMOT,SRL-W191/Y1-TAMOT,17
CN,2605,POU,TAMOT,B330,CN-2605-SRL-W191/Y1-TAMOT,SRL-W191/Y1-TAMOT,20
CN,2605,POU,TAMOT,B330,CN-2605-ZLXN-TAMOT-01,ZLXN-TAMOT-01,5
CN,2605,POU,TAMOT,B330,CN-2605-ZLXY-TAMOT-01,ZLXY-TAMOT-01,8
CN,2605,POU,TAMOT,B330,CN-2605-ZPPP-TAMOT-01,ZPPP-TAMOT-01,2
CN,2605,POU,TAMOT,B330,CN-2605-ZUTF-TAMOT-01,ZUTF-TAMOT-01,5
CN,2605,POU,TAMOT,B330,CN-2605-ZUUU-TAMOT-01,ZUUU-TAMOT-01,4
CN,2605,POVAG,DONVO,A326,CN-2605-ZYTL-AGAVO-01,ZYTL-AGAVO-01,1
CN,2605,POVAG,MIGOL,A326,CN-2605-ZYTL-RCKH-01,ZYTL-RCKH-01,1
CN,2605,POVAG,MIGOL,A326,CN-2605-ZYTL-RCTP-01,ZYTL-RCTP-01,1
CN,2605,POVAG,MIGOL,A326,CN-2605-ZYTL-RCYU-01,ZYTL-RCYU-01,1
CN,2605,POVAG,SANKO,A326,CN-2605-ZYTL-TOMUK-01,ZYTL-TOMUK-01,1
CN,2605,PUD,AKARA,A593,CN-2605-BEKOL-AGAVO,BEKOL-AGAVO,6
CN,2605,PUD,NXD,A599,CN-2605-AGAVO-TAMOT,AGAVO-TAMOT,4
CN,2605,PUD,NXD,A599,CN-2605-AGAVO-VHHH,AGAVO-VHHH,4
CN,2605,PUD,NXD,A599,CN-2605-LAMEN-ZGGG-01,LAMEN-ZGGG-01,2
CN,2605,PUD,NXD,A599,CN-2605-LAMEN-ZGOW-01,LAMEN-ZGOW-01,2
CN,2605,PUD,NXD,A599,CN-2605-LAMEN-ZGSZ-01,LAMEN-ZGSZ-01,2
CN,2605,PUD,NXD,A599,CN-2605-LAMEN-ZJHK-01,LAMEN-ZJHK-01,2
CN,2605,PUD,NXD,A599,CN-2605-LAMEN-ZJSY-01,LAMEN-ZJSY-01,2
CN,2605,PUD,NXD,A599,CN-2605-LAMEN-ZJSY-02,LAMEN-ZJSY-02,2
CN,2605,PUD,NXD,A599,CN-2605-LAMEN-ZSTX-01,LAMEN-ZSTX-01,2
CN,2605,PUD,NXD,A599,CN-2605-MPSMS-TAMOT,MPSMS-TAMOT,25
CN,2605,PUD,NXD,A599,CN-2605-MPSMS-VHHH,MPSMS-VHHH,31
CN,2605,PUD,NXD,A599,CN-2605-SADLI-LINSO,SADLI-LINSO,2
CN,2605,PUD,NXD,A599,CN-2605-SADLI-MAGOG,SADLI-MAGOG,2
CN,2605,PUD,NXD,A599,CN-2605-SADLI-TAMOT,SADLI-TAMOT,2
CN,2605,PUD,NXD,A599,CN-2605-SADLI-TEBAK,SADLI-TEBAK,2
CN,2605,PUD,NXD,A599,CN-2605-SADLI-VHHH,SADLI-VHHH,2
CN,2605,PUD,NXD,A599,CN-2605-SADLI-VMMC,SADLI-VMMC,2
CN,2605,PUD,NXD,A599,CN-2605-ZSYT-MAGOG-01,ZSYT-MAGOG-01,4
CN,2605,PUD,SHA,DCT,CN-2605-LAMEN-ZSSS-01,LAMEN-ZSSS-01,2
CN,2605,PURPA,EPDAG,B215,CN-2605-PURPA-ZWWW-01,PURPA-ZWWW-01,1
CN,2605,PURPA,FKG,B215,CN-2605-PURPA-GOPTO,PURPA-GOPTO,1
CN,2605,PURPA,MAGIV,B215,CN-2605-PURPA-OGIGI,PURPA-OGIGI,1
CN,2605,PURPA,MAGIV,B215,CN-2605-PURPA-ZBAA-01,PURPA-ZBAA-01,1
CN,2605,PURPA,MAGIV,B215,CN-2605-PURPA-ZBAD-01,PURPA-ZBAD-01,1
CN,2605,PURPA,MAGIV,B215,CN-2605-PURPA-ZBTJ-01,PURPA-ZBTJ-01,1
CN,2605,PURPA,MAGIV,B215,CN-2605-PURPA-ZLXY-01,PURPA-ZLXY-01,1
CN,2605,PURPA,MAGIV,B215,CN-2605-PURPA-ZSPD-01,PURPA-ZSPD-01,1
CN,2605,PURPA,MAGIV,B215,CN-2605-PURPA-ZSPD-04,PURPA-ZSPD-04,1
CN,2605,PURPA,MAGIV,B215,CN-2605-PURPA-ZSSS-01,PURPA-ZSSS-01,1
CN,2605,PURPA,MAGIV,B215,CN-2605-PURPA-ZUCK-01,PURPA-ZUCK-01,1
CN,2605,PURPA,MAGIV,B215,CN-2605-PURPA-ZWSH-01,PURPA-ZWSH-01,1
CN,2605,PURPA,MAGIV,B215,CN-2605-PURPA-ZYTL-01,PURPA-ZYTL-01,1
CN,2605,PURPA,NOLEP,W112,CN-2605-PURPA-L888-SAGAG,PURPA-L888-SAGAG,1
CN,2605,PURPA,TUSLI,W112,CN-2605-PURPA-W112-AGAVO,PURPA-W112-AGAVO,1
CN,2605,PURPA,TUSLI,W112,CN-2605-PURPA-W112-SAGAG,PURPA-W112-SAGAG,1
CN,2605,PURPA,TUSLI,W112,CN-2605-PURPA-ZBAA-02,PURPA-ZBAA-02,1
CN,2605,PURPA,TUSLI,W112,CN-2605-PURPA-ZBAD-02,PURPA-ZBAD-02,1
CN,2605,PURPA,TUSLI,W112,CN-2605-PURPA-ZBTJ-02,PURPA-ZBTJ-02,1
CN,2605,PURPA,TUSLI,W112,CN-2605-PURPA-ZSPD-02,PURPA-ZSPD-02,1
CN,2605,PURPA,TUSLI,W112,CN-2605-PURPA-ZSPD-03,PURPA-ZSPD-03,1
CN,2605,PURPA,TUSLI,W112,CN-2605-PURPA-ZSSS-02,PURPA-ZSSS-02,1
CN,2605,PURPA,TUSLI,W112,CN-2605-PURPA-ZYTL-02,PURPA-ZYTL-02,1
CN,2605,PURPA,VIKUP,W112,CN-2605-PURPA-W112-VHHH,PURPA-W112-VHHH,1
CN,2605,PURPA,XKC,B215,CN-2605-PURPA-RULAD,PURPA-RULAD,1
CN,2605,QNX,XISLI,W136,CN-2605-AGAVO-LINSO,AGAVO-LINSO,6
CN,2605,QNX,XISLI,W136,CN-2605-AGAVO-RKL,AGAVO-RKL,32
CN,2605,QNX,XISLI,W136,CN-2605-AGAVO-ZPPP-01,AGAVO-ZPPP-01,6
CN,2605,QNX,XISLI,W136,CN-2605-BEKOL-G470-SRKL,BEKOL-G470-SRKL,51
CN,2605,QNX,XISLI,W136,CN-2605-BEKOL-G470-SRL,BEKOL-G470-SRL,36
CN,2605,QNX,XISLI,W136,CN-2605-BEKOL-G470/L888-SRKL,BEKOL-G470/L888-SRKL,40
CN,2605,QNX,XISLI,W136,CN-2605-BEKOL-G470/L888-SRL,BEKOL-G470/L888-SRL,31
CN,2605,QNX,XISLI,W136,CN-2605-BEKOL-G470/Y1-SRKL,BEKOL-G470/Y1-SRKL,40
CN,2605,QNX,XISLI,W136,CN-2605-BEKOL-G470/Y1-SRL,BEKOL-G470/Y1-SRL,31
CN,2605,QNX,XISLI,W136,CN-2605-BEKOL-SRKL,BEKOL-SRKL,43
CN,2605,QNX,XISLI,W136,CN-2605-BEKOL-SRL,BEKOL-SRL,31
CN,2605,QNX,XISLI,W136,CN-2605-BISUN-LINSO,BISUN-LINSO,7
CN,2605,QNX,XISLI,W136,CN-2605-BISUN-SAGAG,BISUN-SAGAG,7
CN,2605,QNX,XISLI,W136,CN-2605-LAMEN-ZPPP-01,LAMEN-ZPPP-01,8
CN,2605,QNX,XISLI,W136,CN-2605-SADLI-SAGAG,SADLI-SAGAG,8
CN,2605,QNX,XISLI,W136,CN-2605-SADLI-WHA-LINSO,SADLI-WHA-LINSO,8
CN,2605,QNX,XISLI,W136,CN-2605-ZBAD-LINSO-01,ZBAD-LINSO-01,4
CN,2605,QNX,XISLI,W136,CN-2605-ZBTJ-LINSO-01,ZBTJ-LINSO-01,4
CN,2605,QNX,XISLI,W136,CN-2605-ZBTJ-SAGAG-01,ZBTJ-SAGAG-01,4
CN,2605,QNX,XISLI,W136,CN-2605-ZGDY-KATBO-01,ZGDY-KATBO-01,3
CN,2605,QNX,XISLI,W136,CN-2605-ZGHA-LINSO-01,ZGHA-LINSO-01,6
CN,2605,QNX,XISLI,W136,CN-2605-ZHCC-LINSO-01,ZHCC-LINSO-01,4
CN,2605,QNX,XISLI,W136,CN-2605-ZHEC-LINSO-01,ZHEC-LINSO-01,2
CN,2605,QNX,XISLI,W136,CN-2605-ZHHH-LINSO-01,ZHHH-LINSO-01,2
CN,2605,QNX,XISLI,W136,CN-2605-ZHHH-SAGAG-01,ZHHH-SAGAG-01,2
CN,2605,QNX,XISLI,W136,CN-2605-ZSCN-LINSO-01,ZSCN-LINSO-01,4
CN,2605,QNX,XISLI,W136,CN-2605-ZSHC-LINSO-01,ZSHC-LINSO-01,9
CN,2605,QNX,XISLI,W136,CN-2605-ZSJN-LINSO-01,ZSJN-LINSO-01,5
CN,2605,QNX,XISLI,W136,CN-2605-ZSNB-LINSO-01,ZSNB-LINSO-01,12
CN,2605,QNX,XISLI,W136,CN-2605-ZSNJ-LINSO-01,ZSNJ-LINSO-01,4
CN,2605,QNX,XISLI,W136,CN-2605-ZSNJ-SAGAG-01,ZSNJ-SAGAG-01,4
CN,2605,QNX,XISLI,W136,CN-2605-ZSNT-LINSO-01,ZSNT-LINSO-01,10
CN,2605,QNX,XISLI,W136,CN-2605-ZSOF-LINSO-01,ZSOF-LINSO-01,4
CN,2605,QNX,XISLI,W136,CN-2605-ZSOF-SAGAG-01,ZSOF-SAGAG-01,4
CN,2605,QNX,XISLI,W136,CN-2605-ZSPD-LINSO-01,ZSPD-LINSO-01,9
CN,2605,QNX,XISLI,W136,CN-2605-ZSQD-LINSO-01,ZSQD-LINSO-01,7
CN,2605,QNX,XISLI,W136,CN-2605-ZSSS-LINSO-01,ZSSS-LINSO-01,9
CN,2605,QNX,XISLI,W136,CN-2605-ZSXZ-LINSO-01,ZSXZ-LINSO-01,5
CN,2605,QNX,XISLI,W136,CN-2605-ZSYA-LINSO-01,ZSYA-LINSO-01,9
CN,2605,QNX,XISLI,W136,CN-2605-ZSYT-LINSO-01,ZSYT-LINSO-01,5
CN,2605,QNX,XISLI,W136,CN-2605-ZUGY-KATBO-01,ZUGY-KATBO-01,2
CN,2605,QNX,XISLI,W136,CN-2605-ZUGY-LINSO-01,ZUGY-LINSO-01,2
CN,2605,QNX,XISLI,W136,CN-2605-ZUGY-SAGAG-01,ZUGY-SAGAG-01,2
CN,2605,QP,ELKAL,B330,CN-2605-BEKOL-APSMS,BEKOL-APSMS,25
CN,2605,QP,ELKAL,B330,CN-2605-BEKOL-G470-KAMUD,BEKOL-G470-KAMUD,5
CN,2605,QP,ELKAL,B330,CN-2605-BEKOL-G470-RULAD,BEKOL-G470-RULAD,5
CN,2605,QP,ELKAL,B330,CN-2605-BEKOL-G470-SARIN,BEKOL-G470-SARIN,5
CN,2605,QP,ELKAL,B330,CN-2605-BEKOL-G470-SGM,BEKOL-G470-SGM,5
CN,2605,QP,ELKAL,B330,CN-2605-BEKOL-G470-SGM,BEKOL-G470-SGM,18
CN,2605,QP,ELKAL,B330,CN-2605-BEKOL-G470-SGM,BEKOL-G470-SGM,32
CN,2605,QP,ELKAL,B330,CN-2605-BEKOL-G470-SGMN,BEKOL-G470-SGMN,5
CN,2605,QP,ELKAL,B330,CN-2605-BEKOL-G470-SGMN,BEKOL-G470-SGMN,18
CN,2605,QP,ELKAL,B330,CN-2605-BEKOL-G470-SGMN,BEKOL-G470-SGMN,32
CN,2605,QP,ELKAL,B330,CN-2605-BEKOL-G470-SGMRK,BEKOL-G470-SGMRK,5
CN,2605,QP,ELKAL,B330,CN-2605-BEKOL-G470-SGMRK,BEKOL-G470-SGMRK,18
CN,2605,QP,ELKAL,B330,CN-2605-BEKOL-G470-SGMRK,BEKOL-G470-SGMRK,32
CN,2605,QP,ELKAL,B330,CN-2605-BEKOL-G470-SGMRK,BEKOL-G470-SGMRK,40
CN,2605,QP,ELKAL,B330,CN-2605-BEKOL-G470-SGMRK,BEKOL-G470-SGMRK,55
CN,2605,QP,ELKAL,B330,CN-2605-BEKOL-G470-SGMRN,BEKOL-G470-SGMRN,5
CN,2605,QP,ELKAL,B330,CN-2605-BEKOL-G470-SGMRN,BEKOL-G470-SGMRN,18
CN,2605,QP,ELKAL,B330,CN-2605-BEKOL-G470-SGMRN,BEKOL-G470-SGMRN,32
CN,2605,QP,ELKAL,B330,CN-2605-BEKOL-G470-SGMRN,BEKOL-G470-SGMRN,40
CN,2605,QP,ELKAL,B330,CN-2605-BEKOL-G470-SM,BEKOL-G470-SM,5
CN,2605,QP,ELKAL,B330,CN-2605-BEKOL-G470-SM,BEKOL-G470-SM,18
CN,2605,QP,ELKAL,B330,CN-2605-BEKOL-G470-SRK,BEKOL-G470-SRK,5
CN,2605,QP,ELKAL,B330,CN-2605-BEKOL-G470-SRK,BEKOL-G470-SRK,18
CN,2605,QP,ELKAL,B330,CN-2605-BEKOL-G470-SRK,BEKOL-G470-SRK,33
CN,2605,QP,ELKAL,B330,CN-2605-BEKOL-G470-SRKL,BEKOL-G470-SRKL,5
CN,2605,QP,ELKAL,B330,CN-2605-BEKOL-G470-SRKL,BEKOL-G470-SRKL,18
CN,2605,QP,ELKAL,B330,CN-2605-BEKOL-G470-SRKL,BEKOL-G470-SRKL,33
CN,2605,QP,ELKAL,B330,CN-2605-BEKOL-G470-SRKL,BEKOL-G470-SRKL,48
CN,2605,QP,ELKAL,B330,CN-2605-BEKOL-G470-SRL,BEKOL-G470-SRL,5
CN,2605,QP,ELKAL,B330,CN-2605-BEKOL-G470-SRL,BEKOL-G470-SRL,18
CN,2605,QP,ELKAL,B330,CN-2605-BEKOL-G470-SRL,BEKOL-G470-SRL,33
CN,2605,QP,ELKAL,B330,CN-2605-BEKOL-G470/L888-SGMRK,BEKOL-G470/L888-SGMRK,5
CN,2605,QP,ELKAL,B330,CN-2605-BEKOL-G470/L888-SGMRK,BEKOL-G470/L888-SGMRK,18
CN,2605,QP,ELKAL,B330,CN-2605-BEKOL-G470/L888-SGMRK,BEKOL-G470/L888-SGMRK,32
CN,2605,QP,ELKAL,B330,CN-2605-BEKOL-G470/L888-SGMRK,BEKOL-G470/L888-SGMRK,40
CN,2605,QP,ELKAL,B330,CN-2605-BEKOL-G470/L888-SGMRK,BEKOL-G470/L888-SGMRK,50
CN,2605,QP,ELKAL,B330,CN-2605-BEKOL-G470/L888-SGMRN,BEKOL-G470/L888-SGMRN,5
CN,2605,QP,ELKAL,B330,CN-2605-BEKOL-G470/L888-SGMRN,BEKOL-G470/L888-SGMRN,18
CN,2605,QP,ELKAL,B330,CN-2605-BEKOL-G470/L888-SGMRN,BEKOL-G470/L888-SGMRN,32
CN,2605,QP,ELKAL,B330,CN-2605-BEKOL-G470/L888-SGMRN,BEKOL-G470/L888-SGMRN,40
CN,2605,QP,ELKAL,B330,CN-2605-BEKOL-G470/L888-SRK,BEKOL-G470/L888-SRK,5
CN,2605,QP,ELKAL,B330,CN-2605-BEKOL-G470/L888-SRK,BEKOL-G470/L888-SRK,18
CN,2605,QP,ELKAL,B330,CN-2605-BEKOL-G470/L888-SRK,BEKOL-G470/L888-SRK,28
CN,2605,QP,ELKAL,B330,CN-2605-BEKOL-G470/L888-SRKL,BEKOL-G470/L888-SRKL,5
CN,2605,QP,ELKAL,B330,CN-2605-BEKOL-G470/L888-SRKL,BEKOL-G470/L888-SRKL,18
CN,2605,QP,ELKAL,B330,CN-2605-BEKOL-G470/L888-SRKL,BEKOL-G470/L888-SRKL,28
CN,2605,QP,ELKAL,B330,CN-2605-BEKOL-G470/L888-SRKL,BEKOL-G470/L888-SRKL,37
CN,2605,QP,ELKAL,B330,CN-2605-BEKOL-G470/L888-SRL,BEKOL-G470/L888-SRL,5
CN,2605,QP,ELKAL,B330,CN-2605-BEKOL-G470/L888-SRL,BEKOL-G470/L888-SRL,18
CN,2605,QP,ELKAL,B330,CN-2605-BEKOL-G470/L888-SRL,BEKOL-G470/L888-SRL,28
CN,2605,QP,ELKAL,B330,CN-2605-BEKOL-G470/Y1-SGMRK,BEKOL-G470/Y1-SGMRK,5
CN,2605,QP,ELKAL,B330,CN-2605-BEKOL-G470/Y1-SGMRK,BEKOL-G470/Y1-SGMRK,18
CN,2605,QP,ELKAL,B330,CN-2605-BEKOL-G470/Y1-SGMRK,BEKOL-G470/Y1-SGMRK,32
CN,2605,QP,ELKAL,B330,CN-2605-BEKOL-G470/Y1-SGMRK,BEKOL-G470/Y1-SGMRK,40
CN,2605,QP,ELKAL,B330,CN-2605-BEKOL-G470/Y1-SGMRK,BEKOL-G470/Y1-SGMRK,50
CN,2605,QP,ELKAL,B330,CN-2605-BEKOL-G470/Y1-SGMRN,BEKOL-G470/Y1-SGMRN,5
CN,2605,QP,ELKAL,B330,CN-2605-BEKOL-G470/Y1-SGMRN,BEKOL-G470/Y1-SGMRN,18
CN,2605,QP,ELKAL,B330,CN-2605-BEKOL-G470/Y1-SGMRN,BEKOL-G470/Y1-SGMRN,32
CN,2605,QP,ELKAL,B330,CN-2605-BEKOL-G470/Y1-SGMRN,BEKOL-G470/Y1-SGMRN,40
CN,2605,QP,ELKAL,B330,CN-2605-BEKOL-G470/Y1-SRKL,BEKOL-G470/Y1-SRKL,5
CN,2605,QP,ELKAL,B330,CN-2605-BEKOL-G470/Y1-SRKL,BEKOL-G470/Y1-SRKL,18
CN,2605,QP,ELKAL,B330,CN-2605-BEKOL-G470/Y1-SRKL,BEKOL-G470/Y1-SRKL,28
CN,2605,QP,ELKAL,B330,CN-2605-BEKOL-G470/Y1-SRKL,BEKOL-G470/Y1-SRKL,37
CN,2605,QP,ELKAL,B330,CN-2605-BEKOL-G470/Y1-SRL,BEKOL-G470/Y1-SRL,5
CN,2605,QP,ELKAL,B330,CN-2605-BEKOL-G470/Y1-SRL,BEKOL-G470/Y1-SRL,18
CN,2605,QP,ELKAL,B330,CN-2605-BEKOL-G470/Y1-SRL,BEKOL-G470/Y1-SRL,28
CN,2605,QP,ELKAL,B330,CN-2605-BEKOL-GOPTO,BEKOL-GOPTO,5
CN,2605,QP,ELKAL,B330,CN-2605-BEKOL-KAMUD,BEKOL-KAMUD,5
CN,2605,QP,ELKAL,B330,CN-2605-BEKOL-L888-RULAD,BEKOL-L888-RULAD,5
CN,2605,QP,ELKAL,B330,CN-2605-BEKOL-MN,BEKOL-MN,5
CN,2605,QP,ELKAL,B330,CN-2605-BEKOL-MORIT,BEKOL-MORIT,5
CN,2605,QP,ELKAL,B330,CN-2605-BEKOL-RULAD,BEKOL-RULAD,5
CN,2605,QP,ELKAL,B330,CN-2605-BEKOL-SARIN,BEKOL-SARIN,5
CN,2605,QP,ELKAL,B330,CN-2605-BEKOL-SGM,BEKOL-SGM,5
CN,2605,QP,ELKAL,B330,CN-2605-BEKOL-SGM,BEKOL-SGM,16
CN,2605,QP,ELKAL,B330,CN-2605-BEKOL-SGM,BEKOL-SGM,29
CN,2605,QP,ELKAL,B330,CN-2605-BEKOL-SGMN,BEKOL-SGMN,5
CN,2605,QP,ELKAL,B330,CN-2605-BEKOL-SGMN,BEKOL-SGMN,16
CN,2605,QP,ELKAL,B330,CN-2605-BEKOL-SGMN,BEKOL-SGMN,29
CN,2605,QP,ELKAL,B330,CN-2605-BEKOL-SRKL,BEKOL-SRKL,5
CN,2605,QP,ELKAL,B330,CN-2605-BEKOL-SRKL,BEKOL-SRKL,16
CN,2605,QP,ELKAL,B330,CN-2605-BEKOL-SRKL,BEKOL-SRKL,28
CN,2605,QP,ELKAL,B330,CN-2605-BEKOL-SRKL,BEKOL-SRKL,40
CN,2605,QP,ELKAL,B330,CN-2605-BEKOL-SRL,BEKOL-SRL,5
CN,2605,QP,ELKAL,B330,CN-2605-BEKOL-SRL,BEKOL-SRL,16
CN,2605,QP,ELKAL,B330,CN-2605-BEKOL-SRL,BEKOL-SRL,28
CN,2605,QP,ELKAL,B330,CN-2605-BEKOL-Y1-KAMUD,BEKOL-Y1-KAMUD,5
CN,2605,QP,ELKAL,B330,CN-2605-BEKOL-Y1-RULAD,BEKOL-Y1-RULAD,5
CN,2605,QP,ELKAL,B330,CN-2605-BEKOL-Y1-SRK,BEKOL-Y1-SRK,5
CN,2605,QP,ELKAL,B330,CN-2605-BEKOL-Y1-SRK,BEKOL-Y1-SRK,18
CN,2605,QP,ELKAL,B330,CN-2605-BEKOL-Y1-SRK,BEKOL-Y1-SRK,28
CN,2605,QP,ELKAL,B330,CN-2605-BEKOL-ZLXY-01,BEKOL-ZLXY-01,5
CN,2605,QP,ELKAL,B330,CN-2605-BEKOL-ZUCK-01,BEKOL-ZUCK-01,5
CN,2605,QP,ELKAL,B330,CN-2605-BEKOL-ZUGY-01,BEKOL-ZUGY-01,5
CN,2605,QP,ELKAL,B330,CN-2605-BEKOL-ZUTF-01,BEKOL-ZUTF-01,5
CN,2605,QP,ELKAL,B330,CN-2605-BEKOL-ZUUU-01,BEKOL-ZUUU-01,5
CN,2605,QP,ELKAL,B330,CN-2605-RCKH-ZUCK-01,RCKH-ZUCK-01,5
CN,2605,QP,ELKAL,B330,CN-2605-RCKH-ZUGY-01,RCKH-ZUGY-01,5
CN,2605,QP,ELKAL,B330,CN-2605-RCKH-ZUUU-01,RCKH-ZUUU-01,5
CN,2605,QP,ELKAL,B330,CN-2605-RCMQ-ZUCK-01,RCMQ-ZUCK-01,5
CN,2605,QP,ELKAL,B330,CN-2605-RCMQ-ZUUU-01,RCMQ-ZUUU-01,5
CN,2605,QP,ELKAL,B330,CN-2605-RCSS-ZUCK-01,RCSS-ZUCK-01,5
CN,2605,QP,ELKAL,B330,CN-2605-RCSS-ZUTF-01,RCSS-ZUTF-01,5
CN,2605,QP,ELKAL,B330,CN-2605-RCSS-ZUUU-01,RCSS-ZUUU-01,5
CN,2605,QP,ELKAL,B330,CN-2605-RCTP-ZLXN-01,RCTP-ZLXN-01,5
CN,2605,QP,ELKAL,B330,CN-2605-RCTP-ZUCK-01,RCTP-ZUCK-01,5
CN,2605,QP,ELKAL,B330,CN-2605-RCTP-ZUGY-01,RCTP-ZUGY-01,5
CN,2605,QP,ELKAL,B330,CN-2605-RCTP-ZUTF-01,RCTP-ZUTF-01,5
CN,2605,QP,ELKAL,B330,CN-2605-RCTP-ZUUU-01,RCTP-ZUUU-01,5
CN,2605,QP,ELKAL,B330,CN-2605-RCYU-ZUCK-01,RCYU-ZUCK-01,5
CN,2605,QP,ELKAL,B330,CN-2605-RCYU-ZUGY-01,RCYU-ZUGY-01,5
CN,2605,QP,ELKAL,B330,CN-2605-RCYU-ZUUU-01,RCYU-ZUUU-01,5
CN,2605,QP,ELKAL,B330,CN-2605-VHHH-ZLLL-01,VHHH-ZLLL-01,5
CN,2605,QP,ELKAL,B330,CN-2605-VHHH-ZLXY-01,VHHH-ZLXY-01,5
CN,2605,QP,ELKAL,B330,CN-2605-VHHH-ZUCK-01,VHHH-ZUCK-01,5
CN,2605,QP,ELKAL,B330,CN-2605-VHHH-ZUGY-01,VHHH-ZUGY-01,5
CN,2605,QP,ELKAL,B330,CN-2605-VHHH-ZUTF-01,VHHH-ZUTF-01,5
CN,2605,QP,ELKAL,B330,CN-2605-VHHH-ZUUU-01,VHHH-ZUUU-01,5
CN,2605,QP,ELKAL,B330,CN-2605-VHHH-ZWWW-01,VHHH-ZWWW-01,5
CN,2605,QP,ELKAL,B330,CN-2605-VHHH-ZWWW-02,VHHH-ZWWW-02,5
CN,2605,QP,ELKAL,B330,CN-2605-VMMC-MORIT,VMMC-MORIT,5
CN,2605,QP,ELKAL,B330,CN-2605-VMMC-RULAD,VMMC-RULAD,5
CN,2605,QP,ELKAL,B330,CN-2605-VMMC-ZLLL-01,VMMC-ZLLL-01,5
CN,2605,QP,ELKAL,B330,CN-2605-VMMC-ZUCK-01,VMMC-ZUCK-01,5
CN,2605,QP,ELKAL,B330,CN-2605-VMMC-ZUCK-02,VMMC-ZUCK-02,5
CN,2605,QP,ELKAL,B330,CN-2605-VMMC-ZUGY-01,VMMC-ZUGY-01,5
CN,2605,QP,ELKAL,B330,CN-2605-VMMC-ZUTF-01,VMMC-ZUTF-01,5
CN,2605,QP,ELKAL,B330,CN-2605-VMMC-ZUUU-01,VMMC-ZUUU-01,5
CN,2605,QP,ELKAL,B330,CN-2605-VMMC-ZWWW-01,VMMC-ZWWW-01,5
CN,2605,QP,ELKAL,B330,CN-2605-ZGGG-AGVUT-01R,ZGGG-AGVUT-01R,3
CN,2605,QP,ELKAL,B330,CN-2605-ZGGG-AGVUT-02R,ZGGG-AGVUT-02R,3
CN,2605,QP,ELKAL,B330,CN-2605-ZGGG-KAMUD-01,ZGGG-KAMUD-01,3
CN,2605,QP,ELKAL,B330,CN-2605-ZGGG-KAMUD-02,ZGGG-KAMUD-02,3
CN,2605,QP,ELKAL,B330,CN-2605-ZGGG-MORIT-01,ZGGG-MORIT-01,3
CN,2605,QP,ELKAL,B330,CN-2605-ZGGG-OGIGI-01,ZGGG-OGIGI-01,3
CN,2605,QP,ELKAL,B330,CN-2605-ZGGG-RULAD-01,ZGGG-RULAD-01,3
CN,2605,QP,ELKAL,B330,CN-2605-ZGGG-SARIN-01,ZGGG-SARIN-01,3
CN,2605,QP,ELKAL,B330,CN-2605-ZGGG-SARIN-02,ZGGG-SARIN-02,3
CN,2605,QP,ELKAL,B330,CN-2605-ZGSZ-GOPTO-01,ZGSZ-GOPTO-01,4
CN,2605,QP,ELKAL,B330,CN-2605-ZGSZ-GOPTO-02,ZGSZ-GOPTO-02,4
CN,2605,QP,ELKAL,B330,CN-2605-ZGSZ-MORIT-01,ZGSZ-MORIT-01,4
CN,2605,QP,ELKAL,B330,CN-2605-ZGSZ-RULAD-01,ZGSZ-RULAD-01,4
CN,2605,QP,ELKAL,B330,CN-2605-ZGSZ-SARIN-01,ZGSZ-SARIN-01,4
CN,2605,QP,ELKAL,B330,CN-2605-ZGSZ-SARIN-02,ZGSZ-SARIN-02,4
CN,2605,QP,ELKAL,B330,CN-2605-ZGSZ-SARIN-03,ZGSZ-SARIN-03,4
CN,2605,QP,POU,B330,CN-2605-ZGKL-RCKH-01,ZGKL-RCKH-01,1
CN,2605,QP,POU,B330,CN-2605-ZGKL-RCTP-01,ZGKL-RCTP-01,1
CN,2605,QP,POU,B330,CN-2605-ZGKL-RCYU-01,ZGKL-RCYU-01,1
CN,2605,QP,POU,B330,CN-2605-ZGKL-VHHH-01,ZGKL-VHHH-01,1
CN,2605,QP,POU,B330,CN-2605-ZGKL-VMMC-01,ZGKL-VMMC-01,1
CN,2605,QP,SJG,B330,CN-2605-BEKOL-ZLXY-02,BEKOL-ZLXY-02,5
CN,2605,QP,SJG,B330,CN-2605-VMMC-ZLXY-01,VMMC-ZLXY-01,5
CN,2605,QP,TAMOT,B330,CN-2605-ZGKL-TAMOT-01,ZGKL-TAMOT-01,1
CN,2605,QTV,ADPET,W190,CN-2605-BEKOL-GOPTO,BEKOL-GOPTO,11
CN,2605,QTV,ADPET,W190,CN-2605-BEKOL-SGM,BEKOL-SGM,22
CN,2605,QTV,ADPET,W190,CN-2605-BEKOL-SGMN,BEKOL-SGMN,22
CN,2605,QTV,ADPET,W190,CN-2605-ZGSZ-GOPTO-02,ZGSZ-GOPTO-02,10
CN,2605,QTV,ADPET,W190,CN-2605-ZPPP-GOPTO-01,ZPPP-GOPTO-01,7
CN,2605,QTV,ADPET,W190,CN-2605-ZUUU-GOPTO-02,ZUUU-GOPTO-02,6
CN,2605,QTV,FKG,W99,CN-2605-GOPTO-ZWWW-01,GOPTO-ZWWW-01,3
CN,2605,QTV,FKG,W99,CN-2605-SAGAG-ZWWW-02,SAGAG-ZWWW-02,8
CN,2605,QTV,FKG,W99,CN-2605-VHHH-ZWWW-01,VHHH-ZWWW-01,11
CN,2605,QTV,FKG,W99,CN-2605-VMMC-ZWWW-01,VMMC-ZWWW-01,11
CN,2605,REMIM,AND,B221,CN-2605-ZSWZ-POLHO-01,ZSWZ-POLHO-01,1
CN,2605,REMIM,SHZ,B221,CN-2605-ZSWZ-LAMEN-01,ZSWZ-LAMEN-01,1
CN,2605,REPUV,OBMEP,W56,CN-2605-ZSCN-NIXAL-01,ZSCN-NIXAL-01,3
CN,2605,REPUV,OBMEP,W56,CN-2605-ZSCN-RULAD-01,ZSCN-RULAD-01,3
CN,2605,REPUV,OBMEP,W56,CN-2605-ZSCN-SARIN-01,ZSCN-SARIN-01,3
CN,2605,REPUV,XSH,W50,CN-2605-LINSO-ZSCN-01,LINSO-ZSCN-01,4
CN,2605,RIRKI,ELDUD,W232,CN-2605-BEKOL-ZUTF-01,BEKOL-ZUTF-01,7
CN,2605,RIRKI,ELDUD,W232,CN-2605-RCSS-ZUTF-01,RCSS-ZUTF-01,7
CN,2605,RIRKI,ELDUD,W232,CN-2605-RCTP-ZUTF-01,RCTP-ZUTF-01,7
CN,2605,RIRKI,ELDUD,W232,CN-2605-VHHH-ZUTF-01,VHHH-ZUTF-01,7
CN,2605,RIRKI,ELDUD,W232,CN-2605-VMMC-ZUTF-01,VMMC-ZUTF-01,7
CN,2605,RULAD,AGAVO,DCT,CN-2605-AGAVO-B339-SRK,AGAVO-B339-SRK,27
CN,2605,RULAD,AGAVO,DCT,CN-2605-AGAVO-RK,AGAVO-RK,13
CN,2605,RULAD,AGAVO,DCT,CN-2605-AGAVO-RKL,AGAVO-RKL,13
CN,2605,RULAD,BEKOL,DCT,CN-2605-BEKOL-G470-SGMRK,BEKOL-G470-SGMRK,50
CN,2605,RULAD,BEKOL,DCT,CN-2605-BEKOL-G470-SGMRN,BEKOL-G470-SGMRN,50
CN,2605,RULAD,BEKOL,DCT,CN-2605-BEKOL-G470-SRK,BEKOL-G470-SRK,28
CN,2605,RULAD,BEKOL,DCT,CN-2605-BEKOL-G470-SRKL,BEKOL-G470-SRKL,28
CN,2605,RULAD,BEKOL,DCT,CN-2605-BEKOL-G470-SRL,BEKOL-G470-SRL,28
CN,2605,RULAD,BEKOL,DCT,CN-2605-BEKOL-G470/L888-SGMRK,BEKOL-G470/L888-SGMRK,45
CN,2605,RULAD,BEKOL,DCT,CN-2605-BEKOL-G470/L888-SGMRN,BEKOL-G470/L888-SGMRN,45
CN,2605,RULAD,BEKOL,DCT,CN-2605-BEKOL-G470/L888-SRK,BEKOL-G470/L888-SRK,23
CN,2605,RULAD,BEKOL,DCT,CN-2605-BEKOL-G470/L888-SRKL,BEKOL-G470/L888-SRKL,23
CN,2605,RULAD,BEKOL,DCT,CN-2605-BEKOL-G470/L888-SRL,BEKOL-G470/L888-SRL,23
CN,2605,RULAD,BEKOL,DCT,CN-2605-BEKOL-G470/Y1-SGMRK,BEKOL-G470/Y1-SGMRK,45
CN,2605,RULAD,BEKOL,DCT,CN-2605-BEKOL-G470/Y1-SGMRN,BEKOL-G470/Y1-SGMRN,45
CN,2605,RULAD,BEKOL,DCT,CN-2605-BEKOL-G470/Y1-SRKL,BEKOL-G470/Y1-SRKL,23
CN,2605,RULAD,BEKOL,DCT,CN-2605-BEKOL-G470/Y1-SRL,BEKOL-G470/Y1-SRL,23
CN,2605,RULAD,BEKOL,DCT,CN-2605-BEKOL-SRKL,BEKOL-SRKL,23
CN,2605,RULAD,BEKOL,DCT,CN-2605-BEKOL-SRL,BEKOL-SRL,23
CN,2605,RULAD,BEKOL,DCT,CN-2605-BEKOL-Y1-SRK,BEKOL-Y1-SRK,23
CN,2605,RULAD,EXURU,A460,CN-2605-RULAD-PURPA,RULAD-PURPA,1
CN,2605,RULAD,POSOT,A343,CN-2605-RK-AGAVO,RK-AGAVO,1
CN,2605,RULAD,POSOT,A343,CN-2605-RKL-AGAVO,RKL-AGAVO,1
CN,2605,RULAD,POSOT,A343,CN-2605-RULAD-AGAVO,RULAD-AGAVO,1
CN,2605,RULAD,POSOT,A343,CN-2605-RULAD-G470-SAGAG,RULAD-G470-SAGAG,1
CN,2605,RULAD,POSOT,A343,CN-2605-RULAD-G470-TAMOT,RULAD-G470-TAMOT,1
CN,2605,RULAD,POSOT,A343,CN-2605-RULAD-G470-VHHH,RULAD-G470-VHHH,1
CN,2605,RULAD,POSOT,A343,CN-2605-RULAD-LINSO,RULAD-LINSO,1
CN,2605,RULAD,POSOT,A343,CN-2605-RULAD-SADLI,RULAD-SADLI,1
CN,2605,RULAD,POSOT,A343,CN-2605-RULAD-SAGAG,RULAD-SAGAG,1
CN,2605,RULAD,POSOT,A343,CN-2605-RULAD-TAMOT,RULAD-TAMOT,1
CN,2605,RULAD,POSOT,A343,CN-2605-RULAD-TEBUS,RULAD-TEBUS,1
CN,2605,RULAD,POSOT,A343,CN-2605-RULAD-VHHH,RULAD-VHHH,1
CN,2605,RULAD,POSOT,A343,CN-2605-RULAD-VMMC,RULAD-VMMC,1
CN,2605,RULAD,POSOT,A343,CN-2605-RULAD-ZBAA-01,RULAD-ZBAA-01,1
CN,2605,RULAD,POSOT,A343,CN-2605-RULAD-ZBAD-01,RULAD-ZBAD-01,1
CN,2605,RULAD,POSOT,A343,CN-2605-RULAD-ZBTJ-01,RULAD-ZBTJ-01,1
CN,2605,RULAD,POSOT,A343,CN-2605-RULAD-ZGGG-01,RULAD-ZGGG-01,1
CN,2605,RULAD,POSOT,A343,CN-2605-RULAD-ZGSZ-01,RULAD-ZGSZ-01,1
CN,2605,RULAD,POSOT,A343,CN-2605-RULAD-ZHCC-01,RULAD-ZHCC-01,1
CN,2605,RULAD,POSOT,A343,CN-2605-RULAD-ZJHK-01,RULAD-ZJHK-01,1
CN,2605,RULAD,POSOT,A343,CN-2605-RULAD-ZJHK-02,RULAD-ZJHK-02,1
CN,2605,RULAD,POSOT,A343,CN-2605-RULAD-ZJSY-01,RULAD-ZJSY-01,1
CN,2605,RULAD,POSOT,A343,CN-2605-RULAD-ZJSY-02,RULAD-ZJSY-02,1
CN,2605,RULAD,POSOT,A343,CN-2605-RULAD-ZLLL-01,RULAD-ZLLL-01,1
CN,2605,RULAD,POSOT,A343,CN-2605-RULAD-ZLXY-01,RULAD-ZLXY-01,1
CN,2605,RULAD,POSOT,A343,CN-2605-RULAD-ZLXY-02,RULAD-ZLXY-02,1
CN,2605,RULAD,POSOT,A343,CN-2605-RULAD-ZSPD-01,RULAD-ZSPD-01,1
CN,2605,RULAD,POSOT,A343,CN-2605-RULAD-ZSYT-01,RULAD-ZSYT-01,1
CN,2605,RULAD,POSOT,A343,CN-2605-RULAD-ZUCK-01,RULAD-ZUCK-01,1
CN,2605,RULAD,POSOT,A343,CN-2605-RULAD-ZUTF-01,RULAD-ZUTF-01,1
CN,2605,RULAD,POSOT,A343,CN-2605-RULAD-ZUUU-01,RULAD-ZUUU-01,1
CN,2605,RULAD,POSOT,A343,CN-2605-RULAD-ZWWW-02,RULAD-ZWWW-02,1
CN,2605,RULAD,POSOT,A343,CN-2605-SGMRK-G470-TAMOT,SGMRK-G470-TAMOT,26
CN,2605,RULAD,POSOT,A343,CN-2605-SGMRK-G470-VHHH,SGMRK-G470-VHHH,26
CN,2605,RULAD,POSOT,A343,CN-2605-SGMRN-G470-TAMOT,SGMRN-G470-TAMOT,26
CN,2605,RULAD,POSOT,A343,CN-2605-SGMRN-G470-VHHH,SGMRN-G470-VHHH,26
CN,2605,RULAD,POSOT,A343,CN-2605-SRK-AGAVO,SRK-AGAVO,12
CN,2605,RULAD,POSOT,A343,CN-2605-SRK-TAMOT,SRK-TAMOT,10
CN,2605,RULAD,POSOT,A343,CN-2605-SRK-VHHH,SRK-VHHH,10
CN,2605,RULAD,POSOT,A343,CN-2605-SRKL-VHHH,SRKL-VHHH,9
CN,2605,RULAD,POSOT,A343,CN-2605-SRKL-W191-TAMOT,SRKL-W191-TAMOT,10
CN,2605,RULAD,POSOT,A343,CN-2605-SRKL-W191-VHHH,SRKL-W191-VHHH,10
CN,2605,RULAD,POSOT,A343,CN-2605-SRL-TAMOT,SRL-TAMOT,9
CN,2605,RULAD,POSOT,A343,CN-2605-SRL-VHHH,SRL-VHHH,9
CN,2605,RULAD,POSOT,A343,CN-2605-SRL-W191-TAMOT,SRL-W191-TAMOT,10
CN,2605,RULAD,POSOT,A343,CN-2605-SRL-W191-VHHH,SRL-W191-VHHH,10
CN,2605,RULAD,XKC,A460,CN-2605-RULAD-L888-SAGAG,RULAD-L888-SAGAG,1
CN,2605,RULAD,XKC,A460,CN-2605-RULAD-L888-TAMOT,RULAD-L888-TAMOT,1
CN,2605,RULAD,XKC,A460,CN-2605-RULAD-L888-VHHH,RULAD-L888-VHHH,1
CN,2605,RULAD,XKC,A460,CN-2605-RULAD-Y1-SAGAG,RULAD-Y1-SAGAG,1
CN,2605,RULAD,XKC,A460,CN-2605-RULAD-Y1-TAMOT,RULAD-Y1-TAMOT,1
CN,2605,RULAD,XKC,A460,CN-2605-RULAD-Y1-VHHH,RULAD-Y1-VHHH,1
CN,2605,RULAD,XKC,A460,CN-2605-RULAD-ZWWW-01,RULAD-ZWWW-01,1
CN,2605,RULAD,XKC,A460,CN-2605-SGMRK-G470/L888-TAMOT,SGMRK-G470/L888-TAMOT,26
CN,2605,RULAD,XKC,A460,CN-2605-SGMRK-G470/L888-VHHH,SGMRK-G470/L888-VHHH,26
CN,2605,RULAD,XKC,A460,CN-2605-SGMRK-G470/Y1-TAMOT,SGMRK-G470/Y1-TAMOT,26
CN,2605,RULAD,XKC,A460,CN-2605-SGMRK-G470/Y1-VHHH,SGMRK-G470/Y1-VHHH,26
CN,2605,RULAD,XKC,A460,CN-2605-SGMRN-G470/L888-TAMOT,SGMRN-G470/L888-TAMOT,26
CN,2605,RULAD,XKC,A460,CN-2605-SGMRN-G470/L888-VHHH,SGMRN-G470/L888-VHHH,26
CN,2605,RULAD,XKC,A460,CN-2605-SGMRN-G470/Y1-TAMOT,SGMRN-G470/Y1-TAMOT,26
CN,2605,RULAD,XKC,A460,CN-2605-SGMRN-G470/Y1-VHHH,SGMRN-G470/Y1-VHHH,26
CN,2605,RULAD,XKC,A460,CN-2605-SRK-L888-TAMOT,SRK-L888-TAMOT,10
CN,2605,RULAD,XKC,A460,CN-2605-SRK-L888-VHHH,SRK-L888-VHHH,10
CN,2605,RULAD,XKC,A460,CN-2605-SRK-Y1-TAMOT,SRK-Y1-TAMOT,10
CN,2605,RULAD,XKC,A460,CN-2605-SRK-Y1-VHHH,SRK-Y1-VHHH,10
CN,2605,RULAD,XKC,A460,CN-2605-SRKL-L888-VHHH,SRKL-L888-VHHH,9
CN,2605,RULAD,XKC,A460,CN-2605-SRKL-W191/L888-TAMOT,SRKL-W191/L888-TAMOT,10
CN,2605,RULAD,XKC,A460,CN-2605-SRKL-W191/L888-VHHH,SRKL-W191/L888-VHHH,10
CN,2605,RULAD,XKC,A460,CN-2605-SRKL-W191/Y1-TAMOT,SRKL-W191/Y1-TAMOT,10
CN,2605,RULAD,XKC,A460,CN-2605-SRKL-W191/Y1-VHHH,SRKL-W191/Y1-VHHH,10
CN,2605,RULAD,XKC,A460,CN-2605-SRKL-Y1-VHHH,SRKL-Y1-VHHH,9
CN,2605,RULAD,XKC,A460,CN-2605-SRL-L888-VHHH,SRL-L888-VHHH,9
CN,2605,RULAD,XKC,A460,CN-2605-SRL-W191/L888-TAMOT,SRL-W191/L888-TAMOT,10
CN,2605,RULAD,XKC,A460,CN-2605-SRL-W191/L888-VHHH,SRL-W191/L888-VHHH,10
CN,2605,RULAD,XKC,A460,CN-2605-SRL-W191/Y1-TAMOT,SRL-W191/Y1-TAMOT,10
CN,2605,RULAD,XKC,A460,CN-2605-SRL-W191/Y1-VHHH,SRL-W191/Y1-VHHH,10
CN,2605,RULAD,XKC,A460,CN-2605-SRL-Y1-VHHH,SRL-Y1-VHHH,9
CN,2605,RUMGU,EPGOS,W594,CN-2605-ZHCC-LAMEN-01,ZHCC-LAMEN-01,1
CN,2605,RUMGU,EPGOS,W594,CN-2605-ZHCC-RCKH-01,ZHCC-RCKH-01,1
CN,2605,RUMGU,EPGOS,W594,CN-2605-ZHCC-RCTP-01,ZHCC-RCTP-01,1
CN,2605,RUMGU,EPGOS,W594,CN-2605-ZHCC-RCYU-01,ZHCC-RCYU-01,1
CN,2605,RUPOX,LJG,B221,CN-2605-ZSWZ-ASSAD-01,ZSWZ-ASSAD-01,1
CN,2605,RUPOX,LJG,B221,CN-2605-ZSWZ-ASSAD-02,ZSWZ-ASSAD-02,1
CN,2605,RUPOX,LJG,B221,CN-2605-ZSWZ-MAGOG-01,ZSWZ-MAGOG-01,1
CN,2605,RUPOX,LJG,B221,CN-2605-ZSWZ-VHHH-01,ZSWZ-VHHH-01,1
CN,2605,RUPOX,LJG,B221,CN-2605-ZSWZ-VMMC-01,ZSWZ-VMMC-01,1
CN,2605,RUSBO,PIGAM,W203,CN-2605-BEKOL-ZYHB-01,BEKOL-ZYHB-01,7
CN,2605,RUSBO,PIGAM,W203,CN-2605-TEBAK-ZYHB-01,TEBAK-ZYHB-01,9
CN,2605,RUSBO,PIGAM,W203,CN-2605-VHHH-ZYHB-01,VHHH-ZYHB-01,7
CN,2605,RUSBO,PIGAM,W203,CN-2605-VMMC-ZYHB-01,VMMC-ZYHB-01,10
CN,2605,RUSBO,VYK,G212,CN-2605-ZYHB-TAMOT-01,ZYHB-TAMOT-01,2
CN,2605,RUSBO,VYK,G212,CN-2605-ZYHB-VHHH-01,ZYHB-VHHH-01,2
CN,2605,RUSBO,VYK,G212,CN-2605-ZYHB-VMMC-01,ZYHB-VMMC-01,2
CN,2605,RUSDO,ATMIL,W45,CN-2605-ZBAA-LINSO-01,ZBAA-LINSO-01,1
CN,2605,RUSDO,ATMIL,W45,CN-2605-ZBAA-SAGAG-01,ZBAA-SAGAG-01,1
CN,2605,RUSDO,IPLEV,W45,CN-2605-ZBAA-TAMOT-01,ZBAA-TAMOT-01,1
CN,2605,RUSDO,IPLEV,W45,CN-2605-ZBAA-VHHH-01,ZBAA-VHHH-01,1
CN,2605,RUSDO,IPLEV,W45,CN-2605-ZBAA-VMMC-01,ZBAA-VMMC-01,1
CN,2605,SADAN,KAMUD,W186,CN-2605-BEKOL-G470/L888-SGMRK,BEKOL-G470/L888-SGMRK,53
CN,2605,SADAN,KAMUD,W186,CN-2605-BEKOL-G470/L888-SRK,BEKOL-G470/L888-SRK,31
CN,2605,SADAN,KAMUD,W186,CN-2605-BEKOL-G470/L888-SRKL,BEKOL-G470/L888-SRKL,31
CN,2605,SADAN,KAMUD,W186,CN-2605-BEKOL-G470/Y1-SGMRK,BEKOL-G470/Y1-SGMRK,53
CN,2605,SADAN,KAMUD,W186,CN-2605-BEKOL-G470/Y1-SRKL,BEKOL-G470/Y1-SRKL,31
CN,2605,SADAN,KAMUD,W186,CN-2605-BEKOL-Y1-KAMUD,BEKOL-Y1-KAMUD,8
CN,2605,SADAN,KAMUD,W186,CN-2605-BEKOL-Y1-SRK,BEKOL-Y1-SRK,31
CN,2605,SADAN,KAMUD,W186,CN-2605-SAGAG-KAMUD,SAGAG-KAMUD,9
CN,2605,SADAN,KAMUD,W186,CN-2605-ZGGG-KAMUD-02,ZGGG-KAMUD-02,10
CN,2605,SADAN,KAMUD,W186,CN-2605-ZLLL-KAMUD-01,ZLLL-KAMUD-01,4
CN,2605,SADAN,KAMUD,W186,CN-2605-ZLXY-KAMUD-01,ZLXY-KAMUD-01,8
CN,2605,SADAN,KAMUD,W186,CN-2605-ZUCK-KAMUD-01,ZUCK-KAMUD-01,8
CN,2605,SADAN,KAMUD,W186,CN-2605-ZUTF-KAMUD-01,ZUTF-KAMUD-01,7
CN,2605,SADAN,KAMUD,W186,CN-2605-ZUTF-KAMUD-04,ZUTF-KAMUD-04,7
CN,2605,SADAN,KAMUD,W186,CN-2605-ZUUU-KAMUD-01,ZUUU-KAMUD-01,7
CN,2605,SADAN,KAMUD,W186,CN-2605-ZUUU-KAMUD-02,ZUUU-KAMUD-02,7
CN,2605,SADAN,KQS,W186,CN-2605-ZGGG-OGIGI-01,ZGGG-OGIGI-01,10
CN,2605,SADAN,KQS,W186,CN-2605-ZLXY-OGIGI-01,ZLXY-OGIGI-01,8
CN,2605,SADAN,OMBON,Y1,CN-2605-KAMUD-Y1-TAMOT,KAMUD-Y1-TAMOT,2
CN,2605,SADAN,OMBON,Y1,CN-2605-KAMUD-Y1-VHHH,KAMUD-Y1-VHHH,2
CN,2605,SADAN,OMBON,Y1,CN-2605-RULAD-Y1-SAGAG,RULAD-Y1-SAGAG,3
CN,2605,SADAN,OMBON,Y1,CN-2605-RULAD-Y1-TAMOT,RULAD-Y1-TAMOT,3
CN,2605,SADAN,OMBON,Y1,CN-2605-RULAD-Y1-VHHH,RULAD-Y1-VHHH,3
CN,2605,SADAN,OMBON,Y1,CN-2605-SGMRK-G470/L888-TAMOT,SGMRK-G470/L888-TAMOT,37
CN,2605,SADAN,OMBON,Y1,CN-2605-SGMRK-G470/L888-VHHH,SGMRK-G470/L888-VHHH,37
CN,2605,SADAN,OMBON,Y1,CN-2605-SGMRK-G470/Y1-TAMOT,SGMRK-G470/Y1-TAMOT,28
CN,2605,SADAN,OMBON,Y1,CN-2605-SGMRK-G470/Y1-TAMOT,SGMRK-G470/Y1-TAMOT,36
CN,2605,SADAN,OMBON,Y1,CN-2605-SGMRK-G470/Y1-VHHH,SGMRK-G470/Y1-VHHH,28
CN,2605,SADAN,OMBON,Y1,CN-2605-SGMRK-G470/Y1-VHHH,SGMRK-G470/Y1-VHHH,36
CN,2605,SADAN,OMBON,Y1,CN-2605-SGMRN-G470/Y1-TAMOT,SGMRN-G470/Y1-TAMOT,28
CN,2605,SADAN,OMBON,Y1,CN-2605-SGMRN-G470/Y1-VHHH,SGMRN-G470/Y1-VHHH,28
CN,2605,SADAN,OMBON,Y1,CN-2605-SRK-L888-TAMOT,SRK-L888-TAMOT,21
CN,2605,SADAN,OMBON,Y1,CN-2605-SRK-L888-VHHH,SRK-L888-VHHH,21
CN,2605,SADAN,OMBON,Y1,CN-2605-SRK-Y1-TAMOT,SRK-Y1-TAMOT,12
CN,2605,SADAN,OMBON,Y1,CN-2605-SRK-Y1-TAMOT,SRK-Y1-TAMOT,20
CN,2605,SADAN,OMBON,Y1,CN-2605-SRK-Y1-VHHH,SRK-Y1-VHHH,12
CN,2605,SADAN,OMBON,Y1,CN-2605-SRK-Y1-VHHH,SRK-Y1-VHHH,20
CN,2605,SADAN,OMBON,Y1,CN-2605-SRKL-L888-VHHH,SRKL-L888-VHHH,20
CN,2605,SADAN,OMBON,Y1,CN-2605-SRKL-W191/L888-TAMOT,SRKL-W191/L888-TAMOT,21
CN,2605,SADAN,OMBON,Y1,CN-2605-SRKL-W191/L888-VHHH,SRKL-W191/L888-VHHH,21
CN,2605,SADAN,OMBON,Y1,CN-2605-SRKL-W191/Y1-TAMOT,SRKL-W191/Y1-TAMOT,12
CN,2605,SADAN,OMBON,Y1,CN-2605-SRKL-W191/Y1-TAMOT,SRKL-W191/Y1-TAMOT,20
CN,2605,SADAN,OMBON,Y1,CN-2605-SRKL-W191/Y1-VHHH,SRKL-W191/Y1-VHHH,12
CN,2605,SADAN,OMBON,Y1,CN-2605-SRKL-W191/Y1-VHHH,SRKL-W191/Y1-VHHH,20
CN,2605,SADAN,OMBON,Y1,CN-2605-SRKL-Y1-VHHH,SRKL-Y1-VHHH,11
CN,2605,SADAN,OMBON,Y1,CN-2605-SRKL-Y1-VHHH,SRKL-Y1-VHHH,19
CN,2605,SADAN,OMBON,Y1,CN-2605-SRL-W191/Y1-TAMOT,SRL-W191/Y1-TAMOT,12
CN,2605,SADAN,OMBON,Y1,CN-2605-SRL-W191/Y1-VHHH,SRL-W191/Y1-VHHH,12
CN,2605,SADAN,OMBON,Y1,CN-2605-SRL-Y1-VHHH,SRL-Y1-VHHH,11
CN,2605,SADAN,TUSLI,W187,CN-2605-KAMUD-SAGAG,KAMUD-SAGAG,2
CN,2605,SADAN,TUSLI,W187,CN-2605-KAMUD-W186-VHHH,KAMUD-W186-VHHH,2
CN,2605,SADAN,TUSLI,W187,CN-2605-KAMUD-ZBAD-02,KAMUD-ZBAD-02,2
CN,2605,SADAN,TUSLI,W187,CN-2605-KAMUD-ZGGG-02,KAMUD-ZGGG-02,2
CN,2605,SADAN,TUSLI,W187,CN-2605-KAMUD-ZLXY-01,KAMUD-ZLXY-01,2
CN,2605,SADAN,TUSLI,W187,CN-2605-KAMUD-ZUCK-01,KAMUD-ZUCK-01,2
CN,2605,SADAN,TUSLI,W187,CN-2605-KAMUD-ZUTF-01,KAMUD-ZUTF-01,2
CN,2605,SADAN,TUSLI,W187,CN-2605-KAMUD-ZUUU-01,KAMUD-ZUUU-01,2
CN,2605,SADAN,XKC,L888,CN-2605-BEKOL-G470/Y1-SGMRK,BEKOL-G470/Y1-SGMRK,43
CN,2605,SADAN,XKC,L888,CN-2605-BEKOL-G470/Y1-SGMRN,BEKOL-G470/Y1-SGMRN,43
CN,2605,SADAN,XKC,L888,CN-2605-BEKOL-G470/Y1-SRKL,BEKOL-G470/Y1-SRKL,21
CN,2605,SADAN,XKC,L888,CN-2605-BEKOL-G470/Y1-SRL,BEKOL-G470/Y1-SRL,21
CN,2605,SADAN,XKC,L888,CN-2605-BEKOL-Y1-RULAD,BEKOL-Y1-RULAD,8
CN,2605,SADAN,XKC,L888,CN-2605-BEKOL-Y1-SRK,BEKOL-Y1-SRK,21
CN,2605,SADAN,XKC,L888,CN-2605-SAGAG-Y1-RULAD,SAGAG-Y1-RULAD,5
CN,2605,SADLI,DALIM,A593,CN-2605-SADLI-RULAD,SADLI-RULAD,1
CN,2605,SADLI,DUMET,A593,CN-2605-SADLI-M503-MAGOG,SADLI-M503-MAGOG,1
CN,2605,SADLI,PK,A593,CN-2605-SADLI-INTIK,SADLI-INTIK,1
CN,2605,SADLI,PK,A593,CN-2605-SADLI-NIXAL,SADLI-NIXAL,1
CN,2605,SADLI,PK,A593,CN-2605-SADLI-SAGAG,SADLI-SAGAG,1
CN,2605,SADLI,PK,A593,CN-2605-SADLI-WHA-LINSO,SADLI-WHA-LINSO,1
CN,2605,SADLI,PK,A593,CN-2605-SADLI-WHA-TEBAK,SADLI-WHA-TEBAK,1
CN,2605,SADLI,PUD,A593,CN-2605-MPSMS-TAMOT,MPSMS-TAMOT,24
CN,2605,SADLI,PUD,A593,CN-2605-MPSMS-VHHH,MPSMS-VHHH,30
CN,2605,SADLI,PUD,A593,CN-2605-SADLI-LINSO,SADLI-LINSO,1
CN,2605,SADLI,PUD,A593,CN-2605-SADLI-MAGOG,SADLI-MAGOG,1
CN,2605,SADLI,PUD,A593,CN-2605-SADLI-TAMOT,SADLI-TAMOT,1
CN,2605,SADLI,PUD,A593,CN-2605-SADLI-TEBAK,SADLI-TEBAK,1
CN,2605,SADLI,PUD,A593,CN-2605-SADLI-VHHH,SADLI-VHHH,1
CN,2605,SADLI,PUD,A593,CN-2605-SADLI-VMMC,SADLI-VMMC,1
CN,2605,SAGAG,BIDRU,A581,CN-2605-SAGAG-L888-PURPA,SAGAG-L888-PURPA,1
CN,2605,SAGAG,BIDRU,A581,CN-2605-SAGAG-L888-RULAD,SAGAG-L888-RULAD,1
CN,2605,SAGAG,ELASU,A581,CN-2605-SAGAG-ZPPP-01,SAGAG-ZPPP-01,1
CN,2605,SAGAG,GUKRU,A581,CN-2605-SAGAG-ZPJH-01,SAGAG-ZPJH-01,1
CN,2605,SAGAG,IDPOG,A581,CN-2605-SAGAG-BISUN,SAGAG-BISUN,1
CN,2605,SAGAG,IDPOG,A581,CN-2605-SAGAG-ZBAA-01,SAGAG-ZBAA-01,1
CN,2605,SAGAG,IDPOG,A581,CN-2605-SAGAG-ZBAD-01,SAGAG-ZBAD-01,1
CN,2605,SAGAG,IDPOG,A581,CN-2605-SAGAG-ZBTJ-01,SAGAG-ZBTJ-01,1
CN,2605,SAGAG,LIN,A581,CN-2605-SAGAG-ZHHH-01,SAGAG-ZHHH-01,1
CN,2605,SAGAG,QNX,A581,CN-2605-SAGAG-ZUGY-01,SAGAG-ZUGY-01,1
CN,2605,SAGAG,SGM,A581,CN-2605-SAGAG-G470-RULAD,SAGAG-G470-RULAD,1
CN,2605,SAGAG,SGM,A581,CN-2605-SAGAG-G470-SARIN,SAGAG-G470-SARIN,1
CN,2605,SAGAG,SGM,A581,CN-2605-SAGAG-KAMUD,SAGAG-KAMUD,1
CN,2605,SAGAG,SGM,A581,CN-2605-SAGAG-MORIT,SAGAG-MORIT,1
CN,2605,SAGAG,SGM,A581,CN-2605-SAGAG-NIXAL,SAGAG-NIXAL,1
CN,2605,SAGAG,SGM,A581,CN-2605-SAGAG-RULAD,SAGAG-RULAD,1
CN,2605,SAGAG,SGM,A581,CN-2605-SAGAG-SARIN,SAGAG-SARIN,1
CN,2605,SAGAG,SGM,A581,CN-2605-SAGAG-Y1-RULAD,SAGAG-Y1-RULAD,1
CN,2605,SAGAG,SGM,A581,CN-2605-SAGAG-ZBAA-02,SAGAG-ZBAA-02,1
CN,2605,SAGAG,SGM,A581,CN-2605-SAGAG-ZBDS-01,SAGAG-ZBDS-01,1
CN,2605,SAGAG,SGM,A581,CN-2605-SAGAG-ZBHH-01,SAGAG-ZBHH-01,1
CN,2605,SAGAG,SGM,A581,CN-2605-SAGAG-ZBOW-01,SAGAG-ZBOW-01,1
CN,2605,SAGAG,SGM,A581,CN-2605-SAGAG-ZBSJ-01,SAGAG-ZBSJ-01,1
CN,2605,SAGAG,SGM,A581,CN-2605-SAGAG-ZBYN-01,SAGAG-ZBYN-01,1
CN,2605,SAGAG,SGM,A581,CN-2605-SAGAG-ZLDH-01,SAGAG-ZLDH-01,1
CN,2605,SAGAG,SGM,A581,CN-2605-SAGAG-ZLIC-01,SAGAG-ZLIC-01,1
CN,2605,SAGAG,SGM,A581,CN-2605-SAGAG-ZLLL-01,SAGAG-ZLLL-01,1
CN,2605,SAGAG,SGM,A581,CN-2605-SAGAG-ZLXN-01,SAGAG-ZLXN-01,1
CN,2605,SAGAG,SGM,A581,CN-2605-SAGAG-ZLXY-01,SAGAG-ZLXY-01,1
CN,2605,SAGAG,SGM,A581,CN-2605-SAGAG-ZPLJ-01,SAGAG-ZPLJ-01,1
CN,2605,SAGAG,SGM,A581,CN-2605-SAGAG-ZSJN-01,SAGAG-ZSJN-01,1
CN,2605,SAGAG,SGM,A581,CN-2605-SAGAG-ZUCK-01,SAGAG-ZUCK-01,1
CN,2605,SAGAG,SGM,A581,CN-2605-SAGAG-ZUTF-01,SAGAG-ZUTF-01,1
CN,2605,SAGAG,SGM,A581,CN-2605-SAGAG-ZUUU-01,SAGAG-ZUUU-01,1
CN,2605,SAGAG,SGM,A581,CN-2605-SAGAG-ZWWW-01,SAGAG-ZWWW-01,1
CN,2605,SAGAG,SGM,A581,CN-2605-SAGAG-ZWWW-02,SAGAG-ZWWW-02,1
CN,2605,SAGAG,SGM,A581,CN-2605-SAGAG-ZYTX-01,SAGAG-ZYTX-01,1
CN,2605,SAGAG,WHA,A581,CN-2605-SAGAG-SADLI,SAGAG-SADLI,1
CN,2605,SAGAG,WHA,A581,CN-2605-SAGAG-ZSNJ-01,SAGAG-ZSNJ-01,1
CN,2605,SAGAG,WHA,A581,CN-2605-SAGAG-ZSOF-01,SAGAG-ZSOF-01,1
CN,2605,SAGPI,APIMI,W81,CN-2605-ZUTF-AGAVO-01,ZUTF-AGAVO-01,1
CN,2605,SAGUD,XSH,W50,CN-2605-SARIN-ZSCN-01,SARIN-ZSCN-01,9
CN,2605,SALIV,NOLON,R473,CN-2605-LAMEN-ZGSZ-01,LAMEN-ZGSZ-01,9
CN,2605,SALIV,NOLON,R473,CN-2605-SADLI-VMMC,SADLI-VMMC,9
CN,2605,SALIV,NOLON,R473,CN-2605-ZSCN-VMMC-01,ZSCN-VMMC-01,3
CN,2605,SALIV,NOLON,R473,CN-2605-ZSPD-VMMC-04,ZSPD-VMMC-04,7
CN,2605,SALIV,NOLON,R473,CN-2605-ZSSS-VMMC-02,ZSSS-VMMC-02,7
CN,2605,SAMAS,ASSAD,A202,CN-2605-ZGGG-ASSAD-01,ZGGG-ASSAD-01,4
CN,2605,SAMAS,ASSAD,A202,CN-2605-ZGSZ-ASSAD-02,ZGSZ-ASSAD-02,4
CN,2605,SAMAS,ASSAD,A202,CN-2605-ZJHK-ASSAD-01,ZJHK-ASSAD-01,2
CN,2605,SAMAS,ASSAD,A202,CN-2605-ZSAM-ASSAD-01,ZSAM-ASSAD-01,5
CN,2605,SAMAS,ASSAD,A202,CN-2605-ZSCN-ASSAD-01,ZSCN-ASSAD-01,6
CN,2605,SAMAS,ASSAD,A202,CN-2605-ZSFZ-ASSAD-01,ZSFZ-ASSAD-01,5
CN,2605,SAMAS,ASSAD,A202,CN-2605-ZSHC-ASSAD-01,ZSHC-ASSAD-01,7
CN,2605,SAMAS,ASSAD,A202,CN-2605-ZSHC-ASSAD-02,ZSHC-ASSAD-02,4
CN,2605,SAMAS,ASSAD,A202,CN-2605-ZSNB-ASSAD-01,ZSNB-ASSAD-01,5
CN,2605,SAMAS,ASSAD,A202,CN-2605-ZSNJ-ASSAD-01,ZSNJ-ASSAD-01,9
CN,2605,SAMAS,ASSAD,A202,CN-2605-ZSPD-ASSAD-01,ZSPD-ASSAD-01,10
CN,2605,SAMAS,ASSAD,A202,CN-2605-ZSSS-ASSAD-01,ZSSS-ASSAD-01,10
CN,2605,SAMAS,ASSAD,A202,CN-2605-ZSWZ-ASSAD-01,ZSWZ-ASSAD-01,5
CN,2605,SAMAS,MLT,DCT,CN-2605-ASSAD-ZJHK-01,ASSAD-ZJHK-01,2
CN,2605,SAMAS,SIKOU,A202,CN-2605-ZJHK-LAMEN-01,ZJHK-LAMEN-01,2
CN,2605,SAMAS,SIKOU,A202,CN-2605-ZJHK-RCKH-01,ZJHK-RCKH-01,2
CN,2605,SAMAS,SIKOU,A202,CN-2605-ZJHK-RCMQ-01,ZJHK-RCMQ-01,2
CN,2605,SAMAS,SIKOU,A202,CN-2605-ZJHK-RCTP-01,ZJHK-RCTP-01,2
CN,2605,SAMAS,SIKOU,A202,CN-2605-ZJHK-RCYU-01,ZJHK-RCYU-01,2
CN,2605,SAMAS,SIKOU,A202,CN-2605-ZJHK-SIKOU-01,ZJHK-SIKOU-01,2
CN,2605,SAMAS,SIKOU,A202,CN-2605-ZJHK-VHHH-01,ZJHK-VHHH-01,2
CN,2605,SAMAS,SIKOU,A202,CN-2605-ZJHK-VMMC-01,ZJHK-VMMC-01,2
CN,2605,SAMAS,SIKOU,A202,CN-2605-ZJSY-ARGUK-01,ZJSY-ARGUK-01,2
CN,2605,SAMAS,SIKOU,A202,CN-2605-ZJSY-BISUN-01,ZJSY-BISUN-01,2
CN,2605,SAMAS,SIKOU,A202,CN-2605-ZJSY-LAMEN-01,ZJSY-LAMEN-01,2
CN,2605,SAMAS,SIKOU,A202,CN-2605-ZJSY-NIXAL-01,ZJSY-NIXAL-01,2
CN,2605,SAMAS,SIKOU,A202,CN-2605-ZJSY-POLHO-01,ZJSY-POLHO-01,2
CN,2605,SAMAS,SIKOU,A202,CN-2605-ZJSY-RCKH-01,ZJSY-RCKH-01,2
CN,2605,SAMAS,SIKOU,A202,CN-2605-ZJSY-RCMQ-01,ZJSY-RCMQ-01,2
CN,2605,SAMAS,SIKOU,A202,CN-2605-ZJSY-RCTP-01,ZJSY-RCTP-01,2
CN,2605,SAMAS,SIKOU,A202,CN-2605-ZJSY-RCYU-01,ZJSY-RCYU-01,2
CN,2605,SAMAS,SIKOU,A202,CN-2605-ZJSY-SIKOU-01,ZJSY-SIKOU-01,2
CN,2605,SAMAS,SIKOU,A202,CN-2605-ZJSY-SIMLI-01,ZJSY-SIMLI-01,2
CN,2605,SAMAS,SIKOU,A202,CN-2605-ZJSY-VHHH-01,ZJSY-VHHH-01,2
CN,2605,SAMAS,SIKOU,A202,CN-2605-ZJSY-VMMC-01,ZJSY-VMMC-01,2
CN,2605,SAMAS,WL,G221,CN-2605-BISUN-ZJSY-01,BISUN-ZJSY-01,9
CN,2605,SAMAS,WL,G221,CN-2605-LAMEN-ZJSY-01,LAMEN-ZJSY-01,11
CN,2605,SAMAS,WL,G221,CN-2605-MAGIT-ZJSY-01,MAGIT-ZJSY-01,8
CN,2605,SAMAS,WL,G221,CN-2605-POLHO-ZJSY-01,POLHO-ZJSY-01,8
CN,2605,SAMAS,WL,G221,CN-2605-SIKOU-ZJSY-01,SIKOU-ZJSY-01,2
CN,2605,SAMAS,WL,G221,CN-2605-SIMLI-ZJSY-01,SIMLI-ZJSY-01,8
CN,2605,SAMAS,WL,G221,CN-2605-VHHH-ZJSY-01,VHHH-ZJSY-01,2
CN,2605,SAMAS,WL,G221,CN-2605-VMMC-ZJSY-01,VMMC-ZJSY-01,2
CN,2605,SANKO,AKARA,A326,CN-2605-BISUN-ZSPD-01,BISUN-ZSPD-01,5
CN,2605,SANKO,AKARA,A326,CN-2605-MAGIT-ZSHC-01,MAGIT-ZSHC-01,5
CN,2605,SANKO,AKARA,A326,CN-2605-MAGIT-ZSPD-02,MAGIT-ZSPD-02,5
CN,2605,SANKO,AKARA,A326,CN-2605-SIMLI-ZSHC-02,SIMLI-ZSHC-02,3
CN,2605,SANKO,AKARA,A326,CN-2605-SIMLI-ZSPD-02,SIMLI-ZSPD-02,3
CN,2605,SANKO,AKARA,A326,CN-2605-TELOK-ZSPD-01,TELOK-ZSPD-01,4
CN,2605,SANKO,AKARA,A326,CN-2605-TOMUK-ZSPD-01,TOMUK-ZSPD-01,2
CN,2605,SANKO,CHI,W107,CN-2605-AGAVO-ARGUK,AGAVO-ARGUK,3
CN,2605,SANKO,CHI,W107,CN-2605-AGAVO-AS,AGAVO-AS,3
CN,2605,SANKO,CHI,W107,CN-2605-AGAVO-AS,AGAVO-AS,9
CN,2605,SANKO,CHI,W107,CN-2605-AGAVO-BISUN,AGAVO-BISUN,3
CN,2605,SANKO,CHI,W107,CN-2605-AGAVO-SIMLI,AGAVO-SIMLI,3
CN,2605,SANKO,CHI,W107,CN-2605-AGAVO-TELOK,AGAVO-TELOK,3
CN,2605,SANKO,CHI,W107,CN-2605-AGAVO-ZYCC-01,AGAVO-ZYCC-01,3
CN,2605,SANKO,CHI,W107,CN-2605-AGAVO-ZYHB-01,AGAVO-ZYHB-01,3
CN,2605,SANKO,CHI,W107,CN-2605-AGAVO-ZYJM-01,AGAVO-ZYJM-01,3
CN,2605,SANKO,CHI,W107,CN-2605-AGAVO-ZYTX-01,AGAVO-ZYTX-01,3
CN,2605,SANKO,CHI,W107,CN-2605-RCKH-ZYCC-01,RCKH-ZYCC-01,3
CN,2605,SANKO,CHI,W107,CN-2605-RCKH-ZYHB-01,RCKH-ZYHB-01,3
CN,2605,SANKO,CHI,W107,CN-2605-RCKH-ZYTX-01,RCKH-ZYTX-01,3
CN,2605,SANKO,CHI,W107,CN-2605-RCMQ-ZYCC-01,RCMQ-ZYCC-01,3
CN,2605,SANKO,CHI,W107,CN-2605-RCMQ-ZYHB-01,RCMQ-ZYHB-01,3
CN,2605,SANKO,CHI,W107,CN-2605-RCTP-ZBLA-01,RCTP-ZBLA-01,3
CN,2605,SANKO,CHI,W107,CN-2605-RCTP-ZYCC-01,RCTP-ZYCC-01,3
CN,2605,SANKO,CHI,W107,CN-2605-RCTP-ZYHB-01,RCTP-ZYHB-01,3
CN,2605,SANKO,CHI,W107,CN-2605-RCTP-ZYTX-01,RCTP-ZYTX-01,3
CN,2605,SANKO,CHI,W107,CN-2605-RCYU-ZYCC-01,RCYU-ZYCC-01,3
CN,2605,SANKO,CHI,W107,CN-2605-RCYU-ZYHB-01,RCYU-ZYHB-01,3
CN,2605,SANKO,CHI,W107,CN-2605-RCYU-ZYTX-01,RCYU-ZYTX-01,3
CN,2605,SANKO,CHI,W107,CN-2605-ZSPD-ARGUK-02,ZSPD-ARGUK-02,2
CN,2605,SANKO,CHI,W107,CN-2605-ZSPD-BISUN-01,ZSPD-BISUN-01,2
CN,2605,SANKO,CHI,W107,CN-2605-ZSPD-SIMLI-02,ZSPD-SIMLI-02,2
CN,2605,SANKO,CHI,W107,CN-2605-ZSPD-TELOK-01,ZSPD-TELOK-01,2
CN,2605,SANKO,DONVO,A326,CN-2605-BISUN-AGAVO,BISUN-AGAVO,5
CN,2605,SANKO,DONVO,A326,CN-2605-MAGIT-AGAVO,MAGIT-AGAVO,5
CN,2605,SANKO,DONVO,A326,CN-2605-SIMLI-AGAVO,SIMLI-AGAVO,3
CN,2605,SANKO,DONVO,A326,CN-2605-SM-AGAVO,SM-AGAVO,3
CN,2605,SANKO,DONVO,A326,CN-2605-SM-AGAVO,SM-AGAVO,10
CN,2605,SANKO,DONVO,A326,CN-2605-ZYCC-AGAVO-01,ZYCC-AGAVO-01,3
CN,2605,SANKO,DONVO,A326,CN-2605-ZYHB-AGAVO-01,ZYHB-AGAVO-01,5
CN,2605,SANKO,DONVO,A326,CN-2605-ZYJM-AGAVO-01,ZYJM-AGAVO-01,4
CN,2605,SANKO,DONVO,A326,CN-2605-ZYTX-AGAVO-01,ZYTX-AGAVO-01,3
CN,2605,SANKO,MAKNO,A326,CN-2605-TOMUK-ZHCC-01,TOMUK-ZHCC-01,2
CN,2605,SANKO,MAKNO,A326,CN-2605-TOMUK-ZSJN-01,TOMUK-ZSJN-01,2
CN,2605,SANKO,MIGOL,A326,CN-2605-ZBLA-RCTP-01,ZBLA-RCTP-01,4
CN,2605,SANKO,MIGOL,A326,CN-2605-ZYCC-RCKH-01,ZYCC-RCKH-01,3
CN,2605,SANKO,MIGOL,A326,CN-2605-ZYCC-RCMQ-01,ZYCC-RCMQ-01,3
CN,2605,SANKO,MIGOL,A326,CN-2605-ZYCC-RCTP-01,ZYCC-RCTP-01,3
CN,2605,SANKO,MIGOL,A326,CN-2605-ZYCC-RCYU-01,ZYCC-RCYU-01,3
CN,2605,SANKO,MIGOL,A326,CN-2605-ZYHB-RCKH-01,ZYHB-RCKH-01,5
CN,2605,SANKO,MIGOL,A326,CN-2605-ZYHB-RCMQ-01,ZYHB-RCMQ-01,5
CN,2605,SANKO,MIGOL,A326,CN-2605-ZYHB-RCTP-01,ZYHB-RCTP-01,5
CN,2605,SANKO,MIGOL,A326,CN-2605-ZYHB-RCYU-01,ZYHB-RCYU-01,5
CN,2605,SANKO,MIGOL,A326,CN-2605-ZYTX-RCKH-01,ZYTX-RCKH-01,3
CN,2605,SANKO,MIGOL,A326,CN-2605-ZYTX-RCTP-01,ZYTX-RCTP-01,3
CN,2605,SANKO,MIGOL,A326,CN-2605-ZYTX-RCYU-01,ZYTX-RCYU-01,3
CN,2605,SANKO,RUPID,W579,CN-2605-AGAVO-ZYTL-01,AGAVO-ZYTL-01,3
CN,2605,SANKO,RUPID,W579,CN-2605-RCKH-ZYTL-01,RCKH-ZYTL-01,3
CN,2605,SANKO,RUPID,W579,CN-2605-RCTP-ZYTL-01,RCTP-ZYTL-01,3
CN,2605,SANKO,RUPID,W579,CN-2605-RCYU-ZYTL-01,RCYU-ZYTL-01,3
CN,2605,SANKO,RUPID,W579,CN-2605-TOMUK-ZYTL-01,TOMUK-ZYTL-01,2
CN,2605,SANKO,TOMUK,B332,CN-2605-BEKOL-TOMUK,BEKOL-TOMUK,7
CN,2605,SANKO,TOMUK,B332,CN-2605-TEBAK-TOMUK,TEBAK-TOMUK,9
CN,2605,SANKO,TOMUK,B332,CN-2605-VMMC-TOMUK,VMMC-TOMUK,10
CN,2605,SANKO,TOMUK,B332,CN-2605-ZBTJ-TOMUK-01,ZBTJ-TOMUK-01,5
CN,2605,SANKO,TOMUK,B332,CN-2605-ZGGG-TOMUK-01,ZGGG-TOMUK-01,6
CN,2605,SANKO,TOMUK,B332,CN-2605-ZSPD-TOMUK-01,ZSPD-TOMUK-01,2
CN,2605,SANKO,TOMUK,B332,CN-2605-ZYTL-TOMUK-01,ZYTL-TOMUK-01,2
CN,2605,SANKO,UNSEK,A326,CN-2605-TOMUK-TAMOT,TOMUK-TAMOT,2
CN,2605,SANKO,UNSEK,A326,CN-2605-TOMUK-TEBAK,TOMUK-TEBAK,2
CN,2605,SANKO,UNSEK,A326,CN-2605-TOMUK-VMMC,TOMUK-VMMC,2
CN,2605,SANKO,UNSEK,A326,CN-2605-TOMUK-ZBTJ-01,TOMUK-ZBTJ-01,2
CN,2605,SAPIN,BZ,A470,CN-2605-ZBHH-RCTP-01,ZBHH-RCTP-01,7
CN,2605,SAPIN,BZ,A470,CN-2605-ZBSJ-RCKH-01,ZBSJ-RCKH-01,6
CN,2605,SAPIN,BZ,A470,CN-2605-ZBSJ-RCTP-01,ZBSJ-RCTP-01,6
CN,2605,SAPIN,BZ,A470,CN-2605-ZBSJ-RCYU-01,ZBSJ-RCYU-01,6
CN,2605,SAPIN,BZ,A470,CN-2605-ZBYN-RCKH-01,ZBYN-RCKH-01,9
CN,2605,SAPIN,BZ,A470,CN-2605-ZBYN-RCMQ-01,ZBYN-RCMQ-01,9
CN,2605,SAPIN,BZ,A470,CN-2605-ZBYN-RCTP-01,ZBYN-RCTP-01,9
CN,2605,SAPIN,BZ,A470,CN-2605-ZBYN-RCYU-01,ZBYN-RCYU-01,9
CN,2605,SAPIN,BZ,A470,CN-2605-ZGDY-RCTP-01,ZGDY-RCTP-01,5
CN,2605,SAPIN,BZ,A470,CN-2605-ZHCC-RCKH-01,ZHCC-RCKH-01,6
CN,2605,SAPIN,BZ,A470,CN-2605-ZHCC-RCTP-01,ZHCC-RCTP-01,6
CN,2605,SAPIN,BZ,A470,CN-2605-ZHCC-RCYU-01,ZHCC-RCYU-01,6
CN,2605,SAPIN,BZ,A470,CN-2605-ZHHH-RCKH-01,ZHHH-RCKH-01,3
CN,2605,SAPIN,BZ,A470,CN-2605-ZHHH-RCNN-01,ZHHH-RCNN-01,3
CN,2605,SAPIN,BZ,A470,CN-2605-ZHHH-RCSS-01,ZHHH-RCSS-01,3
CN,2605,SAPIN,BZ,A470,CN-2605-ZHHH-RCTP-01,ZHHH-RCTP-01,3
CN,2605,SAPIN,BZ,A470,CN-2605-ZHHH-RCYU-01,ZHHH-RCYU-01,3
CN,2605,SAPIN,BZ,A470,CN-2605-ZLIC-RCTP-01,ZLIC-RCTP-01,10
CN,2605,SAPIN,BZ,A470,CN-2605-ZLXY-RCBS-01,ZLXY-RCBS-01,8
CN,2605,SAPIN,BZ,A470,CN-2605-ZLXY-RCKH-01,ZLXY-RCKH-01,8
CN,2605,SAPIN,BZ,A470,CN-2605-ZLXY-RCMQ-01,ZLXY-RCMQ-01,8
CN,2605,SAPIN,BZ,A470,CN-2605-ZLXY-RCQC-01,ZLXY-RCQC-01,8
CN,2605,SAPIN,BZ,A470,CN-2605-ZLXY-RCTP-01,ZLXY-RCTP-01,8
CN,2605,SAPIN,BZ,A470,CN-2605-ZLXY-RCYU-01,ZLXY-RCYU-01,8
CN,2605,SAPIN,BZ,A470,CN-2605-ZSCN-RCKH-01,ZSCN-RCKH-01,5
CN,2605,SAPIN,BZ,A470,CN-2605-ZSCN-RCTP-01,ZSCN-RCTP-01,5
CN,2605,SAPIN,BZ,A470,CN-2605-ZSCN-RCYU-01,ZSCN-RCYU-01,5
CN,2605,SAPIN,BZ,A470,CN-2605-ZSOF-RCKH-01,ZSOF-RCKH-01,3
CN,2605,SAPIN,BZ,A470,CN-2605-ZSOF-RCMQ-01,ZSOF-RCMQ-01,3
CN,2605,SAPIN,BZ,A470,CN-2605-ZSOF-RCTP-01,ZSOF-RCTP-01,3
CN,2605,SAPIN,BZ,A470,CN-2605-ZSOF-RCYU-01,ZSOF-RCYU-01,3
CN,2605,SAPIN,BZ,A470,CN-2605-ZWWW-RCTP-01,ZWWW-RCTP-01,11
CN,2605,SAPIN,ENVEN,A470,CN-2605-NIXAL-ZSAM-01,NIXAL-ZSAM-01,7
CN,2605,SAPIN,IGRAT,A470,CN-2605-KAMUD-ZSHC-01,KAMUD-ZSHC-01,12
CN,2605,SAPIN,IGRAT,A470,CN-2605-LINSO-ZSHC-01,LINSO-ZSHC-01,5
CN,2605,SAPIN,IGRAT,A470,CN-2605-MAGIT-ZSHC-02,MAGIT-ZSHC-02,9
CN,2605,SAPIN,IGRAT,A470,CN-2605-NIXAL-ZSHC-01,NIXAL-ZSHC-01,7
CN,2605,SAPIN,IGRAT,A470,CN-2605-POLHO-ZSHC-01,POLHO-ZSHC-01,10
CN,2605,SAPIN,IGRAT,A470,CN-2605-SARIN-ZSHC-01,SARIN-ZSHC-01,11
CN,2605,SAPIN,IGRAT,A470,CN-2605-SIMLI-ZSHC-01,SIMLI-ZSHC-01,9
CN,2605,SAPIN,KAGED,A470,CN-2605-NIXAL-ZSWZ-01,NIXAL-ZSWZ-01,7
CN,2605,SAPIN,MAGOG,A470,CN-2605-ZSOF-VMMC-01,ZSOF-VMMC-01,3
CN,2605,SAPIN,PADRU,A470,CN-2605-NIXAL-ZSFZ-01,NIXAL-ZSFZ-01,7
CN,2605,SAPIN,UGAGO,A470,CN-2605-LINSO-ZSNB-01,LINSO-ZSNB-01,5
CN,2605,SAREX,LATOP,W6,CN-2605-BISUN-VMMC,BISUN-VMMC,8
CN,2605,SAREX,LATOP,W6,CN-2605-GOLOT-VMMC,GOLOT-VMMC,9
CN,2605,SAREX,LATOP,W6,CN-2605-LINSO-VMMC,LINSO-VMMC,3
CN,2605,SAREX,LATOP,W6,CN-2605-MORIT-VMMC,MORIT-VMMC,5
CN,2605,SAREX,LATOP,W6,CN-2605-RULAD-VMMC,RULAD-VMMC,9
CN,2605,SAREX,LATOP,W6,CN-2605-SADLI-VMMC,SADLI-VMMC,12
CN,2605,SAREX,LATOP,W6,CN-2605-TEBAK-VMMC,TEBAK-VMMC,4
CN,2605,SAREX,LATOP,W6,CN-2605-TOMUK-VMMC,TOMUK-VMMC,9
CN,2605,SAREX,LATOP,W6,CN-2605-ZBAA-VMMC-01,ZBAA-VMMC-01,7
CN,2605,SAREX,LATOP,W6,CN-2605-ZBAD-VMMC-01,ZBAD-VMMC-01,5
CN,2605,SAREX,LATOP,W6,CN-2605-ZBSJ-VMMC-01,ZBSJ-VMMC-01,6
CN,2605,SAREX,LATOP,W6,CN-2605-ZBTJ-VMMC-01,ZBTJ-VMMC-01,5
CN,2605,SAREX,LATOP,W6,CN-2605-ZBYN-VMMC-01,ZBYN-VMMC-01,10
CN,2605,SAREX,LATOP,W6,CN-2605-ZGGG-VMMC-01,ZGGG-VMMC-01,1
CN,2605,SAREX,LATOP,W6,CN-2605-ZGHA-VMMC-01,ZGHA-VMMC-01,5
CN,2605,SAREX,LATOP,W6,CN-2605-ZGKL-VMMC-01,ZGKL-VMMC-01,3
CN,2605,SAREX,LATOP,W6,CN-2605-ZGNN-VMMC-01,ZGNN-VMMC-01,4
CN,2605,SAREX,LATOP,W6,CN-2605-ZHCC-VMMC-01,ZHCC-VMMC-01,5
CN,2605,SAREX,LATOP,W6,CN-2605-ZHHH-VMMC-01,ZHHH-VMMC-01,5
CN,2605,SAREX,LATOP,W6,CN-2605-ZLLL-VMMC-01,ZLLL-VMMC-01,5
CN,2605,SAREX,LATOP,W6,CN-2605-ZLXY-VMMC-01,ZLXY-VMMC-01,10
CN,2605,SAREX,LATOP,W6,CN-2605-ZPPP-VMMC-01,ZPPP-VMMC-01,3
CN,2605,SAREX,LATOP,W6,CN-2605-ZSCN-VMMC-01,ZSCN-VMMC-01,6
CN,2605,SAREX,LATOP,W6,CN-2605-ZSOF-VMMC-02,ZSOF-VMMC-02,7
CN,2605,SAREX,LATOP,W6,CN-2605-ZSPD-VMMC-04,ZSPD-VMMC-04,10
CN,2605,SAREX,LATOP,W6,CN-2605-ZSSS-VMMC-02,ZSSS-VMMC-02,10
CN,2605,SAREX,LATOP,W6,CN-2605-ZUCK-VMMC-01,ZUCK-VMMC-01,6
CN,2605,SAREX,LATOP,W6,CN-2605-ZUGY-VMMC-01,ZUGY-VMMC-01,5
CN,2605,SAREX,LATOP,W6,CN-2605-ZUTF-VMMC-01,ZUTF-VMMC-01,6
CN,2605,SAREX,LATOP,W6,CN-2605-ZUUU-VMMC-01,ZUUU-VMMC-01,5
CN,2605,SAREX,LATOP,W6,CN-2605-ZWWW-VMMC-01,ZWWW-VMMC-01,11
CN,2605,SAREX,LATOP,W6,CN-2605-ZYHB-VMMC-01,ZYHB-VMMC-01,7
CN,2605,SAREX,LATOP,W6,CN-2605-ZYTX-VMMC-01,ZYTX-VMMC-01,8
CN,2605,SARIN,AGAVO,DCT,CN-2605-AGAVO-B339-SRK,AGAVO-B339-SRK,13
CN,2605,SARIN,BEKOL,DCT,CN-2605-BEKOL-G470-SGM,BEKOL-G470-SGM,13
CN,2605,SARIN,BEKOL,DCT,CN-2605-BEKOL-G470-SGMN,BEKOL-G470-SGMN,13
CN,2605,SARIN,BEKOL,DCT,CN-2605-BEKOL-G470-SGMRK,BEKOL-G470-SGMRK,13
CN,2605,SARIN,BEKOL,DCT,CN-2605-BEKOL-G470-SGMRN,BEKOL-G470-SGMRN,13
CN,2605,SARIN,BEKOL,DCT,CN-2605-BEKOL-G470-SM,BEKOL-G470-SM,13
CN,2605,SARIN,BEKOL,DCT,CN-2605-BEKOL-G470-SRK,BEKOL-G470-SRK,13
CN,2605,SARIN,BEKOL,DCT,CN-2605-BEKOL-G470-SRKL,BEKOL-G470-SRKL,13
CN,2605,SARIN,BEKOL,DCT,CN-2605-BEKOL-G470-SRL,BEKOL-G470-SRL,13
CN,2605,SARIN,BEKOL,DCT,CN-2605-BEKOL-G470/L888-SGMRK,BEKOL-G470/L888-SGMRK,13
CN,2605,SARIN,BEKOL,DCT,CN-2605-BEKOL-G470/L888-SGMRN,BEKOL-G470/L888-SGMRN,13
CN,2605,SARIN,BEKOL,DCT,CN-2605-BEKOL-G470/L888-SRK,BEKOL-G470/L888-SRK,13
CN,2605,SARIN,BEKOL,DCT,CN-2605-BEKOL-G470/L888-SRKL,BEKOL-G470/L888-SRKL,13
CN,2605,SARIN,BEKOL,DCT,CN-2605-BEKOL-G470/L888-SRL,BEKOL-G470/L888-SRL,13
CN,2605,SARIN,BEKOL,DCT,CN-2605-BEKOL-G470/Y1-SGMRK,BEKOL-G470/Y1-SGMRK,13
CN,2605,SARIN,BEKOL,DCT,CN-2605-BEKOL-G470/Y1-SGMRN,BEKOL-G470/Y1-SGMRN,13
CN,2605,SARIN,BEKOL,DCT,CN-2605-BEKOL-G470/Y1-SRKL,BEKOL-G470/Y1-SRKL,13
CN,2605,SARIN,BEKOL,DCT,CN-2605-BEKOL-G470/Y1-SRL,BEKOL-G470/Y1-SRL,13
CN,2605,SARIN,BEKOL,DCT,CN-2605-BEKOL-SGM,BEKOL-SGM,11
CN,2605,SARIN,BEKOL,DCT,CN-2605-BEKOL-SGMN,BEKOL-SGMN,11
CN,2605,SARIN,BEKOL,DCT,CN-2605-BEKOL-SRKL,BEKOL-SRKL,11
CN,2605,SARIN,BEKOL,DCT,CN-2605-BEKOL-SRL,BEKOL-SRL,11
CN,2605,SARIN,BEKOL,DCT,CN-2605-BEKOL-Y1-SRK,BEKOL-Y1-SRK,13
CN,2605,SARIN,FKG,A368,CN-2605-SARIN-AGAVO,SARIN-AGAVO,1
CN,2605,SARIN,FKG,A368,CN-2605-SARIN-G470-SAGAG,SARIN-G470-SAGAG,1
CN,2605,SARIN,FKG,A368,CN-2605-SARIN-G470-TAMOT,SARIN-G470-TAMOT,1
CN,2605,SARIN,FKG,A368,CN-2605-SARIN-G470-TEBAK,SARIN-G470-TEBAK,1
CN,2605,SARIN,FKG,A368,CN-2605-SARIN-G470-VHHH,SARIN-G470-VHHH,1
CN,2605,SARIN,FKG,A368,CN-2605-SARIN-LINSO,SARIN-LINSO,1
CN,2605,SARIN,FKG,A368,CN-2605-SARIN-SAGAG,SARIN-SAGAG,1
CN,2605,SARIN,FKG,A368,CN-2605-SARIN-TEBUS,SARIN-TEBUS,1
CN,2605,SARIN,FKG,A368,CN-2605-SARIN-VHHH,SARIN-VHHH,1
CN,2605,SARIN,FKG,A368,CN-2605-SARIN-ZBAA-01,SARIN-ZBAA-01,1
CN,2605,SARIN,FKG,A368,CN-2605-SARIN-ZBAD-01,SARIN-ZBAD-01,1
CN,2605,SARIN,FKG,A368,CN-2605-SARIN-ZBHH-01,SARIN-ZBHH-01,1
CN,2605,SARIN,FKG,A368,CN-2605-SARIN-ZBTJ-01,SARIN-ZBTJ-01,1
CN,2605,SARIN,FKG,A368,CN-2605-SARIN-ZGGG-01,SARIN-ZGGG-01,1
CN,2605,SARIN,FKG,A368,CN-2605-SARIN-ZGGG-02,SARIN-ZGGG-02,1
CN,2605,SARIN,FKG,A368,CN-2605-SARIN-ZGSZ-01,SARIN-ZGSZ-01,1
CN,2605,SARIN,FKG,A368,CN-2605-SARIN-ZGSZ-02,SARIN-ZGSZ-02,1
CN,2605,SARIN,FKG,A368,CN-2605-SARIN-ZHCC-01,SARIN-ZHCC-01,1
CN,2605,SARIN,FKG,A368,CN-2605-SARIN-ZJHK-01,SARIN-ZJHK-01,1
CN,2605,SARIN,FKG,A368,CN-2605-SARIN-ZJSY-01,SARIN-ZJSY-01,1
CN,2605,SARIN,FKG,A368,CN-2605-SARIN-ZJSY-02,SARIN-ZJSY-02,1
CN,2605,SARIN,FKG,A368,CN-2605-SARIN-ZLIC-01,SARIN-ZLIC-01,1
CN,2605,SARIN,FKG,A368,CN-2605-SARIN-ZLLL-01,SARIN-ZLLL-01,1
CN,2605,SARIN,FKG,A368,CN-2605-SARIN-ZLLL-02,SARIN-ZLLL-02,1
CN,2605,SARIN,FKG,A368,CN-2605-SARIN-ZLXY-01,SARIN-ZLXY-01,1
CN,2605,SARIN,FKG,A368,CN-2605-SARIN-ZLXY-02,SARIN-ZLXY-02,1
CN,2605,SARIN,FKG,A368,CN-2605-SARIN-ZPPP-01,SARIN-ZPPP-01,1
CN,2605,SARIN,FKG,A368,CN-2605-SARIN-ZPPP-02,SARIN-ZPPP-02,1
CN,2605,SARIN,FKG,A368,CN-2605-SARIN-ZSCN-01,SARIN-ZSCN-01,1
CN,2605,SARIN,FKG,A368,CN-2605-SARIN-ZSCN-02,SARIN-ZSCN-02,1
CN,2605,SARIN,FKG,A368,CN-2605-SARIN-ZSHC-01,SARIN-ZSHC-01,1
CN,2605,SARIN,FKG,A368,CN-2605-SARIN-ZSJN-01,SARIN-ZSJN-01,1
CN,2605,SARIN,FKG,A368,CN-2605-SARIN-ZSNJ-01,SARIN-ZSNJ-01,1
CN,2605,SARIN,FKG,A368,CN-2605-SARIN-ZSPD-01,SARIN-ZSPD-01,1
CN,2605,SARIN,FKG,A368,CN-2605-SARIN-ZSPD-02,SARIN-ZSPD-02,1
CN,2605,SARIN,FKG,A368,CN-2605-SARIN-ZSSS-01,SARIN-ZSSS-01,1
CN,2605,SARIN,FKG,A368,CN-2605-SARIN-ZSYT-01,SARIN-ZSYT-01,1
CN,2605,SARIN,FKG,A368,CN-2605-SARIN-ZUCK-01,SARIN-ZUCK-01,1
CN,2605,SARIN,FKG,A368,CN-2605-SARIN-ZUCK-02,SARIN-ZUCK-02,1
CN,2605,SARIN,FKG,A368,CN-2605-SARIN-ZUGY-01,SARIN-ZUGY-01,1
CN,2605,SARIN,FKG,A368,CN-2605-SARIN-ZUGY-02,SARIN-ZUGY-02,1
CN,2605,SARIN,FKG,A368,CN-2605-SARIN-ZUTF-01,SARIN-ZUTF-01,1
CN,2605,SARIN,FKG,A368,CN-2605-SARIN-ZUTF-02,SARIN-ZUTF-02,1
CN,2605,SARIN,FKG,A368,CN-2605-SARIN-ZUUU-01,SARIN-ZUUU-01,1
CN,2605,SARIN,FKG,A368,CN-2605-SARIN-ZUUU-02,SARIN-ZUUU-02,1
CN,2605,SARIN,FKG,A368,CN-2605-SARIN-ZWWW-01,SARIN-ZWWW-01,1
CN,2605,SARIN,FKG,A368,CN-2605-SG-G470-TAMOT,SG-G470-TAMOT,1
CN,2605,SARIN,FKG,A368,CN-2605-SG-G470-VHHH,SG-G470-VHHH,1
CN,2605,SARIN,FKG,A368,CN-2605-SGM-G470-TAMOT,SGM-G470-TAMOT,1
CN,2605,SARIN,FKG,A368,CN-2605-SGM-G470-VHHH,SGM-G470-VHHH,1
CN,2605,SARIN,FKG,A368,CN-2605-SGM-TAMOT,SGM-TAMOT,1
CN,2605,SARIN,FKG,A368,CN-2605-SGM-VHHH,SGM-VHHH,1
CN,2605,SARIN,FKG,A368,CN-2605-SGMN-G470-TAMOT,SGMN-G470-TAMOT,1
CN,2605,SARIN,FKG,A368,CN-2605-SGMN-G470-VHHH,SGMN-G470-VHHH,1
CN,2605,SARIN,FKG,A368,CN-2605-SGMN-TAMOT,SGMN-TAMOT,1
CN,2605,SARIN,FKG,A368,CN-2605-SGMN-VHHH,SGMN-VHHH,1
CN,2605,SARIN,FKG,A368,CN-2605-SGMRK-G470-TAMOT,SGMRK-G470-TAMOT,1
CN,2605,SARIN,FKG,A368,CN-2605-SGMRK-G470-VHHH,SGMRK-G470-VHHH,1
CN,2605,SARIN,FKG,A368,CN-2605-SGMRK-G470/L888-TAMOT,SGMRK-G470/L888-TAMOT,1
CN,2605,SARIN,FKG,A368,CN-2605-SGMRK-G470/L888-VHHH,SGMRK-G470/L888-VHHH,1
CN,2605,SARIN,FKG,A368,CN-2605-SGMRK-G470/Y1-TAMOT,SGMRK-G470/Y1-TAMOT,1
CN,2605,SARIN,FKG,A368,CN-2605-SGMRK-G470/Y1-VHHH,SGMRK-G470/Y1-VHHH,1
CN,2605,SARIN,FKG,A368,CN-2605-SGMRN-G470-TAMOT,SGMRN-G470-TAMOT,1
CN,2605,SARIN,FKG,A368,CN-2605-SGMRN-G470-VHHH,SGMRN-G470-VHHH,1
CN,2605,SARIN,FKG,A368,CN-2605-SGMRN-G470/L888-TAMOT,SGMRN-G470/L888-TAMOT,1
CN,2605,SARIN,FKG,A368,CN-2605-SGMRN-G470/L888-VHHH,SGMRN-G470/L888-VHHH,1
CN,2605,SARIN,FKG,A368,CN-2605-SGMRN-G470/Y1-TAMOT,SGMRN-G470/Y1-TAMOT,1
CN,2605,SARIN,FKG,A368,CN-2605-SGMRN-G470/Y1-VHHH,SGMRN-G470/Y1-VHHH,1
CN,2605,SARIN,FKG,A368,CN-2605-SM-TAMOT,SM-TAMOT,1
CN,2605,SARIN,FKG,A368,CN-2605-SM-VHHH,SM-VHHH,1
CN,2605,SARIN,FKG,A368,CN-2605-SRK-AGAVO,SRK-AGAVO,1
CN,2605,SARIN,FKG,A368,CN-2605-SRK-L888-TAMOT,SRK-L888-TAMOT,1
CN,2605,SARIN,FKG,A368,CN-2605-SRK-L888-VHHH,SRK-L888-VHHH,1
CN,2605,SARIN,FKG,A368,CN-2605-SRK-TAMOT,SRK-TAMOT,1
CN,2605,SARIN,FKG,A368,CN-2605-SRK-VHHH,SRK-VHHH,1
CN,2605,SARIN,FKG,A368,CN-2605-SRK-Y1-TAMOT,SRK-Y1-TAMOT,1
CN,2605,SARIN,FKG,A368,CN-2605-SRK-Y1-VHHH,SRK-Y1-VHHH,1
CN,2605,SARIN,FKG,A368,CN-2605-SRKL-L888-VHHH,SRKL-L888-VHHH,1
CN,2605,SARIN,FKG,A368,CN-2605-SRKL-VHHH,SRKL-VHHH,1
CN,2605,SARIN,FKG,A368,CN-2605-SRKL-W191-TAMOT,SRKL-W191-TAMOT,1
CN,2605,SARIN,FKG,A368,CN-2605-SRKL-W191-VHHH,SRKL-W191-VHHH,1
CN,2605,SARIN,FKG,A368,CN-2605-SRKL-W191/L888-TAMOT,SRKL-W191/L888-TAMOT,1
CN,2605,SARIN,FKG,A368,CN-2605-SRKL-W191/L888-VHHH,SRKL-W191/L888-VHHH,1
CN,2605,SARIN,FKG,A368,CN-2605-SRKL-W191/Y1-TAMOT,SRKL-W191/Y1-TAMOT,1
CN,2605,SARIN,FKG,A368,CN-2605-SRKL-W191/Y1-VHHH,SRKL-W191/Y1-VHHH,1
CN,2605,SARIN,FKG,A368,CN-2605-SRKL-Y1-VHHH,SRKL-Y1-VHHH,1
CN,2605,SARIN,FKG,A368,CN-2605-SRL-L888-VHHH,SRL-L888-VHHH,1
CN,2605,SARIN,FKG,A368,CN-2605-SRL-TAMOT,SRL-TAMOT,1
CN,2605,SARIN,FKG,A368,CN-2605-SRL-VHHH,SRL-VHHH,1
CN,2605,SARIN,FKG,A368,CN-2605-SRL-W191-TAMOT,SRL-W191-TAMOT,1
CN,2605,SARIN,FKG,A368,CN-2605-SRL-W191-VHHH,SRL-W191-VHHH,1
CN,2605,SARIN,FKG,A368,CN-2605-SRL-W191/L888-TAMOT,SRL-W191/L888-TAMOT,1
CN,2605,SARIN,FKG,A368,CN-2605-SRL-W191/L888-VHHH,SRL-W191/L888-VHHH,1
CN,2605,SARIN,FKG,A368,CN-2605-SRL-W191/Y1-TAMOT,SRL-W191/Y1-TAMOT,1
CN,2605,SARIN,FKG,A368,CN-2605-SRL-W191/Y1-VHHH,SRL-W191/Y1-VHHH,1
CN,2605,SARIN,FKG,A368,CN-2605-SRL-Y1-VHHH,SRL-Y1-VHHH,1
CN,2605,SARUG,GOSMA,R343,CN-2605-ZGNN-LAMEN-01,ZGNN-LAMEN-01,1
CN,2605,SARUL,IKARU,G338,CN-2605-SARUL-ZBMZ-01,SARUL-ZBMZ-01,1
CN,2605,SARUL,KAGAK,G338,CN-2605-SARUL-ZBLA-01,SARUL-ZBLA-01,1
CN,2605,SARUL,KAGAK,G338,CN-2605-SARUL-ZYCC-01,SARUL-ZYCC-01,1
CN,2605,SASAN,EKIMU,R343,CN-2605-KAMUD-ZSPD-01,KAMUD-ZSPD-01,14
CN,2605,SASAN,EKIMU,R343,CN-2605-MAGIT-ZSPD-01,MAGIT-ZSPD-01,10
CN,2605,SASAN,EKIMU,R343,CN-2605-POLHO-ZSPD-01,POLHO-ZSPD-01,11
CN,2605,SASAN,EKIMU,R343,CN-2605-PURPA-ZSPD-01,PURPA-ZSPD-01,15
CN,2605,SASAN,EKIMU,R343,CN-2605-PURPA-ZSPD-03,PURPA-ZSPD-03,15
CN,2605,SASAN,EKIMU,R343,CN-2605-RULAD-ZSPD-01,RULAD-ZSPD-01,14
CN,2605,SASAN,EKIMU,R343,CN-2605-SARIN-ZSPD-02,SARIN-ZSPD-02,13
CN,2605,SASAN,EKIMU,R343,CN-2605-SIMLI-ZSPD-01,SIMLI-ZSPD-01,10
CN,2605,SASAN,PK,R343,CN-2605-MAGIT-ZSSS-01,MAGIT-ZSSS-01,10
CN,2605,SASAN,PK,R343,CN-2605-POLHO-ZSSS-01,POLHO-ZSSS-01,11
CN,2605,SASAN,PK,R343,CN-2605-PURPA-ZSSS-01,PURPA-ZSSS-01,15
CN,2605,SASAN,PK,R343,CN-2605-PURPA-ZSSS-02,PURPA-ZSSS-02,15
CN,2605,SASAN,PK,R343,CN-2605-SARIN-ZSSS-01,SARIN-ZSSS-01,13
CN,2605,SASAN,PK,R343,CN-2605-SIMLI-ZSSS-01,SIMLI-ZSSS-01,10
CN,2605,SAVNO,LENKO,W171,CN-2605-ZJSY-LAMEN-02,ZJSY-LAMEN-02,2
CN,2605,SAVNO,LENKO,W171,CN-2605-ZJSY-VHHH-02,ZJSY-VHHH-02,2
CN,2605,SEBMO,RUKLI,W227,CN-2605-TEBAK-ZGHA-01,TEBAK-ZGHA-01,4
CN,2605,SELGO,IVTIN,W247,CN-2605-INTIK-ZBAD-01,INTIK-ZBAD-01,4
CN,2605,SELGO,IVTIN,W247,CN-2605-POLHO-ZBAD-01,POLHO-ZBAD-01,3
CN,2605,SGM,ADBAG,A599,CN-2605-MORIT-KATBO,MORIT-KATBO,3
CN,2605,SGM,ADBAG,A599,CN-2605-ZBDS-KATBO-01,ZBDS-KATBO-01,3
CN,2605,SGM,ADBAG,A599,CN-2605-ZGDY-KATBO-01,ZGDY-KATBO-01,5
CN,2605,SGM,ADBAG,A599,CN-2605-ZLIC-KATBO-01,ZLIC-KATBO-01,4
CN,2605,SGM,ADBAG,A599,CN-2605-ZLLL-KATBO-01,ZLLL-KATBO-01,3
CN,2605,SGM,ADBAG,A599,CN-2605-ZLXY-KATBO-01,ZLXY-KATBO-01,4
CN,2605,SGM,ADBAG,A599,CN-2605-ZUCK-KATBO-01,ZUCK-KATBO-01,3
CN,2605,SGM,ADBAG,A599,CN-2605-ZUGY-KATBO-01,ZUGY-KATBO-01,4
CN,2605,SGM,ADBAG,A599,CN-2605-ZUTF-KATBO-01,ZUTF-KATBO-01,2
CN,2605,SGM,ADBAG,A599,CN-2605-ZUUU-KATBO-01,ZUUU-KATBO-01,2
CN,2605,SGM,GULOT,A599,CN-2605-SAGAG-ZPLJ-01,SAGAG-ZPLJ-01,2
CN,2605,SGM,HUY,A581,CN-2605-KATBO-ZGDY-01,KATBO-ZGDY-01,3
CN,2605,SGM,IDPOG,A581,CN-2605-LINSO-AGAVO,LINSO-AGAVO,2
CN,2605,SGM,IDPOG,A581,CN-2605-LINSO-BISUN,LINSO-BISUN,2
CN,2605,SGM,IDPOG,A581,CN-2605-LINSO-ZBAA-01,LINSO-ZBAA-01,2
CN,2605,SGM,IDPOG,A581,CN-2605-LINSO-ZBAD-01,LINSO-ZBAD-01,2
CN,2605,SGM,IDPOG,A581,CN-2605-LINSO-ZBHH-01,LINSO-ZBHH-01,2
CN,2605,SGM,IDPOG,A581,CN-2605-LINSO-ZBTJ-01,LINSO-ZBTJ-01,2
CN,2605,SGM,IDPOG,A581,CN-2605-LINSO-ZHCC-01,LINSO-ZHCC-01,2
CN,2605,SGM,IDPOG,A581,CN-2605-LINSO-ZSCN-01,LINSO-ZSCN-01,2
CN,2605,SGM,IDPOG,A581,CN-2605-LINSO-ZSJN-01,LINSO-ZSJN-01,2
CN,2605,SGM,IDPOG,A581,CN-2605-LINSO-ZSQD-01,LINSO-ZSQD-01,2
CN,2605,SGM,IDPOG,A581,CN-2605-LINSO-ZSYT-01,LINSO-ZSYT-01,2
CN,2605,SGM,IDPOG,A581,CN-2605-RKL-AGAVO,RKL-AGAVO,26
CN,2605,SGM,IGNAK,W144,CN-2605-KATBO-MORIT,KATBO-MORIT,3
CN,2605,SGM,IGNAK,W144,CN-2605-KATBO-ZBDS-01,KATBO-ZBDS-01,3
CN,2605,SGM,IGNAK,W144,CN-2605-KATBO-ZLIC-01,KATBO-ZLIC-01,3
CN,2605,SGM,IGNAK,W144,CN-2605-KATBO-ZLLL-01,KATBO-ZLLL-01,3
CN,2605,SGM,IGNAK,W144,CN-2605-KATBO-ZLXY-01,KATBO-ZLXY-01,3
CN,2605,SGM,IGNAK,W144,CN-2605-KATBO-ZUTF-01,KATBO-ZUTF-01,3
CN,2605,SGM,IGNAK,W144,CN-2605-KATBO-ZUUU-01,KATBO-ZUUU-01,3
CN,2605,SGM,IGNAK,W144,CN-2605-LINSO-MORIT,LINSO-MORIT,2
CN,2605,SGM,IGNAK,W144,CN-2605-LINSO-RULAD,LINSO-RULAD,2
CN,2605,SGM,IGNAK,W144,CN-2605-LINSO-SARIN,LINSO-SARIN,2
CN,2605,SGM,IGNAK,W144,CN-2605-LINSO-ZBAA-02,LINSO-ZBAA-02,2
CN,2605,SGM,IGNAK,W144,CN-2605-LINSO-ZBAD-02,LINSO-ZBAD-02,2
CN,2605,SGM,IGNAK,W144,CN-2605-LINSO-ZBSJ-01,LINSO-ZBSJ-01,2
CN,2605,SGM,IGNAK,W144,CN-2605-LINSO-ZBTJ-02,LINSO-ZBTJ-02,2
CN,2605,SGM,IGNAK,W144,CN-2605-LINSO-ZBYN-01,LINSO-ZBYN-01,2
CN,2605,SGM,IGNAK,W144,CN-2605-LINSO-ZLIC-01,LINSO-ZLIC-01,2
CN,2605,SGM,IGNAK,W144,CN-2605-LINSO-ZLLL-01,LINSO-ZLLL-01,2
CN,2605,SGM,IGNAK,W144,CN-2605-LINSO-ZLXY-01,LINSO-ZLXY-01,2
CN,2605,SGM,IGNAK,W144,CN-2605-LINSO-ZSQD-02,LINSO-ZSQD-02,2
CN,2605,SGM,IGNAK,W144,CN-2605-LINSO-ZUTF-01,LINSO-ZUTF-01,2
CN,2605,SGM,IGNAK,W144,CN-2605-LINSO-ZUUU-01,LINSO-ZUUU-01,2
CN,2605,SGM,IGNAK,W144,CN-2605-SAGAG-G470-RULAD,SAGAG-G470-RULAD,2
CN,2605,SGM,IGNAK,W144,CN-2605-SAGAG-G470-SARIN,SAGAG-G470-SARIN,2
CN,2605,SGM,IGNAK,W144,CN-2605-SAGAG-KAMUD,SAGAG-KAMUD,2
CN,2605,SGM,IGNAK,W144,CN-2605-SAGAG-MORIT,SAGAG-MORIT,2
CN,2605,SGM,IGNAK,W144,CN-2605-SAGAG-NIXAL,SAGAG-NIXAL,2
CN,2605,SGM,IGNAK,W144,CN-2605-SAGAG-RULAD,SAGAG-RULAD,2
CN,2605,SGM,IGNAK,W144,CN-2605-SAGAG-SARIN,SAGAG-SARIN,2
CN,2605,SGM,IGNAK,W144,CN-2605-SAGAG-Y1-RULAD,SAGAG-Y1-RULAD,2
CN,2605,SGM,IGNAK,W144,CN-2605-SAGAG-ZBAA-02,SAGAG-ZBAA-02,2
CN,2605,SGM,IGNAK,W144,CN-2605-SAGAG-ZBDS-01,SAGAG-ZBDS-01,2
CN,2605,SGM,IGNAK,W144,CN-2605-SAGAG-ZBHH-01,SAGAG-ZBHH-01,2
CN,2605,SGM,IGNAK,W144,CN-2605-SAGAG-ZBOW-01,SAGAG-ZBOW-01,2
CN,2605,SGM,IGNAK,W144,CN-2605-SAGAG-ZBSJ-01,SAGAG-ZBSJ-01,2
CN,2605,SGM,IGNAK,W144,CN-2605-SAGAG-ZBYN-01,SAGAG-ZBYN-01,2
CN,2605,SGM,IGNAK,W144,CN-2605-SAGAG-ZLDH-01,SAGAG-ZLDH-01,2
CN,2605,SGM,IGNAK,W144,CN-2605-SAGAG-ZLIC-01,SAGAG-ZLIC-01,2
CN,2605,SGM,IGNAK,W144,CN-2605-SAGAG-ZLLL-01,SAGAG-ZLLL-01,2
CN,2605,SGM,IGNAK,W144,CN-2605-SAGAG-ZLXN-01,SAGAG-ZLXN-01,2
CN,2605,SGM,IGNAK,W144,CN-2605-SAGAG-ZLXY-01,SAGAG-ZLXY-01,2
CN,2605,SGM,IGNAK,W144,CN-2605-SAGAG-ZSJN-01,SAGAG-ZSJN-01,2
CN,2605,SGM,IGNAK,W144,CN-2605-SAGAG-ZUTF-01,SAGAG-ZUTF-01,2
CN,2605,SGM,IGNAK,W144,CN-2605-SAGAG-ZUUU-01,SAGAG-ZUUU-01,2
CN,2605,SGM,IGNAK,W144,CN-2605-SAGAG-ZWWW-01,SAGAG-ZWWW-01,2
CN,2605,SGM,IGNAK,W144,CN-2605-SAGAG-ZWWW-02,SAGAG-ZWWW-02,2
CN,2605,SGM,IGNAK,W144,CN-2605-SAGAG-ZYTX-01,SAGAG-ZYTX-01,2
CN,2605,SGM,IGNAK,W144,CN-2605-SIKOU-SARIN,SIKOU-SARIN,3
CN,2605,SGM,LIN,A581,CN-2605-LINSO-ZHEC-01,LINSO-ZHEC-01,2
CN,2605,SGM,LIN,A581,CN-2605-LINSO-ZHHH-01,LINSO-ZHHH-01,2
CN,2605,SGM,LINSO,A599,CN-2605-AGAVO-LINSO,AGAVO-LINSO,8
CN,2605,SGM,LINSO,A599,CN-2605-AGAVO-RKL,AGAVO-RKL,34
CN,2605,SGM,LINSO,A599,CN-2605-BEKOL-G470-SRKL,BEKOL-G470-SRKL,53
CN,2605,SGM,LINSO,A599,CN-2605-BEKOL-G470-SRL,BEKOL-G470-SRL,38
CN,2605,SGM,LINSO,A599,CN-2605-BEKOL-G470/L888-SRKL,BEKOL-G470/L888-SRKL,42
CN,2605,SGM,LINSO,A599,CN-2605-BEKOL-G470/L888-SRL,BEKOL-G470/L888-SRL,33
CN,2605,SGM,LINSO,A599,CN-2605-BEKOL-G470/Y1-SRKL,BEKOL-G470/Y1-SRKL,42
CN,2605,SGM,LINSO,A599,CN-2605-BEKOL-G470/Y1-SRL,BEKOL-G470/Y1-SRL,33
CN,2605,SGM,LINSO,A599,CN-2605-BEKOL-SRKL,BEKOL-SRKL,45
CN,2605,SGM,LINSO,A599,CN-2605-BEKOL-SRL,BEKOL-SRL,33
CN,2605,SGM,LINSO,A599,CN-2605-BISUN-LINSO,BISUN-LINSO,9
CN,2605,SGM,LINSO,A599,CN-2605-MORIT-LINSO,MORIT-LINSO,3
CN,2605,SGM,LINSO,A599,CN-2605-RULAD-LINSO,RULAD-LINSO,8
CN,2605,SGM,LINSO,A599,CN-2605-SADLI-WHA-LINSO,SADLI-WHA-LINSO,10
CN,2605,SGM,LINSO,A599,CN-2605-SARIN-LINSO,SARIN-LINSO,7
CN,2605,SGM,LINSO,A599,CN-2605-ZBAA-LINSO-01,ZBAA-LINSO-01,5
CN,2605,SGM,LINSO,A599,CN-2605-ZBAD-LINSO-01,ZBAD-LINSO-01,6
CN,2605,SGM,LINSO,A599,CN-2605-ZBAD-LINSO-02,ZBAD-LINSO-02,6
CN,2605,SGM,LINSO,A599,CN-2605-ZBSJ-LINSO-01,ZBSJ-LINSO-01,5
CN,2605,SGM,LINSO,A599,CN-2605-ZBTJ-LINSO-01,ZBTJ-LINSO-01,6
CN,2605,SGM,LINSO,A599,CN-2605-ZBTJ-LINSO-02,ZBTJ-LINSO-02,5
CN,2605,SGM,LINSO,A599,CN-2605-ZBYN-LINSO-01,ZBYN-LINSO-01,4
CN,2605,SGM,LINSO,A599,CN-2605-ZBYN-LINSO-02,ZBYN-LINSO-02,4
CN,2605,SGM,LINSO,A599,CN-2605-ZGHA-LINSO-01,ZGHA-LINSO-01,8
CN,2605,SGM,LINSO,A599,CN-2605-ZHCC-LINSO-01,ZHCC-LINSO-01,6
CN,2605,SGM,LINSO,A599,CN-2605-ZHEC-LINSO-01,ZHEC-LINSO-01,4
CN,2605,SGM,LINSO,A599,CN-2605-ZHHH-LINSO-01,ZHHH-LINSO-01,4
CN,2605,SGM,LINSO,A599,CN-2605-ZLIC-LINSO-01,ZLIC-LINSO-01,4
CN,2605,SGM,LINSO,A599,CN-2605-ZLLL-LINSO-01,ZLLL-LINSO-01,3
CN,2605,SGM,LINSO,A599,CN-2605-ZLXY-LINSO-01,ZLXY-LINSO-01,4
CN,2605,SGM,LINSO,A599,CN-2605-ZSCN-LINSO-01,ZSCN-LINSO-01,6
CN,2605,SGM,LINSO,A599,CN-2605-ZSHC-LINSO-01,ZSHC-LINSO-01,11
CN,2605,SGM,LINSO,A599,CN-2605-ZSJN-LINSO-01,ZSJN-LINSO-01,7
CN,2605,SGM,LINSO,A599,CN-2605-ZSNB-LINSO-01,ZSNB-LINSO-01,14
CN,2605,SGM,LINSO,A599,CN-2605-ZSNJ-LINSO-01,ZSNJ-LINSO-01,6
CN,2605,SGM,LINSO,A599,CN-2605-ZSNT-LINSO-01,ZSNT-LINSO-01,12
CN,2605,SGM,LINSO,A599,CN-2605-ZSOF-LINSO-01,ZSOF-LINSO-01,6
CN,2605,SGM,LINSO,A599,CN-2605-ZSPD-LINSO-01,ZSPD-LINSO-01,11
CN,2605,SGM,LINSO,A599,CN-2605-ZSQD-LINSO-01,ZSQD-LINSO-01,9
CN,2605,SGM,LINSO,A599,CN-2605-ZSQD-LINSO-02,ZSQD-LINSO-02,9
CN,2605,SGM,LINSO,A599,CN-2605-ZSSS-LINSO-01,ZSSS-LINSO-01,11
CN,2605,SGM,LINSO,A599,CN-2605-ZSXZ-LINSO-01,ZSXZ-LINSO-01,7
CN,2605,SGM,LINSO,A599,CN-2605-ZSYA-LINSO-01,ZSYA-LINSO-01,11
CN,2605,SGM,LINSO,A599,CN-2605-ZSYT-LINSO-01,ZSYT-LINSO-01,7
CN,2605,SGM,LINSO,A599,CN-2605-ZUCK-LINSO-01,ZUCK-LINSO-01,3
CN,2605,SGM,LINSO,A599,CN-2605-ZUGY-LINSO-01,ZUGY-LINSO-01,4
CN,2605,SGM,LINSO,A599,CN-2605-ZUTF-LINSO-01,ZUTF-LINSO-01,2
CN,2605,SGM,LINSO,A599,CN-2605-ZUUU-LINSO-01,ZUUU-LINSO-01,2
CN,2605,SGM,NOMUK,A581,CN-2605-LINSO-ZGHA-01,LINSO-ZGHA-01,2
CN,2605,SGM,QNX,A581,CN-2605-KATBO-ZUGY-01,KATBO-ZUGY-01,3
CN,2605,SGM,QNX,A581,CN-2605-LINSO-ZUGY-01,LINSO-ZUGY-01,2
CN,2605,SGM,SAGAG,A581,CN-2605-KAMUD-SAGAG,KAMUD-SAGAG,8
CN,2605,SGM,SAGAG,A581,CN-2605-MORIT-SAGAG,MORIT-SAGAG,3
CN,2605,SGM,SAGAG,A581,CN-2605-NIXAL-SAGAG,NIXAL-SAGAG,5
CN,2605,SGM,SAGAG,A581,CN-2605-PURPA-W112-SAGAG,PURPA-W112-SAGAG,8
CN,2605,SGM,SAGAG,A581,CN-2605-RULAD-G470-SAGAG,RULAD-G470-SAGAG,8
CN,2605,SGM,SAGAG,A581,CN-2605-RULAD-SAGAG,RULAD-SAGAG,7
CN,2605,SGM,SAGAG,A581,CN-2605-RULAD-Y1-SAGAG,RULAD-Y1-SAGAG,7
CN,2605,SGM,SAGAG,A581,CN-2605-SARIN-G470-SAGAG,SARIN-G470-SAGAG,7
CN,2605,SGM,SAGAG,A581,CN-2605-SARIN-SAGAG,SARIN-SAGAG,6
CN,2605,SGM,SAGAG,A581,CN-2605-ZBDS-SAGAG-01,ZBDS-SAGAG-01,3
CN,2605,SGM,SAGAG,A581,CN-2605-ZBYN-SAGAG-01,ZBYN-SAGAG-01,4
CN,2605,SGM,SAGAG,A581,CN-2605-ZLDH-SAGAG-01,ZLDH-SAGAG-01,6
CN,2605,SGM,SAGAG,A581,CN-2605-ZLIC-SAGAG-01,ZLIC-SAGAG-01,4
CN,2605,SGM,SAGAG,A581,CN-2605-ZLLL-SAGAG-01,ZLLL-SAGAG-01,3
CN,2605,SGM,SAGAG,A581,CN-2605-ZLXN-SAGAG-01,ZLXN-SAGAG-01,4
CN,2605,SGM,SAGAG,A581,CN-2605-ZLXY-SAGAG-01,ZLXY-SAGAG-01,4
CN,2605,SGM,SAGAG,A581,CN-2605-ZPLJ-SAGAG-01,ZPLJ-SAGAG-01,4
CN,2605,SGM,SAGAG,A581,CN-2605-ZPMS-SAGAG-01,ZPMS-SAGAG-01,3
CN,2605,SGM,SAGAG,A581,CN-2605-ZUTF-SAGAG-01,ZUTF-SAGAG-01,2
CN,2605,SGM,SAGAG,A581,CN-2605-ZUUU-SAGAG-01,ZUUU-SAGAG-01,2
CN,2605,SGM,SAGAG,A581,CN-2605-ZWWW-SAGAG-01,ZWWW-SAGAG-01,6
CN,2605,SGM,SAGAG,A581,CN-2605-ZWWW-SAGAG-02,ZWWW-SAGAG-02,9
CN,2605,SGM,SAGAG,A581,CN-2605-ZYTX-SAGAG-01,ZYTX-SAGAG-01,8
CN,2605,SGM,WHA,A581,CN-2605-LINSO-WHA-SADLI,LINSO-WHA-SADLI,2
CN,2605,SGM,WHA,A581,CN-2605-LINSO-ZSHC-01,LINSO-ZSHC-01,2
CN,2605,SGM,WHA,A581,CN-2605-LINSO-ZSNB-01,LINSO-ZSNB-01,2
CN,2605,SGM,WHA,A581,CN-2605-LINSO-ZSNJ-01,LINSO-ZSNJ-01,2
CN,2605,SGM,WHA,A581,CN-2605-LINSO-ZSNT-01,LINSO-ZSNT-01,2
CN,2605,SGM,WHA,A581,CN-2605-LINSO-ZSOF-01,LINSO-ZSOF-01,2
CN,2605,SGM,WHA,A581,CN-2605-LINSO-ZSPD-01,LINSO-ZSPD-01,2
CN,2605,SGM,WHA,A581,CN-2605-LINSO-ZSSS-01,LINSO-ZSSS-01,2
CN,2605,SGM,WHA,A581,CN-2605-LINSO-ZSXZ-01,LINSO-ZSXZ-01,2
CN,2605,SGM,WHA,A581,CN-2605-LINSO-ZSYA-01,LINSO-ZSYA-01,2
CN,2605,SGM,ZAT,W144,CN-2605-KATBO-ZUCK-01,KATBO-ZUCK-01,3
CN,2605,SGM,ZAT,W144,CN-2605-LINSO-ZUCK-01,LINSO-ZUCK-01,2
CN,2605,SGM,ZAT,W144,CN-2605-SAGAG-ZUCK-01,SAGAG-ZUCK-01,2
CN,2605,SHL,GUBLO,W22,CN-2605-LINSO-ZSAM-01,LINSO-ZSAM-01,3
CN,2605,SHL,GUBLO,W22,CN-2605-LINSO-ZSFZ-01,LINSO-ZSFZ-01,3
CN,2605,SHL,GUBLO,W22,CN-2605-TEBAK-ZSAM-01,TEBAK-ZSAM-01,4
CN,2605,SHL,GUBLO,W22,CN-2605-ZGKL-RCKH-01,ZGKL-RCKH-01,3
CN,2605,SHL,GUBLO,W22,CN-2605-ZGKL-RCTP-01,ZGKL-RCTP-01,3
CN,2605,SHL,GUBLO,W22,CN-2605-ZGKL-RCYU-01,ZGKL-RCYU-01,3
CN,2605,SHL,GUBLO,W22,CN-2605-ZGNN-RCKH-01,ZGNN-RCKH-01,4
CN,2605,SHL,GUBLO,W22,CN-2605-ZGNN-RCTP-01,ZGNN-RCTP-01,4
CN,2605,SHL,GUBLO,W22,CN-2605-ZGNN-RCYU-01,ZGNN-RCYU-01,4
CN,2605,SHL,GUBLO,W22,CN-2605-ZLXN-RCTP-01,ZLXN-RCTP-01,6
CN,2605,SHL,GUBLO,W22,CN-2605-ZPLJ-RCTP-01,ZPLJ-RCTP-01,5
CN,2605,SHL,GUBLO,W22,CN-2605-ZPPP-RCBS-01,ZPPP-RCBS-01,3
CN,2605,SHL,GUBLO,W22,CN-2605-ZPPP-RCKH-01,ZPPP-RCKH-01,3
CN,2605,SHL,GUBLO,W22,CN-2605-ZPPP-RCMQ-01,ZPPP-RCMQ-01,3
CN,2605,SHL,GUBLO,W22,CN-2605-ZPPP-RCTP-01,ZPPP-RCTP-01,3
CN,2605,SHL,GUBLO,W22,CN-2605-ZPPP-RCYU-01,ZPPP-RCYU-01,3
CN,2605,SHL,GUBLO,W22,CN-2605-ZUCK-RCKH-01,ZUCK-RCKH-01,6
CN,2605,SHL,GUBLO,W22,CN-2605-ZUCK-RCMQ-01,ZUCK-RCMQ-01,6
CN,2605,SHL,GUBLO,W22,CN-2605-ZUCK-RCSS-01,ZUCK-RCSS-01,6
CN,2605,SHL,GUBLO,W22,CN-2605-ZUCK-RCTP-01,ZUCK-RCTP-01,6
CN,2605,SHL,GUBLO,W22,CN-2605-ZUCK-RCYU-01,ZUCK-RCYU-01,6
CN,2605,SHL,GUBLO,W22,CN-2605-ZUGY-RCKH-01,ZUGY-RCKH-01,5
CN,2605,SHL,GUBLO,W22,CN-2605-ZUGY-RCTP-01,ZUGY-RCTP-01,5
CN,2605,SHL,GUBLO,W22,CN-2605-ZUGY-RCYU-01,ZUGY-RCYU-01,5
CN,2605,SHL,GUBLO,W22,CN-2605-ZUTF-RCSS-01,ZUTF-RCSS-01,6
CN,2605,SHL,GUBLO,W22,CN-2605-ZUTF-RCTP-01,ZUTF-RCTP-01,6
CN,2605,SHL,GUBLO,W22,CN-2605-ZUUU-RCKH-01,ZUUU-RCKH-01,5
CN,2605,SHL,GUBLO,W22,CN-2605-ZUUU-RCMQ-01,ZUUU-RCMQ-01,5
CN,2605,SHL,GUBLO,W22,CN-2605-ZUUU-RCSS-01,ZUUU-RCSS-01,5
CN,2605,SHL,GUBLO,W22,CN-2605-ZUUU-RCTP-01,ZUUU-RCTP-01,5
CN,2605,SHL,GUBLO,W22,CN-2605-ZUUU-RCYU-01,ZUUU-RCYU-01,5
CN,2605,SHL,TEPID,W22,CN-2605-BEKOL-APSMS,BEKOL-APSMS,22
CN,2605,SHL,TEPID,W22,CN-2605-BEKOL-G470-KAMUD,BEKOL-G470-KAMUD,2
CN,2605,SHL,TEPID,W22,CN-2605-BEKOL-G470-RULAD,BEKOL-G470-RULAD,2
CN,2605,SHL,TEPID,W22,CN-2605-BEKOL-G470-SARIN,BEKOL-G470-SARIN,2
CN,2605,SHL,TEPID,W22,CN-2605-BEKOL-G470-SGM,BEKOL-G470-SGM,2
CN,2605,SHL,TEPID,W22,CN-2605-BEKOL-G470-SGM,BEKOL-G470-SGM,15
CN,2605,SHL,TEPID,W22,CN-2605-BEKOL-G470-SGM,BEKOL-G470-SGM,29
CN,2605,SHL,TEPID,W22,CN-2605-BEKOL-G470-SGMN,BEKOL-G470-SGMN,2
CN,2605,SHL,TEPID,W22,CN-2605-BEKOL-G470-SGMN,BEKOL-G470-SGMN,15
CN,2605,SHL,TEPID,W22,CN-2605-BEKOL-G470-SGMN,BEKOL-G470-SGMN,29
CN,2605,SHL,TEPID,W22,CN-2605-BEKOL-G470-SGMRK,BEKOL-G470-SGMRK,2
CN,2605,SHL,TEPID,W22,CN-2605-BEKOL-G470-SGMRK,BEKOL-G470-SGMRK,15
CN,2605,SHL,TEPID,W22,CN-2605-BEKOL-G470-SGMRK,BEKOL-G470-SGMRK,29
CN,2605,SHL,TEPID,W22,CN-2605-BEKOL-G470-SGMRK,BEKOL-G470-SGMRK,37
CN,2605,SHL,TEPID,W22,CN-2605-BEKOL-G470-SGMRK,BEKOL-G470-SGMRK,52
CN,2605,SHL,TEPID,W22,CN-2605-BEKOL-G470-SGMRN,BEKOL-G470-SGMRN,2
CN,2605,SHL,TEPID,W22,CN-2605-BEKOL-G470-SGMRN,BEKOL-G470-SGMRN,15
CN,2605,SHL,TEPID,W22,CN-2605-BEKOL-G470-SGMRN,BEKOL-G470-SGMRN,29
CN,2605,SHL,TEPID,W22,CN-2605-BEKOL-G470-SGMRN,BEKOL-G470-SGMRN,37
CN,2605,SHL,TEPID,W22,CN-2605-BEKOL-G470-SM,BEKOL-G470-SM,2
CN,2605,SHL,TEPID,W22,CN-2605-BEKOL-G470-SM,BEKOL-G470-SM,15
CN,2605,SHL,TEPID,W22,CN-2605-BEKOL-G470-SRK,BEKOL-G470-SRK,2
CN,2605,SHL,TEPID,W22,CN-2605-BEKOL-G470-SRK,BEKOL-G470-SRK,15
CN,2605,SHL,TEPID,W22,CN-2605-BEKOL-G470-SRK,BEKOL-G470-SRK,30
CN,2605,SHL,TEPID,W22,CN-2605-BEKOL-G470-SRKL,BEKOL-G470-SRKL,2
CN,2605,SHL,TEPID,W22,CN-2605-BEKOL-G470-SRKL,BEKOL-G470-SRKL,15
CN,2605,SHL,TEPID,W22,CN-2605-BEKOL-G470-SRKL,BEKOL-G470-SRKL,30
CN,2605,SHL,TEPID,W22,CN-2605-BEKOL-G470-SRKL,BEKOL-G470-SRKL,45
CN,2605,SHL,TEPID,W22,CN-2605-BEKOL-G470-SRL,BEKOL-G470-SRL,2
CN,2605,SHL,TEPID,W22,CN-2605-BEKOL-G470-SRL,BEKOL-G470-SRL,15
CN,2605,SHL,TEPID,W22,CN-2605-BEKOL-G470-SRL,BEKOL-G470-SRL,30
CN,2605,SHL,TEPID,W22,CN-2605-BEKOL-G470/L888-SGMRK,BEKOL-G470/L888-SGMRK,2
CN,2605,SHL,TEPID,W22,CN-2605-BEKOL-G470/L888-SGMRK,BEKOL-G470/L888-SGMRK,15
CN,2605,SHL,TEPID,W22,CN-2605-BEKOL-G470/L888-SGMRK,BEKOL-G470/L888-SGMRK,29
CN,2605,SHL,TEPID,W22,CN-2605-BEKOL-G470/L888-SGMRK,BEKOL-G470/L888-SGMRK,37
CN,2605,SHL,TEPID,W22,CN-2605-BEKOL-G470/L888-SGMRK,BEKOL-G470/L888-SGMRK,47
CN,2605,SHL,TEPID,W22,CN-2605-BEKOL-G470/L888-SGMRN,BEKOL-G470/L888-SGMRN,2
CN,2605,SHL,TEPID,W22,CN-2605-BEKOL-G470/L888-SGMRN,BEKOL-G470/L888-SGMRN,15
CN,2605,SHL,TEPID,W22,CN-2605-BEKOL-G470/L888-SGMRN,BEKOL-G470/L888-SGMRN,29
CN,2605,SHL,TEPID,W22,CN-2605-BEKOL-G470/L888-SGMRN,BEKOL-G470/L888-SGMRN,37
CN,2605,SHL,TEPID,W22,CN-2605-BEKOL-G470/L888-SRK,BEKOL-G470/L888-SRK,2
CN,2605,SHL,TEPID,W22,CN-2605-BEKOL-G470/L888-SRK,BEKOL-G470/L888-SRK,15
CN,2605,SHL,TEPID,W22,CN-2605-BEKOL-G470/L888-SRK,BEKOL-G470/L888-SRK,25
CN,2605,SHL,TEPID,W22,CN-2605-BEKOL-G470/L888-SRKL,BEKOL-G470/L888-SRKL,2
CN,2605,SHL,TEPID,W22,CN-2605-BEKOL-G470/L888-SRKL,BEKOL-G470/L888-SRKL,15
CN,2605,SHL,TEPID,W22,CN-2605-BEKOL-G470/L888-SRKL,BEKOL-G470/L888-SRKL,25
CN,2605,SHL,TEPID,W22,CN-2605-BEKOL-G470/L888-SRKL,BEKOL-G470/L888-SRKL,34
CN,2605,SHL,TEPID,W22,CN-2605-BEKOL-G470/L888-SRL,BEKOL-G470/L888-SRL,2
CN,2605,SHL,TEPID,W22,CN-2605-BEKOL-G470/L888-SRL,BEKOL-G470/L888-SRL,15
CN,2605,SHL,TEPID,W22,CN-2605-BEKOL-G470/L888-SRL,BEKOL-G470/L888-SRL,25
CN,2605,SHL,TEPID,W22,CN-2605-BEKOL-G470/Y1-SGMRK,BEKOL-G470/Y1-SGMRK,2
CN,2605,SHL,TEPID,W22,CN-2605-BEKOL-G470/Y1-SGMRK,BEKOL-G470/Y1-SGMRK,15
CN,2605,SHL,TEPID,W22,CN-2605-BEKOL-G470/Y1-SGMRK,BEKOL-G470/Y1-SGMRK,29
CN,2605,SHL,TEPID,W22,CN-2605-BEKOL-G470/Y1-SGMRK,BEKOL-G470/Y1-SGMRK,37
CN,2605,SHL,TEPID,W22,CN-2605-BEKOL-G470/Y1-SGMRK,BEKOL-G470/Y1-SGMRK,47
CN,2605,SHL,TEPID,W22,CN-2605-BEKOL-G470/Y1-SGMRN,BEKOL-G470/Y1-SGMRN,2
CN,2605,SHL,TEPID,W22,CN-2605-BEKOL-G470/Y1-SGMRN,BEKOL-G470/Y1-SGMRN,15
CN,2605,SHL,TEPID,W22,CN-2605-BEKOL-G470/Y1-SGMRN,BEKOL-G470/Y1-SGMRN,29
CN,2605,SHL,TEPID,W22,CN-2605-BEKOL-G470/Y1-SGMRN,BEKOL-G470/Y1-SGMRN,37
CN,2605,SHL,TEPID,W22,CN-2605-BEKOL-G470/Y1-SRKL,BEKOL-G470/Y1-SRKL,2
CN,2605,SHL,TEPID,W22,CN-2605-BEKOL-G470/Y1-SRKL,BEKOL-G470/Y1-SRKL,15
CN,2605,SHL,TEPID,W22,CN-2605-BEKOL-G470/Y1-SRKL,BEKOL-G470/Y1-SRKL,25
CN,2605,SHL,TEPID,W22,CN-2605-BEKOL-G470/Y1-SRKL,BEKOL-G470/Y1-SRKL,34
CN,2605,SHL,TEPID,W22,CN-2605-BEKOL-G470/Y1-SRL,BEKOL-G470/Y1-SRL,2
CN,2605,SHL,TEPID,W22,CN-2605-BEKOL-G470/Y1-SRL,BEKOL-G470/Y1-SRL,15
CN,2605,SHL,TEPID,W22,CN-2605-BEKOL-G470/Y1-SRL,BEKOL-G470/Y1-SRL,25
CN,2605,SHL,TEPID,W22,CN-2605-BEKOL-GOPTO,BEKOL-GOPTO,2
CN,2605,SHL,TEPID,W22,CN-2605-BEKOL-KAMUD,BEKOL-KAMUD,2
CN,2605,SHL,TEPID,W22,CN-2605-BEKOL-L888-RULAD,BEKOL-L888-RULAD,2
CN,2605,SHL,TEPID,W22,CN-2605-BEKOL-MN,BEKOL-MN,2
CN,2605,SHL,TEPID,W22,CN-2605-BEKOL-MORIT,BEKOL-MORIT,2
CN,2605,SHL,TEPID,W22,CN-2605-BEKOL-RULAD,BEKOL-RULAD,2
CN,2605,SHL,TEPID,W22,CN-2605-BEKOL-SARIN,BEKOL-SARIN,2
CN,2605,SHL,TEPID,W22,CN-2605-BEKOL-SGM,BEKOL-SGM,2
CN,2605,SHL,TEPID,W22,CN-2605-BEKOL-SGM,BEKOL-SGM,13
CN,2605,SHL,TEPID,W22,CN-2605-BEKOL-SGM,BEKOL-SGM,26
CN,2605,SHL,TEPID,W22,CN-2605-BEKOL-SGMN,BEKOL-SGMN,2
CN,2605,SHL,TEPID,W22,CN-2605-BEKOL-SGMN,BEKOL-SGMN,13
CN,2605,SHL,TEPID,W22,CN-2605-BEKOL-SGMN,BEKOL-SGMN,26
CN,2605,SHL,TEPID,W22,CN-2605-BEKOL-SRKL,BEKOL-SRKL,2
CN,2605,SHL,TEPID,W22,CN-2605-BEKOL-SRKL,BEKOL-SRKL,13
CN,2605,SHL,TEPID,W22,CN-2605-BEKOL-SRKL,BEKOL-SRKL,25
CN,2605,SHL,TEPID,W22,CN-2605-BEKOL-SRKL,BEKOL-SRKL,37
CN,2605,SHL,TEPID,W22,CN-2605-BEKOL-SRL,BEKOL-SRL,2
CN,2605,SHL,TEPID,W22,CN-2605-BEKOL-SRL,BEKOL-SRL,13
CN,2605,SHL,TEPID,W22,CN-2605-BEKOL-SRL,BEKOL-SRL,25
CN,2605,SHL,TEPID,W22,CN-2605-BEKOL-Y1-KAMUD,BEKOL-Y1-KAMUD,2
CN,2605,SHL,TEPID,W22,CN-2605-BEKOL-Y1-RULAD,BEKOL-Y1-RULAD,2
CN,2605,SHL,TEPID,W22,CN-2605-BEKOL-Y1-SRK,BEKOL-Y1-SRK,2
CN,2605,SHL,TEPID,W22,CN-2605-BEKOL-Y1-SRK,BEKOL-Y1-SRK,15
CN,2605,SHL,TEPID,W22,CN-2605-BEKOL-Y1-SRK,BEKOL-Y1-SRK,25
CN,2605,SHL,TEPID,W22,CN-2605-BEKOL-ZGKL-01,BEKOL-ZGKL-01,2
CN,2605,SHL,TEPID,W22,CN-2605-BEKOL-ZLXY-01,BEKOL-ZLXY-01,2
CN,2605,SHL,TEPID,W22,CN-2605-BEKOL-ZLXY-02,BEKOL-ZLXY-02,2
CN,2605,SHL,TEPID,W22,CN-2605-BEKOL-ZUCK-01,BEKOL-ZUCK-01,2
CN,2605,SHL,TEPID,W22,CN-2605-BEKOL-ZUGY-01,BEKOL-ZUGY-01,2
CN,2605,SHL,TEPID,W22,CN-2605-BEKOL-ZUTF-01,BEKOL-ZUTF-01,2
CN,2605,SHL,TEPID,W22,CN-2605-BEKOL-ZUUU-01,BEKOL-ZUUU-01,2
CN,2605,SHL,TEPID,W22,CN-2605-VHHH-ZGKL-01,VHHH-ZGKL-01,2
CN,2605,SHL,TEPID,W22,CN-2605-VHHH-ZLLL-01,VHHH-ZLLL-01,2
CN,2605,SHL,TEPID,W22,CN-2605-VHHH-ZLXY-01,VHHH-ZLXY-01,2
CN,2605,SHL,TEPID,W22,CN-2605-VHHH-ZUCK-01,VHHH-ZUCK-01,2
CN,2605,SHL,TEPID,W22,CN-2605-VHHH-ZUGY-01,VHHH-ZUGY-01,2
CN,2605,SHL,TEPID,W22,CN-2605-VHHH-ZUTF-01,VHHH-ZUTF-01,2
CN,2605,SHL,TEPID,W22,CN-2605-VHHH-ZUUU-01,VHHH-ZUUU-01,2
CN,2605,SHL,TEPID,W22,CN-2605-VHHH-ZWWW-01,VHHH-ZWWW-01,2
CN,2605,SHL,TEPID,W22,CN-2605-VHHH-ZWWW-02,VHHH-ZWWW-02,2
CN,2605,SHL,UPRIK,W26,CN-2605-BEKOL-AGAVO,BEKOL-AGAVO,2
CN,2605,SHL,UPRIK,W26,CN-2605-BEKOL-APSMS,BEKOL-APSMS,30
CN,2605,SHL,UPRIK,W26,CN-2605-BEKOL-SADLI,BEKOL-SADLI,2
CN,2605,SHL,UPRIK,W26,CN-2605-BEKOL-ZSCN-01,BEKOL-ZSCN-01,2
CN,2605,SHL,UPRIK,W26,CN-2605-BEKOL-ZSHC-01,BEKOL-ZSHC-01,2
CN,2605,SHL,UPRIK,W26,CN-2605-BEKOL-ZSNJ-01,BEKOL-ZSNJ-01,2
CN,2605,SHL,UPRIK,W26,CN-2605-BEKOL-ZSPD-01,BEKOL-ZSPD-01,2
CN,2605,SHL,UPRIK,W26,CN-2605-BEKOL-ZSSS-01,BEKOL-ZSSS-01,2
CN,2605,SHL,UPRIK,W26,CN-2605-BEKOL-ZSXZ-01,BEKOL-ZSXZ-01,2
CN,2605,SHL,UPRIK,W26,CN-2605-LINSO-SADLI,LINSO-SADLI,3
CN,2605,SHL,UPRIK,W26,CN-2605-LINSO-ZSPD-02,LINSO-ZSPD-02,4
CN,2605,SHL,UPRIK,W26,CN-2605-LINSO-ZSSS-02,LINSO-ZSSS-02,4
CN,2605,SHL,UPRIK,W26,CN-2605-RCKH-ZSCN-02,RCKH-ZSCN-02,2
CN,2605,SHL,UPRIK,W26,CN-2605-TEBAK-SADLI,TEBAK-SADLI,4
CN,2605,SHL,UPRIK,W26,CN-2605-TEBAK-ZSHC-01,TEBAK-ZSHC-01,4
CN,2605,SHL,UPRIK,W26,CN-2605-TEBAK-ZSNB-01,TEBAK-ZSNB-01,4
CN,2605,SHL,UPRIK,W26,CN-2605-TEBAK-ZSNB-02,TEBAK-ZSNB-02,4
CN,2605,SHL,UPRIK,W26,CN-2605-TEBAK-ZSTX-01,TEBAK-ZSTX-01,4
CN,2605,SHL,UPRIK,W26,CN-2605-VHHH-ZSCN-01,VHHH-ZSCN-01,2
CN,2605,SHL,UPRIK,W26,CN-2605-VHHH-ZSTX-01,VHHH-ZSTX-01,2
CN,2605,SHL,UPRIK,W26,CN-2605-ZJHK-LAMEN-01,ZJHK-LAMEN-01,5
CN,2605,SHL,UPRIK,W26,CN-2605-ZJSY-LAMEN-01,ZJSY-LAMEN-01,5
CN,2605,SHL,UPRIK,W26,CN-2605-ZJSY-LAMEN-02,ZJSY-LAMEN-02,6
CN,2605,SHZ,AND,G204,CN-2605-ZSWZ-LAMEN-01,ZSWZ-LAMEN-01,2
CN,2605,SHZ,BK,W58,CN-2605-TEBAK-ZSNB-02,TEBAK-ZSNB-02,9
CN,2605,SHZ,DST,B221,CN-2605-ZSNB-RCKH-01,ZSNB-RCKH-01,1
CN,2605,SHZ,DST,B221,CN-2605-ZSNB-RCTP-01,ZSNB-RCTP-01,1
CN,2605,SHZ,DST,B221,CN-2605-ZSNB-RCYU-01,ZSNB-RCYU-01,1
CN,2605,SHZ,ELNEX,G204,CN-2605-ZSNB-TEBAK-01,ZSNB-TEBAK-01,1
CN,2605,SHZ,ELNEX,G204,CN-2605-ZSNB-TEBAK-02,ZSNB-TEBAK-02,2
CN,2605,SHZ,JTN,G204,CN-2605-MAGOG-ZSNT-01,MAGOG-ZSNT-01,3
CN,2605,SHZ,JTN,G204,CN-2605-MAGOG-ZSSS-01,MAGOG-ZSSS-01,3
CN,2605,SHZ,JTN,G204,CN-2605-RCKH-ZSSS-01,RCKH-ZSSS-01,3
CN,2605,SHZ,JTN,G204,CN-2605-RCMQ-ZSSS-01,RCMQ-ZSSS-01,3
CN,2605,SHZ,JTN,G204,CN-2605-RCSS-ZSSS-01,RCSS-ZSSS-01,3
CN,2605,SHZ,JTN,G204,CN-2605-RCTP-ZSNT-01,RCTP-ZSNT-01,3
CN,2605,SHZ,JTN,G204,CN-2605-RCTP-ZSSS-01,RCTP-ZSSS-01,3
CN,2605,SHZ,JTN,G204,CN-2605-RCYU-ZSSS-01,RCYU-ZSSS-01,3
CN,2605,SHZ,JTN,G204,CN-2605-VHHH-ZSNT-01,VHHH-ZSNT-01,3
CN,2605,SHZ,JTN,G204,CN-2605-VHHH-ZSSS-01,VHHH-ZSSS-01,3
CN,2605,SHZ,JTN,G204,CN-2605-VMMC-ZSNT-01,VMMC-ZSNT-01,3
CN,2605,SHZ,JTN,G204,CN-2605-VMMC-ZSSS-01,VMMC-ZSSS-01,3
CN,2605,SHZ,LJG,B221,CN-2605-ZSNB-ASSAD-01,ZSNB-ASSAD-01,1
CN,2605,SHZ,LJG,B221,CN-2605-ZSNB-MAGOG-01,ZSNB-MAGOG-01,1
CN,2605,SHZ,LJG,B221,CN-2605-ZSNB-VHHH-01,ZSNB-VHHH-01,1
CN,2605,SHZ,LJG,B221,CN-2605-ZSNB-VMMC-01,ZSNB-VMMC-01,1
CN,2605,SHZ,REMIM,B221,CN-2605-POLHO-ZSWZ-01,POLHO-ZSWZ-01,10
CN,2605,SHZ,UGAGO,G204,CN-2605-ZSNB-LINSO-01,ZSNB-LINSO-01,1
CN,2605,SHZ,XSY,W58,CN-2605-BEKOL-ZSPD-01,BEKOL-ZSPD-01,7
CN,2605,SHZ,XSY,W58,CN-2605-LINSO-ZSPD-02,LINSO-ZSPD-02,9
CN,2605,SHZ,XSY,W58,CN-2605-MAGOG-ZSPD-01,MAGOG-ZSPD-01,3
CN,2605,SHZ,XSY,W58,CN-2605-RCKH-ZSPD-01,RCKH-ZSPD-01,3
CN,2605,SHZ,XSY,W58,CN-2605-RCMQ-ZSPD-01,RCMQ-ZSPD-01,3
CN,2605,SHZ,XSY,W58,CN-2605-RCSS-ZSPD-01,RCSS-ZSPD-01,3
CN,2605,SHZ,XSY,W58,CN-2605-RCTP-ZSPD-01,RCTP-ZSPD-01,3
CN,2605,SHZ,XSY,W58,CN-2605-RCYU-ZSPD-01,RCYU-ZSPD-01,3
CN,2605,SHZ,XSY,W58,CN-2605-VHHH-ZSPD-01,VHHH-ZSPD-01,3
CN,2605,SHZ,XSY,W58,CN-2605-VHHH-ZSPD-02,VHHH-ZSPD-02,4
CN,2605,SHZ,XSY,W58,CN-2605-VMMC-ZSPD-01,VMMC-ZSPD-01,3
CN,2605,SHZ,XSY,W58,CN-2605-VMMC-ZSPD-02,VMMC-ZSPD-02,4
CN,2605,SIERA,GOPTO,DCT,CN-2605-SG-G470-VHHH,SG-G470-VHHH,9
CN,2605,SIERA,GOPTO,DCT,CN-2605-SGM-G470-VHHH,SGM-G470-VHHH,9
CN,2605,SIERA,GOPTO,DCT,CN-2605-SGM-VHHH,SGM-VHHH,8
CN,2605,SIERA,GOPTO,DCT,CN-2605-SGMN-G470-VHHH,SGMN-G470-VHHH,9
CN,2605,SIERA,GOPTO,DCT,CN-2605-SGMN-VHHH,SGMN-VHHH,8
CN,2605,SIERA,GOPTO,DCT,CN-2605-SGMRK-G470-VHHH,SGMRK-G470-VHHH,9
CN,2605,SIERA,GOPTO,DCT,CN-2605-SGMRK-G470/L888-VHHH,SGMRK-G470/L888-VHHH,9
CN,2605,SIERA,GOPTO,DCT,CN-2605-SGMRK-G470/Y1-VHHH,SGMRK-G470/Y1-VHHH,9
CN,2605,SIERA,GOPTO,DCT,CN-2605-SGMRN-G470-VHHH,SGMRN-G470-VHHH,9
CN,2605,SIERA,GOPTO,DCT,CN-2605-SGMRN-G470/L888-VHHH,SGMRN-G470/L888-VHHH,9
CN,2605,SIERA,GOPTO,DCT,CN-2605-SGMRN-G470/Y1-VHHH,SGMRN-G470/Y1-VHHH,9
CN,2605,SIERA,IKELA,DCT,CN-2605-ZGGG-BUNTA-01,ZGGG-BUNTA-01,2
CN,2605,SIERA,KAMUD,DCT,CN-2605-SGMRK-G470-VHHH,SGMRK-G470-VHHH,35
CN,2605,SIERA,KAMUD,DCT,CN-2605-SGMRK-G470/L888-VHHH,SGMRK-G470/L888-VHHH,35
CN,2605,SIERA,KAMUD,DCT,CN-2605-SGMRK-G470/Y1-VHHH,SGMRK-G470/Y1-VHHH,34
CN,2605,SIERA,KAMUD,DCT,CN-2605-SRK-L888-VHHH,SRK-L888-VHHH,19
CN,2605,SIERA,KAMUD,DCT,CN-2605-SRK-VHHH,SRK-VHHH,19
CN,2605,SIERA,KAMUD,DCT,CN-2605-SRK-Y1-VHHH,SRK-Y1-VHHH,18
CN,2605,SIERA,KAMUD,DCT,CN-2605-SRKL-L888-VHHH,SRKL-L888-VHHH,18
CN,2605,SIERA,KAMUD,DCT,CN-2605-SRKL-VHHH,SRKL-VHHH,18
CN,2605,SIERA,KAMUD,DCT,CN-2605-SRKL-W191-VHHH,SRKL-W191-VHHH,19
CN,2605,SIERA,KAMUD,DCT,CN-2605-SRKL-W191/L888-VHHH,SRKL-W191/L888-VHHH,19
CN,2605,SIERA,KAMUD,DCT,CN-2605-SRKL-W191/Y1-VHHH,SRKL-W191/Y1-VHHH,18
CN,2605,SIERA,KAMUD,DCT,CN-2605-SRKL-Y1-VHHH,SRKL-Y1-VHHH,17
CN,2605,SIERA,LINSO,DCT,CN-2605-SRKL-L888-VHHH,SRKL-L888-VHHH,26
CN,2605,SIERA,LINSO,DCT,CN-2605-SRKL-VHHH,SRKL-VHHH,28
CN,2605,SIERA,LINSO,DCT,CN-2605-SRKL-W191-VHHH,SRKL-W191-VHHH,29
CN,2605,SIERA,LINSO,DCT,CN-2605-SRKL-W191/L888-VHHH,SRKL-W191/L888-VHHH,27
CN,2605,SIERA,LINSO,DCT,CN-2605-SRKL-W191/Y1-VHHH,SRKL-W191/Y1-VHHH,26
CN,2605,SIERA,LINSO,DCT,CN-2605-SRKL-Y1-VHHH,SRKL-Y1-VHHH,25
CN,2605,SIERA,LINSO,DCT,CN-2605-SRL-L888-VHHH,SRL-L888-VHHH,18
CN,2605,SIERA,LINSO,DCT,CN-2605-SRL-VHHH,SRL-VHHH,18
CN,2605,SIERA,LINSO,DCT,CN-2605-SRL-W191-VHHH,SRL-W191-VHHH,19
CN,2605,SIERA,LINSO,DCT,CN-2605-SRL-W191/L888-VHHH,SRL-W191/L888-VHHH,19
CN,2605,SIERA,LINSO,DCT,CN-2605-SRL-W191/Y1-VHHH,SRL-W191/Y1-VHHH,18
CN,2605,SIERA,LINSO,DCT,CN-2605-SRL-Y1-VHHH,SRL-Y1-VHHH,17
CN,2605,SIERA,MORIT,DCT,CN-2605-MPSMS-VHHH,MPSMS-VHHH,24
CN,2605,SIERA,MORIT,DCT,CN-2605-SGM-G470-VHHH,SGM-G470-VHHH,20
CN,2605,SIERA,MORIT,DCT,CN-2605-SGM-VHHH,SGM-VHHH,16
CN,2605,SIERA,MORIT,DCT,CN-2605-SGMN-G470-VHHH,SGMN-G470-VHHH,20
CN,2605,SIERA,MORIT,DCT,CN-2605-SGMN-VHHH,SGMN-VHHH,19
CN,2605,SIERA,MORIT,DCT,CN-2605-SGMRK-G470-VHHH,SGMRK-G470-VHHH,20
CN,2605,SIERA,MORIT,DCT,CN-2605-SGMRK-G470/L888-VHHH,SGMRK-G470/L888-VHHH,20
CN,2605,SIERA,MORIT,DCT,CN-2605-SGMRK-G470/Y1-VHHH,SGMRK-G470/Y1-VHHH,20
CN,2605,SIERA,MORIT,DCT,CN-2605-SGMRN-G470-VHHH,SGMRN-G470-VHHH,20
CN,2605,SIERA,MORIT,DCT,CN-2605-SGMRN-G470/L888-VHHH,SGMRN-G470/L888-VHHH,20
CN,2605,SIERA,MORIT,DCT,CN-2605-SGMRN-G470/Y1-VHHH,SGMRN-G470/Y1-VHHH,20
CN,2605,SIERA,MORIT,DCT,CN-2605-SM-VHHH,SM-VHHH,9
CN,2605,SIERA,NIXAL,DCT,CN-2605-MN-VHHH,MN-VHHH,5
CN,2605,SIERA,NIXAL,DCT,CN-2605-SGMN-G470-VHHH,SGMN-G470-VHHH,25
CN,2605,SIERA,NIXAL,DCT,CN-2605-SGMN-VHHH,SGMN-VHHH,24
CN,2605,SIERA,NIXAL,DCT,CN-2605-SGMRN-G470-VHHH,SGMRN-G470-VHHH,35
CN,2605,SIERA,NIXAL,DCT,CN-2605-SGMRN-G470/L888-VHHH,SGMRN-G470/L888-VHHH,35
CN,2605,SIERA,NIXAL,DCT,CN-2605-SGMRN-G470/Y1-VHHH,SGMRN-G470/Y1-VHHH,34
CN,2605,SIERA,POLHO,DCT,CN-2605-MPSMS-VHHH,MPSMS-VHHH,8
CN,2605,SIERA,RULAD,DCT,CN-2605-SGMRK-G470-VHHH,SGMRK-G470-VHHH,25
CN,2605,SIERA,RULAD,DCT,CN-2605-SGMRK-G470/L888-VHHH,SGMRK-G470/L888-VHHH,25
CN,2605,SIERA,RULAD,DCT,CN-2605-SGMRK-G470/Y1-VHHH,SGMRK-G470/Y1-VHHH,25
CN,2605,SIERA,RULAD,DCT,CN-2605-SGMRN-G470-VHHH,SGMRN-G470-VHHH,25
CN,2605,SIERA,RULAD,DCT,CN-2605-SGMRN-G470/L888-VHHH,SGMRN-G470/L888-VHHH,25
CN,2605,SIERA,RULAD,DCT,CN-2605-SGMRN-G470/Y1-VHHH,SGMRN-G470/Y1-VHHH,25
CN,2605,SIERA,RULAD,DCT,CN-2605-SRK-L888-VHHH,SRK-L888-VHHH,9
CN,2605,SIERA,RULAD,DCT,CN-2605-SRK-VHHH,SRK-VHHH,9
CN,2605,SIERA,RULAD,DCT,CN-2605-SRK-Y1-VHHH,SRK-Y1-VHHH,9
CN,2605,SIERA,RULAD,DCT,CN-2605-SRKL-L888-VHHH,SRKL-L888-VHHH,8
CN,2605,SIERA,RULAD,DCT,CN-2605-SRKL-VHHH,SRKL-VHHH,8
CN,2605,SIERA,RULAD,DCT,CN-2605-SRKL-W191-VHHH,SRKL-W191-VHHH,9
CN,2605,SIERA,RULAD,DCT,CN-2605-SRKL-W191/L888-VHHH,SRKL-W191/L888-VHHH,9
CN,2605,SIERA,RULAD,DCT,CN-2605-SRKL-W191/Y1-VHHH,SRKL-W191/Y1-VHHH,9
CN,2605,SIERA,RULAD,DCT,CN-2605-SRKL-Y1-VHHH,SRKL-Y1-VHHH,8
CN,2605,SIERA,RULAD,DCT,CN-2605-SRL-L888-VHHH,SRL-L888-VHHH,8
CN,2605,SIERA,RULAD,DCT,CN-2605-SRL-VHHH,SRL-VHHH,8
CN,2605,SIERA,RULAD,DCT,CN-2605-SRL-W191-VHHH,SRL-W191-VHHH,9
CN,2605,SIERA,RULAD,DCT,CN-2605-SRL-W191/L888-VHHH,SRL-W191/L888-VHHH,9
CN,2605,SIERA,RULAD,DCT,CN-2605-SRL-W191/Y1-VHHH,SRL-W191/Y1-VHHH,9
CN,2605,SIERA,RULAD,DCT,CN-2605-SRL-Y1-VHHH,SRL-Y1-VHHH,8
CN,2605,SIERA,SADLI,DCT,CN-2605-MPSMS-VHHH,MPSMS-VHHH,29
CN,2605,SIERA,SIKOU,DCT,CN-2605-ZGGG-ASSAD-02,ZGGG-ASSAD-02,2
CN,2605,SIERA,SIKOU,DCT,CN-2605-ZGSZ-ASSAD-01,ZGSZ-ASSAD-01,3
CN,2605,SIERA,SIMLI,DCT,CN-2605-MPSMS-VHHH,MPSMS-VHHH,16
CN,2605,SIKOU,ASSAD,A202,CN-2605-SIKOU-ASSAD,SIKOU-ASSAD,1
CN,2605,SIKOU,ASSAD,A202,CN-2605-ZGGG-ASSAD-02,ZGGG-ASSAD-02,3
CN,2605,SIKOU,ASSAD,A202,CN-2605-ZGSZ-ASSAD-01,ZGSZ-ASSAD-01,4
CN,2605,SIKOU,ASSAD,A202,CN-2605-ZSPD-ASSAD-02,ZSPD-ASSAD-02,6
CN,2605,SIKOU,ASSAD,A202,CN-2605-ZSWZ-ASSAD-02,ZSWZ-ASSAD-02,4
CN,2605,SIKOU,BEKOL,DCT,CN-2605-ZJHK-LAMEN-01,ZJHK-LAMEN-01,3
CN,2605,SIKOU,BEKOL,DCT,CN-2605-ZJSY-ARGUK-01,ZJSY-ARGUK-01,3
CN,2605,SIKOU,BEKOL,DCT,CN-2605-ZJSY-BISUN-01,ZJSY-BISUN-01,3
CN,2605,SIKOU,BEKOL,DCT,CN-2605-ZJSY-LAMEN-01,ZJSY-LAMEN-01,3
CN,2605,SIKOU,BEKOL,DCT,CN-2605-ZJSY-NIXAL-01,ZJSY-NIXAL-01,3
CN,2605,SIKOU,BEKOL,DCT,CN-2605-ZJSY-POLHO-01,ZJSY-POLHO-01,3
CN,2605,SIKOU,BEKOL,DCT,CN-2605-ZJSY-SIMLI-01,ZJSY-SIMLI-01,3
CN,2605,SIKOU,BSE,R339,CN-2605-SIKOU-LINSO,SIKOU-LINSO,1
CN,2605,SIKOU,BSE,R339,CN-2605-SIKOU-SARIN,SIKOU-SARIN,1
CN,2605,SIKOU,BSE,R339,CN-2605-SIKOU-ZPPP-01,SIKOU-ZPPP-01,1
CN,2605,SIKOU,BSE,R339,CN-2605-VHHH-ZPJH-01,VHHH-ZPJH-01,1
CN,2605,SIKOU,BSE,R339,CN-2605-VHHH-ZPPP-01,VHHH-ZPPP-01,1
CN,2605,SIKOU,ISBIG,A202,CN-2605-LAMEN-ZJHK-01,LAMEN-ZJHK-01,10
CN,2605,SIKOU,ISBIG,A202,CN-2605-SIKOU-ZJHK-01,SIKOU-ZJHK-01,1
CN,2605,SIKOU,ISBIG,A202,CN-2605-VHHH-ZJHK-01,VHHH-ZJHK-01,1
CN,2605,SIKOU,ISBIG,A202,CN-2605-VMMC-ZJHK-01,VMMC-ZJHK-01,1
CN,2605,SIKOU,LANDA,DCT,CN-2605-ASSAD-ZGSZ-01,ASSAD-ZGSZ-01,2
CN,2605,SIKOU,LH,R339,CN-2605-VHHH-ZGZJ-01,VHHH-ZGZJ-01,1
CN,2605,SIKOU,MAGOG,DCT,CN-2605-ASSAD-ZSWZ-01,ASSAD-ZSWZ-01,2
CN,2605,SIKOU,SAMAS,A202,CN-2605-BISUN-ZJSY-01,BISUN-ZJSY-01,8
CN,2605,SIKOU,SAMAS,A202,CN-2605-LAMEN-ZJSY-01,LAMEN-ZJSY-01,10
CN,2605,SIKOU,SAMAS,A202,CN-2605-MAGIT-ZJSY-01,MAGIT-ZJSY-01,7
CN,2605,SIKOU,SAMAS,A202,CN-2605-POLHO-ZJSY-01,POLHO-ZJSY-01,7
CN,2605,SIKOU,SAMAS,A202,CN-2605-SIKOU-ZJSY-01,SIKOU-ZJSY-01,1
CN,2605,SIKOU,SAMAS,A202,CN-2605-SIMLI-ZJSY-01,SIMLI-ZJSY-01,7
CN,2605,SIKOU,SAMAS,A202,CN-2605-VHHH-ZJSY-01,VHHH-ZJSY-01,1
CN,2605,SIKOU,SAMAS,A202,CN-2605-VMMC-ZJSY-01,VMMC-ZJSY-01,1
CN,2605,SIKOU,TAMOT,DCT,CN-2605-ASSAD-ZGGG-01,ASSAD-ZGGG-01,2
CN,2605,SIKOU,WUY,R339,CN-2605-SIKOU-TEBAK,SIKOU-TEBAK,1
CN,2605,SIKOU,WUY,R339,CN-2605-SIKOU-ZGNN-01,SIKOU-ZGNN-01,1
CN,2605,SIKOU,WUY,R339,CN-2605-VHHH-ZGNN-01,VHHH-ZGNN-01,1
CN,2605,SIMLI,BEKOL,DCT,CN-2605-BEKOL-APSMS,BEKOL-APSMS,20
CN,2605,SIMLI,BUBDI,A588,CN-2605-SIMLI-ZYHB-01,SIMLI-ZYHB-01,1
CN,2605,SIMLI,CHI,A588,CN-2605-SIMLI-AGAVO,SIMLI-AGAVO,1
CN,2605,SIMLI,CHI,A588,CN-2605-SIMLI-ZSHC-02,SIMLI-ZSHC-02,1
CN,2605,SIMLI,CHI,A588,CN-2605-SIMLI-ZSPD-02,SIMLI-ZSPD-02,1
CN,2605,SIMLI,CHI,A588,CN-2605-SM-AGAVO,SM-AGAVO,1
CN,2605,SIMLI,HRB,A588,CN-2605-MPSMS-TAMOT,MPSMS-TAMOT,13
CN,2605,SIMLI,HRB,A588,CN-2605-MPSMS-VHHH,MPSMS-VHHH,17
CN,2605,SIMLI,HRB,A588,CN-2605-SIMLI-TAMOT,SIMLI-TAMOT,1
CN,2605,SIMLI,HRB,A588,CN-2605-SIMLI-VHHH,SIMLI-VHHH,1
CN,2605,SIMLI,HRB,A588,CN-2605-SIMLI-ZBAA-01,SIMLI-ZBAA-01,1
CN,2605,SIMLI,HRB,A588,CN-2605-SIMLI-ZBAD-01,SIMLI-ZBAD-01,1
CN,2605,SIMLI,HRB,A588,CN-2605-SIMLI-ZGSZ-01,SIMLI-ZGSZ-01,1
CN,2605,SIMLI,HRB,A588,CN-2605-SIMLI-ZHHH-01,SIMLI-ZHHH-01,1
CN,2605,SIMLI,HRB,A588,CN-2605-SIMLI-ZJSY-01,SIMLI-ZJSY-01,1
CN,2605,SIMLI,HRB,A588,CN-2605-SIMLI-ZLXY-01,SIMLI-ZLXY-01,1
CN,2605,SIMLI,HRB,A588,CN-2605-SIMLI-ZSHC-01,SIMLI-ZSHC-01,1
CN,2605,SIMLI,HRB,A588,CN-2605-SIMLI-ZSPD-01,SIMLI-ZSPD-01,1
CN,2605,SIMLI,HRB,A588,CN-2605-SIMLI-ZSSS-01,SIMLI-ZSSS-01,1
CN,2605,SIMLI,HRB,A588,CN-2605-SIMLI-ZUUU-01,SIMLI-ZUUU-01,1
CN,2605,SIMLI,UDETI,A588,CN-2605-SIMLI-ZSQD-01,SIMLI-ZSQD-01,1
CN,2605,SIMLI,VENOS,A588,CN-2605-SIMLI-ZBTJ-01,SIMLI-ZBTJ-01,1
CN,2605,SIMLI,VENOS,A588,CN-2605-SIMLI-ZYTL-01,SIMLI-ZYTL-01,1
CN,2605,SJG,ELKAL,B330,CN-2605-TEBAK-GOPTO,TEBAK-GOPTO,4
CN,2605,SJG,ELKAL,B330,CN-2605-TEBAK-SARIN,TEBAK-SARIN,4
CN,2605,SJG,ELKAL,B330,CN-2605-TEBAK-ZUGY-01,TEBAK-ZUGY-01,4
CN,2605,SJG,ELKAL,B330,CN-2605-ZJHK-MORIT-01,ZJHK-MORIT-01,5
CN,2605,SJG,ELKAL,B330,CN-2605-ZJHK-RULAD-01,ZJHK-RULAD-01,5
CN,2605,SJG,ELKAL,B330,CN-2605-ZJHK-RULAD-02,ZJHK-RULAD-02,5
CN,2605,SJG,ELKAL,B330,CN-2605-ZJHK-SARIN-01,ZJHK-SARIN-01,5
CN,2605,SJG,ELKAL,B330,CN-2605-ZJSY-MORIT-01,ZJSY-MORIT-01,7
CN,2605,SJG,ELKAL,B330,CN-2605-ZJSY-RULAD-01,ZJSY-RULAD-01,7
CN,2605,SJG,ELKAL,B330,CN-2605-ZJSY-RULAD-02,ZJSY-RULAD-02,7
CN,2605,SJG,ELKAL,B330,CN-2605-ZJSY-SARIN-01,ZJSY-SARIN-01,7
CN,2605,SJG,ELKAL,B330,CN-2605-ZJSY-SARIN-02,ZJSY-SARIN-02,7
CN,2605,SJG,EMVIL,W102,CN-2605-BUNTA-ZBAA-01,BUNTA-ZBAA-01,8
CN,2605,SJG,EMVIL,W102,CN-2605-BUNTA-ZBAD-01,BUNTA-ZBAD-01,8
CN,2605,SJG,LBN,W2,CN-2605-GOPTO-TEBAK,GOPTO-TEBAK,5
CN,2605,SJG,LBN,W2,CN-2605-RULAD-ZJHK-01,RULAD-ZJHK-01,6
CN,2605,SJG,LBN,W2,CN-2605-RULAD-ZJSY-01,RULAD-ZJSY-01,6
CN,2605,SJG,LBN,W2,CN-2605-SARIN-G470-TEBAK,SARIN-G470-TEBAK,6
CN,2605,SJG,LBN,W2,CN-2605-SARIN-ZJHK-01,SARIN-ZJHK-01,5
CN,2605,SJG,LBN,W2,CN-2605-SARIN-ZJSY-01,SARIN-ZJSY-01,5
CN,2605,SJG,LBN,W2,CN-2605-ZUGY-TEBAK-01,ZUGY-TEBAK-01,3
CN,2605,SJG,POU,B330,CN-2605-ZLXY-VHHH-02,ZLXY-VHHH-02,8
CN,2605,SJG,POU,B330,CN-2605-ZLXY-VMMC-01,ZLXY-VMMC-01,8
CN,2605,SJG,POU,B330,CN-2605-ZUCK-RCKH-01,ZUCK-RCKH-01,4
CN,2605,SJG,POU,B330,CN-2605-ZUCK-RCMQ-01,ZUCK-RCMQ-01,4
CN,2605,SJG,POU,B330,CN-2605-ZUCK-RCSS-01,ZUCK-RCSS-01,4
CN,2605,SJG,POU,B330,CN-2605-ZUCK-RCTP-01,ZUCK-RCTP-01,4
CN,2605,SJG,POU,B330,CN-2605-ZUCK-RCYU-01,ZUCK-RCYU-01,4
CN,2605,SJG,POU,B330,CN-2605-ZUCK-VHHH-01,ZUCK-VHHH-01,4
CN,2605,SJG,POU,B330,CN-2605-ZUCK-VMMC-01,ZUCK-VMMC-01,4
CN,2605,SJG,POU,B330,CN-2605-ZUGY-RCKH-01,ZUGY-RCKH-01,3
CN,2605,SJG,POU,B330,CN-2605-ZUGY-RCTP-01,ZUGY-RCTP-01,3
CN,2605,SJG,POU,B330,CN-2605-ZUGY-RCYU-01,ZUGY-RCYU-01,3
CN,2605,SJG,POU,B330,CN-2605-ZUGY-VHHH-01,ZUGY-VHHH-01,3
CN,2605,SJG,POU,B330,CN-2605-ZUGY-VMMC-01,ZUGY-VMMC-01,3
CN,2605,SJG,TAMOT,B330,CN-2605-ZLXY-TAMOT-02,ZLXY-TAMOT-02,8
CN,2605,SJG,TAMOT,B330,CN-2605-ZUCK-TAMOT-01,ZUCK-TAMOT-01,4
CN,2605,SJG,TAMOT,B330,CN-2605-ZUGY-TAMOT-01,ZUGY-TAMOT-01,3
CN,2605,SJG,VELVI,W102,CN-2605-BEKOL-ZLXY-02,BEKOL-ZLXY-02,6
CN,2605,SJG,VELVI,W102,CN-2605-VMMC-ZLXY-01,VMMC-ZLXY-01,6
CN,2605,SOSMA,MATNU,W108,CN-2605-AGAVO-ZSPD-02,AGAVO-ZSPD-02,4
CN,2605,SOSMA,MATNU,W108,CN-2605-ZSNJ-LAMEN-02,ZSNJ-LAMEN-02,3
CN,2605,SOSMA,MATNU,W108,CN-2605-ZSSH-LAMEN-02,ZSSH-LAMEN-02,5
CN,2605,SOSMA,MATNU,W108,CN-2605-ZSYA-RCTP-01,ZSYA-RCTP-01,3
CN,2605,SOTMU,ASILA,B339,CN-2605-SADLI-RULAD,SADLI-RULAD,4
CN,2605,SOTMU,ASILA,B339,CN-2605-ZSAM-KAMUD-01,ZSAM-KAMUD-01,9
CN,2605,SOTMU,ASILA,B339,CN-2605-ZSHC-INTIK-01,ZSHC-INTIK-01,6
CN,2605,SOTMU,ASILA,B339,CN-2605-ZSPD-INTIK-01,ZSPD-INTIK-01,5
CN,2605,SOTMU,ASILA,B339,CN-2605-ZSPD-KAMUD-01,ZSPD-KAMUD-01,5
CN,2605,SOTMU,ASILA,B339,CN-2605-ZSPD-PURPA-01,ZSPD-PURPA-01,5
CN,2605,SOTMU,ASILA,B339,CN-2605-ZSPD-PURPA-02,ZSPD-PURPA-02,5
CN,2605,SOTMU,ASILA,B339,CN-2605-ZSPD-RULAD-01,ZSPD-RULAD-01,5
CN,2605,SOTMU,ASILA,B339,CN-2605-ZSPD-SARIN-01,ZSPD-SARIN-01,5
CN,2605,SOTMU,ASILA,B339,CN-2605-ZSSS-PURPA-01,ZSSS-PURPA-01,5
CN,2605,SOTMU,ASILA,B339,CN-2605-ZSSS-PURPA-02,ZSSS-PURPA-02,5
CN,2605,SOTMU,ASILA,B339,CN-2605-ZSSS-SARIN-01,ZSSS-SARIN-01,5
CN,2605,SOTMU,ELKUR,W98,CN-2605-BISUN-ZSNJ-01,BISUN-ZSNJ-01,4
CN,2605,SOTMU,ELKUR,W98,CN-2605-KAMUD-ZSAM-01,KAMUD-ZSAM-01,7
CN,2605,SOTMU,ELKUR,W98,CN-2605-KAMUD-ZSPD-01,KAMUD-ZSPD-01,7
CN,2605,SOTMU,ELKUR,W98,CN-2605-MAGIT-ZSHC-02,MAGIT-ZSHC-02,3
CN,2605,SOTMU,ELKUR,W98,CN-2605-MAGIT-ZSNJ-01,MAGIT-ZSNJ-01,3
CN,2605,SOTMU,ELKUR,W98,CN-2605-MAGIT-ZSPD-01,MAGIT-ZSPD-01,3
CN,2605,SOTMU,ELKUR,W98,CN-2605-MAGIT-ZSSS-01,MAGIT-ZSSS-01,3
CN,2605,SOTMU,ELKUR,W98,CN-2605-POLHO-ZSAM-01,POLHO-ZSAM-01,4
CN,2605,SOTMU,ELKUR,W98,CN-2605-POLHO-ZSFZ-01,POLHO-ZSFZ-01,4
CN,2605,SOTMU,ELKUR,W98,CN-2605-POLHO-ZSHC-01,POLHO-ZSHC-01,4
CN,2605,SOTMU,ELKUR,W98,CN-2605-POLHO-ZSJN-01,POLHO-ZSJN-01,4
CN,2605,SOTMU,ELKUR,W98,CN-2605-POLHO-ZSNJ-01,POLHO-ZSNJ-01,4
CN,2605,SOTMU,ELKUR,W98,CN-2605-POLHO-ZSPD-01,POLHO-ZSPD-01,4
CN,2605,SOTMU,ELKUR,W98,CN-2605-POLHO-ZSSS-01,POLHO-ZSSS-01,4
CN,2605,SOTMU,ELKUR,W98,CN-2605-POLHO-ZSWZ-01,POLHO-ZSWZ-01,4
CN,2605,SOTMU,ELKUR,W98,CN-2605-PURPA-ZSPD-01,PURPA-ZSPD-01,8
CN,2605,SOTMU,ELKUR,W98,CN-2605-PURPA-ZSPD-03,PURPA-ZSPD-03,8
CN,2605,SOTMU,ELKUR,W98,CN-2605-PURPA-ZSSS-01,PURPA-ZSSS-01,8
CN,2605,SOTMU,ELKUR,W98,CN-2605-PURPA-ZSSS-02,PURPA-ZSSS-02,8
CN,2605,SOTMU,ELKUR,W98,CN-2605-RULAD-SADLI,RULAD-SADLI,7
CN,2605,SOTMU,ELKUR,W98,CN-2605-RULAD-ZSPD-01,RULAD-ZSPD-01,7
CN,2605,SOTMU,ELKUR,W98,CN-2605-SARIN-ZSJN-01,SARIN-ZSJN-01,6
CN,2605,SOTMU,ELKUR,W98,CN-2605-SARIN-ZSPD-02,SARIN-ZSPD-02,6
CN,2605,SOTMU,ELKUR,W98,CN-2605-SARIN-ZSSS-01,SARIN-ZSSS-01,6
CN,2605,SOTMU,ELKUR,W98,CN-2605-SIMLI-ZSHC-01,SIMLI-ZSHC-01,3
CN,2605,SOTMU,ELKUR,W98,CN-2605-SIMLI-ZSPD-01,SIMLI-ZSPD-01,3
CN,2605,SOTMU,ELKUR,W98,CN-2605-SIMLI-ZSSS-01,SIMLI-ZSSS-01,3
CN,2605,SOTMU,HUR,B339,CN-2605-BEKOL-APSMS,BEKOL-APSMS,4
CN,2605,SOTMU,HUR,B339,CN-2605-BEKOL-APSMS,BEKOL-APSMS,16
CN,2605,SOTMU,HUR,B339,CN-2605-BEKOL-ARGUK,BEKOL-ARGUK,4
CN,2605,SOTMU,HUR,B339,CN-2605-BEKOL-BISUN,BEKOL-BISUN,4
CN,2605,SOTMU,HUR,B339,CN-2605-BEKOL-SIMLI,BEKOL-SIMLI,4
CN,2605,SOTMU,HUR,B339,CN-2605-BEKOL-ZYCC-01,BEKOL-ZYCC-01,4
CN,2605,SOTMU,HUR,B339,CN-2605-BEKOL-ZYHB-01,BEKOL-ZYHB-01,4
CN,2605,SOTMU,HUR,B339,CN-2605-LINSO-BISUN,LINSO-BISUN,5
CN,2605,SOTMU,HUR,B339,CN-2605-SAGAG-BISUN,SAGAG-BISUN,4
CN,2605,SOTMU,HUR,B339,CN-2605-TEBAK-ARGUK,TEBAK-ARGUK,6
CN,2605,SOTMU,HUR,B339,CN-2605-TEBAK-BISUN,TEBAK-BISUN,6
CN,2605,SOTMU,HUR,B339,CN-2605-TEBAK-ZBLA-01,TEBAK-ZBLA-01,6
CN,2605,SOTMU,HUR,B339,CN-2605-TEBAK-ZYCC-01,TEBAK-ZYCC-01,6
CN,2605,SOTMU,HUR,B339,CN-2605-TEBAK-ZYHB-01,TEBAK-ZYHB-01,6
CN,2605,SOTMU,HUR,B339,CN-2605-VHHH-ZBLA-01,VHHH-ZBLA-01,4
CN,2605,SOTMU,HUR,B339,CN-2605-VHHH-ZYCC-01,VHHH-ZYCC-01,4
CN,2605,SOTMU,HUR,B339,CN-2605-VHHH-ZYHB-01,VHHH-ZYHB-01,4
CN,2605,SOTMU,HUR,B339,CN-2605-VMMC-ARGUK,VMMC-ARGUK,7
CN,2605,SOTMU,HUR,B339,CN-2605-VMMC-BISUN,VMMC-BISUN,7
CN,2605,SOTMU,HUR,B339,CN-2605-VMMC-ZYHB-01,VMMC-ZYHB-01,7
CN,2605,SOTMU,HUR,B339,CN-2605-ZBYN-ARGUK-01,ZBYN-ARGUK-01,2
CN,2605,SOTMU,HUR,B339,CN-2605-ZGGG-ARGUK-01,ZGGG-ARGUK-01,4
CN,2605,SOTMU,HUR,B339,CN-2605-ZGGG-SIMLI-01,ZGGG-SIMLI-01,4
CN,2605,SOTMU,HUR,B339,CN-2605-ZGHA-ARGUK-01,ZGHA-ARGUK-01,3
CN,2605,SOTMU,HUR,B339,CN-2605-ZGHA-BISUN-01,ZGHA-BISUN-01,3
CN,2605,SOTMU,HUR,B339,CN-2605-ZGSZ-ARGUK-01,ZGSZ-ARGUK-01,6
CN,2605,SOTMU,HUR,B339,CN-2605-ZGSZ-BISUN-01,ZGSZ-BISUN-01,6
CN,2605,SOTMU,HUR,B339,CN-2605-ZGSZ-SIMLI-01,ZGSZ-SIMLI-01,6
CN,2605,SOTMU,HUR,B339,CN-2605-ZHCC-ARGUK-01,ZHCC-ARGUK-01,3
CN,2605,SOTMU,HUR,B339,CN-2605-ZHCC-BISUN-01,ZHCC-BISUN-01,3
CN,2605,SOTMU,HUR,B339,CN-2605-ZHCC-SIMLI-01,ZHCC-SIMLI-01,3
CN,2605,SOTMU,HUR,B339,CN-2605-ZHEC-ARGUK-01,ZHEC-ARGUK-01,3
CN,2605,SOTMU,HUR,B339,CN-2605-ZHHH-ARGUK-01,ZHHH-ARGUK-01,3
CN,2605,SOTMU,HUR,B339,CN-2605-ZHHH-BISUN-01,ZHHH-BISUN-01,3
CN,2605,SOTMU,HUR,B339,CN-2605-ZHHH-SIMLI-01,ZHHH-SIMLI-01,3
CN,2605,SOTMU,HUR,B339,CN-2605-ZJSY-ARGUK-01,ZJSY-ARGUK-01,7
CN,2605,SOTMU,HUR,B339,CN-2605-ZJSY-BISUN-01,ZJSY-BISUN-01,7
CN,2605,SOTMU,HUR,B339,CN-2605-ZJSY-BISUN-02,ZJSY-BISUN-02,11
CN,2605,SOTMU,HUR,B339,CN-2605-ZJSY-SIMLI-01,ZJSY-SIMLI-01,7
CN,2605,SOTMU,HUR,B339,CN-2605-ZSNJ-ARGUK-01,ZSNJ-ARGUK-01,5
CN,2605,SOTMU,HUR,B339,CN-2605-ZSNJ-BISUN-01,ZSNJ-BISUN-01,5
CN,2605,SOTMU,HUR,B339,CN-2605-ZSPD-ARGUK-01,ZSPD-ARGUK-01,5
CN,2605,SOTMU,HUR,B339,CN-2605-ZSPD-SIMLI-01,ZSPD-SIMLI-01,5
CN,2605,SOTMU,HUR,B339,CN-2605-ZSSS-ARGUK-01,ZSSS-ARGUK-01,5
CN,2605,SOTMU,HUR,B339,CN-2605-ZSSS-SIMLI-01,ZSSS-SIMLI-01,5
CN,2605,SOTMU,HUR,B339,CN-2605-ZUCK-ARGUK-01,ZUCK-ARGUK-01,5
CN,2605,SOTMU,HUR,B339,CN-2605-ZUCK-SIMLI-01,ZUCK-SIMLI-01,5
CN,2605,SOTMU,HUR,B339,CN-2605-ZUGY-ARGUK-01,ZUGY-ARGUK-01,9
CN,2605,SOTMU,POLHO,B339,CN-2605-ZSAM-POLHO-01,ZSAM-POLHO-01,9
CN,2605,SOTMU,POLHO,B339,CN-2605-ZSCN-POLHO-01,ZSCN-POLHO-01,4
CN,2605,SOTMU,POLHO,B339,CN-2605-ZSFZ-POLHO-01,ZSFZ-POLHO-01,7
CN,2605,SOTMU,POLHO,B339,CN-2605-ZSHC-POLHO-01,ZSHC-POLHO-01,6
CN,2605,SOTMU,POLHO,B339,CN-2605-ZSNJ-POLHO-01,ZSNJ-POLHO-01,5
CN,2605,SOTMU,POLHO,B339,CN-2605-ZSPD-POLHO-01,ZSPD-POLHO-01,5
CN,2605,SOTMU,POLHO,B339,CN-2605-ZSSS-POLHO-01,ZSSS-POLHO-01,5
CN,2605,SOTMU,POLHO,B339,CN-2605-ZSWZ-POLHO-01,ZSWZ-POLHO-01,8
CN,2605,SQ,CGO,B208,CN-2605-ZBDT-VHHH-01,ZBDT-VHHH-01,3
CN,2605,SQ,NUPTI,W45,CN-2605-INTIK-TEBAK,INTIK-TEBAK,3
CN,2605,SQ,NUPTI,W45,CN-2605-NIXAL-TEBAK,NIXAL-TEBAK,2
CN,2605,SUBUL,AKDIK,W230,CN-2605-AGAVO-ZUUU-01,AGAVO-ZUUU-01,10
CN,2605,SUBUL,AKDIK,W230,CN-2605-AGAVO-ZUUU-02,AGAVO-ZUUU-02,7
CN,2605,SUBUL,AKDIK,W230,CN-2605-MAGIT-ZUUU-01,MAGIT-ZUUU-01,7
CN,2605,SUBUL,AKDIK,W230,CN-2605-MAGIT-ZUUU-02,MAGIT-ZUUU-02,8
CN,2605,SUBUL,AKDIK,W230,CN-2605-NIXAL-ZUUU-01,NIXAL-ZUUU-01,5
CN,2605,SUBUL,AKDIK,W230,CN-2605-POLHO-ZUUU-01,POLHO-ZUUU-01,6
CN,2605,SUBUL,AKDIK,W230,CN-2605-POLHO-ZUUU-02,POLHO-ZUUU-02,7
CN,2605,SUBUL,AKDIK,W230,CN-2605-SIMLI-ZUUU-01,SIMLI-ZUUU-01,7
CN,2605,SUDGO,WXI,W4,CN-2605-LINSO-ZSQD-02,LINSO-ZSQD-02,7
CN,2605,SUDGO,WXI,W4,CN-2605-SAGAG-ZSJN-01,SAGAG-ZSJN-01,7
CN,2605,SULEM,BZ,R596,CN-2605-RCBS-ZBTJ-01,RCBS-ZBTJ-01,1
CN,2605,SULEM,BZ,R596,CN-2605-RCBS-ZLXY-01,RCBS-ZLXY-01,1
CN,2605,SULEM,BZ,R596,CN-2605-RCFN-ZBTJ-01,RCFN-ZBTJ-01,1
CN,2605,SULEM,BZ,R596,CN-2605-RCKH-ZBAA-01,RCKH-ZBAA-01,1
CN,2605,SULEM,BZ,R596,CN-2605-RCKH-ZBSJ-01,RCKH-ZBSJ-01,1
CN,2605,SULEM,BZ,R596,CN-2605-RCKH-ZBTJ-01,RCKH-ZBTJ-01,1
CN,2605,SULEM,BZ,R596,CN-2605-RCKH-ZBYN-01,RCKH-ZBYN-01,1
CN,2605,SULEM,BZ,R596,CN-2605-RCKH-ZHCC-01,RCKH-ZHCC-01,1
CN,2605,SULEM,BZ,R596,CN-2605-RCKH-ZHHH-01,RCKH-ZHHH-01,1
CN,2605,SULEM,BZ,R596,CN-2605-RCKH-ZLXY-01,RCKH-ZLXY-01,1
CN,2605,SULEM,BZ,R596,CN-2605-RCKH-ZSCN-01,RCKH-ZSCN-01,1
CN,2605,SULEM,BZ,R596,CN-2605-RCKH-ZSHC-01,RCKH-ZSHC-01,1
CN,2605,SULEM,BZ,R596,CN-2605-RCKH-ZSJN-01,RCKH-ZSJN-01,1
CN,2605,SULEM,BZ,R596,CN-2605-RCKH-ZSNJ-01,RCKH-ZSNJ-01,1
CN,2605,SULEM,BZ,R596,CN-2605-RCKH-ZSOF-01,RCKH-ZSOF-01,1
CN,2605,SULEM,BZ,R596,CN-2605-RCKH-ZSTX-01,RCKH-ZSTX-01,1
CN,2605,SULEM,BZ,R596,CN-2605-RCKH-ZSXZ-01,RCKH-ZSXZ-01,1
CN,2605,SULEM,BZ,R596,CN-2605-RCMQ-ZBTJ-01,RCMQ-ZBTJ-01,1
CN,2605,SULEM,BZ,R596,CN-2605-RCMQ-ZBYN-01,RCMQ-ZBYN-01,1
CN,2605,SULEM,BZ,R596,CN-2605-RCMQ-ZLXY-01,RCMQ-ZLXY-01,1
CN,2605,SULEM,BZ,R596,CN-2605-RCMQ-ZSJN-01,RCMQ-ZSJN-01,1
CN,2605,SULEM,BZ,R596,CN-2605-RCMQ-ZSNJ-01,RCMQ-ZSNJ-01,1
CN,2605,SULEM,BZ,R596,CN-2605-RCMQ-ZSOF-01,RCMQ-ZSOF-01,1
CN,2605,SULEM,BZ,R596,CN-2605-RCNN-ZBTJ-01,RCNN-ZBTJ-01,1
CN,2605,SULEM,BZ,R596,CN-2605-RCNN-ZHHH-01,RCNN-ZHHH-01,1
CN,2605,SULEM,BZ,R596,CN-2605-RCQC-ZLXY-01,RCQC-ZLXY-01,1
CN,2605,SULEM,BZ,R596,CN-2605-RCSS-ZBTJ-01,RCSS-ZBTJ-01,1
CN,2605,SULEM,BZ,R596,CN-2605-RCSS-ZHHH-01,RCSS-ZHHH-01,1
CN,2605,SULEM,BZ,R596,CN-2605-RCSS-ZSHC-01,RCSS-ZSHC-01,1
CN,2605,SULEM,BZ,R596,CN-2605-RCTP-ZBAA-01,RCTP-ZBAA-01,1
CN,2605,SULEM,BZ,R596,CN-2605-RCTP-ZBHH-01,RCTP-ZBHH-01,1
CN,2605,SULEM,BZ,R596,CN-2605-RCTP-ZBSJ-01,RCTP-ZBSJ-01,1
CN,2605,SULEM,BZ,R596,CN-2605-RCTP-ZBTJ-01,RCTP-ZBTJ-01,1
CN,2605,SULEM,BZ,R596,CN-2605-RCTP-ZBYN-01,RCTP-ZBYN-01,1
CN,2605,SULEM,BZ,R596,CN-2605-RCTP-ZGDY-01,RCTP-ZGDY-01,1
CN,2605,SULEM,BZ,R596,CN-2605-RCTP-ZHCC-01,RCTP-ZHCC-01,1
CN,2605,SULEM,BZ,R596,CN-2605-RCTP-ZHHH-01,RCTP-ZHHH-01,1
CN,2605,SULEM,BZ,R596,CN-2605-RCTP-ZLIC-01,RCTP-ZLIC-01,1
CN,2605,SULEM,BZ,R596,CN-2605-RCTP-ZLXY-01,RCTP-ZLXY-01,1
CN,2605,SULEM,BZ,R596,CN-2605-RCTP-ZSCN-01,RCTP-ZSCN-01,1
CN,2605,SULEM,BZ,R596,CN-2605-RCTP-ZSHC-01,RCTP-ZSHC-01,1
CN,2605,SULEM,BZ,R596,CN-2605-RCTP-ZSJN-01,RCTP-ZSJN-01,1
CN,2605,SULEM,BZ,R596,CN-2605-RCTP-ZSNJ-01,RCTP-ZSNJ-01,1
CN,2605,SULEM,BZ,R596,CN-2605-RCTP-ZSOF-01,RCTP-ZSOF-01,1
CN,2605,SULEM,BZ,R596,CN-2605-RCTP-ZSSH-01,RCTP-ZSSH-01,1
CN,2605,SULEM,BZ,R596,CN-2605-RCTP-ZSTX-01,RCTP-ZSTX-01,1
CN,2605,SULEM,BZ,R596,CN-2605-RCTP-ZSXZ-01,RCTP-ZSXZ-01,1
CN,2605,SULEM,BZ,R596,CN-2605-RCYU-ZBAA-01,RCYU-ZBAA-01,1
CN,2605,SULEM,BZ,R596,CN-2605-RCYU-ZBSJ-01,RCYU-ZBSJ-01,1
CN,2605,SULEM,BZ,R596,CN-2605-RCYU-ZBTJ-01,RCYU-ZBTJ-01,1
CN,2605,SULEM,BZ,R596,CN-2605-RCYU-ZBYN-01,RCYU-ZBYN-01,1
CN,2605,SULEM,BZ,R596,CN-2605-RCYU-ZHCC-01,RCYU-ZHCC-01,1
CN,2605,SULEM,BZ,R596,CN-2605-RCYU-ZHHH-01,RCYU-ZHHH-01,1
CN,2605,SULEM,BZ,R596,CN-2605-RCYU-ZLXY-01,RCYU-ZLXY-01,1
CN,2605,SULEM,BZ,R596,CN-2605-RCYU-ZSCN-01,RCYU-ZSCN-01,1
CN,2605,SULEM,BZ,R596,CN-2605-RCYU-ZSHC-01,RCYU-ZSHC-01,1
CN,2605,SULEM,BZ,R596,CN-2605-RCYU-ZSJN-01,RCYU-ZSJN-01,1
CN,2605,SULEM,BZ,R596,CN-2605-RCYU-ZSNJ-01,RCYU-ZSNJ-01,1
CN,2605,SULEM,BZ,R596,CN-2605-RCYU-ZSOF-01,RCYU-ZSOF-01,1
CN,2605,SULEM,BZ,R596,CN-2605-RCYU-ZSTX-01,RCYU-ZSTX-01,1
CN,2605,SULEM,BZ,R596,CN-2605-RCYU-ZSXZ-01,RCYU-ZSXZ-01,1
CN,2605,SULEM,DST,R596,CN-2605-RCKH-ZSFZ-01,RCKH-ZSFZ-01,1
CN,2605,SULEM,DST,R596,CN-2605-RCKH-ZSNB-01,RCKH-ZSNB-01,1
CN,2605,SULEM,DST,R596,CN-2605-RCKH-ZSPD-01,RCKH-ZSPD-01,1
CN,2605,SULEM,DST,R596,CN-2605-RCKH-ZSSS-01,RCKH-ZSSS-01,1
CN,2605,SULEM,DST,R596,CN-2605-RCMQ-ZSPD-01,RCMQ-ZSPD-01,1
CN,2605,SULEM,DST,R596,CN-2605-RCMQ-ZSSS-01,RCMQ-ZSSS-01,1
CN,2605,SULEM,DST,R596,CN-2605-RCSS-ZSFZ-01,RCSS-ZSFZ-01,1
CN,2605,SULEM,DST,R596,CN-2605-RCSS-ZSPD-01,RCSS-ZSPD-01,1
CN,2605,SULEM,DST,R596,CN-2605-RCSS-ZSSS-01,RCSS-ZSSS-01,1
CN,2605,SULEM,DST,R596,CN-2605-RCTP-ZSFZ-01,RCTP-ZSFZ-01,1
CN,2605,SULEM,DST,R596,CN-2605-RCTP-ZSNB-01,RCTP-ZSNB-01,1
CN,2605,SULEM,DST,R596,CN-2605-RCTP-ZSNT-01,RCTP-ZSNT-01,1
CN,2605,SULEM,DST,R596,CN-2605-RCTP-ZSPD-01,RCTP-ZSPD-01,1
CN,2605,SULEM,DST,R596,CN-2605-RCTP-ZSSS-01,RCTP-ZSSS-01,1
CN,2605,SULEM,DST,R596,CN-2605-RCYU-ZSFZ-01,RCYU-ZSFZ-01,1
CN,2605,SULEM,DST,R596,CN-2605-RCYU-ZSNB-01,RCYU-ZSNB-01,1
CN,2605,SULEM,DST,R596,CN-2605-RCYU-ZSPD-01,RCYU-ZSPD-01,1
CN,2605,SULEM,DST,R596,CN-2605-RCYU-ZSSS-01,RCYU-ZSSS-01,1
CN,2605,SULEM,OKATO,R596,CN-2605-RCKH-ZSFZ-03,RCKH-ZSFZ-03,1
CN,2605,SULEM,OKATO,R596,CN-2605-RCKH-ZSQD-01,RCKH-ZSQD-01,1
CN,2605,SULEM,OKATO,R596,CN-2605-RCKH-ZSWZ-01,RCKH-ZSWZ-01,1
CN,2605,SULEM,OKATO,R596,CN-2605-RCMQ-ZSQD-01,RCMQ-ZSQD-01,1
CN,2605,SULEM,OKATO,R596,CN-2605-RCSS-ZSFZ-02,RCSS-ZSFZ-02,1
CN,2605,SULEM,OKATO,R596,CN-2605-RCTP-ZSFZ-02,RCTP-ZSFZ-02,1
CN,2605,SULEM,OKATO,R596,CN-2605-RCTP-ZSQD-01,RCTP-ZSQD-01,1
CN,2605,SULEM,OKATO,R596,CN-2605-RCTP-ZSWZ-01,RCTP-ZSWZ-01,1
CN,2605,SULEM,OKATO,R596,CN-2605-RCTP-ZSYA-01,RCTP-ZSYA-01,1
CN,2605,SULEM,OKATO,R596,CN-2605-RCYU-ZSQD-01,RCYU-ZSQD-01,1
CN,2605,SULEM,OKATO,R596,CN-2605-RCYU-ZSWZ-01,RCYU-ZSWZ-01,1
CN,2605,SUMUN,ASIPO,W3,CN-2605-BEKOL-ZUCK-01,BEKOL-ZUCK-01,7
CN,2605,SUMUN,ASIPO,W3,CN-2605-RCKH-ZUCK-01,RCKH-ZUCK-01,7
CN,2605,SUMUN,ASIPO,W3,CN-2605-RCMQ-ZUCK-01,RCMQ-ZUCK-01,7
CN,2605,SUMUN,ASIPO,W3,CN-2605-RCSS-ZUCK-01,RCSS-ZUCK-01,7
CN,2605,SUMUN,ASIPO,W3,CN-2605-RCTP-ZUCK-01,RCTP-ZUCK-01,7
CN,2605,SUMUN,ASIPO,W3,CN-2605-RCYU-ZUCK-01,RCYU-ZUCK-01,7
CN,2605,SUMUN,ASIPO,W3,CN-2605-VHHH-ZUCK-01,VHHH-ZUCK-01,7
CN,2605,SUMUN,ASIPO,W3,CN-2605-VMMC-ZUCK-01,VMMC-ZUCK-01,7
CN,2605,SUMUN,ASIPO,W3,CN-2605-VMMC-ZUCK-02,VMMC-ZUCK-02,7
CN,2605,SUNOK,WFG,W103,CN-2605-LINSO-ZSQD-01,LINSO-ZSQD-01,6
CN,2605,SUNOK,WFG,W103,CN-2605-LINSO-ZSQD-02,LINSO-ZSQD-02,9
CN,2605,SUNOK,WFG,W103,CN-2605-TEBAK-ZSQD-02,TEBAK-ZSQD-02,7
CN,2605,SUNOK,YQG,W103,CN-2605-BEKOL-ZSYT-01,BEKOL-ZSYT-01,5
CN,2605,SUNOK,YQG,W103,CN-2605-BEKOL-ZYTL-01,BEKOL-ZYTL-01,5
CN,2605,SUNOK,YQG,W103,CN-2605-LINSO-AGAVO,LINSO-AGAVO,6
CN,2605,SUNOK,YQG,W103,CN-2605-LINSO-ZSYT-01,LINSO-ZSYT-01,6
CN,2605,SUNOK,YQG,W103,CN-2605-RKL-AGAVO,RKL-AGAVO,30
CN,2605,SUNOK,YQG,W103,CN-2605-TEBAK-ZSQD-01,TEBAK-ZSQD-01,7
CN,2605,SUNOK,YQG,W103,CN-2605-TEBAK-ZYTL-01,TEBAK-ZYTL-01,7
CN,2605,SUNOK,YQG,W103,CN-2605-VHHH-ZYTL-01,VHHH-ZYTL-01,5
CN,2605,SUNOK,YQG,W103,CN-2605-ZGHA-AGAVO-01,ZGHA-AGAVO-01,4
CN,2605,SUNOK,YQG,W103,CN-2605-ZHCC-AGAVO-01,ZHCC-AGAVO-01,4
CN,2605,SUNOK,YQG,W103,CN-2605-ZHEC-AGAVO-01,ZHEC-AGAVO-01,4
CN,2605,SUNOK,YQG,W103,CN-2605-ZHHH-AGAVO-01,ZHHH-AGAVO-01,4
CN,2605,SUNOK,YQG,W103,CN-2605-ZPPP-AGAVO-01,ZPPP-AGAVO-01,6
CN,2605,SUNOK,YQG,W103,CN-2605-ZUGY-AGAVO-01,ZUGY-AGAVO-01,7
CN,2605,SUPAR,DSH,W505,CN-2605-LAMEN-ZSHC-01,LAMEN-ZSHC-01,5
CN,2605,SUPAR,DSH,W505,CN-2605-MAGIT-ZSHC-01,MAGIT-ZSHC-01,10
CN,2605,SUPAR,DSH,W505,CN-2605-SIMLI-ZSHC-02,SIMLI-ZSHC-02,8
CN,2605,SUPAR,NINAS,B221,CN-2605-ZSHC-LAMEN-01,ZSHC-LAMEN-01,2
CN,2605,SURAK,LAMEN,G455,CN-2605-ZSNJ-LAMEN-03,ZSNJ-LAMEN-03,4
CN,2605,SURAK,OMLIB,A326,CN-2605-ZSPD-AGAVO-01,ZSPD-AGAVO-01,1
CN,2605,SURAK,SANKO,A326,CN-2605-ZSPD-ARGUK-02,ZSPD-ARGUK-02,1
CN,2605,SURAK,SANKO,A326,CN-2605-ZSPD-BISUN-01,ZSPD-BISUN-01,1
CN,2605,SURAK,SANKO,A326,CN-2605-ZSPD-SIMLI-02,ZSPD-SIMLI-02,1
CN,2605,SURAK,SANKO,A326,CN-2605-ZSPD-TELOK-01,ZSPD-TELOK-01,1
CN,2605,SURAK,SANKO,A326,CN-2605-ZSPD-TOMUK-01,ZSPD-TOMUK-01,1
CN,2605,SWA,BEBEM,A470,CN-2605-ZGOW-RCKH-01,ZGOW-RCKH-01,1
CN,2605,SWA,BEBEM,A470,CN-2605-ZGOW-RCTP-01,ZGOW-RCTP-01,1
CN,2605,SYX,NUMKU,W222,CN-2605-BUNTA-ZBAA-01,BUNTA-ZBAA-01,2
CN,2605,SYX,NUMKU,W222,CN-2605-BUNTA-ZBAD-01,BUNTA-ZBAD-01,2
CN,2605,SYX,NUMKU,W222,CN-2605-BUNTA-ZGNN-01,BUNTA-ZGNN-01,2
CN,2605,SYX,NUMKU,W222,CN-2605-BUNTA-ZGZJ-01,BUNTA-ZGZJ-01,2
CN,2605,SYX,NUMKU,W222,CN-2605-BUNTA-ZJHK-01,BUNTA-ZJHK-01,2
CN,2605,SYX,NUMKU,W222,CN-2605-ZJSY-LINSO-01,ZJSY-LINSO-01,1
CN,2605,TAMIX,NOPIN,B208,CN-2605-AGAVO-ZHCC-01,AGAVO-ZHCC-01,3
CN,2605,TAMIX,NOPIN,B208,CN-2605-BISUN-ZHCC-01,BISUN-ZHCC-01,7
CN,2605,TAMIX,NOPIN,B208,CN-2605-TOMUK-ZHCC-01,TOMUK-ZHCC-01,5
CN,2605,TAMOT,GOPTO,DCT,CN-2605-SG-G470-TAMOT,SG-G470-TAMOT,9
CN,2605,TAMOT,GOPTO,DCT,CN-2605-SGM-G470-TAMOT,SGM-G470-TAMOT,9
CN,2605,TAMOT,GOPTO,DCT,CN-2605-SGM-TAMOT,SGM-TAMOT,8
CN,2605,TAMOT,GOPTO,DCT,CN-2605-SGMN-G470-TAMOT,SGMN-G470-TAMOT,9
CN,2605,TAMOT,GOPTO,DCT,CN-2605-SGMN-TAMOT,SGMN-TAMOT,8
CN,2605,TAMOT,GOPTO,DCT,CN-2605-SGMRK-G470-TAMOT,SGMRK-G470-TAMOT,9
CN,2605,TAMOT,GOPTO,DCT,CN-2605-SGMRK-G470/L888-TAMOT,SGMRK-G470/L888-TAMOT,9
CN,2605,TAMOT,GOPTO,DCT,CN-2605-SGMRK-G470/Y1-TAMOT,SGMRK-G470/Y1-TAMOT,9
CN,2605,TAMOT,GOPTO,DCT,CN-2605-SGMRN-G470-TAMOT,SGMRN-G470-TAMOT,9
CN,2605,TAMOT,GOPTO,DCT,CN-2605-SGMRN-G470/L888-TAMOT,SGMRN-G470/L888-TAMOT,9
CN,2605,TAMOT,GOPTO,DCT,CN-2605-SGMRN-G470/Y1-TAMOT,SGMRN-G470/Y1-TAMOT,9
CN,2605,TAMOT,IDUMA,W68,CN-2605-ASSAD-ZGGG-01,ASSAD-ZGGG-01,3
CN,2605,TAMOT,IDUMA,W68,CN-2605-BUNTA-ZGGG-01,BUNTA-ZGGG-01,3
CN,2605,TAMOT,IDUMA,W68,CN-2605-TAMOT-ZGGG-01,TAMOT-ZGGG-01,1
CN,2605,TAMOT,KAMUD,DCT,CN-2605-SGMRK-G470-TAMOT,SGMRK-G470-TAMOT,35
CN,2605,TAMOT,KAMUD,DCT,CN-2605-SGMRK-G470/L888-TAMOT,SGMRK-G470/L888-TAMOT,35
CN,2605,TAMOT,KAMUD,DCT,CN-2605-SGMRK-G470/Y1-TAMOT,SGMRK-G470/Y1-TAMOT,34
CN,2605,TAMOT,KAMUD,DCT,CN-2605-SRK-L888-TAMOT,SRK-L888-TAMOT,19
CN,2605,TAMOT,KAMUD,DCT,CN-2605-SRK-TAMOT,SRK-TAMOT,19
CN,2605,TAMOT,KAMUD,DCT,CN-2605-SRK-Y1-TAMOT,SRK-Y1-TAMOT,18
CN,2605,TAMOT,KAMUD,DCT,CN-2605-SRKL-W191-TAMOT,SRKL-W191-TAMOT,19
CN,2605,TAMOT,KAMUD,DCT,CN-2605-SRKL-W191/L888-TAMOT,SRKL-W191/L888-TAMOT,19
CN,2605,TAMOT,KAMUD,DCT,CN-2605-SRKL-W191/Y1-TAMOT,SRKL-W191/Y1-TAMOT,18
CN,2605,TAMOT,LINSO,DCT,CN-2605-SRKL-W191-TAMOT,SRKL-W191-TAMOT,29
CN,2605,TAMOT,LINSO,DCT,CN-2605-SRKL-W191/L888-TAMOT,SRKL-W191/L888-TAMOT,27
CN,2605,TAMOT,LINSO,DCT,CN-2605-SRKL-W191/Y1-TAMOT,SRKL-W191/Y1-TAMOT,26
CN,2605,TAMOT,LINSO,DCT,CN-2605-SRL-TAMOT,SRL-TAMOT,17
CN,2605,TAMOT,LINSO,DCT,CN-2605-SRL-W191-TAMOT,SRL-W191-TAMOT,19
CN,2605,TAMOT,LINSO,DCT,CN-2605-SRL-W191/L888-TAMOT,SRL-W191/L888-TAMOT,19
CN,2605,TAMOT,LINSO,DCT,CN-2605-SRL-W191/Y1-TAMOT,SRL-W191/Y1-TAMOT,18
CN,2605,TAMOT,MORIT,DCT,CN-2605-MPSMS-TAMOT,MPSMS-TAMOT,18
CN,2605,TAMOT,MORIT,DCT,CN-2605-SGM-G470-TAMOT,SGM-G470-TAMOT,20
CN,2605,TAMOT,MORIT,DCT,CN-2605-SGM-TAMOT,SGM-TAMOT,16
CN,2605,TAMOT,MORIT,DCT,CN-2605-SGMN-G470-TAMOT,SGMN-G470-TAMOT,20
CN,2605,TAMOT,MORIT,DCT,CN-2605-SGMN-TAMOT,SGMN-TAMOT,16
CN,2605,TAMOT,MORIT,DCT,CN-2605-SGMRK-G470-TAMOT,SGMRK-G470-TAMOT,20
CN,2605,TAMOT,MORIT,DCT,CN-2605-SGMRK-G470/L888-TAMOT,SGMRK-G470/L888-TAMOT,20
CN,2605,TAMOT,MORIT,DCT,CN-2605-SGMRK-G470/Y1-TAMOT,SGMRK-G470/Y1-TAMOT,20
CN,2605,TAMOT,MORIT,DCT,CN-2605-SGMRN-G470-TAMOT,SGMRN-G470-TAMOT,20
CN,2605,TAMOT,MORIT,DCT,CN-2605-SGMRN-G470/L888-TAMOT,SGMRN-G470/L888-TAMOT,20
CN,2605,TAMOT,MORIT,DCT,CN-2605-SGMRN-G470/Y1-TAMOT,SGMRN-G470/Y1-TAMOT,20
CN,2605,TAMOT,MORIT,DCT,CN-2605-SM-TAMOT,SM-TAMOT,9
CN,2605,TAMOT,NIXAL,DCT,CN-2605-MN-TAMOT,MN-TAMOT,5
CN,2605,TAMOT,NIXAL,DCT,CN-2605-SGMN-G470-TAMOT,SGMN-G470-TAMOT,25
CN,2605,TAMOT,NIXAL,DCT,CN-2605-SGMN-TAMOT,SGMN-TAMOT,21
CN,2605,TAMOT,NIXAL,DCT,CN-2605-SGMRN-G470-TAMOT,SGMRN-G470-TAMOT,35
CN,2605,TAMOT,NIXAL,DCT,CN-2605-SGMRN-G470/L888-TAMOT,SGMRN-G470/L888-TAMOT,35
CN,2605,TAMOT,NIXAL,DCT,CN-2605-SGMRN-G470/Y1-TAMOT,SGMRN-G470/Y1-TAMOT,34
CN,2605,TAMOT,POLHO,DCT,CN-2605-MPSMS-TAMOT,MPSMS-TAMOT,6
CN,2605,TAMOT,RULAD,DCT,CN-2605-SGMRK-G470-TAMOT,SGMRK-G470-TAMOT,25
CN,2605,TAMOT,RULAD,DCT,CN-2605-SGMRK-G470/L888-TAMOT,SGMRK-G470/L888-TAMOT,25
CN,2605,TAMOT,RULAD,DCT,CN-2605-SGMRK-G470/Y1-TAMOT,SGMRK-G470/Y1-TAMOT,25
CN,2605,TAMOT,RULAD,DCT,CN-2605-SGMRN-G470-TAMOT,SGMRN-G470-TAMOT,25
CN,2605,TAMOT,RULAD,DCT,CN-2605-SGMRN-G470/L888-TAMOT,SGMRN-G470/L888-TAMOT,25
CN,2605,TAMOT,RULAD,DCT,CN-2605-SGMRN-G470/Y1-TAMOT,SGMRN-G470/Y1-TAMOT,25
CN,2605,TAMOT,RULAD,DCT,CN-2605-SRK-L888-TAMOT,SRK-L888-TAMOT,9
CN,2605,TAMOT,RULAD,DCT,CN-2605-SRK-TAMOT,SRK-TAMOT,9
CN,2605,TAMOT,RULAD,DCT,CN-2605-SRK-Y1-TAMOT,SRK-Y1-TAMOT,9
CN,2605,TAMOT,RULAD,DCT,CN-2605-SRKL-W191-TAMOT,SRKL-W191-TAMOT,9
CN,2605,TAMOT,RULAD,DCT,CN-2605-SRKL-W191/L888-TAMOT,SRKL-W191/L888-TAMOT,9
CN,2605,TAMOT,RULAD,DCT,CN-2605-SRKL-W191/Y1-TAMOT,SRKL-W191/Y1-TAMOT,9
CN,2605,TAMOT,RULAD,DCT,CN-2605-SRL-TAMOT,SRL-TAMOT,8
CN,2605,TAMOT,RULAD,DCT,CN-2605-SRL-W191-TAMOT,SRL-W191-TAMOT,9
CN,2605,TAMOT,RULAD,DCT,CN-2605-SRL-W191/L888-TAMOT,SRL-W191/L888-TAMOT,9
CN,2605,TAMOT,RULAD,DCT,CN-2605-SRL-W191/Y1-TAMOT,SRL-W191/Y1-TAMOT,9
CN,2605,TAMOT,SADLI,DCT,CN-2605-MPSMS-TAMOT,MPSMS-TAMOT,23
CN,2605,TAMOT,SIKOU,DCT,CN-2605-BISUN-ZJSY-01,BISUN-ZJSY-01,7
CN,2605,TAMOT,SIKOU,DCT,CN-2605-LAMEN-ZJHK-01,LAMEN-ZJHK-01,9
CN,2605,TAMOT,SIKOU,DCT,CN-2605-LAMEN-ZJSY-01,LAMEN-ZJSY-01,9
CN,2605,TAMOT,SIKOU,DCT,CN-2605-MAGIT-ZJSY-01,MAGIT-ZJSY-01,6
CN,2605,TAMOT,SIKOU,DCT,CN-2605-POLHO-ZJSY-01,POLHO-ZJSY-01,6
CN,2605,TAMOT,SIKOU,DCT,CN-2605-SIMLI-ZJSY-01,SIMLI-ZJSY-01,6
CN,2605,TAMOT,SIMLI,DCT,CN-2605-MPSMS-TAMOT,MPSMS-TAMOT,12
CN,2605,TAMUS,ELBAV,W180,CN-2605-ZLXY-TAMOT-01,ZLXY-TAMOT-01,5
CN,2605,TAMUS,ELBAV,W180,CN-2605-ZLXY-VHHH-01,ZLXY-VHHH-01,5
CN,2605,TAMUS,LIDMA,W180,CN-2605-ZLXY-TAMOT-02,ZLXY-TAMOT-02,5
CN,2605,TAMUS,LIDMA,W180,CN-2605-ZLXY-VHHH-02,ZLXY-VHHH-02,5
CN,2605,TAMUS,LIDMA,W180,CN-2605-ZLXY-VMMC-01,ZLXY-VMMC-01,5
CN,2605,TEBAK,GYA,R474,CN-2605-TEBAK-SADLI,TEBAK-SADLI,1
CN,2605,TEBAK,GYA,R474,CN-2605-TEBAK-TAMOT,TEBAK-TAMOT,1
CN,2605,TEBAK,GYA,R474,CN-2605-TEBAK-VHHH,TEBAK-VHHH,1
CN,2605,TEBAK,GYA,R474,CN-2605-TEBAK-VMMC,TEBAK-VMMC,1
CN,2605,TEBAK,GYA,R474,CN-2605-TEBAK-ZGGG-01,TEBAK-ZGGG-01,1
CN,2605,TEBAK,GYA,R474,CN-2605-TEBAK-ZGSZ-01,TEBAK-ZGSZ-01,1
CN,2605,TEBAK,GYA,R474,CN-2605-TEBAK-ZSAM-01,TEBAK-ZSAM-01,1
CN,2605,TEBAK,GYA,R474,CN-2605-TEBAK-ZSHC-01,TEBAK-ZSHC-01,1
CN,2605,TEBAK,GYA,R474,CN-2605-TEBAK-ZSNB-01,TEBAK-ZSNB-01,1
CN,2605,TEBAK,GYA,R474,CN-2605-TEBAK-ZSNB-02,TEBAK-ZSNB-02,1
CN,2605,TEBAK,GYA,R474,CN-2605-TEBAK-ZSTX-01,TEBAK-ZSTX-01,1
CN,2605,TEBAK,WUY,R474,CN-2605-TEBAK-AGAVO,TEBAK-AGAVO,1
CN,2605,TEBAK,WUY,R474,CN-2605-TEBAK-ARGUK,TEBAK-ARGUK,1
CN,2605,TEBAK,WUY,R474,CN-2605-TEBAK-BISUN,TEBAK-BISUN,1
CN,2605,TEBAK,WUY,R474,CN-2605-TEBAK-GOLOT,TEBAK-GOLOT,1
CN,2605,TEBAK,WUY,R474,CN-2605-TEBAK-GOPTO,TEBAK-GOPTO,1
CN,2605,TEBAK,WUY,R474,CN-2605-TEBAK-INTIK,TEBAK-INTIK,1
CN,2605,TEBAK,WUY,R474,CN-2605-TEBAK-NIXAL,TEBAK-NIXAL,1
CN,2605,TEBAK,WUY,R474,CN-2605-TEBAK-SARIN,TEBAK-SARIN,1
CN,2605,TEBAK,WUY,R474,CN-2605-TEBAK-TOMUK,TEBAK-TOMUK,1
CN,2605,TEBAK,WUY,R474,CN-2605-TEBAK-WHA-SADLI,TEBAK-WHA-SADLI,1
CN,2605,TEBAK,WUY,R474,CN-2605-TEBAK-ZBAA-01,TEBAK-ZBAA-01,1
CN,2605,TEBAK,WUY,R474,CN-2605-TEBAK-ZBAD-01,TEBAK-ZBAD-01,1
CN,2605,TEBAK,WUY,R474,CN-2605-TEBAK-ZBHH-01,TEBAK-ZBHH-01,1
CN,2605,TEBAK,WUY,R474,CN-2605-TEBAK-ZBLA-01,TEBAK-ZBLA-01,1
CN,2605,TEBAK,WUY,R474,CN-2605-TEBAK-ZBSJ-01,TEBAK-ZBSJ-01,1
CN,2605,TEBAK,WUY,R474,CN-2605-TEBAK-ZBTJ-01,TEBAK-ZBTJ-01,1
CN,2605,TEBAK,WUY,R474,CN-2605-TEBAK-ZBYN-01,TEBAK-ZBYN-01,1
CN,2605,TEBAK,WUY,R474,CN-2605-TEBAK-ZGDY-01,TEBAK-ZGDY-01,1
CN,2605,TEBAK,WUY,R474,CN-2605-TEBAK-ZGHA-01,TEBAK-ZGHA-01,1
CN,2605,TEBAK,WUY,R474,CN-2605-TEBAK-ZGKL-01,TEBAK-ZGKL-01,1
CN,2605,TEBAK,WUY,R474,CN-2605-TEBAK-ZGZJ-01,TEBAK-ZGZJ-01,1
CN,2605,TEBAK,WUY,R474,CN-2605-TEBAK-ZHCC-01,TEBAK-ZHCC-01,1
CN,2605,TEBAK,WUY,R474,CN-2605-TEBAK-ZHEC-01,TEBAK-ZHEC-01,1
CN,2605,TEBAK,WUY,R474,CN-2605-TEBAK-ZHHH-01,TEBAK-ZHHH-01,1
CN,2605,TEBAK,WUY,R474,CN-2605-TEBAK-ZJHK-01,TEBAK-ZJHK-01,1
CN,2605,TEBAK,WUY,R474,CN-2605-TEBAK-ZJSY-01,TEBAK-ZJSY-01,1
CN,2605,TEBAK,WUY,R474,CN-2605-TEBAK-ZLIC-01,TEBAK-ZLIC-01,1
CN,2605,TEBAK,WUY,R474,CN-2605-TEBAK-ZSCN-01,TEBAK-ZSCN-01,1
CN,2605,TEBAK,WUY,R474,CN-2605-TEBAK-ZSJN-01,TEBAK-ZSJN-01,1
CN,2605,TEBAK,WUY,R474,CN-2605-TEBAK-ZSLY-01,TEBAK-ZSLY-01,1
CN,2605,TEBAK,WUY,R474,CN-2605-TEBAK-ZSNJ-01,TEBAK-ZSNJ-01,1
CN,2605,TEBAK,WUY,R474,CN-2605-TEBAK-ZSNT-01,TEBAK-ZSNT-01,1
CN,2605,TEBAK,WUY,R474,CN-2605-TEBAK-ZSOF-01,TEBAK-ZSOF-01,1
CN,2605,TEBAK,WUY,R474,CN-2605-TEBAK-ZSPD-01,TEBAK-ZSPD-01,1
CN,2605,TEBAK,WUY,R474,CN-2605-TEBAK-ZSQD-01,TEBAK-ZSQD-01,1
CN,2605,TEBAK,WUY,R474,CN-2605-TEBAK-ZSQD-02,TEBAK-ZSQD-02,1
CN,2605,TEBAK,WUY,R474,CN-2605-TEBAK-ZSSH-01,TEBAK-ZSSH-01,1
CN,2605,TEBAK,WUY,R474,CN-2605-TEBAK-ZSSS-01,TEBAK-ZSSS-01,1
CN,2605,TEBAK,WUY,R474,CN-2605-TEBAK-ZSXZ-01,TEBAK-ZSXZ-01,1
CN,2605,TEBAK,WUY,R474,CN-2605-TEBAK-ZSYA-01,TEBAK-ZSYA-01,1
CN,2605,TEBAK,WUY,R474,CN-2605-TEBAK-ZUGY-01,TEBAK-ZUGY-01,1
CN,2605,TEBAK,WUY,R474,CN-2605-TEBAK-ZYCC-01,TEBAK-ZYCC-01,1
CN,2605,TEBAK,WUY,R474,CN-2605-TEBAK-ZYHB-01,TEBAK-ZYHB-01,1
CN,2605,TEBAK,WUY,R474,CN-2605-TEBAK-ZYTL-01,TEBAK-ZYTL-01,1
CN,2605,TEBAK,WUY,R474,CN-2605-TEBAK-ZYTX-01,TEBAK-ZYTX-01,1
CN,2605,TEBAK,XEREN,R474,CN-2605-TEBAK-ZGNN-01,TEBAK-ZGNN-01,1
CN,2605,TEBIB,OVKAB,W541,CN-2605-ZLXY-AGVUT-01R,ZLXY-AGVUT-01R,1
CN,2605,TEBIB,OVKAB,W541,CN-2605-ZLXY-KAMUD-01,ZLXY-KAMUD-01,1
CN,2605,TEBIB,OVKAB,W541,CN-2605-ZLXY-KAMUD-02,ZLXY-KAMUD-02,1
CN,2605,TEBIB,OVKAB,W541,CN-2605-ZLXY-MORIT-01,ZLXY-MORIT-01,1
CN,2605,TEBIB,OVKAB,W541,CN-2605-ZLXY-OGIGI-01,ZLXY-OGIGI-01,1
CN,2605,TEBIB,OVKAB,W541,CN-2605-ZLXY-RULAD-01,ZLXY-RULAD-01,1
CN,2605,TEBIB,OVKAB,W541,CN-2605-ZLXY-RULAD-02,ZLXY-RULAD-02,1
CN,2605,TEBIB,OVKAB,W541,CN-2605-ZLXY-SARIN-01,ZLXY-SARIN-01,1
CN,2605,TEBIB,OVKAB,W541,CN-2605-ZLXY-SARIN-02,ZLXY-SARIN-02,1
CN,2605,TEBON,TOL,A470,CN-2605-ZGOW-LAMEN-01,ZGOW-LAMEN-01,2
CN,2605,TEBON,VETIB,W155,CN-2605-LAMEN-ZGOW-01,LAMEN-ZGOW-01,5
CN,2605,TEBUS,FKG,G588,CN-2605-TEBUS-RULAD,TEBUS-RULAD,1
CN,2605,TEBUS,FKG,G588,CN-2605-TEBUS-SARIN,TEBUS-SARIN,1
CN,2605,TEBUS,FKG,G588,CN-2605-TEBUS-ZWWW-01,TEBUS-ZWWW-01,1
CN,2605,TEKAM,HCH,W4,CN-2605-ZSQD-POLHO-01,ZSQD-POLHO-01,1
CN,2605,TEKAM,IGDEG,W172,CN-2605-ZSQD-ARGUK-01,ZSQD-ARGUK-01,1
CN,2605,TEKAM,IGDEG,W172,CN-2605-ZSQD-SIMLI-01,ZSQD-SIMLI-01,1
CN,2605,TEKIL,BELAX,G212,CN-2605-BEKOL-ZBAD-01,BEKOL-ZBAD-01,4
CN,2605,TEKIL,BELAX,G212,CN-2605-LINSO-ZBAD-01,LINSO-ZBAD-01,5
CN,2605,TEKIL,BELAX,G212,CN-2605-SAGAG-ZBAD-01,SAGAG-ZBAD-01,4
CN,2605,TEKIL,BELAX,G212,CN-2605-TEBAK-ZBAD-01,TEBAK-ZBAD-01,6
CN,2605,TEKIL,BELAX,G212,CN-2605-VHHH-ZBAD-01,VHHH-ZBAD-01,4
CN,2605,TEKIL,BELAX,G212,CN-2605-VMMC-ZBAD-01,VMMC-ZBAD-01,7
CN,2605,TEKIL,OMDEK,W85,CN-2605-LINSO-ZBTJ-02,LINSO-ZBTJ-02,7
CN,2605,TELOK,BIDIB,A345,CN-2605-TELOK-ZSPD-01,TELOK-ZSPD-01,1
CN,2605,TELOK,BIDIB,A345,CN-2605-TELOK-ZYTL-01,TELOK-ZYTL-01,1
CN,2605,TELOK,GOLOT,A345,CN-2605-TELOK-GOLOT,TELOK-GOLOT,1
CN,2605,TELOK,HLD,A345,CN-2605-TELOK-BISUN,TELOK-BISUN,1
CN,2605,TELOK,HLD,A345,CN-2605-TELOK-VASRO,TELOK-VASRO,1
CN,2605,TELOK,HLD,A345,CN-2605-TELOK-ZBLA-01,TELOK-ZBLA-01,1
CN,2605,TELOK,HLD,A345,CN-2605-TELOK-ZYCC-01,TELOK-ZYCC-01,1
CN,2605,TELOK,HLD,A345,CN-2605-TELOK-ZYHB-01,TELOK-ZYHB-01,1
CN,2605,TELOK,IKITI,A345,CN-2605-TELOK-ZBAA-01,TELOK-ZBAA-01,1
CN,2605,TELOK,KYU,A345,CN-2605-TELOK-ZYTX-01,TELOK-ZYTX-01,1
CN,2605,TELOK,MANLI,A345,CN-2605-TELOK-ZBMZ-01,TELOK-ZBMZ-01,1
CN,2605,TEPID,OSNOV,W24,CN-2605-BEKOL-APSMS,BEKOL-APSMS,23
CN,2605,TEPID,OSNOV,W24,CN-2605-BEKOL-G470-KAMUD,BEKOL-G470-KAMUD,3
CN,2605,TEPID,OSNOV,W24,CN-2605-BEKOL-G470-RULAD,BEKOL-G470-RULAD,3
CN,2605,TEPID,OSNOV,W24,CN-2605-BEKOL-G470-SARIN,BEKOL-G470-SARIN,3
CN,2605,TEPID,OSNOV,W24,CN-2605-BEKOL-G470-SGM,BEKOL-G470-SGM,3
CN,2605,TEPID,OSNOV,W24,CN-2605-BEKOL-G470-SGM,BEKOL-G470-SGM,16
CN,2605,TEPID,OSNOV,W24,CN-2605-BEKOL-G470-SGM,BEKOL-G470-SGM,30
CN,2605,TEPID,OSNOV,W24,CN-2605-BEKOL-G470-SGMN,BEKOL-G470-SGMN,3
CN,2605,TEPID,OSNOV,W24,CN-2605-BEKOL-G470-SGMN,BEKOL-G470-SGMN,16
CN,2605,TEPID,OSNOV,W24,CN-2605-BEKOL-G470-SGMN,BEKOL-G470-SGMN,30
CN,2605,TEPID,OSNOV,W24,CN-2605-BEKOL-G470-SGMRK,BEKOL-G470-SGMRK,3
CN,2605,TEPID,OSNOV,W24,CN-2605-BEKOL-G470-SGMRK,BEKOL-G470-SGMRK,16
CN,2605,TEPID,OSNOV,W24,CN-2605-BEKOL-G470-SGMRK,BEKOL-G470-SGMRK,30
CN,2605,TEPID,OSNOV,W24,CN-2605-BEKOL-G470-SGMRK,BEKOL-G470-SGMRK,38
CN,2605,TEPID,OSNOV,W24,CN-2605-BEKOL-G470-SGMRK,BEKOL-G470-SGMRK,53
CN,2605,TEPID,OSNOV,W24,CN-2605-BEKOL-G470-SGMRN,BEKOL-G470-SGMRN,3
CN,2605,TEPID,OSNOV,W24,CN-2605-BEKOL-G470-SGMRN,BEKOL-G470-SGMRN,16
CN,2605,TEPID,OSNOV,W24,CN-2605-BEKOL-G470-SGMRN,BEKOL-G470-SGMRN,30
CN,2605,TEPID,OSNOV,W24,CN-2605-BEKOL-G470-SGMRN,BEKOL-G470-SGMRN,38
CN,2605,TEPID,OSNOV,W24,CN-2605-BEKOL-G470-SM,BEKOL-G470-SM,3
CN,2605,TEPID,OSNOV,W24,CN-2605-BEKOL-G470-SM,BEKOL-G470-SM,16
CN,2605,TEPID,OSNOV,W24,CN-2605-BEKOL-G470-SRK,BEKOL-G470-SRK,3
CN,2605,TEPID,OSNOV,W24,CN-2605-BEKOL-G470-SRK,BEKOL-G470-SRK,16
CN,2605,TEPID,OSNOV,W24,CN-2605-BEKOL-G470-SRK,BEKOL-G470-SRK,31
CN,2605,TEPID,OSNOV,W24,CN-2605-BEKOL-G470-SRKL,BEKOL-G470-SRKL,3
CN,2605,TEPID,OSNOV,W24,CN-2605-BEKOL-G470-SRKL,BEKOL-G470-SRKL,16
CN,2605,TEPID,OSNOV,W24,CN-2605-BEKOL-G470-SRKL,BEKOL-G470-SRKL,31
CN,2605,TEPID,OSNOV,W24,CN-2605-BEKOL-G470-SRKL,BEKOL-G470-SRKL,46
CN,2605,TEPID,OSNOV,W24,CN-2605-BEKOL-G470-SRL,BEKOL-G470-SRL,3
CN,2605,TEPID,OSNOV,W24,CN-2605-BEKOL-G470-SRL,BEKOL-G470-SRL,16
CN,2605,TEPID,OSNOV,W24,CN-2605-BEKOL-G470-SRL,BEKOL-G470-SRL,31
CN,2605,TEPID,OSNOV,W24,CN-2605-BEKOL-G470/L888-SGMRK,BEKOL-G470/L888-SGMRK,3
CN,2605,TEPID,OSNOV,W24,CN-2605-BEKOL-G470/L888-SGMRK,BEKOL-G470/L888-SGMRK,16
CN,2605,TEPID,OSNOV,W24,CN-2605-BEKOL-G470/L888-SGMRK,BEKOL-G470/L888-SGMRK,30
CN,2605,TEPID,OSNOV,W24,CN-2605-BEKOL-G470/L888-SGMRK,BEKOL-G470/L888-SGMRK,38
CN,2605,TEPID,OSNOV,W24,CN-2605-BEKOL-G470/L888-SGMRK,BEKOL-G470/L888-SGMRK,48
CN,2605,TEPID,OSNOV,W24,CN-2605-BEKOL-G470/L888-SGMRN,BEKOL-G470/L888-SGMRN,3
CN,2605,TEPID,OSNOV,W24,CN-2605-BEKOL-G470/L888-SGMRN,BEKOL-G470/L888-SGMRN,16
CN,2605,TEPID,OSNOV,W24,CN-2605-BEKOL-G470/L888-SGMRN,BEKOL-G470/L888-SGMRN,30
CN,2605,TEPID,OSNOV,W24,CN-2605-BEKOL-G470/L888-SGMRN,BEKOL-G470/L888-SGMRN,38
CN,2605,TEPID,OSNOV,W24,CN-2605-BEKOL-G470/L888-SRK,BEKOL-G470/L888-SRK,3
CN,2605,TEPID,OSNOV,W24,CN-2605-BEKOL-G470/L888-SRK,BEKOL-G470/L888-SRK,16
CN,2605,TEPID,OSNOV,W24,CN-2605-BEKOL-G470/L888-SRK,BEKOL-G470/L888-SRK,26
CN,2605,TEPID,OSNOV,W24,CN-2605-BEKOL-G470/L888-SRKL,BEKOL-G470/L888-SRKL,3
CN,2605,TEPID,OSNOV,W24,CN-2605-BEKOL-G470/L888-SRKL,BEKOL-G470/L888-SRKL,16
CN,2605,TEPID,OSNOV,W24,CN-2605-BEKOL-G470/L888-SRKL,BEKOL-G470/L888-SRKL,26
CN,2605,TEPID,OSNOV,W24,CN-2605-BEKOL-G470/L888-SRKL,BEKOL-G470/L888-SRKL,35
CN,2605,TEPID,OSNOV,W24,CN-2605-BEKOL-G470/L888-SRL,BEKOL-G470/L888-SRL,3
CN,2605,TEPID,OSNOV,W24,CN-2605-BEKOL-G470/L888-SRL,BEKOL-G470/L888-SRL,16
CN,2605,TEPID,OSNOV,W24,CN-2605-BEKOL-G470/L888-SRL,BEKOL-G470/L888-SRL,26
CN,2605,TEPID,OSNOV,W24,CN-2605-BEKOL-G470/Y1-SGMRK,BEKOL-G470/Y1-SGMRK,3
CN,2605,TEPID,OSNOV,W24,CN-2605-BEKOL-G470/Y1-SGMRK,BEKOL-G470/Y1-SGMRK,16
CN,2605,TEPID,OSNOV,W24,CN-2605-BEKOL-G470/Y1-SGMRK,BEKOL-G470/Y1-SGMRK,30
CN,2605,TEPID,OSNOV,W24,CN-2605-BEKOL-G470/Y1-SGMRK,BEKOL-G470/Y1-SGMRK,38
CN,2605,TEPID,OSNOV,W24,CN-2605-BEKOL-G470/Y1-SGMRK,BEKOL-G470/Y1-SGMRK,48
CN,2605,TEPID,OSNOV,W24,CN-2605-BEKOL-G470/Y1-SGMRN,BEKOL-G470/Y1-SGMRN,3
CN,2605,TEPID,OSNOV,W24,CN-2605-BEKOL-G470/Y1-SGMRN,BEKOL-G470/Y1-SGMRN,16
CN,2605,TEPID,OSNOV,W24,CN-2605-BEKOL-G470/Y1-SGMRN,BEKOL-G470/Y1-SGMRN,30
CN,2605,TEPID,OSNOV,W24,CN-2605-BEKOL-G470/Y1-SGMRN,BEKOL-G470/Y1-SGMRN,38
CN,2605,TEPID,OSNOV,W24,CN-2605-BEKOL-G470/Y1-SRKL,BEKOL-G470/Y1-SRKL,3
CN,2605,TEPID,OSNOV,W24,CN-2605-BEKOL-G470/Y1-SRKL,BEKOL-G470/Y1-SRKL,16
CN,2605,TEPID,OSNOV,W24,CN-2605-BEKOL-G470/Y1-SRKL,BEKOL-G470/Y1-SRKL,26
CN,2605,TEPID,OSNOV,W24,CN-2605-BEKOL-G470/Y1-SRKL,BEKOL-G470/Y1-SRKL,35
CN,2605,TEPID,OSNOV,W24,CN-2605-BEKOL-G470/Y1-SRL,BEKOL-G470/Y1-SRL,3
CN,2605,TEPID,OSNOV,W24,CN-2605-BEKOL-G470/Y1-SRL,BEKOL-G470/Y1-SRL,16
CN,2605,TEPID,OSNOV,W24,CN-2605-BEKOL-G470/Y1-SRL,BEKOL-G470/Y1-SRL,26
CN,2605,TEPID,OSNOV,W24,CN-2605-BEKOL-GOPTO,BEKOL-GOPTO,3
CN,2605,TEPID,OSNOV,W24,CN-2605-BEKOL-KAMUD,BEKOL-KAMUD,3
CN,2605,TEPID,OSNOV,W24,CN-2605-BEKOL-L888-RULAD,BEKOL-L888-RULAD,3
CN,2605,TEPID,OSNOV,W24,CN-2605-BEKOL-MN,BEKOL-MN,3
CN,2605,TEPID,OSNOV,W24,CN-2605-BEKOL-MORIT,BEKOL-MORIT,3
CN,2605,TEPID,OSNOV,W24,CN-2605-BEKOL-RULAD,BEKOL-RULAD,3
CN,2605,TEPID,OSNOV,W24,CN-2605-BEKOL-SARIN,BEKOL-SARIN,3
CN,2605,TEPID,OSNOV,W24,CN-2605-BEKOL-SGM,BEKOL-SGM,3
CN,2605,TEPID,OSNOV,W24,CN-2605-BEKOL-SGM,BEKOL-SGM,14
CN,2605,TEPID,OSNOV,W24,CN-2605-BEKOL-SGM,BEKOL-SGM,27
CN,2605,TEPID,OSNOV,W24,CN-2605-BEKOL-SGMN,BEKOL-SGMN,3
CN,2605,TEPID,OSNOV,W24,CN-2605-BEKOL-SGMN,BEKOL-SGMN,14
CN,2605,TEPID,OSNOV,W24,CN-2605-BEKOL-SGMN,BEKOL-SGMN,27
CN,2605,TEPID,OSNOV,W24,CN-2605-BEKOL-SRKL,BEKOL-SRKL,3
CN,2605,TEPID,OSNOV,W24,CN-2605-BEKOL-SRKL,BEKOL-SRKL,14
CN,2605,TEPID,OSNOV,W24,CN-2605-BEKOL-SRKL,BEKOL-SRKL,26
CN,2605,TEPID,OSNOV,W24,CN-2605-BEKOL-SRKL,BEKOL-SRKL,38
CN,2605,TEPID,OSNOV,W24,CN-2605-BEKOL-SRL,BEKOL-SRL,3
CN,2605,TEPID,OSNOV,W24,CN-2605-BEKOL-SRL,BEKOL-SRL,14
CN,2605,TEPID,OSNOV,W24,CN-2605-BEKOL-SRL,BEKOL-SRL,26
CN,2605,TEPID,OSNOV,W24,CN-2605-BEKOL-Y1-KAMUD,BEKOL-Y1-KAMUD,3
CN,2605,TEPID,OSNOV,W24,CN-2605-BEKOL-Y1-RULAD,BEKOL-Y1-RULAD,3
CN,2605,TEPID,OSNOV,W24,CN-2605-BEKOL-Y1-SRK,BEKOL-Y1-SRK,3
CN,2605,TEPID,OSNOV,W24,CN-2605-BEKOL-Y1-SRK,BEKOL-Y1-SRK,16
CN,2605,TEPID,OSNOV,W24,CN-2605-BEKOL-Y1-SRK,BEKOL-Y1-SRK,26
CN,2605,TEPID,OSNOV,W24,CN-2605-BEKOL-ZGKL-01,BEKOL-ZGKL-01,3
CN,2605,TEPID,OSNOV,W24,CN-2605-BEKOL-ZLXY-01,BEKOL-ZLXY-01,3
CN,2605,TEPID,OSNOV,W24,CN-2605-BEKOL-ZLXY-02,BEKOL-ZLXY-02,3
CN,2605,TEPID,OSNOV,W24,CN-2605-BEKOL-ZUCK-01,BEKOL-ZUCK-01,3
CN,2605,TEPID,OSNOV,W24,CN-2605-BEKOL-ZUGY-01,BEKOL-ZUGY-01,3
CN,2605,TEPID,OSNOV,W24,CN-2605-BEKOL-ZUTF-01,BEKOL-ZUTF-01,3
CN,2605,TEPID,OSNOV,W24,CN-2605-BEKOL-ZUUU-01,BEKOL-ZUUU-01,3
CN,2605,TEPID,OSNOV,W24,CN-2605-RCKH-ZGKL-01,RCKH-ZGKL-01,3
CN,2605,TEPID,OSNOV,W24,CN-2605-RCKH-ZUCK-01,RCKH-ZUCK-01,3
CN,2605,TEPID,OSNOV,W24,CN-2605-RCKH-ZUGY-01,RCKH-ZUGY-01,3
CN,2605,TEPID,OSNOV,W24,CN-2605-RCKH-ZUUU-01,RCKH-ZUUU-01,3
CN,2605,TEPID,OSNOV,W24,CN-2605-RCMQ-ZUCK-01,RCMQ-ZUCK-01,3
CN,2605,TEPID,OSNOV,W24,CN-2605-RCMQ-ZUUU-01,RCMQ-ZUUU-01,3
CN,2605,TEPID,OSNOV,W24,CN-2605-RCSS-ZUCK-01,RCSS-ZUCK-01,3
CN,2605,TEPID,OSNOV,W24,CN-2605-RCSS-ZUTF-01,RCSS-ZUTF-01,3
CN,2605,TEPID,OSNOV,W24,CN-2605-RCSS-ZUUU-01,RCSS-ZUUU-01,3
CN,2605,TEPID,OSNOV,W24,CN-2605-RCTP-ZGKL-01,RCTP-ZGKL-01,3
CN,2605,TEPID,OSNOV,W24,CN-2605-RCTP-ZLXN-01,RCTP-ZLXN-01,3
CN,2605,TEPID,OSNOV,W24,CN-2605-RCTP-ZUCK-01,RCTP-ZUCK-01,3
CN,2605,TEPID,OSNOV,W24,CN-2605-RCTP-ZUGY-01,RCTP-ZUGY-01,3
CN,2605,TEPID,OSNOV,W24,CN-2605-RCTP-ZUTF-01,RCTP-ZUTF-01,3
CN,2605,TEPID,OSNOV,W24,CN-2605-RCTP-ZUUU-01,RCTP-ZUUU-01,3
CN,2605,TEPID,OSNOV,W24,CN-2605-RCYU-ZGKL-01,RCYU-ZGKL-01,3
CN,2605,TEPID,OSNOV,W24,CN-2605-RCYU-ZUCK-01,RCYU-ZUCK-01,3
CN,2605,TEPID,OSNOV,W24,CN-2605-RCYU-ZUGY-01,RCYU-ZUGY-01,3
CN,2605,TEPID,OSNOV,W24,CN-2605-RCYU-ZUUU-01,RCYU-ZUUU-01,3
CN,2605,TEPID,OSNOV,W24,CN-2605-VHHH-ZGKL-01,VHHH-ZGKL-01,3
CN,2605,TEPID,OSNOV,W24,CN-2605-VHHH-ZLLL-01,VHHH-ZLLL-01,3
CN,2605,TEPID,OSNOV,W24,CN-2605-VHHH-ZLXY-01,VHHH-ZLXY-01,3
CN,2605,TEPID,OSNOV,W24,CN-2605-VHHH-ZUCK-01,VHHH-ZUCK-01,3
CN,2605,TEPID,OSNOV,W24,CN-2605-VHHH-ZUGY-01,VHHH-ZUGY-01,3
CN,2605,TEPID,OSNOV,W24,CN-2605-VHHH-ZUTF-01,VHHH-ZUTF-01,3
CN,2605,TEPID,OSNOV,W24,CN-2605-VHHH-ZUUU-01,VHHH-ZUUU-01,3
CN,2605,TEPID,OSNOV,W24,CN-2605-VHHH-ZWWW-01,VHHH-ZWWW-01,3
CN,2605,TEPID,OSNOV,W24,CN-2605-VHHH-ZWWW-02,VHHH-ZWWW-02,3
CN,2605,TEPID,OSNOV,W24,CN-2605-VMMC-MORIT,VMMC-MORIT,3
CN,2605,TEPID,OSNOV,W24,CN-2605-VMMC-RULAD,VMMC-RULAD,3
CN,2605,TEPID,OSNOV,W24,CN-2605-VMMC-ZGKL-01,VMMC-ZGKL-01,3
CN,2605,TEPID,OSNOV,W24,CN-2605-VMMC-ZLLL-01,VMMC-ZLLL-01,3
CN,2605,TEPID,OSNOV,W24,CN-2605-VMMC-ZLXY-01,VMMC-ZLXY-01,3
CN,2605,TEPID,OSNOV,W24,CN-2605-VMMC-ZUCK-01,VMMC-ZUCK-01,3
CN,2605,TEPID,OSNOV,W24,CN-2605-VMMC-ZUCK-02,VMMC-ZUCK-02,3
CN,2605,TEPID,OSNOV,W24,CN-2605-VMMC-ZUGY-01,VMMC-ZUGY-01,3
CN,2605,TEPID,OSNOV,W24,CN-2605-VMMC-ZUTF-01,VMMC-ZUTF-01,3
CN,2605,TEPID,OSNOV,W24,CN-2605-VMMC-ZUUU-01,VMMC-ZUUU-01,3
CN,2605,TEPID,OSNOV,W24,CN-2605-VMMC-ZWWW-01,VMMC-ZWWW-01,3
CN,2605,TEPID,OSNOV,W24,CN-2605-ZGSZ-GOPTO-01,ZGSZ-GOPTO-01,2
CN,2605,TEPID,OSNOV,W24,CN-2605-ZGSZ-GOPTO-02,ZGSZ-GOPTO-02,2
CN,2605,TEPID,OSNOV,W24,CN-2605-ZGSZ-MORIT-01,ZGSZ-MORIT-01,2
CN,2605,TEPID,OSNOV,W24,CN-2605-ZGSZ-RULAD-01,ZGSZ-RULAD-01,2
CN,2605,TEPID,OSNOV,W24,CN-2605-ZGSZ-SARIN-01,ZGSZ-SARIN-01,2
CN,2605,TEPID,OSNOV,W24,CN-2605-ZGSZ-SARIN-02,ZGSZ-SARIN-02,2
CN,2605,TEPID,OSNOV,W24,CN-2605-ZGSZ-SARIN-03,ZGSZ-SARIN-03,2
CN,2605,TEPID,YIN,W22,CN-2605-VMMC-ARGUK,VMMC-ARGUK,3
CN,2605,TEPID,YIN,W22,CN-2605-VMMC-BISUN,VMMC-BISUN,3
CN,2605,TEPID,YIN,W22,CN-2605-VMMC-GOLOT,VMMC-GOLOT,3
CN,2605,TEPID,YIN,W22,CN-2605-VMMC-TOMUK,VMMC-TOMUK,3
CN,2605,TEPID,YIN,W22,CN-2605-VMMC-ZBAA-01,VMMC-ZBAA-01,3
CN,2605,TEPID,YIN,W22,CN-2605-VMMC-ZBAD-01,VMMC-ZBAD-01,3
CN,2605,TEPID,YIN,W22,CN-2605-VMMC-ZBSJ-01,VMMC-ZBSJ-01,3
CN,2605,TEPID,YIN,W22,CN-2605-VMMC-ZBTJ-01,VMMC-ZBTJ-01,3
CN,2605,TEPID,YIN,W22,CN-2605-VMMC-ZBYN-01,VMMC-ZBYN-01,3
CN,2605,TEPID,YIN,W22,CN-2605-VMMC-ZGHA-01,VMMC-ZGHA-01,3
CN,2605,TEPID,YIN,W22,CN-2605-VMMC-ZHCC-01,VMMC-ZHCC-01,3
CN,2605,TEPID,YIN,W22,CN-2605-VMMC-ZHHH-01,VMMC-ZHHH-01,3
CN,2605,TEPID,YIN,W22,CN-2605-VMMC-ZSOF-01,VMMC-ZSOF-01,3
CN,2605,TEPID,YIN,W22,CN-2605-VMMC-ZYHB-01,VMMC-ZYHB-01,3
CN,2605,TEPID,YIN,W22,CN-2605-VMMC-ZYTX-01,VMMC-ZYTX-01,3
CN,2605,TEPID,YIN,W22,CN-2605-ZGSZ-ARGUK-01,ZGSZ-ARGUK-01,2
CN,2605,TEPID,YIN,W22,CN-2605-ZGSZ-BISUN-01,ZGSZ-BISUN-01,2
CN,2605,TEPID,YIN,W22,CN-2605-ZGSZ-INTIK-01,ZGSZ-INTIK-01,2
CN,2605,TEPID,YIN,W22,CN-2605-ZGSZ-NIXAL-01,ZGSZ-NIXAL-01,2
CN,2605,TEPID,YIN,W22,CN-2605-ZGSZ-POLHO-01,ZGSZ-POLHO-01,2
CN,2605,TEPID,YIN,W22,CN-2605-ZGSZ-SIMLI-01,ZGSZ-SIMLI-01,2
CN,2605,TESIG,BZ,A470,CN-2605-ZSNJ-RCKH-01,ZSNJ-RCKH-01,1
CN,2605,TESIG,BZ,A470,CN-2605-ZSNJ-RCMQ-01,ZSNJ-RCMQ-01,1
CN,2605,TESIG,BZ,A470,CN-2605-ZSNJ-RCTP-01,ZSNJ-RCTP-01,1
CN,2605,TESIG,BZ,A470,CN-2605-ZSNJ-RCYU-01,ZSNJ-RCYU-01,1
CN,2605,TESIG,DUBGO,A470,CN-2605-ZSNJ-ASSAD-01,ZSNJ-ASSAD-01,1
CN,2605,TESIG,DUBGO,A470,CN-2605-ZSNJ-TAMOT-01,ZSNJ-TAMOT-01,1
CN,2605,TESIG,MAGOG,A470,CN-2605-ZSNJ-MAGOG-01,ZSNJ-MAGOG-01,1
CN,2605,TESIG,MAGOG,A470,CN-2605-ZSNJ-VHHH-01,ZSNJ-VHHH-01,1
CN,2605,TESIG,MAGOG,A470,CN-2605-ZSNJ-VMMC-01,ZSNJ-VMMC-01,1
CN,2605,TGO,ARGUK,G212,CN-2605-BEKOL-APSMS,BEKOL-APSMS,6
CN,2605,TGO,ARGUK,G212,CN-2605-BEKOL-ARGUK,BEKOL-ARGUK,6
CN,2605,TGO,ARGUK,G212,CN-2605-TEBAK-ARGUK,TEBAK-ARGUK,8
CN,2605,TGO,ARGUK,G212,CN-2605-VMMC-ARGUK,VMMC-ARGUK,9
CN,2605,TGO,ARGUK,G212,CN-2605-ZBAA-ARGUK-01,ZBAA-ARGUK-01,2
CN,2605,TGO,ARGUK,G212,CN-2605-ZBAD-ARGUK-01,ZBAD-ARGUK-01,2
CN,2605,TGO,ARGUK,G212,CN-2605-ZBHH-ARGUK-01,ZBHH-ARGUK-01,3
CN,2605,TGO,ARGUK,G212,CN-2605-ZBYN-ARGUK-01,ZBYN-ARGUK-01,4
CN,2605,TGO,ARGUK,G212,CN-2605-ZGGG-ARGUK-01,ZGGG-ARGUK-01,6
CN,2605,TGO,ARGUK,G212,CN-2605-ZGHA-ARGUK-01,ZGHA-ARGUK-01,5
CN,2605,TGO,ARGUK,G212,CN-2605-ZGSZ-ARGUK-01,ZGSZ-ARGUK-01,8
CN,2605,TGO,ARGUK,G212,CN-2605-ZHCC-ARGUK-01,ZHCC-ARGUK-01,5
CN,2605,TGO,ARGUK,G212,CN-2605-ZHEC-ARGUK-01,ZHEC-ARGUK-01,5
CN,2605,TGO,ARGUK,G212,CN-2605-ZHHH-ARGUK-01,ZHHH-ARGUK-01,5
CN,2605,TGO,ARGUK,G212,CN-2605-ZJSY-ARGUK-01,ZJSY-ARGUK-01,9
CN,2605,TGO,ARGUK,G212,CN-2605-ZLXY-ARGUK-01,ZLXY-ARGUK-01,8
CN,2605,TGO,ARGUK,G212,CN-2605-ZPPP-ARGUK-01,ZPPP-ARGUK-01,11
CN,2605,TGO,ARGUK,G212,CN-2605-ZSNJ-ARGUK-01,ZSNJ-ARGUK-01,7
CN,2605,TGO,ARGUK,G212,CN-2605-ZSPD-ARGUK-01,ZSPD-ARGUK-01,7
CN,2605,TGO,ARGUK,G212,CN-2605-ZSSS-ARGUK-01,ZSSS-ARGUK-01,7
CN,2605,TGO,ARGUK,G212,CN-2605-ZUCK-ARGUK-01,ZUCK-ARGUK-01,7
CN,2605,TGO,ARGUK,G212,CN-2605-ZUGY-ARGUK-01,ZUGY-ARGUK-01,11
CN,2605,TGO,ARGUK,G212,CN-2605-ZUTF-ARGUK-01,ZUTF-ARGUK-01,10
CN,2605,TGO,ARGUK,G212,CN-2605-ZUUU-ARGUK-01,ZUUU-ARGUK-01,10
CN,2605,TGO,BUMDU,G212,CN-2605-BISUN-SAGAG,BISUN-SAGAG,3
CN,2605,TGO,BUMDU,G212,CN-2605-BISUN-TEBAK,BISUN-TEBAK,3
CN,2605,TGO,BUMDU,G212,CN-2605-BISUN-ZBAD-01,BISUN-ZBAD-01,3
CN,2605,TGO,BUTET,G341,CN-2605-BEKOL-ZYCC-01,BEKOL-ZYCC-01,6
CN,2605,TGO,BUTET,G341,CN-2605-INTIK-ZYCC-01,INTIK-ZYCC-01,5
CN,2605,TGO,BUTET,G341,CN-2605-TEBAK-ZYCC-01,TEBAK-ZYCC-01,8
CN,2605,TGO,BUTET,G341,CN-2605-VHHH-ZYCC-01,VHHH-ZYCC-01,6
CN,2605,TGO,HRB,G212,CN-2605-BEKOL-APSMS,BEKOL-APSMS,18
CN,2605,TGO,HRB,G212,CN-2605-BEKOL-SIMLI,BEKOL-SIMLI,6
CN,2605,TGO,HRB,G212,CN-2605-ZBAA-SIMLI-01,ZBAA-SIMLI-01,2
CN,2605,TGO,HRB,G212,CN-2605-ZBAD-SIMLI-01,ZBAD-SIMLI-01,2
CN,2605,TGO,HRB,G212,CN-2605-ZGGG-SIMLI-01,ZGGG-SIMLI-01,6
CN,2605,TGO,HRB,G212,CN-2605-ZGSZ-SIMLI-01,ZGSZ-SIMLI-01,8
CN,2605,TGO,HRB,G212,CN-2605-ZHCC-SIMLI-01,ZHCC-SIMLI-01,5
CN,2605,TGO,HRB,G212,CN-2605-ZHHH-SIMLI-01,ZHHH-SIMLI-01,5
CN,2605,TGO,HRB,G212,CN-2605-ZJSY-SIMLI-01,ZJSY-SIMLI-01,9
CN,2605,TGO,HRB,G212,CN-2605-ZLXY-SIMLI-01,ZLXY-SIMLI-01,8
CN,2605,TGO,HRB,G212,CN-2605-ZSPD-SIMLI-01,ZSPD-SIMLI-01,7
CN,2605,TGO,HRB,G212,CN-2605-ZSSS-SIMLI-01,ZSSS-SIMLI-01,7
CN,2605,TGO,HRB,G212,CN-2605-ZUCK-SIMLI-01,ZUCK-SIMLI-01,7
CN,2605,TGO,HRB,G212,CN-2605-ZUUU-SIMLI-01,ZUUU-SIMLI-01,10
CN,2605,TGO,IKITI,W27,CN-2605-TEBAK-ZBLA-01,TEBAK-ZBLA-01,8
CN,2605,TGO,IKITI,W27,CN-2605-VHHH-ZBLA-01,VHHH-ZBLA-01,6
CN,2605,TGO,IKITI,W27,CN-2605-ZBAA-TELOK-01,ZBAA-TELOK-01,2
CN,2605,TGO,KAKAT,B334,CN-2605-MAGIT-ZBHH-01,MAGIT-ZBHH-01,3
CN,2605,TGO,KAKAT,B334,CN-2605-ZYCC-INTIK-01,ZYCC-INTIK-01,2
CN,2605,TGO,RUSBO,G212,CN-2605-BEKOL-ZYHB-01,BEKOL-ZYHB-01,6
CN,2605,TGO,RUSBO,G212,CN-2605-TEBAK-ZYHB-01,TEBAK-ZYHB-01,8
CN,2605,TGO,RUSBO,G212,CN-2605-VHHH-ZYHB-01,VHHH-ZYHB-01,6
CN,2605,TGO,RUSBO,G212,CN-2605-VMMC-ZYHB-01,VMMC-ZYHB-01,9
CN,2605,TGO,SOTMU,G212,CN-2605-BISUN-ZSNJ-01,BISUN-ZSNJ-01,3
CN,2605,TGO,UKDUM,G212,CN-2605-BISUN-ZBAA-01,BISUN-ZBAA-01,3
CN,2605,TGO,UKDUM,G212,CN-2605-TELOK-ZBAA-01,TELOK-ZBAA-01,3
CN,2605,TGO,VYK,G212,CN-2605-BISUN-LINSO,BISUN-LINSO,3
CN,2605,TGO,VYK,G212,CN-2605-BISUN-VHHH,BISUN-VHHH,3
CN,2605,TGO,VYK,G212,CN-2605-BISUN-VMMC,BISUN-VMMC,3
CN,2605,TGO,VYK,G212,CN-2605-BISUN-ZGHA-01,BISUN-ZGHA-01,3
CN,2605,TGO,VYK,G212,CN-2605-BISUN-ZGSZ-01,BISUN-ZGSZ-01,3
CN,2605,TGO,VYK,G212,CN-2605-BISUN-ZJSY-01,BISUN-ZJSY-01,3
CN,2605,TGO,VYK,G212,CN-2605-ZBLA-VHHH-01,ZBLA-VHHH-01,3
CN,2605,TGO,VYK,G212,CN-2605-ZYCC-TAMOT-01,ZYCC-TAMOT-01,2
CN,2605,TGO,VYK,G212,CN-2605-ZYCC-VHHH-01,ZYCC-VHHH-01,2
CN,2605,TGO,WQG,G341,CN-2605-BEKOL-BISUN,BEKOL-BISUN,6
CN,2605,TGO,WQG,G341,CN-2605-LINSO-BISUN,LINSO-BISUN,7
CN,2605,TGO,WQG,G341,CN-2605-SAGAG-BISUN,SAGAG-BISUN,6
CN,2605,TGO,WQG,G341,CN-2605-TEBAK-BISUN,TEBAK-BISUN,8
CN,2605,TGO,WQG,G341,CN-2605-VMMC-BISUN,VMMC-BISUN,9
CN,2605,TGO,WQG,G341,CN-2605-ZBAA-BISUN-01,ZBAA-BISUN-01,2
CN,2605,TGO,WQG,G341,CN-2605-ZBAD-BISUN-01,ZBAD-BISUN-01,2
CN,2605,TGO,WQG,G341,CN-2605-ZBYN-BISUN-01,ZBYN-BISUN-01,5
CN,2605,TGO,WQG,G341,CN-2605-ZGHA-BISUN-01,ZGHA-BISUN-01,5
CN,2605,TGO,WQG,G341,CN-2605-ZGSZ-BISUN-01,ZGSZ-BISUN-01,8
CN,2605,TGO,WQG,G341,CN-2605-ZHCC-BISUN-01,ZHCC-BISUN-01,5
CN,2605,TGO,WQG,G341,CN-2605-ZHHH-BISUN-01,ZHHH-BISUN-01,5
CN,2605,TGO,WQG,G341,CN-2605-ZJSY-BISUN-01,ZJSY-BISUN-01,9
CN,2605,TGO,WQG,G341,CN-2605-ZJSY-BISUN-02,ZJSY-BISUN-02,13
CN,2605,TGO,WQG,G341,CN-2605-ZSNJ-BISUN-01,ZSNJ-BISUN-01,7
CN,2605,TIKME,WTM,W208,CN-2605-LINSO-ZHEC-01,LINSO-ZHEC-01,4
CN,2605,TIKME,WTM,W208,CN-2605-LINSO-ZHHH-01,LINSO-ZHHH-01,4
CN,2605,TIKME,WTM,W208,CN-2605-SAGAG-ZHHH-01,SAGAG-ZHHH-01,3
CN,2605,TMR,BIKUT,B458,CN-2605-POLHO-ZBAA-01,POLHO-ZBAA-01,2
CN,2605,TMR,DADGA,B458,CN-2605-MN-TAMOT,MN-TAMOT,7
CN,2605,TMR,DADGA,B458,CN-2605-MN-VHHH,MN-VHHH,7
CN,2605,TMR,DADGA,B458,CN-2605-MPSMS-TAMOT,MPSMS-TAMOT,8
CN,2605,TMR,DADGA,B458,CN-2605-MPSMS-VHHH,MPSMS-VHHH,10
CN,2605,TMR,DADGA,B458,CN-2605-NIXAL-TAMOT,NIXAL-TAMOT,2
CN,2605,TMR,DADGA,B458,CN-2605-NIXAL-VHHH,NIXAL-VHHH,2
CN,2605,TMR,DADGA,B458,CN-2605-NIXAL-ZGSZ-01,NIXAL-ZGSZ-01,2
CN,2605,TMR,DADGA,B458,CN-2605-POLHO-VHHH,POLHO-VHHH,2
CN,2605,TMR,DADGA,B458,CN-2605-POLHO-ZGGG-01,POLHO-ZGGG-01,2
CN,2605,TMR,DADGA,B458,CN-2605-POLHO-ZGSZ-01,POLHO-ZGSZ-01,2
CN,2605,TMR,DADGA,B458,CN-2605-POLHO-ZHHH-01,POLHO-ZHHH-01,2
CN,2605,TMR,DADGA,B458,CN-2605-POLHO-ZJSY-01,POLHO-ZJSY-01,2
CN,2605,TMR,DADGA,B458,CN-2605-SGMN-G470-TAMOT,SGMN-G470-TAMOT,27
CN,2605,TMR,DADGA,B458,CN-2605-SGMN-G470-VHHH,SGMN-G470-VHHH,27
CN,2605,TMR,DADGA,B458,CN-2605-SGMN-TAMOT,SGMN-TAMOT,23
CN,2605,TMR,DADGA,B458,CN-2605-SGMN-VHHH,SGMN-VHHH,26
CN,2605,TMR,DADGA,B458,CN-2605-SGMRN-G470-TAMOT,SGMRN-G470-TAMOT,37
CN,2605,TMR,DADGA,B458,CN-2605-SGMRN-G470-VHHH,SGMRN-G470-VHHH,37
CN,2605,TMR,DADGA,B458,CN-2605-SGMRN-G470/L888-TAMOT,SGMRN-G470/L888-TAMOT,37
CN,2605,TMR,DADGA,B458,CN-2605-SGMRN-G470/L888-VHHH,SGMRN-G470/L888-VHHH,37
CN,2605,TMR,DADGA,B458,CN-2605-SGMRN-G470/Y1-TAMOT,SGMRN-G470/Y1-TAMOT,36
CN,2605,TMR,DADGA,B458,CN-2605-SGMRN-G470/Y1-VHHH,SGMRN-G470/Y1-VHHH,36
CN,2605,TMR,KAKAT,W86,CN-2605-INTIK-ZYCC-01,INTIK-ZYCC-01,3
CN,2605,TMR,KAKAT,W86,CN-2605-ZBHH-ARGUK-01,ZBHH-ARGUK-01,1
CN,2605,TMR,KAKAT,W86,CN-2605-ZBYN-BISUN-01,ZBYN-BISUN-01,3
CN,2605,TMR,KAKAT,W86,CN-2605-ZLXY-ARGUK-01,ZLXY-ARGUK-01,6
CN,2605,TMR,KAKAT,W86,CN-2605-ZLXY-SIMLI-01,ZLXY-SIMLI-01,6
CN,2605,TMR,KAKAT,W86,CN-2605-ZPPP-ARGUK-01,ZPPP-ARGUK-01,9
CN,2605,TMR,KAKAT,W86,CN-2605-ZUTF-ARGUK-01,ZUTF-ARGUK-01,8
CN,2605,TMR,KAKAT,W86,CN-2605-ZUUU-ARGUK-01,ZUUU-ARGUK-01,8
CN,2605,TMR,KAKAT,W86,CN-2605-ZUUU-SIMLI-01,ZUUU-SIMLI-01,8
CN,2605,TMR,LHT,B458,CN-2605-ZBHH-INTIK-01,ZBHH-INTIK-01,1
CN,2605,TMR,LHT,B458,CN-2605-ZLIC-INTIK-01,ZLIC-INTIK-01,6
CN,2605,TMR,NIXAL,G343,CN-2605-ZBHH-NIXAL-01,ZBHH-NIXAL-01,1
CN,2605,TMR,SELGO,W65,CN-2605-INTIK-ZBAD-01,INTIK-ZBAD-01,3
CN,2605,TMR,SELGO,W65,CN-2605-POLHO-ZBAD-01,POLHO-ZBAD-01,2
CN,2605,TODAM,CGO,B208,CN-2605-ZBHH-RCTP-01,ZBHH-RCTP-01,1
CN,2605,TODAM,CGO,B208,CN-2605-ZBHH-TAMOT-01,ZBHH-TAMOT-01,1
CN,2605,TODAM,CGO,B208,CN-2605-ZBHH-VHHH-01,ZBHH-VHHH-01,1
CN,2605,TODOD,TUSLI,W112,CN-2605-SAGAG-KAMUD,SAGAG-KAMUD,7
CN,2605,TODOD,TUSLI,W112,CN-2605-ZGGG-AGVUT-02R,ZGGG-AGVUT-02R,8
CN,2605,TODOD,TUSLI,W112,CN-2605-ZGGG-KAMUD-02,ZGGG-KAMUD-02,8
CN,2605,TODOD,TUSLI,W112,CN-2605-ZGGG-OGIGI-01,ZGGG-OGIGI-01,8
CN,2605,TODOD,TUSLI,W112,CN-2605-ZLLL-KAMUD-01,ZLLL-KAMUD-01,2
CN,2605,TODOD,TUSLI,W112,CN-2605-ZLXY-AGVUT-01R,ZLXY-AGVUT-01R,6
CN,2605,TODOD,TUSLI,W112,CN-2605-ZLXY-KAMUD-01,ZLXY-KAMUD-01,6
CN,2605,TODOD,TUSLI,W112,CN-2605-ZLXY-OGIGI-01,ZLXY-OGIGI-01,6
CN,2605,TODOD,TUSLI,W112,CN-2605-ZUCK-KAMUD-01,ZUCK-KAMUD-01,6
CN,2605,TODOD,TUSLI,W112,CN-2605-ZUTF-AGVUT-01R,ZUTF-AGVUT-01R,5
CN,2605,TODOD,TUSLI,W112,CN-2605-ZUTF-KAMUD-04,ZUTF-KAMUD-04,5
CN,2605,TODOD,TUSLI,W112,CN-2605-ZUTF-PURPA-01,ZUTF-PURPA-01,5
CN,2605,TODOD,TUSLI,W112,CN-2605-ZUUU-KAMUD-02,ZUUU-KAMUD-02,5
CN,2605,TODOD,TUSLI,W112,CN-2605-ZUUU-PURPA-01,ZUUU-PURPA-01,5
CN,2605,TOL,JTN,A599,CN-2605-MAGOG-SADLI,MAGOG-SADLI,2
CN,2605,TOL,JTN,A599,CN-2605-ZGOW-LAMEN-01,ZGOW-LAMEN-01,3
CN,2605,TOL,KAKIS,A599,CN-2605-ZSNB-LINSO-01,ZSNB-LINSO-01,3
CN,2605,TOMUK,SANKO,B332,CN-2605-TOMUK-TAMOT,TOMUK-TAMOT,1
CN,2605,TOMUK,SANKO,B332,CN-2605-TOMUK-TEBAK,TOMUK-TEBAK,1
CN,2605,TOMUK,SANKO,B332,CN-2605-TOMUK-VMMC,TOMUK-VMMC,1
CN,2605,TOMUK,SANKO,B332,CN-2605-TOMUK-ZBTJ-01,TOMUK-ZBTJ-01,1
CN,2605,TOMUK,SANKO,B332,CN-2605-TOMUK-ZHCC-01,TOMUK-ZHCC-01,1
CN,2605,TOMUK,SANKO,B332,CN-2605-TOMUK-ZSJN-01,TOMUK-ZSJN-01,1
CN,2605,TOMUK,SANKO,B332,CN-2605-TOMUK-ZSPD-01,TOMUK-ZSPD-01,1
CN,2605,TOMUK,SANKO,B332,CN-2605-TOMUK-ZYTL-01,TOMUK-ZYTL-01,1
CN,2605,TONIX,SANKO,A326,CN-2605-ZGGG-TOMUK-01,ZGGG-TOMUK-01,5
CN,2605,TOREL,DUDIL,W69,CN-2605-INTIK-ZBDS-01,INTIK-ZBDS-01,3
CN,2605,TOREL,DUDIL,W69,CN-2605-NIXAL-ZBDS-01,NIXAL-ZBDS-01,3
CN,2605,TOREL,HET,W84,CN-2605-SAGAG-NIXAL,SAGAG-NIXAL,8
CN,2605,TOREL,HET,W84,CN-2605-ZLXY-INTIK-01,ZLXY-INTIK-01,4
CN,2605,TOREL,HET,W84,CN-2605-ZLXY-POLHO-01,ZLXY-POLHO-01,4
CN,2605,TOREL,HET,W84,CN-2605-ZUCK-POLHO-01,ZUCK-POLHO-01,6
CN,2605,TOREL,HET,W84,CN-2605-ZUTF-POLHO-01,ZUTF-POLHO-01,6
CN,2605,TOREL,HET,W84,CN-2605-ZUUU-NIXAL-01,ZUUU-NIXAL-01,6
CN,2605,TOREL,HET,W84,CN-2605-ZUUU-POLHO-01,ZUUU-POLHO-01,6
CN,2605,TOREL,HUR,W69,CN-2605-ZBOW-AGAVO-01,ZBOW-AGAVO-01,4
CN,2605,TOSEM,GMA,W633,CN-2605-ZPMS-LINSO-01,ZPMS-LINSO-01,1
CN,2605,TOSEM,GULOT,W632,CN-2605-ZPMS-SAGAG-01,ZPMS-SAGAG-01,1
CN,2605,TOSID,CHI,A588,CN-2605-ZYTX-AGAVO-01,ZYTX-AGAVO-01,1
CN,2605,TOSID,CHI,A588,CN-2605-ZYTX-RCKH-01,ZYTX-RCKH-01,1
CN,2605,TOSID,CHI,A588,CN-2605-ZYTX-RCTP-01,ZYTX-RCTP-01,1
CN,2605,TOSID,CHI,A588,CN-2605-ZYTX-RCYU-01,ZYTX-RCYU-01,1
CN,2605,TRN,HUY,W183,CN-2605-ZUGY-AGAVO-01,ZUGY-AGAVO-01,2
CN,2605,TRN,HUY,W183,CN-2605-ZUGY-ARGUK-01,ZUGY-ARGUK-01,2
CN,2605,TRN,HUY,W183,CN-2605-ZUGY-LAMEN-01,ZUGY-LAMEN-01,2
CN,2605,TRN,UBGUP,W680,CN-2605-AGAVO-ZUGY-01,AGAVO-ZUGY-01,7
CN,2605,TRN,UBGUP,W680,CN-2605-LAMEN-ZUGY-01,LAMEN-ZUGY-01,9
CN,2605,TRN,UBGUP,W680,CN-2605-MAGIT-ZUGY-01,MAGIT-ZUGY-01,7
CN,2605,TUPGA,DOGVI,W135,CN-2605-BEKOL-ZSXZ-01,BEKOL-ZSXZ-01,6
CN,2605,TUPGA,GOSRO,W135,CN-2605-BEKOL-ZSNJ-01,BEKOL-ZSNJ-01,6
CN,2605,TUSLI,DNH,W187,CN-2605-PURPA-W112-AGAVO,PURPA-W112-AGAVO,2
CN,2605,TUSLI,DNH,W187,CN-2605-PURPA-W112-SAGAG,PURPA-W112-SAGAG,2
CN,2605,TUSLI,DNH,W187,CN-2605-PURPA-ZBAA-02,PURPA-ZBAA-02,2
CN,2605,TUSLI,DNH,W187,CN-2605-PURPA-ZBAD-02,PURPA-ZBAD-02,2
CN,2605,TUSLI,DNH,W187,CN-2605-PURPA-ZBTJ-02,PURPA-ZBTJ-02,2
CN,2605,TUSLI,DNH,W187,CN-2605-PURPA-ZSPD-02,PURPA-ZSPD-02,2
CN,2605,TUSLI,DNH,W187,CN-2605-PURPA-ZSPD-03,PURPA-ZSPD-03,2
CN,2605,TUSLI,DNH,W187,CN-2605-PURPA-ZSSS-02,PURPA-ZSSS-02,2
CN,2605,TUSLI,DNH,W187,CN-2605-PURPA-ZYTL-02,PURPA-ZYTL-02,2
CN,2605,TUSLI,MAGIV,W187,CN-2605-ZGGG-AGVUT-02R,ZGGG-AGVUT-02R,9
CN,2605,TUSLI,MAGIV,W187,CN-2605-ZLXY-AGVUT-01R,ZLXY-AGVUT-01R,7
CN,2605,TUSLI,MAGIV,W187,CN-2605-ZUTF-AGVUT-01R,ZUTF-AGVUT-01R,6
CN,2605,TUSLI,MAGIV,W187,CN-2605-ZUTF-PURPA-01,ZUTF-PURPA-01,6
CN,2605,TUSLI,MAGIV,W187,CN-2605-ZUUU-PURPA-01,ZUUU-PURPA-01,6
CN,2605,TUSLI,PURPA,W112,CN-2605-AGAVO-B339-PURPA,AGAVO-B339-PURPA,12
CN,2605,TUSLI,PURPA,W112,CN-2605-AGAVO-W112-PURPA,AGAVO-W112-PURPA,12
CN,2605,TUSLI,PURPA,W112,CN-2605-ZBAA-PURPA-02,ZBAA-PURPA-02,7
CN,2605,TUSLI,PURPA,W112,CN-2605-ZBAD-PURPA-02,ZBAD-PURPA-02,7
CN,2605,TUSLI,PURPA,W112,CN-2605-ZBTJ-PURPA-02,ZBTJ-PURPA-02,7
CN,2605,TUSLI,PURPA,W112,CN-2605-ZSPD-PURPA-01,ZSPD-PURPA-01,11
CN,2605,TUSLI,PURPA,W112,CN-2605-ZSSS-PURPA-02,ZSSS-PURPA-02,11
CN,2605,TUSLI,SADAN,W187,CN-2605-SAGAG-KAMUD,SAGAG-KAMUD,8
CN,2605,TUSLI,SADAN,W187,CN-2605-ZGGG-KAMUD-02,ZGGG-KAMUD-02,9
CN,2605,TUSLI,SADAN,W187,CN-2605-ZGGG-OGIGI-01,ZGGG-OGIGI-01,9
CN,2605,TUSLI,SADAN,W187,CN-2605-ZLLL-KAMUD-01,ZLLL-KAMUD-01,3
CN,2605,TUSLI,SADAN,W187,CN-2605-ZLXY-KAMUD-01,ZLXY-KAMUD-01,7
CN,2605,TUSLI,SADAN,W187,CN-2605-ZLXY-OGIGI-01,ZLXY-OGIGI-01,7
CN,2605,TUSLI,SADAN,W187,CN-2605-ZUCK-KAMUD-01,ZUCK-KAMUD-01,7
CN,2605,TUSLI,SADAN,W187,CN-2605-ZUTF-KAMUD-04,ZUTF-KAMUD-04,6
CN,2605,TUSLI,SADAN,W187,CN-2605-ZUUU-KAMUD-02,ZUUU-KAMUD-02,6
CN,2605,TUSLI,VIKUP,W112,CN-2605-AGVUT-ZGGG-02R,AGVUT-ZGGG-02R,4
CN,2605,TUSLI,VIKUP,W112,CN-2605-AGVUT-ZGSZ-01R,AGVUT-ZGSZ-01R,4
CN,2605,TUSLI,VIKUP,W112,CN-2605-AGVUT-ZLXY-01R,AGVUT-ZLXY-01R,4
CN,2605,TUSLI,VIKUP,W112,CN-2605-AGVUT-ZUTF-01R,AGVUT-ZUTF-01R,4
CN,2605,TUSLI,VIKUP,W112,CN-2605-KAMUD-SAGAG,KAMUD-SAGAG,3
CN,2605,TUSLI,VIKUP,W112,CN-2605-KAMUD-W186-VHHH,KAMUD-W186-VHHH,3
CN,2605,TUSLI,VIKUP,W112,CN-2605-KAMUD-ZBAD-02,KAMUD-ZBAD-02,3
CN,2605,TUSLI,VIKUP,W112,CN-2605-KAMUD-ZGGG-02,KAMUD-ZGGG-02,3
CN,2605,TUSLI,VIKUP,W112,CN-2605-KAMUD-ZLXY-01,KAMUD-ZLXY-01,3
CN,2605,TUSLI,VIKUP,W112,CN-2605-KAMUD-ZUCK-01,KAMUD-ZUCK-01,3
CN,2605,TUSLI,VIKUP,W112,CN-2605-KAMUD-ZUTF-01,KAMUD-ZUTF-01,3
CN,2605,TUSLI,VIKUP,W112,CN-2605-KAMUD-ZUUU-01,KAMUD-ZUUU-01,3
CN,2605,TUSLI,VIKUP,W112,CN-2605-OGIGI-ZGGG-01,OGIGI-ZGGG-01,4
CN,2605,TUSLI,VIKUP,W112,CN-2605-OGIGI-ZLXY-01,OGIGI-ZLXY-01,4
CN,2605,TUTGO,NIRUV,W220,CN-2605-AGAVO-ZLIC-01,AGAVO-ZLIC-01,8
CN,2605,TUTGO,NIRUV,W220,CN-2605-RCTP-ZLIC-01,RCTP-ZLIC-01,9
CN,2605,TUTGO,NIRUV,W220,CN-2605-TEBAK-ZLIC-01,TEBAK-ZLIC-01,8
CN,2605,UBKER,SGM,G212,CN-2605-GOPTO-ZPPP-01,GOPTO-ZPPP-01,8
CN,2605,UBKER,SGM,G212,CN-2605-KAMUD-SAGAG,KAMUD-SAGAG,7
CN,2605,UBKER,SGM,G212,CN-2605-MORIT-KATBO,MORIT-KATBO,2
CN,2605,UBKER,SGM,G212,CN-2605-MORIT-LINSO,MORIT-LINSO,2
CN,2605,UBKER,SGM,G212,CN-2605-MORIT-SAGAG,MORIT-SAGAG,2
CN,2605,UBKER,SGM,G212,CN-2605-MORIT-ZPPP-01,MORIT-ZPPP-01,2
CN,2605,UBKER,SGM,G212,CN-2605-PURPA-W112-SAGAG,PURPA-W112-SAGAG,7
CN,2605,UBKER,SGM,G212,CN-2605-RULAD-G470-SAGAG,RULAD-G470-SAGAG,7
CN,2605,UBKER,SGM,G212,CN-2605-RULAD-LINSO,RULAD-LINSO,7
CN,2605,UBKER,SGM,G212,CN-2605-RULAD-SAGAG,RULAD-SAGAG,6
CN,2605,UBKER,SGM,G212,CN-2605-RULAD-Y1-SAGAG,RULAD-Y1-SAGAG,6
CN,2605,UBKER,SGM,G212,CN-2605-SARIN-G470-SAGAG,SARIN-G470-SAGAG,6
CN,2605,UBKER,SGM,G212,CN-2605-SARIN-LINSO,SARIN-LINSO,6
CN,2605,UBKER,SGM,G212,CN-2605-SARIN-SAGAG,SARIN-SAGAG,5
CN,2605,UBKER,SGM,G212,CN-2605-SARIN-ZPPP-01,SARIN-ZPPP-01,6
CN,2605,UBKER,SGM,G212,CN-2605-SARIN-ZPPP-02,SARIN-ZPPP-02,5
CN,2605,UBKER,SGM,G212,CN-2605-ZLDH-SAGAG-01,ZLDH-SAGAG-01,5
CN,2605,UBKER,SGM,G212,CN-2605-ZLIC-KATBO-01,ZLIC-KATBO-01,3
CN,2605,UBKER,SGM,G212,CN-2605-ZLIC-LINSO-01,ZLIC-LINSO-01,3
CN,2605,UBKER,SGM,G212,CN-2605-ZLIC-SAGAG-01,ZLIC-SAGAG-01,3
CN,2605,UBKER,SGM,G212,CN-2605-ZLLL-KATBO-01,ZLLL-KATBO-01,2
CN,2605,UBKER,SGM,G212,CN-2605-ZLLL-LINSO-01,ZLLL-LINSO-01,2
CN,2605,UBKER,SGM,G212,CN-2605-ZLLL-SAGAG-01,ZLLL-SAGAG-01,2
CN,2605,UBKER,SGM,G212,CN-2605-ZLXN-SAGAG-01,ZLXN-SAGAG-01,3
CN,2605,UBKER,SGM,G212,CN-2605-ZWWW-SAGAG-01,ZWWW-SAGAG-01,5
CN,2605,UBKER,SGM,G212,CN-2605-ZWWW-SAGAG-02,ZWWW-SAGAG-02,8
CN,2605,UBKOX,WHA,B213,CN-2605-ZHYC-LAMEN-01,ZHYC-LAMEN-01,2
CN,2605,UBMOG,IDAXI,W615,CN-2605-ZGHA-RCKH-01,ZGHA-RCKH-01,1
CN,2605,UBMOG,IDAXI,W615,CN-2605-ZGHA-RCTP-01,ZGHA-RCTP-01,1
CN,2605,UBMOG,IDAXI,W615,CN-2605-ZGHA-RCYU-01,ZGHA-RCYU-01,1
CN,2605,UBMOG,IDAXI,W615,CN-2605-ZGHA-TAMOT-01,ZGHA-TAMOT-01,1
CN,2605,UBMOG,IDAXI,W615,CN-2605-ZGHA-VHHH-01,ZGHA-VHHH-01,1
CN,2605,UBMOG,IDAXI,W615,CN-2605-ZGHA-VMMC-01,ZGHA-VMMC-01,1
CN,2605,UBRAB,WHA,B213,CN-2605-KAMUD-ZSNJ-01,KAMUD-ZSNJ-01,8
CN,2605,UBRAB,WHA,B213,CN-2605-SARIN-ZSCN-01,SARIN-ZSCN-01,7
CN,2605,UBRAB,WHA,B213,CN-2605-SARIN-ZSNJ-01,SARIN-ZSNJ-01,7
CN,2605,UBRAB,WHA,B213,CN-2605-ZUTF-LAMEN-01,ZUTF-LAMEN-01,1
CN,2605,UBRAB,WHA,B213,CN-2605-ZUUU-LAMEN-01,ZUUU-LAMEN-01,1
CN,2605,UBRAG,HET,W84,CN-2605-ZBDS-INTIK-01,ZBDS-INTIK-01,3
CN,2605,UBRAG,HET,W84,CN-2605-ZBDS-NIXAL-01,ZBDS-NIXAL-01,3
CN,2605,UBRAG,HET,W84,CN-2605-ZLIC-INTIK-01,ZLIC-INTIK-01,4
CN,2605,UBRAG,TOREL,W84,CN-2605-ZBOW-AGAVO-01,ZBOW-AGAVO-01,3
CN,2605,UDETI,HRB,A588,CN-2605-ZBTJ-ARGUK-01,ZBTJ-ARGUK-01,6
CN,2605,UDETI,HRB,A588,CN-2605-ZSQD-ARGUK-01,ZSQD-ARGUK-01,5
CN,2605,UDETI,LJB,A588,CN-2605-ZBTJ-BISUN-01,ZBTJ-BISUN-01,6
CN,2605,UDETI,MAKNO,W106,CN-2605-BISUN-ZHCC-01,BISUN-ZHCC-01,4
CN,2605,UDETI,MAKNO,W106,CN-2605-BISUN-ZHHH-01,BISUN-ZHHH-01,4
CN,2605,UDETI,MAKNO,W106,CN-2605-MAGIT-ZGHA-01,MAGIT-ZGHA-01,4
CN,2605,UDETI,MAKNO,W106,CN-2605-MAGIT-ZHHH-01,MAGIT-ZHHH-01,4
CN,2605,UDETI,MAKNO,W106,CN-2605-MAGIT-ZSJN-01,MAGIT-ZSJN-01,4
CN,2605,UDETI,MAKNO,W106,CN-2605-MAGIT-ZSQD-01,MAGIT-ZSQD-01,4
CN,2605,UDETI,MAKNO,W106,CN-2605-SIMLI-ZSQD-01,SIMLI-ZSQD-01,2
CN,2605,UDETI,SIMLI,A588,CN-2605-ZBTJ-SIMLI-01,ZBTJ-SIMLI-01,6
CN,2605,UDETI,SIMLI,A588,CN-2605-ZSQD-SIMLI-01,ZSQD-SIMLI-01,5
CN,2605,UDUMI,GUSIV,W37,CN-2605-LAMEN-ZGHA-01,LAMEN-ZGHA-01,7
CN,2605,UDUMI,OLMIB,W37,CN-2605-AGAVO-TEBAK,AGAVO-TEBAK,9
CN,2605,UDUMI,OLMIB,W37,CN-2605-LAMEN-ZGKL-01,LAMEN-ZGKL-01,7
CN,2605,UDUMI,OLMIB,W37,CN-2605-LAMEN-ZGNN-01,LAMEN-ZGNN-01,7
CN,2605,UDUMI,OLMIB,W37,CN-2605-SADLI-WHA-TEBAK,SADLI-WHA-TEBAK,7
CN,2605,UDUMI,OLMIB,W37,CN-2605-ZSLY-TEBAK-01,ZSLY-TEBAK-01,7
CN,2605,UDUMI,OLMIB,W37,CN-2605-ZSNJ-TEBAK-01,ZSNJ-TEBAK-01,3
CN,2605,UDUMI,OLMIB,W37,CN-2605-ZSNT-TEBAK-01,ZSNT-TEBAK-01,9
CN,2605,UDUMI,OLMIB,W37,CN-2605-ZSOF-TEBAK-01,ZSOF-TEBAK-01,3
CN,2605,UDUMI,OLMIB,W37,CN-2605-ZSPD-TEBAK-01,ZSPD-TEBAK-01,8
CN,2605,UDUMI,OLMIB,W37,CN-2605-ZSSH-TEBAK-01,ZSSH-TEBAK-01,9
CN,2605,UDUMI,OLMIB,W37,CN-2605-ZSSS-TEBAK-01,ZSSS-TEBAK-01,8
CN,2605,UDUMI,OLMIB,W37,CN-2605-ZSXZ-TEBAK-01,ZSXZ-TEBAK-01,4
CN,2605,UDUMI,OLMIB,W37,CN-2605-ZSYA-TEBAK-01,ZSYA-TEBAK-01,8
CN,2605,UDUMI,OMBEB,W37,CN-2605-ZSLY-TAMOT-01,ZSLY-TAMOT-01,7
CN,2605,UDUMI,OMBEB,W37,CN-2605-ZSOF-TAMOT-01,ZSOF-TAMOT-01,3
CN,2605,UDUMI,OMBEB,W37,CN-2605-ZSOF-VHHH-01,ZSOF-VHHH-01,3
CN,2605,UDUMI,OMBEB,W37,CN-2605-ZSOF-VMMC-02,ZSOF-VMMC-02,3
CN,2605,UDUMI,OMBEB,W37,CN-2605-ZSSH-TAMOT-01,ZSSH-TAMOT-01,9
CN,2605,UGABI,BISUN,B451,CN-2605-ZYMD-BISUN-01,ZYMD-BISUN-01,2
CN,2605,UGABI,HLD,B451,CN-2605-VASRO-TELOK,VASRO-TELOK,3
CN,2605,UGABI,MDJ,W39,CN-2605-BISUN-ZYMD-01,BISUN-ZYMD-01,2
CN,2605,UGABI,YNJ,W39,CN-2605-TELOK-VASRO,TELOK-VASRO,3
CN,2605,UGAGO,BEBEM,A470,CN-2605-ZSHC-ASSAD-02,ZSHC-ASSAD-02,1
CN,2605,UGAGO,BZ,A470,CN-2605-ZSHC-RCKH-01,ZSHC-RCKH-01,1
CN,2605,UGAGO,BZ,A470,CN-2605-ZSHC-RCSS-01,ZSHC-RCSS-01,1
CN,2605,UGAGO,BZ,A470,CN-2605-ZSHC-RCTP-01,ZSHC-RCTP-01,1
CN,2605,UGAGO,BZ,A470,CN-2605-ZSHC-RCYU-01,ZSHC-RCYU-01,1
CN,2605,UGAGO,BZ,A470,CN-2605-ZSTX-RCKH-01,ZSTX-RCKH-01,2
CN,2605,UGAGO,BZ,A470,CN-2605-ZSTX-RCTP-01,ZSTX-RCTP-01,2
CN,2605,UGAGO,BZ,A470,CN-2605-ZSTX-RCYU-01,ZSTX-RCYU-01,2
CN,2605,UGAGO,MAGOG,A470,CN-2605-ZSHC-MAGOG-01,ZSHC-MAGOG-01,1
CN,2605,UGAGO,MAGOG,A470,CN-2605-ZSHC-VHHH-01,ZSHC-VHHH-01,1
CN,2605,UGAGO,MAGOG,A470,CN-2605-ZSHC-VMMC-01,ZSHC-VMMC-01,1
CN,2605,UGAGO,MAGOG,A470,CN-2605-ZSTX-MAGOG-01,ZSTX-MAGOG-01,2
CN,2605,UGAGO,SHZ,G204,CN-2605-LINSO-ZSNB-01,LINSO-ZSNB-01,6
CN,2605,UGAGO,TOL,A470,CN-2605-ZSNB-LINSO-01,ZSNB-LINSO-01,2
CN,2605,UGAGO,TXN,G204,CN-2605-MAGOG-ZSTX-01,MAGOG-ZSTX-01,2
CN,2605,UGAGO,TXN,G204,CN-2605-RCKH-ZSTX-01,RCKH-ZSTX-01,3
CN,2605,UGAGO,TXN,G204,CN-2605-RCTP-ZSTX-01,RCTP-ZSTX-01,3
CN,2605,UGAGO,TXN,G204,CN-2605-RCYU-ZSTX-01,RCYU-ZSTX-01,3
CN,2605,UJ,ZUH,W553,CN-2605-LANDA-ZGSZ-01,LANDA-ZGSZ-01,2
CN,2605,UKDUM,GOTSU,W201,CN-2605-POLHO-ZYTL-01,POLHO-ZYTL-01,2
CN,2605,UKDUM,HCH,W201,CN-2605-POLHO-ZSQD-02,POLHO-ZSQD-02,2
CN,2605,UKDUM,OSUBA,W49,CN-2605-BISUN-ZBAA-01,BISUN-ZBAA-01,4
CN,2605,UKDUM,OSUBA,W49,CN-2605-GOLOT-ZBAA-01,GOLOT-ZBAA-01,3
CN,2605,UKDUM,OSUBA,W49,CN-2605-MAGIT-ZBAA-01,MAGIT-ZBAA-01,3
CN,2605,UKDUM,OSUBA,W49,CN-2605-SIMLI-ZBAA-01,SIMLI-ZBAA-01,3
CN,2605,UKDUM,OSUBA,W49,CN-2605-TELOK-ZBAA-01,TELOK-ZBAA-01,4
CN,2605,UKDUM,UNSEK,W201,CN-2605-POLHO-AGAVO,POLHO-AGAVO,2
CN,2605,UKDUM,UNSEK,W201,CN-2605-POLHO-ZSQD-01,POLHO-ZSQD-01,2
CN,2605,UKMIS,OTKAB,W624,CN-2605-ZBSJ-RCKH-01,ZBSJ-RCKH-01,1
CN,2605,UKMIS,OTKAB,W624,CN-2605-ZBSJ-RCTP-01,ZBSJ-RCTP-01,1
CN,2605,UKMIS,OTKAB,W624,CN-2605-ZBSJ-RCYU-01,ZBSJ-RCYU-01,1
CN,2605,UKMIS,OTKAB,W624,CN-2605-ZBSJ-TAMOT-01,ZBSJ-TAMOT-01,1
CN,2605,UKMIS,OTKAB,W624,CN-2605-ZBSJ-VHHH-01,ZBSJ-VHHH-01,1
CN,2605,UKMIS,OTKAB,W624,CN-2605-ZBSJ-VMMC-01,ZBSJ-VMMC-01,1
CN,2605,UKMIS,OVNUG,W562,CN-2605-ZBSJ-LAMEN-01,ZBSJ-LAMEN-01,1
CN,2605,UNSEK,DONVO,A326,CN-2605-KAMUD-AGAVO,KAMUD-AGAVO,10
CN,2605,UNSEK,DONVO,A326,CN-2605-POLHO-AGAVO,POLHO-AGAVO,3
CN,2605,UNSEK,DONVO,A326,CN-2605-PURPA-W112-AGAVO,PURPA-W112-AGAVO,11
CN,2605,UNSEK,DONVO,A326,CN-2605-RK-AGAVO,RK-AGAVO,10
CN,2605,UNSEK,DONVO,A326,CN-2605-RK-AGAVO,RK-AGAVO,22
CN,2605,UNSEK,DONVO,A326,CN-2605-RKL-AGAVO,RKL-AGAVO,10
CN,2605,UNSEK,DONVO,A326,CN-2605-RKL-AGAVO,RKL-AGAVO,22
CN,2605,UNSEK,DONVO,A326,CN-2605-RULAD-AGAVO,RULAD-AGAVO,10
CN,2605,UNSEK,DONVO,A326,CN-2605-SARIN-AGAVO,SARIN-AGAVO,9
CN,2605,UNSEK,DONVO,A326,CN-2605-SRK-AGAVO,SRK-AGAVO,9
CN,2605,UNSEK,DONVO,A326,CN-2605-SRK-AGAVO,SRK-AGAVO,21
CN,2605,UNSEK,DONVO,A326,CN-2605-SRK-AGAVO,SRK-AGAVO,33
CN,2605,UNSEK,DONVO,A326,CN-2605-ZBAA-AGAVO-01,ZBAA-AGAVO-01,4
CN,2605,UNSEK,DONVO,A326,CN-2605-ZBAD-AGAVO-01,ZBAD-AGAVO-01,4
CN,2605,UNSEK,DONVO,A326,CN-2605-ZBDS-AGAVO-01,ZBDS-AGAVO-01,8
CN,2605,UNSEK,DONVO,A326,CN-2605-ZBHH-AGAVO-01,ZBHH-AGAVO-01,6
CN,2605,UNSEK,DONVO,A326,CN-2605-ZBOW-AGAVO-01,ZBOW-AGAVO-01,9
CN,2605,UNSEK,DONVO,A326,CN-2605-ZBSJ-AGAVO-01,ZBSJ-AGAVO-01,6
CN,2605,UNSEK,DONVO,A326,CN-2605-ZBTJ-AGAVO-01,ZBTJ-AGAVO-01,4
CN,2605,UNSEK,DONVO,A326,CN-2605-ZBYN-AGAVO-01,ZBYN-AGAVO-01,5
CN,2605,UNSEK,DONVO,A326,CN-2605-ZLDH-AGAVO-01,ZLDH-AGAVO-01,9
CN,2605,UNSEK,DONVO,A326,CN-2605-ZLIC-AGAVO-01,ZLIC-AGAVO-01,9
CN,2605,UNSEK,DONVO,A326,CN-2605-ZLXY-AGAVO-01,ZLXY-AGAVO-01,5
CN,2605,UNSEK,DONVO,A326,CN-2605-ZUCK-AGAVO-01,ZUCK-AGAVO-01,8
CN,2605,UNSEK,DONVO,A326,CN-2605-ZUTF-AGAVO-01,ZUTF-AGAVO-01,7
CN,2605,UNSEK,DONVO,A326,CN-2605-ZUUU-AGAVO-01,ZUUU-AGAVO-01,8
CN,2605,UNSEK,DONVO,A326,CN-2605-ZWWW-AGAVO-01,ZWWW-AGAVO-01,9
CN,2605,UNSEK,DUMAP,W55,CN-2605-TOMUK-ZBTJ-01,TOMUK-ZBTJ-01,3
CN,2605,UNSEK,MAKNO,A326,CN-2605-ZBTJ-ARGUK-01,ZBTJ-ARGUK-01,4
CN,2605,UNSEK,MAKNO,A326,CN-2605-ZBTJ-BISUN-01,ZBTJ-BISUN-01,4
CN,2605,UNSEK,MAKNO,A326,CN-2605-ZBTJ-SIMLI-01,ZBTJ-SIMLI-01,4
CN,2605,UNSEK,OMLIB,A326,CN-2605-POLHO-ZSQD-01,POLHO-ZSQD-01,3
CN,2605,UNSEK,PAMRU,W55,CN-2605-TOMUK-TAMOT,TOMUK-TAMOT,3
CN,2605,UNSEK,PAMRU,W55,CN-2605-TOMUK-TEBAK,TOMUK-TEBAK,3
CN,2605,UNSEK,PAMRU,W55,CN-2605-TOMUK-VMMC,TOMUK-VMMC,3
CN,2605,UNSEK,SANKO,A326,CN-2605-BEKOL-TOMUK,BEKOL-TOMUK,6
CN,2605,UNSEK,SANKO,A326,CN-2605-TEBAK-TOMUK,TEBAK-TOMUK,8
CN,2605,UNSEK,SANKO,A326,CN-2605-VMMC-TOMUK,VMMC-TOMUK,9
CN,2605,UNSEK,SANKO,A326,CN-2605-ZBTJ-TOMUK-01,ZBTJ-TOMUK-01,4
CN,2605,UNTAN,OLRIS,G345,CN-2605-ZSNT-LINSO-01,ZSNT-LINSO-01,3
CN,2605,UNTAN,OLRIS,G345,CN-2605-ZSNT-TEBAK-01,ZSNT-TEBAK-01,3
CN,2605,UNTAN,OLRIS,G345,CN-2605-ZSPD-LINSO-01,ZSPD-LINSO-01,2
CN,2605,UNTAN,OLRIS,G345,CN-2605-ZSPD-NIXAL-01,ZSPD-NIXAL-01,2
CN,2605,UNTAN,OLRIS,G345,CN-2605-ZSPD-TEBAK-01,ZSPD-TEBAK-01,2
CN,2605,UNTAN,OLRIS,G345,CN-2605-ZSSS-LINSO-01,ZSSS-LINSO-01,2
CN,2605,UNTAN,OLRIS,G345,CN-2605-ZSSS-NIXAL-01,ZSSS-NIXAL-01,2
CN,2605,UNTAN,OLRIS,G345,CN-2605-ZSSS-TEBAK-01,ZSSS-TEBAK-01,2
CN,2605,UNTAN,PIKAS,G330,CN-2605-LINSO-ZSNT-01,LINSO-ZSNT-01,5
CN,2605,UNTAN,PIKAS,G330,CN-2605-TEBAK-ZSNT-01,TEBAK-ZSNT-01,8
CN,2605,UNVON,IPNIT,W4,CN-2605-ZSQD-LINSO-01,ZSQD-LINSO-01,3
CN,2605,UNVON,LIMGI,W4,CN-2605-ZSQD-LINSO-02,ZSQD-LINSO-02,3
CN,2605,UPDUM,DUMAX,W285,CN-2605-ZLXY-TAMOT-01,ZLXY-TAMOT-01,1
CN,2605,UPDUM,DUMAX,W285,CN-2605-ZLXY-TAMOT-02,ZLXY-TAMOT-02,1
CN,2605,UPDUM,DUMAX,W285,CN-2605-ZLXY-VHHH-01,ZLXY-VHHH-01,1
CN,2605,UPDUM,DUMAX,W285,CN-2605-ZLXY-VHHH-02,ZLXY-VHHH-02,1
CN,2605,UPDUM,DUMAX,W285,CN-2605-ZLXY-VMMC-01,ZLXY-VMMC-01,1
CN,2605,UPGUR,YIH,W156,CN-2605-LAMEN-ZHYC-01,LAMEN-ZHYC-01,7
CN,2605,UPKUN,APOGO,W218,CN-2605-ZLIC-AGAVO-01,ZLIC-AGAVO-01,2
CN,2605,UPKUN,APOGO,W218,CN-2605-ZLIC-RCTP-01,ZLIC-RCTP-01,2
CN,2605,UPLEL,SAPIN,W95,CN-2605-KAMUD-ZSHC-01,KAMUD-ZSHC-01,11
CN,2605,UPLEL,SAPIN,W95,CN-2605-LINSO-ZSHC-01,LINSO-ZSHC-01,4
CN,2605,UPLEL,SAPIN,W95,CN-2605-LINSO-ZSNB-01,LINSO-ZSNB-01,4
CN,2605,UPLEL,SAPIN,W95,CN-2605-NIXAL-ZSAM-01,NIXAL-ZSAM-01,6
CN,2605,UPLEL,SAPIN,W95,CN-2605-NIXAL-ZSFZ-01,NIXAL-ZSFZ-01,6
CN,2605,UPLEL,SAPIN,W95,CN-2605-NIXAL-ZSHC-01,NIXAL-ZSHC-01,6
CN,2605,UPLEL,SAPIN,W95,CN-2605-NIXAL-ZSWZ-01,NIXAL-ZSWZ-01,6
CN,2605,UPLEL,SAPIN,W95,CN-2605-SARIN-ZSHC-01,SARIN-ZSHC-01,10
CN,2605,UPLEL,SAPIN,W95,CN-2605-ZBHH-RCTP-01,ZBHH-RCTP-01,6
CN,2605,UPLEL,SAPIN,W95,CN-2605-ZBSJ-RCKH-01,ZBSJ-RCKH-01,5
CN,2605,UPLEL,SAPIN,W95,CN-2605-ZBSJ-RCTP-01,ZBSJ-RCTP-01,5
CN,2605,UPLEL,SAPIN,W95,CN-2605-ZBSJ-RCYU-01,ZBSJ-RCYU-01,5
CN,2605,UPLEL,SAPIN,W95,CN-2605-ZBYN-RCKH-01,ZBYN-RCKH-01,8
CN,2605,UPLEL,SAPIN,W95,CN-2605-ZBYN-RCMQ-01,ZBYN-RCMQ-01,8
CN,2605,UPLEL,SAPIN,W95,CN-2605-ZBYN-RCTP-01,ZBYN-RCTP-01,8
CN,2605,UPLEL,SAPIN,W95,CN-2605-ZBYN-RCYU-01,ZBYN-RCYU-01,8
CN,2605,UPLEL,SAPIN,W95,CN-2605-ZGDY-RCTP-01,ZGDY-RCTP-01,4
CN,2605,UPLEL,SAPIN,W95,CN-2605-ZHCC-RCKH-01,ZHCC-RCKH-01,5
CN,2605,UPLEL,SAPIN,W95,CN-2605-ZHCC-RCTP-01,ZHCC-RCTP-01,5
CN,2605,UPLEL,SAPIN,W95,CN-2605-ZHCC-RCYU-01,ZHCC-RCYU-01,5
CN,2605,UPLEL,SAPIN,W95,CN-2605-ZHHH-RCKH-01,ZHHH-RCKH-01,2
CN,2605,UPLEL,SAPIN,W95,CN-2605-ZHHH-RCNN-01,ZHHH-RCNN-01,2
CN,2605,UPLEL,SAPIN,W95,CN-2605-ZHHH-RCSS-01,ZHHH-RCSS-01,2
CN,2605,UPLEL,SAPIN,W95,CN-2605-ZHHH-RCTP-01,ZHHH-RCTP-01,2
CN,2605,UPLEL,SAPIN,W95,CN-2605-ZHHH-RCYU-01,ZHHH-RCYU-01,2
CN,2605,UPLEL,SAPIN,W95,CN-2605-ZLIC-RCTP-01,ZLIC-RCTP-01,9
CN,2605,UPLEL,SAPIN,W95,CN-2605-ZLXY-RCBS-01,ZLXY-RCBS-01,7
CN,2605,UPLEL,SAPIN,W95,CN-2605-ZLXY-RCKH-01,ZLXY-RCKH-01,7
CN,2605,UPLEL,SAPIN,W95,CN-2605-ZLXY-RCMQ-01,ZLXY-RCMQ-01,7
CN,2605,UPLEL,SAPIN,W95,CN-2605-ZLXY-RCQC-01,ZLXY-RCQC-01,7
CN,2605,UPLEL,SAPIN,W95,CN-2605-ZLXY-RCTP-01,ZLXY-RCTP-01,7
CN,2605,UPLEL,SAPIN,W95,CN-2605-ZLXY-RCYU-01,ZLXY-RCYU-01,7
CN,2605,UPLEL,SAPIN,W95,CN-2605-ZSCN-RCKH-01,ZSCN-RCKH-01,4
CN,2605,UPLEL,SAPIN,W95,CN-2605-ZSCN-RCTP-01,ZSCN-RCTP-01,4
CN,2605,UPLEL,SAPIN,W95,CN-2605-ZSCN-RCYU-01,ZSCN-RCYU-01,4
CN,2605,UPLEL,SAPIN,W95,CN-2605-ZSOF-RCKH-01,ZSOF-RCKH-01,2
CN,2605,UPLEL,SAPIN,W95,CN-2605-ZSOF-RCMQ-01,ZSOF-RCMQ-01,2
CN,2605,UPLEL,SAPIN,W95,CN-2605-ZSOF-RCTP-01,ZSOF-RCTP-01,2
CN,2605,UPLEL,SAPIN,W95,CN-2605-ZSOF-RCYU-01,ZSOF-RCYU-01,2
CN,2605,UPLEL,SAPIN,W95,CN-2605-ZSOF-VMMC-01,ZSOF-VMMC-01,2
CN,2605,UPLEL,SAPIN,W95,CN-2605-ZWWW-RCTP-01,ZWWW-RCTP-01,10
CN,2605,UPMAT,DUGEB,W56,CN-2605-TEBAK-ZBAA-01,TEBAK-ZBAA-01,4
CN,2605,UPMAT,GUVRI,W56,CN-2605-TEBAK-ZBTJ-01,TEBAK-ZBTJ-01,4
CN,2605,UPMAT,IDPOG,W56,CN-2605-TEBAK-AGAVO,TEBAK-AGAVO,4
CN,2605,UPMAT,IDPOG,W56,CN-2605-TEBAK-WHA-SADLI,TEBAK-WHA-SADLI,4
CN,2605,UPMAT,IDPOG,W56,CN-2605-TEBAK-ZSLY-01,TEBAK-ZSLY-01,4
CN,2605,UPMAT,IDPOG,W56,CN-2605-TEBAK-ZSNJ-01,TEBAK-ZSNJ-01,4
CN,2605,UPMAT,IDPOG,W56,CN-2605-TEBAK-ZSNT-01,TEBAK-ZSNT-01,4
CN,2605,UPMAT,IDPOG,W56,CN-2605-TEBAK-ZSOF-01,TEBAK-ZSOF-01,4
CN,2605,UPMAT,IDPOG,W56,CN-2605-TEBAK-ZSPD-01,TEBAK-ZSPD-01,4
CN,2605,UPMAT,IDPOG,W56,CN-2605-TEBAK-ZSSH-01,TEBAK-ZSSH-01,4
CN,2605,UPMAT,IDPOG,W56,CN-2605-TEBAK-ZSSS-01,TEBAK-ZSSS-01,4
CN,2605,UPMAT,IDPOG,W56,CN-2605-TEBAK-ZSXZ-01,TEBAK-ZSXZ-01,4
CN,2605,UPMAT,IDPOG,W56,CN-2605-TEBAK-ZSYA-01,TEBAK-ZSYA-01,4
CN,2605,UPMAT,IDPOG,W56,CN-2605-ZGKL-LAMEN-01,ZGKL-LAMEN-01,3
CN,2605,UPMAT,IDPOG,W56,CN-2605-ZGNN-LAMEN-01,ZGNN-LAMEN-01,3
CN,2605,UPMAT,IGMIG,W56,CN-2605-TEBAK-ZHCC-01,TEBAK-ZHCC-01,4
CN,2605,UPMAT,OBMEP,W56,CN-2605-TEBAK-INTIK,TEBAK-INTIK,4
CN,2605,UPMAT,OBMEP,W56,CN-2605-TEBAK-NIXAL,TEBAK-NIXAL,4
CN,2605,UPMAT,OBMEP,W56,CN-2605-TEBAK-ZBHH-01,TEBAK-ZBHH-01,4
CN,2605,UPMAT,OBMEP,W56,CN-2605-TEBAK-ZBYN-01,TEBAK-ZBYN-01,4
CN,2605,UPMAT,OBMEP,W56,CN-2605-TEBAK-ZLIC-01,TEBAK-ZLIC-01,4
CN,2605,UPMAT,OBMEP,W56,CN-2605-ZJSY-NIXAL-02,ZJSY-NIXAL-02,9
CN,2605,UPMAT,ORODO,W56,CN-2605-TEBAK-ZBAD-01,TEBAK-ZBAD-01,4
CN,2605,UPMAT,ORODO,W56,CN-2605-TEBAK-ZBSJ-01,TEBAK-ZBSJ-01,4
CN,2605,UPMAT,VADMO,W56,CN-2605-TEBAK-ZSJN-01,TEBAK-ZSJN-01,4
CN,2605,UPMAT,VADMO,W56,CN-2605-TEBAK-ZSQD-01,TEBAK-ZSQD-01,4
CN,2605,UPMAT,VADMO,W56,CN-2605-TEBAK-ZSQD-02,TEBAK-ZSQD-02,4
CN,2605,UPMAT,VADMO,W56,CN-2605-TEBAK-ZYTL-01,TEBAK-ZYTL-01,4
CN,2605,UPMAT,VYK,W56,CN-2605-TEBAK-ARGUK,TEBAK-ARGUK,4
CN,2605,UPMAT,VYK,W56,CN-2605-TEBAK-BISUN,TEBAK-BISUN,4
CN,2605,UPMAT,VYK,W56,CN-2605-TEBAK-GOLOT,TEBAK-GOLOT,4
CN,2605,UPMAT,VYK,W56,CN-2605-TEBAK-TOMUK,TEBAK-TOMUK,4
CN,2605,UPMAT,VYK,W56,CN-2605-TEBAK-ZBLA-01,TEBAK-ZBLA-01,4
CN,2605,UPMAT,VYK,W56,CN-2605-TEBAK-ZYCC-01,TEBAK-ZYCC-01,4
CN,2605,UPMAT,VYK,W56,CN-2605-TEBAK-ZYHB-01,TEBAK-ZYHB-01,4
CN,2605,UPMAT,VYK,W56,CN-2605-TEBAK-ZYTX-01,TEBAK-ZYTX-01,4
CN,2605,UPMAT,VYK,W56,CN-2605-ZJSY-BISUN-02,ZJSY-BISUN-02,9
CN,2605,UPREK,INTIK,A575,CN-2605-ZYCC-INTIK-01,ZYCC-INTIK-01,4
CN,2605,UPREK,KEVOB,W28,CN-2605-AGAVO-B339-SRK,AGAVO-B339-SRK,8
CN,2605,UPREK,KEVOB,W28,CN-2605-AGAVO-B339-SRK,AGAVO-B339-SRK,21
CN,2605,UPREK,KEVOB,W28,CN-2605-AGAVO-B339-SRK,AGAVO-B339-SRK,35
CN,2605,UPREK,LAGEB,W28,CN-2605-AGAVO-B339-KAMUD,AGAVO-B339-KAMUD,8
CN,2605,UPREK,LAGEB,W28,CN-2605-AGAVO-B339-PURPA,AGAVO-B339-PURPA,8
CN,2605,UPREK,LAGEB,W28,CN-2605-AGAVO-B339-RULAD,AGAVO-B339-RULAD,8
CN,2605,UPREK,LAGEB,W28,CN-2605-AGAVO-B339-SARIN,AGAVO-B339-SARIN,8
CN,2605,UPREK,LAGEB,W28,CN-2605-SADLI-RULAD,SADLI-RULAD,6
CN,2605,UPREK,LAGEB,W28,CN-2605-ZBAA-AGVUT-01R,ZBAA-AGVUT-01R,3
CN,2605,UPREK,LAGEB,W28,CN-2605-ZBAA-AGVUT-02R,ZBAA-AGVUT-02R,3
CN,2605,UPREK,LAGEB,W28,CN-2605-ZBAA-KAMUD-01,ZBAA-KAMUD-01,3
CN,2605,UPREK,LAGEB,W28,CN-2605-ZBAA-PURPA-01,ZBAA-PURPA-01,3
CN,2605,UPREK,LAGEB,W28,CN-2605-ZBAA-PURPA-02,ZBAA-PURPA-02,3
CN,2605,UPREK,LAGEB,W28,CN-2605-ZBAA-RULAD-01,ZBAA-RULAD-01,3
CN,2605,UPREK,LAGEB,W28,CN-2605-ZBAA-SARIN-01,ZBAA-SARIN-01,3
CN,2605,UPREK,LAGEB,W28,CN-2605-ZBAD-KAMUD-01,ZBAD-KAMUD-01,3
CN,2605,UPREK,LAGEB,W28,CN-2605-ZBAD-OGIGI-01,ZBAD-OGIGI-01,3
CN,2605,UPREK,LAGEB,W28,CN-2605-ZBAD-PURPA-01,ZBAD-PURPA-01,3
CN,2605,UPREK,LAGEB,W28,CN-2605-ZBAD-PURPA-02,ZBAD-PURPA-02,3
CN,2605,UPREK,LAGEB,W28,CN-2605-ZBAD-RULAD-01,ZBAD-RULAD-01,3
CN,2605,UPREK,LAGEB,W28,CN-2605-ZBAD-SARIN-01,ZBAD-SARIN-01,3
CN,2605,UPREK,LAGEB,W28,CN-2605-ZBTJ-KAMUD-01,ZBTJ-KAMUD-01,3
CN,2605,UPREK,LAGEB,W28,CN-2605-ZBTJ-PURPA-01,ZBTJ-PURPA-01,3
CN,2605,UPREK,LAGEB,W28,CN-2605-ZBTJ-PURPA-02,ZBTJ-PURPA-02,3
CN,2605,UPREK,LAGEB,W28,CN-2605-ZBTJ-RULAD-01,ZBTJ-RULAD-01,3
CN,2605,UPREK,LAGEB,W28,CN-2605-ZBTJ-SARIN-01,ZBTJ-SARIN-01,3
CN,2605,UPREK,LAGEB,W28,CN-2605-ZSAM-KAMUD-01,ZSAM-KAMUD-01,11
CN,2605,UPREK,LAGEB,W28,CN-2605-ZSPD-KAMUD-01,ZSPD-KAMUD-01,7
CN,2605,UPREK,LAGEB,W28,CN-2605-ZSPD-PURPA-01,ZSPD-PURPA-01,7
CN,2605,UPREK,LAGEB,W28,CN-2605-ZSPD-PURPA-02,ZSPD-PURPA-02,7
CN,2605,UPREK,LAGEB,W28,CN-2605-ZSPD-RULAD-01,ZSPD-RULAD-01,7
CN,2605,UPREK,LAGEB,W28,CN-2605-ZSPD-SARIN-01,ZSPD-SARIN-01,7
CN,2605,UPREK,LAGEB,W28,CN-2605-ZSSS-PURPA-01,ZSSS-PURPA-01,7
CN,2605,UPREK,LAGEB,W28,CN-2605-ZSSS-PURPA-02,ZSSS-PURPA-02,7
CN,2605,UPREK,LAGEB,W28,CN-2605-ZSSS-SARIN-01,ZSSS-SARIN-01,7
CN,2605,UPREK,LAGEB,W28,CN-2605-ZSYT-RULAD-01,ZSYT-RULAD-01,6
CN,2605,UPREK,LAGEB,W28,CN-2605-ZSYT-SARIN-01,ZSYT-SARIN-01,6
CN,2605,UPRIK,OMDUP,W41,CN-2605-BEKOL-AGAVO,BEKOL-AGAVO,3
CN,2605,UPRIK,OMDUP,W41,CN-2605-BEKOL-APSMS,BEKOL-APSMS,31
CN,2605,UPRIK,OMDUP,W41,CN-2605-BEKOL-SADLI,BEKOL-SADLI,3
CN,2605,UPRIK,OMDUP,W41,CN-2605-BEKOL-ZSCN-01,BEKOL-ZSCN-01,3
CN,2605,UPRIK,OMDUP,W41,CN-2605-BEKOL-ZSHC-01,BEKOL-ZSHC-01,3
CN,2605,UPRIK,OMDUP,W41,CN-2605-BEKOL-ZSNJ-01,BEKOL-ZSNJ-01,3
CN,2605,UPRIK,OMDUP,W41,CN-2605-BEKOL-ZSPD-01,BEKOL-ZSPD-01,3
CN,2605,UPRIK,OMDUP,W41,CN-2605-BEKOL-ZSSS-01,BEKOL-ZSSS-01,3
CN,2605,UPRIK,OMDUP,W41,CN-2605-BEKOL-ZSXZ-01,BEKOL-ZSXZ-01,3
CN,2605,UPRIK,OMDUP,W41,CN-2605-LINSO-SADLI,LINSO-SADLI,4
CN,2605,UPRIK,OMDUP,W41,CN-2605-LINSO-ZSPD-02,LINSO-ZSPD-02,5
CN,2605,UPRIK,OMDUP,W41,CN-2605-LINSO-ZSSS-02,LINSO-ZSSS-02,5
CN,2605,UPRIK,OMDUP,W41,CN-2605-RCKH-ZSCN-02,RCKH-ZSCN-02,3
CN,2605,UPRIK,OMDUP,W41,CN-2605-TEBAK-SADLI,TEBAK-SADLI,5
CN,2605,UPRIK,OMDUP,W41,CN-2605-TEBAK-ZSHC-01,TEBAK-ZSHC-01,5
CN,2605,UPRIK,OMDUP,W41,CN-2605-TEBAK-ZSNB-01,TEBAK-ZSNB-01,5
CN,2605,UPRIK,OMDUP,W41,CN-2605-TEBAK-ZSNB-02,TEBAK-ZSNB-02,5
CN,2605,UPRIK,OMDUP,W41,CN-2605-TEBAK-ZSTX-01,TEBAK-ZSTX-01,5
CN,2605,UPRIK,OMDUP,W41,CN-2605-VHHH-ZSCN-01,VHHH-ZSCN-01,3
CN,2605,UPRIK,OMDUP,W41,CN-2605-VHHH-ZSTX-01,VHHH-ZSTX-01,3
CN,2605,UPRIK,OMDUP,W41,CN-2605-ZJHK-LAMEN-01,ZJHK-LAMEN-01,6
CN,2605,UPRIK,OMDUP,W41,CN-2605-ZJSY-LAMEN-01,ZJSY-LAMEN-01,6
CN,2605,UPRIK,OMDUP,W41,CN-2605-ZJSY-LAMEN-02,ZJSY-LAMEN-02,7
CN,2605,UPSIK,LIMGI,W4,CN-2605-BUNTA-ZBAD-01,BUNTA-ZBAD-01,10
CN,2605,UPSIK,LIMGI,W4,CN-2605-ZUGY-ARGUK-01,ZUGY-ARGUK-01,6
CN,2605,UPSIK,VADMO,W4,CN-2605-BUNTA-ZBAA-01,BUNTA-ZBAA-01,10
CN,2605,UPVOP,BIGUX,W111,CN-2605-ZLXN-RCTP-01,ZLXN-RCTP-01,1
CN,2605,UPVOP,BIGUX,W111,CN-2605-ZLXN-SAGAG-01,ZLXN-SAGAG-01,1
CN,2605,UPVOP,BIGUX,W111,CN-2605-ZLXN-TAMOT-01,ZLXN-TAMOT-01,1
CN,2605,URGEB,PK,R343,CN-2605-ZHEC-LAMEN-01,ZHEC-LAMEN-01,1
CN,2605,URGEG,EKOKA,W231,CN-2605-LAMEN-ZUUU-01,LAMEN-ZUUU-01,7
CN,2605,URGEG,WFX,W80,CN-2605-ZUCK-KAMUD-01,ZUCK-KAMUD-01,1
CN,2605,URGEG,WFX,W80,CN-2605-ZUCK-MORIT-01,ZUCK-MORIT-01,1
CN,2605,URGEG,WFX,W80,CN-2605-ZUCK-NONIM-01,ZUCK-NONIM-01,1
CN,2605,URGEG,WFX,W80,CN-2605-ZUCK-PURPA-01,ZUCK-PURPA-01,1
CN,2605,URGEG,WFX,W80,CN-2605-ZUCK-RULAD-01,ZUCK-RULAD-01,1
CN,2605,URGEG,WFX,W80,CN-2605-ZUCK-SARIN-01,ZUCK-SARIN-01,1
CN,2605,URGEG,WFX,W80,CN-2605-ZUCK-SARIN-02,ZUCK-SARIN-02,1
CN,2605,URGOD,AVDIG,W278,CN-2605-AGAVO-ZUCK-01,AGAVO-ZUCK-01,4
CN,2605,URGOD,AVDIG,W278,CN-2605-ZSJN-SAGAG-01,ZSJN-SAGAG-01,3
CN,2605,URGOD,AVDIG,W278,CN-2605-ZSQD-LINSO-02,ZSQD-LINSO-02,5
CN,2605,URGOD,AVDIG,W278,CN-2605-ZSYT-SAGAG-01,ZSYT-SAGAG-01,3
CN,2605,URGUS,EGARA,W91,CN-2605-KATBO-ZUCK-01,KATBO-ZUCK-01,6
CN,2605,URGUS,EGARA,W91,CN-2605-LINSO-ZUCK-01,LINSO-ZUCK-01,5
CN,2605,URGUS,EGARA,W91,CN-2605-SAGAG-ZUCK-01,SAGAG-ZUCK-01,5
CN,2605,UVUNO,BSE,R339,CN-2605-ZGNN-LINSO-01,ZGNN-LINSO-01,1
CN,2605,VADMO,DUGEB,W56,CN-2605-BUNTA-ZBAA-01,BUNTA-ZBAA-01,11
CN,2605,VADMO,WXI,W4,CN-2605-BEKOL-ZSJN-01,BEKOL-ZSJN-01,3
CN,2605,VADMO,WXI,W4,CN-2605-BEKOL-ZSYT-01,BEKOL-ZSYT-01,3
CN,2605,VADMO,WXI,W4,CN-2605-BEKOL-ZYTL-01,BEKOL-ZYTL-01,3
CN,2605,VADMO,WXI,W4,CN-2605-LINSO-AGAVO,LINSO-AGAVO,4
CN,2605,VADMO,WXI,W4,CN-2605-LINSO-ZSJN-01,LINSO-ZSJN-01,4
CN,2605,VADMO,WXI,W4,CN-2605-LINSO-ZSQD-01,LINSO-ZSQD-01,4
CN,2605,VADMO,WXI,W4,CN-2605-LINSO-ZSYT-01,LINSO-ZSYT-01,4
CN,2605,VADMO,WXI,W4,CN-2605-RKL-AGAVO,RKL-AGAVO,28
CN,2605,VADMO,WXI,W4,CN-2605-TEBAK-ZSJN-01,TEBAK-ZSJN-01,5
CN,2605,VADMO,WXI,W4,CN-2605-TEBAK-ZSQD-01,TEBAK-ZSQD-01,5
CN,2605,VADMO,WXI,W4,CN-2605-TEBAK-ZSQD-02,TEBAK-ZSQD-02,5
CN,2605,VADMO,WXI,W4,CN-2605-TEBAK-ZYTL-01,TEBAK-ZYTL-01,5
CN,2605,VADMO,WXI,W4,CN-2605-VHHH-ZSJN-01,VHHH-ZSJN-01,3
CN,2605,VADMO,WXI,W4,CN-2605-VHHH-ZYTL-01,VHHH-ZYTL-01,3
CN,2605,VADMO,WXI,W4,CN-2605-ZGHA-AGAVO-01,ZGHA-AGAVO-01,2
CN,2605,VADMO,WXI,W4,CN-2605-ZHCC-AGAVO-01,ZHCC-AGAVO-01,2
CN,2605,VADMO,WXI,W4,CN-2605-ZHEC-AGAVO-01,ZHEC-AGAVO-01,2
CN,2605,VADMO,WXI,W4,CN-2605-ZHHH-AGAVO-01,ZHHH-AGAVO-01,2
CN,2605,VADMO,WXI,W4,CN-2605-ZPPP-AGAVO-01,ZPPP-AGAVO-01,4
CN,2605,VADMO,WXI,W4,CN-2605-ZUGY-AGAVO-01,ZUGY-AGAVO-01,5
CN,2605,VALNI,UBRAG,W64,CN-2605-ZBDS-INTIK-01,ZBDS-INTIK-01,2
CN,2605,VALNI,UBRAG,W64,CN-2605-ZBDS-NIXAL-01,ZBDS-NIXAL-01,2
CN,2605,VAPGU,ORAVA,W100,CN-2605-BEKOL-TOMUK,BEKOL-TOMUK,4
CN,2605,VAPGU,ORAVA,W100,CN-2605-KAMUD-AGAVO,KAMUD-AGAVO,8
CN,2605,VAPGU,ORAVA,W100,CN-2605-PURPA-W112-AGAVO,PURPA-W112-AGAVO,9
CN,2605,VAPGU,ORAVA,W100,CN-2605-RK-AGAVO,RK-AGAVO,8
CN,2605,VAPGU,ORAVA,W100,CN-2605-RK-AGAVO,RK-AGAVO,20
CN,2605,VAPGU,ORAVA,W100,CN-2605-RKL-AGAVO,RKL-AGAVO,8
CN,2605,VAPGU,ORAVA,W100,CN-2605-RKL-AGAVO,RKL-AGAVO,20
CN,2605,VAPGU,ORAVA,W100,CN-2605-RULAD-AGAVO,RULAD-AGAVO,8
CN,2605,VAPGU,ORAVA,W100,CN-2605-RULAD-ZSYT-01,RULAD-ZSYT-01,8
CN,2605,VAPGU,ORAVA,W100,CN-2605-SARIN-AGAVO,SARIN-AGAVO,7
CN,2605,VAPGU,ORAVA,W100,CN-2605-SARIN-ZSYT-01,SARIN-ZSYT-01,7
CN,2605,VAPGU,ORAVA,W100,CN-2605-SRK-AGAVO,SRK-AGAVO,7
CN,2605,VAPGU,ORAVA,W100,CN-2605-SRK-AGAVO,SRK-AGAVO,19
CN,2605,VAPGU,ORAVA,W100,CN-2605-SRK-AGAVO,SRK-AGAVO,31
CN,2605,VAPGU,ORAVA,W100,CN-2605-TEBAK-TOMUK,TEBAK-TOMUK,6
CN,2605,VAPGU,ORAVA,W100,CN-2605-VMMC-TOMUK,VMMC-TOMUK,7
CN,2605,VAPGU,ORAVA,W100,CN-2605-ZBAA-AGAVO-01,ZBAA-AGAVO-01,2
CN,2605,VAPGU,ORAVA,W100,CN-2605-ZBAD-AGAVO-01,ZBAD-AGAVO-01,2
CN,2605,VAPGU,ORAVA,W100,CN-2605-ZBDS-AGAVO-01,ZBDS-AGAVO-01,6
CN,2605,VAPGU,ORAVA,W100,CN-2605-ZBHH-AGAVO-01,ZBHH-AGAVO-01,4
CN,2605,VAPGU,ORAVA,W100,CN-2605-ZBOW-AGAVO-01,ZBOW-AGAVO-01,7
CN,2605,VAPGU,ORAVA,W100,CN-2605-ZBSJ-AGAVO-01,ZBSJ-AGAVO-01,4
CN,2605,VAPGU,ORAVA,W100,CN-2605-ZBTJ-AGAVO-01,ZBTJ-AGAVO-01,2
CN,2605,VAPGU,ORAVA,W100,CN-2605-ZBTJ-ARGUK-01,ZBTJ-ARGUK-01,2
CN,2605,VAPGU,ORAVA,W100,CN-2605-ZBTJ-BISUN-01,ZBTJ-BISUN-01,2
CN,2605,VAPGU,ORAVA,W100,CN-2605-ZBTJ-SIMLI-01,ZBTJ-SIMLI-01,2
CN,2605,VAPGU,ORAVA,W100,CN-2605-ZBTJ-TOMUK-01,ZBTJ-TOMUK-01,2
CN,2605,VAPGU,ORAVA,W100,CN-2605-ZBYN-AGAVO-01,ZBYN-AGAVO-01,3
CN,2605,VAPGU,ORAVA,W100,CN-2605-ZLDH-AGAVO-01,ZLDH-AGAVO-01,7
CN,2605,VAPGU,ORAVA,W100,CN-2605-ZLIC-AGAVO-01,ZLIC-AGAVO-01,7
CN,2605,VAPGU,ORAVA,W100,CN-2605-ZLXY-AGAVO-01,ZLXY-AGAVO-01,3
CN,2605,VAPGU,ORAVA,W100,CN-2605-ZUCK-AGAVO-01,ZUCK-AGAVO-01,6
CN,2605,VAPGU,ORAVA,W100,CN-2605-ZUTF-AGAVO-01,ZUTF-AGAVO-01,5
CN,2605,VAPGU,ORAVA,W100,CN-2605-ZUUU-AGAVO-01,ZUUU-AGAVO-01,6
CN,2605,VAPGU,ORAVA,W100,CN-2605-ZWWW-AGAVO-01,ZWWW-AGAVO-01,7
CN,2605,VAPNA,GYA,R474,CN-2605-ZGNN-RCKH-01,ZGNN-RCKH-01,1
CN,2605,VAPNA,GYA,R474,CN-2605-ZGNN-RCTP-01,ZGNN-RCTP-01,1
CN,2605,VAPNA,GYA,R474,CN-2605-ZGNN-RCYU-01,ZGNN-RCYU-01,1
CN,2605,VAPNA,GYA,R474,CN-2605-ZGNN-TAMOT-01,ZGNN-TAMOT-01,1
CN,2605,VAPNA,GYA,R474,CN-2605-ZGNN-VHHH-01,ZGNN-VHHH-01,1
CN,2605,VAPNA,GYA,R474,CN-2605-ZGNN-VMMC-01,ZGNN-VMMC-01,1
CN,2605,VARMI,SARIN,A368,CN-2605-ZWWW-SARIN-01,ZWWW-SARIN-01,2
CN,2605,VARSO,GUVBA,W69,CN-2605-LINSO-ZBAA-02,LINSO-ZBAA-02,5
CN,2605,VARSO,GUVBA,W69,CN-2605-NONIM-ZBAA-01,NONIM-ZBAA-01,7
CN,2605,VARSO,GUVBA,W69,CN-2605-SAGAG-ZBAA-02,SAGAG-ZBAA-02,5
CN,2605,VASRO,YNJ,R224,CN-2605-VASRO-TELOK,VASRO-TELOK,1
CN,2605,VEGDO,SAVNO,W170,CN-2605-ZJSY-LAMEN-02,ZJSY-LAMEN-02,1
CN,2605,VEGDO,SAVNO,W170,CN-2605-ZJSY-VHHH-02,ZJSY-VHHH-02,1
CN,2605,VELVI,IGEPA,W698,CN-2605-BEKOL-ZLXY-02,BEKOL-ZLXY-02,7
CN,2605,VELVI,IGEPA,W698,CN-2605-VMMC-ZLXY-01,VMMC-ZLXY-01,7
CN,2605,VEMEX,HFE,W163,CN-2605-RCBS-ZLXY-01,RCBS-ZLXY-01,5
CN,2605,VEMEX,HFE,W163,CN-2605-RCKH-ZBSJ-01,RCKH-ZBSJ-01,5
CN,2605,VEMEX,HFE,W163,CN-2605-RCKH-ZBYN-01,RCKH-ZBYN-01,5
CN,2605,VEMEX,HFE,W163,CN-2605-RCKH-ZHCC-01,RCKH-ZHCC-01,5
CN,2605,VEMEX,HFE,W163,CN-2605-RCKH-ZLXY-01,RCKH-ZLXY-01,5
CN,2605,VEMEX,HFE,W163,CN-2605-RCMQ-ZBYN-01,RCMQ-ZBYN-01,5
CN,2605,VEMEX,HFE,W163,CN-2605-RCMQ-ZLXY-01,RCMQ-ZLXY-01,5
CN,2605,VEMEX,HFE,W163,CN-2605-RCQC-ZLXY-01,RCQC-ZLXY-01,5
CN,2605,VEMEX,HFE,W163,CN-2605-RCTP-ZBHH-01,RCTP-ZBHH-01,5
CN,2605,VEMEX,HFE,W163,CN-2605-RCTP-ZBSJ-01,RCTP-ZBSJ-01,5
CN,2605,VEMEX,HFE,W163,CN-2605-RCTP-ZBYN-01,RCTP-ZBYN-01,5
CN,2605,VEMEX,HFE,W163,CN-2605-RCTP-ZHCC-01,RCTP-ZHCC-01,5
CN,2605,VEMEX,HFE,W163,CN-2605-RCTP-ZLIC-01,RCTP-ZLIC-01,5
CN,2605,VEMEX,HFE,W163,CN-2605-RCTP-ZLXY-01,RCTP-ZLXY-01,5
CN,2605,VEMEX,HFE,W163,CN-2605-RCYU-ZBSJ-01,RCYU-ZBSJ-01,5
CN,2605,VEMEX,HFE,W163,CN-2605-RCYU-ZBYN-01,RCYU-ZBYN-01,5
CN,2605,VEMEX,HFE,W163,CN-2605-RCYU-ZHCC-01,RCYU-ZHCC-01,5
CN,2605,VEMEX,HFE,W163,CN-2605-RCYU-ZLXY-01,RCYU-ZLXY-01,5
CN,2605,VEMEX,HFE,W163,CN-2605-ZSAM-NIXAL-01,ZSAM-NIXAL-01,6
CN,2605,VEMEX,HFE,W163,CN-2605-ZSFZ-NIXAL-01,ZSFZ-NIXAL-01,4
CN,2605,VEMEX,HFE,W163,CN-2605-ZSHC-NIXAL-01,ZSHC-NIXAL-01,3
CN,2605,VEMEX,HFE,W163,CN-2605-ZSHC-SARIN-01,ZSHC-SARIN-01,3
CN,2605,VEMEX,HFE,W163,CN-2605-ZSWZ-NIXAL-01,ZSWZ-NIXAL-01,4
CN,2605,VEMEX,MADUK,W73,CN-2605-RCKH-ZHHH-01,RCKH-ZHHH-01,5
CN,2605,VEMEX,MADUK,W73,CN-2605-RCKH-ZSCN-01,RCKH-ZSCN-01,5
CN,2605,VEMEX,MADUK,W73,CN-2605-RCNN-ZHHH-01,RCNN-ZHHH-01,5
CN,2605,VEMEX,MADUK,W73,CN-2605-RCSS-ZHHH-01,RCSS-ZHHH-01,5
CN,2605,VEMEX,MADUK,W73,CN-2605-RCTP-ZGDY-01,RCTP-ZGDY-01,5
CN,2605,VEMEX,MADUK,W73,CN-2605-RCTP-ZHHH-01,RCTP-ZHHH-01,5
CN,2605,VEMEX,MADUK,W73,CN-2605-RCTP-ZSCN-01,RCTP-ZSCN-01,5
CN,2605,VEMEX,MADUK,W73,CN-2605-RCYU-ZHHH-01,RCYU-ZHHH-01,5
CN,2605,VEMEX,MADUK,W73,CN-2605-RCYU-ZSCN-01,RCYU-ZSCN-01,5
CN,2605,VEMEX,MADUK,W73,CN-2605-ZSHC-LINSO-01,ZSHC-LINSO-01,3
CN,2605,VEMEX,MADUK,W73,CN-2605-ZSNB-LINSO-01,ZSNB-LINSO-01,6
CN,2605,VENOS,BIDIB,A588,CN-2605-ZYTL-TELOK-01,ZYTL-TELOK-01,1
CN,2605,VENOS,DBL,W573,CN-2605-BISUN-ZBTJ-01,BISUN-ZBTJ-01,4
CN,2605,VENOS,DBL,W573,CN-2605-MAGIT-ZBTJ-01,MAGIT-ZBTJ-01,4
CN,2605,VENOS,DBL,W573,CN-2605-MAGIT-ZSYT-01,MAGIT-ZSYT-01,4
CN,2605,VENOS,DBL,W573,CN-2605-SIMLI-ZBTJ-01,SIMLI-ZBTJ-01,2
CN,2605,VENOS,HRB,A588,CN-2605-ZYTL-ARGUK-01,ZYTL-ARGUK-01,1
CN,2605,VENOS,LJB,A588,CN-2605-ZYTL-BISUN-01,ZYTL-BISUN-01,1
CN,2605,VENOS,SIMLI,A588,CN-2605-ZYTL-SIMLI-01,ZYTL-SIMLI-01,1
CN,2605,VETIB,TEBON,W155,CN-2605-ZGOW-LAMEN-01,ZGOW-LAMEN-01,1
CN,2605,VIBOS,SIERA,R473,CN-2605-ZGGG-ASSAD-02,ZGGG-ASSAD-02,1
CN,2605,VIBOS,SIERA,R473,CN-2605-ZGGG-BUNTA-01,ZGGG-BUNTA-01,1
CN,2605,VIBOS,SIERA,R473,CN-2605-ZGGG-RCKH-01,ZGGG-RCKH-01,1
CN,2605,VIBOS,SIERA,R473,CN-2605-ZGGG-RCMQ-01,ZGGG-RCMQ-01,1
CN,2605,VIBOS,SIERA,R473,CN-2605-ZGGG-RCTP-01,ZGGG-RCTP-01,1
CN,2605,VIBOS,SIERA,R473,CN-2605-ZGGG-RCYU-01,ZGGG-RCYU-01,1
CN,2605,VIBOS,SIERA,R473,CN-2605-ZGGG-SIERA-01,ZGGG-SIERA-01,1
CN,2605,VIBOS,SIERA,R473,CN-2605-ZGGG-VHHH-01,ZGGG-VHHH-01,1
CN,2605,VIBOS,ZUH,R473,CN-2605-ZGGG-ASSAD-01,ZGGG-ASSAD-01,1
CN,2605,VIBOS,ZUH,R473,CN-2605-ZGGG-LINSO-01,ZGGG-LINSO-01,1
CN,2605,VIBOS,ZUH,R473,CN-2605-ZGGG-TEBAK-01,ZGGG-TEBAK-01,1
CN,2605,VIGEK,IPLEV,B458,CN-2605-ZBDT-VHHH-01,ZBDT-VHHH-01,1
CN,2605,VIKON,OMGEL,W72,CN-2605-KAMUD-ZBAD-02,KAMUD-ZBAD-02,9
CN,2605,VIKON,OMGEL,W72,CN-2605-ZLIC-INTIK-01,ZLIC-INTIK-01,2
CN,2605,VIKUP,DNC,W191,CN-2605-AGVUT-ZGGG-02R,AGVUT-ZGGG-02R,5
CN,2605,VIKUP,DNC,W191,CN-2605-AGVUT-ZGSZ-01R,AGVUT-ZGSZ-01R,5
CN,2605,VIKUP,DNC,W191,CN-2605-AGVUT-ZLXY-01R,AGVUT-ZLXY-01R,5
CN,2605,VIKUP,DNC,W191,CN-2605-AGVUT-ZUTF-01R,AGVUT-ZUTF-01R,5
CN,2605,VIKUP,DNC,W191,CN-2605-KAMUD-SAGAG,KAMUD-SAGAG,4
CN,2605,VIKUP,DNC,W191,CN-2605-KAMUD-W186-VHHH,KAMUD-W186-VHHH,4
CN,2605,VIKUP,DNC,W191,CN-2605-KAMUD-ZGGG-02,KAMUD-ZGGG-02,4
CN,2605,VIKUP,DNC,W191,CN-2605-KAMUD-ZLXY-01,KAMUD-ZLXY-01,4
CN,2605,VIKUP,DNC,W191,CN-2605-KAMUD-ZUCK-01,KAMUD-ZUCK-01,4
CN,2605,VIKUP,DNC,W191,CN-2605-KAMUD-ZUTF-01,KAMUD-ZUTF-01,4
CN,2605,VIKUP,DNC,W191,CN-2605-KAMUD-ZUUU-01,KAMUD-ZUUU-01,4
CN,2605,VIKUP,DNC,W191,CN-2605-OGIGI-ZGGG-01,OGIGI-ZGGG-01,5
CN,2605,VIKUP,DNC,W191,CN-2605-OGIGI-ZLXY-01,OGIGI-ZLXY-01,5
CN,2605,VIKUP,DNC,W191,CN-2605-PURPA-W112-VHHH,PURPA-W112-VHHH,2
CN,2605,VIKUP,PANRA,W191,CN-2605-KAMUD-ZBAD-02,KAMUD-ZBAD-02,4
CN,2605,VILUS,LIDMA,W180,CN-2605-ZUCK-RCKH-01,ZUCK-RCKH-01,1
CN,2605,VILUS,LIDMA,W180,CN-2605-ZUCK-RCMQ-01,ZUCK-RCMQ-01,1
CN,2605,VILUS,LIDMA,W180,CN-2605-ZUCK-RCSS-01,ZUCK-RCSS-01,1
CN,2605,VILUS,LIDMA,W180,CN-2605-ZUCK-RCTP-01,ZUCK-RCTP-01,1
CN,2605,VILUS,LIDMA,W180,CN-2605-ZUCK-RCYU-01,ZUCK-RCYU-01,1
CN,2605,VILUS,LIDMA,W180,CN-2605-ZUCK-TAMOT-01,ZUCK-TAMOT-01,1
CN,2605,VILUS,LIDMA,W180,CN-2605-ZUCK-VHHH-01,ZUCK-VHHH-01,1
CN,2605,VILUS,LIDMA,W180,CN-2605-ZUCK-VMMC-01,ZUCK-VMMC-01,1
CN,2605,VIMAM,UBRAB,W235,CN-2605-KAMUD-ZSNJ-01,KAMUD-ZSNJ-01,7
CN,2605,VIMAM,UBRAB,W235,CN-2605-SARIN-ZSCN-01,SARIN-ZSCN-01,6
CN,2605,VIMAM,UBRAB,W235,CN-2605-SARIN-ZSNJ-01,SARIN-ZSNJ-01,6
CN,2605,VIPAG,VINEX,W666,CN-2605-KAMUD-ZUCK-01,KAMUD-ZUCK-01,8
CN,2605,VIPAG,VINEX,W666,CN-2605-MORIT-ZUCK-01,MORIT-ZUCK-01,3
CN,2605,VIPAG,VINEX,W666,CN-2605-PURPA-ZUCK-01,PURPA-ZUCK-01,7
CN,2605,VIPAG,VINEX,W666,CN-2605-RULAD-ZUCK-01,RULAD-ZUCK-01,8
CN,2605,VIPAG,VINEX,W666,CN-2605-SARIN-ZUCK-01,SARIN-ZUCK-01,7
CN,2605,VIPAG,VINEX,W666,CN-2605-SARIN-ZUCK-02,SARIN-ZUCK-02,6
CN,2605,VYK,AGVUR,B215,CN-2605-AGAVO-W104-SARIN,AGAVO-W104-SARIN,6
CN,2605,VYK,AGVUR,B215,CN-2605-AGAVO-ZBHH-01,AGAVO-ZBHH-01,6
CN,2605,VYK,AGVUR,B215,CN-2605-MAGIT-ZHCC-01,MAGIT-ZHCC-01,3
CN,2605,VYK,APOGO,B215,CN-2605-AGAVO-ZBDS-01,AGAVO-ZBDS-01,6
CN,2605,VYK,APOGO,B215,CN-2605-AGAVO-ZBOW-01,AGAVO-ZBOW-01,6
CN,2605,VYK,APOGO,B215,CN-2605-AGAVO-ZLIC-01,AGAVO-ZLIC-01,6
CN,2605,VYK,DUBAS,W37,CN-2605-BISUN-LINSO,BISUN-LINSO,4
CN,2605,VYK,DUBAS,W37,CN-2605-MAGIT-ZUCK-01,MAGIT-ZUCK-01,3
CN,2605,VYK,DUBAS,W37,CN-2605-MAGIT-ZUGY-01,MAGIT-ZUGY-01,3
CN,2605,VYK,ENLAB,W37,CN-2605-MAGIT-ZHEC-01,MAGIT-ZHEC-01,3
CN,2605,VYK,GUSIV,W37,CN-2605-BISUN-ZGHA-01,BISUN-ZGHA-01,4
CN,2605,VYK,IDGIS,B215,CN-2605-AGAVO-ZBSJ-01,AGAVO-ZBSJ-01,6
CN,2605,VYK,KAPDO,B215,CN-2605-AGAVO-ZLXY-01,AGAVO-ZLXY-01,6
CN,2605,VYK,KAPDO,B215,CN-2605-AGAVO-ZUTF-01,AGAVO-ZUTF-01,6
CN,2605,VYK,KAPDO,B215,CN-2605-AGAVO-ZUUU-01,AGAVO-ZUUU-01,6
CN,2605,VYK,KAPDO,B215,CN-2605-MAGIT-ZUUU-01,MAGIT-ZUUU-01,3
CN,2605,VYK,KAPDO,B215,CN-2605-SIMLI-ZUUU-01,SIMLI-ZUUU-01,3
CN,2605,VYK,KAPDO,B215,CN-2605-ZYTX-SAGAG-01,ZYTX-SAGAG-01,4
CN,2605,VYK,OLMIB,W37,CN-2605-TOMUK-TEBAK,TOMUK-TEBAK,5
CN,2605,VYK,OMBEB,W37,CN-2605-BISUN-VHHH,BISUN-VHHH,4
CN,2605,VYK,OMBEB,W37,CN-2605-BISUN-VMMC,BISUN-VMMC,4
CN,2605,VYK,OMBEB,W37,CN-2605-BISUN-ZGSZ-01,BISUN-ZGSZ-01,4
CN,2605,VYK,OMBEB,W37,CN-2605-BISUN-ZJSY-01,BISUN-ZJSY-01,4
CN,2605,VYK,OMBEB,W37,CN-2605-GOLOT-VMMC,GOLOT-VMMC,5
CN,2605,VYK,OMBEB,W37,CN-2605-MAGIT-TAMOT,MAGIT-TAMOT,3
CN,2605,VYK,OMBEB,W37,CN-2605-MAGIT-VHHH,MAGIT-VHHH,3
CN,2605,VYK,OMBEB,W37,CN-2605-MAGIT-ZGSZ-01,MAGIT-ZGSZ-01,3
CN,2605,VYK,OMBEB,W37,CN-2605-MAGIT-ZJSY-01,MAGIT-ZJSY-01,3
CN,2605,VYK,OMBEB,W37,CN-2605-MPSMS-TAMOT,MPSMS-TAMOT,3
CN,2605,VYK,OMBEB,W37,CN-2605-MPSMS-TAMOT,MPSMS-TAMOT,15
CN,2605,VYK,OMBEB,W37,CN-2605-MPSMS-VHHH,MPSMS-VHHH,3
CN,2605,VYK,OMBEB,W37,CN-2605-MPSMS-VHHH,MPSMS-VHHH,19
CN,2605,VYK,OMBEB,W37,CN-2605-SIMLI-TAMOT,SIMLI-TAMOT,3
CN,2605,VYK,OMBEB,W37,CN-2605-SIMLI-VHHH,SIMLI-VHHH,3
CN,2605,VYK,OMBEB,W37,CN-2605-SIMLI-ZGSZ-01,SIMLI-ZGSZ-01,3
CN,2605,VYK,OMBEB,W37,CN-2605-SIMLI-ZJSY-01,SIMLI-ZJSY-01,3
CN,2605,VYK,OMBEB,W37,CN-2605-TOMUK-TAMOT,TOMUK-TAMOT,5
CN,2605,VYK,OMBEB,W37,CN-2605-TOMUK-VMMC,TOMUK-VMMC,5
CN,2605,VYK,OMBEB,W37,CN-2605-ZBLA-VHHH-01,ZBLA-VHHH-01,4
CN,2605,VYK,OMBEB,W37,CN-2605-ZYCC-TAMOT-01,ZYCC-TAMOT-01,3
CN,2605,VYK,OMBEB,W37,CN-2605-ZYCC-VHHH-01,ZYCC-VHHH-01,3
CN,2605,VYK,OMBEB,W37,CN-2605-ZYHB-TAMOT-01,ZYHB-TAMOT-01,3
CN,2605,VYK,OMBEB,W37,CN-2605-ZYHB-VHHH-01,ZYHB-VHHH-01,3
CN,2605,VYK,OMBEB,W37,CN-2605-ZYHB-VMMC-01,ZYHB-VMMC-01,3
CN,2605,VYK,OMBEB,W37,CN-2605-ZYTX-TAMOT-01,ZYTX-TAMOT-01,4
CN,2605,VYK,OMBEB,W37,CN-2605-ZYTX-VHHH-01,ZYTX-VHHH-01,4
CN,2605,VYK,OMBEB,W37,CN-2605-ZYTX-VMMC-01,ZYTX-VMMC-01,4
CN,2605,VYK,PAMRU,W34,CN-2605-BEKOL-ZYTX-01,BEKOL-ZYTX-01,3
CN,2605,VYK,PAMRU,W34,CN-2605-SAGAG-ZYTX-01,SAGAG-ZYTX-01,7
CN,2605,VYK,PAMRU,W34,CN-2605-TEBAK-GOLOT,TEBAK-GOLOT,5
CN,2605,VYK,PAMRU,W34,CN-2605-TEBAK-ZYTX-01,TEBAK-ZYTX-01,5
CN,2605,VYK,PAMRU,W34,CN-2605-VHHH-ZYTX-01,VHHH-ZYTX-01,3
CN,2605,VYK,PAMRU,W34,CN-2605-VMMC-GOLOT,VMMC-GOLOT,6
CN,2605,VYK,PAMRU,W34,CN-2605-VMMC-ZYTX-01,VMMC-ZYTX-01,6
CN,2605,VYK,PONUD,W37,CN-2605-SIMLI-ZHHH-01,SIMLI-ZHHH-01,3
CN,2605,VYK,SOTMU,G212,CN-2605-BEKOL-APSMS,BEKOL-APSMS,3
CN,2605,VYK,SOTMU,G212,CN-2605-BEKOL-APSMS,BEKOL-APSMS,15
CN,2605,VYK,SOTMU,G212,CN-2605-BEKOL-ARGUK,BEKOL-ARGUK,3
CN,2605,VYK,SOTMU,G212,CN-2605-BEKOL-BISUN,BEKOL-BISUN,3
CN,2605,VYK,SOTMU,G212,CN-2605-BEKOL-SIMLI,BEKOL-SIMLI,3
CN,2605,VYK,SOTMU,G212,CN-2605-BEKOL-ZYCC-01,BEKOL-ZYCC-01,3
CN,2605,VYK,SOTMU,G212,CN-2605-BEKOL-ZYHB-01,BEKOL-ZYHB-01,3
CN,2605,VYK,SOTMU,G212,CN-2605-LINSO-BISUN,LINSO-BISUN,4
CN,2605,VYK,SOTMU,G212,CN-2605-SADLI-RULAD,SADLI-RULAD,3
CN,2605,VYK,SOTMU,G212,CN-2605-SAGAG-BISUN,SAGAG-BISUN,3
CN,2605,VYK,SOTMU,G212,CN-2605-TEBAK-ARGUK,TEBAK-ARGUK,5
CN,2605,VYK,SOTMU,G212,CN-2605-TEBAK-BISUN,TEBAK-BISUN,5
CN,2605,VYK,SOTMU,G212,CN-2605-TEBAK-ZBLA-01,TEBAK-ZBLA-01,5
CN,2605,VYK,SOTMU,G212,CN-2605-TEBAK-ZYCC-01,TEBAK-ZYCC-01,5
CN,2605,VYK,SOTMU,G212,CN-2605-TEBAK-ZYHB-01,TEBAK-ZYHB-01,5
CN,2605,VYK,SOTMU,G212,CN-2605-VHHH-ZBLA-01,VHHH-ZBLA-01,3
CN,2605,VYK,SOTMU,G212,CN-2605-VHHH-ZYCC-01,VHHH-ZYCC-01,3
CN,2605,VYK,SOTMU,G212,CN-2605-VHHH-ZYHB-01,VHHH-ZYHB-01,3
CN,2605,VYK,SOTMU,G212,CN-2605-VMMC-ARGUK,VMMC-ARGUK,6
CN,2605,VYK,SOTMU,G212,CN-2605-VMMC-BISUN,VMMC-BISUN,6
CN,2605,VYK,SOTMU,G212,CN-2605-VMMC-ZYHB-01,VMMC-ZYHB-01,6
CN,2605,VYK,SOTMU,G212,CN-2605-ZGGG-ARGUK-01,ZGGG-ARGUK-01,3
CN,2605,VYK,SOTMU,G212,CN-2605-ZGGG-SIMLI-01,ZGGG-SIMLI-01,3
CN,2605,VYK,SOTMU,G212,CN-2605-ZGHA-ARGUK-01,ZGHA-ARGUK-01,2
CN,2605,VYK,SOTMU,G212,CN-2605-ZGHA-BISUN-01,ZGHA-BISUN-01,2
CN,2605,VYK,SOTMU,G212,CN-2605-ZGSZ-ARGUK-01,ZGSZ-ARGUK-01,5
CN,2605,VYK,SOTMU,G212,CN-2605-ZGSZ-BISUN-01,ZGSZ-BISUN-01,5
CN,2605,VYK,SOTMU,G212,CN-2605-ZGSZ-SIMLI-01,ZGSZ-SIMLI-01,5
CN,2605,VYK,SOTMU,G212,CN-2605-ZHCC-ARGUK-01,ZHCC-ARGUK-01,2
CN,2605,VYK,SOTMU,G212,CN-2605-ZHCC-BISUN-01,ZHCC-BISUN-01,2
CN,2605,VYK,SOTMU,G212,CN-2605-ZHCC-SIMLI-01,ZHCC-SIMLI-01,2
CN,2605,VYK,SOTMU,G212,CN-2605-ZHEC-ARGUK-01,ZHEC-ARGUK-01,2
CN,2605,VYK,SOTMU,G212,CN-2605-ZHHH-ARGUK-01,ZHHH-ARGUK-01,2
CN,2605,VYK,SOTMU,G212,CN-2605-ZHHH-BISUN-01,ZHHH-BISUN-01,2
CN,2605,VYK,SOTMU,G212,CN-2605-ZHHH-SIMLI-01,ZHHH-SIMLI-01,2
CN,2605,VYK,SOTMU,G212,CN-2605-ZJSY-ARGUK-01,ZJSY-ARGUK-01,6
CN,2605,VYK,SOTMU,G212,CN-2605-ZJSY-BISUN-01,ZJSY-BISUN-01,6
CN,2605,VYK,SOTMU,G212,CN-2605-ZJSY-BISUN-02,ZJSY-BISUN-02,10
CN,2605,VYK,SOTMU,G212,CN-2605-ZJSY-SIMLI-01,ZJSY-SIMLI-01,6
CN,2605,VYK,SOTMU,G212,CN-2605-ZSAM-KAMUD-01,ZSAM-KAMUD-01,8
CN,2605,VYK,SOTMU,G212,CN-2605-ZSAM-POLHO-01,ZSAM-POLHO-01,8
CN,2605,VYK,SOTMU,G212,CN-2605-ZSCN-POLHO-01,ZSCN-POLHO-01,3
CN,2605,VYK,SOTMU,G212,CN-2605-ZSFZ-POLHO-01,ZSFZ-POLHO-01,6
CN,2605,VYK,SOTMU,G212,CN-2605-ZSHC-INTIK-01,ZSHC-INTIK-01,5
CN,2605,VYK,SOTMU,G212,CN-2605-ZSHC-POLHO-01,ZSHC-POLHO-01,5
CN,2605,VYK,SOTMU,G212,CN-2605-ZSNJ-ARGUK-01,ZSNJ-ARGUK-01,4
CN,2605,VYK,SOTMU,G212,CN-2605-ZSNJ-BISUN-01,ZSNJ-BISUN-01,4
CN,2605,VYK,SOTMU,G212,CN-2605-ZSNJ-POLHO-01,ZSNJ-POLHO-01,4
CN,2605,VYK,SOTMU,G212,CN-2605-ZSPD-ARGUK-01,ZSPD-ARGUK-01,4
CN,2605,VYK,SOTMU,G212,CN-2605-ZSPD-INTIK-01,ZSPD-INTIK-01,4
CN,2605,VYK,SOTMU,G212,CN-2605-ZSPD-KAMUD-01,ZSPD-KAMUD-01,4
CN,2605,VYK,SOTMU,G212,CN-2605-ZSPD-POLHO-01,ZSPD-POLHO-01,4
CN,2605,VYK,SOTMU,G212,CN-2605-ZSPD-PURPA-01,ZSPD-PURPA-01,4
CN,2605,VYK,SOTMU,G212,CN-2605-ZSPD-PURPA-02,ZSPD-PURPA-02,4
CN,2605,VYK,SOTMU,G212,CN-2605-ZSPD-RULAD-01,ZSPD-RULAD-01,4
CN,2605,VYK,SOTMU,G212,CN-2605-ZSPD-SARIN-01,ZSPD-SARIN-01,4
CN,2605,VYK,SOTMU,G212,CN-2605-ZSPD-SIMLI-01,ZSPD-SIMLI-01,4
CN,2605,VYK,SOTMU,G212,CN-2605-ZSSS-ARGUK-01,ZSSS-ARGUK-01,4
CN,2605,VYK,SOTMU,G212,CN-2605-ZSSS-POLHO-01,ZSSS-POLHO-01,4
CN,2605,VYK,SOTMU,G212,CN-2605-ZSSS-PURPA-01,ZSSS-PURPA-01,4
CN,2605,VYK,SOTMU,G212,CN-2605-ZSSS-PURPA-02,ZSSS-PURPA-02,4
CN,2605,VYK,SOTMU,G212,CN-2605-ZSSS-SARIN-01,ZSSS-SARIN-01,4
CN,2605,VYK,SOTMU,G212,CN-2605-ZSSS-SIMLI-01,ZSSS-SIMLI-01,4
CN,2605,VYK,SOTMU,G212,CN-2605-ZSWZ-POLHO-01,ZSWZ-POLHO-01,7
CN,2605,VYK,TOKUD,B215,CN-2605-AGAVO-ZBYN-01,AGAVO-ZBYN-01,6
CN,2605,VYK,TOKUD,B215,CN-2605-MAGIT-ZBYN-01,MAGIT-ZBYN-01,3
CN,2605,VYK,VAPGU,W34,CN-2605-BEKOL-TOMUK,BEKOL-TOMUK,3
CN,2605,VYK,VAPGU,W34,CN-2605-TEBAK-TOMUK,TEBAK-TOMUK,5
CN,2605,VYK,VAPGU,W34,CN-2605-VMMC-TOMUK,VMMC-TOMUK,6
CN,2605,VYK,VAPGU,W34,CN-2605-ZBDS-AGAVO-01,ZBDS-AGAVO-01,5
CN,2605,VYK,VAPGU,W34,CN-2605-ZBSJ-AGAVO-01,ZBSJ-AGAVO-01,3
CN,2605,VYK,VAPGU,W34,CN-2605-ZBYN-AGAVO-01,ZBYN-AGAVO-01,2
CN,2605,VYK,VAPGU,W34,CN-2605-ZLIC-AGAVO-01,ZLIC-AGAVO-01,6
CN,2605,VYK,VAPGU,W34,CN-2605-ZLXY-AGAVO-01,ZLXY-AGAVO-01,2
CN,2605,VYK,VAPGU,W34,CN-2605-ZUCK-AGAVO-01,ZUCK-AGAVO-01,5
CN,2605,VYK,VAPGU,W34,CN-2605-ZUTF-AGAVO-01,ZUTF-AGAVO-01,4
CN,2605,VYK,VAPGU,W34,CN-2605-ZUUU-AGAVO-01,ZUUU-AGAVO-01,5
CN,2605,VYK,YHD,B215,CN-2605-AGAVO-KAMUD,AGAVO-KAMUD,6
CN,2605,VYK,YHD,B215,CN-2605-AGAVO-RK,AGAVO-RK,6
CN,2605,VYK,YHD,B215,CN-2605-AGAVO-RK,AGAVO-RK,19
CN,2605,VYK,YHD,B215,CN-2605-AGAVO-RKL,AGAVO-RKL,6
CN,2605,VYK,YHD,B215,CN-2605-AGAVO-RKL,AGAVO-RKL,19
CN,2605,VYK,YHD,B215,CN-2605-AGAVO-RULAD,AGAVO-RULAD,6
CN,2605,VYK,YHD,B215,CN-2605-AGAVO-SARIN,AGAVO-SARIN,6
CN,2605,VYK,YHD,B215,CN-2605-AGAVO-W112-PURPA,AGAVO-W112-PURPA,6
CN,2605,WEH,IKEKA,W4,CN-2605-ZSWH-AGAVO-01,ZSWH-AGAVO-01,1
CN,2605,WFG,YQG,W103,CN-2605-ZSQD-LINSO-01,ZSQD-LINSO-01,1
CN,2605,WFG,YQG,W103,CN-2605-ZSQD-LINSO-02,ZSQD-LINSO-02,1
CN,2605,WFX,APIMI,W81,CN-2605-BEKOL-ZLXY-01,BEKOL-ZLXY-01,7
CN,2605,WFX,APIMI,W81,CN-2605-KATBO-ZLXY-01,KATBO-ZLXY-01,5
CN,2605,WFX,APIMI,W81,CN-2605-LINSO-ZBAD-02,LINSO-ZBAD-02,4
CN,2605,WFX,APIMI,W81,CN-2605-LINSO-ZBSJ-01,LINSO-ZBSJ-01,4
CN,2605,WFX,APIMI,W81,CN-2605-LINSO-ZBTJ-02,LINSO-ZBTJ-02,4
CN,2605,WFX,APIMI,W81,CN-2605-LINSO-ZBYN-01,LINSO-ZBYN-01,4
CN,2605,WFX,APIMI,W81,CN-2605-LINSO-ZLXY-01,LINSO-ZLXY-01,4
CN,2605,WFX,APIMI,W81,CN-2605-LINSO-ZSQD-02,LINSO-ZSQD-02,4
CN,2605,WFX,APIMI,W81,CN-2605-NONIM-ZBAD-01,NONIM-ZBAD-01,5
CN,2605,WFX,APIMI,W81,CN-2605-NONIM-ZLXY-01,NONIM-ZLXY-01,5
CN,2605,WFX,APIMI,W81,CN-2605-SAGAG-ZBSJ-01,SAGAG-ZBSJ-01,4
CN,2605,WFX,APIMI,W81,CN-2605-SAGAG-ZBYN-01,SAGAG-ZBYN-01,4
CN,2605,WFX,APIMI,W81,CN-2605-SAGAG-ZLXY-01,SAGAG-ZLXY-01,4
CN,2605,WFX,APIMI,W81,CN-2605-SAGAG-ZSJN-01,SAGAG-ZSJN-01,4
CN,2605,WFX,APIMI,W81,CN-2605-SAGAG-ZYTX-01,SAGAG-ZYTX-01,4
CN,2605,WFX,APIMI,W81,CN-2605-VHHH-ZLXY-01,VHHH-ZLXY-01,7
CN,2605,WFX,JTG,W179,CN-2605-NONIM-ZBAA-01,NONIM-ZBAA-01,5
CN,2605,WFX,LXA,B213,CN-2605-ZUCK-NONIM-01,ZUCK-NONIM-01,2
CN,2605,WFX,OMBON,W179,CN-2605-ZSNJ-KAMUD-01,ZSNJ-KAMUD-01,3
CN,2605,WFX,OMBON,W179,CN-2605-ZSNJ-SARIN-01,ZSNJ-SARIN-01,3
CN,2605,WFX,OMBON,W179,CN-2605-ZUCK-KAMUD-01,ZUCK-KAMUD-01,2
CN,2605,WFX,OMBON,W179,CN-2605-ZUCK-MORIT-01,ZUCK-MORIT-01,2
CN,2605,WFX,OMBON,W179,CN-2605-ZUCK-PURPA-01,ZUCK-PURPA-01,2
CN,2605,WFX,OMBON,W179,CN-2605-ZUCK-RULAD-01,ZUCK-RULAD-01,2
CN,2605,WFX,OMBON,W179,CN-2605-ZUCK-SARIN-01,ZUCK-SARIN-01,2
CN,2605,WFX,OMBON,W179,CN-2605-ZUCK-SARIN-02,ZUCK-SARIN-02,2
CN,2605,WFX,PEXUN,B213,CN-2605-BEKOL-G470/L888-SGMRK,BEKOL-G470/L888-SGMRK,42
CN,2605,WFX,PEXUN,B213,CN-2605-BEKOL-G470/L888-SGMRN,BEKOL-G470/L888-SGMRN,42
CN,2605,WFX,PEXUN,B213,CN-2605-BEKOL-G470/L888-SRK,BEKOL-G470/L888-SRK,20
CN,2605,WFX,PEXUN,B213,CN-2605-BEKOL-G470/L888-SRKL,BEKOL-G470/L888-SRKL,20
CN,2605,WFX,PEXUN,B213,CN-2605-BEKOL-G470/L888-SRL,BEKOL-G470/L888-SRL,20
CN,2605,WFX,PEXUN,B213,CN-2605-BEKOL-L888-RULAD,BEKOL-L888-RULAD,7
CN,2605,WHA,EKIMU,R343,CN-2605-LINSO-ZSPD-01,LINSO-ZSPD-01,3
CN,2605,WHA,EKIMU,R343,CN-2605-TEBAK-ZSPD-01,TEBAK-ZSPD-01,6
CN,2605,WHA,HFE,R343,CN-2605-BEKOL-ZSLY-01,BEKOL-ZSLY-01,4
CN,2605,WHA,HFE,R343,CN-2605-KAMUD-ZSNJ-01,KAMUD-ZSNJ-01,9
CN,2605,WHA,HFE,R343,CN-2605-LINSO-ZSNJ-01,LINSO-ZSNJ-01,3
CN,2605,WHA,HFE,R343,CN-2605-LINSO-ZSXZ-01,LINSO-ZSXZ-01,3
CN,2605,WHA,HFE,R343,CN-2605-SAGAG-ZSNJ-01,SAGAG-ZSNJ-01,2
CN,2605,WHA,HFE,R343,CN-2605-SARIN-ZSNJ-01,SARIN-ZSNJ-01,8
CN,2605,WHA,HFE,R343,CN-2605-TEBAK-ZSLY-01,TEBAK-ZSLY-01,6
CN,2605,WHA,HFE,R343,CN-2605-TEBAK-ZSNJ-01,TEBAK-ZSNJ-01,6
CN,2605,WHA,HFE,R343,CN-2605-TEBAK-ZSXZ-01,TEBAK-ZSXZ-01,6
CN,2605,WHA,HUY,A581,CN-2605-AGAVO-ZUGY-01,AGAVO-ZUGY-01,5
CN,2605,WHA,HUY,A581,CN-2605-MAGIT-ZUGY-01,MAGIT-ZUGY-01,5
CN,2605,WHA,IDGAG,A581,CN-2605-MAGIT-ZUCK-01,MAGIT-ZUCK-01,5
CN,2605,WHA,MADUK,R343,CN-2605-BEKOL-ZSSH-01,BEKOL-ZSSH-01,4
CN,2605,WHA,MADUK,R343,CN-2605-TEBAK-ZSSH-01,TEBAK-ZSSH-01,6
CN,2605,WHA,MIDOX,R343,CN-2605-BEKOL-ZSOF-01,BEKOL-ZSOF-01,4
CN,2605,WHA,MIDOX,R343,CN-2605-LINSO-ZSOF-01,LINSO-ZSOF-01,3
CN,2605,WHA,MIDOX,R343,CN-2605-SAGAG-ZSOF-01,SAGAG-ZSOF-01,2
CN,2605,WHA,MIDOX,R343,CN-2605-TEBAK-ZSOF-01,TEBAK-ZSOF-01,6
CN,2605,WHA,MIDOX,R343,CN-2605-VHHH-ZSOF-01,VHHH-ZSOF-01,4
CN,2605,WHA,MIDOX,R343,CN-2605-VMMC-ZSOF-01,VMMC-ZSOF-01,7
CN,2605,WHA,OLRIS,R343,CN-2605-BEKOL-ZSYA-01,BEKOL-ZSYA-01,4
CN,2605,WHA,OLRIS,R343,CN-2605-LINSO-ZSNT-01,LINSO-ZSNT-01,3
CN,2605,WHA,OLRIS,R343,CN-2605-LINSO-ZSYA-01,LINSO-ZSYA-01,3
CN,2605,WHA,OLRIS,R343,CN-2605-TEBAK-ZSNT-01,TEBAK-ZSNT-01,6
CN,2605,WHA,OLRIS,R343,CN-2605-TEBAK-ZSYA-01,TEBAK-ZSYA-01,6
CN,2605,WHA,PK,R343,CN-2605-LINSO-WHA-SADLI,LINSO-WHA-SADLI,3
CN,2605,WHA,PK,R343,CN-2605-LINSO-ZSSS-01,LINSO-ZSSS-01,3
CN,2605,WHA,PK,R343,CN-2605-SAGAG-SADLI,SAGAG-SADLI,2
CN,2605,WHA,PK,R343,CN-2605-TEBAK-AGAVO,TEBAK-AGAVO,6
CN,2605,WHA,PK,R343,CN-2605-TEBAK-WHA-SADLI,TEBAK-WHA-SADLI,6
CN,2605,WHA,PK,R343,CN-2605-TEBAK-ZSSS-01,TEBAK-ZSSS-01,6
CN,2605,WHA,PK,R343,CN-2605-ZGDY-LAMEN-01,ZGDY-LAMEN-01,3
CN,2605,WHA,PK,R343,CN-2605-ZGHA-LAMEN-01,ZGHA-LAMEN-01,3
CN,2605,WHA,PK,R343,CN-2605-ZGKL-LAMEN-01,ZGKL-LAMEN-01,5
CN,2605,WHA,PK,R343,CN-2605-ZGNN-LAMEN-01,ZGNN-LAMEN-01,5
CN,2605,WHA,PK,R343,CN-2605-ZHYC-LAMEN-01,ZHYC-LAMEN-01,3
CN,2605,WHA,PK,R343,CN-2605-ZPPP-LAMEN-01,ZPPP-LAMEN-01,3
CN,2605,WHA,PK,R343,CN-2605-ZUCK-LAMEN-01,ZUCK-LAMEN-01,2
CN,2605,WHA,PK,R343,CN-2605-ZUGY-LAMEN-01,ZUGY-LAMEN-01,4
CN,2605,WHA,PK,R343,CN-2605-ZUTF-LAMEN-01,ZUTF-LAMEN-01,2
CN,2605,WHA,PK,R343,CN-2605-ZUUU-LAMEN-01,ZUUU-LAMEN-01,2
CN,2605,WHA,QNX,A581,CN-2605-AGAVO-LINSO,AGAVO-LINSO,5
CN,2605,WHA,QNX,A581,CN-2605-AGAVO-RKL,AGAVO-RKL,31
CN,2605,WHA,QNX,A581,CN-2605-AGAVO-ZPPP-01,AGAVO-ZPPP-01,5
CN,2605,WHA,QNX,A581,CN-2605-BISUN-LINSO,BISUN-LINSO,6
CN,2605,WHA,QNX,A581,CN-2605-ZBAD-LINSO-01,ZBAD-LINSO-01,3
CN,2605,WHA,QNX,A581,CN-2605-ZBTJ-LINSO-01,ZBTJ-LINSO-01,3
CN,2605,WHA,QNX,A581,CN-2605-ZBTJ-SAGAG-01,ZBTJ-SAGAG-01,3
CN,2605,WHA,QNX,A581,CN-2605-ZHCC-LINSO-01,ZHCC-LINSO-01,3
CN,2605,WHA,QNX,A581,CN-2605-ZSJN-LINSO-01,ZSJN-LINSO-01,4
CN,2605,WHA,QNX,A581,CN-2605-ZSQD-LINSO-01,ZSQD-LINSO-01,6
CN,2605,WHA,QNX,A581,CN-2605-ZSYT-LINSO-01,ZSYT-LINSO-01,4
CN,2605,WHA,SAGUD,R343,CN-2605-SARIN-ZSCN-01,SARIN-ZSCN-01,8
CN,2605,WHA,UPLEL,R343,CN-2605-LINSO-ZSHC-01,LINSO-ZSHC-01,3
CN,2605,WHA,UPLEL,R343,CN-2605-LINSO-ZSNB-01,LINSO-ZSNB-01,3
CN,2605,WHA,UPLEL,R343,CN-2605-ZGDY-RCTP-01,ZGDY-RCTP-01,3
CN,2605,WJC,ALGOV,W193,CN-2605-ZLXY-ARGUK-01,ZLXY-ARGUK-01,1
CN,2605,WJC,ALGOV,W193,CN-2605-ZLXY-INTIK-01,ZLXY-INTIK-01,1
CN,2605,WJC,ALGOV,W193,CN-2605-ZLXY-POLHO-01,ZLXY-POLHO-01,1
CN,2605,WJC,ALGOV,W193,CN-2605-ZLXY-SIMLI-01,ZLXY-SIMLI-01,1
CN,2605,WJC,ALGOV,W193,CN-2605-ZUCK-POLHO-01,ZUCK-POLHO-01,3
CN,2605,WJC,BELAX,G212,CN-2605-LINSO-ZBAD-02,LINSO-ZBAD-02,6
CN,2605,WJC,BELAX,G212,CN-2605-NONIM-ZBAD-01,NONIM-ZBAD-01,7
CN,2605,WJC,GUNLI,G212,CN-2605-ZLXY-RCBS-01,ZLXY-RCBS-01,1
CN,2605,WJC,GUNLI,G212,CN-2605-ZLXY-RCKH-01,ZLXY-RCKH-01,1
CN,2605,WJC,GUNLI,G212,CN-2605-ZLXY-RCMQ-01,ZLXY-RCMQ-01,1
CN,2605,WJC,GUNLI,G212,CN-2605-ZLXY-RCQC-01,ZLXY-RCQC-01,1
CN,2605,WJC,GUNLI,G212,CN-2605-ZLXY-RCTP-01,ZLXY-RCTP-01,1
CN,2605,WJC,GUNLI,G212,CN-2605-ZLXY-RCYU-01,ZLXY-RCYU-01,1
CN,2605,WJC,RUNBU,G212,CN-2605-LINSO-ZBYN-01,LINSO-ZBYN-01,6
CN,2605,WJC,RUNBU,G212,CN-2605-SAGAG-ZBYN-01,SAGAG-ZBYN-01,6
CN,2605,WJC,SGM,G212,CN-2605-ZBDS-KATBO-01,ZBDS-KATBO-01,2
CN,2605,WJC,SGM,G212,CN-2605-ZBDS-SAGAG-01,ZBDS-SAGAG-01,2
CN,2605,WJC,TEKIL,G212,CN-2605-LINSO-ZBTJ-02,LINSO-ZBTJ-02,6
CN,2605,WJC,TONOV,G212,CN-2605-LINSO-ZBSJ-01,LINSO-ZBSJ-01,6
CN,2605,WJC,TONOV,G212,CN-2605-SAGAG-ZBSJ-01,SAGAG-ZBSJ-01,6
CN,2605,WJC,VYK,G212,CN-2605-SAGAG-ZYTX-01,SAGAG-ZYTX-01,6
CN,2605,WJC,VYK,G212,CN-2605-ZLXY-AGAVO-01,ZLXY-AGAVO-01,1
CN,2605,WJC,VYK,G212,CN-2605-ZUTF-AGAVO-01,ZUTF-AGAVO-01,3
CN,2605,WJC,VYK,G212,CN-2605-ZUUU-AGAVO-01,ZUUU-AGAVO-01,4
CN,2605,WL,BUNTA,G221,CN-2605-ZJSY-BUNTA-01,ZJSY-BUNTA-01,1
CN,2605,WQG,BISUN,B451,CN-2605-AGAVO-BISUN,AGAVO-BISUN,6
CN,2605,WQG,BISUN,B451,CN-2605-BEKOL-BISUN,BEKOL-BISUN,7
CN,2605,WQG,BISUN,B451,CN-2605-LINSO-BISUN,LINSO-BISUN,8
CN,2605,WQG,BISUN,B451,CN-2605-SAGAG-BISUN,SAGAG-BISUN,7
CN,2605,WQG,BISUN,B451,CN-2605-TEBAK-BISUN,TEBAK-BISUN,9
CN,2605,WQG,BISUN,B451,CN-2605-VMMC-BISUN,VMMC-BISUN,10
CN,2605,WQG,BISUN,B451,CN-2605-ZBAA-BISUN-01,ZBAA-BISUN-01,3
CN,2605,WQG,BISUN,B451,CN-2605-ZBAD-BISUN-01,ZBAD-BISUN-01,3
CN,2605,WQG,BISUN,B451,CN-2605-ZBTJ-BISUN-01,ZBTJ-BISUN-01,8
CN,2605,WQG,BISUN,B451,CN-2605-ZBYN-BISUN-01,ZBYN-BISUN-01,6
CN,2605,WQG,BISUN,B451,CN-2605-ZGHA-BISUN-01,ZGHA-BISUN-01,6
CN,2605,WQG,BISUN,B451,CN-2605-ZGSZ-BISUN-01,ZGSZ-BISUN-01,9
CN,2605,WQG,BISUN,B451,CN-2605-ZHCC-BISUN-01,ZHCC-BISUN-01,6
CN,2605,WQG,BISUN,B451,CN-2605-ZHHH-BISUN-01,ZHHH-BISUN-01,6
CN,2605,WQG,BISUN,B451,CN-2605-ZJSY-BISUN-01,ZJSY-BISUN-01,10
CN,2605,WQG,BISUN,B451,CN-2605-ZJSY-BISUN-02,ZJSY-BISUN-02,14
CN,2605,WQG,BISUN,B451,CN-2605-ZSNJ-BISUN-01,ZSNJ-BISUN-01,8
CN,2605,WQG,BISUN,B451,CN-2605-ZSPD-BISUN-01,ZSPD-BISUN-01,5
CN,2605,WQG,BISUN,B451,CN-2605-ZYCC-BISUN-01,ZYCC-BISUN-01,2
CN,2605,WQG,BISUN,B451,CN-2605-ZYTL-BISUN-01,ZYTL-BISUN-01,3
CN,2605,WQG,BISUN,B451,CN-2605-ZYTX-BISUN-01,ZYTX-BISUN-01,3
CN,2605,WQG,LJB,G341,CN-2605-BISUN-AGAVO,BISUN-AGAVO,2
CN,2605,WQG,LJB,G341,CN-2605-BISUN-ZBTJ-01,BISUN-ZBTJ-01,2
CN,2605,WQG,LJB,G341,CN-2605-BISUN-ZHCC-01,BISUN-ZHCC-01,2
CN,2605,WQG,LJB,G341,CN-2605-BISUN-ZHHH-01,BISUN-ZHHH-01,2
CN,2605,WQG,LJB,G341,CN-2605-BISUN-ZSPD-01,BISUN-ZSPD-01,2
CN,2605,WQG,LJB,G341,CN-2605-BISUN-ZYCC-01,BISUN-ZYCC-01,2
CN,2605,WQG,LJB,G341,CN-2605-BISUN-ZYTL-01,BISUN-ZYTL-01,2
CN,2605,WQG,LJB,G341,CN-2605-BISUN-ZYTX-01,BISUN-ZYTX-01,2
CN,2605,WQG,TGO,G341,CN-2605-BISUN-LINSO,BISUN-LINSO,2
CN,2605,WQG,TGO,G341,CN-2605-BISUN-SAGAG,BISUN-SAGAG,2
CN,2605,WQG,TGO,G341,CN-2605-BISUN-TEBAK,BISUN-TEBAK,2
CN,2605,WQG,TGO,G341,CN-2605-BISUN-VHHH,BISUN-VHHH,2
CN,2605,WQG,TGO,G341,CN-2605-BISUN-VMMC,BISUN-VMMC,2
CN,2605,WQG,TGO,G341,CN-2605-BISUN-ZBAA-01,BISUN-ZBAA-01,2
CN,2605,WQG,TGO,G341,CN-2605-BISUN-ZBAD-01,BISUN-ZBAD-01,2
CN,2605,WQG,TGO,G341,CN-2605-BISUN-ZGHA-01,BISUN-ZGHA-01,2
CN,2605,WQG,TGO,G341,CN-2605-BISUN-ZGSZ-01,BISUN-ZGSZ-01,2
CN,2605,WQG,TGO,G341,CN-2605-BISUN-ZJSY-01,BISUN-ZJSY-01,2
CN,2605,WQG,TGO,G341,CN-2605-BISUN-ZSNJ-01,BISUN-ZSNJ-01,2
CN,2605,WUR,ADPET,W190,CN-2605-ZWWW-AGAVO-01,ZWWW-AGAVO-01,1
CN,2605,WUR,ADPET,W190,CN-2605-ZWWW-GOPTO-01,ZWWW-GOPTO-01,1
CN,2605,WUR,ADPET,W190,CN-2605-ZWWW-MORIT-01,ZWWW-MORIT-01,1
CN,2605,WUR,ADPET,W190,CN-2605-ZWWW-RCTP-01,ZWWW-RCTP-01,1
CN,2605,WUR,ADPET,W190,CN-2605-ZWWW-SAGAG-01,ZWWW-SAGAG-01,1
CN,2605,WUR,ADPET,W190,CN-2605-ZWWW-SAGAG-02,ZWWW-SAGAG-02,1
CN,2605,WUR,ADPET,W190,CN-2605-ZWWW-VHHH-01,ZWWW-VHHH-01,1
CN,2605,WUR,ADPET,W190,CN-2605-ZWWW-VHHH-02,ZWWW-VHHH-02,1
CN,2605,WUR,ADPET,W190,CN-2605-ZWWW-VMMC-01,ZWWW-VMMC-01,1
CN,2605,WUR,MULOR,W190,CN-2605-ZWWW-TEBUS-01,ZWWW-TEBUS-01,1
CN,2605,WUR,VARMI,W190,CN-2605-ZWWW-SARIN-01,ZWWW-SARIN-01,1
CN,2605,WUY,ABTUD,R343,CN-2605-TEBAK-ZSCN-01,TEBAK-ZSCN-01,2
CN,2605,WUY,AVNEL,R343,CN-2605-TEBAK-ZGHA-01,TEBAK-ZGHA-01,2
CN,2605,WUY,BHY,R339,CN-2605-TEBAK-ZGZJ-01,TEBAK-ZGZJ-01,2
CN,2605,WUY,BHY,R339,CN-2605-TEBAK-ZJHK-01,TEBAK-ZJHK-01,2
CN,2605,WUY,BHY,R339,CN-2605-TEBAK-ZJSY-01,TEBAK-ZJSY-01,2
CN,2605,WUY,GOSMA,R343,CN-2605-TEBAK-AGAVO,TEBAK-AGAVO,2
CN,2605,WUY,GOSMA,R343,CN-2605-TEBAK-ARGUK,TEBAK-ARGUK,2
CN,2605,WUY,GOSMA,R343,CN-2605-TEBAK-BISUN,TEBAK-BISUN,2
CN,2605,WUY,GOSMA,R343,CN-2605-TEBAK-GOLOT,TEBAK-GOLOT,2
CN,2605,WUY,GOSMA,R343,CN-2605-TEBAK-INTIK,TEBAK-INTIK,2
CN,2605,WUY,GOSMA,R343,CN-2605-TEBAK-NIXAL,TEBAK-NIXAL,2
CN,2605,WUY,GOSMA,R343,CN-2605-TEBAK-TOMUK,TEBAK-TOMUK,2
CN,2605,WUY,GOSMA,R343,CN-2605-TEBAK-WHA-SADLI,TEBAK-WHA-SADLI,2
CN,2605,WUY,GOSMA,R343,CN-2605-TEBAK-ZBAA-01,TEBAK-ZBAA-01,2
CN,2605,WUY,GOSMA,R343,CN-2605-TEBAK-ZBAD-01,TEBAK-ZBAD-01,2
CN,2605,WUY,GOSMA,R343,CN-2605-TEBAK-ZBHH-01,TEBAK-ZBHH-01,2
CN,2605,WUY,GOSMA,R343,CN-2605-TEBAK-ZBLA-01,TEBAK-ZBLA-01,2
CN,2605,WUY,GOSMA,R343,CN-2605-TEBAK-ZBSJ-01,TEBAK-ZBSJ-01,2
CN,2605,WUY,GOSMA,R343,CN-2605-TEBAK-ZBTJ-01,TEBAK-ZBTJ-01,2
CN,2605,WUY,GOSMA,R343,CN-2605-TEBAK-ZBYN-01,TEBAK-ZBYN-01,2
CN,2605,WUY,GOSMA,R343,CN-2605-TEBAK-ZHCC-01,TEBAK-ZHCC-01,2
CN,2605,WUY,GOSMA,R343,CN-2605-TEBAK-ZHEC-01,TEBAK-ZHEC-01,2
CN,2605,WUY,GOSMA,R343,CN-2605-TEBAK-ZHHH-01,TEBAK-ZHHH-01,2
CN,2605,WUY,GOSMA,R343,CN-2605-TEBAK-ZLIC-01,TEBAK-ZLIC-01,2
CN,2605,WUY,GOSMA,R343,CN-2605-TEBAK-ZSJN-01,TEBAK-ZSJN-01,2
CN,2605,WUY,GOSMA,R343,CN-2605-TEBAK-ZSLY-01,TEBAK-ZSLY-01,2
CN,2605,WUY,GOSMA,R343,CN-2605-TEBAK-ZSNJ-01,TEBAK-ZSNJ-01,2
CN,2605,WUY,GOSMA,R343,CN-2605-TEBAK-ZSNT-01,TEBAK-ZSNT-01,2
CN,2605,WUY,GOSMA,R343,CN-2605-TEBAK-ZSOF-01,TEBAK-ZSOF-01,2
CN,2605,WUY,GOSMA,R343,CN-2605-TEBAK-ZSPD-01,TEBAK-ZSPD-01,2
CN,2605,WUY,GOSMA,R343,CN-2605-TEBAK-ZSQD-01,TEBAK-ZSQD-01,2
CN,2605,WUY,GOSMA,R343,CN-2605-TEBAK-ZSQD-02,TEBAK-ZSQD-02,2
CN,2605,WUY,GOSMA,R343,CN-2605-TEBAK-ZSSH-01,TEBAK-ZSSH-01,2
CN,2605,WUY,GOSMA,R343,CN-2605-TEBAK-ZSSS-01,TEBAK-ZSSS-01,2
CN,2605,WUY,GOSMA,R343,CN-2605-TEBAK-ZSXZ-01,TEBAK-ZSXZ-01,2
CN,2605,WUY,GOSMA,R343,CN-2605-TEBAK-ZSYA-01,TEBAK-ZSYA-01,2
CN,2605,WUY,GOSMA,R343,CN-2605-TEBAK-ZYCC-01,TEBAK-ZYCC-01,2
CN,2605,WUY,GOSMA,R343,CN-2605-TEBAK-ZYHB-01,TEBAK-ZYHB-01,2
CN,2605,WUY,GOSMA,R343,CN-2605-TEBAK-ZYTL-01,TEBAK-ZYTL-01,2
CN,2605,WUY,GOSMA,R343,CN-2605-TEBAK-ZYTX-01,TEBAK-ZYTX-01,2
CN,2605,WUY,LBN,R343,CN-2605-TEBAK-GOPTO,TEBAK-GOPTO,2
CN,2605,WUY,LBN,R343,CN-2605-TEBAK-SARIN,TEBAK-SARIN,2
CN,2605,WUY,LBN,R343,CN-2605-TEBAK-ZGKL-01,TEBAK-ZGKL-01,2
CN,2605,WUY,LBN,R343,CN-2605-TEBAK-ZUGY-01,TEBAK-ZUGY-01,2
CN,2605,WUY,LLC,R343,CN-2605-TEBAK-ZGDY-01,TEBAK-ZGDY-01,2
CN,2605,WUY,TEBAK,R474,CN-2605-AGAVO-TEBAK,AGAVO-TEBAK,12
CN,2605,WUY,TEBAK,R474,CN-2605-BISUN-TEBAK,BISUN-TEBAK,7
CN,2605,WUY,TEBAK,R474,CN-2605-GOLOT-TEBAK,GOLOT-TEBAK,8
CN,2605,WUY,TEBAK,R474,CN-2605-GOPTO-TEBAK,GOPTO-TEBAK,7
CN,2605,WUY,TEBAK,R474,CN-2605-INTIK-TEBAK,INTIK-TEBAK,5
CN,2605,WUY,TEBAK,R474,CN-2605-MAGIT-TEBAK,MAGIT-TEBAK,6
CN,2605,WUY,TEBAK,R474,CN-2605-NIXAL-TEBAK,NIXAL-TEBAK,4
CN,2605,WUY,TEBAK,R474,CN-2605-SADLI-WHA-TEBAK,SADLI-WHA-TEBAK,10
CN,2605,WUY,TEBAK,R474,CN-2605-SARIN-G470-TEBAK,SARIN-G470-TEBAK,8
CN,2605,WUY,TEBAK,R474,CN-2605-SIKOU-TEBAK,SIKOU-TEBAK,2
CN,2605,WUY,TEBAK,R474,CN-2605-TOMUK-TEBAK,TOMUK-TEBAK,8
CN,2605,WUY,TEBAK,R474,CN-2605-VMMC-TEBAK,VMMC-TEBAK,3
CN,2605,WUY,TEBAK,R474,CN-2605-ZBAD-TEBAK-01,ZBAD-TEBAK-01,4
CN,2605,WUY,TEBAK,R474,CN-2605-ZBTJ-TEBAK-01,ZBTJ-TEBAK-01,4
CN,2605,WUY,TEBAK,R474,CN-2605-ZGDY-TEBAK-01,ZGDY-TEBAK-01,3
CN,2605,WUY,TEBAK,R474,CN-2605-ZGGG-TEBAK-01,ZGGG-TEBAK-01,4
CN,2605,WUY,TEBAK,R474,CN-2605-ZGHA-TEBAK-01,ZGHA-TEBAK-01,2
CN,2605,WUY,TEBAK,R474,CN-2605-ZGKL-TEBAK-01,ZGKL-TEBAK-01,3
CN,2605,WUY,TEBAK,R474,CN-2605-ZGSZ-TEBAK-01,ZGSZ-TEBAK-01,4
CN,2605,WUY,TEBAK,R474,CN-2605-ZGZJ-TEBAK-01,ZGZJ-TEBAK-01,2
CN,2605,WUY,TEBAK,R474,CN-2605-ZHCC-TEBAK-01,ZHCC-TEBAK-01,4
CN,2605,WUY,TEBAK,R474,CN-2605-ZJHK-TEBAK-01,ZJHK-TEBAK-01,3
CN,2605,WUY,TEBAK,R474,CN-2605-ZJSY-TEBAK-01,ZJSY-TEBAK-01,5
CN,2605,WUY,TEBAK,R474,CN-2605-ZSAM-TEBAK-01,ZSAM-TEBAK-01,5
CN,2605,WUY,TEBAK,R474,CN-2605-ZSCN-TEBAK-01,ZSCN-TEBAK-01,3
CN,2605,WUY,TEBAK,R474,CN-2605-ZSJN-TEBAK-01,ZSJN-TEBAK-01,5
CN,2605,WUY,TEBAK,R474,CN-2605-ZSLY-TEBAK-01,ZSLY-TEBAK-01,10
CN,2605,WUY,TEBAK,R474,CN-2605-ZSNJ-TEBAK-01,ZSNJ-TEBAK-01,6
CN,2605,WUY,TEBAK,R474,CN-2605-ZSNT-TEBAK-01,ZSNT-TEBAK-01,12
CN,2605,WUY,TEBAK,R474,CN-2605-ZSOF-TEBAK-01,ZSOF-TEBAK-01,6
CN,2605,WUY,TEBAK,R474,CN-2605-ZSPD-TEBAK-01,ZSPD-TEBAK-01,11
CN,2605,WUY,TEBAK,R474,CN-2605-ZSSH-TEBAK-01,ZSSH-TEBAK-01,12
CN,2605,WUY,TEBAK,R474,CN-2605-ZSSS-TEBAK-01,ZSSS-TEBAK-01,11
CN,2605,WUY,TEBAK,R474,CN-2605-ZSXZ-TEBAK-01,ZSXZ-TEBAK-01,7
CN,2605,WUY,TEBAK,R474,CN-2605-ZSYA-TEBAK-01,ZSYA-TEBAK-01,11
CN,2605,WUY,TEBAK,R474,CN-2605-ZUGY-TEBAK-01,ZUGY-TEBAK-01,5
CN,2605,WXI,SUNOK,W59,CN-2605-BEKOL-ZSYT-01,BEKOL-ZSYT-01,4
CN,2605,WXI,SUNOK,W59,CN-2605-BEKOL-ZYTL-01,BEKOL-ZYTL-01,4
CN,2605,WXI,SUNOK,W59,CN-2605-LINSO-AGAVO,LINSO-AGAVO,5
CN,2605,WXI,SUNOK,W59,CN-2605-LINSO-ZSQD-01,LINSO-ZSQD-01,5
CN,2605,WXI,SUNOK,W59,CN-2605-LINSO-ZSQD-02,LINSO-ZSQD-02,8
CN,2605,WXI,SUNOK,W59,CN-2605-LINSO-ZSYT-01,LINSO-ZSYT-01,5
CN,2605,WXI,SUNOK,W59,CN-2605-RKL-AGAVO,RKL-AGAVO,29
CN,2605,WXI,SUNOK,W59,CN-2605-TEBAK-ZSQD-01,TEBAK-ZSQD-01,6
CN,2605,WXI,SUNOK,W59,CN-2605-TEBAK-ZSQD-02,TEBAK-ZSQD-02,6
CN,2605,WXI,SUNOK,W59,CN-2605-TEBAK-ZYTL-01,TEBAK-ZYTL-01,6
CN,2605,WXI,SUNOK,W59,CN-2605-VHHH-ZYTL-01,VHHH-ZYTL-01,4
CN,2605,WXI,SUNOK,W59,CN-2605-ZGHA-AGAVO-01,ZGHA-AGAVO-01,3
CN,2605,WXI,SUNOK,W59,CN-2605-ZHCC-AGAVO-01,ZHCC-AGAVO-01,3
CN,2605,WXI,SUNOK,W59,CN-2605-ZHEC-AGAVO-01,ZHEC-AGAVO-01,3
CN,2605,WXI,SUNOK,W59,CN-2605-ZHHH-AGAVO-01,ZHHH-AGAVO-01,3
CN,2605,WXI,SUNOK,W59,CN-2605-ZPPP-AGAVO-01,ZPPP-AGAVO-01,5
CN,2605,WXI,SUNOK,W59,CN-2605-ZUGY-AGAVO-01,ZUGY-AGAVO-01,6
CN,2605,WXI,UBSIS,W59,CN-2605-BEKOL-ZSJN-01,BEKOL-ZSJN-01,4
CN,2605,WXI,UBSIS,W59,CN-2605-LINSO-ZSJN-01,LINSO-ZSJN-01,5
CN,2605,WXI,UBSIS,W59,CN-2605-SAGAG-ZSJN-01,SAGAG-ZSJN-01,8
CN,2605,WXI,UBSIS,W59,CN-2605-TEBAK-ZSJN-01,TEBAK-ZSJN-01,6
CN,2605,WXI,UBSIS,W59,CN-2605-VHHH-ZSJN-01,VHHH-ZSJN-01,4
CN,2605,WYN,NLG,W18,CN-2605-BISUN-VHHH,BISUN-VHHH,6
CN,2605,WYN,NLG,W18,CN-2605-INTIK-VHHH,INTIK-VHHH,5
CN,2605,WYN,NLG,W18,CN-2605-MAGIT-VHHH,MAGIT-VHHH,5
CN,2605,WYN,NLG,W18,CN-2605-MN-VHHH,MN-VHHH,10
CN,2605,WYN,NLG,W18,CN-2605-MPSMS-VHHH,MPSMS-VHHH,5
CN,2605,WYN,NLG,W18,CN-2605-MPSMS-VHHH,MPSMS-VHHH,13
CN,2605,WYN,NLG,W18,CN-2605-MPSMS-VHHH,MPSMS-VHHH,21
CN,2605,WYN,NLG,W18,CN-2605-NIXAL-VHHH,NIXAL-VHHH,5
CN,2605,WYN,NLG,W18,CN-2605-POLHO-VHHH,POLHO-VHHH,5
CN,2605,WYN,NLG,W18,CN-2605-SGMN-G470-VHHH,SGMN-G470-VHHH,30
CN,2605,WYN,NLG,W18,CN-2605-SGMN-VHHH,SGMN-VHHH,29
CN,2605,WYN,NLG,W18,CN-2605-SGMRN-G470-VHHH,SGMRN-G470-VHHH,40
CN,2605,WYN,NLG,W18,CN-2605-SGMRN-G470/L888-VHHH,SGMRN-G470/L888-VHHH,40
CN,2605,WYN,NLG,W18,CN-2605-SGMRN-G470/Y1-VHHH,SGMRN-G470/Y1-VHHH,39
CN,2605,WYN,NLG,W18,CN-2605-SIMLI-VHHH,SIMLI-VHHH,5
CN,2605,WYN,NLG,W18,CN-2605-ZBAA-VHHH-01,ZBAA-VHHH-01,5
CN,2605,WYN,NLG,W18,CN-2605-ZBAD-VHHH-01,ZBAD-VHHH-01,3
CN,2605,WYN,NLG,W18,CN-2605-ZBDS-VHHH-01,ZBDS-VHHH-01,8
CN,2605,WYN,NLG,W18,CN-2605-ZBDT-VHHH-01,ZBDT-VHHH-01,8
CN,2605,WYN,NLG,W18,CN-2605-ZBHH-VHHH-01,ZBHH-VHHH-01,6
CN,2605,WYN,NLG,W18,CN-2605-ZBLA-VHHH-01,ZBLA-VHHH-01,6
CN,2605,WYN,NLG,W18,CN-2605-ZBSJ-VHHH-01,ZBSJ-VHHH-01,4
CN,2605,WYN,NLG,W18,CN-2605-ZBTJ-VHHH-01,ZBTJ-VHHH-01,3
CN,2605,WYN,NLG,W18,CN-2605-ZBYN-VHHH-01,ZBYN-VHHH-01,8
CN,2605,WYN,NLG,W18,CN-2605-ZGHA-VHHH-01,ZGHA-VHHH-01,3
CN,2605,WYN,NLG,W18,CN-2605-ZHCC-VHHH-01,ZHCC-VHHH-01,3
CN,2605,WYN,NLG,W18,CN-2605-ZHEC-VHHH-01,ZHEC-VHHH-01,3
CN,2605,WYN,NLG,W18,CN-2605-ZHHH-VHHH-01,ZHHH-VHHH-01,3
CN,2605,WYN,NLG,W18,CN-2605-ZSJN-VHHH-01,ZSJN-VHHH-01,4
CN,2605,WYN,NLG,W18,CN-2605-ZSOF-VHHH-01,ZSOF-VHHH-01,5
CN,2605,WYN,NLG,W18,CN-2605-ZYCC-VHHH-01,ZYCC-VHHH-01,5
CN,2605,WYN,NLG,W18,CN-2605-ZYHB-VHHH-01,ZYHB-VHHH-01,5
CN,2605,WYN,NLG,W18,CN-2605-ZYTL-VHHH-01,ZYTL-VHHH-01,5
CN,2605,WYN,NLG,W18,CN-2605-ZYTX-VHHH-01,ZYTX-VHHH-01,6
CN,2605,WYN,TAMOT,W18,CN-2605-INTIK-TAMOT,INTIK-TAMOT,5
CN,2605,WYN,TAMOT,W18,CN-2605-MAGIT-TAMOT,MAGIT-TAMOT,5
CN,2605,WYN,TAMOT,W18,CN-2605-MAGIT-ZJSY-01,MAGIT-ZJSY-01,5
CN,2605,WYN,TAMOT,W18,CN-2605-MN-TAMOT,MN-TAMOT,10
CN,2605,WYN,TAMOT,W18,CN-2605-MPSMS-TAMOT,MPSMS-TAMOT,5
CN,2605,WYN,TAMOT,W18,CN-2605-MPSMS-TAMOT,MPSMS-TAMOT,11
CN,2605,WYN,TAMOT,W18,CN-2605-MPSMS-TAMOT,MPSMS-TAMOT,17
CN,2605,WYN,TAMOT,W18,CN-2605-NIXAL-TAMOT,NIXAL-TAMOT,5
CN,2605,WYN,TAMOT,W18,CN-2605-POLHO-ZJSY-01,POLHO-ZJSY-01,5
CN,2605,WYN,TAMOT,W18,CN-2605-SGMN-G470-TAMOT,SGMN-G470-TAMOT,30
CN,2605,WYN,TAMOT,W18,CN-2605-SGMN-TAMOT,SGMN-TAMOT,26
CN,2605,WYN,TAMOT,W18,CN-2605-SGMRN-G470-TAMOT,SGMRN-G470-TAMOT,40
CN,2605,WYN,TAMOT,W18,CN-2605-SGMRN-G470/L888-TAMOT,SGMRN-G470/L888-TAMOT,40
CN,2605,WYN,TAMOT,W18,CN-2605-SGMRN-G470/Y1-TAMOT,SGMRN-G470/Y1-TAMOT,39
CN,2605,WYN,TAMOT,W18,CN-2605-SIMLI-TAMOT,SIMLI-TAMOT,5
CN,2605,WYN,TAMOT,W18,CN-2605-SIMLI-ZJSY-01,SIMLI-ZJSY-01,5
CN,2605,WYN,TAMOT,W18,CN-2605-TOMUK-TAMOT,TOMUK-TAMOT,7
CN,2605,WYN,TAMOT,W18,CN-2605-ZBAA-TAMOT-01,ZBAA-TAMOT-01,5
CN,2605,WYN,TAMOT,W18,CN-2605-ZBAD-TAMOT-01,ZBAD-TAMOT-01,3
CN,2605,WYN,TAMOT,W18,CN-2605-ZBHH-TAMOT-01,ZBHH-TAMOT-01,6
CN,2605,WYN,TAMOT,W18,CN-2605-ZBSJ-TAMOT-01,ZBSJ-TAMOT-01,4
CN,2605,WYN,TAMOT,W18,CN-2605-ZBTJ-TAMOT-01,ZBTJ-TAMOT-01,3
CN,2605,WYN,TAMOT,W18,CN-2605-ZBYN-TAMOT-01,ZBYN-TAMOT-01,8
CN,2605,WYN,TAMOT,W18,CN-2605-ZGHA-RCKH-01,ZGHA-RCKH-01,3
CN,2605,WYN,TAMOT,W18,CN-2605-ZGHA-RCTP-01,ZGHA-RCTP-01,3
CN,2605,WYN,TAMOT,W18,CN-2605-ZGHA-RCYU-01,ZGHA-RCYU-01,3
CN,2605,WYN,TAMOT,W18,CN-2605-ZGHA-TAMOT-01,ZGHA-TAMOT-01,3
CN,2605,WYN,TAMOT,W18,CN-2605-ZHCC-TAMOT-01,ZHCC-TAMOT-01,3
CN,2605,WYN,TAMOT,W18,CN-2605-ZHEC-TAMOT-01,ZHEC-TAMOT-01,3
CN,2605,WYN,TAMOT,W18,CN-2605-ZHHH-RCKH-02,ZHHH-RCKH-02,3
CN,2605,WYN,TAMOT,W18,CN-2605-ZHHH-RCQC-01,ZHHH-RCQC-01,3
CN,2605,WYN,TAMOT,W18,CN-2605-ZHHH-TAMOT-01,ZHHH-TAMOT-01,3
CN,2605,WYN,TAMOT,W18,CN-2605-ZSJN-TAMOT-01,ZSJN-TAMOT-01,4
CN,2605,WYN,TAMOT,W18,CN-2605-ZSLY-TAMOT-01,ZSLY-TAMOT-01,9
CN,2605,WYN,TAMOT,W18,CN-2605-ZSOF-TAMOT-01,ZSOF-TAMOT-01,5
CN,2605,WYN,TAMOT,W18,CN-2605-ZSSH-TAMOT-01,ZSSH-TAMOT-01,11
CN,2605,WYN,TAMOT,W18,CN-2605-ZYCC-TAMOT-01,ZYCC-TAMOT-01,5
CN,2605,WYN,TAMOT,W18,CN-2605-ZYHB-TAMOT-01,ZYHB-TAMOT-01,5
CN,2605,WYN,TAMOT,W18,CN-2605-ZYTL-TAMOT-01,ZYTL-TAMOT-01,5
CN,2605,WYN,TAMOT,W18,CN-2605-ZYTX-TAMOT-01,ZYTX-TAMOT-01,6
CN,2605,XDX,FD,W174,CN-2605-VHHH-ZYTL-02,VHHH-ZYTL-02,6
CN,2605,XDX,FD,W174,CN-2605-VHHH-ZYTL-03,VHHH-ZYTL-03,4
CN,2605,XEREN,TEBAK,R474,CN-2605-ZGNN-TEBAK-01,ZGNN-TEBAK-01,1
CN,2605,XFA,SAGAG,A581,CN-2605-ZBAA-SAGAG-01,ZBAA-SAGAG-01,4
CN,2605,XFA,SAGAG,A581,CN-2605-ZBHH-SAGAG-01,ZBHH-SAGAG-01,4
CN,2605,XFA,SAGAG,A581,CN-2605-ZBOW-SAGAG-01,ZBOW-SAGAG-01,6
CN,2605,XFA,SAGAG,A581,CN-2605-ZBSJ-SAGAG-01,ZBSJ-SAGAG-01,4
CN,2605,XFA,SAGAG,A581,CN-2605-ZBYN-SAGAG-02,ZBYN-SAGAG-02,3
CN,2605,XFA,SAGAG,A581,CN-2605-ZSJN-SAGAG-01,ZSJN-SAGAG-01,6
CN,2605,XFA,SAGAG,A581,CN-2605-ZSYT-SAGAG-01,ZSYT-SAGAG-01,6
CN,2605,XFA,SAGAG,A581,CN-2605-ZUCK-SAGAG-01,ZUCK-SAGAG-01,2
CN,2605,XFA,SGM,A581,CN-2605-ZBAA-LINSO-01,ZBAA-LINSO-01,4
CN,2605,XFA,SGM,A581,CN-2605-ZBAD-LINSO-02,ZBAD-LINSO-02,5
CN,2605,XFA,SGM,A581,CN-2605-ZBTJ-LINSO-02,ZBTJ-LINSO-02,4
CN,2605,XFA,SGM,A581,CN-2605-ZBYN-LINSO-02,ZBYN-LINSO-02,3
CN,2605,XFA,SGM,A581,CN-2605-ZSQD-LINSO-02,ZSQD-LINSO-02,8
CN,2605,XFA,SGM,A581,CN-2605-ZUCK-KATBO-01,ZUCK-KATBO-01,2
CN,2605,XFA,SGM,A581,CN-2605-ZUCK-LINSO-01,ZUCK-LINSO-01,2
CN,2605,XFG,APESU,W213,CN-2605-ZLXY-AGVUT-01R,ZLXY-AGVUT-01R,3
CN,2605,XFG,APESU,W213,CN-2605-ZLXY-KAMUD-01,ZLXY-KAMUD-01,3
CN,2605,XFG,APESU,W213,CN-2605-ZLXY-KAMUD-02,ZLXY-KAMUD-02,3
CN,2605,XFG,APESU,W213,CN-2605-ZLXY-MORIT-01,ZLXY-MORIT-01,3
CN,2605,XFG,APESU,W213,CN-2605-ZLXY-OGIGI-01,ZLXY-OGIGI-01,3
CN,2605,XFG,APESU,W213,CN-2605-ZLXY-RULAD-01,ZLXY-RULAD-01,3
CN,2605,XFG,APESU,W213,CN-2605-ZLXY-RULAD-02,ZLXY-RULAD-02,3
CN,2605,XFG,APESU,W213,CN-2605-ZLXY-SARIN-01,ZLXY-SARIN-01,3
CN,2605,XFG,APESU,W213,CN-2605-ZLXY-SARIN-02,ZLXY-SARIN-02,3
CN,2605,XIREM,NTG,W591,CN-2605-LAMEN-ZSNT-01,LAMEN-ZSNT-01,3
CN,2605,XIREM,NTG,W591,CN-2605-MAGOG-ZSNT-01,MAGOG-ZSNT-01,6
CN,2605,XIREM,NTG,W591,CN-2605-RCTP-ZSNT-01,RCTP-ZSNT-01,6
CN,2605,XIREM,NTG,W591,CN-2605-VHHH-ZSNT-01,VHHH-ZSNT-01,6
CN,2605,XIREM,NTG,W591,CN-2605-VMMC-ZSNT-01,VMMC-ZSNT-01,6
CN,2605,XIREM,PK,G330,CN-2605-ZSNT-LAMEN-01,ZSNT-LAMEN-01,2
CN,2605,XIREM,PK,G330,CN-2605-ZSNT-MAGOG-01,ZSNT-MAGOG-01,2
CN,2605,XIREM,PK,G330,CN-2605-ZSNT-RCTP-01,ZSNT-RCTP-01,2
CN,2605,XIREM,PK,G330,CN-2605-ZSNT-VHHH-01,ZSNT-VHHH-01,2
CN,2605,XIREM,PK,G330,CN-2605-ZSNT-VMMC-01,ZSNT-VMMC-01,2
CN,2605,XISLI,SAGAG,A581,CN-2605-BISUN-SAGAG,BISUN-SAGAG,8
CN,2605,XISLI,SAGAG,A581,CN-2605-SADLI-SAGAG,SADLI-SAGAG,9
CN,2605,XISLI,SAGAG,A581,CN-2605-ZBTJ-SAGAG-01,ZBTJ-SAGAG-01,5
CN,2605,XISLI,SAGAG,A581,CN-2605-ZHHH-SAGAG-01,ZHHH-SAGAG-01,3
CN,2605,XISLI,SAGAG,A581,CN-2605-ZSNJ-SAGAG-01,ZSNJ-SAGAG-01,5
CN,2605,XISLI,SAGAG,A581,CN-2605-ZSOF-SAGAG-01,ZSOF-SAGAG-01,5
CN,2605,XISLI,SAGAG,A581,CN-2605-ZUGY-SAGAG-01,ZUGY-SAGAG-01,3
CN,2605,XISLI,SGM,A581,CN-2605-AGAVO-LINSO,AGAVO-LINSO,7
CN,2605,XISLI,SGM,A581,CN-2605-AGAVO-RKL,AGAVO-RKL,33
CN,2605,XISLI,SGM,A581,CN-2605-BEKOL-G470-SRKL,BEKOL-G470-SRKL,52
CN,2605,XISLI,SGM,A581,CN-2605-BEKOL-G470-SRL,BEKOL-G470-SRL,37
CN,2605,XISLI,SGM,A581,CN-2605-BEKOL-G470/L888-SRKL,BEKOL-G470/L888-SRKL,41
CN,2605,XISLI,SGM,A581,CN-2605-BEKOL-G470/L888-SRL,BEKOL-G470/L888-SRL,32
CN,2605,XISLI,SGM,A581,CN-2605-BEKOL-G470/Y1-SRKL,BEKOL-G470/Y1-SRKL,41
CN,2605,XISLI,SGM,A581,CN-2605-BEKOL-G470/Y1-SRL,BEKOL-G470/Y1-SRL,32
CN,2605,XISLI,SGM,A581,CN-2605-BEKOL-SRKL,BEKOL-SRKL,44
CN,2605,XISLI,SGM,A581,CN-2605-BEKOL-SRL,BEKOL-SRL,32
CN,2605,XISLI,SGM,A581,CN-2605-BISUN-LINSO,BISUN-LINSO,8
CN,2605,XISLI,SGM,A581,CN-2605-SADLI-WHA-LINSO,SADLI-WHA-LINSO,9
CN,2605,XISLI,SGM,A581,CN-2605-ZBAD-LINSO-01,ZBAD-LINSO-01,5
CN,2605,XISLI,SGM,A581,CN-2605-ZBTJ-LINSO-01,ZBTJ-LINSO-01,5
CN,2605,XISLI,SGM,A581,CN-2605-ZGDY-KATBO-01,ZGDY-KATBO-01,4
CN,2605,XISLI,SGM,A581,CN-2605-ZGHA-LINSO-01,ZGHA-LINSO-01,7
CN,2605,XISLI,SGM,A581,CN-2605-ZHCC-LINSO-01,ZHCC-LINSO-01,5
CN,2605,XISLI,SGM,A581,CN-2605-ZHEC-LINSO-01,ZHEC-LINSO-01,3
CN,2605,XISLI,SGM,A581,CN-2605-ZHHH-LINSO-01,ZHHH-LINSO-01,3
CN,2605,XISLI,SGM,A581,CN-2605-ZSCN-LINSO-01,ZSCN-LINSO-01,5
CN,2605,XISLI,SGM,A581,CN-2605-ZSHC-LINSO-01,ZSHC-LINSO-01,10
CN,2605,XISLI,SGM,A581,CN-2605-ZSJN-LINSO-01,ZSJN-LINSO-01,6
CN,2605,XISLI,SGM,A581,CN-2605-ZSNB-LINSO-01,ZSNB-LINSO-01,13
CN,2605,XISLI,SGM,A581,CN-2605-ZSNJ-LINSO-01,ZSNJ-LINSO-01,5
CN,2605,XISLI,SGM,A581,CN-2605-ZSNT-LINSO-01,ZSNT-LINSO-01,11
CN,2605,XISLI,SGM,A581,CN-2605-ZSOF-LINSO-01,ZSOF-LINSO-01,5
CN,2605,XISLI,SGM,A581,CN-2605-ZSPD-LINSO-01,ZSPD-LINSO-01,10
CN,2605,XISLI,SGM,A581,CN-2605-ZSQD-LINSO-01,ZSQD-LINSO-01,8
CN,2605,XISLI,SGM,A581,CN-2605-ZSSS-LINSO-01,ZSSS-LINSO-01,10
CN,2605,XISLI,SGM,A581,CN-2605-ZSXZ-LINSO-01,ZSXZ-LINSO-01,6
CN,2605,XISLI,SGM,A581,CN-2605-ZSYA-LINSO-01,ZSYA-LINSO-01,10
CN,2605,XISLI,SGM,A581,CN-2605-ZSYT-LINSO-01,ZSYT-LINSO-01,6
CN,2605,XISLI,SGM,A581,CN-2605-ZUGY-KATBO-01,ZUGY-KATBO-01,3
CN,2605,XISLI,SGM,A581,CN-2605-ZUGY-LINSO-01,ZUGY-LINSO-01,3
CN,2605,XKC,BIDRU,L888,CN-2605-RULAD-L888-SAGAG,RULAD-L888-SAGAG,2
CN,2605,XKC,BIGOR,L888,CN-2605-RULAD-L888-TAMOT,RULAD-L888-TAMOT,2
CN,2605,XKC,BIGOR,L888,CN-2605-RULAD-L888-VHHH,RULAD-L888-VHHH,2
CN,2605,XKC,BIGOR,L888,CN-2605-SGMRK-G470/L888-TAMOT,SGMRK-G470/L888-TAMOT,27
CN,2605,XKC,BIGOR,L888,CN-2605-SGMRK-G470/L888-VHHH,SGMRK-G470/L888-VHHH,27
CN,2605,XKC,BIGOR,L888,CN-2605-SGMRN-G470/L888-TAMOT,SGMRN-G470/L888-TAMOT,27
CN,2605,XKC,BIGOR,L888,CN-2605-SGMRN-G470/L888-VHHH,SGMRN-G470/L888-VHHH,27
CN,2605,XKC,BIGOR,L888,CN-2605-SRK-L888-TAMOT,SRK-L888-TAMOT,11
CN,2605,XKC,BIGOR,L888,CN-2605-SRK-L888-VHHH,SRK-L888-VHHH,11
CN,2605,XKC,BIGOR,L888,CN-2605-SRKL-L888-VHHH,SRKL-L888-VHHH,10
CN,2605,XKC,BIGOR,L888,CN-2605-SRKL-W191/L888-TAMOT,SRKL-W191/L888-TAMOT,11
CN,2605,XKC,BIGOR,L888,CN-2605-SRKL-W191/L888-VHHH,SRKL-W191/L888-VHHH,11
CN,2605,XKC,BIGOR,L888,CN-2605-SRL-L888-VHHH,SRL-L888-VHHH,10
CN,2605,XKC,BIGOR,L888,CN-2605-SRL-W191/L888-TAMOT,SRL-W191/L888-TAMOT,11
CN,2605,XKC,BIGOR,L888,CN-2605-SRL-W191/L888-VHHH,SRL-W191/L888-VHHH,11
CN,2605,XKC,EPDAG,B215,CN-2605-KAMUD-ZWWW-01,KAMUD-ZWWW-01,2
CN,2605,XKC,EPDAG,B215,CN-2605-RULAD-ZWWW-01,RULAD-ZWWW-01,2
CN,2605,XKC,FKG,B215,CN-2605-KAMUD-AGAVO,KAMUD-AGAVO,2
CN,2605,XKC,FKG,B215,CN-2605-KAMUD-G470-TAMOT,KAMUD-G470-TAMOT,2
CN,2605,XKC,FKG,B215,CN-2605-KAMUD-G470-VHHH,KAMUD-G470-VHHH,2
CN,2605,XKC,FKG,B215,CN-2605-KAMUD-TAMOT,KAMUD-TAMOT,2
CN,2605,XKC,FKG,B215,CN-2605-KAMUD-VHHH,KAMUD-VHHH,2
CN,2605,XKC,FKG,B215,CN-2605-KAMUD-ZBAA-01,KAMUD-ZBAA-01,2
CN,2605,XKC,FKG,B215,CN-2605-KAMUD-ZBAD-01,KAMUD-ZBAD-01,2
CN,2605,XKC,FKG,B215,CN-2605-KAMUD-ZBTJ-01,KAMUD-ZBTJ-01,2
CN,2605,XKC,FKG,B215,CN-2605-KAMUD-ZGGG-01,KAMUD-ZGGG-01,2
CN,2605,XKC,FKG,B215,CN-2605-KAMUD-ZLIC-01,KAMUD-ZLIC-01,2
CN,2605,XKC,FKG,B215,CN-2605-KAMUD-ZLXY-02,KAMUD-ZLXY-02,2
CN,2605,XKC,FKG,B215,CN-2605-KAMUD-ZLXY-03,KAMUD-ZLXY-03,2
CN,2605,XKC,FKG,B215,CN-2605-KAMUD-ZSAM-01,KAMUD-ZSAM-01,2
CN,2605,XKC,FKG,B215,CN-2605-KAMUD-ZSHC-01,KAMUD-ZSHC-01,2
CN,2605,XKC,FKG,B215,CN-2605-KAMUD-ZSNJ-01,KAMUD-ZSNJ-01,2
CN,2605,XKC,FKG,B215,CN-2605-KAMUD-ZSPD-01,KAMUD-ZSPD-01,2
CN,2605,XKC,FKG,B215,CN-2605-KAMUD-ZUTF-02,KAMUD-ZUTF-02,2
CN,2605,XKC,FKG,B215,CN-2605-KAMUD-ZUTF-03,KAMUD-ZUTF-03,2
CN,2605,XKC,FKG,B215,CN-2605-RK-AGAVO,RK-AGAVO,14
CN,2605,XKC,FKG,B215,CN-2605-RKL-AGAVO,RKL-AGAVO,14
CN,2605,XKC,FKG,B215,CN-2605-SGMRK-G470-TAMOT,SGMRK-G470-TAMOT,37
CN,2605,XKC,FKG,B215,CN-2605-SGMRK-G470-VHHH,SGMRK-G470-VHHH,37
CN,2605,XKC,FKG,B215,CN-2605-SRK-AGAVO,SRK-AGAVO,25
CN,2605,XKC,FKG,B215,CN-2605-SRK-TAMOT,SRK-TAMOT,21
CN,2605,XKC,FKG,B215,CN-2605-SRK-VHHH,SRK-VHHH,21
CN,2605,XKC,FKG,B215,CN-2605-SRKL-VHHH,SRKL-VHHH,20
CN,2605,XKC,FKG,B215,CN-2605-SRKL-W191-TAMOT,SRKL-W191-TAMOT,21
CN,2605,XKC,FKG,B215,CN-2605-SRKL-W191-VHHH,SRKL-W191-VHHH,21
CN,2605,XKC,RULAD,A460,CN-2605-BEKOL-G470/L888-SGMRK,BEKOL-G470/L888-SGMRK,44
CN,2605,XKC,RULAD,A460,CN-2605-BEKOL-G470/L888-SGMRN,BEKOL-G470/L888-SGMRN,44
CN,2605,XKC,RULAD,A460,CN-2605-BEKOL-G470/L888-SRK,BEKOL-G470/L888-SRK,22
CN,2605,XKC,RULAD,A460,CN-2605-BEKOL-G470/L888-SRKL,BEKOL-G470/L888-SRKL,22
CN,2605,XKC,RULAD,A460,CN-2605-BEKOL-G470/L888-SRL,BEKOL-G470/L888-SRL,22
CN,2605,XKC,RULAD,A460,CN-2605-BEKOL-G470/Y1-SGMRK,BEKOL-G470/Y1-SGMRK,44
CN,2605,XKC,RULAD,A460,CN-2605-BEKOL-G470/Y1-SGMRN,BEKOL-G470/Y1-SGMRN,44
CN,2605,XKC,RULAD,A460,CN-2605-BEKOL-G470/Y1-SRKL,BEKOL-G470/Y1-SRKL,22
CN,2605,XKC,RULAD,A460,CN-2605-BEKOL-G470/Y1-SRL,BEKOL-G470/Y1-SRL,22
CN,2605,XKC,RULAD,A460,CN-2605-BEKOL-L888-RULAD,BEKOL-L888-RULAD,9
CN,2605,XKC,RULAD,A460,CN-2605-BEKOL-Y1-RULAD,BEKOL-Y1-RULAD,9
CN,2605,XKC,RULAD,A460,CN-2605-BEKOL-Y1-SRK,BEKOL-Y1-SRK,22
CN,2605,XKC,RULAD,A460,CN-2605-PURPA-RULAD,PURPA-RULAD,2
CN,2605,XKC,RULAD,A460,CN-2605-SAGAG-L888-RULAD,SAGAG-L888-RULAD,3
CN,2605,XKC,RULAD,A460,CN-2605-SAGAG-Y1-RULAD,SAGAG-Y1-RULAD,6
CN,2605,XKC,SADAN,L888,CN-2605-RULAD-Y1-SAGAG,RULAD-Y1-SAGAG,2
CN,2605,XKC,SADAN,L888,CN-2605-RULAD-Y1-TAMOT,RULAD-Y1-TAMOT,2
CN,2605,XKC,SADAN,L888,CN-2605-RULAD-Y1-VHHH,RULAD-Y1-VHHH,2
CN,2605,XKC,SADAN,L888,CN-2605-SGMRK-G470/Y1-TAMOT,SGMRK-G470/Y1-TAMOT,27
CN,2605,XKC,SADAN,L888,CN-2605-SGMRK-G470/Y1-VHHH,SGMRK-G470/Y1-VHHH,27
CN,2605,XKC,SADAN,L888,CN-2605-SGMRN-G470/Y1-TAMOT,SGMRN-G470/Y1-TAMOT,27
CN,2605,XKC,SADAN,L888,CN-2605-SGMRN-G470/Y1-VHHH,SGMRN-G470/Y1-VHHH,27
CN,2605,XKC,SADAN,L888,CN-2605-SRK-Y1-TAMOT,SRK-Y1-TAMOT,11
CN,2605,XKC,SADAN,L888,CN-2605-SRK-Y1-VHHH,SRK-Y1-VHHH,11
CN,2605,XKC,SADAN,L888,CN-2605-SRKL-W191/Y1-TAMOT,SRKL-W191/Y1-TAMOT,11
CN,2605,XKC,SADAN,L888,CN-2605-SRKL-W191/Y1-VHHH,SRKL-W191/Y1-VHHH,11
CN,2605,XKC,SADAN,L888,CN-2605-SRKL-Y1-VHHH,SRKL-Y1-VHHH,10
CN,2605,XKC,SADAN,L888,CN-2605-SRL-W191/Y1-TAMOT,SRL-W191/Y1-TAMOT,11
CN,2605,XKC,SADAN,L888,CN-2605-SRL-W191/Y1-VHHH,SRL-W191/Y1-VHHH,11
CN,2605,XKC,SADAN,L888,CN-2605-SRL-Y1-VHHH,SRL-Y1-VHHH,10
CN,2605,XSH,AKOPI,W80,CN-2605-LAMEN-ZUTF-01,LAMEN-ZUTF-01,6
CN,2605,XSH,HFE,W50,CN-2605-ZSCN-LAMEN-01,ZSCN-LAMEN-01,2
CN,2605,XSH,HFE,W50,CN-2605-ZSCN-LAMEN-02,ZSCN-LAMEN-02,2
CN,2605,XSH,HFE,W50,CN-2605-ZSCN-RCKH-01,ZSCN-RCKH-01,2
CN,2605,XSH,HFE,W50,CN-2605-ZSCN-RCTP-01,ZSCN-RCTP-01,2
CN,2605,XSH,HFE,W50,CN-2605-ZSCN-RCYU-01,ZSCN-RCYU-01,2
CN,2605,XSH,IDGAG,W80,CN-2605-LAMEN-ZGDY-01,LAMEN-ZGDY-01,6
CN,2605,XSH,IDGAG,W80,CN-2605-LAMEN-ZPPP-01,LAMEN-ZPPP-01,6
CN,2605,XSH,IDGAG,W80,CN-2605-LAMEN-ZUGY-01,LAMEN-ZUGY-01,6
CN,2605,XSH,IDGAG,W80,CN-2605-RCTP-ZGDY-01,RCTP-ZGDY-01,9
CN,2605,XSH,IDGAG,W80,CN-2605-SADLI-SAGAG,SADLI-SAGAG,6
CN,2605,XSH,IDGAG,W80,CN-2605-SADLI-WHA-LINSO,SADLI-WHA-LINSO,6
CN,2605,XSH,IDGAG,W80,CN-2605-ZSCN-LINSO-01,ZSCN-LINSO-01,2
CN,2605,XSH,IDGAG,W80,CN-2605-ZSHC-LINSO-01,ZSHC-LINSO-01,7
CN,2605,XSH,IDGAG,W80,CN-2605-ZSNB-LINSO-01,ZSNB-LINSO-01,10
CN,2605,XSH,IDGAG,W80,CN-2605-ZSNJ-LINSO-01,ZSNJ-LINSO-01,2
CN,2605,XSH,IDGAG,W80,CN-2605-ZSNJ-SAGAG-01,ZSNJ-SAGAG-01,2
CN,2605,XSH,IDGAG,W80,CN-2605-ZSNT-LINSO-01,ZSNT-LINSO-01,8
CN,2605,XSH,IDGAG,W80,CN-2605-ZSOF-LINSO-01,ZSOF-LINSO-01,2
CN,2605,XSH,IDGAG,W80,CN-2605-ZSOF-SAGAG-01,ZSOF-SAGAG-01,2
CN,2605,XSH,IDGAG,W80,CN-2605-ZSPD-LINSO-01,ZSPD-LINSO-01,7
CN,2605,XSH,IDGAG,W80,CN-2605-ZSSS-LINSO-01,ZSSS-LINSO-01,7
CN,2605,XSH,IDGAG,W80,CN-2605-ZSXZ-LINSO-01,ZSXZ-LINSO-01,3
CN,2605,XSH,IDGAG,W80,CN-2605-ZSYA-LINSO-01,ZSYA-LINSO-01,7
CN,2605,XSH,IRPOG,W80,CN-2605-LAMEN-ZUCK-01,LAMEN-ZUCK-01,6
CN,2605,XSH,NCH,W105,CN-2605-LAMEN-ZSCN-02,LAMEN-ZSCN-02,6
CN,2605,XSH,PEXEK,W105,CN-2605-LAMEN-ZSCN-01,LAMEN-ZSCN-01,6
CN,2605,XSH,PEXEK,W105,CN-2605-LINSO-ZSCN-01,LINSO-ZSCN-01,5
CN,2605,XSH,PEXEK,W105,CN-2605-NIXAL-ZSCN-01,NIXAL-ZSCN-01,6
CN,2605,XSH,PEXEK,W105,CN-2605-RCKH-ZSCN-01,RCKH-ZSCN-01,9
CN,2605,XSH,PEXEK,W105,CN-2605-RCTP-ZSCN-01,RCTP-ZSCN-01,9
CN,2605,XSH,PEXEK,W105,CN-2605-RCYU-ZSCN-01,RCYU-ZSCN-01,9
CN,2605,XSH,PEXEK,W105,CN-2605-SARIN-ZSCN-01,SARIN-ZSCN-01,10
CN,2605,XSH,PEXEK,W105,CN-2605-SARIN-ZSCN-02,SARIN-ZSCN-02,10
CN,2605,XSH,REPUV,W50,CN-2605-ZSCN-NIXAL-01,ZSCN-NIXAL-01,2
CN,2605,XSH,REPUV,W50,CN-2605-ZSCN-RULAD-01,ZSCN-RULAD-01,2
CN,2605,XSH,REPUV,W50,CN-2605-ZSCN-SARIN-01,ZSCN-SARIN-01,2
CN,2605,XSH,UDUMI,W80,CN-2605-AGAVO-TEBAK,AGAVO-TEBAK,8
CN,2605,XSH,UDUMI,W80,CN-2605-LAMEN-ZGHA-01,LAMEN-ZGHA-01,6
CN,2605,XSH,UDUMI,W80,CN-2605-LAMEN-ZGKL-01,LAMEN-ZGKL-01,6
CN,2605,XSH,UDUMI,W80,CN-2605-LAMEN-ZGNN-01,LAMEN-ZGNN-01,6
CN,2605,XSH,UDUMI,W80,CN-2605-SADLI-WHA-TEBAK,SADLI-WHA-TEBAK,6
CN,2605,XSH,UDUMI,W80,CN-2605-ZSLY-TAMOT-01,ZSLY-TAMOT-01,6
CN,2605,XSH,UDUMI,W80,CN-2605-ZSLY-TEBAK-01,ZSLY-TEBAK-01,6
CN,2605,XSH,UDUMI,W80,CN-2605-ZSNJ-TEBAK-01,ZSNJ-TEBAK-01,2
CN,2605,XSH,UDUMI,W80,CN-2605-ZSNT-TEBAK-01,ZSNT-TEBAK-01,8
CN,2605,XSH,UDUMI,W80,CN-2605-ZSOF-TAMOT-01,ZSOF-TAMOT-01,2
CN,2605,XSH,UDUMI,W80,CN-2605-ZSOF-TEBAK-01,ZSOF-TEBAK-01,2
CN,2605,XSH,UDUMI,W80,CN-2605-ZSOF-VHHH-01,ZSOF-VHHH-01,2
CN,2605,XSH,UDUMI,W80,CN-2605-ZSOF-VMMC-02,ZSOF-VMMC-02,2
CN,2605,XSH,UDUMI,W80,CN-2605-ZSPD-TEBAK-01,ZSPD-TEBAK-01,7
CN,2605,XSH,UDUMI,W80,CN-2605-ZSSH-TAMOT-01,ZSSH-TAMOT-01,8
CN,2605,XSH,UDUMI,W80,CN-2605-ZSSH-TEBAK-01,ZSSH-TEBAK-01,8
CN,2605,XSH,UDUMI,W80,CN-2605-ZSSS-TEBAK-01,ZSSS-TEBAK-01,7
CN,2605,XSH,UDUMI,W80,CN-2605-ZSXZ-TEBAK-01,ZSXZ-TEBAK-01,3
CN,2605,XSH,UDUMI,W80,CN-2605-ZSYA-TEBAK-01,ZSYA-TEBAK-01,7
CN,2605,XSH,UPGUR,W80,CN-2605-LAMEN-ZHYC-01,LAMEN-ZHYC-01,6
CN,2605,XSH,URGEG,W80,CN-2605-LAMEN-ZUUU-01,LAMEN-ZUUU-01,6
CN,2605,XSH,WFX,W80,CN-2605-ZSNJ-KAMUD-01,ZSNJ-KAMUD-01,2
CN,2605,XSH,WFX,W80,CN-2605-ZSNJ-SARIN-01,ZSNJ-SARIN-01,2
CN,2605,XUZ,DO,W125,CN-2605-BEKOL-ZSLY-01,BEKOL-ZSLY-01,6
CN,2605,XUZ,DO,W125,CN-2605-TEBAK-ZSLY-01,TEBAK-ZSLY-01,8
CN,2605,XUZ,HFE,W127,CN-2605-ZSLY-TAMOT-01,ZSLY-TAMOT-01,4
CN,2605,XUZ,HFE,W127,CN-2605-ZSLY-TEBAK-01,ZSLY-TEBAK-01,4
CN,2605,YCH,HUN,W177,CN-2605-AGAVO-ZSNJ-01,AGAVO-ZSNJ-01,4
CN,2605,YCH,IKADI,W113,CN-2605-ZSNJ-AGAVO-01,ZSNJ-AGAVO-01,4
CN,2605,YCH,IKADI,W113,CN-2605-ZSNJ-AGAVO-02,ZSNJ-AGAVO-02,2
CN,2605,YCH,IKADI,W113,CN-2605-ZSNJ-LAMEN-03,ZSNJ-LAMEN-03,2
CN,2605,YCH,IKADI,W113,CN-2605-ZSXZ-AGAVO-01,ZSXZ-AGAVO-01,3
CN,2605,YCH,IKADI,W113,CN-2605-ZSYA-AGAVO-01,ZSYA-AGAVO-01,2
CN,2605,YCH,IKADI,W113,CN-2605-ZSYN-AGAVO-01,ZSYN-AGAVO-01,1
CN,2605,YCH,NIXEM,W185,CN-2605-AGAVO-ZSYA-01,AGAVO-ZSYA-01,4
CN,2605,YCH,NIXEM,W185,CN-2605-LAMEN-ZSSH-02,LAMEN-ZSSH-02,4
CN,2605,YCH,NIXEM,W185,CN-2605-RCTP-ZSYA-01,RCTP-ZSYA-01,5
CN,2605,YCH,OF,W185,CN-2605-AGAVO-ZSNJ-02,AGAVO-ZSNJ-02,4
CN,2605,YCH,OF,W185,CN-2605-LAMEN-ZSNJ-02,LAMEN-ZSNJ-02,4
CN,2605,YCH,OMUDI,W177,CN-2605-AGAVO-ZSXZ-01,AGAVO-ZSXZ-01,4
CN,2605,YCH,SOSMA,W113,CN-2605-ZSNJ-LAMEN-02,ZSNJ-LAMEN-02,2
CN,2605,YCH,SOSMA,W113,CN-2605-ZSSH-LAMEN-02,ZSSH-LAMEN-02,4
CN,2605,YCH,SOSMA,W113,CN-2605-ZSYA-RCTP-01,ZSYA-RCTP-01,2
CN,2605,YHD,ALGOT,W199,CN-2605-AGAVO-KAMUD,AGAVO-KAMUD,7
CN,2605,YHD,ALGOT,W199,CN-2605-AGAVO-RK,AGAVO-RK,7
CN,2605,YHD,ALGOT,W199,CN-2605-AGAVO-RK,AGAVO-RK,20
CN,2605,YHD,ALGOT,W199,CN-2605-AGAVO-RKL,AGAVO-RKL,7
CN,2605,YHD,ALGOT,W199,CN-2605-AGAVO-RKL,AGAVO-RKL,20
CN,2605,YHD,ALGOT,W199,CN-2605-AGAVO-RULAD,AGAVO-RULAD,7
CN,2605,YHD,ALGOT,W199,CN-2605-AGAVO-SARIN,AGAVO-SARIN,7
CN,2605,YHD,ALGOT,W199,CN-2605-AGAVO-W112-PURPA,AGAVO-W112-PURPA,7
CN,2605,YHD,ALGOT,W199,CN-2605-ZLIC-KAMUD-01,ZLIC-KAMUD-01,1
CN,2605,YHD,ALGOT,W199,CN-2605-ZLIC-MORIT-01,ZLIC-MORIT-01,1
CN,2605,YHD,ALGOT,W199,CN-2605-ZLIC-SARIN-01,ZLIC-SARIN-01,1
CN,2605,YHD,IDUGI,B215,CN-2605-ZLIC-KATBO-01,ZLIC-KATBO-01,1
CN,2605,YHD,IDUGI,B215,CN-2605-ZLIC-LINSO-01,ZLIC-LINSO-01,1
CN,2605,YHD,IDUGI,B215,CN-2605-ZLIC-SAGAG-01,ZLIC-SAGAG-01,1
CN,2605,YHD,UPKUN,W217,CN-2605-ZLIC-AGAVO-01,ZLIC-AGAVO-01,1
CN,2605,YHD,UPKUN,W217,CN-2605-ZLIC-RCTP-01,ZLIC-RCTP-01,1
CN,2605,YHD,VIKON,W217,CN-2605-KAMUD-ZBAD-02,KAMUD-ZBAD-02,8
CN,2605,YHD,VIKON,W217,CN-2605-ZLIC-INTIK-01,ZLIC-INTIK-01,1
CN,2605,YIH,UBKOX,W53,CN-2605-ZHYC-LAMEN-01,ZHYC-LAMEN-01,1
CN,2605,YIN,BUBDA,A461,CN-2605-VMMC-ARGUK,VMMC-ARGUK,4
CN,2605,YIN,BUBDA,A461,CN-2605-VMMC-BISUN,VMMC-BISUN,4
CN,2605,YIN,BUBDA,A461,CN-2605-VMMC-GOLOT,VMMC-GOLOT,4
CN,2605,YIN,BUBDA,A461,CN-2605-VMMC-TOMUK,VMMC-TOMUK,4
CN,2605,YIN,BUBDA,A461,CN-2605-VMMC-ZBAA-01,VMMC-ZBAA-01,4
CN,2605,YIN,BUBDA,A461,CN-2605-VMMC-ZBAD-01,VMMC-ZBAD-01,4
CN,2605,YIN,BUBDA,A461,CN-2605-VMMC-ZBSJ-01,VMMC-ZBSJ-01,4
CN,2605,YIN,BUBDA,A461,CN-2605-VMMC-ZBTJ-01,VMMC-ZBTJ-01,4
CN,2605,YIN,BUBDA,A461,CN-2605-VMMC-ZBYN-01,VMMC-ZBYN-01,4
CN,2605,YIN,BUBDA,A461,CN-2605-VMMC-ZHCC-01,VMMC-ZHCC-01,4
CN,2605,YIN,BUBDA,A461,CN-2605-VMMC-ZHHH-01,VMMC-ZHHH-01,4
CN,2605,YIN,BUBDA,A461,CN-2605-VMMC-ZSOF-01,VMMC-ZSOF-01,4
CN,2605,YIN,BUBDA,A461,CN-2605-VMMC-ZYHB-01,VMMC-ZYHB-01,4
CN,2605,YIN,BUBDA,A461,CN-2605-VMMC-ZYTX-01,VMMC-ZYTX-01,4
CN,2605,YIN,BUBDA,A461,CN-2605-ZGSZ-ARGUK-01,ZGSZ-ARGUK-01,3
CN,2605,YIN,BUBDA,A461,CN-2605-ZGSZ-BISUN-01,ZGSZ-BISUN-01,3
CN,2605,YIN,BUBDA,A461,CN-2605-ZGSZ-INTIK-01,ZGSZ-INTIK-01,3
CN,2605,YIN,BUBDA,A461,CN-2605-ZGSZ-NIXAL-01,ZGSZ-NIXAL-01,3
CN,2605,YIN,BUBDA,A461,CN-2605-ZGSZ-POLHO-01,ZGSZ-POLHO-01,3
CN,2605,YIN,BUBDA,A461,CN-2605-ZGSZ-SIMLI-01,ZGSZ-SIMLI-01,3
CN,2605,YIN,MEXON,A461,CN-2605-VMMC-ZGHA-01,VMMC-ZGHA-01,4
CN,2605,YLX,ALGIB,W193,CN-2605-AGAVO-W104-SARIN,AGAVO-W104-SARIN,9
CN,2605,YLX,ALGOV,W193,CN-2605-AGAVO-ZBOW-01,AGAVO-ZBOW-01,8
CN,2605,YLX,WJC,W193,CN-2605-ZBDS-KATBO-01,ZBDS-KATBO-01,1
CN,2605,YLX,WJC,W193,CN-2605-ZBDS-SAGAG-01,ZBDS-SAGAG-01,1
CN,2605,YNJ,UGABI,W39,CN-2605-VASRO-TELOK,VASRO-TELOK,2
CN,2605,YNJ,VASRO,R224,CN-2605-TELOK-VASRO,TELOK-VASRO,4
CN,2605,YQG,DALIM,W142,CN-2605-BISUN-ZSNJ-01,BISUN-ZSNJ-01,6
CN,2605,YQG,DALIM,W142,CN-2605-KAMUD-ZSAM-01,KAMUD-ZSAM-01,9
CN,2605,YQG,DALIM,W142,CN-2605-KAMUD-ZSPD-01,KAMUD-ZSPD-01,9
CN,2605,YQG,DALIM,W142,CN-2605-MAGIT-ZSHC-02,MAGIT-ZSHC-02,5
CN,2605,YQG,DALIM,W142,CN-2605-MAGIT-ZSNJ-01,MAGIT-ZSNJ-01,5
CN,2605,YQG,DALIM,W142,CN-2605-MAGIT-ZSPD-01,MAGIT-ZSPD-01,5
CN,2605,YQG,DALIM,W142,CN-2605-MAGIT-ZSSS-01,MAGIT-ZSSS-01,5
CN,2605,YQG,DALIM,W142,CN-2605-POLHO-ZSAM-01,POLHO-ZSAM-01,6
CN,2605,YQG,DALIM,W142,CN-2605-POLHO-ZSFZ-01,POLHO-ZSFZ-01,6
CN,2605,YQG,DALIM,W142,CN-2605-POLHO-ZSHC-01,POLHO-ZSHC-01,6
CN,2605,YQG,DALIM,W142,CN-2605-POLHO-ZSNJ-01,POLHO-ZSNJ-01,6
CN,2605,YQG,DALIM,W142,CN-2605-POLHO-ZSPD-01,POLHO-ZSPD-01,6
CN,2605,YQG,DALIM,W142,CN-2605-POLHO-ZSSS-01,POLHO-ZSSS-01,6
CN,2605,YQG,DALIM,W142,CN-2605-POLHO-ZSWZ-01,POLHO-ZSWZ-01,6
CN,2605,YQG,DALIM,W142,CN-2605-PURPA-ZSPD-01,PURPA-ZSPD-01,10
CN,2605,YQG,DALIM,W142,CN-2605-PURPA-ZSPD-03,PURPA-ZSPD-03,10
CN,2605,YQG,DALIM,W142,CN-2605-PURPA-ZSSS-01,PURPA-ZSSS-01,10
CN,2605,YQG,DALIM,W142,CN-2605-PURPA-ZSSS-02,PURPA-ZSSS-02,10
CN,2605,YQG,DALIM,W142,CN-2605-RULAD-SADLI,RULAD-SADLI,9
CN,2605,YQG,DALIM,W142,CN-2605-RULAD-ZSPD-01,RULAD-ZSPD-01,9
CN,2605,YQG,DALIM,W142,CN-2605-SARIN-ZSPD-02,SARIN-ZSPD-02,8
CN,2605,YQG,DALIM,W142,CN-2605-SARIN-ZSSS-01,SARIN-ZSSS-01,8
CN,2605,YQG,DALIM,W142,CN-2605-SIMLI-ZSHC-01,SIMLI-ZSHC-01,5
CN,2605,YQG,DALIM,W142,CN-2605-SIMLI-ZSPD-01,SIMLI-ZSPD-01,5
CN,2605,YQG,DALIM,W142,CN-2605-SIMLI-ZSSS-01,SIMLI-ZSSS-01,5
CN,2605,YQG,DALIM,W142,CN-2605-ZBAA-LAMEN-01,ZBAA-LAMEN-01,2
CN,2605,YQG,DALIM,W142,CN-2605-ZBAA-RCKH-01,ZBAA-RCKH-01,2
CN,2605,YQG,DALIM,W142,CN-2605-ZBAA-RCTP-01,ZBAA-RCTP-01,2
CN,2605,YQG,DALIM,W142,CN-2605-ZBAA-RCYU-01,ZBAA-RCYU-01,2
CN,2605,YQG,DALIM,W142,CN-2605-ZBSJ-LAMEN-01,ZBSJ-LAMEN-01,3
CN,2605,YQG,DALIM,W142,CN-2605-ZBTJ-RCBS-01,ZBTJ-RCBS-01,2
CN,2605,YQG,DALIM,W142,CN-2605-ZBTJ-RCFN-01,ZBTJ-RCFN-01,2
CN,2605,YQG,DALIM,W142,CN-2605-ZBTJ-RCKH-01,ZBTJ-RCKH-01,2
CN,2605,YQG,DALIM,W142,CN-2605-ZBTJ-RCMQ-01,ZBTJ-RCMQ-01,2
CN,2605,YQG,DALIM,W142,CN-2605-ZBTJ-RCNN-01,ZBTJ-RCNN-01,2
CN,2605,YQG,DALIM,W142,CN-2605-ZBTJ-RCSS-01,ZBTJ-RCSS-01,2
CN,2605,YQG,DALIM,W142,CN-2605-ZBTJ-RCTP-01,ZBTJ-RCTP-01,2
CN,2605,YQG,DALIM,W142,CN-2605-ZBTJ-RCYU-01,ZBTJ-RCYU-01,2
CN,2605,YQG,NOBUP,W569,CN-2605-BEKOL-ZSYT-01,BEKOL-ZSYT-01,6
CN,2605,YQG,NOBUP,W569,CN-2605-BEKOL-ZYTL-01,BEKOL-ZYTL-01,6
CN,2605,YQG,NOBUP,W569,CN-2605-LINSO-AGAVO,LINSO-AGAVO,7
CN,2605,YQG,NOBUP,W569,CN-2605-LINSO-ZSYT-01,LINSO-ZSYT-01,7
CN,2605,YQG,NOBUP,W569,CN-2605-RKL-AGAVO,RKL-AGAVO,31
CN,2605,YQG,NOBUP,W569,CN-2605-TEBAK-ZSQD-01,TEBAK-ZSQD-01,8
CN,2605,YQG,NOBUP,W569,CN-2605-TEBAK-ZYTL-01,TEBAK-ZYTL-01,8
CN,2605,YQG,NOBUP,W569,CN-2605-VHHH-ZYTL-01,VHHH-ZYTL-01,6
CN,2605,YQG,NOBUP,W569,CN-2605-ZGHA-AGAVO-01,ZGHA-AGAVO-01,5
CN,2605,YQG,NOBUP,W569,CN-2605-ZHCC-AGAVO-01,ZHCC-AGAVO-01,5
CN,2605,YQG,NOBUP,W569,CN-2605-ZHEC-AGAVO-01,ZHEC-AGAVO-01,5
CN,2605,YQG,NOBUP,W569,CN-2605-ZHHH-AGAVO-01,ZHHH-AGAVO-01,5
CN,2605,YQG,NOBUP,W569,CN-2605-ZPPP-AGAVO-01,ZPPP-AGAVO-01,7
CN,2605,YQG,NOBUP,W569,CN-2605-ZUGY-AGAVO-01,ZUGY-AGAVO-01,8
CN,2605,YQG,UNVON,W567,CN-2605-ZSQD-LINSO-01,ZSQD-LINSO-01,2
CN,2605,YQG,UNVON,W567,CN-2605-ZSQD-LINSO-02,ZSQD-LINSO-02,2
CN,2605,ZAO,GUBLO,DCT,CN-2605-VMMC-ARGUK,VMMC-ARGUK,1
CN,2605,ZAO,GUBLO,DCT,CN-2605-VMMC-BISUN,VMMC-BISUN,1
CN,2605,ZAO,GUBLO,DCT,CN-2605-VMMC-GOLOT,VMMC-GOLOT,1
CN,2605,ZAO,GUBLO,DCT,CN-2605-VMMC-MORIT,VMMC-MORIT,1
CN,2605,ZAO,GUBLO,DCT,CN-2605-VMMC-RULAD,VMMC-RULAD,1
CN,2605,ZAO,GUBLO,DCT,CN-2605-VMMC-TOMUK,VMMC-TOMUK,1
CN,2605,ZAO,GUBLO,DCT,CN-2605-VMMC-ZBAA-01,VMMC-ZBAA-01,1
CN,2605,ZAO,GUBLO,DCT,CN-2605-VMMC-ZBAD-01,VMMC-ZBAD-01,1
CN,2605,ZAO,GUBLO,DCT,CN-2605-VMMC-ZBSJ-01,VMMC-ZBSJ-01,1
CN,2605,ZAO,GUBLO,DCT,CN-2605-VMMC-ZBTJ-01,VMMC-ZBTJ-01,1
CN,2605,ZAO,GUBLO,DCT,CN-2605-VMMC-ZBYN-01,VMMC-ZBYN-01,1
CN,2605,ZAO,GUBLO,DCT,CN-2605-VMMC-ZGGG-01,VMMC-ZGGG-01,1
CN,2605,ZAO,GUBLO,DCT,CN-2605-VMMC-ZGHA-01,VMMC-ZGHA-01,1
CN,2605,ZAO,GUBLO,DCT,CN-2605-VMMC-ZGKL-01,VMMC-ZGKL-01,1
CN,2605,ZAO,GUBLO,DCT,CN-2605-VMMC-ZHCC-01,VMMC-ZHCC-01,1
CN,2605,ZAO,GUBLO,DCT,CN-2605-VMMC-ZHHH-01,VMMC-ZHHH-01,1
CN,2605,ZAO,GUBLO,DCT,CN-2605-VMMC-ZLLL-01,VMMC-ZLLL-01,1
CN,2605,ZAO,GUBLO,DCT,CN-2605-VMMC-ZLXY-01,VMMC-ZLXY-01,1
CN,2605,ZAO,GUBLO,DCT,CN-2605-VMMC-ZSOF-01,VMMC-ZSOF-01,1
CN,2605,ZAO,GUBLO,DCT,CN-2605-VMMC-ZUCK-01,VMMC-ZUCK-01,1
CN,2605,ZAO,GUBLO,DCT,CN-2605-VMMC-ZUCK-02,VMMC-ZUCK-02,1
CN,2605,ZAO,GUBLO,DCT,CN-2605-VMMC-ZUGY-01,VMMC-ZUGY-01,1
CN,2605,ZAO,GUBLO,DCT,CN-2605-VMMC-ZUTF-01,VMMC-ZUTF-01,1
CN,2605,ZAO,GUBLO,DCT,CN-2605-VMMC-ZUUU-01,VMMC-ZUUU-01,1
CN,2605,ZAO,GUBLO,DCT,CN-2605-VMMC-ZWWW-01,VMMC-ZWWW-01,1
CN,2605,ZAO,GUBLO,DCT,CN-2605-VMMC-ZYHB-01,VMMC-ZYHB-01,1
CN,2605,ZAO,GUBLO,DCT,CN-2605-VMMC-ZYTX-01,VMMC-ZYTX-01,1
CN,2605,ZAT,IDSID,W145,CN-2605-KATBO-ZUCK-01,KATBO-ZUCK-01,4
CN,2605,ZAT,IDSID,W145,CN-2605-LINSO-ZUCK-01,LINSO-ZUCK-01,3
CN,2605,ZAT,IDSID,W145,CN-2605-SAGAG-ZUCK-01,SAGAG-ZUCK-01,3
CN,2605,ZGSZ,LUKBU,DCT,CN-2605-ZGSZ-LUKBU-01,ZGSZ-LUKBU-01,1
CN,2605,ZJ,OLRIS,G345,CN-2605-ZSYA-LINSO-01,ZSYA-LINSO-01,2
CN,2605,ZJ,OLRIS,G345,CN-2605-ZSYA-TAMOT-01,ZSYA-TAMOT-01,2
CN,2605,ZJ,OLRIS,G345,CN-2605-ZSYA-TEBAK-01,ZSYA-TEBAK-01,2
CN,2605,ZJ,PIMOL,W184,CN-2605-BEKOL-ZSYA-01,BEKOL-ZSYA-01,6
CN,2605,ZJ,PIMOL,W184,CN-2605-LINSO-ZSYA-01,LINSO-ZSYA-01,5
CN,2605,ZJ,PIMOL,W184,CN-2605-TEBAK-ZSYA-01,TEBAK-ZSYA-01,8
CN,2605,ZJ,SASAN,W167,CN-2605-KAMUD-ZSPD-01,KAMUD-ZSPD-01,13
CN,2605,ZJ,SASAN,W167,CN-2605-MAGIT-ZSPD-01,MAGIT-ZSPD-01,9
CN,2605,ZJ,SASAN,W167,CN-2605-MAGIT-ZSSS-01,MAGIT-ZSSS-01,9
CN,2605,ZJ,SASAN,W167,CN-2605-POLHO-ZSPD-01,POLHO-ZSPD-01,10
CN,2605,ZJ,SASAN,W167,CN-2605-POLHO-ZSSS-01,POLHO-ZSSS-01,10
CN,2605,ZJ,SASAN,W167,CN-2605-PURPA-ZSPD-01,PURPA-ZSPD-01,14
CN,2605,ZJ,SASAN,W167,CN-2605-PURPA-ZSPD-03,PURPA-ZSPD-03,14
CN,2605,ZJ,SASAN,W167,CN-2605-PURPA-ZSSS-01,PURPA-ZSSS-01,14
CN,2605,ZJ,SASAN,W167,CN-2605-PURPA-ZSSS-02,PURPA-ZSSS-02,14
CN,2605,ZJ,SASAN,W167,CN-2605-RULAD-ZSPD-01,RULAD-ZSPD-01,13
CN,2605,ZJ,SASAN,W167,CN-2605-SARIN-ZSPD-02,SARIN-ZSPD-02,12
CN,2605,ZJ,SASAN,W167,CN-2605-SARIN-ZSSS-01,SARIN-ZSSS-01,12
CN,2605,ZJ,SASAN,W167,CN-2605-SIMLI-ZSPD-01,SIMLI-ZSPD-01,9
CN,2605,ZJ,SASAN,W167,CN-2605-SIMLI-ZSSS-01,SIMLI-ZSSS-01,9
CN,2605,ZUH,BIGRO,R200,CN-2605-LAMEN-ZJSY-02,LAMEN-ZJSY-02,10
CN,2605,ZUH,BIGRO,R200,CN-2605-ZGGG-ASSAD-01,ZGGG-ASSAD-01,2
CN,2605,ZUH,BIGRO,R200,CN-2605-ZGSZ-ASSAD-02,ZGSZ-ASSAD-02,2
CN,2605,ZUH,BIGRO,R200,CN-2605-ZSCN-ASSAD-01,ZSCN-ASSAD-01,4
CN,2605,ZUH,BIGRO,R200,CN-2605-ZSHC-ASSAD-01,ZSHC-ASSAD-01,5
CN,2605,ZUH,BIGRO,R200,CN-2605-ZSHC-BUNTA-01,ZSHC-BUNTA-01,5
CN,2605,ZUH,BIGRO,R200,CN-2605-ZSNJ-ASSAD-01,ZSNJ-ASSAD-01,7
CN,2605,ZUH,BIGRO,R200,CN-2605-ZSPD-ASSAD-01,ZSPD-ASSAD-01,8
CN,2605,ZUH,BIGRO,R200,CN-2605-ZSSS-ASSAD-01,ZSSS-ASSAD-01,8
CN,2605,ZUH,LH,R200,CN-2605-VMMC-LINSO,VMMC-LINSO,1
CN,2605,ZUH,LH,R200,CN-2605-VMMC-TEBAK,VMMC-TEBAK,1
CN,2605,ZUH,LH,R200,CN-2605-VMMC-ZGNN-01,VMMC-ZGNN-01,1
CN,2605,ZUH,LH,R200,CN-2605-VMMC-ZPPP-01,VMMC-ZPPP-01,1
CN,2605,ZUH,LH,R200,CN-2605-ZGGG-LINSO-01,ZGGG-LINSO-01,2
CN,2605,ZUH,LH,R200,CN-2605-ZGGG-TEBAK-01,ZGGG-TEBAK-01,2
CN,2605,ZUH,NLG,W23,CN-2605-LANDA-ZGSZ-01,LANDA-ZGSZ-01,3
CN,2605,ZUH,SIERA,R473,CN-2605-AGAVO-VHHH,AGAVO-VHHH,12
CN,2605,ZUH,SIERA,R473,CN-2605-BISUN-VHHH,BISUN-VHHH,8
CN,2605,ZUH,SIERA,R473,CN-2605-INTIK-VHHH,INTIK-VHHH,7
CN,2605,ZUH,SIERA,R473,CN-2605-MAGIT-VHHH,MAGIT-VHHH,7
CN,2605,ZUH,SIERA,R473,CN-2605-MN-VHHH,MN-VHHH,12
CN,2605,ZUH,SIERA,R473,CN-2605-MPSMS-VHHH,MPSMS-VHHH,7
CN,2605,ZUH,SIERA,R473,CN-2605-MPSMS-VHHH,MPSMS-VHHH,15
CN,2605,ZUH,SIERA,R473,CN-2605-MPSMS-VHHH,MPSMS-VHHH,23
CN,2605,ZUH,SIERA,R473,CN-2605-MPSMS-VHHH,MPSMS-VHHH,39
CN,2605,ZUH,SIERA,R473,CN-2605-NIXAL-VHHH,NIXAL-VHHH,7
CN,2605,ZUH,SIERA,R473,CN-2605-POLHO-VHHH,POLHO-VHHH,7
CN,2605,ZUH,SIERA,R473,CN-2605-SADLI-VHHH,SADLI-VHHH,10
CN,2605,ZUH,SIERA,R473,CN-2605-SGMN-G470-VHHH,SGMN-G470-VHHH,32
CN,2605,ZUH,SIERA,R473,CN-2605-SGMN-VHHH,SGMN-VHHH,31
CN,2605,ZUH,SIERA,R473,CN-2605-SGMRN-G470-VHHH,SGMRN-G470-VHHH,42
CN,2605,ZUH,SIERA,R473,CN-2605-SGMRN-G470/L888-VHHH,SGMRN-G470/L888-VHHH,42
CN,2605,ZUH,SIERA,R473,CN-2605-SGMRN-G470/Y1-VHHH,SGMRN-G470/Y1-VHHH,41
CN,2605,ZUH,SIERA,R473,CN-2605-SIMLI-VHHH,SIMLI-VHHH,7
CN,2605,ZUH,SIERA,R473,CN-2605-ZBAA-VHHH-01,ZBAA-VHHH-01,7
CN,2605,ZUH,SIERA,R473,CN-2605-ZBAD-VHHH-01,ZBAD-VHHH-01,5
CN,2605,ZUH,SIERA,R473,CN-2605-ZBDS-VHHH-01,ZBDS-VHHH-01,10
CN,2605,ZUH,SIERA,R473,CN-2605-ZBDT-VHHH-01,ZBDT-VHHH-01,10
CN,2605,ZUH,SIERA,R473,CN-2605-ZBHH-VHHH-01,ZBHH-VHHH-01,8
CN,2605,ZUH,SIERA,R473,CN-2605-ZBLA-VHHH-01,ZBLA-VHHH-01,8
CN,2605,ZUH,SIERA,R473,CN-2605-ZBSJ-VHHH-01,ZBSJ-VHHH-01,6
CN,2605,ZUH,SIERA,R473,CN-2605-ZBTJ-VHHH-01,ZBTJ-VHHH-01,5
CN,2605,ZUH,SIERA,R473,CN-2605-ZBYN-VHHH-01,ZBYN-VHHH-01,10
CN,2605,ZUH,SIERA,R473,CN-2605-ZGHA-VHHH-01,ZGHA-VHHH-01,5
CN,2605,ZUH,SIERA,R473,CN-2605-ZGSZ-ASSAD-01,ZGSZ-ASSAD-01,2
CN,2605,ZUH,SIERA,R473,CN-2605-ZGSZ-SIERA-01,ZGSZ-SIERA-01,2
CN,2605,ZUH,SIERA,R473,CN-2605-ZGSZ-VHHH-01,ZGSZ-VHHH-01,2
CN,2605,ZUH,SIERA,R473,CN-2605-ZHCC-VHHH-01,ZHCC-VHHH-01,5
CN,2605,ZUH,SIERA,R473,CN-2605-ZHEC-VHHH-01,ZHEC-VHHH-01,5
CN,2605,ZUH,SIERA,R473,CN-2605-ZHHH-VHHH-01,ZHHH-VHHH-01,5
CN,2605,ZUH,SIERA,R473,CN-2605-ZSCN-VHHH-01,ZSCN-VHHH-01,4
CN,2605,ZUH,SIERA,R473,CN-2605-ZSJN-VHHH-01,ZSJN-VHHH-01,6
CN,2605,ZUH,SIERA,R473,CN-2605-ZSOF-VHHH-01,ZSOF-VHHH-01,7
CN,2605,ZUH,SIERA,R473,CN-2605-ZSPD-VHHH-03,ZSPD-VHHH-03,8
CN,2605,ZUH,SIERA,R473,CN-2605-ZSSS-VHHH-02,ZSSS-VHHH-02,8
CN,2605,ZUH,SIERA,R473,CN-2605-ZSTX-VHHH-01,ZSTX-VHHH-01,5
CN,2605,ZUH,SIERA,R473,CN-2605-ZYCC-VHHH-01,ZYCC-VHHH-01,7
CN,2605,ZUH,SIERA,R473,CN-2605-ZYHB-VHHH-01,ZYHB-VHHH-01,7
CN,2605,ZUH,SIERA,R473,CN-2605-ZYTL-VHHH-01,ZYTL-VHHH-01,7
CN,2605,ZUH,SIERA,R473,CN-2605-ZYTX-VHHH-01,ZYTX-VHHH-01,8
CN,2605,ZWX,YHD,W219,CN-2605-KAMUD-ZBAD-02,KAMUD-ZBAD-02,7
CN,2605,ZWX,YHD,W219,CN-2605-KATBO-ZLIC-01,KATBO-ZLIC-01,7
CN,2605,ZWX,YHD,W219,CN-2605-LINSO-ZLIC-01,LINSO-ZLIC-01,6
CN,2605,ZWX,YHD,W219,CN-2605-SAGAG-ZLIC-01,SAGAG-ZLIC-01,6
